# vtk DataFile Version 2.0
, Created by Gmsh 4.11.1 
ASCII
DATASET UNSTRUCTURED_GRID
POINTS 3064 double
25 10 0
25 10 5
-25 10 0
-25 10 5
25 -10 0
25 -10 5
-25 -10 0
-25 -10 5
-20.84176930084501 -5.99613680225544 4.6
-20.84176930084501 -5.99613680225544 3.4
-20.84176930084501 -4.79613680225544 4.6
-20.84176930084501 -4.79613680225544 3.4
-19.64176930084501 -5.99613680225544 3.4
-19.64176930084501 -5.99613680225544 4.6
-19.64176930084501 -4.79613680225544 4.6
-19.64176930084501 -4.79613680225544 3.4
-10.72071394305642 -5.995658874454834 4.6
-10.72071394305642 -5.995658874454834 3.4
-10.72071394305642 -4.795658874454834 4.6
-10.72071394305642 -4.795658874454834 3.4
-9.520713943056421 -5.995658874454834 3.4
-9.520713943056421 -5.995658874454834 4.6
-9.520713943056421 -4.795658874454834 4.6
-9.520713943056421 -4.795658874454834 3.4
-20.8420240716554 -0.6008669053889562 4.6
-20.8420240716554 -0.6008669053889562 3.4
-20.8420240716554 0.5991330946110438 4.6
-20.8420240716554 0.5991330946110438 3.4
-19.6420240716554 -0.6008669053889562 3.4
-19.6420240716554 -0.6008669053889562 4.6
-19.6420240716554 0.5991330946110438 4.6
-19.6420240716554 0.5991330946110438 3.4
-10.72096871386681 -0.60038897758835 4.6
-10.72096871386681 -0.60038897758835 3.4
-10.72096871386681 0.59961102241165 4.6
-10.72096871386681 0.59961102241165 3.4
-9.520968713866809 -0.60038897758835 3.4
-9.520968713866809 -0.60038897758835 4.6
-9.520968713866809 0.59961102241165 4.6
-9.520968713866809 0.59961102241165 3.4
-0.5996585852678346 -5.995180946654227 4.6
-0.5996585852678346 -5.995180946654227 3.4
-0.5996585852678346 -4.795180946654228 4.6
-0.5996585852678346 -4.795180946654228 3.4
0.6003414147321654 -5.995180946654227 3.4
0.6003414147321654 -5.995180946654227 4.6
0.6003414147321654 -4.795180946654228 4.6
0.6003414147321654 -4.795180946654228 3.4
9.521396772520752 -5.994703018853621 4.6
9.521396772520752 -5.994703018853621 3.4
9.521396772520752 -4.794703018853622 4.6
9.521396772520752 -4.794703018853622 3.4
10.72139677252075 -5.994703018853621 3.4
10.72139677252075 -5.994703018853621 4.6
10.72139677252075 -4.794703018853622 4.6
10.72139677252075 -4.794703018853622 3.4
19.64245213030934 -5.994225091053015 4.6
19.64245213030934 -5.994225091053015 3.4
19.64245213030934 -4.794225091053016 4.6
19.64245213030934 -4.794225091053016 3.4
20.84245213030934 -5.994225091053015 3.4
20.84245213030934 -5.994225091053015 4.6
20.84245213030934 -4.794225091053016 4.6
20.84245213030934 -4.794225091053016 3.4
-20.84227884246579 4.794402991477528 4.6
-20.84227884246579 4.794402991477528 3.4
-20.84227884246579 5.994402991477528 4.6
-20.84227884246579 5.994402991477528 3.4
-19.64227884246579 4.794402991477528 3.4
-19.64227884246579 4.794402991477528 4.6
-19.64227884246579 5.994402991477528 4.6
-19.64227884246579 5.994402991477528 3.4
-10.7212234846772 4.794880919278135 4.6
-10.7212234846772 4.794880919278135 3.4
-10.7212234846772 5.994880919278134 4.6
-10.7212234846772 5.994880919278134 3.4
-9.521223484677197 4.794880919278135 3.4
-9.521223484677197 4.794880919278135 4.6
-9.521223484677197 5.994880919278134 4.6
-9.521223484677197 5.994880919278134 3.4
-0.6001681268886107 4.795358847078741 4.6
-0.6001681268886107 4.795358847078741 3.4
-0.6001681268886107 5.99535884707874 4.6
-0.6001681268886107 5.99535884707874 3.4
0.5998318731113893 4.795358847078741 3.4
0.5998318731113893 4.795358847078741 4.6
0.5998318731113893 5.99535884707874 4.6
0.5998318731113893 5.99535884707874 3.4
-0.5999133560782226 -0.5999110497877438 4.6
-0.5999133560782226 -0.5999110497877438 3.4
-0.5999133560782226 0.6000889502122562 4.6
-0.5999133560782226 0.6000889502122562 3.4
0.6000866439217774 -0.5999110497877438 3.4
0.6000866439217774 -0.5999110497877438 4.6
0.6000866439217774 0.6000889502122562 4.6
0.6000866439217774 0.6000889502122562 3.4
9.521142001710365 -0.5994331219871376 4.6
9.521142001710365 -0.5994331219871376 3.4
9.521142001710365 0.6005668780128623 4.6
9.521142001710365 0.6005668780128623 3.4
10.72114200171036 -0.5994331219871376 3.4
10.72114200171036 -0.5994331219871376 4.6
10.72114200171036 0.6005668780128623 4.6
10.72114200171036 0.6005668780128623 3.4
19.64219735949895 -0.5989551941865314 4.6
19.64219735949895 -0.5989551941865314 3.4
19.64219735949895 0.6010448058134685 4.6
19.64219735949895 0.6010448058134685 3.4
20.84219735949895 -0.5989551941865314 3.4
20.84219735949895 -0.5989551941865314 4.6
20.84219735949895 0.6010448058134685 4.6
20.84219735949895 0.6010448058134685 3.4
9.520887230899977 4.795836774879347 4.6
9.520887230899977 4.795836774879347 3.4
9.520887230899977 5.995836774879346 4.6
9.520887230899977 5.995836774879346 3.4
10.72088723089998 4.795836774879347 3.4
10.72088723089998 4.795836774879347 4.6
10.72088723089998 5.995836774879346 4.6
10.72088723089998 5.995836774879346 3.4
19.64194258868856 4.796314702679953 4.6
19.64194258868856 4.796314702679953 3.4
19.64194258868856 5.996314702679952 4.6
19.64194258868856 5.996314702679952 3.4
20.84194258868856 4.796314702679953 3.4
20.84194258868856 4.796314702679953 4.6
20.84194258868856 5.996314702679952 4.6
20.84194258868856 5.996314702679952 3.4
25 10 1.250000000000004
25 10 2.500000000000008
25 10 3.750000000000004
-25 10 1.250000000000004
-25 10 2.500000000000008
-25 10 3.750000000000004
23.71794871794872 10 0
22.43589743589743 10 0
21.15384615384615 10 0
19.87179487179487 10 0
18.58974358974359 10 0
17.30769230769231 10 0
16.02564102564102 10 0
14.74358974358974 10 0
13.46153846153846 10 0
12.17948717948718 10 0
10.8974358974359 10 0
9.615384615384626 10 0
8.333333333333346 10 0
7.051282051282069 10 0
5.769230769230788 10 0
4.48717948717951 10 0
3.205128205128229 10 0
1.923076923076948 10 0
0.6410256410256707 10 0
-0.6410256410256103 10 0
-1.923076923076884 10 0
-3.205128205128165 10 0
-4.487179487179443 10 0
-5.769230769230724 10 0
-7.051282051282001 10 0
-8.333333333333279 10 0
-9.615384615384563 10 0
-10.89743589743583 10 0
-12.17948717948711 10 0
-13.4615384615384 10 0
-14.74358974358967 10 0
-16.02564102564095 10 0
-17.30769230769224 10 0
-18.58974358974353 10 0
-19.87179487179482 10 0
-21.15384615384612 10 0
-22.43589743589741 10 0
-23.71794871794871 10 0
23.71794871794872 10 5
22.43589743589743 10 5
21.15384615384615 10 5
19.87179487179487 10 5
18.58974358974359 10 5
17.30769230769231 10 5
16.02564102564102 10 5
14.74358974358974 10 5
13.46153846153846 10 5
12.17948717948718 10 5
10.8974358974359 10 5
9.615384615384626 10 5
8.333333333333346 10 5
7.051282051282069 10 5
5.769230769230788 10 5
4.48717948717951 10 5
3.205128205128229 10 5
1.923076923076948 10 5
0.6410256410256707 10 5
-0.6410256410256103 10 5
-1.923076923076884 10 5
-3.205128205128165 10 5
-4.487179487179443 10 5
-5.769230769230724 10 5
-7.051282051282001 10 5
-8.333333333333279 10 5
-9.615384615384563 10 5
-10.89743589743583 10 5
-12.17948717948711 10 5
-13.4615384615384 10 5
-14.74358974358967 10 5
-16.02564102564095 10 5
-17.30769230769224 10 5
-18.58974358974353 10 5
-19.87179487179482 10 5
-21.15384615384612 10 5
-22.43589743589741 10 5
-23.71794871794871 10 5
25 -10 1.250000000000004
25 -10 2.500000000000008
25 -10 3.750000000000004
25 -8.749999999999996 0
25 -7.499999999999995 0
25 -6.24999999999999 0
25 -4.999999999999986 0
25 -3.74999999999998 0
25 -2.499999999999976 0
25 -1.249999999999972 0
25 3.375077994860476e-14 0
25 1.250000000000032 0
25 2.500000000000028 0
25 3.750000000000023 0
25 5.000000000000018 0
25 6.250000000000014 0
25 7.500000000000011 0
25 8.750000000000004 0
25 -8.749999999999996 5
25 -7.499999999999995 5
25 -6.24999999999999 5
25 -4.999999999999986 5
25 -3.74999999999998 5
25 -2.499999999999976 5
25 -1.249999999999972 5
25 3.375077994860476e-14 5
25 1.250000000000032 5
25 2.500000000000028 5
25 3.750000000000023 5
25 5.000000000000018 5
25 6.250000000000014 5
25 7.500000000000011 5
25 8.750000000000004 5
-25 -10 1.250000000000004
-25 -10 2.500000000000008
-25 -10 3.750000000000004
-25 8.749999999999996 0
-25 7.499999999999995 0
-25 6.24999999999999 0
-25 4.999999999999986 0
-25 3.74999999999998 0
-25 2.499999999999976 0
-25 1.249999999999972 0
-25 -3.375077994860476e-14 0
-25 -1.250000000000032 0
-25 -2.500000000000028 0
-25 -3.750000000000023 0
-25 -5.000000000000018 0
-25 -6.250000000000014 0
-25 -7.500000000000011 0
-25 -8.750000000000004 0
-25 8.749999999999996 5
-25 7.499999999999995 5
-25 6.24999999999999 5
-25 4.999999999999986 5
-25 3.74999999999998 5
-25 2.499999999999976 5
-25 1.249999999999972 5
-25 -3.375077994860476e-14 5
-25 -1.250000000000032 5
-25 -2.500000000000028 5
-25 -3.750000000000023 5
-25 -5.000000000000018 5
-25 -6.250000000000014 5
-25 -7.500000000000011 5
-25 -8.750000000000004 5
-23.71794871794872 -10 0
-22.43589743589743 -10 0
-21.15384615384615 -10 0
-19.87179487179487 -10 0
-18.58974358974359 -10 0
-17.30769230769231 -10 0
-16.02564102564102 -10 0
-14.74358974358974 -10 0
-13.46153846153846 -10 0
-12.17948717948718 -10 0
-10.8974358974359 -10 0
-9.615384615384626 -10 0
-8.333333333333346 -10 0
-7.051282051282069 -10 0
-5.769230769230788 -10 0
-4.48717948717951 -10 0
-3.205128205128229 -10 0
-1.923076923076948 -10 0
-0.6410256410256707 -10 0
0.6410256410256103 -10 0
1.923076923076884 -10 0
3.205128205128165 -10 0
4.487179487179443 -10 0
5.769230769230724 -10 0
7.051282051282001 -10 0
8.333333333333279 -10 0
9.615384615384563 -10 0
10.89743589743583 -10 0
12.17948717948711 -10 0
13.4615384615384 -10 0
14.74358974358967 -10 0
16.02564102564095 -10 0
17.30769230769224 -10 0
18.58974358974353 -10 0
19.87179487179482 -10 0
21.15384615384612 -10 0
22.43589743589741 -10 0
23.71794871794871 -10 0
-23.71794871794872 -10 5
-22.43589743589743 -10 5
-21.15384615384615 -10 5
-19.87179487179487 -10 5
-18.58974358974359 -10 5
-17.30769230769231 -10 5
-16.02564102564102 -10 5
-14.74358974358974 -10 5
-13.46153846153846 -10 5
-12.17948717948718 -10 5
-10.8974358974359 -10 5
-9.615384615384626 -10 5
-8.333333333333346 -10 5
-7.051282051282069 -10 5
-5.769230769230788 -10 5
-4.48717948717951 -10 5
-3.205128205128229 -10 5
-1.923076923076948 -10 5
-0.6410256410256707 -10 5
0.6410256410256103 -10 5
1.923076923076884 -10 5
3.205128205128165 -10 5
4.487179487179443 -10 5
5.769230769230724 -10 5
7.051282051282001 -10 5
8.333333333333279 -10 5
9.615384615384563 -10 5
10.89743589743583 -10 5
12.17948717948711 -10 5
13.4615384615384 -10 5
14.74358974358967 -10 5
16.02564102564095 -10 5
17.30769230769224 -10 5
18.58974358974353 -10 5
19.87179487179482 -10 5
21.15384615384612 -10 5
22.43589743589741 -10 5
23.71794871794871 -10 5
-10.25641025641022 10 1.110288979210809
-1.279736750587485 10 0.8572793525990208
11.54077606992532 10 0.8542451692980011
-13.00372396923262 10 4.043729891223153
6.413059905922214 10 1.114493789291798
-5.342199746304264 10 0.9187398240983422
1.282051282051309 10 3.889711020789185
-7.527862192329316 10 1.221820118962408
-15.54906088459362 10 1.221820118962404
9.00280722914647 10 1.182894774370538
3.835020106170628 10 3.788039095803279
14.10324918694825 10 3.926189957589354
20.34034036604795 10 3.777926820476091
18.10938206507726 10 3.77163033248654
-17.77623780194529 10 1.222073179523898
-20.51523002372095 10 1.03950559640851
-8.992728197620735 10 3.816763679392722
-2.564102564102548 10 3.955077607223005
10.25641025641027 10 3.954086342362811
7.703441432290951 10 3.788039095803279
2.545733340840769 10 1.18323632060731
16.66666666666666 10 1.110288979210818
21.82188658863468 10 1.183197351547115
-6.413059905922143 10 3.8855062107082
19.22796573510345 10 1.114493789291802
-19.26923560637707 10 3.812701088014133
-16.72817204122627 10 3.922634954244161
-21.79106363975627 10 3.926831782852583
-23.07662825657104 10 1.020863484718035
23.07662825657106 10 4.051156531888811
-12.81275218872634 10 1.108478797350696
14.1025641025641 10 1.112897537834886
-23.70557993860481 10 3.080592356904248
23.94273060888717 10 1.85288677518023
-17.98007646349678 10 3.807204693151487
-17.30406781156131 10 2.617775035945056
-15.94761894427052 10 2.782608419719949
-16.64873042180745 10 1.70792437475781
-14.64296701924393 10 2.336383465918742
-18.70399595865098 10 2.370180908431421
-20.11192199425066 10 2.880131094006574
-14.85428677274385 10 3.610994604588257
-14.10414716141864 10 1.14347586729732
-5.125868881816942 10 3.884805409028032
-5.76962804853429 10 2.83609848651342
-4.30209907197165 10 2.744287187162245
-7.04342656514855 10 2.635084224010037
-6.201667572243174 10 1.728817762965889
-8.433956057678998 10 2.336383465918797
-8.963721845086823 10 1.082225736957466
-10.26107056282468 10 3.87585487748508
-19.22146618627507 10 1.072626931475547
-21.79763375419697 10 1.084824133466193
-22.69357007889224 10 2.076131520183595
-1.279247786385483 10 3.89640064178049
-2.101770373801486 10 2.745801552801415
-0.481349357552574 10 2.733044087025171
5.125868881816999 10 1.115194590971966
5.7692863941448 10 2.235111268361674
7.069753828532551 10 2.284258581409778
4.468742847143908 10 2.284301147109505
5.114716044342615 10 3.359013958831855
3.10450548078251 10 2.663616534081221
6.423745494118997 10 3.359013958831849
8.433956057679069 10 2.663616534081222
1.277390975636806 10 1.124145122514959
-0.1590211594585647 10 1.288058481549026
0.852434555096675 10 2.287129145077944
11.54126503412733 10 3.896235430970466
10.72875199019409 10 2.741508422052631
12.34059339774349 10 2.732407181088189
20.52620035051135 10 1.173153877892169
19.85940980940215 10 2.34256308438365
18.5886713769466 10 2.346933015947916
19.22571456964864 10 3.308741626731293
17.12686622908661 10 2.395381641302866
21.26667832487496 10 2.62746126190435
22.74389783613773 10 2.175860503364626
16.64383075855597 10 3.808528951095522
15.78065396768323 10 2.890861002681993
2.564102564102594 10 3.889711020789187
21.78488132885583 10 3.942090451629956
-2.404496132658355 10 1.287901527616462
15.38461538461538 10 1.04370459016906
12.66236169551106 10 1.285927242417872
13.46212948018937 10 2.107816566337652
17.91793431753987 10 1.161182904292233
3.822859707148659 10 1.207724765461667
7.717365400982622 10 1.207543946525556
9.607462029762905 10 2.172871161987847
8.974358974358996 10 3.889711020789198
3.197442310920451e-14 10 3.889711020789204
12.8479452868972 10 3.956999695923035
-4.00898047417947 10 1.321838478225864
-3.205128205128215 10 2.236122004130584
-7.711297685164283 10 3.778956263338292
-11.53716809983039 10 1.044620695800315
-11.98857265788967 10 2.250267398876495
-3.846153846153829 10 3.889711020789253
-11.72135806811767 10 3.695986604302577
-10.68479983871036 10 2.707430283547642
14.71093186954888 10 2.192166281598157
-20.55720734377277 10 3.966056968519274
10.42037886108997 10 1.288191190326066
1.923376416902396 10 2.168368337039231
-9.61499567952891 10 2.831235119857741
15.3427242245048 10 3.968323803354772
-21.22297533593138 10 2.177761075038534
-13.38145526010388 10 2.165978771229412
23.82170134113542 10 3.099197140916058
-23.98798047267932 10 1.875000000000006
-23.02624296800187 10 4.046844695000269
23.12400573854293 10 1.020226005053369
-13.80112957273438 10 3.21844400470665
-13.97285370396779 10 4.174633700103612
24.08167324375182 10 0.9094114002282438
-24.0875883017227 10 4.151230607349712
-24.08717368213166 10 0.9037699249668232
24.08717368213172 10 4.096230075033193
-21.22169262915269 10 3.226767270178005
14.67981954204473 10 3.232941330222896
-9.685781352662502 10 1.88142325425662
1.851954134052388 10 3.11651768617523
11.54184720086069 10 1.861988116332808
-5.122548550715045 10 1.954488478301799
-1.281047289074763 10 1.863388944391136
9.6076311696175 10 3.131799996078913
5.769230769230809 10 4.125672640295041
15.9922247712238 10 1.85775981908918
19.22953958852915 10 4.256187269420765
-16.66401657568152 10 0.764232066071967
-6.398664593937703 10 0.7239640779349497
-12.79140002187345 10 3.035822686238004
-3.205128205128226 10 3.187165605890225
-10.89743589743583 10 1.812834394109834
13.6252810798886 10 3.071156960344735
0.6410256410256494 10 3.187165605890221
-22.27685409838987 10 3.089154783359539
22.43589743589744 10 3.195998095510484
-19.90216040676968 10 1.841917070882554
-15.73015996876922 10 4.094540374754827
25 6.882168445596143 0.8295603346293738
25 4.381553825841804 4.154318389707146
25 1.881553825841813 0.845681610292856
25 -0.8341573310742554 4.07652830885548
25 -6.883313571609284 1.016043794899863
25 -3.124999999999978 3.917468245269448
25 -4.377538309888404 1.016430750656266
25 -1.882804475980766 1.094220031052817
25 -5.624999999999988 3.945914793596765
25 6.875000000000021 3.917468245269457
25 4.382804475980812 1.09422003105281
25 1.882804475980823 3.905779968947189
25 -8.11924989011723 3.987567397487553
25 -8.752197252908447 1.911528648008832
25 8.987567397487545 1.880750109882772
25 -0.618496270015978 1.096168077106527
25 -1.251040788740388 2.139449651170175
25 0.04682685588479174 2.191891897205484
25 -2.490426461626333 2.068469365614472
25 -1.905270682145945 3.293492574353587
25 -4.047705041452121 2.984913738772402
25 -6.874041648352865 3.983718612455276
25 -7.515335726907091 2.825813261523535
25 8.999250589523896 3.12020824176436
25 7.753237173570302 2.682075736725691
25 0.4290347328572022 3.70035583619352
25 1.250000000000032 2.791635220349686
25 2.546826855884794 2.80810810279453
25 -4.424617506908673 3.999442842624012
25 -5.624999999999988 1.08253175473055
25 -6.259057202806385 2.183201106704508
25 3.316993469559488 3.716175242727997
25 -3.125128207915907 0.9925332813482264
25 0.8168076487028095 1.284103049565393
25 2.959850612416634 1.288531295113387
25 3.750000000000014 2.208364779650312
25 5.046826855884776 2.191891897205481
25 5.45873568727651 3.71313845864694
25 6.250000000000018 2.791635220349688
25 5.817520286491778 1.281682260435842
25 -4.843216759024478 2.031919528289165
25 -8.08778219557994 0.9401393633363392
25 7.982159451991549 1.195079085963602
25 -8.955226759905351 3.151888624687598
25 8.124999999999989 3.999198421397224
25 9.091300919306175 0.908699080693834
25 9.091300919306175 4.091300919306168
25 -9.110368755300106 0.8455808818189743
25 -9.091300919306182 4.091300919306183
25 -5.241599418365273 3.053764378880752
25 -7.499537189962229 1.775345234894615
25 6.929538544801595 1.844138473961611
25 1.891007788569215 1.803611855623171
25 4.390821967712519 3.196777753587575
25 -0.7029214426437171 3.080343653555649
25 -1.874999999999975 4.279175603412678
25 -6.303006799286321 3.198482430632168
25 -3.679168472534462 1.946371694289525
25 -3.035548217019777 2.915867962445358
-25 -6.923605870058282 3.890518802433734
-25 -3.125000000000023 1.082531754730544
-25 -0.6171955240192393 3.905779968947187
-25 6.923605870058275 3.898549361248502
-25 4.374999999999984 3.917468245269448
-25 1.867195524019182 1.094220031052816
-25 -5.625000000000012 1.082531754730544
-25 -4.375000000000021 3.986275964706881
-25 5.696940977435734 0.9194803739661248
-25 -0.8341573310743176 0.9234716911445245
-25 2.084157331074262 4.076528308855476
-25 -8.936115326176839 1.919905842476489
-25 8.936115326176843 1.919905842476494
-25 -8.990675244305443 3.126734197196646
-25 -7.675670615151155 2.704198096299954
-25 -7.929052613783057 1.171062628076838
-25 -6.681645864614467 1.837211717262051
-25 8.99067524430545 3.126734197196651
-25 7.675670615151148 2.712228655114736
-25 7.929052613783048 1.172209850764675
-25 6.368583154288814 1.867526890829117
-25 3.131503729983976 1.096168077106526
-25 2.500607206741467 2.139449651170172
-25 1.203173144115221 2.191891897205489
-25 3.740137406960386 2.068794039956756
-25 3.155243809538379 3.29350464798147
-25 5.268784100051828 2.847457106245639
-25 4.386430352396675 0.9767536719658683
-25 5.677898328351676 3.939684035597988
-25 -1.881503729984027 3.903831922893478
-25 -1.25060720674152 2.860550348829833
-25 -2.490137406960431 2.931205960043247
-25 -1.905243809538437 1.706495352018536
-25 -3.954836037985991 2.164182020422947
-25 0.04682685588472424 2.808108102794523
-25 -3.124440189490757 4.007539051146299
-25 0.8298846682637091 3.702709105114211
-25 0.4201153317362341 1.297290894885793
-25 -5.629133152215854 3.930838167202097
-25 -4.372510963501249 1.068224397102063
-25 -4.911610890545045 2.893978087488347
-25 8.132863591941769 3.991980187869639
-25 -8.132863591941764 3.99128338108646
-25 -6.250000000000011 2.926446147935729
-25 6.31781041509201 3.014659964591105
-25 -6.875000000000025 0.8210592310382617
-25 6.829050783200256 0.810412070715286
-25 -5.668122578515213 2.095795190412565
-25 -9.084936490538897 0.9150635094611115
-25 9.084936490538901 0.9150635094610996
-25 -9.091300919306182 4.091300919306168
-25 9.091300919306176 4.091300919306178
-25 -0.7046132319466647 1.919183277934642
-25 1.954613231946608 3.080816722065364
-25 -1.875000000000028 0.720824396587331
-25 3.124999999999976 4.279175603412671
-25 -3.697025928092234 3.108868899615912
-25 4.999999999999987 1.776079540765803
-25 -3.024501078452793 2.057137878091556
-25 4.284423375507592 2.915403753526043
-25 -4.831853663573362 1.894956839813849
10.41574551044991 -8.93557208213187 0
-10.21783088366133 8.902837841082468 0
0.111503641042579 -8.953958608029685 0
5.238584619803141 8.941496571625009 0
-5.065690759255748 8.91606247814472 0
14.25481995237985 8.962576342962892 0
-14.0569186572515 -8.937527727041219 0
-7.616019409517755 -8.942727852105389 0
-23.80785032983946 0.7597138682875982 0
23.91746824526945 -0.6249999999999689 0
0.08644776040744279 8.9289527378666 0
5.263623539682653 -8.944984173594044 0
-15.36997549133967 8.889279412648602 0
15.38461538461531 -8.889711020789186 0
9.102686139940277 8.950669527737869 0
-3.75258487894998 -8.960392478942769 0
23.86240376992757 3.06448552619661 0
-23.77846629326193 -3.292050007553752 0
17.93315113047206 8.872307172489919 0
-17.92098717650416 -8.93015007893173 0
-19.23357272643495 8.885506210708195 0
19.23076923076918 -8.889711020789179 0
23.83436713823524 -4.394876853362997 0
-24.1412404181399 4.343960192302052 0
2.662516401208537 8.935268733489917 0
-12.79390155584347 8.89610366080932 0
12.99180725079173 -8.930706781142305 0
-10.1928500953717 -8.922095581067728 0
-2.489621295420051 8.922550144895073 0
-7.6417606242388 8.909491225678881 0
2.687563326826007 -8.949527094790415 0
7.839684270519098 -8.940331850095051 0
20.50125668246403 8.874035788488495 0
11.67875327050054 8.956669896482595 0
-20.50156727375245 -8.910835308802131 0
23.97888101909243 5.550726607392464 0
-23.8318069596638 -5.67612026983523 0
-23.88381857426977 6.955080992022822 0
23.82282913269428 -6.801732122849527 0
-21.79487179487177 8.889711020789173 0
21.79487179487177 -8.889711020789173 0
-23.0742863858451 -8.967516664555159 0
23.13604179686071 9.022674569503042 0
-17.94638170232973 8.884805409028031 0
-18.58830301078174 7.764376046317027 0
-17.29375731367874 7.764130018670485 0
-17.93537668194927 6.640259406531002 0
-16.63581355083602 6.643059894594715 0
-17.27998114575212 5.517473603895777 0
-15.97999949863192 5.523700588783244 0
-16.62447689212406 4.395583384802105 0
-15.32450920165962 4.40169585467745 0
-15.96907439675791 3.272865618303125 0
-14.66908992188127 3.279112208695755 0
-15.3136665734756 2.150189556816212 0
-14.01368169868308 2.156439069005756 0
-14.65826059322254 1.027498201256111 0
-13.35827563218179 1.033748466790636 0
-14.0028549597474 -0.0951959964679553 0
-12.70286998334344 -0.0889455197995573 0
-12.0582905574936 1.039999726756544 0
-11.4028849923948 -0.08269492041646423 0
-10.75830556409223 1.046250346163894 0
-10.10290001257674 -0.0764444073412697 0
-9.458320586129346 1.052500844854531 0
-8.802915037186924 -0.07019392876757646 0
-8.158335611477575 1.05875131767549 0
-7.502930063087033 -0.0639434602582732 0
-6.858350637592672 1.065001784507395 0
-6.202945089329934 -0.05769299442537774 0
-5.558365663892709 1.071252249895003 0
-4.902960115660795 -0.05144252927843256 0
-4.258380690238231 1.077502714927624 0
-3.602975142013896 -0.04519206430497642 0
-2.95839571659504 1.083753179872165 0
-2.302990168372586 -0.03894159937511461 0
-1.658410742954661 1.090003644794762 0
-1.003005194732676 -0.03269113445617584 0
-0.358425769314985 1.09625410971188 0
0.2969797789068834 -0.02644066953997056 0
0.9415592043245158 1.102504574627629 0
1.596964752546355 -0.02019020462444832 0
2.241544177963973 1.108755039543038 0
2.896949726185805 -0.01393973970909594 0
3.541529151603419 1.115005504458362 0
4.19693469982525 -0.007689274793785597 0
4.841514125242862 1.121255969373666 0
5.496919673464694 -0.00143880987848477 0
6.141499098882305 1.127506434288966 0
6.796904647104139 0.004811655036814674 0
7.441484072521749 1.133756899204285 0
8.096889620743582 0.01106211995211544 0
8.741469046161193 1.140007364119605 0
9.396874594383025 0.01731258486741716 0
10.04145401980063 1.146257829034887 0
10.69685956802247 0.02356304978271354 0
11.34143899344008 1.152508293950164 0
11.99684454166178 0.02981351472399096 0
12.64142396707949 1.158758758869791 0
13.2968295153012 0.03606397964434245 0
13.94140894071893 1.165009223786655 0
14.59681448894077 0.04231444453476207 0
-15.3028399533295 -0.1014464118024895 0
15.24139391435839 1.171259688698067 0
15.89679946258023 0.04856490944526504 0
-12.04746441500938 -1.211640142575099 0
-5.547539541076729 -1.180387773432759 0
-1.647584620150262 -1.161636378623421 0
13.95223506335121 -1.086630799654871 0
8.752295169012323 -1.111632659442683 0
3.552355274407638 -1.136634518961231 0
16.54137888799784 1.177510153611913 0
-17.26905691346281 3.266634881527116 0
17.19678443621967 0.05481537435952079 0
15.88597333977602 2.300204932863937 0
17.18595831341546 2.306455397778961 0
6.786078524299919 2.256451678456485 0
-8.8137411596508 2.181446097307034 0
-3.613801264816659 2.20644795912603 0
1.586138629742147 2.231449818795272 0
10.68603344521825 2.275203073202363 0
16.53055276519364 3.429150177031054 0
17.83053773883308 3.435400641946285 0
-13.36910229665994 3.285384157113968 0
-14.64743436576746 -1.224141072527202 0
-15.94741933983608 -1.230391530501556 0
-15.29201378364513 -2.353086278909104 0
-16.59199875756066 -2.359336744221528 0
-17.24740430576328 -1.236641968235612 0
-17.89198372996093 -2.365587204634443 0
-15.93659320752172 -3.482031516011612 0
-18.54738927792649 -1.242892424612468 0
-14.63660823413363 -3.475781052341699 0
-9.447494462481588 -1.199139171998376 0
15.2305677915542 3.422899712115758 0
11.3522651161585 -1.099131729516439 0
0.9523853270871232 -1.149135448998696 0
-1.013831317536798 2.21894888896422 0
-6.213771212111267 2.193947029172804 0
16.55220501080207 -1.074129869807967 0
17.85218998444152 -1.067879404892943 0
17.20761055902392 -2.19682464906035 0
18.50759553266337 -2.190574184145082 0
17.86301610724577 -3.319519428312536 0
16.56303113360632 -3.325769893227847 0
4.186108577021035 2.243950748625848 0
6.152325221686528 -1.124133589130636 0
18.4859432870549 2.312705862694115 0
-18.5798764455587 5.511902883109678 0
19.13052271247253 3.441651106861536 0
19.15217495808096 -1.061628939977645 0
17.21843668178809 -4.448464672503393 0
18.51842165546094 -4.442214207568583 0
15.91845170810281 -4.454715137636239 0
-19.191968703148 -2.371837667337902 0
-18.53656315493485 -3.49453244638349 0
19.78592826069434 2.318956327609364 0
15.87514721697183 4.551844956283129 0
14.57516224333239 4.54559449136785 0
19.80758050630281 -2.184323719229782 0
-19.8365481284923 -3.500782910842921 0
-19.18114258029961 -4.623477690018442 0
-15.28118765939149 -4.604726295490734 0
-13.98120268575871 -4.598475830673591 0
-19.84737425119608 -1.249142887436679 0
18.4751171642507 4.564345886113694 0
19.77510213789015 4.570596351028973 0
-19.20279482575642 -0.1201976434554282 0
-14.67993304482898 5.530618137762163 0
17.87384223000215 -5.571159451760086 0
19.17382720368037 -5.564908986822137 0
20.4521599317204 -1.055378475062345 0
-20.48004197830443 -4.630347972016846 0
21.10756547994225 -2.178073254314477 0
-20.48844998844449 -0.1180826664416074 0
-19.85581208319561 1.003891369917985 0
19.11969658966833 5.693291130281129 0
20.41968156330777 5.699541595196418 0
15.21974166875001 5.674539735535275 0
13.91975669511057 5.668289270619998 0
13.27517726969294 4.539344026452556 0
12.61977172147112 5.662038805704714 0
-21.11207590972194 -1.2562336063914 0
-19.82554107647416 -5.752526236912527 0
-18.52570687722474 -5.746189686323871 0
-14.62578211118509 -5.727421074611022 0
-13.32579713754708 -5.721170609762058 0
-12.68121771207978 -4.592225365632997 0
-12.02581216390111 -5.714920144875266 0
-11.38123273843252 -4.585974900732243 0
-10.72582719025909 -5.708669680005478 0
-10.08124776479066 -4.579724435861565 0
-9.425842216618634 -5.702419215143536 0
-8.781262791140678 -4.573473970972152 0
-8.12585724297708 -5.696168750279778 0
-7.481277817505846 -4.567223506120181 0
-6.825872269337872 -5.689918285421957 0
-6.181292843847128 -4.560973041222791 0
-5.525887295695072 -5.683667820557558 0
-4.881307870191909 -4.554722576364042 0
-4.225902322052256 -5.677417355698499 0
-3.581322896572376 -4.548472111566099 0
-2.925917348415386 -5.671166890850468 0
-2.281337922948315 -4.542221646713156 0
-1.62593237477875 -5.664916425995107 0
-0.9813529493117195 -4.535971181856572 0
-0.3259474011400655 -5.658665961137917 0
0.3186320243273063 -4.529720716999078 0
0.974037572499366 -5.65241549628027 0
1.618616997966862 -4.523470252141356 0
2.27402254613901 -5.64616503142251 0
2.91860197160654 -4.517219787283577 0
3.574007519778708 -5.639914566564721 0
4.218586945246249 -4.510969322425784 0
4.873992493418422 -5.633664101706929 0
5.518571918885328 -4.504718857435247 0
6.173977467058034 -5.627413636827009 0
6.818556892524924 -4.498468392551638 0
7.473962440697713 -5.621163171961222 0
8.118541866172912 -4.492217927825326 0
8.773947414338023 -5.614912707130066 0
9.418526839805123 -4.485967462994602 0
10.07393238797737 -5.608662242275166 0
10.71851181336559 -4.479716997920846 0
11.37391736160382 -5.60241177738186 0
12.01849678686388 -4.473466532723145 0
12.67390233524868 -5.596161312262282 0
21.07508711152959 4.576846815944253 0
-21.14106918634051 1.006238725473915 0
-20.51035519119957 2.127089623653583 0
-21.81019641366655 2.12092307771095 0
-21.16790393472462 3.248533250675843 0
-21.12441031961393 -5.759413736120789 0
-2.270511800246732 -6.793861670134181 0
-6.169813970999334 -6.812232002916712 0
-18.55781739801387 1.008980037883276 0
-11.41371111186982 2.168945129783549 0
10.06310626525196 -3.357022218546065 0
7.463136318018284 -3.369523148454739 0
4.863166370742285 -3.382024077858289 0
2.263196423435798 -3.394525007854807 0
-2.93674347107896 -3.419526867280337 0
-0.3367735238289236 -3.40702593764001 0
-6.836698391998969 -3.438278261893491 0
-10.73665331294389 -3.457029656554409 0
-15.9257670848254 -5.733671539470871 0
11.9751922960535 4.533093561537275 0
11.31978674783168 5.655788340789435 0
10.67520732241405 4.526843096621997 0
10.01980177419224 5.649537875874159 0
9.375222348774614 4.520592631706719 0
8.719816800552799 5.643287410958881 0
8.07523737513517 4.51434216679144 0
7.419831826913356 5.637036946043603 0
6.775252401495726 4.508091701876161 0
6.119846853273913 5.630786481128325 0
6.764426278691542 6.759731725295766 0
5.475267427856283 4.501841236960885 0
4.81986187963447 5.624536016213049 0
4.17528245421684 4.495590772045578 0
3.519876905995027 5.618285551297767 0
2.875297480577398 4.489340307130295 0
2.219891932355583 5.612035086382487 0
1.575312506937955 4.483089842215048 0
0.9199069587161401 5.605784621467217 0
0.2753275332985128 4.476839377299776 0
-0.3800780149233033 5.59953415655194 0
-1.02465744034093 4.470588912384499 0
-1.680062988562746 5.59328369163666 0
-2.324642413980373 4.46433844746922 0
-2.980047962202188 5.587033226721382 0
-3.624627387619815 4.458087982553942 0
-4.280032935841631 5.580782761806102 0
-4.924612361259258 4.451837517638662 0
-5.580017909481073 5.574532296890823 0
-6.2245973348987 4.445587052723383 0
-6.880002883120516 5.568281831975542 0
-7.524582308538142 4.439336587808101 0
-8.17998785675996 5.562031367060259 0
-8.824567282177584 4.433086122892816 0
-9.479972830399404 5.555780902144975 0
-10.12455225581703 4.426835657977532 0
-10.77995780403885 5.549530437229691 0
15.26304615995257 -3.332020358183319 0
17.81971161602889 5.687040665365842 0
20.46298605452466 -3.307018498481926 0
-21.12978331744403 -3.504555472444198 0
-19.86830009902084 3.254561245305767 0
-20.52412504854276 4.37701116186733 0
-12.67049546453354 -6.822261211084489 0
-19.88262255784494 7.758066358402234 0
-8.835341736767342 6.673980081292751 0
-6.235360283000068 6.684087867220965 0
-3.635379230380153 6.694279084628249 0
-1.03539858576844 6.70455516044828 0
-19.17031645756424 -6.87511771328612 0
1.564581643816874 6.714917554341215 0
-15.27047908313943 -6.831918749372609 0
-16.57045468693666 -6.840117973832312 0
4.164561451195694 6.725367759637335 0
-8.77043666844631 -6.82511399442385 0
21.7629710281641 -3.30076803356663 0
21.11839160274649 -4.429713277734077 0
1.629324352874628 -6.750408696598999 0
4.229296154515838 -6.738293440993257 0
6.829268474136829 -6.726285915919147 0
9.429241302852354 -6.714384273391016 0
12.02921463197513 -6.702586707345434 0
13.32918155931471 -6.692582934268047 0
10.66450907385365 6.751887563121689 0
18.52915008913958 -6.673536639667347 0
19.82911878126494 -6.663899909527896 0
17.22924652293228 -6.696718430879464 0
13.26448734451716 6.762657377731199 0
21.68712138522403 5.724373949097235 0
-11.42453722945745 4.420585193266452 0
-12.07994277767845 5.54327997234844 0
-11.43532358497412 6.663954331730016 0
-12.73531449712989 6.658881356798439 0
13.97386625493788 -5.585531987649159 0
14.6291638899296 -6.685782783161906 0
8.730642923356983 3.391647387539278 0
12.63059784427532 3.410398782285104 0
19.14134883527672 1.190011083441929 0
20.44133380891617 1.196261548357202 0
21.08591323433379 2.325206792524627 0
21.7413187825556 1.202512013272469 0
21.72567048973479 -1.064583215967229 0
19.76443100543071 6.790001153231249 0
-21.78199186444988 4.346630762605162 0
-21.17271422719872 5.495565586136587 0
22.23250793995543 4.685864724304658 0
-15.9538890896572 -7.894109687713323 0
-22.41447957339065 5.465927213799111 0
-21.78509133895141 6.594216576879444 0
17.88466835285428 -7.822799475151744 0
22.61892690986944 2.383653535230454 0
22.95948111658136 1.233196556504674 0
13.98471343160108 -7.841550871122449 0
16.39642445637604 -7.804702600275412 0
22.43771084108757 -4.419740230395366 0
21.77701952841861 -5.551787626582329 0
23.07296728895293 -5.578039944904764 0
22.4349276142678 -6.698707315489369 0
22.92733458566535 -7.88241187449966 0
-22.41735356838703 0.9387284365930302 0
-23.0945356904148 2.01016693542523 0
-22.92164494151349 -0.2691152139921313 0
23.06295600180355 -3.294517568651345 0
-12.11402260867665 7.774388310716098 0
-20.5243422714592 6.622327218452041 0
-19.23172759045879 6.633785631980599 0
-19.22427485220656 4.383163487446866 0
-15.33541205327882 6.649535412064196 0
-14.03531961265356 6.652143841853122 0
-14.70408510751693 7.768147357818611 0
-13.37992657335344 5.536385907160349 0
-16.61365168290452 2.143938328607187 0
-17.92445126437347 4.389191025692995 0
-17.91356980806697 2.137730285574991 0
-15.95824560188842 1.021248577349378 0
-14.02451387357985 4.407921832259444 0
15.27384727898373 -5.578460098231415 0
14.6184647363332 -4.460550014106093 0
13.96306085293763 -3.338201558508211 0
13.31847786298863 -4.466405448966048 0
12.66307550704229 -3.344374641030172 0
13.30765546481856 -2.215540058611329 0
-12.7136963252947 2.162692749928411 0
-19.87617673923745 5.503959328165516 0
-13.34744938883259 -1.21789060567154 0
-12.69204383520995 -2.340585345918252 0
-11.39205886213132 -2.334334885302788 0
-13.99202880941649 -2.346835813094237 0
-10.74747943866493 -1.20538965665344 0
-10.09207388820995 -2.328084418253398 0
-8.792088914017299 -2.321833949086265 0
-9.436668339460926 -3.450779192912439 0
-10.76913168210541 3.297890407405096 0
-8.169161734002001 3.310391343279629 0
-5.569191786679675 3.322892273449343 0
-2.969221839398171 3.335393203300349 0
-0.3692518921191232 3.347894133132185 0
2.230718055159772 3.360395062962788 0
4.830688002438657 3.372895992793354 0
-17.87038755608146 -6.856933894242899 0
-10.11372613414945 2.1751956257901 0
-17.22577440744776 -5.734186179838133 0
21.73049265975143 3.454152036692054 0
22.37666363535246 -2.189853862856068 0
23.7530868708828 -2.059549257164802 0
-16.58117635782947 -4.61002078944817 0
14.60764052726784 -2.209308037276163 0
14.56449501776135 6.764186730622987 0
15.86434757703983 6.797977015675304 0
15.08115436824309 7.876976380413135 0
16.52160765034321 7.958404615767828 0
11.33061287063587 3.404148317369817 0
13.28600339249712 2.287704003033787 0
-20.47030143120397 -6.881368178143865 0
-21.77028640484369 -6.887618643001605 0
-22.43963602763647 -5.738461366168864 0
-23.07027137848341 -6.893869107859343 0
-23.06361538195656 -4.560146667770745 0
14.58598836613657 2.293954467949765 0
-17.90274353123316 -0.1139084200582363 0
-13.9705083616129 -6.822704099533021 0
20.43050768611197 3.4479015717768 0
-10.07042164208604 -6.831364459281646 0
17.17513219061127 4.55809542119842 0
-4.870494033166322 -6.781117167782068 0
-5.600950308605165 -7.895309113491445 0
9.364536640522568 6.743028938228836 0
9.901262545339101 7.82893948988302 0
-17.2365788024061 -3.48812265428459 0
-7.535337622641686 6.676249667217752 0
-6.93394731574713 7.786266064738927 0
-4.247554567432471 -1.17413730847991 0
-4.89213399286001 -2.303082552712227 0
-3.592149019237015 -2.296832087855326 0
-6.192118966492854 -2.309333017570387 0
-5.536713418294543 -3.43202779687095 0
4.852340248047082 -1.130384054045935 0
5.507745796227233 -2.253078833377271 0
6.807730769895813 -2.246828368607908 0
4.207760822581388 -2.259329298419341 0
2.90777584890829 -2.265579763471149 0
-17.88115703002375 -4.616088241049448 0
6.163151344372988 -3.375773612928966 0
8.1077157436845 -2.240577904233809 0
-9.469146707872708 3.304140876618226 0
10.05228014260486 -1.105382194384745 0
10.70768569082669 -2.228076973636895 0
16.57385037533696 -5.575978825475554 0
6.1306729760781 3.379146457708665 0
7.430657949717541 3.385396922623986 0
8.086063497939364 2.262702143371794 0
-10.13532337208448 6.667035305011045 0
-9.523984043378864 7.780198052832145 0
-2.947569593795662 -1.167886843571434 0
-2.292164045612501 -2.290581622963486 0
-0.9921790719451373 -2.284331157958566 0
0.3293182573135874 -6.752266179328423 0
0.8867486243993916 -7.832608932549606 0
2.864600014034008 6.714222128069605 0
3.426189259295109 7.811566832360773 0
0.2646164273809675 6.704557944255347 0
0.8361567013065339 7.805083880710159 0
7.45231019535448 -1.117883124404351 0
-0.970670236645968 -6.757784480497919 0
-1.719711492951694 -7.882637573282599 0
-3.015535028917929 -7.874271714249758 0
3.563181397083134 -3.388274542959534 0
1.607790875270564 -2.271830228455864 0
-1.669236865758595 3.341643668216637 0
15.25222002305443 -1.080377411122446 0
5.464563944798977 6.727974385247967 0
6.016083905531296 7.846614878428856 0
7.276198471655938 7.859680776289708 0
-1.636758497454259 -3.413276402402021 0
5.529242552400785 -6.72401990862115 0
6.066768238138547 -7.814830251538874 0
0.9307330815203283 3.354144598047501 0
-2.313816291176422 2.212698424047484 0
-7.513756185779316 2.187696564034229 0
0.963211449794634 -3.400775472860242 0
-4.93535240023618 6.685573643758358 0
-4.343911604139581 7.792435241844562 0
-6.847524514742339 -1.186638238592614 0
-4.913786238457832 2.200197494197182 0
0.2861536561026933 2.225199353879856 0
2.886123603381593 2.237700283710548 0
-4.269206813038016 3.329142738381951 0
-0.3475996465341206 -1.1553859138751 0
2.252370300734296 -1.142884984036747 0
-11.37054387226523 -6.809068017381432 0
-12.07188811553672 -7.873066599377507 0
-20.49195367661303 -2.378088131303703 0
5.486093550660478 2.25020121354115 0
3.530703028799216 3.366645527878068 0
8.042419218192311 6.731511081121711 0
-2.335367713837289 6.695009100093344 0
-1.753876925881286 7.798707271983165 0
2.92927004630902 -6.735988651105363 0
3.476756095230016 -7.82330692139355 0
21.0590176188404 6.793976062774577 0
22.36424596236481 6.834737304279175 0
21.55033013246329 7.889663546346969 0
10.72918962024456 -6.700509964798231 0
11.24679644082773 -7.798262688581969 0
-7.469810973272715 -6.79329048875408 0
-3.587360532694627 -6.76263344120876 0
9.386048471578805 2.268952608287081 0
8.129215747651489 -6.712194498858659 0
8.65678169416012 -7.806482893171435 0
11.98601841885768 2.281453538118504 0
13.93058281791476 3.416649247200803 0
10.03062789699643 3.397897852454542 0
-6.869176760325777 3.316641808482122 0
15.90762556895119 -2.203071703113016 0
19.1630010808841 -3.313268963397878 0
16.51973105620148 5.679872206445993 0
11.96453805947178 6.748984323193488 0
12.49129452059489 7.835121035127622 0
-22.44056029144764 3.17850916465458 0
17.84136386163728 1.183760618526822 0
-12.72452323426819 4.414199502044777 0
21.13059732443131 -6.661969730771791 0
17.16657689632509 6.782248778902156 0
18.46484316853462 6.775287523684299 0
19.12195711859721 7.95526621139075 0
20.4740847724258 -5.556003768662862 0
20.48463830013312 -7.810298545321131 0
19.81845206162039 -4.435521283777909 0
-21.76298459099038 -2.395256130378892 0
18.49676940985912 0.06106583927457528 0
19.79675438349856 0.06731630418979771 0
21.09232695453382 0.07099090146837957 0
22.62327503235964 0.04378678216079052 0
-12.03663828683992 -3.463280123413775 0
-8.147509488605881 -1.192888705229687 0
-7.492103940253404 -2.315583483186548 0
-8.136683365729519 -3.444528727361845 0
-13.3366232604785 -3.469530587892294 0
8.763121291702035 -3.363272683425487 0
-4.236728444702237 -3.425777332172095 0
0.3078059016374485 -2.278080693405419 0
9.407700717180393 -2.234327438944947 0
12.6522500608739 -1.092875267099959 0
11.3630911212171 -3.350747312173761 0
15.89776741742228 -6.674443016544705 0
12.00767049348951 -2.221790997011426 0
-12.06911697994258 3.291616189923709 0
-16.60281387228063 -0.1076902570917504 0
-19.21248265277224 2.132106745952004 0
-17.25814031573126 1.015049758710807 0
-18.56868926498381 3.260564611916623 0
-6.897101185815413 -7.87849060183265 0
-21.19063333801792 7.744848746827371 0
-22.66107327970107 7.669273261761677 0
-20.51282051282045 8.889711020789191 0
-21.78623238211906 -8.924628567473071 0
-19.20254270740733 -8.926787452808 0
-23.11415756387166 8.963369059597341 0
-16.65568301223658 8.882650730542737 0
-8.881513718469884 -8.910934595117959 0
-21.7735175703526 -4.614500485988708 0
-15.99670084374503 7.76372115825258 0
-23.81327873452218 3.125348179127444 0
-23.87272203875093 5.60068400944018 0
23.70683810457421 6.845903327412747 0
23.98654177866665 4.316915636457227 0
-24.00141136036299 -1.888991041255722 0
-14.07727991872592 8.884651627074268 0
-13.40444491269191 7.767241255937575 0
-22.404677185619 -3.488796307801817 0
-11.49887057470466 8.887479160785357 0
-12.7706480363507 -8.947043956783663 0
-10.82089251124668 7.77931550035952 0
-8.920466245045727 8.890287019992558 0
-8.231806264636591 7.786078685292169 0
-6.342062750637123 8.893192805890138 0
-16.63471373887855 -8.955018851207925 0
-5.642720852169305 7.792936350266278 0
-3.763659959311043 8.896171264492263 0
-23.96635431361958 8.146899212906551 0
23.97051018570021 8.150691623573676 0
-23.90544710138331 -8.058564743731388 0
-3.0536361214949 7.799858684656108 0
-1.185257883077301 8.899223613763576 0
-21.72663549373802 -0.1274610439701649 0
-0.4645520842720139 7.806846768171187 0
1.393143465779194 8.902351099018022 0
-17.23608618345677 -7.886494165731703 0
23.91236467482865 1.842722602988638 0
21.75447392387387 -7.588619697374225 0
20.507184070283 -9.117944117379897 0
2.124531247573375 7.813901704664947 0
19.19166895083222 -7.57204911809146 0
3.971544074690508 8.905554993690183 0
17.93590802954516 -9.144025329537159 0
16.77797018532426 -8.961847284516807 0
-22.28835492191858 -1.285827039118846 0
-24.02321327336839 -0.6250000000000329 0
-13.34685073103552 -7.864121980134336 0
15.25853691598886 -7.579238058378732 0
4.713587875885787 7.826429236831687 0
14.11325285442724 -9.132393734610789 0
12.52002914216197 -7.830492021987729 0
6.479559868384092 8.96556951335938 0
-22.45367799208113 -7.934087805599349 0
11.70855023685905 -8.915838928973979 0
-21.13293916694289 -7.900416249751659 0
9.908685590482264 -7.829394576167275 0
23.96639764319539 0.6245498249706112 0
9.128269169054871 -8.918630233594271 0
-19.82405963210607 -7.878121517894391 0
7.825460859235566 8.920370084550072 0
-18.53739661885334 -7.892267470482474 0
7.321995805810406 -7.837423338412306 0
6.552097445777237 -8.922928268940044 0
-15.36777386461718 -8.992645903267372 0
4.000727964926515 -8.909537814298226 0
4.761069090815726 -7.825828751739849 0
-14.66106996455229 -7.89050469117698 0
-11.50421500997781 -8.975927342383212 0
1.422342369738847 -8.914281702739597 0
2.172000802562985 -7.834353666529587 0
8.585427312480959 7.839033316301869 0
-1.175375804843771 -8.93794949298282 0
-6.343798142109389 -8.957908183110993 0
-2.465235388978092 -8.942541876576323 0
-10.73584543767387 -7.831980444351704 0
-5.028257708240661 -8.931929270680465 0
-0.4230311686143123 -7.852867544445175 0
-9.427556404623735 -7.816590215916659 0
-8.138101894202894 -7.820417454804318 0
-4.309197081762447 -7.867608864392544 0
10.41754172318177 8.914022322798843 0
11.18631653215695 7.839270771767875 0
23.12807310482283 -9.020363568378604 0
12.99594019042963 8.917389422627828 0
13.775365232321 7.853151214914277 0
15.54891323447726 8.976254081943189 0
-22.9174891780474 -2.256932221981822 0
16.66740106972517 9.161393174040187 0
22.87923285471983 -1.179039910765455 0
17.84162719285444 7.668702860446991 0
19.20358067861435 9.140321834473832 0
22.94080701365642 3.814316207382595 0
20.39939851155913 7.660588552446407 0
21.84349425052875 9.026395398293287 0
24.04468070154208 -8.150848205713592 0
22.82438060024761 5.823533858940156 0
-24.12398750161528 -4.37500000000002 0
-24.1615050879061 -6.875710824285197 0
24.14603271197649 -5.604929784223453 0
22.77061538795439 7.926148454818414 0
-24.14534914149234 1.874999999999974 0
24.13008200218432 -3.19978873583582 0
-22.90819436219431 6.486344475023758 0
-22.92491856245658 4.252003418510293 0
-24.08717368213173 9.096230075033214 0
24.08717368213173 9.096230075033203 0
-24.08717368213173 -9.096230075033203 0
24.17814050486272 -9.184242354818439 0
-23.24145644392484 -1.24388730398748 0
23.20307853731685 4.908093959639494 0
10.41574551044991 -8.93557208213187 5
-10.21783088366133 8.902837841082468 5
0.111503641042579 -8.953958608029685 5
5.238584619803141 8.941496571625009 5
-5.065690759255748 8.91606247814472 5
14.25481995237985 8.962576342962892 5
-14.0569186572515 -8.937527727041219 5
-7.616019409517755 -8.942727852105389 5
-23.80785032983946 0.7597138682875982 5
23.91746824526945 -0.6249999999999689 5
0.08644776040744279 8.9289527378666 5
5.263623539682653 -8.944984173594044 5
-15.36997549133967 8.889279412648602 5
15.38461538461531 -8.889711020789186 5
9.102686139940277 8.950669527737869 5
-3.75258487894998 -8.960392478942769 5
23.86240376992757 3.06448552619661 5
-23.77846629326193 -3.292050007553752 5
17.93315113047206 8.872307172489919 5
-17.92098717650416 -8.93015007893173 5
-19.23357272643495 8.885506210708195 5
19.23076923076918 -8.889711020789179 5
23.83436713823524 -4.394876853362997 5
-24.1412404181399 4.343960192302052 5
2.662516401208537 8.935268733489917 5
-12.79390155584347 8.89610366080932 5
12.99180725079173 -8.930706781142305 5
-10.1928500953717 -8.922095581067728 5
-2.489621295420051 8.922550144895073 5
-7.6417606242388 8.909491225678881 5
2.687563326826007 -8.949527094790415 5
7.839684270519098 -8.940331850095051 5
20.50125668246403 8.874035788488495 5
11.67875327050054 8.956669896482595 5
-20.50156727375245 -8.910835308802131 5
23.97888101909243 5.550726607392464 5
-23.8318069596638 -5.67612026983523 5
-23.88381857426977 6.955080992022822 5
23.82282913269428 -6.801732122849527 5
-21.79487179487177 8.889711020789173 5
21.79487179487177 -8.889711020789173 5
-23.0742863858451 -8.967516664555159 5
23.13604179686071 9.022674569503042 5
-17.94638170232973 8.884805409028031 5
-18.58830301078174 7.764376046317027 5
-17.29375731367874 7.764130018670485 5
-17.93537668194927 6.640259406531002 5
-16.63581355083602 6.643059894594715 5
-17.27998114575212 5.517473603895777 5
-15.97999949863192 5.523700588783244 5
-16.62447689212406 4.395583384802105 5
-15.32450920165962 4.40169585467745 5
-15.96907439675791 3.272865618303125 5
-14.66908992188127 3.279112208695755 5
-15.3136665734756 2.150189556816212 5
-14.01368169868308 2.156439069005756 5
-14.65826059322254 1.027498201256111 5
-13.35827563218179 1.033748466790636 5
-14.0028549597474 -0.0951959964679553 5
-12.70286998334344 -0.0889455197995573 5
-12.0582905574936 1.039999726756544 5
-11.4028849923948 -0.08269492041646423 5
-10.75830556409223 1.046250346163894 5
-10.10290001257674 -0.0764444073412697 5
-9.458320586129346 1.052500844854531 5
-8.802915037186924 -0.07019392876757646 5
-8.158335611477575 1.05875131767549 5
-7.502930063087033 -0.0639434602582732 5
-6.858350637592672 1.065001784507395 5
-6.202945089329934 -0.05769299442537774 5
-5.558365663892709 1.071252249895003 5
-4.902960115660795 -0.05144252927843256 5
-4.258380690238231 1.077502714927624 5
-3.602975142013896 -0.04519206430497642 5
-2.95839571659504 1.083753179872165 5
-2.302990168372586 -0.03894159937511461 5
-1.658410742954661 1.090003644794762 5
-1.003005194732676 -0.03269113445617584 5
-0.358425769314985 1.09625410971188 5
0.2969797789068834 -0.02644066953997056 5
0.9415592043245158 1.102504574627629 5
1.596964752546355 -0.02019020462444832 5
2.241544177963973 1.108755039543038 5
2.896949726185805 -0.01393973970909594 5
3.541529151603419 1.115005504458362 5
4.19693469982525 -0.007689274793785597 5
4.841514125242862 1.121255969373666 5
5.496919673464694 -0.00143880987848477 5
6.141499098882305 1.127506434288966 5
6.796904647104139 0.004811655036814674 5
7.441484072521749 1.133756899204285 5
8.096889620743582 0.01106211995211544 5
8.741469046161193 1.140007364119605 5
9.396874594383025 0.01731258486741716 5
10.04145401980063 1.146257829034887 5
10.69685956802247 0.02356304978271354 5
11.34143899344008 1.152508293950164 5
11.99684454166178 0.02981351472399096 5
12.64142396707949 1.158758758869791 5
13.2968295153012 0.03606397964434245 5
13.94140894071893 1.165009223786655 5
14.59681448894077 0.04231444453476207 5
-15.3028399533295 -0.1014464118024895 5
15.24139391435839 1.171259688698067 5
15.89679946258023 0.04856490944526504 5
-12.04746441500938 -1.211640142575099 5
-5.547539541076729 -1.180387773432759 5
-1.647584620150262 -1.161636378623421 5
13.95223506335121 -1.086630799654871 5
8.752295169012323 -1.111632659442683 5
3.552355274407638 -1.136634518961231 5
16.54137888799784 1.177510153611913 5
-17.26905691346281 3.266634881527116 5
17.19678443621967 0.05481537435952079 5
15.88597333977602 2.300204932863937 5
17.18595831341546 2.306455397778961 5
6.786078524299919 2.256451678456485 5
-8.8137411596508 2.181446097307034 5
-3.613801264816659 2.20644795912603 5
1.586138629742147 2.231449818795272 5
10.68603344521825 2.275203073202363 5
16.53055276519364 3.429150177031054 5
17.83053773883308 3.435400641946285 5
-13.36910229665994 3.285384157113968 5
-14.64743436576746 -1.224141072527202 5
-15.94741933983608 -1.230391530501556 5
-15.29201378364513 -2.353086278909104 5
-16.59199875756066 -2.359336744221528 5
-17.24740430576328 -1.236641968235612 5
-17.89198372996093 -2.365587204634443 5
-15.93659320752172 -3.482031516011612 5
-18.54738927792649 -1.242892424612468 5
-14.63660823413363 -3.475781052341699 5
-9.447494462481588 -1.199139171998376 5
15.2305677915542 3.422899712115758 5
11.3522651161585 -1.099131729516439 5
0.9523853270871232 -1.149135448998696 5
-1.013831317536798 2.21894888896422 5
-6.213771212111267 2.193947029172804 5
16.55220501080207 -1.074129869807967 5
17.85218998444152 -1.067879404892943 5
17.20761055902392 -2.19682464906035 5
18.50759553266337 -2.190574184145082 5
17.86301610724577 -3.319519428312536 5
16.56303113360632 -3.325769893227847 5
4.186108577021035 2.243950748625848 5
6.152325221686528 -1.124133589130636 5
18.4859432870549 2.312705862694115 5
-18.5798764455587 5.511902883109678 5
19.13052271247253 3.441651106861536 5
19.15217495808096 -1.061628939977645 5
17.21843668178809 -4.448464672503393 5
18.51842165546094 -4.442214207568583 5
15.91845170810281 -4.454715137636239 5
-19.191968703148 -2.371837667337902 5
-18.53656315493485 -3.49453244638349 5
19.78592826069434 2.318956327609364 5
15.87514721697183 4.551844956283129 5
14.57516224333239 4.54559449136785 5
19.80758050630281 -2.184323719229782 5
-19.8365481284923 -3.500782910842921 5
-19.18114258029961 -4.623477690018442 5
-15.28118765939149 -4.604726295490734 5
-13.98120268575871 -4.598475830673591 5
-19.84737425119608 -1.249142887436679 5
18.4751171642507 4.564345886113694 5
19.77510213789015 4.570596351028973 5
-19.20279482575642 -0.1201976434554282 5
-14.67993304482898 5.530618137762163 5
17.87384223000215 -5.571159451760086 5
19.17382720368037 -5.564908986822137 5
20.4521599317204 -1.055378475062345 5
-20.48004197830443 -4.630347972016846 5
21.10756547994225 -2.178073254314477 5
-20.48844998844449 -0.1180826664416074 5
-19.85581208319561 1.003891369917985 5
19.11969658966833 5.693291130281129 5
20.41968156330777 5.699541595196418 5
15.21974166875001 5.674539735535275 5
13.91975669511057 5.668289270619998 5
13.27517726969294 4.539344026452556 5
12.61977172147112 5.662038805704714 5
-21.11207590972194 -1.2562336063914 5
-19.82554107647416 -5.752526236912527 5
-18.52570687722474 -5.746189686323871 5
-14.62578211118509 -5.727421074611022 5
-13.32579713754708 -5.721170609762058 5
-12.68121771207978 -4.592225365632997 5
-12.02581216390111 -5.714920144875266 5
-11.38123273843252 -4.585974900732243 5
-10.72582719025909 -5.708669680005478 5
-10.08124776479066 -4.579724435861565 5
-9.425842216618634 -5.702419215143536 5
-8.781262791140678 -4.573473970972152 5
-8.12585724297708 -5.696168750279778 5
-7.481277817505846 -4.567223506120181 5
-6.825872269337872 -5.689918285421957 5
-6.181292843847128 -4.560973041222791 5
-5.525887295695072 -5.683667820557558 5
-4.881307870191909 -4.554722576364042 5
-4.225902322052256 -5.677417355698499 5
-3.581322896572376 -4.548472111566099 5
-2.925917348415386 -5.671166890850468 5
-2.281337922948315 -4.542221646713156 5
-1.62593237477875 -5.664916425995107 5
-0.9813529493117195 -4.535971181856572 5
-0.3259474011400655 -5.658665961137917 5
0.3186320243273063 -4.529720716999078 5
0.974037572499366 -5.65241549628027 5
1.618616997966862 -4.523470252141356 5
2.27402254613901 -5.64616503142251 5
2.91860197160654 -4.517219787283577 5
3.574007519778708 -5.639914566564721 5
4.218586945246249 -4.510969322425784 5
4.873992493418422 -5.633664101706929 5
5.518571918885328 -4.504718857435247 5
6.173977467058034 -5.627413636827009 5
6.818556892524924 -4.498468392551638 5
7.473962440697713 -5.621163171961222 5
8.118541866172912 -4.492217927825326 5
8.773947414338023 -5.614912707130066 5
9.418526839805123 -4.485967462994602 5
10.07393238797737 -5.608662242275166 5
10.71851181336559 -4.479716997920846 5
11.37391736160382 -5.60241177738186 5
12.01849678686388 -4.473466532723145 5
12.67390233524868 -5.596161312262282 5
21.07508711152959 4.576846815944253 5
-21.14106918634051 1.006238725473915 5
-20.51035519119957 2.127089623653583 5
-21.81019641366655 2.12092307771095 5
-21.16790393472462 3.248533250675843 5
-21.12441031961393 -5.759413736120789 5
-2.270511800246732 -6.793861670134181 5
-6.169813970999334 -6.812232002916712 5
-18.55781739801387 1.008980037883276 5
-11.41371111186982 2.168945129783549 5
10.06310626525196 -3.357022218546065 5
7.463136318018284 -3.369523148454739 5
4.863166370742285 -3.382024077858289 5
2.263196423435798 -3.394525007854807 5
-2.93674347107896 -3.419526867280337 5
-0.3367735238289236 -3.40702593764001 5
-6.836698391998969 -3.438278261893491 5
-10.73665331294389 -3.457029656554409 5
-15.9257670848254 -5.733671539470871 5
11.9751922960535 4.533093561537275 5
11.31978674783168 5.655788340789435 5
10.67520732241405 4.526843096621997 5
10.01980177419224 5.649537875874159 5
9.375222348774614 4.520592631706719 5
8.719816800552799 5.643287410958881 5
8.07523737513517 4.51434216679144 5
7.419831826913356 5.637036946043603 5
6.775252401495726 4.508091701876161 5
6.119846853273913 5.630786481128325 5
6.764426278691542 6.759731725295766 5
5.475267427856283 4.501841236960885 5
4.81986187963447 5.624536016213049 5
4.17528245421684 4.495590772045578 5
3.519876905995027 5.618285551297767 5
2.875297480577398 4.489340307130295 5
2.219891932355583 5.612035086382487 5
1.575312506937955 4.483089842215048 5
0.9199069587161401 5.605784621467217 5
0.2753275332985128 4.476839377299776 5
-0.3800780149233033 5.59953415655194 5
-1.02465744034093 4.470588912384499 5
-1.680062988562746 5.59328369163666 5
-2.324642413980373 4.46433844746922 5
-2.980047962202188 5.587033226721382 5
-3.624627387619815 4.458087982553942 5
-4.280032935841631 5.580782761806102 5
-4.924612361259258 4.451837517638662 5
-5.580017909481073 5.574532296890823 5
-6.2245973348987 4.445587052723383 5
-6.880002883120516 5.568281831975542 5
-7.524582308538142 4.439336587808101 5
-8.17998785675996 5.562031367060259 5
-8.824567282177584 4.433086122892816 5
-9.479972830399404 5.555780902144975 5
-10.12455225581703 4.426835657977532 5
-10.77995780403885 5.549530437229691 5
15.26304615995257 -3.332020358183319 5
17.81971161602889 5.687040665365842 5
20.46298605452466 -3.307018498481926 5
-21.12978331744403 -3.504555472444198 5
-19.86830009902084 3.254561245305767 5
-20.52412504854276 4.37701116186733 5
-12.67049546453354 -6.822261211084489 5
-19.88262255784494 7.758066358402234 5
-8.835341736767342 6.673980081292751 5
-6.235360283000068 6.684087867220965 5
-3.635379230380153 6.694279084628249 5
-1.03539858576844 6.70455516044828 5
-19.17031645756424 -6.87511771328612 5
1.564581643816874 6.714917554341215 5
-15.27047908313943 -6.831918749372609 5
-16.57045468693666 -6.840117973832312 5
4.164561451195694 6.725367759637335 5
-8.77043666844631 -6.82511399442385 5
21.7629710281641 -3.30076803356663 5
21.11839160274649 -4.429713277734077 5
1.629324352874628 -6.750408696598999 5
4.229296154515838 -6.738293440993257 5
6.829268474136829 -6.726285915919147 5
9.429241302852354 -6.714384273391016 5
12.02921463197513 -6.702586707345434 5
13.32918155931471 -6.692582934268047 5
10.66450907385365 6.751887563121689 5
18.52915008913958 -6.673536639667347 5
19.82911878126494 -6.663899909527896 5
17.22924652293228 -6.696718430879464 5
13.26448734451716 6.762657377731199 5
21.68712138522403 5.724373949097235 5
-11.42453722945745 4.420585193266452 5
-12.07994277767845 5.54327997234844 5
-11.43532358497412 6.663954331730016 5
-12.73531449712989 6.658881356798439 5
13.97386625493788 -5.585531987649159 5
14.6291638899296 -6.685782783161906 5
8.730642923356983 3.391647387539278 5
12.63059784427532 3.410398782285104 5
19.14134883527672 1.190011083441929 5
20.44133380891617 1.196261548357202 5
21.08591323433379 2.325206792524627 5
21.7413187825556 1.202512013272469 5
21.72567048973479 -1.064583215967229 5
19.76443100543071 6.790001153231249 5
-21.78199186444988 4.346630762605162 5
-21.17271422719872 5.495565586136587 5
22.23250793995543 4.685864724304658 5
-15.9538890896572 -7.894109687713323 5
-22.41447957339065 5.465927213799111 5
-21.78509133895141 6.594216576879444 5
17.88466835285428 -7.822799475151744 5
22.61892690986944 2.383653535230454 5
22.95948111658136 1.233196556504674 5
13.98471343160108 -7.841550871122449 5
16.39642445637604 -7.804702600275412 5
22.43771084108757 -4.419740230395366 5
21.77701952841861 -5.551787626582329 5
23.07296728895293 -5.578039944904764 5
22.4349276142678 -6.698707315489369 5
22.92733458566535 -7.88241187449966 5
-22.41735356838703 0.9387284365930302 5
-23.0945356904148 2.01016693542523 5
-22.92164494151349 -0.2691152139921313 5
23.06295600180355 -3.294517568651345 5
-12.11402260867665 7.774388310716098 5
-20.5243422714592 6.622327218452041 5
-19.23172759045879 6.633785631980599 5
-19.22427485220656 4.383163487446866 5
-15.33541205327882 6.649535412064196 5
-14.03531961265356 6.652143841853122 5
-14.70408510751693 7.768147357818611 5
-13.37992657335344 5.536385907160349 5
-16.61365168290452 2.143938328607187 5
-17.92445126437347 4.389191025692995 5
-17.91356980806697 2.137730285574991 5
-15.95824560188842 1.021248577349378 5
-14.02451387357985 4.407921832259444 5
15.27384727898373 -5.578460098231415 5
14.6184647363332 -4.460550014106093 5
13.96306085293763 -3.338201558508211 5
13.31847786298863 -4.466405448966048 5
12.66307550704229 -3.344374641030172 5
13.30765546481856 -2.215540058611329 5
-12.7136963252947 2.162692749928411 5
-19.87617673923745 5.503959328165516 5
-13.34744938883259 -1.21789060567154 5
-12.69204383520995 -2.340585345918252 5
-11.39205886213132 -2.334334885302788 5
-13.99202880941649 -2.346835813094237 5
-10.74747943866493 -1.20538965665344 5
-10.09207388820995 -2.328084418253398 5
-8.792088914017299 -2.321833949086265 5
-9.436668339460926 -3.450779192912439 5
-10.76913168210541 3.297890407405096 5
-8.169161734002001 3.310391343279629 5
-5.569191786679675 3.322892273449343 5
-2.969221839398171 3.335393203300349 5
-0.3692518921191232 3.347894133132185 5
2.230718055159772 3.360395062962788 5
4.830688002438657 3.372895992793354 5
-17.87038755608146 -6.856933894242899 5
-10.11372613414945 2.1751956257901 5
-17.22577440744776 -5.734186179838133 5
21.73049265975143 3.454152036692054 5
22.37666363535246 -2.189853862856068 5
23.7530868708828 -2.059549257164802 5
-16.58117635782947 -4.61002078944817 5
14.60764052726784 -2.209308037276163 5
14.56449501776135 6.764186730622987 5
15.86434757703983 6.797977015675304 5
15.08115436824309 7.876976380413135 5
16.52160765034321 7.958404615767828 5
11.33061287063587 3.404148317369817 5
13.28600339249712 2.287704003033787 5
-20.47030143120397 -6.881368178143865 5
-21.77028640484369 -6.887618643001605 5
-22.43963602763647 -5.738461366168864 5
-23.07027137848341 -6.893869107859343 5
-23.06361538195656 -4.560146667770745 5
14.58598836613657 2.293954467949765 5
-17.90274353123316 -0.1139084200582363 5
-13.9705083616129 -6.822704099533021 5
20.43050768611197 3.4479015717768 5
-10.07042164208604 -6.831364459281646 5
17.17513219061127 4.55809542119842 5
-4.870494033166322 -6.781117167782068 5
-5.600950308605165 -7.895309113491445 5
9.364536640522568 6.743028938228836 5
9.901262545339101 7.82893948988302 5
-17.2365788024061 -3.48812265428459 5
-7.535337622641686 6.676249667217752 5
-6.93394731574713 7.786266064738927 5
-4.247554567432471 -1.17413730847991 5
-4.89213399286001 -2.303082552712227 5
-3.592149019237015 -2.296832087855326 5
-6.192118966492854 -2.309333017570387 5
-5.536713418294543 -3.43202779687095 5
4.852340248047082 -1.130384054045935 5
5.507745796227233 -2.253078833377271 5
6.807730769895813 -2.246828368607908 5
4.207760822581388 -2.259329298419341 5
2.90777584890829 -2.265579763471149 5
-17.88115703002375 -4.616088241049448 5
6.163151344372988 -3.375773612928966 5
8.1077157436845 -2.240577904233809 5
-9.469146707872708 3.304140876618226 5
10.05228014260486 -1.105382194384745 5
10.70768569082669 -2.228076973636895 5
16.57385037533696 -5.575978825475554 5
6.1306729760781 3.379146457708665 5
7.430657949717541 3.385396922623986 5
8.086063497939364 2.262702143371794 5
-10.13532337208448 6.667035305011045 5
-9.523984043378864 7.780198052832145 5
-2.947569593795662 -1.167886843571434 5
-2.292164045612501 -2.290581622963486 5
-0.9921790719451373 -2.284331157958566 5
0.3293182573135874 -6.752266179328423 5
0.8867486243993916 -7.832608932549606 5
2.864600014034008 6.714222128069605 5
3.426189259295109 7.811566832360773 5
0.2646164273809675 6.704557944255347 5
0.8361567013065339 7.805083880710159 5
7.45231019535448 -1.117883124404351 5
-0.970670236645968 -6.757784480497919 5
-1.719711492951694 -7.882637573282599 5
-3.015535028917929 -7.874271714249758 5
3.563181397083134 -3.388274542959534 5
1.607790875270564 -2.271830228455864 5
-1.669236865758595 3.341643668216637 5
15.25222002305443 -1.080377411122446 5
5.464563944798977 6.727974385247967 5
6.016083905531296 7.846614878428856 5
7.276198471655938 7.859680776289708 5
-1.636758497454259 -3.413276402402021 5
5.529242552400785 -6.72401990862115 5
6.066768238138547 -7.814830251538874 5
0.9307330815203283 3.354144598047501 5
-2.313816291176422 2.212698424047484 5
-7.513756185779316 2.187696564034229 5
0.963211449794634 -3.400775472860242 5
-4.93535240023618 6.685573643758358 5
-4.343911604139581 7.792435241844562 5
-6.847524514742339 -1.186638238592614 5
-4.913786238457832 2.200197494197182 5
0.2861536561026933 2.225199353879856 5
2.886123603381593 2.237700283710548 5
-4.269206813038016 3.329142738381951 5
-0.3475996465341206 -1.1553859138751 5
2.252370300734296 -1.142884984036747 5
-11.37054387226523 -6.809068017381432 5
-12.07188811553672 -7.873066599377507 5
-20.49195367661303 -2.378088131303703 5
5.486093550660478 2.25020121354115 5
3.530703028799216 3.366645527878068 5
8.042419218192311 6.731511081121711 5
-2.335367713837289 6.695009100093344 5
-1.753876925881286 7.798707271983165 5
2.92927004630902 -6.735988651105363 5
3.476756095230016 -7.82330692139355 5
21.0590176188404 6.793976062774577 5
22.36424596236481 6.834737304279175 5
21.55033013246329 7.889663546346969 5
10.72918962024456 -6.700509964798231 5
11.24679644082773 -7.798262688581969 5
-7.469810973272715 -6.79329048875408 5
-3.587360532694627 -6.76263344120876 5
9.386048471578805 2.268952608287081 5
8.129215747651489 -6.712194498858659 5
8.65678169416012 -7.806482893171435 5
11.98601841885768 2.281453538118504 5
13.93058281791476 3.416649247200803 5
10.03062789699643 3.397897852454542 5
-6.869176760325777 3.316641808482122 5
15.90762556895119 -2.203071703113016 5
19.1630010808841 -3.313268963397878 5
16.51973105620148 5.679872206445993 5
11.96453805947178 6.748984323193488 5
12.49129452059489 7.835121035127622 5
-22.44056029144764 3.17850916465458 5
17.84136386163728 1.183760618526822 5
-12.72452323426819 4.414199502044777 5
21.13059732443131 -6.661969730771791 5
17.16657689632509 6.782248778902156 5
18.46484316853462 6.775287523684299 5
19.12195711859721 7.95526621139075 5
20.4740847724258 -5.556003768662862 5
20.48463830013312 -7.810298545321131 5
19.81845206162039 -4.435521283777909 5
-21.76298459099038 -2.395256130378892 5
18.49676940985912 0.06106583927457528 5
19.79675438349856 0.06731630418979771 5
21.09232695453382 0.07099090146837957 5
22.62327503235964 0.04378678216079052 5
-12.03663828683992 -3.463280123413775 5
-8.147509488605881 -1.192888705229687 5
-7.492103940253404 -2.315583483186548 5
-8.136683365729519 -3.444528727361845 5
-13.3366232604785 -3.469530587892294 5
8.763121291702035 -3.363272683425487 5
-4.236728444702237 -3.425777332172095 5
0.3078059016374485 -2.278080693405419 5
9.407700717180393 -2.234327438944947 5
12.6522500608739 -1.092875267099959 5
11.3630911212171 -3.350747312173761 5
15.89776741742228 -6.674443016544705 5
12.00767049348951 -2.221790997011426 5
-12.06911697994258 3.291616189923709 5
-16.60281387228063 -0.1076902570917504 5
-19.21248265277224 2.132106745952004 5
-17.25814031573126 1.015049758710807 5
-18.56868926498381 3.260564611916623 5
-6.897101185815413 -7.87849060183265 5
-21.19063333801792 7.744848746827371 5
-22.66107327970107 7.669273261761677 5
-20.51282051282045 8.889711020789191 5
-21.78623238211906 -8.924628567473071 5
-19.20254270740733 -8.926787452808 5
-23.11415756387166 8.963369059597341 5
-16.65568301223658 8.882650730542737 5
-8.881513718469884 -8.910934595117959 5
-21.7735175703526 -4.614500485988708 5
-15.99670084374503 7.76372115825258 5
-23.81327873452218 3.125348179127444 5
-23.87272203875093 5.60068400944018 5
23.70683810457421 6.845903327412747 5
23.98654177866665 4.316915636457227 5
-24.00141136036299 -1.888991041255722 5
-14.07727991872592 8.884651627074268 5
-13.40444491269191 7.767241255937575 5
-22.404677185619 -3.488796307801817 5
-11.49887057470466 8.887479160785357 5
-12.7706480363507 -8.947043956783663 5
-10.82089251124668 7.77931550035952 5
-8.920466245045727 8.890287019992558 5
-8.231806264636591 7.786078685292169 5
-6.342062750637123 8.893192805890138 5
-16.63471373887855 -8.955018851207925 5
-5.642720852169305 7.792936350266278 5
-3.763659959311043 8.896171264492263 5
-23.96635431361958 8.146899212906551 5
23.97051018570021 8.150691623573676 5
-23.90544710138331 -8.058564743731388 5
-3.0536361214949 7.799858684656108 5
-1.185257883077301 8.899223613763576 5
-21.72663549373802 -0.1274610439701649 5
-0.4645520842720139 7.806846768171187 5
1.393143465779194 8.902351099018022 5
-17.23608618345677 -7.886494165731703 5
23.91236467482865 1.842722602988638 5
21.75447392387387 -7.588619697374225 5
20.507184070283 -9.117944117379897 5
2.124531247573375 7.813901704664947 5
19.19166895083222 -7.57204911809146 5
3.971544074690508 8.905554993690183 5
17.93590802954516 -9.144025329537159 5
16.77797018532426 -8.961847284516807 5
-22.28835492191858 -1.285827039118846 5
-24.02321327336839 -0.6250000000000329 5
-13.34685073103552 -7.864121980134336 5
15.25853691598886 -7.579238058378732 5
4.713587875885787 7.826429236831687 5
14.11325285442724 -9.132393734610789 5
12.52002914216197 -7.830492021987729 5
6.479559868384092 8.96556951335938 5
-22.45367799208113 -7.934087805599349 5
11.70855023685905 -8.915838928973979 5
-21.13293916694289 -7.900416249751659 5
9.908685590482264 -7.829394576167275 5
23.96639764319539 0.6245498249706112 5
9.128269169054871 -8.918630233594271 5
-19.82405963210607 -7.878121517894391 5
7.825460859235566 8.920370084550072 5
-18.53739661885334 -7.892267470482474 5
7.321995805810406 -7.837423338412306 5
6.552097445777237 -8.922928268940044 5
-15.36777386461718 -8.992645903267372 5
4.000727964926515 -8.909537814298226 5
4.761069090815726 -7.825828751739849 5
-14.66106996455229 -7.89050469117698 5
-11.50421500997781 -8.975927342383212 5
1.422342369738847 -8.914281702739597 5
2.172000802562985 -7.834353666529587 5
8.585427312480959 7.839033316301869 5
-1.175375804843771 -8.93794949298282 5
-6.343798142109389 -8.957908183110993 5
-2.465235388978092 -8.942541876576323 5
-10.73584543767387 -7.831980444351704 5
-5.028257708240661 -8.931929270680465 5
-0.4230311686143123 -7.852867544445175 5
-9.427556404623735 -7.816590215916659 5
-8.138101894202894 -7.820417454804318 5
-4.309197081762447 -7.867608864392544 5
10.41754172318177 8.914022322798843 5
11.18631653215695 7.839270771767875 5
23.12807310482283 -9.020363568378604 5
12.99594019042963 8.917389422627828 5
13.775365232321 7.853151214914277 5
15.54891323447726 8.976254081943189 5
-22.9174891780474 -2.256932221981822 5
16.66740106972517 9.161393174040187 5
22.87923285471983 -1.179039910765455 5
17.84162719285444 7.668702860446991 5
19.20358067861435 9.140321834473832 5
22.94080701365642 3.814316207382595 5
20.39939851155913 7.660588552446407 5
21.84349425052875 9.026395398293287 5
24.04468070154208 -8.150848205713592 5
22.82438060024761 5.823533858940156 5
-24.12398750161528 -4.37500000000002 5
-24.1615050879061 -6.875710824285197 5
24.14603271197649 -5.604929784223453 5
22.77061538795439 7.926148454818414 5
-24.14534914149234 1.874999999999974 5
24.13008200218432 -3.19978873583582 5
-22.90819436219431 6.486344475023758 5
-22.92491856245658 4.252003418510293 5
-24.08717368213173 9.096230075033214 5
24.08717368213173 9.096230075033203 5
-24.08717368213173 -9.096230075033203 5
24.17814050486272 -9.184242354818439 5
-23.24145644392484 -1.24388730398748 5
23.20307853731685 4.908093959639494 5
10.25641025641022 -10 1.110288979210809
1.121387165691942 -10 1.228369667513464
-11.53565804279576 -10 1.114493789291797
13.00372396923262 -10 4.043729891223153
-6.574701910234754 -10 1.22182011896241
5.311043913758226 -10 1.141776300207838
-1.109571135278742 -10 1.222073179523916
7.527862192329316 -10 1.221820118962408
15.54906088459362 -10 1.221820118962404
-8.977162470024766 -10 3.885506210708199
-3.846153846153872 -10 1.075992069632585
-14.1051886488639 -10 3.959631959553542
-20.34034036604795 -10 3.777926820476091
-18.10938206507726 -10 3.77163033248654
17.77623780194529 -10 1.222073179523898
20.51523002372095 -10 1.03950559640851
8.992728197620735 -10 3.816763679392722
2.56410256410253 -10 3.889711020789187
0.002803495665759215 -10 3.885506210708205
-5.12310013808569 -10 3.825207878657811
-2.602568939710505 -10 3.812701088014158
-16.66666666666666 -10 1.110288979210818
-21.82188658863468 -10 1.183197351547115
6.413059905922143 -10 3.8855062107082
-19.22796573510345 -10 1.114493789291802
19.26923560637707 -10 3.812701088014133
16.72817204122627 -10 3.922634954244161
21.79106363975627 -10 3.926831782852583
23.07662825657104 -10 1.020863484718035
-23.07662825657106 -10 4.051156531888811
-11.53614700699777 -10 4.142720647400986
12.81275218872634 -10 1.108478797350696
-8.760364356259828 -10 0.9187398240983577
-14.1025641025641 -10 1.042928235505137
23.70557993860481 -10 3.080592356904248
-23.94273060888717 -10 1.85288677518023
17.98007646349678 -10 3.807204693151487
17.30406781156131 -10 2.617775035945056
15.94761894427052 -10 2.782608419719949
16.64873042180745 -10 1.70792437475781
14.64296701924393 -10 2.336383465918742
18.70399595865098 -10 2.370180908431421
20.11192199425066 -10 2.880131094006574
14.85428677274385 -10 3.610994604588257
14.10414716141864 -10 1.14347586729732
5.125868881816942 -10 3.884805409028032
5.611955764887888 -10 2.557517835779671
4.260942494162819 -10 2.924292387103167
7.031706472370118 -10 2.640392147339265
6.423745494118961 -10 1.640986041168134
8.433956057678998 -10 2.336383465918797
8.963721845086823 -10 1.082225736957466
10.26107056282468 -10 3.87585487748508
19.22146618627507 -10 1.072626931475547
21.79763375419697 -10 1.084824133466193
22.69357007889224 -10 2.076131520183595
-7.68997144591955 -10 3.884805409028038
-8.333091803789003 -10 2.836098486513441
-9.632205589379314 -10 2.769737226801399
-7.059241370588332 -10 2.634967423730002
-7.900939794142914 -10 1.728798296252566
-5.668608044885058 -10 2.336383465918769
-1.289573282685907 -10 3.857387969929001
-0.6279432170786237 -10 2.661072849880784
0.642180873055274 -10 2.653499833369289
0.005210737277963062 -10 1.692072129985042
2.101494283759621 -10 2.603010140401221
-2.036091175352933 -10 2.373657179133879
-3.402833106895216 -10 2.749264299738456
2.583713011777167 -10 1.189846642564269
-20.52620035051135 -10 1.173153877892169
-19.85940980940215 -10 2.34256308438365
-18.5886713769466 -10 2.346933015947916
-19.22571456964864 -10 3.308741626731293
-17.12686622908661 -10 2.395381641302866
-21.26667832487496 -10 2.62746126190435
-22.74389783613773 -10 2.175860503364626
-16.64383075855597 -10 3.808528951095522
-15.78064669381287 -10 2.891771025511993
-21.78488132885583 -10 3.942090451629956
-15.38461538461538 -10 1.032621672454482
-2.554191581686496 -10 1.079287388796648
1.312447296780945 -10 3.838621200877983
-5.138842257477254 -10 1.080136603308857
-12.82004557123519 -10 1.034396403839552
-12.35811388031494 -10 2.254251081789271
-10.88061492344121 -10 2.230262773198589
-17.91793431753987 -10 1.161182904292233
-12.66127178855477 -10 3.722094697148536
-13.68150659070838 -10 2.859886740466671
-10.43797705482947 -10 3.708915436219388
-10.04394215091065 -10 1.299864631137656
-6.393572303331915 -10 3.780227362889103
7.709344336367877 -10 3.779840917226497
11.53716809983039 -10 1.044620695800315
11.98857265788967 -10 2.250267398876495
3.80805830625302 -10 3.979483483294271
11.72135806811767 -10 3.695986604302577
10.68479983871036 -10 2.707430283547642
3.411490410186524 -10 2.131244366282255
-14.74226418289553 -10 2.092107011037016
20.55720734377277 -10 3.966056968519274
-3.89633035796794 -10 3.867925825054543
9.61499567952891 -10 2.831235119857741
3.911677608027833 -10 1.045490624132852
-15.34303898197534 -10 3.974380530976757
21.22297533593138 -10 2.177761075038534
13.38145526010388 -10 2.165978771229412
-23.82170134113542 -10 3.099197140916058
23.98798047267932 -10 1.875000000000006
23.02624296800187 -10 4.046844695000269
-23.12400573854293 -10 1.020226005053369
-4.542025753386543 -10 2.858537443036716
13.80112957273438 -10 3.21844400470665
13.97285370396779 -10 4.174633700103612
-24.08167324375182 -10 0.9094114002282438
24.0875883017227 -10 4.151230607349712
24.08717368213166 -10 0.9037699249668232
-24.08717368213172 -10 4.096230075033193
-4.419183513591644 -10 1.896707298313663
21.22169262915269 -10 3.226767270178005
-14.73875987729043 -10 3.164354252420707
9.685781352662502 -10 1.88142325425662
4.486771547722778 -10 1.886600857660304
3.222334924102995 -10 3.126275080508656
-11.56112891663192 -10 3.132372432372837
-8.934108738896342 -10 1.910647692960684
-15.98205470205653 -10 1.862273262772713
0.001241018053264042 -10 0.7438720422932686
-7.703902661966179 -10 0.7239626590783114
-19.22953958852915 -10 4.256187269420765
16.66401657568152 -10 0.764232066071967
6.411916258727729 -10 0.7228262140853305
12.79140002187345 -10 3.035822686238004
10.89743589743583 -10 1.812834394109834
-13.46153846153846 -10 1.812834394109802
22.27685409838987 -10 3.089154783359539
-22.43589743589744 -10 3.195998095510484
-3.205128205128222 -10 1.804001904489508
19.90216040676968 -10 1.841917070882554
15.73015996876922 -10 4.094540374754827
-20.84176930084501 -5.39613680225544 4
-20.24176930084501 -5.99613680225544 4
-20.24176930084501 -5.39613680225544 4.6
-20.24176930084501 -4.79613680225544 4
-20.24176930084501 -5.39613680225544 3.4
-19.64176930084501 -5.39613680225544 4
-10.72071394305642 -5.395658874454834 4
-10.12071394305642 -5.995658874454834 4
-10.12071394305642 -5.395658874454834 4.6
-10.12071394305642 -4.795658874454834 4
-10.12071394305642 -5.395658874454834 3.4
-9.520713943056421 -5.395658874454834 4
-20.8420240716554 -0.000866905388956285 4
-20.2420240716554 -0.6008669053889562 4
-20.2420240716554 -0.000866905388956174 4.6
-20.2420240716554 0.5991330946110438 4
-20.2420240716554 -0.000866905388956174 3.4
-19.6420240716554 -0.000866905388956285 4
-10.72096871386681 -0.0003889775883501034 4
-10.12096871386681 -0.60038897758835 4
-10.12096871386681 -0.0003889775883499924 4.6
-10.12096871386681 0.59961102241165 4
-10.12096871386681 -0.0003889775883499924 3.4
-9.520968713866809 -0.0003889775883501034 4
-0.5996585852678346 -5.395180946654228 4
0.0003414147321653127 -5.995180946654227 4
0.0003414147321654237 -5.395180946654228 4.6
0.0003414147321653127 -4.795180946654228 4
0.0003414147321654237 -5.395180946654228 3.4
0.6003414147321654 -5.395180946654228 4
9.521396772520752 -5.394703018853622 4
10.12139677252075 -5.994703018853621 4
10.12139677252075 -5.394703018853622 4.6
10.12139677252075 -4.794703018853622 4
10.12139677252075 -5.394703018853622 3.4
10.72139677252075 -5.394703018853622 4
19.64245213030934 -5.394225091053015 4
20.24245213030934 -5.994225091053015 4
20.24245213030934 -5.394225091053015 4.6
20.24245213030934 -4.794225091053016 4
20.24245213030934 -5.394225091053015 3.4
20.84245213030934 -5.394225091053015 4
-20.84227884246579 5.394402991477528 4
-20.24227884246579 4.794402991477528 4
-20.24227884246579 5.394402991477528 4.6
-20.24227884246579 5.994402991477528 4
-20.24227884246579 5.394402991477528 3.4
-19.64227884246579 5.394402991477528 4
-10.7212234846772 5.394880919278134 4
-10.1212234846772 4.794880919278135 4
-10.1212234846772 5.394880919278134 4.6
-10.1212234846772 5.994880919278134 4
-10.1212234846772 5.394880919278134 3.4
-9.521223484677197 5.394880919278134 4
-0.6001681268886107 5.39535884707874 4
-0.0001681268886107867 4.795358847078741 4
-0.0001681268886106757 5.39535884707874 4.6
-0.0001681268886107867 5.99535884707874 4
-0.0001681268886106757 5.39535884707874 3.4
0.5998318731113893 5.39535884707874 4
-0.5999133560782226 8.895021225607813e-05 4
8.664392177726299e-05 -0.5999110497877438 4
8.664392177737401e-05 8.895021225618915e-05 4.6
8.664392177726299e-05 0.6000889502122562 4
8.664392177737401e-05 8.895021225618915e-05 3.4
0.6000866439217774 8.895021225607813e-05 4
9.521142001710365 0.0005668780128622597 4
10.12114200171036 -0.5994331219871376 4
10.12114200171036 0.0005668780128623707 4.6
10.12114200171036 0.6005668780128623 4
10.12114200171036 0.0005668780128623707 3.4
10.72114200171036 0.0005668780128622597 4
19.64219735949895 0.001044805813468441 4
20.24219735949895 -0.5989551941865314 4
20.24219735949895 0.001044805813468552 4.6
20.24219735949895 0.6010448058134685 4
20.24219735949895 0.001044805813468552 3.4
20.84219735949895 0.001044805813468441 4
9.520887230899977 5.395836774879347 4
10.12088723089998 4.795836774879347 4
10.12088723089998 5.395836774879347 4.6
10.12088723089998 5.995836774879346 4
10.12088723089998 5.395836774879347 3.4
10.72088723089998 5.395836774879347 4
19.64194258868856 5.396314702679953 4
20.24194258868856 4.796314702679953 4
20.24194258868856 5.396314702679953 4.6
20.24194258868856 5.996314702679952 4
20.24194258868856 5.396314702679953 3.4
20.84194258868856 5.396314702679953 4
2.951409785402234 -5.395180946654227 2.5
-1.814895332298927 2.697650122822675 2.5
-11.92967722620244 -2.698097336340562 2.5
-2.943317351351515 8.895021225611977e-05 2.5
-18.43814925498952 -2.698428752516178 2.5
-1.802162274731639 -2.697619016261042 2.5
-8.321514176992604 2.697318819187425 2.5
2.93821350006121 5.39535884707874 2.5
-11.91189732084924 2.697173655737714 2.5
-17.30833637905365 -0.0008669053889560213 2.5
17.31314063374009 -5.394225091053015 2.5
-8.345906693759717 -2.697952574462242 2.5
17.31373956985957 5.396314702679953 2.5
-18.47302076191043 2.696839042141359 2.5
7.437853249903531 1.88890310186368 2.5
17.19479481374706 -0.6925348932010797 2.5
2.880099794277894 1.492653364088303 2.5
-17.24223754323065 -6.47115665538398 2.5
8.372919458807948 -2.697137807540764 2.5
2.850658112921881 -1.546270531877975 2.5
11.85644338808531 -2.696999133449155 2.5
-17.21457253273135 6.227160716948902 2.5
-3.021995122773711 6.309760648823271 2.5
-7.214686028955859 -5.395658874454832 2.5
13.02661616629019 5.395836774879347 2.5
-12.72945790861067 7.386390077077678 2.5
-22.03453031215426 2.696695632130407 2.5
-3.025347799649563 -4.985406387200514 2.5
13.14922542384256 0.7025491841127811 2.5
-13.01860914374716 -5.395658874454834 2.5
13.12738535540072 -5.106136058349565 2.5
-13.13797107591968 0.4097045743704448 2.5
17.8363975596667 2.216662654423992 2.5
7.116428706611732 -5.077230467930244 2.5
7.114331753116469 5.062978158591161 2.5
-7.233244560181375 5.394880919278134 2.5
-7.113499007116777 0.421742651334882 2.5
21.98149707906845 -2.696520962837332 2.477193801090879
-21.91689077038189 -2.698567136180833 2.5
15.23417649915592 2.672353037642856 2.5
-4.921003653664583 3.701290843160363 2.5
-5.543930833460656 -1.930934447903485 2.5
5.5005283810661 -0.7519854843516849 2.5
-15.28479636738704 -3.854179621225571 2.5
-14.6654781443025 2.528572946381364 2.5
15.25943335621776 -2.581470211163148 2.5
-14.05502217147381 5.142773202883552 2.5
18.68457287389384 -2.696648305080432 2.439695448195983
11.65829844517922 2.698258745921255 2.434918589680132
-2.450172353351502 -7.467051868582544 2.450785626331834
-5.044371248710135 -7.479771506842729 2.5
20.24219735949895 2.698643325116785 2.348172917879896
-14.7922820863607 -7.261335206489668 2.492718604380634
5.058481411611964 2.846695558321051 2.5
-5.426015491381427 7.22585489154196 2.5
5.335730304063311 7.445830996581362 2.5
15.23415433317138 -6.928012816802203 2.5
-15.12523112628738 -1.312404814834905 2.5
5.312240927698998 -3.286799769751089 2.5
4.91045228135527 -7.111290654440451 2.5
15.21127898725333 6.901960992121933 2.5
7.798002910169909 7.428497254773066 2.370977548821535
0.8332245991065399 2.697738064408684 2.290309951601532
0.7796407076114307 -2.697535101977989 2.293190623693386
-22.75785209504847 -5.199359805644531 2.206186780380257
7.718559314186611 -7.551727225040674 2.499362116831445
-8.074562282493186 -7.644211435341013 2.402057989382773
2.139800408744478 7.653272143185072 2.608079817236879
12.83075633767093 -7.578193521022412 2.457770189859529
22.65355682380378 1.768271244516951 2.326992069628263
-15.17973578778628 7.61045634691249 2.589408529221257
-4.915748920923452 1.325122959654271 2.283758961440782
22.65511435781159 7.230593300524732 2.372018989442512
0.0003414147321655348 -7.809504885020213 2.210389218936173
-16.50855839237182 3.986029593476392 2.317990654482137
11.8383886662158 7.706104853490833 2.248661048359372
18.20180395143459 7.627206274216164 2.376817257136683
22.66674352320284 5.019935393315063 2.15290307503427
-12.14798263986783 -7.620331718350732 2.377498894980843
-5.214573908298366 -4.224953525030027 2.280237126199992
-10.1212234846772 7.801672118909642 2.180490934310238
-7.748612433752704 7.710948303956518 2.328130264615303
22.37673296772926 -7.592482406341361 2.364885719965631
22.82176975162048 -5.394225091053015 2.518862368572157
-22.49276023516086 -7.601374340972676 2.578020953239974
-20.24227884246579 7.810092686329407 2.218333777371536
9.425805135886284 2.90692557829925 2.165946472137477
-1.327799161971934 7.772065507340448 2.215276681663746
2.165421652252668 -7.494696703950188 2.767933275372299
22.85759744744951 -0.6285719106772286 2.406930297871742
7.670930033630931 -0.313122975997817 2.17334121768111
-22.76578982970833 -0.6269891575233909 2.221940071849873
10.18151816075542 -7.835400660810363 2.004038098395295
-22.6156019433479 7.324121320358546 2.40465119841179
-20.24176930084501 -7.794583820510089 2.201904671062761
15.33491454702765 0.4774096185796142 2.882449852272039
-22.7663746776849 5.060597388480074 2.212482618879953
15.25533632029081 -4.740586867209431 2.914444906685764
20.51823876611581 7.867817706508839 2.22209422495474
15.22400826516801 4.787163947148272 2.95136567721448
20.24245213030934 -7.874533738277219 2.525406418569788
5.004708635589902 4.958232857237881 2.056352477623969
-10.12071394305642 -7.399475934603973 1.994915055064113
13.51526409636367 -1.382232273859842 2.090394835949059
9.803389695367006 7.954855930312792 2.700329587972436
17.87424151888739 -7.702901702931774 2.376067541379836
-10.1212234846772 3.505429253866746 1.929386498874544
-17.27543969279712 -4.40577222088648 2.021157784809254
-10.12071394305642 -3.51627887125496 1.937341384671722
-12.09448847463127 5.394880919278135 2.027003364173755
10.12114200171036 -1.830535881901564 1.901991409795384
-20.24227884246579 3.507190073030838 1.966652304745536
-20.2420240716554 -1.780213803024933 1.895726556634491
-16.60052562175223 1.904985615438711 2.065199841336964
10.72139677252075 -5.394703018853622 1.684560488450104
-10.12096871386681 0.5996110224116497 1.685679790872836
-3.795492095841305 -2.911866532591854 3.03007000020725
-10.1212234846772 5.994880919278133 1.686472011016928
-3.010452196516288 4.305867727459135 3.02693241839766
10.72088723089998 5.395836774879347 1.690256551764686
8.664392177737401e-05 -0.5999110497877438 1.691615616084881
20.24219735949895 0.6010448058134699 1.695009074104285
-20.24227884246579 5.994402991477529 1.697857979871894
-15.3092108013531 0.6576213498417065 3.077723864508621
19.64194258868856 5.396314702679953 1.699862370287736
-20.2420240716554 0.5991330946110467 1.70691338802066
20.24245213030934 -4.794225091053014 1.707581694176193
10.12114200171036 0.6005668780128621 1.708216354634092
-0.0001681268886104537 5.995358847078741 1.708675189903357
20.24219735949895 -1.65393575187343 1.857445423785296
-20.24176930084501 -5.996136802255442 1.718736464366236
0.0003414147321655348 -5.995180946654227 1.720631363699949
2.592011308215856 3.448728596429636 2.995822067491574
13.44178502229165 3.475930745819467 3.026806648334089
3.34425894578637 -3.459123583101707 2.019940390321921
-10.12096871386681 -1.567637711030476 1.813504525170351
-3.726711534294997 8.072809268066925 3.120915973262382
-20.24176930084501 -3.725988382909864 1.889749402390595
-18.32287406343179 4.68584017176012 1.92145197266043
-9.520713943056419 -5.395658874454834 1.737779036603422
4.876049933663784 -5.174325704656534 1.958404148430582
-6.400833252820084 2.452710536638113 3.020620467099594
16.9531242549476 -3.500962518133274 3.0437620272243
-17.9409717260894 8.071731707100891 1.93331852629284
1.784364345684747 8.895021225618915e-05 2.024516095566784
4.710359517855701 0.977443592554329 1.965481646733979
-13.81592491121607 -2.670495181253982 1.934584847725147
-1.646673245739114 4.860122557808303 1.782459879253744
11.78618804454523 -0.5983968966010182 1.802249950948044
-16.42055772801728 -8.1109012080427 1.869828347077491
-18.3868509538283 -8.079939638966035 2.9819124584196
-16.57593051726395 -2.497230044288212 1.947813359355866
0.3349664518318463 8.089602488760521 3.152749932378451
13.73893001343745 8.068177716605639 1.946061805511489
-4.694873070173384 5.532153575867705 3.10425274959415
9.852578822753699 -3.713136988916073 1.871011365357621
13.58128307988106 -3.326870327868384 1.89518540383306
18.49438333105213 3.957601819378863 2.148065054990461
-8.356565557541328 -0.8904684577426241 1.934926873164723
-11.88476138084983 -0.8918448554184741 1.93599691246902
22.17770437800626 3.443892486357185 3.13337442822278
-15.62099653332121 -5.643259260772715 3.10744459219745
8.061978397683179 3.620547439352676 3.245044146155182
8.791446910567132 5.395836774879347 1.821429483966243
16.76739476546911 3.673726615926145 3.120021881129301
8.794376698529661 -5.394703018853622 1.823477724341562
-3.60974379862858 2.451155583436887 3.105531541878963
1.549809280293013 -4.34187678601588 1.857244588357906
-4.695830151902361 -0.3564124301902342 3.137503022405054
-6.818230068133865 -3.643385503432572 3.11295415277063
6.673337296525673 -2.11350259317392 1.888674444343512
-0.5381588359973146 1.541817807209267 1.797034687803639
-0.5603547280899646 -3.879804456591281 1.783228063068889
-11.33978176598873 -5.395658874454834 1.797102002821615
-22.66243469124496 1.028378382146874 3.128111102729044
-18.10742404430605 -5.39613680225544 3.4
1.518395510001592 4.413618337525778 1.84432634369804
-4.602732249389253 -5.772933566479668 3.158556676054966
18.83907093965392 -6.112001803250839 1.736458880197384
-3.632084745046556 -1.567492360890667 1.72963607800236
3.717064577253876 -0.03505987863124022 3.18932133691368
-13.29894838165629 -1.337055416982307 3.189183193982053
20.32475255822063 -3.045373057241053 3.187834547910468
18.37590087105704 0.5723298255084613 1.793778841591717
3.673794573413436 6.962165520064086 1.78980747166283
-15.53027176173125 5.989520325327356 1.744819795725953
-18.86242809861714 -0.5946094233524695 1.750043214891892
10.12114200171036 2.110668476720331 3.4
-10.12096871386681 2.270531415751964 3.217864502165021
6.669344066692355 3.414097051138338 1.775086971947859
-20.2420240716554 2.106588528322308 3.399999999999998
-6.622197529973379 3.803902809054964 1.771233559486119
-10.12096871386681 -2.101164613324344 3.4
-8.709080540562702 4.625952874398629 1.793761481573021
21.14579156633457 4.139438010053642 1.748159648107689
6.081828824701649 0.8526230184480328 3.183288556179428
-7.174578641842234 -1.475478416873425 3.214788115892213
-13.34910184131448 3.599554388723532 1.806148973653218
10.02324405849269 -3.316737652399455 3.482803339771279
21.32750368697335 6.232417336246554 1.68589427376814
-23.33843895361437 -1.833225985337559 3.354278558373892
21.43283320834147 -6.206220924732174 1.713888021627384
-16.75067828605426 8.195582849380157 3.311597315628286
-20.29429780139746 -3.260008239647918 3.452528500552449
-6.618402050492742 -6.946809168827222 3.241544091988947
6.178039945901869 -8.20053159813212 1.776415479802522
16.50165978194054 8.217949769933426 3.0774631753614
-23.16569608599246 -3.784558162925861 3.32461335450321
15.55126352265879 -0.9445409750531422 1.78136472361141
3.733208235403193 -8.264275973737618 3.258988543016044
4.391879521782805 6.122543908605401 3.304625416834599
23.20490887237054 -3.806995162337839 1.732523831328244
-13.64671297242975 -3.882514578937191 3.266518265530814
16.36369071303866 1.464606656947991 1.774091237939316
6.932440052874324 -3.458392198626552 3.277009413409982
-18.1265577766951 5.325341418738324 3.469061572739204
-12.37381435853105 4.200728915975091 3.288904127269905
3.792901981145344 8.041376323782458 3.240459430393075
-5.696402953032587 -5.986674751188627 1.756718895155748
13.66702191186324 2.242800896985982 1.748659428196537
16.8505034389319 -2.275713532486923 1.748248440702876
6.436731739954806 -6.55332785713994 3.25862962177293
4.414363030731057 -1.945704694062243 1.742735171005996
-1.716052688157488 -1.070980389309955 1.778092339770849
-5.732534420601456 -0.3568592354985511 1.690499490067718
-3.733569253809764 -6.442649526788316 1.750273700078111
-11.39474967624672 8.189704257202838 3.364194248007003
-2.94775191018369 1.586740761417781 1.702874767501956
-0.04930744730621299 2.00086708331802 3.557010430842076
-18.89760482014282 7.565408549040207 3.297705566509736
-1.774412392238204 -5.988344959648373 1.738814568330662
17.0129610716344 0.8729164661601423 3.316293120412459
18.53136130227409 -4.33180205143132 1.770089206735978
13.13839802600325 7.008494871708757 3.24263465365162
-0.07683816726984599 -2.090951417064655 3.476924811191623
-14.59757150083651 -5.280407832479367 1.711157650120859
-15.62988394352799 5.161813218457802 3.304598249491219
-18.93504218745173 -4.862172497830603 1.81897661185541
3.763425751397634 3.750476278367882 1.70850056846927
-16.67377173091087 -1.417309911972928 3.340542430650574
2.208602920712427 -2.98920595743776 3.284593294198413
-8.206146626908714 -4.225376171695414 1.630125008289745
-3.726596983905297 -8.31175712811932 3.348534820406757
-18.74621537468608 -6.922494313576652 1.70670974569174
-3.850474359223604 5.011068963658216 1.65323662365996
-6.83055988862732 -2.732205225042964 1.60977447386116
12.31375306768385 -1.251437448965308 3.318188290642863
5.986418438298366 4.047587061024645 3.382882937014036
-18.4417921238964 1.110053038859016 1.749037486456938
16.25356389588596 -8.230794680803218 1.756894568178366
-2.080262534692885 5.48244881175827 3.487089964679529
14.73258015148745 -1.110193360679865 3.324385849234546
-6.498564310436581 -8.256773185322213 1.733295943025003
14.40435670927405 3.956951223138396 1.642623590832244
-13.24753384536426 1.940749470329148 3.345627768660746
-2.182041088983853 1.266434790364452 3.374428670778887
-7.35658648373168 3.876340621969119 3.354801838009386
-0.1544074923018711 3.969761868442899 1.61683438935466
-9.963972818381743 -7.496397360664229 3.556741124674677
-11.77239800071275 1.150082895194579 1.713819404736086
-21.49152088310799 8.273398021815725 3.356555729287034
12.40927602112107 4.033849128806164 1.60968910378237
16.77376731766685 6.863050459086486 1.70641110713065
-13.61485887677335 -8.264415786297029 1.679707968748771
-8.474446129165566 1.157700879409026 1.706818941464537
-13.35022658001811 -6.859771225907008 3.376505671744462
-5.692821316945776 5.270186784705426 1.706620319194856
6.604682451668665 6.537782787292462 3.277997663609538
3.385278049455062 -6.876131515605695 1.680774587365259
-17.90950993244254 1.339855977992034 3.424166793268539
-3.748193877565213 -8.270008160233482 1.603424427865819
-13.84952391705796 8.302387317768217 3.409461142791141
-2.791315925711874 -1.525826546672946 3.310202700563028
-13.34489548013633 1.870560785053476 1.588633023875424
16.02377078606211 -3.869634367536385 1.628033396940599
18.250148549543 0.001044805813468559 3.399999999999999
6.226202194359134 6.255278755420932 1.611810553422125
4.161792012293546 -4.316963518253437 3.281218772155135
-14.58740862940102 0.07463742580886236 1.618518566291878
14.00104340923608 1.889253776607862 3.424416316417427
2.067537867308709 0.1370857328996201 3.536996782687364
14.32785254421825 -8.370989635110767 2.878393174072582
-12.70747975228414 -3.95268650602789 1.603854221315024
-1.213424742301195 -8.289533714407737 3.375455531501246
1.709523364102211 -6.252151426464401 1.654397619606319
1.705204229167542 6.272052272765468 1.664599771123239
6.891512813457031 -1.270610449738119 3.376801958714127
14.67358794639979 8.283621038720508 3.376674825312627
18.60131776127804 -1.177467525929308 1.629320846190223
6.123297617531911 -6.3013539870322 1.584045434383025
14.52108480880436 -5.623543422598105 1.631843106422725
-8.05370083247521 -0.167053019108129 3.566664041519779
-6.493744704329926 8.262592025188884 3.391159040646207
-16.72630090163897 -3.471821644974725 3.35730326292886
3.997446606987906 -2.535338169647264 3.315406864814494
8.050094032902658 5.594102675508141 3.598265900628794
4.224506096610947 4.102279934817387 3.327021885823789
-11.63854542305612 8.392436865109905 1.637528850615828
-13.92426871398513 8.21551057927044 1.578770299432739
-3.481815832331574 3.334226083526045 1.638648831815734
-12.08353670275148 -0.06961829370398616 3.634771500171236
-8.989962798877073 8.208969360622696 3.41705605090803
22.31766677667476 5.55799737959878 3.561682676918828
-23.09605074698876 -3.6046516961708 1.593997521581702
-8.438400960254178 6.309050173490988 1.625892976417585
11.73244860392547 1.172719928533974 1.665004012139896
8.061315959575575 -5.584041569957911 3.589338551104288
13.80564041883546 -2.544444138223333 3.398256414630526
11.4675653626711 -6.947236227039861 1.611568036507352
23.42404945736286 4.386202975461694 3.498783613117073
-2.048841180981262 -5.533587290801843 3.538406344147615
-18.62846013324111 6.544894203363661 1.595639880849017
11.9364938727956 -4.194580091089403 1.682930935909243
16.7469505682792 -6.802661856407319 3.337913617011798
16.2476078376436 4.370265064645356 1.653543311830075
-12.88357277582319 5.9640529913987 3.426494409933987
15.40558647925823 8.393243942365071 1.661838703659718
14.45717694330098 5.658290530248665 1.615293122491023
6.685309917491081 8.273905854876581 3.413130944740981
6.535158141943494 8.387493134801433 1.702688847026323
13.80142858813107 -6.455734400028351 3.350672904189132
23.35889903561828 -3.226522312198098 3.325181881395358
-16.3111597288325 8.347156263750188 1.568395393119914
-6.890334609492776 1.798983577845957 1.531368534122594
-3.241584237769715 8.456213388500577 1.547035840859191
-21.85318842093878 1.223176534808072 1.610990075501956
-23.41433691920981 1.901583489683829 1.852262751935055
-3.585397021320029 -3.701126973598316 1.542595738955492
12.2099185826638 -4.050334683084253 3.401844208599533
3.548539131681165 -0.3429450464323778 1.5304433790123
6.260503144207028 0.429816957954698 1.551172514686768
12.16444660709354 -5.568549152408321 3.573846133554699
16.50144723901068 -1.918078250105728 3.440231613008663
-14.97225333806638 4.033172752661469 1.612526540389302
11.38266800326559 -7.550386319052837 3.332023001537729
-22.32746067477982 4.034730422621204 3.453734549442635
-13.99090989324227 3.749426441461027 3.447843965082122
-16.19986664981316 -7.440727510019449 3.397891127509634
6.813149752494323 -3.748971604940952 1.508895011863621
5.70557318544761 -5.04566321966599 3.417216096792573
4.180555785745955 -8.361514517496744 1.636897493055584
19.16220499475583 2.17677452050505 3.479977992115859
0.2574775737369867 -7.446766393189126 3.657136159004821
12.09698517711896 1.504343847733633 3.483151686044579
-16.06412630502156 2.777375893890917 3.397285069618075
4.243276141929921 1.532929012747585 3.479789631339221
-15.86123642361873 -6.373778530448218 1.550549085090312
7.87938628860215 0.6512630314990745 3.489570863037343
5.656688443481672 -8.373861390346756 3.415945595862107
8.958257853928993 -8.334689739723235 3.393773385184597
-22.48063899589303 6.079945784851541 3.467631851496984
4.174403276304131 -5.9752975846444 3.478141688161708
16.56821063029932 6.576014363217308 3.440614026747342
10.72329781091419 3.735091552233547 1.519500901916516
23.29527658877415 0.6514997546795196 3.437560856106941
-14.71289924714601 -2.614185737233604 3.457779085008895
-14.43362678556453 -8.457080502434133 3.509907603935712
-7.971675206058514 6.521332832651465 3.430043196084221
23.28575939322082 3.3441737051631 1.709935915482486
23.34651677965957 8.388819105041225 3.424696370795471
23.42527517880844 8.449774541462137 1.542840277163079
18.21768054420186 5.142510340589772 3.653804362090181
2.311209726941336 2.71676549106439 1.530269694615161
20.0736715647961 7.411661193360674 3.568271023892455
-13.88914961215067 6.558163658478373 1.650129180762232
0.201061204391151 7.649831981074723 1.542100010601932
16.59066069652054 -6.590817350906946 1.55696067991876
-6.369105857859851 8.195946413789134 1.518722627986824
-20.45810037909388 -7.410638270926551 3.616331078248868
12.13899466850944 5.13811784778577 3.657718927093577
8.241743411112601 3.864046743374669 1.514072231126708
2.013607881825413 -5.172564381101588 3.62261656555264
8.519596612403188 0.9949108373251272 1.629822098483463
14.46345574745787 0.717115784069594 1.500854425515278
21.70494317339374 -4.255035443406308 2.141661869606301
-21.83660245659524 -6.436667250131709 1.595317269509188
18.23383575341609 -5.165384893100791 3.628840197952224
-23.36779445652325 3.589144239334832 1.583830845074189
-17.65793709301857 3.7463644645207 3.473100653467157
15.94044640532762 -8.303676618837692 3.432953176957167
1.611353310594747 1.858466552600244 3.429243073648878
-12.12743017706536 -5.150775336998746 3.644883537456088
23.38466021316083 -6.718239160929 3.382407389134772
-21.29009253976462 4.719113339354079 1.53908360040275
-2.391082425183803 -3.85363481201562 3.5105992442094
-7.175219294833214 -8.465557058626056 3.496746194931187
2.001005941179735 5.1837152602112 3.611643586867541
-22.27391804199318 -5.172927507106049 3.62320929514939
-8.118896165433089 -5.163159837537283 3.63249903691755
-13.32055724525879 -6.660065786914232 1.498201964380028
21.92273692747723 0.4706335495433692 1.517902631388678
23.37571743309156 -2.09368623642817 1.675318297969455
-4.11155033981081 7.062912814242386 1.528347800636522
-23.44426534323096 2.484535832841107 3.427180945136869
-14.5408344061269 6.378206816970091 3.46365539157372
1.577631616614258 -1.527701977853083 1.467339142432706
-1.406549660502725 -8.389148608618237 1.54871504579338
-2.163649884734997 8.484587470779896 3.444558348531656
4.418477733508626 8.418191638131489 1.519912951939796
9.745882585624589 6.72341665961751 1.604567141737221
-23.43988448765288 8.473804984144614 1.546542512633084
-7.721125759934886 1.557609459338436 3.506121644704985
-21.3074936324551 -0.6147217401635697 1.496595963515914
8.437590851336775 8.484846581780365 3.478945037677671
-1.985471079575428 -0.1840112913835476 3.584100241595804
-18.25724942895948 -0.1899218503129622 3.589054944924006
-6.833346080989278 6.632620611680875 1.516336489363952
-23.10767071359187 8.487415512382611 3.438620930169527
-8.169787714598185 -6.278557507155471 1.520124535013881
-16.11260343537779 -0.4832237183213206 1.506222742924491
20.04297752733651 3.412880986519552 3.598965061352044
-6.159148485185398 6.142097246992135 3.467509490363603
10.12114200171036 -1.888078898122422 3.4
0.0003414147321654237 -3.507433108138433 3.399999999999999
-0.0001681268886106727 3.508088941982154 3.399999999999999
19.92580458041913 -3.212009535003844 1.529038510276661
21.69593938305196 8.16639129205813 3.362956510845334
18.39468454311709 -1.578453172185308 3.53491765903197
8.906008880933145 -6.997392061135106 1.522442328792585
-22.22245150059747 -0.2477524886506031 3.646885583261647
17.05970383428388 8.471170706017467 1.555981867769282
23.36827855753074 -8.397210761988017 3.457645720748686
-0.5780426987729128 -2.202432054306481 1.56309249295438
19.07133113310846 1.999191100227066 1.476276874221296
-5.484581762030218 2.596672221888408 1.460960568652328
-10.12071394305642 -3.515214620459977 3.4
9.1050315171012 -0.6389663966644775 1.504226917460174
6.286403852864082 2.462787449157881 3.477414053906729
-23.37161351298311 -6.353223536845955 3.228711918013359
1.422622708192527 -8.240706025778612 1.502209355852943
-4.200170244310423 0.1129062876146935 1.492153973414215
-1.752931371667743 0.5195868031502786 1.506830313994449
-23.43698184628614 -8.461339408172091 1.531329539349193
-20.24227884246579 3.517464656009889 3.399999999999998
21.39413326479287 2.073766021411553 3.233514857717254
-5.849111391526773 0.7247302488908305 3.45282660971746
10.12088723089998 3.520287518051966 3.4
-11.2847008996145 -8.43860318494956 3.483235737842935
-6.059247201459403 -5.018233191925458 3.451857156823169
-20.32436633216373 7.419415813429223 3.636210927534143
-11.61620126788468 3.942688489140861 1.524724598505151
12.92862215480302 6.719665440329726 1.579494285882447
13.89645710779827 -4.144295423111616 3.534241221651176
23.48555841077552 -6.615449330655032 1.623297107445102
11.35219223736284 -8.51659281115027 1.541057785477983
-21.57382143767632 -8.339657259099187 1.483384447576369
-18.71438414562734 -8.509561390588914 1.470747130365186
18.27925605862364 6.253574335180709 1.522097788233386
-21.34339070147214 -4.840568221943052 1.532185955406693
-10.25211024265897 7.342019450507245 3.530886757981776
19.02111793686885 -7.447335864685297 3.433454357360792
-23.37242966073554 -1.991419067382576 1.550273690012238
-5.905911478344872 4.542960414181447 3.436518231357963
-20.2420240716554 -1.863779172447468 3.399999999999998
5.975080473671628 2.001246667528551 1.500770218130935
-13.54932421931415 -1.137094699957507 1.581148037947836
-1.791539190952378 6.426253163562284 1.481922618084131
14.35167010255416 6.004876873671869 3.501230611165735
-11.49177840361128 6.804900549644008 1.587837631890172
-19.6852455843473 2.081361604171349 1.521599493640493
-21.65999123458622 8.419647630550696 1.592032299261948
-3.800421314789853 0.9151758928888669 3.482813093983067
-6.606702790410709 -4.305214094645623 1.512465434955103
9.957343749445373 -7.337818007160102 3.56405302307538
12.50519662814483 8.478225844159413 3.510381165458376
-4.818729324268165 8.470797823058401 1.681019195548425
1.372732121564668 1.43715919934085 1.490571900338619
22.14436858291199 -1.509075120702424 3.527785303399703
-16.09156867862368 6.700919744679288 3.512792994096903
-9.074590711538818 -8.478689263412715 1.507494400380351
-5.298625583529194 -3.168558486475049 3.456842793617923
16.87648602149916 2.92980205578823 1.462195920575687
5.504230903586049 -2.026660702345963 3.435293380897643
-18.39807524853023 -3.877556157883632 3.504787739941879
-8.176700479840758 5.14260968530355 3.652271233974584
-3.25843677837808 -6.554787935293382 3.463718807236569
22.1925524488026 -5.053118056544062 3.741107034508952
-2.084870856133659 -4.183161104133467 1.522114118781593
21.35239186049531 -7.449169580966268 3.513816976095586
23.53165977943544 -8.17530840608458 1.480502361664283
-15.21376197773852 1.507508377836084 1.434033597816238
22.08188421733319 0.001044805813468441 3.399999999999999
-1.766856116863706 6.995160670947118 3.591416202630242
-21.81771392745105 6.22846669859704 1.556274465153571
-4.946762869421883 -2.924925900708014 1.44099102438433
8.377388104427194 -1.612293309197652 3.592861767781983
-4.226562820180781 -4.261595611907407 3.573693640244499
-12.87449577737961 -8.338558665554155 3.562413450445712
-23.38484770902649 6.308406472880295 1.486058091188586
12.0268274519835 0.1061302273383894 3.505563349325526
-17.46477076885799 -1.271243188606594 1.55010031975305
8.364767413740296 -3.939174286945726 1.442769132555278
18.46076919509785 -3.725078188330624 3.60600762703259
-14.16074854679943 -5.327380282541978 3.563428893841257
1.784083947396576 -1.551344501876467 3.59970501813973
-23.4135370061444 -6.670866034516868 1.665435280918127
12.92335567805666 -6.318610896486552 1.491434722282224
-8.172117642948853 -6.692637085703529 3.597201618749083
14.7483195550506 -7.959435908145678 1.428999372923596
21.89837967003102 8.48975908384126 1.851986260119861
3.861557798012877 2.206719279379986 1.52328611080396
8.39493081969076 -3.779046813992558 3.577484150615853
8.572020754777274 2.177813524046873 3.524711074401344
-10.54881336916324 2.079306595233876 1.48769974391237
19.3162386857622 8.540265461497036 2.87678310361005
21.78351120672981 -1.423499687528123 1.546932685630693
10.46620580013677 7.3191968990632 3.745318569236791
21.34613788257029 -8.522350658958061 1.544974948574114
-23.35854067147982 -8.544522135024692 3.504247762370112
-11.7766240496302 1.671011878131478 3.611667294353678
21.84874231049257 2.769293459962924 1.41419685194654
16.32212173790236 2.244339240796936 3.515305149587357
-23.59022444853026 4.967896015724632 3.549340454274001
2.929796723697931 6.619473580585675 3.452940035057642
-11.82000047269108 -1.627279074404293 3.563162965270018
10.63626334933795 8.258145041546255 1.407129812632517
-1.699970711956683 3.772711741519239 3.553559820153532
11.73081729838358 3.687521596799931 3.572544601348501
-8.863792170113642 8.15878091303477 1.358613257175489
-21.84108036425318 -1.702961458741918 3.62541555426861
-16.81125316508423 5.202044250738954 1.428865736984022
8.77790233706496 8.416702326569915 1.515733156315597
8.426168188099238 -8.528347691648294 1.437889784856341
-21.58561379184375 -8.503101714975134 3.496255214677398
-10.1212234846772 3.597440982377988 3.4
-4.28055974944296 -5.057122461237987 1.398235226350454
-14.43049939805985 -0.4872839314951005 3.584627213616788
18.48004858177776 3.538699190900633 3.619063363241589
2.89011128184692 8.231808745210891 1.38718309696954
-8.586846523780283 -1.747696210092732 3.632143884474343
-18.58602497639372 -1.650595162047189 3.559578355402374
23.40699593483131 6.212680861695313 1.420112936996171
10.50467917370552 2.061215116583935 1.498614892112212
23.50751530895732 2.553263645209058 3.484266388449678
-8.499897682991481 -3.720160837275185 3.577854948590344
18.28513453151083 6.640093882304137 3.510997743359562
11.77758471968627 6.197835609743376 2.368961903536073
-11.7334218798867 -3.718024884112254 3.565613343777571
-17.39491015614914 3.066815472299647 1.498687640425792
-15.9260406725935 -4.635544950267267 1.370988167654042
19.13116461037079 -7.591871231085825 1.522226655476777
-21.72373717204393 -3.626114821321278 3.643980967186637
2.035280151516773 -2.970828895395449 1.435822604324584
16.55931864981591 -4.816981978843489 3.678098101435652
-11.16027783044656 -8.493998103428456 1.480717021287433
19.75222482499756 3.718054584305347 1.347915224838941
-6.949696315041996 -1.230763765566164 1.505648070842928
7.616585905598723 -6.226142166382921 1.375726205952644
19.49929733099676 6.795514072899024 2.162009871830509
8.044887006628398 -1.707763734310972 1.409725591318322
-8.670803805661624 -8.279234438259651 3.640343573044767
14.04170192305426 0.2001193932251626 3.60682047324395
20.6227558796978 -1.872676415604223 3.780558520198846
-15.06348120024158 -8.579572001666707 1.415729683708402
-11.89393301258225 -6.864728068129216 3.620409370299419
-10.1212234846772 4.794880919278135 2.228096711915441
12.500022107849 -8.585443329829722 3.578844011420355
-4.567366378116205 -1.770527315493978 3.631936100140984
-5.020726995696806 2.657655956424394 3.57431720969273
-21.14708300291374 2.510527405190722 1.305427039245687
-19.60426819988618 -8.610763366488824 3.618667129926632
21.76034093448765 -3.656146038933618 3.571423955744525
16.23970402176936 -0.4545489596726617 3.630374275306706
20.24245213030934 -5.994225091053017 2.234720793223872
23.4850892566874 0.608404898386476 1.66092520145666
-15.21329416909885 -2.820682078574105 1.419677425089599
23.6443034293617 -1.264535866158408 3.541137428516101
16.58180843599433 0.04822866003925663 1.359248815092192
-17.15557593360144 -8.544672936961939 3.670768429661014
-5.598448351489217 -8.519978107956435 3.550237280722144
-18.44661978325007 -6.790577318996805 3.661540209580746
-17.8671659183639 -5.780125380940349 1.340913243166534
8.474576374430576 7.015074044427413 3.616736481826601
3.599022042624538 -4.74951900671841 1.329102871189898
-6.817847329706017 -6.862941823276478 1.334597140512284
1.419570577704028 8.564176779865692 1.619024409099949
8.470862930610263 -6.980194594684797 3.605996289143456
-16.65707334926225 0.5922101534957832 3.693384148766896
-1.678795090729784 -6.938830770769342 3.673791911402318
23.61105203301134 -4.670743019482964 3.543960290867984
1.084484734559402 -8.566377214334949 2.999166931007831
16.49499400003561 5.019358729529991 3.674889972267123
11.06626950726026 8.546918280056255 3.185490190536914
12.6580903030041 -2.307534517942144 1.322784516588049
15.53482502349338 -6.008839432861603 3.613610636208509
15.92096328480502 -5.302955418007194 1.296290792224417
-4.497790081531367 6.908612204244142 3.60579232961573
10.96470080964802 -2.902428586131265 1.345540313150956
7.698704494952517 6.312242087296675 1.388350137333772
2.763772549225839 -8.652637279328703 2.028602567735576
13.37431395306444 -8.62886201794463 1.488150474744649
14.79345853000687 3.540777459046081 3.601313273146286
17.47278904328365 -8.531432868107162 3.638893926836217
-6.009551602283102 -0.716061172366511 3.685889969160412
5.665244748712758 5.461142648076947 3.614535233419815
-0.415267091279608 7.232301243325864 3.815098964390997
15.89178760999101 5.754844582230273 1.323805702254525
23.53448594292557 6.542067975140467 3.471902102969734
5.30173967704803 3.7131626782956 1.344453751256995
-14.15377259854042 -3.946565146778796 1.300110005806697
-17.03064777128409 7.094113273654195 1.335218368210694
-23.14966324252147 0.5184561592717715 1.32879504817992
-20.24227884246579 4.794402991477527 2.269752579115234
-8.724166854791386 3.646459911429393 3.720875838777321
2.781113672091791 -6.413356666958303 3.53473264855045
6.267492734957737 4.82128017904035 1.333929466960759
-11.34707605669281 -6.815909187559307 1.459611702307832
15.59905800006413 -3.492481428791393 3.588673074904716
-4.27304488407465 4.127392907575518 3.735678189187277
23.62046508115738 -5.153912560299938 1.301244552410389
1.629643218264603 8.612529311058331 3.586535604145631
-17.88750816262126 -3.301255165355625 1.291595361242535
10.12114200171036 -0.5994331219871374 2.274338121864256
-14.66067294124101 1.777360031829183 3.749590930281383
-12.88861739706863 -2.682699951618434 3.597176047579607
-21.13401563474466 -2.751300823257287 1.268660909700797
-17.58172768091062 7.047081159026068 3.646699824013646
21.67196438706155 -8.692942383149102 2.913843499169466
-23.7664136668274 -4.996618682303609 1.262436927039418
-23.57607674068854 7.080711022724139 3.509884095524996
-1.433903863851035 -1.716074164081084 3.703656393372389
-5.061435884566586 8.256720385013594 3.693108184608712
8.272449910444976 2.413793394067214 1.432898588766605
7.201418042627896 -8.53129924541309 3.603519618673523
1.315842872279832 7.197474711299031 3.680305651330213
-11.41904777634958 -3.352428224673706 1.309037032876376
-19.21760665493986 8.148437019675871 1.249115186440244
-1.094203899826571 2.92468243140595 1.263284045013686
-9.189154674834084 2.560674623898106 1.347344417367634
19.27377531494665 8.068450074284559 1.50731791402135
3.869197132342245 5.579153695387499 1.405391029431555
-16.76249169984086 -4.898861617242078 3.593805830072086
5.167938747941612 8.293634782579915 3.685558094211314
17.82362567860218 4.87298561504008 1.25283150794288
-22.04917443544702 -6.724571794889567 3.611224409604965
-15.75633150346403 2.84503819221616 1.363818886483777
14.63193004803137 -4.198287451657587 1.420966938918979
-11.81214448457782 6.865208482403522 3.648412040119221
-2.681128208159541 -2.589692257711108 1.358693801154567
-18.92310440486388 3.489514227574412 1.380576243473904
-18.70919649608518 -1.954668959119644 1.293909300430006
1.376693749464844 3.649795648360819 3.690769076161451
17.39977683864891 -3.546167454575096 1.345966336608025
-13.26351918110558 4.9502466825075 1.311286714632675
13.89489352187601 4.657707621395813 3.708353208019407
-9.204411346235075 -2.574999945314447 1.353608955516
-17.40821481868182 -7.240670916921228 1.301768582581183
4.746481721659117 -3.892945623380654 1.332568028416113
18.99488517536433 -8.575388857509372 2.553004942927525
13.09895348550871 -0.2040399064810385 1.395525249533725
3.680611396666963 2.830259339445449 3.68422338852295
-21.58553502883846 1.768200834334486 3.654799311028763
-20.19602800059227 -0.5548708343258277 2.250812780972065
11.78774680157034 6.882721827223882 3.590362744978326
-16.87803699344821 0.7086533037742007 1.340043833051002
11.92645032278642 8.766009487759762 1.357707278538843
-4.978161301160627 -1.489738291909534 1.268971977674205
14.39957761146406 -2.266979863213042 1.408327972860011
15.12510426572651 1.957102823161678 1.273872927526709
-15.40010650693681 8.657068136815457 3.568799221989284
4.947589243753116 -0.2512439270921879 1.288463455829167
5.064785447491272 -0.02856023811701365 3.644851914015451
-23.65354123955094 -0.4012593047053055 3.366894505455575
21.27038259702688 -2.835677415090075 1.251937737838547
-9.037575550473372 7.055550776150678 2.637702921816775
9.587372200611085 4.288767389659778 2.104699944997206
18.08969786996653 -6.450166193162262 3.043773228891697
-7.65513182183008 2.966462035288712 1.276797878908542
6.071641693436383 -4.927113593470371 1.236107676720144
-12.48232055058083 -2.045440430847907 1.370056260651949
-11.41841219918073 3.147203276831225 3.749643515200886
-5.141676619149361 -8.318083488337086 1.286435680595335
2.714388499647986 0.7750746069023425 1.291491024451275
0.06928549714238341 0.5308900969916501 2.254022954024246
10.12139677252075 -6.46387398263257 2.273251476285341
-0.9010351734019575 -7.06323148464355 1.392758631333737
12.06903421043272 5.362234950242039 1.266790656583946
21.1985273437184 1.617914212524403 1.910956317296761
4.743681877041452 -6.411069919621952 1.279290708149584
6.753675492352897 -0.8577926576941777 1.248969402542665
-4.221432933480993 2.000708740553763 1.257247603154994
-15.33931619541924 7.389200308446183 1.203428736845667
4.299585513202113 -1.212811954752542 3.704172155297009
23.66272577081268 2.02662731336112 1.376008425794947
11.12271635682245 6.901563404035747 1.330479207077258
-19.07926438582031 2.812236582026808 3.766167410531817
0.0660333456312486 -4.860872877553311 2.262236492659311
19.96922117901358 -8.705457512339981 1.248184008371693
11.29502027549698 -2.637841257565866 3.788834623421252
23.57065407538837 4.580491779247396 1.254752646474109
9.052942513472562 -2.725036728427215 1.269312142955965
-14.68705007603671 -6.619097435034426 3.7388091299238
-11.79422618534172 5.394880919278134 3.4
-23.76628805320066 -5.040017622933042 3.571816722770588
19.93427163592137 -8.689773261852997 3.712587553765996
20.32891879922756 1.877785576495047 3.919762265851665
-21.29130104455006 6.993915704259946 2.569697470541363
-3.515985383698311 5.921468117358816 3.750855629591231
12.42779355402442 2.677713400021084 1.266815705889475
10.47175806177798 -8.670441091713007 3.353711328298679
5.514798263329475 -3.719865940349385 3.812037093030765
5.716589582803618 -2.88381359474426 1.226890725148663
18.3093312188175 8.033009139939711 3.72180852085498
20.3645011946367 -6.985637985081592 1.253316034690537
-23.72073054273822 4.884750086792302 1.213007148264641
4.895577785728285 6.522284172500219 1.263713265877747
2.357866981784764 -8.604193909181221 3.650984228875964
-2.95117830138827 -0.417340169090443 1.172195106166469
20.74495563934442 5.299327753335811 2.266537757474687
21.87253229569233 6.84953396601975 3.716219692398419
-15.29375483708465 3.854350472786088 2.978207082915018
-2.222101527526855 3.732673381955951 1.212049441278428
17.56587164510609 -8.575242151974997 1.271286582808345
22.09881028383523 -6.400390406185333 3.07766869468171
20.13420611594418 -0.49096395063176 2.268790294853176
-7.58575879439497 5.156276406736337 1.182690626468373
-5.467445129149976 6.570725069155529 1.276919726362896
-4.464859076812549 -7.195676141882262 3.733970865410731
-5.364616802791778 3.954574968537659 1.214014304587983
-12.5793321242776 -5.285400068877682 1.192849892364242
-10.77653216383825 -0.5164994692600255 1.198794900037182
-20.34208092548347 -4.896448426893904 2.273979882856874
-13.73479116886373 0.7002989661062643 3.712462639003899
-0.8301767395607295 8.768930184280403 1.360920590029051
-12.46100477485925 8.717440715762731 2.684260955374654
22.23579651345373 -5.17553387147994 1.252250659723397
2.562608683482579 5.059452540077185 1.216221956667239
17.58658230902324 1.773985165738838 1.219018472551719
-14.24908163285096 1.218726646770183 2.399081967402997
14.76854495608727 -7.370244962473913 3.724281774442005
-1.269926828987191 -3.082382985918721 3.71556465895671
17.83775515403584 1.934307292999993 3.846721388029188
-6.854741930274183 0.3144551099511514 1.153026501579269
14.43357836085336 7.021364472583336 1.357159178686683
11.66887510148093 4.796766686963384 2.440175656859421
12.5402292875758 -6.895096825254033 3.725011317541692
-23.72389711819737 3.742267430492842 2.915039299511265
-10.09626647987437 -8.644293163245544 2.706998010481105
-15.78709976836033 -8.719395886855812 3.713688426107936
-22.05594076126328 -1.738919743811753 1.271045922101478
-11.32452262453559 -4.177158944914672 2.368390431519486
-16.7847408623463 -6.258572754204123 3.775923655876607
11.89893773237215 -5.812657280497953 2.250434557874037
-9.407054449495739 -0.4517293651974712 1.170433687185597
-21.73491478623353 0.2008921777810171 2.476651066049675
17.93451639556857 -6.996762829154588 1.197335015277483
-23.74556129968738 -2.84044070963594 2.541013450274878
-12.06550855150889 2.541077029045129 1.146928102856299
-14.89621701969741 -4.076041801097286 3.79549859034604
-15.78794366739826 -0.4644219902832049 3.770860621792719
2.874113637559703 -4.111748415752928 3.694408739594617
3.355412301110403 5.065424983819395 3.759958443922049
12.64686914400016 2.706541456692594 3.828887386794931
-22.00918392480242 3.561473146603882 1.442623429633293
-14.2808005536693 2.793314535230831 1.216259388918304
8.387283203887506 -0.4112095603451573 3.811776438358019
20.1869751900423 -7.085558268623092 3.455476940267038
-19.7837045726424 8.670714978756825 3.247153256128855
-13.32431853048856 0.3009187646752948 1.151673453831493
-19.4308079598003 5.013019831681668 1.193671988213379
0.8428990633808416 6.916758376559649 2.459936921929496
0.9693004498260851 -6.943042109357485 2.529865985018799
17.50858007429805 -5.03173843743965 1.199040335178664
-7.607495005087913 -2.695147575562515 3.694877406590524
-16.88191622222262 4.836383330741629 3.735610325979674
-0.8245998438318906 8.53681748589182 3.729052519867894
2.904167141418665 -1.515033088900053 1.138101132098998
-22.04820957190934 -4.050571834684126 2.390285419138433
-14.02826555605313 5.158393454431989 3.862452364416093
2.889732310982984 1.48715360923733 3.862642060130373
-7.754066561103432 -8.324357590083466 1.206871105631227
-9.973338078534759 -0.4527583422562996 2.279515916405331
9.784243835793141 -8.764416689047552 1.405834314013053
15.55965566560445 3.246904657457357 1.309354632702474
-14.63538580711287 -6.853113436600471 1.203728893006933
5.574156002631822 -1.531643052674459 1.162927424515267
-3.455266505566165 -0.4019919177065374 3.695072603164239
-0.8885381868230393 -5.083689016413525 1.241662641522192
11.22660948706134 -1.524185513396765 2.582489907725217
-1.664901491914365 2.439963404512145 3.826767838219992
7.446004948107817 -4.89685987363181 1.149689148747353
0.1420920524176531 4.937619026385004 2.285528262940363
-12.75719015609097 7.401835808139756 1.139709557387098
13.97396996224184 -7.006100273495789 2.004507214601854
14.37961538484149 -0.6005468920353587 1.191620111764233
11.09487487320465 -3.780045277254763 2.625578151004016
22.53830668330591 1.690036413030659 3.813813848806405
-17.31364204287272 2.486107270685388 3.835244428035737
-2.033076021913484 8.887595458256962 1.952417935829901
-7.729465824075426 7.820932245050227 3.739192159661909
-20.84490654633712 7.112919347408241 1.223164324016085
-2.655866299587929 7.612322505984169 2.430406455930657
-9.009079271784252 1.77470913380423 3.750220488505419
9.456422666192211 1.500529517403185 2.424758539784901
-9.045314221459666 -6.737972327736114 2.406714456147787
-15.27725926591946 -1.49261932426419 1.167365969628319
18.20636809079697 3.00909556553015 1.227573599038062
-19.22928930651168 -3.19580693836974 1.168299691125807
19.5664916040381 -1.853848725656527 2.980070303867424
-19.07656030625151 3.867698019697943 2.64091602223841
17.26740526133909 -1.106437106357996 1.216625490087891
-13.09974094577431 7.246153511852651 3.790955707018478
-1.544458056166116 -4.917356737901025 2.481421380228739
4.481257984644537 -7.260454728798514 3.775935901783226
13.38051269903864 4.913633043319365 1.291315074759836
-19.22974596609007 1.626807896426445 2.676938359541194
-21.35095955946645 3.896858326894001 2.572860357996551
-17.49135981929626 -2.421351719896517 3.714417126822554
15.44236933012559 7.246067348481513 3.791407731233462
12.90721165640786 -4.980517256240663 1.176161139623393
17.67337784042605 -2.677572889422167 3.830524520320703
-2.476839766193259 -8.023702006269227 3.770884137381199
-5.552400777359776 -6.412545544493971 3.867757276220529
-3.088742734579388 6.270122455688067 1.155520196352871
-21.21841183070699 -6.993304187786864 2.620726820720275
-7.954323465336381 -2.087706096696143 1.24365947896638
-2.801888545028947 -8.797804911136156 2.452274806177806
18.09985903425109 -2.40015397549547 1.264858756279945
7.591761259664018 4.989587158366184 1.166715072771467
-2.799054878468954 -7.226471371663211 1.166858328451967
1.429558359285359 -3.881185338569398 3.864151364478046
9.735073658557914 8.747773126461233 3.808353620421291
-18.06934886747871 8.718309352827429 3.194762947179749
5.011039946307549 2.725528294299301 3.836935912442005
7.221830728052272 4.546313238323003 3.73447888363009
7.553279615717794 8.741663443268514 2.50241565130336
7.153341654594415 1.395874967169128 1.284458330980619
-11.03901614810987 5.121271057432347 1.244968211230266
2.98161382426435 -0.9790645191645295 3.79602720970986
-4.656487244576813 -8.74617930577411 2.443484494646379
-10.19134728221307 8.795385259961096 3.127500229911137
21.98324899335176 7.308972727975034 1.204451268482861
0.6653858838835245 -7.160499455580605 1.23727459133752
19.40956821780046 -3.796437578750812 2.582575858235309
13.15943323211116 1.120509154872205 1.23099962112845
20.38086463443011 7.034612139516912 1.183256740488028
15.25772791908204 -2.225966046702015 3.834600275108036
0.6345635902139077 -3.558183390748766 1.283735280115538
-0.1559790899469639 -8.747164142998388 1.283744616712966
-20.87195419589672 1.484180166001379 2.436535283644108
-15.98869747687426 -2.458954090901512 3.814596776940883
-9.421614275565778 -6.581755386611709 1.137447825364075
15.66410688658387 -2.649021944885676 1.232030187221776
-6.122353674638303 -2.146206680085188 3.680112456156874
-3.327710363384655 -5.267366206917734 3.796470061044733
15.30079869615511 -6.622230253336769 1.197769324084766
-12.44700538387011 -8.747924434342487 1.272449789698131
5.298175090806271 8.774852821958829 2.45207779958197
1.34798676546393 -5.395180946654228 2.553688701305319
-5.787856676641218 1.091248656281638 1.308754172627355
-12.7386997737268 3.056393812672676 3.854345503293342
-9.487151809274836 7.011051117105464 1.108931344903254
15.23777559834101 1.505821754703352 3.715699540141546
-1.768772056890145 1.791098755180476 1.132414060436687
14.39696688722175 -5.348350205019167 3.767383329452203
1.520229002011948 -6.864319472809405 3.707275784261904
-3.062268009280509 7.167699425730089 3.831354557980664
-23.49866743988414 -0.7655996365835182 1.169793824757267
19.73907113050312 1.508340144777948 2.476022785714687
-21.4495295684445 3.082007019101535 3.718739473266412
-11.18091136412645 0.142655499459515 2.27686531978352
-7.408512815275615 -5.277398193440029 1.112736205405246
-10.67774315396376 -4.438077297162156 1.171041638625074
8.796742793717895 6.521419806671683 2.463004356577246
-21.59446456641366 5.394402991477528 2.570869543489883
18.57474418028652 1.162789777740916 2.928983192844661
2.355154000048292 -5.180801184982636 1.232628683405024
-2.978625894671652 -5.093965410074138 1.185605651518641
-14.55059234234838 5.238167107270931 1.27991524711908
-12.05632357488876 -6.295471912979761 2.442022709814822
19.74637726588924 -3.697122014281856 4.018972752866968
10.69781809096192 -0.9267627107161946 1.135207129445935
-17.43764372987014 -8.54712940308081 1.160719191709993
-18.53246999306952 6.399560084057701 2.876206667145169
0.8250897736582798 0.2832978776033356 1.166758391919373
18.71804560511448 5.638332555502357 2.570393815755982
7.356834773351869 1.800488674343348 3.866719730691491
-9.502120954797729 1.453893616967039 2.431245425265147
10.62803555285323 6.938201631778544 2.522430945203796
-20.88849048344545 -7.25487383364307 1.19068069776172
-0.7377238267214136 3.122927153046745 2.434723398795112
-15.09123820935554 8.790204601219585 1.939402003718347
0.6996706935788134 -1.415124398726483 2.405470286784617
5.491897955666664 7.704988311430816 1.209344370946429
22.34000647696639 4.102405462596684 1.18170047471308
22.34207255939549 1.617041736479572 1.075692203650587
11.29779551005418 2.479208273007536 3.854854964179578
1.064188767867334 -2.619608751712895 3.856023015756725
-23.57815021176843 6.009712482943161 2.750082246222187
9.068319941411664 -1.425723004278801 2.522656998703233
12.58983600420269 -2.853597725269869 3.784726576077057
-14.08830362596075 -6.154854545025412 2.547120490600433
19.29112610468579 -0.1503041210950968 1.191468222461429
13.51853469818646 -7.769772362327597 3.718466989174824
-4.881681123264439 -6.92599901315709 1.312403230315242
0.7136430362662782 -5.051774976092878 1.13714493136649
7.186603508282988 -7.484482851011387 1.278608584047729
5.39960644982696 6.881634876592393 3.691086719789005
-16.60540751756796 -3.536259302587662 1.148398851160918
11.03234769271826 1.598464526160493 2.653899678733298
7.142193623124541 -4.664176340229913 3.742184462796752
-18.41157753527206 2.298086518121325 1.200015097754273
-19.98215288294207 -8.513000038398822 1.136253213188696
-10.41686208130522 8.709788582143599 1.281761112429867
13.51048994014741 -0.9835523732188093 3.77314795627185
21.53054603906768 -0.4404969590622626 2.330095182156838
23.37016708229412 -0.8492059377884504 1.19548821227849
-9.395830198895185 -4.197878204717865 1.090298408378253
-0.4372554322692699 6.898096722331481 2.505705668820532
-19.35842633555538 -7.100934652339481 2.817402430005064
-2.352605008711139 7.570042659715962 1.149986188783643
-11.23251862589984 -1.738769454400046 1.150666186919904
-0.8852913681321006 -7.008446273340345 2.671643526383952
-21.29754912744612 -1.397192283455737 2.508526429189971
8.826261301545427 0.0005668780128624817 2.546044411817586
-19.11143112603666 -2.822447443249215 3.780020958802547
-2.84151079069649 -2.691555496155403 3.889128142987688
-1.299863802189902 8.895021225618915e-05 2.552397933887903
-8.688596476223669 0.1956894937839506 2.519352234694809
-5.529873659922715 -4.89043555085461 1.076621074209162
9.061746128435855 -2.691957412727531 3.832755503171116
0.1965209200413473 2.803370547676242 1.161361044262097
-22.43390185946615 2.366813645042556 1.122707522857637
-6.687858878714597 7.122534932439114 2.796608770676198

CELLS 16965 79393
1 0
1 1
1 2
1 3
1 4
1 5
1 6
1 7
1 8
1 9
1 10
1 11
1 12
1 13
1 14
1 15
1 16
1 17
1 18
1 19
1 20
1 21
1 22
1 23
1 24
1 25
1 26
1 27
1 28
1 29
1 30
1 31
1 32
1 33
1 34
1 35
1 36
1 37
1 38
1 39
1 40
1 41
1 42
1 43
1 44
1 45
1 46
1 47
1 48
1 49
1 50
1 51
1 52
1 53
1 54
1 55
1 56
1 57
1 58
1 59
1 60
1 61
1 62
1 63
1 64
1 65
1 66
1 67
1 68
1 69
1 70
1 71
1 72
1 73
1 74
1 75
1 76
1 77
1 78
1 79
1 80
1 81
1 82
1 83
1 84
1 85
1 86
1 87
1 88
1 89
1 90
1 91
1 92
1 93
1 94
1 95
1 96
1 97
1 98
1 99
1 100
1 101
1 102
1 103
1 104
1 105
1 106
1 107
1 108
1 109
1 110
1 111
1 112
1 113
1 114
1 115
1 116
1 117
1 118
1 119
1 120
1 121
1 122
1 123
1 124
1 125
1 126
1 127
2 0 128
2 128 129
2 129 130
2 130 1
2 2 131
2 131 132
2 132 133
2 133 3
2 0 134
2 134 135
2 135 136
2 136 137
2 137 138
2 138 139
2 139 140
2 140 141
2 141 142
2 142 143
2 143 144
2 144 145
2 145 146
2 146 147
2 147 148
2 148 149
2 149 150
2 150 151
2 151 152
2 152 153
2 153 154
2 154 155
2 155 156
2 156 157
2 157 158
2 158 159
2 159 160
2 160 161
2 161 162
2 162 163
2 163 164
2 164 165
2 165 166
2 166 167
2 167 168
2 168 169
2 169 170
2 170 171
2 171 2
2 1 172
2 172 173
2 173 174
2 174 175
2 175 176
2 176 177
2 177 178
2 178 179
2 179 180
2 180 181
2 181 182
2 182 183
2 183 184
2 184 185
2 185 186
2 186 187
2 187 188
2 188 189
2 189 190
2 190 191
2 191 192
2 192 193
2 193 194
2 194 195
2 195 196
2 196 197
2 197 198
2 198 199
2 199 200
2 200 201
2 201 202
2 202 203
2 203 204
2 204 205
2 205 206
2 206 207
2 207 208
2 208 209
2 209 3
2 4 210
2 210 211
2 211 212
2 212 5
2 4 213
2 213 214
2 214 215
2 215 216
2 216 217
2 217 218
2 218 219
2 219 220
2 220 221
2 221 222
2 222 223
2 223 224
2 224 225
2 225 226
2 226 227
2 227 0
2 5 228
2 228 229
2 229 230
2 230 231
2 231 232
2 232 233
2 233 234
2 234 235
2 235 236
2 236 237
2 237 238
2 238 239
2 239 240
2 240 241
2 241 242
2 242 1
2 6 243
2 243 244
2 244 245
2 245 7
2 2 246
2 246 247
2 247 248
2 248 249
2 249 250
2 250 251
2 251 252
2 252 253
2 253 254
2 254 255
2 255 256
2 256 257
2 257 258
2 258 259
2 259 260
2 260 6
2 3 261
2 261 262
2 262 263
2 263 264
2 264 265
2 265 266
2 266 267
2 267 268
2 268 269
2 269 270
2 270 271
2 271 272
2 272 273
2 273 274
2 274 275
2 275 7
2 6 276
2 276 277
2 277 278
2 278 279
2 279 280
2 280 281
2 281 282
2 282 283
2 283 284
2 284 285
2 285 286
2 286 287
2 287 288
2 288 289
2 289 290
2 290 291
2 291 292
2 292 293
2 293 294
2 294 295
2 295 296
2 296 297
2 297 298
2 298 299
2 299 300
2 300 301
2 301 302
2 302 303
2 303 304
2 304 305
2 305 306
2 306 307
2 307 308
2 308 309
2 309 310
2 310 311
2 311 312
2 312 313
2 313 4
2 7 314
2 314 315
2 315 316
2 316 317
2 317 318
2 318 319
2 319 320
2 320 321
2 321 322
2 322 323
2 323 324
2 324 325
2 325 326
2 326 327
2 327 328
2 328 329
2 329 330
2 330 331
2 331 332
2 332 333
2 333 334
2 334 335
2 335 336
2 336 337
2 337 338
2 338 339
2 339 340
2 340 341
2 341 342
2 342 343
2 343 344
2 344 345
2 345 346
2 346 347
2 347 348
2 348 349
2 349 350
2 350 351
2 351 5
2 9 8
2 8 10
2 11 10
2 9 11
2 9 12
2 12 13
2 8 13
2 10 14
2 13 14
2 11 15
2 15 14
2 12 15
2 17 16
2 16 18
2 19 18
2 17 19
2 17 20
2 20 21
2 16 21
2 18 22
2 21 22
2 19 23
2 23 22
2 20 23
2 25 24
2 24 26
2 27 26
2 25 27
2 25 28
2 28 29
2 24 29
2 26 30
2 29 30
2 27 31
2 31 30
2 28 31
2 33 32
2 32 34
2 35 34
2 33 35
2 33 36
2 36 37
2 32 37
2 34 38
2 37 38
2 35 39
2 39 38
2 36 39
2 41 40
2 40 42
2 43 42
2 41 43
2 41 44
2 44 45
2 40 45
2 42 46
2 45 46
2 43 47
2 47 46
2 44 47
2 49 48
2 48 50
2 51 50
2 49 51
2 49 52
2 52 53
2 48 53
2 50 54
2 53 54
2 51 55
2 55 54
2 52 55
2 57 56
2 56 58
2 59 58
2 57 59
2 57 60
2 60 61
2 56 61
2 58 62
2 61 62
2 59 63
2 63 62
2 60 63
2 65 64
2 64 66
2 67 66
2 65 67
2 65 68
2 68 69
2 64 69
2 66 70
2 69 70
2 67 71
2 71 70
2 68 71
2 73 72
2 72 74
2 75 74
2 73 75
2 73 76
2 76 77
2 72 77
2 74 78
2 77 78
2 75 79
2 79 78
2 76 79
2 81 80
2 80 82
2 83 82
2 81 83
2 81 84
2 84 85
2 80 85
2 82 86
2 85 86
2 83 87
2 87 86
2 84 87
2 89 88
2 88 90
2 91 90
2 89 91
2 89 92
2 92 93
2 88 93
2 90 94
2 93 94
2 91 95
2 95 94
2 92 95
2 97 96
2 96 98
2 99 98
2 97 99
2 97 100
2 100 101
2 96 101
2 98 102
2 101 102
2 99 103
2 103 102
2 100 103
2 105 104
2 104 106
2 107 106
2 105 107
2 105 108
2 108 109
2 104 109
2 106 110
2 109 110
2 107 111
2 111 110
2 108 111
2 113 112
2 112 114
2 115 114
2 113 115
2 113 116
2 116 117
2 112 117
2 114 118
2 117 118
2 115 119
2 119 118
2 116 119
2 121 120
2 120 122
2 123 122
2 121 123
2 121 124
2 124 125
2 120 125
2 122 126
2 125 126
2 123 127
2 127 126
2 124 127
3 128 0 467
3 0 134 467
3 1 130 470
3 172 1 470
3 2 131 469
3 171 2 469
3 133 3 468
3 3 209 468
3 129 128 385
3 385 128 467
3 130 129 461
3 129 385 461
3 130 461 470
3 131 132 462
3 131 462 469
3 132 133 384
3 132 384 462
3 384 133 468
3 134 135 464
3 134 464 467
3 135 136 374
3 135 374 464
3 136 137 423
3 374 136 423
3 137 138 376
3 137 376 423
3 138 139 438
3 376 138 438
3 139 140 373
3 139 373 438
3 140 141 435
3 373 140 435
3 141 142 383
3 141 383 435
3 142 143 436
3 383 142 436
3 143 144 354
3 143 354 436
3 144 145 455
3 354 144 455
3 145 146 361
3 145 361 455
3 146 147 440
3 361 146 440
3 147 148 356
3 147 356 440
3 148 149 409
3 356 148 409
3 149 150 439
3 409 149 439
3 150 151 372
3 150 372 439
3 151 152 417
3 372 151 417
3 152 153 418
3 417 152 418
3 153 154 353
3 153 353 418
3 154 155 434
3 353 154 434
3 155 156 445
3 434 155 445
3 156 157 357
3 156 357 445
3 157 158 483
3 357 157 483
3 158 159 359
3 158 359 483
3 159 160 401
3 359 159 401
3 160 161 352
3 160 352 401
3 161 162 448
3 352 161 448
3 162 163 382
3 162 382 448
3 163 164 394
3 382 163 394
3 164 165 360
3 164 360 394
3 165 166 482
3 360 165 482
3 166 167 366
3 166 366 482
3 167 168 403
3 366 167 403
3 168 169 367
3 168 367 403
3 169 170 404
3 367 169 404
3 170 171 380
3 170 380 404
3 380 171 469
3 173 172 381
3 381 172 470
3 174 173 433
3 173 381 433
3 175 174 364
3 364 174 433
3 176 175 481
3 175 364 481
3 177 176 365
3 365 176 481
3 178 177 430
3 177 365 430
3 179 178 458
3 178 430 458
3 180 179 363
3 363 179 458
3 181 180 444
3 180 363 444
3 182 181 420
3 420 181 444
3 183 182 370
3 370 182 420
3 184 183 442
3 183 370 442
3 185 184 371
3 371 184 442
3 186 185 479
3 185 371 415
3 185 415 479
3 187 186 479
3 188 187 362
3 362 187 413
3 413 187 479
3 189 188 432
3 188 362 432
3 190 189 358
3 358 189 432
3 191 190 443
3 190 358 443
3 192 191 406
3 406 191 443
3 193 192 369
3 369 192 406
3 194 193 450
3 193 369 450
3 195 194 395
3 395 194 450
3 196 195 375
3 375 195 395
3 197 196 447
3 196 375 447
3 198 197 368
3 368 197 447
3 199 198 402
3 198 368 402
3 200 199 451
3 199 402 451
3 201 200 355
3 355 200 451
3 202 201 466
3 201 355 466
3 203 202 492
3 393 202 466
3 202 393 492
3 204 203 378
3 378 203 492
3 205 204 386
3 204 378 386
3 206 205 377
3 377 205 386
3 207 206 454
3 206 377 454
3 208 207 379
3 379 207 454
3 209 208 463
3 208 379 463
3 209 463 468
3 401 352 473
3 352 448 486
3 473 352 486
3 418 353 477
3 353 434 477
3 436 354 475
3 354 455 475
3 355 451 484
3 355 465 466
3 465 355 484
3 356 409 410
3 356 410 411
3 356 411 440
3 357 399 476
3 399 357 483
3 445 357 476
3 358 432 474
3 443 358 488
3 358 474 488
3 359 398 399
3 398 359 400
3 359 399 483
3 400 359 401
3 388 360 389
3 360 388 390
3 389 360 482
3 360 390 394
3 416 361 440
3 361 416 441
3 361 441 455
3 412 362 413
3 362 412 414
3 362 414 432
3 444 363 487
3 363 458 472
3 363 472 487
3 364 424 426
3 424 364 428
3 364 426 481
3 428 364 433
3 425 365 426
3 365 425 427
3 426 365 481
3 365 427 430
3 366 387 389
3 387 366 391
3 366 389 482
3 391 366 403
3 403 367 491
3 367 404 459
3 367 459 491
3 400 368 447
3 368 400 457
3 402 368 457
3 369 406 407
3 369 407 485
3 450 369 485
3 370 420 421
3 370 421 478
3 442 370 478
3 371 411 415
3 411 371 416
3 416 371 442
3 372 414 439
3 414 372 456
3 372 417 456
3 373 427 438
3 427 373 480
3 373 435 480
3 374 423 428
3 374 428 429
3 374 429 464
3 375 395 396
3 375 396 398
3 375 398 447
3 423 376 424
3 424 376 425
3 425 376 438
3 377 386 391
3 377 391 392
3 377 392 454
3 386 378 387
3 387 378 388
3 388 378 492
3 379 454 471
3 463 379 489
3 379 471 489
3 404 380 405
3 405 380 462
3 462 380 469
3 433 381 490
3 461 381 470
3 381 461 490
3 382 394 460
3 448 382 449
3 449 382 460
3 435 383 453
3 383 436 437
3 383 437 453
3 384 405 462
3 405 384 489
3 463 384 468
3 384 463 489
3 385 429 461
3 429 385 464
3 464 385 467
3 386 387 391
3 387 388 389
3 390 388 393
3 393 388 492
3 390 393 465
3 394 390 460
3 460 390 465
3 392 391 491
3 391 403 491
3 454 392 471
3 392 459 471
3 459 392 491
3 465 393 466
3 396 395 397
3 397 395 450
3 396 397 476
3 398 396 399
3 399 396 476
3 445 397 446
3 397 445 476
3 446 397 485
3 397 450 485
3 398 400 447
3 400 401 473
3 457 400 473
3 451 402 452
3 452 402 457
3 404 405 459
3 459 405 489
3 407 406 408
3 408 406 443
3 407 408 477
3 407 434 446
3 434 407 477
3 407 446 485
3 418 408 419
3 408 418 477
3 419 408 488
3 408 443 488
3 410 409 412
3 412 409 439
3 411 410 415
3 410 412 413
3 410 413 415
3 411 416 440
3 414 412 439
3 415 413 479
3 432 414 474
3 414 456 474
3 441 416 478
3 416 442 478
3 417 418 419
3 417 419 456
3 456 419 474
3 474 419 488
3 421 420 422
3 422 420 444
3 421 422 475
3 441 421 455
3 421 441 478
3 455 421 475
3 436 422 437
3 422 436 475
3 437 422 487
3 422 444 487
3 423 424 428
3 424 425 426
3 427 425 438
3 430 427 431
3 431 427 480
3 429 428 490
3 428 433 490
3 461 429 490
3 430 431 458
3 431 453 472
3 453 431 480
3 458 431 472
3 434 445 446
3 435 453 480
3 453 437 487
3 448 449 486
3 449 451 452
3 451 449 484
3 449 452 486
3 449 460 484
3 452 457 473
3 452 473 486
3 472 453 487
3 471 459 489
3 460 465 484
3 0 128 538
3 227 0 538
3 130 1 539
3 1 242 539
3 210 4 540
3 4 213 540
3 5 212 541
3 228 5 541
3 128 129 507
3 128 507 538
3 129 130 516
3 507 129 516
3 516 130 539
3 211 210 506
3 506 210 540
3 212 211 536
3 211 506 536
3 212 536 541
3 213 214 534
3 213 534 540
3 214 215 497
3 214 497 534
3 215 216 522
3 497 215 522
3 216 217 499
3 216 499 522
3 217 218 525
3 499 217 525
3 218 219 500
3 218 500 525
3 219 220 508
3 500 219 508
3 220 221 526
3 508 220 526
3 221 222 495
3 221 495 526
3 222 223 527
3 495 222 527
3 223 224 503
3 223 503 527
3 224 225 532
3 503 224 532
3 225 226 493
3 225 493 532
3 226 227 535
3 493 226 535
3 535 227 538
3 229 228 505
3 505 228 541
3 230 229 514
3 229 505 514
3 231 230 501
3 501 230 514
3 232 231 521
3 231 501 521
3 233 232 498
3 498 232 521
3 234 233 548
3 233 498 548
3 235 234 496
3 496 234 548
3 236 235 518
3 235 496 518
3 237 236 504
3 504 236 518
3 238 237 524
3 237 504 524
3 239 238 494
3 494 238 524
3 240 239 530
3 239 494 530
3 241 240 502
3 502 240 530
3 242 241 537
3 241 502 537
3 242 537 539
3 532 493 544
3 493 535 544
3 494 524 546
3 530 494 546
3 526 495 545
3 495 527 545
3 496 512 547
3 512 496 548
3 518 496 547
3 497 522 523
3 497 523 543
3 534 497 543
3 498 512 548
3 512 498 551
3 513 498 521
3 498 513 551
3 522 499 533
3 499 525 550
3 533 499 550
3 500 508 509
3 500 509 511
3 500 511 525
3 501 514 549
3 521 501 542
3 542 501 549
3 517 502 531
3 502 517 537
3 502 530 531
3 527 503 528
3 528 503 529
3 529 503 532
3 504 518 519
3 504 519 520
3 504 520 524
3 514 505 515
3 515 505 536
3 536 505 541
3 506 515 536
3 515 506 543
3 534 506 540
3 506 534 543
3 507 516 517
3 507 517 535
3 507 535 538
3 509 508 510
3 510 508 526
3 509 510 547
3 511 509 512
3 512 509 547
3 518 510 519
3 510 518 547
3 519 510 526
3 511 512 551
3 525 511 550
3 550 511 551
3 513 521 542
3 533 513 542
3 513 533 550
3 513 550 551
3 514 515 549
3 523 515 543
3 515 523 549
3 517 516 537
3 537 516 539
3 517 531 544
3 535 517 544
3 520 519 545
3 519 526 545
3 524 520 528
3 520 527 528
3 527 520 545
3 523 522 533
3 523 533 542
3 523 542 549
3 524 528 546
3 528 529 546
3 530 529 531
3 529 530 546
3 531 529 532
3 531 532 544
3 131 2 601
3 2 246 601
3 3 133 603
3 261 3 603
3 6 243 600
3 260 6 600
3 245 7 602
3 7 275 602
3 132 131 564
3 564 131 601
3 133 132 569
3 132 564 569
3 133 569 603
3 243 244 563
3 243 563 600
3 244 245 565
3 563 244 565
3 565 245 602
3 246 247 571
3 246 571 601
3 247 248 598
3 571 247 598
3 248 249 560
3 248 560 598
3 249 250 579
3 560 249 579
3 250 251 573
3 250 573 579
3 251 252 557
3 251 557 573
3 252 253 589
3 557 252 589
3 253 254 561
3 253 561 589
3 254 255 606
3 561 254 606
3 255 256 553
3 255 553 606
3 256 257 591
3 553 256 591
3 257 258 558
3 257 558 591
3 258 259 597
3 558 258 597
3 259 260 567
3 259 567 597
3 567 260 600
3 262 261 593
3 593 261 603
3 263 262 555
3 555 262 593
3 264 263 580
3 263 555 580
3 265 264 556
3 556 264 580
3 266 265 607
3 265 556 607
3 267 266 562
3 562 266 607
3 268 267 588
3 267 562 588
3 269 268 554
3 554 268 588
3 270 269 581
3 269 554 581
3 271 270 587
3 270 581 587
3 272 271 559
3 559 271 587
3 273 272 590
3 272 559 590
3 274 273 552
3 552 273 590
3 275 274 594
3 274 552 594
3 275 594 602
3 552 566 594
3 566 552 595
3 552 590 595
3 553 584 606
3 584 553 610
3 585 553 591
3 553 585 610
3 581 554 582
3 582 554 586
3 586 554 588
3 570 555 593
3 555 570 596
3 580 555 596
3 556 577 607
3 577 556 611
3 578 556 580
3 556 578 611
3 573 557 574
3 574 557 575
3 575 557 589
3 568 558 597
3 558 568 599
3 591 558 612
3 558 599 612
3 559 587 608
3 590 559 592
3 592 559 608
3 560 572 598
3 572 560 609
3 560 579 609
3 561 584 604
3 584 561 606
3 589 561 604
3 562 577 605
3 577 562 607
3 588 562 605
3 563 565 566
3 563 566 567
3 563 567 600
3 569 564 570
3 570 564 571
3 571 564 601
3 566 565 594
3 594 565 602
3 567 566 568
3 568 566 595
3 567 568 597
3 568 595 599
3 569 570 593
3 569 593 603
3 570 571 572
3 570 572 596
3 572 571 598
3 572 578 596
3 578 572 609
3 573 574 576
3 573 576 579
3 574 575 605
3 576 574 577
3 577 574 605
3 575 586 588
3 586 575 589
3 575 588 605
3 576 577 611
3 579 576 609
3 609 576 611
3 578 580 596
3 578 609 611
3 581 582 583
3 581 583 587
3 583 582 584
3 584 582 604
3 582 586 604
3 583 584 610
3 587 583 608
3 608 583 610
3 585 591 612
3 585 592 608
3 592 585 612
3 585 608 610
3 586 589 604
3 590 592 595
3 595 592 599
3 599 592 612
3 134 0 1256
3 0 227 1256
3 2 171 1255
3 246 2 1255
3 213 4 1258
3 4 313 1258
3 6 260 1257
3 276 6 1257
3 135 134 655
3 655 134 1256
3 136 135 1244
3 135 655 1244
3 137 136 645
3 645 136 1244
3 138 137 1241
3 137 645 1241
3 139 138 631
3 631 138 1241
3 140 139 1238
3 139 631 1238
3 141 140 1236
3 1236 140 1238
3 142 141 618
3 618 141 1236
3 143 142 1234
3 142 618 1234
3 144 143 646
3 646 143 1234
3 145 144 1231
3 144 646 1231
3 146 145 627
3 627 145 1231
3 147 146 1210
3 146 627 1210
3 148 147 1202
3 1202 147 1210
3 149 148 616
3 616 148 1202
3 150 149 1192
3 149 616 1192
3 151 150 637
3 637 150 1192
3 152 151 1185
3 151 637 1185
3 153 152 623
3 623 152 1185
3 154 153 1182
3 153 623 1182
3 155 154 641
3 641 154 1182
3 156 155 1177
3 155 641 1177
3 157 156 617
3 617 156 1177
3 158 157 1174
3 157 617 1174
3 159 158 642
3 642 158 1174
3 160 159 1172
3 159 642 1172
3 161 160 614
3 614 160 1172
3 162 161 1169
3 161 614 1169
3 163 162 638
3 638 162 1169
3 164 163 1166
3 163 638 1166
3 165 164 625
3 625 164 1166
3 166 165 1157
3 165 625 1157
3 167 166 656
3 656 166 1157
3 168 167 633
3 633 167 656
3 169 168 1153
3 168 633 1153
3 170 169 652
3 652 169 1153
3 171 170 1156
3 170 652 1156
3 171 1156 1255
3 214 213 1245
3 1245 213 1258
3 215 214 651
3 651 214 1245
3 216 215 1249
3 215 651 1249
3 217 216 635
3 635 216 1249
3 218 217 1252
3 217 635 1252
3 219 218 1003
3 1003 218 1252
3 220 219 622
3 622 219 1003
3 221 220 1207
3 220 622 1207
3 222 221 1187
3 1187 221 1207
3 223 222 629
3 629 222 1187
3 224 223 1164
3 223 629 1164
3 225 224 648
3 648 224 1164
3 226 225 1163
3 225 648 1163
3 227 226 1179
3 226 1163 1179
3 227 1179 1256
3 247 246 1178
3 1178 246 1255
3 248 247 650
3 650 247 1178
3 249 248 1162
3 248 650 1162
3 250 249 636
3 636 249 1162
3 251 250 1161
3 250 636 1161
3 252 251 1251
3 251 1161 1251
3 253 252 621
3 621 252 1251
3 254 253 1196
3 253 621 1196
3 255 254 1165
3 1165 254 1196
3 256 255 630
3 630 255 1165
3 257 256 1247
3 256 630 1247
3 258 257 649
3 649 257 1247
3 259 258 1248
3 258 649 1248
3 260 259 1180
3 1180 259 1248
3 260 1180 1257
3 277 276 654
3 654 276 1257
3 278 277 1154
3 277 654 1154
3 279 278 647
3 647 278 1154
3 280 279 1155
3 279 647 1155
3 281 280 632
3 632 280 1155
3 282 281 1175
3 281 632 1175
3 283 282 1214
3 282 1175 1214
3 284 283 619
3 619 283 1214
3 285 284 1170
3 284 619 1170
3 286 285 1218
3 285 1170 1218
3 287 286 640
3 640 286 1218
3 288 287 1158
3 287 640 1158
3 289 288 620
3 620 288 1158
3 290 289 1223
3 289 620 1223
3 291 290 1226
3 290 1223 1226
3 292 291 628
3 628 291 1226
3 293 292 1224
3 292 628 1224
3 294 293 1222
3 1222 293 1224
3 295 294 615
3 615 294 1222
3 296 295 1219
3 295 615 1219
3 297 296 643
3 643 296 1219
3 298 297 1215
3 297 643 1215
3 299 298 624
3 624 298 1215
3 300 299 1213
3 299 624 1213
3 301 300 644
3 644 300 1213
3 302 301 1208
3 301 644 1208
3 303 302 613
3 613 302 1208
3 304 303 1204
3 303 613 1204
3 305 304 639
3 639 304 1204
3 306 305 1200
3 305 639 1200
3 307 306 626
3 626 306 1200
3 308 307 1194
3 307 626 1194
3 309 308 1193
3 1193 308 1194
3 310 309 634
3 634 309 1193
3 311 310 1189
3 310 634 1189
3 312 311 653
3 653 311 1189
3 313 312 1233
3 312 653 1233
3 313 1233 1258
3 613 1102 1204
3 1102 613 1206
3 1206 613 1208
3 614 1051 1171
3 1051 614 1172
3 1169 614 1171
3 615 1056 1219
3 1056 615 1227
3 615 1222 1227
3 616 1070 1199
3 1070 616 1202
3 1192 616 1199
3 617 1080 1176
3 1080 617 1177
3 1174 617 1176
3 618 1008 1235
3 1008 618 1236
3 1234 618 1235
3 1170 619 1197
3 1197 619 1217
3 619 1214 1217
3 620 1150 1223
3 1150 620 1229
3 620 1158 1229
3 958 621 959
3 621 958 960
3 959 621 1251
3 621 960 1196
3 622 1003 1239
3 622 1131 1207
3 1131 622 1239
3 623 1060 1184
3 1060 623 1185
3 1182 623 1184
3 624 1074 1213
3 1074 624 1216
3 624 1215 1216
3 625 968 1160
3 968 625 1166
3 1157 625 1160
3 626 951 1198
3 951 626 1200
3 626 952 1194
3 952 626 1198
3 627 1026 1221
3 1026 627 1231
3 1210 627 1221
3 628 1064 1224
3 1064 628 1230
3 628 1226 1230
3 949 629 1187
3 629 949 1242
3 1164 629 1242
3 1016 630 1168
3 630 1016 1247
3 630 1165 1237
3 1168 630 1237
3 631 1009 1238
3 1009 631 1240
3 631 1123 1240
3 1123 631 1241
3 632 1155 1211
3 1175 632 1186
3 1186 632 1211
3 633 656 657
3 633 657 903
3 633 903 1153
3 634 948 1191
3 948 634 1193
3 634 1125 1189
3 1125 634 1191
3 953 635 955
3 635 953 961
3 955 635 1249
3 635 961 1252
3 1161 636 1254
3 636 1162 1254
3 637 1058 1190
3 1058 637 1192
3 1185 637 1190
3 638 962 1167
3 962 638 1169
3 1166 638 1167
3 639 951 1200
3 951 639 1201
3 1201 639 1204
3 1158 640 1228
3 640 1218 1225
3 640 1225 1228
3 641 1095 1181
3 1095 641 1182
3 1177 641 1181
3 642 1029 1173
3 1029 642 1174
3 1172 642 1173
3 643 1097 1215
3 1097 643 1220
3 643 1219 1220
3 644 1107 1208
3 1107 644 1212
3 1212 644 1213
3 645 1100 1243
3 1100 645 1244
3 645 1123 1241
3 1123 645 1243
3 646 1116 1232
3 1116 646 1234
3 1231 646 1232
3 647 1154 1205
3 1155 647 1209
3 647 1205 1209
3 1163 648 1246
3 648 1164 1260
3 1246 648 1260
3 649 1014 1015
3 1014 649 1016
3 649 1015 1248
3 1016 649 1247
3 1152 650 1178
3 650 1152 1253
3 1162 650 1253
3 955 651 956
3 651 955 1249
3 956 651 957
3 957 651 1245
3 652 1151 1152
3 1151 652 1153
3 652 1152 1156
3 957 653 1188
3 653 957 1233
3 653 1125 1188
3 1125 653 1189
3 1154 654 1203
3 654 1180 1203
3 1180 654 1257
3 655 1179 1250
3 1179 655 1256
3 1244 655 1250
3 657 656 658
3 658 656 1157
3 657 658 659
3 657 659 964
3 903 657 964
3 659 658 660
3 660 658 1160
3 658 1157 1160
3 659 660 661
3 659 661 761
3 659 761 964
3 661 660 662
3 662 660 966
3 966 660 1160
3 661 662 663
3 661 663 971
3 761 661 971
3 663 662 664
3 664 662 781
3 781 662 966
3 663 664 665
3 663 665 725
3 663 725 971
3 665 664 666
3 666 664 974
3 664 781 974
3 665 666 667
3 665 667 970
3 725 665 970
3 667 666 668
3 668 666 736
3 736 666 974
3 667 668 669
3 667 669 973
3 970 667 973
3 669 668 670
3 670 668 981
3 668 736 981
3 669 670 671
3 669 671 715
3 669 715 973
3 671 670 672
3 672 670 673
3 673 670 981
3 671 672 983
3 715 671 737
3 737 671 983
3 672 673 674
3 672 674 718
3 672 718 983
3 674 673 675
3 675 673 849
3 849 673 981
3 674 675 676
3 674 676 987
3 718 674 987
3 676 675 677
3 677 675 999
3 675 849 999
3 676 677 678
3 676 678 746
3 676 746 987
3 678 677 679
3 679 677 730
3 730 677 999
3 678 679 680
3 678 680 1133
3 746 678 1133
3 680 679 681
3 681 679 1077
3 679 730 1077
3 680 681 682
3 680 682 1081
3 680 1081 1133
3 682 681 683
3 683 681 751
3 751 681 1077
3 682 683 684
3 682 684 719
3 682 719 1081
3 684 683 685
3 685 683 1082
3 683 751 1082
3 684 685 686
3 684 686 1030
3 719 684 1030
3 686 685 687
3 687 685 731
3 731 685 1082
3 686 687 688
3 686 688 1052
3 1030 686 1052
3 688 687 689
3 689 687 1076
3 687 731 1076
3 688 689 690
3 688 690 720
3 688 720 1052
3 690 689 691
3 691 689 750
3 750 689 1076
3 690 691 692
3 690 692 1086
3 720 690 1086
3 692 691 693
3 693 691 1083
3 691 750 1083
3 692 693 694
3 692 694 749
3 692 749 1086
3 694 693 695
3 695 693 732
3 732 693 1083
3 694 695 696
3 694 696 1087
3 749 694 1087
3 696 695 697
3 697 695 1084
3 695 732 1084
3 696 697 698
3 696 698 723
3 696 723 1087
3 698 697 699
3 699 697 758
3 758 697 1084
3 698 699 700
3 698 700 1035
3 723 698 1035
3 700 699 701
3 701 699 1091
3 699 758 1091
3 700 701 702
3 700 702 759
3 700 759 1035
3 702 701 703
3 703 701 729
3 729 701 1091
3 702 703 704
3 702 704 1061
3 759 702 1061
3 704 703 705
3 705 703 1049
3 703 729 1049
3 704 705 706
3 704 706 722
3 704 722 1061
3 706 705 707
3 707 705 1105
3 705 1049 1105
3 706 707 708
3 706 708 1044
3 722 706 1044
3 708 707 709
3 709 707 733
3 733 707 1105
3 708 709 710
3 708 710 748
3 708 748 1044
3 710 709 711
3 711 709 1108
3 709 733 1108
3 710 711 712
3 710 712 1141
3 748 710 1141
3 712 711 713
3 713 711 1011
3 1011 711 1108
3 712 713 714
3 712 714 721
3 712 721 1141
3 714 713 716
3 716 713 1017
3 713 1011 1017
3 714 716 717
3 714 717 1068
3 721 714 1068
3 715 737 738
3 715 738 1146
3 973 715 1146
3 717 716 724
3 724 716 727
3 727 716 1017
3 717 724 726
3 717 726 752
3 717 752 1068
3 983 718 984
3 984 718 985
3 985 718 987
3 719 1030 1031
3 719 1031 1033
3 719 1033 1081
3 1052 720 1053
3 1053 720 1054
3 1054 720 1086
3 980 721 1005
3 721 980 1141
3 1005 721 1068
3 722 1042 1061
3 1042 722 1140
3 722 1044 1140
3 723 1035 1038
3 723 1038 1039
3 723 1039 1087
3 726 724 1118
3 724 727 728
3 724 728 1118
3 725 970 972
3 971 725 1149
3 725 972 1149
3 752 726 753
3 753 726 1128
3 726 1118 1128
3 728 727 734
3 734 727 747
3 747 727 1017
3 728 734 735
3 728 735 760
3 728 760 1118
3 729 1047 1048
3 1047 729 1091
3 729 1048 1049
3 992 730 1043
3 730 992 1077
3 730 999 1043
3 731 994 1076
3 994 731 1085
3 731 1082 1085
3 996 732 1075
3 732 996 1084
3 1075 732 1083
3 733 1010 1108
3 1010 733 1110
3 733 1105 1110
3 735 734 1022
3 734 747 770
3 734 770 1022
3 760 735 762
3 762 735 778
3 778 735 1022
3 736 974 1119
3 981 736 1145
3 736 1119 1145
3 738 737 739
3 739 737 986
3 737 983 986
3 738 739 740
3 738 740 741
3 738 741 1146
3 740 739 743
3 743 739 745
3 745 739 986
3 741 740 742
3 742 740 1027
3 740 743 1027
3 741 742 744
3 741 744 1018
3 741 1018 1146
3 744 742 767
3 767 742 768
3 768 742 1027
3 743 745 775
3 743 775 1004
3 743 1004 1027
3 744 767 777
3 744 777 780
3 744 780 1018
3 775 745 776
3 776 745 1136
3 745 986 1136
3 987 746 988
3 988 746 989
3 989 746 1133
3 770 747 771
3 771 747 1109
3 747 1017 1109
3 1044 748 1045
3 1045 748 1144
3 748 1141 1144
3 1066 749 1087
3 749 1066 1139
3 1086 749 1139
3 995 750 1067
3 750 995 1083
3 1067 750 1076
3 751 993 1082
3 993 751 1111
3 751 1077 1111
3 752 753 754
3 752 754 1112
3 1068 752 1112
3 754 753 755
3 755 753 763
3 763 753 1128
3 754 755 756
3 754 756 757
3 754 757 1112
3 756 755 1113
3 755 763 772
3 755 772 1113
3 757 756 764
3 764 756 765
3 765 756 1113
3 757 764 766
3 757 766 896
3 757 896 1112
3 758 997 1091
3 997 758 1092
3 758 1084 1092
3 1035 759 1036
3 1036 759 1037
3 1037 759 1061
3 760 762 769
3 760 769 936
3 760 936 1118
3 964 761 982
3 965 761 971
3 761 965 982
3 769 762 1020
3 762 778 779
3 762 779 1020
3 772 763 784
3 784 763 1129
3 763 1128 1129
3 764 765 782
3 766 764 1046
3 764 782 1046
3 782 765 783
3 783 765 1126
3 765 1113 1126
3 896 766 976
3 766 975 976
3 975 766 1046
3 767 768 773
3 767 773 1090
3 777 767 1090
3 773 768 774
3 774 768 1040
3 768 1027 1040
3 936 769 937
3 937 769 938
3 938 769 1020
3 770 771 791
3 770 791 1114
3 1022 770 1114
3 791 771 792
3 792 771 793
3 793 771 1109
3 772 784 786
3 772 786 898
3 772 898 1113
3 773 774 785
3 773 785 899
3 773 899 1090
3 785 774 796
3 796 774 797
3 797 774 1040
3 775 776 798
3 775 798 858
3 775 858 1004
3 798 776 799
3 799 776 800
3 800 776 1136
3 780 777 787
3 787 777 795
3 795 777 1090
3 779 778 789
3 789 778 897
3 897 778 1022
3 779 789 790
3 779 790 840
3 779 840 1020
3 780 787 788
3 780 788 848
3 780 848 1018
3 781 966 967
3 781 967 969
3 781 969 974
3 782 783 923
3 782 923 925
3 782 925 1046
3 923 783 924
3 924 783 1124
3 1124 783 1126
3 786 784 940
3 940 784 1130
3 784 1129 1130
3 785 796 845
3 785 845 1159
3 899 785 1159
3 898 786 914
3 914 786 1002
3 786 940 1002
3 788 787 841
3 787 795 1183
3 841 787 1183
3 788 841 842
3 788 842 1147
3 848 788 1147
3 790 789 941
3 789 897 1122
3 941 789 1122
3 840 790 927
3 927 790 1098
3 790 941 1098
3 791 792 1006
3 791 1006 1007
3 791 1007 1114
3 792 793 794
3 792 794 926
3 792 926 1006
3 794 793 859
3 859 793 935
3 935 793 1109
3 794 859 860
3 794 860 1115
3 926 794 1115
3 795 1090 1127
3 795 1127 1195
3 1183 795 1195
3 796 797 908
3 845 796 1012
3 796 908 1012
3 908 797 998
3 998 797 1000
3 1000 797 1040
3 798 799 1019
3 858 798 910
3 910 798 1019
3 799 800 801
3 799 801 902
3 799 902 1019
3 801 800 802
3 802 800 1132
3 1132 800 1136
3 801 802 803
3 801 803 1088
3 902 801 1088
3 803 802 804
3 804 802 857
3 857 802 1132
3 803 804 805
3 803 805 1021
3 803 1021 1088
3 805 804 806
3 806 804 990
3 804 857 990
3 805 806 807
3 805 807 913
3 805 913 1021
3 807 806 808
3 808 806 1135
3 806 990 1135
3 807 808 809
3 807 809 1103
3 913 807 1103
3 809 808 810
3 810 808 856
3 856 808 1135
3 809 810 811
3 809 811 847
3 809 847 1103
3 811 810 812
3 812 810 1034
3 810 856 1034
3 811 812 813
3 811 813 1023
3 847 811 1023
3 813 812 814
3 814 812 1138
3 812 1034 1138
3 813 814 815
3 813 815 1104
3 1023 813 1104
3 815 814 816
3 816 814 854
3 854 814 1138
3 815 816 817
3 815 817 846
3 815 846 1104
3 817 816 818
3 818 816 1072
3 816 854 1072
3 817 818 819
3 817 819 1062
3 846 817 1062
3 819 818 820
3 820 818 855
3 855 818 1072
3 819 820 821
3 819 821 1055
3 819 1055 1062
3 821 820 822
3 822 820 1078
3 820 855 1078
3 821 822 823
3 821 823 916
3 821 916 1055
3 823 822 824
3 824 822 853
3 853 822 1078
3 823 824 825
3 823 825 1096
3 916 823 1096
3 825 824 826
3 826 824 1065
3 824 853 1065
3 825 826 827
3 825 827 917
3 825 917 1096
3 827 826 828
3 828 826 852
3 852 826 1065
3 827 828 829
3 827 829 1073
3 917 827 1073
3 829 828 830
3 830 828 1041
3 828 852 1041
3 829 830 831
3 829 831 918
3 829 918 1073
3 831 830 832
3 832 830 851
3 851 830 1041
3 831 832 833
3 831 833 1106
3 918 831 1106
3 833 832 834
3 834 832 1137
3 832 851 1137
3 833 834 835
3 833 835 919
3 833 919 1106
3 835 834 836
3 836 834 850
3 850 834 1137
3 835 836 837
3 835 837 1101
3 919 835 1101
3 837 836 838
3 838 836 1142
3 836 850 1142
3 837 838 839
3 837 839 920
3 837 920 1101
3 839 838 978
3 978 838 979
3 979 838 1142
3 920 839 921
3 921 839 932
3 932 839 978
3 840 927 944
3 840 944 1001
3 840 1001 1020
3 842 841 843
3 843 841 958
3 958 841 1183
3 842 843 844
3 842 844 900
3 842 900 1147
3 844 843 1117
3 843 958 959
3 843 959 1117
3 900 844 901
3 901 844 942
3 942 844 1117
3 845 1012 1013
3 845 1013 1014
3 845 1014 1159
3 846 1062 1063
3 846 1063 1064
3 846 1064 1104
3 847 1023 1024
3 847 1024 1150
3 1103 847 1150
3 972 848 1147
3 848 972 1148
3 1018 848 1148
3 849 981 1145
3 849 991 999
3 991 849 1145
3 1045 850 1140
3 850 1045 1142
3 850 1137 1140
3 1037 851 1041
3 851 1037 1042
3 851 1042 1137
3 1036 852 1038
3 852 1036 1041
3 1038 852 1065
3 853 1039 1065
3 1039 853 1066
3 1066 853 1078
3 854 1032 1053
3 1032 854 1138
3 854 1053 1072
3 1054 855 1072
3 855 1054 1139
3 1078 855 1139
3 856 1033 1034
3 1033 856 1134
3 1134 856 1135
3 857 985 988
3 985 857 1132
3 857 988 990
3 858 910 911
3 858 911 1000
3 858 1000 1004
3 860 859 861
3 861 859 1010
3 859 935 1010
3 860 861 862
3 860 862 922
3 860 922 1115
3 862 861 863
3 863 861 1110
3 861 1010 1110
3 862 863 864
3 862 864 1025
3 922 862 1025
3 864 863 865
3 865 863 934
3 934 863 1110
3 864 865 866
3 864 866 1093
3 1025 864 1093
3 866 865 867
3 867 865 1048
3 865 934 1048
3 866 867 868
3 866 868 869
3 866 869 1093
3 868 867 870
3 870 867 1047
3 1047 867 1048
3 869 868 1069
3 868 870 871
3 868 871 1069
3 869 1069 1070
3 869 1070 1071
3 869 1071 1093
3 871 870 872
3 872 870 997
3 997 870 1047
3 871 872 873
3 871 873 912
3 871 912 1069
3 873 872 874
3 874 872 1092
3 872 997 1092
3 873 874 875
3 873 875 1057
3 912 873 1057
3 875 874 876
3 876 874 996
3 996 874 1092
3 875 876 877
3 875 877 909
3 875 909 1057
3 877 876 878
3 878 876 1075
3 876 996 1075
3 877 878 879
3 877 879 1059
3 909 877 1059
3 879 878 880
3 880 878 995
3 995 878 1075
3 879 880 881
3 879 881 907
3 879 907 1059
3 881 880 882
3 882 880 1067
3 880 995 1067
3 881 882 883
3 881 883 1094
3 907 881 1094
3 883 882 884
3 884 882 994
3 994 882 1067
3 883 884 885
3 883 885 906
3 883 906 1094
3 885 884 886
3 886 884 1085
3 884 994 1085
3 885 886 887
3 885 887 1079
3 906 885 1079
3 887 886 888
3 888 886 993
3 993 886 1085
3 887 888 889
3 887 889 905
3 887 905 1079
3 889 888 890
3 890 888 1111
3 888 993 1111
3 889 890 891
3 889 891 1028
3 905 889 1028
3 891 890 892
3 892 890 992
3 992 890 1111
3 891 892 893
3 891 893 904
3 891 904 1028
3 893 892 894
3 894 892 1043
3 892 992 1043
3 893 894 895
3 893 895 1050
3 904 893 1050
3 895 894 928
3 928 894 991
3 991 894 1043
3 895 928 929
3 895 929 930
3 895 930 1050
3 896 976 977
3 896 977 1005
3 896 1005 1112
3 897 1022 1114
3 897 1114 1121
3 897 1121 1122
3 898 914 915
3 898 915 1126
3 1113 898 1126
3 1090 899 1127
3 1127 899 1168
3 899 1159 1168
3 900 901 965
3 900 965 1149
3 1147 900 1149
3 901 942 943
3 901 943 982
3 965 901 982
3 1019 902 1197
3 902 1088 1089
3 902 1089 1197
3 963 903 964
3 903 963 1151
3 903 1151 1153
3 1028 904 1173
3 904 1050 1051
3 904 1051 1173
3 905 1028 1029
3 905 1029 1176
3 1079 905 1176
3 906 1079 1080
3 906 1080 1181
3 1094 906 1181
3 1059 907 1184
3 907 1094 1095
3 907 1095 1184
3 908 998 1211
3 1012 908 1209
3 1209 908 1211
3 1057 909 1190
3 909 1059 1060
3 909 1060 1190
3 911 910 945
3 945 910 1217
3 910 1019 1217
3 911 945 1186
3 911 998 1000
3 998 911 1186
3 912 1057 1058
3 912 1058 1199
3 1069 912 1199
3 1021 913 1228
3 913 1103 1229
3 1228 913 1229
3 915 914 953
3 953 914 961
3 961 914 1002
3 915 953 954
3 915 954 1124
3 915 1124 1126
3 1055 916 1056
3 1056 916 1220
3 916 1096 1220
3 917 1073 1216
3 1096 917 1097
3 1097 917 1216
3 1073 918 1074
3 1074 918 1212
3 918 1106 1212
3 919 1101 1206
3 1106 919 1107
3 1107 919 1206
3 920 921 1201
3 1101 920 1102
3 1102 920 1201
3 921 932 933
3 921 933 951
3 921 951 1201
3 922 1025 1026
3 922 1026 1232
3 1115 922 1232
3 923 924 1191
3 925 923 948
3 948 923 1191
3 1120 924 1124
3 924 1120 1125
3 924 1125 1191
3 925 948 952
3 925 952 1143
3 1046 925 1143
3 1006 926 1235
3 926 1115 1116
3 926 1116 1235
3 944 927 1246
3 927 1098 1099
3 927 1099 1246
3 929 928 1119
3 928 991 1145
3 1119 928 1145
3 930 929 931
3 931 929 969
3 969 929 1119
3 930 931 962
3 930 962 1171
3 1050 930 1171
3 962 931 1167
3 967 931 969
3 931 967 1167
3 933 932 975
3 975 932 976
3 976 932 978
3 951 933 1198
3 933 975 1143
3 933 1143 1198
3 1048 934 1049
3 1049 934 1105
3 1105 934 1110
3 1010 935 1108
3 935 1011 1108
3 1011 935 1109
3 936 937 1129
3 1118 936 1128
3 1128 936 1129
3 937 938 939
3 937 939 1130
3 1129 937 1130
3 939 938 949
3 949 938 1001
3 1001 938 1020
3 939 949 950
3 939 950 1131
3 1130 939 1131
3 1002 940 1239
3 940 1130 1131
3 940 1131 1239
3 1098 941 1243
3 941 1122 1123
3 941 1123 1243
3 943 942 946
3 946 942 1254
3 942 1117 1254
3 943 946 947
3 943 947 963
3 943 963 982
3 1001 944 1242
3 1242 944 1260
3 944 1246 1260
3 945 1175 1186
3 1175 945 1214
3 1214 945 1217
3 947 946 1253
3 946 1162 1253
3 1162 946 1254
3 963 947 1151
3 1151 947 1152
3 1152 947 1253
3 952 948 1194
3 948 1193 1194
3 950 949 1187
3 949 1001 1242
3 1131 950 1207
3 950 1187 1207
3 1143 952 1198
3 954 953 955
3 954 955 956
3 954 956 1120
3 954 1120 1124
3 956 957 1188
3 1120 956 1188
3 1233 957 1245
3 960 958 1183
3 1117 959 1161
3 1161 959 1251
3 960 1183 1195
3 960 1195 1259
3 1196 960 1259
3 961 1002 1003
3 961 1003 1252
3 962 1169 1171
3 963 964 982
3 965 971 1149
3 967 966 968
3 968 966 1160
3 967 968 1167
3 968 1166 1167
3 974 969 1119
3 972 970 1148
3 970 973 1148
3 972 1147 1149
3 973 1146 1148
3 975 1046 1143
3 977 976 978
3 977 978 979
3 977 979 980
3 977 980 1005
3 980 979 1144
3 979 1142 1144
3 1141 980 1144
3 983 984 986
3 984 985 1132
3 986 984 1136
3 984 1132 1136
3 985 987 988
3 988 989 990
3 990 989 1135
3 989 1133 1134
3 989 1134 1135
3 999 991 1043
3 1077 992 1111
3 1082 993 1085
3 994 1067 1076
3 995 1075 1083
3 1084 996 1092
3 997 1047 1091
3 998 1186 1211
3 1004 1000 1040
3 1003 1002 1239
3 1027 1004 1040
3 1005 1068 1112
3 1007 1006 1008
3 1008 1006 1235
3 1007 1008 1009
3 1007 1009 1121
3 1114 1007 1121
3 1009 1008 1236
3 1121 1009 1240
3 1009 1236 1238
3 1017 1011 1109
3 1013 1012 1205
3 1205 1012 1209
3 1014 1013 1015
3 1015 1013 1203
3 1203 1013 1205
3 1014 1016 1159
3 1180 1015 1203
3 1015 1180 1248
3 1159 1016 1168
3 1146 1018 1148
3 1019 1197 1217
3 1088 1021 1225
3 1225 1021 1228
3 1024 1023 1230
3 1023 1104 1230
3 1150 1024 1223
3 1223 1024 1226
3 1226 1024 1230
3 1026 1025 1221
3 1025 1093 1221
3 1026 1231 1232
3 1029 1028 1173
3 1029 1174 1176
3 1031 1030 1032
3 1032 1030 1052
3 1031 1032 1138
3 1033 1031 1034
3 1034 1031 1138
3 1032 1052 1053
3 1081 1033 1134
3 1035 1036 1038
3 1036 1037 1041
3 1042 1037 1061
3 1039 1038 1065
3 1039 1066 1087
3 1137 1042 1140
3 1044 1045 1140
3 1142 1045 1144
3 1051 1050 1171
3 1051 1172 1173
3 1053 1054 1072
3 1054 1086 1139
3 1055 1056 1227
3 1062 1055 1227
3 1219 1056 1220
3 1058 1057 1190
3 1058 1192 1199
3 1060 1059 1184
3 1060 1185 1190
3 1063 1062 1227
3 1064 1063 1224
3 1063 1222 1224
3 1222 1063 1227
3 1104 1064 1230
3 1066 1078 1139
3 1070 1069 1199
3 1071 1070 1202
3 1093 1071 1221
3 1071 1202 1210
3 1071 1210 1221
3 1073 1074 1216
3 1074 1212 1213
3 1080 1079 1176
3 1080 1177 1181
3 1133 1081 1134
3 1089 1088 1225
3 1089 1170 1197
3 1170 1089 1218
3 1218 1089 1225
3 1095 1094 1181
3 1095 1182 1184
3 1096 1097 1220
3 1215 1097 1216
3 1099 1098 1100
3 1100 1098 1243
3 1099 1100 1250
3 1099 1163 1246
3 1163 1099 1250
3 1100 1244 1250
3 1101 1102 1206
3 1102 1201 1204
3 1103 1150 1229
3 1106 1107 1212
3 1107 1206 1208
3 1116 1115 1232
3 1116 1234 1235
3 1117 1161 1254
3 1125 1120 1188
3 1122 1121 1240
3 1123 1122 1240
3 1127 1168 1237
3 1195 1127 1237
3 1156 1152 1178
3 1154 1203 1205
3 1155 1209 1211
3 1156 1178 1255
3 1158 1228 1229
3 1179 1163 1250
3 1164 1242 1260
3 1165 1196 1259
3 1237 1165 1259
3 1195 1237 1259
3 1233 1245 1258
3 172 1904 1
3 1 1904 242
3 3 1903 209
3 261 1903 3
3 228 1906 5
3 5 1906 351
3 7 1905 275
3 314 1905 7
3 173 1303 172
3 1303 1904 172
3 174 1892 173
3 173 1892 1303
3 175 1293 174
3 1293 1892 174
3 176 1889 175
3 175 1889 1293
3 177 1279 176
3 1279 1889 176
3 178 1886 177
3 177 1886 1279
3 179 1884 178
3 1884 1886 178
3 180 1266 179
3 1266 1884 179
3 181 1882 180
3 180 1882 1266
3 182 1294 181
3 1294 1882 181
3 183 1879 182
3 182 1879 1294
3 184 1275 183
3 1275 1879 183
3 185 1858 184
3 184 1858 1275
3 186 1850 185
3 1850 1858 185
3 187 1264 186
3 1264 1850 186
3 188 1840 187
3 187 1840 1264
3 189 1285 188
3 1285 1840 188
3 190 1833 189
3 189 1833 1285
3 191 1271 190
3 1271 1833 190
3 192 1830 191
3 191 1830 1271
3 193 1289 192
3 1289 1830 192
3 194 1825 193
3 193 1825 1289
3 195 1265 194
3 1265 1825 194
3 196 1822 195
3 195 1822 1265
3 197 1290 196
3 1290 1822 196
3 198 1820 197
3 197 1820 1290
3 199 1262 198
3 1262 1820 198
3 200 1817 199
3 199 1817 1262
3 201 1286 200
3 1286 1817 200
3 202 1814 201
3 201 1814 1286
3 203 1273 202
3 1273 1814 202
3 204 1805 203
3 203 1805 1273
3 205 1304 204
3 1304 1805 204
3 206 1281 205
3 1281 1304 205
3 207 1801 206
3 206 1801 1281
3 208 1300 207
3 1300 1801 207
3 209 1804 208
3 208 1804 1300
3 209 1903 1804
3 229 1893 228
3 1893 1906 228
3 230 1299 229
3 1299 1893 229
3 231 1897 230
3 230 1897 1299
3 232 1283 231
3 1283 1897 231
3 233 1900 232
3 232 1900 1283
3 234 1651 233
3 1651 1900 233
3 235 1270 234
3 1270 1651 234
3 236 1855 235
3 235 1855 1270
3 237 1835 236
3 1835 1855 236
3 238 1277 237
3 1277 1835 237
3 239 1812 238
3 238 1812 1277
3 240 1296 239
3 1296 1812 239
3 241 1811 240
3 240 1811 1296
3 242 1827 241
3 241 1827 1811
3 242 1904 1827
3 262 1826 261
3 1826 1903 261
3 263 1298 262
3 1298 1826 262
3 264 1810 263
3 263 1810 1298
3 265 1284 264
3 1284 1810 264
3 266 1809 265
3 265 1809 1284
3 267 1899 266
3 266 1899 1809
3 268 1269 267
3 1269 1899 267
3 269 1844 268
3 268 1844 1269
3 270 1813 269
3 1813 1844 269
3 271 1278 270
3 1278 1813 270
3 272 1895 271
3 271 1895 1278
3 273 1297 272
3 1297 1895 272
3 274 1896 273
3 273 1896 1297
3 275 1828 274
3 1828 1896 274
3 275 1905 1828
3 315 1302 314
3 1302 1905 314
3 316 1802 315
3 315 1802 1302
3 317 1295 316
3 1295 1802 316
3 318 1803 317
3 317 1803 1295
3 319 1280 318
3 1280 1803 318
3 320 1823 319
3 319 1823 1280
3 321 1862 320
3 320 1862 1823
3 322 1267 321
3 1267 1862 321
3 323 1818 322
3 322 1818 1267
3 324 1866 323
3 323 1866 1818
3 325 1288 324
3 1288 1866 324
3 326 1806 325
3 325 1806 1288
3 327 1268 326
3 1268 1806 326
3 328 1871 327
3 327 1871 1268
3 329 1874 328
3 328 1874 1871
3 330 1276 329
3 1276 1874 329
3 331 1872 330
3 330 1872 1276
3 332 1870 331
3 1870 1872 331
3 333 1263 332
3 1263 1870 332
3 334 1867 333
3 333 1867 1263
3 335 1291 334
3 1291 1867 334
3 336 1863 335
3 335 1863 1291
3 337 1272 336
3 1272 1863 336
3 338 1861 337
3 337 1861 1272
3 339 1292 338
3 1292 1861 338
3 340 1856 339
3 339 1856 1292
3 341 1261 340
3 1261 1856 340
3 342 1852 341
3 341 1852 1261
3 343 1287 342
3 1287 1852 342
3 344 1848 343
3 343 1848 1287
3 345 1274 344
3 1274 1848 344
3 346 1842 345
3 345 1842 1274
3 347 1841 346
3 1841 1842 346
3 348 1282 347
3 1282 1841 347
3 349 1837 348
3 348 1837 1282
3 350 1301 349
3 1301 1837 349
3 351 1881 350
3 350 1881 1301
3 351 1906 1881
3 1261 1852 1750
3 1750 1854 1261
3 1854 1856 1261
3 1262 1819 1699
3 1699 1820 1262
3 1817 1819 1262
3 1263 1867 1704
3 1704 1875 1263
3 1263 1875 1870
3 1264 1847 1718
3 1718 1850 1264
3 1840 1847 1264
3 1265 1824 1728
3 1728 1825 1265
3 1822 1824 1265
3 1266 1883 1656
3 1656 1884 1266
3 1882 1883 1266
3 1818 1845 1267
3 1845 1865 1267
3 1267 1865 1862
3 1268 1871 1798
3 1798 1877 1268
3 1268 1877 1806
3 1606 1607 1269
3 1269 1608 1606
3 1607 1899 1269
3 1269 1844 1608
3 1270 1887 1651
3 1270 1855 1779
3 1779 1887 1270
3 1271 1832 1708
3 1708 1833 1271
3 1830 1832 1271
3 1272 1861 1722
3 1722 1864 1272
3 1272 1864 1863
3 1273 1808 1616
3 1616 1814 1273
3 1805 1808 1273
3 1274 1846 1599
3 1599 1848 1274
3 1274 1842 1600
3 1600 1846 1274
3 1275 1869 1674
3 1674 1879 1275
3 1858 1869 1275
3 1276 1872 1712
3 1712 1878 1276
3 1276 1878 1874
3 1597 1835 1277
3 1277 1890 1597
3 1812 1890 1277
3 1664 1816 1278
3 1278 1895 1664
3 1278 1885 1813
3 1816 1885 1278
3 1279 1886 1657
3 1657 1888 1279
3 1279 1888 1771
3 1771 1889 1279
3 1280 1859 1803
3 1823 1834 1280
3 1834 1859 1280
3 1281 1305 1304
3 1281 1551 1305
3 1281 1801 1551
3 1282 1839 1596
3 1596 1841 1282
3 1282 1837 1773
3 1773 1839 1282
3 1601 1603 1283
3 1283 1609 1601
3 1603 1897 1283
3 1283 1900 1609
3 1809 1902 1284
3 1284 1902 1810
3 1285 1838 1706
3 1706 1840 1285
3 1833 1838 1285
3 1286 1815 1610
3 1610 1817 1286
3 1814 1815 1286
3 1287 1848 1599
3 1599 1849 1287
3 1849 1852 1287
3 1806 1876 1288
3 1288 1873 1866
3 1288 1876 1873
3 1289 1829 1743
3 1743 1830 1289
3 1825 1829 1289
3 1290 1821 1677
3 1677 1822 1290
3 1820 1821 1290
3 1291 1863 1745
3 1745 1868 1291
3 1291 1868 1867
3 1292 1856 1755
3 1755 1860 1292
3 1860 1861 1292
3 1293 1891 1748
3 1748 1892 1293
3 1293 1889 1771
3 1771 1891 1293
3 1294 1880 1764
3 1764 1882 1294
3 1879 1880 1294
3 1295 1853 1802
3 1803 1857 1295
3 1295 1857 1853
3 1811 1894 1296
3 1296 1908 1812
3 1894 1908 1296
3 1297 1663 1662
3 1662 1664 1297
3 1297 1896 1663
3 1664 1895 1297
3 1800 1826 1298
3 1298 1901 1800
3 1810 1901 1298
3 1603 1604 1299
3 1299 1897 1603
3 1604 1605 1299
3 1605 1893 1299
3 1300 1800 1799
3 1799 1801 1300
3 1300 1804 1800
3 1605 1836 1301
3 1301 1881 1605
3 1301 1836 1773
3 1773 1837 1301
3 1802 1851 1302
3 1302 1851 1828
3 1828 1905 1302
3 1303 1898 1827
3 1827 1904 1303
3 1892 1898 1303
3 1305 1306 1304
3 1306 1805 1304
3 1305 1307 1306
3 1305 1612 1307
3 1551 1612 1305
3 1307 1308 1306
3 1308 1808 1306
3 1306 1808 1805
3 1307 1309 1308
3 1307 1409 1309
3 1307 1612 1409
3 1309 1310 1308
3 1310 1614 1308
3 1614 1808 1308
3 1309 1311 1310
3 1309 1619 1311
3 1409 1619 1309
3 1311 1312 1310
3 1312 1429 1310
3 1429 1614 1310
3 1311 1313 1312
3 1311 1373 1313
3 1311 1619 1373
3 1313 1314 1312
3 1314 1622 1312
3 1312 1622 1429
3 1313 1315 1314
3 1313 1618 1315
3 1373 1618 1313
3 1315 1316 1314
3 1316 1384 1314
3 1384 1622 1314
3 1315 1317 1316
3 1315 1621 1317
3 1618 1621 1315
3 1317 1318 1316
3 1318 1629 1316
3 1316 1629 1384
3 1317 1319 1318
3 1317 1363 1319
3 1317 1621 1363
3 1319 1320 1318
3 1320 1321 1318
3 1321 1629 1318
3 1319 1631 1320
3 1363 1385 1319
3 1385 1631 1319
3 1320 1322 1321
3 1320 1366 1322
3 1320 1631 1366
3 1322 1323 1321
3 1323 1497 1321
3 1497 1629 1321
3 1322 1324 1323
3 1322 1635 1324
3 1366 1635 1322
3 1324 1325 1323
3 1325 1647 1323
3 1323 1647 1497
3 1324 1326 1325
3 1324 1394 1326
3 1324 1635 1394
3 1326 1327 1325
3 1327 1378 1325
3 1378 1647 1325
3 1326 1328 1327
3 1326 1781 1328
3 1394 1781 1326
3 1328 1329 1327
3 1329 1725 1327
3 1327 1725 1378
3 1328 1330 1329
3 1328 1729 1330
3 1328 1781 1729
3 1330 1331 1329
3 1331 1399 1329
3 1399 1725 1329
3 1330 1332 1331
3 1330 1367 1332
3 1330 1729 1367
3 1332 1333 1331
3 1333 1730 1331
3 1331 1730 1399
3 1332 1334 1333
3 1332 1678 1334
3 1367 1678 1332
3 1334 1335 1333
3 1335 1379 1333
3 1379 1730 1333
3 1334 1336 1335
3 1334 1700 1336
3 1678 1700 1334
3 1336 1337 1335
3 1337 1724 1335
3 1335 1724 1379
3 1336 1338 1337
3 1336 1368 1338
3 1336 1700 1368
3 1338 1339 1337
3 1339 1398 1337
3 1398 1724 1337
3 1338 1340 1339
3 1338 1734 1340
3 1368 1734 1338
3 1340 1341 1339
3 1341 1731 1339
3 1339 1731 1398
3 1340 1342 1341
3 1340 1397 1342
3 1340 1734 1397
3 1342 1343 1341
3 1343 1380 1341
3 1380 1731 1341
3 1342 1344 1343
3 1342 1735 1344
3 1397 1735 1342
3 1344 1345 1343
3 1345 1732 1343
3 1343 1732 1380
3 1344 1346 1345
3 1344 1371 1346
3 1344 1735 1371
3 1346 1347 1345
3 1347 1406 1345
3 1406 1732 1345
3 1346 1348 1347
3 1346 1683 1348
3 1371 1683 1346
3 1348 1349 1347
3 1349 1739 1347
3 1347 1739 1406
3 1348 1350 1349
3 1348 1407 1350
3 1348 1683 1407
3 1350 1351 1349
3 1351 1377 1349
3 1377 1739 1349
3 1350 1352 1351
3 1350 1709 1352
3 1407 1709 1350
3 1352 1353 1351
3 1353 1697 1351
3 1351 1697 1377
3 1352 1354 1353
3 1352 1370 1354
3 1352 1709 1370
3 1354 1355 1353
3 1355 1753 1353
3 1353 1753 1697
3 1354 1356 1355
3 1354 1692 1356
3 1370 1692 1354
3 1356 1357 1355
3 1357 1381 1355
3 1381 1753 1355
3 1356 1358 1357
3 1356 1396 1358
3 1356 1692 1396
3 1358 1359 1357
3 1359 1756 1357
3 1357 1756 1381
3 1358 1360 1359
3 1358 1789 1360
3 1396 1789 1358
3 1360 1361 1359
3 1361 1659 1359
3 1659 1756 1359
3 1360 1362 1361
3 1360 1369 1362
3 1360 1789 1369
3 1362 1364 1361
3 1364 1665 1361
3 1361 1665 1659
3 1362 1365 1364
3 1362 1716 1365
3 1369 1716 1362
3 1363 1386 1385
3 1363 1794 1386
3 1621 1794 1363
3 1365 1372 1364
3 1372 1375 1364
3 1375 1665 1364
3 1365 1374 1372
3 1365 1400 1374
3 1365 1716 1400
3 1631 1632 1366
3 1632 1633 1366
3 1633 1635 1366
3 1367 1679 1678
3 1367 1681 1679
3 1367 1729 1681
3 1700 1701 1368
3 1701 1702 1368
3 1702 1734 1368
3 1628 1653 1369
3 1369 1789 1628
3 1653 1716 1369
3 1370 1709 1690
3 1690 1788 1370
3 1370 1788 1692
3 1371 1686 1683
3 1371 1687 1686
3 1371 1735 1687
3 1374 1766 1372
3 1372 1376 1375
3 1372 1766 1376
3 1373 1620 1618
3 1619 1797 1373
3 1373 1797 1620
3 1400 1401 1374
3 1401 1776 1374
3 1374 1776 1766
3 1376 1382 1375
3 1382 1395 1375
3 1395 1665 1375
3 1376 1383 1382
3 1376 1408 1383
3 1376 1766 1408
3 1377 1696 1695
3 1695 1739 1377
3 1377 1697 1696
3 1640 1691 1378
3 1378 1725 1640
3 1378 1691 1647
3 1379 1724 1642
3 1642 1733 1379
3 1379 1733 1730
3 1644 1723 1380
3 1380 1732 1644
3 1723 1731 1380
3 1381 1756 1658
3 1658 1758 1381
3 1381 1758 1753
3 1383 1670 1382
3 1382 1418 1395
3 1382 1670 1418
3 1408 1410 1383
3 1410 1426 1383
3 1426 1670 1383
3 1384 1767 1622
3 1629 1793 1384
3 1384 1793 1767
3 1386 1387 1385
3 1387 1634 1385
3 1385 1634 1631
3 1386 1388 1387
3 1386 1389 1388
3 1386 1794 1389
3 1388 1391 1387
3 1391 1393 1387
3 1393 1634 1387
3 1389 1390 1388
3 1390 1675 1388
3 1388 1675 1391
3 1389 1392 1390
3 1389 1666 1392
3 1389 1794 1666
3 1392 1415 1390
3 1415 1416 1390
3 1416 1675 1390
3 1391 1423 1393
3 1391 1652 1423
3 1391 1675 1652
3 1392 1425 1415
3 1392 1428 1425
3 1392 1666 1428
3 1423 1424 1393
3 1424 1784 1393
3 1393 1784 1634
3 1635 1636 1394
3 1636 1637 1394
3 1637 1781 1394
3 1418 1419 1395
3 1419 1757 1395
3 1395 1757 1665
3 1692 1693 1396
3 1693 1792 1396
3 1396 1792 1789
3 1714 1735 1397
3 1397 1787 1714
3 1734 1787 1397
3 1643 1715 1398
3 1398 1731 1643
3 1715 1724 1398
3 1399 1730 1641
3 1641 1759 1399
3 1399 1759 1725
3 1400 1402 1401
3 1400 1760 1402
3 1716 1760 1400
3 1402 1403 1401
3 1403 1411 1401
3 1411 1776 1401
3 1402 1404 1403
3 1402 1405 1404
3 1402 1760 1405
3 1404 1761 1403
3 1403 1420 1411
3 1403 1761 1420
3 1405 1412 1404
3 1412 1413 1404
3 1413 1761 1404
3 1405 1414 1412
3 1405 1544 1414
3 1405 1760 1544
3 1406 1739 1645
3 1645 1740 1406
3 1406 1740 1732
3 1683 1684 1407
3 1684 1685 1407
3 1685 1709 1407
3 1408 1417 1410
3 1408 1584 1417
3 1408 1766 1584
3 1612 1630 1409
3 1613 1619 1409
3 1409 1630 1613
3 1417 1668 1410
3 1410 1427 1426
3 1410 1668 1427
3 1420 1432 1411
3 1432 1777 1411
3 1411 1777 1776
3 1412 1430 1413
3 1414 1694 1412
3 1412 1694 1430
3 1430 1431 1413
3 1431 1774 1413
3 1413 1774 1761
3 1544 1624 1414
3 1414 1624 1623
3 1623 1694 1414
3 1415 1421 1416
3 1415 1738 1421
3 1425 1738 1415
3 1421 1422 1416
3 1422 1688 1416
3 1416 1688 1675
3 1584 1585 1417
3 1585 1586 1417
3 1586 1668 1417
3 1418 1439 1419
3 1418 1762 1439
3 1670 1762 1418
3 1439 1440 1419
3 1440 1441 1419
3 1441 1757 1419
3 1420 1434 1432
3 1420 1546 1434
3 1420 1761 1546
3 1421 1433 1422
3 1421 1547 1433
3 1421 1738 1547
3 1433 1444 1422
3 1444 1445 1422
3 1445 1688 1422
3 1423 1446 1424
3 1423 1506 1446
3 1423 1652 1506
3 1446 1447 1424
3 1447 1448 1424
3 1448 1784 1424
3 1428 1435 1425
3 1435 1443 1425
3 1443 1738 1425
3 1427 1437 1426
3 1437 1545 1426
3 1545 1670 1426
3 1427 1438 1437
3 1427 1488 1438
3 1427 1668 1488
3 1428 1436 1435
3 1428 1496 1436
3 1428 1666 1496
3 1429 1615 1614
3 1429 1617 1615
3 1429 1622 1617
3 1430 1571 1431
3 1430 1573 1571
3 1430 1694 1573
3 1571 1572 1431
3 1572 1772 1431
3 1772 1774 1431
3 1434 1588 1432
3 1588 1778 1432
3 1432 1778 1777
3 1433 1493 1444
3 1433 1807 1493
3 1547 1807 1433
3 1546 1562 1434
3 1562 1650 1434
3 1434 1650 1588
3 1436 1489 1435
3 1435 1831 1443
3 1489 1831 1435
3 1436 1490 1489
3 1436 1795 1490
3 1496 1795 1436
3 1438 1589 1437
3 1437 1770 1545
3 1589 1770 1437
3 1488 1575 1438
3 1575 1746 1438
3 1438 1746 1589
3 1439 1654 1440
3 1439 1655 1654
3 1439 1762 1655
3 1440 1442 1441
3 1440 1574 1442
3 1440 1654 1574
3 1442 1507 1441
3 1507 1583 1441
3 1583 1757 1441
3 1442 1508 1507
3 1442 1763 1508
3 1574 1763 1442
3 1443 1775 1738
3 1443 1843 1775
3 1831 1843 1443
3 1444 1556 1445
3 1493 1660 1444
3 1444 1660 1556
3 1556 1646 1445
3 1646 1648 1445
3 1648 1688 1445
3 1446 1667 1447
3 1506 1558 1446
3 1558 1667 1446
3 1447 1449 1448
3 1447 1550 1449
3 1447 1667 1550
3 1449 1450 1448
3 1450 1780 1448
3 1780 1784 1448
3 1449 1451 1450
3 1449 1736 1451
3 1550 1736 1449
3 1451 1452 1450
3 1452 1505 1450
3 1505 1780 1450
3 1451 1453 1452
3 1451 1669 1453
3 1451 1736 1669
3 1453 1454 1452
3 1454 1638 1452
3 1452 1638 1505
3 1453 1455 1454
3 1453 1561 1455
3 1453 1669 1561
3 1455 1456 1454
3 1456 1783 1454
3 1454 1783 1638
3 1455 1457 1456
3 1455 1751 1457
3 1561 1751 1455
3 1457 1458 1456
3 1458 1504 1456
3 1504 1783 1456
3 1457 1459 1458
3 1457 1495 1459
3 1457 1751 1495
3 1459 1460 1458
3 1460 1682 1458
3 1458 1682 1504
3 1459 1461 1460
3 1459 1671 1461
3 1495 1671 1459
3 1461 1462 1460
3 1462 1786 1460
3 1460 1786 1682
3 1461 1463 1462
3 1461 1752 1463
3 1671 1752 1461
3 1463 1464 1462
3 1464 1502 1462
3 1502 1786 1462
3 1463 1465 1464
3 1463 1494 1465
3 1463 1752 1494
3 1465 1466 1464
3 1466 1720 1464
3 1464 1720 1502
3 1465 1467 1466
3 1465 1710 1467
3 1494 1710 1465
3 1467 1468 1466
3 1468 1503 1466
3 1503 1720 1466
3 1467 1469 1468
3 1467 1703 1469
3 1467 1710 1703
3 1469 1470 1468
3 1470 1726 1468
3 1468 1726 1503
3 1469 1471 1470
3 1469 1564 1471
3 1469 1703 1564
3 1471 1472 1470
3 1472 1501 1470
3 1501 1726 1470
3 1471 1473 1472
3 1471 1744 1473
3 1564 1744 1471
3 1473 1474 1472
3 1474 1713 1472
3 1472 1713 1501
3 1473 1475 1474
3 1473 1565 1475
3 1473 1744 1565
3 1475 1476 1474
3 1476 1500 1474
3 1500 1713 1474
3 1475 1477 1476
3 1475 1721 1477
3 1565 1721 1475
3 1477 1478 1476
3 1478 1689 1476
3 1476 1689 1500
3 1477 1479 1478
3 1477 1566 1479
3 1477 1721 1566
3 1479 1480 1478
3 1480 1499 1478
3 1499 1689 1478
3 1479 1481 1480
3 1479 1754 1481
3 1566 1754 1479
3 1481 1482 1480
3 1482 1785 1480
3 1480 1785 1499
3 1481 1483 1482
3 1481 1567 1483
3 1481 1754 1567
3 1483 1484 1482
3 1484 1498 1482
3 1498 1785 1482
3 1483 1485 1484
3 1483 1749 1485
3 1567 1749 1483
3 1485 1486 1484
3 1486 1790 1484
3 1484 1790 1498
3 1485 1487 1486
3 1485 1568 1487
3 1485 1749 1568
3 1487 1626 1486
3 1626 1627 1486
3 1627 1790 1486
3 1568 1569 1487
3 1569 1580 1487
3 1580 1626 1487
3 1488 1592 1575
3 1488 1649 1592
3 1488 1668 1649
3 1490 1491 1489
3 1491 1606 1489
3 1606 1831 1489
3 1490 1492 1491
3 1490 1548 1492
3 1490 1795 1548
3 1492 1765 1491
3 1491 1607 1606
3 1491 1765 1607
3 1548 1549 1492
3 1549 1590 1492
3 1590 1765 1492
3 1493 1661 1660
3 1493 1662 1661
3 1493 1807 1662
3 1494 1711 1710
3 1494 1712 1711
3 1494 1752 1712
3 1495 1672 1671
3 1495 1798 1672
3 1751 1798 1495
3 1620 1795 1496
3 1496 1796 1620
3 1666 1796 1496
3 1497 1793 1629
3 1497 1647 1639
3 1639 1793 1497
3 1693 1788 1498
3 1498 1790 1693
3 1498 1788 1785
3 1685 1689 1499
3 1499 1690 1685
3 1499 1785 1690
3 1684 1686 1500
3 1500 1689 1684
3 1686 1713 1500
3 1501 1713 1687
3 1687 1714 1501
3 1714 1726 1501
3 1502 1701 1680
3 1680 1786 1502
3 1502 1720 1701
3 1702 1720 1503
3 1503 1787 1702
3 1726 1787 1503
3 1504 1682 1681
3 1681 1782 1504
3 1782 1783 1504
3 1505 1636 1633
3 1633 1780 1505
3 1505 1638 1636
3 1506 1559 1558
3 1506 1648 1559
3 1506 1652 1648
3 1508 1509 1507
3 1509 1658 1507
3 1507 1658 1583
3 1508 1510 1509
3 1508 1570 1510
3 1508 1763 1570
3 1510 1511 1509
3 1511 1758 1509
3 1509 1758 1658
3 1510 1512 1511
3 1510 1673 1512
3 1570 1673 1510
3 1512 1513 1511
3 1513 1582 1511
3 1582 1758 1511
3 1512 1514 1513
3 1512 1741 1514
3 1673 1741 1512
3 1514 1515 1513
3 1515 1696 1513
3 1513 1696 1582
3 1514 1516 1515
3 1514 1517 1516
3 1514 1741 1517
3 1516 1518 1515
3 1518 1695 1515
3 1695 1696 1515
3 1517 1717 1516
3 1516 1519 1518
3 1516 1717 1519
3 1517 1718 1717
3 1517 1719 1718
3 1517 1741 1719
3 1519 1520 1518
3 1520 1645 1518
3 1645 1695 1518
3 1519 1521 1520
3 1519 1560 1521
3 1519 1717 1560
3 1521 1522 1520
3 1522 1740 1520
3 1520 1740 1645
3 1521 1523 1522
3 1521 1705 1523
3 1560 1705 1521
3 1523 1524 1522
3 1524 1644 1522
3 1644 1740 1522
3 1523 1525 1524
3 1523 1557 1525
3 1523 1705 1557
3 1525 1526 1524
3 1526 1723 1524
3 1524 1723 1644
3 1525 1527 1526
3 1525 1707 1527
3 1557 1707 1525
3 1527 1528 1526
3 1528 1643 1526
3 1643 1723 1526
3 1527 1529 1528
3 1527 1555 1529
3 1527 1707 1555
3 1529 1530 1528
3 1530 1715 1528
3 1528 1715 1643
3 1529 1531 1530
3 1529 1742 1531
3 1555 1742 1529
3 1531 1532 1530
3 1532 1642 1530
3 1642 1715 1530
3 1531 1533 1532
3 1531 1554 1533
3 1531 1742 1554
3 1533 1534 1532
3 1534 1733 1532
3 1532 1733 1642
3 1533 1535 1534
3 1533 1727 1535
3 1554 1727 1533
3 1535 1536 1534
3 1536 1641 1534
3 1641 1733 1534
3 1535 1537 1536
3 1535 1553 1537
3 1535 1727 1553
3 1537 1538 1536
3 1538 1759 1536
3 1536 1759 1641
3 1537 1539 1538
3 1537 1676 1539
3 1553 1676 1537
3 1539 1540 1538
3 1540 1640 1538
3 1640 1759 1538
3 1539 1541 1540
3 1539 1552 1541
3 1539 1676 1552
3 1541 1542 1540
3 1542 1691 1540
3 1540 1691 1640
3 1541 1543 1542
3 1541 1698 1543
3 1552 1698 1541
3 1543 1576 1542
3 1576 1639 1542
3 1639 1691 1542
3 1543 1577 1576
3 1543 1578 1577
3 1543 1698 1578
3 1544 1625 1624
3 1544 1653 1625
3 1544 1760 1653
3 1545 1762 1670
3 1545 1769 1762
3 1545 1770 1769
3 1546 1563 1562
3 1546 1774 1563
3 1761 1774 1546
3 1738 1775 1547
3 1775 1816 1547
3 1547 1816 1807
3 1548 1613 1549
3 1548 1797 1613
3 1795 1797 1548
3 1549 1591 1590
3 1549 1630 1591
3 1613 1630 1549
3 1667 1845 1550
3 1550 1737 1736
3 1550 1845 1737
3 1611 1612 1551
3 1551 1799 1611
3 1551 1801 1799
3 1676 1821 1552
3 1552 1699 1698
3 1552 1821 1699
3 1553 1677 1676
3 1553 1824 1677
3 1727 1824 1553
3 1554 1728 1727
3 1554 1829 1728
3 1742 1829 1554
3 1707 1832 1555
3 1555 1743 1742
3 1555 1832 1743
3 1556 1859 1646
3 1660 1857 1556
3 1857 1859 1556
3 1705 1838 1557
3 1557 1708 1707
3 1557 1838 1708
3 1559 1593 1558
3 1593 1865 1558
3 1558 1865 1667
3 1559 1834 1593
3 1559 1648 1646
3 1646 1834 1559
3 1560 1706 1705
3 1560 1847 1706
3 1717 1847 1560
3 1669 1876 1561
3 1561 1877 1751
3 1876 1877 1561
3 1563 1601 1562
3 1601 1609 1562
3 1609 1650 1562
3 1563 1602 1601
3 1563 1772 1602
3 1563 1774 1772
3 1703 1704 1564
3 1704 1868 1564
3 1564 1868 1744
3 1565 1864 1721
3 1744 1745 1565
3 1745 1864 1565
3 1721 1722 1566
3 1722 1860 1566
3 1566 1860 1754
3 1567 1854 1749
3 1754 1755 1567
3 1755 1854 1567
3 1568 1849 1569
3 1749 1750 1568
3 1750 1849 1568
3 1569 1581 1580
3 1569 1599 1581
3 1569 1849 1599
3 1570 1674 1673
3 1570 1880 1674
3 1763 1880 1570
3 1571 1839 1572
3 1573 1596 1571
3 1596 1839 1571
3 1768 1772 1572
3 1572 1773 1768
3 1572 1839 1773
3 1573 1600 1596
3 1573 1791 1600
3 1694 1791 1573
3 1654 1883 1574
3 1574 1764 1763
3 1574 1883 1764
3 1592 1894 1575
3 1575 1747 1746
3 1575 1894 1747
3 1577 1767 1576
3 1576 1793 1639
3 1767 1793 1576
3 1578 1579 1577
3 1579 1617 1577
3 1617 1767 1577
3 1578 1610 1579
3 1578 1819 1610
3 1698 1819 1578
3 1610 1815 1579
3 1615 1617 1579
3 1579 1815 1615
3 1581 1623 1580
3 1623 1624 1580
3 1624 1626 1580
3 1599 1846 1581
3 1581 1791 1623
3 1581 1846 1791
3 1696 1697 1582
3 1697 1753 1582
3 1753 1758 1582
3 1658 1756 1583
3 1583 1756 1659
3 1659 1757 1583
3 1584 1777 1585
3 1766 1776 1584
3 1776 1777 1584
3 1585 1587 1586
3 1585 1778 1587
3 1777 1778 1585
3 1587 1597 1586
3 1597 1649 1586
3 1649 1668 1586
3 1587 1598 1597
3 1587 1779 1598
3 1778 1779 1587
3 1650 1887 1588
3 1588 1779 1778
3 1588 1887 1779
3 1746 1891 1589
3 1589 1771 1770
3 1589 1891 1771
3 1591 1594 1590
3 1594 1902 1590
3 1590 1902 1765
3 1591 1595 1594
3 1591 1611 1595
3 1591 1630 1611
3 1649 1890 1592
3 1890 1908 1592
3 1592 1908 1894
3 1593 1834 1823
3 1823 1862 1593
3 1862 1865 1593
3 1595 1901 1594
3 1594 1901 1810
3 1810 1902 1594
3 1611 1799 1595
3 1799 1800 1595
3 1800 1901 1595
3 1600 1842 1596
3 1596 1842 1841
3 1598 1835 1597
3 1597 1890 1649
3 1779 1855 1598
3 1598 1855 1835
3 1791 1846 1600
3 1602 1603 1601
3 1602 1604 1603
3 1602 1768 1604
3 1602 1772 1768
3 1604 1836 1605
3 1768 1836 1604
3 1881 1893 1605
3 1608 1831 1606
3 1765 1809 1607
3 1809 1899 1607
3 1608 1843 1831
3 1608 1907 1843
3 1844 1907 1608
3 1609 1651 1650
3 1609 1900 1651
3 1610 1819 1817
3 1611 1630 1612
3 1613 1797 1619
3 1615 1616 1614
3 1616 1808 1614
3 1615 1815 1616
3 1616 1815 1814
3 1622 1767 1617
3 1620 1796 1618
3 1618 1796 1621
3 1620 1797 1795
3 1621 1796 1794
3 1623 1791 1694
3 1625 1626 1624
3 1625 1627 1626
3 1625 1628 1627
3 1625 1653 1628
3 1628 1792 1627
3 1627 1792 1790
3 1789 1792 1628
3 1631 1634 1632
3 1632 1780 1633
3 1634 1784 1632
3 1632 1784 1780
3 1633 1636 1635
3 1636 1638 1637
3 1638 1783 1637
3 1637 1782 1781
3 1637 1783 1782
3 1647 1691 1639
3 1725 1759 1640
3 1730 1733 1641
3 1642 1724 1715
3 1643 1731 1723
3 1732 1740 1644
3 1645 1739 1695
3 1646 1859 1834
3 1652 1688 1648
3 1651 1887 1650
3 1675 1688 1652
3 1653 1760 1716
3 1655 1656 1654
3 1656 1883 1654
3 1655 1657 1656
3 1655 1769 1657
3 1762 1769 1655
3 1657 1884 1656
3 1769 1888 1657
3 1657 1886 1884
3 1665 1757 1659
3 1661 1853 1660
3 1853 1857 1660
3 1662 1663 1661
3 1663 1851 1661
3 1851 1853 1661
3 1662 1807 1664
3 1828 1851 1663
3 1663 1896 1828
3 1807 1816 1664
3 1794 1796 1666
3 1667 1865 1845
3 1736 1873 1669
3 1873 1876 1669
3 1672 1878 1671
3 1671 1878 1752
3 1798 1871 1672
3 1871 1874 1672
3 1874 1878 1672
3 1674 1869 1673
3 1673 1869 1741
3 1674 1880 1879
3 1677 1821 1676
3 1677 1824 1822
3 1679 1680 1678
3 1680 1700 1678
3 1679 1786 1680
3 1681 1682 1679
3 1682 1786 1679
3 1680 1701 1700
3 1729 1782 1681
3 1683 1686 1684
3 1684 1689 1685
3 1690 1709 1685
3 1687 1713 1686
3 1687 1735 1714
3 1785 1788 1690
3 1692 1788 1693
3 1790 1792 1693
3 1699 1819 1698
3 1699 1821 1820
3 1701 1720 1702
3 1702 1787 1734
3 1703 1875 1704
3 1710 1875 1703
3 1867 1868 1704
3 1706 1838 1705
3 1706 1847 1840
3 1708 1832 1707
3 1708 1838 1833
3 1711 1875 1710
3 1712 1872 1711
3 1711 1872 1870
3 1870 1875 1711
3 1752 1878 1712
3 1714 1787 1726
3 1718 1847 1717
3 1719 1850 1718
3 1741 1869 1719
3 1719 1858 1850
3 1719 1869 1858
3 1721 1864 1722
3 1722 1861 1860
3 1728 1824 1727
3 1728 1829 1825
3 1781 1782 1729
3 1737 1873 1736
3 1737 1845 1818
3 1818 1866 1737
3 1866 1873 1737
3 1743 1829 1742
3 1743 1832 1830
3 1744 1868 1745
3 1863 1864 1745
3 1747 1748 1746
3 1748 1891 1746
3 1747 1898 1748
3 1747 1894 1811
3 1811 1898 1747
3 1748 1898 1892
3 1749 1854 1750
3 1750 1852 1849
3 1751 1877 1798
3 1754 1860 1755
3 1755 1856 1854
3 1764 1880 1763
3 1764 1883 1882
3 1765 1902 1809
3 1773 1836 1768
3 1770 1888 1769
3 1771 1888 1770
3 1775 1885 1816
3 1843 1885 1775
3 1804 1826 1800
3 1802 1853 1851
3 1803 1859 1857
3 1804 1903 1826
3 1806 1877 1876
3 1827 1898 1811
3 1812 1908 1890
3 1813 1907 1844
3 1885 1907 1813
3 1843 1907 1885
3 1881 1906 1893
3 4 210 2026
3 313 4 2026
3 212 5 2025
3 5 351 2025
3 243 6 2024
3 6 276 2024
3 7 245 2027
3 314 7 2027
3 210 211 2018
3 210 2018 2026
3 211 212 1943
3 211 1943 2018
3 1943 212 2025
3 244 243 1944
3 1944 243 2024
3 245 244 2017
3 244 1944 2017
3 245 2017 2027
3 276 277 2020
3 276 2020 2024
3 277 278 1931
3 277 1931 2020
3 278 279 1979
3 1931 278 1979
3 279 280 1933
3 279 1933 1979
3 280 281 1996
3 1933 280 1996
3 281 282 1930
3 281 1930 1996
3 282 283 1989
3 1930 282 1989
3 283 284 1942
3 283 1942 1989
3 284 285 1993
3 1942 284 1993
3 285 286 1911
3 285 1911 1993
3 286 287 2000
3 1911 286 2000
3 287 288 1941
3 287 1941 2000
3 288 289 2038
3 1941 288 2038
3 289 290 1913
3 289 1913 2038
3 290 291 1992
3 1913 290 1992
3 291 292 1919
3 291 1919 1992
3 292 293 1990
3 1919 292 1990
3 293 294 1915
3 293 1915 1990
3 294 295 2037
3 1915 294 2037
3 295 296 1910
3 295 1910 2037
3 296 297 1978
3 1910 296 1978
3 297 298 2013
3 1978 297 2013
3 298 299 1914
3 298 1914 2013
3 299 300 2041
3 1914 299 2041
3 300 301 1916
3 300 1916 2041
3 301 302 1960
3 1916 301 1960
3 302 303 1909
3 302 1909 1960
3 303 304 2003
3 1909 303 2003
3 304 305 1940
3 304 1940 2003
3 305 306 1953
3 1940 305 1953
3 306 307 1917
3 306 1917 1953
3 307 308 2040
3 1917 307 2040
3 308 309 1923
3 308 1923 2040
3 309 310 1962
3 1923 309 1962
3 310 311 1924
3 310 1924 1962
3 311 312 1963
3 1924 311 1963
3 312 313 1937
3 312 1937 1963
3 1937 313 2026
3 315 314 1938
3 1938 314 2027
3 316 315 1988
3 315 1938 1988
3 317 316 1921
3 1921 316 1988
3 318 317 2039
3 317 1921 2039
3 319 318 1922
3 1922 318 2039
3 320 319 1986
3 319 1922 1986
3 321 320 2014
3 320 1986 2014
3 322 321 1920
3 1920 321 2014
3 323 322 1997
3 322 1920 1997
3 324 323 1939
3 1939 323 1997
3 325 324 1999
3 324 1939 1999
3 326 325 1918
3 1918 325 1999
3 327 326 1965
3 326 1918 1965
3 328 327 2001
3 327 1965 2001
3 329 328 1928
3 1928 328 2001
3 330 329 2011
3 329 1928 2011
3 331 330 1929
3 1929 330 2011
3 332 331 1971
3 331 1929 1971
3 333 332 1927
3 1927 332 1971
3 334 333 1991
3 333 1927 1991
3 335 334 1926
3 1926 334 1991
3 336 335 2005
3 335 1926 2005
3 337 336 1954
3 1954 336 2005
3 338 337 1932
3 1932 337 1954
3 339 338 2002
3 338 1932 2002
3 340 339 1925
3 1925 339 2002
3 341 340 1961
3 340 1925 1961
3 342 341 2006
3 341 1961 2006
3 343 342 1912
3 1912 342 2006
3 344 343 2023
3 343 1912 2023
3 345 344 2049
3 1952 344 2023
3 344 1952 2049
3 346 345 1935
3 1935 345 2049
3 347 346 1945
3 346 1935 1945
3 348 347 1934
3 1934 347 1945
3 349 348 2010
3 348 1934 2010
3 350 349 1936
3 1936 349 2010
3 351 350 2019
3 350 1936 2019
3 351 2019 2025
3 1960 1909 2031
3 1909 2003 2043
3 2031 1909 2043
3 1910 1973 1974
3 1973 1910 1975
3 1910 1974 2037
3 1975 1910 1978
3 1993 1911 1994
3 1994 1911 1995
3 1995 1911 2000
3 1912 2006 2042
3 1912 2022 2023
3 2022 1912 2042
3 1913 1968 1969
3 1968 1913 1970
3 1913 1969 2038
3 1970 1913 1992
3 1955 1914 1958
3 1914 1955 2032
3 1958 1914 2041
3 2013 1914 2032
3 1972 1915 1974
3 1915 1972 1976
3 1974 1915 2037
3 1915 1976 1990
3 1916 1957 1958
3 1957 1916 1959
3 1916 1958 2041
3 1959 1916 1960
3 1947 1917 1948
3 1917 1947 1949
3 1948 1917 2040
3 1917 1949 1953
3 1965 1918 1966
3 1966 1918 1967
3 1967 1918 1999
3 1919 1990 2047
3 1992 1919 2028
3 2028 1919 2047
3 1997 1920 1998
3 1998 1920 2030
3 1920 2014 2030
3 1921 1980 1982
3 1980 1921 1984
3 1921 1982 2039
3 1984 1921 1988
3 1981 1922 1982
3 1922 1981 1983
3 1982 1922 2039
3 1922 1983 1986
3 1923 1946 1948
3 1946 1923 1950
3 1923 1948 2040
3 1950 1923 1962
3 1962 1924 2048
3 1924 1963 2015
3 1924 2015 2048
3 1959 1925 2002
3 1925 1959 2012
3 1961 1925 2012
3 1975 1926 1991
3 1926 1975 2033
3 2005 1926 2033
3 1927 1971 1972
3 1927 1972 1973
3 1927 1973 1991
3 1970 1928 2001
3 1928 1970 2021
3 2011 1928 2021
3 1971 1929 1976
3 1976 1929 1977
3 1977 1929 2011
3 1930 1983 1996
3 1983 1930 2036
3 1930 1989 2036
3 1931 1979 1984
3 1931 1984 1985
3 1931 1985 2020
3 1932 1954 1955
3 1932 1955 1957
3 1932 1957 2002
3 1979 1933 1980
3 1980 1933 1981
3 1981 1933 1996
3 1934 1945 1950
3 1934 1950 1951
3 1934 1951 2010
3 1945 1935 1946
3 1946 1935 1947
3 1947 1935 2049
3 1936 2010 2029
3 2019 1936 2045
3 1936 2029 2045
3 1963 1937 1964
3 1964 1937 2018
3 2018 1937 2026
3 1988 1938 2046
3 2017 1938 2027
3 1938 2017 2046
3 1939 1997 2034
3 1999 1939 2034
3 1940 1953 2016
3 2003 1940 2004
3 2004 1940 2016
3 1941 1969 2035
3 1969 1941 2038
3 2000 1941 2035
3 1989 1942 2009
3 1942 1993 2044
3 2009 1942 2044
3 1943 1964 2018
3 1964 1943 2045
3 2019 1943 2025
3 1943 2019 2045
3 1944 1985 2017
3 1985 1944 2020
3 2020 1944 2024
3 1945 1946 1950
3 1946 1947 1948
3 1949 1947 1952
3 1952 1947 2049
3 1949 1952 2022
3 1953 1949 2016
3 2016 1949 2022
3 1951 1950 2048
3 1950 1962 2048
3 2010 1951 2029
3 1951 2015 2029
3 2015 1951 2048
3 2022 1952 2023
3 1955 1954 1956
3 1956 1954 2005
3 1955 1956 2032
3 1957 1955 1958
3 1956 2005 2033
3 1956 2008 2032
3 2008 1956 2033
3 1957 1959 2002
3 1959 1960 2031
3 2012 1959 2031
3 2006 1961 2007
3 2007 1961 2012
3 1963 1964 2015
3 2015 1964 2045
3 1965 1966 1968
3 1965 1968 2001
3 1966 1967 2035
3 1968 1966 1969
3 1969 1966 2035
3 1995 1967 1999
3 1967 1995 2000
3 1967 2000 2035
3 1968 1970 2001
3 1970 1992 2028
3 2021 1970 2028
3 1972 1971 1976
3 1973 1972 1974
3 1973 1975 1991
3 1975 1978 2008
3 1975 2008 2033
3 1976 1977 2047
3 1990 1976 2047
3 1977 2011 2021
3 1977 2021 2028
3 1977 2028 2047
3 2008 1978 2013
3 1979 1980 1984
3 1980 1981 1982
3 1983 1981 1996
3 1986 1983 1987
3 1987 1983 2036
3 1985 1984 2046
3 1984 1988 2046
3 2017 1985 2046
3 1986 1987 2014
3 1987 2009 2030
3 2009 1987 2036
3 2014 1987 2030
3 1989 2009 2036
3 1993 1994 2044
3 1994 1995 2034
3 1994 1997 1998
3 1997 1994 2034
3 1994 1998 2044
3 1995 1999 2034
3 2009 1998 2030
3 1998 2009 2044
3 2003 2004 2043
3 2004 2006 2007
3 2006 2004 2042
3 2004 2007 2043
3 2004 2016 2042
3 2007 2012 2031
3 2007 2031 2043
3 2008 2013 2032
3 2029 2015 2045
3 2016 2022 2042
3 9 2050 8
3 8 2050 10
3 11 2050 9
3 10 2050 11
3 8 2051 9
3 13 2051 8
3 9 2051 12
3 12 2051 13
3 8 10 2052
3 13 8 2052
3 10 14 2052
3 14 13 2052
3 10 11 2053
3 14 10 2053
3 11 15 2053
3 15 14 2053
3 9 2054 11
3 12 2054 9
3 11 2054 15
3 15 2054 12
3 12 13 2055
3 15 12 2055
3 13 14 2055
3 14 15 2055
3 17 2056 16
3 16 2056 18
3 19 2056 17
3 18 2056 19
3 16 2057 17
3 21 2057 16
3 17 2057 20
3 20 2057 21
3 16 18 2058
3 21 16 2058
3 18 22 2058
3 22 21 2058
3 18 19 2059
3 22 18 2059
3 19 23 2059
3 23 22 2059
3 17 2060 19
3 20 2060 17
3 19 2060 23
3 23 2060 20
3 20 21 2061
3 23 20 2061
3 21 22 2061
3 22 23 2061
3 25 2062 24
3 24 2062 26
3 27 2062 25
3 26 2062 27
3 24 2063 25
3 29 2063 24
3 25 2063 28
3 28 2063 29
3 24 26 2064
3 29 24 2064
3 26 30 2064
3 30 29 2064
3 26 27 2065
3 30 26 2065
3 27 31 2065
3 31 30 2065
3 25 2066 27
3 28 2066 25
3 27 2066 31
3 31 2066 28
3 28 29 2067
3 31 28 2067
3 29 30 2067
3 30 31 2067
3 33 2068 32
3 32 2068 34
3 35 2068 33
3 34 2068 35
3 32 2069 33
3 37 2069 32
3 33 2069 36
3 36 2069 37
3 32 34 2070
3 37 32 2070
3 34 38 2070
3 38 37 2070
3 34 35 2071
3 38 34 2071
3 35 39 2071
3 39 38 2071
3 33 2072 35
3 36 2072 33
3 35 2072 39
3 39 2072 36
3 36 37 2073
3 39 36 2073
3 37 38 2073
3 38 39 2073
3 41 2074 40
3 40 2074 42
3 43 2074 41
3 42 2074 43
3 40 2075 41
3 45 2075 40
3 41 2075 44
3 44 2075 45
3 40 42 2076
3 45 40 2076
3 42 46 2076
3 46 45 2076
3 42 43 2077
3 46 42 2077
3 43 47 2077
3 47 46 2077
3 41 2078 43
3 44 2078 41
3 43 2078 47
3 47 2078 44
3 44 45 2079
3 47 44 2079
3 45 46 2079
3 46 47 2079
3 49 2080 48
3 48 2080 50
3 51 2080 49
3 50 2080 51
3 48 2081 49
3 53 2081 48
3 49 2081 52
3 52 2081 53
3 48 50 2082
3 53 48 2082
3 50 54 2082
3 54 53 2082
3 50 51 2083
3 54 50 2083
3 51 55 2083
3 55 54 2083
3 49 2084 51
3 52 2084 49
3 51 2084 55
3 55 2084 52
3 52 53 2085
3 55 52 2085
3 53 54 2085
3 54 55 2085
3 57 2086 56
3 56 2086 58
3 59 2086 57
3 58 2086 59
3 56 2087 57
3 61 2087 56
3 57 2087 60
3 60 2087 61
3 56 58 2088
3 61 56 2088
3 58 62 2088
3 62 61 2088
3 58 59 2089
3 62 58 2089
3 59 63 2089
3 63 62 2089
3 57 2090 59
3 60 2090 57
3 59 2090 63
3 63 2090 60
3 60 61 2091
3 63 60 2091
3 61 62 2091
3 62 63 2091
3 65 2092 64
3 64 2092 66
3 67 2092 65
3 66 2092 67
3 64 2093 65
3 69 2093 64
3 65 2093 68
3 68 2093 69
3 64 66 2094
3 69 64 2094
3 66 70 2094
3 70 69 2094
3 66 67 2095
3 70 66 2095
3 67 71 2095
3 71 70 2095
3 65 2096 67
3 68 2096 65
3 67 2096 71
3 71 2096 68
3 68 69 2097
3 71 68 2097
3 69 70 2097
3 70 71 2097
3 73 2098 72
3 72 2098 74
3 75 2098 73
3 74 2098 75
3 72 2099 73
3 77 2099 72
3 73 2099 76
3 76 2099 77
3 72 74 2100
3 77 72 2100
3 74 78 2100
3 78 77 2100
3 74 75 2101
3 78 74 2101
3 75 79 2101
3 79 78 2101
3 73 2102 75
3 76 2102 73
3 75 2102 79
3 79 2102 76
3 76 77 2103
3 79 76 2103
3 77 78 2103
3 78 79 2103
3 81 2104 80
3 80 2104 82
3 83 2104 81
3 82 2104 83
3 80 2105 81
3 85 2105 80
3 81 2105 84
3 84 2105 85
3 80 82 2106
3 85 80 2106
3 82 86 2106
3 86 85 2106
3 82 83 2107
3 86 82 2107
3 83 87 2107
3 87 86 2107
3 81 2108 83
3 84 2108 81
3 83 2108 87
3 87 2108 84
3 84 85 2109
3 87 84 2109
3 85 86 2109
3 86 87 2109
3 89 2110 88
3 88 2110 90
3 91 2110 89
3 90 2110 91
3 88 2111 89
3 93 2111 88
3 89 2111 92
3 92 2111 93
3 88 90 2112
3 93 88 2112
3 90 94 2112
3 94 93 2112
3 90 91 2113
3 94 90 2113
3 91 95 2113
3 95 94 2113
3 89 2114 91
3 92 2114 89
3 91 2114 95
3 95 2114 92
3 92 93 2115
3 95 92 2115
3 93 94 2115
3 94 95 2115
3 97 2116 96
3 96 2116 98
3 99 2116 97
3 98 2116 99
3 96 2117 97
3 101 2117 96
3 97 2117 100
3 100 2117 101
3 96 98 2118
3 101 96 2118
3 98 102 2118
3 102 101 2118
3 98 99 2119
3 102 98 2119
3 99 103 2119
3 103 102 2119
3 97 2120 99
3 100 2120 97
3 99 2120 103
3 103 2120 100
3 100 101 2121
3 103 100 2121
3 101 102 2121
3 102 103 2121
3 105 2122 104
3 104 2122 106
3 107 2122 105
3 106 2122 107
3 104 2123 105
3 109 2123 104
3 105 2123 108
3 108 2123 109
3 104 106 2124
3 109 104 2124
3 106 110 2124
3 110 109 2124
3 106 107 2125
3 110 106 2125
3 107 111 2125
3 111 110 2125
3 105 2126 107
3 108 2126 105
3 107 2126 111
3 111 2126 108
3 108 109 2127
3 111 108 2127
3 109 110 2127
3 110 111 2127
3 113 2128 112
3 112 2128 114
3 115 2128 113
3 114 2128 115
3 112 2129 113
3 117 2129 112
3 113 2129 116
3 116 2129 117
3 112 114 2130
3 117 112 2130
3 114 118 2130
3 118 117 2130
3 114 115 2131
3 118 114 2131
3 115 119 2131
3 119 118 2131
3 113 2132 115
3 116 2132 113
3 115 2132 119
3 119 2132 116
3 116 117 2133
3 119 116 2133
3 117 118 2133
3 118 119 2133
3 121 2134 120
3 120 2134 122
3 123 2134 121
3 122 2134 123
3 120 2135 121
3 125 2135 120
3 121 2135 124
3 124 2135 125
3 120 122 2136
3 125 120 2136
3 122 126 2136
3 126 125 2136
3 122 123 2137
3 126 122 2137
3 123 127 2137
3 127 126 2137
3 121 2138 123
3 124 2138 121
3 123 2138 127
3 127 2138 124
3 124 125 2139
3 127 124 2139
3 125 126 2139
3 126 127 2139
4 1457 2163 2344 2528
4 1457 2344 2163 2578
4 1457 2163 2528 2578
4 2221 2507 1173 2658
4 2239 2492 2152 2736
4 2092 65 2475 2490
4 51 55 2084 2254
4 2446 2687 2305 2716
4 359 2507 2221 2658
4 73 2580 2664 2810
4 2292 2715 2505 2863
4 1072 2617 2562 2778
4 2168 2691 2243 2924
4 2205 2662 2489 2763
4 691 2571 690 2813
4 84 2316 87 2526
4 2173 2479 2198 2808
4 17 2279 2242 2313
4 691 2311 2571 2813
4 642 1173 2507 2658
4 2173 2198 2478 2808
4 2084 51 2254 2305
4 2235 2391 2691 2924
4 575 2741 2314 2802
4 690 2571 2260 2813
4 691 690 2260 2813
4 2157 2301 2486 2679
4 115 2259 2132 2303
4 1685 2354 2426 2625
4 2305 2687 2558 2716
4 2200 2492 2239 2736
4 2205 2558 2687 2716
4 2357 2653 1838 2750
4 2391 2243 2691 2924
4 2274 2362 1039 2906
4 2207 2653 2357 2750
4 1153 2225 367 2600
4 23 2381 2248 2674
4 367 2225 1153 2766
4 2506 2724 2150 2725
4 2334 2550 121 2685
4 1685 1690 2354 2625
4 359 642 2507 2658
4 2539 2661 1221 2728
4 1957 2345 2205 2662
4 9 2527 11 2588
4 1039 2362 1038 2906
4 2235 2691 2513 2924
4 2168 2513 2691 2924
4 2217 2449 529 2737
4 2312 2562 1072 2617
4 2191 2563 769 2817
4 2249 931 2783 2922
4 87 2316 2425 2526
4 1640 2396 2541 2743
4 1640 2396 1725 2541
4 364 2556 2503 2644
4 2408 2424 1220 2569
4 89 2363 2562 2760
4 680 678 2298 2404
4 1641 2281 1759 2592
4 1333 2601 2575 2698
4 35 2071 2328 2649
4 2305 2558 835 2814
4 2233 2490 2400 2759
4 877 878 2316 2921
4 12 2377 2315 2383
4 364 2238 2556 2644
4 81 2287 2397 2656
4 2205 2687 2446 2716
4 2232 2448 1101 2814
4 680 2404 2298 2872
4 457 2658 2441 2970
4 84 87 2316 2921
4 73 2356 2580 2810
4 2361 2446 2205 2687
4 124 121 2334 2550
4 89 2562 2374 2760
4 672 2299 674 2399
4 1333 2575 1331 2698
4 1216 2480 2345 2818
4 2347 2758 2204 2833
4 529 2671 2217 2737
4 2145 2562 2617 2778
4 1029 642 1173 2507
4 2210 2608 2342 2740
4 672 2299 2399 2898
4 2173 2446 2361 2687
4 1350 2426 2335 2487
4 1350 2335 2426 2801
4 1071 2661 2201 2728
4 2249 2783 2504 2922
4 2423 2482 1927 2720
4 585 592 612 2758
4 1403 2938 1420 3010
4 1896 552 2568 2648
4 1761 1403 1420 3010
4 87 2764 2526 2900
4 1937 2619 1233 2647
4 585 2758 2347 2833
4 2168 2359 2188 2483
4 400 2441 2221 2929
4 2314 2466 605 2533
4 869 2459 2416 2728
4 2224 2585 2572 2635
4 2188 2359 2168 2445
4 2397 2656 2287 3020
4 2281 2396 1759 2592
4 2185 2237 2582 2776
4 1595 2490 2400 2836
4 2292 419 2715 2863
4 877 2316 2268 2921
4 2526 2653 2425 2900
4 2289 2708 2290 3012
4 2141 2287 2656 3020
4 2588 2755 2443 2907
4 2504 2783 931 2922
4 691 2813 2260 3014
4 67 1595 2579 2836
4 2185 2582 2296 2776
4 1730 1333 1331 2698
4 877 2268 878 2921
4 909 2425 1190 2715
4 2254 2305 835 2814
4 2152 2492 2239 2721
4 23 2060 19 2279
4 17 2060 20 2279
4 2173 2354 2198 2479
4 2221 2444 1173 2546
4 1188 2222 956 2341
4 2354 2625 1690 2641
4 1642 2306 2258 2656
4 2206 2525 1969 2910
4 60 2341 63 2853
4 108 2692 2269 3045
4 2237 2150 2724 2725
4 2269 2177 2607 2692
4 87 2425 2316 2921
4 2196 2724 2506 2725
4 2224 2515 2585 2635
4 2269 2607 2177 2645
4 1190 2425 2668 2715
4 882 2287 883 2384
4 1966 1969 2206 2525
4 2526 2764 2653 2900
4 1442 2509 2373 2597
4 2092 2475 1594 2490
4 2173 2198 2354 2478
4 2188 2483 2359 2892
4 2254 2295 834 2305
4 1621 2717 2484 2753
4 73 2580 2246 2664
4 2165 2210 2504 2534
4 2165 2411 2210 2534
4 769 2563 937 2817
4 2242 2694 17 3009
4 1725 2396 2281 2541
4 2145 2562 2312 2617
4 2279 2381 23 2528
4 1795 2409 31 2945
4 1323 2328 2071 2649
4 427 2346 2216 2842
4 851 2478 2631 2689
4 108 2607 2692 3045
4 124 1592 125 2300
4 2144 2277 2377 2613
4 2179 2235 2419 2513
4 2163 2381 2279 2528
4 2188 2445 2168 2483
4 68 2518 1613 2825
4 2607 2645 2269 3045
4 2269 2692 2607 3045
4 2397 81 2656 3020
4 1071 1221 2661 2728
4 2210 2534 1616 2608
4 67 2490 1595 2836
4 2306 2656 1642 2919
4 113 2303 2302 2435
4 2210 2608 1616 2799
4 457 473 2658 2970
4 2373 2597 2457 2873
4 2402 2456 1007 2873
4 797 2377 2270 2383
4 2400 2579 1595 2836
4 15 2377 2277 2613
4 663 2473 2214 2775
4 2219 2181 2385 2610
4 927 2339 2334 3024
4 79 2333 2444 2614
4 2305 2631 2173 2641
4 1439 2597 2492 2721
4 51 2631 2305 2641
4 2431 2575 1328 2733
4 2212 2500 544 2671
4 17 2313 2242 2746
4 883 2384 2287 2953
4 87 2526 2425 2900
4 2182 2362 2320 2469
4 1220 2408 2569 2729
4 585 2443 2347 2758
4 2400 2490 1800 2759
4 1224 2536 2410 2956
4 1690 2641 2625 3060
4 2210 2342 2462 2740
4 879 2268 2287 2397
4 761 2451 2278 2660
4 2320 2362 2182 2822
4 2155 2360 2187 2557
4 2342 2608 2161 2740
4 1263 1927 2423 2482
4 1885 2347 2340 2681
4 1721 2479 2361 2491
4 2281 2592 1641 2698
4 2242 2398 17 2694
4 2219 2385 2309 2610
4 2350 2241 2416 2734
4 2227 907 2505 2596
4 2457 2581 2373 2873
4 1537 2551 2592 2614
4 9 2527 2515 2774
4 1457 2528 2344 2637
4 2219 2385 2181 2624
4 19 2279 2060 2313
4 2060 2279 17 2313
4 2187 2360 2155 2428
4 2345 2480 2199 2818
4 2216 2644 425 2842
4 127 2339 2238 2849
4 2331 2396 2333 2807
4 1401 2415 2557 2702
4 2191 2481 2297 2563
4 1896 2568 1663 2648
4 869 1071 2459 2728
4 1184 2227 907 2505
4 51 2295 2631 2641
4 398 2221 2432 2929
4 882 2287 2384 2851
4 2333 2396 2146 2807
4 95 2202 2606 2813
4 2515 1203 2585 2635
4 23 2248 2381 3047
4 2347 2443 2204 2758
4 575 2466 2314 2741
4 1071 2459 2201 2661
4 1885 2340 2659 2681
4 787 777 2326 2792
4 2132 2259 115 3018
4 919 835 2558 2814
4 31 1795 1496 2409
4 663 2214 2473 2660
4 2359 2483 2419 2892
4 961 2351 2531 2803
4 2279 2528 20 2934
4 1957 2662 2205 2763
4 95 2202 2520 2606
4 15 2277 2343 2613
4 71 2262 2225 3013
4 1496 31 30 1795
4 2205 2345 1957 2763
4 363 2427 1266 2604
4 2252 2277 2144 2343
4 1168 2443 2588 2755
4 456 2668 2207 2715
4 2242 2218 2577 2694
4 2242 2577 2398 2694
4 83 2287 2390 2596
4 2572 2585 1203 2635
4 1286 2864 2366 2941
4 2030 2009 1987 2496
4 797 796 2270 2377
4 2155 2187 2428 2557
4 1759 2281 1725 2396
4 2269 772 2555 2957
4 2246 2664 2580 2810
4 661 2451 761 2660
4 1927 2482 1263 2720
4 796 797 2270 2383
4 2297 2481 2172 2563
4 690 691 2260 3014
4 2379 2149 2630 2670
4 2222 956 2341 2583
4 425 2216 2560 2769
4 2326 2630 2149 2670
4 544 2212 2671 2737
4 678 2298 2404 2883
4 2410 2536 1224 2959
4 1028 1173 2444 2546
4 28 2252 2326 2670
4 2261 2854 1130 3045
4 2217 2339 927 3024
4 2393 2454 771 2736
4 2278 2899 2742 3013
4 877 2268 2316 2425
4 1065 2362 2274 2787
4 1173 2444 2221 2658
4 2266 2318 1124 2703
4 2503 2556 2238 2644
4 63 2341 2514 2853
4 49 2305 2558 2716
4 33 2299 2275 2654
4 1139 2535 2260 2562
4 2437 2438 638 2922
4 51 2305 2446 2641
4 1124 2703 2318 2843
4 1824 2551 2432 2761
4 851 2310 2478 2689
4 2350 2416 2241 2845
4 2269 2428 772 2957
4 931 2249 2598 2922
4 785 2270 2377 2861
4 996 2502 2378 2866
4 894 2333 893 2695
4 1330 1328 2575 2733
4 2173 2446 2305 2641
4 879 2287 880 2397
4 929 2249 931 2783
4 83 2268 2287 2596
4 702 2230 704 2966
4 1184 907 2227 3050
4 124 2334 2300 2550
4 2326 2670 2252 2780
4 2326 2630 1018 2794
4 89 2363 2260 2562
4 2144 2343 2277 2613
4 68 2518 2825 2939
4 2092 65 64 2475
4 2246 2580 2148 2810
4 432 2357 1285 2750
4 1401 2557 2472 2702
4 2148 2399 2643 2649
4 2159 2362 2320 2822
4 2148 2643 2328 2649
4 79 2589 1552 2804
4 2195 2416 2350 2845
4 2201 2416 2407 2459
4 2384 2294 2532 2856
4 2200 2597 2373 2873
4 2377 2383 797 2711
4 2275 2299 2142 2654
4 1350 2426 1407 2801
4 23 2381 2279 3047
4 707 1105 2512 2672
4 2661 2728 2539 3003
4 2320 2362 2159 2469
4 2407 2416 2195 2459
4 570 2540 2233 2628
4 2169 2422 2352 2677
4 2201 2459 1071 2728
4 1139 749 2260 2535
4 2278 2660 2161 2904
4 450 2276 485 2537
4 59 2372 2318 2516
4 937 2563 2261 2817
4 1285 2357 1838 2750
4 921 2636 2730 2923
4 1430 2516 2453 2683
4 1124 2266 783 2318
4 1246 927 2217 2339
4 2326 2149 2545 2670
4 1057 2425 2324 2668
4 2199 2361 2280 2479
4 1216 2345 1074 2818
4 1956 2480 2349 2488
4 599 2568 2204 2833
4 427 2216 2346 2560
4 1694 1430 2453 2683
4 1385 2889 2495 2980
4 63 2514 2223 2853
4 1739 2335 1347 2963
4 2531 2607 2461 2706
4 2157 2290 2289 2477
4 894 2246 1043 2333
4 2335 2485 1347 2963
4 2408 2744 2349 2943
4 83 2596 2390 2622
4 121 2550 2297 2685
4 2245 2732 2389 2852
4 2168 2243 2789 2924
4 787 2326 2265 2792
4 68 2355 1613 2518
4 2461 2531 2177 2607
4 2214 2660 2278 2904
4 1721 2491 2361 2943
4 1385 2666 2495 2889
4 785 2270 796 2377
4 12 2383 2315 3049
4 1537 2592 2396 2614
4 1018 2388 2326 2794
4 907 2596 2227 3050
4 2004 2584 2208 2730
4 35 2643 2328 3017
4 2144 2252 2670 2780
4 2263 2484 2717 2753
4 1075 2502 2316 3061
4 2360 2187 2557 2950
4 2393 771 2457 2736
4 2004 2208 2584 2696
4 2192 2289 2693 2878
4 2280 2361 2199 2429
4 1592 2300 124 2442
4 2022 2696 2023 3033
4 31 2326 2388 2545
4 89 2374 2562 3022
4 2179 2419 2359 2513
4 2230 2335 2182 2426
4 36 2275 2298 2669
4 17 2279 20 2934
4 836 2295 2254 2452
4 105 2428 2415 2854
4 2373 2457 2164 2581
4 2484 2214 2678 2927
4 2210 2411 1616 2534
4 2238 2339 2212 2849
4 2164 2457 2373 2597
4 2518 2678 2214 2927
4 1101 2232 1206 2448
4 2144 2379 2630 2670
4 1038 2362 1065 2787
4 2004 2208 2696 2730
4 771 2454 770 2736
4 1105 2512 2672 2762
4 599 2204 2568 2635
4 2275 2142 2332 2654
4 1499 2354 1690 2641
4 2360 2557 2472 2950
4 35 2255 2399 2643
4 2201 2728 2661 3003
4 2233 2759 2628 3028
4 1732 1644 2272 2520
4 2173 2631 2354 2641
4 1246 2339 2217 2671
4 840 2334 927 2339
4 874 996 2378 2866
4 2361 2716 1860 2763
4 2280 2198 2479 2808
4 604 2231 2591 2997
4 1359 2483 2419 2691
4 892 894 1043 2333
4 1311 2850 1313 2904
4 2289 2477 2290 2708
4 89 2562 2260 3022
4 2248 2275 2142 2332
4 2179 2513 2359 2798
4 1124 2318 783 2843
4 1109 2393 2401 2838
4 2208 2448 1201 2584
4 638 2437 382 2438
4 934 1110 863 2805
4 1311 1312 1313 2850
4 2150 2506 2453 2724
4 2218 2694 2242 3009
4 33 2275 2332 2654
4 2175 2592 2551 2614
4 787 777 780 2326
4 2584 2696 2474 2839
4 124 2334 121 2848
4 369 450 485 2537
4 111 2209 2621 2817
4 1311 1312 2850 2904
4 1060 909 1190 2715
4 790 840 2339 2848
4 1638 2565 2332 2674
4 398 447 2221 2929
4 2202 95 2368 2813
4 2484 2518 2214 2927
4 785 2377 2277 2861
4 1313 2850 2484 2904
4 1633 2654 2332 2677
4 491 2225 367 2766
4 585 592 2758 2833
4 493 544 535 2671
4 2176 2541 2431 2575
4 2209 111 2574 2817
4 2092 65 2490 3004
4 111 2209 2574 2621
4 2179 2235 2513 2798
4 2022 2023 2421 3033
4 2214 2678 663 2775
4 1616 2411 2210 2799
4 2208 2584 1201 2730
4 1795 2825 2409 2945
4 2180 2306 2211 2820
4 2509 2597 1442 2784
4 2169 2422 2677 2880
4 2230 702 2819 2966
4 2192 2693 2496 2878
4 938 2191 769 2817
4 2151 2248 2381 2674
4 934 863 2510 2805
4 604 2231 582 2591
4 1329 2541 2281 2575
4 1037 2310 851 2689
4 2225 2600 1153 2930
4 1329 2281 1399 2575
4 1184 1095 907 3050
4 76 2246 2333 2743
4 2151 2298 2275 2669
4 103 2288 2267 2445
4 931 2249 929 2598
4 2311 2813 691 3014
4 1949 2421 2389 2638
4 2161 2355 2278 2904
4 17 2242 2279 2934
4 1190 2425 1057 2668
4 23 2279 2248 3047
4 2253 2484 2678 2927
4 836 2295 2452 2727
4 1439 2492 2597 2948
4 2302 2303 2174 2435
4 784 2854 2261 3032
4 2004 2696 2584 2839
4 2335 2426 2230 2487
4 1634 1385 2321 2495
4 2361 2429 2280 2479
4 2155 2472 2360 2557
4 992 2333 892 2768
4 2144 2379 2670 2947
4 914 2514 2351 2803
4 2216 2402 1240 2587
4 2324 2425 1057 2866
4 1595 1800 2400 2490
4 893 2333 2257 2695
4 790 2264 840 2848
4 787 780 2265 2326
4 674 2399 2299 2860
4 1096 1220 2408 2424
4 1824 2726 2551 2761
4 702 704 2230 2819
4 2233 2400 2547 2759
4 2727 2918 2723 3011
4 2150 2372 2282 2516
4 1144 2727 2723 3011
4 1243 1100 2238 2975
4 863 2259 2303 2805
4 897 2402 1114 2773
4 2282 2516 2372 2632
4 2373 1654 2597 2948
4 2281 2575 2463 2989
4 824 2713 2682 3006
4 2309 2385 2181 2610
4 51 2295 2305 2631
4 2461 2514 2351 2719
4 2180 2211 2564 2820
4 769 2191 938 2685
4 1618 2484 1621 2717
4 1399 2281 1329 2541
4 2200 2457 2597 2873
4 2461 2701 2514 2719
4 2470 2819 702 2966
4 2492 2597 2239 2721
4 2230 2819 2470 2966
4 35 2255 2643 3017
4 1537 2396 1538 2614
4 2491 2744 2408 2943
4 2321 2495 1385 2666
4 113 2302 2303 2805
4 835 2254 834 2305
4 2204 2758 599 2833
4 919 835 2305 2558
4 2334 2339 840 2848
4 2359 2445 2188 2838
4 23 20 2279 2528
4 1473 2491 2511 2890
4 2219 2181 2610 2624
4 2205 2361 2345 2488
4 605 2314 575 2466
4 1537 1538 2396 2592
4 863 2259 862 2303
4 1825 2276 450 2537
4 851 2689 2631 2830
4 1153 2766 2225 2930
4 2224 2648 2046 2663
4 2146 2333 2246 2743
4 2708 2710 1834 2881
4 1732 2520 2272 2909
4 892 2333 1043 2768
4 2071 1323 1647 2328
4 2206 2609 1966 2690
4 1286 2366 1610 2941
4 75 2589 2598 2777
4 2155 2557 2415 2702
4 2169 2352 2521 2677
4 2231 2340 582 2591
4 1685 1690 1499 2354
4 83 2268 2596 3048
4 2264 2334 840 2848
4 2324 1057 2770 2866
4 76 2664 2246 2743
4 2416 2459 869 3023
4 2252 2343 2144 2593
4 1916 1213 2345 3036
4 2092 1590 1594 2475
4 2732 2788 2590 2834
4 894 893 2257 2695
4 2201 2407 2728 3003
4 1838 2357 1706 2653
4 661 2451 2660 2740
4 1633 2332 2565 2677
4 2158 2631 2478 2689
4 992 892 1043 2768
4 2515 2527 2204 2774
4 2168 2419 2359 2483
4 1286 2411 2864 2941
4 1091 2640 2594 2738
4 57 59 2318 2516
4 2191 2650 938 2685
4 878 2397 2316 2921
4 708 2445 2267 3011
4 2146 2541 2396 2743
4 708 2288 2445 3011
4 927 2334 840 3024
4 784 1130 2261 2854
4 2207 2668 2425 2715
4 2384 2406 2294 2856
4 2432 2507 396 2605
4 1649 2550 2300 2574
4 2190 2365 2382 2410
4 1582 2302 113 2576
4 2267 2445 2288 3011
4 897 2587 2402 2773
4 707 2512 2267 2672
4 774 785 796 2377
4 9 2774 2515 2954
4 1109 2359 2393 2838
4 1220 1097 2408 2729
4 2223 2351 2514 2719
4 1916 2345 2662 3036
4 2281 2211 2575 2989
4 1240 2402 2216 2560
4 1721 1475 2479 2491
4 2210 2438 2165 2504
4 23 19 2248 2279
4 491 367 2225 2600
4 1114 2402 2736 2773
4 1882 363 1266 2604
4 774 2277 785 2377
4 2365 2382 2189 2615
4 824 2274 2682 2713
4 1285 1706 1838 2357
4 2315 2383 2377 2711
4 1552 2497 79 2804
4 2381 2528 2309 2674
4 1473 2511 2491 2744
4 1000 2486 2679 2711
4 12 2270 2377 2383
4 2300 2334 2191 2550
4 2253 2263 2484 2717
4 2191 2550 2334 2685
4 2207 2357 414 2750
4 2189 2382 2365 2410
4 2309 2381 2163 2528
4 1418 2304 1382 2731
4 2210 2411 2165 2438
4 2169 2677 2521 2880
4 2268 2505 907 2596
4 961 2531 1002 2803
4 1087 696 2284 2906
4 661 659 2451 2740
4 2216 2587 1240 2769
4 425 427 2216 2842
4 512 2531 2461 2706
4 2244 2543 441 2661
4 586 2741 575 2802
4 79 2333 2257 2444
4 2154 2230 2335 2470
4 2256 2467 2145 2524
4 382 2438 2437 2864
4 2242 17 2746 3009
4 369 1825 450 2537
4 1315 1621 2484 2753
4 95 2520 2284 2606
4 2266 2318 59 2372
4 79 2444 2497 2614
4 2416 2734 2407 3037
4 1824 1553 2432 2551
4 2132 2303 2259 2805
4 2188 2359 2273 2892
4 1201 2448 2208 2636
4 396 2432 2605 2761
4 2288 2723 2918 3011
4 663 665 2473 2775
4 2361 2488 2205 2763
4 1966 2206 1969 2609
4 2202 2368 95 2520
4 2084 2305 2254 2814
4 2140 2408 2280 2491
4 49 2446 2305 2716
4 2185 2582 2237 2747
4 1642 2258 2306 2748
4 1552 2589 2441 2804
4 2144 2377 2277 2937
4 544 2212 517 2500
4 2123 104 105 2692
4 83 2596 2622 3048
4 835 919 1101 2814
4 1968 1969 2525 2910
4 1329 1330 1328 2575
4 1896 1828 552 2648
4 2149 2630 2326 2794
4 2180 2211 2306 2698
4 1964 2222 2561 2619
4 1582 112 113 2302
4 2239 2492 2200 2597
4 2262 2451 2225 3013
4 2554 2656 81 3020
4 2204 2635 599 2758
4 1073 1216 1074 2818
4 1640 2743 2541 2932
4 1089 902 2529 2746
4 1359 2629 2483 2691
4 879 2287 2268 2596
4 2158 2426 2354 2625
4 587 2340 2347 2886
4 2373 2509 2164 2597
4 2218 2242 2746 3009
4 2353 2513 716 2707
4 1685 2426 2354 2612
4 2206 1969 2609 2910
4 1987 2496 2693 2878
4 582 2340 2231 2802
4 79 76 2333 2614
4 2239 2164 2393 2784
4 1020 938 2650 2685
4 2145 2524 2467 2617
4 2228 2424 2408 2569
4 1955 2345 2480 2488
4 112 1582 113 2576
4 2253 2263 2184 2484
4 2030 2496 1987 2878
4 834 2254 836 2295
4 51 2295 2254 2305
4 2226 2493 1110 2805
4 2144 2379 2291 2630
4 2215 2604 2293 2795
4 2514 2701 2616 2719
4 61 60 2091 2853
4 2336 2364 2176 2733
4 570 2628 2233 2759
4 2223 2514 2341 2853
4 992 2333 2768 2807
4 835 1101 2254 2814
4 2234 2663 1984 2700
4 2176 2463 2575 2989
4 1966 2690 2609 2877
4 2200 2456 2402 2873
4 1139 2203 2535 2562
4 2253 2263 2149 2794
4 103 2288 2445 2629
4 398 2221 359 2507
4 894 2695 2257 2967
4 414 2357 2207 2668
4 2397 2554 81 3020
4 2415 2428 2323 2854
4 2253 2678 970 3041
4 1633 2565 1505 2677
4 704 2230 2512 2966
4 2233 2547 2540 2759
4 2285 2335 2193 2485
4 1574 1442 2373 2597
4 1860 2361 1566 2716
4 2400 1800 2547 2759
4 2199 2491 2408 2943
4 2366 2598 2589 2777
4 1985 2585 2224 2663
4 1441 2657 2509 2784
4 1732 2272 2790 2909
4 1964 2561 2222 2757
4 2255 35 2399 3000
4 957 2583 2222 2619
4 894 2246 2333 2695
4 971 2660 2278 2678
4 945 2486 2289 2914
4 2053 14 15 2343
4 1043 2333 2246 2768
4 478 441 2244 2543
4 1418 2721 2304 2731
4 1201 2636 2208 2730
4 2177 2531 2351 2803
4 2310 2354 2158 2426
4 2057 16 17 2398
4 2682 2713 2274 3006
4 1964 2619 1937 2647
4 612 592 599 2758
4 1007 2736 2402 2873
4 780 788 2265 2388
4 2495 2666 2197 2889
4 2132 119 2259 3018
4 2132 115 119 3018
4 2239 2393 2164 2457
4 2291 2379 2144 2947
4 2280 2491 2408 2818
4 517 2212 544 2737
4 487 2293 2427 2604
4 588 2314 605 2533
4 1972 2213 2423 2720
4 592 599 2758 2833
4 1649 125 1592 2300
4 2182 2335 2230 2470
4 2154 2335 2230 2487
4 2522 2561 2222 2619
4 787 2542 777 2792
4 2165 2411 2534 2941
4 953 2351 914 2514
4 2151 2275 2332 2669
4 2316 2502 996 2866
4 2195 2416 2407 3037
4 1739 1349 1347 2335
4 2206 2392 2525 2910
4 1959 2489 2662 2763
4 664 2660 2473 3008
4 2227 2905 2863 2928
4 1896 1663 1828 2648
4 824 2274 853 2682
4 1440 1442 2597 2784
4 2162 2287 2258 2384
4 696 2469 2284 2906
4 780 2265 2326 2388
4 694 1087 696 2284
4 2263 2620 2549 2794
4 2205 2488 2345 2763
4 1626 2471 2582 2994
4 36 2332 2275 2669
4 2672 2762 2512 2933
4 112 2128 113 2435
4 2176 2463 2281 2575
4 14 2055 15 2315
4 2514 2616 2223 2719
4 1168 2588 899 2755
4 1456 2528 2309 2578
4 945 2289 2693 2914
4 2477 2708 1834 2881
4 2176 2364 2336 2686
4 1240 2560 2216 2769
4 988 2248 2785 3051
4 1987 2496 2009 2693
4 2179 2419 2235 2992
4 1739 2567 2335 2963
4 957 2222 1188 2647
4 2238 1100 2639 2975
4 988 2765 2248 3051
4 964 2451 2766 2930
4 1916 2345 1957 2662
4 1966 1968 1969 2525
4 1037 851 2310 2478
4 2197 2495 2291 2705
4 2247 2144 2377 2613
4 783 2318 2266 2372
4 1188 957 956 2222
4 28 2593 2252 2670
4 2292 2863 2227 2905
4 1144 2723 748 3011
4 2220 2589 2366 2598
4 997 2640 1091 2738
4 924 1124 783 2843
4 696 2284 2469 2812
4 414 2207 456 2668
4 456 2715 2207 2750
4 863 861 2259 2805
4 2173 2478 2354 2631
4 63 2266 2322 2514
4 400 2221 447 2929
4 1376 2304 1383 2871
4 915 2266 2514 2803
4 1086 1139 749 2260
4 2313 2746 803 2981
4 71 2225 2369 3013
4 1016 2443 2204 2588
4 2199 2408 2349 2943
4 2149 2263 2253 2717
4 2472 2557 2155 2702
4 1968 2525 2392 2910
4 1072 2562 1054 2778
4 2224 2568 566 2648
4 2416 2459 2201 2728
4 1552 2441 2497 2804
4 425 2560 438 2769
4 663 2473 664 2660
4 2311 2571 2395 2993
4 851 1042 2689 2830
4 1966 2525 2206 2690
4 604 582 2231 2802
4 708 2288 710 2445
4 1139 2260 1086 2562
4 2240 2341 2222 2843
4 1696 2302 2567 2964
4 2432 2551 2194 2761
4 2293 2604 422 2795
4 1269 2314 588 2533
4 47 2307 2553 2960
4 2379 2545 1794 2717
4 956 2222 957 2583
4 112 1513 113 2302
4 1640 2541 1725 2932
4 512 511 551 2461
4 1243 2238 2769 2975
4 489 2400 2547 2600
4 2023 1848 2421 3033
4 2141 2311 2395 2993
4 2238 2212 2556 2849
4 2097 71 70 2355
4 879 881 2287 2596
4 705 707 1105 2512
4 1076 2851 2439 2993
4 1076 2439 2367 2993
4 2304 2651 1382 2731
4 2158 2625 2354 2641
4 2248 2565 23 2674
4 698 2285 697 2469
4 748 2723 2288 3011
4 103 2267 2288 2752
4 2240 2222 2647 2843
4 699 2594 1091 2640
4 2348 2391 2235 2924
4 2274 2307 2140 2890
4 957 2619 2222 2647
4 1790 55 54 2338
4 1916 2662 644 3036
4 2247 2377 2144 2751
4 2279 2313 803 2981
4 2148 2580 2356 2810
4 2340 2178 2659 2681
4 2360 2428 2187 2957
4 2306 2395 1379 2601
4 23 2528 2381 2674
4 1210 2459 1071 2661
4 31 2326 2265 2388
4 79 2257 2333 2695
4 1790 2468 55 2828
4 2222 2619 1964 2647
4 1389 1794 2379 2545
4 2425 2526 2147 2653
4 2340 2347 2178 2681
4 124 2217 2300 2334
4 2280 2199 2479 2491
4 2291 2495 2183 2705
4 2316 2502 2202 3061
4 924 783 2318 2843
4 2389 2732 1946 2852
4 934 1105 1110 2226
4 1139 2535 2203 2977
4 1724 1379 2306 2395
4 740 2630 2291 2935
4 2195 2458 2407 2459
4 51 2080 50 2446
4 2407 2458 2201 2459
4 2285 2594 699 2640
4 2426 2625 2158 2689
4 566 2568 2224 2635
4 885 2384 2532 2856
4 2193 2335 2285 2594
4 2379 2545 2149 2670
4 769 2563 2191 2685
4 2168 2243 2386 2789
4 124 2139 125 2442
4 2407 2458 1719 2712
4 456 2207 414 2750
4 2223 2616 63 2853
4 779 840 2264 2334
4 2248 2279 19 2880
4 2495 2889 2197 2980
4 1633 2332 1505 2565
4 2365 2370 2167 2615
4 2343 2613 2144 3055
4 90 2368 91 2919
4 769 938 1020 2685
4 2453 2516 1430 2806
4 2092 64 1590 2475
4 2158 2478 2310 2689
4 63 2322 2266 2973
4 437 2293 422 2795
4 2302 2387 2329 2567
4 2175 2333 2331 2396
4 570 2628 2759 3028
4 2145 2374 2553 2562
4 2205 2716 2361 2763
4 2183 2679 2301 2771
4 1152 2623 2233 2628
4 1994 2218 2577 2684
4 604 2741 586 2997
4 529 531 2671 2737
4 2174 2303 2302 2510
4 1017 1109 2359 2393
4 604 586 2231 2997
4 662 2660 664 3008
4 1075 996 2316 2502
4 1116 2581 2293 2795
4 738 2630 740 2935
4 1626 1487 2471 2994
4 586 2741 2231 2997
4 1883 1266 2427 2604
4 2548 2910 2609 2981
4 1981 2586 2290 3012
4 1519 2734 2436 2891
4 2224 2572 566 2635
4 663 2660 971 2678
4 43 2870 2312 2942
4 38 2073 39 2431
4 2297 2481 2191 2667
4 697 2469 2285 2812
4 1229 2910 2548 2981
4 2168 2386 2243 3044
4 2680 2827 2788 2852
4 586 2231 2741 2802
4 1361 1359 2419 2691
4 604 2231 586 2802
4 1990 2536 1224 2956
4 1663 2648 2568 2774
4 921 2636 1201 2730
4 2287 2656 2258 2851
4 861 2493 2259 2805
4 400 2441 457 2658
4 103 2119 102 2327
4 98 2119 99 2327
4 2272 2156 2640 2790
4 2350 2734 1519 2891
4 717 2707 2513 2924
4 487 2427 363 2604
4 1954 2349 1863 2488
4 544 2500 535 2671
4 1808 1616 2608 2799
4 2354 2631 2158 2641
4 2153 2678 2518 2927
4 1335 1379 2395 2601
4 398 2432 2221 2507
4 1522 1740 2272 2891
4 2272 2147 2378 2866
4 2575 2601 2211 2698
4 1740 2790 2272 2891
4 2212 2339 2217 2442
4 2168 2386 2288 2789
4 2183 2247 2679 2771
4 364 2238 428 2556
4 2590 2680 2318 2703
4 2334 2339 2217 3024
4 1434 2692 2607 2701
4 30 31 2065 2330
4 1790 55 2338 2828
4 2350 2436 2734 2891
4 2261 1130 2530 3045
4 2145 2553 2312 2562
4 2513 2707 2348 2924
4 1790 54 55 2468
4 1745 2744 2349 2846
4 1676 2551 2497 3063
4 1676 2497 2929 3063
4 2141 2258 2656 2851
4 1916 644 1213 3036
4 2176 2575 2431 2733
4 1309 2756 2608 2904
4 2272 2640 2378 2790
4 972 970 2678 3041
4 2291 2183 2495 2980
4 30 1795 31 2330
4 512 511 2461 2531
4 2272 2520 1644 2781
4 893 894 2257 2967
4 717 2348 2707 2924
4 2230 2625 2426 2689
4 824 2682 853 3006
4 2197 2291 2495 2980
4 1990 1224 2410 2956
4 366 2283 656 2462
4 1721 2361 2488 2943
4 2304 2454 2297 2611
4 2206 2609 2548 2910
4 1972 2423 1927 2720
4 1966 2609 2035 2877
4 2378 2502 2316 2866
4 2325 2376 2214 2473
4 124 2300 2217 2442
4 2319 2412 2308 2697
4 55 2254 51 2295
4 547 2494 2229 2706
4 1914 2032 2345 2480
4 2178 2277 2252 2343
4 837 2882 2636 2949
4 35 2068 34 2440
4 2310 2426 2158 2689
4 2400 2490 2233 2836
4 2326 2388 2149 2794
4 2141 2368 2311 3020
4 587 2340 1278 2347
4 2652 2844 2236 2876
4 2274 1039 2682 2906
4 2530 2621 2209 2817
4 1650 2607 2461 2701
4 1987 2693 2289 2878
4 1096 916 1220 2424
4 1221 1071 1093 2728
4 863 2493 861 2805
4 1631 1634 1385 2321
4 2448 2636 837 2882
4 2272 2378 2316 2866
4 915 2555 2266 2803
4 2160 2296 2243 2447
4 783 2266 1126 2372
4 2153 2253 2678 2927
4 1400 1401 2472 2702
4 717 716 2513 2707
4 2262 2899 2451 3013
4 1350 1407 1348 2801
4 566 2572 2224 2648
4 93 2111 92 2374
4 2297 2304 2152 2454
4 2361 2479 2199 2491
4 2308 2412 2319 2916
4 2240 2680 2590 2703
4 2453 2506 2196 2724
4 2141 2656 2287 2851
4 941 2587 2688 2769
4 2426 2612 1407 2801
4 2157 2289 2290 2786
4 1439 2239 2597 2721
4 2189 2370 2365 2615
4 1028 1029 1173 2546
4 938 2650 2191 2817
4 2222 2647 1964 2757
4 57 56 2086 2516
4 2152 2587 2402 2675
4 1209 2383 908 3019
4 92 2115 93 2420
4 2194 2605 2432 2761
4 2237 2150 2414 2683
4 2009 2496 2403 2693
4 780 848 788 2388
4 1513 113 2302 2435
4 1955 2480 1956 2488
4 1374 2415 1401 2702
4 400 447 2441 2929
4 2323 2371 2353 2707
4 73 2356 2249 2580
4 1197 1089 2529 2986
4 9 2270 2515 2588
4 1934 2788 2732 2834
4 2383 3019 1209 3042
4 62 2701 2089 3010
4 658 656 2283 2462
4 459 2400 2225 2897
4 1399 2575 2281 2698
4 2402 2587 2216 2675
4 1296 1908 2442 2449
4 57 2590 2318 2703
4 1685 2354 1689 2612
4 1724 2306 1642 2919
4 2609 2910 1229 2981
4 2548 2609 2206 2981
4 2308 2697 2412 2916
4 2140 2511 2491 2890
4 2263 2549 2149 2794
4 2522 2222 2583 2619
4 1687 2434 2380 2968
4 2163 2344 2548 2714
4 2246 2580 73 2695
4 2206 2548 2344 2714
4 75 2777 2598 2832
4 1618 1315 1621 2484
4 2211 2570 2367 2601
4 2113 94 95 2368
4 2263 2149 2549 2889
4 878 2268 879 2397
4 1553 2551 1824 2726
4 1994 2577 2218 2627
4 1574 1440 1442 2597
4 997 758 1091 2640
4 2144 2277 2252 2937
4 458 2346 1884 2427
4 84 2554 2316 2781
4 13 2051 12 2508
4 2304 2667 1383 2871
4 663 2214 2660 2678
4 833 919 835 2305
4 59 2318 2266 2703
4 446 2276 2464 2928
4 1650 2461 2607 2706
4 1614 1616 2534 2608
4 2211 2180 2564 2698
4 54 2085 55 2471
4 2232 2584 2043 2912
4 422 2293 437 2604
4 364 1293 2503 2556
4 1418 1382 1395 2731
4 837 2254 2882 2949
4 2181 2364 2336 2733
4 1553 2929 1677 3063
4 9 2588 11 2861
4 2272 2316 2147 2866
4 2104 81 80 2390
4 364 428 2238 2644
4 2252 777 2542 2792
4 2243 2296 2160 2723
4 2232 2558 2489 2716
4 1696 2567 2387 2964
4 2171 2440 2399 2649
4 1582 2302 2576 2642
4 2388 2409 31 2545
4 1883 2427 2373 2604
4 2389 2421 1947 2519
4 1731 2520 2368 2781
4 664 663 665 2473
4 1288 2690 1918 2877
4 2158 2295 2250 2338
4 884 2439 2384 2858
4 1613 2355 1619 2518
4 405 2547 2540 2600
4 2222 2341 2240 2618
4 2142 2332 2654 2677
4 1376 2651 2304 2871
4 908 2383 2270 3019
4 2145 2562 2363 2760
4 2425 2653 2207 2900
4 2238 2503 127 2849
4 1816 2347 1885 2681
4 1605 2522 2561 2618
4 790 840 927 2339
4 2004 2696 2042 2730
4 31 2409 2388 2945
4 91 1337 90 2919
4 2398 2690 1288 2877
4 2161 2660 2376 2904
4 1984 2585 2234 3042
4 2253 2717 2484 2927
4 2399 2649 2440 3000
4 27 2062 26 2559
4 2175 2444 2333 2614
4 2194 2507 2432 2605
4 2253 2484 2214 2678
4 2304 2501 1670 2667
4 964 2262 2451 2930
4 690 692 691 3014
4 2238 2339 127 2688
4 2142 2299 2275 3051
4 2210 2325 2740 2821
4 913 1229 2548 2981
4 1000 2486 858 2679
4 2249 75 2598 2832
4 1412 2282 2632 2683
4 2145 2312 2870 2942
4 61 2091 2616 2853
4 515 2561 2522 2619
4 1065 853 824 2274
4 2220 2658 473 2970
4 55 2083 54 2338
4 2252 2326 777 2792
4 1732 2272 1644 2790
4 1252 2351 525 2531
4 2268 2397 878 2921
4 84 2316 2554 2921
4 2284 2156 2320 2812
4 2302 2329 2154 2567
4 2551 2726 2194 2761
4 2316 2378 2272 2502
4 2203 2553 2307 2960
4 2788 2827 1962 2852
4 2336 2364 2181 2686
4 2315 2157 2383 2711
4 2249 2504 2165 2922
4 2376 2850 1312 2904
4 2240 2703 2590 2896
4 2274 2380 2307 2890
4 63 2223 2514 2616
4 95 2420 2284 2520
4 1980 2586 2234 2700
4 2297 2191 2550 2667
4 2367 2570 2143 2601
4 2344 2528 2163 2637
4 885 2406 2384 2856
4 2263 2717 1621 2753
4 2349 2408 2228 2744
4 2383 2710 2315 3049
4 2346 2492 2216 2842
4 778 2685 2264 2773
4 1646 1834 2710 2881
4 42 43 2074 2450
4 693 1083 2311 2606
4 1376 1382 1383 2304
4 884 1085 2439 2858
4 432 414 2357 2750
4 63 2089 62 2701
4 2322 2514 2266 2555
4 2239 2304 2179 2454
4 704 2689 2230 2819
4 1613 2518 1797 2825
4 1883 1882 1266 2604
4 903 2766 1153 2930
4 437 2293 487 2604
4 87 86 2109 2526
4 2194 2551 2432 3063
4 1184 2227 2505 2863
4 2162 2384 2294 2532
4 2282 2414 2150 2683
4 1066 2535 1139 2977
4 2376 2660 2214 2904
4 704 2566 2230 2689
4 2169 2375 2352 2739
4 2203 2159 2380 2682
4 2203 2380 2159 2634
4 63 2514 2341 2703
4 2238 2639 2971 2975
4 1395 1382 2651 2731
4 2540 2547 2233 2600
4 83 2287 2268 2921
4 2408 2228 2569 2729
4 2264 779 2334 2685
4 121 2297 2264 2685
4 2252 28 2326 2792
4 1110 2226 1105 2672
4 71 70 2355 3013
4 2297 2454 2152 2773
4 654 2572 2020 2585
4 1152 2233 2540 2628
4 837 2452 2254 2949
4 1373 1311 1313 2518
4 2284 2320 2469 2812
4 1566 2361 2446 2716
4 2144 2291 2433 2751
4 2171 2399 2440 3000
4 2185 2447 2296 2582
4 806 2279 807 3001
4 2232 2603 2558 2716
4 2171 2418 2595 2666
4 2144 2433 2247 2751
4 691 693 1083 2311
4 1412 2632 2516 2683
4 690 2260 692 3014
4 1109 2401 935 2838
4 1105 2226 934 2762
4 2408 2491 2199 2818
4 1409 1612 1307 3013
4 2203 2535 2159 2682
4 1458 2578 2309 2610
4 2351 2461 511 2531
4 1409 1307 2355 3013
4 841 2265 842 2699
4 2419 2483 2168 2691
4 2247 2433 2291 2751
4 2152 2402 2492 2675
4 1994 2218 2684 2986
4 2168 2789 2513 2924
4 2266 2341 1124 2865
4 91 2395 2311 3057
4 2140 2491 2511 2744
4 2041 1958 1916 2345
4 2492 2675 2216 2842
4 2253 2620 2263 2794
4 2220 2598 1171 2991
4 2290 2708 1983 3012
4 71 2225 2262 2836
4 2405 2496 2403 2627
4 11 2588 2527 2907
4 103 2288 100 2752
4 2235 1362 2691 2702
4 780 2326 1018 2388
4 1331 2575 1399 2698
4 1373 1313 2484 2518
4 2252 2277 2178 2755
4 1582 1513 112 2302
4 2302 2510 2303 2805
4 2252 2593 2144 2670
4 414 2538 2357 2668
4 672 674 673 2399
4 9 2270 2588 2861
4 425 2644 2216 2769
4 1618 2484 2717 2927
4 2248 2332 2142 2565
4 2151 2248 2332 2785
4 1994 2403 2627 2986
4 2509 2657 2273 2784
4 1122 1240 2587 2769
4 1473 2417 2491 2890
4 752 2360 2348 2982
4 2402 2736 2200 2873
4 718 2299 672 2595
4 941 1122 2587 2769
4 720 1053 1054 2363
4 1731 1723 2520 2781
4 1087 2284 2535 2906
4 2410 2956 2536 2959
4 459 2225 2400 2600
4 575 605 588 2314
4 1130 2645 2530 3045
4 1640 1725 1378 2932
4 2144 2593 2343 3055
4 2154 2329 2302 2762
4 1225 2609 2242 2684
4 2426 2487 1350 2895
4 2164 2597 2509 2784
4 2152 2492 2402 2736
4 752 2348 2360 2940
4 2451 2899 2278 3013
4 2249 2455 2165 2504
4 1139 2203 2562 2977
4 2505 2596 2268 3048
4 47 2553 2307 2826
4 680 679 678 2404
4 1519 2436 1520 2891
4 2158 2338 2250 2552
4 1868 2744 1745 2846
4 1722 2488 2361 2763
4 806 2381 2279 3001
4 2084 49 2305 2814
4 515 2522 2583 2619
4 1113 2372 2555 2957
4 2391 2691 1362 2702
4 2237 2414 2150 2725
4 1553 1677 2432 3063
4 1017 1109 2393 2913
4 877 2425 2316 2866
4 1100 2971 2639 2975
4 81 2287 83 2921
4 992 890 2333 2807
4 2273 2393 2164 2784
4 1360 2629 1359 2691
4 2230 2470 2154 2966
4 2160 2243 2386 2447
4 1731 1723 1380 2520
4 2194 2532 2294 2856
4 1349 2335 1739 2567
4 2403 2405 2192 2496
4 400 457 473 2658
4 1848 2869 2421 3033
4 2316 2397 2202 2554
4 2653 2764 2207 2900
4 2184 2263 2253 2620
4 2275 2785 2248 3051
4 1109 2401 2393 2944
4 1039 1065 2274 2682
4 796 908 797 2383
4 2283 2342 2161 2740
4 1016 1159 2443 2588
4 2359 2401 2393 2838
4 60 2341 2618 2703
4 2280 2408 2140 2713
4 2193 2567 2335 2594
4 75 79 2257 2589
4 2187 2269 2555 2957
4 2474 2584 2208 2696
4 716 2513 2353 2798
4 1696 2567 2302 3016
4 1033 2686 2385 2796
4 2184 2484 2263 2753
4 2250 2160 2338 2925
4 2258 2306 2141 2656
4 1016 2204 1014 2588
4 2345 2199 2480 2488
4 2322 2555 2266 2973
4 2171 2399 2394 2649
4 1537 1536 1538 2592
4 471 2400 459 2897
4 60 63 2341 2703
4 2022 1912 2023 2696
4 1650 1434 2607 2701
4 2297 2550 2191 2685
4 1640 1759 1725 2396
4 1723 1380 2520 2781
4 2489 2662 2232 2912
4 2339 2442 2212 2849
4 834 2305 2295 2631
4 2172 2353 2323 2371
4 961 914 2351 2803
4 2345 2429 2361 3036
4 2397 2554 2316 2921
4 1447 1550 2405 2521
4 1260 2829 1246 3024
4 758 699 1091 2640
4 2287 2384 2162 2953
4 1135 2381 856 2385
4 1385 1386 2889 2980
4 1517 2407 1719 2712
4 2103 79 78 2497
4 1897 501 2522 2719
4 2222 2561 2522 2618
4 2289 1983 2708 3012
4 2558 2716 2603 2814
4 1032 2319 2624 2778
4 100 2386 1396 2828
4 973 2549 715 2620
4 969 931 2504 2783
4 1724 1335 1379 2395
4 2405 2521 1550 2694
4 658 1157 656 2462
4 2192 2477 2289 2878
4 2181 2319 2308 2697
4 2146 2396 2333 2743
4 2022 2421 2042 2696
4 1379 2306 2601 2698
4 693 2606 2311 3014
4 425 2216 427 2560
4 116 2576 2493 2874
4 1694 1430 1573 2453
4 2284 2520 2156 2606
4 1696 1695 2387 2567
4 842 2265 2599 2699
4 529 2449 530 2737
4 1004 2679 2247 2711
4 2344 2578 1457 2952
4 2378 2640 2193 2790
4 1994 2577 2034 2684
4 359 2221 400 2658
4 1519 1520 2436 2734
4 2636 2208 2730 2923
4 2418 2549 2263 2620
4 941 2587 2264 2688
4 731 2367 1076 2439
4 1769 2675 2492 2842
4 2209 2673 519 2823
4 2142 2352 2422 2677
4 2218 2627 2403 2986
4 1724 2395 2306 2919
4 915 2514 914 2803
4 1955 2345 2032 2480
4 780 1018 848 2388
4 2250 2338 2160 2552
4 63 2089 2701 3010
4 1365 1362 2235 2702
4 915 898 2555 2803
4 2345 2361 2205 3036
4 2205 2662 2345 3036
4 2481 2550 2191 2667
4 2207 2425 2324 2653
4 2324 2425 2147 2653
4 2441 2658 2220 2970
4 1863 2349 1864 2488
4 1333 1332 2575 2601
4 2354 2478 2158 2631
4 2436 2790 1740 2891
4 115 2259 2303 2539
4 2350 2357 1560 3037
4 690 1086 2260 2363
4 2329 2510 2302 2762
4 2256 2145 2467 2778
4 1553 2432 2551 3063
4 693 2311 691 3014
4 12 2315 2710 3049
4 2240 2618 2341 2703
4 75 2249 2257 2695
4 125 2135 124 2550
4 2314 2741 2231 2802
4 75 2257 2249 2598
4 491 2225 459 2600
4 2408 2713 2280 2818
4 2370 2450 2167 2615
4 2396 2592 2175 2614
4 52 53 2474 2875
4 2476 2184 2753 2850
4 2053 1421 14 2343
4 2241 2174 2416 2734
4 893 2257 2333 2444
4 840 790 779 2264
4 1668 125 1649 2550
4 2303 2539 864 2728
4 43 2553 2312 2870
4 2155 2371 2323 2707
4 1522 2526 2272 2781
4 2297 2611 2454 2773
4 2402 2492 2200 2736
4 2204 2443 1016 2758
4 2147 2425 2316 2526
4 697 2285 2640 2812
4 1955 2032 1956 2480
4 694 2284 696 2812
4 1032 2624 2467 2778
4 2255 2404 677 2768
4 2141 2656 2306 2919
4 1899 1269 588 2533
4 669 2413 2620 2898
4 2284 2320 2159 2469
4 855 1072 2312 2562
4 2325 2473 2214 2660
4 116 2657 2576 2874
4 2329 729 2762 2966
4 2258 2384 2287 2851
4 697 698 699 2285
4 2159 2320 2284 2420
4 2249 73 2580 2695
4 2162 2532 2294 2726
4 2316 2554 2202 2781
4 2323 2353 2172 2867
4 1037 851 1042 2689
4 2225 2766 2451 2930
4 1168 2443 1159 2588
4 2046 1985 2224 2663
4 113 2303 2132 2805
4 400 2221 2441 2658
4 1059 2425 909 2505
4 2182 2426 2335 2801
4 2315 2383 2157 2710
4 1398 2368 90 2919
4 2359 2419 2273 2892
4 2625 2641 2158 3060
4 2361 2491 2199 2943
4 2269 2322 2177 2692
4 1059 2268 2425 2505
4 30 2067 31 2545
4 2282 2150 2414 2782
4 2568 2648 2224 2774
4 1319 1320 1631 2666
4 2214 2278 2518 2904
4 57 2590 2703 2896
4 2180 2439 2306 2820
4 915 2266 1124 2865
4 2273 2393 2359 2401
4 2166 2251 2330 2979
4 1197 1089 902 2529
4 752 2348 1112 2982
4 2288 2386 2168 2629
4 690 2363 2260 2571
4 715 2549 2418 2620
4 2220 1171 2598 3043
4 938 769 937 2817
4 1753 1582 2576 2642
4 1362 1365 2235 2992
4 2449 2498 528 2673
4 2407 1514 2734 2964
4 2272 2790 2436 2891
4 662 2325 2660 3008
4 355 1286 2411 2864
4 2442 2449 2217 2737
4 1197 2529 2403 2986
4 79 2333 76 2695
4 91 2110 90 2544
4 2300 2442 1592 2449
4 2183 2375 2352 2633
4 694 1087 2284 2535
4 1775 1885 2659 2681
4 2308 2319 2181 2796
4 1689 2612 2354 2840
4 1272 1954 1863 2488
4 419 2292 408 2863
4 748 1141 2288 2723
4 2379 2549 2149 2889
4 1216 624 2345 2480
4 1957 1959 2662 2763
4 57 2318 59 2703
4 2237 2170 2582 2776
4 2216 2492 2402 2675
4 2152 2454 2239 2736
4 774 2277 2377 2937
4 1447 2521 2405 2633
4 1631 2321 1385 2666
4 517 2212 2499 2500
4 2046 2224 1985 2648
4 1985 2572 2224 2585
4 874 996 1092 2378
4 876 877 878 2316
4 60 2703 2618 2896
4 2333 2807 890 2855
4 2385 2602 1034 2624
4 2189 2450 2370 2615
4 1448 2352 2521 2633
4 856 2385 2381 2602
4 742 2291 740 2630
4 1857 2700 2508 2710
4 1860 1722 2361 2763
4 2270 2383 12 3049
4 2208 2460 2636 2882
4 1135 2381 2385 2955
4 2309 2385 2336 2983
4 127 2442 2339 2849
4 944 927 840 3024
4 2528 2163 2637 2934
4 2023 1848 1952 2421
4 2164 2273 2509 2874
4 391 2897 2766 2962
4 2186 2455 2249 2504
4 1382 2304 1376 2651
4 2618 2703 2240 2896
4 1916 1958 1957 2345
4 2208 2875 2460 2882
4 2483 2629 2168 2691
4 2373 2509 1442 2793
4 742 2291 2630 2751
4 1152 2540 2233 2600
4 1641 1399 1759 2281
4 2212 2217 2671 2737
4 2151 2332 2248 2565
4 75 73 2249 2695
4 1308 2608 1309 2756
4 2180 2331 2281 2592
4 2209 2530 2494 2621
4 1000 2679 1004 2711
4 1721 2361 1722 2488
4 1020 2650 2334 2685
4 2181 2319 2256 2624
4 2392 2525 1968 2709
4 1116 2581 2215 2824
4 807 2279 2548 3001
4 2264 941 2688 2975
4 878 1075 2316 2397
4 704 1061 2689 2819
4 1573 2453 1430 2806
4 2296 2452 979 2949
4 897 1121 1114 2402
4 542 523 2223 2749
4 1947 2389 1949 2421
4 523 2522 2223 2583
4 2171 2595 2321 2666
4 2155 2235 2371 2707
4 2241 2350 2147 2436
4 1516 2407 1514 2734
4 2430 2196 2724 2994
4 953 914 915 2514
4 1289 1825 369 2537
4 2212 2442 2217 2737
4 1321 2649 2440 2862
4 1014 2635 2204 2758
4 2168 2445 2359 2974
4 812 2665 2624 3059
4 2279 2313 19 2880
4 473 2658 2220 3043
4 726 1128 2323 2940
4 2200 2373 2293 2873
4 881 883 2287 2953
4 2489 2558 2232 2662
4 2430 2460 2196 2994
4 1727 1553 1824 2726
4 2308 2575 1332 2601
4 2229 2530 2494 2704
4 2494 2530 2209 2704
4 2494 2530 2229 2621
4 1097 2480 2408 2729
4 63 2266 2514 2703
4 1530 1532 1531 2258
4 1065 2274 824 2713
4 2514 2555 2322 2803
4 61 2091 1602 2616
4 113 115 2132 2303
4 2576 2657 2493 2874
4 752 1112 2360 2982
4 2187 2428 2269 2957
4 1456 2309 1458 2578
4 1994 2627 2218 2986
4 2166 2330 2251 2573
4 837 2636 839 2949
4 409 2459 2987 3023
4 2324 2425 2207 2668
4 672 2595 2299 2898
4 2209 2494 519 2673
4 2142 2352 2286 2422
4 533 2719 2351 2749
4 2540 2547 570 2759
4 2415 2428 105 2557
4 2337 2184 2394 2476
4 1064 2410 1224 2959
4 1119 2783 2580 2967
4 441 2655 2244 2661
4 909 1057 1190 2425
4 1014 2515 2204 2635
4 2255 677 2643 2768
4 68 2355 2278 3013
4 2395 2571 2311 3057
4 28 2326 31 2545
4 2198 2310 2841 2915
4 929 2783 1119 2967
4 1553 1676 1677 2929
4 1595 2400 1799 2579
4 2351 2719 2223 2749
4 1516 2734 1514 2964
4 2337 2476 2394 2990
4 71 2579 2225 2836
4 2354 2426 2310 2612
4 1560 2357 2350 2653
4 2293 2373 2200 2427
4 1168 1159 899 2588
4 57 1571 56 2516
4 2234 2586 2290 2700
4 2148 2399 2394 2413
4 2260 2562 2535 3022
4 1048 2329 729 2762
4 1530 2258 1531 2390
4 2288 2386 2243 2789
4 2297 2172 2481 2667
4 2425 2715 2505 2900
4 489 2547 405 2600
4 2173 2429 2479 2808
4 1025 864 2539 2728
4 2194 2546 2406 2551
4 1066 2682 2535 2977
4 2145 2374 2562 2760
4 1396 101 100 2552
4 919 2305 833 2558
4 1319 1320 2666 2862
4 774 773 785 2277
4 1595 66 67 2579
4 894 892 893 2333
4 2493 2672 1010 2838
4 1168 2443 2755 2879
4 1738 2593 2343 2659
4 1724 1379 1642 2306
4 2084 49 51 2305
4 409 616 2459 3023
4 2249 2598 2777 2832
4 55 2828 2468 2925
4 1301 2618 2561 2757
4 2516 2632 2282 2683
4 2430 2636 933 2923
4 2280 2479 2429 2808
4 2168 2243 2691 3044
4 2165 2504 2455 2534
4 2225 2451 2262 2930
4 461 516 2499 2500
4 2250 2552 2160 2918
4 2232 2558 2603 2814
4 2152 2304 2297 2501
4 944 1260 1246 3024
4 2258 2287 2162 2390
4 1412 2282 1404 2632
4 1608 2314 2559 2802
4 2205 2446 2361 2716
4 2232 2489 2603 2716
4 2293 2581 2215 2795
4 1626 2471 2468 2582
4 1457 2344 1751 2637
4 2269 2854 784 3032
4 2307 2682 2274 3006
4 36 2298 2275 2911
4 2171 2394 2399 2413
4 1293 364 2503 2644
4 1531 2258 1532 2837
4 2390 2596 2162 2622
4 699 2285 2470 2594
4 1234 1116 2293 2795
4 2249 2165 2598 2922
4 2205 2489 2558 2716
4 1713 2380 1687 2434
4 841 2465 2265 2699
4 2484 2753 2184 2850
4 2558 49 2716 2814
4 2270 785 2588 2861
4 2233 2540 570 2759
4 2349 2480 2199 2488
4 2147 2378 2241 2436
4 2148 2394 2399 2649
4 2178 2343 2252 2593
4 398 447 400 2221
4 1642 2306 1733 2748
4 796 2270 908 2383
4 2022 2421 2696 3033
4 1859 2290 1280 2700
4 1309 2355 2756 2904
4 2166 2573 2251 2946
4 2505 2715 623 2863
4 2608 2756 2161 2904
4 2282 2372 2150 2782
4 2206 2877 2690 2934
4 2497 2551 1537 2614
4 941 2769 2688 2975
4 517 2499 2212 2737
4 2148 2337 2394 2990
4 882 2384 884 2851
4 789 2264 941 2587
4 2281 2396 2146 2541
4 1865 2496 2477 2831
4 740 2291 742 2751
4 755 772 2428 2957
4 2165 2249 2598 2777
4 1963 1964 1937 2647
4 2273 2657 2509 2874
4 900 901 2251 2899
4 1732 1380 1644 2520
4 2284 2320 2156 2420
4 103 100 2288 2629
4 2305 2446 2173 2687
4 2205 2558 2489 2662
4 1350 2335 1351 2487
4 2150 2683 2237 2724
4 78 1552 79 2589
4 2385 2624 1033 2796
4 2187 2360 2282 2950
4 892 992 890 2333
4 1228 2242 1225 2609
4 2288 2723 2386 2918
4 2150 2318 2372 2516
4 2167 2467 2524 2617
4 2284 2420 2156 2520
4 2243 2386 2288 2723
4 1487 2460 2471 2994
4 1113 2782 2372 2957
4 1316 2476 2394 2753
4 2245 2453 2389 2519
4 1670 2501 2304 2721
4 81 83 2287 2390
4 2198 2841 2362 2915
4 1980 2234 1984 2700
4 885 886 2384 2406
4 960 2542 2741 2997
4 698 2285 2469 2800
4 1141 721 2243 2723
4 2332 2151 2669 2674
4 1040 768 2377 2751
4 1457 2528 1456 2578
4 2318 2372 783 2902
4 2291 2379 2197 2549
4 756 2782 1113 2957
4 2234 2585 1984 2663
4 566 2568 552 2648
4 1113 756 2372 2782
4 2309 2385 2219 2602
4 2625 2689 2230 3029
4 1070 869 2459 3023
4 2345 2361 2199 2488
4 661 659 761 2451
4 2402 2152 2736 2773
4 426 2644 481 2842
4 2007 2232 2043 2912
4 2286 2422 1136 2809
4 451 2366 1286 2864
4 1727 2551 1553 2726
4 1100 645 2238 2639
4 1721 1477 2361 2479
4 1556 1857 2508 2710
4 979 2452 2723 2727
4 2175 2497 2444 2614
4 1531 2390 2258 2837
4 2594 2640 2193 2738
4 901 844 2251 2523
4 2161 2342 2283 2756
4 2170 2582 2471 2994
4 765 783 1126 2372
4 1889 481 364 2644
4 2323 2854 2428 3032
4 2272 2156 2502 2640
4 1650 1562 1434 2701
4 1279 2346 430 2842
4 900 2251 2779 2899
4 2041 1916 1213 2345
4 91 2395 1337 2919
4 1045 2727 1144 3011
4 640 2609 1225 2684
4 863 1110 2493 2805
4 2043 2232 2007 2584
4 1012 908 2270 3019
4 920 837 2448 2636
4 2239 2454 2179 2913
4 2142 2286 2352 2754
4 1383 2304 1670 2667
4 2145 2870 2524 2942
4 1183 2542 2465 2741
4 1985 2224 2572 2648
4 2282 2372 2187 2632
4 2316 2397 1075 3061
4 862 2303 2259 2539
4 1110 2493 2226 2672
4 2158 2631 2295 2641
4 2395 2571 2367 2993
4 55 2338 2828 2925
4 1246 2339 2671 2971
4 2373 2427 2293 2604
4 1399 1725 1759 2281
4 2344 2525 1798 2637
4 1522 2272 2526 2891
4 2352 2375 2183 2739
4 2219 2358 2578 2602
4 2468 2882 55 2925
4 2023 2696 1287 3033
4 1751 2344 1798 2637
4 2400 2233 2547 2600
4 2251 2330 2153 2573
4 911 2289 945 2486
4 1040 1004 2247 2711
4 2254 2448 837 2882
4 2097 70 1409 2355
4 1296 2449 2442 2737
4 547 510 2229 2494
4 2197 2595 2418 2666
4 1937 1233 653 2647
4 2253 2409 2717 2927
4 2227 2596 2505 3048
4 1128 2428 2323 2940
4 2163 2578 2358 2602
4 2146 2246 2664 2743
4 2142 2565 2332 2677
4 2294 2532 2194 2726
4 2473 2660 2325 3008
4 1327 38 39 2431
4 774 773 2277 2937
4 2167 2467 2256 2524
4 2290 2586 1981 2700
4 31 2388 2265 2945
4 1477 1479 2361 3040
4 915 953 2514 2865
4 2421 2696 2208 2730
4 996 1092 2378 2502
4 2229 2607 2531 2706
4 1040 768 774 2377
4 2167 2317 2626 2665
4 2145 2256 2412 2778
4 973 2549 2620 2794
4 2149 2388 2326 2545
4 2199 2429 2345 2818
4 550 511 525 2351
4 1522 1740 1644 2272
4 512 2461 548 2706
4 1040 2377 2247 2751
4 1884 2427 2346 2948
4 1591 66 2092 2490
4 2308 2319 2143 2916
4 2235 2513 2353 2707
4 2329 2387 2302 2964
4 2355 2518 2278 2904
4 1016 1014 1159 2588
4 391 2766 2283 2962
4 2023 1287 1848 3033
4 2191 2334 2300 2650
4 1545 2492 2501 2721
4 2258 2384 2294 2837
4 2336 2385 2309 2903
4 2258 2162 2384 2837
4 763 772 2269 2428
4 672 2399 673 2898
4 102 2119 1355 2327
4 2151 2565 2248 2674
4 2231 2741 2542 2997
4 549 2522 501 2719
4 2251 2153 2330 2945
4 1513 112 113 2435
4 107 2415 106 3005
4 2332 2565 2151 2674
4 491 2225 2766 2897
4 1644 1522 2272 2781
4 87 86 2526 2764
4 2250 2727 2160 2925
4 2169 2352 2422 2739
4 409 2987 2538 3023
4 2229 2531 509 2706
4 2151 2332 2275 2785
4 2527 2588 2204 2907
4 2275 2298 2151 2785
4 1914 2345 624 2480
4 964 2766 903 2930
4 2213 2482 2423 2720
4 1448 2352 1784 2677
4 2181 2256 2319 2697
4 2225 2451 2369 3013
4 2234 3019 2383 3042
4 1677 2929 2432 3063
4 953 2351 2514 2865
4 994 2439 1076 2851
4 2182 2612 2362 2915
4 1635 33 32 2069
4 2141 2306 2258 2439
4 871 872 870 2241
4 69 1613 68 2355
4 1504 2309 1456 2674
4 2323 1118 2707 2867
4 2022 2016 2042 2421
4 778 779 2264 2685
4 36 2069 2332 2669
4 2475 2533 1809 2876
4 1101 2448 2254 2814
4 2186 2356 2337 2783
4 726 2323 1118 2707
4 2363 2412 2319 2778
4 1930 1175 2289 2693
4 885 2532 2384 2953
4 71 2262 67 2836
4 2179 2353 2235 2798
4 2197 2263 2549 2889
4 738 2549 2630 2935
4 1351 2487 2335 3016
4 731 1076 994 2439
4 871 2241 2745 2845
4 1316 2394 2476 2990
4 2330 2573 2166 2999
4 387 2342 2283 2462
4 588 2314 1269 2802
4 969 929 931 2783
4 2186 2249 2356 2783
4 1847 1560 2357 3037
4 1518 2436 1520 2734
4 1613 69 68 2573
4 2319 2412 2256 2778
4 1607 2314 1269 2533
4 1271 2292 443 2750
4 2203 2553 2374 2562
4 2141 2395 2367 2993
4 979 1142 2452 2727
4 2297 2501 2304 2667
4 857 2248 988 2765
4 519 2494 2209 2704
4 2265 2465 841 2542
4 2239 2457 2164 2597
4 2065 26 1490 2330
4 1100 645 1243 2238
4 436 1234 2293 2795
4 1007 2456 1008 2873
4 881 883 882 2287
4 1116 2215 2581 2795
4 1808 1616 1614 2608
4 2215 2795 1116 2824
4 2477 2496 1865 2878
4 1195 2879 2542 2997
4 38 1327 39 2932
4 2286 2595 986 2935
4 2153 2388 2253 2409
4 2253 2388 2149 2409
4 2248 2279 2880 3002
4 573 1251 1161 2466
4 100 1396 2552 2828
4 16 17 2398 2694
4 2182 2310 2612 2915
4 1699 2441 1552 2589
4 1827 2499 537 2737
4 2267 2672 2512 2933
4 2178 2340 2231 2591
4 2235 2691 2391 2702
4 690 720 1086 2363
4 679 2404 680 2872
4 1687 2380 2634 2968
4 2453 2516 2150 2683
4 2065 26 2330 2791
4 2257 2589 79 2804
4 1355 2119 98 2327
4 2461 2607 2177 2701
4 2387 2567 2302 2964
4 726 2323 2707 2940
4 2251 2523 844 2893
4 2493 2576 2188 2657
4 2148 2394 2337 2413
4 1121 2402 897 2587
4 1010 2672 733 2838
4 2344 2358 2163 2578
4 1052 1053 2363 2778
4 444 363 1882 2604
4 2352 2375 2169 2633
4 917 2408 2480 2818
4 1635 33 2069 2332
4 569 2540 384 2547
4 2065 1436 30 2330
4 2287 2397 2268 2921
4 1105 2672 2226 2762
4 464 655 2500 2639
4 383 2293 618 2456
4 2174 2329 2302 2964
4 71 2369 2225 2579
4 2219 2626 2317 2665
4 978 2296 979 2949
4 2280 2199 2491 2818
4 1252 499 525 2351
4 2235 2348 2513 2707
4 1508 2133 118 2793
4 1293 2503 1889 2644
4 1829 2276 1825 2537
4 1385 2495 1387 2980
4 2177 2514 2322 2803
4 2202 2368 2311 2813
4 2215 2722 2604 2795
4 2690 2877 2398 2934
4 2199 2361 2345 2429
4 2379 2549 2291 2630
4 2239 2179 2393 2913
4 2345 2488 1957 2763
4 1008 2456 2293 2873
4 1713 2380 2434 2890
4 2309 2528 1456 2674
4 2515 2204 2568 2774
4 882 883 884 2384
4 124 2217 2334 2848
4 1998 2403 2009 2496
4 2036 2289 1987 2693
4 1126 1113 2372 2555
4 76 2333 2246 2695
4 876 1075 996 2316
4 2193 2640 2485 2790
4 2508 2710 2700 3049
4 1746 127 126 2137
4 2311 2606 1083 3061
4 2197 2549 2379 2889
4 894 991 2246 2580
4 1894 1296 1908 2442
4 398 2432 447 2929
4 2236 1254 2523 2893
4 1972 2423 2213 2536
4 1447 1449 1550 2521
4 1389 1666 1794 2545
4 2264 2685 2297 2773
4 1964 2561 1943 2619
4 1545 2501 2492 2675
4 98 2327 99 2642
4 2203 2312 2553 2562
4 872 2241 2378 2738
4 1859 2700 1857 2710
4 1008 618 2293 2456
4 2396 2614 2333 2743
4 2145 2412 2363 2778
4 1616 2534 2411 2941
4 862 863 861 2259
4 474 456 414 2750
4 1307 1612 2756 3013
4 2298 2872 2404 3058
4 2144 2751 2377 2937
4 872 2378 2241 2770
4 1349 1351 1350 2335
4 2220 2991 1171 3043
4 11 2343 2277 2907
4 825 2408 2713 3006
4 519 2704 2209 2823
4 2296 2582 2170 2776
4 825 2713 2408 2818
4 2145 2553 2374 2870
4 2251 2573 2153 2939
4 2349 2744 2228 2846
4 2344 2190 2392 2714
4 2574 2621 2209 2926
4 2240 2647 2015 2827
4 1625 2582 2447 2747
4 2309 2381 2151 2385
4 2298 2176 2872 3058
4 1566 1860 1722 2361
4 2159 2634 2284 3022
4 2319 2308 2570 2796
4 1605 1604 2522 2618
4 1183 960 2542 2741
4 979 2452 2296 2723
4 2404 2872 2176 3058
4 687 2367 685 2570
4 1014 2204 1016 2758
4 2294 2384 2162 2837
4 2369 2451 2225 2766
4 1420 2938 2322 3010
4 2331 2333 2175 2855
4 2290 2786 2289 3012
4 2300 2550 2191 2574
4 2406 2546 2194 2856
4 2358 2578 2344 2952
4 2346 2402 2216 2492
4 2380 2307 2890 2960
4 1085 2564 2439 2858
4 2648 2663 2224 2774
4 2468 2582 2296 3030
4 1015 1203 2515 2635
4 443 2292 488 2750
4 1109 793 2401 2944
4 2460 2724 2196 2994
4 1126 2372 2266 2555
4 2220 2970 473 3043
4 704 2512 2230 2566
4 2194 2546 2551 3063
4 1586 2550 1649 2574
4 1959 2489 2012 2662
4 1014 2204 2515 2588
4 2475 2490 65 3004
4 75 2249 73 2832
4 2182 2469 2320 2800
4 2147 2272 2378 2436
4 2103 2497 78 2614
4 893 2333 891 2444
4 877 2316 876 2866
4 894 2580 2246 2967
4 2631 2689 2158 2830
4 2122 106 107 2415
4 105 104 2122 2415
4 2165 2455 2249 2777
4 408 2863 2292 2905
4 1994 2403 1998 2627
4 2164 2239 2597 2784
4 1888 2675 1769 2842
4 2186 2376 2325 2473
4 69 68 2097 2355
4 1484 54 2083 2338
4 79 2497 2103 2614
4 911 2289 2486 2786
4 2283 2451 657 2740
4 1647 2328 1323 2649
4 2344 2358 2190 2714
4 478 2543 2244 2961
4 2299 2860 2399 3000
4 699 2470 701 2594
4 2147 2436 2350 2891
4 1584 2415 1766 3005
4 2405 2496 1667 2831
4 2580 2783 2249 2967
4 2485 2640 2156 2790
4 533 513 2351 2719
4 365 430 2346 2842
4 2174 2387 2329 2964
4 1475 2417 2479 2491
4 2337 2394 2184 2413
4 1954 2005 1863 2349
4 2331 2396 2281 2592
4 2140 2307 2511 2890
4 2056 16 2521 2694
4 2237 2430 2724 2994
4 1272 1863 1864 2488
4 1500 2417 1713 2434
4 2307 2380 2203 2960
4 27 2559 26 2791
4 2212 2339 2238 2971
4 2166 2573 2946 2999
4 1246 2829 2217 3024
4 1612 2369 2756 3013
4 788 2265 2388 2599
4 1000 2486 2711 2786
4 1038 852 2362 2787
4 1439 1418 1419 2239
4 1479 2446 2361 3040
4 2265 2326 31 2792
4 366 656 2283 2766
4 2367 2570 687 2847
4 735 1022 2611 2773
4 2170 2237 2430 2776
4 2234 2586 1980 3042
4 1466 2450 1464 2524
4 2511 2890 2307 2960
4 1141 2243 721 2789
4 1583 2657 2273 2892
4 2454 2611 1022 2773
4 1052 2778 2363 2847
4 1886 430 1279 2346
4 2182 2320 2285 2800
4 1550 2521 1449 2694
4 2214 2376 2325 2660
4 2019 2045 1936 2561
4 1439 2239 1419 2784
4 2500 2671 2212 2971
4 1414 2237 2724 2994
4 746 2883 2785 2955
4 1625 2747 2447 2976
4 487 2293 453 2427
4 2168 2629 2386 3044
4 1414 2724 1623 2994
4 929 2249 2783 2967
4 2277 2588 785 2861
4 87 2268 2425 2921
4 1647 2071 2328 2932
4 2541 2743 2146 2932
4 1889 2503 1771 2644
4 852 2362 2787 2841
4 790 2339 2264 2848
4 697 2285 699 2640
4 1765 2791 2533 2999
4 1845 1667 2405 2496
4 878 1075 876 2316
4 1843 2340 1907 2559
4 1964 1943 2018 2619
4 2380 2434 2159 2968
4 2191 2563 2297 2685
4 90 2113 91 2368
4 573 2466 1161 2517
4 2439 2564 1085 2820
4 528 2498 2449 2829
4 2249 2356 73 2832
4 1552 2497 2441 2929
4 2329 2738 2387 2745
4 2231 2340 2178 2659
4 2273 2359 2188 2838
4 51 2338 2295 2641
4 53 52 2471 2875
4 1000 911 2486 2786
4 1474 1475 2417 2479
4 127 2503 2238 2688
4 2355 2161 2756 2904
4 907 2268 1059 2505
4 1791 2453 2519 2869
4 2387 2738 2241 2745
4 768 2377 2751 2937
4 1140 2250 2566 2830
4 1634 2495 2321 2754
4 1439 2597 2239 2784
4 573 557 1251 2466
4 431 2346 2427 2456
4 1407 2612 1683 2801
4 57 1571 2516 2806
4 1972 2536 2213 2978
4 2164 2401 2273 2874
4 2160 2447 2386 3030
4 2226 2510 934 2762
4 2282 2187 2372 2782
4 2331 1111 2564 2807
4 1640 1378 2743 2932
4 2161 2660 2451 2740
4 881 2287 2596 2953
4 880 878 879 2397
4 1868 2744 2846 2995
4 960 1195 2542 2997
4 1282 2732 2590 2834
4 542 549 501 2719
4 2166 2699 2251 2979
4 1757 2273 2419 2892
4 1893 2522 505 2561
4 1757 2419 2273 2731
4 1077 730 2404 2807
4 1038 2362 852 2841
4 1414 2237 2683 2724
4 49 2558 2305 2814
4 1404 2632 2282 2950
4 1650 1651 2461 2706
4 2341 2583 956 2865
4 872 2241 871 2770
4 2260 2363 1086 2562
4 2300 2574 2191 2650
4 2359 2419 2168 2513
4 2476 2850 1312 2908
4 2179 2304 2239 2731
4 2013 2480 643 2729
4 1399 1725 2281 2541
4 103 2445 2267 3039
4 490 2499 2556 2639
4 1140 2250 1044 2566
4 954 1124 2341 2865
4 1604 2522 2618 2853
4 1696 2387 1695 2964
4 562 1899 588 2533
4 1210 440 2459 2661
4 1399 2281 1641 2698
4 2153 2573 2330 2825
4 791 2457 771 2736
4 776 2375 799 2859
4 2230 2426 2310 2689
4 2237 2185 2414 2776
4 787 2265 2542 2792
4 1994 2034 2577 2627
4 2171 2440 2649 2862
4 2131 115 1673 2646
4 720 1052 1053 2363
4 1313 1314 2484 2850
4 1070 869 1071 2459
4 2237 2414 2282 2683
4 708 710 709 2445
4 1504 2309 2674 2903
4 2386 2723 2160 2918
4 2275 2332 2248 2785
4 1156 380 2540 2600
4 708 709 2267 2445
4 431 2346 458 2427
4 79 2101 78 2589
4 2219 2602 2385 2624
4 1963 1937 653 2647
4 1152 2623 947 2930
4 834 835 836 2254
4 2235 2691 1362 2992
4 1288 2577 2398 2877
4 523 2583 2223 2749
4 419 418 2715 2863
4 2188 2493 2226 2576
4 2182 2612 2426 2801
4 2113 1731 94 2368
4 2298 2686 680 2872
4 765 783 2372 2902
4 1145 1119 2337 2580
4 453 2427 2293 2456
4 2395 2544 1335 2916
4 2186 2473 2325 3008
4 2245 2519 2389 2732
4 2165 2534 2455 2941
4 1721 1475 1477 2479
4 2177 2607 2692 2701
4 2278 2451 2161 2660
4 2370 2450 2189 2718
4 1448 2521 2352 2677
4 2247 2377 1040 2711
4 1045 1144 748 3011
4 1318 2649 1321 2862
4 2145 2617 2467 2778
4 1113 2555 772 2957
4 2460 2170 2636 2882
4 1536 2396 1538 2592
4 1557 2653 2526 2764
4 2178 2231 2659 3053
4 550 2351 513 2461
4 2159 2284 2535 3022
4 2146 2404 2463 2541
4 2278 2518 2153 2678
4 788 842 841 2265
4 2164 2393 2273 2944
4 872 870 2241 2738
4 2226 2327 2188 2576
4 450 2276 1825 2761
4 440 2459 2661 2965
4 1133 680 678 2298
4 2362 2469 2182 2800
4 2531 2645 1002 2803
4 107 2323 2261 2854
4 2341 2514 2266 2703
4 921 933 2430 2636
4 2256 2467 2167 2626
4 921 933 2636 2923
4 1864 2488 2349 2943
4 2334 2650 2191 2685
4 1859 1834 2708 2710
4 1391 2771 2433 2888
4 2172 2304 2297 2611
4 1152 1253 2623 2628
4 970 2620 2253 2794
4 988 2785 2275 3051
4 2246 2333 2146 2768
4 2185 2447 2582 2747
4 984 2286 1136 2809
4 776 2739 2375 2859
4 2053 11 10 2681
4 685 2570 2367 2820
4 2294 2551 1535 2726
4 2247 2183 2433 2771
4 877 879 878 2268
4 853 2274 1065 2682
4 1998 2403 2496 2627
4 2331 2406 888 2855
4 1109 793 935 2401
4 2057 1669 16 2398
4 2353 2371 2235 2707
4 1488 1649 125 1592
4 2395 1335 2601 2916
4 1108 1010 733 2838
4 627 2655 455 2661
4 837 838 2452 2949
4 1745 2349 2744 2943
4 1877 1798 2525 2637
4 2452 2882 2254 2949
4 383 1234 618 2293
4 2297 2563 2172 2936
4 2304 2721 2239 2731
4 1398 90 1337 2919
4 2150 2414 2782 2902
4 2407 2435 1514 2964
4 669 2620 2418 2898
4 95 2606 2284 2813
4 1303 1892 381 2499
4 2158 2552 2250 3029
4 1805 2342 1304 2962
4 1146 1018 2630 2794
4 585 2347 2443 2886
4 2226 2642 2302 2762
4 1980 1984 2234 3042
4 1350 1348 2335 2801
4 2056 17 16 2694
4 2161 2325 2376 2660
4 1375 2731 2651 2992
4 2375 2529 799 2859
4 2246 2580 991 2643
4 1008 2293 1235 2873
4 2376 1312 2850 2908
4 1313 1312 1314 2850
4 2180 2384 2294 2748
4 1008 618 1235 2293
4 774 2377 768 2937
4 1448 1424 2352 2633
4 1418 2239 2721 2731
4 1546 2692 1434 2701
4 724 2353 716 2707
4 365 2346 427 2842
4 1584 106 2415 3005
4 954 915 1124 2865
4 2242 2577 2218 2684
4 884 2384 886 2858
4 2217 2339 2212 2671
4 1507 2509 1441 2657
4 11 2681 2343 2907
4 1765 1491 2533 2791
4 842 2265 788 2599
4 1168 1237 2443 2879
4 571 2540 570 2628
4 1362 1364 1365 2992
4 2177 2322 2269 2803
4 2302 2642 2154 2762
4 1798 2344 1672 2709
4 2155 2348 2235 2707
4 1389 2545 2379 2670
4 2198 2479 2354 2840
4 894 2246 2695 2967
4 2437 2864 2438 2922
4 1133 680 2298 2686
4 2266 1124 2341 2703
4 1349 1351 2335 3016
4 1746 127 2137 2503
4 1318 2394 2649 2862
4 984 986 1136 2286
4 2299 2595 718 2809
4 2229 2177 2531 2607
4 2344 2392 2190 2709
4 1128 2323 2428 3032
4 1753 2327 98 2642
4 2532 2605 1080 2856
4 1917 1949 2389 2638
4 864 2303 862 2539
4 1183 841 2465 2542
4 1716 2391 1362 2702
4 2144 2247 2433 2613
4 1893 514 505 2522
4 2249 2356 2337 2580
4 1859 1857 1556 2710
4 2228 2846 2744 2995
4 1327 2431 39 2932
4 481 2644 1889 2842
4 1767 2455 2356 2908
4 529 2449 2217 2829
4 2143 2319 2308 2570
4 2200 2597 2492 2948
4 1473 1474 2417 2890
4 2241 2378 2147 2770
4 2200 2239 2457 2736
4 1546 2322 2692 2701
4 359 398 400 2221
4 1859 2708 2290 2710
4 640 1228 1225 2609
4 1745 1868 1744 2744
4 2165 2598 2366 2777
4 868 871 2745 2845
4 2425 2207 2715 2900
4 2198 2354 2310 2612
4 2158 2354 2310 2478
4 2453 1596 2732 2806
4 1566 2446 1754 2716
4 513 2461 2351 2719
4 1762 1439 2492 2721
4 87 2425 2268 2900
4 2341 2703 1124 2843
4 2249 2257 2695 2967
4 1608 1269 2314 2802
4 1414 2237 1624 2747
4 1877 1751 1798 2637
4 1108 733 2672 2838
4 525 2351 511 2531
4 1333 1332 1331 2575
4 2348 2391 2243 2797
4 2179 2353 2611 2651
4 937 2261 2530 2817
4 791 771 770 2736
4 917 2480 1216 2818
4 2235 2353 2179 2992
4 2259 2539 115 3018
4 1504 1456 1783 2674
4 1568 2474 53 2875
4 512 509 2531 2706
4 548 2461 1651 2706
4 416 441 2543 2661
4 2413 2868 2620 2898
4 2355 2518 68 2939
4 1235 2293 1116 2581
4 2151 2381 2309 2674
4 71 67 2579 2836
4 779 840 2334 2685
4 2447 2296 2582 3030
4 1246 2671 1099 2971
4 1176 1080 2605 2856
4 57 2516 2318 2806
4 1302 1802 1938 2663
4 1704 2846 2720 2995
4 2272 2502 2378 2640
4 915 2514 2266 2865
4 2140 2408 2228 2424
4 569 570 2540 2547
4 674 672 718 2299
4 1414 1624 2237 2994
4 2214 2518 2278 2678
4 1034 2624 2602 3059
4 2180 2258 2384 2748
4 1667 2496 1865 2831
4 1898 2499 2737 2849
4 1828 594 552 2648
4 2179 2611 2304 2651
4 2309 2336 2903 2983
4 1316 1314 2476 2753
4 879 881 880 2287
4 547 2229 509 2706
4 1102 1101 1206 2448
4 1487 1580 2460 2994
4 2211 2367 2306 2601
4 855 1054 1072 2562
4 1753 2576 2327 2642
4 118 2133 119 2793
4 2171 2649 2394 2862
4 2366 2437 2220 2598
4 2140 2491 2417 2890
4 2295 2338 2158 2641
4 876 2316 996 2866
4 1938 2648 1302 2663
4 2192 2405 2403 2529
4 2053 10 2343 2681
4 2403 2529 2218 2986
4 2173 2429 2361 2479
4 2246 2328 2146 2664
4 409 616 356 2459
4 1375 1665 2731 2992
4 1583 1507 1441 2657
4 1347 2485 2335 2801
4 2296 2160 2468 3030
4 1619 1797 1613 2518
4 2258 2306 2180 2439
4 699 2470 2285 2800
4 2180 2592 2281 2698
4 2344 2525 2392 2709
4 1955 1914 2032 2345
4 1135 2785 2381 2955
4 2548 2637 2163 2934
4 103 2629 2445 3039
4 2294 2384 2258 2748
4 2140 2228 2408 2744
4 859 861 2493 2816
4 1059 2268 877 2425
4 2201 2661 2459 2965
4 92 2284 2634 3022
4 970 973 2620 2794
4 2218 2405 2403 2627
4 2183 2247 2433 3038
4 436 1234 383 2293
4 1845 1865 1667 2496
4 1315 2484 1314 2753
4 76 2333 2614 2743
4 2296 2452 2170 2468
4 2160 2452 2296 2468
4 2309 2181 2385 2983
4 1719 2458 2543 2712
4 1557 2526 86 2764
4 1721 2488 1722 2943
4 2146 2768 2333 2807
4 355 451 1286 2864
4 2391 2472 2348 2702
4 2007 2584 2232 2839
4 2194 2406 2294 2551
4 806 2279 2381 3047
4 2045 1936 2561 2757
4 2155 2371 2235 2702
4 1141 980 721 2723
4 748 1144 1141 2723
4 1439 1418 2239 2721
4 1328 1729 2431 2733
4 2402 2587 2152 2773
4 1851 2648 1663 2774
4 1859 1280 1803 2700
4 971 2678 2278 2779
4 1141 2288 2723 2789
4 408 2863 2905 2928
4 1784 2677 2352 2754
4 910 2486 945 2914
4 674 675 2399 2860
4 991 2643 2580 2887
4 1907 2559 2340 2802
4 2348 2391 2185 2472
4 1391 1652 2771 2888
4 2186 2356 2249 2455
4 2369 2897 1281 2962
4 2250 2295 2158 2830
4 581 1813 587 2340
4 2176 2575 2364 2989
4 738 741 740 2630
4 1220 643 1097 2729
4 2258 2439 2384 2851
4 928 1119 2580 2967
4 2201 2458 2407 2712
4 1644 2520 1380 2781
4 2277 2343 2178 2907
4 777 2326 2252 2780
4 2337 2356 2249 2783
4 2273 2401 2657 2874
4 2286 2321 2197 2495
4 2140 2424 2228 2744
4 2185 2391 2348 2797
4 643 2480 1097 2729
4 2331 2807 2333 2855
4 966 2504 2325 3008
4 390 2438 2411 3021
4 1959 2012 2031 2662
4 2186 2504 2249 2783
4 631 438 2560 2769
4 2311 2606 2202 2813
4 2255 2399 675 2860
4 397 2605 2276 2761
4 1456 1504 1458 2309
4 2196 2421 2389 2519
4 1420 1411 104 2938
4 945 2289 911 2786
4 2171 2399 2299 2898
4 1865 2477 1558 2831
4 551 550 513 2461
4 19 2060 17 2313
4 491 459 367 2600
4 2336 2431 1729 2733
4 2417 2434 1500 2840
4 580 2759 2652 3028
4 2385 2686 2181 2796
4 1727 1535 2551 2726
4 1738 2343 1547 2681
4 1758 1753 1582 2576
4 2041 1213 624 2345
4 2529 2746 902 2859
4 409 2538 616 3023
4 1053 1072 1054 2778
4 424 2238 428 2644
4 2251 2599 2153 2945
4 886 2384 2406 2858
4 2453 2519 2245 2732
4 884 886 1085 2858
4 1309 2608 1310 2904
4 1851 2663 2648 2774
4 358 1271 443 2750
4 1983 2289 2708 2878
4 1075 732 2502 3061
4 833 835 834 2305
4 2231 2178 2591 2879
4 2007 2839 2232 2912
4 1613 2573 68 2825
4 1305 2369 1281 2962
4 2210 2740 2462 2821
4 2239 2393 2454 2913
4 1473 2511 1472 2890
4 2019 1936 1301 2561
4 1817 1286 451 2366
4 1757 2273 1583 2784
4 1584 1766 2871 3005
4 16 2398 1736 2694
4 784 2261 1130 3032
4 1625 1544 2747 2976
4 2226 2188 2327 2672
4 928 929 1119 2967
4 2573 2825 2153 2939
4 2329 2594 729 2966
4 423 2238 645 2639
4 2346 2402 2200 2456
4 730 2768 2404 2807
4 2149 2388 2253 2794
4 1615 2534 1616 2941
4 2406 2546 2175 2551
4 127 2339 2442 2848
4 670 2413 669 2898
4 79 2497 2444 2804
4 659 657 2451 2740
4 1696 2302 1697 3016
4 802 2422 2859 3002
4 1309 1308 1310 2608
4 2449 2498 2217 2829
4 2232 2558 1206 2912
4 1024 2714 2811 3034
4 2403 2405 2218 2529
4 1607 1269 1899 2533
4 1500 2434 1686 2612
4 2235 2348 2155 2702
4 432 362 1285 2357
4 2302 2642 1697 3016
4 387 2283 389 2462
4 1775 1738 1547 2681
4 1798 2525 2344 2709
4 92 2284 2420 2634
4 1513 2435 2302 2964
4 1999 1288 1918 2877
4 643 2013 1215 2480
4 2015 2647 2240 2757
4 1204 2584 1940 2730
4 2150 2516 2453 2806
4 1967 1966 2035 2877
4 60 2618 2341 2853
4 2226 2762 2672 2933
4 2590 2732 1596 2806
4 1342 93 2115 2420
4 2620 2868 2418 2898
4 1096 2408 825 3006
4 2460 2875 2471 2882
4 917 2408 1097 2480
4 2172 2611 2353 2651
4 2219 2467 2256 2626
4 2229 2494 510 2704
4 392 2225 491 2897
4 1500 2434 2612 2840
4 1214 1175 1989 2693
4 1301 2618 2757 2834
4 1519 1518 1520 2734
4 1673 114 115 2131
4 1930 1989 1175 2693
4 2336 2385 2181 2983
4 2468 2471 55 2882
4 1574 2373 1442 2793
4 2256 2610 1786 2697
4 1263 2423 1875 2482
4 2352 2677 2142 2754
4 358 443 488 2750
4 1593 2477 1865 2878
4 2258 2141 2439 2851
4 2452 2882 2468 2925
4 698 699 2285 2800
4 863 2303 2510 2805
4 2167 2524 2256 2626
4 2272 2502 2156 2520
4 2202 2502 2272 2520
4 2259 2493 861 2816
4 761 2278 2451 2899
4 2389 2453 2245 2506
4 983 718 672 2595
4 509 2531 2229 3046
4 80 1529 2104 2390
4 1885 1278 2340 2347
4 900 2779 965 2899
4 1243 2238 645 2769
4 1936 1301 2561 2757
4 2217 2671 529 2829
4 745 2705 2679 2739
4 1394 2332 2069 2669
4 2153 2409 2253 2927
4 1523 2526 1557 2653
4 735 2773 2611 2936
4 2283 2451 2369 2766
4 871 2241 870 2745
4 900 965 901 2899
4 2405 2521 2169 2633
4 2251 901 2523 2899
4 418 623 2715 2863
4 1647 1323 1497 2649
4 2007 2004 2584 2839
4 1439 1655 2492 2948
4 663 971 725 2678
4 512 498 548 2461
4 1009 1007 2402 2456
4 1641 2698 2592 2748
4 1475 1474 2417 2491
4 921 2730 951 2923
4 2220 2589 2257 2804
4 1234 1116 1235 2293
4 2319 2412 2143 2916
4 2183 2433 2291 3038
4 807 806 805 2279
4 1420 104 2692 2938
4 1647 1497 2328 2649
4 2291 2433 2183 2980
4 1385 1387 1386 2980
4 1887 2607 2621 2706
4 2174 2241 2387 2734
4 1757 1583 1441 2784
4 2159 2362 2274 2906
4 988 2248 857 2785
4 2192 2477 2301 2486
4 2301 2477 2157 2486
4 2146 2463 2281 2541
4 2445 2838 2359 2974
4 1865 1593 1558 2477
4 71 2355 68 3013
4 2140 2307 2274 3006
4 2399 2413 673 2898
4 1504 2674 1783 2903
4 2197 2321 2595 2666
4 2183 2301 2375 2633
4 1508 2509 2133 2793
4 2460 2471 2170 2882
4 2333 2396 2175 2614
4 984 1136 2422 2809
4 2407 2416 2174 2734
4 1237 2591 2443 2879
4 2176 2463 2404 2541
4 997 2378 2640 2738
4 1642 1379 1733 2306
4 433 2499 1892 2556
4 2289 2192 2693 2914
4 1674 2646 2712 2961
4 2577 2684 2242 2877
4 2437 2598 1171 3043
4 2235 2702 2371 2992
4 2168 2445 2288 2629
4 396 2605 397 2761
4 2515 2568 2224 2774
4 1402 2472 1401 2557
4 1437 122 2134 2675
4 389 2283 366 2462
4 2017 2572 563 2648
4 2147 2316 2272 2526
4 879 2268 907 2596
4 116 2132 2259 2805
4 1276 2011 1874 2382
4 100 2386 2828 2918
4 1566 2361 1479 2446
4 2133 2509 119 2793
4 2313 2880 2279 3002
4 2381 2385 2309 2602
4 2159 2420 2284 2634
4 1034 2385 856 2602
4 2389 2421 2196 2638
4 2379 2717 1794 2889
4 660 2660 2325 2740
4 2219 2624 2665 3059
4 2289 2486 2192 2914
4 1534 1535 2294 2592
4 961 1002 914 2803
4 2254 55 2882 2925
4 2006 2696 2004 2839
4 475 2722 2655 2795
4 1316 2476 1384 2990
4 745 743 2679 2705
4 2324 2350 2195 2357
4 2251 2330 2599 2945
4 397 2464 2276 2605
4 1419 2239 1418 2731
4 21 2061 2528 2637
4 2338 2552 2158 3060
4 767 2252 1090 2937
4 2369 2766 2225 2897
4 2283 2342 387 2962
4 2393 2164 2457 2944
4 1140 2566 722 2830
4 1050 1171 2598 2991
4 2352 2495 1784 2754
4 1254 2236 2844 2893
4 81 2390 2287 2656
4 1626 1580 1487 2994
4 2348 2360 2155 2472
4 2185 2360 2348 2472
4 2182 2230 2426 2819
4 755 1113 772 2957
4 2169 2375 2739 2859
4 787 2265 841 2542
4 1033 719 2686 2796
4 2188 2493 2657 2874
4 1787 1734 93 2111
4 1240 2402 1121 2587
4 2373 2581 2293 2873
4 946 2236 2523 2623
4 95 94 2420 2520
4 2448 52 2474 2882
4 2079 2511 45 2995
4 2180 2306 2258 2748
4 2398 2877 2242 2934
4 2309 2528 2163 2578
4 802 2765 2422 3002
4 52 2875 2474 2882
4 1423 2301 2771 2888
4 961 2351 1252 2531
4 458 430 1884 2346
4 2351 2461 2177 2514
4 1429 2376 1310 2534
4 1152 2540 650 2628
4 1536 1641 1759 2592
4 984 2422 1132 2809
4 844 900 901 2251
4 850 2295 836 2727
4 582 2591 2340 2886
4 2170 2296 2468 2582
4 1289 1829 1825 2537
4 433 381 1892 2499
4 1477 2361 2479 3040
4 2785 2883 2298 2955
4 1398 1339 90 2368
4 1730 1331 1399 2698
4 2346 2456 480 2560
4 1775 1816 1885 2681
4 1382 2304 1418 2721
4 2056 2521 17 2694
4 392 459 2225 2897
4 714 717 2513 2924
4 104 2557 105 2938
4 2251 844 2699 2893
4 986 2286 984 2809
4 2149 2253 2409 2717
4 487 437 453 2293
4 1026 1221 2539 2661
4 2243 2160 2386 2723
4 2276 2532 2162 2726
4 9 2515 2270 2954
4 464 1244 655 2639
4 1603 1897 2522 2719
4 2424 2744 2988 2995
4 1096 2424 2408 3006
4 2156 2520 2502 2606
4 2162 2390 2287 2596
4 1429 1310 1614 2534
4 2056 16 1449 2521
4 1129 784 1130 3032
4 1246 2671 2217 2829
4 1931 654 2020 2585
4 1133 2883 746 2955
4 2281 2541 2176 2575
4 2217 2442 2339 2848
4 1954 1956 2349 2488
4 2164 2273 2401 2944
4 2356 2455 1767 2832
4 2193 2387 2241 2436
4 967 2504 966 3008
4 2384 2439 884 2851
4 124 2442 2217 2848
4 1680 2256 1786 2697
4 788 2388 848 2599
4 1672 2709 2344 2952
4 1448 2521 1447 2633
4 880 2397 2287 2851
4 763 2269 784 3032
4 8 2527 2050 2774
4 1168 2755 1127 2879
4 868 2745 2416 2845
4 1791 2519 1846 2869
4 1405 1404 1412 2282
4 991 2246 2643 2768
4 100 2121 101 2629
4 2149 2263 2717 2889
4 2316 2425 2268 2921
4 2286 986 2705 2935
4 2283 2462 2342 2740
4 544 2671 531 2737
4 446 2276 397 2464
4 441 421 2244 2655
4 2404 2463 1077 2807
4 396 2432 398 2507
4 1120 1188 2341 2843
4 491 2766 391 2897
4 885 887 886 2406
4 1514 2407 1517 2435
4 2320 2420 2159 2968
4 1254 946 2236 2523
4 2475 2517 2236 2893
4 2165 2437 2366 2598
4 1560 1706 2357 2653
4 1642 2258 1530 2656
4 1691 2328 2743 2932
4 1939 1818 1866 2627
4 123 122 2503 2675
4 1817 1262 2366 2970
4 2235 1365 2702 2992
4 1306 2756 1305 2962
4 460 2411 390 2438
4 2217 2339 2334 2848
4 2278 2660 2214 2678
4 1446 2301 1423 2633
4 2177 2514 2461 2701
4 1592 124 125 2442
4 2151 2385 2336 2903
4 1126 1113 765 2372
4 66 67 2092 2490
4 803 2313 2279 3002
4 452 2437 2366 2864
4 38 1326 2073 2431
4 378 1805 1304 2962
4 763 755 772 2428
4 2238 2556 2503 2849
4 1312 2476 1314 2850
4 1141 2723 2243 2789
4 55 2254 2295 2925
4 627 1231 455 2655
4 378 2342 1805 2962
4 2228 2744 2424 2995
4 1912 1287 2023 2696
4 732 2606 2502 3061
4 52 2471 2875 2882
4 2535 2682 2203 2977
4 1129 1130 2261 3032
4 2320 2469 2285 2800
4 2281 2463 2176 2541
4 563 2017 1944 2572
4 2535 2562 2203 3022
4 795 2252 777 2542
4 2325 2504 966 2821
4 382 460 2438 2864
4 885 887 2406 2856
4 2304 2611 2172 2651
4 1307 2756 2355 3013
4 587 1813 1278 2340
4 990 857 2248 2785
4 2361 2429 2173 2687
4 1809 2475 1765 2533
4 2245 2732 2590 2806
4 899 785 2277 2588
4 2353 2651 2179 2992
4 2196 2453 2389 2506
4 1980 1981 2586 2700
4 836 2452 1142 2727
4 1633 1636 1505 2332
4 2190 2358 2344 2952
4 856 2381 808 2602
4 2202 2502 2520 2606
4 1018 848 2388 2794
4 1939 1866 2577 2627
4 1545 1762 2492 2721
4 478 416 441 2543
4 1504 2610 2309 2983
4 1654 1574 1883 2373
4 2053 2343 11 2681
4 2174 2302 2329 2510
4 1597 2574 2300 2926
4 984 1136 1132 2422
4 2443 2178 2755 2879
4 1518 2387 2436 2734
4 83 2104 82 2390
4 2364 2575 2176 2733
4 2444 2497 2175 2546
4 865 863 2303 2510
4 736 1145 1119 2337
4 1709 2426 1350 2895
4 2273 2401 2359 2838
4 2095 70 71 2579
4 979 978 977 2296
4 2255 2404 2768 3017
4 1634 1784 2495 2754
4 1675 2613 2433 2771
4 668 669 2413 2620
4 2221 2497 2444 2546
4 2196 2389 2453 2519
4 2300 2498 2449 2673
4 1675 1688 2613 2771
4 542 533 523 2749
4 1517 1719 1741 2712
4 105 2557 2428 2938
4 1606 1608 2314 2559
4 1645 1518 2387 2436
4 2214 2484 2850 2904
4 1284 607 556 2876
4 2241 2174 2387 2745
4 1532 1530 1642 2258
4 1024 2714 2392 2811
4 2206 2609 2690 2877
4 2515 2585 1013 3019
4 952 2506 2389 2885
4 880 2767 2397 2851
4 859 2493 2401 2816
4 1484 2083 1498 2338
4 2253 2388 2153 3041
4 1145 2580 2337 2887
4 1018 1148 848 2794
4 1263 2482 1704 2720
4 645 2238 423 2769
4 2378 2770 872 2866
4 1848 1274 2421 2869
4 2151 2336 2385 2955
4 2263 2418 2197 2549
4 2241 2416 2174 2745
4 2325 2504 2210 2534
4 1605 2561 1301 2618
4 2235 2371 2353 2651
4 952 2389 2852 2885
4 59 2266 2372 2973
4 937 936 2261 2563
4 1032 2624 2319 2796
4 2360 2472 2282 2950
4 487 453 472 2427
4 2292 2715 419 2750
4 2157 2247 2315 2771
4 702 704 703 2966
4 2273 2401 2188 2657
4 57 2590 1571 2806
4 43 2524 2870 2942
4 2450 2615 2189 2718
4 2424 2988 2901 2995
4 1552 2441 1821 2929
4 1038 1065 852 2787
4 2335 2567 2154 2594
4 1146 2630 2549 2794
4 2245 2453 2732 2806
4 722 2566 704 2689
4 2177 2645 2531 2803
4 392 471 459 2897
4 2228 2424 2901 2995
4 690 688 2363 2571
4 2180 2294 2384 2406
4 54 1484 1790 2338
4 103 2327 102 3026
4 801 902 2746 2859
4 460 2411 2438 2864
4 367 1153 633 2766
4 533 513 550 2351
4 1473 1472 1474 2890
4 720 690 688 2363
4 717 724 716 2707
4 2364 2575 2211 2989
4 1322 34 2068 2440
4 991 1043 2246 2768
4 1684 1685 1689 2612
4 2654 2677 1633 2754
4 2164 2509 2273 2784
4 920 839 837 2636
4 2343 2681 2178 2907
4 745 2679 775 2739
4 777 1090 767 2252
4 2319 2363 2143 2412
4 710 2445 2288 2789
4 889 2546 2406 2856
4 2566 2689 722 2830
4 2194 2294 2406 2856
4 2403 2496 2192 2693
4 2603 2716 49 2814
4 2553 2826 2312 2977
4 2272 2316 2202 2781
4 968 2438 625 3021
4 1183 960 1195 2542
4 52 2448 2474 2814
4 978 2776 2296 2949
4 2193 2241 2387 2738
4 396 2507 399 2605
4 1154 654 1931 2585
4 1114 2736 2454 2773
4 2170 2430 2237 2994
4 2160 2552 2338 2828
4 1135 808 856 2381
4 2148 2246 2328 2643
4 2461 1601 2701 2719
4 864 863 862 2303
4 2253 2794 2388 3041
4 775 745 743 2679
4 2497 2546 2221 3063
4 708 710 2288 3011
4 1700 2412 1680 2697
4 1404 2282 1405 2950
4 1224 2536 1063 2959
4 2239 2393 2273 2784
4 2285 2320 2182 2801
4 1013 2515 1203 2585
4 466 2411 1814 2799
4 2503 2675 2216 2688
4 2154 2470 2335 2594
4 763 2428 2269 3032
4 517 2499 516 2500
4 2149 2409 2388 2545
4 2158 2689 2625 3029
4 2157 2477 2289 2486
4 2289 2477 2192 2486
4 28 31 2326 2792
4 112 1512 2128 2435
4 1500 1686 1684 2612
4 115 2539 2303 3003
4 2176 2336 2298 2686
4 2261 2817 2563 2998
4 2229 2531 2177 2645
4 2503 2216 2675 2842
4 99 2116 98 2487
4 1423 2301 1506 2771
4 2181 2624 2385 2796
4 2151 2381 2248 2785
4 2364 2570 2308 2796
4 1211 908 1209 2383
4 1591 2092 64 1590
4 2166 2517 2475 2893
4 1176 2605 2507 2856
4 433 490 2499 2556
4 1240 631 2560 2769
4 1074 2429 2345 3036
4 990 988 857 2785
4 2723 2727 2160 2918
4 1405 2472 2282 2747
4 1026 2539 2655 2661
4 2266 2555 2514 2803
4 2684 2746 1089 2986
4 889 888 2406 2855
4 1175 945 2289 2693
4 635 499 1252 2351
4 997 2378 1092 2640
4 2440 2649 35 3000
4 2474 2696 1852 2839
4 2391 2691 2243 3044
4 1022 2454 734 2611
4 1650 2461 1609 2701
4 17 2313 2746 3009
4 2140 2274 2713 3006
4 2142 2286 2321 2809
4 2415 2871 1766 3005
4 1423 1446 1506 2301
4 921 2430 932 2636
4 491 392 459 2225
4 2169 2739 2422 2859
4 2557 2632 2187 2938
4 1691 2328 2664 2743
4 2202 2316 2272 2502
4 127 2688 2339 2848
4 113 2576 2302 2805
4 1491 2791 1765 2999
4 1341 2420 94 2520
4 107 2261 2323 2998
4 1606 26 2559 2791
4 2226 2493 2188 2672
4 2312 2145 2617 2942
4 2412 2697 1700 2916
4 670 673 2413 2898
4 1994 2044 1998 2403
4 1785 2338 1482 2641
4 781 967 966 3008
4 2297 2304 2172 2667
4 2282 2360 2187 2782
4 2187 2555 2372 2957
4 441 455 2655 2661
4 899 2588 2277 2755
4 81 2397 2287 2921
4 2246 2146 2328 2768
4 2392 2714 2190 3034
4 921 933 932 2430
4 1457 1455 2528 2637
4 705 2512 1105 2762
4 874 2378 872 2866
4 1296 2442 1894 2737
4 2235 2651 2353 2992
4 2262 2523 982 2899
4 2208 2474 2875 2882
4 767 2780 2252 2937
4 436 2293 437 2795
4 1335 2544 1336 2916
4 1116 1115 2581 2824
4 1474 2417 1476 2479
4 1229 1103 2548 2910
4 2248 2565 2142 2880
4 1517 2407 1718 2458
4 777 2252 767 2780
4 2307 2380 2274 2682
4 2296 2447 2160 3030
4 57 2318 2590 2806
4 982 2262 943 2523
4 2238 2644 424 2769
4 2466 2517 574 2876
4 1757 2419 1659 2892
4 531 529 530 2737
4 2198 2280 2787 2808
4 465 390 460 2411
4 1517 1719 2407 2458
4 2214 2473 2376 2850
4 2034 2577 1995 2684
4 1546 1434 1562 2701
4 1981 2290 1983 3012
4 2170 2460 2430 2994
4 2153 2518 2278 2939
4 2244 2712 2646 2961
4 2410 2959 1230 3034
4 936 2261 2563 3032
4 2175 2551 2497 2614
4 1114 2454 1022 2773
4 1973 2213 2720 2978
4 1584 1776 1766 2415
4 1353 1753 98 2642
4 1678 1700 2697 2916
4 121 2297 2550 2667
4 978 977 2296 2776
4 1459 1460 1461 2317
4 1284 1809 607 2876
4 2343 2659 2178 2681
4 2199 2488 2361 2943
4 433 490 381 2499
4 695 2502 2606 2812
4 1033 2385 1034 2624
4 15 2315 12 2377
4 1491 1607 2533 2791
4 2211 2564 2281 2698
4 1481 50 2080 2446
4 662 2325 660 2660
4 1718 2458 2407 3037
4 1465 42 2074 2450
4 1346 2320 1345 2485
4 1103 2714 2548 2910
4 917 1097 1216 2480
4 2155 2348 2472 2702
4 1513 1582 112 1511
4 2336 2686 2385 2955
4 673 2413 2399 2887
4 2337 2356 2186 2476
4 2276 2928 2537 2931
4 2230 2154 2512 2966
4 35 2440 34 2649
4 1683 2801 2612 2822
4 778 2264 789 2773
4 1847 2357 2772 3037
4 2185 2243 2391 2797
4 2208 2448 2474 2882
4 1285 362 1840 2357
4 1040 1000 1004 2711
4 424 423 2238 2769
4 2170 2471 2460 2994
4 2291 2630 2549 2935
4 444 487 363 2604
4 2203 2553 2312 2977
4 2146 2281 2463 2807
4 1644 2272 1740 2790
4 2243 2185 2391 2447
4 1930 2289 2036 2693
4 2154 2487 2512 2933
4 778 762 2685 2936
4 2304 2172 2667 2871
4 1301 1837 2618 2834
4 123 2134 122 2675
4 2273 2393 2239 2731
4 1837 1773 2618 2834
4 736 2337 2413 2887
4 1786 1502 2626 3056
4 1605 1301 1836 2618
4 1421 2613 14 3055
4 2190 2365 2317 2857
4 695 1084 2502 2812
4 889 2406 887 2856
4 1532 2258 1642 2748
4 2292 2505 2227 2863
4 116 2493 2576 2805
4 2276 2464 2928 2931
4 1262 1820 2441 2970
4 2466 574 2533 2876
4 867 2329 1048 2958
4 2256 2412 2319 2697
4 2282 2472 1405 2950
4 2304 2179 2454 2913
4 1337 91 90 2544
4 425 365 427 2842
4 1603 2616 2522 2853
4 2145 2312 2553 2870
4 2230 2182 2470 2819
4 2366 2437 452 2970
4 1367 2308 1678 2697
4 2214 2518 2484 2904
4 2149 2545 2379 2717
4 1556 2508 12 2710
4 1859 1280 2290 2708
4 2241 2378 2193 2436
4 1367 1332 1678 2308
4 2154 2487 2230 2512
4 1767 1617 2455 2908
4 1577 1767 2455 2832
4 2524 2626 1502 3056
4 2222 2618 2522 2853
4 1824 1553 1677 2432
4 2302 2567 2154 3016
4 2211 2364 2308 2575
4 2204 2588 2443 2907
4 1798 1495 1672 2344
4 2247 2377 2315 2613
4 2254 2452 2295 2925
4 2367 687 2571 2847
4 1375 1395 2651 2731
4 20 2528 2637 2934
4 2322 2555 2269 2803
4 1420 2692 2322 2938
4 2155 2428 2415 2557
4 2193 2436 2378 2790
4 1321 2440 1320 2862
4 2273 2188 2401 2838
4 2237 2582 1624 2747
4 1306 1305 1304 2962
4 104 1776 2122 2415
4 28 2326 2545 2670
4 2041 624 1914 2345
4 1280 2290 1922 2700
4 889 2406 2546 2855
4 968 967 2438 2504
4 1365 1716 1362 2702
4 1204 1201 2584 2730
4 2197 2321 2286 2595
4 1817 1610 1286 2366
4 827 2280 828 2787
4 815 2959 2370 3007
4 2455 2504 2186 2534
4 942 2523 1254 2893
4 1473 2417 1474 2491
4 498 1651 548 2461
4 2178 2879 2231 3053
4 2015 1951 2240 2827
4 970 2253 2620 2775
4 2343 2593 2178 2659
4 2272 2526 2316 2781
4 1967 2690 1966 2877
4 673 981 2413 2887
4 1396 100 101 2629
4 1886 1884 430 2346
4 2117 100 101 2552
4 2117 96 97 2552
4 1108 2672 2445 2838
4 1282 1934 2732 2834
4 2197 2379 2291 2980
4 2258 2748 1532 2837
4 1166 625 2438 3021
4 111 2261 2817 3045
4 1795 30 1436 2330
4 1263 1927 1870 2423
4 1741 1514 1517 2435
4 2035 1966 1969 2609
4 1859 2290 2700 2710
4 2393 2401 2273 2944
4 2241 2147 2350 2770
4 571 598 650 2628
4 1631 1634 2321 2754
4 42 2077 43 2553
4 797 774 796 2377
4 792 2581 2457 2873
4 1254 2236 946 2844
4 1537 2497 1676 2551
4 1533 1534 1535 2294
4 1402 2472 2557 2950
4 1589 1770 2503 2675
4 2175 2546 2497 3063
4 1794 2545 1666 2717
4 2105 80 81 2554
4 1649 2300 1597 2574
4 1817 2366 402 2970
4 2190 2317 2358 2952
4 498 1900 2461 2719
4 2154 2642 2487 2933
4 2157 2315 2247 2711
4 1084 2640 2502 2812
4 1474 1476 1475 2479
4 2470 2594 2154 2966
4 1045 2727 2250 2830
4 2241 2770 2350 2845
4 565 2017 563 2648
4 784 2269 786 2645
4 1202 356 616 2459
4 2175 2331 2406 2592
4 772 784 763 2269
4 765 1113 756 2372
4 1448 1784 1780 2677
4 2236 2623 946 2628
4 1411 2557 104 2938
4 1679 1786 2610 2697
4 1678 1700 1680 2697
4 2260 2363 89 3057
4 2258 2180 2384 2439
4 1077 730 679 2404
4 56 1431 2086 2516
4 736 2413 2337 2894
4 1423 2633 2301 2888
4 53 2471 1568 2875
4 2272 2436 2147 2891
4 2365 2615 2317 2857
4 2159 2274 2682 2906
4 2178 2593 2252 3053
4 2148 2356 2337 2990
4 694 2535 2284 3014
4 1131 2530 2645 3046
4 991 2643 999 2768
4 429 2500 2499 2639
4 677 2404 2255 2883
4 685 2367 687 2820
4 2522 2616 1603 2719
4 51 2446 50 2641
4 1878 2382 1874 2709
4 1140 1045 2250 2830
4 2174 2416 2407 2728
4 2302 2226 2576 2642
4 1104 1230 2959 3034
4 658 2283 657 2740
4 2609 2934 2206 2981
4 2228 2408 2349 2729
4 33 2275 2299 2911
4 1687 2822 2434 2968
4 1984 2585 1985 2663
4 2198 2417 2280 2479
4 1574 2373 1654 2597
4 2122 1776 106 2415
4 679 2463 2404 2872
4 2524 2617 2145 2942
4 2281 2575 2211 2698
4 2304 2611 2179 2913
4 1382 1670 1383 2304
4 1068 1112 752 2348
4 1556 13 12 2508
4 1605 1836 1604 2618
4 54 55 2468 2471
4 2380 2159 2634 2968
4 2197 2495 2321 2666
4 677 678 2404 2883
4 834 2295 1137 2631
4 2172 2371 2323 3005
4 21 20 2061 2637
4 2141 2367 2306 2439
4 498 521 1900 2719
4 1032 1138 2467 2624
4 2338 2641 1785 3060
4 1235 618 1234 2293
4 805 807 2279 2548
4 826 2280 827 2787
4 54 1485 2085 2471
4 535 1179 1163 2500
4 1972 1973 2213 2720
4 2155 2428 2360 2940
4 2515 2568 2204 2635
4 2249 2695 2580 2967
4 1867 1263 1704 2720
4 2179 2359 2273 2393
4 2059 22 23 2565
4 2059 19 18 2565
4 2224 2568 2515 2635
4 488 2292 419 2750
4 2503 2644 2216 2842
4 2272 2520 2156 2909
4 832 2305 834 2631
4 2329 2510 1048 2958
4 1636 2069 1394 2332
4 2163 2381 2309 2602
4 2421 2638 1949 2730
4 850 834 836 2295
4 1166 638 382 2438
4 2356 2476 1767 2908
4 722 704 1061 2689
4 909 1059 877 2425
4 1021 803 2746 2981
4 655 1250 2500 2639
4 454 1801 2400 2897
4 2337 2580 1119 2783
4 79 2444 2257 2804
4 1635 2069 1636 2332
4 782 2318 783 2902
4 1786 2626 2256 3056
4 1437 2134 2501 2675
4 104 105 2692 2938
4 986 2595 2286 2809
4 2310 2354 2198 2478
4 1327 2541 2431 2932
4 929 2598 2249 2967
4 41 2271 2370 2942
4 2611 2773 2297 2936
4 2444 2658 1173 2991
4 1288 1806 1918 2690
4 1057 2425 875 2866
4 2392 2811 2714 3034
4 2239 2273 2731 2784
4 1928 1874 2382 2709
4 1713 1501 1687 2380
4 685 2570 2820 2989
4 699 700 2470 2800
4 1077 2404 679 2463
4 1373 2518 2484 2927
4 69 2097 1409 2355
4 512 509 511 2531
4 2093 68 69 2573
4 2093 64 65 2573
4 1400 1374 1401 2702
4 1363 2263 1317 2666
4 2152 2239 2454 2721
4 1024 847 2714 3034
4 589 2741 604 2997
4 2341 2618 2222 2853
4 2142 2321 2286 2754
4 2163 2358 2344 2714
4 2193 2378 2241 2738
4 1375 1665 1395 2731
4 634 2827 2680 2852
4 1779 2621 2494 2706
4 968 1166 625 2438
4 2363 2544 2412 2760
4 397 396 476 2605
4 1375 1395 1382 2651
4 2212 2238 2556 2639
4 2129 112 113 2576
4 2129 116 117 2576
4 2331 890 2807 2855
4 96 2552 1788 2625
4 1498 1482 1785 2338
4 1624 2582 2237 2994
4 2322 2938 2632 3010
4 421 2244 2655 2722
4 2402 2456 2346 2560
4 1133 2298 2883 2955
4 834 850 1137 2295
4 2320 2485 1346 2801
4 1321 1320 1318 2862
4 2267 2445 709 2672
4 1584 106 1776 2415
4 2150 2516 2282 2683
4 1983 1987 2289 2878
4 2229 2177 2607 2645
4 2329 2387 2174 2745
4 657 2451 2283 2766
4 2151 2385 2381 2955
4 2159 2434 2362 2822
4 1665 2419 1757 2731
4 1339 2113 90 2368
4 1199 2538 2324 2845
4 2004 2042 2016 2730
4 2475 2517 2166 2876
4 1026 1221 1025 2539
4 1893 1299 514 2522
4 510 509 547 2229
4 1990 1224 628 2410
4 453 2293 383 2456
4 604 582 584 2591
4 571 650 2540 2628
4 1040 2247 1004 3038
4 2297 2685 2563 2936
4 2348 2797 1068 2982
4 968 2504 2438 2821
4 2217 2449 2300 2498
4 437 436 383 2293
4 111 2621 2574 2926
4 2161 2376 2325 2608
4 2542 2879 2231 2997
4 1734 2111 1787 2374
4 2236 2628 946 2844
4 1645 2436 2387 2963
4 2445 2789 710 2974
4 31 2409 1496 2545
4 2182 2362 2612 2822
4 2154 2567 2329 2594
4 2457 2581 792 2944
4 80 2390 81 2656
4 1762 1439 1655 2492
4 1059 909 1060 2505
4 1476 2479 2417 2840
4 2468 2471 2170 2582
4 1686 2434 1687 2822
4 1713 2434 2417 2890
4 901 982 2523 2899
4 832 833 834 2305
4 431 2427 453 2456
4 1052 2319 2778 2847
4 2418 2666 2171 2868
4 1634 1784 1393 2495
4 1306 2342 1808 2608
4 2517 2844 2236 2893
4 2140 2408 2491 2744
4 2368 2141 2919 3020
4 660 2740 2325 2821
4 2252 795 2755 2879
4 2604 1880 2722 2793
4 2151 2298 2336 2955
4 595 2568 599 2833
4 1469 45 2079 2511
4 1674 2712 1869 2961
4 84 2316 2526 2781
4 1709 1685 2426 2625
4 57 56 1571 2590
4 1907 2340 1844 2802
4 2218 2746 2684 2986
4 991 999 1043 2768
4 1109 1011 2359 2838
4 624 1074 1216 2345
4 1566 1477 1479 2361
4 2256 2610 2181 2624
4 2219 2610 2256 2624
4 1423 2771 1652 2888
4 2274 2380 2159 2682
4 2331 2180 2406 2592
4 787 841 1183 2542
4 1220 2569 643 2729
4 1586 1668 1649 2550
4 1606 1608 1269 2314
4 2149 2549 2379 2630
4 735 1022 734 2611
4 2185 2237 2414 2747
4 2317 2578 2358 2952
4 1169 448 638 2437
4 2337 2473 974 2894
4 1970 2392 1968 2709
4 2212 2238 2639 2971
4 2342 2608 1306 2756
4 13 2055 1445 2710
4 510 509 2229 3046
4 2186 2504 2325 2534
4 2499 2212 2737 2849
4 731 2367 2439 2820
4 2318 2516 2150 2806
4 1595 1800 1799 2400
4 2249 2580 2337 2783
4 14 2315 15 2613
4 1635 1394 1636 2069
4 1863 2349 2005 2846
4 2349 2408 2199 2480
4 1396 1693 101 2552
4 2183 2771 2301 2888
4 397 2276 450 2761
4 482 389 366 2462
4 1589 2503 122 2675
4 476 396 399 2605
4 1848 1274 1952 2421
4 1536 1759 2396 2592
4 1034 812 2624 3059
4 2286 2495 2197 2705
4 2563 2817 2191 2998
4 845 2270 785 2588
4 858 2486 2375 2679
4 1151 1153 2600 2930
4 515 2583 543 2619
4 2323 2707 2353 2867
4 1140 1044 722 2566
4 2219 2624 2467 2665
4 1790 1486 54 2468
4 404 380 652 2600
4 2208 2474 2448 2584
4 1304 1305 1281 2962
4 59 2372 2516 2973
4 2255 2768 2643 3017
4 21 2061 1455 2528
4 2249 2777 2455 2832
4 1643 2554 2368 2919
4 1942 1993 619 2403
4 2031 2007 2043 2912
4 1241 376 631 2769
4 1791 2724 2453 2869
4 2174 2303 2728 3003
4 1887 2621 1779 2706
4 1232 1116 2795 2824
4 1095 2863 1182 3050
4 1290 2441 447 2929
4 2287 2390 2258 2656
4 2206 2344 2392 2714
4 2367 2395 2306 2601
4 2323 2415 2155 2428
4 2264 2339 790 2975
4 29 2063 28 2593
4 25 2063 24 2593
4 1296 530 2449 2737
4 1495 1672 2344 2952
4 1015 2572 1203 2635
4 901 982 943 2523
4 865 2510 2303 2958
4 740 2291 2751 3038
4 2198 2362 2274 2434
4 2274 2362 2159 2434
4 502 1827 537 2737
4 893 892 891 2333
4 968 625 2821 3021
4 2252 2755 1090 2937
4 798 2375 858 2486
4 2177 2351 2514 2803
4 2182 2426 2310 2819
4 2318 2680 2590 2806
4 1534 2592 2294 2748
4 1012 1209 908 3019
4 1704 2720 2482 2995
4 1802 1988 1938 2663
4 2308 2570 2211 2601
4 1558 1506 2831 2881
4 695 2502 732 2606
4 12 9 2270 3049
4 2315 2377 2247 2711
4 366 403 656 2766
4 930 895 1050 2257
4 1545 2492 1769 2675
4 1573 1596 2453 2806
4 2146 2664 2328 2743
4 2188 2327 2672 3039
4 2378 2502 1092 2640
4 1172 642 401 2658
4 98 2487 2116 2895
4 2287 2162 2596 2953
4 1607 1765 1491 2533
4 1274 2519 2421 2869
4 2256 2467 2219 2624
4 2176 2431 2336 2733
4 2252 2542 795 2879
4 877 875 2425 2866
4 1050 930 2257 2598
4 2267 2512 706 2566
4 2184 2337 2473 2476
4 520 2673 2498 2823
4 737 986 2595 2935
4 2430 2923 933 2985
4 2220 2598 2437 3043
4 2281 2331 2180 2564
4 1096 1220 1097 2408
4 604 589 586 2741
4 2030 1998 2009 2496
4 2227 2622 2596 3048
4 1402 1400 1401 2472
4 1345 2320 1344 2909
4 2270 2383 2234 3019
4 2142 2321 2299 2809
4 736 1145 2337 2887
4 1328 2431 1327 2541
4 826 827 828 2787
4 891 2444 2333 2855
4 2177 2692 2322 2701
4 116 2493 2805 2874
4 1709 1690 1685 2625
4 1928 1874 2011 2382
4 815 846 2370 2959
4 366 2283 391 2766
4 709 2445 1108 2672
4 1156 652 380 2600
4 1820 447 1290 2441
4 1058 2324 1199 2538
4 2308 2181 2364 2796
4 1973 1972 2213 2978
4 2422 2313 2859 3002
4 1399 1329 1725 2541
4 1329 1328 1327 2541
4 2306 2698 1733 2748
4 2216 2644 2503 2688
4 594 566 552 2648
4 2243 721 2789 2924
4 1704 1868 2846 2995
4 8 1493 2050 2527
4 2254 2882 2452 2925
4 2219 2602 2624 3059
4 1693 2552 1396 2828
4 30 31 1496 2545
4 396 398 399 2507
4 1504 1682 2610 2983
4 936 2563 2323 3032
4 707 2267 709 2672
4 376 425 438 2769
4 967 1167 2438 2504
4 2251 2599 2330 2979
4 2363 2760 89 3057
4 1391 1652 2433 2771
4 2561 2618 2222 2757
4 2200 2457 2239 2597
4 1281 2369 1551 2897
4 2150 2806 2506 2885
4 968 2821 2438 3021
4 863 864 865 2303
4 357 2507 617 2605
4 1025 1093 864 2728
4 999 2643 677 2768
4 2341 2240 2703 2843
4 1506 2301 2831 2881
4 862 2539 2259 2824
4 34 2440 1321 2649
4 2215 2373 2293 2604
4 2291 2144 2433 2947
4 740 2291 2705 2935
4 961 914 953 2351
4 584 2591 582 2886
4 2298 2336 2176 2431
4 1137 2631 2295 2830
4 1043 894 991 2246
4 1374 2371 2415 2702
4 619 2403 1993 2986
4 824 853 822 3006
4 850 1137 2295 2830
4 1636 2332 1638 2565
4 1528 2390 80 2656
4 587 583 2340 2886
4 2363 2778 2319 2847
4 2302 2576 2226 2805
4 2306 2367 2141 2395
4 60 61 2618 2853
4 2195 2350 2324 2845
4 1524 2526 1522 2781
4 1317 2666 2263 2862
4 2241 2350 2436 2734
4 2206 2392 2344 2525
4 2285 2485 2193 2640
4 873 2770 1057 2866
4 858 2375 798 2679
4 2407 2416 2201 2728
4 2308 2697 1367 2733
4 1032 1031 2624 2796
4 937 2530 939 2817
4 2164 2509 2373 2676
4 1817 402 1262 2970
4 19 2313 17 2521
4 662 663 664 2660
4 61 1602 1604 2853
4 2348 2235 2513 2924
4 1037 2478 2310 2841
4 2350 2770 2324 2845
4 107 2323 2415 3005
4 2188 2672 2493 2838
4 1625 1544 2582 2747
4 1755 2716 2489 2763
4 499 550 525 2351
4 2272 2156 2790 2909
4 1501 2380 1713 2890
4 885 2532 1079 2856
4 890 892 2333 2855
4 2433 2771 2183 2888
4 1048 2510 2329 2762
4 1306 1304 2342 2962
4 2321 2440 2171 2862
4 784 940 1130 2645
4 2243 2391 2348 2924
4 1699 2589 1262 2970
4 2015 2240 1951 2757
4 1000 858 1004 2679
4 1486 2468 1626 2471
4 1379 1733 2306 2698
4 1461 2317 1460 2626
4 1343 2420 1341 2520
4 1517 1718 2407 3037
4 2331 2463 2281 2807
4 41 2450 2370 3052
4 1919 2410 628 2811
4 2274 2362 2198 2787
4 2157 2290 2383 2786
4 926 2581 792 2873
4 2373 2676 2509 2793
4 1293 1889 364 2644
4 1391 1423 1652 2888
4 669 670 668 2413
4 1305 2756 2369 2962
4 422 2604 2722 2795
4 1869 2712 2543 2961
4 2306 2367 2211 2820
4 63 2514 2322 2701
4 789 778 779 2264
4 1128 1118 726 2323
4 2180 2564 2439 2820
4 687 2570 686 2847
4 2174 2435 2303 3003
4 974 2473 2337 2783
4 2200 2427 2346 2456
4 2222 2583 2341 2853
4 2217 2442 2300 2449
4 2408 2480 2349 2729
4 794 792 2581 2944
4 1347 2335 1349 2801
4 2179 2239 2393 2731
4 1316 1314 1384 2476
4 1445 2055 2315 2710
4 2019 1301 1881 2561
4 2368 2520 2202 2781
4 1660 2051 13 2508
4 900 2251 844 2699
4 1167 968 967 2438
4 1201 920 2448 2636
4 472 453 431 2427
4 12 2710 2508 3049
4 1704 1867 2720 2846
4 2190 2714 2358 3034
4 732 695 1084 2502
4 2363 2544 2760 3057
4 1199 2324 912 2845
4 656 403 633 2766
4 73 1576 2356 2810
4 61 1604 1768 2853
4 2336 2181 2385 2686
4 1367 1332 2308 2733
4 102 2327 1381 3026
4 1921 1984 2663 2700
4 1558 2831 2477 2881
4 2150 2782 2372 2902
4 2211 2601 2306 2698
4 1118 724 2707 2867
4 520 519 2673 2823
4 1247 2443 591 2758
4 1288 2398 1876 2690
4 1765 2533 2475 2999
4 2422 2765 1132 2809
4 1412 1405 2282 2683
4 1696 1582 1697 2302
4 2111 2374 88 2760
4 2143 2570 2308 2601
4 2291 2549 2197 2935
4 65 64 2475 2999
4 2430 2776 932 2949
4 775 858 798 2679
4 775 798 2375 2679
4 1371 2822 1687 2968
4 2151 2309 2385 2903
4 2350 2357 2324 2653
4 2341 2583 2223 2853
4 2148 2580 2246 2643
4 1128 753 2428 2940
4 1699 2441 2589 2970
4 2156 2320 2285 2485
4 643 1215 1097 2480
4 2273 2359 2179 2419
4 2210 2325 2534 2608
4 2162 2622 2596 2931
4 1476 2417 1474 2840
4 2203 2380 2307 2682
4 2320 2420 1344 2909
4 658 2462 2283 2740
4 2318 2885 2150 2902
4 1168 1127 1237 2879
4 599 2568 595 2635
4 1979 2585 1984 3042
4 1012 908 796 2270
4 2183 2633 2352 2888
4 1643 2656 2554 2919
4 2616 2701 1601 2719
4 92 2284 2260 2813
4 2195 2459 2416 3023
4 641 1095 1182 3050
4 1497 2328 2649 2810
4 490 429 2499 2639
4 1753 1355 98 2327
4 2159 2380 2274 2434
4 657 658 656 2283
4 1697 2302 1582 2642
4 2508 2663 2234 2700
4 2181 2309 2610 2983
4 1939 1997 1818 2627
4 2269 2555 772 2803
4 2329 2567 2193 2594
4 529 528 2449 2829
4 2290 2586 2786 3012
4 1791 2453 1600 2519
4 726 1118 724 2707
4 23 2248 19 2565
4 2236 2517 2475 2876
4 1136 2422 2286 2739
4 1952 2421 1274 2519
4 1647 1325 2071 2932
4 80 2554 1643 2656
4 746 2785 989 2955
4 1546 2701 62 3010
4 1603 2522 1604 2853
4 375 1822 2432 2761
4 115 2646 2244 2712
4 904 2444 1173 2991
4 1831 26 2062 2559
4 388 2342 2462 3021
4 1064 1224 1063 2959
4 1017 747 1109 2913
4 108 2127 109 2621
4 110 2127 111 2621
4 964 2451 2262 2899
4 2185 2360 2282 2414
4 1808 2608 2342 2799
4 481 426 364 2644
4 388 2799 2342 3021
4 2548 2206 2934 2981
4 1795 1620 2409 2825
4 559 608 587 2347
4 2356 2476 2337 2990
4 1712 2615 2382 2857
4 2331 2564 2463 2807
4 2186 2473 2337 2476
4 1934 1945 2732 2788
4 1371 1686 1687 2822
4 1480 50 2446 2641
4 1734 88 2111 2374
4 2408 2140 2713 3006
4 2093 69 1548 2573
4 2304 2454 2611 2913
4 2399 35 2649 3000
4 704 706 2512 2566
4 1591 2092 1594 2490
4 2465 2741 2542 2884
4 1290 375 1822 2432
4 1360 1359 1361 2691
4 1573 1430 1571 2806
4 1457 1456 1458 2578
4 633 403 367 2766
4 2143 2395 2367 2601
4 2314 2533 1607 2791
4 2193 2387 2329 2738
4 2291 2433 2247 3038
4 2323 2563 936 2867
4 2498 2673 2209 2823
4 428 2556 2238 2639
4 2150 2725 2414 2902
4 660 2325 966 2821
4 2417 2713 2274 2787
4 1577 1767 1617 2455
4 1254 942 946 2523
4 2302 2510 2226 2762
4 1729 2336 1781 2431
4 1780 1633 2677 2754
4 2307 2682 822 2977
4 466 393 2411 2799
4 2142 2677 2422 2880
4 76 2246 2664 2695
4 73 2664 2246 2695
4 2299 2321 2142 2654
4 2150 2885 2506 2902
4 1957 2345 1955 2488
4 2144 2630 2291 2751
4 2171 2299 2321 2595
4 2298 2686 2336 2955
4 2223 2616 2522 2719
4 978 932 2776 2949
4 2161 2756 2283 3013
4 2286 2321 2495 2754
4 828 2280 827 2808
4 2264 2587 789 2773
4 2219 2358 2317 2578
4 2439 2564 2180 2858
4 485 397 446 2276
4 2077 1468 46 2553
4 1161 2517 2466 3062
4 587 583 581 2340
4 1930 2289 1175 3012
4 1525 2109 86 2526
4 1457 1751 1455 2637
4 1819 2589 2366 2970
4 1699 1262 2441 2970
4 1603 1604 2616 2853
4 1845 2496 2405 2627
4 2319 2624 2181 2796
4 1819 2366 1262 2970
4 1118 2323 936 2867
4 785 845 796 2270
4 1285 1840 1706 2357
4 428 2238 423 2639
4 12 2377 2270 2861
4 899 785 773 2277
4 1466 2524 1720 2870
4 1306 1808 1308 2608
4 786 2269 772 2803
4 1669 1736 16 2398
4 1349 1350 1348 2335
4 2414 2725 764 2902
4 699 700 701 2470
4 1018 2326 744 2630
4 574 2466 573 2517
4 827 2280 826 2713
4 537 2499 517 2737
4 1680 1786 1679 2697
4 1389 2670 2379 2947
4 2382 2615 1712 2951
4 864 862 1025 2539
4 2552 2828 2160 2918
4 353 641 1182 2928
4 2243 2185 2447 2797
4 409 2459 410 2987
4 634 1962 2827 2852
4 977 2776 896 2797
4 2416 2745 2241 2845
4 617 357 1174 2507
4 1647 2328 1691 2932
4 1843 2340 2559 2659
4 2148 2337 2356 2580
4 1819 1262 2589 2970
4 2301 2633 2183 2888
4 2308 2575 2364 2733
4 2398 2577 1873 2694
4 1058 912 1199 2324
4 1396 2386 100 2629
4 848 1148 972 3041
4 116 2805 2259 2874
4 454 2400 471 2897
4 1867 1991 1263 2720
4 2286 2705 986 2739
4 2431 2541 39 2932
4 2585 2663 2234 2954
4 2151 2381 2785 2955
4 1028 1173 904 2444
4 2057 20 21 2398
4 1498 2338 1785 3060
4 2317 2365 2358 2665
4 621 2466 557 2741
4 1306 2342 2756 2962
4 2308 2601 1332 2916
4 1668 2135 125 2550
4 2171 2299 2399 3000
4 963 2262 964 2930
4 1337 2395 91 2544
4 2260 2284 92 3022
4 766 764 2414 2725
4 862 922 2539 2824
4 2652 2759 2490 3028
4 97 2552 96 2625
4 355 1814 466 2411
4 2499 2500 2212 2639
4 2200 2402 2346 2492
4 1954 1956 2005 2349
4 2356 2455 2186 2908
4 1497 1647 2328 2810
4 2194 2532 2276 2726
4 1016 1159 1168 2443
4 1015 1203 1013 2515
4 1990 628 1919 2410
4 1317 1363 1621 2263
4 1919 628 1226 2811
4 894 928 991 2580
4 818 2312 1072 2617
4 1487 2471 2460 2875
4 723 2362 2469 2906
4 52 2448 2814 2882
4 100 2828 2552 2918
4 1502 2524 1462 2626
4 1112 2348 1068 2982
4 997 1092 758 2640
4 2309 2578 2163 2602
4 2219 2578 2309 2602
4 450 1825 1265 2761
4 2323 2371 2155 2415
4 2374 2634 1397 3027
4 879 907 881 2596
4 597 567 1248 2635
4 1306 2608 1308 2756
4 609 578 611 2876
4 1090 2252 795 2755
4 1902 1284 2652 2876
4 2382 2709 1878 2857
4 1571 2590 1596 2806
4 1414 2683 2237 2747
4 644 1212 1213 3036
4 2286 2352 2183 2739
4 684 2570 685 2989
4 900 2599 2251 2699
4 979 2296 977 2723
4 1948 2389 1946 2852
4 364 424 428 2644
4 2140 2424 2744 2988
4 520 545 519 2823
4 2280 2713 2417 2787
4 524 2449 528 2673
4 1534 2294 1533 2748
4 2590 2680 2245 2806
4 1930 2036 1989 2693
4 1583 2273 1757 2892
4 2285 2335 2182 2470
4 968 967 2504 2821
4 2181 2308 2364 2733
4 2168 2691 2629 3044
4 1801 2579 2400 2897
4 1898 2737 1747 2849
4 691 2571 2311 2993
4 2280 2417 2140 2491
4 536 506 1943 2561
4 459 2400 489 2600
4 2243 2723 2288 2789
4 2376 2534 2325 2608
4 2201 2543 2458 2712
4 1736 2398 1873 2694
4 1844 1813 581 2340
4 1951 2757 2240 2834
4 2363 2562 2145 2778
4 12 2055 13 2710
4 1486 54 2468 2471
4 721 2243 2797 2924
4 1535 2551 2294 2592
4 1820 2441 1290 2929
4 562 588 605 2533
4 1204 1940 639 2730
4 2175 2396 2331 2592
4 1010 2493 733 2672
4 1784 1780 2677 2754
4 2152 2501 2492 2721
4 41 2370 2271 3052
4 2359 2393 2179 2913
4 1534 1641 2592 2748
4 1040 2751 2247 3038
4 11 2277 2861 2907
4 728 727 2353 2611
4 1594 2490 2475 2652
4 12 2315 2055 2710
4 2113 1339 94 1731
4 1096 823 2424 3006
4 1890 2300 1592 2449
4 1281 1305 1551 2369
4 1133 2298 678 2883
4 941 2264 790 2975
4 92 2420 93 2634
4 2285 2156 2640 2812
4 2317 2358 2219 2665
4 1694 2683 2453 2724
4 2274 2140 2417 2890
4 115 2303 113 2435
4 638 448 382 2437
4 53 1568 1749 2474
4 1341 2368 1731 2520
4 431 480 2346 2456
4 1426 1670 2501 2667
4 2233 2623 2490 3028
4 443 2292 1271 2905
4 2293 2581 1235 2873
4 353 1182 2863 2928
4 2186 2376 2473 2850
4 2391 2447 1653 3044
4 2353 2513 2235 2798
4 1982 2290 1981 2700
4 788 848 1147 2599
4 2227 2596 2622 2931
4 2041 1914 1958 2345
4 2344 2709 2190 2952
4 777 795 1090 2252
4 2175 2406 2551 2592
4 412 2357 414 2538
4 1120 1188 956 2341
4 1405 1760 2472 2747
4 2190 2317 2365 3034
4 94 2115 95 2420
4 2434 2612 2362 2822
4 1101 837 2254 2448
4 670 673 981 2413
4 1763 1574 1442 2793
4 2190 2358 2317 3034
4 1251 557 621 2466
4 2110 1338 90 2544
4 921 1201 951 2730
4 1643 2368 1398 2919
4 104 2415 105 2557
4 1428 2067 30 2545
4 2492 2501 2152 2675
4 2281 2463 2331 2564
4 2117 101 1692 2552
4 1665 2419 2731 2992
4 770 771 747 2913
4 1078 822 2682 2977
4 2280 2713 827 2818
4 1877 2637 2525 2690
4 1505 2332 1636 2565
4 986 1136 2286 2739
4 2209 2498 2300 2673
4 1291 1863 2005 2846
4 552 590 1896 2568
4 1422 2315 14 2613
4 1659 1361 1359 2419
4 2281 2564 2180 2698
4 2144 2252 2780 2937
4 2359 2179 2798 2913
4 1152 1151 2600 2930
4 978 932 976 2776
4 718 2595 983 2809
4 2371 2651 2235 2992
4 2502 2606 2202 3061
4 1021 2242 1228 2981
4 2236 2475 2893 2946
4 20 2528 2061 2637
4 930 931 929 2598
4 729 2329 1047 2594
4 1239 2645 2531 3046
4 2015 2048 1951 2827
4 1295 2663 2508 2700
4 2179 2651 2304 2731
4 1288 1999 2577 2877
4 2404 2883 2298 3058
4 889 905 2546 2856
4 2154 2329 2762 2966
4 1312 1622 2476 2908
4 966 2504 967 2821
4 1228 1021 1225 2242
4 2321 2171 2666 2862
4 379 2400 1300 2547
4 1745 2744 1744 2943
4 630 553 2443 2591
4 2384 2439 2180 2858
4 848 2599 2388 3041
4 2325 2376 2186 2534
4 2446 2641 2173 3040
4 2184 2476 2473 2850
4 390 2411 2799 3021
4 2282 2360 2185 2472
4 358 1833 1271 2750
4 2150 2318 2806 2885
4 2170 2237 2582 2994
4 853 1078 822 2682
4 2178 2443 2755 2907
4 742 2751 2630 2780
4 2367 2395 2143 2571
4 2398 2637 1561 2690
4 1448 1447 1424 2633
4 2194 2276 2532 2605
4 1225 2242 1021 2746
4 1183 2465 958 2741
4 2274 2417 2198 2434
4 2263 2666 2418 2868
4 894 928 2580 2967
4 1146 1018 741 2630
4 389 387 366 2283
4 2202 2397 2316 3061
4 1270 2494 518 2706
4 2248 2785 2381 3047
4 61 1768 2618 2853
4 2161 2608 2342 2756
4 51 55 2295 2338
4 1953 1949 2638 2730
4 2207 2357 2324 2668
4 2329 2387 2193 2567
4 1009 2456 2402 2560
4 1628 1789 2386 3030
4 570 572 2628 3028
4 1898 2556 2499 2849
4 1951 2788 2240 2827
4 104 1411 2415 2557
4 1566 1479 1754 2446
4 1175 1214 945 2693
4 2157 2383 2290 2710
4 1559 2477 1834 2881
4 1844 1907 1813 2340
4 1902 2475 1809 2876
4 945 2693 1217 2914
4 2129 1758 112 2576
4 123 2501 2134 2675
4 2330 2153 2825 2945
4 859 1010 2401 2493
4 2294 2406 2180 2592
4 2168 2483 2445 2629
4 2450 2718 2370 3052
4 671 2418 737 2595
4 681 2463 679 2872
4 2169 2521 2352 2633
4 1414 1623 1624 2994
4 1296 494 1812 2449
4 1835 504 2494 2673
4 1347 1346 2485 2801
4 2565 2677 2142 2880
4 2389 1198 2638 2985
4 2023 1952 2022 2421
4 33 2332 1635 2654
4 2105 1643 80 2554
4 2146 2328 2768 3017
4 2490 2623 2236 3028
4 85 1526 2105 2554
4 15 2315 2377 2613
4 2304 2651 2172 2871
4 1040 2377 797 2711
4 1635 2332 1633 2654
4 2084 55 52 2254
4 2183 2352 2286 2495
4 93 2420 1342 2634
4 2308 2364 2211 2570
4 776 798 799 2375
4 2358 2365 2317 3034
4 1135 2385 1134 2955
4 828 2787 2280 2808
4 2285 2182 2335 2801
4 718 674 2299 2860
4 2430 2460 2170 2923
4 1315 1313 1314 2484
4 774 797 1040 2377
4 2320 1345 2485 2909
4 1044 1140 1045 2250
4 1900 521 1283 2719
4 2184 2263 2620 2868
4 39 2072 35 2255
4 2044 2403 1994 2986
4 1135 2381 2785 3047
4 379 1300 463 2547
4 1922 2290 1280 2708
4 2253 2153 2678 3041
4 2394 2476 2184 2753
4 1081 719 2364 2686
4 2265 2699 2465 2979
4 2550 2574 1586 2835
4 1010 2401 2493 2838
4 2260 2535 749 3014
4 2296 2776 2170 2949
4 737 2595 2418 2935
4 51 2305 49 2446
4 452 449 2437 2864
4 1706 1847 1560 2357
4 2354 2173 2641 3040
4 2422 2880 2313 3002
4 765 782 783 2902
4 79 2102 75 2257
4 9 2954 2270 3049
4 1050 2598 2257 2991
4 691 689 2571 2993
4 1595 1611 66 2579
4 2244 115 2712 3003
4 2580 2643 2148 2887
4 1821 1552 1699 2441
4 81 2554 80 2656
4 682 1081 719 2364
4 1166 394 625 3021
4 1896 590 1297 2568
4 706 2267 2566 3011
4 1875 2482 2423 2718
4 1528 1530 2390 2656
4 2230 2487 2426 2895
4 1084 1092 2502 2640
4 1628 3030 2386 3044
4 2335 2485 2285 2801
4 1430 2516 1571 2806
4 2146 2743 2328 2932
4 776 800 2739 2859
4 553 2443 2591 2886
4 657 2283 656 2766
4 1927 1263 1991 2720
4 401 642 359 2658
4 2244 2661 2539 3003
4 1421 1422 14 2613
4 2171 2321 2299 2440
4 1020 1001 2334 2650
4 1750 2474 1852 2839
4 2244 2201 2661 3003
4 1170 619 1993 2986
4 1345 1346 1344 2320
4 2190 2709 2392 2969
4 1757 1665 1659 2419
4 2170 2468 2452 2882
4 2201 2543 2244 2661
4 1396 2386 1792 2828
4 1791 1600 1846 2519
4 2367 2570 2211 2820
4 1203 2572 654 2585
4 795 777 787 2542
4 1457 1495 1751 2344
4 44 2511 2079 2995
4 1792 2386 1789 3030
4 2150 2453 2683 2724
4 1708 2292 1271 2750
4 896 2797 2776 2982
4 2477 2496 2192 2831
4 2140 2274 2417 2713
4 2229 2704 510 3046
4 121 2264 2297 3015
4 971 2779 2278 2899
4 2422 2739 800 2859
4 733 709 1108 2672
4 107 2998 2323 3005
4 2587 2675 2152 3015
4 825 827 2713 2818
4 2132 119 116 2259
4 517 516 507 2500
4 833 2558 2305 2687
4 627 455 361 2661
4 730 677 2404 2768
4 790 941 789 2264
4 409 356 410 2459
4 736 2413 981 2887
4 848 1147 2599 3041
4 56 1571 1431 2516
4 1331 1329 1399 2575
4 2357 2538 412 2987
4 889 887 905 2856
4 1081 2364 682 2686
4 2298 2785 2275 2883
4 1041 828 2808 2841
4 2144 2670 2593 3055
4 2372 2632 2516 2973
4 1829 2276 2537 2996
4 2530 2817 2261 3045
4 1950 2788 1962 2852
4 804 803 2279 3002
4 73 2099 72 2664
4 2202 2520 2272 2781
4 1716 2702 2472 2976
4 677 675 2255 2643
4 1152 1253 947 2623
4 2257 2444 893 2991
4 92 89 2114 2260
4 2175 2551 2546 3063
4 655 1244 1250 2639
4 2368 2202 2554 2781
4 905 2507 2546 2856
4 2313 2422 2169 2880
4 2378 2436 2272 2790
4 1496 1795 1620 2409
4 2277 2377 15 2861
4 816 817 2917 3007
4 965 2779 971 2899
4 800 802 2422 2859
4 673 674 675 2399
4 2143 2412 2363 2544
4 745 986 2705 2739
4 2787 2808 828 2841
4 2274 2198 2417 2787
4 1939 2577 1997 2627
4 1658 2576 117 2657
4 2304 2501 2152 2721
4 871 2770 2241 2845
4 468 1903 603 2547
4 1135 856 1134 2385
4 669 715 2418 2620
4 1461 2317 2615 2857
4 2357 2538 2324 2668
4 2214 2484 2253 2775
4 2197 2595 2286 2935
4 2197 2418 2263 2666
4 1573 1571 1596 2806
4 1339 1731 2113 2368
4 2310 2426 2230 2819
4 1523 86 1557 2526
4 410 2459 411 2987
4 2250 2918 2727 3011
4 2445 2629 2483 3039
4 82 2104 1529 2390
4 815 2365 2959 3007
4 1503 2077 42 2553
4 2059 1638 22 2565
4 2195 2357 2350 3037
4 2527 2568 2204 2774
4 1698 1552 78 2589
4 89 2111 88 2760
4 694 749 2535 3014
4 1370 96 1788 2625
4 2193 2594 2285 2640
4 61 2616 1602 2853
4 658 657 659 2740
4 1900 1651 498 2461
4 2293 2427 2200 2456
4 2074 41 40 2450
4 515 506 2561 2619
4 2140 2417 2280 2713
4 2003 1940 1204 2584
4 2322 2187 2632 2938
4 2143 2363 2319 2847
4 2392 2709 1970 2969
4 1003 1252 525 2531
4 738 2549 741 2630
4 623 2505 1060 2715
4 1309 2355 1307 2756
4 357 483 1174 2507
4 111 110 2574 2835
4 1537 2551 1535 2592
4 1716 1400 2472 2702
4 1131 2530 940 2645
4 2363 2412 2145 2760
4 2541 3017 2404 3058
4 107 111 2126 2261
4 2103 78 1539 2614
4 1132 2422 802 2765
4 1672 2857 2709 2952
4 2282 2414 2237 2747
4 2537 2905 2227 2928
4 1357 102 1381 3026
4 1628 1792 1789 3030
4 1372 2371 1374 2702
4 1166 382 394 2438
4 1609 2461 1601 2701
4 2405 2529 2192 3031
4 2216 2402 2346 2560
4 419 2715 456 2750
4 2065 1490 1436 2330
4 2376 2608 2161 2904
4 724 728 727 2353
4 438 631 376 2769
4 2146 2404 2541 3017
4 2335 2470 2285 2594
4 803 805 804 2279
4 2300 2449 1890 2673
4 1528 80 1643 2656
4 746 2275 2785 2883
4 2196 2430 2725 2985
4 2323 2563 2261 3032
4 2178 2347 2340 2886
4 471 454 379 2400
4 2370 2718 2189 3052
4 1685 1407 2426 2612
4 1411 1401 2415 2557
4 2536 2956 2189 2959
4 1786 2256 1680 3056
4 1644 1524 1522 2781
4 1372 1374 1365 2702
4 1964 2045 2561 2757
4 2290 2586 2383 2786
4 2223 2583 2341 2865
4 851 2631 1137 2830
4 2245 2506 2453 2806
4 96 2117 1692 2552
4 502 1811 1827 2737
4 2046 2648 1938 2663
4 2629 2691 1360 3044
4 2297 2172 2611 2936
4 865 2303 864 2958
4 736 2337 974 2894
4 1310 2608 2376 2904
4 1764 1883 2373 2604
4 675 2399 2255 2643
4 2244 2543 2712 2961
4 2000 2609 640 2684
4 365 1279 430 2842
4 1980 1982 1981 2700
4 809 3001 2358 3059
4 668 2620 2413 2894
4 2379 2197 2889 2980
4 546 529 528 2449
4 2101 1698 78 2589
4 2169 2422 2313 2859
4 2506 2806 2245 2885
4 2169 2529 2375 2859
4 1653 2447 2391 2976
4 1471 2511 1473 2744
4 2428 2854 105 2938
4 1892 2499 1898 2556
4 752 1112 754 2360
4 1544 1624 2582 2747
4 728 2611 2353 2867
4 890 2331 888 2855
4 518 2494 547 2706
4 1613 1548 2573 2825
4 2359 2513 713 2798
4 407 2905 2537 2928
4 1689 1684 2612 2840
4 1014 649 2635 2758
4 2258 2390 1530 2656
4 71 2096 67 2262
4 930 2598 929 2967
4 1696 1377 2567 3016
4 413 2772 2357 2987
4 2180 2406 2384 2858
4 2154 2762 2642 2933
4 752 2360 754 2940
4 1646 1834 1859 2710
4 816 2917 2617 3007
4 1848 1599 2869 3033
4 41 2826 2271 2942
4 2302 2435 2174 2964
4 786 784 772 2269
4 1805 1306 1304 2342
4 2324 2357 2195 2538
4 714 717 716 2513
4 1978 2013 643 2729
4 2317 2365 2167 2615
4 2261 2854 2323 3032
4 1293 1891 2503 2556
4 1156 2540 1152 2600
4 1026 2655 627 2661
4 829 2429 2687 2920
4 2630 2751 2144 2780
4 2183 2375 2301 2679
4 970 2678 2253 2775
4 1889 1293 1771 2503
4 2307 2960 47 2988
4 478 441 421 2244
4 2452 2727 2295 2925
4 12 15 2377 2861
4 2284 2469 2159 2906
4 2398 2577 2242 2877
4 1197 2403 2529 2914
4 2177 2461 2351 2531
4 2251 2523 2742 2899
4 2322 2514 2177 2701
4 1621 1317 2263 2753
4 2324 2350 2147 2770
4 684 685 683 2989
4 1034 812 1138 2624
4 1754 1860 1566 2716
4 1030 2570 2319 2847
4 905 1176 2507 2856
4 1019 2529 799 2914
4 2443 2591 2178 2879
4 2138 121 123 2264
4 1500 2612 1684 2840
4 1019 799 798 2914
4 497 1245 534 2619
4 1860 2716 1755 2763
4 1786 2610 2256 2626
4 1104 2959 2365 3034
4 2059 18 1505 2565
4 1810 2652 580 2759
4 986 983 2595 2809
4 888 2406 2331 2858
4 707 708 709 2267
4 39 2541 2431 3058
4 36 2298 2431 2669
4 43 42 2553 2870
4 1972 1927 1973 2720
4 786 2645 2269 2803
4 2356 2186 2476 2908
4 2353 2371 2172 2651
4 940 2530 1130 2645
4 1601 2461 1609 2719
4 971 1149 2678 2779
4 829 2808 2429 2920
4 2300 2334 2217 3024
4 85 2554 2105 2781
4 1239 1002 2531 2645
4 867 2745 2329 2958
4 17 2521 2313 3009
4 686 687 685 2570
4 2296 2452 2160 2723
4 2370 2815 1062 2917
4 597 1248 649 2635
4 1495 2344 1457 2952
4 365 426 481 2842
4 1374 2371 1766 2415
4 454 1300 379 2400
4 988 985 2765 3051
4 1270 518 496 2706
4 608 2347 585 2886
4 1334 1332 2601 2916
4 1204 639 1201 2730
4 1767 2476 2356 2990
4 876 996 874 2866
4 877 876 875 2866
4 1584 2871 2481 3005
4 1426 1383 1670 2667
4 1290 447 2432 2929
4 2364 2686 719 2796
4 1411 1401 1776 2415
4 937 2261 1130 2530
4 2318 2245 2680 2806
4 1537 1539 2497 2614
4 587 2347 608 2886
4 1184 907 1059 2505
4 1674 2646 1673 2712
4 1994 2034 1995 2684
4 662 966 660 2325
4 1047 2594 2329 2738
4 982 964 2262 2899
4 1627 1626 2468 2582
4 2709 2857 2190 2952
4 2389 2506 2245 2885
4 2278 2161 2451 3013
4 706 708 2267 3011
4 1286 1815 2411 2941
4 2294 2551 2406 2592
4 44 41 2271 3052
4 926 794 792 2581
4 711 2445 710 2974
4 2194 2276 2605 2761
4 809 2714 2358 3001
4 2506 2885 925 2902
4 2196 2725 2506 2985
4 1587 2621 111 2926
4 2542 2741 2231 2884
4 1223 2392 1913 2811
4 388 2342 387 2462
4 1606 2559 2314 2791
4 1033 856 1034 2385
4 2241 2436 2387 2734
4 2313 2169 2521 2880
4 1068 2797 2348 2924
4 2433 2613 2247 2771
4 962 1171 2437 2598
4 2167 2365 2317 2665
4 821 2972 2424 3035
4 1017 2359 713 2798
4 2680 2703 2240 2843
4 95 2284 92 2813
4 817 2370 1062 2917
4 32 2068 33 2440
4 643 2569 1978 2729
4 2315 2247 2613 2771
4 123 2688 127 2848
4 1691 2328 1647 2664
4 2425 2505 2268 2900
4 1280 1922 1803 2700
4 1545 1762 1769 2492
4 2077 2553 46 2960
4 1081 1033 719 2686
4 863 1110 861 2493
4 1413 2516 1412 2632
4 2256 2626 2524 3056
4 2277 2755 2588 2907
4 2209 2300 2498 2650
4 1030 2319 2570 2796
4 1042 851 1137 2830
4 1563 62 1546 2701
4 1180 1248 567 2635
4 1902 1809 1284 2876
4 1039 853 1065 2682
4 375 395 1822 2761
4 1789 1628 2386 3044
4 1631 1366 1632 2654
4 720 1052 2363 2847
4 31 2066 27 2265
4 789 941 1122 2587
4 866 2416 2745 2958
4 1647 2328 1639 2664
4 1800 2490 1901 2759
4 2499 2556 2212 2849
4 910 911 945 2486
4 1132 800 802 2422
4 2179 2393 2273 2731
4 1382 1670 2304 2721
4 1705 1838 1706 2653
4 2454 2736 2152 2773
4 2251 2699 2599 2979
4 1284 556 2652 2876
4 41 2370 2450 2942
4 1542 2099 77 2664
4 1940 2584 2004 2730
4 1790 1484 1498 2338
4 59 63 2090 2266
4 2380 2274 2434 2890
4 2156 2485 2285 2640
4 2365 2959 2410 3034
4 1951 2048 2788 2827
4 1335 2395 1336 2544
4 569 468 603 2547
4 73 2356 1576 2832
4 75 2102 73 2695
4 76 2102 79 2695
4 2120 99 103 2267
4 2161 2283 2451 3013
4 1973 1974 1972 2978
4 805 2279 803 2981
4 2306 2395 2141 2919
4 1065 2274 2713 2787
4 868 866 2416 2745
4 826 2713 2280 2787
4 87 2108 83 2268
4 1487 1486 1626 2471
4 1767 2476 1622 2908
4 713 2513 2359 2974
4 809 847 2358 2714
4 1447 2633 2405 2831
4 2183 2495 2286 2705
4 2247 2183 2679 3038
4 2253 2484 2184 2775
4 72 2099 1542 2664
4 2300 2217 2498 3024
4 1446 1506 2301 2831
4 2363 2571 688 2847
4 2239 2731 1419 2784
4 2233 2600 2836 2930
4 2499 2212 2556 2639
4 2932 3017 2541 3058
4 2533 2791 2166 2999
4 64 2093 1549 2573
4 2235 2391 2348 2702
4 1562 1650 1609 2701
4 569 570 564 2540
4 36 2073 37 2431
4 2286 2422 2352 2739
4 2092 2490 67 3004
4 2370 2959 2365 3007
4 1363 1621 2263 2889
4 405 2540 380 2600
4 943 2623 2262 2930
4 2508 2663 1853 2774
4 2226 2642 2762 2933
4 1024 1150 2392 2714
4 102 1355 1381 2327
4 677 678 679 2404
4 2307 2511 2960 2988
4 805 2548 2279 2981
4 817 2370 2917 3007
4 2527 2568 1662 2833
4 1892 1303 1898 2499
4 746 989 1133 2955
4 1472 1473 1471 2511
4 2271 819 2815 2917
4 2244 2655 2539 2661
4 2151 2336 2298 2669
4 421 2655 475 2722
4 924 2318 923 2680
4 2147 2350 2324 2653
4 1068 2348 717 2924
4 1072 818 855 2312
4 2250 1044 2566 3011
4 2309 2903 1504 2983
4 1389 1392 2545 2670
4 1151 903 1153 2930
4 1627 2582 2468 3030
4 1474 1713 1500 2417
4 1084 697 2640 2812
4 2494 2209 2621 2926
4 2071 39 35 2328
4 971 2278 761 2899
4 1766 2415 2371 2871
4 2207 2324 2357 2653
4 1560 2350 1521 2653
4 2354 2479 2173 3040
4 661 2660 660 2740
4 801 803 2313 2746
4 2232 2584 2474 2839
4 383 618 435 2456
4 2282 2683 1405 2747
4 1057 912 2324 2770
4 522 1249 497 2583
4 2090 63 60 2703
4 2090 57 59 2703
4 1657 2346 1279 2842
4 2375 2486 2301 2679
4 1276 1874 1878 2382
4 2174 2407 2734 2964
4 1217 2403 1197 2914
4 8 2050 9 2774
4 83 2108 81 2921
4 2244 2543 2201 2712
4 2102 2257 79 2695
4 75 2257 2102 2695
4 717 2348 752 2707
4 2438 2504 1167 2922
4 1576 73 72 2810
4 1760 2472 2747 2976
4 2007 2006 2004 2839
4 2209 2574 2300 2650
4 460 465 2411 2864
4 2152 2454 2304 2721
4 2304 2454 2239 2721
4 1752 2615 1712 2857
4 1520 2436 1740 2891
4 2278 2678 2153 2779
4 1886 1279 1657 2346
4 2233 2836 2623 2930
4 1017 1109 1011 2359
4 937 769 936 2563
4 1066 1139 1078 2977
4 1372 1365 1364 2992
4 2358 2602 2219 3059
4 783 1124 1126 2266
4 809 847 811 2358
4 1550 2627 2405 2694
4 2265 2599 2699 2979
4 2259 2805 2493 2874
4 2389 2245 2852 2885
4 1716 2472 1400 2976
4 1835 2673 2494 2926
4 845 2515 2270 2588
4 2222 2240 2647 2757
4 1680 2697 2412 3056
4 461 2499 429 2500
4 115 1673 2646 2712
4 1050 1171 930 2598
4 1758 2327 1753 2576
4 474 419 456 2750
4 1358 101 2121 2629
4 1131 2645 940 3046
4 1559 1834 1646 2881
4 1447 2405 1667 2831
4 435 1236 373 2456
4 752 717 1068 2348
4 2158 2552 3029 3060
4 2233 2628 2623 3028
4 2229 2645 2530 3046
4 2364 2570 684 2989
4 89 2374 2111 2760
4 1425 2063 29 2593
4 368 2441 1820 2970
4 540 1258 2026 2619
4 849 2399 675 2643
4 1154 1203 654 2585
4 104 1411 1776 2415
4 2272 2147 2526 2891
4 1900 1283 2461 2719
4 558 599 2635 2758
4 1639 2328 1647 2810
4 2389 2506 952 2985
4 2224 2663 2585 2954
4 458 431 430 2346
4 1041 2808 2478 2841
4 711 1108 2445 2838
4 1202 2459 616 3023
4 1779 2494 1270 2706
4 1928 2382 2021 2969
4 1613 1548 69 2573
4 2044 2009 1998 2403
4 1091 2594 1047 2738
4 2145 2412 2256 3056
4 1262 368 1820 2970
4 1048 729 1049 2762
4 933 2923 2638 2985
4 366 391 403 2766
4 2651 2731 2179 2992
4 1946 2788 1950 2852
4 855 2562 2312 2977
4 123 127 2138 2848
4 1074 918 2429 3036
4 2420 2634 2159 2968
4 374 1244 464 2639
4 1180 2572 1015 2635
4 821 2271 2972 3035
4 27 2314 2559 2791
4 2008 2349 2480 2729
4 1822 395 1265 2761
4 1111 2331 890 2807
4 9 2054 12 2270
4 1349 2335 2567 3016
4 2251 2599 900 2779
4 607 1809 2533 2876
4 2422 2765 2880 3002
4 503 1164 629 2829
4 1625 1544 1624 2582
4 1346 1345 1347 2485
4 1163 1099 2671 2971
4 1608 2559 1907 2802
4 1464 1720 1466 2524
4 1810 2490 2652 2759
4 728 2353 724 2867
4 1516 1517 1514 2407
4 1577 2098 72 2832
4 2169 2521 2405 3009
4 2417 2434 2274 2890
4 591 553 585 2443
4 782 2885 2318 2902
4 669 973 715 2620
4 126 2139 127 2849
4 1789 2629 1360 3044
4 1180 567 2572 2635
4 475 422 2722 2795
4 2375 2486 798 2914
4 2521 2694 2405 3009
4 1062 2815 819 2917
4 99 2487 2642 2933
4 2143 2570 2367 2847
4 403 491 367 2766
4 2392 2190 2811 3034
4 2059 1452 1638 2565
4 974 2337 736 2783
4 2700 2710 2290 3049
4 41 2078 44 2271
4 1796 2545 2409 2717
4 2323 2155 2707 2940
4 390 465 393 2411
4 711 2838 2445 2974
4 858 1000 911 2486
4 1138 814 2467 2665
4 28 29 2593 2670
4 1990 1222 1224 2536
4 649 558 597 2635
4 1005 1068 2797 2982
4 1459 2578 2317 2952
4 2276 2162 2532 2931
4 609 576 2844 2876
4 1590 2475 64 2999
4 777 744 2326 2780
4 913 1229 1103 2548
4 1320 1366 1631 2440
4 747 2393 1109 2913
4 1658 1509 117 2576
4 1985 2572 2017 2648
4 12 2054 15 2861
4 1047 729 1048 2329
4 758 697 699 2640
4 1657 1884 2346 2948
4 2746 2859 2529 3009
4 955 956 2583 2865
4 990 2248 857 3047
4 585 591 2443 2758
4 1007 1006 2736 2873
4 120 2501 121 2667
4 1225 2684 2242 2746
4 2092 1591 1594 1590
4 1044 2250 1045 3011
4 2260 2571 2363 3057
4 765 2372 756 2782
4 109 2127 1778 2621
4 417 418 623 2715
4 1604 2618 1768 2853
4 2059 1505 1452 2565
4 43 2078 41 2826
4 2512 2933 2487 3054
4 1021 2746 2242 2981
4 1139 2562 855 2977
4 2448 2474 2232 2584
4 2457 2736 791 2873
4 1947 2421 1952 2519
4 2183 2433 2888 2980
4 1075 732 996 2502
4 2185 2776 2296 2797
4 762 2563 769 2685
4 2222 2618 2240 2757
4 2090 2266 63 2703
4 2090 59 2266 2703
4 2384 2532 2162 2953
4 1587 110 111 2621
4 1035 723 1038 2362
4 1228 2242 2609 2981
4 111 110 1587 2574
4 1688 2315 1422 2613
4 1885 1816 1278 2347
4 2184 2775 2484 2850
4 2301 2192 2486 3031
4 1716 1400 1760 2976
4 2211 2820 2570 2989
4 1400 2472 1760 2976
4 943 2523 2262 2623
4 771 2393 747 2913
4 1693 2552 2338 3060
4 1645 1520 1518 2436
4 2050 2527 9 2774
4 1721 1475 2491 2943
4 2280 2417 2198 2787
4 2314 2465 2166 2979
4 2338 2158 2641 3060
4 1928 2709 2382 2969
4 2430 2170 2636 2923
4 1576 2356 1767 2832
4 505 2522 515 2561
4 705 2512 1049 2966
4 2365 2370 2189 2959
4 2171 2666 2862 2868
4 691 1083 750 2311
4 2214 2484 2775 2850
4 2360 2940 2428 2957
4 2433 1391 2888 2980
4 2188 2401 2493 2874
4 395 450 1265 2761
4 2295 2338 55 2925
4 924 2318 2680 2843
4 1096 825 823 3006
4 520 528 2498 2673
4 733 2493 1110 2672
4 439 2538 414 2668
4 1219 1978 643 2569
4 1693 2338 1498 3060
4 2008 2349 1956 2480
4 2176 2686 2298 2872
4 2328 1639 2664 2810
4 2186 2473 2476 2850
4 1138 812 814 2665
4 1650 2607 1887 2706
4 64 65 2573 2999
4 1920 1267 1818 2627
4 2243 2447 2296 2797
4 1006 791 2736 2873
4 2609 2684 2000 2877
4 422 437 487 2604
4 2036 1987 2009 2693
4 943 2262 963 2930
4 2279 2934 2242 2981
4 421 478 2244 2961
4 1607 1606 1269 2314
4 870 2241 2738 2745
4 1490 1492 2573 2999
4 2246 2328 2643 2768
4 1817 451 402 2366
4 1875 1710 2482 2718
4 2167 2370 2365 3007
4 33 2911 2299 3000
4 405 384 2540 2547
4 123 2503 127 2688
4 1548 1490 1492 2573
4 825 2408 917 2818
4 1838 2653 1705 2764
4 2212 2671 2339 2971
4 2006 1852 2696 2839
4 2185 2414 2282 2747
4 2299 2595 2171 2898
4 578 2652 611 2876
4 2206 2637 2548 2934
4 815 846 817 2370
4 2296 2776 977 2797
4 1251 959 1161 2466
4 1014 2515 845 2588
4 1003 525 500 2531
4 1369 2391 1653 3044
4 2310 2426 2182 2612
4 566 2572 567 2635
4 1176 617 2507 2605
4 857 988 985 2765
4 2293 2373 2215 2581
4 1281 2897 377 2962
4 355 1286 1814 2411
4 1796 1618 2717 2927
4 77 2099 76 2743
4 742 740 741 2630
4 2201 2244 2712 3003
4 2046 1984 1985 2663
4 2096 2262 71 2742
4 67 2262 2096 2742
4 2320 2285 2485 2801
4 78 2497 1539 2614
4 390 2411 393 2799
4 2244 115 3003 3018
4 2460 2636 2170 2923
4 2266 2514 2341 2865
4 1114 770 1022 2454
4 1119 736 2337 2783
4 887 889 888 2406
4 454 1801 1300 2400
4 2414 764 2782 2902
4 453 437 383 2293
4 59 2516 2632 2973
4 89 2760 2544 3057
4 559 2347 1895 2833
4 1615 2534 2455 2908
4 1648 2710 2315 2881
4 1198 2389 952 2985
4 979 977 980 2723
4 1729 1781 1328 2431
4 773 899 2277 2755
4 530 529 546 2449
4 2028 2410 1919 2811
4 1840 2357 362 2772
4 2323 2428 2155 2940
4 1653 2447 1628 3044
4 1080 1176 1079 2856
4 1210 1071 1221 2661
4 2646 2722 1880 2793
4 2334 2300 2650 3024
4 2211 2575 2308 2601
4 750 2311 1083 3061
4 838 1142 836 2452
4 833 2305 832 2920
4 1537 1539 1676 2497
4 2095 67 66 2579
4 1781 2336 1782 2669
4 1186 2289 945 2786
4 2175 2406 2331 2855
4 38 1327 1326 2431
4 2286 2495 2352 2754
4 2362 2434 2198 2612
4 813 2365 815 3007
4 39 2932 2541 3058
4 1332 2575 2308 2733
4 1990 2410 2047 2956
4 905 2507 1029 2546
4 1490 2573 2330 2999
4 388 387 389 2462
4 2314 2166 2791 2979
4 1635 32 33 2654
4 2154 2594 2329 2966
4 2339 2688 2238 2975
4 1637 2674 2669 2903
4 1200 1953 2638 2730
4 2341 2514 2223 2865
4 1854 1856 2489 2839
4 1693 1498 1788 3060
4 2187 2632 2557 2950
4 2188 2657 2401 2874
4 2107 1707 86 2764
4 2475 2533 2166 2999
4 740 2705 2291 3038
4 375 2432 396 2761
4 2538 2845 1199 3023
4 2187 2782 2360 2957
4 1587 111 2574 2926
4 1166 2438 394 3021
4 962 2437 638 2922
4 2569 2720 2213 2978
4 2507 2605 2194 2856
4 726 753 1128 2940
4 2157 2477 2301 2881
4 1057 2324 1058 2668
4 1263 1870 1875 2423
4 121 2501 2297 2667
4 974 2473 2783 3008
4 44 2271 2901 3052
4 1537 1535 1536 2592
4 1529 80 1528 2390
4 1064 628 1224 2410
4 2157 2711 2486 2786
4 1295 1853 2508 2663
4 1038 1036 2362 2841
4 1600 2519 2453 2732
4 533 550 499 2351
4 906 2532 885 2953
4 1049 2512 2762 2966
4 782 925 2885 2902
4 1687 2380 1714 2634
4 1533 2748 2294 2837
4 1625 2447 1653 2976
4 488 408 419 2292
4 1332 1678 2308 2916
4 829 2687 831 2920
4 2150 2453 2506 2806
4 2581 1115 2816 2824
4 2462 2821 625 3021
4 1602 2616 1604 2853
4 704 706 705 2512
4 68 2096 71 2742
4 2160 2723 2452 2727
4 2120 2267 103 2752
4 2120 99 2267 2752
4 1693 1788 2552 3060
4 2166 2465 2314 2466
4 2369 2283 2756 3013
4 68 2825 2573 2939
4 1771 2503 2675 2842
4 2260 2813 2571 3057
4 1902 2652 2475 2876
4 519 545 2704 2823
4 121 2550 120 2667
4 2305 2631 832 2920
4 818 820 855 2312
4 1372 2651 2371 2992
4 1409 1613 69 2355
4 1314 1312 1622 2476
4 83 2390 82 2622
4 1080 2532 2464 2605
4 2331 2406 2180 2858
4 1876 2398 1561 2690
4 1009 1008 1007 2456
4 705 1049 703 2966
4 12 13 1556 2710
4 2286 2595 2321 2809
4 1517 1718 1719 2458
4 2477 2708 2289 2878
4 1890 1597 2300 2673
4 2438 2864 2165 2922
4 2776 2797 2185 2982
4 2145 2256 2524 3056
4 1917 1949 1947 2389
4 42 1503 2553 2870
4 1648 1445 2315 2710
4 2166 2893 2475 2946
4 2302 2154 2642 3016
4 1569 1487 2460 2875
4 1948 2040 2389 2852
4 1703 1710 40 2075
4 979 2452 838 2949
4 2146 2541 2932 3017
4 1666 2545 1796 2717
4 2623 2628 2236 3028
4 940 2645 1239 3046
4 2247 2679 1004 3038
4 2424 2972 2271 3035
4 1046 2506 925 2902
4 1161 2466 959 3062
4 845 2270 2515 3019
4 740 2705 739 2935
4 1569 1487 1580 2460
4 20 2060 23 2279
4 579 573 636 2517
4 780 777 744 2326
4 1976 2423 2536 2956
4 2284 2159 2535 2906
4 115 2128 114 2435
4 2120 103 100 2752
4 2301 2486 2375 3031
4 52 2085 53 2471
4 1210 440 1202 2459
4 2140 2511 2307 2988
4 1462 2626 2524 2984
4 2643 2768 2328 3017
4 1425 1415 2593 2670
4 546 528 524 2449
4 2192 2496 2477 2878
4 1707 2107 2735 2764
4 2207 2715 2292 2750
4 2009 2403 1942 2693
4 1880 2604 1764 2793
4 22 23 2565 2674
4 1616 2411 1815 2941
4 1883 2427 1656 2948
4 1197 2529 1019 2914
4 2018 540 2026 2619
4 48 2080 49 2446
4 415 2459 2458 2987
4 1522 1520 1740 2891
4 2026 1258 1233 2619
4 2065 2330 27 2791
4 866 2728 2416 2958
4 28 2252 2593 2792
4 397 485 450 2276
4 399 398 359 2507
4 2294 2748 2258 2837
4 2592 2698 2180 2748
4 1928 2011 2021 2382
4 81 2554 2397 2921
4 1037 1041 2478 2841
4 1825 2276 1728 2761
4 116 117 2576 2657
4 19 18 2565 2677
4 1901 1800 1595 2490
4 115 2244 2646 3018
4 489 459 471 2400
4 2498 2650 2300 3024
4 2170 2776 2430 2949
4 1884 1656 2427 2948
4 2288 2445 2168 2789
4 44 2079 45 2995
4 1421 1416 1422 2613
4 2196 2460 2430 2923
4 63 2266 59 2973
4 1782 1781 1729 2336
4 2450 2524 43 2942
4 1080 1079 2532 2856
4 761 2451 964 2899
4 780 788 787 2265
4 1985 1944 2017 2572
4 1980 1979 1984 3042
4 41 2718 2450 3052
4 820 2312 818 2917
4 84 85 2105 2781
4 720 2363 688 2847
4 68 2742 2278 2939
4 1636 2332 1394 2669
4 1784 1448 1424 2352
4 867 1047 1048 2329
4 2170 2452 2296 2949
4 2301 2633 1446 2831
4 1710 2075 1703 2482
4 1523 1557 1705 2653
4 27 2066 25 2884
4 846 2815 2370 2959
4 1767 1384 2476 2990
4 1728 1825 1829 2276
4 2174 2435 2407 2964
4 1691 1647 1639 2664
4 2273 2419 2179 2731
4 1302 2648 1851 2663
4 2196 2519 2453 2869
4 1017 1011 713 2359
4 1393 2495 2888 2980
4 1716 2391 2702 2976
4 1080 2464 1177 2605
4 472 431 458 2427
4 461 429 385 2500
4 1504 1681 1682 2983
4 1393 2888 1391 2980
4 691 689 690 2571
4 1621 2717 2263 2889
4 2161 2451 2283 2740
4 1119 974 736 2783
4 1615 2455 1617 2908
4 1461 2615 2317 2984
4 1921 2663 1295 2700
4 1685 1499 1689 2354
4 2296 2447 2185 2797
4 108 109 2607 2621
4 890 1111 888 2331
4 94 1341 1342 2420
4 2047 1990 1919 2410
4 688 2571 687 2847
4 2178 2340 2591 2886
4 1503 1468 2077 2553
4 1292 1755 2489 2763
4 2249 2598 2257 2967
4 2548 2714 2206 2910
4 421 2244 2722 2961
4 2310 2689 1037 2819
4 677 999 675 2643
4 87 2735 2107 2764
4 1771 2503 1770 2675
4 1698 1699 1552 2589
4 64 2573 1549 2999
4 973 1146 715 2549
4 2208 2636 2460 2923
4 2005 2349 2033 2846
4 1201 2448 1102 2584
4 2207 2292 2715 2900
4 1889 2644 1771 2842
4 1134 2385 1033 2686
4 2481 2563 2191 2998
4 871 870 868 2745
4 751 993 1111 2564
4 2226 2510 2302 2805
4 666 974 2473 2894
4 971 1149 725 2678
4 2234 2290 2586 3049
4 19 2313 2521 2880
4 1788 2625 2552 3060
4 1550 1845 2405 2627
4 1549 2093 69 1548
4 589 557 2466 2741
4 2338 2160 2828 2925
4 2348 2797 2243 2924
4 1152 947 1151 2930
4 2065 27 26 2791
4 93 1342 1397 2634
4 1576 1767 1577 2832
4 477 2863 408 2928
4 2336 2431 2298 2669
4 1146 2549 973 2794
4 116 113 2132 2805
4 872 2378 997 2738
4 2185 2472 2391 2976
4 363 458 1266 2427
4 82 2390 1529 2622
4 1141 710 748 2288
4 1441 2509 1442 2784
4 1425 2593 29 2670
4 123 2675 2503 2688
4 1369 1653 1628 3044
4 2517 2844 576 2876
4 2437 2970 2220 3043
4 2002 2489 1959 2763
4 1636 1394 1637 2669
4 1235 1116 926 2581
4 762 2563 2685 2936
4 1925 2489 1856 2839
4 2220 2437 2366 2970
4 1552 1539 78 2497
4 2170 2471 2468 2882
4 2477 2831 2301 2881
4 1592 1890 1649 2300
4 100 2288 2629 2918
4 99 2487 2933 3054
4 1550 1737 2627 2694
4 474 414 432 2750
4 428 424 423 2238
4 988 746 2275 2785
4 963 964 903 2930
4 1719 2458 1858 2543
4 1548 2330 1490 2573
4 2011 1276 1929 2382
4 1294 2604 1880 2722
4 1490 2330 26 2791
4 813 2365 2665 3034
4 2280 2429 2199 2818
4 1348 1347 1349 2801
4 651 497 2583 2619
4 2361 2446 2173 3040
4 2291 2379 2947 2980
4 127 2442 124 2848
4 710 2288 1141 2789
4 2177 2269 2645 2803
4 2029 2757 1951 2834
4 2324 2538 1058 2668
4 27 2265 2066 2792
4 77 2664 2099 2743
4 1589 122 1770 2675
4 2280 2479 2417 2491
4 555 1298 580 2759
4 2142 2422 2286 2809
4 1606 2314 1607 2791
4 2417 2479 2198 2840
4 1071 1210 1202 2459
4 64 1549 1492 2999
4 2291 2947 2433 2980
4 1146 741 2549 2630
4 854 2617 2467 3007
4 1785 1499 1690 2641
4 815 2365 1104 2959
4 1588 1887 2607 2621
4 1118 1128 936 2323
4 1802 1302 1851 2663
4 2301 2477 2192 2831
4 2153 2278 2779 2939
4 1461 2615 1752 2857
4 1529 1528 1530 2390
4 2269 2692 108 2938
4 73 2664 72 2810
4 627 1026 1231 2655
4 1007 1006 791 2736
4 638 2438 1167 2922
4 1055 2271 819 2815
4 375 1290 447 2432
4 126 2442 2139 2849
4 1643 1715 2656 2919
4 815 813 1104 2365
4 2401 2816 2493 2874
4 404 405 380 2600
4 1688 2315 2613 2771
4 2114 2260 89 2813
4 1690 1785 2641 3060
4 1020 2334 840 2685
4 432 414 362 2357
4 1721 1566 1722 2361
4 66 1595 67 2490
4 906 1079 885 2532
4 2009 2044 1942 2403
4 820 2312 2917 3035
4 1073 1074 918 2429
4 1597 2300 2673 2926
4 1995 2684 2577 2877
4 684 2570 2364 2796
4 809 2358 811 3059
4 423 1244 374 2639
4 1691 2743 1378 2932
4 2123 1432 104 2692
4 1664 2527 2347 2681
4 2277 2178 2755 2907
4 22 2565 1638 2674
4 1322 1321 34 2440
4 724 716 2353 2798
4 1505 2565 18 2677
4 1047 2329 867 2745
4 1780 1632 1633 2754
4 1461 2317 2857 2952
4 364 433 1293 2556
4 1781 2431 2336 2669
4 1552 78 79 2497
4 504 519 2494 2673
4 2156 2420 2320 2909
4 2197 2286 2705 2935
4 1851 1853 2663 2774
4 1879 2722 2646 2961
4 2346 2427 2200 2948
4 932 2636 2430 2949
4 2502 2640 2156 2812
4 2322 2701 1546 3010
4 1449 2521 16 2694
4 725 2678 970 2775
4 2419 2179 2731 2992
4 1217 2693 2403 2914
4 1565 2744 2491 2943
4 818 2312 2617 2917
4 121 2297 2501 3015
4 1615 2455 2534 2941
4 2087 60 61 2896
4 1913 2392 1223 2910
4 45 2511 1469 2995
4 1553 1537 1676 2551
4 1628 2447 3030 3044
4 1744 2744 1565 2943
4 537 517 502 2737
4 1631 1632 1634 2754
4 1558 2477 1559 2881
4 2354 2612 2198 2840
4 2493 2816 2259 2874
4 424 2644 425 2769
4 860 2259 861 2816
4 2210 2504 2325 2821
4 2025 1906 541 2561
4 1699 1819 1262 2589
4 572 571 570 2628
4 435 618 1236 2456
4 2146 2463 2404 2807
4 1163 1179 1250 2500
4 1363 2263 2666 2889
4 1249 2583 522 2749
4 907 879 1059 2268
4 1873 2398 1288 2577
4 1689 2840 2354 3040
4 970 2620 667 2775
4 1804 463 1300 2547
4 1708 1271 1833 2750
4 489 2400 379 2547
4 2219 2610 2578 2626
4 2353 2707 724 2867
4 95 92 2284 2420
4 2306 2439 2367 2820
4 2183 2888 2495 2980
4 797 2383 998 2711
4 1686 1500 1713 2434
4 1341 94 1731 2368
4 1817 1262 1819 2366
4 1789 1358 1360 2629
4 2191 2650 2574 2817
4 770 2454 1114 2736
4 736 981 2413 2894
4 2189 2536 2423 2956
4 945 1175 2289 3012
4 122 2137 123 2503
4 2095 1611 70 2579
4 2404 2176 2541 3058
4 1333 1334 1332 2601
4 1627 1625 2582 3030
4 1037 1041 851 2478
4 1122 1240 1121 2587
4 646 354 2655 2795
4 1038 2362 723 2906
4 2430 2725 975 2776
4 1650 1651 1609 2461
4 417 623 1185 2715
4 2166 2466 2314 2533
4 629 2498 527 2829
4 1521 2653 2350 2891
4 797 908 998 2383
4 505 514 515 2522
4 905 1176 1029 2507
4 936 1129 937 2261
4 2143 2395 2601 2916
4 1901 2490 1810 2759
4 1028 2546 2444 2855
4 2093 1548 1549 2573
4 1352 1350 2487 2895
4 1919 1226 1992 2811
4 1696 1377 1695 2567
4 1648 1646 2710 2881
4 1049 2512 705 2762
4 102 103 2483 2629
4 2143 2544 2395 2916
4 1615 1616 1815 2941
4 1348 1349 2335 2801
4 33 2440 2299 2654
4 73 1576 72 2832
4 37 2431 1781 2669
4 1921 1980 1984 2700
4 1565 2491 1475 2943
4 418 419 408 2863
4 1778 2127 110 2621
4 2395 2143 2571 3057
4 1648 1646 1445 2710
4 1831 1606 26 2559
4 1180 1015 1248 2635
4 96 1692 1788 2552
4 743 2679 2705 3038
4 2071 39 2328 2932
4 694 2812 695 3014
4 1742 2390 2837 2996
4 2539 2728 2303 3003
4 1610 2366 2777 2941
4 553 2591 610 2886
4 2313 801 2746 2859
4 605 2466 574 2533
4 1120 2341 1124 2843
4 486 452 449 2437
4 969 931 967 2504
4 1297 1662 2568 2833
4 1235 2581 926 2873
4 2162 2258 2390 2837
4 2175 2546 2406 2855
4 1682 2610 1786 2626
4 2162 2276 2726 2996
4 2120 99 2752 3054
4 1983 1987 2036 2289
4 884 2439 994 2851
4 2554 2919 2656 3020
4 1852 2474 1750 2696
4 910 945 1217 2914
4 986 984 983 2809
4 1129 2261 936 3032
4 2257 2598 2220 2991
4 63 2701 2322 3010
4 695 2812 2606 3014
4 827 2808 2280 2818
4 127 2503 1746 2849
4 1114 2402 1007 2736
4 859 861 1010 2493
4 1033 2624 1031 2796
4 363 472 458 2427
4 1948 1947 1946 2389
4 2139 2442 127 2849
4 399 2507 357 2605
4 675 849 673 2399
4 737 2418 715 2935
4 1633 1635 1636 2332
4 2243 2386 2447 3044
4 1917 1953 1949 2638
4 2231 2559 2340 2659
4 987 988 746 2275
4 2536 2815 1063 2959
4 842 2599 900 2699
4 1423 1506 1652 2771
4 635 499 2351 2749
4 1015 2515 1014 2635
4 1416 2613 1421 3055
4 1883 1656 1654 2948
4 2464 2532 2276 2605
4 1544 1625 1653 2976
4 1026 2655 2539 2824
4 1409 1619 1613 2355
4 1620 2409 2825 2927
4 1920 2496 1267 2627
4 553 1165 606 2591
4 2193 2640 2378 2738
4 1782 2669 2336 2903
4 365 430 427 2346
4 1211 2383 2586 2786
4 2206 2525 2344 2637
4 1109 935 1011 2838
4 1689 1478 2840 3040
4 1988 2046 1938 2663
4 1402 1405 2472 2950
4 1341 1731 1380 2520
4 1935 1947 2519 2732
4 1317 2263 2753 2862
4 37 36 2431 2669
4 901 942 844 2523
4 1410 120 2550 2667
4 1312 2376 1429 2908
4 1869 1719 2543 2712
4 517 544 531 2737
4 681 1077 679 2463
4 2361 2173 2479 3040
4 1805 2342 378 2799
4 1036 2362 2841 2915
4 1426 2501 120 2667
4 1172 2658 401 3043
4 733 1110 1105 2672
4 2321 2595 2299 2809
4 2242 2684 2609 2877
4 362 1264 1840 2772
4 2057 21 1669 2398
4 1735 1342 2420 2634
4 794 2581 2816 2944
4 846 1062 2370 2815
4 1966 1965 2525 2690
4 802 2859 2313 3002
4 1532 2748 1533 2837
4 1232 2795 2655 2824
4 976 2430 975 2776
4 1765 1809 1902 2475
4 55 52 2254 2882
4 1389 2379 1794 2889
4 2157 2486 2289 2786
4 94 1342 2115 2420
4 1040 1027 2751 3038
4 1254 2844 2517 2893
4 1586 1649 1597 2574
4 2202 2606 2311 3061
4 1879 1880 2646 2722
4 2278 2355 2161 3013
4 1057 873 912 2770
4 959 1251 621 2466
4 25 2593 24 2659
4 595 599 592 2833
4 1791 1694 2453 2724
4 668 2413 981 2894
4 2236 2623 2490 3004
4 2107 86 87 2764
4 395 397 450 2761
4 1843 1885 1907 2340
4 1489 26 1606 2791
4 2230 2426 2625 2895
4 932 2430 976 2776
4 1551 2369 1612 2579
4 682 2364 684 2989
4 773 2755 2277 2937
4 736 668 981 2894
4 2475 2490 2236 2652
4 1223 1913 1992 2811
4 844 2523 942 2893
4 39 3017 2932 3058
4 1508 1763 2509 2793
4 1547 2343 10 2681
4 1942 2403 619 2693
4 1242 2650 2498 3024
4 2078 2271 41 2826
4 665 725 970 2775
4 2229 2494 2621 2706
4 821 2271 1055 2972
4 1517 2407 1516 3037
4 2143 2367 2571 2847
4 1680 2256 2697 3056
4 854 816 2617 3007
4 1525 86 1523 2526
4 2198 2434 2417 2840
4 820 855 2312 2977
4 2369 2451 2283 3013
4 1381 2327 1758 2576
4 1304 1281 386 2962
4 515 2522 523 2583
4 1744 2744 1868 2995
4 2369 2579 1551 2897
4 723 698 2469 2800
4 1460 1682 1786 2626
4 820 2977 2312 3035
4 873 1057 875 2866
4 1286 1610 1815 2941
4 959 2466 621 2741
4 2236 2490 2475 3004
4 1181 2464 1080 2532
4 964 2451 657 2766
4 47 2960 2511 2988
4 815 2370 817 3007
4 2250 2566 2830 3029
4 1288 1876 1806 2690
4 757 2414 764 2782
4 967 1167 2504 2922
4 2219 2256 2610 2626
4 553 610 2443 2886
4 123 2138 2264 2848
4 1675 2433 2613 2947
4 1922 1983 2290 2708
4 424 376 423 2769
4 1950 1946 2732 2788
4 480 2456 373 2560
4 1310 2376 1312 2904
4 440 356 1202 2459
4 2325 2660 2161 2740
4 498 512 551 2461
4 575 586 589 2741
4 42 1465 1466 2450
4 2349 2488 2199 2943
4 1032 2319 1030 2796
4 945 2289 1186 3012
4 1786 1502 1462 2626
4 2310 2478 2198 2841
4 2327 2576 1381 3026
4 553 610 585 2443
4 1066 1078 2682 2977
4 833 1106 2558 2687
4 620 1913 1223 2910
4 441 361 455 2661
4 1557 1705 2653 2764
4 1814 2411 1616 2799
4 2147 2770 2378 2866
4 2126 2261 111 2854
4 1685 1684 1407 2612
4 1976 2423 1972 2536
4 1764 2373 1574 2793
4 1052 2319 1032 2778
4 2232 2474 2448 2814
4 2098 74 75 2832
4 2098 73 72 2832
4 1133 2686 2298 2955
4 2637 2690 2398 2934
4 874 1092 872 2378
4 1271 1708 1832 2292
4 1885 1278 1813 2340
4 1729 1782 2336 2983
4 649 558 2635 2758
4 2099 2664 76 2743
4 2148 2413 2337 2887
4 1645 2387 1695 2963
4 1994 1997 2034 2627
4 1820 368 447 2441
4 891 2333 892 2855
4 1271 2292 1832 2905
4 2066 2265 31 2792
4 696 698 697 2469
4 2303 2435 115 3003
4 1018 780 744 2326
4 2174 2510 2329 2958
4 766 764 757 2414
4 2162 2726 2294 2837
4 2475 2166 2533 2876
4 1107 2662 2558 3036
4 630 1165 553 2591
4 1413 1412 1404 2632
4 125 1668 1649 1488
4 696 2469 697 2812
4 1152 1178 650 2540
4 1589 1770 1771 2503
4 2309 2578 2219 2610
4 2157 2301 2771 2881
4 694 2284 2812 3014
4 2479 2840 1478 3040
4 1062 1055 819 2815
4 849 2643 991 2887
4 1922 2039 1803 2700
4 1622 1767 1384 2476
4 2101 75 74 2589
4 2322 2692 2269 2938
4 1721 1565 1475 2943
4 1475 1473 1474 2491
4 1521 1523 2653 2891
4 757 2360 754 2982
4 1763 1442 2509 2793
4 2166 2533 2314 2791
4 1686 2612 2434 2822
4 2689 2830 2566 3029
4 2327 2576 2226 2642
4 427 2346 480 2560
4 623 1060 1185 2715
4 84 2105 2554 2781
4 752 2707 2348 2940
4 1738 1443 2593 2659
4 679 730 677 2404
4 833 2687 2305 2920
4 803 802 801 2313
4 2441 2658 2221 2804
4 496 518 547 2706
4 685 2820 683 2989
4 2040 1194 1917 2389
4 408 488 443 2292
4 1715 1642 2656 2919
4 2358 2714 2163 3001
4 1051 1171 2991 3043
4 2105 1526 1643 2554
4 1942 2044 1993 2403
4 2163 2602 2358 3001
4 967 969 2504 3008
4 1796 2717 2409 2927
4 367 652 1153 2600
4 1301 1837 1773 2618
4 2372 2187 2632 2973
4 1471 1469 2511 2995
4 2144 2613 2433 2947
4 1787 2374 1397 3027
4 1381 2576 1758 3026
4 102 2121 103 2629
4 1957 1958 1955 2345
4 2171 2440 2299 3000
4 2679 2705 2183 2739
4 2098 1577 74 2832
4 1742 2622 2390 2996
4 2383 2586 2234 3042
4 581 2340 582 2802
4 846 1062 817 2370
4 2303 2510 2174 2958
4 27 2792 2066 2884
4 2173 2631 2305 2920
4 724 2353 727 2798
4 2214 2253 2678 2775
4 737 986 983 2595
4 365 481 1889 2842
4 357 399 483 2507
4 1328 1330 1729 2733
4 1476 1478 2479 2840
4 1142 838 979 2452
4 15 11 2343 2861
4 723 1035 698 2800
4 2342 2283 2756 2962
4 2220 2658 2441 2804
4 371 1858 2458 2543
4 1758 1509 1658 2576
4 775 2679 2375 2739
4 1515 2387 1518 2734
4 732 1083 2606 3061
4 2447 2582 1625 3030
4 100 2629 2386 2918
4 1030 2570 684 2796
4 499 533 2351 2749
4 1789 2386 2629 3044
4 687 2367 2571 2993
4 2199 2480 2408 2818
4 2393 2457 771 2944
4 813 2665 2365 3007
4 375 396 395 2761
4 1695 1645 1518 2387
4 1163 1250 1099 2971
4 1393 1387 2495 2980
4 52 2084 2254 2814
4 72 2664 1639 2810
4 1675 2613 1416 2947
4 651 1245 497 2619
4 2114 92 2260 2813
4 1072 854 2617 2778
4 386 378 1304 2962
4 1096 823 916 2424
4 2230 2895 2625 3029
4 1415 2593 2670 3055
4 1855 1835 504 2494
4 646 354 1231 2655
4 850 836 1142 2727
4 1110 733 1010 2493
4 990 2785 2248 3047
4 1661 8 2508 2774
4 1007 1114 1121 2402
4 1107 2558 2662 2912
4 2237 2683 2282 2747
4 2196 2453 2724 2869
4 2165 2438 2411 2864
4 1090 2755 773 2937
4 667 970 973 2620
4 1038 2362 1036 2915
4 2282 2472 2185 2747
4 682 2686 2364 2872
4 1461 2317 2626 2984
4 2290 2710 2383 3049
4 1461 1459 2317 2952
4 872 1092 997 2378
4 2224 2515 2774 2954
4 570 2547 593 2759
4 1334 1335 1336 2916
4 367 404 652 2600
4 976 975 2725 2776
4 1704 1868 1867 2846
4 904 893 2444 2991
4 36 2431 2298 3058
4 1965 1806 1268 2690
4 782 923 2318 2885
4 494 524 1812 2449
4 2066 2792 25 2884
4 2316 2425 2147 2866
4 1035 2800 2362 2915
4 451 452 2366 2864
4 1873 1736 1669 2398
4 811 2358 847 3034
4 1508 1763 1442 2509
4 1337 1336 1335 2395
4 1632 2654 1633 2754
4 1366 2440 32 2654
4 963 982 964 2262
4 1760 1402 1405 2472
4 1973 1910 1974 2978
4 1293 433 1892 2556
4 2408 2424 2140 3006
4 1362 2391 1369 2691
4 869 2416 866 2728
4 2188 2273 2657 2892
4 2371 2415 2323 3005
4 1193 1923 1962 2852
4 2278 2355 68 2939
4 108 2269 2854 3045
4 2141 2851 2767 2993
4 497 1249 651 2583
4 1764 2604 2373 2793
4 1886 1657 1884 2346
4 535 544 517 2500
4 2155 2360 2348 2940
4 2387 2734 1515 2964
4 1750 2603 2474 2839
4 918 829 2429 2687
4 1461 2857 1671 2952
4 2423 2536 2189 3052
4 465 355 466 2411
4 1731 1643 1723 2554
4 1557 1838 1705 2764
4 1700 1701 2412 2760
4 2143 2544 2363 3057
4 2424 2569 2228 2901
4 2154 2512 2762 2933
4 110 1587 2574 2835
4 498 2461 513 2719
4 12 2270 2054 2861
4 778 2773 735 2936
4 835 1101 837 2254
4 2033 2349 2729 2846
4 1393 1391 1387 2980
4 384 468 569 2547
4 995 2397 880 2767
4 1100 1244 645 2639
4 2165 2366 2864 2941
4 694 749 1087 2535
4 1250 2500 2639 2971
4 1951 2240 2788 2834
4 1024 847 1150 2714
4 402 2366 451 2970
4 1135 2785 990 3047
4 1997 2577 2034 2627
4 1746 126 127 2849
4 1262 1820 1699 2441
4 888 2331 1111 2858
4 1200 1953 626 2638
4 1225 1089 2684 2746
4 2348 2360 2185 2982
4 661 660 659 2740
4 1096 917 825 2408
4 1463 2450 1494 2615
4 1342 1341 1343 2420
4 1784 2352 1424 2888
4 609 611 576 2876
4 2179 2611 2353 2913
4 854 2467 814 3007
4 1652 1688 1675 2771
4 2186 2376 2850 2908
4 1596 2590 1282 2732
4 2002 1292 2489 2763
4 2574 2817 111 2998
4 754 2360 757 2782
4 1174 1176 617 2507
4 845 1012 2270 3019
4 1801 1551 2579 2897
4 2299 2440 2321 2654
4 1560 1705 1706 2653
4 1136 800 2422 2739
4 868 866 869 2416
4 408 2905 407 2928
4 1768 61 1602 1604
4 1575 2139 126 2442
4 498 513 521 2719
4 1922 2290 1982 2700
4 1864 1722 2488 2943
4 1310 1312 1311 2904
4 1081 1134 1033 2686
4 1369 2691 2391 3044
4 1737 1873 2577 2694
4 1713 1687 1686 2434
4 1240 1009 2402 2560
4 2230 2689 2310 2819
4 413 2357 412 2987
4 2294 2726 1533 2837
4 2284 2535 2260 3014
4 2414 2776 2185 2982
4 782 923 783 2318
4 1784 1424 1393 2888
4 407 2537 485 2928
4 2026 1233 1937 2619
4 2526 2653 1523 2891
4 954 2341 956 2865
4 480 435 373 2456
4 924 783 923 2318
4 589 621 557 2741
4 1808 2342 1805 2799
4 2617 2917 2370 3007
4 2532 2953 1181 3050
4 1751 1495 1798 2344
4 2277 2755 2252 2937
4 1521 2350 1519 2891
4 2047 2956 2410 2969
4 1546 2322 1420 2692
4 91 2311 2368 2813
4 2242 2684 2218 2746
4 571 572 598 2628
4 2407 2734 1516 3037
4 1032 2467 854 2778
4 42 1466 1503 2870
4 21 2528 1455 2637
4 925 2506 952 2885
4 1237 630 2443 2591
4 1420 2322 1546 3010
4 85 2109 1525 2526
4 2074 40 1465 2450
4 1088 801 902 2746
4 1003 961 1252 2531
4 376 424 425 2769
4 1374 1766 1776 2415
4 1678 2697 2308 2916
4 1759 1538 1536 2396
4 882 880 881 2287
4 1515 1696 1695 2964
4 2189 2815 2536 2959
4 2253 2184 2620 2775
4 2342 2608 2210 2799
4 2149 2717 2379 2889
4 112 1513 1512 2435
4 893 2257 895 2967
4 423 645 1244 2639
4 1069 2416 869 3023
4 1908 1592 2442 2449
4 772 2555 898 2803
4 559 608 2347 2833
4 636 573 1161 2517
4 33 32 2440 2654
4 1077 2463 751 2807
4 1076 2767 2851 2993
4 1576 1793 2356 2810
4 1372 2371 2651 2871
4 987 2275 746 2860
4 1348 1407 1683 2801
4 1441 1442 1440 2784
4 775 2375 776 2739
4 1319 1363 1317 2666
4 1829 1728 2276 2996
4 1887 1779 1270 2706
4 2269 2428 2187 2938
4 2442 2737 2212 2849
4 1686 1684 2612 2822
4 22 2059 1452 1638
4 2399 2860 2255 3000
4 2230 2895 3029 3054
4 700 2470 2800 2819
4 850 2295 2727 2830
4 1971 1870 1927 2423
4 1549 2573 1492 2999
4 806 805 2279 3047
4 2181 2610 2256 2697
4 2142 2677 2654 2754
4 2278 2518 2355 2939
4 1764 1883 1574 2373
4 2116 2487 99 2895
4 2522 2616 2223 2853
4 446 407 485 2928
4 604 2591 584 2997
4 2369 2756 2283 2962
4 1128 936 2323 3032
4 2150 2372 2318 2902
4 1732 1380 2520 2909
4 2178 2659 2593 3053
4 2313 2521 2169 3009
4 63 59 2322 2973
4 813 1104 2365 3034
4 2248 3002 857 3047
4 1807 2527 1664 2681
4 1296 530 494 2449
4 35 2255 2072 3000
4 2264 2773 2297 3015
4 846 1063 2815 2959
4 2181 2686 2364 2796
4 2464 2532 1181 3050
4 15 2343 2277 2861
4 1950 1962 1923 2852
4 1847 2357 1840 2772
4 1006 2457 791 2873
4 9 2508 8 2774
4 67 2742 2096 3004
4 574 2517 576 2876
4 893 895 894 2967
4 1067 2767 880 2851
4 1026 2539 922 2824
4 2188 2576 2327 3026
4 1047 2738 2329 2745
4 1082 1085 2564 2820
4 2324 2538 2195 2845
4 1771 2644 2503 2842
4 2300 2209 2673 2926
4 1851 1661 1853 2774
4 2358 2714 847 3034
4 102 2483 1357 2629
4 1581 2724 2460 2994
4 1474 2417 1500 2840
4 2155 2415 2371 2702
4 1439 2597 1654 2948
4 713 2359 1011 2974
4 710 711 709 2445
4 1336 2395 1337 2544
4 951 2730 2638 2923
4 1107 1206 2558 2912
4 1061 1037 2689 2819
4 1757 2731 2273 2784
4 2505 2715 2292 2900
4 83 2268 2108 2921
4 2339 2688 2264 2848
4 2151 2785 2298 2955
4 1319 2666 1317 2862
4 2033 2349 2008 2729
4 1850 371 1858 2458
4 1674 1673 1869 2712
4 593 2547 1826 2759
4 1465 1464 1466 2450
4 2293 2456 2200 2873
4 1700 1368 1701 2760
4 671 715 737 2418
4 954 1124 1120 2341
4 891 904 893 2444
4 2218 2529 2405 3009
4 2460 2724 1581 2869
4 1445 1422 1688 2315
4 2655 2722 2215 2795
4 817 1062 819 2917
4 652 1156 1152 2600
4 2198 2612 2434 2840
4 937 1130 939 2530
4 1266 458 1884 2427
4 1501 1714 1687 2380
4 1277 2449 524 2673
4 935 2401 1010 2838
4 1932 1957 2488 2763
4 757 2782 2360 2982
4 2166 2330 2791 2979
4 1854 1261 1856 2839
4 2376 2534 1429 2908
4 1712 2615 1494 2951
4 2418 2549 715 2935
4 1735 1397 1342 2634
4 1373 2484 1313 2927
4 1352 1709 1350 2895
4 1344 2420 2320 2968
4 813 811 1023 3034
4 2290 2234 2700 3049
4 2370 2815 2189 2959
4 1771 2675 1770 2842
4 909 875 1057 2425
4 2330 2166 2791 2999
4 1835 2494 1598 2926
4 483 399 359 2507
4 33 2332 2275 2911
4 500 2531 509 3046
4 2126 2854 111 3045
4 2392 1970 2811 2969
4 916 2424 821 2972
4 729 1049 2762 2966
4 1045 2250 2727 3011
4 2386 3030 2447 3044
4 1661 2508 1853 2774
4 1213 1074 624 2345
4 1131 940 1239 3046
4 1879 370 420 2722
4 445 446 397 2464
4 1981 1996 2586 3012
4 2365 2410 2190 3034
4 906 1181 2532 2953
4 2314 2231 2741 2884
4 2264 2688 2339 2975
4 1138 854 1032 2467
4 1481 1480 50 2446
4 44 2271 2078 2826
4 2291 2247 2751 3038
4 2072 2255 39 2911
4 36 2332 33 2911
4 472 363 487 2427
4 2445 2672 2188 2838
4 1086 692 690 2260
4 11 2050 10 2527
4 910 798 2486 2914
4 2263 2862 2666 2868
4 2525 2637 2206 2690
4 2386 2629 2288 2918
4 2234 2586 2383 3049
4 2219 2578 2317 2626
4 1005 1112 1068 2982
4 2146 2404 2768 2807
4 1947 1949 1952 2421
4 41 2482 2718 3052
4 969 2783 2504 3008
4 910 798 858 2486
4 2126 107 2261 2854
4 2234 2383 2270 3049
4 514 501 549 2522
4 607 2533 577 2876
4 2138 121 2264 2848
4 1178 571 650 2540
4 1190 2668 637 2715
4 599 595 568 2635
4 1737 2577 2627 2694
4 2260 2535 2284 3022
4 1344 2320 1346 2968
4 1662 2568 2527 2774
4 2289 2786 1186 3012
4 1929 1872 1971 2951
4 1965 1268 2525 2690
4 2203 2960 2380 3027
4 2285 2470 2182 2800
4 570 2759 596 3028
4 1647 1691 1378 2932
4 1913 620 2038 2910
4 1709 1407 1350 2426
4 746 2860 2275 2883
4 2203 2553 2960 3027
4 1300 2400 1800 2547
4 2438 2504 2210 2821
4 683 2820 1082 2989
4 2001 1968 2525 2709
4 1308 1309 1307 2756
4 2250 2160 2727 2918
4 2233 2490 2623 2836
4 1551 1305 1612 2369
4 1550 1737 1845 2627
4 2249 2455 2356 2832
4 2421 2208 2696 3033
4 1782 2903 2336 2983
4 888 887 2406 2858
4 2368 2919 2554 3020
4 701 1091 699 2594
4 2411 2438 2210 3021
4 1914 1955 1958 2345
4 2192 2496 2405 2831
4 1913 2392 1970 2811
4 1871 2525 1798 2709
4 2195 2845 2538 3023
4 2110 89 88 2544
4 36 2275 2332 2911
4 1793 1767 1576 2356
4 1077 751 1111 2807
4 1193 1962 634 2852
4 1742 2390 1531 2837
4 1878 1712 2382 2857
4 2242 2934 2609 2981
4 1405 2683 1414 2747
4 849 2399 2643 2887
4 802 801 2313 2859
4 1322 2068 32 2440
4 1389 1386 2379 2889
4 1650 1887 1651 2706
4 2314 2466 2465 2741
4 2269 2555 2322 2938
4 1227 2972 2815 2978
4 672 983 2595 2898
4 1662 2527 8 2774
4 2236 2844 2517 2876
4 2152 2501 2297 3015
4 1361 2691 2419 2992
4 573 574 557 2466
4 801 1088 803 2746
4 2300 2574 2209 2926
4 1133 1081 680 2686
4 1600 2453 1596 2732
4 1731 2368 1643 2554
4 2167 2617 2524 2942
4 445 2464 397 2605
4 2025 1881 1906 2561
4 2269 108 2854 2938
4 962 2598 2437 2922
4 101 1693 1692 2552
4 1716 1369 1362 2391
4 1490 26 2065 1436
4 44 2901 2482 3052
4 1723 2554 85 2781
4 1615 1614 1616 2534
4 1561 1669 21 2398
4 1746 2137 1589 2503
4 1696 1513 1582 2302
4 44 2482 41 3052
4 479 2458 1850 2772
4 946 2523 943 2623
4 750 2767 2311 3061
4 1702 2374 1503 2870
4 585 2443 610 2886
4 1957 1959 1916 2662
4 2380 2634 2203 3027
4 1385 1634 1387 2495
4 1586 2574 1597 2926
4 955 2583 2749 2865
4 641 2928 2464 3050
4 547 518 510 2494
4 1046 925 782 2902
4 2320 2182 2801 2822
4 2148 2649 2328 2810
4 1116 1232 1115 2824
4 583 582 2340 2886
4 1711 1875 2423 2718
4 1686 1683 1684 2822
4 1577 2777 74 2832
4 962 930 1171 2598
4 2489 2716 2205 2763
4 1005 2797 1068 2924
4 1516 1515 2734 2964
4 416 2661 2543 2965
4 441 455 421 2655
4 2190 2392 2811 2969
4 1718 2772 2458 3037
4 709 711 1108 2445
4 1030 686 2570 2847
4 359 400 401 2658
4 569 593 570 2547
4 28 2066 31 2792
4 1799 2400 1801 2579
4 2511 2988 2744 2995
4 810 1034 2602 3059
4 1447 1446 2633 2831
4 1494 2615 2450 2718
4 2318 2703 2680 2843
4 1136 776 800 2739
4 986 745 1136 2739
4 1832 2292 1708 2735
4 998 2383 1211 2786
4 1147 900 2599 2779
4 2114 2813 89 3057
4 1169 638 962 2437
4 2549 2630 2149 2794
4 1326 37 2073 2431
4 886 884 885 2384
4 2375 2529 2169 3031
4 106 2125 107 2835
4 1132 2765 985 2809
4 2187 2282 2632 2950
4 1723 1526 85 2554
4 1898 1811 1747 2737
4 1353 2487 98 2895
4 2291 2197 2705 2935
4 2067 29 28 2545
4 2230 2512 2487 3054
4 1066 749 1139 2535
4 1517 1516 1717 3037
4 2186 2850 2476 2908
4 9 2051 8 2508
4 1595 1799 1611 2579
4 1904 470 539 2499
4 2420 2520 1343 2909
4 583 584 582 2886
4 1357 2483 1359 2629
4 408 2292 443 2905
4 1515 1695 2387 2964
4 1295 1988 1802 2663
4 1067 1076 2767 2851
4 1032 1031 1138 2624
4 918 831 829 2687
4 1652 1675 2433 2771
4 19 2565 2248 2880
4 740 743 2705 3038
4 1447 1667 1446 2831
4 2180 2698 2306 2748
4 1894 2737 2442 2849
4 1713 2417 1474 2890
4 2198 2787 2362 2841
4 779 1020 840 2685
4 2360 2414 2185 2982
4 2337 2473 2186 2783
4 1174 642 1029 2507
4 1920 1818 1997 2627
4 1839 2834 2590 2896
4 2216 2688 2587 2769
4 1664 2347 1816 2681
4 569 603 593 2547
4 2018 1937 1964 2619
4 577 2533 574 2876
4 1217 1197 1019 2914
4 2188 2493 2401 2838
4 45 2075 44 2482
4 959 2466 2741 3062
4 744 2630 2326 2780
4 988 2275 987 3051
4 1683 2612 1684 2822
4 2153 2599 2251 2779
4 1358 1396 101 2629
4 568 566 567 2635
4 2522 2583 2222 2853
4 1073 2429 829 2818
4 1990 1915 1222 2536
4 401 2658 473 3043
4 1332 1330 2575 2733
4 1578 2589 74 2777
4 1627 1625 1626 2582
4 1579 1617 1615 2455
4 106 107 2481 2835
4 619 2403 1217 2693
4 798 776 775 2375
4 2195 2538 2357 2987
4 2382 2951 1929 2956
4 2145 2374 2760 2870
4 763 1128 753 2428
4 2358 3001 2602 3059
4 2263 2197 2666 2889
4 1334 2601 1335 2916
4 1205 1013 2585 3019
4 24 2593 1443 2659
4 805 807 2548 2981
4 1493 1807 2050 2527
4 1186 945 911 2786
4 958 1183 841 2465
4 2172 2563 2481 2998
4 1379 1730 1733 2698
4 1812 1908 1296 2449
4 1726 46 1468 2553
4 2358 2665 2365 3034
4 1661 8 1660 2508
4 2184 2753 2263 2868
4 2508 2954 9 3049
4 1615 1579 2455 2941
4 766 2414 896 2776
4 1360 1358 1359 2629
4 1037 2310 2819 2915
4 941 1123 1122 2769
4 46 2553 1726 2960
4 2169 2633 2375 3031
4 2189 2410 2365 2959
4 2187 2322 2632 2973
4 536 515 506 2561
4 2171 2413 2399 2898
4 886 2406 887 2858
4 382 2437 449 2864
4 1645 1740 2436 2790
4 2418 2595 2197 2935
4 391 2283 387 2962
4 691 2311 750 2993
4 2322 2555 2187 2938
4 1262 402 368 2970
4 1382 1418 1670 2721
4 749 692 2260 3014
4 1753 1758 1381 2327
4 1396 1789 1792 2386
4 1801 454 206 1281
4 470 516 539 2499
4 1854 2603 1750 2839
4 1389 1794 1386 2889
4 953 2749 2351 2865
4 1021 803 1088 2746
4 666 2473 665 2775
4 854 814 816 3007
4 1001 840 1020 2334
4 1028 2444 891 2855
4 82 1529 1555 2622
4 405 384 462 2540
4 1764 1574 1763 2793
4 740 2751 1027 3038
4 2277 2343 11 2861
4 951 2638 933 2923
4 1521 1523 1705 2653
4 459 489 405 2600
4 869 1093 1071 2728
4 1430 1431 1571 2516
4 33 2299 2440 3000
4 466 393 465 2411
4 1213 1074 2345 3036
4 2215 2722 2655 3018
4 897 789 2587 2773
4 749 692 1086 2260
4 46 2079 47 2511
4 2172 2998 2481 3005
4 718 2860 2299 3051
4 1154 1979 647 2585
4 1787 1503 2374 2553
4 1462 2524 1464 2984
4 503 629 527 2829
4 2489 2603 1854 2839
4 1057 912 1058 2324
4 684 2364 719 2796
4 1112 757 754 2982
4 84 2109 85 2526
4 1261 1852 2006 2839
4 1812 524 1277 2449
4 2320 2822 1346 2968
4 641 155 1177 2464
4 794 2581 1115 2816
4 880 2287 882 2851
4 2447 2747 2185 2976
4 1597 1649 1890 2300
4 2288 2752 2267 3011
4 1106 1107 2558 3036
4 1261 1961 1856 2839
4 2606 2813 2311 3014
4 748 2288 710 3011
4 2370 2271 2917 2942
4 614 1172 401 3043
4 664 665 666 2473
4 731 2439 1085 2820
4 1040 1004 1027 3038
4 1277 1890 2449 2673
4 2126 111 108 3045
4 1497 1639 1647 2810
4 2478 2631 2173 2920
4 1961 1925 1856 2839
4 2172 2563 2998 3005
4 1866 1737 2577 2627
4 2178 2443 2347 2886
4 353 434 641 2928
4 2223 2583 2522 2853
4 49 2081 48 2603
4 1082 683 685 2820
4 2374 2553 1503 2870
4 1155 1933 632 2586
4 2248 2142 2765 2880
4 2028 1919 1992 2811
4 2372 2782 2187 2957
4 2317 2615 2167 2984
4 2054 2270 9 2861
4 739 2705 986 2935
4 11 2527 10 2681
4 766 976 2725 2776
4 2240 2757 2618 2834
4 2445 2483 2188 3039
4 2655 2722 2244 3018
4 2407 2458 2195 3037
4 1185 1190 637 2715
4 102 1358 2121 2629
4 1700 2544 2412 2916
4 12 2508 9 3049
4 1132 985 984 2809
4 1733 2698 1641 2748
4 2216 2688 2675 3015
4 510 2494 519 2704
4 1240 1009 1121 2402
4 2292 2227 2735 2905
4 860 861 859 2816
4 1851 1828 1663 2648
4 590 1297 2568 2833
4 740 742 1027 2751
4 2026 1937 2018 2619
4 1490 26 1489 2791
4 650 1253 1152 2628
4 2399 2413 2148 2887
4 2028 2410 2811 2969
4 2419 2691 2235 2992
4 827 1073 829 2818
4 1677 1290 2432 2929
4 1657 2346 2492 2948
4 1128 2428 763 3032
4 121 2135 120 2550
4 1389 1392 1666 2545
4 360 482 1157 2462
4 1939 2034 1997 2577
4 1672 1878 2709 2857
4 1055 821 819 2271
4 2232 2662 2558 2912
4 2005 1926 1291 2846
4 1353 2642 2487 3016
4 396 397 395 2761
4 1194 2389 2040 2852
4 2543 2661 2201 2965
4 596 2759 580 3028
4 1801 1281 1551 2897
4 2195 2772 2357 3037
4 1123 1240 1122 2769
4 996 1084 1092 2502
4 2437 2165 2864 2922
4 2720 2846 2228 2995
4 490 2556 428 2639
4 1721 1477 1566 2361
4 921 951 933 2923
4 1226 1223 1992 2811
4 845 1012 796 2270
4 53 1485 1568 2471
4 2108 2268 87 2921
4 2216 2675 2587 3015
4 24 1843 2559 2659
4 666 736 974 2894
4 1358 1357 1359 2629
4 653 957 1188 2647
4 1250 2639 1100 2971
4 2216 2587 2688 3015
4 802 2313 803 3002
4 2169 2405 2529 3009
4 993 2564 1085 2858
4 1844 554 1269 2802
4 1369 1716 1653 2391
4 762 760 769 2563
4 1416 2947 2613 3055
4 123 2264 2688 2848
4 1572 1571 56 2590
4 2428 2557 2187 2938
4 364 428 433 2556
4 103 3026 2483 3039
4 20 2637 2398 2934
4 558 599 568 2635
4 2156 2606 2502 2812
4 1752 1494 1712 2615
4 724 727 716 2798
4 895 930 929 2967
4 1295 2508 1857 2700
4 1397 1734 93 1787
4 2385 2686 1134 2955
4 2179 2353 2798 2913
4 1658 1758 2576 3026
4 2360 2282 2414 2782
4 1236 2456 1009 2560
4 1608 1843 1907 2559
4 810 1034 856 2602
4 878 1075 2397 3061
4 1353 98 1352 2895
4 760 2563 762 2936
4 1975 2569 2720 2729
4 644 2662 1212 3036
4 2467 2617 854 2778
4 1705 1560 1521 2653
4 1038 852 1036 2841
4 1471 1564 1469 2995
4 541 1906 1893 2561
4 2194 2605 2532 2856
4 2498 2650 949 2823
4 103 2327 3026 3039
4 2275 2860 2299 2911
4 1879 420 1294 2722
4 1578 74 1577 2777
4 1677 1290 1822 2432
4 1046 2725 2506 2902
4 2259 2816 860 2824
4 2183 2291 2705 3038
4 1637 1783 2674 2903
4 2404 2463 2176 2872
4 91 2368 95 2813
4 1797 2825 2518 2927
4 1429 1312 1310 2376
4 878 2397 995 3061
4 1293 1748 1891 2556
4 1545 2501 1670 2721
4 2210 2799 2411 3021
4 1419 1418 1395 2731
4 1112 754 2360 2982
4 1821 2441 1820 2929
4 2086 58 59 2516
4 1795 1436 1490 2330
4 982 963 943 2262
4 706 2566 1044 3011
4 1238 1236 1009 2560
4 2028 2047 2410 2969
4 878 995 1075 3061
4 1412 2516 1430 2683
4 2169 2529 2405 3031
4 114 1673 115 2712
4 2386 1792 2828 3030
4 1349 2567 1377 3016
4 1536 1534 1641 2592
4 741 1018 744 2630
4 525 511 500 2531
4 2213 2536 2423 3052
4 2004 2043 2007 2584
4 784 786 940 2645
4 1810 580 1298 2759
4 2284 2606 2156 2812
4 54 1486 1485 2471
4 714 1068 717 2924
4 1894 1747 2737 2849
4 1010 935 859 2401
4 947 2623 943 2930
4 1520 1645 1740 2436
4 1372 2651 1376 2871
4 843 2465 841 2699
4 1573 1791 1694 2453
4 1693 2338 2552 2828
4 837 839 838 2949
4 2292 2735 1832 2905
4 2623 2836 2490 3004
4 362 2357 413 2772
4 638 1166 1167 2438
4 958 2741 2465 3062
4 52 2474 2603 2814
4 1556 1660 13 2508
4 978 979 838 2949
4 902 1089 1088 2746
4 2337 2413 2184 2894
4 1728 2726 2276 2996
4 2612 2801 2182 2822
4 2311 2368 2202 3020
4 2016 2421 1949 2730
4 1030 2319 1052 2847
4 1102 613 2584 2912
4 1401 1374 1776 2415
4 2337 2580 2148 2887
4 456 372 2668 2715
4 2203 2562 2374 3022
4 2227 2292 2735 3048
4 2261 2563 2323 2998
4 2270 2954 2234 3049
4 2340 2559 2231 2802
4 648 493 1163 2671
4 1015 1014 649 2635
4 2178 2591 2443 2886
4 1160 625 2462 2821
4 730 999 677 2768
4 2156 2320 2485 2909
4 2409 2153 2825 2927
4 489 379 463 2547
4 463 1804 468 2547
4 2166 2251 2699 2946
4 731 687 2367 2820
4 41 43 2826 2942
4 673 2399 849 2887
4 90 1338 1337 2544
4 1590 64 1492 2999
4 787 788 841 2265
4 676 2255 675 2860
4 888 886 887 2858
4 993 888 1111 2858
4 1230 2410 1064 2959
4 491 403 391 2766
4 2574 111 2835 2998
4 2044 1993 2403 2986
4 899 1159 785 2588
4 1879 370 2722 2961
4 1427 120 2135 2550
4 92 2634 2374 3022
4 2194 2551 2294 2726
4 1950 2732 1945 2788
4 1702 1787 1503 2374
4 2229 2645 2607 3045
4 2335 2487 2154 3016
4 111 2817 2261 2998
4 1821 1820 1290 2929
4 1143 952 2506 2985
4 953 635 2351 2749
4 59 2089 63 3010
4 2372 2782 765 2902
4 947 943 963 2930
4 2347 2443 2178 2907
4 2204 2443 2347 2907
4 1681 1504 2903 2983
4 111 2854 2261 3045
4 1076 731 687 2367
4 2173 2687 2429 2920
4 2196 2506 2389 2985
4 2314 2741 2465 2884
4 1398 1643 1731 2368
4 2383 2586 2290 3049
4 1856 1925 1292 2489
4 1098 2339 927 2971
4 2229 2530 2645 3045
4 1014 845 1159 2588
4 2276 2532 2464 2931
4 2190 2410 2382 2969
4 998 908 1211 2383
4 671 737 983 2595
4 2269 2187 2555 2938
4 1935 1946 1947 2732
4 2486 2914 2375 3031
4 708 707 706 2267
4 1410 1417 2481 2550
4 1048 934 2510 2762
4 109 1588 2607 2621
4 1538 2614 2396 2743
4 2077 47 2553 2960
4 2387 2436 2193 2963
4 120 2134 121 2501
4 1052 1030 1032 2319
4 1545 1437 2501 2675
4 1091 729 1047 2594
4 1948 2040 1917 2389
4 2005 2033 1926 2846
4 2158 2250 2830 3029
4 1220 1056 2569 2972
4 55 2471 52 2882
4 2387 2567 1695 2963
4 1864 2349 1745 2943
4 1780 1633 1505 2677
4 2622 2735 2227 2905
4 2869 2923 2421 3033
4 2004 1940 2003 2584
4 1779 2494 2621 2926
4 1131 2704 2530 3046
4 1909 2003 613 2584
4 108 2607 109 2692
4 589 2466 575 2741
4 1847 1706 1840 2357
4 56 2590 57 2896
4 2346 2200 2492 2948
4 1956 2008 2033 2349
4 712 710 2789 2974
4 2227 2505 2292 3048
4 1177 445 617 2605
4 1326 1781 37 2431
4 2524 2626 2167 2984
4 712 2513 2789 2924
4 1391 1652 1675 2433
4 2061 23 22 2528
4 889 2546 1028 2855
4 1513 2302 1696 2964
4 1558 1559 1506 2881
4 1658 2576 2657 3026
4 2410 2189 2956 2959
4 1101 920 837 2448
4 1223 2392 1150 2910
4 2460 2923 2869 3033
4 1024 2392 1223 2811
4 1322 32 1366 2440
4 2559 2659 2231 3053
4 1855 518 1270 2494
4 2192 2914 2486 3031
4 1662 1663 2568 2774
4 59 63 2322 3010
4 2173 2429 2808 2920
4 1866 1818 1737 2627
4 819 2271 821 3035
4 766 2725 2414 2776
4 75 74 2589 2777
4 1081 2686 682 2872
4 2418 2595 671 2898
4 739 740 743 2705
4 2656 2919 2141 3020
4 712 711 710 2974
4 1864 1721 1722 2943
4 2590 2732 2245 2788
4 58 59 2516 2632
4 1978 2569 1910 2729
4 2243 2447 2391 3044
4 497 543 2583 2619
4 879 877 1059 2268
4 2237 2414 2725 2776
4 614 401 352 3043
4 2159 2469 2362 2906
4 1523 86 1525 1557
4 1177 2464 445 2605
4 1155 280 632 1933
4 1389 1390 2670 2947
4 1031 1032 1030 2796
4 53 2085 1485 2471
4 539 1827 1904 2499
4 1804 1903 468 2547
4 1512 114 2128 2435
4 2320 2159 2822 2968
4 120 1437 2134 2501
4 1897 1299 1603 2522
4 937 939 938 2817
4 1410 2550 2481 2667
4 29 28 2545 2670
4 2458 2459 2195 2987
4 1519 2350 1560 3037
4 1024 1150 1223 2392
4 991 2580 1145 2887
4 1904 1303 470 2499
4 2472 2702 2391 2976
4 48 1481 2080 2446
4 2237 2725 2430 2776
4 1283 1609 1900 2461
4 1578 1819 2589 2777
4 1316 2394 1318 2862
4 1037 2841 2310 2915
4 497 534 543 2619
4 932 975 976 2430
4 455 1231 354 2655
4 1309 1409 1307 2355
4 2211 2570 2364 2989
4 2047 1977 2956 2969
4 460 484 465 2864
4 2423 2718 2482 3052
4 8 1662 1493 2527
4 2190 2709 2382 2857
4 1325 1647 2071 1323
4 687 2571 689 2993
4 2156 2520 2420 2909
4 825 827 826 2713
4 114 115 2435 2712
4 956 954 1120 2341
4 1082 2820 2564 2989
4 1386 2379 2889 2980
4 1126 1124 915 2266
4 355 484 451 2864
4 1863 1745 1864 2349
4 1737 1736 1873 2694
4 1512 114 2435 2712
4 614 2658 1172 3043
4 1787 2553 2374 3027
4 967 781 969 3008
4 2465 2542 2265 2884
4 2056 18 19 2521
4 1981 1922 1983 2290
4 1963 1189 1924 2647
4 731 994 1085 2439
4 1807 1664 1816 2681
4 1698 74 1578 2589
4 116 2133 117 2509
4 1459 1457 2578 2952
4 884 1085 994 2439
4 712 2789 2513 2974
4 372 637 2668 2715
4 1377 1349 1739 2567
4 1481 2446 48 2716
4 414 456 372 2668
4 2184 2473 2337 2894
4 406 1830 1289 2537
4 1220 916 1056 2972
4 712 714 2513 2924
4 2226 2576 2493 2805
4 1180 1203 1015 2572
4 2209 2494 2673 2926
4 2366 2589 1819 2777
4 923 2680 2318 2885
4 1787 1503 2553 3027
4 1197 1217 619 2403
4 1732 1644 1740 2790
4 2181 2697 2308 2733
4 2008 1956 2032 2480
4 2319 2570 2143 2847
4 661 662 660 2660
4 2294 2592 2180 2748
4 103 2483 2629 3039
4 1316 2753 2394 2862
4 1252 961 635 2351
4 2448 2208 2636 2882
4 1410 1426 120 2667
4 2680 2788 2245 2852
4 1464 2524 2450 2984
4 860 2816 1115 2824
4 744 742 2630 2780
4 786 772 898 2803
4 757 2414 2782 2982
4 721 2797 1005 2924
4 982 761 964 2899
4 394 360 625 3021
4 693 695 2606 3014
4 2188 2657 2576 3026
4 2218 2746 2529 3009
4 2176 2298 2431 3058
4 1452 2059 18 1505
4 553 584 610 2591
4 2206 2690 2637 2934
4 2162 2390 2622 2996
4 1080 1177 617 2605
4 1490 2330 1548 2825
4 1477 2479 1478 3040
4 2164 2581 2457 2944
4 506 540 2018 2619
4 1051 2658 614 3043
4 2234 2663 2508 2954
4 1967 1918 2690 2877
4 1048 2510 865 2958
4 409 1192 616 2538
4 1560 1519 1521 2350
4 2071 1325 38 2932
4 1103 1150 2714 2910
4 1998 2496 1920 2627
4 821 2424 3006 3035
4 2224 2585 2515 2954
4 778 762 779 2685
4 971 761 965 2899
4 636 579 2517 2844
4 2215 2581 2373 2676
4 406 1289 369 2537
4 1066 2535 2682 2906
4 2192 2529 2403 2914
4 116 2509 117 2657
4 2569 2901 2424 2972
4 492 1805 378 2799
4 1201 921 920 2636
4 1845 1267 2496 2627
4 1716 1653 2391 2976
4 1098 790 2339 2975
4 1157 625 360 2462
4 1303 381 470 2499
4 1506 2771 2301 2881
4 2371 2871 2415 3005
4 1680 2412 1700 3056
4 2255 2911 2072 3000
4 1249 955 2583 2749
4 2114 95 92 2813
4 1991 2720 1867 2846
4 1879 1294 1880 2722
4 474 488 419 2750
4 1600 1573 1596 2453
4 1943 1964 2045 2561
4 1688 1648 2315 2771
4 2366 2165 2777 2941
4 520 2498 527 2823
4 29 2545 1392 2670
4 1245 1258 540 2619
4 1885 2340 1843 2659
4 391 366 387 2283
4 2221 2507 2432 3063
4 2432 2507 2194 3063
4 77 1691 2664 2743
4 1588 1779 1887 2621
4 372 1185 637 2715
4 1553 1727 1535 2551
4 1292 1860 1755 2763
4 168 1153 633 367
4 2431 2541 2176 3058
4 2176 2364 2686 2872
4 2192 2403 2693 2914
4 741 738 1146 2549
4 1211 2786 2586 3012
4 744 742 741 2630
4 2174 2329 2745 2958
4 833 831 2687 2920
4 1410 2481 1408 2667
4 2186 2783 2473 3008
4 2382 2709 2190 2969
4 2214 2850 2376 2904
4 2209 2574 2650 2817
4 1742 1529 2390 2622
4 790 927 1098 2339
4 734 1022 770 2454
4 1049 705 1105 2762
4 789 779 790 2264
4 119 116 2259 2874
4 1051 1172 614 2658
4 885 2384 883 2953
4 1516 1514 1515 2964
4 549 523 515 2522
4 1085 993 1082 2564
4 1477 1476 1478 2479
4 2303 2728 864 2958
4 821 2424 823 3006
4 1392 1389 1390 2670
4 1005 977 896 2797
4 2164 2373 2581 2676
4 2025 2019 1881 2561
4 1855 504 518 2494
4 2140 2744 2511 2988
4 2530 2704 2229 3046
4 1684 1683 1407 2612
4 1779 1598 2494 2926
4 964 659 657 2451
4 771 2457 792 2944
4 1066 2682 1039 2906
4 1003 2531 500 3046
4 2196 2389 2638 2985
4 719 684 682 2364
4 1038 1035 2362 2915
4 2325 2504 2186 3008
4 464 2500 429 2639
4 1638 1637 1783 2674
4 628 2410 1230 2811
4 2511 2744 1471 2995
4 700 702 2470 2819
4 382 460 394 2438
4 1082 2564 751 2989
4 721 1005 1068 2924
4 2400 2600 2225 2836
4 2233 2600 2400 2836
4 436 437 422 2795
4 1391 2433 1675 2980
4 713 712 2513 2974
4 2581 2816 2676 2824
4 1579 1577 2455 2777
4 1922 1981 1982 2290
4 2000 1158 640 2609
4 1921 1988 1295 2663
4 949 2498 1242 2650
4 77 2103 1539 2614
4 2466 2517 2166 3062
4 2826 2917 2271 2942
4 451 449 452 2864
4 1528 1643 1715 2656
4 1561 2637 1877 2690
4 40 2450 41 2718
4 909 877 875 2425
4 959 2741 958 3062
4 702 1061 704 2819
4 1261 1750 1852 2839
4 106 2481 1584 2835
4 1626 1486 1627 2468
4 2412 2697 2256 3056
4 1497 2810 2649 2990
4 1169 448 162 638
4 1610 2366 1819 2777
4 2615 2718 1494 2951
4 924 923 1191 2680
4 1497 2649 1629 2990
4 2271 2815 1055 2972
4 1462 1502 1464 2524
4 1499 2354 2641 3040
4 1214 1989 1942 2693
4 2372 2555 2187 2973
4 49 48 2446 2716
4 453 383 435 2456
4 1276 2382 1712 2951
4 2248 2765 857 3002
4 1975 2569 1910 2720
4 915 914 898 2803
4 2221 2658 2444 2804
4 2655 2795 2215 2824
4 581 582 554 2802
4 2215 2793 2722 3018
4 1516 1515 1518 2734
4 2229 2621 2530 3045
4 683 682 684 2989
4 1735 2634 2420 2968
4 1738 1775 1443 2659
4 626 2389 1198 2638
4 2382 2410 2189 2956
4 1802 315 1302 1938
4 103 2267 99 2933
4 2095 66 1611 2579
4 2375 2633 2301 3031
4 1214 1942 619 2693
4 84 2526 85 2781
4 677 2255 676 2883
4 2229 2621 2607 2706
4 1347 2485 1406 2963
4 2000 2035 2609 2877
4 1859 1834 1280 2708
4 399 357 476 2605
4 11 2861 2588 2907
4 1645 2790 2436 2963
4 1353 1352 2487 2895
4 1766 1374 1372 2371
4 1871 1798 1672 2709
4 1202 1070 2459 3023
4 1202 616 1070 3023
4 1576 72 1639 2810
4 23 22 2528 2674
4 1391 1675 1388 2980
4 1054 855 1139 2562
4 1878 1752 1712 2857
4 2162 2837 2390 2996
4 949 2823 2650 3025
4 804 2279 805 3047
4 1184 2505 623 2863
4 1745 1744 1565 2943
4 88 2374 1734 2760
4 764 2725 1046 2902
4 1371 1346 2822 2968
4 2591 2879 1259 2997
4 1917 2389 626 2638
4 1065 2713 826 2787
4 1176 1080 617 2605
4 576 574 573 2517
4 1295 1853 1857 2508
4 1220 1219 643 2569
4 1297 1662 1663 2568
4 420 2604 1294 2722
4 2330 2573 1548 2825
4 1834 2477 1593 2708
4 378 387 2342 2962
4 401 400 473 2658
4 896 2776 2414 2982
4 1643 2105 80 1526
4 1796 1618 1621 2717
4 926 792 1006 2873
4 1427 2135 1668 2550
4 671 669 2418 2898
4 2370 2189 2815 3052
4 18 19 2521 2677
4 2366 2437 2165 2864
4 1679 2610 1682 2983
4 1147 2779 2599 3041
4 1505 1636 1638 2565
4 92 89 2260 3022
4 1283 1609 2461 2719
4 1051 2991 2658 3043
4 1681 1679 1682 2983
4 811 847 1023 3034
4 2536 2815 2189 3052
4 862 861 860 2259
4 851 2631 2478 2920
4 1281 377 386 2962
4 967 2504 931 2922
4 2537 2622 2227 2905
4 837 836 835 2254
4 1431 58 2086 2516
4 1728 2276 2726 2761
4 884 883 885 2384
4 2333 2444 2175 2855
4 2101 74 1698 2589
4 1390 2947 1416 3055
4 714 713 712 2513
4 2153 2779 2251 2939
4 89 88 2544 2760
4 1125 2647 1188 2843
4 1428 30 1496 2545
4 799 2529 902 2859
4 1954 1955 1956 2488
4 2364 2872 2176 2989
4 439 1192 2538 2668
4 2388 2409 2153 2945
4 91 2311 2813 3057
4 56 1572 2590 2896
4 1918 1806 1965 2690
4 621 2741 589 2997
4 520 524 528 2673
4 2779 2899 2251 2939
4 24 1843 1831 2559
4 711 1011 2838 2974
4 1992 1913 1970 2811
4 2722 2793 2646 3018
4 2276 2194 2726 2761
4 45 1469 1564 2995
4 950 2704 1207 2823
4 1550 1667 1447 2405
4 1166 638 163 382
4 2142 2765 2422 2809
4 1135 989 2785 2955
4 1999 1939 1866 2577
4 421 455 475 2655
4 2159 2682 2535 2906
4 1983 2036 1930 2289
4 1480 2641 2446 3040
4 1253 946 2623 2628
4 1790 2338 1498 2828
4 439 637 1192 2668
4 1379 1335 1333 2601
4 1538 2396 1640 2743
4 15 11 2053 2343
4 2126 108 2854 3045
4 766 1046 764 2725
4 56 57 2087 2896
4 957 651 2583 2619
4 24 1443 1843 2659
4 1589 2137 122 2503
4 1918 1966 1967 2690
4 693 694 695 3014
4 1306 1805 1808 2342
4 1795 2330 1490 2825
4 687 688 689 2571
4 1807 10 2527 2681
4 809 810 3001 3059
4 27 2884 2791 2979
4 480 427 431 2346
4 2328 2146 2932 3017
4 2358 2219 2665 3059
4 1158 2609 1941 2910
4 2455 2777 1577 2832
4 945 1186 1175 3012
4 1250 1244 1100 2639
4 411 2459 415 2987
4 2421 2519 2196 2869
4 49 2603 48 2716
4 766 976 975 2725
4 2343 2593 1738 3055
4 588 1269 554 2802
4 2815 2972 2213 2978
4 410 411 415 2987
4 1332 1334 1678 2916
4 31 2945 2265 2979
4 1225 1088 1089 2746
4 2634 3022 2203 3027
4 1367 2733 2697 2983
4 1822 1824 2432 2761
4 1190 1057 1058 2668
4 1507 117 2509 2657
4 1415 1738 2593 3055
4 1415 1738 1425 2593
4 1158 2000 1941 2609
4 813 1023 1104 3034
4 1814 1616 1273 2799
4 2208 2421 2730 2923
4 2286 2183 2705 2739
4 2742 2251 2899 2939
4 88 1338 2110 2544
4 734 2454 770 2913
4 2184 2473 2775 2850
4 764 765 2782 2902
4 830 2478 1041 2808
4 885 1079 887 2856
4 536 2025 541 2561
4 2175 2497 2551 3063
4 1850 2458 1718 2772
4 778 735 762 2936
4 2317 2167 2626 2984
4 90 1398 1337 1339
4 1711 2423 1870 2951
4 1316 1629 2394 2990
4 931 2598 930 2922
4 1503 1726 1468 2553
4 24 2062 25 2559
4 792 771 791 2457
4 1910 2569 1219 2978
4 2537 2622 1743 2996
4 732 1083 693 2606
4 1714 2634 2380 3027
4 15 2055 12 2315
4 1829 2537 1743 2996
4 675 676 677 2255
4 1755 2603 2489 2716
4 1815 1814 1286 2411
4 2444 2497 2221 2804
4 2569 2972 1056 2978
4 1708 2292 2750 2764
4 27 2265 2792 2884
4 2375 2679 2183 2739
4 39 2255 35 3017
4 1790 2468 2828 3030
4 2006 1961 1261 2839
4 1383 2667 1408 2871
4 553 606 584 2591
4 470 461 516 2499
4 406 2537 407 2905
4 1672 1878 1874 2709
4 1862 1920 2014 2496
4 919 833 1106 2558
4 1881 1301 1605 2561
4 1983 2289 1930 3012
4 2931 2953 2532 3050
4 1205 1013 1203 2585
4 2171 2394 2413 2868
4 2184 2413 2394 2868
4 58 2516 1413 2632
4 2200 2736 2457 2873
4 1498 2338 1693 2828
4 1218 1911 640 2684
4 1790 1627 2468 3030
4 1663 1896 1297 2568
4 2187 2555 2322 2973
4 373 1238 438 2560
4 2269 2854 2428 2938
4 2159 2434 2822 2968
4 1540 2614 1538 2743
4 2167 2450 2370 2942
4 2238 2971 2339 2975
4 2458 2772 415 2987
4 1372 1766 2371 2871
4 1779 2621 1587 2926
4 1465 2450 40 2718
4 1795 1490 1548 2825
4 385 467 538 2500
4 1508 117 2133 2509
4 1519 2734 2350 3037
4 2194 2546 2507 2856
4 2183 2705 2679 3038
4 2506 2725 2150 2902
4 1920 1862 1267 2496
4 2182 2800 2470 2819
4 1104 1230 1064 2959
4 542 513 533 2719
4 2329 2594 2193 2738
4 1521 1519 1520 2891
4 613 1909 2584 2912
4 2215 2604 2722 2793
4 368 400 447 2441
4 371 2543 2458 2965
4 1917 626 1953 2638
4 537 1827 539 2499
4 44 2075 41 2482
4 2539 3003 115 3018
4 865 934 863 2510
4 31 2265 27 2979
4 1099 1098 927 2971
4 1404 1761 2632 2950
4 1708 2735 2292 2764
4 2354 2840 2479 3040
4 17 20 2057 2398
4 1989 283 1214 1942
4 1404 1403 1761 2950
4 1454 1456 2528 2674
4 895 893 1050 2257
4 1336 1368 1700 2544
4 1997 1994 1998 2627
4 2209 2650 2498 2823
4 1596 1839 1282 2590
4 1602 1603 1604 2616
4 1160 2462 658 2740
4 2077 46 47 2960
4 67 2836 2262 3004
4 2202 2554 2397 3020
4 2232 2603 2474 2814
4 2255 2883 2404 3058
4 349 1936 2010 1837
4 804 3002 2279 3047
4 1386 1388 1389 2379
4 1230 2811 2410 3034
4 1675 1416 1390 2947
4 1743 2735 2622 2905
4 754 2360 2782 2957
4 2530 939 2817 3025
4 2735 2764 87 2900
4 2174 2734 2387 2964
4 1978 1219 1910 2569
4 1332 1330 1331 2575
4 998 1000 2711 2786
4 1709 2625 2426 2895
4 2647 2827 2240 2843
4 2588 2861 2277 2907
4 2299 2911 2860 3000
4 978 976 977 2776
4 1979 647 2585 3042
4 1368 2544 88 2760
4 1214 1175 282 1989
4 2189 2615 2382 2951
4 1861 2488 1722 2763
4 1872 1276 1712 2951
4 2297 2773 2152 3015
4 2029 2015 1951 2757
4 2168 2789 2445 2974
4 808 2602 2381 3001
4 2312 2562 2203 2977
4 648 532 493 2671
4 731 685 687 2820
4 24 2559 25 2659
4 1343 1344 2420 2909
4 2142 2654 2321 2754
4 2791 2884 2314 2979
4 2409 2825 2153 2945
4 1538 1759 1640 2396
4 2228 2720 2569 2729
4 72 1542 1639 2664
4 1294 1764 1880 2604
4 1743 2622 2537 2905
4 2458 2772 2195 3037
4 1752 2615 1461 2984
4 1897 521 501 2719
4 822 2307 2977 3035
4 2206 2714 2392 2910
4 1726 2553 1503 3027
4 1990 1222 293 1224
4 2157 2771 2315 2881
4 845 2515 1013 3019
4 1613 1797 1548 2825
4 1679 1367 2697 2983
4 2416 2728 2174 2958
4 868 2416 1069 2845
4 1412 1430 1694 2683
4 425 427 438 2560
4 1691 1542 77 2664
4 660 1160 2740 2821
4 1825 194 450 1265
4 733 707 709 2672
4 1336 2544 1700 2916
4 1544 1414 1624 2747
4 2178 2252 2755 3053
4 2284 2813 2606 3014
4 1850 1858 1719 2458
4 103 2267 2933 3039
4 1316 1629 1318 2394
4 2013 2032 1914 2480
4 1790 1627 1486 2468
4 1750 2474 1849 2696
4 1106 2558 2687 3036
4 725 972 970 2678
4 916 823 821 2424
4 1750 1749 2474 2603
4 2097 68 71 2355
4 912 2324 2770 2845
4 839 2636 932 2949
4 1888 1657 1279 2842
4 1031 1033 1034 2624
4 577 556 607 2876
4 2266 2555 2372 2973
4 870 2738 1047 2745
4 1227 2815 2536 2978
4 1849 2696 2474 2875
4 619 1214 283 1942
4 2008 2480 2013 2729
4 2312 2553 43 2826
4 2264 2587 2773 3015
4 2231 2559 2314 2802
4 998 2711 2383 2786
4 2663 2774 2508 2954
4 1996 632 1933 2586
4 1980 2586 1933 3042
4 747 771 1109 2393
4 1195 1259 2879 2997
4 667 2620 668 2894
4 998 911 1000 2786
4 1609 1651 1900 2461
4 1084 758 1092 2640
4 656 1157 166 482
4 473 2970 452 3043
4 2309 2151 2674 2903
4 2162 2931 2276 2996
4 1872 1711 1870 2951
4 2465 2314 2884 2979
4 2028 1977 2047 2969
4 1912 2022 2042 2696
4 577 605 574 2533
4 2548 2714 1103 3001
4 1993 619 284 1942
4 932 933 975 2430
4 2228 2720 2729 2846
4 1102 1201 920 2448
4 755 2428 753 2957
4 360 2462 625 3021
4 1232 2655 1026 2824
4 634 2680 948 2852
4 2156 2485 2790 2909
4 2201 2459 2458 2965
4 1450 2521 1448 2677
4 486 473 452 3043
4 1545 1770 1437 2675
4 1698 1578 1819 2589
4 867 1048 865 2958
4 753 755 763 2428
4 606 584 2591 2997
4 680 2686 1081 2872
4 1674 1879 2646 2961
4 1347 1406 1739 2963
4 1728 2726 1824 2761
4 718 2299 2809 3051
4 1594 2475 1902 2652
4 792 2457 1006 2873
4 27 2314 2791 2884
4 113 2128 115 2435
4 2313 2859 2746 3009
4 1102 1206 613 2912
4 1848 1599 1274 2869
4 2002 1292 1925 2489
4 60 2618 61 2896
4 100 2752 2288 2918
4 2359 2513 2168 2974
4 2515 2954 2585 3019
4 1170 619 284 1993
4 111 2261 107 2998
4 193 450 369 1825
4 2236 2893 2523 2946
4 1797 1620 2825 2927
4 1767 2356 1793 2990
4 2248 2279 3002 3047
4 543 515 523 2583
4 997 1091 1047 2738
4 859 2401 793 2944
4 394 2438 390 3021
4 1389 2379 1388 2947
4 2638 2730 2421 2923
4 962 1171 1169 2437
4 1053 1052 1032 2778
4 1295 1803 2039 2700
4 17 2694 2521 3009
4 1643 1526 1723 2554
4 2214 2775 2473 2850
4 2048 1962 2788 2827
4 1715 1642 1530 2656
4 1183 958 960 2741
4 1584 1408 2481 2871
4 622 1003 500 3046
4 1711 1710 1875 2718
4 629 2498 949 2823
4 1215 624 1216 2480
4 683 1082 751 2989
4 2348 2185 2797 2982
4 1567 2603 1755 2716
4 1283 1601 1609 2719
4 734 2611 2454 2913
4 2509 2676 119 2793
4 1782 1681 1504 2903
4 589 557 575 2466
4 1037 2819 759 2915
4 1259 2591 1237 2879
4 2800 2819 2182 2915
4 1410 1417 1408 2481
4 1499 2641 1480 3040
4 2201 2458 2543 2965
4 1714 2380 1501 3027
4 39 35 2328 3017
4 2311 2767 750 2993
4 1558 1593 1559 2477
4 1168 1237 630 2443
4 2163 2714 2548 3001
4 119 2259 2676 2874
4 1568 1750 1749 2474
4 1148 973 970 2794
4 2024 600 1944 2572
4 1534 1536 1535 2592
4 2373 2604 2215 2793
4 711 1011 1108 2838
4 455 2655 354 2795
4 2171 2595 2418 2898
4 1015 1013 1014 2515
4 671 2595 983 2898
4 52 2814 2254 2882
4 1067 995 880 2767
4 2310 2182 2819 2915
4 558 568 597 2635
4 1056 2972 1227 2978
4 1524 85 2526 2781
4 859 2816 2401 2944
4 1932 1957 1955 2488
4 1559 1593 1834 2477
4 938 2650 2817 3025
4 2067 1428 29 2545
4 701 2470 702 2966
4 1177 1080 1181 2464
4 2226 2672 2327 2933
4 2518 2825 2153 2927
4 1797 2518 1373 2927
4 556 580 264 1284
4 1729 1681 1782 2983
4 2172 2651 2371 2871
4 2250 2727 2295 2830
4 99 2119 103 2327
4 1866 1288 1999 2577
4 638 448 162 382
4 1424 2352 2633 2888
4 1025 862 922 2539
4 2284 2260 2813 3014
4 2263 2418 2620 2868
4 2704 2823 950 3025
4 2180 2564 2331 2858
4 808 2381 806 3001
4 2012 2489 1925 2839
4 666 974 664 2473
4 2318 2680 2245 2885
4 2620 2868 2413 2894
4 832 2631 851 2920
4 1403 1402 1401 2557
4 663 661 971 2660
4 2320 2801 1346 2822
4 1861 1932 1272 2488
4 1841 1596 1282 2732
4 540 534 1245 2619
4 781 662 664 3008
4 976 766 896 2776
4 2223 2514 2351 2865
4 1945 1950 1946 2732
4 792 791 1006 2457
4 2204 2527 2347 2833
4 818 2617 816 2917
4 598 560 1162 2628
4 1989 1175 282 1930
4 2391 2447 2185 2976
4 2330 2791 1490 2999
4 1728 1727 1824 2726
4 2218 2627 2577 2694
4 1679 2697 2610 2983
4 961 1003 1002 2531
4 2065 31 27 2330
4 1088 1225 1021 2746
4 933 975 2430 2985
4 1425 29 1392 2670
4 2374 3022 2634 3027
4 1048 1049 934 2762
4 1008 1236 618 2456
4 2335 2154 2567 3016
4 1891 1771 1293 2503
4 1619 2518 2355 2904
4 2014 1862 2496 2878
4 882 884 994 2851
4 1020 938 1001 2650
4 403 168 633 367
4 1975 1910 2569 2729
4 906 1181 1080 2532
4 522 2583 523 2749
4 1113 1126 898 2555
4 1877 2525 1268 2690
4 2191 2574 2550 2835
4 1807 10 2050 2527
4 127 2139 124 2442
4 2430 2636 2170 2949
4 1388 2379 1386 2980
4 510 508 509 3046
4 1735 1687 2634 2968
4 2559 2231 2884 3053
4 2669 2674 2151 2903
4 400 368 457 2441
4 2465 2741 2466 3062
4 956 957 651 2583
4 2003 1204 613 2584
4 584 610 2591 2886
4 467 1256 538 2500
4 1580 1581 2460 2994
4 2318 2245 2806 2885
4 1268 1871 2001 2525
4 1402 2557 1403 2950
4 1625 1628 2447 3030
4 2602 3001 810 3059
4 1454 2528 22 2674
4 751 2564 2463 2989
4 99 2642 2327 2933
4 1724 1337 1335 2395
4 1143 2506 1046 2725
4 1407 1709 1685 2426
4 2148 2643 2399 2887
4 541 1893 505 2561
4 1572 1839 1571 2590
4 1232 1026 922 2824
4 2503 2644 2238 2688
4 2172 2563 2323 2867
4 1247 1016 2443 2758
4 1657 1656 1884 2948
4 545 520 527 2823
4 1562 1563 1546 2701
4 1408 2667 2481 2871
4 1375 2651 1372 2992
4 358 432 1833 2750
4 2015 1964 2647 2757
4 1412 1414 1405 2683
4 18 2521 1450 2677
4 27 2559 2314 2884
4 938 2817 939 3025
4 1452 1505 1638 2565
4 1358 102 1357 2629
4 2280 2808 2429 2818
4 566 595 552 2568
4 1593 2708 2477 2878
4 1353 1697 2642 3016
4 454 377 206 1281
4 1350 1351 1352 2487
4 2213 2901 2271 3052
4 1249 955 651 2583
4 840 2334 1001 3024
4 413 362 412 2357
4 2580 2695 2246 2967
4 556 580 1284 2652
4 105 2854 108 2938
4 1275 1858 442 2543
4 63 2616 2514 2701
4 1030 686 684 2570
4 1826 2547 1800 2759
4 414 412 362 2357
4 448 2437 1169 3043
4 1271 443 190 358
4 621 589 1196 2997
4 1171 1169 2437 3043
4 1531 1742 1529 2390
4 1762 1545 1670 2721
4 49 2080 51 2446
4 2162 2532 2931 2953
4 1440 1574 1654 2597
4 995 878 880 2397
4 2138 124 121 2848
4 1425 1392 1415 2670
4 1750 2474 1568 2875
4 2416 2174 2745 2958
4 121 2134 123 2501
4 1353 2487 1351 3016
4 1913 2038 1969 2910
4 431 453 480 2456
4 1519 1560 1717 3037
4 21 1455 1561 2637
4 1096 1097 917 2408
4 388 2462 389 3021
4 1207 508 526 2704
4 2465 2466 2166 3062
4 1972 1915 2536 2978
4 439 412 414 2538
4 1050 2257 893 2991
4 708 748 710 3011
4 2184 2868 2620 2894
4 830 1041 828 2808
4 1808 1805 1273 2799
4 1157 658 1160 2462
4 36 2069 33 2332
4 160 401 352 614
4 2034 2577 1999 2877
4 2481 2667 2172 2871
4 896 766 757 2414
4 742 2751 2780 2937
4 1996 632 280 1933
4 2388 2599 2265 2945
4 1028 904 891 2444
4 1941 2609 1969 2910
4 1226 628 1230 2811
4 1932 2488 1861 2763
4 1702 1734 2374 2760
4 460 390 394 2438
4 1213 1212 1074 3036
4 39 2073 36 2431
4 2223 2749 2583 2865
4 508 510 2704 3046
4 786 1002 2645 2803
4 668 667 669 2620
4 1880 1674 1879 2646
4 2295 2631 2158 2830
4 123 2264 121 3015
4 1103 1229 1150 2910
4 67 2262 2742 3004
4 1922 1982 2039 2700
4 1492 1549 1548 2573
4 1341 1380 1343 2520
4 1373 1619 1311 2518
4 406 1830 2537 2905
4 44 2988 2511 2995
4 382 448 449 2437
4 2000 640 1911 2684
4 1076 2367 687 2993
4 92 2374 89 3022
4 119 2133 116 2509
4 445 1177 155 2464
4 961 953 635 2351
4 2392 2714 1150 2910
4 432 1833 189 358
4 92 2111 89 2374
4 1768 1604 1836 2618
4 1421 2343 1738 3055
4 2257 2220 2804 2991
4 2143 2601 2308 2916
4 1668 2550 1586 2835
4 1147 1149 900 2779
4 1461 1752 1671 2857
4 2172 2323 2563 3005
4 2103 77 76 2614
4 1001 2650 1242 3024
4 1446 1558 1506 2831
4 1344 1735 2420 2968
4 2209 2650 2823 3025
4 2423 2951 2189 2956
4 916 821 1055 2972
4 1981 1983 1996 3012
4 2271 2815 2370 2917
4 119 2676 2509 2874
4 2034 1995 2577 2877
4 1764 1882 1883 2604
4 1618 1313 2484 2927
4 87 2268 83 3048
4 2317 2190 2857 2952
4 538 1256 1179 2500
4 935 793 859 2401
4 2352 2495 2183 2888
4 1420 104 1432 2692
4 2336 2733 1729 2983
4 1058 2538 1192 2668
4 1947 1948 1917 2389
4 195 1822 395 1265
4 1406 2790 2485 2909
4 1227 1063 2536 2815
4 1084 697 758 2640
4 1115 794 926 2581
4 492 1273 1805 2799
4 715 671 669 2418
4 706 1044 708 3011
4 1145 928 1119 2580
4 2373 2215 2676 2793
4 1909 2043 2584 2912
4 1855 1598 1835 2494
4 1618 1313 1315 2484
4 1742 1555 1529 2622
4 622 500 508 3046
4 655 1256 467 2500
4 1577 72 1576 2832
4 962 930 2598 2922
4 1439 1654 1655 2948
4 2303 2174 2728 2958
4 2558 2662 2205 3036
4 1261 1854 1750 2839
4 952 2852 948 2885
4 1990 1976 2536 2956
4 1497 1793 2810 2990
4 1564 1471 2744 2995
4 2193 2790 2485 2963
4 515 543 506 2619
4 2507 2546 2194 3063
4 95 91 2113 2368
4 2296 2723 2243 2797
4 2002 1959 1957 2763
4 1682 1679 1786 2610
4 596 555 580 2759
4 1567 2081 1749 2603
4 1344 1346 1371 2968
4 1662 1664 2527 2833
4 401 160 1172 614
4 594 1905 602 2648
4 809 1103 2714 3001
4 417 419 418 2715
4 1744 1868 1564 2995
4 1977 2382 1929 2956
4 1001 2334 2650 3024
4 1481 48 1754 2716
4 2001 1970 1968 2709
4 388 378 2342 2799
4 1532 1642 1733 2748
4 1534 1733 1641 2748
4 1856 1292 1755 2489
4 897 778 789 2773
4 1054 1139 1086 2562
4 1738 1443 1425 2593
4 1466 1720 1503 2870
4 1212 2662 1107 3036
4 54 1790 1484 1486
4 1675 1688 1416 2613
4 1114 1022 897 2773
4 1491 1606 1607 2791
4 764 765 756 2782
4 1787 1726 1503 3027
4 9 2050 11 2527
4 452 451 2366 2970
4 109 2607 1588 2692
4 1660 8 2051 2508
4 444 1294 420 2604
4 500 509 508 3046
4 1361 2419 1665 2992
4 795 1127 2755 2879
4 664 2473 974 3008
4 843 841 842 2699
4 74 2777 75 2832
4 2142 2809 2299 3051
4 1184 1060 623 2505
4 11 2054 9 2861
4 1952 1274 2049 2519
4 2462 2740 1160 2821
4 1512 1741 114 2712
4 587 608 583 2886
4 761 659 964 2451
4 1735 1342 1344 2420
4 1185 1060 1190 2715
4 1612 70 1611 2579
4 716 713 2513 2798
4 33 2068 35 2440
4 445 357 617 2605
4 1069 869 1070 3023
4 380 652 170 404
4 1311 2518 1619 2904
4 1294 444 1882 2604
4 2464 2931 2532 3050
4 1806 326 1965 1268
4 1778 110 1587 2621
4 2450 2615 1463 2984
4 1873 1876 1288 2398
4 95 2115 92 2420
4 1026 1025 922 2539
4 1154 1931 1979 2585
4 1643 1398 1715 2919
4 1715 1724 1642 2919
4 382 163 1166 394
4 881 2596 1094 2953
4 1282 2590 1839 2834
4 1700 2412 1701 3056
4 1450 1505 18 2677
4 2162 2726 2837 2996
4 2571 2813 2311 3057
4 81 2104 83 2390
4 842 1147 900 2599
4 742 768 2751 2937
4 1336 1337 1338 2544
4 808 1135 806 2381
4 469 601 1255 2540
4 2347 2527 2204 2907
4 1736 1449 16 2694
4 849 999 991 2643
4 1876 1669 1561 2398
4 2245 2680 2590 2788
4 2240 2590 2680 2788
4 757 896 2414 2982
4 641 434 155 2464
4 2347 2527 1664 2833
4 2356 2810 1793 2990
4 1405 1544 1760 2747
4 469 462 601 2540
4 479 1850 1264 2772
4 1664 1895 2347 2833
4 395 450 194 1265
4 1424 2633 1423 2888
4 818 1072 816 2617
4 606 561 584 2997
4 1105 707 733 2672
4 2022 1949 2016 2421
4 1779 1587 1598 2926
4 1285 1833 432 2750
4 2196 2421 2869 2923
4 291 1919 628 1226
4 946 942 943 2523
4 2527 2681 11 2907
4 443 1271 191 2905
4 1695 1518 1515 2387
4 164 625 1166 394
4 2444 2804 2658 2991
4 870 1047 867 2745
4 1154 654 277 1931
4 2160 2452 2468 2925
4 1567 48 2603 2716
4 1131 1207 2704 3046
4 2441 2497 2804 2929
4 580 555 263 1298
4 1117 2517 1161 3062
4 448 1169 161 3043
4 1833 1271 190 358
4 1437 1770 122 2675
4 570 596 572 3028
4 2181 2733 2336 2983
4 51 2083 55 2338
4 362 413 1264 2772
4 2024 1257 600 2572
4 2184 2413 2868 2894
4 1924 1963 311 1189
4 1172 159 401 642
4 1424 1446 1423 2633
4 1359 2483 1756 2892
4 742 2780 767 2937
4 926 1116 1115 2581
4 548 498 1900 1651
4 1701 2412 2760 3056
4 2599 2945 2330 2979
4 2444 2546 2175 2855
4 620 1223 1150 2910
4 627 361 1210 2661
4 379 454 207 1300
4 1550 1845 1667 2405
4 77 76 2614 2743
4 63 62 2616 2701
4 1202 1070 1071 2459
4 985 2809 2765 3051
4 1289 193 369 1825
4 1782 1681 2903 2983
4 1497 1629 1793 2990
4 417 1185 372 2715
4 2126 105 107 2854
4 1239 1002 1003 2531
4 846 1063 1062 2815
4 1876 1561 1877 2690
4 455 475 2655 2795
4 489 471 379 2400
4 900 844 842 2699
4 1355 1753 1381 2327
4 1461 2626 1462 2984
4 61 2618 1768 2896
4 2145 2760 2412 3056
4 1938 1802 315 1988
4 2162 2931 2596 2953
4 529 2671 532 2829
4 1854 2489 1755 2603
4 1658 117 1507 2657
4 1281 386 205 1304
4 2596 2953 2931 3050
4 1257 2020 654 2572
4 676 675 674 2860
4 2428 2940 753 2957
4 1296 1811 502 2737
4 1295 1803 317 2039
4 721 980 1005 2797
4 119 2676 2259 3018
4 655 467 464 2500
4 1454 1783 1456 2674
4 1648 1445 1688 2315
4 854 816 1072 2617
4 2186 2534 2376 2908
4 532 2671 648 2829
4 700 759 702 2819
4 1463 1465 1494 2450
4 2362 2800 2182 2915
4 477 408 407 2928
4 2165 2864 2411 2941
4 1398 1731 1339 2368
4 223 503 1164 629
4 868 1069 871 2845
4 1257 2024 2020 2572
4 1909 2043 2003 2584
4 1462 1461 1460 2626
4 2208 2421 2923 3033
4 1512 2435 1741 2712
4 1662 8 1661 2774
4 907 1094 2596 3050
4 2315 2771 1648 2881
4 2658 2991 2220 3043
4 1673 1570 2131 2646
4 2027 602 1905 2648
4 1453 2058 1451 1452
4 119 2509 116 2874
4 1898 1748 2556 2849
4 2192 2301 2831 3031
4 606 2591 1165 2997
4 1143 1198 952 2985
4 1849 2474 1750 2875
4 1629 2649 2394 2990
4 579 576 2517 2844
4 2473 2775 666 2894
4 1966 1918 1965 2690
4 1477 1475 1476 2479
4 1450 1448 1780 2677
4 1157 1160 625 2462
4 2298 2911 36 3058
4 2359 2838 1011 2974
4 776 799 800 2859
4 19 17 2056 2521
4 59 2322 2973 3010
4 1671 2857 1672 2952
4 1042 1061 1037 2689
4 2697 2733 2181 2983
4 1712 1276 1878 2382
4 631 1240 1123 2769
4 2085 52 55 2471
4 2506 2725 1143 2985
4 2395 2544 2143 3057
4 2195 2357 2772 2987
4 1455 1456 1457 2528
4 1946 1950 1923 2852
4 2164 2816 2581 2944
4 1819 1610 1817 2366
4 1481 1754 2446 2716
4 2224 2774 2663 2954
4 1494 2450 1465 2718
4 1207 2704 526 2823
4 682 2872 2364 2989
4 2262 2742 2523 2899
4 2227 2928 2863 3050
4 1084 695 697 2812
4 398 375 447 2432
4 2167 2942 2370 3007
4 1563 2616 62 2701
4 1005 2797 896 2982
4 1133 1081 2686 2955
4 1231 455 145 627
4 1704 1263 1875 2482
4 497 522 215 1249
4 1977 2021 2382 2969
4 585 612 591 2758
4 1156 652 170 380
4 992 2768 730 2807
4 1480 1482 50 2641
4 1931 654 277 2020
4 230 501 514 1897
4 99 2267 2752 3054
4 740 739 738 2935
4 1977 2021 2011 2382
4 579 576 573 2517
4 2131 119 115 2646
4 1719 1858 1869 2543
4 2173 2305 2687 2920
4 2145 2870 2760 3056
4 87 2735 2900 3048
4 988 989 746 2785
4 44 2901 2271 2988
4 516 461 129 385
4 169 652 1153 367
4 1554 1533 2726 2837
4 1616 1814 1815 2411
4 2260 89 2813 3057
4 1215 298 624 2013
4 103 99 2327 2933
4 1130 937 1129 2261
4 725 2678 1149 3041
4 2405 2627 2218 2694
4 1227 1055 2815 2972
4 742 767 768 2937
4 1943 2025 536 2561
4 18 16 1449 2056
4 2143 2571 2363 2847
4 1796 2409 1620 2927
4 2197 2549 2418 2935
4 1331 1330 1329 2575
4 367 169 652 404
4 701 702 703 2966
4 1975 1910 1973 2720
4 1625 1628 1653 2447
4 615 1910 1219 2978
4 913 2548 807 2981
4 773 1090 899 2755
4 851 2478 830 2920
4 704 722 706 2566
4 1844 268 1269 554
4 375 195 1822 395
4 44 2826 2078 2988
4 2027 565 602 2648
4 1248 1015 649 2635
4 461 490 429 2499
4 2428 2854 2269 3032
4 59 57 2086 2516
4 2155 2348 2707 2940
4 45 1703 2075 2482
4 43 41 2074 2450
4 1975 2729 2720 2846
4 1567 48 2081 2603
4 2160 2386 2828 3030
4 1660 1556 1857 2508
4 1268 2001 1965 2525
4 2531 2645 2229 3046
4 1804 1300 1800 2547
4 1454 22 1638 2674
4 2216 2644 2688 2769
4 1707 2735 1708 2764
4 1977 2011 1929 2382
4 1375 1382 1376 2651
4 2227 2735 2622 3048
4 1198 626 952 2389
4 12 2051 9 2508
4 2244 3003 2539 3018
4 2278 2742 2899 2939
4 1941 1969 2038 2910
4 1693 1396 1792 2828
4 701 2594 2470 2966
4 647 1205 2585 3042
4 25 2559 2884 3053
4 593 1826 1298 2759
4 1337 2395 1724 2919
4 1033 1134 856 2385
4 2236 2475 2652 2876
4 1594 1810 2490 2652
4 1967 1999 1918 2877
4 806 2381 1135 3047
4 1924 2015 2647 2827
4 2315 2710 2157 2881
4 745 986 739 2705
4 800 1132 1136 2422
4 83 2107 87 2735
4 1901 1810 1298 2759
4 903 964 657 2766
4 723 2469 696 2906
4 1845 1818 1267 2627
4 47 2079 44 2988
4 821 3006 822 3035
4 1660 1853 1661 2508
4 640 1158 2000 287
4 1805 204 378 1304
4 463 379 208 1300
4 598 1162 650 2628
4 1007 1008 1006 2873
4 1173 642 1172 2658
4 469 1156 380 2540
4 1111 890 992 2807
4 965 1149 971 2779
4 1290 196 1822 375
4 1717 2734 1519 3037
4 2606 2812 2284 3014
4 1846 2519 1274 2869
4 950 1207 1187 2823
4 1581 1569 1580 2460
4 404 367 459 2600
4 454 471 392 2897
4 2061 20 23 2528
4 2275 2860 987 3051
4 1701 2760 2870 3056
4 1222 1063 1224 2536
4 1149 2779 1147 3041
4 1457 1458 1459 2578
4 859 793 2816 2944
4 2077 1503 42 1468
4 2360 2782 2414 2982
4 1156 469 1255 2540
4 1697 1582 1753 2642
4 2169 2405 2633 3031
4 1406 2485 1345 2909
4 2566 2230 2689 3029
4 2191 2574 2835 2998
4 2196 2724 2460 2869
4 406 407 408 2905
4 807 2548 1103 3001
4 1149 2678 2779 3041
4 2370 2942 2617 3007
4 1237 1165 630 2591
4 513 498 551 2461
4 1696 1697 1377 3016
4 1069 2845 2416 3023
4 2292 2207 2764 2900
4 2569 2720 2228 2901
4 2213 2720 2569 2901
4 597 568 567 2635
4 1552 1676 1539 2497
4 2720 2901 2482 2995
4 1890 1812 1277 2449
4 1417 2550 1668 2835
4 2028 2047 1919 2410
4 1155 2586 1211 3042
4 1977 2382 2956 2969
4 1439 1762 1418 2721
4 338 1861 1292 2763
4 818 816 817 2917
4 2228 2729 2349 2846
4 1296 502 530 2737
4 1869 1741 1719 2712
4 2176 2872 2463 2989
4 366 656 166 482
4 105 108 2123 2692
4 1309 1619 2355 2904
4 681 751 2463 2989
4 1954 1272 1932 2488
4 2207 2750 2292 2764
4 844 2699 2893 3062
4 2542 2879 2252 3053
4 1723 1644 1380 2781
4 1691 1639 1542 2664
4 1257 1180 600 2572
4 2370 2815 2271 3052
4 287 1158 2000 1941
4 1621 1315 1317 2753
4 1692 1693 1788 2552
4 1315 1314 1316 2753
4 2143 2363 2571 3057
4 2539 2655 2244 3018
4 189 1285 1833 432
4 727 2611 734 2913
4 1508 118 1763 2793
4 2095 71 67 2579
4 2016 1940 2004 2730
4 2225 2262 2836 2930
4 1794 2717 1621 2889
4 497 214 534 1245
4 633 656 167 403
4 2212 2639 2500 2971
4 2292 2764 2735 2900
4 499 1249 522 2749
4 2311 2141 2767 2993
4 1717 1516 2734 3037
4 1830 191 1271 2905
4 2030 2014 2496 2878
4 1428 1392 29 2545
4 1131 1130 940 2530
4 2193 2567 2387 2963
4 1135 989 990 2785
4 2191 2817 2574 2998
4 1127 1090 795 2755
4 799 902 801 2859
4 1608 1907 1844 2802
4 839 921 932 2636
4 116 2576 113 2805
4 1554 1533 1727 2726
4 352 448 161 3043
4 2165 2504 2438 2922
4 1406 1732 2790 2909
4 1935 2519 1842 2732
4 2409 2545 2149 2717
4 1820 1262 198 368
4 406 192 369 1289
4 1209 1155 1211 3042
4 1255 601 1178 2540
4 2350 2653 2147 2891
4 555 593 1298 2759
4 507 385 538 2500
4 1677 1822 1824 2432
4 2236 2475 2946 3004
4 1343 2520 1380 2909
4 2223 2351 2749 2865
4 868 867 866 2745
4 822 2977 820 3035
4 2458 2195 2772 2987
4 1121 897 1122 2587
4 1813 269 1844 581
4 1799 1801 1551 2579
4 1588 109 1778 2621
4 1222 1227 2536 2978
4 1658 1381 1758 3026
4 107 2125 111 2835
4 2262 2836 2623 3004
4 1640 1378 1691 2743
4 1971 1927 1972 2423
4 1575 2442 126 2849
4 647 1154 278 1979
4 1730 1399 1641 2698
4 1985 1984 1931 2585
4 641 434 2464 2928
4 1537 1538 1539 2614
4 378 387 388 2342
4 918 2687 2429 3036
4 1067 994 1076 2851
4 1036 2841 1037 2915
4 948 634 1191 2680
4 868 869 1069 2416
4 762 769 1020 2685
4 83 2622 82 2735
4 409 148 356 616
4 2327 2933 2672 3039
4 1657 2492 1655 2948
4 1713 1474 1472 2890
4 1608 1844 1269 2802
4 2455 2534 2186 2908
4 1147 842 788 2599
4 1842 1935 2049 2519
4 44 2901 2988 2995
4 1121 1009 1007 2402
4 1618 1373 1313 2927
4 1687 1714 1735 2634
4 2208 2923 2460 3033
4 2167 2617 2942 3007
4 1997 1998 1920 2627
4 1242 2498 629 2829
4 2238 2688 2644 2769
4 120 1427 1410 2550
4 84 87 2109 2526
4 1631 1385 1319 2666
4 25 2062 27 2559
4 1661 8 1662 1493
4 27 2265 2884 2979
4 670 981 668 2413
4 2228 2901 2720 2995
4 1956 2033 2005 2349
4 65 2475 2946 2999
4 1865 2496 1862 2878
4 1752 1463 2615 2984
4 1283 521 1897 2719
4 866 864 2728 2958
4 1801 207 454 1300
4 1517 1717 1718 3037
4 442 2543 478 2961
4 507 516 129 385
4 1614 1310 1308 2608
4 527 2498 629 2823
4 1865 1845 1267 2496
4 111 2125 110 2835
4 1908 1890 1592 2449
4 795 1183 1195 2542
4 2436 2790 2193 2963
4 1021 805 803 2981
4 1752 1461 1463 2984
4 316 1802 1295 1988
4 805 913 807 2981
4 56 2087 1572 2896
4 866 2745 867 2958
4 322 1267 1818 1920
4 544 532 531 2671
4 689 691 750 2993
4 1490 2791 1491 2999
4 409 439 1192 2538
4 1014 1013 845 2515
4 1581 2724 1791 2869
4 1965 1968 1966 2525
4 583 582 581 2340
4 1924 2647 1189 2827
4 2167 2524 2450 2942
4 1316 1384 1629 2990
4 2423 2482 2213 3052
4 1874 1928 1871 2709
4 39 2911 2255 3058
4 2375 2914 2529 3031
4 881 1094 883 2953
4 1836 1301 1773 2618
4 1839 1773 2834 2896
4 192 406 1830 1289
4 1286 451 200 1817
4 1635 1366 32 2654
4 1363 1794 1621 2889
4 1359 1756 1659 2892
4 2240 2834 2618 2896
4 651 955 956 2583
4 1752 1463 1494 2615
4 2271 2826 44 2988
4 1197 902 1019 2529
4 604 584 561 2997
4 1239 2531 1003 3046
4 1743 1829 1289 2537
4 2365 2665 2167 3007
4 1245 1233 1258 2619
4 341 1261 1852 2006
4 426 424 364 2644
4 2001 2525 1871 2709
4 1794 1666 1796 2717
4 1033 1031 719 2796
4 1623 2724 1581 2994
4 123 2137 127 2503
4 815 1104 846 2959
4 2011 329 1276 1874
4 2394 2649 2148 2990
4 2167 2615 2450 2984
4 2374 2203 3022 3027
4 715 2549 738 2935
4 1594 1810 1901 2490
4 2632 2973 2322 3010
4 1604 1603 1299 2522
4 1429 2534 1615 2908
4 948 2852 2680 2885
4 2027 1905 1938 2648
4 991 928 1145 2580
4 372 439 414 2668
4 1779 1855 1270 2494
4 2252 2879 2755 3053
4 1579 1578 1577 2777
4 889 890 888 2855
4 2230 2566 2512 3054
4 1529 1530 1531 2390
4 1579 1577 1617 2455
4 2512 2566 2267 3054
4 47 2826 2307 2988
4 737 739 986 2935
4 522 499 216 1249
4 77 2614 1540 2743
4 1544 1760 2747 2976
4 406 443 191 2905
4 1729 2733 1367 2983
4 1038 1036 1035 2915
4 1791 1573 1600 2453
4 1881 1893 1906 2561
4 572 560 2628 2844
4 1593 1823 2708 2878
4 1800 1300 1799 2400
4 2196 2869 2460 2923
4 197 1290 1820 447
4 1134 2686 1081 2955
4 321 1862 1267 1920
4 371 1850 415 2458
4 1242 949 629 2498
4 629 1187 495 2823
4 1743 1832 2735 2905
4 667 2775 2620 2894
4 2680 2852 2245 2885
4 31 27 2330 2979
4 859 793 794 2816
4 103 2933 2327 3039
4 968 1167 1166 2438
4 1105 934 1049 2762
4 2015 1964 1963 2647
4 1222 1915 1990 293
4 2185 2747 2472 2976
4 1302 1938 1905 2648
4 1028 905 1029 2546
4 440 2661 416 2965
4 1087 2535 1066 2906
4 725 1149 972 3041
4 648 493 225 1163
4 2380 2960 1501 3027
4 2267 2752 2566 3011
4 1204 1201 1102 2584
4 321 1862 1920 2014
4 1206 919 1107 2558
4 2231 2314 2559 2884
4 271 559 587 1895
4 1995 2000 2684 2877
4 1434 1588 2607 2692
4 31 2330 2945 2979
4 455 354 475 2795
4 1702 1734 1787 2374
4 754 2782 756 2957
4 67 2490 2836 3004
4 1572 1839 2590 2896
4 1295 2039 1921 2700
4 907 1095 1094 3050
4 148 1202 356 616
4 1770 1545 1769 2675
4 1610 1819 1578 2777
4 1195 1259 1237 2879
4 2225 2400 2579 2897
4 256 553 591 1247
4 1361 1659 1665 2419
4 581 269 1844 554
4 2254 2814 2448 2882
4 511 509 500 2531
4 525 218 1003 500
4 123 2675 2688 3015
4 1161 251 1251 573
4 756 754 757 2782
4 1786 1680 1502 3056
4 1247 1016 630 2443
4 1688 1422 1416 2613
4 2204 2568 2527 2833
4 1154 647 1205 2585
4 1943 2045 2019 2561
4 1695 2567 1739 2963
4 1113 898 772 2555
4 2558 2205 2687 3036
4 2437 2598 2165 2922
4 1368 1338 88 2544
4 532 529 531 2671
4 1496 1620 1796 2409
4 1419 2731 1757 2784
4 980 977 1005 2797
4 2146 2768 2404 3017
4 821 823 822 3006
4 1992 1919 291 1226
4 794 2816 793 2944
4 24 1831 2062 2559
4 872 997 870 2738
4 1877 1798 1268 2525
4 43 2312 2826 2942
4 2298 2883 2275 2911
4 218 1003 1252 525
4 1278 1664 1895 2347
4 1616 1808 1273 2799
4 1125 2827 2647 2843
4 2450 2524 2167 2984
4 700 2800 1035 2915
4 39 2255 3017 3058
4 1496 1666 1428 2545
4 1914 624 298 2013
4 1388 2947 2379 2980
4 727 1017 2798 2913
4 903 633 1153 2766
4 1924 2048 2015 2827
4 1744 1564 1471 2744
4 2203 2682 2307 2977
4 1228 640 1158 2609
4 1531 1532 1533 2837
4 1421 1547 1738 2343
4 1662 1297 1664 2833
4 1743 2537 1830 2905
4 91 2544 2395 3057
4 1554 2726 1728 2996
4 2153 2825 2518 2939
4 2270 2234 2954 3019
4 2386 2160 2828 2918
4 628 1064 1230 2410
4 1748 1293 1892 2556
4 2092 67 65 3004
4 62 2089 1774 3010
4 1944 600 563 2572
4 1852 1750 1849 2696
4 822 3006 2307 3035
4 466 355 201 1814
4 1604 1299 1605 2522
4 547 509 512 2706
4 2215 2581 2676 2824
4 422 2604 420 2722
4 2001 327 1871 1268
4 2221 2546 2507 3063
4 727 747 1017 2913
4 2226 2327 2642 2933
4 614 161 1169 3043
4 526 2704 545 2823
4 1875 1870 1711 2423
4 657 656 633 2766
4 1758 2129 112 1509
4 1417 2481 2550 2835
4 464 429 374 2639
4 1506 1648 2771 2881
4 1221 1026 627 2661
4 519 510 518 2494
4 626 1917 1194 2389
4 1409 1309 1619 2355
4 1538 1640 1540 2743
4 1476 1474 1500 2840
4 1476 1689 1478 2840
4 1373 1797 1619 2518
4 1242 629 1164 2829
4 463 468 384 2547
4 729 2594 701 2966
4 2353 2611 2172 2867
4 1280 1823 319 2708
4 1532 1534 1533 2748
4 1567 1854 1755 2603
4 1611 1551 1612 2579
4 1994 2684 1911 2986
4 1463 1464 2450 2984
4 795 2542 1195 2879
4 1626 2582 1624 2994
4 814 2467 2665 3007
4 2347 2681 2527 2907
4 844 2893 1117 3062
4 1990 1919 628 292
4 712 1141 721 2789
4 1562 1609 1601 2701
4 725 972 2678 3041
4 1072 1053 854 2778
4 382 449 460 2864
4 1960 2662 2031 2912
4 1975 1978 1910 2729
4 1182 1095 1184 2863
4 2091 63 62 2616
4 1264 1850 1718 2772
4 1295 1802 1853 2663
4 439 372 637 2668
4 457 2441 368 2970
4 1402 1760 1400 2472
4 2517 2893 2166 3062
4 700 1035 759 2915
4 655 464 135 1244
4 1657 1769 1655 2492
4 1390 2670 2947 3055
4 1327 1328 1326 2431
4 822 1078 820 2977
4 530 546 494 2449
4 250 636 579 573
4 1586 2574 1587 2835
4 2501 2152 2675 3015
4 546 524 494 2449
4 526 519 545 2704
4 1341 94 1339 1731
4 1765 2475 1590 2999
4 1211 1186 2786 3012
4 124 2135 121 2550
4 1372 1375 1376 2651
4 628 1224 1990 292
4 889 1028 891 2855
4 1665 1757 1395 2731
4 1263 332 1870 1927
4 1925 1959 2002 2489
4 2410 2811 2190 3034
4 111 107 2835 2998
4 396 375 398 2432
4 1913 1968 1970 2392
4 1030 684 719 2796
4 1781 1394 37 2669
4 841 843 958 2465
4 1480 1785 1482 2641
4 1484 1482 1498 2083
4 845 1013 1012 3019
4 1820 1821 1699 2441
4 504 1835 1277 2673
4 1323 34 1321 2649
4 1322 1320 1321 2440
4 1896 273 1297 590
4 114 1741 1673 2712
4 1563 1601 2616 2701
4 1360 1362 1369 2691
4 2257 2804 2444 2991
4 1714 1397 2634 3027
4 1353 1355 98 1753
4 1892 1898 1748 2556
4 522 523 533 2749
4 433 428 490 2556
4 1279 365 1889 2842
4 912 2770 871 2845
4 1972 1974 1915 2978
4 728 734 727 2611
4 159 359 401 642
4 2042 2004 2006 2696
4 504 519 518 2494
4 1335 1334 1333 2601
4 2000 1967 2035 2877
4 2271 2815 2213 3052
4 1720 2870 2524 3056
4 2142 2765 2809 3051
4 1849 1750 1568 2875
4 28 31 2067 2545
4 2141 2311 2767 3020
4 1160 968 625 2821
4 702 701 700 2470
4 1708 2750 1838 2764
4 594 1828 1905 2648
4 1063 1222 1227 2536
4 486 2437 448 3043
4 1415 1421 1738 3055
4 1493 1807 10 2050
4 1999 1939 324 1866
4 905 1028 889 2546
4 268 588 1269 554
4 754 753 2940 2957
4 660 966 1160 2821
4 565 566 594 2648
4 1586 1587 2574 2926
4 415 2458 479 2772
4 1589 1746 126 2137
4 2327 2188 3026 3039
4 1216 1097 1215 2480
4 2079 2511 44 2988
4 574 605 575 2466
4 2110 91 89 2544
4 1369 1360 2691 3044
4 620 289 1913 2038
4 47 2511 2079 2988
4 2196 2638 2421 2923
4 968 966 967 2821
4 2236 2946 2523 3004
4 1584 2481 1417 2835
4 845 785 1159 2588
4 1205 3019 2585 3042
4 1963 653 1189 2647
4 405 489 384 2547
4 539 516 537 2499
4 363 1882 180 444
4 1314 1622 1384 2476
4 1390 1415 2670 3055
4 2163 2381 2602 3001
4 1825 1728 1265 2761
4 2657 2892 1658 3026
4 2251 2893 2699 2946
4 505 229 514 1893
4 96 97 2625 2895
4 2413 2171 2868 2898
4 2628 2844 2236 3028
4 25 2659 2559 3053
4 44 45 2482 2995
4 1830 1743 1289 2537
4 438 1238 631 2560
4 1131 1207 950 2704
4 706 722 1044 2566
4 1218 286 640 1911
4 2191 2550 2481 2835
4 746 676 2860 2883
4 999 849 675 2643
4 1834 1593 1823 2708
4 1773 2618 2834 2896
4 2170 2882 2452 2949
4 76 79 2103 2614
4 635 1249 499 2749
4 238 1812 494 524
4 590 552 595 2568
4 977 976 896 2776
4 520 528 527 2498
4 1701 2760 1702 2870
4 149 409 1192 616
4 987 746 676 2860
4 1291 1926 1867 2846
4 1953 2016 1949 2730
4 734 770 747 2913
4 2144 2613 2947 3055
4 273 1896 552 590
4 1822 1265 1824 2761
4 2278 2899 2779 2939
4 535 538 1179 2500
4 716 1017 713 2798
4 1263 1867 333 1991
4 2271 2901 2424 2988
4 403 656 167 366
4 1094 1181 2953 3050
4 1625 1627 1628 3030
4 2441 2804 2221 2929
4 1106 1212 1107 3036
4 1447 1448 1449 2521
4 1555 2622 1743 2735
4 326 1965 1918 1806
4 105 108 2692 2938
4 1355 1357 102 1381
4 2523 2893 2251 2946
4 651 497 215 1249
4 1658 2657 1583 2892
4 1472 2511 1470 2890
4 2096 2742 65 3004
4 1634 1393 1387 2495
4 1164 503 648 2829
4 2374 1702 2760 2870
4 2221 2804 2497 2929
4 1104 1023 1230 3034
4 2108 87 84 2921
4 2189 2718 2423 3052
4 1125 2680 2827 2843
4 2017 565 2027 2648
4 1229 2609 1158 2910
4 85 1525 1524 2526
4 1065 824 826 2713
4 1584 1408 1417 2481
4 572 609 560 2844
4 2482 2901 2213 3052
4 1535 1537 1553 2551
4 1377 1739 1695 2567
4 1615 1429 1614 2534
4 834 1137 832 2631
4 2225 2836 2600 2930
4 1266 1884 1656 2427
4 1804 463 208 1300
4 832 851 830 2920
4 1701 2870 1720 3056
4 2474 2696 2208 2875
4 1755 1860 1754 2716
4 99 2933 2267 3054
4 756 1113 755 2957
4 754 2940 2360 2957
4 2039 317 1295 1921
4 911 910 858 2486
4 406 191 1830 2905
4 58 59 2632 3010
4 2271 2901 2213 2972
4 36 2072 39 2911
4 1210 361 440 2661
4 854 1138 814 2467
4 1353 1351 1697 3016
4 1228 1158 1229 2609
4 2166 2465 2699 2979
4 667 666 2775 2894
4 2140 2988 2307 3006
4 2033 2729 1975 2846
4 1385 1363 2666 2889
4 2142 2422 2765 2880
4 906 1094 1181 2953
4 810 856 808 2602
4 2169 2529 2859 3009
4 843 958 2465 3062
4 1001 949 1242 2650
4 2100 1541 1543 1542
4 933 2638 1198 2985
4 483 158 1174 642
4 25 2884 2792 3053
4 1679 1681 1367 2983
4 355 451 200 1286
4 342 1912 2006 2696
4 1601 1603 2616 2719
4 1744 1564 2744 2995
4 1947 1952 2049 2519
4 1890 1277 1597 2673
4 604 586 582 2802
4 1809 1765 1607 2533
4 1810 264 580 1284
4 595 590 2568 2833
4 323 1939 1818 1866
4 1683 1346 2801 2822
4 1196 589 561 2997
4 778 1022 735 2773
4 1151 1153 652 2600
4 81 84 2554 2921
4 2166 2699 2893 2946
4 1506 1648 1652 2771
4 442 1858 371 2543
4 1133 1134 1081 2955
4 1075 1083 732 3061
4 1937 1963 653 312
4 328 1874 1928 1871
4 1117 2893 2517 3062
4 401 473 352 3043
4 2271 2988 2424 3035
4 1024 1023 847 3034
4 1614 1308 1808 2608
4 1143 952 925 2506
4 1471 1473 1744 2744
4 537 516 517 2499
4 1375 1372 1364 2992
4 1969 1941 2035 2609
4 1299 230 514 1897
4 1799 1300 1801 2400
4 1073 918 829 2429
4 2025 1943 2019 2561
4 1970 1992 2811 2969
4 65 2946 2475 3004
4 629 495 527 2823
4 1192 1058 1199 2538
4 1570 2646 1880 2793
4 678 677 676 2883
4 2988 3006 2424 3035
4 1233 1937 653 312
4 925 1046 1143 2506
4 1756 1658 2892 3026
4 2213 2815 2271 2972
4 2347 2178 2681 2907
4 1239 940 1002 2645
4 1351 1353 1352 2487
4 498 1900 233 548
4 1756 2483 1357 3026
4 1717 1516 1519 2734
4 1991 1867 1926 2846
4 671 670 669 2898
4 672 671 983 2898
4 819 2917 2271 3035
4 843 2699 844 3062
4 767 1090 773 2937
4 2240 2827 2680 2843
4 119 2646 118 2793
4 1470 1501 2890 2960
4 1594 1590 1902 2475
4 1826 1903 1804 2547
4 763 784 1129 3032
4 1875 1710 1703 2482
4 525 1252 217 499
4 1241 631 1123 2769
4 2010 2029 1951 2834
4 33 2440 35 3000
4 499 635 216 1249
4 1262 1817 199 402
4 1470 2890 2511 2960
4 1907 1885 1813 2340
4 1364 1361 1665 2992
4 641 2464 1181 3050
4 2178 2755 2879 3053
4 1261 341 1961 2006
4 1888 1770 1769 2675
4 732 1084 996 2502
4 559 592 608 2833
4 2262 2623 2523 3004
4 1162 946 2628 2844
4 1664 1278 1816 2347
4 360 389 2462 3021
4 1168 899 1127 2755
4 1018 1146 1148 2794
4 1502 1720 2524 3056
4 808 806 807 3001
4 2213 2815 2536 3052
4 688 687 686 2847
4 686 1030 1052 2847
4 720 688 1052 2847
4 1755 1854 1856 2489
4 1593 1865 1862 2878
4 1633 1366 1635 2654
4 1859 1803 1857 2700
4 1264 1840 187 362
4 573 251 1251 557
4 334 1867 1291 1926
4 1656 1883 1266 2427
4 853 1066 1078 2682
4 1863 336 2005 1954
4 2189 2718 2615 2951
4 2161 2355 2756 3013
4 87 2900 2268 3048
4 1726 2960 2553 3027
4 819 820 2917 3035
4 123 2688 2264 3015
4 330 1872 1929 1276
4 636 250 1161 573
4 1978 2008 2013 2729
4 2676 2816 2259 2824
4 1077 992 730 2807
4 182 370 420 1879
4 1710 1465 40 2718
4 1810 1284 580 2652
4 564 601 462 2540
4 2017 2046 1985 2648
4 2265 2945 2599 2979
4 1861 1272 1722 2488
4 1353 1697 1753 2642
4 735 2611 728 2936
4 2826 2917 2312 3035
4 1191 1125 2680 2827
4 1852 342 2006 2696
4 82 2622 1555 2735
4 1864 1722 1272 2488
4 2162 2622 2931 2996
4 438 373 139 1238
4 1410 1427 1668 2550
4 616 2538 1199 3023
4 548 1270 496 2706
4 445 155 434 2464
4 1894 1747 1811 2737
4 1847 2772 1718 3037
4 934 865 1048 2510
4 524 504 1277 2673
4 2508 2700 2234 3049
4 2336 2669 2151 2903
4 1961 2012 1925 2839
4 1191 924 2680 2843
4 1223 620 289 1913
4 912 873 871 2770
4 219 622 1003 500
4 2468 2828 2160 2925
4 327 2001 1965 1268
4 1866 1873 1288 2577
4 751 1077 681 2463
4 119 2131 118 2646
4 750 1067 1076 2767
4 1655 1769 1762 2492
4 723 698 696 2469
4 2467 2167 2665 3007
4 1479 1477 1478 3040
4 1546 1420 1434 2692
4 1688 1652 1648 2771
4 975 2725 2430 2985
4 377 2897 391 2962
4 955 954 956 2865
4 2028 2811 1992 2969
4 180 1266 1882 363
4 2275 2299 2860 3051
4 2213 2972 2569 2978
4 1920 2030 2014 2496
4 831 833 832 2920
4 957 1245 651 2619
4 2158 2830 2689 3029
4 750 2767 1076 2993
4 913 1103 807 2548
4 1880 1764 1763 2793
4 690 689 688 2571
4 1869 2543 1275 2961
4 2184 2775 2473 2894
4 1200 2638 951 2730
4 19 2521 2677 2880
4 825 917 827 2818
4 694 696 695 2812
4 497 523 522 2583
4 2012 1959 1925 2489
4 617 1177 156 445
4 2539 2824 2655 3018
4 698 700 699 2800
4 46 2511 47 2960
4 804 857 3002 3047
4 1421 2053 14 1433
4 1024 2811 1230 3034
4 532 648 503 2829
4 1920 1818 322 1997
4 2504 2783 2186 3008
4 1681 1729 1367 2983
4 65 2946 2573 2999
4 2071 38 39 2932
4 815 817 816 3007
4 360 389 482 2462
4 2227 2622 2537 2931
4 606 1165 561 2997
4 843 2465 2699 3062
4 1632 1366 1633 2654
4 493 225 532 648
4 1756 1658 1583 2892
4 941 1123 2769 2975
4 1952 1949 2022 2421
4 1472 1470 1501 2890
4 1927 1263 333 1991
4 2307 3006 2988 3035
4 1750 1854 1749 2603
4 1120 1124 924 2843
4 1980 1981 1933 2586
4 1327 1725 1329 2541
4 897 789 1122 2587
4 1210 147 1202 440
4 431 427 430 2346
4 1191 2680 1125 2843
4 1062 1227 1055 2815
4 1810 580 263 1298
4 2311 3020 2202 3061
4 423 376 137 1241
4 1275 184 442 1858
4 1492 1490 1491 2999
4 119 115 2646 3018
4 1637 2669 1782 2903
4 1357 1756 1359 2483
4 402 198 1262 368
4 1584 1766 1408 2871
4 1383 1408 1376 2871
4 1372 1376 1766 2871
4 701 729 1091 2594
4 680 1081 682 2872
4 681 679 680 2872
4 1788 1690 1370 2625
4 1066 853 1039 2682
4 19 2677 2565 2880
4 1406 1347 1345 2485
4 1909 2031 2043 2912
4 728 735 734 2611
4 2164 2676 2581 2816
4 1303 1904 1827 2499
4 1960 1208 644 2662
4 1465 1463 1464 2450
4 641 1182 154 353
4 718 987 2860 3051
4 1680 1700 1701 3056
4 1010 861 1110 2493
4 1433 2052 1444 1493
4 1585 1587 110 2835
4 710 1141 712 2789
4 615 2037 1910 2978
4 2552 2625 97 3029
4 1427 125 1668 2135
4 2210 2438 2821 3021
4 1195 960 1259 2997
4 118 2646 1570 2793
4 1146 738 715 2549
4 1921 316 1295 1988
4 2564 2820 2211 2989
4 1893 229 514 1299
4 2523 2623 2236 3004
4 962 931 930 2922
4 1784 1632 1780 2754
4 2649 2810 2148 2990
4 873 872 871 2770
4 975 1143 2725 2985
4 627 455 145 361
4 1865 1267 1862 2496
4 1632 1784 1634 2754
4 684 686 685 2570
4 614 352 161 3043
4 1743 2622 1742 2996
4 991 1145 849 2887
4 736 981 1145 2887
4 673 849 981 2887
4 2147 2653 2526 2891
4 404 459 405 2600
4 1298 593 262 1826
4 147 1202 440 356
4 942 901 943 2523
4 1689 1500 1684 2840
4 695 732 693 2606
4 652 1152 1151 2600
4 917 1216 1073 2818
4 281 1930 1175 3012
4 500 219 622 508
4 1742 2837 1554 2996
4 1139 855 1078 2977
4 272 590 559 2833
4 577 574 576 2876
4 625 164 360 394
4 555 593 262 1298
4 2019 1936 350 1301
4 1480 2446 1479 3040
4 2034 1999 1995 2877
4 2122 107 105 2415
4 984 718 983 2809
4 1412 1413 1430 2516
4 1050 1051 1171 2991
4 1939 1818 1997 323
4 177 1279 1886 430
4 381 461 470 2499
4 421 475 422 2722
4 377 386 205 1281
4 2405 2694 2218 3009
4 505 515 536 2561
4 810 2602 808 3001
4 2542 2231 2879 3053
4 517 507 535 2500
4 330 1929 2011 1276
4 1568 2471 1487 2875
4 786 1002 940 2645
4 2542 2792 2265 2884
4 297 1215 643 2013
4 2195 2416 2845 3023
4 716 713 714 2513
4 567 566 563 2572
4 1098 2339 2971 2975
4 2184 2394 2753 2868
4 58 2632 1413 3010
4 2467 2617 2167 3007
4 214 497 651 1245
4 1184 1059 1060 2505
4 498 232 1900 521
4 813 2665 812 3059
4 1087 723 696 2906
4 1039 1087 1066 2906
4 1039 1038 723 2906
4 2539 2259 2824 3018
4 158 483 359 642
4 374 428 423 2639
4 1514 2435 1513 2964
4 952 2389 1194 2852
4 1617 1767 1622 2908
4 1732 1406 1345 2909
4 1732 1343 1380 2909
4 1343 1345 1344 2909
4 1428 1666 1392 2545
4 1622 1312 1429 2908
4 807 1103 809 3001
4 1976 1972 1915 2536
4 2209 2704 2530 3025
4 1811 1296 1894 2737
4 2292 2900 2735 3048
4 1106 833 831 2687
4 435 480 453 2456
4 1410 1408 1383 2667
4 975 1143 1046 2725
4 2145 2524 2870 3056
4 2465 2884 2265 2979
4 718 987 674 2860
4 1505 1450 1780 2677
4 1107 2662 1208 2912
4 581 1813 270 587
4 1079 906 1080 2532
4 45 1703 2482 2995
4 1507 1442 1441 2509
4 2383 2711 2157 2786
4 1193 634 948 2852
4 851 1041 830 2478
4 1554 1742 1531 2837
4 929 969 1119 2783
4 391 392 491 2897
4 607 562 577 2533
4 1065 826 852 2787
4 632 2586 1996 3012
4 799 1019 902 2529
4 681 2872 682 2989
4 1461 1671 1459 2952
4 2160 2727 2452 2925
4 304 1204 2003 1940
4 1043 730 992 2768
4 2192 2529 2914 3031
4 754 755 753 2957
4 1626 1624 1580 2994
4 1570 1880 1763 2793
4 1950 2048 1962 2788
4 804 990 857 3047
4 683 681 682 2989
4 1690 2625 1788 3060
4 1336 1338 1368 2544
4 151 372 1185 637
4 1342 1343 1344 2420
4 2371 2172 2871 3005
4 1602 2091 62 2616
4 1971 1972 1976 2423
4 1797 1373 1620 2927
4 1415 1392 1390 2670
4 1909 2003 303 613
4 644 1916 1960 2662
4 2154 2487 2642 3016
4 621 960 2741 2997
4 1410 1668 1417 2550
4 1443 1831 24 1843
4 1303 1892 173 381
4 1268 1798 1871 2525
4 490 461 381 2499
4 641 1177 1181 2464
4 1183 795 787 2542
4 1523 1522 2526 2891
4 1867 334 1991 1926
4 1234 143 646 2795
4 87 83 2735 3048
4 2445 2672 2267 3039
4 1796 1620 1618 2927
4 1499 1480 1478 3040
4 825 2713 824 3006
4 1583 1757 1659 2892
4 281 1175 632 3012
4 91 2813 2114 3057
4 925 952 948 2885
4 1565 1473 1475 2491
4 829 830 2808 2920
4 2323 2998 2563 3005
4 1486 1487 1485 2471
4 1530 1528 1715 2656
4 1253 946 947 2623
4 286 2000 640 1911
4 1637 1781 1782 2669
4 1846 1274 1599 2869
4 2370 2917 2617 2942
4 1431 1413 58 2516
4 2380 2890 1501 2960
4 1098 2971 1100 2975
4 777 767 744 2780
4 1429 1615 1617 2908
4 1322 1366 1320 2440
4 272 559 1895 2833
4 1037 1061 759 2819
4 712 2789 721 2924
4 1117 843 844 3062
4 1897 231 501 521
4 2158 3029 2625 3060
4 101 102 1358 2121
4 2410 2956 2382 2969
4 1323 1321 1497 2649
4 2234 2954 2508 3049
4 532 544 493 2671
4 279 1933 1155 3042
4 503 223 527 629
4 2191 2835 2481 2998
4 2225 2579 2400 2836
4 232 1283 1900 521
4 1232 646 2655 2795
4 813 814 2665 3007
4 923 1191 2680 2885
4 1931 1984 1979 2585
4 120 1426 1437 2501
4 1790 1498 1693 2828
4 1936 349 1301 1837
4 2188 2672 2445 3039
4 2536 2815 2213 2978
4 832 1137 851 2631
4 1288 1999 324 1866
4 1200 639 1953 2730
4 502 1827 241 537
4 1778 1587 1779 2621
4 1101 1102 920 2448
4 2826 2312 2977 3035
4 336 1863 1272 1954
4 860 794 1115 2816
4 41 2450 43 2942
4 1502 1720 1464 2524
4 1243 645 1123 2769
4 1133 678 746 2883
4 255 606 553 1165
4 26 1489 1606 1831
4 1193 2040 1923 2852
4 494 1812 239 1296
4 97 2116 99 2895
4 47 43 2553 2826
4 1847 1717 1560 3037
4 1434 1588 1650 2607
4 1296 1811 240 502
4 1850 1719 1718 2458
4 52 2081 49 2603
4 1581 2869 1599 3033
4 1259 1165 2591 2997
4 567 600 1180 2572
4 1089 1218 2684 2986
4 47 2078 2826 2988
4 1158 288 620 2038
4 188 1840 1285 362
4 1008 1009 1236 2456
4 514 549 515 2522
4 449 448 486 2437
4 1238 373 140 1236
4 2585 2954 2234 3019
4 16 18 1449 1451
4 1891 1746 1589 2503
4 2356 2148 2810 2990
4 1860 1861 1722 2763
4 1524 1525 1523 2526
4 1923 1948 1946 2852
4 1908 1592 1894 2442
4 458 1266 179 363
4 2230 3029 2566 3054
4 390 2799 388 3021
4 962 638 1167 2922
4 1714 1787 1397 3027
4 1189 2647 1125 2827
4 1306 1307 1305 2756
4 490 428 429 2639
4 1544 1405 1414 2747
4 150 439 637 1192
4 1135 1134 989 2955
4 1226 290 1992 1223
4 2160 2828 2468 3030
4 1817 451 199 402
4 579 609 576 2844
4 1915 1222 2536 2978
4 1493 1662 1807 2527
4 974 2783 969 3008
4 108 2621 2607 3045
4 1252 635 217 499
4 1051 1173 2658 2991
4 1278 271 587 1895
4 1568 1485 1487 2471
4 1995 1911 1994 2684
4 553 256 630 1247
4 2412 2544 2143 2916
4 2418 2868 2171 2898
4 2625 3029 2552 3060
4 828 827 829 2808
4 959 621 958 2741
4 13 1445 1556 2710
4 967 931 1167 2922
4 1600 1842 2519 2732
4 1879 420 182 1294
4 2140 2424 2988 3006
4 1045 1142 1144 2727
4 1654 1439 1440 2597
4 580 2652 578 3028
4 1579 2777 2455 2941
4 146 1210 627 361
4 681 683 751 2989
4 1370 96 2625 2895
4 1325 1327 38 2932
4 1291 1868 1745 2846
4 645 1241 1123 2769
4 1131 622 1207 3046
4 1704 2482 1703 2995
4 811 813 812 3059
4 1711 2718 2423 2951
4 1154 278 1979 1931
4 1107 1212 644 2662
4 809 811 810 3059
4 445 397 476 2605
4 1367 1330 1332 2733
4 279 1155 647 3042
4 1214 1217 945 2693
4 1567 1754 48 2716
4 75 2101 79 2589
4 1651 1270 548 2706
4 1571 1839 1596 2590
4 670 672 673 2898
4 1952 2023 344 1848
4 1286 201 355 1814
4 46 1470 2511 2960
4 829 831 830 2920
4 718 2809 985 3051
4 1187 221 495 1207
4 1934 1950 1945 2788
4 2120 2752 97 3054
4 2792 2884 2542 3053
4 1243 2769 1123 2975
4 946 943 947 2623
4 2041 1916 300 1213
4 1882 1294 181 444
4 2463 2872 681 2989
4 1174 1029 1176 2507
4 718 984 985 2809
4 325 1806 1918 1288
4 373 435 140 1236
4 1508 1507 117 2509
4 745 775 776 2739
4 10 1807 1547 2681
4 1645 1406 2790 2963
4 2482 2720 2213 2901
4 880 882 1067 2851
4 1275 2543 442 2961
4 1221 627 1210 2661
4 890 891 892 2855
4 1401 1411 1403 2557
4 432 188 1285 362
4 416 361 441 2661
4 768 1040 1027 2751
4 615 1222 2037 2978
4 2152 2773 2587 3015
4 375 1290 196 447
4 1806 1877 1268 2690
4 118 1570 1763 2793
4 1811 1827 241 502
4 1826 1800 1298 2759
4 1980 1921 1982 2700
4 222 495 629 1187
4 416 478 442 2543
4 1219 296 643 1978
4 760 936 769 2563
4 1328 1781 1326 2431
4 1915 1990 1976 2536
4 1645 1406 1740 2790
4 866 864 1093 2728
4 1171 1051 614 3043
4 97 3029 2895 3054
4 2008 2032 2013 2480
4 1823 1986 319 2708
4 2676 2824 2259 3018
4 2658 2804 2220 2991
4 1733 1730 1641 2698
4 1601 1283 1603 2719
4 1709 1370 2625 2895
4 440 411 2459 2965
4 1319 1318 1320 2862
4 2232 2603 2489 2839
4 1480 1481 1479 2446
4 548 1900 233 1651
4 338 1292 2002 2763
4 1947 2049 1935 2519
4 1056 1227 615 2978
4 1192 1199 616 2538
4 806 804 805 3047
4 77 1540 1691 2743
4 1933 2586 1155 3042
4 2255 2404 3017 3058
4 749 694 692 3014
4 2620 2775 2184 2894
4 2231 2879 2591 2997
4 729 703 1049 2966
4 2423 2718 2189 2951
4 2255 2860 676 2883
4 667 666 665 2775
4 630 1016 1168 2443
4 1778 1779 1588 2621
4 2441 2589 2220 2804
4 2164 2816 2401 2874
4 2267 2933 2512 3054
4 2270 2954 2515 3019
4 2188 2483 2892 3026
4 1225 1089 1218 2684
4 1524 1523 1522 2526
4 152 417 623 1185
4 693 691 692 3014
4 1347 1348 1346 2801
4 1024 1223 1226 2811
4 2573 2742 68 2939
4 653 311 1963 1189
4 384 132 462 569
4 2215 2655 2824 3018
4 1203 1180 654 2572
4 637 1058 1192 2668
4 101 102 1356 1358
4 421 2722 370 2961
4 1024 1230 1023 3034
4 1783 1637 1782 2903
4 1832 1555 1743 2735
4 1866 1737 1873 2577
4 1454 1638 1783 2674
4 561 589 604 2997
4 288 1158 1941 2038
4 123 2501 2675 3015
4 1991 1973 1927 2720
4 1550 1449 1736 2694
4 1915 2037 1222 2978
4 2171 2862 2394 2868
4 1701 1702 1720 2870
4 643 297 2013 1978
4 204 386 378 1304
4 2542 2884 2231 3053
4 2611 2867 728 2936
4 998 1211 1186 2786
4 1492 1765 1590 2999
4 2537 2931 2622 2996
4 1094 881 907 2596
4 77 1539 1540 2614
4 350 1881 2019 1301
4 347 1934 1945 1841
4 1569 2875 2460 3033
4 1294 420 181 444
4 1833 1838 1708 2750
4 1385 1386 1363 2889
4 1951 2788 1934 2834
4 1160 658 660 2740
4 2225 2579 2369 2897
4 1470 1471 1469 2511
4 1400 1716 1365 2702
4 1501 2960 1726 3027
4 2487 2895 2230 3054
4 2465 2166 2699 3062
4 368 197 1820 447
4 2478 2173 2808 2920
4 1770 2675 1888 2842
4 1624 1626 1625 2582
4 646 143 354 2795
4 248 1162 598 560
4 752 726 2707 2940
4 1850 479 415 2458
4 1459 1495 1457 2952
4 353 1182 153 2863
4 613 1204 1102 2584
4 1162 946 1253 2628
4 749 1066 1087 2535
4 28 2593 25 2792
4 793 771 792 2944
4 739 743 745 2705
4 372 417 151 1185
4 1297 590 272 2833
4 1254 636 2517 2844
4 1785 1480 1499 2641
4 356 411 410 2459
4 1658 1507 1583 2657
4 1922 1280 319 2708
4 1563 1562 1601 2701
4 25 2792 2593 3053
4 541 505 536 2561
4 1959 2031 1960 2662
4 1847 1840 1264 2772
4 993 751 1082 2564
4 774 768 773 2937
4 9 2508 2774 2954
4 2169 2859 2313 3009
4 630 255 553 1165
4 1812 238 1277 524
4 1580 1623 1581 2994
4 2220 2366 2589 2970
4 632 1211 2586 3012
4 1610 2777 1579 2941
4 2220 2589 2441 2970
4 2217 2829 2498 3024
4 231 1897 1283 521
4 1004 775 743 2679
4 1261 340 1856 1961
4 1108 935 1010 2838
4 2485 2790 1406 2963
4 1495 1671 1672 2952
4 1513 1514 1512 2435
4 760 2867 2563 2936
4 1178 1152 1156 2540
4 1870 1872 1971 331
4 639 1200 1953 305
4 303 2003 1204 613
4 1717 1847 1718 3037
4 1082 731 1085 2820
4 504 520 519 2673
4 1191 2680 634 2827
4 47 44 2078 2988
4 467 385 464 2500
4 587 1813 270 1278
4 1419 1395 1757 2731
4 922 860 1115 2824
4 1670 1545 1426 2501
4 1234 436 143 2795
4 2001 1871 1928 2709
4 2229 2607 2621 3045
4 2596 2931 2227 3050
4 602 565 594 2648
4 2490 2236 2652 3028
4 2424 2901 2271 2972
4 540 506 534 2619
4 357 617 156 445
4 1231 1232 646 2655
4 413 415 2772 2987
4 2233 2490 2759 3028
4 1802 1851 1853 2663
4 329 2011 1928 1874
4 2255 2911 2883 3058
4 1472 1471 1470 2511
4 626 1953 1200 306
4 464 374 135 1244
4 1209 3019 1205 3042
4 2753 2862 2263 2868
4 1182 623 153 2863
4 1036 1037 759 2915
4 1709 1370 1690 2625
4 67 2096 65 3004
4 1006 1235 926 2873
4 1826 1804 1800 2547
4 1679 1367 1678 2697
4 2826 2977 2307 3035
4 621 1196 960 2997
4 1254 2517 1117 2893
4 2401 2816 2164 2944
4 953 955 2749 2865
4 2633 2831 2301 3031
4 1569 1581 1599 3033
4 2244 2722 2646 3018
4 1336 1700 1334 2916
4 1424 1447 1446 2633
4 2537 2276 2931 2996
4 2203 2374 2553 3027
4 2552 2752 100 2918
4 2164 2509 2676 2874
4 2240 2788 2680 2827
4 409 412 2538 2987
4 1014 1016 649 2758
4 2610 2697 2181 2983
4 605 577 562 2533
4 1542 77 1541 1540
4 1797 1620 1795 2825
4 1346 1348 1683 2801
4 1699 1698 1819 2589
4 1953 639 1940 2730
4 1494 1465 1710 2718
4 819 820 818 2917
4 253 1196 621 589
4 1274 1842 2049 2519
4 1034 1138 1031 2624
4 83 2622 2735 3048
4 918 1106 2687 3036
4 1223 290 1992 1913
4 1576 72 1543 1542
4 2696 2875 1849 3033
4 743 1004 2679 3038
4 393 1273 492 2799
4 1829 1743 1742 2996
4 235 496 1270 518
4 1526 2106 1527 1525
4 2213 2901 2569 2972
4 1292 1856 339 1925
4 1989 2009 1942 2693
4 2672 2933 2267 3039
4 802 857 2765 3002
4 452 402 451 2970
4 116 2509 2657 2874
4 2513 2789 2168 2974
4 1790 2828 1792 3030
4 1863 335 1291 2005
4 2153 2388 2945 3041
4 2590 2788 2240 2834
4 2397 2767 995 3061
4 1155 632 1211 2586
4 2435 2712 115 3003
4 2523 2742 2262 3004
4 1297 272 1895 2833
4 802 800 801 2859
4 409 439 149 1192
4 560 1162 2628 2844
4 618 141 435 1236
4 469 380 462 2540
4 1141 1144 980 2723
4 132 564 462 569
4 662 661 663 2660
4 1227 1062 1063 2815
4 1368 88 1734 2760
4 2189 2951 2382 2956
4 970 667 665 2775
4 1868 1704 1564 2995
4 1791 1623 1694 2724
4 65 2742 2573 2946
4 531 502 517 2737
4 626 1194 952 2389
4 1999 2034 1939 2577
4 1132 802 857 2765
4 974 969 781 3008
4 30 1496 1795 1436
4 1597 2673 1835 2926
4 939 2530 1131 3025
4 1768 2618 1773 2896
4 320 1823 1862 2878
4 1514 1741 1512 2435
4 1302 1828 1851 2648
4 920 921 839 2636
4 2123 108 109 2692
4 1214 619 1217 2693
4 2153 2945 2599 3041
4 1751 1877 1561 2637
4 667 973 669 2620
4 435 383 141 618
4 440 411 356 2459
4 1714 1501 1726 3027
4 1581 1791 1846 2869
4 1199 2845 1069 3023
4 1051 904 1173 2991
4 1674 1869 1275 2961
4 527 222 495 629
4 1932 1955 1954 2488
4 1975 2720 1991 2846
4 1989 2036 2009 2693
4 564 570 571 2540
4 791 770 1114 2736
4 1193 1194 2040 2852
4 1481 1754 1479 2446
4 2474 2603 2232 2839
4 415 371 2458 2965
4 1417 1668 1586 2835
4 1232 1116 646 2795
4 97 100 2552 2752
4 644 300 1916 1213
4 1886 1884 178 430
4 1926 1291 335 2005
4 2196 2923 2430 2985
4 1225 1218 640 2684
4 240 1296 502 530
4 1319 1385 1363 2666
4 1321 1629 1497 2649
4 2010 348 1837 2834
4 726 724 717 2707
4 950 939 1131 3025
4 965 900 1149 2779
4 1165 1237 1259 2591
4 417 418 152 623
4 1603 1283 1897 2719
4 2599 2779 2153 3041
4 2024 1944 2020 2572
4 2251 2742 2573 2939
4 1898 1747 1748 2849
4 430 1884 178 458
4 1679 1678 1680 2697
4 39 2328 2932 3017
4 1434 1432 109 2692
4 1179 1256 655 2500
4 813 815 814 3007
4 503 648 224 1164
4 1120 1125 1188 2843
4 444 422 487 2604
4 2208 2875 2696 3033
4 2190 2811 2410 2969
4 381 1892 173 433
4 775 1004 858 2679
4 1861 337 1272 1932
4 717 752 726 2707
4 2623 2836 2262 2930
4 1809 1607 1899 2533
4 782 925 923 2885
4 1000 1040 797 2711
4 325 1918 1999 1288
4 1170 1089 1197 2986
4 722 1061 1042 2689
4 2144 2947 2670 3055
4 421 370 478 2961
4 114 1673 1570 2131
4 990 806 1135 3047
4 85 1524 1723 2781
4 1833 1285 1838 2750
4 1170 285 1218 2986
4 107 2481 2835 2998
4 96 1692 1370 1788
4 948 2680 1191 2885
4 252 621 1251 557
4 1885 1843 1775 2659
4 52 2603 49 2814
4 154 641 353 434
4 65 68 2573 2742
4 1434 109 1588 2692
4 823 825 824 3006
4 1441 1419 1757 2784
4 388 492 378 2799
4 332 1971 1870 1927
4 1165 1196 561 2997
4 904 1050 893 2991
4 1222 294 615 2037
4 632 1996 281 3012
4 1389 1388 1390 2947
4 941 1243 1123 2975
4 1564 1704 1703 2995
4 1920 1998 2030 2496
4 1161 1254 636 2517
4 809 1103 847 2714
4 1243 1098 1100 2975
4 2676 2793 2215 3018
4 1365 1374 1400 2702
4 1930 281 1996 3012
4 760 728 2867 2936
4 1829 1554 1728 2996
4 1490 1489 1491 2791
4 2455 2777 2165 2941
4 2599 2945 2388 3041
4 1791 1581 1623 2724
4 560 598 572 2628
4 1561 1455 1751 2637
4 1816 1775 1547 2681
4 1790 1792 1627 3030
4 2460 2875 2208 3033
4 2459 2195 2987 3023
4 361 416 440 2661
4 1923 2040 1193 308
4 1518 1519 1516 2734
4 259 1248 597 567
4 1855 1779 1598 2494
4 374 423 136 1244
4 294 1222 1915 2037
4 737 715 738 2935
4 2072 2911 33 3000
4 436 354 143 2795
4 1741 1512 114 1673
4 1368 1734 1702 2760
4 2593 2792 2252 3053
4 347 1282 1934 1841
4 571 1178 601 2540
4 369 485 407 2537
4 86 1707 1557 2764
4 123 121 2501 3015
4 1275 1869 1858 2543
4 1672 1671 1878 2857
4 2154 2762 2512 2966
4 2188 2892 2657 3026
4 1827 1898 1303 2499
4 750 995 2767 3061
4 1467 1468 1469 2076
4 39 2431 36 3058
4 1390 1416 1415 3055
4 1099 1246 1163 2671
4 103 2121 100 2629
4 97 2752 2552 3029
4 1692 1396 101 1356
4 371 442 184 1858
4 221 526 495 1207
4 13 14 1445 2055
4 353 2863 477 2928
4 481 1889 176 365
4 1661 1851 1663 2774
4 1128 1129 936 3032
4 1361 1362 1360 2691
4 462 380 405 2540
4 1683 1371 1346 2822
4 1219 1220 1056 2569
4 1426 1410 1383 2667
4 2288 2918 2752 3011
4 1162 650 248 598
4 25 2559 27 2884
4 2250 2752 2552 2918
4 1940 304 1204 639
4 1106 1107 919 2558
4 1953 1940 639 305
4 1823 320 1986 2878
4 1735 1714 1397 2634
4 1069 1199 912 2845
4 1460 1786 1462 2626
4 1430 1413 1431 2516
4 62 1563 1602 2616
4 2227 2537 2928 2931
4 464 385 429 2500
4 1884 1266 179 458
4 384 489 463 2547
4 2394 2862 2753 2868
4 1970 2028 1992 2969
4 1117 1161 959 3062
4 810 812 1034 3059
4 393 388 390 2799
4 1576 1639 1793 2810
4 631 438 139 1238
4 1208 2662 1960 2912
4 378 386 387 2962
4 285 1170 1993 2986
4 32 1635 1324 1322
4 2221 2929 2497 3063
4 664 974 781 3008
4 1935 1842 1841 2732
4 2498 2829 1242 3024
4 645 423 137 1241
4 953 955 635 2749
4 2209 2823 2704 3025
4 2505 2900 2292 3048
4 1231 144 455 354
4 2210 2821 2462 3021
4 99 2895 2487 3054
4 2625 2895 97 3029
4 1855 235 1270 518
4 1845 1737 1818 2627
4 2170 2636 2882 2949
4 1540 1539 1538 2614
4 497 543 523 2583
4 2585 3019 2234 3042
4 1637 1394 1781 2669
4 809 810 808 3001
4 1944 1985 2020 2572
4 526 508 510 2704
4 2172 2563 2867 2936
4 488 474 358 2750
4 813 814 812 2665
4 1667 1865 1558 2831
4 1764 1294 1882 2604
4 949 950 2823 3025
4 2573 2742 2251 2946
4 830 2478 2808 2920
4 915 954 953 2865
4 1277 237 1835 504
4 320 1862 2014 2878
4 1193 1962 1923 309
4 1334 1700 1678 2916
4 1928 2001 328 1871
4 2240 2590 2834 2896
4 2593 2659 25 3053
4 1452 18 1451 1450
4 1107 1208 1206 2912
4 2271 2826 2988 3035
4 267 588 1899 1269
4 1874 1871 1672 2709
4 580 578 596 3028
4 1935 1841 1945 2732
4 1921 1984 1988 2663
4 1761 1420 1546 3010
4 1954 1272 337 1932
4 1572 1773 1839 2896
4 2646 2722 2244 2961
4 1394 1326 37 1324
4 2144 2780 2751 2937
4 1489 1606 1491 2791
4 1494 2718 1711 2951
4 2209 2530 2817 3025
4 1179 655 1250 2500
4 1507 117 1658 1509
4 572 578 609 3028
4 1354 1356 1692 2118
4 557 252 621 589
4 504 1277 237 524
4 353 153 418 2863
4 906 885 883 2953
4 1307 1306 1308 2756
4 1585 2125 106 2835
4 1398 1337 1724 2919
4 2035 1941 2000 2609
4 418 153 623 2863
4 844 942 1117 2893
4 2617 2917 2312 2942
4 1523 1521 1522 2891
4 1298 1800 1901 2759
4 1986 2708 1823 2878
4 1948 1923 2040 2852
4 1746 1575 126 2849
4 1053 1032 854 2778
4 457 452 473 2970
4 2004 2003 2043 2584
4 1545 1437 1426 2501
4 383 436 142 1234
4 905 1079 1176 2856
4 1154 1205 1203 2585
4 1349 1377 1351 3016
4 62 1774 1546 3010
4 797 998 1000 2711
4 102 1357 1355 1356
4 445 476 357 2605
4 1572 1768 1773 2896
4 1610 1578 1579 2777
4 2405 2831 2633 3031
4 598 650 247 571
4 1761 1413 2632 3010
4 1411 1432 104 1777
4 1925 1856 340 1961
4 2037 295 615 1910
4 2552 2752 2250 3029
4 1510 1508 118 1570
4 1835 236 1855 504
4 444 420 422 2604
4 1370 1692 96 1354
4 1554 2837 2726 2996
4 76 2664 73 2695
4 1789 1369 1628 3044
4 266 562 607 1899
4 1452 1453 22 1454
4 1569 1568 1487 2875
4 972 1147 848 3041
4 645 136 423 1244
4 360 388 389 3021
4 1454 1456 1455 2528
4 990 989 988 2785
4 1977 2028 2021 2969
4 1783 1782 1504 2903
4 434 446 2464 2928
4 239 494 1296 530
4 1231 646 144 354
4 689 1076 687 2993
4 2192 2831 2405 3031
4 1502 1701 1720 3056
4 1554 1727 1728 2726
4 747 727 734 2913
4 1978 1219 296 1910
4 495 526 545 2823
4 2432 2929 2221 3063
4 1515 1513 1696 2964
4 2883 2911 2298 3058
4 1293 174 1892 433
4 730 1043 999 2768
4 1924 1189 310 2827
4 2202 3020 2397 3061
4 433 1293 174 364
4 1606 1831 1608 2559
4 1171 614 1169 3043
4 750 1083 995 3061
4 1692 101 1396 1693
4 1761 1413 1404 2632
4 2107 82 1707 2735
4 1707 1832 1708 2735
4 1445 1646 1556 2710
4 1036 1041 1037 2841
4 422 420 421 2722
4 595 592 590 2833
4 361 146 1210 440
4 1665 1375 1364 2992
4 1161 1117 1254 2517
4 1219 615 295 1910
4 850 1140 1137 2830
4 2117 97 100 2552
4 579 249 560 2844
4 35 2072 33 3000
4 1735 1371 1687 2968
4 1662 1661 1663 2774
4 869 866 1093 2728
4 2312 2917 2826 2942
4 1142 1045 850 2727
4 43 2077 47 2553
4 1550 1736 1737 2694
4 1908 1812 1890 2449
4 1146 973 1148 2794
4 1899 562 588 267
4 2105 81 84 2554
4 1570 118 2131 2646
4 2250 2566 2752 3011
4 106 1584 1585 2835
4 2566 2752 2267 3054
4 1384 1767 1793 2990
4 187 1264 362 413
4 556 611 2652 2876
4 1180 1257 654 2572
4 285 1911 1218 2986
4 1388 1675 1390 2947
4 794 793 792 2944
4 1646 1859 1556 2710
4 1196 253 561 589
4 2368 2554 2202 3020
4 555 570 593 2759
4 1449 1448 1450 2521
4 1483 1481 48 1567
4 2164 2676 2816 2874
4 52 49 2084 2814
4 45 1564 1703 2995
4 1924 2015 1963 2647
4 757 764 756 2782
4 434 446 445 2464
4 1960 1208 301 644
4 82 2107 83 2735
4 91 2114 89 3057
4 1287 1599 1848 3033
4 1911 2684 1218 2986
4 1854 1567 1749 2603
4 760 735 728 2936
4 2330 27 2791 2979
4 301 1916 1960 644
4 1463 1462 1464 2984
4 1501 1713 1472 2890
4 1008 1235 1006 2873
4 23 19 2059 2565
4 1922 319 1986 2708
4 1098 941 790 2975
4 993 1085 886 2858
4 320 2014 1986 2878
4 2120 97 99 3054
4 2264 2688 2587 3015
4 658 659 660 2740
4 150 439 372 637
4 220 1207 622 508
4 828 852 826 2787
4 1378 1325 1647 2932
4 1184 623 1182 2863
4 236 1855 504 518
4 1354 1355 98 1353
4 820 1078 855 2977
4 119 2793 2676 3018
4 1569 1849 2875 3033
4 591 558 257 2758
4 1234 142 383 618
4 1707 1708 1557 2764
4 786 914 1002 2803
4 1803 1295 1857 2700
4 2093 65 68 2573
4 234 496 548 1270
4 427 480 373 2560
4 840 1001 944 3024
4 406 369 407 2537
4 1507 1508 1442 2509
4 980 1144 979 2723
4 1872 1929 1971 331
4 729 701 703 2966
4 2129 113 116 2576
4 647 1979 279 3042
4 492 393 202 1273
4 1555 1742 1743 2622
4 646 1116 1234 2795
4 2030 1987 2014 2878
4 648 224 532 503
4 1189 653 1125 2647
4 1648 1559 1646 2881
4 285 1993 1911 2986
4 951 1198 933 2638
4 1194 1193 2040 308
4 653 1188 1125 2647
4 2196 2638 2923 2985
4 1264 413 479 2772
4 2483 1756 2892 3026
4 579 636 249 2844
4 1178 1156 1255 2540
4 1207 220 526 508
4 58 1413 1774 3010
4 1805 492 203 1273
4 997 1047 870 2738
4 2311 2767 3020 3061
4 2548 2934 2279 2981
4 2094 1630 1591 1549
4 2041 624 299 1914
4 1933 279 1979 3042
4 501 521 542 2719
4 613 302 1909 2912
4 1835 1597 1277 2673
4 575 557 574 2466
4 866 865 864 2958
4 483 157 357 1174
4 430 177 1279 365
4 1248 259 1180 567
4 2172 2867 2611 2936
4 1309 1311 1619 2904
4 607 556 265 1284
4 1310 1311 1309 2904
4 847 1103 1150 2714
4 1756 1357 1381 3026
4 2046 2017 1938 2648
4 1515 1514 1513 2964
4 352 486 448 3043
4 610 608 585 2886
4 39 36 2911 3058
4 965 982 901 2899
4 80 1527 1528 1526
4 1287 2696 1849 3033
4 949 950 1187 2823
4 1355 1356 1354 2118
4 302 1960 1909 2912
4 111 2621 108 3045
4 370 421 420 2722
4 1585 1586 1587 2835
4 791 1114 1007 2736
4 65 2742 2946 3004
4 1406 1732 1740 2790
4 1485 1483 53 1749
4 624 1213 2041 299
4 779 762 1020 2685
4 2538 2987 2195 3023
4 1240 631 1009 2560
4 28 2063 25 2593
4 584 583 610 2886
4 620 1229 1158 2910
4 2483 3026 2188 3039
4 526 510 519 2704
4 938 949 2650 3025
4 1850 371 185 1858
4 2153 2779 2678 3041
4 1686 1371 1683 2822
4 1586 1597 1587 2926
4 1645 1695 1739 2963
4 1274 1952 344 1848
4 1901 1595 1594 2490
4 857 985 1132 2765
4 1828 1302 1905 2648
4 712 721 714 2924
4 599 558 612 2758
4 1055 1227 1056 2972
4 1094 2953 2596 3050
4 1404 1405 1402 2950
4 1437 122 1589 1438
4 667 668 666 2894
4 1809 266 607 1899
4 157 617 357 1174
4 106 104 1776 2122
4 1962 1924 310 2827
4 894 895 928 2967
4 1934 348 2010 2834
4 422 475 436 2795
4 591 257 1247 2758
4 868 870 867 2745
4 1480 1479 1478 3040
4 2015 2045 1964 2757
4 1996 1983 1930 3012
4 1613 1630 69 1549
4 1747 1575 1746 2849
4 713 1011 711 2974
4 2227 2931 2928 3050
4 1428 1435 29 1425
4 1701 1368 1702 2760
4 1325 1378 1327 2932
4 1118 728 724 2867
4 1831 1843 1608 2559
4 1741 1869 1673 2712
4 1743 1830 1832 2905
4 2688 2769 2238 2975
4 1238 1009 631 2560
4 804 802 803 3002
4 1601 1602 1563 2616
4 1130 1131 939 2530
4 2166 2946 2475 2999
4 1575 1894 1592 2442
4 1917 1953 626 306
4 824 825 826 2713
4 2209 2817 2650 3025
4 2268 2900 2505 3048
4 1729 1330 1367 2733
4 629 949 1187 2823
4 1873 1669 1876 2398
4 1512 1510 114 1673
4 1597 1835 1598 2926
4 1853 1660 1857 2508
4 558 649 257 2758
4 1677 1676 1821 2929
4 641 1181 1095 3050
4 302 1208 1960 2912
4 1584 1417 1585 2835
4 928 895 929 2967
4 1644 1723 1524 2781
4 1567 1755 1754 2716
4 406 408 443 2905
4 1979 1980 1933 3042
4 456 417 372 2715
4 2002 1292 339 1925
4 1549 1590 64 1492
4 1951 1950 1934 2788
4 969 974 1119 2783
4 1112 1005 896 2982
4 1933 1981 1996 2586
4 988 987 985 3051
4 1775 1843 1443 2659
4 1720 1702 1503 2870
4 1318 1319 1317 2862
4 1772 1431 56 1572
4 1419 1441 1440 2784
4 415 479 413 2772
4 1712 1494 1711 2951
4 1208 1107 644 2662
4 1044 1045 748 3011
4 1588 1887 1650 2607
4 637 1190 1058 2668
4 1670 1418 1762 2721
4 632 1186 1211 3012
4 1388 1386 1387 2980
4 1922 1986 1983 2708
4 2481 2871 2172 3005
4 1106 831 918 2687
4 918 1212 1106 3036
4 2307 2988 2826 3035
4 119 2646 2793 3018
4 1042 1137 1140 2830
4 1846 1600 1274 2519
4 1393 1423 1391 2888
4 1547 1807 1816 2681
4 1051 1173 1172 2658
4 1651 1887 1270 2706
4 1584 1777 106 1585
4 535 507 538 2500
4 757 1112 896 2982
4 2250 2752 2918 3011
4 60 57 2703 2896
4 1673 1674 1570 2646
4 91 89 2544 3057
4 111 2127 108 2621
4 109 1432 2123 2692
4 370 1879 183 2961
4 745 776 1136 2739
4 752 753 726 2940
4 1414 1412 1694 2683
4 427 373 438 2560
4 2024 600 243 1944
4 1200 626 951 2638
4 951 1201 639 2730
4 183 442 370 2961
4 528 529 503 2829
4 1490 26 1436 1489
4 613 1208 302 2912
4 978 839 932 2949
4 1588 109 1434 1432
4 648 1163 1246 2671
4 754 756 755 2957
4 37 1394 1635 2069
4 1842 346 1935 1841
4 1232 922 1115 2824
4 1774 1413 1761 3010
4 1893 1881 1605 2561
4 1651 234 548 1270
4 1242 2829 1260 3024
4 107 2481 2998 3005
4 2027 1938 2017 2648
4 1070 616 1199 3023
4 1806 1876 1877 2690
4 1027 742 768 2751
4 695 696 697 2812
4 1708 1838 1557 2764
4 744 767 742 2780
4 1026 1232 1231 2655
4 14 1422 1433 1444
4 254 561 606 1165
4 876 874 875 2866
4 1796 1621 1794 2717
4 1823 1280 1834 2708
4 1677 1821 1290 2929
4 309 1193 1962 634
4 713 711 712 2974
4 1950 1951 2048 2788
4 48 1749 1567 2081
4 477 418 408 2863
4 2215 2824 2676 3018
4 1594 1902 1810 2652
4 764 782 765 2902
4 1222 615 1227 2978
4 1284 265 607 1809
4 1709 1352 1370 2895
4 374 429 428 2639
4 2523 2946 2742 3004
4 1799 1551 1611 2579
4 1164 648 1260 2829
4 1529 82 80 2104
4 1079 905 887 2856
4 698 1035 700 2800
4 1868 1291 1867 2846
4 650 1178 247 571
4 1449 1451 18 1450
4 1209 1012 1205 3019
4 2033 1975 1926 2846
4 1928 1970 2001 2709
4 647 1209 1205 3042
4 1995 1967 2000 2877
4 556 577 611 2876
4 1773 1768 1836 2618
4 2928 2931 2464 3050
4 1492 1491 1765 2999
4 104 1420 1432 1411
4 2482 2901 44 2995
4 534 506 543 2619
4 766 975 1046 2725
4 416 2543 371 2965
4 1945 1935 346 1841
4 918 1074 1212 3036
4 358 474 432 2750
4 2026 2018 210 540
4 1466 1467 42 1468
4 1788 1498 1785 3060
4 1369 1789 1360 3044
4 2000 1911 1995 2684
4 32 37 1635 2069
4 1891 1589 1771 2503
4 1259 1196 1165 2997
4 1968 1965 2001 2525
4 795 1195 1127 2879
4 843 959 958 3062
4 1590 1765 1902 2475
4 1664 1807 1662 2527
4 875 874 873 2866
4 2251 2742 2523 2946
4 1926 1975 1991 2846
4 183 1275 442 2961
4 649 1247 257 2758
4 1011 935 1108 2838
4 567 563 600 2572
4 499 522 533 2749
4 842 844 843 2699
4 942 1254 1117 2893
4 2259 2816 2676 2874
4 752 754 753 2940
4 1325 2071 38 1323
4 555 596 570 2759
4 409 410 412 2987
4 1494 1710 1711 2718
4 2006 2007 1961 2839
4 992 1077 1111 2807
4 449 451 484 2864
4 542 521 513 2719
4 391 377 392 2897
4 822 823 824 3006
4 1640 1691 1540 2743
4 1427 125 2136 1438
4 97 2895 99 3054
4 1326 1325 38 1324
4 1324 1323 34 1322
4 1165 254 561 1196
4 957 1233 1245 2619
4 1063 846 1064 2959
4 727 1017 716 2798
4 1639 1497 1793 2810
4 1591 64 2094 1549
4 34 38 2071 1323
4 2037 1974 1910 2978
4 580 556 578 2652
4 1520 1522 1521 2891
4 1593 1862 1823 2878
4 911 998 1186 2786
4 1615 1815 1579 2941
4 910 1019 798 2914
4 463 209 468 1804
4 1233 1258 2026 313
4 1264 1718 1847 2772
4 1416 1421 1415 3055
4 503 529 532 2829
4 1134 1133 989 2955
4 1860 1292 1861 2763
4 2271 2917 2826 3035
4 276 654 1257 2020
4 1916 1959 1960 2662
4 860 859 794 2816
4 1864 1565 1721 2943
4 1585 110 2125 2835
4 731 1082 685 2820
4 352 473 486 3043
4 1030 719 1031 2796
4 1935 1945 1946 2732
4 760 762 735 2936
4 1815 1610 1579 2941
4 40 42 2074 1465
4 112 1511 1509 2130
4 1990 2047 1976 2956
4 1118 760 728 2867
4 380 171 1156 469
4 1338 1734 88 1340
4 1728 1824 1265 2761
4 1623 1580 1624 2994
4 601 469 131 462
4 343 2023 1287 1848
4 819 818 817 2917
4 1875 1703 1704 2482
4 1437 1427 2136 1438
4 426 425 424 2644
4 898 914 786 2803
4 76 2099 73 2664
4 409 412 439 2538
4 995 1067 750 2767
4 171 1255 1156 469
4 2024 276 1257 2020
4 820 819 821 3035
4 1200 951 639 2730
4 96 1370 1352 2895
4 736 666 668 2894
4 1749 48 53 2081
4 1532 1733 1534 2748
4 343 2023 1912 1287
4 1284 1810 1902 2652
4 314 1905 1302 1938
4 1275 183 1879 2961
4 949 1001 938 2650
4 764 1046 782 2902
4 1905 314 2027 1938
4 1352 1354 96 2895
4 1432 2124 1777 1778
4 1827 1904 242 539
4 1253 650 1162 2628
4 1027 743 740 3038
4 1716 1760 1653 2976
4 2166 2893 2699 3062
4 1667 1558 1446 2831
4 1089 1170 1218 2986
4 852 1041 1036 2841
4 1393 1424 1423 2888
4 1975 2033 2008 2729
4 1628 1627 1792 3030
4 1578 74 1698 1543
4 2097 70 69 1409
4 951 626 1198 2638
4 759 1061 702 2819
4 2046 1988 1984 2663
4 85 1526 1524 1525
4 1906 1881 2025 351
4 260 1257 1180 600
4 593 603 261 1903
4 1664 1297 1895 2833
4 1340 94 1339 1341
4 778 897 1022 2773
4 1506 1559 1648 2881
4 2044 1994 1993 2986
4 1552 1698 78 1541
4 1746 1748 1747 2849
4 1282 1837 348 2834
4 2252 2792 2542 3053
4 1315 1316 1317 2753
4 1162 560 249 2844
4 2039 1982 1921 2700
4 96 2116 97 2895
4 1274 1600 1842 2519
4 417 456 419 2715
4 1804 209 468 1903
4 923 948 1191 2885
4 886 888 993 2858
4 1830 1271 1832 2905
4 457 368 402 2970
4 1797 1795 1548 2825
4 1850 185 371 415
4 1191 1125 924 2843
4 1469 1467 45 1703
4 1602 1772 61 1768
4 2752 3029 97 3054
4 912 871 1069 2845
4 1386 1794 1363 2889
4 1889 1279 176 365
4 1554 1531 1533 2837
4 213 540 1245 1258
4 1671 1752 1878 2857
4 1544 1653 1760 2976
4 828 829 830 2808
4 1912 2042 2006 2696
4 1127 899 1090 2755
4 960 958 621 2741
4 1771 1770 1888 2842
4 1461 1462 1463 2984
4 1975 1973 1991 2720
4 378 492 203 1805
4 59 2973 2632 3010
4 118 114 1570 2131
4 917 1073 827 2818
4 541 228 1893 1906
4 1149 1147 972 3041
4 657 633 903 2766
4 603 569 133 468
4 548 496 512 2706
4 1420 1432 1434 2692
4 1226 1230 1024 2811
4 1151 963 903 2930
4 2397 3020 2767 3061
4 1510 1509 1511 2130
4 1864 1745 1565 2943
4 2248 2880 2765 3002
4 608 610 583 2886
4 1344 1371 1735 2968
4 1435 1831 24 1443
4 1340 1734 93 1397
4 1944 600 243 563
4 1438 126 1746 1575
4 73 2102 76 2695
4 622 1239 1003 3046
4 66 1591 1630 1611
4 1387 1391 1388 2980
4 539 470 130 516
4 46 1726 1470 2960
4 1849 1287 1852 2696
4 377 391 386 2962
4 2019 2025 1881 351
4 1189 634 310 2827
4 275 1905 602 594
4 1068 714 721 2924
4 353 477 434 2928
4 1904 1303 172 470
4 1690 1788 1785 3060
4 2045 2029 1936 2757
4 60 57 2090 2703
4 534 213 540 1245
4 1021 1228 913 2981
4 496 547 512 2706
4 965 761 982 2899
4 1162 249 636 2844
4 1233 2026 1937 313
4 381 172 1303 470
4 2018 506 210 540
4 1055 1056 916 2972
4 2250 2752 2566 3029
4 1774 1563 62 1546
4 569 384 133 468
4 838 839 978 2949
4 134 467 655 1256
4 537 1827 242 539
4 1279 1889 1771 2842
4 1128 763 1129 3032
4 69 1613 1549 1548
4 1067 882 994 2851
4 1019 910 1217 2914
4 70 1630 1612 1611
4 1511 1758 112 1509
4 449 484 460 2864
4 571 601 564 2540
4 1807 10 1433 1493
4 1792 1790 1693 2828
4 611 578 556 2652
4 371 416 442 2543
4 743 1027 1004 3038
4 26 1436 1489 1435
4 495 545 527 2823
4 588 554 586 2802
4 134 467 464 655
4 95 2114 91 2813
4 25 2066 28 2792
4 1237 1127 1195 2879
4 944 1242 1260 3024
4 33 2072 36 2911
4 802 804 857 3002
4 816 814 815 3007
4 541 536 212 2025
4 245 602 2027 565
4 1826 593 261 1903
4 2126 108 105 2854
4 676 674 987 2860
4 1600 1596 1842 2732
4 310 634 1962 2827
4 801 800 799 2859
4 2138 127 124 2848
4 1404 1402 1403 2950
4 933 1143 975 2985
4 86 1527 1525 1707
4 2078 43 47 2826
4 1541 1698 2100 1543
4 502 531 530 2737
4 2108 84 81 2921
4 461 130 470 516
4 1555 1707 82 2735
4 120 1427 2136 1437
4 1229 620 1150 2910
4 2566 3029 2752 3054
4 1199 1069 1070 3023
4 1590 64 1591 1549
4 820 821 822 3035
4 1711 1872 1712 2951
4 15 2054 11 2861
4 968 1160 966 2821
4 1967 1995 1999 2877
4 866 867 865 2958
4 536 1943 212 2025
4 1282 1839 1773 2834
4 1468 46 1470 1469
4 1500 1689 1476 2840
4 1645 1739 1406 2963
4 1563 62 1772 1774
4 1715 1398 1724 2919
4 889 891 890 2855
4 1075 995 1083 3061
4 1602 1601 1603 2616
4 718 985 987 3051
4 524 520 504 2673
4 96 1370 1354 1352
4 1254 946 1162 2844
4 559 590 592 2833
4 1932 2002 1957 2763
4 1282 348 1934 2834
4 1976 1977 1929 2956
4 692 694 693 3014
4 65 2096 68 2742
4 1589 126 122 2137
4 564 601 131 462
4 1264 187 479 413
4 952 1194 948 2852
4 2275 2883 2860 2911
4 1179 538 227 1256
4 739 737 738 2935
4 1880 1570 1674 2646
4 1164 1260 1242 2829
4 768 767 773 2937
4 1583 1659 1756 2892
4 1249 635 955 2749
4 1052 688 686 2847
4 100 97 2120 2752
4 746 678 676 2883
4 1191 634 1125 2827
4 1352 1354 98 1353
4 600 1180 260 567
4 2029 2045 2015 2757
4 1849 1568 1569 2875
4 344 2049 1952 1274
4 8 1660 1444 1493
4 112 1513 1511 1512
4 2017 245 2027 565
4 1618 1620 1373 2927
4 93 1340 1397 1342
4 1035 1036 759 2915
4 450 193 194 1825
4 1381 1658 1756 3026
4 1656 1657 1655 2948
4 1501 1470 1726 2960
4 596 578 572 3028
4 541 228 505 1893
4 558 591 612 2758
4 1905 275 1828 594
4 93 94 1342 2115
4 394 390 360 3021
4 72 1543 1577 1576
4 1832 1707 1555 2735
4 938 939 949 3025
4 708 1044 748 3011
4 1629 1384 1793 2990
4 1567 1481 48 1754
4 161 160 352 614
4 2016 1953 1940 2730
4 953 954 955 2865
4 1376 1408 1766 2871
4 680 682 681 2872
4 671 672 670 2898
4 1714 1726 1787 3027
4 1098 1099 1100 2971
4 830 831 832 2920
4 190 189 1833 358
4 1994 1911 1993 2986
4 846 1104 1064 2959
4 535 538 227 1179
4 1961 2007 2012 2839
4 1131 1239 622 3046
4 1021 913 805 2981
4 849 1145 981 2887
4 392 377 454 2897
4 415 411 371 2965
4 125 1488 1592 1575
4 77 1539 1541 1540
4 963 1151 947 2930
4 1742 1554 1829 2996
4 120 1410 1427 1426
4 58 2089 59 3010
4 586 554 582 2802
4 1377 1697 1351 3016
4 689 750 1076 2993
4 1178 1255 246 601
4 1339 1337 90 1338
4 1087 1039 723 2906
4 1186 632 1175 3012
4 906 883 1094 2953
4 1732 1345 1343 2909
4 1617 1622 1429 2908
4 94 1340 1342 1341
4 166 167 656 366
4 1161 250 251 573
4 2255 2860 2883 2911
4 1012 1013 1205 3019
4 2087 57 60 2896
4 218 219 1003 500
4 360 390 388 3021
4 411 440 416 2965
4 1630 1409 70 1612
4 1698 74 2100 1543
4 1287 1849 1599 3033
4 2037 1915 1974 2978
4 577 576 611 2876
4 413 410 415 2987
4 54 1484 1483 1485
4 1269 267 588 268
4 345 1935 2049 1842
4 162 161 448 1169
4 1655 1654 1656 2948
4 1978 1975 2008 2729
4 560 609 579 2844
4 30 1496 1436 1428
4 88 1368 1734 1338
4 1701 1502 1680 3056
4 809 808 807 3001
4 1465 1710 40 1467
4 388 393 492 2799
4 391 387 386 2962
4 1569 1599 1849 3033
4 1354 98 1355 2118
4 2860 2911 2255 3000
4 962 1167 931 2922
4 106 104 1777 1776
4 1432 1588 109 1778
4 199 200 451 1817
4 443 190 191 1271
4 125 1427 1488 1438
4 1842 1596 1841 2732
4 1674 1275 1879 2961
4 1095 1181 1094 3050
4 1444 13 14 1445
4 1459 1671 1495 2952
4 82 1555 1527 1707
4 1526 85 2106 1525
4 649 257 258 558
4 252 253 621 589
4 75 73 2098 2832
4 1575 125 126 2139
4 162 163 638 382
4 2091 62 61 1602
4 990 804 806 3047
4 1698 2100 78 1541
4 2049 345 1842 1274
4 479 185 1850 415
4 316 1295 317 1921
4 82 1555 1529 1527
4 292 1919 628 291
4 145 144 455 1231
4 272 1297 273 590
4 1209 647 1155 3042
4 281 282 1175 1930
4 359 159 158 642
4 436 143 142 1234
4 168 169 1153 367
4 1970 2021 2028 2969
4 619 283 284 1942
4 1050 904 1051 2991
4 1837 1282 1773 2834
4 334 333 1867 1991
4 1669 1561 21 1453
4 2014 1987 1986 2878
4 812 810 811 3059
4 280 281 632 1996
4 442 478 370 2961
4 406 191 192 1830
4 342 341 1852 2006
4 2011 329 330 1276
4 454 206 207 1801
4 1818 322 1997 323
4 1960 2031 1909 2912
4 8 13 1660 2051
4 379 207 208 1300
4 2124 1432 109 1778
4 1206 1208 613 2912
4 1526 1723 85 1524
4 416 371 411 2965
4 377 205 206 1281
4 1774 58 1431 1413
4 1822 196 195 375
4 395 194 195 1265
4 1469 1468 46 2076
4 216 217 635 499
4 553 256 255 630
4 1177 155 156 445
4 1736 1669 16 1451
4 1247 649 1016 2758
4 1 1904 470 539
4 602 1905 7 2027
4 1425 1435 24 1443
4 1266 180 179 363
4 1692 96 1354 2118
4 636 1254 1162 2844
4 6 1257 600 2024
4 933 1198 1143 2985
4 284 1170 1993 285
4 418 153 152 623
4 555 262 263 1298
4 538 467 0 1256
4 469 2 1255 601
4 1277 238 237 524
4 286 640 2000 287
4 22 18 1452 2059
4 324 325 1999 1288
4 3 603 468 1903
4 1444 1556 13 1445
4 1915 1222 294 293
4 1781 1326 37 1394
4 1482 1480 50 1481
4 164 165 625 360
4 14 10 1433 2053
4 409 149 148 616
4 223 222 527 629
4 26 1489 1831 1435
4 924 1125 1120 2843
4 1587 1597 1598 2926
4 378 203 204 1805
4 271 587 270 1278
4 1455 21 1561 1453
4 1155 279 280 1933
4 290 1223 289 1913
4 634 1189 1125 2827
4 1285 189 188 432
4 1611 66 1591 1595
4 369 192 193 1289
4 5 541 2025 1906
4 475 354 436 2795
4 370 182 183 1879
4 326 327 1965 1268
4 1542 1576 72 1639
4 303 302 1909 613
4 62 1772 1602 1563
4 278 1154 277 1931
4 2052 14 1433 1444
4 169 170 652 404
4 4 2026 540 1258
4 1820 198 197 368
4 1587 110 1778 1585
4 26 24 1831 2062
4 163 164 1166 394
4 1951 1934 2010 2834
4 418 477 353 2863
4 1540 1542 77 1691
4 386 204 205 1304
4 14 1422 1444 1445
4 1470 1726 46 1468
4 1283 232 231 521
4 331 1872 1929 330
4 1340 88 1338 2112
4 1193 948 1194 2852
4 304 2003 1204 303
4 1099 1250 1100 2971
4 300 1916 301 644
4 2129 117 112 1509
4 229 230 514 1299
4 497 215 214 651
4 181 180 1882 444
4 1425 29 1428 1392
4 80 1528 1643 1526
4 2082 53 54 1483
4 571 1178 246 601
4 461 129 130 516
4 106 1777 1584 1776
4 1572 61 1772 1768
4 335 334 1291 1926
4 1202 147 148 356
4 439 150 149 1192
4 1290 197 196 447
4 1707 1525 86 1557
4 1630 1591 66 2094
4 1668 125 1427 1488
4 479 186 1264 1850
4 1263 333 332 1927
4 1863 336 335 2005
4 339 1856 340 1925
4 282 283 1214 1989
4 641 154 155 434
4 1468 1467 42 2076
4 336 1272 337 1954
4 384 133 132 569
4 1924 1962 2048 2827
4 1556 13 1660 1444
4 1327 1325 38 1326
4 1426 1427 120 1437
4 442 183 184 1275
4 34 38 1324 2070
4 1156 170 171 380
4 1322 32 1635 1366
4 1846 1599 1581 2869
4 1774 1761 1546 3010
4 1098 1243 941 2975
4 1296 240 239 530
4 69 1409 1630 1613
4 243 244 1944 563
4 276 277 654 2020
4 492 202 203 1273
4 2058 1451 21 1453
4 1210 146 147 440
4 1774 2089 58 3010
4 1823 320 319 1986
4 2017 244 245 565
4 1874 1928 329 328
4 647 278 279 1979
4 298 299 624 1914
4 226 225 493 1163
4 1543 1578 74 1577
4 1943 212 211 536
4 1280 319 318 1922
4 201 202 466 1814
4 372 151 150 637
4 1512 114 112 2128
4 259 260 1180 567
4 1529 80 82 1527
4 1451 1669 21 1453
4 78 74 2100 1698
4 1219 295 296 1910
4 434 407 446 2928
4 944 1001 1242 3024
4 1117 959 843 3062
4 200 201 355 1286
4 1323 34 38 1324
4 1451 21 16 2058
4 167 168 633 403
4 420 181 182 1294
4 327 328 2001 1871
4 160 159 401 1172
4 1777 104 1411 1776
4 1888 1279 1771 2842
4 1503 1466 42 1468
4 1940 304 639 305
4 40 45 1703 2075
4 34 1323 1321 1322
4 349 350 1936 1301
4 61 56 2087 1572
4 210 211 506 2018
4 1422 1421 14 1433
4 141 140 435 1236
4 225 224 532 648
4 1417 1586 1585 2835
4 1450 1452 18 1505
4 241 240 1811 502
4 1323 38 1325 1324
4 1635 37 32 1324
4 1539 1552 78 1541
4 101 1396 1358 1356
4 338 1292 339 2002
4 315 314 1302 1938
4 312 1233 1937 313
4 2088 1772 62 1774
4 22 1452 1454 1638
4 417 152 151 1185
4 1862 321 320 2014
4 1527 1529 80 1528
4 297 643 296 1978
4 463 208 209 1804
4 21 16 2057 1669
4 1855 236 235 518
4 1509 1507 117 1508
4 1467 1710 40 1703
4 1357 102 1358 1356
4 1486 1484 54 1485
4 1828 275 274 594
4 42 1465 1467 1466
4 1635 1394 37 1324
4 129 128 507 385
4 1438 1488 125 1575
4 1861 338 337 1932
4 960 1196 1259 2997
4 1918 326 1806 325
4 261 262 593 1826
4 1749 53 1485 1568
4 288 1158 287 1941
4 290 1992 291 1226
4 1293 175 174 364
4 263 264 580 1810
4 221 220 526 1207
4 297 298 1215 2013
4 118 1508 1510 2130
4 1465 40 42 1467
4 70 69 1409 1630
4 1157 165 166 482
4 135 134 464 655
4 1763 118 1508 1570
4 1660 8 1661 1493
4 24 29 1425 2063
4 653 1963 311 312
4 179 178 1884 458
4 925 948 923 2885
4 247 248 650 598
4 438 139 138 631
4 1224 293 1990 292
4 1208 302 1960 301
4 1262 199 198 402
4 1802 316 315 1988
4 1433 1547 10 1807
4 1431 1571 56 1572
4 227 226 535 1179
4 939 950 949 3025
4 1508 118 117 2130
4 216 215 522 1249
4 332 1870 1971 331
4 1703 45 1469 1564
4 1451 16 1736 1449
4 457 402 452 2970
4 1813 270 269 581
4 1904 1 242 539
4 603 3 261 1903
4 467 0 128 538
4 600 243 6 2024
4 131 2 469 601
4 351 1881 2019 350
4 1437 2136 122 1438
4 2047 1977 1976 2956
4 273 1896 274 552
4 21 16 1669 1451
4 308 1193 1923 309
4 1481 50 48 2080
4 1356 1355 102 2118
4 93 88 1340 2112
4 1303 173 172 381
4 373 140 139 1238
4 230 231 501 1897
4 2106 86 1527 1525
4 1905 314 7 2027
4 1904 172 1 470
4 467 134 0 1256
4 6 276 1257 2024
4 1182 153 154 353
4 1255 171 2 469
4 158 157 483 1174
4 275 1905 7 602
4 2106 1527 80 1526
4 142 141 383 618
4 1437 1589 122 1770
4 126 1746 1589 1438
4 101 1692 1356 2118
4 343 1912 342 1287
4 1673 1510 114 1570
4 1178 246 247 571
4 1543 72 2100 1542
4 374 136 135 1244
4 541 5 228 1906
4 2107 82 86 1707
4 311 310 1924 1189
4 1483 48 53 1749
4 617 156 157 357
4 1900 233 232 498
4 627 145 146 361
4 468 209 3 1903
4 1435 26 1436 2064
4 1261 341 340 1961
4 1541 2100 77 1542
4 1837 2010 349 348
4 470 130 1 539
4 602 7 245 2027
4 1258 4 2026 313
4 257 256 591 1247
4 1264 187 186 479
4 101 102 2118 1356
4 348 1282 1934 347
4 131 132 564 462
4 1777 2124 106 1585
4 318 317 1803 2039
4 1510 118 114 1570
4 477 407 434 2928
4 322 321 1267 1920
4 1438 125 126 1575
4 288 289 620 2038
4 110 106 2124 1585
4 1827 242 241 537
4 2052 1433 10 1493
4 423 137 136 645
4 177 176 1279 365
4 1749 1483 48 1567
4 2058 18 1451 1452
4 376 138 137 1241
4 228 229 505 1893
4 233 234 548 1651
4 1213 300 2041 299
4 1324 32 34 2070
4 1469 45 1467 2076
4 410 413 412 2987
4 306 626 1917 307
4 1340 1339 94 2112
4 495 222 221 1187
4 264 265 556 1284
4 1453 22 2058 1452
4 98 96 2118 1354
4 540 213 4 1258
4 1906 2025 5 351
4 1812 239 238 494
4 217 218 1252 525
4 345 346 1935 1842
4 185 186 479 1850
4 1340 93 94 1342
4 265 266 607 1809
4 1840 188 187 362
4 117 112 1509 2130
4 2094 69 1630 1549
4 214 213 534 1245
4 306 1953 1200 305
4 1326 37 38 2073
4 538 0 227 1256
4 178 177 1886 430
4 260 6 1257 600
4 1444 2052 8 1493
4 1255 2 246 601
4 56 1431 1772 2088
4 1218 285 286 1911
4 210 4 2026 540
4 29 1435 1428 2064
4 1339 90 94 2112
4 66 70 1630 2094
4 2095 66 70 1611
4 74 72 2100 1543
4 122 126 1589 1438
4 77 78 2100 1541
4 106 104 2124 1777
4 1162 248 249 560
4 184 185 371 1858
4 646 143 144 354
4 2124 104 1432 1777
4 541 212 5 2025
4 133 3 603 468
4 346 347 1945 1841
4 1895 271 559 272
4 1734 88 93 2111
4 53 54 1485 2085
4 294 295 615 2037
4 2136 122 120 1437
4 1322 34 32 2068
4 1939 323 324 1866
4 61 62 1772 1602
4 22 18 2058 1452
4 1508 117 118 2133
4 74 78 2101 1698
4 345 2049 344 1274
4 224 223 503 1164
4 310 309 1962 634
4 268 1844 269 554
4 1324 38 37 2070
4 636 249 250 579
4 1660 13 8 1444
4 1339 94 90 2113
4 254 253 561 1196
4 1483 53 54 1485
4 174 173 1892 433
4 109 110 1778 2127
4 219 220 622 508
4 1835 237 236 504
4 234 235 496 1270
4 69 70 2094 1630
4 1585 110 106 2125
4 1437 122 120 2134
4 120 125 1427 2135
4 1774 62 58 2089
4 2023 343 344 1848
4 14 10 2052 1433
4 26 30 1436 2064
4 1831 24 26 1435
4 26 30 2065 1436
4 82 80 2106 1527
4 2088 62 58 1774
4 93 94 2112 1340
4 1355 98 102 2118
4 18 16 2058 1451
4 1527 82 86 2106
4 66 64 1591 2092
4 2040 1194 308 307
4 21 22 2058 1453
4 29 24 1435 2064
4 1435 24 29 1425
4 126 122 2136 1438
4 66 64 2094 1591
4 102 98 1355 2119
4 1324 37 32 2070
4 251 252 1251 557
4 1899 266 562 267
4 2136 125 126 1438
4 72 77 1542 2099
4 118 114 2130 1510
4 125 120 1427 2136
4 85 86 1525 2109
4 72 77 2100 1542
4 56 61 1772 1572
4 1326 38 37 1324
4 1248 258 259 597
4 1324 34 32 1322
4 26 24 2064 1435
4 1692 101 96 2118
4 42 40 2076 1467
4 64 69 2094 1549
4 85 86 2106 1525
4 1432 109 104 2124
4 69 64 2093 1549
4 1467 40 45 1703
4 48 53 2082 1483
4 1431 56 58 2088
4 2117 101 96 1692
4 109 104 2123 1432
4 46 42 1468 2077
4 61 56 1772 2088
4 2086 56 58 1431
4 93 88 1734 1340
4 13 14 2052 1444
4 90 88 2112 1338
4 90 88 1338 2110
4 61 62 2088 1772
4 2052 8 13 1444
4 80 85 1526 2105
4 46 42 2076 1468
4 80 85 2106 1526
4 45 40 1467 2076
4 1630 70 66 1611
4 1469 45 46 2079
4 46 45 1469 2076
4 1428 30 29 2064
4 1428 29 30 2067
4 1527 86 82 1707
4 10 8 1493 2050
4 10 8 2052 1493
4 176 175 1889 481
4 109 110 2124 1778
4 255 254 606 1165
4 1173 2507 2546 1029
4 2546 2507 1173 2221
4 2679 2157 2711 2486
4 2679 2711 2157 2247
4 2742 3013 2262 71
4 2262 3013 2742 2899
4 2505 909 2715 2425
4 2505 2715 909 1060
4 2362 1065 1039 1038
4 2362 1039 1065 2274
4 2649 2071 34 35
4 2649 34 2071 1323
4 2527 2515 2588 9
4 2527 2588 2515 2204
4 2643 2649 35 2328
4 35 2649 2643 2399
4 2740 2608 2325 2210
4 2740 2325 2608 2161
4 2945 1795 2330 31
4 2945 2330 1795 2825
4 2805 934 2226 2510
4 2805 2226 934 1110
4 68 3013 2742 71
4 2742 3013 68 2278
4 2300 125 2550 1649
4 2300 2550 125 124
4 2662 2012 2912 2489
4 2662 2912 2012 2031
4 3037 2416 2350 2195
4 3037 2350 2416 2734
4 3050 1184 2863 2227
4 3050 2863 1184 1095
4 1074 2818 2429 1073
4 2429 2818 1074 2345
4 3041 2794 970 2253
4 2750 2653 2764 2207
4 2750 2764 2653 1838
4 535 2671 1163 493
4 1163 2671 535 2500
4 2232 2814 1206 2558
4 2232 1206 2814 1101
4 919 1206 2814 2558
4 919 2814 1206 1101
4 2753 2850 1314 2476
4 1314 2850 2753 2484
4 2962 2766 2369 2897
4 2962 2369 2766 2283
4 2938 1403 1411 2557
4 2938 1411 1403 1420
4 2157 2881 2290 2477
4 2157 2290 2881 2710
4 2708 2290 2881 2477
4 2708 2881 2290 2710
4 2454 771 2913 2393
4 2454 2913 771 770
4 2415 2854 107 105
4 107 2854 2415 2323
4 2986 2746 2529 2218
4 2986 2529 2746 1089
4 3003 2174 2407 2728
4 3003 2407 2174 2435
4 3003 2407 2712 2201
4 3003 2712 2407 2435
4 2934 2163 2279 2528
4 2934 2279 2163 2548
4 575 2802 588 586
4 588 2802 575 2314
4 2344 2548 2637 2163
4 2637 2548 2344 2206
4 2993 2439 2141 2851
4 2993 2141 2439 2367
4 2807 2396 2281 2331
4 2807 2281 2396 2146
4 3063 1676 1553 2929
4 3063 1553 1676 2551
4 1054 2778 2363 1053
4 2363 2778 1054 2562
4 2810 2246 2328 2148
4 2810 2328 2246 2664
4 2461 550 511 551
4 2461 511 550 2351
4 761 2660 971 661
4 971 2660 761 2278
4 2736 2393 2239 2457
4 2736 2239 2393 2454
4 1313 2904 2518 1311
4 2518 2904 1313 2484
4 2915 2198 2612 2362
4 2915 2612 2198 2310
4 2679 2771 2157 2301
4 2157 2771 2679 2247
4 2843 2222 1188 2341
4 2843 1188 2222 2647
4 2948 2373 2200 2597
4 2948 2200 2373 2427
4 2866 2324 2147 2770
4 2866 2147 2324 2425
4 2619 1943 506 2561
4 2619 506 1943 2018
4 3013 1409 70 2355
4 3013 70 1409 1612
4 485 2928 2276 446
4 2276 2928 485 2537
4 2853 2091 63 60
4 2853 63 2091 2616
4 2257 2589 2598 75
4 2598 2589 2257 2220
4 3013 70 2369 71
4 3013 2369 70 1612
4 2579 2369 70 71
4 2579 70 2369 1612
4 3051 2248 2142 2765
4 3051 2142 2248 2275
4 2698 1333 1379 1730
4 2698 1379 1333 2601
4 2852 2732 2788 2245
4 2852 2788 2732 1946
4 2728 1025 1221 2539
4 2728 1221 1025 1093
4 2346 2842 1769 2492
4 1769 1657 2346 2492
4 2857 2365 2382 2190
4 2857 2382 2365 2615
4 2315 14 1445 1422
4 2315 1445 14 2055
4 2919 91 2141 2368
4 2919 2141 91 2395
4 2311 2141 91 2368
4 2311 91 2141 2395
4 2781 1731 2554 2368
4 2781 2554 1731 1723
4 2934 17 2398 20
4 2934 2398 17 2242
4 2981 2313 2242 2279
4 2981 2242 2313 2746
4 2730 2042 2421 2696
4 2730 2421 2042 2016
4 2670 2780 2630 2144
4 2630 2780 2670 2326
4 2784 1583 2657 2273
4 2784 2657 1583 1441
4 2963 2335 2193 2567
4 2963 2193 2335 2485
4 1246 3024 927 944
4 927 3024 1246 2217
4 2555 915 1126 898
4 2555 1126 915 2266
4 3041 1148 970 2794
4 3041 970 1148 972
4 2624 2778 2256 2467
4 2256 2778 2624 2319
4 2652 2844 3028 2236
4 2626 2665 2467 2167
4 2467 2665 2626 2219
4 2681 1738 2659 1775
4 2681 2659 1738 2343
4 2925 2250 2295 2338
4 2925 2295 2250 2727
4 3036 2361 2687 2429
4 3036 2687 2361 2205
4 2971 1163 2500 2671
4 2971 2500 1163 1250
4 3005 106 2481 1584
4 3005 2481 106 107
4 2374 93 1787 1397
4 2374 1787 93 2111
4 2647 1233 957 2619
4 2647 957 1233 653
4 2723 721 2797 980
4 2723 2797 721 2243
4 2452 837 836 838
4 2452 836 837 2254
4 3021 2342 2210 2799
4 3021 2210 2342 2462
4 2981 1229 1228 913
4 2981 1228 1229 2609
4 2749 542 2719 2223
4 2749 2719 542 533
4 2812 2320 2285 2156
4 2812 2285 2320 2469
4 2727 979 1144 2723
4 2727 1144 979 1142
4 42 2870 2524 1466
4 2524 2870 42 43
4 2524 2450 42 1466
4 42 2450 2524 43
4 2719 549 2223 542
4 2719 2223 549 2522
4 523 2223 549 542
4 523 549 2223 2522
4 2541 1328 2575 1329
4 2541 2575 1328 2431
4 2773 2685 2936 778
4 2773 2936 2685 2297
4 2726 1535 1533 1727
4 2726 1533 1535 2294
4 2724 1414 1694 2683
4 2724 1694 1414 1623
4 2343 14 3055 1421
4 2989 2281 2564 2463
4 2989 2564 2281 2211
4 1054 2363 1086 720
4 1054 1086 2363 2562
4 2610 1504 1458 1682
4 2610 1458 1504 2309
4 2977 2553 2307 2203
4 2977 2307 2553 2826
4 2534 1310 2608 2376
4 2534 2608 1310 1614
4 2862 2321 1320 2666
4 2862 1320 2321 2440
4 1631 1320 2321 2666
4 1631 2321 1320 2440
4 2343 1421 1433 2053
4 1433 1421 2343 1547
4 1433 10 2343 2053
4 2343 10 1433 1547
4 2833 585 608 2347
4 2833 608 585 592
4 2934 2609 2877 2242
4 2934 2877 2609 2206
4 2520 94 2368 95
4 2520 2368 94 1341
4 2712 1517 2435 1741
4 2712 2435 1517 2407
4 2807 751 2564 2463
4 2807 2564 751 1111
4 125 2442 1575 1592
4 1575 2442 125 2139
4 2948 1883 2373 1654
4 2948 2373 1883 2427
4 2794 848 3041 1148
4 2794 3041 848 2388
4 2842 1657 1769 1888
4 2842 1769 1657 2346
4 112 1582 1758 1511
4 112 1758 1582 2576
4 2512 707 706 705
4 2512 706 707 2267
4 2892 1359 2419 1659
4 2892 2419 1359 2483
4 563 2648 566 565
4 566 2648 563 2572
4 2430 2724 2725 2237
4 2725 2724 2430 2196
4 2928 1182 3050 641
4 2928 3050 1182 2863
4 2020 2585 1985 1931
4 1985 2585 2020 2572
4 2817 3045 2621 111
4 2621 3045 2817 2530
4 2665 1138 2624 2467
4 2665 2624 1138 812
4 2951 1276 1929 1872
4 2951 1929 1276 2382
4 2756 1612 1305 2369
4 2756 1305 1612 1307
4 2878 1983 1986 2708
4 2878 1986 1983 1987
4 2513 2691 2419 2168
4 2419 2691 2513 2235
4 2649 1318 1629 2394
4 2649 1629 1318 1321
4 2737 1827 1898 1811
4 2737 1898 1827 2499
4 2654 1631 2440 2321
4 2654 2440 1631 1366
4 3001 2279 2163 2381
4 3001 2163 2279 2548
4 3028 609 2652 578
4 3028 2652 609 2844
4 2876 2652 609 578
4 2876 609 2652 2844
4 21 2637 2398 20
4 2398 2637 21 1561
4 2914 799 2375 2529
4 2914 2375 799 798
4 2723 977 2797 2296
4 2723 2797 977 980
4 2830 1045 850 1140
4 2830 850 1045 2727
4 98 2642 2487 1353
4 2487 2642 98 99
4 2912 1102 2232 2584
4 2912 2232 1102 1206
4 2448 2232 1102 2584
4 2448 1102 2232 1206
4 2800 723 2362 2469
4 2800 2362 723 1035
4 2913 2359 1017 2798
4 2913 1017 2359 2393
4 2129 1509 2576 117
4 2576 1509 2129 1758
4 2083 2338 1482 1498
4 2930 2233 1152 2623
4 2930 1152 2233 2600
4 2560 1236 373 1238
4 2560 373 1236 2456
4 2754 1631 2654 2321
4 2754 2654 1631 1632
4 822 2682 3006 853
4 3006 2682 822 2307
4 2799 466 1273 1814
4 2799 1273 466 393
4 202 1273 466 1814
4 202 466 1273 393
4 1968 2910 1913 1969
4 1913 2910 1968 2392
4 2824 862 860 2259
4 2824 860 862 922
4 1870 2951 1971 1872
4 1971 2951 1870 2423
4 2802 581 1844 554
4 2802 1844 581 2340
4 2876 2466 2166 2533
4 2876 2166 2466 2517
4 535 1163 226 493
4 226 1163 535 1179
4 1893 2522 1605 1299
4 1893 1605 2522 2561
4 642 483 2507 1174
4 642 2507 483 359
4 2846 1863 1745 1291
4 2846 1745 1863 2349
4 2702 1372 2992 1365
4 2702 2992 1372 2371
4 872 2866 873 874
4 873 2866 872 2770
4 2634 93 2374 1397
4 2634 2374 93 92
4 2629 1789 1396 2386
4 2629 1396 1789 1358
4 2784 1439 1440 1419
4 2784 1440 1439 2597
4 2635 595 566 2568
4 2635 566 595 568
4 3022 2159 2203 2535
4 3022 2203 2159 2634
4 1130 3045 784 2645
4 1130 784 3045 2854
4 2269 784 3045 2645
4 2269 3045 784 2854
4 2593 24 1425 2063
4 2593 1425 24 1443
4 2474 2603 2081 52
4 2081 2603 2474 1749
4 2081 53 2474 52
4 2474 53 2081 1749
4 506 1943 211 536
4 211 1943 506 2018
4 2967 930 2257 895
4 2967 2257 930 2598
4 1111 2858 2564 993
4 2564 2858 1111 2331
4 2545 1796 1496 1666
4 2545 1496 1796 2409
4 722 2830 1042 1140
4 1042 2830 722 2689
4 829 2818 2808 827
4 2808 2818 829 2429
4 2718 2482 2075 1710
4 2075 2482 2718 41
4 2075 40 2718 1710
4 2718 40 2075 41
4 2669 37 2069 1394
4 2669 2069 37 36
4 2141 2851 3020 2767
4 2141 3020 2851 2287
4 2397 3020 2851 2767
4 2397 2851 3020 2287
4 2674 2669 1638 1637
4 2674 1638 2669 2332
4 1636 1638 2669 1637
4 1636 2669 1638 2332
4 2966 705 704 703
4 2966 704 705 2512
4 514 1897 2522 1299
4 2522 1897 514 501
4 2986 619 1197 1170
4 2986 1197 619 2403
4 2578 1458 2626 2610
4 1682 1458 2626 1460
4 1682 2626 1458 2610
4 2732 1947 2389 1946
4 2732 2389 1947 2519
4 927 2971 1246 1099
4 1246 2971 927 2339
4 2556 1891 2849 1748
4 2556 2849 1891 2503
4 1746 2849 1891 1748
4 1746 1891 2849 2503
4 966 3008 662 781
4 662 3008 966 2325
4 2343 2613 14 15
4 2343 14 2613 3055
4 631 376 138 438
4 631 138 376 1241
4 462 569 2540 384
4 2540 569 462 564
4 2972 1220 2424 2569
4 2972 2424 1220 916
4 2932 1725 1327 2541
4 2932 1327 1725 1378
4 2842 426 425 365
4 2842 425 426 2644
4 3040 1689 1499 2354
4 3040 1499 1689 1478
4 1362 2992 1361 1364
4 1361 2992 1362 2691
4 2775 725 663 665
4 2775 663 725 2678
4 2888 1784 2495 1393
4 2888 2495 1784 2352
4 2944 1109 771 2393
4 2944 771 1109 793
4 936 2867 760 1118
4 760 2867 936 2563
4 2864 465 355 484
4 2864 355 465 2411
4 452 3043 2437 486
4 2437 3043 452 2970
4 2808 2841 2198 2478
4 2198 2841 2808 2787
4 3046 1207 508 622
4 3046 508 1207 2704
4 2760 1700 2544 2412
4 2760 2544 1700 1368
4 2744 1565 1473 1744
4 2744 1473 1565 2491
4 656 482 2462 1157
4 2462 482 656 366
4 2264 2334 121 2685
4 121 2334 2264 2848
4 61 2896 1572 2087
4 1572 2896 61 1768
4 2829 1246 648 1260
4 2829 648 1246 2671
4 2483 102 3026 103
4 2483 3026 102 1357
4 2841 828 852 1041
4 2841 852 828 2787
4 1219 2978 1056 615
4 1056 2978 1219 2569
4 2720 1910 2978 2569
4 2720 2978 1910 1973
4 2490 1591 1595 1594
4 2490 1595 1591 66
4 2013 624 2480 1914
4 2013 2480 624 1215
4 1971 2951 2956 1929
4 2956 2951 1971 2423
4 2956 1976 1971 1929
4 1971 1976 2956 2423
4 516 385 2500 461
4 2500 385 516 507
4 2929 1552 1676 1821
4 2929 1676 1552 2497
4 2511 46 1469 1470
4 2511 1469 46 2079
4 1131 3025 2704 950
4 2704 3025 1131 2530
4 3059 813 2358 811
4 3059 2358 813 2665
4 3034 2358 813 811
4 3034 813 2358 2665
4 2895 1354 98 1352
4 527 2829 528 503
4 528 2829 527 2498
4 2950 1761 3010 1403
4 2950 3010 1761 2632
4 2938 2557 3010 1403
4 2938 3010 2557 2632
4 2557 2950 3010 1403
4 2557 3010 2950 2632
4 2980 1675 2947 2433
4 2980 2947 1675 1388
4 2915 700 2819 759
4 2915 2819 700 2800
4 2913 2353 727 2611
4 2913 727 2353 2798
4 587 1895 2347 1278
4 2347 1895 587 559
4 597 649 258 558
4 597 258 649 1248
4 454 1281 2897 377
4 2897 1281 454 1801
4 1157 360 165 482
4 165 360 1157 625
4 3033 1581 2460 1569
4 3033 2460 1581 2869
4 22 2528 1455 2061
4 1455 2528 22 1454
4 22 1453 1455 1454
4 2521 18 1449 2056
4 2521 1449 18 1450
4 1837 1936 2834 1301
4 1837 2834 1936 2010
4 2757 2834 1936 1301
4 1247 553 2443 630
4 1247 2443 553 591
4 2696 342 1287 1852
4 2696 1287 342 1912
4 2862 1316 1317 1318
4 2862 1317 1316 2753
4 2965 415 2459 2458
4 2965 2459 415 411
4 1158 2038 2910 1941
4 2910 2038 1158 620
4 1482 2083 54 50
4 54 2083 1482 1484
4 54 2082 1482 50
4 1917 1194 307 626
4 307 1194 1917 2040
4 1211 3042 2383 1209
4 2383 3042 1211 2586
4 552 1828 274 594
4 552 274 1828 1896
4 495 1207 2823 1187
4 2823 1207 495 526
4 1803 1922 318 2039
4 318 1922 1803 1280
4 563 2017 244 1944
4 563 244 2017 565
4 2844 572 3028 2628
4 2844 3028 572 609
4 2969 1928 1970 2021
4 2969 1970 1928 2709
4 2849 1894 1575 2442
4 2849 1575 1894 1747
4 2763 338 1932 2002
4 2763 1932 338 1861
4 423 1241 2769 376
4 2769 1241 423 645
4 607 1899 2533 1809
4 2533 1899 607 562
4 1889 364 175 1293
4 175 364 1889 481
4 1841 1934 2732 1282
4 1841 2732 1934 1945
4 22 21 1455 1453
4 22 1455 21 2061
4 385 538 128 507
4 128 538 385 467
4 2130 1511 114 112
4 2130 114 1511 1510
4 1512 114 1511 112
4 1512 1511 114 1510
4 593 1903 2547 603
4 2547 1903 593 1826
4 2082 48 1481 50
4 1481 48 2082 1483
4 1481 1482 2082 50
4 2082 1482 1481 1483
4 1774 2088 1431 58
4 1774 1431 2088 1772
4 1436 2064 1428 1435
4 1428 2064 1436 30
4 1585 2124 1778 1777
4 1585 1778 2124 110
4 2130 1509 1508 1510
4 2130 1508 1509 117
4 1483 54 1482 1484
4 1483 1482 54 2082
4 1339 2112 1338 90
4 1338 2112 1339 1340
4 78 77 1539 1541
4 78 1539 77 2103
4 72 74 1577 1543
4 72 1577 74 2098
4 96 98 2895 1354
4 96 2895 98 2116
4 2912 2839 2489 2012
4 2489 2839 2912 2232
4 2912 2012 2007 2839
4 2007 2012 2912 2031
4 2083 51 2641 2338
4 2641 51 2083 50
4 2641 1482 2083 2338
4 2083 1482 2641 50
4 1459 1458 2317 2578
4 1459 2317 1458 1460
4 2626 2317 1458 2578
4 2626 1458 2317 1460
4 2834 1936 2029 2757
4 2834 2029 1936 2010

CELL_TYPES 16965
1
1
1
1
1
1
1
1
1
1
1
1
1
1
1
1
1
1
1
1
1
1
1
1
1
1
1
1
1
1
1
1
1
1
1
1
1
1
1
1
1
1
1
1
1
1
1
1
1
1
1
1
1
1
1
1
1
1
1
1
1
1
1
1
1
1
1
1
1
1
1
1
1
1
1
1
1
1
1
1
1
1
1
1
1
1
1
1
1
1
1
1
1
1
1
1
1
1
1
1
1
1
1
1
1
1
1
1
1
1
1
1
1
1
1
1
1
1
1
1
1
1
1
1
1
1
1
1
3
3
3
3
3
3
3
3
3
3
3
3
3
3
3
3
3
3
3
3
3
3
3
3
3
3
3
3
3
3
3
3
3
3
3
3
3
3
3
3
3
3
3
3
3
3
3
3
3
3
3
3
3
3
3
3
3
3
3
3
3
3
3
3
3
3
3
3
3
3
3
3
3
3
3
3
3
3
3
3
3
3
3
3
3
3
3
3
3
3
3
3
3
3
3
3
3
3
3
3
3
3
3
3
3
3
3
3
3
3
3
3
3
3
3
3
3
3
3
3
3
3
3
3
3
3
3
3
3
3
3
3
3
3
3
3
3
3
3
3
3
3
3
3
3
3
3
3
3
3
3
3
3
3
3
3
3
3
3
3
3
3
3
3
3
3
3
3
3
3
3
3
3
3
3
3
3
3
3
3
3
3
3
3
3
3
3
3
3
3
3
3
3
3
3
3
3
3
3
3
3
3
3
3
3
3
3
3
3
3
3
3
3
3
3
3
3
3
3
3
3
3
3
3
3
3
3
3
3
3
3
3
3
3
3
3
3
3
3
3
3
3
3
3
3
3
3
3
3
3
3
3
3
3
3
3
3
3
3
3
3
3
3
3
3
3
3
3
3
3
3
3
3
3
3
3
3
3
3
3
3
3
3
3
3
3
3
3
3
3
3
3
3
3
3
3
3
3
3
3
3
3
3
3
3
3
3
3
3
3
3
3
3
3
3
3
3
3
3
3
3
3
3
3
3
3
3
3
3
3
3
3
3
3
3
3
3
3
3
3
3
3
3
3
3
3
3
3
3
3
3
3
3
3
3
3
3
3
3
3
3
3
3
3
3
3
3
3
3
3
3
3
3
3
3
3
3
3
3
3
3
3
3
3
3
3
3
3
3
3
3
3
3
3
3
3
3
3
3
3
3
3
3
3
3
3
3
3
3
3
3
3
3
3
3
3
5
5
5
5
5
5
5
5
5
5
5
5
5
5
5
5
5
5
5
5
5
5
5
5
5
5
5
5
5
5
5
5
5
5
5
5
5
5
5
5
5
5
5
5
5
5
5
5
5
5
5
5
5
5
5
5
5
5
5
5
5
5
5
5
5
5
5
5
5
5
5
5
5
5
5
5
5
5
5
5
5
5
5
5
5
5
5
5
5
5
5
5
5
5
5
5
5
5
5
5
5
5
5
5
5
5
5
5
5
5
5
5
5
5
5
5
5
5
5
5
5
5
5
5
5
5
5
5
5
5
5
5
5
5
5
5
5
5
5
5
5
5
5
5
5
5
5
5
5
5
5
5
5
5
5
5
5
5
5
5
5
5
5
5
5
5
5
5
5
5
5
5
5
5
5
5
5
5
5
5
5
5
5
5
5
5
5
5
5
5
5
5
5
5
5
5
5
5
5
5
5
5
5
5
5
5
5
5
5
5
5
5
5
5
5
5
5
5
5
5
5
5
5
5
5
5
5
5
5
5
5
5
5
5
5
5
5
5
5
5
5
5
5
5
5
5
5
5
5
5
5
5
5
5
5
5
5
5
5
5
5
5
5
5
5
5
5
5
5
5
5
5
5
5
5
5
5
5
5
5
5
5
5
5
5
5
5
5
5
5
5
5
5
5
5
5
5
5
5
5
5
5
5
5
5
5
5
5
5
5
5
5
5
5
5
5
5
5
5
5
5
5
5
5
5
5
5
5
5
5
5
5
5
5
5
5
5
5
5
5
5
5
5
5
5
5
5
5
5
5
5
5
5
5
5
5
5
5
5
5
5
5
5
5
5
5
5
5
5
5
5
5
5
5
5
5
5
5
5
5
5
5
5
5
5
5
5
5
5
5
5
5
5
5
5
5
5
5
5
5
5
5
5
5
5
5
5
5
5
5
5
5
5
5
5
5
5
5
5
5
5
5
5
5
5
5
5
5
5
5
5
5
5
5
5
5
5
5
5
5
5
5
5
5
5
5
5
5
5
5
5
5
5
5
5
5
5
5
5
5
5
5
5
5
5
5
5
5
5
5
5
5
5
5
5
5
5
5
5
5
5
5
5
5
5
5
5
5
5
5
5
5
5
5
5
5
5
5
5
5
5
5
5
5
5
5
5
5
5
5
5
5
5
5
5
5
5
5
5
5
5
5
5
5
5
5
5
5
5
5
5
5
5
5
5
5
5
5
5
5
5
5
5
5
5
5
5
5
5
5
5
5
5
5
5
5
5
5
5
5
5
5
5
5
5
5
5
5
5
5
5
5
5
5
5
5
5
5
5
5
5
5
5
5
5
5
5
5
5
5
5
5
5
5
5
5
5
5
5
5
5
5
5
5
5
5
5
5
5
5
5
5
5
5
5
5
5
5
5
5
5
5
5
5
5
5
5
5
5
5
5
5
5
5
5
5
5
5
5
5
5
5
5
5
5
5
5
5
5
5
5
5
5
5
5
5
5
5
5
5
5
5
5
5
5
5
5
5
5
5
5
5
5
5
5
5
5
5
5
5
5
5
5
5
5
5
5
5
5
5
5
5
5
5
5
5
5
5
5
5
5
5
5
5
5
5
5
5
5
5
5
5
5
5
5
5
5
5
5
5
5
5
5
5
5
5
5
5
5
5
5
5
5
5
5
5
5
5
5
5
5
5
5
5
5
5
5
5
5
5
5
5
5
5
5
5
5
5
5
5
5
5
5
5
5
5
5
5
5
5
5
5
5
5
5
5
5
5
5
5
5
5
5
5
5
5
5
5
5
5
5
5
5
5
5
5
5
5
5
5
5
5
5
5
5
5
5
5
5
5
5
5
5
5
5
5
5
5
5
5
5
5
5
5
5
5
5
5
5
5
5
5
5
5
5
5
5
5
5
5
5
5
5
5
5
5
5
5
5
5
5
5
5
5
5
5
5
5
5
5
5
5
5
5
5
5
5
5
5
5
5
5
5
5
5
5
5
5
5
5
5
5
5
5
5
5
5
5
5
5
5
5
5
5
5
5
5
5
5
5
5
5
5
5
5
5
5
5
5
5
5
5
5
5
5
5
5
5
5
5
5
5
5
5
5
5
5
5
5
5
5
5
5
5
5
5
5
5
5
5
5
5
5
5
5
5
5
5
5
5
5
5
5
5
5
5
5
5
5
5
5
5
5
5
5
5
5
5
5
5
5
5
5
5
5
5
5
5
5
5
5
5
5
5
5
5
5
5
5
5
5
5
5
5
5
5
5
5
5
5
5
5
5
5
5
5
5
5
5
5
5
5
5
5
5
5
5
5
5
5
5
5
5
5
5
5
5
5
5
5
5
5
5
5
5
5
5
5
5
5
5
5
5
5
5
5
5
5
5
5
5
5
5
5
5
5
5
5
5
5
5
5
5
5
5
5
5
5
5
5
5
5
5
5
5
5
5
5
5
5
5
5
5
5
5
5
5
5
5
5
5
5
5
5
5
5
5
5
5
5
5
5
5
5
5
5
5
5
5
5
5
5
5
5
5
5
5
5
5
5
5
5
5
5
5
5
5
5
5
5
5
5
5
5
5
5
5
5
5
5
5
5
5
5
5
5
5
5
5
5
5
5
5
5
5
5
5
5
5
5
5
5
5
5
5
5
5
5
5
5
5
5
5
5
5
5
5
5
5
5
5
5
5
5
5
5
5
5
5
5
5
5
5
5
5
5
5
5
5
5
5
5
5
5
5
5
5
5
5
5
5
5
5
5
5
5
5
5
5
5
5
5
5
5
5
5
5
5
5
5
5
5
5
5
5
5
5
5
5
5
5
5
5
5
5
5
5
5
5
5
5
5
5
5
5
5
5
5
5
5
5
5
5
5
5
5
5
5
5
5
5
5
5
5
5
5
5
5
5
5
5
5
5
5
5
5
5
5
5
5
5
5
5
5
5
5
5
5
5
5
5
5
5
5
5
5
5
5
5
5
5
5
5
5
5
5
5
5
5
5
5
5
5
5
5
5
5
5
5
5
5
5
5
5
5
5
5
5
5
5
5
5
5
5
5
5
5
5
5
5
5
5
5
5
5
5
5
5
5
5
5
5
5
5
5
5
5
5
5
5
5
5
5
5
5
5
5
5
5
5
5
5
5
5
5
5
5
5
5
5
5
5
5
5
5
5
5
5
5
5
5
5
5
5
5
5
5
5
5
5
5
5
5
5
5
5
5
5
5
5
5
5
5
5
5
5
5
5
5
5
5
5
5
5
5
5
5
5
5
5
5
5
5
5
5
5
5
5
5
5
5
5
5
5
5
5
5
5
5
5
5
5
5
5
5
5
5
5
5
5
5
5
5
5
5
5
5
5
5
5
5
5
5
5
5
5
5
5
5
5
5
5
5
5
5
5
5
5
5
5
5
5
5
5
5
5
5
5
5
5
5
5
5
5
5
5
5
5
5
5
5
5
5
5
5
5
5
5
5
5
5
5
5
5
5
5
5
5
5
5
5
5
5
5
5
5
5
5
5
5
5
5
5
5
5
5
5
5
5
5
5
5
5
5
5
5
5
5
5
5
5
5
5
5
5
5
5
5
5
5
5
5
5
5
5
5
5
5
5
5
5
5
5
5
5
5
5
5
5
5
5
5
5
5
5
5
5
5
5
5
5
5
5
5
5
5
5
5
5
5
5
5
5
5
5
5
5
5
5
5
5
5
5
5
5
5
5
5
5
5
5
5
5
5
5
5
5
5
5
5
5
5
5
5
5
5
5
5
5
5
5
5
5
5
5
5
5
5
5
5
5
5
5
5
5
5
5
5
5
5
5
5
5
5
5
5
5
5
5
5
5
5
5
5
5
5
5
5
5
5
5
5
5
5
5
5
5
5
5
5
5
5
5
5
5
5
5
5
5
5
5
5
5
5
5
5
5
5
5
5
5
5
5
5
5
5
5
5
5
5
5
5
5
5
5
5
5
5
5
5
5
5
5
5
5
5
5
5
5
5
5
5
5
5
5
5
5
5
5
5
5
5
5
5
5
5
5
5
5
5
5
5
5
5
5
5
5
5
5
5
5
5
5
5
5
5
5
5
5
5
5
5
5
5
5
5
5
5
5
5
5
5
5
5
5
5
5
5
5
5
5
5
5
5
5
5
5
5
5
5
5
5
5
5
5
5
5
5
5
5
5
5
5
5
5
5
5
5
5
5
5
5
5
5
5
5
5
5
5
5
5
5
5
5
5
5
5
5
5
5
5
5
5
5
5
5
5
5
5
5
5
5
5
5
5
5
5
5
5
5
5
5
5
5
5
5
5
5
5
5
5
5
5
5
5
5
5
5
5
5
5
5
5
5
5
5
5
5
5
5
5
5
5
5
5
5
5
5
5
5
5
5
5
5
5
5
5
5
5
5
5
5
5
5
5
5
5
5
5
5
5
5
5
5
5
5
5
5
5
5
5
5
5
5
5
5
5
5
5
5
5
5
5
5
5
5
5
5
5
5
5
5
5
5
5
5
5
5
5
5
5
5
5
5
5
5
5
5
5
5
5
5
5
5
5
5
5
5
5
5
5
5
5
5
5
5
5
5
5
5
5
5
5
5
5
5
5
5
5
5
5
5
5
5
5
5
5
5
5
5
5
5
5
5
5
5
5
5
5
5
5
5
5
5
5
5
5
5
5
5
5
5
5
5
5
5
5
5
5
5
5
5
5
5
5
5
5
5
5
5
5
5
5
5
5
5
5
5
5
5
5
5
5
5
5
5
5
5
5
5
5
5
5
5
5
5
5
5
5
5
5
5
5
5
5
5
5
5
5
5
5
5
5
5
5
5
5
5
5
5
5
5
5
5
5
5
5
5
5
5
5
5
5
5
5
5
5
5
5
5
5
5
5
5
5
5
5
5
5
5
5
5
5
5
5
5
5
5
5
5
5
5
5
5
5
5
5
5
5
5
5
5
5
5
5
5
5
5
5
5
5
5
5
5
5
5
5
5
5
5
5
5
5
5
5
5
5
5
5
5
5
5
5
5
5
5
5
5
5
5
5
5
5
5
5
5
5
5
5
5
5
5
5
5
5
5
5
5
5
5
5
5
5
5
5
5
5
5
5
5
5
5
5
5
5
5
5
5
5
5
5
5
5
5
5
5
5
5
5
5
5
5
5
5
5
5
5
5
5
5
5
5
5
5
5
5
5
5
5
5
5
5
5
5
5
5
5
5
5
5
5
5
5
5
5
5
5
5
5
5
5
5
5
5
5
5
5
5
5
5
5
5
5
5
5
5
5
5
5
5
5
5
5
5
5
5
5
5
5
5
5
5
5
5
5
5
5
5
5
5
5
5
5
5
5
5
5
5
5
5
5
5
5
5
5
5
5
5
5
5
5
5
5
5
5
5
5
5
5
5
5
5
5
5
5
5
5
5
5
5
5
5
5
5
5
5
5
5
5
5
5
5
5
5
5
5
5
5
5
5
5
5
5
5
5
5
5
5
5
5
5
5
5
5
5
5
5
5
5
5
5
5
5
5
5
5
5
5
5
5
5
5
5
5
5
5
5
5
5
5
5
5
5
5
5
5
5
5
5
5
5
5
5
5
5
5
5
5
5
5
5
5
5
5
5
5
5
5
5
5
5
5
5
5
5
5
5
5
5
5
5
5
5
5
5
5
5
5
5
5
5
5
5
5
5
5
5
5
5
5
5
5
5
5
5
5
5
5
5
5
5
5
5
5
5
5
5
5
5
5
5
5
5
5
5
5
5
5
5
5
5
5
5
5
5
5
5
5
5
5
5
5
5
5
5
5
5
5
5
5
5
5
5
5
5
5
5
5
5
5
5
5
5
5
5
5
5
5
5
5
5
5
5
5
5
5
5
5
5
5
5
5
5
5
5
5
5
5
5
5
5
5
5
5
5
5
5
5
5
5
5
5
5
5
5
5
5
5
5
5
5
5
5
5
5
5
5
5
5
5
5
5
5
5
5
5
5
5
5
5
5
5
5
5
5
5
5
5
5
5
5
5
5
5
5
5
5
5
5
5
5
5
5
5
5
5
5
5
5
5
5
5
5
5
5
5
5
5
5
5
5
5
5
5
5
5
5
5
5
5
5
5
5
5
5
5
5
5
5
5
5
5
5
5
5
5
5
5
5
5
5
5
5
5
5
5
5
5
5
5
5
5
5
5
5
5
5
5
5
5
5
5
5
5
5
5
5
5
5
5
5
5
5
5
5
5
5
5
5
5
5
5
5
5
5
5
5
5
5
5
5
5
5
5
5
5
5
5
5
5
5
5
5
5
5
5
5
5
5
5
5
5
5
5
5
5
5
5
5
5
5
5
5
5
5
5
5
5
5
5
5
5
5
5
5
5
5
5
5
5
5
5
5
5
5
5
5
5
5
5
5
5
5
5
5
5
5
5
5
5
5
5
5
5
5
5
5
5
5
5
5
5
5
5
5
5
5
5
5
5
5
5
5
5
5
5
5
5
5
5
5
5
5
5
5
5
5
5
5
5
5
5
5
5
5
5
5
5
5
5
5
5
5
5
5
5
5
5
5
5
5
5
5
5
5
5
5
5
5
5
5
5
5
5
5
5
5
5
5
5
5
5
5
5
5
5
5
5
5
5
5
5
5
5
5
5
5
5
5
5
5
5
5
5
5
5
5
5
5
5
5
5
5
5
5
5
5
5
5
5
5
5
5
5
5
5
5
5
5
5
5
5
5
5
5
5
5
5
5
5
5
5
5
5
5
5
5
5
5
5
5
5
5
5
5
5
5
5
5
5
5
5
5
5
5
5
5
5
5
5
5
5
5
5
5
5
5
5
5
5
5
5
5
5
5
5
5
5
5
5
5
5
5
5
5
5
5
5
5
5
5
5
5
5
5
5
5
5
5
5
5
5
5
5
5
5
5
5
5
5
5
5
5
5
5
5
5
5
5
5
5
5
5
5
5
5
5
5
5
5
5
5
5
5
5
5
5
5
5
5
5
5
5
5
5
5
5
5
5
5
5
5
5
5
5
5
5
5
5
5
5
5
5
5
5
5
5
5
5
5
5
5
5
5
5
5
5
5
5
5
5
5
5
5
5
5
5
5
5
5
5
5
5
5
5
5
5
5
5
5
5
5
5
5
5
5
5
5
5
5
5
5
5
5
5
5
5
5
5
5
5
5
5
5
5
5
5
5
5
5
5
5
5
5
5
5
5
5
5
5
5
5
5
5
5
5
5
5
5
5
5
5
5
5
5
5
5
5
5
5
5
5
5
5
5
5
5
5
5
5
5
5
5
5
5
5
5
5
5
5
5
5
5
5
5
5
5
5
5
5
5
5
5
5
5
5
5
5
5
5
5
5
5
5
5
5
5
5
5
5
5
5
5
5
5
5
5
5
5
5
5
5
5
5
5
5
5
5
5
5
5
5
5
5
5
5
5
5
5
5
5
5
5
5
5
5
5
5
5
5
5
5
5
5
5
5
5
5
5
5
5
5
5
5
5
5
5
5
5
5
5
5
5
5
5
5
5
5
5
5
5
5
5
5
5
5
5
5
5
5
5
5
5
5
5
5
5
5
5
5
5
5
5
5
5
5
5
5
5
5
5
5
5
5
5
5
5
5
5
5
5
5
5
5
5
5
5
5
5
5
5
5
5
5
5
5
5
5
5
5
5
5
5
5
5
5
5
5
5
5
5
5
5
5
5
5
5
5
5
5
5
5
5
5
5
5
5
5
5
5
5
5
5
5
5
5
5
5
5
5
5
5
5
5
5
5
5
5
5
5
5
5
5
5
5
5
5
5
5
5
5
5
5
5
5
5
5
5
5
5
5
5
5
5
5
5
5
5
5
5
5
5
5
5
5
5
5
5
5
5
5
5
5
5
5
5
5
5
5
5
5
5
5
5
5
5
5
5
5
5
5
5
5
5
5
5
5
5
5
5
5
5
5
5
5
5
5
5
5
5
5
5
5
5
5
5
5
5
5
5
5
5
5
5
5
5
5
5
5
5
5
5
5
5
5
5
5
5
5
5
5
5
5
5
5
5
5
5
5
5
5
5
5
5
5
5
5
5
5
5
5
5
5
5
5
5
5
5
5
5
5
5
5
5
5
5
5
5
5
5
5
5
5
5
5
5
5
5
5
5
5
5
5
5
5
5
5
5
5
5
5
5
5
5
5
5
5
5
5
5
5
5
5
5
5
5
5
5
5
5
5
5
5
5
5
5
5
5
5
5
5
5
5
5
5
5
5
5
5
5
5
5
5
5
5
5
5
5
5
5
5
5
5
5
5
5
5
5
5
5
5
5
5
5
5
5
5
5
5
5
5
5
5
5
5
5
5
5
5
5
5
5
5
5
5
5
5
5
5
5
5
5
5
5
5
5
5
5
5
5
5
5
5
5
5
5
5
5
5
5
5
5
5
5
5
5
5
5
5
5
5
5
5
5
5
5
5
5
5
5
5
5
5
5
5
5
5
5
5
5
5
5
5
5
5
5
5
5
5
5
5
5
5
5
5
5
5
5
5
5
5
5
5
5
5
5
5
5
5
5
5
5
5
5
5
5
5
5
5
5
5
5
5
5
5
5
5
5
5
5
5
5
5
5
5
5
5
5
5
5
5
5
5
5
5
5
5
5
5
5
5
5
5
5
5
5
5
5
5
5
5
5
5
5
5
5
5
5
5
5
5
5
5
5
5
5
5
5
5
5
5
5
5
5
5
5
5
5
5
5
5
5
5
5
5
5
5
5
5
5
5
5
5
5
5
5
5
5
5
5
5
5
5
5
5
5
5
5
5
5
5
5
5
5
5
5
5
5
5
5
5
5
5
5
5
5
5
5
5
5
5
5
5
5
5
5
5
5
5
5
5
5
5
5
5
5
5
5
5
5
5
5
5
5
5
5
5
5
5
5
5
5
5
5
5
5
5
5
5
5
5
5
5
5
5
5
5
5
5
5
5
5
5
5
5
5
5
5
5
5
5
5
5
5
5
5
5
5
5
5
5
5
5
5
5
5
5
5
5
5
5
5
5
5
5
5
5
5
5
5
5
5
5
5
5
5
5
5
5
5
5
5
5
5
5
5
5
5
5
5
5
5
5
5
5
5
5
5
5
5
5
5
5
5
5
5
5
5
5
5
5
5
5
5
5
5
5
5
5
5
5
5
5
5
5
5
5
5
5
5
5
5
5
5
5
5
5
5
5
5
5
5
5
5
5
5
5
5
5
5
5
5
5
5
5
5
5
5
5
5
5
5
5
5
5
5
5
5
5
5
5
5
5
5
5
5
5
5
5
5
5
5
5
5
5
5
5
5
5
5
5
5
5
5
5
5
5
5
5
5
5
5
5
5
5
5
5
5
5
5
5
5
5
5
5
5
5
5
5
5
5
5
5
5
5
5
5
5
5
5
5
5
5
5
5
5
5
5
5
5
5
5
5
5
5
5
5
5
5
5
5
5
5
5
5
5
5
5
5
5
5
5
5
5
5
5
5
5
5
5
5
5
5
5
5
5
5
5
5
5
5
5
5
5
5
5
5
5
5
5
5
5
5
5
5
5
10
10
10
10
10
10
10
10
10
10
10
10
10
10
10
10
10
10
10
10
10
10
10
10
10
10
10
10
10
10
10
10
10
10
10
10
10
10
10
10
10
10
10
10
10
10
10
10
10
10
10
10
10
10
10
10
10
10
10
10
10
10
10
10
10
10
10
10
10
10
10
10
10
10
10
10
10
10
10
10
10
10
10
10
10
10
10
10
10
10
10
10
10
10
10
10
10
10
10
10
10
10
10
10
10
10
10
10
10
10
10
10
10
10
10
10
10
10
10
10
10
10
10
10
10
10
10
10
10
10
10
10
10
10
10
10
10
10
10
10
10
10
10
10
10
10
10
10
10
10
10
10
10
10
10
10
10
10
10
10
10
10
10
10
10
10
10
10
10
10
10
10
10
10
10
10
10
10
10
10
10
10
10
10
10
10
10
10
10
10
10
10
10
10
10
10
10
10
10
10
10
10
10
10
10
10
10
10
10
10
10
10
10
10
10
10
10
10
10
10
10
10
10
10
10
10
10
10
10
10
10
10
10
10
10
10
10
10
10
10
10
10
10
10
10
10
10
10
10
10
10
10
10
10
10
10
10
10
10
10
10
10
10
10
10
10
10
10
10
10
10
10
10
10
10
10
10
10
10
10
10
10
10
10
10
10
10
10
10
10
10
10
10
10
10
10
10
10
10
10
10
10
10
10
10
10
10
10
10
10
10
10
10
10
10
10
10
10
10
10
10
10
10
10
10
10
10
10
10
10
10
10
10
10
10
10
10
10
10
10
10
10
10
10
10
10
10
10
10
10
10
10
10
10
10
10
10
10
10
10
10
10
10
10
10
10
10
10
10
10
10
10
10
10
10
10
10
10
10
10
10
10
10
10
10
10
10
10
10
10
10
10
10
10
10
10
10
10
10
10
10
10
10
10
10
10
10
10
10
10
10
10
10
10
10
10
10
10
10
10
10
10
10
10
10
10
10
10
10
10
10
10
10
10
10
10
10
10
10
10
10
10
10
10
10
10
10
10
10
10
10
10
10
10
10
10
10
10
10
10
10
10
10
10
10
10
10
10
10
10
10
10
10
10
10
10
10
10
10
10
10
10
10
10
10
10
10
10
10
10
10
10
10
10
10
10
10
10
10
10
10
10
10
10
10
10
10
10
10
10
10
10
10
10
10
10
10
10
10
10
10
10
10
10
10
10
10
10
10
10
10
10
10
10
10
10
10
10
10
10
10
10
10
10
10
10
10
10
10
10
10
10
10
10
10
10
10
10
10
10
10
10
10
10
10
10
10
10
10
10
10
10
10
10
10
10
10
10
10
10
10
10
10
10
10
10
10
10
10
10
10
10
10
10
10
10
10
10
10
10
10
10
10
10
10
10
10
10
10
10
10
10
10
10
10
10
10
10
10
10
10
10
10
10
10
10
10
10
10
10
10
10
10
10
10
10
10
10
10
10
10
10
10
10
10
10
10
10
10
10
10
10
10
10
10
10
10
10
10
10
10
10
10
10
10
10
10
10
10
10
10
10
10
10
10
10
10
10
10
10
10
10
10
10
10
10
10
10
10
10
10
10
10
10
10
10
10
10
10
10
10
10
10
10
10
10
10
10
10
10
10
10
10
10
10
10
10
10
10
10
10
10
10
10
10
10
10
10
10
10
10
10
10
10
10
10
10
10
10
10
10
10
10
10
10
10
10
10
10
10
10
10
10
10
10
10
10
10
10
10
10
10
10
10
10
10
10
10
10
10
10
10
10
10
10
10
10
10
10
10
10
10
10
10
10
10
10
10
10
10
10
10
10
10
10
10
10
10
10
10
10
10
10
10
10
10
10
10
10
10
10
10
10
10
10
10
10
10
10
10
10
10
10
10
10
10
10
10
10
10
10
10
10
10
10
10
10
10
10
10
10
10
10
10
10
10
10
10
10
10
10
10
10
10
10
10
10
10
10
10
10
10
10
10
10
10
10
10
10
10
10
10
10
10
10
10
10
10
10
10
10
10
10
10
10
10
10
10
10
10
10
10
10
10
10
10
10
10
10
10
10
10
10
10
10
10
10
10
10
10
10
10
10
10
10
10
10
10
10
10
10
10
10
10
10
10
10
10
10
10
10
10
10
10
10
10
10
10
10
10
10
10
10
10
10
10
10
10
10
10
10
10
10
10
10
10
10
10
10
10
10
10
10
10
10
10
10
10
10
10
10
10
10
10
10
10
10
10
10
10
10
10
10
10
10
10
10
10
10
10
10
10
10
10
10
10
10
10
10
10
10
10
10
10
10
10
10
10
10
10
10
10
10
10
10
10
10
10
10
10
10
10
10
10
10
10
10
10
10
10
10
10
10
10
10
10
10
10
10
10
10
10
10
10
10
10
10
10
10
10
10
10
10
10
10
10
10
10
10
10
10
10
10
10
10
10
10
10
10
10
10
10
10
10
10
10
10
10
10
10
10
10
10
10
10
10
10
10
10
10
10
10
10
10
10
10
10
10
10
10
10
10
10
10
10
10
10
10
10
10
10
10
10
10
10
10
10
10
10
10
10
10
10
10
10
10
10
10
10
10
10
10
10
10
10
10
10
10
10
10
10
10
10
10
10
10
10
10
10
10
10
10
10
10
10
10
10
10
10
10
10
10
10
10
10
10
10
10
10
10
10
10
10
10
10
10
10
10
10
10
10
10
10
10
10
10
10
10
10
10
10
10
10
10
10
10
10
10
10
10
10
10
10
10
10
10
10
10
10
10
10
10
10
10
10
10
10
10
10
10
10
10
10
10
10
10
10
10
10
10
10
10
10
10
10
10
10
10
10
10
10
10
10
10
10
10
10
10
10
10
10
10
10
10
10
10
10
10
10
10
10
10
10
10
10
10
10
10
10
10
10
10
10
10
10
10
10
10
10
10
10
10
10
10
10
10
10
10
10
10
10
10
10
10
10
10
10
10
10
10
10
10
10
10
10
10
10
10
10
10
10
10
10
10
10
10
10
10
10
10
10
10
10
10
10
10
10
10
10
10
10
10
10
10
10
10
10
10
10
10
10
10
10
10
10
10
10
10
10
10
10
10
10
10
10
10
10
10
10
10
10
10
10
10
10
10
10
10
10
10
10
10
10
10
10
10
10
10
10
10
10
10
10
10
10
10
10
10
10
10
10
10
10
10
10
10
10
10
10
10
10
10
10
10
10
10
10
10
10
10
10
10
10
10
10
10
10
10
10
10
10
10
10
10
10
10
10
10
10
10
10
10
10
10
10
10
10
10
10
10
10
10
10
10
10
10
10
10
10
10
10
10
10
10
10
10
10
10
10
10
10
10
10
10
10
10
10
10
10
10
10
10
10
10
10
10
10
10
10
10
10
10
10
10
10
10
10
10
10
10
10
10
10
10
10
10
10
10
10
10
10
10
10
10
10
10
10
10
10
10
10
10
10
10
10
10
10
10
10
10
10
10
10
10
10
10
10
10
10
10
10
10
10
10
10
10
10
10
10
10
10
10
10
10
10
10
10
10
10
10
10
10
10
10
10
10
10
10
10
10
10
10
10
10
10
10
10
10
10
10
10
10
10
10
10
10
10
10
10
10
10
10
10
10
10
10
10
10
10
10
10
10
10
10
10
10
10
10
10
10
10
10
10
10
10
10
10
10
10
10
10
10
10
10
10
10
10
10
10
10
10
10
10
10
10
10
10
10
10
10
10
10
10
10
10
10
10
10
10
10
10
10
10
10
10
10
10
10
10
10
10
10
10
10
10
10
10
10
10
10
10
10
10
10
10
10
10
10
10
10
10
10
10
10
10
10
10
10
10
10
10
10
10
10
10
10
10
10
10
10
10
10
10
10
10
10
10
10
10
10
10
10
10
10
10
10
10
10
10
10
10
10
10
10
10
10
10
10
10
10
10
10
10
10
10
10
10
10
10
10
10
10
10
10
10
10
10
10
10
10
10
10
10
10
10
10
10
10
10
10
10
10
10
10
10
10
10
10
10
10
10
10
10
10
10
10
10
10
10
10
10
10
10
10
10
10
10
10
10
10
10
10
10
10
10
10
10
10
10
10
10
10
10
10
10
10
10
10
10
10
10
10
10
10
10
10
10
10
10
10
10
10
10
10
10
10
10
10
10
10
10
10
10
10
10
10
10
10
10
10
10
10
10
10
10
10
10
10
10
10
10
10
10
10
10
10
10
10
10
10
10
10
10
10
10
10
10
10
10
10
10
10
10
10
10
10
10
10
10
10
10
10
10
10
10
10
10
10
10
10
10
10
10
10
10
10
10
10
10
10
10
10
10
10
10
10
10
10
10
10
10
10
10
10
10
10
10
10
10
10
10
10
10
10
10
10
10
10
10
10
10
10
10
10
10
10
10
10
10
10
10
10
10
10
10
10
10
10
10
10
10
10
10
10
10
10
10
10
10
10
10
10
10
10
10
10
10
10
10
10
10
10
10
10
10
10
10
10
10
10
10
10
10
10
10
10
10
10
10
10
10
10
10
10
10
10
10
10
10
10
10
10
10
10
10
10
10
10
10
10
10
10
10
10
10
10
10
10
10
10
10
10
10
10
10
10
10
10
10
10
10
10
10
10
10
10
10
10
10
10
10
10
10
10
10
10
10
10
10
10
10
10
10
10
10
10
10
10
10
10
10
10
10
10
10
10
10
10
10
10
10
10
10
10
10
10
10
10
10
10
10
10
10
10
10
10
10
10
10
10
10
10
10
10
10
10
10
10
10
10
10
10
10
10
10
10
10
10
10
10
10
10
10
10
10
10
10
10
10
10
10
10
10
10
10
10
10
10
10
10
10
10
10
10
10
10
10
10
10
10
10
10
10
10
10
10
10
10
10
10
10
10
10
10
10
10
10
10
10
10
10
10
10
10
10
10
10
10
10
10
10
10
10
10
10
10
10
10
10
10
10
10
10
10
10
10
10
10
10
10
10
10
10
10
10
10
10
10
10
10
10
10
10
10
10
10
10
10
10
10
10
10
10
10
10
10
10
10
10
10
10
10
10
10
10
10
10
10
10
10
10
10
10
10
10
10
10
10
10
10
10
10
10
10
10
10
10
10
10
10
10
10
10
10
10
10
10
10
10
10
10
10
10
10
10
10
10
10
10
10
10
10
10
10
10
10
10
10
10
10
10
10
10
10
10
10
10
10
10
10
10
10
10
10
10
10
10
10
10
10
10
10
10
10
10
10
10
10
10
10
10
10
10
10
10
10
10
10
10
10
10
10
10
10
10
10
10
10
10
10
10
10
10
10
10
10
10
10
10
10
10
10
10
10
10
10
10
10
10
10
10
10
10
10
10
10
10
10
10
10
10
10
10
10
10
10
10
10
10
10
10
10
10
10
10
10
10
10
10
10
10
10
10
10
10
10
10
10
10
10
10
10
10
10
10
10
10
10
10
10
10
10
10
10
10
10
10
10
10
10
10
10
10
10
10
10
10
10
10
10
10
10
10
10
10
10
10
10
10
10
10
10
10
10
10
10
10
10
10
10
10
10
10
10
10
10
10
10
10
10
10
10
10
10
10
10
10
10
10
10
10
10
10
10
10
10
10
10
10
10
10
10
10
10
10
10
10
10
10
10
10
10
10
10
10
10
10
10
10
10
10
10
10
10
10
10
10
10
10
10
10
10
10
10
10
10
10
10
10
10
10
10
10
10
10
10
10
10
10
10
10
10
10
10
10
10
10
10
10
10
10
10
10
10
10
10
10
10
10
10
10
10
10
10
10
10
10
10
10
10
10
10
10
10
10
10
10
10
10
10
10
10
10
10
10
10
10
10
10
10
10
10
10
10
10
10
10
10
10
10
10
10
10
10
10
10
10
10
10
10
10
10
10
10
10
10
10
10
10
10
10
10
10
10
10
10
10
10
10
10
10
10
10
10
10
10
10
10
10
10
10
10
10
10
10
10
10
10
10
10
10
10
10
10
10
10
10
10
10
10
10
10
10
10
10
10
10
10
10
10
10
10
10
10
10
10
10
10
10
10
10
10
10
10
10
10
10
10
10
10
10
10
10
10
10
10
10
10
10
10
10
10
10
10
10
10
10
10
10
10
10
10
10
10
10
10
10
10
10
10
10
10
10
10
10
10
10
10
10
10
10
10
10
10
10
10
10
10
10
10
10
10
10
10
10
10
10
10
10
10
10
10
10
10
10
10
10
10
10
10
10
10
10
10
10
10
10
10
10
10
10
10
10
10
10
10
10
10
10
10
10
10
10
10
10
10
10
10
10
10
10
10
10
10
10
10
10
10
10
10
10
10
10
10
10
10
10
10
10
10
10
10
10
10
10
10
10
10
10
10
10
10
10
10
10
10
10
10
10
10
10
10
10
10
10
10
10
10
10
10
10
10
10
10
10
10
10
10
10
10
10
10
10
10
10
10
10
10
10
10
10
10
10
10
10
10
10
10
10
10
10
10
10
10
10
10
10
10
10
10
10
10
10
10
10
10
10
10
10
10
10
10
10
10
10
10
10
10
10
10
10
10
10
10
10
10
10
10
10
10
10
10
10
10
10
10
10
10
10
10
10
10
10
10
10
10
10
10
10
10
10
10
10
10
10
10
10
10
10
10
10
10
10
10
10
10
10
10
10
10
10
10
10
10
10
10
10
10
10
10
10
10
10
10
10
10
10
10
10
10
10
10
10
10
10
10
10
10
10
10
10
10
10
10
10
10
10
10
10
10
10
10
10
10
10
10
10
10
10
10
10
10
10
10
10
10
10
10
10
10
10
10
10
10
10
10
10
10
10
10
10
10
10
10
10
10
10
10
10
10
10
10
10
10
10
10
10
10
10
10
10
10
10
10
10
10
10
10
10
10
10
10
10
10
10
10
10
10
10
10
10
10
10
10
10
10
10
10
10
10
10
10
10
10
10
10
10
10
10
10
10
10
10
10
10
10
10
10
10
10
10
10
10
10
10
10
10
10
10
10
10
10
10
10
10
10
10
10
10
10
10
10
10
10
10
10
10
10
10
10
10
10
10
10
10
10
10
10
10
10
10
10
10
10
10
10
10
10
10
10
10
10
10
10
10
10
10
10
10
10
10
10
10
10
10
10
10
10
10
10
10
10
10
10
10
10
10
10
10
10
10
10
10
10
10
10
10
10
10
10
10
10
10
10
10
10
10
10
10
10
10
10
10
10
10
10
10
10
10
10
10
10
10
10
10
10
10
10
10
10
10
10
10
10
10
10
10
10
10
10
10
10
10
10
10
10
10
10
10
10
10
10
10
10
10
10
10
10
10
10
10
10
10
10
10
10
10
10
10
10
10
10
10
10
10
10
10
10
10
10
10
10
10
10
10
10
10
10
10
10
10
10
10
10
10
10
10
10
10
10
10
10
10
10
10
10
10
10
10
10
10
10
10
10
10
10
10
10
10
10
10
10
10
10
10
10
10
10
10
10
10
10
10
10
10
10
10
10
10
10
10
10
10
10
10
10
10
10
10
10
10
10
10
10
10
10
10
10
10
10
10
10
10
10
10
10
10
10
10
10
10
10
10
10
10
10
10
10
10
10
10
10
10
10
10
10
10
10
10
10
10
10
10
10
10
10
10
10
10
10
10
10
10
10
10
10
10
10
10
10
10
10
10
10
10
10
10
10
10
10
10
10
10
10
10
10
10
10
10
10
10
10
10
10
10
10
10
10
10
10
10
10
10
10
10
10
10
10
10
10
10
10
10
10
10
10
10
10
10
10
10
10
10
10
10
10
10
10
10
10
10
10
10
10
10
10
10
10
10
10
10
10
10
10
10
10
10
10
10
10
10
10
10
10
10
10
10
10
10
10
10
10
10
10
10
10
10
10
10
10
10
10
10
10
10
10
10
10
10
10
10
10
10
10
10
10
10
10
10
10
10
10
10
10
10
10
10
10
10
10
10
10
10
10
10
10
10
10
10
10
10
10
10
10
10
10
10
10
10
10
10
10
10
10
10
10
10
10
10
10
10
10
10
10
10
10
10
10
10
10
10
10
10
10
10
10
10
10
10
10
10
10
10
10
10
10
10
10
10
10
10
10
10
10
10
10
10
10
10
10
10
10
10
10
10
10
10
10
10
10
10
10
10
10
10
10
10
10
10
10
10
10
10
10
10
10
10
10
10
10
10
10
10
10
10
10
10
10
10
10
10
10
10
10
10
10
10
10
10
10
10
10
10
10
10
10
10
10
10
10
10
10
10
10
10
10
10
10
10
10
10
10
10
10
10
10
10
10
10
10
10
10
10
10
10
10
10
10
10
10
10
10
10
10
10
10
10
10
10
10
10
10
10
10
10
10
10
10
10
10
10
10
10
10
10
10
10
10
10
10
10
10
10
10
10
10
10
10
10
10
10
10
10
10
10
10
10
10
10
10
10
10
10
10
10
10
10
10
10
10
10
10
10
10
10
10
10
10
10
10
10
10
10
10
10
10
10
10
10
10
10
10
10
10
10
10
10
10
10
10
10
10
10
10
10
10
10
10
10
10
10
10
10
10
10
10
10
10
10
10
10
10
10
10
10
10
10
10
10
10
10
10
10
10
10
10
10
10
10
10
10
10
10
10
10
10
10
10
10
10
10
10
10
10
10
10
10
10
10
10
10
10
10
10
10
10
10
10
10
10
10
10
10
10
10
10
10
10
10
10
10
10
10
10
10
10
10
10
10
10
10
10
10
10
10
10
10
10
10
10
10
10
10
10
10
10
10
10
10
10
10
10
10
10
10
10
10
10
10
10
10
10
10
10
10
10
10
10
10
10
10
10
10
10
10
10
10
10
10
10
10
10
10
10
10
10
10
10
10
10
10
10
10
10
10
10
10
10
10
10
10
10
10
10
10
10
10
10
10
10
10
10
10
10
10
10
10
10
10
10
10
10
10
10
10
10
10
10
10
10
10
10
10
10
10
10
10
10
10
10
10
10
10
10
10
10
10
10
10
10
10
10
10
10
10
10
10
10
10
10
10
10
10
10
10
10
10
10
10
10
10
10
10
10
10
10
10
10
10
10
10
10
10
10
10
10
10
10
10
10
10
10
10
10
10
10
10
10
10
10
10
10
10
10
10
10
10
10
10
10
10
10
10
10
10
10
10
10
10
10
10
10
10
10
10
10
10
10
10
10
10
10
10
10
10
10
10
10
10
10
10
10
10
10
10
10
10
10
10
10
10
10
10
10
10
10
10
10
10
10
10
10
10
10
10
10
10
10
10
10
10
10
10
10
10
10
10
10
10
10
10
10
10
10
10
10
10
10
10
10
10
10
10
10
10
10
10
10
10
10
10
10
10
10
10
10
10
10
10
10
10
10
10
10
10
10
10
10
10
10
10
10
10
10
10
10
10
10
10
10
10
10
10
10
10
10
10
10
10
10
10
10
10
10
10
10
10
10
10
10
10
10
10
10
10
10
10
10
10
10
10
10
10
10
10
10
10
10
10
10
10
10
10
10
10
10
10
10
10
10
10
10
10
10
10
10
10
10
10
10
10
10
10
10
10
10
10
10
10
10
10
10
10
10
10
10
10
10
10
10
10
10
10
10
10
10
10
10
10
10
10
10
10
10
10
10
10
10
10
10
10
10
10
10
10
10
10
10
10
10
10
10
10
10
10
10
10
10
10
10
10
10
10
10
10
10
10
10
10
10
10
10
10
10
10
10
10
10
10
10
10
10
10
10
10
10
10
10
10
10
10
10
10
10
10
10
10
10
10
10
10
10
10
10
10
10
10
10
10
10
10
10
10
10
10
10
10
10
10
10
10
10
10
10
10
10
10
10
10
10
10
10
10
10
10
10
10
10
10
10
10
10
10
10
10
10
10
10
10
10
10
10
10
10
10
10
10
10
10
10
10
10
10
10
10
10
10
10
10
10
10
10
10
10
10
10
10
10
10
10
10
10
10
10
10
10
10
10
10
10
10
10
10
10
10
10
10
10
10
10
10
10
10
10
10
10
10
10
10
10
10
10
10
10
10
10
10
10
10
10
10
10
10
10
10
10
10
10
10
10
10
10
10
10
10
10
10
10
10
10
10
10
10
10
10
10
10
10
10
10
10
10
10
10
10
10
10
10
10
10
10
10
10
10
10
10
10
10
10
10
10
10
10
10
10
10
10
10
10
10
10
10
10
10
10
10
10
10
10
10
10
10
10
10
10
10
10
10
10
10
10
10
10
10
10
10
10
10
10
10
10
10
10
10
10
10
10
10
10
10
10
10
10
10
10
10
10
10
10
10
10
10
10
10
10
10
10
10
10
10
10
10
10
10
10
10
10
10
10
10
10
10
10
10
10
10
10
10
10
10
10
10
10
10
10
10
10
10
10
10
10
10
10
10
10
10
10
10
10
10
10
10
10
10
10
10
10
10
10
10
10
10
10
10
10
10
10
10
10
10
10
10
10
10
10
10
10
10
10
10
10
10
10
10
10
10
10
10
10
10
10
10
10
10
10
10
10
10
10
10
10
10
10
10
10
10
10
10
10
10
10
10
10
10
10
10
10
10
10
10
10
10
10
10
10
10
10
10
10
10
10
10
10
10
10
10
10
10
10
10
10
10
10
10
10
10
10
10
10
10
10
10
10
10
10
10
10
10
10
10
10
10
10
10
10
10
10
10
10
10
10
10
10
10
10
10
10
10
10
10
10
10
10
10
10
10
10
10
10
10
10
10
10
10
10
10
10
10
10
10
10
10
10
10
10
10
10
10
10
10
10
10
10
10
10
10
10
10
10
10
10
10
10
10
10
10
10
10
10
10
10
10
10
10
10
10
10
10
10
10
10
10
10
10
10
10
10
10
10
10
10
10
10
10
10
10
10
10
10
10
10
10
10
10
10
10
10
10
10
10
10
10
10
10
10
10
10
10
10
10
10
10
10
10
10
10
10
10
10
10
10
10
10
10
10
10
10
10
10
10
10
10
10
10
10
10
10
10
10
10
10
10
10
10
10
10
10
10
10
10
10
10
10
10
10
10
10
10
10
10
10
10
10
10
10
10
10
10
10
10
10
10
10
10
10
10
10
10
10
10
10
10
10
10
10
10
10
10
10
10
10
10
10
10
10
10
10
10
10
10
10
10
10
10
10
10
10
10
10
10
10
10
10
10
10
10
10
10
10
10
10
10
10
10
10
10
10
10
10
10
10
10
10
10
10
10
10
10
10
10
10
10
10
10
10
10
10
10
10
10
10
10
10
10
10
10
10
10
10
10
10
10
10
10
10
10
10
10
10
10
10
10
10
10
10
10
10
10
10
10
10
10
10
10
10
10
10
10
10
10
10
10
10
10
10
10
10
10
10
10
10
10
10
10
10
10
10
10
10
10
10
10
10
10
10
10
10
10
10
10
10
10
10
10
10
10
10
10
10
10
10
10
10
10
10
10
10
10
10
10
10
10
10
10
10
10
10
10
10
10
10
10
10
10
10
10
10
10
10
10
10
10
10
10
10
10
10
10
10
10
10
10
10
10
10
10
10
10
10
10
10
10
10
10
10
10
10
10
10
10
10
10
10
10
10
10
10
10
10
10
10
10
10
10
10
10
10
10
10
10
10
10
10
10
10
10
10
10
10
10
10
10
10
10
10
10
10
10
10
10
10
10
10
10
10
10
10
10
10
10
10
10
10
10
10
10
10
10
10
10
10
10
10
10
10
10
10
10
10
10
10
10
10
10
10
10
10
10
10
10
10
10
10
10
10
10
10
10
10
10
10
10
10
10
10
10
10
10
10
10
10
10
10
10
10
10
10
10
10
10
10
10
10
10
10
10
10
10
10
10
10
10
10
10
10
10
10
10
10
10
10
10
10
10
10
10
10
10
10
10
10
10
10
10
10
10
10
10
10
10
10
10
10
10
10
10
10
10
10
10
10
10
10
10
10
10
10
10
10
10
10
10
10
10
10
10
10
10
10
10
10
10
10
10
10
10
10
10
10
10
10
10
10
10
10
10
10
10
10
10
10
10
10
10
10
10
10
10
10
10
10
10
10
10
10
10
10
10
10
10
10
10
10
10
10
10
10
10
10
10
10
10
10
10
10
10
10
10
10
10
10
10
10
10
10
10
10
10
10
10
10
10
10
10
10
10
10
10
10
10
10
10
10
10
10
10
10
10
10
10
10
10
10
10
10
10
10
10
10
10
10
10
10
10
10
10
10
10
10
10
10
10
10
10
10
10
10
10
10
10
10
10
10
10
10
10
10
10
10
10
10
10
10
10
10
10
10
10
10
10
10
10
10
10
10
10
10
10
10
10
10
10
10
10
10
10
10
10
10
10
10
10
10
10
10
10
10
10
10
10
10
10
10
10
10
10
10
10
10
10
10
10
10
10
10
10
10
10
10
10
10
10
10
10
10
10
10
10
10
10
10
10
10
10
10
10
10
10
10
10
10
10
10
10
10
10
10
10
10
10
10
10
10
10
10
10
10
10
10
10
10
10
10
10
10
10
10
10
10
10
10
10
10
10
10
10
10
10
10
10
10
10
10
10
10
10
10
10
10
10
10
10
10
10
10
10
10
10
10
10
10
10
10
10
10
10
10
10
10
10
10
10
10
10
10
10
10
10
10
10
10
10
10
10
10
10
10
10
10
10
10
10
10
10
10
10
10
10
10
10
10
10
10
10
10
10
10
10
10
10
10
10
10
10
10
10
10
10
10
10
10
10
10
10
10
10
10
10
10
10
10
10
10
10
10
10
10
10
10
10
10
10
10
10
10
10
10
10
10
10
10
10
10
10
10
10
10
10
10
10
10
10
10
10
10
10
10
10
10
10
10
10
10
10
10
10
10
10
10
10
10
10
10
10
10
10
10
10
10
10
10
10
10
10
10
10
10
10
10
10
10
10
10
10
10
10
10
10
10
10
10
10
10
10
10
10
10
10
10
10
10
10
10
10
10
10
10
10
10
10
10
10
10
10
10
10
10
10
10
10
10
10
10
10
10
10
10
10
10
10
10
10
10
10
10
10
10
10
10
10
10
10
10
10
10
10
10
10
10
10
10
10
10
10
10
10
10
10
10
10
10
10
10
10
10
10
10
10
10
10
10
10
10
10
10
10
10
10
10
10
10
10
10
10
10
10
10
10
10
10
10
10
10
10
10
10
10
10
10
10
10
10
10
10
10
10
10
10
10
10
10
10
10
10
10
10
10
10
10
10
10
10
10
10
10
10
10
10
10
10
10
10
10
10
10
10
10
10
10
10
10
10
10
10
10
10
10
10
10
10
10
10
10
10
10
10
10
10
10
10
10
10
10
10
10
10
10
10
10
10
10
10
10
10
10
10
10
10
10
10
10
10
10
10
10
10
10
10
10
10
10
10
10
10
10
10
10
10
10
10
10
10
10
10
10
10
10
10
10
10
10
10
10
10
10
10
10
10
10
10
10
10
10
10
10
10
10
10
10
10
10
10
10
10
10
10
10
10
10
10
10
10
10
10
10
10
10
10
10
10
10
10
10
10
10
10
10
10
10
10
10
10
10
10
10
10
10
10
10
10
10
10
10
10
10
10
10
10
10
10
10
10
10
10
10
10
10
10
10
10
10
10
10
10
10
10
10
10
10
10
10
10
10
10
10
10
10
10
10
10
10
10
10
10
10
10
10
10
10
10
10
10
10
10
10
10
10
10
10
10
10
10
10
10
10
10
10
10
10
10
10
10
10
10
10
10
10
10
10
10
10
10
10
10
10
10
10
10
10
10
10
10
10
10
10
10
10
10
10
10
10
10
10
10
10
10
10
10
10
10
10
10
10
10
10
10
10
10
10
10
10
10
10
10
10
10
10
10
10
10
10
10
10
10
10
10
10
10
10
10
10
10
10
10
10
10
10
10
10
10
10
10
10
10
10
10
10
10
10
10
10
10
10
10
10
10
10
10
10
10
10
10
10
10
10
10
10
10
10
10
10
10
10
10
10
10
10
10
10
10
10
10
10
10
10
10
10
10
10
10
10
10
10
10
10
10
10
10
10
10
10
10
10
10
10
10
10
10
10
10
10
10
10
10
10
10
10
10
10
10
10
10
10
10
10
10
10
10
10
10
10
10
10
10
10
10
10
10
10
10
10
10
10
10
10
10
10
10
10
10
10
10
10
10
10
10
10
10
10
10
10
10
10
10
10
10
10
10
10
10
10
10
10
10
10
10
10
10
10
10
10
10
10
10
10
10
10
10
10
10
10
10
10
10
10
10
10
10
10
10
10
10
10
10
10
10
10
10
10
10
10
10
10
10
10
10
10
10
10
10
10
10
10
10
10
10
10
10
10
10
10
10
10
10
10
10
10
10
10
10
10
10
10
10
10
10
10
10
10
10
10
10
10
10
10
10
10
10
10
10
10
10
10
10
10
10
10
10
10
10
10
10
10
10
10
10
10
10
10
10
10
10
10
10
10
10
10
10
10
10
10
10
10
10
10
10
10
10
10
10
10
10
10
10
10
10
10
10
10
10
10
10
10
10
10
10
10
10
10
10
10
10
10
10
10
10
10
10
10
10
10
10
10
10
10
10
10
10
10
10
10
10
10
10
10
10
10
10
10
10
10
10
10
10
10
10
10
10
10
10
10
10
10
10
10
10
10
10
10
10
10
10
10
10
10
10
10
10
10
10
10
10
10
10
10
10
10
10
10
10
10
10
10
10
10
10
10
10
10
10
10
10
10
10
10
10
10
10
10
10
10
10
10
10
10
10
10
10
10
10
10
10
10
10
10
10
10
10
10
10
10
10
10
10
10
10
10
10
10
10
10
10
10
10
10
10
10
10
10
10
10
10
10
10
10
10
10
10
10
10
10
10
10
10
10
10
10
10
10
10
10
10
10
10
10
10
10
10
10
10
10
10
10
10
10
10
10
10
10
10
10
10
10
10
10
10
10
10
10
10
10
10
10
10
10
10
10
10
10
10
10
10
10
10
10
10
10
10
10
10
10
10
10
10
10
10
10
10
10
10
10
10
10
10
10
10
10
10
10
10
10
10
10
10
10
10
10
10
10
10
10
10
10
10
10
10
10
10
10
10
10
10
10
10
10
10
10
10
10
10
10
10
10
10
10
10
10
10
10
10
10
10
10
10
10
10
10
10
10
10
10
10
10
10
10
10
10
10
10
10
10
10
10
10
10
10
10
10
10
10
10
10
10
10
10
10
10
10
10
10
10
10
10
10
10
10
10
10
10
10
10
10
10
10
10
10
10
10
10
10
10
10
10
10
10
10
10
10
10
10
10
10
10
10
10
10
10
10
10
10
10
10
10
10
10
10
10
10
10
10
10
10
10
10
10
10
10
10
10
10
10
10
10
10
10
10
10
10
10
10
10
10
10
10
10
10
10
10
10
10
10
10
10
10
10
10
10
10
10
10
10
10
10
10
10
10
10
10
10
10
10
10
10
10
10
10
10
10
10
10
10
10
10
10
10
10
10
10
10
10
10
10
10
10
10
10
10
10
10
10
10
10
10
10
10
10
10
10
10
10
10
10
10
10
10
10
10
10
10
10
10
10
10
10
10
10
10
10
10
10
10
10
10
10
10
10
10
10
10
10
10
10
10
10
10
10
10
10
10
10
10
10
10
10
10
10
10
10
10
10
10
10
10
10
10
10
10
10
10
10
10
10
10
10
10
10
10
10
10
10
10
10
10
10
10
10
10
10
10
10
10
10
10
10
10
10
10
10
10
10
10
10
10
10
10
10
10
10
10
10
10
10
10
10
10
10
10
10
10
10
10
10
10
10
10
10
10
10
10
10
10
10
10
10
10
10
10
10
10
10
10
10
10
10
10
10
10
10
10
10
10
10
10
10
10
10
10
10
10
10
10
10
10
10
10
10
10
10
10
10
10
10
10
10
10
10
10
10
10
10
10
10
10
10
10
10
10
10
10
10
10
10
10
10
10
10
10
10
10
10
10
10
10
10
10
10
10
10
10
10
10
10
10
10
10
10
10
10
10
10
10
10
10
10
10
10
10
10
10
10
10
10
10
10
10
10
10
10
10
10
10
10
10
10
10
10
10
10
10
10
10
10
10
10
10
10
10
10
10
10
10
10
10
10
10
10
10
10
10
10
10
10
10
10
10
10
10
10
10
10
10
10
10
10
10
10
10
10
10
10
10
10
10
10
10
10
10
10
10
10
10
10
10
10
10
10
10
10
10
10
10
10
10
10
10
10
10
10
10
10
10
10
10
10
10
10
10
10
10
10
10
10
10
10
10
10
10
10
10
10
10
10
10
10
10
10
10
10
10
10
10
10
10
10
10
10
10
10
10
10
10
10
10
10
10
10
10
10
10
10
10
10
10
10
10
10
10
10
10
10
10
10
10
10
10
10
10
10
10
10
10
10
10
10
10
10
10
10
10
10
10
10
10
10
10
10
10
10
10
10
10
10
10
10
10
10
10
10
10
10
10
10
10
10
10
10
10
10
10
10
10
10
10
10
10
10
10
10
10
10
10
10
10
10
10
10
10
10
10
10
10
10
10
10
10
10
10
10
10
10
10
10
10
10
10
10
10
10
10
10
10
10
10
10
10
10
10
10
10
10
10
10
10
10
10
10
10
10
10
10
10
10
10
10
10
10
10
10
10
10
10
10
10
10
10
10
10
10
10
10
10
10
10
10
10
10
10
10
10
10
10
10
10
10
10
10
10
10
10
10
10
10
10
10
10
10
10
10
10
10
10
10
10
10
10
10
10
10
10
10
10
10
10
10
10
10
10
10
10
10
10
10
10
10
10
10
10
10
10
10
10
10
10
10
10
10
10
10
10
10
10
10
10
10
10
10
10
10
10
10
10
10
10
10
10
10
10
10
10
10
10
10
10
10
10
10
10
10
10
10
10
10
10
10
10
10
10
10
10
10
10
10
10
10
10
10
10
10
10
10
10
10
10
10
10
10
10
10
10
10
10
10
10
10
10
10
10
10
10
10
10
10
10
10
10
10
10
10
10
10
10
10
10
10
10
10
10
10
10
10
10
10
10
10
10
10
10
10
10
10
10
10
10
10
10
10
10
10
10
10
10
10
10
10
10
10
10
10
10
10
10
10
10
10
10
10
10
10
10
10
10
10
10
10
10
10
10
10
10
10
10
10
10
10
10
10
10
10
10
10
10
10
10
10
10
10
10
10
10
10
10
10
10
10
10
10
10
10
10
10
10
10
10
10
10
10
10
10
10
10
10
10
10
10
10
10
10
10
10
10
10
10
10
10
10
10
10
10
10
10
10
10
10
10
10
10
10
10
10
10
10
10
10
10
10
10
10
10
10
10
10
10
10
10
10
10
10
10
10
10
10
10
10
10
10
10
10
10
10
10
10
10
10
10
10
10
10
10
10
10
10
10
10
10
10
10
10
10
10
10
10
10
10
10
10
10
10
10
10
10
10
10
10
10
10
10
10
10
10
10
10
10
10
10
10
10
10
10
10
10
10
10
10
10
10
10
10
10
10
10
10
10
10
10
10
10
10
10
10
10
10
10
10
10
10
10
10
10
10
10
10
10
10
10
10
10
10
10
10
10
10
10
10
10
10
10
10
10
10
10
10
10
10
10
10
10
10
10
10
10
10
10
10
10
10
10
10
10
10
10
10
10
10
10
10
10
10
10
10
10
10
10
10
10
10
10
10
10
10
10
10
10
10
10
10
10
10
10
10
10
10
10
10
10
10
10
10
10
10
10
10
10
10
10
10
10
10
10
10
10
10
10
10
10
10
10
10
10
10
10
10
10
10
10
10
10
10
10
10
10
10
10
10
10
10
10
10
10
10
10
10
10
10
10
10
10
10
10
10
10
10
10
10
10
10
10
10
10
10
10
10
10
10
10
10
10
10
10
10
10
10
10
10
10
10
10
10
10
10
10
10
10
10
10
10
10
10
10
10
10
10
10
10
10
10
10
10
10
10
10
10
10
10
10
10
10
10
10
10
10
10
10
10
10
10
10
10
10
10
10
10
10
10
10
10
10
10
10
10
10
10
10
10
10
10
10
10
10
10
10
10
10
10
10
10
10
10
10
10
10
10
10
10
10
10
10
10
10
10
10
10
10
10
10
10
10
10
10
10
10
10
10
10
10
10
10
10
10
10
10
10
10
10
10
10
10
10
10
10
10
10
10
10
10
10
10
10
10
10
10
10
10
10
10
10
10
10
10
10
10
10
10
10
10
10
10
10
10
10
10
10
10
10
10
10
10
10
10
10
10
10
10
10
10
10
10
10
10
10
10
10
10
10
10
10
10
10
10
10
10
10
10
10
10
10
10
10
10
10
10
10
10
10
10
10
10
10
10
10
10
10
10
10
10
10
10
10
10
10
10
10
10
10
10
10
10
10
10
10
10
10
10
10
10
10
10
10
10
10
10
10
10
10
10
10
10
10
10
10
10
10
10
10
10
10
10
10
10
10
10
10
10
10
10
10
10
10
10
10
10
10
10
10
10
10
10
10
10
10
10
10
10
10
10
10
10
10
10
10
10
10
10
10
10
10
10
10
10
10
10
10
10
10
10
10
10
10
10
10
10
10
10
10
10
10
10
10
10
10
10
10
10
10
10
10
10
10
10
10
10
10
10
10
10
10
10
10
10
10
10
10
10
10
10
10
10
10
10
10
10
10
10
10
10
10
10
10
10
10
10
10
10
10
10
10
10
10
10
10
10
10
10
10
10
10
10
10
10
10
10
10
10
10
10
10
10
10
10
10
10
10
10
10
10
10
10
10
10
10
10
10
10
10
10
10
10
10
10
10
10
10
10
10
10
10
10
10
10
10
10
10
10
10
10
10
10
10
10
10
10
10
10
10
10
10
10
10
10
10
10
10
10
10
10
10
10
10
10
10
10
10
10
10
10
10
10
10
10
10
10
10
10
10
10
10
10
10
10
10
10
10
10
10
10
10
10
10
10
10
10
10
10
10
10
10
10
10
10
10
10
10
10
10
10
10
10
10
10
10
10
10
10
10
10
10
10
10
10
10
10
10
10
10
10
10
10
10
10
10
10
10
10
10
10
10
10
10
10
10
10
10
10
10
10
10
10
10
10
10
10
10
10
10
10
10
10
10
10
10
10
10
10
10
10
10
10
10
10
10
10
10
10
10
10
10
10
10
10
10
10
10
10
10
10
10
10
10
10
10
10
10
10
10
10
10
10
10
10
10
10
10
10
10
10
10
10
10
10
10
10
10
10
10
10
10
10
10
10
10
10
10
10
10
10
10
10
10
10
10
10
10
10
10
10
10
10
10
10
10
10
10
10
10
10
10
10
10
10
10
10
10
10
10
10
10
10
10
10
10
10
10
10
10
10
10
10
10
10
10
10
10
10
10
10
10
10
10
10
10
10
10
10
10
10
10
10
10
10
10
10
10
10
10
10
10
10
10
10
10
10
10
10
10
10
10
10
10
10
10
10
10
10
10
10
10
10
10
10
10
10
10
10
10
10
10
10
10
10
10
10
10
10
10
10
10
10
10
10
10
10
10
10
10
10
10
10
10
10
10
10
10
10
10
10
10
10
10
10
10
10
10
10
10
10
10
10
10
10
10
10
10
10
10
10
10
10
10
10
10
10
10
10
10
10
10
10
10
10
10
10
10
10
10
10
10
10
10
10
10
10
10
10
10
10
10
10
10
10
10
10
10
10
10
10
10
10
10
10
10
10
10
10
10
10
10
10
10
10
10
10
10
10
10
10
10
10
10
10
10
10
10
10
10
10
10
10
10
10
10
10
10
10
10
10
10
10
10
10
10
10
10
10
10
10
10
10
10
10
10
10
10
10
10
10
10
10
10
10
10
10
10
10
10
10
10
10
10
10
10
10
10
10
10
10
10
10
10
10
10
10
10
10
10
10
10
10
10
10
10
10
10
10
10
10
10
10
10
10
10
10
10
10
10
10
10
10
10
10
10
10
10
10
10
10
10
10
10
10
10
10
10
10
10
10
10
10
10
10
10
10
10
10
10
10
10
10
10
10
10
10
10
10
10
10
10
10
10
10
10
10
10
10
10
10
10
10
10
10
10
10
10
10
10
10
10
10
10
10
10
10
10
10
10
10
10
10
10
10
10
10
10
10
10
10
10
10
10
10
10
10
10
10
10
10
10
10
10
10
10
10
10
10
10
10
10
10
10
10
10
10
10
10
10
10
10
10
10
10
10
10
10
10
10
10
10
10
10
10
10
10
10
10
10
10
10
10
10
10
10
10
10
10
10
10
10
10
10
10
10
10
10
10
10
10
10
10
10
10
10
10
10
10
10
10
10
10
10
10
10
10
10
10
10
10
10
10
10
10
10
10
10
10
10
10
10
10
10
10
10
10
10
10
10
10
10
10
10
10
10
10
10
10
10
10
10
10
10
10
10
10
10
10
10
10
10
10
10
10
10
10
10
10
10
10
10
10
10
10
10
10
10
10
10
10
10
10
10
10
10
10
10
10
10
10
10
10
10
10
10
10
10
10
10
10
10
10
10
10
10
10
10
10
10
10
10
10
10
10
10
10
10
10
10
10
10
10
10
10
10
10
10
10
10
10
10
10
10
10
10
10
10
10
10
10
10
10
10
10
10
10
10
10
10
10
10
10
10
10
10
10
10
10
10
10
10
10
10
10
10
10
10
10
10
10
10
10
10
10
10
10
10
10
10
10
10
10
10
10
10
10
10
10
10
10
10
10
10
10
10
10
10
10
10
10
10
10
10
10
10
10
10
10
10
10
10
10
10
10
10
10
10
10
10
10
10
10
10
10
10
10
10
10
10
10
10
10
10
10
10
10
10
10
10
10
10
10
10
10
10
10
10
10
10
10
10
10
10
10
10
10
10
10
10
10
10
10
10
10
10
10
10
10
10
10
10
10
10
10
10
10
10
10
10
10
10
10
10
10
10
10
10
10
10
10
10
10
10
10
10
10
10
10
10
10
10
10
10
10
10
10
10
10
10
10
10
10
10
10
10
10
10
10
10
10
10
10
10
10
10
10
10
10
10
10
10
10
10
10
10
10
10
10
10
10
10
10
10
10
10
10
10
10
10
10
10
10
10
10
10
10
10
10
10
10
10
10
10
10
10
10
10
10
10
10
10
10
10
10
10
10
10
10
10
10
10
10
10
10
10
10
10
10
10
10
10
10
10
10
10
10
10
10
10
10
10
10
10
10
10
10
10
10
10
10
10
10
10
10
10
10
10
10
10
10
10
10
10
10
10
10
10
10
10
10
10
10
10
10
10
10
10
10
10
10
10
10
10
10
10
10
10
10
10
10
10
10
10
10
10
10
10
10
10
10
10
10
10
10
10
10
10
10
10
10
10
10
10
10
10
10
10
10
10
10
10
10
10
10
10
10
10
10
10
10
10
10
10
10
10
10
10
10
10
10
10
10
10
10
10
10
10
10
10
10
10
10
10
10
10
10
10
10
10
10
10
10
10
10
10
10
10
10
10
10
10
10
10
10
10
10
10
10
10
10
10
10
10
10
10
10
10
10
10
10
10
10
10
10
10
10
10
10
10
10
10
10
10
10
10
10
10
10
10
10
10
10
10
10
10
10
10
10
10
10
10
10
10
10
10
10
10
10
10
10
10
10
10
10
10
10
10
10
10
10
10
10
10
10
10
10
10
10
10
10
10
10
10
10
10
10
10
10
10
10
10
10
10
10
10
10
10
10
10
10
10
10
10
10
10
10
10
10
10
10
10
10
10
10
10
10
10
10
10
10
10
10
10
10
10
10
10
10
10
10
10
10
10
10
10
10
10
10
10
10
10
10
10
10
10
10
10
10
10
10
10
10
10
10
10
10
10
10
10
10
10
10
10
10
10
10
10
10
10
10
10
10
10
10
10
10
10
10
10
10
10
10
10
10
10
10
10
10
10
10
10
10
10
10
10
10
10
10
10
10
10
10
10
10
10
10
10
10
10
10
10
10
10
10
10
10
10
10
10
10
10
10
10
10
10
10
10
10
10
10
10
10
10
10
10
10
10
10
10
10
10
10
10
10
10
10
10
10
10
10
10
10
10
10
10
10
10
10
10
10
10
10
10
10
10
10
10
10
10
10
10
10
10
10
10
10
10
10
10
10
10
10
10
10
10
10
10
10
10
10
10
10
10
10
10
10
10
10
10
10
10
10
10
10
10
10
10
10
10
10
10
10
10
10
10
10
10
10
10
10
10
10
10
10
10
10
10
10
10
10
10
10
10
10
10
10
10
10
10
10
10
10
10
10
10
10
10
10
10
10
10
10
10
10
10
10
10
10
10
10
10
10
10
10
10
10
10
10
10
10
10
10
10
10
10
10
10
10
10
10
10
10
10
10
10
10
10
10
10
10
10
10
10
10
10
10
10
10
10
10
10
10
10
10
10
10
10
10
10
10
10
10
10
10
10
10
10
10
10
10
10
10
10
10
10
10
10
10
10
10
10
10
10
10
10
10
10
10
10
10
10
10
10
10
10
10
10
10
10
10
10
10
10
10
10
10
10
10
10
10
10
10
10
10
10
10
10
10
10
10
10
10
10
10
10
10
10
10
10
10
10
10
10
10
10
10
10
10
10
10
10
10
10
10
10
10
10
10
10
10
10
10
10
10
10
10
10
10
10
10
10
10
10
10
10
10
10
10
10
10
10
10
10
10
10
10
10
10
10
10
10
10
10
10
10
10
10
10
10
10
10
10
10
10
10
10
10
10
10
10
10
10
10
10
10
10
10
10
10
10
10
10
10
10
10
10
10
10
10
10
10
10
10
10
10
10
10
10
10
10
10
10
10
10
10
10
10
10
10
10
10
10
10
10
10
10
10
10
10
10
10
10
10
10
10
10
10
10
10
10
10
10
10
10
10
10
10
10
10
10
10
10
10
10
10
10
10
10
10
10
10
10
10
10
10
10
10
10
10
10
10
10
10
10
10
10
10
10
10
10
10
10
10
10
10
10
10
10
10
10
10
10
10
10
10
10
10
10
10
10
10
10
10
10
10
10
10
10
10
10
10
10
10
10
10
10
10
10
10
10
10
10
10
10
10
10
10
10
10
10
10
10
10
10
10
10
10
10
10
10
10
10
10
10
10
10
10
10
10
10
10
10
10
10
10
10
10
10
10
10
10
10
10
10
10
10
10
10
10
10
10
10
10
10
10
10
10
10
10
10
10
10
10
10
10
10
10
10
10
10
10
10
10
10
10
10
10
10
10
10
10
10
10
10
10
10
10
10
10
10
10
10
10
10
10
10
10
10
10
10
10
10
10
10
10
10
10
10
10
10
10
10
10
10
10
10
10
10
10
10
10
10
10
10
10
10
10
10
10
10
10
10
10
10
10
10
10
10
10
10
10
10
10
10
10
10
10
10
10
10
10
10
10
10
10
10
10
10
10
10
10
10
10
10
10
10
10
10
10
10
10
10
10
10
10
10
10
10
10
10
10
10
10
10
10
10
10
10
10
10
10
10
10
10
10
10
10
10
10
10
10
10
10
10
10
10
10
10
10
10
10
10
10
10
10
10
10
10
10
10
10
10
10
10
10
10
10
10
10
10
10
10
10
10
10
10
10
10
10
10
10
10
10
10
10
10
10
10
10
10
10
10
10
10
10
10
10
10
10
10
10
10
10
10
10
10
10
10
10
10
10
10
10
10
10
10
10
10
10
10
10
10
10
10
10
10
10
10
10
10
10
10
10
10
10
10
10
10
10
10
10
10
10
10
10
10
10
10
10
10
10
10
10
10
10
10
10
10
10
10
10
10
10
10
10
10
10
10
10
10
10
10
10
10
10
10
10
10
10
10
10
10
10
10
10
10
10
10
10
10
10
10
10
10
10
10
10
10
10
10
10
10
10
10
10
10
10
10
10
10
10
10
10
10
10
10
10
10
10
10
10
10
10
10
10
10
10
10
10
10
10
10
10
10
10
10
10
10
10
10
10
10
10
10
10
10
10
10
10
10
10
10
10
10
10
10
10
10
10
10
10
10
10
10
10
10
10
10
10
10
10
10
10
10
10
10
10
10
10
10
10
10
10
10
10
10
10
10
10
10
10
10
10
10
10
10
10
10
10
10
10
10
10
10
10
10
10
10
10
10
10
10
10
10
10
10
10
10
10
10
10
10
10
10
10
10
10
10
10
10
10
10
10
10
10
10
10
10
10
10
10
10
10
10
10
10
10
10
10
10
10
10
10
10
10
10
10
10
10
10
10
10
10
10
10
10
10
10
10
10
10
10
10
10
10
10
10
10
10
10
10
10
10
10
10
10
10
10
10
10
10
10
10
10
10
10
10
10
10
10
10
10
10
10
10
10
10
10
10
10
10
10
10
10
10
10
10
10
10
10
10
10
10
10
10
10
10
10
10
10
10
10
10
10
10
10
10
10
10
10
10
10
10
10
10
10
10
10
10
10
10
10
10
10
10
10
10
10
10
10
10
10
10
10
10
10
10
10
10
10
10
10
10
10
10
10
10
10
10
10
10
10
10
10
10
10
10
10
10
10
10
10
10
10
10
10
10
10
10
10
10
10
10
10
10
10
10
10
10
10
10
10
10
10
10
10
10
10
10
10
10
10
10
10
10
10
10
10
10
10
10
10
10
10
10
10
10
10
10
10
10
10
10
10
10
10
10
10
10
10
10
10
10
10
10
10
10
10
10
10
10
10
10
10
10
10
10
10
10
10
10
10
10
10
10
10
10
10
10
10
10
10
10
10
10
10
10
10
10
10
10
10
10
10
10
10
10
10
10
10
10
10
10
10
10
10
10
10
10
10
10
10
10
10
10
10
10
10
10
10
10
10
10
10
10
10
10
10
10
10
10
10
10
10
10
10
10
10
10
10
10
10
10
10
10
10
10
10
10
10
10
10
10
10
10
10
10
10
10
10
10
10
10
10
10
10
10
10
10
10
10
10
10
10
10
10
10
10
10
10
10
10
10
10
10
10
10
10
10
10
10
10
10
10
10
10
10
10
10
10
10
10
10
10
10
10
10
10
10
10
10
10
10
10
10
10
10
10
10
10
10
10
10
10
10
10
10
10
10
10
10
10
10
10
10
10
10
10
10
10
10
10
10
10
10
10
10
10
10
10
10
10
10
10
10
10
10
10
10
10
10
10
10
10
10
10
10
10
10
10
10
10
10
10
10
10
10
10
10
10
10
10
10
10
10
10
10
10
10
10
10
10
10
10
10
10
10
10
10
10
10
10
10
10
10
10
10
10
10
10
10
10
10
10
10
10
10
10
10
10
10
10
10
10
10
10
10
10
10
10
10
10
10
10
10
10
10
10
10
10
10
10
10
10
10
10
10
10
10
10
10
10
10
10
10
10
10
10
10
10
10
10
10
10
10
10
10
10
10
10
10
10
10
10
10
10
10
10
10
10
10
10
10
10
10
10
10
10
10
10
10
10
10
10
10
10
10
10
10
10
10
10
10
10
10
10
10
10
10
10
10
10
10
10
10
10
10
10
10
10
10
10
10
10
10
10
10
10
10
10
10
10
10
10
10
10
10
10
10
10
10
10
10
10
10
10
10
10
10
10
10
10
10
10
10
10
10
10
10
10
10
10
10
10
10
10
10
10
10
10
10
10
10
10
10
10
10
10
10
10
10
10
10
10
10
10
10
10
10
10
10
10
10
10
10
10
10
10
10
10
10
10
10
10
10
10
10
10
10
10
10
10
10
10
10
10
10
10
10
10
10
10
10
10
10
10
10
10
10
10
10
10
10
10
10
10
10
10
10
10
10
10
10
10
10
10
10
10
10
10
10
10
10
10
10
10
10
10
10
10
10
10
10
10
10
10
10
10
10
10
10
10
10
10
10
10
10
10
10
10
10
10
10
10
10
10
10
10
10
10
10
10
10
10
10
10
10
10
10
10
10
10
10
10
10
10
10
10
10
10
10
10
10
10
10
10
10
10
10
10
10
10
10
10
10
10
10
10
10
10
10
10
10
10
10
10
10
10
10
10
10
10
10
10
10
10
10
10
10
10
10
10
10
10
10
10
10
10
10
10
10
10
10
10
10
10
10
10
10
10
10
10
10
10
10
10
10
10
10
10
10
10
10
10
10
10
10
10
10
10
10
10
10
10
10
10
10
10
10
10
10
10
10
10
10
10
10
10
10
10
10
10
10
10
10
10
10
10
10
10
10
10
10
10
10
10
10
10
10
10
10
10
10
10
10
10
10
10
10
10
10
10
10
10
10
10
10
10
10
10
10
10
10
10
10
10
10
10
10
10
10
10
10
10
10
10
10
10
10
10
10
10
10
10
10
10
10
10
10
10
10
10
10
10
10
10
10
10
10
10
10
10
10
10
10
10
10
10
10
10
10
10
10
10
10
10
10
10
10
10
10
10
10
10
10
10
10
10
10
10
10
10
10
10
10
10
10
10
10
10
10
10
10
10
10
10
10
10
10
10
10
10
10
10
10
10
10
10
10
10
10
10
10
10
10
10
10
10
10
10
10
10
10
10
10
10
10
10
10
10
10
10
10
10
10
10
10
10
10
10
10
10
10
10
10
10
10
10
10
10
10
10
10
10
10
10
10
10
10
10
10
10
10
10
10
10
10
10
10
10
10
10
10
10
10
10
10
10
10
10
10
10
10
10
10
10
10
10
10
10
10
10
10
10
10
10
10
10
10
10
10
10
10
10
10
10
10
10
10
10
10
10
10
10
10
10
10
10
10
10
10
10
10
10
10
10
10
10
10
10
10
10
10
10
10
10
10
10
10
10
10
10
10
10
10
10
10
10
10
10
10
10
10
10
10
10
10
10
10
10
10
10
10
10
10
10
10
10
10
10
10
10
10
10
10
10
10
10
10
10
10
10
10
10
10
10
10
10
10
10
10
10
10
10
10
10
10
10
10
10
10
10
10
10
10
10
10
10
10
10
10
10
10
10
10
10
10
10
10
10
10
10
10
10
10
10
10
10
10
10
10
10
10
10
10
10
10
10
10
10
10
10
10
10
10
10
10
10
10
10
10
10
10
10
10
10
10
10
10
10
10
10
10
10
10
10
10
10
10
10
10
10
10
10
10
10
10
10
10
10
10
10
10
10
10
10
10
10
10
10
10
10
10
10
10
10
10
10
10
10
10
10
10
10
10
10
10
10
10
10
10
10
10
10
10
10
10
10
10
10
10
10
10
10
10
10
10
10
10
10
10
10
10
10
10
10
10
10
10
10
10
10
10
10
10
10
10
10
10
10
10
10
10
10
10
10
10
10
10
10
10
10
10
10
10
10
10
10
10
10
10
10
10
10
10
10
10
10
10
10
10
10
10
10
10
10
10
10
10
10
10
10
10
10
10
10
10
10
10
10
10
10
10
10
10
10
10
10
10
10
10
10
10
10
10
10
10
10
10
10
10
10
10
10
10
10
10
10
10
10
10
10
10
10
10
10
10
10
10
10
10
10
10
10
10
10
10
10
10
10
10
10
10
10
10
10
10
10
10
10
10
10
10
10
10
10
10
10
10
10
10
10
10
10
10
10
10
10
10
10
10
10
10
10
10
10
10
10
10
10
10
10
10
10
10
10
10
10
10
10
10
10
10
10
10
10
10
10
10
10
10
10
10
10
10
10
10
10
10
10
10
10
10
10
10
10
10
10
10
10
10
10
10
10
10
10
10
10
10
10
10
10
10
10
10
10
10
10
10
10
10
10
10
10
10
10
10
10
10
10
10
