# vtk DataFile Version 2.0
, Created by Gmsh 4.11.1 
ASCII
DATASET UNSTRUCTURED_GRID
POINTS 5253 double
25 10 0
25 10 5
-25 10 0
-25 10 5
25 -10 0
25 -10 5
-25 -10 0
-25 -10 5
-23.97933480735827 -7.325015797297056 4.6
-23.97933480735827 -7.325015797297056 3.4
-23.97933480735827 -6.125015797297056 4.6
-23.97933480735827 -6.125015797297056 3.4
-22.77933480735826 -7.325015797297056 3.4
-22.77933480735826 -7.325015797297056 4.6
-22.77933480735826 -6.125015797297056 4.6
-22.77933480735826 -6.125015797297056 3.4
-18.05625043827689 -5.746153051483969 4.6
-18.05625043827689 -5.746153051483969 3.4
-18.05625043827689 -4.546153051483969 4.6
-18.05625043827689 -4.546153051483969 3.4
-16.85625043827688 -5.746153051483969 3.4
-16.85625043827688 -5.746153051483969 4.6
-16.85625043827688 -4.546153051483969 4.6
-16.85625043827688 -4.546153051483969 3.4
-12.13316606919551 -4.167290305670882 4.6
-12.13316606919551 -4.167290305670882 3.4
-12.13316606919551 -2.967290305670882 4.6
-12.13316606919551 -2.967290305670882 3.4
-10.93316606919551 -4.167290305670882 3.4
-10.93316606919551 -4.167290305670882 4.6
-10.93316606919551 -2.967290305670882 4.6
-10.93316606919551 -2.967290305670882 3.4
-6.210081700114131 -2.588427559857796 4.6
-6.210081700114131 -2.588427559857796 3.4
-6.210081700114131 -1.388427559857796 4.6
-6.210081700114131 -1.388427559857796 3.4
-5.010081700114132 -2.588427559857796 3.4
-5.010081700114132 -2.588427559857796 4.6
-5.010081700114132 -1.388427559857796 4.6
-5.010081700114132 -1.388427559857796 3.4
7.873296814475264 -7.823567307625527 4.6
7.873296814475264 -7.823567307625527 3.4
7.873296814475264 -6.623567307625527 4.6
7.873296814475264 -6.623567307625527 3.4
9.073296814475263 -7.823567307625527 3.4
9.073296814475263 -7.823567307625527 4.6
9.073296814475263 -6.623567307625527 4.6
9.073296814475263 -6.623567307625527 3.4
13.79638118355664 -6.24470456181244 4.6
13.79638118355664 -6.24470456181244 3.4
13.79638118355664 -5.04470456181244 4.6
13.79638118355664 -5.04470456181244 3.4
14.99638118355664 -6.24470456181244 3.4
14.99638118355664 -6.24470456181244 4.6
14.99638118355664 -5.04470456181244 4.6
14.99638118355664 -5.04470456181244 3.4
19.71946555263802 -4.665841815999354 4.6
19.71946555263802 -4.665841815999354 3.4
19.71946555263802 -3.465841815999354 4.6
19.71946555263802 -3.465841815999354 3.4
20.91946555263802 -4.665841815999354 3.4
20.91946555263802 -4.665841815999354 4.6
20.91946555263802 -3.465841815999354 4.6
20.91946555263802 -3.465841815999354 3.4
-0.2869973310327534 -1.009564814044709 4.6
-0.2869973310327534 -1.009564814044709 3.4
-0.2869973310327534 0.1904351859552906 4.6
-0.2869973310327534 0.1904351859552906 3.4
0.9130026689672466 -1.009564814044709 3.4
0.9130026689672466 -1.009564814044709 4.6
0.9130026689672466 0.1904351859552906 4.6
0.9130026689672466 0.1904351859552906 3.4
-20.29346021470353 2.646712187909935 4.6
-20.29346021470353 2.646712187909935 3.4
-20.29346021470353 3.846712187909935 4.6
-20.29346021470353 3.846712187909935 3.4
-19.09346021470352 2.646712187909935 3.4
-19.09346021470352 2.646712187909935 4.6
-19.09346021470352 3.846712187909935 4.6
-19.09346021470352 3.846712187909935 3.4
-14.37037584562215 4.225574933723022 4.6
-14.37037584562215 4.225574933723022 3.4
-14.37037584562215 5.425574933723021 4.6
-14.37037584562215 5.425574933723021 3.4
-13.17037584562215 4.225574933723022 3.4
-13.17037584562215 4.225574933723022 4.6
-13.17037584562215 5.425574933723021 4.6
-13.17037584562215 5.425574933723021 3.4
-8.447291476540769 5.804437679536108 4.6
-8.447291476540769 5.804437679536108 3.4
-8.447291476540769 7.004437679536108 4.6
-8.447291476540769 7.004437679536108 3.4
-7.24729147654077 5.804437679536108 3.4
-7.24729147654077 5.804437679536108 4.6
-7.24729147654077 7.004437679536108 4.6
-7.24729147654077 7.004437679536108 3.4
-2.524207107459392 7.383300425349195 4.6
-2.524207107459392 7.383300425349195 3.4
-2.524207107459392 8.583300425349195 4.6
-2.524207107459392 8.583300425349195 3.4
-1.324207107459392 7.383300425349195 3.4
-1.324207107459392 7.383300425349195 4.6
-1.324207107459392 8.583300425349195 4.6
-1.324207107459392 8.583300425349195 3.4
5.636087038048625 0.5692979317683774 4.6
5.636087038048625 0.5692979317683774 3.4
5.636087038048625 1.769297931768377 4.6
5.636087038048625 1.769297931768377 3.4
6.836087038048625 0.5692979317683774 3.4
6.836087038048625 0.5692979317683774 4.6
6.836087038048625 1.769297931768377 4.6
6.836087038048625 1.769297931768377 3.4
11.55917140713 2.148160677581464 4.6
11.55917140713 2.148160677581464 3.4
11.55917140713 3.348160677581464 4.6
11.55917140713 3.348160677581464 3.4
12.75917140713 2.148160677581464 3.4
12.75917140713 2.148160677581464 4.6
12.75917140713 3.348160677581464 4.6
12.75917140713 3.348160677581464 3.4
17.48225577621138 3.72702342339455 4.6
17.48225577621138 3.72702342339455 3.4
17.48225577621138 4.92702342339455 4.6
17.48225577621138 4.92702342339455 3.4
18.68225577621138 3.72702342339455 3.4
18.68225577621138 3.72702342339455 4.6
18.68225577621138 4.92702342339455 4.6
18.68225577621138 4.92702342339455 3.4
25 10 0.9999999999999997
25 10 2.000000000000002
25 10 2.999999999999999
25 10 3.999999999999996
-25 10 0.9999999999999997
-25 10 2.000000000000002
-25 10 2.999999999999999
-25 10 3.999999999999996
23.91304347826087 10 0
22.82608695652174 10 0
21.73913043478262 10 0
20.65217391304349 10 0
19.56521739130436 10 0
18.47826086956523 10 0
17.39130434782611 10 0
16.30434782608698 10 0
15.21739130434785 10 0
14.13043478260872 10 0
13.0434782608696 10 0
11.95652173913047 10 0
10.86956521739134 10 0
9.782608695652215 10 0
8.695652173913089 10 0
7.60869565217396 10 0
6.521739130434831 10 0
5.434782608695702 10 0
4.34782608695658 10 0
3.260869565217451 10 0
2.173913043478322 10 0
1.0869565217392 10 0
7.105427357601002e-14 10 0
-1.086956521739058 10 0
-2.173913043478187 10 0
-3.260869565217313 10 0
-4.347826086956438 10 0
-5.434782608695567 10 0
-6.521739130434693 10 0
-7.608695652173822 10 0
-8.695652173912947 10 0
-9.782608695652073 10 0
-10.86956521739121 10 0
-11.95652173913035 10 0
-13.04347826086948 10 0
-14.13043478260862 10 0
-15.21739130434776 10 0
-16.3043478260869 10 0
-17.39130434782604 10 0
-18.47826086956518 10 0
-19.56521739130432 10 0
-20.65217391304346 10 0
-21.73913043478259 10 0
-22.82608695652172 10 0
-23.91304347826086 10 0
23.91304347826087 10 5
22.82608695652174 10 5
21.73913043478262 10 5
20.65217391304349 10 5
19.56521739130436 10 5
18.47826086956523 10 5
17.39130434782611 10 5
16.30434782608698 10 5
15.21739130434785 10 5
14.13043478260872 10 5
13.0434782608696 10 5
11.95652173913047 10 5
10.86956521739134 10 5
9.782608695652215 10 5
8.695652173913089 10 5
7.60869565217396 10 5
6.521739130434831 10 5
5.434782608695702 10 5
4.34782608695658 10 5
3.260869565217451 10 5
2.173913043478322 10 5
1.0869565217392 10 5
7.105427357601002e-14 10 5
-1.086956521739058 10 5
-2.173913043478187 10 5
-3.260869565217313 10 5
-4.347826086956438 10 5
-5.434782608695567 10 5
-6.521739130434693 10 5
-7.608695652173822 10 5
-8.695652173912947 10 5
-9.782608695652073 10 5
-10.86956521739121 10 5
-11.95652173913035 10 5
-13.04347826086948 10 5
-14.13043478260862 10 5
-15.21739130434776 10 5
-16.3043478260869 10 5
-17.39130434782604 10 5
-18.47826086956518 10 5
-19.56521739130432 10 5
-20.65217391304346 10 5
-21.73913043478259 10 5
-22.82608695652172 10 5
-23.91304347826086 10 5
25 -10 0.9999999999999997
25 -10 2.000000000000002
25 -10 2.999999999999999
25 -10 3.999999999999996
25 -8.947368421052632 0
25 -7.894736842105264 0
25 -6.842105263157896 0
25 -5.789473684210527 0
25 -4.736842105263158 0
25 -3.684210526315786 0
25 -2.631578947368414 0
25 -1.578947368421044 0
25 -0.5263157894736761 0
25 0.5263157894736867 0
25 1.578947368421053 0
25 2.631578947368418 0
25 3.684210526315782 0
25 4.736842105263147 0
25 5.789473684210511 0
25 6.842105263157876 0
25 7.894736842105242 0
25 8.947368421052623 0
25 -8.947368421052632 5
25 -7.894736842105264 5
25 -6.842105263157896 5
25 -5.789473684210527 5
25 -4.736842105263158 5
25 -3.684210526315786 5
25 -2.631578947368414 5
25 -1.578947368421044 5
25 -0.5263157894736761 5
25 0.5263157894736867 5
25 1.578947368421053 5
25 2.631578947368418 5
25 3.684210526315782 5
25 4.736842105263147 5
25 5.789473684210511 5
25 6.842105263157876 5
25 7.894736842105242 5
25 8.947368421052623 5
-25 -10 0.9999999999999997
-25 -10 2.000000000000002
-25 -10 2.999999999999999
-25 -10 3.999999999999996
-25 8.947368421052632 0
-25 7.894736842105264 0
-25 6.842105263157896 0
-25 5.789473684210527 0
-25 4.736842105263158 0
-25 3.684210526315786 0
-25 2.631578947368414 0
-25 1.578947368421044 0
-25 0.5263157894736761 0
-25 -0.5263157894736867 0
-25 -1.578947368421053 0
-25 -2.631578947368418 0
-25 -3.684210526315782 0
-25 -4.736842105263147 0
-25 -5.789473684210511 0
-25 -6.842105263157876 0
-25 -7.894736842105242 0
-25 -8.947368421052623 0
-25 8.947368421052632 5
-25 7.894736842105264 5
-25 6.842105263157896 5
-25 5.789473684210527 5
-25 4.736842105263158 5
-25 3.684210526315786 5
-25 2.631578947368414 5
-25 1.578947368421044 5
-25 0.5263157894736761 5
-25 -0.5263157894736867 5
-25 -1.578947368421053 5
-25 -2.631578947368418 5
-25 -3.684210526315782 5
-25 -4.736842105263147 5
-25 -5.789473684210511 5
-25 -6.842105263157876 5
-25 -7.894736842105242 5
-25 -8.947368421052623 5
-23.91304347826087 -10 0
-22.82608695652174 -10 0
-21.73913043478262 -10 0
-20.65217391304349 -10 0
-19.56521739130436 -10 0
-18.47826086956523 -10 0
-17.39130434782611 -10 0
-16.30434782608698 -10 0
-15.21739130434785 -10 0
-14.13043478260872 -10 0
-13.0434782608696 -10 0
-11.95652173913047 -10 0
-10.86956521739134 -10 0
-9.782608695652215 -10 0
-8.695652173913089 -10 0
-7.60869565217396 -10 0
-6.521739130434831 -10 0
-5.434782608695702 -10 0
-4.34782608695658 -10 0
-3.260869565217451 -10 0
-2.173913043478322 -10 0
-1.0869565217392 -10 0
-7.105427357601002e-14 -10 0
1.086956521739058 -10 0
2.173913043478187 -10 0
3.260869565217313 -10 0
4.347826086956438 -10 0
5.434782608695567 -10 0
6.521739130434693 -10 0
7.608695652173822 -10 0
8.695652173912947 -10 0
9.782608695652073 -10 0
10.86956521739121 -10 0
11.95652173913035 -10 0
13.04347826086948 -10 0
14.13043478260862 -10 0
15.21739130434776 -10 0
16.3043478260869 -10 0
17.39130434782604 -10 0
18.47826086956518 -10 0
19.56521739130432 -10 0
20.65217391304346 -10 0
21.73913043478259 -10 0
22.82608695652172 -10 0
23.91304347826086 -10 0
-23.91304347826087 -10 5
-22.82608695652174 -10 5
-21.73913043478262 -10 5
-20.65217391304349 -10 5
-19.56521739130436 -10 5
-18.47826086956523 -10 5
-17.39130434782611 -10 5
-16.30434782608698 -10 5
-15.21739130434785 -10 5
-14.13043478260872 -10 5
-13.0434782608696 -10 5
-11.95652173913047 -10 5
-10.86956521739134 -10 5
-9.782608695652215 -10 5
-8.695652173913089 -10 5
-7.60869565217396 -10 5
-6.521739130434831 -10 5
-5.434782608695702 -10 5
-4.34782608695658 -10 5
-3.260869565217451 -10 5
-2.173913043478322 -10 5
-1.0869565217392 -10 5
-7.105427357601002e-14 -10 5
1.086956521739058 -10 5
2.173913043478187 -10 5
3.260869565217313 -10 5
4.347826086956438 -10 5
5.434782608695567 -10 5
6.521739130434693 -10 5
7.608695652173822 -10 5
8.695652173912947 -10 5
9.782608695652073 -10 5
10.86956521739121 -10 5
11.95652173913035 -10 5
13.04347826086948 -10 5
14.13043478260862 -10 5
15.21739130434776 -10 5
16.3043478260869 -10 5
17.39130434782604 -10 5
18.47826086956518 -10 5
19.56521739130432 -10 5
20.65217391304346 -10 5
21.73913043478259 -10 5
22.82608695652172 -10 5
23.91304347826086 -10 5
-23.97933480735827 -7.325015797297056 4
-23.97933480735827 -6.725015797297056 4.6
-23.97933480735827 -6.125015797297056 4
-23.97933480735827 -6.725015797297056 3.4
-23.37933480735827 -7.325015797297056 3.4
-22.77933480735826 -7.325015797297056 4
-23.37933480735827 -7.325015797297056 4.6
-23.37933480735827 -6.125015797297056 4.6
-22.77933480735826 -6.725015797297056 4.6
-23.37933480735827 -6.125015797297056 3.4
-22.77933480735826 -6.125015797297056 4
-22.77933480735826 -6.725015797297056 3.4
-18.05625043827689 -5.746153051483969 4
-18.05625043827689 -5.146153051483969 4.6
-18.05625043827689 -4.546153051483969 4
-18.05625043827689 -5.146153051483969 3.4
-17.45625043827689 -5.746153051483969 3.4
-16.85625043827688 -5.746153051483969 4
-17.45625043827689 -5.746153051483969 4.6
-17.45625043827689 -4.546153051483969 4.6
-16.85625043827688 -5.146153051483969 4.6
-17.45625043827689 -4.546153051483969 3.4
-16.85625043827688 -4.546153051483969 4
-16.85625043827688 -5.146153051483969 3.4
-12.13316606919551 -4.167290305670882 4
-12.13316606919551 -3.567290305670882 4.6
-12.13316606919551 -2.967290305670882 4
-12.13316606919551 -3.567290305670882 3.4
-11.53316606919551 -4.167290305670882 3.4
-10.93316606919551 -4.167290305670882 4
-11.53316606919551 -4.167290305670882 4.6
-11.53316606919551 -2.967290305670882 4.6
-10.93316606919551 -3.567290305670882 4.6
-11.53316606919551 -2.967290305670882 3.4
-10.93316606919551 -2.967290305670882 4
-10.93316606919551 -3.567290305670882 3.4
-6.210081700114131 -2.588427559857796 4
-6.210081700114131 -1.988427559857796 4.6
-6.210081700114131 -1.388427559857796 4
-6.210081700114131 -1.988427559857796 3.4
-5.610081700114131 -2.588427559857796 3.4
-5.010081700114132 -2.588427559857796 4
-5.610081700114131 -2.588427559857796 4.6
-5.610081700114131 -1.388427559857796 4.6
-5.010081700114132 -1.988427559857796 4.6
-5.610081700114131 -1.388427559857796 3.4
-5.010081700114132 -1.388427559857796 4
-5.010081700114132 -1.988427559857796 3.4
7.873296814475264 -7.823567307625527 4
7.873296814475264 -7.223567307625527 4.6
7.873296814475264 -6.623567307625527 4
7.873296814475264 -7.223567307625527 3.4
8.473296814475264 -7.823567307625527 3.4
9.073296814475263 -7.823567307625527 4
8.473296814475264 -7.823567307625527 4.6
8.473296814475264 -6.623567307625527 4.6
9.073296814475263 -7.223567307625527 4.6
8.473296814475264 -6.623567307625527 3.4
9.073296814475263 -6.623567307625527 4
9.073296814475263 -7.223567307625527 3.4
13.79638118355664 -6.24470456181244 4
13.79638118355664 -5.64470456181244 4.6
13.79638118355664 -5.04470456181244 4
13.79638118355664 -5.64470456181244 3.4
14.39638118355664 -6.24470456181244 3.4
14.99638118355664 -6.24470456181244 4
14.39638118355664 -6.24470456181244 4.6
14.39638118355664 -5.04470456181244 4.6
14.99638118355664 -5.64470456181244 4.6
14.39638118355664 -5.04470456181244 3.4
14.99638118355664 -5.04470456181244 4
14.99638118355664 -5.64470456181244 3.4
19.71946555263802 -4.665841815999354 4
19.71946555263802 -4.065841815999354 4.6
19.71946555263802 -3.465841815999354 4
19.71946555263802 -4.065841815999354 3.4
20.31946555263802 -4.665841815999354 3.4
20.91946555263802 -4.665841815999354 4
20.31946555263802 -4.665841815999354 4.6
20.31946555263802 -3.465841815999354 4.6
20.91946555263802 -4.065841815999354 4.6
20.31946555263802 -3.465841815999354 3.4
20.91946555263802 -3.465841815999354 4
20.91946555263802 -4.065841815999354 3.4
-0.2869973310327534 -1.009564814044709 4
-0.2869973310327534 -0.4095648140447091 4.6
-0.2869973310327534 0.1904351859552906 4
-0.2869973310327534 -0.4095648140447091 3.4
0.3130026689672467 -1.009564814044709 3.4
0.9130026689672466 -1.009564814044709 4
0.3130026689672467 -1.009564814044709 4.6
0.3130026689672467 0.1904351859552906 4.6
0.9130026689672466 -0.4095648140447091 4.6
0.3130026689672467 0.1904351859552906 3.4
0.9130026689672466 0.1904351859552906 4
0.9130026689672466 -0.4095648140447091 3.4
-20.29346021470353 2.646712187909935 4
-20.29346021470353 3.246712187909935 4.6
-20.29346021470353 3.846712187909935 4
-20.29346021470353 3.246712187909935 3.4
-19.69346021470352 2.646712187909935 3.4
-19.09346021470352 2.646712187909935 4
-19.69346021470352 2.646712187909935 4.6
-19.69346021470352 3.846712187909935 4.6
-19.09346021470352 3.246712187909935 4.6
-19.69346021470352 3.846712187909935 3.4
-19.09346021470352 3.846712187909935 4
-19.09346021470352 3.246712187909935 3.4
-14.37037584562215 4.225574933723022 4
-14.37037584562215 4.825574933723021 4.6
-14.37037584562215 5.425574933723021 4
-14.37037584562215 4.825574933723021 3.4
-13.77037584562215 4.225574933723022 3.4
-13.17037584562215 4.225574933723022 4
-13.77037584562215 4.225574933723022 4.6
-13.77037584562215 5.425574933723021 4.6
-13.17037584562215 4.825574933723021 4.6
-13.77037584562215 5.425574933723021 3.4
-13.17037584562215 5.425574933723021 4
-13.17037584562215 4.825574933723021 3.4
-8.447291476540769 5.804437679536108 4
-8.447291476540769 6.404437679536108 4.6
-8.447291476540769 7.004437679536108 4
-8.447291476540769 6.404437679536108 3.4
-7.84729147654077 5.804437679536108 3.4
-7.24729147654077 5.804437679536108 4
-7.84729147654077 5.804437679536108 4.6
-7.84729147654077 7.004437679536108 4.6
-7.24729147654077 6.404437679536108 4.6
-7.84729147654077 7.004437679536108 3.4
-7.24729147654077 7.004437679536108 4
-7.24729147654077 6.404437679536108 3.4
-2.524207107459392 7.383300425349195 4
-2.524207107459392 7.983300425349196 4.6
-2.524207107459392 8.583300425349195 4
-2.524207107459392 7.983300425349196 3.4
-1.924207107459392 7.383300425349195 3.4
-1.324207107459392 7.383300425349195 4
-1.924207107459392 7.383300425349195 4.6
-1.924207107459392 8.583300425349195 4.6
-1.324207107459392 7.983300425349196 4.6
-1.924207107459392 8.583300425349195 3.4
-1.324207107459392 8.583300425349195 4
-1.324207107459392 7.983300425349196 3.4
5.636087038048625 0.5692979317683774 4
5.636087038048625 1.169297931768378 4.6
5.636087038048625 1.769297931768377 4
5.636087038048625 1.169297931768378 3.4
6.236087038048625 0.5692979317683774 3.4
6.836087038048625 0.5692979317683774 4
6.236087038048625 0.5692979317683774 4.6
6.236087038048625 1.769297931768377 4.6
6.836087038048625 1.169297931768378 4.6
6.236087038048625 1.769297931768377 3.4
6.836087038048625 1.769297931768377 4
6.836087038048625 1.169297931768378 3.4
11.55917140713 2.148160677581464 4
11.55917140713 2.748160677581464 4.6
11.55917140713 3.348160677581464 4
11.55917140713 2.748160677581464 3.4
12.15917140713 2.148160677581464 3.4
12.75917140713 2.148160677581464 4
12.15917140713 2.148160677581464 4.6
12.15917140713 3.348160677581464 4.6
12.75917140713 2.748160677581464 4.6
12.15917140713 3.348160677581464 3.4
12.75917140713 3.348160677581464 4
12.75917140713 2.748160677581464 3.4
17.48225577621138 3.72702342339455 4
17.48225577621138 4.32702342339455 4.6
17.48225577621138 4.92702342339455 4
17.48225577621138 4.32702342339455 3.4
18.08225577621138 3.72702342339455 3.4
18.68225577621138 3.72702342339455 4
18.08225577621138 3.72702342339455 4.6
18.08225577621138 4.92702342339455 4.6
18.68225577621138 4.32702342339455 4.6
18.08225577621138 4.92702342339455 3.4
18.68225577621138 4.92702342339455 4
18.68225577621138 4.32702342339455 3.4
24.07398937686519 10 2.487886022456193
-24.07398937686519 10 2.487886022456146
4.890690763909259 10 0.9411108758896594
1.628397355879592 10 0.94438814713959
19.0217391304348 10 4.058668039364745
14.67447915890987 10 4.086906742159051
9.271621864193094 10 4.150905807313902
-2.717391304347757 10 4.058668039364745
-4.891304347825997 10 0.941331960635255
-7.06741115056299 10 0.9137363193158279
-9.241243934672106 10 4.058971378715196
21.19361474718388 10 0.9443881471396018
16.84975367493902 10 4.086974322460968
12.4978062407413 10 4.086263680684171
7.063179964575227 10 0.9443881471395996
-0.5458938635121733 10 0.9419704142012222
-13.58387854621395 10 0.9140999128442007
-21.19361474718387 10 0.9443881471395917
-15.76086956521733 10 0.9413319606352643
-11.41005432439646 10 4.057554290879876
-17.96140686973762 10 1.016499698771951
2.718204585276904 10 4.086943595703425
17.93229387270576 10 0.9379536382911278
10.32734970936895 10 0.9387619723453466
-5.980298296294308 10 4.055611852860393
13.58491909500998 10 0.9443881471395997
0.5158897998294272 10 3.981657895104829
15.7661736137551 10 0.9434342601278193
5.94565155217159 10 4.150802870138383
-10.32404952979245 10 0.9443881471395779
-14.66860899494051 10 4.056565739872116
-18.9910337967082 10 3.980637876881747
-16.84986351368568 10 4.055611852860384
-2.71300687438827 10 0.890037133347628
21.19460077328717 10 4.086945517543386
-21.19460077328716 10 4.086945517543404
23.38070818491605 10 0.8422673537162475
23.45414213496557 10 4.145618668739944
-23.38070818491605 10 0.8422673537161828
-23.45414213496558 10 4.145618668739941
-22.28576691498697 10 0.9300323408359972
-21.73781809711751 10 1.892767533679321
-20.64197755227477 10 1.891309906099564
-21.18585236959557 10 2.844453287907679
-22.28579446653525 10 2.848447730061488
-20.08591231145498 10 2.839932150232164
-19.59031658682503 10 1.861947030587602
-18.98592538765634 10 2.835262756939413
-23.02947814588074 10 1.932734068017699
-22.32136016792462 10 3.99636863650873
-15.75868449904705 10 4.053106508095308
-16.30582235594628 10 3.104422274475811
-17.35844035569148 10 3.132705931055549
-16.85762589127447 10 2.15554671209234
-17.95756594941503 10 2.160067849768144
-15.75768379433482 10 2.151552269938164
-15.20860647409918 10 3.102747158908201
-14.11425202810713 10 3.108264795363184
-14.658248308895 10 2.180788889085206
-13.55552594380903 10 2.193530260174063
-13.00762097502848 10 3.116411799177046
-12.45503221632912 10 2.165042166288329
-12.46596641314423 10 1.017504687692061
-4.889606492218363 10 4.055102488442991
-5.435941542788335 10 3.106400534965998
-6.531909923941441 10 3.108551438674708
-4.343204915844623 10 3.107959618330436
-5.988060673882895 10 2.155546712092329
-7.088000732023431 10 2.160067849767952
-7.622270464897511 10 3.1135241180988
-8.152582376089619 10 2.269761365241062
-4.88814191607311 10 2.183002770438817
-3.818655979400003 10 2.264133846835224
2.719089159955541 10 0.9448975115569828
2.173872618344824 10 1.893226918995871
1.076260644236473 10 1.890733122206874
3.266472205584357 10 1.888708301973949
1.621343588712378 10 2.813565037037342
0.5206949201505324 10 2.8399321502321
2.726288764861472 10 2.812137113294478
3.823729684656641 10 2.806124705832998
8.153871768651175 10 0.9448975115569909
7.608655227040451 10 1.893226918995875
6.511043252932105 10 1.890733122206868
8.706322515617199 10 1.89076406027886
7.05813978478124 10 2.784117395541566
5.958123412330373 10 2.806012819511241
8.159687488188197 10 2.774066569825872
9.257775068576898 10 2.791664053141319
7.608711864489578 10 3.768800841126307
-1.631235466665437 10 0.9341390599615084
-2.173913043478169 10 1.893959904798131
-1.628397355879461 10 4.05561185286038
-2.192992177575537 10 3.036082645263585
-1.129419950470364 10 3.233196130239838
4.88932370415548 10 4.103075061582459
-8.15556831760739 10 0.9131866455627071
22.28576691498699 10 0.9300323408360438
21.73781809711744 10 1.892767533679372
20.64197755227469 10 1.891309906099528
21.18585236959533 10 2.844453287907659
22.28579446653497 10 2.848447730061693
20.0859123114548 10 2.839932150232059
19.54727666096622 10 1.887783246642361
18.98975214055778 10 2.803601177807769
23.02947814588068 10 1.932734068017776
14.67609810964859 10 0.9468934919046381
14.12896025274947 10 1.895577725524137
13.03325486806845 10 1.891778271406989
13.57715671742145 10 2.844453287907659
12.47721665928091 10 2.839932150232067
11.94406139083769 10 1.884620177929551
11.38873521101597 10 2.774217248661518
14.67709881436109 10 2.848447730061691
15.22749924163939 10 1.893763617392651
16.31895431054811 10 1.883984568597282
15.78844529020635 10 2.811874705456585
16.87068593699173 10 2.741729861859393
22.32136016792453 10 3.996368636508747
13.58538570008626 10 4.101647807655576
-10.32594101419252 10 4.056639145215357
-9.752091535555515 10 3.009695340575173
20.10738653974524 10 0.9418036854573043
11.41156782434208 10 4.088461933950752
1.630434782608724 10 4.058668039364772
17.93270214889843 10 4.100359056052586
10.32850355334433 10 4.092829253728546
20.1064562782136 10 4.087490490614868
12.49705700383062 10 0.9423055755225032
15.76484558157988 10 4.100327150919632
-5.979407445780151 10 0.9118572538140021
9.23913043478265 10 0.941331960635255
5.978260869565275 10 0.9413319606352436
3.804347826087024 10 0.9413319606352237
-20.10869565217379 10 4.05866803936483
-11.36616339127034 10 0.9331150956972944
-10.81409157504492 10 1.751349074898359
-9.770384135277006 10 1.889705056768917
-20.11083988684436 10 0.938838102702528
-3.8022718072503 10 4.057083414376201
-14.67140955235553 10 0.9002895829962811
-16.84782608695654 10 0.9413319606351521
-0.5929536342721491 10 4.088316141535506
-3.801722184657329 10 0.8990105037756566
0.5422345500280024 10 0.9422397362499348
3.808025930768004 10 4.119392134022297
-7.066335980475415 10 4.058247018655404
-17.88564744976808 10 4.071812419761581
-9.244690243504202 10 0.8871546781357533
-13.57739917359235 10 4.058242159914166
16.84890945022376 10 0.9363101757698915
-19.06728184853867 10 0.92429111821548
11.40969644408211 10 0.9382866869621478
19.01661309985209 10 0.9407919948591039
-8.157088563230374 10 4.059207697597041
-0.01021131101973438 10 1.830041452980148
5.429437333368341 10 1.877097210311987
9.788621355124654 10 1.878358890704155
-12.49210253440016 10 4.059177586249062
-10.86617785053444 10 3.139807477107988
18.46930066567069 10 1.871594479659987
-3.301289565238832 10 3.139740542573549
-1.092935127049198 10 1.849204469043568
-8.659466725864611 10 3.139917519560385
4.349912548831462 10 1.875421275451793
-11.93766304508049 10 3.173934637558173
10.86362360393357 10 1.864032395975487
17.39638223540559 10 1.862121240641619
4.891060518129983 10 2.775408728087443
10.32449096032778 10 2.755212939885956
17.93393457839332 10 2.762578748768725
24.12416990104607 10 1.495930161081695
24.16573554871198 10 3.499999999999997
-24.16573554871198 10 3.499999999999998
-24.12416990104609 10 1.495930161081643
23.22174997348048 10 3.151842520964058
-23.22174997348055 10 3.151842520964
6.836658400483977 10 4.23229459394763
8.380724183113752 10 4.232305097741044
-2.938864851512655 10 2.347672574651938
-9.023032253993314 10 2.353141279973166
-0.2392902918142923 10 3.293354833216256
-18.71249932843453 10 1.759613690856518
-11.70691593425073 10 1.717942525330431
-18.23572258784782 10 3.236097366881287
-24.30658423238768 10 4.329123733747987
24.30658423238768 10 4.329123733747987
24.26084369861448 10 0.7126935222999538
-24.26084369861453 10 0.7126935222998264
2.174016301402709 10 3.441644851512136
-1.552023026151225 10 2.501751893394456
-21.67912430204664 10 3.446116871654024
-5.440271172460534 10 1.55282094335093
14.12913024231857 10 3.459852855726326
21.67912430204623 10 3.44611687165386
-16.30983638985212 10 1.552820943351015
-10.39122752655464 10 2.480334859662286
15.23046284090394 10 3.455504677298964
-4.342779889607417 10 1.564152708480296
-15.20963502870528 10 1.548653184083407
-20.63342811294229 10 3.439277661836587
13.02659813570667 10 3.444828595517084
3.275029926177524 10 3.445009268944022
20.63089065876547 10 3.456066884621773
1.126588782056153 10 3.436106049178628
6.490750349725062 10 3.47227024076531
8.72651089522174 10 3.470847653372051
-6.540484930536138 10 1.560722338163701
-17.35194990050993 10 1.561901819307102
-19.59264436067382 10 3.431278875678626
-7.628709811519144 10 1.56638232880063
11.93005054490463 10 3.436117150778708
19.53339791799568 10 3.431462989778808
5.424735282859608 10 3.45739949838728
4.351984174457876 10 3.451068232809416
9.807294510281492 10 3.43769194251326
-3.257738696726332 10 1.592593922254907
-0.5725843919074336 10 2.539945384481464
-14.0997625615769 10 1.56513545849451
17.39632248145855 10 3.424754310146727
-8.711677411339892 10 1.601488965117269
-13.06277038071961 10 1.572129190498512
18.46797473295642 10 3.43023738698656
10.86638084832804 10 3.439782449898019
-11.38291347043989 10 2.46885088240604
16.32590272683266 10 3.433648849865651
25 -9.340219355128676 2.504013900165362
25 9.092370187828514 2.516040100675438
25 -0.007392738931855547 0.9226743416424312
25 2.110412255125867 0.9152141167245955
25 4.203133576857603 0.9226743416424302
25 6.266523541387635 0.8522260328501347
25 -6.328263230634156 0.9149553243022366
25 -2.087230673632087 4.210500792761566
25 -4.216348266311378 4.132044933583655
25 1.062711924241883 4.126486726095369
25 5.289082774906968 4.154432526598521
25 3.154924353922759 4.111224845600794
25 -3.165658065505406 0.9109694702693745
25 -6.353644382957841 4.102324454406977
25 7.361028313699709 4.077325658357571
25 8.492657445266246 0.8484501011322685
25 -8.425219701974076 4.174279833152102
25 -8.425219701974076 0.8324100004568342
25 8.423987578818757 4.165745223968453
25 8.069603932061725 3.080290801502676
25 6.87959498393797 3.1600828726204
25 7.332668821156254 2.191051432216918
25 6.279450768024496 2.39037179425689
25 5.215859873591796 0.8896237119437325
25 4.678410041985671 1.832022165931245
25 3.652568406284061 1.841884127463017
25 4.173212862413285 2.777656350270933
25 3.128057323601638 2.677543168841285
25 5.229213828581111 2.57474418520854
25 1.05831700158426 0.9310793015197623
25 0.5206285723538429 1.869889006457535
25 -0.5635140345073992 1.856121840399025
25 -0.03474927686827201 2.75459333036066
25 -1.088586450042179 2.759172664860444
25 -1.634837166184473 1.831801862867304
25 -2.116973385356758 2.703143955662793
25 1.054237180878728 2.758226058771239
25 -0.4875711860947067 3.520688042988909
25 1.573139057884768 1.840052516633952
25 -4.219212942831881 0.92256830532164
25 -3.697964667745104 1.856423362569396
25 -4.777928829205284 1.851054641259652
25 -4.2508289176953 2.765240838108409
25 -5.330323578935978 2.619429759146081
25 -3.156441101872964 4.177453270085716
25 -5.27268281970605 0.9180023353769222
25 -7.375424715909705 4.098046004083107
25 -6.865274844788476 3.213766905484218
25 -7.370954905847162 0.9087026857783018
25 -7.929509469277441 1.681915304693848
25 -5.319703303665998 4.157370761213008
25 4.204914695265007 4.137526289181878
25 -1.061175863107994 0.9143762388273586
25 2.106190456714383 4.115624836464429
25 3.154548873247904 0.9110834145742372
25 7.414527762850273 1.063391194072673
25 6.354464833604183 4.117935080846385
25 -2.125059388322597 0.9092512188877324
25 -5.811402150530648 1.774638277904906
25 -7.929936612560253 3.337705290728841
25 -6.857864624137768 1.747500583004132
25 9.141992710192497 3.507242573992789
25 9.186014789835088 1.5037062177217
25 -9.082297489893403 3.430351820681967
25 -9.082253903844137 1.577247896768642
25 2.626117353233136 1.783719605564774
25 -2.678158919348245 1.798359741362358
25 2.091932606881496 2.697273473328357
25 -3.195072113384207 2.702471740401727
25 8.281647581437273 1.912862368115755
25 0.004727694443840136 4.24750910602118
25 5.791361379639518 3.305267261334714
25 -1.534584645585376 3.533302544609459
25 5.689609919899521 1.69133146210012
25 -5.827714500549557 3.339250465236788
25 4.716361088782389 3.434037108477549
25 -7.392664128549614 2.520069500826812
25 0.5154188129018422 3.448302609108839
25 9.265994562445982 4.281379317810179
25 -9.265994562445975 4.281379317810167
25 -9.265994562445975 0.7186206821898321
25 9.325208131230795 0.6704312637707937
25 -3.709262931672177 3.443857417515061
25 6.709104517747456 1.608350632867523
25 3.642494638372415 3.421946060822506
25 -4.805308243400782 3.408463444100239
25 1.5932112729192 3.448958525426059
25 -1.034986994793842 4.252000081063518
25 -6.312261508282623 2.53474092486793
25 2.622928586440011 3.429024672643156
25 -2.631578947368418 3.477470278810619
25 -8.425621769235679 2.51184172807736
-25 9.340219355128676 2.504013900165362
-25 -9.092370187828518 2.516040100675438
-25 0.007392738931855547 0.9226743416424302
-25 -2.110412255125865 0.9152141167245956
-25 -4.203133576857603 0.9226743416424302
-25 -6.266523541387642 0.8522260328501333
-25 6.35364438295784 4.102324454406976
-25 2.077640362510673 4.254591426246424
-25 4.217919054721328 0.922674341642435
-25 -1.062711924241883 4.126486726095369
-25 -5.289082774906968 4.154432526598521
-25 -3.154924353922759 4.111224845600794
-25 6.328263230634156 0.9149553243022368
-25 2.1001140606636 0.9152141167245974
-25 4.215928839758032 4.118090819662654
-25 -7.361028313699713 4.077325658357569
-25 -8.49265744526625 0.8484501011322686
-25 8.425219701974076 4.174279833152102
-25 8.425219701974076 0.8324100004568342
-25 -8.423987578818757 4.165745223968452
-25 -8.069603932061735 3.080290801502673
-25 -6.879594983937988 3.160082872620391
-25 -7.33266882115629 2.191051432216912
-25 -6.279450768024525 2.390371794256875
-25 -5.215859873591803 0.8896237119437337
-25 -4.678410041985678 1.832022165931246
-25 -3.652568406284061 1.841884127463018
-25 -4.173212862413287 2.777656350270933
-25 -3.128057323601638 2.677543168841285
-25 -5.229213828581123 2.57474418520854
-25 -1.05831700158426 0.9310793015197621
-25 -0.5206285723538429 1.869889006457535
-25 0.5491671018124613 1.848195267550734
-25 0.03235812141911509 2.753272234885945
-25 1.094810348649556 2.771179741695205
-25 -1.054440510423721 2.758113720720669
-25 0.4882099766210786 3.522469039882249
-25 -1.573172946142266 1.840033793625524
-25 3.152209314205209 0.9310793015197634
-25 3.689897743435625 1.869889006457538
-25 4.777522713159014 1.85164344454513
-25 4.246278547264793 2.808948567783079
-25 3.151567457727341 2.792713907439891
-25 5.334204494785277 2.674104480646018
-25 2.624778156890002 1.856815699121336
-25 1.052631578947366 0.9116056881941381
-25 3.156533923965151 4.150070503045443
-25 7.375424715909705 4.098046004083107
-25 6.865274844788475 3.213766905484218
-25 5.27253826152945 0.9180614203774558
-25 7.370954905847161 0.9087026857783019
-25 7.929509469277441 1.681915304693849
-25 5.319633399240439 4.155045075559508
-25 -4.204914695265007 4.137526289181878
-25 -2.106190456714383 4.115624836464429
-25 -3.154548873247903 0.9110834145742372
-25 -7.414527762850287 1.063391194072669
-25 -6.35446483360419 4.117935080846383
-25 5.81195719080172 1.78385871286923
-25 7.929936612560252 3.337705290728841
-25 6.860573870301554 1.766210221387823
-25 -9.141992710192497 3.507242573992789
-25 -9.186014789835092 1.5037062177217
-25 9.082297489893403 3.430351820681967
-25 9.082253903844137 1.577247896768642
-25 1.593817596436612 1.847532920675303
-25 -2.626117353233132 1.783719605564774
-25 2.084960517198104 2.716982265653499
-25 -2.091960847096079 2.697257870821333
-25 -8.281647581437291 1.912862368115755
-25 -0.004621229356111201 4.247805938836737
-25 -5.791361379639532 3.305267261334709
-25 1.52875078908008 3.538446028397447
-25 -5.689609919899539 1.691331462100119
-25 5.828349669120179 3.347975304544527
-25 -4.716361088782389 3.434037108477549
-25 3.704691542796528 3.434037108477554
-25 7.392664128549614 2.520069500826812
-25 -0.5155311324705991 3.448341748818727
-25 -9.265994562445982 4.281379317810179
-25 9.265994562445975 4.281379317810167
-25 9.265994562445975 0.7186206821898321
-25 -9.325208131230795 0.6704312637707937
-25 -6.709104517747495 1.608350632867509
-25 4.805308243400776 3.408463444100239
-25 -3.642494638372415 3.421946060822506
-25 -1.593211272919197 3.448958525426062
-25 2.617326077163978 3.457335681068839
-25 1.032540509458407 4.260552072227142
-25 6.306819383420317 2.538533674350916
-25 -2.622931948370315 3.429022815201844
-25 8.425621769235679 2.51184172807736
23.96090785281767 -0.1450757964816152 0
-24.07592669157554 -0.009500531868804988 0
4.984732348638744 9.098810576095556 0
-1.630434782608761 -9.058668039364749 0
-5.928314035898063 9.077917820987764 0
9.158217983420105 -9.003874658203905 0
13.71516577405075 9.114509973684019 0
-13.58695652173916 -9.058668039364743 0
-9.239130434782652 -9.058668039364745 0
0.6195143926221458 9.090618071037088 0
2.649324102901181 -9.039997841802045 0
-11.38483905293562 9.066969423763096 0
9.349949483067896 9.106776624510445 0
13.56072776438722 -8.984272209607646 0
-15.74999826551105 9.057981395001697 0
17.93478260869567 9.058668039364745 0
-18.09635534979191 -9.057927813821024 0
17.92105881053182 -8.994518442502372 0
-19.02377655716392 9.055611852860391 0
-4.891304347826141 -9.058668039364749 0
-2.654399600830853 9.084328710363099 0
5.864712842539387 -9.009788576280663 0
24.27073124156445 -3.182551849986297 0
-24.0304205752681 3.084802226047549 0
23.95399816180695 3.311317992156815 0
-23.97288485528024 -3.250493194243167 0
21.19365569252763 -9.026700043399586 0
21.19565217391305 9.058668039364743 0
-21.19565217391305 -9.058668039364743 0
-24.03625608413988 6.254906229535103 0
24.26744243351499 6.342522688782687 0
-24.00343212195173 -6.414851960303263 0
23.99290952571155 -6.18030522450618 0
-9.202228904159462 9.071387799987843 0
15.73404494665122 -8.976984563532804 0
-13.56744938820994 9.0625032415678 0
11.36883731145464 -8.979399238675084 0
-21.19565217391302 9.058668039364738 0
7.167341019899991 9.102822292244307 0
-7.065217391304396 -9.058668039364742 0
0.5434782608694935 -9.058668039364742 0
11.53255773538644 9.110672785581304 0
-11.41304347826091 -9.058668039364743 0
15.89777359620599 9.118287372252135 0
-15.91374825594102 -9.054353441713662 0
2.802123471992334 9.094742249240962 0
23.42380119963421 9.171401375612497 0
-23.32038918666542 -9.023423115063636 0
23.3408671142732 -9.057361407766265 0
-23.34021155729412 9.083279382513227 0
-17.93308475308796 9.055102488442998 0
-18.47721512584628 8.106400534966006 0
-17.38103724439288 8.106135151809351 0
-17.92520321779568 7.155003754505171 0
-19.02462595123085 7.152860526115818 0
-18.47147708236666 6.2010610480097 0
-17.37150488380403 6.204938892221807 0
-17.91803303801912 5.250328491741575 0
-16.818034756762 5.254326628784137 0
-17.36456674325161 4.299693653179602 0
-16.26456301633593 4.303708370930602 0
-16.81112528726015 3.34907498565328 0
-15.71109841863277 3.353091895681044 0
-16.2576684802467 2.39847299642383 0
-15.15763086128575 2.40247847057941 0
-15.70418344763024 1.447868482728411 0
-14.60415810670491 1.4518651331875 0
-15.1506795102343 0.4972378037731763 0
-14.05068133514064 0.501247449525548 0
-13.50415872121059 1.455874721894145 0
-12.95068661976313 0.5052587699462143 0
-12.40416445426636 1.459886270375643 0
-11.85069333409665 0.5092706961074925 0
-11.30417145088582 1.463898314814067 0
-10.75070049730937 0.5132828058849923 0
-10.20417877309559 1.46791048890501 0
-9.650707789600332 0.5172949678718612 0
-9.104186085992444 1.471922659228758 0
-8.550715101852191 0.5213071379345133 0
-8.004193402378288 1.475934830963829 0
-7.450722418012369 0.5253193095804373 0
-6.904200719209149 1.479947002879363 0
-6.350729734898096 0.5293314815182291 0
-5.804208036296484 1.483959174898288 0
-5.250737051947494 0.5333436535218975 0
-4.704215353372009 1.487971346912485 0
-4.150744369022203 0.537355825535756 0
-3.60422267045196 1.491983518928456 0
-3.050751686101868 0.5413679975516077 0
-2.504229987532474 1.495995690944651 0
-1.950759003182451 0.5453801695678298 0
-1.404237304613313 1.500007862960975 0
-0.8507663202632424 0.5493923415841351 0
-0.3042446216941371 1.504020034977294 0
0.2492263626559344 0.5534045136004527 0
0.7957480612250334 1.508032206993614 0
1.349219045575105 0.5574166856167725 0
1.895740744144203 1.512044379009934 0
2.449211728494299 0.5614288576262643 0
2.995733427063376 1.516056551025116 0
3.549204411413472 0.5654410296412561 0
4.095726109982547 1.520068723041024 0
4.649197094334214 0.5694532016569553 0
5.195718792901978 1.524080895057171 0
5.749189777254474 0.5734653736735014 0
6.295711475821372 1.5280930670735 0
6.849182460170949 0.5774775456983703 0
7.395704158740131 1.532105239091245 0
7.949175143089963 0.5814897177147339 0
8.495696841659203 1.536117411107807 0
9.049167826008794 0.5855018897214961 0
9.595689524578299 1.540129583122573 0
10.14916050892806 0.5895140617358683 0
10.69568220749747 1.544141755138307 0
11.24915319184754 0.5935262337613674 0
11.79567489041672 1.548153927156799 0
12.34914587476678 0.5975384057795796 0
12.89566757333589 1.552166099173055 0
13.44913855768562 0.6015505777963976 0
13.995660256255 1.556178271189444 0
14.54913124060473 0.6055627498128116 0
15.09565293917415 1.560190443205793 0
15.64912392352421 0.6095749218289576 0
7.402653444520434 -0.3731379756864581 0
4.1026753957639 -0.3851744917500827 0
-3.597273384670962 -0.4132596958415549 0
15.10260222494553 -0.3450527715686231 0
10.70263149327245 -0.3611014596640246 0
-0.2972953359131628 -0.4012231797927091 0
-7.997244116580205 -0.4293083838213304 0
-12.39721501002922 -0.4453570061009491 0
-16.25070246061054 0.4932430486108775 0
-15.69720071203344 -0.457389452410379 0
16.20259490787274 -0.3410405995486475 0
16.19564562209339 1.564202615222083 0
-16.79721033628969 -0.4613918052878836 0
15.65607320929413 -1.29566829294655 0
16.75606589222231 -1.291656120925795 0
-16.24372002399431 -1.412018266352185 0
-17.34372933327728 -1.41602087885589 0
-7.457671703600887 2.43056252427296 0
-4.157693654801973 2.442599040305245 0
-0.8577156060442076 2.454635556354134 0
16.20954419365173 -2.246283814330989 0
17.30953687657355 -2.242271642303951 0
-16.7902408745333 -2.366646376531731 0
-17.9110768327789 3.345068505935298 0
15.109551510719 -2.250295986374653 0
-10.75764975317156 2.418526008552979 0
3.542255125632468 2.470684244418957 0
7.942225857309154 2.486732932484629 0
12.34219658898582 2.502781620549938 0
-17.89022363889648 -2.37066421543974 0
17.85605857514309 -1.287643948908997 0
15.64217463774331 2.514818136598925 0
16.74216732066249 2.518830308615247 0
-15.16457102813586 4.307720380776173 0
18.40952955949344 -2.238259470285759 0
16.76301517800541 -3.196899335694766 0
-18.44375847597794 -1.42006380860712 0
-17.33675799249752 -3.321276668194935 0
-16.23676607301287 -3.317264063136001 0
-18.4367400085413 -3.325294949075503 0
16.18869633631241 3.469445829992085 0
17.28868901923158 3.473458002008411 0
17.84216000358166 2.522842480631575 0
18.38868170215075 3.47747017402474 0
18.94215268650083 2.5268546526479 0
18.95605125806264 -1.283631776892278 0
19.48867438506992 3.481482346041068 0
-19.57142638404668 6.19718898449308 0
-16.78328713538879 -4.271892117398882 0
-15.68329447367612 -4.267879933356131 0
19.50952224241279 -2.234247298269055 0
18.96300054384371 -3.188874991662209 0
5.742240491470932 2.478708588451472 0
1.342269759794125 2.462659900386766 0
1.902690029924811 -0.3931988357655275 0
-10.19722948831169 -0.4373327254651798 0
-5.797258750517463 -0.4212840398745503 0
10.14221122314745 2.494757276516691 0
18.93520340071984 4.432097867417905 0
16.73521803488151 4.424073523385244 0
15.63522535196234 4.420061351368921 0
20.04214536941999 2.530866824664229 0
20.03519608363901 4.436110039434236 0
20.06299322676293 -3.184862819645786 0
19.51647152819383 -4.139490513038954 0
20.05604394098191 -1.279619604875825 0
19.48172509928893 5.38672556081107 0
20.616464211113 -4.135478341022631 0
20.06994251254391 -5.090106034415795 0
18.96994982962474 -5.094118206432105 0
-15.13677277863915 -3.313252237959434 0
-14.58330169238227 -4.263867817143768 0
-15.12982337396878 -5.218495520169999 0
-14.02983067182301 -5.214483359062227 0
-13.48330897004723 -4.259855667488019 0
-12.9298379791301 -5.21047119259249 0
-12.38331627892979 -4.255843500124614 0
-11.82984529321559 -5.206459022277817 0
-11.28332359414501 -4.251831329169114 0
-10.72985260948625 -5.202446850723634 0
-10.18333091077988 -4.24781915740835 0
-9.629859926357714 -5.198434678828654 0
-9.083338227751479 -4.243806985456571 0
-8.529867243385439 -5.194422506845037 0
-7.98334554480525 -4.239794813458179 0
-7.429874560452903 -5.190410334838877 0
-6.883352861879338 -4.235782641448264 0
-6.329881877530376 -5.18639816282704 0
-5.783360178958478 -4.231770469435481 0
-5.229889194610359 -5.182385990813779 0
-4.68336749603888 -4.227758297421982 0
-4.129896511690971 -5.178373818800162 0
-3.583374813119609 -4.223746125404492 0
-3.029903828771743 -5.174361646785821 0
-2.483382130200408 -4.21973395339003 0
-1.929911145852553 -5.170349474771864 0
-1.383389447281209 -4.215721781379951 0
-0.8299184629333668 -5.166337302758999 0
-0.2833967643620255 -4.211709609366969 0
0.2700742199858127 -5.162325130745238 0
0.8165959185571531 -4.207697437353355 0
1.370066902904991 -5.158312958731525 0
1.916588601476331 -4.203685265339644 0
2.470059585824169 -5.154300786717791 0
3.01658128439551 -4.199673093325913 0
3.570052268743347 -5.150288614704056 0
4.116573967314688 -4.195660921312177 0
4.670044951662524 -5.146276442690318 0
5.216566650233865 -4.191648749298441 0
5.770037634581702 -5.142264270676582 0
6.316559333153045 -4.187636577284706 0
6.870030317500882 -5.138252098662848 0
7.416552016072223 -4.183624405270971 0
7.97002300042006 -5.134239926649116 0
8.516544698991403 -4.179612233257237 0
9.070015683339239 -5.13022775463538 0
9.616537381910581 -4.175600061243502 0
10.17000836625842 -5.126215582621642 0
10.71653006482976 -4.171587889229764 0
11.2700010491776 -5.122203410607904 0
11.81652274774895 -4.167575717219456 0
12.36999373209678 -5.11819123859474 0
16.18174705053143 5.374689044762087 0
15.08175436761226 5.37067687274576 0
20.5817177822081 5.390737732827408 0
19.5234208139748 -6.044733727808951 0
18.42342813105563 -6.048745899825251 0
20.62341349689397 -6.040721555792641 0
-17.3507455888374 0.48922845549523 0
-12.95763548897328 2.410501810647123 0
9.063066397562743 -3.22498453986536 0
5.763088348805404 -3.237021055906867 0
-1.936860431623574 -3.265106259996084 0
12.90261685911687 -0.3530771155968817 0
-16.27152693265379 6.209043787629153 0
7.42350130184872 -6.088867620040991 0
4.123523253091182 -6.100904136082197 0
-3.57642552734308 -6.12898934017823 0
21.13518876655818 4.440122211450572 0
-14.57635236435913 -6.169111055877485 0
-15.67634504627243 -6.173123228461774 0
-12.37636699155921 -6.161086715798864 0
21.1629859096821 -3.180850647629474 0
21.71645689403217 -4.131466169006335 0
-10.17638162491667 -6.153062372227557 0
-7.97639625902349 -6.145038028231181 0
-5.776410893181652 -6.137013684205682 0
-0.2764474785855297 -6.116952824137137 0
1.923537887252829 -6.108928480109669 0
10.72347935060626 -6.076831103999782 0
20.028246797858 6.341353254204241 0
18.92825411493884 6.337341082187899 0
21.12823948077717 6.345365426220583 0
11.26305176339461 -3.216960195845671 0
12.91651543066815 -4.163563545208867 0
13.46998641501596 -5.114179066581633 0
12.92346471644461 -6.068806759972311 0
14.03238776855479 -6.05959511444338 0
14.5714674928003 -5.109300315647717 0
15.12518654295433 -6.059771407203169 0
3.56310298296685 -3.245045399934035 0
1.363117617130086 -3.253069743955028 0
-4.136845797465321 -3.273130604017273 0
-6.336831163306223 -3.281154948057394 0
-8.536816529151071 -3.289179292081185 0
-10.73680189510305 -3.297203636039704 0
-12.93678726300503 -3.305227978899524 0
18.39563098793173 1.572226959254737 0
14.53523266904317 4.416049179352591 0
13.98176168469309 5.366664700729427 0
14.52828338326219 6.321292394122604 0
13.42829070034302 6.317280222106271 0
12.88176900177392 5.362652528713102 0
12.32829801742385 6.313268050089943 0
11.78177631885475 5.358640356696779 0
11.22830533450468 6.309255878073619 0
10.68178363593558 5.354628184680458 0
10.12831265158551 6.305243706057299 0
9.581790953016416 5.350616012664136 0
9.028319968666342 6.301231534040975 0
8.481798270097247 5.346603840647812 0
7.928327285747173 6.29721936202465 0
7.381805587178079 5.342591668631487 0
6.828334602828004 6.293207190008327 0
6.281812904258908 5.338579496615163 0
5.728341919908836 6.289195017992003 0
5.18182022133974 5.33456732459884 0
4.628349236989667 6.28518284597568 0
4.08182753842057 5.330555152582519 0
3.528356554070499 6.281170673959359 0
2.981834855501401 5.326542980566196 0
2.42836387115133 6.277158501943036 0
1.881842172582233 5.322530808549875 0
1.328371188232161 6.273146329926715 0
0.7818494896630641 5.318518636533552 0
0.2283785053129911 6.269134157910392 0
-0.318143193256105 5.31450646451723 0
-0.8716141776061788 6.265121985894068 0
-1.418135876175274 5.310494292500906 0
-1.971606860525348 6.261109813877743 0
-2.518128559094443 5.30648212048458 0
-3.071599543444518 6.257097641861418 0
-3.618121242013611 5.302469948468254 0
-4.171592226363687 6.253085469845093 0
-4.71811392493278 5.298457776451929 0
-5.271584909282856 6.249073297828767 0
-5.81810660785195 5.294445604435603 0
-6.371577592202026 6.24506112581244 0
-6.91809929077112 5.290433432419273 0
-7.471570275121195 6.241048953796113 0
-8.018091973690289 5.286421260402948 0
-8.571562958040362 6.237036781779787 0
-9.118084656609458 5.282409088386624 0
-9.67155564095953 6.233024609763463 0
-10.21807733952863 5.2783969163703 0
-10.7715483238787 6.229012437747144 0
-11.3180700224478 5.274384744353981 0
-11.87154100679787 6.225000265730825 0
-12.4180627053671 5.270372572372795 0
-12.97153368971719 6.220988093755492 0
19.47477581350791 7.29196877558107 0
20.07689179832487 -6.995349249185796 0
21.18221148899952 -7.012818199037604 0
-1.425085161956253 7.215737507270907 0
-4.72506321071376 7.203700991221933 0
-8.025041259471267 7.191664475172951 0
14.58763655787967 -7.00917555544518 0
15.67899517243559 -7.010190343535712 0
15.67011169024756 -5.106073263970867 0
-15.14372411975019 -1.408007917619332 0
21.72429401443905 -6.04028957075435 0
19.50257295663186 -0.3290040834989487 0
20.60256563955103 -0.3249919114826124 0
21.1560366239011 -1.275607432859461 0
21.7025583224702 -0.320979739466291 0
22.25602930682027 -1.271595260843135 0
21.14908733812013 0.6296357819105516 0
17.86995714671041 -5.098130378451177 0
11.23525462028566 4.404012663303619 0
-1.964657574744366 4.355866599107754 0
9.03526925444732 4.395988319270979 0
6.835283888608986 4.387963975238332 0
-5.26463562350188 4.343830083058766 0
4.63529852277065 4.379939631205685 0
2.435313156932306 4.371915287173034 0
0.2353277910939707 4.3638909431404 0
-8.564613672259391 4.331793567009786 0
-11.86459172101692 4.319757050966691 0
-12.96458440419877 4.315744879216172 0
-20.12491696086837 7.147586432629026 0
-20.67146696786595 6.19302061338081 0
-20.11802554139255 5.242388225274488 0
-21.21803371417309 5.23838181881556 0
-20.66459803278725 4.287745953911866 0
-21.76459427575562 4.283771116018234 0
-21.21116084298578 3.333133005898669 0
-21.77146746988289 6.189019988441723 0
-20.11116845960554 3.337100834681666 0
-20.657727971726 2.38249425741779 0
-21.75772103716879 2.378524941461174 0
-21.20428744841271 1.427887702263389 0
-20.1042946027791 1.431856571681711 0
-20.65085392270348 0.4772503383495835 0
-21.75084677648689 0.4732814545173861 0
-21.197413223828 -0.4773558562300818 0
-19.55086108675532 0.4812191865111364 0
-19.00430179775346 1.435825356761997 0
-12.42499074153664 7.169789911038724 0
-13.52498640052995 7.166593671082483 0
-14.07152332743674 6.21614093103628 0
-14.62497913332709 7.16259091551923 0
-10.22499904452041 7.176078474717805 0
22.22943120654378 0.6222079464205821 0
21.69233423427331 1.582356807385995 0
22.2805455507814 -7.015339223993192 0
1.874951846951687 7.211609279188567 0
22.97197245264411 1.582336045772438 0
22.24213073525834 2.538891168696874 0
-15.12291190496368 -7.113362357279767 0
-16.22291089488839 -7.115645130628561 0
-16.77634508298679 -6.175117771183062 0
-14.02292204661817 -7.108575589531942 0
-17.32290913086029 -7.11813456782873 0
-17.87633991704728 -6.178539882512451 0
-18.4229030978118 -7.121794607259474 0
-18.97633317249539 -6.182395022314961 0
-19.52285496648823 -7.136996543671629 0
-20.07631914846228 -6.188245983026565 0
-19.52979631616197 -5.233929116423535 0
-20.62978769230095 -5.238299557685064 0
-21.17630917307557 -6.192986962618239 0
-21.72977971437245 -5.242492909169767 0
-21.18325794195929 -4.287885460432825 0
-22.28325050243021 -4.291931203134231 0
-21.73672872417431 -3.337325356249905 0
-20.63673604125513 -3.333313184236145 0
4.074942271838155 7.21824661491164 0
-22.27611774982541 -0.4881617523389936 0
6.274932491339453 7.22494025983032 0
8.474922502747413 7.231690956430059 0
18.37487309450501 7.263291746422233 0
10.67491230330602 7.238499460307669 0
12.87490189021038 7.245366540462052 0
-21.74042450490068 -1.433089840423136 0
-20.64335088382958 -1.428193736838883 0
-22.99719072077842 -1.496653817743898 0
15.11677218054955 -4.155381194924662 0
17.32343544813492 -6.052758071854333 0
17.87688432290982 -6.997311945762058 0
17.28173973345061 5.3787012167784 0
16.72826874910053 6.329316738155242 0
22.23196131071628 -3.194897475440865 0
22.80892142340807 -4.163036911924964 0
-22.24574431245977 -6.179359792004914 0
-21.71778311390853 -7.132291828153254 0
-22.96620833439024 -7.046621146591937 0
-22.26982086481949 -8.129615373210457 0
-18.96937380243509 -8.090402963140582 0
-20.06936648535427 -8.094415135154298 0
-16.64110751139327 -8.073263949409204 0
-14.42432382195388 -8.070260188134728 0
-23.04682441507932 0.4779719476203723 0
22.8247550774519 -6.065622286305807 0
18.77488668149276 8.192260873432646 0
20.02129751207698 8.246596468974241 0
15.15589807609391 -7.997844960551367 0
16.25398835136055 -7.964872881188549 0
-22.83672140709349 -3.341337528263662 0
-23.35234741523235 -4.263949065810994 0
20.63322423674388 -7.963001189691465 0
19.53610476689528 -7.97910404871717 0
14.04122848003119 -7.972586475409729 0
20.09487970860993 -8.97530452963985 0
21.75704449585934 -8.053018337624056 0
22.8367722720871 -8.020580682572527 0
-12.99569609866546 8.112166733313618 0
-19.57292688983528 8.102357261343311 0
16.82973559138223 -8.947439035105104 0
-16.8253939326312 7.156629401601975 0
-18.45085099777853 0.4851978296029963 0
-18.99737082931578 -0.4694264487219214 0
-17.90429969374942 1.439841023050979 0
-18.45774251699586 2.390431510230581 0
-15.7249883977274 7.160080899383655 0
-19.01802904360697 5.246387030013862 0
-19.56460260716106 4.291722455676514 0
-18.46458226725706 4.295710594107934 0
-21.22490473369579 7.1427580783322 0
-22.32007047020012 7.140919037816819 0
-22.87782834717223 6.199661697587485 0
-21.77834321827992 8.094255673630187 0
-15.17151777516071 6.211423471625644 0
-15.18838967611674 8.108271105557568 0
-22.31908903383153 5.236845308717569 0
-22.83264935461259 4.298903506266138 0
-23.38777134968464 5.254884307501582 0
-23.96650285391324 4.251453430046035 0
-16.80426195280629 1.44387324061235 0
-22.27371568909042 3.351043681030703 0
-23.01866271645104 2.457268017740667 0
-17.89727897178462 -0.465386659347834 0
-19.54377411581574 -1.424056824060791 0
-14.61110188334565 3.357105022194876 0
-15.71804359709884 5.25809514463939 0
-14.06457781332816 4.311732682731565 0
16.21656202834188 -4.151487118321029 0
16.77908344676715 -7.003918103390168 0
15.66307915057104 -3.200878521573801 0
14.56308448541126 -3.204891847715428 0
14.0095679399988 -2.254302853069896 0
14.556082045067 -1.29967958076505 0
13.45608961526501 -1.303691605432215 0
12.90956795887477 -2.258319274292522 0
12.3560951604915 -1.3077048091143 0
-14.05763070078314 2.406490133993128 0
-14.59720373960303 -0.453379716350602 0
-14.04373018502437 -1.403996455476991 0
-13.49720890602559 -0.4493686206370513 0
-12.94373696202745 -1.399984570178086 0
-11.84374395991385 -1.395972549839342 0
-12.39026564789007 -2.350600246755214 0
-11.29027290966134 -2.346588100800494 0
-19.55773678126411 2.386461993145749 0
-14.59025148055488 -2.358624337460165 0
-20.09736582737771 -0.4734016616135955 0
-18.42980233714652 -5.230272287760651 0
21.68171046512726 5.394749904843746 0
22.23518144947736 4.444134383466899 0
22.20026527992095 6.365388561390821 0
21.67019525579062 7.276554702525885 0
22.74770994829915 7.311808078879154 0
22.08271487362959 8.204683717747404 0
-18.98327112802698 -4.279771738780525 0
22.78352486378185 5.394172141516364 0
23.34726248724701 4.352804598292733 0
17.86300786092458 -3.192887163678442 0
19.49562367085089 1.576239131271063 0
21.68865975090827 3.489506690073725 0
15.62827606618138 6.325304566138947 0
15.07489126060567 7.252292979592661 0
16.17489830665392 7.252367300288449 0
-16.22981730316899 -5.222171408922469 0
-10.76459903809774 4.323769222978134 0
-9.664606355178558 4.327781394993636 0
-9.111135370828485 3.377165873616678 0
-11.27637430815932 -6.157074544057812 0
-10.72293400189319 -7.099279158822669 0
-9.622942544210982 -7.094931057001049 0
-10.0417172382659 -8.062307795953082 0
-11.82293179802369 -7.101889512955374 0
22.80255100538938 -0.3169675674499753 0
23.3595289749026 -1.209040899645375 0
22.80371484945112 -2.214700008437246 0
-5.825019170979767 7.189620793803731 0
-5.321091469937714 8.139336301079123 0
-4.240858937274456 8.146041825705559 0
9.574940430930344 7.228781788757958 0
10.02825412248841 8.153654036592837 0
11.80262417618226 -0.3570892876528958 0
0.7749637289523486 7.206345570998309 0
1.257230751201836 8.137348138031721 0
20.58866706798909 3.485494518057396 0
-20.08326541300671 -4.283750011630083 0
-19.53679278509073 -3.329233304891596 0
-10.74375120287179 -1.391960411348993 0
-10.19028020517042 -2.342575938720052 0
-2.525032413552472 7.199269707076704 0
-2.031965277270526 8.147996712575123 0
-0.955717425323138 8.15590277051832 0
-7.464620989340213 4.33580573902611 0
12.33524730320483 4.408024835319937 0
13.435239986124 4.412037007336258 0
13.98871097047408 3.461421485959422 0
5.735291205689817 4.383951803222011 0
-11.83679459812238 -3.301215798631444 0
9.623486667687075 -6.080843276013522 0
10.17698419844373 -7.038736864073112 0
9.076995939926023 -7.043962047200431 0
11.26734417570325 -7.023157604088409 0
10.76671153222361 -8.017963130638273 0
11.85755955532054 -7.951553276080489 0
12.45171823795745 -8.959335203556474 0
12.96017191159904 -7.974399143976333 0
20.609514925332 -2.230235126252649 0
-9.076394259247568 -6.147592394126442 0
-8.522950951706928 -7.090619929004416 0
-7.422953477617805 -7.087921320872644 0
-7.969446973243275 -8.050281243003308 0
-1.37644016150471 -6.120964996150729 0
-0.8229808097774605 -7.068391273028846 0
0.2770146986053412 -7.065153741109691 0
-1.922975431466736 -7.071871904292552 0
-0.2694981928090406 -8.022196038907161 0
5.223515936010362 -6.09689196406846 0
4.676994237439023 -7.051519657460338 0
3.576999638779386 -7.055006602619585 0
5.776986920358203 -7.047507485446606 0
4.150878908892331 -8.030911423268066 0
18.97785120833283 -7.003205664315748 0
18.44292435584723 -7.993017059471772 0
-6.364628306421034 4.339817911042439 0
-5.811157322070962 3.389202389665621 0
-11.85764243523591 2.414513836190913 0
-2.497280701751606 -0.4092475238253094 0
-3.043802400318427 -1.363875217221438 0
-1.943809717397714 -1.359863045210937 0
-4.143795083239453 -1.367887389235302 0
-3.590324098889579 -2.318502910618106 0
-4.690316781811376 -2.322515082635564 0
-1.397288018831739 -0.4052353518104771 0
-0.843817034480409 -1.355850873192884 0
0.256175648436867 -1.351838701170924 0
-0.290346050133611 -2.30646639458089 0
0.8096466327850937 -2.302454222557103 0
4.642247808551705 2.474696416435003 0
7.963073714643565 -3.228996711879095 0
8.509595413214907 -2.274369018487219 0
9.609588096134082 -2.270356846473481 0
7.409602730296254 -2.278381190492117 0
9.056117111786374 -1.319741325086073 0
10.15610979470036 -1.315729153078316 0
9.602638810356709 -0.3651136316874633 0
10.70958077904047 -2.266344674466822 0
-3.036853114542599 -3.269118432006508 0
-2.490331415969409 -2.314490738610665 0
-4.164642940582708 4.347842255075101 0
0.2422770768749585 2.458647728370446 0
-7.436823846227155 -3.285167120070134 0
-6.890302147654038 -2.330539426679263 0
-5.790309464734412 -2.326527254665784 0
-6.343780449082407 -1.375911733277128 0
-7.4437731320397 -1.379923905279453 0
-7.990294830580211 -2.334551598688998 0
-8.54376581496494 -1.383936077292974 0
-0.3378871868028466 7.199714404595369 0
-0.8368677487098607 -3.261094087988979 0
2.463110300048474 -3.249057571946379 0
3.009631998619491 -2.294429878555505 0
4.109624681538104 -2.290417706542188 0
3.556153697191114 -1.339802185160088 0
4.656146380112141 -1.335790013145934 0
5.20266807869227 -0.3811623197540613 0
5.756139063031446 -1.33177784113433 0
2.456161014271602 -1.34381435717435 0
-11.29722224875543 -0.4413448651269965 0
-3.057700971882615 2.446611212321506 0
6.842233174390093 2.482720760467924 0
3.002682712843569 -0.3891866637697449 0
-1.957708288963376 2.450623384337812 0
2.442262442713293 2.466672072402819 0
0.8235437364741558 -6.112538218055801 0
1.377007607791875 -7.061203603433786 0
4.663095665885881 -3.241033227920451 0
6.323508618929542 -6.092879792054726 0
10.13526193736649 4.400000491287303 0
-0.8646648918251938 4.359878771124079 0
-4.676418210262341 -6.133001512192004 0
-4.122965646640722 -7.078566735609094 0
-6.897251433521706 -0.4252962118589658 0
11.24220390606663 2.498769448533163 0
17.29563830501256 1.568214787238407 0
17.84910928936263 0.6175992658615694 0
17.30258759079282 -0.3370284275319833 0
16.74911660644305 0.6135870938450643 0
-3.022959875014731 -7.078143014354579 0
-3.56947624156657 -8.034232554948366 0
-2.469483558647392 -8.03022038293463 0
-3.635403762106115 7.191133787212476 0
17.83521071780068 4.428085695401565 0
1.335320474013137 4.367903115156715 0
6.863081031724869 -3.233008883891614 0
2.97496502642902 7.210002035109523 0
3.449988501503248 8.14101463866966 0
-6.925005733456743 7.183930617553758 0
-7.52070951386017 8.136038071666079 0
-8.617254495821683 8.130226131841519 0
0.8026973470060081 -0.3972110077763892 0
0.2631249342111391 -3.257081915967054 0
8.523499146569613 -6.086270627659766 0
7.976978308298564 -7.041134184323731 0
8.542859937193246 -8.009593828600085 0
7.449682321552441 -8.023493209407635 0
8.073667445353145 -9.0234747105478 0
9.674642757954725 -8.028799761346757 0
6.880185895948919 -7.048667549683074 0
6.33045790470605 -7.998123006824764 0
5.247327733280303 -8.015406142370997 0
4.791989764743358 -9.028553062654193 0
3.535305839851479 4.375927459189366 0
-2.476435994992259 -6.124113396088962 0
9.042218540228287 2.490745104500616 0
7.374948906140734 7.222446006756212 0
7.835499448253342 8.149371174000926 0
-3.064650257663534 4.351854427091433 0
-9.097236801523955 -0.4333205550160845 0
-5.243787766162491 -1.37189956125772 0
10.16305908047871 -3.2209723678541 0
3.02353025088193 -6.104828770286852 0
2.47700515320685 -7.058524552178096 0
1.965501650038445 -8.026703664341637 0
5.174957103434001 7.216186419595339 0
5.642744238932281 8.145158340008589 0
-4.697266067593344 -0.4172718678585788 0
15.08870365339325 3.465433657975757 0
20.57410273290807 7.265967633802579 0
7.935276571528155 4.391976147254658 0
-13.47636645712625 -6.163240387090513 0
-5.236838480386579 -3.277142776043925 0
-5.222961399680987 -7.081737191295973 0
-6.322963577977622 -7.083146073791565 0
-5.769461607404912 -8.042256898975833 0
-6.876406144005477 -6.140321829574822 0
-11.32498992021737 7.171570827632971 0
-10.80293620185189 8.115706249745028 0
20.59507055336741 1.5799335253011 0
-9.131458806803105 7.176821393212333 0
-9.636809213574098 -3.293191463402452 0
11.81226042333131 -6.066602062701467 0
13.97492263196152 7.241685993987689 0
14.41376183716827 8.162433509385794 0
11.77493167412 7.235194775296681 0
12.22100825453595 8.158007839268034 0
-15.69024589174745 -2.362635533176475 0
-17.88327788472036 -4.275837940695911 0
21.17008316790072 -5.086690560229156 0
22.26907185642221 -5.094195836097909 0
7.956124428867672 -1.323753497080332 0
14.54218195482413 2.5108059645826 0
13.44218927190497 2.506793792566257 0
14.01681052228079 -4.159375303650598 0
-12.92293692916528 -7.102489114566937 0
-12.23302297908945 -8.065640411945557 0
21.14150128520274 2.534508255696553 0
22.7847548783 3.467509724030853 0
18.40258027371247 -0.3330162555154557 0
18.94910197228176 0.6216114378778639 0
20.04900368846717 0.6255706468965028 0
-17.32981078054633 -5.225890372332065 0
17.31649758717874 -4.14750820528033 0
21.70337382098381 -2.227980991910472 0
-22.78674958814313 -5.219170129022646 0
18.41648074941267 -4.143501576423869 0
17.82827642600573 6.329218100647809 0
11.78872560463574 3.453397141926701 0
-20.6220443214616 -7.128046269359786 0
18.38173491536744 5.382028253874108 0
10.68873292171656 3.449384969910272 0
9.588740238797389 3.445372797893949 0
12.88871828755491 3.457409313943085 0
8.488747555878231 3.441360625877723 0
7.388754872959083 3.437348453861409 0
6.288762190039941 3.433336281845001 0
5.188769507120769 3.429324109828619 0
4.088776824201574 3.42531193781231 0
-0.3111939074751098 3.409263249747257 0
1.888791458363213 3.417287593779859 0
2.988784141282388 3.421299765796057 0
-4.711164639151836 3.39321456168197 0
0.788798775444049 3.413275421763573 0
-1.411186590394286 3.405251077730942 0
-2.511179273313464 3.40123890571462 0
-3.611171956232687 3.397226733698312 0
-8.011142687916243 3.381178045635776 0
-5.25768633772222 2.438586868289348 0
-12.41111348142479 3.365129382030722 0
-6.357679020648296 2.434574696275811 0
-8.557664386685651 2.426550352323583 0
-6.911150004999605 3.385190217653119 0
-9.657657070586897 2.42253818070456 0
17.2749146615535 7.249889470087597 0
16.72131946331965 8.234559952925226 0
-10.21112805408834 3.373153701738336 0
23.37277161535207 -5.138596584933523 0
-11.31112074717254 3.369141533742962 0
-14.03678007163286 -3.30924008295216 0
-13.49025860168911 -2.354612278620356 0
8.502646127438572 -0.3691258036776084 0
5.209617364458616 -2.286405534527616 0
6.85613174594954 -1.327765669084743 0
14.00261009044746 -0.34906462429226 0
1.356168331354191 -1.347826529159639 0
6.309610047377687 -2.282393362506214 0
1.909639315701937 -2.298442050560788 0
-9.090287515212518 -2.338563769918176 0
6.302660761604148 -0.3771501477083394 0
-9.643758504675885 -1.387948246293577 0
-1.390338733050182 -2.31047856660079 0
13.46309846392569 -3.208900141297005 0
12.36305497109093 -3.212941896055374 0
11.25610247760341 -1.311716981074181 0
16.22446279405917 -6.055808956739257 0
16.77017111577878 -5.101960999102833 0
11.80957551841595 -2.262331305141478 0
-13.51110695451792 3.361117280500494 0
-13.51805500226545 5.26622123120049 0
-14.61804809057096 5.261888973668256 0
-22.36376925637322 1.439147328354349 0
-23.3635374202726 1.506456406111496 0
-19.01115157751042 3.341082648962957 0
-22.29053189302641 -2.386543942714838 0
-21.18972552840658 -2.382838183780269 0
-18.99031169126259 -2.374646024048909 0
-20.09011517427672 -2.378713542976099 0
-17.35776666837099 2.394441283446293 0
3.059661362600975 -8.031183956618328 0
-22.28260869565213 9.058668039364738 0
14.63995422568665 -8.988614701516923 0
22.28225949434193 -9.026276745227072 0
23.98200110926003 -8.197739726422896 0
-16.83964073112602 9.053374053579361 0
-20.10869565217389 9.058668039364758 0
10.27009724968272 -9.005006131477336 0
1.607311525075457 -9.049221726312645 0
-20.67553074284581 8.095020400501676 0
-22.8456712061486 8.112126364245468 0
-24.00752971645444 8.245590598502718 0
0.8529307141408534 -8.0173773765204 0
-0.5674310558214569 -9.055765900878001 0
-16.28295487227959 8.105349130222226 0
-23.91642370653209 -5.242825410401773 0
-14.65534178059992 9.05445684842833 0
19.00640765045895 -8.990324013388527 0
23.98410169879566 -4.207082310817664 0
24.0601430739768 -2.120650676863972 0
24.08839431180586 1.05263157894737 0
-24.07996020158077 -1.046441696395637 0
24.08839431180588 2.105263157894735 0
24.0576674141088 5.279285543182183 0
-24.04613984021596 -2.08144761443112 0
23.97079937393295 7.352006917917548 0
-24.06008277553886 -7.442314893998636 0
-1.346368937209945 -8.018555679670996 0
-2.743603351043629 -9.063830719816831 0
-14.08868713306929 8.107350875206194 0
-3.832833009557957 -9.064997869348902 0
-23.39205255112062 7.213174695736646 0
-12.4710578891203 9.056154603781781 0
-4.669579448843534 -8.007942939195527 0
-6.019716796566855 -9.064531891713482 0
-11.90075165072121 8.115392958212535 0
17.3506124797998 -7.98351291123667 0
-6.841486630985335 -8.023380593317857 0
-10.28675291899927 9.057826893249072 0
-8.196798521097492 -9.06948035669218 0
-8.999480014150556 -8.041256347010595 0
-9.710938395359303 8.121341157125599 0
-10.40455748242235 -9.051052280165091 0
-8.118293021872056 9.074065483496174 0
-11.15300819042589 -8.055628900376375 0
-12.58364756617071 -9.053464677006398 0
-7.012676316050471 9.062986260720201 0
-13.34534400582417 -8.05860096938933 0
-14.82374625412839 -9.033231624341949 0
-6.422136040030487 8.131638310968441 0
13.51668086257692 -6.994543669929877 0
-15.52479144054477 -8.076686115251309 0
-4.859089452337085 9.090995716386589 0
-17.03608185876216 -9.034048040814326 0
12.38958027416261 -7.013177086124813 0
-17.82534722389109 -8.042012822657147 0
-3.740219980650656 9.068162223336564 0
-19.09200363286532 -9.099719870891841 0
-20.11488271929609 -9.250560609082177 0
-24.12550113084283 2.078061252900524 0
-3.137979995280846 8.139488827711586 0
-21.17493339189139 -7.908607329048507 0
-22.27021592334047 -9.242341305527768 0
23.35061297168479 -7.123095275546776 0
24.13899862581097 8.435369073638645 0
-24.14505544531003 -8.421052631578933 0
-1.590413524734756 9.099649686901133 0
-0.4653036115619307 9.072035827239461 0
0.1488001081814025 8.143660797070044 0
1.726917754551126 9.068020285039157 0
2.347696225438208 8.143789437546596 0
3.9112206734514 9.069947168351096 0
6.974825882793255 -9.009146583843474 0
4.539764189632971 8.148227292938644 0
6.095522983469619 9.07199115063295 0
6.731831514672571 8.152788203912218 0
8.279824928463416 9.074084707606687 0
8.923898485991801 8.157393214649817 0
10.46412650360308 9.076228484111908 0
3.710091631885265 -9.02177438072377 0
23.2233082792877 2.604189319789538 0
11.11596509890665 8.162042896859738 0
12.64842770397332 9.078423136213882 0
13.30803134865003 8.166737832166909 0
23.21651663759594 0.561881767002818 0
14.83272852457137 9.080669331448702 0
15.54854740902819 8.15639223404543 0
-23.35231132134481 -8.012605432088719 0
16.84990556842688 9.282303072908421 0
17.81615530191332 7.999734016446489 0
-23.27631596621228 -0.5227343079742137 0
19.14719011921816 9.117145444241997 0
20.11630622191121 9.284481990516197 0
21.10879250966366 8.010494112482972 0
22.34361480831945 9.153541024980075 0
24.26093935267541 4.255073342398513 0
-24.24665721067362 1.05263157894736 0
24.27611598033942 -1.116006106177136 0
-23.22869374327891 -2.511295219479337 0
23.20662252571468 6.421188274977057 0
24.25942002703454 -5.26315789473684 0
23.11793980493772 8.271468364795886 0
24.22669961446703 -7.253174283392172 0
-23.18371161269539 -6.020565687664906 0
-24.24833119540894 -4.235664060406973 0
23.22451995529936 -3.254968889700927 0
-23.22439023786708 3.488694172226218 0
-24.28698012905827 5.260277311356453 0
-24.27074045609206 7.316540435579446 0
-24.1987411495473 9.207497732152435 0
24.1987411495473 -9.207497732152435 0
24.23031420166145 9.240100340313756 0
-24.24685334903238 -9.25404658420052 0
23.96090785281771 -0.1450757964816932 5
-24.07592669157554 -0.009500531868804988 5
4.984732348638783 9.098810576095616 5
-1.630434782608761 -9.058668039364749 5
-5.928314035898019 9.077917820987903 5
9.349949483067928 9.106776624510479 5
13.7151657740508 9.114509973684026 5
-13.58695652173916 -9.058668039364743 5
-9.239130434782652 -9.058668039364745 5
0.6195143926221887 9.090618071037175 5
7.065217391304257 -9.058668039364745 5
2.71739130434775 -9.058668039364745 5
-11.38483905293558 9.066969423763275 5
11.41304347826078 -9.058668039364736 5
-15.7499982655111 9.05798139500175 5
15.73889545849803 -8.988392416110848 5
17.93478260869567 9.058668039364745 5
-18.09635534979191 -9.057927813821024 5
-19.02377655716392 9.055611852860391 5
-4.891304347826141 -9.058668039364749 5
19.01041262207929 -9.028462370864098 5
-2.654399600830812 9.084328710363209 5
24.27073124156444 -3.182551849986291 5
-24.0304205752681 3.084802226047549 5
23.95399816180708 3.311317992156732 5
-23.97288485528024 -3.250493194243167 5
21.19565217391305 9.058668039364743 5
-21.19565217391305 -9.058668039364743 5
23.99470021513191 -6.18099321865515 5
-24.03625608413988 6.254906229535103 5
24.267442433515 6.342522688782697 5
-24.00343212195173 -6.414851960303263 5
-9.202228904159419 9.071387799988006 5
-13.56744938820989 9.062503241567963 5
13.55144112905296 -8.978259681952469 5
-21.19565217391302 9.058668039364738 5
21.1905544906535 -8.973222862634566 5
7.16734101990003 9.102822292244355 5
-7.065217391304396 -9.058668039364742 5
0.5434782608694935 -9.058668039364742 5
9.264796171006735 -9.035740526180543 5
11.53255773538648 9.110672785581329 5
-11.41304347826091 -9.058668039364743 5
4.891304347826003 -9.058668039364745 5
15.89777359620603 9.118287372252132 5
-15.91374825594102 -9.054353441713662 5
2.802123471992372 9.094742249241031 5
23.42380119963421 9.17140137561249 5
-23.32038918666542 -9.023423115063636 5
23.32829081026904 -9.023744506133383 5
-23.34021155729412 9.083279382513227 5
-17.93308475308796 9.055102488442998 5
-18.47721512584628 8.106400534966006 5
-17.38103724439289 8.106135151809351 5
-17.92520321779568 7.155003754505171 5
-19.02462595123085 7.152860526115818 5
-18.47147708236666 6.2010610480097 5
-17.37150488380403 6.204938892221807 5
-17.91803303801912 5.250328491741575 5
-16.81803475211735 5.254326626709499 5
-17.3645667424775 4.299693652833829 5
-16.26456301489181 4.303708370285547 5
-16.81112528689044 3.349074985488143 5
-15.71109841833046 3.353091895546013 5
-16.25766848016669 2.398472996388096 5
-15.15763086122203 2.402478470550948 5
-15.70418344760629 1.447868482717712 5
-14.6041581066903 1.451865133180973 5
-15.15067951022787 0.4972378037703052 5
-14.05068133513713 0.5012474495239817 5
-13.50415872120757 1.455874721892796 5
-12.95068661976204 0.5052587699457285 5
-12.40416445426587 1.459886270375462 5
-11.85069333409639 0.5092706961073814 5
-11.30417145088582 1.463898314814067 5
-10.75070049730933 0.5132828058849739 5
-10.20417877309558 1.467910488905062 5
-9.650707789600323 0.517294967871867 5
-9.104186085992442 1.471922659228796 5
-8.550715101852187 0.5213071379345205 5
-8.004193402378286 1.47593483096384 5
-7.450722418012369 0.5253193095804404 5
-6.904200719209149 1.479947002879363 5
-6.350729734898096 0.5293314815182296 5
-5.804208036296481 1.483959174898378 5
-5.250737051947847 0.5333436535221141 5
-4.704215353372529 1.487971346912743 5
-4.150744369022702 0.5373558255360364 5
-3.604222670451867 1.491983518928438 5
-3.050751686101935 0.5413679975516514 5
-2.504229987532579 1.495995690944752 5
-1.95075900318248 0.545380169567854 5
-1.404237304613341 1.500007862961023 5
-0.8507663202639809 0.5493923415829083 5
-0.3042446216942662 1.504020034977098 5
0.2492263626536116 0.5534045135938523 5
0.7957480612246243 1.508032206992481 5
1.349219045573745 0.557416685612192 5
1.895740744144095 1.512044379009593 5
2.449211728494054 0.5614288576254435 5
2.995733427063317 1.516056551024938 5
3.549204411413421 0.565441029641089 5
4.095726109982528 1.520068723040967 5
4.649197094332632 0.5694532016563847 5
5.195718792901711 1.524080895057067 5
5.749189777251811 0.5734653736724959 5
6.295711475820887 1.528093067073312 5
6.849182460170955 0.5774775456964597 5
7.395704158740048 1.532105239091529 5
7.949175143090117 0.5814897177143685 5
8.495696841659216 1.536117411107792 5
9.049167826009283 0.5855018897313502 5
9.595689524578384 1.540129583124212 5
10.14916050892845 0.5895140617477949 5
10.69568220749755 1.544141755140569 5
11.24915319184766 0.5935262337534618 5
11.79567489041673 1.548153927155116 5
12.34914587476684 0.597538405767707 5
12.8956675733359 1.552166099170789 5
13.44913855768597 0.6015505777938398 5
13.99566025625506 1.556178271189423 5
14.54913124060513 0.6055627498121752 5
15.09565293917423 1.560190443205662 5
15.6491239235243 0.6095749218288063 5
-3.597273384673717 -0.4132596958460827 5
15.10260222495519 -0.3450527715643481 5
10.70263149327726 -0.3611014596377448 5
6.30266076160054 -0.377150147721023 5
1.902690029923001 -0.393198835779478 5
-7.997244116580203 -0.4293083838213286 5
-12.39721501002899 -0.4453570061010486 5
-16.25070246060548 0.4932430486086159 5
-15.69720071203152 -0.4573894524112344 5
16.20259490787436 -0.341040599547988 5
16.19564562209341 1.56420261522203 5
-16.79721033628853 -0.4613918052884031 5
15.65607320930526 -1.295668292941134 5
16.75606589222442 -1.291656120924809 5
-16.2437200239938 -1.412018266352414 5
-17.343729333277 -1.416020878856015 5
-7.457671703600873 2.430562524273124 5
-4.15769365480203 2.442599040305441 5
-0.8577156060442076 2.454635556354134 5
16.20954419365533 -2.246283814317959 5
17.3095368765745 -2.24227164230164 5
-16.79024087453317 -2.36664637653179 5
-17.9110768327789 3.345068505935298 5
15.10955151073049 -2.250295986342944 5
-10.75764975317154 2.418526008553213 5
3.542255125632469 2.470684244418974 5
7.942225857309158 2.486732932484695 5
12.34219658898583 2.502781620549287 5
-17.8902236388964 -2.370664215439771 5
17.8560585751436 -1.287643948908481 5
15.64217463774334 2.514818136598872 5
16.74216732066251 2.518830308615202 5
-15.16457102281091 4.30772037879817 5
18.40952955949366 -2.238259470285325 5
17.86300786092456 -3.192887163678484 5
-18.44375847597788 -1.420063808607146 5
-17.33675799249752 -3.321276668194935 5
-16.23676607301285 -3.31726406313601 5
-18.43674000854129 -3.325294949075508 5
18.96300054384373 -3.18887499166217 5
16.18869633631245 3.469445829992048 5
17.28868901923162 3.473458002008353 5
17.84216000358168 2.522842480631504 5
18.38868170215079 3.477470174024653 5
18.94215268650084 2.526854652647802 5
18.95605125806278 -1.28363177689216 5
19.48867438506996 3.481482346040952 5
-19.57142638404668 6.19718898449308 5
18.41647884527462 -4.143502685055324 5
19.51647152819379 -4.139490513039012 5
-16.78328713538878 -4.271892117398885 5
-15.68329447367612 -4.267879933356133 5
-1.397288018834767 -0.4052353518158535 5
1.342269759794054 2.462659900386585 5
10.14221122314748 2.494757276517346 5
5.742240491470824 2.478708588451441 5
8.502646127438801 -0.3691258036723607 5
4.102675395762585 -0.3851744917505515 5
17.31648616235545 -4.14751485707164 5
-10.19722948831279 -0.4373327254645462 5
-5.797258750519022 -0.4212840398783711 5
18.93520340071991 4.432097867417805 5
16.73521803488157 4.424073523385203 5
15.6352253519624 4.420061351368899 5
20.04214536942001 2.530866824664095 5
20.03519608363907 4.436110039434108 5
20.0629932267629 -3.184862819645862 5
17.86995714670551 -5.098130378448479 5
16.76996446378635 -5.102142550464801 5
19.48172509928902 5.386725560810957 5
20.61646421111296 -4.135478341022706 5
20.06994251254385 -5.090106034415856 5
-15.13677277863915 -3.313252237959436 5
-14.58330169238226 -4.263867817143769 5
-15.12982337396878 -5.218495520169999 5
-14.02983067182301 -5.214483359062227 5
-13.48330897004723 -4.259855667488019 5
-12.9298379791301 -5.21047119259249 5
-12.38331627892979 -4.255843500124614 5
-11.82984529321559 -5.206459022277817 5
-11.28332359414501 -4.251831329169114 5
-10.72985260948625 -5.202446850723634 5
-10.18333091077988 -4.24781915740835 5
-9.629859926357714 -5.198434678828654 5
-9.083338227751479 -4.243806985456571 5
-8.529867243385439 -5.194422506845037 5
-7.98334554480525 -4.239794813458179 5
-7.429874560452903 -5.190410334838877 5
-6.883352861879338 -4.235782641448264 5
-6.329881877530376 -5.18639816282704 5
-5.783360178958477 -4.23177046943548 5
-5.229889194610359 -5.182385990813779 5
-4.683367496038878 -4.227758297421982 5
-4.129896511690971 -5.178373818800164 5
-3.583374813119595 -4.223746125408306 5
-3.02990382877174 -5.174361646786458 5
-2.483382130200391 -4.219733953394586 5
-1.929911145852548 -5.170349474772731 5
-1.383389447281205 -4.215721781380855 5
-0.8299184629333669 -5.166337302758997 5
-0.2833967643620253 -4.21170960936712 5
0.2700742199858118 -5.162325130745263 5
0.8165959185571534 -4.207697437353382 5
1.370066902904991 -5.158312958731527 5
1.916588601476332 -4.203685265339647 5
2.470059585824169 -5.154300786717791 5
3.01658128439551 -4.199673093325914 5
3.570052268743348 -5.150288614704055 5
4.116573967314689 -4.195660921312178 5
4.670044951662526 -5.14627644269032 5
5.216566650233868 -4.191648749298444 5
5.770037634581705 -5.142264270676586 5
6.316559333153047 -4.187636577284708 5
6.870030317500884 -5.13825209866285 5
7.416552016072225 -4.183624405270973 5
7.970023000420063 -5.134239926649114 5
8.516544698991403 -4.179612233257237 5
9.069969443387574 -5.117550429656296 5
9.61652967525197 -4.173487173746987 5
10.16995313520504 -5.11107322222996 5
10.7165195752111 -4.168712014581734 5
11.26999009573226 -5.119200371434622 5
11.81651917390494 -4.166595898245809 5
12.3699913108819 -5.117527428903582 5
16.1817470505315 5.374689044762053 5
15.08175436761234 5.370676872745753 5
20.58171778220819 5.390737732827263 5
17.32343544813642 -6.052758071841641 5
16.2304758218288 -6.052675430888627 5
-17.35074558883665 0.489228455494899 5
-12.95763548897272 2.410501810647041 5
0.2631249342092983 -3.257081915975249 5
15.67114395696911 -5.105472253652898 5
12.90261685911557 -0.3530771156313915 5
15.12345008229808 -6.060782415874286 5
-16.271526927235 6.209043785208829 5
-3.576425527343079 -6.128989340178338 5
21.13518876655836 4.440122211450419 5
21.16993519546302 -5.08609386239955 5
-14.57635236435913 -6.169111055877485 5
-15.67634504627243 -6.173123228461774 5
-12.37636699155921 -6.161086715798864 5
21.16298590968208 -3.180850647629563 5
-10.17638162491667 -6.153062372227557 5
-7.97639625902349 -6.145038028231181 5
-5.776410893181652 -6.137013684205682 5
-0.2764474785855304 -6.116952824137139 5
1.923537887252829 -6.108928480109668 5
4.123523253091185 -6.100904136082199 5
6.323508618929544 -6.092879792054728 5
8.586147596894989 -6.078188519857468 5
10.72347935060626 -6.076831103999784 5
20.62341349689391 -6.040721555792706 5
20.02824679785812 6.341353254204101 5
18.92825411493896 6.337341082187805 5
21.1282394807773 6.345365426220436 5
10.16305753317943 -3.220548153383552 5
12.91651443148718 -4.1632896070896 5
12.36304368414945 -3.212739064310333 5
7.963073714643565 -3.228996711879097 5
5.76308834880521 -3.237021055906566 5
3.563102982966851 -3.245045399934036 5
-1.936860431629042 -3.265106260002714 5
-4.136845797467399 -3.273130604030184 5
-6.336831163306222 -3.281154948057392 5
-8.536816529151071 -3.289179292081185 5
-10.73680189510305 -3.297203636039704 5
-12.93678726300503 -3.305227978899524 5
14.53523266904322 4.416049179352598 5
13.98176168469317 5.36666470072945 5
14.52828338326228 6.321292394122602 5
13.42829070034311 6.317280222106298 5
12.881769001774 5.362652528713136 5
12.32829801742394 6.313268050089988 5
11.78177631885483 5.358640356696829 5
11.22830533450477 6.309255878073678 5
10.68178363593567 5.354628184680521 5
10.1283126515856 6.305243706057365 5
9.581790953016498 5.350616012664208 5
9.028319968666434 6.301231534041055 5
8.481798270097327 5.346603840647898 5
7.928327285747264 6.297219362024744 5
7.381805587178157 5.342591668631587 5
6.828334602828096 6.293207190008435 5
6.281812904258988 5.338579496615279 5
5.728341919908928 6.289195017992127 5
5.181820221339819 5.334567324598972 5
4.628349236989759 6.285182845975819 5
4.08182753842065 5.330555152582663 5
3.52835655407059 6.281170673959511 5
2.98183485550148 5.326542980566357 5
2.428363871151422 6.277158501943206 5
1.881842172582311 5.322530808550052 5
1.328371188232254 6.273146329926902 5
0.7818494896631415 5.318518636533748 5
0.2283785053130845 6.269134157910598 5
-0.3181431932560271 5.314506464517443 5
-0.8716141776060848 6.265121985894291 5
-1.418135876175196 5.310494292501137 5
-1.971606860525254 6.261109813877987 5
-2.518128559094365 5.306482120484832 5
-3.071599543444423 6.257097641861681 5
-3.618121242013534 5.302469948468526 5
-4.171592226363592 6.253085469845375 5
-4.718113924932704 5.298457776452219 5
-5.271584909282762 6.249073297829068 5
-5.818106607851874 5.294445604435914 5
-6.371577592201931 6.245061125812765 5
-6.918099290771043 5.290433432419611 5
-7.471570275121101 6.241048953796462 5
-8.018091973690211 5.286421260403307 5
-8.571562958040269 6.237036781780156 5
-9.118084656609382 5.282409088387003 5
-9.671555640959438 6.233024609763852 5
-10.21807733952855 5.278396916370699 5
-10.7715483238786 6.229012437747548 5
-11.31807002244772 5.274384744354396 5
-11.87154100679777 6.225000265731247 5
-12.41806270536702 5.270372572373189 5
-12.97153368971709 6.220988093755892 5
18.39563098793173 1.572226959254654 5
19.47477581350806 7.291968775580949 5
21.72340617981308 -6.036709383776397 5
22.26992787838219 -5.082081690383248 5
-1.425085161956144 7.215737507271141 5
-4.725063210713651 7.203700991222224 5
16.78511898228081 -7.002608483437247 5
17.87827397127207 -7.002577379585554 5
-8.025041259471161 7.191664475173312 5
-9.664606355178496 4.327781394993846 5
-11.86459172101686 4.319757050967095 5
-12.96458440419876 4.31574487921646 5
-6.364628306420986 4.339817911042761 5
-3.064650257663476 4.351854427091677 5
0.2353277910940313 4.363890943140595 5
20.60951492533202 -2.230235126252714 5
21.7095076082512 -2.226222954236416 5
21.15603662390115 -1.275607432859564 5
2.435313156932369 4.371915287173203 5
4.635298522770711 4.379939631205817 5
6.835283888609048 4.387963975238417 5
9.035269254447382 4.395988319271046 5
11.23525462028573 4.404012663303671 5
-15.14372411974979 -1.408007917619513 5
-20.12491696086837 7.147586432629026 5
-20.67146696786595 6.19302061338081 5
-20.11802554139255 5.242388225274488 5
-21.21803371417309 5.23838181881556 5
-20.66459803278725 4.287745953911866 5
-21.76459427575562 4.283771116018234 5
-21.21116084298578 3.333133005898669 5
-21.77146746988289 6.189019988441723 5
-20.11116845960554 3.337100834681666 5
-20.657727971726 2.38249425741779 5
-21.75772103716879 2.378524941461174 5
-21.20428744841271 1.427887702263389 5
-20.1042946027791 1.431856571681711 5
-20.65085392270348 0.4772503383495835 5
-21.75084677648689 0.4732814545173861 5
-21.197413223828 -0.4773558562300818 5
-19.55086108675532 0.4812191865111364 5
-19.00430179775346 1.435825356761997 5
-12.42499074153653 7.169789911039109 5
-13.52498640052984 7.166593671082877 5
-14.07152332704744 6.216140931263256 5
-14.6249791332622 7.162590915557286 5
22.25602930682032 -1.271595260843277 5
21.70255832247029 -0.3209797394664175 5
20.60256563955112 -0.3249919114826956 5
21.14908733812026 0.6296357819104484 5
-10.2249990445203 7.176078474718161 5
22.22943120654391 0.6222079464204329 5
21.69233423427349 1.582356807385877 5
1.874951846951795 7.211609279188726 5
22.97197245264421 1.582336045772333 5
22.24213073525856 2.538891168696716 5
-15.12291190496368 -7.113362357279767 5
-16.22291089488839 -7.115645130628561 5
-16.77634508298679 -6.175117771183062 5
-14.02292204661817 -7.108575589531942 5
-17.32290913086029 -7.11813456782873 5
-17.87633991704728 -6.178539882512451 5
-18.4229030978118 -7.121794607259474 5
-18.97633317249539 -6.182395022314961 5
-19.52285496648823 -7.136996543671629 5
-20.07631914846228 -6.188245983026565 5
-19.52979631616197 -5.233929116423535 5
-20.62978769230095 -5.238299557685064 5
-21.17630917307557 -6.192986962618239 5
-21.72977971437245 -5.242492909169767 5
-21.18325794195929 -4.287885460432825 5
-22.28325050243021 -4.291931203134231 5
-21.73672872417431 -3.337325356249905 5
-20.63673604125513 -3.333313184236145 5
21.17688448124398 -6.991337077169554 5
20.076968114399 -7.016272360868094 5
22.26711002417527 -6.993011566544519 5
17.3394123296428 -7.983276116988703 5
4.074942271838259 7.218246614911771 5
-22.27611774982541 -0.4881617523389936 5
6.27493249133956 7.224940259830426 5
8.474922502747511 7.231690956430135 5
18.37487309450517 7.263291746422162 5
10.67491230330612 7.238499460307724 5
12.87490189021049 7.245366540462084 5
-21.74042450490068 -1.433089840423136 5
-20.64335088382958 -1.428193736838883 5
-22.99719072077842 -1.496653817743898 5
13.46303683567313 -3.20885536885591 5
12.90956596893077 -2.258272090018225 5
11.80957330561715 -2.262289635791373 5
20.04909465520108 0.6256236098941751 5
15.66302249508529 -3.200911507712561 5
17.28173973345067 5.378701216778354 5
16.72826874910063 6.329316738155203 5
18.40258027371269 -0.3330162555153213 5
13.46998584494768 -5.114022775265783 5
12.92346421789745 -6.068670076471432 5
22.23196131071627 -3.194897475440939 5
-22.24574431245977 -6.179359792004914 5
-21.71778311390853 -7.132291828153254 5
-22.96620833439024 -7.046621146591937 5
-22.26982086481949 -8.129615373210457 5
-18.96937380243509 -8.090402963140582 5
-20.06936648535427 -8.094415135154298 5
-16.64110751139327 -8.073263949409204 5
-14.42432382195388 -8.070260188134728 5
-23.04682441507932 0.4779719476203723 5
18.77488668149288 8.192260873432584 5
20.02129751207718 8.246596468974118 5
-22.83672140709349 -3.341337528263662 5
-23.35234741523235 -4.263949065810994 5
18.43200075311351 -7.965871100474873 5
20.63571436671086 -8.009494758542626 5
16.23039205099826 -7.962013458627999 5
17.89888228721507 -8.959276688778822 5
19.5355663164965 -8.043630950706607 5
-12.99569609866538 8.112166733313883 5
-19.57292688983528 8.102357261343311 5
-16.82539393172806 7.156629401198593 5
-18.45085099777848 0.4851978296029761 5
-18.99737082931577 -0.4694264487219253 5
-17.90429969374929 1.43984102305092 5
-18.45774251699586 2.390431510230581 5
-15.72498839666297 7.160080898919503 5
-19.01802904360697 5.246387030013862 5
-19.56460260716106 4.291722455676514 5
-18.46458226712804 4.295710594050306 5
-21.22490473369579 7.1427580783322 5
-22.32007047020012 7.140919037816819 5
-22.87782834717223 6.199661697587485 5
-21.77834321827992 8.094255673630187 5
-15.1715177689706 6.211423469341082 5
-15.18838967592851 8.108271105486605 5
-22.31908903383153 5.236845308717569 5
-22.83264935461259 4.298903506266138 5
-23.38777134968464 5.254884307501582 5
-23.96650285391324 4.251453430046035 5
-16.8042619527932 1.443873240606506 5
-22.27371568909042 3.351043681030703 5
-23.01866271645104 2.457268017740667 5
-17.89727897178442 -0.4653866593479212 5
-19.54377411581572 -1.424056824060796 5
-14.61110188239718 3.357105021838017 5
-15.71804359287252 5.258095143298942 5
-14.06457781189338 4.311732682569207 5
12.35609514612642 -1.307700856399825 5
13.45608781172963 -1.303683938165003 5
11.25610244916074 -1.311709177831866 5
14.01603439185494 -6.060496209612817 5
13.46827562037219 -7.014433555189477 5
12.3754995880454 -7.022580218420549 5
12.95934072365213 -8.003673574068642 5
14.05191612592509 -7.952684618326377 5
11.87587712688253 -8.025518469227736 5
14.65458781995034 -8.916253709978307 5
15.15455037815585 -7.966014346116028 5
14.56893719769125 -5.109310704780549 5
14.56302976322492 -3.204910265931919 5
-14.05763070066049 2.406490133946349 5
-14.59720373960099 -0.4533797163515143 5
-14.04373018502396 -1.403996455477174 5
-13.49720890602438 -0.4493686206375923 5
-12.94373696202715 -1.399984570178223 5
-11.84374395991377 -1.395972549839382 5
-12.39026564789 -2.350600246755243 5
-11.29027290966132 -2.346588100800505 5
-19.55773678126411 2.386461993145749 5
-12.4111134814247 3.365129382030991 5
-11.31112074711571 3.369141533720127 5
21.14159225193666 2.534561218694148 5
-14.59025148055474 -2.358624337460226 5
21.68856878417469 3.489453727075849 5
22.78592413037686 3.486036611998481 5
22.23471157111353 4.442878514618523 5
23.34321106472446 4.379551326109405 5
22.78944718673852 5.379861797953645 5
21.68292282518206 5.39139054688452 5
22.20175801304548 6.361678621913168 5
21.67044404464475 7.275936379279522 5
22.74800020196226 7.31108670175848 5
22.08277904535782 8.204524229608433 5
-20.09736582737771 -0.4734016616135961 5
19.50257295663194 -0.3290040834989645 5
-18.42980233714652 -5.230272287760651 5
20.05604394098197 -1.279619604875864 5
20.58856094013312 3.485432727893262 5
-18.98327112802698 -4.279771738780526 5
11.29924873133529 -7.04377991588795 5
10.83218031339811 -8.086814559282402 5
13.97490826883257 7.245623845308213 5
15.07490723892583 7.247912301227448 5
14.41376210636684 8.162359704878348 5
19.52343353332044 -6.048220913089382 5
-16.22981730316899 -5.22217140892247 5
14.55608052108992 -1.299679015166095 5
15.08870365339328 3.465433657975733 5
13.98871097047411 3.461421485959434 5
17.83521071780073 4.428085695401505 5
18.38173241636985 5.382713388794653 5
-11.27637430815932 -6.157074544057812 5
-10.72293400189319 -7.099279158822669 5
-9.622942544210982 -7.094931057001049 5
-10.0417172382659 -8.062307795953082 5
-11.82293179802369 -7.101889512955374 5
-3.625025096471531 7.195257535060624 5
-4.233758486241572 8.146462589596069 5
-5.330300419395991 8.139036622809773 5
-10.76459903983916 4.323769223667808 5
-10.21112805592182 3.373153702462638 5
-9.111135371190809 3.377165873760607 5
-9.657657070975095 2.422538180858366 5
-8.564613672319719 4.331793567034085 5
-8.011142687986673 3.381178045663961 5
-20.08326541300671 -4.283750011630083 5
-19.53679278509073 -3.329233304891597 5
-11.85764246840008 2.41451384933651 5
19.50952224241284 -2.234247298269015 5
-10.74375120287307 -1.39196041134826 5
-10.19028020517174 -2.342575938719296 5
11.24220390606666 2.498769448533268 5
10.6887329217166 3.449384969910435 5
9.588740238797428 3.445372797894175 5
11.78872560463577 3.453397141926618 5
12.3352473032049 4.408024835319951 5
-5.264635623501817 4.343830083059064 5
-5.81115732207093 3.389202389665911 5
-4.711164639151815 3.393214561682227 5
-11.83679459812237 -3.301215798631451 5
0.7749637289524591 7.206345570998479 5
1.257230751201921 8.137348138031832 5
4.663095665886031 -3.2410332279203 5
5.209617364457373 -2.286405534528424 5
6.309610047376553 -2.28239336251469 5
5.756139063029125 -1.331777841132415 5
6.8561317459483 -1.327765669114673 5
4.656146380110081 -1.335790013145803 5
4.109624681538286 -2.29041770654141 5
3.009631998619031 -2.294429878555766 5
3.556153697190942 -1.339802185159334 5
2.456161014271551 -1.3438143571734 5
1.909639315699901 -2.298442050568877 5
1.356168331350508 -1.347826529186076 5
0.8026973469991403 -0.3972110078023411 5
0.2561756484307433 -1.351838701201239 5
0.8096466327800527 -2.302454222581683 5
3.53530583985154 4.375927459189509 5
4.088776824201593 3.425311937812559 5
5.188769507120765 3.429324109828812 5
2.988784141282422 3.421299765796246 5
1.888791458363239 3.417287593779977 5
-0.3250281931467397 7.202124809619851 5
-0.9468051891806537 8.156024678252669 5
-2.043346470123202 8.147682563536343 5
13.442189271905 2.506793792565764 5
-9.076394259247568 -6.147592394126442 5
-8.522950951706928 -7.090619929004416 5
-7.422953477617805 -7.087921320872644 5
-7.969446973243275 -8.050281243003308 5
7.935276571528218 4.391976147254739 5
7.388754872959105 3.43734845386156 5
5.223515936010363 -6.096891964068464 5
5.776986920358202 -7.047507485446605 5
6.909037063781999 -7.061848120383833 5
6.348144572855833 -8.00828368888695 5
7.430450587625222 -7.994110834811009 5
8.158307229654735 -9.017056465911606 5
8.682637755140394 -8.070333013748007 5
8.083214378802593 -7.074581178794713 5
9.175672424367249 -7.093689155064745 5
5.248659557315057 -8.011592314248411 5
-0.8646648918251392 4.359878771124289 5
-0.3111939074750861 3.409263249747392 5
-1.411186590394262 3.4052510777311 5
-1.957708288963396 2.450623384337919 5
-0.8368677487098839 -3.261094087988989 5
-1.390338733057924 -2.310478566605637 5
-2.49033141598093 -2.314490738621407 5
-1.943809717406235 -1.359863045217063 5
-3.043802400330336 -1.36387521722834 5
0.8235452043336493 -6.112940652123404 5
1.377009320294619 -7.061673109845985 5
2.477005811129061 -7.058704930690728 5
1.930487173029325 -8.014171694879689 5
0.2770154926442936 -7.065371437917124 5
-0.822982145297128 -7.068025121762512 5
-0.2694981928090371 -8.022196038907158 5
2.463110300047687 -3.249057571947623 5
9.06306485523589 -3.224561689537929 5
9.609588096134077 -2.270356846473484 5
4.680026626693722 -7.053095846695332 5
4.14995109991608 -8.015157490974959 5
-4.164642940582654 4.347842255075372 5
-3.61117195623266 3.397226733698537 5
-5.833646875035035 7.187074145505797 5
-6.911150004995265 3.385190217651663 5
-6.357679020648931 2.43457469627625 5
0.7887987754440666 3.413275421763649 5
2.442262442713266 2.466672072402719 5
-2.497280701754911 -0.4092475238313056 5
-4.143795083250952 -1.367887389244731 5
5.202668078681128 -0.3811623197368186 5
-7.436823846227155 -3.285167120070134 5
-6.890302147654038 -2.330539426679262 5
-5.790309464737022 -2.326527254667124 5
-6.34378044908425 -1.375911733282046 5
-7.443773132040008 -1.379923905280272 5
-7.990294830580262 -2.334551598689135 5
-8.543765814966109 -1.383936077292498 5
9.574940430930436 7.22878178875802 5
10.02825412248848 8.153654036592878 5
-11.29722224875572 -0.4413448651268135 5
0.2422770768748642 2.458647728370223 5
4.642247808551647 2.47469641643497 5
11.80262416904908 -0.3570873283299432 5
10.15610978996111 -1.315727852524825 5
3.023530060093405 -6.104776462963088 5
-2.535823228968037 7.194082024862003 5
5.174957103434107 7.216186419595454 5
5.64274423893236 8.145158340008665 5
6.288762190039936 3.433336281845119 5
6.863081031724388 -3.233008883892832 5
-1.964657574744311 4.355866599107977 5
7.402653444520633 -0.3731379756834358 5
7.95612442886886 -1.323753497074827 5
-4.67641821026234 -6.133001512192022 5
-4.122965646640721 -7.078566735609113 5
-3.022957613116283 -7.078763145229634 5
-3.569476241566569 -8.034232554948364 5
-2.46948355864739 -8.030220382934628 5
-2.476433356110735 -6.124836882110131 5
-3.036853114552916 -3.269118432013619 5
7.456993496055013 -6.09666493940045 5
-6.897251433522325 -0.425296211860558 5
10.13526193736655 4.400000491287342 5
-9.12500176480294 7.178830370664045 5
-8.610217474064033 8.130464825909639 5
-7.526000859416451 8.136026548165519 5
5.735291205689879 4.383951803222069 5
20.59497958663373 1.579880562303284 5
-3.590324098901626 -2.318502910632883 5
1.335320474013193 4.36790311515687 5
-1.37644240814256 -6.12034904918071 5
7.409602730296094 -2.27838119049389 5
1.363117617128404 -3.253069743961077 5
-7.464620989357176 4.335805739033201 5
3.002682712842592 -0.3891866637660386 5
-6.934357233884926 7.181795239437529 5
-9.097236801525439 -0.4333205550152613 5
9.042218540228321 2.49074510450102 5
-5.236838480389204 -3.277142776045197 5
-8.557664387020695 2.426550352458115 5
17.82827642600584 6.329218100647751 5
11.7749316741201 7.235194775296724 5
12.22100825453603 8.158007839268059 5
3.580750868738199 -7.056607838190885 5
-13.47636645712625 -6.163240387090513 5
-5.222961399680987 -7.081737191295979 5
-6.322963577977622 -7.083146073791568 5
-5.769461607404912 -8.042256898975833 5
2.974965026429125 7.210002035109659 5
3.449988501503329 8.141014638669752 5
17.30258759079352 -0.3370284275316577 5
16.74911660644346 0.6135870938451793 5
-6.876406144005477 -6.140321829574822 5
-1.922976625460971 -7.071544554189605 5
7.374948906140837 7.222446006756297 5
7.835499448253417 8.149371174000981 5
14.00260953586357 -0.3490632521534703 5
-5.257686337720881 2.438586868289062 5
-9.636809213574319 -3.293191463402326 5
15.62829309236386 6.320636601757522 5
8.509595156160076 -2.274298543426989 5
14.54218195482417 2.510805964582481 5
11.82694554908309 -6.074764852519651 5
-11.32498992021726 7.171570827633328 5
-10.80293620185181 8.115706249745273 5
-15.69024589174725 -2.362635533176564 5
-17.88327788472035 -4.275837940695912 5
15.1165162997153 -4.155354430593976 5
17.29563830501256 1.568214787238339 5
13.43523998612406 4.412037007336284 5
22.82388864432648 -6.064716346535144 5
23.3738797619947 -5.132892417520315 5
22.80958129019027 -4.172174061783902 5
19.49551754299487 1.576177341106972 5
11.26304900851922 -3.216204906795426 5
21.71194670728856 -4.138939867175623 5
16.76301517800523 -3.196899335695041 5
17.27489790456973 7.254483629961499 5
16.17492171688776 7.245949059566192 5
16.72131946331978 8.234559952925208 5
-2.51117927331344 3.401238905714819 5
18.96995194951563 -5.094699403978893 5
12.88871828755494 3.457409313942889 5
-12.92293692916528 -7.102489114566937 5
-12.23302297908945 -8.065640411945557 5
22.80255100538946 -0.3169675674501429 5
23.35952897490263 -1.209040899645495 5
16.21669142598612 -4.151382489198485 5
-17.32981078054633 -5.225890372332067 5
21.73044793271858 -7.954371209726366 5
22.80760681718153 -7.997598143667777 5
6.842233174389993 2.482720760467942 5
10.70958003042862 -2.266139428800087 5
-22.78674958814313 -5.219170129022646 5
-3.057700971882661 2.446611212321651 5
18.94908428430582 0.6216011395171639 5
-20.6220443214616 -7.128046269359786 5
18.42365852739262 -6.049291261357686 5
22.80371484945113 -2.214700008437317 5
18.97831686933235 -7.020977327680365 5
8.488747555878268 3.441360625877872 5
17.84910634136663 0.6175975494680594 5
-14.03678007163284 -3.30924008295217 5
20.5741441977172 7.265864579928087 5
-0.2903460501392141 -2.306466394590082 5
-13.49025860168895 -2.354612278620426 5
-0.8438170344875124 -1.355850873200057 5
-4.697266067596677 -0.4172718678644237 5
9.602638809566145 -0.3651134149097485 5
-5.243787766165823 -1.371899561275508 5
-9.090287515214087 -2.338563769917337 5
-0.2972953359172444 -0.4012231798051274 5
-9.643758504677205 -1.387948246292866 5
9.056117068021511 -1.319729326347039 5
-4.690316781821116 -2.322515082652057 5
14.01633672878991 -4.159290525419622 5
14.00955873522981 -2.254282777413349 5
-13.51110695421958 3.361117280433267 5
-13.51805500157219 5.266221231438089 5
-14.61804808752784 5.26188897278479 5
-22.36376925637322 1.439147328354349 5
-23.3635374202726 1.506456406111496 5
-19.01115157748892 3.341082648953352 5
-22.29053189302641 -2.386543942714838 5
-21.18972552840658 -2.382838183780269 5
-18.99031169126256 -2.374646024048921 5
-20.09011517427671 -2.378713542976101 5
-17.35776666833162 2.39444128342871 5
22.27035290702116 -8.991489453693681 5
23.97782869026474 -8.190342086209318 5
3.030468361505741 -8.007008161739007 5
-22.28260869565213 9.058668039364738 5
12.49131015105888 -9.046264853557826 5
-16.83964073112604 9.053374053579372 5
-20.10869565217389 9.058668039364758 5
20.10337806605523 -9.033396160670824 5
10.32904730175468 -9.07210326062553 5
5.978260869565131 -9.058668039364747 5
3.804347826086875 -9.058668039364745 5
1.630434782608623 -9.058786486037649 5
-20.67553074284581 8.095020400501676 5
-22.8456712061486 8.112126364245468 5
-24.00752971645444 8.245590598502718 5
0.8304532797889339 -8.006885484960055 5
-0.5674310558214566 -9.055765900878001 5
-16.28295487202295 8.105349130110508 5
-23.91642370653209 -5.242825410401773 5
-14.65534178056853 9.054456848416574 5
23.98435427214206 -4.207572736881334 5
24.0601430739768 -2.120650676863978 5
24.08839431180586 1.05263157894737 5
-24.07996020158077 -1.046441696395637 5
24.08839431180588 2.105263157894735 5
24.02830595532504 5.295674527690748 5
-24.04613984021596 -2.08144761443112 5
23.97082899165368 7.351933308007283 5
-24.06008277553886 -7.442314893998636 5
-1.346369046952147 -8.018525592321573 5
-2.743603351043629 -9.06383071981683 5
-14.08868713303536 8.107350875201035 5
-3.832833009557957 -9.0649978693489 5
-23.39205255112062 7.213174695736646 5
-12.47105788912025 9.056154603781913 5
-4.669579448843534 -8.007942939195527 5
-6.019716796566855 -9.064531891713482 5
16.81720571671118 -8.982159780084395 5
-11.90075165072113 8.115392958212796 5
-6.841486630985335 -8.023380593317857 5
-10.28675291899922 9.057826893249198 5
-8.196798521097492 -9.06948035669218 5
-8.999480014150556 -8.041256347010595 5
-9.708689384732953 8.12171576904572 5
-10.40455748242235 -9.051052280165091 5
-8.127765457897027 9.081992748060321 5
15.70791150183769 -6.991732944645741 5
-11.15300819042589 -8.055628900376375 5
14.58702301674064 -7.007690681627453 5
-12.58364756617071 -9.053464677006398 5
-7.015136946313982 9.06430555089751 5
-13.34534400582417 -8.05860096938933 5
-14.82374625412839 -9.033231624341949 5
-6.427959394990733 8.131025987967337 5
-15.52479144054477 -8.076686115251309 5
-4.846554910545743 9.080792852808132 5
-17.03608185876216 -9.034048040814326 5
-17.82534722389109 -8.042012822657147 5
23.34383823979669 -7.111779603080175 5
-3.736947481846591 9.066531873388609 5
-19.09200363286532 -9.099719870891841 5
-20.11488271929609 -9.250560609082177 5
-24.12550113084283 2.078061252900524 5
-3.138216727413624 8.139057549467809 5
-21.17493339189139 -7.908607329048507 5
-22.27021592334047 -9.242341305527768 5
9.665326267171725 -6.093364813955334 5
24.13900042474931 8.435364602677138 5
-24.14505544531003 -8.421052631578933 5
-1.574816514370234 9.087208696439497 5
-0.4612187371440677 9.06998264678494 5
0.1531094588841847 8.143740652454158 5
1.726917754551175 9.068020285039211 5
2.347696225438286 8.143789437546701 5
3.911220673451446 9.069947168351142 5
10.26673565256925 -7.082856452923756 5
4.539764189633048 8.148227292938733 5
6.095522983469666 9.071991150632989 5
6.731831514672644 8.152788203912284 5
8.279824928463457 9.074084707606715 5
8.923898485991868 8.157393214649867 5
10.46412650360312 9.076228484111926 5
23.22339350174236 2.60553967605529 5
11.11596509890672 8.16204289685977 5
12.64842770397336 9.078423136213889 5
13.30802899966168 8.167381839969103 5
23.21651663759602 0.5618817670026947 5
14.83272856943783 9.080657030697463 5
15.5485521355305 8.155096397813743 5
-23.35231132134481 -8.012605432088719 5
16.84990556842691 9.282303072908418 5
17.81615195051664 8.00065284842124 5
-23.27631596621228 -0.5227343079742137 5
19.14719011921821 9.117145444241954 5
20.11630622191126 9.284481990516165 5
21.108863394742 8.010317939430982 5
22.34362026509906 9.153527463063474 5
9.758511603039402 -8.073589494637496 5
24.25616608391745 4.261235587016391 5
-24.24665721067362 1.05263157894736 5
24.27611598033943 -1.116006106177178 5
-23.22869374327891 -2.511295219479337 5
23.2237885535879 6.409733996154709 5
24.25942002703451 -5.26315789473684 5
23.11800502140939 8.271306280121216 5
-23.18371161269539 -6.020565687664906 5
-24.24833119540894 -4.235664060406973 5
23.22455954124134 -3.255386579201926 5
24.2179075773425 -7.244007199206028 5
-23.22439023786708 3.488694172226218 5
-24.28698012905827 5.260277311356453 5
-24.27074045609206 7.316540435579446 5
-24.1987411495473 9.207497732152435 5
24.1987411495473 -9.207497732152435 5
24.23031420166145 9.240100340313756 5
-24.24685334903238 -9.25404658420052 5
-24.07398937686519 -10 2.487886022456193
24.07398937686523 -10 2.51211397754381
-4.890690763909259 -10 0.9411108758896594
-1.628397355879592 -10 0.94438814713959
-19.0217391304348 -10 4.058668039364745
-14.67447915890987 -10 4.086906742159051
-9.271621864193094 -10 4.150905807313902
2.717391304347757 -10 4.058668039364745
4.890491066896999 -10 0.9126899459574286
7.065217391304252 -10 0.941331960635255
9.237093008053336 -10 4.055611852860412
-21.19361474718388 -10 0.9443881471396018
-16.84975367493902 -10 4.086974322460968
-12.4978062407413 -10 4.086263680684171
-7.063179964575227 -10 0.9443881471395996
0.5434782608694881 -10 0.9413319606352581
13.58695652173907 -10 0.9413319606352613
21.19460077328715 -10 0.913054482456594
11.41304347826078 -10 0.9413319606352643
15.76086956521733 -10 0.9413319606352643
17.93670983839981 -10 0.9135035916129781
-2.718204585276904 -10 4.086943595703425
-17.93229387270576 -10 0.9379536382911278
-10.32734970936895 -10 0.9387619723453466
5.978260869565148 -10 4.058668039364745
-13.58491909500998 -10 0.9443881471395997
-0.541357940579104 -10 4.086327805964386
-15.7661736137551 -10 0.9434342601278193
-5.94565155217159 -10 4.150802870138383
12.50153372284064 -10 4.061024780875663
14.66860899494051 -10 4.056565739872115
19.02112554651787 -10 4.058889124110333
16.84986351368568 -10 4.055611852860384
2.712500584967405 -10 0.8886284287850562
9.239130434782481 -10 0.941331960635255
-21.19460077328717 -10 4.086945517543386
21.19361474718387 -10 4.055611852860428
-23.38070818491605 -10 0.8422673537162475
-23.45414213496557 -10 4.145618668739944
23.45414213496558 -10 0.8543813312600507
23.38070818491606 -10 4.157732646283768
22.28576691498699 -10 4.069967659163969
21.7378180971175 -10 3.107232466320634
20.64140078137828 -10 3.109294780205426
21.18585236959547 -10 2.155546712092346
20.08591231145493 -10 2.160067849767846
22.28579446653509 -10 2.151552269938346
23.02947814588073 -10 3.067265931982238
22.32136016792458 -10 1.003631363491249
15.75868449904706 -10 4.053106508095311
16.3058223559463 -10 3.104422274475808
17.39721607587876 -10 3.110984791007598
16.85762589127448 -10 2.155546712092339
17.95756594941503 -10 2.160067849768111
15.75768379433485 -10 2.151552269938129
15.2086064740992 -10 3.102747158908212
14.11950894349788 -10 3.111373013052639
14.65847637859643 -10 2.180923738179797
13.55920071495173 -10 2.195186234277823
10.32778481212928 -10 4.055102488443008
9.783654439370977 -10 3.106400534966008
8.687699126287086 -10 3.105853044191541
10.88030153145029 -10 3.10921331180336
10.33588676083939 -10 2.155546712092341
11.4358268189799 -10 2.160067849767937
9.235818539833396 -10 2.182911377350013
8.13430866507008 -10 2.155264037151619
7.597082304771938 -10 3.109931204145127
7.037139907686047 -10 2.18687611892125
4.889266921096837 -10 4.055611852860383
5.429909184552919 -10 3.108911039778167
4.340220906588375 -10 3.109929305663738
4.880827407129843 -10 2.186612306795153
3.81416986369765 -10 2.267232632984772
19.02190301051166 -10 0.8846303660739453
-2.719089159955541 -10 0.9448975115569828
-2.173872618344824 -10 1.893226918995871
-1.080156841205948 -10 1.890427020798571
-3.266472205584357 -10 1.888708301973949
-1.62151262405223 -10 2.813551756919322
-0.5543162055518351 -10 2.732293889442473
-2.726296098409122 -10 2.812136537140531
-3.823730002820415 -10 2.806124680836731
12.49931255671518 -10 0.8872105906536045
-8.153871768651175 -10 0.9448975115569909
-7.608655227040451 -10 1.893226918995875
-6.511043252932105 -10 1.890733122206868
-8.706322515617199 -10 1.89076406027886
-7.05813978478124 -10 2.784117395541566
-5.958123412330373 -10 2.806012819511241
-8.159687488188197 -10 2.774066569825872
-9.257775068576898 -10 2.791664053141319
-7.608711864489578 -10 3.768800841126307
1.629619662711892 -10 0.9344418646205466
1.053843668861152 -10 1.990799981682238
1.628397355879461 -10 4.055611852860382
2.199721360741126 -10 3.007403355492738
1.074731961364055 -10 3.110294943230957
-4.88932370415548 -10 4.103075061582459
-22.28576691498699 -10 0.9300323408360438
-21.73781809711744 -10 1.892767533679372
-20.64197755227469 -10 1.891309906099528
-21.18585236959533 -10 2.844453287907659
-22.28579446653497 -10 2.848447730061693
-20.0859123114548 -10 2.839932150232059
-19.54727666096622 -10 1.887783246642361
-18.98975214055778 -10 2.803601177807769
-23.02947814588068 -10 1.932734068017776
-14.67609810964859 -10 0.9468934919046381
-14.12896025274947 -10 1.895577725524137
-13.03325486806845 -10 1.891778271406989
-13.57715671742145 -10 2.844453287907659
-12.47721665928091 -10 2.839932150232067
-11.94406139083769 -10 1.884620177929551
-11.38873521101597 -10 2.774217248661518
-14.67709881436109 -10 2.848447730061691
-15.22749924163939 -10 1.893763617392651
-16.31895431054811 -10 1.883984568597282
-15.78844529020635 -10 2.811874705456585
-16.87068593699173 -10 2.741729861859393
-22.32136016792453 -10 3.996368636508747
10.32713835714753 -10 0.913054482456622
-13.58538570008626 -10 4.101647807655576
-20.10738653974524 -10 0.9418036854573043
-11.41156782434208 -10 4.088461933950752
-1.629216801591802 -10 4.101651250390171
11.41304347826076 -10 4.058668039364735
-17.93270214889843 -10 4.100359056052586
-10.32850355334433 -10 4.092829253728546
-20.1064562782136 -10 4.087490490614868
-12.49705700383062 -10 0.9423055755225032
-15.76484558157988 -10 4.100327150919632
5.976276137389707 -10 0.8995712572121302
-9.23913043478265 -10 0.941331960635255
-5.978260869565275 -10 0.9413319606352436
-3.804347826087024 -10 0.9413319606352237
20.10869565217379 -10 4.05866803936483
3.801717877187343 -10 4.057496589667985
14.67225837258071 -10 0.9131974308535327
16.84896109986656 -10 0.9118471569922342
0.546475772145115 -10 4.114195942315554
3.799773496436138 -10 0.880143585382633
-0.5409825619425597 -10 0.9425627980757398
-3.808025930768004 -10 4.119392134022297
8.150336853370199 -10 4.057001228329914
20.10484281251922 -10 0.879562245723897
8.150594840533273 -10 0.9132342583910023
17.93478260869556 -10 4.058668039364803
7.060833844583499 -10 4.058366842622664
13.58533985861797 -10 4.062420673167559
-16.84890945022376 -10 0.9363101757698915
-11.40969644408211 -10 0.9382866869621478
-19.01661309985209 -10 0.9407919948591039
19.55451230702408 -10 3.111484423504217
-5.429437333368341 -10 1.877097210311987
11.96670788018007 -10 3.111973448086455
-9.788621355124654 -10 1.878358890704155
2.173913043478166 -10 1.882730893504833
-18.46930066567069 -10 1.871594479659987
-0.04185093851918253 -10 1.862903335020179
3.300017845718912 -10 3.136151858687821
5.959942408165354 -10 2.20911804132397
-4.349912586708104 -10 1.875421272476047
18.48115693632771 -10 3.114184621106974
6.508888257185259 -10 3.124600583896205
13.03830885308628 -10 3.125436467336665
-10.86362360393357 -10 1.864032395975487
-17.39638223540559 -10 1.862121240641619
-4.891060539755372 -10 2.775408726388463
19.02173913043499 -10 2.185013498886787
12.4963324268294 -10 2.213410752839204
-10.32449096032778 -10 2.755212939885956
-17.93393457839332 -10 2.762578748768725
-24.12416990104607 -10 1.495930161081695
-24.16573554871198 -10 3.499999999999997
24.165735548712 -10 1.500000000000001
24.12416990104607 -10 3.504069838918312
-23.22174997348048 -10 3.151842520964058
23.22174997348053 -10 1.848157479035949
-6.836658400483977 -10 4.23229459394763
-8.380724183113752 -10 4.232305097741044
2.939016983724812 -10 2.356036708073018
0.3196193724820162 -10 2.652372870076538
-24.30658423238768 -10 4.329123733747987
24.3065842323877 -10 0.6708762662520102
-24.26084369861448 -10 0.7126935222999538
24.26084369861443 -10 4.287306477700064
-2.17391304347834 -10 3.447134759006577
21.67912430204635 -10 1.553883128346034
-14.12913024231857 -10 3.459852855726326
-21.67912430204623 -10 3.44611687165386
9.788097259417157 -10 1.552820943351022
16.30983638985224 -10 1.552820943351052
1.625552508611122 -10 2.497807293477691
-15.23046284090394 -10 3.455504677298964
8.684593963948856 -10 1.554922036269361
15.20981451035973 -10 1.550826966908723
5.421082181210711 -10 1.555119500442303
20.63296412262859 -10 1.554689830838623
4.336626422947521 -10 1.561179445367816
-13.02659813570667 -10 3.444828595517084
-3.27502179639751 -10 3.445476046694381
-20.63089065876547 -10 3.456066884621773
-1.068210721637868 -10 3.439277661836424
-6.490750349725062 -10 3.47227024076531
-8.72651089522174 -10 3.470847653372051
10.88831101749258 -10 1.560722338163665
17.40806899530453 -10 1.556063903943482
-11.93005054490463 -10 3.436117150778708
-19.53339791799568 -10 3.431462989778808
0.005599391866379477 -10 3.404826183144742
3.255021902339088 -10 1.592960861584707
-5.424735286463839 -10 3.457399498104117
-4.351982876726773 -10 3.451146024604741
19.56188305513386 -10 1.537856086842045
18.48464499653332 -10 1.539522549521225
11.95720418253293 -10 1.554837646332528
-9.807294510281492 -10 3.43769194251326
7.584836213223554 -10 1.561443814817952
14.09976256157686 -10 1.565135458494563
-17.39632248145855 -10 3.424754310146727
13.03312816072419 -10 1.559518773872164
-18.46797473295642 -10 3.43023738698656
-10.86638084832804 -10 3.439782449898019
-16.32590272683266 -10 3.433648849865651
6.507415706496605 -10 1.55891011555881
-23.97933480735827 -6.532158654439913 3.807142857142857
-23.97933480735827 -6.990617927361909 4.265602130064853
-23.97933480735827 -7.025015797297056 3.7
-23.97933480735827 -6.425015797297056 4.300000000000001
-23.67933480735827 -7.325015797297056 3.7
-23.07933480735826 -7.325015797297056 3.7
-23.67933480735827 -7.325015797297056 4.3
-23.15586541960316 -7.325015797297056 4.223469387755102
-23.67933480735827 -7.025015797297056 4.6
-23.67933480735827 -6.425015797297056 4.6
-23.07933480735826 -7.025015797297056 4.6
-23.07933480735826 -6.425015797297056 4.6
-23.67933480735827 -6.125015797297056 3.7
-23.07933480735826 -6.125015797297056 3.7
-23.67933480735827 -6.125015797297056 4.3
-23.15586541960316 -6.125015797297056 4.223469387755102
-23.67933480735827 -7.025015797297056 3.4
-23.67933480735827 -6.425015797297056 3.4
-23.07933480735826 -7.025015797297056 3.4
-23.07933480735826 -6.425015797297056 3.4
-22.77933480735826 -6.464062028034249 3.739046230737193
-22.77933480735826 -7.025015797297056 3.7
-22.77933480735826 -6.98766357559851 4.262647778301454
-22.77933480735826 -6.425015797297056 4.3
-18.05625043827689 -4.885199282221162 3.739046230737193
-18.05625043827689 -5.408800829785423 4.262647778301454
-18.05625043827689 -5.446153051483969 3.7
-18.05625043827689 -4.846153051483969 4.3
-17.75625043827689 -5.746153051483969 3.7
-17.15625043827689 -5.746153051483969 3.7
-17.75625043827689 -5.746153051483969 4.3
-17.23278105052178 -5.746153051483969 4.223469387755102
-17.75625043827689 -5.446153051483969 4.6
-17.75625043827689 -4.846153051483969 4.6
-17.15625043827689 -5.446153051483969 4.6
-17.15625043827689 -4.846153051483969 4.6
-17.75625043827689 -4.546153051483969 3.7
-17.15625043827689 -4.546153051483969 3.7
-17.75625043827689 -4.546153051483969 4.3
-17.23278105052178 -4.546153051483969 4.223469387755102
-17.75625043827689 -5.446153051483969 3.4
-17.75625043827689 -4.846153051483969 3.4
-17.15625043827689 -5.446153051483969 3.4
-17.15625043827689 -4.846153051483969 3.4
-16.85625043827688 -4.885199282221162 3.739046230737193
-16.85625043827688 -5.446153051483969 3.7
-16.85625043827688 -5.408800829785423 4.262647778301454
-16.85625043827688 -4.846153051483969 4.3
-12.13316606919551 -3.867290305670882 3.7
-12.13316606919551 -3.828244074933689 4.260953769262807
-12.13316606919551 -3.319583416048847 3.752293110377964
-12.13316606919551 -3.267290305670882 4.3
-11.83316606919551 -4.167290305670882 3.7
-11.23316606919551 -4.167290305670882 4.299999999999999
-11.79411983845832 -4.167290305670882 4.260953769262807
-11.28545917957347 -4.167290305670882 3.752293110377964
-11.23316606919551 -3.867290305670882 4.6
-11.79411983845832 -3.828244074933689 4.6
-11.83316606919551 -3.267290305670882 4.6
-11.33566056553632 -3.369784802011693 4.6
-11.83316606919551 -2.967290305670882 3.7
-11.28783079222758 -2.967290305670882 3.75466472303207
-11.79649145111242 -2.967290305670882 4.263325381916912
-11.23316606919551 -2.967290305670882 4.3
-11.34030892633837 -3.760147448528025 3.4
-11.70102321205265 -3.399433162813739 3.4
-11.23316606919551 -3.267290305670882 3.4
-11.83316606919551 -3.867290305670882 3.4
-10.93316606919551 -3.828244074933689 3.739046230737193
-10.93316606919551 -3.867290305670882 4.3
-10.93316606919551 -3.340500660200032 4.226789645470849
-10.93316606919551 -3.267290305670882 3.7
-6.210081700114131 -2.288427559857796 4.3
-6.210081700114131 -2.138427559857796 3.85
-6.210081700114131 -1.77771327414351 4.210714285714285
-6.210081700114131 -1.688427559857796 3.7
-5.871035469376938 -2.588427559857796 3.739046230737193
-5.310081700114131 -2.588427559857796 3.7
-5.910081700114131 -2.588427559857796 4.3
-5.383292054643282 -2.588427559857796 4.226789645470849
-5.910081700114131 -2.288427559857796 4.6
-5.349127930851324 -2.249381329120603 4.6
-5.836871345584981 -1.761637914386946 4.6
-5.310081700114131 -1.688427559857796 4.6
-5.910081700114131 -1.388427559857796 3.7
-5.871035469376938 -1.388427559857796 4.260953769262807
-5.310081700114131 -1.388427559857796 4.3
-5.347433921812677 -1.388427559857796 3.737352221698546
-5.802938842971274 -2.181284702714939 3.4
-5.310081700114131 -2.288427559857797 3.4
-5.910081700114131 -1.688427559857796 3.4
-5.377501525187018 -1.755847384930682 3.4
-5.010081700114132 -2.288427559857796 3.7
-5.010081700114132 -1.743092282889866 3.75466472303207
-5.010081700114132 -2.251752941774709 4.263325381916912
-5.010081700114132 -1.688427559857796 4.3
7.873296814475264 -7.000097919870425 3.776530612244898
7.873296814475264 -7.487841334604082 4.264274026978555
7.873296814475264 -7.523567307625527 3.7
7.873296814475264 -6.923567307625527 4.300000000000001
8.718632091443194 -7.823567307625527 3.75466472303207
8.173296814475265 -7.823567307625527 3.7
8.209971432558351 -7.823567307625527 4.263325381916912
8.773296814475264 -7.823567307625527 4.299999999999999
8.173296814475265 -7.523567307625527 4.6
8.773296814475264 -6.923567307625527 4.6
8.212343045212457 -6.96261353836272 4.6
8.721003704097299 -7.471274197247562 4.6
8.718632091443194 -6.623567307625527 3.75466472303207
8.173296814475265 -6.623567307625527 3.7
8.209971432558351 -6.623567307625527 4.263325381916912
8.773296814475264 -6.623567307625527 4.299999999999999
8.173296814475265 -7.523567307625527 3.4
8.773296814475264 -6.923567307625527 3.4
8.212343045212457 -6.96261353836272 3.4
8.721003704097299 -7.471274197247562 3.4
9.073296814475263 -6.96261353836272 3.739046230737193
9.073296814475263 -7.523567307625527 3.7
9.073296814475263 -7.486215085926981 4.262647778301454
9.073296814475263 -6.923567307625527 4.3
13.79638118355664 -5.383750792549633 3.739046230737193
13.79638118355664 -5.907352340113894 4.262647778301454
13.79638118355664 -5.94470456181244 3.7
13.79638118355664 -5.34470456181244 4.3
14.09638118355664 -6.24470456181244 3.7
14.69638118355664 -6.24470456181244 4.299999999999999
14.13542741429383 -6.24470456181244 4.260953769262807
14.64408807317868 -6.24470456181244 3.752293110377964
14.13542741429383 -5.383750792549633 4.6
14.69638118355664 -5.34470456181244 4.6
14.09638118355664 -5.94470456181244 4.6
14.64408807317868 -5.892411451434476 4.6
14.13542741429383 -5.04470456181244 3.739046230737193
14.09638118355664 -5.04470456181244 4.3
14.55288888867951 -5.04470456181244 4.156507705122865
14.69638118355664 -5.04470456181244 3.7
14.13542741429383 -5.905658331075247 3.4
14.09638118355664 -5.34470456181244 3.4
14.69638118355664 -5.94470456181244 3.4
14.64408807317868 -5.396997672190404 3.4
14.99638118355664 -5.383750792549633 3.739046230737193
14.99638118355664 -5.94470456181244 3.7
14.99638118355664 -5.907352340113894 4.262647778301454
14.99638118355664 -5.34470456181244 4.3
19.71946555263802 -3.765841815999354 3.7
19.71946555263802 -3.872984673142211 4.192857142857143
19.71946555263802 -4.365841815999354 4.3
19.71946555263802 -4.331443946064208 3.734397869935146
20.09599616488292 -4.665841815999354 3.776530612244898
20.01946555263802 -4.665841815999354 4.3
20.52143348266717 -4.665841815999354 4.201967930029154
20.61946555263802 -4.665841815999354 3.7
20.01946555263802 -3.765841815999354 4.6
20.61946555263802 -3.765841815999354 4.6
20.01946555263802 -4.365841815999354 4.6
20.61946555263802 -4.365841815999354 4.6
20.01946555263802 -3.465841815999354 3.7
20.61946555263802 -3.465841815999354 3.7
20.01946555263802 -3.465841815999354 4.3
20.54293494039312 -3.465841815999354 4.223469387755102
20.01946555263802 -3.765841815999354 3.4
20.61946555263802 -3.765841815999354 3.4
20.01946555263802 -4.365841815999354 3.4
20.61946555263802 -4.365841815999354 3.4
20.91946555263802 -3.765841815999354 3.7
20.91946555263802 -3.872984673142211 4.192857142857143
20.91946555263802 -4.331443946064208 3.734397869935146
20.91946555263802 -4.365841815999354 4.3
-0.2869973310327534 -0.3095648140447093 3.9
-0.2869973310327534 -0.6585444058814438 4.29271137026239
-0.2869973310327534 -0.1095648140447094 4.3
0.6130026689672468 -1.009564814044709 3.7
0.0676673919993166 -1.009564814044709 3.75466472303207
0.01300266896724661 -1.009564814044709 4.3
0.4721134561392581 -1.009564814044709 4.159110787172011
0.5583379459351766 -0.6549000910126392 4.6
0.1538918817952349 -0.2504540268726977 4.6
0.01300266896724661 -0.7095648140447091 4.6
0.6130026689672468 -0.1095648140447094 4.6
0.6130026689672468 0.1904351859552906 3.7
0.05204889970443949 0.1904351859552906 3.739046230737193
0.01300266896724661 0.1904351859552906 4.3
0.5756504472687007 0.1904351859552906 4.262647778301454
0.5583379459351766 -0.6549000910126392 3.4
0.1538918817952349 -0.2504540268726977 3.4
0.01300266896724661 -0.7095648140447091 3.4
0.6130026689672468 -0.1095648140447094 3.4
0.9130026689672466 -0.2167076711875664 3.807142857142857
0.9130026689672466 -0.6614077961355047 4.251842982090795
0.9130026689672466 -0.1095648140447094 4.3
0.9130026689672466 -0.7095648140447091 3.7
-20.29346021470353 3.001376910942005 3.75466472303207
-20.29346021470353 3.546712187909935 3.7
-20.29346021470353 3.510037569826848 4.263325381916912
-20.29346021470353 2.946712187909935 4.3
-19.99346021470352 2.646712187909935 3.7
-19.39346021470352 2.646712187909935 3.7
-19.99346021470352 2.646712187909935 4.3
-19.46999082694842 2.646712187909935 4.223469387755102
-19.99346021470352 2.946712187909935 4.6
-19.99346021470352 3.546712187909935 4.6
-19.46999082694842 3.023242800154833 4.6
-19.39346021470352 3.546712187909935 4.6
-19.99346021470352 3.846712187909935 3.7
-19.39346021470352 3.846712187909935 3.7
-19.99346021470352 3.846712187909935 4.3
-19.46999082694842 3.846712187909935 4.223469387755102
-19.99346021470352 2.946712187909935 3.4
-19.99346021470352 3.546712187909935 3.4
-19.46999082694842 3.023242800154833 3.4
-19.39346021470352 3.546712187909935 3.4
-19.09346021470352 3.001376910942005 3.75466472303207
-19.09346021470352 3.546712187909935 3.7
-19.09346021470352 3.510037569826848 4.263325381916912
-19.09346021470352 2.946712187909935 4.3
-14.37037584562215 5.086528702985828 3.739046230737193
-14.37037584562215 4.562927155421567 4.262647778301454
-14.37037584562215 4.525574933723021 3.7
-14.37037584562215 5.125574933723021 4.3
-14.07037584562215 4.225574933723022 3.7
-14.03132961488495 4.225574933723022 4.260953769262807
-13.52266895600011 4.225574933723022 3.752293110377964
-13.47037584562215 4.225574933723022 4.3
-14.03132961488495 5.086528702985828 4.6
-13.52266895600011 4.577868044100986 4.6
-14.07037584562215 4.525574933723021 4.6
-13.47037584562215 5.125574933723021 4.6
-14.07037584562215 5.425574933723021 3.7
-14.03132961488495 5.425574933723021 4.260953769262807
-13.47037584562215 5.425574933723021 4.3
-13.52266895600011 5.425574933723021 3.752293110377964
-14.03132961488495 5.086528702985828 3.4
-13.52266895600011 4.577868044100986 3.4
-14.07037584562215 4.525574933723021 3.4
-13.47037584562215 5.125574933723021 3.4
-13.17037584562215 5.018432076580164 3.807142857142857
-13.17037584562215 4.525574933723021 3.7
-13.17037584562215 4.559972803658168 4.265602130064853
-13.17037584562215 5.125574933723021 4.300000000000001
-8.447291476540769 6.665391448798915 3.739046230737193
-8.447291476540769 6.141789901234654 4.262647778301454
-8.447291476540769 6.104437679536108 3.7
-8.447291476540769 6.704437679536108 4.3
-8.108245245803577 5.804437679536108 4.260953769262807
-7.584643698239316 5.804437679536108 3.737352221698546
-7.54729147654077 5.804437679536108 4.3
-8.147291476540769 5.804437679536108 3.7
-8.108245245803577 6.143483910273301 4.6
-8.147291476540769 6.704437679536108 4.6
-7.54729147654077 6.104437679536108 4.6
-7.584643698239316 6.667085457837562 4.6
-8.108245245803577 7.004437679536108 4.260953769262807
-7.54729147654077 7.004437679536108 4.299999999999999
-7.584643698239316 7.004437679536108 3.737352221698546
-8.147291476540769 7.004437679536108 3.7
-7.947291476540769 6.304437679536108 3.4
-7.598311884704035 6.697149049798498 3.4
-8.147291476540769 6.704437679536108 3.4
-7.24729147654077 6.665391448798915 3.739046230737193
-7.24729147654077 6.104437679536108 3.7
-7.24729147654077 6.141789901234654 4.262647778301454
-7.24729147654077 6.704437679536108 4.3
-2.524207107459392 8.283300425349195 3.7
-2.524207107459392 7.683300425349195 4.3
-2.524207107459392 7.722346656086388 3.739046230737193
-2.524207107459392 8.231007314971231 4.247706889622036
-2.224207107459392 7.383300425349195 3.7
-1.678871830491462 7.383300425349195 3.75466472303207
-2.187532489376305 7.383300425349195 4.263325381916912
-1.624207107459392 7.383300425349195 4.3
-1.663253338196585 8.244254194612003 4.6
-2.150996752930242 7.756510779878345 4.6
-1.624207107459392 7.683300425349195 4.6
-2.224207107459392 8.283300425349196 4.6
-2.224207107459392 8.583300425349195 3.7
-1.678871830491462 8.583300425349195 3.75466472303207
-2.187532489376305 8.583300425349195 4.263325381916912
-1.624207107459392 8.583300425349195 4.3
-1.663253338196585 8.244254194612003 3.4
-2.150996752930242 7.756510779878345 3.4
-1.624207107459392 7.683300425349195 3.4
-2.224207107459392 8.283300425349196 3.4
-1.324207107459392 8.283300425349195 3.7
-1.324207107459392 7.683300425349195 4.3
-1.324207107459392 7.722346656086388 3.739046230737193
-1.324207107459392 8.231007314971231 4.247706889622036
5.636087038048625 1.414633208736308 3.75466472303207
5.636087038048625 0.9206423970846997 4.248655534683677
5.636087038048625 1.469297931768378 4.3
5.636087038048625 0.8692979317683776 3.7
5.936087038048625 0.5692979317683774 3.7
5.975133268785818 0.5692979317683774 4.260953769262807
6.498734816350079 0.5692979317683774 3.737352221698546
6.536087038048625 0.5692979317683774 4.3
5.936087038048625 0.8692979317683776 4.6
6.497040807311432 0.9083441625055702 4.6
6.009297392577776 1.396087577239227 4.6
6.536087038048625 1.469297931768378 4.6
5.975133268785818 1.769297931768377 3.739046230737193
6.536087038048625 1.769297931768377 3.7
5.936087038048625 1.769297931768377 4.3
6.462876683519474 1.769297931768377 4.226789645470849
5.936087038048625 0.8692979317683776 3.4
6.497040807311432 0.9083441625055704 3.4
6.009297392577776 1.396087577239227 3.4
6.536087038048625 1.469297931768378 3.4
6.836087038048625 0.8692979317683776 4.3
6.836087038048625 1.430251701031185 4.260953769262807
6.836087038048625 0.921591042146342 3.752293110377964
6.836087038048625 1.469297931768377 3.7
11.55917140713 2.448160677581464 3.7
11.55917140713 2.993495954549394 3.75466472303207
11.55917140713 2.484835295664551 4.263325381916912
11.55917140713 3.048160677581464 4.3
11.85917140713 2.148160677581464 3.7
11.8982176378672 2.148160677581464 4.260953769262807
12.40687829675204 2.148160677581464 3.752293110377964
12.45917140713 2.148160677581464 4.3
11.8982176378672 3.009114446844271 4.6
12.40687829675204 2.500453787959429 4.6
12.45917140713 3.048160677581464 4.6
11.85917140713 2.448160677581464 4.6
11.85917140713 3.348160677581464 3.7
12.45917140713 3.348160677581464 4.299999999999999
11.8982176378672 3.348160677581464 4.260953769262807
12.40687829675204 3.348160677581464 3.752293110377964
11.8982176378672 3.009114446844271 3.4
12.40687829675204 2.500453787959429 3.4
11.85917140713 2.448160677581464 3.4
12.45917140713 3.048160677581464 3.4
12.75917140713 2.502825400613534 3.75466472303207
12.75917140713 3.048160677581464 3.7
12.75917140713 3.011486059498377 4.263325381916912
12.75917140713 2.448160677581464 4.3
17.48225577621138 4.02702342339455 3.7
17.48225577621138 4.587977192657357 3.739046230737193
17.48225577621138 4.129517919735361 4.19750550365919
17.48225577621138 4.62702342339455 4.3
17.78225577621138 3.72702342339455 3.7
18.38225577621138 3.72702342339455 3.7
17.78225577621138 3.72702342339455 4.3
18.30572516396648 3.72702342339455 4.223469387755102
18.38225577621138 4.02702342339455 4.6
17.78225577621138 4.62702342339455 4.6
18.38225577621138 4.62702342339455 4.6
17.78225577621138 4.02702342339455 4.6
17.78225577621138 4.92702342339455 3.7
18.38225577621138 4.92702342339455 3.7
17.78225577621138 4.92702342339455 4.3
18.30572516396648 4.92702342339455 4.223469387755102
18.38225577621138 4.02702342339455 3.4
17.78225577621138 4.62702342339455 3.4
18.38225577621138 4.62702342339455 3.4
17.78225577621138 4.02702342339455 3.4
18.68225577621138 4.02702342339455 3.7
18.68225577621138 4.587977192657357 3.739046230737193
18.68225577621138 4.129517919735361 4.19750550365919
18.68225577621138 4.62702342339455 4.3
14.55449279863251 -0.6634056815425339 2.443898865047917
-8.548976435930866 -3.867290305670882 2.5
-14.47261371318647 -4.846153051483969 2.5
15.09887470902121 4.62702342339455 2.500000000000007
9.176348650218864 3.048160677581464 2.500000000000021
20.61946555263802 -1.083668645873807 2.500000000000009
-14.07037584562215 1.84546820407042 2.499999999995064
12.45917140713 5.727610894739026 2.500000000000004
14.69638118355664 -2.666010745199304 2.500003444236488
17.37464398557981 -5.344704561812439 2.499999999999648
-10.79409944672291 5.125574933723021 2.500000000000004
17.78225577621138 1.353665470495131 2.499999999999996
3.300983847921249 0.05026539689021478 2.499999999999733
6.536087038048625 -1.803580768728084 2.500000000000863
-16.74267831643052 4.525574933723021 2.500000000166715
-2.639719435483709 -1.688427559857796 2.500000000000514
-11.83316606919551 -0.5884510888023371 2.499999999999974
-5.910081700114129 0.9809982946048056 2.500000000000009
-20.43791587700805 -5.684718303684688 2.5
-19.99346021470352 0.2834503531784835 2.5
12.45917140713 -0.2112380167584731 2.500000000000864
5.547048885636773 -7.523567307625526 2.467930142988352
21.03403850106148 4.02702342339455 2.499999999999991
-19.99346021470352 6.19790615450472 2.5
6.536087038048625 4.117235851013973 2.500000000000008
-17.15625043827689 -2.198325337871327 2.500000000000012
-2.224207107459392 5.036064735949873 2.500000000000009
0.6130026689672468 2.534180625013805 2.50000000000001
11.42169894940658 -6.270325785516285 2.50084272649121
0.6130026689672468 -3.350758913015113 2.499999999999975
8.173296814475265 -4.282948276665536 2.5
-11.23316606919551 -6.507018424835124 2.5
-5.910081700114131 -4.950979974581253 2.5
17.78225577621138 7.295400036213599 2.499961994396592
20.61946555263802 -7.041861069447383 2.499840862420915
-22.57134114070319 3.546712187909934 2.457628593970742
-14.07037584562215 7.624669134194795 2.390102696499239
-7.54729147654077 3.444528522542805 2.500000000006176
-4.876193776664149 6.704437679536108 2.500000000000033
0.7759066864057003 7.683300425349195 2.328381047783059
-17.15625043827689 -7.755192791550741 2.315501932737599
-8.079623838175271 -1.688427559857796 2.181918377707865
17.85837727406074 -1.923347461216904 2.499999999999997
8.714262228219997 0.8692979317683776 2.203652954715225
3.607393446087769 3.067147659846397 2.50000000000002
11.88972365370563 -3.575041812321949 2.500013624705814
14.64994413560207 2.448160677581466 2.236688881050621
16.13072383503761 -0.9336485059372603 3.076313544231231
-17.2696825868813 1.076563053437012 2.500000000000789
-19.6594853368963 -2.757666242671198 2.5
-11.38138402046736 2.639136836340028 2.500000002568382
-14.28028798068238 -1.902322657541074 2.499999999999997
-22.17336890288756 -3.821500060820357 2.5
22.8772041442288 -3.765841815999353 2.437703110064775
20.46175940788537 6.50431776486924 2.499999999999994
-3.234710774022024 -4.142831577789692 2.500000000000061
-10.60433957321598 7.563336138852856 2.386964153537414
-2.026027196853812 1.855980846368307 2.500000000000013
-11.19872729368531 -3.532851530160678 1.671000557257667
0.2906506940248331 -0.7319167889871226 1.656377691440749
-7.872419676967391 6.72956587996273 1.676376099046491
-5.283947508932453 -2.014561751039475 1.659111848742946
2.784096068604963 -2.303942993134003 2.598297367001859
14.69638118355664 -7.877337359451557 2.072031175805439
11.85917140713 2.148160677581465 1.660430979485486
-22.77933480735827 -6.425015797297057 1.665132280606453
6.836087038048625 1.469297931768378 1.669784909384123
14.09638118355664 -5.04470456181244 1.679429468728778
-16.85625043827688 -4.846153051483969 1.663955990590497
-1.324207107459392 7.683300425349196 1.679589490552801
7.873296814475265 -7.523567307625527 1.677427710202918
-13.17037584562215 5.125574933723021 1.692549679859071
20.61946555263802 -4.665841815999355 1.671868467111715
-19.99346021470352 2.646712187909935 1.675355136128968
17.78225577621138 4.927023423394551 1.676214252609775
2.136847315145625 -7.491653352068629 2.499984422587423
10.21039828512661 5.132016406922877 2.722009360878386
20.02688975197983 1.937726736691521 2.744507729995719
-5.48306820166591 4.477423340576408 2.697534103200838
6.108521884836016 -5.296439848874722 2.719576203915428
10.73487142014233 -7.523567307625527 3.4
-16.15202583973244 6.72933253221885 2.765912597822107
-3.721541325902018 0.3242158596023272 2.60133980095027
18.06541871270365 -3.765841815999354 3.399999999999999
2.97951842690783 5.961624052156357 2.49999999999998
-9.101869659446361 0.836841586595676 2.500000000000005
9.60727166753775 -1.635275774882899 2.5
-0.8274247149689611 -5.801315134789695 2.5
-8.525703406710539 -6.444250712647833 2.5
-3.573084241080367 -6.762984858444582 2.499999999999986
3.019015189588433 -4.866962006654802 2.5
7.377408945742031 6.547991982823909 2.499999999999985
-21.12575186028743 -7.025015797297055 3.399999999999998
-17.79531044646308 2.946712187909934 1.935750471834023
-0.04908133153364846 5.617627300010799 2.768977873866004
-22.48711868147294 6.70099888572949 2.5
-22.04937057990929 1.312276500607693 2.715938412660176
-6.114790007008366 -7.483044203385798 2.5
9.781277245229701 7.579132403251449 2.485016423323045
14.59124134533337 7.125381579708982 2.499892273037708
22.63129633097639 -6.007322712085859 2.73451569381413
4.983381628246224 7.494094763301121 2.499999999999997
16.77014247618156 -7.476893798409318 2.812703568041709
4.487442848499557 1.469297931768377 1.884318205544703
-13.60667055962659 -7.4642115432187 2.5
22.51099529435668 2.005424272942783 2.432277882872702
-4.106871008980869 8.283300425349195 3.4
-13.04076789099368 -3.867290305670882 1.786325740699825
-18.93323183977091 -4.846153051483969 1.778794802473173
-22.38375682089987 -1.243491264944226 2.5
-8.147291476540769 8.542272485291008 3.4
-17.561130096503 3.546712187909935 3.4
18.91964813368214 -3.765841815999354 1.758079081737167
-13.66155837420903 -3.867290305670882 3.4
-3.400838280544098 7.683300425349197 1.785482334859173
12.70829307098724 -7.943849840758714 2.778980514522913
-15.16164035827011 5.125574933723022 1.759121390880517
11.85917140713 4.145785081133377 1.763350991417981
18.38225577621138 2.933854797159187 1.762287867522829
15.79939426500993 -5.94470456181244 1.779676848238966
-14.07037584562215 3.511302149003624 1.741768266059201
-19.18537485558246 -7.359160743970067 2.67449959421791
5.936087038048624 -0.2321003653902574 1.784826984784834
20.61946555263802 -2.747041667307469 1.749924358514507
-19.39346021470352 4.632905244908246 1.782706486574752
9.877001373117523 -7.523567307625527 1.764666496493907
8.773296814475263 -5.843591751645731 1.784863228848744
-10.14225755114065 -1.671362622183878 1.99060879955473
4.831753074173237 -3.385662149854825 2.321674582099457
-18.25359054409671 7.730982559080392 2.712695375443316
10.55604409114332 0.3982322463682821 2.991759079976253
-4.2240370847632 2.569029180046034 2.313859872514826
22.70649193850503 5.787993508132311 2.674301698250191
-1.589314271503817 -0.1095648140447092 1.944372686002931
-15.45106819218257 -6.622022413266942 2.189221736700988
-9.978239047741802 6.104437679536108 3.4
4.170729697382414 0.8692979317683776 3.399999999999999
2.378633160986981 -0.7095648140447091 3.4
-23.07933480735826 -4.638818229849166 3.399999999999999
22.82031682886268 -0.5629552335010749 2.460621955747189
19.50385329049835 4.62702342339455 1.874197609364671
12.26257774125926 -5.34470456181244 3.439046230737193
14.09638118355664 -7.683788431974374 3.4
-0.1452058208975021 -7.877802355857985 2.387712931005297
-15.73391016674979 2.796448452402288 3.07773248567364
10.04385358194969 -4.922489082298 3.017442971122259
-6.277631206454507 8.031537157969582 1.988863601503464
20.01946555263802 -6.110176371705535 3.476530612244897
14.10811821619183 0.731954754416452 3.070365848763842
-9.514579201567821 -3.267290305670882 3.4
0.01300266896724672 -2.431827563092369 3.45466472303207
16.063996353808 4.02702342339455 3.399999999999999
-15.32757447710488 0.0361093777968034 2.172079301333094
-15.43788748765921 -5.446153051483969 3.4
14.09638118355664 -3.613570177810066 3.439046230737193
10.14113805335807 2.448160677581464 3.399999999999999
11.85917140713 4.764828966608487 3.4
16.41256907283392 -5.94470456181244 3.4
-9.989977356747197 -5.086582364072304 1.934192254697522
5.936087038048625 -0.8447131017210757 3.4
-11.754991354348 4.525574933723021 3.4
-19.56061898707472 -4.846153051483969 3.439046230737193
-3.597087288766767 -2.288427559857796 3.4
-7.624215731845193 -1.950927559857796 3.6625
0.6130026689672466 0.9347314209607918 1.886521738387519
-5.310081700114131 -3.998270124788869 3.4
2.239204715180929 1.597619538017178 3.070722168490742
-23.07933480735826 -8.196675577177842 1.846926659785073
11.96803985089047 7.87962668870866 2.497669660214163
-2.524207107459391 5.976816959423819 3.7
6.836087038048625 3.172086551260998 3.699999999999999
-11.83316606919551 -5.567950411843617 3.4
18.38225577621138 2.312818717275487 3.399999999999999
-18.25697945862158 5.577683850748135 3.114401016957899
18.38225577621138 6.339230450662192 3.399999999999999
16.00233989834872 -4.038524462781494 2.080570204787069
8.228073346114963 1.469297931768377 3.4
-19.39346021470352 1.236583525578357 3.399999999999999
20.07037703358126 3.72702342339455 3.7
0.06353796210787221 8.283300425349195 3.4
-17.75625043827689 -6.26026899982427 1.824792954563555
11.85917140713 0.7660895944037036 3.4
-6.210081700114131 -0.007236936799390747 3.7
-12.35214068349389 6.763900102016688 2.284775254716862
16.23190457491804 6.362609610148073 3.144749994551336
-15.59016924324349 -3.294943449473385 2.67961414913877
6.434746925740685 -6.923567307625527 3.476530612244898
-14.37037584562215 2.849366679140741 3.7
-8.981390100223834 4.650680036861453 1.897209833277803
14.13382479405655 3.048160677581464 3.4
-15.74142564217883 4.225574933723022 3.7
-21.714858492781 5.092865248672066 3.167106067830216
-5.881946309846374 5.804437679536107 3.7
-11.23316606919551 -1.530187606025217 3.45466472303207
16.52867163610906 2.721357432939339 2.104795720090213
1.577443563762274 4.398986915811058 2.119611789699452
8.025219747157729 -0.8716457820501586 3.174631300852485
-14.37037584562215 6.773302129151759 3.7
22.29546439277915 -4.050614903458573 3.684773087459218
-6.830889109842208 -3.438406233772366 1.823388877160071
-16.85625043827688 -3.18633841653388 3.7
18.72225742134781 -7.901958205354457 2.100543997727323
-21.70921339348568 2.946712187909935 3.45466472303207
-9.844363389032077 -7.988424575219907 2.928573003103825
20.01946555263802 -2.048071458836363 3.399999999999999
13.19074077692479 3.048160677581464 1.86717055205228
4.965863500230096 5.440637460578015 2.081821119955395
-5.910081700114131 -0.5699444441537267 2.035828462102676
0.6130026689672466 1.515908204390987 3.4
8.173296814475265 -5.299452326481028 3.4
-23.67933480735827 -8.691776423118919 3.399999999999999
-1.405517672193338 -3.286940363206317 2.009139063783357
1.187585547249457 -5.712010598302018 2.995005724448933
2.818843456862015 8.010327685554744 2.246567855305571
22.16093939941591 7.880208216910358 2.285096364978036
22.01578894620721 -2.018575198441582 3.212631313400804
-2.224207107459392 8.583300425349197 2.095133429968689
-11.83316606919551 -2.126808387187392 2.077703709890635
19.09939162905416 -5.625300168657922 1.978646484968883
-17.75625043827689 -3.625401203964347 2.13957690951425
5.936087038048625 2.690684977206097 2.141059273299127
-20.92293483979239 8.02247068720261 2.362734748104121
-6.963289136510856 5.010668224449848 1.792708321062096
-16.85625043827688 -7.094605480498157 3.7
15.85947290324884 0.7940741228222931 2.02255406430231
-9.411105584278976 2.788419283019413 3.008074850824998
8.350058109867373 4.850367956034356 1.962873641962279
12.90913505567297 -5.94470456181244 2.149626780301144
-2.074137142248799 -8.03511020297201 2.976524639593776
18.86095940054657 -0.2606679768061104 1.960865658175997
-18.25969137497792 -0.5971364999430185 1.976537365001736
1.737928444019097 -0.1095648140447092 2.119464085423457
22.42201294136359 -7.939498108765043 2.025235715281172
3.85575915320401 -6.608793387789889 3.058410063511742
22.9959951130273 3.914436614784282 1.963419276583357
-1.045283558142049 3.513317030104108 1.96261160634397
-2.224207107459392 6.533238052514525 2.15615449882006
-19.69346021470352 5.18232561756373 3.700000000000001
-8.147291476540769 4.395660733706284 3.4
14.55376427922807 -0.6645989127089664 1.85903414998971
-13.59618152582898 0.03617929350398885 3.099433148313908
-9.300945943530715 6.704437679536108 2.183530409004974
4.448486801596032 -1.500058030995712 1.943093657751918
-21.02462656761601 4.036203097764099 1.835075529185042
12.93734987805578 -2.022291517482737 1.940417699105092
10.7549524561643 3.048160677581464 2.158706410385511
-11.83316606919551 -4.835492649970739 2.083535970449474
-1.615163287156621 -0.009564814044709269 3.7
19.48422064691922 8.126744364588836 2.924750252523105
11.42887337263469 -1.804581033587857 3.135175083111433
21.22181994176021 0.6593805117308075 1.928975279067319
13.62933676477139 4.818302166646135 3.351319122388088
14.00497966416849 -0.9983187370510718 3.177060428114393
8.773296814475263 -8.592546838456814 2.169676304100178
-12.39941528389578 1.136222809484429 1.888071527609004
3.830804185672049 -8.130763511284909 1.918799907058165
9.759038797417196 -3.429627992736756 1.857192716901725
16.14069520432432 8.075020482461616 1.839043707862253
-10.88501334364537 0.9242441956485177 3.149937717999845
-14.07037584562215 6.175084943576537 2.177389727709071
-7.540496630256405 1.673251726447734 1.826703800921901
-20.75184257094823 -8.090784809773146 1.856393715788069
-11.92754901338665 -8.206518816792993 2.885863604843753
14.69638118355664 -6.24470456181244 2.214407801982539
-5.954405096312413 2.727334414869117 3.189336740498002
-3.97479773169514 5.195326361822323 1.840246786537352
-1.022545092994405 -1.669051966309867 2.061702585047504
5.636087038048625 0.8692979317683776 2.216887713557405
8.110304788950291 -2.54430792911912 1.808907647059459
6.59129982833413 -3.547358007012317 3.175774576950823
-7.850002351672025 -8.19314590408348 2.355022058961955
4.999661305325454 3.295130997394457 3.362676701869054
15.69265301615083 -3.820148389626946 3.7
-7.132382234022494 -3.976886221131532 3.372058517415351
8.098257494549429 8.176059011299669 1.870094169594917
-12.91494582580177 -1.509458253739374 3.348862355449818
-12.77154616023532 2.629468893663992 3.379986316455067
-3.603853777856672 4.046730231877939 3.250326702921604
-20.64738454681513 -1.327260327851129 1.852360421324704
-4.531711648787764 -8.225125483720189 3.041630306296268
-17.83540169085398 2.034147343793634 3.7
6.638989574218829 8.181474643235589 3.045522195048435
-12.35957075398484 6.563798183666417 3.7
-16.71959190899408 8.193716343061872 1.792963926065702
-9.743974349818753 7.527212132546115 3.7
-18.98610876174511 -3.510953290552088 3.7
10.25600098493059 3.834304931051443 3.7
20.05533037307561 5.149984859461832 3.7
-10.20492472360722 -5.624704255382981 3.457995665587105
-19.09346021470352 3.546712187909935 2.226603323969201
-15.50289444892068 -8.207025941574351 3.128002959689838
-16.74743872800522 -0.5447566791731979 3.171602118340996
1.283795733503538 -1.926540989860506 2.11665154203177
-0.1420181363771194 6.673806058785992 3.7
7.597611342420878 2.728928980145947 2.342494806377263
18.42005831059869 -5.12968188246411 3.699999999999999
-23.67933480735827 -5.489176971180819 2.189167251053546
-23.32216381884559 -0.001453648259211127 3.32011408334598
8.173296814475263 -8.971774521190298 3.4
4.562076174006237 -5.517620371005944 1.780967987737415
-23.23973848330564 -2.610935945225981 3.231488140100752
-6.053610120171698 7.707650824857458 3.7
-12.49779687764441 3.702207230135383 2.033211049495756
-15.6931793837939 5.787234962074415 3.7
-21.71957474447198 -8.459125419142865 3.061311077091056
-4.604517868662806 -3.411567112633214 2.07828975010885
-3.721289142406097 -0.9242274729932569 3.7
-21.47722866079227 -5.701713310834926 3.7
1.385996156345326 -2.294281370525238 3.699999999999999
-2.447434099319789 -5.576428411362039 3.275317672784781
-23.20219714194526 5.150621304812253 1.823939857546871
-6.210081700114131 -1.688427559857796 2.278509339298701
10.9824220638504 6.448251321078073 1.774066586197444
-20.58223060172251 -4.079303426195466 1.711483800557415
-9.211138935795692 -0.7909132561382989 3.245864126657996
-6.80216670186141 4.528196934623031 3.699999999999999
-21.27159023074286 -2.450317946614567 3.213582036805571
10.98749340354789 -0.8316778263100919 1.699638655746736
-13.23457050358903 -5.888898610121088 1.747268119030009
-7.532415658999066 -5.146694843247725 1.781569212574458
15.5199733265172 -7.529276523490889 3.7
-7.53887886649923 -0.02140664846438245 2.510988515958556
21.52063936056398 -3.765841815999354 2.197214563647706
16.24382144126153 -2.151805320845999 1.779776483083469
18.70524259797644 -2.583719153337855 3.7
-3.70274612600903 6.712053380621532 3.7
6.822516118100349 -8.451235302105903 2.403276637327803
-12.62307031361907 8.26080334211745 3.216781792719724
-4.335044491655669 -5.332657454286383 1.762106154536049
-2.813258422755943 3.498723057711505 1.752011816460503
4.679907545983338 -0.3723973007988963 3.7
10.08874341011691 -8.696317946393503 3.699999999999999
-4.074803039345786 -1.143066178429254 2.160035774642993
-19.34148728848439 -1.183846925722776 3.254118150915511
-0.8540472906019944 1.448915928989249 3.7
3.922860134495523 4.698267759208923 3.303627780021845
7.253484304571394 -6.130594720058205 2.046034776355473
1.379780786217968 6.120101440324137 1.761641983320378
-17.55684039348319 6.434254963217658 1.739735394560465
-5.079231779715645 -6.292458289664591 3.28956191511053
16.90533487776207 4.02702342339455 2.202754388640135
-15.75685574592722 8.345118268340457 3.338516225618848
-9.202697143549036 8.377778633370397 1.838407212097483
8.940496644486327 6.23253424741034 3.24393510333249
23.27687393426842 -2.154021286607861 1.737811374783153
-20.73649395862382 1.371678327723058 3.7
10.29445762609602 -6.082404691454954 3.699999999999999
17.71879548828919 -0.2123283097205005 3.296483081100532
21.34609221521609 -5.920388020129761 3.7
-6.965348772283106 -6.139972498917008 3.24612381932529
-0.6771509750374809 -4.241028544269009 3.289765107379354
-18.05625043827689 -6.920953098242212 3.7
1.498123044381953 -4.61330305225327 1.662804321793889
-15.80460621576997 1.667146357755615 1.737413978738505
-10.43451183509179 0.06094560853180175 1.664673105372083
-0.019329102996098 3.951847343740096 3.315001533259219
13.21658598941075 1.506667688165211 2.060746837207691
-23.39861262259892 0.009342128397177851 1.616067463215233
19.86122836276509 0.2821842602666265 3.292553306677519
-18.82482675326508 1.343701289652115 1.739827616030369
-4.858590243280129 -0.07750531162843566 3.7
13.51102512271749 8.305032466120668 1.749589951227778
9.073296814475263 -6.923567307625527 2.302286084895073
-9.427344939458894 4.859403560141125 3.7
-10.00667484050892 -2.034389579325139 3.7
23.39141849731066 3.132574187808381 3.405691449761397
-7.54729147654077 7.861140844248835 2.404902101990176
-14.37037584562215 4.525574933723021 2.306505905160289
-23.67933480735827 -7.325015797297056 2.291930122413967
16.54681285249409 2.807120603179096 3.7
-2.011291981294919 -6.821656093629297 1.724445922336878
-1.4971638069403 -1.961759681461728 3.500574528850057
12.53325846746628 -6.65254571218526 3.7
7.425322368824441 0.03317230036010299 2.080529479236845
-23.35811501085449 2.108612368840023 1.928307930214348
-15.76796541674847 -1.567475578122566 1.664959459655346
-19.30402264694308 -6.136706903294131 3.7
13.99869914373248 5.704199123247796 1.701295479781838
2.108283851369741 2.811418806208006 1.666466962722744
17.12731281054834 -0.5675961996282703 1.70772679739813
18.93153414137883 6.254662304493713 1.729414135259172
4.391087415671034 2.153446007163365 3.7
10.24624332093138 1.468969581132076 1.668822741816164
23.33057072432661 0.8109771352581405 3.32214167057691
6.055291270608599 5.84312296099324 3.362208134624275
0.8714197866778302 -6.71016386741527 1.62051134227995
-23.37029669894939 -3.036445551373537 1.600622492729002
4.528220191814563 -4.753772057228589 3.326732450343429
20.61654299610768 8.29277368292461 1.631231987916977
11.42643728397052 -8.326518766453976 1.652738636645497
6.63919204890228 -8.218721861382054 3.7
6.947779918279068 -5.717833796878676 3.7
-10.05174966910908 1.978142837829848 1.634253779438812
8.824692707732499 -2.923587764663596 3.325045794563415
-2.040439898253807 3.346309962436595 3.350664829575738
-22.41142971819824 8.287027319025036 3.289588200691325
-23.23664328984102 8.111597085414815 1.729742993828385
-1.378871830491462 6.246777856084199 3.7
1.670926915752816 6.652501495466076 3.364306276667445
-11.93341632287546 8.326336245555375 1.675904511688492
-13.09521193812137 -5.025263586084425 3.7
-4.115849607800854 -3.515550693428104 3.7
2.116249512233432 3.292569508116219 3.308593305202822
18.26066465565284 -6.801582510799882 3.336909047889544
-21.38357509383597 5.739234618905284 1.622908295803231
11.08005283935971 -4.82297936238708 1.667464457861757
-13.29269231333693 -0.8058950374945556 1.65171212111163
3.214349954827783 4.497226044337236 1.666376268983915
-10.12870750797162 -3.867290305670882 2.404863374016404
23.36499282893858 0.7983805084382971 1.649537119179696
-6.310323120942924 6.104437679536108 2.39266165482253
-10.37618443542589 3.714289514442473 1.654552447922343
-21.39909133777945 -0.1505275896958745 3.346671013678324
-22.05062312632963 -5.313319739471359 2.366265958380096
20.09855265635084 -8.400904886847675 3.406285935856927
-15.65752280483536 -4.112851822760298 3.7
-21.63690284684723 0.03697036095463657 1.679840096817632
-3.319308163069432 -8.309934772852689 1.865823781398266
-1.947719257040975 -4.851093168668533 1.661147985616934
18.68225577621138 4.02702342339455 2.327418310903247
-7.937514406716939 2.071516214195263 3.420115459989409
1.989255352832882 -3.83394144273569 3.352890828846384
4.814001494802643 3.829853244508147 1.597349628262752
-19.50141296248143 7.534302642457647 1.590053155917864
12.84367446839143 -4.208238213237927 3.7
15.86090485295729 5.824316831681179 1.591819316655982
-15.81671964785474 1.136621125805078 3.348966207862307
10.49234405644392 -3.184920931854633 3.350971612277542
6.739632647754213 -4.185059414344056 1.627195500202024
16.85998694509824 8.432651800770675 3.293733335515699
13.13895589662416 7.01572352813853 3.350223864586384
-19.64530359769425 8.346730531752474 3.364271975089176
20.01946555263802 -3.465841815999354 2.336587151476325
21.42534675225864 5.42216762595408 1.656615081736754
2.982189534754252 -6.315175309626634 1.660544635667275
10.7233911814708 6.562624135911603 3.424069959167547
-15.67038777730867 -1.799442049113577 3.424923876205839
14.69638118355664 -4.208661709499499 2.461252388563164
-6.114932652527572 3.343778390602531 1.643491919748025
21.13712739609452 2.578642426744431 1.671293575155259
23.40642493534265 -7.397595435141258 3.275824522133774
-0.2854501205393922 -4.471268777942047 1.649076918821564
9.348932114647745 6.143776086446294 1.629229284221754
19.24312001583464 -1.832802418305087 1.588716545543262
-12.13316606919551 -3.867290305670882 2.385732515031223
-0.658429541530509 1.950139936734757 1.566991703083992
4.659211866824312 -2.176235772743717 3.441035949177676
13.27835938940649 -3.606608982400679 1.597405888018026
8.211664121095204 4.045867335333574 3.404029314318348
-9.868892962733618 -6.930350246727102 1.640574497791934
-14.67793336142652 -8.450218001502829 1.715193320494801
3.930021631947834 8.390223617704104 3.425984543212069
3.342924438402838 -3.509210692662274 1.616028787749486
-16.21680961506253 3.266244639997477 1.569832884013858
-13.34048470824736 -2.664773640544238 3.7
21.04744812446344 8.399939977648739 3.39310898749229
8.449824968708018 7.801825248027696 3.444956711727566
-7.259435601238722 -0.7304128344176846 3.7
21.55267679758708 -0.04846147119172622 3.380838711166428
16.6038728120905 -2.475971910120978 3.415815290808163
-21.97975696715144 -7.025015797297056 2.454750409172329
2.111258343998713 0.4983948359472951 3.7
11.07150752058014 -2.472092921422214 1.592535063429658
13.95218389428545 1.825779912004151 3.7
-21.79612099212779 -2.49312421438127 1.5802193764679
20.23469838585084 -8.376574995783507 1.569868975720689
17.65153173497641 -6.726620875529906 1.622460415898412
23.32708873566523 7.234173068457249 3.378080885732443
23.39973410363025 6.955105817951953 1.77609751631181
12.17615350894063 3.06514277939209 2.32393301988929
6.014815831281616 6.602059570909555 1.585926353857357
21.34896738012263 2.676241597828335 3.377857206895005
-23.32974534333757 4.682610306779875 3.427013993915591
4.318149900891431 6.287589664807491 3.389608323424433
-18.47937304344365 -2.157986650877683 1.538856210430742
-9.74434451555622 -4.473126187273742 3.7
1.754896623835129 8.402393863967891 3.447543589179675
16.29466520147874 5.231003010010134 3.7
17.3652003421866 -3.314853284282095 1.549376431974102
2.585896213046227 1.157551656766557 1.538188177132181
15.53785624480148 1.554042573674575 3.429762913682287
-10.83411094279061 -8.340901406203757 1.621490074494292
-4.922745289039102 -6.844833060489772 1.586406158454618
-3.375051220757765 1.701174999264784 3.400489992286555
19.11084596103299 1.298248203687879 1.558578022174686
5.942046762664276 8.465875015178078 1.584190902288541
-18.2063019901741 0.1252678497818166 3.432808320673552
-8.752369421333801 2.949618197865424 1.527127812190753
8.017478589642554 0.2685557946995795 3.7
-7.219310160394347 -6.729386005127362 1.57358945515032
-19.01301476856043 -8.514653196866615 1.564987440390809
21.73633981871479 6.831643698774284 3.444008149662777
16.17495181456543 -8.371405370604899 1.58107468204234
-0.9305607069275894 5.068889822321922 1.525699246045373
0.8678038650368658 -7.226874317764501 3.471194432371128
22.35104533921628 4.372814511301236 3.375999703026721
15.21845250435327 8.354240621905701 3.398988420543271
8.510040173252621 -1.010407047190992 1.490098032123843
-5.189511705451923 -8.433709474211131 1.585785270287489
-21.16461195835457 6.824559933334509 3.418118782611956
21.76493320801351 -1.634366246414897 1.501839194510382
-9.205129350631218 -8.509148744309597 1.546469230166288
17.93825835748959 -8.478744287025238 3.426994588974699
2.262503843490134 4.907731342907841 3.488432429790906
12.79392961470129 -2.618546854222028 3.432144809516585
3.558861180289972 -3.46722989645124 3.402739605172577
23.54445487785766 -6.327861299793645 1.499929510314144
-20.08332018995788 -8.487198455850631 3.39131212624558
-4.795169929734129 8.44924588208473 1.497114488196111
-8.232229822835281 -5.153015000685792 3.417377241479874
-12.28132517215293 -7.329277552399863 1.552583554409606
-23.50166347849233 2.074404214685302 3.516220896554763
-4.609033669705618 1.191559322744548 1.578028456604848
10.77762243812952 8.395321599456134 3.446288814436333
13.04525341893748 0.9777910274288519 3.7
4.05192162366383 6.635710541775914 1.502912597030662
-21.00805607913961 2.946712187909935 2.430110899841482
-3.196519037296184 -2.85276966768871 1.543375768041987
21.48727487820289 -6.024446087845916 1.596301916821215
-14.06984316557823 -6.281529231664142 3.481184620345759
-0.1258074526093385 6.627248412618503 1.523805358300219
-14.46698750644881 -3.174455859741426 1.539986874652897
20.61946555263802 -5.52790958687225 2.561973918118983
10.78472349263937 8.423381242749203 1.552695646885301
18.04243637537031 8.508580340206398 1.495859272852376
-8.926367211162811 -0.467081063309496 1.590135839491768
-2.143608372187295 -3.422744013168885 3.421712764027486
2.952343172103801 -1.150590193336446 1.506014431634132
-20.90553014960551 -3.985470831090457 3.456857163371848
-16.79342448496406 -0.1226803270555209 1.560053333428367
9.734063802532734 4.185136758411326 1.529326886480054
-18.20400642728209 -8.443739979076231 3.2854046131889
-17.75625043827689 -5.146153051483969 2.298688978539412
4.491769951442997 -8.378257320669459 3.418921031664691
4.16849603858813 8.45496582397424 1.521076630613873
-15.38445138895244 7.374707487309347 1.535464614651497
-3.026455118361569 1.187328995573542 1.465991421520567
-12.43249589867698 1.046410086964696 3.470161777662512
-9.252712398622734 -2.879330898673736 1.48049943295333
6.901181720521849 5.293673452515427 1.506781452865835
0.01300266896724669 0.0495459731273023 2.362464106692422
21.81589996287905 -7.528025994434315 3.454191387804995
-21.27687543957768 3.846712187909935 3.7
14.7602227292362 5.910463006850562 3.493556144339877
10.65701377261486 1.385226277922713 3.7
1.1413856486345 -8.595126788073387 2.616312774270555
-3.966772719041654 -5.183727607088684 3.431451759924224
-23.58024148554584 6.378410696391626 3.525007966744175
20.91946555263802 -2.471296835071292 3.7
13.65218496203385 8.504510751289427 3.332399837087401
-19.52504801583677 -6.42561286675079 1.454401917277037
-1.627823419732744 -8.569180751573843 1.575930854092473
-13.99515394740327 0.5918178286145825 1.563202262697139
22.6851362151556 -5.019989006766963 1.521382497982909
12.7757558928936 6.93087173694147 1.537865096155711
-0.9524735150294201 -7.046589075216133 3.440176625964987
-4.341426759962681 -2.288427559857796 2.438942936860315
11.55259574405646 0.6198266829487157 1.533955774371958
-11.04999799175831 6.329660135825764 1.535528212520651
23.56463442104262 -2.072174492333556 3.291079320248451
17.38837038191035 5.969452861670658 2.495662397659765
5.828675917887058 -6.369908985841257 1.454521705882332
-4.64072682675333 3.828630392119223 1.495255766253232
-17.87411707854486 4.639463266801186 1.433607858128738
-16.05188881183592 -4.846153051483969 2.557898997157008
-4.419160248887986 5.362219897903991 3.408517102961609
-22.77933480735826 -8.304717201369408 3.7
17.25322135527697 6.065875795404606 3.7
5.919104936237999 2.770467821126361 4.016982101810626
-18.16267151375713 4.537571403138876 3.7
13.35993865222314 -7.296820738471796 1.520356427836691
-19.99346021470352 1.845911911786624 2.563769896370844
-11.11243480345413 8.506961955684577 3.521322166567659
6.002875226403015 -2.832680535204047 1.474474432418161
4.441631371836814 -0.01526538161609814 1.460729430654027
-23.50829903817124 -1.514128906865235 1.495120199193568
23.59312355761483 2.261787482629376 1.412691444364689
-12.36730315683887 5.125574933723021 2.572629925913112
-4.912504105311929 1.629438421223492 3.479552296367586
2.418051658021294 -6.429715520540327 3.578125353051043
-0.5330544576456295 7.683300425349195 2.565951293235678
0.4027777380454856 3.652964885452692 1.467881892533806
-11.23316606919551 -2.967290305670882 2.468685471696744
-23.97933480735827 -5.109409502545845 3.7
14.48459815064307 3.732306690109978 1.421714166741735
-13.44878690608817 6.42397261428776 4.021588939533979
-5.310081700114131 -2.588427559857796 2.460624166088747
-13.57662884681191 -8.578983866203528 3.542994403072193
-17.43951338159554 6.778515363204216 3.586095039994577
-7.284643698239316 8.014852412999076 3.7
9.7574297072572 0.03877558832382488 1.462790535938802
-13.39848534776974 8.541886172779959 1.402810822174067
-12.13316606919551 -2.017334677644755 3.7
-10.65863935982827 3.477591558577067 3.547161494513791
1.872481974546012 -3.154305609444048 1.432679087363174
2.899628568714705 -8.492970757078428 3.483755252021825
10.24171759296722 -6.077472440688497 1.446777999344362
7.50464098038859 5.392148092071029 3.483076256499636
-3.004939689842669 -0.3396335773656305 1.433611054449256
12.9661111083632 -4.625582056609593 2.42359090379762
-21.1068035847467 1.591356399849076 1.529197870321366
-6.249333672125153 6.721419781346734 4.016982101810626
-12.55519798494235 -6.93371175294095 3.505338625219556
-13.47037584562215 3.3110107472715 2.729580591057555
-8.530074539430274 -7.543907416577857 3.549251263718639
23.49314179105327 -4.878039592973821 3.26279041594782
-13.21987698775794 -2.312470875208153 1.491889409607968
7.029183680901374 -0.5470304013189923 3.7
-16.49553115450952 -3.103329935228113 1.478571222938663
14.43665780580677 0.8034882789441288 1.498944253029105
1.649646766123894 8.556211677786989 1.434222984133773
9.457960941191503 -0.5100627261652454 3.500708778084871
-18.25400868409616 -2.196107809577715 3.541546282848511
-14.27293248940879 8.56237076029249 3.564907513577781
-18.38789184179147 8.552821748156841 1.445960761678362
23.64709270593941 5.143846738775941 1.47300766623535
18.75881225186594 -4.166842196368077 4.028255393161013
-3.508334867934361 7.666318323538569 4.016982101810626
0.8583379459351766 -0.7095648140447091 2.462297226390544
-17.25656361362112 8.534190130368035 3.54146169969543
-13.18191076557413 -8.541282982938023 1.530465569942907
8.636518719809828 2.15189759164145 1.413058778345155
-14.94255855847475 -0.4840955419574433 3.533238134093977
-19.06916895958489 6.772906642803843 3.542281829440812
-5.425198063713696 5.326236219668581 1.454130777795968
9.276723100717096 -5.517376440426622 3.7
-18.96859387819666 6.028317097416342 1.410429174965248
23.54626129855689 8.537026727100553 2.554794654391372
-20.49137145849316 4.938131250925341 2.659881350220105
19.01479169367577 -0.9369806633658346 3.53741409831988
-23.54457862788802 6.577624649525213 1.407509768168795
3.087169757250504 7.146835772764522 3.446236760035656
18.81082412963692 -4.365841815999354 2.744634170210523
-13.06780463639901 2.421715872461735 1.496709143694526
-8.14729147654077 5.582182845308703 2.174812628010995
-1.251395853744781 4.755565816039135 3.606217538999174
-23.59301164643183 3.781097211648847 1.4073127249955
-12.21415579062402 5.160013709233224 4.034438775510204
-0.7907074940727989 -8.53194215402001 3.573288533183441
-16.18350515637759 -8.540768403317163 1.422666324658131
21.42568663083045 6.900233406257046 1.42690054010495
19.81160244329345 3.230209035644173 1.438214364263984
-20.98953402896082 -6.695039484821374 1.390830548478922
0.07217132503341361 -2.460791185033451 1.43586122223677
7.452357825551714 -2.38403476810396 3.517302335042181
-21.92057956781263 7.508252779503959 1.385619671489761
19.60360297505617 -6.911911708929373 1.413510740451799
0.01300266896724667 -1.722671193389818 2.552746831128425
16.92829208664977 6.831223799509948 1.38054168761502
5.181816296013364 -6.132768416779932 3.518798250710607
5.186410254994912 -8.524967540819512 1.410124614233481
2.438410641716024 -8.556595139144566 1.439369149044196
19.27111562197801 7.682177418342998 1.528118022517917
-0.06287189742061949 8.551126176134831 1.431723618293444
-17.75625043827689 -3.568411022136694 4
21.81944804804231 -5.003367737612768 2.508919371777353
16.08767309716738 -4.89172642530807 3.7
19.3438984876855 2.847744572555965 3.7
7.708658512933347 2.438613281524069 3.7
11.68511905591101 -8.633460578273132 3.582538882474863
-6.15653352616568 1.895797671706924 1.370770440929084
-6.171035469376938 -3.555689050752639 3.7
-6.814291556346519 -8.467418046639079 3.497922910245779
-3.011507710164426 -5.814555458104603 1.335579450884694
14.7338105998467 -4.116002341021109 3.962570583709944
12.70687829675204 4.309155380273817 3.7
2.60271523228039 6.840575175493165 1.385846796969943
16.86845490828725 0.9512624698189069 3.576261217730766
-17.15625043827689 -6.604388906131433 2.722905845968974
-18.13900820969188 2.924360212967522 4.022351974942413
-0.5798303015228032 -6.753139760586608 1.411753485216313
-7.180490971820753 -0.8658121096300029 1.368434554210979
-10.54852121947954 8.629047820792042 1.360347575979566
-2.450996752930242 7.683300425349195 2.454021840406045
-22.86128455268764 -4.534969612113203 1.383534374074667
-7.07639844983909 -2.288427559857796 2.718879168781977
20.9916927854772 1.27983235366929 3.624800207571951
12.96402901090772 4.18840807295997 2.436701002612599
7.458603254704022 3.838183295882784 1.402671826301353
-18.91596664759306 -5.446153051483969 2.733985475101394
21.36543664177609 5.417077582279912 3.114863035636443
-11.21157712966153 -5.115634425674729 4.021588939533978
-15.30347293345919 -4.360919821849568 1.404571501558
-3.390964110452661 8.831208783478516 2.513805571965207
-11.63352472845785 4.685802103163923 1.392130802165078
-15.97979415675305 -6.38700767717432 3.7
6.797040807311432 0.8692979317683776 2.456867473444241
15.30794614540776 0.1301017537474056 3.637730343910327
-6.750649590491522 0.5257057539217276 1.400779327827341
20.20204460240715 -0.2319090505891904 1.396130627532832
-15.31686269625039 5.125574933723021 2.872618140049213
-6.02615922270836 -5.912844355590375 1.415206192542491
21.32497387772454 -8.646027414850469 2.665623509968892
15.11695957889759 -1.82759165217746 3.60978174322296
-16.80341383887134 -8.643168681182379 3.587450209110016
17.62105932031298 -8.554589830714372 1.372814259346522
-16.53090716699209 5.460678177332815 1.408848376382468
-19.56671483254268 -0.4963566311039727 1.351618628997519
-6.700980998669751 -8.560856569879689 1.42099897069531
-13.44878690608817 3.282509522208848 4.021588939533979
-9.659547357717582 1.513987258908824 3.655843154133826
23.657909386229 -8.488554540341722 1.438750741661677
-12.29662832493287 3.592134730379189 3.7
-19.08632117491976 -3.463584217366602 1.371172500863887
9.629398793510617 -4.769971841544113 1.321631750318546
18.38225577621138 5.455481896019773 2.459791128969147
18.59168227594411 0.8967864967880019 3.623267646308824
-0.3849918507433322 7.666318323538569 4.016982101810626
-5.310081700114131 -1.455847384930682 2.496163045295097
-1.363253338196585 8.283300425349196 2.46412134146416
4.486603419318017 -6.92725288153292 1.435431760918864
-14.62659240875546 -5.750473100395402 1.382744477944228
-8.189376968294665 0.6603879124519603 3.607225979615826
13.19625938819983 -0.7214460372645906 1.36633786373829
5.361099762223078 8.556535558007074 3.632601068390349
0.7172823456758062 -4.479312746696315 3.584262023349657
14.87885556694311 8.666982341125816 1.462806304897514
12.62872816531732 -1.142249704161431 3.591234118120829
6.536087038048625 1.769297931768377 2.510625609284013
23.68357334300189 4.766444400545382 2.881238692674612
5.244990427692452 -3.557041402324079 3.692704688178019
21.89120660500291 -3.013816147813797 3.7
8.173296814475265 -7.823567307625527 2.512590132882927
-4.621749175873558 3.089274732894334 3.595790944527962
9.379645941246242 8.685516313928662 1.488560496105009
11.85917140713 1.48968496634265 2.556083966054588
13.79638118355664 -5.34470456181244 2.513560619097314
11.2112547928084 -4.389926637508002 3.66755866399191
-8.818840191532352 -5.661999996938796 1.329142256567974
-21.01390329033802 8.639539215892894 3.647175288022912
11.95114217170212 -7.008565820054984 1.376990546117547
17.78225577621138 2.924461057073944 2.69533314383816
22.50988925703902 8.446785555619725 3.605408337400292
16.90379551511268 1.54043761390399 1.380452784105632
-8.147291476540769 7.004437679536108 2.52046115087453
18.22174173639951 8.089941093076307 3.619589392403563
16.45598103071694 -8.646077866502624 3.626953332436282
-9.793708547413535 5.677174302633015 1.314842961698341
5.336558330463843 -4.37112342271497 1.414824890013082
5.307785560628864 4.660199744390034 3.662418464705716
-0.977927894578256 0.8780296131876709 2.535144082681153
17.86316895310591 -4.641134704438842 1.354955212492376
-13.22266895600011 4.525574933723021 2.467209581978805
-13.47037584562215 5.425574933723021 2.519919753945959
10.84141983101879 5.078147636796007 1.392972737867643
-12.98569032932043 -3.267290305670882 2.759765273800102
15.79980146237887 -5.34470456181244 2.705705428243013
0.4886198728428754 5.074511289921642 1.375218649997659
-6.626498934547503 1.537826120402029 3.601431478414852
-15.05125705651797 8.628669862598173 2.130518581508385
-11.24448138940687 -1.086181819475498 1.300010853103729
-14.42273167820841 1.064663677399974 3.63980603493455
6.536087038048625 -0.2331806730942337 2.708181506306298
-11.23316606919551 -4.060147448528025 2.525254016777538
-0.7646895919548371 2.752165226445822 3.133011078567993
-17.58521863249543 -8.696175305275162 1.354157213149467
12.81006673754208 -8.601844148179175 1.529097622758169
-2.70850315692495 -6.933626501144696 3.618665445834409
3.683346052074801 -1.196078169352802 3.104356685498429
-5.314931873460703 -4.394133243869981 1.333698969951171
8.145463216665675 6.853132415365209 1.336233611291374
19.68148563632065 6.897863050161914 3.636868644697469
23.60197474073549 -3.400253063402129 3.78730497793739
14.55849281775361 -1.959407011126766 1.276005678175853
-10.97369177453363 -7.396769764991454 3.608479152879601
-17.14691052694824 1.847864619971955 1.315872401056588
23.58183287692514 -0.6846570793594536 3.677085225307611
-19.99346021470352 3.246712187909935 2.468149840547727
-21.83830244717742 -6.69009434804349 4.036615458292212
-23.07933480735826 -6.125015797297055 2.516142604921914
-11.8269043259609 -6.012765904389061 1.296647971958122
-0.05238724388266475 -5.664257838240959 3.677133590981112
-1.026224378771851 6.530026316295294 2.529532506064152
5.791319482282438 7.208252020900569 3.62628934667062
7.107291158767998 -1.154152160529498 1.38096179273506
17.78225577621138 2.79718103939251 4
23.7022693954221 -0.8573761547731165 1.409045606613282
14.98284550490643 -3.408511667239972 1.333143424023731
-22.1072647839213 2.652125772374276 1.395359696933731
12.15172111840956 8.705500187786605 1.373065375132694
15.65729195658773 -6.945704968192853 2.602012577772269
13.54470467490786 2.448160677581464 2.705926029267578
21.7626126152036 4.08092380367588 1.285696452478687
-22.52584873723321 1.096957876663288 1.406263228431616
-20.4315454081846 -2.73329891765479 1.320873025528746
-10.49258318152282 -0.3432480423393143 3.625132037287122
-0.003979432843379482 1.110040864126695 4.016982101810626
-5.715376250185425 6.887641009141352 1.376915464683752
23.65626226482091 5.906238821834636 3.705181922636632
22.74045064907412 -8.663341553152012 3.640004108573666
15.5636525317556 1.955991741213566 1.287934552106339
0.8670793457515643 4.995084390437309 3.634595354999039
9.985332349882624 -6.923567307625527 2.892137330103714
-14.72240275351352 -2.916722936208649 3.717600797481365
-8.488724990552923 -7.308155713391122 1.389841203933027
-14.63311278925122 2.304030864031968 1.298428288339679
10.99033903064207 4.165086431689945 2.653681074933288
-5.367042124624228 8.61690994235572 2.881335341207732
-4.060999660896929 6.515739130527564 1.373786185554617
-21.13289702427377 -5.303175233860808 1.306744666633623
11.3661612018389 -0.5150616643681584 3.678452563193352
12.27451336635772 8.638113774928293 3.66174317752478
-4.734974654458473 -0.1876960997530144 1.379649864023283
23.7210231474936 -3.423239772118938 1.388522369736193
-11.03506302542971 7.00014005060857 3.592592150813188
-23.63109616507488 -1.331301742100094 3.689396813304182
3.443945879244424 2.249846732616797 1.377252399642613
-7.933510548445854 8.657248728422038 1.322013540560468
-20.73940892605611 4.783884158884806 3.7
9.236087106200145 4.947264695365607 3.707094470846614
15.82442630362783 -0.8983454358973219 1.328383120639328
15.79872867694336 4.201238369293115 1.369294330789631
9.982380186913147 -7.539918104365104 3.983649203260422
14.71797012309062 -7.147252249813398 4.021588939533978
8.173296814475263 -6.66261353836272 2.492865602973474
-3.252582458925067 -8.554713786525092 3.670146544401799
-16.57080941945191 -6.886350789326462 1.357279699197974
-7.900513218249643 4.023315324009335 1.284421493136346
-22.28733101232288 4.248180501356786 1.289688230928393
-11.49070113259611 1.991726045552751 1.273539106767266
-9.353749781011164 6.721419781346734 4.016982101810626
-23.65311521019652 7.685734675922203 3.006037943891436
-20.68447734116871 6.884063518227043 1.255221130364469
22.27503498550911 -0.01918213171091115 1.276248989079443
-16.99341346537921 5.304215771546177 3.622819390193607
-7.189986897996762 -2.944386004322131 3.7
-20.2574507611238 8.672450227761548 1.328241707327353
-3.434384780447737 9.060276540082132 3.7
20.12398685971158 5.712249526653737 1.270413152550074
-14.40860538027355 -7.120825090210198 1.420287677332419
20.88907354451221 -4.312828120999987 2.599188785723288
10.18176192057337 -1.88910422854253 3.736990113131994
12.82909714916014 5.046817145315647 1.349559774081383
-14.6419635745907 -0.8294994216482074 1.333698985001475
6.014886884377031 -2.378603255204201 3.648763525224257
11.55917140713 2.448160677581464 2.550027829398827
17.89084117596043 0.5417763418509427 1.382692816016948
-1.25654666498505 -0.7095648140447091 2.864299951217339
-13.35083199185365 7.034514542699212 1.366226240931416
19.54969299176706 4.422847880146334 4.032376191148167
21.28730071404587 -7.467344664722755 1.331806051528616
-11.29468357225673 2.092221452997537 3.767649317614526
-17.300674482009 -1.396921630491321 1.382177541020912
7.828815419380925 -3.785889134030457 3.742483847370635
-18.36113009873947 2.085338143488098 2.595937733887831
16.6168547633117 4.422847880146334 4.032376191148167
6.968497121923129 7.572410994580245 1.357911238817006
-20.66499652059196 -1.28343036034707 3.628695288677483
1.763891531873022 -0.3700072636192913 4.098543389659071
-2.744880039853056 5.556722788828597 1.335629696887083
-2.093745009151654 -2.067535739422957 1.29470870726533
9.461982066649743 8.694253865090932 3.212629857160537
6.511695377097709 -7.592878137219957 1.334023438197218
-7.896014707118302 -2.736282789849352 1.311278201292666
3.396593004847706 -5.470232404480965 3.675190393075746
-5.497448417912693 -7.52698921764664 3.728110137648309
9.914337030240379 -6.623567307625527 4.3
-13.02847182948471 -3.531647156356662 4.048890028954991
-8.640461683952465 1.10548429289094 1.237149765224673
8.546302108782056 -3.739412424803457 1.297980559408028
-19.99843293623599 0.8364330635302726 1.245863429406587
15.33558997737518 7.073457079669881 1.341311061445256
20.23393757322468 -5.488217165452304 4.064026521687392
-1.862344651692646 2.594996829571814 1.358599736803695
-1.675126166264429 1.081325180308759 1.274830662242932
10.67365616143959 3.070512652523878 4.022351974942413
5.684460909558202 -1.506985006969415 1.355430710116591
17.48225577621138 4.62702342339455 2.549616938384429
-18.17596780832291 -7.459032318611443 1.306548002921342
0.6503643248957571 -1.861992113107275 3.962638344071489
9.403159513969051 0.840594404800741 3.704464587401713
7.844064276483237 -4.940982850517313 1.347637933369231
1.017823406694311 2.087241144380651 1.273486010128319
-22.32040651718548 -1.744963551330232 3.781406035356791
14.92748889046953 -8.751166489555763 3.573361596387543
22.20777996363854 -2.928004666525154 1.349451420278249
12.33125353480922 -4.513239157865028 1.221738805510298
-12.1395900453661 -0.05743111986315463 1.28180414899065
-11.84831161226439 -0.1436921611223237 3.788851345509515
4.761471587718409 1.215964512125122 4.049986838072492
-1.624207107459392 7.383300425349195 2.56570177636865
12.03461062282892 6.28375027846931 3.669516142176644
9.018632091443195 -8.707546819268762 3.7
19.57224723609934 4.62702342339455 2.924621970284822
-23.69407842207483 3.387980523586267 3.21211601314521
-3.400838280544099 7.683300425349196 2.903904301137567
7.028953021840415 -7.523567307625527 2.851339676732195
4.684199464685476 -2.619360171353079 1.208662260159342
-23.72459826921918 -4.114548696945983 2.334528214611916
21.86541287611718 -5.008102541635455 3.7
-19.39346021470352 4.675971981727453 2.831203664803914
10.31869834239167 -8.658866218087052 2.362960754219347
19.21588254148957 5.778352124004153 3.7
12.45917140713 2.200453787959429 2.520421036106327
23.75599502719211 8.160508380263819 1.270256664281179
12.96648632719867 -5.94470456181244 3.4
-18.79068769128781 -4.001390796089865 2.620923913507498
4.901253763789815 2.319524242889812 2.62520458121106
-2.883950928242365 0.4645427908891346 3.657355579220474
13.04383777968163 -8.81006283313814 3.750384746694853
17.46570028152619 -1.475065905604704 3.71647100273593
22.59813196221894 5.986087521745763 1.248219093452492
9.341912087643252 -2.256173106647885 1.326815515847528
-8.532974655549024 -4.342482304788174 1.232685322549568
10.68154392608169 2.184835295664552 4.3
9.169900597176493 -4.169238656342607 3.723311173517325
-0.03411292466715066 -8.722809378380417 1.263188549044632
1.16137309625915 -8.034860241934402 1.352900352508485
13.79251357804288 -8.731883688109484 2.601830627377576
0.9248539418598822 2.856060226759488 3.775628417485454
9.773788880326787 2.863650912167854 1.247256602218474
3.069031485336954 2.433316021247902 3.734299188508582
-21.12046466676455 2.646712187909936 4.3
22.40162122149151 2.890786815199657 1.312026841483454
6.106474462022708 3.963633778996446 1.228743262147391
-16.85625043827688 -5.446153051483969 2.481600961684847
5.066143733910148 -0.1116483289824893 2.597742065341127
-17.15625043827689 -4.546153051483969 2.563321745592593
-4.142776254463768 -1.972331963502153 4.316095596355643
-14.88644648334685 3.494390910368568 2.611500200321261
-22.18942201896091 -3.285317001038194 3.733977222404709
2.452885766969163 5.513650588827802 1.222701053293044
-9.695128979010049 -6.862444198848689 3.667186555869677
-16.96636865334805 -1.832751100421866 3.779273108997655
16.38287332395139 -7.065114184652294 1.293012212330482
-10.11986477140265 8.738411732548865 2.699922618508432
23.73649631160306 -6.153832167759333 3.677261004676918
-22.05866338050061 8.661709662638405 2.052751808465473
-22.2777498619857 6.157517650305642 3.75810671347375
-3.572930346355361 -7.162504787940959 1.220006353911814
16.97939262610874 -5.638638405362144 1.225914061654602
0.5361257080988887 -5.460523109602123 1.277490510627695
-19.76622071748359 -0.02923387914745756 3.781506576909129
-14.00148042214424 -4.583139266396604 1.190531468580486
-10.07800821627933 -3.635736346207871 4.034281916745031
-17.94627381887035 0.4711014901810993 1.23733205696431
17.53849058360816 -1.739592079936518 1.216197398498279
-23.71007042511958 0.9586363393512273 2.489826932644973
3.563755783689043 -4.783447647807064 1.283821004455375
-7.126323712554069 3.089581529874009 3.716096598961733
22.32135047425864 1.657316971630399 3.763678471462434
20.40467056607424 1.520271137774193 1.319353259483089
14.09638118355664 -6.932976602946964 2.693336754913767
-5.779564290949916 -5.272465888399681 3.787973822521276
-3.834276643551163 -4.182420730960033 1.309277403242646
14.77619291804449 4.173943207878167 3.711454384620406
-4.108138305986648 -7.125553407509015 3.66693775844473
-15.94881922326049 -5.715805320601672 1.221514930323441
-15.18327326940709 5.425574933723021 4.3
-16.94375101822969 2.340757474926534 2.760263238223406
-16.99267806078269 0.6400755233871636 3.726742864234434
18.99033937563609 -2.963856126025022 2.620282792845402
20.39524464245073 -0.8317227723448164 3.787201284287057
9.062343500359312 3.112978543481026 3.824076187334188
-7.284186026130729 2.845058615195446 1.251918618284144
7.12586111387637 7.11208337301393 3.688549846195776
5.614641227250416 1.769056263504545 1.23802101976933
0.6602865688139393 -3.64951595989697 1.205949939482132
-2.560868800184052 4.652833769947044 3.807734136921234
2.120436491504813 -5.104017085367484 3.71942170985829
-20.17590733354445 -2.927661989019419 3.793405887348371
10.12161543539739 7.309739288514482 1.218966125133759
20.01946555263802 -4.665841815999355 2.499244499692037
-2.921493570489829 -4.43976753226706 3.767627235156009
-21.86260571497575 -7.670746840049473 3.7
-23.97933480735827 -6.425015797297056 2.499852587252696
-14.42277630051266 -7.558194463915058 3.54073064341677
15.33081080041386 -4.823549189517343 1.249907974639129
-23.77157927609994 8.744315238211438 3.793974938418835
12.83961953568444 0.546848694189019 1.229384363254558
19.43826598776531 -7.286912528877812 3.765585577012875
-10.83474471093671 -8.688650682444784 3.42817372010892
20.47602265870357 -1.515041826105257 1.231571247942609
-9.919664090066352 7.426054453984394 1.263007493208846
21.73628772853811 -8.717409502857196 1.181796939961367
-3.425982294018546 2.431749120966648 1.269271495016688
-8.989338609966035 7.908359270932795 2.88976483785958
-2.411509986551916 -1.058017559099337 3.802474236537778
1.80776899997921 -5.84079289356038 1.287653320581887
-21.78093342848607 -3.7896273946489 1.239698055718885
3.137104019991293 5.871406738539702 3.807602529074095
-8.40290011377008 -3.847639718845326 3.811617443422294
-3.454923962993852 6.209606980362684 2.505258761826142
-7.530940679801192 4.950658497936494 4.016350796739578
-12.28254210004546 5.980744289408681 1.227646365218014
-8.164273578351395 7.857827984815479 3.983017898189373
-2.088779486634956 1.891906357682979 3.814823176499446
-15.00530609044111 6.25036365424413 2.871980358399781
13.93519700891977 2.157404880820795 1.16982078799462
22.18290720951879 1.372742406277791 1.262048188936141
-8.817216395754794 -2.178306705947795 3.155538946224942
-13.47037584562215 6.31556055891815 3.011091577976114
-21.83710776450492 -1.207653076046018 1.304061133980742
14.10652415098948 -8.708826498188026 1.19925551191816
8.773296814475263 -5.859554924976374 2.80091553664305
3.481815297605201 1.770091863006074 2.676467601640497
-5.046251487035015 2.595190845766692 1.288202244798158
-5.730079420676396 -8.705362018849861 2.793569944424959
20.61946555263802 -2.731895870789173 2.765392011544375
7.42418904696356 -8.708022067068923 1.229797067841783
-10.12449954241687 -2.64739242341955 2.625531964306385
8.884767981621525 -1.681869222430664 3.749088261750478
23.7216461675438 1.978819426176309 2.905535608622276
9.67626088739393 -8.713216321243717 1.194774947910907
-0.4730261114669081 0.5577906119358006 1.255683637817901
-2.627206960200815 -0.3918527597422055 2.694044946409019
-9.286231424692788 5.579528202457166 2.58163527483312
-19.99346021470352 1.792691539035535 4
-1.348209947275213 6.271168102864227 1.219271120326242
5.673303393757753 -8.72195917567543 2.976059427961992
11.94604109669116 -1.576644388828963 1.21263645442999
1.321932759290417 7.305035215044404 1.192603887703244
23.71188464618256 -8.569028328726933 2.753616651258771
-3.196148337694433 2.932690914303868 3.795997278233636
14.32528317664354 7.45168363754627 3.747549526502469
14.03608270387528 7.190062717317351 1.320759701932915
-14.41162658289177 -1.651120513872387 3.773213142877553
-5.715626641898388 -3.15941268812337 1.207448489518457
-9.741294219300201 4.023017803820355 2.750538073229906
-5.995283435459274 -7.481439650017365 1.19965446931427
1.682021532551184 -1.059455556232551 1.228661510073696
-4.081287902723394 -1.976637946523423 1.158018177784725
-5.310081700114131 -0.548274566179336 2.93268528972937
16.81322684203135 -3.707274912133536 3.045019263272867
-0.4921826886633436 9.072365744981392 3.7
14.69638118355664 -5.096997672190405 2.559703166231974
-2.054624794668528 4.453375010419674 1.295319102277496
23.74638138834951 8.769354981690693 3.812501702602424
-1.289491198621429 -5.275832197400488 3.78745126635951
5.973999653184329 -4.625277036212752 3.824777187198795
-18.50308665565474 8.723465850883438 3.85654698772967
7.676037725634254 1.133654782454157 4.048890028954992
-8.462753255011295 3.19898368041411 3.795498371070396
12.16978240138973 -3.036993274171013 1.137343261017812
-11.95220994560526 -8.872551139632593 1.255982605724232
-16.06625418986875 -4.54615305148397 4.3
-21.88711529776726 -8.723873655801631 1.340438857406402
2.61925631927365 -1.911719162655279 3.823683150281961
-6.98968724867972 -1.47771327414351 4.3
-18.90406206580679 -5.111231602230403 4.036615458292212
-19.16999082694842 4.687025002087503 4.3
7.048861623100368 -7.192398218918042 4.071973727930938
-8.78552773292545 -8.745970771350274 3.090045518703568
6.592002697984725 4.50795141346481 3.733559502255276
20.09641485260236 -5.736886730721332 1.150156342775794
-11.53660674731071 3.285683886709148 1.272252632169652
-20.15729463985514 5.53801909832306 1.25981951953366
13.58398211646607 3.828136904474136 3.7
12.19481455644422 1.312134825373191 4.048890028954992
15.0832065707115 -6.979394970120383 1.20721424121185
-2.298227207035926 -3.706101963557631 1.172434117876714
1.46154035936365 0.8659584076460529 2.653990881731446
-0.9236571557715805 -5.518692815418247 1.240366238155778
21.86136816889269 8.732497235970136 1.24944914910432
19.71946555263802 -2.669759492888089 4.3
-18.82085789840016 2.815454138798424 1.163272124005423
-6.818227249155752 6.151571271520203 1.207187337342742
11.61960049946364 7.465552818848891 1.271377968980067
13.59285572346212 2.714827405898075 4.051323376632372
-5.71471233664238 3.840700043293046 3.79536261323954
-16.44550531150254 6.743014211537183 1.161580175833572
-4.985337703120782 6.862301481390754 3.779492612018534
5.022516714239912 8.777890984335867 2.41818682149289
-15.17380127728432 3.94687926749399 1.237460912426998
-19.91734032031572 -7.268464524235995 3.77918024741033
23.89066932745162 -4.747321139325844 1.237126213655922
13.01306893718502 -5.04470456181244 4.3
-10.9432175097932 -4.690243222826818 1.163011079781255
11.70386470623733 -3.20551480318414 3.789266368006021
-9.284730083569469 5.841789901234654 4.3
6.884875688491814 2.69269863748988 1.270032489243086
3.243931840410476 3.708689793345304 3.770849503921274
3.428544460375386 -0.09477649102160302 3.821174112224401
3.186820887720845 0.07446872235740742 1.1868894994324
-10.68490950559413 5.110526205764701 3.812146779080366
9.898635202714198 7.50007295522613 3.773990309048814
-7.280517279971114 -7.289754857958592 3.735262066863726
-14.36679299644102 -4.86253042871947 3.809236155771361
11.89547165673228 -5.727067639836323 1.241559730458558
15.48874659308157 3.403143674090203 2.433475834483235
-22.37217185572101 -5.269449540101057 3.7
-12.36340358920937 4.259972803658168 4.3
-10.7399025523714 -2.447120953164537 1.157557814697108
10.82406620742207 -3.662926012496194 1.17585406491327
2.044479063206134 -7.104203180494217 1.272470123250505
7.961414741715195 1.082329228822237 1.183774872867742
19.5525597556942 3.415099573243083 2.734509527624545
-7.294679677193598 6.704437679536108 2.548252617018782
17.08643818470409 -8.788860610295533 2.516999105912523
-9.092783301535288 -1.654309959295844 1.129216897329506
22.38721419499702 0.6455453606818543 2.46726942690164
5.266317532521786 -7.39840922110058 3.713964838432942
3.442612518693669 -2.297550683339834 1.207319106495116
20.56357135350416 4.514090442270026 1.163994532754274
18.46743534658547 8.856038697813759 2.639165814076334
11.67027779302901 7.510346971718427 3.686166757078097
-3.10931170890545 8.785138723899323 1.173498832872753
15.82286564103621 -5.628353765072863 4.316350796739577
-9.767788874626172 -4.01248882185781 1.186482614293492
-6.696043938179781 -2.296382438123093 1.263648603270762
7.773975284101145 8.784689725423426 2.958251711551806
19.01723478986955 -8.869717769433706 2.874395420591507
18.44008231695815 -2.735614481206334 1.175686110093936
6.614631388762541 -5.390327180156946 1.225203252445335
19.56172626094372 8.887423395805495 1.236240517055702
-6.577925331560925 -4.52584727797815 1.204856045929864
5.07233575456091 7.593189595129639 1.223014017335209
16.1075639376317 7.493056043711413 3.741484066783452
-10.98038149965781 -5.126431265833392 2.803334742603314
-22.72952369266035 1.059072236311851 3.803573284091157
-22.18381982960793 -7.485536618259868 1.2838564389663
-0.8743597940095081 -0.7970449168883698 1.144630608589402
-8.526016366004933 -6.309479653175123 3.862870986847233
8.682922814387627 3.52044082101648 1.255977749930309
-10.55880301053062 -5.955985608755908 1.198288051838456
4.659727687503774 2.610497153469494 1.265661587605261
-18.31127125205728 7.306490672805462 1.202666651527754
18.15528707322105 7.139629880933123 1.246980121115089
-18.27452489047677 3.810037569826848 4.3
22.04096354463912 3.250002635314167 2.477806383175422
-23.77583143535544 1.149248908084593 1.216820480419186
-18.47938332279984 -6.48171725134705 2.659417481197774
0.103759159446671 -6.655848168980446 2.631654217315135
7.909971432558351 -5.787102962287893 4.3
17.30016848144857 2.843711866704523 1.10310729821298
-5.573466241821919 -0.5610612777895454 4.034921449253566
22.40480928979002 -6.865756835421385 1.348626541244633
0.5228052071297089 -8.473836048249181 3.790397546944638
-1.843360232478762 -4.531820688575755 2.88432440223421
0.01300266896724667 0.9550221275262055 2.811213331149972
23.81638083245077 -7.41425965467401 2.082154107703264
-17.90340669655491 -1.060201880771318 3.101479397775961
2.963252164370068 8.775482527596862 1.229763369304893
-7.166298538134205 7.654134553439486 1.158557785282736
-8.636895585572535 2.00747236950756 2.365924863284439
19.31121781315388 -6.734995480797687 2.632906734910725
12.00415223365822 5.992482688159276 1.181183427373896
-19.63584619252519 -1.753667103214413 1.219042639814589
-16.03586641008554 -5.708800829785423 4.3
-12.26746806424926 -3.079592610330569 1.168550440167822
-9.395077620411046 8.761229859532911 3.759263828164799
4.005801031279875 5.395720040221379 1.260360496816859
15.28920938821351 2.734931113559095 3.806252459315328
-16.27571231455584 7.324508161729224 3.87418331727105
-6.905034141984646 8.841536171559538 2.690599574636619
-17.48475418671504 -6.574904347767008 4.32850374843815
1.074996139303874 8.897160527038894 2.505599571382641
-14.90687710173592 6.245333699692197 1.234163688648702
13.99608336288253 -2.392765819501764 3.745113230638305
-23.07933480735826 -8.041482904412963 2.809945299191865
-18.23919403535736 2.946712187909935 3.037105796924631
-11.89795187035131 7.180498087516326 1.14713400450583
22.34955675132147 -0.9422185371886366 3.783856107745442
19.09361996921121 -8.851273994240698 1.375142923503691
-23.77233627533606 -3.633716241070491 3.792687060647197
7.133221833230825 8.820791552074404 1.381064084275835
-5.910081700114131 -3.297507727377132 2.786599635771908
5.359793739905937 -2.243731886867317 2.395604633239879
2.033170609525135 -7.617379269790751 3.749594064010628
1.75519077474297 -1.393898808285499 3.7
-15.0230791789121 3.570169345951729 3.7
-23.78010802372632 -0.8654308103117168 2.534050465304126
21.31425646071609 3.841487341252862 3.851422832024132
-7.54729147654077 5.004221403362761 2.802223092690363
7.499752287892484 1.469297931768378 2.757009333477883
21.69923631412036 -3.572984673142211 4.3
18.60572516396648 2.915582703948107 4.3
14.79293521276334 4.914767709848489 1.133591893987346
-11.52013896372321 6.063366311091245 2.911871559116138
-19.36261938544761 8.804391948964234 2.216404284396339
13.66831880764217 5.980194536513149 2.879692796325772
0.8756504472687006 1.002918471243231 4.3
-11.2108140942531 -2.163435243655598 4.022351974942413
9.443334768203847 1.824129406137744 2.564894617690486
5.716640455739499 5.15086938976633 1.119652665689396
-11.05909886176785 -7.146017287823337 1.231091845337098
22.30741765770074 5.787120382526758 3.876283200658129
13.40347445203098 -7.077424069677521 3.7
-1.059660561077613 -0.3825962995223922 4.186515742738841
-12.76351096002891 -4.732595185098785 2.681293406163705
-5.282409449533363 -3.383215844481806 3.972327749419231
11.84218930531938 4.148192624934928 3.983017898189373
-20.33659929077527 -6.930730624319541 2.432688732217402
13.90807855033685 -6.204153327726412 1.23968076113427
16.68734645795285 0.1090281925954287 2.664422517308659
20.71476513901175 6.216569626795556 3.825349827987035
-4.208042715282759 -1.688427559857796 3.45466472303207
-1.261231849410962 8.878539644497073 1.332343278830348
-6.889879555429591 -0.9055731019131349 2.669965397757709
-0.9792776812673605 -3.125398051976472 3.765631158320851
3.64873744284983 -7.557227414217126 3.85225135477976
-23.97933480735827 -8.068038303932493 4.3
23.94313757348307 3.675368376712125 1.231053544769141
19.99200552478241 -3.738493084209918 1.117695643549378
4.579664019632729 7.415005555166847 3.870039039014524
19.31551477935805 -5.489200687613317 3.7
-8.646261633061307 7.530504191775965 1.100607005936159
-15.70103095778228 0.5888575274008614 1.116821070615814
19.96200047906058 8.781756823240375 3.870633871175619
16.68573004403182 5.033579566205077 1.089676505783213
2.221138387435526 3.94309797674574 1.152375353814282
-12.70034548959836 -4.90885667107952 1.189052292558318
20.68705314643939 -7.117263213721045 3.843080150446512
18.47235940250089 4.063319846041274 1.098218591010353
-16.67787580535928 2.79023809808377 3.892930362387665
22.5710743128131 -6.599365610922472 3.843688922130531
-3.012386654912584 2.611511397695541 2.605247978999444
-22.644606818552 3.704262406745387 3.843428779785154
3.69916398538465 3.454803088733021 1.183955962923237
16.19671895332302 -3.212795577271741 1.126717281962072
-9.369065916175328 0.3116149488140693 3.804004956328543
7.127626367869745 -4.665440555811191 3.05839552198528
10.49870506006765 -0.8370744858762185 2.845005006190695
-2.487532489376305 6.584074627681431 4.3
7.184514481794187 -3.105940792335648 1.195528219966077
18.08218653340168 1.877618128274917 1.164992684010319
9.213744629977429 4.282232264525925 2.655544263487379
16.88504518797787 8.774329146644849 1.132626414739008
-16.05188881183592 -4.846153051483969 3.439046230737193
-7.890222502936151 0.1219664918076259 1.109545545033499
17.29291271145397 -4.627974275884286 3.853549706362242
10.8391064433287 5.373307117586156 3.76697536802136
15.39415969118695 -8.843369692741991 2.425105612144672
-2.871619823388608 6.774607379627926 1.123178762429897
-11.33370340906622 3.87783218620361 2.428008104975939
5.919104936237999 -0.2295777093106942 3.983017898189373
-15.73061373620831 8.485147454863565 1.101309128137585
20.20975648412224 6.951414699572445 1.151257206803054
-23.84529851090644 -8.850636632184353 1.123787695616237
-13.53831127005575 8.828692851402213 2.601519593220041
16.26301934305031 5.051879076970887 2.473896578511917
0.199269936717913 -5.064272675077564 2.622846610849858
-13.48776177753949 7.651415980714813 3.860915310944372
16.66380427632842 -4.446262035928537 1.116434220247929
-20.0236491246837 3.770498069968053 1.156509455830175
-11.25682574567816 0.7896125180622164 1.095041210104243
6.536087038048625 2.587051147671199 3.005910168890119
9.904265479115205 -1.161437726740008 1.201333139538016
-18.2576433034239 4.052477624186234 2.722343818773454
13.4519530532824 -0.1701587509364766 3.908475421591945
-12.40320302003971 -1.468804673614332 1.108510412830182
1.060709637527929 0.08883259638832042 1.105776257016749
-3.547645278171367 4.276276229926994 1.134256659396842
-22.3459119968547 6.361698163539555 1.120887022782534
8.638508921579326 7.115752345918639 2.436650133350396
-23.84413841455007 -6.828245137004811 1.162909930806161
18.97413531770843 -3.465841815999354 3.7
-22.80003212564909 7.269939842794754 3.870453965723715
15.81666666271284 -6.624318870023121 3.7
8.005126877189145 5.653167574439324 1.094095077080805
-19.90857051733003 -5.28976614999334 1.170905545383128
9.213142401993338 1.108484709174959 1.103118207810286
-18.56168799220486 6.57055340523798 2.438569389680143
-23.9237987075054 0.9732357185521885 3.734527600237938
19.70460139848645 1.392792411374502 3.800545104358799
10.84144485970863 3.782204907025918 1.174829787399923
17.31199828030487 -7.351788327596067 3.926986679603518
9.008180282229398 -0.3132130415452665 2.37276141406779
-20.15329927848079 6.307294743972649 3.890211088960179
-6.320373571706261 7.101042155662264 2.834379315844989
23.8517497623163 3.071261178785934 2.282128973771741
-17.92246692976023 -4.424428778968172 1.219925139802439
19.30016665236336 -4.754535721878015 1.134417862035503
-5.343266372651555 2.062232192481034 2.355433710355156
-6.728691715773424 8.848473719491887 1.175938157690938
4.811280668721209 1.469297931768377 3.037980350393981
7.95663254017289 -6.445592287995025 1.081314737574976
12.73656837175354 8.837027443155225 2.540998683522312
-14.36264140598941 -2.012347057460599 1.156253442497015
16.38312827565114 0.1893594723309932 1.091862819741884
11.59820575252434 -7.48443074691084 2.528733360869537
3.98717837605675 -2.507901920432187 2.469451647227169
-1.624207107459392 9.36254542573344 3.45466472303207
0.9541469135862702 7.543833972447318 3.826878154796023
20.00941029569529 0.7130582962617282 2.153862030712243
-16.7399555922014 4.284726786938914 1.130376524529513
21.32173020236065 1.723321331423826 2.530298327162474
-20.07503644514295 -7.450208240267186 1.053547131684536
12.2392670068066 3.172265884996712 1.104614670833
23.81175093000211 -2.987174767111205 2.523739583999253
-17.63604414275346 8.740262647781673 2.394943033673141
13.59369512672602 0.1628626902016903 2.11522555718449
-6.784806113052776 2.503380816104212 2.317043895060281
-8.408245245803577 5.013887469305049 4.3
-4.271737234721219 -2.588427559857796 3.7
-6.934053938160572 -1.688427559857796 3.4
-7.946085015552645 -8.768087291335435 1.217021155226446
-17.40677743840297 -8.939094776239019 2.524337643353719
-6.985528375258376 -5.085939657121489 3.86562218754591
3.231707319400026 -7.398371319623299 1.130910609866238
-17.65479235923933 -2.957163198878654 1.12192757050575
21.62831279595258 -0.4562437464970953 2.215871851624055
21.82646461600979 -6.871865821605645 2.424238444950748
17.30479690778407 7.283519202544371 3.62380081517424
16.58908269964924 1.598535375917929 2.57977895638942
-10.39546806125209 1.98775865721198 2.805269882364056
-14.52360980143631 8.145795079751144 1.140579919301577
10.641029639878 -4.012214241367089 2.466580904575738
-2.224207107459392 6.648064004151482 3.4
-5.170616120054269 3.321429865890956 2.468984272954725
-19.93805781981187 -8.905643604901403 2.2557411795274
23.87088332649083 -5.7722158998615 2.530816619401258
-3.296353290307572 -5.357791050726306 2.428840304729165
-14.18607765783698 4.762644673099167 1.125523573774309
-8.85547502570342 -5.040143513074528 2.376402823943606
1.899538056833826 7.213670058671826 2.307730016836621
1.737928444019097 -0.1095648140447092 3.060583633664447
-0.2869973310327527 -1.812233634397767 4.300000000000001
18.41075952464953 5.722666836651452 3.971496251561849
-3.256894465321321 8.283300425349195 3.4
-0.1378383155098661 4.450453488618185 2.211268958055794
-12.13316606919551 -4.899748067543759 3.7
-20.14427632709746 7.310487472586989 2.96811469277046
-8.607835076417313 5.6240475459721 1.049881607937363
-15.15064957781087 4.808592831912395 3.683017898189374
-15.53853604799146 -7.52821909242696 1.112072340811749
2.502044204213965 -4.22027037003735 1.101175253857977
-12.88681804286202 -5.926408101851055 2.911358427901392
1.71971763714983 -8.8168903773167 3.691844148634333
5.752617992841543 -4.149348075727055 2.534798148196387
18.44311589711753 -0.9458452021426251 1.04847894121608
-17.75625043827689 -3.718864173304 3.07352438561325
20.44134799825146 5.246701896183992 2.345939902995279
-19.16999082694842 1.867183172864498 4.3
18.9676711971187 7.069624761949836 2.627773975947305
-18.5764479822462 -5.769636098936434 1.07707992452741
-16.93278105052178 -3.766967496718182 4.3
0.7388264746990048 -3.303913031490029 3.884730931284583
23.831328570701 4.135939808428329 3.887951378866511
-16.99399589380259 7.600400648655608 2.814077038642124
-16.88393826349461 5.794746875676274 2.519531477686059
16.65934618748587 -0.2020873227791508 3.885664766492586
21.37522140519016 8.912239849529294 2.344892982569283
2.848498069566056 8.815289468050437 3.809524272792897
3.785426417598051 7.314799119002722 2.470353318687728
-13.39957812526854 1.689374123983785 3.815692846576459
-0.8244482221826932 -8.870240399156069 2.419288369235064
3.089739799927287 1.198991316187169 3.835040835985065
-4.535291350804525 -4.495413211454079 2.613526063091279
-23.8435932216122 5.984581418618506 2.415100768665752
-15.97255413887903 0.01874045595328683 3.921908804039597
4.084645760723097 -4.336868105128517 2.280754745518982
21.69725809365372 -4.404265067294557 1.181437288017023
23.83903156339829 5.97647020813043 2.318418697546628
12.06700878821633 -8.912380389874867 2.480337070939765
8.489392410830908 -8.592944540831523 4.316095596355643
-14.35048914579923 -0.694848959718551 2.499817708892751
2.782569741243241 4.120700131639092 2.731538113708882
-0.2869973310327534 -0.7095648140447091 2.603531209010177
2.297249057608125 -5.835539157984979 2.532883489579469
17.54592688331822 -5.954736701256865 3.817034392941555
11.26691833845789 5.715876188286881 2.691005325798055
21.53779070836416 -8.645453298108219 3.871947375585183
-22.57213532376851 2.394955533287173 2.816997057788219
21.01681033925027 7.574961862538245 2.513890190278275
15.86324780557145 -2.956089231353391 2.593923467051226
-2.613356786209124 0.8031323237924803 2.531921883624806
20.61946555263802 -5.380761262809648 3.399999999999999
23.83071960316015 0.08819341931108739 2.501174182531493
18.22775738416642 -5.774015737014558 1.158150488448242
14.13059993296945 3.911967210852502 2.559617054232049
16.75798777704208 3.727023423394551 3.7
13.34478921369731 3.982071952462403 1.121803191846413
10.86067306830757 -7.432050218326538 1.064637049917486
13.83542741429383 -4.313531172465471 3.7
-6.505504482660792 5.200750013903349 2.926082291373077
-4.030973856164371 0.7870962771525453 3.828550183607242
-22.54981998092646 0.2547958495585906 2.433315413473646
-20.99819855868359 3.048100843957382 1.149257991425799
1.751314045339816 -2.920853536725458 2.606606182829364
23.89720197988083 -8.810226259022699 3.911582341058534
1.032138607885396 3.607996919579951 2.843121189251746
-17.32289828150068 8.919226482223825 1.074625566747431
-6.442194645061448 3.76864706646861 2.841751686013414
-15.45177116052584 -2.606555273879454 1.151796328889697
7.635574601573582 -3.223772218557865 2.678232321299804
-9.677615713453672 -6.103985723541178 2.49104327260455
-15.18195125396288 7.436303437371699 2.803881204407976
-5.581368438215603 0.6322705720067524 1.149950419028539
-4.598531306650807 4.274082257138038 3.883011665318077
-14.07037584562215 3.504772266912033 3.4
1.527800804855206 5.588694047045374 2.827492292314924
18.79826920388113 5.23230349094911 1.115386980375906
13.54628911019145 -2.566968538032658 1.061707948074475
6.848500944723843 -0.036215411069763 1.030872443032089
17.77031220816655 6.007155996325487 1.154219810791328
-2.524207107459391 9.318460023924763 3.7
-23.75560021512302 8.824059787525719 2.575275072128328
-16.55984476486256 -3.705546767194293 2.821597310347013
9.115210423706767 5.106274671939797 1.076589718629715
22.60051056537655 7.752648545886214 1.141122926169887
5.370339347511782 4.392325548850081 2.4966639501588
-9.81767311214994 0.9260890078310096 1.112864039559373
-23.85406399171813 -3.976806942108874 1.080157589649146
13.12128807935083 5.859283445838389 3.937523514677391
5.0546315727711 -6.437107385066739 2.36813263722948
23.83268310089573 -1.183075359553277 2.546461616845594
-21.163303422276 -3.212501792190877 2.297317210355615
-23.87711702154428 4.359736795481485 2.41427269093825
-9.545191829299833 3.69103195395044 3.929975702123884
-21.15774239840719 2.121919712913646 3.079869248653851
-9.349280473782445 3.87657775888688 1.062341026224291
0.7099064075025094 6.536112182807847 2.661344783650566
-21.93945564195744 -6.425015797297056 3.156824029463297
13.52156417689692 -2.888509437087138 2.522274052339958
16.76203247519787 -6.377822941245006 2.341570770458041
11.85917140713 3.853146497906315 2.687062511639336
-19.39346021470352 2.547413895576264 2.532101521867863
-0.5795031375307916 -3.422906681150519 1.15596945329644
-10.01764957241881 -0.8987836818805133 1.087542371415698
-20.66064370133157 -0.1509137538462627 1.01663222310699
-12.87222921160234 -8.89199870706531 2.629959198056063
-18.8038769510467 0.3664518509872001 2.426779882122442
-15.23849827665954 2.0459595898933 3.863286824931385
-12.43728642807026 -8.863468845773225 3.737625664419742
12.06788182408691 -0.3905818886268606 1.163000338417362
-6.012032091738362 -6.29511256471967 2.545462373760818
18.5313555042854 -7.323832213698259 1.066580489982855
22.22702078428076 4.776967473462488 2.260331279636611
17.22432159557067 8.896272221102299 2.263548747540174
21.27547842008656 -0.6364348276131337 1.068371676640237
-13.20194503178618 4.067627452359385 1.142380524072129
-19.97374643124177 -3.88708575922253 2.719012663293979
-14.51496700996874 -8.815787815574952 2.841467983236452
15.98373093402662 3.055270583166734 1.098698412541362
3.044019063596465 -8.844388412076581 2.386908116136659
-1.868080536891315 -6.536860424491467 2.872724397485867
-22.28130211876347 -5.528325382480959 1.043070780701385
-1.003544391014737 3.628909184219838 3.903265022905742
2.390000681561856 -3.867859767750019 2.232584428031465
-21.34452056623924 6.915670001244998 2.245128898904386
11.47401104503377 -6.131269459376958 3.86308519272033
-18.26699086446819 7.559674268903806 3.93434193911809
-22.81188625339557 5.590677036028858 2.858395531479267
-23.89756751090818 -2.263504066367747 2.317333171858671
-9.263731196506049 6.704437679536108 3.102167077484432
4.373324416384983 -3.760119794647728 1.076902743067176
-11.70983157830542 7.607552724136044 2.823970405207578
2.276637111512942 -2.082895801123837 1.110744960181731
21.63369734317872 -3.765841815999354 3.4
15.27331247446779 -1.567980032293688 2.141818480521681
-20.89941593462699 1.050221048143432 2.567160536558516
-2.36122903840469 7.855199641497457 1.110938105504931
3.704524264484797 1.136073208326489 1.054536297086103
14.50916376521971 8.851134346743635 2.58052427413755
-14.17650406633296 -6.356769734850976 2.300167260127701
-21.4132642972715 8.538637456424137 1.054119126934958
10.82786991615862 2.335544503288439 1.101344021008807
-10.65472580844285 -0.7374410903573694 2.516300763802995
-10.49021397204175 4.745256019103621 1.075970783690838
-6.432990628600391 8.807508740134582 3.955462511637024
22.30657146401373 3.155733601707513 3.939863259340041
10.7549524561643 3.048160677581464 3.076127524844721
-6.143812422976225 4.428143092129687 1.162520332295439
-1.90082132864854 -8.894298111965702 3.773774177211497
-14.1647059105583 -3.0685974142319 2.68195097507838
-15.02675433388596 1.145241032459777 2.464595303109878
-10.08951802761687 -8.946006787247372 2.296642010820252
19.00441673453829 -8.388945791093313 3.977199557617984
5.043765480923164 6.126854239851888 1.099131330321799
-20.09091545059865 -8.723503320917477 1.078701988629388
-4.160708061781171 -8.959014700522001 1.359562084489401
14.9540427221587 6.011187305666125 2.329827593251292
-0.5714653696414714 8.53100731497123 4.3
-9.702460939131848 -8.716522589304075 3.911539202595508
16.61386407940008 7.375736889264465 2.667829839882129
3.478606119069089 7.590295097495241 1.062788894505605
3.563741640079106 8.909999973747459 2.42931441611629
-1.284391099371584 -7.624574957562059 2.198407943898893
8.604244482847045 0.09531765412291199 1.082433400864233
6.35208916633441 7.12964093374835 2.588597962163402
-2.976948334876431 -3.005891142072593 2.694584046963245
-23.92497887381621 8.862590902007712 1.108806892705427
-3.279482307653819 5.159178106711147 3.017764217099499
-6.06046058133335 -6.504494440248431 3.91324876534239
-20.29346021470353 4.565449835887501 4.3
9.276585729463022 -6.707730077090098 1.12974580801277
-6.488991692169162 5.841789901234654 4.3
-18.47938956066055 -2.782435871062717 2.541359764976309
-12.96550750585362 -0.4922310288794036 3.946478000112261
-23.40783855579642 -5.323996372891625 4.32850374843815
17.29378275204468 4.022738454116102 1.044891655275529
8.898849790164986 -7.825110507953767 1.176688391177181
-5.79455457787502 -1.162670526705082 1.022224480036556
-16.22398270099675 -8.93510096234569 2.537137762473549
-12.92228677810938 7.790708148984946 2.177348345006171
-3.279812420899507 8.53100731497123 4.3
-11.46589295751766 0.4957927094663696 2.217616547419089
8.991237111881416 7.643817234559984 1.069327034984
13.02377460786627 -5.450155004381895 1.038707140145055
-15.98643043738005 -7.672340110999612 2.195200858439348
11.31498814581834 8.857199331974533 2.508130360330566
12.4521491381809 -7.806366162635776 3.919914992500366
10.92939707104994 7.328395652282149 2.55403162178193
-2.458823502925213 -8.952347737886143 2.347427991956622
23.91264525980653 -4.30809859088886 2.325838738898684
-20.32633019972371 -5.597993266101664 3.921592653194731
6.272023634247994 -8.909966080210069 1.204930611365145
-12.76830777445298 0.08516442470986246 2.265484041754424
-1.324207107459392 9.294470157644561 4.3
-4.879740332980496 0.4198520985223035 2.422797357953284
-7.410457631987595 1.098572378412034 2.843768832942439
4.613001034187985 -8.875834291967086 2.367323964933273
8.508866087808151 8.894544774407473 3.864623074896443
21.68239536669144 6.29458980466158 2.400412422116505
-2.041763034001908 -0.9132514647924845 1.082207981357313
19.38491410626931 4.02702342339455 3.4
7.081931385681242 6.39501222461837 1.141948050661957
18.92633471233815 1.531915682940439 2.69426438242019
19.00113799371637 -1.795689984556214 2.736934142439166
11.97235418648273 -5.239329809443036 2.306522212348625
5.352118763176319 0.6331396923494315 1.102846433147522
-23.07933480735826 -5.412195625909474 3.399999999999999
-10.23162339009546 -2.967290305670882 3.7
14.91395774917565 1.328754443344632 2.463270049387125
-11.81739874458347 8.927863561103937 2.679580682515979
9.135308354738298 1.951680177013157 3.963590224441818
1.893110506801623 2.233160477547804 3.991925667503224
7.671290109853815 -1.5828421656436 2.313811137637612
-0.4245275749919772 -2.811308582975292 2.43680903328309
17.48225577621138 5.63802053373441 4.3
-16.2506196770387 8.99805637896559 2.502084238447994
8.371811804409083 5.983675103730009 2.252318565821551
-21.80552120199249 1.753786958916332 3.981493056612474
-4.449593288315169 7.788297249691738 2.397637311214179
5.409637091882162 6.407375515450408 2.567269538840792
-15.77727838919587 -0.9330506569306944 2.647068146140211
1.373228082155296 3.974993452722652 3.899488539688716
-13.71670694082112 5.960805357434955 1.084080740842607
-12.60188418635354 -2.301862615186778 2.754324619458763
2.149062777952054 -1.17792963861762 2.354289814407432
4.941141254463606 0.5692979317683776 3.7
-0.4819559186356294 2.996749714821805 1.079351880769193
-0.4449248800850651 5.558685918086947 3.865558376186273
-5.118582236770747 -8.92508674692858 3.748355776664132
-3.760565194313902 1.49818512823479 2.318036892846582
9.826414843775977 5.926541432442992 3.938624395765435
17.58933192724719 -2.838640359189679 3.923133795740143
-5.284607027627042 5.626128868884252 2.673083215742845
2.237252932593176 8.99411286348564 2.480626499984319
-2.52263639788183 -2.401863979036268 3.837926611523981
-10.20791269873221 2.491619128283174 3.974943727426341
-21.07297859659058 -4.709683492024494 2.55962282269802
-7.56764234298184 -7.095297051107254 2.623206518599419
-23.42845896207549 -5.671436562972012 1.075024781370403
14.01542240308442 -1.746056724587363 2.28407409154829
-6.893100087642967 -2.588427559857795 4.3
-12.82861954051214 -3.867290305670882 3.4
6.836087038048625 -0.1264988220586369 4.3
-13.28828008491884 -6.886803606962132 1.107915001656483
9.898893091387686 6.428820688933198 2.614120606170701
12.10796476595921 -1.307308560881779 2.332467984535285
-14.78599334087188 -7.543757699682911 2.435905596539897
6.089729569076384 5.291872250314494 2.339262117761668
3.646158371677648 -2.442724079108641 3.944919845977588
0.1323442613914473 -7.593008651482399 1.029237736474765
-10.35345023826845 -4.784181238399997 4.3
-16.3373311323912 0.393787184671027 2.622572653915998
-4.33514407380429 -7.760481558150046 1.994770310436089
17.64569126869771 -4.217860738099996 2.415138111369097
20.36867513067252 2.340096897487126 3.901977507724685
22.61111721440363 4.839958615160889 1.03099947929703
-8.702323745409226 3.562789025240523 2.511883247295972
9.073296814475265 -5.929726608824859 4.3
15.22877720416711 0.06628836001829375 1.078301970524464
-18.7531138802951 3.970914894152166 1.076333754386427
0.8373929502668248 6.108436616344441 3.961269321852428
8.196756769402018 3.72117642438904 2.29019867087033
7.549741309726178 -8.655705540398538 4.3
3.266004911153911 -7.561326668201104 2.757062217823884
-23.90469300242275 5.565378454063805 1.028830627498465
15.00249017716175 -2.926132234673023 3.963558852496176
-21.19607943993516 5.809598478911626 3.990820245528454
8.20118197394924 6.764714234107756 3.969125653558264
-22.27252979625558 -2.389802531103498 2.631968346262679
16.67793896604353 4.62702342339455 3.144411571585982
-19.34592135470356 -2.129343188445676 3.924482042467373
3.021879872892353 -4.388604529291706 3.856542816464461
-8.092095399258154 -2.802292140162864 2.501470711614531
-8.857365206704339 -7.627200043499945 2.440920811249367
3.987848519128149 -0.9831851209223466 1.014213089966459
15.97396493859695 8.861424534977667 2.67728872065485
1.340013582389625 -6.300380602900397 3.980659859640288
19.49327653061171 2.219740227035646 0.9709200745235159
15.26034026786959 -8.92061209672211 1.078496013052904
-11.9832653539409 7.631204050752122 3.950110142359917
20.71929810424941 7.380660333420877 3.850430923869975
19.97748681734069 8.975765078826363 2.312500737916759
8.547809333129122 -8.930908042343708 1.089622241117954
-15.15145423526338 7.584903241177093 3.967883973986051
4.142422567652533 -8.9389441545385 1.162152666372945
-23.96643542311138 2.623904765608597 1.072813843240261
-13.23701654891184 1.342600217517558 1.11880971979347
-7.505933114863747 -3.871867353990455 0.9924725160522981
7.286915467402502 8.475776318123927 3.997450823728032
-12.94463346959302 -4.383096958181985 4.3
10.12192462665922 8.961993820559428 2.31573329841012
16.207120911248 -1.581907285627332 4.027632804494241
10.53841888144874 -2.308470973560065 2.602361343073223
-1.324207107459392 6.694941115685519 4.3
-11.05867276289649 -6.278149924752566 3.874321869056909
-3.078746501532851 -1.489883387128721 1.452754100849326
12.79712739577194 2.131223413667976 0.9913275064673186
11.90439190403888 6.732947407968904 2.40386324362121
5.412237914204145 -7.46739948986227 1.010034354453981
10.95597663203098 3.930143611927021 4.3
-3.800038176336414 0.4204027599982079 1.091092535154949
23.33363657762651 2.141049585454326 3.96495099391556
-13.2569124756588 1.047684308276084 2.666310609038111
-19.07413190270909 -1.389653299279087 2.154471936657584
-0.8610318760599823 -1.979750346952728 0.9661167126949968
-4.126255752899518 -6.176538408240892 1.009068523416974
-22.40506826596364 -0.5621052257565986 3.822742894218836
-10.05722652818078 0.2417277357852908 2.735877620704391
-17.13330979868555 -5.747284839194927 1.005761306072749
-10.82287851039471 -7.580757074883016 2.48379375642293
21.62737252691883 -2.520972306641827 2.254399289534639
-11.73477421097456 1.567941482820717 2.720417008803274
-3.520953230650994 -6.155450366423482 3.852580282485024
-7.951815491731463 -1.632420546449936 0.9987257111137736
-22.82848495110655 -0.7541007413537906 1.010317221459183
-4.370334813409855 -0.852596203161911 4.3
22.78035709031265 -1.415442216655975 1.01173374539243
-4.598144419641036 -2.990152202150492 1.011419663228533
-0.08145018476389754 2.268172622907035 3.916535495096477
-2.467367289919922 -7.797883871614276 1.183207404409442
-15.8182721528968 -0.5514536728348078 1.136188298377152
11.9456983253018 -2.442168439250519 2.333570500600689
-8.346762639011484 -0.4341400828011637 3.908511120159794
-22.77933480735826 -7.025015797297056 2.636803948126369
9.305516809642562 -4.363227207770427 2.342780198677485
-18.50409185468827 -6.448466247000358 4.3
-0.3666762753095607 8.864807809664804 2.500337206997963
10.89241739870287 1.714646115597427 2.769060855705262
1.565023327844181 1.113446553265989 1.021297454610072
-14.07037584562215 6.107228737687019 3.4
-23.98258918364829 3.030067095221325 2.169954979543109
14.87599793980679 6.06356555316416 1.059743949107929
22.54770876434556 0.2027348538913477 3.950810758588726
17.64139412769409 -3.039504165379939 2.624708754080335
4.961533165802194 -1.203541922165358 2.921176807337208
-16.8498552014814 4.227819936718644 3.981335643664855
-13.03469188593212 8.995682690180951 3.99029417915407
-18.55694866947006 -0.8494618657585672 4.015678223376973
-22.78568541812146 -2.25284688940194 1.01670996010969
-18.38320713250463 1.085903379197145 4.025141066283167
-5.705851413884403 0.9783552682327419 3.980641984398635
0.6938327493722705 -1.594817300086776 1.026383595526754
-1.370981795911306 -7.500722983724097 1.066532747522013
-8.570569971819108 9.003295516985769 2.491401654188691
4.216276901130998 4.588596035189709 2.205849802378735
-15.67792741968297 4.22011539940724 2.224441759304709
1.547035404163695 4.852847859008531 1.01097008559812
11.55917140713 1.469529934203326 3.7
-1.86333935249878 -6.258088095758326 3.978271246415943
4.425824672597122 -7.518008818455659 2.6738129267579
0.01300266896724667 -1.688005944798027 3.45466472303207
-19.53385572495445 1.848558343596304 1.004321401691075
-17.22097662109813 7.560010110033206 0.989559284642502
-5.046956216272022 8.588612381196334 3.98294584769436
2.617293658606204 -3.049096839090969 3.88907637440234
19.26982280161727 7.889209826743518 4.017938021409599
14.77559721323768 -0.8114219416353322 3.99467102191409
22.64556106523048 -8.962346647352231 2.523663896551064
19.79770784791069 -7.82967443311084 2.468133966034255
8.736576481581086 8.974016618423892 2.38183223350136
19.25368677227099 0.2917278375907669 1.04616421488362
22.96309326238458 8.949411286011193 1.024628197730944
-1.164539943635584 5.410381734423833 2.679457182809878
-4.229242155352848 7.585792685865855 0.9996441267282763
15.59514908147329 -4.464689584629145 4.3
21.59707133009048 -4.665841815999354 4.3
-3.172454000699773 -7.7667030237584 2.854088009961371
-21.07282631555972 5.92364511249251 2.730233781719965
20.59339817791637 2.982129563529324 2.584933215017253
11.08327366980924 -5.373150211333546 3.111479007444139
15.67269968346742 -5.94470456181244 3.4
-12.52331376102571 5.937820581175989 4.3
-16.23637729105887 -6.194894276429029 2.745218429914927
12.33142616974248 -0.04108706746957297 4.045290311411911
-1.939738190758472 -5.95972841887485 0.9877625046346523
-15.03214999817143 -8.95229184131119 3.84136737896987
-4.377735243186496 4.342712561396121 2.473372072830574
-3.909973540003288 -0.8660293110393625 0.9935183163430207
-16.58131103220781 3.409728914061597 2.635723920981725
-21.64441124654169 7.728508391567884 3.92597197777169
-17.14572055633958 2.939686443440721 1.004673215802242
-2.859275239350252 -4.678923965489898 1.006959220646404
-12.49447708103381 4.525574933723021 3.4
22.72996441481363 -2.652011499781432 2.598688576732164
19.52935982437194 5.867213869771287 2.612872525107957
-15.82443745010593 -2.789864300706217 3.957193087330781
-1.821376395951085 -7.550180570384658 3.973527843172775
7.584682533708012 7.640107878015868 2.728522456891942
-15.80905881298833 -7.495090818731973 3.98778991142252
-22.11158838214009 5.015708056930397 2.106784321828462
17.2976653031786 1.982101051695815 3.377893870314861
1.793269952576624 1.790145875512455 2.045893980786639
18.1879693939047 -6.131417908364405 2.424965466732023
-18.67720801361308 -1.142650706608945 1.074391308730337
-9.931999363118859 2.906503415132394 0.9947364472025365
5.709297392577776 1.469297931768378 2.694338034747287
5.731011824538088 2.909655327998474 1.048148818248147
23.87647864481553 6.191008794116042 1.066901684078816
-21.31935115448585 4.77627827066012 1.029459297025497
-20.52430625693501 7.552690006800174 4.012087050009372
-16.79460479920298 0.8341487672674007 0.9542726694704716
13.49166911003054 7.327341928033773 2.320391339326709
-14.64675765052784 6.199607171246615 4.3
5.171883888652784 5.965211906646797 4.05975073726611
9.535920722173723 -8.058010480359528 2.541674558802463
-22.53822275360411 8.659402184129597 1.027649985928241
0.2339376070479086 7.554138536094242 0.9698547366728452
-10.25027781804484 6.100978568751604 2.302078961138434
22.72174007984325 -3.928085061258655 1.229748127186546
7.343065835160015 4.908786480592549 2.473764356156252
-23.90661564210086 7.562157184056533 1.026118772576216
5.162748135064801 2.438747835278373 4.3
-11.34331025986684 6.003392364948251 4.026159553447435
-5.910081700114131 -0.7170379937941651 3.4
-7.937860787104512 -8.520277134156839 3.901672996461278
12.45917140713 1.359445644942386 3.176586096655154
22.86435730632046 -5.483794808780579 4.009590168451873
-2.224207107459392 9.148234816141064 2.782052999661652
-8.147291476540769 7.744093161801799 3.047930557891816
-6.977509593809366 -8.912459476937142 2.465385407367285
1.339173987326855 3.261674046033032 0.9737594934145264
-21.05427766115768 -8.423543753590975 3.98831534271252
23.0837052286427 4.975500551874002 3.987264861811838
-0.5351613494714048 4.123599391450367 1.053049058850772
-11.23316606919551 -2.263137504020207 2.982661535386467
4.327214771312428 3.922561799121798 4.015902583457732
10.29251788546042 0.03655038728705573 4.027265299822081
-7.00854699972319 -4.910561891029564 2.751882089856197
6.254379789430434 -6.392431268474892 2.498391186528411
6.836087038048625 2.438613281524068 3.7
-8.190291330994489 2.115368731057918 1.018980310282135
5.390266953280075 -5.426064371900734 1.022298322719082
-1.996579911475879 3.937685445351984 2.392453591888707
21.34174019815854 -1.432713601300084 3.899752968869581
-8.348082678070524 -2.740345199707529 4.011817111961002
-9.223652769489473 -5.43273195169862 3.976129364932997
-6.102938842971274 -2.288427559857796 2.718879168781977
-2.6337840869372 -8.909719686855215 1.206483208246376
-5.033350026060149 -7.267164328699492 2.727625254002053
-20.15569702868004 -1.780947931499945 2.757225339795036
-15.75231814783972 6.062780492830913 1.953020523461237
19.77554887447441 -2.639849853527584 1.014511594764686
-11.90721272828634 -4.132577221232816 1.010740050860254
14.70263036280297 1.035937604022253 3.973755277716639
20.69705246453746 0.2546695667520191 4.042488992088884
-6.414747252825278 -0.6000904900613194 4.3
-22.40939464225097 -8.99262496554927 2.32158999549713
17.78225577621138 3.72702342339455 2.654497553830007
-14.33132961488495 3.516864197439796 4.3
16.85847075166542 -1.427275594631908 2.378122097655704
-17.38184929332481 -0.8017362163561588 4.061266883408416
-9.208114186954115 6.568484957156503 0.9654597164035309
9.848483267877464 -5.888484567018462 2.480720850693321
-11.46839966049344 -9.010536677497386 2.256258859329985
-16.32247558192945 -4.107637389609963 1.009565046888355
9.676660940577937 -2.867576790660701 4.052723874240989
-16.03808999023855 -2.285498553651798 2.483273251923904
-1.949471123965904 -2.557078351077542 2.664474847740792
17.98413667345336 -0.8144293922478762 2.38813462718442
18.38225577621138 3.051741074755377 3.399999999999999
15.23236943291444 6.818307869843366 3.968722407530185
22.59464856872813 8.893632154932536 2.081794490322924
15.56552883489176 -4.399596781809143 2.90304649970376
2.618989875615879 2.555573863235697 2.630525579365507
-18.21403713614913 1.892112047459579 0.9772037341756561
-20.39126717023833 8.924932133616485 2.760497490425612
22.61866971206727 6.900455609234159 2.577144328468711
-21.29959646802785 -1.079319709523901 2.728571581973959
1.479668798985201 -4.651875045883235 2.782054094716288
0.9165007789857913 -7.521177074322104 2.391642472059059
3.79173201203488 -5.852485104382582 1.040337073279925
3.88297713608691 -5.558701968543263 2.670412568615813
-21.84077743112521 -4.322278428577491 3.971996239971499
17.61729081378206 -7.725979332539143 2.12508582567345
6.836849777307588 -6.462445592618204 0.9608233187129157
-0.01222034856459364 -6.744660072140971 3.967263537723813
-15.08213805693788 2.289070091817884 2.323074776642642
-16.61294264141017 1.673922444904397 3.922175110105252
-17.75625043827689 -5.74615305148397 2.726763313408087
-19.39346021470352 1.973559838396653 3.399999999999999
-17.97676080472721 5.677733263222116 1.031540112187546
0.6130026689672466 0.1904351859552905 2.741550249487227
-14.73448813983063 -3.936923395203633 3.094861258847126
-7.122841365027981 0.5934743378153629 3.933910327475741
-15.70791403323679 2.473078539403366 0.9697422419988538
-18.21696913678778 -8.092936294344845 2.225156598109145
-18.43121761681302 3.546712187909935 3.399999999999999
15.7259473601996 -0.2891198775976208 2.259103241403459
-4.81221518535324 -4.771543450835042 4.033275411506078
-14.78055011130649 1.219538735970303 1.077721153615152
-0.6627612776858035 8.283300425349195 3.4
-10.52278630084634 1.082618705060201 2.105905454366627
-17.51670255933123 -0.009499186277617366 2.566085836762699
5.206399296246644 -1.404127438440646 4.03189364835914
2.144753791477696 7.480932911258374 3.948160001400331
-5.786735541443001 8.266284792793048 1.010306364763589
-16.3043431764702 9.030140308428807 4.024232801546719
0.1521292421152345 -8.952730921044381 2.888314883812455
10.86789651426115 -9.037443867171065 1.011462190705689
7.831246359021388 -1.886016072193794 0.9540660966600349
-19.11611505746388 -8.986599500121109 3.613355661310809
-7.427659640908127 -5.849165809965074 0.9232804071765375
-19.99346021470352 4.091949850441813 2.631298132979041
-13.4869626377855 -3.258165955027484 0.9673974971771832
6.767845633906592 -1.605959611645706 3.925214484596229
-7.425303577637339 -7.734995262918669 0.9959299568845941
-3.296168224472996 4.389847873007374 2.212991094246013
-15.19046577410296 9.016384428046534 4.023728957738176
-24.05057253102729 -2.59911556823076 3.948851084779097
-8.938334596486909 7.647050897297349 4.3
-2.292135342420596 -5.771583311896209 2.184212145205983
-1.837013555851741 -4.328682974340383 3.990303777927044
21.23361631340854 -3.397415228134641 1.08876515036204
-23.89262715809319 -8.882056372670553 2.285587722432325
10.69673647390945 0.2718960712021575 0.9145799833860246
2.049150636297421 5.851462316425933 4.036356807308621
-18.8818994491763 -7.665653995007374 3.69931213940333
18.89049955242253 8.974100459514673 3.657747647993355
-9.12527747454512 -1.321778692696362 2.272782004972536
-18.52727132890582 5.261463211528051 2.083486878963883
10.28303061024245 5.97619788507185 1.050435855690486
10.17862687858576 -4.486419981315599 4.076595600562327
12.81582386571918 7.896955283914394 0.9704690918660321
14.14277327005058 -4.097222517118598 1.101751599977237
0.1550500919908415 1.43987645976973 1.009103905633013
-23.91932311524759 5.433001595434905 3.976478926071983
-3.711149048229643 -8.89944416867038 2.720338960855284
-6.7738175391743 7.661446967429429 4.3
14.94701876278201 -5.850164782716393 1.075210019070117
-19.02027711209432 0.3909025007431048 0.9703252653739444
-5.744801229949743 2.083703866209472 4.068442842098598
-4.564040637880188 4.809574131424799 0.9835024441911834
19.63230447420018 -0.6106500685323645 2.676307674017516
-18.83777667102078 5.804946251301882 4.031242900128116
-9.066197252358306 -1.553830564229999 4.037062954871007
-18.49666660897605 -3.876124997536899 4.3
-5.70106148347731 8.96970381280671 1.866093845276723
-13.49650105442889 0.6094554767231877 4.041873801406155
-13.1993109076865 0.0773460813574991 0.990506924468343
11.36828420562831 -0.05572789255203137 2.391636488857519
19.33104327400901 2.43805639793085 2.043932640521564
-8.161547595487614 -0.8498300015192396 2.899594234718628
14.85107808507643 2.763316977851825 1.032324645233941
12.5126018971013 -6.86719693547004 2.614652948933339
12.75917140713 3.048160677581464 2.74571061416141
-16.51172544968306 -2.090187194455645 1.034408339953081
-22.38045086478609 4.771308159618473 3.994643891388582
2.024668106343785 -9.055040117340422 2.301652987507762
19.54250292857437 -0.9913986620484265 0.9362321417884365
13.41376257582175 3.048160677581464 3.4
6.714551314124436 -2.121267087011233 1.016201986247699
8.596636174483487 -2.016533942780804 2.735571827302208
0.8550483874580741 8.920562214615824 3.903688723602871
-21.01920048531984 -1.86826048477369 0.9631760516725256
21.73682883981813 7.774976839552234 4.017494863721353
11.96063440651724 -9.056209375720719 1.003715382578355
-19.99346021470352 4.548211286326945 3.399999999999999
8.756357322514331 -3.3638038389234 2.314782660887083
-11.93387697764129 9.030231216563648 4.037711027381004
13.17491310350222 -1.050226563475267 2.451206558672338
13.37508134624997 1.640016751454595 4.3
-12.74891247087812 2.007343143941151 2.468655473045683
20.72003456566654 0.002958882536967855 2.659473271781431
6.35847369214908 9.046981851784787 2.423215052507367
-1.803608731257948 0.9833389840633728 3.258589795193718
20.87747787745026 3.461708932520136 1.063986948684044
-10.37366073759472 3.082554396803127 2.558104228941883
15.6597658029875 2.339008382060247 2.665331553901749
16.04915080398748 8.92814305878132 3.899573283587323
22.50846446143056 -1.610123693330948 2.315189049372441
15.60033694784713 -1.897921587441195 0.9217717904340585
-15.04745737408646 -6.71238893171315 3.210717767195554
18.35173188615536 0.4239459356116909 2.657666402535765
13.18687844756242 6.040292611013833 1.03786085787298
20.58328794388467 -6.708314940833628 0.9410685992526473
-12.92657832933419 -6.054085137427361 4.052796452103788
-21.02335096824904 -9.003953323702477 2.406554804704503

CELLS 29522 139270
1 0
1 1
1 2
1 3
1 4
1 5
1 6
1 7
1 8
1 9
1 10
1 11
1 12
1 13
1 14
1 15
1 16
1 17
1 18
1 19
1 20
1 21
1 22
1 23
1 24
1 25
1 26
1 27
1 28
1 29
1 30
1 31
1 32
1 33
1 34
1 35
1 36
1 37
1 38
1 39
1 40
1 41
1 42
1 43
1 44
1 45
1 46
1 47
1 48
1 49
1 50
1 51
1 52
1 53
1 54
1 55
1 56
1 57
1 58
1 59
1 60
1 61
1 62
1 63
1 64
1 65
1 66
1 67
1 68
1 69
1 70
1 71
1 72
1 73
1 74
1 75
1 76
1 77
1 78
1 79
1 80
1 81
1 82
1 83
1 84
1 85
1 86
1 87
1 88
1 89
1 90
1 91
1 92
1 93
1 94
1 95
1 96
1 97
1 98
1 99
1 100
1 101
1 102
1 103
1 104
1 105
1 106
1 107
1 108
1 109
1 110
1 111
1 112
1 113
1 114
1 115
1 116
1 117
1 118
1 119
1 120
1 121
1 122
1 123
1 124
1 125
1 126
1 127
2 0 128
2 128 129
2 129 130
2 130 131
2 131 1
2 2 132
2 132 133
2 133 134
2 134 135
2 135 3
2 0 136
2 136 137
2 137 138
2 138 139
2 139 140
2 140 141
2 141 142
2 142 143
2 143 144
2 144 145
2 145 146
2 146 147
2 147 148
2 148 149
2 149 150
2 150 151
2 151 152
2 152 153
2 153 154
2 154 155
2 155 156
2 156 157
2 157 158
2 158 159
2 159 160
2 160 161
2 161 162
2 162 163
2 163 164
2 164 165
2 165 166
2 166 167
2 167 168
2 168 169
2 169 170
2 170 171
2 171 172
2 172 173
2 173 174
2 174 175
2 175 176
2 176 177
2 177 178
2 178 179
2 179 180
2 180 2
2 1 181
2 181 182
2 182 183
2 183 184
2 184 185
2 185 186
2 186 187
2 187 188
2 188 189
2 189 190
2 190 191
2 191 192
2 192 193
2 193 194
2 194 195
2 195 196
2 196 197
2 197 198
2 198 199
2 199 200
2 200 201
2 201 202
2 202 203
2 203 204
2 204 205
2 205 206
2 206 207
2 207 208
2 208 209
2 209 210
2 210 211
2 211 212
2 212 213
2 213 214
2 214 215
2 215 216
2 216 217
2 217 218
2 218 219
2 219 220
2 220 221
2 221 222
2 222 223
2 223 224
2 224 225
2 225 3
2 4 226
2 226 227
2 227 228
2 228 229
2 229 5
2 4 230
2 230 231
2 231 232
2 232 233
2 233 234
2 234 235
2 235 236
2 236 237
2 237 238
2 238 239
2 239 240
2 240 241
2 241 242
2 242 243
2 243 244
2 244 245
2 245 246
2 246 247
2 247 0
2 5 248
2 248 249
2 249 250
2 250 251
2 251 252
2 252 253
2 253 254
2 254 255
2 255 256
2 256 257
2 257 258
2 258 259
2 259 260
2 260 261
2 261 262
2 262 263
2 263 264
2 264 265
2 265 1
2 6 266
2 266 267
2 267 268
2 268 269
2 269 7
2 2 270
2 270 271
2 271 272
2 272 273
2 273 274
2 274 275
2 275 276
2 276 277
2 277 278
2 278 279
2 279 280
2 280 281
2 281 282
2 282 283
2 283 284
2 284 285
2 285 286
2 286 287
2 287 6
2 3 288
2 288 289
2 289 290
2 290 291
2 291 292
2 292 293
2 293 294
2 294 295
2 295 296
2 296 297
2 297 298
2 298 299
2 299 300
2 300 301
2 301 302
2 302 303
2 303 304
2 304 305
2 305 7
2 6 306
2 306 307
2 307 308
2 308 309
2 309 310
2 310 311
2 311 312
2 312 313
2 313 314
2 314 315
2 315 316
2 316 317
2 317 318
2 318 319
2 319 320
2 320 321
2 321 322
2 322 323
2 323 324
2 324 325
2 325 326
2 326 327
2 327 328
2 328 329
2 329 330
2 330 331
2 331 332
2 332 333
2 333 334
2 334 335
2 335 336
2 336 337
2 337 338
2 338 339
2 339 340
2 340 341
2 341 342
2 342 343
2 343 344
2 344 345
2 345 346
2 346 347
2 347 348
2 348 349
2 349 350
2 350 4
2 7 351
2 351 352
2 352 353
2 353 354
2 354 355
2 355 356
2 356 357
2 357 358
2 358 359
2 359 360
2 360 361
2 361 362
2 362 363
2 363 364
2 364 365
2 365 366
2 366 367
2 367 368
2 368 369
2 369 370
2 370 371
2 371 372
2 372 373
2 373 374
2 374 375
2 375 376
2 376 377
2 377 378
2 378 379
2 379 380
2 380 381
2 381 382
2 382 383
2 383 384
2 384 385
2 385 386
2 386 387
2 387 388
2 388 389
2 389 390
2 390 391
2 391 392
2 392 393
2 393 394
2 394 395
2 395 5
2 9 396
2 396 8
2 8 397
2 397 10
2 11 398
2 398 10
2 9 399
2 399 11
2 9 400
2 400 12
2 12 401
2 401 13
2 8 402
2 402 13
2 10 403
2 403 14
2 13 404
2 404 14
2 11 405
2 405 15
2 15 406
2 406 14
2 12 407
2 407 15
2 17 408
2 408 16
2 16 409
2 409 18
2 19 410
2 410 18
2 17 411
2 411 19
2 17 412
2 412 20
2 20 413
2 413 21
2 16 414
2 414 21
2 18 415
2 415 22
2 21 416
2 416 22
2 19 417
2 417 23
2 23 418
2 418 22
2 20 419
2 419 23
2 25 420
2 420 24
2 24 421
2 421 26
2 27 422
2 422 26
2 25 423
2 423 27
2 25 424
2 424 28
2 28 425
2 425 29
2 24 426
2 426 29
2 26 427
2 427 30
2 29 428
2 428 30
2 27 429
2 429 31
2 31 430
2 430 30
2 28 431
2 431 31
2 33 432
2 432 32
2 32 433
2 433 34
2 35 434
2 434 34
2 33 435
2 435 35
2 33 436
2 436 36
2 36 437
2 437 37
2 32 438
2 438 37
2 34 439
2 439 38
2 37 440
2 440 38
2 35 441
2 441 39
2 39 442
2 442 38
2 36 443
2 443 39
2 41 444
2 444 40
2 40 445
2 445 42
2 43 446
2 446 42
2 41 447
2 447 43
2 41 448
2 448 44
2 44 449
2 449 45
2 40 450
2 450 45
2 42 451
2 451 46
2 45 452
2 452 46
2 43 453
2 453 47
2 47 454
2 454 46
2 44 455
2 455 47
2 49 456
2 456 48
2 48 457
2 457 50
2 51 458
2 458 50
2 49 459
2 459 51
2 49 460
2 460 52
2 52 461
2 461 53
2 48 462
2 462 53
2 50 463
2 463 54
2 53 464
2 464 54
2 51 465
2 465 55
2 55 466
2 466 54
2 52 467
2 467 55
2 57 468
2 468 56
2 56 469
2 469 58
2 59 470
2 470 58
2 57 471
2 471 59
2 57 472
2 472 60
2 60 473
2 473 61
2 56 474
2 474 61
2 58 475
2 475 62
2 61 476
2 476 62
2 59 477
2 477 63
2 63 478
2 478 62
2 60 479
2 479 63
2 65 480
2 480 64
2 64 481
2 481 66
2 67 482
2 482 66
2 65 483
2 483 67
2 65 484
2 484 68
2 68 485
2 485 69
2 64 486
2 486 69
2 66 487
2 487 70
2 69 488
2 488 70
2 67 489
2 489 71
2 71 490
2 490 70
2 68 491
2 491 71
2 73 492
2 492 72
2 72 493
2 493 74
2 75 494
2 494 74
2 73 495
2 495 75
2 73 496
2 496 76
2 76 497
2 497 77
2 72 498
2 498 77
2 74 499
2 499 78
2 77 500
2 500 78
2 75 501
2 501 79
2 79 502
2 502 78
2 76 503
2 503 79
2 81 504
2 504 80
2 80 505
2 505 82
2 83 506
2 506 82
2 81 507
2 507 83
2 81 508
2 508 84
2 84 509
2 509 85
2 80 510
2 510 85
2 82 511
2 511 86
2 85 512
2 512 86
2 83 513
2 513 87
2 87 514
2 514 86
2 84 515
2 515 87
2 89 516
2 516 88
2 88 517
2 517 90
2 91 518
2 518 90
2 89 519
2 519 91
2 89 520
2 520 92
2 92 521
2 521 93
2 88 522
2 522 93
2 90 523
2 523 94
2 93 524
2 524 94
2 91 525
2 525 95
2 95 526
2 526 94
2 92 527
2 527 95
2 97 528
2 528 96
2 96 529
2 529 98
2 99 530
2 530 98
2 97 531
2 531 99
2 97 532
2 532 100
2 100 533
2 533 101
2 96 534
2 534 101
2 98 535
2 535 102
2 101 536
2 536 102
2 99 537
2 537 103
2 103 538
2 538 102
2 100 539
2 539 103
2 105 540
2 540 104
2 104 541
2 541 106
2 107 542
2 542 106
2 105 543
2 543 107
2 105 544
2 544 108
2 108 545
2 545 109
2 104 546
2 546 109
2 106 547
2 547 110
2 109 548
2 548 110
2 107 549
2 549 111
2 111 550
2 550 110
2 108 551
2 551 111
2 113 552
2 552 112
2 112 553
2 553 114
2 115 554
2 554 114
2 113 555
2 555 115
2 113 556
2 556 116
2 116 557
2 557 117
2 112 558
2 558 117
2 114 559
2 559 118
2 117 560
2 560 118
2 115 561
2 561 119
2 119 562
2 562 118
2 116 563
2 563 119
2 121 564
2 564 120
2 120 565
2 565 122
2 123 566
2 566 122
2 121 567
2 567 123
2 121 568
2 568 124
2 124 569
2 569 125
2 120 570
2 570 125
2 122 571
2 571 126
2 125 572
2 572 126
2 123 573
2 573 127
2 127 574
2 574 126
2 124 575
2 575 127
3 128 0 763
3 0 136 763
3 1 131 762
3 181 1 762
3 2 132 764
3 180 2 764
3 135 3 761
3 3 225 761
3 129 128 747
3 747 128 763
3 130 129 576
3 576 129 747
3 131 130 748
3 130 576 748
3 131 748 762
3 132 133 750
3 132 750 764
3 133 134 577
3 133 577 750
3 134 135 749
3 577 134 749
3 749 135 761
3 136 137 612
3 136 612 763
3 137 138 673
3 612 137 673
3 138 139 587
3 138 587 673
3 139 140 698
3 587 139 698
3 140 141 729
3 698 140 729
3 141 142 598
3 141 598 729
3 142 143 726
3 598 142 726
3 143 144 603
3 143 603 726
3 144 145 682
3 603 144 682
3 145 146 601
3 145 601 682
3 146 147 704
3 601 146 704
3 147 148 728
3 704 147 728
3 148 149 599
3 148 599 728
3 149 150 707
3 599 149 707
3 150 151 657
3 150 657 707
3 151 152 590
3 151 590 657
3 152 153 708
3 590 152 708
3 153 154 578
3 153 578 708
3 154 155 709
3 578 154 709
3 155 156 649
3 155 649 709
3 156 157 579
3 156 579 649
3 157 158 720
3 579 157 720
3 158 159 591
3 158 591 720
3 159 160 666
3 591 159 666
3 160 161 609
3 160 609 666
3 161 162 719
3 609 161 719
3 162 163 584
3 162 584 719
3 163 164 706
3 584 163 706
3 164 165 585
3 164 585 706
3 165 166 672
3 585 165 672
3 166 167 724
3 672 166 724
3 167 168 605
3 167 605 724
3 168 169 711
3 605 168 711
3 169 170 638
3 169 638 711
3 170 171 592
3 170 592 638
3 171 172 716
3 592 171 716
3 172 173 594
3 172 594 716
3 173 174 717
3 594 173 717
3 174 175 596
3 174 596 717
3 175 176 727
3 596 175 727
3 176 177 714
3 176 714 727
3 177 178 593
3 177 593 714
3 178 179 616
3 593 178 616
3 179 180 614
3 179 614 616
3 614 180 764
3 182 181 613
3 613 181 762
3 183 182 694
3 182 613 694
3 184 183 610
3 610 183 694
3 185 184 703
3 184 610 703
3 186 185 580
3 580 185 703
3 187 186 701
3 186 580 701
3 188 187 588
3 588 187 701
3 189 188 705
3 188 588 705
3 190 189 581
3 581 189 705
3 191 190 695
3 190 581 695
3 192 191 589
3 589 191 695
3 193 192 699
3 192 589 699
3 194 193 702
3 193 699 702
3 195 194 582
3 582 194 702
3 196 195 754
3 195 582 754
3 197 196 753
3 196 665 753
3 665 196 754
3 198 197 604
3 604 197 753
3 199 198 671
3 198 604 671
3 200 199 721
3 199 671 721
3 201 200 597
3 597 200 721
3 202 201 700
3 201 597 700
3 203 202 602
3 602 202 700
3 204 203 718
3 203 602 718
3 205 204 668
3 668 204 718
3 206 205 583
3 583 205 668
3 207 206 715
3 206 583 715
3 208 207 639
3 639 207 715
3 209 208 600
3 600 208 639
3 210 209 722
3 209 600 722
3 211 210 730
3 210 722 730
3 212 211 586
3 586 211 730
3 213 212 696
3 212 586 696
3 214 213 595
3 595 213 696
3 215 214 734
3 214 595 734
3 216 215 725
3 725 215 734
3 217 216 606
3 606 216 725
3 218 217 626
3 217 606 626
3 219 218 608
3 608 218 626
3 220 219 723
3 219 608 723
3 221 220 607
3 607 220 723
3 222 221 710
3 221 607 710
3 223 222 611
3 611 222 710
3 224 223 625
3 223 611 625
3 225 224 615
3 615 224 625
3 225 615 761
3 681 576 747
3 576 681 751
3 748 576 751
3 577 624 750
3 624 577 752
3 577 749 752
3 708 578 732
3 578 709 740
3 732 578 740
3 649 579 650
3 650 579 651
3 651 579 720
3 701 580 798
3 580 703 788
3 580 788 798
3 695 581 769
3 581 705 773
3 769 581 773
3 582 702 791
3 754 582 782
3 782 582 791
3 583 668 669
3 583 669 737
3 715 583 737
3 584 706 768
3 719 584 774
3 584 768 774
3 585 672 786
3 706 585 783
3 783 585 786
3 696 586 697
3 697 586 739
3 586 730 739
3 673 587 674
3 674 587 675
3 675 587 698
3 588 701 795
3 705 588 801
3 588 795 801
3 589 695 777
3 699 589 787
3 589 777 787
3 657 590 658
3 658 590 659
3 659 590 708
3 591 666 738
3 720 591 731
3 731 591 738
3 638 592 797
3 592 716 794
3 592 794 797
3 593 616 617
3 593 617 618
3 593 618 714
3 716 594 775
3 594 717 771
3 594 771 775
3 595 696 735
3 734 595 741
3 595 735 741
3 630 596 758
3 596 630 784
3 717 596 784
3 596 727 758
3 700 597 765
3 597 721 778
3 765 597 778
3 598 726 743
3 729 598 736
3 736 598 743
3 599 707 733
3 728 599 742
3 599 733 742
3 600 639 640
3 600 640 641
3 600 641 722
3 682 601 683
3 683 601 684
3 684 601 704
3 602 654 757
3 654 602 780
3 602 700 780
3 718 602 757
3 603 682 690
3 603 690 691
3 603 691 726
3 671 604 789
3 604 753 781
3 604 781 789
3 605 711 712
3 605 712 713
3 605 713 724
3 626 606 632
3 632 606 633
3 633 606 725
3 623 607 760
3 607 623 785
3 710 607 785
3 607 723 760
3 608 626 627
3 608 627 628
3 608 628 723
3 666 609 667
3 667 609 792
3 609 719 792
3 610 694 770
3 703 610 779
3 610 770 779
3 625 611 767
3 611 710 776
3 767 611 776
3 612 673 681
3 612 681 747
3 612 747 763
3 694 613 751
3 613 748 751
3 748 613 762
3 616 614 624
3 624 614 750
3 750 614 764
3 615 625 752
3 749 615 752
3 615 749 761
3 617 616 624
3 618 617 619
3 619 617 620
3 620 617 624
3 618 619 621
3 618 621 622
3 618 622 714
3 619 620 767
3 621 619 776
3 619 767 776
3 620 624 752
3 625 620 752
3 620 625 767
3 622 621 623
3 623 621 785
3 621 776 785
3 622 623 758
3 714 622 727
3 727 622 758
3 623 630 758
3 630 623 760
3 627 626 632
3 628 627 629
3 629 627 631
3 631 627 632
3 628 629 630
3 628 630 760
3 723 628 760
3 630 629 784
3 629 631 771
3 629 771 784
3 631 632 634
3 631 634 775
3 771 631 775
3 632 633 634
3 634 633 635
3 635 633 636
3 636 633 725
3 634 635 794
3 775 634 794
3 635 636 637
3 635 637 797
3 794 635 797
3 637 636 741
3 636 725 734
3 636 734 741
3 638 637 759
3 637 638 797
3 637 741 800
3 759 637 800
3 711 638 759
3 640 639 642
3 642 639 715
3 641 640 643
3 640 642 647
3 643 640 647
3 641 643 644
3 641 644 645
3 641 645 722
3 647 642 648
3 648 642 737
3 642 715 737
3 644 643 783
3 643 647 768
3 643 768 783
3 645 644 646
3 646 644 786
3 644 783 786
3 645 646 739
3 722 645 730
3 730 645 739
3 739 646 756
3 756 646 796
3 646 786 796
3 647 648 774
3 768 647 774
3 648 737 755
3 648 755 792
3 774 648 792
3 649 650 652
3 649 652 709
3 650 651 653
3 652 650 655
3 650 653 655
3 653 651 654
3 654 651 731
3 651 720 731
3 652 655 656
3 652 656 740
3 709 652 740
3 653 654 780
3 655 653 765
3 765 653 780
3 654 731 793
3 757 654 793
3 656 655 778
3 655 765 778
3 740 656 744
3 744 656 790
3 656 778 790
3 657 658 660
3 657 660 707
3 658 659 661
3 660 658 663
3 658 661 663
3 661 659 662
3 662 659 732
3 659 708 732
3 660 663 664
3 660 664 733
3 707 660 733
3 661 662 781
3 663 661 665
3 665 661 781
3 662 732 744
3 662 744 789
3 781 662 789
3 664 663 782
3 663 665 782
3 733 664 745
3 745 664 791
3 664 782 791
3 753 665 781
3 665 754 782
3 666 667 738
3 669 667 755
3 667 669 766
3 738 667 766
3 755 667 792
3 669 668 670
3 670 668 718
3 669 670 766
3 737 669 755
3 670 718 757
3 670 757 793
3 766 670 793
3 721 671 790
3 671 789 790
3 672 724 796
3 786 672 796
3 673 674 681
3 674 675 676
3 674 676 677
3 674 677 681
3 676 675 678
3 678 675 679
3 679 675 698
3 677 676 770
3 676 678 779
3 770 676 779
3 681 677 751
3 677 694 751
3 694 677 770
3 678 679 680
3 678 680 788
3 779 678 788
3 680 679 736
3 679 698 729
3 679 729 736
3 680 736 746
3 680 746 798
3 788 680 798
3 682 683 690
3 683 684 685
3 683 685 689
3 683 689 690
3 685 684 686
3 686 684 687
3 687 684 704
3 685 686 777
3 689 685 769
3 769 685 777
3 686 687 688
3 686 688 787
3 777 686 787
3 688 687 742
3 687 704 728
3 687 728 742
3 688 742 745
3 688 745 799
3 787 688 799
3 690 689 692
3 692 689 773
3 689 769 773
3 691 690 692
3 691 692 693
3 691 693 743
3 726 691 743
3 693 692 801
3 692 773 801
3 743 693 746
3 746 693 795
3 795 693 801
3 695 769 777
3 696 697 735
3 713 697 756
3 697 713 772
3 735 697 772
3 697 739 756
3 702 699 799
3 699 787 799
3 700 765 780
3 795 701 798
3 791 702 799
3 703 779 788
3 773 705 801
3 768 706 783
3 776 710 785
3 712 711 759
3 713 712 772
3 712 759 800
3 772 712 800
3 724 713 796
3 713 756 796
3 716 775 794
3 771 717 784
3 719 774 792
3 778 721 790
3 731 738 793
3 732 740 744
3 742 733 745
3 741 735 800
3 735 772 800
3 736 743 746
3 738 766 793
3 789 744 790
3 745 791 799
3 746 795 798
3 0 128 883
3 247 0 883
3 131 1 880
3 1 265 880
3 226 4 882
3 4 230 882
3 5 229 881
3 248 5 881
3 128 129 864
3 128 864 883
3 129 130 803
3 129 803 864
3 130 131 863
3 803 130 863
3 863 131 880
3 227 226 866
3 866 226 882
3 228 227 802
3 802 227 866
3 229 228 865
3 228 802 865
3 229 865 881
3 230 231 819
3 230 819 882
3 231 232 850
3 819 231 850
3 232 233 808
3 232 808 850
3 233 234 847
3 808 233 847
3 234 235 841
3 234 841 847
3 235 236 814
3 235 814 841
3 236 237 859
3 814 236 859
3 237 238 854
3 237 854 859
3 238 239 804
3 238 804 854
3 239 240 831
3 804 239 831
3 240 241 805
3 240 805 831
3 241 242 856
3 805 241 856
3 242 243 806
3 242 806 856
3 243 244 825
3 806 243 825
3 244 245 807
3 244 807 825
3 245 246 857
3 807 245 857
3 246 247 817
3 246 817 857
3 817 247 883
3 249 248 818
3 818 248 881
3 250 249 848
3 249 818 848
3 251 250 815
3 815 250 848
3 252 251 852
3 251 815 852
3 253 252 810
3 810 252 852
3 254 253 846
3 253 810 846
3 255 254 809
3 809 254 846
3 256 255 889
3 255 809 889
3 257 256 872
3 872 256 889
3 258 257 811
3 811 257 872
3 259 258 855
3 258 811 855
3 260 259 813
3 813 259 855
3 261 260 853
3 260 813 853
3 262 261 812
3 812 261 853
3 263 262 858
3 262 812 858
3 264 263 816
3 816 263 858
3 265 264 820
3 264 816 820
3 265 820 880
3 865 802 893
3 802 866 893
3 821 803 863
3 803 821 871
3 864 803 871
3 804 831 832
3 804 832 833
3 804 833 854
3 831 805 840
3 840 805 867
3 805 856 867
3 806 825 826
3 806 826 827
3 806 827 856
3 825 807 875
3 807 857 885
3 875 807 885
3 808 847 860
3 850 808 862
3 808 860 862
3 809 846 892
3 809 874 889
3 874 809 892
3 846 810 884
3 810 852 887
3 884 810 887
3 855 811 888
3 811 872 879
3 811 879 888
3 812 853 877
3 858 812 873
3 873 812 877
3 853 813 886
3 813 855 891
3 886 813 891
3 841 814 842
3 842 814 868
3 814 859 868
3 815 848 849
3 815 849 876
3 852 815 876
3 820 816 821
3 821 816 822
3 822 816 858
3 857 817 871
3 817 864 871
3 864 817 883
3 848 818 861
3 861 818 865
3 865 818 881
3 819 850 851
3 819 851 866
3 819 866 882
3 820 821 863
3 820 863 880
3 821 822 823
3 821 823 871
3 823 822 824
3 824 822 873
3 822 858 873
3 823 824 885
3 823 857 871
3 857 823 885
3 830 824 873
3 824 830 875
3 824 875 885
3 826 825 875
3 827 826 828
3 828 826 830
3 830 826 875
3 827 828 829
3 827 829 867
3 856 827 867
3 829 828 886
3 828 830 877
3 828 877 886
3 867 829 869
3 869 829 891
3 829 886 891
3 830 873 877
3 832 831 840
3 833 832 834
3 834 832 838
3 838 832 840
3 833 834 835
3 833 835 836
3 833 836 854
3 835 834 839
3 834 838 879
3 839 834 879
3 836 835 837
3 837 835 874
3 835 839 874
3 836 837 868
3 854 836 859
3 859 836 868
3 868 837 870
3 870 837 892
3 837 874 892
3 838 840 869
3 838 869 888
3 879 838 888
3 872 839 879
3 839 872 889
3 874 839 889
3 840 867 869
3 841 842 843
3 841 843 847
3 843 842 844
3 844 842 870
3 842 868 870
3 843 844 845
3 843 845 860
3 847 843 860
3 845 844 887
3 844 870 884
3 844 884 887
3 860 845 890
3 876 845 887
3 845 876 890
3 846 884 892
3 849 848 861
3 849 861 878
3 876 849 890
3 849 878 890
3 851 850 862
3 851 862 878
3 866 851 893
3 851 878 893
3 852 876 887
3 877 853 886
3 855 888 891
3 862 860 890
3 861 865 893
3 878 861 893
3 878 862 890
3 888 869 891
3 884 870 892
3 132 2 975
3 2 270 975
3 3 135 974
3 288 3 974
3 6 266 976
3 287 6 976
3 269 7 973
3 7 305 973
3 133 132 958
3 958 132 975
3 134 133 894
3 894 133 958
3 135 134 957
3 134 894 957
3 135 957 974
3 266 267 956
3 266 956 976
3 267 268 895
3 267 895 956
3 268 269 955
3 895 268 955
3 955 269 973
3 270 271 912
3 270 912 975
3 271 272 944
3 912 271 944
3 272 273 906
3 272 906 944
3 273 274 943
3 906 273 943
3 274 275 902
3 274 902 943
3 275 276 932
3 902 275 932
3 276 277 907
3 276 907 932
3 277 278 939
3 907 277 939
3 278 279 896
3 278 896 939
3 279 280 924
3 896 279 924
3 280 281 897
3 280 897 924
3 281 282 949
3 897 281 949
3 282 283 898
3 282 898 949
3 283 284 918
3 898 283 918
3 284 285 899
3 284 899 918
3 285 286 950
3 899 285 950
3 286 287 910
3 286 910 950
3 910 287 976
3 289 288 911
3 911 288 974
3 290 289 941
3 289 911 941
3 291 290 900
3 900 290 941
3 292 291 946
3 291 900 946
3 293 292 908
3 908 292 946
3 294 293 940
3 293 908 940
3 295 294 901
3 901 294 940
3 296 295 982
3 295 901 982
3 297 296 964
3 964 296 982
3 298 297 903
3 903 297 964
3 299 298 948
3 298 903 948
3 300 299 905
3 905 299 948
3 301 300 947
3 300 905 947
3 302 301 904
3 904 301 947
3 303 302 951
3 302 904 951
3 304 303 909
3 909 303 951
3 305 304 913
3 304 909 913
3 305 913 973
3 957 894 985
3 894 958 985
3 914 895 955
3 895 914 963
3 956 895 963
3 896 924 925
3 896 925 926
3 896 926 939
3 924 897 931
3 931 897 960
3 897 949 960
3 898 918 919
3 898 919 920
3 898 920 949
3 918 899 967
3 899 950 977
3 967 899 977
3 900 941 942
3 900 942 968
3 946 900 968
3 901 940 981
3 966 901 981
3 901 966 982
3 902 932 933
3 902 933 934
3 902 934 943
3 948 903 980
3 903 964 972
3 903 972 980
3 904 947 969
3 951 904 965
3 965 904 969
3 947 905 979
3 905 948 984
3 979 905 984
3 906 943 952
3 944 906 954
3 906 952 954
3 932 907 938
3 938 907 959
3 907 939 959
3 940 908 970
3 908 946 978
3 970 908 978
3 913 909 914
3 914 909 915
3 915 909 951
3 950 910 963
3 910 956 963
3 956 910 976
3 941 911 953
3 953 911 957
3 957 911 974
3 912 944 945
3 912 945 958
3 912 958 975
3 913 914 955
3 913 955 973
3 914 915 916
3 914 916 963
3 916 915 917
3 917 915 965
3 915 951 965
3 916 917 977
3 916 950 963
3 950 916 977
3 923 917 965
3 917 923 967
3 917 967 977
3 919 918 967
3 920 919 921
3 921 919 923
3 923 919 967
3 920 921 922
3 920 922 960
3 949 920 960
3 922 921 979
3 921 923 969
3 921 969 979
3 960 922 962
3 962 922 984
3 922 979 984
3 923 965 969
3 925 924 931
3 926 925 927
3 927 925 929
3 929 925 931
3 926 927 928
3 926 928 959
3 939 926 959
3 928 927 930
3 927 929 972
3 930 927 972
3 928 930 966
3 959 928 961
3 961 928 966
3 929 931 962
3 929 962 980
3 972 929 980
3 964 930 972
3 930 964 982
3 966 930 982
3 931 960 962
3 933 932 938
3 934 933 935
3 935 933 936
3 936 933 938
3 934 935 937
3 934 937 952
3 943 934 952
3 935 936 970
3 937 935 978
3 935 970 978
3 936 938 961
3 936 961 981
3 970 936 981
3 952 937 983
3 968 937 978
3 937 968 983
3 938 959 961
3 940 970 981
3 942 941 953
3 942 953 971
3 968 942 983
3 942 971 983
3 945 944 954
3 945 954 971
3 958 945 985
3 945 971 985
3 946 968 978
3 969 947 979
3 948 980 984
3 954 952 983
3 953 957 985
3 971 953 985
3 971 954 983
3 961 966 981
3 980 962 984
3 136 0 1884
3 0 247 1884
3 2 180 1882
3 270 2 1882
3 230 4 1883
3 4 350 1883
3 6 287 1885
3 306 6 1885
3 137 136 1032
3 1032 136 1884
3 138 137 1867
3 137 1032 1867
3 139 138 1013
3 1013 138 1867
3 140 139 1865
3 139 1013 1865
3 141 140 1864
3 1864 140 1865
3 142 141 1001
3 1001 141 1864
3 143 142 1861
3 142 1001 1861
3 144 143 1029
3 1029 143 1861
3 145 144 1858
3 144 1029 1858
3 146 145 992
3 992 145 1858
3 147 146 1855
3 146 992 1855
3 148 147 1027
3 1027 147 1855
3 149 148 1851
3 148 1027 1851
3 150 149 998
3 998 149 1851
3 151 150 1849
3 150 998 1849
3 152 151 1024
3 1024 151 1849
3 153 152 1847
3 152 1024 1847
3 154 153 988
3 988 153 1847
3 155 154 1844
3 154 988 1844
3 156 155 1031
3 1031 155 1844
3 157 156 1842
3 156 1031 1842
3 158 157 995
3 995 157 1842
3 159 158 1840
3 158 995 1840
3 160 159 1839
3 1839 159 1840
3 161 160 1006
3 1006 160 1839
3 162 161 1829
3 161 1006 1829
3 163 162 1825
3 1825 162 1829
3 164 163 990
3 990 163 1825
3 165 164 1819
3 164 990 1819
3 166 165 1816
3 1816 165 1819
3 167 166 1019
3 1019 166 1816
3 168 167 1811
3 167 1019 1811
3 169 168 997
3 997 168 1811
3 170 169 1805
3 169 997 1805
3 171 170 1021
3 1021 170 1805
3 172 171 1789
3 171 1021 1789
3 173 172 1000
3 1000 172 1789
3 174 173 1778
3 173 1000 1778
3 175 174 1036
3 1036 174 1778
3 176 175 1004
3 1004 175 1036
3 177 176 1779
3 176 1004 1779
3 178 177 1023
3 1023 177 1779
3 179 178 1774
3 178 1023 1774
3 180 179 1035
3 1035 179 1774
3 180 1035 1882
3 231 230 1777
3 1777 230 1883
3 232 231 1875
3 231 1777 1875
3 233 232 1018
3 1018 232 1875
3 234 233 1873
3 233 1018 1873
3 235 234 1791
3 1791 234 1873
3 236 235 1008
3 1008 235 1791
3 237 236 1792
3 236 1008 1792
3 238 237 1870
3 237 1792 1870
3 239 238 986
3 986 238 1870
3 240 239 1793
3 239 986 1793
3 241 240 1795
3 240 1793 1795
3 242 241 1010
3 1010 241 1795
3 243 242 1868
3 242 1010 1868
3 244 243 1796
3 1796 243 1868
3 245 244 1016
3 1016 244 1796
3 246 245 1798
3 245 1016 1798
3 247 246 1837
3 246 1798 1837
3 247 1837 1884
3 271 270 1784
3 1784 270 1882
3 272 271 1881
3 271 1784 1881
3 273 272 1015
3 1015 272 1881
3 274 273 1880
3 273 1015 1880
3 275 274 1465
3 1465 274 1880
3 276 275 1009
3 1009 275 1465
3 277 276 1832
3 276 1009 1832
3 278 277 1869
3 277 1832 1869
3 279 278 987
3 987 278 1869
3 280 279 1794
3 279 987 1794
3 281 280 1797
3 280 1794 1797
3 282 281 1011
3 1011 281 1797
3 283 282 1877
3 282 1011 1877
3 284 283 1788
3 1788 283 1877
3 285 284 1017
3 1017 284 1788
3 286 285 1799
3 285 1017 1799
3 287 286 1838
3 286 1799 1838
3 287 1838 1885
3 307 306 1033
3 1033 306 1885
3 308 307 1835
3 307 1033 1835
3 309 308 1014
3 1014 308 1835
3 310 309 1831
3 309 1014 1831
3 311 310 1830
3 1830 310 1831
3 312 311 1002
3 1002 311 1830
3 313 312 1826
3 312 1002 1826
3 314 313 1030
3 1030 313 1826
3 315 314 1821
3 314 1030 1821
3 316 315 993
3 993 315 1821
3 317 316 1818
3 316 993 1818
3 318 317 1028
3 1028 317 1818
3 319 318 1815
3 318 1028 1815
3 320 319 994
3 994 319 1815
3 321 320 1812
3 320 994 1812
3 322 321 1025
3 1025 321 1812
3 323 322 1807
3 322 1025 1807
3 324 323 1005
3 1005 323 1807
3 325 324 1803
3 324 1005 1803
3 326 325 1801
3 1801 325 1803
3 327 326 989
3 989 326 1801
3 328 327 1786
3 327 989 1786
3 329 328 1026
3 1026 328 1786
3 330 329 1781
3 329 1026 1781
3 331 330 996
3 996 330 1781
3 332 331 1852
3 331 996 1852
3 333 332 1656
3 1656 332 1852
3 334 333 1007
3 1007 333 1656
3 335 334 1845
3 334 1007 1845
3 336 335 1651
3 1651 335 1845
3 337 336 991
3 991 336 1651
3 338 337 1780
3 337 991 1780
3 339 338 1022
3 1022 338 1780
3 340 339 1550
3 339 1022 1550
3 341 340 999
3 999 340 1550
3 342 341 1775
3 341 999 1775
3 343 342 1020
3 1020 342 1775
3 344 343 1446
3 343 1020 1446
3 345 344 1003
3 1003 344 1446
3 346 345 1790
3 345 1003 1790
3 347 346 1441
3 1441 346 1790
3 348 347 1012
3 1012 347 1441
3 349 348 1776
3 348 1012 1776
3 350 349 1034
3 1034 349 1776
3 350 1034 1883
3 1519 986 1520
3 986 1519 1857
3 1520 986 1870
3 1793 986 1857
3 987 1430 1863
3 1430 987 1869
3 1794 987 1863
3 988 1670 1846
3 1670 988 1847
3 1844 988 1846
3 989 1635 1800
3 1635 989 1801
3 1786 989 1800
3 990 1523 1822
3 1523 990 1825
3 1819 990 1822
3 1649 991 1651
3 991 1649 1652
3 991 1652 1780
3 992 1688 1856
3 1688 992 1858
3 1855 992 1856
3 993 1429 1820
3 1429 993 1821
3 1818 993 1820
3 994 1517 1813
3 1517 994 1815
3 1812 994 1813
3 995 1529 1841
3 1529 995 1842
3 1840 995 1841
3 996 1668 1773
3 1668 996 1781
3 996 1773 1852
3 997 1682 1808
3 1682 997 1811
3 1805 997 1808
3 998 1526 1850
3 1526 998 1851
3 1849 998 1850
3 1440 999 1551
3 999 1440 1775
3 999 1550 1551
3 1000 1461 1787
3 1461 1000 1789
3 1778 1000 1787
3 1001 1432 1862
3 1432 1001 1864
3 1001 1739 1861
3 1739 1001 1862
3 1002 1426 1828
3 1426 1002 1830
3 1826 1002 1828
3 1003 1446 1809
3 1003 1568 1790
3 1568 1003 1809
3 1004 1036 1037
3 1004 1037 1445
3 1004 1445 1779
3 1005 1679 1806
3 1679 1005 1807
3 1803 1005 1806
3 1006 1536 1833
3 1536 1006 1839
3 1829 1006 1833
3 1654 1007 1655
3 1007 1654 1845
3 1655 1007 1656
3 1008 1791 1878
3 1792 1008 1878
3 1009 1465 1879
3 1009 1468 1832
3 1468 1009 1879
3 1503 1010 1702
3 1010 1503 1868
3 1702 1010 1853
3 1010 1795 1853
3 1011 1436 1437
3 1436 1011 1871
3 1011 1437 1877
3 1011 1797 1871
3 1438 1012 1441
3 1012 1438 1442
3 1012 1442 1776
3 1013 1433 1865
3 1433 1013 1866
3 1013 1500 1866
3 1500 1013 1867
3 1014 1425 1834
3 1425 1014 1835
3 1014 1427 1831
3 1427 1014 1834
3 1015 1458 1464
3 1458 1015 1804
3 1015 1464 1880
3 1804 1015 1881
3 1016 1796 1872
3 1798 1016 1872
3 1017 1424 1799
3 1424 1017 1876
3 1017 1788 1876
3 1018 1431 1741
3 1431 1018 1836
3 1018 1741 1873
3 1836 1018 1875
3 1019 1644 1814
3 1644 1019 1816
3 1811 1019 1814
3 1020 1434 1435
3 1434 1020 1775
3 1020 1435 1446
3 1021 1444 1802
3 1444 1021 1805
3 1789 1021 1802
3 1022 1548 1549
3 1548 1022 1780
3 1022 1549 1550
3 1023 1459 1774
3 1459 1023 1782
3 1023 1779 1782
3 1024 1661 1848
3 1661 1024 1849
3 1847 1024 1848
3 1025 1556 1810
3 1556 1025 1812
3 1807 1025 1810
3 1026 1561 1785
3 1561 1026 1786
3 1781 1026 1785
3 1027 1690 1854
3 1690 1027 1855
3 1851 1027 1854
3 1028 1700 1817
3 1700 1028 1818
3 1815 1028 1817
3 1029 1739 1859
3 1739 1029 1861
3 1858 1029 1859
3 1030 1428 1824
3 1428 1030 1826
3 1821 1030 1824
3 1031 1641 1843
3 1641 1031 1844
3 1842 1031 1843
3 1032 1837 1874
3 1837 1032 1884
3 1867 1032 1874
3 1033 1425 1835
3 1425 1033 1860
3 1033 1838 1860
3 1838 1033 1885
3 1443 1034 1776
3 1034 1443 1777
3 1034 1777 1883
3 1035 1774 1783
3 1035 1783 1784
3 1035 1784 1882
3 1037 1036 1038
3 1038 1036 1778
3 1037 1038 1039
3 1037 1039 1040
3 1037 1040 1445
3 1039 1038 1447
3 1447 1038 1787
3 1038 1778 1787
3 1040 1039 1041
3 1041 1039 1042
3 1042 1039 1447
3 1040 1041 1156
3 1040 1156 1358
3 1040 1358 1445
3 1041 1042 1043
3 1041 1043 1453
3 1156 1041 1453
3 1043 1042 1044
3 1044 1042 1243
3 1243 1042 1447
3 1043 1044 1045
3 1043 1045 1455
3 1453 1043 1455
3 1045 1044 1046
3 1046 1044 1472
3 1044 1243 1472
3 1045 1046 1047
3 1045 1047 1132
3 1045 1132 1455
3 1047 1046 1048
3 1048 1046 1142
3 1142 1046 1472
3 1047 1048 1049
3 1047 1049 1772
3 1132 1047 1772
3 1049 1048 1050
3 1050 1048 1471
3 1048 1142 1471
3 1049 1050 1051
3 1049 1051 1466
3 1049 1466 1772
3 1051 1050 1052
3 1052 1050 1483
3 1050 1471 1483
3 1051 1052 1053
3 1051 1053 1117
3 1051 1117 1466
3 1053 1052 1054
3 1054 1052 1055
3 1055 1052 1483
3 1053 1054 1484
3 1117 1053 1118
3 1118 1053 1484
3 1054 1055 1056
3 1054 1056 1486
3 1484 1054 1486
3 1056 1055 1057
3 1057 1055 1238
3 1238 1055 1483
3 1056 1057 1058
3 1056 1058 1116
3 1056 1116 1486
3 1058 1057 1059
3 1059 1057 1571
3 1057 1238 1571
3 1058 1059 1060
3 1058 1060 1613
3 1116 1058 1613
3 1060 1059 1061
3 1061 1059 1134
3 1134 1059 1571
3 1060 1061 1062
3 1060 1062 1164
3 1060 1164 1613
3 1062 1061 1063
3 1063 1061 1737
3 1061 1134 1737
3 1062 1063 1064
3 1062 1064 1663
3 1164 1062 1663
3 1064 1063 1065
3 1065 1063 1735
3 1735 1063 1737
3 1064 1065 1066
3 1064 1066 1115
3 1064 1115 1663
3 1066 1065 1067
3 1067 1065 1126
3 1126 1065 1735
3 1066 1067 1068
3 1066 1068 1627
3 1115 1066 1627
3 1068 1067 1069
3 1069 1067 1734
3 1067 1126 1734
3 1068 1069 1070
3 1068 1070 1165
3 1068 1165 1627
3 1070 1069 1071
3 1071 1069 1732
3 1732 1069 1734
3 1070 1071 1072
3 1070 1072 1671
3 1165 1070 1671
3 1072 1071 1073
3 1073 1071 1127
3 1127 1071 1732
3 1072 1073 1074
3 1072 1074 1111
3 1072 1111 1671
3 1074 1073 1075
3 1075 1073 1614
3 1073 1127 1614
3 1074 1075 1076
3 1074 1076 1572
3 1111 1074 1572
3 1076 1075 1077
3 1077 1075 1617
3 1075 1614 1617
3 1076 1077 1078
3 1076 1078 1578
3 1572 1076 1578
3 1078 1077 1079
3 1079 1077 1128
3 1128 1077 1617
3 1078 1079 1080
3 1078 1080 1114
3 1078 1114 1578
3 1080 1079 1081
3 1081 1079 1595
3 1079 1128 1595
3 1080 1081 1082
3 1080 1082 1645
3 1114 1080 1645
3 1082 1081 1083
3 1083 1081 1162
3 1162 1081 1595
3 1082 1083 1084
3 1082 1084 1163
3 1082 1163 1645
3 1084 1083 1085
3 1085 1083 1618
3 1083 1162 1618
3 1084 1085 1086
3 1084 1086 1616
3 1163 1084 1616
3 1086 1085 1087
3 1087 1085 1135
3 1135 1085 1618
3 1086 1087 1088
3 1086 1088 1110
3 1086 1110 1616
3 1088 1087 1089
3 1089 1087 1583
3 1087 1135 1583
3 1088 1089 1090
3 1088 1090 1610
3 1110 1088 1610
3 1090 1089 1091
3 1091 1089 1161
3 1161 1089 1583
3 1090 1091 1092
3 1090 1092 1753
3 1610 1090 1753
3 1092 1091 1093
3 1093 1091 1615
3 1091 1161 1615
3 1092 1093 1094
3 1092 1094 1109
3 1092 1109 1753
3 1094 1093 1095
3 1095 1093 1136
3 1136 1093 1615
3 1094 1095 1096
3 1094 1096 1745
3 1109 1094 1745
3 1096 1095 1097
3 1097 1095 1659
3 1095 1136 1659
3 1096 1097 1098
3 1096 1098 1590
3 1096 1590 1745
3 1098 1097 1099
3 1099 1097 1166
3 1166 1097 1659
3 1098 1099 1100
3 1098 1100 1113
3 1098 1113 1590
3 1100 1099 1101
3 1101 1099 1628
3 1099 1166 1628
3 1100 1101 1102
3 1100 1102 1527
3 1113 1100 1527
3 1102 1101 1103
3 1103 1101 1137
3 1137 1101 1628
3 1102 1103 1104
3 1102 1104 1242
3 1102 1242 1527
3 1104 1103 1105
3 1105 1103 1697
3 1103 1137 1697
3 1104 1105 1106
3 1104 1106 1748
3 1242 1104 1748
3 1106 1105 1107
3 1107 1105 1696
3 1696 1105 1697
3 1106 1107 1108
3 1106 1108 1112
3 1106 1112 1748
3 1108 1107 1120
3 1120 1107 1140
3 1140 1107 1696
3 1112 1108 1119
3 1119 1108 1632
3 1108 1120 1632
3 1695 1109 1745
3 1109 1695 1747
3 1109 1747 1753
3 1608 1110 1609
3 1110 1608 1616
3 1609 1110 1610
3 1111 1572 1573
3 1111 1573 1575
3 1111 1575 1671
3 1112 1119 1122
3 1112 1122 1479
3 1112 1479 1748
3 1113 1527 1758
3 1113 1589 1590
3 1589 1113 1758
3 1578 1114 1579
3 1579 1114 1580
3 1580 1114 1645
3 1115 1600 1602
3 1600 1115 1627
3 1115 1602 1663
3 1486 1116 1487
3 1487 1116 1488
3 1488 1116 1613
3 1117 1118 1121
3 1117 1121 1237
3 1117 1237 1466
3 1121 1118 1124
3 1124 1118 1338
3 1338 1118 1484
3 1122 1119 1123
3 1123 1119 1631
3 1631 1119 1632
3 1120 1140 1141
3 1120 1141 1629
3 1120 1629 1632
3 1121 1124 1125
3 1121 1125 1469
3 1237 1121 1469
3 1122 1123 1129
3 1122 1129 1133
3 1122 1133 1479
3 1129 1123 1130
3 1130 1123 1139
3 1139 1123 1631
3 1125 1124 1131
3 1131 1124 1691
3 1124 1338 1691
3 1125 1131 1138
3 1125 1138 1145
3 1125 1145 1469
3 1731 1126 1735
3 1126 1731 1736
3 1734 1126 1736
3 1614 1127 1730
3 1127 1726 1730
3 1726 1127 1732
3 1595 1128 1723
3 1128 1617 1728
3 1723 1128 1728
3 1129 1130 1144
3 1133 1129 1476
3 1129 1144 1476
3 1130 1139 1143
3 1130 1143 1504
3 1144 1130 1504
3 1138 1131 1146
3 1146 1131 1147
3 1147 1131 1691
3 1132 1451 1767
3 1451 1132 1772
3 1455 1132 1767
3 1133 1476 1477
3 1133 1477 1478
3 1133 1478 1479
3 1134 1571 1742
3 1737 1134 1740
3 1740 1134 1742
3 1583 1135 1722
3 1135 1618 1725
3 1722 1135 1725
3 1136 1615 1719
3 1659 1136 1718
3 1718 1136 1719
3 1137 1628 1712
3 1697 1137 1717
3 1137 1712 1717
3 1145 1138 1770
3 1138 1146 1148
3 1138 1148 1770
3 1143 1139 1154
3 1154 1139 1703
3 1139 1631 1703
3 1141 1140 1149
3 1149 1140 1672
3 1672 1140 1696
3 1141 1149 1150
3 1141 1150 1151
3 1141 1151 1629
3 1471 1142 1473
3 1142 1472 1764
3 1473 1142 1764
3 1143 1154 1159
3 1143 1159 1160
3 1143 1160 1504
3 1144 1474 1476
3 1474 1144 1707
3 1144 1504 1707
3 1145 1449 1469
3 1449 1145 1470
3 1470 1145 1770
3 1146 1147 1157
3 1148 1146 1692
3 1146 1157 1692
3 1157 1147 1158
3 1158 1147 1179
3 1179 1147 1691
3 1148 1501 1532
3 1501 1148 1692
3 1148 1532 1770
3 1150 1149 1168
3 1168 1149 1169
3 1169 1149 1672
3 1151 1150 1152
3 1152 1150 1637
3 1150 1168 1637
3 1151 1152 1153
3 1151 1153 1276
3 1151 1276 1629
3 1153 1152 1155
3 1155 1152 1167
3 1167 1152 1637
3 1153 1155 1170
3 1153 1170 1505
3 1276 1153 1505
3 1159 1154 1174
3 1174 1154 1340
3 1340 1154 1703
3 1155 1167 1171
3 1170 1155 1530
3 1155 1171 1530
3 1358 1156 1359
3 1359 1156 1360
3 1360 1156 1453
3 1157 1158 1510
3 1157 1510 1706
3 1692 1157 1706
3 1158 1179 1180
3 1158 1180 1181
3 1158 1181 1510
3 1160 1159 1172
3 1172 1159 1552
3 1159 1174 1552
3 1160 1172 1173
3 1160 1173 1710
3 1504 1160 1710
3 1161 1583 1721
3 1615 1161 1720
3 1720 1161 1721
3 1162 1595 1727
3 1618 1162 1724
3 1724 1162 1727
3 1612 1163 1616
3 1163 1612 1749
3 1645 1163 1749
3 1164 1533 1613
3 1533 1164 1754
3 1164 1663 1754
3 1165 1599 1627
3 1599 1165 1664
3 1664 1165 1671
3 1628 1166 1715
3 1166 1659 1716
3 1715 1166 1716
3 1171 1167 1175
3 1175 1167 1714
3 1167 1637 1714
3 1168 1169 1231
3 1168 1231 1418
3 1168 1418 1637
3 1231 1169 1232
3 1232 1169 1277
3 1277 1169 1672
3 1505 1170 1683
3 1170 1530 1701
3 1683 1170 1701
3 1171 1175 1233
3 1171 1233 1247
3 1171 1247 1530
3 1173 1172 1176
3 1176 1172 1251
3 1251 1172 1552
3 1173 1176 1177
3 1173 1177 1178
3 1173 1178 1710
3 1174 1340 1341
3 1174 1341 1342
3 1174 1342 1552
3 1233 1175 1259
3 1259 1175 1260
3 1260 1175 1714
3 1177 1176 1693
3 1176 1251 1252
3 1176 1252 1693
3 1178 1177 1234
3 1234 1177 1236
3 1236 1177 1693
3 1178 1234 1235
3 1178 1235 1346
3 1178 1346 1710
3 1180 1179 1743
3 1492 1179 1691
3 1179 1492 1743
3 1181 1180 1182
3 1182 1180 1183
3 1183 1180 1743
3 1181 1182 1248
3 1181 1248 1249
3 1181 1249 1510
3 1182 1183 1184
3 1182 1184 1675
3 1248 1182 1675
3 1184 1183 1185
3 1185 1183 1275
3 1275 1183 1743
3 1184 1185 1186
3 1184 1186 1250
3 1184 1250 1675
3 1186 1185 1187
3 1187 1185 1543
3 1185 1275 1543
3 1186 1187 1188
3 1186 1188 1514
3 1250 1186 1514
3 1188 1187 1189
3 1189 1187 1274
3 1274 1187 1543
3 1188 1189 1190
3 1188 1190 1253
3 1188 1253 1514
3 1190 1189 1191
3 1191 1189 1685
3 1189 1274 1685
3 1190 1191 1192
3 1190 1192 1553
3 1253 1190 1553
3 1192 1191 1193
3 1193 1191 1273
3 1273 1191 1685
3 1192 1193 1194
3 1192 1194 1254
3 1192 1254 1553
3 1194 1193 1195
3 1195 1193 1596
3 1193 1273 1596
3 1194 1195 1196
3 1194 1196 1680
3 1254 1194 1680
3 1196 1195 1197
3 1197 1195 1272
3 1272 1195 1596
3 1196 1197 1198
3 1196 1198 1255
3 1196 1255 1680
3 1198 1197 1199
3 1199 1197 1676
3 1197 1272 1676
3 1198 1199 1200
3 1198 1200 1625
3 1255 1198 1625
3 1200 1199 1201
3 1201 1199 1271
3 1271 1199 1676
3 1200 1201 1202
3 1200 1202 1246
3 1200 1246 1625
3 1202 1201 1203
3 1203 1201 1592
3 1201 1271 1592
3 1202 1203 1204
3 1202 1204 1658
3 1246 1202 1658
3 1204 1203 1205
3 1205 1203 1241
3 1241 1203 1592
3 1204 1205 1206
3 1204 1206 1557
3 1204 1557 1658
3 1206 1205 1207
3 1207 1205 1604
3 1205 1241 1604
3 1206 1207 1208
3 1206 1208 1256
3 1206 1256 1557
3 1208 1207 1209
3 1209 1207 1646
3 1207 1604 1646
3 1208 1209 1210
3 1208 1210 1619
3 1256 1208 1619
3 1210 1209 1211
3 1211 1209 1270
3 1270 1209 1646
3 1210 1211 1212
3 1210 1212 1257
3 1210 1257 1619
3 1212 1211 1213
3 1213 1211 1605
3 1211 1270 1605
3 1212 1213 1214
3 1212 1214 1666
3 1257 1212 1666
3 1214 1213 1215
3 1215 1213 1269
3 1269 1213 1605
3 1214 1215 1216
3 1214 1216 1245
3 1214 1245 1666
3 1216 1215 1217
3 1217 1215 1621
3 1215 1269 1621
3 1216 1217 1218
3 1216 1218 1562
3 1245 1216 1562
3 1218 1217 1219
3 1219 1217 1240
3 1240 1217 1621
3 1218 1219 1220
3 1218 1220 1622
3 1562 1218 1622
3 1220 1219 1221
3 1221 1219 1639
3 1219 1240 1639
3 1220 1221 1222
3 1220 1222 1244
3 1220 1244 1622
3 1222 1221 1223
3 1223 1221 1584
3 1584 1221 1639
3 1222 1223 1224
3 1222 1224 1647
3 1244 1222 1647
3 1224 1223 1225
3 1225 1223 1239
3 1239 1223 1584
3 1224 1225 1226
3 1224 1226 1544
3 1224 1544 1647
3 1226 1225 1227
3 1227 1225 1665
3 1225 1239 1665
3 1226 1227 1228
3 1226 1228 1258
3 1226 1258 1544
3 1228 1227 1229
3 1229 1227 1262
3 1262 1227 1665
3 1228 1229 1230
3 1228 1230 1686
3 1258 1228 1686
3 1230 1229 1263
3 1229 1262 1757
3 1263 1229 1757
3 1230 1263 1264
3 1230 1264 1265
3 1230 1265 1686
3 1231 1232 1507
3 1418 1231 1419
3 1419 1231 1507
3 1232 1277 1278
3 1232 1278 1279
3 1232 1279 1507
3 1247 1233 1495
3 1233 1259 1261
3 1233 1261 1495
3 1235 1234 1567
3 1234 1236 1330
3 1234 1330 1567
3 1346 1235 1416
3 1416 1235 1417
3 1417 1235 1567
3 1330 1236 1331
3 1331 1236 1339
3 1339 1236 1693
3 1237 1448 1450
3 1448 1237 1469
3 1237 1450 1466
3 1238 1483 1762
3 1571 1238 1733
3 1733 1238 1762
3 1239 1584 1585
3 1239 1585 1586
3 1239 1586 1665
3 1240 1621 1746
3 1639 1240 1750
3 1240 1746 1750
3 1241 1592 1593
3 1241 1593 1755
3 1604 1241 1755
3 1242 1480 1482
3 1480 1242 1748
3 1242 1482 1527
3 1243 1447 1452
3 1243 1452 1460
3 1243 1460 1472
3 1622 1244 1653
3 1244 1647 1648
3 1244 1648 1653
3 1245 1562 1563
3 1245 1563 1564
3 1245 1564 1666
3 1625 1246 1626
3 1626 1246 1633
3 1633 1246 1658
3 1247 1495 1496
3 1247 1496 1506
3 1247 1506 1530
3 1249 1248 1387
3 1387 1248 1390
3 1390 1248 1675
3 1249 1387 1388
3 1249 1388 1389
3 1249 1389 1510
3 1250 1514 1518
3 1250 1518 1699
3 1675 1250 1699
3 1252 1251 1420
3 1420 1251 1708
3 1251 1552 1708
3 1252 1420 1421
3 1252 1421 1694
3 1693 1252 1694
3 1514 1253 1515
3 1515 1253 1516
3 1516 1253 1553
3 1553 1254 1554
3 1554 1254 1555
3 1555 1254 1680
3 1255 1625 1677
3 1255 1677 1678
3 1255 1678 1680
3 1557 1256 1558
3 1558 1256 1559
3 1559 1256 1619
3 1619 1257 1620
3 1620 1257 1667
3 1257 1666 1667
3 1544 1258 1545
3 1545 1258 1547
3 1547 1258 1686
3 1259 1260 1329
3 1261 1259 1673
3 1259 1329 1673
3 1329 1260 1409
3 1409 1260 1711
3 1711 1260 1714
3 1495 1261 1497
3 1497 1261 1498
3 1498 1261 1673
3 1591 1262 1665
3 1262 1591 1761
3 1757 1262 1761
3 1264 1263 1698
3 1698 1263 1756
3 1756 1263 1757
3 1265 1264 1266
3 1266 1264 1267
3 1267 1264 1698
3 1265 1266 1823
3 1686 1265 1827
3 1265 1823 1827
3 1266 1267 1268
3 1266 1268 1335
3 1266 1335 1823
3 1268 1267 1337
3 1337 1267 1415
3 1415 1267 1698
3 1335 1268 1336
3 1336 1268 1759
3 1268 1337 1759
3 1269 1605 1606
3 1269 1606 1607
3 1269 1607 1621
3 1582 1270 1646
3 1270 1582 1751
3 1605 1270 1751
3 1576 1271 1577
3 1271 1576 1592
3 1577 1271 1676
3 1272 1596 1597
3 1272 1597 1598
3 1272 1598 1676
3 1596 1273 1601
3 1601 1273 1752
3 1273 1685 1752
3 1274 1490 1534
3 1490 1274 1543
3 1274 1534 1685
3 1275 1489 1543
3 1489 1275 1744
3 1275 1743 1744
3 1276 1505 1704
3 1629 1276 1630
3 1630 1276 1704
3 1278 1277 1540
3 1540 1277 1541
3 1541 1277 1672
3 1279 1278 1280
3 1280 1278 1281
3 1281 1278 1540
3 1279 1280 1687
3 1507 1279 1508
3 1508 1279 1687
3 1280 1281 1282
3 1280 1282 1411
3 1280 1411 1687
3 1282 1281 1283
3 1283 1281 1539
3 1539 1281 1540
3 1282 1283 1284
3 1282 1284 1689
3 1411 1282 1689
3 1284 1283 1285
3 1285 1283 1347
3 1347 1283 1539
3 1284 1285 1286
3 1284 1286 1410
3 1284 1410 1689
3 1286 1285 1287
3 1287 1285 1623
3 1285 1347 1623
3 1286 1287 1288
3 1286 1288 1525
3 1410 1286 1525
3 1288 1287 1289
3 1289 1287 1349
3 1349 1287 1623
3 1288 1289 1290
3 1288 1290 1408
3 1288 1408 1525
3 1290 1289 1291
3 1291 1289 1674
3 1289 1349 1674
3 1290 1291 1292
3 1290 1292 1660
3 1408 1290 1660
3 1292 1291 1293
3 1293 1291 1350
3 1350 1291 1674
3 1292 1293 1294
3 1292 1294 1407
3 1292 1407 1660
3 1294 1293 1295
3 1295 1293 1542
3 1293 1350 1542
3 1294 1295 1296
3 1294 1296 1669
3 1407 1294 1669
3 1296 1295 1297
3 1297 1295 1352
3 1352 1295 1542
3 1296 1297 1298
3 1296 1298 1405
3 1296 1405 1669
3 1298 1297 1299
3 1299 1297 1657
3 1297 1352 1657
3 1298 1299 1300
3 1298 1300 1640
3 1405 1298 1640
3 1300 1299 1301
3 1301 1299 1353
3 1353 1299 1657
3 1300 1301 1302
3 1300 1302 1384
3 1300 1384 1640
3 1302 1301 1303
3 1303 1301 1638
3 1301 1353 1638
3 1302 1303 1304
3 1302 1304 1528
3 1384 1302 1528
3 1304 1303 1305
3 1305 1303 1354
3 1354 1303 1638
3 1304 1305 1306
3 1304 1306 1603
3 1528 1304 1603
3 1306 1305 1307
3 1307 1305 1624
3 1305 1354 1624
3 1306 1307 1308
3 1306 1308 1332
3 1306 1332 1603
3 1308 1307 1309
3 1309 1307 1348
3 1348 1307 1624
3 1308 1309 1310
3 1308 1310 1535
3 1332 1308 1535
3 1310 1309 1311
3 1311 1309 1662
3 1309 1348 1662
3 1310 1311 1312
3 1310 1312 1636
3 1535 1310 1636
3 1312 1311 1313
3 1313 1311 1594
3 1594 1311 1662
3 1312 1313 1314
3 1312 1314 1333
3 1312 1333 1636
3 1314 1313 1315
3 1315 1313 1351
3 1351 1313 1594
3 1314 1315 1316
3 1314 1316 1522
3 1333 1314 1522
3 1316 1315 1317
3 1317 1315 1569
3 1315 1351 1569
3 1316 1317 1318
3 1316 1318 1642
3 1522 1316 1642
3 1318 1317 1319
3 1319 1317 1538
3 1538 1317 1569
3 1318 1319 1320
3 1318 1320 1334
3 1318 1334 1642
3 1320 1319 1321
3 1321 1319 1355
3 1355 1319 1538
3 1320 1321 1322
3 1320 1322 1684
3 1334 1320 1684
3 1322 1321 1323
3 1323 1321 1512
3 1321 1355 1512
3 1322 1323 1324
3 1322 1324 1380
3 1322 1380 1684
3 1324 1323 1325
3 1325 1323 1511
3 1511 1323 1512
3 1324 1325 1326
3 1324 1326 1681
3 1380 1324 1681
3 1326 1325 1327
3 1327 1325 1356
3 1356 1325 1511
3 1326 1327 1328
3 1326 1328 1376
3 1326 1376 1681
3 1328 1327 1763
3 1327 1356 1357
3 1327 1357 1763
3 1376 1328 1377
3 1377 1328 1378
3 1378 1328 1763
3 1329 1409 1432
3 1329 1432 1433
3 1329 1433 1673
3 1330 1331 1438
3 1330 1438 1439
3 1330 1439 1567
3 1331 1339 1383
3 1331 1383 1442
3 1438 1331 1442
3 1332 1535 1536
3 1332 1536 1537
3 1332 1537 1603
3 1333 1522 1523
3 1333 1523 1524
3 1333 1524 1636
3 1642 1334 1643
3 1643 1334 1644
3 1644 1334 1684
3 1335 1336 1434
3 1335 1434 1440
3 1335 1440 1823
3 1434 1336 1435
3 1435 1336 1475
3 1475 1336 1759
3 1337 1415 1474
3 1337 1474 1760
3 1759 1337 1760
3 1338 1484 1485
3 1338 1485 1492
3 1338 1492 1691
3 1383 1339 1431
3 1431 1339 1694
3 1339 1693 1694
3 1341 1340 1705
3 1340 1703 1704
3 1340 1704 1705
3 1342 1341 1343
3 1343 1341 1345
3 1345 1341 1705
3 1342 1343 1344
3 1342 1344 1708
3 1552 1342 1708
3 1344 1343 1519
3 1343 1345 1381
3 1343 1381 1519
3 1344 1519 1520
3 1344 1520 1521
3 1344 1521 1708
3 1381 1345 1382
3 1382 1345 1683
3 1683 1345 1705
3 1346 1416 1760
3 1346 1707 1710
3 1707 1346 1760
3 1347 1539 1712
3 1623 1347 1715
3 1347 1712 1715
3 1348 1624 1728
3 1662 1348 1729
3 1348 1728 1729
3 1349 1623 1716
3 1674 1349 1718
3 1349 1716 1718
3 1542 1350 1720
3 1350 1674 1719
3 1350 1719 1720
3 1569 1351 1570
3 1570 1351 1726
3 1351 1594 1726
3 1352 1542 1721
3 1657 1352 1722
3 1352 1721 1722
3 1638 1353 1724
3 1353 1657 1725
3 1724 1353 1725
3 1624 1354 1723
3 1354 1638 1727
3 1723 1354 1727
3 1512 1355 1513
3 1513 1355 1731
3 1355 1538 1731
3 1357 1356 1733
3 1356 1511 1742
3 1733 1356 1742
3 1473 1357 1762
3 1357 1473 1763
3 1357 1733 1762
3 1358 1359 1456
3 1445 1358 1782
3 1358 1456 1782
3 1359 1360 1361
3 1359 1361 1365
3 1359 1365 1456
3 1361 1360 1362
3 1362 1360 1454
3 1360 1453 1454
3 1361 1362 1363
3 1361 1363 1462
3 1365 1361 1462
3 1363 1362 1364
3 1364 1362 1366
3 1366 1362 1454
3 1363 1364 1467
3 1462 1363 1463
3 1463 1363 1467
3 1364 1366 1367
3 1364 1367 1368
3 1364 1368 1467
3 1456 1365 1457
3 1457 1365 1458
3 1458 1365 1462
3 1367 1366 1491
3 1366 1454 1767
3 1491 1366 1767
3 1368 1367 1369
3 1369 1367 1370
3 1370 1367 1491
3 1368 1369 1765
3 1467 1368 1468
3 1468 1368 1765
3 1369 1370 1371
3 1369 1371 1372
3 1369 1372 1765
3 1371 1370 1374
3 1374 1370 1375
3 1375 1370 1491
3 1372 1371 1373
3 1373 1371 1493
3 1371 1374 1493
3 1372 1373 1406
3 1372 1406 1430
3 1372 1430 1765
3 1406 1373 1412
3 1412 1373 1413
3 1413 1373 1493
3 1374 1375 1448
3 1374 1448 1449
3 1374 1449 1493
3 1448 1375 1450
3 1450 1375 1451
3 1451 1375 1491
3 1376 1377 1444
3 1376 1444 1808
3 1681 1376 1808
3 1377 1378 1379
3 1377 1379 1802
3 1444 1377 1802
3 1379 1378 1460
3 1460 1378 1764
3 1378 1763 1764
3 1452 1379 1460
3 1379 1452 1461
3 1379 1461 1802
3 1380 1681 1682
3 1380 1682 1814
3 1684 1380 1814
3 1381 1382 1385
3 1381 1385 1857
3 1519 1381 1857
3 1385 1382 1386
3 1386 1382 1701
3 1382 1683 1701
3 1383 1431 1836
3 1442 1383 1443
3 1443 1383 1836
3 1384 1528 1529
3 1384 1529 1843
3 1640 1384 1843
3 1385 1386 1853
3 1793 1385 1795
3 1385 1793 1857
3 1795 1385 1853
3 1506 1386 1701
3 1386 1506 1702
3 1386 1702 1853
3 1388 1387 1824
3 1387 1390 1429
3 1387 1429 1824
3 1389 1388 1391
3 1391 1388 1428
3 1428 1388 1824
3 1389 1391 1392
3 1389 1392 1706
3 1510 1389 1706
3 1429 1390 1820
3 1390 1675 1699
3 1390 1699 1820
3 1392 1391 1393
3 1393 1391 1828
3 1391 1428 1828
3 1392 1393 1394
3 1392 1394 1494
3 1392 1494 1706
3 1394 1393 1395
3 1395 1393 1426
3 1426 1393 1828
3 1394 1395 1396
3 1394 1396 1397
3 1394 1397 1494
3 1396 1395 1713
3 1395 1426 1427
3 1395 1427 1713
3 1397 1396 1398
3 1398 1396 1399
3 1399 1396 1713
3 1397 1398 1531
3 1494 1397 1501
3 1501 1397 1531
3 1398 1399 1400
3 1398 1400 1401
3 1398 1401 1531
3 1400 1399 1422
3 1422 1399 1423
3 1423 1399 1713
3 1401 1400 1402
3 1402 1400 1709
3 1400 1422 1709
3 1401 1402 1403
3 1401 1403 1404
3 1401 1404 1531
3 1403 1402 1436
3 1436 1402 1437
3 1437 1402 1709
3 1404 1403 1769
3 1403 1436 1768
3 1403 1768 1769
3 1531 1404 1532
3 1532 1404 1771
3 1404 1769 1771
3 1405 1640 1641
3 1405 1641 1846
3 1669 1405 1846
3 1406 1412 1414
3 1406 1414 1863
3 1430 1406 1863
3 1660 1407 1848
3 1407 1669 1670
3 1407 1670 1848
3 1525 1408 1850
3 1408 1660 1661
3 1408 1661 1850
3 1432 1409 1862
3 1409 1711 1738
3 1409 1738 1862
3 1410 1525 1526
3 1410 1526 1854
3 1689 1410 1854
3 1687 1411 1856
3 1411 1689 1690
3 1411 1690 1856
3 1412 1413 1769
3 1414 1412 1768
3 1768 1412 1769
3 1470 1413 1493
3 1413 1470 1771
3 1769 1413 1771
3 1414 1768 1871
3 1794 1414 1797
3 1414 1794 1863
3 1797 1414 1871
3 1474 1415 1476
3 1476 1415 1477
3 1477 1415 1698
3 1416 1417 1475
3 1416 1475 1759
3 1416 1759 1760
3 1475 1417 1809
3 1417 1567 1568
3 1417 1568 1809
3 1418 1419 1711
3 1637 1418 1714
3 1418 1711 1714
3 1419 1507 1509
3 1419 1509 1738
3 1711 1419 1738
3 1421 1420 1878
3 1521 1420 1708
3 1420 1521 1878
3 1694 1421 1741
3 1741 1421 1791
3 1791 1421 1878
3 1422 1423 1424
3 1422 1424 1876
3 1709 1422 1876
3 1424 1423 1425
3 1425 1423 1834
3 1423 1713 1834
3 1424 1425 1860
3 1799 1424 1860
3 1427 1426 1830
3 1713 1427 1834
3 1427 1830 1831
3 1428 1826 1828
3 1429 1821 1824
3 1765 1430 1766
3 1766 1430 1869
3 1431 1694 1741
3 1433 1432 1864
3 1673 1433 1866
3 1433 1864 1865
3 1440 1434 1775
3 1446 1435 1809
3 1435 1475 1809
3 1768 1436 1871
3 1437 1709 1788
3 1437 1788 1877
3 1439 1438 1441
3 1439 1441 1790
3 1567 1439 1568
3 1568 1439 1790
3 1440 1551 1823
3 1442 1443 1776
3 1777 1443 1836
3 1444 1805 1808
3 1779 1445 1782
3 1452 1447 1787
3 1449 1448 1469
3 1449 1470 1493
3 1450 1451 1772
3 1466 1450 1772
3 1451 1491 1767
3 1461 1452 1787
3 1454 1453 1455
3 1454 1455 1767
3 1456 1457 1459
3 1456 1459 1782
3 1457 1458 1804
3 1459 1457 1783
3 1783 1457 1804
3 1458 1462 1464
3 1774 1459 1783
3 1472 1460 1764
3 1461 1789 1802
3 1462 1463 1464
3 1464 1463 1465
3 1465 1463 1879
3 1463 1467 1879
3 1464 1465 1880
3 1467 1468 1879
3 1468 1765 1766
3 1468 1766 1832
3 1470 1770 1771
3 1471 1473 1762
3 1483 1471 1762
3 1763 1473 1764
3 1474 1707 1760
3 1478 1477 1756
3 1477 1698 1756
3 1479 1478 1480
3 1480 1478 1481
3 1481 1478 1756
3 1479 1480 1748
3 1480 1481 1482
3 1482 1481 1761
3 1481 1756 1757
3 1481 1757 1761
3 1527 1482 1758
3 1758 1482 1761
3 1485 1484 1486
3 1485 1486 1487
3 1485 1487 1744
3 1492 1485 1744
3 1487 1488 1489
3 1487 1489 1744
3 1489 1488 1490
3 1490 1488 1533
3 1533 1488 1613
3 1489 1490 1543
3 1490 1533 1534
3 1743 1492 1744
3 1494 1501 1692
3 1494 1692 1706
3 1496 1495 1502
3 1495 1497 1502
3 1496 1502 1503
3 1496 1503 1702
3 1506 1496 1702
3 1497 1498 1499
3 1497 1499 1872
3 1502 1497 1872
3 1499 1498 1500
3 1500 1498 1866
3 1498 1673 1866
3 1499 1500 1874
3 1499 1798 1872
3 1798 1499 1874
3 1500 1867 1874
3 1501 1531 1532
3 1503 1502 1796
3 1796 1502 1872
3 1503 1796 1868
3 1707 1504 1710
3 1505 1683 1705
3 1704 1505 1705
3 1530 1506 1701
3 1507 1508 1509
3 1509 1508 1859
3 1508 1687 1688
3 1508 1688 1859
3 1738 1509 1739
3 1739 1509 1859
3 1511 1512 1740
3 1511 1740 1742
3 1512 1513 1740
3 1513 1731 1735
3 1513 1735 1737
3 1513 1737 1740
3 1514 1515 1518
3 1515 1516 1517
3 1515 1517 1817
3 1518 1515 1817
3 1517 1516 1813
3 1516 1553 1554
3 1516 1554 1813
3 1517 1815 1817
3 1699 1518 1700
3 1700 1518 1817
3 1521 1520 1792
3 1792 1520 1870
3 1521 1792 1878
3 1523 1522 1822
3 1522 1642 1822
3 1524 1523 1825
3 1636 1524 1833
3 1524 1825 1829
3 1524 1829 1833
3 1526 1525 1850
3 1526 1851 1854
3 1529 1528 1841
3 1528 1603 1841
3 1529 1842 1843
3 1770 1532 1771
3 1534 1533 1754
3 1685 1534 1752
3 1752 1534 1754
3 1536 1535 1833
3 1535 1636 1833
3 1537 1536 1839
3 1603 1537 1841
3 1537 1839 1840
3 1537 1840 1841
3 1538 1569 1736
3 1731 1538 1736
3 1539 1540 1717
3 1712 1539 1717
3 1540 1541 1717
3 1541 1672 1696
3 1541 1696 1697
3 1541 1697 1717
3 1542 1720 1721
3 1544 1545 1546
3 1544 1546 1647
3 1546 1545 1652
3 1545 1547 1548
3 1545 1548 1652
3 1647 1546 1648
3 1648 1546 1649
3 1649 1546 1652
3 1548 1547 1549
3 1549 1547 1827
3 1547 1686 1827
3 1652 1548 1780
3 1550 1549 1551
3 1551 1549 1827
3 1823 1551 1827
3 1554 1555 1556
3 1554 1556 1813
3 1556 1555 1810
3 1678 1555 1680
3 1555 1678 1810
3 1556 1812 1813
3 1557 1558 1560
3 1557 1560 1658
3 1558 1559 1561
3 1560 1558 1800
3 1558 1561 1800
3 1561 1559 1785
3 1559 1619 1620
3 1559 1620 1785
3 1633 1560 1635
3 1560 1633 1658
3 1635 1560 1800
3 1561 1786 1800
3 1563 1562 1565
3 1565 1562 1622
3 1564 1563 1566
3 1563 1565 1655
3 1566 1563 1655
3 1564 1566 1773
3 1666 1564 1667
3 1667 1564 1773
3 1565 1622 1653
3 1565 1653 1654
3 1565 1654 1655
3 1566 1655 1656
3 1566 1656 1852
3 1773 1566 1852
3 1569 1570 1736
3 1570 1726 1732
3 1570 1732 1734
3 1570 1734 1736
3 1571 1733 1742
3 1573 1572 1574
3 1574 1572 1578
3 1573 1574 1593
3 1575 1573 1576
3 1576 1573 1593
3 1574 1578 1579
3 1574 1579 1755
3 1593 1574 1755
3 1575 1576 1577
3 1575 1577 1664
3 1575 1664 1671
3 1592 1576 1593
3 1577 1598 1664
3 1598 1577 1676
3 1579 1580 1581
3 1579 1581 1755
3 1581 1580 1582
3 1582 1580 1749
3 1580 1645 1749
3 1581 1582 1646
3 1604 1581 1646
3 1581 1604 1755
3 1582 1749 1751
3 1721 1583 1722
3 1585 1584 1587
3 1587 1584 1639
3 1586 1585 1588
3 1585 1587 1695
3 1588 1585 1695
3 1586 1588 1589
3 1586 1589 1591
3 1586 1591 1665
3 1587 1639 1750
3 1695 1587 1747
3 1747 1587 1750
3 1589 1588 1590
3 1590 1588 1745
3 1588 1695 1745
3 1591 1589 1758
3 1591 1758 1761
3 1594 1662 1730
3 1726 1594 1730
3 1595 1723 1727
3 1597 1596 1601
3 1598 1597 1599
3 1599 1597 1600
3 1600 1597 1601
3 1598 1599 1664
3 1599 1600 1627
3 1600 1601 1602
3 1602 1601 1752
3 1663 1602 1754
3 1602 1752 1754
3 1606 1605 1751
3 1607 1606 1608
3 1608 1606 1612
3 1612 1606 1751
3 1607 1608 1609
3 1607 1609 1746
3 1621 1607 1746
3 1608 1612 1616
3 1609 1610 1611
3 1609 1611 1746
3 1611 1610 1753
3 1746 1611 1750
3 1611 1747 1750
3 1747 1611 1753
3 1749 1612 1751
3 1617 1614 1729
3 1729 1614 1730
3 1719 1615 1720
3 1728 1617 1729
3 1618 1724 1725
3 1620 1667 1668
3 1620 1668 1785
3 1623 1715 1716
3 1624 1723 1728
3 1625 1626 1677
3 1626 1633 1634
3 1626 1634 1806
3 1677 1626 1806
3 1712 1628 1715
3 1629 1630 1632
3 1630 1631 1632
3 1631 1630 1703
3 1703 1630 1704
3 1634 1633 1635
3 1634 1635 1801
3 1634 1801 1803
3 1634 1803 1806
3 1638 1724 1727
3 1641 1640 1843
3 1641 1844 1846
3 1642 1643 1822
3 1643 1644 1816
3 1643 1816 1819
3 1643 1819 1822
3 1644 1684 1814
3 1648 1649 1650
3 1648 1650 1653
3 1650 1649 1651
3 1650 1651 1845
3 1653 1650 1654
3 1654 1650 1845
3 1657 1722 1725
3 1716 1659 1718
3 1661 1660 1848
3 1661 1849 1850
3 1662 1729 1730
3 1668 1667 1773
3 1668 1781 1785
3 1670 1669 1846
3 1670 1847 1848
3 1674 1718 1719
3 1678 1677 1679
3 1679 1677 1806
3 1678 1679 1810
3 1679 1807 1810
3 1682 1681 1808
3 1682 1811 1814
3 1688 1687 1856
3 1688 1858 1859
3 1690 1689 1854
3 1690 1855 1856
3 1699 1700 1820
3 1700 1818 1820
3 1788 1709 1876
3 1738 1739 1862
3 1741 1791 1873
3 1832 1766 1869
3 1777 1836 1875
3 1784 1783 1804
3 1784 1804 1881
3 1837 1798 1874
3 1838 1799 1860
3 181 2784 1
3 1 2784 265
3 3 2782 225
3 288 2782 3
3 248 2783 5
3 5 2783 395
3 7 2785 305
3 351 2785 7
3 182 1933 181
3 1933 2784 181
3 183 2766 182
3 182 2766 1933
3 184 1912 183
3 1912 2766 183
3 185 2764 184
3 184 2764 1912
3 186 2763 185
3 2763 2764 185
3 187 1902 186
3 1902 2763 186
3 188 2760 187
3 187 2760 1902
3 189 1930 188
3 1930 2760 188
3 190 2757 189
3 189 2757 1930
3 191 1892 190
3 1892 2757 190
3 192 2754 191
3 191 2754 1892
3 193 1927 192
3 1927 2754 192
3 194 2751 193
3 193 2751 1927
3 195 1891 194
3 1891 2751 194
3 196 2749 195
3 195 2749 1891
3 197 1923 196
3 1923 2749 196
3 198 2747 197
3 197 2747 1923
3 199 1888 198
3 1888 2747 198
3 200 2744 199
3 199 2744 1888
3 201 1932 200
3 1932 2744 200
3 202 2742 201
3 201 2742 1932
3 203 1895 202
3 1895 2742 202
3 204 2740 203
3 203 2740 1895
3 205 2739 204
3 2739 2740 204
3 206 1907 205
3 1907 2739 205
3 207 2729 206
3 206 2729 1907
3 208 2725 207
3 2725 2729 207
3 209 1890 208
3 1890 2725 208
3 210 2720 209
3 209 2720 1890
3 211 2715 210
3 2715 2720 210
3 212 1918 211
3 1918 2715 211
3 213 2710 212
3 212 2710 1918
3 214 1898 213
3 1898 2710 213
3 215 2704 214
3 214 2704 1898
3 216 1919 215
3 1919 2704 215
3 217 2689 216
3 216 2689 1919
3 218 1900 217
3 1900 2689 217
3 219 2675 218
3 218 2675 1900
3 220 1937 219
3 1937 2675 219
3 221 1904 220
3 1904 1937 220
3 222 2676 221
3 221 2676 1904
3 223 1921 222
3 1921 2676 222
3 224 2673 223
3 223 2673 1921
3 225 1936 224
3 1936 2673 224
3 225 2782 1936
3 249 2671 248
3 2671 2783 248
3 250 2778 249
3 249 2778 2671
3 251 1914 250
3 1914 2778 250
3 252 2773 251
3 251 2773 1914
3 253 2690 252
3 2690 2773 252
3 254 1908 253
3 1908 2690 253
3 255 2691 254
3 254 2691 1908
3 256 2770 255
3 255 2770 2691
3 257 1886 256
3 1886 2770 256
3 258 2692 257
3 257 2692 1886
3 259 2694 258
3 258 2694 2692
3 260 1910 259
3 1910 2694 259
3 261 2768 260
3 260 2768 1910
3 262 2695 261
3 2695 2768 261
3 263 1916 262
3 1916 2695 262
3 264 2697 263
3 263 2697 1916
3 265 2737 264
3 264 2737 2697
3 265 2784 2737
3 289 2684 288
3 2684 2782 288
3 290 2781 289
3 289 2781 2684
3 291 1915 290
3 1915 2781 290
3 292 2780 291
3 291 2780 1915
3 293 2367 292
3 2367 2780 292
3 294 1909 293
3 1909 2367 293
3 295 2732 294
3 294 2732 1909
3 296 2769 295
3 295 2769 2732
3 297 1887 296
3 1887 2769 296
3 298 2693 297
3 297 2693 1887
3 299 2696 298
3 298 2696 2693
3 300 1911 299
3 1911 2696 299
3 301 2776 300
3 300 2776 1911
3 302 2688 301
3 2688 2776 301
3 303 1917 302
3 1917 2688 302
3 304 2698 303
3 303 2698 1917
3 305 2738 304
3 304 2738 2698
3 305 2785 2738
3 352 1934 351
3 1934 2785 351
3 353 2735 352
3 352 2735 1934
3 354 1913 353
3 1913 2735 353
3 355 2731 354
3 354 2731 1913
3 356 2730 355
3 2730 2731 355
3 357 1903 356
3 1903 2730 356
3 358 2726 357
3 357 2726 1903
3 359 1931 358
3 1931 2726 358
3 360 2722 359
3 359 2722 1931
3 361 1893 360
3 1893 2722 360
3 362 2719 361
3 361 2719 1893
3 363 1928 362
3 1928 2719 362
3 364 2714 363
3 363 2714 1928
3 365 1894 364
3 1894 2714 364
3 366 2711 365
3 365 2711 1894
3 367 1924 366
3 1924 2711 366
3 368 2706 367
3 367 2706 1924
3 369 1905 368
3 1905 2706 368
3 370 2702 369
3 369 2702 1905
3 371 2700 370
3 2700 2702 370
3 372 1889 371
3 1889 2700 371
3 373 2686 372
3 372 2686 1889
3 374 1925 373
3 1925 2686 373
3 375 2681 374
3 374 2681 1925
3 376 1897 375
3 1897 2681 375
3 377 2680 376
3 376 2680 1897
3 378 1929 377
3 1929 2680 377
3 379 2679 378
3 378 2679 1929
3 380 1896 379
3 1896 2679 379
3 381 2496 380
3 380 2496 1896
3 382 1926 381
3 1926 2496 381
3 383 2678 382
3 382 2678 1926
3 384 1899 383
3 1899 2678 383
3 385 2674 384
3 384 2674 1899
3 386 1920 385
3 1920 2674 385
3 387 2385 386
3 386 2385 1920
3 388 1901 387
3 1901 2385 387
3 389 2707 388
3 388 2707 1901
3 390 2345 389
3 2345 2707 389
3 391 1906 390
3 1906 2345 390
3 392 2677 391
3 391 2677 1906
3 393 1922 392
3 1922 2677 392
3 394 2670 393
3 393 2670 1922
3 395 1935 394
3 1935 2670 394
3 395 2783 1935
3 2627 2628 1886
3 1886 2756 2627
3 2628 2770 1886
3 2692 2756 1886
3 1887 2762 2337
3 2337 2769 1887
3 2693 2762 1887
3 1888 2746 2549
3 2549 2747 1888
3 2744 2746 1888
3 1889 2699 2559
3 2559 2700 1889
3 2686 2699 1889
3 1890 2723 2437
3 2437 2725 1890
3 2720 2723 1890
3 1891 2750 2540
3 2540 2751 1891
3 2749 2750 1891
3 1892 2755 2422
3 2422 2757 1892
3 2754 2755 1892
3 1893 2721 2336
3 2336 2722 1893
3 2719 2721 1893
3 1894 2712 2433
3 2433 2714 1894
3 2711 2712 1894
3 1895 2741 2460
3 2460 2742 1895
3 2740 2741 1895
3 1896 2495 2494
3 2494 2679 1896
3 1896 2496 2495
3 1897 2672 2513
3 2513 2681 1897
3 1897 2680 2672
3 1898 2708 2606
3 2606 2710 1898
3 2704 2708 1898
3 2384 2419 1899
3 1899 2674 2384
3 2419 2678 1899
3 1900 2687 2363
3 2363 2689 1900
3 2675 2687 1900
3 2344 2386 1901
3 1901 2707 2344
3 1901 2386 2385
3 1902 2761 2338
3 2338 2763 1902
3 1902 2760 2621
3 2621 2761 1902
3 1903 2727 2333
3 2333 2730 1903
3 2726 2727 1903
3 1904 1938 1937
3 1904 2348 1938
3 1904 2676 2348
3 1905 2705 2589
3 2589 2706 1905
3 2702 2705 1905
3 2342 2345 1906
3 1906 2346 2342
3 1906 2677 2346
3 1907 2733 2483
3 2483 2739 1907
3 2729 2733 1907
3 1908 2777 2690
3 2691 2777 1908
3 1909 2779 2367
3 1909 2732 2370
3 2370 2779 1909
3 1910 2405 2403
3 2403 2752 1910
3 1910 2768 2405
3 1910 2752 2694
3 1911 2341 2340
3 2340 2771 1911
3 1911 2776 2341
3 1911 2771 2696
3 1912 2764 2339
3 2339 2765 1912
3 1912 2765 2411
3 2411 2766 1912
3 1913 2734 2332
3 2332 2735 1913
3 1913 2731 2334
3 2334 2734 1913
3 1914 2613 2612
3 2612 2728 1914
3 1914 2773 2613
3 2728 2778 1914
3 1915 2366 2360
3 2360 2703 1915
3 1915 2780 2366
3 2703 2781 1915
3 1916 2772 2695
3 2697 2772 1916
3 1917 2698 2331
3 2331 2775 1917
3 1917 2775 2688
3 1918 2713 2566
3 2566 2715 1918
3 2710 2713 1918
3 1919 2701 2347
3 2347 2704 1919
3 2689 2701 1919
3 1920 2383 2382
3 2382 2674 1920
3 1920 2385 2383
3 1921 2673 2361
3 2361 2682 1921
3 1921 2682 2676
3 1922 2631 2343
3 2343 2677 1922
3 1922 2670 2631
3 1923 2748 2597
3 2597 2749 1923
3 2747 2748 1923
3 1924 2709 2488
3 2488 2711 1924
3 2706 2709 1924
3 1925 2685 2516
3 2516 2686 1925
3 2681 2685 1925
3 1926 2497 2496
3 1926 2767 2497
3 2678 2767 1926
3 1927 2753 2584
3 2584 2754 1927
3 2751 2753 1927
3 1928 2717 2626
3 2626 2719 1928
3 2714 2717 1928
3 2500 2521 1929
3 1929 2679 2500
3 2521 2680 1929
3 1930 2758 2621
3 2621 2760 1930
3 2757 2758 1930
3 1931 2724 2335
3 2335 2726 1931
3 2722 2724 1931
3 1932 2743 2591
3 2591 2744 1932
3 2742 2743 1932
3 1933 2774 2737
3 2737 2784 1933
3 2766 2774 1933
3 1934 2735 2332
3 2332 2759 1934
3 1934 2759 2738
3 2738 2785 1934
3 2632 2670 1935
3 1935 2671 2632
3 1935 2783 2671
3 1936 2683 2673
3 1936 2684 2683
3 1936 2782 2684
3 1938 1939 1937
3 1939 2675 1937
3 1938 1940 1939
3 1938 1941 1940
3 1938 2348 1941
3 1940 2349 1939
3 2349 2687 1939
3 1939 2687 2675
3 1941 1942 1940
3 1942 1943 1940
3 1943 2349 1940
3 1941 2057 1942
3 1941 2254 2057
3 1941 2348 2254
3 1942 1944 1943
3 1942 2355 1944
3 2057 2355 1942
3 1944 1945 1943
3 1945 2145 1943
3 2145 2349 1943
3 1944 1946 1945
3 1944 2357 1946
3 2355 2357 1944
3 1946 1947 1945
3 1947 2374 1945
3 1945 2374 2145
3 1946 1948 1947
3 1946 2032 1948
3 1946 2357 2032
3 1948 1949 1947
3 1949 2042 1947
3 2042 2374 1947
3 1948 1950 1949
3 1948 2669 1950
3 2032 2669 1948
3 1950 1951 1949
3 1951 2373 1949
3 1949 2373 2042
3 1950 1952 1951
3 1950 2368 1952
3 1950 2669 2368
3 1952 1953 1951
3 1953 2389 1951
3 1951 2389 2373
3 1952 1954 1953
3 1952 2017 1954
3 1952 2368 2017
3 1954 1955 1953
3 1955 1956 1953
3 1956 2389 1953
3 1954 2390 1955
3 2017 2018 1954
3 2018 2390 1954
3 1955 1957 1956
3 1955 2392 1957
3 2390 2392 1955
3 1957 1958 1956
3 1958 2140 1956
3 2140 2389 1956
3 1957 1959 1958
3 1957 2016 1959
3 1957 2392 2016
3 1959 1960 1958
3 1960 2446 1958
3 1958 2446 2140
3 1959 1961 1960
3 1959 2541 1961
3 2016 2541 1959
3 1961 1962 1960
3 1962 2034 1960
3 2034 2446 1960
3 1961 1963 1962
3 1961 2069 1963
3 1961 2541 2069
3 1963 1964 1962
3 1964 2441 1962
3 1962 2441 2034
3 1963 1965 1964
3 1963 2578 1965
3 2069 2578 1963
3 1965 1966 1964
3 1966 2581 1964
3 1964 2581 2441
3 1965 1967 1966
3 1965 2015 1967
3 1965 2578 2015
3 1967 1968 1966
3 1968 2026 1966
3 2026 2581 1966
3 1967 1969 1968
3 1967 2563 1969
3 2015 2563 1967
3 1969 1970 1968
3 1970 2526 1968
3 1968 2526 2026
3 1969 1971 1970
3 1969 2070 1971
3 1969 2563 2070
3 1971 1972 1970
3 1972 2599 1970
3 1970 2599 2526
3 1971 1973 1972
3 1971 2649 1973
3 2070 2649 1971
3 1973 1974 1972
3 1974 2027 1972
3 2027 2599 1972
3 1973 1975 1974
3 1973 2010 1975
3 1973 2649 2010
3 1975 1976 1974
3 1976 2636 1974
3 1974 2636 2027
3 1975 1977 1976
3 1975 2529 1977
3 2010 2529 1975
3 1977 1978 1976
3 1978 2504 1976
3 2504 2636 1976
3 1977 1979 1978
3 1977 2062 1979
3 1977 2529 2062
3 1979 1980 1978
3 1980 2028 1978
3 2028 2504 1978
3 1979 1981 1980
3 1979 2653 1981
3 2062 2653 1979
3 1981 1982 1980
3 1982 2542 1980
3 1980 2542 2028
3 1981 1983 1982
3 1981 2473 1983
3 1981 2653 2473
3 1983 1984 1982
3 1984 2063 1982
3 2063 2542 1982
3 1983 1985 1984
3 1983 2014 1985
3 1983 2473 2014
3 1985 1986 1984
3 1986 2528 1984
3 1984 2528 2063
3 1985 1987 1986
3 1985 2576 1987
3 2014 2576 1985
3 1987 1988 1986
3 1988 2035 1986
3 2035 2528 1986
3 1987 1989 1988
3 1987 2067 1989
3 1987 2576 2067
3 1989 1990 1988
3 1990 2543 1988
3 1988 2543 2035
3 1989 1991 1990
3 1989 2531 1991
3 2067 2531 1989
3 1991 1992 1990
3 1992 2065 1990
3 2065 2543 1990
3 1991 1993 1992
3 1991 2013 1993
3 1991 2531 2013
3 1993 1994 1992
3 1994 2633 1992
3 1992 2633 2065
3 1993 1995 1994
3 1993 2553 1995
3 2013 2553 1993
3 1995 1996 1994
3 1996 2036 1994
3 2036 2633 1994
3 1995 1997 1996
3 1995 2066 1997
3 1995 2553 2066
3 1997 1998 1996
3 1998 2579 1996
3 1996 2579 2036
3 1997 1999 1998
3 1997 2650 1999
3 2066 2650 1997
3 1999 2000 1998
3 2000 2064 1998
3 2064 2579 1998
3 1999 2001 2000
3 1999 2012 2001
3 1999 2650 2012
3 2001 2002 2000
3 2002 2450 2000
3 2000 2450 2064
3 2001 2003 2002
3 2001 2544 2003
3 2012 2544 2001
3 2003 2004 2002
3 2004 2037 2002
3 2037 2450 2002
3 2003 2005 2004
3 2003 2143 2005
3 2003 2544 2143
3 2005 2006 2004
3 2006 2484 2004
3 2004 2484 2037
3 2005 2007 2006
3 2005 2598 2007
3 2143 2598 2005
3 2007 2008 2006
3 2008 2603 2006
3 2006 2603 2484
3 2007 2009 2008
3 2007 2011 2009
3 2007 2598 2011
3 2009 2020 2008
3 2020 2040 2008
3 2040 2603 2008
3 2011 2019 2009
3 2019 2593 2009
3 2009 2593 2020
3 2509 2529 2010
3 2010 2530 2509
3 2010 2649 2530
3 2011 2022 2019
3 2011 2425 2022
3 2011 2598 2425
3 2378 2544 2012
3 2012 2545 2378
3 2012 2650 2545
3 2464 2465 2013
3 2013 2531 2464
3 2465 2553 2013
3 2014 2472 2470
3 2470 2576 2014
3 2014 2473 2472
3 2015 2538 2536
3 2536 2563 2015
3 2015 2578 2538
3 2392 2393 2016
3 2393 2394 2016
3 2394 2541 2016
3 2017 2021 2018
3 2017 2139 2021
3 2017 2368 2139
3 2021 2024 2018
3 2024 2253 2018
3 2253 2390 2018
3 2022 2023 2019
3 2023 2592 2019
3 2592 2593 2019
3 2020 2041 2040
3 2020 2610 2041
3 2593 2610 2020
3 2021 2025 2024
3 2021 2371 2025
3 2139 2371 2021
3 2022 2029 2023
3 2022 2033 2029
3 2022 2425 2033
3 2029 2030 2023
3 2030 2039 2023
3 2039 2592 2023
3 2025 2031 2024
3 2031 2607 2024
3 2024 2607 2253
3 2025 2038 2031
3 2025 2045 2038
3 2025 2371 2045
3 2026 2525 2443
3 2443 2581 2026
3 2026 2526 2525
3 2027 2523 2457
3 2457 2599 2027
3 2027 2636 2523
3 2502 2503 2028
3 2028 2542 2502
3 2503 2504 2028
3 2029 2618 2030
3 2033 2322 2029
3 2322 2618 2029
3 2030 2043 2039
3 2030 2044 2043
3 2030 2618 2044
3 2038 2046 2031
3 2046 2047 2031
3 2047 2607 2031
3 2032 2664 2353
3 2353 2669 2032
3 2357 2664 2032
3 2033 2388 2322
3 2033 2658 2388
3 2425 2658 2033
3 2034 2439 2399
3 2399 2446 2034
3 2034 2441 2439
3 2477 2479 2035
3 2035 2543 2477
3 2479 2528 2035
3 2490 2633 2036
3 2036 2642 2490
3 2579 2642 2036
3 2037 2453 2450
3 2037 2624 2453
3 2484 2624 2037
3 2045 2667 2038
3 2038 2048 2046
3 2038 2667 2048
3 2043 2055 2039
3 2055 2325 2039
3 2325 2592 2039
3 2041 2050 2040
3 2050 2426 2040
3 2426 2603 2040
3 2041 2051 2050
3 2041 2052 2051
3 2041 2610 2052
3 2373 2375 2042
3 2042 2661 2374
3 2375 2661 2042
3 2044 2049 2043
3 2049 2447 2043
3 2043 2447 2055
3 2044 2058 2049
3 2044 2068 2058
3 2044 2618 2068
3 2045 2371 2351
3 2351 2372 2045
3 2372 2667 2045
3 2046 2060 2047
3 2048 2608 2046
3 2046 2608 2060
3 2060 2061 2047
3 2061 2082 2047
3 2082 2607 2047
3 2048 2445 2417
3 2417 2608 2048
3 2048 2667 2445
3 2058 2059 2049
3 2059 2076 2049
3 2076 2447 2049
3 2051 2072 2050
3 2072 2073 2050
3 2073 2426 2050
3 2052 2053 2051
3 2053 2428 2051
3 2051 2428 2072
3 2052 2054 2053
3 2052 2230 2054
3 2052 2610 2230
3 2054 2056 2053
3 2056 2071 2053
3 2071 2428 2053
3 2054 2074 2056
3 2054 2615 2074
3 2230 2615 2054
3 2055 2413 2325
3 2055 2415 2413
3 2055 2447 2415
3 2056 2075 2071
3 2074 2416 2056
3 2056 2416 2075
3 2254 2255 2057
3 2255 2256 2057
3 2256 2355 2057
3 2058 2623 2059
3 2068 2077 2058
3 2077 2623 2058
3 2059 2080 2076
3 2059 2081 2080
3 2059 2623 2081
3 2060 2424 2061
3 2060 2630 2424
3 2608 2630 2060
3 2061 2083 2082
3 2061 2084 2083
3 2061 2424 2084
3 2062 2529 2508
3 2508 2648 2062
3 2648 2653 2062
3 2480 2527 2063
3 2063 2528 2480
3 2527 2542 2063
3 2450 2451 2064
3 2451 2452 2064
3 2452 2579 2064
3 2478 2543 2065
3 2065 2550 2478
3 2065 2633 2550
3 2553 2554 2066
3 2554 2655 2066
3 2066 2655 2650
3 2067 2469 2466
3 2466 2531 2067
3 2067 2576 2469
3 2068 2078 2077
3 2068 2629 2078
3 2618 2629 2068
3 2069 2541 2448
3 2448 2654 2069
3 2069 2654 2578
3 2070 2563 2535
3 2535 2651 2070
3 2070 2651 2649
3 2075 2079 2071
3 2079 2429 2071
3 2071 2429 2428
3 2072 2134 2073
3 2072 2323 2134
3 2072 2428 2323
3 2134 2135 2073
3 2135 2178 2073
3 2178 2426 2073
3 2400 2416 2074
3 2074 2569 2400
3 2074 2615 2569
3 2075 2136 2079
3 2075 2147 2136
3 2075 2416 2147
3 2080 2152 2076
3 2152 2245 2076
3 2245 2447 2076
3 2078 2137 2077
3 2137 2639 2077
3 2077 2639 2623
3 2078 2138 2137
3 2078 2142 2138
3 2078 2629 2142
3 2136 2163 2079
3 2163 2164 2079
3 2164 2429 2079
3 2081 2148 2080
3 2148 2617 2080
3 2080 2617 2152
3 2081 2162 2148
3 2081 2423 2162
3 2081 2623 2423
3 2083 2644 2082
3 2401 2607 2082
3 2082 2644 2401
3 2084 2085 2083
3 2085 2086 2083
3 2086 2644 2083
3 2084 2149 2085
3 2084 2150 2149
3 2084 2424 2150
3 2085 2087 2086
3 2085 2586 2087
3 2149 2586 2085
3 2087 2088 2086
3 2088 2177 2086
3 2177 2644 2086
3 2087 2089 2088
3 2087 2151 2089
3 2087 2586 2151
3 2089 2090 2088
3 2090 2458 2088
3 2088 2458 2177
3 2089 2091 2090
3 2089 2430 2091
3 2151 2430 2089
3 2091 2092 2090
3 2092 2176 2090
3 2176 2458 2090
3 2091 2093 2092
3 2091 2153 2093
3 2091 2430 2153
3 2093 2094 2092
3 2094 2600 2092
3 2092 2600 2176
3 2093 2095 2094
3 2093 2485 2095
3 2153 2485 2093
3 2095 2096 2094
3 2096 2175 2094
3 2175 2600 2094
3 2095 2097 2096
3 2095 2154 2097
3 2095 2485 2154
3 2097 2098 2096
3 2098 2532 2096
3 2096 2532 2175
3 2097 2099 2098
3 2097 2594 2099
3 2154 2594 2097
3 2099 2100 2098
3 2100 2174 2098
3 2174 2532 2098
3 2099 2101 2100
3 2099 2155 2101
3 2099 2594 2155
3 2101 2102 2100
3 2102 2580 2100
3 2100 2580 2174
3 2101 2103 2102
3 2101 2555 2103
3 2155 2555 2101
3 2103 2104 2102
3 2104 2173 2102
3 2173 2580 2102
3 2103 2105 2104
3 2103 2146 2105
3 2103 2555 2146
3 2105 2106 2104
3 2106 2561 2104
3 2104 2561 2173
3 2105 2107 2106
3 2105 2560 2107
3 2146 2560 2105
3 2107 2108 2106
3 2108 2172 2106
3 2172 2561 2106
3 2107 2109 2108
3 2107 2572 2109
3 2560 2572 2107
3 2109 2110 2108
3 2110 2505 2108
3 2108 2505 2172
3 2109 2111 2110
3 2109 2156 2111
3 2109 2572 2156
3 2111 2112 2110
3 2112 2141 2110
3 2141 2505 2110
3 2111 2113 2112
3 2111 2510 2113
3 2156 2510 2111
3 2113 2114 2112
3 2114 2574 2112
3 2112 2574 2141
3 2113 2115 2114
3 2113 2157 2115
3 2113 2510 2157
3 2115 2116 2114
3 2116 2517 2114
3 2517 2574 2114
3 2115 2117 2116
3 2115 2546 2117
3 2157 2546 2115
3 2117 2118 2116
3 2118 2171 2116
3 2171 2517 2116
3 2117 2119 2118
3 2117 2158 2119
3 2117 2546 2158
3 2119 2120 2118
3 2120 2461 2118
3 2118 2461 2171
3 2119 2121 2120
3 2119 2491 2121
3 2158 2491 2119
3 2121 2122 2120
3 2122 2170 2120
3 2170 2461 2120
3 2121 2123 2122
3 2121 2159 2123
3 2121 2491 2159
3 2123 2124 2122
3 2124 2551 2122
3 2122 2551 2170
3 2123 2125 2124
3 2123 2562 2125
3 2159 2562 2123
3 2125 2126 2124
3 2126 2169 2124
3 2169 2551 2124
3 2125 2127 2126
3 2125 2160 2127
3 2125 2562 2160
3 2127 2128 2126
3 2128 2518 2126
3 2126 2518 2169
3 2127 2129 2128
3 2127 2736 2129
3 2160 2736 2127
3 2129 2130 2128
3 2130 2166 2128
3 2166 2518 2128
3 2129 2131 2130
3 2129 2161 2131
3 2129 2736 2161
3 2131 2132 2130
3 2132 2616 2130
3 2130 2616 2166
3 2131 2133 2132
3 2131 2604 2133
3 2161 2604 2131
3 2133 2167 2132
3 2167 2168 2132
3 2168 2616 2132
3 2133 2326 2167
3 2133 2327 2326
3 2133 2604 2327
3 2134 2601 2135
3 2323 2324 2134
3 2324 2601 2134
3 2135 2179 2178
3 2135 2180 2179
3 2135 2601 2180
3 2147 2407 2136
3 2136 2165 2163
3 2136 2407 2165
3 2138 2236 2137
3 2236 2237 2137
3 2237 2639 2137
3 2142 2144 2138
3 2144 2716 2138
3 2138 2716 2236
3 2139 2352 2350
3 2350 2371 2139
3 2139 2368 2352
3 2140 2659 2389
3 2140 2446 2398
3 2398 2659 2140
3 2141 2574 2475
3 2475 2646 2141
3 2141 2646 2505
3 2142 2387 2144
3 2142 2609 2387
3 2142 2629 2609
3 2376 2377 2143
3 2143 2544 2376
3 2377 2598 2143
3 2144 2387 2379
3 2379 2718 2144
3 2144 2718 2716
3 2145 2354 2349
3 2145 2362 2354
3 2145 2374 2362
3 2555 2556 2146
3 2556 2557 2146
3 2557 2560 2146
3 2402 2404 2147
3 2147 2416 2402
3 2404 2407 2147
3 2162 2232 2148
3 2232 2233 2148
3 2233 2617 2148
3 2150 2286 2149
3 2286 2289 2149
3 2289 2586 2149
3 2150 2287 2286
3 2150 2288 2287
3 2150 2424 2288
3 2151 2434 2430
3 2151 2625 2434
3 2586 2625 2151
3 2152 2246 2245
3 2152 2328 2246
3 2152 2617 2328
3 2430 2431 2153
3 2431 2432 2153
3 2432 2485 2153
3 2485 2486 2154
3 2486 2487 2154
3 2487 2594 2154
3 2155 2587 2555
3 2155 2588 2587
3 2155 2594 2588
3 2156 2514 2510
3 2156 2515 2514
3 2156 2572 2515
3 2510 2511 2157
3 2511 2512 2157
3 2512 2546 2157
3 2158 2520 2491
3 2158 2585 2520
3 2546 2585 2158
3 2491 2492 2159
3 2492 2493 2159
3 2493 2562 2159
3 2498 2499 2160
3 2160 2562 2498
3 2499 2736 2160
3 2418 2604 2161
3 2161 2745 2418
3 2736 2745 2161
3 2162 2304 2232
3 2162 2305 2304
3 2162 2423 2305
3 2163 2231 2164
3 2165 2645 2163
3 2163 2645 2231
3 2231 2312 2164
3 2312 2582 2164
3 2164 2582 2429
3 2407 2408 2165
3 2408 2409 2165
3 2409 2645 2165
3 2166 2519 2518
3 2166 2634 2519
3 2616 2634 2166
3 2167 2318 2168
3 2167 2657 2318
3 2326 2657 2167
3 2318 2319 2168
3 2319 2320 2168
3 2320 2616 2168
3 2518 2602 2169
3 2169 2573 2551
3 2169 2602 2573
3 2170 2462 2461
3 2170 2463 2462
3 2170 2551 2463
3 2461 2467 2171
3 2467 2468 2171
3 2468 2517 2171
3 2505 2506 2172
3 2506 2507 2172
3 2507 2561 2172
3 2561 2570 2173
3 2570 2656 2173
3 2173 2656 2580
3 2174 2533 2532
3 2174 2534 2533
3 2174 2580 2534
3 2532 2537 2175
3 2537 2652 2175
3 2175 2652 2600
3 2176 2449 2396
3 2396 2458 2176
3 2176 2600 2449
3 2177 2458 2395
3 2395 2647 2177
3 2177 2647 2644
3 2179 2611 2178
3 2178 2427 2426
3 2178 2611 2427
3 2180 2181 2179
3 2181 2182 2179
3 2182 2611 2179
3 2180 2420 2181
3 2180 2421 2420
3 2180 2601 2421
3 2181 2183 2182
3 2181 2314 2183
3 2181 2420 2314
3 2183 2184 2182
3 2184 2454 2182
3 2454 2611 2182
3 2183 2185 2184
3 2183 2583 2185
3 2314 2583 2183
3 2185 2186 2184
3 2186 2252 2184
3 2252 2454 2184
3 2185 2187 2186
3 2185 2313 2187
3 2185 2583 2313
3 2187 2188 2186
3 2188 2564 2186
3 2186 2564 2252
3 2187 2189 2188
3 2187 2539 2189
3 2313 2539 2187
3 2189 2190 2188
3 2190 2251 2188
3 2251 2564 2188
3 2189 2191 2190
3 2189 2311 2191
3 2189 2539 2311
3 2191 2192 2190
3 2192 2489 2190
3 2190 2489 2251
3 2191 2193 2192
3 2191 2596 2193
3 2311 2596 2191
3 2193 2194 2192
3 2194 2250 2192
3 2250 2489 2192
3 2193 2195 2194
3 2193 2310 2195
3 2193 2596 2310
3 2195 2196 2194
3 2196 2568 2194
3 2194 2568 2250
3 2195 2197 2196
3 2195 2548 2197
3 2310 2548 2195
3 2197 2198 2196
3 2198 2249 2196
3 2249 2568 2196
3 2197 2199 2198
3 2197 2308 2199
3 2197 2548 2308
3 2199 2200 2198
3 2200 2476 2198
3 2198 2476 2249
3 2199 2201 2200
3 2199 2590 2201
3 2308 2590 2199
3 2201 2202 2200
3 2202 2248 2200
3 2248 2476 2200
3 2201 2203 2202
3 2201 2283 2203
3 2201 2590 2283
3 2203 2204 2202
3 2204 2571 2202
3 2202 2571 2248
3 2203 2205 2204
3 2203 2459 2205
3 2283 2459 2203
3 2205 2206 2204
3 2206 2244 2204
3 2244 2571 2204
3 2205 2207 2206
3 2205 2481 2207
3 2459 2481 2205
3 2207 2208 2206
3 2208 2501 2206
3 2206 2501 2244
3 2207 2209 2208
3 2207 2234 2209
3 2207 2481 2234
3 2209 2210 2208
3 2210 2552 2208
3 2208 2552 2501
3 2209 2211 2210
3 2209 2547 2211
3 2234 2547 2209
3 2211 2212 2210
3 2212 2243 2210
3 2243 2552 2210
3 2211 2213 2212
3 2211 2435 2213
3 2211 2547 2435
3 2213 2214 2212
3 2214 2522 2212
3 2212 2522 2243
3 2213 2215 2214
3 2213 2235 2215
3 2213 2435 2235
3 2215 2216 2214
3 2216 2455 2214
3 2455 2522 2214
3 2215 2217 2216
3 2215 2524 2217
3 2235 2524 2215
3 2217 2218 2216
3 2218 2242 2216
3 2242 2455 2216
3 2217 2219 2218
3 2217 2577 2219
3 2524 2577 2217
3 2219 2220 2218
3 2220 2575 2218
3 2218 2575 2242
3 2219 2221 2220
3 2219 2238 2221
3 2219 2577 2238
3 2221 2222 2220
3 2222 2442 2220
3 2442 2575 2220
3 2221 2223 2222
3 2221 2565 2223
3 2238 2565 2221
3 2223 2224 2222
3 2224 2239 2222
3 2239 2442 2222
3 2223 2225 2224
3 2223 2280 2225
3 2223 2565 2280
3 2225 2226 2224
3 2226 2438 2224
3 2224 2438 2239
3 2225 2227 2226
3 2225 2605 2227
3 2280 2605 2225
3 2227 2228 2226
3 2228 2240 2226
3 2240 2438 2226
3 2227 2229 2228
3 2227 2272 2229
3 2227 2605 2272
3 2229 2660 2228
3 2228 2241 2240
3 2228 2660 2241
3 2272 2273 2229
3 2273 2274 2229
3 2274 2660 2229
3 2610 2643 2230
3 2230 2637 2615
3 2230 2643 2637
3 2231 2338 2312
3 2231 2339 2338
3 2231 2645 2339
3 2232 2612 2233
3 2304 2306 2232
3 2306 2612 2232
3 2612 2613 2233
3 2613 2614 2233
3 2614 2617 2233
3 2481 2482 2234
3 2482 2483 2234
3 2483 2547 2234
3 2435 2436 2235
3 2436 2437 2235
3 2437 2524 2235
3 2236 2307 2237
3 2236 2344 2307
3 2236 2716 2344
3 2307 2342 2237
3 2342 2641 2237
3 2237 2641 2639
3 2238 2566 2565
3 2238 2567 2566
3 2238 2577 2567
3 2438 2439 2239
3 2439 2440 2239
3 2440 2442 2239
3 2241 2398 2240
3 2398 2399 2240
3 2399 2438 2240
3 2375 2659 2241
3 2241 2660 2375
3 2241 2659 2398
3 2242 2456 2455
3 2242 2525 2456
3 2242 2575 2525
3 2522 2523 2243
3 2523 2622 2243
3 2243 2622 2552
3 2501 2502 2244
3 2502 2527 2244
3 2527 2571 2244
3 2246 2247 2245
3 2247 2415 2245
3 2415 2447 2245
3 2246 2276 2247
3 2246 2640 2276
3 2328 2640 2246
3 2276 2277 2247
3 2277 2278 2247
3 2278 2415 2247
3 2248 2479 2476
3 2248 2480 2479
3 2248 2571 2480
3 2476 2477 2249
3 2477 2478 2249
3 2478 2568 2249
3 2250 2490 2489
3 2250 2550 2490
3 2250 2568 2550
3 2452 2564 2251
3 2251 2642 2452
3 2489 2642 2251
3 2451 2453 2252
3 2252 2564 2451
3 2453 2454 2252
3 2253 2391 2390
3 2253 2401 2391
3 2253 2607 2401
3 2254 2358 2255
3 2348 2682 2254
3 2254 2682 2358
3 2255 2257 2256
3 2255 2261 2257
3 2255 2358 2261
3 2257 2258 2256
3 2258 2356 2256
3 2256 2356 2355
3 2257 2259 2258
3 2257 2364 2259
3 2261 2364 2257
3 2259 2260 2258
3 2260 2262 2258
3 2262 2356 2258
3 2259 2369 2260
3 2364 2365 2259
3 2365 2369 2259
3 2260 2263 2262
3 2260 2264 2263
3 2260 2369 2264
3 2358 2359 2261
3 2359 2360 2261
3 2360 2364 2261
3 2263 2397 2262
3 2262 2664 2356
3 2397 2664 2262
3 2264 2265 2263
3 2265 2266 2263
3 2266 2397 2263
3 2264 2662 2265
3 2369 2370 2264
3 2370 2662 2264
3 2265 2267 2266
3 2265 2268 2267
3 2265 2662 2268
3 2267 2270 2266
3 2270 2271 2266
3 2271 2397 2266
3 2268 2269 2267
3 2269 2412 2267
3 2267 2412 2270
3 2268 2309 2269
3 2268 2337 2309
3 2268 2662 2337
3 2309 2315 2269
3 2315 2316 2269
3 2316 2412 2269
3 2270 2350 2271
3 2270 2351 2350
3 2270 2412 2351
3 2350 2352 2271
3 2352 2353 2271
3 2353 2397 2271
3 2272 2347 2273
3 2272 2708 2347
3 2605 2708 2272
3 2273 2275 2274
3 2273 2701 2275
3 2347 2701 2273
3 2275 2362 2274
3 2362 2661 2274
3 2274 2661 2660
3 2354 2362 2275
3 2275 2363 2354
3 2275 2701 2363
3 2276 2627 2277
3 2276 2628 2627
3 2276 2640 2628
3 2277 2279 2278
3 2277 2281 2279
3 2277 2627 2281
3 2279 2321 2278
3 2321 2413 2278
3 2413 2415 2278
3 2281 2282 2279
3 2282 2569 2279
3 2279 2569 2321
3 2565 2713 2280
3 2280 2606 2605
3 2280 2713 2606
3 2281 2284 2282
3 2281 2756 2284
3 2627 2756 2281
3 2284 2285 2282
3 2285 2400 2282
3 2400 2569 2282
3 2283 2460 2459
3 2283 2743 2460
3 2590 2743 2283
3 2284 2752 2285
3 2692 2694 2284
3 2284 2756 2692
3 2694 2752 2284
3 2285 2402 2400
3 2285 2403 2402
3 2285 2752 2403
3 2287 2724 2286
3 2286 2336 2289
3 2286 2724 2336
3 2288 2290 2287
3 2290 2335 2287
3 2335 2724 2287
3 2288 2291 2290
3 2288 2630 2291
3 2424 2630 2288
3 2336 2721 2289
3 2289 2625 2586
3 2289 2721 2625
3 2291 2292 2290
3 2292 2727 2290
3 2290 2727 2335
3 2291 2293 2292
3 2291 2414 2293
3 2291 2630 2414
3 2293 2294 2292
3 2294 2333 2292
3 2333 2727 2292
3 2293 2295 2294
3 2293 2296 2295
3 2293 2414 2296
3 2295 2638 2294
3 2294 2334 2333
3 2294 2638 2334
3 2296 2297 2295
3 2297 2298 2295
3 2298 2638 2295
3 2296 2444 2297
3 2414 2417 2296
3 2417 2444 2296
3 2297 2299 2298
3 2297 2300 2299
3 2297 2444 2300
3 2299 2329 2298
3 2329 2330 2298
3 2330 2638 2298
3 2300 2301 2299
3 2301 2635 2299
3 2299 2635 2329
3 2300 2302 2301
3 2300 2303 2302
3 2300 2444 2303
3 2302 2340 2301
3 2340 2341 2301
3 2341 2635 2301
3 2303 2666 2302
3 2302 2665 2340
3 2302 2666 2665
3 2444 2445 2303
3 2445 2668 2303
3 2303 2668 2666
3 2305 2343 2304
3 2304 2631 2306
3 2343 2631 2304
3 2305 2346 2343
3 2305 2641 2346
3 2423 2641 2305
3 2306 2728 2612
3 2631 2632 2306
3 2632 2728 2306
3 2307 2345 2342
3 2344 2707 2307
3 2307 2707 2345
3 2548 2746 2308
3 2308 2591 2590
3 2308 2746 2591
3 2309 2317 2315
3 2309 2762 2317
3 2337 2762 2309
3 2310 2549 2548
3 2310 2748 2549
3 2596 2748 2310
3 2539 2750 2311
3 2311 2597 2596
3 2311 2750 2597
3 2338 2761 2312
3 2312 2619 2582
3 2312 2761 2619
3 2313 2540 2539
3 2313 2753 2540
3 2583 2753 2313
3 2420 2755 2314
3 2314 2584 2583
3 2314 2755 2584
3 2315 2666 2316
3 2317 2665 2315
3 2665 2666 2315
3 2372 2412 2316
3 2316 2668 2372
3 2666 2668 2316
3 2317 2771 2665
3 2693 2696 2317
3 2317 2762 2693
3 2696 2771 2317
3 2318 2658 2319
3 2318 2657 2388
3 2388 2658 2318
3 2319 2376 2320
3 2319 2377 2376
3 2319 2658 2377
3 2376 2378 2320
3 2378 2634 2320
3 2320 2634 2616
3 2321 2637 2413
3 2569 2615 2321
3 2615 2637 2321
3 2388 2609 2322
3 2609 2629 2322
3 2322 2629 2618
3 2323 2582 2324
3 2428 2429 2323
3 2429 2582 2323
3 2582 2619 2324
3 2324 2620 2601
3 2619 2620 2324
3 2413 2637 2325
3 2325 2643 2592
3 2637 2643 2325
3 2327 2379 2326
3 2379 2387 2326
3 2387 2657 2326
3 2327 2380 2379
3 2327 2381 2380
3 2327 2604 2381
3 2328 2617 2614
3 2614 2777 2328
3 2328 2777 2640
3 2329 2331 2330
3 2329 2775 2331
3 2635 2775 2329
3 2331 2332 2330
3 2332 2734 2330
3 2330 2734 2638
3 2331 2759 2332
3 2698 2759 2331
3 2334 2730 2333
3 2638 2734 2334
3 2334 2731 2730
3 2335 2727 2726
3 2336 2724 2722
3 2662 2663 2337
3 2663 2769 2337
3 2339 2763 2338
3 2645 2765 2339
3 2339 2764 2763
3 2665 2771 2340
3 2341 2688 2635
3 2341 2776 2688
3 2346 2641 2342
3 2346 2677 2343
3 2344 2716 2386
3 2347 2708 2704
3 2676 2682 2348
3 2354 2687 2349
3 2351 2371 2350
3 2351 2412 2372
3 2352 2669 2353
3 2368 2669 2352
3 2353 2664 2397
3 2363 2687 2354
3 2356 2357 2355
3 2356 2664 2357
3 2358 2361 2359
3 2358 2682 2361
3 2359 2703 2360
3 2361 2683 2359
3 2683 2703 2359
3 2360 2366 2364
3 2673 2683 2361
3 2374 2661 2362
3 2363 2701 2689
3 2364 2366 2365
3 2366 2367 2365
3 2367 2779 2365
3 2365 2779 2369
3 2366 2780 2367
3 2369 2779 2370
3 2370 2663 2662
3 2370 2732 2663
3 2372 2668 2667
3 2373 2659 2375
3 2389 2659 2373
3 2660 2661 2375
3 2376 2544 2378
3 2425 2598 2377
3 2377 2658 2425
3 2545 2634 2378
3 2380 2718 2379
3 2381 2382 2380
3 2382 2383 2380
3 2383 2718 2380
3 2381 2384 2382
3 2381 2418 2384
3 2381 2604 2418
3 2384 2674 2382
3 2385 2386 2383
3 2386 2718 2383
3 2418 2419 2384
3 2716 2718 2386
3 2609 2657 2387
3 2388 2657 2609
3 2391 2392 2390
3 2391 2393 2392
3 2391 2647 2393
3 2401 2647 2391
3 2393 2395 2394
3 2393 2647 2395
3 2395 2396 2394
3 2396 2448 2394
3 2448 2541 2394
3 2395 2458 2396
3 2396 2449 2448
3 2398 2446 2399
3 2399 2439 2438
3 2402 2416 2400
3 2644 2647 2401
3 2403 2404 2402
3 2403 2405 2404
3 2405 2406 2404
3 2406 2407 2404
3 2405 2695 2406
3 2405 2768 2695
3 2406 2408 2407
3 2406 2772 2408
3 2695 2772 2406
3 2408 2410 2409
3 2408 2772 2410
3 2410 2411 2409
3 2411 2765 2409
3 2409 2765 2645
3 2410 2774 2411
3 2410 2772 2697
3 2697 2774 2410
3 2411 2774 2766
3 2414 2608 2417
3 2414 2630 2608
3 2417 2445 2444
3 2418 2745 2419
3 2419 2767 2678
3 2745 2767 2419
3 2421 2422 2420
3 2422 2755 2420
3 2421 2758 2422
3 2601 2620 2421
3 2620 2758 2421
3 2422 2758 2757
3 2623 2639 2423
3 2639 2641 2423
3 2427 2603 2426
3 2484 2603 2427
3 2427 2624 2484
3 2611 2624 2427
3 2430 2434 2431
3 2431 2433 2432
3 2431 2717 2433
3 2434 2717 2431
3 2433 2712 2432
3 2432 2486 2485
3 2432 2712 2486
3 2433 2717 2714
3 2625 2626 2434
3 2626 2717 2434
3 2435 2733 2436
3 2547 2733 2435
3 2436 2725 2437
3 2436 2729 2725
3 2436 2733 2729
3 2437 2723 2524
3 2439 2441 2440
3 2441 2581 2440
3 2440 2443 2442
3 2440 2581 2443
3 2443 2575 2442
3 2525 2575 2443
3 2667 2668 2445
3 2449 2654 2448
3 2600 2652 2449
3 2652 2654 2449
3 2450 2453 2451
3 2451 2564 2452
3 2452 2642 2579
3 2453 2624 2454
3 2454 2624 2611
3 2456 2457 2455
3 2457 2522 2455
3 2456 2599 2457
3 2525 2526 2456
3 2526 2599 2456
3 2457 2523 2522
3 2460 2741 2459
3 2459 2741 2481
3 2460 2743 2742
3 2462 2467 2461
3 2463 2464 2462
3 2464 2466 2462
3 2466 2467 2462
3 2463 2465 2464
3 2463 2573 2465
3 2551 2573 2463
3 2464 2531 2466
3 2465 2554 2553
3 2465 2573 2554
3 2466 2469 2467
3 2467 2469 2468
3 2469 2470 2468
3 2470 2471 2468
3 2471 2517 2468
3 2469 2576 2470
3 2470 2472 2471
3 2472 2475 2471
3 2475 2574 2471
3 2471 2574 2517
3 2473 2474 2472
3 2474 2475 2472
3 2473 2653 2474
3 2474 2646 2475
3 2474 2648 2646
3 2474 2653 2648
3 2476 2479 2477
3 2477 2543 2478
3 2550 2568 2478
3 2480 2528 2479
3 2480 2571 2527
3 2481 2741 2482
3 2482 2739 2483
3 2482 2740 2739
3 2482 2741 2740
3 2483 2733 2547
3 2486 2488 2487
3 2486 2712 2488
3 2488 2709 2487
3 2588 2594 2487
3 2487 2709 2588
3 2488 2712 2711
3 2490 2642 2489
3 2550 2633 2490
3 2491 2520 2492
3 2492 2494 2493
3 2492 2500 2494
3 2492 2520 2500
3 2494 2495 2493
3 2495 2498 2493
3 2498 2562 2493
3 2500 2679 2494
3 2496 2497 2495
3 2497 2498 2495
3 2497 2499 2498
3 2497 2767 2499
3 2499 2745 2736
3 2499 2767 2745
3 2520 2521 2500
3 2501 2503 2502
3 2501 2552 2503
3 2502 2542 2527
3 2503 2622 2504
3 2552 2622 2503
3 2622 2636 2504
3 2505 2646 2506
3 2506 2508 2507
3 2506 2648 2508
3 2646 2648 2506
3 2508 2509 2507
3 2509 2570 2507
3 2507 2570 2561
3 2508 2529 2509
3 2530 2570 2509
3 2510 2514 2511
3 2511 2513 2512
3 2511 2685 2513
3 2514 2685 2511
3 2513 2672 2512
3 2512 2585 2546
3 2512 2672 2585
3 2513 2685 2681
3 2515 2516 2514
3 2516 2685 2514
3 2515 2699 2516
3 2572 2595 2515
3 2595 2699 2515
3 2516 2699 2686
3 2519 2602 2518
3 2519 2634 2545
3 2545 2655 2519
3 2519 2655 2602
3 2520 2585 2521
3 2585 2672 2521
3 2672 2680 2521
3 2523 2636 2622
3 2524 2723 2577
3 2530 2656 2570
3 2649 2651 2530
3 2651 2656 2530
3 2533 2537 2532
3 2534 2535 2533
3 2535 2536 2533
3 2536 2537 2533
3 2534 2651 2535
3 2580 2656 2534
3 2534 2656 2651
3 2535 2563 2536
3 2536 2538 2537
3 2538 2652 2537
3 2578 2654 2538
3 2538 2654 2652
3 2540 2750 2539
3 2540 2753 2751
3 2650 2655 2545
3 2549 2746 2548
3 2549 2748 2747
3 2573 2602 2554
3 2602 2655 2554
3 2555 2587 2556
3 2556 2558 2557
3 2556 2705 2558
3 2587 2705 2556
3 2558 2559 2557
3 2559 2595 2557
3 2557 2595 2560
3 2558 2700 2559
3 2558 2702 2700
3 2558 2705 2702
3 2559 2699 2595
3 2560 2595 2572
3 2566 2713 2565
3 2567 2715 2566
3 2577 2723 2567
3 2567 2720 2715
3 2567 2723 2720
3 2584 2753 2583
3 2584 2755 2754
3 2588 2589 2587
3 2589 2705 2587
3 2588 2709 2589
3 2589 2709 2706
3 2591 2743 2590
3 2591 2746 2744
3 2592 2643 2593
3 2593 2643 2610
3 2597 2748 2596
3 2597 2750 2749
3 2606 2708 2605
3 2606 2713 2710
3 2613 2690 2614
3 2613 2773 2690
3 2690 2777 2614
3 2619 2621 2620
3 2619 2761 2621
3 2621 2758 2620
3 2625 2721 2626
3 2626 2721 2719
3 2640 2691 2628
3 2691 2770 2628
3 2631 2670 2632
3 2671 2728 2632
3 2688 2775 2635
3 2640 2777 2691
3 2732 2769 2663
3 2671 2778 2728
3 2684 2703 2683
3 2684 2781 2703
3 2737 2774 2697
3 2738 2759 2698
3 4 226 2970
3 350 4 2970
3 229 5 2972
3 5 395 2972
3 266 6 2971
3 6 306 2971
3 7 269 2969
3 351 7 2969
3 226 227 2961
3 226 2961 2970
3 227 228 2787
3 227 2787 2961
3 228 229 2962
3 2787 228 2962
3 2962 229 2972
3 267 266 2959
3 2959 266 2971
3 268 267 2786
3 2786 267 2959
3 269 268 2960
3 268 2786 2960
3 269 2960 2969
3 306 307 2823
3 306 2823 2971
3 307 308 2885
3 2823 307 2885
3 308 309 2797
3 308 2797 2885
3 309 310 2909
3 2797 309 2909
3 310 311 2938
3 2909 310 2938
3 311 312 2808
3 311 2808 2938
3 312 313 2936
3 2808 312 2936
3 313 314 2813
3 313 2813 2936
3 314 315 2894
3 2813 314 2894
3 315 316 2811
3 315 2811 2894
3 316 317 2916
3 2811 316 2916
3 317 318 2937
3 2916 317 2937
3 318 319 2809
3 318 2809 2937
3 319 320 2919
3 2809 319 2919
3 320 321 2870
3 320 2870 2919
3 321 322 2800
3 321 2800 2870
3 322 323 2920
3 2800 322 2920
3 323 324 2788
3 323 2788 2920
3 324 325 2921
3 2788 324 2921
3 325 326 2861
3 325 2861 2921
3 326 327 2789
3 326 2789 2861
3 327 328 2928
3 2789 327 2928
3 328 329 2801
3 328 2801 2928
3 329 330 2879
3 2801 329 2879
3 330 331 2819
3 330 2819 2879
3 331 332 2927
3 2819 331 2927
3 332 333 2794
3 332 2794 2927
3 333 334 2918
3 2794 333 2918
3 334 335 2795
3 334 2795 2918
3 335 336 2932
3 2795 335 2932
3 336 337 2820
3 336 2820 2932
3 337 338 2907
3 2820 337 2907
3 338 339 2804
3 338 2804 2907
3 339 340 2869
3 2804 339 2869
3 340 341 2802
3 340 2802 2869
3 341 342 2924
3 2802 341 2924
3 342 343 2805
3 342 2805 2924
3 343 344 2925
3 2805 343 2925
3 344 345 2806
3 344 2806 2925
3 345 346 2860
3 2806 345 2860
3 346 347 2931
3 2860 346 2931
3 347 348 2803
3 347 2803 2931
3 348 349 2834
3 2803 348 2834
3 349 350 2825
3 349 2825 2834
3 2825 350 2970
3 352 351 2824
3 2824 351 2969
3 353 352 2906
3 352 2824 2906
3 354 353 2821
3 2821 353 2906
3 355 354 2915
3 354 2821 2915
3 356 355 2790
3 2790 355 2915
3 357 356 2913
3 356 2790 2913
3 358 357 2798
3 2798 357 2913
3 359 358 2917
3 358 2798 2917
3 360 359 2791
3 2791 359 2917
3 361 360 2908
3 360 2791 2908
3 362 361 2799
3 2799 361 2908
3 363 362 2910
3 362 2799 2910
3 364 363 2914
3 363 2910 2914
3 365 364 2792
3 2792 364 2914
3 366 365 2966
3 365 2792 2966
3 367 366 2965
3 366 2878 2965
3 2878 366 2966
3 368 367 2814
3 2814 367 2965
3 369 368 2884
3 368 2814 2884
3 370 369 2929
3 369 2884 2929
3 371 370 2807
3 2807 370 2929
3 372 371 2911
3 371 2807 2911
3 373 372 2812
3 2812 372 2911
3 374 373 2926
3 373 2812 2926
3 375 374 2881
3 2881 374 2926
3 376 375 2793
3 2793 375 2881
3 377 376 2923
3 376 2793 2923
3 378 377 2855
3 2855 377 2923
3 379 378 2810
3 2810 378 2855
3 380 379 2934
3 379 2810 2934
3 381 380 2930
3 2930 380 2934
3 382 381 2796
3 2796 381 2930
3 383 382 2845
3 382 2796 2845
3 384 383 2912
3 383 2845 2912
3 385 384 2815
3 2815 384 2912
3 386 385 2935
3 385 2815 2935
3 387 386 2816
3 2816 386 2935
3 388 387 2835
3 387 2816 2835
3 389 388 2818
3 2818 388 2835
3 390 389 2933
3 389 2818 2933
3 391 390 2817
3 2817 390 2933
3 392 391 2922
3 391 2817 2922
3 393 392 2822
3 2822 392 2922
3 394 393 2827
3 393 2822 2827
3 395 394 2826
3 2826 394 2827
3 395 2826 2972
3 2893 2786 2959
3 2786 2893 2963
3 2960 2786 2963
3 2833 2787 2962
3 2787 2833 2964
3 2961 2787 2964
3 2920 2788 2940
3 2788 2921 2948
3 2940 2788 2948
3 2861 2789 2862
3 2862 2789 2863
3 2863 2789 2928
3 2913 2790 3008
3 2790 2915 2995
3 2790 2995 3008
3 2908 2791 2975
3 2791 2917 2980
3 2975 2791 2980
3 2792 2914 3003
3 2966 2792 2991
3 2991 2792 3003
3 2793 2881 2882
3 2793 2882 2946
3 2923 2793 2946
3 2794 2918 2983
3 2927 2794 2985
3 2794 2983 2985
3 2918 2795 3011
3 2795 2932 3004
3 2795 3004 3011
3 2845 2796 2846
3 2846 2796 2847
3 2847 2796 2930
3 2885 2797 2886
3 2886 2797 2887
3 2887 2797 2909
3 2798 2913 3006
3 2917 2798 3010
3 2798 3006 3010
3 2799 2908 2986
3 2910 2799 2994
3 2799 2986 2994
3 2870 2800 2871
3 2871 2800 2872
3 2872 2800 2920
3 2801 2879 2880
3 2801 2880 2945
3 2928 2801 2945
3 2869 2802 3007
3 2802 2924 3005
3 2802 3005 3007
3 2803 2834 2974
3 2931 2803 2984
3 2803 2974 2984
3 2804 2869 3002
3 2907 2804 2992
3 2992 2804 3002
3 2924 2805 2982
3 2805 2925 2978
3 2805 2978 2982
3 2806 2860 3001
3 2925 2806 2993
3 2993 2806 3001
3 2911 2807 2973
3 2807 2929 2987
3 2973 2807 2987
3 2808 2936 2953
3 2938 2808 2944
3 2944 2808 2953
3 2809 2919 2942
3 2937 2809 2952
3 2809 2942 2952
3 2810 2855 2856
3 2810 2856 2950
3 2934 2810 2950
3 2894 2811 2895
3 2895 2811 2896
3 2896 2811 2916
3 2812 2911 2989
3 2926 2812 2996
3 2812 2989 2996
3 2813 2894 2902
3 2813 2902 2903
3 2813 2903 2936
3 2884 2814 2998
3 2814 2965 2990
3 2814 2990 2998
3 2815 2912 2941
3 2935 2815 2951
3 2815 2941 2951
3 2835 2816 2841
3 2841 2816 2842
3 2842 2816 2935
3 2922 2817 2939
3 2817 2933 2949
3 2939 2817 2949
3 2818 2835 2836
3 2818 2836 2837
3 2818 2837 2933
3 2879 2819 2943
3 2819 2927 2997
3 2943 2819 2997
3 2820 2907 2977
3 2932 2820 2981
3 2820 2977 2981
3 2821 2906 2976
3 2915 2821 2988
3 2821 2976 2988
3 2827 2822 2828
3 2828 2822 2829
3 2829 2822 2922
3 2823 2885 2893
3 2823 2893 2959
3 2823 2959 2971
3 2906 2824 2963
3 2824 2960 2963
3 2960 2824 2969
3 2834 2825 2964
3 2825 2961 2964
3 2961 2825 2970
3 2826 2827 2833
3 2826 2833 2962
3 2826 2962 2972
3 2827 2828 2833
3 2828 2829 2830
3 2828 2830 2832
3 2828 2832 2833
3 2830 2829 2831
3 2831 2829 2939
3 2829 2922 2939
3 2830 2831 2984
3 2832 2830 2974
3 2974 2830 2984
3 2831 2939 2955
3 2831 2955 3000
3 2984 2831 3000
3 2833 2832 2964
3 2832 2834 2964
3 2834 2832 2974
3 2836 2835 2841
3 2837 2836 2838
3 2838 2836 2840
3 2840 2836 2841
3 2837 2838 2839
3 2837 2839 2949
3 2933 2837 2949
3 2839 2838 2993
3 2838 2840 2978
3 2838 2978 2993
3 2949 2839 2955
3 2955 2839 3001
3 2839 2993 3001
3 2840 2841 2843
3 2840 2843 2982
3 2978 2840 2982
3 2841 2842 2843
3 2843 2842 2844
3 2844 2842 2951
3 2842 2935 2951
3 2843 2844 3005
3 2982 2843 3005
3 2844 2951 2956
3 2844 2956 3007
3 3005 2844 3007
3 2845 2846 2848
3 2845 2848 2912
3 2846 2847 2851
3 2848 2846 2849
3 2849 2846 2851
3 2851 2847 2852
3 2852 2847 2853
3 2853 2847 2930
3 2848 2849 2850
3 2848 2850 2941
3 2912 2848 2941
3 2850 2849 2992
3 2849 2851 2977
3 2849 2977 2992
3 2941 2850 2956
3 2956 2850 3002
3 2850 2992 3002
3 2851 2852 2981
3 2977 2851 2981
3 2852 2853 2854
3 2852 2854 3004
3 2981 2852 3004
3 2854 2853 2950
3 2853 2930 2934
3 2853 2934 2950
3 2947 2854 2950
3 2854 2947 3011
3 3004 2854 3011
3 2856 2855 2857
3 2857 2855 2923
3 2856 2857 2858
3 2856 2858 2947
3 2856 2947 2950
3 2858 2857 2859
3 2859 2857 2946
3 2857 2923 2946
3 2858 2859 2985
3 2947 2858 2983
3 2983 2858 2985
3 2859 2946 2967
3 2859 2967 2997
3 2985 2859 2997
3 2860 2931 3000
3 2860 3000 3001
3 2861 2862 2864
3 2861 2864 2921
3 2862 2863 2865
3 2864 2862 2867
3 2862 2865 2867
3 2865 2863 2866
3 2866 2863 2945
3 2863 2928 2945
3 2864 2867 2868
3 2864 2868 2948
3 2921 2864 2948
3 2865 2866 2989
3 2867 2865 2973
3 2973 2865 2989
3 2866 2945 2968
3 2866 2968 2996
3 2989 2866 2996
3 2868 2867 2987
3 2867 2973 2987
3 2948 2868 2954
3 2954 2868 2999
3 2868 2987 2999
3 3002 2869 3007
3 2870 2871 2873
3 2870 2873 2919
3 2871 2872 2874
3 2873 2871 2876
3 2871 2874 2876
3 2874 2872 2875
3 2875 2872 2940
3 2872 2920 2940
3 2873 2876 2877
3 2873 2877 2942
3 2919 2873 2942
3 2874 2875 2990
3 2876 2874 2878
3 2878 2874 2990
3 2875 2940 2954
3 2875 2954 2998
3 2990 2875 2998
3 2877 2876 2991
3 2876 2878 2991
3 2942 2877 2957
3 2957 2877 3003
3 2877 2991 3003
3 2965 2878 2990
3 2878 2966 2991
3 2880 2879 2943
3 2880 2883 2968
3 2883 2880 2979
3 2880 2943 2979
3 2945 2880 2968
3 2882 2881 2883
3 2883 2881 2926
3 2882 2883 2979
3 2882 2943 2967
3 2943 2882 2979
3 2946 2882 2967
3 2883 2926 2996
3 2968 2883 2996
3 2929 2884 2999
3 2884 2998 2999
3 2885 2886 2893
3 2886 2887 2888
3 2886 2888 2889
3 2886 2889 2893
3 2888 2887 2890
3 2890 2887 2891
3 2891 2887 2909
3 2889 2888 2976
3 2888 2890 2988
3 2976 2888 2988
3 2893 2889 2963
3 2889 2906 2963
3 2906 2889 2976
3 2890 2891 2892
3 2890 2892 2995
3 2988 2890 2995
3 2892 2891 2944
3 2891 2909 2938
3 2891 2938 2944
3 2892 2944 2958
3 2892 2958 3008
3 2995 2892 3008
3 2894 2895 2902
3 2895 2896 2897
3 2895 2897 2901
3 2895 2901 2902
3 2897 2896 2898
3 2898 2896 2899
3 2899 2896 2916
3 2897 2898 2986
3 2901 2897 2975
3 2975 2897 2986
3 2898 2899 2900
3 2898 2900 2994
3 2986 2898 2994
3 2900 2899 2952
3 2899 2916 2937
3 2899 2937 2952
3 2900 2952 2957
3 2900 2957 3009
3 2994 2900 3009
3 2902 2901 2904
3 2904 2901 2980
3 2901 2975 2980
3 2903 2902 2904
3 2903 2904 2905
3 2903 2905 2953
3 2936 2903 2953
3 2905 2904 3010
3 2904 2980 3010
3 2953 2905 2958
3 2958 2905 3006
3 3006 2905 3010
3 2977 2907 2992
3 2908 2975 2986
3 2914 2910 3009
3 2910 2994 3009
3 2911 2973 2989
3 3006 2913 3008
3 3003 2914 3009
3 2915 2988 2995
3 2980 2917 3010
3 2983 2918 3011
3 2924 2982 3005
3 2978 2925 2993
3 2927 2985 2997
3 2987 2929 2999
3 2931 2984 3000
3 2932 2981 3004
3 2939 2949 2955
3 2940 2948 2954
3 2951 2941 2956
3 2952 2942 2957
3 2967 2943 2997
3 2944 2953 2958
3 2947 2983 3011
3 2998 2954 2999
3 3000 2955 3001
3 2956 3002 3007
3 2957 3003 3009
3 2958 3006 3008
3 396 3013 8
3 8 3013 397
3 9 3014 396
3 399 3014 9
3 397 3015 10
3 10 3015 398
3 398 3012 11
3 11 3012 399
3 396 3014 3013
3 3013 3015 397
3 398 3015 3012
3 3012 3014 399
3 3013 3014 3012
3 3012 3015 3013
3 8 3018 396
3 402 3018 8
3 396 3016 9
3 9 3016 400
3 400 3017 12
3 12 3017 401
3 401 3019 13
3 13 3019 402
3 396 3018 3016
3 3016 3017 400
3 3017 3019 401
3 402 3019 3018
3 3016 3019 3017
3 3018 3019 3016
3 8 397 3020
3 402 8 3020
3 397 10 3021
3 10 403 3021
3 13 402 3022
3 404 13 3022
3 403 14 3023
3 14 404 3023
3 3020 397 3021
3 402 3020 3022
3 3021 403 3023
3 404 3022 3023
3 3020 3021 3022
3 3022 3021 3023
3 10 398 3026
3 403 10 3026
3 398 11 3024
3 11 405 3024
3 14 403 3027
3 406 14 3027
3 405 15 3025
3 15 406 3025
3 398 3024 3026
3 403 3026 3027
3 3024 405 3025
3 3025 406 3027
3 3024 3025 3027
3 3026 3024 3027
3 9 3028 399
3 400 3028 9
3 399 3029 11
3 11 3029 405
3 12 3030 400
3 407 3030 12
3 405 3031 15
3 15 3031 407
3 3028 3029 399
3 400 3030 3028
3 3029 3031 405
3 407 3031 3030
3 3028 3030 3029
3 3030 3031 3029
3 12 401 3033
3 407 12 3033
3 401 13 3034
3 13 404 3034
3 404 14 3035
3 14 406 3035
3 406 15 3032
3 15 407 3032
3 3033 401 3034
3 3034 404 3035
3 406 3032 3035
3 3032 407 3033
3 3032 3033 3034
3 3032 3034 3035
3 408 3037 16
3 16 3037 409
3 17 3038 408
3 411 3038 17
3 409 3039 18
3 18 3039 410
3 410 3036 19
3 19 3036 411
3 408 3038 3037
3 3037 3039 409
3 410 3039 3036
3 3036 3038 411
3 3037 3038 3036
3 3036 3039 3037
3 16 3042 408
3 414 3042 16
3 408 3040 17
3 17 3040 412
3 412 3041 20
3 20 3041 413
3 413 3043 21
3 21 3043 414
3 408 3042 3040
3 3040 3041 412
3 3041 3043 413
3 414 3043 3042
3 3040 3043 3041
3 3042 3043 3040
3 16 409 3044
3 414 16 3044
3 409 18 3045
3 18 415 3045
3 21 414 3046
3 416 21 3046
3 415 22 3047
3 22 416 3047
3 3044 409 3045
3 414 3044 3046
3 3045 415 3047
3 416 3046 3047
3 3044 3045 3046
3 3046 3045 3047
3 18 410 3050
3 415 18 3050
3 410 19 3048
3 19 417 3048
3 22 415 3051
3 418 22 3051
3 417 23 3049
3 23 418 3049
3 410 3048 3050
3 415 3050 3051
3 3048 417 3049
3 3049 418 3051
3 3048 3049 3051
3 3050 3048 3051
3 17 3052 411
3 412 3052 17
3 411 3053 19
3 19 3053 417
3 20 3054 412
3 419 3054 20
3 417 3055 23
3 23 3055 419
3 3052 3053 411
3 412 3054 3052
3 3053 3055 417
3 419 3055 3054
3 3052 3054 3053
3 3054 3055 3053
3 20 413 3057
3 419 20 3057
3 413 21 3058
3 21 416 3058
3 416 22 3059
3 22 418 3059
3 418 23 3056
3 23 419 3056
3 3057 413 3058
3 3058 416 3059
3 418 3056 3059
3 3056 419 3057
3 3056 3057 3058
3 3056 3058 3059
3 420 3061 24
3 24 3061 421
3 25 3060 420
3 423 3060 25
3 421 3063 26
3 26 3063 422
3 422 3062 27
3 27 3062 423
3 3060 3061 420
3 3061 3063 421
3 422 3063 3062
3 423 3062 3060
3 3060 3062 3061
3 3062 3063 3061
3 24 3066 420
3 426 3066 24
3 420 3064 25
3 25 3064 424
3 424 3067 28
3 28 3067 425
3 425 3065 29
3 29 3065 426
3 420 3066 3064
3 3064 3067 424
3 425 3067 3065
3 3065 3066 426
3 3066 3067 3064
3 3065 3067 3066
3 24 421 3069
3 426 24 3069
3 421 26 3070
3 26 427 3070
3 29 426 3068
3 428 29 3068
3 427 30 3071
3 30 428 3071
3 3069 421 3070
3 3068 426 3069
3 3070 427 3071
3 428 3068 3071
3 3068 3069 3071
3 3069 3070 3071
3 26 422 3074
3 427 26 3074
3 422 27 3072
3 27 429 3072
3 30 427 3075
3 430 30 3075
3 429 31 3073
3 31 430 3073
3 422 3072 3074
3 427 3074 3075
3 3072 429 3073
3 3073 430 3075
3 3072 3073 3074
3 3074 3073 3075
3 25 3079 423
3 424 3079 25
3 423 3077 27
3 27 3077 429
3 28 3076 424
3 431 3076 28
3 429 3078 31
3 31 3078 431
3 423 3079 3077
3 3076 3079 424
3 3077 3078 429
3 431 3078 3076
3 3076 3078 3077
3 3077 3079 3076
3 28 425 3080
3 431 28 3080
3 425 29 3081
3 29 428 3081
3 428 30 3082
3 30 430 3082
3 430 31 3083
3 31 431 3083
3 3080 425 3081
3 3081 428 3082
3 3082 430 3083
3 431 3080 3083
3 3080 3081 3082
3 3080 3082 3083
3 432 3084 32
3 32 3084 433
3 33 3085 432
3 435 3085 33
3 433 3086 34
3 34 3086 434
3 434 3087 35
3 35 3087 435
3 432 3085 3084
3 3084 3086 433
3 3086 3087 434
3 435 3087 3085
3 3085 3086 3084
3 3085 3087 3086
3 32 3090 432
3 438 3090 32
3 432 3088 33
3 33 3088 436
3 436 3089 36
3 36 3089 437
3 437 3091 37
3 37 3091 438
3 432 3090 3088
3 3088 3089 436
3 3089 3091 437
3 438 3091 3090
3 3088 3091 3089
3 3090 3091 3088
3 32 433 3092
3 438 32 3092
3 433 34 3094
3 34 439 3094
3 37 438 3093
3 440 37 3093
3 439 38 3095
3 38 440 3095
3 3092 433 3094
3 438 3092 3093
3 3094 439 3095
3 440 3093 3095
3 3093 3092 3094
3 3093 3094 3095
3 34 434 3097
3 439 34 3097
3 434 35 3096
3 35 441 3096
3 38 439 3098
3 442 38 3098
3 441 39 3099
3 39 442 3099
3 434 3096 3097
3 439 3097 3098
3 3096 441 3099
3 442 3098 3099
3 3097 3096 3099
3 3098 3097 3099
3 33 3100 435
3 436 3100 33
3 435 3102 35
3 35 3102 441
3 36 3101 436
3 443 3101 36
3 441 3103 39
3 39 3103 443
3 3100 3102 435
3 436 3101 3100
3 3102 3103 441
3 443 3103 3101
3 3101 3103 3100
3 3100 3103 3102
3 36 437 3104
3 443 36 3104
3 437 37 3106
3 37 440 3106
3 440 38 3107
3 38 442 3107
3 442 39 3105
3 39 443 3105
3 3104 437 3106
3 3106 440 3107
3 442 3105 3107
3 443 3104 3105
3 3105 3104 3106
3 3105 3106 3107
3 444 3109 40
3 40 3109 445
3 41 3110 444
3 447 3110 41
3 445 3111 42
3 42 3111 446
3 446 3108 43
3 43 3108 447
3 444 3110 3109
3 3109 3111 445
3 446 3111 3108
3 3108 3110 447
3 3109 3110 3108
3 3108 3111 3109
3 40 3114 444
3 450 3114 40
3 444 3113 41
3 41 3113 448
3 448 3112 44
3 44 3112 449
3 449 3115 45
3 45 3115 450
3 444 3114 3113
3 448 3113 3112
3 3112 3115 449
3 450 3115 3114
3 3113 3114 3112
3 3114 3115 3112
3 40 445 3116
3 450 40 3116
3 445 42 3118
3 42 451 3118
3 45 450 3119
3 452 45 3119
3 451 46 3117
3 46 452 3117
3 3116 445 3118
3 450 3116 3119
3 451 3117 3118
3 3117 452 3119
3 3116 3118 3119
3 3118 3117 3119
3 42 446 3122
3 451 42 3122
3 446 43 3121
3 43 453 3121
3 46 451 3123
3 454 46 3123
3 453 47 3120
3 47 454 3120
3 446 3121 3122
3 451 3122 3123
3 453 3120 3121
3 3120 454 3123
3 3121 3120 3122
3 3122 3120 3123
3 41 3124 447
3 448 3124 41
3 447 3126 43
3 43 3126 453
3 44 3127 448
3 455 3127 44
3 453 3125 47
3 47 3125 455
3 3124 3126 447
3 448 3127 3124
3 453 3126 3125
3 3125 3127 455
3 3124 3127 3126
3 3126 3127 3125
3 44 449 3129
3 455 44 3129
3 449 45 3130
3 45 452 3130
3 452 46 3131
3 46 454 3131
3 454 47 3128
3 47 455 3128
3 3129 449 3130
3 3130 452 3131
3 454 3128 3131
3 3128 455 3129
3 3128 3129 3130
3 3128 3130 3131
3 456 3133 48
3 48 3133 457
3 49 3134 456
3 459 3134 49
3 457 3135 50
3 50 3135 458
3 458 3132 51
3 51 3132 459
3 456 3134 3133
3 3133 3135 457
3 458 3135 3132
3 3132 3134 459
3 3133 3134 3132
3 3132 3135 3133
3 48 3138 456
3 462 3138 48
3 456 3136 49
3 49 3136 460
3 460 3139 52
3 52 3139 461
3 461 3137 53
3 53 3137 462
3 456 3138 3136
3 3136 3139 460
3 461 3139 3137
3 3137 3138 462
3 3138 3139 3136
3 3137 3139 3138
3 48 457 3142
3 462 48 3142
3 457 50 3140
3 50 463 3140
3 53 462 3143
3 464 53 3143
3 463 54 3141
3 54 464 3141
3 457 3140 3142
3 462 3142 3143
3 3140 463 3141
3 3141 464 3143
3 3140 3141 3143
3 3142 3140 3143
3 50 458 3145
3 463 50 3145
3 458 51 3144
3 51 465 3144
3 54 463 3146
3 466 54 3146
3 465 55 3147
3 55 466 3147
3 458 3144 3145
3 463 3145 3146
3 3144 465 3147
3 466 3146 3147
3 3145 3144 3146
3 3146 3144 3147
3 49 3148 459
3 460 3148 49
3 459 3149 51
3 51 3149 465
3 52 3150 460
3 467 3150 52
3 465 3151 55
3 55 3151 467
3 3148 3149 459
3 460 3150 3148
3 3149 3151 465
3 467 3151 3150
3 3148 3151 3149
3 3150 3151 3148
3 52 461 3153
3 467 52 3153
3 461 53 3154
3 53 464 3154
3 464 54 3155
3 54 466 3155
3 466 55 3152
3 55 467 3152
3 3153 461 3154
3 3154 464 3155
3 466 3152 3155
3 3152 467 3153
3 3152 3153 3154
3 3152 3154 3155
3 468 3158 56
3 56 3158 469
3 57 3159 468
3 471 3159 57
3 469 3157 58
3 58 3157 470
3 470 3156 59
3 59 3156 471
3 468 3159 3158
3 469 3158 3157
3 470 3157 3156
3 3156 3159 471
3 3157 3159 3156
3 3158 3159 3157
3 56 3161 468
3 474 3161 56
3 468 3160 57
3 57 3160 472
3 472 3163 60
3 60 3163 473
3 473 3162 61
3 61 3162 474
3 468 3161 3160
3 3160 3163 472
3 473 3163 3162
3 474 3162 3161
3 3161 3162 3160
3 3162 3163 3160
3 56 469 3166
3 474 56 3166
3 469 58 3164
3 58 475 3164
3 61 474 3167
3 476 61 3167
3 475 62 3165
3 62 476 3165
3 469 3164 3166
3 474 3166 3167
3 3164 475 3165
3 3165 476 3167
3 3164 3165 3166
3 3166 3165 3167
3 58 470 3170
3 475 58 3170
3 470 59 3168
3 59 477 3168
3 62 475 3171
3 478 62 3171
3 477 63 3169
3 63 478 3169
3 470 3168 3170
3 475 3170 3171
3 3168 477 3169
3 3169 478 3171
3 3168 3169 3171
3 3170 3168 3171
3 57 3174 471
3 472 3174 57
3 471 3172 59
3 59 3172 477
3 60 3175 472
3 479 3175 60
3 477 3173 63
3 63 3173 479
3 471 3174 3172
3 472 3175 3174
3 3172 3173 477
3 3173 3175 479
3 3172 3174 3173
3 3174 3175 3173
3 60 473 3178
3 479 60 3178
3 473 61 3179
3 61 476 3179
3 476 62 3177
3 62 478 3177
3 478 63 3176
3 63 479 3176
3 3178 473 3179
3 476 3177 3179
3 478 3176 3177
3 3176 479 3178
3 3177 3176 3178
3 3177 3178 3179
3 480 3181 64
3 64 3181 481
3 483 480 65
3 481 3182 66
3 66 3182 482
3 482 3180 67
3 67 3180 483
3 483 3180 480
3 3180 3181 480
3 3181 3182 481
3 482 3182 3180
3 3180 3182 3181
3 64 3185 480
3 486 3185 64
3 480 3184 65
3 65 3184 484
3 484 3183 68
3 68 3183 485
3 485 3186 69
3 69 3186 486
3 480 3185 3184
3 484 3184 3183
3 3183 3186 485
3 486 3186 3185
3 3184 3186 3183
3 3185 3186 3184
3 64 481 3189
3 486 64 3189
3 481 66 3188
3 66 487 3188
3 69 486 3187
3 488 69 3187
3 487 70 3190
3 70 488 3190
3 481 3188 3189
3 3187 486 3189
3 3188 487 3190
3 488 3187 3190
3 3188 3187 3189
3 3187 3188 3190
3 66 482 3193
3 487 66 3193
3 482 67 3192
3 67 489 3192
3 70 487 3194
3 490 70 3194
3 489 71 3191
3 71 490 3191
3 482 3192 3193
3 487 3193 3194
3 489 3191 3192
3 3191 490 3194
3 3192 3191 3194
3 3193 3192 3194
3 65 3197 483
3 484 3197 65
3 483 3196 67
3 67 3196 489
3 68 3195 484
3 491 3195 68
3 489 3198 71
3 71 3198 491
3 483 3197 3196
3 3195 3197 484
3 3196 3198 489
3 491 3198 3195
3 3196 3197 3195
3 3195 3198 3196
3 68 485 3202
3 491 68 3202
3 485 69 3200
3 69 488 3200
3 488 70 3201
3 70 490 3201
3 490 71 3199
3 71 491 3199
3 485 3200 3202
3 3200 488 3201
3 490 3199 3201
3 3199 491 3202
3 3199 3200 3201
3 3200 3199 3202
3 492 3206 72
3 72 3206 493
3 73 3203 492
3 495 3203 73
3 493 3205 74
3 74 3205 494
3 494 3204 75
3 75 3204 495
3 3203 3206 492
3 493 3206 3205
3 494 3205 3204
3 495 3204 3203
3 3204 3205 3203
3 3205 3206 3203
3 72 3209 492
3 498 3209 72
3 492 3207 73
3 73 3207 496
3 496 3208 76
3 76 3208 497
3 497 3210 77
3 77 3210 498
3 492 3209 3207
3 3207 3208 496
3 3208 3210 497
3 498 3210 3209
3 3207 3210 3208
3 3209 3210 3207
3 72 493 3211
3 498 72 3211
3 493 74 3212
3 74 499 3212
3 77 498 3213
3 500 77 3213
3 499 78 3214
3 78 500 3214
3 3211 493 3212
3 498 3211 3213
3 3212 499 3214
3 500 3213 3214
3 3211 3212 3213
3 3213 3212 3214
3 74 494 3217
3 499 74 3217
3 494 75 3215
3 75 501 3215
3 78 499 3218
3 502 78 3218
3 501 79 3216
3 79 502 3216
3 494 3215 3217
3 499 3217 3218
3 3215 501 3216
3 3216 502 3218
3 3215 3216 3218
3 3217 3215 3218
3 73 3219 495
3 496 3219 73
3 495 3220 75
3 75 3220 501
3 76 3221 496
3 503 3221 76
3 501 3222 79
3 79 3222 503
3 3219 3220 495
3 496 3221 3219
3 3220 3222 501
3 503 3222 3221
3 3219 3221 3220
3 3221 3222 3220
3 76 497 3223
3 503 76 3223
3 497 77 3226
3 77 500 3226
3 500 78 3225
3 78 502 3225
3 502 79 3224
3 79 503 3224
3 3223 497 3226
3 500 3225 3226
3 502 3224 3225
3 503 3223 3224
3 3224 3223 3225
3 3225 3223 3226
3 504 3228 80
3 80 3228 505
3 81 3229 504
3 507 3229 81
3 505 3230 82
3 82 3230 506
3 506 3227 83
3 83 3227 507
3 504 3229 3228
3 3228 3230 505
3 506 3230 3227
3 3227 3229 507
3 3228 3229 3227
3 3227 3230 3228
3 80 3232 504
3 510 3232 80
3 504 3231 81
3 81 3231 508
3 508 3233 84
3 84 3233 509
3 509 3234 85
3 85 3234 510
3 504 3232 3231
3 3231 3233 508
3 3233 3234 509
3 510 3234 3232
3 3232 3233 3231
3 3232 3234 3233
3 80 505 3237
3 510 80 3237
3 505 82 3235
3 82 511 3235
3 85 510 3236
3 512 85 3236
3 511 86 3238
3 86 512 3238
3 505 3235 3237
3 3236 510 3237
3 3235 511 3238
3 512 3236 3238
3 3235 3236 3237
3 3236 3235 3238
3 82 506 3240
3 511 82 3240
3 506 83 3239
3 83 513 3239
3 86 511 3241
3 514 86 3241
3 513 87 3242
3 87 514 3242
3 506 3239 3240
3 511 3240 3241
3 3239 513 3242
3 514 3241 3242
3 3240 3239 3242
3 3241 3240 3242
3 81 3245 507
3 508 3245 81
3 507 3243 83
3 83 3243 513
3 84 3244 508
3 515 3244 84
3 513 3246 87
3 87 3246 515
3 507 3245 3243
3 3244 3245 508
3 3243 3246 513
3 515 3246 3244
3 3243 3245 3244
3 3244 3246 3243
3 84 509 3248
3 515 84 3248
3 509 85 3249
3 85 512 3249
3 512 86 3250
3 86 514 3250
3 514 87 3247
3 87 515 3247
3 3248 509 3249
3 3249 512 3250
3 514 3247 3250
3 3247 515 3248
3 3247 3248 3249
3 3247 3249 3250
3 516 3252 88
3 88 3252 517
3 89 3253 516
3 519 3253 89
3 517 3254 90
3 90 3254 518
3 518 3251 91
3 91 3251 519
3 516 3253 3252
3 3252 3254 517
3 518 3254 3251
3 3251 3253 519
3 3252 3253 3251
3 3251 3254 3252
3 88 3255 516
3 522 3255 88
3 516 3258 89
3 89 3258 520
3 520 3256 92
3 92 3256 521
3 521 3257 93
3 93 3257 522
3 3255 3258 516
3 520 3258 3256
3 3256 3257 521
3 522 3257 3255
3 3255 3257 3256
3 3256 3258 3255
3 88 517 3259
3 522 88 3259
3 517 90 3260
3 90 523 3260
3 93 522 3261
3 524 93 3261
3 523 94 3262
3 94 524 3262
3 3259 517 3260
3 522 3259 3261
3 3260 523 3262
3 524 3261 3262
3 3259 3260 3262
3 3261 3259 3262
3 90 518 3263
3 523 90 3263
3 518 91 3266
3 91 525 3266
3 94 523 3264
3 526 94 3264
3 525 95 3265
3 95 526 3265
3 3263 518 3266
3 523 3263 3264
3 525 3265 3266
3 526 3264 3265
3 3264 3263 3265
3 3265 3263 3266
3 89 3267 519
3 520 3267 89
3 519 3269 91
3 91 3269 525
3 527 520 92
3 525 3268 95
3 95 3268 527
3 3267 3269 519
3 527 3267 520
3 525 3269 3268
3 527 3268 3267
3 3268 3269 3267
3 92 521 3271
3 527 92 3271
3 521 93 3272
3 93 524 3272
3 524 94 3273
3 94 526 3273
3 526 95 3270
3 95 527 3270
3 3271 521 3272
3 3272 524 3273
3 526 3270 3273
3 3270 527 3271
3 3270 3271 3272
3 3270 3272 3273
3 528 3275 96
3 96 3275 529
3 97 3276 528
3 531 3276 97
3 529 3277 98
3 98 3277 530
3 530 3274 99
3 99 3274 531
3 528 3276 3275
3 3275 3277 529
3 530 3277 3274
3 3274 3276 531
3 3274 3277 3276
3 3276 3277 3275
3 96 3280 528
3 534 3280 96
3 528 3278 97
3 97 3278 532
3 532 3279 100
3 100 3279 533
3 533 3281 101
3 101 3281 534
3 528 3280 3278
3 3278 3279 532
3 3279 3281 533
3 534 3281 3280
3 3278 3280 3279
3 3280 3281 3279
3 96 529 3283
3 534 96 3283
3 529 98 3285
3 98 535 3285
3 101 534 3284
3 536 101 3284
3 535 102 3282
3 102 536 3282
3 3283 529 3285
3 534 3283 3284
3 535 3282 3285
3 3282 536 3284
3 3283 3282 3284
3 3282 3283 3285
3 98 530 3288
3 535 98 3288
3 530 99 3286
3 99 537 3286
3 102 535 3289
3 538 102 3289
3 537 103 3287
3 103 538 3287
3 530 3286 3288
3 535 3288 3289
3 3286 537 3287
3 3287 538 3289
3 3286 3287 3288
3 3288 3287 3289
3 97 3291 531
3 532 3291 97
3 531 3293 99
3 99 3293 537
3 100 3292 532
3 539 3292 100
3 537 3290 103
3 103 3290 539
3 3291 3293 531
3 532 3292 3291
3 537 3293 3290
3 3290 3292 539
3 3291 3292 3290
3 3290 3293 3291
3 100 533 3296
3 539 100 3296
3 533 101 3295
3 101 536 3295
3 536 102 3297
3 102 538 3297
3 538 103 3294
3 103 539 3294
3 533 3295 3296
3 3295 536 3297
3 538 3294 3297
3 3294 539 3296
3 3294 3296 3297
3 3296 3295 3297
3 540 3299 104
3 104 3299 541
3 105 3301 540
3 543 3301 105
3 541 3300 106
3 106 3300 542
3 542 3298 107
3 107 3298 543
3 540 3301 3299
3 3299 3300 541
3 542 3300 3298
3 3298 3301 543
3 3298 3300 3299
3 3299 3301 3298
3 104 3303 540
3 546 3303 104
3 540 3302 105
3 105 3302 544
3 544 3304 108
3 108 3304 545
3 545 3305 109
3 109 3305 546
3 540 3303 3302
3 3302 3304 544
3 3304 3305 545
3 546 3305 3303
3 3303 3304 3302
3 3303 3305 3304
3 104 541 3306
3 546 104 3306
3 541 106 3308
3 106 547 3308
3 109 546 3307
3 548 109 3307
3 547 110 3309
3 110 548 3309
3 3306 541 3308
3 546 3306 3307
3 3308 547 3309
3 548 3307 3309
3 3307 3306 3308
3 3307 3308 3309
3 106 542 3312
3 547 106 3312
3 542 107 3310
3 107 549 3310
3 110 547 3313
3 550 110 3313
3 549 111 3311
3 111 550 3311
3 542 3310 3312
3 547 3312 3313
3 3310 549 3311
3 3311 550 3313
3 3310 3311 3313
3 3312 3310 3313
3 105 3314 543
3 544 3314 105
3 543 3316 107
3 107 3316 549
3 108 3315 544
3 551 3315 108
3 549 3317 111
3 111 3317 551
3 3314 3316 543
3 544 3315 3314
3 3316 3317 549
3 551 3317 3315
3 3315 3316 3314
3 3315 3317 3316
3 108 545 3320
3 551 108 3320
3 545 109 3318
3 109 548 3318
3 548 110 3319
3 110 550 3319
3 550 111 3321
3 111 551 3321
3 545 3318 3320
3 3318 548 3319
3 3319 550 3321
3 551 3320 3321
3 3318 3319 3320
3 3320 3319 3321
3 552 3324 112
3 112 3324 553
3 113 3322 552
3 555 3322 113
3 553 3325 114
3 114 3325 554
3 554 3323 115
3 115 3323 555
3 3322 3324 552
3 3324 3325 553
3 554 3325 3323
3 555 3323 3322
3 3323 3324 3322
3 3323 3325 3324
3 112 3327 552
3 558 3327 112
3 552 3326 113
3 113 3326 556
3 556 3328 116
3 116 3328 557
3 557 3329 117
3 117 3329 558
3 552 3327 3326
3 3326 3328 556
3 3328 3329 557
3 558 3329 3327
3 3327 3328 3326
3 3327 3329 3328
3 112 553 3333
3 558 112 3333
3 553 114 3330
3 114 559 3330
3 117 558 3331
3 560 117 3331
3 559 118 3332
3 118 560 3332
3 553 3330 3333
3 3331 558 3333
3 3330 559 3332
3 560 3331 3332
3 3331 3330 3332
3 3330 3331 3333
3 114 554 3336
3 559 114 3336
3 554 115 3334
3 115 561 3334
3 118 559 3335
3 562 118 3335
3 561 119 3337
3 119 562 3337
3 554 3334 3336
3 3335 559 3336
3 3334 561 3337
3 562 3335 3337
3 3336 3334 3337
3 3335 3336 3337
3 113 3340 555
3 556 3340 113
3 555 3338 115
3 115 3338 561
3 116 3339 556
3 563 3339 116
3 561 3341 119
3 119 3341 563
3 555 3340 3338
3 3339 3340 556
3 3338 3341 561
3 563 3341 3339
3 3338 3340 3339
3 3339 3341 3338
3 116 557 3342
3 563 116 3342
3 557 117 3345
3 117 560 3345
3 560 118 3344
3 118 562 3344
3 562 119 3343
3 119 563 3343
3 3342 557 3345
3 560 3344 3345
3 562 3343 3344
3 563 3342 3343
3 3343 3342 3344
3 3344 3342 3345
3 564 3348 120
3 120 3348 565
3 121 3346 564
3 567 3346 121
3 565 3349 122
3 122 3349 566
3 566 3347 123
3 123 3347 567
3 3346 3348 564
3 3348 3349 565
3 566 3349 3347
3 567 3347 3346
3 3347 3348 3346
3 3347 3349 3348
3 120 3352 564
3 570 3352 120
3 564 3350 121
3 121 3350 568
3 568 3351 124
3 124 3351 569
3 569 3353 125
3 125 3353 570
3 564 3352 3350
3 3350 3351 568
3 3351 3353 569
3 570 3353 3352
3 3350 3353 3351
3 3352 3353 3350
3 120 565 3357
3 570 120 3357
3 565 122 3355
3 122 571 3355
3 125 570 3354
3 572 125 3354
3 571 126 3356
3 126 572 3356
3 565 3355 3357
3 3354 570 3357
3 3355 571 3356
3 572 3354 3356
3 3356 3354 3357
3 3355 3356 3357
3 122 566 3360
3 571 122 3360
3 566 123 3358
3 123 573 3358
3 126 571 3361
3 574 126 3361
3 573 127 3359
3 127 574 3359
3 566 3358 3360
3 571 3360 3361
3 3358 573 3359
3 3359 574 3361
3 3358 3359 3361
3 3360 3358 3361
3 121 3365 567
3 568 3365 121
3 567 3363 123
3 123 3363 573
3 124 3362 568
3 575 3362 124
3 573 3364 127
3 127 3364 575
3 567 3365 3363
3 3362 3365 568
3 3363 3364 573
3 575 3364 3362
3 3364 3365 3362
3 3363 3365 3364
3 124 569 3366
3 575 124 3366
3 569 125 3368
3 125 572 3368
3 572 126 3369
3 126 574 3369
3 574 127 3367
3 127 575 3367
3 3366 569 3368
3 3368 572 3369
3 574 3367 3369
3 575 3366 3367
3 3367 3366 3368
3 3367 3368 3369
4 657 3644 1849 4094
4 3469 3554 4231 4835
4 75 3613 3912 3998
4 3627 3894 3403 4018
4 480 65 3741 4548
4 453 3121 3120 3579
4 3878 4053 647 4167
4 2212 3647 3935 4843
4 2158 2520 3603 4019
4 491 3202 68 4676
4 2831 3835 3784 4062
4 3454 3576 3843 5020
4 2747 4084 604 4964
4 1960 3628 1959 3907
4 850 1875 4071 4500
4 456 3138 48 4547
4 2721 3972 3957 4336
4 527 3271 92 3562
4 2212 3935 3647 4749
4 795 701 3799 4105
4 121 3710 3564 4731
4 2781 4191 941 4338
4 2407 4050 3865 4532
4 2212 4328 3647 4843
4 941 2781 3917 4191
4 3662 3678 68 4017
4 121 3564 3739 4731
4 2852 3668 3623 3696
4 3698 4061 1198 4981
4 604 4084 781 4964
4 3627 3866 3469 4835
4 3728 3999 2413 4076
4 2581 3790 4070 4402
4 2944 2892 2958 3901
4 43 3579 3706 3761
4 3698 3709 3459 3916
4 3469 4231 3554 4832
4 3504 3934 3372 4081
4 1836 4496 4071 4500
4 3454 3565 3777 4717
4 2944 3901 2958 5161
4 581 3866 2757 3919
4 2212 3695 3539 3935
4 3454 3843 3705 5020
4 3565 3454 3777 4291
4 701 588 795 3799
4 988 3855 578 3904
4 573 123 3358 3937
4 1205 3788 3811 4778
4 2944 2958 4657 5161
4 3454 3843 3576 3885
4 603 3627 691 4086
4 3880 3972 3401 4687
4 3561 3405 3613 3912
4 4125 4186 1428 4238
4 811 879 872 3753
4 2831 3784 3835 4471
4 4018 4487 1738 4587
4 121 3739 3564 4101
4 1241 4220 4420 4778
4 3676 3702 39 4392
4 1618 3849 3748 5004
4 2581 4070 2441 4402
4 2212 3935 3539 4843
4 3609 3979 1748 4083
4 2147 3657 2136 4050
4 1857 4146 3779 4193
4 1748 4083 3979 4339
4 3627 3469 3866 4814
4 460 3136 49 4312
4 68 4017 3678 5026
4 2852 3696 3623 4369
4 691 3627 603 4587
4 2320 3874 3619 4087
4 2520 3603 4019 4461
4 2469 4128 2466 4924
4 3596 3967 4179 4892
4 2441 4402 4070 4911
4 823 3838 3837 3997
4 424 25 3616 4681
4 2444 3531 3898 4330
4 601 1855 3731 4149
4 2444 3655 3531 4330
4 67 3617 482 3704
4 3459 3709 3698 3852
4 2125 2124 4213 4581
4 2125 4213 3579 4581
4 2024 3806 3661 4710
4 2158 3603 2520 4560
4 3901 4657 2958 5161
4 1682 4343 4042 4521
4 3639 3943 3383 4745
4 3894 4018 3627 4587
4 3657 4050 2147 4532
4 971 4191 4000 5086
4 4537 4730 3747 4732
4 2392 4386 3992 4849
4 2640 4091 3929 4132
4 4047 3747 4730 4732
4 3581 4420 4220 4778
4 642 647 4053 4167
4 1959 3907 3628 4248
4 3860 4670 2892 5176
4 4390 4443 1163 4611
4 3401 4140 3880 4687
4 1241 1755 4220 4778
4 3627 4086 3469 4814
4 1163 4443 1084 4611
4 3980 4036 1843 4502
4 850 3876 1875 4500
4 3603 4461 2520 4560
4 3954 4730 4537 4732
4 3819 3871 1516 4164
4 2954 3868 3649 5202
4 2944 2892 3901 5161
4 3661 3395 4212 4896
4 2125 3579 4493 4581
4 3504 3523 3372 3934
4 3917 4191 2781 4617
4 1084 4611 4443 5004
4 4065 4458 2839 4471
4 2407 2147 2136 4050
4 3500 3413 3752 3960
4 2755 3919 3800 4171
4 3757 4019 2119 4224
4 2180 4384 3913 4764
4 2158 2119 4019 4224
4 3587 3386 3776 4899
4 603 3627 4086 4587
4 2407 2147 4050 4532
4 3832 4272 1665 4453
4 3661 3806 2024 4293
4 423 27 3077 3814
4 2954 2948 4831 5202
4 2476 2200 3705 3873
4 610 3825 770 4102
4 1862 1738 4487 4587
4 4308 4348 1212 5146
4 75 3613 3886 3912
4 3605 3725 3397 3951
4 1067 3630 1065 4058
4 3445 3755 3582 4719
4 2216 4429 3562 4749
4 1067 1065 1066 4058
4 1171 4011 3510 4573
4 2755 3800 2314 4171
4 2954 4831 3868 5202
4 1319 3592 4426 4683
4 2407 3865 4050 4546
4 3388 3830 3783 4012
4 3706 4241 3579 4364
4 2944 3860 2892 5161
4 1265 4100 3940 4859
4 3454 3565 4717 4751
4 1304 3890 3707 4381
4 3707 3890 1304 4117
4 519 3267 89 4004
4 3569 3371 3689 5103
4 3582 3755 3445 5145
4 1849 3644 657 4525
4 3866 4477 3469 4835
4 1076 4234 3968 4875
4 2392 2390 3992 4386
4 3645 3776 3386 4899
4 431 28 3778 4304
4 17 3038 411 4049
4 1319 4187 3592 4683
4 3564 3710 121 4101
4 3203 495 73 3572
4 924 987 896 3727
4 3836 1809 4065 4294
4 3474 3972 3880 4687
4 3627 3403 3894 4789
4 555 113 3322 4822
4 1591 1665 3832 4272
4 809 892 846 3929
4 1198 4061 3698 4129
4 3698 3709 3402 4786
4 1755 4220 4778 4980
4 1304 3707 1302 4381
4 3389 5115 4217 5143
4 1531 4073 3683 4620
4 1205 3811 3788 4422
4 4083 4380 1481 4753
4 3664 4534 3991 4543
4 1249 4081 4317 4685
4 2320 2378 2376 3619
4 954 971 4000 5086
4 2200 3705 3873 4350
4 120 3739 564 4145
4 20 3041 412 4038
4 1843 4502 4036 4836
4 68 3678 4239 5026
4 3628 3907 1960 4211
4 1205 4420 3788 4778
4 3601 4443 4390 4611
4 1472 4433 3486 4645
4 2243 3647 2212 4328
4 2212 3647 2522 4749
4 2243 2522 2212 3647
4 1582 4013 3964 5017
4 2314 4171 3800 4465
4 3596 3967 3818 4179
4 2320 3619 2376 4087
4 3554 3795 4231 4835
4 3698 3852 3709 4786
4 3804 4348 4308 5146
4 1480 4083 1481 4753
4 2625 3972 2721 4336
4 108 3858 3743 4534
4 43 3761 3706 5104
4 1964 4070 3790 4082
4 2181 4384 2180 4764
4 2476 3873 3705 4441
4 1875 1836 4071 4500
4 3579 4241 3400 4364
4 3602 4071 1443 4496
4 2639 4340 3773 4565
4 3413 3500 3752 4543
4 1302 3707 1304 4117
4 2392 4849 3992 5213
4 3572 3881 4723 4893
4 1019 3712 724 4042
4 2376 3619 2378 4087
4 883 864 763 4264
4 3815 3397 4124 4499
4 3398 4640 3495 4733
4 1879 4148 4006 4961
4 2028 4124 4356 4798
4 3664 3546 4534 4543
4 2216 2455 4429 4749
4 2810 2855 1929 4379
4 1480 1481 4083 4380
4 1083 3849 1618 5004
4 3628 4070 1961 4580
4 1737 3762 1063 5106
4 2135 3913 3847 4315
4 3539 3935 3695 4843
4 3698 3916 3459 4672
4 578 3904 3855 4432
4 3957 3972 2721 4784
4 1472 3486 4066 4645
4 971 4000 4191 4709
4 3446 3812 3596 4892
4 3605 3725 3951 4680
4 2561 3896 3771 4910
4 1347 3487 1283 4114
4 3783 3830 3388 4773
4 19 4409 410 5211
4 3389 3648 4979 5115
4 3382 3473 3506 4286
4 417 3049 23 4691
4 1462 3680 4188 4613
4 48 3742 456 4547
4 3703 4217 3389 5115
4 1104 1748 3979 4339
4 2637 3728 2413 4076
4 3394 3641 3540 4413
4 1582 3964 4013 4327
4 3398 3495 3966 4733
4 3683 4073 1532 4154
4 874 2770 889 4136
4 467 52 3150 3633
4 1283 3487 1539 4202
4 3387 3552 3691 4558
4 3454 4717 3873 4751
4 413 3041 20 3593
4 1961 1959 1960 3628
4 3387 3577 3552 4558
4 3387 3691 3577 4558
4 767 4099 3765 4297
4 3881 4577 3572 4723
4 1156 3996 3793 4192
4 2853 3696 2950 3760
4 116 3726 3833 5091
4 3389 4979 3703 5115
4 2469 3700 2466 4128
4 1708 3870 3493 5188
4 3382 3944 3473 4286
4 4015 4613 4000 5086
4 1404 3683 1532 4154
4 1076 3906 3968 4234
4 2839 4065 4471 4523
4 3713 2190 3967 4179
4 3446 3596 4586 4892
4 1404 1531 1532 3683
4 1155 4011 1171 4573
4 75 3886 495 3912
4 105 3314 544 3637
4 1532 3683 1531 4073
4 4443 4611 3601 5004
4 3402 3709 3698 4708
4 3460 4308 4348 4686
4 1347 1539 1283 3487
4 2303 2302 2666 4330
4 59 3168 477 3574
4 3642 4393 2618 4590
4 2370 3572 3881 4577
4 2634 4201 3619 4438
4 2122 3639 4213 4399
4 507 83 3243 3737
4 3388 3478 3683 4792
4 1726 4345 3932 4366
4 2629 3642 2618 4590
4 2027 3853 3948 4093
4 3401 3880 3632 3972
4 1625 1198 4061 4981
4 3470 4500 3810 4662
4 3689 3719 3458 3859
4 3609 4083 1479 4133
4 1794 3727 924 3945
4 1730 3932 1726 4345
4 3374 3546 3664 4543
4 2370 3881 3572 4893
4 3934 4081 3504 4317
4 14 3035 406 4138
4 1552 1708 3493 5188
4 2581 3790 1964 4070
4 4047 4202 3747 4732
4 3465 4297 3765 4800
4 2634 3619 2320 4438
4 2190 3713 3967 4943
4 3565 3454 4291 4751
4 9 3580 3738 4519
4 3649 3868 2954 4367
4 2043 3999 3694 4270
4 2392 3992 2390 5213
4 71 489 3191 3578
4 1319 1538 3592 4187
4 3426 4042 4343 4521
4 3493 3375 3813 4368
4 3614 4380 4083 4753
4 2568 3938 4109 4413
4 3771 3896 2561 4333
4 1815 3851 2809 3871
4 872 3753 879 4136
4 2055 3999 2043 4270
4 3894 1862 4487 4587
4 964 972 3667 4175
4 3458 3859 3719 4913
4 1317 1319 3592 4426
4 1092 3436 1091 4881
4 3171 475 62 2245
4 4613 5065 4188 5074
4 2853 3668 3696 3760
4 3418 4214 4782 5015
4 971 954 4000 4709
4 1531 1501 4073 4620
4 453 43 3121 3579
4 3661 4212 3899 4896
4 2124 2122 4213 4399
4 3605 3397 3725 4124
4 116 3833 3726 4151
4 3632 4341 4134 4784
4 1479 3609 1748 4083
4 1737 5070 3762 5106
4 1053 4567 3922 5165
4 3374 3664 3546 4028
4 1092 4754 3436 4881
4 3398 4162 3495 4640
4 3554 4231 3795 4832
4 1171 3510 4011 4463
4 3571 4458 4065 4471
4 3700 2466 4128 5169
4 3880 4140 3688 4687
4 43 3556 3761 5104
4 2028 4356 2504 4798
4 3966 1258 4448 4733
4 767 619 4099 4297
4 3818 3967 2190 4179
4 3418 4782 3856 5015
4 4188 4613 3680 5065
4 1519 4146 1857 4193
4 3894 4487 4018 4587
4 1391 1428 4186 4238
4 2809 3871 3851 4827
4 3748 3849 1618 4176
4 1855 3731 4149 5198
4 1610 3492 3944 4236
4 1076 3906 1074 3968
4 1462 4613 4188 5074
4 1682 1681 4343 4521
4 3943 4584 3383 4745
4 3424 4022 3618 4724
4 3958 4194 1943 5209
4 3460 4308 3804 4348
4 1305 3890 3863 4117
4 2121 3761 4019 4399
4 1958 3907 3646 4211
4 3881 4254 2779 4577
4 1428 4125 4009 4186
4 3427 3764 3605 5108
4 2190 3818 2489 3967
4 51 3807 3969 4734
4 846 3929 892 4132
4 3798 3943 3639 4745
4 2813 3820 1821 4009
4 3991 1136 4440 4483
4 1843 4036 3980 4381
4 3561 3613 3405 5065
4 3648 5115 3389 5143
4 1849 4094 3644 4858
4 2585 2546 2158 4224
4 4070 4402 3595 4911
4 3691 4228 3455 4871
4 781 4084 3651 4964
4 2145 3958 3673 4194
4 691 4086 3627 4951
4 1961 1959 3628 4248
4 1726 1127 4345 4366
4 3792 4511 1352 4578
4 3761 4493 3579 4581
4 3470 4496 4500 4662
4 964 3667 1887 4175
4 809 889 874 2770
4 618 4297 4816 5141
4 811 872 2692 3753
4 41 3696 3668 3760
4 1748 3979 3609 4934
4 3705 3843 3576 5020
4 618 4816 4196 5141
4 3940 4363 1440 4419
4 3474 3880 3688 4687
4 3815 4124 4110 4499
4 1836 3876 4496 4500
4 3427 3605 4233 5108
4 3565 4680 4161 4751
4 3554 3469 4477 4835
4 3388 3683 3478 4620
4 1319 1538 1317 3592
4 3798 3943 1219 4108
4 1063 3762 4228 5106
4 2055 3694 2043 3999
4 3569 3689 3371 4963
4 3569 3643 3371 5103
4 3603 2158 4019 4224
4 601 1855 992 3731
4 32 432 3090 4031
4 1836 1443 4071 4496
4 3487 4114 3377 4506
4 3398 3966 3495 4162
4 2831 3784 2829 4062
4 3798 4584 3943 4745
4 3625 4080 4020 4960
4 3397 3772 4279 4887
4 4071 4344 2834 5033
4 1610 4236 3944 4950
4 3555 3421 3891 5132
4 108 3743 3858 3977
4 1483 1762 3490 4003
4 3421 4744 3891 5132
4 3652 4361 4602 4855
4 1443 4344 3602 4496
4 1303 1302 1304 4117
4 3810 4500 3602 4662
4 1730 1726 1127 4345
4 43 3706 4256 5104
4 826 827 4089 4562
4 2145 3673 3958 4513
4 4117 4680 3565 4751
4 988 3855 3904 4476
4 4134 4341 2717 4784
4 3596 3812 3446 4759
4 3968 4234 3503 4875
4 3961 4208 1444 4521
4 3433 4363 3940 4419
4 888 3753 811 4977
4 2853 2950 2934 3760
4 4089 4562 827 4630
4 1431 3923 3888 4496
4 3713 4179 3967 4892
4 3335 118 562 4035
4 3605 3725 4005 4798
4 3464 4680 4117 4751
4 3512 4244 2383 4269
4 1004 3984 727 4196
4 1776 2834 4071 4344
4 2853 3668 2852 3696
4 827 828 4089 4630
4 49 3148 460 4312
4 1966 1964 3790 4082
4 3576 3454 3885 4511
4 3769 3961 1444 4521
4 3464 4161 4680 4751
4 3757 3875 2118 4090
4 1483 4003 3490 4165
4 43 3706 3579 4184
4 3381 4103 4101 4585
4 1305 3863 3890 4378
4 3719 3859 3689 4786
4 4103 4494 4101 4585
4 1766 4153 3744 4490
4 3873 4717 3565 4751
4 3450 4801 2418 4862
4 2124 4399 4213 4581
4 2500 3760 4379 4461
4 3630 4228 3691 4871
4 540 2531 104 4901
4 116 3833 3884 5091
4 3374 4028 3546 4323
4 1240 1219 3943 4108
4 2179 3621 3913 4315
4 1345 4059 3620 4311
4 3462 3674 3631 3877
4 3628 1961 4155 4580
4 3991 4440 1136 4455
4 3414 3777 3748 4717
4 3748 3777 3414 4578
4 2568 2550 3938 4413
4 3582 3864 3445 3949
4 3819 3851 1517 3871
4 9 3580 914 3738
4 3652 3553 4361 4855
4 3610 3992 4849 5213
4 3582 3445 3864 5145
4 3596 3446 4586 4759
4 4101 4103 3564 4494
4 3487 3377 4114 4721
4 2325 3999 3717 4076
4 3397 3536 5067 5139
4 3652 4602 3697 4855
4 2193 3967 3754 4325
4 1958 3646 2446 4211
4 1156 3793 1358 4192
4 2747 604 753 4964
4 3927 4339 1101 4972
4 3644 4094 657 5035
4 2320 3619 3874 4438
4 1875 3876 1836 4500
4 3382 4128 3612 4286
4 840 3779 838 4372
4 3496 4241 3706 4364
4 3748 4570 3777 4578
4 795 701 4105 5193
4 3372 3477 3891 4825
4 43 4256 3556 5104
4 826 827 828 4089
4 3379 4300 4116 4603
4 2121 3761 2159 4019
4 3449 3757 3669 4765
4 2855 3903 1929 4379
4 1657 1352 4511 4578
4 1352 4511 3792 4544
4 3777 4570 3748 4717
4 4053 4167 3878 4894
4 3837 3838 822 4713
4 1794 987 924 3727
4 3465 4015 4297 4800
4 724 3712 1019 4177
4 2407 3865 2404 4532
4 993 2894 2811 3820
4 872 1886 3753 4136
4 2853 3760 2934 4938
4 1105 4339 3979 4358
4 3374 4323 3546 4886
4 2214 2216 3562 4749
4 471 59 3802 4002
4 3705 3576 3843 4109
4 3605 1728 4233 4396
4 3382 3612 3944 4286
4 3587 3776 3386 4610
4 897 949 1797 3756
4 1443 4071 3602 4344
4 1249 1387 4081 4685
4 3537 4480 1860 4615
4 3537 4598 3738 4615
4 3640 4913 3467 5181
4 2551 2122 3639 4213
4 3421 3776 3645 4899
4 3381 3564 4101 4103
4 3640 3467 4068 5181
4 3382 3536 3849 4421
4 2641 4340 2639 4565
4 3752 3927 3500 5190
4 3449 4019 3757 4765
4 3752 3500 3960 5190
4 3465 3766 3765 4297
4 3860 3491 4238 4647
4 3555 3891 4744 5132
4 3725 3605 4005 4680
4 3592 3808 3407 4187
4 2024 2018 3806 4710
4 4003 4415 1733 4791
4 3674 3631 4406 4480
4 3836 4065 1809 4787
4 3674 3830 3631 4480
4 3621 4047 3747 4730
4 1944 1943 4194 5209
4 604 781 753 4964
4 1265 3940 4553 4859
4 1314 4157 3994 4168
4 99 3293 531 4043
4 1212 4348 4308 4686
4 601 3731 992 4086
4 3478 4073 1501 4620
4 2020 3850 3739 4037
4 1553 4098 3819 4164
4 3801 3993 2348 5075
4 2610 4076 4037 5066
4 3605 4798 4005 5108
4 3427 3605 3764 4124
4 1445 3984 1004 4196
4 2489 3818 2190 4179
4 642 4053 3476 4167
4 2119 4019 3757 4399
4 3920 4238 3491 4647
4 3630 4228 1065 4589
4 3379 4116 3545 4603
4 3849 4443 3601 5004
4 993 3820 2811 3990
4 120 564 3739 4731
4 1258 1547 4448 4733
4 2348 3993 3801 4802
4 1339 3888 1431 3923
4 1379 4517 4208 4666
4 3591 4816 4297 5141
4 2641 3773 2639 4340
4 2124 2123 4399 4581
4 3474 3957 3632 3972
4 1019 1814 3712 4042
4 2490 2489 3818 4413
4 3424 3618 4022 4694
4 3413 3960 3500 4627
4 3408 3671 4431 4894
4 3591 4196 4816 5141
4 3698 4061 3852 4786
4 3500 5190 3927 5215
4 3661 4212 3395 4501
4 3632 3880 3474 3972
4 922 4258 3670 4524
4 1029 4086 3627 4587
4 4049 4491 3746 4552
4 3859 3467 4913 5181
4 2027 3853 1974 3948
4 3698 3402 4061 4786
4 2853 3668 3760 4938
4 883 763 1884 4264
4 3389 3786 3648 5143
4 3661 4293 2024 5126
4 2024 4710 3661 5126
4 45 449 2767 4252
4 1167 1171 3510 4573
4 2500 4379 3903 4461
4 2179 3913 2135 4315
4 3389 3648 4067 4979
4 3960 5190 3500 5215
4 3383 3943 3639 4527
4 4100 4448 1547 4733
4 3626 1665 4272 4453
4 3469 4231 3627 4835
4 795 4105 4464 5193
4 1071 3882 1073 4345
4 4048 4440 1136 4483
4 581 769 3866 3919
4 2478 2568 3938 4109
4 3434 3927 1101 4972
4 3602 4500 4496 4662
4 36 3535 3675 3771
4 1099 3927 1101 4817
4 3920 4491 4049 4552
4 1821 2813 2894 3820
4 732 578 3855 4432
4 922 3670 4258 4804
4 1093 1136 4440 4455
4 3421 3976 3776 4899
4 2720 3480 722 4820
4 3380 3947 3928 4054
4 2562 446 42 4411
4 75 3613 3998 5178
4 804 832 3779 4146
4 2551 2124 2122 4213
4 3605 3427 3815 4124
4 1860 4598 3537 4615
4 3543 4194 3958 5209
4 1453 3494 4935 5156
4 3836 4294 4065 5149
4 2610 2230 4076 5066
4 448 3623 44 4252
4 2378 4087 3619 4170
4 3576 3454 4511 5020
4 3843 4109 3576 5079
4 2018 3992 3806 4710
4 1962 1961 3628 4070
4 1069 4030 3882 4366
4 1827 3940 1265 4100
4 407 3033 12 4773
4 3835 4016 1439 4523
4 1071 1069 3882 4366
4 3928 3947 3380 4538
4 950 3738 4598 4615
4 3670 4258 3422 4524
4 3472 3690 4150 4592
4 3372 3891 3477 4303
4 1591 4272 3832 4607
4 3686 4290 3898 4330
4 1071 1073 1127 4345
4 1439 4523 4016 4787
4 3388 3531 3478 4792
4 1674 3596 4483 4759
4 471 57 3159 3986
4 3595 4070 3790 4402
4 3853 4093 2027 4383
4 2923 3903 2946 3965
4 3745 4212 3395 4896
4 3835 4471 3784 5034
4 2490 3818 3540 4413
4 3377 4047 3747 4540
4 3449 3669 3757 4689
4 4241 4473 3706 4581
4 3482 1710 4111 4472
4 2854 2853 2852 3696
4 3610 3992 4121 4826
4 2378 2320 2634 3619
4 1804 4613 4015 5086
4 1324 3928 4107 4343
4 2727 3901 3593 4064
4 3616 4140 3401 4687
4 3405 3886 3613 3912
4 1324 4343 4107 5127
4 4005 4680 3605 5108
4 2751 702 3883 4221
4 2422 2757 3866 3919
4 2554 4014 3566 4371
4 3413 3991 4534 4543
4 3605 3815 3427 4233
4 581 2757 1892 3919
4 1979 482 3617 3704
4 3377 4506 4114 4721
4 3583 4036 3980 4502
4 3928 4054 3947 4354
4 2873 3640 3871 4412
4 3374 4028 3818 4937
4 3571 4471 4065 4523
4 3885 4036 1298 4291
4 2039 2055 2043 4270
4 108 3743 4056 4534
4 1260 3750 4022 4487
4 3630 3455 4228 4871
4 3537 4598 4406 5122
4 1445 3793 3984 4196
4 1298 3885 4291 4511
4 2244 3725 2501 4903
4 2781 941 2684 4338
4 1674 3596 4048 4483
4 87 3652 4007 4538
4 3652 3697 3553 4855
4 1789 3961 716 4666
4 3581 3425 4420 4498
4 36 3771 3675 4654
4 3374 3818 4028 4323
4 671 1888 3821 4084
4 36 3675 3926 4654
4 3384 3463 3933 4645
4 625 3765 2673 4338
4 2554 3566 4014 5180
4 1387 4199 4081 4685
4 2113 4141 4085 4952
4 1129 4306 3693 4579
4 1129 1130 4306 4579
4 3765 4297 3591 4800
4 3373 3621 3747 4730
4 83 3629 3737 4060
4 1152 3488 1153 4573
4 2320 2319 3874 4087
4 1167 1155 1171 4573
4 1152 1153 1155 4573
4 3394 3818 3540 4937
4 3646 3907 1958 4705
4 3639 4527 3943 4689
4 87 4007 3947 4538
4 3448 3562 4429 4749
4 1962 1961 1960 3628
4 2504 4356 3764 4798
4 2857 2946 3903 4795
4 3379 3545 4116 4393
4 1105 1104 3979 4339
4 1422 4480 4012 4797
4 3450 3742 4801 4862
4 3705 3843 2198 5079
4 1929 3903 2500 4379
4 832 3779 4146 4728
4 2348 1941 3993 4802
4 2873 3871 3640 4656
4 838 4372 3779 4728
4 1553 3819 4098 4484
4 3462 3877 3631 4552
4 4018 4231 3795 4835
4 2214 3562 3935 4749
4 3740 4033 1633 4299
4 3626 4272 3832 4453
4 3641 3938 3540 4413
4 2618 4590 4393 4907
4 2194 3754 2193 3967
4 1960 1962 3628 4211
4 1040 3793 1156 3996
4 1633 4033 3740 5050
4 3494 1453 3996 5156
4 925 924 3727 3945
4 1487 3776 1485 4638
4 3388 4049 3746 4552
4 3425 4498 3581 4841
4 76 3650 497 5155
4 3798 4473 4241 4581
4 4009 4125 3410 4186
4 2110 3720 4085 4141
4 1467 4006 1879 4148
4 3457 3720 3811 4498
4 3546 4323 4028 4886
4 997 638 1805 3769
4 3783 3830 3435 4012
4 108 3743 3977 4122
4 1804 4000 4613 5086
4 2715 722 2720 3480
4 3427 4233 4576 5108
4 997 711 638 3769
4 3394 3540 3641 4606
4 2857 4795 3903 4872
4 3397 3605 3815 4124
4 3626 5000 3797 5233
4 3585 3929 2640 4091
4 3388 3920 4049 4552
4 52 4150 4183 4312
4 3500 4240 3413 4627
4 2267 3782 3715 4302
4 1566 4020 4080 4960
4 3508 3422 4258 4524
4 3699 3932 3501 5182
4 2410 3861 3837 4546
4 2906 3674 3936 5097
4 3979 4339 4083 4651
4 3717 3999 2325 4270
4 544 108 3304 3977
4 3413 4240 3500 4543
4 603 4086 1029 4587
4 3859 4061 3689 4786
4 1920 2383 4244 4269
4 3507 2469 4407 4442
4 822 3837 823 3838
4 65 3741 3636 4017
4 918 4763 919 4914
4 3783 4012 3435 4797
4 3705 2198 4109 5079
4 3690 3472 4106 4592
4 3747 4047 3377 4202
4 3410 4186 4125 4238
4 2727 3721 3593 3901
4 107 4267 3641 4606
4 1776 2834 1034 4071
4 2801 4276 2880 4277
4 1165 4058 1627 4853
4 3394 3540 3664 4937
4 1099 3752 3927 4817
4 51 3969 3807 4096
4 1469 3600 4212 4305
4 422 3063 26 4227
4 804 3779 986 4146
4 2576 2469 3507 4442
4 3516 4167 4629 4894
4 2020 4037 3739 5066
4 3720 4559 2110 4697
4 465 3807 51 4734
4 2946 3965 3903 4795
4 1776 4071 1443 4344
4 992 3731 1855 5198
4 2253 3806 2018 3992
4 3374 3664 4028 4937
4 2461 2118 3875 4090
4 52 4183 460 4312
4 2906 3936 2735 5097
4 108 551 4401 4534
4 684 601 3731 4149
4 4212 4501 3661 5168
4 19 3902 411 4049
4 1566 4080 3625 4960
4 4167 4431 3671 4894
4 3780 92 4457 4533
4 3457 3811 3788 4498
4 3905 4208 3406 4517
4 3754 3576 4109 5079
4 469 58 3157 3986
4 1480 1479 4083 4133
4 3830 4480 3674 5122
4 1974 3948 3853 4736
4 3725 4005 2501 4903
4 986 3779 1857 4146
4 642 647 648 4053
4 1305 3890 1306 4378
4 2469 2576 3507 4407
4 3582 3949 3445 4719
4 1705 4059 1345 4311
4 3765 3465 4800 5055
4 2643 4037 2610 4076
4 1665 1239 1225 3626
4 4005 5038 4680 5108
4 1866 3758 4010 4423
4 2720 3959 3480 4820
4 1725 3748 4176 4578
4 39 3702 3676 4556
4 1618 1725 3748 4176
4 3674 4480 4406 5122
4 2676 710 1904 3801
4 822 3838 823 4713
4 3708 3499 4699 5028
4 919 4763 3666 4914
4 3622 2377 4087 4518
4 3460 4348 3722 4686
4 2028 4124 3704 4356
4 3569 3402 4129 4526
4 1516 3819 1517 3871
4 3518 4884 4057 5163
4 610 770 694 4102
4 2119 2121 4019 4399
4 3641 4109 3938 4413
4 3794 3969 3415 4774
4 3491 3860 3631 4647
4 1789 592 716 3961
4 2773 810 852 3975
4 3516 4629 3408 4894
4 2935 1920 4244 4269
4 1429 3820 3990 4199
4 429 3077 27 3952
4 3700 4128 2469 4442
4 4000 4191 3766 5086
4 3966 4448 4100 4733
4 2154 3719 4482 4658
4 2073 2135 3847 4315
4 1101 3927 3434 4817
4 1728 4396 3605 5099
4 1228 3775 1226 3966
4 3427 4576 3764 5108
4 2779 3881 1909 4254
4 1603 3890 3439 4378
4 4128 4407 2469 4442
4 3672 4415 4003 4791
4 3654 3942 2606 4510
4 3587 3776 4610 4899
4 4166 4586 3615 4822
4 3501 3647 4576 5182
4 3894 4587 3627 4789
4 3719 4786 3689 5103
4 3379 4116 4026 4393
4 2818 2707 3872 4106
4 3426 3769 4042 4521
4 3397 3815 3605 4902
4 2348 3993 1941 5075
4 1469 4212 3600 5069
4 1972 2027 1974 3948
4 1888 2744 671 3821
4 3775 3966 1228 4448
4 1305 1304 3890 4117
4 3747 4047 3621 4540
4 1472 1046 4433 4645
4 3648 3786 3389 4780
4 4187 4324 1736 4823
4 3774 5065 4613 5074
4 730 722 2715 3480
4 467 52 3633 4116
4 2378 3619 2634 4201
4 1225 3626 1239 4229
4 2846 3623 4252 5080
4 2922 3784 2677 4722
4 3465 4015 3766 4297
4 3536 3382 3831 4421
4 1256 4040 3755 4301
4 601 704 1855 4149
4 903 972 964 4175
4 1240 4108 3943 4806
4 3928 4354 3947 4538
4 2170 3639 2122 4090
4 698 1865 3758 4474
4 3906 4233 1075 4345
4 823 3837 821 3997
4 1345 4311 3620 4359
4 3940 4100 3597 4859
4 3847 3913 3373 4315
4 2744 721 671 3821
4 1069 3882 4030 4748
4 2478 3938 3641 4109
4 1553 3819 1516 4164
4 105 3637 544 4122
4 1627 4058 4041 4853
4 3581 4420 3425 4841
4 3402 4313 3709 4708
4 1804 1457 4015 4613
4 1681 3928 4343 4521
4 2216 3685 3562 4429
4 3374 3615 4586 4822
4 3862 4065 1809 4294
4 3829 4063 3417 4810
4 3489 4116 4300 4603
4 1064 1062 3895 4762
4 3389 4217 3703 4302
4 1794 3727 3945 4990
4 3909 4048 1674 4619
4 4208 4517 3905 4666
4 3501 4576 3699 5182
4 3446 4892 3713 4920
4 3862 4294 1435 4419
4 1219 3943 3798 4584
4 4363 4419 3433 4954
4 3446 3812 4892 4920
4 1661 1849 3644 4858
4 3932 5052 3501 5182
4 1766 4490 3744 4961
4 1469 4212 3899 4305
4 3892 4414 4016 4505
4 3427 4110 3815 4124
4 3691 4228 3630 4589
4 721 790 671 3821
4 2545 4170 4201 5102
4 2781 2684 2703 4617
4 3395 4212 3844 4501
4 2673 3765 625 4099
4 3516 4157 4457 4503
4 3709 3916 3698 4708
4 1694 3888 1339 3923
4 2748 2549 4084 4143
4 3708 4486 3499 5028
4 3503 3636 3385 4875
4 695 3919 2754 4171
4 2618 3642 3829 4393
4 3496 3400 4241 4364
4 2269 4217 3782 4302
4 1464 4006 3680 4940
4 1156 1040 1358 3793
4 3404 3892 4016 4505
4 2634 3797 4201 4438
4 1108 4639 4160 4934
4 1054 1053 1484 3922
4 3389 3782 3786 5143
4 1442 4344 1443 4496
4 4081 3504 4317 4685
4 1261 4010 3803 4271
4 3641 3938 107 4606
4 4006 4148 1467 4188
4 1766 1468 3744 4153
4 3372 3523 3504 4815
4 3844 4212 3600 4501
4 2447 3694 3999 4424
4 2852 2854 3696 4369
4 3554 4477 3469 5136
4 1087 3473 1089 4485
4 2551 2122 2170 3639
4 658 3644 657 5035
4 3478 3531 3388 4049
4 569 3368 125 4209
4 2423 4340 2641 4565
4 3422 4290 3670 4524
4 2846 4261 3623 5080
4 695 769 581 3919
4 903 964 1887 4175
4 89 4004 3608 4376
4 2438 2399 3530 3963
4 3466 4479 3782 4893
4 3523 2149 4055 5247
4 3874 3622 4915 5235
4 3638 3383 4584 4745
4 3581 4778 4220 4980
4 2269 3782 2267 4302
4 2879 4021 4277 5223
4 1099 3927 3752 5190
4 637 3961 3769 4599
4 521 3685 92 4735
4 1260 4022 1329 4487
4 1480 1482 1481 4380
4 1553 1253 3819 4484
4 1571 1733 4003 4415
4 3957 3972 3474 4336
4 1434 4419 4363 4954
4 1962 4070 3628 4211
4 3979 4083 3609 4651
4 691 690 4086 4951
4 3581 3811 3720 4498
4 1728 1729 4233 4396
4 521 4735 92 4847
4 727 4196 3984 4539
4 3808 4187 3592 4823
4 3473 4326 1089 4485
4 1029 1859 3627 4086
4 2447 3694 2055 3999
4 854 1870 859 4146
4 3829 4725 4063 4810
4 71 490 3831 4541
4 1479 3609 4180 4934
4 2377 2319 4087 4518
4 3374 3546 4543 4886
4 1064 3895 4228 4762
4 97 4255 4043 4352
4 1619 1256 3755 4301
4 1468 4148 3744 4153
4 3622 4518 3874 4915
4 3800 3919 2755 4384
4 3940 4100 1551 4126
4 3373 3747 3621 4540
4 3463 3384 3933 4608
4 1782 4192 3793 4196
4 2679 2500 3760 4379
4 603 691 690 4086
4 3384 3463 4645 5054
4 2392 2391 2390 4386
4 3452 3702 3676 4392
4 1879 4006 1467 4188
4 3848 4306 1130 4579
4 3610 3992 4386 4849
4 2111 4085 2113 4141
4 3414 3705 3641 5020
4 52 4116 467 5046
4 3226 500 77 4039
4 3503 3385 3636 4207
4 3868 4068 2940 4367
4 3441 3629 3553 4898
4 3424 4597 4022 4724
4 3553 3629 3441 4113
4 2407 4050 2136 4555
4 3389 4217 3782 5143
4 3566 3981 2066 4371
4 3382 4365 3473 4813
4 3516 4457 4157 4629
4 3596 1674 4048 4619
4 2438 2399 2240 3530
4 3970 4148 3466 4770
4 2555 3916 3709 5164
4 1916 2697 858 4158
4 1431 3888 1339 4496
4 1644 1019 3712 4177
4 859 868 3714 4173
4 3869 4800 3465 5055
4 3600 4305 1469 5069
4 2871 2873 3640 4656
4 3441 3553 4354 4898
4 1165 4748 4058 4853
4 3835 4062 2984 4344
4 1029 3627 1859 4587
4 1345 3620 4059 4790
4 3016 9 400 3580
4 1261 3803 1495 4271
4 2625 2721 2289 4336
4 3452 3676 3730 4392
4 3638 4229 1585 4272
4 80 2042 3228 504
4 19 411 3531 4049
4 3596 4179 3818 4586
4 3493 3813 3375 4342
4 657 3644 658 4525
4 1559 3755 1256 4040
4 1748 3609 1479 4934
4 3576 3754 4895 5079
4 1358 3793 1782 4192
4 2933 2818 2345 3872
4 3631 3860 3491 4670
4 3524 3807 3969 4774
4 1566 4080 4020 4974
4 767 3765 620 4297
4 3397 3578 3536 4887
4 840 3946 3779 4372
4 2490 3818 2642 4028
4 2811 3820 2895 3990
4 3407 3808 3592 4743
4 2697 3837 858 4158
4 3382 3849 3601 4421
4 3422 3508 4290 4524
4 1483 1762 1471 3490
4 3932 4345 1730 4612
4 3581 3788 3811 4498
4 4426 4457 4157 4503
4 2122 4090 3639 4399
4 3472 4150 3862 4592
4 3627 4814 3866 4951
4 1064 1062 1663 3895
4 2024 2018 2253 3806
4 3612 3897 3382 4950
4 3541 3616 3401 4687
4 3709 4708 4313 5164
4 720 995 3980 4023
4 3746 4491 3491 4552
4 2407 2404 2147 4532
4 3380 3558 4388 4819
4 3905 3406 4208 4666
4 4321 4368 3813 4879
4 3810 849 4500 4671
4 1793 804 831 3779
4 401 3034 13 4138
4 3668 3696 41 4092
4 2879 4277 2880 5223
4 826 4089 3985 4562
4 1603 3439 1332 4378
4 2984 4062 2830 4344
4 4179 4586 3596 4892
4 1813 1516 3871 4164
4 637 4599 3769 4885
4 897 960 3756 4804
4 1475 1809 3836 4294
4 3908 4360 3519 4948
4 3523 3889 2149 5247
4 1483 3490 1471 4165
4 3591 3765 4800 5055
4 2666 4217 3686 4243
4 3751 4281 2477 4441
4 872 1886 2692 3753
4 3610 3922 4716 4826
4 3899 4212 3661 5168
4 3537 4480 3830 5122
4 3404 4016 3892 4414
4 1820 4199 3990 4919
4 3709 3916 2555 4988
4 3487 3377 4202 4506
4 2154 3719 2594 4446
4 3645 4386 3610 4716
4 3933 4935 3494 5156
4 3817 3969 3807 4774
4 465 51 3807 4395
4 2423 2641 2639 4565
4 3383 3492 4236 5010
4 2902 3820 2813 4009
4 65 3741 4017 5026
4 2872 2940 4068 4367
4 3691 3455 4228 4589
4 644 4177 4514 5019
4 3372 3483 3477 4825
4 1258 1228 3966 4448
4 1665 1239 3626 4272
4 3627 4018 3403 4835
4 2154 3719 4446 4482
4 1490 4509 4452 4610
4 1532 4154 4073 4507
4 2713 3654 2606 4510
4 3474 3880 3632 4781
4 3754 4143 2193 4325
4 1770 1532 4073 4507
4 2946 2923 2857 3903
4 3508 3783 3666 4258
4 578 988 708 3855
4 2297 3898 4866 5148
4 2198 3843 3705 4350
4 719 3878 1829 4466
4 1647 3496 1224 4241
4 3783 4044 3666 4258
4 774 4053 3878 4466
4 3581 4498 3896 4841
4 3770 3889 3372 4687
4 3688 4303 3372 4549
4 1302 3707 1300 4036
4 3374 3664 3991 4543
4 1929 2679 2810 4379
4 4110 4124 3704 4499
4 3631 4012 1834 4480
4 592 1789 1021 3961
4 3466 3782 3715 4893
4 859 3714 836 4146
4 848 3810 2778 4296
4 3576 4895 3843 5079
4 1963 1961 4070 4580
4 3726 3390 4095 4339
4 3414 3641 3792 5020
4 65 3636 3741 4207
4 638 1805 3769 3961
4 4071 4496 3602 4500
4 43 446 3761 4411
4 1479 3609 4133 4180
4 1639 3943 1219 4584
4 3632 3972 3957 4784
4 3397 3951 3725 4741
4 2551 3639 2170 4204
4 1619 1256 1559 3755
4 3388 4012 3783 4169
4 3420 3762 4415 5242
4 3403 4018 3894 4487
4 1300 4036 3707 4291
4 3896 4841 3771 4910
4 3967 4325 2193 4943
4 1076 3968 1572 4875
4 3571 3872 4458 4471
4 3499 3984 4650 5028
4 924 896 925 3727
4 3676 39 3730 4392
4 3709 3916 4708 5164
4 3623 3696 3668 4092
4 2297 2300 3898 5148
4 3751 4441 2477 5101
4 1240 3943 4257 4806
4 1300 3707 1302 4291
4 1350 1674 3909 4048
4 2846 4252 4261 5080
4 3612 3382 3944 4950
4 2984 2803 2931 3835
4 1958 2140 2446 3646
4 2469 2470 2576 4407
4 3934 4052 3372 4081
4 3519 4360 3908 4370
4 4042 4295 712 4885
4 2320 2376 2319 4087
4 1610 1753 3492 4236
4 2879 2801 2880 4277
4 2470 3507 2576 4407
4 3493 3813 4321 4368
4 4012 4480 3435 4797
4 1434 3862 1435 4419
4 4090 4204 3639 4527
4 3810 3911 2632 4575
4 3470 4496 3876 4500
4 720 3980 651 4023
4 2009 3850 4037 4057
4 3499 4486 3984 5028
4 1327 4054 3441 4791
4 3542 4076 2230 5066
4 418 3785 23 4696
4 1480 4083 1482 4380
4 1549 4100 3759 4126
4 2181 3800 4384 4764
4 1793 3779 831 3946
4 3653 3499 4650 5028
4 2640 3929 3585 4522
4 1184 1182 3688 4571
4 3610 4386 3645 4849
4 65 4207 3741 4548
4 1582 1270 3964 4327
4 1442 4210 4344 4496
4 52 4150 3690 4183
4 3647 3501 5052 5182
4 1879 1468 4148 4961
4 3764 4356 4124 4798
4 2632 3911 3810 4159
4 3693 4725 3829 4810
4 56 3158 468 3986
4 2880 4276 3915 4277
4 3413 4534 3546 4543
4 2572 5024 4141 5151
4 811 3753 2692 4977
4 2136 4050 3657 4555
4 3874 4087 2319 4518
4 570 120 3352 4145
4 3397 3748 3772 5139
4 3874 4087 3622 5235
4 1609 4236 1610 4950
4 2066 2554 2553 3566
4 3958 3989 1939 4513
4 3762 5070 3857 5106
4 695 581 1892 3919
4 1324 1380 4343 5127
4 3588 4414 3892 4505
4 4148 4723 3466 4770
4 2602 3763 2169 4014
4 2584 4171 2314 4465
4 3895 4762 1062 4779
4 1372 3786 4153 4990
4 3594 4160 4639 4934
4 660 657 4094 5035
4 1694 1339 1431 3923
4 2069 4155 3684 5210
4 3782 4217 3389 4302
4 3436 4326 1091 4881
4 28 3778 3845 4478
4 3691 3895 3455 4589
4 1974 1972 3948 4736
4 3766 4015 4000 5086
4 2301 3508 4290 5148
4 3648 3686 3834 4767
4 831 3779 840 3946
4 1674 4619 3596 4759
4 1675 1184 1182 3688
4 3528 4098 1190 4468
4 1071 3882 1069 4748
4 3371 3908 3519 4948
4 3382 3849 4365 4813
4 2803 1012 2931 3835
4 2751 1891 702 4221
4 3039 18 410 4409
4 4052 4081 3934 4317
4 4129 4526 3402 4708
4 3394 3641 3590 4606
4 1517 3851 3819 4545
4 3474 3990 3880 4781
4 3469 4086 3627 4231
4 1056 4247 1058 4962
4 542 3300 106 4249
4 519 89 3253 4805
4 3522 4716 3922 4826
4 683 3731 601 4086
4 3544 4105 2312 5031
4 2111 4141 2113 4952
4 1472 1243 4066 4517
4 2710 2606 3942 4510
4 1120 4160 1108 4639
4 2268 3782 4479 4893
4 3395 4501 3844 4848
4 3382 3849 3536 4365
4 747 864 3997 4264
4 1693 3888 3442 4414
4 1182 1675 3688 4081
4 3388 3830 4012 4552
4 940 908 2367 4254
4 4213 4399 3639 4581
4 3604 4283 4152 4931
4 3383 3529 3492 5010
4 3577 3691 3387 4058
4 2212 3539 4328 4843
4 3627 3403 4789 4835
4 1112 1748 1479 4934
4 3449 3706 4473 4581
4 2377 4518 3622 5032
4 1291 1350 1674 3909
4 1794 1863 3727 4990
4 1291 3909 1674 4619
4 3838 3997 823 4264
4 3664 3991 4440 4483
4 2248 3873 2476 4441
4 1464 3680 1462 4613
4 2461 4090 3875 4924
4 1056 1058 1057 4962
4 1849 1850 4094 4858
4 1109 4144 3867 4839
4 1663 3895 1062 4779
4 1549 1551 4100 4126
4 3630 4030 1067 4324
4 1345 3620 4193 4359
4 2572 4398 4141 5024
4 1182 4303 3688 4571
4 2489 3967 3818 4413
4 2069 3684 2578 5210
4 2308 3843 2199 4001
4 3794 3415 3874 4774
4 2476 2248 2200 3873
4 528 96 3987 4583
4 2268 3715 3782 4893
4 908 3842 2367 4254
4 3448 3935 3562 4749
4 1544 3966 4074 4846
4 3384 4608 3543 5195
4 4208 4521 3961 4855
4 949 897 960 3756
4 1464 3680 4613 4940
4 2540 2751 3883 4221
4 3629 4208 3553 4898
4 2964 4071 2834 5033
4 2110 4085 2111 4141
4 1109 4754 4144 4839
4 3397 3772 3748 4741
4 701 1902 3799 4105
4 1307 4378 4219 4396
4 1719 4048 1136 4483
4 2399 4072 3963 4211
4 1123 4306 4180 5246
4 3778 4452 3908 4468
4 3460 4348 3804 4719
4 2179 2135 2178 4315
4 2083 4163 3483 5158
4 3653 4699 3499 5028
4 2626 2721 3972 4784
4 2873 2876 2871 3640
4 1625 4061 3852 4981
4 2193 3754 2195 4143
4 3604 4562 4089 4630
4 3547 4782 4214 5015
4 3689 4786 4061 5103
4 3516 3408 4157 4894
4 1356 4415 4054 4791
4 1805 1444 3769 3961
4 1019 724 1811 4042
4 1639 1240 1219 3943
4 3382 3897 3612 4128
4 3581 3788 4420 4778
4 3783 4169 4012 4797
4 1584 1585 3638 4229
4 4022 4464 3403 4694
4 3387 3691 3552 4871
4 1085 1618 3849 4176
4 2066 3566 2553 3858
4 2601 3554 2324 3847
4 997 711 3769 4042
4 2894 2895 2811 3820
4 3499 3793 4622 4682
4 3996 4192 1156 4416
4 1939 3989 3958 4802
4 712 759 4042 4885
4 3669 3757 4689 4711
4 1480 4133 4083 4753
4 2154 2594 3719 4658
4 2895 4781 3990 4793
4 3656 4586 4166 4822
4 2673 3765 4099 5055
4 2191 3967 2193 4943
4 1136 4048 1719 4440
4 3653 4747 4119 4891
4 3929 4132 4091 5059
4 623 4400 4539 4650
4 1693 3888 1694 4712
4 3778 3428 4452 4468
4 2703 3917 2781 4617
4 3784 3404 3911 4062
4 3403 4022 3894 4464
4 3524 3794 2318 3874
4 2581 1966 1964 3790
4 2551 4014 3639 4204
4 1759 1337 3489 4300
4 1205 1206 3811 4422
4 2370 3881 2779 4577
4 3615 4166 3900 4586
4 3711 4747 3653 4891
4 2813 2902 2894 3820
4 3831 4421 3382 4676
4 716 3961 794 4666
4 3445 4454 3755 4719
4 3964 4013 3662 5017
4 2443 3608 2575 4309
4 3899 4212 3745 4896
4 1337 3489 4300 4337
4 3496 4074 1224 4241
4 4108 4308 1216 5107
4 1324 4107 1322 5127
4 3578 4124 3397 4499
4 3773 4626 3872 4828
4 2873 2876 3640 4412
4 3632 3957 3474 4781
4 1603 3439 3890 5082
4 796 3712 724 4177
4 3399 3811 3722 4601
4 3711 4119 4747 4891
4 3769 3961 4521 4855
4 3544 2312 4131 5031
4 3421 3806 3555 4163
4 1209 3811 1208 4301
4 3675 4526 4129 4708
4 3511 3794 3415 4097
4 2066 3566 3858 3981
4 3594 3850 4057 4554
4 1311 4168 3635 4219
4 1372 3970 3786 4780
4 3426 4343 3928 4521
4 4052 4758 3555 5130
4 3740 4299 1633 4995
4 1324 1322 1380 5127
4 4089 4630 828 4698
4 886 828 4630 4698
4 2618 2068 4590 4907
4 2673 3765 2683 4338
4 3784 3911 3404 4572
4 3649 4185 2705 4904
4 1936 625 2673 4338
4 619 4099 4297 5141
4 1693 3442 3888 4712
4 3603 3804 4080 4939
4 1225 1665 3626 4453
4 3504 4081 3372 4815
4 1209 3811 4301 4327
4 2999 2929 4185 4904
4 3397 4279 3578 4887
4 4161 4680 3565 4741
4 1223 1224 4074 4241
4 1657 4511 3777 4578
4 4116 4393 3545 5138
4 2067 3700 2469 4442
4 4208 4354 3553 4898
4 3446 4114 3900 4759
4 2922 2677 2822 4722
4 3618 4022 3758 4724
4 3886 4148 3970 4770
4 3491 3877 4670 5176
4 1571 4003 4189 4415
4 1591 1586 1665 4272
4 1661 3644 1849 4525
4 1090 1092 1091 4881
4 769 3866 3919 4814
4 1804 4015 1783 5086
4 3699 4233 1729 4396
4 3810 4296 849 4671
4 2215 2213 3935 4431
4 3543 4700 3384 5195
4 2110 4085 3720 4697
4 3844 4848 4501 4979
4 3476 4431 4167 4894
4 1107 4160 3979 4934
4 2984 3835 2831 4062
4 3933 4935 1132 5056
4 2553 3566 2554 3977
4 3561 3405 3842 5065
4 4036 4502 3583 4836
4 1828 4125 1428 4238
4 3420 3762 4189 4415
4 508 81 3737 4750
4 1395 4238 3920 4647
4 3740 3459 4995 5042
4 2399 3530 3963 4072
4 4206 4554 4103 4639
4 3746 4552 4434 4866
4 1075 4233 3906 4234
4 3765 3766 3465 4191
4 3245 3243 3244 4112
4 3670 3756 3422 4258
4 3862 4419 1434 4954
4 1860 1799 4598 4615
4 1962 1963 1961 4070
4 2984 2831 2830 4062
4 2145 1943 3958 4194
4 797 3769 637 3961
4 3888 3923 1694 4712
4 3405 3561 3842 5222
4 3462 4434 4552 4866
4 3511 4097 3415 4880
4 2131 5045 3716 5197
4 3434 4339 3927 4972
4 3660 4064 3593 4860
4 2618 4393 3829 4907
4 1509 4018 3627 4231
4 3808 3932 1570 4823
4 566 3847 122 4890
4 684 704 601 4149
4 918 919 3666 4914
4 1182 4081 3688 4303
4 1438 4016 3835 5250
4 2626 4134 2717 4784
4 2324 4477 3554 5136
4 3648 3686 4767 5115
4 2230 3542 2054 4624
4 4081 4199 3504 4685
4 2418 4801 3742 4862
4 949 1011 1797 3756
4 3392 4050 3657 4532
4 3683 4073 3478 4620
4 3373 3747 4537 4730
4 2638 4434 3462 4866
4 3849 3748 5004 5067
4 411 19 3531 4409
4 2444 2297 3898 4866
4 3555 3891 3421 4825
4 2198 2476 2200 3705
4 2200 2198 3705 4350
4 3742 3450 4640 4862
4 2578 3684 2069 4580
4 2626 3972 2434 4134
4 2553 3858 3566 3977
4 620 4297 3765 4757
4 1223 4074 4229 4241
4 1249 1387 1248 4081
4 888 4372 3753 4977
4 2762 1887 3667 4175
4 3602 4344 4210 4496
4 1200 4129 3698 4314
4 4187 4533 3558 4932
4 3455 3684 3895 5217
4 1782 3793 1445 4196
4 3573 3851 3819 3871
4 1200 3698 4033 5057
4 2554 3566 2066 4371
4 2707 2345 2818 3872
4 1440 1335 3940 4419
4 3807 4147 3817 4774
4 3555 3806 3421 5132
4 3773 2342 4626 4828
4 2940 3868 2920 4068
4 2831 4471 3835 4523
4 950 3738 963 4598
4 3684 4155 2069 4580
4 3523 4055 2149 4508
4 3410 3593 4064 4860
4 2572 4141 2156 5151
4 3978 3555 4758 5130
4 3455 3895 3691 5217
4 3581 3811 3788 4778
4 3622 4087 3874 4518
4 1358 1445 1782 3793
4 1045 3933 1132 5056
4 855 888 811 4977
4 3843 4001 2308 4564
4 848 2671 3810 4740
4 3630 4324 1067 5106
4 2149 3889 3523 4447
4 2211 3539 2212 3695
4 1814 1644 1019 3712
4 439 38 3098 4495
4 671 3821 790 4084
4 2213 3695 2212 3935
4 26 3824 422 4227
4 3574 3999 3694 4424
4 1221 4241 4229 4584
4 2643 3717 4037 4076
4 3828 4046 2279 5008
4 3693 4180 4306 5246
4 3402 3569 4129 4475
4 3709 3852 3459 5114
4 1167 3510 1171 4752
4 1258 1228 1226 3966
4 1825 1829 719 3878
4 545 3318 109 4401
4 2825 1034 2834 4071
4 2444 3898 3531 4866
4 3684 3455 4082 5217
4 1345 4193 3620 4790
4 2831 2939 3784 4471
4 3388 3830 4552 4773
4 2935 4244 2842 4269
4 2019 4701 4967 5032
4 3795 4018 1507 4231
4 3707 4036 1302 4381
4 1200 1198 3698 4129
4 3499 4539 4400 4650
4 3720 3811 3581 4889
4 3399 3811 3720 4889
4 3629 3406 4208 4517
4 1647 1224 3496 4846
4 2412 4217 2269 4302
4 1371 3970 1372 4780
4 2035 2477 3751 4281
4 3476 4167 4053 4894
4 2214 2455 2216 4749
4 1120 4103 4160 4639
4 2443 3608 4309 4402
4 3715 3782 3389 4302
4 2141 2110 4559 4697
4 3511 3415 3794 3969
4 1108 4160 1107 4934
4 1216 4308 4108 4806
4 1480 1479 1748 4083
4 3645 3776 3421 4716
4 1073 3882 3906 4345
4 2215 2213 2214 3935
4 1571 4003 1057 4189
4 1863 987 1794 3727
4 2189 2539 4445 4943
4 3501 3932 3699 4345
4 1891 582 702 4221
4 2113 4085 4329 4952
4 2391 4386 2392 4849
4 552 3322 113 4274
4 1356 1733 4415 4791
4 3454 3777 3705 4717
4 2399 2240 3530 4451
4 3420 4003 3672 4415
4 2705 4185 3649 4316
4 68 3678 3662 4529
4 724 3712 713 4042
4 1725 4570 3748 4578
4 1012 1441 2931 3835
4 2399 3530 4072 4451
4 890 4500 849 4671
4 1239 1585 4229 4272
4 2748 4084 2747 4964
4 2680 3903 2923 3965
4 2490 3540 3818 4028
4 3476 4167 4431 5029
4 2748 4325 4143 4964
4 3576 3885 3843 4895
4 2378 4170 3619 4201
4 2244 4161 3725 4903
4 3405 3912 3561 4577
4 3711 4699 3653 4747
4 1225 4074 3626 4229
4 1063 4228 3762 4762
4 2638 3462 2298 4866
4 3669 4308 4108 5107
4 2448 2654 3734 4155
4 1531 3683 1401 4169
4 2976 3674 2906 5097
4 3923 3975 3423 4025
4 3635 4168 3994 4908
4 1954 1955 3992 4121
4 3407 4533 4187 4932
4 2618 3642 2322 3829
4 1605 3964 3822 4462
4 3558 3380 4107 4819
4 3381 4103 4206 4554
4 473 61 3162 4232
4 719 584 1825 3878
4 44 455 3129 4182
4 2164 3544 2312 4131
4 3554 4018 3795 4835
4 1614 1075 4233 4345
4 902 934 4006 4940
4 1422 3435 4480 4797
4 3994 4168 3408 4908
4 1316 3994 1314 4157
4 2194 2193 2192 3967
4 1860 1033 3537 4598
4 2690 810 2773 3975
4 2083 3483 4447 5158
4 1033 4406 3537 4598
4 1391 3550 1392 4238
4 813 891 855 4977
4 2378 2545 4170 4201
4 3664 4440 4048 4483
4 2215 3935 3562 4431
4 2118 3875 3757 4947
4 2069 2654 4155 5210
4 3436 3991 3664 4534
4 1808 3769 1444 4521
4 864 747 763 4264
4 2490 2250 2489 4413
4 2939 2817 2922 4828
4 3489 3545 4116 4603
4 2925 1446 2805 3862
4 3635 3408 4168 4908
4 62 478 3171 3918
4 4037 4057 3850 4554
4 658 657 660 5035
4 2324 3554 2601 5136
4 3778 4370 3908 4452
4 1261 3803 4010 4198
4 2839 4458 3872 4471
4 3420 4189 4003 4415
4 848 2671 2778 3810
4 3807 3378 4147 4774
4 3740 3459 4299 4995
4 3393 3607 3543 5209
4 3520 3720 3399 4697
4 3386 3776 3645 4868
4 2020 2009 3850 4037
4 3415 3969 3511 4880
4 4299 4995 3459 5042
4 545 3858 109 4918
4 1961 3628 4155 4248
4 3449 4473 3798 4581
4 4016 4414 1234 4729
4 1610 3944 3492 4881
4 2140 3646 1958 4705
4 3781 4388 3558 4819
4 1834 4012 3631 4647
4 1021 3961 1789 4666
4 1765 3970 4148 4153
4 2425 4518 2377 5032
4 1821 2894 993 3820
4 3980 4023 1529 5082
4 2456 2526 4309 5206
4 3414 3792 3641 4267
4 3482 4111 3848 4472
4 1431 3876 3923 4496
4 1316 3994 4157 4426
4 3782 4217 2269 4982
4 3393 3543 3993 5209
4 1475 1809 1417 3836
4 2876 4412 5090 5095
4 1625 1255 3852 4061
4 3669 4765 3757 5147
4 2066 3858 1997 3981
4 3734 4155 2654 5210
4 3516 4157 3878 4894
4 3397 3605 3951 4902
4 644 646 4177 5019
4 840 832 838 3779
4 3380 4388 3781 4819
4 1472 4066 3486 4517
4 3648 3834 3686 5143
4 473 2148 61 4232
4 1265 4448 4100 4859
4 2644 3483 2083 4163
4 3927 4095 3390 4339
4 3631 3877 3491 4552
4 1254 4098 4164 5177
4 1012 3835 2803 4344
4 75 3886 3613 5178
4 3374 3615 3900 4586
4 1736 1538 4187 4823
4 3418 3796 3723 4319
4 3514 3723 3796 4319
4 2407 2404 3865 4546
4 1311 3635 4168 5207
4 2170 3639 4090 4204
4 3976 4610 3776 4899
4 3436 4455 3991 4534
4 1497 1261 1495 4271
4 1434 1440 4363 4419
4 638 3769 797 3961
4 1089 4326 3473 4881
4 1243 4430 4066 4517
4 3653 3451 3905 4747
4 3769 4042 759 4885
4 3264 94 2567 523
4 1307 3863 4378 4396
4 1209 1207 1208 3811
4 3703 4217 2372 4302
4 3538 4637 3800 5077
4 3934 4758 4052 5130
4 2019 4057 4701 5032
4 1190 4437 3528 4468
4 1225 3626 4074 4453
4 1321 4683 4107 4771
4 3905 4119 3653 4747
4 3588 4016 4414 4505
4 1190 4098 3528 4484
4 763 1884 4264 5037
4 2394 4248 3962 4849
4 3978 4052 3555 5130
4 3465 3766 4000 4191
4 1391 1392 3550 4984
4 1571 1238 1057 4003
4 1045 4645 3933 5056
4 1479 4180 1112 4934
4 3374 4586 3656 4822
4 1234 1567 4016 4729
4 3310 549 107 3938
4 1417 3836 1809 4787
4 3631 3491 3877 4670
4 562 4035 118 4417
4 2391 2393 2647 4386
4 1955 3992 4121 5213
4 2939 2922 3784 4828
4 2629 2618 2068 4590
4 3683 4169 1531 4620
4 36 3675 3535 3956
4 813 3735 891 4977
4 3705 4109 2198 5101
4 1892 2754 695 3919
4 1435 3862 1809 4294
4 3641 3705 3414 5101
4 3379 4002 3588 4111
4 1436 3756 4044 4349
4 2666 4243 3686 4290
4 909 9 396 4561
4 2194 3754 3967 4413
4 2408 3861 2410 4546
4 1811 724 605 4042
4 3550 1391 4186 4238
4 2848 4261 4029 4714
4 3745 4744 3421 5132
4 1633 3740 1560 5050
4 1693 1339 1694 3888
4 3451 3653 4699 4747
4 1403 4154 3834 4349
4 3900 4586 3446 4759
4 3401 4746 4292 4985
4 1053 3922 1054 5165
4 592 794 716 3961
4 3603 4080 3804 5147
4 74 494 3205 3912
4 3375 3585 4661 5109
4 3800 4637 3919 5077
4 1103 1104 1105 4339
4 4026 4393 4116 5138
4 1997 3981 3858 4240
4 2561 3771 3532 4910
4 1804 1457 1783 4015
4 1205 1206 1207 3811
4 940 1909 3881 4254
4 3450 3742 4640 4801
4 3686 4217 2666 4330
4 1330 4016 1438 5250
4 2117 2118 3757 4947
4 623 760 4400 4650
4 2851 3623 2846 4261
4 3222 501 79 5178
4 3383 3639 4204 4527
4 1304 3890 4381 5082
4 3426 4295 4042 4885
4 1625 1198 1255 4061
4 3528 4437 1190 4484
4 767 620 619 4297
4 722 3480 4514 4820
4 1647 1544 1224 4846
4 2312 4105 3544 4663
4 1078 1076 1578 4234
4 3371 3643 3569 4948
4 1529 3980 995 4023
4 3630 3407 4324 4504
4 1688 992 3731 4086
4 1570 3932 3808 4366
4 1439 3835 1438 4016
4 1261 1497 4010 4271
4 3886 4723 4148 4770
4 3496 4074 3966 4846
4 3639 4014 2551 4213
4 1589 1591 1758 4607
4 800 712 4295 4885
4 3405 4577 3561 5222
4 2643 2325 3717 4076
4 1200 4033 3698 4981
4 3389 3782 3715 4811
4 127 575 3364 3789
4 3372 3889 3770 4447
4 2020 3739 2041 5066
4 83 3629 4060 4357
4 3373 3913 3847 4600
4 548 109 3318 4401
4 2584 2755 2314 4171
4 2895 3990 3820 4793
4 2184 2182 3526 4764
4 3378 4133 3693 4147
4 1808 997 3769 4042
4 1305 1304 1306 3890
4 1702 3604 4562 4931
4 1391 3550 4186 4984
4 1805 1444 1808 3769
4 3571 3872 4471 4828
4 3465 4191 4000 4709
4 3402 4031 3643 4313
4 651 4023 3980 4516
4 3619 4201 3797 4438
4 3604 1702 4283 4931
4 2190 2189 3713 4943
4 3602 4344 4071 5033
4 1769 3834 1403 4154
4 427 3074 26 2396
4 1061 3762 4189 4605
4 1067 4030 3630 4058
4 4452 4509 3587 4610
4 1083 1085 1618 3849
4 4522 4661 3585 5109
4 1221 3798 4241 4584
4 2215 2214 3562 3935
4 123 3847 3930 4945
4 3757 4765 4019 5147
4 4119 4596 716 4666
4 3857 4324 3407 4504
4 3705 3777 3454 5020
4 2809 2919 994 3871
4 850 808 1875 3876
4 1351 1570 3932 4823
4 3405 3842 4577 5222
4 1254 4098 1554 4164
4 1540 1278 4202 4732
4 3605 4233 1728 4902
4 3390 3726 4095 5091
4 1658 4033 1633 5050
4 3804 4659 4080 4939
4 1936 2673 2683 4338
4 4098 4273 1190 4468
4 3915 2880 4277 5223
4 4143 4325 3651 4964
4 1200 4314 3698 5057
4 3150 460 3148 3633
4 3373 3747 4540 4832
4 3575 4358 1697 4732
4 2154 4482 3879 4658
4 2779 4254 2367 4577
4 3245 508 81 3737
4 2502 3725 4279 4994
4 121 4101 3710 5123
4 2436 3476 4431 5029
4 3758 4022 4597 4724
4 2829 2831 2939 3784
4 3847 3913 3554 4600
4 1462 3680 1464 4188
4 2710 2713 2606 4510
4 3722 4348 3460 4719
4 795 4464 798 5193
4 1325 3928 4054 4819
4 2935 2385 2816 4244
4 3554 3930 3795 4018
4 3400 4229 3798 4584
4 836 868 837 3714
4 3669 1216 4308 5107
4 1170 4311 3809 4953
4 71 3831 4421 4541
4 122 3847 566 4215
4 1519 986 1857 4146
4 1571 1733 1238 4003
4 3388 4552 3746 4866
4 1776 1034 1443 4071
4 2531 540 104 4595
4 2301 3508 2341 4290
4 1609 4257 4236 4950
4 3479 3670 4175 4804
4 3573 4292 4134 4834
4 477 3168 3169 3918
4 3590 3641 3394 4761
4 2642 4028 3818 4323
4 2679 1929 2500 4379
4 3554 4600 3913 4832
4 2478 2568 2550 3938
4 1955 2390 3992 5213
4 2797 4830 4406 5252
4 2117 3757 4224 4947
4 4152 4283 1702 4931
4 3744 3881 961 4307
4 3451 3673 3958 4194
4 767 625 3765 4099
4 1899 2912 3701 4029
4 3476 3987 2436 4431
4 3402 4526 3569 5103
4 1087 3473 4485 4813
4 465 3147 55 4034
4 1688 4231 4086 4385
4 1170 4953 3809 5241
4 3638 4584 3383 5226
4 1453 1454 3494 4416
4 3664 3991 3436 4440
4 2341 4290 3508 4524
4 1407 3840 4216 4476
4 3608 3733 89 4376
4 809 846 2691 3929
4 2412 2372 4217 4302
4 2643 2610 2230 4076
4 3479 4175 4531 4804
4 1866 4010 3758 4597
4 3545 3489 4337 4603
4 123 3930 3847 3937
4 1393 3920 1395 4238
4 886 4630 3735 4698
4 2367 4254 3842 4577
4 3843 3885 3454 4704
4 1605 3964 4462 4808
4 3487 3526 3377 4721
4 3788 4420 3425 4498
4 13 3019 401 3936
4 1616 1163 4390 4443
4 3507 4407 4128 4442
4 3372 4687 3889 4815
4 1226 3966 3775 4074
4 903 1887 2693 4175
4 3373 3621 3913 4540
4 1661 1850 1849 4858
4 2279 4046 3828 5120
4 3389 3786 3782 4811
4 2545 2012 4170 5102
4 3631 4406 1834 4830
4 2444 2297 2300 3898
4 36 3956 3535 4526
4 2249 2198 4109 5101
4 2879 1781 2801 4277
4 3761 4399 2123 4581
4 1248 4081 1387 4199
4 3722 3811 3399 4327
4 934 4768 4006 4940
4 3472 4458 4106 4592
4 1170 1701 3809 4311
4 1234 1235 1567 4729
4 1509 3627 1859 4231
4 3582 4301 3755 4492
4 1222 1647 1224 4241
4 1560 3740 1633 4995
4 3520 3399 3720 4889
4 2020 2040 3739 3850
4 3603 4719 3804 4939
4 3593 3721 3410 3901
4 4172 3431 4853 5053
4 3436 4440 3991 4455
4 1616 4390 3897 4443
4 4301 4492 3582 4601
4 1209 1207 3811 4327
4 3608 2575 4309 4353
4 1793 986 804 3779
4 2984 2803 3835 4344
4 695 777 3919 4171
4 3382 3473 3944 4813
4 3397 5067 3748 5139
4 3786 3970 1372 4153
4 3425 3896 4498 4841
4 3205 3204 3203 3912
4 31 431 3952 4370
4 2184 3526 4251 4764
4 3648 4767 4154 5115
4 3739 4037 3850 5066
4 1006 4557 4466 4812
4 2314 3800 2755 4384
4 2691 3929 846 4132
4 848 3810 861 4740
4 2846 3623 2847 4252
4 1200 1199 4129 4314
4 1814 1644 3712 4566
4 3173 477 63 3802
4 3400 4584 3798 4745
4 2159 3761 3556 4019
4 3491 4491 3920 4552
4 1955 2390 1954 3992
4 1325 4054 3928 4354
4 1129 4306 1123 5246
4 3410 3593 3901 4064
4 3497 3734 3684 4818
4 3543 3607 3393 4260
4 1661 4130 3644 4216
4 73 3219 496 4777
4 1429 3990 1820 4199
4 3459 3916 3709 4988
4 3880 4404 1700 4545
4 722 3480 645 4514
4 1099 1100 1101 3927
4 2937 2809 1815 3851
4 3631 1834 4406 4480
4 3532 3771 4841 4910
4 3750 4198 1260 4597
4 2169 4014 3763 4213
4 1766 3744 1468 4961
4 1949 4574 4530 4783
4 3401 4140 4478 4484
4 2668 2666 4217 4330
4 3389 4782 3703 4979
4 1357 4054 1327 4791
4 940 2367 1909 4254
4 3451 3958 3673 4513
4 3689 3458 4098 5177
4 2297 4866 3677 5148
4 1371 4230 3970 4780
4 1966 3790 4118 5159
4 2322 3829 3642 4941
4 1057 4189 4003 4962
4 1413 3648 4507 4780
4 3688 4549 3372 4687
4 3108 43 447 4411
4 3643 3402 4313 5103
4 4140 3616 4478 4484
4 988 1670 3855 4476
4 4246 4403 1229 4453
4 3545 4393 3379 4929
4 3399 3662 3520 3678
4 2846 4252 3701 4261
4 800 712 772 4295
4 3569 4129 4387 4526
4 3593 4860 4055 5064
4 3651 3855 3471 4432
4 3382 3506 3473 4365
4 3685 4309 2575 4353
4 3689 3859 3458 5177
4 3472 4720 3773 4775
4 716 4119 775 4596
4 2132 3794 3511 4097
4 2168 2318 3794 3874
4 3808 1736 4324 4823
4 3457 4040 4301 4492
4 1184 1675 1250 3688
4 716 794 4119 4666
4 2131 4801 3716 5045
4 3384 3939 3543 4608
4 3426 4042 3769 4885
4 3892 4025 3718 4662
4 103 4079 4642 5002
4 1507 3795 1419 4018
4 2399 2446 4072 4211
4 3503 3968 3906 4234
4 4107 4683 3558 4771
4 446 3111 42 4411
4 3670 4243 2771 4290
4 3575 4732 1697 4972
4 3985 4089 3604 4562
4 3744 4006 3405 4148
4 3943 4527 3498 4689
4 1065 3630 1067 5106
4 109 3858 545 4401
4 3639 3943 3798 4689
4 3704 4124 2028 4994
4 610 1912 3825 4102
4 3693 4147 4133 5246
4 1294 3840 4544 4877
4 3524 3378 3642 3807
4 1093 4440 3436 4455
4 3920 4238 1393 4695
4 3601 3382 4421 4676
4 3405 3572 3886 3912
4 4680 5038 3863 5108
4 3561 3912 3613 3998
4 1540 4537 1278 4732
4 3817 4147 4753 4774
4 3400 4229 4584 4745
4 837 3714 868 4649
4 3377 3621 4047 4540
4 3012 11 399 915
4 1604 1755 1241 4778
4 3470 3975 3923 4025
4 3608 4309 3685 4353
4 3808 4324 4187 4823
4 1030 2813 1821 4009
4 4729 4787 4016 5068
4 3578 4124 4499 4994
4 1578 4481 3503 4875
4 3378 4753 4147 4774
4 1129 3693 4306 5246
4 3485 4278 3940 4312
4 1250 1184 3688 4571
4 2934 2950 2810 3760
4 1226 3775 1227 4074
4 1294 4544 1293 4877
4 3691 4082 3455 5217
4 1708 4245 3870 5188
4 2954 3868 2940 4367
4 2822 2677 1922 4722
4 3603 3949 4719 4939
4 75 495 3886 4137
4 3994 4157 3408 4168
4 2461 3816 4090 4924
4 2639 3773 3665 4565
4 3612 3944 3492 4236
4 3590 3792 3641 4761
4 3662 3964 3399 4013
4 2131 4097 5045 5197
4 683 4637 3731 4814
4 3951 4680 3725 4741
4 2251 4179 3656 4323
4 920 3756 922 4258
4 68 4529 3662 4900
4 1541 1697 4358 4732
4 2040 3739 3850 4512
4 2978 4065 3862 4458
4 2610 2020 2041 5066
4 3625 4080 1566 4659
4 1330 1439 1438 4016
4 527 3562 92 3780
4 3906 3968 3503 4726
4 3671 4431 4167 5029
4 601 992 682 4086
4 3382 4365 3536 4707
4 3631 3674 3462 3830
4 3626 1239 4229 4272
4 83 3737 3629 4113
4 2083 3785 4163 5158
4 1584 3638 1585 5175
4 3427 3704 4110 4124
4 4058 4748 3577 4853
4 794 4119 3961 4599
4 4530 4574 3514 4783
4 2436 4431 2235 5029
4 2384 3450 2418 4862
4 2133 2132 3511 4097
4 1549 4126 3759 5231
4 2643 4037 3717 4701
4 2715 3480 2720 3959
4 3579 4213 2126 4275
4 2422 1892 2757 3919
4 3864 3949 3582 4952
4 1680 3859 1678 4061
4 2466 2469 2067 3700
4 3015 397 10 951
4 1664 4853 4391 5053
4 774 3878 719 4466
4 3810 4500 3470 4671
4 3823 4433 5152 5160
4 1325 1324 3928 4819
4 2235 2436 3987 4431
4 1821 3820 1824 4009
4 3384 4700 3933 5195
4 2540 1891 2751 4221
4 2158 2520 2585 4560
4 3795 4018 3930 4569
4 3961 4119 794 4666
4 1759 4294 3489 4419
4 1317 3592 1538 4823
4 4165 5152 4433 5160
4 2322 2029 3829 4941
4 3796 4121 3992 4826
4 70 3201 490 4218
4 4141 5024 3925 5151
4 2638 2295 4434 4866
4 2376 4087 2378 4170
4 3171 3169 3168 4424
4 2189 4445 2539 4906
4 1391 1828 1428 4238
4 4261 4640 4029 4714
4 2999 4904 4185 5202
4 3375 3585 4986 5245
4 1311 4168 1312 5207
4 901 981 940 3881
4 3392 3657 3548 4532
4 3472 4626 3773 4720
4 2809 2942 3871 4827
4 4016 4729 1567 4787
4 1728 3605 4902 5099
4 804 833 832 4146
4 3648 1413 4507 5229
4 3844 4501 3600 4979
4 2248 4441 2480 4897
4 519 4004 3611 4104
4 1531 1401 1398 4169
4 3689 4273 3371 4963
4 3375 4986 3870 5245
4 3791 4085 2114 4697
4 2842 4269 4244 4278
4 3462 4552 3388 4866
4 3641 3792 3590 4267
4 4236 4257 3612 4950
4 1806 4831 4299 4928
4 3826 4445 4221 4873
4 940 3881 981 4254
4 3770 3372 4549 4687
4 1379 4208 4517 4898
4 3852 4061 1255 4389
4 3749 4180 1123 4306
4 1759 4419 3489 5204
4 683 685 4637 4814
4 3672 4003 3420 5237
4 3688 3880 3474 4919
4 2349 3958 1939 4513
4 3762 4189 4415 5070
4 787 699 799 3883
4 2679 3760 2810 4379
4 1484 3922 4203 5214
4 2009 4057 4037 4701
4 1413 3648 4780 5229
4 4055 4860 3593 5048
4 3748 3397 4741 5096
4 4016 4523 3571 4787
4 3503 4234 3906 4726
4 2109 2110 2111 4141
4 3554 3847 2601 5136
4 2384 4029 3450 4862
4 633 3983 632 4119
4 3373 4540 3913 4832
4 3017 3016 400 3936
4 3477 3483 3372 4549
4 3413 3858 3743 4627
4 2246 2276 3585 5109
4 3395 3661 4293 4896
4 901 940 1909 3881
4 2054 3542 4536 4624
4 1903 2913 3901 4064
4 3467 4389 4068 5181
4 4292 4746 3573 4985
4 2632 4159 3810 4740
4 3467 3859 4389 5181
4 3415 4403 4246 4453
4 988 1847 708 3855
4 3472 3862 4458 4592
4 1618 1162 1083 4242
4 770 4102 3825 4702
4 2697 816 858 3837
4 2925 3862 2978 4065
4 3627 4086 1859 4231
4 1065 4228 3630 5106
4 1686 1258 1547 4448
4 520 3258 89 3608
4 3913 4600 3373 4832
4 3605 4680 3863 5108
4 1554 1254 1553 4098
4 3510 4463 1171 4752
4 3934 3555 4052 4758
4 1504 3848 1707 4111
4 2150 2149 4055 4508
4 1121 3899 1469 4212
4 3416 3833 3850 4512
4 1931 5051 4064 5064
4 1678 4061 3859 4389
4 2374 4194 3560 5011
4 923 11 3666 3953
4 3414 4281 3751 4441
4 2805 3862 1020 4954
4 3450 4261 3495 4640
4 2501 4005 3725 4798
4 747 4264 3997 5037
4 3499 4622 3993 4682
4 1554 4098 1553 4164
4 711 759 3769 4042
4 672 724 1019 4177
4 2374 3673 3560 4194
4 1618 3748 1162 4242
4 1717 1697 4732 4972
4 3940 3597 4553 4859
4 710 3801 2676 4099
4 3485 4100 4126 4640
4 1729 4233 3699 4345
4 21 4055 413 4508
4 3494 3933 5156 5195
4 1827 1823 1265 3940
4 2654 2069 2578 5210
4 3390 3884 4609 4651
4 1799 950 4598 4615
4 3524 3969 3794 4774
4 3588 4729 4016 5068
4 4046 4310 3828 4460
4 3895 4041 3691 5217
4 2199 4001 3843 4350
4 1413 4507 4067 4780
4 431 3080 28 4304
4 2480 4441 3772 4897
4 1968 1966 3790 4118
4 2230 4145 3542 5066
4 1734 1570 3808 4366
4 3778 3428 4370 4452
4 3401 3972 3632 4134
4 2852 3004 2854 4369
4 3449 4108 3669 4689
4 4004 4426 3592 4683
4 2100 4031 4313 4658
4 3930 4569 4018 4755
4 3592 4187 1538 4823
4 3203 3204 495 3912
4 1531 4169 1398 4620
4 1792 3714 859 4146
4 859 3714 1792 4173
4 3456 3763 5227 5233
4 1661 3644 4130 4858
4 1254 4164 1555 5177
4 3669 4689 4108 4711
4 2190 3967 2191 4943
4 3371 3778 3519 3908
4 3431 4172 3702 5053
4 942 971 4191 4709
4 1384 4036 1843 4381
4 1753 4236 4144 4754
4 81 4060 4289 4684
4 3665 3773 2639 4720
4 3571 4016 3835 4523
4 3536 3831 3382 4707
4 740 3904 578 4432
4 53 4183 461 4618
4 3395 4896 4293 5132
4 2810 3760 2950 4379
4 1733 1762 4003 4791
4 412 3593 3041 4515
4 4303 4549 3688 4571
4 1061 3762 4605 4762
4 3526 2182 4035 4764
4 3543 3939 3384 4194
4 3796 3992 3522 4826
4 1509 1507 4018 4231
4 3410 3721 4491 5161
4 3456 4272 3626 5233
4 1436 3756 4349 5014
4 1541 4358 3954 4732
4 3411 4041 3895 5217
4 3267 4004 519 4104
4 108 551 3320 4401
4 3809 4311 1382 4359
4 3463 4935 3933 5056
4 3418 3650 4214 5015
4 3696 4092 3623 4369
4 2949 2839 3872 4471
4 412 3040 17 3721
4 2527 2502 3725 4279
4 3398 3966 4100 4733
4 3454 4291 3885 4511
4 55 3807 465 4034
4 4391 4853 3431 5053
4 3399 4013 3964 4327
4 3159 57 468 3986
4 1314 1333 4157 4168
4 1318 1319 4426 4683
4 1824 4009 3820 4685
4 816 3837 2697 4397
4 3443 3970 1367 5027
4 1555 4164 3859 5177
4 3393 3543 4260 5195
4 1773 4659 4021 4960
4 17 412 3721 4038
4 71 4421 3578 4541
4 3673 4959 2354 5078
4 2591 4001 3821 4564
4 1352 1295 4511 4544
4 3642 3807 3378 4725
4 2848 3701 4029 4261
4 3693 4133 3378 4810
4 3857 4932 3781 5242
4 1097 4280 3752 4817
4 1126 1067 4324 5106
4 3433 4150 3862 4419
4 4055 5064 4860 5247
4 3540 3818 3394 4413
4 4157 4426 3780 4457
4 3759 4126 4100 4640
4 3494 5156 3996 5195
4 1677 3852 1255 4389
4 92 4533 3780 4735
4 832 4146 833 4728
4 988 3904 1846 4476
4 2324 3937 3554 4477
4 1337 1759 3489 5204
4 864 883 817 4264
4 3404 3892 3888 4414
4 3441 4054 1327 4354
4 446 3121 43 4493
4 2230 4076 3542 4624
4 1200 3698 1198 4981
4 3793 3996 3393 4192
4 1734 3808 4030 4366
4 1644 4177 3712 4566
4 3647 4328 2243 4383
4 3852 1806 4299 4928
4 3673 4513 2354 4959
4 3545 3489 4116 4337
4 3690 3433 4150 4592
4 3463 3384 4608 5054
4 4170 4582 4201 5102
4 3699 4576 4233 5108
4 30 2449 430 4542
4 1076 1074 1572 3968
4 2666 2665 4243 4290
4 3632 3880 3851 4404
4 3399 4601 3722 5144
4 3735 4630 4089 4698
4 3979 4339 3726 4358
4 2180 2181 2420 4384
4 3100 3103 3101 5112
4 1484 1054 3922 5214
4 3562 3448 4429 4735
4 2925 1446 3862 4065
4 1851 3893 599 4094
4 4006 4148 3744 4961
4 3519 3908 3778 4370
4 2648 480 3741 4548
4 838 3779 832 4728
4 1355 3558 4187 4683
4 2445 3655 2444 4330
4 3477 3372 4303 4549
4 3648 3834 4154 4767
4 2846 2851 2847 3623
4 2797 2887 4830 5252
4 3420 3963 4072 4211
4 3592 4187 4004 4683
4 2024 2021 4710 5126
4 3608 4004 89 4533
4 3379 4393 4026 4590
4 2126 3579 2125 4213
4 3496 4241 1647 4636
4 3200 69 485 4218
4 2610 4037 2020 5066
4 1196 4061 1198 4129
4 695 2754 589 4171
4 3671 3408 4431 4629
4 3562 4429 3685 4735
4 2615 2230 2054 4624
4 3582 4329 4085 4952
4 2801 1026 4276 4277
4 699 3883 787 4171
4 2149 3523 2084 4447
4 2007 5032 4609 5119
4 2422 3919 3866 4384
4 3832 4607 4272 4968
4 1762 3490 4003 4791
4 3514 3823 3723 4319
4 2771 3670 4175 4243
4 3695 4255 97 4352
4 4003 4189 3420 5237
4 2935 1920 2385 4244
4 922 4258 3756 4804
4 3895 4983 4818 5194
4 3390 3884 4651 5091
4 3523 3934 3504 5048
4 2839 3001 4065 4523
4 3688 4687 3372 4815
4 2510 2111 2113 4952
4 3558 4107 3380 4376
4 2872 2940 2920 4068
4 1954 3796 1952 4121
4 84 3973 3672 4072
4 836 3714 837 4766
4 2028 2504 2503 4798
4 4065 4458 3571 5149
4 3708 4699 4430 5028
4 1123 4180 3749 4639
4 2504 3764 2503 4798
4 3632 4404 3851 5129
4 20 3934 419 4588
4 3764 4576 3647 5108
4 1144 3848 1130 4579
4 1097 3752 4280 4621
4 1413 4067 1493 4780
4 3454 4675 4001 4704
4 611 1921 2673 4099
4 3503 3385 4207 4375
4 1324 4107 3928 4819
4 3885 4704 3843 4895
4 3594 4037 3850 4554
4 2614 3975 3568 4132
4 795 798 701 5193
4 2149 3889 2289 4336
4 3492 3436 4754 4881
4 3253 3505 89 4439
4 2276 4522 3585 5109
4 3454 4036 3885 4291
4 97 3695 4352 4668
4 831 804 832 3779
4 1501 3478 1397 4695
4 2773 3975 852 4296
4 2127 3579 2126 4275
4 698 587 675 3758
4 2606 3942 3654 4174
4 3492 3637 3436 4881
4 3569 4526 3643 5103
4 4086 4814 3627 4951
4 2554 2602 4014 4371
4 879 4136 3753 4728
4 3598 3740 4995 5042
4 3688 4140 3616 4687
4 3792 4511 3576 4544
4 1084 4443 3849 5004
4 1753 3492 4236 4754
4 3565 3772 3748 4717
4 3524 3642 3378 4941
4 1259 1260 4198 4597
4 4157 4457 3780 4629
4 2230 2610 4145 5066
4 1908 2691 846 4132
4 3866 3469 4477 5136
4 1472 1142 1764 3486
4 2510 4141 2111 4952
4 1175 1171 4463 4752
4 4036 4675 3454 4704
4 2902 4793 3820 4854
4 3074 422 26 3962
4 3612 3492 3944 4286
4 1968 1966 4118 5159
4 1927 3883 699 4171
4 838 3753 4372 4728
4 3731 3469 4086 4814
4 2242 3685 2216 4429
4 3818 3967 3596 5085
4 4430 4699 3653 5028
4 2321 2413 2637 3728
4 3858 3413 4240 4627
4 922 3756 920 4804
4 2097 2154 3879 4658
4 3569 3371 4223 4963
4 1107 3979 4160 4358
4 2912 2845 2678 3701
4 3491 3631 4552 4647
4 1233 3803 1261 4198
4 707 657 1849 4094
4 1332 4593 4378 4812
4 3534 3397 3815 4499
4 941 2781 900 3917
4 3763 3456 4201 4968
4 2179 2178 3621 4315
4 3797 4667 4275 5000
4 3503 3385 4375 4875
4 3555 4052 3978 4744
4 411 3036 19 4409
4 1167 4573 3510 4752
4 3573 4746 3819 4985
4 2779 2370 1909 3881
4 3722 3582 4301 4348
4 2120 3757 2118 4090
4 2502 4798 3725 4994
4 3940 4419 1335 4553
4 2771 4175 3670 5184
4 3390 4651 3726 5091
4 49 3597 4312 5219
4 3412 3848 3693 4306
4 3465 4000 3766 4015
4 2602 3763 4014 4371
4 3368 572 125 4209
4 73 3572 495 3886
4 3994 4426 1315 4823
4 3699 4345 3932 4612
4 2248 3873 4441 4897
4 3612 4286 4128 5010
4 3804 4719 3445 4939
4 3727 4307 927 4531
4 2267 2268 3715 3782
4 3651 3471 3855 4840
4 1057 4189 3624 4605
4 3687 4607 3832 4968
4 1610 1611 1753 4236
4 937 3842 4709 5201
4 1311 1310 4168 4219
4 3585 3375 4661 5245
4 1020 2805 1446 3862
4 3720 3520 4559 4697
4 1464 1465 4006 4940
4 1102 1101 3927 4339
4 3828 4661 4522 5109
4 3454 3705 3873 4717
4 852 810 887 3975
4 16 3037 408 4409
4 1710 1504 1707 4111
4 1413 1493 4067 4507
4 3398 4100 3966 4448
4 3434 3726 4095 4339
4 2978 2925 2805 3862
4 3693 4306 3848 4579
4 3371 3569 4223 4948
4 2266 4302 3715 4377
4 1808 1682 997 4042
4 3434 4095 3927 4339
4 3646 4072 2446 4211
4 2750 4221 4445 4873
4 3532 3771 2561 4654
4 1379 3905 4517 4666
4 2750 4445 3826 4873
4 4150 4294 3862 4419
4 3457 3811 3720 4601
4 2267 3715 2266 4302
4 4064 5051 3660 5064
4 786 644 646 4177
4 3922 4826 3610 4978
4 3404 4414 3888 5250
4 1648 3440 4636 5150
4 4101 4494 3488 4585
4 1490 4452 4120 4610
4 1472 1460 1243 4517
4 3790 4504 3407 4652
4 632 4119 3983 5183
4 2208 3539 4005 4328
4 4085 4141 3582 4952
4 1603 1537 3439 5082
4 3823 4433 4289 5152
4 3823 4645 3463 5054
4 1591 3832 1665 4453
4 4144 4754 3743 4839
4 3755 4454 4348 4719
4 1250 3688 4140 4571
4 1357 1356 1327 4054
4 3799 4105 2761 4663
4 92 4004 520 4457
4 3493 4321 3802 4368
4 3677 4866 3898 5148
4 2104 3771 3916 5164
4 805 1795 831 3946
4 3101 3103 443 4078
4 3867 4144 3743 4839
4 1170 3809 1701 5241
4 2104 3916 3771 4333
4 1090 4754 1092 4881
4 2171 2461 2118 3875
4 2130 3797 2616 4097
4 961 3881 3744 5006
4 3662 4808 3964 5017
4 20 419 3934 4285
4 3895 4228 3455 4589
4 1304 4381 1528 5082
4 695 589 777 4171
4 2179 3913 3621 4764
4 1553 1253 1516 3819
4 859 868 836 3714
4 711 759 638 3769
4 3645 4849 3386 4868
4 1211 3964 4327 4686
4 2555 3709 4313 5164
4 797 638 637 3769
4 3545 3379 4603 4929
4 3571 4458 3872 5149
4 3401 3658 4292 4746
4 3433 4419 3862 4954
4 3724 4818 3895 4983
4 1517 3851 1815 3871
4 2554 3977 3566 5180
4 1205 3811 1207 4778
4 3683 3388 4792 4912
4 3524 3874 2318 4518
4 3413 3743 3858 4534
4 2394 3563 3962 4248
4 1352 3792 1542 4544
4 1211 4327 3722 4686
4 1367 3970 3443 4738
4 3401 3632 3880 4985
4 1231 3795 4537 4569
4 1747 4144 1753 4236
4 3852 4061 3698 4981
4 3707 3464 3890 4117
4 110 3319 550 4401
4 2281 2279 4046 5008
4 3704 4499 4124 4994
4 43 4184 447 4256
4 3451 3653 3905 4430
4 3402 4526 3535 4708
4 3783 4169 4044 4349
4 1376 1444 4208 4521
4 1265 3940 1823 4553
4 3384 3933 4608 5195
4 531 99 4043 4679
4 1489 4509 1490 4610
4 1317 1315 4426 4823
4 1729 3699 1730 4345
4 1371 1369 1372 3970
4 3852 3868 1806 4928
4 2112 2114 4085 4697
4 3408 3516 4157 4629
4 927 3727 926 4307
4 787 3883 799 4861
4 3638 3383 4888 5226
4 3951 4741 3397 5096
4 89 3505 3253 4805
4 3532 3676 2509 4910
4 70 490 1983 4218
4 902 4006 1465 4940
4 1782 4192 4196 4816
4 2267 2266 2270 4302
4 2280 3505 2225 4174
4 3899 4212 3600 4305
4 3755 4301 3582 4348
4 1396 4169 4012 4620
4 2269 2267 2412 4302
4 3380 3963 4388 4444
4 33 4195 4045 4526
4 1347 1712 1539 3487
4 2075 3657 2147 4532
4 4061 4129 1196 4475
4 684 3731 683 4637
4 3419 4848 3703 4946
4 3940 4278 3433 4312
4 2075 3548 3657 4532
4 1227 4074 3775 4453
4 2545 4201 3981 5102
4 3527 4720 3472 4775
4 644 4514 4177 4634
4 2528 3772 2479 4281
4 3006 3901 2913 4064
4 1175 4463 4198 4752
4 1954 4121 3992 4710
4 3494 3996 1453 4416
4 3394 3664 3590 4440
4 3440 1653 4222 5150
4 551 111 3321 4534
4 3889 3474 3972 4336
4 937 4709 3842 4768
4 2947 4020 4379 4867
4 72 3209 498 4377
4 2266 2270 4302 4377
4 763 4264 747 5037
4 2340 4290 2341 4524
4 3445 4719 3949 4939
4 3485 4100 3940 4126
4 2280 3505 4174 4190
4 3427 4233 3906 4345
4 4006 4768 3680 4940
4 1114 4374 3429 4611
4 3315 544 3314 4056
4 3594 4103 4554 4639
4 1152 1151 1153 3488
4 3651 4084 781 5239
4 1688 4086 3731 4385
4 3763 4968 4201 5131
4 3407 4187 3808 4324
4 2751 702 699 3883
4 4029 4261 3450 4640
4 3787 4995 4299 5042
4 3381 4103 4554 4664
4 20 3057 413 4508
4 2280 2225 3505 4190
4 4097 4667 3415 4880
4 3731 4086 3469 4385
4 3896 4333 3771 4841
4 3474 3990 4781 4793
4 3412 3693 3848 5009
4 3489 4337 1337 5204
4 3591 4800 3869 5055
4 1134 1061 3762 4189
4 1952 4121 3796 4783
4 3573 3819 3851 4985
4 3676 4347 2509 4910
4 1006 1839 666 4557
4 1685 3908 4452 4468
4 3514 3796 3723 5152
4 3891 4052 3372 5158
4 1586 4272 1591 4607
4 1006 1839 4557 4812
4 1019 1816 672 4177
4 3604 4283 1702 4562
4 1099 1100 3927 5190
4 1210 3722 4348 4686
4 3558 4683 1355 4771
4 3606 3396 4219 4378
4 3862 4150 3433 4592
4 1123 3749 1631 4639
4 4027 4536 3542 4624
4 1717 4732 4648 4972
4 1701 1382 3809 4311
4 1613 4120 3724 4605
4 2314 3800 4251 4465
4 2119 3757 2120 4399
4 3816 3875 3498 4090
4 4062 4210 3404 4662
4 3762 4504 4228 5106
4 1073 3906 3882 4976
4 2819 996 4021 4960
4 2528 2480 2479 3772
4 1853 4283 3946 4562
4 3703 4848 3982 4946
4 2019 4967 2022 5032
4 3983 4119 633 4599
4 3472 3527 4626 4720
4 2628 4136 3929 4522
4 3640 5090 4412 5095
4 3216 502 79 4410
4 2118 2119 2117 3757
4 3396 3863 4378 5038
4 4134 4292 2433 4834
4 3784 4471 2939 4828
4 3555 3421 4163 4825
4 1472 1142 3486 4433
4 1104 1748 1106 3979
4 4004 4457 92 4533
4 1394 3920 1393 4695
4 2184 3526 2182 4035
4 3643 4313 4658 5103
4 1400 4169 4349 4797
4 1019 1811 1814 4042
4 2410 3837 3861 5230
4 398 904 10 3953
4 3698 4061 3402 4129
4 3879 4482 3719 4658
4 3735 3475 4310 4821
4 1582 1270 1751 3964
4 1210 4348 1212 4686
4 1051 1466 5076 5160
4 1166 4280 1097 4817
4 926 927 925 3727
4 43 3706 4184 4256
4 1631 4206 3749 4690
4 1316 1315 1314 3994
4 4080 5107 1562 5146
4 850 1875 1777 4071
4 1410 3682 1284 4427
4 3707 3890 3464 4772
4 3432 3822 3875 4799
4 2131 3716 2129 5197
4 822 858 3837 4158
4 3017 3019 3016 4561
4 1419 4018 3795 4569
4 3610 4386 3992 4716
4 4357 4513 3673 4959
4 3689 3371 4674 5103
4 3458 3879 4746 5111
4 3662 4529 3432 4900
4 3600 3703 4501 4782
4 2777 4091 2640 4132
4 3856 4501 3703 4782
4 4860 5048 4055 5247
4 2818 3872 2837 4106
4 3420 3672 3646 4072
4 2555 2587 3709 4316
4 3594 4884 3979 5163
4 2755 2754 3919 4171
4 3344 562 118 4428
4 1403 1404 4154 4349
4 2581 1964 2441 4070
4 2304 3911 3718 4575
4 3401 4292 4134 4985
4 1355 4187 3558 4771
4 2438 3963 3530 4444
4 3696 4020 3391 4222
4 4203 4567 1484 4996
4 1494 1501 1397 4695
4 3879 4674 3371 5103
4 2100 2098 4031 4658
4 3536 3578 3397 5067
4 3406 4602 4361 4855
4 2159 3556 2492 4019
4 2054 4536 4027 4624
4 1231 4537 4181 4569
4 2448 2069 2654 4155
4 2676 4099 3801 5075
4 3458 3879 4674 4746
4 2369 3572 2370 4577
4 3879 4674 4746 5111
4 3520 3720 4559 4889
4 3518 4609 3884 4651
4 1697 4358 3575 4972
4 2281 4046 4310 5008
4 3762 3595 3857 5242
4 3396 4378 3606 5038
4 1392 4238 3550 4695
4 1695 3867 1109 4144
4 3762 3857 4504 5106
4 2308 4001 2591 4564
4 4271 4760 4010 5142
4 3820 4009 2902 4854
4 3410 3721 4038 4491
4 3603 4939 4080 5025
4 1953 2389 4705 4783
4 2312 3544 2582 4663
4 1920 2383 2385 4244
4 1415 4337 1474 4579
4 2665 2771 4243 4290
4 3720 3811 3399 4601
4 1789 716 4596 4666
4 3658 3401 4292 4970
4 3571 4505 4787 5068
4 1263 4246 4859 5199
4 1173 1160 1710 3482
4 1466 4135 5076 5160
4 3620 3828 4460 4646
4 25 424 3616 4123
4 3386 3563 3962 4899
4 1537 4023 3439 5082
4 3535 4031 3402 4313
4 837 3714 4649 4766
4 1888 2746 3821 4084
4 3540 3938 3641 4606
4 3600 4501 4212 5168
4 1204 1205 3788 4422
4 1142 1764 3486 4673
4 3382 3700 4128 4286
4 3470 3718 4025 4662
4 3641 4761 3792 5020
4 1424 1860 4480 4615
4 1479 4180 4133 5246
4 2523 3647 2243 4383
4 2340 2301 2341 4290
4 2618 2322 2029 3829
4 787 4171 3883 4861
4 3455 3684 4082 4580
4 2614 2690 3975 4132
4 4293 4896 3806 5132
4 3612 4236 3492 5010
4 2616 4097 3797 4438
4 2622 2243 4328 4383
4 2634 2616 3797 4438
4 3424 3618 4131 4724
4 2026 1968 3790 4118
4 2315 2269 4217 4982
4 3688 4081 1675 4919
4 4148 4153 3466 4723
4 3605 3764 4798 5108
4 71 3191 490 4541
4 2149 2286 4055 5247
4 1356 4054 1357 4791
4 3619 3832 3687 4921
4 3888 3923 3470 4496
4 3386 3587 3563 4899
4 3823 4135 3723 4319
4 490 3199 71 4218
4 3290 3293 537 4079
4 2839 4471 2955 4523
4 2415 3574 3999 4322
4 4141 4398 3925 5024
4 922 4524 3670 5184
4 2570 3532 2561 4654
4 1336 1435 4294 4419
4 1209 4301 3722 4327
4 3775 3966 3398 5128
4 821 3837 816 4397
4 1274 4452 3428 4468
4 2516 4497 4008 5151
4 769 773 581 3866
4 3612 3492 4286 5010
4 1648 1653 3440 5150
4 3629 3905 3406 4517
4 2750 4221 2540 4445
4 2448 3734 3563 4155
4 4010 4271 1497 4760
4 2114 4085 3791 4329
4 3501 3948 3853 4093
4 4046 4460 3828 4646
4 3775 3398 5045 5128
4 3619 3687 3832 4968
4 3834 4944 3686 5143
4 1304 1302 1528 4381
4 1415 4147 4337 4579
4 1618 3748 1725 4570
4 2640 2628 3929 4522
4 941 3917 942 4191
4 1886 2756 2692 3753
4 2638 2298 2295 4866
4 2678 1899 2912 3701
4 3485 4126 3759 4640
4 2666 2315 4217 4243
4 2933 2817 3872 4828
4 3809 4953 4011 5241
4 4272 4607 3456 4968
4 2925 2978 2993 4065
4 3826 4445 2311 4943
4 3748 3772 3565 4741
4 2690 810 3975 4132
4 1337 4337 4300 4603
4 698 1013 587 3758
4 11 405 3666 4882
4 582 791 702 4221
4 2050 2426 3521 4512
4 444 40 3109 4411
4 3530 3963 3380 4444
4 3630 4324 3857 4504
4 3386 4248 4155 4857
4 4016 4787 4505 5068
4 3500 3927 3752 5003
4 3744 4153 4148 4723
4 1454 3494 4416 4604
4 3372 4825 3891 5158
4 4041 4058 3577 4853
4 2236 4626 3527 4720
4 578 708 732 3855
4 1688 1859 4086 4231
4 4276 4838 3513 5018
4 3798 4108 1219 4473
4 3404 4062 3835 4210
4 3451 4430 3708 4699
4 719 774 584 3878
4 3426 4521 3928 4807
4 3001 2839 2955 4523
4 2027 3948 2599 4093
4 2126 2127 2125 3579
4 3723 3796 3418 4927
4 1051 5076 3723 5160
4 1473 1471 1762 3490
4 4276 3513 4925 5018
4 3422 3756 3670 4944
4 3386 3962 3645 4899
4 3395 3745 4896 5132
4 1953 4705 4121 4783
4 1617 1614 1075 4233
4 2817 2949 3872 4828
4 2928 1786 2789 3921
4 1194 4273 3689 4963
4 4242 5004 3748 5067
4 3876 3470 3923 4496
4 3863 3890 3464 4117
4 2444 2417 3531 3655
4 1829 3878 1524 4466
4 3428 4437 1274 4468
4 2108 3720 2110 4398
4 2949 2933 2817 3872
4 3779 4372 3753 4728
4 3736 4514 4177 5019
4 2251 3818 4179 4323
4 1250 3688 1675 4919
4 2324 3847 3554 3937
4 3810 3911 3602 4159
4 3651 3471 4084 4432
4 3492 3529 3383 4122
4 3937 4477 2324 4663
4 3975 4296 2773 5092
4 3575 4648 4732 4972
4 2314 2755 2420 4384
4 1484 4567 1053 4996
4 1729 1614 4233 4345
4 3397 4124 3578 4994
4 3891 4052 3555 4744
4 2673 4099 2361 5055
4 2677 3784 2922 4828
4 3389 4780 3786 4811
4 3628 4155 4248 4857
4 918 919 967 3666
4 2208 3539 3767 4005
4 964 1887 3667 4623
4 1814 3712 4042 4343
4 3944 4236 3612 4950
4 3928 4538 3426 4807
4 3451 3673 4357 4513
4 3701 4261 4252 5080
4 2990 4032 2814 4904
4 3389 4067 4782 4979
4 1726 3932 1570 4366
4 3960 4607 4582 4627
4 1452 1787 4430 4596
4 3389 4230 4780 4811
4 2489 2192 3967 4413
4 3722 4327 3964 4686
4 3392 3510 4011 4456
4 2362 3673 2354 5078
4 698 1865 1013 3758
4 3718 3911 2304 4572
4 1977 3704 3617 5240
4 1954 3796 4121 4710
4 27 3952 3814 4899
4 4002 4111 3379 4929
4 83 3243 3737 4113
4 1753 1610 3492 4881
4 3647 4093 2523 4749
4 2463 4014 2551 4204
4 3583 3980 4036 4675
4 2855 2923 2680 3903
4 1611 1747 1753 4236
4 2254 1941 3993 5075
4 1429 3820 993 3990
4 1287 1623 4114 4759
4 3457 4492 4301 4601
4 2378 2545 2012 4170
4 3399 3662 3678 4739
4 3377 3526 3487 4047
4 3419 3703 4848 4979
4 720 995 579 3980
4 2038 3570 3982 4293
4 3895 4818 4779 5194
4 3838 4760 4271 5142
4 1815 2809 994 3871
4 3923 3975 3470 4671
4 1422 1423 4012 4480
4 3432 4799 3875 5030
4 3475 3735 4310 4977
4 1169 4181 1231 4537
4 2452 2251 3656 4323
4 2564 3656 4179 4591
4 4775 5068 3773 5149
4 1399 4012 1396 4169
4 4437 4478 3616 4484
4 3411 3908 4360 5194
4 3781 4932 4388 5242
4 3630 3407 4504 4652
4 419 3057 20 4588
4 3012 3013 951 3014
4 3674 3877 3462 5097
4 684 683 685 4637
4 3451 3653 4430 4699
4 732 740 578 4432
4 3804 4348 1666 4454
4 3817 3415 3969 4774
4 1554 1553 1516 4164
4 927 925 3727 4531
4 3743 3858 3566 4627
4 4065 4787 3836 5149
4 3724 4779 3895 4818
4 2928 1786 3921 4276
4 2620 4477 2324 5136
4 3076 3079 3077 4123
4 1841 1529 4023 5082
4 3626 4667 3797 5000
4 2970 2961 882 4071
4 2237 3773 2342 4626
4 3451 4513 4357 4959
4 855 811 2694 4977
4 3725 3605 4124 4798
4 3402 4061 4786 5103
4 492 72 4282 4377
4 3581 4420 3788 4498
4 2598 4609 2007 5032
4 3888 4025 3892 4662
4 3690 4106 1901 4244
4 3763 3797 4968 5131
4 2710 3942 696 4510
4 2180 3913 2179 4764
4 3815 3397 4242 4902
4 1857 4193 3779 4359
4 3821 4001 2591 4703
4 1248 1675 4081 4919
4 4169 4349 3783 4912
4 1813 1516 1517 3871
4 2083 3785 2082 4163
4 3647 2523 4093 4383
4 3750 3424 4597 4694
4 2668 2666 2316 4217
4 3409 3549 3663 4643
4 2389 3557 4705 4783
4 118 3335 559 2454
4 1968 1966 2026 3790
4 3588 4414 4016 4729
4 3472 4775 3773 5149
4 990 584 706 5171
4 2382 3512 2383 4269
4 1979 3617 1977 3704
4 2374 1945 4194 5011
4 997 1805 1808 3769
4 2620 2324 2601 5136
4 2949 2839 2837 3872
4 3850 4037 3594 4664
4 3062 422 27 4227
4 945 4191 3766 4757
4 3726 4651 3884 5091
4 2350 3856 4302 5015
4 1123 1119 4180 4639
4 1685 4452 1274 4468
4 3922 4203 3522 4567
4 3409 3663 3549 3950
4 1471 3490 1473 4433
4 2243 2523 2522 3647
4 3425 3675 3771 4841
4 3762 3857 5070 5242
4 1103 1101 4339 4972
4 847 1018 808 3876
4 2035 2477 4281 4441
4 1584 1239 1585 4229
4 1712 3487 1347 4625
4 964 972 930 3667
4 883 1884 817 4264
4 1979 66 482 4156
4 2117 3757 2119 4224
4 3876 3470 4500 4671
4 2196 4109 2198 5079
4 632 3711 4119 5183
4 3459 3740 4796 5042
4 2622 4328 3764 4383
4 729 3894 1864 4474
4 3455 3895 3684 4983
4 2850 4261 2848 4714
4 3411 4360 3908 4948
4 2809 2942 2919 3871
4 3380 3963 3530 4594
4 953 941 4191 4338
4 3571 3773 4340 4505
4 1943 1942 3958 5209
4 1472 1046 1142 4433
4 3369 574 126 4209
4 1501 1397 3478 4620
4 3474 3820 3990 4793
4 3571 4787 3836 5068
4 3501 3647 4093 4383
4 2821 2976 2906 5097
4 84 4072 3672 5058
4 1603 1537 1332 3439
4 3683 4154 1404 4349
4 3487 4166 3526 4721
4 2944 4657 4125 5161
4 3377 3747 3924 4540
4 2029 3829 4941 4967
4 1452 4430 3905 4596
4 3734 4155 3684 4818
4 3151 3150 3148 4395
4 1302 4291 3707 5022
4 2321 3728 2637 4624
4 1820 3990 3880 4919
4 1248 4081 4199 4919
4 3708 4622 3958 4699
4 3622 4087 2377 4609
4 3689 4273 1194 5177
4 1674 4483 1349 4759
4 3929 4522 3509 5245
4 1400 4349 1402 4797
4 4020 4222 3696 4867
4 2540 4221 3883 4445
4 2038 3982 3570 4024
4 2591 4703 4001 5170
4 1316 1315 3994 4426
4 1384 1302 4036 4381
4 1473 3490 1762 4791
4 3651 4216 4525 5063
4 925 3945 3727 4531
4 1806 3868 3852 4389
4 4582 4607 3456 4627
4 3586 4466 667 4557
4 3929 4136 3509 4522
4 2937 2952 2809 3851
4 773 3866 769 4814
4 3406 3905 3629 4747
4 3908 4370 4360 5194
4 2426 4315 3521 4512
4 3669 4108 3449 5107
4 2933 2837 2818 3872
4 1464 1465 1463 4006
4 122 566 3349 4215
4 3555 4052 3891 5158
4 1710 3482 1160 4472
4 1153 3488 1151 4585
4 1653 1650 3440 4222
4 2680 3903 3965 4560
4 2441 4769 4402 4911
4 1273 4223 3908 4273
4 3543 3393 3993 4622
4 702 799 699 3883
4 43 447 3556 4256
4 1056 4247 4962 5214
4 3411 4041 3681 4469
4 2944 4125 3860 5161
4 587 675 3758 4702
4 1263 4246 3817 4403
4 2839 2837 3872 4458
4 4066 4517 4430 5116
4 1495 1261 1233 3803
4 2895 2897 4781 4793
4 2779 1909 2367 4254
4 587 3758 4423 4702
4 1379 4517 1378 4898
4 1250 4140 3688 4919
4 1227 3775 1229 4453
4 2244 2527 2502 3725
4 1227 1228 1229 3775
4 3497 3684 3734 5194
4 3614 3874 4915 5235
4 3875 4090 3816 4924
4 1615 1091 1093 3436
4 2236 4618 3527 4626
4 2491 2119 2121 4019
4 848 849 3810 4296
4 1362 4604 4416 5074
4 3723 5076 4135 5160
4 1257 1666 4348 4454
4 1704 3854 1276 4206
4 1218 1219 4108 4473
4 3744 3466 4153 4723
4 1745 1109 3867 4839
4 3010 4854 4064 5051
4 2307 3872 2707 4106
4 3465 3765 4617 5055
4 1615 3436 1093 4440
4 1410 1284 3682 5196
4 3495 4162 3450 4640
4 3501 3647 4383 4576
4 1091 3436 1615 4440
4 3870 4661 3375 5245
4 1787 4430 4596 5028
4 2873 3871 2877 4412
4 3735 4821 4310 4977
4 1040 3793 3996 4486
4 1165 1068 1627 4058
4 3391 4020 3696 4379
4 2801 1781 1026 4277
4 75 3998 3912 4178
4 3757 3498 3875 4090
4 3553 3928 4521 4807
4 3528 3401 4484 4746
4 1436 4044 3756 4763
4 1453 1360 1454 4416
4 1757 4246 1263 4403
4 2527 3725 2244 4897
4 1534 4452 4459 4779
4 1115 3895 1602 4989
4 584 706 5171 5212
4 728 599 1851 3893
4 3433 3690 4244 4592
4 31 431 4370 4883
4 3432 3822 3964 4462
4 3829 5009 3693 5125
4 3565 3748 4741 5096
4 1551 3940 1827 4100
4 1360 4416 1362 4604
4 1688 1508 1859 4231
4 3764 4124 3605 4798
4 3695 3935 2213 4431
4 3687 3456 4607 4968
4 3693 4725 3848 5009
4 2026 4118 3790 4309
4 3423 3975 3568 4025
4 2454 2184 2182 4035
4 3469 4832 3554 5136
4 1764 1472 3486 4517
4 3915 4276 2880 5173
4 2419 3450 2384 4029
4 2676 3801 2348 5075
4 667 4466 609 4557
4 3610 4849 3645 4868
4 3759 4640 4261 4714
4 3410 3901 3721 5161
4 1384 1302 1300 4036
4 1192 1194 4273 5177
4 1179 4052 4744 5130
4 613 1933 4102 4397
4 1682 1681 1380 4343
4 3393 4192 3996 4416
4 1542 3792 4284 4544
4 1262 1229 4403 4453
4 41 3760 3668 4938
4 3495 4261 3759 4640
4 2073 3847 3521 4315
4 2876 5090 2878 5095
4 1686 1547 4100 4448
4 3643 4313 4031 4658
4 1422 4012 1399 4797
4 3504 3934 4317 5048
4 1345 1382 4311 4359
4 1272 3569 4469 4963
4 588 3799 2760 5244
4 1288 3812 1525 4858
4 3490 1473 4433 4673
4 3416 3850 3833 4884
4 3963 4444 2438 4769
4 2103 3916 2555 5164
4 1942 4802 3958 5209
4 2193 2195 2310 4143
4 1288 1525 3812 5196
4 3423 3975 3923 4865
4 611 2673 625 4099
4 127 573 3544 4075
4 2124 2123 2122 4399
4 4609 5032 4057 5119
4 2879 4021 1781 4277
4 3980 4381 4036 4675
4 1525 4331 3812 5196
4 3591 4297 4099 5141
4 3401 4478 3528 4484
4 3933 4700 5156 5195
4 3728 4076 2637 4624
4 790 4084 3821 4432
4 3705 4109 3843 5079
4 3077 3814 27 3952
4 2121 2159 2491 4019
4 963 3738 3537 4598
4 4022 4597 3424 4694
4 1770 4073 3844 4507
4 3879 4351 2096 4658
4 3643 4045 3569 4948
4 2857 2859 4795 4872
4 1710 1173 3482 4632
4 908 970 3842 4254
4 4100 4448 3597 4859
4 2108 2110 2109 4398
4 1209 1210 3722 4301
4 877 812 4158 4698
4 3379 3588 4002 5068
4 1633 1560 1658 5050
4 1769 1403 1404 4154
4 1240 1217 4108 4806
4 2001 3914 3551 5102
4 2643 3717 2592 4701
4 3499 3993 3801 4682
4 3041 3593 412 4038
4 3815 4234 1079 4374
4 1234 4414 4632 4729
4 2863 2928 3921 4276
4 2934 2810 2679 3760
4 4432 4704 3821 4837
4 3594 4160 4103 4639
4 3669 3449 3931 5107
4 3378 4147 3693 4725
4 4188 4738 1363 5074
4 3380 3558 4376 4388
4 2310 2193 4143 4325
4 3401 3528 4478 4746
4 3467 3640 4032 4913
4 2877 4412 3871 4827
4 3775 3515 4074 5128
4 869 867 840 3946
4 3764 4356 2504 4383
4 634 633 632 4119
4 1293 1292 1294 4877
4 3905 4357 3629 4747
4 1670 1848 3855 4216
4 3393 4622 3543 5195
4 4229 4241 3798 4584
4 1673 4010 1866 4597
4 3754 3967 3461 4325
4 1236 3888 1693 4414
4 2616 2130 2166 3797
4 3929 4091 3585 5059
4 3523 3504 4815 5247
4 2988 3674 2976 5097
4 2509 3676 3532 4288
4 748 3997 863 4397
4 3377 3924 3747 5249
4 2712 4292 3974 4834
4 1079 3815 1077 4234
4 2487 2154 2594 4446
4 1180 3891 1179 4052
4 1631 3749 4306 4690
4 1485 3776 1486 4203
4 3584 3997 3838 4760
4 3421 3806 4386 4716
4 2456 4429 4093 5206
4 3500 3981 4240 4627
4 2469 4407 4128 4924
4 3375 4661 3828 5109
4 3394 4048 3664 4440
4 1509 1507 1419 4018
4 3855 4476 3840 4840
4 2150 2149 2286 4055
4 2268 4479 3782 4982
4 1595 4902 4242 5096
4 4134 4292 3401 4970
4 4571 5118 1185 5179
4 813 1910 3735 4977
4 2817 2939 4471 4828
4 3591 4196 4192 4816
4 3501 4093 3853 4383
4 3832 4667 3415 4968
4 1613 3724 4120 4779
4 3651 4470 781 4964
4 3528 3845 3658 4674
4 2236 3527 2138 4720
4 3384 4060 3486 4066
4 2599 2456 4093 5206
4 942 4191 3917 4709
4 2340 2771 3670 4524
4 3841 4046 2400 4930
4 3411 3681 4045 4469
4 1974 3853 1976 4268
4 1220 1221 3798 4241
4 3384 4060 4066 5116
4 3437 4859 3817 5199
4 2572 3925 5024 5151
4 3471 4476 3855 4840
4 2348 3801 4400 4802
4 1410 4331 3682 4427
4 3817 4859 4246 5199
4 802 866 2787 4382
4 1958 1960 3907 4211
4 3383 4745 3638 4888
4 2554 2602 2573 4014
4 3618 4464 4022 4694
4 3475 4283 4489 4630
4 3457 4492 3925 4838
4 3651 4216 3855 4525
4 1220 4241 3798 4473
4 3723 3823 3514 5152
4 1308 4219 1307 4378
4 576 747 864 3997
4 3432 4462 3964 4808
4 3464 4117 3707 4751
4 2462 2461 3816 4090
4 3392 4011 3510 4463
4 3651 4525 3855 5239
4 2819 4021 2997 4960
4 507 83 3737 4060
4 484 4017 68 5026
4 2744 1888 2746 3821
4 3553 4538 3928 4807
4 1871 1797 3756 5014
4 3399 3722 3964 4799
4 1146 4660 4631 5130
4 1631 3749 1123 4306
4 2151 4970 3972 5251
4 3708 5156 4700 5195
4 3872 4626 2342 4828
4 1613 1164 3724 4779
4 2622 3764 2504 4383
4 3457 4301 4040 4422
4 1534 4452 3908 4459
4 2001 3551 4170 5102
4 3788 3811 3457 4422
4 1336 1434 1435 4419
4 1524 4466 3878 5039
4 3907 4248 3610 4868
4 1226 1228 1227 3775
4 1509 1739 3627 4018
4 2552 3764 4328 4798
4 2103 2555 3916 4988
4 3456 5227 4272 5233
4 1902 2761 3799 4105
4 2938 2808 1002 3860
4 3399 3520 3662 4017
4 4613 4803 3680 5065
4 1119 1123 1631 4639
4 3904 4704 4432 4837
4 3812 4331 1525 4858
4 1978 3704 1977 5240
4 1551 3940 4126 4363
4 2614 3568 3975 5092
4 3466 4307 3881 4723
4 1590 3867 4607 4839
4 4044 4169 3783 4797
4 3418 4135 3729 4214
4 3756 3834 3422 4349
4 3486 4066 4060 5116
4 1400 4169 1401 4349
4 1079 4234 1077 4374
4 1403 4349 3834 5014
4 2042 504 80 4530
4 3603 4765 4080 5147
4 442 3098 38 4991
4 3465 4803 4613 5065
4 1372 1406 3786 4990
4 49 3597 4096 4312
4 3604 3865 3735 4089
4 3992 4386 3806 4716
4 3553 3697 3652 4807
4 4080 4659 3625 4939
4 3670 4524 2771 5184
4 1454 4416 1360 4604
4 3467 3640 4068 5095
4 3477 5118 4571 5179
4 3385 3702 3676 4375
4 3666 919 4258 4763
4 576 864 803 3997
4 2988 2888 2976 3674
4 3585 3375 3918 5109
4 3573 3819 4746 4949
4 477 59 3574 4368
4 3464 3890 3863 4142
4 2735 2821 2906 5097
4 1063 3762 1737 4762
4 2382 2383 3512 4547
4 2403 4698 3865 5098
4 3372 3889 3523 4815
4 1817 4404 3851 4545
4 3427 4233 4345 4576
4 3421 3806 4716 4896
4 1404 1401 3683 4349
4 3612 3897 4462 4641
4 2640 2246 2276 3585
4 3371 3879 3845 4674
4 459 51 4096 4265
4 3775 3415 4246 4453
4 3489 4116 3379 4300
4 3571 3872 3773 5149
4 2702 4185 2929 4904
4 3981 4201 2545 4371
4 1729 3699 4396 4612
4 4501 4848 3982 4979
4 3521 3847 3373 4315
4 3465 3680 4613 4803
4 3335 2454 118 4035
4 3518 3884 3726 4651
4 3522 3992 3796 4710
4 1410 3682 4331 5196
4 1613 1164 1060 3724
4 3408 4157 4894 5039
4 821 3997 3837 4397
4 3585 4661 4522 5245
4 3432 4462 3897 4641
4 2286 2149 2289 4336
4 2947 4379 4020 4872
4 1057 3624 4189 4962
4 2310 4143 2748 4325
4 3473 3506 4286 4635
4 1333 4157 5039 5171
4 2026 2526 4118 4309
4 1977 4268 4356 5240
4 1148 3844 1770 4073
4 3900 4114 1623 4759
4 709 1844 578 3904
4 1800 3921 4276 5018
4 1453 3494 1454 4935
4 3845 3879 3371 4351
4 1741 3923 3876 4435
4 1719 1136 1718 4483
4 4310 4460 4046 4646
4 625 1936 615 4338
4 2771 2340 3670 4290
4 81 507 3737 4060
4 1739 3627 4018 4587
4 1208 3811 1206 4422
4 4157 3878 4894 5039
4 1332 1308 4378 4593
4 4479 4737 3782 4982
4 3945 4944 4804 5014
4 100 3663 533 4969
4 1807 2920 3868 4068
4 1626 3852 1806 4299
4 3466 3881 4307 4479
4 3416 3559 3833 4512
4 3554 3930 4018 4835
4 942 983 971 4709
4 2403 3865 4698 4821
4 1068 4030 1067 4058
4 3608 3733 3558 4388
4 770 677 4102 4702
4 2315 4217 4243 4982
4 3817 4147 3807 5199
4 1841 1529 995 4023
4 822 4158 3837 4713
4 107 3298 542 4249
4 2750 2311 3826 4445
4 1237 1469 3899 4305
4 1588 1590 3867 4607
4 3613 3886 3405 4148
4 3923 3975 4671 4865
4 3584 4010 3758 4423
4 3172 471 59 3802
4 918 3666 967 4914
4 2607 3806 4386 5061
4 3487 4047 3526 4776
4 3706 3761 3579 4581
4 2848 3701 2912 4029
4 2313 4445 3883 4465
4 3558 3733 3608 4376
4 1592 3887 1271 4314
4 2073 3521 2426 4315
4 3388 4049 3920 4620
4 2085 3889 4447 5251
4 1321 1355 4683 4771
4 3610 4248 4849 4868
4 3851 4404 3880 4545
4 2251 3818 2489 4179
4 3866 4835 3627 4951
4 2107 3679 2105 4333
4 2325 2592 2643 3717
4 821 823 822 3837
4 984 922 4804 5184
4 1612 3897 1616 4390
4 3921 4838 4276 5018
4 3851 3871 3573 4827
4 1269 1605 3822 4462
4 1237 1469 1121 3899
4 4086 4231 3469 4385
4 3826 3468 4614 5035
4 1765 3970 1368 4148
4 1128 1077 3815 4233
4 68 3662 3988 4900
4 3500 3960 4582 4627
4 797 3961 637 4599
4 3631 3877 3674 5252
4 1712 1539 3487 4648
4 3930 4075 3750 4694
4 2682 4099 2676 5075
4 3550 4238 3410 4491
4 3403 3930 3750 4694
4 2230 2054 3542 4536
4 2640 3585 2276 4522
4 2751 699 1927 3883
4 2817 2677 2922 4828
4 2655 3981 2545 4371
4 774 648 4053 4466
4 3410 4491 4238 5161
4 3573 4746 4292 4949
4 2454 3526 2184 4035
4 3858 4240 3981 4627
4 3705 4441 3414 5101
4 2808 3860 2944 4125
4 127 3544 573 4678
4 1966 4082 3790 5159
4 1318 4426 3430 4683
4 2636 3853 2027 4383
4 2050 2426 2073 3521
4 1688 992 1856 3731
4 724 713 605 4042
4 1064 4228 3895 4589
4 1370 1367 3970 5027
4 2401 2607 4386 5061
4 862 3876 850 4500
4 3992 4716 3806 4896
4 3409 4643 3663 4772
4 1653 1650 1648 3440
4 3669 3931 3449 4765
4 3997 4264 3838 4760
4 3422 3783 4912 5148
4 47 453 3120 4364
4 2516 4008 3925 5151
4 2418 3450 4226 4801
4 1909 2732 901 3881
4 3851 3880 3632 4985
4 2552 3764 2622 4328
4 1485 3776 4203 4638
4 3386 4155 4818 4857
4 3401 4140 3616 4478
4 3380 4388 3963 4594
4 3613 4148 3405 4188
4 4275 4667 3515 5000
4 3602 4210 4062 4662
4 3581 3896 3720 4559
4 1200 1199 1198 4129
4 3625 4021 4659 4960
4 3589 4631 3978 5130
4 964 3667 930 4623
4 2857 2859 2946 4795
4 3500 4582 3960 5215
4 3951 4242 3397 4902
4 3943 3383 4584 5226
4 960 922 920 4804
4 3491 4238 3920 4491
4 3403 3799 4105 4789
4 3431 3702 4391 5053
4 633 4119 634 4599
4 1539 3487 4648 4732
4 2808 1002 3860 4125
4 3466 4148 3970 4153
4 1688 3731 1856 4385
4 4631 4660 3978 5130
4 1695 1745 1109 3867
4 3537 4406 4480 5122
4 3403 4105 4464 4789
4 3978 4631 3589 4660
4 3591 3793 4539 4682
4 3427 4345 3906 4576
4 1160 3482 1173 4563
4 1324 1323 4107 4819
4 1508 4231 1688 4385
4 2903 4125 2953 4657
4 4030 4058 1068 4748
4 1354 3951 1638 5022
4 3828 4460 4310 5008
4 1836 1777 1875 4071
4 1446 1809 3862 4065
4 3509 4136 3929 4766
4 1332 4378 3439 4812
4 1462 1464 1463 4188
4 2105 2107 2560 3679
4 2461 3875 2171 4924
4 49 459 4096 4265
4 1071 1732 1069 4366
4 3477 4549 4303 4571
4 3703 4302 2372 5013
4 3555 3934 4052 5158
4 742 3893 728 4149
4 3846 4675 4516 4909
4 2843 4363 4278 4592
4 3515 4275 3797 4667
4 104 541 3299 4249
4 2056 125 569 4536
4 2877 3871 2873 4827
4 1436 4349 1403 5014
4 3693 4133 4810 5246
4 847 3876 860 4435
4 1238 1733 1762 4003
4 3405 4006 3744 5006
4 4067 4507 3648 4780
4 1287 4759 4114 5196
4 1069 1067 1068 4030
4 3591 4297 4015 4800
4 2748 2549 2747 4084
4 3381 3564 4103 4664
4 3781 5070 3857 5242
4 990 1825 584 5171
4 1060 1613 3724 4605
4 3907 4857 4248 4868
4 2413 3999 3728 4322
4 2108 2110 3720 4559
4 3383 4122 3977 4888
4 1185 1183 4571 5179
4 3544 4075 3930 4694
4 1974 2027 2636 3853
4 1765 4148 1468 4153
4 4057 4884 3594 5163
4 4201 4582 3981 5102
4 3619 4438 3797 4997
4 3422 4450 3783 5148
4 1977 4268 1976 4356
4 3478 4073 3683 4792
4 3725 4680 4161 4741
4 812 4158 4698 5098
4 3709 2555 4316 4988
4 2903 4009 4125 4657
4 3418 3723 4927 5076
4 3630 3387 4652 4871
4 3127 3126 3125 4184
4 2113 4085 2114 4329
4 1113 3687 1758 4785
4 3753 3779 3475 4372
4 2938 2944 2808 3860
4 872 879 839 4136
4 3418 3729 4135 4305
4 3534 3815 3397 5200
4 1351 1570 1726 3932
4 3371 3845 3778 4674
4 2552 2503 2622 3764
4 2208 2210 3539 4328
4 2237 2641 2342 3773
4 1068 4058 1165 4748
4 1593 1576 3887 4971
4 494 3912 74 4845
4 4516 4675 3980 4909
4 1069 4030 1068 4748
4 1670 1407 1848 4216
4 3433 3690 3512 4244
4 3983 4119 3711 5183
4 1273 4273 3908 4468
4 1170 4011 4953 5241
4 3631 3830 3462 4552
4 2561 3532 2570 4910
4 4667 4880 4097 5045
4 3420 3672 4072 4594
4 3432 4739 4799 5030
4 961 3881 966 4307
4 1748 1106 3979 4934
4 2254 2348 1941 5075
4 3466 3715 3782 4811
4 1272 4469 1596 4963
4 816 2737 820 4397
4 1004 727 1779 4196
4 2149 2084 3523 4508
4 1006 1536 1839 4812
4 3457 4040 4492 4838
4 1817 1700 4404 4545
4 877 4158 4089 4698
4 1261 4198 4010 4597
4 2602 2518 2169 3763
4 2785 2969 973 3580
4 17 412 4038 5154
4 3693 3829 4725 5009
4 4185 4904 3649 5202
4 1397 3478 4620 4695
4 3196 3195 3197 4718
4 2694 813 855 4977
4 978 3842 937 5201
4 1960 1959 1958 3907
4 3619 3797 4968 4997
4 488 3201 70 4218
4 1539 4202 3487 4732
4 2540 2750 1891 4221
4 2718 3138 48 462
4 3615 4280 3752 4543
4 2876 3640 4412 5095
4 2856 3903 2855 4379
4 730 3480 2715 4510
4 1142 3486 4433 4673
4 625 752 3765 4338
4 1825 3878 584 5171
4 59 4321 3574 4368
4 3778 4468 3371 4674
4 4804 4944 3756 5014
4 618 617 4297 5141
4 3467 4032 3640 5095
4 1336 4294 1759 4419
4 1354 4117 3951 5022
4 3643 2096 4351 4658
4 1823 3940 1335 4553
4 2083 4447 3785 5158
4 3595 4932 3857 5242
4 1468 3744 4148 4961
4 3651 4525 4470 5063
4 584 5171 3878 5212
4 3610 4826 4121 4978
4 3431 4078 3702 4172
4 795 746 4464 4789
4 2085 4447 3770 5251
4 2788 1005 2920 3868
4 805 831 840 3946
4 1333 4157 4168 5039
4 3813 5208 4342 5224
4 1240 4257 1621 4806
4 1734 3808 1736 4324
4 2528 3772 4281 4887
4 3461 4840 3840 4923
4 1730 3699 1729 4612
4 781 4470 3651 5239
4 2462 4090 3816 4204
4 3594 4037 4554 4664
4 3440 3706 4222 4256
4 3409 3663 3950 4772
4 3798 3449 4108 4473
4 2244 2501 3725 4798
4 3703 4302 3856 4782
4 3471 3821 4432 4704
4 448 44 3623 4092
4 3501 4093 3647 5052
4 2623 56 468 3986
4 3642 4725 3378 4941
4 2949 4471 3872 4828
4 1288 1286 1525 5196
4 867 3946 869 4372
4 2950 3760 3696 4379
4 2671 2632 3810 4740
4 3384 3486 4060 5021
4 3691 3630 4058 4589
4 3475 4489 3735 4630
4 3933 4645 3463 5056
4 1206 1208 1207 3811
4 1148 3844 4073 4660
4 3999 4076 3728 5248
4 2829 4062 3784 4722
4 3387 4118 4633 4652
4 3634 4633 4118 4652
4 1588 3867 1590 4839
4 1245 4080 1562 5146
4 2518 4213 3763 4275
4 3517 4332 3588 4565
4 4070 4082 1964 4580
4 1377 1379 4208 4666
4 3403 3544 3930 4694
4 2236 3690 4618 4626
4 3954 4358 1541 5218
4 1372 4153 1430 4990
4 2552 2503 3764 4798
4 1087 4813 1088 4881
4 4022 4474 4464 4957
4 3379 4002 3665 5068
4 2587 4225 3709 4316
4 3958 4622 3708 4700
4 1559 3755 4040 4925
4 3726 4358 4339 4972
4 1613 4247 4120 4605
4 3836 4787 4729 5068
4 3646 3672 3420 5237
4 1121 4212 1124 4996
4 3402 3643 4526 5103
4 3583 4675 4036 4704
4 3466 3782 4479 4737
4 1894 2966 4834 5090
4 3414 3792 4267 4485
4 3627 4587 691 4951
4 3421 3745 4638 4744
4 3630 3387 4030 4652
4 3476 3695 4431 4894
4 3520 3678 3662 4017
4 3750 4597 4022 4694
4 3432 3875 3822 4641
4 1115 4589 3895 4989
4 2655 2066 3981 4371
4 2133 3511 2131 4097
4 1853 1702 4283 4562
4 3408 3635 4352 4908
4 839 4136 879 4728
4 1107 1105 3979 4358
4 3407 4504 3790 4932
4 3458 4482 3879 5111
4 3497 3563 3734 4818
4 1332 1535 4593 4812
4 2194 3967 2192 4413
4 859 814 868 4173
4 840 869 3946 4372
4 2947 4379 3696 4867
4 620 3765 752 4757
4 1263 4859 1264 5199
4 1734 1067 4030 4324
4 2135 2601 2134 3847
4 3942 4295 696 4510
4 3854 1276 4206 4585
4 2564 4179 2188 4591
4 1308 1309 1307 4219
4 1260 4198 3750 4752
4 1272 4387 3569 4475
4 2754 1892 2755 3919
4 2757 3866 581 5244
4 2192 2193 2191 3967
4 2527 4279 3725 4897
4 2479 4281 3772 4441
4 791 3883 702 4221
4 2528 2480 3772 4887
4 3769 4599 4855 4885
4 3699 1730 4345 4612
4 815 848 2778 4296
4 2311 4445 2539 4943
4 3543 4622 3958 4700
4 3475 3735 4489 4821
4 1445 3793 1040 4486
4 3372 4052 3891 4303
4 3630 4504 3790 4652
4 1490 4120 1488 4610
4 3703 3982 4848 4979
4 1250 3880 4140 4919
4 3874 4921 4087 5235
4 1272 4475 3569 4963
4 3775 4246 1229 4453
4 2518 2169 3763 4213
4 961 981 3881 5006
4 1141 4160 4103 4794
4 1192 4273 4098 5177
4 3382 3506 3700 4286
4 3598 4796 3740 5042
4 3818 3394 4413 5085
4 1299 1353 3777 4291
4 3622 4609 2377 5032
4 3874 3614 4921 5235
4 1232 1231 3795 4537
4 3513 3925 3864 4492
4 3461 3840 3909 4923
4 87 3947 4113 4361
4 3420 4072 3646 4211
4 1249 4317 4186 4685
4 3221 3222 503 3659
4 4074 4241 3496 5000
4 4054 4415 3672 4791
4 3705 3454 3873 4350
4 3402 3689 4061 5103
4 960 920 3756 4804
4 4312 4419 3940 4553
4 3517 3892 3588 4332
4 1152 1151 3488 4494
4 1612 1616 1163 4390
4 3669 4080 4765 5147
4 3371 3643 3879 5103
4 672 796 724 4177
4 2937 3851 1028 4404
4 3797 4438 3415 4997
4 2611 2179 2178 3621
4 3449 4019 3761 4399
4 1664 4172 4853 5053
4 3461 3967 3713 4943
4 3540 3938 2550 4413
4 908 970 978 3842
4 2384 2419 2418 3450
4 1536 4557 1839 4812
4 3421 4386 3645 4716
4 2814 4032 2706 4904
4 3708 4486 1042 5156
4 3862 2840 4458 4592
4 1404 1401 1531 3683
4 3770 4447 3889 5251
4 1302 1301 4291 5022
4 2709 4225 4032 4446
4 3960 4582 3687 5215
4 1593 4220 3887 4420
4 3383 4888 3977 5180
4 1087 1088 1089 4881
4 3633 4419 4312 4553
4 2652 3519 3734 5110
4 1806 3852 1677 4389
4 1625 1255 1677 3852
4 3078 431 3076 4123
4 4131 4724 3618 4956
4 3372 3483 4825 5158
4 2956 4278 4126 4714
4 3395 3982 4501 4848
4 3127 3124 3126 4092
4 569 125 2056 4209
4 1419 4018 4569 4755
4 666 667 609 4557
4 4044 4349 4169 4797
4 2978 3862 2840 4458
4 3493 4342 3375 4986
4 1828 3860 4125 4238
4 683 601 682 4086
4 3550 3920 4238 4491
4 3461 3754 4840 4923
4 3490 3376 3973 4289
4 2574 3791 2114 4697
4 3885 4829 4476 4895
4 3755 4348 3582 4719
4 3791 4799 4739 5030
4 1806 3868 4831 4928
4 1396 4012 3920 4620
4 715 4197 2729 5029
4 1979 1977 1978 3704
4 2407 4546 4050 4555
4 3416 4512 3850 5243
4 2448 3563 2541 4155
4 1092 4455 3436 4754
4 3322 3525 113 4274
4 1254 1554 1555 4164
4 1309 1307 4219 4396
4 3731 1856 4385 5198
4 468 3161 56 4232
4 3486 3384 4066 5021
4 3458 4746 4482 5111
4 2634 2616 2166 3797
4 1631 4306 1139 4690
4 3465 4617 3869 5055
4 4108 4473 3449 5107
4 2817 4471 2949 4828
4 3722 4301 3582 4601
4 3385 3887 3926 4971
4 2010 4268 3676 4736
4 3860 4238 1426 4647
4 2066 1997 2650 3981
4 1278 4202 3747 5249
4 3569 4045 3643 4526
4 3861 4102 3837 5142
4 28 3067 424 4051
4 2522 3647 2523 4749
4 3783 4349 3422 4912
4 3797 4097 2130 5197
4 2009 4037 2593 4701
4 3657 4050 3392 4692
4 3885 4476 3471 4895
4 2872 4367 4068 5095
4 3383 4014 3639 4745
4 1235 1567 4729 4787
4 3475 3779 3753 4460
4 430 2449 30 4883
4 911 2684 941 4338
4 3933 4700 4066 5156
4 3872 4626 3773 5149
4 3935 4352 3635 4908
4 1102 1103 1101 4339
4 3375 4342 3813 5208
4 1758 3687 1113 4607
4 2410 3837 2772 4546
4 2541 3563 2394 4248
4 1077 3815 4233 4234
4 3455 3895 3724 4762
4 3769 4599 3961 4855
4 2682 2676 2348 5075
4 4032 4225 2589 4904
4 3800 4171 3538 4465
4 1823 1440 1335 3940
4 2008 3833 4512 5119
4 578 1844 988 3904
4 3817 3415 4774 4997
4 3490 1471 4165 4433
4 3509 4766 3929 5245
4 3375 4342 3870 4986
4 1741 1431 3876 3923
4 3684 4155 3734 5210
4 110 4028 550 5105
4 728 3893 1027 4149
4 4022 4464 3618 4957
4 1734 1570 1736 3808
4 3694 4270 3999 4879
4 2841 4244 4106 4592
4 43 3556 447 4411
4 3564 3710 3521 4731
4 3727 4153 3786 4990
4 3421 4896 3745 5132
4 4059 4311 1705 5036
4 1288 4130 3812 4858
4 3399 3964 4739 4799
4 3801 4400 3499 4539
4 3404 4016 4414 5250
4 448 3127 44 4092
4 3755 4301 4040 4492
4 3498 3875 3816 4641
4 3424 4131 3618 4694
4 2766 613 1933 4102
4 1231 4181 1169 4569
4 1671 4172 1664 5053
4 63 4091 4809 4986
4 3948 4870 4633 4905
4 3584 4102 3861 5142
4 2607 3806 2253 4386
4 1584 4229 3638 4584
4 937 3842 978 4768
4 484 3197 3195 4718
4 2434 3972 2151 4970
4 790 4432 3821 4837
4 1395 1426 4238 4647
4 3798 4229 3400 4241
4 2008 3833 2603 4512
4 1487 1486 1485 3776
4 3398 4100 4640 4733
4 1092 1093 3436 4455
4 4105 3544 4694 5031
4 2990 4367 4032 4904
4 1114 1080 4374 4611
4 3897 4390 3601 4443
4 3592 3448 4743 4823
4 460 3512 3136 4312
4 2007 4057 5032 5119
4 2119 2118 2120 3757
4 727 714 1779 4196
4 928 961 966 4307
4 4070 4211 1962 4911
4 3665 4002 3588 5068
4 3244 508 3245 4112
4 1353 1657 1299 3777
4 2239 2438 4444 4769
4 2370 3572 2264 4893
4 1332 1535 1308 4593
4 2945 2880 4276 5173
4 1204 1205 1203 3788
4 959 3744 961 4307
4 2105 3679 2560 4988
4 1027 728 1851 3893
4 3381 4101 3488 4585
4 683 684 601 3731
4 3566 3977 4888 5180
4 3958 4802 3993 5209
4 3696 4379 4020 4867
4 1734 4030 3808 4324
4 3446 4920 3682 5196
4 1229 3775 1228 4246
4 1394 1395 1393 3920
4 1939 3958 2349 4802
4 3836 5068 4775 5149
4 1979 3617 482 4548
4 460 3136 3512 4183
4 1483 4003 4165 4962
4 1318 3430 4426 4503
4 3534 3397 4242 5200
4 618 4297 617 4816
4 2298 3462 3677 4866
4 3451 4194 3958 4700
4 1037 1445 1040 4486
4 1833 4593 3484 5039
4 3781 3857 4771 4932
4 3622 4057 3518 5032
4 3457 3740 4040 4838
4 2463 2573 2551 4014
4 2677 3784 2343 4722
4 3583 4001 4675 4704
4 1204 3788 1203 5057
4 1033 2885 4406 4598
4 1208 4301 3811 4422
4 2951 4278 2956 4714
4 3705 4761 3641 5020
4 1115 1663 1602 3895
4 3487 4114 4166 4721
4 1369 1372 3970 4153
4 2917 3010 4064 5051
4 49 4265 3597 5219
4 619 4297 617 5141
4 3376 4289 3490 5152
4 3108 446 43 4411
4 1203 3788 1205 4420
4 3691 4041 3895 4589
4 1866 1498 1500 4760
4 3705 3843 3454 4350
4 3925 3864 4492 5151
4 2836 2841 4106 4592
4 20 3523 3057 4508
4 887 3975 810 4132
4 2787 866 2961 4071
4 1075 1617 4233 4234
4 3705 3576 4109 4761
4 3648 3389 4067 4780
4 1833 3484 4593 4812
4 3954 4358 3575 4732
4 3399 3722 4799 5144
4 1729 4396 1662 4612
4 3528 3778 3845 4674
4 3675 4387 4129 4526
4 1061 4189 1059 4605
4 1130 4306 3848 4472
4 1501 4073 3478 4631
4 19 3902 4266 4691
4 2168 3874 3794 4438
4 1891 4221 2750 4873
4 970 935 3842 4254
4 847 808 860 3876
4 3459 3852 3698 4981
4 3471 4432 3904 4704
4 2401 4386 4163 5061
4 3817 4403 3415 4997
4 3821 3583 4001 4703
4 3602 3911 3810 4662
4 888 879 811 3753
4 3908 4223 3371 4273
4 1039 1042 4486 5156
4 3684 4082 4998 5217
4 81 4060 3737 4289
4 1325 3928 1326 4354
4 1318 1334 3430 4503
4 3271 521 92 4847
4 954 945 971 5086
4 742 3893 4149 4861
4 2988 3674 5097 5252
4 921 3953 4258 4524
4 3790 4070 3595 4504
4 49 459 3148 4096
4 3749 4554 4206 4639
4 1866 1500 4423 4760
4 4242 4902 3951 5096
4 3558 4187 4004 4533
4 484 3988 68 4017
4 2244 2501 2206 4903
4 4222 4256 3706 5104
4 1180 3891 4052 4303
4 1498 4010 1497 4760
4 1702 4562 1503 4931
4 3548 3657 3392 4253
4 2393 2394 3962 4849
4 2489 2250 2192 4413
4 2423 3517 4340 4565
4 1585 3638 4272 5175
4 4065 4294 3862 5149
4 3759 4373 3495 4733
4 2541 4155 3563 4248
4 3433 3940 4312 4419
4 3888 4210 1331 4496
4 1793 1857 986 3779
4 3708 4699 3958 4700
4 978 970 935 3842
4 1055 4962 4165 5165
4 3431 4078 4172 4853
4 1724 3748 1618 4570
4 3457 4796 3740 4838
4 3421 3806 4896 5132
4 1267 3437 1264 4553
4 3755 3582 4492 5145
4 3667 927 4307 4531
4 2983 2947 4020 4872
4 3487 4114 1347 4625
4 3991 4455 3413 4534
4 3622 3518 4609 5032
4 23 3049 418 4696
4 1134 4415 4189 5070
4 1456 4192 1782 4816
4 3395 3570 3982 4691
4 3826 4221 3468 5035
4 3587 4610 3976 4899
4 3817 4774 4403 4997
4 3788 4420 1203 5057
4 2857 2855 2856 3903
4 806 825 1868 3985
4 95 3736 3959 4629
4 3670 4804 922 5184
4 4736 4870 3948 4905
4 3384 3543 4194 4700
4 3708 3499 4622 4699
4 3471 3840 4476 4840
4 2574 3791 4697 5030
4 2944 2891 2892 3860
4 3589 3438 3978 4287
4 3558 4533 3608 4932
4 1211 1209 3722 4327
4 19 3036 410 4409
4 63 4809 3692 4986
4 1584 4584 3638 5175
4 3702 4392 3452 4870
4 3441 4354 1327 4898
4 2970 882 1883 4071
4 3719 3879 3458 4482
4 2648 3741 2508 4548
4 2724 5051 1931 5064
4 2978 2840 2838 4458
4 1179 4052 3891 4744
4 3414 4717 3748 5139
4 1467 4188 4148 4738
4 935 3842 4254 4768
4 940 970 908 4254
4 3718 3404 3892 4662
4 774 792 648 4466
4 2344 4106 3690 4626
4 985 4191 945 4757
4 2933 3872 2345 4828
4 3138 2380 48 4547
4 3958 4622 3499 4699
4 1317 4426 3592 4823
4 3581 3720 3896 4498
4 3564 3521 3739 4731
4 2876 2871 3640 5095
4 3919 4814 3469 5077
4 108 3320 545 4401
4 3592 4743 3808 4823
4 4644 4646 4046 5238
4 1178 1234 4632 4729
4 3445 4021 4659 4939
4 2359 2261 4298 5055
4 1763 3441 1327 4898
4 1350 4048 3909 4284
4 3756 4258 3670 4804
4 3377 4973 3800 5077
4 3451 4357 4747 4959
4 3439 4023 1537 4557
4 561 115 3334 4551
4 4342 5208 4059 5224
4 3564 3381 4101 4664
4 1317 1318 1319 4426
4 2935 2816 2842 4244
4 2196 2249 2198 4109
4 2446 3646 2398 4072
4 474 3162 61 4232
4 1318 3430 1320 4683
4 4248 4857 3386 4868
4 3479 4737 3786 4990
4 3455 4504 3762 4665
4 3873 4161 3565 4897
4 2648 3741 480 4677
4 3426 3611 3712 4346
4 3049 3570 23 4691
4 1664 4172 1671 4853
4 1456 4015 4192 4816
4 1392 1393 4238 4695
4 2888 3674 2988 5252
4 3436 4056 3492 4754
4 1211 3964 1270 4327
4 2359 2358 2261 5055
4 3388 4552 3462 4773
4 3759 4261 3495 4373
4 3463 4645 3823 5056
4 2889 3936 3674 5122
4 62 3171 2245 3918
4 3390 4339 3726 4651
4 3522 4710 3796 4927
4 1664 3431 4391 4853
4 3583 3846 4675 5170
4 1701 3809 4283 5241
4 3014 3012 399 915
4 1734 1126 1067 4324
4 980 4804 4175 5184
4 107 3590 4267 4606
4 2199 3843 2198 4350
4 715 2729 2725 5029
4 2314 4251 3800 4764
4 3462 4434 3877 4552
4 1286 4331 1525 5196
4 1792 859 1870 4146
4 3402 3643 4031 4526
4 3747 3924 4540 5077
4 3978 4287 3438 4758
4 2676 1904 2348 3801
4 3440 4369 1650 4852
4 2180 3913 4384 5136
4 1661 4216 3644 4525
4 2340 3670 4290 4524
4 1097 1098 1099 3752
4 896 3727 987 4490
4 2560 3679 2107 5024
4 3630 4030 3387 4058
4 1805 592 1021 3961
4 3554 3913 3847 5136
4 2108 3720 4398 5187
4 3581 3887 4420 4841
4 2557 4127 2559 4185
4 1534 4459 1754 4779
4 116 3342 557 4428
4 3382 3897 4443 4950
4 3581 4220 3887 5133
4 1868 806 3985 4562
4 3373 3913 3621 4315
4 3384 3560 4060 4194
4 2419 1899 3701 4029
4 1132 3933 1045 4935
4 3974 4292 3573 4834
4 3962 4248 3645 4849
4 1736 1569 1538 4823
4 513 3243 83 4113
4 3302 105 544 4595
4 3784 4062 3911 4722
4 3384 4700 4060 5116
4 43 4184 3579 4364
4 1511 4415 3781 4819
4 3383 4236 4527 5010
4 2419 3701 3450 4029
4 3408 4168 4157 5039
4 2194 4109 3754 4413
4 3726 4151 3518 4884
4 1474 4579 4337 4603
4 3389 4302 3703 4782
4 2374 3560 1947 5011
4 748 803 863 3997
4 736 4464 3894 4474
4 3465 3680 4000 4613
4 2138 3527 2236 4618
4 3552 3730 3387 5016
4 1091 1092 1093 3436
4 3536 4541 3831 4887
4 1271 4314 3887 4993
4 3553 3441 3947 4113
4 3443 4425 1491 4604
4 816 822 858 3837
4 3393 4622 3793 4682
4 3485 3512 4278 4312
4 3385 3676 3702 4556
4 2169 2551 4014 4213
4 594 717 1778 4596
4 594 1778 1000 4596
4 1435 1446 1809 3862
4 3402 3569 4475 5103
4 1339 3888 1331 4496
4 3837 3997 3838 5142
4 3838 3997 3584 5142
4 3372 4052 3934 5158
4 2844 4126 2956 4278
4 107 4606 549 5071
4 4064 4854 3660 5051
4 3679 2105 4333 4988
4 3528 3845 3778 4478
4 2810 2856 2855 4379
4 3665 3588 4565 5068
4 2572 2515 3925 5151
4 3757 4090 2120 4399
4 73 3715 492 4770
4 3990 4199 3474 4919
4 2421 4384 3866 5136
4 36 436 4526 4550
4 3855 4432 3651 5239
4 2606 3654 2280 4174
4 2245 3574 4322 5109
4 3593 3660 4860 5064
4 1218 4473 4108 5107
4 2236 2138 2137 4720
4 3676 3702 3452 4375
4 3394 3590 4284 4440
4 3441 3553 3947 4354
4 4032 4225 3467 4446
4 1011 1871 1797 3756
4 1146 4631 1157 5130
4 2611 3621 2178 4417
4 1483 4165 1055 4962
4 579 3980 1842 4502
4 923 3953 3666 4258
4 1052 1055 4165 5165
4 19 3531 3655 4266
4 1542 1352 1721 3792
4 4198 4463 3510 4752
4 2166 3797 2130 5197
4 67 3617 4110 4207
4 2366 5201 4298 5222
4 2201 5170 4001 5191
4 1878 4173 3714 4245
4 4206 4554 3749 5248
4 2574 4697 3678 5030
4 3864 4497 2514 5151
4 2045 2025 3982 5126
4 3436 3637 3492 4056
4 2491 2158 2119 4019
4 3382 4443 3944 4950
4 2750 2539 2311 4445
4 2912 2848 2845 3701
4 3422 3834 3756 4944
4 1331 4210 3888 5250
4 3387 4871 3552 5159
4 2753 2313 3883 4465
4 3576 4511 3792 5020
4 1814 3712 4343 4566
4 3414 3473 4176 4267
4 3426 3505 3654 4174
4 3471 3651 4084 4143
4 3150 52 460 3633
4 1363 4738 1364 5074
4 3421 4638 3891 4744
4 3455 3630 4504 4871
4 3488 3381 4585 4878
4 3702 3452 3968 4172
4 1287 1623 1285 4114
4 2702 2705 4185 4904
4 3589 4287 3978 4758
4 3394 3590 3664 4606
4 2145 3958 2349 4513
4 3552 3387 3730 4870
4 3471 4704 3885 4895
4 3387 4118 4871 5159
4 3726 4339 3434 4972
4 1312 1311 1310 4168
4 3759 3495 4640 4733
4 3501 4669 4093 5052
4 412 3041 3040 4515
4 44 4162 455 4182
4 2601 2324 2134 3847
4 3574 4368 4321 4879
4 3457 3925 4796 4838
4 3874 4774 3614 4915
4 3387 3552 4118 5159
4 3387 4058 3691 4871
4 1385 3779 1793 3946
4 1132 4935 4425 5056
4 3934 3438 4758 5130
4 2709 2588 4225 4446
4 67 4110 3910 4207
4 3578 4541 3536 4887
4 3497 4818 3587 5100
4 3828 4310 4046 5008
4 3464 3725 4005 4680
4 794 634 4119 4599
4 3381 3488 4101 4878
4 1191 1190 4273 4468
4 3815 4242 3397 5200
4 980 962 4804 5184
4 1976 4268 3853 4356
4 3581 3887 4841 5133
4 730 645 722 3480
4 1827 4100 1265 4448
4 2762 2693 1887 4175
4 4243 4982 4217 5143
4 1366 3443 1491 4604
4 1517 3819 1515 4545
4 3784 4062 3835 5034
4 3593 4064 3660 5064
4 3898 4866 3677 4912
4 3919 4384 3469 4814
4 3375 4059 4342 5208
4 1483 1052 1055 4165
4 3875 4799 3791 5030
4 3644 3468 4094 5035
4 3426 3654 3505 4805
4 2400 3841 2285 4310
4 3752 3927 3434 4095
4 3841 4310 3475 4821
4 3402 4061 3689 4475
4 3757 3875 3498 4711
4 2188 4591 4179 4906
4 799 791 745 3883
4 1631 1703 4206 4690
4 1770 3844 1148 4660
4 1044 3933 4066 5156
4 618 619 617 5141
4 1543 3428 1274 4452
4 2892 3860 2891 4670
4 1522 4503 4157 5171
4 3497 3734 3563 5100
4 1188 1190 4437 4484
4 4000 4015 3465 4613
4 3822 4711 3875 4799
4 887 810 884 4132
4 3741 4347 2508 4548
4 3925 4141 3457 4398
4 3854 4206 1704 5036
4 2505 2141 2110 4559
4 3992 4121 3796 4710
4 3720 4085 3399 4697
4 2652 3734 3519 4883
4 3565 4741 3951 5096
4 2201 4001 4350 5191
4 2415 2245 3574 4322
4 3588 4111 4002 4632
4 3405 4148 4006 4188
4 2467 2469 2466 4924
4 2903 4009 2936 4125
4 3468 3644 4094 4858
4 1044 4066 3933 4645
4 3691 3552 4871 5159
4 562 4417 118 4428
4 922 979 4258 4524
4 1164 1062 4762 4779
4 3246 3244 3243 4113
4 3594 4554 4103 4664
4 3474 3990 3820 4199
4 1098 3752 1097 4621
4 3571 3773 5068 5149
4 1334 1320 1318 3430
4 3439 4378 3606 4812
4 716 794 775 4119
4 3797 3415 4968 4997
4 463 3146 3145 4034
4 2251 2489 2190 4179
4 516 3253 89 4439
4 3979 4160 3594 4934
4 3632 3401 4134 4985
4 1107 3979 1106 4934
4 4378 4593 3606 4812
4 1091 4326 3436 4440
4 3772 4441 3873 4897
4 4066 4430 1042 5156
4 1028 2937 1815 3851
4 2491 2159 2492 4019
4 1912 3825 4102 5230
4 3557 3973 3376 4289
4 3644 4614 3468 5035
4 3398 4640 3742 4801
4 792 4053 648 4466
4 579 1842 649 4502
4 3390 4651 4609 5235
4 2955 4471 2831 4523
4 3777 4511 3454 5020
4 3414 4267 4176 4485
4 1949 3560 4530 4574
4 19 4287 3902 4691
4 3407 3630 4324 4652
4 3565 4291 3707 4751
4 2599 4093 3948 5206
4 2107 3679 4333 5187
4 3940 3433 4278 4363
4 1365 3774 1359 4192
4 3613 4416 3494 4604
4 2192 2190 2489 3967
4 4229 4241 4074 5000
4 1629 4103 1632 4206
4 1950 4574 1949 4783
4 1130 3848 1504 4472
4 11 923 3666 4335
4 642 4167 3476 5029
4 2199 2197 2198 3843
4 859 836 854 4146
4 3644 4470 4525 5063
4 4133 4147 3378 4753
4 850 862 808 3876
4 4633 4870 3882 4905
4 1366 1491 4425 4604
4 3693 4180 3749 4306
4 1593 3887 1592 4420
4 3604 4489 4283 4630
4 1721 1542 3792 4284
4 2307 3872 4106 4626
4 871 3997 864 4264
4 1851 1526 3893 4094
4 4518 4774 3874 4915
4 2555 3709 2587 4844
4 1953 1954 1952 4121
4 3911 4062 3404 4662
4 3621 4315 2178 4417
4 3590 4284 3792 4761
4 3448 3932 3808 4823
4 2668 4330 4217 4946
4 3528 4478 4437 4484
4 2386 3690 1901 4244
4 2440 4402 2441 4769
4 921 3953 923 4258
4 981 4254 3881 5006
4 438 2174 3090 4550
4 2567 2715 2720 3959
4 3801 4099 710 5141
4 1588 1590 1745 4839
4 779 4702 3825 4957
4 2903 4009 4657 4854
4 3562 4431 3408 4629
4 1543 3428 4452 4509
4 2446 2140 2398 3646
4 2835 4106 2841 4244
4 1738 1739 4018 4587
4 3946 4283 1385 4359
4 3565 3748 4570 4717
4 3566 3977 4122 4888
4 3479 4944 3945 5014
4 2127 3995 3579 4275
4 1724 1618 1725 4570
4 4019 4224 3757 5147
4 4380 4403 1481 4753
4 1511 4054 4415 4819
4 3636 4220 3385 4875
4 3683 1401 4169 4349
4 3467 4446 4225 4844
4 1365 3774 4192 4613
4 4168 4352 3484 4894
4 2303 2444 3898 4330
4 2314 2183 4251 4764
4 871 823 3997 4264
4 2855 2857 2923 3903
4 1299 3777 1657 4511
4 2825 2834 2964 4071
4 3394 3818 4937 5085
4 3602 3810 4159 5033
4 1037 1004 1445 3984
4 3377 3924 4973 5077
4 2401 2607 2253 4386
4 3588 3379 4111 5068
4 3456 3566 3981 4627
4 1495 3803 4152 4931
4 1778 4596 717 4742
4 2903 2936 2953 4125
4 3615 3374 4280 4543
4 3897 4128 3382 4900
4 3658 3845 3528 4478
4 2512 4528 3949 4560
4 2597 4325 3826 4943
4 3806 3661 4710 4896
4 771 4596 3653 4742
4 2020 2593 2009 4037
4 1737 3762 1061 4762
4 1336 4419 1759 5204
4 3497 4120 3587 4818
4 3473 3414 4176 4365
4 2096 2097 3879 4658
4 3567 4357 3673 4959
4 1856 3731 992 5198
4 1311 4219 3635 4612
4 1113 1758 1527 4785
4 68 3988 3662 4017
4 2213 2211 2212 3695
4 2717 4341 1928 4784
4 1701 4283 1506 5241
4 921 969 3953 4524
4 3429 4013 3636 4980
4 3701 3450 4029 4261
4 2625 2626 2721 3972
4 3822 3964 1605 4686
4 1942 3993 4802 5209
4 1141 1120 4103 4160
4 447 3126 3124 4092
4 698 3758 675 4474
4 2185 3805 2313 4465
4 3566 3456 3981 4371
4 1630 1629 1632 4206
4 3524 3969 3807 4734
4 2917 4064 1931 5051
4 1400 1401 1402 4349
4 1337 4300 1760 4603
4 921 969 923 3953
4 3408 4431 3695 4894
4 2823 2893 2885 4598
4 2819 1852 996 4960
4 3583 4675 4001 5170
4 2555 4313 2101 5164
4 1390 4199 1820 4919
4 1685 3908 1534 4452
4 2994 4784 4341 5129
4 3807 3817 3437 3969
4 2231 2164 2312 4131
4 27 3814 4115 4899
4 3411 3681 4041 4558
4 3878 4053 3484 4466
4 3518 4609 4057 5119
4 2297 3677 2299 5148
4 1293 4544 3909 4877
4 4120 4452 3587 4610
4 2588 4225 4446 4844
4 3455 4070 4504 4665
4 3835 4062 3404 5034
4 923 965 11 3953
4 63 4368 4091 4986
4 767 611 625 4099
4 3384 4194 4060 4700
4 2426 3559 2427 4315
4 1562 4080 3931 5107
4 4373 4733 3759 5174
4 3446 3812 4920 5196
4 3473 4267 3414 4365
4 1495 3803 1233 4463
4 2344 3690 2236 4626
4 3826 4445 3713 4614
4 1205 1241 4420 4778
4 4057 4609 3518 5032
4 3576 3754 4109 4923
4 4244 4269 3512 4278
4 3400 3496 4241 5000
4 127 575 3789 4253
4 2350 4302 2270 5015
4 3426 3712 3611 4343
4 3500 3927 5003 5215
4 3911 4572 3784 4722
4 3420 4072 3963 4594
4 2728 2778 3810 4296
4 3463 4425 4935 5056
4 3554 4832 3913 5136
4 3588 4002 3665 4565
4 3887 4220 3581 4420
4 3291 3290 3292 4250
4 3940 4278 4126 4363
4 3385 3926 3887 4841
4 2492 4019 3556 4461
4 1345 4059 1341 4790
4 2048 3655 2667 3982
4 3421 4716 3745 4896
4 1619 3755 1620 4348
4 3552 3730 4392 4870
4 1838 1860 1799 4598
4 3387 3730 4870 5016
4 3627 4231 4018 4835
4 1593 3887 4220 4971
4 1263 3817 4246 5199
4 1743 3891 1180 4303
4 3620 4646 4644 5238
4 1333 1522 4157 5171
4 2597 3826 4325 4964
4 1795 1793 831 3946
4 3601 3382 3897 4443
4 3786 4737 3782 4811
4 1075 3906 1076 4234
4 3376 3646 3557 4705
4 2642 3818 2251 4323
4 3446 3682 4114 5196
4 3754 4109 2194 5079
4 1712 3487 4625 4648
4 3493 3870 4342 4986
4 581 3866 773 5244
4 3666 4763 4044 4914
4 3145 458 50 4734
4 1284 4114 1285 4506
4 3729 4214 4135 5140
4 2306 2632 3911 4575
4 3448 3994 3932 4823
4 1189 1274 4437 4468
4 3557 3646 3376 3973
4 579 995 1842 3980
4 51 3511 3794 3969
4 3592 3448 3994 4735
4 2374 1947 1945 5011
4 3797 3415 4667 4968
4 3948 4118 3634 4633
4 3387 4118 3948 4633
4 3479 4804 3945 4944
4 1901 3690 2344 4106
4 3397 3725 4124 4279
4 3625 4659 4021 4939
4 3598 4995 3787 5042
4 1334 1320 3430 5127
4 1219 1220 1221 3798
4 1588 1745 3867 4839
4 3500 4240 3914 4543
4 471 59 4002 4616
4 3386 4849 4248 4868
4 3408 4352 3935 4908
4 637 638 759 3769
4 3563 4155 3734 4818
4 3807 4725 3642 5138
4 3317 3315 3316 5071
4 3407 3790 4402 4932
4 3864 4492 3582 5145
4 1833 1636 4593 5039
4 425 28 3080 4304
4 3202 4529 68 4676
4 1076 1075 1074 3906
4 971 983 954 4709
4 3494 3613 3998 4416
4 3954 4181 1672 4537
4 1592 3887 4314 4420
4 1334 3430 4566 5127
4 3563 3587 3386 4818
4 953 911 941 4338
4 3391 4080 4020 5025
4 3547 4302 2270 4377
4 3965 4688 3445 5223
4 3412 3693 5009 5125
4 4140 4437 1186 4571
4 2640 2246 3585 4091
4 3381 4554 4206 5248
4 1834 4647 3631 4830
4 1788 4763 918 4914
4 2210 2212 3539 4328
4 656 4432 790 4837
4 3120 3579 3121 4493
4 3476 4197 642 5029
4 3582 4348 3722 4719
4 3707 3454 4675 4751
4 3920 4049 3478 4620
4 3564 3739 3521 4449
4 4165 4433 1471 5160
4 848 861 818 4740
4 1216 3669 4308 5146
4 442 39 3099 4495
4 3569 4387 1272 4469
4 3552 3577 3387 4392
4 3930 3795 4569 4600
4 3875 4711 3460 4799
4 3783 4044 3422 4349
4 2809 3851 2952 4827
4 2503 2504 2622 3764
4 2835 2836 2841 4106
4 3608 4004 3558 4376
4 1766 1765 1468 4153
4 3717 4076 3999 5248
4 3720 3399 4085 4601
4 4176 4267 3473 4485
4 3602 4382 3810 5033
4 3568 4025 3975 4259
4 2343 3784 4572 4722
4 3878 4157 3516 5171
4 3396 3606 4668 5038
4 3531 4866 3898 4912
4 1952 1953 4121 4783
4 1609 1746 4236 4257
4 2479 3772 2480 4441
4 8 303 397 3013
4 3430 4426 4004 4683
4 742 728 687 4149
4 4014 4204 2463 5180
4 1298 4291 1299 4511
4 1997 1996 4240 4401
4 92 520 4004 4533
4 3434 3927 3752 4817
4 2753 3883 1927 4171
4 3387 3630 4058 4871
4 3377 3800 4540 5077
4 3894 4464 4022 4474
4 2842 4278 4244 4592
4 1464 4613 1458 4940
4 3765 4099 3591 4297
4 2575 2443 2442 3608
4 2933 1906 2817 4828
4 3427 4124 3764 4356
4 4406 4830 3631 5252
4 3552 4392 3387 4870
4 3509 3870 4193 4992
4 2095 2097 2154 3879
4 3468 4614 3644 4858
4 3573 3871 3819 4949
4 2902 2904 4793 4854
4 3653 4596 4430 5028
4 2372 4217 3703 4946
4 1798 3838 4264 4760
4 3418 4214 3729 4782
4 2558 4185 2705 4316
4 2792 1894 2966 4834
4 3604 3735 3865 4489
4 2863 4276 3921 4706
4 1978 1977 4356 5240
4 81 504 3229 4684
4 4045 4195 3643 4526
4 59 3694 3574 4321
4 3772 3565 3873 4717
4 3757 4019 3449 4399
4 3798 4108 3449 4689
4 2231 4131 2312 5031
4 3793 4192 3591 4196
4 3371 4273 4223 4963
4 3472 4626 3872 5149
4 1285 1287 4114 5196
4 1284 4114 4506 5196
4 1369 3970 1765 4153
4 3408 4352 4168 4894
4 3475 4489 3841 4821
4 2906 3674 2889 3936
4 1714 1418 1637 3444
4 3848 4725 4393 5009
4 3719 4446 3467 4844
4 2393 3824 3645 3962
4 3452 4870 4736 4905
4 1121 3899 4212 4996
4 1164 4762 3724 4779
4 1190 1189 4437 4468
4 3643 4195 4045 4948
4 2383 3512 4183 4244
4 3713 3967 3461 4892
4 1385 3946 1853 4283
4 4065 4523 1568 4787
4 3468 3812 4614 4858
4 3925 4008 2699 5062
4 3416 3726 4358 4884
4 1735 1737 1063 5106
4 4470 4525 3651 5239
4 3596 4048 3909 4619
4 2895 2896 3990 4781
4 1194 1193 4273 4963
4 866 4071 2787 4382
4 3810 4382 4159 5033
4 661 4470 781 5239
4 1345 4193 1381 4359
4 3408 3695 3935 4352
4 1072 3882 4748 4976
4 3835 4016 3404 4210
4 2477 5087 3751 5101
4 3979 4358 3726 4884
4 3057 3523 20 4588
4 3594 4057 3850 4884
4 1355 4187 1319 4683
4 3592 3780 4457 4533
4 3562 4629 3408 4908
4 729 736 3894 4474
4 2478 4109 3641 5101
4 2434 4134 3972 4970
4 742 4149 687 4861
4 3500 3752 4543 5003
4 708 3855 1847 4525
4 3592 4457 4004 4533
4 1419 3795 1231 4569
4 3790 4504 4402 4932
4 3421 4825 3976 4899
4 4181 4537 3795 4569
4 1734 1732 1570 4366
4 3384 4066 4700 5116
4 3756 3422 4044 4349
4 4131 4694 3544 5031
4 1300 1298 4036 4291
4 1551 1440 3940 4363
4 4118 4652 3387 4871
4 1792 3714 4146 4992
4 3837 4102 2774 4397
4 3377 4540 3924 5077
4 1114 3429 1645 4611
4 2802 999 2869 4126
4 3450 4640 3398 4801
4 127 574 3367 4209
4 3806 4293 3661 4896
4 3409 4516 3846 4675
4 3837 4102 3861 5230
4 2351 2372 4302 5013
4 832 840 831 3779
4 3472 3773 4626 5149
4 3464 4142 3863 5038
4 3705 4717 3777 5020
4 4416 4604 3613 5074
4 2878 5090 4032 5095
4 429 3952 27 5100
4 3628 4818 4155 4857
4 3615 4543 3752 5003
4 3465 3917 4191 4709
4 3603 4224 4019 5147
4 4080 4939 3625 5025
4 2308 2590 2591 4001
4 4161 4741 3565 4897
4 715 2725 639 5029
4 1003 4065 2806 4523
4 1257 1667 1666 4454
4 2561 3896 2106 4333
4 2096 2532 3643 4351
4 966 4307 3881 4623
4 3895 3684 4983 5194
4 1079 3815 4374 5200
4 3404 3718 4572 4662
4 3409 3980 4516 4675
4 1516 1515 1517 3819
4 1371 1369 3970 4230
4 3468 4331 3812 4858
4 1215 4308 1216 4806
4 4095 5003 3927 5215
4 3968 4172 3452 4976
4 20 3593 3041 4038
4 2114 3791 2574 5030
4 963 4598 3537 5189
4 3587 4818 3563 5100
4 1628 4648 4625 4817
4 2298 3677 3462 4138
4 1169 1672 4181 4537
4 1491 1366 1367 3443
4 3634 4118 3948 5206
4 1628 1712 4625 4648
4 113 3525 3322 4822
4 3590 3394 4284 4761
4 3394 4284 4048 4440
4 1843 4036 1640 4836
4 3469 3913 4832 5136
4 824 822 823 4713
4 3377 3621 4035 4047
4 2774 2697 3837 4397
4 2314 4251 2583 4465
4 3136 49 4312 4547
4 3388 3478 4049 4620
4 3592 4426 4004 4457
4 1759 3489 4294 4300
4 2951 4269 4278 4714
4 49 4312 4547 5219
4 620 624 4297 4757
4 2614 3975 2613 5092
4 2707 2307 2345 3872
4 748 576 803 3997
4 1204 1206 1205 4422
4 9 915 399 4335
4 2367 3842 908 5201
4 3591 4192 3793 4682
4 1972 2599 2027 3948
4 2614 2690 2613 3975
4 44 4092 3127 5080
4 3376 4165 4962 5165
4 123 3347 566 4215
4 3448 3562 3935 4908
4 1250 3880 1518 4140
4 3600 3703 4782 4979
4 2613 3975 2773 5092
4 3492 4754 1753 4881
4 1075 1077 1617 4234
4 3460 3757 4711 4947
4 2145 2354 3673 4513
4 799 702 791 3883
4 1325 1323 1324 4819
4 2145 1943 2349 3958
4 1473 4673 3490 4791
4 1768 1403 3834 5014
4 115 4551 4166 4975
4 3486 4517 4066 5116
4 3371 4468 4273 4674
4 4140 4437 3616 4484
4 2095 4351 3879 5111
4 2490 2489 2642 3818
4 3566 3456 4371 5227
4 2727 3593 2335 4064
4 1173 4563 3482 4632
4 4298 5201 4803 5222
4 2277 3828 5109 5120
4 3406 3567 3983 4747
4 2343 3784 4340 4572
4 1511 4054 1356 4415
4 441 4078 35 5089
4 2185 4251 3805 4465
4 3775 4074 3966 5128
4 1618 1135 1725 4176
4 1405 4476 3885 4829
4 1997 4240 3858 4401
4 758 4539 3984 4650
4 2850 3759 4261 4714
4 2652 3519 2600 4883
4 1399 1396 1398 4169
4 1484 4203 1486 5214
4 3834 4349 3756 5014
4 2232 2304 3718 4575
4 658 3644 4470 4525
4 560 3344 118 4428
4 4341 4784 3632 5129
4 67 3617 3704 5240
4 2393 2395 3824 3962
4 1505 1705 4311 5036
4 3419 4073 3683 4154
4 3486 4645 4433 5021
4 779 676 4702 4957
4 1647 4241 1222 4636
4 1661 1660 4130 4216
4 3173 3802 63 4200
4 1952 3796 1954 4710
4 1200 4033 1202 5057
4 3426 3942 4295 4885
4 2908 2975 2791 5051
4 3421 4203 3745 4716
4 1458 1464 1462 4613
4 3716 4226 3450 4801
4 3647 4328 3764 5108
4 1974 1976 1975 4268
4 4450 4912 3783 5148
4 1642 4426 4157 4503
4 3775 4074 3515 4667
4 1284 4427 3682 4506
4 3814 3587 4509 4899
4 2843 4278 2842 4592
4 1063 1737 1061 4762
4 1274 3428 1187 4437
4 727 622 4196 4539
4 3408 4255 3695 4352
4 2908 3957 2975 5051
4 4016 4505 3588 5068
4 2095 2094 4351 5111
4 1268 1336 1759 5204
4 3509 4193 3870 4661
4 3822 4641 3875 4711
4 3616 4478 424 4681
4 543 3314 105 5071
4 2634 3797 2166 5131
4 3866 3469 4384 4814
4 1141 4103 4494 4794
4 1221 1219 3798 4584
4 3870 4992 3509 5245
4 2552 4328 4005 4798
4 3733 4388 3963 4444
4 1875 808 1018 3876
4 3376 3490 3973 4003
4 3749 4206 1631 4639
4 2394 2016 4248 4849
4 963 3537 3738 5189
4 1505 4311 3854 5036
4 1099 1097 3752 4817
4 867 3946 4372 4630
4 3482 4111 1710 4632
4 2202 4161 3873 4897
4 3724 4762 3895 4779
4 816 2697 2737 4397
4 3921 4706 4276 4838
4 3459 4033 3740 4299
4 1238 1057 4003 4962
4 1181 4052 1510 4317
4 4609 4651 3622 5235
4 2313 3805 4445 4465
4 988 1846 1670 4476
4 3464 4005 3725 4903
4 3571 4505 4340 5034
4 3782 4217 4982 5143
4 3656 4323 4179 4586
4 2025 4293 3982 5126
4 1113 3687 4785 5190
4 3407 3608 4533 4932
4 1456 1365 4192 4613
4 3403 4464 4105 4694
4 3875 4711 3757 4947
4 107 3751 3641 4267
4 3476 4255 3695 4894
4 3470 3810 4575 4662
4 2403 3865 2404 5098
4 2753 3883 4171 4465
4 107 3641 3751 5087
4 1544 3966 1226 4074
4 795 746 798 4464
4 594 1000 716 4596
4 4177 4514 3736 4634
4 1277 3954 1672 4537
4 3523 4815 3889 5247
4 1940 1939 2349 4802
4 658 4470 3644 5035
4 3490 4003 3376 4165
4 3825 4568 779 4957
4 3769 4521 3426 4807
4 1549 1551 1827 4100
4 1169 1277 1672 4537
4 3595 3762 3857 4504
4 45 3115 449 4715
4 2083 2644 2086 3483
4 1467 1879 1468 4148
4 2197 2199 2308 3843
4 3380 4054 3928 4819
4 3151 3148 3149 4395
4 3511 3969 51 4265
4 36 3089 436 4550
4 3448 3592 3994 4823
4 2098 2096 2532 3643
4 2253 3806 3992 4386
4 1077 4233 1617 4234
4 900 2781 1915 3917
4 2410 4102 3837 5230
4 3699 4612 3932 5182
4 3584 3861 4102 5230
4 980 4531 4175 4804
4 1586 1591 1589 4607
4 2239 4444 3733 4769
4 3625 4020 4080 5025
4 3518 4151 3833 4884
4 2426 3559 4315 4512
4 3959 4514 3480 4820
4 1396 1398 4169 4620
4 3477 3976 3891 4825
4 1162 3748 1618 5096
4 4402 4504 3595 4932
4 2151 3541 4970 5251
4 4803 5201 3842 5222
4 2320 3874 2168 4438
4 1285 4114 1283 4506
4 638 592 1805 3961
4 3382 3944 4443 4813
4 3625 4659 1566 4960
4 2096 3643 2098 4658
4 3407 3592 4187 4533
4 4106 4244 3690 4592
4 1456 4192 4015 4613
4 599 4094 3893 4966
4 2085 2586 3889 5251
4 1940 2349 3958 4802
4 3545 4393 3848 4725
4 1124 4996 4212 5221
4 1685 1273 3908 4468
4 1070 1072 3882 4748
4 1284 1285 4114 5196
4 4135 4305 3729 5140
4 3814 4509 4115 4899
4 3393 3793 4192 4682
4 1405 1296 4476 4829
4 800 759 712 4885
4 3689 4475 1194 4963
4 3819 4098 3458 4164
4 1000 1789 716 4596
4 3705 3576 4761 5020
4 1162 4242 3748 5096
4 3528 4468 3778 4674
4 3773 4340 3517 4565
4 3752 4095 3434 5003
4 3647 4328 5108 5182
4 1667 3804 1666 4454
4 4276 4706 3513 4838
4 1588 4272 3867 5175
4 57 4332 472 4727
4 1555 3859 4164 5181
4 1942 1940 3958 4802
4 2370 4479 3881 4893
4 3588 4111 4729 5068
4 1236 1339 1693 3888
4 2045 3982 5013 5126
4 3380 4376 3733 4388
4 3591 4682 4539 5141
4 1307 3863 1305 4378
4 1240 1217 1219 4108
4 1691 3745 1338 5221
4 2114 2574 2517 5030
4 3932 4345 3501 4366
4 112 4274 552 5023
4 1898 595 696 3942
4 679 4464 736 4474
4 1325 1324 1326 3928
4 1256 4040 4301 4422
4 2753 3883 2313 4445
4 2536 3533 2538 4998
4 3639 4014 3383 4204
4 1209 1210 1211 3722
4 3598 3740 4838 4995
4 4135 4319 3823 5056
4 3940 4100 3485 5219
4 1693 1176 1177 3442
4 3439 4557 1537 4812
4 1072 4748 4172 4976
4 1099 3752 1098 5190
4 115 3338 555 4205
4 2613 2690 2773 3975
4 3581 4559 3720 4889
4 482 3182 66 4548
4 1033 2885 1835 4406
4 3550 4238 3920 4695
4 4144 4236 3492 4754
4 3412 4270 3999 5134
4 100 3950 3663 4142
4 2242 2216 2455 4429
4 1425 3537 1033 4406
4 3650 3418 4320 5015
4 1699 1820 3880 4919
4 2675 1937 723 3989
4 3729 3941 3389 4782
4 3604 4089 3735 4630
4 1693 3442 1177 4414
4 3657 3392 4253 4692
4 1976 3853 2636 4356
4 45 3130 452 4182
4 2643 2593 4037 4701
4 4311 4359 3809 4646
4 4567 4927 3723 5076
4 3925 4398 3457 4796
4 3777 4291 1353 4570
4 2108 4559 3720 5187
4 998 707 1849 4094
4 3975 4025 3470 4259
4 1175 4198 1260 4752
4 3693 4306 3749 5125
4 4066 4700 3708 5156
4 3844 4073 3419 4507
4 2318 3794 3524 4734
4 738 766 4079 5002
4 3779 3946 3475 4372
4 3911 4062 3602 5033
4 1545 1652 3495 4846
4 3837 3502 4158 4546
4 1898 696 2710 3942
4 3708 4430 4066 5156
4 1438 3835 4210 5250
4 2154 2097 2594 4658
4 2629 4026 3642 4590
4 3515 3797 4275 5197
4 3731 3469 4814 5077
4 2100 4313 2099 4658
4 2370 2369 2264 3572
4 4098 4273 3689 5177
4 3806 4710 3992 4896
4 2969 2960 973 3580
4 3561 3842 4803 5065
4 4124 4798 2028 4994
4 867 4372 869 4630
4 2193 2194 2195 3754
4 2836 4458 2840 4592
4 608 2675 723 3989
4 4091 4132 3568 5059
4 3468 3713 4445 4614
4 1701 1683 1382 4311
4 2590 2591 4001 5170
4 3931 4080 1562 4974
4 3410 4038 3550 4491
4 2863 2928 2789 3921
4 1903 3901 2727 4064
4 2940 2788 2920 3868
4 790 744 4084 4432
4 3591 4192 4015 4816
4 1708 3870 1342 4342
4 3781 4771 4388 4932
4 2831 2829 2830 4062
4 1210 1211 3722 4686
4 2399 4211 3963 4911
4 4154 4767 3419 5115
4 1284 1285 1283 4506
4 1918 730 2715 4510
4 1250 1699 3880 4919
4 1442 1443 1383 4496
4 682 992 1858 4086
4 1186 4571 4437 5118
4 19 3902 4049 4266
4 3245 507 3243 3737
4 2996 4008 2812 4497
4 1669 3840 1407 4476
4 3840 4216 3855 4840
4 2392 2390 1955 5213
4 3777 4570 1657 4578
4 3748 3414 4176 4578
4 2277 5109 4322 5120
4 3479 4175 3670 4243
4 3725 4161 2244 4897
4 3424 4010 3803 4198
4 2179 3621 2611 4764
4 1070 4172 1072 4748
4 930 3667 927 4623
4 3784 3404 4062 5034
4 2319 2168 2320 3874
4 857 3838 1798 5073
4 1705 1341 1345 4059
4 934 952 4709 4940
4 2113 2112 2114 4085
4 857 1798 3838 4264
4 3579 4275 3995 5000
4 2416 4532 2400 4930
4 3456 3626 4272 4968
4 3589 3438 4631 5130
4 1652 3495 4846 4852
4 3396 4668 3539 5038
4 3832 4272 3626 4968
4 2856 2857 3903 4872
4 3376 4962 3922 5165
4 1638 5022 3951 5096
4 3445 3949 3864 4528
4 2248 2479 2480 4441
4 897 1797 924 3945
4 3660 4860 5064 5247
4 3459 3709 4316 4988
4 3787 4299 4831 4928
4 3911 3602 4159 5033
4 48 2380 2327 3742
4 2133 2131 2132 4097
4 3727 3479 4531 4990
4 2562 3761 446 4411
4 3377 4035 3526 4047
4 3911 4572 3718 4662
4 3560 4574 1949 5011
4 1214 4308 1212 5146
4 3855 4216 3651 4840
4 1418 3444 1714 4755
4 3768 4675 3454 4751
4 3466 3744 4307 4723
4 3779 3946 1385 4359
4 1160 3482 4563 5117
4 3455 3724 3895 4983
4 3601 3849 3382 4443
4 2865 4824 4706 4864
4 3925 4398 4796 5024
4 1425 1860 1033 3537
4 1143 4472 3813 4690
4 1634 3787 4299 4831
4 3837 3502 4546 5142
4 3762 1134 4189 5070
4 3666 4615 967 4914
4 3768 4001 3454 4675
4 1438 4210 3835 4344
4 2438 3530 2240 4444
4 3388 3677 3462 4866
4 3412 3813 4690 5134
4 3500 4543 3914 5003
4 1244 4241 4473 4636
4 2908 1893 3957 5051
4 1221 1639 1219 4584
4 1160 4472 3482 5117
4 3426 4538 3928 5083
4 3779 4146 3509 4193
4 1664 3431 1577 4391
4 2832 2974 4062 4344
4 3863 4142 3890 4378
4 3984 4196 3793 4539
4 2202 2571 4161 4897
4 1064 3895 1663 4589
4 3471 3843 4704 4895
4 1124 1338 3745 5221
4 3908 3497 4370 5194
4 2853 2854 2950 3696
4 3855 4216 3840 4476
4 3524 3794 3874 4774
4 3409 4023 3980 5082
4 3972 4970 3541 5251
4 1192 1190 4098 4273
4 3464 4680 4005 5038
4 4012 4169 1399 4797
4 1736 3808 1570 4823
4 3362 124 568 5123
4 3393 3494 3996 5195
4 3722 3399 3964 4327
4 3681 3411 4045 4558
4 4505 4565 3588 5068
4 1177 3442 1176 4563
4 3945 4531 3479 4990
4 771 3653 4596 4891
4 2772 3837 4158 4546
4 3567 4959 3673 5078
4 3403 3894 4022 4487
4 1591 3832 1761 4380
4 1405 3885 1296 4829
4 951 11 398 3012
4 1649 1650 4369 4852
4 1534 3908 1752 4459
4 2836 4106 4458 4592
4 3528 4273 4098 4468
4 1114 3429 4374 4481
4 2103 3916 2104 4333
4 1510 1181 1158 4052
4 3462 4434 2638 5097
4 2158 2491 2520 4019
4 3521 3847 2073 4215
4 2230 2610 2052 4145
4 3422 3508 3783 4450
4 3479 3667 4175 4982
4 2456 2526 2525 4309
4 3566 3867 3743 4627
4 2184 4251 3526 4591
4 677 4102 4702 5137
4 1943 1944 1942 5209
4 3535 4526 3675 4708
4 3611 4346 4104 4566
4 4060 4194 3673 4700
4 1632 4206 4103 4639
4 3749 4180 3693 5125
4 1130 1129 1144 4579
4 3479 3670 4804 4944
4 1957 3907 4248 5213
4 2011 4057 2019 5032
4 3906 4233 3427 4234
4 3776 1486 4203 5214
4 2546 4224 3949 4329
4 1607 4257 1609 4950
4 3125 455 3127 3732
4 3713 4445 3826 4943
4 4002 4111 3482 4632
4 1939 3989 2687 4513
4 1700 3880 1820 3990
4 1706 1510 1157 3438
4 3891 3976 3477 5179
4 3680 3465 4000 4709
4 1469 5069 4305 5205
4 3447 4046 4644 4646
4 756 4295 3712 5019
4 3466 3782 4737 4811
4 3393 4260 3494 5195
4 3978 4758 3438 5130
4 852 3975 876 4296
4 3501 4383 3853 4576
4 1030 1821 1824 4009
4 3571 3773 4505 5068
4 3866 4384 3469 5136
4 3911 4575 3810 4662
4 3450 3495 4261 5080
4 2817 1906 2677 4828
4 2683 4338 3765 4617
4 1689 1282 3924 4506
4 2852 4369 3623 4958
4 484 68 3183 5026
4 2590 2308 2199 4001
4 1689 3924 4427 4506
4 4363 4592 2843 4954
4 1350 4284 3909 4544
4 1171 4463 4011 5241
4 3967 4892 3596 5085
4 3412 3813 4306 4690
4 3521 3710 3564 4449
4 711 712 759 4042
4 1171 4011 1530 5241
4 2415 2245 4322 5109
4 1510 3438 1706 4984
4 3406 4361 4208 4855
4 3648 4362 3834 5143
4 3479 3834 4362 5143
4 1338 3745 1691 4744
4 606 725 2689 3983
4 3865 4546 2404 5098
4 2951 2844 2956 4278
4 1430 4153 3727 4990
4 949 960 920 3756
4 1741 3876 1018 4435
4 1634 4299 1806 4831
4 3708 1042 4430 5156
4 1153 3488 4585 4953
4 860 4435 3876 4671
4 3398 3966 3775 4448
4 3891 4303 1743 5179
4 2333 5176 3877 5192
4 3517 4505 3773 4565
4 2461 2467 3816 4924
4 3712 4177 3736 4566
4 3859 4389 4061 4786
4 1273 1191 4273 4468
4 2400 4532 3841 4930
4 1428 4186 4009 4685
4 3798 4241 3400 4581
4 2856 3903 4379 4872
4 738 4079 766 4557
4 3547 3389 3941 4782
4 1367 3443 1366 4738
4 2103 2105 3916 4333
4 3399 4799 4739 5144
4 1700 3880 3990 4404
4 3630 4228 3455 4504
4 3707 4291 3454 4751
4 1425 1860 3537 4480
4 2421 3866 2758 5136
4 4010 4423 3584 4760
4 3773 3517 4340 4505
4 1264 4553 3437 4859
4 52 3139 460 4183
4 1188 1186 4140 4437
4 3465 3774 5043 5065
4 3740 3457 4422 5186
4 3837 3997 3584 4102
4 119 561 4035 4776
4 2634 4201 3797 5131
4 2443 2442 3608 4402
4 3595 4402 3790 4504
4 3571 5068 3836 5149
4 4038 3593 4860 5048
4 3809 4311 3447 5216
4 3812 4130 1288 4619
4 785 3801 710 5141
4 2525 4309 3685 4429
4 3456 3566 4627 5227
4 1593 1241 4220 4420
4 2212 2214 3935 4749
4 3269 3267 519 4104
4 1381 4193 1857 4359
4 1507 1231 1419 3795
4 3408 3935 3695 4431
4 3562 3780 4629 4908
4 1602 3895 4459 4989
4 3483 3770 3372 4549
4 1988 4281 3751 4707
4 4118 4309 2526 5206
4 48 2380 3742 4547
4 2399 2034 4211 4911
4 1299 4291 3777 4511
4 3994 4168 3635 5207
4 2727 3721 3901 5192
4 4052 4081 1181 4303
4 3447 4046 3728 4644
4 2628 2770 2691 4136
4 1965 1964 4082 4580
4 4201 4968 3797 5131
4 4073 4154 3419 4507
4 4261 4373 3759 5174
4 3667 3479 4175 4531
4 1348 4396 1728 5099
4 2421 2758 3866 4384
4 2131 2161 2129 3716
4 1510 4317 4052 5130
4 475 2245 3171 4424
4 3920 4012 3388 4620
4 3518 3833 3726 3884
4 3394 3664 3540 4606
4 3465 5043 4803 5065
4 3877 5176 3491 5192
4 1188 4437 4140 4484
4 3492 4122 3383 4144
4 2038 2031 3570 4293
4 3429 3636 4013 4017
4 967 3666 4335 4615
4 3773 4775 4720 5068
4 879 888 838 3753
4 3905 4430 3653 4596
4 470 3157 58 4616
4 3479 3727 4737 4990
4 1957 4248 4849 5213
4 3999 4270 3412 4879
4 4004 4187 3592 4533
4 3683 4073 3419 4792
4 1758 1113 1589 4607
4 3475 3946 4283 4630
4 848 818 2671 4740
4 3862 4150 3472 4294
4 1620 4348 3755 4454
4 747 3997 681 5037
4 1091 1615 4326 4440
4 1229 4246 1757 4403
4 2683 2684 4338 4617
4 2085 3889 2149 4447
4 3721 5161 3901 5192
4 1060 3724 1164 4762
4 1177 3442 4563 4632
4 1180 1743 1179 3891
4 3557 4289 3376 5152
4 3856 4320 3418 5015
4 3206 3205 3203 4282
4 2279 2277 3828 5008
4 1438 3835 1012 4344
4 1033 2823 2885 4598
4 4539 4682 3801 5141
4 1137 1628 1101 3434
4 1919 2689 725 3983
4 3922 4716 3776 4868
4 3810 3470 4296 4671
4 2931 3835 1441 4523
4 1268 4419 1336 5204
4 2289 3889 2586 5251
4 63 3692 4368 4986
4 3553 3629 4113 4361
4 3731 3924 3538 5198
4 2172 2506 4559 4910
4 3687 4582 3960 4607
4 771 717 4596 4742
4 2969 2785 2824 3580
4 3733 4444 3963 4769
4 3857 4324 3630 5106
4 1454 1360 1362 4604
4 3641 3705 4109 4761
4 1219 1220 3798 4473
4 1124 1691 1338 5221
4 3435 4480 3537 4615
4 2600 3519 2652 5110
4 2245 3918 3574 5109
4 3738 4519 3580 5189
4 656 744 790 4432
4 2394 2541 2448 3563
4 1310 4168 4219 4593
4 2005 4609 3884 5119
4 1984 3831 4541 4887
4 1333 5039 1523 5171
4 3916 4333 2105 4988
4 1708 3870 4245 4992
4 2310 2549 2748 4143
4 3567 3406 3983 4602
4 3835 4210 4062 4344
4 1851 599 998 4094
4 3726 3884 3833 5091
4 1530 1171 1155 4011
4 3610 4716 3922 4868
4 3942 4174 2606 4955
4 3425 3771 4333 4841
4 3547 3941 3729 4782
4 3455 4504 4082 4871
4 2518 2126 4213 4275
4 3479 4944 3834 5143
4 1213 3822 4308 4806
4 9 400 3580 4519
4 1522 1642 4157 4503
4 1479 1122 1112 4180
4 520 89 3267 4004
4 3397 4279 3772 4741
4 640 4820 4167 5029
4 3727 4531 3945 4990
4 3626 4667 3832 4968
4 3614 4403 4380 4753
4 2075 3657 3548 4209
4 752 3765 4338 4757
4 1157 3438 1510 5130
4 3786 4362 3479 4990
4 3690 4106 3472 4626
4 1483 1238 1762 4003
4 401 4138 13 4334
4 3466 3970 3786 4153
4 57 3665 468 3986
4 472 3160 57 4727
4 2582 3544 3937 4663
4 1976 1974 2636 3853
4 3823 4433 1048 4645
4 2190 2192 2191 3967
4 2461 2467 2462 3816
4 3649 4225 2705 4316
4 3611 3712 4346 4566
4 3561 4577 3912 5222
4 1678 1255 4061 4389
4 3382 3506 4365 4707
4 3562 3685 2216 4847
4 3773 4565 4505 5068
4 2214 2213 2212 3935
4 3509 4661 3870 5245
4 2988 5097 3877 5252
4 1262 1229 1757 4403
4 2673 1921 2361 4099
4 640 600 4820 5029
4 2477 2543 3751 5087
4 3813 4879 3375 5208
4 1143 3813 1154 4690
4 2680 1929 2855 3903
4 1402 4349 4044 4797
4 3488 4851 4494 5123
4 68 4676 4529 4900
4 3485 4126 3940 4278
4 4402 4769 3595 4911
4 3840 4476 4829 4895
4 3915 3445 4688 5223
4 3927 4095 3752 5003
4 1515 3819 1253 4484
4 3844 1138 4212 4660
4 1232 1169 1231 4537
4 3878 4167 3516 4894
4 2908 2791 1893 5051
4 2927 1852 2819 4960
4 3589 3978 3438 5130
4 3412 3813 4321 4472
4 1584 1221 4229 4584
4 4004 4187 3558 4683
4 887 876 852 3975
4 1003 1568 4065 4523
4 2304 2306 3911 4575
4 2393 2395 2647 3824
4 3566 3743 3867 4888
4 2104 3771 2561 4333
4 33 3085 435 4655
4 1598 1577 1664 3431
4 2251 2564 3656 4179
4 3592 3780 4426 4457
4 2433 4341 4134 4834
4 1338 4638 3745 4744
4 3465 4613 3774 5065
4 696 3942 735 4295
4 2038 2045 2025 3982
4 3385 3741 3636 4207
4 1583 1087 1089 4485
4 1179 4744 1147 5130
4 3432 4128 3897 4900
4 2095 2096 2097 3879
4 2650 3981 1997 4240
4 1974 3853 4268 4736
4 2463 2573 4014 5180
4 3380 3505 3733 4376
4 3592 4533 3407 4743
4 67 4207 3910 4718
4 811 2692 2694 4977
4 3669 5107 4080 5146
4 3655 2667 3982 4946
4 41 444 3760 4938
4 3389 3941 3729 4230
4 3463 4608 3933 4935
4 3744 4153 3466 4307
4 1540 1277 4537 4732
4 4254 4577 3881 4723
4 3460 4711 3875 4947
4 4013 4980 3429 5017
4 1318 4426 1642 4503
4 2990 2965 2814 4032
4 2050 3521 3739 4512
4 3832 4921 3619 4997
4 3375 4368 3493 4986
4 2131 2161 3716 4801
4 1134 1059 1061 4189
4 3761 4019 3449 5104
4 623 4400 3801 4539
4 855 891 4372 4977
4 3408 4157 3994 4908
4 3427 3704 4124 4356
4 1049 4135 1466 5160
4 3395 4691 3982 4848
4 1575 1664 4391 5053
4 938 961 959 3744
4 1332 3439 1537 4812
4 3488 4494 1151 4585
4 658 4525 4470 5239
4 1152 4494 3488 4573
4 2117 2119 2158 4224
4 3859 4061 1680 5177
4 3474 4781 3957 4793
4 2381 2418 3742 4862
4 492 3203 73 4282
4 1989 4442 3506 4901
4 3509 4522 4661 5245
4 3384 4066 3933 4700
4 3903 3625 4795 4939
4 1829 1825 1524 3878
4 3477 4115 3976 4825
4 3504 5048 4860 5247
4 647 3878 4167 5212
4 2923 2793 1897 3965
4 3556 4019 3761 5104
4 2602 2169 2573 4014
4 3379 4729 4111 5068
4 2408 3861 2409 5230
4 3731 3538 3924 5077
4 888 838 3753 4372
4 3762 3455 4228 4504
4 1429 1821 993 3820
4 1144 1504 1130 3848
4 3495 4373 1652 4733
4 3426 4805 3505 5083
4 3667 4307 927 4623
4 850 4071 851 4500
4 3689 4475 3569 5103
4 3500 5003 4095 5215
4 1632 1631 4206 4639
4 2623 468 56 4565
4 1453 1455 1043 5156
4 700 2742 3846 4703
4 3501 4345 3882 4366
4 1669 1294 1407 3840
4 731 4023 651 4516
4 3508 4450 3422 5148
4 3845 3658 4674 5111
4 1752 3908 4223 4459
4 17 3038 4049 4409
4 3694 3412 4270 4879
4 3740 3457 4040 4422
4 1580 1645 1114 3429
4 3467 4389 3859 4786
4 3546 3858 3413 4240
4 1631 1123 1139 4306
4 1129 1130 1123 4306
4 1361 1359 3774 4416
4 1306 1307 1305 4378
4 3423 3568 4132 5059
4 2573 2554 4014 5180
4 4818 4983 3684 5194
4 756 713 3712 4295
4 29 425 3081 4926
4 3415 3832 4453 4667
4 2327 3511 2133 4436
4 587 3758 1013 4423
4 2106 2561 2172 3896
4 3462 4552 3830 4773
4 1338 4203 3745 4638
4 4554 5134 3749 5248
4 2904 4854 3010 5051
4 3488 4878 4585 5216
4 3972 4134 3401 4970
4 3461 3909 3840 4877
4 3455 4228 3895 4762
4 2010 4736 3676 4991
4 89 3258 516 4653
4 3577 4172 4078 4853
4 3837 4546 3861 5142
4 3515 3775 5045 5128
4 3678 4697 3791 5030
4 1487 3776 4610 5214
4 1545 3495 1652 4733
4 3551 3914 2001 5023
4 2302 4290 3898 5148
4 2668 4217 2316 4946
4 445 3109 40 4411
4 3396 3539 4005 5038
4 1922 2677 2343 4722
4 2086 2083 3483 4447
4 3398 3966 4162 5128
4 3506 3382 3700 4442
4 3120 3121 3122 4493
4 65 3636 4207 4718
4 3601 3897 3382 4900
4 1331 3888 1339 5250
4 2324 4477 2620 4663
4 3113 448 3112 4252
4 3895 4041 3411 4989
4 2225 3505 2224 4444
4 2906 2976 2889 3674
4 2574 2114 2112 4697
4 3579 3995 4364 5000
4 4098 4484 3819 4746
4 3408 4629 3780 4908
4 3778 3908 3371 4468
4 720 651 731 4023
4 632 4119 3711 4891
4 3520 3678 4017 5026
4 2646 3520 2141 4559
4 2934 2679 1896 3760
4 4223 4273 1273 4963
4 965 923 11 4335
4 2652 5110 3734 5210
4 3673 4060 3560 4194
4 2063 1982 4279 4887
4 3620 4359 4311 4646
4 3667 4737 4479 4982
4 3457 4301 4422 4601
4 978 3842 935 4768
4 3459 3698 4033 4981
4 2728 3810 2632 4575
4 2655 2554 2066 4371
4 994 3871 2919 4656
4 4021 4795 2997 4960
4 2999 2954 4904 5202
4 3983 4747 3567 4959
4 1269 3822 1605 4686
4 684 4149 3731 4637
4 1989 1987 3506 4442
4 3389 3547 3715 4302
4 3587 4120 3386 4818
4 488 69 3200 4218
4 1800 3921 1786 4276
4 1157 1706 3438 4631
4 1533 4452 1534 4779
4 3385 3926 3702 4971
4 1996 3546 4240 4401
4 3787 3598 4864 4995
4 3398 3716 3450 4801
4 2425 2658 2377 4518
4 3459 3679 4796 5186
4 3913 4384 3469 4540
4 1732 4030 1069 4366
4 4779 4818 3497 5194
4 720 579 651 3980
4 3866 4477 2758 5136
4 3553 4208 4361 4855
4 3426 3769 4807 4885
4 1269 3822 1213 4806
4 3998 4416 3613 5074
4 3677 3783 3388 4773
4 2297 2299 2300 5148
4 3903 4795 3965 4939
4 3425 3771 3675 4708
4 10 3026 398 4850
4 1091 1615 1161 4326
4 1731 3857 4187 4771
4 1477 4147 4133 4753
4 3408 3635 4168 4352
4 406 3032 15 4773
4 1526 3893 4094 4331
4 1462 1361 1365 5074
4 1691 4744 3745 5221
4 1904 2348 3801 4400
4 1752 3908 1273 4223
4 3383 3492 4144 4236
4 3399 4778 3811 4889
4 67 3704 4110 5240
4 3790 4309 4118 4652
4 1624 1348 1728 5099
4 3963 4388 3733 4769
4 3723 3418 4135 5076
4 1298 4036 3885 4836
4 3484 4352 4255 4894
4 1225 4074 1227 4453
4 2566 2715 3480 4510
4 2362 2145 2354 3673
4 4494 4851 3710 5123
4 3449 3761 3706 4581
4 1384 1640 1843 4036
4 1827 1265 1686 4448
4 1333 1523 1522 5171
4 503 3222 79 3659
4 3577 4041 3691 4058
4 3459 3679 4127 4796
4 2321 2413 3728 5120
4 2244 3725 2502 4798
4 3594 4554 4057 5163
4 2572 3925 2515 5024
4 3505 4174 3426 5083
4 2198 3843 2197 5079
4 1267 3437 4553 5204
4 1362 4738 4604 5074
4 3999 3728 5208 5248
4 3666 4044 3783 4797
4 3775 3415 4667 4880
4 985 971 945 4191
4 3408 4255 4352 4894
4 1046 1048 4433 4645
4 662 781 4084 5239
4 4174 4538 3426 5083
4 3382 4128 3700 4442
4 3453 4590 2068 4907
4 4163 4386 3806 5061
4 1662 4396 4219 4612
4 902 1880 943 4940
4 813 2694 1910 4977
4 3385 3702 3532 4556
4 454 3128 47 4226
4 850 1777 819 4071
4 3486 4066 4645 5021
4 117 3329 557 5236
4 988 1670 1847 3855
4 59 3802 4321 4368
4 3410 4064 4854 4860
4 2198 2476 3705 5101
4 3537 3738 3435 4615
4 3451 4747 4513 4959
4 2567 3480 2715 3959
4 3451 3673 4194 4700
4 482 66 1979 4548
4 3655 3982 2048 4024
4 3554 3795 3930 4600
4 2457 2599 2456 4093
4 4082 4504 3790 4871
4 2456 4309 2525 4429
4 1669 4476 1296 4829
4 2100 2099 2098 4658
4 3133 3132 3134 4265
4 1963 4155 1961 4580
4 3623 4261 2851 4373
4 2731 3877 2915 5097
4 2860 1790 2806 4523
4 1098 3752 4621 5190
4 3497 3734 4370 5194
4 3763 4201 3456 4371
4 4285 4317 4186 4984
4 1510 4052 1158 5130
4 2590 2201 4001 4350
4 1479 1122 4180 5246
4 3558 3608 4388 4932
4 4020 4080 3391 4974
4 707 660 657 4094
4 1592 4420 4314 5057
4 3396 5108 4328 5182
4 1988 2035 3751 4281
4 3735 4372 891 4977
4 640 641 4167 4820
4 3740 4422 5050 5186
4 2335 1931 4064 5064
4 573 3937 3358 4678
4 1984 4707 3831 4887
4 1532 1531 1501 4073
4 2225 2224 3505 4439
4 3382 4443 3849 4813
4 4105 4464 3618 4694
4 785 3801 623 4400
4 3405 4006 3680 4188
4 1725 1657 4570 4578
4 3976 4825 4115 4899
4 3666 3783 3508 4882
4 3653 4650 3499 4699
4 2108 2505 2110 4559
4 3467 4032 4446 4913
4 1267 1264 1266 4553
4 2154 2095 3879 4482
4 3696 3760 41 4256
4 3707 4117 3565 4751
4 1170 1683 1701 4311
4 1185 5118 1275 5179
4 3686 3419 4330 4767
4 1405 1296 1669 4476
4 3637 4286 105 4635
4 926 3727 896 4490
4 1372 1430 1406 4990
4 497 3650 76 4039
4 1746 3943 1750 4236
4 1361 3774 1365 5074
4 3487 3377 4047 4202
4 3461 4325 3967 4943
4 2515 3925 2699 5062
4 1611 1610 1609 4236
4 3768 3454 4001 4350
4 1260 1329 1409 4487
4 1989 3700 4442 4901
4 2184 3526 2454 4551
4 3537 4406 1425 4480
4 3373 4537 3954 4730
4 65 4017 3636 4718
4 2545 2655 2650 3981
4 3577 3552 4558 5089
4 1728 1348 1729 4396
4 2590 4001 2201 5170
4 4706 4824 3598 4864
4 2442 3608 4402 4769
4 81 507 4060 4684
4 2343 3784 2346 4340
4 679 4464 4474 4957
4 3460 3875 4799 4947
4 2961 2970 2825 4071
4 2223 3505 2225 4190
4 2026 2526 1968 4118
4 3526 4166 3487 4776
4 1945 3673 2374 4194
4 3688 4081 3372 4303
4 3519 3778 3371 3845
4 1759 1760 1337 4300
4 2104 3916 2103 5164
4 1108 1107 1106 4934
4 2303 2300 2302 3898
4 1536 1537 4557 4812
4 3949 4224 3603 4719
4 1598 1577 3431 4993
4 2841 2842 4244 4592
4 3413 3858 3546 4534
4 1362 1364 4738 5074
4 127 573 3359 4678
4 2413 4322 3728 5120
4 2383 4183 2386 4244
4 3834 4154 1769 5229
4 4012 4169 3388 4620
4 1279 5007 4385 5249
4 1036 596 1004 3984
4 3463 3823 4319 5056
4 3425 3771 3916 4333
4 3102 3103 3100 5112
4 683 3731 4086 4814
4 3651 4143 3471 4840
4 2100 4031 3535 4313
4 2360 4298 2366 5201
4 1188 1186 1514 4140
4 2186 2564 2188 4591
4 2965 2706 2814 4032
4 95 3671 526 3971
4 3452 4392 3730 4870
4 2139 3856 4320 5126
4 3889 3972 3474 4687
4 1164 1663 1062 4779
4 3640 2871 4656 5095
4 930 972 927 3667
4 3610 4121 3992 5213
4 1514 1188 4140 4484
4 3837 3584 3997 5142
4 3385 3532 3676 4556
4 28 3845 3778 4304
4 3820 4793 3660 4854
4 2270 4302 3547 5015
4 3774 4416 3998 5074
4 2947 2983 4020 4867
4 3723 4135 3418 4319
4 2141 4559 3520 4697
4 1580 3429 1114 4481
4 3465 4298 3869 4617
4 3848 4579 3545 4725
4 1957 3907 1959 4248
4 3526 4035 2454 4551
4 3408 3695 4255 4894
4 3719 4482 3458 4913
4 3393 3996 3793 4622
4 3758 4010 3584 4724
4 1042 3708 4430 5028
4 1413 1470 1493 4507
4 3931 3449 4473 5107
4 1311 4612 3635 5207
4 2244 2206 4161 4903
4 3494 3393 3996 4416
4 2226 2240 3530 4444
4 3582 3722 4601 5144
4 4073 4631 1148 4660
4 3692 3923 3423 4025
4 3693 4579 3848 4725
4 3505 3380 3733 4444
4 1552 1708 1342 4342
4 736 598 729 3894
4 3591 3793 4196 4539
4 1669 1294 3840 4829
4 2762 4175 3667 4982
4 4186 4317 4285 5048
4 3649 4904 2954 5202
4 3645 4248 3386 4849
4 4179 4323 3818 4586
4 1768 1436 1403 5014
4 3497 4370 3734 5100
4 4003 4189 3624 4962
4 3733 4376 3558 4388
4 3644 3826 4614 5035
4 2597 2596 4325 4943
4 2538 4998 3533 5210
4 3348 564 120 4731
4 3412 3999 4879 5134
4 3204 75 495 3912
4 3497 4459 4452 4779
4 2169 2551 2573 4014
4 3603 4719 4224 5147
4 2351 2372 2412 4302
4 4049 4491 3920 4695
4 2350 2351 2270 4302
4 3846 4643 3409 4675
4 3850 4057 2009 5119
4 3997 4760 3584 5137
4 2103 2104 2105 4333
4 1072 1071 1070 3882
4 3392 4456 4011 5044
4 3615 4625 4648 4817
4 4330 4767 3419 4792
4 584 768 706 5212
4 1487 1486 3776 5214
4 2393 3962 3645 4849
4 2919 3871 2873 4656
4 3432 3964 3822 4799
4 1455 3933 1043 5156
4 3414 4717 3705 5020
4 1599 4041 1600 4469
4 1511 1356 1742 4415
4 2832 4344 4062 5033
4 1084 1082 4611 5004
4 1761 3832 1262 4403
4 1988 2035 4281 4707
4 1637 1714 3444 4752
4 3619 4582 3687 4968
4 2139 2371 3856 5126
4 4413 4923 3754 5085
4 3397 3748 4242 5096
4 3947 4354 3553 4538
4 1626 1677 1806 3852
4 1590 4607 3960 4839
4 4120 4247 3724 4605
4 1354 1727 1638 3951
4 3481 3384 3939 5011
4 3967 4413 3754 5085
4 3445 4659 3804 4939
4 1082 1163 1084 4611
4 1906 2933 2345 4828
4 1044 1043 3933 5156
4 3384 4194 3939 5011
4 1487 4610 1116 5214
4 3709 4225 2587 4844
4 1376 4208 1328 4354
4 1717 1697 1541 4732
4 1661 4130 1408 4858
4 2592 3717 4270 4701
4 2950 3696 2947 4379
4 3666 3783 3435 4797
4 3997 4102 751 5137
4 4005 4798 3764 5108
4 1644 1816 1019 4177
4 3420 4189 4665 5167
4 3754 4895 4840 4923
4 1667 1666 3804 4659
4 902 943 934 4940
4 1368 1765 1369 3970
4 3383 4144 4122 4888
4 67 4110 3617 5240
4 3619 4087 3874 4921
4 3948 4870 3730 5016
4 1434 1435 3862 4954
4 3660 4854 4064 4860
4 1642 1316 4157 4426
4 2594 4446 3719 4844
4 3665 4565 3773 5068
4 3333 2037 112 558
4 1722 1721 3792 4485
4 28 3845 3658 4478
4 1318 1642 1334 4503
4 3400 4364 3496 5000
4 3748 4717 3772 5139
4 3450 4162 3495 5080
4 1659 1136 3991 4483
4 4082 4580 3684 4998
4 1607 4462 4257 4950
4 3405 3680 4006 4768
4 2536 3827 3533 4998
4 1271 3887 1576 4993
4 4032 4367 4225 4904
4 3456 3687 4582 4968
4 2546 2115 4224 4329
4 3588 4632 4414 4729
4 2889 2963 3936 5122
4 95 526 3671 5203
4 3698 3459 4033 4672
4 479 60 4200 4809
4 1522 1822 4503 5171
4 890 3876 862 4500
4 2096 3879 2095 4351
4 3644 4525 4216 5063
4 1585 4272 1588 5175
4 596 727 1004 3984
4 1669 3840 4476 4829
4 1365 1361 1359 3774
4 1240 1621 1217 4806
4 2038 3982 2025 4293
4 2098 4031 3643 4195
4 3372 3523 3889 4447
4 4840 4895 3840 4923
4 3823 4319 3514 5054
4 1828 3860 1002 4125
4 897 3945 931 4804
4 3794 3874 3415 4438
4 728 742 599 3893
4 4360 4370 3734 5194
4 3398 3742 4640 5219
4 4212 4660 1138 5221
4 3832 4968 3415 4997
4 2433 4292 2712 4834
4 1515 1516 1253 3819
4 3617 3503 4375 5240
4 3374 3615 3525 4543
4 3794 4097 2132 4438
4 914 3738 3580 5189
4 2170 4090 2462 4204
4 1406 1373 3786 4362
4 1873 1741 1018 4435
4 1223 1222 1224 4241
4 837 4649 3929 4766
4 1436 4044 1402 4349
4 47 454 3716 3995
4 3423 3923 3692 5084
4 2410 2772 2408 4546
4 1311 1312 1313 5207
4 2001 4170 3551 5049
4 3628 4248 3907 4857
4 3787 4831 1634 5113
4 3794 3415 4097 4438
4 3648 3686 5115 5143
4 1856 992 1855 5198
4 3801 3993 3499 4802
4 3402 3535 4313 4708
4 123 4075 573 4237
4 3425 3916 3771 4708
4 4189 3762 4665 5167
4 3412 5009 3829 5125
4 3643 4351 3879 4658
4 3893 4331 1854 4427
4 3468 4445 3826 4614
4 3132 51 459 4265
4 2225 4174 3505 5088
4 2372 2316 4217 4946
4 624 3766 4297 4757
4 121 564 3739 4145
4 1314 1312 1333 4168
4 3405 4148 3886 4723
4 1665 1586 1239 4272
4 2798 3006 2913 4064
4 3392 4253 3510 4456
4 594 771 717 4596
4 3754 2195 4143 5079
4 3590 4267 3792 4485
4 2600 3519 2175 4351
4 1073 3906 1075 4345
4 4148 4188 3613 4738
4 1370 3970 4230 5027
4 2386 2344 1901 3690
4 2312 2164 2582 3544
4 2179 2611 2182 4764
4 2181 2180 2179 4764
4 2024 4293 3806 5061
4 1181 4081 4052 4317
4 19 4049 3531 4266
4 641 4514 4167 4820
4 640 4167 642 5029
4 3541 3401 3972 4687
4 3426 3654 3942 4174
4 1309 4219 1662 4396
4 3643 4351 4195 4948
4 2151 2089 2430 3541
4 3150 3633 3148 4395
4 1353 1657 3777 4570
4 3554 4477 3937 4663
4 1250 1699 1518 3880
4 1044 3933 1045 4645
4 3479 3834 4944 5014
4 2523 2243 2622 4383
4 3595 4504 4070 4665
4 766 4079 3586 4557
4 68 3988 4676 4900
4 2756 2284 3753 5008
4 3615 3525 4543 5003
4 115 4166 3656 4975
4 3459 4796 4127 5042
4 949 1011 3756 4763
4 713 724 796 3712
4 1422 1423 1399 4012
4 2254 3993 4628 5075
4 902 932 1465 4006
4 3461 4923 3909 5085
4 3867 4627 3566 5227
4 2628 2691 3929 4136
4 2970 1883 2825 4071
4 2348 4400 1938 4802
4 2011 2019 2022 5032
4 103 4642 4394 5002
4 3969 4096 51 4265
4 1460 4430 1243 4517
4 3417 3717 4270 5125
4 2744 721 3821 4703
4 2236 3690 2716 4618
4 2138 4467 2078 4720
4 2278 2277 4322 5120
4 3588 3892 3517 4505
4 3402 4031 3535 4526
4 2437 4431 3671 5029
4 3609 4934 3979 5163
4 3578 4499 3704 4994
4 3994 4157 3780 4908
4 2671 2728 2778 3810
4 1320 4683 3430 5127
4 4322 5109 3828 5120
4 3008 2958 2892 3901
4 4063 4941 3829 4967
4 3566 3858 3743 3977
4 41 448 3668 4092
4 3804 4308 3460 5147
4 1176 3442 1693 4712
4 2806 1003 2925 4065
4 961 3744 938 5006
4 2841 2843 2842 4592
4 3228 504 2042 4684
4 2308 2197 3843 4564
4 3556 3760 2494 4461
4 4278 4363 3433 4592
4 3608 2442 4653 4769
4 1591 1262 3832 4453
4 2837 4106 3872 4458
4 1903 2726 2913 4064
4 1362 4416 1360 5074
4 1043 1045 1044 3933
4 3804 4719 3603 5147
4 3660 3820 4854 4860
4 3409 3980 4381 5082
4 3420 4189 3762 4665
4 1087 4485 4176 4813
4 1739 1859 1509 3627
4 1417 1416 1475 3836
4 3497 4818 3684 5194
4 1499 1497 4271 4760
4 1376 4208 4354 4521
4 694 613 2766 4102
4 1949 4530 1951 4783
4 3463 4319 4135 5056
4 3400 4241 4229 5000
4 3786 3970 3466 4811
4 1148 4073 1501 4631
4 3451 4699 3708 4700
4 1620 4277 3755 4925
4 856 1795 805 3946
4 448 3113 41 3668
4 1628 3434 1137 4648
4 3666 4258 4044 4763
4 3425 3887 3675 4841
4 2812 4008 2686 4497
4 1248 4199 1390 4919
4 3808 3932 3448 4669
4 1680 1678 1255 4061
4 57 468 3665 4565
4 2489 2251 2642 3818
4 3887 1576 4391 4971
4 2915 3877 2988 5097
4 1210 1212 1211 4686
4 567 3710 121 4945
4 1617 1729 1614 4233
4 2639 2641 2237 3773
4 3418 3729 4305 4782
4 3875 4641 3498 4711
4 1205 1604 1241 4778
4 3467 4068 3868 4367
4 3371 4351 3643 4948
4 2051 3739 120 4145
4 2151 3541 2430 4970
4 3465 4709 3680 4803
4 3576 4109 4761 4923
4 3390 4609 3884 5049
4 3398 3450 3716 4162
4 1592 4314 1201 5057
4 3688 3474 4687 4815
4 2705 4225 3649 4904
4 836 4146 3714 4766
4 1154 1143 1159 3813
4 2352 4320 3650 5153
4 3531 4792 3388 4912
4 3654 3426 3942 4295
4 2283 3768 2203 4643
4 1138 3844 1770 4660
4 2832 2834 4344 5033
4 3811 4778 3581 4889
4 3470 4025 3888 4662
4 3371 3879 3643 4351
4 1827 1686 4100 4448
4 79 501 3216 5232
4 3528 4484 4098 4746
4 2131 3511 2133 4801
4 1630 1704 1276 4206
4 3380 4388 3733 4444
4 3622 4609 3518 4651
4 3380 3928 4107 4819
4 3401 3616 3541 4478
4 2490 2642 2036 4028
4 3692 3802 63 4368
4 3421 3824 4825 4899
4 3830 4519 12 4999
4 1786 989 2789 3921
4 3915 4276 3513 4277
4 1614 1729 1730 4345
4 1854 4149 3893 4427
4 2366 4298 2364 5222
4 2983 2858 2947 4872
4 3679 4498 3457 5186
4 1134 3762 1061 5070
4 1491 3443 1367 5027
4 3418 4135 4214 4319
4 2844 4126 4278 4363
4 925 931 924 3945
4 3923 4671 4435 4865
4 1755 4778 1604 4980
4 1598 3431 4387 4993
4 105 4635 4286 4901
4 3667 4175 972 4531
4 3401 3819 4746 4985
4 2440 2581 2441 4402
4 2532 4031 2098 4195
4 453 43 3579 4364
4 1731 1513 3857 4771
4 3864 3582 4492 5151
4 514 87 3955 5047
4 3079 423 3077 3814
4 94 3273 526 3971
4 1605 4462 1606 4808
4 1293 1350 3909 4544
4 3534 3815 4374 4499
4 3830 4012 3631 4480
4 760 3989 4400 4650
4 1244 4241 1220 4473
4 949 3756 920 4763
4 3444 3930 4569 4600
4 3399 3964 3662 4739
4 856 1010 3946 4562
4 2327 3742 3511 4265
4 1948 1949 4574 5011
4 2171 3875 2118 4947
4 3429 3636 4481 4980
4 1515 3819 4484 4545
4 1074 3968 3906 4976
4 3691 4058 3630 4871
4 2242 2525 3685 4429
4 4110 4374 3815 4499
4 3417 4063 3829 4967
4 3448 4735 3592 4743
4 1596 4469 4223 4963
4 2225 3505 2223 4439
4 3375 3918 3574 4368
4 2279 3828 2277 5120
4 1752 4459 4223 4989
4 3469 3747 4540 5077
4 3566 4122 3743 4888
4 1598 4469 3431 4853
4 3636 4017 3741 4889
4 1345 1343 4193 4790
4 2020 2008 2040 3850
4 3376 4165 4003 4962
4 945 4757 3766 4842
4 3707 3454 4036 4675
4 3392 4011 4463 5241
4 3765 4297 3766 4757
4 3452 3676 4268 4736
4 1638 3951 1727 5096
4 1271 1592 1576 3887
4 1095 3991 1136 4455
4 1199 4129 4314 4993
4 3679 4398 3457 4498
4 2017 3796 1952 4710
4 477 3169 63 3918
4 1418 1637 3444 4569
4 54 3146 463 4034
4 2300 2302 3898 5148
4 1027 3893 1854 4149
4 1726 1730 1594 3932
4 1582 4013 1646 4327
4 1594 3932 1730 4612
4 3878 5039 4157 5171
4 3811 4422 4301 4601
4 3205 3206 493 4282
4 3663 4142 3950 4772
4 107 3938 3641 5087
4 1557 5018 4040 5050
4 3877 4434 3491 4552
4 2600 2175 3519 5110
4 3420 4987 4189 5167
4 3691 4041 3577 4558
4 544 108 3977 4122
4 1602 3895 1663 4459
4 2107 4398 3679 5187
4 3592 4426 3994 4823
4 1840 720 591 4023
4 1752 4223 1601 4989
4 74 3205 2260 3912
4 3583 3980 4675 4909
4 766 4642 4079 5002
4 4313 4708 3535 5164
4 1051 4567 3723 5076
4 1274 1187 3428 5118
4 3881 4479 3466 4723
4 3585 4522 3929 5245
4 3522 3992 4710 4896
4 3446 4179 3656 4591
4 3416 4151 3726 4884
4 3613 4738 4188 5074
4 63 3802 3692 4200
4 3388 4866 3531 4912
4 3715 4302 3547 4377
4 3003 4412 4827 4834
4 1165 4172 4748 4853
4 1632 1631 1630 4206
4 3440 4222 1650 4369
4 3825 4724 3618 4957
4 3687 5190 3960 5215
4 3522 4896 4710 4927
4 1847 3855 1848 4525
4 3885 4476 3904 4704
4 3921 4864 3598 4995
4 3529 4286 3492 5010
4 3832 4403 3415 4453
4 2785 3580 973 4561
4 3776 3976 3421 4638
4 848 815 849 4296
4 1764 4517 3486 4673
4 3941 4230 3970 5027
4 786 644 4177 4634
4 432 3085 33 4916
4 1857 3779 1385 4359
4 4122 4144 3743 4888
4 2240 2226 3530 4007
4 3816 4204 4090 4527
4 3519 4351 4948 5110
4 3455 4983 4070 5167
4 4186 4317 3504 4685
4 1196 4061 4475 5177
4 713 4042 3712 4295
4 127 3789 3364 4075
4 2043 4270 3694 4907
4 3148 3633 460 4312
4 890 3876 4500 4671
4 3406 3961 4119 4599
4 966 928 4307 4623
4 3445 3804 4454 4719
4 4107 4343 3928 5083
4 3424 4724 4131 4956
4 3980 1529 4381 5082
4 1878 3714 1521 4245
4 3565 3707 4291 5022
4 1742 4415 1134 5070
4 3382 3831 4442 4707
4 1518 3880 1700 4545
4 1608 3897 1612 4462
4 2755 3919 2422 4384
4 3013 397 3015 951
4 3541 3972 3401 4970
4 3747 4385 3924 5077
4 2033 2029 4941 4967
4 776 710 4099 5141
4 701 1902 4105 5193
4 4083 4133 3609 4915
4 3432 3507 4128 4900
4 1264 3437 1267 5199
4 1540 1277 1278 4537
4 3794 3969 3524 4734
4 3412 4321 3813 4879
4 3455 4082 3691 4871
4 1228 4246 3775 4448
4 3057 3056 3058 4588
4 2844 3007 4126 4363
4 3173 3175 3174 4200
4 3174 3172 3173 4200
4 3452 3730 3676 4736
4 1678 4389 3859 5181
4 2278 4322 2277 5109
4 2532 2174 2098 4031
4 71 489 3578 4499
4 3767 4005 3539 5038
4 3803 4198 1233 4463
4 2175 4351 3519 5110
4 1101 3434 1628 4817
4 3741 4017 3520 4889
4 3411 4459 3908 5194
4 1359 1156 4192 4416
4 2559 4185 4127 5062
4 3689 4061 3859 5177
4 527 3271 3562 3971
4 3550 4285 4186 4984
4 2566 3480 4355 4510
4 533 3663 100 4077
4 3615 4648 3434 4817
4 3473 4286 3637 4635
4 3741 4559 2506 4910
4 3455 4070 4665 5167
4 4387 4469 3569 5112
4 1107 4358 4160 5218
4 3432 4128 3507 4407
4 3132 51 4265 4436
4 1680 1555 1678 3859
4 1725 4176 1135 4578
4 3447 5044 3809 5216
4 3086 3084 433 4916
4 2687 4513 3989 5172
4 1260 3750 4487 4755
4 2401 3824 4163 4386
4 44 4182 3701 5080
4 3498 3816 4090 4527
4 1591 1761 1758 4380
4 1238 4003 1483 4962
4 3649 4367 2954 4904
4 3997 4264 4760 5137
4 1928 4341 2910 4784
4 897 931 960 4804
4 2419 1899 2678 3701
4 2567 3480 3959 4355
4 3848 4306 3412 4472
4 4141 4492 3582 5151
4 1552 1251 1708 5188
4 886 828 829 4630
4 1192 1194 1193 4273
4 1192 1191 1190 4273
4 1167 1171 1175 4752
4 3707 4381 3890 4772
4 1460 1452 4430 4517
4 1568 4523 1439 4787
4 3890 4381 3409 4772
4 3630 4504 3857 5106
4 740 652 709 3904
4 1306 3890 1603 4378
4 2319 2318 3874 4518
4 3920 4012 1396 4647
4 2836 2838 2840 4458
4 1274 3428 1543 5118
4 1051 1049 1466 5160
4 3469 4385 3747 5077
4 2636 4356 3853 4383
4 86 514 3241 3955
4 3880 3990 3474 4919
4 1612 4462 3897 4808
4 2008 2020 2009 3850
4 3464 3725 4161 4903
4 3422 3756 4044 4258
4 2225 2223 2224 4439
4 3641 4109 3705 5101
4 100 532 4250 4668
4 89 3608 3258 4653
4 941 900 942 3917
4 3728 4644 4046 5238
4 3507 3382 4128 4900
4 39 3702 4078 4392
4 3616 4549 3688 4687
4 2352 3650 4320 5015
4 3786 4362 1373 4780
4 3582 3864 4952 5151
4 2963 3580 2824 3936
4 2532 2098 3643 4195
4 2251 2564 2452 3656
4 3066 24 2089 426
4 458 4436 50 4734
4 771 4742 3653 4891
4 908 3842 978 5201
4 2771 4175 2317 4243
4 1818 2811 2916 3990
4 3515 4667 4074 5000
4 1376 1808 1444 4521
4 2632 2728 2671 3810
4 709 3904 652 4502
4 3808 4743 3448 4823
4 3454 3777 4291 4511
4 3491 4552 3920 4647
4 3374 3900 3615 4280
4 2285 4310 3841 4821
4 2154 4446 2487 4482
4 1901 4106 2835 4244
4 1649 4852 4369 4958
4 87 4007 3652 5047
4 105 3637 4122 4286
4 2026 3790 2581 4402
4 477 3574 3168 3918
4 1370 1367 1369 3970
4 3631 4012 3830 4552
4 3782 4737 3786 5143
4 3565 4161 3873 4751
4 4029 4640 3450 4862
4 544 3637 3314 4056
4 3566 4888 4014 5180
4 1872 4271 3838 4760
4 4060 4700 3673 5116
4 2532 2174 4031 4195
4 3172 3174 471 4332
4 3478 4266 4073 4792
4 3930 4018 3403 4755
4 3459 4672 3916 4988
4 3834 3479 4362 5014
4 2110 2112 4085 4697
4 3478 3531 4266 4792
4 2955 2831 3000 4523
4 3775 4246 3415 4880
4 3764 4383 3647 4576
4 3702 4172 3968 5053
4 3493 5117 1552 5188
4 1039 4486 1041 5156
4 3923 4712 3692 5084
4 3536 4421 3578 5067
4 3804 4454 1667 4659
4 1216 4108 1217 4806
4 2447 2043 2055 3694
4 4293 5061 3570 5132
4 1758 3687 4380 4785
4 4005 4328 3764 4798
4 2267 2269 2268 3782
4 2444 2445 2417 3655
4 3658 4746 4674 5111
4 2232 2306 2304 4575
4 1332 1537 1536 4812
4 3793 3499 3984 4539
4 2114 4947 3791 5030
4 730 1918 586 4510
4 99 3586 3293 4043
4 3459 4796 3740 5186
4 789 662 781 4084
4 1280 1279 4385 5249
4 4573 4851 3488 5123
4 2515 2516 3925 5151
4 1759 4294 1475 4300
4 1978 2028 3704 4356
4 2203 4643 3768 4936
4 2575 3685 2525 4309
4 3385 3532 3702 3926
4 549 107 3938 4606
4 3526 4591 4166 4975
4 4292 4746 3458 4949
4 1713 4012 1834 4647
4 3559 4449 4315 4512
4 3776 3421 4203 4638
4 598 1001 729 3894
4 2094 3845 4351 5111
4 3697 4885 636 5012
4 1350 1719 4048 4284
4 2415 3999 2413 4322
4 2532 4195 3643 4351
4 3965 4528 3445 4688
4 967 4335 977 4615
4 2044 3453 2068 4907
4 3381 4076 4037 5248
4 3574 3918 3375 5109
4 3813 3412 4306 4472
4 2644 2083 2082 4163
4 3639 4581 3798 4745
4 3798 4581 3400 4745
4 3735 4089 3865 4698
4 3459 3740 4033 5186
4 2367 3842 2365 4577
4 3786 4737 3479 5143
4 4185 4316 4127 5042
4 2869 999 1550 4126
4 4037 4076 3717 5248
4 4477 4835 3866 4951
4 3528 4674 3658 4746
4 868 3714 4173 4649
4 413 3593 20 4055
4 1323 1321 4107 4819
4 3817 4246 3415 4403
4 3950 4142 3890 4772
4 2874 2876 2878 5095
4 4018 4487 3403 4755
4 477 63 3802 4368
4 2085 2586 2149 3889
4 2410 2774 3837 4102
4 886 829 891 3735
4 3462 3677 3388 4773
4 3038 411 4049 4409
4 3483 3372 3770 4447
4 1135 4176 1087 4485
4 3580 3936 2963 5122
4 1989 3700 2067 4442
4 4063 4725 3829 4941
4 3722 3582 4719 5144
4 2631 4572 3911 4722
4 3539 3396 4005 4328
4 3591 4192 4682 4800
4 2913 1903 3901 5176
4 3384 3481 3939 4608
4 3379 4393 4590 4929
4 1598 4387 3431 4469
4 3697 4599 636 4885
4 3846 3583 4675 4909
4 2380 3138 48 2718
4 3439 3950 3890 5082
4 2138 2078 2137 4720
4 1792 3714 1878 4173
4 2403 2405 4698 5098
4 3768 4643 3846 4675
4 1746 3943 4236 4257
4 1432 3894 4022 4474
4 2404 3865 2403 4821
4 2226 3530 4007 4444
4 3711 3653 4699 4891
4 4115 4509 3976 4899
4 1580 4481 4980 5017
4 1685 1191 1273 4468
4 1411 4385 3924 5249
4 1637 3444 4569 4851
4 2798 2913 2726 4064
4 630 4539 758 4650
4 3741 4207 3385 4347
4 3727 4531 3479 4737
4 3543 3708 4622 4700
4 3735 4489 3604 4630
4 3978 4744 4052 5130
4 3399 3662 4013 4017
4 2555 2155 2101 4313
4 3407 3685 3608 4309
4 2284 2692 2756 3753
4 1682 1808 1681 4521
4 2650 2545 3981 5102
4 3482 4472 4321 5117
4 3765 4191 3465 4617
4 1359 4192 3774 4416
4 1674 1289 4619 4759
4 599 707 998 4094
4 4107 4771 3558 4819
4 3825 3618 4724 4956
4 1432 4022 3894 4487
4 4166 4591 3656 4975
4 4009 4854 3820 4860
4 3589 3978 3395 4758
4 2235 4431 2437 5029
4 3768 4751 3454 5191
4 1731 4187 3857 4324
4 1683 1345 1382 4311
4 1323 1512 1321 4819
4 2068 2044 2058 3453
4 735 800 772 4295
4 2494 3760 3556 4411
4 2927 2819 2997 4960
4 3791 4799 3875 4947
4 1966 1965 1964 4082
4 3619 4921 3874 4997
4 645 4514 3480 5019
4 3539 4352 3396 4843
4 3631 4647 3860 4830
4 3915 4528 3864 4688
4 2926 2996 2812 4497
4 3416 4449 4160 5218
4 3796 4319 3418 5153
4 3674 4406 3631 5252
4 3388 4169 3683 4620
4 4449 4794 4160 5218
4 1225 1223 4074 4229
4 2456 2457 4093 4429
4 4101 4494 3710 5123
4 3903 4795 3625 4872
4 2490 3540 2250 4413
4 3804 5146 4308 5147
4 3905 4430 1452 4517
4 1138 1770 1148 4660
4 1480 1478 4133 4753
4 2314 2183 2583 4251
4 2026 4309 3790 4402
4 1773 1566 4659 4960
4 3908 4452 3497 4459
4 3707 3464 4751 4772
4 2567 2715 3480 4355
4 623 4539 630 4650
4 4172 4748 3882 4976
4 1244 1222 1220 4241
4 3602 4062 3911 4662
4 2416 3548 4532 4930
4 3923 3876 4435 4671
4 855 4372 888 4977
4 3410 3721 3593 4038
4 3802 4002 59 4321
4 1951 1950 1949 4783
4 3376 3490 4165 5152
4 2572 2156 2515 5151
4 4587 4789 691 4951
4 1615 1093 1136 4440
4 3653 4119 3905 4596
4 2492 3556 2494 4461
4 3874 4921 3614 4997
4 16 4409 408 5001
4 3909 4544 3840 4877
4 3683 4349 4169 4912
4 4170 4921 4582 5215
4 1642 1316 1522 4157
4 823 3838 885 4713
4 3629 4208 3406 4361
4 3397 4279 4124 4994
4 1120 1107 1108 4160
4 1952 3796 2017 5153
4 3975 4259 3470 5092
4 3406 4119 3961 4666
4 486 3185 3186 4239
4 3735 4698 3865 4821
4 2994 4341 2900 5129
4 758 727 3984 4539
4 2148 473 61 5041
4 2794 2918 1007 4020
4 1734 4030 1732 4366
4 3469 4384 3919 5077
4 3581 4889 4778 4980
4 530 98 4756 4856
4 1543 4452 1490 4509
4 3719 3467 4446 4913
4 861 4382 3810 4500
4 2038 2048 2667 3982
4 1569 1317 1538 4823
4 1133 4133 1477 4147
4 624 4297 3766 5081
4 2598 2377 4609 5032
4 2212 2522 2214 4749
4 3693 4579 4147 5246
4 3598 4838 3921 4995
4 2602 2518 3763 5131
4 456 3133 3134 4265
4 3467 3868 3852 5114
4 2061 2083 2084 4405
4 861 3810 878 4500
4 2061 3785 2083 4405
4 3514 4319 3796 5153
4 1595 4242 4902 5200
4 3654 4295 3942 4510
4 1143 4306 4472 4690
4 2008 4512 3850 5119
4 890 878 849 4500
4 3881 4307 3744 4723
4 937 4709 968 5201
4 1003 2806 1790 4523
4 1373 4780 4362 5229
4 13 2759 3019 3936
4 3932 3994 3448 5052
4 896 926 925 3727
4 2401 2647 3824 4386
4 3391 4256 4222 5104
4 3393 4682 4192 4800
4 2400 4046 2569 4930
4 1563 1562 4080 4974
4 1350 1720 1719 4284
4 3765 3591 4099 5055
4 2332 2735 3936 5097
4 3426 3611 4346 4805
4 2777 3568 4091 4132
4 3547 3729 4214 4782
4 2988 2976 2821 5097
4 3526 3377 4251 4764
4 871 803 864 3997
4 1722 3792 1352 4578
4 3941 3970 3443 5027
4 3466 4737 3786 4811
4 3812 4619 1288 4759
4 2038 2048 3982 4024
4 3396 3863 5038 5108
4 3852 3868 3467 4389
4 4181 4449 3710 4600
4 2139 2371 2350 3856
4 1445 1004 1779 4196
4 2033 4941 4063 4967
4 3371 3519 4351 4948
4 1797 1794 924 3945
4 2035 2477 2543 3751
4 3387 4870 3948 5016
4 4016 4210 3835 5250
4 1411 1280 4385 5249
4 3762 4228 3455 4762
4 2765 4568 3825 4956
4 2187 3805 2185 4591
4 3957 4781 3632 4784
4 1221 1223 4229 4241
4 3500 4582 3981 4627
4 1415 1476 4147 4579
4 3719 4446 4482 4913
4 3689 1194 4475 5177
4 2360 3917 4298 5201
4 3033 4334 12 4773
4 1548 4733 4373 5174
4 4861 4863 3883 4966
4 1128 1617 1077 4233
4 3531 3655 2417 5211
4 2226 2438 2240 4444
4 1659 1718 1136 4483
4 2919 2873 2870 4656
4 2644 3824 3483 4163
4 2639 3773 2237 4720
4 1327 4354 1328 4898
4 4482 4746 4292 5111
4 631 4596 4119 4891
4 2280 4174 3654 4190
4 4124 4279 3725 4994
4 2040 2041 2020 3739
4 1662 4219 1311 4612
4 927 3667 972 4531
4 2281 4046 2282 4310
4 3451 3673 4700 5116
4 2425 4063 4518 5032
4 1580 3429 4481 5017
4 1232 3795 1231 5007
4 2280 2223 2225 4190
4 3614 4403 4774 4997
4 108 3858 545 3977
4 3991 4280 3752 4621
4 1896 2934 3760 4938
4 3090 438 32 2174
4 122 2134 2323 3847
4 3626 4453 3832 4667
4 3203 495 3572 3912
4 1591 1262 1761 3832
4 2185 2313 2583 4465
4 1038 3984 1037 5028
4 1978 4356 3704 5240
4 3479 4531 3945 4804
4 3813 4321 4472 5117
4 3945 4362 3479 5014
4 3533 3827 2536 4408
4 3400 4275 3579 5000
4 3849 4176 5067 5139
4 3461 3754 4325 4840
4 3078 31 431 3952
4 1868 3985 1503 4562
4 3427 4576 3906 4905
4 2165 3861 4546 4555
4 1721 1352 1722 3792
4 3768 3454 4350 5191
4 3413 4455 3743 4534
4 4466 4557 3586 4812
4 2284 4310 3753 5008
4 455 47 3128 4162
4 3566 4888 3867 5227
4 2172 4559 3896 4910
4 1116 4120 4247 4610
4 1619 1620 1257 4348
4 2644 2401 3824 4163
4 3664 4028 111 4534
4 3675 3887 3425 4314
4 640 642 639 5029
4 3437 3817 3807 5199
4 1625 1200 1198 4981
4 4604 4738 3613 5074
4 1477 4147 4753 5199
4 3645 3824 3421 4899
4 3426 4807 3942 4885
4 3410 4038 3593 4860
4 4038 4186 3550 4285
4 824 823 885 4713
4 3059 3058 3056 4405
4 2187 3805 4591 4906
4 3374 3991 3664 4937
4 3693 3412 4306 5125
4 3475 3946 3779 4359
4 1807 2920 1005 3868
4 3607 4628 3393 5043
4 3463 3659 4608 4935
4 4455 4754 1094 4839
4 3690 4183 4150 4312
4 2168 2319 2318 3874
4 1606 1608 1612 4462
4 2961 866 882 4071
4 1187 4437 3428 5118
4 1423 1834 4012 4480
4 1109 1094 4754 4839
4 3579 4184 3706 4364
4 1106 1105 1104 3979
4 1297 1352 1295 4511
4 1179 1158 4052 5130
4 3275 528 96 3987
4 3752 4280 3991 4543
4 3581 3636 4889 4980
4 2643 2637 2325 4076
4 3728 4644 3599 5248
4 1598 3431 1664 4853
4 902 1465 1880 4940
4 1961 4155 2541 4248
4 1101 1137 3434 4972
4 3658 3845 28 4926
4 3404 4210 4016 5250
4 3801 4682 3993 5075
4 3915 3864 4497 4688
4 3430 4457 4426 4503
4 3619 4582 4170 4921
4 3928 3553 4354 4538
4 3444 4752 1714 4755
4 2327 4265 3511 4436
4 3722 3811 4301 4601
4 2831 3835 3000 4523
4 1213 3822 1269 4686
4 3954 1672 4181 4794
4 1442 1383 4210 4496
4 2187 2313 3805 4445
4 3421 3745 4203 4638
4 1100 1102 1101 3927
4 1426 3860 1828 4238
4 2376 4087 4170 5049
4 1125 1121 1469 4212
4 3395 3982 3570 4293
4 1275 5118 4509 5179
4 3752 3960 3413 4621
4 1272 1197 4387 4475
4 1645 3429 1580 5017
4 2196 2194 4109 5079
4 1143 1159 3813 4472
4 1678 3859 1555 5181
4 87 3247 515 5058
4 3439 4023 3950 5082
4 44 455 4162 5080
4 449 3701 44 4182
4 3974 4834 4412 5090
4 3592 3994 3780 4735
4 3425 3788 4498 4672
4 3514 4530 3560 4574
4 3582 4952 4141 5151
4 1232 4537 3795 5007
4 3446 3900 4166 4586
4 3569 4387 4129 4475
4 3390 4095 3927 5215
4 3586 4079 766 5093
4 661 658 4470 5239
4 1367 1368 3970 4738
4 1707 3848 1144 4603
4 3412 4472 4321 5009
4 2734 3462 2638 5097
4 3151 467 3150 4395
4 3679 2560 4988 5024
4 2138 3527 4467 4720
4 3003 4412 2877 4827
4 1105 1106 1107 3979
4 3385 3532 3926 4841
4 3497 3952 3587 4452
4 1632 4103 1120 4639
4 1495 1233 1247 4463
4 2402 3841 2400 4532
4 532 97 4250 4668
4 2647 2644 2401 3824
4 3656 4591 2564 4975
4 3517 3588 4505 4565
4 2486 4446 3974 4482
4 1441 3835 1439 4523
4 2743 4703 2591 5170
4 3599 3813 4879 5134
4 3551 3914 3500 5102
4 123 3930 4237 4945
4 2687 2363 3711 5183
4 1124 3745 1338 4996
4 3392 3865 4050 4532
4 497 2353 77 4693
4 1099 1166 1097 4817
4 1138 1125 4212 5221
4 627 3711 632 5172
4 1731 4324 3857 5106
4 2422 3866 2758 4384
4 3419 3655 4848 4946
4 2947 2950 2854 3696
4 84 3672 4112 5058
4 709 578 740 3904
4 2204 2244 2206 4161
4 3517 3718 3404 3892
4 3403 4464 3894 4789
4 3692 3923 4025 4712
4 1351 4823 3932 5207
4 3616 4437 4140 4571
4 3728 4878 4644 5248
4 1487 1116 1486 5214
4 1583 1135 1087 4485
4 3102 435 35 3681
4 3693 4147 4579 4725
4 1666 1214 1212 5146
4 3487 3615 4625 4648
4 100 3663 3950 4077
4 2400 3841 2402 4821
4 1244 4636 4473 5150
4 3600 4782 4067 4979
4 1449 5069 1469 5205
4 3121 3579 43 4493
4 3468 3883 4863 4966
4 3607 3393 3998 5043
4 594 716 775 4596
4 1415 1474 1476 4579
4 3381 4101 3542 4878
4 3386 3776 4247 4610
4 1738 1862 1739 4587
4 3979 4934 3594 5163
4 1213 1269 1605 4686
4 2619 2324 2620 4663
4 3383 4014 4745 4888
4 1411 1689 1282 3924
4 3763 4275 3797 5131
4 1606 4462 1612 4808
4 741 636 4885 5012
4 1116 1488 4120 4610
4 3408 4894 4168 5039
4 3017 400 12 3936
4 3713 4614 3461 4943
4 3745 4716 4203 4896
4 3731 4814 3919 5077
4 121 3739 564 4731
4 3440 4222 3706 5150
4 820 821 816 4397
4 2600 4304 3519 4351
4 3800 3469 4384 4540
4 3426 4346 3654 4805
4 3425 4420 3887 4841
4 3710 4101 3564 4494
4 3376 4121 4783 4826
4 3643 4031 2098 4658
4 3472 3862 4294 5149
4 2878 2965 4032 5090
4 43 3761 446 4493
4 3753 3509 4136 5008
4 2399 2446 2398 4072
4 4134 4341 3573 4834
4 3408 3780 4157 4908
4 1668 4454 4021 4659
4 3484 4466 1833 5039
4 3943 4108 3798 4689
4 1073 1075 1614 4345
4 1672 4794 3954 5218
4 3782 4737 3479 4982
4 3457 4141 3720 4398
4 1231 3795 1507 5007
4 708 1847 590 4525
4 3613 3998 3774 5065
4 2164 2582 3544 4678
4 1944 1946 3939 4194
4 25 4549 3616 4681
4 479 3178 60 4809
4 2706 4032 2589 4904
4 3571 4505 4016 4787
4 1078 1079 1077 4374
4 4207 4347 3741 4548
4 1262 4403 3832 4453
4 3764 4328 3647 4383
4 3376 4826 4783 5152
4 678 779 4568 4957
4 3516 4457 3736 4503
4 3835 4523 4471 5034
4 1470 4067 1493 4507
4 122 2134 3847 4215
4 3841 4532 2402 4821
4 3625 4021 4795 4939
4 3757 3460 4224 4947
4 513 4113 83 5005
4 3613 4188 3405 5065
4 3483 3824 2644 4227
4 1196 1198 1197 4129
4 3133 3135 3132 4436
4 3723 4135 3823 5160
4 2942 2873 3871 4827
4 3473 3944 3637 4286
4 2634 2320 2616 4438
4 2031 2046 2038 3570
4 3766 4842 624 5081
4 2523 4093 2457 4749
4 3946 4283 3604 4562
4 1133 4147 1476 5246
4 771 4596 631 4891
4 3946 4562 3604 4630
4 71 3578 3191 4541
4 3857 4504 3407 4932
4 1618 3748 1724 5096
4 3604 4283 3946 4630
4 2974 2830 4062 4344
4 4300 4337 3489 4603
4 111 4028 3664 4606
4 3591 5055 3869 5075
4 3414 4441 3705 4717
4 861 878 4382 4500
4 886 891 813 3735
4 3463 4214 4135 4319
4 3491 4434 3746 4552
4 1047 3823 1048 4645
4 3465 4298 4803 5043
4 3657 3424 4555 4692
4 2038 3570 2046 4024
4 2516 2699 3925 4008
4 714 593 1023 4196
4 10 398 3953 4850
4 4100 4640 3485 5219
4 3509 4146 3779 4728
4 2018 2024 2021 4710
4 2099 2594 4658 4844
4 1294 4544 3840 4829
4 121 3739 4101 4145
4 582 4221 1891 4873
4 4103 4206 1629 4585
4 2555 2556 2587 4316
4 3851 4545 3880 4985
4 3196 3198 3195 5157
4 3792 1722 4485 4578
4 779 3825 610 4568
4 2566 3480 2715 4355
4 3553 3697 4807 4855
4 101 533 4077 4969
4 3908 4273 3371 4468
4 599 3893 742 4966
4 2980 2904 3010 5051
4 4044 4797 3666 4914
4 3487 3839 3615 4648
4 431 3778 3519 4304
4 2007 4609 2005 5119
4 3458 3689 4098 4674
4 1716 3900 4280 4625
4 1551 4126 1549 5231
4 3607 3998 4178 5043
4 3822 3498 4641 4711
4 3782 3479 4737 5143
4 2863 4706 3921 4864
4 599 733 4094 4966
4 4778 4889 4013 4980
4 3657 3424 4692 5060
4 2516 2514 4497 5151
4 3713 3468 4445 4920
4 3477 3483 4115 4825
4 3584 3837 4102 5142
4 2650 2655 2066 3981
4 1633 4033 1246 4299
4 3726 3833 3518 4151
4 3245 3737 3243 4112
4 2024 3806 2607 5061
4 1080 1114 1645 4611
4 995 720 1840 4023
4 829 891 3735 4630
4 2486 2487 4446 4482
4 2040 3850 2008 4512
4 27 3824 422 3962
4 4197 4856 2729 5029
4 4176 3748 5067 5139
4 1977 3617 4268 5240
4 3484 4053 3878 4894
4 3584 4724 3861 5230
4 4010 4760 3584 5142
4 904 398 10 951
4 891 4372 3735 4630
4 1440 1434 1335 4419
4 3424 3657 4555 5060
4 3376 4783 3557 5152
4 1740 3781 4771 4819
4 3489 3379 4116 4775
4 4061 4389 3852 4786
4 730 739 3480 4510
4 3379 3489 4300 4775
4 2225 3505 4444 5088
4 3930 3444 4569 4755
4 1750 4236 3943 5226
4 1370 3970 1369 4230
4 2432 2486 3974 4292
4 3759 4100 1549 4733
4 3435 3783 3666 4139
4 3451 3958 4699 4700
4 3575 3954 3416 4358
4 3503 4726 4375 5240
4 2145 3673 1945 4194
4 3646 4211 3907 4987
4 2994 2898 4784 5129
4 2103 3916 2105 4988
4 1249 4186 1388 4685
4 1813 4164 3871 4656
4 1062 1060 1164 4762
4 1180 4052 1181 4303
4 2298 3462 2638 4138
4 3442 3802 3692 5188
4 3893 4863 4861 4966
4 1305 1303 1304 4117
4 1260 4752 3750 4755
4 3547 3856 4782 5015
4 3638 4584 4229 4745
4 2376 4170 2544 5049
4 1410 1854 4331 4427
4 1716 1623 3900 4625
4 1269 1606 1605 4462
4 675 4474 3758 4957
4 3519 4360 3734 5110
4 3558 4004 3608 4533
4 620 767 625 3765
4 3661 3395 4293 4501
4 2335 2724 1931 5064
4 1599 4041 4469 4853
4 999 4126 2802 4363
4 1269 4257 4462 4806
4 3636 3581 4220 4980
4 3374 4483 3991 4937
4 3728 4046 3447 4624
4 632 5172 3711 5183
4 3574 3694 59 4424
4 2168 3794 2132 4438
4 2333 3901 5176 5192
4 2314 3800 2181 4764
4 1393 1395 1426 4238
4 3719 3467 4786 4844
4 3461 3909 4892 5085
4 3656 3374 4323 4586
4 1295 4511 4544 4829
4 3501 3853 3948 4905
4 3679 4672 3459 4988
4 1544 1226 1224 4074
4 925 931 3945 4531
4 2915 3877 2731 5176
4 741 5012 4885 5234
4 1763 1327 1328 4898
4 1182 1248 1675 4081
4 2911 2686 2812 4008
4 3394 3664 4048 4937
4 3731 3538 4149 5198
4 1963 2069 1961 4155
4 618 593 4196 4816
4 4062 4210 3602 4344
4 3457 3720 4141 4601
4 2815 2912 2674 4029
4 73 492 4282 4770
4 1455 1132 1045 4935
4 2017 1952 1954 4710
4 2602 3763 4371 5131
4 1975 4268 2010 4736
4 922 979 921 4258
4 3421 3806 4163 4386
4 2284 2692 3753 4977
4 3751 5087 3641 5101
4 3985 4089 3502 4788
4 2318 2388 3524 4518
4 3168 59 470 4424
4 2518 2126 2169 4213
4 3527 4618 3472 4626
4 2372 2668 2316 4946
4 3697 4855 4599 4885
4 3404 4572 3911 4662
4 1197 1196 4129 4475
4 3544 4131 2164 4262
4 3887 4391 3926 4971
4 3410 3550 4186 4238
4 3486 3737 3629 4060
4 790 744 789 4084
4 997 605 711 4042
4 1484 1486 1054 5214
4 3898 4767 4330 4792
4 4186 4285 4038 5048
4 2917 2798 1931 4064
4 3569 4526 4387 5112
4 2555 2587 2155 4844
4 3750 3424 4198 4597
4 2433 4134 2431 4292
4 3502 3837 4158 4713
4 14 4450 406 4850
4 1472 4066 1044 4645
4 3391 4019 3556 5104
4 1429 1820 1390 4199
4 3445 4277 4021 5223
4 3494 3998 3393 4416
4 3455 4665 3762 5167
4 2492 2494 3556 4411
4 878 3810 849 4500
4 873 4089 877 4158
4 1116 4120 1613 4247
4 3482 4321 3802 5117
4 3700 4286 105 4595
4 1424 1422 3435 4480
4 3086 3087 3085 4408
4 3387 4030 3882 4748
4 485 4218 69 4529
4 3425 4314 3887 4420
4 3404 4016 3835 5034
4 3835 4016 3571 5034
4 1175 1259 1260 4198
4 3529 105 4286 4595
4 3392 3809 4152 4489
4 4032 4446 3640 5090
4 2666 2302 2665 4290
4 1979 482 3704 4156
4 108 4401 3858 4534
4 2687 3711 5172 5183
4 2977 2851 4261 4373
4 3424 4010 4198 4597
4 1501 1531 1397 4620
4 1040 3996 1041 4486
4 1386 1385 1853 4283
4 2036 4028 4323 4886
4 3809 4283 3475 4359
4 4008 4497 2996 5173
4 2687 3711 2363 4959
4 3584 3825 4724 5230
4 2099 4658 4313 4844
4 2259 2257 4178 5222
4 654 3549 4516 5228
4 405 11 3666 4335
4 2145 1945 1943 4194
4 2600 2094 4304 4351
4 3632 4781 4404 5129
4 1243 1042 4066 4430
4 3454 3885 4036 4704
4 775 4119 631 4596
4 2865 4706 2863 4864
4 652 3904 740 4837
4 1593 1573 1576 4971
4 3724 4247 4120 4857
4 2024 2031 4293 5061
4 2631 2343 4572 4722
4 97 3695 528 3987
4 1379 3905 1452 4517
4 1662 1309 1311 4219
4 3666 4797 3435 4914
4 1385 4283 1386 4359
4 1996 4240 3546 4886
4 2531 1989 104 4901
4 2408 2410 3861 5230
4 3595 3762 4504 4665
4 2430 3541 2089 4051
4 3435 1876 4615 4914
4 3755 4277 1620 4454
4 2895 2897 2896 4781
4 39 3730 442 4991
4 3692 4986 4809 5059
4 520 4004 3267 4457
4 2366 2360 2364 4298
4 505 3230 3228 4318
4 2208 3539 2209 3767
4 3577 4392 3552 5089
4 2994 2910 4341 4784
4 2008 3850 2009 5119
4 1628 3434 4648 4817
4 3895 4589 4041 4989
4 2051 120 3739 4731
4 3463 4608 3481 5054
4 3378 4753 4774 4915
4 423 27 3814 4115
4 3866 4384 3919 4814
4 3513 4276 3915 5173
4 3387 3882 4030 4633
4 3388 3683 4169 4912
4 3405 4188 3680 5065
4 3507 3432 4407 4900
4 3101 443 36 3956
4 3679 3459 4127 4988
4 3445 3915 4277 5223
4 3984 4486 1037 5028
4 3677 4912 4450 5148
4 4781 4784 2898 5129
4 4206 3749 5134 5248
4 3581 4841 3896 5133
4 4494 4794 3710 4851
4 2036 4028 2642 4323
4 779 678 676 4957
4 4057 4554 4037 4701
4 3472 4618 3690 4626
4 3203 3572 73 4282
4 2974 2984 2830 4344
4 1588 3867 4272 4607
4 2050 3739 3521 4731
4 1695 3867 4144 5175
4 3399 4327 3811 4778
4 1157 1146 1692 4631
4 738 4079 4557 5002
4 4144 4236 1747 5226
4 997 1811 605 4042
4 3720 3457 4398 4498
4 449 3701 2767 4252
4 3886 4148 3613 4738
4 3887 3926 3675 4841
4 3899 4896 3745 4996
4 1946 3939 4194 5011
4 3581 3896 4559 5133
4 3980 4023 3409 4516
4 2926 2812 1925 4497
4 471 57 3986 4002
4 681 5037 3997 5137
4 1777 1836 1443 4071
4 122 3847 2323 4890
4 886 829 3735 4630
4 124 3789 4456 5135
4 709 1844 3904 4502
4 1200 1246 4033 4981
4 3539 4668 3767 5038
4 1740 1511 3781 4819
4 2024 2607 2031 5061
4 2121 2119 2120 4399
4 629 4650 4742 4891
4 2686 4008 2911 4824
4 3876 3923 3470 4671
4 2415 2055 2413 3999
4 3421 3824 3645 4386
4 1200 1246 1202 4033
4 3724 4120 3386 4857
4 3416 4160 4449 5243
4 783 4514 4634 5212
4 3717 3417 4554 5125
4 3521 3710 4449 4600
4 3796 4710 2017 5153
4 1377 1802 1379 4666
4 2520 4019 2491 4461
4 3849 4365 4176 5139
4 3900 4114 3446 4166
4 470 58 4424 4616
4 3392 4152 3809 5241
4 2188 4179 2190 4906
4 3445 4795 4021 4939
4 105 4122 3529 4286
4 1679 4068 3868 4389
4 654 4516 3549 5002
4 3442 4563 3802 5188
4 3411 4223 3908 4459
4 2433 2432 2712 4292
4 3991 4483 3664 4937
4 3591 4099 5055 5075
4 1308 4219 4378 4593
4 3690 3512 4183 4312
4 3494 3393 3998 4260
4 3531 2417 4409 5211
4 4031 4195 33 4526
4 2073 2135 2134 3847
4 2731 2915 2821 5097
4 934 4709 937 4768
4 3885 4704 3904 4836
4 3391 3760 3556 4461
4 771 629 4742 4891
4 19 3053 411 3902
4 763 747 612 5037
4 2005 5119 3884 5236
4 3687 1113 4607 5190
4 3516 3736 4514 4634
4 2862 2863 3921 4864
4 1325 1327 4054 4354
4 632 3711 627 4891
4 3454 3707 4036 4291
4 2344 2716 2236 3690
4 3452 3702 3968 4375
4 2187 4445 3805 4906
4 3000 2984 2931 3835
4 2618 2029 2030 3829
4 1663 3895 1115 4589
4 1472 1044 1046 4645
4 3460 3722 4719 5144
4 773 769 689 4814
4 3385 3676 4347 4375
4 127 3367 575 4253
4 2202 3873 4161 5191
4 1613 1116 1488 4120
4 2942 2877 2873 4827
4 4146 4193 1519 4992
4 1564 1566 4080 4659
4 2605 2606 4174 4955
4 1245 1563 1562 4080
4 2502 4279 2542 4994
4 3873 3454 4751 5191
4 2558 2557 2559 4185
4 3378 4133 4753 4915
4 3629 3737 3486 4673
4 2167 2168 2318 3794
4 1451 1132 4425 5056
4 3543 3708 4700 5195
4 839 879 834 4728
4 3457 4422 3811 4601
4 3689 3569 4475 4963
4 3391 3556 4019 4461
4 1548 1652 4373 4733
4 3745 4203 1338 4996
4 4093 4429 3634 5206
4 3385 3702 4375 4971
4 3658 28 4051 4926
4 654 4394 3549 5228
4 2443 2575 2525 4309
4 3832 4380 3687 4921
4 4393 4590 3453 4907
4 2084 3523 4405 4447
4 4132 4649 884 4865
4 3795 4181 3373 4537
4 3132 458 51 4436
4 2867 2987 2973 4185
4 2542 4279 1982 4994
4 127 3789 4075 4253
4 735 800 4295 4885
4 2106 4333 3896 5187
4 1451 5056 4425 5140
4 3411 4041 4469 4989
4 3512 3433 4278 4312
4 3373 4449 4181 4600
4 2185 4251 2184 4591
4 2918 1007 4020 4867
4 1232 1231 1507 5007
4 3420 4665 4987 5167
4 1620 1619 1559 3755
4 1833 4466 3484 4812
4 2281 2279 2282 4046
4 1305 4117 3863 5099
4 3412 4690 4306 5134
4 4127 4185 3598 5062
4 1432 1864 3894 4474
4 3760 3391 4379 4461
4 3271 92 3562 4847
4 9 914 916 3738
4 1188 1190 1189 4437
4 1189 1274 1187 4437
4 3399 4085 4601 5144
4 3505 89 3733 4376
4 3378 3807 4147 4725
4 3520 4017 3741 5026
4 2621 3799 2761 4663
4 3008 2913 3006 3901
4 799 3883 745 4861
4 1023 1779 714 4196
4 467 3633 3150 4395
4 2646 2475 2141 3520
4 3702 4172 4078 4392
4 2699 2515 2516 3925
4 3458 4098 3819 4746
4 2408 2409 2410 5230
4 4118 4309 3634 4652
4 1593 1592 1241 4420
4 3864 4528 3915 5145
4 3587 3952 3497 5100
4 3429 4980 4481 5017
4 3669 4108 4308 4711
4 1185 1275 1183 5179
4 49 4547 4265 5219
4 1759 1475 1416 4300
4 3168 3574 59 4424
4 1972 4736 1971 5016
4 2027 4093 2523 4383
4 3974 3640 4446 5090
4 3446 4114 3682 4721
4 1128 1595 4902 5200
4 1048 1471 4433 5160
4 3491 3860 4238 5161
4 3994 4735 3448 4908
4 3449 3757 4399 4689
4 4101 4664 3381 5066
4 3697 4599 3406 4602
4 1176 3442 4712 5188
4 3722 4301 3811 4327
4 1133 4133 4147 5246
4 3919 4637 685 4814
4 637 636 4599 4885
4 1128 4902 3815 5200
4 516 3733 89 4653
4 2068 3453 2058 4590
4 3766 4757 624 4842
4 2610 2041 4145 5066
4 3549 3846 3409 4516
4 1469 1125 4212 5069
4 1754 1533 1534 4779
4 1824 3820 1429 4685
4 1306 1603 1332 4378
4 1793 1385 1857 3779
4 3519 4948 4360 5110
4 649 1842 1031 4502
4 1703 4206 4690 5036
4 448 3668 3623 4252
4 3818 4413 3967 5085
4 3371 4223 3908 4948
4 2676 611 710 4099
4 713 796 756 3712
4 3819 4484 3401 4746
4 3564 3710 4494 4794
4 36 3926 3675 3956
4 2141 3520 2475 4697
4 4147 4579 1476 5246
4 3633 52 4150 5046
4 516 89 3733 4439
4 3821 4084 2746 4564
4 3843 3454 4001 4704
4 3438 1157 4631 5130
4 2643 2592 2593 4701
4 3435 4012 3830 4480
4 3804 4659 1666 5146
4 2185 3805 4251 4591
4 3745 4212 3899 4996
4 3570 3395 4293 5132
4 1566 1563 4080 4974
4 1892 2422 2755 3919
4 3527 3379 4026 4590
4 3775 4880 4667 5045
4 2567 3264 523 4355
4 2290 3593 2727 3721
4 1077 1079 1128 3815
4 3397 4242 3951 5096
4 3001 2806 4065 4523
4 1689 4427 3924 5198
4 3855 4216 1848 4525
4 3968 4375 3702 4971
4 677 751 4102 5137
4 2185 2583 4251 4465
4 3646 3973 3672 5237
4 2906 2889 2963 3936
4 3809 5044 4011 5216
4 3431 4469 4387 5112
4 2561 2172 3896 4910
4 4004 4426 3430 4457
4 4089 4698 4158 5098
4 2480 4279 3772 4887
4 2316 2666 2315 4217
4 2829 2939 2922 3784
4 3426 4538 4174 4807
4 1619 4301 3755 4348
4 3629 4113 3737 4673
4 3525 3374 3656 4822
4 3416 3833 4151 4884
4 1012 1438 1441 3835
4 3498 4108 3943 4689
4 1974 4268 1975 4736
4 1681 1326 3928 4521
4 3563 4155 3386 4248
4 4388 3608 4769 4932
4 28 3658 4051 4478
4 3093 440 3095 2651
4 3549 3409 3846 4643
4 1578 1076 1572 4875
4 1248 1390 1675 4919
4 3636 3741 3385 5133
4 1988 1986 2035 4707
4 521 92 3685 4353
4 604 789 781 4084
4 3520 4239 2475 4697
4 1071 1070 3882 4748
4 652 4502 3904 4837
4 3820 4199 1429 4685
4 1213 4308 1215 4806
4 4160 4794 4449 5243
4 3488 4494 4101 5123
4 2862 2865 2863 4864
4 3677 3898 4912 5148
4 1324 1681 1326 3928
4 2590 4001 2199 4350
4 4002 4321 3482 5009
4 856 1010 1795 3946
4 1014 1834 4406 4830
4 3915 4528 3445 5145
4 3774 3998 3613 5074
4 3003 4827 4341 4834
4 3739 3850 4664 5066
4 2407 2165 4546 4555
4 3419 4767 3686 5115
4 3708 4430 3451 4700
4 1093 1095 1136 4455
4 3679 4398 2107 5024
4 2370 2663 3881 4479
4 4002 3482 4929 5009
4 2121 2123 3761 4399
4 1897 2680 2923 3965
4 67 483 4207 4718
4 3722 4301 1210 4348
4 3562 3780 527 4629
4 1361 4416 3774 5074
4 1368 4148 3970 4738
4 3516 3671 4167 4514
4 4175 4804 3670 5184
4 444 2495 40 4411
4 3315 3314 3316 5071
4 785 4539 3801 5141
4 3565 4291 3777 4570
4 3736 4177 3712 5019
4 1557 1558 4040 5018
4 3383 4014 4888 5180
4 3549 4394 654 5002
4 3718 4575 3911 4662
4 4314 4672 3698 5057
4 1910 813 3735 4698
4 2056 569 3548 4027
4 2787 2961 2964 4071
4 470 4424 59 4616
4 3416 3954 3575 4730
4 3391 3760 3696 4256
4 3696 3760 3391 4379
4 1534 1685 1752 3908
4 1213 4308 3822 4686
4 2931 3000 3835 4523
4 2286 5064 4055 5247
4 3888 4414 1236 5250
4 2188 2190 2189 4906
4 3503 4374 3910 4481
4 1172 1552 5117 5188
4 4193 4790 1344 4992
4 3502 4271 3985 4788
4 2492 2491 4019 4461
4 4574 5011 3560 5054
4 2978 3862 2805 4954
4 613 4102 751 4397
4 2376 2377 2319 4087
4 3180 482 67 4548
4 3748 4570 1724 5096
4 473 3718 2148 4232
4 1634 4995 3787 5113
4 1545 1258 3966 4733
4 3834 5014 4362 5229
4 3423 3692 4809 5059
4 3478 4049 3920 4695
4 625 615 752 4338
4 3293 3586 537 4079
4 3949 4560 4528 4939
4 1495 4271 3803 4931
4 3917 4803 4298 5201
4 3788 4672 3425 5057
4 3391 4765 4019 5104
4 95 3270 527 3971
4 781 4470 665 4964
4 3989 4513 3958 4699
4 1710 1160 1504 4472
4 2919 2870 1812 4656
4 1661 1660 1408 4130
4 3758 4022 1433 4597
4 1707 4111 3848 4603
4 1630 1629 4206 4585
4 3505 3733 89 4439
4 2680 2521 3903 4560
4 3843 4564 4143 4895
4 2126 2125 2124 4213
4 1121 1125 1124 4212
4 3432 4739 3662 4808
4 3525 3656 3374 4323
4 3840 3471 4476 4895
4 3981 4240 2650 5102
4 3464 4161 3725 4680
4 3461 4943 4614 5063
4 3904 4476 3885 4836
4 2676 1921 611 4099
4 52 460 3633 4312
4 1943 1942 1940 3958
4 822 873 4158 4713
4 1737 1061 3762 5070
4 2030 2618 3829 4907
4 3806 5061 4293 5132
4 3683 3419 4154 4767
4 3553 4113 3947 4361
4 3599 4690 3813 5134
4 787 799 688 4861
4 4222 5104 3706 5150
4 2106 3896 2172 5187
4 3815 4902 4242 5200
4 2017 4710 4320 5153
4 1455 1045 3933 4935
4 3651 4432 4084 5239
4 1908 846 810 4132
4 3444 4851 4573 5123
4 3544 3403 4105 4694
4 3484 3606 4043 4352
4 3476 4856 4197 5029
4 3772 4279 2480 4897
4 3415 3874 4774 4997
4 3901 4064 3006 4657
4 839 4136 4728 4766
4 3860 4670 3631 4830
4 63 479 3173 4200
4 75 4137 3886 5178
4 2125 3579 2127 4493
4 2417 2444 3531 4409
4 3421 3824 4386 4825
4 1445 1358 1040 3793
4 3485 4312 3940 5219
4 3613 3561 3998 5065
4 3617 4110 3503 5240
4 3502 3837 4713 5142
4 1997 3858 1995 4401
4 1859 3627 1739 4587
4 1416 3836 1417 4729
4 1716 3900 1349 4483
4 3700 4128 4286 5010
4 3508 4258 3953 4524
4 2367 2365 2779 4577
4 861 3810 4382 4740
4 3412 3848 4472 5009
4 3402 4475 3689 5103
4 3412 4879 3813 5134
4 1673 1498 1866 4010
4 2772 3837 2697 4158
4 3380 4107 3928 5083
4 518 91 4190 5185
4 3856 4302 3547 4782
4 3812 4759 1288 5196
4 3453 3986 2058 4590
4 1446 2925 1003 4065
4 4124 3725 4798 4994
4 1391 1392 1393 4238
4 812 4698 2695 5098
4 4143 4564 3471 4895
4 879 3753 838 4728
4 3597 3633 4312 4553
4 1552 3493 4342 5117
4 3948 4736 3730 4870
4 3380 4054 3781 4594
4 843 4435 860 4671
4 3918 4091 63 4368
4 914 3580 9 4561
4 3843 3471 4564 4895
4 3376 4121 4826 4978
4 492 3715 73 4377
4 1733 1356 1357 4791
4 3781 4054 3380 4819
4 848 849 861 3810
4 2611 118 4035 4417
4 3817 3969 3415 4246
4 850 819 851 4071
4 3475 4372 3735 4977
4 2471 2574 3678 5030
4 2540 3883 2753 4445
4 1329 4022 1409 4487
4 4173 4245 3423 5059
4 461 3154 53 4467
4 2619 2312 2582 4663
4 3430 4004 3611 4683
4 23 3785 3570 4696
4 3974 2712 4834 5090
4 1216 5107 3669 5146
4 2449 3734 2652 4883
4 3793 3984 3499 4486
4 1591 1665 1262 4453
4 1522 1822 1642 4503
4 812 2695 4158 5098
4 4163 4386 3824 4825
4 2915 2988 2821 5097
4 783 4514 644 4634
4 1768 5014 3834 5229
4 3904 4476 3471 4704
4 1078 1077 4234 4374
4 1559 1620 3755 4925
4 2254 3993 1941 4628
4 3734 5110 4360 5210
4 3844 4660 3395 4848
4 1623 4114 3900 4625
4 1513 1735 3857 5070
4 1113 4785 1527 5190
4 625 752 620 3765
4 2247 2278 2277 5109
4 2316 2412 2372 4217
4 1433 3758 1865 4474
4 2444 3531 2296 4866
4 2425 4063 2658 4518
4 2430 3541 4051 4970
4 1269 4462 3822 4806
4 3459 4672 3679 5186
4 3475 3735 4372 4630
4 3611 4343 4107 5083
4 47 3128 4162 4226
4 826 830 3985 4089
4 3736 4514 3959 4629
4 429 27 3072 3962
4 2139 3856 2350 5015
4 3887 4391 1576 4993
4 870 884 4649 4865
4 2913 3901 3008 5176
4 4142 4668 3606 5038
4 2524 3671 2437 4431
4 3848 4579 1144 4603
4 857 3838 823 4264
4 3445 4021 4454 4659
4 3497 3563 4818 5100
4 4120 4247 3386 4857
4 3652 4807 3697 4955
4 662 4084 4432 5239
4 3395 3844 4212 4660
4 1176 4563 3442 5188
4 3405 3572 3912 4577
4 1413 4780 1373 5229
4 3653 4742 4650 4891
4 24 421 3061 4965
4 3688 3372 4081 4815
4 1244 1222 4241 4636
4 2683 2703 2684 4617
4 2398 3646 2140 4069
4 2432 3974 2712 4292
4 4010 4874 4271 5142
4 4809 4986 4091 5059
4 980 984 962 5184
4 3456 4627 3867 5227
4 3813 3599 5208 5224
4 4585 4878 3854 5216
4 3445 4454 3804 4659
4 1177 4414 3442 4632
4 1820 1700 1699 3880
4 3514 3823 4289 5152
4 1001 1864 729 3894
4 2987 2999 2929 4185
4 1296 3885 1298 4511
4 2166 5131 3797 5197
4 3597 4312 3940 4553
4 3889 4687 3474 4815
4 3452 4268 3676 4375
4 1149 1168 4181 4851
4 3398 3597 3511 5219
4 3999 4270 3717 5134
4 3915 3445 4528 4688
4 998 1849 1850 4094
4 3642 3829 4725 4941
4 3562 527 3971 4629
4 2376 2378 2544 4170
4 1657 1352 1297 4511
4 3378 4063 4725 4810
4 3279 3280 3278 4668
4 1009 1465 932 4006
4 3849 4176 3748 5067
4 3581 4559 4889 5133
4 4033 3698 4672 5057
4 855 891 888 4372
4 3570 3785 23 4758
4 1499 1498 1497 4760
4 3385 4347 4207 4375
4 2902 2904 2901 4793
4 1264 4859 3437 5199
4 1392 4695 3550 4984
4 984 4804 962 5184
4 1044 4066 1042 5156
4 3703 4501 3982 4979
4 44 4162 4182 5080
4 519 4104 3611 4805
4 3466 4479 4307 4737
4 2036 4323 2579 4886
4 2461 2120 2118 4090
4 1366 4425 1767 4604
4 2998 4367 2990 4904
4 802 893 866 4382
4 3717 5134 4554 5248
4 3600 4212 3899 5168
4 1172 1251 1552 5188
4 3764 4328 4005 5108
4 2415 3574 2245 4424
4 1403 1769 1768 3834
4 3376 4826 3922 4978
4 2449 2652 2600 4883
4 2165 3861 2408 4546
4 3467 3852 4389 4786
4 3513 4040 3755 4925
4 3617 2529 4268 4347
4 4321 4472 3482 5009
4 502 3939 79 4410
4 3764 3427 4356 4576
4 3702 4172 4392 4870
4 4315 4449 3521 4512
4 2204 4161 2206 4903
4 3395 4660 4212 5221
4 2830 2832 2974 4062
4 3468 4863 3893 4966
4 4308 4711 4108 4806
4 3513 3755 4040 4492
4 708 659 3855 4525
4 1129 4579 3693 5246
4 3954 4537 1277 4732
4 2463 2551 2170 4204
4 2910 2714 2914 4341
4 603 1858 1029 4086
4 3884 4609 3518 5119
4 2968 2880 2945 5173
4 4059 4644 4311 5036
4 1545 4733 3966 4846
4 3545 4603 3848 4929
4 2425 2033 2658 4063
4 3551 3500 4170 5102
4 1689 3924 1411 5198
4 1549 3759 1548 5174
4 3616 4140 3688 4571
4 3939 4260 79 4410
4 1819 585 1816 4177
4 2626 2434 2717 4134
4 4044 4763 1437 4914
4 1545 3495 4733 4846
4 2149 2150 2084 4508
4 1128 4233 3815 4902
4 771 775 631 4596
4 3729 3941 3547 4214
4 3749 4690 4206 5134
4 4037 4076 3381 5066
4 1149 4181 4794 4851
4 2912 1899 2674 4029
4 3545 4337 4147 4579
4 3374 4543 3525 4886
4 100 3663 3767 4142
4 3858 3981 3566 4627
4 1278 5007 1279 5249
4 1090 1753 4754 4881
4 3703 4979 3419 5115
4 3714 4245 4173 5059
4 3374 3525 4323 4886
4 3635 4908 3994 5052
4 1701 1386 1506 4283
4 3457 4498 3788 5186
4 2844 3007 2956 4126
4 3485 4278 4269 4714
4 4020 4867 1655 4974
4 2757 581 705 5244
4 1038 4742 3984 5028
4 3709 4786 3852 5114
4 3514 4574 3560 5054
4 3419 4946 3703 5115
4 3766 4191 3765 4757
4 3412 3694 4270 4907
4 3553 4208 3629 4361
4 3379 4111 4603 4929
4 1287 1288 4759 5196
4 1211 1270 1209 4327
4 37 3771 2173 4550
4 3313 3312 547 3938
4 3545 4337 4579 4603
4 3744 4490 959 4961
4 3249 3248 3247 4007
4 3416 3850 4884 5243
4 3638 4272 3867 5227
4 3338 3339 3340 3839
4 4206 4690 3599 5134
4 787 4637 4171 4861
4 3433 4312 3633 4419
4 3619 4201 4170 4582
4 3589 3395 4660 4848
4 1039 1041 1042 5156
4 2854 3696 4369 4867
4 2903 2902 4009 4854
4 1731 4187 1355 4771
4 3446 4166 3656 4586
4 3774 3393 4192 4800
4 3797 3515 4667 5197
4 3859 4786 3719 4913
4 3697 4602 3652 4955
4 3086 3085 3084 4916
4 3415 4453 3775 4667
4 1419 4569 1418 4755
4 1240 3943 1746 4257
4 1199 1676 4129 4993
4 3584 4102 3825 5230
4 610 2764 703 4568
4 2859 4795 4872 4960
4 3615 3839 3434 4648
4 3082 430 30 4883
4 2625 2289 2586 5251
4 662 4084 789 4432
4 3914 4240 3525 4543
4 1166 1659 1097 4280
4 3743 4455 4056 4534
4 2139 4320 3856 5015
4 1495 4152 1496 4931
4 3545 4147 3807 4725
4 2261 4298 3869 4942
4 1140 4160 1141 4794
4 3622 4810 4063 4915
4 2300 2303 2444 3898
4 3856 4302 3703 5013
4 3608 3685 3407 4533
4 3888 3892 3404 4662
4 1600 4469 4041 4989
4 527 92 520 4457
4 3868 4068 3467 4389
4 2999 4185 2987 5202
4 3393 4800 3774 5043
4 416 3058 3059 4405
4 3466 4307 4153 4737
4 1576 1592 1593 3887
4 3890 3950 3409 5082
4 68 3988 491 4676
4 1816 585 672 4177
4 3733 4388 3608 4769
4 2998 2990 2814 4904
4 1688 1858 992 4086
4 3825 4102 3584 4702
4 1658 1246 1633 4033
4 959 938 3744 4961
4 637 3769 759 4885
4 3800 4465 3538 4973
4 2026 1966 2581 3790
4 3425 4420 3788 5057
4 1141 1140 1120 4160
4 3005 4278 2843 4363
4 2184 4251 2183 4764
4 2285 3841 2400 4821
4 3790 4652 4118 4871
4 1826 2936 4009 4125
4 2735 1913 2821 5097
4 3498 4257 3822 4641
4 1406 4362 3786 4990
4 2377 2658 2319 4518
4 3404 3718 3517 4572
4 3883 4445 3805 4465
4 1272 1597 1596 4469
4 1995 109 3858 4918
4 3431 4387 3956 5112
4 4413 4761 4109 4923
4 2433 2717 4134 4341
4 885 3838 857 5073
4 595 3942 1898 5234
4 3583 4703 3821 4837
4 11 965 398 3953
4 3451 4699 3711 4747
4 3269 3268 3267 4104
4 3411 4045 4223 4469
4 3471 3821 4084 4432
4 51 3794 3511 4436
4 3513 4008 3925 4838
4 3925 4008 3598 4838
4 603 682 1858 4086
4 3974 4292 2486 4482
4 3422 4290 3898 4767
4 3898 4290 3686 4767
4 2576 4218 3831 4442
4 3379 4590 3665 4929
4 446 2562 42 4493
4 3419 4767 3683 4792
4 2036 1994 110 4028
4 84 3672 3973 4112
4 3538 3800 4973 5077
4 3550 4491 4049 4695
4 3623 3668 2847 4252
4 3562 92 3780 4735
4 2336 4336 3957 5051
4 3518 3979 3726 4884
4 1178 4632 4111 4729
4 3550 4049 3902 4695
4 3712 4346 3736 5019
4 2301 4450 3508 5148
4 3878 4466 3484 5039
4 882 819 1883 4071
4 1118 1484 1053 4996
4 3758 3618 4724 4957
4 4885 5012 3697 5234
4 3408 4431 3562 4908
4 3379 3665 4002 4929
4 3902 4695 4631 4984
4 1677 3852 1626 4981
4 3702 3452 4172 4870
4 1703 1704 4206 5036
4 3698 4129 3402 4708
4 2010 1973 4736 4991
4 3416 4449 3559 4512
4 3641 4267 3590 4606
4 41 4092 3696 4256
4 2306 2632 2631 3911
4 3973 4289 3557 4750
4 3848 3482 4472 5009
4 731 4023 4516 5002
4 100 3279 532 4668
4 3417 4270 3717 4701
4 3390 3884 3551 5049
4 3586 4053 755 4466
4 3608 4653 3733 4769
4 3402 4313 3719 4786
4 1510 3438 4317 5130
4 1849 657 1024 4525
4 3441 4054 3672 4791
4 3519 3845 3371 4351
4 3393 3774 4192 4416
4 1526 1854 3893 4331
4 3796 4320 4710 5153
4 2658 4063 2033 4518
4 3486 3629 4673 4898
4 1263 1756 3817 5199
4 2984 3000 2831 3835
4 76 4214 3650 5155
4 4315 4449 3559 4730
4 3411 3908 4223 4948
4 3828 4322 3375 5109
4 1551 4126 999 4363
4 3547 4302 3856 5015
4 3386 4155 3563 4818
4 3467 4786 3859 4913
4 3923 4435 1741 5084
4 2069 4155 1963 4580
4 2400 2285 2282 4310
4 2089 3541 2151 5251
4 1764 1460 1472 4517
4 1100 1102 3927 4785
4 1293 3909 1291 4877
4 723 3989 1937 4400
4 2305 2423 3517 4340
4 1529 1843 3980 4381
4 1256 4301 1208 4422
4 4120 4452 1533 4779
4 3899 4927 4567 5076
4 3008 3901 2892 5176
4 3775 4453 4074 4667
4 2352 2368 4320 5153
4 3710 4181 3564 4449
4 1689 4427 1284 4506
4 3883 4465 3805 4863
4 1715 1628 1712 4625
4 2816 1901 2835 4244
4 3821 3471 4084 4564
4 3679 3425 4333 4498
4 3906 4576 4345 4905
4 3527 4026 3379 4116
4 1601 1752 1273 4223
4 3776 4203 3421 4716
4 3475 4460 4310 4646
4 2527 2542 2502 4279
4 2542 2063 1982 4279
4 3363 573 3364 4237
4 3421 4386 4163 4825
4 3406 3567 4361 4602
4 3433 4244 3512 4278
4 3481 4608 3384 5054
4 686 4637 787 4861
4 3888 3442 4025 4712
4 1238 1483 1055 4962
4 3768 3409 4643 4675
4 1003 1790 1568 4523
4 745 4861 3883 4966
4 2153 4292 3658 5111
4 3441 3947 3672 4054
4 2075 2136 2147 3657
4 3399 4085 3791 4697
4 1708 4245 1521 4992
4 2514 3864 2685 4497
4 478 4091 3918 4535
4 2301 2341 3508 4850
4 3854 3599 4644 5248
4 3419 4507 4154 5115
4 3550 3920 4491 4695
4 2329 14 2299 4450
4 1912 4102 2411 5230
4 3106 37 437 4654
4 2896 2899 4404 4781
4 1209 1208 1210 4301
4 3850 4512 3833 5119
4 2931 1441 2860 4523
4 1300 1302 1301 4291
4 559 3336 114 4551
4 3595 4388 4932 5242
4 2594 3719 4658 4844
4 3503 4481 3910 4718
4 2224 3505 4439 4444
4 3948 4093 3501 4633
4 1640 4036 1298 4836
4 2259 4178 3912 5222
4 3718 3470 4575 4662
4 1178 1710 4111 4632
4 3016 3580 400 3936
4 39 4078 3702 4556
4 3393 3993 4622 4682
4 1767 1366 1491 4425
4 1648 4636 3440 4852
4 1637 3444 4573 4752
4 2253 2607 2024 3806
4 3805 4445 3883 4863
4 3867 4272 3456 5227
4 2347 4602 3697 4955
4 3763 4371 3456 5227
4 2347 4955 3697 5012
4 4155 4818 3628 4983
4 4219 4352 3635 4843
4 2568 4109 2194 4413
4 4110 4234 3503 4726
4 642 3476 4053 4197
4 3400 3579 4364 5000
4 1495 1247 1496 4152
4 3133 457 3135 4436
4 751 4102 3997 4397
4 727 622 714 4196
4 2646 2141 2505 4559
4 2277 3828 4522 5109
4 2167 2657 50 4734
4 3415 4246 3969 4880
4 3577 4748 4172 4853
4 1269 1213 1215 4806
4 1903 2333 3901 5176
4 28 4051 424 4478
4 1549 3759 5174 5231
4 1353 1725 1657 4570
4 1086 3944 1088 4813
4 3865 4489 3735 4821
4 1876 3435 1422 4797
4 3641 3751 3414 4267
4 3388 3783 3677 4912
4 2906 2963 2824 3936
4 2636 2504 4356 4383
4 3712 4295 3426 4346
4 2030 4270 3829 4967
4 3667 3479 4531 4737
4 2209 2208 2210 3539
4 2596 2597 4325 4964
4 52 3633 4150 4312
4 3719 4313 3402 5103
4 3565 4117 3707 5022
4 1564 1566 1563 4080
4 3373 4181 3795 4600
4 3679 3457 4398 4796
4 1163 1616 1084 4443
4 3488 4456 5135 5216
4 1272 1195 4475 4963
4 1281 1540 1278 4202
4 2575 3608 2442 4653
4 1837 817 1884 4264
4 3888 3470 3923 4025
4 1546 4846 4636 4852
4 3551 4095 3390 5215
4 1503 4562 3985 4931
4 756 3712 796 5019
4 3958 3993 3543 5209
4 2244 2502 2501 4798
4 3725 4279 3397 4741
4 3994 5052 3932 5207
4 3503 4110 3617 4207
4 3288 530 98 4756
4 2257 4942 4178 5222
4 1634 4299 3787 4995
4 3587 3952 3814 4509
4 2283 3768 4643 5170
4 1989 2067 1987 4442
4 3587 4120 3497 4452
4 3407 4533 3685 4743
4 1630 1703 1704 4206
4 3534 3578 3397 4499
4 2923 2946 2793 3965
4 667 3586 755 4466
4 3648 4154 3834 5229
4 1788 1877 918 4763
4 873 877 812 4158
4 1369 1765 1372 4153
4 1156 1453 3996 4416
4 3583 3846 4703 4909
4 2246 3585 4091 5109
4 3498 4090 3757 4689
4 107 542 3751 4249
4 3406 3697 4602 4855
4 1284 4506 3682 5196
4 3520 4239 3678 5026
4 3587 3386 4120 4610
4 751 3997 748 4397
4 3909 4048 3394 4284
4 3443 4604 1366 4738
4 1293 1291 1292 4877
4 3924 4385 3747 5249
4 3561 4803 4298 5043
4 1257 1666 1212 4348
4 1753 1090 1610 4881
4 886 3735 813 4698
4 3396 4352 4219 4843
4 3817 4753 4147 5199
4 1477 4133 1478 4753
4 3768 4675 3846 5170
4 3959 4514 3671 4629
4 4074 4453 3626 4667
4 3379 4720 4775 5068
4 862 890 860 3876
4 3633 4096 3597 4312
4 1259 1329 1260 4597
4 3697 4602 2347 5012
4 857 885 823 3838
4 1561 1800 4276 5018
4 3484 4043 4255 4352
4 4351 4195 4948 5110
4 3404 3517 3892 4505
4 2261 3869 2358 4942
4 967 4615 899 4914
4 3579 2127 4493 4933
4 2742 700 3846 5228
4 420 3066 24 4681
4 3983 4119 3406 4747
4 3711 4119 3983 4747
4 3796 4826 3723 5152
4 3501 3882 4345 4905
4 2777 3568 2328 4091
4 2903 2902 2813 4009
4 2286 4336 5064 5247
4 3395 4691 3589 4758
4 3425 4498 3679 4672
4 700 3846 765 4703
4 3396 4328 4843 5182
4 32 3090 2174 4031
4 735 4295 3942 4885
4 1630 1631 1703 4206
4 3799 4789 3403 4835
4 2549 4084 4143 4564
4 508 3737 3973 4750
4 3579 3995 2127 4933
4 3780 4735 3994 4908
4 1276 1704 1505 3854
4 3398 3511 3597 4880
4 2403 4698 3735 4821
4 2032 1948 3481 5011
4 3604 4089 3985 4788
4 1407 4216 3840 4877
4 3418 4927 3899 5076
4 4114 4166 3900 4625
4 2605 2606 2280 4174
4 3948 4118 3387 5016
4 2787 4071 2964 4382
4 3873 4350 3454 5191
4 4387 4526 3956 5112
4 2032 3481 1948 4039
4 3531 4049 3478 4266
4 4509 5118 3477 5179
4 544 3977 3304 4595
4 3686 4330 3898 4767
4 3667 4307 3727 4531
4 3651 4840 4216 5063
4 2576 3507 2470 4218
4 2896 4404 3990 4781
4 408 3746 17 5001
4 1592 1271 1201 4314
4 3597 4265 3511 5219
4 2751 1927 2753 3883
4 1972 3948 4736 5016
4 1652 4373 3495 4852
4 1257 4348 1620 4454
4 839 4728 834 4766
4 1948 4039 3481 4574
4 1678 1677 1255 4389
4 1383 1339 1331 4496
4 2439 3963 2438 4769
4 785 623 3801 4539
4 489 4499 71 5157
4 2835 2707 2818 4106
4 4089 4158 873 4713
4 3684 4360 3734 5194
4 1182 1181 4081 4303
4 2979 2883 4688 5223
4 2902 2895 3820 4793
4 3745 3395 4212 5221
4 690 4814 4086 4951
4 3777 3414 4578 5020
4 11 3666 3953 4882
4 822 816 821 3837
4 3445 4795 3965 5223
4 1820 1429 993 3990
4 4818 4857 3628 4983
4 1986 4281 2035 4707
4 3831 4707 3536 4887
4 3393 3996 4622 5195
4 2989 4706 2865 4824
4 67 3192 489 4499
4 1740 4771 1512 4819
4 918 1877 898 4763
4 3407 4309 3790 4652
4 3982 4848 3655 4946
4 3403 3544 4105 4663
4 1146 3978 4660 5130
4 4219 4843 3635 5182
4 3432 3964 4739 4808
4 2167 50 4436 4734
4 2566 1918 2715 4510
4 3469 4832 4385 5007
4 1533 4120 1490 4452
4 1144 1707 1504 3848
4 2370 2662 4479 4893
4 3003 2957 4341 4827
4 3596 4586 3900 4759
4 3928 4343 3426 5083
4 3529 3977 3383 4122
4 3743 4754 4455 4839
4 2611 2427 118 4417
4 3650 4693 497 5155
4 3685 4309 3407 4743
4 3390 4087 4170 4921
4 778 790 721 3821
4 3395 3570 4691 4758
4 39 3676 3730 4991
4 1685 1534 1274 4452
4 1543 1274 1490 4452
4 4702 4724 3825 4957
4 2761 2621 1902 3799
4 3447 4644 3728 4878
4 1916 2772 2697 4158
4 2347 4955 5012 5234
4 3396 3606 4219 4352
4 3814 3952 3587 4899
4 2212 2211 2210 3539
4 2186 4591 2188 4906
4 111 3664 4534 4606
4 2337 2762 1887 3667
4 2161 2418 4226 4801
4 3521 4449 3373 4600
4 3564 4181 3710 4794
4 3276 531 97 4255
4 2409 3861 2165 4956
4 2363 4959 3711 5183
4 2478 2249 4109 5101
4 3809 4359 3475 4646
4 1490 1488 1489 4610
4 4135 4214 3463 5140
4 2611 118 2454 4035
4 3486 4517 3629 4898
4 51 4096 3807 4395
4 3564 3739 4449 5243
4 95 525 3736 4457
4 3568 3423 4025 4809
4 45 2767 1926 4252
4 1737 1134 1061 5070
4 3601 4421 3849 5004
4 557 3328 116 5091
4 3516 3671 4514 4629
4 3427 4726 3853 4905
4 3288 3289 3287 4869
4 950 963 910 4598
4 3747 5007 1278 5249
4 887 876 3975 4671
4 1517 1815 994 3871
4 3447 3728 4624 4878
4 3849 4443 1084 4813
4 2518 4275 3763 5131
4 3480 4514 3736 5019
4 3792 4578 3414 5020
4 1346 1178 4111 4729
4 3547 4377 2270 4693
4 3564 4449 4181 4794
4 3390 4095 3551 5091
4 3469 4385 4231 5007
4 3496 4636 1647 4846
4 3475 4283 3946 4359
4 1564 4659 4080 5146
4 2403 2404 2405 5098
4 2936 2813 1030 4009
4 3731 4149 3538 4637
4 4101 5135 3542 5216
4 2874 2878 4032 5095
4 3469 3747 4385 4832
4 671 604 1888 4084
4 1086 1110 1088 3944
4 3995 4275 3515 5000
4 2568 2478 2249 4109
4 84 3233 508 4750
4 43 3761 3556 4411
4 867 856 3946 4562
4 1977 3617 2529 4268
4 2253 3992 2390 4386
4 4437 4571 3616 5118
4 3679 4333 3916 4988
4 4842 5081 3766 5086
4 1044 1243 1042 4066
4 3427 3853 4576 4905
4 2184 4551 2252 4591
4 3983 4599 633 5012
4 3418 4782 4305 5168
4 1561 4276 4925 5018
4 2268 3782 2269 4982
4 2657 2318 2388 3524
4 3420 4211 3646 4987
4 4429 4669 3448 4749
4 572 2071 125 4209
4 4029 4269 2941 4714
4 3427 4234 4110 4726
4 2167 3794 2318 4734
4 1223 1224 1225 4074
4 959 3744 4307 4490
4 1477 4753 1756 5199
4 3509 3753 4460 5008
4 3692 4025 3423 4809
4 2279 2281 2277 5008
4 3640 4446 4032 4913
4 1138 1131 1125 5221
4 3591 3869 4682 5075
4 2404 4532 3865 4821
4 3460 4799 3791 4947
4 4078 4172 3577 4392
4 3458 3974 4292 4949
4 3006 2958 3008 3901
4 1996 3546 4028 4886
4 3074 26 2395 3962
4 830 3985 4089 4713
4 3912 3998 3561 4178
4 4107 4343 3611 5127
4 1047 1048 1046 4645
4 3427 3815 4110 4234
4 3390 4609 4087 5235
4 1763 3441 4673 4791
4 2989 4008 4706 4824
4 3667 3479 4737 4982
4 3528 4273 4468 4674
4 3015 3013 951 3012
4 2848 2846 3701 4261
4 1117 3899 1121 4996
4 413 3041 3593 4515
4 2947 2858 4379 4872
4 1582 1646 1270 4327
4 3730 1971 4736 5016
4 2732 901 3881 4623
4 2123 2159 2121 3761
4 985 4757 945 4842
4 1706 3438 4631 4984
4 2305 2343 4340 4572
4 3722 3460 4686 4799
4 2427 2611 118 2624
4 4305 5140 1448 5205
4 2064 4323 3525 4886
4 3951 5022 3565 5096
4 3741 4889 4559 5133
4 3191 3578 489 4156
4 4305 5076 1450 5140
4 2711 2966 1894 5090
4 2064 4235 3525 4323
4 1842 3980 1843 4502
4 3401 4478 3658 4746
4 3286 3288 3287 4756
4 1444 1377 1376 4208
4 4385 4832 3747 5007
4 23 3570 3049 4696
4 4189 4987 4857 5167
4 670 4642 766 5002
4 3606 4352 3484 4593
4 3995 3515 4364 5000
4 2303 2445 2444 4330
4 1985 2576 3831 4442
4 3388 3677 4866 4912
4 2771 2665 2340 4290
4 2421 2422 2758 4384
4 2832 2964 2834 5033
4 3648 4154 4507 5115
4 126 4262 574 4678
4 725 1919 3983 5012
4 1548 3759 1549 4733
4 3389 4782 4067 5205
4 3584 4702 4102 5137
4 887 845 876 4671
4 3950 4023 3409 5082
4 892 4132 3929 4649
4 2190 2191 2189 4943
4 417 3053 19 4287
4 3543 3993 3958 4622
4 2359 4298 4617 5055
4 3642 4026 2629 5040
4 1923 2747 753 4964
4 3509 4460 3828 5008
4 3392 5044 4011 5241
4 3469 4231 4832 5007
4 3535 3771 36 4550
4 3542 4027 4878 5216
4 2283 2203 3768 5191
4 2521 4461 3903 4560
4 2208 4005 2552 4328
4 2195 3754 2194 5079
4 4498 4672 3788 5186
4 1008 841 814 4173
4 1343 1344 4193 4790
4 2089 4681 3541 5251
4 3849 5067 4365 5139
4 3458 4292 4482 4746
4 4068 4367 3467 5095
4 1085 3849 1084 4813
4 2398 3646 4069 4072
4 103 4642 4079 5093
4 511 3241 3240 3955
4 3791 4085 3399 5144
4 3625 4795 4021 4960
4 3522 3723 4567 4927
4 4072 4594 3672 5058
4 1492 1179 1743 3891
4 4247 3624 4962 5214
4 3567 3629 3406 4361
4 1496 4152 1702 4931
4 1517 1817 3851 4545
4 2011 2007 4057 5032
4 2462 2170 2461 4090
4 796 3712 4177 5019
4 3525 4543 4240 4886
4 3958 3993 3499 4622
4 2436 2729 4856 5029
4 104 3299 540 4901
4 3399 3678 3520 4697
4 1546 4636 1648 4852
4 3781 3558 4771 4819
4 2184 3526 4551 4591
4 3562 3971 4431 4629
4 3488 5135 4101 5216
4 776 785 710 5141
4 3758 4022 3618 4957
4 1509 1738 1739 4018
4 1454 3494 4604 4935
4 1518 4140 3880 4545
4 958 4757 985 4842
4 4461 4560 3603 5025
4 1510 4317 3438 4984
4 490 70 1983 4541
4 1564 1666 4659 5146
4 2394 2393 2016 4849
4 3629 3441 4113 4673
4 3695 3987 3476 4431
4 3636 4889 3741 5133
4 1744 3976 1489 4610
4 876 4296 3975 4671
4 1475 1435 1809 4294
4 3477 3976 4115 4509
4 2760 1902 2621 3799
4 1037 3984 1038 4742
4 3402 4129 4061 4475
4 1942 3993 1941 4802
4 461 4467 53 4618
4 3372 3934 3523 5158
4 3538 3731 4637 5077
4 24 4681 2089 4965
4 3432 4641 4128 4924
4 2114 4329 3791 4947
4 3430 4683 3611 5127
4 3414 3792 4485 4578
4 3144 3147 465 4034
4 3597 4096 3633 4553
4 3389 4230 4782 5205
4 1879 1463 4006 4188
4 3781 4771 3857 5070
4 3391 3556 3760 4256
4 3380 4376 4107 5083
4 2135 2179 2180 3913
4 3499 3793 4486 4622
4 3753 4136 3509 4728
4 4172 4976 3968 5053
4 4114 4506 3682 4721
4 3403 4487 4022 4694
4 2180 2135 3913 5136
4 3906 4345 3882 4905
4 1110 3944 1086 4443
4 3424 4694 3750 5060
4 628 3989 760 4650
4 1736 1570 1569 4823
4 1872 1499 4271 4760
4 4135 1450 5076 5140
4 1215 1216 1217 4806
4 3185 3184 3186 4239
4 2911 2812 2989 4008
4 3424 3803 4010 4874
4 1526 4331 4094 4858
4 3666 3953 3508 4258
4 2891 3860 2938 4830
4 3426 3611 4805 5083
4 2872 2875 2940 4367
4 3570 4024 3982 4691
4 3922 4567 3522 5165
4 2435 3987 96 4583
4 2215 2214 2216 3562
4 1447 4430 1787 5028
4 4027 3542 5135 5216
4 3394 4761 4413 4923
4 1783 5081 4842 5086
4 3858 4240 3546 4401
4 1566 4020 1655 4974
4 3611 4004 4376 4683
4 3691 3827 3552 5159
4 3571 4523 4065 4787
4 3678 4739 4407 5030
4 2840 3862 2978 4954
4 1429 1824 1821 3820
4 4135 5076 4305 5140
4 3634 4093 3948 4633
4 3456 4607 3867 4627
4 1059 4189 1057 4605
4 1989 3506 1987 4249
4 2594 2588 4446 4844
4 2603 3833 4428 4512
4 550 3313 110 5105
4 3507 3601 3382 4900
4 4027 5135 4456 5216
4 4254 4723 3881 5006
4 9 3016 396 4561
4 3479 4175 4243 4982
4 3396 4843 4219 5182
4 521 3685 4735 4847
4 3386 4120 3724 4818
4 4041 4058 1627 4589
4 3670 3479 4243 4944
4 3536 4365 3849 5067
4 4025 4259 60 4727
4 2100 4313 3535 5164
4 3411 4558 4041 5217
4 3554 3795 4600 4832
4 2494 3760 2500 4461
4 3554 4663 3930 4835
4 783 643 4514 5212
4 3409 3950 3890 4772
4 3752 3434 4817 5003
4 1079 1595 1128 5200
4 1456 4015 1457 4613
4 3389 3715 3547 4811
4 3448 4749 4669 5052
4 2043 2030 4270 4907
4 4027 3447 4878 5216
4 4181 3710 4794 4851
4 581 773 705 5244
4 3545 3848 4393 4929
4 3364 575 3362 3789
4 3603 4019 4461 5025
4 700 597 2742 4703
4 1197 4129 4387 4475
4 2951 2941 4269 4714
4 3886 3970 3941 4770
4 2917 3010 2798 4064
4 3654 3426 4295 4346
4 3415 3797 4097 4438
4 3633 4116 52 5046
4 3392 3803 4050 4788
4 1876 3435 4797 4914
4 3457 4141 3925 4492
4 2180 2601 2135 5136
4 3632 4784 4781 5129
4 1460 1452 1243 4430
4 3650 4320 3418 5153
4 3414 3777 4717 5020
4 3660 5051 4336 5064
4 2680 3965 2672 4560
4 1237 4305 3899 5076
4 1988 3751 4249 4707
4 3303 546 104 4595
4 4041 4558 3691 5217
4 936 4254 981 5006
4 2604 2131 2133 4801
4 3960 4607 3867 4839
4 3398 3511 3742 5219
4 3169 3918 3168 4424
4 3744 3881 4723 5006
4 3599 4879 3813 5208
4 497 3226 77 4039
4 449 44 3701 4252
4 3714 1521 4245 4992
4 1778 1787 4596 4742
4 3509 4193 4146 4992
4 1941 3993 2057 4628
4 3415 4097 3797 4667
4 3813 4472 1159 5117
4 2506 2508 3741 4910
4 3656 4166 3446 4591
4 2185 2187 2313 3805
4 3389 4067 4230 5205
4 3453 4321 4002 5009
4 3679 4333 3425 4672
4 918 898 919 4763
4 1461 1452 1379 3905
4 1924 4032 2965 5090
4 3472 4106 3872 4626
4 3754 4413 4109 4923
4 3598 4185 4127 5042
4 2427 4315 3559 4417
4 3448 3994 4908 5052
4 4074 5000 3496 5128
4 3498 3822 4257 4806
4 1250 4140 1186 4571
4 3435 1424 4480 4615
4 2807 2973 2987 4185
4 1379 1461 3905 4666
4 2265 3715 2268 4893
4 3706 3761 3449 5104
4 3463 4319 3823 5054
4 93 521 2218 4353
4 778 3821 721 4703
4 3602 3810 4382 4500
4 2807 2973 4185 4824
4 2390 2018 1954 3992
4 1823 1827 1551 3940
4 4093 4669 4429 4749
4 1179 3891 1492 4744
4 2153 2485 4292 5111
4 1408 4130 1288 4858
4 2184 2183 2182 4764
4 1954 3992 2018 4710
4 4005 4328 3396 5108
4 870 844 884 4865
4 3521 4449 3739 4512
4 1181 1249 4081 4317
4 3469 3731 4385 5077
4 3499 4486 3708 4622
4 4407 4739 3432 5030
4 42 445 2493 3111
4 3677 3783 4450 4912
4 3513 3864 4497 5145
4 3785 4405 3523 4447
4 3699 4345 4233 4576
4 1851 998 1526 4094
4 3171 3918 3169 4424
4 890 860 3876 4671
4 961 936 981 5006
4 1079 1128 3815 5200
4 874 3929 4136 4766
4 1590 4607 1113 5190
4 4079 4642 766 5093
4 3605 3863 4396 5108
4 794 634 775 4119
4 1375 1448 5140 5205
4 1751 4808 1749 5017
4 3599 4644 3728 5208
4 3399 4017 4013 4889
4 2344 2307 4106 4626
4 1854 1027 1851 3893
4 3443 3941 3886 3970
4 1411 1280 1687 4385
4 47 3995 3716 5128
4 3764 4356 4383 4576
4 2010 2509 3676 4347
4 3533 5210 4998 5217
4 2753 4171 2584 4465
4 2902 2895 2894 3820
4 4611 5004 1080 5200
4 921 4258 979 4524
4 3746 4434 2295 4866
4 3606 4378 4142 5038
4 3619 4968 3832 4997
4 4340 3784 4828 5034
4 110 2633 2036 4028
4 1626 3852 4299 4981
4 1279 1508 4385 5007
4 2104 2102 3771 5164
4 2840 4592 3862 4954
4 3929 4649 3714 4766
4 3885 3471 4476 4704
4 1485 1486 1484 4203
4 2797 1014 4406 4830
4 3491 4238 4491 5161
4 3973 4003 3672 5237
4 788 4957 4568 5193
4 1742 1134 1740 5070
4 4009 4186 3410 4860
4 3688 4140 3880 4919
4 2163 3657 4262 4555
4 3380 3947 4054 4594
4 2777 2328 2640 4091
4 3845 4674 3879 5111
4 1050 4165 1471 5160
4 3122 3123 3120 4933
4 760 3989 723 4400
4 2230 2615 4076 4624
4 3376 4003 3973 5237
4 3683 3422 4349 4912
4 3940 4312 3597 5219
4 512 3249 3250 4007
4 2381 3742 2418 4801
4 3780 4157 3994 4426
4 3689 3371 4273 4674
4 1996 4028 2036 4886
4 1432 3894 1862 4487
4 598 3894 743 4587
4 1236 1339 3888 5250
4 3408 3935 4431 4908
4 3615 3752 4817 5003
4 2597 3826 2311 4943
4 2056 3548 569 4209
4 3468 4094 3893 4331
4 3031 3030 3029 4999
4 3030 3028 3029 4999
4 4037 4664 3850 5066
4 497 77 2353 4039
4 1178 1710 1346 4111
4 3618 3825 4568 4956
4 3561 4803 5043 5065
4 3398 3450 4162 4640
4 1959 1957 1958 3907
4 4026 4393 3642 4590
4 2494 2679 2500 3760
4 3672 3973 3646 4072
4 10 398 3015 951
4 1679 1807 3868 4068
4 2845 2796 1926 3701
4 3750 4198 3424 5060
4 2734 4334 3462 5097
4 1491 4425 3443 5027
4 2871 4068 2800 4656
4 3576 3792 4544 4761
4 3395 3978 4660 5221
4 2275 2701 4602 4959
4 2605 3652 4955 5088
4 2979 3915 2883 5223
4 2941 2848 4029 4714
4 1853 3946 1010 4562
4 2977 4373 4261 5174
4 4231 4385 1508 5007
4 2940 2788 3868 4831
4 4669 4749 4093 5052
4 2844 3005 3007 4363
4 3457 4796 3679 5186
4 3396 4396 3863 5108
4 3795 4537 3373 4832
4 1148 4631 1692 4660
4 638 797 592 3961
4 3387 3577 4058 4748
4 3406 4599 3983 4602
4 1513 1737 1735 5070
4 454 47 3716 4226
4 1985 3831 2576 4218
4 1713 1396 4012 4647
4 3565 4680 3951 4741
4 1872 1798 3838 5073
4 1721 4284 3792 5072
4 1041 4486 3996 5156
4 3736 4346 4104 5094
4 3437 4337 1267 5199
4 4479 4723 3881 4893
4 4494 4573 1152 4851
4 1645 4611 3429 5017
4 1088 4813 3944 4881
4 618 617 593 4816
4 3985 4788 4271 4931
4 2342 3872 2307 4626
4 773 3866 4814 4951
4 4063 4518 3622 4915
4 3380 3781 4388 4594
4 3924 4385 1411 5198
4 3854 4644 4878 5248
4 3392 4050 3803 4692
4 3503 4207 3617 4375
4 829 869 891 4372
4 3321 4401 551 4534
4 3758 4724 4702 4957
4 495 3886 3572 3912
4 3611 4376 4107 4683
4 3767 4668 4142 5038
4 2977 4261 2849 5174
4 3902 4049 3478 4695
4 3989 4891 627 5172
4 2347 2708 4955 5234
4 955 973 2960 3580
4 1489 4509 3976 5179
4 1070 1165 4172 4748
4 1998 3914 1999 4240
4 3536 4365 5067 5139
4 3753 4310 2284 4977
4 1590 3960 4607 5190
4 3170 3171 3168 4424
4 1731 1355 1513 4771
4 3999 5134 3717 5248
4 627 3989 628 4891
4 806 826 3985 4562
4 3922 4203 3776 4716
4 573 3544 3937 4678
4 3743 3413 4627 4839
4 3427 3906 4726 4905
4 3877 4434 3462 5097
4 3004 4369 2852 4958
4 696 4295 697 4510
4 3279 3281 3280 4969
4 1809 4065 1568 4787
4 3373 3847 3521 4600
4 2591 3821 2746 4564
4 1735 1731 1513 3857
4 3748 4176 3414 5139
4 1128 1728 4233 4902
4 2254 1941 2057 4628
4 2687 3989 1939 5172
4 508 3973 3737 4112
4 1744 1489 1487 4610
4 2247 4322 2278 5109
4 3364 573 4075 4237
4 3689 4475 4061 5177
4 3721 3746 17 4491
4 2337 3667 1887 4623
4 477 3802 59 4368
4 2512 3949 4528 4952
4 3627 4789 4587 4951
4 667 755 792 4466
4 1447 1452 1787 4430
4 839 834 835 4766
4 1040 1156 1041 3996
4 3514 4289 3823 5054
4 3589 3395 3978 4660
4 1116 4610 4247 5214
4 67 3704 482 4156
4 3421 3891 3976 4825
4 1947 3560 1949 5011
4 3450 3701 2419 4182
4 1405 3885 4476 4836
4 2794 2983 2918 4020
4 3723 3522 4826 4927
4 1225 1226 1227 4074
4 2010 1975 2529 4268
4 3647 4843 4328 5182
4 3780 3994 3592 4426
4 425 29 3065 4926
4 2605 4955 4174 5088
4 47 455 3125 3732
4 1997 1995 1996 4401
4 3400 4213 3579 4275
4 3727 3786 4153 4737
4 1628 4625 1715 4817
4 2465 3977 2554 5180
4 1396 3920 1394 4620
4 2644 2086 3483 4227
4 2811 2895 2896 3990
4 3390 3551 3884 5091
4 4244 4278 3433 4592
4 1844 1846 988 3904
4 2073 2178 2135 4315
4 3563 3734 2448 4542
4 2301 2635 2341 4850
4 1007 1656 2794 4020
4 3459 4928 4316 5114
4 3554 3937 3930 4663
4 3682 3446 4721 4920
4 4103 3564 4494 4794
4 3378 4725 3693 4810
4 830 4089 873 4713
4 2969 2824 2960 3580
4 3398 4162 3716 5128
4 1489 3976 1744 5179
4 2081 474 61 4232
4 3524 3807 3642 4034
4 604 2747 1888 4084
4 93 2218 521 4847
4 3486 4673 4517 4898
4 1086 4443 3944 4813
4 4471 4828 3784 5034
4 783 643 644 4514
4 1512 1355 1321 4771
4 1996 4028 3546 4401
4 1371 1370 1369 4230
4 4289 5021 3823 5054
4 3387 4633 4030 4652
4 3752 4280 3615 4817
4 1359 1156 1358 4192
4 1267 4553 1266 5204
4 4098 4273 3528 4674
4 2087 24 2089 4965
4 3401 3880 4545 4985
4 107 3751 542 5087
4 3984 4539 3499 4650
4 593 1023 4196 4816
4 1196 1255 1198 4061
4 1761 4380 3832 4403
4 1972 2599 3948 5206
4 1792 4146 1520 4992
4 1345 1683 1705 4311
4 3404 4572 4340 5034
4 3786 4737 3727 4990
4 2648 2506 2508 3741
4 1269 4257 1607 4462
4 3599 5208 3728 5248
4 2727 3901 2333 5192
4 1490 1533 1488 4120
4 1196 1680 4061 5177
4 3399 4739 3791 5144
4 2492 2520 2491 4461
4 2802 2869 3007 4126
4 3712 4042 3426 4295
4 2030 3829 2029 4967
4 920 3756 4258 4763
4 3686 4243 4217 5143
4 2235 3987 3695 4431
4 1433 4022 3758 4474
4 3921 4995 1635 5113
4 9 3738 915 4335
4 3378 4518 4063 4915
4 3933 4608 3494 4935
4 4002 4332 3588 4632
4 3499 3993 3958 4802
4 1015 906 4000 5086
4 4214 4425 3729 4777
4 3436 4455 3743 4754
4 471 4002 3802 4332
4 1367 1368 1369 3970
4 3743 4627 3867 4839
4 4006 4961 3744 5006
4 3399 4013 4327 4778
4 3426 4042 3712 4343
4 1878 1792 1521 3714
4 4189 4987 3420 5237
4 1876 1424 1422 3435
4 3453 4002 4929 5009
4 1668 4021 1773 4659
4 3759 4126 3485 4714
4 3422 3683 4349 4767
4 1426 1002 1828 3860
4 926 4307 3727 4490
4 101 533 3295 4077
4 3934 4588 3523 5158
4 17 3040 408 3721
4 3692 3802 3493 5188
4 3501 3948 4633 4905
4 3412 4270 3829 4907
4 3744 4148 3405 4723
4 1293 1350 1291 3909
4 3516 4167 3671 4629
4 3675 3771 3535 4708
4 3829 4270 2030 4907
4 2032 3481 4488 5011
4 3554 3930 3847 4600
4 3562 4431 3935 4908
4 2743 3846 2742 4703
4 3688 4199 4081 4919
4 3399 4013 4778 4889
4 3432 4739 3964 4799
4 3398 3597 4100 4448
4 3624 4857 3907 4868
4 4348 4454 3804 4719
4 47 3120 454 3995
4 4174 4955 3652 5088
4 2883 4497 2926 4688
4 3531 3746 3388 4049
4 3703 3600 4501 4979
4 1417 4729 3836 4787
4 3800 4251 4465 4973
4 2575 4353 3608 4653
4 878 861 849 3810
4 3172 477 3173 3802
4 3406 4119 3983 4599
4 2423 56 4232 4565
4 3138 4183 2380 4547
4 3615 4817 4205 5003
4 3650 3418 4319 5153
4 3790 3630 4652 4871
4 2423 2623 56 4565
4 1416 4300 3836 4729
4 3382 3831 3507 4442
4 1085 1083 1084 3849
4 3395 4758 3978 5132
4 2884 2702 2929 4904
4 3383 3977 3529 5180
4 3869 4298 3465 5043
4 3511 4265 3742 5219
4 2096 2095 2094 4351
4 2094 2600 2175 4351
4 4164 4913 3640 5181
4 3397 3534 4242 5067
4 3729 4777 4425 5027
4 3778 4370 431 4883
4 2540 2753 2313 4445
4 3650 4039 497 4693
4 931 897 924 3945
4 3781 4415 4054 4819
4 2418 3450 2419 4182
4 396 9 909 3014
4 3983 4602 2701 4959
4 921 979 969 4524
4 3788 1204 4422 5050
4 1480 1478 1479 4133
4 1939 4400 3989 4802
4 3501 3932 4669 5052
4 3683 4767 3422 4912
4 1543 3428 4509 5118
4 121 3710 567 5123
4 4127 4796 3598 5042
4 1854 1690 4149 4427
4 3474 4815 3688 4919
4 3416 4449 4512 5243
4 610 3825 1912 4568
4 486 3186 69 4239
4 3467 3719 4786 4913
4 871 823 821 3997
4 4310 4460 3753 5008
4 2701 4602 3983 5012
4 1115 4041 4589 4989
4 3649 4316 4928 5114
4 2815 2941 4029 4269
4 2336 3957 1893 5051
4 1677 1625 3852 4981
4 3405 3886 3572 4723
4 2850 2849 2848 4261
4 2567 94 3264 5203
4 3419 3686 4330 5115
4 2635 2299 14 4450
4 1245 1564 4080 5146
4 3512 3485 4269 4862
4 4129 1676 4387 4993
4 3507 3382 3601 4676
4 3390 4921 4170 5215
4 3425 4314 4420 5057
4 1355 1538 1319 4187
4 491 4218 3202 4676
4 3675 3926 3887 4993
4 1389 4186 1249 4317
4 2592 4270 2023 4701
4 3127 3125 3732 4184
4 3530 4594 4072 5058
4 1557 4040 1256 4422
4 2010 2529 2509 4347
4 3842 4768 4709 4803
4 1978 2504 2028 4356
4 1978 1977 1976 4356
4 3234 509 85 4069
4 542 3310 107 3938
4 3978 1147 4744 5130
4 2687 4513 3711 4959
4 3997 4102 3837 4397
4 44 4252 3623 5080
4 3799 4835 4477 4951
4 1807 2800 2920 4068
4 3717 5125 4554 5134
4 4000 4613 3680 4940
4 2189 2311 2539 4943
4 9 3738 400 4519
4 1418 4569 3444 4755
4 4402 4769 3608 4932
4 3768 4001 5170 5191
4 3801 3499 4400 4802
4 1349 1716 1623 3900
4 1819 585 4177 4634
4 2337 2762 3667 4982
4 4268 4347 3676 4375
4 801 795 588 3799
4 2312 2761 4105 4663
4 2432 2433 2431 4292
4 3288 4756 1907 4869
4 107 4267 3590 5071
4 1548 3759 4733 5174
4 3587 3976 4509 4899
4 3954 3416 4358 5218
4 2884 2929 2999 4904
4 1731 3857 1735 5106
4 2728 4296 3810 4575
4 3620 4311 4059 4644
4 1178 1235 1234 4729
4 2703 1915 2781 3917
4 4081 4199 3688 4815
4 483 3617 67 4207
4 3790 4309 3407 4402
4 948 903 2696 4175
4 3444 4573 3789 5123
4 3435 3537 4480 4999
4 3784 4340 4572 5034
4 480 2648 64 4548
4 840 838 869 4372
4 3740 4422 4040 5050
4 2578 3684 4580 4998
4 507 3245 81 3737
4 3420 3963 4211 4665
4 1876 1424 3435 4615
4 3435 3738 3537 4999
4 4176 4365 3849 4813
4 1165 1671 4172 4853
4 508 3737 3245 4112
4 3589 4660 4073 4848
4 1436 1437 4044 4763
4 2876 4412 2878 5090
4 2879 2819 996 4021
4 4111 4300 3379 4603
4 3364 3362 3365 5123
4 3363 3364 3365 5123
4 3658 4292 4746 5111
4 3497 3908 4370 4452
4 3662 4739 3964 4808
4 2502 2028 4798 4994
4 468 3665 2623 3986
4 3900 4166 3615 4625
4 2556 4316 2555 4988
4 3513 4497 3915 5145
4 3891 4825 3555 5158
4 779 770 610 3825
4 4128 5010 3700 5169
4 2073 2050 3521 4215
4 3952 4370 3428 4452
4 3861 4555 2165 4956
4 934 933 902 4006
4 2230 3542 4145 4536
4 3931 4080 3669 5107
4 468 4232 56 4565
4 4205 4817 3434 5003
4 3219 73 495 4137
4 1944 1945 1946 4194
4 1687 1688 1856 4385
4 1207 3811 4327 4778
4 4257 4462 3612 4950
4 1138 1145 1770 3844
4 3652 3955 2272 4602
4 1818 3990 2916 4404
4 2636 2622 2504 4383
4 4032 5090 3640 5095
4 3438 4052 3934 4317
4 1817 1518 1700 4545
4 1131 1138 4660 5221
4 1790 2860 1441 4523
4 3845 4304 2094 4351
4 2120 4090 2122 4399
4 12 4334 3936 4519
4 1281 4202 1278 5249
4 3815 3427 4233 4234
4 4192 4613 3774 4800
4 481 3181 64 4548
4 2989 2911 4008 4824
4 934 952 937 4709
4 1300 1299 1298 4291
4 3516 4514 3736 4629
4 1671 1070 1165 4172
4 3487 4047 3575 4732
4 83 3227 506 4684
4 2452 4235 2064 4323
4 3272 3273 524 4847
4 3821 4001 3583 4704
4 4445 4906 3713 4920
4 3425 4672 4314 5057
4 3461 4130 4216 5063
4 2520 4461 2521 4560
4 3879 4351 3845 5111
4 757 654 4394 5002
4 3614 4403 3817 4774
4 3547 4214 3941 5155
4 3509 4522 3828 4661
4 2283 3768 5170 5191
4 84 4069 3973 4072
4 3452 3968 3906 4726
4 1261 1259 4198 4597
4 2358 3869 2255 4942
4 1747 4236 1611 5226
4 3385 3887 4220 5133
4 680 4464 4957 5193
4 3860 4647 1426 4830
4 2709 2589 4032 4225
4 3745 4212 4996 5221
4 1305 1354 4117 5099
4 425 4051 28 4926
4 3672 4003 3490 4791
4 3391 4020 4872 5025
4 1134 1571 4189 4415
4 1316 1317 1315 4426
4 1047 1048 3823 5160
4 3524 3378 3807 4774
4 28 4123 3778 4478
4 4435 4671 843 4865
4 2569 4624 4046 5120
4 3989 4650 628 4891
4 3795 4231 1507 5007
4 3765 4338 4191 4617
4 3377 3747 4202 5249
4 680 4957 788 5193
4 3467 4225 4032 4367
4 3742 4862 4640 5219
4 3676 4736 3730 4991
4 1018 1741 1431 3876
4 2506 4559 3741 4677
4 1998 3914 4240 4886
4 3062 27 423 4917
4 1847 1670 1848 3855
4 1459 4015 1456 4816
4 3684 4580 3455 4983
4 2058 3453 2044 3986
4 1421 3923 1741 5084
4 3570 4758 3395 5132
4 1848 4216 1661 4525
4 1421 1741 4435 5084
4 3017 3016 3936 4561
4 765 780 653 3846
4 2434 2151 2430 4970
4 3394 3909 4284 4923
4 2958 3901 3006 4657
4 3525 4240 3914 4886
4 2120 2170 2122 4090
4 3566 3977 3743 4122
4 4073 4660 3844 4848
4 1349 4483 3900 4759
4 766 3586 667 4557
4 4103 4160 3564 4794
4 463 3145 2657 4034
4 829 4372 891 4630
4 9 3028 400 3738
4 3827 4998 2015 5159
4 2512 4528 2511 4952
4 3931 5104 4222 5150
4 1054 4962 1055 5165
4 3974 4446 3640 4913
4 1117 3899 4996 5076
4 3711 627 4891 5172
4 2960 955 3580 5189
4 1659 3991 1095 4621
4 2216 3685 2242 4847
4 3687 3456 4582 4607
4 1362 1363 1364 5074
4 3454 3843 4001 4350
4 3422 4912 3898 5148
4 120 564 3352 4145
4 3624 4189 4003 5237
4 3564 4101 3739 5066
4 3522 4567 4203 4996
4 608 2675 3989 5172
4 547 2633 3313 3938
4 2854 4369 3011 4867
4 4177 4503 3736 4566
4 2867 4185 4864 5202
4 3583 4703 4837 4909
4 2353 497 4039 4693
4 21 3043 413 4515
4 1729 1348 1662 4396
4 3846 4643 3768 5170
4 3875 4947 2171 5030
4 3915 4277 3513 5145
4 1081 1080 5004 5200
4 2674 2815 4029 4269
4 3859 4913 4164 5181
4 449 45 2767 4182
4 3593 3721 412 4038
4 1692 1148 1501 4631
4 1557 4040 4422 5050
4 1121 1237 3899 5076
4 757 4394 654 5228
4 1085 4176 3849 4813
4 2159 3556 3761 4411
4 2569 2321 4624 5120
4 1263 1264 1698 5199
4 3847 4600 3930 4945
4 3853 4736 3948 4905
4 3576 4829 3885 4895
4 2828 4722 4159 5033
4 3496 5000 4364 5128
4 3446 3713 4179 4906
4 3516 4167 3878 5212
4 3974 4482 4446 4913
4 3697 3406 4599 4855
4 1248 1181 1249 4081
4 3475 3753 4310 4460
4 3662 3432 4808 4900
4 3376 4978 4962 5237
4 1912 2766 2411 4102
4 3958 4194 3543 4700
4 3843 4895 4143 5079
4 1657 1722 1352 4578
4 3389 3941 4230 4811
4 1654 1655 4867 4974
4 950 916 963 3738
4 1945 2145 2374 3673
4 3376 3973 3646 5237
4 2464 4595 2013 5180
4 3391 4461 4019 4765
4 3985 4562 3604 4931
4 1596 1597 4223 4469
4 4015 4613 4192 4800
4 405 11 3024 4882
4 4097 4880 3511 5045
4 1557 1560 5018 5050
4 3888 4025 3923 4712
4 3544 3403 3930 4663
4 3688 4549 3616 4571
4 4185 4824 3598 5062
4 3514 4783 3796 5152
4 3487 3575 4648 4732
4 2758 3866 2757 5244
4 661 665 781 4470
4 3687 4582 3619 4921
4 3739 4512 4449 5243
4 442 3730 39 4495
4 659 732 708 3855
4 505 3228 2042 4318
4 3382 4442 3506 4707
4 4305 5069 3600 5205
4 3694 3999 3574 4879
4 127 3364 573 4075
4 3017 3936 3019 4561
4 2590 2199 2201 4350
4 1985 3831 1984 4707
4 1461 1452 3905 4596
4 3926 4391 3887 4993
4 3393 4416 3998 5043
4 1036 3984 1037 4742
4 3518 3726 3979 4651
4 9 3580 3016 4561
4 3935 4352 3695 4843
4 1107 1696 4358 5218
4 4094 3468 4966 5035
4 2044 3986 3453 4616
4 4712 5084 1252 5188
4 2275 4602 3567 4959
4 3813 4472 4306 4690
4 2296 3531 2444 4409
4 566 3358 123 4890
4 3544 3930 3937 4663
4 60 4259 4025 4809
4 1121 3899 1117 5076
4 3757 3498 4689 4711
4 4056 4455 3436 4534
4 3696 4222 3391 4256
4 3915 4497 2883 4688
4 1645 4390 4611 5017
4 3387 4633 3948 4870
4 2828 4062 4722 5033
4 760 623 630 4650
4 2623 3665 468 4565
4 3386 4247 4120 4610
4 3970 4148 3886 4738
4 3998 4416 3774 5043
4 3853 4726 3427 5240
4 3510 3392 4463 4692
4 2550 2250 3540 4413
4 3531 3898 4792 4912
4 2235 2524 2437 4431
4 1740 1512 1511 4819
4 1846 4476 3904 4836
4 3387 3577 4748 4870
4 3634 4309 4118 5206
4 80 4530 504 5124
4 2487 2594 2588 4446
4 2850 5174 3759 5231
4 740 744 656 4432
4 2390 2253 2018 3992
4 3486 4060 3629 4357
4 3530 3963 4072 4594
4 1746 1240 1750 3943
4 3522 4203 3922 4716
4 3520 4559 3741 4889
4 3739 4145 2041 5066
4 2778 1914 815 4296
4 3816 5010 4128 5169
4 3515 5000 4074 5128
4 3512 4547 3485 4862
4 3657 4555 4050 4692
4 2563 3827 2015 5159
4 995 1529 1842 3980
4 789 671 790 4084
4 639 600 640 5029
4 2774 2697 2410 3837
4 3575 4151 3416 4730
4 3637 4326 3436 4881
4 3404 4340 3517 4505
4 3792 4284 3590 5072
4 3467 4367 3868 5114
4 3868 4367 3649 5114
4 2153 3658 4292 4970
4 112 2002 2000 5023
4 1406 1373 1372 3786
4 2044 4616 3453 4907
4 3172 471 3802 4332
4 3853 3427 4356 5240
4 1630 4206 1276 4585
4 3567 4602 3983 4959
4 958 985 945 4842
4 4619 4892 3909 5085
4 3552 3827 3691 4558
4 3451 4700 4430 5116
4 941 942 953 4191
4 893 4071 866 4382
4 3739 4664 3850 5243
4 4123 4437 3528 4478
4 2569 2400 2282 4046
4 3517 4340 3404 4572
4 3717 4270 5125 5134
4 3551 3500 4095 5215
4 3497 4370 3952 4452
4 830 875 3985 4713
4 95 3959 3671 4629
4 3475 4310 3753 4372
4 3724 3455 4762 5167
4 2171 2118 2116 4947
4 2110 2112 2111 4085
4 3444 4237 3930 4600
4 3527 3379 4590 4720
4 2408 2165 2409 3861
4 3265 3264 526 3959
4 1015 1881 906 5086
4 1276 3854 1505 4953
4 3638 4888 5175 5226
4 3327 112 552 5023
4 3871 4164 3819 4949
4 1110 1610 3944 4950
4 1394 4620 3920 4695
4 4189 4605 3762 5167
4 3634 3808 4633 4652
4 3621 4540 3377 4764
4 3176 3177 3178 4809
4 3807 3969 3437 4096
4 4217 4946 4330 5115
4 3624 4857 4189 4987
4 3564 4664 4101 5066
4 3528 4123 3778 4437
4 4223 4469 3569 4963
4 918 967 899 4914
4 2436 4856 3476 5029
4 2009 2019 4057 4701
4 3574 3375 4879 5208
4 2683 4617 3765 5055
4 1217 1218 1219 4108
4 2272 3652 4602 4955
4 3618 4956 4568 5031
4 3603 4560 3949 4939
4 3688 4815 4199 4919
4 3991 4280 1659 4483
4 856 805 867 3946
4 76 503 4520 4777
4 3838 4713 3837 5142
4 3392 4050 3865 4788
4 738 4557 731 5002
4 13 2332 401 4334
4 3565 4117 3951 4680
4 2707 2835 1901 4106
4 3005 4363 2843 4954
4 3803 4152 3392 4463
4 2026 2443 4309 4402
4 107 3590 4606 5071
4 2318 3524 2657 4734
4 3665 4590 3453 4929
4 1432 1409 4022 4487
4 31 4542 430 4883
4 3709 3459 4316 5114
4 4189 4857 4605 5167
4 2148 3718 473 5041
4 3482 3848 4929 5009
4 1580 4481 1579 4980
4 424 3067 3064 4681
4 3535 3956 3675 4526
4 1654 4369 4222 4867
4 2578 3684 4998 5210
4 2495 444 40 4938
4 3970 4230 3941 4811
4 3885 4511 1296 4829
4 1830 2938 1002 3860
4 4221 4966 3468 5035
4 1146 3978 1131 4660
4 1814 4042 1682 4343
4 4068 4656 2871 5095
4 1365 1359 1456 4192
4 3146 3144 3145 4734
4 777 3919 4171 4637
4 493 74 3205 2260
4 3463 4425 4214 4777
4 2771 2696 4175 5184
4 3784 4572 3404 5034
4 3663 3464 4142 4772
4 3463 3659 4425 4777
4 2883 4497 3915 5173
4 1267 4337 3437 5204
4 630 623 758 4539
4 453 4184 43 4364
4 3589 4266 4073 4631
4 1211 1605 1270 3964
4 3495 3966 3732 5128
4 3569 4223 4045 4469
4 3718 2232 4575 5092
4 3588 4332 4414 4632
4 725 3983 633 5012
4 2726 1903 2727 4064
4 3388 4012 3920 4552
4 751 576 748 3997
4 3789 3488 4456 5135
4 3440 4636 3732 4846
4 1937 3989 1939 4400
4 3495 4162 3966 5128
4 3603 4765 4019 5025
4 1623 1347 4114 4625
4 697 4510 4295 5019
4 2079 2163 3657 4262
4 3748 3565 4570 5096
4 4388 4771 3558 4932
4 1054 3922 4962 5165
4 3417 4270 3829 5125
4 1898 2710 2606 3942
4 1764 4517 4673 4898
4 4341 4985 4827 5129
4 3930 4663 3403 4835
4 3636 4220 3581 5133
4 4050 4555 3424 4692
4 3560 4194 3384 5011
4 2459 2283 2203 4643
4 3743 4144 3867 4888
4 780 765 700 3846
4 1550 2869 4126 5231
4 3420 3963 4665 5242
4 127 4253 4075 5060
4 1577 4391 3431 4993
4 2462 3816 2467 5169
4 3275 529 3277 4856
4 4115 4825 3824 4899
4 2305 2343 2346 4340
4 1149 4794 4494 4851
4 1639 1750 1240 3943
4 1147 1131 1146 3978
4 3703 4501 3856 5013
4 2268 2265 2267 3715
4 2248 2202 2200 3873
4 3823 5056 1047 5160
4 1788 1437 4763 4914
4 2246 4091 3918 5109
4 4038 4860 4186 5048
4 2643 2593 2610 4037
4 3724 4983 3455 5167
4 1036 1037 1038 4742
4 3890 4142 3464 4772
4 1998 4274 3914 4886
4 3288 535 3289 4869
4 653 3846 780 4516
4 1469 1145 1125 5069
4 439 2070 38 4495
4 875 826 830 3985
4 613 694 751 4102
4 775 771 594 4596
4 3495 3732 4162 5128
4 3482 4563 4332 4632
4 3625 4872 4020 5025
4 731 4557 4023 5002
4 3623 3668 448 4092
4 699 589 1927 4171
4 2629 2322 2618 3642
4 119 4047 4417 5225
4 2089 24 3066 4681
4 914 963 3738 5189
4 2227 3652 2605 5088
4 3510 4253 3392 4692
4 2513 4528 3965 4688
4 3622 4518 4063 5032
4 3592 4735 4533 4743
4 1020 1446 1435 3862
4 2391 2392 2393 4849
4 1572 3968 1573 4875
4 4362 4780 3648 5229
4 1573 4875 3968 4971
4 1524 1833 4466 5039
4 2537 2538 3533 5210
4 3847 3930 3554 3937
4 2348 1938 1941 4802
4 3378 4725 4063 4941
4 2600 30 2449 4883
4 1659 1095 1097 4621
4 3507 3831 3382 4676
4 2637 2230 2615 4076
4 2964 4382 4071 5033
4 959 961 928 4307
4 2906 2824 1934 3936
4 3902 4266 3589 4631
4 2757 2758 2422 3866
4 2523 2027 2457 4093
4 1925 2812 2686 4497
4 3376 4962 4003 5237
4 570 2052 120 4145
4 1668 4277 4021 4454
4 3425 4314 3698 4708
4 2498 40 3116 2497
4 412 3040 3721 4515
4 3588 4332 3892 4414
4 1082 1080 4611 5004
4 1948 1947 1949 5011
4 3828 4522 3509 5008
4 3170 475 3171 4424
4 2476 4441 3705 5101
4 2085 2149 2084 4447
4 4357 4747 3905 5116
4 3478 4073 4266 4631
4 3733 4653 2442 4769
4 743 3894 736 4789
4 3778 3952 431 4370
4 1436 1871 1011 3756
4 4605 4762 3762 5167
4 2872 2800 2871 4068
4 4291 4570 3565 5022
4 1301 1302 1303 5022
4 3478 4266 3902 4631
4 4019 4765 4461 5025
4 3458 4292 3974 4482
4 2035 2479 2477 4441
4 792 774 719 4466
4 3894 4464 736 4789
4 1977 1975 1976 4268
4 2859 2997 4795 4960
4 3842 4803 4709 5201
4 1605 3964 1211 4686
4 3628 4580 4155 4983
4 3460 4329 3791 5144
4 3451 4513 3711 4699
4 3661 4896 3899 4927
4 3628 4211 4070 4665
4 3951 4117 1354 5099
4 3674 4334 3936 5097
4 1958 4705 3907 5213
4 3422 3670 4290 4944
4 1624 1305 1307 3863
4 907 959 4490 4961
4 2568 2196 2194 4109
4 3412 4907 3829 5009
4 1334 3430 4503 4566
4 1747 1753 4144 4754
4 3447 4644 4311 4646
4 3488 3789 4011 4573
4 2048 3655 4024 5211
4 465 3807 3524 4034
4 3446 4166 4114 4721
4 2845 1926 2678 3701
4 1565 3931 1562 4974
4 3613 5065 3774 5074
4 1716 4280 3900 4483
4 85 2398 4069 4451
4 3418 3856 4782 5168
4 3472 3872 4106 4458
4 1439 4016 1567 4787
4 2851 2981 3623 4373
4 3800 4251 3377 4764
4 545 3304 108 3977
4 1084 3849 1083 5004
4 4225 4786 3467 4844
4 439 3097 34 5121
4 657 590 1024 4525
4 923 3666 919 4258
4 986 1870 854 4146
4 3503 4375 3968 4875
4 863 3997 821 4397
4 3531 3388 3746 4866
4 3802 4563 3493 5188
4 3686 4944 4243 5143
4 3723 1051 5160 5165
4 2439 2399 3963 4911
4 3854 4311 1505 4953
4 3547 5015 4214 5155
4 3968 4375 3503 4726
4 3446 3656 4179 4586
4 1716 4280 1715 4625
4 785 621 4539 5141
4 2590 2743 2591 5170
4 3991 4280 3374 4543
4 3449 4765 3931 5104
4 3414 3751 4281 4365
4 3619 3874 4438 4997
4 3157 3986 58 4616
4 893 4071 4382 4500
4 1663 4459 3895 4779
4 3513 3925 4492 4838
4 2132 2168 2167 3794
4 4143 4325 3754 4840
4 2557 4127 4316 4988
4 3464 3863 4117 4680
4 3430 3736 4503 4566
4 3593 2335 4064 5064
4 99 3586 4043 4053
4 3425 3698 4314 4672
4 51 3969 3794 4734
4 1137 4648 3434 4972
4 3440 4184 3706 4256
4 2690 1908 810 4132
4 3425 4333 3896 4841
4 2110 2141 2112 4697
4 1024 590 1847 4525
4 2431 2153 4292 4970
4 3926 4391 3702 4971
4 3546 4240 3413 4543
4 1114 4374 1078 4481
4 3447 4624 4027 4878
4 2167 2318 2657 4734
4 412 3721 3593 4515
4 1450 1448 4305 5140
4 3913 4540 3621 4764
4 1836 3876 1431 4496
4 1290 1288 4130 4619
4 527 3780 92 4457
4 2558 2702 2705 4185
4 3801 4682 4099 5141
4 3591 4099 4682 5141
4 3706 4473 4241 4636
4 3566 4371 4014 5227
4 3864 3445 4528 5145
4 2343 2677 2346 3784
4 3841 4532 3548 4930
4 3560 4289 4060 4684
4 3392 3548 4253 4456
4 740 4432 656 4837
4 2811 1818 993 3990
4 3634 4633 3808 4669
4 3440 4092 3696 4369
4 2462 4204 3816 5169
4 3398 4100 3597 5219
4 1372 3786 1373 4780
4 2202 4161 2204 5191
4 2685 3864 2511 4528
4 2508 4347 3741 4910
4 4181 4449 3954 4794
4 633 4599 636 5012
4 3396 5038 4005 5108
4 2774 2737 2697 4397
4 3427 4110 3704 5240
4 3597 4100 3940 5219
4 1200 1201 4314 5057
4 1761 1481 4380 4403
4 2091 3658 2153 4970
4 3783 4450 15 4773
4 4201 4371 3763 5131
4 3672 3973 3490 4003
4 3395 3745 5132 5221
4 916 915 9 3738
4 2515 5024 3925 5062
4 3468 3713 4614 4920
4 3608 3407 4309 4402
4 116 563 3342 5225
4 3730 4736 1973 4991
4 4142 4378 3863 5038
4 4393 4725 3829 5009
4 3613 3494 3998 5178
4 4060 4289 3560 5021
4 3510 4011 3789 4573
4 3524 4518 2388 4941
4 1276 4585 3854 4953
4 100 539 3296 5166
4 3598 4706 4008 4824
4 3482 4332 4002 4632
4 3455 4082 4070 4580
4 2735 2906 1934 3936
4 3181 480 64 4548
4 1662 1730 1729 4612
4 2011 2598 2007 5032
4 620 752 624 4757
4 2290 2335 2727 3593
4 3650 4214 5015 5155
4 1100 1527 1102 4785
4 3756 4804 3670 4944
4 3854 4585 3381 4878
4 2465 2553 2554 3977
4 1573 4220 4875 4971
4 460 3139 3136 4183
4 1117 4996 4567 5076
4 3511 3398 3742 4801
4 640 600 641 4820
4 3442 4414 4332 4632
4 3729 4230 3941 5027
4 1951 4530 3557 4783
4 994 2919 1812 4656
4 2008 2006 2603 3833
4 3638 4272 5227 5233
4 2389 3557 4069 4705
4 934 933 4006 4768
4 2314 2181 2183 4764
4 3607 2256 4628 4942
4 3728 4076 4878 5248
4 3635 5052 3994 5207
4 2701 3983 1919 5012
4 3145 50 2657 4734
4 2549 4143 2548 4564
4 1542 4284 1350 4544
4 3752 4543 3991 4621
4 1750 3943 1639 5226
4 2537 3533 5110 5210
4 1599 1600 1597 4469
4 3954 4794 4449 5218
4 2944 2953 4125 4657
4 1599 1627 4041 4853
4 2791 2722 1893 5051
4 1430 987 3727 4490
4 4320 4710 2021 5126
4 2744 3821 2591 4703
4 639 1890 600 5029
4 3414 4267 3751 4365
4 3389 4230 3729 4782
4 1420 1252 5084 5188
4 1351 3994 1315 4823
4 3747 3373 4537 4832
4 1260 4487 1711 4755
4 2432 2486 4292 4482
4 3519 3778 431 4883
4 3682 4863 4331 4920
4 3773 4720 3665 5068
4 3508 3422 4290 5148
4 1013 3758 1866 4423
4 3932 4823 3994 5207
4 89 3733 3608 4653
4 3399 4697 3791 4739
4 3470 3718 4575 5092
4 3417 3829 4270 4967
4 773 4814 689 4951
4 1506 4283 4152 5241
4 3757 4224 3460 5147
4 1223 1584 1221 4229
4 4810 5125 4180 5163
4 632 3983 633 5183
4 1572 1111 1573 3968
4 1388 4186 1428 4685
4 3310 3311 549 5105
4 4027 4624 3542 4878
4 3447 4311 3809 4646
4 3664 4483 4048 4937
4 3421 3976 3891 4638
4 1593 4220 1573 4971
4 1082 1081 1080 5004
4 1158 1180 1179 4052
4 3510 4198 3750 5060
4 3391 4222 3931 5104
4 3155 466 54 5040
4 3402 3709 4313 4786
4 3776 4203 3922 5214
4 95 3736 525 5094
4 3611 3426 4343 5083
4 1711 4487 4018 4755
4 1975 2010 1973 4736
4 3501 4345 3699 4576
4 1458 4613 4000 4940
4 1722 1135 4485 4578
4 3644 4216 4130 5063
4 2255 3869 4628 4942
4 3335 559 2454 4551
4 3459 4299 3852 4981
4 2372 4946 3703 5013
4 3398 3716 5045 5128
4 3543 4622 3708 5195
4 1405 4476 1846 4836
4 628 3989 627 5172
4 3629 3441 4673 4898
4 1721 3792 4485 5072
4 1875 1018 1836 3876
4 3432 4529 4407 4900
4 2559 4824 4185 5062
4 4374 4611 1080 5200
4 2386 4183 3690 4244
4 2650 4240 1997 5102
4 2576 3507 4218 4442
4 528 3987 3695 4583
4 3659 3494 4608 4935
4 3538 3924 4427 5198
4 1736 4187 1731 4324
4 4284 4544 3792 4761
4 1792 1521 3714 4992
4 2916 3990 2896 4404
4 3172 3802 3173 4200
4 1326 4354 3928 4521
4 35 3827 434 5121
4 2350 3856 2371 5013
4 1792 1870 1520 4146
4 2616 2132 4097 4438
4 1149 4494 1150 4851
4 2847 3623 2852 3668
4 4404 4781 2899 5129
4 1066 1627 4058 4589
4 1741 1694 1431 3923
4 3768 4350 4001 5191
4 3834 3756 4944 5014
4 1717 1539 4648 4732
4 3910 4110 3503 4207
4 1274 1543 1187 5118
4 3694 4907 3412 5009
4 3906 3968 3452 4976
4 1250 1186 1184 4571
4 1051 3723 4567 5165
4 3470 4259 3718 5092
4 636 4599 3697 5012
4 1603 1306 1304 3890
4 3432 4128 4407 4924
4 73 3941 3886 4137
4 3460 4799 3722 5144
4 3513 4492 4040 4838
4 730 586 739 4510
4 3399 3678 4697 4739
4 3461 3840 4216 4877
4 3773 4626 2237 4720
4 3800 3377 4540 4764
4 3623 4373 2981 4958
4 4059 5208 3599 5224
4 3429 4017 4013 5017
4 1410 1284 1689 4427
4 1791 4435 4173 5084
4 2389 4069 2140 4705
4 3461 4216 3840 4840
4 3558 4771 4187 4932
4 3390 4087 4609 5049
4 4307 4479 3667 4737
4 3798 4581 3639 4689
4 3449 4581 3798 4689
4 1482 4380 4083 4785
4 944 906 1881 5086
4 3433 4592 4363 4954
4 3774 4800 3465 5043
4 3713 3461 4614 4892
4 2949 2837 2933 3872
4 3681 4469 4041 4853
4 4161 4936 2204 5191
4 3559 4428 3833 4512
4 3593 3721 2290 4515
4 3529 4595 2464 5180
4 2626 2717 1928 4784
4 83 4357 3673 5078
4 1280 1278 1279 5249
4 1535 1833 4593 4812
4 437 4550 36 4654
4 4067 4230 1374 4780
4 1840 1537 4023 4557
4 3418 4305 4135 5076
4 2056 3548 2074 4027
4 3759 4714 2850 5231
4 1460 1379 1452 4517
4 4187 4771 3857 4932
4 3672 4054 3947 4594
4 416 22 3047 2060
4 1228 1230 4246 4448
4 3709 4786 4225 4844
4 17 4038 3721 4491
4 3410 4064 3901 4657
4 1984 1986 4707 4887
4 3736 4503 4177 4634
4 2951 4269 2842 4278
4 3573 4134 4292 4985
4 4709 4768 3680 4803
4 467 55 3152 5046
4 3468 4331 4863 4920
4 697 4295 756 5019
4 1573 4220 1574 4875
4 1550 4126 1551 5231
4 3857 4187 3407 4324
4 2304 3911 2631 4572
4 680 4464 679 4957
4 1632 1120 1108 4639
4 1694 4712 3923 5084
4 2991 2878 4412 5090
4 451 3123 3122 4933
4 2677 2346 3784 4828
4 1995 3858 109 4401
4 3745 4203 3522 4896
4 2982 3005 2843 4954
4 1425 1033 1835 4406
4 804 986 854 4146
4 3418 3899 4305 5076
4 3497 3908 4459 5194
4 115 4776 4205 4822
4 1840 4023 591 4557
4 1757 1229 1263 4246
4 760 628 723 3989
4 3465 4191 3917 4617
4 2983 2918 4020 4867
4 2171 4947 2116 5030
4 3594 4664 4160 5243
4 3459 4033 4299 4981
4 1853 1010 1702 4562
4 3467 4786 4225 5114
4 3709 4225 4786 5114
4 2187 2539 4445 4906
4 3411 4469 4223 4989
4 758 622 727 4539
4 3460 3791 4329 4947
4 1278 3747 4537 5007
4 2716 53 4467 4618
4 3619 4170 4087 4921
4 3902 3550 4695 4984
4 1065 1067 1126 5106
4 3469 4540 3747 4832
4 632 631 4119 4891
4 1385 1793 1795 3946
4 2159 2492 3556 4411
4 399 915 11 4335
4 3479 4362 3945 4990
4 1716 1715 1623 4625
4 1796 1868 825 3985
4 3961 4208 3406 4666
4 56 2081 2423 4232
4 1092 1094 4455 4754
4 103 4079 537 5093
4 1781 4021 1668 4277
4 115 4235 554 4975
4 733 599 742 4966
4 2863 2945 4276 4706
4 3684 5194 3895 5217
4 13 401 2332 3936
4 1692 4631 1146 4660
4 55 4034 466 5040
4 1957 1958 3907 5213
4 3505 4538 4174 5083
4 2448 2541 2069 4155
4 697 696 735 4295
4 3951 4117 3565 5022
4 2370 2662 2663 4479
4 3007 2802 4126 4363
4 1235 4729 1417 4787
4 2074 4027 3548 4930
4 3855 4432 3904 4476
4 1826 2936 1030 4009
4 2412 2316 2269 4217
4 889 872 839 4136
4 2615 2637 4076 4624
4 1791 841 1008 4173
4 1641 3904 1844 4502
4 3378 4063 4810 4915
4 947 2776 3953 4524
4 647 642 640 4167
4 2942 2809 2952 4827
4 3425 3698 4672 4708
4 17 3746 3721 5001
4 1133 1478 1477 4133
4 3745 3522 4203 4996
4 49 4096 3597 4265
4 4360 5210 3533 5217
4 465 3524 3807 4734
4 1256 1208 1206 4422
4 3485 4547 4312 5219
4 3494 4608 3933 5195
4 3947 4054 3441 4354
4 2850 2992 2849 4261
4 2163 4262 4131 4555
4 812 1916 858 4158
4 1146 1147 3978 5130
4 4331 4427 3893 4863
4 2777 2691 1908 4132
4 3718 4259 2232 5092
4 2816 2385 1901 4244
4 4157 4503 3516 5171
4 3729 1375 5140 5205
4 3628 4070 4580 4983
4 1111 1573 3968 5053
4 2926 4497 1925 4688
4 801 3799 588 5244
4 1967 2563 2015 5159
4 1199 4314 1271 4993
4 2459 4643 2203 4936
4 780 3846 700 5228
4 3882 4366 4030 4633
4 3392 4489 3865 4532
4 1707 1346 4111 4603
4 3691 4082 3827 5159
4 869 4372 829 4630
4 2477 2478 5087 5101
4 1159 1154 3813 5224
4 1616 1612 1608 3897
4 3626 3797 4667 4968
4 3667 4479 2337 4982
4 1549 5174 1022 5231
4 3796 3418 4320 5153
4 3404 3888 4210 5250
4 1315 1313 1314 3994
4 3601 3534 4421 5004
4 3281 534 3280 4969
4 4131 4555 4262 5060
4 3922 4962 3376 4978
4 1996 2036 4028 4401
4 3731 4637 3919 4814
4 3723 4826 3796 4927
4 3546 4028 3664 4534
4 3416 3559 4449 4730
4 618 4196 622 5141
4 2208 4005 3767 4903
4 1668 1667 4454 4659
4 4544 4761 4284 4923
4 1883 1034 2825 4071
4 1100 4785 3927 5190
4 3587 4452 3428 4509
4 4385 5007 3747 5249
4 681 747 576 3997
4 3736 3516 4503 4634
4 3552 3387 4118 5016
4 1060 4605 3724 4762
4 1374 4230 4067 5205
4 3681 4558 35 5089
4 514 87 3242 3955
4 121 568 3350 5135
4 84 3973 508 4112
4 3922 3624 4868 5214
4 3591 4539 4196 5141
4 2377 4087 2143 4609
4 3673 3451 4357 5116
4 2132 2130 2616 4097
4 901 966 3881 4623
4 3797 4667 4097 5197
4 3592 3780 4533 4735
4 4090 4399 3757 4689
4 2363 3983 2701 4959
4 2851 2846 2849 4261
4 1702 4152 1506 4283
4 3821 4703 778 4837
4 4294 4775 3472 5149
4 4243 4944 3479 5143
4 2490 2550 2250 3540
4 4176 4485 1135 4578
4 3673 4357 4060 5116
4 2619 3937 2324 4663
4 2871 2872 4068 5095
4 2760 3799 2621 5244
4 2582 3937 2619 4663
4 2486 2712 2432 3974
4 3762 4762 3455 5167
4 1643 4503 4177 4566
4 3952 4370 3497 5100
4 122 2072 2134 4215
4 795 801 693 3799
4 1738 4018 1711 4487
4 3655 3982 4691 4848
4 4739 4799 3791 5144
4 1629 1141 4103 4494
4 3922 4962 3624 5214
4 3966 4733 3495 4846
4 4223 4469 1597 4989
4 4025 4200 60 4809
4 3819 3401 4484 4545
4 2363 2701 3983 5183
4 2716 53 2138 4467
4 2431 4292 4134 4970
4 3567 3629 4361 5005
4 4217 4330 3686 5115
4 3564 4449 4794 5243
4 2074 3548 2416 4930
4 1133 1477 1476 4147
4 3429 4374 3910 4611
4 3989 4699 3958 4802
4 3419 4330 3655 4946
4 2506 2507 2508 4910
4 2890 2988 3877 5252
4 73 496 3207 5155
4 4285 4317 3934 5048
4 3446 3713 4906 4920
4 2415 2247 2245 5109
4 3634 4093 4633 4669
4 3501 4633 4093 4669
4 3205 494 3204 3912
4 28 431 3778 4123
4 2035 4281 2479 4441
4 2600 4304 30 4883
4 3844 4507 3419 4979
4 111 551 3317 4088
4 4582 4921 3687 5215
4 3431 3681 4469 5112
4 1102 4339 3927 4785
4 3133 4265 2327 4436
4 465 4034 3524 4734
4 3706 4184 3496 4364
4 3417 5125 4810 5163
4 4020 3391 4222 4974
4 2108 2172 4559 5187
4 47 3716 4162 5128
4 406 3027 14 4850
4 3625 4872 4795 4960
4 3919 4384 3800 5077
4 3522 4896 3899 4996
4 3812 4130 4614 4858
4 792 755 4053 4466
4 3820 4793 3474 4922
4 617 4816 4297 5081
4 483 4207 65 4548
4 2162 4232 3718 4572
4 3408 4157 3780 4629
4 1489 3976 4509 4610
4 3444 3710 4851 5123
4 2896 2916 2811 3990
4 3812 4331 3468 4920
4 2657 3524 2388 4034
4 3449 3931 4473 5104
4 3192 3191 489 4156
4 3511 4265 51 4436
4 4196 4539 622 5141
4 4211 4665 3963 4911
4 945 4842 3766 5086
4 3716 3995 2129 5197
4 3376 3646 4705 5237
4 1989 3506 4249 4901
4 2325 2413 2055 3999
4 3564 4794 4160 5243
4 2218 2242 3685 4847
4 1038 1787 4742 5028
4 1593 1241 1755 4220
4 3789 4573 3488 5123
4 2775 14 404 3023
4 1617 1728 1729 4233
4 3502 4050 3865 4546
4 3598 3740 4796 4838
4 2583 2584 2314 4465
4 99 4053 4043 4679
4 2208 2552 2210 4328
4 3737 81 4289 4750
4 736 743 598 3894
4 3705 4441 3873 4717
4 1341 4342 4059 5224
4 2039 2043 2030 4270
4 2687 3711 4513 5172
4 1770 4507 3844 5069
4 57 4002 471 4332
4 3974 3458 4482 4913
4 3386 4818 3724 4857
4 1298 3885 1405 4836
4 1872 3838 4271 5073
4 3538 4973 3924 5077
4 2746 2591 2744 3821
4 3596 4483 3900 4586
4 3580 5122 2963 5189
4 3468 4221 3826 4445
4 2752 2403 3735 4821
4 3339 3338 3341 3839
4 3982 4024 3655 4691
4 4257 4462 3822 4641
4 3809 4283 4152 4489
4 2321 3728 4624 5120
4 2768 812 853 4698
4 3919 4637 3731 5077
4 3877 4434 2334 5192
4 1402 1436 1437 4044
4 1907 98 3288 535
4 3491 4491 3746 5192
4 3568 3975 3423 4132
4 1948 4574 3481 5011
4 38 439 2651 2070
4 1713 1423 1834 4012
4 3736 4457 3516 4629
4 3253 3505 4439 4805
4 3440 3623 4092 4369
4 1677 1626 1625 4981
4 520 3258 3608 4353
4 4325 4943 3461 5063
4 1886 872 889 4136
4 3088 3090 432 4031
4 3847 3937 2324 4890
4 3909 4544 4284 4923
4 447 3124 41 4092
4 1749 4808 4390 5017
4 3380 4444 3505 4538
4 2260 3572 2369 3912
4 3771 4708 3916 5164
4 118 4417 2427 4428
4 3293 99 537 5093
4 591 4023 731 4557
4 3591 4682 4099 5075
4 3293 537 3586 5093
4 3293 3586 99 5093
4 1451 1772 5056 5140
4 3868 4928 3852 5114
4 3636 4481 4207 4718
4 1005 3868 2788 4831
4 1096 3960 1098 4621
4 3239 506 3240 5005
4 3379 3665 4720 5068
4 1823 1551 1440 3940
4 2512 2672 4528 4560
4 3018 3016 3019 4561
4 1623 1349 3900 4759
4 3377 4251 3800 4973
4 3573 3871 4412 4827
4 651 3980 650 4909
4 3574 3375 4322 5109
4 3475 4372 3946 4630
4 91 3269 519 4104
4 4161 4903 2204 4936
4 3915 4497 3513 5173
4 2640 2276 2628 4522
4 1802 3961 1021 4666
4 3989 4513 3711 5172
4 1575 1671 1664 5053
4 1893 2908 3957 4784
4 2352 2368 2139 4320
4 3503 4207 4481 4718
4 2386 2385 2383 4244
4 3746 4491 3721 5192
4 3379 4300 4729 5068
4 1565 4974 4222 5150
4 3555 4163 3806 5061
4 2305 4340 3517 4572
4 444 3113 4715 4938
4 3797 5131 4275 5197
4 3483 2086 4447 4965
4 1345 1343 1381 4193
4 906 954 952 4000
4 3479 4362 3786 5143
4 3786 4362 3648 5143
4 665 4873 2749 4964
4 795 3799 693 4789
4 1619 1210 4301 4348
4 4001 4564 3843 4704
4 3674 5122 4406 5252
4 1145 1770 3844 5069
4 1351 3994 4823 5207
4 1778 1000 173 594
4 490 71 3831 4218
4 2200 3873 2202 5191
4 1592 1203 4420 5057
4 2776 2341 3953 4524
4 3788 4422 3457 5186
4 3736 5019 4346 5094
4 17 4038 4491 5154
4 4783 4826 3796 5152
4 3393 3774 4416 5043
4 2239 2224 3733 4444
4 475 2152 62 2245
4 3618 4568 3825 4957
4 3702 3926 3532 4556
4 3509 4522 4136 5008
4 3758 4597 4010 4724
4 2334 2731 3877 5176
4 3750 4198 3510 4752
4 3522 3745 4896 4996
4 1661 1849 1024 4525
4 3424 4198 3803 4692
4 3529 4122 3492 4286
4 2044 3694 4616 4907
4 2198 2249 2476 5101
4 490 1983 3831 4541
4 1505 3854 1704 5036
4 4281 4707 1986 4887
4 1609 1746 1611 4236
4 3410 4125 4009 4657
4 954 952 4000 4709
4 1269 1621 4257 4806
4 3625 4939 3903 5025
4 626 627 632 5172
4 3910 4374 3534 4611
4 3740 4995 1560 5018
4 3572 3912 2260 4282
4 3909 4048 3596 5085
4 3394 4048 3909 5085
4 626 5172 632 5183
4 1707 1760 1346 4603
4 3996 4486 3793 4622
4 2987 4185 2867 5202
4 1565 3931 4974 5150
4 3871 4164 3640 4656
4 1196 4475 1194 5177
4 1563 1245 1564 4080
4 3865 4089 3502 5098
4 3836 4729 4300 5068
4 3539 3695 4352 4843
4 2960 895 955 5189
4 1096 1590 1098 3960
4 2268 2337 4479 4982
4 3381 4206 3854 5248
4 3854 4206 3599 5248
4 74 2260 2258 3912
4 3078 3077 429 3952
4 2548 4564 4143 5079
4 2511 3864 2514 4952
4 3529 5010 4204 5169
4 443 36 3926 4654
4 4021 4277 3445 4454
4 3750 4075 3930 4755
4 4827 4985 3851 5129
4 3049 417 3048 4024
4 410 3048 19 4024
4 651 4516 3980 4909
4 3389 3547 4302 4782
4 3456 4272 3867 4607
4 1328 4354 4208 4898
4 3395 3589 4691 4848
4 3553 4521 3769 4807
4 4567 4996 3899 5076
4 973 3580 913 4561
4 780 4516 3846 5228
4 4080 4765 3603 5025
4 3729 4425 4214 5140
4 417 23 4287 4691
4 1159 5117 4342 5224
4 3624 4605 4189 4857
4 3435 3830 3783 4139
4 3472 4458 3862 5149
4 1957 4248 2016 4849
4 1064 1065 4228 4589
4 2399 2034 2446 4211
4 1958 2446 1960 4211
4 124 568 5123 5135
4 449 44 3129 4182
4 1967 2015 4998 5159
4 1011 1436 3756 4763
4 3719 4658 4313 5103
4 2136 3657 2163 4555
4 1744 4638 1492 5179
4 1329 1432 1409 4022
4 95 526 3270 3971
4 3836 4775 4294 5149
4 2001 2544 4170 5049
4 1985 4442 3831 4707
4 3409 4516 4023 5002
4 1541 3954 1277 4732
4 4126 4278 3485 4714
4 918 899 1788 4914
4 894 749 957 4757
4 3551 4418 2001 5049
4 1177 4563 1173 4632
4 1085 1135 1618 4176
4 1150 4494 1152 4851
4 3589 4631 4073 4660
4 33 4195 3085 4655
4 867 4562 3946 4630
4 110 2633 4028 5105
4 3611 4343 3712 4566
4 2128 4275 5131 5197
4 2824 3580 1934 3936
4 1555 3859 1680 5177
4 1601 4223 1597 4989
4 555 3322 3323 4235
4 1351 3932 1726 5207
4 3510 3750 4075 5060
4 1967 4998 4082 5159
4 3598 4008 4706 4838
4 1020 3862 1435 4954
4 1768 3834 1769 5229
4 3178 3177 3179 5041
4 59 4321 4002 4616
4 3403 4018 3930 4835
4 1351 1315 3994 5207
4 1945 1944 1943 4194
4 1084 4443 1086 4813
4 1841 4023 1537 5082
4 3384 4645 4066 5021
4 1256 1557 1558 4040
4 4045 4223 3569 4948
4 1071 1127 1732 4366
4 3896 4559 2172 5187
4 794 3961 635 4599
4 116 4263 3726 5091
4 2328 4091 3568 4535
4 1624 1305 3863 5099
4 1886 2627 2756 5008
4 2139 2352 4320 5015
4 1629 4494 4103 4585
4 2586 2289 2149 3889
4 1946 4194 1945 5011
4 2909 1831 2797 4830
4 3499 4400 3989 4650
4 3379 3836 4300 5068
4 3483 3477 4115 4549
4 1391 4186 1389 4984
4 3514 3796 4783 5153
4 3803 4463 3392 4692
4 1535 1833 1636 4593
4 4062 4344 3602 5033
4 3177 476 3179 5041
4 1383 1331 4210 4496
4 119 5220 4047 5225
4 1436 1871 3756 5014
4 2439 2034 2399 4911
4 2721 3957 2336 4336
4 3432 3822 4462 4641
4 2957 4341 4827 5129
4 1456 1457 1365 4613
4 4262 4555 3657 5060
4 2626 2625 2434 3972
4 3785 3934 3555 5158
4 1573 4971 3968 5053
4 2876 2991 2878 4412
4 473 60 4259 4727
4 598 726 1861 4587
4 3471 3843 4564 4704
4 2943 4021 2879 5223
4 3723 3522 4567 4826
4 2990 4032 4367 5095
4 4135 5056 3823 5160
4 1967 1965 4082 4998
4 629 4650 784 4742
4 3636 3503 4481 4875
4 3471 4564 3821 4704
4 1396 1394 1397 4620
4 3890 3409 4381 5082
4 3443 3970 3886 4738
4 3380 3530 3947 4594
4 3522 3899 4896 4927
4 1617 1128 1728 4233
4 1613 4120 1533 4779
4 3635 4219 4168 4352
4 744 789 4084 4432
4 2863 2945 2928 4276
4 3030 400 3028 4999
4 2034 1962 4211 4911
4 1451 1772 1132 5056
4 482 66 3193 4156
4 3492 3743 4122 4144
4 67 483 3180 4548
4 116 4151 3726 4263
4 3225 500 3226 4039
4 2632 4159 2670 4722
4 2872 2875 4367 5095
4 1134 1742 1571 4415
4 3470 3888 4496 4662
4 1299 1657 1297 4511
4 1179 1147 1158 5130
4 1448 1469 4305 5205
4 1696 1541 4358 5218
4 3637 3944 3473 4881
4 3980 4502 650 4909
4 1599 4469 1598 4853
4 1375 3729 5027 5205
4 1578 1114 1078 4481
4 1650 4222 1654 4369
4 3637 4056 544 4122
4 606 725 216 2689
4 2186 2187 2185 4591
4 717 1778 173 594
4 714 177 1023 593
4 4276 4706 2945 5173
4 3821 4564 4001 4704
4 2506 3741 2648 4677
4 3822 4308 3460 4799
4 1493 4067 1374 4780
4 3822 4686 4308 4799
4 2606 2708 3942 4955
4 3723 3823 5152 5160
4 4308 4686 3460 4799
4 1148 1770 1532 4073
4 3508 3953 2341 4524
4 2770 1886 889 4136
4 3543 3939 3607 4260
4 1344 1519 4193 4992
4 3464 3663 4142 4903
4 3397 4242 3748 5067
4 2980 3010 2917 5051
4 3629 4517 4208 4898
4 773 689 692 4951
4 97 528 3276 3987
4 3475 4310 3841 4646
4 1049 5056 4135 5160
4 2640 2628 2691 3929
4 1280 1279 1687 4385
4 3827 4082 3691 4998
4 1939 3989 2675 5172
4 1225 1227 1665 4453
4 2349 1939 2687 4513
4 518 3254 90 4190
4 3461 4892 3967 5085
4 4176 4485 3473 4813
4 2242 2456 2525 4429
4 3744 4723 3405 5006
4 3463 4214 4425 5140
4 1283 1539 1281 4202
4 3890 4142 3439 4378
4 3510 4075 3750 4752
4 3805 4906 4445 4920
4 3998 5043 3774 5065
4 3822 3460 4711 4799
4 3933 4066 3384 4645
4 1592 1201 1203 5057
4 3484 4352 4168 4593
4 2638 2734 2330 3462
4 3826 4614 4943 5063
4 1999 3914 2001 5102
4 2929 2700 2807 4185
4 3457 3740 4796 5186
4 3803 3392 4152 4788
4 3596 4892 4619 5085
4 3943 4584 1639 5226
4 1258 1226 1544 3966
4 2689 3983 2701 5183
4 2286 4336 2336 5064
4 2056 2416 2074 3548
4 1450 1375 1448 5140
4 1555 4164 1554 5181
4 422 3824 27 4227
4 2008 2006 3833 5119
4 1273 1752 1685 3908
4 1802 1021 1789 4666
4 527 520 3267 4457
4 3737 4113 3441 4673
4 3893 4094 3468 4966
4 1303 4117 1354 5022
4 2486 2154 2487 4482
4 3903 3391 4379 4872
4 1714 4752 1260 4755
4 2882 2979 4688 5223
4 3222 79 3659 5178
4 3802 4332 3482 4563
4 2330 3462 2734 4334
4 515 3246 87 4113
4 482 3617 67 4548
4 1654 4867 4222 4974
4 1898 3942 2708 5234
4 3376 3922 4826 5165
4 3809 4489 3841 4646
4 1344 1342 1708 3870
4 3616 3541 4549 4687
4 3841 4046 3447 4646
4 3458 3819 4164 4949
4 2112 2113 2111 4085
4 3394 4284 4761 4923
4 3391 4872 3903 5025
4 62 2152 475 3165
4 3386 4247 3776 4868
4 2727 1903 2333 3901
4 2844 4278 3005 4363
4 3790 4082 4871 5159
4 3430 4104 3736 4566
4 3792 3590 4485 5072
4 4444 4538 3530 5088
4 3880 4140 3401 4545
4 2765 1912 3825 4568
4 3935 4908 3635 5052
4 3767 4142 3663 4903
4 2667 3655 2445 4946
4 4568 4957 3618 5193
4 3564 3739 4664 5066
4 2366 2365 2367 3842
4 3506 4249 3751 4707
4 1246 4299 4033 4981
4 1310 4219 1308 4593
4 2837 2836 4106 4458
4 2044 3694 2049 4616
4 3506 4442 1987 4707
4 2605 2227 2272 3652
4 4059 4342 1341 4790
4 3531 4049 411 4409
4 3443 4425 4777 5027
4 2689 606 3983 5183
4 4166 4551 3526 4975
4 1219 1218 1220 4473
4 1353 4570 4291 5022
4 4028 4606 111 5105
4 2270 4377 2266 4693
4 1805 1021 1444 3961
4 822 824 873 4713
4 2605 3652 2272 4955
4 2363 2689 2701 5183
4 2395 26 3074 2396
4 3768 4001 4675 5170
4 3727 4153 1430 4490
4 3648 4362 3786 4780
4 3424 4555 4131 5060
4 2330 4138 3462 4334
4 2957 2900 4341 5129
4 2161 4226 3716 4801
4 467 4116 3633 4395
4 3834 4349 4154 4767
4 4337 4395 4116 5138
4 3385 4841 3887 5133
4 655 4837 4703 4909
4 3887 4314 3675 4993
4 2001 4170 2012 5102
4 3513 4925 3755 5145
4 3941 4777 3729 5027
4 3841 3447 4046 4930
4 4186 3504 4317 5048
4 3594 4160 4884 5243
4 2501 4005 2208 4903
4 3525 3615 3374 4822
4 3477 4115 3814 4509
4 3891 4638 1492 4744
4 2134 3847 2324 4890
4 3864 2514 4952 5151
4 2202 2571 2204 4161
4 73 3715 3941 4377
4 3560 5011 3384 5054
4 1687 4385 1856 5198
4 555 3322 4235 4822
4 893 851 4071 4500
4 1149 4181 1672 4794
4 2713 2280 2606 3654
4 4879 5134 3999 5208
4 1430 987 1863 3727
4 36 436 3956 4526
4 2564 4591 2186 4975
4 2797 4406 2886 5252
4 1275 4509 1489 5179
4 2093 3658 2153 4926
4 548 1995 109 4401
4 468 57 3160 4565
4 4168 4352 4219 4593
4 3567 4357 3629 5005
4 2797 2887 2909 4830
4 806 826 825 3985
4 906 944 954 5086
4 3790 4871 4118 5159
4 2093 2153 3658 5111
4 2159 3761 2562 4411
4 1919 216 725 2689
4 3405 4723 4254 5006
4 3503 4207 3636 4481
4 3907 4211 3628 4987
4 1656 4020 1566 4960
4 961 981 966 3881
4 1616 3897 1608 4950
4 2128 5131 2166 5197
4 449 2767 3701 4182
4 2164 4131 2163 4262
4 3952 4899 27 5100
4 55 3147 466 4034
4 1588 3867 1695 5175
4 3692 3802 3442 4200
4 1583 1722 1135 4485
4 1438 1439 1441 3835
4 3654 4174 3505 4190
4 3758 3584 4423 4702
4 2663 2732 3881 4623
4 4143 4564 3843 5079
4 1442 4210 1438 4344
4 3922 3522 4826 5165
4 2236 2137 4626 4720
4 1272 1195 1197 4475
4 3537 4519 3830 4999
4 1197 4129 1676 4387
4 3557 4530 1951 5124
4 2136 2079 2163 3657
4 2873 2919 2942 3871
4 3931 3391 4765 4974
4 3864 4528 3949 4952
4 3130 3131 452 4182
4 3458 4746 3819 4949
4 4118 5016 3948 5206
4 2687 1939 2675 5172
4 1174 1159 4342 5224
4 3840 3576 4544 4923
4 2557 4316 2556 4988
4 3675 4314 4129 4993
4 3403 4105 3799 4663
4 1782 1459 1456 4816
4 4030 4633 3808 4652
4 2584 2753 1927 4171
4 2752 2403 1910 3735
4 3871 4412 3640 4949
4 3573 4412 3871 4949
4 2631 2304 2306 3911
4 3783 15 4139 4773
4 2606 2708 1898 3942
4 2465 2464 2013 5180
4 2091 4051 3658 4970
4 3594 4160 3979 4884
4 3409 3768 4643 4772
4 793 670 766 5002
4 794 635 634 4599
4 1529 1384 1843 4381
4 3883 4171 3538 4861
4 2982 2843 4592 4954
4 1042 4430 1447 5028
4 2023 4701 4270 4967
4 3432 3897 4462 4808
4 1813 3871 994 4656
4 520 3608 89 4533
4 4434 5001 2294 5192
4 968 4709 3917 5201
4 3957 4336 3474 4793
4 2417 2296 2444 4409
4 540 105 4595 4901
4 3489 4395 4337 5204
4 1148 1692 1146 4660
4 3253 3251 519 4190
4 3711 4699 3989 4891
4 2369 3572 2260 4282
4 3065 426 3066 4051
4 2432 4292 2485 4482
4 3791 4697 3678 4739
4 2157 4329 3949 4952
4 1502 4271 3985 5073
4 3850 4884 4057 5119
4 4057 4884 3518 5119
4 3424 3861 4724 4956
4 2742 2743 2460 3846
4 3049 417 4024 4691
4 1293 1542 1350 4544
4 906 954 4000 5086
4 1544 1545 3966 4846
4 1879 1467 1463 4188
4 3482 3848 4111 4929
4 2549 2746 4084 4564
4 2993 2806 2925 4065
4 514 4007 87 5047
4 3464 4751 4772 4936
4 1910 3735 2403 4698
4 3944 4813 3473 4881
4 2327 457 3133 4436
4 1726 3932 1594 5207
4 2828 4062 2829 4722
4 3453 4002 3665 4929
4 3628 4857 3907 4987
4 3907 4857 3624 4987
4 112 2000 4274 5023
4 47 4184 453 4364
4 1174 4342 1341 5224
4 4154 4349 3683 4767
4 3423 4865 3923 5084
4 1550 1551 1549 5231
4 4289 4433 3823 5021
4 2091 2153 3658 4926
4 3925 4492 4141 5151
4 554 4551 115 4975
4 3538 4427 4149 5198
4 2774 4102 1933 4397
4 3404 4340 4505 5034
4 3012 951 11 915
4 3544 4262 2164 4678
4 3538 4171 3883 4465
4 3772 3414 4441 5139
4 3783 4139 3830 4773
4 2394 3563 2448 4542
4 3464 4161 4751 4936
4 3466 4153 3786 4737
4 3469 4384 3913 5136
4 2598 2425 2377 5032
4 3394 4937 4048 5085
4 3949 4528 3445 4939
4 3559 3416 3833 4151
4 1375 5027 3729 5140
4 2687 5172 1900 5183
4 107 542 3938 5087
4 3381 3854 4206 4585
4 3390 4170 4087 5049
4 3432 3875 4641 4924
4 4013 4889 3636 4980
4 1655 4020 1007 4867
4 929 931 4531 4804
4 3711 4513 3451 4747
4 3405 4577 4254 4723
4 2587 2705 4225 4316
4 3910 4374 3429 4481
4 3400 4229 4745 5233
4 2714 2910 1928 4341
4 1715 4625 4280 4817
4 3410 3550 4038 4186
4 4004 4104 3267 4457
4 2984 2974 2803 4344
4 978 937 968 5201
4 2753 2540 2751 3883
4 3572 2369 3912 4577
4 3982 4946 2045 5013
4 3745 4996 1124 5221
4 2861 2789 326 5113
4 3652 4361 3955 4602
4 3380 3530 4444 4538
4 2725 1890 639 5029
4 1803 1634 4831 5113
4 1269 1621 1607 4257
4 1607 1746 1609 4257
4 2882 4688 3965 5223
4 73 3941 3715 4770
4 127 4075 4262 5060
4 2993 2839 4065 4458
4 4080 4765 3391 4974
4 1652 4846 1546 4852
4 1613 1533 1164 4779
4 1258 1686 1228 4448
4 1064 1066 1065 4589
4 1709 4044 1437 4914
4 2341 3953 3508 4850
4 2796 1926 382 2845
4 3513 3755 4492 5145
4 2352 3650 2669 5153
4 1484 1338 4203 4996
4 735 696 595 3942
4 4203 4716 3522 4896
4 2373 1951 4530 5124
4 417 4287 19 4691
4 1659 4280 1716 4483
4 863 803 821 3997
4 3865 4089 3604 4788
4 3502 4089 3865 4788
4 113 555 4205 4822
4 1851 1526 1854 3893
4 2897 3957 4781 4793
4 3242 3239 3240 3955
4 1573 1593 1574 4220
4 680 736 679 4464
4 2849 2977 2851 4261
4 4020 4379 3391 4872
4 3564 4160 4103 4664
4 57 3665 4002 4565
4 3809 3475 4283 4489
4 1949 2373 1951 4530
4 1433 1013 1865 3758
4 3513 4497 4008 5173
4 3815 3534 4374 5200
4 2333 3877 2334 5192
4 3549 3950 3663 4077
4 3394 4923 4413 5085
4 2064 2579 4323 4886
4 1484 1118 1338 4996
4 3624 4987 4189 5237
4 3205 3912 3203 4282
4 3502 4089 3985 4713
4 3779 4193 3509 4460
4 743 736 746 4789
4 177 1023 1779 714
4 1640 1300 1298 4036
4 736 4464 746 4789
4 3405 4254 3842 4768
4 2352 2669 2368 5153
4 2801 2945 2880 4276
4 3512 4269 3485 4278
4 2687 1900 2363 5183
4 2233 3568 2614 5092
4 732 3855 659 5239
4 3414 3772 4441 4717
4 3599 5134 4879 5208
4 2334 3877 2333 5176
4 3423 4245 3692 5059
4 3602 4382 4071 4500
4 2332 3936 4334 5097
4 2989 2866 4008 5173
4 3428 3778 4437 4468
4 3888 3892 3442 4414
4 3803 4271 3502 4788
4 2230 4145 2052 4536
4 3440 4184 3732 4636
4 3635 4352 3935 4843
4 3456 4201 3981 4371
4 2045 3982 2667 4946
4 2363 3983 4959 5183
4 1298 1296 1405 3885
4 2083 2061 2082 3785
4 490 3831 1983 4218
4 738 591 731 4557
4 1173 1177 1176 4563
4 1889 2686 2911 4824
4 3740 5018 1560 5050
4 3002 2850 4714 5231
4 1961 2541 1959 4248
4 1957 1959 2016 4248
4 3174 3172 4200 4332
4 3215 3217 3218 4845
4 3718 4232 3517 4572
4 2936 2903 2813 4009
4 3596 4483 4586 4937
4 2597 2750 2311 3826
4 3398 4448 3775 4880
4 3473 4365 4176 4813
4 3870 1344 4790 4992
4 525 3265 95 3959
4 3618 4957 4464 5193
4 4219 4612 4396 5182
4 1216 4308 1214 5146
4 2940 2948 2788 4831
4 1149 1169 1672 4181
4 3853 4383 4356 4576
4 893 4382 878 4500
4 1397 4620 1394 4695
4 2093 3658 4926 5111
4 1700 3990 1818 4404
4 3313 110 2633 547
4 2864 4831 3787 5113
4 4357 3567 4747 4959
4 116 557 3833 4428
4 514 3247 87 4007
4 3442 3892 3888 4025
4 2330 2638 3462 4138
4 1088 3944 1610 4881
4 3638 4745 4229 5233
4 2082 4163 3785 5061
4 77 500 2353 4039
4 1344 3870 1708 4992
4 1289 1288 4619 4759
4 3427 3704 4356 5240
4 1009 4006 932 4961
4 2675 1939 1937 3989
4 2045 2038 2667 3982
4 1588 1745 1695 3867
4 1920 2382 2383 4269
4 1549 1548 1022 5174
4 1527 4785 1100 5190
4 4245 1420 5084 5188
4 4595 4918 2013 5180
4 2562 446 3761 4493
4 3417 3717 4554 4701
4 3452 4172 4870 4976
4 606 633 3983 5183
4 3399 3520 4017 4889
4 606 632 633 5183
4 3471 4143 4084 4564
4 1212 4308 1213 4686
4 3384 4645 3823 5054
4 3774 4613 3465 4800
4 2218 2216 2242 4847
4 2103 2146 2555 4988
4 3865 4532 4489 4821
4 3474 4336 3889 4815
4 21 2288 4055 4508
4 1960 2034 1962 4211
4 2709 2588 2589 4225
4 3985 4271 3502 4713
4 3402 4786 3719 5103
4 1842 1843 1031 4502
4 2701 2347 4602 5012
4 1756 4753 3817 5199
4 704 728 1027 4149
4 2922 2817 391 2677
4 4222 4974 3931 5150
4 1275 1489 1744 5179
4 1743 1744 1492 5179
4 62 2245 2152 3918
4 3601 4611 3534 5004
4 1283 4202 1281 4506
4 1583 1089 4326 4485
4 3869 4617 4298 5055
4 2139 4320 2021 5126
4 20 3934 4588 5048
4 3870 4790 4193 4992
4 3561 4178 4942 5222
4 3809 3475 4489 4646
4 1611 1746 1750 4236
4 4229 4272 3638 5233
4 1573 4391 1576 4971
4 1727 3951 1723 4902
4 3364 3789 3362 5123
4 2891 2944 2938 3860
4 1344 1342 3870 4790
4 1886 4136 2627 5008
4 3666 4139 3783 4882
4 84 509 4069 4072
4 1942 1941 1940 4802
4 1182 1180 1181 4303
4 3735 2752 4821 4977
4 2197 3843 4564 5079
4 2793 3965 2882 4688
4 3444 4569 4237 4600
4 1567 1439 1330 4016
4 2239 2438 2224 4444
4 510 3232 3234 4069
4 740 3904 4432 4837
4 1242 1482 4083 4785
4 461 53 3137 4183
4 2436 2235 2437 5029
4 73 3886 3941 4770
4 929 962 931 4804
4 3436 4056 3743 4455
4 939 926 896 4490
4 115 4205 555 4822
4 2532 2174 4195 4916
4 3569 4469 4045 5112
4 1351 1726 1594 5207
4 3576 4895 3754 4923
4 1674 1349 1289 4759
4 1029 1858 1859 4086
4 1894 4834 2712 5090
4 4204 4527 3816 5010
4 35 4078 3681 5089
4 3861 4874 4724 5142
4 3853 4356 4268 5240
4 1110 1610 1088 3944
4 3598 4008 3925 5062
4 3423 4245 4173 5084
4 3452 4870 3882 4976
4 597 1932 2742 4703
4 2307 2342 2345 3872
4 2416 2402 2400 4532
4 1411 3924 1282 5249
4 4246 4859 3969 4880
4 2805 2925 343 1446
4 2788 2921 324 4831
4 2402 4532 2404 4821
4 3468 4094 4331 4858
4 1303 1354 1638 5022
4 2206 2501 2208 4903
4 3479 4982 4243 5143
4 1790 1439 1568 4523
4 3616 4123 424 4478
4 1518 1514 4140 4545
4 2646 3520 4559 4677
4 3390 3551 4170 5049
4 4634 5171 706 5212
4 2087 4681 2089 5251
4 3387 4392 3577 4870
4 2750 3826 2597 4873
4 739 4510 697 5019
4 3424 4555 3861 4956
4 3900 4483 3596 4759
4 3854 3447 4311 5216
4 2432 2485 2486 4482
4 1354 1723 1727 3951
4 906 4000 952 4940
4 1526 1410 1854 4331
4 1519 1343 1344 4193
4 1897 2513 3965 4688
4 3573 4412 3974 4834
4 2989 2996 2866 5173
4 120 570 2051 2052
4 2732 1909 2370 3881
4 3620 4311 4644 4646
4 3443 4777 3941 5027
4 3400 4745 4213 5233
4 3500 3551 4095 5003
4 1404 1403 1401 4349
4 3729 4782 4230 5205
4 3410 4657 4009 4854
4 1972 1973 1971 4736
4 2714 4341 2433 4834
4 33 4526 4045 5112
4 2378 2634 2545 4201
4 996 1781 2879 4021
4 2799 2908 2719 4784
4 4213 4745 3763 5233
4 3419 4073 3844 4848
4 3451 4430 3905 5116
4 766 667 738 4557
4 1023 593 616 4816
4 3468 4614 3812 4920
4 3923 4865 4435 5084
4 1285 1347 1283 4114
4 2273 2272 3955 4602
4 687 4149 4637 4861
4 641 722 645 4514
4 2295 3746 2294 4434
4 2435 3695 2235 3987
4 3440 4222 3696 4256
4 3897 4808 3432 4900
4 671 789 604 4084
4 2346 4340 3784 4828
4 2058 3986 2077 4590
4 3475 4359 3779 4460
4 990 706 4634 5171
4 3488 4011 3789 4456
4 2488 3974 2486 4446
4 4471 4523 3571 5034
4 3545 4337 4116 5138
4 1826 4009 1428 4125
4 1156 1360 1453 4416
4 3626 4272 4229 5233
4 716 172 1000 594
4 3515 3775 4667 5045
4 753 781 665 4964
4 4237 4569 3710 4600
4 1258 1544 1545 3966
4 4119 4596 3653 4891
4 3542 3381 4076 5066
4 3503 4110 3910 4374
4 1554 1516 1813 4164
4 3617 4347 4207 4548
4 1347 1285 1623 4114
4 3544 127 4075 4262
4 55 3807 4034 5138
4 1581 1646 4013 4778
4 953 4338 4191 4757
4 2438 2439 2399 3963
4 3564 4664 3739 5243
4 3548 3392 4532 5044
4 3461 4877 4130 4892
4 1545 1546 1652 4846
4 108 4056 551 4534
4 2946 2882 3965 4795
4 4745 4888 4014 5227
4 4052 4317 3438 5130
4 1309 1348 1307 4396
4 2593 2020 2610 4037
4 3375 3870 4342 4790
4 18 410 4409 5211
4 2529 3617 2062 4347
4 560 118 2484 4428
4 1890 4820 600 5029
4 1249 1389 1388 4186
4 2752 3735 1910 4977
4 3759 3485 4640 4714
4 3618 4131 4956 5031
4 1953 2389 1956 4705
4 99 4053 4756 5093
4 3470 3810 4296 4575
4 2283 5170 2201 5191
4 896 1869 939 4490
4 402 3018 3019 4561
4 3503 3910 4207 4718
4 2645 4956 2231 5031
4 3833 4884 3850 5119
4 624 4842 614 5081
4 3629 3486 4357 5116
4 3439 3606 4043 4812
4 616 1774 1023 4816
4 3475 4359 4460 4646
4 1674 1718 1349 4483
4 1049 1047 5056 5160
4 463 3145 50 2657
4 3515 4364 5000 5128
4 3649 4316 4185 5042
4 79 503 3659 5162
4 1215 1214 1216 4308
4 3921 4706 3598 4864
4 1314 1333 1522 4157
4 1637 4573 3444 4851
4 3584 3861 4724 5142
4 903 2693 2696 4175
4 2366 3842 2367 5201
4 2316 2315 2269 4217
4 3580 4519 3936 5122
4 3607 3939 3543 5209
4 2443 2026 2581 4402
4 4247 4610 3776 5214
4 3536 3849 4421 5067
4 3960 4621 3752 5190
4 4236 3612 4527 5010
4 1399 1713 1396 4012
4 95 4457 3736 4629
4 3931 4765 4080 4974
4 575 124 3362 3789
4 3846 4516 3549 5228
4 1751 1749 1582 5017
4 3865 4489 3392 4788
4 3423 4649 4173 5059
4 3398 4880 3775 5045
4 3800 3469 4540 5077
4 1195 1194 4475 4963
4 471 3159 3156 3986
4 2099 2155 2594 4844
4 2233 4259 3568 5092
4 4129 4314 3675 4708
4 3698 4314 4129 4708
4 894 577 749 4757
4 1338 1492 4638 4744
4 967 977 899 4615
4 1197 1199 1676 4129
4 1696 1541 1697 4358
4 1107 1696 1105 4358
4 3597 3969 4859 4880
4 3436 3743 4056 4754
4 893 861 878 4382
4 407 15 4773 4999
4 3497 4452 4120 4779
4 2173 2561 2104 3771
4 3513 4706 4008 4838
4 3001 2860 2806 4523
4 1263 1698 1756 5199
4 2597 2311 2596 4943
4 1694 3923 1421 5084
4 1998 2000 1999 3914
4 3865 4050 3502 4788
4 1740 4771 3781 5070
4 3873 4441 3772 4717
4 3714 4173 4649 5059
4 4281 4441 3414 5139
4 3555 4744 3978 5132
4 3669 4308 5146 5147
4 3660 4922 4860 5247
4 1004 1036 175 596
4 3548 4532 3841 5044
4 3523 4588 3785 5158
4 2157 3949 2512 4952
4 2108 2172 2505 4559
4 2912 383 2678 2845
4 885 4713 3838 5073
4 2235 3695 2213 4431
4 2674 4269 4029 4862
4 1938 4400 1939 4802
4 2582 2324 2619 3937
4 1643 4177 1644 4566
4 703 779 610 4568
4 2140 4069 3646 4705
4 4128 4641 3612 5010
4 3816 4641 4128 5010
4 3470 4025 3718 4259
4 3565 5022 4570 5096
4 15 3783 4139 4882
4 3372 4081 4052 4303
4 1897 3965 2793 4688
4 4195 4351 2532 5110
4 3922 4868 3624 4978
4 916 3738 950 4615
4 2077 3986 3665 4590
4 1395 3920 1396 4647
4 1139 4306 1143 4690
4 1028 3851 1817 4404
4 3492 4056 3743 4754
4 99 4053 4197 4756
4 2913 2790 1903 5176
4 3853 4268 4726 5240
4 2522 2523 2457 4749
4 4010 4597 3424 4724
4 3797 4201 3619 4968
4 2178 4315 2427 4417
4 3724 4605 4247 4857
4 4108 4689 3498 4711
4 3468 4331 3893 4863
4 3598 4824 4185 4864
4 1098 4621 3960 5190
4 3416 4449 3954 4730
4 2471 2517 2574 5030
4 665 2749 1923 4964
4 3867 4272 3638 5175
4 3253 4439 4190 4805
4 1967 2015 1965 4998
4 2890 4670 3877 5176
4 3385 4220 3636 5133
4 1070 1671 1072 4172
4 1131 4660 3978 5221
4 1588 4272 1586 4607
4 3841 4489 3809 5044
4 3838 3502 4271 4713
4 2312 2619 2761 4663
4 2463 4204 2462 5169
4 3297 536 3295 4077
4 1085 1084 1086 4813
4 2294 4434 3746 5001
4 481 66 3182 4548
4 3849 5004 4421 5067
4 3583 4704 4036 4836
4 3599 4690 4206 5036
4 3629 4517 3486 5116
4 4336 4815 3474 4922
4 1383 1443 1836 4496
4 20 4285 3934 5048
4 1590 3960 1096 4839
4 3485 3512 4312 4547
4 2336 1893 2722 5051
4 2552 4005 2501 4798
4 3379 4720 3527 4775
4 3715 4282 492 4770
4 3853 4356 3427 4576
4 1574 1579 4875 4980
4 4130 4877 4619 4892
4 2806 2860 345 1790
4 4181 1168 4569 4851
4 3642 4034 3807 5138
4 3502 4271 3803 4874
4 3315 4056 3314 5071
4 3867 4607 3960 4627
4 1170 1530 4011 5241
4 1225 1239 1223 4229
4 3417 4554 4057 4701
4 2909 2891 2938 4830
4 3787 4831 2864 5202
4 68 484 3195 3988
4 4007 3530 4538 5088
4 4501 5013 3982 5126
4 3584 4724 4874 5142
4 2244 4161 2571 4897
4 2780 2367 908 5201
4 37 4288 2173 4654
4 3854 4311 3447 4644
4 4110 4726 3503 5240
4 2099 4313 2155 4844
4 3215 3218 3216 5232
4 3655 4330 2445 4946
4 3785 4588 3934 5158
4 43 3579 3761 4493
4 3449 4473 3706 5104
4 735 741 3942 5234
4 4481 4875 1579 4980
4 2595 5024 2515 5062
4 1162 1595 4242 5096
4 1985 1987 4442 4707
4 770 677 694 4102
4 3375 4661 3870 4790
4 1575 1664 1577 4391
4 2727 2292 3721 5192
4 1000 1789 172 716
4 3451 3905 4747 5116
4 3383 4144 4888 5226
4 2762 2317 4175 4982
4 2239 2439 2438 4769
4 3917 4709 4803 5201
4 3601 3507 4676 4900
4 1803 4831 2921 5113
4 1058 4247 1613 4605
4 2887 4670 4830 5252
4 3462 3830 3674 4334
4 3496 3966 4074 5128
4 2087 2085 3770 5251
4 4245 4986 3692 5059
4 3389 3547 3941 4811
4 1183 1743 4303 5179
4 1047 4645 1045 5056
4 1969 4118 1968 5016
4 3820 4860 3660 4922
4 1221 1222 1223 4241
4 3475 4310 4372 4977
4 743 4587 3894 4789
4 938 3744 4961 5006
4 2864 2921 4831 5113
4 3679 4672 4498 5186
4 3410 4186 4038 4860
4 1272 4387 1598 4469
4 4554 5125 3749 5134
4 1968 4118 1969 5159
4 3879 4482 2095 5111
4 2194 2192 2250 4413
4 788 678 4568 4957
4 3788 4033 4672 5057
4 1172 5117 4563 5188
4 2200 4350 3873 5191
4 655 778 4703 4837
4 4070 4665 4211 4911
4 3565 4570 3777 4717
4 53 2716 4183 4618
4 3392 3841 4489 4532
4 1048 4433 3823 5160
4 2882 3965 4795 5223
4 1216 1217 4108 5107
4 2113 4329 2157 4952
4 2091 3658 4051 4926
4 2669 4039 1948 4574
4 1212 1214 1213 4308
4 1310 1636 4168 4593
4 3941 4770 3970 4811
4 2097 2096 2098 4658
4 3412 3829 4270 5125
4 3388 4169 3783 4912
4 2786 895 2960 5189
4 2935 386 2816 2385
4 418 23 3785 4588
4 3801 4099 4682 5075
4 2797 2886 2887 5252
4 3381 4554 4037 4664
4 2920 2800 2872 4068
4 1261 4010 1673 4597
4 693 3799 801 4951
4 3682 4427 4331 4863
4 3438 3934 4052 5130
4 2741 4643 3549 5228
4 1557 1560 1558 5018
4 2507 2509 4347 4910
4 1297 1296 1298 4511
4 3781 3558 4388 4771
4 2107 2105 2106 4333
4 1734 1069 1732 4030
4 687 4637 686 4861
4 2822 2922 392 2677
4 3103 3102 441 4078
4 3665 4590 3379 4720
4 2132 3794 2167 4436
4 1950 4574 4783 5153
4 1337 1268 1759 5204
4 3440 4846 3732 4852
4 3649 4928 3868 5114
4 1763 4673 3441 4898
4 1068 1067 1066 4058
4 727 1004 175 596
4 3620 4460 4359 4646
4 3485 4640 4862 5219
4 4118 5016 1969 5159
4 3419 4979 4507 5115
4 2754 1927 589 4171
4 3573 4827 4412 4834
4 2500 3903 2521 4461
4 3956 4387 3675 4526
4 1630 1276 1629 4585
4 3895 3411 4459 4989
4 3390 4170 3551 5215
4 3427 3906 4234 4726
4 797 637 635 4599
4 2878 1924 2965 5090
4 15 4450 3783 4882
4 2050 3739 2040 4512
4 2947 2858 2856 4379
4 1850 1526 4094 4858
4 1054 1055 1052 5165
4 1973 3730 1971 4736
4 4103 4160 3594 4664
4 3889 4815 4336 5247
4 2582 3937 3544 4678
4 1731 1736 1538 4187
4 3807 4395 4337 5138
4 3818 4323 3374 4586
4 3269 525 3268 4104
4 4107 3611 4683 5127
4 2745 2418 2419 4182
4 3460 4719 3804 5147
4 79 4260 3939 4608
4 4032 3467 4367 5095
4 592 171 1789 716
4 3513 4277 4276 4925
4 2027 2599 2457 4093
4 1687 1411 4385 5198
4 2548 4143 2195 5079
4 3526 4166 4591 4721
4 3696 4222 3440 4369
4 1016 807 857 5073
4 3561 5043 3998 5065
4 3413 3743 4455 4839
4 1196 1680 1255 4061
4 2442 4402 2440 4769
4 3009 2910 2914 4341
4 1616 4443 3897 4950
4 3584 4102 3997 5137
4 1068 1066 1627 4058
4 4040 5018 3740 5050
4 3417 4063 4967 5032
4 2380 3138 2718 4183
4 3633 4395 3489 5204
4 3418 4214 3650 4319
4 45 449 4252 4715
4 3515 3716 5045 5197
4 2989 4008 2996 5173
4 4815 4922 4336 5247
4 455 4162 3128 4182
4 765 3846 653 4909
4 830 877 873 4089
4 2646 4559 2506 4677
4 1295 1297 4511 4829
4 3840 4544 3909 4923
4 2536 2538 2015 4998
4 3892 4332 3442 4414
4 1587 4584 1584 5175
4 2633 3540 2490 4028
4 2006 5119 2005 5236
4 3890 3950 3439 4142
4 3726 4339 3979 4651
4 37 2173 2580 4550
4 3945 4531 931 4804
4 1400 1399 4169 4797
4 3424 3861 4555 4874
4 2802 2924 341 4363
4 3460 3791 4799 5144
4 3646 3420 4987 5237
4 3641 5087 2478 5101
4 2044 2049 3986 4616
4 3789 4101 3488 5135
4 3805 4465 4251 4973
4 95 3971 527 4629
4 2882 2979 2883 4688
4 3373 4315 3621 4730
4 1846 1844 1641 3904
4 1392 1494 4695 4984
4 3878 1523 5039 5171
4 3014 399 9 915
4 2985 2983 2794 4020
4 896 987 1869 4490
4 2383 4183 3512 4547
4 3900 4483 3374 4586
4 2528 4281 1986 4887
4 3672 3947 3441 4112
4 3499 4699 3989 4802
4 1773 1852 1566 4960
4 4027 3548 4930 5044
4 4097 4667 3515 5197
4 1687 1508 1688 4385
4 1582 1581 1646 4013
4 2242 2525 2575 3685
4 2839 3001 2993 4065
4 1600 1597 4469 4989
4 1312 1310 1636 4168
4 415 3051 3050 4696
4 3506 4442 3700 4901
4 4127 4988 2560 5024
4 1157 1692 1706 4631
4 1651 1649 4369 4958
4 3456 3981 4201 4582
4 1800 989 1786 3921
4 901 966 981 3881
4 2912 2674 384 2815
4 1392 1706 1494 4984
4 303 397 3013 951
4 4307 4479 3881 4623
4 4073 4266 3419 4792
4 1723 3951 1354 5099
4 1727 1723 1595 4902
4 3009 2994 2910 4341
4 3432 3875 4924 5030
4 3842 4254 3405 4577
4 2669 2032 1948 4039
4 425 28 3845 4926
4 1329 1433 4022 4597
4 3412 4321 3694 5009
4 3605 4396 3863 5099
4 1963 4070 1964 4580
4 1155 1170 1530 4011
4 3682 4506 4114 5196
4 3404 4210 3888 4662
4 2818 2837 2836 4106
4 1780 2820 2907 4373
4 3417 4057 4554 5163
4 1415 1267 4337 5199
4 2774 2766 1933 4102
4 3377 4506 4721 4973
4 3883 3468 4221 4966
4 3442 4332 4563 4632
4 735 3942 595 5234
4 47 3120 3995 4364
4 1687 1279 1508 4385
4 2510 4141 4952 5151
4 3788 1204 5050 5057
4 1124 4212 1125 5221
4 2012 2001 2544 4170
4 1643 1334 4503 4566
4 2602 4371 2519 5131
4 3826 3644 4470 5035
4 1572 1074 1111 3968
4 1392 1394 1393 4695
4 3415 4438 3874 4997
4 2082 3785 2047 5061
4 3429 3662 4017 5017
4 2798 2726 1931 4064
4 3429 3988 4611 5157
4 1328 1376 1377 4208
4 1556 4164 1813 4656
4 1183 1743 1180 4303
4 2796 1926 3701 4252
4 3418 4305 3899 5168
4 3429 4611 3910 5157
4 2710 586 1918 4510
4 108 4056 3743 4122
4 2205 2204 4903 4936
4 3576 3840 4544 4829
4 2728 2632 2306 4575
4 1364 4604 1362 4738
4 2632 2670 2631 4722
4 45 452 2767 4182
4 1975 1977 2529 4268
4 3384 4060 3560 5021
4 735 3942 741 4885
4 3447 4027 4930 5044
4 1783 4015 1459 5081
4 1352 1542 1295 4544
4 3726 4151 3416 4358
4 1021 1805 170 592
4 2994 3009 2900 4341
4 4133 4180 3609 4810
4 2621 4477 3799 4663
4 3373 4449 4315 4730
4 2618 2044 2068 4907
4 2878 2990 2874 4032
4 3750 4487 3403 4694
4 3424 4555 4050 4874
4 2926 2681 2881 4688
4 926 959 4307 4490
4 2459 3663 4643 4936
4 2107 4333 2106 5187
4 1457 1459 1783 4015
4 2890 3877 4670 5252
4 2965 1924 2706 4032
4 1233 1261 1259 4198
4 2818 2835 388 2707
4 722 4514 641 4820
4 1325 1327 1356 4054
4 607 785 623 4400
4 4380 4921 3832 4997
4 111 4534 4088 4606
4 2143 2377 2376 4087
4 1050 5160 1051 5165
4 562 3337 3335 4035
4 1984 3831 1983 4541
4 3989 4699 4650 4891
4 3664 4088 3590 4440
4 2466 2462 2467 5169
4 2464 2463 2462 5169
4 1608 4462 1607 4950
4 3178 473 60 4259
4 2062 4347 3617 4548
4 1192 4098 1254 5177
4 3460 4224 4329 4719
4 3606 4378 4219 4593
4 2442 2239 3733 4769
4 55 466 3152 4026
4 3597 3969 3437 4859
4 1999 4240 3914 5102
4 2407 2136 2165 4555
4 168 605 711 997
4 1220 1222 1221 4241
4 1448 1449 1469 5205
4 3855 3471 4432 4476
4 3706 4241 3496 4636
4 3809 4646 3841 5044
4 1037 1036 1004 3984
4 2016 2541 2394 4248
4 874 837 3929 4766
4 2382 2380 2383 4547
4 2163 4555 4131 4956
4 3730 4736 3948 5016
4 1926 2678 382 2845
4 108 545 3858 4401
4 2464 5169 3529 5180
4 2931 346 2860 1441
4 3861 4546 3502 5142
4 2810 2950 2856 4379
4 725 633 636 5012
4 3444 3710 4237 4569
4 25 4681 420 4965
4 3446 4906 3805 4920
4 3485 4640 4029 4862
4 2032 4488 1946 5011
4 3978 4744 1147 5221
4 1629 1141 1120 4103
4 1048 1050 1471 5160
4 3377 4506 3924 5249
4 477 3172 59 3802
4 1047 1049 1048 5160
4 4186 4860 3504 5048
4 106 542 4249 5087
4 3437 3969 3597 4096
4 2032 1946 1948 5011
4 2902 2901 2895 4793
4 3548 3841 4930 5044
4 3446 4591 4166 4721
4 3387 4058 4030 4748
4 73 4137 3219 4777
4 4204 5010 3816 5169
4 2259 2258 3912 4178
4 605 168 1811 997
4 73 496 3941 4777
4 4223 4459 3411 4989
4 1075 1073 1074 3906
4 4160 4664 3564 5243
4 2888 2889 2976 3674
4 1168 1169 1149 4181
4 1934 2824 2785 3580
4 2263 4282 72 4377
4 4173 4245 1878 5084
4 3999 4322 3574 5208
4 3711 4513 3989 4699
4 3758 4702 675 4957
4 4033 5050 1202 5057
4 1419 1711 4018 4755
4 3941 4214 3729 4777
4 2322 2033 2029 4941
4 3965 4528 2672 4560
4 2508 2507 4347 4910
4 3582 4492 4141 4601
4 3459 4033 4672 5186
4 2452 2642 2251 4323
4 2036 2642 2579 4323
4 3074 3072 422 3962
4 4030 4366 3808 4633
4 1548 4373 1780 5174
4 2380 4183 2383 4547
4 741 4885 3942 5234
4 1806 1679 3868 4389
4 2277 4522 3828 5008
4 3663 4077 2459 4643
4 3414 4485 4176 4578
4 2003 2001 4418 5049
4 3965 4560 3903 4939
4 1441 1439 1790 4523
4 44 3701 4252 5080
4 1967 4082 1966 5159
4 4092 4852 3732 5080
4 1421 4435 1791 5084
4 2933 2818 389 2345
4 3816 4128 4641 4924
4 3487 3839 3575 4047
4 1264 1267 1698 5199
4 3633 4150 3433 4419
4 587 4423 674 4702
4 543 4635 105 4901
4 47 4364 3995 5128
4 1751 3964 1605 4808
4 3505 4538 4444 5088
4 3007 3005 2802 4363
4 1995 2553 109 4918
4 3178 4259 60 4809
4 1021 171 1789 592
4 60 3892 4025 4727
4 924 987 279 896
4 1123 4180 1122 5246
4 1608 3897 4462 4950
4 3549 4077 3663 4643
4 115 3656 4166 4822
4 3440 3706 4636 5150
4 4298 4942 2364 5222
4 3557 4783 3514 5152
4 2600 2652 2175 5110
4 3538 3893 4149 4427
4 1322 1324 1323 4107
4 1130 1143 4306 4472
4 3715 3941 3547 4811
4 3822 4462 4257 4806
4 3409 3549 4516 5002
4 4111 4632 3588 4729
4 3757 4711 3669 5147
4 3428 3778 4123 4437
4 3196 3988 3195 4718
4 957 4338 953 4757
4 2508 2507 2509 4347
4 2452 3656 4235 4323
4 2052 2610 2041 4145
4 2678 1899 383 2912
4 3772 4441 4281 5139
4 2851 2977 2981 4373
4 1732 1726 1570 4366
4 3799 4477 3866 4951
4 726 691 603 4587
4 3218 3217 499 4845
4 2007 2598 2005 4609
4 127 4262 4253 5060
4 1416 1417 1235 4729
4 611 710 222 2676
4 1655 1566 1656 4020
4 2319 2658 2318 4518
4 841 4173 1791 4435
4 2297 2444 2296 4866
4 946 2780 908 5201
4 3465 4800 3869 5043
4 3616 4437 4123 4478
4 436 3100 3101 5112
4 4015 4192 3591 4800
4 1641 3904 4502 4836
4 1956 4705 1958 5213
4 2842 2951 2935 4269
4 3389 4230 4067 4780
4 3253 4190 519 4805
4 3429 3910 4481 4718
4 1741 1421 1694 3923
4 3841 4489 3475 4646
4 2488 2486 2487 4446
4 1204 1202 5050 5057
4 1804 4000 1458 4613
4 2815 2951 2941 4269
4 3472 3527 4150 4618
4 2850 2992 5174 5231
4 1651 2795 2932 4369
4 3626 4074 4667 5000
4 3566 4014 4888 5227
4 723 219 1937 2675
4 2990 4367 2875 5095
4 2259 2257 2258 4178
4 1481 4403 1757 4753
4 3494 3613 4604 5178
4 2347 5012 2704 5234
4 410 4024 19 5211
4 4167 4514 3671 4820
4 2232 4259 2233 5092
4 1715 4280 1166 4817
4 905 2776 947 4524
4 3607 3998 3393 4260
4 2460 3846 2743 5170
4 3472 4150 3527 4775
4 3400 4275 5000 5233
4 3411 4655 4558 5217
4 1064 1663 1115 4589
4 923 919 921 4258
4 2592 2039 2023 4270
4 1498 1673 1261 4010
4 219 723 608 2675
4 3918 4091 3585 5109
4 599 733 707 4094
4 435 35 3681 4655
4 2507 2570 2509 4910
4 3814 3952 3428 4509
4 3896 4333 3425 4498
4 3396 4219 4396 5182
4 2205 2204 2206 4903
4 3623 4852 4092 5080
4 1270 1605 1751 3964
4 2851 2852 2847 3623
4 989 3921 1635 5113
4 3584 4724 4010 4874
4 606 633 725 3983
4 2470 3507 4407 4529
4 3743 4144 3492 4754
4 100 4142 3767 4668
4 3528 4437 3778 4468
4 4473 4636 3706 5150
4 3931 4222 3391 4974
4 3915 4497 3864 5145
4 1800 1786 1561 4276
4 2946 2882 2793 3965
4 2985 4872 4020 4960
4 3778 3428 3952 4370
4 1415 4337 4147 5199
4 730 210 2715 722
4 1456 1358 1782 4192
4 2822 2828 2829 4722
4 2304 2162 3718 4572
4 3544 4075 4694 5060
4 3466 3970 4770 4811
4 1480 1242 1482 4083
4 3618 4105 4694 5031
4 596 3984 1036 4742
4 817 1837 857 4264
4 3678 3791 4739 5030
4 808 862 860 3876
4 3697 5012 4955 5234
4 4036 4704 3885 4836
4 3627 4789 3799 4835
4 797 635 3961 4599
4 2560 4127 2557 4988
4 3898 4290 3422 5148
4 1309 1662 1348 4396
4 4019 4765 3603 5147
4 2538 2536 2537 3533
4 3401 3658 4478 4970
4 3622 4087 4609 5235
4 2437 3671 4820 5029
4 809 874 892 3929
4 3755 4454 3445 5145
4 2278 4322 2413 5120
4 1261 1497 1498 4010
4 222 611 2676 1921
4 3079 3814 3077 4123
4 3482 3802 4563 5117
4 3697 3983 4599 4602
4 4085 4141 3720 4601
4 3553 4807 3769 4855
4 3576 4544 4511 4829
4 739 3480 4510 5019
4 1690 1027 1854 4149
4 114 554 3325 4235
4 1997 4240 1996 4886
4 3904 4704 3583 4836
4 2347 2704 2708 5234
4 3807 4147 3545 4337
4 3452 3882 4905 4976
4 3479 3782 4982 5143
4 1420 4245 1708 5188
4 2253 2390 2391 4386
4 2252 4591 4551 4975
4 932 4006 933 5006
4 2985 4020 2794 4960
4 3647 4093 4749 5052
4 1028 1815 1817 3851
4 3590 4326 4267 4485
4 3752 3413 4543 4621
4 3445 4277 3915 5145
4 2146 2556 2555 4988
4 3907 3646 4987 5237
4 845 843 4671 4865
4 3171 478 3169 3918
4 3444 3789 4573 4752
4 3865 3502 4546 5098
4 2667 2048 2445 3655
4 3452 3730 4736 4870
4 2822 1922 393 4722
4 2033 4518 4063 4941
4 1953 1956 4121 4705
4 2941 2850 2848 4714
4 842 4173 841 4435
4 3414 3772 4717 5139
4 2890 3877 2995 5176
4 587 674 675 4702
4 2017 2021 4320 4710
4 3606 3439 4142 4378
4 3762 3420 4665 5242
4 1154 4690 3813 5224
4 54 463 2609 4034
4 3553 3769 4521 4855
4 1073 1074 3906 4976
4 3481 4319 3463 5054
4 3819 3401 4545 4985
4 1308 1310 1309 4219
4 56 2081 2623 2423
4 1784 1783 4842 5086
4 2758 4477 3866 5244
4 3474 4199 3820 4922
4 1558 1559 1256 4040
4 3710 4731 121 4945
4 3601 4390 3897 4900
4 2429 2079 126 4678
4 2337 4479 3667 4623
4 3375 4059 4661 4790
4 4031 4195 2174 4916
4 3904 4432 3471 4476
4 3737 4673 4112 4791
4 3826 2597 4873 4964
4 3682 4721 4506 4973
4 3466 4723 4479 4893
4 556 113 3340 4205
4 3595 3762 4665 5242
4 1765 1368 1468 4148
4 3474 4793 4336 4922
4 765 4703 3846 4909
4 1266 4553 1264 4859
4 72 498 2397 4377
4 4502 4837 652 4909
4 2891 4670 3860 4830
4 3665 3986 57 4002
4 2850 3002 2992 5231
4 3450 4261 3701 5080
4 126 2079 4262 4678
4 1641 1846 3904 4836
4 2231 4956 4131 5031
4 3409 4023 3950 5002
4 1621 1240 1746 4257
4 629 628 4650 4891
4 492 4282 3715 4377
4 3617 4375 4268 5240
4 1430 3727 1863 4990
4 1074 1111 3968 4976
4 3415 4403 3832 4997
4 773 3866 4951 5244
4 4005 4903 3464 5038
4 3902 4049 3550 5154
4 3099 39 441 4392
4 3039 409 18 2414
4 2360 4298 3917 4617
4 909 914 9 4561
4 687 4149 684 4637
4 1620 4277 1668 4454
4 3819 4545 3851 4985
4 2103 2105 2146 4988
4 1135 4176 1085 4813
4 650 4502 652 4909
4 726 603 1029 4587
4 2742 3846 2460 5228
4 2078 4590 2077 4720
4 1919 2701 2689 3983
4 1044 1472 1243 4066
4 579 650 651 3980
4 892 3929 837 4649
4 1159 3813 5117 5224
4 2888 2889 3674 5252
4 1758 4380 1527 4785
4 2988 2915 2995 3877
4 2938 3860 1830 4830
4 2365 3842 2366 5222
4 1508 1509 1859 4231
4 425 3845 28 4304
4 1517 1817 1815 3851
4 4110 4234 3815 4374
4 2799 1928 2910 4784
4 1581 1580 4980 5017
4 3460 4719 4329 5144
4 1396 1395 1394 3920
4 3948 4093 3634 5206
4 882 866 819 4071
4 3375 4322 3828 5238
4 2245 3918 3171 4424
4 89 4376 3505 4805
4 2259 3912 2369 4577
4 1410 1286 1284 5196
4 3864 2511 4528 4952
4 1089 1091 4326 4881
4 4075 3750 4694 5060
4 1840 591 1839 4557
4 3274 3276 3277 3987
4 1474 4337 1337 4603
4 3533 4655 3411 5217
4 3385 4875 4220 4971
4 3631 4670 3877 5252
4 686 787 688 4861
4 2516 2514 2685 4497
4 1089 1090 1091 4881
4 3674 3462 4334 5097
4 4191 4338 3765 4757
4 584 163 990 706
4 3477 4303 3891 5179
4 1583 1089 1161 4326
4 1711 1738 1419 4018
4 2356 499 3214 2262
4 3945 4990 4362 5014
4 2611 4035 3621 4417
4 25 3616 3814 4123
4 1758 1482 1527 4380
4 2485 4482 4292 5111
4 1766 1832 4490 4961
4 3472 3872 4458 5149
4 1694 1421 4712 5084
4 3380 3947 3530 4538
4 3795 3373 4600 4832
4 3934 3438 4287 4758
4 3727 4307 3667 4737
4 1552 4342 1159 5117
4 3930 4075 123 4237
4 3610 4868 3922 4978
4 3458 4164 3859 4913
4 2685 4528 2513 4688
4 4180 5125 3749 5163
4 3965 4795 3445 4939
4 2676 710 221 1904
4 3406 3905 4119 4666
4 3385 3741 4347 4910
4 639 208 600 1890
4 1024 1847 1848 4525
4 3834 4767 3686 4944
4 3575 3839 3487 4648
4 3719 4786 4313 4844
4 2957 2900 3009 4341
4 3384 5021 3560 5054
4 3640 4164 3871 4949
4 73 3886 495 4137
4 3600 4067 4782 5205
4 695 777 769 3919
4 3841 4310 4046 4646
4 4362 4990 1414 5014
4 1855 704 1027 4149
4 2409 3861 4956 5230
4 2696 948 4175 5184
4 3545 3807 4337 5138
4 951 3012 3014 915
4 2536 2015 3827 4998
4 4093 4429 2457 4749
4 1668 1773 1667 4659
4 3599 4206 3854 5036
4 3460 4711 3757 5147
4 2975 3957 4793 5051
4 4172 4748 3577 4870
4 1825 1523 1524 3878
4 2889 5122 3674 5252
4 1670 1669 1407 4476
4 3446 4591 3805 4906
4 1325 1356 1511 4054
4 2127 3995 4275 5197
4 100 4250 4142 4668
4 1482 1527 4380 4785
4 2129 3716 2736 3995
4 3514 4289 3560 4530
4 3981 4582 3456 4627
4 4000 4709 952 4940
4 3473 4326 4267 5071
4 2089 3066 426 4051
4 1537 1841 1840 4023
4 3601 4611 3988 5157
4 3380 4538 3505 5083
4 3373 3954 4181 4449
4 20 4588 3523 5048
4 2360 3917 2703 4617
4 3589 4266 3902 4691
4 2470 4218 3507 4529
4 3392 4489 4152 4788
4 3607 4410 3939 5209
4 24 420 4681 4965
4 909 3013 396 3014
4 1574 4875 4220 4980
4 3903 4379 3391 4461
4 211 2715 1918 730
4 3348 120 4215 4731
4 1792 1878 1008 4173
4 634 632 631 4119
4 4295 4510 4346 5019
4 3852 4928 3459 5114
4 3545 4725 3807 5138
4 3079 25 423 3814
4 1552 1174 1159 4342
4 1551 1550 999 4126
4 2925 2806 344 1003
4 2078 4026 2629 4590
4 52 3690 4150 4618
4 2556 2557 2558 4316
4 3407 4324 3808 4652
4 1047 3823 4645 5056
4 1989 541 104 4249
4 2848 2849 2846 4261
4 1514 4484 4140 4545
4 1565 1622 1562 3931
4 3638 4888 4745 5227
4 2272 4602 2347 4955
4 2861 1801 2921 5113
4 1229 1228 1230 4246
4 936 4768 4254 5006
4 210 2720 2715 722
4 3732 4636 3496 4846
4 940 908 293 2367
4 3939 4410 1944 5209
4 3667 4531 3727 4737
4 2280 2225 2605 4174
4 37 2656 2173 4288
4 2552 2622 2243 4328
4 3445 4021 4795 5223
4 3551 2001 4418 5023
4 1689 1284 1282 4506
4 1381 1857 1385 4359
4 4011 4456 3488 5216
4 2914 4341 2714 4834
4 2063 4279 2480 4887
4 1749 4390 1645 5017
4 3502 3838 4271 5142
4 932 4961 4006 5006
4 1654 1655 1007 4867
4 3758 3584 4702 4724
4 3501 4366 3882 4633
4 4311 4644 3854 5036
4 2550 2568 2250 4413
4 1432 1862 1409 4487
4 935 4254 936 4768
4 557 3884 116 5236
4 2415 4322 2247 5109
4 3583 4704 3904 4837
4 3435 4335 3666 4615
4 3624 4962 3922 4978
4 1060 1061 4605 4762
4 3509 4992 4146 5245
4 2159 2493 2492 4411
4 2233 3568 4259 5041
4 3223 497 76 4039
4 1181 1180 1158 4052
4 685 3919 777 4637
4 700 765 597 4703
4 4636 4846 3440 4852
4 368 2884 2814 4904
4 1985 1984 1986 4707
4 1016 857 1798 5073
4 1845 4369 1654 4867
4 3681 4041 3577 4853
4 1899 2674 384 2912
4 3867 4888 3638 5227
4 465 3807 55 4395
4 3317 4088 3315 5071
4 3947 4007 3530 4538
4 3392 3809 5044 5241
4 31 3734 4370 5100
4 1047 1045 1132 5056
4 2864 4864 3787 5202
4 2645 2163 4131 4956
4 3893 4427 3538 4863
4 4027 4456 3447 5216
4 4519 5122 3580 5189
4 1364 1366 1362 4604
4 1997 1998 4240 4886
4 708 590 659 4525
4 4147 4337 3807 5199
4 3870 4661 4193 4790
4 442 4556 39 4991
4 4080 4659 3804 5146
4 3613 4604 4137 4738
4 709 1031 1844 4502
4 839 874 889 4136
4 4293 4501 3982 5126
4 531 3293 3291 4043
4 1600 4041 1115 4989
4 738 793 766 5002
4 3028 4335 3029 4999
4 3460 4224 4719 5147
4 2827 1935 2826 4159
4 2057 3993 1941 5209
4 1598 4387 1676 4993
4 3599 4206 5134 5248
4 3487 4166 4114 4625
4 731 4516 654 5002
4 3606 4593 4043 4812
4 2986 3957 2908 4784
4 1839 591 666 4557
4 2997 4021 2943 4795
4 2765 2339 4568 4956
4 4144 5175 4888 5226
4 1629 1151 4494 4585
4 1779 176 714 727
4 2771 2696 2317 4175
4 3855 4525 659 5239
4 561 115 4551 4776
4 2019 2011 2009 4057
4 840 867 805 3946
4 1997 1996 1998 4886
4 2434 2625 2151 3972
4 119 4035 4047 4776
4 3589 3902 4287 4691
4 1325 4054 1511 4819
4 2132 2167 2133 4436
4 608 3989 628 5172
4 2089 24 2087 2088
4 1764 1378 4517 4898
4 1342 1341 4342 4790
4 71 3578 4421 5157
4 3447 4456 4027 5044
4 1020 2805 343 1446
4 608 723 628 3989
4 3002 2956 4126 4714
4 735 595 741 5234
4 561 4776 119 5220
4 1551 999 1440 4363
4 2701 1919 2347 5012
4 3405 4768 4006 5006
4 2240 4007 3530 4451
4 2729 2436 2725 5029
4 3655 19 4266 4691
4 3406 4119 3905 4747
4 2611 2178 2427 4417
4 91 4104 519 4805
4 653 3846 4516 4909
4 744 662 789 4432
4 969 947 3953 4524
4 819 1777 1883 4071
4 3435 4615 3666 4914
4 1234 4414 4016 5250
4 2508 4347 2062 4548
4 2289 2721 2336 4336
4 1298 1299 1297 4511
4 2771 4524 1911 5184
4 2066 1995 1997 3858
4 1540 4202 1539 4732
4 2633 2490 2036 4028
4 91 4346 3654 5185
4 3411 4223 4045 4948
4 672 165 585 1816
4 3429 4611 4390 5017
4 2084 4405 3523 4508
4 92 3256 520 4353
4 1601 1596 1597 4223
4 3003 4341 2914 4834
4 1695 1109 1747 4144
4 1201 1199 1200 4314
4 3830 4480 3537 4999
4 2591 2746 2308 4564
4 2873 2877 2876 4412
4 3416 3954 4449 5218
4 1388 1391 1428 4186
4 73 3572 3886 4770
4 3426 4174 3942 4807
4 2866 4706 4008 5173
4 958 750 4757 4842
4 3950 4023 3439 4079
4 826 828 830 4089
4 1632 1629 1120 4103
4 3429 3988 3662 4390
4 481 64 2062 4548
4 3732 3966 3495 4846
4 1342 4342 3870 4790
4 4173 4435 842 4865
4 1174 1342 1341 4342
4 2082 2061 2047 3785
4 2663 3881 4479 4623
4 1853 1795 1010 3946
4 4281 4365 3751 4707
4 1502 1503 3985 4931
4 440 3107 38 4288
4 3079 3076 424 4123
4 2878 2965 2990 4032
4 1563 1565 1562 4974
4 3883 4445 3468 4863
4 12 3033 401 4334
4 2993 3001 2806 4065
4 3708 4066 4430 4700
4 3697 4599 3983 5012
4 1603 3890 1304 5082
4 176 1779 1004 727
4 1142 1471 1473 4433
4 3815 4233 3605 4902
4 3521 4315 3373 4449
4 2744 1932 721 4703
4 3488 4573 4494 4851
4 616 4816 617 5081
4 3534 4611 4374 5200
4 2465 2013 4918 5180
4 3409 4381 3980 4675
4 4567 4826 3522 5165
4 4425 5056 3463 5140
4 3993 4682 4628 5075
4 3524 4034 3642 4941
4 1087 4176 1135 4813
4 3914 4543 3525 5003
4 1461 1787 1452 4596
4 2548 2197 4564 5079
4 3375 3574 4322 5208
4 4219 4352 3606 4593
4 4050 4555 3861 4874
4 1586 1585 1239 4272
4 1059 1057 1058 4605
4 1410 4331 1286 5196
4 732 4432 3855 5239
4 2831 2955 2939 4471
4 1829 1524 1833 4466
4 2433 2714 2717 4341
4 4013 4017 3662 5017
4 4137 4604 3443 4738
4 3490 3737 4112 4791
4 54 466 3146 4034
4 3729 5140 4305 5205
4 1407 1660 4216 4877
4 3862 4458 4065 5149
4 2495 444 3760 4411
4 3669 4080 3931 4765
4 1646 4327 4013 4778
4 2576 2067 2469 4442
4 3387 3882 4633 4870
4 715 207 639 2725
4 2566 4510 4355 5185
4 2587 2556 2705 4316
4 1999 2000 2001 3914
4 3714 4245 3870 4992
4 3482 4111 4002 4929
4 1922 2822 392 2677
4 85 2659 510 3234
4 2596 4325 2748 4964
4 452 3131 46 4226
4 794 797 635 3961
4 3600 4212 3844 5069
4 2992 2849 4261 5174
4 1461 4596 3905 4666
4 3620 4661 4059 4790
4 1335 4553 4419 5204
4 1832 907 4490 4961
4 4430 4700 4066 5116
4 3924 4506 1282 5249
4 3673 4357 3567 5078
4 124 5123 3789 5135
4 3661 4320 3856 5126
4 3545 4579 4147 4725
4 1798 4264 1874 4760
4 3598 3787 4864 5042
4 2069 2541 1961 4155
4 2252 2186 4591 4975
4 527 3270 3271 3971
4 4710 4896 3661 4927
4 667 3586 766 5093
4 3433 3862 4592 4954
4 3875 3816 4641 4924
4 75 3220 495 4137
4 3220 501 3222 4137
4 28 425 3067 4051
4 438 3090 3091 4550
4 442 38 3107 4991
4 3655 4330 3419 4792
4 1404 1532 1771 4154
4 3452 4905 3906 4976
4 3983 4602 3697 5012
4 3496 3732 4184 4636
4 115 3839 3338 4205
4 3101 443 3956 4078
4 3146 3147 3144 4034
4 3390 3927 4339 4785
4 591 720 731 4023
4 3663 4772 4643 4936
4 3900 4280 3374 4483
4 3481 5011 4574 5054
4 3949 4329 4224 4719
4 1816 672 166 1019
4 1890 639 208 2725
4 3506 3751 4365 4707
4 822 873 858 4158
4 1742 1356 1733 4415
4 3425 4333 3916 4672
4 1136 1719 1615 4440
4 2032 3481 4039 4488
4 83 5005 4357 5078
4 387 2835 2816 1901
4 1376 1328 1326 4354
4 1003 2806 345 1790
4 4160 4358 3416 5218
4 491 3199 3202 4218
4 3831 4218 3507 4442
4 734 5012 741 5234
4 1366 4604 1364 4738
4 2833 4382 4159 4740
4 1952 4783 3796 5153
4 4140 4484 3401 4545
4 4116 4337 3489 4395
4 4489 4532 3841 4821
4 2864 3787 4864 5113
4 3583 3821 4704 4837
4 2929 2807 2987 4185
4 3452 4375 3968 4726
4 1767 4604 4425 4935
4 2203 4936 3768 5191
4 25 420 4917 4965
4 771 629 784 4742
4 4071 4382 3602 5033
4 4181 4569 3795 4600
4 2345 3872 2342 4828
4 3098 4495 38 4991
4 3805 4863 4465 4973
4 3516 4634 4514 5212
4 1805 638 170 592
4 2187 2539 2313 4445
4 1325 1326 1327 4354
4 3746 5001 4434 5192
4 4528 4560 3965 4939
4 3650 4319 3481 4574
4 3584 4874 4010 5142
4 123 566 3847 4215
4 2115 4329 2114 4947
4 2210 2243 2212 4328
4 2009 2593 2019 4701
4 1895 2740 602 4394
4 3452 3853 4268 4726
4 1866 1013 1433 3758
4 3525 3914 113 4274
4 2437 3671 2723 4820
4 2281 4310 2284 5008
4 2128 4275 2518 5131
4 3407 4187 3857 4932
4 610 1912 2764 4568
4 3436 4326 3590 4440
4 1683 1505 1705 4311
4 2797 1835 2885 4406
4 3009 3003 2957 4341
4 3510 4573 3789 4752
4 3991 4543 3413 4621
4 92 4735 3562 4847
4 1147 4744 1691 5221
4 1785 4277 1620 4925
4 784 630 596 4742
4 4112 4673 3441 4791
4 2789 3921 989 5113
4 2042 4530 80 5124
4 1935 4159 2632 4740
4 4375 4726 4268 5240
4 4267 4326 3590 5071
4 1756 1481 1757 4753
4 3467 3852 4786 5114
4 121 3350 564 4145
4 3788 4672 4033 5186
4 827 829 828 4630
4 1599 1627 1600 4041
4 3604 4489 3865 4788
4 3535 4708 3771 5164
4 1338 1691 1492 4744
4 3646 4069 3557 4705
4 3451 4747 4357 5116
4 3570 4293 2031 5061
4 3796 4320 3418 4927
4 1953 4121 1956 5213
4 4152 4283 3809 5241
4 649 1031 709 4502
4 3662 3429 4390 5017
4 1087 1135 1085 4813
4 1376 4354 1326 4521
4 2990 2998 2875 4367
4 1718 1659 1716 4483
4 1118 1053 4567 4996
4 3617 4347 4268 4375
4 1054 4962 3922 5214
4 696 586 2710 4510
4 3611 4004 3430 4104
4 3383 3943 4236 5226
4 741 734 636 5012
4 3463 4319 3481 4520
4 1850 1526 998 4094
4 3679 3916 4333 4672
4 899 1017 1788 4914
4 3636 4220 4875 4980
4 3915 4688 2883 5223
4 2954 2868 2948 5202
4 3852 4299 3459 4928
4 2056 569 4027 4536
4 645 730 739 3480
4 1763 4673 1473 4791
4 1663 1754 4459 4779
4 17 4049 3746 4409
4 1420 1708 1251 5188
4 1581 4980 4013 5017
4 2385 2935 386 1920
4 3194 3193 487 4156
4 3379 4300 4111 4729
4 100 3767 3663 4969
4 3574 3918 2245 4424
4 3942 4955 2708 5234
4 1534 1752 1754 4459
4 2435 2213 2235 3695
4 2187 4591 2186 4906
4 3749 5125 4554 5163
4 1341 1705 1340 4059
4 2743 3846 4703 5170
4 4111 4300 1346 4729
4 4214 4777 3941 5155
4 2085 3770 4447 4965
4 2309 2268 2269 4982
4 2989 4008 2866 4706
4 2724 2286 2336 5064
4 3374 4586 4483 4937
4 3468 3883 4221 4445
4 2955 2839 2949 4471
4 3778 4123 3528 4478
4 1316 1314 1522 4157
4 3419 4848 3844 4979
4 3902 4631 3438 4984
4 3636 3581 4889 5133
4 1350 1719 1674 4048
4 2495 3760 444 4938
4 776 710 611 4099
4 569 3366 3368 4209
4 3882 4870 4172 4976
4 2477 2478 2543 5087
4 2827 2670 1935 4159
4 1627 1115 4041 4589
4 3661 4710 4320 5126
4 2030 2023 4270 4967
4 3372 3523 4447 5158
4 3753 4372 4310 4977
4 3296 533 100 4077
4 1934 3580 2785 4561
4 3920 4620 3478 4695
4 4014 4371 3763 5227
4 3596 4619 3909 5085
4 1260 1409 1711 4487
4 1667 1564 1666 4659
4 429 27 3962 5100
4 1361 1360 4416 5074
4 1470 4507 1770 5069
4 3960 4621 1096 4839
4 3727 4153 4307 4737
4 165 585 1816 1819
4 3054 3052 3053 3902
4 3053 3055 3054 3902
4 3691 4058 4041 4589
4 4076 4624 3728 4878
4 1971 2070 1969 3552
4 2384 2674 4029 4862
4 1169 4181 1168 4569
4 3590 4088 3664 4606
4 521 4353 3685 4847
4 401 3019 3017 3936
4 1938 1937 1939 4400
4 2211 3539 3695 4583
4 3525 4274 2064 4886
4 2137 2237 4626 4720
4 1506 1702 1496 4152
4 3519 4304 3845 4351
4 3405 4254 4768 5006
4 2017 2021 2139 4320
4 2174 4031 3090 4550
4 3469 3800 4384 5077
4 3429 3988 4390 4611
4 3381 3854 4878 5248
4 2275 2273 3567 4602
4 2323 122 2072 2134
4 1994 4028 2036 4401
4 1790 2860 346 1441
4 2340 1911 2771 4524
4 1200 1202 1201 5057
4 3250 3249 3247 4007
4 3538 4149 3893 4861
4 3596 4937 3818 5085
4 515 87 3947 4113
4 1826 2808 2936 4125
4 2815 385 2935 4269
4 2047 3785 4696 5061
4 3425 3675 4314 4708
4 3659 3463 4425 4935
4 936 933 4768 5006
4 4168 4894 3484 5039
4 1731 1126 4324 5106
4 3478 4631 3902 4695
4 539 100 3292 4250
4 17 3746 4049 4491
4 84 509 3233 4069
4 207 715 2729 2725
4 3985 3604 4788 4931
4 3539 4352 3695 4668
4 72 492 3209 4377
4 2410 2411 4102 5230
4 3363 4237 3364 5123
4 4027 4456 3548 5044
4 2756 2281 2284 5008
4 3601 4390 3988 4611
4 3753 3509 4460 4728
4 2205 3663 2459 4936
4 2596 2310 2748 4325
4 2677 2817 391 1906
4 1547 1549 4100 4733
4 2673 611 223 1921
4 3395 5132 3978 5221
4 3916 4672 3698 4708
4 1237 1450 4305 5076
4 694 677 751 4102
4 2862 2863 2789 3921
4 833 4728 4146 4766
4 796 4177 646 5019
4 935 936 933 4768
4 3568 4259 3975 5092
4 163 990 1825 584
4 436 3088 33 4031
4 3841 4532 3392 5044
4 3615 4280 3900 4625
4 2834 2974 2832 4344
4 1485 4203 1338 4638
4 2257 2364 4942 5222
4 2062 64 481 2653
4 1045 1043 1455 3933
4 1895 4394 602 5228
4 4107 4376 3558 4683
4 658 663 4470 5035
4 916 914 963 3738
4 1038 1787 1778 4742
4 3982 4293 3395 4501
4 1131 3978 1147 5221
4 1763 1473 1357 4791
4 3711 4747 3983 4959
4 3701 4182 3450 5080
4 1926 45 4252 4715
4 87 3947 4007 5058
4 3534 3910 4611 5157
4 447 4184 4092 4256
4 2115 4224 4329 4947
4 2995 2890 2988 3877
4 3487 4202 4047 4732
4 1651 1649 1650 4369
4 3148 4096 3149 4395
4 1941 3993 1942 5209
4 2307 2707 2344 4106
4 672 724 166 1019
4 3489 4294 4150 4419
4 3473 4365 3506 4635
4 2395 3074 3962 4542
4 4267 4326 3473 4485
4 3439 4079 4023 4557
4 3572 4723 3886 4770
4 3472 4294 4150 4775
4 2172 2507 2506 4910
4 710 607 221 1904
4 659 4525 658 5239
4 834 833 835 4766
4 3789 4011 3510 4456
4 2304 2631 2343 4572
4 3393 4682 4800 5043
4 3714 4766 4146 5245
4 1720 4440 4284 5072
4 3785 4447 3523 5158
4 2100 3535 4031 4550
4 2640 2328 2246 4091
4 902 933 932 4006
4 1556 4164 4656 5181
4 1814 4343 1684 4566
4 1581 4778 4013 4980
4 3587 4509 3976 4610
4 1545 1547 1258 4733
4 3224 3225 3223 4039
4 1585 1586 1588 4272
4 1967 1965 1966 4082
4 749 4338 957 4757
4 1037 4486 1039 5028
4 3594 3850 4664 4884
4 2995 3877 2915 5176
4 2887 4670 2891 4830
4 3379 4300 3836 4775
4 1234 4016 1330 5250
4 337 2820 2907 1780
4 3870 4245 3714 5245
4 1050 4165 5160 5165
4 2639 3665 2623 4565
4 3461 4614 4130 5063
4 3542 4624 4076 4878
4 3559 3416 4151 4730
4 3409 4675 3768 4772
4 4390 4808 3662 5017
4 3985 4271 1502 4931
4 3912 4577 2259 5222
4 3522 4567 3899 4927
4 2100 3535 4550 5164
4 3737 4289 4060 5021
4 815 1914 852 4296
4 924 897 280 1797
4 784 4650 630 4742
4 1971 3552 1969 5016
4 1825 1523 3878 5171
4 1955 4121 1953 5213
4 1524 3878 1523 5039
4 2070 3552 1971 4495
4 3113 3668 448 4252
4 1431 1339 1383 4496
4 2117 4224 2115 4947
4 3598 4706 3921 4838
4 3636 4875 4481 4980
4 1035 4842 1783 5081
4 1914 2773 852 4296
4 20 3593 4038 5048
4 1340 4059 1705 5036
4 3599 3854 4644 5036
4 3963 4911 4665 5242
4 3842 3561 4803 5222
4 3655 19 4691 5211
4 3869 4800 4682 5043
4 730 1918 211 586
4 518 4355 91 5185
4 999 2802 341 4363
4 1955 1953 1956 5213
4 1429 4199 1387 4685
4 3514 4574 4319 5153
4 1434 1020 1435 4954
4 2810 2679 379 2934
4 2514 2511 2685 3864
4 2157 2512 2511 4952
4 20 4055 3593 5048
4 3533 4998 3827 5217
4 2887 2891 2909 4830
4 3205 493 2260 4282
4 2776 904 947 3953
4 1389 4186 4317 4984
4 3877 5097 3674 5252
4 985 957 953 4757
4 3644 4130 4614 5063
4 3137 462 3138 4183
4 2087 2088 24 4965
4 95 525 3959 5094
4 4336 4793 3957 5051
4 603 690 682 4086
4 4180 4810 3693 5125
4 2102 4550 3771 5164
4 3632 4985 4341 5129
4 113 3914 3525 5003
4 1965 1963 1964 4580
4 756 697 713 4295
4 4130 4216 1660 4877
4 123 573 3363 4237
4 3514 4289 3557 5152
4 2454 2182 2611 4035
4 2452 2064 2579 4323
4 3620 4460 3828 4661
4 3509 3828 4460 4661
4 810 846 884 4132
4 2855 1929 378 2810
4 408 17 3721 5001
4 3490 4673 3737 4791
4 2815 2941 2912 4029
4 2104 2561 2106 4333
4 1046 1048 1142 4433
4 3377 3526 4251 4721
4 3461 4216 4130 4877
4 3508 3953 3666 4882
4 4391 4971 1573 5053
4 3601 3534 4611 5157
4 3518 4884 3833 5119
4 608 628 627 5172
4 3448 4735 3562 4908
4 3452 4736 3853 4905
4 2802 340 2869 999
4 3242 87 513 4361
4 3903 4560 4461 5025
4 834 4728 833 4766
4 3244 4112 3243 4113
4 3991 3374 4280 4483
4 3461 4216 4840 5063
4 3514 4783 4574 5153
4 3620 4059 4661 5238
4 3375 4661 4059 5238
4 3127 4092 3732 5080
4 1049 1772 4135 5056
4 1361 1360 1359 4416
4 844 845 887 4865
4 3758 4474 4022 4957
4 3977 4918 4595 5180
4 2625 2151 3972 5251
4 2924 1775 341 4363
4 74 3912 2258 4845
4 3437 4337 4395 5204
4 2037 112 2450 3333
4 3613 4137 3886 4738
4 3433 4150 3633 4312
4 456 3134 49 4265
4 3003 3009 2914 4341
4 1455 1453 1454 4935
4 3039 2414 18 4409
4 2968 3915 2880 5173
4 3575 4047 4730 4732
4 845 843 860 4671
4 3610 3907 4868 4978
4 2707 2835 388 1901
4 2244 2204 2571 4161
4 2085 4447 2086 4965
4 557 116 3833 5236
4 1843 1641 4502 4836
4 3856 2371 5013 5126
4 3189 3188 2473 3187
4 699 787 589 4171
4 3507 4407 4529 4900
4 1993 1995 109 548
4 2817 2933 390 1906
4 71 3199 491 4676
4 1918 2710 212 586
4 3944 4443 1110 4950
4 3392 3809 4489 5044
4 951 398 11 965
4 991 2820 1780 4373
4 2973 4824 2865 4864
4 1612 3897 4390 4808
4 3422 4767 3898 4912
4 2827 2822 393 4722
4 3624 4868 3907 4978
4 1130 1504 1143 4472
4 2680 2672 2521 4560
4 1266 4553 1335 5204
4 3382 3507 4128 4442
4 1996 1994 2036 4401
4 3630 3790 4504 4871
4 3896 4559 3741 4910
4 2649 3730 1973 4991
4 3263 523 3264 4355
4 3989 4400 3499 4802
4 2420 2755 2422 4384
4 1290 1288 1408 4130
4 3829 4393 3642 4725
4 665 754 2749 4873
4 3031 3029 4139 4999
4 3820 4685 4009 4860
4 3419 4266 4073 4848
4 1565 4222 1653 5150
4 2787 4382 2964 5033
4 2557 2560 2595 4127
4 431 3952 3778 4123
4 1722 1583 1721 4485
4 616 1023 178 593
4 714 618 593 4196
4 3474 4199 4815 4919
4 2688 10 904 3953
4 3741 4559 3520 4677
4 1775 1434 4363 4954
4 3653 4650 4699 4891
4 962 984 922 4804
4 4664 4884 3850 5243
4 3575 4730 3954 4732
4 3007 3002 2956 4126
4 442 4495 3098 4991
4 461 4183 52 4618
4 419 23 3934 4287
4 93 3257 521 4353
4 4325 4964 3826 5063
4 2812 2996 2989 4008
4 2481 2459 3663 4077
4 473 3162 3163 4232
4 2862 3921 2789 5113
4 1825 162 584 719
4 2670 393 1922 4722
4 2879 2943 2819 4021
4 3505 4376 3380 5083
4 67 4110 3704 4499
4 1071 1069 1070 4748
4 2702 2884 1905 4904
4 3633 4150 4116 5046
4 4023 4079 3950 5002
4 3392 3548 4456 5044
4 3439 3606 4142 4250
4 3573 4292 3974 4949
4 4049 4491 3550 5154
4 2943 2879 2880 5223
4 431 4304 3519 4883
4 591 1840 158 720
4 4270 4701 3417 4967
4 2633 3540 4028 5105
4 595 213 1898 696
4 3501 4633 3882 4905
4 2000 2001 3914 5023
4 1136 1095 1659 3991
4 1142 4433 1473 4673
4 3614 4083 4380 4921
4 1188 1253 1190 4484
4 3549 4643 3846 5228
4 3423 4132 3975 4865
4 2187 2189 2539 4906
4 2672 3965 2513 4528
4 3574 4879 3999 5208
4 108 544 3315 4056
4 1412 1373 4362 5229
4 413 3043 3041 4515
4 750 624 4757 4842
4 1932 597 721 4703
4 1597 1272 1598 4469
4 3509 4146 4766 5245
4 1330 1234 1567 4016
4 567 121 4731 4945
4 1622 3931 4473 5107
4 1672 1277 1541 3954
4 2856 4379 2858 4872
4 3813 4342 3493 5117
4 3401 4478 3541 4970
4 2275 2354 4959 5078
4 4240 4543 3546 4886
4 2406 2404 4546 5098
4 91 518 3266 4355
4 1964 1963 1962 4070
4 3405 3572 4577 4723
4 3465 3917 4298 4617
4 1001 1432 1864 3894
4 2911 2807 371 4824
4 920 4258 919 4763
4 1517 1515 1817 4545
4 493 3206 72 4282
4 1581 1604 4778 4980
4 1774 1023 178 616
4 3909 4619 1291 4877
4 3129 455 3128 4182
4 693 4789 3799 4951
4 1541 1277 1540 4732
4 1313 3994 1315 5207
4 3288 98 1907 4756
4 3375 4342 4059 4790
4 281 897 949 1797
4 4143 4895 3754 5079
4 1453 1041 1156 3996
4 4054 4415 3781 4594
4 2600 2176 30 4304
4 1025 2800 1807 4068
4 3648 3834 4362 5229
4 2709 4446 4032 5090
4 3594 4884 4664 5243
4 61 2081 2080 474
4 1092 1094 1093 4455
4 1038 1037 1039 5028
4 1449 1374 1493 4067
4 2707 389 2818 2345
4 3552 1971 4495 5016
4 2728 1914 2778 4296
4 4089 4158 3502 5098
4 3364 4075 3789 4237
4 2152 3918 2246 4091
4 2721 1893 3957 4784
4 3914 4274 3525 4886
4 3476 3987 3695 4255
4 2600 3519 4304 4883
4 3598 4796 3925 4838
4 769 3919 685 4814
4 3560 4060 3673 4684
4 2165 2408 2407 4546
4 35 434 5089 5121
4 1391 1389 1392 4984
4 1957 1956 1958 5213
4 2426 2427 2178 4315
4 616 1774 4816 5081
4 3419 4330 4946 5115
4 2184 2185 2183 4251
4 1202 4033 1658 5050
4 3352 3353 570 4145
4 3796 4783 4121 4826
4 2900 2898 2994 5129
4 2807 4185 2700 4824
4 3746 4434 3491 5192
4 1789 4596 1461 4666
4 1951 3557 2389 4783
4 905 300 947 2776
4 688 687 686 4861
4 447 4092 41 4256
4 2991 4412 3003 4834
4 2365 4577 3842 5222
4 3532 2570 4288 4654
4 785 621 623 4539
4 3805 3468 4445 4863
4 2854 3004 3011 4369
4 2431 2153 2432 4292
4 2271 2270 2266 4693
4 2317 4243 4175 4982
4 948 980 903 4175
4 2645 4555 2163 4956
4 1598 1676 1577 4993
4 2595 4127 2560 5024
4 2741 4077 3549 4643
4 3117 451 2498 2499
4 4045 4558 3411 4655
4 3383 3529 4204 5180
4 2254 4628 2255 5075
4 987 924 279 1794
4 2792 2914 364 4834
4 1449 1374 4067 5205
4 3407 4402 3608 4932
4 3678 4407 2471 5030
4 2923 2680 377 2855
4 878 890 862 4500
4 434 3827 35 4655
4 4554 5125 3417 5163
4 1122 1123 1119 4180
4 3489 4116 3633 4150
4 3441 4112 3737 4673
4 1748 1112 1106 4934
4 2224 4439 3733 4444
4 1370 4230 1374 5027
4 3996 4486 3708 5156
4 167 724 605 1811
4 1656 2794 4020 4960
4 1432 4022 1433 4474
4 2992 2977 2849 5174
4 3643 4195 4031 4526
4 3718 3892 3517 4727
4 3727 4307 4153 4490
4 4153 4307 3744 4490
4 3997 5037 4264 5137
4 1772 1466 1049 4135
4 3002 4714 4126 5231
4 25 3814 3616 4549
4 1287 1286 1288 5196
4 2666 2665 2315 4243
4 4009 4685 4186 4860
4 2360 1915 3917 5201
4 3607 4260 3939 4410
4 14 2635 2329 2299
4 117 4418 3329 5236
4 2170 2462 2463 4204
4 723 1937 220 4400
4 749 761 974 4338
4 2736 3995 3716 4933
4 3373 4181 3954 4537
4 1248 1387 1390 4199
4 1207 4327 1646 4778
4 517 3254 3252 4190
4 3538 4861 3893 4863
4 1952 1950 4783 5153
4 1377 1328 4208 4898
4 3597 3969 3511 4265
4 1375 1370 1374 5027
4 591 159 1839 666
4 3377 4202 4506 5249
4 3573 3851 4827 4985
4 3895 4459 3411 5194
4 3827 4998 3691 5217
4 3576 3840 4895 4923
4 4341 4827 3573 4834
4 3526 4591 4251 4721
4 2948 2864 4831 5202
4 426 2088 3069 24
4 2129 3995 2736 4933
4 1622 3931 1565 5150
4 4111 3848 4603 4929
4 2157 2546 2512 3949
4 1424 1423 1422 4480
4 3499 3958 4699 4802
4 3127 4092 3126 4184
4 973 955 913 3580
4 3452 4268 3853 4736
4 2848 2912 2941 4029
4 1115 1600 1627 4041
4 1917 10 397 951
4 1766 1430 4153 4490
4 2624 2611 118 2454
4 3682 4721 3805 4920
4 1984 4541 1982 4887
4 240 831 805 1795
4 1899 2419 2384 4029
4 1744 3976 4638 5179
4 3710 4569 4181 4600
4 1579 1580 1114 4481
4 3492 3944 4286 4881
4 3383 4236 3943 4527
4 2926 1925 2681 4688
4 777 685 769 3919
4 3460 4308 3822 4711
4 1041 3996 1453 5156
4 2796 2930 381 4715
4 1387 1249 1388 4685
4 4083 3390 4785 4921
4 675 4702 676 4957
4 596 758 727 3984
4 3720 4559 3896 5187
4 1983 1984 1985 3831
4 481 2062 66 4548
4 4159 4382 3810 4740
4 796 786 646 4177
4 2800 4068 1025 4656
4 1951 2389 1953 4783
4 1193 1273 4273 4963
4 3422 4349 3834 4767
4 73 3941 496 5155
4 2050 3521 4215 4731
4 3803 4271 4010 4874
4 3685 4429 4309 4743
4 2529 2062 2508 4347
4 3427 4726 4110 5240
4 3505 4174 4538 5088
4 3779 4460 3509 4728
4 561 3338 115 4776
4 1818 1700 1820 3990
4 3823 4645 3384 5021
4 4067 3600 5069 5205
4 1827 1686 1547 4100
4 3481 3384 5011 5054
4 4091 4368 3918 4986
4 762 748 880 4397
4 2087 2586 2085 5251
4 3383 4236 4144 5226
4 1408 1288 1525 4858
4 2808 2944 2953 4125
4 3650 3481 4319 4520
4 1303 1305 1354 4117
4 36 4526 3535 4550
4 4313 4658 3719 4844
4 2208 3767 2207 4903
4 1683 4311 1170 4953
4 3457 4141 4492 4601
4 1001 3894 598 4587
4 1562 3931 1622 5107
4 900 968 942 3917
4 3419 3655 4266 4848
4 2349 1943 1940 3958
4 920 922 921 4258
4 3446 4179 4591 4906
4 875 4713 885 5073
4 76 3650 4214 4520
4 3636 3429 4481 4718
4 3412 3694 4321 4879
4 2952 4827 3851 5129
4 2087 2089 2151 5251
4 2077 3665 2639 4720
4 3635 4843 3935 5052
4 2710 1898 213 696
4 2962 865 4382 4740
4 2425 2022 2033 4063
4 3533 3411 4360 5217
4 3637 4286 3944 4881
4 3577 4392 4172 4870
4 4461 4765 3391 5025
4 1110 1609 1610 4950
4 1703 4690 1340 5036
4 3687 4607 3960 5190
4 2401 2391 2647 4386
4 1954 1953 1955 4121
4 3808 4633 4366 4669
4 3753 4460 3779 4728
4 16 2293 4409 5001
4 3291 4079 3290 4250
4 1645 4390 1163 4611
4 3805 4445 3468 4920
4 2040 2008 2603 4512
4 1893 2719 2908 4784
4 1819 4177 1643 4634
4 1747 4144 1109 4754
4 2768 2695 812 4698
4 100 4077 3950 5166
4 3555 3978 4758 5132
4 2358 2254 2255 5075
4 1861 726 1029 4587
4 2809 319 994 2919
4 2153 2485 2432 4292
4 3687 4921 4785 5215
4 3430 3611 4104 4566
4 1581 4013 1582 5017
4 3543 3939 4260 4608
4 3503 4234 4110 4374
4 3691 4998 4082 5217
4 1273 1596 4223 4963
4 3879 4658 3719 5103
4 1999 1997 4240 5102
4 4024 4691 19 5211
4 3513 4277 4925 5145
4 76 3221 503 4777
4 1482 1761 1481 4380
4 617 619 620 4297
4 3233 3232 3231 4069
4 3469 3913 4540 4832
4 91 4355 4346 5185
4 3612 4462 3897 4950
4 3884 5119 3833 5236
4 995 1840 1841 4023
4 2318 2658 2388 4518
4 1780 1548 1652 4373
4 3513 4706 4276 5173
4 2007 2005 2006 5119
4 969 979 947 4524
4 1042 1447 1039 5028
4 3381 4206 4103 4585
4 2062 481 66 2653
4 119 4047 4035 4417
4 159 1839 1840 591
4 2305 2641 2423 4340
4 44 3623 4092 5080
4 3553 3652 4538 4807
4 87 3955 3652 4361
4 3085 4195 33 4916
4 3290 537 103 4079
4 605 713 712 4042
4 2517 2171 2116 5030
4 1474 1144 4579 4603
4 3436 4088 3664 4440
4 1520 4146 1519 4992
4 1904 220 1937 4400
4 1559 4040 1558 4925
4 1968 4118 2526 5206
4 3543 4608 4260 5195
4 2755 2584 2754 4171
4 3484 4043 3606 4593
4 1682 1814 1811 4042
4 1834 1425 4406 4480
4 1539 1540 1281 4202
4 2501 2552 2208 4005
4 1685 1274 1189 4468
4 4150 4775 4116 5046
4 3573 4827 4341 4985
4 1276 1153 4585 4953
4 3570 23 4691 4758
4 3385 4220 3887 4971
4 2293 2294 2295 3746
4 3555 4758 3785 5061
4 2078 2077 2137 4720
4 47 3732 4364 5128
4 903 2696 298 948
4 2967 2997 2943 4795
4 87 515 3947 5058
4 3398 3597 4448 4880
4 3614 4774 3874 4997
4 3400 3579 4213 4581
4 3720 3896 4498 5187
4 3313 3310 3312 3938
4 2796 3701 2846 4252
4 4435 4865 4173 5084
4 4029 4640 3485 4714
4 1199 1201 1271 4314
4 1915 2703 2360 3917
4 2407 2406 2404 4546
4 1518 1699 1700 3880
4 1839 1536 1537 4557
4 726 598 743 4587
4 3341 3338 561 3839
4 2772 2410 2697 3837
4 1141 4494 1149 4794
4 1353 4291 1301 5022
4 3529 2464 4595 5169
4 2604 2381 2418 4801
4 3410 4064 4657 4854
4 2401 4163 2082 5061
4 1895 4833 4394 5228
4 1463 1465 1879 4006
4 4222 4867 4020 4974
4 1489 1543 1490 4509
4 2740 718 602 4394
4 162 1825 1829 719
4 2367 293 940 1909
4 2924 4363 3005 4954
4 1248 1182 1181 4081
4 2460 4643 3846 5170
4 3541 4478 3616 4681
4 3805 4721 3446 4920
4 1711 1714 1260 4755
4 4152 4489 3604 4788
4 1095 4455 1096 4621
4 55 466 4026 5040
4 3640 3974 4412 5090
4 1796 1503 1868 3985
4 1501 1494 1692 4631
4 1637 4573 1167 4752
4 4284 4440 3590 5072
4 419 3055 23 4287
4 520 89 4004 4533
4 1588 1586 1589 4607
4 3422 4767 3834 4944
4 427 3074 2396 4542
4 3082 30 4304 4883
4 3686 4290 4243 4944
4 3553 4354 4208 4521
4 1637 4569 1168 4851
4 2460 4643 2741 5228
4 443 3926 36 3956
4 3406 4208 3961 4855
4 647 4167 640 5212
4 3424 4131 4694 5060
4 2646 2505 2506 4559
4 1244 1647 1222 4636
4 724 167 1019 1811
4 3575 3416 4151 4358
4 2604 3742 2381 4801
4 3555 3934 3785 4758
4 2327 48 3133 457
4 836 833 4146 4766
4 3736 4457 3430 4503
4 2334 2638 4434 5097
4 1418 1168 1637 4569
4 3966 4846 3732 5128
4 3242 3240 3241 3955
4 901 2769 982 4623
4 3445 4454 4277 5145
4 2964 2961 2825 4071
4 3648 4507 4067 4979
4 3424 4692 3803 4874
4 2117 2546 2115 4224
4 12 4334 3830 4773
4 3157 3158 469 3986
4 2049 2058 2044 3986
4 119 561 3337 4035
4 1814 1682 1380 4343
4 1340 5036 4690 5224
4 842 868 4173 4649
4 3792 4761 3576 5020
4 83 3629 4357 5005
4 3861 4724 4956 5230
4 916 9 915 914
4 2372 2045 4946 5013
4 3502 4271 4874 5142
4 2173 3771 2102 4550
4 3799 4789 3627 4951
4 2180 4384 2420 5136
4 1413 1771 4507 5229
4 1802 1444 1021 3961
4 683 4086 690 4814
4 4174 4538 3652 4807
4 4083 4785 4380 4921
4 3492 4286 3637 4881
4 2833 2962 4382 4740
4 1109 1745 1094 4839
4 2395 2396 3074 4542
4 539 100 3950 5166
4 2260 2369 2259 3912
4 4046 5120 3728 5238
4 3861 3502 4546 4874
4 2185 2583 2183 4251
4 2557 2559 4127 5062
4 4243 4290 3670 4944
4 47 4162 3732 5128
4 985 953 4191 4757
4 3005 2844 2843 4278
4 3430 3611 4566 5127
4 2394 3962 3563 4542
4 3808 4652 3634 4743
4 3407 4652 3808 4743
4 1806 1677 1679 4389
4 3600 4782 4305 5205
4 142 598 726 1861
4 1619 1257 1210 4348
4 729 679 736 4474
4 2819 2943 2997 4021
4 3639 4581 4399 4689
4 1145 1470 1770 5069
4 2776 3953 2341 4850
4 900 3917 1915 5201
4 3655 3419 4266 4792
4 4151 4730 3575 5220
4 2567 3959 3264 4355
4 1483 1471 1050 4165
4 3136 4312 3512 4547
4 1671 4976 4172 5053
4 3490 4112 3672 4791
4 3895 5194 3411 5217
4 286 1838 1799 910
4 544 4122 3977 4595
4 2156 4141 2510 5151
4 1457 1804 1458 4613
4 4785 4921 3390 5215
4 3378 4774 4518 4915
4 2434 2431 4134 4970
4 2991 2966 2878 5090
4 2252 2186 2184 4591
4 3196 3195 3988 5157
4 1929 2680 2521 3903
4 3062 4227 27 4917
4 95 3268 525 4457
4 3848 3545 4579 4603
4 1419 1231 1418 4569
4 3455 4580 4070 4983
4 2875 2954 2940 4367
4 3120 3579 4493 4933
4 649 579 156 1842
4 1242 1480 1748 4083
4 1333 4168 1312 5039
4 3662 3988 3429 4017
4 3963 4594 4388 5242
4 3496 3732 4846 5128
4 108 544 4056 4122
4 3710 3444 4237 5123
4 2682 1921 2676 4099
4 2143 4087 2376 5049
4 3640 4656 4164 5181
4 4730 5220 4151 5225
4 2614 3568 2777 4132
4 1709 1437 1788 4914
4 3689 4273 4098 4674
4 2924 3005 2982 4954
4 3823 4433 4645 5021
4 1709 1402 4044 4797
4 4050 4546 3861 4555
4 3641 3938 2478 5087
4 1505 1704 1705 5036
4 3443 3886 4137 4738
4 2381 2384 2418 4862
4 857 1837 1798 4264
4 2369 2264 3572 4282
4 3714 4146 4992 5245
4 1913 2731 2821 5097
4 539 3950 100 4250
4 2261 2364 4298 4942
4 2044 2043 2049 3694
4 1911 2776 905 4524
4 2645 4131 2231 4956
4 4643 4772 3768 4936
4 811 2694 258 855
4 3649 4367 4225 5114
4 3467 4225 4367 5114
4 3912 4178 3561 5222
4 1170 4011 1155 4953
4 3485 4269 4029 4714
4 1693 1177 1236 4414
4 4116 4150 3489 4775
4 2022 4063 2425 5032
4 4023 4557 4079 5002
4 3452 3853 4726 4905
4 3587 3952 3428 4452
4 3325 3324 553 4235
4 3609 4083 4915 5235
4 605 712 711 4042
4 2252 2564 2186 4975
4 3533 4045 3411 4655
4 104 546 2013 4595
4 2567 3264 3959 5203
4 2612 4296 2728 4575
4 3929 4766 3714 5245
4 3822 3498 4711 4806
4 2274 82 511 2661
4 3675 4387 3956 4993
4 3956 4387 3431 4993
4 20 413 4055 4508
4 1449 4067 1470 5069
4 2051 3739 2050 4731
4 1514 1515 4484 4545
4 3634 4669 3808 4743
4 3808 4669 3448 4743
4 2765 3825 1912 5230
4 3723 5152 4826 5165
4 3599 4059 4644 5208
4 2401 2082 2607 5061
4 3506 4286 4635 4901
4 4236 4257 3943 4527
4 2795 1651 1845 4369
4 2124 2551 2169 4213
4 2759 402 13 3019
4 884 846 892 4132
4 103 537 4642 5093
4 585 786 672 4177
4 2469 2468 4407 4924
4 1637 1167 1714 4752
4 3078 3952 431 4123
4 3437 3807 4337 5199
4 2931 2803 347 1012
4 1191 1189 1190 4468
4 1416 1346 4300 4729
4 4004 3558 4376 4683
4 1574 4220 1755 4980
4 2899 2916 2896 4404
4 2870 2800 1025 4656
4 1750 1611 4236 5226
4 3072 3073 429 4542
4 3544 4694 4131 5060
4 164 990 706 4634
4 1474 1415 1337 4337
4 1998 2000 3914 4274
4 2381 4547 2380 4862
4 3409 3950 3549 5002
4 2163 2164 2231 4131
4 1782 4196 1023 4816
4 602 757 654 5228
4 3935 4749 3448 5052
4 3624 4962 4978 5237
4 2232 2304 2162 3718
4 2283 2201 2203 5191
4 2789 2928 327 1786
4 1449 1493 1470 4067
4 2007 2009 2011 4057
4 3672 3490 3973 4112
4 412 20 4038 5154
4 2913 3008 2790 5176
4 3424 4131 4555 4956
4 2275 2362 2354 5078
4 1450 1466 4135 5076
4 3842 5201 2366 5222
4 1446 2925 344 1003
4 2943 4795 4021 5223
4 2251 2188 2564 4179
4 3785 4758 3570 5061
4 801 4951 3799 5244
4 3586 4053 99 5093
4 3504 3523 5048 5247
4 3612 4257 4236 4527
4 2557 2556 2146 4988
4 2990 2874 4032 5095
4 47 4162 3716 4226
4 877 4089 828 4698
4 3809 3447 4646 5044
4 1431 1836 1018 3876
4 1310 1311 1309 4219
4 3672 3420 4415 4594
4 1096 4621 4455 4839
4 1317 1569 1315 4823
4 1575 4391 1573 5053
4 3585 4091 3918 4986
4 4537 4832 3795 5007
4 1296 4511 1297 4829
4 113 3525 4822 5003
4 3504 4860 4922 5247
4 3569 4045 4526 5112
4 2117 2158 2546 4224
4 3423 3692 4245 5084
4 1414 1412 4362 5014
4 3221 3659 503 4777
4 906 1015 4000 4940
4 1414 3945 1797 5014
4 3825 4956 4724 5230
4 26 3063 2177 4227
4 453 3125 3126 4184
4 3443 3659 4425 4604
4 3805 4863 3682 4920
4 3632 3851 4985 5129
4 2223 3505 4190 4439
4 3861 4546 4050 4874
4 4083 4339 1242 4785
4 3438 4317 4285 4984
4 2648 480 64 4677
4 1095 1094 1096 4455
4 2920 2788 323 1005
4 1111 4976 1671 5053
4 3796 4826 3522 4927
4 2138 4467 3527 4618
4 2057 3607 2256 4628
4 2103 2555 2101 5164
4 755 4053 3586 5093
4 3160 4232 57 4727
4 4427 4506 3924 4973
4 28 424 4123 4478
4 3679 3916 4672 4988
4 3555 5061 3806 5132
4 31 4542 3734 5100
4 4767 4792 3898 4912
4 2881 2883 2926 4688
4 1218 4108 1217 5107
4 2127 2129 3995 5197
4 4585 4953 3488 5216
4 71 4218 3199 4676
4 4050 4546 3502 4874
4 1170 1701 1530 5241
4 3057 3058 4508 4588
4 3943 4257 3498 4527
4 2457 4429 2455 4749
4 1006 1839 160 666
4 2146 2105 2560 4988
4 3817 4403 3614 4753
4 3599 3813 4690 5224
4 857 817 246 1837
4 1050 1051 1052 5165
4 2991 3003 2792 4834
4 2643 2230 2637 4076
4 1069 1734 1067 4030
4 609 1006 160 666
4 104 4249 3299 4901
4 2286 2150 4055 5064
4 3544 4131 4262 5060
4 4121 4705 1956 5213
4 2256 2057 2355 3607
4 2975 3957 2897 4793
4 3826 4470 3644 5063
4 3667 4479 4307 4623
4 3418 4320 3856 5168
4 3222 3659 3221 4137
4 2393 2394 2395 3962
4 1159 4472 1160 5117
4 1634 1626 1806 4299
4 2374 2042 1947 3560
4 83 506 5005 5078
4 3432 4924 4407 5030
4 4177 4503 1643 4634
4 2935 385 1920 4269
4 814 236 1008 859
4 4313 4786 3709 4844
4 2051 2041 3739 4145
4 4195 3533 4948 5110
4 3763 4213 4014 4745
4 2156 2111 2510 4141
4 1682 1811 997 4042
4 1848 1660 1661 4216
4 2285 4310 4821 4977
4 2051 2041 2050 3739
4 1794 3945 1414 4990
4 4221 3826 4873 5035
4 1403 1436 1402 4349
4 3524 4034 2657 4734
4 892 874 837 3929
4 3465 4613 4015 4800
4 488 2014 69 4218
4 2898 2899 4781 5129
4 1553 1254 1192 4098
4 1400 1398 1401 4169
4 4193 4359 3620 4460
4 3779 4359 4193 4460
4 3884 4609 2005 5049
4 2100 2098 2174 4031
4 2057 1941 1942 5209
4 2820 2981 2977 4373
4 1072 4172 1671 4976
4 2195 2548 2310 4143
4 3515 3995 3716 5197
4 4019 4765 3449 5104
4 1590 1589 1113 4607
4 3684 4818 4155 4983
4 1098 3960 1590 5190
4 675 679 4474 4957
4 2275 2701 2273 4602
4 3856 4320 3661 5168
4 3449 4399 4581 4689
4 1263 4246 1230 4859
4 1936 625 224 2673
4 1845 1650 1654 4369
4 2000 2002 2001 5023
4 967 917 977 4335
4 2014 2576 2470 4218
4 2277 4522 2276 5109
4 4207 4347 3617 4375
4 2480 4279 2527 4897
4 2645 2163 2231 4131
4 1150 1149 1141 4494
4 1629 1151 1141 4494
4 3846 4643 2460 5228
4 2840 2978 2982 4954
4 1970 1968 4118 5016
4 2883 2979 2880 3915
4 3929 4649 4132 5059
4 115 3839 4205 4776
4 1094 1096 4455 4839
4 4168 4593 1636 5039
4 4043 4593 3484 4812
4 2102 2173 2104 3771
4 1162 1618 1724 5096
4 3496 4846 3966 5128
4 1599 1597 1598 4469
4 2785 973 913 4561
4 1972 3948 5016 5206
4 709 154 578 1844
4 3437 4395 3633 5204
4 3390 4339 4083 4785
4 1782 1779 1023 4196
4 1501 1148 1532 4073
4 2355 3607 2057 5209
4 2353 4693 3650 5015
4 2042 3560 2374 4684
4 29 3081 4304 4926
4 1162 1727 1595 5096
4 853 812 877 4698
4 2003 3884 2005 5049
4 110 3313 2633 5105
4 1035 614 4842 5081
4 2100 4550 2102 5164
4 3411 3533 4360 4948
4 2033 4063 2022 4967
4 1462 4188 1363 5074
4 1929 2521 2500 3903
4 1895 2740 4394 4833
4 3658 4478 3528 4746
4 2439 4769 2441 4911
4 1785 4276 1026 4277
4 2702 1905 2705 4904
4 3378 4518 3524 4941
4 362 2910 2799 1928
4 1024 1848 1661 4525
4 705 1930 2757 5244
4 3802 4200 3172 4332
4 1442 1776 1443 4344
4 1321 1322 4107 5127
4 1321 4107 4683 5127
4 1999 2650 1997 5102
4 2650 2012 2545 5102
4 2519 4371 4201 5131
4 4551 4591 3526 4975
4 4264 5037 4760 5137
4 2472 69 4218 4529
4 1129 1476 4579 5246
4 4614 4892 3812 4920
4 602 4394 757 5228
4 2287 3593 2288 4055
4 3838 4713 4271 5073
4 4271 4713 3985 5073
4 1842 1529 1843 3980
4 4276 4277 1785 4925
4 3805 4591 3446 4721
4 698 675 679 4474
4 3646 3973 3557 4069
4 2352 2353 3650 5015
4 4470 4873 3826 5035
4 73 4282 3572 4770
4 2068 2058 2077 4590
4 739 697 756 5019
4 4554 4639 3749 5163
4 2368 2017 4320 5153
4 3805 4721 3682 4863
4 1904 1938 2348 4400
4 2658 4518 2033 4941
4 20 4055 3523 4508
4 959 907 938 4961
4 1345 1381 1382 4359
4 1774 616 1035 5081
4 3937 4678 2582 4890
4 1806 3868 1005 4831
4 321 1025 2870 2800
4 2827 393 2670 4722
4 1982 4541 4156 4994
4 720 1840 158 995
4 2827 4159 2828 4722
4 928 927 926 4307
4 3726 4263 3575 4972
4 2296 3746 2295 4866
4 1514 1250 1518 4140
4 1619 1208 1256 4301
4 3877 3491 4434 5192
4 1351 1313 1315 5207
4 2279 2569 4046 5120
4 3595 4769 4402 4932
4 3910 4374 4110 4499
4 480 483 65 4548
4 3553 4521 4208 4855
4 3197 484 65 4718
4 1428 4009 1824 4685
4 1035 1774 179 616
4 3975 3470 4296 5092
4 3546 4028 111 4401
4 456 4265 49 4547
4 1513 3857 4771 5070
4 2022 4967 4063 5032
4 1859 1858 1688 4086
4 3373 3954 4449 4730
4 1989 1987 1988 4249
4 2727 2335 2726 4064
4 2423 2639 2623 4565
4 3525 3615 4822 5003
4 3654 4346 4295 4510
4 3412 5125 4270 5134
4 980 4175 948 5184
4 797 794 592 3961
4 585 164 706 4634
4 2292 2294 5001 5192
4 557 116 3884 5091
4 2185 2184 2186 4591
4 3788 5050 4422 5186
4 687 704 684 4149
4 1541 1672 3954 5218
4 2795 2932 335 1651
4 2745 2161 2418 4226
4 2255 4628 2256 4942
4 3835 3571 4523 5034
4 2113 2115 2157 4329
4 739 645 3480 5019
4 4008 4824 2699 5062
4 83 4113 3629 5005
4 3120 3995 3579 4933
4 2050 2040 2426 4512
4 1299 1301 1353 4291
4 3027 406 3025 4850
4 1025 4656 4068 5181
4 3538 4465 3883 4863
4 485 3183 68 4239
4 3734 4360 3684 5210
4 2574 2475 3678 4697
4 3598 3925 4796 5062
4 4082 4998 3827 5159
4 3136 3512 4183 4547
4 3682 4506 4427 4973
4 3644 4614 3826 5063
4 3296 3294 3297 4077
4 3816 4527 3498 4641
4 3903 4461 3391 5025
4 337 2820 1780 991
4 317 2916 2937 4404
4 2232 4259 3718 5041
4 2510 4952 2514 5151
4 1474 1707 1144 4603
4 3523 4055 20 5048
4 4306 4690 3749 5134
4 3716 4801 3398 5045
4 2447 2415 2245 4424
4 2176 2600 30 2449
4 3598 4864 4185 5042
4 3053 3902 19 4287
4 1926 2796 381 4715
4 2329 2299 3677 4450
4 2731 2334 3877 5097
4 4251 4721 3805 4973
4 485 68 3202 4529
4 3133 3132 4265 4436
4 3376 4705 4978 5237
4 2815 2674 385 4269
4 3841 4646 3447 5044
4 4007 4538 3652 5088
4 3329 4418 557 5236
4 400 3738 3028 4999
4 691 4587 743 4789
4 4394 4642 670 5002
4 3840 4840 3471 4895
4 2720 2567 3959 4820
4 3975 4296 3470 4671
4 3833 3884 3518 5119
4 851 866 893 4071
4 4218 4529 3202 4676
4 3597 3511 3969 4880
4 3524 2388 4034 4941
4 1054 1056 4962 5214
4 4342 5117 3813 5224
4 625 611 223 2673
4 67 3617 483 4548
4 1006 161 1829 4466
4 60 4025 3892 4200
4 3713 4892 4614 4920
4 696 212 2710 586
4 460 4183 3512 4312
4 2789 989 326 5113
4 3714 4245 5059 5245
4 635 633 634 4599
4 2449 2448 3734 4542
4 71 4499 3578 5157
4 548 110 3309 1992
4 3723 4165 5152 5165
4 3153 3154 461 4467
4 870 4649 842 4865
4 2368 1952 2017 5153
4 1752 1602 4459 4989
4 2441 1964 1962 4070
4 616 593 617 4816
4 607 723 220 4400
4 3502 4158 4089 4713
4 842 4649 4173 4865
4 3527 4116 3379 4775
4 3600 3899 4305 5168
4 2461 2171 2467 4924
4 1165 1664 1671 4853
4 1599 1165 1627 4853
4 678 675 676 4957
4 899 4615 1017 4914
4 1636 1312 4168 5039
4 124 569 4027 4876
4 3904 3583 4502 4836
4 3690 4183 3512 4244
4 2028 1980 3704 4994
4 1176 1172 4563 5188
4 4294 4300 3489 4775
4 3836 4300 4294 4775
4 3589 4073 4266 4848
4 3910 3534 4374 4499
4 3874 4518 3524 4774
4 2488 3974 4446 5090
4 3850 4512 3739 5243
4 2215 3562 3971 4431
4 3907 4705 3646 5237
4 2448 2654 2449 3734
4 999 341 1775 4363
4 3615 3839 3487 4776
4 164 1819 990 4634
4 3478 4049 3902 4266
4 3710 4600 3521 4945
4 812 2695 1916 4158
4 3575 4151 3726 4358
4 909 951 3013 3014
4 3597 4096 3969 4265
4 2845 2848 2846 3701
4 2086 3483 4227 4965
4 4448 4859 4246 4880
4 3763 4745 4014 5227
4 3429 3636 4017 4718
4 1204 1202 1658 5050
4 157 579 720 995
4 2019 4701 2023 4967
4 2928 2801 1026 4276
4 2042 2374 4318 4684
4 3587 3428 3952 4509
4 939 1869 907 4490
4 2553 3858 3977 4918
4 347 2931 1012 1441
4 986 1519 1520 4146
4 1102 1242 4339 4785
4 3972 4687 3889 5251
4 1571 1057 1059 4189
4 3708 4486 3996 4622
4 2793 2881 2681 4688
4 238 986 1870 854
4 3424 4724 3861 4874
4 3538 3883 4861 4863
4 2526 2026 2525 4309
4 1720 1615 1719 4440
4 3403 4663 3799 4835
4 3387 4748 3882 4870
4 1901 2816 387 2385
4 4533 4735 3685 4743
4 2753 2583 2313 4465
4 484 3195 3988 4718
4 663 4873 4470 5035
4 1660 1290 4130 4877
4 2427 4417 3559 4428
4 1119 1112 4180 4934
4 3250 514 86 5047
4 88 522 3259 2220
4 2359 4617 2683 5055
4 2999 2868 2954 5202
4 3361 3360 571 4678
4 4067 4507 1470 5069
4 569 4209 3548 4876
4 1547 1549 1827 4100
4 2171 4924 3875 5030
4 1978 2028 1980 3704
4 3675 4129 4387 4993
4 3002 4126 3007 5231
4 2557 4127 2595 5062
4 1230 4448 1265 4859
4 841 1873 847 4435
4 1904 607 220 4400
4 3434 3839 3615 4205
4 2609 2322 3642 4941
4 1101 1628 1099 4817
4 3803 4788 3502 4874
4 3713 3826 4614 4943
4 2833 4382 2787 5033
4 1798 1874 1499 4760
4 3750 4022 4487 4694
4 2333 4434 2294 5192
4 2009 4057 2007 5119
4 2859 4872 2985 4960
4 447 3556 4256 4411
4 3103 39 443 4078
4 3711 4891 3989 5172
4 2127 4275 2128 5197
4 2595 2572 2515 5024
4 842 4435 843 4865
4 1819 1816 1643 4177
4 3464 4903 4161 4936
4 1295 1296 1297 4829
4 3679 4988 4127 5024
4 3934 4285 3438 4317
4 1006 4466 1833 4812
4 2269 2315 2309 4982
4 2549 2548 2746 4564
4 3548 4027 569 4876
4 2180 2420 2421 5136
4 3679 4796 4398 5024
4 3932 4612 1594 5207
4 3803 4271 4788 4931
4 2799 2986 2908 4784
4 1081 1083 1162 4242
4 2909 1831 309 2797
4 2355 1944 4410 5209
4 3828 5120 4046 5238
4 3626 4229 4074 5000
4 4044 4258 3756 4763
4 901 982 966 4623
4 2043 3694 2044 4907
4 2716 2138 2236 4618
4 2921 2861 325 1801
4 3838 3584 4760 5142
4 3468 4863 3805 4920
4 2793 1897 376 2923
4 49 3136 456 4547
4 642 4053 737 4197
4 2668 2303 2666 4330
4 2911 372 2812 2686
4 2852 3623 2981 4958
4 1752 1601 1602 4989
4 588 187 2760 701
4 1553 1192 1190 4098
4 3542 4076 3381 4878
4 3458 4674 4098 4746
4 2654 2652 2449 3734
4 318 1815 2937 2809
4 2864 2861 2921 5113
4 2609 3642 4034 4941
4 31 4370 3734 4883
4 3377 3924 4506 4973
4 2361 4099 2682 5055
4 3854 4953 4585 5216
4 2159 2562 2493 4411
4 3825 4702 3584 4724
4 3799 4477 2621 5244
4 1906 2933 390 2345
4 977 4335 3738 4615
4 3380 3928 4538 5083
4 1797 280 924 1794
4 2883 3915 2968 5173
4 1558 4925 4040 5018
4 3671 4431 3971 4629
4 2700 2929 2702 4185
4 825 3985 875 5073
4 1117 1121 1118 4996
4 1968 1967 1966 5159
4 1640 1298 1405 4836
4 3612 4462 4257 4641
4 874 835 837 4766
4 1459 1457 1456 4015
4 3684 5210 4360 5217
4 1996 2036 2579 4886
4 1143 1160 1159 4472
4 1809 1003 1568 4065
4 1717 4648 1137 4972
4 1152 1150 1151 4494
4 2561 2570 2507 4910
4 3431 4391 3926 4993
4 4986 5059 4245 5245
4 3549 4833 2741 5228
4 3385 3532 4841 4910
4 1985 1987 2576 4442
4 2652 3734 2654 5210
4 4149 4427 1690 5198
4 2420 4384 2421 5136
4 1384 1300 1640 4036
4 804 854 833 4146
4 2894 315 993 2811
4 455 3732 47 4162
4 3465 3917 4709 4803
4 521 2218 4353 4847
4 2262 72 3211 2397
4 1576 1573 1575 4391
4 2981 4373 2820 4958
4 1998 2064 4274 4886
4 2369 2370 2779 4577
4 3057 4508 3523 4588
4 3614 4774 4753 4915
4 1813 994 1812 4656
4 83 4060 3673 4357
4 152 590 708 1847
4 3866 4477 3799 5244
4 1433 1432 1329 4022
4 2619 2621 2761 4663
4 3870 4986 4245 5245
4 597 2742 201 700
4 3335 2454 4035 4551
4 1442 1438 1012 4344
4 3639 4014 4213 4745
4 3534 5004 4611 5200
4 1638 4570 5022 5096
4 2953 2905 2903 4657
4 1112 1122 1119 4180
4 2361 1921 2682 4099
4 3383 4204 4014 5180
4 3683 4792 4767 4912
4 3652 3955 87 5047
4 1443 1034 1777 4071
4 1210 1257 1212 4348
4 2261 2358 2255 4942
4 2382 2380 4547 4862
4 1095 3991 4455 4621
4 3635 4612 4219 5182
4 449 3130 45 4182
4 83 506 4318 4684
4 2079 2164 2163 4262
4 2481 2459 2205 3663
4 3447 3854 4644 4878
4 2399 4072 2398 4451
4 1006 609 161 4466
4 3730 4495 1971 5016
4 2493 2562 42 4411
4 1291 1674 1289 4619
4 2765 4956 3825 5230
4 1716 1166 1715 4280
4 2437 4820 1890 5029
4 1635 989 1800 3921
4 4161 3725 4741 4897
4 2740 718 203 602
4 3407 4309 4652 4743
4 3634 4652 4309 4743
4 1434 1440 1775 4363
4 3300 1990 106 4249
4 2445 4330 2668 4946
4 85 2398 2659 4069
4 2040 2050 2041 3739
4 2384 2674 1899 4029
4 1029 1859 1739 4587
4 968 3917 900 5201
4 2175 2532 4351 5110
4 851 862 850 4500
4 1686 1265 1230 4448
4 2207 3663 2205 4903
4 4154 4507 1771 5229
4 3791 4329 4085 5144
4 4085 4329 3582 5144
4 4046 4624 2569 4930
4 1012 2803 348 4344
4 2549 2310 2548 4143
4 3374 3818 4586 4937
4 1757 1761 1262 4403
4 1081 1083 4242 5004
4 3596 4586 3818 4937
4 3759 4640 4100 4733
4 91 3654 4346 4805
4 3820 4685 4860 4922
4 95 3959 526 5203
4 3785 4163 3555 5061
4 742 3893 4861 4966
4 1935 2826 4159 4740
4 2239 2442 3733 4653
4 2738 2785 913 4561
4 59 3694 4321 4616
4 3706 4473 3931 5104
4 124 3789 575 4876
4 3392 4463 4152 5241
4 2669 3650 4574 5153
4 1878 1791 4173 5084
4 4156 4541 3578 4994
4 1643 1644 1334 4566
4 1749 1163 1645 4390
4 1005 1679 1807 3868
4 2531 3700 1989 4901
4 1415 4147 1477 5199
4 127 4262 3544 4678
4 3034 401 3033 4138
4 2883 2880 2968 3915
4 2500 2521 2520 4461
4 3397 3578 4279 4994
4 3733 4439 3505 4444
4 4152 4283 3604 4489
4 3620 4661 3828 5238
4 3828 4661 3375 5238
4 2497 40 3116 450
4 91 4346 4104 4805
4 3808 4324 4030 4652
4 980 972 903 4175
4 3570 4696 3785 5061
4 1738 1509 1419 4018
4 2134 2073 3847 4215
4 3442 4332 3802 4563
4 1414 1794 1797 3945
4 461 3139 52 4183
4 4425 4604 3659 4935
4 41 4256 3760 4411
4 3687 3927 5190 5215
4 2944 2958 2953 4657
4 1692 1494 1706 4631
4 3423 4173 4865 5084
4 4083 4339 3390 4651
4 2612 4575 2232 5092
4 2268 2309 2337 4982
4 1732 1127 1726 4366
4 59 4424 3694 4616
4 3049 4024 3570 4691
4 3927 4785 3687 5190
4 3661 4927 3899 5168
4 1910 853 813 4698
4 1371 1374 4230 4780
4 3596 3812 4759 4892
4 3612 4257 4527 4641
4 3498 4527 4257 4641
4 2443 2440 2442 4402
4 2350 2371 2351 5013
4 2063 2527 2480 4279
4 1458 4000 1015 4940
4 2057 3607 4628 5209
4 585 786 4177 4634
4 2796 4252 2930 4715
4 3776 3922 4868 5214
4 1338 1485 1484 4203
4 3708 4622 3996 5195
4 442 3107 3105 4288
4 224 615 625 1936
4 182 1933 2766 613
4 2232 3718 2148 5041
4 2295 2296 2293 3746
4 1035 616 614 5081
4 1557 1206 1204 4422
4 1557 4422 1204 5050
4 3378 4063 4518 4941
4 518 91 3251 4190
4 3571 3836 4787 5149
4 1550 2869 340 999
4 501 4260 79 5178
4 3575 4358 3726 4972
4 1897 2513 2672 3965
4 4529 4676 3507 4900
4 3808 4366 3932 4669
4 847 860 843 4435
4 116 3342 4428 5225
4 2042 1949 3560 4530
4 2952 2937 2899 5129
4 1925 373 2812 2926
4 1546 1647 4636 4846
4 1417 1809 1568 4787
4 418 4405 3785 4696
4 2903 4657 2905 4854
4 2767 3701 1926 4252
4 3510 4075 3789 4253
4 977 3738 916 4615
4 3335 3336 559 4551
4 1026 2928 328 2801
4 2236 2137 2237 4626
4 3710 4181 4569 4851
4 73 4377 3941 5155
4 3718 4025 3892 4727
4 4619 4759 3812 4892
4 1331 1442 1383 4210
4 2346 2641 4340 4828
4 2146 2560 2557 4988
4 2156 2109 2111 4141
4 3439 4043 3606 4250
4 3799 3627 4835 4951
4 4421 5004 3534 5067
4 3276 3275 3277 3987
4 156 649 1842 1031
4 2104 2103 2102 5164
4 1970 4118 1968 5206
4 2580 2174 438 4550
4 3102 4078 3103 5112
4 2089 4051 3541 4681
4 1424 1799 1860 4615
4 2573 2465 2554 5180
4 1742 1733 1571 4415
4 1718 1716 1349 4483
4 1581 1604 1646 4778
4 3445 4528 3965 4939
4 2836 2835 2818 4106
4 3539 3396 4328 4843
4 1707 1346 1710 4111
4 4120 4779 3724 4818
4 2919 320 1812 2870
4 1965 4580 4082 4998
4 2440 2441 2439 4769
4 661 659 658 5239
4 3376 4705 4121 4978
4 1176 1251 1172 5188
4 2529 1977 2062 3617
4 4007 4444 3530 5088
4 3595 4504 3857 4932
4 2803 2834 348 4344
4 4089 3865 4698 5098
4 1011 281 949 1797
4 1105 4358 1697 4972
4 3638 5175 4584 5226
4 3571 4787 4065 5149
4 155 709 649 1031
4 2441 4070 1962 4911
4 3639 4399 4090 4689
4 1281 4506 4202 5249
4 4309 4429 3634 4743
4 3059 22 416 4405
4 959 928 926 4307
4 179 1035 616 614
4 1050 1052 4165 5165
4 3425 4672 3916 4708
4 2686 4008 2516 4497
4 4721 4863 3805 4973
4 2471 3678 2472 4529
4 2293 2294 3746 5001
4 3614 4915 4083 5235
4 3424 4050 4692 4874
4 3453 3694 4321 5009
4 4373 4852 991 4958
4 3630 4030 4324 4652
4 3510 4075 4253 5060
4 3411 4045 3533 4948
4 3460 4329 4224 4947
4 1111 1072 1671 4976
4 1319 1318 1320 4683
4 1319 1321 1355 4683
4 843 842 841 4435
4 459 3149 3148 4096
4 1818 2811 316 2916
4 2914 2910 363 2714
4 1412 1413 1373 5229
4 3487 3615 4166 4625
4 585 1819 164 4634
4 2578 2069 1963 4580
4 2077 4590 3665 4720
4 80 2042 505 3228
4 3591 4015 4297 4816
4 1336 1475 1759 4294
4 1345 1341 1343 4790
4 3556 4256 3391 5104
4 4201 4582 3619 4968
4 1622 4473 3931 5150
4 3648 4507 4979 5115
4 3392 4489 3841 5044
4 4180 4810 4133 5246
4 3464 4772 3663 4936
4 101 4077 2481 4969
4 1928 2799 2719 4784
4 3595 4388 4769 4932
4 4185 5042 4864 5202
4 3271 3562 3971 4847
4 2047 3785 4405 4696
4 1139 1143 1154 4690
4 1631 1139 1703 4690
4 919 923 967 3666
4 4108 4711 3498 4806
4 1612 4390 1749 4808
4 2414 16 2293 4409
4 2909 2938 1830 4830
4 24 2088 421 4965
4 3466 3715 4770 4893
4 425 4304 3081 4926
4 2840 2982 4592 4954
4 2301 2299 4450 5148
4 3497 4779 4120 4818
4 3856 4501 3661 5126
4 4222 4369 3696 4867
4 3959 4820 2567 5203
4 3750 4752 4075 4755
4 2732 2769 901 4623
4 2905 3006 4064 4657
4 2225 2605 4174 5088
4 1973 2649 1971 3730
4 2245 2246 3918 5109
4 3450 4182 4162 5080
4 300 905 1911 2776
4 2511 2514 2510 4952
4 1608 1607 1609 4950
4 1602 1663 1754 4459
4 1061 1059 1060 4605
4 2014 1985 2576 4218
4 157 579 995 1842
4 3379 4775 3836 5068
4 3322 4235 3525 4274
4 3802 4002 3482 4332
4 2264 3572 4282 4893
4 732 662 4432 5239
4 2057 4628 3993 5209
4 1807 322 2920 2800
4 1012 348 1776 4344
4 3742 4547 2381 4862
4 1496 1702 1503 4931
4 1566 1655 1563 4974
4 707 150 1849 657
4 1643 4503 1822 4634
4 1697 1717 1137 4972
4 1105 1697 1103 4972
4 721 199 2744 671
4 2847 2796 2846 4252
4 3643 4658 3879 5103
4 3551 4170 3500 5215
4 2298 3677 2297 4866
4 2024 4293 2025 5126
4 2644 3824 2647 4227
4 1712 1717 1539 4648
4 206 1907 2729 4197
4 3477 3616 4571 5118
4 2087 3770 4681 5251
4 3663 4077 533 4969
4 3778 3845 3519 4304
4 3434 3575 4263 4972
4 1778 1787 1000 4596
4 1509 1508 1507 4231
4 1767 4425 1132 4935
4 2537 5110 2652 5210
4 2143 4609 4087 5049
4 2115 2114 2116 4947
4 2298 2299 2297 3677
4 2937 4404 2899 5129
4 2561 2507 2172 4910
4 1006 1833 1536 4812
4 1587 1584 1585 5175
4 1588 1695 1585 5175
4 1879 4006 1009 4961
4 3410 4854 4009 4860
4 765 655 4703 4909
4 4305 4782 3600 5168
4 97 3695 3987 4255
4 2688 904 2776 3953
4 1834 1427 4647 4830
4 3168 3918 3574 4424
4 2385 2386 1901 4244
4 3743 4056 3492 4122
4 3502 4788 4050 4874
4 3803 4050 4788 4874
4 2531 2466 2067 3700
4 84 508 3244 4112
4 3817 4753 3614 4774
4 3483 4549 4115 4917
4 3928 4354 3553 4521
4 2066 2553 1995 3858
4 3582 4329 3949 4719
4 3597 4859 4448 4880
4 1895 2740 203 602
4 3436 3664 4088 4534
4 3703 4946 4217 5115
4 861 4382 865 4740
4 2791 1893 360 2908
4 1507 4231 1508 5007
4 2233 2614 3568 5041
4 3500 4240 3981 5102
4 1252 1176 4712 5188
4 2471 2470 4407 4529
4 1040 1041 1039 4486
4 127 4209 3367 4253
4 1764 1378 1460 4517
4 610 2764 184 703
4 3178 4535 3177 5041
4 3903 4872 3625 5025
4 1176 1693 1252 4712
4 1801 2861 326 5113
4 2410 2411 2774 4102
4 694 2766 183 610
4 3527 4116 4775 5046
4 2706 2709 2589 4032
4 2769 964 982 4623
4 951 398 3015 3012
4 1361 1362 1360 5074
4 2717 2431 2433 4134
4 3755 4277 4454 5145
4 991 4373 1652 4852
4 3982 4501 3703 5013
4 2233 4259 2232 5041
4 95 3671 3971 4629
4 2471 2574 2475 3678
4 2827 2670 4159 4722
4 511 3240 2274 3955
4 4225 4367 3649 4904
4 3931 3706 5104 5150
4 2834 1776 348 4344
4 940 981 970 4254
4 3484 4053 3586 4466
4 4430 4517 3905 5116
4 682 690 683 4086
4 3694 3574 4321 4879
4 116 3833 4151 5225
4 2064 3525 4235 4274
4 2063 1984 1982 4887
4 1984 2528 1986 4887
4 3978 5132 4744 5221
4 3510 4692 4198 5060
4 3669 4711 4308 5147
4 2172 2506 2505 4559
4 4295 4346 3712 5019
4 681 3997 751 5137
4 549 4606 4088 5071
4 857 823 871 4264
4 3596 4048 4483 4937
4 4011 5044 3809 5241
4 3650 5015 4693 5155
4 3196 67 489 3910
4 1813 1517 994 3871
4 2615 2321 2637 4624
4 3634 4429 4093 4669
4 1615 4440 1720 5072
4 1454 4604 1767 4935
4 785 776 621 5141
4 3590 3436 4088 4326
4 1970 1969 1968 5016
4 3596 4759 4619 4892
4 3525 4235 3322 4822
4 1994 3319 110 4401
4 1263 1230 1264 4859
4 2256 4845 2257 4942
4 3378 3524 4518 4774
4 2578 4580 1965 4998
4 2077 2623 3665 3986
4 473 3718 4232 4727
4 1862 3894 1001 4587
4 1107 4160 1140 5218
4 95 3671 3959 5203
4 488 70 2014 4218
4 3477 3814 3616 5118
4 2826 2833 4159 4740
4 2921 1803 324 4831
4 3609 4651 4083 5235
4 477 3574 3918 4368
4 1058 1056 1116 4247
4 2957 4827 2952 5129
4 2825 349 2834 1034
4 2071 3369 126 4209
4 84 508 3973 4750
4 776 767 619 4099
4 3246 3243 513 4113
4 1779 1782 1445 4196
4 1776 2834 349 1034
4 1928 2717 2714 4341
4 2380 2381 2327 3742
4 2790 2915 2730 5176
4 654 731 651 4516
4 3681 3577 4041 4558
4 4388 4594 3781 5242
4 2845 2846 2796 3701
4 3465 4298 3917 4803
4 81 4530 504 4684
4 3500 3914 3551 5003
4 1221 1584 1639 4584
4 2260 3912 3205 4282
4 578 153 708 988
4 2417 3655 2445 5211
4 3930 4600 4237 4945
4 2680 1897 2672 3965
4 3947 4112 3672 5058
4 3327 2002 112 5023
4 580 703 2763 4568
4 1836 1431 1383 4496
4 105 4286 3700 4901
4 3929 3714 5059 5245
4 3466 4770 4723 4893
4 406 4138 3032 4773
4 3582 4141 4085 4601
4 2117 2116 2118 4947
4 2669 3650 4039 4574
4 27 3824 3962 4899
4 899 1788 284 918
4 1426 1830 1002 3860
4 3138 462 2718 4183
4 691 4789 693 4951
4 2291 16 2414 3044
4 854 238 986 804
4 3538 4427 3924 4973
4 2471 2475 2472 3678
4 1502 3985 1796 5073
4 122 3349 565 2072
4 4068 4656 3640 5181
4 3384 3823 5021 5054
4 949 898 282 4763
4 3899 4567 3522 4996
4 2370 2663 2732 3881
4 1055 1054 1056 4962
4 2832 4062 2828 5033
4 448 3124 3127 4092
4 827 4562 867 4630
4 701 580 1902 5193
4 3473 3637 4326 5071
4 2100 2101 4313 5164
4 1414 4362 1412 4990
4 3385 3741 4910 5133
4 1636 1333 1312 5039
4 1872 1499 1497 4271
4 1127 1614 1730 4345
4 2334 2730 2731 5176
4 3362 3789 124 5123
4 2310 2596 2193 4325
4 3324 3322 552 4274
4 970 936 935 4254
4 1035 1784 1783 4842
4 4043 4250 97 4668
4 2627 4136 4522 5008
4 3583 4502 3980 4909
4 2285 2400 2402 4821
4 3431 4469 3681 4853
4 2471 2472 2470 4529
4 1545 1652 1548 4733
4 205 1907 4756 4869
4 3949 4329 3582 4952
4 1695 4144 1747 5175
4 1683 1505 4311 4953
4 2296 4409 3746 4866
4 3660 4793 3820 4922
4 663 782 4873 5035
4 2524 3971 3671 4431
4 2998 2954 4367 4904
4 2067 1989 2531 3700
4 107 3298 4249 4635
4 2627 4136 2628 4522
4 3464 3863 4680 5038
4 3672 4415 4054 4594
4 3741 4559 3896 5133
4 3340 3839 3339 4263
4 746 795 693 4789
4 2918 1007 333 2794
4 609 667 792 4466
4 1195 1193 1194 4963
4 1633 4299 1634 4995
4 73 3941 4137 4777
4 678 788 680 4957
4 3732 4092 3440 4852
4 1870 237 854 859
4 2239 3733 2222 4653
4 3136 3139 3138 4183
4 3682 4863 4721 4973
4 3920 4552 4012 4647
4 3661 4501 3856 5168
4 274 902 1880 943
4 3932 4366 3501 4669
4 485 4239 68 4529
4 2130 4097 2131 5197
4 116 4428 3833 5225
4 2162 2148 3718 4232
4 3177 4535 3178 4809
4 2635 2301 2299 4450
4 3787 4928 4831 5202
4 1723 4902 3951 5099
4 1009 1879 1465 4006
4 2645 2409 2165 4956
4 4167 4820 3671 5029
4 3305 546 3303 4595
4 2352 4693 2353 5015
4 2638 2295 2294 4434
4 3423 4649 4132 4865
4 782 4221 582 4873
4 1480 1481 1478 4753
4 3013 396 8 909
4 1868 242 806 4562
4 1110 4443 1616 4950
4 2263 3715 2265 4282
4 4171 4637 3538 4861
4 154 578 1844 988
4 3640 4913 4164 4949
4 4047 5220 4730 5225
4 3732 4162 455 5080
4 3431 3702 3926 4391
4 1785 1026 1781 4277
4 654 4516 780 5228
4 3393 4628 3993 4682
4 3051 3049 3048 4024
4 2273 2274 2275 3567
4 2963 5122 2893 5189
4 2047 3570 2031 5061
4 3200 485 3202 4218
4 370 2807 2929 2700
4 2750 2540 2539 4445
4 3448 4908 3935 5052
4 3575 4730 4047 5220
4 4012 4552 3631 4647
4 155 709 1031 1844
4 2821 2731 354 2915
4 1979 1977 3617 4548
4 4279 4741 3725 4897
4 3691 4871 4082 5159
4 728 148 1851 599
4 2093 3845 2094 5111
4 411 17 4049 5154
4 2077 2058 2623 3986
4 3637 4088 3436 4326
4 1470 1413 1771 4507
4 82 3235 511 2661
4 2931 2860 3000 4523
4 2263 3715 4282 4377
4 2833 2828 4159 5033
4 3052 411 3053 3902
4 2317 2665 2771 4243
4 26 2177 3063 421
4 1266 1823 1335 4553
4 2543 1988 2035 3751
4 2743 2742 1932 4703
4 2177 2644 2647 4227
4 647 640 643 5212
4 1932 2742 201 597
4 1747 1109 1753 4754
4 2078 2629 2068 4590
4 3659 4520 503 4777
4 2359 2683 2361 5055
4 3460 4308 4711 5147
4 1341 4059 1340 5224
4 2768 853 1910 4698
4 1622 4473 1218 5107
4 3597 3437 4553 4859
4 847 841 234 1873
4 4563 5117 3493 5188
4 1801 1803 2921 5113
4 1205 1207 1604 4778
4 824 885 875 4713
4 206 583 1907 4197
4 3723 4826 4567 5165
4 755 3586 667 5093
4 2277 2276 2247 5109
4 2525 2026 2443 4309
4 726 743 691 4587
4 3642 4725 4393 5138
4 4396 5108 3396 5182
4 3737 4289 3973 4750
4 2272 3652 2229 3955
4 1334 4566 1684 5127
4 2357 1944 3939 4410
4 3853 3501 4576 4905
4 3841 3447 4930 5044
4 3258 3608 4353 4653
4 4075 4752 3444 4755
4 2832 2830 2828 4062
4 4396 4612 3699 5182
4 3616 4549 3541 4681
4 2296 3531 4409 4866
4 3867 4627 3960 4839
4 3513 4492 3864 5145
4 2752 1910 2694 4977
4 904 398 965 3953
4 2674 1920 385 4269
4 665 4470 4873 4964
4 2799 2908 361 2719
4 3527 4775 4150 5046
4 3605 3863 4680 5099
4 2905 4064 3010 4854
4 1131 1147 1691 5221
4 298 2693 2696 903
4 494 75 3204 3912
4 2137 2639 2237 4720
4 2537 2652 2538 5210
4 4393 4929 3848 5009
4 967 923 917 3666
4 2287 4055 2150 5064
4 3488 4953 4011 5216
4 3799 4951 3866 5244
4 1764 4673 1763 4898
4 2645 2339 4956 5031
4 2606 2605 2708 4955
4 2178 2073 2426 4315
4 4048 4937 3596 5085
4 2406 4546 4158 5098
4 2456 2455 2457 4429
4 688 799 745 4861
4 1199 1197 1198 4129
4 3385 4910 4841 5133
4 3594 4639 4554 5163
4 1078 1077 1076 4234
4 3889 4687 3770 5251
4 3531 3655 4266 4792
4 1172 1160 4563 5117
4 3540 3664 4028 4606
4 3521 4600 3847 4945
4 2248 2476 2479 4441
4 115 3323 554 4235
4 2986 2897 3957 4781
4 1514 1515 1253 4484
4 2679 1896 379 2934
4 2568 2194 2250 4413
4 3003 2991 2877 4412
4 1477 1415 1476 4147
4 2466 3700 2531 5169
4 3598 4796 4127 5062
4 653 4516 651 4909
4 1407 1292 1660 4877
4 1400 1422 1399 4797
4 1060 1058 1613 4605
4 2608 415 3050 4024
4 2330 13 4138 4334
4 3489 4150 3633 4419
4 3458 4164 4913 4949
4 1888 2549 2746 4084
4 478 63 3918 4091
4 3481 3463 4520 4608
4 331 1852 2819 2927
4 1266 1335 1268 5204
4 2115 2113 2114 4329
4 1708 1420 1521 4245
4 3546 111 4028 4534
4 3054 3055 419 4285
4 3464 3663 4903 4936
4 1124 1338 1118 4996
4 2334 4434 3877 5097
4 2290 2727 2292 3721
4 369 2929 2884 2702
4 43 3126 447 4184
4 3293 4043 3586 4079
4 3203 3912 3572 4282
4 1546 1648 1649 4852
4 1822 4634 4503 5171
4 2527 2244 2571 4897
4 1596 1601 1273 4223
4 526 3959 3264 5203
4 2687 2354 4513 4959
4 3746 3721 5001 5192
4 4180 3749 4639 5163
4 2328 2777 2614 3568
4 2817 2939 2949 4471
4 79 3659 4260 4608
4 954 983 952 4709
4 2225 2224 2226 4444
4 3481 4039 3650 4574
4 4306 5125 3412 5134
4 3749 5125 4306 5134
4 3718 4259 473 5041
4 541 3306 3308 1992
4 826 875 825 3985
4 1015 4000 1804 5086
4 4346 4355 91 5094
4 2268 4479 2662 4893
4 1127 1073 1614 4345
4 3662 4390 3988 4900
4 1832 907 1869 4490
4 4132 4649 3423 5059
4 2035 2528 2479 4281
4 2530 3676 2509 4288
4 3732 4852 3495 5080
4 2741 2459 4077 4643
4 2225 4444 2226 5088
4 1351 1569 1570 4823
4 1209 1646 1207 4327
4 907 959 939 4490
4 1815 319 994 2809
4 1126 1734 1736 4324
4 3631 4830 4670 5252
4 2946 2967 2882 4795
4 3590 4326 4088 5071
4 1266 1265 1823 4553
4 1334 1684 1320 5127
4 1398 1400 1399 4169
4 4158 4546 3502 5098
4 557 3345 117 5236
4 4094 4966 733 5035
4 556 3340 3339 4263
4 653 651 650 4909
4 3575 3434 4648 4972
4 3840 4829 3576 4895
4 3010 2905 3006 4064
4 1720 4284 1721 5072
4 2833 4159 4382 5033
4 977 916 950 4615
4 637 636 635 4599
4 1721 1720 1542 4284
4 554 3334 115 4551
4 3534 4421 3578 4499
4 2568 2249 2196 4109
4 2339 4568 4956 5031
4 2767 2419 3701 4182
4 2382 2381 2380 4862
4 3745 4744 5132 5221
4 2381 3742 2380 4547
4 3312 2065 547 3938
4 1756 1698 1477 5199
4 3618 4694 4131 5031
4 3703 4946 3982 5013
4 1771 1769 1404 4154
4 2880 3915 2979 5223
4 2087 3770 2085 4965
4 1772 1450 1466 4135
4 3599 4644 4059 5036
4 1623 1287 1349 4759
4 3726 3434 4095 4263
4 2871 2870 2873 4656
4 95 3959 3736 5094
4 836 833 854 4146
4 2721 2719 1893 4784
4 1272 1596 1195 4963
4 427 26 2458 2396
4 3345 4428 117 5236
4 3011 3004 2795 4369
4 3529 4286 3700 4595
4 1929 2679 378 2810
4 3708 3996 5156 5195
4 2472 3678 2475 4239
4 1244 4473 1220 5150
4 3225 3226 3223 4039
4 2492 2494 2500 4461
4 1193 1273 1191 4273
4 4345 4576 3501 4905
4 478 63 3169 3918
4 875 3985 4713 5073
4 2705 2589 4225 4904
4 3255 3257 522 4353
4 3266 3265 525 4355
4 856 806 242 4562
4 526 3971 3671 5203
4 4247 4868 3624 5214
4 3576 4511 3885 4829
4 1377 1378 1328 4898
4 4101 4145 3739 5066
4 2986 2897 2975 3957
4 55 4026 3152 5046
4 4261 4373 3623 5080
4 4373 4852 3623 5080
4 2274 3567 2273 3955
4 531 4043 4255 4679
4 3633 4096 3148 4395
4 2959 956 267 5189
4 1798 857 246 1837
4 2265 3715 2263 4377
4 958 894 985 4757
4 3449 4399 3761 4581
4 3747 4832 4537 5007
4 1731 1735 1126 5106
4 1853 1385 1795 3946
4 294 901 940 1909
4 2544 2378 2012 4170
4 3390 4921 4083 5235
4 3072 429 3962 4542
4 782 4221 4873 5035
4 4176 4365 3414 5139
4 3724 4857 4818 4983
4 807 857 245 1016
4 2759 3019 3936 4561
4 1291 4619 1290 4877
4 2134 2323 3847 4890
4 941 911 289 2684
4 68 4239 3183 5026
4 540 105 3302 4595
4 1194 1196 1195 4475
4 2096 2175 2532 4351
4 4864 4995 3921 5113
4 2315 4243 2317 4982
4 2359 4298 2360 4617
4 652 650 649 4502
4 3490 3973 3737 4289
4 752 4338 749 4757
4 2615 2569 4624 4930
4 657 151 1024 590
4 1890 2437 2723 4820
4 76 503 3223 4520
4 3495 4852 4373 5080
4 1014 2797 1831 4830
4 2038 2025 2031 4293
4 2321 2278 2413 5120
4 597 200 1932 721
4 2901 2897 2895 4793
4 3459 4316 4127 4988
4 791 582 782 4221
4 2915 2731 2730 5176
4 4098 4674 3528 4746
4 3904 4502 3583 4837
4 3347 567 3346 4215
4 127 3657 4253 4262
4 598 1861 1001 4587
4 3615 3434 4205 4817
4 762 880 2784 4397
4 1653 1654 1650 4222
4 1583 1721 4485 5072
4 879 838 834 4728
4 3614 4083 4921 5235
4 2279 2321 2569 5120
4 2128 2126 2518 4275
4 2905 4657 4064 4854
4 2587 4225 2588 4844
4 1429 1390 1387 4199
4 2554 2655 2602 4371
4 3192 3194 3191 4156
4 563 4151 116 4263
4 3314 3637 105 5071
4 1979 1978 1980 3704
4 2808 2953 2936 4125
4 193 702 699 2751
4 3466 4770 3715 4811
4 1855 601 146 704
4 2950 2947 2856 4379
4 660 4094 733 5035
4 3122 3120 4493 4933
4 2797 1014 1835 4406
4 1880 1465 1464 4940
4 4213 4581 3639 4745
4 3400 4581 4213 4745
4 546 1991 3307 3306
4 4928 5042 3649 5202
4 3787 4995 4864 5113
4 3442 4200 4025 4712
4 4088 4326 3637 5071
4 2222 2239 2224 3733
4 4360 4948 3533 5110
4 580 1902 186 701
4 1146 1157 1147 5130
4 3416 4884 4160 5243
4 2720 2567 4820 5203
4 1114 1080 1078 4374
4 657 658 590 4525
4 2908 2986 2975 3957
4 4027 4624 3447 4930
4 426 24 2089 2088
4 3906 4905 3882 4976
4 1795 240 831 1793
4 3298 543 3301 4249
4 1495 1502 4271 4931
4 3867 3638 4888 5175
4 2549 1888 2747 4084
4 2427 2484 118 4428
4 335 2795 1651 1845
4 58 3986 2049 4616
4 1381 1519 1857 4193
4 1946 2357 1944 3939
4 2559 2700 4185 4824
4 3157 3156 3159 3986
4 2603 3833 2006 4428
4 55 4116 467 4395
4 1280 1411 1282 5249
4 3456 4582 4201 4968
4 3935 4843 3647 5052
4 3345 2484 117 4428
4 4016 4505 3571 5034
4 3585 3929 5059 5245
4 2208 3767 2209 4969
4 527 3267 3268 4457
4 2504 1976 2636 4356
4 4130 4619 3812 4892
4 2302 2301 2340 4290
4 908 978 946 5201
4 3654 4190 91 5185
4 3477 3616 4549 4571
4 2914 2714 364 4834
4 3960 4627 3413 4839
4 4134 4341 3632 4985
4 898 1877 282 4763
4 3977 4595 3529 5180
4 1449 4067 5069 5205
4 2226 4444 4007 5088
4 1847 708 153 988
4 334 2918 2795 4867
4 2497 3116 3119 450
4 8 303 3013 909
4 35 4558 3827 5089
4 1252 1694 1421 4712
4 3644 4614 4130 4858
4 2076 2245 475 4424
4 3728 4322 3999 5208
4 2077 2623 2639 3665
4 3525 4235 3656 4323
4 2826 2827 394 1935
4 1235 1417 1567 4787
4 3542 4101 3381 5066
4 2435 96 2547 4583
4 3489 4150 4294 4775
4 1907 4756 98 4856
4 637 741 636 4885
4 773 4951 692 5244
4 1635 4995 1634 5113
4 1278 4537 1232 5007
4 3718 4259 4025 4727
4 30 430 3075 4542
4 3731 4385 3924 5198
4 841 842 814 4173
4 2896 2898 2899 4781
4 965 917 923 4335
4 3640 4656 4068 5095
4 3902 4285 3550 4984
4 1793 239 831 804
4 1995 3858 2553 4918
4 3826 4943 4325 5063
4 3126 4092 447 4184
4 1923 753 665 4964
4 3803 4692 4050 4874
4 3854 4311 4953 5216
4 4251 4591 3805 4721
4 729 598 141 1001
4 2430 2091 2153 4970
4 2350 2270 2271 5015
4 590 152 1024 1847
4 3660 5064 4336 5247
4 1058 1116 1613 4247
4 956 895 267 5189
4 2681 1897 2793 4688
4 2552 2501 2503 4798
4 241 805 856 1795
4 3436 3590 4088 4440
4 1220 4473 1622 5150
4 3707 4036 4381 4675
4 3504 4199 4081 4815
4 2471 4407 3678 4529
4 55 3642 4034 5040
4 1789 1000 1461 4596
4 1474 1337 1760 4603
4 1546 1647 1648 4636
4 3591 4682 3869 4800
4 259 2694 813 855
4 3557 4069 3973 4750
4 2245 2246 2152 3918
4 1197 1676 1272 4387
4 2107 2108 2109 4398
4 76 4039 3650 4520
4 3159 468 3158 3986
4 2700 371 2807 4824
4 2047 3785 2061 4405
4 877 828 886 4698
4 1378 1379 1460 4517
4 1363 1462 1463 4188
4 87 4007 3247 5058
4 3741 4677 3520 5026
4 3324 3323 3322 4235
4 3620 4193 4661 4790
4 3555 4163 3785 5158
4 816 2737 264 820
4 1079 1078 1080 4374
4 2380 2718 2383 4183
4 3192 4156 489 4499
4 1712 1628 1137 4648
4 69 3186 485 4239
4 3330 3333 2037 553
4 4644 5208 4059 5238
4 2836 2840 2841 4592
4 561 4551 4035 4776
4 3067 3065 3066 4051
4 2636 2027 2523 4383
4 814 1008 235 841
4 2130 2132 2131 4097
4 3545 4393 4725 5138
4 1713 1395 1396 4647
4 3597 3437 4096 4553
4 3538 4637 4149 4861
4 1660 1290 1408 4130
4 3391 4765 4080 5025
4 523 94 2567 2238
4 3696 4092 3440 4256
4 4355 4510 4346 5185
4 492 73 3207 4377
4 1949 1947 2042 3560
4 2680 1929 377 2855
4 1246 1658 1202 4033
4 380 2930 2934 4938
4 891 869 888 4372
4 2797 1835 308 2885
4 3600 3844 4979 5069
4 317 1818 2916 4404
4 3615 3487 4166 4776
4 3660 4793 4336 5051
4 3482 4002 3802 4321
4 2334 2734 2638 5097
4 1399 1423 1713 4012
4 4015 4816 1459 5081
4 2152 4091 2246 4535
4 776 4099 619 5141
4 3410 4238 4125 5161
4 3677 4450 2299 5148
4 556 113 4095 5023
4 876 815 852 4296
4 1644 1643 1816 4177
4 92 3685 4533 4735
4 2512 2585 2672 4560
4 3570 4024 3049 4696
4 929 927 972 4531
4 812 1916 262 858
4 1791 1873 841 4435
4 1056 1116 4247 5214
4 3702 4078 3926 4556
4 27 4899 3962 5100
4 3572 4723 4770 4893
4 2472 4218 2470 4529
4 2232 2162 2148 3718
4 803 871 821 3997
4 3590 4440 4326 5072
4 2435 3695 3987 4583
4 2842 2843 2844 4278
4 643 641 644 4514
4 3751 4267 107 4635
4 1751 1605 1606 4808
4 1878 1421 1791 5084
4 1760 1416 1346 4300
4 3472 4150 3690 4618
4 2402 2404 2403 4821
4 2801 329 1781 2879
4 952 934 943 4940
4 1887 964 2769 4623
4 2667 2445 2668 4946
4 607 623 760 4400
4 3924 4385 3731 5077
4 1359 1360 1156 4416
4 925 929 931 4531
4 2604 2327 2381 3742
4 3595 4388 3963 4769
4 3529 5169 4204 5180
4 3561 4942 4298 5222
4 1244 1220 1622 5150
4 2108 4398 2107 5187
4 2513 2685 2511 4528
4 732 662 744 4432
4 2864 2867 4864 5202
4 315 993 1821 2894
4 2239 2222 2442 4653
4 55 3642 5040 5138
4 1765 1766 1430 4153
4 1344 1708 1521 4992
4 2273 2347 2272 4602
4 3927 4785 3390 5215
4 3459 4127 4316 5042
4 2763 703 2764 4568
4 3515 4667 4097 5045
4 30 2176 427 3071
4 55 4034 3642 5138
4 4047 4730 4417 5225
4 660 707 733 4094
4 260 1910 853 813
4 1667 1257 1620 4454
4 1187 1186 4437 5118
4 1728 4902 1723 5099
4 149 998 599 707
4 704 687 728 4149
4 946 900 291 5201
4 3056 4405 3058 4588
4 123 3347 4215 4945
4 3576 4761 4544 4923
4 3580 3936 3016 4561
4 1231 1169 1168 4569
4 1290 1289 1288 4619
4 761 2782 974 4338
4 2207 3663 4903 4969
4 1079 4374 1080 5200
4 1425 1424 1860 4480
4 2301 4290 2302 5148
4 1421 1741 1791 4435
4 2215 3971 2524 4431
4 3684 4998 5210 5217
4 3647 4749 3935 5052
4 1119 4180 4639 4934
4 664 733 4966 5035
4 2645 2231 2339 5031
4 1612 1749 1751 4808
4 3453 4907 3694 5009
4 2793 375 2681 2881
4 1262 1227 1229 4453
4 1972 5016 1970 5206
4 622 618 714 4196
4 3561 4298 4942 5043
4 4068 4389 1810 5181
4 603 682 144 1858
4 23 3785 4588 4758
4 642 648 737 4053
4 937 978 935 4768
4 3003 2877 2957 4827
4 751 681 576 3997
4 69 2473 2014 488
4 2999 2987 2868 5202
4 1794 1414 1863 4990
4 444 3113 3114 4715
4 3330 3332 559 2453
4 3506 3700 4286 4901
4 435 4045 33 4655
4 3681 4045 4469 5112
4 3662 4808 4390 4900
4 115 4166 4776 4822
4 867 869 829 4630
4 1907 2729 4197 4856
4 2257 4845 4178 4942
4 1415 1698 1267 5199
4 902 1465 274 1880
4 2283 2590 2201 5170
4 498 3213 3211 2397
4 3826 4964 4470 5063
4 3671 4514 3959 4820
4 3685 4353 92 4533
4 3700 4595 105 4901
4 1649 991 4852 4958
4 2728 2612 1914 4296
4 1777 1034 1883 4071
4 3502 4713 3838 5142
4 3434 3839 3575 4648
4 1831 2909 1830 4830
4 199 1888 2744 671
4 2358 3869 5055 5075
4 2720 4820 2723 5203
4 1075 1076 1077 4234
4 1814 1684 1644 4566
4 4346 4355 3480 4510
4 3493 3802 3692 4368
4 2208 2207 3767 4969
4 2200 2199 2198 4350
4 3516 4514 4167 5212
4 3869 4942 4298 5043
4 2928 1026 1786 4276
4 3276 97 3987 4255
4 4745 5227 3763 5233
4 1656 1007 1655 4020
4 3447 3854 4878 5216
4 2670 394 2827 1935
4 2736 2129 2161 3716
4 406 3677 4138 4773
4 996 1773 1668 4021
4 1213 1214 1215 4308
4 2332 3936 401 4334
4 1619 1210 1208 4301
4 1371 1493 1374 4780
4 1559 1785 1620 4925
4 1493 1373 1413 4780
4 3234 3232 3233 4069
4 2563 5121 3827 5159
4 938 932 933 5006
4 1804 1015 1458 4000
4 1323 1321 1322 4107
4 1282 4506 1281 5249
4 1050 1052 1483 4165
4 1294 1295 4544 4829
4 3504 4685 4199 4922
4 67 3704 4156 4499
4 2580 2173 2102 4550
4 2566 2713 4510 5185
4 3060 420 3061 4227
4 1678 1810 4389 5181
4 2833 2962 2787 4382
4 3598 4824 4008 5062
4 3452 3882 4870 4905
4 1407 1660 1848 4216
4 858 873 812 4158
4 2819 996 330 2879
4 116 3884 3833 5236
4 2285 4821 2752 4977
4 867 827 856 4562
4 893 802 865 4382
4 2468 2471 4407 5030
4 501 3222 4137 5178
4 2439 3963 4769 4911
4 4260 4608 3494 5195
4 2705 2556 2558 4316
4 2796 3668 2930 4252
4 957 749 974 4338
4 3754 4143 4840 4895
4 3131 3130 3128 4182
4 3174 57 471 4332
4 559 114 2453 4551
4 3186 3184 3183 4239
4 2289 2336 2286 4336
4 2205 4903 3663 4936
4 121 4101 568 5135
4 3610 4978 4121 5213
4 3651 4964 4325 5063
4 950 286 1799 910
4 1081 4242 1595 5200
4 3634 4429 4669 4743
4 3448 4669 4429 4743
4 405 3029 11 4335
4 399 3029 3028 4335
4 3332 2624 559 2453
4 791 4221 664 4966
4 1092 1109 1094 4754
4 2382 4269 2674 4862
4 3492 4122 3637 4286
4 1450 4135 1772 5140
4 2152 3918 4091 4535
4 486 69 2474 4239
4 2876 2874 2871 5095
4 1930 2758 2757 5244
4 2671 1935 2632 4740
4 3251 3253 3252 4190
4 1565 1654 1653 4222
4 1506 4152 1247 5241
4 3438 4285 3902 4984
4 1849 998 150 707
4 3218 4410 3216 5232
4 122 3349 2072 4215
4 151 1024 1849 657
4 3404 4505 4016 5034
4 2932 1651 4369 4958
4 2566 2713 1918 4510
4 4025 4200 3692 4712
4 665 754 196 2749
4 1561 4925 1558 5018
4 2049 4424 58 4616
4 1897 2680 376 2923
4 1928 2799 362 2719
4 3458 4913 3974 4949
4 2852 2851 2981 3623
4 477 3918 63 4368
4 3288 3287 4642 4869
4 119 4776 4047 5220
4 3976 4509 3477 5179
4 3011 4369 2795 4867
4 3907 4978 4705 5237
4 3820 4199 4685 4922
4 3912 4178 2258 4845
4 1292 1291 1290 4877
4 3113 4252 3112 4715
4 871 864 817 4264
4 79 3939 502 5162
4 3033 4138 401 4334
4 194 582 702 1891
4 2190 2188 2251 4179
4 2298 2329 2299 3677
4 1679 1810 4068 4389
4 888 869 838 4372
4 408 4409 3746 5001
4 3128 4182 4162 4226
4 268 955 2960 895
4 863 748 130 803
4 1840 1839 1537 4557
4 2127 3995 2129 4933
4 2754 589 191 695
4 1871 1414 1797 5014
4 1854 1410 1689 4427
4 4121 4978 4705 5213
4 1223 1239 1584 4229
4 2781 941 289 2684
4 2414 3037 16 4409
4 1225 1224 1226 4074
4 1934 3936 3580 4561
4 1991 104 1989 541
4 1980 1982 4156 4994
4 2395 3962 2394 4542
4 1997 1998 1999 4240
4 2143 2005 4609 5049
4 2015 2563 2536 3827
4 938 4961 932 5006
4 1649 991 1652 4852
4 4135 3463 5056 5140
4 1956 2140 1958 4705
4 2128 2127 2126 4275
4 3903 4939 4560 5025
4 748 863 880 4397
4 1781 996 1668 4021
4 3791 4947 3875 5030
4 67 482 3192 4156
4 993 1818 1820 3990
4 486 2474 69 3187
4 1525 4331 1526 4858
4 3824 3483 4163 4825
4 576 129 803 864
4 2796 1926 4252 4715
4 3099 39 4392 4495
4 1002 2808 1826 4125
4 2768 260 1910 853
4 2658 2388 4518 4941
4 2468 2470 2469 4407
4 1104 1103 1102 4339
4 467 4116 55 5046
4 986 1520 1870 4146
4 2228 86 3250 512
4 83 3673 4060 4684
4 977 916 3738 4335
4 1633 1246 1626 4299
4 917 3666 923 4335
4 405 4139 3666 4882
4 652 4837 655 4909
4 1761 1757 1481 4403
4 4612 5052 3932 5182
4 1090 1753 1092 4754
4 1979 3704 1980 4156
4 2099 2100 2101 4313
4 3716 3995 454 4933
4 401 3017 12 3936
4 1768 1769 1412 5229
4 3638 5227 4745 5233
4 3635 3932 4612 5052
4 1152 4573 1637 4851
4 2986 4781 3957 4784
4 1265 4553 1266 4859
4 4046 4624 3728 5120
4 885 857 807 5073
4 2035 1986 2528 4281
4 770 676 677 4702
4 2273 3955 3567 4602
4 2951 2842 2844 4278
4 3787 5042 4928 5202
4 3496 4184 3706 4636
4 2293 3746 2296 4409
4 2258 4178 2257 4845
4 13 2332 2759 3936
4 206 2729 715 4197
4 2635 4450 14 4850
4 3585 4091 4986 5059
4 2530 2010 2509 3676
4 200 2744 1932 721
4 1011 949 282 4763
4 618 622 621 5141
4 1419 1418 1711 4755
4 3279 3280 4583 4969
4 3086 434 3087 4408
4 1282 1283 1281 4506
4 3340 3338 3839 4205
4 4217 5115 3686 5143
4 1970 5016 4118 5206
4 2086 2085 2083 4447
4 3340 555 3338 4205
4 933 4006 4768 5006
4 1923 2748 2747 4964
4 2346 2342 2641 4828
4 2502 2028 2503 4798
4 3490 4289 3737 4433
4 2042 2373 1949 4530
4 1446 1003 1809 4065
4 2694 258 2692 811
4 777 589 787 4171
4 1051 1117 4567 5076
4 892 837 870 4649
4 3766 4297 4015 5081
4 115 3656 4235 4975
4 542 106 3312 5087
4 2907 4373 2977 5174
4 2749 196 665 1923
4 2074 2416 2400 4930
4 1405 1669 1846 4476
4 3878 3484 4894 5039
4 2218 2242 2575 3685
4 3699 5108 4396 5182
4 3697 4955 3942 5234
4 127 3657 4209 4253
4 2602 2655 2519 4371
4 944 271 912 5086
4 3536 4707 4281 4887
4 507 81 3229 4684
4 1016 857 245 1798
4 2266 2267 2265 3715
4 2338 4105 1902 5193
4 3502 4874 3861 5142
4 2816 2835 2841 4244
4 1786 2928 328 1026
4 1826 1428 1828 4125
4 3424 4010 4724 4874
4 1826 1030 1428 4009
4 3372 4447 3483 5158
4 3434 3575 3839 4263
4 2211 3695 2435 4583
4 1594 4612 1311 5207
4 2792 364 1894 4834
4 1107 1140 1696 5218
4 3737 3973 3490 4112
4 2047 2031 3570 4696
4 870 842 844 4865
4 3483 4447 3770 4965
4 2926 2681 374 2881
4 484 4017 65 4718
4 4751 4936 4161 5191
4 2982 2978 2805 4954
4 4280 4625 3615 4817
4 3706 4184 3440 4636
4 2531 3700 4595 5169
4 796 672 786 4177
4 1402 1437 1709 4044
4 1172 1160 1173 4563
4 3209 3210 498 4377
4 107 543 3298 4635
4 3789 4237 3444 5123
4 3451 3958 4513 4699
4 1426 1830 3860 4830
4 661 658 663 4470
4 1044 1042 1043 5156
4 2338 2312 4105 5031
4 745 791 664 4966
4 84 4069 3233 4750
4 368 1905 2884 4904
4 2005 2003 2004 3884
4 953 942 971 4191
4 36 437 3089 4550
4 1624 1354 1305 5099
4 2436 3987 3476 4856
4 39 4556 3676 4991
4 2215 2235 2213 4431
4 3716 454 4226 4933
4 3087 434 35 4655
4 78 502 4410 4488
4 147 1027 704 728
4 2720 2723 2567 5203
4 2270 2412 2267 4302
4 3858 4401 3546 4534
4 3878 5171 3516 5212
4 692 690 691 4951
4 1250 1514 1186 4140
4 2010 2649 1973 4991
4 4029 4269 3485 4862
4 2722 1893 360 2791
4 3004 2852 2981 4958
4 1216 1218 1217 5107
4 803 748 130 576
4 2960 2786 268 895
4 1895 2741 4833 5228
4 2431 2717 2434 4134
4 452 4182 3131 4226
4 4198 4692 3424 5060
4 3522 4716 3992 4896
4 3734 4360 3519 4370
4 3511 3398 4801 5045
4 4138 4334 3033 4773
4 2139 2368 2017 4320
4 1149 1150 1168 4851
4 2847 3668 2796 4252
4 56 2623 2059 3986
4 3714 4992 3870 5245
4 2224 2222 3733 4439
4 2796 2847 2930 3668
4 1409 1738 1711 4487
4 3672 4112 3441 4791
4 3960 3413 4621 4839
4 2056 2074 2054 4027
4 2687 2363 2354 4959
4 2290 3721 2292 4515
4 1430 1372 1765 4153
4 2615 2074 2569 4930
4 3666 3435 4139 4335
4 3974 4913 3640 4949
4 1015 1804 1881 5086
4 694 182 2766 613
4 4326 4485 3590 5072
4 2042 80 2373 5124
4 1335 4419 1268 5204
4 2423 4232 3517 4565
4 3243 4112 3737 4113
4 2337 2663 4479 4623
4 726 603 143 1029
4 2985 2997 2859 4960
4 2833 2787 2964 5033
4 1709 4797 4044 4914
4 2278 2415 2413 4322
4 1903 2730 2333 5176
4 3751 4365 4267 4635
4 3886 4137 3613 5178
4 57 4232 3160 4565
4 1593 1755 1574 4220
4 4305 4782 3729 5205
4 2087 2089 4681 4965
4 2753 2584 2583 4465
4 2335 1931 2726 4064
4 3448 4669 3932 5052
4 1185 4571 1186 5118
4 2856 2858 2857 4872
4 9 909 3014 915
4 3054 3902 3055 4285
4 2475 4239 3678 4697
4 1267 1337 4337 5204
4 850 231 819 1777
4 2657 4034 3145 4734
4 1785 1668 1620 4277
4 3484 4043 3586 4053
4 2452 2564 2451 3656
4 2272 2229 3652 5047
4 2951 2956 2941 4714
4 3314 4056 3637 5071
4 3375 4059 5208 5238
4 4045 4195 3533 4948
4 1626 4299 1246 4981
4 2957 2952 2900 5129
4 1750 1747 1611 5226
4 2602 2519 2518 5131
4 4125 4238 3860 5161
4 1366 1767 1454 4604
4 722 600 209 4820
4 1237 1450 1448 4305
4 129 576 747 864
4 103 538 4394 4642
4 2813 314 1821 2894
4 2229 3955 3652 5047
4 4137 4604 3613 5178
4 2258 2260 2259 3912
4 1988 3751 2543 4249
4 2002 4418 2001 5023
4 2039 2030 2023 4270
4 1336 1435 1475 4294
4 1600 1601 1597 4989
4 1421 1420 1252 5084
4 2046 3570 2031 4696
4 2265 2263 2266 4377
4 2265 4282 3715 4893
4 2612 4296 4575 5092
4 28 3076 431 4123
4 55 5040 4026 5138
4 3418 3899 4927 5168
4 749 134 894 957
4 2578 4998 2538 5210
4 4333 3679 4498 5187
4 113 4822 4205 5003
4 841 1791 234 1873
4 3687 4380 4785 4921
4 976 956 2971 4598
4 2993 2838 2839 4458
4 4425 5027 1451 5140
4 2435 2235 2436 3987
4 1638 1724 4570 5096
4 1806 1679 1005 3868
4 1368 1467 1468 4148
4 2218 3685 2575 4353
4 405 3666 4139 4335
4 3873 4751 4161 5191
4 3963 4388 3595 5242
4 471 3156 59 4616
4 2353 4039 3650 4693
4 3568 4025 4259 4809
4 2966 2711 2878 5090
4 953 971 985 4191
4 1878 4245 1420 5084
4 814 842 868 4173
4 2128 2518 2166 5131
4 742 4861 745 4966
4 3551 5003 3914 5023
4 616 624 614 5081
4 27 4115 423 4917
4 91 4190 3654 4805
4 545 3977 3858 4918
4 912 4842 945 5086
4 3595 4769 3963 4911
4 1894 2712 2711 5090
4 2621 4477 2758 5244
4 1812 2870 1025 4656
4 1766 1468 1832 4961
4 3788 5050 4033 5057
4 3152 466 3155 4467
4 2609 2388 2322 4941
4 967 3666 917 4335
4 3974 4412 3573 4949
4 3640 4412 3974 4949
4 1289 1287 1288 4759
4 2948 2868 2864 5202
4 3484 4593 4168 5039
4 3988 4390 3601 4900
4 2328 3568 2614 4535
4 2120 2461 2170 4090
4 998 1851 149 599
4 2286 2287 2150 5064
4 2870 2871 2800 4656
4 1788 1437 1877 4763
4 3624 4978 3907 4987
4 100 3296 4077 5166
4 205 2739 1907 4869
4 121 3350 4145 5135
4 3508 3783 4450 4882
4 3655 4691 4266 4848
4 2930 4252 3668 4715
4 2847 2852 2853 3668
4 2816 2841 2842 4244
4 4210 4496 3888 4662
4 3737 4433 4289 5021
4 1117 1118 4567 4996
4 581 189 2757 705
4 3484 4466 3586 4812
4 317 2937 1028 4404
4 853 2768 261 812
4 116 4151 563 5225
4 1162 1595 1081 4242
4 1603 1841 1537 5082
4 3589 3438 4287 4631
4 3297 3295 3296 4077
4 1769 4154 1771 5229
4 3273 3971 524 4847
4 1946 4488 3939 5011
4 2530 2010 3676 4991
4 2100 4031 2174 4550
4 1986 1988 1987 4707
4 1030 1824 1428 4009
4 2992 3002 2804 5231
4 3930 4075 3444 4755
4 2763 580 4568 5193
4 4152 4463 1247 5241
4 1901 2344 2707 4106
4 3771 4550 3535 5164
4 2014 2473 70 488
4 3338 3839 115 4776
4 1661 1408 1850 4858
4 913 3580 914 4561
4 3444 3710 4569 4851
4 3452 4726 3906 4905
4 71 4421 3831 4676
4 668 205 4756 4869
4 698 729 140 1864
4 767 776 611 4099
4 2472 3678 4239 4529
4 1421 1252 4712 5084
4 1391 1388 1389 4186
4 1656 333 1007 2794
4 1340 1703 1154 4690
4 1238 1055 1057 4962
4 1979 1980 66 4156
4 1340 4690 1154 5224
4 1687 1856 1411 5198
4 2634 2519 4201 5131
4 3772 4281 4887 5139
4 1130 1143 1139 4306
4 3562 4735 3685 4847
4 3931 4473 3706 5150
4 1502 1503 1796 3985
4 1318 1316 1642 4426
4 2678 2767 2419 3701
4 3803 4788 4152 4931
4 1654 4222 1565 4974
4 3633 4116 3489 4395
4 3697 4807 3942 4955
4 3714 4649 3929 5059
4 1427 1426 4647 4830
4 1027 148 1851 728
4 3167 61 2080 474
4 2070 2649 38 4495
4 2502 2542 2028 4994
4 2795 4369 1845 4867
4 1276 1153 1151 4585
4 1321 4683 1320 5127
4 698 729 1864 4474
4 3620 4193 4460 4661
4 3509 4460 4193 4661
4 8 909 396 4561
4 301 947 2776 904
4 2780 292 946 908
4 400 3936 3580 4519
4 2353 2669 2352 3650
4 944 272 1881 906
4 2075 2416 2056 3548
4 1845 334 2795 4867
4 2688 3953 2776 4850
4 547 3312 106 2065
4 2609 4034 2388 4941
4 53 3137 2718 462
4 1321 1320 1322 5127
4 2633 3313 3938 5105
4 3657 4209 2079 4262
4 10 3953 2688 4850
4 2624 118 2427 2484
4 2396 2449 30 4542
4 3042 408 3040 4515
4 71 4676 491 5157
4 427 2176 30 2396
4 2136 2075 2079 3657
4 2437 2524 2723 3671
4 3413 4455 3991 4621
4 94 3971 526 5203
4 3583 4837 4502 4909
4 682 601 145 992
4 4225 4316 3649 5114
4 3709 4316 4225 5114
4 429 31 3078 3952
4 3499 4650 3989 4699
4 1491 1451 4425 5027
4 1893 2336 2721 3957
4 2279 2569 2282 4046
4 842 870 868 4649
4 94 526 3264 5203
4 3029 405 3031 4139
4 818 249 848 2671
4 4099 2682 5055 5075
4 2686 373 2812 1925
4 2298 2329 3677 4138
4 1126 1736 1731 4324
4 2595 4127 5024 5062
4 1111 3968 4976 5053
4 1510 1389 4317 4984
4 485 3202 4218 4529
4 722 209 2720 4820
4 1070 1068 1165 4748
4 1017 1788 284 899
4 815 876 849 4296
4 893 865 861 4382
4 321 1025 1812 2870
4 2543 4249 3751 5087
4 100 3767 3279 4668
4 3633 4096 3437 4553
4 1167 1152 1155 4573
4 1134 1571 1059 4189
4 1102 1527 1242 4785
4 3312 3310 542 3938
4 2030 2029 2023 4967
4 2033 2022 2029 4967
4 2428 571 122 2323
4 1150 1152 1637 4851
4 3955 4361 3567 4602
4 75 3912 494 4178
4 3504 4860 4685 4922
4 583 206 715 4197
4 2633 2550 2490 3540
4 2645 2165 4555 4956
4 2862 4864 3921 5113
4 1613 1488 1533 4120
4 1980 2542 1982 4994
4 2237 2342 2307 4626
4 1843 1640 1641 4836
4 3086 4408 3085 4916
4 521 3256 92 4353
4 3624 4978 4987 5237
4 3089 3088 436 4550
4 3155 4467 466 5040
4 2485 2095 4482 5111
4 1011 282 1877 4763
4 2481 2205 2207 3663
4 52 4183 3690 4618
4 2608 3050 18 4024
4 1837 1032 1874 5037
4 3185 4239 486 4677
4 443 3104 36 4654
4 920 919 898 4763
4 2627 4522 2277 5008
4 4360 5194 3684 5217
4 699 589 192 1927
4 622 4539 621 5141
4 1420 1878 1521 4245
4 2047 2046 2031 4696
4 3907 4987 4978 5237
4 3122 3121 446 4493
4 3509 4728 4136 4766
4 1279 1507 1508 5007
4 663 665 4470 4873
4 2257 2259 2364 5222
4 2395 2394 2396 4542
4 1576 4391 1577 4993
4 2911 371 1889 4824
4 31 3734 4542 4883
4 1956 2389 2140 4705
4 2173 4288 2570 4654
4 90 3263 518 4355
4 3494 4604 3659 5178
4 3573 4341 4134 4985
4 629 627 628 4891
4 1891 754 582 4873
4 2006 4428 3833 5236
4 1121 1117 1237 5076
4 3435 3738 4335 4615
4 1185 1183 1184 4571
4 1974 1975 1973 4736
4 1564 1245 1666 5146
4 447 3110 3108 4411
4 4092 4184 3440 4256
4 3434 4263 3726 4972
4 3610 3907 4978 5213
4 900 1915 291 5201
4 3288 4642 3287 4756
4 402 3019 2759 4561
4 664 4221 782 5035
4 2211 2213 2435 3695
4 2648 2508 2062 4548
4 421 4227 3061 4965
4 788 678 779 4568
4 3630 4228 4504 5106
4 3420 4594 3963 5242
4 3007 4126 2869 5231
4 143 726 1029 1861
4 3914 4240 3500 5102
4 2261 2257 2364 4942
4 1557 1256 1206 4422
4 2763 4568 5031 5193
4 1819 1643 1822 4634
4 1124 1118 1121 4996
4 406 3035 3032 4138
4 3490 4433 3737 4673
4 1008 1791 235 841
4 100 3950 4142 4250
4 2644 2082 2401 4163
4 2093 2094 3845 4926
4 1448 1469 1237 4305
4 2288 3593 2287 4515
4 2335 3593 2287 5064
4 3936 4334 3674 4519
4 1290 4619 4130 4877
4 580 2763 1902 5193
4 1709 1400 1402 4797
4 2167 4436 3794 4734
4 1294 1295 1293 4544
4 3942 4807 3697 4885
4 3431 3926 3702 4078
4 1329 1673 1433 4597
4 3278 528 97 4668
4 2495 445 40 4411
4 1786 327 2789 989
4 3437 4337 3807 4395
4 537 99 3286 4756
4 2599 2526 2456 5206
4 1970 1968 2526 5206
4 2287 4055 2288 4508
4 920 921 919 4258
4 3755 4925 4277 5145
4 2878 2711 1924 5090
4 2612 1914 4296 5092
4 1983 3831 1985 4218
4 810 1908 253 846
4 604 1888 198 671
4 3523 4405 3785 4588
4 23 419 3934 4588
4 2967 4795 2943 5223
4 2209 3767 3539 4583
4 2998 2954 2875 4367
4 2154 2485 2095 4482
4 115 4235 3656 4822
4 908 2780 292 2367
4 23 4588 3934 4758
4 3442 3692 4712 5188
4 2531 4595 2464 5169
4 3586 4557 3439 4812
4 2629 4026 2078 5040
4 1932 2744 2591 4703
4 3035 404 3034 4138
4 1807 2920 323 1005
4 4246 4448 1230 4859
4 1120 1140 1107 4160
4 403 3026 10 4850
4 2051 570 3357 2053
4 1438 4210 1331 5250
4 2710 1918 2713 4510
4 3684 4155 4580 4983
4 673 587 1013 4423
4 79 4260 501 5232
4 926 939 959 4490
4 717 771 784 4742
4 703 2763 185 580
4 1477 1478 1756 4753
4 547 2065 2633 3938
4 60 473 3163 4727
4 3812 4614 4130 4892
4 951 904 398 965
4 530 99 3274 4679
4 911 974 2782 4338
4 982 964 930 4623
4 252 852 2773 810
4 1781 1668 1785 4277
4 4360 5110 3533 5210
4 1690 4427 1689 5198
4 1796 3985 825 5073
4 613 762 2784 4397
4 424 3064 25 4681
4 1179 1691 1147 4744
4 3605 4680 3951 5099
4 1854 1689 1690 4427
4 1702 1010 1503 4562
4 3651 4325 4143 4840
4 3931 4765 3391 5104
4 2273 2272 2229 3955
4 698 1864 1865 4474
4 2465 4918 3977 5180
4 2886 4406 2885 5122
4 436 3101 36 3956
4 3803 4198 4463 4692
4 239 1793 986 804
4 2150 4055 2287 4508
4 439 34 2070 5121
4 1909 294 901 2732
4 2603 2006 2484 4428
4 1581 1755 1604 4980
4 1581 1580 1579 4980
4 3738 4335 3028 4999
4 3687 4785 3927 5215
4 1837 1874 4264 5037
4 1864 140 698 1865
4 927 929 925 4531
4 3127 3732 4092 4184
4 83 4318 3673 4684
4 3577 4078 3681 4853
4 4343 4566 3611 5127
4 75 3998 4178 5232
4 2143 2003 2005 5049
4 1228 1686 1230 4448
4 3642 4393 4026 5138
4 1538 1355 1731 4187
4 2150 2287 2288 4508
4 2402 2147 2404 4532
4 25 423 3814 4917
4 1479 4133 1133 5246
4 2992 2804 5174 5231
4 4329 4719 3582 5144
4 4135 5056 1772 5140
4 188 588 2760 5244
4 27 4115 3824 4899
4 3602 4496 4210 4662
4 3410 4657 3901 5161
4 2730 1903 2790 5176
4 2697 2737 264 816
4 1375 1451 5027 5140
4 3453 4590 4393 4929
4 1306 1308 1307 4378
4 786 783 644 4634
4 3549 4077 2741 4833
4 427 3075 3074 4542
4 3552 5016 4118 5159
4 2515 2514 2516 5151
4 3051 3048 3050 4024
4 4398 4498 3679 5187
4 2333 2334 4434 5192
4 1199 1271 1676 4993
4 673 587 138 1013
4 2571 2248 2480 4897
4 42 3111 2493 4411
4 3741 3896 4910 5133
4 1063 4228 1065 5106
4 3481 4574 4319 5054
4 2907 2977 2992 5174
4 3722 4686 3964 4799
4 775 634 631 4119
4 806 827 826 4562
4 3083 3080 431 4304
4 18 4024 3050 5211
4 3988 4017 484 4718
4 4298 4803 3561 5222
4 511 3240 82 2274
4 3394 3909 4923 5085
4 2837 2838 2836 4458
4 3942 4885 3697 5234
4 3222 3221 3220 4137
4 3267 4104 3268 4457
4 454 3131 3128 4226
4 3151 3149 465 4395
4 4346 4510 3480 5019
4 2866 2945 4706 5173
4 3789 5123 4101 5135
4 2780 946 291 5201
4 44 3112 448 4252
4 146 601 1855 992
4 761 615 2782 4338
4 1891 702 194 2751
4 1027 1855 147 704
4 1370 1491 1367 5027
4 1042 1243 1447 4430
4 1181 1510 1249 4317
4 3500 3981 4582 5102
4 1616 1110 1086 4443
4 1855 1027 1690 4149
4 1276 1505 1153 4953
4 3541 4687 3972 5251
4 3589 4287 3902 4631
4 320 1812 994 2919
4 2767 2678 1926 3701
4 3249 3248 4007 5058
4 471 4002 3986 4616
4 1683 1170 1505 4953
4 1554 4164 1556 5181
4 3961 4599 3406 4855
4 3157 3159 3158 3986
4 2808 1002 311 2938
4 3681 4078 3431 4853
4 1952 1950 1951 4783
4 4174 4807 3652 4955
4 880 820 2784 4397
4 3279 4583 3280 4668
4 2537 4916 2532 5110
4 3711 4959 3983 5183
4 1927 193 699 2751
4 1684 1814 1380 4343
4 2616 2168 2132 4438
4 3282 2739 102 535
4 2107 4398 2572 5024
4 2827 2833 2828 4159
4 1991 2013 104 546
4 3936 4519 3674 5122
4 2265 2266 3715 4377
4 2360 2359 2261 4298
4 2569 2321 2615 4624
4 1010 241 856 1795
4 1161 1615 1720 5072
4 29 3068 2090 428
4 2790 1903 356 2913
4 588 188 705 5244
4 127 3359 574 4678
4 3829 4907 4393 5009
4 3473 4267 4365 4635
4 318 1815 1028 2937
4 560 118 2624 2484
4 2709 4032 1924 5090
4 2663 2769 2732 4623
4 3637 3473 4326 4881
4 3428 4123 3616 4437
4 2488 4446 2709 5090
4 86 514 3955 5047
4 381 2930 2496 4715
4 3351 3353 3350 4145
4 2477 4441 2476 5101
4 2452 3656 2451 4235
4 1203 1205 1241 4420
4 1780 4373 2907 5174
4 103 5002 4394 5166
4 1971 3730 2649 4495
4 563 116 3339 4263
4 649 709 652 4502
4 3536 4887 4281 5139
4 737 4756 4053 5093
4 3973 4069 3646 4072
4 1123 1122 1129 5246
4 3654 4510 2713 5185
4 1502 1497 1495 4271
4 3538 4465 4863 4973
4 516 3252 3253 4439
4 483 480 3180 4548
4 1261 1673 1259 4597
4 1142 1048 1471 4433
4 3891 4638 3976 5179
4 1386 1702 1506 4283
4 2337 2309 2762 4982
4 2684 1936 2683 4338
4 1129 1133 1476 5246
4 2476 2477 2479 4441
4 1771 1770 1470 4507
4 2060 415 3047 2630
4 3428 4437 3616 5118
4 2245 2247 2246 5109
4 125 2071 2056 4209
4 2171 2468 4924 5030
4 3552 1969 5016 5159
4 939 1869 277 907
4 2354 2145 2349 4513
4 2938 1830 310 2909
4 581 1892 190 695
4 2763 1902 186 580
4 2766 1912 183 610
4 3106 3104 3105 4288
4 2990 2875 2874 5095
4 2481 3663 2207 4969
4 3275 3987 529 4856
4 53 2716 2718 4183
4 1762 1733 1357 4791
4 532 3291 3292 4250
4 1608 1606 1607 4462
4 556 4095 113 4205
4 422 3072 27 3962
4 1627 1066 1115 4589
4 1389 1249 1510 4317
4 3789 4075 3444 4237
4 401 3936 12 4334
4 3577 4558 3681 5089
4 1409 1862 1738 4487
4 124 4456 4027 5135
4 600 1890 209 4820
4 2071 126 2079 4209
4 3024 11 398 3953
4 806 825 243 1868
4 3471 4840 4143 4895
4 2357 3939 1946 4488
4 3477 4509 3814 5118
4 3106 4288 37 4654
4 894 577 134 749
4 852 815 251 1914
4 561 3334 3337 4551
4 2584 1927 2754 4171
4 2283 4643 2460 5170
4 1855 4149 1690 5198
4 1397 1531 1398 4620
4 329 1781 1026 2801
4 3659 4604 4137 5178
4 3414 4365 4281 5139
4 2582 2324 3937 4890
4 567 121 3346 4731
4 3480 3959 3736 4514
4 2645 2165 2163 4555
4 3659 3494 4260 4608
4 3010 3006 2798 4064
4 1684 4343 1380 5127
4 2021 2024 2025 5126
4 2903 2904 2902 4854
4 2828 2830 2829 4062
4 2139 2021 2371 5126
4 3595 4911 3963 5242
4 3660 4336 4922 5247
4 1648 4636 1244 5150
4 331 1852 996 2819
4 334 1007 2918 4867
4 1581 1582 1580 5017
4 3559 4730 4151 5225
4 202 700 2742 5228
4 3486 4060 4357 5116
4 1725 1135 1722 4578
4 1924 2709 2706 4032
4 3650 4319 4214 4520
4 2727 2333 2292 5192
4 3155 54 4467 5040
4 3002 3007 2869 5231
4 3677 4450 3783 4773
4 2681 1897 375 2793
4 3477 3616 3814 4549
4 742 688 745 4861
4 836 835 833 4766
4 2315 2317 2309 4982
4 577 750 624 4757
4 4051 4478 3658 4970
4 1714 1175 1260 4752
4 3926 3956 443 4078
4 8 3018 402 4561
4 1974 1973 1972 4736
4 3193 66 1981 4156
4 4322 5120 3828 5238
4 4146 4728 3509 4766
4 1622 1220 1218 4473
4 1451 1132 1767 4425
4 664 4966 4221 5035
4 2002 112 2037 558
4 3398 4640 4100 5219
4 2765 2339 1912 4568
4 1606 1269 1607 4462
4 2229 511 86 2660
4 3795 4832 4231 5007
4 2406 2772 4158 4546
4 673 4423 5037 5137
4 2320 2168 2616 4438
4 516 4439 3733 4653
4 3942 4807 4174 4955
4 256 889 2770 1886
4 2344 2236 2307 4626
4 1247 1506 1496 4152
4 2003 2004 3884 4418
4 1712 1347 1715 4625
4 3504 4186 4685 4860
4 3463 4214 4319 4520
4 85 2659 2241 510
4 837 868 870 4649
4 2665 2302 2340 4290
4 2117 2115 2116 4947
4 1864 729 141 1001
4 2813 1030 313 2936
4 3650 4319 4574 5153
4 2738 1934 2785 4561
4 1306 1332 1308 4378
4 2215 3971 3562 4847
4 2275 3567 2274 5078
4 686 687 684 4637
4 3500 4582 4170 5102
4 2092 2094 3845 4304
4 3492 4056 3637 4122
4 3470 4575 4296 5092
4 107 4249 3751 4635
4 2657 2609 463 4034
4 2442 2440 2239 4769
4 2764 2763 185 703
4 512 3250 2228 4007
4 943 273 906 4940
4 3538 4863 4427 4973
4 557 4418 3328 5091
4 2532 4916 4195 5110
4 834 838 832 4728
4 2761 2338 2312 4105
4 442 3107 4288 4991
4 3541 4478 4051 4970
4 1801 326 989 5113
4 3231 504 81 4750
4 2690 2614 2777 4132
4 3515 5045 4097 5197
4 3995 4364 3515 5128
4 3613 4188 5065 5074
4 2353 500 2032 4039
4 1250 1675 1699 4919
4 2308 2548 2197 4564
4 35 5089 3827 5121
4 3595 4665 4911 5242
4 737 4197 4053 4756
4 1868 1010 242 4562
4 2137 2077 2639 4720
4 1415 1267 1337 4337
4 896 1869 278 939
4 2633 2550 3540 3938
4 3526 4047 4035 4776
4 1588 1589 1590 4607
4 3265 526 95 3959
4 1534 1533 1490 4452
4 3681 4078 3577 5089
4 1102 1242 1104 4339
4 819 866 851 4071
4 4013 4017 3636 4889
4 915 3738 916 4335
4 4423 4760 1500 5037
4 1910 259 2694 813
4 744 740 732 4432
4 2632 1935 2670 4159
4 3723 5160 4165 5165
4 3247 4007 3248 5058
4 1525 1286 1410 4331
4 517 2223 2565 4190
4 3635 4612 3932 5207
4 1717 1540 1539 4732
4 1133 1479 1478 4133
4 79 4260 3659 5178
4 3648 4507 4154 5229
4 1628 1715 1166 4817
4 1969 5121 2563 5159
4 2280 3654 2713 5185
4 1170 1155 1153 4953
4 2430 4051 2091 4970
4 2839 2838 2837 4458
4 1233 1259 1175 4198
4 3536 4365 4281 4707
4 697 735 772 4295
4 750 133 958 894
4 3544 4262 4075 5060
4 2730 2334 2333 5176
4 3310 549 3938 5105
4 1764 1763 1378 4898
4 4242 3534 5004 5067
4 479 3175 3173 4200
4 2145 3673 2362 4318
4 1015 1881 272 906
4 3234 85 2659 4069
4 353 2735 2821 2906
4 3510 4463 4198 4692
4 4205 4776 3615 4822
4 372 2911 1889 2686
4 2092 3845 2094 4926
4 3447 4624 4046 4930
4 2658 2033 2388 4941
4 12 3936 400 4519
4 1528 1302 1384 4381
4 3533 4408 2537 4916
4 1931 359 2917 5051
4 1825 990 1523 5171
4 3519 4370 3778 4883
4 1385 1386 1382 4359
4 256 889 1886 872
4 1698 1415 1477 5199
4 2915 2730 355 2790
4 2372 2045 2667 4946
4 316 993 2811 1818
4 1363 1463 1467 4188
4 408 3042 16 5001
4 3897 4390 4808 4900
4 38 4288 3107 4991
4 3692 4200 4025 4809
4 67 4156 3192 4499
4 2398 4072 4069 4451
4 145 682 992 1858
4 658 660 663 5035
4 3132 459 3134 4265
4 2470 2472 2014 4218
4 3767 4903 4005 5038
4 3265 3264 3959 4355
4 2714 2910 363 1928
4 4011 5044 4456 5216
4 3659 4520 3463 4608
4 3802 3493 4563 5117
4 2126 2124 2169 4213
4 835 836 837 4766
4 2669 4574 1950 5153
4 3650 4039 3481 4520
4 1344 1343 1342 4790
4 3951 4680 4117 5099
4 4117 4680 3863 5099
4 2465 2553 3977 4918
4 1775 4363 2924 4954
4 2799 2910 2994 4784
4 2659 510 3234 4069
4 1927 589 192 2754
4 2399 2398 2240 4451
4 1518 1515 1514 4545
4 2688 10 302 904
4 1528 4381 1529 5082
4 3484 4255 4053 4894
4 1242 1527 1482 4785
4 3729 5027 4425 5140
4 893 878 851 4500
4 487 3190 70 1981
4 3832 4403 4380 4997
4 4380 4403 3614 4997
4 1583 1161 1721 5072
4 1351 1315 1569 4823
4 3241 514 3242 3955
4 68 3195 491 3988
4 3194 3192 3193 4156
4 1950 1948 1949 4574
4 3964 4686 3822 4799
4 525 4104 3736 4457
4 830 828 877 4089
4 1792 1520 1521 4992
4 1749 1645 1580 5017
4 2721 2626 2719 4784
4 856 242 1010 4562
4 1710 1178 1173 4632
4 3635 5052 4612 5182
4 1803 1801 1634 5113
4 3447 4456 5044 5216
4 2648 64 2653 2474
4 1716 1659 1166 4280
4 1801 325 2921 1803
4 2387 3143 3141 464
4 2042 4318 3228 4684
4 713 697 772 4295
4 544 3304 3302 4595
4 2472 2475 69 4239
4 2121 2122 2123 4399
4 1346 1235 1178 4729
4 4088 4534 3664 4606
4 3534 3601 4421 5157
4 2434 2430 2431 4970
4 3088 3091 3090 4550
4 95 527 4457 4629
4 4130 4614 3461 4892
4 2959 2893 4598 5189
4 3228 4318 3230 4684
4 2826 2962 2833 4740
4 697 739 586 4510
4 1528 1603 1304 5082
4 2747 1888 198 604
4 3751 3506 4365 4635
4 548 1993 1994 1992
4 3146 3145 4034 4734
4 2544 2143 2376 5049
4 1980 1981 66 4156
4 3682 4427 4863 4973
4 3895 4779 4459 5194
4 3814 4509 3428 5118
4 18 4409 2417 5211
4 68 4239 3678 4529
4 3659 3443 4425 4777
4 3420 4665 4211 4987
4 4211 4665 3628 4987
4 2089 3066 4051 4681
4 37 2580 438 3091
4 3685 4353 2218 4847
4 2598 2377 2143 4609
4 1432 1001 1862 3894
4 2093 2094 2095 5111
4 865 802 228 2962
4 3921 4995 4838 5018
4 231 850 1875 1777
4 1990 1988 2543 4249
4 2184 2454 2252 4551
4 3398 3511 4880 5045
4 1881 271 944 5086
4 2330 2332 13 4334
4 2690 252 2773 810
4 3139 3137 3138 4183
4 894 957 985 4757
4 3203 492 3206 4282
4 3660 4336 4793 4922
4 332 2927 2794 4960
4 2338 5031 4105 5193
4 312 1826 2808 2936
4 3367 575 4253 4876
4 1406 1412 1373 4362
4 3364 4237 3789 5123
4 3814 3952 3077 4123
4 4322 5208 3728 5238
4 3375 5208 4322 5238
4 1747 5175 4144 5226
4 941 290 900 2781
4 1335 1434 1336 4419
4 63 478 3176 4809
4 1186 1188 1187 4437
4 3740 4838 4995 5018
4 1142 1473 1764 4673
4 3578 4156 3191 4541
4 106 2065 3312 5087
4 3661 4501 4293 5126
4 2545 2634 2519 4201
4 4152 4788 3604 4931
4 2959 267 2786 5189
4 559 2624 118 2454
4 3624 4003 4962 5237
4 2164 4262 2079 4678
4 706 783 4634 5212
4 2798 1931 358 2917
4 1236 4414 1234 5250
4 1450 1237 1466 5076
4 2257 2255 2256 4942
4 3026 3024 398 4850
4 3649 5042 4185 5202
4 2780 291 1915 5201
4 3514 3557 4289 4530
4 2195 2194 2196 5079
4 2688 301 2776 904
4 2093 2485 2153 5111
4 3411 5194 4360 5217
4 3239 3240 3955 5005
4 69 2475 2474 4239
4 2592 2023 2019 4701
4 1029 603 144 1858
4 628 760 630 4650
4 2864 4864 2862 5113
4 3624 4247 4605 4857
4 1990 4249 2543 5087
4 612 747 681 5037
4 2534 3093 3095 2651
4 3557 4530 3514 4783
4 3595 4665 4070 4911
4 1340 4059 5036 5224
4 2148 2081 61 4232
4 1869 278 987 896
4 4558 4655 3827 5217
4 2076 2080 2059 3164
4 2866 2968 2945 5173
4 3537 4519 3738 5189
4 981 936 970 4254
4 3886 3941 3443 4137
4 73 3207 4377 5155
4 3892 4025 3442 4200
4 2594 2097 2099 4658
4 1191 1192 1193 4273
4 1271 1576 1577 4993
4 2537 3533 4916 5110
4 3533 3827 4655 5217
4 84 3973 4069 4750
4 2562 2159 2123 3761
4 2042 2373 4530 5124
4 1031 1641 1844 4502
4 1123 1130 1139 4306
4 1402 1401 1403 4349
4 3004 2932 4369 4958
4 3599 4690 5036 5224
4 2564 2451 3656 4975
4 209 1890 2720 4820
4 3242 3955 87 4361
4 1648 1244 1653 5150
4 3154 464 53 4467
4 2280 2565 3654 5185
4 500 77 2353 2664
4 2208 2207 2206 4903
4 2235 2215 2524 4431
4 2633 110 1994 1992
4 872 2692 257 811
4 3575 3726 4151 4263
4 2681 374 1925 2926
4 438 2580 37 2534
4 3680 4709 4000 4940
4 2651 38 2070 2649
4 3321 3320 551 4401
4 3768 4772 4751 4936
4 1612 1163 1749 4390
4 1051 4567 1053 5165
4 2364 2360 2261 4298
4 2709 2487 2588 4446
4 3058 413 3057 4508
4 1892 2754 191 695
4 663 782 665 4873
4 2365 2259 4577 5222
4 1867 673 1013 4423
4 4513 4747 3711 4959
4 1535 1332 1536 4812
4 830 873 824 4713
4 904 10 302 951
4 1639 4584 1587 5226
4 92 4353 520 4533
4 236 1792 1008 859
4 1196 1194 1680 5177
4 905 979 984 5184
4 4002 4321 3453 4616
4 2468 2517 2471 5030
4 2716 4467 2138 4618
4 3184 4239 3185 4677
4 3377 4721 4251 4973
4 1194 1192 1254 5177
4 3339 3839 3341 5220
4 3052 3902 3054 5154
4 2056 2075 3548 4209
4 2071 2428 3354 2053
4 853 886 813 4698
4 1025 4068 1810 5181
4 617 620 624 4297
4 3692 3493 4986 5188
4 996 1781 330 2879
4 2567 2566 2715 4355
4 2208 2209 2207 4969
4 2013 2531 104 4595
4 2270 2351 2412 4302
4 2693 2762 2317 4175
4 3599 5036 4059 5224
4 1416 1760 1759 4300
4 3532 4288 3676 4556
4 526 3273 3270 3971
4 2216 2215 3562 4847
4 2669 3650 2353 4039
4 1119 4639 1108 4934
4 2360 2366 1915 5201
4 2006 2484 4428 5236
4 512 85 3249 4451
4 249 848 2671 2778
4 4037 4554 3717 4701
4 4459 4779 3497 5194
4 2075 2079 3657 4209
4 2699 4824 2559 5062
4 38 4495 2649 4991
4 2820 4373 991 4958
4 1806 1803 1634 4831
4 1867 673 138 1013
4 573 3358 3359 4678
4 1574 1755 1579 4980
4 1081 5004 4242 5200
4 1684 4566 4343 5127
4 2093 2092 2094 4926
4 2091 2093 2153 4926
4 3495 4373 4261 5080
4 3437 3633 4553 5204
4 1561 4276 1785 4925
4 1694 1252 1693 4712
4 2037 2624 3332 2453
4 2795 3004 2932 4369
4 1430 1869 987 4490
4 3736 3480 5019 5094
4 506 3240 5005 5078
4 2609 3642 2322 5040
4 696 697 586 4510
4 1186 1185 1184 4571
4 3635 3932 5052 5207
4 1350 1542 1720 4284
4 2287 2335 2290 3593
4 1331 1438 1442 4210
4 520 3256 3258 4353
4 3822 4711 4308 4806
4 1913 2735 2332 5097
4 2134 2324 2323 4890
4 3716 3515 5045 5128
4 1969 3552 5121 5159
4 2370 2264 2662 4893
4 2019 2023 2022 4967
4 3088 3090 4031 4550
4 1784 912 271 5086
4 3651 4470 4964 5063
4 408 3721 3040 4515
4 66 1979 2653 1981
4 1236 1331 1339 5250
4 1722 1657 1725 4578
4 2001 2003 2544 5049
4 3326 556 3328 4418
4 1358 1456 1359 4192
4 1414 1768 1412 5014
4 3370 4884 3518 5163
4 3168 470 3170 4424
4 4007 3652 5047 5088
4 3869 4628 4942 5043
4 1891 2749 754 4873
4 2864 2868 2867 5202
4 2664 77 2353 2397
4 1831 310 1830 2909
4 820 2737 2784 4397
4 2246 4091 2328 4535
4 793 4394 670 5002
4 3368 3369 572 4209
4 3041 3043 3040 4515
4 1587 1639 1584 4584
4 25 4549 3770 4917
4 689 683 690 4814
4 2557 2595 2559 5062
4 1073 1072 1074 4976
4 1374 1370 1371 4230
4 3945 1414 4990 5014
4 569 124 3366 4876
4 3692 3493 4368 4986
4 2786 267 895 5189
4 1556 1554 1813 4164
4 133 750 577 894
4 3129 3128 3130 4182
4 67 3910 4110 4499
4 503 4520 3659 5162
4 2488 2712 3974 5090
4 3435 4480 3830 4999
4 3442 3692 4200 4712
4 3767 4903 3663 4969
4 1934 2759 3936 4561
4 2038 2046 2048 4024
4 3616 3814 3428 5118
4 3443 4137 3659 4604
4 1089 1091 1161 4326
4 2275 2363 2701 4959
4 2284 4310 2285 4977
4 4477 4663 3554 4835
4 1458 1462 1365 4613
4 2278 2247 2415 4322
4 1853 1702 1386 4283
4 832 833 834 4728
4 431 31 3083 4883
4 1623 1715 1347 4625
4 4045 4195 33 4655
4 489 4156 3578 4499
4 1965 2578 1963 4580
4 1051 1466 1117 5076
4 4503 4634 3516 5171
4 1502 1872 4271 5073
4 3665 3986 3453 4590
4 3251 3252 3254 4190
4 2767 452 2745 4182
4 1556 4656 1025 5181
4 3301 543 105 4901
4 2401 2253 2391 4386
4 1491 1375 1451 5027
4 4253 4456 3548 4876
4 3728 5120 4322 5238
4 898 918 283 1877
4 4230 5027 3729 5205
4 2196 2198 2197 5079
4 190 2757 1892 581
4 3692 4986 4245 5188
4 3349 3348 565 4215
4 2612 2232 2233 5092
4 915 951 11 965
4 2908 1893 361 2719
4 2989 2866 2865 4706
4 1667 1620 1668 4454
4 3276 528 3275 3987
4 2959 4598 956 5189
4 773 692 801 5244
4 2207 2205 2206 4903
4 3561 4942 4178 5043
4 3265 3263 3264 4355
4 322 1807 1025 2800
4 317 1028 1818 4404
4 1990 1991 541 1992
4 3370 3518 4057 5163
4 490 3191 3194 4541
4 255 889 809 2770
4 3418 4927 4320 5168
4 3661 4320 4927 5168
4 2209 3539 2210 4583
4 415 3050 4024 4696
4 3494 3659 4604 4935
4 253 2690 1908 810
4 251 852 1914 2773
4 3486 3737 4433 4673
4 3882 4748 4172 4870
4 3796 4710 4320 4927
4 1278 1232 1279 5007
4 2536 2537 3533 4408
4 569 124 4027 5135
4 2100 2174 2580 4550
4 1679 1810 1807 4068
4 2375 80 510 5124
4 955 914 913 3580
4 1799 285 950 4615
4 4864 5042 3787 5202
4 42 451 3122 4493
4 1485 1338 1492 4638
4 2221 2565 517 2223
4 3555 4825 4163 5158
4 2770 2628 1886 4136
4 142 598 1861 1001
4 2536 3827 2563 4408
4 1983 70 2473 1981
4 499 3217 74 4845
4 3258 3256 3255 4353
4 597 778 721 4703
4 104 1989 4249 4901
4 1568 1439 1567 4787
4 1317 1316 1318 4426
4 2287 3593 4055 5064
4 3775 4448 4246 4880
4 4366 4633 3501 4669
4 1832 277 1869 907
4 3867 4888 4144 5175
4 1641 1405 1846 4836
4 3780 4457 527 4629
4 429 3073 31 5100
4 580 788 703 4568
4 2384 2382 2674 4862
4 2031 2025 2024 4293
4 1265 1266 1264 4859
4 2276 2277 2627 4522
4 963 956 4598 5189
4 1342 1174 1552 4342
4 2565 2280 3654 4190
4 2106 2105 2104 4333
4 2142 2078 4026 5040
4 56 3161 2081 4232
4 1728 1723 1624 5099
4 2101 2155 2099 4313
4 3586 4043 3484 4812
4 2107 2109 2572 4398
4 2374 3673 2145 4318
4 631 632 627 4891
4 2882 4795 2967 5223
4 1015 906 273 4940
4 2131 2604 2161 4801
4 2862 2789 2861 5113
4 1895 202 2742 5228
4 332 2794 1656 4960
4 2930 4715 3668 4938
4 3276 531 4255 4679
4 2280 2713 2565 5185
4 3620 4644 4059 5238
4 1979 2062 1977 4548
4 1140 4794 1672 5218
4 1197 1195 1196 4475
4 2330 2298 2638 4138
4 2060 3047 416 2630
4 23 3934 4287 4758
4 3356 3354 572 2428
4 692 4951 801 5244
4 905 4524 979 5184
4 1915 900 290 2781
4 463 2387 54 2609
4 473 4259 3718 4727
4 106 1990 1992 2065
4 2142 2387 54 464
4 1600 1115 1602 4989
4 1587 4584 5175 5226
4 2211 2210 3539 4583
4 3265 3959 525 4355
4 3228 3229 504 4684
4 414 3043 21 4515
4 3537 5122 4519 5189
4 1065 1063 1064 4228
4 3925 5024 4796 5062
4 420 3060 25 4917
4 755 737 4053 5093
4 583 1907 4197 4756
4 2633 1994 110 2036
4 433 2535 2533 2534
4 2913 2726 357 2798
4 1326 1328 1327 4354
4 3702 3968 4971 5053
4 2233 2614 2613 5092
4 3453 4321 3694 4616
4 2060 2608 415 2630
4 2003 4418 3884 5049
4 334 1845 1007 4867
4 685 683 689 4814
4 109 546 3305 4918
4 3540 4606 4028 5105
4 731 793 738 5002
4 4170 4582 3500 5215
4 943 1880 273 4940
4 3152 4026 466 4467
4 3324 3325 3323 4235
4 1416 1235 1346 4729
4 2787 228 802 2962
4 2973 2865 2867 4864
4 435 3681 3102 5112
4 2890 2892 2891 4670
4 3826 4873 4470 4964
4 4287 4691 23 4758
4 2627 2628 2276 4522
4 2128 2166 2130 5197
4 3513 4008 4706 5173
4 1594 1662 1311 4612
4 36 4550 3771 4654
4 97 531 4043 4255
4 1099 1098 1100 5190
4 1113 1527 1100 5190
4 1821 1030 314 2813
4 2492 2493 2494 4411
4 863 821 820 4397
4 3740 4040 4838 5018
4 2791 2917 359 5051
4 3319 3321 550 4401
4 2730 355 2731 2915
4 3615 4205 3839 4776
4 1146 1131 1138 4660
4 4315 4417 3621 4730
4 2386 2716 2344 3690
4 3521 4731 3710 4945
4 4043 4053 3484 4255
4 2630 21 416 2424
4 2481 2741 2459 4077
4 2762 2309 2317 4982
4 2004 2484 117 2037
4 2087 4681 3770 4965
4 3654 4346 4510 5185
4 2089 426 2090 4051
4 3058 4405 416 4508
4 3730 4392 39 4495
4 1572 1573 1574 4875
4 949 920 898 4763
4 4665 3628 4987 5167
4 2596 2748 2597 4964
4 2533 2174 32 2534
4 2357 2355 1944 4410
4 2215 2217 3971 4847
4 2947 3011 2983 4867
4 2063 2542 2527 4279
4 1014 1835 308 2797
4 645 644 641 4514
4 15 3025 406 4882
4 4173 4649 3423 4865
4 2406 4158 2695 5098
4 2474 69 2473 2472
4 1894 364 2714 4834
4 1745 1590 1096 4839
4 2481 4077 3663 4969
4 1669 1296 1294 4829
4 3552 4495 3730 5016
4 3979 4884 3370 5163
4 121 4145 4101 5135
4 2144 2716 53 2138
4 2700 2929 370 2702
4 3914 4274 2000 5023
4 1341 1340 1174 5224
4 2255 2057 2256 4628
4 761 749 615 4338
4 660 733 664 5035
4 1985 1986 1987 4707
4 111 551 4088 4534
4 449 3115 3112 4715
4 120 570 3357 2051
4 2681 2685 2513 4688
4 3199 490 3201 4218
4 4393 4907 3453 5009
4 953 957 911 4338
4 106 4249 1990 5087
4 1638 4570 1353 5022
4 2005 3884 2004 5236
4 793 757 670 4394
4 3062 3063 422 4227
4 3661 4320 4710 4927
4 2793 2882 2881 4688
4 417 3055 3053 4287
4 2886 4406 5122 5252
4 1037 1040 1039 4486
4 3144 458 3145 4734
4 2597 2749 4873 4964
4 571 3360 122 4890
4 3277 3274 3987 4856
4 1641 1031 1843 4502
4 3336 554 114 4551
4 2702 2884 369 1905
4 69 2014 2472 4218
4 3905 4596 4119 4666
4 1598 1272 1676 4387
4 1396 1397 1398 4620
4 2219 522 93 2220
4 3085 4655 4195 4916
4 3358 3937 123 4890
4 1353 1638 1724 4570
4 411 3038 3036 4409
4 765 655 778 4703
4 444 3109 3110 4411
4 2100 2580 2102 4550
4 4268 4375 3452 4726
4 1828 1391 1393 4238
4 2494 1896 2679 3760
4 3587 4899 3952 5100
4 4705 4978 3907 5213
4 3547 3941 3715 4377
4 99 4197 4053 4679
4 1096 1098 1097 4621
4 2484 2624 560 2037
4 3594 4934 4639 5163
4 3057 419 3056 4588
4 1426 1828 1393 4238
4 2087 2085 2086 4965
4 567 4237 3710 4945
4 3093 438 37 2534
4 1113 1098 1590 5190
4 1333 1524 1523 5039
4 3111 445 2493 4411
4 3621 4417 4047 4730
4 78 2357 2356 2664
4 918 1788 283 1877
4 88 4439 516 4653
4 35 4558 3681 4655
4 3486 4433 3737 5021
4 2292 2333 2294 5192
4 2585 2520 2521 4560
4 2450 2037 3333 553
4 2355 2256 3607 4410
4 3390 4087 4921 5235
4 2712 2486 2488 3974
4 517 2223 4190 4439
4 3515 4275 3995 5197
4 3606 4142 4250 4668
4 3710 4237 567 5123
4 40 2498 2495 2497
4 3934 4588 3785 4758
4 2627 1886 2628 4136
4 2048 2445 3655 5211
4 1933 613 2784 4397
4 738 667 666 4557
4 3951 4902 3605 5099
4 2528 2063 2480 4887
4 1053 1117 1118 4567
4 3249 4007 512 4451
4 25 3770 4549 4681
4 517 3252 88 4439
4 408 3037 3038 4409
4 1301 1299 1300 4291
4 650 652 655 4909
4 2827 2828 2822 4722
4 1907 4197 4756 4856
4 2455 2456 2242 4429
4 1902 2338 2761 4105
4 2975 4793 2901 5051
4 1930 2757 189 705
4 3768 4936 4751 5191
4 910 976 1885 4598
4 3086 433 4408 4916
4 2446 2034 1960 4211
4 534 3281 101 4969
4 2230 2052 2054 4536
4 1008 1878 1791 4173
4 1910 2403 2405 4698
4 3724 4762 4605 5167
4 430 31 3073 4542
4 2304 2305 2162 4572
4 3618 4464 4105 5193
4 3239 3955 3242 5005
4 2782 615 1936 4338
4 3215 4845 3218 5232
4 4265 4547 3742 5219
4 4095 4205 3434 5003
4 2522 2455 2214 4749
4 436 4031 33 4526
4 2333 2334 2294 4434
4 1268 1335 1336 4419
4 2782 2684 911 4338
4 195 754 582 1891
4 2946 2859 2967 4795
4 2322 3642 2629 5040
4 2622 2636 2523 4383
4 4126 4714 3759 5231
4 2056 4027 2054 4536
4 2533 2537 4408 4916
4 2229 511 2274 3955
4 3055 3902 3053 4287
4 2221 3260 2238 2219
4 2411 2765 1912 5230
4 2945 2801 2928 4276
4 674 4423 673 5137
4 1207 1646 1604 4778
4 37 3091 437 4550
4 1388 1428 1824 4685
4 2379 2718 48 462
4 3939 4488 3481 5011
4 2414 2630 2291 3044
4 2045 5013 2371 5126
4 3584 4760 4423 5137
4 788 4568 580 5193
4 2233 2232 2148 5041
4 614 624 750 4842
4 1159 1174 1154 5224
4 3225 4039 3224 5162
4 1599 1598 1664 4853
4 3087 3085 4408 4655
4 1084 1616 1086 4443
4 443 3926 4556 4654
4 2171 2517 2468 5030
4 2496 1926 381 4715
4 2142 4026 2078 4467
4 1216 1214 1245 5146
4 2414 3039 409 4409
4 443 3105 3104 4556
4 757 4394 793 5002
4 769 685 689 4814
4 791 782 664 4221
4 2129 2130 2131 5197
4 3250 3247 514 4007
4 629 628 630 4650
4 602 654 780 5228
4 2429 2164 2079 4678
4 494 4178 3912 4845
4 912 1784 4842 5086
4 1367 1366 1364 4738
4 2465 2463 2464 5180
4 899 950 285 4615
4 3344 3343 562 4428
4 1482 1758 1761 4380
4 2064 1998 2579 4886
4 1379 1802 1461 4666
4 1744 1485 1492 4638
4 2127 2128 2129 5197
4 2548 2195 2197 5079
4 1397 1394 1494 4695
4 1514 1253 1188 4484
4 4107 4376 3611 5083
4 184 1912 2764 610
4 2201 4350 2200 5191
4 3724 4857 4983 5167
4 502 3216 3218 4410
4 4796 5024 4127 5062
4 4079 5002 103 5166
4 3635 4843 5052 5182
4 55 467 3151 4395
4 2766 2774 2411 4102
4 722 641 600 4820
4 2426 2040 2603 4512
4 451 3122 4493 4933
4 2820 2977 2907 4373
4 72 2266 2263 4377
4 11 3953 3024 4882
4 1646 1209 1270 4327
4 3657 4692 4253 5060
4 506 3239 83 5005
4 3902 4287 3438 4631
4 2971 2823 1885 4598
4 483 3617 4207 4548
4 2677 1906 2346 4828
4 557 4428 3345 5236
4 3069 2088 2090 2458
4 3114 40 444 4938
4 2226 4007 2227 5088
4 3609 4180 4934 5163
4 1267 1268 1337 5204
4 2152 2076 475 3165
4 1636 1833 1524 5039
4 3827 4558 3552 5089
4 2062 3617 1977 4548
4 3668 4715 3113 4938
4 454 3995 3120 4933
4 850 808 232 1875
4 2700 1889 371 4824
4 3476 4053 4255 4894
4 2443 2581 2440 4402
4 1229 1230 1263 4246
4 1822 990 4634 5171
4 2288 2630 414 2291
4 3061 421 3063 4227
4 2292 5001 3721 5192
4 187 1902 2760 701
4 3074 3072 3962 4542
4 1017 4615 1876 4914
4 3751 4249 542 5087
4 1014 309 1831 2797
4 188 2760 1930 5244
4 2083 2085 2084 4447
4 3225 78 500 4488
4 2890 2888 2988 5252
4 2397 2266 72 4377
4 3074 3073 3072 4542
4 2769 296 982 964
4 2833 2827 2826 4159
4 1691 1179 1492 4744
4 1060 1062 1061 4762
4 2741 2460 2459 4643
4 4232 4565 57 4727
4 3704 3578 4156 4499
4 3219 3220 3221 4137
4 205 1907 583 4756
4 2259 2369 2365 4577
4 2669 1950 2368 5153
4 2337 1887 2769 4623
4 3199 4218 491 4676
4 3326 113 556 5023
4 380 2496 2930 4938
4 1983 1985 2014 4218
4 2695 1916 262 812
4 1852 2927 332 4960
4 3003 2914 2792 4834
4 3303 104 540 4595
4 1273 1193 1596 4963
4 1310 1308 1535 4593
4 1418 1714 1711 4755
4 2609 4034 3642 5040
4 2960 2824 2963 3580
4 686 684 685 4637
4 945 954 944 5086
4 3004 2981 2932 4958
4 3307 1993 1991 546
4 2275 4959 3567 5078
4 4053 4255 4043 4679
4 1088 1610 1090 4881
4 1560 4995 1635 5018
4 3716 3995 3515 5128
4 3690 4183 2716 4618
4 424 4051 3067 4681
4 1799 1017 285 4615
4 2272 3652 2227 5047
4 1236 1234 1330 5250
4 3488 4101 3789 5123
4 1969 3552 2070 5121
4 1562 1622 1218 5107
4 2469 2467 2468 4924
4 1631 1632 1119 4639
4 629 630 784 4650
4 1043 1041 1453 5156
4 1979 66 1980 1981
4 71 3831 4218 4676
4 3582 4601 4085 5144
4 25 4917 3770 4965
4 1011 1437 1436 4763
4 3335 4035 3337 4551
4 4199 4815 3504 4922
4 3352 3350 3353 4145
4 779 703 788 4568
4 2617 3568 2614 5041
4 3144 4034 465 4734
4 2389 2659 2140 4069
4 2690 2777 1908 4132
4 3306 1991 3307 1992
4 3088 4031 436 4550
4 2872 2874 2875 5095
4 441 4392 4078 5089
4 25 3770 4681 4965
4 3050 3048 410 4024
4 2317 2696 2693 4175
4 3005 2924 2802 4363
4 120 2052 2051 4145
4 2612 2613 1914 5092
4 3027 3025 3024 4850
4 525 3736 4104 5094
4 18 3050 410 5211
4 461 52 3153 5046
4 2668 2445 2303 4330
4 411 4049 3902 5154
4 3609 4810 4180 5163
4 3541 4681 4549 4687
4 2045 2371 2025 5126
4 476 61 3179 5041
4 2283 2459 2460 4643
4 3461 4840 4325 5063
4 3651 4325 4840 5063
4 2483 3283 534 2547
4 237 1870 1792 859
4 1932 2591 2743 4703
4 2417 18 2414 4409
4 3561 4178 3998 5043
4 2252 2453 114 4551
4 1052 1053 1054 5165
4 687 688 742 4861
4 500 2353 2032 2664
4 523 2238 2567 4355
4 1372 1373 1371 4780
4 3258 3255 516 4653
4 1897 2681 2513 4688
4 3623 3440 4092 4852
4 4104 4346 3611 4805
4 418 3059 3056 4405
4 509 4072 84 5058
4 1282 1284 1283 4506
4 2386 2716 3690 4183
4 1069 1068 1070 4748
4 2397 2262 72 2263
4 585 783 786 4634
4 3324 4235 3322 4274
4 2719 2626 1928 4784
4 1879 1009 1468 4961
4 655 656 778 4837
4 4281 4365 3536 5139
4 4139 4773 15 4999
4 2200 2201 2199 4350
4 691 693 692 4951
4 3248 509 84 5058
4 2708 2272 2347 4955
4 2653 2473 2474 3189
4 3390 4083 4651 5235
4 1232 1277 1169 4537
4 1116 1487 1488 4610
4 542 3298 3300 4249
4 4133 4810 3609 4915
4 3453 4616 3694 4907
4 844 843 845 4865
4 3193 1981 487 4156
4 2121 2120 2122 4399
4 2588 2587 2589 4225
4 1353 1724 1725 4570
4 3633 4419 4553 5204
4 3378 4810 4133 4915
4 2139 2350 2352 5015
4 2534 3094 2535 2651
4 934 937 935 4768
4 3291 4043 4079 4250
4 29 4051 3065 4926
4 613 748 762 4397
4 923 969 965 3953
4 3529 3700 4286 5010
4 471 3986 3156 4616
4 1140 4160 4794 5218
4 2574 2141 2475 4697
4 1028 1817 1700 4404
4 3523 4588 3934 5048
4 1110 1616 1608 4950
4 1357 1473 1762 4791
4 1087 1086 1088 4813
4 425 3065 4051 4926
4 115 555 3323 4822
4 4020 4872 3625 4960
4 1959 2541 2016 4248
4 1681 1376 1326 4521
4 3439 4043 3586 4812
4 2483 534 2234 2547
4 3624 4247 4857 4868
4 3386 4857 4247 4868
4 76 4777 4214 5155
4 1420 1251 1252 5188
4 3088 432 33 4031
4 1119 1108 1112 4934
4 1046 1044 1045 4645
4 2820 336 2932 4958
4 4549 4681 3770 4687
4 1541 1696 1672 5218
4 685 777 686 4637
4 1252 1251 1176 5188
4 1406 1412 4362 4990
4 2113 2157 2510 4952
4 83 4060 507 4684
4 2389 4069 3557 5124
4 537 4079 3586 5093
4 1555 1680 1254 5177
4 2630 21 414 3046
4 976 2971 1885 4598
4 47 3732 4184 4364
4 3096 35 434 5089
4 3628 4983 4857 5167
4 980 948 984 5184
4 2207 4903 3767 4969
4 2262 3214 2356 2664
4 3300 3299 541 4249
4 3361 3358 3360 4678
4 1607 1621 1746 4257
4 659 590 658 4525
4 1334 1642 1643 4503
4 53 2718 3137 4183
4 4242 5004 3534 5200
4 2070 1971 2649 4495
4 2091 2090 29 4051
4 2165 2136 2163 4555
4 2524 2723 3671 5203
4 1895 2460 2741 5228
4 3153 3152 3154 4467
4 3250 86 2228 4007
4 2246 2247 2276 5109
4 3896 4333 4498 5187
4 111 549 3311 5105
4 1957 4849 2392 5213
4 3474 4815 4199 4922
4 2688 2776 2341 4850
4 1931 2722 359 5051
4 2358 5055 2682 5075
4 2224 2438 2226 4444
4 2123 2562 3761 4493
4 2293 3746 4409 5001
4 2352 2271 4693 5015
4 1881 1784 271 5086
4 475 2076 2152 2245
4 2052 4145 570 4536
4 174 596 1036 4742
4 4639 4934 4180 5163
4 119 3337 562 4035
4 1880 1015 273 4940
4 1969 2563 1967 5159
4 1824 1429 1387 4685
4 3430 4104 4004 4457
4 752 749 577 4757
4 2080 2617 61 476
4 3291 97 531 4043
4 2820 991 336 4958
4 899 285 1017 4615
4 498 3211 72 2397
4 3304 3977 545 4918
4 3626 4229 5000 5233
4 3400 5000 4229 5233
4 1930 705 188 5244
4 484 65 4017 5026
4 1241 1592 1203 4420
4 2352 2271 2353 4693
4 4033 5050 3788 5186
4 4319 4574 3514 5054
4 910 1885 1838 4598
4 1587 5175 1747 5226
4 2898 2900 2899 5129
4 1699 1390 1820 4919
4 4760 5037 4423 5137
4 70 1983 2014 4218
4 4394 4833 3549 5228
4 1891 195 754 2749
4 1813 1812 1556 4656
4 2238 2565 90 2221
4 3135 458 3132 4436
4 807 1796 825 5073
4 534 4583 3280 4969
4 58 2059 2076 2049
4 3381 4664 4037 5066
4 807 825 875 5073
4 3704 4156 3578 4994
4 1455 1767 1132 4935
4 3275 3277 3987 4856
4 2631 1922 2343 4722
4 71 491 3198 5157
4 4055 5048 3523 5247
4 434 3097 3096 4495
4 1678 1555 1810 5181
4 2094 2175 2096 4351
4 50 2387 463 2657
4 2375 2661 3235 505
4 2763 5031 2338 5193
4 2893 2886 2885 5122
4 1247 1233 1171 4463
4 960 962 922 4804
4 2398 2140 2659 4069
4 1145 1469 1449 5069
4 2633 3938 3540 5105
4 1189 1191 1685 4468
4 1189 1187 1188 4437
4 2494 1896 3760 4938
4 2660 2241 2375 3236
4 1276 1151 1629 4585
4 1846 1669 1670 4476
4 1660 1292 1290 4877
4 1635 1634 1801 5113
4 4455 4621 3413 4839
4 1055 1056 1057 4962
4 14 3027 403 4850
4 2047 4696 3570 5061
4 456 3742 4265 4547
4 2509 2529 2508 4347
4 2421 2420 2422 4384
4 4190 4439 3505 4805
4 1129 1476 1144 4579
4 520 4353 3608 4533
4 244 825 807 1796
4 84 4112 515 5058
4 76 4520 4214 4777
4 3695 4583 3539 4668
4 1911 2340 2341 4524
4 2516 2686 2699 4008
4 548 1994 1995 4401
4 1978 1976 2504 4356
4 2227 4007 5047 5088
4 3188 2653 2473 1981
4 3518 3370 3979 4884
4 3730 4495 442 4991
4 1750 1639 1587 5226
4 457 2326 2379 3140
4 3715 4282 4770 4893
4 534 3284 2483 2234
4 4078 4392 3577 5089
4 1030 1826 313 2936
4 79 3659 4608 5162
4 1808 1376 1681 4521
4 1773 1566 1564 4659
4 2144 2138 53 4467
4 1663 1164 1754 4779
4 583 668 205 4756
4 1653 1622 1565 5150
4 3034 3033 3032 4138
4 2226 2228 2227 4007
4 550 4028 111 5105
4 380 2934 1896 4938
4 2258 74 2356 2262
4 96 2435 2733 3987
4 2531 2013 2464 4595
4 3941 3715 4770 4811
4 2972 881 2962 4740
4 1850 1525 1526 4858
4 1875 808 232 1018
4 622 623 621 4539
4 1101 1103 1137 4972
4 3231 4069 3232 5124
4 3814 4115 3477 4549
4 2042 2375 80 505
4 2735 1934 2332 3936
4 2468 4407 4924 5030
4 2232 2612 2306 4575
4 2290 2287 3593 4515
4 3720 4498 4398 5187
4 2750 2597 2749 4873
4 538 3294 103 5166
4 1972 1971 1970 5016
4 2176 2458 427 3071
4 1796 807 244 1016
4 2452 2451 2064 4235
4 2002 2003 2001 4418
4 956 2959 2971 4598
4 79 502 3224 5162
4 478 3177 3176 4535
4 2471 2470 2468 4407
4 257 1886 2692 872
4 2577 2217 94 3971
4 1530 1506 1247 5241
4 2565 4190 3654 5185
4 468 3160 4232 4565
4 2298 2297 2295 4866
4 2424 2630 21 2288
4 3163 3162 3160 4232
4 1093 1094 1095 4455
4 70 3194 487 4541
4 3600 4979 4067 5069
4 700 202 602 5228
4 1046 1045 1047 4645
4 1406 1430 1863 4990
4 45 452 2499 2767
4 2366 2367 2780 5201
4 54 466 4034 5040
4 937 983 968 4709
4 1491 1451 1767 4425
4 677 4702 674 5137
4 3082 428 3081 4304
4 518 4190 90 5185
4 1063 1065 1735 5106
4 1819 1822 990 4634
4 3196 3988 4718 5157
4 1262 1665 1227 4453
4 3738 4139 3435 4335
4 3361 126 574 4678
4 400 12 4519 4999
4 561 3839 3338 4776
4 2512 2513 2511 4528
4 3162 474 3161 4232
4 76 3223 4039 4520
4 55 4116 4026 5046
4 40 3114 450 4715
4 1952 1951 1953 4783
4 2332 4334 2734 5097
4 2864 2862 2861 5113
4 2210 2552 2243 4328
4 3559 4417 4315 4730
4 2608 415 4024 4696
4 2898 4781 2986 4784
4 2924 342 1775 4954
4 2474 2475 69 2472
4 83 507 3227 4684
4 1911 4524 905 5184
4 2736 3716 2161 4226
4 1789 1461 1802 4666
4 67 489 3910 4499
4 848 250 815 2778
4 3153 4467 461 5046
4 1867 4423 1500 5037
4 2967 2859 2997 4795
4 3315 551 108 4056
4 3567 3955 2274 5078
4 3723 5152 4165 5160
4 1278 1277 1232 4537
4 3335 3337 3336 4551
4 2260 493 74 2262
4 2935 2951 2815 4269
4 342 2924 2805 4954
4 1647 1546 1544 4846
4 3439 4142 3950 4250
4 3294 3297 4077 4833
4 2578 1965 2015 4998
4 96 3280 534 4583
4 3131 4182 3128 4226
4 2284 2694 2692 4977
4 2634 2166 2519 5131
4 3728 5208 4644 5238
4 452 2745 4182 4226
4 3106 3105 3107 4288
4 3578 4499 4421 5157
4 1180 1182 1183 4303
4 861 865 818 4740
4 500 4039 3225 4488
4 4088 4606 3590 5071
4 276 932 907 4961
4 760 723 607 4400
4 830 824 875 4713
4 3146 466 3147 4034
4 436 4031 4526 4550
4 1635 1633 1634 4995
4 1016 1796 807 5073
4 3746 4409 3531 4866
4 2672 2513 2512 4528
4 34 3086 433 4408
4 39 3103 441 4078
4 75 5178 3998 5232
4 1684 1380 1322 5127
4 3200 3202 3199 4218
4 2623 2081 56 2059
4 3252 4190 3253 4439
4 739 646 645 5019
4 2032 4039 500 4488
4 2641 2305 2346 4340
4 1476 1474 1144 4579
4 3146 4034 3144 4734
4 3191 4156 3194 4541
4 1798 1837 1874 4264
4 3633 3489 4419 5204
4 3652 4538 4174 5088
4 435 4655 3681 5112
4 35 3827 4558 4655
4 2736 3716 4226 4933
4 2576 1987 2067 4442
4 2053 2052 570 4536
4 1876 1017 1424 4615
4 1362 1366 1454 4604
4 2790 2995 2915 5176
4 2337 2769 2663 4623
4 1925 2686 2516 4497
4 1504 1160 1143 4472
4 2656 37 2580 2534
4 523 3262 94 2238
4 2540 2313 2539 4445
4 1852 332 1656 4960
4 2578 2015 2538 4998
4 1490 1274 1534 4452
4 1913 2731 354 2821
4 3276 3987 3274 4679
4 792 755 648 4053
4 569 3351 124 5135
4 961 938 936 5006
4 3196 4718 3910 5157
4 2220 2221 88 2222
4 2374 2145 2362 4318
4 497 3223 3226 4039
4 958 945 912 4842
4 2134 2072 2073 4215
4 3163 3160 472 4727
4 2037 2450 112 2002
4 3428 3814 3616 4123
4 3410 4125 4657 5161
4 1014 1834 1425 4406
4 561 119 3341 5220
4 3190 2473 70 1981
4 1140 1149 1672 4794
4 3732 4846 3495 4852
4 2483 1907 98 2733
4 2604 2418 2161 4801
4 2073 2072 2050 4215
4 2359 2360 2703 4617
4 2959 2893 2823 4598
4 2225 2227 2605 5088
4 673 5037 681 5137
4 406 3025 4850 4882
4 9 909 915 914
4 562 3343 119 5225
4 98 2483 529 3285
4 1723 1728 1128 4902
4 3367 3368 3366 4209
4 2660 2228 2241 512
4 174 1036 1778 4742
4 2221 2223 517 4439
4 1452 1447 1243 4430
4 2975 2901 2980 5051
4 2887 2890 4670 5252
4 3306 541 1991 1992
4 1157 1510 1158 5130
4 4264 1874 4760 5037
4 2488 2487 2709 4446
4 677 681 751 5137
4 2878 2966 366 2711
4 411 3052 17 5154
4 1367 1364 1368 4738
4 397 303 8 2698
4 1131 1124 1125 5221
4 752 615 749 4338
4 3208 76 497 5155
4 2176 29 2090 428
4 565 122 2072 2428
4 3615 4776 4166 4822
4 2483 2733 529 2547
4 2500 2520 2492 4461
4 2765 2409 4956 5230
4 2375 3235 3236 3237
4 3504 4922 4815 5247
4 2430 2153 2431 4970
4 2155 2587 2588 4844
4 2826 2783 2972 4740
4 1917 2331 2698 3020
4 3063 421 2177 4227
4 1462 1363 1361 5074
4 2030 2043 2044 4907
4 2483 3283 3284 534
4 1381 1343 1519 4193
4 2726 1931 358 2798
4 2975 2897 2901 4793
4 366 2878 2711 1924
4 2167 2326 50 2657
4 1489 1275 1543 4509
4 2775 404 14 2329
4 3369 2071 572 4209
4 1834 1423 1425 4480
4 1690 1689 1411 5198
4 117 3345 560 2484
4 546 4595 3305 4918
4 2664 2262 3213 2397
4 3137 2718 462 4183
4 2718 2379 2144 462
4 1645 1163 1082 4611
4 3034 3032 3035 4138
4 562 119 4035 4417
4 3614 4921 4380 4997
4 3360 571 4678 4890
4 296 2769 1887 964
4 2695 261 2768 812
4 3601 4676 3988 4900
4 3347 3346 3348 4215
4 2863 2866 2945 4706
4 2060 416 22 2424
4 636 633 635 4599
4 680 679 678 4957
4 1920 2674 2382 4269
4 693 691 743 4789
4 427 2458 2176 2396
4 1938 1939 1940 4802
4 1515 1518 1817 4545
4 1635 1560 1633 4995
4 1555 1554 1556 5181
4 450 2497 40 4715
4 2092 2600 2094 4304
4 1513 4771 1740 5070
4 1972 1970 2599 5206
4 2203 2205 2459 4936
4 561 3337 4035 4551
4 3317 549 111 4088
4 2051 2052 2041 4145
4 3510 4253 4692 5060
4 91 4104 4346 5094
4 122 3355 571 2428
4 396 3016 3018 4561
4 910 963 956 4598
4 1526 1525 1410 4331
4 2722 2724 2336 5051
4 1052 1051 1053 5165
4 2617 2614 3568 4535
4 4628 4682 3869 5075
4 1213 1605 1211 4686
4 947 979 905 4524
4 2326 2167 50 4436
4 2453 2454 559 4551
4 3657 4253 4262 5060
4 418 3056 23 4588
4 2786 2963 2893 5189
4 871 817 857 4264
4 4423 4702 3584 5137
4 2998 2999 2954 4904
4 2006 3833 5119 5236
4 3369 3367 574 4209
4 2227 4007 2228 5047
4 539 3290 103 4079
4 1704 1703 1340 5036
4 1803 1806 1005 4831
4 103 539 4079 5166
4 3694 4424 2049 4616
4 913 914 909 4561
4 3308 106 541 1990
4 425 3065 3067 4051
4 2361 2682 2358 5055
4 3807 4096 3437 4395
4 2973 2989 2865 4824
4 4163 4825 3483 5158
4 2372 2351 2045 5013
4 174 1778 717 4742
4 74 499 2356 2262
4 1874 1500 4760 5037
4 41 3124 448 4092
4 1662 1594 1730 4612
4 2630 416 2060 2424
4 2339 2764 1912 4568
4 2355 4410 3607 5209
4 3839 4047 3487 4776
4 1479 1133 1122 5246
4 439 34 2535 2070
4 2736 2160 46 2499
4 4035 4047 3621 4417
4 2176 2092 428 4304
4 2642 2452 2579 4323
4 3453 3986 3665 4002
4 2758 2621 2620 4477
4 731 654 793 5002
4 3149 459 51 4096
4 566 3347 3349 4215
4 91 3266 525 5094
4 3789 3510 4253 4456
4 2498 451 2160 2499
4 3218 499 4410 4845
4 2042 2661 505 4318
4 440 38 2530 4288
4 2458 26 2177 2395
4 2607 2047 2031 5061
4 3659 4137 3222 5178
4 435 33 4045 5112
4 2560 2107 2572 5024
4 2144 2387 2142 464
4 1561 1026 1785 4276
4 663 665 661 4470
4 3210 3207 3208 4377
4 128 864 763 883
4 976 266 2971 956
4 1980 4156 3704 4994
4 86 2229 2660 2228
4 3235 2660 2661 2375
4 2187 2186 2188 4906
4 465 51 3144 4734
4 973 2969 269 2960
4 131 880 762 748
4 1280 1281 1278 5249
4 342 2805 1020 4954
4 757 793 654 5002
4 2458 2088 2177 421
4 2695 4698 2405 5098
4 2281 2282 2284 4310
4 1950 1952 2368 5153
4 2283 2460 2743 5170
4 3176 3178 479 4809
4 3029 4335 4139 4999
4 2097 2098 2099 4658
4 295 982 901 2769
4 1506 1530 1701 5241
4 2735 1913 353 2821
4 3770 4549 3483 4917
4 1696 1697 1105 4358
4 1548 1549 1547 4733
4 3740 5050 4033 5186
4 553 4235 3324 4274
4 91 525 3269 4104
4 1774 1459 4816 5081
4 419 4285 3055 4287
4 4297 4816 4015 5081
4 4105 5031 3618 5193
4 2840 2843 2841 4592
4 1464 1458 1015 4940
4 499 74 3212 2262
4 2566 2238 90 4355
4 2536 2533 2537 4408
4 3799 4663 4477 4835
4 2152 2246 2328 4535
4 4259 4809 3178 5041
4 934 935 933 4768
4 28 424 3076 4123
4 3358 4678 3937 4890
4 4195 4916 3533 5110
4 2326 2387 2379 3140
4 3303 3304 3305 4595
4 480 3184 3185 4677
4 2142 2629 2078 5040
4 3442 4200 3802 4332
4 2496 4715 2930 4938
4 1822 1643 1642 4503
4 2883 2881 2882 4688
4 2463 2465 2573 5180
4 3266 3263 3265 4355
4 674 4702 4423 5137
4 3051 3049 4024 4696
4 2402 2416 2147 4532
4 3250 86 4007 5047
4 1267 1266 1268 5204
4 19 4024 3048 4691
4 3048 4024 417 4691
4 2268 2337 2662 4479
4 3776 4868 4247 5214
4 1810 1025 1807 4068
4 1528 1384 1529 4381
4 3271 3272 521 4847
4 25 3814 4549 4917
4 2088 2177 421 4965
4 125 2056 2071 2053
4 2177 4227 421 4965
4 914 895 963 5189
4 2112 2141 2574 4697
4 3257 3255 3256 4353
4 3234 3233 509 4069
4 2974 2834 2803 4344
4 2409 2645 2765 4956
4 2948 2864 2921 4831
4 336 1651 2932 4958
4 614 764 1882 4842
4 2279 2277 2278 5120
4 1080 1645 1082 4611
4 2127 2129 2736 4933
4 1544 1546 1545 4846
4 2522 2457 2455 4749
4 101 2482 2481 4077
4 2778 250 815 1914
4 2648 2062 64 4548
4 1178 1177 1173 4632
4 652 740 656 4837
4 1868 1503 1010 4562
4 1062 1063 1061 4762
4 3295 533 3296 4077
4 488 3200 3201 4218
4 2338 1902 2763 5193
4 2265 2268 2662 4893
4 3160 3161 468 4232
4 3055 4285 3902 4287
4 174 717 596 4742
4 122 2072 2428 2323
4 3824 4115 3483 4825
4 4205 4822 3615 5003
4 3655 4691 4024 5211
4 2284 2285 2752 4977
4 1089 1088 1090 4881
4 2387 2144 2379 3143
4 1995 109 2553 1993
4 411 3902 3052 5154
4 4841 4910 3896 5133
4 2345 2342 1906 4828
4 1211 1212 1213 4686
4 513 87 3246 4113
4 1286 1285 1284 5196
4 22 4405 418 4696
4 3606 4250 4043 4668
4 4267 4635 3473 5071
4 569 3366 4209 4876
4 3381 4878 4076 5248
4 4560 4939 3603 5025
4 2078 2068 2077 4590
4 3277 530 3274 4856
4 3224 4039 3223 5162
4 2013 104 2531 1991
4 3676 4288 2530 4991
4 1140 1141 1149 4794
4 2943 2880 2979 5223
4 1845 1654 1007 4867
4 1323 1325 1511 4819
4 1991 1993 3307 1992
4 3183 3184 484 5026
4 2156 2510 2514 5151
4 3530 4007 3947 5058
4 276 907 1832 4961
4 418 3785 4405 4588
4 877 886 853 4698
4 3789 4253 575 4876
4 701 798 580 5193
4 42 2160 2562 2498
4 2857 2858 2859 4872
4 1577 1576 1575 4391
4 442 3105 39 4556
4 3647 5052 4843 5182
4 3042 3040 3043 4515
4 124 4456 3789 4876
4 52 4618 4150 5046
4 63 4091 478 4809
4 1146 1138 1148 4660
4 692 693 801 4951
4 1652 1546 1649 4852
4 829 827 867 4630
4 3014 909 951 915
4 2037 117 2004 558
4 3827 5121 3552 5159
4 2865 2866 2863 4706
4 90 2566 4355 5185
4 2013 546 109 4918
4 3856 5013 4501 5126
4 3562 4735 3780 4908
4 3294 538 3297 4833
4 543 4249 3298 4635
4 613 751 748 4397
4 1763 1764 1473 4673
4 2449 2396 2448 4542
4 2093 4926 3845 5111
4 2987 2867 2868 5202
4 2495 3760 2494 4411
4 515 3947 4112 4113
4 1187 1185 1186 5118
4 1541 1540 1717 4732
4 2339 2765 2645 4956
4 2176 2092 29 428
4 1740 1513 1512 4771
4 571 2428 2429 2323
4 3106 437 3104 4654
4 2791 359 2722 5051
4 618 621 619 5141
4 3772 4741 4279 4897
4 39 4078 441 4392
4 84 3244 515 4112
4 2218 2220 93 4353
4 276 1009 932 4961
4 735 741 800 4885
4 931 962 960 4804
4 3679 4127 4796 5024
4 20 4285 4038 5154
4 3045 18 409 2414
4 109 2013 1993 546
4 2079 126 2071 2429
4 1709 1876 4797 4914
4 1560 1557 1658 5050
4 4857 4987 3628 5167
4 881 2783 818 4740
4 673 4423 1867 5037
4 906 952 943 4940
4 1882 1035 614 4842
4 3081 425 3080 4304
4 553 2450 2451 4235
4 3830 4773 4139 4999
4 764 750 975 4842
4 19 3048 417 4691
4 513 87 4113 4361
4 807 875 885 5073
4 2695 2768 2405 4698
4 3176 4535 3177 4809
4 2772 2695 2406 4158
4 3367 3366 575 4876
4 2179 2182 2181 4764
4 3941 4377 3547 5155
4 3529 4595 3700 5169
4 519 3251 91 4805
4 473 4232 3163 4727
4 1269 1215 1621 4806
4 2290 2288 2287 4515
4 2106 2172 2108 5187
4 3671 2723 4820 5203
4 42 445 2498 2493
4 3157 470 3156 4616
4 2458 2176 2090 3071
4 2499 452 2745 2767
4 2252 4551 114 4975
4 435 3085 3087 4655
4 4095 5003 3551 5023
4 1051 1117 1053 4567
4 3286 530 3288 4756
4 1633 1626 1634 4299
4 975 912 1882 4842
4 778 597 765 4703
4 680 746 736 4464
4 1488 1487 1489 4610
4 3939 4410 502 4488
4 556 4205 3340 4263
4 123 4215 3847 4945
4 312 1826 1002 2808
4 3178 473 4259 5041
4 3440 4092 3732 4184
4 881 865 2962 4740
4 517 4190 3252 4439
4 1500 1013 1866 4423
4 3051 4024 3050 4696
4 1427 1834 1014 4830
4 2018 2021 2017 4710
4 1406 1414 1412 4990
4 1578 1579 1114 4481
4 2428 2072 565 2051
4 3240 2274 3955 5078
4 2008 2009 2007 5119
4 1895 602 202 5228
4 2362 4318 3673 5078
4 98 1907 2483 535
4 441 3099 4392 5089
4 1954 2018 2017 4710
4 3177 4535 476 5041
4 541 1989 1990 4249
4 4260 4410 3607 5232
4 3194 4156 487 4541
4 3547 4693 5015 5155
4 1957 2016 2392 4849
4 3215 494 3217 4845
4 3693 4810 4180 5246
4 1935 2783 2826 4740
4 3315 4088 4056 5071
4 1074 1072 1111 4976
4 1145 1449 1470 5069
4 1215 1217 1621 4806
4 2218 2219 93 2220
4 1175 1714 1167 4752
4 2763 4568 2339 5031
4 3637 3473 4635 5071
4 1841 1528 1529 5082
4 4642 4756 3288 4869
4 1796 243 825 1868
4 531 3276 3274 4679
4 3668 4252 3113 4715
4 1330 1438 1331 5250
4 3064 3066 420 4681
4 3060 3061 3062 4227
4 1967 1968 1969 5159
4 101 2481 2234 4969
4 124 4027 4456 4876
4 3105 4288 3104 4556
4 746 693 743 4789
4 2991 2876 2877 4412
4 3232 4069 510 5124
4 491 4676 3988 5157
4 2485 2154 2486 4482
4 2062 2648 64 2653
4 3227 3228 3230 4684
4 17 4491 4049 5154
4 3108 3111 446 4411
4 3678 4239 3520 4697
4 2305 2304 2343 4572
4 2843 2840 2982 4592
4 2074 2400 2569 4930
4 966 930 928 4623
4 493 72 2262 2263
4 3297 536 4077 4833
4 2883 2968 2996 5173
4 1084 1083 1082 5004
4 911 957 974 4338
4 2654 2578 2538 5210
4 1382 1381 1385 4359
4 2174 438 32 2534
4 15 3031 405 4139
4 1436 1768 1871 5014
4 2593 2592 2019 4701
4 419 3934 4285 4287
4 3830 4139 3435 4999
4 3318 545 3320 4401
4 123 567 3347 4945
4 2571 2480 2527 4897
4 2142 54 2387 2609
4 2859 2858 2985 4872
4 3950 4077 3549 5166
4 2473 2653 3188 3189
4 436 3101 3956 5112
4 1804 1783 1784 5086
4 3114 3113 3112 4715
4 3548 4209 3657 4253
4 1638 1727 1724 5096
4 2273 2701 2347 4602
4 1606 1612 1751 4808
4 2001 2012 1999 5102
4 2209 3767 4583 4969
4 1828 1002 1826 4125
4 55 4026 4116 5138
4 3301 3299 3298 4249
4 66 2062 1979 4548
4 2704 215 734 5012
4 2705 1905 2589 4904
4 4115 4549 3814 4917
4 2772 1916 2695 4158
4 2699 1889 2559 4824
4 410 3036 3039 4409
4 1447 1787 1038 5028
4 2092 29 2090 2176
4 2332 1934 2759 3936
4 1869 1430 1766 4490
4 1937 1938 1904 4400
4 1234 1236 1177 4414
4 405 3024 3025 4882
4 655 652 656 4837
4 2474 64 2653 3189
4 2101 2100 2102 5164
4 968 900 946 5201
4 2878 366 2965 1924
4 3233 4069 3231 4750
4 1650 1845 1651 4369
4 3340 4205 3839 4263
4 2349 2687 2354 4513
4 3691 4558 3827 5217
4 4405 4508 3058 4588
4 2057 2255 2254 4628
4 568 4101 121 5123
4 3737 4112 3441 4113
4 408 4515 3042 5001
4 2254 2682 2348 5075
4 31 4370 3952 5100
4 3039 3037 409 4409
4 1673 1329 1259 4597
4 1995 1993 1994 548
4 1695 1747 1587 5175
4 3360 3358 566 4890
4 542 3312 3938 5087
4 2389 2659 4069 5124
4 90 3260 2238 2221
4 2394 2448 2396 4542
4 1511 1512 1323 4819
4 1864 1432 1433 4474
4 342 1020 1775 4954
4 1523 1822 1522 5171
4 3623 4852 4373 4958
4 3221 4137 3659 4777
4 3349 565 2072 4215
4 3329 3328 557 4418
4 1801 989 1635 5113
4 1128 1595 1723 4902
4 1202 1204 1203 5057
4 951 3013 303 909
4 2441 1962 2034 4911
4 2885 2886 2797 4406
4 336 991 1651 4958
4 400 3030 12 4999
4 3031 407 3030 4999
4 2221 3259 3260 2219
4 1869 1766 1832 4490
4 1285 1286 1287 5196
4 3444 4075 3930 4237
4 2056 2054 125 4536
4 1006 1829 1833 4466
4 591 738 666 4557
4 561 3341 3839 5220
4 1310 1535 1636 4593
4 2661 2375 2042 505
4 3609 3979 3370 5163
4 557 3342 3345 4428
4 1014 1425 1835 4406
4 3219 495 3220 4137
4 3523 4508 4405 4588
4 2056 125 2054 2053
4 1993 2013 1991 546
4 2030 2044 2618 4907
4 1295 1542 1293 4544
4 539 4079 3950 4250
4 3210 3208 497 4693
4 2494 3760 2495 4938
4 2897 2898 2896 4781
4 761 135 749 974
4 3089 3091 3088 4550
4 13 404 2331 2330
4 1947 1946 1945 5011
4 1754 1752 1602 4459
4 3051 418 3049 4696
4 1095 1096 1097 4621
4 2730 1903 356 2790
4 3260 90 517 2221
4 3279 4583 4668 4969
4 2341 2776 1911 4524
4 1628 1166 1099 4817
4 3586 4079 3439 4557
4 439 2535 3094 2651
4 2216 2217 2215 4847
4 2028 2542 1980 4994
4 1754 1164 1533 4779
4 3778 3952 3428 4123
4 3732 3496 4364 5128
4 1917 397 303 951
4 3734 4542 3563 5100
4 4150 4618 3527 5046
4 2916 2899 2937 4404
4 1023 1774 1459 4816
4 2081 61 2080 2148
4 2594 2155 2588 4844
4 2724 2722 1931 5051
4 226 2961 882 2970
4 2559 2700 2558 4185
4 624 752 577 4757
4 2597 1923 2749 4964
4 3301 4249 543 4901
4 196 753 665 1923
4 1294 1296 1295 4829
4 1498 1499 1500 4760
4 2053 2051 570 2052
4 1510 1706 1389 4984
4 564 3350 3352 4145
4 3141 54 2387 464
4 2285 2284 2282 4310
4 2957 2877 2942 4827
4 3279 3278 532 4668
4 445 40 3116 2498
4 2004 4418 117 5236
4 3437 4096 3633 4395
4 2054 2053 125 4536
4 420 4227 3060 4917
4 3258 4353 3255 4653
4 549 4606 3938 5105
4 1561 1558 1800 5018
4 2160 4493 2127 4933
4 1855 1690 1856 5198
4 405 15 4139 4882
4 570 4145 3353 4536
4 2227 5047 3652 5088
4 3368 3367 3369 4209
4 2939 2955 2949 4471
4 2215 2217 2524 3971
4 3266 4355 525 5094
4 3155 3154 3152 4467
4 120 565 2072 2051
4 3462 3830 4334 4773
4 2749 1891 2750 4873
4 1176 1172 1173 4563
4 1002 1830 311 2938
4 567 3346 4215 4731
4 66 1979 2062 2653
4 548 3318 3319 4401
4 1049 1047 1772 5056
4 681 674 673 5137
4 3268 4104 525 4457
4 1106 1112 1108 4934
4 2300 2301 2302 5148
4 20 4038 4285 5048
4 1707 1474 1760 4603
4 3287 538 103 4642
4 3042 4515 16 5001
4 1454 1767 1455 4935
4 2175 2537 2532 5110
4 1594 1311 1313 5207
4 991 1780 1652 4373
4 745 664 733 4966
4 1882 912 1784 4842
4 3348 3346 564 4731
4 501 3215 3216 5232
4 75 494 3215 5232
4 3242 4361 513 5005
4 3300 541 1990 4249
4 2669 1948 1950 4574
4 1081 1595 1079 5200
4 1064 1115 1066 4589
4 1108 1119 1632 4639
4 977 917 916 4335
4 3294 4077 3296 5166
4 2297 2296 2295 4866
4 3702 4971 4391 5053
4 758 623 622 4539
4 3349 3347 3348 4215
4 15 3032 407 4773
4 1895 2742 2460 5228
4 3637 4056 3436 4088
4 3063 3062 3061 4227
4 3738 3435 4139 4999
4 3486 3737 4060 5021
4 2081 2059 2080 3166
4 3736 3959 3480 5094
4 571 122 2323 4890
4 3726 4263 4095 5091
4 2726 357 1903 2913
4 3178 4809 4535 5041
4 773 801 705 5244
4 365 2966 2792 1894
4 3746 4049 3531 4409
4 2037 2624 560 3332
4 2698 303 8 909
4 3700 5010 3529 5169
4 114 554 4235 4975
4 1800 1560 1635 5018
4 2002 2037 2004 558
4 3178 3179 473 5041
4 637 759 800 4885
4 3027 3024 3026 4850
4 3505 4805 4376 5083
4 912 945 944 5086
4 80 2373 2375 2042
4 4357 5005 3567 5078
4 1677 1678 1679 4389
4 3327 3329 558 4418
4 1919 725 215 5012
4 2144 53 2718 462
4 79 4608 3939 5162
4 2359 2361 2358 5055
4 612 137 1032 5037
4 555 4235 3323 4822
4 3575 4047 3839 5220
4 2660 2274 511 2661
4 798 4464 680 5193
4 3236 85 2241 510
4 3200 3199 3201 4218
4 609 792 719 4466
4 3250 4007 514 5047
4 999 1775 1440 4363
4 4421 4499 3534 5157
4 1905 2706 2589 4904
4 2474 2473 69 3187
4 2732 295 901 2769
4 2181 2182 2183 4764
4 2644 2177 2086 4227
4 3955 5005 3240 5078
4 673 674 587 4423
4 2326 2387 50 2657
4 818 2783 2671 4740
4 2502 2503 2501 4798
4 3734 4370 3519 4883
4 1556 1025 1810 5181
4 72 2397 2263 2266
4 71 4421 4676 5157
4 3356 2428 2071 2429
4 409 3045 2414 2630
4 530 4197 99 4679
4 2887 2888 2890 5252
4 706 768 783 5212
4 2665 2317 2315 4243
4 557 3884 4418 5091
4 435 4045 4655 5112
4 3075 3073 3074 4542
4 878 862 851 4500
4 3552 4495 2070 5121
4 3654 4190 3505 4805
4 1355 1512 1513 4771
4 2004 3884 4418 5236
4 3353 4145 3351 5135
4 55 4395 3807 5138
4 2617 61 2148 2080
4 1852 1656 1566 4960
4 1638 1353 1301 5022
4 2656 3093 37 2534
4 2601 2421 2620 5136
4 2972 2783 881 4740
4 1944 2355 1942 5209
4 1502 1796 1872 5073
4 2375 2241 2659 510
4 4376 4805 3611 5083
4 1572 1574 1578 4875
4 113 5003 4095 5023
4 1763 1328 1378 4898
4 519 4190 3251 4805
4 1137 1717 1712 4648
4 482 3193 3192 4156
4 434 4408 3827 4655
4 3001 2955 3000 4523
4 2657 2388 2609 4034
4 2160 42 451 2498
4 937 952 983 4709
4 530 4756 4197 4856
4 558 2004 2002 4418
4 2228 2660 86 512
4 4026 4467 2142 5040
4 2364 2365 2366 5222
4 524 93 3272 4847
4 2871 2874 2872 5095
4 1535 1536 1833 4812
4 504 4530 81 4750
4 3359 3358 3361 4678
4 91 4355 3266 5094
4 93 2217 2219 2218
4 127 574 4262 4678
4 4408 4655 3085 4916
4 75 4178 494 5232
4 2293 2296 2414 4409
4 3645 3962 3824 4899
4 698 679 729 4474
4 3233 3231 508 4750
4 1094 1745 1096 4839
4 1895 2741 2740 4833
4 847 843 841 4435
4 2862 2867 2865 4864
4 482 3180 3182 4548
4 2887 2890 2891 4670
4 3345 3344 560 4428
4 910 956 976 4598
4 3080 3083 3082 4304
4 2994 2898 2986 4784
4 568 3365 3362 5123
4 121 567 3365 5123
4 3231 3232 504 5124
4 2975 2980 2791 5051
4 2217 524 93 2219
4 4067 4979 4507 5069
4 2983 3011 2918 4867
4 137 1867 1032 5037
4 978 968 946 5201
4 2589 2587 2705 4225
4 1424 1425 1423 4480
4 947 904 969 3953
4 2617 4535 3568 5041
4 29 4304 2092 4926
4 3300 3298 3299 4249
4 3045 2608 2414 2630
4 2331 2775 404 3023
4 2997 2985 2927 4960
4 2383 2718 2386 4183
4 2570 2173 2656 4288
4 2187 2188 2189 4906
4 958 975 750 4842
4 1280 1282 1281 5249
4 2698 2331 402 3020
4 2201 2200 2202 5191
4 4605 4857 3724 5167
4 1739 1862 1001 4587
4 2393 2392 2016 4849
4 2630 414 21 2288
4 3977 4122 3529 4595
4 2814 2884 2998 4904
4 880 863 820 4397
4 3833 4428 557 5236
4 2667 2668 2372 4946
4 2022 2425 2011 5032
4 2160 2125 2127 4493
4 1625 1246 1200 4981
4 1152 1167 1637 4573
4 905 299 1911 5184
4 2430 2089 2091 4051
4 626 217 1900 5183
4 3162 3161 3160 4232
4 2143 2005 2598 4609
4 2617 2080 2152 476
4 3340 113 555 4205
4 2738 2785 305 913
4 3304 4595 3977 4918
4 453 3126 43 4184
4 1151 1150 1141 4494
4 3175 479 60 4200
4 1172 1159 1160 5117
4 2752 2285 2403 4821
4 3962 4542 429 5100
4 439 3098 3097 4495
4 2291 2630 414 3044
4 2956 3002 2850 4714
4 3235 2375 505 3237
4 1885 287 976 910
4 2080 2081 3166 474
4 442 4288 3105 4556
4 2396 2176 30 2449
4 1876 1422 1709 4797
4 725 734 215 5012
4 844 842 843 4865
4 664 782 663 5035
4 2228 512 4007 4451
4 1941 1938 1940 4802
4 1457 1458 1365 4613
4 3099 3098 442 4495
4 973 305 2785 913
4 2386 2718 2716 4183
4 626 1900 218 5172
4 606 2689 217 5183
4 3083 4304 431 4883
4 99 4197 530 4756
4 2387 463 2657 2609
4 1413 1769 1771 5229
4 2428 3354 572 2071
4 2864 2867 2862 4864
4 1290 1291 1289 4619
4 608 218 2675 5172
4 2306 2612 2728 4575
4 3417 3370 4063 5032
4 1564 1667 1773 4659
4 1058 1060 1059 4605
4 662 732 659 5239
4 1787 1461 1000 4596
4 1494 1394 1392 4695
4 2989 2973 2911 4824
4 2326 457 2327 4436
4 2823 1885 306 2971
4 654 653 780 4516
4 1009 276 1832 4961
4 2548 2308 2746 4564
4 55 4116 4395 5138
4 3210 3209 3207 4377
4 557 4418 3884 5236
4 2326 2379 2327 457
4 2704 1919 215 5012
4 1375 1374 1448 5205
4 1778 1036 1038 4742
4 2451 4235 3656 4975
4 1700 1818 1028 4404
4 101 536 3284 2234
4 3299 3301 540 4901
4 2301 2300 2299 5148
4 706 783 585 4634
4 2091 4051 29 4926
4 2952 2957 2942 4827
4 62 476 3177 4535
4 2046 4024 3570 4696
4 435 3102 3100 5112
4 2065 2478 2550 3938
4 94 2577 3971 5203
4 3240 82 2274 5078
4 3518 3622 3370 4057
4 2209 4583 534 4969
4 2691 255 809 2770
4 1957 2392 1955 5213
4 2630 2414 409 3044
4 2241 2660 512 3236
4 2630 416 21 3046
4 3518 3979 3370 4651
4 30 3075 427 2396
4 3220 501 4137 5178
4 3220 4137 75 5178
4 1872 1016 1798 5073
4 2515 2699 2595 5062
4 556 4263 116 5091
4 449 3129 3130 4182
4 1723 1354 1624 5099
4 1231 1168 1418 4569
4 3218 4845 4410 5232
4 2369 2260 2264 4282
4 1395 1427 1426 4647
4 1279 1232 1507 5007
4 2733 98 2483 529
4 3586 4043 3439 4079
4 2483 1907 2739 535
4 1111 1575 1573 5053
4 2059 2058 2049 3986
4 538 3287 3289 4869
4 2670 1922 2631 4722
4 1334 1644 1684 4566
4 3111 3109 445 4411
4 18 2608 2417 2414
4 438 3091 2580 4550
4 2164 2429 2582 4678
4 2565 517 90 2221
4 2651 439 2535 2070
4 4282 3572 4770 4893
4 3277 529 98 4856
4 3845 4304 425 4926
4 3671 3971 2524 5203
4 876 845 890 4671
4 4266 4691 3589 4848
4 1873 1791 1741 4435
4 1704 1340 1705 5036
4 461 3137 3139 4183
4 3429 4017 3988 4718
4 81 4530 4289 4750
4 3507 4529 4218 4676
4 817 883 247 1884
4 2659 2398 85 2241
4 1691 1124 1131 5221
4 554 114 4551 4975
4 3255 4353 522 4653
4 2233 2617 2614 5041
4 2725 2437 1890 5029
4 2240 2228 2226 4007
4 2498 2562 42 2493
4 3336 3337 3334 4551
4 2497 45 2499 2767
4 2082 2047 2607 5061
4 2211 2209 2210 4583
4 442 4288 4556 4991
4 2973 2807 2911 4824
4 518 3251 3254 4190
4 2633 2065 2550 3938
4 115 3323 4235 4822
4 3351 3350 568 5135
4 734 214 2704 5234
4 1884 763 136 1032
4 1287 1289 1349 4759
4 65 4207 483 4718
4 798 746 680 4464
4 3102 3681 4078 5112
4 46 3131 454 4226
4 2084 2424 4405 4508
4 3181 3180 480 4548
4 2700 2702 2558 4185
4 76 496 3221 4777
4 3453 4929 4393 5009
4 432 3084 3085 4916
4 820 2784 265 880
4 3302 3304 3303 4595
4 2311 2189 2191 4943
4 604 197 2747 753
4 2356 3214 78 2664
4 3618 5031 4568 5193
4 2071 126 3356 2429
4 2850 2941 2956 4714
4 1049 1051 1050 5160
4 423 4115 3814 4917
4 3260 3262 523 2238
4 3208 3207 496 5155
4 755 737 648 4053
4 214 595 1898 5234
4 2059 58 2076 3164
4 2088 426 3069 2090
4 3494 4260 3998 5178
4 2435 2547 2211 4583
4 338 1780 2907 5174
4 1421 1878 1420 5084
4 3024 3953 398 4850
4 2499 2498 3119 2497
4 3316 3314 543 5071
4 2060 2047 4405 4696
4 2737 2774 1933 4397
4 4038 4285 3550 5154
4 2414 2293 16 2291
4 2466 2531 2464 5169
4 287 1885 1838 910
4 2171 2468 2467 4924
4 400 4519 3738 4999
4 1926 2497 45 4715
4 2239 2440 2439 4769
4 3537 3738 4519 4999
4 2823 1033 1885 4598
4 4035 4551 3526 4776
4 2633 547 1992 2065
4 2380 48 2327 2379
4 1495 1496 1502 4931
4 1552 1159 1172 5117
4 1343 1341 1342 4790
4 3083 430 3082 4883
4 3356 571 2428 2429
4 2477 2249 2478 5101
4 3326 556 4418 5023
4 2603 2484 2427 4428
4 955 973 269 2960
4 131 880 748 863
4 1245 1214 1666 5146
4 1720 1721 1161 5072
4 1713 1834 1427 4647
4 96 3283 529 2547
4 3327 4418 2002 5023
4 3827 4408 434 5121
4 30 3075 2396 4542
4 2515 2156 2514 5151
4 125 572 3354 2071
4 2334 2638 2294 4434
4 3251 4190 91 4805
4 48 2327 2379 457
4 737 715 642 4197
4 500 78 2664 4488
4 1140 1672 1696 5218
4 2559 1889 2700 4824
4 2948 2921 2788 4831
4 2221 88 3259 2220
4 3363 567 123 4237
4 483 3196 3197 4718
4 3330 2037 3332 2453
4 1022 2804 339 5231
4 890 845 860 4671
4 2071 3354 125 2053
4 3305 3304 545 4918
4 2065 106 1990 5087
4 429 4542 3073 5100
4 764 975 1882 4842
4 1087 1085 1086 4813
4 3024 4850 3025 4882
4 137 673 1867 5037
4 499 3214 78 2356
4 2397 77 2353 4693
4 676 674 677 4702
4 3884 4418 3551 5049
4 2008 2007 2006 5119
4 3345 560 2484 4428
4 3417 4057 3370 5032
4 1442 1012 1776 4344
4 2893 2963 2889 5122
4 515 4112 3947 5058
4 532 3292 100 4250
4 2959 2786 2893 5189
4 2609 2322 2629 5040
4 1451 1450 1772 5140
4 4346 5019 3480 5094
4 1740 1134 1737 5070
4 137 612 673 5037
4 1992 547 106 2065
4 733 742 745 4966
4 654 651 653 4516
4 2580 438 2174 2534
4 3062 423 3060 4917
4 3081 3080 3082 4304
4 2088 3069 24 421
4 1017 1799 1424 4615
4 3360 4678 3358 4890
4 427 2396 3075 4542
4 762 2784 181 613
4 2804 1022 338 5174
4 498 3210 77 4693
4 111 4088 549 4606
4 74 2258 2260 2262
4 2590 2283 2743 5170
4 513 4361 4113 5005
4 22 3051 415 4696
4 94 3262 524 2219
4 500 2664 2032 4488
4 2228 2241 512 4451
4 3608 4353 3685 4533
4 1561 1559 1558 4925
4 1344 1520 1519 4992
4 2439 2441 2034 4911
4 1056 1486 1116 5214
4 753 197 2747 1923
4 3443 4137 3941 4777
4 1648 1647 1244 4636
4 2406 2408 2772 4546
4 2222 3733 4439 4653
4 302 10 2688 1917
4 3681 4558 4045 4655
4 1183 1275 1743 5179
4 2395 2458 26 2396
4 1933 2784 2737 4397
4 764 1882 180 614
4 1481 1756 1478 4753
4 3285 98 2483 535
4 3073 4542 31 5100
4 1549 1022 1550 5231
4 3260 3262 2238 2219
4 2623 2058 2059 3986
4 3050 4024 410 5211
4 541 3308 1990 1992
4 2002 2450 112 2000
4 3495 4162 3732 5080
4 2191 2596 2311 4943
4 2659 2375 510 5124
4 1998 2064 2000 4274
4 1513 1740 1737 5070
4 827 806 856 4562
4 1994 110 548 1992
4 1056 1054 1486 5214
4 4209 4253 3548 4876
4 626 606 217 5183
4 3240 506 82 5078
4 3607 4178 3998 5232
4 2563 4408 3827 5121
4 1042 1041 1043 5156
4 3542 4145 4101 5066
4 454 3120 3123 4933
4 3589 4691 4287 4758
4 552 3326 3327 5023
4 2565 2223 2280 4190
4 525 4355 3959 5094
4 1679 1678 1810 4389
4 2708 2605 2272 4955
4 1860 1838 1033 4598
4 2262 2260 493 2263
4 1948 1946 1947 5011
4 3134 459 49 4265
4 449 3112 44 4252
4 3845 4926 3658 5111
4 2824 351 2785 2969
4 436 4526 33 5112
4 1459 1782 1023 4816
4 957 749 135 974
4 1081 1079 1080 5200
4 518 90 4355 5185
4 2330 404 2329 4138
4 3370 3417 4063 4810
4 2905 2958 3006 4657
4 1303 1638 1301 5022
4 2961 866 226 882
4 524 3971 2217 4847
4 10 403 2688 2775
4 1081 1082 1083 5004
4 406 4850 4450 4882
4 763 612 136 1032
4 1649 1651 991 4958
4 1775 1020 1434 4954
4 864 747 128 763
4 956 266 2971 2959
4 2814 2965 367 2706
4 734 2704 5012 5234
4 2580 3091 37 4550
4 2288 414 21 4515
4 3143 3140 2387 3141
4 2205 2203 2204 4936
4 1989 2531 104 1991
4 1017 1876 1788 4914
4 2703 2683 2359 4617
4 1390 1699 1675 4919
4 1900 217 2689 5183
4 3152 4467 3153 5046
4 2662 2337 2663 4479
4 511 2229 2274 2660
4 3210 4377 3208 4693
4 78 4410 2357 4488
4 1362 1361 1363 5074
4 2011 2425 2598 5032
4 2090 2091 29 2092
4 608 626 218 5172
4 3143 2387 2144 464
4 1655 1654 1565 4974
4 3950 4079 539 5166
4 1626 1246 1625 4981
4 3206 492 72 4282
4 3367 4253 4209 4876
4 2274 2362 82 2661
4 3069 2088 2458 421
4 881 2962 229 2972
4 24 3061 420 4965
4 3279 533 3281 4969
4 2453 114 2451 2252
4 1861 1739 1001 4587
4 2799 2994 2986 4784
4 4507 4979 3844 5069
4 434 4495 3096 5089
4 3343 562 4428 5225
4 2484 560 117 2037
4 2918 3011 2795 4867
4 3229 3228 3227 4684
4 570 3353 125 2053
4 2675 218 1900 5172
4 529 2733 96 2547
4 132 975 764 750
4 567 4215 3347 4945
4 38 2651 2530 2649
4 2624 559 2453 2454
4 2408 2406 2407 4546
4 3998 4260 3607 5232
4 2450 4235 553 4274
4 556 3339 116 4263
4 917 915 916 4335
4 3021 2775 2331 3023
4 3109 3108 3110 4411
4 2060 2047 2061 4405
4 3001 3000 2860 4523
4 1989 1991 541 1990
4 554 3323 3325 4235
4 1319 1320 1321 4683
4 2488 2709 1924 5090
4 3439 4079 4043 4250
4 2075 2071 2079 4209
4 734 595 214 5234
4 2986 2898 2897 4781
4 2237 2307 2236 4626
4 3142 3140 2379 3143
4 3196 3910 489 5157
4 2014 70 2473 1983
4 2669 2353 2032 4039
4 948 299 905 5184
4 1637 1168 1150 4851
4 3357 2428 2051 2053
4 503 3223 4520 5162
4 2330 2734 2332 4334
4 1703 1139 1154 4690
4 2488 2711 2712 5090
4 1900 5172 626 5183
4 1022 5174 2804 5231
4 86 3955 2229 5047
4 113 3914 5003 5023
4 466 4467 4026 5040
4 1587 1747 1750 5226
4 513 3239 3242 5005
4 558 2002 112 3327
4 2745 2419 2767 4182
4 2579 1998 1996 4886
4 2737 2784 265 820
4 932 938 907 4961
4 2088 2089 426 2090
4 563 4151 4263 5220
4 2580 2173 37 2656
4 3319 3320 3321 4401
4 498 4377 3210 4693
4 537 99 4756 5093
4 1874 1867 1500 5037
4 23 3055 417 4287
4 3186 3183 485 4239
4 2782 1936 2684 4338
4 2281 2627 2277 5008
4 2533 32 433 2534
4 2499 452 46 4226
4 3607 4410 2256 4845
4 1575 1111 1671 5053
4 2108 2107 2106 5187
4 2601 2180 2421 5136
4 556 5023 4095 5091
4 2388 2033 2322 4941
4 1786 1026 1561 4276
4 2398 85 2241 4451
4 2570 2530 2509 4288
4 2649 4495 3730 4991
4 1882 1035 180 614
4 3324 552 112 4274
4 548 3307 1993 1992
4 2905 2953 2958 4657
4 899 977 950 4615
4 2338 2231 2312 5031
4 2148 2162 2081 4232
4 22 2424 416 4405
4 1216 1562 1218 5107
4 1047 1132 1772 5056
4 3305 4595 3304 4918
4 107 4635 4267 5071
4 1065 1126 1735 5106
4 1556 1812 1025 4656
4 3736 4104 3430 4457
4 1202 1203 1201 5057
4 467 3152 3153 5046
4 2485 2093 2095 5111
4 1543 1185 1187 5118
4 510 80 3232 5124
4 632 606 626 5183
4 2262 3211 3213 2397
4 963 895 956 5189
4 1417 1568 1567 4787
4 1545 1548 1547 4733
4 665 782 754 4873
4 2014 2473 69 2472
4 1774 1035 1783 5081
4 3328 3327 3326 4418
4 2904 2905 3010 4854
4 1389 1706 1392 4984
4 2745 452 2499 4226
4 1433 1865 1864 4474
4 2826 395 2972 2783
4 1774 1783 1459 5081
4 2595 2560 2572 5024
4 2437 2725 2436 5029
4 117 4428 2484 5236
4 4026 4467 3152 5046
4 3037 3036 3038 4409
4 2249 2477 2476 5101
4 1780 1022 1548 5174
4 116 3328 556 5091
4 2056 2071 2075 4209
4 46 4226 454 4933
4 1264 1230 1265 4859
4 547 110 2633 1992
4 1580 1582 1749 5017
4 2347 1919 2704 5012
4 3157 3156 3986 4616
4 2177 26 2458 421
4 48 2380 2718 2379
4 2330 2331 13 2332
4 761 615 225 2782
4 2498 3116 3119 2497
4 2365 2369 2779 4577
4 678 679 675 4957
4 403 2775 14 4850
4 1970 1971 1969 5016
4 3656 4235 3525 4822
4 515 3247 3248 5058
4 441 3096 3099 5089
4 3276 4255 3987 4679
4 755 669 737 5093
4 2474 486 4239 4677
4 1861 1029 1739 4587
4 2999 2998 2884 4904
4 3294 3296 539 5166
4 1913 2332 2734 5097
4 3351 4145 3350 5135
4 2740 2739 102 2482
4 3343 3344 3342 4428
4 2907 2804 338 5174
4 2049 2076 58 4424
4 636 734 725 5012
4 2275 2354 2363 4959
4 2272 2227 2229 5047
4 3516 5171 4634 5212
4 2474 4239 2475 4677
4 1867 1013 1500 4423
4 2903 2905 2904 4854
4 1451 1375 1450 5140
4 1981 1980 1982 4156
4 2660 511 3235 2661
4 2567 2577 94 5203
4 524 2217 93 4847
4 2338 2763 2339 5031
4 1158 1147 1157 5130
4 4417 4730 3559 5225
4 3760 4256 3556 4411
4 3559 4151 3833 5225
4 1092 1753 1109 4754
4 2534 3095 3094 2651
4 3230 505 2661 4318
4 2687 2675 1900 5172
4 1599 1664 1165 4853
4 948 2696 299 5184
4 3114 3112 3115 4715
4 3198 3196 489 5157
4 2076 2152 2080 3165
4 2825 2970 350 1883
4 2511 2510 2157 4952
4 2625 2586 2151 5251
4 2326 3135 50 457
4 469 3164 2059 3166
4 2833 2832 2828 5033
4 2144 53 464 4467
4 2362 2274 82 5078
4 20 3054 419 4285
4 627 626 608 5172
4 214 1898 2704 5234
4 2718 2716 53 2144
4 534 2234 2547 2209
4 676 675 674 4702
4 90 2566 2565 2238
4 1014 1831 1427 4830
4 433 3094 2535 2534
4 567 123 4237 4945
4 114 2451 2252 4975
4 550 3311 3313 5105
4 3585 5059 4986 5245
4 82 506 3230 4318
4 718 4394 2740 4869
4 2064 2451 2450 4235
4 3939 4488 502 5162
4 2238 94 2567 2577
4 3361 571 2429 4678
4 4394 4642 538 4869
4 3327 558 2002 4418
4 2853 2930 2847 3668
4 1609 1110 1608 4950
4 1426 1427 1830 4830
4 776 619 621 5141
4 2696 1911 299 5184
4 2547 2733 96 2435
4 1850 1408 1525 4858
4 2429 4678 571 4890
4 2869 1550 339 5231
4 408 3721 4515 5001
4 2405 2768 1910 4698
4 2381 2382 2384 4862
4 1837 817 247 1884
4 3037 3039 3036 4409
4 1994 548 3319 4401
4 2252 2454 2453 4551
4 440 3106 3107 4288
4 3318 3320 3319 4401
4 3143 2144 2379 462
4 443 4556 3104 4654
4 2966 365 2711 1894
4 2410 2409 2411 5230
4 2292 4515 3721 5001
4 487 3193 66 1981
4 1900 2689 2363 5183
4 2092 4304 3845 4926
4 42 2160 451 4493
4 3061 4227 420 4965
4 1275 1744 1743 5179
4 3902 3550 4285 5154
4 2089 2090 2091 4051
4 2537 2175 2652 5110
4 405 4139 3029 4335
4 2659 510 4069 5124
4 2688 403 10 4850
4 34 433 2535 4408
4 538 103 4394 5166
4 3087 4408 434 4655
4 4417 4428 562 5225
4 380 1896 2496 4938
4 1271 1577 1676 4993
4 54 4034 2609 5040
4 2293 2292 2294 5001
4 2478 3938 2065 5087
4 3677 3462 4138 4773
4 2081 3161 474 4232
4 608 218 219 2675
4 2424 416 4405 4508
4 1371 1373 1493 4780
4 768 643 783 5212
4 3106 3104 4288 4654
4 2060 4405 22 4696
4 677 674 681 5137
4 2265 2264 4282 4893
4 1313 1351 1594 5207
4 2608 2048 2046 4024
4 2685 1925 2516 4497
4 741 637 800 4885
4 2535 34 4408 5121
4 1388 1824 1387 4685
4 2496 40 4715 4938
4 3106 2656 37 4288
4 1022 1780 338 5174
4 2414 409 3037 4409
4 2414 409 16 3037
4 2397 4377 498 4693
4 3327 3328 3329 4418
4 517 88 2221 4439
4 229 865 2962 881
4 1050 1048 1049 5160
4 757 602 718 4394
4 2528 1984 2063 4887
4 2357 4410 3939 4488
4 3047 22 415 2060
4 34 434 4408 5121
4 2784 1933 181 613
4 975 132 958 750
4 2464 2462 2466 5169
4 503 3224 3223 5162
4 3718 3517 4232 4727
4 4026 5040 3642 5138
4 933 936 938 5006
4 1009 1832 1468 4961
4 1370 1375 1491 5027
4 3114 444 4715 4938
4 3601 4676 4421 5157
4 2064 4235 2450 4274
4 2720 1890 2723 4820
4 1930 2621 2758 5244
4 2547 96 534 4583
4 1994 1996 1995 4401
4 781 662 661 5239
4 1039 1447 1038 5028
4 3671 4820 3959 5203
4 3111 3108 3109 4411
4 2617 2328 2614 4535
4 2731 1913 2334 5097
4 626 217 218 1900
4 669 4756 737 5093
4 606 216 217 2689
4 3827 5089 3552 5121
4 2646 2506 2648 4677
4 2261 2255 2257 4942
4 3274 4679 3987 4856
4 1822 1523 990 5171
4 499 74 2356 4845
4 3345 3342 3344 4428
4 172 173 1000 594
4 1449 1448 1374 5205
4 3480 4355 4346 5094
4 1640 1405 1641 4836
4 3483 4115 3824 4917
4 2704 215 214 734
4 705 801 588 5244
4 2483 2739 3282 535
4 3183 4239 3184 5026
4 1709 1788 1876 4914
4 3494 3659 4260 5178
4 529 3283 2483 2547
4 4467 4618 461 5046
4 382 381 1926 2796
4 1981 4156 1982 4541
4 176 177 1779 714
4 1557 1204 1658 5050
4 765 653 655 4909
4 3279 4668 3767 4969
4 563 3339 3341 5220
4 2608 4024 18 5211
4 3370 4057 3417 5163
4 912 1882 270 975
4 2495 2493 445 4411
4 631 627 629 4891
4 2782 615 225 1936
4 2759 8 402 4561
4 3443 3659 4137 4777
4 3114 4715 40 4938
4 3052 3054 412 5154
4 3099 3096 3097 4495
4 1600 1602 1601 4989
4 2497 2495 40 2496
4 4047 4776 3839 5220
4 2013 4595 546 4918
4 534 2234 2209 4969
4 395 2826 1935 2783
4 177 178 1023 593
4 3483 3824 4227 4917
4 3550 4491 4038 5154
4 168 167 605 1811
4 113 4205 4095 5003
4 2291 16 3042 4515
4 911 974 288 2782
4 2826 2972 2962 4740
4 1565 1563 1655 4974
4 1103 1697 1137 4972
4 70 487 1981 4541
4 3343 3342 563 5225
4 556 4095 4205 4263
4 3986 4002 3453 4616
4 562 119 4417 5225
4 2869 339 2804 5231
4 3559 3833 4428 5225
4 2704 1898 2708 5234
4 1596 1193 1195 4963
4 2358 2682 2254 5075
4 2059 2081 56 3166
4 2474 2475 2646 4677
4 110 1994 548 3319
4 50 2387 2326 3140
4 1502 1872 1497 4271
4 1990 3308 106 1992
4 4520 4608 3659 5162
4 2355 2057 1942 5209
4 2371 2045 2351 5013
4 2417 2414 2296 4409
4 2483 536 3284 3282
4 481 3182 3181 4548
4 571 126 3361 2429
4 3988 4676 3601 5157
4 392 393 2822 1922
4 647 643 768 5212
4 2222 4439 88 4653
4 384 383 1899 2912
4 3361 2429 126 4678
4 1727 1162 1724 5096
4 215 216 725 1919
4 2201 2202 2203 5191
4 2481 2482 101 2234
4 2927 2985 2794 4960
4 1999 2012 2650 5102
4 771 631 629 4891
4 1036 174 175 596
4 472 57 3174 4332
4 1955 1956 1957 5213
4 930 966 982 4623
4 11 3029 399 4335
4 2375 2373 80 5124
4 646 756 796 5019
4 2076 475 3170 4424
4 3086 34 434 4408
4 1898 214 213 595
4 2465 2013 2553 4918
4 210 209 2720 722
4 4056 4088 551 4534
4 2331 404 2329 2330
4 429 31 3952 5100
4 2209 2547 534 4583
4 220 221 607 1904
4 2326 3135 457 4436
4 2483 2482 536 3282
4 2567 2238 2566 4355
4 2229 2274 2273 3955
4 1709 1422 1400 4797
4 208 209 600 1890
4 15 406 4450 4882
4 2220 2218 2575 4353
4 402 2331 2698 2759
4 170 169 638 1805
4 653 650 655 4909
4 2733 529 3987 4856
4 715 206 207 2729
4 2101 2102 2103 5164
4 530 4679 3274 4856
4 2335 2287 2724 5064
4 2332 2331 13 2759
4 538 102 4833 4869
4 76 496 4777 5155
4 2524 2217 2577 3971
4 572 3369 126 2071
4 3099 3097 3098 4495
4 1930 2760 2621 5244
4 2577 2524 3971 5203
4 18 3045 2608 2414
4 2288 21 2424 4508
4 2406 2405 2404 5098
4 673 612 681 5037
4 2241 2375 3236 510
4 1016 1872 1796 5073
4 3431 3956 3926 4078
4 1011 1877 1437 4763
4 3316 107 549 5071
4 2225 2226 2227 5088
4 434 34 3097 5121
4 754 782 582 4873
4 664 663 660 5035
4 670 4642 4394 4869
4 2538 2652 2654 5210
4 2081 2162 2423 4232
4 487 4156 1981 4541
4 2352 2350 2271 5015
4 2733 2435 2436 3987
4 2365 2364 2259 5222
4 343 342 2805 1020
4 1022 339 1550 5231
4 2586 2087 2151 5251
4 882 819 230 1883
4 1784 1882 270 912
4 670 4394 718 4869
4 2521 2672 2585 4560
4 3370 4057 3622 5032
4 2482 4077 536 4833
4 389 390 2933 2345
4 602 780 700 5228
4 388 389 2818 2707
4 2582 4678 2429 4890
4 3789 4456 4253 4876
4 478 4535 3176 4809
4 3902 4285 3054 5154
4 2804 339 338 1022
4 2060 22 415 4696
4 521 3257 3256 4353
4 22 3059 418 4405
4 1840 158 159 591
4 3209 492 3207 4377
4 2608 2048 4024 5211
4 2696 2771 1911 5184
4 2176 2600 2092 4304
4 2684 911 288 2782
4 383 382 2678 2845
4 246 245 857 1798
4 2494 2495 1896 4938
4 2816 386 387 2385
4 3263 3266 518 4355
4 2022 2023 2029 4967
4 2004 2003 2002 4418
4 639 207 208 2725
4 3483 3770 4917 4965
4 2715 211 210 730
4 445 2498 2493 2495
4 3249 4007 4451 5058
4 1831 1830 1427 4830
4 3328 4418 556 5091
4 1153 1505 1170 4953
4 82 4318 2362 5078
4 3213 77 2664 2397
4 2537 2533 2532 4916
4 171 172 1789 716
4 248 818 881 2783
4 2450 553 3324 4274
4 2661 2362 82 4318
4 1585 1695 1587 5175
4 350 2825 1883 1034
4 385 386 2935 1920
4 1465 274 275 902
4 579 157 156 1842
4 2899 2900 2952 5129
4 3151 465 55 4395
4 219 220 723 1937
4 2389 2373 2659 5124
4 90 2565 2566 5185
4 798 680 788 5193
4 2357 2664 78 4488
4 987 278 279 896
4 2065 3938 3312 5087
4 2767 2497 45 1926
4 585 165 164 1819
4 2060 2424 22 4405
4 2279 2278 2321 5120
4 175 176 1004 727
4 1581 1579 1755 4980
4 1558 1560 1800 5018
4 965 969 904 3953
4 3496 4184 3732 4364
4 173 174 1778 717
4 282 281 949 1011
4 3099 4495 4392 5089
4 2403 2285 2402 4821
4 3941 4777 496 5155
4 3231 4750 4069 5124
4 2535 433 2533 4408
4 709 155 154 1844
4 476 2617 61 5041
4 2530 4288 38 4991
4 4249 4635 543 4901
4 50 2387 3140 463
4 2575 2220 4353 4653
4 3218 78 502 4410
4 2262 3213 3214 2664
4 561 3839 4776 5220
4 2048 2417 2445 5211
4 1777 230 819 1883
4 2123 2125 2562 4493
4 2436 2733 3987 4856
4 233 232 808 1018
4 1333 1636 1524 5039
4 50 458 3135 4436
4 1990 1989 1988 4249
4 525 4104 91 5094
4 569 4027 4536 5135
4 3170 470 58 4424
4 1322 1320 1684 5127
4 3294 4833 4077 5166
4 153 152 708 1847
4 3557 4289 4530 4750
4 2917 2791 2980 5051
4 2802 341 340 999
4 3370 4063 3622 4810
4 40 2496 2495 4938
4 1825 162 163 584
4 163 164 990 706
4 344 343 2925 1446
4 272 273 1015 906
4 2780 1915 2366 5201
4 2820 337 336 991
4 2530 38 2649 4991
4 559 118 2624 3332
4 446 42 3122 4493
4 2356 4410 499 4845
4 2834 349 348 1776
4 391 392 2922 2677
4 4053 4197 3476 4679
4 4053 3476 4255 4679
4 734 741 595 5234
4 2003 2143 2544 5049
4 2763 2764 2339 4568
4 881 818 865 4740
4 1237 1117 1466 5076
4 522 93 3261 2219
4 672 166 165 1816
4 212 211 1918 586
4 2575 2442 2220 4653
4 818 248 2671 2783
4 2498 445 40 2495
4 2142 4467 54 5040
4 150 151 1849 657
4 242 241 856 1010
4 306 1033 1885 2823
4 2519 2166 2518 5131
4 169 168 711 997
4 3231 504 4750 5124
4 90 4190 2565 5185
4 1502 1496 1503 4931
4 280 279 924 1794
4 2291 414 16 3044
4 543 4635 107 5071
4 2882 2967 2943 5223
4 451 4493 2160 4933
4 625 223 224 2673
4 238 239 986 804
4 2497 2496 40 4715
4 3462 4334 4138 4773
4 221 222 710 2676
4 2971 2959 2823 4598
4 2932 2981 2820 4958
4 385 384 2674 2815
4 2481 2482 2741 4077
4 213 212 2710 696
4 3249 85 509 4451
4 905 299 300 1911
4 512 2241 85 4451
4 1622 1653 1244 5150
4 583 205 206 1907
4 3950 5002 4079 5166
4 234 235 1791 841
4 2608 4024 2046 4696
4 3339 4263 3839 5220
4 2084 2424 2061 4405
4 4113 4361 3629 5005
4 1851 148 149 599
4 1009 275 276 932
4 3021 2331 1917 3020
4 387 388 2835 1901
4 250 251 815 1914
4 88 3252 516 4439
4 2924 342 341 1775
4 900 290 291 1915
4 346 345 2860 1790
4 718 2740 204 4869
4 2706 2965 367 1924
4 2195 2196 2197 5079
4 2021 2025 2371 5126
4 2886 2888 2887 5252
4 1855 146 147 704
4 161 162 1829 719
4 3294 538 4833 5166
4 3370 3622 3518 4651
4 596 717 784 4742
4 1174 1340 1154 5224
4 381 380 2496 2930
4 29 2092 2091 4926
4 64 2474 2648 4677
4 345 344 2806 1003
4 1035 1882 1784 4842
4 3220 75 501 5178
4 3575 4263 4151 5220
4 2805 2924 2982 4954
4 720 158 157 995
4 563 4263 3339 5220
4 1799 285 286 950
4 2256 2258 2257 4845
4 1895 203 202 602
4 1970 2526 2599 5206
4 2931 347 346 1441
4 114 4235 2451 4975
4 202 201 2742 700
4 3208 497 4693 5155
4 2740 4394 4833 4869
4 4139 4335 3738 4999
4 571 2323 2429 4890
4 1910 260 259 813
4 614 750 764 4842
4 2694 2284 2752 4977
4 3370 4810 3622 4915
4 1906 2342 2346 4828
4 1788 283 284 918
4 3428 3952 3814 4123
4 2533 4408 433 4916
4 527 3268 95 4457
4 682 145 144 1858
4 489 3910 4499 5157
4 338 337 2907 1780
4 2711 2488 1924 5090
4 2833 2964 2832 5033
4 3681 4655 4045 5112
4 2736 2499 46 4226
4 506 4318 82 5078
4 2714 2433 1894 4834
4 3549 5002 3950 5166
4 1984 1983 1982 4541
4 159 160 1839 666
4 572 3356 2428 2071
4 3242 3955 4361 5005
4 649 156 155 1031
4 2329 2775 404 2331
4 1815 318 319 2809
4 2433 2712 1894 4834
4 2996 2968 2866 5173
4 2748 1923 2597 4964
4 1133 1129 1122 5246
4 2608 3045 415 2630
4 3008 2892 2995 5176
4 3533 4195 4045 4655
4 3710 4237 4600 4945
4 2740 4833 102 4869
4 4101 4145 3542 5135
4 2495 2494 2493 4411
4 1680 1194 1254 5177
4 2222 2221 88 4439
4 662 659 661 5239
4 3370 3979 3609 4651
4 2795 335 334 1845
4 1603 1528 1841 5082
4 3119 3117 2498 2499
4 1880 1464 1015 4940
4 913 909 304 4561
4 1981 1983 70 4541
4 292 293 908 2367
4 62 3177 478 4535
4 1818 316 317 2916
4 1929 378 377 2855
4 1969 2070 2563 5121
4 3532 4556 3926 4654
4 499 3212 3214 2262
4 4195 4655 3533 4916
4 390 391 2817 1906
4 3517 4565 4232 4727
4 178 179 1774 616
4 3208 4377 3207 5155
4 1499 1874 1500 4760
4 379 378 2679 2810
4 167 166 724 1019
4 2004 117 2484 5236
4 449 3112 4252 4715
4 1913 2734 2334 5097
4 2869 340 339 1550
4 1406 1863 1414 4990
4 578 154 153 988
4 2756 2627 2281 5008
4 502 78 3225 4488
4 1021 170 171 592
4 3163 4232 3160 4727
4 434 3097 4495 5121
4 1098 1113 1100 5190
4 3140 2387 2379 3143
4 4056 4088 3637 5071
4 509 4451 4072 5058
4 193 194 702 2751
4 611 222 223 1921
4 2228 4007 2240 4451
4 1934 351 2785 2824
4 2256 4410 2356 4845
4 191 192 589 2754
4 436 33 3100 5112
4 718 203 204 2740
4 3155 464 3154 4467
4 3751 4249 3506 4635
4 418 4405 3056 4588
4 2535 2070 34 5121
4 975 958 912 4842
4 3225 4488 4039 5162
4 2741 4077 2482 4833
4 3370 3622 4063 5032
4 3104 4556 4288 4654
4 3348 4215 3346 4731
4 111 4606 549 5105
4 377 376 2680 2923
4 2928 328 327 1786
4 151 152 1024 590
4 2286 2724 2287 5064
4 2893 2889 2886 5122
4 4239 4677 3184 5026
4 2130 2129 2128 5197
4 2882 2943 2979 5223
4 2775 2688 10 1917
4 1413 1412 1769 5229
4 1896 380 379 2934
4 1414 1871 1768 5014
4 522 4353 2220 4653
4 298 297 2693 903
4 2042 2374 2661 4318
4 2932 336 335 1651
4 2450 112 2000 4274
4 3367 4209 3366 4876
4 1832 276 277 907
4 413 3058 21 4508
4 3535 4526 4031 4550
4 3164 2080 2059 3166
4 603 144 143 1029
4 461 4618 52 5046
4 2744 200 199 721
4 1032 1867 1874 5037
4 583 715 737 4197
4 149 150 998 707
4 2263 2265 2264 4282
4 1656 332 333 2794
4 190 189 2757 581
4 569 125 3353 4536
4 1520 1344 1521 4992
4 2739 3289 102 535
4 333 334 1007 2918
4 1006 160 161 609
4 363 364 2914 2714
4 319 320 994 2919
4 102 2739 2740 4869
4 2228 4007 86 5047
4 201 200 1932 597
4 32 2174 2533 4916
4 2406 2695 2405 5098
4 361 362 2799 2719
4 3508 4450 4850 4882
4 3568 4809 4259 5041
4 118 560 2624 3332
4 2357 78 2356 4410
4 464 2142 2144 4467
4 536 101 2482 2234
4 2397 2266 4377 4693
4 302 301 2688 904
4 3892 4200 3442 4332
4 314 315 1821 2894
4 281 280 897 1797
4 320 321 1812 2870
4 327 326 2789 989
4 3180 3181 3182 4548
4 1838 1885 1033 4598
4 556 4095 4263 5091
4 317 318 1028 2937
4 2355 2356 2256 4410
4 2656 440 2530 4288
4 186 185 2763 580
4 3767 4668 4583 4969
4 303 397 1917 2698
4 1852 331 332 2927
4 1027 147 148 728
4 798 788 580 5193
4 326 325 2861 1801
4 4101 5123 568 5135
4 1784 270 271 912
4 729 141 140 1864
4 668 4756 4642 4869
4 1784 1881 1804 5086
4 70 490 3194 4541
4 198 197 2747 604
4 288 289 911 2684
4 1331 1236 1330 5250
4 2224 2223 2222 4439
4 39 3105 443 4556
4 323 322 2920 1807
4 393 394 2827 2670
4 1002 311 312 2808
4 2612 2233 2613 5092
4 2690 253 252 810
4 2608 18 2417 5211
4 601 146 145 992
4 2812 372 373 2686
4 646 739 756 5019
4 2786 267 268 895
4 803 130 129 576
4 324 323 2788 1005
4 819 231 230 1777
4 2298 2330 2329 4138
4 2177 2086 4227 4965
4 2698 304 303 909
4 135 134 749 957
4 204 2739 205 4869
4 2738 913 304 4561
4 439 3094 3095 2651
4 3539 4583 3767 4668
4 2264 2265 2662 4893
4 866 226 227 2961
4 436 3956 4526 5112
4 3062 3060 4227 4917
4 325 324 2921 1803
4 248 249 818 2671
4 2177 2088 2086 4965
4 1888 199 198 671
4 2617 476 4535 5041
4 321 322 1025 2800
4 880 2784 1 762
4 2481 2207 2234 4969
4 2414 16 409 3044
4 883 763 0 1884
4 3235 2660 2375 3236
4 3280 96 528 4583
4 3299 4249 3301 4901
4 2698 397 1917 3020
4 299 298 2696 948
4 414 2288 2291 4515
4 5 881 2972 2783
4 975 1882 2 764
4 3548 4456 4027 4876
4 1035 179 180 614
4 3095 3094 3093 2534
4 493 72 3211 2262
4 224 225 615 1936
4 1856 1690 1411 5198
4 426 3068 3069 2090
4 3043 414 3042 4515
4 2970 882 4 1883
4 974 761 3 2782
4 1826 312 313 2936
4 470 59 3156 4616
4 65 3184 480 5026
4 3953 4850 3024 4882
4 3336 3334 554 4551
4 23 3056 419 4588
4 64 2474 486 3189
4 7 2785 2969 973
4 348 347 2803 1012
4 313 314 1030 2813
4 3075 430 3073 4542
4 2536 2563 2535 4408
4 2971 1885 6 976
4 996 330 331 2819
4 3533 4655 4408 4916
4 567 4731 4215 4945
4 362 363 2910 1928
4 109 2553 1993 4918
4 2739 3289 535 4869
4 2582 2323 2324 4890
4 3676 4556 4288 4991
4 376 375 1897 2793
4 293 294 940 1909
4 3008 2995 2790 5176
4 3575 3839 4263 5220
4 360 359 2722 2791
4 433 32 3092 2534
4 3567 4361 3955 5005
4 437 3091 3089 4550
4 192 193 699 1927
4 668 204 205 4869
4 2671 2783 1935 4740
4 435 3087 35 4655
4 1559 1561 1785 4925
4 2142 2078 2138 4467
4 315 316 993 2811
4 189 188 1930 705
4 2807 370 371 2700
4 2697 264 263 816
4 329 330 1781 2879
4 2825 350 349 1034
4 2291 2293 16 5001
4 437 36 3104 4654
4 1026 328 329 2801
4 2006 2005 2004 5236
4 1395 1713 1427 4647
4 2222 88 2220 4653
4 3094 34 2535 439
4 2661 82 3230 4318
4 955 269 268 2960
4 748 130 131 863
4 2397 2271 2266 4693
4 3083 3082 4304 4883
4 109 1993 2013 4918
4 2911 371 372 1889
4 553 3330 114 2453
4 3260 517 3259 2221
4 2032 2357 1946 4488
4 2327 2133 2326 4436
4 2356 74 2258 4845
4 16 414 2291 3042
4 532 3278 97 4668
4 540 3302 3303 4595
4 99 530 3286 4756
4 2726 358 357 2798
4 3262 3260 3259 2219
4 2738 305 304 913
4 375 374 2681 2881
4 2084 2150 2424 4508
4 3164 2059 58 469
4 755 667 669 5093
4 98 2733 1907 4856
4 541 106 3300 1990
4 3549 4394 5002 5166
4 2229 2228 86 5047
4 2535 4408 2563 5121
4 2826 394 395 1935
4 3274 99 531 4679
4 4227 4917 420 4965
4 357 356 1903 2913
4 3064 420 25 4681
4 4039 4520 3223 5162
4 587 139 138 1013
4 2559 2595 2699 5062
4 3143 53 2144 462
4 3370 3417 4810 5163
4 2884 368 369 1905
4 474 2081 56 3161
4 228 229 865 2962
4 128 129 747 864
4 267 266 956 2959
4 2660 3235 3238 3236
4 2228 2240 2241 4451
4 191 190 1892 695
4 905 984 948 5184
4 3438 4285 3934 4287
4 958 132 133 750
4 2532 2533 2174 4916
4 516 3255 88 4653
4 396 3018 8 4561
4 4535 4809 3568 5041
4 538 4642 3287 4869
4 737 583 4197 4756
4 93 2217 2218 4847
4 286 287 1838 910
4 103 537 3287 4642
4 3230 82 2661 505
4 3308 3306 3307 1992
4 3939 4608 3481 5162
4 478 4091 4535 4809
4 452 3119 45 2499
4 494 4845 3215 5232
4 2292 2291 4515 5001
4 60 3163 472 4727
4 2245 2076 2447 4424
4 4026 4116 3527 5046
4 236 237 1792 859
4 2234 534 101 4969
4 2609 2142 54 5040
4 2524 2577 2723 5203
4 3208 4693 4377 5155
4 1934 2738 2759 4561
4 2543 2478 2065 5087
4 3210 497 77 4693
4 3507 4218 3831 4676
4 183 182 2766 694
4 418 3051 22 4696
4 240 239 831 1793
4 1931 359 358 2917
4 2792 364 365 1894
4 564 3346 121 4731
4 670 718 668 4869
4 194 195 582 1891
4 538 4833 4394 4869
4 458 3144 51 4734
4 2323 2582 2429 4890
4 498 77 2397 4693
4 297 296 1887 964
4 3436 4088 4056 4534
4 4530 4750 504 5124
4 2499 3119 45 2497
4 243 242 806 1868
4 2730 356 355 2790
4 2338 2339 2231 5031
4 2562 2160 42 4493
4 2326 50 3135 4436
4 3022 3021 3020 2331
4 3022 3021 2331 3023
4 3481 4488 3939 5162
4 1830 310 311 2938
4 361 360 1893 2908
4 3827 4408 3533 4655
4 2331 402 13 2759
4 112 2450 3324 4274
4 257 256 1886 872
4 508 3231 81 4750
4 3950 4079 3439 4250
4 480 3185 64 4677
4 374 373 1925 2926
4 2929 369 370 2702
4 308 309 1014 2797
4 670 757 718 4394
4 598 142 141 1001
4 3353 4536 4145 5135
4 2275 2274 2362 5078
4 726 143 142 1861
4 98 529 2733 4856
4 2814 367 368 2706
4 4418 5023 556 5091
4 698 140 139 1865
4 2659 2373 2375 5124
4 241 240 805 1795
4 3441 4112 3947 4113
4 2564 2252 2451 4975
4 440 2656 3106 4288
4 667 766 669 5093
4 2635 14 2775 4850
4 2291 16 4515 5001
4 2290 2292 2291 4515
4 237 238 1870 854
4 309 310 1831 2909
4 14 2635 2775 2329
4 2698 8 402 2759
4 2698 2738 304 4561
4 2497 3115 45 4715
4 403 3027 3026 4850
4 3227 507 3229 4684
4 3309 3307 548 1992
4 2049 2447 2076 4424
4 4410 4845 3607 5232
4 65 483 3197 4718
4 2065 1990 2543 5087
4 3184 4677 480 5026
4 670 668 4642 4869
4 247 246 817 1837
4 2398 2241 2240 4451
4 2694 259 258 855
4 479 63 3176 4809
4 3114 3115 450 4715
4 2133 2167 2326 4436
4 2217 2216 2218 4847
4 2397 2353 2271 4693
4 2436 2729 2733 4856
4 537 4756 4642 5093
4 3326 4418 3327 5023
4 2530 2649 2010 4991
4 4197 4679 530 4856
4 2698 8 397 3020
4 244 243 825 1796
4 848 249 250 2778
4 574 3359 3361 4678
4 2004 2484 2006 5236
4 102 538 3289 4869
4 2357 2032 2664 4488
4 2536 2535 2533 4408
4 2288 2424 2150 4508
4 673 138 137 1867
4 75 501 5178 5232
4 3567 5005 3955 5078
4 1881 271 272 944
4 58 2076 3170 4424
4 2054 2052 2053 4536
4 536 2482 102 3282
4 3910 3534 4499 5157
4 1933 182 181 613
4 2291 3042 414 4515
4 137 136 612 1032
4 188 187 2760 588
4 2907 2992 2804 5174
4 185 184 2764 703
4 2331 1917 2775 3021
4 2091 2092 2093 4926
4 3527 4467 4026 5046
4 2047 2060 2046 4696
4 289 290 941 2781
4 434 4495 5089 5121
4 2735 353 352 2906
4 195 196 754 2749
4 2086 2088 2087 4965
4 571 3356 126 2429
4 850 232 231 1875
4 2695 262 261 812
4 1880 273 274 943
4 2356 2258 2256 4845
4 2222 2223 2221 4439
4 61 2617 2148 5041
4 457 50 2326 3140
4 258 257 2692 811
4 3324 2450 112 553
4 2357 2356 2355 4410
4 2731 355 354 2915
4 2061 2424 2060 4405
4 2222 2220 2442 4653
4 3217 494 74 4845
4 2563 2070 2535 5121
4 3277 98 530 4856
4 3476 3987 4679 4856
4 1981 1982 1983 4541
4 403 2775 3021 3023
4 2804 3002 2869 5231
4 234 233 847 1873
4 668 583 669 4756
4 2648 2474 2646 4677
4 2566 2565 2713 5185
4 3118 3117 451 2498
4 2661 2374 2362 4318
4 3343 4428 3342 5225
4 2229 2227 2228 5047
4 2608 2417 2048 5211
4 1902 187 186 701
4 575 3366 124 4876
4 494 4178 4845 5232
4 2013 1993 2553 4918
4 737 669 583 4756
4 440 37 3106 2656
4 3297 538 102 4833
4 563 4151 5220 5225
4 2142 2138 2144 4467
4 2450 2000 2064 4274
4 2609 2629 2142 5040
4 3527 4618 4467 5046
4 2608 415 18 3050
4 430 3083 31 4883
4 46 2736 4226 4933
4 2209 2234 2207 4969
4 2765 2411 2409 5230
4 2656 2530 2570 4288
4 405 3025 15 4882
4 2739 204 2740 4869
4 540 3301 105 4901
4 134 133 577 894
4 802 227 228 2787
4 32 3084 432 4916
4 122 565 3355 2428
4 521 3272 93 4847
4 3096 4495 3099 5089
4 512 2660 3238 3236
4 3360 566 122 4890
4 2723 2577 2567 5203
4 1008 235 236 814
4 184 183 1912 610
4 3483 4917 4227 4965
4 2736 2161 2745 4226
4 283 282 898 1877
4 1810 1555 1556 5181
4 2053 570 3353 4536
4 2737 265 264 820
4 1017 284 285 899
4 1934 352 351 2824
4 25 3060 423 4917
4 545 109 3305 4918
4 1033 306 307 2823
4 2291 2292 2293 5001
4 2148 2617 2233 5041
4 3847 4215 3521 4945
4 2784 1 265 880
4 454 3123 46 4933
4 2635 2688 2341 4850
4 38 3095 440 2651
4 3481 4608 4520 5162
4 3353 125 2053 4536
4 3117 3118 3119 2498
4 668 669 4642 4756
4 3476 4679 4197 4856
4 500 3213 77 2664
4 2209 2211 2547 4583
4 2785 7 305 973
4 2688 2775 403 4850
4 766 4642 669 5093
4 1835 307 308 2885
4 101 3281 533 4969
4 883 0 247 1884
4 1882 180 2 764
4 196 197 753 1923
4 763 136 0 1884
4 2740 2482 102 4833
4 2729 1907 2733 4856
4 3563 4542 3962 5100
4 294 295 901 2732
4 1913 354 353 2821
4 3551 4418 3884 5091
4 880 1 131 762
4 2969 269 7 973
4 10 403 2775 1917
4 761 225 3 2782
4 2745 2499 2736 4226
4 2784 181 1 762
4 3938 4606 3540 5105
4 1885 287 6 976
4 3239 513 83 5005
4 4394 4833 538 5166
4 484 3184 65 5026
4 4 350 2970 1883
4 2768 261 260 853
4 2125 2160 2562 4493
4 2971 6 266 976
4 763 0 128 883
4 2288 2290 2291 4515
4 2152 2328 2617 4535
4 1916 263 262 858
4 113 3326 552 5023
4 3987 4255 3476 4679
4 3434 3839 4205 4263
4 809 254 255 2691
4 4095 5023 3551 5091
4 473 3179 61 5041
4 467 3153 52 5046
4 2972 395 5 2783
4 435 3100 33 5112
4 2740 2741 2482 4833
4 3542 4536 4027 5135
4 515 3248 84 5058
4 3481 4039 4488 5162
4 2966 365 366 2711
4 3508 4850 3953 4882
4 3370 3622 4651 5235
4 3434 4205 4095 4263
4 1869 277 278 939
4 3096 441 35 5089
4 543 107 3316 5071
4 6 306 1885 2971
4 111 3311 550 5105
4 4260 5178 501 5232
4 534 3283 96 2547
4 3213 3214 3212 2262
4 46 2160 2736 4933
4 2127 2736 2160 4933
4 366 367 2965 1924
4 3902 4285 3438 4287
4 881 229 5 2972
4 2260 2263 2264 4282
4 2785 351 7 2969
4 409 3045 2630 3044
4 12 3030 407 4999
4 2 132 975 764
4 2698 402 8 3020
4 947 300 301 2776
4 489 71 3198 5157
4 451 42 3118 2498
4 2660 3238 86 512
4 3609 3370 4651 5235
4 568 124 3351 5135
4 3559 4428 4417 5225
4 3224 503 79 5162
4 3294 539 103 5166
4 946 291 292 2780
4 17 3052 412 5154
4 4072 4451 3530 5058
4 3208 496 76 5155
4 563 5220 119 5225
4 852 251 252 2773
4 505 2375 80 3237
4 547 106 3308 1992
4 2379 457 3140 3142
4 3188 3190 2473 3187
4 476 61 2080 3167
4 1882 2 270 975
4 974 3 288 2782
4 58 2076 475 3170
4 3232 80 504 5124
4 3021 1917 397 3020
4 1908 254 253 846
4 761 3 135 974
4 563 3341 119 5220
4 4 226 882 2970
4 563 119 3343 5225
4 102 3289 2739 4869
4 3166 2081 56 474
4 670 668 669 4642
4 204 668 718 4869
4 1896 2495 2496 4938
4 3365 568 121 5123
4 450 3115 2497 4715
4 882 230 4 1883
4 3959 4355 3480 5094
4 881 5 248 2783
4 255 256 889 2770
4 8 2759 2698 4561
4 3215 501 75 5232
4 450 45 2497 3115
4 670 669 766 4642
4 2496 2497 1926 4715
4 3530 4451 4007 5058
4 245 244 807 1016
4 3998 5178 4260 5232
4 3520 4677 4239 5026
4 10 403 1917 3021
4 3506 4635 4249 4901
4 3259 522 3261 2219
4 3609 4915 3370 5235
4 4077 4833 3549 5166
4 2635 2775 2688 4850
4 3118 3116 3119 2498
4 2535 34 3094 433
4 4377 4693 3547 5155
4 3117 3119 452 2499
4 3262 3259 3261 2219
4 547 3309 110 1992
4 3481 4520 4039 5162
4 3549 4833 4394 5166
4 3607 4845 4178 5232
4 77 3213 498 2397
4 3045 3047 415 2630
4 4145 4536 3542 5135
4 427 2458 26 3070
4 2037 560 117 3331
4 3568 4535 4091 4809
4 295 296 982 2769
4 2379 3142 3143 462
4 2653 481 66 3188
4 37 440 3093 2656
4 3211 3213 3212 2262
4 4069 4750 3557 5124
4 669 4642 4756 5093
4 4288 4556 3532 4654
4 3331 2037 3332 3330
4 3308 3307 3309 1992
4 3333 112 2450 553
4 3070 2458 3069 3071
4 3557 4750 4530 5124
4 1991 104 541 3306
4 2698 2759 2738 4561
4 2037 3331 3333 3330
4 3370 4810 3609 5163
4 64 481 2653 3189
4 488 2473 70 3190
4 69 2473 488 3187
4 3166 3165 2080 3167
4 3165 3166 2080 3164
4 3094 3092 3093 2534
4 402 2331 3022 3020
4 3166 3167 2080 474
4 4215 4731 3521 4945
4 3622 3370 4915 5235
4 433 3092 3094 2534
4 3356 3357 3354 2428
4 3356 3357 2428 3355
4 500 3214 3213 2664
4 3070 2458 26 421
4 3551 5023 4418 5091
4 2630 3045 3047 3046
4 3046 2630 3045 3044
4 512 85 2241 3236
4 2176 30 428 3071
4 3370 3609 4810 4915
4 3092 32 438 2534
4 3552 5089 4495 5121
4 3237 3236 2375 510
4 3284 3283 2483 3282
4 3331 117 2037 558
4 109 1993 3307 546
4 2661 82 3235 505
4 475 2076 58 3164
4 403 2775 1917 3021
4 524 3261 93 2219
4 1993 109 3307 548
4 534 101 3284 2234
4 457 2379 48 3142
4 3331 2037 560 3332
4 3354 570 125 2053
4 3188 2653 481 3189
4 3356 572 126 2071
4 3285 2483 3283 3282
4 571 3355 3356 2428
4 523 90 3260 2238
4 427 2458 3070 3071
4 3119 45 2497 450
4 3212 74 493 2262
4 500 78 3214 2664
4 3142 2379 48 462
4 469 2059 56 3166
4 3069 2458 3070 421
4 104 1991 546 3306
4 415 18 3045 2608
4 3141 3140 2387 463
4 511 3235 3238 2660
4 3023 404 2331 3022
4 511 3238 86 2660
4 3117 452 46 2499
4 2775 403 14 3023
4 2483 3283 529 3285
4 3143 2144 53 464
4 3141 2387 54 463
4 29 3068 426 2090
4 3190 488 2473 3187
4 3237 2375 80 510
4 439 3095 38 2651
4 88 3259 517 2221
4 445 3118 42 2498
4 414 2630 3046 3044
4 3333 3331 2037 558
4 2331 13 402 3022
4 3330 559 114 2453
4 3282 3285 2483 535
4 3093 3092 438 2534
4 3212 493 3211 2262
4 2630 3047 416 3046
4 524 3262 3261 2219
4 3116 3118 445 2498
4 3355 565 3357 2428
4 476 2080 3165 3167
4 547 3308 3309 1992
4 404 13 2331 3022
4 1917 397 10 3021
4 2413 4076 2325 2637
4 2325 4076 2413 3999
4 3949 4224 4560 3603
4 3949 4560 4224 2546
4 2585 4224 4560 2546
4 5161 2892 5176 3860
4 5161 5176 2892 3901
4 4581 2123 2125 2124
4 4058 1065 4589 3630
4 4058 4589 1065 1066
4 4241 3579 4581 3706
4 4241 4581 3579 3400
4 3889 4336 5251 2289
4 3889 5251 4336 3972
4 2625 5251 4336 2289
4 2625 4336 5251 3972
4 4330 2302 3898 2303
4 4330 3898 2302 4290
4 4560 2546 2512 2585
4 4560 2512 2546 3949
4 4828 3773 3571 3872
4 4828 3571 3773 4340
4 1618 5004 4242 1083
4 4242 5004 1618 3748
4 4493 2123 4581 3761
4 4493 4581 2123 2125
4 4265 3742 3133 2327
4 4265 3133 3742 456
4 48 3133 3742 2327
4 48 3742 3133 456
4 5146 4348 1666 3804
4 5146 1666 4348 1212
4 4784 4134 3972 2626
4 4784 3972 4134 3632
4 4338 2781 4617 2684
4 4338 4617 2781 4191
4 4894 3671 4629 3408
4 4894 4629 3671 4167
4 5176 3860 3491 5161
4 5176 3491 3860 4670
4 4879 4368 3375 3574
4 4879 3375 4368 3813
4 4330 3531 4792 3655
4 4330 4792 3531 3898
4 4290 2666 4330 3686
4 4290 4330 2666 2302
4 4345 1071 4366 1127
4 4345 4366 1071 3882
4 4342 1708 3493 1552
4 4342 3493 1708 3870
4 4892 4179 3446 3713
4 4892 3446 4179 4586
4 4875 4234 1578 1076
4 4875 1578 4234 3503
4 110 4401 4028 1994
4 4028 4401 110 550
4 4565 4332 4002 57
4 4565 4002 4332 3588
4 4560 2158 4224 2585
4 4560 4224 2158 3603
4 3771 4654 37 2173
4 5151 4008 3864 4497
4 5151 3864 4008 3925
4 3513 3864 4008 4497
4 3513 4008 3864 3925
4 4022 1260 4597 3750
4 4022 4597 1260 1329
4 4117 1302 5022 1303
4 4117 5022 1302 3707
4 3553 4538 4361 3947
4 3553 4361 4538 3652
4 87 4361 4538 3947
4 87 4538 4361 3652
4 4143 4964 4084 2748
4 4084 4964 4143 3651
4 4270 2055 2325 2039
4 4270 2325 2055 3999
4 4191 945 5086 971
4 4191 5086 945 3766
4 3999 2447 2415 2055
4 4689 4527 4090 3639
4 4689 4090 4527 3498
4 4111 1504 4472 1710
4 4111 4472 1504 3848
4 4962 1058 3624 4247
4 4962 3624 1058 1057
4 4605 3624 1058 4247
4 4605 1058 3624 1057
4 4258 3783 3422 3508
4 4258 3422 3783 4044
4 4507 1532 1771 1770
4 4507 1771 1532 4154
4 4384 4540 4764 3800
4 4764 4540 4384 3913
4 4638 1487 1744 1485
4 4637 3800 4171 3538
4 4637 4171 3800 3919
4 4722 2922 2829 2822
4 4722 2829 2922 3784
4 5125 4810 3829 3417
4 5125 3829 4810 3693
4 2189 3713 4445 4906
4 2189 4445 3713 4943
4 4846 1224 4074 1544
4 4846 4074 1224 3496
4 62 3918 4535 478
4 4535 3918 62 2152
4 4716 4826 3992 3610
4 3992 4826 4716 3522
4 4053 774 647 648
4 4053 647 774 3878
4 4641 3897 4128 3612
4 4641 4128 3897 3432
4 5233 3456 4968 3626
4 4968 3456 5233 3763
4 4968 3797 5233 3626
4 5233 3797 4968 3763
4 4028 4937 3540 3818
4 3540 4937 4028 3664
4 4270 2325 2592 2039
4 4270 2592 2325 3717
4 4938 2853 2930 2934
4 4938 2930 2853 3668
4 5233 4275 3797 3763
4 5233 3797 4275 5000
4 609 4557 1006 666
4 1006 4557 609 4466
4 4906 2190 3713 4179
4 4906 3713 2190 2189
4 3830 5122 4519 3537
4 4519 5122 3830 3674
4 4042 1808 4521 3769
4 4042 4521 1808 1682
4 5209 3393 4628 3993
4 5209 4628 3393 3607
4 21 4055 3593 413
4 3593 4055 21 2288
4 3593 4515 21 413
4 21 4515 3593 2288
4 4650 5028 4742 3653
4 4742 5028 4650 3984
4 5032 4701 3417 4057
4 5032 3417 4701 4967
4 4760 1866 4010 4423
4 4760 4010 1866 1498
4 4359 4283 1382 3809
4 4359 1382 4283 1386
4 1701 1382 4283 3809
4 1701 4283 1382 1386
4 4343 1324 1681 1380
4 4343 1681 1324 3928
4 5177 3458 4164 3859
4 5177 4164 3458 4098
4 4386 2393 4849 2391
4 4386 4849 2393 3645
4 4429 5206 4309 3634
4 4309 5206 4429 2456
4 2572 4141 2109 2156
4 2109 4141 2572 4398
4 4216 1670 4476 3855
4 4216 4476 1670 1407
4 4935 5156 1455 1453
4 1455 5156 4935 3933
4 4484 1553 1190 4098
4 4484 1190 1553 1253
4 4504 4082 4070 3455
4 4504 4070 4082 3790
4 4506 3487 1283 4202
4 4506 1283 3487 4114
4 4781 3880 4404 3990
4 4781 4404 3880 3632
4 4075 3544 3937 573
4 3937 3544 4075 3930
4 3937 123 4075 573
4 4075 123 3937 3930
4 5196 3446 4759 4114
4 5196 4759 3446 3812
4 4194 5209 3939 1944
4 3939 5209 4194 3543
4 1887 903 297 964
4 297 903 1887 2693
4 4188 1464 4006 3680
4 4188 4006 1464 1463
4 4312 3148 4096 49
4 4312 4096 3148 3633
4 4336 2149 5247 2286
4 4336 5247 2149 3889
4 3754 5085 3461 3967
4 3461 5085 3754 4923
4 4567 1484 3922 4203
4 4567 3922 1484 1053
4 4732 3747 1278 4202
4 4732 1278 3747 4537
4 4429 4735 4743 3685
4 4743 4735 4429 3448
4 5019 644 645 4514
4 5019 645 644 646
4 4380 1591 3687 1758
4 4380 3687 1591 3832
4 4607 3687 1591 1758
4 4607 1591 3687 3832
4 5013 2350 4302 2351
4 5013 4302 2350 3856
4 3488 4953 4573 4011
4 3488 4573 4953 1153
4 1155 4573 4953 4011
4 1155 4953 4573 1153
4 5207 1312 3994 4168
4 5207 3994 1312 1313
4 1314 3994 1312 4168
4 1314 1312 3994 1313
4 4695 1501 4631 1494
4 4695 4631 1501 3478
4 4458 2993 2978 4065
4 4458 2978 2993 2838
4 4501 4782 5168 3600
4 5168 4782 4501 3856
4 4384 2314 2181 2420
4 4384 2181 2314 3800
4 4910 3676 3385 3532
4 4910 3385 3676 4347
4 4668 528 3695 4583
4 4668 3695 528 97
4 5122 4598 5189 3537
4 5122 5189 4598 2893
4 3824 2393 4386 2647
4 3824 4386 2393 3645
4 874 4136 809 2770
4 874 809 4136 3929
4 2691 809 4136 2770
4 2691 4136 809 3929
4 4881 1087 3473 1089
4 4881 3473 1087 4813
4 4780 4811 3970 3786
4 3970 4811 4780 4230
4 4486 1445 3984 1037
4 4486 3984 1445 3793
4 4539 4682 3499 3801
4 3499 4682 4539 3793
4 536 101 4077 2482
4 536 4077 101 3295
4 3414 5101 3751 3641
4 3751 5101 3414 4441
4 4321 3493 5117 3813
4 4321 5117 3493 3802
4 5017 1751 3964 1582
4 5017 3964 1751 4808
4 4859 3817 3969 3437
4 4859 3969 3817 4246
4 4378 4396 3396 4219
4 3396 4396 4378 3863
4 4398 2110 4141 3720
4 4398 4141 2110 2109
4 4869 535 1907 3288
4 4869 1907 535 2739
4 5070 5242 4415 3762
4 4415 5242 5070 3781
4 1363 4738 1467 1364
4 1467 4738 1363 4188
4 5018 3513 4040 4838
4 5018 4040 3513 4925
4 1018 4435 847 1873
4 847 4435 1018 3876
4 1327 4791 1763 1357
4 1763 4791 1327 3441
4 4828 5034 3571 4340
4 3571 5034 4828 4471
4 4463 1495 4152 1247
4 4463 4152 1495 3803
4 4339 1748 1242 1104
4 4339 1242 1748 4083
4 1042 4486 5028 1039
4 5028 4486 1042 3708
4 4532 2075 2416 2147
4 4532 2416 2075 3548
4 5074 4613 1365 1462
4 5074 1365 4613 3774
4 5202 3868 4928 4831
4 5202 4928 3868 3649
4 4300 1475 3836 4294
4 4300 3836 1475 1416
4 5170 3583 4703 4001
4 5170 4703 3583 3846
4 5055 2261 3869 2358
4 5055 3869 2261 4298
4 4576 5182 5108 3699
4 5108 5182 4576 3647
4 3962 3386 4248 3563
4 3962 4248 3386 3645
4 4185 2557 4316 2558
4 4185 4316 2557 4127
4 4318 83 5078 506
4 4318 5078 83 3673
4 4806 3943 3498 4108
4 4806 3498 3943 4257
4 4035 3377 4764 3621
4 4035 4764 3377 3526
4 3565 4897 3772 3873
4 3772 4897 3565 4741
4 4123 25 3079 3814
4 4123 3079 25 424
4 5055 2673 2683 2361
4 5055 2683 2673 3765
4 4960 996 1773 1852
4 4960 1773 996 4021
4 1866 4597 1433 1673
4 1433 4597 1866 3758
4 4347 2010 4268 3676
4 4347 4268 2010 2529
4 2561 4654 2173 2570
4 2173 4654 2561 3771
4 126 4262 4209 574
4 4209 4262 126 2079
4 4395 51 3149 465
4 4395 3149 51 4096
4 5096 4902 1727 1595
4 5096 1727 4902 3951
4 5103 3719 3458 3689
4 3458 3719 5103 3879
4 3458 4674 5103 3689
4 5103 4674 3458 3879
4 2640 4132 2691 2777
4 2691 4132 2640 3929
4 4753 4915 4083 3614
4 4083 4915 4753 4133
4 997 638 169 1805
4 997 169 638 711
4 4819 1321 4771 1512
4 4819 4771 1321 4107
4 5045 2131 3511 4097
4 5045 3511 2131 4801
4 111 4401 550 3321
4 550 4401 111 4028
4 4764 2611 4035 3621
4 4764 4035 2611 2182
4 4310 2400 4046 2282
4 4310 4046 2400 3841
4 5029 715 642 639
4 5029 642 715 4197
4 4329 2546 2157 3949
4 4329 2157 2546 2115
4 4887 5139 3397 3772
4 3397 5139 4887 3536
4 5070 1735 5106 1737
4 5070 5106 1735 3857
4 4666 1377 3961 4208
4 4666 3961 1377 1802
4 1444 3961 1377 4208
4 1444 1377 3961 1802
4 4852 1650 1648 1649
4 4852 1648 1650 3440
4 4702 779 770 676
4 4702 770 779 3825
4 4844 2555 4313 2155
4 4844 4313 2555 3709
4 4312 3690 3433 4150
4 4312 3433 3690 3512
4 5146 5147 4080 3669
4 4080 5147 5146 3804
4 4705 4783 3376 4121
4 3376 4783 4705 3557
4 4940 4768 4709 934
4 4940 4709 4768 3680
4 4571 1182 1183 1184
4 4571 1183 1182 4303
4 4411 41 444 3760
4 4411 444 41 3110
4 3127 5080 455 44
4 455 5080 3127 3732
4 4375 4971 4875 3385
4 4875 4971 4375 3968
4 4854 5051 4793 3660
4 4793 5051 4854 2904
4 4789 4105 795 3799
4 4789 795 4105 4464
4 4571 5179 4303 3477
4 4303 5179 4571 1183
4 5213 4248 3610 3907
4 5213 3610 4248 4849
4 4364 3120 3579 453
4 4364 3579 3120 3995
4 927 4623 928 930
4 928 4623 927 4307
4 4346 4566 3736 4104
4 3736 4566 4346 3712
4 1013 698 139 1865
4 1013 139 698 587
4 2193 4943 2596 2191
4 2596 4943 2193 4325
4 4409 17 408 3746
4 4409 408 17 3038
4 4411 41 447 3110
4 4411 447 41 4256
4 5238 4646 3828 3620
4 5238 3828 4646 4046
4 4897 2202 2248 3873
4 4897 2248 2202 2571
4 1904 4400 710 607
4 1904 710 4400 3801
4 785 710 4400 607
4 785 4400 710 3801
4 5014 1797 897 3945
4 897 1797 5014 3756
4 897 4804 5014 3945
4 5014 4804 897 3756
4 5099 1348 3863 1624
4 5099 3863 1348 4396
4 1307 3863 1348 1624
4 1307 1348 3863 4396
4 4401 111 4534 3321
4 4401 4534 111 3546
4 4467 4720 4590 2078
4 4590 4720 4467 3527
4 4590 4026 4467 2078
4 4467 4026 4590 3527
4 4727 3517 4332 3892
4 4899 3563 5100 3587
4 4899 5100 3563 3962
4 4424 2415 3999 2447
4 4424 3999 2415 3574
4 5067 3578 3534 4421
4 5067 3534 3578 3397
4 3403 4755 3750 3930
4 3750 4755 3403 4487
4 5108 4233 4396 3605
4 5108 4396 4233 3699
4 4284 1719 4440 1720
4 4284 4440 1719 4048
4 4596 5028 4742 1787
4 4742 5028 4596 3653
4 4502 579 650 649
4 4502 650 579 3980
4 1562 5146 1216 1245
4 1216 5146 1562 5107
4 5070 1742 3781 1740
4 5070 3781 1742 4415
4 1511 3781 1742 1740
4 1511 1742 3781 4415
4 2773 5092 1914 2613
4 1914 5092 2773 4296
4 2545 4371 2519 2655
4 2519 4371 2545 4201
4 4668 3396 4352 3606
4 4668 4352 3396 3539
4 763 1032 5037 612
4 5037 1032 763 1884
4 4405 4447 2083 2084
4 2083 4447 4405 3785
4 5167 4070 3628 4983
4 5167 3628 4070 4665
4 1078 4481 3503 1578
4 3503 4481 1078 4374
4 3503 4234 1078 1578
4 1078 4234 3503 4374
4 2059 58 3986 2049
4 2059 3986 58 469
4 2054 4624 4930 2615
4 4930 4624 2054 4027
4 4930 2074 2054 2615
4 2054 2074 4930 4027
4 4295 712 713 4042
4 4295 713 712 772
4 4868 4716 3645 3610
4 4868 3645 4716 3776
4 4654 3675 3532 3771
4 4654 3532 3675 3926
4 4841 3532 3675 3771
4 4841 3675 3532 3926
4 5010 3383 4204 4527
4 5010 4204 3383 3529
4 4850 2301 4450 3508
4 4850 4450 2301 2635
4 4761 4413 3641 3394
4 4761 3641 4413 4109
4 2760 701 3799 588
4 3799 701 2760 1902
4 4463 1175 1233 1171
4 4463 1233 1175 4198
4 480 5026 3741 65
4 3741 5026 480 4677
4 790 4837 778 656
4 778 4837 790 3821
4 858 2697 263 816
4 858 263 2697 1916
4 4762 1064 1063 4228
4 4762 1063 1064 1062
4 5241 1171 1247 1530
4 5241 1247 1171 4463
4 4299 5042 4928 3787
4 4928 5042 4299 3459
4 4358 4884 4160 3416
4 4160 4884 4358 3979
4 5174 2850 4261 2992
4 5174 4261 2850 3759
4 5072 1615 4326 1161
4 5072 4326 1615 4440
4 4953 3809 5216 4311
4 4953 5216 3809 4011
4 4877 1294 1407 1292
4 4877 1407 1294 3840
4 4578 5020 4511 3777
4 4511 5020 4578 3792
4 4421 4541 3536 3578
4 3536 4541 4421 3831
4 4831 2940 2954 3868
4 4831 2954 2940 2948
4 5169 4128 4924 2466
4 4924 4128 5169 3816
4 4924 2467 5169 2466
4 5169 2467 4924 3816
4 4693 2270 5015 2271
4 4693 5015 2270 3547
4 4519 4334 3830 12
4 4519 3830 4334 3674
4 758 4650 4742 630
4 4742 4650 758 3984
4 4742 596 758 630
4 758 596 4742 3984
4 14 4138 3677 2329
4 3677 4138 14 406
4 3677 4450 14 2329
4 14 4450 3677 406
4 4805 89 3611 519
4 4805 3611 89 4376
4 4004 3611 89 519
4 4004 89 3611 4376
4 4316 4928 5042 3649
4 5042 4928 4316 3459
4 4037 5248 4554 3381
4 4554 5248 4037 3717
4 5059 3568 4809 3423
4 5059 4809 3568 4091
4 5152 3490 4433 4289
4 5152 4433 3490 4165
4 5008 1886 3753 2756
4 5008 3753 1886 4136
4 4688 3864 2685 4528
4 4688 2685 3864 4497
4 1072 3882 1073 1071
4 1073 3882 1072 4976
4 1008 859 4173 814
4 4173 859 1008 1792
4 4483 1719 1674 1718
4 4483 1674 1719 4048
4 3962 26 3824 422
4 3962 3824 26 2395
4 4621 1659 4280 1097
4 4621 4280 1659 3991
4 2766 610 4102 1912
4 4102 610 2766 694
4 4898 1377 1379 4208
4 4898 1379 1377 1378
4 4249 4707 1987 1988
4 1987 4707 4249 3506
4 4436 2132 3511 2133
4 4436 3511 2132 3794
4 5136 2135 3847 2601
4 5136 3847 2135 3913
4 4547 3138 3136 456
4 4547 3136 3138 4183
4 1799 910 4598 950
4 4598 910 1799 1838
4 3629 4747 3567 3406
4 3567 4747 3629 4357
4 4031 32 4916 2174
4 4031 4916 32 432
4 4529 69 4239 2472
4 4529 4239 69 485
4 4727 4565 4332 3517
4 4727 4332 4565 57
4 932 1465 275 902
4 932 275 1465 1009
4 4760 1872 1798 3838
4 4760 1798 1872 1499
4 4864 2973 4185 2867
4 4864 4185 2973 4824
4 3776 4610 4638 1487
4 3776 4638 4610 3976
4 1744 4638 4610 1487
4 1744 4610 4638 3976
4 4637 787 777 686
4 4637 777 787 4171
4 4834 2991 2966 2792
4 849 4671 876 890
4 876 4671 849 4296
4 4101 5216 4878 3488
4 4878 5216 4101 3542
4 97 4250 3291 532
4 3291 4250 97 4043
4 4801 3742 2327 2604
4 2327 3742 4801 3511
4 2327 2133 4801 2604
4 4801 2133 2327 3511
4 3662 4739 4529 3678
4 3662 4529 4739 3432
4 4407 4529 4739 3678
4 4407 4739 4529 3432
4 5090 2991 4834 4412
4 5090 4834 2991 2966
4 866 2787 227 802
4 866 227 2787 2961
4 4767 4290 4944 3422
4 4767 4944 4290 3686
4 4867 2854 2947 3011
4 4867 2947 2854 3696
4 5184 979 922 4524
4 5184 922 979 984
4 4603 1346 4300 1760
4 4603 4300 1346 4111
4 4671 887 4865 3975
4 4671 4865 887 845
4 4804 929 980 4531
4 4804 980 929 962
4 5069 1125 3844 1145
4 5069 3844 1125 4212
4 1138 3844 1125 1145
4 1138 1125 3844 4212
4 4722 5033 3911 4159
4 3911 5033 4722 4062
4 4182 2418 4226 2745
4 4182 4226 2418 3450
4 1492 5179 3891 1743
4 3891 5179 1492 4638
4 4138 14 404 2329
4 4138 404 14 3035
4 2336 5064 5051 2724
4 5051 5064 2336 4336
4 5014 1412 5229 1768
4 5014 5229 1412 4362
4 4892 4877 3909 3461
4 4892 3909 4877 4619
4 2255 5075 3869 2358
4 3869 5075 2255 4628
4 5054 4289 3560 3514
4 5054 3560 4289 5021
4 4862 3512 2382 4269
4 4862 2382 3512 4547
4 1467 4738 1368 1364
4 1368 4738 1467 4148
4 4938 3113 41 444
4 4938 41 3113 3668
4 4772 4381 4675 3707
4 4772 4675 4381 3409
4 1757 4753 3817 1756
4 3817 4753 1757 4403
4 3817 1263 1757 1756
4 1757 1263 3817 4403
4 3532 2570 2509 4288
4 3532 2509 2570 4910
4 4722 2632 3911 2631
4 4722 3911 2632 4159
4 2620 4663 2621 2619
4 2621 4663 2620 4477
4 5086 5081 4015 1783
4 5086 4015 5081 3766
4 2758 5136 2620 2421
4 2620 5136 2758 4477
4 4069 4451 509 85
4 509 4451 4069 4072
4 5058 4594 3947 3530
4 5058 3947 4594 3672
4 4415 5242 4594 3420
4 4594 5242 4415 3781
4 4556 4078 443 39
4 4556 443 4078 3926
4 4766 839 874 835
4 4766 874 839 4136
4 4428 4512 2426 2603
4 2426 4512 4428 3559
4 2426 2427 4428 2603
4 4428 2427 2426 3559
4 4213 5233 4275 3400
4 4275 5233 4213 3763
4 4777 3463 4520 4214
4 4777 4520 3463 3659
4 4752 3789 4075 3444
4 4752 4075 3789 3510
4 4043 4668 4352 3606
4 4352 4668 4043 97
4 5208 5134 5248 3599
4 5208 5248 5134 3999
4 4984 1494 4631 1706
4 4984 4631 1494 4695
4 4184 47 3125 3732
4 4184 3125 47 453
4 4572 4232 2305 2162
4 4572 2305 4232 3517
4 2423 2305 4232 2162
4 2423 4232 2305 3517
4 4531 980 972 929
4 4531 972 980 4175
4 4731 2051 4215 2050
4 4731 4215 2051 120
4 2072 4215 2051 2050
4 2072 2051 4215 120
4 4142 4903 5038 3464
4 5038 4903 4142 3767
4 5161 5192 5176 3901
4 5176 5192 5161 3491
4 4709 942 968 3917
4 4709 968 942 983
4 4684 4530 4289 81
4 4684 4289 4530 3560
4 4951 689 690 4814
4 4951 690 689 692
4 4675 4751 4772 3707
4 4772 4751 4675 3768
4 4078 35 3102 441
4 4078 3102 35 3681
4 5169 2463 5180 2464
4 5169 5180 2463 4204
4 5211 3531 19 4409
4 5211 19 3531 3655
4 2885 5122 4598 2893
4 4598 5122 2885 4406
4 4078 3101 5112 3956
4 4078 5112 3101 3103
4 4824 2686 2699 1889
4 4824 2699 2686 4008
4 5157 3429 4718 3910
4 5157 4718 3429 3988
4 4632 1234 1177 4414
4 4632 1177 1234 1178
4 4994 4541 4279 1982
4 4994 4279 4541 3578
4 4887 4279 4541 1982
4 4887 4541 4279 3578
4 647 5212 774 3878
4 647 774 5212 768
4 584 774 5212 3878
4 584 5212 774 768
4 4335 9 3028 399
4 4335 3028 9 3738
4 5176 2890 2892 2995
4 5176 2892 2890 4670
4 3971 524 94 3273
4 3971 94 524 2217
4 3955 86 511 3241
4 3955 511 86 2229
4 2116 5030 2114 2517
4 2114 5030 2116 4947
4 4079 3291 3293 4043
4 4079 3293 3291 3290
4 4852 4369 3623 3440
4 4852 3623 4369 4958
4 4123 3078 3077 3076
4 4123 3077 3078 3952
4 5010 4641 4527 3816
4 5010 4527 4641 3612
4 4872 2983 2985 4020
4 4872 2985 2983 2858
4 3071 2090 3069 3068
4 3071 3069 2090 2458
4 4088 3315 551 3317
4 4088 551 3315 4056
4 4551 4776 4166 3526
4 4166 4776 4551 115
4 884 4649 892 870
4 892 4649 884 4132
4 4966 791 3883 745
4 4966 3883 791 4221
4 426 29 4051 3065
4 4051 29 426 2090
4 5116 3629 3905 4357
4 5116 3905 3629 4517
4 887 4865 884 844
4 4942 4845 3607 2256
4 4942 3607 4845 4178
4 4999 15 3031 407
4 4999 3031 15 4139
4 4972 1105 4339 1103
4 4972 4339 1105 4358
4 4986 5188 3870 4245
4 3870 5188 4986 3493
4 5124 1951 2389 2373
4 5124 2389 1951 3557
4 5129 2937 3851 2952
4 5129 3851 2937 4404
4 2960 5189 2963 2786
4 2963 5189 2960 3580
4 5232 79 4410 3216
4 5232 4410 79 4260
4 5189 955 914 895
4 5189 914 955 3580
4 4497 2996 2883 2926
4 4497 2883 2996 5173
4 1374 5027 5205 1375
4 5205 5027 1374 4230
4 617 5081 624 616
4 624 5081 617 4297
4 2204 5191 2203 2202
4 2203 5191 2204 4936
4 5152 5165 3376 4826
4 3376 5165 5152 4165
4 5043 4682 4628 3393
4 5043 4628 4682 3869
4 1579 4875 1578 1574
4 1578 4875 1579 4481
4 4530 4684 2042 504
4 2042 4684 4530 3560
4 5072 1583 4326 4485
4 5072 4326 1583 1161
4 4514 5212 641 4167
4 4514 641 5212 643
4 640 641 5212 4167
4 640 5212 641 643
4 2962 802 4382 865
4 2962 4382 802 2787
4 4969 100 3279 533
4 4969 3279 100 3767
4 4855 4885 4807 3769
4 4807 4885 4855 3697
4 846 2691 254 809
4 254 2691 846 1908
4 4681 4478 4051 3541
4 4681 4051 4478 424
4 536 2234 2483 3284
4 2483 2234 536 2482
4 4803 4768 5065 3842
4 4803 5065 4768 3680
4 3405 5065 4768 3842
4 3405 4768 5065 3680
4 4920 5196 4331 3682
4 4331 5196 4920 3812
4 847 1018 233 808
4 847 233 1018 1873
4 3956 4993 3926 3675
4 3926 4993 3956 3431
4 4773 3033 3032 407
4 4773 3032 3033 4138
4 2217 94 2219 2577
4 2217 2219 94 524
4 4215 565 120 3348
4 4215 120 565 2072
4 4113 3244 515 3246
4 4113 515 3244 4112
4 4466 161 719 609
4 4466 719 161 1829
4 2885 1033 307 2823
4 2885 307 1033 1835
4 4684 2374 3673 3560
4 4684 3673 2374 4318
4 5118 1275 1543 1185
4 5118 1543 1275 4509
4 4235 114 553 3325
4 4235 553 114 2451
4 5037 1837 1884 4264
4 5037 1884 1837 1032
4 750 894 4757 577
4 4757 894 750 958
4 4828 2641 3773 2342
4 4828 3773 2641 4340
4 324 4831 1005 2788
4 1005 4831 324 1803
4 5192 4491 5161 3491
4 5192 5161 4491 3721
4 4942 3607 5043 4628
4 4942 5043 3607 4178
4 5252 2889 2886 2888
4 5252 2886 2889 5122
4 5061 4758 5132 3555
4 5061 5132 4758 3570
4 4250 3290 539 4079
4 4250 539 3290 3292
4 4595 4122 105 544
4 4595 105 4122 3529
4 553 2037 2453 2450
4 553 2453 2037 3330
4 2530 440 2651 38
4 2530 2651 440 2656
4 4335 965 915 11
4 4335 915 965 917
4 4418 117 558 2004
4 4418 558 117 3329
4 4190 90 517 3254
4 4190 517 90 2565
4 105 5071 4635 543
4 4635 5071 105 3637
4 4304 29 428 3081
4 4304 428 29 2092
4 4904 368 2706 2814
4 4904 2706 368 1905
4 3918 4986 3375 3585
4 3375 4986 3918 4368
4 2499 451 46 3117
4 2499 46 451 2160
4 4209 4262 127 574
4 127 4262 4209 3657
4 13 4138 404 2330
4 404 4138 13 3034
4 4227 26 2395 2177
4 2395 26 4227 3824
4 2395 2647 4227 2177
4 4227 2647 2395 3824
4 529 3987 96 2733
4 96 3987 529 3275
4 4688 1925 2685 4497
4 4688 2685 1925 2681
4 4668 3280 528 4583
4 4668 528 3280 3278
4 4353 522 93 3257
4 4353 93 522 2220
4 123 4890 3847 566
4 3847 4890 123 3937
4 4862 5219 4547 3485
4 4547 5219 4862 3742
4 2447 3694 2049 2043
4 2447 2049 3694 4424
4 4226 3450 4162 3716
4 4226 4162 3450 4182
4 5154 20 3054 412
4 5154 3054 20 4285
4 4595 4901 2531 540
4 2531 4901 4595 3700
4 5123 3363 567 3365
4 5123 567 3363 4237
4 3093 2651 2656 440
4 2656 2651 3093 2534
4 2474 3187 3189 2473
4 3189 3187 2474 486
4 33 4916 4031 432
4 4031 4916 33 4195
4 5058 3249 509 4451
4 5058 509 3249 3248
4 4677 2475 3520 4239
4 4677 3520 2475 2646
4 2906 1934 352 2735
4 2906 352 1934 2824
4 4773 4450 406 3677
4 4773 406 4450 15
4 3287 4756 537 3286
4 537 4756 3287 4642
4 5084 5188 3692 4245
4 3692 5188 5084 4712
4 5071 3317 549 3316
4 5071 549 3317 4088
4 3357 2053 3354 2428
4 3354 2053 3357 570
4 493 2263 4282 72
4 4282 2263 493 2260
4 5157 3195 491 3198
4 5157 491 3195 3988
4 4542 4883 2449 430
4 2449 4883 4542 3734
4 5105 3310 3313 3938
4 5105 3313 3310 3311
4 30 428 4304 2176
4 4304 428 30 3082
4 4654 4550 37 437
4 4654 37 4550 3771
4 3271 4847 3270 3272
4 3271 3270 4847 3971
4 3273 3270 4847 3272
4 3273 4847 3270 3971
4 2451 553 2453 2450
4 2451 2453 553 114
4 5121 439 4495 2070
4 5121 4495 439 3097
4 5162 3225 502 3224
4 5162 502 3225 4488
4 4777 3219 3221 4137
4 4777 3221 3219 496
4 4773 4999 12 407
4 12 4999 4773 3830
4 56 469 3986 2059
4 56 3986 469 3158
4 4718 67 3196 3910
4 4718 3196 67 483
4 4681 3067 3066 4051
4 4681 3066 3067 3064
4 476 2152 4535 62
4 476 4535 2152 2617
4 5051 2901 2904 4793
4 5051 2904 2901 2980
4 94 2219 2238 3262
4 2238 2219 94 2577
4 2076 3165 3164 475
4 3164 3165 2076 2080
4 4687 4681 5251 3541
4 4687 5251 4681 3770
4 1635 5018 3921 1800
4 3921 5018 1635 4995
4 3190 1981 3188 2473
4 3188 1981 3190 487
4 4274 5023 113 552
4 113 5023 4274 3914
4 951 1917 302 303
4 951 302 1917 10
4 4332 4727 60 472
4 60 4727 4332 3892
4 4332 4200 60 3892
4 3259 2220 2219 2221
4 2219 2220 3259 522
4 4696 2608 2060 2046
4 4696 2060 2608 415
4 909 2698 4561 8
4 909 4561 2698 304
4 2739 3282 2482 2483
4 2482 3282 2739 102
4 2090 428 3071 2176
4 3071 428 2090 3068
4 3165 2152 476 62
4 3165 476 2152 2080
4 4734 4436 51 458
4 4734 51 4436 3794
4 5135 3353 569 3351
4 5135 569 3353 4536
4 523 90 4355 3263
4 4355 90 523 2238
4 3188 1981 66 2653
4 66 1981 3188 487
4 4677 486 64 2474
4 4677 64 486 3185
4 4917 3824 27 4115
4 4917 27 3824 4227
4 4467 54 464 2142
4 4467 464 54 3155
4 5112 3431 4078 3956
4 5112 4078 3431 3681
4 4684 506 3230 3227
4 4684 3230 506 4318
4 4495 4392 3552 3730
4 4495 3552 4392 5089
4 2051 3357 565 2428
4 2051 565 3357 120
4 433 4916 32 2533
4 32 4916 433 3084
4 4508 416 21 2424
4 4508 21 416 3058
4 499 4410 78 3218
4 78 4410 499 2356
4 522 4653 88 3255
4 88 4653 522 2220
4 4933 451 46 2160
4 4933 46 451 3123
4 4833 536 102 3297
4 4833 102 536 2482
4 4200 4809 63 479
4 63 4809 4200 3692
4 4132 887 4865 884
4 4132 4865 887 3975
4 4332 3174 3175 4200
4 3175 3174 4332 472
4 3175 60 4332 4200
4 4332 60 3175 472

CELL_TYPES 29522
1
1
1
1
1
1
1
1
1
1
1
1
1
1
1
1
1
1
1
1
1
1
1
1
1
1
1
1
1
1
1
1
1
1
1
1
1
1
1
1
1
1
1
1
1
1
1
1
1
1
1
1
1
1
1
1
1
1
1
1
1
1
1
1
1
1
1
1
1
1
1
1
1
1
1
1
1
1
1
1
1
1
1
1
1
1
1
1
1
1
1
1
1
1
1
1
1
1
1
1
1
1
1
1
1
1
1
1
1
1
1
1
1
1
1
1
1
1
1
1
1
1
1
1
1
1
1
1
3
3
3
3
3
3
3
3
3
3
3
3
3
3
3
3
3
3
3
3
3
3
3
3
3
3
3
3
3
3
3
3
3
3
3
3
3
3
3
3
3
3
3
3
3
3
3
3
3
3
3
3
3
3
3
3
3
3
3
3
3
3
3
3
3
3
3
3
3
3
3
3
3
3
3
3
3
3
3
3
3
3
3
3
3
3
3
3
3
3
3
3
3
3
3
3
3
3
3
3
3
3
3
3
3
3
3
3
3
3
3
3
3
3
3
3
3
3
3
3
3
3
3
3
3
3
3
3
3
3
3
3
3
3
3
3
3
3
3
3
3
3
3
3
3
3
3
3
3
3
3
3
3
3
3
3
3
3
3
3
3
3
3
3
3
3
3
3
3
3
3
3
3
3
3
3
3
3
3
3
3
3
3
3
3
3
3
3
3
3
3
3
3
3
3
3
3
3
3
3
3
3
3
3
3
3
3
3
3
3
3
3
3
3
3
3
3
3
3
3
3
3
3
3
3
3
3
3
3
3
3
3
3
3
3
3
3
3
3
3
3
3
3
3
3
3
3
3
3
3
3
3
3
3
3
3
3
3
3
3
3
3
3
3
3
3
3
3
3
3
3
3
3
3
3
3
3
3
3
3
3
3
3
3
3
3
3
3
3
3
3
3
3
3
3
3
3
3
3
3
3
3
3
3
3
3
3
3
3
3
3
3
3
3
3
3
3
3
3
3
3
3
3
3
3
3
3
3
3
3
3
3
3
3
3
3
3
3
3
3
3
3
3
3
3
3
3
3
3
3
3
3
3
3
3
3
3
3
3
3
3
3
3
3
3
3
3
3
3
3
3
3
3
3
3
3
3
3
3
3
3
3
3
3
3
3
3
3
3
3
3
3
3
3
3
3
3
3
3
3
3
3
3
3
3
3
3
3
3
3
3
3
3
3
3
3
3
3
3
3
3
3
3
3
3
3
3
3
3
3
3
3
3
3
3
3
3
3
3
3
3
3
3
3
3
3
3
3
3
3
3
3
3
3
3
3
3
3
3
3
3
3
3
3
3
3
3
3
3
3
3
3
3
3
3
3
3
3
3
3
3
3
3
3
3
3
3
3
3
3
3
3
3
3
3
3
3
3
3
3
3
3
3
3
3
3
3
3
3
3
3
3
3
3
3
3
3
3
3
3
3
3
3
3
3
3
3
3
3
3
3
3
3
3
3
3
3
3
3
3
3
3
3
3
3
3
3
3
3
3
3
3
3
3
3
3
3
3
3
3
3
3
3
3
3
3
3
3
3
3
3
3
3
3
3
3
3
3
3
3
3
3
3
3
3
3
3
3
3
3
3
3
3
3
3
3
3
3
3
3
3
3
3
3
3
3
3
3
3
3
3
3
3
3
3
3
3
3
3
3
3
3
3
3
3
3
3
3
3
3
3
3
3
3
3
3
3
3
3
3
5
5
5
5
5
5
5
5
5
5
5
5
5
5
5
5
5
5
5
5
5
5
5
5
5
5
5
5
5
5
5
5
5
5
5
5
5
5
5
5
5
5
5
5
5
5
5
5
5
5
5
5
5
5
5
5
5
5
5
5
5
5
5
5
5
5
5
5
5
5
5
5
5
5
5
5
5
5
5
5
5
5
5
5
5
5
5
5
5
5
5
5
5
5
5
5
5
5
5
5
5
5
5
5
5
5
5
5
5
5
5
5
5
5
5
5
5
5
5
5
5
5
5
5
5
5
5
5
5
5
5
5
5
5
5
5
5
5
5
5
5
5
5
5
5
5
5
5
5
5
5
5
5
5
5
5
5
5
5
5
5
5
5
5
5
5
5
5
5
5
5
5
5
5
5
5
5
5
5
5
5
5
5
5
5
5
5
5
5
5
5
5
5
5
5
5
5
5
5
5
5
5
5
5
5
5
5
5
5
5
5
5
5
5
5
5
5
5
5
5
5
5
5
5
5
5
5
5
5
5
5
5
5
5
5
5
5
5
5
5
5
5
5
5
5
5
5
5
5
5
5
5
5
5
5
5
5
5
5
5
5
5
5
5
5
5
5
5
5
5
5
5
5
5
5
5
5
5
5
5
5
5
5
5
5
5
5
5
5
5
5
5
5
5
5
5
5
5
5
5
5
5
5
5
5
5
5
5
5
5
5
5
5
5
5
5
5
5
5
5
5
5
5
5
5
5
5
5
5
5
5
5
5
5
5
5
5
5
5
5
5
5
5
5
5
5
5
5
5
5
5
5
5
5
5
5
5
5
5
5
5
5
5
5
5
5
5
5
5
5
5
5
5
5
5
5
5
5
5
5
5
5
5
5
5
5
5
5
5
5
5
5
5
5
5
5
5
5
5
5
5
5
5
5
5
5
5
5
5
5
5
5
5
5
5
5
5
5
5
5
5
5
5
5
5
5
5
5
5
5
5
5
5
5
5
5
5
5
5
5
5
5
5
5
5
5
5
5
5
5
5
5
5
5
5
5
5
5
5
5
5
5
5
5
5
5
5
5
5
5
5
5
5
5
5
5
5
5
5
5
5
5
5
5
5
5
5
5
5
5
5
5
5
5
5
5
5
5
5
5
5
5
5
5
5
5
5
5
5
5
5
5
5
5
5
5
5
5
5
5
5
5
5
5
5
5
5
5
5
5
5
5
5
5
5
5
5
5
5
5
5
5
5
5
5
5
5
5
5
5
5
5
5
5
5
5
5
5
5
5
5
5
5
5
5
5
5
5
5
5
5
5
5
5
5
5
5
5
5
5
5
5
5
5
5
5
5
5
5
5
5
5
5
5
5
5
5
5
5
5
5
5
5
5
5
5
5
5
5
5
5
5
5
5
5
5
5
5
5
5
5
5
5
5
5
5
5
5
5
5
5
5
5
5
5
5
5
5
5
5
5
5
5
5
5
5
5
5
5
5
5
5
5
5
5
5
5
5
5
5
5
5
5
5
5
5
5
5
5
5
5
5
5
5
5
5
5
5
5
5
5
5
5
5
5
5
5
5
5
5
5
5
5
5
5
5
5
5
5
5
5
5
5
5
5
5
5
5
5
5
5
5
5
5
5
5
5
5
5
5
5
5
5
5
5
5
5
5
5
5
5
5
5
5
5
5
5
5
5
5
5
5
5
5
5
5
5
5
5
5
5
5
5
5
5
5
5
5
5
5
5
5
5
5
5
5
5
5
5
5
5
5
5
5
5
5
5
5
5
5
5
5
5
5
5
5
5
5
5
5
5
5
5
5
5
5
5
5
5
5
5
5
5
5
5
5
5
5
5
5
5
5
5
5
5
5
5
5
5
5
5
5
5
5
5
5
5
5
5
5
5
5
5
5
5
5
5
5
5
5
5
5
5
5
5
5
5
5
5
5
5
5
5
5
5
5
5
5
5
5
5
5
5
5
5
5
5
5
5
5
5
5
5
5
5
5
5
5
5
5
5
5
5
5
5
5
5
5
5
5
5
5
5
5
5
5
5
5
5
5
5
5
5
5
5
5
5
5
5
5
5
5
5
5
5
5
5
5
5
5
5
5
5
5
5
5
5
5
5
5
5
5
5
5
5
5
5
5
5
5
5
5
5
5
5
5
5
5
5
5
5
5
5
5
5
5
5
5
5
5
5
5
5
5
5
5
5
5
5
5
5
5
5
5
5
5
5
5
5
5
5
5
5
5
5
5
5
5
5
5
5
5
5
5
5
5
5
5
5
5
5
5
5
5
5
5
5
5
5
5
5
5
5
5
5
5
5
5
5
5
5
5
5
5
5
5
5
5
5
5
5
5
5
5
5
5
5
5
5
5
5
5
5
5
5
5
5
5
5
5
5
5
5
5
5
5
5
5
5
5
5
5
5
5
5
5
5
5
5
5
5
5
5
5
5
5
5
5
5
5
5
5
5
5
5
5
5
5
5
5
5
5
5
5
5
5
5
5
5
5
5
5
5
5
5
5
5
5
5
5
5
5
5
5
5
5
5
5
5
5
5
5
5
5
5
5
5
5
5
5
5
5
5
5
5
5
5
5
5
5
5
5
5
5
5
5
5
5
5
5
5
5
5
5
5
5
5
5
5
5
5
5
5
5
5
5
5
5
5
5
5
5
5
5
5
5
5
5
5
5
5
5
5
5
5
5
5
5
5
5
5
5
5
5
5
5
5
5
5
5
5
5
5
5
5
5
5
5
5
5
5
5
5
5
5
5
5
5
5
5
5
5
5
5
5
5
5
5
5
5
5
5
5
5
5
5
5
5
5
5
5
5
5
5
5
5
5
5
5
5
5
5
5
5
5
5
5
5
5
5
5
5
5
5
5
5
5
5
5
5
5
5
5
5
5
5
5
5
5
5
5
5
5
5
5
5
5
5
5
5
5
5
5
5
5
5
5
5
5
5
5
5
5
5
5
5
5
5
5
5
5
5
5
5
5
5
5
5
5
5
5
5
5
5
5
5
5
5
5
5
5
5
5
5
5
5
5
5
5
5
5
5
5
5
5
5
5
5
5
5
5
5
5
5
5
5
5
5
5
5
5
5
5
5
5
5
5
5
5
5
5
5
5
5
5
5
5
5
5
5
5
5
5
5
5
5
5
5
5
5
5
5
5
5
5
5
5
5
5
5
5
5
5
5
5
5
5
5
5
5
5
5
5
5
5
5
5
5
5
5
5
5
5
5
5
5
5
5
5
5
5
5
5
5
5
5
5
5
5
5
5
5
5
5
5
5
5
5
5
5
5
5
5
5
5
5
5
5
5
5
5
5
5
5
5
5
5
5
5
5
5
5
5
5
5
5
5
5
5
5
5
5
5
5
5
5
5
5
5
5
5
5
5
5
5
5
5
5
5
5
5
5
5
5
5
5
5
5
5
5
5
5
5
5
5
5
5
5
5
5
5
5
5
5
5
5
5
5
5
5
5
5
5
5
5
5
5
5
5
5
5
5
5
5
5
5
5
5
5
5
5
5
5
5
5
5
5
5
5
5
5
5
5
5
5
5
5
5
5
5
5
5
5
5
5
5
5
5
5
5
5
5
5
5
5
5
5
5
5
5
5
5
5
5
5
5
5
5
5
5
5
5
5
5
5
5
5
5
5
5
5
5
5
5
5
5
5
5
5
5
5
5
5
5
5
5
5
5
5
5
5
5
5
5
5
5
5
5
5
5
5
5
5
5
5
5
5
5
5
5
5
5
5
5
5
5
5
5
5
5
5
5
5
5
5
5
5
5
5
5
5
5
5
5
5
5
5
5
5
5
5
5
5
5
5
5
5
5
5
5
5
5
5
5
5
5
5
5
5
5
5
5
5
5
5
5
5
5
5
5
5
5
5
5
5
5
5
5
5
5
5
5
5
5
5
5
5
5
5
5
5
5
5
5
5
5
5
5
5
5
5
5
5
5
5
5
5
5
5
5
5
5
5
5
5
5
5
5
5
5
5
5
5
5
5
5
5
5
5
5
5
5
5
5
5
5
5
5
5
5
5
5
5
5
5
5
5
5
5
5
5
5
5
5
5
5
5
5
5
5
5
5
5
5
5
5
5
5
5
5
5
5
5
5
5
5
5
5
5
5
5
5
5
5
5
5
5
5
5
5
5
5
5
5
5
5
5
5
5
5
5
5
5
5
5
5
5
5
5
5
5
5
5
5
5
5
5
5
5
5
5
5
5
5
5
5
5
5
5
5
5
5
5
5
5
5
5
5
5
5
5
5
5
5
5
5
5
5
5
5
5
5
5
5
5
5
5
5
5
5
5
5
5
5
5
5
5
5
5
5
5
5
5
5
5
5
5
5
5
5
5
5
5
5
5
5
5
5
5
5
5
5
5
5
5
5
5
5
5
5
5
5
5
5
5
5
5
5
5
5
5
5
5
5
5
5
5
5
5
5
5
5
5
5
5
5
5
5
5
5
5
5
5
5
5
5
5
5
5
5
5
5
5
5
5
5
5
5
5
5
5
5
5
5
5
5
5
5
5
5
5
5
5
5
5
5
5
5
5
5
5
5
5
5
5
5
5
5
5
5
5
5
5
5
5
5
5
5
5
5
5
5
5
5
5
5
5
5
5
5
5
5
5
5
5
5
5
5
5
5
5
5
5
5
5
5
5
5
5
5
5
5
5
5
5
5
5
5
5
5
5
5
5
5
5
5
5
5
5
5
5
5
5
5
5
5
5
5
5
5
5
5
5
5
5
5
5
5
5
5
5
5
5
5
5
5
5
5
5
5
5
5
5
5
5
5
5
5
5
5
5
5
5
5
5
5
5
5
5
5
5
5
5
5
5
5
5
5
5
5
5
5
5
5
5
5
5
5
5
5
5
5
5
5
5
5
5
5
5
5
5
5
5
5
5
5
5
5
5
5
5
5
5
5
5
5
5
5
5
5
5
5
5
5
5
5
5
5
5
5
5
5
5
5
5
5
5
5
5
5
5
5
5
5
5
5
5
5
5
5
5
5
5
5
5
5
5
5
5
5
5
5
5
5
5
5
5
5
5
5
5
5
5
5
5
5
5
5
5
5
5
5
5
5
5
5
5
5
5
5
5
5
5
5
5
5
5
5
5
5
5
5
5
5
5
5
5
5
5
5
5
5
5
5
5
5
5
5
5
5
5
5
5
5
5
5
5
5
5
5
5
5
5
5
5
5
5
5
5
5
5
5
5
5
5
5
5
5
5
5
5
5
5
5
5
5
5
5
5
5
5
5
5
5
5
5
5
5
5
5
5
5
5
5
5
5
5
5
5
5
5
5
5
5
5
5
5
5
5
5
5
5
5
5
5
5
5
5
5
5
5
5
5
5
5
5
5
5
5
5
5
5
5
5
5
5
5
5
5
5
5
5
5
5
5
5
5
5
5
5
5
5
5
5
5
5
5
5
5
5
5
5
5
5
5
5
5
5
5
5
5
5
5
5
5
5
5
5
5
5
5
5
5
5
5
5
5
5
5
5
5
5
5
5
5
5
5
5
5
5
5
5
5
5
5
5
5
5
5
5
5
5
5
5
5
5
5
5
5
5
5
5
5
5
5
5
5
5
5
5
5
5
5
5
5
5
5
5
5
5
5
5
5
5
5
5
5
5
5
5
5
5
5
5
5
5
5
5
5
5
5
5
5
5
5
5
5
5
5
5
5
5
5
5
5
5
5
5
5
5
5
5
5
5
5
5
5
5
5
5
5
5
5
5
5
5
5
5
5
5
5
5
5
5
5
5
5
5
5
5
5
5
5
5
5
5
5
5
5
5
5
5
5
5
5
5
5
5
5
5
5
5
5
5
5
5
5
5
5
5
5
5
5
5
5
5
5
5
5
5
5
5
5
5
5
5
5
5
5
5
5
5
5
5
5
5
5
5
5
5
5
5
5
5
5
5
5
5
5
5
5
5
5
5
5
5
5
5
5
5
5
5
5
5
5
5
5
5
5
5
5
5
5
5
5
5
5
5
5
5
5
5
5
5
5
5
5
5
5
5
5
5
5
5
5
5
5
5
5
5
5
5
5
5
5
5
5
5
5
5
5
5
5
5
5
5
5
5
5
5
5
5
5
5
5
5
5
5
5
5
5
5
5
5
5
5
5
5
5
5
5
5
5
5
5
5
5
5
5
5
5
5
5
5
5
5
5
5
5
5
5
5
5
5
5
5
5
5
5
5
5
5
5
5
5
5
5
5
5
5
5
5
5
5
5
5
5
5
5
5
5
5
5
5
5
5
5
5
5
5
5
5
5
5
5
5
5
5
5
5
5
5
5
5
5
5
5
5
5
5
5
5
5
5
5
5
5
5
5
5
5
5
5
5
5
5
5
5
5
5
5
5
5
5
5
5
5
5
5
5
5
5
5
5
5
5
5
5
5
5
5
5
5
5
5
5
5
5
5
5
5
5
5
5
5
5
5
5
5
5
5
5
5
5
5
5
5
5
5
5
5
5
5
5
5
5
5
5
5
5
5
5
5
5
5
5
5
5
5
5
5
5
5
5
5
5
5
5
5
5
5
5
5
5
5
5
5
5
5
5
5
5
5
5
5
5
5
5
5
5
5
5
5
5
5
5
5
5
5
5
5
5
5
5
5
5
5
5
5
5
5
5
5
5
5
5
5
5
5
5
5
5
5
5
5
5
5
5
5
5
5
5
5
5
5
5
5
5
5
5
5
5
5
5
5
5
5
5
5
5
5
5
5
5
5
5
5
5
5
5
5
5
5
5
5
5
5
5
5
5
5
5
5
5
5
5
5
5
5
5
5
5
5
5
5
5
5
5
5
5
5
5
5
5
5
5
5
5
5
5
5
5
5
5
5
5
5
5
5
5
5
5
5
5
5
5
5
5
5
5
5
5
5
5
5
5
5
5
5
5
5
5
5
5
5
5
5
5
5
5
5
5
5
5
5
5
5
5
5
5
5
5
5
5
5
5
5
5
5
5
5
5
5
5
5
5
5
5
5
5
5
5
5
5
5
5
5
5
5
5
5
5
5
5
5
5
5
5
5
5
5
5
5
5
5
5
5
5
5
5
5
5
5
5
5
5
5
5
5
5
5
5
5
5
5
5
5
5
5
5
5
5
5
5
5
5
5
5
5
5
5
5
5
5
5
5
5
5
5
5
5
5
5
5
5
5
5
5
5
5
5
5
5
5
5
5
5
5
5
5
5
5
5
5
5
5
5
5
5
5
5
5
5
5
5
5
5
5
5
5
5
5
5
5
5
5
5
5
5
5
5
5
5
5
5
5
5
5
5
5
5
5
5
5
5
5
5
5
5
5
5
5
5
5
5
5
5
5
5
5
5
5
5
5
5
5
5
5
5
5
5
5
5
5
5
5
5
5
5
5
5
5
5
5
5
5
5
5
5
5
5
5
5
5
5
5
5
5
5
5
5
5
5
5
5
5
5
5
5
5
5
5
5
5
5
5
5
5
5
5
5
5
5
5
5
5
5
5
5
5
5
5
5
5
5
5
5
5
5
5
5
5
5
5
5
5
5
5
5
5
5
5
5
5
5
5
5
5
5
5
5
5
5
5
5
5
5
5
5
5
5
5
5
5
5
5
5
5
5
5
5
5
5
5
5
5
5
5
5
5
5
5
5
5
5
5
5
5
5
5
5
5
5
5
5
5
5
5
5
5
5
5
5
5
5
5
5
5
5
5
5
5
5
5
5
5
5
5
5
5
5
5
5
5
5
5
5
5
5
5
5
5
5
5
5
5
5
5
5
5
5
5
5
5
5
5
5
5
5
5
5
5
5
5
5
5
5
5
5
5
5
5
5
5
5
5
5
5
5
5
5
5
5
5
5
5
5
5
5
5
5
5
5
5
5
5
5
5
5
5
5
5
5
5
5
5
5
5
5
5
5
5
5
5
5
5
5
5
5
5
5
5
5
5
5
5
5
5
5
5
5
5
5
5
5
5
5
5
5
5
5
5
5
5
5
5
5
5
5
5
5
5
5
5
5
5
5
5
5
5
5
5
5
5
5
5
5
5
5
5
5
5
5
5
5
5
5
5
5
5
5
5
5
5
5
5
5
5
5
5
5
5
5
5
5
5
5
5
5
5
5
5
5
5
5
5
5
5
5
5
5
5
5
5
5
5
5
5
5
5
5
5
5
5
5
5
5
5
5
5
5
5
5
5
5
5
5
5
5
5
5
5
5
5
5
5
5
5
5
5
5
5
5
5
5
5
5
5
5
5
5
5
5
5
5
5
5
5
5
5
5
5
5
5
5
5
5
5
5
5
5
5
5
5
5
5
5
5
5
5
5
5
5
5
5
5
5
5
5
5
5
5
5
5
5
5
5
5
5
5
5
5
5
5
5
5
5
5
5
5
5
5
5
5
5
5
5
5
5
5
5
5
5
5
5
5
5
5
5
5
5
5
5
5
5
5
5
5
5
5
5
5
5
5
5
5
5
5
5
5
5
5
5
5
5
5
5
5
5
5
5
5
5
5
5
5
5
5
5
5
5
5
5
5
5
5
5
5
5
5
5
5
5
5
5
5
5
5
5
5
5
5
5
5
5
5
5
5
5
5
5
5
5
5
5
5
5
5
5
5
5
5
5
5
5
5
5
5
5
5
5
5
5
5
5
5
5
5
5
5
5
5
5
5
5
5
5
5
5
5
5
5
5
5
5
5
5
5
5
5
5
5
5
5
5
5
5
5
5
5
5
5
5
5
5
5
5
5
5
5
5
5
5
5
5
5
5
5
5
5
5
5
5
5
5
5
5
5
5
5
5
5
5
5
5
5
5
5
5
5
5
5
5
5
5
5
5
5
5
5
5
5
5
5
5
5
5
5
5
5
5
5
5
5
5
5
5
5
5
5
5
5
5
5
5
5
5
5
5
5
5
5
5
5
5
5
5
5
5
5
5
5
5
5
5
5
5
5
5
5
5
5
5
5
5
5
5
5
5
5
5
5
5
5
5
5
5
5
5
5
5
5
5
5
5
5
5
5
5
5
5
5
5
5
5
5
5
5
5
5
5
5
5
5
5
5
5
5
5
5
5
5
5
5
5
5
5
5
5
5
5
5
5
5
5
5
5
5
5
5
5
5
5
5
5
5
5
5
5
5
5
5
5
5
5
5
5
5
5
5
5
5
5
5
5
5
5
5
5
5
5
5
5
5
5
5
5
5
5
5
5
5
5
5
5
5
5
5
5
5
5
5
5
5
5
5
5
5
5
5
5
5
5
5
5
5
5
5
5
5
5
5
5
5
5
5
5
5
5
5
5
5
5
5
5
5
5
5
5
5
5
5
5
5
5
5
5
5
5
5
5
5
5
5
5
5
5
5
5
5
5
5
5
5
5
5
5
5
5
5
5
5
5
5
5
5
5
5
5
5
5
5
5
5
5
5
5
5
5
5
5
5
5
5
5
5
5
5
5
5
5
5
5
5
5
5
5
5
5
5
5
5
5
5
5
5
5
5
5
5
5
5
5
5
5
5
5
5
5
5
5
5
5
5
5
5
5
5
5
5
5
5
5
5
5
5
5
5
5
5
5
5
5
5
5
5
5
5
5
5
5
5
5
5
5
5
5
5
5
5
5
5
5
5
5
5
5
5
5
5
5
5
5
5
5
5
5
5
5
5
5
5
5
5
5
5
5
5
5
5
5
5
5
5
5
5
5
5
5
5
5
5
5
5
5
5
5
5
5
5
5
5
5
5
5
5
5
5
5
5
5
5
5
5
5
5
5
5
5
5
5
5
5
5
5
5
5
5
5
5
5
5
5
5
5
5
5
5
5
5
5
5
5
5
5
5
5
5
5
5
5
5
5
5
5
5
5
5
5
5
5
5
5
5
5
5
5
5
5
5
5
5
5
5
5
5
5
5
5
5
5
5
5
5
5
5
5
5
5
5
5
5
5
5
5
5
5
5
5
5
5
5
5
5
5
5
5
5
5
5
5
5
5
5
5
5
5
5
5
5
5
5
5
5
5
5
5
5
5
5
5
5
5
5
5
5
5
5
5
5
5
5
5
5
5
5
5
5
5
5
5
5
5
5
5
5
5
5
5
5
5
5
5
5
5
5
5
5
5
5
5
5
5
5
5
5
5
5
5
5
5
5
5
5
5
5
5
5
5
5
5
5
5
5
5
5
5
5
5
5
5
5
5
5
5
5
5
5
5
5
5
5
5
5
5
5
5
5
5
5
5
5
5
5
5
5
5
5
5
5
5
5
5
5
5
5
5
5
5
5
5
5
5
5
5
5
5
5
5
5
5
5
5
5
5
5
5
5
5
5
5
5
5
5
5
5
5
5
5
5
5
5
5
5
5
5
5
5
5
5
5
5
5
5
5
5
5
5
5
5
5
5
5
5
5
5
5
5
5
5
5
5
5
5
5
5
5
5
5
5
5
5
5
5
5
5
5
5
5
5
5
5
5
5
5
5
5
5
5
5
5
5
5
5
5
5
5
5
5
5
5
5
5
5
5
5
5
5
5
5
5
5
5
5
5
5
5
5
5
5
5
5
5
5
5
5
5
5
5
5
5
5
5
5
5
5
5
5
5
5
5
5
5
5
5
5
5
5
5
5
5
5
5
5
5
5
5
5
5
5
5
5
5
5
5
5
5
5
5
5
5
5
5
5
5
5
5
5
5
5
5
5
5
5
5
5
5
5
5
5
5
5
5
5
5
5
5
5
5
5
5
5
5
5
5
5
5
5
5
5
5
5
5
5
5
5
5
5
5
5
5
5
5
5
5
5
5
5
5
5
5
5
5
5
5
5
5
5
5
5
5
5
5
5
5
5
5
5
5
5
5
5
5
5
5
5
5
5
5
5
5
5
5
5
5
5
5
5
5
5
5
5
5
5
5
5
5
5
5
5
5
5
5
5
5
5
5
5
5
5
5
5
5
5
5
5
5
5
5
5
5
5
5
5
5
5
5
5
5
5
5
5
5
5
5
5
5
5
5
5
5
5
5
5
5
5
5
5
5
5
5
5
5
5
5
5
5
5
5
5
5
5
5
5
5
5
5
5
5
5
5
5
5
5
5
5
5
5
5
5
5
5
5
5
5
5
5
5
5
5
5
5
5
5
5
5
5
5
5
5
5
5
5
5
5
5
5
5
5
5
5
5
5
5
5
5
5
5
5
5
5
5
5
5
5
5
5
5
5
5
5
5
5
5
5
5
5
5
5
5
5
5
5
5
5
5
5
5
5
5
5
5
5
5
5
5
5
5
5
5
5
5
5
5
5
5
5
5
5
5
5
5
5
5
5
5
5
5
5
5
5
5
5
5
5
5
5
5
5
5
5
5
5
5
5
5
5
5
5
5
5
5
5
5
5
5
5
5
5
5
5
5
5
5
5
5
5
5
5
5
5
5
5
5
5
5
5
5
5
5
5
5
5
5
5
5
5
5
5
5
5
5
5
5
5
5
5
5
5
5
5
5
5
5
5
5
5
5
5
5
5
5
5
5
5
5
5
5
5
5
5
5
5
5
5
5
5
5
5
5
5
5
5
5
5
5
5
5
5
5
5
5
5
5
5
5
5
5
5
5
5
5
5
5
5
5
5
5
5
5
5
5
5
5
5
5
5
5
5
5
5
5
5
5
5
5
5
5
5
5
5
5
5
5
5
5
5
5
5
5
5
5
5
5
5
5
5
5
5
5
5
5
5
5
5
5
5
5
5
5
5
5
5
5
5
5
5
5
5
5
5
5
5
5
5
5
5
5
5
5
5
5
5
5
5
5
5
5
5
5
5
5
5
5
5
5
5
5
5
5
5
5
5
5
5
5
5
5
5
5
5
5
5
5
5
5
5
5
5
5
5
5
5
5
5
5
5
5
5
5
5
5
5
5
5
5
5
5
5
5
5
5
5
5
5
5
5
5
5
5
5
5
5
5
5
5
5
5
5
5
5
5
5
5
5
5
5
5
5
5
5
5
5
5
5
5
5
5
5
5
5
5
5
5
5
5
5
5
5
5
5
5
5
5
5
5
5
5
5
5
5
5
5
5
5
5
5
5
5
5
5
5
5
5
5
5
5
5
5
5
5
5
5
5
5
5
5
5
5
5
5
5
5
5
5
5
5
5
5
5
5
5
5
5
5
5
5
5
5
5
5
5
5
5
5
5
5
5
5
5
5
5
5
5
5
5
5
5
5
5
5
5
5
5
5
5
5
5
5
5
5
5
5
5
5
5
5
5
5
5
5
5
5
5
5
5
5
5
5
5
5
5
5
5
5
5
5
5
5
5
5
5
5
5
5
5
5
5
5
5
5
5
5
5
5
5
5
5
5
5
5
5
5
5
5
5
5
5
5
5
5
5
5
5
5
5
5
5
5
5
5
5
5
5
5
5
5
5
5
5
5
5
5
5
5
5
5
5
5
5
5
5
5
5
5
5
5
5
5
5
5
5
5
5
5
5
5
5
5
5
5
5
5
5
5
5
5
5
5
5
5
5
5
5
5
5
5
5
5
5
5
5
5
5
5
5
5
5
5
5
5
5
5
5
5
5
5
5
5
5
5
5
5
5
5
5
5
5
5
5
5
5
5
5
5
5
5
5
5
5
5
5
5
5
5
5
5
5
5
5
5
5
5
5
5
5
5
5
5
5
5
5
5
5
5
5
5
5
5
5
5
5
5
5
5
5
5
5
5
5
5
5
5
5
5
5
5
5
5
5
5
5
5
5
5
5
5
5
5
5
5
5
5
5
5
5
5
5
5
5
5
5
5
5
5
5
5
5
5
5
5
5
5
5
5
5
5
5
5
5
5
5
5
5
5
5
5
5
5
5
5
5
5
5
5
5
5
5
5
5
5
5
5
5
5
5
5
5
5
5
5
5
5
5
5
5
5
5
5
5
5
5
5
5
5
5
5
5
5
5
5
5
5
5
5
5
5
5
5
5
5
5
5
5
5
5
5
5
5
5
5
5
5
5
5
5
5
5
5
5
5
5
5
5
5
5
5
5
5
5
5
5
5
5
5
5
5
5
5
5
5
5
5
5
5
5
5
5
5
5
5
5
5
5
5
5
5
5
5
5
5
5
5
5
5
5
5
5
5
5
5
5
5
5
5
5
5
5
5
5
5
5
5
5
5
5
5
5
5
5
5
5
5
5
5
5
5
5
5
5
5
5
5
5
5
5
5
5
5
5
5
5
5
5
5
5
5
5
5
5
5
5
5
5
5
5
5
5
5
5
5
5
5
5
5
5
5
5
5
5
5
5
5
5
5
5
5
5
5
5
5
5
5
5
5
5
5
5
5
5
5
5
5
5
5
5
5
5
5
5
5
5
5
5
5
5
5
5
5
5
5
5
5
5
5
5
5
5
5
5
5
5
5
5
5
5
5
5
5
5
5
5
5
5
5
5
5
5
5
5
5
5
5
5
5
5
5
5
5
5
5
5
5
5
5
5
5
5
5
5
5
5
5
5
5
5
5
5
5
5
5
5
5
5
5
5
5
5
5
5
5
5
5
5
5
5
5
5
5
5
5
5
5
5
5
5
5
5
5
5
5
5
5
5
5
5
5
5
5
5
5
5
5
5
5
5
5
5
5
5
5
5
5
5
5
5
5
5
5
5
5
5
5
5
5
5
5
5
5
5
5
5
5
5
5
5
5
5
5
5
5
5
5
5
5
5
5
5
5
5
5
5
5
5
5
5
5
5
5
5
5
5
5
5
5
5
5
5
5
5
5
5
5
5
5
5
5
5
5
5
5
5
5
5
5
5
5
5
5
5
5
5
5
5
5
5
5
5
5
5
5
5
5
5
5
5
5
5
5
5
5
5
5
5
5
5
5
5
5
5
5
5
5
5
5
5
5
5
5
5
5
5
5
5
5
5
5
5
5
5
5
5
5
5
5
5
5
5
5
5
5
5
5
5
5
5
5
5
5
5
5
5
5
5
5
5
5
5
5
5
5
5
5
5
5
5
5
5
5
5
5
5
5
5
5
5
5
5
5
5
5
5
5
5
5
5
5
5
5
5
5
5
5
5
5
5
5
5
5
5
5
5
5
5
5
5
5
5
5
5
5
5
5
5
5
5
5
5
5
5
5
5
5
5
5
5
5
5
5
5
5
5
5
5
5
5
5
5
5
5
5
5
5
5
5
5
5
5
5
5
5
5
5
5
5
5
5
5
5
5
5
5
5
5
5
5
5
5
5
5
5
5
5
5
5
5
5
5
5
5
5
5
5
5
5
5
5
5
5
5
5
5
5
5
5
5
5
5
5
5
5
5
5
5
5
5
5
5
5
5
5
5
5
5
5
5
5
5
5
5
5
5
5
5
5
5
5
5
5
5
5
5
5
5
5
5
5
5
5
5
5
5
5
5
5
5
5
5
5
5
5
5
5
5
5
5
5
5
5
5
5
5
5
5
5
5
5
5
5
5
5
5
5
5
5
5
5
5
5
5
5
5
5
5
5
5
5
5
5
5
5
5
5
5
5
5
5
5
5
5
5
5
5
5
5
5
5
5
5
5
5
5
5
5
5
5
5
5
5
5
5
5
5
5
5
5
5
5
5
5
5
5
5
5
5
5
5
5
5
5
5
5
5
5
5
5
5
5
5
5
5
5
5
5
5
5
5
5
5
5
5
5
5
5
5
5
5
5
5
5
5
5
5
5
5
5
5
5
5
5
5
5
5
5
5
5
5
5
5
5
5
5
5
5
5
5
5
5
5
5
5
5
5
5
5
5
5
5
5
5
5
5
5
5
5
5
5
5
5
5
5
5
5
5
5
5
5
5
5
5
5
5
5
5
5
5
5
5
5
5
5
5
5
5
5
5
5
5
5
5
5
5
5
5
5
5
5
5
5
5
5
5
5
5
5
5
5
5
5
5
5
5
5
5
5
5
5
5
5
5
5
5
5
5
5
5
5
5
5
5
5
5
5
5
5
5
5
5
5
5
5
5
5
5
5
5
5
5
5
5
5
5
5
5
5
5
5
5
5
5
5
5
5
5
5
5
5
5
5
5
5
5
5
5
5
5
5
5
5
5
5
5
5
5
5
5
5
5
5
5
5
5
5
5
5
5
5
5
5
5
5
5
5
5
5
5
5
5
5
5
5
5
5
5
5
5
10
10
10
10
10
10
10
10
10
10
10
10
10
10
10
10
10
10
10
10
10
10
10
10
10
10
10
10
10
10
10
10
10
10
10
10
10
10
10
10
10
10
10
10
10
10
10
10
10
10
10
10
10
10
10
10
10
10
10
10
10
10
10
10
10
10
10
10
10
10
10
10
10
10
10
10
10
10
10
10
10
10
10
10
10
10
10
10
10
10
10
10
10
10
10
10
10
10
10
10
10
10
10
10
10
10
10
10
10
10
10
10
10
10
10
10
10
10
10
10
10
10
10
10
10
10
10
10
10
10
10
10
10
10
10
10
10
10
10
10
10
10
10
10
10
10
10
10
10
10
10
10
10
10
10
10
10
10
10
10
10
10
10
10
10
10
10
10
10
10
10
10
10
10
10
10
10
10
10
10
10
10
10
10
10
10
10
10
10
10
10
10
10
10
10
10
10
10
10
10
10
10
10
10
10
10
10
10
10
10
10
10
10
10
10
10
10
10
10
10
10
10
10
10
10
10
10
10
10
10
10
10
10
10
10
10
10
10
10
10
10
10
10
10
10
10
10
10
10
10
10
10
10
10
10
10
10
10
10
10
10
10
10
10
10
10
10
10
10
10
10
10
10
10
10
10
10
10
10
10
10
10
10
10
10
10
10
10
10
10
10
10
10
10
10
10
10
10
10
10
10
10
10
10
10
10
10
10
10
10
10
10
10
10
10
10
10
10
10
10
10
10
10
10
10
10
10
10
10
10
10
10
10
10
10
10
10
10
10
10
10
10
10
10
10
10
10
10
10
10
10
10
10
10
10
10
10
10
10
10
10
10
10
10
10
10
10
10
10
10
10
10
10
10
10
10
10
10
10
10
10
10
10
10
10
10
10
10
10
10
10
10
10
10
10
10
10
10
10
10
10
10
10
10
10
10
10
10
10
10
10
10
10
10
10
10
10
10
10
10
10
10
10
10
10
10
10
10
10
10
10
10
10
10
10
10
10
10
10
10
10
10
10
10
10
10
10
10
10
10
10
10
10
10
10
10
10
10
10
10
10
10
10
10
10
10
10
10
10
10
10
10
10
10
10
10
10
10
10
10
10
10
10
10
10
10
10
10
10
10
10
10
10
10
10
10
10
10
10
10
10
10
10
10
10
10
10
10
10
10
10
10
10
10
10
10
10
10
10
10
10
10
10
10
10
10
10
10
10
10
10
10
10
10
10
10
10
10
10
10
10
10
10
10
10
10
10
10
10
10
10
10
10
10
10
10
10
10
10
10
10
10
10
10
10
10
10
10
10
10
10
10
10
10
10
10
10
10
10
10
10
10
10
10
10
10
10
10
10
10
10
10
10
10
10
10
10
10
10
10
10
10
10
10
10
10
10
10
10
10
10
10
10
10
10
10
10
10
10
10
10
10
10
10
10
10
10
10
10
10
10
10
10
10
10
10
10
10
10
10
10
10
10
10
10
10
10
10
10
10
10
10
10
10
10
10
10
10
10
10
10
10
10
10
10
10
10
10
10
10
10
10
10
10
10
10
10
10
10
10
10
10
10
10
10
10
10
10
10
10
10
10
10
10
10
10
10
10
10
10
10
10
10
10
10
10
10
10
10
10
10
10
10
10
10
10
10
10
10
10
10
10
10
10
10
10
10
10
10
10
10
10
10
10
10
10
10
10
10
10
10
10
10
10
10
10
10
10
10
10
10
10
10
10
10
10
10
10
10
10
10
10
10
10
10
10
10
10
10
10
10
10
10
10
10
10
10
10
10
10
10
10
10
10
10
10
10
10
10
10
10
10
10
10
10
10
10
10
10
10
10
10
10
10
10
10
10
10
10
10
10
10
10
10
10
10
10
10
10
10
10
10
10
10
10
10
10
10
10
10
10
10
10
10
10
10
10
10
10
10
10
10
10
10
10
10
10
10
10
10
10
10
10
10
10
10
10
10
10
10
10
10
10
10
10
10
10
10
10
10
10
10
10
10
10
10
10
10
10
10
10
10
10
10
10
10
10
10
10
10
10
10
10
10
10
10
10
10
10
10
10
10
10
10
10
10
10
10
10
10
10
10
10
10
10
10
10
10
10
10
10
10
10
10
10
10
10
10
10
10
10
10
10
10
10
10
10
10
10
10
10
10
10
10
10
10
10
10
10
10
10
10
10
10
10
10
10
10
10
10
10
10
10
10
10
10
10
10
10
10
10
10
10
10
10
10
10
10
10
10
10
10
10
10
10
10
10
10
10
10
10
10
10
10
10
10
10
10
10
10
10
10
10
10
10
10
10
10
10
10
10
10
10
10
10
10
10
10
10
10
10
10
10
10
10
10
10
10
10
10
10
10
10
10
10
10
10
10
10
10
10
10
10
10
10
10
10
10
10
10
10
10
10
10
10
10
10
10
10
10
10
10
10
10
10
10
10
10
10
10
10
10
10
10
10
10
10
10
10
10
10
10
10
10
10
10
10
10
10
10
10
10
10
10
10
10
10
10
10
10
10
10
10
10
10
10
10
10
10
10
10
10
10
10
10
10
10
10
10
10
10
10
10
10
10
10
10
10
10
10
10
10
10
10
10
10
10
10
10
10
10
10
10
10
10
10
10
10
10
10
10
10
10
10
10
10
10
10
10
10
10
10
10
10
10
10
10
10
10
10
10
10
10
10
10
10
10
10
10
10
10
10
10
10
10
10
10
10
10
10
10
10
10
10
10
10
10
10
10
10
10
10
10
10
10
10
10
10
10
10
10
10
10
10
10
10
10
10
10
10
10
10
10
10
10
10
10
10
10
10
10
10
10
10
10
10
10
10
10
10
10
10
10
10
10
10
10
10
10
10
10
10
10
10
10
10
10
10
10
10
10
10
10
10
10
10
10
10
10
10
10
10
10
10
10
10
10
10
10
10
10
10
10
10
10
10
10
10
10
10
10
10
10
10
10
10
10
10
10
10
10
10
10
10
10
10
10
10
10
10
10
10
10
10
10
10
10
10
10
10
10
10
10
10
10
10
10
10
10
10
10
10
10
10
10
10
10
10
10
10
10
10
10
10
10
10
10
10
10
10
10
10
10
10
10
10
10
10
10
10
10
10
10
10
10
10
10
10
10
10
10
10
10
10
10
10
10
10
10
10
10
10
10
10
10
10
10
10
10
10
10
10
10
10
10
10
10
10
10
10
10
10
10
10
10
10
10
10
10
10
10
10
10
10
10
10
10
10
10
10
10
10
10
10
10
10
10
10
10
10
10
10
10
10
10
10
10
10
10
10
10
10
10
10
10
10
10
10
10
10
10
10
10
10
10
10
10
10
10
10
10
10
10
10
10
10
10
10
10
10
10
10
10
10
10
10
10
10
10
10
10
10
10
10
10
10
10
10
10
10
10
10
10
10
10
10
10
10
10
10
10
10
10
10
10
10
10
10
10
10
10
10
10
10
10
10
10
10
10
10
10
10
10
10
10
10
10
10
10
10
10
10
10
10
10
10
10
10
10
10
10
10
10
10
10
10
10
10
10
10
10
10
10
10
10
10
10
10
10
10
10
10
10
10
10
10
10
10
10
10
10
10
10
10
10
10
10
10
10
10
10
10
10
10
10
10
10
10
10
10
10
10
10
10
10
10
10
10
10
10
10
10
10
10
10
10
10
10
10
10
10
10
10
10
10
10
10
10
10
10
10
10
10
10
10
10
10
10
10
10
10
10
10
10
10
10
10
10
10
10
10
10
10
10
10
10
10
10
10
10
10
10
10
10
10
10
10
10
10
10
10
10
10
10
10
10
10
10
10
10
10
10
10
10
10
10
10
10
10
10
10
10
10
10
10
10
10
10
10
10
10
10
10
10
10
10
10
10
10
10
10
10
10
10
10
10
10
10
10
10
10
10
10
10
10
10
10
10
10
10
10
10
10
10
10
10
10
10
10
10
10
10
10
10
10
10
10
10
10
10
10
10
10
10
10
10
10
10
10
10
10
10
10
10
10
10
10
10
10
10
10
10
10
10
10
10
10
10
10
10
10
10
10
10
10
10
10
10
10
10
10
10
10
10
10
10
10
10
10
10
10
10
10
10
10
10
10
10
10
10
10
10
10
10
10
10
10
10
10
10
10
10
10
10
10
10
10
10
10
10
10
10
10
10
10
10
10
10
10
10
10
10
10
10
10
10
10
10
10
10
10
10
10
10
10
10
10
10
10
10
10
10
10
10
10
10
10
10
10
10
10
10
10
10
10
10
10
10
10
10
10
10
10
10
10
10
10
10
10
10
10
10
10
10
10
10
10
10
10
10
10
10
10
10
10
10
10
10
10
10
10
10
10
10
10
10
10
10
10
10
10
10
10
10
10
10
10
10
10
10
10
10
10
10
10
10
10
10
10
10
10
10
10
10
10
10
10
10
10
10
10
10
10
10
10
10
10
10
10
10
10
10
10
10
10
10
10
10
10
10
10
10
10
10
10
10
10
10
10
10
10
10
10
10
10
10
10
10
10
10
10
10
10
10
10
10
10
10
10
10
10
10
10
10
10
10
10
10
10
10
10
10
10
10
10
10
10
10
10
10
10
10
10
10
10
10
10
10
10
10
10
10
10
10
10
10
10
10
10
10
10
10
10
10
10
10
10
10
10
10
10
10
10
10
10
10
10
10
10
10
10
10
10
10
10
10
10
10
10
10
10
10
10
10
10
10
10
10
10
10
10
10
10
10
10
10
10
10
10
10
10
10
10
10
10
10
10
10
10
10
10
10
10
10
10
10
10
10
10
10
10
10
10
10
10
10
10
10
10
10
10
10
10
10
10
10
10
10
10
10
10
10
10
10
10
10
10
10
10
10
10
10
10
10
10
10
10
10
10
10
10
10
10
10
10
10
10
10
10
10
10
10
10
10
10
10
10
10
10
10
10
10
10
10
10
10
10
10
10
10
10
10
10
10
10
10
10
10
10
10
10
10
10
10
10
10
10
10
10
10
10
10
10
10
10
10
10
10
10
10
10
10
10
10
10
10
10
10
10
10
10
10
10
10
10
10
10
10
10
10
10
10
10
10
10
10
10
10
10
10
10
10
10
10
10
10
10
10
10
10
10
10
10
10
10
10
10
10
10
10
10
10
10
10
10
10
10
10
10
10
10
10
10
10
10
10
10
10
10
10
10
10
10
10
10
10
10
10
10
10
10
10
10
10
10
10
10
10
10
10
10
10
10
10
10
10
10
10
10
10
10
10
10
10
10
10
10
10
10
10
10
10
10
10
10
10
10
10
10
10
10
10
10
10
10
10
10
10
10
10
10
10
10
10
10
10
10
10
10
10
10
10
10
10
10
10
10
10
10
10
10
10
10
10
10
10
10
10
10
10
10
10
10
10
10
10
10
10
10
10
10
10
10
10
10
10
10
10
10
10
10
10
10
10
10
10
10
10
10
10
10
10
10
10
10
10
10
10
10
10
10
10
10
10
10
10
10
10
10
10
10
10
10
10
10
10
10
10
10
10
10
10
10
10
10
10
10
10
10
10
10
10
10
10
10
10
10
10
10
10
10
10
10
10
10
10
10
10
10
10
10
10
10
10
10
10
10
10
10
10
10
10
10
10
10
10
10
10
10
10
10
10
10
10
10
10
10
10
10
10
10
10
10
10
10
10
10
10
10
10
10
10
10
10
10
10
10
10
10
10
10
10
10
10
10
10
10
10
10
10
10
10
10
10
10
10
10
10
10
10
10
10
10
10
10
10
10
10
10
10
10
10
10
10
10
10
10
10
10
10
10
10
10
10
10
10
10
10
10
10
10
10
10
10
10
10
10
10
10
10
10
10
10
10
10
10
10
10
10
10
10
10
10
10
10
10
10
10
10
10
10
10
10
10
10
10
10
10
10
10
10
10
10
10
10
10
10
10
10
10
10
10
10
10
10
10
10
10
10
10
10
10
10
10
10
10
10
10
10
10
10
10
10
10
10
10
10
10
10
10
10
10
10
10
10
10
10
10
10
10
10
10
10
10
10
10
10
10
10
10
10
10
10
10
10
10
10
10
10
10
10
10
10
10
10
10
10
10
10
10
10
10
10
10
10
10
10
10
10
10
10
10
10
10
10
10
10
10
10
10
10
10
10
10
10
10
10
10
10
10
10
10
10
10
10
10
10
10
10
10
10
10
10
10
10
10
10
10
10
10
10
10
10
10
10
10
10
10
10
10
10
10
10
10
10
10
10
10
10
10
10
10
10
10
10
10
10
10
10
10
10
10
10
10
10
10
10
10
10
10
10
10
10
10
10
10
10
10
10
10
10
10
10
10
10
10
10
10
10
10
10
10
10
10
10
10
10
10
10
10
10
10
10
10
10
10
10
10
10
10
10
10
10
10
10
10
10
10
10
10
10
10
10
10
10
10
10
10
10
10
10
10
10
10
10
10
10
10
10
10
10
10
10
10
10
10
10
10
10
10
10
10
10
10
10
10
10
10
10
10
10
10
10
10
10
10
10
10
10
10
10
10
10
10
10
10
10
10
10
10
10
10
10
10
10
10
10
10
10
10
10
10
10
10
10
10
10
10
10
10
10
10
10
10
10
10
10
10
10
10
10
10
10
10
10
10
10
10
10
10
10
10
10
10
10
10
10
10
10
10
10
10
10
10
10
10
10
10
10
10
10
10
10
10
10
10
10
10
10
10
10
10
10
10
10
10
10
10
10
10
10
10
10
10
10
10
10
10
10
10
10
10
10
10
10
10
10
10
10
10
10
10
10
10
10
10
10
10
10
10
10
10
10
10
10
10
10
10
10
10
10
10
10
10
10
10
10
10
10
10
10
10
10
10
10
10
10
10
10
10
10
10
10
10
10
10
10
10
10
10
10
10
10
10
10
10
10
10
10
10
10
10
10
10
10
10
10
10
10
10
10
10
10
10
10
10
10
10
10
10
10
10
10
10
10
10
10
10
10
10
10
10
10
10
10
10
10
10
10
10
10
10
10
10
10
10
10
10
10
10
10
10
10
10
10
10
10
10
10
10
10
10
10
10
10
10
10
10
10
10
10
10
10
10
10
10
10
10
10
10
10
10
10
10
10
10
10
10
10
10
10
10
10
10
10
10
10
10
10
10
10
10
10
10
10
10
10
10
10
10
10
10
10
10
10
10
10
10
10
10
10
10
10
10
10
10
10
10
10
10
10
10
10
10
10
10
10
10
10
10
10
10
10
10
10
10
10
10
10
10
10
10
10
10
10
10
10
10
10
10
10
10
10
10
10
10
10
10
10
10
10
10
10
10
10
10
10
10
10
10
10
10
10
10
10
10
10
10
10
10
10
10
10
10
10
10
10
10
10
10
10
10
10
10
10
10
10
10
10
10
10
10
10
10
10
10
10
10
10
10
10
10
10
10
10
10
10
10
10
10
10
10
10
10
10
10
10
10
10
10
10
10
10
10
10
10
10
10
10
10
10
10
10
10
10
10
10
10
10
10
10
10
10
10
10
10
10
10
10
10
10
10
10
10
10
10
10
10
10
10
10
10
10
10
10
10
10
10
10
10
10
10
10
10
10
10
10
10
10
10
10
10
10
10
10
10
10
10
10
10
10
10
10
10
10
10
10
10
10
10
10
10
10
10
10
10
10
10
10
10
10
10
10
10
10
10
10
10
10
10
10
10
10
10
10
10
10
10
10
10
10
10
10
10
10
10
10
10
10
10
10
10
10
10
10
10
10
10
10
10
10
10
10
10
10
10
10
10
10
10
10
10
10
10
10
10
10
10
10
10
10
10
10
10
10
10
10
10
10
10
10
10
10
10
10
10
10
10
10
10
10
10
10
10
10
10
10
10
10
10
10
10
10
10
10
10
10
10
10
10
10
10
10
10
10
10
10
10
10
10
10
10
10
10
10
10
10
10
10
10
10
10
10
10
10
10
10
10
10
10
10
10
10
10
10
10
10
10
10
10
10
10
10
10
10
10
10
10
10
10
10
10
10
10
10
10
10
10
10
10
10
10
10
10
10
10
10
10
10
10
10
10
10
10
10
10
10
10
10
10
10
10
10
10
10
10
10
10
10
10
10
10
10
10
10
10
10
10
10
10
10
10
10
10
10
10
10
10
10
10
10
10
10
10
10
10
10
10
10
10
10
10
10
10
10
10
10
10
10
10
10
10
10
10
10
10
10
10
10
10
10
10
10
10
10
10
10
10
10
10
10
10
10
10
10
10
10
10
10
10
10
10
10
10
10
10
10
10
10
10
10
10
10
10
10
10
10
10
10
10
10
10
10
10
10
10
10
10
10
10
10
10
10
10
10
10
10
10
10
10
10
10
10
10
10
10
10
10
10
10
10
10
10
10
10
10
10
10
10
10
10
10
10
10
10
10
10
10
10
10
10
10
10
10
10
10
10
10
10
10
10
10
10
10
10
10
10
10
10
10
10
10
10
10
10
10
10
10
10
10
10
10
10
10
10
10
10
10
10
10
10
10
10
10
10
10
10
10
10
10
10
10
10
10
10
10
10
10
10
10
10
10
10
10
10
10
10
10
10
10
10
10
10
10
10
10
10
10
10
10
10
10
10
10
10
10
10
10
10
10
10
10
10
10
10
10
10
10
10
10
10
10
10
10
10
10
10
10
10
10
10
10
10
10
10
10
10
10
10
10
10
10
10
10
10
10
10
10
10
10
10
10
10
10
10
10
10
10
10
10
10
10
10
10
10
10
10
10
10
10
10
10
10
10
10
10
10
10
10
10
10
10
10
10
10
10
10
10
10
10
10
10
10
10
10
10
10
10
10
10
10
10
10
10
10
10
10
10
10
10
10
10
10
10
10
10
10
10
10
10
10
10
10
10
10
10
10
10
10
10
10
10
10
10
10
10
10
10
10
10
10
10
10
10
10
10
10
10
10
10
10
10
10
10
10
10
10
10
10
10
10
10
10
10
10
10
10
10
10
10
10
10
10
10
10
10
10
10
10
10
10
10
10
10
10
10
10
10
10
10
10
10
10
10
10
10
10
10
10
10
10
10
10
10
10
10
10
10
10
10
10
10
10
10
10
10
10
10
10
10
10
10
10
10
10
10
10
10
10
10
10
10
10
10
10
10
10
10
10
10
10
10
10
10
10
10
10
10
10
10
10
10
10
10
10
10
10
10
10
10
10
10
10
10
10
10
10
10
10
10
10
10
10
10
10
10
10
10
10
10
10
10
10
10
10
10
10
10
10
10
10
10
10
10
10
10
10
10
10
10
10
10
10
10
10
10
10
10
10
10
10
10
10
10
10
10
10
10
10
10
10
10
10
10
10
10
10
10
10
10
10
10
10
10
10
10
10
10
10
10
10
10
10
10
10
10
10
10
10
10
10
10
10
10
10
10
10
10
10
10
10
10
10
10
10
10
10
10
10
10
10
10
10
10
10
10
10
10
10
10
10
10
10
10
10
10
10
10
10
10
10
10
10
10
10
10
10
10
10
10
10
10
10
10
10
10
10
10
10
10
10
10
10
10
10
10
10
10
10
10
10
10
10
10
10
10
10
10
10
10
10
10
10
10
10
10
10
10
10
10
10
10
10
10
10
10
10
10
10
10
10
10
10
10
10
10
10
10
10
10
10
10
10
10
10
10
10
10
10
10
10
10
10
10
10
10
10
10
10
10
10
10
10
10
10
10
10
10
10
10
10
10
10
10
10
10
10
10
10
10
10
10
10
10
10
10
10
10
10
10
10
10
10
10
10
10
10
10
10
10
10
10
10
10
10
10
10
10
10
10
10
10
10
10
10
10
10
10
10
10
10
10
10
10
10
10
10
10
10
10
10
10
10
10
10
10
10
10
10
10
10
10
10
10
10
10
10
10
10
10
10
10
10
10
10
10
10
10
10
10
10
10
10
10
10
10
10
10
10
10
10
10
10
10
10
10
10
10
10
10
10
10
10
10
10
10
10
10
10
10
10
10
10
10
10
10
10
10
10
10
10
10
10
10
10
10
10
10
10
10
10
10
10
10
10
10
10
10
10
10
10
10
10
10
10
10
10
10
10
10
10
10
10
10
10
10
10
10
10
10
10
10
10
10
10
10
10
10
10
10
10
10
10
10
10
10
10
10
10
10
10
10
10
10
10
10
10
10
10
10
10
10
10
10
10
10
10
10
10
10
10
10
10
10
10
10
10
10
10
10
10
10
10
10
10
10
10
10
10
10
10
10
10
10
10
10
10
10
10
10
10
10
10
10
10
10
10
10
10
10
10
10
10
10
10
10
10
10
10
10
10
10
10
10
10
10
10
10
10
10
10
10
10
10
10
10
10
10
10
10
10
10
10
10
10
10
10
10
10
10
10
10
10
10
10
10
10
10
10
10
10
10
10
10
10
10
10
10
10
10
10
10
10
10
10
10
10
10
10
10
10
10
10
10
10
10
10
10
10
10
10
10
10
10
10
10
10
10
10
10
10
10
10
10
10
10
10
10
10
10
10
10
10
10
10
10
10
10
10
10
10
10
10
10
10
10
10
10
10
10
10
10
10
10
10
10
10
10
10
10
10
10
10
10
10
10
10
10
10
10
10
10
10
10
10
10
10
10
10
10
10
10
10
10
10
10
10
10
10
10
10
10
10
10
10
10
10
10
10
10
10
10
10
10
10
10
10
10
10
10
10
10
10
10
10
10
10
10
10
10
10
10
10
10
10
10
10
10
10
10
10
10
10
10
10
10
10
10
10
10
10
10
10
10
10
10
10
10
10
10
10
10
10
10
10
10
10
10
10
10
10
10
10
10
10
10
10
10
10
10
10
10
10
10
10
10
10
10
10
10
10
10
10
10
10
10
10
10
10
10
10
10
10
10
10
10
10
10
10
10
10
10
10
10
10
10
10
10
10
10
10
10
10
10
10
10
10
10
10
10
10
10
10
10
10
10
10
10
10
10
10
10
10
10
10
10
10
10
10
10
10
10
10
10
10
10
10
10
10
10
10
10
10
10
10
10
10
10
10
10
10
10
10
10
10
10
10
10
10
10
10
10
10
10
10
10
10
10
10
10
10
10
10
10
10
10
10
10
10
10
10
10
10
10
10
10
10
10
10
10
10
10
10
10
10
10
10
10
10
10
10
10
10
10
10
10
10
10
10
10
10
10
10
10
10
10
10
10
10
10
10
10
10
10
10
10
10
10
10
10
10
10
10
10
10
10
10
10
10
10
10
10
10
10
10
10
10
10
10
10
10
10
10
10
10
10
10
10
10
10
10
10
10
10
10
10
10
10
10
10
10
10
10
10
10
10
10
10
10
10
10
10
10
10
10
10
10
10
10
10
10
10
10
10
10
10
10
10
10
10
10
10
10
10
10
10
10
10
10
10
10
10
10
10
10
10
10
10
10
10
10
10
10
10
10
10
10
10
10
10
10
10
10
10
10
10
10
10
10
10
10
10
10
10
10
10
10
10
10
10
10
10
10
10
10
10
10
10
10
10
10
10
10
10
10
10
10
10
10
10
10
10
10
10
10
10
10
10
10
10
10
10
10
10
10
10
10
10
10
10
10
10
10
10
10
10
10
10
10
10
10
10
10
10
10
10
10
10
10
10
10
10
10
10
10
10
10
10
10
10
10
10
10
10
10
10
10
10
10
10
10
10
10
10
10
10
10
10
10
10
10
10
10
10
10
10
10
10
10
10
10
10
10
10
10
10
10
10
10
10
10
10
10
10
10
10
10
10
10
10
10
10
10
10
10
10
10
10
10
10
10
10
10
10
10
10
10
10
10
10
10
10
10
10
10
10
10
10
10
10
10
10
10
10
10
10
10
10
10
10
10
10
10
10
10
10
10
10
10
10
10
10
10
10
10
10
10
10
10
10
10
10
10
10
10
10
10
10
10
10
10
10
10
10
10
10
10
10
10
10
10
10
10
10
10
10
10
10
10
10
10
10
10
10
10
10
10
10
10
10
10
10
10
10
10
10
10
10
10
10
10
10
10
10
10
10
10
10
10
10
10
10
10
10
10
10
10
10
10
10
10
10
10
10
10
10
10
10
10
10
10
10
10
10
10
10
10
10
10
10
10
10
10
10
10
10
10
10
10
10
10
10
10
10
10
10
10
10
10
10
10
10
10
10
10
10
10
10
10
10
10
10
10
10
10
10
10
10
10
10
10
10
10
10
10
10
10
10
10
10
10
10
10
10
10
10
10
10
10
10
10
10
10
10
10
10
10
10
10
10
10
10
10
10
10
10
10
10
10
10
10
10
10
10
10
10
10
10
10
10
10
10
10
10
10
10
10
10
10
10
10
10
10
10
10
10
10
10
10
10
10
10
10
10
10
10
10
10
10
10
10
10
10
10
10
10
10
10
10
10
10
10
10
10
10
10
10
10
10
10
10
10
10
10
10
10
10
10
10
10
10
10
10
10
10
10
10
10
10
10
10
10
10
10
10
10
10
10
10
10
10
10
10
10
10
10
10
10
10
10
10
10
10
10
10
10
10
10
10
10
10
10
10
10
10
10
10
10
10
10
10
10
10
10
10
10
10
10
10
10
10
10
10
10
10
10
10
10
10
10
10
10
10
10
10
10
10
10
10
10
10
10
10
10
10
10
10
10
10
10
10
10
10
10
10
10
10
10
10
10
10
10
10
10
10
10
10
10
10
10
10
10
10
10
10
10
10
10
10
10
10
10
10
10
10
10
10
10
10
10
10
10
10
10
10
10
10
10
10
10
10
10
10
10
10
10
10
10
10
10
10
10
10
10
10
10
10
10
10
10
10
10
10
10
10
10
10
10
10
10
10
10
10
10
10
10
10
10
10
10
10
10
10
10
10
10
10
10
10
10
10
10
10
10
10
10
10
10
10
10
10
10
10
10
10
10
10
10
10
10
10
10
10
10
10
10
10
10
10
10
10
10
10
10
10
10
10
10
10
10
10
10
10
10
10
10
10
10
10
10
10
10
10
10
10
10
10
10
10
10
10
10
10
10
10
10
10
10
10
10
10
10
10
10
10
10
10
10
10
10
10
10
10
10
10
10
10
10
10
10
10
10
10
10
10
10
10
10
10
10
10
10
10
10
10
10
10
10
10
10
10
10
10
10
10
10
10
10
10
10
10
10
10
10
10
10
10
10
10
10
10
10
10
10
10
10
10
10
10
10
10
10
10
10
10
10
10
10
10
10
10
10
10
10
10
10
10
10
10
10
10
10
10
10
10
10
10
10
10
10
10
10
10
10
10
10
10
10
10
10
10
10
10
10
10
10
10
10
10
10
10
10
10
10
10
10
10
10
10
10
10
10
10
10
10
10
10
10
10
10
10
10
10
10
10
10
10
10
10
10
10
10
10
10
10
10
10
10
10
10
10
10
10
10
10
10
10
10
10
10
10
10
10
10
10
10
10
10
10
10
10
10
10
10
10
10
10
10
10
10
10
10
10
10
10
10
10
10
10
10
10
10
10
10
10
10
10
10
10
10
10
10
10
10
10
10
10
10
10
10
10
10
10
10
10
10
10
10
10
10
10
10
10
10
10
10
10
10
10
10
10
10
10
10
10
10
10
10
10
10
10
10
10
10
10
10
10
10
10
10
10
10
10
10
10
10
10
10
10
10
10
10
10
10
10
10
10
10
10
10
10
10
10
10
10
10
10
10
10
10
10
10
10
10
10
10
10
10
10
10
10
10
10
10
10
10
10
10
10
10
10
10
10
10
10
10
10
10
10
10
10
10
10
10
10
10
10
10
10
10
10
10
10
10
10
10
10
10
10
10
10
10
10
10
10
10
10
10
10
10
10
10
10
10
10
10
10
10
10
10
10
10
10
10
10
10
10
10
10
10
10
10
10
10
10
10
10
10
10
10
10
10
10
10
10
10
10
10
10
10
10
10
10
10
10
10
10
10
10
10
10
10
10
10
10
10
10
10
10
10
10
10
10
10
10
10
10
10
10
10
10
10
10
10
10
10
10
10
10
10
10
10
10
10
10
10
10
10
10
10
10
10
10
10
10
10
10
10
10
10
10
10
10
10
10
10
10
10
10
10
10
10
10
10
10
10
10
10
10
10
10
10
10
10
10
10
10
10
10
10
10
10
10
10
10
10
10
10
10
10
10
10
10
10
10
10
10
10
10
10
10
10
10
10
10
10
10
10
10
10
10
10
10
10
10
10
10
10
10
10
10
10
10
10
10
10
10
10
10
10
10
10
10
10
10
10
10
10
10
10
10
10
10
10
10
10
10
10
10
10
10
10
10
10
10
10
10
10
10
10
10
10
10
10
10
10
10
10
10
10
10
10
10
10
10
10
10
10
10
10
10
10
10
10
10
10
10
10
10
10
10
10
10
10
10
10
10
10
10
10
10
10
10
10
10
10
10
10
10
10
10
10
10
10
10
10
10
10
10
10
10
10
10
10
10
10
10
10
10
10
10
10
10
10
10
10
10
10
10
10
10
10
10
10
10
10
10
10
10
10
10
10
10
10
10
10
10
10
10
10
10
10
10
10
10
10
10
10
10
10
10
10
10
10
10
10
10
10
10
10
10
10
10
10
10
10
10
10
10
10
10
10
10
10
10
10
10
10
10
10
10
10
10
10
10
10
10
10
10
10
10
10
10
10
10
10
10
10
10
10
10
10
10
10
10
10
10
10
10
10
10
10
10
10
10
10
10
10
10
10
10
10
10
10
10
10
10
10
10
10
10
10
10
10
10
10
10
10
10
10
10
10
10
10
10
10
10
10
10
10
10
10
10
10
10
10
10
10
10
10
10
10
10
10
10
10
10
10
10
10
10
10
10
10
10
10
10
10
10
10
10
10
10
10
10
10
10
10
10
10
10
10
10
10
10
10
10
10
10
10
10
10
10
10
10
10
10
10
10
10
10
10
10
10
10
10
10
10
10
10
10
10
10
10
10
10
10
10
10
10
10
10
10
10
10
10
10
10
10
10
10
10
10
10
10
10
10
10
10
10
10
10
10
10
10
10
10
10
10
10
10
10
10
10
10
10
10
10
10
10
10
10
10
10
10
10
10
10
10
10
10
10
10
10
10
10
10
10
10
10
10
10
10
10
10
10
10
10
10
10
10
10
10
10
10
10
10
10
10
10
10
10
10
10
10
10
10
10
10
10
10
10
10
10
10
10
10
10
10
10
10
10
10
10
10
10
10
10
10
10
10
10
10
10
10
10
10
10
10
10
10
10
10
10
10
10
10
10
10
10
10
10
10
10
10
10
10
10
10
10
10
10
10
10
10
10
10
10
10
10
10
10
10
10
10
10
10
10
10
10
10
10
10
10
10
10
10
10
10
10
10
10
10
10
10
10
10
10
10
10
10
10
10
10
10
10
10
10
10
10
10
10
10
10
10
10
10
10
10
10
10
10
10
10
10
10
10
10
10
10
10
10
10
10
10
10
10
10
10
10
10
10
10
10
10
10
10
10
10
10
10
10
10
10
10
10
10
10
10
10
10
10
10
10
10
10
10
10
10
10
10
10
10
10
10
10
10
10
10
10
10
10
10
10
10
10
10
10
10
10
10
10
10
10
10
10
10
10
10
10
10
10
10
10
10
10
10
10
10
10
10
10
10
10
10
10
10
10
10
10
10
10
10
10
10
10
10
10
10
10
10
10
10
10
10
10
10
10
10
10
10
10
10
10
10
10
10
10
10
10
10
10
10
10
10
10
10
10
10
10
10
10
10
10
10
10
10
10
10
10
10
10
10
10
10
10
10
10
10
10
10
10
10
10
10
10
10
10
10
10
10
10
10
10
10
10
10
10
10
10
10
10
10
10
10
10
10
10
10
10
10
10
10
10
10
10
10
10
10
10
10
10
10
10
10
10
10
10
10
10
10
10
10
10
10
10
10
10
10
10
10
10
10
10
10
10
10
10
10
10
10
10
10
10
10
10
10
10
10
10
10
10
10
10
10
10
10
10
10
10
10
10
10
10
10
10
10
10
10
10
10
10
10
10
10
10
10
10
10
10
10
10
10
10
10
10
10
10
10
10
10
10
10
10
10
10
10
10
10
10
10
10
10
10
10
10
10
10
10
10
10
10
10
10
10
10
10
10
10
10
10
10
10
10
10
10
10
10
10
10
10
10
10
10
10
10
10
10
10
10
10
10
10
10
10
10
10
10
10
10
10
10
10
10
10
10
10
10
10
10
10
10
10
10
10
10
10
10
10
10
10
10
10
10
10
10
10
10
10
10
10
10
10
10
10
10
10
10
10
10
10
10
10
10
10
10
10
10
10
10
10
10
10
10
10
10
10
10
10
10
10
10
10
10
10
10
10
10
10
10
10
10
10
10
10
10
10
10
10
10
10
10
10
10
10
10
10
10
10
10
10
10
10
10
10
10
10
10
10
10
10
10
10
10
10
10
10
10
10
10
10
10
10
10
10
10
10
10
10
10
10
10
10
10
10
10
10
10
10
10
10
10
10
10
10
10
10
10
10
10
10
10
10
10
10
10
10
10
10
10
10
10
10
10
10
10
10
10
10
10
10
10
10
10
10
10
10
10
10
10
10
10
10
10
10
10
10
10
10
10
10
10
10
10
10
10
10
10
10
10
10
10
10
10
10
10
10
10
10
10
10
10
10
10
10
10
10
10
10
10
10
10
10
10
10
10
10
10
10
10
10
10
10
10
10
10
10
10
10
10
10
10
10
10
10
10
10
10
10
10
10
10
10
10
10
10
10
10
10
10
10
10
10
10
10
10
10
10
10
10
10
10
10
10
10
10
10
10
10
10
10
10
10
10
10
10
10
10
10
10
10
10
10
10
10
10
10
10
10
10
10
10
10
10
10
10
10
10
10
10
10
10
10
10
10
10
10
10
10
10
10
10
10
10
10
10
10
10
10
10
10
10
10
10
10
10
10
10
10
10
10
10
10
10
10
10
10
10
10
10
10
10
10
10
10
10
10
10
10
10
10
10
10
10
10
10
10
10
10
10
10
10
10
10
10
10
10
10
10
10
10
10
10
10
10
10
10
10
10
10
10
10
10
10
10
10
10
10
10
10
10
10
10
10
10
10
10
10
10
10
10
10
10
10
10
10
10
10
10
10
10
10
10
10
10
10
10
10
10
10
10
10
10
10
10
10
10
10
10
10
10
10
10
10
10
10
10
10
10
10
10
10
10
10
10
10
10
10
10
10
10
10
10
10
10
10
10
10
10
10
10
10
10
10
10
10
10
10
10
10
10
10
10
10
10
10
10
10
10
10
10
10
10
10
10
10
10
10
10
10
10
10
10
10
10
10
10
10
10
10
10
10
10
10
10
10
10
10
10
10
10
10
10
10
10
10
10
10
10
10
10
10
10
10
10
10
10
10
10
10
10
10
10
10
10
10
10
10
10
10
10
10
10
10
10
10
10
10
10
10
10
10
10
10
10
10
10
10
10
10
10
10
10
10
10
10
10
10
10
10
10
10
10
10
10
10
10
10
10
10
10
10
10
10
10
10
10
10
10
10
10
10
10
10
10
10
10
10
10
10
10
10
10
10
10
10
10
10
10
10
10
10
10
10
10
10
10
10
10
10
10
10
10
10
10
10
10
10
10
10
10
10
10
10
10
10
10
10
10
10
10
10
10
10
10
10
10
10
10
10
10
10
10
10
10
10
10
10
10
10
10
10
10
10
10
10
10
10
10
10
10
10
10
10
10
10
10
10
10
10
10
10
10
10
10
10
10
10
10
10
10
10
10
10
10
10
10
10
10
10
10
10
10
10
10
10
10
10
10
10
10
10
10
10
10
10
10
10
10
10
10
10
10
10
10
10
10
10
10
10
10
10
10
10
10
10
10
10
10
10
10
10
10
10
10
10
10
10
10
10
10
10
10
10
10
10
10
10
10
10
10
10
10
10
10
10
10
10
10
10
10
10
10
10
10
10
10
10
10
10
10
10
10
10
10
10
10
10
10
10
10
10
10
10
10
10
10
10
10
10
10
10
10
10
10
10
10
10
10
10
10
10
10
10
10
10
10
10
10
10
10
10
10
10
10
10
10
10
10
10
10
10
10
10
10
10
10
10
10
10
10
10
10
10
10
10
10
10
10
10
10
10
10
10
10
10
10
10
10
10
10
10
10
10
10
10
10
10
10
10
10
10
10
10
10
10
10
10
10
10
10
10
10
10
10
10
10
10
10
10
10
10
10
10
10
10
10
10
10
10
10
10
10
10
10
10
10
10
10
10
10
10
10
10
10
10
10
10
10
10
10
10
10
10
10
10
10
10
10
10
10
10
10
10
10
10
10
10
10
10
10
10
10
10
10
10
10
10
10
10
10
10
10
10
10
10
10
10
10
10
10
10
10
10
10
10
10
10
10
10
10
10
10
10
10
10
10
10
10
10
10
10
10
10
10
10
10
10
10
10
10
10
10
10
10
10
10
10
10
10
10
10
10
10
10
10
10
10
10
10
10
10
10
10
10
10
10
10
10
10
10
10
10
10
10
10
10
10
10
10
10
10
10
10
10
10
10
10
10
10
10
10
10
10
10
10
10
10
10
10
10
10
10
10
10
10
10
10
10
10
10
10
10
10
10
10
10
10
10
10
10
10
10
10
10
10
10
10
10
10
10
10
10
10
10
10
10
10
10
10
10
10
10
10
10
10
10
10
10
10
10
10
10
10
10
10
10
10
10
10
10
10
10
10
10
10
10
10
10
10
10
10
10
10
10
10
10
10
10
10
10
10
10
10
10
10
10
10
10
10
10
10
10
10
10
10
10
10
10
10
10
10
10
10
10
10
10
10
10
10
10
10
10
10
10
10
10
10
10
10
10
10
10
10
10
10
10
10
10
10
10
10
10
10
10
10
10
10
10
10
10
10
10
10
10
10
10
10
10
10
10
10
10
10
10
10
10
10
10
10
10
10
10
10
10
10
10
10
10
10
10
10
10
10
10
10
10
10
10
10
10
10
10
10
10
10
10
10
10
10
10
10
10
10
10
10
10
10
10
10
10
10
10
10
10
10
10
10
10
10
10
10
10
10
10
10
10
10
10
10
10
10
10
10
10
10
10
10
10
10
10
10
10
10
10
10
10
10
10
10
10
10
10
10
10
10
10
10
10
10
10
10
10
10
10
10
10
10
10
10
10
10
10
10
10
10
10
10
10
10
10
10
10
10
10
10
10
10
10
10
10
10
10
10
10
10
10
10
10
10
10
10
10
10
10
10
10
10
10
10
10
10
10
10
10
10
10
10
10
10
10
10
10
10
10
10
10
10
10
10
10
10
10
10
10
10
10
10
10
10
10
10
10
10
10
10
10
10
10
10
10
10
10
10
10
10
10
10
10
10
10
10
10
10
10
10
10
10
10
10
10
10
10
10
10
10
10
10
10
10
10
10
10
10
10
10
10
10
10
10
10
10
10
10
10
10
10
10
10
10
10
10
10
10
10
10
10
10
10
10
10
10
10
10
10
10
10
10
10
10
10
10
10
10
10
10
10
10
10
10
10
10
10
10
10
10
10
10
10
10
10
10
10
10
10
10
10
10
10
10
10
10
10
10
10
10
10
10
10
10
10
10
10
10
10
10
10
10
10
10
10
10
10
10
10
10
10
10
10
10
10
10
10
10
10
10
10
10
10
10
10
10
10
10
10
10
10
10
10
10
10
10
10
10
10
10
10
10
10
10
10
10
10
10
10
10
10
10
10
10
10
10
10
10
10
10
10
10
10
10
10
10
10
10
10
10
10
10
10
10
10
10
10
10
10
10
10
10
10
10
10
10
10
10
10
10
10
10
10
10
10
10
10
10
10
10
10
10
10
10
10
10
10
10
10
10
10
10
10
10
10
10
10
10
10
10
10
10
10
10
10
10
10
10
10
10
10
10
10
10
10
10
10
10
10
10
10
10
10
10
10
10
10
10
10
10
10
10
10
10
10
10
10
10
10
10
10
10
10
10
10
10
10
10
10
10
10
10
10
10
10
10
10
10
10
10
10
10
10
10
10
10
10
10
10
10
10
10
10
10
10
10
10
10
10
10
10
10
10
10
10
10
10
10
10
10
10
10
10
10
10
10
10
10
10
10
10
10
10
10
10
10
10
10
10
10
10
10
10
10
10
10
10
10
10
10
10
10
10
10
10
10
10
10
10
10
10
10
10
10
10
10
10
10
10
10
10
10
10
10
10
10
10
10
10
10
10
10
10
10
10
10
10
10
10
10
10
10
10
10
10
10
10
10
10
10
10
10
10
10
10
10
10
10
10
10
10
10
10
10
10
10
10
10
10
10
10
10
10
10
10
10
10
10
10
10
10
10
10
10
10
10
10
10
10
10
10
10
10
10
10
10
10
10
10
10
10
10
10
10
10
10
10
10
10
10
10
10
10
10
10
10
10
10
10
10
10
10
10
10
10
10
10
10
10
10
10
10
10
10
10
10
10
10
10
10
10
10
10
10
10
10
10
10
10
10
10
10
10
10
10
10
10
10
10
10
10
10
10
10
10
10
10
10
10
10
10
10
10
10
10
10
10
10
10
10
10
10
10
10
10
10
10
10
10
10
10
10
10
10
10
10
10
10
10
10
10
10
10
10
10
10
10
10
10
10
10
10
10
10
10
10
10
10
10
10
10
10
10
10
10
10
10
10
10
10
10
10
10
10
10
10
10
10
10
10
10
10
10
10
10
10
10
10
10
10
10
10
10
10
10
10
10
10
10
10
10
10
10
10
10
10
10
10
10
10
10
10
10
10
10
10
10
10
10
10
10
10
10
10
10
10
10
10
10
10
10
10
10
10
10
10
10
10
10
10
10
10
10
10
10
10
10
10
10
10
10
10
10
10
10
10
10
10
10
10
10
10
10
10
10
10
10
10
10
10
10
10
10
10
10
10
10
10
10
10
10
10
10
10
10
10
10
10
10
10
10
10
10
10
10
10
10
10
10
10
10
10
10
10
10
10
10
10
10
10
10
10
10
10
10
10
10
10
10
10
10
10
10
10
10
10
10
10
10
10
10
10
10
10
10
10
10
10
10
10
10
10
10
10
10
10
10
10
10
10
10
10
10
10
10
10
10
10
10
10
10
10
10
10
10
10
10
10
10
10
10
10
10
10
10
10
10
10
10
10
10
10
10
10
10
10
10
10
10
10
10
10
10
10
10
10
10
10
10
10
10
10
10
10
10
10
10
10
10
10
10
10
10
10
10
10
10
10
10
10
10
10
10
10
10
10
10
10
10
10
10
10
10
10
10
10
10
10
10
10
10
10
10
10
10
10
10
10
10
10
10
10
10
10
10
10
10
10
10
10
10
10
10
10
10
10
10
10
10
10
10
10
10
10
10
10
10
10
10
10
10
10
10
10
10
10
10
10
10
10
10
10
10
10
10
10
10
10
10
10
10
10
10
10
10
10
10
10
10
10
10
10
10
10
10
10
10
10
10
10
10
10
10
10
10
10
10
10
10
10
10
10
10
10
10
10
10
10
10
10
10
10
10
10
10
10
10
10
10
10
10
10
10
10
10
10
10
10
10
10
10
10
10
10
10
10
10
10
10
10
10
10
10
10
10
10
10
10
10
10
10
10
10
10
10
10
10
10
10
10
10
10
10
10
10
10
10
10
10
10
10
10
10
10
10
10
10
10
10
10
10
10
10
10
10
10
10
10
10
10
10
10
10
10
10
10
10
10
10
10
10
10
10
10
10
10
10
10
10
10
10
10
10
10
10
10
10
10
10
10
10
10
10
10
10
10
10
10
10
10
10
10
10
10
10
10
10
10
10
10
10
10
10
10
10
10
10
10
10
10
10
10
10
10
10
10
10
10
10
10
10
10
10
10
10
10
10
10
10
10
10
10
10
10
10
10
10
10
10
10
10
10
10
10
10
10
10
10
10
10
10
10
10
10
10
10
10
10
10
10
10
10
10
10
10
10
10
10
10
10
10
10
10
10
10
10
10
10
10
10
10
10
10
10
10
10
10
10
10
10
10
10
10
10
10
10
10
10
10
10
10
10
10
10
10
10
10
10
10
10
10
10
10
10
10
10
10
10
10
10
10
10
10
10
10
10
10
10
10
10
10
10
10
10
10
10
10
10
10
10
10
10
10
10
10
10
10
10
10
10
10
10
10
10
10
10
10
10
10
10
10
10
10
10
10
10
10
10
10
10
10
10
10
10
10
10
10
10
10
10
10
10
10
10
10
10
10
10
10
10
10
10
10
10
10
10
10
10
10
10
10
10
10
10
10
10
10
10
10
10
10
10
10
10
10
10
10
10
10
10
10
10
10
10
10
10
10
10
10
10
10
10
10
10
10
10
10
10
10
10
10
10
10
10
10
10
10
10
10
10
10
10
10
10
10
10
10
10
10
10
10
10
10
10
10
10
10
10
10
10
10
10
10
10
10
10
10
10
10
10
10
10
10
10
10
10
10
10
10
10
10
10
10
10
10
10
10
10
10
10
10
10
10
10
10
10
10
10
10
10
10
10
10
10
10
10
10
10
10
10
10
10
10
10
10
10
10
10
10
10
10
10
10
10
10
10
10
10
10
10
10
10
10
10
10
10
10
10
10
10
10
10
10
10
10
10
10
10
10
10
10
10
10
10
10
10
10
10
10
10
10
10
10
10
10
10
10
10
10
10
10
10
10
10
10
10
10
10
10
10
10
10
10
10
10
10
10
10
10
10
10
10
10
10
10
10
10
10
10
10
10
10
10
10
10
10
10
10
10
10
10
10
10
10
10
10
10
10
10
10
10
10
10
10
10
10
10
10
10
10
10
10
10
10
10
10
10
10
10
10
10
10
10
10
10
10
10
10
10
10
10
10
10
10
10
10
10
10
10
10
10
10
10
10
10
10
10
10
10
10
10
10
10
10
10
10
10
10
10
10
10
10
10
10
10
10
10
10
10
10
10
10
10
10
10
10
10
10
10
10
10
10
10
10
10
10
10
10
10
10
10
10
10
10
10
10
10
10
10
10
10
10
10
10
10
10
10
10
10
10
10
10
10
10
10
10
10
10
10
10
10
10
10
10
10
10
10
10
10
10
10
10
10
10
10
10
10
10
10
10
10
10
10
10
10
10
10
10
10
10
10
10
10
10
10
10
10
10
10
10
10
10
10
10
10
10
10
10
10
10
10
10
10
10
10
10
10
10
10
10
10
10
10
10
10
10
10
10
10
10
10
10
10
10
10
10
10
10
10
10
10
10
10
10
10
10
10
10
10
10
10
10
10
10
10
10
10
10
10
10
10
10
10
10
10
10
10
10
10
10
10
10
10
10
10
10
10
10
10
10
10
10
10
10
10
10
10
10
10
10
10
10
10
10
10
10
10
10
10
10
10
10
10
10
10
10
10
10
10
10
10
10
10
10
10
10
10
10
10
10
10
10
10
10
10
10
10
10
10
10
10
10
10
10
10
10
10
10
10
10
10
10
10
10
10
10
10
10
10
10
10
10
10
10
10
10
10
10
10
10
10
10
10
10
10
10
10
10
10
10
10
10
10
10
10
10
10
10
10
10
10
10
10
10
10
10
10
10
10
10
10
10
10
10
10
10
10
10
10
10
10
10
10
10
10
10
10
10
10
10
10
10
10
10
10
10
10
10
10
10
10
10
10
10
10
10
10
10
10
10
10
10
10
10
10
10
10
10
10
10
10
10
10
10
10
10
10
10
10
10
10
10
10
10
10
10
10
10
10
10
10
10
10
10
10
10
10
10
10
10
10
10
10
10
10
10
10
10
10
10
10
10
10
10
10
10
10
10
10
10
10
10
10
10
10
10
10
10
10
10
10
10
10
10
10
10
10
10
10
10
10
10
10
10
10
10
10
10
10
10
10
10
10
10
10
10
10
10
10
10
10
10
10
10
10
10
10
10
10
10
10
10
10
10
10
10
10
10
10
10
10
10
10
10
10
10
10
10
10
10
10
10
10
10
10
10
10
10
10
10
10
10
10
10
10
10
10
10
10
10
10
10
10
10
10
10
10
10
10
10
10
10
10
10
10
10
10
10
10
10
10
10
10
10
10
10
10
10
10
10
10
10
10
10
10
10
10
10
10
10
10
10
10
10
10
10
10
10
10
10
10
10
10
10
10
10
10
10
10
10
10
10
10
10
10
10
10
10
10
10
10
10
10
10
10
10
10
10
10
10
10
10
10
10
10
10
10
10
10
10
10
10
10
10
10
10
10
10
10
10
10
10
10
10
10
10
10
10
10
10
10
10
10
10
10
10
10
10
10
10
10
10
10
10
10
10
10
10
10
10
10
10
10
10
10
10
10
10
10
10
10
10
10
10
10
10
10
10
10
10
10
10
10
10
10
10
10
10
10
10
10
10
10
10
10
10
10
10
10
10
10
10
10
10
10
10
10
10
10
10
10
10
10
10
10
10
10
10
10
10
10
10
10
10
10
10
10
10
10
10
10
10
10
10
10
10
10
10
10
10
10
10
10
10
10
10
10
10
10
10
10
10
10
10
10
10
10
10
10
10
10
10
10
10
10
10
10
10
10
10
10
10
10
10
10
10
10
10
10
10
10
10
10
10
10
10
10
10
10
10
10
10
10
10
10
10
10
10
10
10
10
10
10
10
10
10
10
10
10
10
10
10
10
10
10
10
10
10
10
10
10
10
10
10
10
10
10
10
10
10
10
10
10
10
10
10
10
10
10
10
10
10
10
10
10
10
10
10
10
10
10
10
10
10
10
10
10
10
10
10
10
10
10
10
10
10
10
10
10
10
10
10
10
10
10
10
10
10
10
10
10
10
10
10
10
10
10
10
10
10
10
10
10
10
10
10
10
10
10
10
10
10
10
10
10
10
10
10
10
10
10
10
10
10
10
10
10
10
10
10
10
10
10
10
10
10
10
10
10
10
10
10
10
10
10
10
10
10
10
10
10
10
10
10
10
10
10
10
10
10
10
10
10
10
10
10
10
10
10
10
10
10
10
10
10
10
10
10
10
10
10
10
10
10
10
10
10
10
10
10
10
10
10
10
10
10
10
10
10
10
10
10
10
10
10
10
10
10
10
10
10
10
10
10
10
10
10
10
10
10
10
10
10
10
10
10
10
10
10
10
10
10
10
10
10
10
10
10
10
10
10
10
10
10
10
10
10
10
10
10
10
10
10
10
10
10
10
10
10
10
10
10
10
10
10
10
10
10
10
10
10
10
10
10
10
10
10
10
10
10
10
10
10
10
10
10
10
10
10
10
10
10
10
10
10
10
10
10
10
10
10
10
10
10
10
10
10
10
10
10
10
10
10
10
10
10
10
10
10
10
10
10
10
10
10
10
10
10
10
10
10
10
10
10
10
10
10
10
10
10
10
10
10
10
10
10
10
10
10
10
10
10
10
10
10
10
10
10
10
10
10
10
10
10
10
10
10
10
10
10
10
10
10
10
10
10
10
10
10
10
10
10
10
10
10
10
10
10
10
10
10
10
10
10
10
10
10
10
10
10
10
10
10
10
10
10
10
10
10
10
10
10
10
10
10
10
10
10
10
10
10
10
10
10
10
10
10
10
10
10
10
10
10
10
10
10
10
10
10
10
10
10
10
10
10
10
10
10
10
10
10
10
10
10
10
10
10
10
10
10
10
10
10
10
10
10
10
10
10
10
10
10
10
10
10
10
10
10
10
10
10
10
10
10
10
10
10
10
10
10
10
10
10
10
10
10
10
10
10
10
10
10
10
10
10
10
10
10
10
10
10
10
10
10
10
10
10
10
10
10
10
10
10
10
10
10
10
10
10
10
10
10
10
10
10
10
10
10
10
10
10
10
10
10
10
10
10
10
10
10
10
10
10
10
10
10
10
10
10
10
10
10
10
10
10
10
10
10
10
10
10
10
10
10
10
10
10
10
10
10
10
10
10
10
10
10
10
10
10
10
10
10
10
10
10
10
10
10
10
10
10
10
10
10
10
10
10
10
10
10
10
10
10
10
10
10
10
10
10
10
10
10
10
10
10
10
10
10
10
10
10
10
10
10
10
10
10
10
10
10
10
10
10
10
10
10
10
10
10
10
10
10
10
10
10
10
10
10
10
10
10
10
10
10
10
10
10
10
10
10
10
10
10
10
10
10
10
10
10
10
10
10
10
10
10
10
10
10
10
10
10
10
10
10
10
10
10
10
10
10
10
10
10
10
10
10
10
10
10
10
10
10
10
10
10
10
10
10
10
10
10
10
10
10
10
10
10
10
10
10
10
10
10
10
10
10
10
10
10
10
10
10
10
10
10
10
10
10
10
10
10
10
10
10
10
10
10
10
10
10
10
10
10
10
10
10
10
10
10
10
10
10
10
10
10
10
10
10
10
10
10
10
10
10
10
10
10
10
10
10
10
10
10
10
10
10
10
10
10
10
10
10
10
10
10
10
10
10
10
10
10
10
10
10
10
10
10
10
10
10
10
10
10
10
10
10
10
10
10
10
10
10
10
10
10
10
10
10
10
10
10
10
10
10
10
10
10
10
10
10
10
10
10
10
10
10
10
10
10
10
10
10
10
10
10
10
10
10
10
10
10
10
10
10
10
10
10
10
10
10
10
10
10
10
10
10
10
10
10
10
10
10
10
10
10
10
10
10
10
10
10
10
10
10
10
10
10
10
10
10
10
10
10
10
10
10
10
10
10
10
10
10
10
10
10
10
10
10
10
10
10
10
10
10
10
10
10
10
10
10
10
10
10
10
10
10
10
10
10
10
10
10
10
10
10
10
10
10
10
10
10
10
10
10
10
10
10
10
10
10
10
10
10
10
10
10
10
10
10
10
10
10
10
10
10
10
10
10
10
10
10
10
10
10
10
10
10
10
10
10
10
10
10
10
10
10
10
10
10
10
10
10
10
10
10
10
10
10
10
10
10
10
10
10
10
10
10
10
10
10
10
10
10
10
10
10
10
10
10
10
10
10
10
10
10
10
10
10
10
10
10
10
10
10
10
10
10
10
10
10
10
10
10
10
10
10
10
10
10
10
10
10
10
10
10
10
10
10
10
10
10
10
10
10
10
10
10
10
10
10
10
10
10
10
10
10
10
10
10
10
10
10
10
10
10
10
10
10
10
10
10
10
10
10
10
10
10
10
10
10
10
10
10
10
10
10
10
10
10
10
10
10
10
10
10
10
10
10
10
10
10
10
10
10
10
10
10
10
10
10
10
10
10
10
10
10
10
10
10
10
10
10
10
10
10
10
10
10
10
10
10
10
10
10
10
10
10
10
10
10
10
10
10
10
10
10
10
10
10
10
10
10
10
10
10
10
10
10
10
10
10
10
10
10
10
10
10
10
10
10
10
10
10
10
10
10
10
10
10
10
10
10
10
10
10
10
10
10
10
10
10
10
10
10
10
10
10
10
10
10
10
10
10
10
10
10
10
10
10
10
10
10
10
10
10
10
10
10
10
10
10
10
10
10
10
10
10
10
10
10
10
10
10
10
10
10
10
10
10
10
10
10
10
10
10
10
10
10
10
10
10
10
10
10
10
10
10
10
10
10
10
10
10
10
10
10
10
10
10
10
10
10
10
10
10
10
10
10
10
10
10
10
10
10
10
10
10
10
10
10
10
10
10
10
10
10
10
10
10
10
10
10
10
10
10
10
10
10
10
10
10
10
10
10
10
10
10
10
10
10
10
10
10
10
10
10
10
10
10
10
10
10
10
10
10
10
10
10
10
10
10
10
10
10
10
10
10
10
10
10
10
10
10
10
10
10
10
10
10
10
10
10
10
10
10
10
10
10
10
10
10
10
10
10
10
10
10
10
10
10
10
10
10
10
10
10
10
10
10
10
10
10
10
10
10
10
10
10
10
10
10
10
10
10
10
10
10
10
10
10
10
10
10
10
10
10
10
10
10
10
10
10
10
10
10
10
10
10
10
10
10
10
10
10
10
10
10
10
10
10
10
10
10
10
10
10
10
10
10
10
10
10
10
10
10
10
10
10
10
10
10
10
10
10
10
10
10
10
10
10
10
10
10
10
10
10
10
10
10
10
10
10
10
10
10
10
10
10
10
10
10
10
10
10
10
10
10
10
10
10
10
10
10
10
10
10
10
10
10
10
10
10
10
10
10
10
10
10
10
10
10
10
10
10
10
10
10
10
10
10
10
10
10
10
10
10
10
10
10
10
10
10
10
10
10
10
10
10
10
10
10
10
10
10
10
10
10
10
10
10
10
10
10
10
10
10
10
10
10
10
10
10
10
10
10
10
10
10
10
10
10
10
10
10
10
10
10
10
10
10
10
10
10
10
10
10
10
10
10
10
10
10
10
10
10
10
10
10
10
10
10
10
10
10
10
10
10
10
10
10
10
10
10
10
10
10
10
10
10
10
10
10
10
10
10
10
10
10
10
10
10
10
10
10
10
10
10
10
10
10
10
10
10
10
10
10
10
10
10
10
10
10
10
10
10
10
10
10
10
10
10
10
10
10
10
10
10
10
10
10
10
10
10
10
10
10
10
10
10
10
10
10
10
10
10
10
10
10
10
10
10
10
10
10
10
10
10
10
10
10
10
10
10
10
10
10
10
10
10
10
10
10
10
10
10
10
10
10
10
10
10
10
10
10
10
10
10
10
10
10
10
10
10
10
10
10
10
10
10
10
10
10
10
10
10
10
10
10
10
10
10
10
10
10
10
10
10
10
10
10
10
10
10
10
10
10
10
10
10
10
10
10
10
10
10
10
10
10
10
10
10
10
10
10
10
10
10
10
10
10
10
10
10
10
10
10
10
10
10
10
10
10
10
10
10
10
10
10
10
10
10
10
10
10
10
10
10
10
10
10
10
10
10
10
10
10
10
10
10
10
10
10
10
10
10
10
10
10
10
10
10
10
10
10
10
10
10
10
10
10
10
10
10
10
10
10
10
10
10
10
10
10
10
10
10
10
10
10
10
10
10
10
10
10
10
10
10
10
10
10
10
10
10
10
10
10
10
10
10
10
10
10
10
10
10
10
10
10
10
10
10
10
10
10
10
10
10
10
10
10
10
10
10
10
10
10
10
10
10
10
10
10
10
10
10
10
10
10
10
10
10
10
10
10
10
10
10
10
10
10
10
10
10
10
10
10
10
10
10
10
10
10
10
10
10
10
10
10
10
10
10
10
10
10
10
10
10
10
10
10
10
10
10
10
10
10
10
10
10
10
10
10
10
10
10
10
10
10
10
10
10
10
10
10
10
10
10
10
10
10
10
10
10
10
10
10
10
10
10
10
10
10
10
10
10
10
10
10
10
10
10
10
10
10
10
10
10
10
10
10
10
10
10
10
10
10
10
10
10
10
10
10
10
10
10
10
10
10
10
10
10
10
10
10
10
10
10
10
10
10
10
10
10
10
10
10
10
10
10
10
10
10
10
10
10
10
10
10
10
10
10
10
10
10
10
10
10
10
10
10
10
10
10
10
10
10
10
10
10
10
10
10
10
10
10
10
10
10
10
10
10
10
10
10
10
10
10
10
10
10
10
10
10
10
10
10
10
10
10
10
10
10
10
10
10
10
10
10
10
10
10
10
10
10
10
10
10
10
10
10
10
10
10
10
10
10
10
10
10
10
10
10
10
10
10
10
10
10
10
10
10
10
10
10
10
10
10
10
10
10
10
10
10
10
10
10
10
10
10
10
10
10
10
10
10
10
10
10
10
10
10
10
10
10
10
10
10
10
10
10
10
10
10
10
10
10
10
10
10
10
10
10
10
10
10
10
10
10
10
10
10
10
10
10
10
10
10
10
10
10
10
10
10
10
10
10
10
10
10
10
10
10
10
10
10
10
10
10
10
10
10
10
10
10
10
10
10
10
10
10
10
10
10
10
10
10
10
10
10
10
10
10
10
10
10
10
10
10
10
10
10
10
10
10
10
10
10
10
10
10
10
10
10
10
10
10
10
10
10
10
10
10
10
10
10
10
10
10
10
10
10
10
10
10
10
10
10
10
10
10
10
10
10
10
10
10
10
10
10
10
10
10
10
10
10
10
10
10
10
10
10
10
10
10
10
10
10
10
10
10
10
10
10
10
10
10
10
10
10
10
10
10
10
10
10
10
10
10
10
10
10
10
10
10
10
10
10
10
10
10
10
10
10
10
10
10
10
10
10
10
10
10
10
10
10
10
10
10
10
10
10
10
10
10
10
10
10
10
10
10
10
10
10
10
10
10
10
10
10
10
10
10
10
10
10
10
10
10
10
10
10
10
10
10
10
10
10
10
10
10
10
10
10
10
10
10
10
10
10
10
10
10
10
10
10
10
10
10
10
10
10
10
10
10
10
10
10
10
10
10
10
10
10
10
10
10
10
10
10
10
10
10
10
10
10
10
10
10
10
10
10
10
10
10
10
10
10
10
10
10
10
10
10
10
10
10
10
10
10
10
10
10
10
10
10
10
10
10
10
10
10
10
10
10
10
10
10
10
10
10
10
10
10
10
10
10
10
10
10
10
10
10
10
10
10
10
10
10
10
10
10
10
10
10
10
10
10
10
10
10
10
10
10
10
10
10
10
10
10
10
10
10
10
10
10
10
10
10
10
10
10
10
10
10
10
10
10
10
10
10
10
10
10
10
10
10
10
10
10
10
10
10
10
10
10
10
10
10
10
10
10
10
10
10
10
10
10
10
10
10
10
10
10
10
10
10
10
10
10
10
10
10
10
10
10
10
10
10
10
10
10
10
10
10
10
10
10
10
10
10
10
10
10
10
10
10
10
10
10
10
10
10
10
10
10
10
10
10
10
10
10
10
10
10
10
10
10
10
10
10
10
10
10
10
10
10
10
10
10
10
10
10
10
10
10
10
10
10
10
10
10
10
10
10
10
10
10
10
10
10
10
10
10
10
10
10
10
10
10
10
10
10
10
10
10
10
10
10
10
10
10
10
10
10
10
10
10
10
10
10
10
10
10
10
10
10
10
10
10
10
10
10
10
10
10
10
10
10
10
10
10
10
10
10
10
10
10
10
10
10
10
10
10
10
10
10
10
10
10
10
10
10
10
10
10
10
10
10
10
10
10
10
10
10
10
10
10
10
10
10
10
10
10
10
10
10
10
10
10
10
10
10
10
10
10
10
10
10
10
10
10
10
10
10
10
10
10
10
10
10
10
10
10
10
10
10
10
10
10
10
10
10
10
10
10
10
10
10
10
10
10
10
10
10
10
10
10
10
10
10
10
10
10
10
10
10
10
10
10
10
10
10
10
10
10
10
10
10
10
10
10
10
10
10
10
10
10
10
10
10
10
10
10
10
10
10
10
10
10
10
10
10
10
10
10
10
10
10
10
10
10
10
10
10
10
10
10
10
10
10
10
10
10
10
10
10
10
10
10
10
10
10
10
10
10
10
10
10
10
10
10
10
10
10
10
10
10
10
10
10
10
10
10
10
10
10
10
10
10
10
10
10
10
10
10
10
10
10
10
10
10
10
10
10
10
10
10
10
10
10
10
10
10
10
10
10
10
10
10
10
10
10
10
10
10
10
10
10
10
10
10
10
10
10
10
10
10
10
10
10
10
10
10
10
10
10
10
10
10
10
10
10
10
10
10
10
10
10
10
10
10
10
10
10
10
10
10
10
10
10
10
10
10
10
10
10
10
10
10
10
10
10
10
10
10
10
10
10
10
10
10
10
10
10
10
10
10
10
10
10
10
10
10
10
10
10
10
10
10
10
10
10
10
10
10
10
10
10
10
10
10
10
10
10
10
10
10
10
10
10
10
10
10
10
10
10
10
10
10
10
10
10
10
10
10
10
10
10
10
10
10
10
10
10
10
10
10
10
10
10
10
10
10
10
10
10
10
10
10
10
10
10
10
10
10
10
10
10
10
10
10
10
10
10
10
10
10
10
10
10
10
10
10
10
10
10
10
10
10
10
10
10
10
10
10
10
10
10
10
10
10
10
10
10
10
10
10
10
10
10
10
10
10
10
10
10
10
10
10
10
10
10
10
10
10
10
10
10
10
10
10
10
10
10
10
10
10
10
10
10
10
10
10
10
10
10
10
10
10
10
10
10
10
10
10
10
10
10
10
10
10
10
10
10
10
10
10
10
10
10
10
10
10
10
10
10
10
10
10
10
10
10
10
10
10
10
10
10
10
10
10
10
10
10
10
10
10
10
10
10
10
10
10
10
10
10
10
10
10
10
10
10
10
10
10
10
10
10
10
10
10
10
10
10
10
10
10
10
10
10
10
10
10
10
10
10
10
10
10
10
10
10
10
10
10
10
10
10
10
10
10
10
10
10
10
10
10
10
10
10
10
10
10
10
10
10
10
10
10
10
10
10
10
10
10
10
10
10
10
10
10
10
10
10
10
10
10
10
10
10
10
10
10
10
10
10
10
10
10
10
10
10
10
10
10
10
10
10
10
10
10
10
10
10
10
10
10
10
10
10
10
10
10
10
10
10
10
10
10
10
10
10
10
10
10
10
10
10
10
10
10
10
10
10
10
10
10
10
10
10
10
10
10
10
10
10
10
10
10
10
10
10
10
10
10
10
10
10
10
10
10
10
10
10
10
10
10
10
10
10
10
10
10
10
10
10
10
10
10
10
10
10
10
10
10
10
10
10
10
10
10
10
10
10
10
10
10
10
10
10
10
10
10
10
10
10
10
10
10
10
10
10
10
10
10
10
10
10
10
10
10
10
10
10
10
10
10
10
10
10
10
10
10
10
10
10
10
10
10
10
10
10
10
10
10
10
10
10
10
10
10
10
10
10
10
10
10
10
10
10
10
10
10
10
10
10
10
10
10
10
10
10
10
10
10
10
10
10
10
10
10
10
10
10
10
10
10
10
10
10
10
10
10
10
10
10
10
10
10
10
10
10
10
10
10
10
10
10
10
10
10
10
10
10
10
10
10
10
10
10
10
10
10
10
10
10
10
10
10
10
10
10
10
10
10
10
10
10
10
10
10
10
10
10
10
10
10
10
10
10
10
10
10
10
10
10
10
10
10
10
10
10
10
10
10
10
10
10
10
10
10
10
10
10
10
10
10
10
10
10
10
10
10
10
10
10
10
10
10
10
10
10
10
10
10
10
10
10
10
10
10
10
10
10
10
10
10
10
10
10
10
10
10
10
10
10
10
10
10
10
10
10
10
10
10
10
10
10
10
10
10
10
10
10
10
10
10
10
10
10
10
10
10
10
10
10
10
10
10
10
10
10
10
10
10
10
10
10
10
10
10
10
10
10
10
10
10
10
10
10
10
10
10
10
10
10
10
10
10
10
10
10
10
10
10
10
10
10
10
10
10
10
10
10
10
10
10
10
10
10
10
10
10
10
10
10
10
10
10
10
10
10
10
10
10
10
10
10
10
10
10
10
10
10
10
10
10
10
10
10
10
10
10
10
10
10
10
10
10
10
10
10
10
10
10
10
10
10
10
10
10
10
10
10
10
10
10
10
10
10
10
10
10
10
10
10
10
10
10
10
10
10
10
10
10
10
10
10
10
10
10
10
10
10
10
10
10
10
10
10
10
10
10
10
10
10
10
10
10
10
10
10
10
10
10
10
10
10
10
10
10
10
10
10
10
10
10
10
10
10
10
10
10
10
10
10
10
10
10
10
10
10
10
10
10
10
10
10
10
10
10
10
10
10
10
10
10
10
10
10
10
10
10
10
10
10
10
10
10
10
10
10
10
10
10
10
10
10
10
10
10
10
10
10
10
10
10
10
10
10
10
10
10
10
10
10
10
10
10
10
10
10
10
10
10
10
10
10
10
10
10
10
10
10
10
10
10
10
10
10
10
10
10
10
10
10
10
10
10
10
10
10
10
10
10
10
10
10
10
10
10
10
10
10
10
10
10
10
10
10
10
10
10
10
10
10
10
10
10
10
10
10
10
10
10
10
10
10
10
10
10
10
10
10
10
10
10
10
10
10
10
10
10
10
10
10
10
10
10
10
10
10
10
10
10
10
10
10
10
10
10
10
10
10
10
10
10
10
10
10
10
10
10
10
10
10
10
10
10
10
10
10
10
10
10
10
10
10
10
10
10
10
10
10
10
10
10
10
10
10
10
10
10
10
10
10
10
10
10
10
10
10
10
10
10
10
10
10
10
10
10
10
10
10
10
10
10
10
10
10
10
10
10
10
10
10
10
10
10
10
10
10
10
10
10
10
10
10
10
10
10
10
10
10
10
10
10
10
10
10
10
10
10
10
10
10
10
10
10
10
10
10
10
10
10
10
10
10
10
10
10
10
10
10
10
10
10
10
10
10
10
10
10
10
10
10
10
10
10
10
10
10
10
10
10
10
10
10
10
10
10
10
10
10
10
10
10
10
10
10
10
10
10
10
10
10
10
10
10
10
10
10
10
10
10
10
10
10
10
10
10
10
10
10
10
10
10
10
10
10
10
10
10
10
10
10
10
10
10
10
10
10
10
10
10
10
10
10
10
10
10
10
10
10
10
10
10
10
10
10
10
10
10
10
10
10
10
10
10
10
10
10
10
10
10
10
10
10
10
10
10
10
10
10
10
10
10
10
10
10
10
10
10
10
10
10
10
10
10
10
10
10
10
10
10
10
10
10
10
10
10
10
10
10
10
10
10
10
10
10
10
10
10
10
10
10
10
10
10
10
10
10
10
10
10
10
10
10
10
10
10
10
10
10
10
10
10
10
10
10
10
10
10
10
10
10
10
10
10
10
10
10
10
10
10
10
10
10
10
10
10
10
10
10
10
10
10
10
10
10
10
10
10
10
10
10
10
10
10
10
10
10
10
10
10
10
10
10
10
10
10
10
10
10
10
10
10
10
10
10
10
10
10
10
10
10
10
10
10
10
10
10
10
10
10
10
10
10
10
10
10
10
10
10
10
10
10
10
10
10
10
10
10
10
10
10
10
10
10
10
10
10
10
10
10
10
10
10
10
10
10
10
10
10
10
10
10
10
10
10
10
10
10
10
10
10
10
10
10
10
10
10
10
10
10
10
10
10
10
10
10
10
10
10
10
10
10
10
10
10
10
10
10
10
10
10
10
10
10
10
10
10
10
10
10
10
10
10
10
10
10
10
10
10
10
10
10
10
10
10
10
10
10
10
10
10
10
10
10
10
10
10
10
10
10
10
10
10
10
10
10
10
10
10
10
10
10
10
10
10
10
10
10
10
10
10
10
10
10
10
10
10
10
10
10
10
10
10
10
10
10
10
10
10
10
10
10
10
10
10
10
10
10
10
10
10
10
10
10
10
10
10
10
10
10
10
10
10
10
10
10
10
10
10
10
10
10
10
10
10
10
10
10
10
10
10
10
10
10
10
10
10
10
10
10
10
10
10
10
10
10
10
10
10
10
10
10
10
10
10
10
10
10
10
10
10
10
10
10
10
10
10
10
10
10
10
10
10
10
10
10
10
10
10
10
10
10
10
10
10
10
10
10
10
10
10
10
10
10
10
10
10
10
10
10
10
10
10
10
10
10
10
10
10
10
10
10
10
10
10
10
10
10
10
10
10
10
10
10
10
10
10
10
10
10
10
10
10
10
10
10
10
10
10
10
10
10
10
10
10
10
10
10
10
10
10
10
10
10
10
10
10
10
10
10
10
10
10
10
10
10
10
10
10
10
10
10
10
10
10
10
10
10
10
10
10
10
10
10
10
10
10
10
10
10
10
10
10
10
10
10
10
10
10
10
10
10
10
10
10
10
10
10
10
10
10
10
10
10
10
10
10
10
10
10
10
10
10
10
10
10
10
10
10
10
10
10
10
10
10
10
10
10
10
10
10
10
10
10
10
10
10
10
10
10
10
10
10
10
10
10
10
10
10
10
10
10
10
10
10
10
10
10
10
10
10
10
10
10
10
10
10
10
10
10
10
10
10
10
10
10
10
10
10
10
10
10
10
10
10
10
10
10
10
10
10
10
10
10
10
10
10
10
10
10
10
10
10
10
10
10
10
10
10
10
10
10
10
10
10
10
10
10
10
10
10
10
10
10
10
10
10
10
10
10
10
10
10
10
10
10
10
10
10
10
10
10
10
10
10
10
10
10
10
10
10
10
10
10
10
10
10
10
10
10
10
10
10
10
10
10
10
10
10
10
10
10
10
10
10
10
10
10
10
10
10
10
10
10
10
10
10
10
10
10
10
10
10
10
10
10
10
10
10
10
10
10
10
10
10
10
10
10
10
10
10
10
10
10
10
10
10
10
10
10
10
10
10
10
10
10
10
10
10
10
10
10
10
10
10
10
10
10
10
10
10
10
10
10
10
10
10
10
10
10
10
10
10
10
10
10
10
10
10
10
10
10
10
10
10
10
10
10
10
10
10
10
10
10
10
10
10
10
10
10
10
10
10
10
10
10
10
10
10
10
10
10
10
10
10
10
10
10
10
10
10
10
10
10
10
10
10
10
10
10
10
10
10
10
10
10
10
10
10
10
10
10
10
10
10
10
10
10
10
10
10
10
10
10
10
10
10
10
10
10
10
10
10
10
10
10
10
10
10
10
10
10
10
10
10
10
10
10
10
10
10
10
10
10
10
10
10
10
10
10
10
10
10
10
10
10
10
10
10
10
10
10
10
10
10
10
10
10
10
10
10
10
10
10
10
10
10
10
10
10
10
10
10
10
10
10
10
10
10
10
10
10
10
10
10
10
10
10
10
10
10
10
10
10
10
10
10
10
10
10
10
10
10
10
10
10
10
10
10
10
10
10
10
10
10
10
10
10
10
10
10
10
10
10
10
10
10
10
10
10
10
10
10
10
10
10
10
10
10
10
10
10
10
10
10
10
10
10
10
10
10
10
10
10
10
10
10
10
10
10
10
10
10
10
10
10
10
10
10
10
10
10
10
10
10
10
10
10
10
10
10
10
10
10
10
10
10
10
10
10
10
10
10
10
10
10
10
10
10
10
10
10
10
10
10
10
10
10
10
10
10
10
10
10
10
10
10
10
10
10
10
10
10
10
10
10
10
10
10
10
10
10
10
10
10
10
10
10
10
10
10
10
10
10
10
10
10
10
10
10
10
10
10
10
10
10
10
10
10
10
10
10
10
10
10
10
10
10
10
10
10
10
10
10
10
10
10
10
10
10
10
10
10
10
10
10
10
10
10
10
10
10
10
10
10
10
10
10
10
10
10
10
10
10
10
10
10
10
10
10
10
10
10
10
10
10
10
10
10
10
10
10
10
10
10
10
10
10
10
10
10
10
10
10
10
10
10
10
10
10
10
10
10
10
10
10
10
10
10
10
10
10
10
10
10
10
10
10
10
10
10
10
10
10
10
10
10
10
10
10
10
10
10
10
10
10
10
10
10
10
10
10
10
10
10
10
10
10
10
10
10
10
10
10
10
10
10
10
10
10
10
10
10
10
10
10
10
10
10
10
10
10
10
10
10
10
10
10
10
10
10
10
10
10
10
10
10
10
10
10
10
10
10
10
10
10
10
10
10
10
10
10
10
10
10
10
10
10
10
10
10
10
10
10
10
10
10
10
10
10
10
10
10
10
10
10
10
10
10
10
10
10
10
10
10
10
10
10
10
10
10
10
10
10
10
10
10
10
10
10
10
10
10
10
10
10
10
10
10
10
10
10
10
10
10
10
10
10
10
10
10
10
10
10
10
10
10
10
10
10
10
10
10
10
10
10
10
10
10
10
10
10
10
10
10
10
10
10
10
10
10
10
10
10
10
10
10
10
10
10
10
10
10
10
10
10
10
10
10
10
10
10
10
10
10
10
10
10
10
10
10
10
10
10
10
10
10
10
10
10
10
10
10
10
10
10
10
10
10
10
10
10
10
10
10
10
10
10
10
10
10
10
10
10
10
10
10
10
10
10
10
10
10
10
10
10
10
10
10
10
10
10
10
10
10
10
10
10
10
10
10
10
10
10
10
10
10
10
10
10
10
10
10
10
10
10
10
10
10
10
10
10
10
10
10
10
10
10
10
10
10
10
10
10
10
10
10
10
10
10
10
10
10
10
10
10
10
10
10
10
10
10
10
10
10
10
10
10
10
10
10
10
10
10
10
10
10
10
10
10
10
10
10
10
10
10
10
10
10
10
10
10
10
10
10
10
10
10
10
10
10
10
10
10
10
10
10
10
10
10
10
10
10
10
10
10
10
10
10
10
10
10
10
10
10
10
10
10
10
10
10
10
10
10
10
10
10
10
10
10
10
10
10
10
10
10
10
10
10
10
10
10
10
10
10
10
10
10
10
10
10
10
10
10
10
10
10
10
10
10
10
10
10
10
10
10
10
10
10
10
10
10
10
10
10
10
10
10
10
10
10
10
10
10
10
10
10
10
10
10
10
10
10
10
10
10
10
10
10
10
10
10
10
10
10
10
10
10
10
10
10
10
10
10
10
10
10
10
10
10
10
10
10
10
10
10
10
10
10
10
10
10
10
10
10
10
10
10
10
10
10
10
10
10
10
10
10
10
10
10
10
10
10
10
10
10
10
10
10
10
10
10
10
10
10
10
10
10
10
10
10
10
10
10
10
10
10
10
10
10
10
10
10
10
10
10
10
10
10
10
10
10
10
10
10
10
10
10
10
10
10
10
10
10
10
10
10
10
10
10
10
10
10
10
10
10
10
10
10
10
10
10
10
10
10
10
10
10
10
10
10
10
10
10
10
10
10
10
10
10
10
10
10
10
10
10
10
10
10
10
10
10
10
10
10
10
10
10
10
10
10
10
10
10
10
10
10
10
10
10
10
10
10
10
10
10
10
10
10
10
10
10
10
10
10
10
10
10
10
10
10
10
10
10
10
10
10
10
10
10
10
10
10
10
10
10
10
10
10
10
10
10
10
10
10
10
10
10
10
10
10
10
10
10
10
10
10
10
10
10
10
10
10
10
10
10
10
10
10
10
10
10
10
10
10
10
10
10
10
10
10
10
10
10
10
10
10
10
10
10
10
10
10
10
10
10
10
10
10
10
10
10
10
10
10
10
10
10
10
10
10
10
10
10
10
10
10
10
10
10
10
10
10
10
10
10
10
10
10
10
10
10
10
10
10
10
10
10
10
10
10
10
10
10
10
10
10
10
10
10
10
10
10
10
10
10
10
10
10
10
10
10
10
10
10
10
10
10
10
10
10
10
10
10
10
10
10
10
10
10
10
10
10
10
10
10
10
10
10
10
10
10
10
10
10
10
10
10
10
10
10
10
10
10
10
10
10
10
10
10
10
10
10
10
10
10
10
10
10
10
10
10
10
10
10
10
10
10
10
10
10
10
10
10
10
10
10
10
10
10
10
10
10
10
10
10
10
10
10
10
10
10
10
10
10
10
10
10
10
10
10
10
10
10
10
10
10
10
10
10
10
10
10
10
10
10
10
10
10
10
10
10
10
10
10
10
10
10
10
10
10
10
10
10
10
10
10
10
10
10
10
10
10
10
10
10
10
10
10
10
10
10
10
10
10
10
10
10
10
10
10
10
10
10
10
10
10
10
10
10
10
10
10
10
10
10
10
10
10
10
10
10
10
10
10
10
10
10
10
10
10
10
10
10
10
10
10
10
10
10
10
10
10
10
10
10
10
10
10
10
10
10
10
10
10
10
10
10
10
10
10
10
10
10
10
10
10
10
10
10
10
10
10
10
10
10
10
10
10
10
10
10
10
10
10
10
10
10
10
10
10
10
10
10
10
10
10
10
10
10
10
10
10
10
10
10
10
10
10
10
10
10
10
10
10
10
10
10
10
10
10
10
10
10
10
10
10
10
10
10
10
10
10
10
10
10
10
10
10
10
10
10
10
10
10
10
10
10
10
10
10
10
10
10
10
10
10
10
10
10
10
10
10
10
10
10
10
10
10
10
10
10
10
10
10
10
10
10
10
10
10
10
10
10
10
10
10
10
10
10
10
10
10
10
10
10
10
10
10
10
10
10
10
10
10
10
10
10
10
10
10
10
10
10
10
10
10
10
10
10
10
10
10
10
10
10
10
10
10
10
10
10
10
10
10
10
10
10
10
10
10
10
10
10
10
10
10
10
10
10
10
10
10
10
10
10
10
10
10
10
10
10
10
10
10
10
10
10
10
10
10
10
10
10
10
10
10
10
10
10
10
10
10
10
10
10
10
10
10
10
10
10
10
10
10
10
10
10
10
10
10
10
10
10
10
10
10
10
10
10
10
10
10
10
10
10
10
10
10
10
10
10
10
10
10
10
10
10
10
10
10
10
10
10
10
10
10
10
10
10
10
10
10
10
10
10
10
10
10
10
10
10
10
10
10
10
10
10
10
10
10
10
10
10
10
10
10
10
10
10
10
10
10
10
10
10
10
10
10
10
10
10
10
10
10
10
10
10
10
10
10
10
10
10
10
10
10
10
10
10
10
10
10
10
10
10
10
10
10
10
10
10
10
10
10
10
10
10
10
10
10
10
10
10
10
10
10
10
10
10
10
10
10
10
10
10
10
10
10
10
10
10
10
10
10
10
10
10
10
10
10
10
10
10
10
10
10
10
10
10
10
10
10
10
10
10
10
10
10
10
10
10
10
10
10
10
10
10
10
10
10
10
10
10
10
10
10
10
10
10
10
10
10
10
10
10
10
10
10
10
10
10
10
10
10
10
10
10
10
10
10
10
10
10
10
10
10
10
10
10
10
10
10
10
10
10
10
10
10
10
10
10
10
10
10
10
10
10
10
10
10
10
10
10
10
10
10
10
10
10
10
10
10
10
10
10
10
10
10
10
10
10
10
10
10
10
10
10
10
10
10
10
10
10
10
10
10
10
10
10
10
10
10
10
10
10
10
10
10
10
10
10
10
10
10
10
10
10
10
10
10
10
10
10
10
10
10
10
10
10
10
10
10
10
10
10
10
10
10
10
10
10
10
10
10
10
10
10
10
10
10
10
10
10
10
10
10
10
10
10
10
10
10
10
10
10
10
10
10
10
10
10
10
10
10
10
10
10
10
10
10
10
10
10
10
10
10
10
10
10
10
10
10
10
10
10
10
10
10
10
10
10
10
10
10
10
10
10
10
10
10
10
10
10
10
10
10
10
10
10
10
10
10
10
10
10
10
10
10
10
10
10
10
10
10
10
10
10
10
10
10
10
10
10
10
10
10
10
10
10
10
10
10
10
10
10
10
10
10
10
10
10
10
10
10
10
10
10
10
10
10
10
10
10
10
10
10
10
10
10
10
10
10
10
10
10
10
10
10
10
10
10
10
10
10
10
10
10
10
10
10
10
10
10
10
10
10
10
10
10
10
10
10
10
10
10
10
10
10
10
10
10
10
10
10
10
10
10
10
10
10
10
10
10
10
10
10
10
10
10
10
10
10
10
10
10
10
10
10
10
10
10
10
10
10
10
10
10
10
10
10
10
10
10
10
10
10
10
10
10
10
10
10
10
10
10
10
10
10
10
10
10
10
10
10
10
10
10
10
10
10
10
10
10
10
10
10
10
10
10
10
10
10
10
10
10
10
10
10
10
10
10
10
10
10
10
10
10
10
10
10
10
10
10
10
10
10
10
10
10
10
10
10
10
10
10
10
10
10
10
10
10
10
10
10
10
10
10
10
10
10
10
10
10
10
10
10
10
10
10
10
10
10
10
10
10
10
10
10
10
10
10
10
10
10
10
10
10
10
10
10
10
10
10
10
10
10
10
10
10
10
10
10
10
10
10
10
10
10
10
10
10
10
10
10
10
10
10
10
10
10
10
10
10
10
10
10
10
10
10
10
10
10
10
10
10
10
10
10
10
10
10
10
10
10
10
10
10
10
10
10
10
10
10
10
10
10
10
10
10
10
10
10
10
10
10
10
10
10
10
10
10
10
10
10
10
10
10
10
10
10
10
10
10
10
10
10
10
10
10
10
10
10
10
10
10
10
10
10
10
10
10
10
10
10
10
10
10
10
10
10
10
10
10
10
10
10
10
10
10
10
10
10
10
10
10
10
10
10
10
10
10
10
10
10
10
10
10
10
10
10
10
10
10
10
10
10
10
10
10
10
10
10
10
10
10
10
10
10
10
10
10
10
10
10
10
10
10
10
10
10
10
10
10
10
10
10
10
10
10
10
10
10
10
10
10
10
10
10
10
10
10
10
10
10
10
10
10
10
10
10
10
10
10
10
10
10
10
10
10
10
10
10
10
10
10
10
10
10
10
10
10
10
10
10
10
10
10
10
10
10
10
10
10
10
10
10
10
10
10
10
10
10
10
10
10
10
10
10
10
10
10
10
10
10
10
10
10
10
10
10
10
10
10
10
10
10
10
10
10
10
10
10
10
10
10
10
10
10
10
10
10
10
10
10
10
10
10
10
10
10
10
10
10
10
10
10
10
10
10
10
10
10
10
10
10
10
10
10
10
10
10
10
10
10
10
10
10
10
10
10
10
10
10
10
10
10
10
10
10
10
10
10
10
10
10
10
10
10
10
10
10
10
10
10
10
10
10
10
10
10
10
10
10
10
10
10
10
10
10
10
10
10
10
10
10
10
10
10
10
10
10
10
10
10
10
10
10
10
10
10
10
10
10
10
10
10
10
10
10
10
10
10
10
10
10
10
10
10
10
10
10
10
10
10
10
10
10
10
10
10
10
10
10
10
10
10
10
10
10
10
10
10
10
10
10
10
10
10
10
10
10
10
10
10
10
10
10
10
10
10
10
10
10
10
10
10
10
10
10
10
10
10
10
10
10
10
10
10
10
10
10
10
10
10
10
10
10
10
10
10
10
10
10
10
10
10
10
10
10
10
10
10
10
10
10
10
10
10
10
10
10
10
10
10
10
10
10
10
10
10
10
10
10
10
10
10
10
10
10
10
10
10
10
10
10
10
10
10
10
10
10
10
10
10
10
10
10
10
10
10
10
10
10
10
10
10
10
10
10
10
10
10
10
10
10
10
10
10
10
10
10
10
10
10
10
10
10
10
10
10
10
10
10
10
10
10
10
10
10
10
10
10
10
10
10
10
10
10
10
10
10
10
10
10
10
10
10
10
10
10
10
10
10
10
10
10
10
10
10
10
10
10
10
10
10
10
10
10
10
10
10
10
10
10
10
10
10
10
10
10
10
10
10
10
10
10
10
10
10
10
10
10
10
10
10
10
10
10
10
10
10
10
10
10
10
10
10
10
10
10
10
10
10
10
10
10
10
10
10
10
10
10
10
10
10
10
10
10
10
10
10
10
10
10
10
10
10
10
10
10
10
10
10
10
10
10
10
10
10
10
10
10
10
10
10
10
10
10
10
10
10
10
10
10
10
10
10
10
10
10
10
10
10
10
10
10
10
10
10
10
10
10
10
10
10
10
10
10
10
10
10
10
10
10
10
10
10
10
10
10
10
10
10
10
10
10
10
10
10
10
10
10
10
10
10
10
10
10
10
10
10
10
10
10
10
10
10
10
10
10
10
10
10
10
10
10
10
10
10
10
10
10
10
10
10
10
10
10
10
10
10
10
10
10
10
10
10
10
10
10
10
10
10
10
10
10
10
10
10
10
10
10
10
10
10
10
10
10
10
10
10
10
10
10
10
10
10
10
10
10
10
10
10
10
10
10
10
10
10
10
10
10
10
10
10
10
10
10
10
10
10
10
10
10
10
10
10
10
10
10
10
10
10
10
10
10
10
10
10
10
10
10
10
10
10
10
10
10
10
10
10
10
10
10
10
10
10
10
10
10
10
10
10
10
10
10
10
10
10
10
10
10
10
10
10
10
10
10
10
10
10
10
10
10
10
10
10
10
10
10
10
10
10
10
10
10
10
10
10
10
10
10
10
10
10
10
10
10
10
10
10
10
10
10
10
10
10
10
10
10
10
10
10
10
10
10
10
10
10
10
10
10
10
10
10
10
10
10
10
10
10
10
10
10
10
10
10
10
10
10
10
10
10
10
10
10
10
10
10
10
10
10
10
10
10
10
10
10
10
10
10
10
10
10
10
10
10
10
10
10
10
10
10
10
10
10
10
10
10
10
10
10
10
10
10
10
10
10
10
10
10
10
10
10
10
10
10
10
10
10
10
10
10
10
10
10
10
10
10
10
10
10
10
10
10
10
10
10
10
10
10
10
10
10
10
10
10
10
10
10
10
10
10
10
10
10
10
10
10
10
10
10
10
10
10
10
10
10
10
10
10
10
10
10
10
10
10
10
10
10
10
10
10
10
10
10
10
10
10
10
10
10
10
10
10
10
10
10
10
10
10
10
10
10
10
10
10
10
10
10
10
10
10
10
10
10
10
10
10
10
10
10
10
10
10
10
10
10
10
10
10
10
10
10
10
10
10
10
10
10
10
10
10
10
10
10
10
10
10
10
10
10
10
10
10
10
10
10
10
10
10
10
10
10
10
10
10
10
10
10
10
10
10
10
10
10
10
10
10
10
10
10
10
10
10
10
10
10
10
10
10
10
10
10
10
10
10
10
10
10
10
10
10
10
10
10
10
10
10
10
10
10
10
10
10
10
10
10
10
10
10
10
10
10
10
10
10
10
10
10
10
10
10
10
10
10
10
10
10
10
10
10
10
10
10
10
10
10
10
10
10
10
10
10
10
10
10
10
10
10
10
10
10
10
10
10
10
10
10
10
10
10
10
10
10
10
10
10
10
10
10
10
10
10
10
10
10
10
10
10
10
10
10
10
10
10
10
10
10
10
10
10
10
10
10
10
10
10
10
10
10
10
10
10
10
10
10
10
10
10
10
10
10
10
10
10
10
10
10
10
10
10
10
10
10
10
10
10
10
10
10
10
10
10
10
10
10
10
10
10
10
10
10
10
10
10
10
10
10
10
10
10
10
10
10
10
10
10
10
10
10
10
10
10
10
10
10
10
10
10
10
10
10
10
10
10
10
10
10
10
10
10
10
10
10
10
10
10
10
10
10
10
10
10
10
10
10
10
10
10
10
10
10
10
10
10
10
10
10
10
10
10
10
10
10
10
10
10
10
10
10
10
10
10
10
10
10
10
10
10
10
10
10
10
10
10
10
10
10
10
10
10
10
10
10
10
10
10
10
10
10
10
10
10
10
10
10
10
10
10
10
10
10
10
10
10
10
10
10
10
10
10
10
10
10
10
10
10
10
10
10
10
10
10
10
10
10
10
10
10
10
10
10
10
10
10
10
10
10
10
10
10
10
10
10
10
10
10
10
10
10
10
10
10
10
10
10
10
10
10
10
10
10
10
10
10
10
10
10
10
10
10
10
10
10
10
10
10
10
10
10
10
10
10
10
10
10
10
10
10
10
10
10
10
10
10
10
10
10
10
10
10
10
10
10
10
10
10
10
10
10
10
10
10
10
10
10
10
10
10
10
10
10
10
10
10
10
10
10
10
10
10
10
10
10
10
10
10
10
10
10
10
10
10
10
10
10
10
10
10
10
10
10
10
10
10
10
10
10
10
10
10
10
10
10
10
10
10
10
10
10
10
10
10
10
10
10
10
10
10
10
10
10
10
10
10
10
10
10
10
10
10
10
10
10
10
10
10
10
10
10
10
10
10
10
10
10
10
10
10
10
10
10
10
10
10
10
10
10
10
10
10
10
10
10
10
10
10
10
10
10
10
10
10
10
10
10
10
10
10
10
10
10
10
10
10
10
10
10
10
10
10
10
10
10
10
10
10
10
10
10
10
10
10
10
10
10
10
10
10
10
10
10
10
10
10
10
10
10
10
10
10
10
10
10
10
10
10
10
10
10
10
10
10
10
10
10
10
10
10
10
10
10
10
10
10
10
10
10
10
10
10
10
10
10
10
10
10
10
10
10
10
10
10
10
10
10
10
10
10
10
10
10
10
10
10
10
10
10
10
10
10
10
10
10
10
10
10
10
10
10
10
10
10
10
10
10
10
10
10
10
10
10
10
10
10
10
10
10
10
10
10
10
10
10
10
10
10
10
10
10
10
10
10
10
10
10
10
10
10
10
10
10
10
10
10
10
10
10
10
10
10
10
10
10
10
10
10
10
10
10
10
10
10
10
10
10
10
10
10
10
10
10
10
10
10
10
10
10
10
10
10
10
10
10
10
10
10
10
10
10
10
10
10
10
10
10
10
10
10
10
10
10
10
10
10
10
10
10
10
10
10
10
10
10
10
10
10
10
10
10
10
10
10
10
10
10
10
10
10
10
10
10
10
10
10
10
10
10
10
10
10
10
10
10
10
10
10
10
10
10
10
10
10
10
10
10
10
10
10
10
10
10
10
10
10
10
10
10
10
10
10
10
10
10
10
10
10
10
10
10
10
10
10
10
10
10
10
10
10
10
10
10
10
10
10
10
10
10
10
10
10
10
10
10
10
10
10
10
10
10
10
10
10
10
10
10
10
10
10
10
10
10
10
10
10
10
10
10
10
10
10
10
10
10
10
10
10
10
10
10
10
10
10
10
10
10
10
10
10
10
10
10
10
10
10
10
10
10
10
10
10
10
10
10
10
10
10
10
10
10
10
10
10
10
10
10
10
10
10
10
10
10
10
10
10
10
10
10
10
10
10
10
10
10
10
10
10
10
10
10
10
10
10
10
10
10
10
10
10
10
10
10
10
10
10
10
10
10
10
10
10
10
10
10
10
10
10
10
10
10
10
10
10
10
10
10
10
10
10
10
10
10
10
10
10
10
10
10
10
10
10
10
10
10
10
10
10
10
10
10
10
10
10
10
10
10
10
10
10
10
10
10
10
10
10
10
10
10
10
10
10
10
10
10
10
10
10
10
10
10
10
10
10
10
10
10
10
10
10
10
10
10
10
10
10
10
10
10
10
10
10
10
10
10
10
10
10
10
10
10
10
10
10
10
10
10
10
10
10
10
10
10
10
10
10
10
10
10
10
10
10
10
10
10
10
10
10
10
10
10
10
10
10
10
10
10
10
10
10
10
10
10
10
10
10
10
10
10
10
10
10
10
10
10
10
10
10
10
10
10
10
10
10
10
10
10
10
10
10
10
10
10
10
10
10
10
10
10
10
10
10
10
10
10
10
10
10
10
10
10
10
10
10
10
10
10
10
10
10
10
10
10
10
10
10
10
10
10
10
10
10
10
10
10
10
10
10
10
10
10
10
10
10
10
10
10
10
10
10
10
10
10
10
10
10
10
10
10
10
10
10
10
10
10
10
10
10
10
10
10
10
10
10
10
10
10
10
10
10
10
10
10
10
10
10
10
10
10
10
10
10
10
10
10
10
10
10
10
10
10
10
10
10
10
10
10
10
10
10
10
10
10
10
10
10
10
10
10
10
10
10
10
10
10
10
10
10
10
10
10
10
10
10
10
10
10
10
10
10
10
10
10
10
10
10
10
10
10
10
10
10
10
10
10
10
10
10
10
10
10
10
10
10
10
10
10
10
10
10
10
10
10
10
10
10
10
10
10
10
10
10
10
10
10
10
10
10
10
10
10
10
10
10
10
10
10
10
10
10
10
10
10
10
10
10
10
10
10
10
10
10
10
10
10
10
10
10
10
10
10
10
10
10
10
10
10
10
10
10
10
10
10
10
10
10
10
10
10
10
10
10
10
10
10
10
10
10
10
10
10
10
10
10
10
10
10
10
10
10
10
10
10
10
10
10
10
10
10
10
10
10
10
10
10
10
10
10
10
10
10
10
10
10
10
10
10
10
10
10
10
10
10
10
10
10
10
10
10
10
10
10
10
10
10
10
10
10
10
10
10
10
10
10
10
10
10
10
10
10
10
10
10
10
10
10
10
10
10
10
10
10
10
10
10
10
10
10
10
10
10
10
10
10
10
10
10
10
10
10
10
10
10
10
10
10
10
10
10
10
10
10
10
10
10
10
10
10
10
10
10
10
10
10
10
10
10
10
10
10
10
10
10
10
10
10
10
10
10
10
10
10
10
10
10
10
10
10
10
10
10
10
10
10
10
10
10
10
10
10
10
10
10
10
10
10
10
10
10
10
10
10
10
10
10
10
10
10
10
10
10
10
10
10
10
10
10
10
10
10
10
10
10
10
10
10
10
10
10
10
10
10
10
10
10
10
10
10
10
10
10
10
10
10
10
10
10
10
10
10
10
10
10
10
10
10
10
10
10
10
10
10
10
10
10
10
10
10
10
10
10
10
10
10
10
10
10
10
10
10
10
10
10
10
10
10
10
10
10
10
10
10
10
10
10
10
10
10
10
10
10
10
10
10
10
10
10
10
10
10
10
10
10
10
10
10
10
10
10
10
10
10
10
10
10
10
10
10
10
10
10
10
10
10
10
10
10
10
10
10
10
10
10
10
10
10
10
10
10
10
10
10
10
10
10
10
10
10
10
10
10
10
10
10
10
10
10
10
10
10
10
10
10
10
10
10
10
10
10
10
10
10
10
10
10
10
10
10
10
10
10
10
10
10
10
10
10
10
10
10
10
10
10
10
10
10
10
10
10
10
10
10
10
10
10
10
10
10
10
10
10
10
10
10
10
10
10
10
10
10
10
10
10
10
10
10
10
10
10
10
10
10
10
10
10
10
10
10
10
10
10
10
10
10
10
10
10
10
10
10
10
10
10
10
10
10
10
10
10
10
10
10
10
10
10
10
10
10
10
10
10
10
10
10
10
10
10
10
10
10
10
10
10
10
10
10
10
10
10
10
10
10
10
10
10
10
10
10
10
10
10
10
10
10
10
10
10
10
10
10
10
10
10
10
10
10
10
10
10
10
10
10
10
10
10
10
10
10
10
10
10
10
10
10
10
10
10
10
10
10
10
10
10
10
10
10
10
10
10
10
10
10
10
10
10
10
10
10
10
10
10
10
10
10
10
10
10
10
10
10
10
10
10
10
10
10
10
10
10
10
10
10
10
10
10
10
10
10
10
10
10
10
10
10
10
10
10
10
10
10
10
10
10
10
10
10
10
10
10
10
10
10
10
10
10
10
10
10
10
10
10
10
10
10
10
10
10
10
10
10
10
10
10
10
10
10
10
10
10
10
10
10
10
10
10
10
10
10
10
10
10
10
10
10
10
10
10
10
10
10
10
10
10
10
10
10
10
10
10
10
10
10
10
10
10
10
10
10
10
10
10
10
10
10
10
10
10
10
10
10
10
10
10
10
10
10
10
10
10
10
10
10
10
10
10
10
10
10
10
10
10
10
10
10
10
10
10
10
10
10
10
10
10
10
10
10
10
10
10
10
10
10
10
10
10
10
10
10
10
10
10
10
10
10
10
10
10
10
10
10
10
10
10
10
10
10
10
10
10
10
10
10
10
10
10
10
10
10
10
10
10
10
10
10
10
10
10
10
10
10
10
10
10
10
10
10
10
10
10
10
10
10
10
10
10
10
10
10
10
10
10
10
10
10
10
10
10
10
10
10
10
10
10
10
10
10
10
10
10
10
10
10
10
10
10
10
10
10
10
10
10
10
10
10
10
10
10
10
10
10
10
10
10
10
10
10
10
10
10
10
10
10
10
10
10
10
10
10
10
10
10
10
10
10
10
10
10
10
10
10
10
10
10
10
10
10
10
10
10
10
10
10
10
10
10
10
10
10
10
10
10
10
10
10
10
10
10
10
10
10
10
10
10
10
10
10
10
10
10
10
10
10
10
10
10
10
10
10
10
10
10
10
10
10
10
10
10
10
10
10
10
10
10
10
10
10
10
10
10
10
10
10
10
10
10
10
10
10
10
10
10
10
10
10
10
10
10
10
10
10
10
10
10
10
10
10
10
10
10
10
10
10
10
10
10
10
10
10
10
10
10
10
10
10
10
10
10
10
10
10
10
10
10
10
10
10
10
10
10
10
10
10
10
10
10
10
10
10
10
10
10
10
10
10
10
10
10
10
10
10
10
10
10
10
10
10
10
10
10
10
10
10
10
10
10
10
10
10
10
10
10
10
10
10
10
10
10
10
10
10
10
10
10
10
10
10
10
10
10
10
10
10
10
10
10
10
10
10
10
10
10
10
10
10
10
10
10
10
10
10
10
10
10
10
10
10
10
10
10
10
10
10
10
10
10
10
10
10
10
10
10
10
10
10
10
10
10
10
10
10
10
10
10
10
10
10
10
10
10
10
10
10
10
10
10
10
10
10
10
10
10
10
10
10
10
10
10
10
10
10
10
10
10
10
10
10
10
10
10
10
10
10
10
10
10
10
10
10
10
10
10
10
10
10
10
10
