# vtk DataFile Version 2.0
, Created by Gmsh 4.11.1 
ASCII
DATASET UNSTRUCTURED_GRID
POINTS 5603 double
25 10 0
25 10 5
-25 10 0
-25 10 5
25 -10 0
25 -10 5
-25 -10 0
-25 -10 5
-12.82256573843346 -8.587455692263424 4.6
-12.82256573843346 -8.587455692263424 3.4
-12.82256573843346 -7.387455692263424 4.6
-12.82256573843346 -7.387455692263424 3.4
-11.62256573843346 -8.587455692263424 3.4
-11.62256573843346 -8.587455692263424 4.6
-11.62256573843346 -7.387455692263424 4.6
-11.62256573843346 -7.387455692263424 3.4
-20.7421717668662 -4.967450602162076 4.6
-20.7421717668662 -4.967450602162076 3.4
-20.7421717668662 -3.767450602162076 4.6
-20.7421717668662 -3.767450602162076 3.4
-19.5421717668662 -4.967450602162076 3.4
-19.5421717668662 -4.967450602162076 4.6
-19.5421717668662 -3.767450602162076 4.6
-19.5421717668662 -3.767450602162076 3.4
-8.677070426160286 -6.047553928604611 4.6
-8.677070426160286 -6.047553928604611 3.4
-8.677070426160286 -4.847553928604611 4.6
-8.677070426160286 -4.847553928604611 3.4
-7.477070426160287 -6.047553928604611 3.4
-7.477070426160287 -6.047553928604611 4.6
-7.477070426160287 -4.847553928604611 4.6
-7.477070426160287 -4.847553928604611 3.4
-16.59667645459303 -2.427548838503263 4.6
-16.59667645459303 -2.427548838503263 3.4
-16.59667645459303 -1.227548838503263 4.6
-16.59667645459303 -1.227548838503263 3.4
-15.39667645459303 -2.427548838503263 3.4
-15.39667645459303 -2.427548838503263 4.6
-15.39667645459303 -1.227548838503263 4.6
-15.39667645459303 -1.227548838503263 3.4
-4.531575113887119 -3.507652164945799 4.6
-4.531575113887119 -3.507652164945799 3.4
-4.531575113887119 -2.307652164945798 4.6
-4.531575113887119 -2.307652164945798 3.4
-3.331575113887118 -3.507652164945799 3.4
-3.331575113887118 -3.507652164945799 4.6
-3.331575113887118 -2.307652164945798 4.6
-3.331575113887118 -2.307652164945798 3.4
3.388030914545624 -7.127657255047147 4.6
3.388030914545624 -7.127657255047147 3.4
3.388030914545624 -5.927657255047148 4.6
3.388030914545624 -5.927657255047148 3.4
4.588030914545624 -7.127657255047147 3.4
4.588030914545624 -7.127657255047147 4.6
4.588030914545624 -5.927657255047148 4.6
4.588030914545624 -5.927657255047148 3.4
15.45313225525153 -8.207760581489682 4.6
15.45313225525153 -8.207760581489682 3.4
15.45313225525153 -7.007760581489682 4.6
15.45313225525153 -7.007760581489682 3.4
16.65313225525153 -8.207760581489682 3.4
16.65313225525153 -8.207760581489682 4.6
16.65313225525153 -7.007760581489682 4.6
16.65313225525153 -7.007760581489682 3.4
19.5986275675247 -5.667858817830869 4.6
19.5986275675247 -5.667858817830869 3.4
19.5986275675247 -4.467858817830869 4.6
19.5986275675247 -4.467858817830869 3.4
20.7986275675247 -5.667858817830869 3.4
20.7986275675247 -5.667858817830869 4.6
20.7986275675247 -4.467858817830869 4.6
20.7986275675247 -4.467858817830869 3.4
7.533526226818793 -4.587755491388334 4.6
7.533526226818793 -4.587755491388334 3.4
7.533526226818793 -3.387755491388334 4.6
7.533526226818793 -3.387755491388334 3.4
8.733526226818793 -4.587755491388334 3.4
8.733526226818793 -4.587755491388334 4.6
8.733526226818793 -3.387755491388334 4.6
8.733526226818793 -3.387755491388334 3.4
-0.3860798016139498 -0.9677504012869854 4.6
-0.3860798016139498 -0.9677504012869854 3.4
-0.3860798016139498 0.2322495987130145 4.6
-0.3860798016139498 0.2322495987130145 3.4
0.8139201983860501 -0.9677504012869854 3.4
0.8139201983860501 -0.9677504012869854 4.6
0.8139201983860501 0.2322495987130145 4.6
0.8139201983860501 0.2322495987130145 3.4
11.67902153909196 -2.047853727729521 4.6
11.67902153909196 -2.047853727729521 3.4
11.67902153909196 -0.8478537277295208 4.6
11.67902153909196 -0.8478537277295208 3.4
12.87902153909196 -2.047853727729521 3.4
12.87902153909196 -2.047853727729521 4.6
12.87902153909196 -0.8478537277295208 4.6
12.87902153909196 -0.8478537277295208 3.4
-12.45118114231986 0.1123529251555501 4.6
-12.45118114231986 0.1123529251555501 3.4
-12.45118114231986 1.31235292515555 4.6
-12.45118114231986 1.31235292515555 3.4
-11.25118114231986 0.1123529251555501 3.4
-11.25118114231986 0.1123529251555501 4.6
-11.25118114231986 1.31235292515555 4.6
-11.25118114231986 1.31235292515555 3.4
-20.37078717075261 3.732358015256899 4.6
-20.37078717075261 3.732358015256899 3.4
-20.37078717075261 4.932358015256899 4.6
-20.37078717075261 4.932358015256899 3.4
-19.1707871707526 3.732358015256899 3.4
-19.1707871707526 3.732358015256899 4.6
-19.1707871707526 4.932358015256899 4.6
-19.1707871707526 4.932358015256899 3.4
-8.305685830046691 2.652254688814363 4.6
-8.305685830046691 2.652254688814363 3.4
-8.305685830046691 3.852254688814363 4.6
-8.305685830046691 3.852254688814363 3.4
-7.105685830046692 2.652254688814363 3.4
-7.105685830046692 2.652254688814363 4.6
-7.105685830046692 3.852254688814363 4.6
-7.105685830046692 3.852254688814363 3.4
-16.22529185847943 6.272259778915712 4.6
-16.22529185847943 6.272259778915712 3.4
-16.22529185847943 7.472259778915712 4.6
-16.22529185847943 7.472259778915712 3.4
-15.02529185847943 6.272259778915712 3.4
-15.02529185847943 6.272259778915712 4.6
-15.02529185847943 7.472259778915712 4.6
-15.02529185847943 7.472259778915712 3.4
-4.160190517773524 5.192156452473176 4.6
-4.160190517773524 5.192156452473176 3.4
-4.160190517773524 6.392156452473175 4.6
-4.160190517773524 6.392156452473175 3.4
-2.960190517773523 5.192156452473176 3.4
-2.960190517773523 5.192156452473176 4.6
-2.960190517773523 6.392156452473175 4.6
-2.960190517773523 6.392156452473175 3.4
3.759415510659218 1.572151362371828 4.6
3.759415510659218 1.572151362371828 3.4
3.759415510659218 2.772151362371828 4.6
3.759415510659218 2.772151362371828 3.4
4.959415510659218 1.572151362371828 3.4
4.959415510659218 1.572151362371828 4.6
4.959415510659218 2.772151362371828 4.6
4.959415510659218 2.772151362371828 3.4
15.82451685136513 0.4920480359292921 4.6
15.82451685136513 0.4920480359292921 3.4
15.82451685136513 1.692048035929292 4.6
15.82451685136513 1.692048035929292 3.4
17.02451685136513 0.4920480359292921 3.4
17.02451685136513 0.4920480359292921 4.6
17.02451685136513 1.692048035929292 4.6
17.02451685136513 1.692048035929292 3.4
19.97001216363829 3.031949799588105 4.6
19.97001216363829 3.031949799588105 3.4
19.97001216363829 4.231949799588105 4.6
19.97001216363829 4.231949799588105 3.4
21.1700121636383 3.031949799588105 3.4
21.1700121636383 3.031949799588105 4.6
21.1700121636383 4.231949799588105 4.6
21.1700121636383 4.231949799588105 3.4
7.904910822932388 4.112053126030641 4.6
7.904910822932388 4.112053126030641 3.4
7.904910822932388 5.312053126030641 4.6
7.904910822932388 5.312053126030641 3.4
9.104910822932387 4.112053126030641 3.4
9.104910822932387 4.112053126030641 4.6
9.104910822932387 5.312053126030641 4.6
9.104910822932387 5.312053126030641 3.4
-0.01469520550035497 7.732058216131989 4.6
-0.01469520550035497 7.732058216131989 3.4
-0.01469520550035497 8.932058216131988 4.6
-0.01469520550035497 8.932058216131988 3.4
1.185304794499645 7.732058216131989 3.4
1.185304794499645 7.732058216131989 4.6
1.185304794499645 8.932058216131988 4.6
1.185304794499645 8.932058216131988 3.4
12.05040613520556 6.651954889689454 4.6
12.05040613520556 6.651954889689454 3.4
12.05040613520556 7.851954889689454 4.6
12.05040613520556 7.851954889689454 3.4
13.25040613520556 6.651954889689454 3.4
13.25040613520556 6.651954889689454 4.6
13.25040613520556 7.851954889689454 4.6
13.25040613520556 7.851954889689454 3.4
25 10 0.9999999999999997
25 10 2.000000000000002
25 10 2.999999999999999
25 10 3.999999999999996
-25 10 0.9999999999999997
-25 10 2.000000000000002
-25 10 2.999999999999999
-25 10 3.999999999999996
23.91304347826087 10 0
22.82608695652174 10 0
21.73913043478262 10 0
20.65217391304349 10 0
19.56521739130436 10 0
18.47826086956523 10 0
17.39130434782611 10 0
16.30434782608698 10 0
15.21739130434785 10 0
14.13043478260872 10 0
13.0434782608696 10 0
11.95652173913047 10 0
10.86956521739134 10 0
9.782608695652215 10 0
8.695652173913089 10 0
7.60869565217396 10 0
6.521739130434831 10 0
5.434782608695702 10 0
4.34782608695658 10 0
3.260869565217451 10 0
2.173913043478322 10 0
1.0869565217392 10 0
7.105427357601002e-14 10 0
-1.086956521739058 10 0
-2.173913043478187 10 0
-3.260869565217313 10 0
-4.347826086956438 10 0
-5.434782608695567 10 0
-6.521739130434693 10 0
-7.608695652173822 10 0
-8.695652173912947 10 0
-9.782608695652073 10 0
-10.86956521739121 10 0
-11.95652173913035 10 0
-13.04347826086948 10 0
-14.13043478260862 10 0
-15.21739130434776 10 0
-16.3043478260869 10 0
-17.39130434782604 10 0
-18.47826086956518 10 0
-19.56521739130432 10 0
-20.65217391304346 10 0
-21.73913043478259 10 0
-22.82608695652172 10 0
-23.91304347826086 10 0
23.91304347826087 10 5
22.82608695652174 10 5
21.73913043478262 10 5
20.65217391304349 10 5
19.56521739130436 10 5
18.47826086956523 10 5
17.39130434782611 10 5
16.30434782608698 10 5
15.21739130434785 10 5
14.13043478260872 10 5
13.0434782608696 10 5
11.95652173913047 10 5
10.86956521739134 10 5
9.782608695652215 10 5
8.695652173913089 10 5
7.60869565217396 10 5
6.521739130434831 10 5
5.434782608695702 10 5
4.34782608695658 10 5
3.260869565217451 10 5
2.173913043478322 10 5
1.0869565217392 10 5
7.105427357601002e-14 10 5
-1.086956521739058 10 5
-2.173913043478187 10 5
-3.260869565217313 10 5
-4.347826086956438 10 5
-5.434782608695567 10 5
-6.521739130434693 10 5
-7.608695652173822 10 5
-8.695652173912947 10 5
-9.782608695652073 10 5
-10.86956521739121 10 5
-11.95652173913035 10 5
-13.04347826086948 10 5
-14.13043478260862 10 5
-15.21739130434776 10 5
-16.3043478260869 10 5
-17.39130434782604 10 5
-18.47826086956518 10 5
-19.56521739130432 10 5
-20.65217391304346 10 5
-21.73913043478259 10 5
-22.82608695652172 10 5
-23.91304347826086 10 5
25 -10 0.9999999999999997
25 -10 2.000000000000002
25 -10 2.999999999999999
25 -10 3.999999999999996
25 -8.947368421052632 0
25 -7.894736842105264 0
25 -6.842105263157896 0
25 -5.789473684210527 0
25 -4.736842105263158 0
25 -3.684210526315786 0
25 -2.631578947368414 0
25 -1.578947368421044 0
25 -0.5263157894736761 0
25 0.5263157894736867 0
25 1.578947368421053 0
25 2.631578947368418 0
25 3.684210526315782 0
25 4.736842105263147 0
25 5.789473684210511 0
25 6.842105263157876 0
25 7.894736842105242 0
25 8.947368421052623 0
25 -8.947368421052632 5
25 -7.894736842105264 5
25 -6.842105263157896 5
25 -5.789473684210527 5
25 -4.736842105263158 5
25 -3.684210526315786 5
25 -2.631578947368414 5
25 -1.578947368421044 5
25 -0.5263157894736761 5
25 0.5263157894736867 5
25 1.578947368421053 5
25 2.631578947368418 5
25 3.684210526315782 5
25 4.736842105263147 5
25 5.789473684210511 5
25 6.842105263157876 5
25 7.894736842105242 5
25 8.947368421052623 5
-25 -10 0.9999999999999997
-25 -10 2.000000000000002
-25 -10 2.999999999999999
-25 -10 3.999999999999996
-25 8.947368421052632 0
-25 7.894736842105264 0
-25 6.842105263157896 0
-25 5.789473684210527 0
-25 4.736842105263158 0
-25 3.684210526315786 0
-25 2.631578947368414 0
-25 1.578947368421044 0
-25 0.5263157894736761 0
-25 -0.5263157894736867 0
-25 -1.578947368421053 0
-25 -2.631578947368418 0
-25 -3.684210526315782 0
-25 -4.736842105263147 0
-25 -5.789473684210511 0
-25 -6.842105263157876 0
-25 -7.894736842105242 0
-25 -8.947368421052623 0
-25 8.947368421052632 5
-25 7.894736842105264 5
-25 6.842105263157896 5
-25 5.789473684210527 5
-25 4.736842105263158 5
-25 3.684210526315786 5
-25 2.631578947368414 5
-25 1.578947368421044 5
-25 0.5263157894736761 5
-25 -0.5263157894736867 5
-25 -1.578947368421053 5
-25 -2.631578947368418 5
-25 -3.684210526315782 5
-25 -4.736842105263147 5
-25 -5.789473684210511 5
-25 -6.842105263157876 5
-25 -7.894736842105242 5
-25 -8.947368421052623 5
-23.91304347826087 -10 0
-22.82608695652174 -10 0
-21.73913043478262 -10 0
-20.65217391304349 -10 0
-19.56521739130436 -10 0
-18.47826086956523 -10 0
-17.39130434782611 -10 0
-16.30434782608698 -10 0
-15.21739130434785 -10 0
-14.13043478260872 -10 0
-13.0434782608696 -10 0
-11.95652173913047 -10 0
-10.86956521739134 -10 0
-9.782608695652215 -10 0
-8.695652173913089 -10 0
-7.60869565217396 -10 0
-6.521739130434831 -10 0
-5.434782608695702 -10 0
-4.34782608695658 -10 0
-3.260869565217451 -10 0
-2.173913043478322 -10 0
-1.0869565217392 -10 0
-7.105427357601002e-14 -10 0
1.086956521739058 -10 0
2.173913043478187 -10 0
3.260869565217313 -10 0
4.347826086956438 -10 0
5.434782608695567 -10 0
6.521739130434693 -10 0
7.608695652173822 -10 0
8.695652173912947 -10 0
9.782608695652073 -10 0
10.86956521739121 -10 0
11.95652173913035 -10 0
13.04347826086948 -10 0
14.13043478260862 -10 0
15.21739130434776 -10 0
16.3043478260869 -10 0
17.39130434782604 -10 0
18.47826086956518 -10 0
19.56521739130432 -10 0
20.65217391304346 -10 0
21.73913043478259 -10 0
22.82608695652172 -10 0
23.91304347826086 -10 0
-23.91304347826087 -10 5
-22.82608695652174 -10 5
-21.73913043478262 -10 5
-20.65217391304349 -10 5
-19.56521739130436 -10 5
-18.47826086956523 -10 5
-17.39130434782611 -10 5
-16.30434782608698 -10 5
-15.21739130434785 -10 5
-14.13043478260872 -10 5
-13.0434782608696 -10 5
-11.95652173913047 -10 5
-10.86956521739134 -10 5
-9.782608695652215 -10 5
-8.695652173913089 -10 5
-7.60869565217396 -10 5
-6.521739130434831 -10 5
-5.434782608695702 -10 5
-4.34782608695658 -10 5
-3.260869565217451 -10 5
-2.173913043478322 -10 5
-1.0869565217392 -10 5
-7.105427357601002e-14 -10 5
1.086956521739058 -10 5
2.173913043478187 -10 5
3.260869565217313 -10 5
4.347826086956438 -10 5
5.434782608695567 -10 5
6.521739130434693 -10 5
7.608695652173822 -10 5
8.695652173912947 -10 5
9.782608695652073 -10 5
10.86956521739121 -10 5
11.95652173913035 -10 5
13.04347826086948 -10 5
14.13043478260862 -10 5
15.21739130434776 -10 5
16.3043478260869 -10 5
17.39130434782604 -10 5
18.47826086956518 -10 5
19.56521739130432 -10 5
20.65217391304346 -10 5
21.73913043478259 -10 5
22.82608695652172 -10 5
23.91304347826086 -10 5
-12.82256573843346 -8.587455692263424 4
-12.82256573843346 -7.987455692263424 4.6
-12.82256573843346 -7.387455692263424 4
-12.82256573843346 -7.987455692263424 3.4
-12.22256573843346 -8.587455692263424 3.4
-11.62256573843346 -8.587455692263424 4
-12.22256573843346 -8.587455692263424 4.6
-12.22256573843346 -7.387455692263424 4.6
-11.62256573843346 -7.987455692263424 4.6
-12.22256573843346 -7.387455692263424 3.4
-11.62256573843346 -7.387455692263424 4
-11.62256573843346 -7.987455692263424 3.4
-20.7421717668662 -4.967450602162076 4
-20.7421717668662 -4.367450602162076 4.6
-20.7421717668662 -3.767450602162076 4
-20.7421717668662 -4.367450602162076 3.4
-20.1421717668662 -4.967450602162076 3.4
-19.5421717668662 -4.967450602162076 4
-20.1421717668662 -4.967450602162076 4.6
-20.1421717668662 -3.767450602162076 4.6
-19.5421717668662 -4.367450602162076 4.6
-20.1421717668662 -3.767450602162076 3.4
-19.5421717668662 -3.767450602162076 4
-19.5421717668662 -4.367450602162076 3.4
-8.677070426160286 -6.047553928604611 4
-8.677070426160286 -5.447553928604611 4.6
-8.677070426160286 -4.847553928604611 4
-8.677070426160286 -5.447553928604611 3.4
-8.077070426160287 -6.047553928604611 3.4
-7.477070426160287 -6.047553928604611 4
-8.077070426160287 -6.047553928604611 4.6
-8.077070426160287 -4.847553928604611 4.6
-7.477070426160287 -5.447553928604611 4.6
-8.077070426160287 -4.847553928604611 3.4
-7.477070426160287 -4.847553928604611 4
-7.477070426160287 -5.447553928604611 3.4
-16.59667645459303 -2.427548838503263 4
-16.59667645459303 -1.827548838503263 4.6
-16.59667645459303 -1.227548838503263 4
-16.59667645459303 -1.827548838503263 3.4
-15.99667645459303 -2.427548838503263 3.4
-15.39667645459303 -2.427548838503263 4
-15.99667645459303 -2.427548838503263 4.6
-15.99667645459303 -1.227548838503263 4.6
-15.39667645459303 -1.827548838503263 4.6
-15.99667645459303 -1.227548838503263 3.4
-15.39667645459303 -1.227548838503263 4
-15.39667645459303 -1.827548838503263 3.4
-4.531575113887119 -3.507652164945799 4
-4.531575113887119 -2.907652164945798 4.6
-4.531575113887119 -2.307652164945798 4
-4.531575113887119 -2.907652164945798 3.4
-3.931575113887118 -3.507652164945799 3.4
-3.331575113887118 -3.507652164945799 4
-3.931575113887118 -3.507652164945799 4.6
-3.931575113887118 -2.307652164945798 4.6
-3.331575113887118 -2.907652164945798 4.6
-3.931575113887118 -2.307652164945798 3.4
-3.331575113887118 -2.307652164945798 4
-3.331575113887118 -2.907652164945798 3.4
3.388030914545624 -7.127657255047147 4
3.388030914545624 -6.527657255047147 4.6
3.388030914545624 -5.927657255047148 4
3.388030914545624 -6.527657255047147 3.4
3.988030914545624 -7.127657255047147 3.4
4.588030914545624 -7.127657255047147 4
3.988030914545624 -7.127657255047147 4.6
3.988030914545624 -5.927657255047148 4.6
4.588030914545624 -6.527657255047147 4.6
3.988030914545624 -5.927657255047148 3.4
4.588030914545624 -5.927657255047148 4
4.588030914545624 -6.527657255047147 3.4
15.45313225525153 -8.207760581489682 4
15.45313225525153 -7.607760581489682 4.6
15.45313225525153 -7.007760581489682 4
15.45313225525153 -7.607760581489682 3.4
16.05313225525153 -8.207760581489682 3.4
16.65313225525153 -8.207760581489682 4
16.05313225525153 -8.207760581489682 4.6
16.05313225525153 -7.007760581489682 4.6
16.65313225525153 -7.607760581489682 4.6
16.05313225525153 -7.007760581489682 3.4
16.65313225525153 -7.007760581489682 4
16.65313225525153 -7.607760581489682 3.4
19.5986275675247 -5.667858817830869 4
19.5986275675247 -5.067858817830869 4.6
19.5986275675247 -4.467858817830869 4
19.5986275675247 -5.067858817830869 3.4
20.1986275675247 -5.667858817830869 3.4
20.7986275675247 -5.667858817830869 4
20.1986275675247 -5.667858817830869 4.6
20.1986275675247 -4.467858817830869 4.6
20.7986275675247 -5.067858817830869 4.6
20.1986275675247 -4.467858817830869 3.4
20.7986275675247 -4.467858817830869 4
20.7986275675247 -5.067858817830869 3.4
7.533526226818793 -4.587755491388334 4
7.533526226818793 -3.987755491388334 4.6
7.533526226818793 -3.387755491388334 4
7.533526226818793 -3.987755491388334 3.4
8.133526226818793 -4.587755491388334 3.4
8.733526226818793 -4.587755491388334 4
8.133526226818793 -4.587755491388334 4.6
8.133526226818793 -3.387755491388334 4.6
8.733526226818793 -3.987755491388334 4.6
8.133526226818793 -3.387755491388334 3.4
8.733526226818793 -3.387755491388334 4
8.733526226818793 -3.987755491388334 3.4
-0.3860798016139498 -0.9677504012869854 4
-0.3860798016139498 -0.3677504012869853 4.6
-0.3860798016139498 0.2322495987130145 4
-0.3860798016139498 -0.3677504012869853 3.4
0.2139201983860503 -0.9677504012869854 3.4
0.8139201983860501 -0.9677504012869854 4
0.2139201983860503 -0.9677504012869854 4.6
0.2139201983860503 0.2322495987130145 4.6
0.8139201983860501 -0.3677504012869853 4.6
0.2139201983860503 0.2322495987130145 3.4
0.8139201983860501 0.2322495987130145 4
0.8139201983860501 -0.3677504012869853 3.4
11.67902153909196 -2.047853727729521 4
11.67902153909196 -1.447853727729521 4.6
11.67902153909196 -0.8478537277295208 4
11.67902153909196 -1.447853727729521 3.4
12.27902153909196 -2.047853727729521 3.4
12.87902153909196 -2.047853727729521 4
12.27902153909196 -2.047853727729521 4.6
12.27902153909196 -0.8478537277295208 4.6
12.87902153909196 -1.447853727729521 4.6
12.27902153909196 -0.8478537277295208 3.4
12.87902153909196 -0.8478537277295208 4
12.87902153909196 -1.447853727729521 3.4
-12.45118114231986 0.1123529251555501 4
-12.45118114231986 0.7123529251555503 4.6
-12.45118114231986 1.31235292515555 4
-12.45118114231986 0.7123529251555503 3.4
-11.85118114231986 0.1123529251555501 3.4
-11.25118114231986 0.1123529251555501 4
-11.85118114231986 0.1123529251555501 4.6
-11.85118114231986 1.31235292515555 4.6
-11.25118114231986 0.7123529251555503 4.6
-11.85118114231986 1.31235292515555 3.4
-11.25118114231986 1.31235292515555 4
-11.25118114231986 0.7123529251555503 3.4
-20.37078717075261 3.732358015256899 4
-20.37078717075261 4.332358015256899 4.6
-20.37078717075261 4.932358015256899 4
-20.37078717075261 4.332358015256899 3.4
-19.77078717075261 3.732358015256899 3.4
-19.1707871707526 3.732358015256899 4
-19.77078717075261 3.732358015256899 4.6
-19.77078717075261 4.932358015256899 4.6
-19.1707871707526 4.332358015256899 4.6
-19.77078717075261 4.932358015256899 3.4
-19.1707871707526 4.932358015256899 4
-19.1707871707526 4.332358015256899 3.4
-8.305685830046691 2.652254688814363 4
-8.305685830046691 3.252254688814363 4.6
-8.305685830046691 3.852254688814363 4
-8.305685830046691 3.252254688814363 3.4
-7.705685830046692 2.652254688814363 3.4
-7.105685830046692 2.652254688814363 4
-7.705685830046692 2.652254688814363 4.6
-7.705685830046692 3.852254688814363 4.6
-7.105685830046692 3.252254688814363 4.6
-7.705685830046692 3.852254688814363 3.4
-7.105685830046692 3.852254688814363 4
-7.105685830046692 3.252254688814363 3.4
-16.22529185847943 6.272259778915712 4
-16.22529185847943 6.872259778915712 4.6
-16.22529185847943 7.472259778915712 4
-16.22529185847943 6.872259778915712 3.4
-15.62529185847943 6.272259778915712 3.4
-15.02529185847943 6.272259778915712 4
-15.62529185847943 6.272259778915712 4.6
-15.62529185847943 7.472259778915712 4.6
-15.02529185847943 6.872259778915712 4.6
-15.62529185847943 7.472259778915712 3.4
-15.02529185847943 7.472259778915712 4
-15.02529185847943 6.872259778915712 3.4
-4.160190517773524 5.192156452473176 4
-4.160190517773524 5.792156452473176 4.6
-4.160190517773524 6.392156452473175 4
-4.160190517773524 5.792156452473176 3.4
-3.560190517773524 5.192156452473176 3.4
-2.960190517773523 5.192156452473176 4
-3.560190517773524 5.192156452473176 4.6
-3.560190517773524 6.392156452473175 4.6
-2.960190517773523 5.792156452473176 4.6
-3.560190517773524 6.392156452473175 3.4
-2.960190517773523 6.392156452473175 4
-2.960190517773523 5.792156452473176 3.4
3.759415510659218 1.572151362371828 4
3.759415510659218 2.172151362371828 4.6
3.759415510659218 2.772151362371828 4
3.759415510659218 2.172151362371828 3.4
4.359415510659218 1.572151362371828 3.4
4.959415510659218 1.572151362371828 4
4.359415510659218 1.572151362371828 4.6
4.359415510659218 2.772151362371828 4.6
4.959415510659218 2.172151362371828 4.6
4.359415510659218 2.772151362371828 3.4
4.959415510659218 2.772151362371828 4
4.959415510659218 2.172151362371828 3.4
15.82451685136513 0.4920480359292921 4
15.82451685136513 1.092048035929292 4.6
15.82451685136513 1.692048035929292 4
15.82451685136513 1.092048035929292 3.4
16.42451685136513 0.4920480359292921 3.4
17.02451685136513 0.4920480359292921 4
16.42451685136513 0.4920480359292921 4.6
16.42451685136513 1.692048035929292 4.6
17.02451685136513 1.092048035929292 4.6
16.42451685136513 1.692048035929292 3.4
17.02451685136513 1.692048035929292 4
17.02451685136513 1.092048035929292 3.4
19.97001216363829 3.031949799588105 4
19.97001216363829 3.631949799588105 4.6
19.97001216363829 4.231949799588105 4
19.97001216363829 3.631949799588105 3.4
20.5700121636383 3.031949799588105 3.4
21.1700121636383 3.031949799588105 4
20.5700121636383 3.031949799588105 4.6
20.5700121636383 4.231949799588105 4.6
21.1700121636383 3.631949799588105 4.6
20.5700121636383 4.231949799588105 3.4
21.1700121636383 4.231949799588105 4
21.1700121636383 3.631949799588105 3.4
7.904910822932388 4.112053126030641 4
7.904910822932388 4.712053126030641 4.6
7.904910822932388 5.312053126030641 4
7.904910822932388 4.712053126030641 3.4
8.504910822932388 4.112053126030641 3.4
9.104910822932387 4.112053126030641 4
8.504910822932388 4.112053126030641 4.6
8.504910822932388 5.312053126030641 4.6
9.104910822932387 4.712053126030641 4.6
8.504910822932388 5.312053126030641 3.4
9.104910822932387 5.312053126030641 4
9.104910822932387 4.712053126030641 3.4
-0.01469520550035497 7.732058216131989 4
-0.01469520550035497 8.332058216131989 4.6
-0.01469520550035497 8.932058216131988 4
-0.01469520550035497 8.332058216131989 3.4
0.5853047944996452 7.732058216131989 3.4
1.185304794499645 7.732058216131989 4
0.5853047944996452 7.732058216131989 4.6
0.5853047944996452 8.932058216131988 4.6
1.185304794499645 8.332058216131989 4.6
0.5853047944996452 8.932058216131988 3.4
1.185304794499645 8.932058216131988 4
1.185304794499645 8.332058216131989 3.4
12.05040613520556 6.651954889689454 4
12.05040613520556 7.251954889689454 4.6
12.05040613520556 7.851954889689454 4
12.05040613520556 7.251954889689454 3.4
12.65040613520556 6.651954889689454 3.4
13.25040613520556 6.651954889689454 4
12.65040613520556 6.651954889689454 4.6
12.65040613520556 7.851954889689454 4.6
13.25040613520556 7.251954889689454 4.6
12.65040613520556 7.851954889689454 3.4
13.25040613520556 7.851954889689454 4
13.25040613520556 7.251954889689454 3.4
24.07398937686519 10 2.487886022456193
-24.07398937686519 10 2.487886022456146
4.890690763909259 10 0.9411108758896594
1.628397355879592 10 0.94438814713959
19.01684841105445 10 4.111371571214915
14.6747263244073 10 4.086943595703426
9.271621864193094 10 4.150905807313902
-2.717391304347757 10 4.058668039364745
-4.891304347825997 10 0.941331960635255
-7.06741115056299 10 0.9137363193158279
-9.241243934672106 10 4.058971378715196
21.19361474718388 10 0.9443881471396015
16.85024168959922 10 0.9419704142012246
12.4978062407413 10 4.086263680684171
7.063179964575227 10 0.9443881471395996
-0.5458938635121733 10 0.9419704142012222
-13.58387854621395 10 0.9140999128442007
-21.19361474718387 10 0.9443881471395917
-15.76086956521733 10 0.9413319606352643
-11.41005432439646 10 4.057554290879876
-17.96140686973762 10 1.016499698771951
2.718204585276904 10 4.086943595703425
10.32734970936895 10 0.9387619723453466
-5.980298296294308 10 4.055611852860393
13.58491909500998 10 0.9443881471395997
0.5158897998294272 10 3.981657895104829
5.94565155217159 10 4.150802870138383
-10.32404952979245 10 0.9443881471395779
-14.66860899494051 10 4.056565739872116
-18.9910337967082 10 3.980637876881747
-16.84986351368568 10 4.055611852860384
-2.71300687438827 10 0.890037133347628
19.0217391304348 10 0.941331960635255
21.19460077328717 10 4.086945517543386
16.88730591777944 10 4.079297623437178
-21.19460077328716 10 4.086945517543404
23.38070818491605 10 0.8422673537162475
23.45414213496557 10 4.145618668739944
-23.38070818491605 10 0.8422673537161828
-23.45414213496558 10 4.145618668739941
-22.28576691498697 10 0.9300323408359972
-21.73781809711751 10 1.892767533679321
-20.64197755227477 10 1.891309906099564
-21.18585236959557 10 2.844453287907679
-22.28579446653525 10 2.848447730061488
-20.08591231145498 10 2.839932150232164
-19.59031658682503 10 1.861947030587602
-18.98592538765634 10 2.835262756939413
-23.02947814588074 10 1.932734068017699
-22.32136016792462 10 3.99636863650873
-15.75868449904705 10 4.053106508095308
-16.30582235594628 10 3.104422274475811
-17.35844035569148 10 3.132705931055549
-16.85762589127447 10 2.15554671209234
-17.95756594941503 10 2.160067849768144
-15.75768379433482 10 2.151552269938164
-15.20860647409918 10 3.102747158908201
-14.11425202810713 10 3.108264795363184
-14.658248308895 10 2.180788889085206
-13.55552594380903 10 2.193530260174063
-13.00762097502848 10 3.116411799177046
-12.45503221632912 10 2.165042166288329
-12.46596641314423 10 1.017504687692061
-4.889606492218363 10 4.055102488442991
-5.435941542788335 10 3.106400534965998
-6.531909923941441 10 3.108551438674708
-4.343204915844623 10 3.107959618330436
-5.988060673882895 10 2.155546712092329
-7.088000732023431 10 2.160067849767952
-7.622270464897511 10 3.1135241180988
-8.152582376089619 10 2.269761365241062
-4.88814191607311 10 2.183002770438817
-3.818655979400003 10 2.264133846835224
2.719089159955541 10 0.9448975115569828
2.173872618344824 10 1.893226918995871
1.076260644236473 10 1.890733122206874
3.266472205584357 10 1.888708301973949
1.621343588712378 10 2.813565037037342
0.5206949201505324 10 2.8399321502321
2.726288764861472 10 2.812137113294478
3.823729684656641 10 2.806124705832998
8.153871768651175 10 0.9448975115569909
7.608655227040451 10 1.893226918995875
6.511043252932105 10 1.890733122206868
8.706322515617199 10 1.89076406027886
7.05813978478124 10 2.784117395541566
5.958123412330373 10 2.806012819511241
8.159687488188197 10 2.774066569825872
9.257775068576898 10 2.791664053141319
7.608711864489578 10 3.768800841126307
-1.631235466665437 10 0.9341390599615084
-2.173913043478169 10 1.893959904798131
-1.628397355879461 10 4.05561185286038
-2.192992177575537 10 3.036082645263585
-1.129419950470364 10 3.233196130239838
4.88932370415548 10 4.103075061582459
-8.15556831760739 10 0.9131866455627071
22.28576691498699 10 0.9300323408360438
21.73781809711744 10 1.892767533679372
20.64516224708829 10 1.890350456579157
21.18585236959533 10 2.844453287907658
22.28579446653497 10 2.848447730061693
20.11866895773596 10 2.736498957127737
23.02947814588068 10 1.932734068017776
14.67561089908594 10 0.9448975115569903
14.13039435747521 10 1.893226918995875
13.03349388552274 10 1.891386470318945
15.22806164605196 10 1.890764060278866
13.57789619615093 10 2.813593382349715
12.47721665928091 10 2.839932150232067
11.94410122708007 10 1.884554877748211
11.38873859845154 10 2.774211695925009
14.6830317039105 10 2.812227531506399
15.78365290593655 10 2.839932150232053
22.32136016792453 10 3.996368636508747
13.58573408014349 10 4.101647355511623
-10.32594101419252 10 4.056639145215357
-9.752091535555515 10 3.009695340575173
20.10616462234319 10 0.9425500373725019
11.41156782434208 10 4.088461933950752
1.630434782608724 10 4.058668039364772
17.93478260869567 10 0.9413319606352568
18.50917388604358 10 1.992494695966051
17.93478260869567 10 4.058668039364745
17.42702009953486 10 3.209200755355158
10.32850355334433 10 4.092829253728546
20.10410107424963 10 4.119825416615686
12.49792157192806 10 0.9419885306848693
15.76209743600455 10 0.9422631771118322
15.79339009965719 10 3.985931745726741
-5.979407445780151 10 0.9118572538140021
9.23913043478265 10 0.941331960635255
5.978260869565275 10 0.9413319606352436
3.804347826087024 10 0.9413319606352237
-20.10869565217379 10 4.05866803936483
-11.36616339127034 10 0.9331150956972944
-10.81409157504492 10 1.751349074898359
-9.770384135277006 10 1.889705056768917
-20.11083988684436 10 0.938838102702528
-3.8022718072503 10 4.057083414376201
-14.67140955235553 10 0.9002895829962811
-16.84782608695654 10 0.9413319606351521
-0.5929536342721491 10 4.088316141535506
-3.801722184657329 10 0.8990105037756566
0.5422345500280024 10 0.9422397362499348
3.808025930768004 10 4.119392134022297
-7.066335980475415 10 4.058247018655404
-17.88564744976808 10 4.071812419761581
-9.244690243504202 10 0.8871546781357533
-13.57739917359235 10 4.058242159914166
-19.06728184853867 10 0.92429111821548
11.40984717813874 10 0.9382229627923189
-8.157088563230374 10 4.059207697597041
-0.01021131101973438 10 1.830041452980148
5.429437333368341 10 1.877097210311987
16.31455828833976 10 1.830554664018251
9.788621355124654 10 1.878358890704155
-12.49210253440016 10 4.059177586249062
-10.86617785053444 10 3.139807477107988
18.47826086956523 10 3.117269106495139
19.605357071914 10 1.864507479787947
-3.301289565238832 10 3.139740542573549
17.39807727948379 10 1.878866907422092
-1.092935127049198 10 1.849204469043568
-8.659466725864611 10 3.139917519560385
4.349912548831462 10 1.875421275451793
-11.93766304508049 10 3.173934637558173
10.86362360393357 10 1.864032395975487
4.891060518129983 10 2.775408728087443
10.32449124837502 10 2.755212467714484
24.12416990104607 10 1.495930161081695
24.16573554871198 10 3.499999999999997
-24.16573554871198 10 3.499999999999998
-24.12416990104609 10 1.495930161081643
23.22174997348048 10 3.151842520964058
-23.22174997348055 10 3.151842520964
6.836658400483977 10 4.23229459394763
8.380724183113752 10 4.232305097741044
19.24425729085106 10 2.644576003362243
-2.938864851512655 10 2.347672574651938
16.54637515191708 10 3.287291782626
-9.023032253993314 10 2.353141279973166
-0.2392902918142923 10 3.293354833216256
-18.71249932843453 10 1.759613690856518
-11.70691593425073 10 1.717942525330431
-18.23572258784782 10 3.236097366881287
-24.30658423238768 10 4.329123733747987
24.30658423238768 10 4.329123733747987
24.26084369861448 10 0.7126935222999538
-24.26084369861453 10 0.7126935222998264
2.174016301402709 10 3.441644851512136
14.13043478260871 10 3.447134759006626
-1.552023026151225 10 2.501751893394456
-21.67912430204664 10 3.446116871654024
-5.440271172460534 10 1.55282094335093
21.67912430204623 10 3.44611687165386
-16.30983638985212 10 1.552820943351015
-10.39122752655464 10 2.480334859662286
17.88755184491769 10 2.51390741546904
-4.342779889607417 10 1.564152708480296
-15.20963502870528 10 1.548653184083407
-20.63342811294229 10 3.439277661836587
15.17806496233522 10 3.438016805578231
13.02473246076824 10 3.439277661836404
20.63637009198943 10 3.444577382152198
3.275029926177524 10 3.445009268944022
1.126588782056153 10 3.436106049178628
6.490750349725062 10 3.47227024076531
8.72651089522174 10 3.470847653372051
-6.540484930536138 10 1.560722338163701
-17.35194990050993 10 1.561901819307102
16.87529669645343 10 2.527345051949323
-19.59264436067382 10 3.431278875678626
-7.628709811519144 10 1.56638232880063
11.92996975011848 10 3.435876084277893
19.55915224444112 10 3.407650783888158
5.424735282859608 10 3.45739949838728
4.351984174457876 10 3.451068232809416
9.807294510281492 10 3.43769194251326
-3.257738696726332 10 1.592593922254907
-0.5725843919074336 10 2.539945384481464
-14.0997625615769 10 1.56513545849451
-8.711677411339892 10 1.601488965117269
-13.06277038071961 10 1.572129190498512
10.86637166745859 10 3.439753034254116
-11.38291347043989 10 2.46885088240604
25 -9.133974596215564 2.5
25 9.092370187828514 2.516040100675438
25 -0.007392738931855547 0.9226743416424302
25 2.110412255125867 0.9152141167245953
25 4.203133576857603 0.9226743416424302
25 6.266523541387635 0.8522260328501347
25 -6.308396734752353 4.077325658357565
25 -2.105263157894728 0.9116056881941464
25 -4.254425035889577 4.151790152032559
25 1.052361851404045 4.11136297012011
25 5.289082774906968 4.154432526598521
25 3.154924353922759 4.111224845600794
25 -1.055601961866703 4.111224845600793
25 -5.222264206002043 0.8488727326603795
25 7.361028313699709 4.077325658357571
25 -7.411527574390437 1.028541829534774
25 8.492657445266246 0.8484501011322685
25 -8.431279064894419 4.164236651870249
25 8.423987578818757 4.165745223968453
25 8.069603932061725 3.080290801502676
25 6.87959498393797 3.1600828726204
25 7.332668821156254 2.191051432216918
25 6.279450768024496 2.39037179425689
25 5.215859873591796 0.8896237119437325
25 4.678410041985671 1.832022165931245
25 3.652568406284061 1.841884127463017
25 4.173212862413285 2.777656350270933
25 3.128057323601638 2.677543168841284
25 5.229213828581111 2.57474418520854
25 1.05831700158426 0.9310793015197618
25 0.5206285723538429 1.869889006457535
25 -0.5520097963426309 1.852850971811077
25 -0.0357522314753318 2.808948567783069
25 -1.087942787557322 2.689139142723989
25 1.05895885806212 2.792713907439892
25 1.585748158899467 1.856815699121335
25 -3.165287475773958 0.9226743416424339
25 -2.645988494917409 1.855700574734017
25 -3.677448294347828 1.828827953738954
25 -3.193814054561816 2.77731126148862
25 -4.240533798769514 2.61246657547778
25 -1.061898996800213 0.9164641387957495
25 -3.167449571726261 4.13736117011894
25 -4.173658785138607 0.8803465304098942
25 -7.36842105263158 4.088394311805855
25 -6.842105263157896 3.135766367642972
25 -5.805054158074062 3.173224606783562
25 -6.284298958169506 2.22205457742128
25 -7.379757553751906 2.176322931703854
25 -8.094560470408227 3.075205295129359
25 -8.504335527033421 0.8681465524345319
25 -6.315789473684211 0.9116056881941464
25 -0.007839053153148257 4.133863911930307
25 -5.30432666765264 4.12130487694285
25 4.204914695265007 4.137526289181878
25 2.105741421900859 4.114968696836182
25 -2.105806560721827 4.116470149843219
25 3.154548873247904 0.9110834145742372
25 7.414527762850273 1.063391194072673
25 6.354464833604183 4.117935080846385
25 -5.24217520498494 2.373146438881804
25 -1.601465129737347 1.811653831126844
25 -2.135121123187901 2.706962912089316
25 9.141992710192497 3.507242573992789
25 9.186014789835088 1.5037062177217
25 -9.154301448994032 3.503470210801628
25 -9.189187496324863 1.502944851646438
25 2.626117353233138 1.783719605564774
25 2.086888991725239 2.725892564905386
25 8.281647581437273 1.912862368115755
25 -8.297205222358379 1.888009736591329
25 5.791361379639518 3.305267261334714
25 -4.6684873917486 1.68667512701517
25 5.689609919899521 1.69133146210012
25 -4.813742311948445 3.312091585830833
25 4.716361088782389 3.434037108477549
25 -6.769995023465274 1.571014507224146
25 0.5058347729929267 3.434037108477546
25 9.265994562445982 4.281379317810179
25 -9.265994562445975 4.281379317810167
25 -9.328178288882183 0.6742182808161938
25 9.325208131230795 0.6704312637707937
25 -2.655635890512045 3.43631956875388
25 6.709104517747456 1.608350632867523
25 -0.5760475413025716 3.420476404911528
25 3.642494638372415 3.421946060822506
25 -3.752676664453417 3.408463444100231
25 -5.743230808035835 1.598254660449077
25 1.593211272919191 3.448958525426061
25 -1.602692644191396 3.413432170653787
25 2.622274699538846 3.432353595494202
-25 9.342278607051682 2.5
-25 -9.092370187828518 2.516040100675438
-25 -0.007392738931860876 4.077325658357569
-25 -2.129031365281278 0.8920156914722677
-25 -4.203133576857603 0.9226743416424302
-25 -6.266523541387642 0.8522260328501333
-25 6.350470581488405 4.158687519567591
-25 2.116994375552888 0.8706908687521728
-25 4.189607818190312 4.163729002851879
-25 -5.289082774906968 4.154432526598521
-25 -3.120582968421916 4.161931953315364
-25 5.270550633668702 0.9226743416424343
-25 -0.005402523968564665 0.881909180337342
-25 2.124572956400222 4.080907820256797
-25 -7.361028313699713 4.077325658357569
-25 7.36842105263158 0.9116056881941457
-25 -8.49265744526625 0.8484501011322686
-25 8.425219701974076 4.167589999543165
-25 -8.423987578818757 4.165745223968452
-25 -8.069603932061735 3.080290801502673
-25 -6.879594983937988 3.160082872620391
-25 -7.33266882115629 2.191051432216912
-25 -6.279450768024525 2.390371794256875
-25 -5.215859873591803 0.8896237119437337
-25 -4.678410041985678 1.832022165931246
-25 -3.639854092724626 1.848601041109279
-25 -4.172661255723389 2.777947761559903
-25 -3.120919873074627 2.64144878780817
-25 -5.229121894132806 2.574792753756701
-25 1.060677118463312 4.068274354643803
-25 0.5210219251670143 3.130003269569726
-25 -0.5634484757052078 3.143860205605519
-25 -0.03575223147533535 2.19105143221693
-25 1.063968080067687 2.176322931703857
-25 -1.145844650855533 2.393136636933712
-25 -1.597105737926572 3.281862240928535
-25 1.611111372089276 3.124054769959366
-25 2.644291596510934 3.173614893494168
-25 2.160046104913375 2.201498186054112
-25 3.221615133944629 2.399831529835609
-25 3.218087613904418 0.8464718554512142
-25 1.05339191715542 0.875781173205157
-25 4.261480161139226 0.8876510504744903
-25 4.797718139318512 1.830679757116949
-25 5.833830117801679 1.848601041109283
-25 5.301128985743923 2.777889521555122
-25 6.36058753711812 2.678913701598112
-25 4.256391981235197 2.581164294577334
-25 7.398165833779387 4.138152822741223
-25 7.928247147066905 3.376734588037859
-25 8.425219701974076 0.8324100004568342
-25 7.9037725589804 1.690576862671162
-25 6.328167295990763 0.9157558170121174
-25 5.280276188874081 4.194152845832873
-25 -1.100966932866607 0.8396772951673205
-25 -4.19380397531139 4.193144172081943
-25 -1.05263157894737 4.088394311805859
-25 -3.157894736842099 0.9116056881941341
-25 -7.414527762850287 1.063391194072669
-25 -6.35446483360419 4.117935080846383
-25 3.135413394837624 4.12837884894756
-25 -2.076170179345048 4.149756704956427
-25 -2.630062695619765 1.80693002984923
-25 6.837969598928403 1.772207461138995
-25 -9.141992710192497 3.507242573992789
-25 -9.186014789835092 1.5037062177217
-25 9.111007184671625 3.450853054328802
-25 9.080888454991177 1.575674239318146
-25 -8.281647581437291 1.912862368115755
-25 7.393929111031698 2.564217610523291
-25 -5.791346057231475 3.305275356092737
-25 3.700773841077103 3.31345927969735
-25 -5.689598975322358 1.691337244070138
-25 3.79902330039644 1.691889300710872
-25 -1.704317854309698 1.679297111729496
-25 -2.55378913367613 3.369447056700362
-25 -4.716361088782389 3.434037108477549
-25 0.5058347729929284 1.565962891522446
-25 4.757323121743918 3.434037108477547
-25 -9.265994562445982 4.281379317810179
-25 9.265994562445975 4.281379317810167
-25 9.265994562445975 0.7186206821898319
-25 -9.325208131230795 0.6704312637707937
-25 -6.709103720037788 1.608351054293895
-25 -0.5947819276113222 1.591536555899774
-25 -3.626899148012994 3.416187944546163
-25 5.857939822348159 3.40846344410023
-25 1.606025515647083 1.558077399343351
-25 6.910176414912106 3.381626786408689
-25 -2.157892018985031 2.546504505872092
-25 2.722495015843754 1.600631676584765
-25 8.428949522523302 2.518816232723722
23.96090785281767 -0.1450757964816152 0
-24.07592669157554 -0.009500531868804988 0
-1.630434782608761 -9.058668039364749 0
4.984732348638744 9.098810576095556 0
-5.928314035898063 9.077917820987764 0
9.158217983420105 -9.003874658203905 0
13.71516577405075 9.114509973684019 0
-13.58695652173916 -9.058668039364743 0
-9.239130434782652 -9.058668039364745 0
0.6195143926221458 9.090618071037088 0
2.649324102901181 -9.039997841802045 0
-11.38483905293562 9.066969423763096 0
9.349949483067896 9.106776624510445 0
13.56072776438722 -8.984272209607646 0
-15.74999826551105 9.057981395001697 0
17.93478260869567 9.058668039364745 0
-18.09635534979191 -9.057927813821024 0
17.92105881053182 -8.994518442502372 0
-19.02377655716392 9.055611852860391 0
-4.891304347826141 -9.058668039364749 0
-2.654399600830853 9.084328710363099 0
5.864712842539387 -9.009788576280663 0
24.27073124156445 -3.182551849986297 0
-24.0304205752681 3.084802226047549 0
23.95399816180695 3.311317992156815 0
-23.97288485528024 -3.250493194243167 0
21.19365569252763 -9.026700043399586 0
21.19565217391305 9.058668039364743 0
-21.19565217391305 -9.058668039364743 0
-24.03625608413988 6.254906229535103 0
24.26744243351499 6.342522688782687 0
-24.00343212195173 -6.414851960303263 0
23.99290952571155 -6.18030522450618 0
-9.202228904159462 9.071387799987843 0
15.73404494665122 -8.976984563532804 0
-13.56744938820994 9.0625032415678 0
11.36883731145464 -8.979399238675084 0
-21.19565217391302 9.058668039364738 0
7.167341019899991 9.102822292244307 0
-7.065217391304396 -9.058668039364742 0
0.5434782608694935 -9.058668039364742 0
11.53255773538644 9.110672785581304 0
-11.41304347826091 -9.058668039364743 0
15.89777359620599 9.118287372252135 0
-15.91374825594102 -9.054353441713662 0
2.802123471992334 9.094742249240962 0
23.42380119963421 9.171401375612497 0
-23.32038918666542 -9.023423115063636 0
-23.34021155729412 9.083279382513227 0
23.3408671142732 -9.057361407766265 0
-17.93308475308796 9.055102488442998 0
-18.47721512584628 8.106400534966006 0
-17.38103724439288 8.106135151809351 0
-17.92520321779568 7.155003754505171 0
-19.02462595123085 7.152860526115818 0
-18.47147708236666 6.2010610480097 0
-17.37150488380403 6.204938892221807 0
-17.91803303801912 5.250328491741575 0
-16.818034756762 5.254326628784137 0
-17.36456674325161 4.299693653179602 0
-16.26456301633593 4.303708370930602 0
-16.81112528726015 3.34907498565328 0
-15.71109841863277 3.353091895681044 0
-16.2576684802467 2.39847299642383 0
-15.15763086128575 2.40247847057941 0
-15.70418344763024 1.447868482728411 0
-14.60415810670491 1.4518651331875 0
-15.1506795102343 0.4972378037731763 0
-14.05068133514064 0.501247449525548 0
-13.50415872121059 1.455874721894145 0
-12.95068661976313 0.5052587699462143 0
-12.40416445426636 1.459886270375643 0
-11.85069333409665 0.5092706961074925 0
-11.30417145088582 1.463898314814067 0
-10.75070049730937 0.5132828058849923 0
-10.20417877309559 1.46791048890501 0
-9.650707789600332 0.5172949678718612 0
-9.104186085992444 1.471922659228758 0
-8.550715101852191 0.5213071379345133 0
-8.004193402378288 1.475934830963829 0
-7.450722418012369 0.5253193095804373 0
-6.904200719209149 1.479947002879363 0
-6.350729734898096 0.5293314815182291 0
-5.804208036296484 1.483959174898288 0
-5.250737051947494 0.5333436535218975 0
-4.704215353372009 1.487971346912485 0
-4.150744369022203 0.537355825535756 0
-3.60422267045196 1.491983518928456 0
-3.050751686101868 0.5413679975516077 0
-2.504229987532474 1.495995690944651 0
-1.950759003182451 0.5453801695678298 0
-1.404237304613313 1.500007862960975 0
-0.8507663202632424 0.5493923415841351 0
-0.3042446216941371 1.504020034977294 0
0.2492263626559344 0.5534045136004527 0
0.7957480612250334 1.508032206993614 0
1.349219045575105 0.5574166856167725 0
1.895740744144203 1.512044379009934 0
2.449211728494299 0.5614288576262643 0
2.995733427063376 1.516056551025116 0
3.549204411413472 0.5654410296412561 0
4.095726109982547 1.520068723041024 0
4.649197094334214 0.5694532016569553 0
5.195718792901978 1.524080895057171 0
5.749189777254474 0.5734653736735014 0
6.295711475821372 1.5280930670735 0
6.849182460170949 0.5774775456983703 0
7.395704158740131 1.532105239091245 0
7.949175143089963 0.5814897177147339 0
8.495696841659203 1.536117411107807 0
9.049167826008794 0.5855018897214961 0
9.595689524578299 1.540129583122573 0
10.14916050892806 0.5895140617358683 0
10.69568220749747 1.544141755138307 0
11.24915319184754 0.5935262337613674 0
11.79567489041672 1.548153927156799 0
12.34914587476678 0.5975384057795796 0
12.89566757333589 1.552166099173055 0
13.44913855768562 0.6015505777963976 0
13.995660256255 1.556178271189444 0
14.54913124060473 0.6055627498128116 0
15.09565293917415 1.560190443205793 0
15.64912392352421 0.6095749218289576 0
7.402653444520434 -0.3731379756864581 0
4.1026753957639 -0.3851744917500827 0
-3.597273384670962 -0.4132596958415549 0
15.10260222494553 -0.3450527715686231 0
10.70263149327245 -0.3611014596640246 0
-0.2972953359131628 -0.4012231797927091 0
-7.997244116580205 -0.4293083838213304 0
-12.39721501002922 -0.4453570061009491 0
-16.25070246061054 0.4932430486108775 0
-15.69720071203344 -0.457389452410379 0
16.20259490787274 -0.3410405995486475 0
16.19564562209339 1.564202615222083 0
-16.79721033628969 -0.4613918052878836 0
15.65607320929413 -1.29566829294655 0
16.75606589222231 -1.291656120925795 0
-16.24372002399431 -1.412018266352185 0
-17.34372933327728 -1.41602087885589 0
-7.457671703600887 2.43056252427296 0
-4.157693654801973 2.442599040305245 0
-0.8577156060442076 2.454635556354134 0
16.20954419365173 -2.246283814330989 0
17.30953687657355 -2.242271642303951 0
-16.7902408745333 -2.366646376531731 0
-17.9110768327789 3.345068505935298 0
15.109551510719 -2.250295986374653 0
-10.75764975317156 2.418526008552979 0
3.542255125632468 2.470684244418957 0
7.942225857309154 2.486732932484629 0
12.34219658898582 2.502781620549938 0
-17.89022363889648 -2.37066421543974 0
17.85605857514309 -1.287643948908997 0
15.64217463774331 2.514818136598925 0
16.74216732066249 2.518830308615247 0
-15.16457102813586 4.307720380776173 0
18.40952955949344 -2.238259470285759 0
16.76301517800541 -3.196899335694766 0
-18.44375847597794 -1.42006380860712 0
-17.33675799249752 -3.321276668194935 0
-16.23676607301287 -3.317264063136001 0
-18.4367400085413 -3.325294949075503 0
16.18869633631241 3.469445829992085 0
17.28868901923158 3.473458002008411 0
17.84216000358166 2.522842480631575 0
18.38868170215075 3.47747017402474 0
18.94215268650083 2.5268546526479 0
18.95605125806264 -1.283631776892278 0
19.48867438506992 3.481482346041068 0
-19.57142638404668 6.19718898449308 0
-16.78328713538879 -4.271892117398882 0
-15.68329447367612 -4.267879933356131 0
19.50952224241279 -2.234247298269055 0
18.96300054384371 -3.188874991662209 0
5.742240491470932 2.478708588451472 0
1.342269759794125 2.462659900386766 0
1.902690029924811 -0.3931988357655275 0
-10.19722948831169 -0.4373327254651798 0
-5.797258750517463 -0.4212840398745503 0
10.14221122314745 2.494757276516691 0
18.93520340071984 4.432097867417905 0
16.73521803488151 4.424073523385244 0
15.63522535196234 4.420061351368921 0
20.04214536941999 2.530866824664229 0
20.03519608363901 4.436110039434236 0
20.06299322676293 -3.184862819645786 0
19.51647152819383 -4.139490513038954 0
20.05604394098191 -1.279619604875825 0
19.48172509928893 5.38672556081107 0
20.616464211113 -4.135478341022631 0
20.06994251254391 -5.090106034415795 0
18.96994982962474 -5.094118206432105 0
-15.13677277863915 -3.313252237959434 0
-14.58330169238227 -4.263867817143768 0
-15.12982337396878 -5.218495520169999 0
-14.02983067182301 -5.214483359062227 0
-13.48330897004723 -4.259855667488019 0
-12.9298379791301 -5.21047119259249 0
-12.38331627892979 -4.255843500124614 0
-11.82984529321559 -5.206459022277817 0
-11.28332359414501 -4.251831329169114 0
-10.72985260948625 -5.202446850723634 0
-10.18333091077988 -4.24781915740835 0
-9.629859926357714 -5.198434678828654 0
-9.083338227751479 -4.243806985456571 0
-8.529867243385439 -5.194422506845037 0
-7.98334554480525 -4.239794813458179 0
-7.429874560452903 -5.190410334838877 0
-6.883352861879338 -4.235782641448264 0
-6.329881877530376 -5.18639816282704 0
-5.783360178958478 -4.231770469435481 0
-5.229889194610359 -5.182385990813779 0
-4.68336749603888 -4.227758297421982 0
-4.129896511690971 -5.178373818800162 0
-3.583374813119609 -4.223746125404492 0
-3.029903828771743 -5.174361646785821 0
-2.483382130200408 -4.21973395339003 0
-1.929911145852553 -5.170349474771864 0
-1.383389447281209 -4.215721781379951 0
-0.8299184629333668 -5.166337302758999 0
-0.2833967643620255 -4.211709609366969 0
0.2700742199858127 -5.162325130745238 0
0.8165959185571531 -4.207697437353355 0
1.370066902904991 -5.158312958731525 0
1.916588601476331 -4.203685265339644 0
2.470059585824169 -5.154300786717791 0
3.01658128439551 -4.199673093325913 0
3.570052268743347 -5.150288614704056 0
4.116573967314688 -4.195660921312177 0
4.670044951662524 -5.146276442690318 0
5.216566650233865 -4.191648749298441 0
5.770037634581702 -5.142264270676582 0
6.316559333153045 -4.187636577284706 0
6.870030317500882 -5.138252098662848 0
7.416552016072223 -4.183624405270971 0
7.97002300042006 -5.134239926649116 0
8.516544698991403 -4.179612233257237 0
9.070015683339239 -5.13022775463538 0
9.616537381910581 -4.175600061243502 0
10.17000836625842 -5.126215582621642 0
10.71653006482976 -4.171587889229764 0
11.2700010491776 -5.122203410607904 0
11.81652274774895 -4.167575717219456 0
12.36999373209678 -5.11819123859474 0
16.18174705053143 5.374689044762087 0
15.08175436761226 5.37067687274576 0
20.5817177822081 5.390737732827408 0
19.5234208139748 -6.044733727808951 0
18.42342813105563 -6.048745899825251 0
20.62341349689397 -6.040721555792641 0
-17.3507455888374 0.48922845549523 0
-12.95763548897328 2.410501810647123 0
9.063066397562743 -3.22498453986536 0
5.763088348805404 -3.237021055906867 0
-1.936860431623574 -3.265106259996084 0
12.90261685911687 -0.3530771155968817 0
-16.27152693265379 6.209043787629153 0
7.42350130184872 -6.088867620040991 0
4.123523253091182 -6.100904136082197 0
-3.57642552734308 -6.12898934017823 0
21.13518876655818 4.440122211450572 0
-14.57635236435913 -6.169111055877485 0
-15.67634504627243 -6.173123228461774 0
-12.37636699155921 -6.161086715798864 0
21.1629859096821 -3.180850647629474 0
21.71645689403217 -4.131466169006335 0
-10.17638162491667 -6.153062372227557 0
-7.97639625902349 -6.145038028231181 0
-5.776410893181652 -6.137013684205682 0
-0.2764474785855297 -6.116952824137137 0
1.923537887252829 -6.108928480109669 0
10.72347935060626 -6.076831103999782 0
20.028246797858 6.341353254204241 0
18.92825411493884 6.337341082187899 0
21.12823948077717 6.345365426220583 0
11.26305176339461 -3.216960195845671 0
12.91651543066815 -4.163563545208867 0
13.46998641501596 -5.114179066581633 0
12.92346471644461 -6.068806759972311 0
14.03238776855479 -6.05959511444338 0
14.5714674928003 -5.109300315647717 0
15.12518654295433 -6.059771407203169 0
3.56310298296685 -3.245045399934035 0
1.363117617130086 -3.253069743955028 0
-4.136845797465321 -3.273130604017273 0
-6.336831163306223 -3.281154948057394 0
-8.536816529151071 -3.289179292081185 0
-10.73680189510305 -3.297203636039704 0
-12.93678726300503 -3.305227978899524 0
18.39563098793173 1.572226959254737 0
14.53523266904317 4.416049179352591 0
13.98176168469309 5.366664700729427 0
14.52828338326219 6.321292394122604 0
13.42829070034302 6.317280222106271 0
12.88176900177392 5.362652528713102 0
12.32829801742385 6.313268050089943 0
11.78177631885475 5.358640356696779 0
11.22830533450468 6.309255878073619 0
10.68178363593558 5.354628184680458 0
10.12831265158551 6.305243706057299 0
9.581790953016416 5.350616012664136 0
9.028319968666342 6.301231534040975 0
8.481798270097247 5.346603840647812 0
7.928327285747173 6.29721936202465 0
7.381805587178079 5.342591668631487 0
6.828334602828004 6.293207190008327 0
6.281812904258908 5.338579496615163 0
5.728341919908836 6.289195017992003 0
5.18182022133974 5.33456732459884 0
4.628349236989667 6.28518284597568 0
4.08182753842057 5.330555152582519 0
3.528356554070499 6.281170673959359 0
2.981834855501401 5.326542980566196 0
2.42836387115133 6.277158501943036 0
1.881842172582233 5.322530808549875 0
1.328371188232161 6.273146329926715 0
0.7818494896630641 5.318518636533552 0
0.2283785053129911 6.269134157910392 0
-0.318143193256105 5.31450646451723 0
-0.8716141776061788 6.265121985894068 0
-1.418135876175274 5.310494292500906 0
-1.971606860525348 6.261109813877743 0
-2.518128559094443 5.30648212048458 0
-3.071599543444518 6.257097641861418 0
-3.618121242013611 5.302469948468254 0
-4.171592226363687 6.253085469845093 0
-4.71811392493278 5.298457776451929 0
-5.271584909282856 6.249073297828767 0
-5.81810660785195 5.294445604435603 0
-6.371577592202026 6.24506112581244 0
-6.91809929077112 5.290433432419273 0
-7.471570275121195 6.241048953796113 0
-8.018091973690289 5.286421260402948 0
-8.571562958040362 6.237036781779787 0
-9.118084656609458 5.282409088386624 0
-9.67155564095953 6.233024609763463 0
-10.21807733952863 5.2783969163703 0
-10.7715483238787 6.229012437747144 0
-11.3180700224478 5.274384744353981 0
-11.87154100679787 6.225000265730825 0
-12.4180627053671 5.270372572372795 0
-12.97153368971719 6.220988093755492 0
19.47477581350791 7.29196877558107 0
20.07689179832487 -6.995349249185796 0
21.18221148899952 -7.012818199037604 0
-1.425085161956253 7.215737507270907 0
-4.72506321071376 7.203700991221933 0
-8.025041259471267 7.191664475172951 0
14.58763655787967 -7.00917555544518 0
15.67899517243559 -7.010190343535712 0
15.67011169024756 -5.106073263970867 0
-15.14372411975019 -1.408007917619332 0
21.72429401443905 -6.04028957075435 0
19.50257295663186 -0.3290040834989487 0
20.60256563955103 -0.3249919114826124 0
21.1560366239011 -1.275607432859461 0
21.7025583224702 -0.320979739466291 0
22.25602930682027 -1.271595260843135 0
21.14908733812013 0.6296357819105516 0
17.86995714671041 -5.098130378451177 0
11.23525462028566 4.404012663303619 0
-1.964657574744366 4.355866599107754 0
9.03526925444732 4.395988319270979 0
6.835283888608986 4.387963975238332 0
-5.26463562350188 4.343830083058766 0
4.63529852277065 4.379939631205685 0
2.435313156932306 4.371915287173034 0
0.2353277910939707 4.3638909431404 0
-8.564613672259391 4.331793567009786 0
-11.86459172101692 4.319757050966691 0
-12.96458440419877 4.315744879216172 0
-20.12491696086837 7.147586432629026 0
-20.67146696786595 6.19302061338081 0
-20.11802554139255 5.242388225274488 0
-21.21803371417309 5.23838181881556 0
-20.66459803278725 4.287745953911866 0
-21.76459427575562 4.283771116018234 0
-21.21116084298578 3.333133005898669 0
-21.77146746988289 6.189019988441723 0
-20.11116845960554 3.337100834681666 0
-20.657727971726 2.38249425741779 0
-21.75772103716879 2.378524941461174 0
-21.20428744841271 1.427887702263389 0
-20.1042946027791 1.431856571681711 0
-20.65085392270348 0.4772503383495835 0
-21.75084677648689 0.4732814545173861 0
-21.197413223828 -0.4773558562300818 0
-19.55086108675532 0.4812191865111364 0
-19.00430179775346 1.435825356761997 0
-12.42499074153664 7.169789911038724 0
-13.52498640052995 7.166593671082483 0
-14.07152332743674 6.21614093103628 0
-14.62497913332709 7.16259091551923 0
-10.22499904452041 7.176078474717805 0
22.22943120654378 0.6222079464205821 0
21.69233423427331 1.582356807385995 0
22.2805455507814 -7.015339223993192 0
1.874951846951687 7.211609279188567 0
22.97197245264411 1.582336045772438 0
22.24213073525834 2.538891168696874 0
-15.12291190496368 -7.113362357279767 0
-16.22291089488839 -7.115645130628561 0
-16.77634508298679 -6.175117771183062 0
-14.02292204661817 -7.108575589531942 0
-17.32290913086029 -7.11813456782873 0
-17.87633991704728 -6.178539882512451 0
-18.4229030978118 -7.121794607259474 0
-18.97633317249539 -6.182395022314961 0
-19.52285496648823 -7.136996543671629 0
-20.07631914846228 -6.188245983026565 0
-19.52979631616197 -5.233929116423535 0
-20.62978769230095 -5.238299557685064 0
-21.17630917307557 -6.192986962618239 0
-21.72977971437245 -5.242492909169767 0
-21.18325794195929 -4.287885460432825 0
-22.28325050243021 -4.291931203134231 0
-21.73672872417431 -3.337325356249905 0
-20.63673604125513 -3.333313184236145 0
4.074942271838155 7.21824661491164 0
-22.27611774982541 -0.4881617523389936 0
6.274932491339453 7.22494025983032 0
8.474922502747413 7.231690956430059 0
18.37487309450501 7.263291746422233 0
10.67491230330602 7.238499460307669 0
12.87490189021038 7.245366540462052 0
-21.74042450490068 -1.433089840423136 0
-20.64335088382958 -1.428193736838883 0
-22.99719072077842 -1.496653817743898 0
15.11677218054955 -4.155381194924662 0
17.32343544813492 -6.052758071854333 0
17.87688432290982 -6.997311945762058 0
17.28173973345061 5.3787012167784 0
16.72826874910053 6.329316738155242 0
22.23196131071628 -3.194897475440865 0
22.80892142340807 -4.163036911924964 0
-22.24574431245977 -6.179359792004914 0
-21.71778311390853 -7.132291828153254 0
-22.96620833439024 -7.046621146591937 0
-22.26982086481949 -8.129615373210457 0
-18.96937380243509 -8.090402963140582 0
-20.06936648535427 -8.094415135154298 0
-16.64110751139327 -8.073263949409204 0
-14.42432382195388 -8.070260188134728 0
-23.04682441507932 0.4779719476203723 0
22.8247550774519 -6.065622286305807 0
18.77488668149276 8.192260873432646 0
20.02129751207698 8.246596468974241 0
15.15589807609391 -7.997844960551367 0
16.25398835136055 -7.964872881188549 0
-22.83672140709349 -3.341337528263662 0
-23.35234741523235 -4.263949065810994 0
20.63322423674388 -7.963001189691465 0
19.53610476689528 -7.97910404871717 0
14.04122848003119 -7.972586475409729 0
20.09487970860993 -8.97530452963985 0
21.75704449585934 -8.053018337624056 0
22.8367722720871 -8.020580682572527 0
-12.99569609866546 8.112166733313618 0
-19.57292688983528 8.102357261343311 0
16.82973559138223 -8.947439035105104 0
-16.8253939326312 7.156629401601975 0
-18.45085099777853 0.4851978296029963 0
-18.99737082931578 -0.4694264487219214 0
-17.90429969374942 1.439841023050979 0
-18.45774251699586 2.390431510230581 0
-15.7249883977274 7.160080899383655 0
-19.01802904360697 5.246387030013862 0
-19.56460260716106 4.291722455676514 0
-18.46458226725706 4.295710594107934 0
-21.22490473369579 7.1427580783322 0
-22.32007047020012 7.140919037816819 0
-22.87782834717223 6.199661697587485 0
-21.77834321827992 8.094255673630187 0
-15.17151777516071 6.211423471625644 0
-15.18838967611674 8.108271105557568 0
-22.31908903383153 5.236845308717569 0
-22.83264935461259 4.298903506266138 0
-23.38777134968464 5.254884307501582 0
-23.96650285391324 4.251453430046035 0
-16.80426195280629 1.44387324061235 0
-22.27371568909042 3.351043681030703 0
-23.01866271645104 2.457268017740667 0
-17.89727897178462 -0.465386659347834 0
-19.54377411581574 -1.424056824060791 0
-14.61110188334565 3.357105022194876 0
-15.71804359709884 5.25809514463939 0
-14.06457781332816 4.311732682731565 0
16.21656202834188 -4.151487118321029 0
16.77908344676715 -7.003918103390168 0
15.66307915057104 -3.200878521573801 0
14.56308448541126 -3.204891847715428 0
14.0095679399988 -2.254302853069896 0
14.556082045067 -1.29967958076505 0
13.45608961526501 -1.303691605432215 0
12.90956795887477 -2.258319274292522 0
12.3560951604915 -1.3077048091143 0
-14.05763070078314 2.406490133993128 0
-14.59720373960303 -0.453379716350602 0
-14.04373018502437 -1.403996455476991 0
-13.49720890602559 -0.4493686206370513 0
-12.94373696202745 -1.399984570178086 0
-11.84374395991385 -1.395972549839342 0
-12.39026564789007 -2.350600246755214 0
-11.29027290966134 -2.346588100800494 0
-19.55773678126411 2.386461993145749 0
-14.59025148055488 -2.358624337460165 0
-20.09736582737771 -0.4734016616135955 0
-18.42980233714652 -5.230272287760651 0
21.68171046512726 5.394749904843746 0
22.23518144947736 4.444134383466899 0
22.20026527992095 6.365388561390821 0
21.67019525579062 7.276554702525885 0
22.74770994829915 7.311808078879154 0
22.08271487362959 8.204683717747404 0
-18.98327112802698 -4.279771738780525 0
22.78352486378185 5.394172141516364 0
23.34726248724701 4.352804598292733 0
17.86300786092458 -3.192887163678442 0
19.49562367085089 1.576239131271063 0
21.68865975090827 3.489506690073725 0
15.62827606618138 6.325304566138947 0
15.07489126060567 7.252292979592661 0
16.17489830665392 7.252367300288449 0
-16.22981730316899 -5.222171408922469 0
-10.76459903809774 4.323769222978134 0
-9.664606355178558 4.327781394993636 0
-9.111135370828485 3.377165873616678 0
-11.27637430815932 -6.157074544057812 0
-10.72293400189319 -7.099279158822669 0
-9.622942544210982 -7.094931057001049 0
-10.0417172382659 -8.062307795953082 0
-11.82293179802369 -7.101889512955374 0
22.80255100538938 -0.3169675674499753 0
23.3595289749026 -1.209040899645375 0
22.80371484945112 -2.214700008437246 0
-5.825019170979767 7.189620793803731 0
-5.321091469937714 8.139336301079123 0
-4.240858937274456 8.146041825705559 0
9.574940430930344 7.228781788757958 0
10.02825412248841 8.153654036592837 0
11.80262417618226 -0.3570892876528958 0
0.7749637289523486 7.206345570998309 0
1.257230751201836 8.137348138031721 0
20.58866706798909 3.485494518057396 0
-20.08326541300671 -4.283750011630083 0
-19.53679278509073 -3.329233304891596 0
-10.74375120287179 -1.391960411348993 0
-10.19028020517042 -2.342575938720052 0
-2.525032413552472 7.199269707076704 0
-2.031965277270526 8.147996712575123 0
-0.955717425323138 8.15590277051832 0
-7.464620989340213 4.33580573902611 0
12.33524730320483 4.408024835319937 0
13.435239986124 4.412037007336258 0
13.98871097047408 3.461421485959422 0
5.735291205689817 4.383951803222011 0
-11.83679459812238 -3.301215798631444 0
9.623486667687075 -6.080843276013522 0
10.17698419844373 -7.038736864073112 0
9.076995939926023 -7.043962047200431 0
11.26734417570325 -7.023157604088409 0
10.76671153222361 -8.017963130638273 0
11.85755955532054 -7.951553276080489 0
12.45171823795745 -8.959335203556474 0
12.96017191159904 -7.974399143976333 0
20.609514925332 -2.230235126252649 0
-9.076394259247568 -6.147592394126442 0
-8.522950951706928 -7.090619929004416 0
-7.422953477617805 -7.087921320872644 0
-7.969446973243275 -8.050281243003308 0
-1.37644016150471 -6.120964996150729 0
-0.8229808097774605 -7.068391273028846 0
0.2770146986053412 -7.065153741109691 0
-1.922975431466736 -7.071871904292552 0
-0.2694981928090406 -8.022196038907161 0
5.223515936010362 -6.09689196406846 0
4.676994237439023 -7.051519657460338 0
3.576999638779386 -7.055006602619585 0
5.776986920358203 -7.047507485446606 0
4.150878908892331 -8.030911423268066 0
18.97785120833283 -7.003205664315748 0
18.44292435584723 -7.993017059471772 0
-6.364628306421034 4.339817911042439 0
-5.811157322070962 3.389202389665621 0
-11.85764243523591 2.414513836190913 0
-2.497280701751606 -0.4092475238253094 0
-3.043802400318427 -1.363875217221438 0
-1.943809717397714 -1.359863045210937 0
-4.143795083239453 -1.367887389235302 0
-3.590324098889579 -2.318502910618106 0
-4.690316781811376 -2.322515082635564 0
-1.397288018831739 -0.4052353518104771 0
-0.843817034480409 -1.355850873192884 0
0.256175648436867 -1.351838701170924 0
-0.290346050133611 -2.30646639458089 0
0.8096466327850937 -2.302454222557103 0
4.642247808551705 2.474696416435003 0
7.963073714643565 -3.228996711879095 0
8.509595413214907 -2.274369018487219 0
9.609588096134082 -2.270356846473481 0
7.409602730296254 -2.278381190492117 0
9.056117111786374 -1.319741325086073 0
10.15610979470036 -1.315729153078316 0
9.602638810356709 -0.3651136316874633 0
10.70958077904047 -2.266344674466822 0
-3.036853114542599 -3.269118432006508 0
-2.490331415969409 -2.314490738610665 0
-4.164642940582708 4.347842255075101 0
0.2422770768749585 2.458647728370446 0
-7.436823846227155 -3.285167120070134 0
-6.890302147654038 -2.330539426679263 0
-5.790309464734412 -2.326527254665784 0
-6.343780449082407 -1.375911733277128 0
-7.4437731320397 -1.379923905279453 0
-7.990294830580211 -2.334551598688998 0
-8.54376581496494 -1.383936077292974 0
-0.3378871868028466 7.199714404595369 0
-0.8368677487098607 -3.261094087988979 0
2.463110300048474 -3.249057571946379 0
3.009631998619491 -2.294429878555505 0
4.109624681538104 -2.290417706542188 0
3.556153697191114 -1.339802185160088 0
4.656146380112141 -1.335790013145934 0
5.20266807869227 -0.3811623197540613 0
5.756139063031446 -1.33177784113433 0
2.456161014271602 -1.34381435717435 0
-11.29722224875543 -0.4413448651269965 0
-3.057700971882615 2.446611212321506 0
6.842233174390093 2.482720760467924 0
3.002682712843569 -0.3891866637697449 0
-1.957708288963376 2.450623384337812 0
2.442262442713293 2.466672072402819 0
0.8235437364741558 -6.112538218055801 0
1.377007607791875 -7.061203603433786 0
4.663095665885881 -3.241033227920451 0
6.323508618929542 -6.092879792054726 0
10.13526193736649 4.400000491287303 0
-0.8646648918251938 4.359878771124079 0
-4.676418210262341 -6.133001512192004 0
-4.122965646640722 -7.078566735609094 0
-6.897251433521706 -0.4252962118589658 0
11.24220390606663 2.498769448533163 0
17.29563830501256 1.568214787238407 0
17.84910928936263 0.6175992658615694 0
17.30258759079282 -0.3370284275319833 0
16.74911660644305 0.6135870938450643 0
-3.022959875014731 -7.078143014354579 0
-3.56947624156657 -8.034232554948366 0
-2.469483558647392 -8.03022038293463 0
-3.635403762106115 7.191133787212476 0
17.83521071780068 4.428085695401565 0
1.335320474013137 4.367903115156715 0
6.863081031724869 -3.233008883891614 0
2.97496502642902 7.210002035109523 0
3.449988501503248 8.14101463866966 0
-6.925005733456743 7.183930617553758 0
-7.52070951386017 8.136038071666079 0
-8.617254495821683 8.130226131841519 0
0.8026973470060081 -0.3972110077763892 0
0.2631249342111391 -3.257081915967054 0
8.523499146569613 -6.086270627659766 0
7.976978308298564 -7.041134184323731 0
8.542859937193246 -8.009593828600085 0
7.449682321552441 -8.023493209407635 0
8.073667445353145 -9.0234747105478 0
9.674642757954725 -8.028799761346757 0
6.880185895948919 -7.048667549683074 0
6.33045790470605 -7.998123006824764 0
5.247327733280303 -8.015406142370997 0
4.791989764743358 -9.028553062654193 0
3.535305839851479 4.375927459189366 0
-2.476435994992259 -6.124113396088962 0
9.042218540228287 2.490745104500616 0
7.374948906140734 7.222446006756212 0
7.835499448253342 8.149371174000926 0
-3.064650257663534 4.351854427091433 0
-9.097236801523955 -0.4333205550160845 0
-5.243787766162491 -1.37189956125772 0
10.16305908047871 -3.2209723678541 0
3.02353025088193 -6.104828770286852 0
2.47700515320685 -7.058524552178096 0
1.965501650038445 -8.026703664341637 0
5.174957103434001 7.216186419595339 0
5.642744238932281 8.145158340008589 0
-4.697266067593344 -0.4172718678585788 0
15.08870365339325 3.465433657975757 0
20.57410273290807 7.265967633802579 0
7.935276571528155 4.391976147254658 0
-13.47636645712625 -6.163240387090513 0
-5.236838480386579 -3.277142776043925 0
-5.222961399680987 -7.081737191295973 0
-6.322963577977622 -7.083146073791565 0
-5.769461607404912 -8.042256898975833 0
-6.876406144005477 -6.140321829574822 0
-11.32498992021737 7.171570827632971 0
-10.80293620185189 8.115706249745028 0
20.59507055336741 1.5799335253011 0
-9.131458806803105 7.176821393212333 0
-9.636809213574098 -3.293191463402452 0
11.81226042333131 -6.066602062701467 0
13.97492263196152 7.241685993987689 0
14.41376183716827 8.162433509385794 0
11.77493167412 7.235194775296681 0
12.22100825453595 8.158007839268034 0
-15.69024589174745 -2.362635533176475 0
-17.88327788472036 -4.275837940695911 0
21.17008316790072 -5.086690560229156 0
22.26907185642221 -5.094195836097909 0
7.956124428867672 -1.323753497080332 0
14.54218195482413 2.5108059645826 0
13.44218927190497 2.506793792566257 0
14.01681052228079 -4.159375303650598 0
-12.92293692916528 -7.102489114566937 0
-12.23302297908945 -8.065640411945557 0
21.14150128520274 2.534508255696553 0
22.7847548783 3.467509724030853 0
18.40258027371247 -0.3330162555154557 0
18.94910197228176 0.6216114378778639 0
20.04900368846717 0.6255706468965028 0
-17.32981078054633 -5.225890372332065 0
17.31649758717874 -4.14750820528033 0
21.70337382098381 -2.227980991910472 0
-22.78674958814313 -5.219170129022646 0
18.41648074941267 -4.143501576423869 0
17.82827642600573 6.329218100647809 0
11.78872560463574 3.453397141926701 0
-20.6220443214616 -7.128046269359786 0
18.38173491536744 5.382028253874108 0
10.68873292171656 3.449384969910272 0
9.588740238797389 3.445372797893949 0
12.88871828755491 3.457409313943085 0
8.488747555878231 3.441360625877723 0
7.388754872959083 3.437348453861409 0
6.288762190039941 3.433336281845001 0
5.188769507120769 3.429324109828619 0
4.088776824201574 3.42531193781231 0
-0.3111939074751098 3.409263249747257 0
1.888791458363213 3.417287593779859 0
2.988784141282388 3.421299765796057 0
-4.711164639151836 3.39321456168197 0
0.788798775444049 3.413275421763573 0
-1.411186590394286 3.405251077730942 0
-2.511179273313464 3.40123890571462 0
-3.611171956232687 3.397226733698312 0
-8.011142687916243 3.381178045635776 0
-5.25768633772222 2.438586868289348 0
-12.41111348142479 3.365129382030722 0
-6.357679020648296 2.434574696275811 0
-8.557664386685651 2.426550352323583 0
-6.911150004999605 3.385190217653119 0
-9.657657070586897 2.42253818070456 0
17.2749146615535 7.249889470087597 0
16.72131946331965 8.234559952925226 0
-10.21112805408834 3.373153701738336 0
23.37277161535207 -5.138596584933523 0
-11.31112074717254 3.369141533742962 0
-14.03678007163286 -3.30924008295216 0
-13.49025860168911 -2.354612278620356 0
8.502646127438572 -0.3691258036776084 0
5.209617364458616 -2.286405534527616 0
6.85613174594954 -1.327765669084743 0
14.00261009044746 -0.34906462429226 0
1.356168331354191 -1.347826529159639 0
6.309610047377687 -2.282393362506214 0
1.909639315701937 -2.298442050560788 0
-9.090287515212518 -2.338563769918176 0
6.302660761604148 -0.3771501477083394 0
-9.643758504675885 -1.387948246293577 0
-1.390338733050182 -2.31047856660079 0
13.46309846392569 -3.208900141297005 0
12.36305497109093 -3.212941896055374 0
11.25610247760341 -1.311716981074181 0
16.22446279405917 -6.055808956739257 0
16.77017111577878 -5.101960999102833 0
11.80957551841595 -2.262331305141478 0
-13.51110695451792 3.361117280500494 0
-13.51805500226545 5.26622123120049 0
-14.61804809057096 5.261888973668256 0
-22.36376925637322 1.439147328354349 0
-23.3635374202726 1.506456406111496 0
-19.01115157751042 3.341082648962957 0
-22.29053189302641 -2.386543942714838 0
-21.18972552840658 -2.382838183780269 0
-18.99031169126259 -2.374646024048909 0
-20.09011517427672 -2.378713542976099 0
-17.35776666837099 2.394441283446293 0
3.059661362600975 -8.031183956618328 0
-22.28260869565213 9.058668039364738 0
14.63995422568665 -8.988614701516923 0
22.28225949434193 -9.026276745227072 0
23.98200110926003 -8.197739726422896 0
-16.83964073112602 9.053374053579361 0
-20.10869565217389 9.058668039364758 0
10.27009724968272 -9.005006131477336 0
1.607311525075457 -9.049221726312645 0
-20.67553074284581 8.095020400501676 0
-22.8456712061486 8.112126364245468 0
-24.00752971645444 8.245590598502718 0
0.8529307141408534 -8.0173773765204 0
-0.5674310558214569 -9.055765900878001 0
-16.28295487227959 8.105349130222226 0
-23.91642370653209 -5.242825410401773 0
-14.65534178059992 9.05445684842833 0
19.00640765045895 -8.990324013388527 0
23.98410169879566 -4.207082310817664 0
24.0601430739768 -2.120650676863972 0
24.08839431180586 1.05263157894737 0
-24.07996020158077 -1.046441696395637 0
24.08839431180588 2.105263157894735 0
24.0576674141088 5.279285543182183 0
-24.04613984021596 -2.08144761443112 0
23.97079937393295 7.352006917917548 0
-24.06008277553886 -7.442314893998636 0
-1.346368937209945 -8.018555679670996 0
-2.743603351043629 -9.063830719816831 0
-14.08868713306929 8.107350875206194 0
-3.832833009557957 -9.064997869348902 0
-23.39205255112062 7.213174695736646 0
-12.4710578891203 9.056154603781781 0
-4.669579448843534 -8.007942939195527 0
-6.019716796566855 -9.064531891713482 0
-11.90075165072121 8.115392958212535 0
17.3506124797998 -7.98351291123667 0
-6.841486630985335 -8.023380593317857 0
-10.28675291899927 9.057826893249072 0
-8.196798521097492 -9.06948035669218 0
-8.999480014150556 -8.041256347010595 0
-9.710938395359303 8.121341157125599 0
-10.40455748242235 -9.051052280165091 0
-8.118293021872056 9.074065483496174 0
-11.15300819042589 -8.055628900376375 0
-12.58364756617071 -9.053464677006398 0
-7.012676316050471 9.062986260720201 0
-13.34534400582417 -8.05860096938933 0
-14.82374625412839 -9.033231624341949 0
-6.422136040030487 8.131638310968441 0
13.51668086257692 -6.994543669929877 0
-15.52479144054477 -8.076686115251309 0
-4.859089452337085 9.090995716386589 0
-17.03608185876216 -9.034048040814326 0
12.38958027416261 -7.013177086124813 0
-17.82534722389109 -8.042012822657147 0
-3.740219980650656 9.068162223336564 0
-19.09200363286532 -9.099719870891841 0
-20.11488271929609 -9.250560609082177 0
-24.12550113084283 2.078061252900524 0
-3.137979995280846 8.139488827711586 0
-21.17493339189139 -7.908607329048507 0
-22.27021592334047 -9.242341305527768 0
23.35061297168479 -7.123095275546776 0
24.13899862581097 8.435369073638645 0
-24.14505544531003 -8.421052631578933 0
-1.590413524734756 9.099649686901133 0
-0.4653036115619307 9.072035827239461 0
0.1488001081814025 8.143660797070044 0
1.726917754551126 9.068020285039157 0
2.347696225438208 8.143789437546596 0
3.9112206734514 9.069947168351096 0
6.974825882793255 -9.009146583843474 0
4.539764189632971 8.148227292938644 0
6.095522983469619 9.07199115063295 0
6.731831514672571 8.152788203912218 0
8.279824928463416 9.074084707606687 0
8.923898485991801 8.157393214649817 0
10.46412650360308 9.076228484111908 0
3.710091631885265 -9.02177438072377 0
23.2233082792877 2.604189319789538 0
11.11596509890665 8.162042896859738 0
12.64842770397332 9.078423136213882 0
13.30803134865003 8.166737832166909 0
23.21651663759594 0.561881767002818 0
14.83272852457137 9.080669331448702 0
15.54854740902819 8.15639223404543 0
-23.35231132134481 -8.012605432088719 0
16.84990556842688 9.282303072908421 0
17.81615530191332 7.999734016446489 0
-23.27631596621228 -0.5227343079742137 0
19.14719011921816 9.117145444241997 0
20.11630622191121 9.284481990516197 0
21.10879250966366 8.010494112482972 0
22.34361480831945 9.153541024980075 0
24.26093935267541 4.255073342398513 0
-24.24665721067362 1.05263157894736 0
24.27611598033942 -1.116006106177136 0
-23.22869374327891 -2.511295219479337 0
23.20662252571468 6.421188274977057 0
24.25942002703454 -5.26315789473684 0
23.11793980493772 8.271468364795886 0
24.22669961446703 -7.253174283392172 0
-23.18371161269539 -6.020565687664906 0
-24.24833119540894 -4.235664060406973 0
23.22451995529936 -3.254968889700927 0
-23.22439023786708 3.488694172226218 0
-24.28698012905827 5.260277311356453 0
-24.27074045609206 7.316540435579446 0
-24.1987411495473 9.207497732152435 0
24.1987411495473 -9.207497732152435 0
24.23031420166145 9.240100340313756 0
-24.24685334903238 -9.25404658420052 0
23.96090785281767 -0.1450757964816152 5
-24.07592669157554 -0.009500531868804988 5
4.984732348638744 9.098810576095556 5
-1.630434782608761 -9.058668039364749 5
-5.928314035898063 9.077917820987764 5
9.158217983420105 -9.003874658203905 5
13.71516577405075 9.114509973684019 5
-13.58695652173916 -9.058668039364743 5
-9.239130434782652 -9.058668039364745 5
0.6195143926221458 9.090618071037088 5
2.649324102901181 -9.039997841802045 5
-11.38483905293562 9.066969423763096 5
9.349949483067896 9.106776624510445 5
13.56072776438722 -8.984272209607646 5
-15.74999826551105 9.057981395001697 5
17.93478260869567 9.058668039364745 5
-18.09635534979191 -9.057927813821024 5
17.92105881053182 -8.994518442502372 5
-19.02377655716392 9.055611852860391 5
-4.891304347826141 -9.058668039364749 5
-2.654399600830853 9.084328710363099 5
5.864712842539387 -9.009788576280663 5
24.27073124156445 -3.182551849986297 5
-24.0304205752681 3.084802226047549 5
23.95399816180695 3.311317992156815 5
-23.97288485528024 -3.250493194243167 5
21.19365569252763 -9.026700043399586 5
21.19565217391305 9.058668039364743 5
-21.19565217391305 -9.058668039364743 5
-24.03625608413988 6.254906229535103 5
24.26744243351499 6.342522688782687 5
-24.00343212195173 -6.414851960303263 5
23.99290952571155 -6.18030522450618 5
-9.202228904159462 9.071387799987843 5
15.73404494665122 -8.976984563532804 5
-13.56744938820994 9.0625032415678 5
11.36883731145464 -8.979399238675084 5
-21.19565217391302 9.058668039364738 5
7.167341019899991 9.102822292244307 5
-7.065217391304396 -9.058668039364742 5
0.5434782608694935 -9.058668039364742 5
11.53255773538644 9.110672785581304 5
-11.41304347826091 -9.058668039364743 5
15.89777359620599 9.118287372252135 5
-15.91374825594102 -9.054353441713662 5
2.802123471992334 9.094742249240962 5
23.42380119963421 9.171401375612497 5
-23.32038918666542 -9.023423115063636 5
23.3408671142732 -9.057361407766265 5
-23.34021155729412 9.083279382513227 5
-17.93308475308796 9.055102488442998 5
-18.47721512584628 8.106400534966006 5
-17.38103724439288 8.106135151809351 5
-17.92520321779568 7.155003754505171 5
-19.02462595123085 7.152860526115818 5
-18.47147708236666 6.2010610480097 5
-17.37150488380403 6.204938892221807 5
-17.91803303801912 5.250328491741575 5
-16.818034756762 5.254326628784137 5
-17.36456674325161 4.299693653179602 5
-16.26456301633593 4.303708370930602 5
-16.81112528726015 3.34907498565328 5
-15.71109841863277 3.353091895681044 5
-16.2576684802467 2.39847299642383 5
-15.15763086128575 2.40247847057941 5
-15.70418344763024 1.447868482728411 5
-14.60415810670491 1.4518651331875 5
-15.1506795102343 0.4972378037731763 5
-14.05068133514064 0.501247449525548 5
-13.50415872121059 1.455874721894145 5
-12.95068661976313 0.5052587699462143 5
-12.40416445426636 1.459886270375643 5
-11.85069333409665 0.5092706961074925 5
-11.30417145088582 1.463898314814067 5
-10.75070049730937 0.5132828058849923 5
-10.20417877309559 1.46791048890501 5
-9.650707789600332 0.5172949678718612 5
-9.104186085992444 1.471922659228758 5
-8.550715101852191 0.5213071379345133 5
-8.004193402378288 1.475934830963829 5
-7.450722418012369 0.5253193095804373 5
-6.904200719209149 1.479947002879363 5
-6.350729734898096 0.5293314815182291 5
-5.804208036296484 1.483959174898288 5
-5.250737051947494 0.5333436535218975 5
-4.704215353372009 1.487971346912485 5
-4.150744369022203 0.537355825535756 5
-3.60422267045196 1.491983518928456 5
-3.050751686101868 0.5413679975516077 5
-2.504229987532474 1.495995690944651 5
-1.950759003182451 0.5453801695678298 5
-1.404237304613313 1.500007862960975 5
-0.8507663202632424 0.5493923415841351 5
-0.3042446216941371 1.504020034977294 5
0.2492263626559344 0.5534045136004527 5
0.7957480612250334 1.508032206993614 5
1.349219045575105 0.5574166856167725 5
1.895740744144203 1.512044379009934 5
2.449211728494299 0.5614288576262643 5
2.995733427063376 1.516056551025116 5
3.549204411413472 0.5654410296412561 5
4.095726109982547 1.520068723041024 5
4.649197094334214 0.5694532016569553 5
5.195718792901978 1.524080895057171 5
5.749189777254474 0.5734653736735014 5
6.295711475821372 1.5280930670735 5
6.849182460170949 0.5774775456983703 5
7.395704158740131 1.532105239091245 5
7.949175143089963 0.5814897177147339 5
8.495696841659203 1.536117411107807 5
9.049167826008794 0.5855018897214961 5
9.595689524578299 1.540129583122573 5
10.14916050892806 0.5895140617358683 5
10.69568220749747 1.544141755138307 5
11.24915319184754 0.5935262337613674 5
11.79567489041672 1.548153927156799 5
12.34914587476678 0.5975384057795796 5
12.89566757333589 1.552166099173055 5
13.44913855768562 0.6015505777963976 5
13.995660256255 1.556178271189444 5
14.54913124060473 0.6055627498128116 5
15.09565293917415 1.560190443205793 5
15.64912392352421 0.6095749218289576 5
7.402653444520434 -0.3731379756864581 5
4.1026753957639 -0.3851744917500827 5
-3.597273384670962 -0.4132596958415549 5
15.10260222494553 -0.3450527715686231 5
10.70263149327245 -0.3611014596640246 5
-0.2972953359131628 -0.4012231797927091 5
-7.997244116580205 -0.4293083838213304 5
-12.39721501002922 -0.4453570061009491 5
-16.25070246061054 0.4932430486108775 5
-15.69720071203344 -0.457389452410379 5
16.20259490787274 -0.3410405995486475 5
16.19564562209339 1.564202615222083 5
-16.79721033628969 -0.4613918052878836 5
15.65607320929413 -1.29566829294655 5
16.75606589222231 -1.291656120925795 5
-16.24372002399431 -1.412018266352185 5
-17.34372933327728 -1.41602087885589 5
-7.457671703600887 2.43056252427296 5
-4.157693654801973 2.442599040305245 5
-0.8577156060442076 2.454635556354134 5
16.20954419365173 -2.246283814330989 5
17.30953687657355 -2.242271642303951 5
-16.7902408745333 -2.366646376531731 5
-17.9110768327789 3.345068505935298 5
15.109551510719 -2.250295986374653 5
-10.75764975317156 2.418526008552979 5
3.542255125632468 2.470684244418957 5
7.942225857309154 2.486732932484629 5
12.34219658898582 2.502781620549938 5
-17.89022363889648 -2.37066421543974 5
17.85605857514309 -1.287643948908997 5
15.64217463774331 2.514818136598925 5
16.74216732066249 2.518830308615247 5
-15.16457102813586 4.307720380776173 5
18.40952955949344 -2.238259470285759 5
16.76301517800541 -3.196899335694766 5
-18.44375847597794 -1.42006380860712 5
-17.33675799249752 -3.321276668194935 5
-16.23676607301287 -3.317264063136001 5
-18.4367400085413 -3.325294949075503 5
16.18869633631241 3.469445829992085 5
17.28868901923158 3.473458002008411 5
17.84216000358166 2.522842480631575 5
18.38868170215075 3.47747017402474 5
18.94215268650083 2.5268546526479 5
18.95605125806264 -1.283631776892278 5
19.48867438506992 3.481482346041068 5
-19.57142638404668 6.19718898449308 5
-16.78328713538879 -4.271892117398882 5
-15.68329447367612 -4.267879933356131 5
19.50952224241279 -2.234247298269055 5
18.96300054384371 -3.188874991662209 5
5.742240491470932 2.478708588451472 5
1.342269759794125 2.462659900386766 5
1.902690029924811 -0.3931988357655275 5
-10.19722948831169 -0.4373327254651798 5
-5.797258750517463 -0.4212840398745503 5
10.14221122314745 2.494757276516691 5
18.93520340071984 4.432097867417905 5
16.73521803488151 4.424073523385244 5
15.63522535196234 4.420061351368921 5
20.04214536941999 2.530866824664229 5
20.03519608363901 4.436110039434236 5
20.06299322676293 -3.184862819645786 5
19.51647152819383 -4.139490513038954 5
20.05604394098191 -1.279619604875825 5
19.48172509928893 5.38672556081107 5
20.616464211113 -4.135478341022631 5
20.06994251254391 -5.090106034415795 5
18.96994982962474 -5.094118206432105 5
-15.13677277863915 -3.313252237959434 5
-14.58330169238227 -4.263867817143768 5
-15.12982337396878 -5.218495520169999 5
-14.02983067182301 -5.214483359062227 5
-13.48330897004723 -4.259855667488019 5
-12.9298379791301 -5.21047119259249 5
-12.38331627892979 -4.255843500124614 5
-11.82984529321559 -5.206459022277817 5
-11.28332359414501 -4.251831329169114 5
-10.72985260948625 -5.202446850723634 5
-10.18333091077988 -4.24781915740835 5
-9.629859926357714 -5.198434678828654 5
-9.083338227751479 -4.243806985456571 5
-8.529867243385439 -5.194422506845037 5
-7.98334554480525 -4.239794813458179 5
-7.429874560452903 -5.190410334838877 5
-6.883352861879338 -4.235782641448264 5
-6.329881877530376 -5.18639816282704 5
-5.783360178958478 -4.231770469435481 5
-5.229889194610359 -5.182385990813779 5
-4.68336749603888 -4.227758297421982 5
-4.129896511690971 -5.178373818800162 5
-3.583374813119609 -4.223746125404492 5
-3.029903828771743 -5.174361646785821 5
-2.483382130200408 -4.21973395339003 5
-1.929911145852553 -5.170349474771864 5
-1.383389447281209 -4.215721781379951 5
-0.8299184629333668 -5.166337302758999 5
-0.2833967643620255 -4.211709609366969 5
0.2700742199858127 -5.162325130745238 5
0.8165959185571531 -4.207697437353355 5
1.370066902904991 -5.158312958731525 5
1.916588601476331 -4.203685265339644 5
2.470059585824169 -5.154300786717791 5
3.01658128439551 -4.199673093325913 5
3.570052268743347 -5.150288614704056 5
4.116573967314688 -4.195660921312177 5
4.670044951662524 -5.146276442690318 5
5.216566650233865 -4.191648749298441 5
5.770037634581702 -5.142264270676582 5
6.316559333153045 -4.187636577284706 5
6.870030317500882 -5.138252098662848 5
7.416552016072223 -4.183624405270971 5
7.97002300042006 -5.134239926649116 5
8.516544698991403 -4.179612233257237 5
9.070015683339239 -5.13022775463538 5
9.616537381910581 -4.175600061243502 5
10.17000836625842 -5.126215582621642 5
10.71653006482976 -4.171587889229764 5
11.2700010491776 -5.122203410607904 5
11.81652274774895 -4.167575717219456 5
12.36999373209678 -5.11819123859474 5
16.18174705053143 5.374689044762087 5
15.08175436761226 5.37067687274576 5
20.5817177822081 5.390737732827408 5
19.5234208139748 -6.044733727808951 5
18.42342813105563 -6.048745899825251 5
20.62341349689397 -6.040721555792641 5
-17.3507455888374 0.48922845549523 5
-12.95763548897328 2.410501810647123 5
9.063066397562743 -3.22498453986536 5
5.763088348805404 -3.237021055906867 5
-1.936860431623574 -3.265106259996084 5
12.90261685911687 -0.3530771155968817 5
-16.27152693265379 6.209043787629153 5
7.42350130184872 -6.088867620040991 5
4.123523253091182 -6.100904136082197 5
-3.57642552734308 -6.12898934017823 5
21.13518876655818 4.440122211450572 5
-14.57635236435913 -6.169111055877485 5
-15.67634504627243 -6.173123228461774 5
-12.37636699155921 -6.161086715798864 5
21.1629859096821 -3.180850647629474 5
21.71645689403217 -4.131466169006335 5
-10.17638162491667 -6.153062372227557 5
-7.97639625902349 -6.145038028231181 5
-5.776410893181652 -6.137013684205682 5
-0.2764474785855297 -6.116952824137137 5
1.923537887252829 -6.108928480109669 5
10.72347935060626 -6.076831103999782 5
20.028246797858 6.341353254204241 5
18.92825411493884 6.337341082187899 5
21.12823948077717 6.345365426220583 5
11.26305176339461 -3.216960195845671 5
12.91651543066815 -4.163563545208867 5
13.46998641501596 -5.114179066581633 5
12.92346471644461 -6.068806759972311 5
14.03238776855479 -6.05959511444338 5
14.5714674928003 -5.109300315647717 5
15.12518654295433 -6.059771407203169 5
3.56310298296685 -3.245045399934035 5
1.363117617130086 -3.253069743955028 5
-4.136845797465321 -3.273130604017273 5
-6.336831163306223 -3.281154948057394 5
-8.536816529151071 -3.289179292081185 5
-10.73680189510305 -3.297203636039704 5
-12.93678726300503 -3.305227978899524 5
18.39563098793173 1.572226959254737 5
14.53523266904317 4.416049179352591 5
13.98176168469309 5.366664700729427 5
14.52828338326219 6.321292394122604 5
13.42829070034302 6.317280222106271 5
12.88176900177392 5.362652528713102 5
12.32829801742385 6.313268050089943 5
11.78177631885475 5.358640356696779 5
11.22830533450468 6.309255878073619 5
10.68178363593558 5.354628184680458 5
10.12831265158551 6.305243706057299 5
9.581790953016416 5.350616012664136 5
9.028319968666342 6.301231534040975 5
8.481798270097247 5.346603840647812 5
7.928327285747173 6.29721936202465 5
7.381805587178079 5.342591668631487 5
6.828334602828004 6.293207190008327 5
6.281812904258908 5.338579496615163 5
5.728341919908836 6.289195017992003 5
5.18182022133974 5.33456732459884 5
4.628349236989667 6.28518284597568 5
4.08182753842057 5.330555152582519 5
3.528356554070499 6.281170673959359 5
2.981834855501401 5.326542980566196 5
2.42836387115133 6.277158501943036 5
1.881842172582233 5.322530808549875 5
1.328371188232161 6.273146329926715 5
0.7818494896630641 5.318518636533552 5
0.2283785053129911 6.269134157910392 5
-0.318143193256105 5.31450646451723 5
-0.8716141776061788 6.265121985894068 5
-1.418135876175274 5.310494292500906 5
-1.971606860525348 6.261109813877743 5
-2.518128559094443 5.30648212048458 5
-3.071599543444518 6.257097641861418 5
-3.618121242013611 5.302469948468254 5
-4.171592226363687 6.253085469845093 5
-4.71811392493278 5.298457776451929 5
-5.271584909282856 6.249073297828767 5
-5.81810660785195 5.294445604435603 5
-6.371577592202026 6.24506112581244 5
-6.91809929077112 5.290433432419273 5
-7.471570275121195 6.241048953796113 5
-8.018091973690289 5.286421260402948 5
-8.571562958040362 6.237036781779787 5
-9.118084656609458 5.282409088386624 5
-9.67155564095953 6.233024609763463 5
-10.21807733952863 5.2783969163703 5
-10.7715483238787 6.229012437747144 5
-11.3180700224478 5.274384744353981 5
-11.87154100679787 6.225000265730825 5
-12.4180627053671 5.270372572372795 5
-12.97153368971719 6.220988093755492 5
19.47477581350791 7.29196877558107 5
20.07689179832487 -6.995349249185796 5
21.18221148899952 -7.012818199037604 5
-1.425085161956253 7.215737507270907 5
-4.72506321071376 7.203700991221933 5
-8.025041259471267 7.191664475172951 5
14.58763655787967 -7.00917555544518 5
15.67899517243559 -7.010190343535712 5
15.67011169024756 -5.106073263970867 5
-15.14372411975019 -1.408007917619332 5
21.72429401443905 -6.04028957075435 5
19.50257295663186 -0.3290040834989487 5
20.60256563955103 -0.3249919114826124 5
21.1560366239011 -1.275607432859461 5
21.7025583224702 -0.320979739466291 5
22.25602930682027 -1.271595260843135 5
21.14908733812013 0.6296357819105516 5
17.86995714671041 -5.098130378451177 5
11.23525462028566 4.404012663303619 5
-1.964657574744366 4.355866599107754 5
9.03526925444732 4.395988319270979 5
6.835283888608986 4.387963975238332 5
-5.26463562350188 4.343830083058766 5
4.63529852277065 4.379939631205685 5
2.435313156932306 4.371915287173034 5
0.2353277910939707 4.3638909431404 5
-8.564613672259391 4.331793567009786 5
-11.86459172101692 4.319757050966691 5
-12.96458440419877 4.315744879216172 5
-20.12491696086837 7.147586432629026 5
-20.67146696786595 6.19302061338081 5
-20.11802554139255 5.242388225274488 5
-21.21803371417309 5.23838181881556 5
-20.66459803278725 4.287745953911866 5
-21.76459427575562 4.283771116018234 5
-21.21116084298578 3.333133005898669 5
-21.77146746988289 6.189019988441723 5
-20.11116845960554 3.337100834681666 5
-20.657727971726 2.38249425741779 5
-21.75772103716879 2.378524941461174 5
-21.20428744841271 1.427887702263389 5
-20.1042946027791 1.431856571681711 5
-20.65085392270348 0.4772503383495835 5
-21.75084677648689 0.4732814545173861 5
-21.197413223828 -0.4773558562300818 5
-19.55086108675532 0.4812191865111364 5
-19.00430179775346 1.435825356761997 5
-12.42499074153664 7.169789911038724 5
-13.52498640052995 7.166593671082483 5
-14.07152332743674 6.21614093103628 5
-14.62497913332709 7.16259091551923 5
-10.22499904452041 7.176078474717805 5
22.22943120654378 0.6222079464205821 5
21.69233423427331 1.582356807385995 5
22.2805455507814 -7.015339223993192 5
1.874951846951687 7.211609279188567 5
22.97197245264411 1.582336045772438 5
22.24213073525834 2.538891168696874 5
-15.12291190496368 -7.113362357279767 5
-16.22291089488839 -7.115645130628561 5
-16.77634508298679 -6.175117771183062 5
-14.02292204661817 -7.108575589531942 5
-17.32290913086029 -7.11813456782873 5
-17.87633991704728 -6.178539882512451 5
-18.4229030978118 -7.121794607259474 5
-18.97633317249539 -6.182395022314961 5
-19.52285496648823 -7.136996543671629 5
-20.07631914846228 -6.188245983026565 5
-19.52979631616197 -5.233929116423535 5
-20.62978769230095 -5.238299557685064 5
-21.17630917307557 -6.192986962618239 5
-21.72977971437245 -5.242492909169767 5
-21.18325794195929 -4.287885460432825 5
-22.28325050243021 -4.291931203134231 5
-21.73672872417431 -3.337325356249905 5
-20.63673604125513 -3.333313184236145 5
4.074942271838155 7.21824661491164 5
-22.27611774982541 -0.4881617523389936 5
6.274932491339453 7.22494025983032 5
8.474922502747413 7.231690956430059 5
18.37487309450501 7.263291746422233 5
10.67491230330602 7.238499460307669 5
12.87490189021038 7.245366540462052 5
-21.74042450490068 -1.433089840423136 5
-20.64335088382958 -1.428193736838883 5
-22.99719072077842 -1.496653817743898 5
15.11677218054955 -4.155381194924662 5
17.32343544813492 -6.052758071854333 5
17.87688432290982 -6.997311945762058 5
17.28173973345061 5.3787012167784 5
16.72826874910053 6.329316738155242 5
22.23196131071628 -3.194897475440865 5
22.80892142340807 -4.163036911924964 5
-22.24574431245977 -6.179359792004914 5
-21.71778311390853 -7.132291828153254 5
-22.96620833439024 -7.046621146591937 5
-22.26982086481949 -8.129615373210457 5
-18.96937380243509 -8.090402963140582 5
-20.06936648535427 -8.094415135154298 5
-16.64110751139327 -8.073263949409204 5
-14.42432382195388 -8.070260188134728 5
-23.04682441507932 0.4779719476203723 5
22.8247550774519 -6.065622286305807 5
18.77488668149276 8.192260873432646 5
20.02129751207698 8.246596468974241 5
15.15589807609391 -7.997844960551367 5
16.25398835136055 -7.964872881188549 5
-22.83672140709349 -3.341337528263662 5
-23.35234741523235 -4.263949065810994 5
20.63322423674388 -7.963001189691465 5
19.53610476689528 -7.97910404871717 5
14.04122848003119 -7.972586475409729 5
20.09487970860993 -8.97530452963985 5
21.75704449585934 -8.053018337624056 5
22.8367722720871 -8.020580682572527 5
-12.99569609866546 8.112166733313618 5
-19.57292688983528 8.102357261343311 5
16.82973559138223 -8.947439035105104 5
-16.8253939326312 7.156629401601975 5
-18.45085099777853 0.4851978296029963 5
-18.99737082931578 -0.4694264487219214 5
-17.90429969374942 1.439841023050979 5
-18.45774251699586 2.390431510230581 5
-15.7249883977274 7.160080899383655 5
-19.01802904360697 5.246387030013862 5
-19.56460260716106 4.291722455676514 5
-18.46458226725706 4.295710594107934 5
-21.22490473369579 7.1427580783322 5
-22.32007047020012 7.140919037816819 5
-22.87782834717223 6.199661697587485 5
-21.77834321827992 8.094255673630187 5
-15.17151777516071 6.211423471625644 5
-15.18838967611674 8.108271105557568 5
-22.31908903383153 5.236845308717569 5
-22.83264935461259 4.298903506266138 5
-23.38777134968464 5.254884307501582 5
-23.96650285391324 4.251453430046035 5
-16.80426195280629 1.44387324061235 5
-22.27371568909042 3.351043681030703 5
-23.01866271645104 2.457268017740667 5
-17.89727897178462 -0.465386659347834 5
-19.54377411581574 -1.424056824060791 5
-14.61110188334565 3.357105022194876 5
-15.71804359709884 5.25809514463939 5
-14.06457781332816 4.311732682731565 5
16.21656202834188 -4.151487118321029 5
16.77908344676715 -7.003918103390168 5
15.66307915057104 -3.200878521573801 5
14.56308448541126 -3.204891847715428 5
14.0095679399988 -2.254302853069896 5
14.556082045067 -1.29967958076505 5
13.45608961526501 -1.303691605432215 5
12.90956795887477 -2.258319274292522 5
12.3560951604915 -1.3077048091143 5
-14.05763070078314 2.406490133993128 5
-14.59720373960303 -0.453379716350602 5
-14.04373018502437 -1.403996455476991 5
-13.49720890602559 -0.4493686206370513 5
-12.94373696202745 -1.399984570178086 5
-11.84374395991385 -1.395972549839342 5
-12.39026564789007 -2.350600246755214 5
-11.29027290966134 -2.346588100800494 5
-19.55773678126411 2.386461993145749 5
-14.59025148055488 -2.358624337460165 5
-20.09736582737771 -0.4734016616135955 5
-18.42980233714652 -5.230272287760651 5
21.68171046512726 5.394749904843746 5
22.23518144947736 4.444134383466899 5
22.20026527992095 6.365388561390821 5
21.67019525579062 7.276554702525885 5
22.74770994829915 7.311808078879154 5
22.08271487362959 8.204683717747404 5
-18.98327112802698 -4.279771738780525 5
22.78352486378185 5.394172141516364 5
23.34726248724701 4.352804598292733 5
17.86300786092458 -3.192887163678442 5
19.49562367085089 1.576239131271063 5
21.68865975090827 3.489506690073725 5
15.62827606618138 6.325304566138947 5
15.07489126060567 7.252292979592661 5
16.17489830665392 7.252367300288449 5
-16.22981730316899 -5.222171408922469 5
-10.76459903809774 4.323769222978134 5
-9.664606355178558 4.327781394993636 5
-9.111135370828485 3.377165873616678 5
-11.27637430815932 -6.157074544057812 5
-10.72293400189319 -7.099279158822669 5
-9.622942544210982 -7.094931057001049 5
-10.0417172382659 -8.062307795953082 5
-11.82293179802369 -7.101889512955374 5
22.80255100538938 -0.3169675674499753 5
23.3595289749026 -1.209040899645375 5
22.80371484945112 -2.214700008437246 5
-5.825019170979767 7.189620793803731 5
-5.321091469937714 8.139336301079123 5
-4.240858937274456 8.146041825705559 5
9.574940430930344 7.228781788757958 5
10.02825412248841 8.153654036592837 5
11.80262417618226 -0.3570892876528958 5
0.7749637289523486 7.206345570998309 5
1.257230751201836 8.137348138031721 5
20.58866706798909 3.485494518057396 5
-20.08326541300671 -4.283750011630083 5
-19.53679278509073 -3.329233304891596 5
-10.74375120287179 -1.391960411348993 5
-10.19028020517042 -2.342575938720052 5
-2.525032413552472 7.199269707076704 5
-2.031965277270526 8.147996712575123 5
-0.955717425323138 8.15590277051832 5
-7.464620989340213 4.33580573902611 5
12.33524730320483 4.408024835319937 5
13.435239986124 4.412037007336258 5
13.98871097047408 3.461421485959422 5
5.735291205689817 4.383951803222011 5
-11.83679459812238 -3.301215798631444 5
9.623486667687075 -6.080843276013522 5
10.17698419844373 -7.038736864073112 5
9.076995939926023 -7.043962047200431 5
11.26734417570325 -7.023157604088409 5
10.76671153222361 -8.017963130638273 5
11.85755955532054 -7.951553276080489 5
12.45171823795745 -8.959335203556474 5
12.96017191159904 -7.974399143976333 5
20.609514925332 -2.230235126252649 5
-9.076394259247568 -6.147592394126442 5
-8.522950951706928 -7.090619929004416 5
-7.422953477617805 -7.087921320872644 5
-7.969446973243275 -8.050281243003308 5
-1.37644016150471 -6.120964996150729 5
-0.8229808097774605 -7.068391273028846 5
0.2770146986053412 -7.065153741109691 5
-1.922975431466736 -7.071871904292552 5
-0.2694981928090406 -8.022196038907161 5
5.223515936010362 -6.09689196406846 5
4.676994237439023 -7.051519657460338 5
3.576999638779386 -7.055006602619585 5
5.776986920358203 -7.047507485446606 5
4.150878908892331 -8.030911423268066 5
18.97785120833283 -7.003205664315748 5
18.44292435584723 -7.993017059471772 5
-6.364628306421034 4.339817911042439 5
-5.811157322070962 3.389202389665621 5
-11.85764243523591 2.414513836190913 5
-2.497280701751606 -0.4092475238253094 5
-3.043802400318427 -1.363875217221438 5
-1.943809717397714 -1.359863045210937 5
-4.143795083239453 -1.367887389235302 5
-3.590324098889579 -2.318502910618106 5
-4.690316781811376 -2.322515082635564 5
-1.397288018831739 -0.4052353518104771 5
-0.843817034480409 -1.355850873192884 5
0.256175648436867 -1.351838701170924 5
-0.290346050133611 -2.30646639458089 5
0.8096466327850937 -2.302454222557103 5
4.642247808551705 2.474696416435003 5
7.963073714643565 -3.228996711879095 5
8.509595413214907 -2.274369018487219 5
9.609588096134082 -2.270356846473481 5
7.409602730296254 -2.278381190492117 5
9.056117111786374 -1.319741325086073 5
10.15610979470036 -1.315729153078316 5
9.602638810356709 -0.3651136316874633 5
10.70958077904047 -2.266344674466822 5
-3.036853114542599 -3.269118432006508 5
-2.490331415969409 -2.314490738610665 5
-4.164642940582708 4.347842255075101 5
0.2422770768749585 2.458647728370446 5
-7.436823846227155 -3.285167120070134 5
-6.890302147654038 -2.330539426679263 5
-5.790309464734412 -2.326527254665784 5
-6.343780449082407 -1.375911733277128 5
-7.4437731320397 -1.379923905279453 5
-7.990294830580211 -2.334551598688998 5
-8.54376581496494 -1.383936077292974 5
-0.3378871868028466 7.199714404595369 5
-0.8368677487098607 -3.261094087988979 5
2.463110300048474 -3.249057571946379 5
3.009631998619491 -2.294429878555505 5
4.109624681538104 -2.290417706542188 5
3.556153697191114 -1.339802185160088 5
4.656146380112141 -1.335790013145934 5
5.20266807869227 -0.3811623197540613 5
5.756139063031446 -1.33177784113433 5
2.456161014271602 -1.34381435717435 5
-11.29722224875543 -0.4413448651269965 5
-3.057700971882615 2.446611212321506 5
6.842233174390093 2.482720760467924 5
3.002682712843569 -0.3891866637697449 5
-1.957708288963376 2.450623384337812 5
2.442262442713293 2.466672072402819 5
0.8235437364741558 -6.112538218055801 5
1.377007607791875 -7.061203603433786 5
4.663095665885881 -3.241033227920451 5
6.323508618929542 -6.092879792054726 5
10.13526193736649 4.400000491287303 5
-0.8646648918251938 4.359878771124079 5
-4.676418210262341 -6.133001512192004 5
-4.122965646640722 -7.078566735609094 5
-6.897251433521706 -0.4252962118589658 5
11.24220390606663 2.498769448533163 5
17.29563830501256 1.568214787238407 5
17.84910928936263 0.6175992658615694 5
17.30258759079282 -0.3370284275319833 5
16.74911660644305 0.6135870938450643 5
-3.022959875014731 -7.078143014354579 5
-3.56947624156657 -8.034232554948366 5
-2.469483558647392 -8.03022038293463 5
-3.635403762106115 7.191133787212476 5
17.83521071780068 4.428085695401565 5
1.335320474013137 4.367903115156715 5
6.863081031724869 -3.233008883891614 5
2.97496502642902 7.210002035109523 5
3.449988501503248 8.14101463866966 5
-6.925005733456743 7.183930617553758 5
-7.52070951386017 8.136038071666079 5
-8.617254495821683 8.130226131841519 5
0.8026973470060081 -0.3972110077763892 5
0.2631249342111391 -3.257081915967054 5
8.523499146569613 -6.086270627659766 5
7.976978308298564 -7.041134184323731 5
8.542859937193246 -8.009593828600085 5
7.449682321552441 -8.023493209407635 5
8.073667445353145 -9.0234747105478 5
9.674642757954725 -8.028799761346757 5
6.880185895948919 -7.048667549683074 5
6.33045790470605 -7.998123006824764 5
5.247327733280303 -8.015406142370997 5
4.791989764743358 -9.028553062654193 5
3.535305839851479 4.375927459189366 5
-2.476435994992259 -6.124113396088962 5
9.042218540228287 2.490745104500616 5
7.374948906140734 7.222446006756212 5
7.835499448253342 8.149371174000926 5
-3.064650257663534 4.351854427091433 5
-9.097236801523955 -0.4333205550160845 5
-5.243787766162491 -1.37189956125772 5
10.16305908047871 -3.2209723678541 5
3.02353025088193 -6.104828770286852 5
2.47700515320685 -7.058524552178096 5
1.965501650038445 -8.026703664341637 5
5.174957103434001 7.216186419595339 5
5.642744238932281 8.145158340008589 5
-4.697266067593344 -0.4172718678585788 5
15.08870365339325 3.465433657975757 5
20.57410273290807 7.265967633802579 5
7.935276571528155 4.391976147254658 5
-13.47636645712625 -6.163240387090513 5
-5.236838480386579 -3.277142776043925 5
-5.222961399680987 -7.081737191295973 5
-6.322963577977622 -7.083146073791565 5
-5.769461607404912 -8.042256898975833 5
-6.876406144005477 -6.140321829574822 5
-11.32498992021737 7.171570827632971 5
-10.80293620185189 8.115706249745028 5
20.59507055336741 1.5799335253011 5
-9.131458806803105 7.176821393212333 5
-9.636809213574098 -3.293191463402452 5
11.81226042333131 -6.066602062701467 5
13.97492263196152 7.241685993987689 5
14.41376183716827 8.162433509385794 5
11.77493167412 7.235194775296681 5
12.22100825453595 8.158007839268034 5
-15.69024589174745 -2.362635533176475 5
-17.88327788472036 -4.275837940695911 5
21.17008316790072 -5.086690560229156 5
22.26907185642221 -5.094195836097909 5
7.956124428867672 -1.323753497080332 5
14.54218195482413 2.5108059645826 5
13.44218927190497 2.506793792566257 5
14.01681052228079 -4.159375303650598 5
-12.92293692916528 -7.102489114566937 5
-12.23302297908945 -8.065640411945557 5
21.14150128520274 2.534508255696553 5
22.7847548783 3.467509724030853 5
18.40258027371247 -0.3330162555154557 5
18.94910197228176 0.6216114378778639 5
20.04900368846717 0.6255706468965028 5
-17.32981078054633 -5.225890372332065 5
17.31649758717874 -4.14750820528033 5
21.70337382098381 -2.227980991910472 5
-22.78674958814313 -5.219170129022646 5
18.41648074941267 -4.143501576423869 5
17.82827642600573 6.329218100647809 5
11.78872560463574 3.453397141926701 5
-20.6220443214616 -7.128046269359786 5
18.38173491536744 5.382028253874108 5
10.68873292171656 3.449384969910272 5
9.588740238797389 3.445372797893949 5
12.88871828755491 3.457409313943085 5
8.488747555878231 3.441360625877723 5
7.388754872959083 3.437348453861409 5
6.288762190039941 3.433336281845001 5
5.188769507120769 3.429324109828619 5
4.088776824201574 3.42531193781231 5
-0.3111939074751098 3.409263249747257 5
1.888791458363213 3.417287593779859 5
2.988784141282388 3.421299765796057 5
-4.711164639151836 3.39321456168197 5
0.788798775444049 3.413275421763573 5
-1.411186590394286 3.405251077730942 5
-2.511179273313464 3.40123890571462 5
-3.611171956232687 3.397226733698312 5
-8.011142687916243 3.381178045635776 5
-5.25768633772222 2.438586868289348 5
-12.41111348142479 3.365129382030722 5
-6.357679020648296 2.434574696275811 5
-8.557664386685651 2.426550352323583 5
-6.911150004999605 3.385190217653119 5
-9.657657070586897 2.42253818070456 5
17.2749146615535 7.249889470087597 5
16.72131946331965 8.234559952925226 5
-10.21112805408834 3.373153701738336 5
23.37277161535207 -5.138596584933523 5
-11.31112074717254 3.369141533742962 5
-14.03678007163286 -3.30924008295216 5
-13.49025860168911 -2.354612278620356 5
8.502646127438572 -0.3691258036776084 5
5.209617364458616 -2.286405534527616 5
6.85613174594954 -1.327765669084743 5
14.00261009044746 -0.34906462429226 5
1.356168331354191 -1.347826529159639 5
6.309610047377687 -2.282393362506214 5
1.909639315701937 -2.298442050560788 5
-9.090287515212518 -2.338563769918176 5
6.302660761604148 -0.3771501477083394 5
-9.643758504675885 -1.387948246293577 5
-1.390338733050182 -2.31047856660079 5
13.46309846392569 -3.208900141297005 5
12.36305497109093 -3.212941896055374 5
11.25610247760341 -1.311716981074181 5
16.22446279405917 -6.055808956739257 5
16.77017111577878 -5.101960999102833 5
11.80957551841595 -2.262331305141478 5
-13.51110695451792 3.361117280500494 5
-13.51805500226545 5.26622123120049 5
-14.61804809057096 5.261888973668256 5
-22.36376925637322 1.439147328354349 5
-23.3635374202726 1.506456406111496 5
-19.01115157751042 3.341082648962957 5
-22.29053189302641 -2.386543942714838 5
-21.18972552840658 -2.382838183780269 5
-18.99031169126259 -2.374646024048909 5
-20.09011517427672 -2.378713542976099 5
-17.35776666837099 2.394441283446293 5
3.059661362600975 -8.031183956618328 5
-22.28260869565213 9.058668039364738 5
14.63995422568665 -8.988614701516923 5
22.28225949434193 -9.026276745227072 5
23.98200110926003 -8.197739726422896 5
-16.83964073112602 9.053374053579361 5
-20.10869565217389 9.058668039364758 5
10.27009724968272 -9.005006131477336 5
1.607311525075457 -9.049221726312645 5
-20.67553074284581 8.095020400501676 5
-22.8456712061486 8.112126364245468 5
-24.00752971645444 8.245590598502718 5
0.8529307141408534 -8.0173773765204 5
-0.5674310558214569 -9.055765900878001 5
-16.28295487227959 8.105349130222226 5
-23.91642370653209 -5.242825410401773 5
-14.65534178059992 9.05445684842833 5
19.00640765045895 -8.990324013388527 5
23.98410169879566 -4.207082310817664 5
24.0601430739768 -2.120650676863972 5
24.08839431180586 1.05263157894737 5
-24.07996020158077 -1.046441696395637 5
24.08839431180588 2.105263157894735 5
24.0576674141088 5.279285543182183 5
-24.04613984021596 -2.08144761443112 5
23.97079937393295 7.352006917917548 5
-24.06008277553886 -7.442314893998636 5
-1.346368937209945 -8.018555679670996 5
-2.743603351043629 -9.063830719816831 5
-14.08868713306929 8.107350875206194 5
-3.832833009557957 -9.064997869348902 5
-23.39205255112062 7.213174695736646 5
-12.4710578891203 9.056154603781781 5
-4.669579448843534 -8.007942939195527 5
-6.019716796566855 -9.064531891713482 5
-11.90075165072121 8.115392958212535 5
17.3506124797998 -7.98351291123667 5
-6.841486630985335 -8.023380593317857 5
-10.28675291899927 9.057826893249072 5
-8.196798521097492 -9.06948035669218 5
-8.999480014150556 -8.041256347010595 5
-9.710938395359303 8.121341157125599 5
-10.40455748242235 -9.051052280165091 5
-8.118293021872056 9.074065483496174 5
-11.15300819042589 -8.055628900376375 5
-12.58364756617071 -9.053464677006398 5
-7.012676316050471 9.062986260720201 5
-13.34534400582417 -8.05860096938933 5
-14.82374625412839 -9.033231624341949 5
-6.422136040030487 8.131638310968441 5
13.51668086257692 -6.994543669929877 5
-15.52479144054477 -8.076686115251309 5
-4.859089452337085 9.090995716386589 5
-17.03608185876216 -9.034048040814326 5
12.38958027416261 -7.013177086124813 5
-17.82534722389109 -8.042012822657147 5
-3.740219980650656 9.068162223336564 5
-19.09200363286532 -9.099719870891841 5
-20.11488271929609 -9.250560609082177 5
-24.12550113084283 2.078061252900524 5
-3.137979995280846 8.139488827711586 5
-21.17493339189139 -7.908607329048507 5
-22.27021592334047 -9.242341305527768 5
23.35061297168479 -7.123095275546776 5
24.13899862581097 8.435369073638645 5
-24.14505544531003 -8.421052631578933 5
-1.590413524734756 9.099649686901133 5
-0.4653036115619307 9.072035827239461 5
0.1488001081814025 8.143660797070044 5
1.726917754551126 9.068020285039157 5
2.347696225438208 8.143789437546596 5
3.9112206734514 9.069947168351096 5
6.974825882793255 -9.009146583843474 5
4.539764189632971 8.148227292938644 5
6.095522983469619 9.07199115063295 5
6.731831514672571 8.152788203912218 5
8.279824928463416 9.074084707606687 5
8.923898485991801 8.157393214649817 5
10.46412650360308 9.076228484111908 5
3.710091631885265 -9.02177438072377 5
23.2233082792877 2.604189319789538 5
11.11596509890665 8.162042896859738 5
12.64842770397332 9.078423136213882 5
13.30803134865003 8.166737832166909 5
23.21651663759594 0.561881767002818 5
14.83272852457137 9.080669331448702 5
15.54854740902819 8.15639223404543 5
-23.35231132134481 -8.012605432088719 5
16.84990556842688 9.282303072908421 5
17.81615530191332 7.999734016446489 5
-23.27631596621228 -0.5227343079742137 5
19.14719011921816 9.117145444241997 5
20.11630622191121 9.284481990516197 5
21.10879250966366 8.010494112482972 5
22.34361480831945 9.153541024980075 5
24.26093935267541 4.255073342398513 5
-24.24665721067362 1.05263157894736 5
24.27611598033942 -1.116006106177136 5
-23.22869374327891 -2.511295219479337 5
23.20662252571468 6.421188274977057 5
24.25942002703454 -5.26315789473684 5
23.11793980493772 8.271468364795886 5
24.22669961446703 -7.253174283392172 5
-23.18371161269539 -6.020565687664906 5
-24.24833119540894 -4.235664060406973 5
23.22451995529936 -3.254968889700927 5
-23.22439023786708 3.488694172226218 5
-24.28698012905827 5.260277311356453 5
-24.27074045609206 7.316540435579446 5
-24.1987411495473 9.207497732152435 5
24.1987411495473 -9.207497732152435 5
24.23031420166145 9.240100340313756 5
-24.24685334903238 -9.25404658420052 5
-24.07398937686519 -10 2.487886022456193
24.07398937686523 -10 2.51211397754381
-4.890690763909259 -10 0.9411108758896594
-1.628397355879592 -10 0.94438814713959
-19.0217391304348 -10 4.058668039364745
-14.67447915890987 -10 4.086906742159051
-9.271621864193094 -10 4.150905807313902
2.717391304347757 -10 4.058668039364745
4.890491066896999 -10 0.9126899459574286
7.065217391304252 -10 0.941331960635255
9.237093008053336 -10 4.055611852860412
-21.19361474718388 -10 0.9443881471396018
-16.84975367493902 -10 4.086974322460968
-12.4978062407413 -10 4.086263680684171
-7.063179964575227 -10 0.9443881471395996
0.5434782608694881 -10 0.9413319606352581
13.58695652173907 -10 0.9413319606352613
21.19460077328715 -10 0.913054482456594
11.41304347826078 -10 0.9413319606352643
15.76086956521733 -10 0.9413319606352643
17.93670983839981 -10 0.9135035916129781
-2.718204585276904 -10 4.086943595703425
-17.93229387270576 -10 0.9379536382911278
-10.32734970936895 -10 0.9387619723453466
5.978260869565148 -10 4.058668039364745
-13.58491909500998 -10 0.9443881471395997
-0.541357940579104 -10 4.086327805964386
-15.7661736137551 -10 0.9434342601278193
-5.94565155217159 -10 4.150802870138383
12.50153372284064 -10 4.061024780875663
14.66860899494051 -10 4.056565739872115
19.02112554651787 -10 4.058889124110333
16.84986351368568 -10 4.055611852860384
2.712500584967405 -10 0.8886284287850562
9.239130434782481 -10 0.941331960635255
-21.19460077328717 -10 4.086945517543386
21.19361474718387 -10 4.055611852860428
-23.38070818491605 -10 0.8422673537162475
-23.45414213496557 -10 4.145618668739944
23.45414213496558 -10 0.8543813312600507
23.38070818491606 -10 4.157732646283768
22.28576691498699 -10 4.069967659163969
21.7378180971175 -10 3.107232466320634
20.64140078137828 -10 3.109294780205426
21.18585236959547 -10 2.155546712092346
20.08591231145493 -10 2.160067849767846
22.28579446653509 -10 2.151552269938346
23.02947814588073 -10 3.067265931982238
22.32136016792458 -10 1.003631363491249
15.75868449904706 -10 4.053106508095311
16.3058223559463 -10 3.104422274475808
17.39721607587876 -10 3.110984791007598
16.85762589127448 -10 2.155546712092339
17.95756594941503 -10 2.160067849768111
15.75768379433485 -10 2.151552269938129
15.2086064740992 -10 3.102747158908212
14.11950894349788 -10 3.111373013052639
14.65847637859643 -10 2.180923738179797
13.55920071495173 -10 2.195186234277823
10.32778481212928 -10 4.055102488443008
9.783654439370977 -10 3.106400534966008
8.687699126287086 -10 3.105853044191541
10.88030153145029 -10 3.10921331180336
10.33588676083939 -10 2.155546712092341
11.4358268189799 -10 2.160067849767937
9.235818539833396 -10 2.182911377350013
8.13430866507008 -10 2.155264037151619
7.597082304771938 -10 3.109931204145127
7.037139907686047 -10 2.18687611892125
4.889266921096837 -10 4.055611852860383
5.429909184552919 -10 3.108911039778167
4.340220906588375 -10 3.109929305663738
4.880827407129843 -10 2.186612306795153
3.81416986369765 -10 2.267232632984772
19.02190301051166 -10 0.8846303660739453
-2.719089159955541 -10 0.9448975115569828
-2.173872618344824 -10 1.893226918995871
-1.080156841205948 -10 1.890427020798571
-3.266472205584357 -10 1.888708301973949
-1.62151262405223 -10 2.813551756919322
-0.5543162055518351 -10 2.732293889442473
-2.726296098409122 -10 2.812136537140531
-3.823730002820415 -10 2.806124680836731
12.49931255671518 -10 0.8872105906536045
-8.153871768651175 -10 0.9448975115569909
-7.608655227040451 -10 1.893226918995875
-6.511043252932105 -10 1.890733122206868
-8.706322515617199 -10 1.89076406027886
-7.05813978478124 -10 2.784117395541566
-5.958123412330373 -10 2.806012819511241
-8.159687488188197 -10 2.774066569825872
-9.257775068576898 -10 2.791664053141319
-7.608711864489578 -10 3.768800841126307
1.629619662711892 -10 0.9344418646205466
1.053843668861152 -10 1.990799981682238
1.628397355879461 -10 4.055611852860382
2.199721360741126 -10 3.007403355492738
1.074731961364055 -10 3.110294943230957
-4.88932370415548 -10 4.103075061582459
-22.28576691498699 -10 0.9300323408360438
-21.73781809711744 -10 1.892767533679372
-20.64197755227469 -10 1.891309906099528
-21.18585236959533 -10 2.844453287907659
-22.28579446653497 -10 2.848447730061693
-20.0859123114548 -10 2.839932150232059
-19.54727666096622 -10 1.887783246642361
-18.98975214055778 -10 2.803601177807769
-23.02947814588068 -10 1.932734068017776
-14.67609810964859 -10 0.9468934919046381
-14.12896025274947 -10 1.895577725524137
-13.03325486806845 -10 1.891778271406989
-13.57715671742145 -10 2.844453287907659
-12.47721665928091 -10 2.839932150232067
-11.94406139083769 -10 1.884620177929551
-11.38873521101597 -10 2.774217248661518
-14.67709881436109 -10 2.848447730061691
-15.22749924163939 -10 1.893763617392651
-16.31895431054811 -10 1.883984568597282
-15.78844529020635 -10 2.811874705456585
-16.87068593699173 -10 2.741729861859393
-22.32136016792453 -10 3.996368636508747
10.32713835714753 -10 0.913054482456622
-13.58538570008626 -10 4.101647807655576
-20.10738653974524 -10 0.9418036854573043
-11.41156782434208 -10 4.088461933950752
-1.629216801591802 -10 4.101651250390171
11.41304347826076 -10 4.058668039364735
-17.93270214889843 -10 4.100359056052586
-10.32850355334433 -10 4.092829253728546
-20.1064562782136 -10 4.087490490614868
-12.49705700383062 -10 0.9423055755225032
-15.76484558157988 -10 4.100327150919632
5.976276137389707 -10 0.8995712572121302
-9.23913043478265 -10 0.941331960635255
-5.978260869565275 -10 0.9413319606352436
-3.804347826087024 -10 0.9413319606352237
20.10869565217379 -10 4.05866803936483
3.801717877187343 -10 4.057496589667985
14.67225837258071 -10 0.9131974308535327
16.84896109986656 -10 0.9118471569922342
0.546475772145115 -10 4.114195942315554
3.799773496436138 -10 0.880143585382633
-0.5409825619425597 -10 0.9425627980757398
-3.808025930768004 -10 4.119392134022297
8.150336853370199 -10 4.057001228329914
20.10484281251922 -10 0.879562245723897
8.150594840533273 -10 0.9132342583910023
17.93478260869556 -10 4.058668039364803
7.060833844583499 -10 4.058366842622664
13.58533985861797 -10 4.062420673167559
-16.84890945022376 -10 0.9363101757698915
-11.40969644408211 -10 0.9382866869621478
-19.01661309985209 -10 0.9407919948591039
19.55451230702408 -10 3.111484423504217
-5.429437333368341 -10 1.877097210311987
11.96670788018007 -10 3.111973448086455
-9.788621355124654 -10 1.878358890704155
2.173913043478166 -10 1.882730893504833
-18.46930066567069 -10 1.871594479659987
-0.04185093851918253 -10 1.862903335020179
3.300017845718912 -10 3.136151858687821
5.959942408165354 -10 2.20911804132397
-4.349912586708104 -10 1.875421272476047
18.48115693632771 -10 3.114184621106974
6.508888257185259 -10 3.124600583896205
13.03830885308628 -10 3.125436467336665
-10.86362360393357 -10 1.864032395975487
-17.39638223540559 -10 1.862121240641619
-4.891060539755372 -10 2.775408726388463
19.02173913043499 -10 2.185013498886787
12.4963324268294 -10 2.213410752839204
-10.32449096032778 -10 2.755212939885956
-17.93393457839332 -10 2.762578748768725
-24.12416990104607 -10 1.495930161081695
-24.16573554871198 -10 3.499999999999997
24.165735548712 -10 1.500000000000001
24.12416990104607 -10 3.504069838918312
-23.22174997348048 -10 3.151842520964058
23.22174997348053 -10 1.848157479035949
-6.836658400483977 -10 4.23229459394763
-8.380724183113752 -10 4.232305097741044
2.939016983724812 -10 2.356036708073018
0.3196193724820162 -10 2.652372870076538
-24.30658423238768 -10 4.329123733747987
24.3065842323877 -10 0.6708762662520102
-24.26084369861448 -10 0.7126935222999538
24.26084369861443 -10 4.287306477700064
-2.17391304347834 -10 3.447134759006577
21.67912430204635 -10 1.553883128346034
-14.12913024231857 -10 3.459852855726326
-21.67912430204623 -10 3.44611687165386
9.788097259417157 -10 1.552820943351022
16.30983638985224 -10 1.552820943351052
1.625552508611122 -10 2.497807293477691
-15.23046284090394 -10 3.455504677298964
8.684593963948856 -10 1.554922036269361
15.20981451035973 -10 1.550826966908723
5.421082181210711 -10 1.555119500442303
20.63296412262859 -10 1.554689830838623
4.336626422947521 -10 1.561179445367816
-13.02659813570667 -10 3.444828595517084
-3.27502179639751 -10 3.445476046694381
-20.63089065876547 -10 3.456066884621773
-1.068210721637868 -10 3.439277661836424
-6.490750349725062 -10 3.47227024076531
-8.72651089522174 -10 3.470847653372051
10.88831101749258 -10 1.560722338163665
17.40806899530453 -10 1.556063903943482
-11.93005054490463 -10 3.436117150778708
-19.53339791799568 -10 3.431462989778808
0.005599391866379477 -10 3.404826183144742
3.255021902339088 -10 1.592960861584707
-5.424735286463839 -10 3.457399498104117
-4.351982876726773 -10 3.451146024604741
19.56188305513386 -10 1.537856086842045
18.48464499653332 -10 1.539522549521225
11.95720418253293 -10 1.554837646332528
-9.807294510281492 -10 3.43769194251326
7.584836213223554 -10 1.561443814817952
14.09976256157686 -10 1.565135458494563
-17.39632248145855 -10 3.424754310146727
13.03312816072419 -10 1.559518773872164
-18.46797473295642 -10 3.43023738698656
-10.86638084832804 -10 3.439782449898019
-16.32590272683266 -10 3.433648849865651
6.507415706496605 -10 1.55891011555881
-12.82256573843346 -8.248409461526231 4.260953769262807
-12.82256573843346 -7.72480791396197 3.737352221698546
-12.82256573843346 -7.687455692263424 4.3
-12.82256573843346 -8.287455692263423 3.7
-12.52256573843345 -8.587455692263424 3.7
-11.92256573843346 -8.587455692263424 4.299999999999999
-12.48351950769626 -8.587455692263424 4.260953769262807
-11.97485884881142 -8.587455692263424 3.752293110377964
-12.52256573843345 -7.687455692263424 4.6
-12.52256573843345 -8.287455692263423 4.6
-11.96161196917065 -8.248409461526231 4.6
-11.92256573843346 -7.687455692263424 4.6
-12.52256573843345 -7.387455692263424 3.7
-11.92256573843346 -7.387455692263424 4.299999999999999
-12.48351950769626 -7.387455692263424 4.260953769262807
-11.97485884881142 -7.387455692263424 3.752293110377964
-12.52256573843345 -7.687455692263424 3.4
-12.52256573843345 -8.287455692263423 3.4
-11.96161196917065 -8.248409461526231 3.4
-11.92256573843346 -7.687455692263424 3.4
-11.62256573843346 -8.248409461526231 4.260953769262807
-11.62256573843346 -7.72480791396197 3.737352221698546
-11.62256573843346 -7.687455692263424 4.3
-11.62256573843346 -8.287455692263423 3.7
-20.7421717668662 -4.174593459304933 4.192857142857143
-20.7421717668662 -4.067450602162077 3.7
-20.7421717668662 -4.667450602162076 4.3
-20.7421717668662 -4.63305273222693 3.734397869935146
-20.4421717668662 -4.967450602162076 3.7
-19.8421717668662 -4.967450602162076 3.7
-20.4421717668662 -4.967450602162076 4.3
-19.9187023791111 -4.967450602162076 4.223469387755102
-19.8421717668662 -4.067450602162077 4.6
-20.4421717668662 -4.667450602162076 4.6
-19.8421717668662 -4.667450602162076 4.6
-20.4421717668662 -4.067450602162077 4.6
-20.3656411546213 -3.767450602162076 3.776530612244898
-20.4421717668662 -3.767450602162076 4.3
-19.94020383683704 -3.767450602162076 4.201967930029154
-19.8421717668662 -3.767450602162076 3.7
-20.4421717668662 -4.067450602162077 3.4
-19.8421717668662 -4.067450602162077 3.4
-20.4421717668662 -4.667450602162076 3.4
-19.8421717668662 -4.667450602162076 3.4
-19.5421717668662 -4.067450602162077 4.3
-19.5421717668662 -4.106496832899269 3.739046230737193
-19.5421717668662 -4.667450602162076 3.7
-19.5421717668662 -4.63009838046353 4.262647778301454
-8.677070426160286 -5.547553928604611 3.9
-8.677070426160286 -5.747553928604611 4.3
-8.677070426160286 -5.198574336767877 4.29271137026239
-8.377070426160286 -6.047553928604611 3.7
-7.831735149192356 -6.047553928604611 3.75466472303207
-7.777070426160287 -6.047553928604611 4.299999999999999
-8.340395808077199 -6.047553928604611 4.263325381916912
-8.377070426160286 -5.147553928604611 4.6
-7.777070426160287 -5.747553928604611 4.6
-7.81611665689748 -5.186600159341804 4.6
-8.324777315782322 -5.695260818226647 4.6
-8.377070426160286 -4.847553928604611 3.7
-7.777070426160287 -4.847553928604611 4.3
-7.831735149192356 -4.847553928604611 3.75466472303207
-8.340395808077199 -4.847553928604611 4.263325381916912
-8.377070426160286 -5.147553928604611 3.4
-7.957070426160286 -5.207553928604611 3.4
-8.207070426160286 -5.557553928604611 3.4
-7.477070426160287 -5.186600159341804 3.739046230737193
-7.477070426160287 -5.747553928604611 3.7
-7.477070426160287 -5.710201706906065 4.262647778301454
-7.477070426160287 -5.147553928604611 4.3
-16.59667645459303 -2.127548838503263 3.7
-16.59667645459303 -1.63469169564612 3.807142857142857
-16.59667645459303 -2.093150968568117 4.265602130064853
-16.59667645459303 -1.527548838503263 4.3
-15.7513411776251 -2.427548838503263 3.75466472303207
-16.29667645459303 -2.427548838503263 3.7
-16.26000183650994 -2.427548838503263 4.263325381916912
-15.69667645459303 -2.427548838503263 4.299999999999999
-16.29667645459303 -2.127548838503263 4.6
-15.69667645459303 -1.527548838503263 4.6
-15.73572268533022 -2.08850260776607 4.6
-16.19418195825222 -1.630043334844073 4.6
-15.7513411776251 -1.227548838503263 3.75466472303207
-16.29667645459303 -1.227548838503263 3.7
-16.26000183650994 -1.227548838503263 4.263325381916912
-15.69667645459303 -1.227548838503263 4.299999999999999
-16.29667645459303 -2.127548838503263 3.4
-15.69667645459303 -1.527548838503263 3.4
-15.73572268533022 -2.08850260776607 3.4
-16.19418195825222 -1.630043334844073 3.4
-15.39667645459303 -2.127548838503263 3.7
-15.39667645459303 -1.582213561535333 3.75466472303207
-15.39667645459303 -2.090874220420176 4.263325381916912
-15.39667645459303 -1.527548838503263 4.3
-4.531575113887119 -3.207652164945798 3.7
-4.531575113887119 -2.757652164945799 3.85
-4.531575113887119 -3.175113639331471 4.267461474385672
-4.531575113887119 -2.607652164945798 4.3
-4.231575113887119 -3.507652164945799 3.7
-3.781575113887119 -3.507652164945799 3.85
-3.631575113887118 -3.507652164945799 4.3
-4.199036588272791 -3.507652164945799 4.267461474385672
-4.192528883149926 -2.646698395682991 4.6
-4.231575113887119 -3.207652164945798 4.6
-3.631575113887118 -2.607652164945798 4.6
-3.683868224265083 -3.155359054567834 4.6
-4.231575113887119 -2.307652164945798 3.7
-3.781575113887119 -2.307652164945798 3.85
-4.199036588272791 -2.307652164945798 4.267461474385672
-3.631575113887118 -2.307652164945798 4.3
-4.231575113887119 -3.207652164945798 3.4
-4.192528883149926 -2.646698395682991 3.4
-3.683868224265083 -3.155359054567834 3.4
-3.631575113887119 -2.607652164945799 3.4
-3.331575113887118 -3.207652164945798 3.7
-3.331575113887118 -2.757652164945799 3.85
-3.331575113887118 -3.175113639331471 4.267461474385672
-3.331575113887118 -2.607652164945798 4.3
3.388030914545624 -6.26670348578434 3.739046230737193
3.388030914545624 -6.790305033348601 4.262647778301454
3.388030914545624 -6.827657255047147 3.7
3.388030914545624 -6.227657255047148 4.3
3.688030914545624 -7.127657255047147 3.7
4.233366191513554 -7.127657255047147 3.75466472303207
3.724705532628711 -7.127657255047147 4.263325381916912
4.288030914545624 -7.127657255047147 4.3
3.688030914545624 -6.827657255047147 4.6
3.795173771688481 -6.334800112190004 4.6
4.253633044610478 -6.793259385112001 4.6
4.288030914545624 -6.227657255047148 4.6
3.688030914545624 -5.927657255047148 3.7
4.248984683808431 -5.927657255047148 3.739046230737193
3.761241269074774 -5.927657255047148 4.226789645470849
4.288030914545624 -5.927657255047148 4.3
3.795173771688481 -6.720514397904291 3.4
3.688030914545624 -6.227657255047148 3.4
4.288030914545624 -6.827657255047147 3.4
4.23987389663642 -6.275814272956352 3.4
4.588030914545624 -6.26670348578434 3.739046230737193
4.588030914545624 -6.827657255047147 3.7
4.588030914545624 -6.790305033348601 4.262647778301454
4.588030914545624 -6.227657255047148 4.3
15.45313225525153 -7.907760581489682 3.7
15.45313225525153 -7.346806812226875 3.739046230737193
15.45313225525153 -7.870408359791136 4.262647778301454
15.45313225525153 -7.307760581489682 4.3
15.75313225525153 -8.207760581489682 3.7
16.31408602451434 -8.207760581489682 3.739046230737193
16.35313225525153 -8.207760581489682 4.3
15.8054253656295 -8.207760581489682 4.247706889622036
15.75313225525153 -7.307760581489682 4.6
16.35313225525153 -7.907760581489682 4.6
16.31408602451434 -7.346806812226875 4.6
15.8054253656295 -7.855467471111718 4.6
15.75313225525153 -7.007760581489682 3.7
16.15313225525153 -7.007760581489682 3.9
15.76042088498914 -7.007760581489682 4.248979591836735
15.75313225525153 -7.307760581489682 3.4
16.35313225525153 -7.907760581489682 3.4
16.31408602451434 -7.346806812226875 3.4
15.8054253656295 -7.855467471111718 3.4
16.65313225525153 -7.346806812226875 3.739046230737193
16.65313225525153 -7.907760581489682 3.7
16.65313225525153 -7.870408359791136 4.262647778301454
16.65313225525153 -7.307760581489682 4.3
19.5986275675247 -4.806905048568062 3.739046230737193
19.5986275675247 -5.330506596132323 4.262647778301454
19.5986275675247 -5.367858817830869 3.7
19.5986275675247 -4.767858817830869 4.3
19.8986275675247 -5.667858817830869 3.7
20.4986275675247 -5.667858817830869 3.7
19.8986275675247 -5.667858817830869 4.3
20.42209695527981 -5.667858817830869 4.223469387755102
19.8986275675247 -5.367858817830869 4.6
19.8986275675247 -4.767858817830869 4.6
20.4986275675247 -5.367858817830869 4.6
20.4986275675247 -4.767858817830869 4.6
19.8986275675247 -4.467858817830869 3.7
20.4986275675247 -4.467858817830869 3.7
19.8986275675247 -4.467858817830869 4.3
20.42209695527981 -4.467858817830869 4.223469387755102
19.8986275675247 -5.367858817830869 3.4
19.8986275675247 -4.767858817830869 3.4
20.4986275675247 -5.367858817830869 3.4
20.4986275675247 -4.767858817830869 3.4
20.7986275675247 -4.806905048568062 3.739046230737193
20.7986275675247 -5.367858817830869 3.7
20.7986275675247 -5.330506596132323 4.262647778301454
20.7986275675247 -4.767858817830869 4.3
7.533526226818793 -3.837755491388334 3.85
7.533526226818793 -4.255216965774006 4.267461474385672
7.533526226818793 -3.687755491388334 4.3
7.533526226818793 -4.287755491388334 3.7
8.433526226818792 -4.587755491388334 3.7
8.283526226818793 -4.587755491388334 4.149999999999999
7.922811941104507 -4.587755491388334 3.789285714285714
7.833526226818793 -4.587755491388334 4.3
8.433526226818794 -3.687755491388334 4.6
7.833526226818793 -4.287755491388334 4.6
7.910056839063691 -3.764286103633232 4.6
8.335494156847947 -4.189723421417488 4.6
8.433526226818794 -3.387755491388334 4.3
8.3944799960816 -3.387755491388334 3.739046230737193
7.833526226818793 -3.387755491388334 3.7
7.870878448517339 -3.387755491388334 4.262647778301454
8.433526226818794 -3.687755491388334 3.4
7.833526226818793 -4.287755491388334 3.4
7.910056839063691 -3.764286103633232 3.4
8.335494156847947 -4.189723421417488 3.4
8.733526226818793 -4.287755491388334 4.3
8.733526226818793 -3.726801722125527 4.260953769262807
8.733526226818793 -4.250403269689788 3.737352221698546
8.733526226818793 -3.687755491388334 3.7
-0.3860798016139498 -0.6677504012869855 3.7
-0.3860798016139498 -0.6287041705497926 4.260953769262807
-0.3860798016139498 -0.06775040128698528 4.3
-0.3860798016139498 -0.12004351166495 3.752293110377964
-0.03141507858187986 -0.9677504012869854 3.75466472303207
0.5139201983860503 -0.9677504012869854 3.7
-0.08607980161394985 -0.9677504012869854 4.3
0.3730309855580617 -0.9677504012869854 4.159110787172011
-0.08607980161394979 -0.6677504012869854 4.6
0.406777341243193 -0.5606075441441283 4.6
-0.03792278370474533 -0.11590741919619 4.6
0.5139201983860503 -0.06775040128698528 4.6
-0.03141507858187986 0.2322495987130145 3.75466472303207
0.5139201983860503 0.2322495987130145 3.7
-0.08607980161394985 0.2322495987130145 4.3
0.3730309855580617 0.2322495987130145 4.159110787172011
-0.08607980161394979 -0.6677504012869854 3.4
-0.03141507858187986 -0.1224151243190554 3.4
0.4420379469431989 -0.5958681498441342 3.4
0.5139201983860503 -0.06775040128698528 3.4
0.8139201983860501 -0.6677504012869855 3.7
0.8139201983860501 -0.1067966320241782 3.739046230737193
0.8139201983860501 -0.5945400467578351 4.226789645470849
0.8139201983860501 -0.06775040128698528 4.3
11.67902153909196 -1.747853727729521 3.7
11.67902153909196 -1.202518450761591 3.75466472303207
11.67902153909196 -1.696509262413199 4.248655534683677
11.67902153909196 -1.147853727729521 4.3
11.97902153909196 -2.047853727729521 4.3
12.57902153909196 -2.047853727729521 3.7
12.12902153909196 -2.047853727729521 3.85
12.5334676032319 -2.047853727729521 4.254446064139941
11.97902153909196 -1.747853727729521 4.6
12.57902153909196 -1.147853727729521 4.6
12.01806776982916 -1.186899958466714 4.6
12.47652704275115 -1.64535923138871 4.6
11.97902153909196 -0.8478537277295208 4.3
12.57902153909196 -0.8478537277295208 3.7
12.12902153909196 -0.8478537277295208 3.85
12.5334676032319 -0.8478537277295208 4.254446064139941
12.01806776982916 -1.708807496992328 3.4
12.57902153909196 -1.747853727729521 3.4
12.43552924421483 -1.291346022606656 3.4
11.97902153909196 -1.147853727729521 3.4
12.87902153909196 -1.747853727729521 3.7
12.87902153909196 -1.202518450761591 3.75466472303207
12.87902153909196 -1.696509262413199 4.248655534683677
12.87902153909196 -1.147853727729521 4.3
-12.45118114231986 0.9576882021234802 3.75466472303207
-12.45118114231986 0.5532421379835385 4.159110787172011
-12.45118114231986 1.01235292515555 4.3
-12.45118114231986 0.4123529251555502 3.7
-12.15118114231986 0.1123529251555501 4.3
-11.55118114231986 0.1123529251555501 3.7
-11.70118114231986 0.1123529251555501 4.149999999999999
-12.06189542803415 0.1123529251555501 3.789285714285714
-11.55118114231986 0.4123529251555502 4.6
-12.11213491158267 0.451399155892743 4.6
-11.694673437197 0.8688606302784156 4.6
-12.15118114231986 1.01235292515555 4.6
-11.55118114231986 1.31235292515555 3.7
-12.15118114231986 1.31235292515555 4.3
-12.11213491158267 1.31235292515555 3.739046230737193
-11.694673437197 1.31235292515555 4.156507705122865
-12.15118114231986 0.4123529251555502 3.4
-11.55118114231986 1.01235292515555 3.4
-11.59022737305705 0.4513991558927431 3.4
-12.11382892062131 0.975000703457004 3.4
-11.25118114231986 0.4123529251555502 4.3
-11.25118114231986 0.9733066944183575 4.260953769262807
-11.25118114231986 0.4646460355335146 3.752293110377964
-11.25118114231986 1.01235292515555 3.7
-20.37078717075261 4.032358015256899 3.7
-20.37078717075261 4.593311784519706 3.739046230737193
-20.37078717075261 4.13485251159771 4.19750550365919
-20.37078717075261 4.632358015256899 4.3
-20.07078717075261 3.732358015256899 3.7
-19.4707871707526 3.732358015256899 3.7
-20.07078717075261 3.732358015256899 4.3
-19.5473177829975 3.732358015256899 4.223469387755102
-19.4707871707526 4.032358015256899 4.6
-20.07078717075261 4.632358015256899 4.6
-19.4707871707526 4.632358015256899 4.6
-20.07078717075261 4.032358015256899 4.6
-20.07078717075261 4.932358015256899 3.7
-19.4707871707526 4.932358015256899 3.7
-20.07078717075261 4.932358015256899 4.3
-19.5473177829975 4.932358015256899 4.223469387755102
-19.4707871707526 4.032358015256899 3.4
-20.07078717075261 4.632358015256899 3.4
-19.4707871707526 4.632358015256899 3.4
-20.07078717075261 4.032358015256899 3.4
-19.1707871707526 4.032358015256899 3.7
-19.1707871707526 4.593311784519706 3.739046230737193
-19.1707871707526 4.13485251159771 4.19750550365919
-19.1707871707526 4.632358015256899 4.3
-8.305685830046691 2.952254688814363 3.7
-8.305685830046691 3.402254688814363 3.85
-8.305685830046691 2.984793214428691 4.267461474385672
-8.305685830046691 3.552254688814363 4.3
-7.966639599309499 2.652254688814363 4.260953769262807
-7.443038051745238 2.652254688814363 3.737352221698546
-7.405685830046692 2.652254688814363 4.299999999999999
-8.005685830046691 2.652254688814363 3.7
-8.005685830046691 2.952254688814363 4.6
-7.444732060783885 2.991300919551556 4.6
-7.405685830046692 3.552254688814363 4.6
-7.932475475517541 3.479044334285213 4.6
-7.966639599309499 3.852254688814363 4.260953769262807
-7.405685830046692 3.852254688814363 4.299999999999999
-7.443038051745238 3.852254688814363 3.737352221698546
-8.005685830046691 3.852254688814363 3.7
-8.005685830046691 2.952254688814363 3.4
-7.444732060783885 2.991300919551556 3.4
-7.405685830046692 3.552254688814363 3.4
-7.932475475517541 3.479044334285213 3.4
-7.105685830046692 2.952254688814363 3.7
-7.105685830046692 3.402254688814363 3.85
-7.105685830046692 2.984793214428691 4.267461474385672
-7.105685830046692 3.552254688814363 4.3
-16.22529185847943 7.133213548178519 3.739046230737193
-16.22529185847943 6.609612000614258 4.262647778301454
-16.22529185847943 6.572259778915712 3.7
-16.22529185847943 7.172259778915712 4.3
-15.92529185847943 6.272259778915712 4.3
-15.32529185847944 6.272259778915712 3.7
-15.77529185847943 6.272259778915712 3.85
-15.37084579433949 6.272259778915712 4.254446064139941
-15.88624562774224 6.611306009652905 4.6
-15.92529185847943 7.172259778915712 4.6
-15.3775849688574 7.119966668537748 4.6
-15.32529185847943 6.572259778915712 4.6
-15.3799565815115 7.472259778915712 3.75466472303207
-15.88861724039635 7.472259778915712 4.263325381916912
-15.32529185847943 7.472259778915712 4.3
-15.92529185847943 7.472259778915712 3.7
-15.88624562774224 6.611306009652905 3.4
-15.92529185847943 7.172259778915712 3.4
-15.32529185847943 6.572259778915712 3.4
-15.46878415335657 7.028767484038577 3.4
-15.02529185847943 6.772259778915712 3.9
-15.02529185847943 6.572259778915712 4.3
-15.02529185847943 7.121239370752447 4.29271137026239
-4.160190517773524 5.692156452473176 3.9
-4.160190517773524 5.492156452473176 4.3
-4.160190517773524 6.04113604430991 4.29271137026239
-3.821144287036331 5.192156452473176 3.739046230737193
-3.860190517773523 5.192156452473176 4.3
-3.297542739472069 5.192156452473176 4.262647778301454
-3.260190517773524 5.192156452473176 3.7
-3.860190517773523 5.492156452473176 4.6
-3.821144287036331 6.053110221735983 4.6
-3.297542739472069 5.529508674171722 4.6
-3.260190517773523 6.092156452473175 4.6
-3.860190517773523 6.392156452473175 3.7
-3.410190517773524 6.392156452473175 3.85
-3.827651992159196 6.392156452473175 4.267461474385672
-3.260190517773523 6.392156452473175 4.3
-3.783659905528626 5.568687064718074 3.4
-3.860190517773523 6.092156452473175 3.4
-3.260190517773523 5.492156452473176 3.4
-3.358222587744369 5.99412438250233 3.4
-2.960190517773523 6.053110221735983 3.739046230737193
-2.960190517773523 5.492156452473176 3.7
-2.960190517773523 5.529508674171722 4.262647778301454
-2.960190517773523 6.092156452473175 4.3
3.759415510659218 2.472151362371827 3.7
3.759415510659218 1.926816085403898 3.75466472303207
3.759415510659218 2.43547674428874 4.263325381916912
3.759415510659218 1.872151362371828 4.3
4.059415510659218 1.572151362371828 3.7
4.166558367802075 1.572151362371828 4.192857142857143
4.625017640724072 1.572151362371828 3.734397869935146
4.659415510659218 1.572151362371828 4.3
4.059415510659218 1.872151362371828 4.6
4.659415510659218 2.472151362371828 4.6
4.098461741396411 2.433105131634635 4.6
4.586205156130068 1.945361716900978 4.6
4.114080233691288 2.772151362371828 3.75466472303207
4.059415510659218 2.772151362371828 4.3
4.622740892576131 2.772151362371828 4.263325381916912
4.659415510659218 2.772151362371828 3.7
4.059415510659218 1.872151362371828 3.4
4.659415510659218 2.472151362371828 3.4
4.098461741396411 2.433105131634635 3.4
4.586205156130068 1.945361716900978 3.4
4.959415510659218 2.472151362371827 3.7
4.959415510659218 1.926816085403898 3.75466472303207
4.959415510659218 2.43547674428874 4.263325381916912
4.959415510659218 1.872151362371828 4.3
15.82451685136513 1.337383312897222 3.75466472303207
15.82451685136513 0.9329372487572806 4.159110787172011
15.82451685136513 1.392048035929292 4.3
15.82451685136513 0.7920480359292923 3.7
16.12451685136513 0.4920480359292921 3.7
16.72451685136513 0.4920480359292921 3.7
16.72451685136513 0.4920480359292921 4.3
16.27451685136513 0.4920480359292921 4.149999999999999
16.72451685136513 0.7920480359292923 4.6
16.12451685136513 1.392048035929292 4.6
16.72451685136513 1.392048035929292 4.6
16.23165970850799 0.8991908930721495 4.6
16.20104746361003 1.692048035929292 3.776530612244898
16.72451685136513 1.692048035929292 3.7
16.12451685136513 1.692048035929292 4.3
16.62648478139429 1.692048035929292 4.201967930029154
16.72451685136513 0.7920480359292923 3.4
16.64798623912023 1.315517423684394 3.4
16.26176174932431 0.9292929338884759 3.4
16.12451685136513 1.392048035929292 3.4
17.02451685136513 1.337383312897222 3.75466472303207
17.02451685136513 0.9329372487572806 4.159110787172011
17.02451685136513 1.392048035929292 4.3
17.02451685136513 0.7920480359292923 3.7
19.97001216363829 3.331949799588105 3.7
19.97001216363829 3.781949799588105 3.85
19.97001216363829 3.364488325202433 4.267461474385672
19.97001216363829 3.931949799588105 4.3
20.34654277588319 3.031949799588105 3.776530612244898
20.2700121636383 3.031949799588105 4.3
20.77198009366745 3.031949799588105 4.201967930029154
20.8700121636383 3.031949799588105 3.7
20.33001216363829 3.511949799588105 4.6
20.2700121636383 3.931949799588105 4.6
20.6800121636383 3.761949799588105 4.6
20.2700121636383 4.231949799588105 3.7
20.8700121636383 4.231949799588105 3.7
20.2700121636383 4.231949799588105 4.3
20.7934815513934 4.231949799588105 4.223469387755102
20.2700121636383 3.331949799588105 3.4
20.34654277588319 3.855419187343207 3.4
20.77198009366745 3.429981869558951 3.4
20.8700121636383 3.931949799588105 3.4
21.1700121636383 3.481949799588105 3.85
21.1700121636383 3.931949799588105 3.7
21.1700121636383 3.331949799588104 4.3
21.1700121636383 3.899411273973778 4.267461474385672
7.904910822932388 4.412053126030641 3.7
7.904910822932388 4.973006895293448 3.739046230737193
7.904910822932388 4.449405347729187 4.262647778301454
7.904910822932388 5.012053126030641 4.3
8.204910822932389 4.112053126030641 3.7
8.804910822932388 4.112053126030641 4.299999999999999
8.243957053669581 4.112053126030641 4.260953769262807
8.752617712554423 4.112053126030641 3.752293110377964
8.243957053669581 4.973006895293448 4.6
8.752617712554423 4.464346236408606 4.6
8.204910822932389 4.412053126030641 4.6
8.804910822932388 5.012053126030641 4.6
8.204910822932389 5.312053126030641 3.7
8.243957053669581 5.312053126030641 4.260953769262807
8.804910822932388 5.312053126030641 4.3
8.752617712554423 5.312053126030641 3.752293110377964
8.243957053669581 4.973006895293448 3.4
8.752617712554423 4.464346236408606 3.4
8.204910822932389 4.412053126030641 3.4
8.804910822932388 5.012053126030641 3.4
9.104910822932387 4.973006895293448 3.739046230737193
9.104910822932387 4.412053126030641 3.7
9.104910822932387 4.449405347729187 4.262647778301454
9.104910822932387 5.012053126030641 4.3
-0.01469520550035497 8.03205821613199 3.7
-0.01469520550035497 8.632058216131989 4.3
-0.01469520550035497 8.577393493099919 3.75466472303207
-0.01469520550035497 8.068732834215076 4.263325381916912
0.8853047944996451 7.732058216131989 3.7
0.285304794499645 7.732058216131989 4.3
0.8462585637624523 7.732058216131989 4.260953769262807
0.3375979048776096 7.732058216131989 3.752293110377964
0.2853047944996452 8.632058216131989 4.6
0.8853047944996452 8.032058216131988 4.6
0.324351025236838 8.071104446869182 4.6
0.8330116841216805 8.579765105754024 4.6
0.8853047944996451 8.932058216131988 3.7
0.2853047944996451 8.932058216131988 4.3
0.8462585637624523 8.932058216131988 4.260953769262807
0.3375979048776096 8.932058216131988 3.752293110377964
0.2853047944996452 8.632058216131989 3.4
0.8853047944996452 8.032058216131988 3.4
0.324351025236838 8.071104446869182 3.4
0.8330116841216805 8.579765105754024 3.4
1.185304794499645 8.03205821613199 3.7
1.185304794499645 8.632058216131989 4.3
1.185304794499645 8.577393493099919 3.75466472303207
1.185304794499645 8.068732834215076 4.263325381916912
12.05040613520556 7.512908658952261 3.739046230737193
12.05040613520556 6.989307111388 4.262647778301454
12.05040613520556 6.951954889689454 3.7
12.05040613520556 7.551954889689454 4.3
12.35040613520556 6.651954889689454 3.7
12.38945236594275 6.651954889689454 4.260953769262807
12.89811302482759 6.651954889689454 3.752293110377964
12.95040613520556 6.651954889689454 4.3
12.38945236594275 7.512908658952261 4.6
12.89811302482759 7.004248000067419 4.6
12.35040613520556 6.951954889689454 4.6
12.95040613520556 7.551954889689454 4.6
12.35040613520556 7.851954889689454 3.7
12.38945236594275 7.851954889689454 4.260953769262807
12.95040613520556 7.851954889689454 4.3
12.89811302482759 7.851954889689454 3.752293110377964
12.38945236594275 7.512908658952261 3.4
12.89811302482759 7.004248000067419 3.4
12.35040613520556 6.951954889689454 3.4
12.95040613520556 7.551954889689454 3.4
13.25040613520556 7.444812032546597 3.807142857142857
13.25040613520556 6.951954889689454 3.7
13.25040613520556 6.986352759624601 4.265602130064853
13.25040613520556 7.551954889689454 4.300000000000001
-17.23303508469525 -4.667450602162076 2.450131133048892
5.595774140761442 5.012053126030641 2.456873376656584
-18.53442854065038 7.172259778915712 2.461976821264478
-18.90581313676397 -1.527548838503263 2.464274217020819
-14.7603178244908 1.012352925155547 2.465375790952845
-13.08753977242209 -2.127548838503263 2.465937052303445
19.33365353353607 0.7920480359292936 2.471350541136611
-8.942044460148914 0.4123529251555479 2.473103313205915
-0.6510538356025783 5.492156452473176 2.476429882785169
7.268552192830164 1.872151362371828 2.477987239493312
3.123056880556995 -0.6677504012869854 2.483827135416936
11.41404750510333 4.412053126030641 2.492658922388993
1.450278828488273 2.472151362371828 2.495640613261272
15.18815822126291 -1.747853727729521 2.459336026284189
13.51538016919419 1.392048035929291 2.459485958940256
-16.86165048858166 4.032358015256899 2.44966457565186
17.66087548146735 3.931949799588105 2.456701266941972
5.224389544647847 -3.687755491388334 2.460020971162231
-10.61482251221764 3.552254688814363 2.468686152625225
9.741269453034612 7.551954889689454 2.477942061792295
6.89716759671657 -6.827657255047146 2.49014386594874
-2.695216483784895 -0.0677504012869854 2.474457846828876
9.369884856921018 -1.147853727729522 2.478546569549346
11.04266290898974 -4.287755491388334 2.479743334281808
-6.840711796058063 -2.607652164945798 2.48571493298036
-1.022438431716174 -3.207652164945798 2.49188524991433
17.28949088535376 -4.767858817830869 2.441293371521375
-4.796549147875748 2.952254688814363 2.467702366637941
-5.167933743989344 -5.747553928604611 2.449832197232211
-10.98620710833123 -5.14755392860461 2.487261963966266
-6.469327199944468 6.092156452473175 2.492526087059507
18.56710923258593 -7.307760581489682 2.21350664728689
15.62493999831329 6.951954889689455 2.484663133778024
-19.4707871707526 1.371914584449951 2.5
19.8986275675247 -2.119549077646578 2.5
20.8700121636383 6.570156925925819 2.5
-19.8421717668662 -7.308699205603891 2.5
13.07818267875471 -7.307760581489682 2.5
1.0601099599652 -6.227657255047148 2.5
-22.58848828916291 4.632358015256893 2.411381134580963
-9.708588761099055 -7.687455692263423 2.214973409974422
-14.94158161723819 -7.687455692263423 2.364926805361744
-22.74108641335465 -4.067450602162076 2.262596250353123
-12.69641311437825 7.172259778915712 2.5
22.75371865258665 -4.767858817830869 2.225147468288943
-1.928672182834757 8.03205821613199 3.034626040171709
5.766952598860745 -0.7042136376339319 2.5
2.412460877047953 5.652507999158283 2.5
-9.639215812598049 -2.633390172532051 2.5
14.55939483224044 3.7402575677552 2.5
-1.881124769773023 3.040534455331375 2.5
10.06540378145105 1.904974400534451 2.5
1.912572382277133 -3.102582989794112 2.5
-5.843315379066953 0.6242272294414266 2.5
-13.53628209014072 -5.110388519929608 2.5
13.5844739376378 -4.318201165975467 2.5
-22.48087653435464 -6.582784942963412 2.496229453950003
-9.121100055539747 6.109122585691058 2.5
-2.226321668274492 -5.633967135530065 2.5
-13.14971429712043 3.577154985965203 2.5
-21.59345879906309 6.960672883921735 2.5
6.817505598491715 7.458304333442499 2.5
9.994420437775265 -6.6054748251545 2.5
22.92481892047803 3.331949799588105 2.223081393749217
-8.377070426160287 -4.847553928604611 1.692108135599313
16.75302059980328 1.063544287491142 1.681183229560169
22.51510238772921 -7.250263933400015 2.485306651371568
7.833526226818793 -4.587755491388334 1.666576969531493
-3.645718497186863 5.856182974160569 1.66975323628927
20.2700121636383 3.031949799588105 1.668675378872664
-8.005685830046692 2.65225468881436 1.661843103146586
9.104910822932387 5.012053126030641 1.662935369606682
-15.60830975666881 6.555277677105086 1.66637714305026
-15.69667645459303 -1.227548838503264 1.66422270049497
-0.08607980161394979 -0.9677504012869854 1.674314321294526
17.57174378505205 -1.588033254806276 2.355165714420377
-17.14253868722779 0.8510331274895808 2.353561151737187
12.87902153909196 -1.747853727729521 1.67477821206038
3.688030914545624 -5.927657255047148 1.680931167835257
-3.860190517773526 7.932656520436778 2.034220400777334
-12.45118114231986 0.4123529251555502 1.675273938530575
3.759415510659218 1.872151362371828 1.678372499391859
21.86428523077069 0.7706759879431258 2.5
0.8853047944996453 7.732058216131988 1.670801627058887
-19.4707871707526 3.732358015256898 1.665927953924344
-19.5421717668662 -4.667450602162076 1.666021903102941
-4.531575113887115 -3.207652164945799 1.689691373643227
19.5986275675247 -5.367858817830869 1.669222884398048
13.25040613520556 7.551954889689454 1.678676492074798
2.829538922072854 8.03205821613199 2.224117708771229
15.45313225525154 -7.307760581489682 1.692711455312518
-21.94734942237596 1.951017879499689 2.5
-12.82256573843346 -8.287455692263425 1.688736132079581
20.4986275675247 -7.686059138614377 2.928650196315321
-21.42646840835921 -1.514254164969778 2.5
-6.301567839558668 -7.756567031159729 2.388838265787129
18.64547119572092 6.000995500637607 2.734113456730189
0.8853047944996452 6.088802113312243 3.4
22.49914474698262 -1.696413134407364 2.5
0.5139201983860502 -2.593162850614693 3.4
3.688030914545624 -4.295592470026333 3.399999999999999
-4.231575113887119 -0.6517933566346648 3.4
-11.55118114231986 -1.488972127308164 3.4
-15.69667645459303 -3.603329419942176 1.861607322264603
-3.260190517773524 3.572326827764221 3.399999999999999
4.059415510659218 3.956576101976775 1.877905627195581
7.833526226818793 -1.753761297038132 3.4
8.204910822932387 6.93421216262383 3.4
15.75313225525153 -5.405681466881189 3.4
22.80516682260934 5.504621493013121 2.624019269483454
-0.08607980161394979 1.444809688402882 1.92194120841862
12.95040613520556 5.437444182066039 1.928636972269846
8.433526226818792 -6.16386327488271 3.4
-17.40792305671152 -7.621014658487045 2.465913559831527
11.97902153909196 0.3432584177478708 1.892220265725239
-20.07078717075261 6.003192436315506 1.839660367841111
-8.377070426160287 -3.267686607302041 3.4
16.12451685136513 2.838574683796706 1.917713553498577
-15.32529185847944 4.654769633854904 3.4
1.973676338478382 -8.019129157540384 2.256192174669353
8.804910822932388 3.127020648487261 1.826694139558097
-0.8918366979904266 -7.639822967811402 2.357956662547982
-8.005685830046692 5.415837920281301 3.4
-0.08607980161394979 1.768897202035775 3.45466472303207
4.659415510659218 -0.007206996427883583 3.434397869935146
-20.07078717075261 6.562556884638672 3.399999999999999
-20.4421717668662 -2.909365951136085 1.789518052206575
-12.44365669088652 -5.616842220035747 3.641822909037556
12.57902153909196 -3.564232212383642 3.4
-7.405685830046692 1.035760986327286 3.437352221698546
-17.32698423373478 -2.127548838503264 1.740895350873057
4.059415510659218 4.374635188998629 3.45466472303207
-11.55118114231986 2.130460981737113 1.785984741774196
4.288030914545624 -8.153155831934509 1.862925435748982
16.72451685136513 3.186251934376967 3.399999999999999
-20.4421717668662 -2.235518221318771 3.476530612244897
-12.15118114231986 2.839347308218303 3.439046230737193
20.4986275675247 -3.68800190887139 1.771184730374834
9.47478537760213 -3.687755491388334 1.756085172581971
-3.631575113887117 -1.494585762590236 1.769508117621371
-8.005685830046691 4.605266256837943 1.742892101333704
20.8700121636383 1.523521641059705 3.399999999999999
1.558748699501417 -0.06775040128698545 1.761846643205267
7.833526226818793 -2.598298271744986 1.76340950468614
20.8700121636383 4.915438798970793 1.73836951811311
-3.273387862576536 -7.735973192572532 2.51246076791584
5.612803643639502 1.872151362371828 1.732618121968835
-6.372434612472483 3.552254688814364 1.745519490647651
-11.92256573843346 -6.570784529506434 1.768375347434262
11.31210207273441 6.951954889689453 1.75009659057998
10.94022340252164 -1.747853727729522 1.750857034520907
-16.29667645459303 -3.924529279390414 3.4
-4.231575113887119 -5.0047593946553 3.399999999999999
7.161429782020257 4.412053126030641 1.778795974591302
8.204910822932389 2.62671233262978 3.4
12.57902153909196 0.6451791733013366 3.4
12.35040613520556 5.172605363372784 3.4
18.49696378799128 2.362659987049227 2.640057125370683
-13.92394023516846 -0.5575728154414734 2.640391561753104
-6.00359952550279 -4.179192949411171 2.640613386883255
-9.778521294021786 1.98249683425287 2.641359371967341
6.060192217881935 -5.256417398554534 2.642001698691517
-10.58305446263986 0.4123529251555513 1.773250180343492
-2.663757934153754 -3.207652164945799 1.757794363225186
16.12451685136513 -1.001047825455646 3.4
-17.69777722413705 5.601732306027763 2.638500049478077
-1.859153336510718 -1.636984906448695 2.64352103855741
-10.5665330387671 7.791583392207825 2.798198241565601
14.35177233892689 -0.1779097566669915 2.639210639979086
3.688030914545624 -8.586487828533436 3.4
-16.29667645459303 0.2256101583363499 3.4
-15.92529185847943 8.273486093723314 1.863852043409341
-13.73809307446897 5.477473170390413 2.022870930532149
17.5603629801698 7.876208872827309 2.797356555910659
-5.557450071836373 7.76736310117676 3.059594331899572
14.71225015599682 7.551954889689454 3.507142857142857
14.03828421860072 -7.907760581489682 3.4
-7.78361301165069 7.856466992528034 2.626395150372055
18.18657806287924 -5.367858817830869 3.4
-18.01853846613922 -3.2093612251595 2.867100720211594
6.49927725980708 4.412053126030641 3.4
18.41153412687909 1.069696060986879 3.677648025057586
-7.777070426160288 -6.854890559990984 1.782660336414143
10.6269363107987 5.873676945163644 2.878050109591331
2.235693337117978 1.014257353764833 2.887359882754378
4.681033408641792 6.990521230239987 2.852310188864015
22.19821955174757 -5.367858817830869 3.4
17.04015322142113 -7.907760581489682 1.77353664941133
6.356522013124573 2.472151362371827 3.399999999999999
10.12993220779415 -3.687755491388334 3.4
1.992103798122973 -6.827657255047147 3.4
18.04841401909935 -7.907760581489682 3.4
14.44726480066438 1.069696060986879 3.677648025057586
-10.22819267333331 -8.287455692263425 3.4
22.79818369774448 7.78266607677925 2.568105396411185
-21.2270115354475 -4.667450602162076 1.808199188042687
15.10952288935054 1.392048035929292 1.898352398461803
-21.76086752479065 4.032358015256899 3.4
-3.597690517773522 7.818072327055106 3.6625
-11.21440253913745 5.612808818371795 2.849407031500757
20.4986275675247 -3.063751318083651 3.399999999999999
10.28213830319542 -1.747853727729521 3.399999999999999
5.31819522704415 -6.827657255047147 1.917429346988827
-9.715960568017074 3.214754688814363 3.6625
-5.94146957895788 -2.945152164945799 3.6625
-5.679533339981642 3.552254688814363 3.55
-22.12107716343189 -3.767450602162076 3.7
-14.19858299040768 -8.287455692263423 3.4
-18.00406008134206 -1.861987614013467 3.665561224489796
-14.02243712829398 -2.427548838503263 3.7
-22.91666678876076 0.03353128280271467 2.784520356593445
-17.74907205761593 2.485553882544514 3.133008439092706
21.25407668743888 -5.367858817830869 1.828836601010319
18.18021213289276 -3.224925892762175 3.120268884029445
-21.00879144569949 4.632358015256899 1.894991332074715
-5.5094377049273 -1.275382405432785 2.108633344553788
-19.5421717668662 -6.350014314360757 3.7
21.1700121636383 5.613932490337277 3.7
-8.377070426160286 -7.70705932592385 3.4
2.165238151680486 -0.9677504012869855 3.7
-13.78442745233307 0.6900009502131368 3.677648025057586
-0.7047267686924085 8.03205821613199 1.942045867718498
-11.18998274925919 -8.287455692263423 1.846579952006723
22.51901658852326 3.931949799588105 3.399999999999999
18.5809834443373 3.931949799588105 3.55
6.146066889801685 -3.687755491388334 3.55
14.69321466333355 5.48171504586052 3.172542136489386
-17.8097316691205 4.315375913446273 3.683017898189374
14.20569937841197 -1.747853727729521 3.399999999999999
10.43675637816393 4.112053126030641 3.7
-18.21172581951462 -4.667450602162076 3.4
2.527656585103951 7.73205821613199 3.7
-15.09577152542386 3.017623397014299 2.000012379815697
-20.07078717075261 2.32336572524347 3.399999999999999
5.984443841637466 -6.544639356857772 3.683017898189372
-6.153981998489724 -6.047553928604611 3.7
-1.98140885201461 -2.945152164945798 3.662500000000001
-15.47603368380477 -5.702721849419532 2.020418583801673
-10.30236789219157 -6.382155785512958 3.360876898693249
15.52565439473628 -3.751413673993703 2.003491022104357
-2.181614936929188 4.719041597056001 1.795742797847442
-1.640412865497581 5.492156452473176 3.4
14.34858761717712 -5.985256926679285 2.340326642802586
2.312106812996389 -4.890373706683186 2.326525790708973
-16.22529185847943 8.786057218190129 3.7
2.447241535831411 2.472151362371828 3.399999999999999
19.50313477774538 8.034346369189866 2.290800194573832
-1.975952989719552 6.614404947005991 1.857256652524139
4.659415510659218 2.772151362371828 2.094839258416007
5.969692665531163 -8.266239264469903 3.096541066494475
7.668467919778787 -0.09073146323163372 2.01834202409233
-9.813533824957005 -0.9841870591586593 3.238317815403978
-14.10523742607797 8.229451411255077 2.015221798856545
-1.826418851090567 1.317369206995078 3.249854060972978
8.540450479147363 -8.038757138292045 2.555200521592631
-17.58818312325747 6.855277677105086 3.683017898189374
-3.860190517773524 4.298899541702481 2.077363256123386
10.66265128630881 7.812908658952261 3.7
10.24933352289604 0.2522796915149277 3.221706340435319
11.92336570140082 2.523321519971627 3.01829310875276
-17.01582678922468 7.172259778915712 2.082818643201864
0.9480207174919073 4.360537212871838 1.982743627124055
-11.48728926402715 -3.258609299840578 1.986461029345859
-9.914992274321236 0.733941864689529 3.678411060466021
-1.716870641772355 -0.3893393408209644 3.678411060466021
-7.4404206881903 -0.7862425684094134 1.91162178473874
7.713446649119465 6.091544820761462 1.824179944613407
3.722348713085026 -2.487651157039529 1.942909563350207
-23.15883133783949 -2.097741231330032 3.082140932166489
-0.4181086330193737 -5.017453410487382 3.058406039071841
11.29093748670634 -8.034020245435457 3.060674441262861
-3.295296904649587 1.754601294413736 1.94782073932631
-20.4421717668662 -5.919423159971358 2.231202122140875
-13.55169083435757 6.572259778915712 3.6
-13.32220501263991 1.903967179798428 1.994099737399084
19.5986275675247 -7.002739453555689 3.7
22.22058633381483 -3.429942158620235 3.248793021466911
-14.57553516174056 -2.127548838503263 2.156865984357819
16.19961983112384 5.147900164412541 1.95331682711714
11.97902153909196 -2.895070875270359 2.15531350921694
-1.209370430775008 -0.06775040128698545 2.15934375187087
-21.02318069593192 0.3181499053531143 1.921281096417674
16.35313225525153 -6.122455522707383 2.153574132698952
-3.631575113887118 -4.346379681389545 2.160927694001907
-21.48403039653511 -8.114913086826361 3.103028488925193
12.29254045544609 -5.63705889440945 3.123348964811306
-9.126917738061564 3.552254688814363 2.156174269792437
-20.14374418125297 8.111973827454641 1.878816393979184
-14.25626300923083 -6.436483348898442 3.329409023814003
19.17371106390394 4.574793048941024 1.894594337977325
6.412154089473899 0.6527676753309641 3.337795830637769
16.72451685136513 -0.3449160585818752 2.193241002670133
4.659415510659218 0.7837262402879934 2.166557712803634
6.730128954756508 -3.687755491388334 2.160604396540565
-11.55118114231986 -0.660207873740707 2.168437330033092
-14.61932679976165 -3.913934263972775 3.136674656730535
12.35040613520556 8.61145224228409 2.171685563165952
-5.462498034241649 5.392156452473176 3.7
-18.62814969266687 -5.920829785482944 2.342112487730845
-6.69493499741529 -5.747553928604611 2.067174447973875
-10.11998645339136 -3.998038066258929 3.344599766175124
22.61319767819707 2.069994409430269 3.37169132653332
20.58125068270401 -0.4702650171380565 3.11708927459752
-23.19435168795967 6.242189715373037 3.135272414437095
-17.92845360715654 -0.2274872492148541 3.351192006491236
6.438932525700434 6.103066714259747 3.39156016045968
17.85525116323349 -0.6534267851720463 3.7
-5.798608141617905 2.114508173441389 3.7
11.97902153909196 -0.8478537277295213 2.205479411776929
9.60247897866393 2.795230761009342 3.7
15.04259870973615 2.858073687284742 3.699999999999999
-0.3441876346711032 3.810553243565705 3.191403510736786
-23.11067284398052 8.123615460343853 2.732941115053478
-9.621963521583671 4.845652000194916 3.43455724859141
-13.5069449393843 2.219804855470612 3.699999999999999
-6.871998709731333 -7.306630147543908 3.7
0.477883129940059 -4.01798915383563 1.799117221985742
0.5139201983860502 0.2322495987130146 2.247722955405242
9.609210205072873 6.621759975713001 3.699999999999999
9.758509738705603 -5.524388685854703 3.699999999999999
1.342915919271636 -1.656335008700541 2.026579736456096
3.688030914545624 -7.02051439790429 2.222602470350221
-23.21220665411938 3.043196810518981 1.768820459011004
23.23294232231713 -0.1923547639454311 3.215031545244215
12.35040613520556 6.651954889689454 2.24833967707971
-18.27167854568423 4.032358015256899 2.351464835543695
12.87243469502287 3.53374615266303 1.826477800158602
21.75214278555968 -6.701536800650263 3.7
-1.041395088999009 6.802701249387891 3.699999999999999
-9.486985032804688 -6.060504685828076 1.946768298017835
-21.70824242992498 -5.967665656412773 3.7
-16.29667645459303 -2.427548838503263 2.25053593258215
-5.012280276539191 6.631292969246754 2.047939319384027
-21.51620514124759 5.701210692178021 3.7
8.204910822932389 4.112053126030641 2.253581931550116
-6.585999391338488 1.97763589349332 2.028827755312862
19.8986275675247 -6.554803579350101 2.354875169023505
9.250741317406904 -5.257504349465766 2.031106636348731
16.42242404401079 -2.804866419073698 3.263058526975305
21.67648954786114 2.313562819570069 2.037129000034088
17.93608551970485 0.7920480359292923 2.379901018866874
-2.694020021447014 -4.732899269340116 3.7
5.200099323650136 -4.706646829863605 3.699999999999999
21.15398550859613 8.220638641279104 3.198294475354678
-20.86772411170386 3.042846938266118 2.041494635313523
8.546115067633338 0.8551090913835072 3.284609918719042
21.1700121636383 3.931949799588105 2.278130092435254
-12.69304632668585 -3.703251166378738 3.25535000345628
-19.89807719227503 -0.2252558688426556 3.223552415037493
-15.99634673273653 2.071148413846329 3.244768443357801
15.75313225525153 -8.607088503080922 2.098631099144775
14.16852088359236 -6.55039125521862 3.7
11.62534515288088 -6.565624048103323 1.725508650106389
0.5052948323809798 -8.330556927686507 3.171611825928458
8.162029975256944 -3.659251742950183 2.274981300202606
4.90640836726807 -2.098985956086443 3.238227119902308
0.2853047944996452 8.93205821613199 2.252645100550015
10.92021550274317 6.651954889689454 3.7
2.110283287235317 -5.478394695352556 3.7
-15.92529185847943 5.380052064951457 2.361410065869993
-4.315197624614584 1.135368685444671 3.285850794128821
4.033217150441947 5.742535266549629 1.742573044499232
-13.45155736035833 -6.877870998870549 2.039696495370158
-0.7888518158727937 -2.252641278621862 3.7
-1.193360279151538 8.87739349309992 3.7
-4.301995715408256 0.1570925578377079 1.735280796890256
-4.824181428852478 -7.29181932081189 3.274012184183668
-9.247976352692834 8.303095444851783 1.71231278347056
19.02379533143229 -0.7863411623542096 1.708177514384061
-13.17701071421002 -1.016612264941047 3.7
8.249634512337746 8.260462883393309 1.752120469186617
-16.69740623738775 -6.177037741767124 3.223173763445609
1.24128195186762 1.503423708593241 3.7
3.144535745970503 0.3805745900907336 3.7
17.30466715847905 6.513054009505754 1.687452553938877
-5.676040571106947 -1.584878733917829 3.7
-19.4707871707526 4.9323580152569 2.165862878301397
-18.58935337728802 0.04835823814997647 1.713743039260333
10.11524417412689 -8.245785434749914 1.724066885940916
2.453123727257237 -8.080177378021348 3.7
23.35910143355079 1.050701286599041 1.660722940241098
5.380937467598159 8.219552887296389 1.763830004252219
-8.699556805347026 1.380674262969637 3.7
9.315590920937252 0.4793839888182864 1.741406554864348
-14.98031984508644 0.0356002646546989 3.7
-14.08177040938816 5.27351249719789 3.7
23.31407534261499 -3.1343734465274 1.906997898926871
-16.73725991211657 2.447816551454501 1.693019230821161
-13.60574170304598 8.140986115053614 3.503765644157634
14.22864819117439 8.529102135575954 2.395179305185513
-21.15674281583257 8.369866756924081 3.371354147585378
13.79265283588182 -3.004711561359207 3.7
16.9900678150654 5.928338057654787 3.311795739895795
17.14677262988721 -3.158776506939072 1.708142490359136
-12.18073655091798 4.767696586785163 1.661141958939221
19.00362656611647 -3.988148949880096 2.051164513294673
-21.29982297804096 2.79811558669641 3.7
5.853481350579786 -2.25043817132388 1.68784460223454
7.142156195089295 -5.846596226204665 3.7
12.35040613520556 8.946473720017337 3.400000000000001
-13.69817348654426 -3.569875870410078 1.693360522877999
-9.116172745836277 -1.19983279692267 1.652985328725847
10.01776530214844 4.412053126030641 2.453750369259686
-0.7397991785367469 -6.038834766740565 1.680573936511803
-8.163364008328347 -1.540588122930428 3.306470559422969
2.890379747569596 3.754864953063397 3.7
19.97001216363829 5.411369838403189 3.7
-18.81356937861342 6.193106153655196 3.7
-3.663453393518428 -6.234474842204561 1.731451212169859
1.954417610417027 0.1932033679758218 3.7
-5.397381851801987 4.985195712118207 1.655163797739519
-23.24080294249476 -8.253033200569906 2.583832283676798
7.080385587994592 -8.345136884336446 1.672219450868671
-23.32307726329529 -5.309400822094573 3.341723606747712
0.2853047944996451 6.828276202373614 2.457329955892454
6.67403115383231 -2.385415923020194 3.7
-7.112913114084973 -3.593820826704266 3.7
-17.06176903508984 -0.6511110293025791 2.05763612656414
-7.678013579465923 3.579926939395132 2.274035434629839
4.288030914545624 -5.028907557905798 2.461934697036269
14.14643232520148 6.951954889689454 2.460910222845685
2.593357436158835 -6.227657255047148 2.375607703759822
-11.73449236626925 8.303579810561276 1.678424019716339
-17.49534235122915 8.241730290155713 3.057011561525723
-16.58386791749366 5.013608748481968 3.7
-23.34110256903959 -5.47512965366975 1.577534902617966
16.12451685136513 1.692048035929292 2.336953293453234
-2.862188554718631 -1.087356003021451 3.7
-4.761892661080526 -8.339866995409709 1.922815825598032
-23.31873457826898 1.300980945993922 1.701803560272632
-5.443349317547805 -2.607652164945798 2.465912564506973
19.49493106250208 1.832057522594519 3.699999999999999
21.36417298068068 -0.7610099953885922 1.621001735424734
-19.17331528876926 -2.533487179692619 3.7
-10.12705867223726 4.991855493058635 1.683969621943664
-2.139030513362023 4.202378278639679 3.7
9.058780286586812 -2.143750356973122 3.7
2.416860571957055 3.57104959689606 1.616334475806197
11.0535949669171 2.987120425753959 1.624700366010311
-8.239297225025195 -3.147919126247859 1.67320798505301
-6.440909161408332 7.557004860618075 1.610558611154779
-19.36037000942688 8.337104543132991 3.349046287901425
-6.340769945110664 -4.886600159341804 3.7
14.07555157605231 -2.954707181588702 1.609998477507343
-10.89886178880174 2.541559657534213 3.7
-9.894834843557652 -4.088587541466338 1.66487115664476
-6.75352612307212 5.093903539052199 3.7
1.664695870242053 8.632058216131988 2.21801830189241
5.291437254388984 4.003297314011411 3.7
21.45899348155833 -8.309934163161635 1.661802179580573
-0.4100353266689256 3.087268704400186 1.660567625253367
8.342914129118578 -6.635295190100866 1.612233828878545
2.303707356107422 8.87739349309992 3.7
20.04654277588319 3.931949799588105 2.319251419544992
14.17267028097531 8.72233961551138 3.7
-23.44562601054969 3.151918071990927 3.399274538178732
-11.0258252008353 6.713470020063577 1.59099436218535
-18.73422001906585 -8.385448065709731 3.121379515606999
-3.609986174353139 -2.88606322541182 2.298546016368218
8.804910822932388 6.20635506392644 2.51223736621351
-9.144496415388566 8.419510630185512 3.432478725957955
5.745375065575002 6.479906277361238 1.664013144650876
-12.18253743483687 -0.9063604319764905 4.031356292517007
-14.29189934184808 -1.282213561535333 3.7
11.34450356857215 -3.271669580176207 3.7
1.04574488253511 -4.244796445648398 3.34956881821301
-23.39026339836795 -2.730933068849197 1.602739801098487
-23.38372298236092 -1.05143989598111 1.590541738395474
-20.79737171567341 -8.350534236354045 1.581994992550061
14.54131818035715 5.112391767209266 1.554859311683584
-17.15412986543794 -6.207853275277143 1.621786939068548
14.05428212951167 -8.348488365721968 1.737180403731998
-7.794868353769105 6.549156187332661 1.600613676468033
12.93124154706618 -5.546949481698316 1.592071760158354
-11.53419904050924 0.7293350269661765 2.302387733195608
12.08734055490932 -8.330337116351812 1.616230875722876
-16.15258073247803 -8.307799758580405 3.386896630305258
19.72152132692366 -8.34514957943572 1.612845001314049
-23.37366188100529 1.508345442050679 3.354269397702915
23.36584820253428 -0.6000957255628422 1.620388482371214
15.73585502354132 8.412202558345692 1.653675524219753
16.08219724252288 8.424306644187935 3.259583060431706
-18.4880941779372 2.400789141740752 1.65464797378329
17.83619389978737 2.632231474785433 3.7
3.985377920124392 8.400759201338246 3.334787864964348
-8.005685830046692 1.740578684218709 2.556811044104989
21.44700460719739 7.843739889812769 1.612547890426171
0.5580670951714655 -7.502566493437882 1.571424047741892
-12.52709445899282 4.794433206978905 3.423796894529182
-7.777070426160287 -4.032066747980014 2.467009250727837
-8.157610660658616 -8.448523308562891 1.946275567696705
-1.702940778577443 1.499198189700518 1.618632008184237
23.38634738867674 -6.163904909162847 1.567401658521141
15.01187798284048 -0.4479179250626653 3.7
13.39021842730146 3.112964881215406 3.471934955390108
-20.17693125438035 -1.039910865790664 1.541816265811656
-2.049343104774427 -7.028863787769471 3.358152080915362
-2.960190517773523 5.492156452473176 2.386786782117051
5.7539927148379 8.381748044510468 3.366908594091795
-1.395216856910734 -4.537485449086295 1.607867110140836
-23.00704568269757 6.891191538087773 1.600230418491976
-12.25875280765562 -4.646822033469215 1.585718936612791
4.445318639530079 -1.058716187315236 1.600234027805441
-0.2308337538347603 -6.599671735090521 3.436033542663217
1.268620838294206 3.770752927460781 3.476024996743355
13.54450587803484 5.459588077334495 3.7
12.27834014274921 1.908017812078983 1.522216940971009
-21.63604132722535 -2.944046336311863 2.610428285779887
-11.98768403909839 8.353406403991452 3.38336067768913
-0.08607980161394979 -1.863512468211576 2.563233751856942
17.87322675514708 -5.994538944342997 1.536018809478302
19.29601465609208 -3.283397830326734 3.7
-17.92904965153251 8.422393502593284 1.499131386760698
-18.87013234615997 2.548377811379336 3.7
-4.45926163552477 3.966047248009557 3.7
3.181788342999772 -2.753102816906364 3.45139462501821
19.56391923160976 6.598052646723342 1.535032450287204
-6.818550820246895 -0.4768314700712695 3.379135100408142
-21.00812585823447 0.9714020777564978 3.43139030489569
4.539873896636419 -6.227657255047148 2.364136808615022
4.872648468899012 -8.310281989778504 3.7
-10.7206684130954 -1.902044588808453 1.538737481335227
-19.18027263533871 -8.454912708484072 1.564971527206728
1.871008683745782 6.977026017321545 2.390413881609413
20.61167058512308 0.9529684426580219 1.491782642725789
-2.165278709886111 -6.981532206632551 1.600557144783636
13.71184354259465 0.04775502269358622 3.7
7.833526226818793 -5.461463423686411 2.559248679830097
-16.22845893677612 -8.37359645456541 1.577055725203308
-18.85086490577303 -2.929944292096971 1.510813001943212
-15.32529185847944 7.328767484038577 2.369428740152275
3.423804495222558 -4.021203057615341 1.548740473971538
10.17632622784322 5.273006895293448 3.7
-4.965918297953261 1.616578128085373 1.583911561724025
21.79438497857307 -2.763008731361077 1.517954957164474
-21.83592893257667 -4.667450602162076 2.891674626694773
18.64168146377039 -2.496740914414286 1.570296005169829
10.70875084042642 8.430345688685575 1.535543903394304
16.04928776487843 4.6391012469201 3.46647522294945
11.40339559274677 0.3360699301286074 3.7
5.835571942281767 3.449253222975888 2.511550651787529
-9.837811121533749 -5.147553928604611 3.7
-18.80553017086061 -4.067450602162077 2.455155296833812
-3.260190517773524 6.868920113297984 2.287234268628596
3.663296960826754 5.919451910228398 3.45263988345402
-20.4421717668662 -3.767450602162076 2.394101928017858
-2.405541958042472 8.43911074576023 1.545123634213447
6.257383055307153 0.4350029455592155 1.502180840835054
14.10054619799203 2.566128560399083 1.528203652749232
-15.87111170220853 0.3492159029398897 1.538681973943208
16.09601310292698 2.678578903140092 4.02850374843815
8.204910822932389 5.273006895293448 2.351902662647434
20.2700121636383 2.188238584357082 2.560329348915361
14.2403140109814 6.651954889689454 3.7
1.13717852257952 5.868231673334433 1.523062526866898
-3.510952064500538 -6.41753573839629 3.441347256724948
-21.87531204738333 8.359469695558898 1.641266468517935
-14.76986533447045 8.73259892217869 3.7
13.6147167873228 -1.147853727729521 2.459138297384175
9.796634437841455 -8.440411475578202 3.459574552507962
-14.89174122284313 4.51398441494049 1.540938768058658
0.03759790487760961 6.692608852483792 3.7
14.93937402363057 -4.055007102073445 3.43594417666071
22.45260123377859 6.616830334659064 1.547224104632501
23.48920985793631 -6.20834369403011 3.12773592718209
16.12451685136513 0.6292929338884762 2.402486423448596
15.75313225525153 -9.186142619882148 3.4
-11.92256573843346 -7.387455692263424 2.407384820447049
19.67053365663399 6.972330170138005 3.457999592821903
-15.69667645459303 -0.4080682877597928 2.558036334986501
-21.74189982550136 -4.682677514702857 4.015226912540781
2.982399302358528 0.52486313405111 1.474716716812957
-1.621249215853495 -8.534566584573348 3.416843438625945
8.688013724151077 8.433306612004847 3.261371645781732
-11.32064783287111 -3.024203903806231 3.554081518381
-7.385217566849271 0.7287317048239195 1.54497736951535
23.35992183198837 -8.357041737588311 1.554845283329843
21.3395919723281 -1.762397405870443 3.534348096494136
9.065783576387146 -2.527057730256712 2.376296676870699
17.88772894893003 -6.625310968008259 3.7
7.194689614159715 3.242328731609854 2.601684288085702
23.36466450649163 -8.376486311866255 3.427546592661844
18.45937836413121 -4.238153960570009 3.7
-19.4707871707526 2.932048712891663 2.558914455837511
8.005847655390221 -5.533588167628094 4.066964285714286
-14.61355168176002 3.27765774728355 3.451033326159502
-23.5135752472229 -7.176312189053643 1.484081208734554
-5.235801762823598 -4.427381223746986 3.7
13.41076509895777 -0.0102356465064633 1.421502136818681
10.67695924196684 -5.375734841981571 1.441138301154722
-15.41669827237433 -5.194211439150986 3.480135167478414
1.822957435826966 6.766632863745887 3.7
-10.17251626310611 6.506071460987596 3.562494335354497
-5.375208170406685 6.671480640414112 3.7
12.65528948372529 -8.566593798560968 3.527462913287415
15.34925344186398 -0.5356444493906575 1.513940064457012
20.4986275675247 -4.467858817830868 2.426526813643601
19.0082247124805 3.031949799588105 3.7
-6.779616954756413 4.715382874771393 2.371079079931698
6.572221149002642 -4.587755491388334 3.7
0.08586710188714219 -1.915965687560827 4.041828606702989
17.79035128809098 5.071939223981144 1.424457350119033
1.456278352018009 -1.926701012222094 3.7
-2.999905062202611 3.183830077300108 1.44721669652127
-5.150903864362978 -4.595316859637149 1.424328008099519
20.4986275675247 -6.638697049455129 3.399999999999999
-22.02993052896351 5.702897303826756 1.445641029739666
-23.54488574242885 5.452224914030659 1.529310447523663
14.65029162927435 -7.307760581489682 2.572713310936498
17.54016210707873 -8.938597168089585 3.7
-11.43628395385448 -6.250134830782828 3.7
21.95692020914529 6.92517356511366 3.529654797823456
16.34054732276315 -1.711793986450854 1.438354369801577
23.53238383793093 -4.296026962129352 3.501399430816652
-13.24095791163575 0.4123529251555502 2.563728069182721
-5.204317620890342 8.475056046260336 1.502438888240392
21.8361928756631 -8.218597594418949 3.467212742689163
23.42833138118145 -2.441008325634964 3.554710293234136
6.846019814972379 -5.734987131450802 1.413711765892076
18.83787416659279 -1.824750030553528 3.568934106727618
-6.781238322262484 8.551677033125969 3.564064902272145
11.1392339207352 -6.574366473417513 3.53125201521644
4.069007054586475 7.45472021586807 1.519781300944977
-21.65930235264418 -0.4121346622919946 3.539743265532652
-5.719188759956905 -6.730244743799512 1.411534159504775
15.34023749426187 -5.183085556869393 1.493216624981904
-14.12382012294902 6.824790328532615 1.406611268667749
-18.07438753962932 -6.766279658515635 3.550071768694558
-2.085347761717125 -8.475903056840831 1.902656234404477
9.965279367073194 6.267157921601967 1.519254998304796
10.62913185811734 -0.2695682944964082 1.523204209304954
23.47219395806337 4.616455436963852 1.5308808371708
-13.04706445089906 -0.9770912613460032 1.463241145401805
-20.52838322073199 1.680394165056994 1.444409393077105
-7.309139640923831 6.761136371537658 3.575584411401404
17.58454325149345 2.759589474714758 1.484352416722344
18.27402224326313 7.668787792585714 1.466194717695364
-3.127980798781917 2.059586613511197 3.527770290168486
7.435872129445211 -8.517361927030837 3.531146747241365
1.350278108146883 1.401070413915761 1.417590310675638
-8.377070426160287 -5.864900867380121 2.279165785214762
-9.331108086391966 -7.022657946072326 3.7
-6.742919048852941 -3.67790998991225 1.410353201466595
23.48172818996868 6.665485229341041 3.40099476246457
8.426068821741662 1.689697860409489 1.510322501023417
11.25408897329437 5.472117682375414 1.418433343860255
12.17657142415538 -4.235841568701223 1.472586941402874
11.17282621832103 8.676869873600028 2.810127000783496
19.42303432967237 -8.552034418560069 3.586363861590265
5.339113927346207 -4.766809952233587 1.402947837891266
-11.63530639755141 6.890771448319605 3.540692666304646
-18.59841182342661 6.011443863930504 1.494906481011198
12.29600364090259 -1.764835829540147 2.462091326715709
3.000445824312259 1.872151362371828 2.565324308006513
12.24485608719692 0.08353943643029171 4.138611516034985
20.48448418422496 2.116017274677384 4.064026521687392
14.56748886934207 -8.89827165588785 3.7
-15.4513411776251 -3.413718683578593 3.7
16.72451685136513 -0.4654709436734723 4
-1.071570238548321 -2.118369708082505 1.456712972167306
7.58174185987507 -0.2757934786031081 3.510551366206191
7.04108553195209 -1.350621109167615 1.491299482633054
19.29481265343121 1.897830303601223 1.454283896224914
-3.594075113887119 -4.463531478440512 4.0375
6.809018480182774 8.589369302887517 1.443085486624551
-6.218726074388889 2.952254688814363 2.721770655603381
-18.45046225209207 -7.147205957741064 1.498573838929555
-17.50866370779587 -3.583309455626885 1.460383666704347
22.11971732808863 3.294449799588105 4.0375
-21.35955393657263 -6.914807173630375 1.486869904232404
-12.42150942576066 6.215338839336568 1.387742223520836
-17.3477152320311 4.923808669638074 1.355695035974054
-17.67788487867124 -8.619938732391152 1.407893050225163
-3.812873133980327 -8.624928562850339 3.56782238171998
-10.20842005596751 2.6307182121229 1.369579716673374
10.84716119221446 1.202728396264791 1.442957027073606
-14.47374659546336 -4.80329874351226 1.384031157187241
-20.4421717668662 -5.951666517232148 4
-16.29667645459303 -1.330043334844074 2.454336396030435
-17.23628087632218 -3.334278485494298 3.7
-18.53970794929876 1.099999162846439 3.627556032682569
7.232048195280896 8.377837100380065 3.606695531867127
16.92027522764015 -5.80385160952018 3.7
-14.39827437404266 0.06648871476022666 1.377878435798591
-17.46340798324433 -1.527548838503263 2.709863867046689
-23.50264583533258 4.64757716225264 3.616098719114851
21.11924574031648 -6.841734814386832 1.504207357199242
-21.31075790284846 4.649340117067525 4.016982101810626
23.60714279363847 8.55504552857156 3.587952144568964
-8.993794311495318 1.508399431509206 1.477236929647329
-14.08250672796012 7.172259778915712 2.657304276431919
2.876488662745417 6.589918910247333 1.375553742943434
-16.18624562774224 6.572259778915712 2.463169405087833
-2.295265212518396 -0.9881733560597001 1.387860959022501
-23.53196108243569 -3.495499348089335 3.368085740882659
0.3161246751744041 -2.617014616867037 1.35711170050003
-0.3886570721076404 4.535899230638043 1.384739035260429
-3.439636444313374 -8.641192465912441 1.360644412846673
10.73107591575706 -1.125501752787107 4.022351974942413
4.30501301635625 -4.980844664992815 4.016982101810626
-11.92256573843346 -8.975845349547397 2.375542552055726
16.10202228420653 -7.643403730803902 2.428984287268188
-2.232057836652732 -3.899811207579221 2.791196368620586
1.673809030787611 -0.6677504012869853 2.720156294621042
23.68180085916926 3.133936742414281 3.579295013257385
18.73613037276583 8.544749724424426 3.511955362183785
17.16570406408535 8.633213290290318 1.386126116858731
2.681984976239236 -1.588619604562941 1.429450459887653
0.5139201983860502 -0.8958681498441341 2.458927387018226
-19.8421717668662 -2.879618381272025 2.762842534983928
-11.30933134993176 4.016785364776529 3.673671244935586
6.938968286522093 5.273006895293448 3.7
4.886205156130067 1.872151362371828 2.45394091701782
-9.590004291953823 6.918166990480741 1.369451593968803
-16.16932236726092 3.47747182698808 3.614694352687796
7.030762058245161 3.459286506308245 3.7
0.8208192555216942 -5.365583924422478 1.341159247446567
-8.753194070233331 7.015405427766249 3.592487184193785
-0.3527555548770327 -8.637360504584306 1.435999163077332
-4.246079783945692 -1.400821952142373 3.985495329941426
-2.137457967388761 7.126561100549162 3.7
4.659415510659218 3.679199400708521 2.795250057035902
11.21203519220955 7.551954889689454 2.703192905170724
-22.41487243204434 0.1401833228029486 1.365164279919316
21.76268514194428 -4.506905048568062 3.7
19.2267496178978 -0.1625137355330299 3.573766891039907
-7.627070426160286 -5.147553928604611 2.409284362349086
-10.65903513357829 -7.42480791396197 3.7
-21.35154574413884 -2.86585082933698 3.7
-7.754718451217873 -6.996976128108037 4.022351974942413
10.77410993373576 -3.146855588890916 1.372562517643026
5.912639217324809 1.626816085403898 3.7
16.57742332032346 -4.217736325095022 3.588731377999385
5.638187519368984 -8.542482422820942 1.389025123783456
-7.856716421714608 8.571993359983697 1.354007206501198
-23.51081315471934 -7.069300364810488 3.548344436127706
23.63981927813134 2.428531900969999 1.364129844802706
18.29048448226371 -8.555323875489201 1.352870699160694
-15.44689802147623 1.735926967538196 1.404219205961438
-10.41495951567434 1.01235292515555 2.709880274475077
-13.7804714169019 -7.42480791396197 3.7
-6.207551702017962 -0.2287000969111529 1.380944848371502
8.464816923191133 -1.101062377895887 1.342756917691436
6.531921532635877 2.929295226325097 1.347260042990065
-2.48688330711386 -2.607652164945798 2.704405097767643
-20.14855972218588 -8.635988226702191 3.33360700029102
-11.67994941218773 -4.658519074384512 3.664488925498893
15.72800405482491 -6.127160945841139 3.974871799573378
-23.54663950286634 8.631136207946046 1.403170632910905
-7.250058281489305 -8.592028903325478 3.119752456667214
23.657469850353 1.11787658005593 3.612852925230125
-15.30597349233664 5.383635091321375 3.980681633857208
23.49769977806564 8.592333036690263 1.458833600693849
15.48271944992425 4.023810398937091 1.385514536584075
22.02429794481462 4.890379232066658 3.7
10.81202954626913 -2.682671037950712 2.676299556993227
13.97607978723175 -5.116230199423797 3.643185845776801
3.798461741396411 2.472151362371828 2.464038141738765
-5.688172784406312 -8.507945358687898 3.557057042083219
4.024976735149014 0.6515872990899301 3.965561224489796
18.92447138627682 -5.367858817830869 2.560611323751854
-0.9071637843030104 8.03205821613199 3.4
-14.69897374843503 -6.706867836835084 1.333883049009132
12.66738823701618 7.56893699150008 2.463869939900459
-8.236746775748559 -0.1314394834492959 3.608515634176543
-0.6303389525607215 6.71957176996334 1.34779464209473
2.919301026139292 4.90194091610669 1.377208097986709
13.80506776574389 -1.125501752787107 4.022351974942413
-18.69458881931818 -5.626184229486891 3.7
-23.67837565566866 -0.8683253752663476 3.584904909621879
9.674872113953343 -4.304106288127912 4.016350796739578
20.2700121636383 5.042733218040675 2.680872010391103
-18.15941744413612 -4.95239230330214 1.38608771798355
5.076102448869482 5.69643294597198 3.611196865412006
13.91761037566392 -6.967984623378167 1.382392980971921
-12.22201681089223 3.349959684295864 1.425250532103775
-0.3860798016139498 -0.6677504012869855 2.519273397586786
-19.4707871707526 5.830269432298869 2.81939416214056
23.7360768310206 6.215331893008926 1.846104379449141
3.857855530425992 -1.187398036957557 3.60366557403257
7.533526226818793 -4.287755491388334 2.526369633300567
-12.13745043657432 -2.086491234656759 1.389234958593929
-0.348299652470393 -3.712963696398804 3.654869645361731
17.02451685136513 0.7920480359292923 2.527068242687247
-22.23232439172394 -1.897396638940709 1.360709764657586
9.528405973091852 -4.287755491388334 2.687220579209949
-15.32529185847943 8.367189969177955 2.801870468438302
9.052862807668223 -0.4275286522943467 3.677161904429317
-14.25707769815672 -8.596077654904754 1.391705441314511
-18.59895298804494 -3.80649683289927 3.7
18.90473334337631 3.289977213548926 1.322479816238811
2.982537192606508 -8.580795747882997 1.355303754863039
-15.5595287573873 -7.009124963064004 3.461191045205047
-19.8421717668662 -4.967450602162077 2.507059066645584
-6.222377367058789 2.93775001875579 3.985495329941426
-20.37078717075261 4.032358015256899 2.42256358781091
-6.841412045061039 -8.684336288231753 1.449241750052336
1.849450836224617 -6.908868081671923 1.350085802564316
12.14203780416688 3.782790068234524 3.655726654455959
13.19269916423936 -2.89777685374852 2.51563988037029
22.19934886742051 5.229498613826404 1.320904637440866
-6.598714111458269 -1.788453790173481 1.342319140292767
-21.97832652965882 3.690712231557573 1.376010972089419
-10.75002822664302 -5.905377203982667 1.301864661532877
-16.32951787808286 -4.775736697556199 1.351349636916114
18.0094133461691 6.85352877742403 3.683923980599379
-20.22769974627954 -2.907006364026149 4.064026521687392
5.371498575281798 4.138328921777812 1.354820457724138
10.93734214828022 1.678280548793022 3.602945224995237
17.44752778809821 -7.307760581489682 2.646748226792237
8.540553972246608 6.246663636743905 4.048890028954992
17.82093507030182 -0.1389586993663862 1.310148247889616
-13.82802278488875 3.070908088589029 1.356346261414402
-9.031506904839052 -3.961833146108905 2.575292544252611
10.88393619564765 -1.147853727729521 2.68427064350934
2.832174121392597 1.626816085403898 3.7
-13.47787128607221 -8.287455692263423 2.570664419772009
-15.39667645459303 -1.527548838503263 2.525858249747346
21.86904101006476 -0.1224954744015779 3.603866922032663
14.90355171511932 6.471057362052201 1.360739493642586
-8.305685830046691 2.952254688814363 2.527085713340707
23.58143566018217 4.876338391635656 3.671350190962632
-4.231575113887119 -1.506898990897614 2.698539976473637
-16.07256362186906 3.769756341165415 1.303894411886205
20.4986275675247 -5.66785881783087 2.43280021636888
2.080803922114704 4.914260994016494 3.660253008575945
2.368146631497764 -3.883539970084735 3.698286212876814
0.08586710188714218 1.091065507142801 4.041828606702989
12.24485608719692 -2.913314961281208 4.138611516034985
-23.69185150694763 -8.539254894874514 1.304688271323579
-22.24333367603957 -8.650497591462919 1.569925583672215
-5.440927397494401 0.008472174546665157 3.704118412327683
-1.114058176792392 2.716725610382419 3.638231876772849
-13.12310900636149 -5.723574185232943 1.299216057253892
0.7041888337117255 -5.578534231396312 3.700875504489535
1.824247346811658 -3.961135495086884 1.385511283574352
-22.23060442001119 7.495927776724196 3.63831660725494
-2.042324029922008 6.109138554283802 4.016982101810626
-1.527472163606742 -5.572469671381623 3.716297043736294
19.21734454838288 3.331949799588105 2.67870427785595
8.781977201272934 7.016030117376033 1.358678151555713
-16.16676049022338 -7.023777040834339 2.195810516883857
20.36597684113043 8.711410636700165 1.421958844385743
8.168447676072359 -2.45773005191559 4.036615458292212
6.403763818038756 -1.009501467050593 3.711439931367562
14.34226230258209 -1.603400025125759 1.351335361654448
-13.01295219192127 8.648881723964582 1.275732271141699
23.72042524776533 -1.916482121951443 1.396959773033208
-4.231575113887119 -3.507652164945798 2.539343755737828
13.35428399845569 4.365667434377198 2.845590463993838
-2.693380900906626 -4.99213494301583 1.346727727517752
-4.661325727502898 8.716283228945837 3.555616935876011
-12.15118114231986 2.065198230104271 2.683610109765909
-8.043737154476897 -3.930273496951512 4.051323376632372
11.09206216837649 -5.109006926671769 3.611897039979226
-4.160190517773524 6.092156452473175 2.468306650419504
0.9542255668503927 3.111085048901632 1.355131440804472
7.161947075412601 5.012053126030641 2.676368799764829
-3.039771818880076 0.6685532577071385 3.609619727009555
21.80615649148705 -4.156991372573271 1.396225840131244
-10.77194842004266 -0.8061931103567795 3.7
16.87386278300071 3.947132967225038 1.304250145726297
21.54076964706691 -4.767858817830869 2.677614150553171
17.87617169583524 -4.267262869330634 1.279537589532562
14.03286218431931 -4.761526356102121 1.256949139628056
-17.16707136021932 1.334778873448608 3.659572630220596
20.67924655179643 -1.944672627343826 1.360707866192697
-19.1707871707526 4.032358015256899 2.533161017200435
-12.15118114231986 0.1123529251555503 2.545378303027324
-11.98533538177236 2.166166055414694 4.029708175312556
-22.00030017708324 -5.697652985934142 1.285401683886712
-0.04105820291178941 5.084740845305688 3.657275280863045
-10.88160299565748 -7.687455692263424 2.68249087082516
-20.84302202364825 7.041904230734709 1.332749596558319
-5.057901010368512 3.681639219160382 1.314268437104565
-19.7288324377223 -6.644859545550768 1.283780670842968
-20.97365805412743 5.644067431806005 2.596065163871183
17.19713130937162 -8.874196215214738 2.519576976874502
16.66534263503242 7.231836883376487 3.692802695122437
14.98899037745756 0.7920480359292922 2.786883741850602
-17.49590923636543 3.544700954726182 1.309140787899436
17.41545965458141 4.667414571299246 3.700556941723143
8.826499762466367 3.215346936626254 4.021588939533978
-9.980139144842983 -8.736335133156507 1.363926338595652
8.433526226818792 -4.489723421417488 2.542480826386723
0.5139201983860502 1.108505590568389 2.86291458581676
-18.21377604462316 5.306488100285962 3.7
-22.07938935014326 -3.273763794016854 1.340421908519638
16.5045435864468 -4.45351798111502 1.320443841553319
3.503542474362463 0.7034114610957182 2.571549082563406
7.454336212181422 6.23420213823067 3.7
9.632310568555178 -1.846389836457814 1.315236274055498
-2.475388031676287 -3.475113639331471 4.3
-5.090429048630971 4.587966833196308 2.807945755787142
8.827217810795771 -8.624161465871282 1.311098709370867
-7.405685830046692 2.691300919551556 2.512999044076821
11.52512711076397 5.775339056331924 3.7
-8.488938765643288 -0.04098762396979716 1.254915367574767
3.388030914545624 -5.08405242765976 3.7
14.74893881322135 1.982401167438554 2.903109066200664
0.2853047944996451 7.771104446869182 2.505717152528302
21.94458817681091 3.331949799588105 2.718730238153253
22.09406246003116 3.859117986933284 1.261579901212416
2.452233599107303 2.221541105240811 1.353300634318098
9.104910822932387 5.012053126030641 2.557373456651226
-23.75740319392306 7.358245007355341 3.62825402365906
9.411530735947498 -7.118797139226515 3.652850723625314
17.48136450362984 -2.0227272707019 3.655010018130072
-9.457297459485227 -5.147553928604611 2.626727372457561
17.97956450112198 1.735381813922879 4.257524113166705
3.804337142804551 8.790220683122719 1.567704274845656
-3.595111967027089 4.285316207483453 4.036615458292212
-9.154648113221844 2.684793214428691 4.3
-19.42411221482802 7.091398897294906 1.310939058926095
-3.056190186784771 8.725075399522273 2.772939195770995
10.66193077678963 4.24723803322849 1.255687556967105
-20.07078717075261 5.830269432298869 4
15.13062281381798 -2.710034059649494 3.709540232292461
19.8986275675247 -3.669658583429327 2.774584702680714
7.529578477660616 -7.158180290921988 3.65760153709967
4.326082238975829 3.665176256898151 4.051323376632372
-17.48362919589875 -8.625483413085014 3.726835551647803
-10.48709203782594 8.738328035023688 1.397651590065257
-7.669070371754479 4.754537862344076 4.034921449253565
-8.759770969916115 5.640914652961269 1.26857248769719
-2.747339735982295 0.6691527082323286 1.325602884409619
-14.75790007218262 1.672839262648094 3.660925405320636
3.688030914545624 -5.927657255047148 2.566642546211415
5.421449352926546 0.6723753215099286 3.7
-13.43079499991613 4.374171655668851 1.281086957800499
-7.389335033307114 1.765200701175158 4.016350796739577
-7.985446526080625 -1.86622636814971 1.281206363896539
9.649071479635053 2.22958379767515 1.243040013147011
0.9022868963102713 6.852816906436884 3.983017898189373
-19.8090352715586 0.5273282196211192 1.337765147195285
17.28400734874303 8.71703520747784 3.836164927135879
4.059415510659218 1.572151362371828 2.565692220101738
12.33260562211992 -7.23941696948845 3.648774919823642
-14.17614002661954 6.845291264393395 4.186515742738841
-22.3115202330654 0.7615301992379369 3.762413253666506
-6.537686307938008 8.758428786837172 2.241594570805301
-10.23477327556934 -2.210849265781001 3.647220408019664
4.805856896095142 -3.043677559672498 1.337870527753178
15.71148098451269 6.248774339985598 3.645093638165907
-18.23581944399123 -1.205682620706496 1.326138716076004
-11.07455703688316 4.066824302489041 1.297948380489609
-4.476076218380274 2.426195267972299 3.678998849099114
5.526788469384402 -7.48924053313613 3.7
4.648656151446982 -3.368007920535532 3.647849103098776
-12.41382892062131 1.01235292515555 2.511907106211778
-0.905911559471096 1.092626894403325 3.7
-20.57516419296632 -7.259280031725729 3.645939979073102
-17.966863361427 1.191104063250544 1.331731961266118
9.600582611057082 -7.059533845883701 1.267378468991866
-15.32529185847943 6.272259778915712 2.535973480603982
15.34639870805721 -2.61881084263238 1.282011798311427
23.71372549888964 -4.32349006121601 1.343395686567143
-4.975806801638636 5.767028252046554 4.325128200426621
-6.907264911385091 5.565110035537328 1.325299878224316
17.45078618854691 1.88855202728493 2.296983056674764
13.30486036634947 1.789774783568655 3.733953047832509
12.57902153909196 -0.1314772694198433 2.689723654653365
-12.52660807413807 -2.424775018787936 3.658207830343135
10.67831106556328 3.036324452037443 2.920694035303844
-6.957281484879659 -2.009865386427679 3.69043312991146
-4.492528883149926 -2.607652164945798 2.51271111867986
-1.309210007926542 -1.348929789423387 3.7
13.19811302482759 8.726240383109724 3.7
2.473090816491731 -1.857390875162084 2.734366688212534
20.8700121636383 3.12998186955895 2.556705090851806
21.55022104448916 -6.19622458896967 2.636749463439783
-17.16034117392373 5.893995038946431 3.7
-22.02568104500547 -1.69951835134852 3.692254687672542
-14.20939647501704 4.385498223184322 2.695213606737568
-13.41167534594544 -6.275638554142887 3.696779978006989
6.445370458887268 -7.216276360915177 1.272778823161233
6.845400563433685 1.614337062642876 1.226065666731994
8.804910822932387 3.278494496407649 2.855472800563894
-6.935831875388503 -6.774276776851673 2.624373439226667
-13.76221356792194 -4.733938483801693 3.771956525817289
12.68604928451978 5.776824027696279 4.048890028954992
-23.78283238242158 -3.995407880366075 1.430602660509608
-16.8148733353068 6.152367216629923 1.229165846832734
22.2932401471764 0.2110618881070817 1.31481151977451
-13.52962785940485 3.986763608895728 3.810418764200766
14.0405264770824 3.897995943291135 1.270164732316314
-1.599612273791407 3.607576576990049 1.31486924146297
-23.73256776817853 -8.746200386521039 3.737531833738564
-23.79686109741893 4.247624244810596 2.023420089643345
-10.74527000301852 8.696578689125664 3.783233737680346
-0.3283199987386554 0.2654604340630048 1.203253829281333
19.04910572539885 4.912555289501597 3.039776986611725
6.618704139196652 5.534889236993992 1.283844246777021
-18.24535570585236 3.375201884415004 3.7
1.169228291405217 -8.748439053713778 1.368596652193666
-21.46703661611134 -0.8016665911002951 1.27137566155748
-8.377070426160287 -4.847553928604611 2.620756483491531
16.61408602451434 -9.074982244977202 3.7
14.57415901147041 7.792283659211593 1.301870160499603
-8.807819562653959 -7.51529756107186 1.238305962616173
9.432038378582531 8.790862003258237 1.457836546038
-10.33323227177075 1.677733210203743 3.7
-4.473562832779454 -7.200346030619754 1.284864147895113
2.253742116107534 -5.642222888639107 1.224259942139062
2.645749631900535 -2.914451181450803 1.279216219187095
22.74305019743812 -1.311637800333393 3.756250165278678
6.910899887342959 6.997951456867881 1.240981593876763
19.12921695882924 -6.55486512876652 1.255588619259417
4.021364186229013 -7.994985062706524 4.051323376632372
-21.84833918757445 1.378960983220024 1.263552313442807
20.17363631501182 -0.2838191271351099 1.26065865642178
14.79327507341734 4.263733779594971 3.702211710376689
-19.15841033569359 -1.202532617032306 3.744583081475822
11.9877146036937 4.368803207212279 1.28491946769834
18.82138334559882 -6.459518380814376 2.99727378367831
-23.73881064202775 8.748537895094644 3.744412656938154
14.58964552390422 -7.290778479679056 4.016982101810626
-15.96334318290964 -0.3625185563655524 4.051323376632372
-1.271067395088264 5.553901028533637 1.300270651404849
-2.198011734105817 6.092156452473175 2.760153913308645
-9.639125646833206 -2.658110389230302 1.169455552121756
23.72239486473534 -1.362272911581645 2.857712773969824
3.386559506054326 6.875091666697084 2.570165255464455
-8.689984451457832 4.736560569984767 2.705468561306827
-8.843028354537486 -6.934424476152387 2.595605624861022
-4.436147615815363 7.435349737276249 2.931406831554053
5.422930018143264 -6.227657255047148 2.885576782401202
23.68746653966596 1.974970513298545 2.605784977643339
12.95040613520556 5.821023802316701 2.879531569158976
7.833526226818793 -2.598298271744986 2.799609812799328
21.63421902823384 2.15558070860732 3.7
4.288030914545624 -7.949612417532942 2.867033712422721
-9.086063872353861 -8.687980726692311 2.860763879862389
21.21636291124601 6.118495482066917 1.302944237935849
-5.240762718375318 -2.201258427367677 1.199372414766736
5.705617103720066 -0.7247631769843362 1.176633011133175
16.2334236939433 7.219632384304054 1.33035292627219
3.088546339571413 -7.949506423382183 2.617109867613352
5.650005813205253 7.112318923103721 3.759165787691697
-4.209419479007621 2.665854401565944 1.303585559664151
-12.63357769750399 5.858361423635511 2.64419049066932
2.531459651292902 -6.210675153236521 4.016982101810626
-19.02934151387341 8.774234421417194 2.144678195658342
-16.98157341802542 -4.998750144558731 3.746821133139553
7.943957053669581 3.258382842955865 4.3
3.283000743093345 3.508120669191043 2.627353560691564
9.637115682317621 1.477676154191654 3.684025659286065
20.03186370341519 8.78310229624803 3.610518738264464
-2.395502715463479 -2.004165649381426 3.7
1.185304794499645 8.032058216131988 2.597577872314019
-12.93322486825663 8.798594527588163 2.581837047076506
13.98686810370101 1.160009445767812 1.253958555715678
20.70044492192073 -8.832784259351142 3.709118190783316
-0.6382811389678922 -3.516529303266536 1.273692321974905
-6.101412299967663 1.070073186785713 1.211291786127826
18.63555743233809 -8.819638513281431 2.582175101276898
16.12451685136513 2.529499100250642 2.910807806517497
7.42695770246753 1.404867311890035 3.694132543159815
-6.304881498970792 3.852254688814363 4.3
-10.44073457122935 0.1123529251555503 4.3
-22.63509849742957 -8.028976372583042 3.724853965248954
9.878140817255673 8.783979019566777 2.871416047133487
-12.52256573843345 -6.655877969136948 2.767688042387038
15.51386335385409 -0.3470566105289868 2.65260019042901
-10.58025023924177 -7.226850443876926 1.318621934469529
-13.65022297510986 -9.077985350672423 3.7
-11.00263165277405 -4.624554620096669 1.221884292464467
21.63468136945979 4.941074691323049 2.609325870772627
-8.005685830046691 1.855852926906163 3.4
17.93238769314095 1.360213301758253 1.203245453546755
13.1887077477218 8.764082670838681 1.167573458726746
12.84643860917641 -3.14542452856996 1.211482062677694
-14.47032785567861 -1.226287137027157 1.219789724991041
-15.69667645459303 -3.145911840947881 2.759774166339196
-12.27145576738845 -6.544658387086613 3.96435685068578
-12.15118114231986 -0.7726147830831055 3.025344028120941
13.6078587867463 6.361871028629846 1.289049361876333
-10.81156239050809 -8.966466031312697 2.686736517476132
-13.62053084897716 -2.332311941301854 1.295528771193021
2.104642730477059 7.630714504267455 1.215053441896298
-23.77724512393041 0.1530764602555459 1.296534749408508
-16.31277205094867 -3.262994985382433 3.983904403644356
-14.75580254088271 -2.992871137406595 1.202107026908825
13.07449592278355 -8.800258074182228 2.319400206788644
-14.21862072834982 1.345827039061307 1.236556044505175
-4.673102113154127 -1.033590505325616 1.143826777581743
8.733526226818793 -5.364202731289287 3.7
21.26856865395061 -3.633349165569975 3.7
-16.22529185847943 5.484599355745514 4.3
-10.7946578443388 -9.045036844166711 3.7
-18.60649538372513 4.626465187888842 1.247076821609806
-9.096833059353269 3.852254688814363 4.3
-5.780818272804551 2.543516569052709 1.182949700182277
2.922078081131977 2.735476744288741 4.3
0.8323172064603725 -7.249551968555173 3.827832078893814
-23.72143917928 -6.238505337819952 2.543103614403511
-2.859433631507207 4.335800295465916 2.640628177458466
20.08384924567158 -1.502378646208948 3.723352960289894
22.40683284047564 -7.523399096115572 1.204881688708599
-6.788464910837701 -7.420623963325984 1.162501381255118
-5.319973568922086 -2.307652164945798 4.3
3.502684219338608 3.031585620906745 1.165103930494785
18.98065655269556 0.4334938160667257 1.279534703350978
-10.25449069350885 -0.7282585310936762 1.259113977852403
12.65202827147604 -7.215607440535356 1.282237072412687
17.8060477711612 0.4920480359292923 3.7
22.45894246507528 -1.696622134191038 1.20595893485811
-12.97407394544074 7.361570273138195 1.155376841872831
-7.169275685253546 -4.884954881450959 1.228989551381582
-10.54674237407482 -0.352477461532871 2.625357898651228
-12.50655123064006 -3.434841990151063 1.211722110892581
-17.38245161877316 -2.427548838503263 3.7
23.79705740096966 -7.395977191509391 2.682462827531347
11.55513045712744 1.397632166080345 2.504714440677069
-3.860190517773523 5.268687064718074 2.573388220327407
-4.863840603190951 -6.082546845843481 3.72383980869503
5.499736993561389 -5.657618112251413 3.7
22.3424580771155 8.769744904935028 3.305275070467924
-5.317312967864001 -3.507652164945799 3.7
22.52831615374947 -8.754938438311969 2.489277530253955
1.572973501071436 -8.893201683504415 3.004447060994974
17.02451685136513 2.464644355750814 3.7
-4.098965850108819 6.974445655854911 1.192444732565542
6.746670166435082 -3.97325082132976 4.314504670058573
22.13945146992814 -6.094768517229875 1.225261419967801
-21.16294403574426 4.632358015256899 2.877975892670292
-9.629953745257767 -5.957879733163734 4.210325804559123
14.59216332003623 -8.170408359791136 4.3
0.3574664736563475 2.924409040609949 3.806149098025341
-21.17248128262355 3.83485251159771 4.3
-5.964548847798024 6.432446596162056 1.205998880863294
-18.0222818247856 7.141647105694207 1.28249757516613
4.167552766323032 0.1237749523584795 1.178874290898837
-9.129143144441258 4.370754179679894 1.166525918357959
-14.94251876384757 8.78846212863723 1.221063634643208
-3.113744077413545 -7.578090169597193 3.82081809648618
5.625759334822025 2.472151362371828 2.72987584891789
3.706706524802704 7.221464474091864 3.767208919345495
-1.014304085100226 2.09591504805778 2.520753466580298
-11.90593417138924 3.883184235021846 2.547136486331583
18.41898497383686 6.157981459206397 1.162625843849962
-4.763060896474554 -5.802068779797874 1.235094441293573
-16.92399497494162 -7.333626648258172 3.778557407670439
6.549796829743843 -1.711197627918704 2.617976095922704
-19.79575571626567 0.9750637994301907 3.844028799845916
-20.37078717075261 2.943466447156414 4.3
18.38954343616376 8.719904363343465 2.237386806653663
18.76332247391919 -5.032937368577303 4.036615458292212
-17.01606388669707 -0.3834211364782699 3.7
9.564687857004754 -3.426801722125527 4.3
5.175757064402656 5.400764395732804 1.278094711297699
11.10339519630415 -7.614744695088946 1.180673592687346
-14.75472008859699 5.734451624491761 1.181361864986754
20.60096107407252 -8.861430655704496 2.433996723766584
15.04724443354341 0.4920480359292923 3.7
22.92639114544 -7.206011961990339 3.694549154599675
-22.20242240178745 3.202331568419031 2.535036910526205
-1.349451075760631 4.446729505072285 2.725944907838624
17.48616283903335 -7.572839132236116 4.036615458292212
-23.8086232754809 0.3891921182951214 3.809125308518686
-11.21667031351102 5.497647350014928 1.252607075555017
3.052054157730927 -7.31441544787037 1.144591838709994
14.05230638220608 7.586393665199658 4.034438775510204
-17.06038968529931 -7.440829810461072 1.228941502264818
7.710817272579717 3.399962460057959 1.232616728115751
11.22178602295991 7.268305686429032 4.316350796739577
-0.8114048110429233 0.8965968912562197 2.591834331461795
-8.662374955458413 4.731263219237372 3.7
-0.584204480684444 -7.814297485896834 3.581133531755782
-9.945618153350141 8.845607122243377 2.584700165702296
-1.474988345889092 -4.300555403005306 3.733029857224542
-9.397147404349095 7.355695670593722 2.548860389610406
6.569373057502779 -4.511050276702314 1.204143833206628
-14.58233114781567 -1.81145324214762 4.316095596355643
15.05247102108353 1.637383312897222 3.7
-1.157043721605551 0.2322495987130145 4.3
-9.128837498852578 -3.943351101566086 3.7
12.78572152125696 -4.729357299881475 3.863681273259826
19.12121017149034 8.578994866818791 1.209270811495177
8.635799453177505 -8.884579134758566 3.703900355275407
-21.52952820846329 -3.874593459304934 4.3
11.31078162912795 8.724016700592996 3.945575678669377
-12.42666325079496 5.966981596047266 3.887208991748053
2.103076432190808 4.426220888295756 2.493694237604883
14.76527644191805 -8.63957020006681 2.627402000795051
-16.69238821332164 1.265429418040082 1.246887486652681
-12.82256573843346 -7.687455692263424 2.563654075340124
-14.29137166565247 2.325939106881135 2.685579267527704
19.83319337927121 5.407574099100756 1.212387317383485
22.2617456115718 -0.4261870649225452 2.443159700068465
-12.52256573843346 -9.352507687432091 3.4
19.5986275675247 -4.767858817830869 2.548749591836361
19.7947595995116 -2.825219610365486 1.178766441394702
16.37094350733885 3.94975883380445 2.460683401316294
-15.41203497941632 -8.86071076520234 2.411434771752962
20.1220969552798 -3.636955697535472 4
11.27958473819602 -0.09248224232443591 2.664750422242896
-22.47542872724631 2.365860349892764 3.565804766597778
-13.20937659338417 0.1123529251555502 3.7
5.62118829612741 1.058191013322038 2.662381695011288
4.845766720781171 -5.904973103620674 1.185910855974653
-20.96023925875721 -1.949311956591711 1.160050750823849
22.28657865303836 8.806251445794096 1.921919016247363
-0.8377174254324533 8.91033277299587 2.632882110300165
-10.88850379071096 2.085303094039146 2.682150858182585
23.75454684173038 4.159607687082258 2.660737336282373
-3.222690517773524 7.179080008549977 4.0375
2.588939009944879 8.788957877283229 1.251188658652716
-18.30379710023766 8.839761357964212 3.815575848687915
-16.10789375338797 5.01934896535531 1.171064033885944
17.68020731973954 -1.820724517097245 1.124680211596403
-21.25559882401506 -6.738970203489389 2.726656409879325
-0.2922112047209061 -4.840418289450045 1.087861707466961
7.386285293602606 -3.562788144096211 1.093728137755507
11.09127794845052 -5.786460499725561 2.553832636539867
-19.66191428483442 2.566480138948522 1.238906295160281
3.448958956708993 4.943072164162591 2.515468812540478
-22.36861524089743 8.780665808038979 3.565158766706175
9.943232196405704 7.486687467359356 1.18272442118732
-7.995531176825637 8.78529893283844 3.78387980497742
23.49083444123249 7.318490839126992 1.206246855646346
-8.492603033737877 7.48351686425907 1.130202722535483
-19.2473177829975 5.74210206721476 4.3
-15.59195858679604 8.278187538069549 4.051323376632372
16.92470986283138 -6.771856329727802 1.233123140313772
5.164555189064326 -1.059837602356153 3.888709334243584
-19.38016745681489 -7.585293685019243 3.838142127810613
18.10756547465232 -0.4439436816067222 2.490925307892843
-2.974244338480449 -1.529934696150312 2.676504423272894
12.09081487701338 7.808066997069791 1.21786156337493
7.979994422736145 5.091922928320943 1.11865461998899
-16.9302911111633 -8.772019392483735 2.528672012364702
22.23624132510333 1.50591989721494 1.181522176593574
15.75313225525153 -6.23480952467812 2.903080142707474
12.08945236594275 8.655173131967759 4.3
15.82451685136513 -0.2813405753594674 3.7
-23.90720377934418 -4.660414199098216 2.46587702506322
-0.6038128149320695 -7.19560431877717 1.224795584792809
-10.68057106850083 1.493850121831678 1.154924284979894
21.10705508090043 -2.435524554531709 2.508175193555156
-15.096417083264 7.553054598474671 1.115498182603828
-20.7421717668662 -4.667450602162076 2.558531831990996
9.459335505013877 3.936659885233813 1.139350633540486
-3.547864591201753 8.816573380420236 1.208475638898773
-2.902629843549835 7.346671003404193 1.18554300742653
-3.251547465792482 -7.42254004292742 1.176274557823248
-0.5857593778442388 -8.763314045628093 2.778157529333154
-20.6237364048764 -1.049364153923201 3.812910317333369
-1.843519520754796 -5.875448766569382 1.127823330404454
8.459457722390722 -5.50486650588392 1.100528105111525
-10.75077139042896 5.108042016861868 3.888211342520196
-13.20397749469271 1.25768820212348 3.7
-18.22800392922596 1.526672944559955 2.501076179671367
18.62391606882782 7.243134540604943 2.675245010242898
-5.815671625209409 -8.890667330593654 2.272181427438412
-19.29808042350899 -1.827337189054242 1.150142215524447
1.032442813259003 8.867815905331984 1.162023801516976
-16.54984554973154 -2.870560547401706 1.1170013076213
-6.231962384431984 0.9577856346004244 3.839182966616335
-16.83213852233893 7.906718077828942 1.097130302523643
-2.516843049225627 5.735703759483732 1.165656677811703
-20.43410775398874 -3.974082452504252 1.150331164663382
-20.05456248460603 4.671776359445657 1.101185354530293
5.776791117783684 3.175509649220729 3.7
-23.94524192543858 6.847828676972807 2.35642254986391
-1.580195324198658 7.58135229197439 1.180041603814781
-4.283153730425808 4.950510856274338 1.109260943837166
5.981895158622656 -3.417955111205722 1.208051754671758
20.24066683903536 0.5231236918389739 3.778237046088019
-17.02689411228981 6.572259778915712 2.945395256384858
-18.68262234003294 7.419429843059556 3.837311058731133
-9.157189224226254 5.888873272662756 3.918641770295782
1.714976498662258 4.784306019962303 1.104919296401175
-1.089906080866912 8.891900190151517 1.123960559566317
-8.569918003850386 8.900785996546393 2.498207914912202
-2.312841924867135 2.927447793931337 3.872024186448316
-17.36351644575307 -1.33469169564612 3.7
16.1794272940208 6.010682511013289 1.064213693350271
-20.26416744870269 7.684286150548993 3.891176502399284
-2.746497386594017 -8.768404908784058 2.952121448145557
0.2272899122960406 2.620838781042955 2.613428286614346
-7.462304560755045 3.700724667437931 1.061774637047533
7.109541640522908 4.395702329291064 3.983649203260422
-22.56641821397126 -4.604947340084272 1.162511972605212
-6.620757540334043 1.718650443581946 3.093101072031922
-22.60164734752554 -1.136176774259398 2.542910757413162
5.197411859021576 0.889356696747696 1.059674636305363
20.48863746577712 -4.726209669763212 1.10303132444143
0.5139201983860502 -1.70823922447731 3.4
7.43886797654251 8.857461942851424 2.479649075684113
20.87264036253048 2.102195688790623 1.124514890365054
14.71364909767743 -4.816068783886099 2.491051507190763
-23.83405830461227 2.333841231035273 2.562656080867144
-17.49149122834394 0.06690405604334268 1.150812323167377
15.26408465673953 2.372890859289186 1.165902714013342
8.841957656739236 1.875381184055768 2.657017213748311
21.59137547879875 -5.384209614570446 3.983649203260422
7.992688035815186 -7.717217498173977 1.086796162469614
18.16924329045493 5.637272491929174 3.812158760539074
-1.2318025179956 -6.313093891958617 2.776702377331397
-7.405685830046692 4.716422033279047 3.101698952271304
8.876828586844836 -2.803419196060401 1.142039219280443
-2.742360068634722 -2.118208482875847 1.189235150914264
14.93903425551014 -6.307420723113872 1.19165785346537
-8.262963131478488 -8.877373380758904 3.750973763814658
12.47912876793821 -0.7443862843413982 1.086495555898782
4.119211249002013 -4.918708325292763 1.075873703306818
-19.8421717668662 -5.777224327653305 3.003924803960632
4.361818039202125 -7.118737495719178 1.192238469201779
23.82541075803175 -5.133191460422847 2.669235457819221
12.23883004833861 -4.494798246326011 2.672555410682131
-5.945813570180411 -5.484985156271596 1.128756409143907
-0.01292276923928193 5.678755322980163 1.133412755714851
-20.84165910884409 8.836350413227152 1.162173569338928
20.33811025646773 7.497714367017629 1.190752866296728
-3.574287947655529 2.829229817050904 2.473586581578127
-16.02961657088933 -6.380495998631559 1.158205251523882
-15.88838651866061 -4.641312419894484 2.489850469909818
-10.01442249505459 7.680823281313935 3.89207413389473
-8.526353834925834 -6.164153903712827 1.097685800842551
5.053743773868769 -8.83835180922742 2.524506283751236
-6.629058563415481 -1.403284326098503 2.596034148090836
-9.016227343893551 -2.288962083423483 3.775475617859786
10.87134907996073 -8.938917276707182 3.772316040514762
0.9966117741004378 -0.9330832450288187 1.097601074659728
5.881234003992969 -2.718429038688224 2.825323371933613
20.79734127708429 6.765892974668764 3.896323266563394
-19.6187023791111 -5.756377144584993 4.3
20.17012381908655 -6.476643401843638 4.32850374843815
17.71783180328692 5.204900401389019 2.641014735133007
-21.18500724310902 6.877212204713252 3.803628775205624
-20.0865374701924 -1.331138851546442 2.729204117743941
11.05204179102076 -8.839362587659183 1.201720712585118
-17.10211741938128 7.668057914161915 3.7
-3.57542181748158 -3.71286077813516 1.11365151581603
14.68397161897431 -3.146056064899419 2.655678732549362
22.61368924250586 5.953356864976554 3.912840746857132
-3.347338018741615 -0.3907718366960682 1.198582031554253
10.8629350620902 -2.445640832400291 3.7
-0.9915620502642037 6.975222387787365 2.489123042259521
0.6791069342650039 -5.064993807800135 2.518812294560465
16.53407119523159 -8.855216678064306 1.194208930909625
5.338426647703886 2.880028307956678 1.082880684594682
-6.363843050450799 7.457849931719904 3.930902898421151
13.01887472833966 2.508871256667432 2.47630975022843
1.511310214597319 -2.481399313438354 1.140831929249603
3.002174132500591 -3.63986734395678 2.630260286176712
4.659415510659218 0.8113393532845325 3.434397869935146
15.7278003028358 0.5874033660005268 1.218630504751389
11.83653351540035 -5.44267745060276 1.053369515090659
1.014444158563334 4.921567457117344 3.065314993418887
-20.19339757706176 -5.531276932438975 1.101320422238276
-23.91493071644241 0.7111114312991689 2.606830073347823
-8.266639599309499 1.86544411439083 4.3
-12.45518063325834 1.542390455740129 1.215960536588163
-22.65889575862185 4.688963950366 1.152152768753005
-2.631130711899341 8.531439716086631 3.906239454623911
1.589481644079045 -0.8945400467578349 4.3
-22.18577307446243 5.756898662528197 2.653120197372232
16.07131220982886 -4.759113688013538 2.417496213042353
-3.944531138489211 1.144179300500697 1.116978584826747
-19.4707871707526 2.988006320985399 3.399999999999999
22.46545846725747 2.701568489925936 1.194943841885021
-21.9403364936735 0.7379201200858164 2.603122599291174
-11.19715361288636 -6.656863321474103 2.729784493822452
-8.529732993951376 -2.164219360844907 2.327931438771473
-15.96821783803125 1.155251839215552 2.44463408554274
-10.96153602483112 -2.265972016270796 2.673786388783556
-12.69707940789744 7.404545032542465 3.837886705640527
-15.64651391276857 4.01886386146429 2.414917995612366
13.649426205575 -1.996509262413198 4.3
-21.3263262826715 -5.606779010294905 2.760203005162928
17.96127996404206 -7.401342359951038 1.164888738475508
-11.952536004455 -8.944892080819733 1.167763306273253
12.57902153909196 -2.776367001651988 3.4
19.23741758081063 3.656353693798851 4.141865368596418
12.87902153909196 -0.1113016671090938 3.7
-14.73388497919977 5.381645852848076 2.81472516694604
-9.046953791450772 2.778104165546709 1.052688230881848
2.65783071627581 -7.127657255047147 3.7
-3.860190517773524 4.345387037662935 3.042944063799864
-7.644084790594035 0.1907947162433287 2.60066044290935
9.754235103470105 -4.667658241815747 1.099335848749719
-5.574783783271586 -3.495016198033047 1.143476127676573
4.63072427489332 8.875350371770477 2.437535892419246
0.3216156786880909 -6.432034024035636 1.05551179446385
-3.417575601032349 -5.447406376894036 2.619244838243861
15.07984461420729 1.129409691857803 4.33736165592851
-9.449242369042464 -5.111948151202885 1.194540767249893
-15.19522183627705 -7.82532041443058 1.163760752545271
-5.793332663713028 -8.087407709217779 1.340581301644294
-7.32134540845468 1.843166900533982 1.076734912174013
-3.860190517773523 7.121879930022263 3.399999999999999
-19.56697673862024 8.794221464181556 1.055101020850886
7.713053004813515 0.7725178417443311 1.171418484520277
13.19811302482759 6.951954889689454 2.62770312801015
-1.1424750229737 -0.7170156353460397 1.140774637238346
17.50108457856074 -6.100244754012047 2.681670974819608
-13.59770783536766 -8.304437794074049 3.983017898189373
20.89715978672822 3.891966645955355 1.095789311470615
23.85079192681903 -0.8933770196660153 3.92748287780468
6.859962174004525 -2.47565972762617 1.058245659208938
10.52207716357074 -7.561706137285788 3.895342722891979
1.957050451726297 7.768732834215077 4.3
-2.569374109681999 2.125263758156612 1.056727861314908
7.96799170812497 7.194525968409585 2.244831461180719
-5.398561709686372 8.897059434296054 2.61678924983308
-11.90097679889948 -9.352492141152513 4.021588939533978
-3.331575113887118 -1.579975956577679 4.3
16.75374325654835 -0.6548732917703803 1.02701397122336
23.92848997084599 0.2040274519282851 2.316660926681052
-5.040067841418704 -0.2722382832331768 2.588258623368533
10.8513358860809 -8.933996152123738 2.387784874760983
6.846223159059687 7.265522449678686 3.906916702068844
-3.885860820963817 -4.976809896251551 1.164206131487652
12.26252850458306 6.091201387334806 1.183886735318791
-16.79420395746409 -1.282302807022557 1.065300575347851
-9.099418697691769 2.952254688814363 3.01509430987456
19.55084231601166 -1.651209474658067 1.054341735461961
-11.48578545494159 -0.0569985005050383 1.126843815073086
13.0524317273005 -8.869869222550497 1.102331745124953
16.56859861150194 -5.631523533806354 1.074231404951274
-18.76631669200763 -4.93009838046353 4.3
-23.93308373962245 -2.506423367315696 3.876782470831802
-14.32029192599589 -5.979879503658338 2.216557285037212
-16.78355654345087 -3.243550980877801 2.737345229493933
-11.17662728244109 8.818869938676722 2.61820702850654
-16.97455662110722 8.802010501332479 2.127214454861167
-0.7552023846835694 2.06131437753304 1.133346468186821
19.55525317283206 -0.9947330207298481 2.768178362431384
20.8700121636383 2.307568098979513 3.399999999999999
-20.8171704426623 3.741015807158954 1.06199127316875
9.473477086141898 7.803202319542195 3.936932409674905
-3.631575113887118 -4.346379681389546 3.100648489575443
14.74559979696723 -3.807291068183965 1.089759827094174
17.29048734329582 -3.309515595960209 3.925046953287406
23.95766328424846 3.565273408605989 1.289959220115782
12.11472442646311 1.660586789179745 3.846190412417103
16.44991158276468 2.052390982803501 1.068619645443632
-13.70068334624819 -3.199359868974309 2.836697778962327
22.45783147426377 0.9364583685861296 3.830224329927628
22.89669799944212 -5.170435106334907 1.102481584180624
-18.65709439635919 -6.018301033972405 1.145758186307139
-21.46425904625379 -4.067450602162077 3.399999999999999
-6.683477691537426 7.400527390464819 2.775498902162775
-23.8112014451104 5.326080995050336 2.68501537211304
2.449503289839536 -0.4691988977429138 1.065338885630902
-6.708834439524647 -5.431203131865034 4.316350796739577
-1.512983525511607 0.429263369760177 1.110716752357354
12.1129715860899 3.005751119003957 1.063813013551494
-0.8831156272822515 7.532410963554728 4.3
-22.18051900759655 2.512653343042781 1.466959031289484
-8.467767591346396 -0.6874890686123684 2.521311078586794
13.32410250936752 -6.212273870026296 2.91949919117347
-14.67681140340313 -2.127548838503263 3.399999999999999
20.61323189653224 0.6299607018394623 2.645043377195487
-19.12321995507126 1.497967684344092 1.190080343143654
-6.466173622286391 8.756611442362322 1.034382605042769
9.519172292902308 -0.5577900038775525 1.178811805909343
-5.124940538391994 1.836030750112602 2.750157824875894
23.8365756990932 -5.373224962285851 3.896377103784655
12.82388619314416 0.9595058169628128 1.037316381032288
-5.008907785097426 6.092156452473175 2.98245247859564
-16.85573744260705 2.54881220775111 3.925586436277575
-5.745306555099951 -6.755608102011619 2.732376088192631
-20.89441803712688 5.530005297152082 1.113480741823013
4.959415510659218 0.8535991135973523 4.3
21.0934815513934 5.02062688365079 4.3
11.73777225821665 5.656307602164155 2.495363831129491
-11.55118114231986 2.029148619502307 3.4
-23.84434549757775 7.537128395080749 1.077523288869188
-20.87876501644937 8.924672334651056 2.351841393441672
-22.71683556514412 -2.77061558190811 3.957937582337775
15.05603483974429 -8.86893679384522 1.135062337980026
-10.28293960167052 6.038229784153581 2.236402779576854
-18.95341967990201 0.01719921857937853 3.911256347681895
-7.612064955857596 5.591023084026858 2.287509596827493
11.8890528292903 -2.202131545494784 1.188619412115693
-23.92992885244342 5.718824295459881 3.91138428420627
-22.03215191210891 -7.635018647456254 2.158713576162756
-19.2473177829975 2.96873838867711 4.3
-20.07078717075261 4.9323580152569 2.673543270181116
8.181471023263352 -1.053320909832133 2.499977304352494
-5.223410925277022 7.360002512801217 1.074336854782657
-22.67420713940031 5.467219481002649 3.882100235971454
17.73988683067059 1.392048035929292 3.45466472303207
-9.549875220240953 0.4960136846090344 1.186593583430075
11.21068280381358 3.116846863950593 3.982736638614219
15.45313225525154 -7.307760581489682 2.686012528144427
20.06611245073224 -7.2929490981331 1.15896320670957
-18.66355456825128 -7.291304511879545 2.659978840232694
9.96896044247945 3.296148904776559 2.002154366863462
6.137169477449238 8.907564857505879 2.371386429092247
-23.91318859296008 -1.88464161484079 2.215634437703972
11.03606447278579 -4.283046027213498 1.139821160381671
-20.77370224199354 1.790909529939527 2.602509338709284
-18.38173155168976 4.632358015256899 3.03810041332703
23.89850532269277 -7.251944010937384 1.490394139751422
-12.39513673640202 -4.883495510940016 2.742358941800156
20.8700121636383 4.955503057858724 3.399999999999999
5.242881647731599 -7.542896221830929 2.687048556700733
-21.98885784634437 7.290330201876639 1.132565034154431
8.204910822932387 3.399678806971065 3.4
21.16087780385555 8.960865115367966 2.268999201115952
-4.127651992159196 7.192939084302075 4.3
18.83675226483701 -6.389850447150648 4.092731631059453
-11.94371622386806 -7.62575004367551 1.120618713546966
1.038203599023635 -7.404910622543471 2.652967750606031
21.91797601940726 4.199411273973777 4.3
15.29462038540751 4.669379279381263 2.552091454610883
4.288030914545624 -7.127657255047147 2.691766590015603
7.752674767045545 -8.92003210849121 2.461825538780414
-4.788776550573488 6.020708410329588 1.057543160802348
0.009574518685819045 -6.730662385929324 2.283380949773499
5.345116107032107 -6.51130645830757 4.316350796739577
4.184888175582061 4.794010174680366 1.050390044910805
16.46891680542502 7.771306329343734 2.350990414031436
-23.94096361316981 -0.4953636068538609 2.484511168426534
22.88451615810578 7.62991595397994 3.738553546821314
-1.157344261593126 -0.6677504012869854 3.010730874757533
-21.85477473972499 -7.141390046250252 3.664426441067823
-20.54632893729068 7.442523844592009 2.767678070342936
1.490295461681689 -3.101847407645165 3.833429301814653
-3.165860205250038 4.566517311303798 1.158398351817244
-14.74066738070428 -4.920531298727447 2.529366813554897
9.387656425389745 -8.853879659948584 2.430212800261325
20.61811036219956 -8.911667827552705 1.06900039134958
11.95324567249735 8.973020441553 1.124661143043235
-3.568780542757406 0.7280105774730039 2.465268651046072
9.860053523842813 4.728403922770219 4.316350796739577
16.44191333323924 -1.820387304853019 2.610340695979986
-10.62890575144661 -3.302710513401998 1.176243233636997
-6.731235683223526 -5.147553928604611 2.840484830934906
-13.34687130554155 -4.550486883646014 1.136615401738232
-23.89924698022908 -4.464815094276914 3.908261849506896
19.15294145789948 4.880210017057182 4.080184256234554
-12.52256573843345 -8.587455692263424 2.682371565805807
4.668630876919695 -1.048036726605406 2.758380359336743
-23.84130212613369 2.229657587995115 1.154040946275704
10.62814557317576 -6.503873218593893 1.096530803050927
12.95040613520556 8.512966189803992 2.849847743028871
-20.01874852044737 -8.970465104247975 2.211786859844237
-14.6995844757841 -2.929786324318499 4.3
16.72451685136513 -0.3139910693217494 3.102705927616428
0.5211432357561638 6.775355268717339 1.074123554192554
8.204910822932387 6.016737796808222 3.4
-17.32261068174389 -1.812321925962482 4.315226912540781
4.686671094178997 6.52290709335858 1.151351679611028
-2.853471010920477 -6.629979667990328 2.488416152561286
-15.17286103906116 -8.853833404765982 3.851269820293128
23.94497557786898 8.159938064707786 2.495968341686526
1.890003943776631 8.03205821613199 3.4
-21.81395348926073 -8.91254002397303 3.938672886168939
24.03587479456117 -9.028711157203306 1.051414390973135
12.73552924421483 -1.147853727729521 2.6840815161929
-11.16736240866672 -4.032247853047908 2.811795608610418
-13.84709010041818 -7.511653500794236 1.109258052815341
23.84973072349716 -3.330498862754675 2.926088093710827
-18.92780825744236 0.37160180154523 2.791389247621274
0.4498726121046822 2.082707344918243 1.093579065271582
-4.873801952328761 -4.491057412659219 2.561148637834541
-10.48639415316749 7.612539826700437 1.059635910233248
-5.740565230688015 -7.419788215911052 3.999709905838388
-4.080497813334091 -2.320798172001556 1.066692471687931
-0.2339356930141737 -8.88828120306891 3.887470265836006
5.290532947054094 -6.827657255047147 3.4
-4.239855147679953 8.93638676122878 2.490745301439581
13.12263999815792 4.611719122292009 1.113100938879592
0.4254352136156246 -8.949464632127709 2.213472680050017
-3.858228015893056 -8.891123518515563 2.426907994112046
9.678554635718516 5.946192536167158 4.3
23.9423977955535 5.641309959117614 2.839182219664004
-7.362332795409678 -6.029103276600438 1.061143129861169
5.583409242423159 -2.728495633423131 3.959124171248721
-8.377070426160286 -4.1461672223965 3.4
14.33791217547448 8.938569522195086 1.304222284624225
-22.82925699215414 -6.197840357105914 3.906696286492094
16.21753935706309 -3.357611181977075 1.023740209514871
8.87191042234544 -6.917394711079639 2.618148654582633
-8.377070426160286 -6.850190114071388 3.4
22.274519413293 -2.427019597826652 3.929206841350589
19.09720711982467 -4.533217728360492 1.019501205921796
-10.16509751320138 5.958602367215726 1.025229008851468
15.25268678571013 -1.56847685526203 3.935963047236722
-18.45371787720974 3.83485251159771 4.3
-8.870982889162828 -3.958435497839473 1.114343490373121
9.804621301999905 4.412053126030641 3.4
19.79846566590935 6.107122986353443 2.570171267810565
-13.63400528349758 -3.584327598444552 3.938053615321701
-1.696967788803757 -3.046587710206984 1.122192451224173
-17.68681011960301 -5.61423393948832 2.961715209507084
-22.3980781938614 -7.357726295232926 1.031002717371222
-10.87753718446037 -8.304437794074049 3.983017898189373
0.1355784067256447 -3.084844862708183 2.411213440582098
15.3175801758374 5.849160753388027 2.257443809779685
-4.745480866602061 4.575286261967262 4.3
-16.3678187038515 8.300867316688475 2.798031314775577
-6.354523688056089 4.553376580333975 1.146849046382375
-11.86205334897251 -5.624730243563098 1.088525595772949
-16.73126861059352 2.91615454367554 2.760920753192902
-6.222708220053742 4.362132310784864 3.179386879249262
0.810652165718212 0.4436154574109073 1.027967465222789
-8.091133211860944 6.604739519840494 2.726104012204109
14.51016186114688 0.1364980966079432 1.065539058006076
13.98751983181533 5.80885099380397 2.305987018215071
16.35313225525153 -8.834934509920238 2.828869179025717
21.50567753538282 -3.539266317775904 2.336321214787337
-1.020962819569626 4.487775994334074 3.853561353037001
18.01123125670163 3.988423694477622 1.062715812478505
20.26974608951234 -6.143334930402318 1.109036487707955
16.55424890882101 -3.708683962859001 2.543732707794607
-9.015808929691795 3.552254688814363 3.55
-18.45616439342585 4.649340117067525 4.016982101810626
-5.241509421820123 -2.607652164945798 3.55
16.9405759001097 8.830407509967289 2.51869599236906
-10.53013426624549 4.681552529525426 2.728619388961349
-2.26620503912564 5.192156452473176 3.7
19.97001216363829 4.936122856384455 4.3
4.125232650824384 -3.346575485925726 2.611902164328544
2.595146370743549 5.925127270845462 3.906667298364615
15.29054232336482 8.95134863033082 3.931173198493406
-18.52028399860196 -3.91875608833945 1.001083206739596
-15.76002095169025 1.132791772552979 3.884816734433157
8.773641389705499 -0.06227257739111403 2.612235671908975
-11.56420461451861 7.386214666242372 2.367406641595113
22.59194814113816 1.649008501005791 2.291534654014409
11.9763581168849 -8.932251565858696 2.663231689806968
-13.52026710256284 5.932307659702156 0.9792727151098147
9.634722055026199 -5.905301626882951 1.147535904757669
-8.924498640974244 -0.985936691067788 3.980931471563698
12.35040613520556 5.960876177063085 3.4
19.74879440578599 4.033675251228019 1.047463635674508
10.06269279239139 5.215388637390395 1.044686617428116
-16.2889257929743 8.974469567894969 1.019430382742084
4.785255971895208 -2.052233808608767 2.087797250723074
15.29639605366012 8.967670077022159 2.584612681399145
-11.82161049635151 7.344874147368609 1.03285797545433
18.7199312976628 -1.717510292063072 2.422536773739234
-22.58845089165496 -5.4311141682554 2.455680735499365
-12.8484279779585 8.909751856382965 3.917482368385022
22.5086738493336 7.982705983776614 1.09021527714029
10.90187984335266 -7.284597876660895 2.270512879522733
2.573683200499163 -8.943108994302507 2.49010247067421
3.688030914545624 -7.818048319603269 3.399999999999999
23.98498688433194 -6.836838687379728 3.954631117654244
4.975010320932292 5.983016485755211 2.368036100763715
-16.29667645459303 -0.5376246678577699 3.4
-7.282112784929414 -2.739983849571377 1.006262533659921
-3.631575113887119 -1.603488811791984 3.55
-18.96351043016723 -3.158909523574114 4.3
-2.960190517773524 4.503614865178108 3.7
-4.534728636790413 -6.703822384971275 2.324494221660208
22.64164154350273 -5.901188720505976 2.408167870104451
6.419376426880065 -8.91423775602034 3.968064999560167
6.502837492625515 -9.009843156941137 2.406072664235714
-11.55118114231986 -0.5619852064952093 3.4
-2.015563461308196 8.981225463983648 2.445127007712543
-22.86029148698344 -0.2014838011043004 3.996479010235328
19.00705822219224 -3.874133327454851 4.3
4.697037502176992 1.925831620631426 1.011305995078395
-15.32520737719751 -8.966919868706354 1.186218360852174
6.973189681281134 0.7684002769071883 2.339524547262944
-15.92529185847943 5.436894598137648 3.258430584615112
20.74636164214372 -1.349080144631497 2.39312842292075
21.99002226244589 6.31351674129832 2.555903208133524
3.820234547711893 -1.82247777944374 1.009882415356739
3.274180860367055 9.000293359976563 2.657930082589249
-23.91638463999558 3.627695780791498 1.034162023993028
-13.40795385816413 0.5516878611041558 1.053595461096737
0.8853047944996451 6.951562836445455 3.100503176049773
-11.62256573843346 -6.702817829823908 4.3
6.694154215555436 6.334455721891861 2.295474956157614
9.577835516569895 -2.85767645755627 3.192111416663846
5.867115093745119 7.451236405498113 1.054594320307431
22.60417838993249 4.43404394687575 2.260321518784545
5.676709047635591 7.513230574579125 2.619615960843622
20.59140376748782 7.67501641617835 2.359285633583462
2.941257368463766 -1.764795154501309 3.983731487511339
7.533526226818793 -2.69348279908321 3.7
11.43063178064771 4.649441528446173 3.8968588276628
-0.7055851876322293 8.93205821613199 4.3
3.192290871591087 4.947109655352043 3.938925442771776
1.50320670548311 0.2322495987130145 4.3
-5.706314116288571 8.46199740381042 3.964818319568775
-20.89362746140612 -0.5183665952093042 2.693748691560207
1.430926748523877 0.4533747724045051 2.624168212857384
-21.12270565616765 2.568087226594141 1.030486107541331
13.67721313692178 4.127581165429692 3.91780496253546
-2.621332332350099 -5.858478114795846 3.895902236062955
-20.24282876225286 8.869237841515339 3.869237841515312
-0.03297457442007312 8.43596168424699 1.09869941834113
-18.21640220579662 -8.99750075000555 2.325970233192279
8.770664259014998 5.915607337682622 1.045859207884692
7.041672398523486 -0.2830385044504451 1.08136625690637
-2.638785830253162 -3.207652164945798 3.4
-11.49098502066072 -1.199044666150633 1.069737425307902
8.557054466209355 -3.900689670761178 1.108137392049576
-3.951834034873647 3.746168722917299 1.033669566860523
6.893931241551365 -0.6231724725314826 2.66739433324943
4.854392721014794 7.926000546220866 3.917513857880933
-19.421546496003 -0.5354439131649524 2.233494792355077
-15.57517541321449 2.791598697119889 0.9887955715612546
-15.60376143166633 -2.232216184473635 1.1305993197054
21.01148880964864 -7.562777423118042 3.970369011009047
-6.382378075985458 6.160535988801706 3.862232882123755
-4.531575113887119 -4.188198627350345 3.7
-15.92529185847943 8.151509718813044 3.4
-5.155700490232084 -0.01060984220401781 0.9978840410797025
4.294685531333228 -8.967586372311777 1.042125480648752
5.151564751639874 -1.701073060830818 0.9767854584486841
-7.890282750180713 7.662851673698865 3.968138105100942
19.42564376130895 -7.929508440110168 2.631842358083053
-2.302573266626775 1.983099098455613 2.457599788942666
8.733526226818794 -3.687755491388334 2.731972213266863
19.97001216363829 3.331949799588105 2.732002625366297
16.75004072350884 5.030541319626507 0.9635303223957662
7.424193175353134 -7.827413732122816 2.625870163911635
9.78256570884089 3.497503634020523 2.974496253650183
-1.480010272178904 -4.801493905347252 2.711403985763881
14.81050680862935 -6.488377358651692 4.3
7.387948349429708 -6.643097569010884 0.9933061601681
0.8139201983860503 0.9042746473232355 3.7
6.442517161500041 4.00710186030381 0.9966332285740641
-6.932427529531689 -6.667964615031956 4.3
0.4680566742794301 5.683960750245917 2.423254203076221
-14.49153253633682 -5.568225764601582 4.023760172863424
-18.58799354502655 3.360591975196493 1.05448953518345
-8.842644531606275 -8.900604688203723 1.099395311796276
14.77751377281005 -7.907760581489682 3.4
21.13027688406697 -6.44915440953748 4.3
-0.5358459390567634 -4.208599075041276 2.271581104180476
8.536018669671337 -0.001754161721541581 1.072595007710774
16.445908624108 6.181435813858851 2.349634553291766
-8.6403958080772 -6.766796501601538 4.3
-19.6291080460383 6.88281357436803 2.406237236761634
24.02475198922291 -8.512845250310418 2.488001454301808
1.471620834510344 2.743236178214326 3.909416255619761
22.60775484424797 -3.41809684458144 1.055321000501431
19.09172884747212 -2.914928116471903 2.522555920224978
18.85526761421502 7.533694213327752 4.009839050056568
-1.204004023276659 -6.655603438371025 4.015129989420892
23.98822329028008 5.868924499477842 4.016386755977084
18.92510945604446 -5.367858817830869 3.4
11.34053786955934 6.556212829409547 2.696451035947777
-6.858274654503065 3.552254688814363 2.605427228232283
15.78638114974514 -2.700325021210379 2.332661140635442
15.52796296696407 5.087303942772557 1.00082446625209
8.484103153276635 -7.758829107385087 3.879768277328322
3.154431675228066 1.016606926074947 4.3
-19.20552941649784 -0.6705507952087973 1.09399053069396
9.69763840220317 -7.691057768207236 2.617523235776063
-22.88336812081633 -6.344547425246049 1.032894445248867
-12.56628128384216 -3.117191145397766 2.295941250110851
17.32560166322518 -8.207760581489682 3.7
-22.26781829884442 -8.857708646073437 2.70257535784343
-22.74525647517833 3.863426117597426 3.94991202491417
3.496165231838784 3.549730499975932 4.3
-11.24935549395052 2.922641895915332 1.037302800214719
13.2761651111504 2.001747783310658 0.9981983563700393
6.632536097268198 -7.806566119677418 3.888984393349401
6.872974197313615 -2.915022560311445 2.79736069904197
-3.716682230245517 -0.546090958320436 2.399212217395675
2.171471556051774 3.317503814964307 2.702304046693194
-7.614198348830253 -7.676206643093054 2.566912604186186
21.44662142125831 8.925505181689402 1.178020008564874
-12.42439290638502 3.804613559807297 3.959085895879059
2.134872478975817 5.827469534506585 0.9941866552426746
-13.02122768022568 4.696145753540736 2.41263210375289
-23.92893681907099 -1.892686751330275 1.099493941421893
-23.9498978739573 -3.362220825653055 2.338336597361987
13.09877224918728 -2.837000470358698 4.3
-10.00998257035898 3.736811224050293 1.477498349171445
11.85920110813728 3.392955595900019 2.302365280457573
5.911858692148162 -6.248317603727351 1.040215420720138
-5.220391185774636 -3.558983506626019 2.677284733473085
18.66154813270746 -3.493376156388489 1.043087261142891
2.650080943535253 -4.614619472172578 0.9823741566743751
13.89748436493655 -5.872845820438005 1.105933776726931
-15.69667645459303 -2.38850260776607 2.707821928762244
-4.770297229424816 -8.928352635025037 3.0742643885178
22.37138886629491 -8.654364756706499 1.073058432462492
-11.66161196917065 -8.287455692263425 2.667921938841077
4.122211048582263 -0.2016807732622615 2.255715721286348
17.49152418629795 -4.723839242491071 4.007951329754159
23.95030787378858 -2.352926573281325 2.397747915916133
0.2195747646486466 -4.613859124516578 4.018643645610362
-15.1589623702527 -4.016002143246721 0.9633208938963634
-0.4392797277908773 -5.644339178511061 3.992234429583521
16.72451685136513 1.615517423684395 2.741483167353976
8.084138147218299 0.9256732197521979 2.261567070393243
11.37815641408928 -0.9719248909879047 1.064905739366302
-20.62007883710517 -0.1412835782278272 0.9384747703667758
-22.75406595330076 -2.968602522575266 2.498246806510235
23.50402360342006 2.135171579766719 4.032606855706561
-23.97907492716589 8.888547001718621 2.651771183486838
-16.55207691149727 -5.548667754885877 2.303513512494217
23.98032390669399 2.988904993462348 2.260342719324262
-2.910378565859817 7.349180196462563 3.097649727155394
-9.957179434626063 -1.576115409319895 2.294936303786661
7.862122116547089 7.544339445156016 0.967961881405082
-23.94310029868595 -6.084268887022206 3.862005788344963
20.49481664476284 7.844695083861417 4.034035208831131
-0.08607980161394979 0.1775848756809446 2.706702153360203
9.399503632044677 -3.687755491388334 3.4
-0.01469520550035468 9.601426407220544 4.3
4.887753529989982 9.040024303917122 3.556946393737667
9.902814908364626 8.93747470944353 4.008562462531528
-13.03868141463932 -9.365061248322432 4.3
-7.381341431278821 7.615946485919307 0.9909193205567798
-21.6217311162514 1.74740569079521 3.991821086932008
12.17810995190339 -6.667833577505077 2.69613190133955
-20.84789581375902 5.590836165893273 4.3
5.664416166078544 2.156055766016185 4.316095596355643
-23.92474980979737 6.433483811216513 1.173565359931281
19.03202842941192 -7.713244053286881 0.9769071281530597
1.343435564602997 -8.29975369555906 3.981042237047057
-14.30480414804844 -9.028254409099139 2.423755942454848
-5.140311330540175 1.103880157901556 4.042555367688779
-21.17079326405226 3.395987821705875 2.918242033435148
-12.81463651682992 -6.803208705615043 1.095826432960248
14.62930543701378 -7.706380096490941 0.8422440193334562
-7.492779857465298 8.937204605015324 2.793473174948639
-21.89796194335652 -0.3201733455766196 2.243535318598784
-21.03345511844742 4.032358015256899 3.399999999999999
-18.83033810495278 -5.024160606392123 2.71273478714326
-21.18743841403697 -8.960101572273235 2.434089610155428
-11.55118114231986 1.31235292515555 2.737219984855623
15.0399587101771 2.78346352050512 2.180599969035832
-15.43141352757586 2.714239201944304 3.962700565147605
-23.92209399076688 -7.351590367572035 2.53321943790482
15.22336164804692 2.233491739153709 4.3
-13.12983150566384 0.7497145810840607 4.33736165592851
-10.23157990872641 4.131052869484588 4.038084887763185
15.71923318088203 3.728954013697435 4.021449751061892
5.394982847579791 -7.51130586543859 1.038923057630724
-19.49863751789623 5.628769562504513 0.9576493536433245
13.13315420562807 -5.78991422808301 3.937375608700784
14.14353791820109 -2.124205660855783 2.351689287041803
-9.76046402211985 -6.542204370351859 0.9688654799482006
10.14284992260417 -5.218233234277086 2.69899041530292
-1.086435511103915 -0.6847325030976116 3.983017898189373
16.4105856468891 -1.927320324433768 3.950731023647344
9.8721967049034 3.859996338657718 4.3
5.802327295417808 4.979328751020593 4.059820831164383
-20.67805952777244 0.05285743793028969 3.969675201980392
17.35000479311623 -2.633754844384802 2.669769346499751
15.20260465650842 -8.995158184193025 4.3
21.2236769429826 0.1580516134042172 1.006817172105332
-15.02373263831784 -5.693933782644693 1.002130936254285
-9.400266419975338 -4.89494212925744 4.3
23.92809439003668 -2.928942401610837 1.015770528424179
-21.99838946692775 8.064050842954291 2.7084596318472
-22.51412702234461 9.009289975495131 2.32905785137302
-2.277758920870544 -3.995848776527557 1.071708034324346
10.71733596612404 2.183327006691707 0.9305761943007087
-7.43032051770171 -0.2152043513054408 0.9552578071411494
10.98358050252694 -1.996509262413198 4.3
13.97974826727623 7.551954889689454 3.055127094945294
-6.432051370091045 3.552254688814363 3.55
3.520101744388104 -0.7518527983627583 0.9452564916588447
7.776748168986571 8.943140856991389 0.9957546844900831
11.01279449630904 -1.747853727729521 3.399999999999999
-7.759487732896195 -3.957631211161913 1.05329054536796
-21.18586916510761 -5.640524155503135 4.3
-5.763808469965403 -1.158983240549376 0.9607873075797648
-12.05639727771559 -1.710225741931776 2.433421408810911
0.6120353844230851 4.774842055265672 0.9623444441437503
4.650950991884479 6.664818604702275 3.954976241364372
9.821270979311191 1.154836000784293 1.017885910678738
13.68797631681256 -4.084775959858757 3.940846430088249
-22.68669598268974 7.100102287612118 2.643789683618027
4.526121350814599 -4.062583483733604 1.681351590900895
11.77163313656563 -4.277871202289593 3.895884153469669
23.96065763731918 0.2382343016322152 1.21135655900363
-6.618656798441419 2.013021154345723 4.3
-2.673182231944607 -2.307652164945798 4.3
21.43114396685095 -7.458245081724057 2.372321541944419
-14.36385476770364 5.816905001215287 4.3
0.05672151926906699 4.644185387983784 2.579130951517026
-18.14972802004491 -0.7200199291716594 2.382195769077129
-15.92529185847943 7.472259778915712 2.743729437732865
19.42832914179044 2.439914654719554 4.3
-16.9269553538306 6.555908982176135 3.983649203260422
6.864121595520021 -3.537755491388334 3.7
10.21975626223059 0.8306225446765514 2.277027532875877
18.80373259222704 5.072714005158033 0.9766047632806709
-12.97616213692707 1.918222122070666 4.3
9.655246022059494 5.989251877239087 2.951198018406934
3.663608970389787 -8.914504135003757 2.351267178147138
23.19190281408896 9.01159998624925 2.584056702723626
-17.4573299971576 -5.965180351274618 3.998667547300096
4.806202588255997 8.894992496189642 1.084067182335164
11.17399473843243 -0.2273542975255599 4.3
19.15583419047865 6.120306294393984 3.939776968955504
3.356634599045974 8.98701365266848 4.039912047554569
11.78515058051659 -3.334189758350063 0.9671308833066391
18.71931177236158 -5.570392225056407 0.9653064415759302
17.4171697090578 6.781238724019124 2.753657813166596
7.610112228515438 -9.047524456943796 1.012502350648093
-14.7027072835027 -3.217916592105482 2.282575910884424
-13.48870557605405 2.113311435043359 0.9221263088800254
-10.43696065910577 -3.373349739759354 2.309030247754425
-20.47767739015221 -7.429094693406004 1.056416581846433
20.4986275675247 -3.804619463956312 3.399999999999999
23.7967170275647 -3.365033088689481 4.024277557320563
4.518693580053947 4.88966624661737 2.248125881060471
3.722380912115754 -1.589322851261279 2.584488969316711
-14.45338040088243 9.036609134846906 2.685445151239245
19.68776874826654 9.029224021499175 2.630555604737865
9.806725176351071 -9.03564011774654 1.021545825402204
-3.631575113887118 -2.307652164945798 2.738044831237617
-18.82647864869511 7.97716163155708 1.038040249055043
1.989582323808554 0.6047273718561736 1.001453112846625
-4.024160450473689 0.2911173720688057 3.932673556093086
-6.934092208506931 -4.179185988098683 2.93848039950652
-20.2824619004984 0.6457994495033184 2.668583510789774
-22.23483093905848 6.467377376789201 4.037982351664093
-0.01469520550035486 7.081141684598264 4.3
15.77250157940603 -3.567578955133144 3.966943565243252
-6.820121150417981 2.814269822218958 0.9377370136895948
-14.16143484057043 6.201202781304213 2.895432510721938
17.24705711631935 7.577155120325632 1.058830038963104
-11.32701712908858 7.805120756202681 4.078490666476049
0.8853047944996451 8.879765105754025 2.708660613184125
4.039134435832835 -2.231014823405046 3.9031100883102
-10.55995591990057 0.4123529251555502 3.452293110377964
8.804910822932388 4.164346236408606 2.709032877591279
-1.557785977845845 -7.827328750261079 1.11365517139745
-1.39229182729658 -8.930029667820826 1.155317065209254
1.495484694204918 -0.3847325030976117 3.683017898189374

CELLS 31740 149278
1 0
1 1
1 2
1 3
1 4
1 5
1 6
1 7
1 8
1 9
1 10
1 11
1 12
1 13
1 14
1 15
1 16
1 17
1 18
1 19
1 20
1 21
1 22
1 23
1 24
1 25
1 26
1 27
1 28
1 29
1 30
1 31
1 32
1 33
1 34
1 35
1 36
1 37
1 38
1 39
1 40
1 41
1 42
1 43
1 44
1 45
1 46
1 47
1 48
1 49
1 50
1 51
1 52
1 53
1 54
1 55
1 56
1 57
1 58
1 59
1 60
1 61
1 62
1 63
1 64
1 65
1 66
1 67
1 68
1 69
1 70
1 71
1 72
1 73
1 74
1 75
1 76
1 77
1 78
1 79
1 80
1 81
1 82
1 83
1 84
1 85
1 86
1 87
1 88
1 89
1 90
1 91
1 92
1 93
1 94
1 95
1 96
1 97
1 98
1 99
1 100
1 101
1 102
1 103
1 104
1 105
1 106
1 107
1 108
1 109
1 110
1 111
1 112
1 113
1 114
1 115
1 116
1 117
1 118
1 119
1 120
1 121
1 122
1 123
1 124
1 125
1 126
1 127
1 128
1 129
1 130
1 131
1 132
1 133
1 134
1 135
1 136
1 137
1 138
1 139
1 140
1 141
1 142
1 143
1 144
1 145
1 146
1 147
1 148
1 149
1 150
1 151
1 152
1 153
1 154
1 155
1 156
1 157
1 158
1 159
1 160
1 161
1 162
1 163
1 164
1 165
1 166
1 167
1 168
1 169
1 170
1 171
1 172
1 173
1 174
1 175
1 176
1 177
1 178
1 179
1 180
1 181
1 182
1 183
2 0 184
2 184 185
2 185 186
2 186 187
2 187 1
2 2 188
2 188 189
2 189 190
2 190 191
2 191 3
2 0 192
2 192 193
2 193 194
2 194 195
2 195 196
2 196 197
2 197 198
2 198 199
2 199 200
2 200 201
2 201 202
2 202 203
2 203 204
2 204 205
2 205 206
2 206 207
2 207 208
2 208 209
2 209 210
2 210 211
2 211 212
2 212 213
2 213 214
2 214 215
2 215 216
2 216 217
2 217 218
2 218 219
2 219 220
2 220 221
2 221 222
2 222 223
2 223 224
2 224 225
2 225 226
2 226 227
2 227 228
2 228 229
2 229 230
2 230 231
2 231 232
2 232 233
2 233 234
2 234 235
2 235 236
2 236 2
2 1 237
2 237 238
2 238 239
2 239 240
2 240 241
2 241 242
2 242 243
2 243 244
2 244 245
2 245 246
2 246 247
2 247 248
2 248 249
2 249 250
2 250 251
2 251 252
2 252 253
2 253 254
2 254 255
2 255 256
2 256 257
2 257 258
2 258 259
2 259 260
2 260 261
2 261 262
2 262 263
2 263 264
2 264 265
2 265 266
2 266 267
2 267 268
2 268 269
2 269 270
2 270 271
2 271 272
2 272 273
2 273 274
2 274 275
2 275 276
2 276 277
2 277 278
2 278 279
2 279 280
2 280 281
2 281 3
2 4 282
2 282 283
2 283 284
2 284 285
2 285 5
2 4 286
2 286 287
2 287 288
2 288 289
2 289 290
2 290 291
2 291 292
2 292 293
2 293 294
2 294 295
2 295 296
2 296 297
2 297 298
2 298 299
2 299 300
2 300 301
2 301 302
2 302 303
2 303 0
2 5 304
2 304 305
2 305 306
2 306 307
2 307 308
2 308 309
2 309 310
2 310 311
2 311 312
2 312 313
2 313 314
2 314 315
2 315 316
2 316 317
2 317 318
2 318 319
2 319 320
2 320 321
2 321 1
2 6 322
2 322 323
2 323 324
2 324 325
2 325 7
2 2 326
2 326 327
2 327 328
2 328 329
2 329 330
2 330 331
2 331 332
2 332 333
2 333 334
2 334 335
2 335 336
2 336 337
2 337 338
2 338 339
2 339 340
2 340 341
2 341 342
2 342 343
2 343 6
2 3 344
2 344 345
2 345 346
2 346 347
2 347 348
2 348 349
2 349 350
2 350 351
2 351 352
2 352 353
2 353 354
2 354 355
2 355 356
2 356 357
2 357 358
2 358 359
2 359 360
2 360 361
2 361 7
2 6 362
2 362 363
2 363 364
2 364 365
2 365 366
2 366 367
2 367 368
2 368 369
2 369 370
2 370 371
2 371 372
2 372 373
2 373 374
2 374 375
2 375 376
2 376 377
2 377 378
2 378 379
2 379 380
2 380 381
2 381 382
2 382 383
2 383 384
2 384 385
2 385 386
2 386 387
2 387 388
2 388 389
2 389 390
2 390 391
2 391 392
2 392 393
2 393 394
2 394 395
2 395 396
2 396 397
2 397 398
2 398 399
2 399 400
2 400 401
2 401 402
2 402 403
2 403 404
2 404 405
2 405 406
2 406 4
2 7 407
2 407 408
2 408 409
2 409 410
2 410 411
2 411 412
2 412 413
2 413 414
2 414 415
2 415 416
2 416 417
2 417 418
2 418 419
2 419 420
2 420 421
2 421 422
2 422 423
2 423 424
2 424 425
2 425 426
2 426 427
2 427 428
2 428 429
2 429 430
2 430 431
2 431 432
2 432 433
2 433 434
2 434 435
2 435 436
2 436 437
2 437 438
2 438 439
2 439 440
2 440 441
2 441 442
2 442 443
2 443 444
2 444 445
2 445 446
2 446 447
2 447 448
2 448 449
2 449 450
2 450 451
2 451 5
2 9 452
2 452 8
2 8 453
2 453 10
2 11 454
2 454 10
2 9 455
2 455 11
2 9 456
2 456 12
2 12 457
2 457 13
2 8 458
2 458 13
2 10 459
2 459 14
2 13 460
2 460 14
2 11 461
2 461 15
2 15 462
2 462 14
2 12 463
2 463 15
2 17 464
2 464 16
2 16 465
2 465 18
2 19 466
2 466 18
2 17 467
2 467 19
2 17 468
2 468 20
2 20 469
2 469 21
2 16 470
2 470 21
2 18 471
2 471 22
2 21 472
2 472 22
2 19 473
2 473 23
2 23 474
2 474 22
2 20 475
2 475 23
2 25 476
2 476 24
2 24 477
2 477 26
2 27 478
2 478 26
2 25 479
2 479 27
2 25 480
2 480 28
2 28 481
2 481 29
2 24 482
2 482 29
2 26 483
2 483 30
2 29 484
2 484 30
2 27 485
2 485 31
2 31 486
2 486 30
2 28 487
2 487 31
2 33 488
2 488 32
2 32 489
2 489 34
2 35 490
2 490 34
2 33 491
2 491 35
2 33 492
2 492 36
2 36 493
2 493 37
2 32 494
2 494 37
2 34 495
2 495 38
2 37 496
2 496 38
2 35 497
2 497 39
2 39 498
2 498 38
2 36 499
2 499 39
2 41 500
2 500 40
2 40 501
2 501 42
2 43 502
2 502 42
2 41 503
2 503 43
2 41 504
2 504 44
2 44 505
2 505 45
2 40 506
2 506 45
2 42 507
2 507 46
2 45 508
2 508 46
2 43 509
2 509 47
2 47 510
2 510 46
2 44 511
2 511 47
2 49 512
2 512 48
2 48 513
2 513 50
2 51 514
2 514 50
2 49 515
2 515 51
2 49 516
2 516 52
2 52 517
2 517 53
2 48 518
2 518 53
2 50 519
2 519 54
2 53 520
2 520 54
2 51 521
2 521 55
2 55 522
2 522 54
2 52 523
2 523 55
2 57 524
2 524 56
2 56 525
2 525 58
2 59 526
2 526 58
2 57 527
2 527 59
2 57 528
2 528 60
2 60 529
2 529 61
2 56 530
2 530 61
2 58 531
2 531 62
2 61 532
2 532 62
2 59 533
2 533 63
2 63 534
2 534 62
2 60 535
2 535 63
2 65 536
2 536 64
2 64 537
2 537 66
2 67 538
2 538 66
2 65 539
2 539 67
2 65 540
2 540 68
2 68 541
2 541 69
2 64 542
2 542 69
2 66 543
2 543 70
2 69 544
2 544 70
2 67 545
2 545 71
2 71 546
2 546 70
2 68 547
2 547 71
2 73 548
2 548 72
2 72 549
2 549 74
2 75 550
2 550 74
2 73 551
2 551 75
2 73 552
2 552 76
2 76 553
2 553 77
2 72 554
2 554 77
2 74 555
2 555 78
2 77 556
2 556 78
2 75 557
2 557 79
2 79 558
2 558 78
2 76 559
2 559 79
2 81 560
2 560 80
2 80 561
2 561 82
2 83 562
2 562 82
2 81 563
2 563 83
2 81 564
2 564 84
2 84 565
2 565 85
2 80 566
2 566 85
2 82 567
2 567 86
2 85 568
2 568 86
2 83 569
2 569 87
2 87 570
2 570 86
2 84 571
2 571 87
2 89 572
2 572 88
2 88 573
2 573 90
2 91 574
2 574 90
2 89 575
2 575 91
2 89 576
2 576 92
2 92 577
2 577 93
2 88 578
2 578 93
2 90 579
2 579 94
2 93 580
2 580 94
2 91 581
2 581 95
2 95 582
2 582 94
2 92 583
2 583 95
2 97 584
2 584 96
2 96 585
2 585 98
2 99 586
2 586 98
2 97 587
2 587 99
2 97 588
2 588 100
2 100 589
2 589 101
2 96 590
2 590 101
2 98 591
2 591 102
2 101 592
2 592 102
2 99 593
2 593 103
2 103 594
2 594 102
2 100 595
2 595 103
2 105 596
2 596 104
2 104 597
2 597 106
2 107 598
2 598 106
2 105 599
2 599 107
2 105 600
2 600 108
2 108 601
2 601 109
2 104 602
2 602 109
2 106 603
2 603 110
2 109 604
2 604 110
2 107 605
2 605 111
2 111 606
2 606 110
2 108 607
2 607 111
2 113 608
2 608 112
2 112 609
2 609 114
2 115 610
2 610 114
2 113 611
2 611 115
2 113 612
2 612 116
2 116 613
2 613 117
2 112 614
2 614 117
2 114 615
2 615 118
2 117 616
2 616 118
2 115 617
2 617 119
2 119 618
2 618 118
2 116 619
2 619 119
2 121 620
2 620 120
2 120 621
2 621 122
2 123 622
2 622 122
2 121 623
2 623 123
2 121 624
2 624 124
2 124 625
2 625 125
2 120 626
2 626 125
2 122 627
2 627 126
2 125 628
2 628 126
2 123 629
2 629 127
2 127 630
2 630 126
2 124 631
2 631 127
2 129 632
2 632 128
2 128 633
2 633 130
2 131 634
2 634 130
2 129 635
2 635 131
2 129 636
2 636 132
2 132 637
2 637 133
2 128 638
2 638 133
2 130 639
2 639 134
2 133 640
2 640 134
2 131 641
2 641 135
2 135 642
2 642 134
2 132 643
2 643 135
2 137 644
2 644 136
2 136 645
2 645 138
2 139 646
2 646 138
2 137 647
2 647 139
2 137 648
2 648 140
2 140 649
2 649 141
2 136 650
2 650 141
2 138 651
2 651 142
2 141 652
2 652 142
2 139 653
2 653 143
2 143 654
2 654 142
2 140 655
2 655 143
2 145 656
2 656 144
2 144 657
2 657 146
2 147 658
2 658 146
2 145 659
2 659 147
2 145 660
2 660 148
2 148 661
2 661 149
2 144 662
2 662 149
2 146 663
2 663 150
2 149 664
2 664 150
2 147 665
2 665 151
2 151 666
2 666 150
2 148 667
2 667 151
2 153 668
2 668 152
2 152 669
2 669 154
2 155 670
2 670 154
2 153 671
2 671 155
2 153 672
2 672 156
2 156 673
2 673 157
2 152 674
2 674 157
2 154 675
2 675 158
2 157 676
2 676 158
2 155 677
2 677 159
2 159 678
2 678 158
2 156 679
2 679 159
2 161 680
2 680 160
2 160 681
2 681 162
2 163 682
2 682 162
2 161 683
2 683 163
2 161 684
2 684 164
2 164 685
2 685 165
2 160 686
2 686 165
2 162 687
2 687 166
2 165 688
2 688 166
2 163 689
2 689 167
2 167 690
2 690 166
2 164 691
2 691 167
2 169 692
2 692 168
2 168 693
2 693 170
2 171 694
2 694 170
2 169 695
2 695 171
2 169 696
2 696 172
2 172 697
2 697 173
2 168 698
2 698 173
2 170 699
2 699 174
2 173 700
2 700 174
2 171 701
2 701 175
2 175 702
2 702 174
2 172 703
2 703 175
2 177 704
2 704 176
2 176 705
2 705 178
2 179 706
2 706 178
2 177 707
2 707 179
2 177 708
2 708 180
2 180 709
2 709 181
2 176 710
2 710 181
2 178 711
2 711 182
2 181 712
2 712 182
2 179 713
2 713 183
2 183 714
2 714 182
2 180 715
2 715 183
3 184 0 904
3 0 192 904
3 1 187 903
3 237 1 903
3 2 188 905
3 236 2 905
3 191 3 902
3 3 281 902
3 185 184 886
3 886 184 904
3 186 185 716
3 716 185 886
3 187 186 887
3 186 716 887
3 187 887 903
3 188 189 889
3 188 889 905
3 189 190 717
3 189 717 889
3 190 191 888
3 717 190 888
3 888 191 902
3 192 193 752
3 192 752 904
3 193 194 813
3 752 193 813
3 194 195 727
3 194 727 813
3 195 196 834
3 727 195 834
3 196 197 748
3 196 748 834
3 197 198 837
3 748 197 837
3 198 199 728
3 198 728 837
3 199 200 844
3 728 199 844
3 200 201 820
3 200 820 844
3 201 202 740
3 201 740 820
3 202 203 843
3 740 202 843
3 203 204 867
3 843 203 867
3 204 205 738
3 204 738 867
3 205 206 847
3 738 205 847
3 206 207 797
3 206 797 847
3 207 208 730
3 207 730 797
3 208 209 848
3 730 208 848
3 209 210 718
3 209 718 848
3 210 211 849
3 718 210 849
3 211 212 789
3 211 789 849
3 212 213 719
3 212 719 789
3 213 214 860
3 719 213 860
3 214 215 731
3 214 731 860
3 215 216 806
3 731 215 806
3 216 217 747
3 216 747 806
3 217 218 859
3 747 217 859
3 218 219 724
3 218 724 859
3 219 220 846
3 724 219 846
3 220 221 725
3 220 725 846
3 221 222 812
3 725 221 812
3 222 223 864
3 812 222 864
3 223 224 743
3 223 743 864
3 224 225 851
3 743 224 851
3 225 226 778
3 225 778 851
3 226 227 732
3 226 732 778
3 227 228 856
3 732 227 856
3 228 229 734
3 228 734 856
3 229 230 857
3 734 229 857
3 230 231 736
3 230 736 857
3 231 232 866
3 736 231 866
3 232 233 854
3 232 854 866
3 233 234 733
3 233 733 854
3 234 235 756
3 733 234 756
3 235 236 754
3 235 754 756
3 754 236 905
3 238 237 753
3 753 237 903
3 239 238 830
3 238 753 830
3 240 239 749
3 749 239 830
3 241 240 842
3 240 749 842
3 242 241 720
3 720 241 842
3 243 242 839
3 242 720 839
3 244 243 750
3 750 243 839
3 245 244 845
3 244 750 845
3 246 245 721
3 721 245 845
3 247 246 831
3 246 721 831
3 248 247 729
3 729 247 831
3 249 248 835
3 248 729 835
3 250 249 841
3 249 835 841
3 251 250 722
3 722 250 841
3 252 251 893
3 251 722 893
3 253 252 892
3 252 805 892
3 805 252 893
3 254 253 742
3 742 253 892
3 255 254 811
3 254 742 811
3 256 255 861
3 255 811 861
3 257 256 737
3 737 256 861
3 258 257 836
3 257 737 836
3 259 258 741
3 741 258 836
3 260 259 858
3 259 741 858
3 261 260 808
3 808 260 858
3 262 261 723
3 723 261 808
3 263 262 855
3 262 723 855
3 264 263 779
3 779 263 855
3 265 264 739
3 739 264 779
3 266 265 862
3 265 739 862
3 267 266 868
3 266 862 868
3 268 267 726
3 726 267 868
3 269 268 832
3 268 726 832
3 270 269 735
3 735 269 832
3 271 270 873
3 270 735 873
3 272 271 865
3 865 271 873
3 273 272 744
3 744 272 865
3 274 273 766
3 273 744 766
3 275 274 746
3 746 274 766
3 276 275 863
3 275 746 863
3 277 276 745
3 745 276 863
3 278 277 850
3 277 745 850
3 279 278 751
3 751 278 850
3 280 279 765
3 279 751 765
3 281 280 755
3 755 280 765
3 281 755 902
3 819 716 886
3 716 819 890
3 887 716 890
3 717 764 889
3 764 717 891
3 717 888 891
3 848 718 870
3 718 849 881
3 870 718 881
3 789 719 790
3 790 719 791
3 791 719 860
3 839 720 875
3 720 842 931
3 875 720 931
3 831 721 907
3 721 845 918
3 907 721 918
3 722 841 934
3 893 722 924
3 924 722 934
3 723 808 809
3 723 809 877
3 855 723 877
3 724 846 910
3 859 724 915
3 724 910 915
3 725 812 929
3 846 725 925
3 925 725 929
3 832 726 833
3 833 726 880
3 726 868 880
3 813 727 814
3 814 727 815
3 815 727 834
3 837 728 878
3 728 844 871
3 728 871 878
3 729 831 919
3 835 729 930
3 729 919 930
3 797 730 798
3 798 730 799
3 799 730 848
3 731 806 879
3 860 731 869
3 869 731 879
3 778 732 939
3 732 856 937
3 732 937 939
3 733 756 757
3 733 757 758
3 733 758 854
3 856 734 916
3 734 857 912
3 734 912 916
3 735 832 874
3 873 735 882
3 735 874 882
3 770 736 899
3 736 770 926
3 857 736 926
3 736 866 899
3 836 737 906
3 737 861 921
3 906 737 921
3 738 847 872
3 867 738 883
3 738 872 883
3 739 779 780
3 739 780 781
3 739 781 862
3 820 740 821
3 821 740 822
3 822 740 843
3 741 794 898
3 794 741 922
3 741 836 922
3 858 741 898
3 811 742 932
3 742 892 923
3 742 923 932
3 743 851 852
3 743 852 853
3 743 853 864
3 766 744 772
3 772 744 773
3 773 744 865
3 763 745 901
3 745 763 928
3 850 745 928
3 745 863 901
3 746 766 767
3 746 767 768
3 746 768 863
3 806 747 807
3 807 747 935
3 747 859 935
3 834 748 876
3 748 837 838
3 748 838 876
3 749 830 911
3 842 749 920
3 749 911 920
3 750 839 840
3 750 840 896
3 845 750 896
3 765 751 909
3 751 850 917
3 909 751 917
3 752 813 819
3 752 819 886
3 752 886 904
3 830 753 890
3 753 887 890
3 887 753 903
3 756 754 764
3 764 754 889
3 889 754 905
3 755 765 891
3 888 755 891
3 755 888 902
3 757 756 764
3 758 757 759
3 759 757 760
3 760 757 764
3 758 759 761
3 758 761 762
3 758 762 854
3 759 760 909
3 761 759 917
3 759 909 917
3 760 764 891
3 765 760 891
3 760 765 909
3 762 761 763
3 763 761 928
3 761 917 928
3 762 763 899
3 854 762 866
3 866 762 899
3 763 770 899
3 770 763 901
3 767 766 772
3 768 767 769
3 769 767 771
3 771 767 772
3 768 769 770
3 768 770 901
3 863 768 901
3 770 769 926
3 769 771 912
3 769 912 926
3 771 772 774
3 771 774 916
3 912 771 916
3 772 773 774
3 774 773 775
3 775 773 776
3 776 773 865
3 774 775 937
3 916 774 937
3 775 776 777
3 775 777 939
3 937 775 939
3 777 776 882
3 776 865 873
3 776 873 882
3 778 777 900
3 777 778 939
3 777 882 941
3 900 777 941
3 851 778 900
3 780 779 782
3 782 779 855
3 781 780 783
3 780 782 787
3 783 780 787
3 781 783 784
3 781 784 785
3 781 785 862
3 787 782 788
3 788 782 877
3 782 855 877
3 784 783 925
3 783 787 910
3 783 910 925
3 785 784 786
3 786 784 929
3 784 925 929
3 785 786 880
3 862 785 868
3 868 785 880
3 880 786 897
3 897 786 938
3 786 929 938
3 787 788 915
3 910 787 915
3 788 877 895
3 788 895 935
3 915 788 935
3 789 790 792
3 789 792 849
3 790 791 793
3 792 790 795
3 790 793 795
3 793 791 794
3 794 791 869
3 791 860 869
3 792 795 796
3 792 796 881
3 849 792 881
3 793 794 922
3 795 793 906
3 906 793 922
3 794 869 936
3 898 794 936
3 796 795 921
3 795 906 921
3 881 796 884
3 884 796 933
3 796 921 933
3 797 798 800
3 797 800 847
3 798 799 801
3 800 798 803
3 798 801 803
3 801 799 802
3 802 799 870
3 799 848 870
3 800 803 804
3 800 804 872
3 847 800 872
3 801 802 923
3 803 801 805
3 805 801 923
3 802 870 884
3 802 884 932
3 923 802 932
3 804 803 924
3 803 805 924
3 872 804 885
3 885 804 934
3 804 924 934
3 892 805 923
3 805 893 924
3 806 807 879
3 809 807 895
3 807 809 908
3 879 807 908
3 895 807 935
3 809 808 810
3 810 808 858
3 809 810 908
3 877 809 895
3 810 858 898
3 810 898 936
3 908 810 936
3 861 811 933
3 811 932 933
3 812 864 938
3 929 812 938
3 813 814 819
3 814 815 816
3 814 816 817
3 814 817 819
3 816 815 818
3 818 815 876
3 815 834 876
3 817 816 911
3 816 818 920
3 911 816 920
3 819 817 890
3 817 830 890
3 830 817 911
3 818 876 894
3 818 894 931
3 920 818 931
3 820 821 823
3 820 823 844
3 821 822 824
3 823 821 828
3 821 824 828
3 824 822 825
3 825 822 826
3 826 822 843
3 823 828 829
3 823 829 871
3 844 823 871
3 824 825 919
3 828 824 907
3 907 824 919
3 825 826 827
3 825 827 930
3 919 825 930
3 827 826 883
3 826 843 867
3 826 867 883
3 827 883 885
3 827 885 940
3 930 827 940
3 829 828 918
3 828 907 918
3 829 845 896
3 845 829 918
3 871 829 927
3 829 896 927
3 831 907 919
3 832 833 874
3 853 833 897
3 833 853 913
3 874 833 913
3 833 880 897
3 841 835 940
3 835 930 940
3 836 906 922
3 838 837 878
3 838 875 894
3 875 838 914
3 876 838 894
3 838 878 914
3 840 839 875
3 840 875 914
3 896 840 927
3 840 914 927
3 934 841 940
3 842 920 931
3 910 846 925
3 917 850 928
3 852 851 900
3 853 852 913
3 852 900 941
3 913 852 941
3 864 853 938
3 853 897 938
3 856 916 937
3 912 857 926
3 859 915 935
3 921 861 933
3 869 879 936
3 870 881 884
3 878 871 927
3 883 872 885
3 882 874 941
3 874 913 941
3 894 875 931
3 914 878 927
3 879 908 936
3 932 884 933
3 885 934 940
3 0 184 1023
3 303 0 1023
3 187 1 1020
3 1 321 1020
3 282 4 1022
3 4 286 1022
3 5 285 1021
3 304 5 1021
3 184 185 1006
3 184 1006 1023
3 185 186 943
3 185 943 1006
3 186 187 1005
3 943 186 1005
3 1005 187 1020
3 283 282 1008
3 1008 282 1022
3 284 283 942
3 942 283 1008
3 285 284 1007
3 284 942 1007
3 285 1007 1021
3 286 287 992
3 286 992 1022
3 287 288 957
3 287 957 992
3 288 289 993
3 957 288 993
3 289 290 955
3 289 955 993
3 290 291 985
3 955 290 985
3 291 292 978
3 291 978 985
3 292 293 949
3 292 949 978
3 293 294 983
3 949 293 983
3 294 295 944
3 294 944 983
3 295 296 971
3 944 295 971
3 296 297 945
3 296 945 971
3 297 298 999
3 945 297 999
3 298 299 946
3 298 946 999
3 299 300 965
3 946 299 965
3 300 301 947
3 300 947 965
3 301 302 1000
3 947 301 1000
3 302 303 958
3 302 958 1000
3 958 303 1023
3 305 304 959
3 959 304 1021
3 306 305 986
3 305 959 986
3 307 306 948
3 948 306 986
3 308 307 995
3 307 948 995
3 309 308 950
3 950 308 995
3 310 309 984
3 309 950 984
3 311 310 998
3 310 984 998
3 312 311 954
3 954 311 998
3 313 312 994
3 312 954 994
3 314 313 951
3 951 313 994
3 315 314 997
3 314 951 997
3 316 315 953
3 953 315 997
3 317 316 996
3 316 953 996
3 318 317 952
3 952 317 996
3 319 318 1001
3 318 952 1001
3 320 319 956
3 956 319 1001
3 321 320 960
3 320 956 960
3 321 960 1020
3 942 991 1007
3 991 942 1012
3 942 1008 1012
3 961 943 1005
3 943 961 1011
3 1006 943 1011
3 944 971 972
3 944 972 973
3 944 973 983
3 971 945 977
3 977 945 1009
3 945 999 1009
3 946 965 966
3 946 966 967
3 946 967 999
3 965 947 1015
3 947 1000 1025
3 1015 947 1025
3 948 986 987
3 948 987 988
3 948 988 995
3 978 949 979
3 979 949 1003
3 949 983 1003
3 984 950 1028
3 950 995 1016
3 950 1016 1028
3 951 994 1019
3 997 951 1030
3 951 1019 1030
3 952 996 1017
3 1001 952 1013
3 1013 952 1017
3 996 953 1027
3 953 997 1032
3 1027 953 1032
3 994 954 1026
3 954 998 1031
3 1026 954 1031
3 955 985 1014
3 993 955 1029
3 955 1014 1029
3 960 956 961
3 961 956 962
3 962 956 1001
3 957 990 1012
3 990 957 1018
3 992 957 1012
3 957 993 1018
3 1000 958 1011
3 958 1006 1011
3 1006 958 1023
3 986 959 991
3 991 959 1007
3 1007 959 1021
3 960 961 1005
3 960 1005 1020
3 961 962 963
3 961 963 1011
3 963 962 964
3 964 962 1013
3 962 1001 1013
3 963 964 1025
3 963 1000 1011
3 1000 963 1025
3 970 964 1013
3 964 970 1015
3 964 1015 1025
3 966 965 1015
3 967 966 968
3 968 966 970
3 970 966 1015
3 967 968 969
3 967 969 1009
3 999 967 1009
3 969 968 1027
3 968 970 1017
3 968 1017 1027
3 1009 969 1010
3 1010 969 1032
3 969 1027 1032
3 970 1013 1017
3 972 971 977
3 973 972 974
3 974 972 976
3 976 972 977
3 973 974 975
3 973 975 1003
3 983 973 1003
3 975 974 1026
3 974 976 1019
3 974 1019 1026
3 1003 975 1004
3 1004 975 1031
3 975 1026 1031
3 976 977 1010
3 976 1010 1030
3 1019 976 1030
3 977 1009 1010
3 978 979 980
3 978 980 985
3 980 979 981
3 981 979 1004
3 979 1003 1004
3 980 981 982
3 980 982 1014
3 985 980 1014
3 982 981 1028
3 981 1004 1024
3 981 1024 1028
3 982 1002 1014
3 1002 982 1016
3 1016 982 1028
3 998 984 1024
3 1024 984 1028
3 987 986 991
3 988 987 989
3 989 987 990
3 990 987 991
3 988 989 1002
3 995 988 1016
3 988 1002 1016
3 989 990 1018
3 1002 989 1029
3 989 1018 1029
3 990 991 1012
3 1008 992 1012
3 992 1008 1022
3 1018 993 1029
3 1019 994 1026
3 1017 996 1027
3 997 1030 1032
3 998 1024 1031
3 1014 1002 1029
3 1024 1004 1031
3 1030 1010 1032
3 188 2 1114
3 2 326 1114
3 3 191 1113
3 344 3 1113
3 6 322 1115
3 343 6 1115
3 325 7 1112
3 7 361 1112
3 189 188 1100
3 1100 188 1114
3 190 189 1033
3 1033 189 1100
3 191 190 1099
3 190 1033 1099
3 191 1099 1113
3 322 323 1098
3 322 1098 1115
3 323 324 1034
3 323 1034 1098
3 324 325 1097
3 1034 324 1097
3 1097 325 1112
3 326 327 1083
3 326 1083 1114
3 327 328 1048
3 327 1048 1083
3 328 329 1085
3 1048 328 1085
3 329 330 1044
3 329 1044 1085
3 330 331 1075
3 1044 330 1075
3 331 332 1073
3 331 1073 1075
3 332 333 1040
3 332 1040 1073
3 333 334 1074
3 1040 333 1074
3 334 335 1045
3 334 1045 1074
3 335 336 1087
3 1045 335 1087
3 336 337 1036
3 336 1036 1087
3 337 338 1090
3 1036 337 1090
3 338 339 1037
3 338 1037 1090
3 339 340 1056
3 1037 339 1056
3 340 341 1038
3 340 1038 1056
3 341 342 1091
3 1038 341 1091
3 342 343 1049
3 342 1049 1091
3 1049 343 1115
3 345 344 1050
3 1050 344 1113
3 346 345 1081
3 345 1050 1081
3 347 346 1039
3 1039 346 1081
3 348 347 1086
3 347 1039 1086
3 349 348 1041
3 1041 348 1086
3 350 349 1093
3 349 1041 1093
3 351 350 1046
3 1046 350 1093
3 352 351 1062
3 351 1046 1062
3 353 352 1035
3 1035 352 1062
3 354 353 1089
3 353 1035 1089
3 355 354 1094
3 354 1089 1094
3 356 355 1043
3 1043 355 1094
3 357 356 1088
3 356 1043 1088
3 358 357 1042
3 1042 357 1088
3 359 358 1092
3 358 1042 1092
3 360 359 1047
3 1047 359 1092
3 361 360 1051
3 360 1047 1051
3 361 1051 1112
3 1099 1033 1124
3 1033 1100 1124
3 1052 1034 1097
3 1034 1052 1101
3 1098 1034 1101
3 1035 1062 1063
3 1035 1063 1064
3 1035 1064 1089
3 1087 1036 1107
3 1036 1090 1095
3 1036 1095 1107
3 1037 1056 1057
3 1037 1057 1058
3 1037 1058 1090
3 1056 1038 1105
3 1038 1091 1116
3 1105 1038 1116
3 1039 1081 1121
3 1086 1039 1119
3 1119 1039 1121
3 1073 1040 1123
3 1040 1074 1120
3 1040 1120 1123
3 1041 1086 1111
3 1093 1041 1104
3 1104 1041 1111
3 1042 1088 1109
3 1092 1042 1103
3 1103 1042 1109
3 1088 1043 1118
3 1043 1094 1108
3 1043 1108 1118
3 1044 1075 1076
3 1044 1076 1077
3 1044 1077 1085
3 1074 1045 1110
3 1045 1087 1117
3 1110 1045 1117
3 1062 1046 1069
3 1069 1046 1070
3 1070 1046 1093
3 1051 1047 1052
3 1052 1047 1053
3 1053 1047 1092
3 1083 1048 1084
3 1084 1048 1096
3 1048 1085 1096
3 1091 1049 1101
3 1049 1098 1101
3 1098 1049 1115
3 1081 1050 1082
3 1082 1050 1099
3 1099 1050 1113
3 1051 1052 1097
3 1051 1097 1112
3 1052 1053 1054
3 1052 1054 1101
3 1054 1053 1055
3 1055 1053 1103
3 1053 1092 1103
3 1054 1055 1116
3 1054 1091 1101
3 1091 1054 1116
3 1061 1055 1103
3 1055 1061 1105
3 1055 1105 1116
3 1057 1056 1105
3 1058 1057 1059
3 1059 1057 1061
3 1061 1057 1105
3 1058 1059 1060
3 1058 1060 1095
3 1090 1058 1095
3 1060 1059 1118
3 1059 1061 1109
3 1059 1109 1118
3 1095 1060 1122
3 1108 1060 1118
3 1060 1108 1122
3 1061 1103 1109
3 1063 1062 1069
3 1064 1063 1065
3 1065 1063 1066
3 1066 1063 1069
3 1064 1065 1067
3 1064 1067 1068
3 1064 1068 1089
3 1065 1066 1110
3 1067 1065 1117
3 1065 1110 1117
3 1066 1069 1071
3 1066 1071 1120
3 1110 1066 1120
3 1068 1067 1122
3 1107 1067 1117
3 1067 1107 1122
3 1089 1068 1094
3 1094 1068 1108
3 1108 1068 1122
3 1069 1070 1071
3 1071 1070 1072
3 1072 1070 1104
3 1070 1093 1104
3 1071 1072 1123
3 1120 1071 1123
3 1080 1072 1104
3 1072 1080 1106
3 1072 1106 1123
3 1075 1073 1106
3 1106 1073 1123
3 1074 1110 1120
3 1076 1075 1106
3 1077 1076 1078
3 1078 1076 1080
3 1080 1076 1106
3 1077 1078 1079
3 1077 1079 1096
3 1085 1077 1096
3 1079 1078 1119
3 1078 1080 1111
3 1078 1111 1119
3 1096 1079 1102
3 1102 1079 1121
3 1079 1119 1121
3 1080 1104 1111
3 1081 1082 1121
3 1082 1099 1124
3 1082 1102 1121
3 1102 1082 1124
3 1083 1084 1100
3 1083 1100 1114
3 1084 1096 1102
3 1100 1084 1124
3 1084 1102 1124
3 1111 1086 1119
3 1087 1107 1117
3 1109 1088 1118
3 1107 1095 1122
3 192 0 2023
3 0 303 2023
3 2 236 2021
3 326 2 2021
3 286 4 2022
3 4 406 2022
3 6 343 2024
3 362 6 2024
3 193 192 1171
3 1171 192 2023
3 194 193 2006
3 193 1171 2006
3 195 194 1152
3 1152 194 2006
3 196 195 2004
3 195 1152 2004
3 197 196 2003
3 2003 196 2004
3 198 197 1140
3 1140 197 2003
3 199 198 2000
3 198 1140 2000
3 200 199 1168
3 1168 199 2000
3 201 200 1997
3 200 1168 1997
3 202 201 1131
3 1131 201 1997
3 203 202 1994
3 202 1131 1994
3 204 203 1166
3 1166 203 1994
3 205 204 1990
3 204 1166 1990
3 206 205 1137
3 1137 205 1990
3 207 206 1988
3 206 1137 1988
3 208 207 1163
3 1163 207 1988
3 209 208 1986
3 208 1163 1986
3 210 209 1128
3 1128 209 1986
3 211 210 1983
3 210 1128 1983
3 212 211 1170
3 1170 211 1983
3 213 212 1981
3 212 1170 1981
3 214 213 1134
3 1134 213 1981
3 215 214 1979
3 214 1134 1979
3 216 215 1978
3 1978 215 1979
3 217 216 1145
3 1145 216 1978
3 218 217 1968
3 217 1145 1968
3 219 218 1964
3 1964 218 1968
3 220 219 1129
3 1129 219 1964
3 221 220 1958
3 220 1129 1958
3 222 221 1955
3 1955 221 1958
3 223 222 1158
3 1158 222 1955
3 224 223 1950
3 223 1158 1950
3 225 224 1136
3 1136 224 1950
3 226 225 1944
3 225 1136 1944
3 227 226 1160
3 1160 226 1944
3 228 227 1928
3 227 1160 1928
3 229 228 1139
3 1139 228 1928
3 230 229 1917
3 229 1139 1917
3 231 230 1175
3 1175 230 1917
3 232 231 1143
3 1143 231 1175
3 233 232 1918
3 232 1143 1918
3 234 233 1162
3 1162 233 1918
3 235 234 1913
3 234 1162 1913
3 236 235 1173
3 1173 235 1913
3 236 1173 2021
3 287 286 1916
3 1916 286 2022
3 288 287 2014
3 287 1916 2014
3 289 288 1157
3 1157 288 2014
3 290 289 2012
3 289 1157 2012
3 291 290 1930
3 1930 290 2012
3 292 291 1147
3 1147 291 1930
3 293 292 1931
3 292 1147 1931
3 294 293 2009
3 293 1931 2009
3 295 294 1125
3 1125 294 2009
3 296 295 1932
3 295 1125 1932
3 297 296 1934
3 296 1932 1934
3 298 297 1149
3 1149 297 1934
3 299 298 2007
3 298 1149 2007
3 300 299 1935
3 1935 299 2007
3 301 300 1155
3 1155 300 1935
3 302 301 1937
3 301 1155 1937
3 303 302 1976
3 302 1937 1976
3 303 1976 2023
3 327 326 1923
3 1923 326 2021
3 328 327 2020
3 327 1923 2020
3 329 328 1154
3 1154 328 2020
3 330 329 2019
3 329 1154 2019
3 331 330 1604
3 1604 330 2019
3 332 331 1148
3 1148 331 1604
3 333 332 1971
3 332 1148 1971
3 334 333 2008
3 333 1971 2008
3 335 334 1126
3 1126 334 2008
3 336 335 1933
3 335 1126 1933
3 337 336 1936
3 336 1933 1936
3 338 337 1150
3 1150 337 1936
3 339 338 2016
3 338 1150 2016
3 340 339 1927
3 1927 339 2016
3 341 340 1156
3 1156 340 1927
3 342 341 1938
3 341 1156 1938
3 343 342 1977
3 342 1938 1977
3 343 1977 2024
3 363 362 1172
3 1172 362 2024
3 364 363 1974
3 363 1172 1974
3 365 364 1153
3 1153 364 1974
3 366 365 1970
3 365 1153 1970
3 367 366 1969
3 1969 366 1970
3 368 367 1141
3 1141 367 1969
3 369 368 1965
3 368 1141 1965
3 370 369 1169
3 1169 369 1965
3 371 370 1960
3 370 1169 1960
3 372 371 1132
3 1132 371 1960
3 373 372 1957
3 372 1132 1957
3 374 373 1167
3 1167 373 1957
3 375 374 1954
3 374 1167 1954
3 376 375 1133
3 1133 375 1954
3 377 376 1951
3 376 1133 1951
3 378 377 1164
3 1164 377 1951
3 379 378 1946
3 378 1164 1946
3 380 379 1144
3 1144 379 1946
3 381 380 1942
3 380 1144 1942
3 382 381 1940
3 1940 381 1942
3 383 382 1127
3 1127 382 1940
3 384 383 1925
3 383 1127 1925
3 385 384 1165
3 1165 384 1925
3 386 385 1920
3 385 1165 1920
3 387 386 1135
3 1135 386 1920
3 388 387 1991
3 387 1135 1991
3 389 388 1795
3 1795 388 1991
3 390 389 1146
3 1146 389 1795
3 391 390 1984
3 390 1146 1984
3 392 391 1790
3 1790 391 1984
3 393 392 1130
3 1130 392 1790
3 394 393 1919
3 393 1130 1919
3 395 394 1161
3 1161 394 1919
3 396 395 1689
3 395 1161 1689
3 397 396 1138
3 1138 396 1689
3 398 397 1914
3 397 1138 1914
3 399 398 1159
3 1159 398 1914
3 400 399 1585
3 399 1159 1585
3 401 400 1142
3 1142 400 1585
3 402 401 1929
3 401 1142 1929
3 403 402 1580
3 1580 402 1929
3 404 403 1151
3 1151 403 1580
3 405 404 1915
3 404 1151 1915
3 406 405 1174
3 1174 405 1915
3 406 1174 2022
3 1658 1125 1659
3 1125 1658 1996
3 1659 1125 2009
3 1932 1125 1996
3 1126 1569 2002
3 1569 1126 2008
3 1933 1126 2002
3 1127 1774 1939
3 1774 1127 1940
3 1925 1127 1939
3 1128 1809 1985
3 1809 1128 1986
3 1983 1128 1985
3 1129 1662 1961
3 1662 1129 1964
3 1958 1129 1961
3 1788 1130 1790
3 1130 1788 1791
3 1130 1791 1919
3 1131 1827 1995
3 1827 1131 1997
3 1994 1131 1995
3 1132 1568 1959
3 1568 1132 1960
3 1957 1132 1959
3 1133 1656 1952
3 1656 1133 1954
3 1951 1133 1952
3 1134 1668 1980
3 1668 1134 1981
3 1979 1134 1980
3 1135 1807 1912
3 1807 1135 1920
3 1135 1912 1991
3 1136 1821 1947
3 1821 1136 1950
3 1944 1136 1947
3 1137 1665 1989
3 1665 1137 1990
3 1988 1137 1989
3 1579 1138 1690
3 1138 1579 1914
3 1138 1689 1690
3 1139 1600 1926
3 1600 1139 1928
3 1917 1139 1926
3 1140 1571 2001
3 1571 1140 2003
3 1140 1878 2000
3 1878 1140 2001
3 1141 1565 1967
3 1565 1141 1969
3 1965 1141 1967
3 1142 1585 1948
3 1142 1707 1929
3 1707 1142 1948
3 1143 1175 1176
3 1143 1176 1584
3 1143 1584 1918
3 1144 1818 1945
3 1818 1144 1946
3 1942 1144 1945
3 1145 1675 1972
3 1675 1145 1978
3 1968 1145 1972
3 1793 1146 1794
3 1146 1793 1984
3 1794 1146 1795
3 1147 1930 2017
3 1931 1147 2017
3 1148 1604 2018
3 1148 1607 1971
3 1607 1148 2018
3 1642 1149 1841
3 1149 1642 2007
3 1841 1149 1992
3 1149 1934 1992
3 1150 1575 1576
3 1575 1150 2010
3 1150 1576 2016
3 1150 1936 2010
3 1577 1151 1580
3 1151 1577 1581
3 1151 1581 1915
3 1152 1572 2004
3 1572 1152 2005
3 1152 1639 2005
3 1639 1152 2006
3 1153 1564 1973
3 1564 1153 1974
3 1153 1566 1970
3 1566 1153 1973
3 1154 1597 1603
3 1597 1154 1943
3 1154 1603 2019
3 1943 1154 2020
3 1155 1935 2011
3 1937 1155 2011
3 1156 1563 1938
3 1563 1156 2015
3 1156 1927 2015
3 1157 1570 1880
3 1570 1157 1975
3 1157 1880 2012
3 1975 1157 2014
3 1158 1783 1953
3 1783 1158 1955
3 1950 1158 1953
3 1159 1573 1574
3 1573 1159 1914
3 1159 1574 1585
3 1160 1583 1941
3 1583 1160 1944
3 1928 1160 1941
3 1161 1687 1688
3 1687 1161 1919
3 1161 1688 1689
3 1162 1598 1913
3 1598 1162 1921
3 1162 1918 1921
3 1163 1800 1987
3 1800 1163 1988
3 1986 1163 1987
3 1164 1695 1949
3 1695 1164 1951
3 1946 1164 1949
3 1165 1700 1924
3 1700 1165 1925
3 1920 1165 1924
3 1166 1829 1993
3 1829 1166 1994
3 1990 1166 1993
3 1167 1839 1956
3 1839 1167 1957
3 1954 1167 1956
3 1168 1878 1998
3 1878 1168 2000
3 1997 1168 1998
3 1169 1567 1963
3 1567 1169 1965
3 1960 1169 1963
3 1170 1780 1982
3 1780 1170 1983
3 1981 1170 1982
3 1171 1976 2013
3 1976 1171 2023
3 2006 1171 2013
3 1172 1564 1974
3 1564 1172 1999
3 1172 1977 1999
3 1977 1172 2024
3 1173 1913 1922
3 1173 1922 1923
3 1173 1923 2021
3 1582 1174 1915
3 1174 1582 1916
3 1174 1916 2022
3 1176 1175 1177
3 1177 1175 1917
3 1176 1177 1178
3 1176 1178 1179
3 1176 1179 1584
3 1178 1177 1586
3 1586 1177 1926
3 1177 1917 1926
3 1179 1178 1180
3 1180 1178 1181
3 1181 1178 1586
3 1179 1180 1295
3 1179 1295 1497
3 1179 1497 1584
3 1180 1181 1182
3 1180 1182 1592
3 1295 1180 1592
3 1182 1181 1183
3 1183 1181 1382
3 1382 1181 1586
3 1182 1183 1184
3 1182 1184 1594
3 1592 1182 1594
3 1184 1183 1185
3 1185 1183 1611
3 1183 1382 1611
3 1184 1185 1186
3 1184 1186 1271
3 1184 1271 1594
3 1186 1185 1187
3 1187 1185 1281
3 1281 1185 1611
3 1186 1187 1188
3 1186 1188 1911
3 1271 1186 1911
3 1188 1187 1189
3 1189 1187 1610
3 1187 1281 1610
3 1188 1189 1190
3 1188 1190 1605
3 1188 1605 1911
3 1190 1189 1191
3 1191 1189 1622
3 1189 1610 1622
3 1190 1191 1192
3 1190 1192 1256
3 1190 1256 1605
3 1192 1191 1193
3 1193 1191 1194
3 1194 1191 1622
3 1192 1193 1623
3 1256 1192 1257
3 1257 1192 1623
3 1193 1194 1195
3 1193 1195 1625
3 1623 1193 1625
3 1195 1194 1196
3 1196 1194 1377
3 1377 1194 1622
3 1195 1196 1197
3 1195 1197 1255
3 1195 1255 1625
3 1197 1196 1198
3 1198 1196 1710
3 1196 1377 1710
3 1197 1198 1199
3 1197 1199 1752
3 1255 1197 1752
3 1199 1198 1200
3 1200 1198 1273
3 1273 1198 1710
3 1199 1200 1201
3 1199 1201 1303
3 1199 1303 1752
3 1201 1200 1202
3 1202 1200 1876
3 1200 1273 1876
3 1201 1202 1203
3 1201 1203 1802
3 1303 1201 1802
3 1203 1202 1204
3 1204 1202 1874
3 1874 1202 1876
3 1203 1204 1205
3 1203 1205 1254
3 1203 1254 1802
3 1205 1204 1206
3 1206 1204 1265
3 1265 1204 1874
3 1205 1206 1207
3 1205 1207 1766
3 1254 1205 1766
3 1207 1206 1208
3 1208 1206 1873
3 1206 1265 1873
3 1207 1208 1209
3 1207 1209 1304
3 1207 1304 1766
3 1209 1208 1210
3 1210 1208 1871
3 1871 1208 1873
3 1209 1210 1211
3 1209 1211 1810
3 1304 1209 1810
3 1211 1210 1212
3 1212 1210 1266
3 1266 1210 1871
3 1211 1212 1213
3 1211 1213 1250
3 1211 1250 1810
3 1213 1212 1214
3 1214 1212 1753
3 1212 1266 1753
3 1213 1214 1215
3 1213 1215 1711
3 1250 1213 1711
3 1215 1214 1216
3 1216 1214 1756
3 1214 1753 1756
3 1215 1216 1217
3 1215 1217 1717
3 1711 1215 1717
3 1217 1216 1218
3 1218 1216 1267
3 1267 1216 1756
3 1217 1218 1219
3 1217 1219 1253
3 1217 1253 1717
3 1219 1218 1220
3 1220 1218 1734
3 1218 1267 1734
3 1219 1220 1221
3 1219 1221 1784
3 1253 1219 1784
3 1221 1220 1222
3 1222 1220 1301
3 1301 1220 1734
3 1221 1222 1223
3 1221 1223 1302
3 1221 1302 1784
3 1223 1222 1224
3 1224 1222 1757
3 1222 1301 1757
3 1223 1224 1225
3 1223 1225 1755
3 1302 1223 1755
3 1225 1224 1226
3 1226 1224 1274
3 1274 1224 1757
3 1225 1226 1227
3 1225 1227 1249
3 1225 1249 1755
3 1227 1226 1228
3 1228 1226 1722
3 1226 1274 1722
3 1227 1228 1229
3 1227 1229 1749
3 1249 1227 1749
3 1229 1228 1230
3 1230 1228 1300
3 1300 1228 1722
3 1229 1230 1231
3 1229 1231 1892
3 1749 1229 1892
3 1231 1230 1232
3 1232 1230 1754
3 1230 1300 1754
3 1231 1232 1233
3 1231 1233 1248
3 1231 1248 1892
3 1233 1232 1234
3 1234 1232 1275
3 1275 1232 1754
3 1233 1234 1235
3 1233 1235 1884
3 1248 1233 1884
3 1235 1234 1236
3 1236 1234 1798
3 1234 1275 1798
3 1235 1236 1237
3 1235 1237 1729
3 1235 1729 1884
3 1237 1236 1238
3 1238 1236 1305
3 1305 1236 1798
3 1237 1238 1239
3 1237 1239 1252
3 1237 1252 1729
3 1239 1238 1240
3 1240 1238 1767
3 1238 1305 1767
3 1239 1240 1241
3 1239 1241 1666
3 1252 1239 1666
3 1241 1240 1242
3 1242 1240 1276
3 1276 1240 1767
3 1241 1242 1243
3 1241 1243 1381
3 1241 1381 1666
3 1243 1242 1244
3 1244 1242 1836
3 1242 1276 1836
3 1243 1244 1245
3 1243 1245 1887
3 1381 1243 1887
3 1245 1244 1246
3 1246 1244 1835
3 1835 1244 1836
3 1245 1246 1247
3 1245 1247 1251
3 1245 1251 1887
3 1247 1246 1259
3 1259 1246 1279
3 1279 1246 1835
3 1251 1247 1258
3 1258 1247 1771
3 1247 1259 1771
3 1834 1248 1884
3 1248 1834 1886
3 1248 1886 1892
3 1747 1249 1748
3 1249 1747 1755
3 1748 1249 1749
3 1250 1711 1712
3 1250 1712 1714
3 1250 1714 1810
3 1251 1258 1261
3 1251 1261 1618
3 1251 1618 1887
3 1252 1666 1897
3 1252 1728 1729
3 1728 1252 1897
3 1717 1253 1718
3 1718 1253 1719
3 1719 1253 1784
3 1254 1739 1741
3 1739 1254 1766
3 1254 1741 1802
3 1625 1255 1626
3 1626 1255 1627
3 1627 1255 1752
3 1256 1257 1260
3 1256 1260 1376
3 1256 1376 1605
3 1260 1257 1263
3 1263 1257 1477
3 1477 1257 1623
3 1261 1258 1262
3 1262 1258 1770
3 1770 1258 1771
3 1259 1279 1280
3 1259 1280 1768
3 1259 1768 1771
3 1260 1263 1264
3 1260 1264 1608
3 1376 1260 1608
3 1261 1262 1268
3 1261 1268 1272
3 1261 1272 1618
3 1268 1262 1269
3 1269 1262 1278
3 1278 1262 1770
3 1264 1263 1270
3 1270 1263 1830
3 1263 1477 1830
3 1264 1270 1277
3 1264 1277 1284
3 1264 1284 1608
3 1870 1265 1874
3 1265 1870 1875
3 1873 1265 1875
3 1753 1266 1869
3 1266 1865 1869
3 1865 1266 1871
3 1734 1267 1862
3 1267 1756 1867
3 1862 1267 1867
3 1268 1269 1283
3 1272 1268 1615
3 1268 1283 1615
3 1269 1278 1282
3 1269 1282 1643
3 1283 1269 1643
3 1277 1270 1285
3 1285 1270 1286
3 1286 1270 1830
3 1271 1590 1906
3 1590 1271 1911
3 1594 1271 1906
3 1272 1615 1616
3 1272 1616 1617
3 1272 1617 1618
3 1273 1710 1881
3 1876 1273 1879
3 1879 1273 1881
3 1722 1274 1861
3 1274 1757 1864
3 1861 1274 1864
3 1275 1754 1858
3 1798 1275 1857
3 1857 1275 1858
3 1276 1767 1851
3 1836 1276 1856
3 1276 1851 1856
3 1284 1277 1909
3 1277 1285 1287
3 1277 1287 1909
3 1282 1278 1293
3 1293 1278 1842
3 1278 1770 1842
3 1280 1279 1288
3 1288 1279 1811
3 1811 1279 1835
3 1280 1288 1289
3 1280 1289 1290
3 1280 1290 1768
3 1610 1281 1612
3 1281 1611 1903
3 1612 1281 1903
3 1282 1293 1298
3 1282 1298 1299
3 1282 1299 1643
3 1283 1613 1615
3 1613 1283 1846
3 1283 1643 1846
3 1284 1588 1608
3 1588 1284 1609
3 1609 1284 1909
3 1285 1286 1296
3 1287 1285 1831
3 1285 1296 1831
3 1296 1286 1297
3 1297 1286 1318
3 1318 1286 1830
3 1287 1640 1671
3 1640 1287 1831
3 1287 1671 1909
3 1289 1288 1307
3 1307 1288 1308
3 1308 1288 1811
3 1290 1289 1291
3 1291 1289 1776
3 1289 1307 1776
3 1290 1291 1292
3 1290 1292 1415
3 1290 1415 1768
3 1292 1291 1294
3 1294 1291 1306
3 1306 1291 1776
3 1292 1294 1309
3 1292 1309 1644
3 1415 1292 1644
3 1298 1293 1313
3 1313 1293 1479
3 1479 1293 1842
3 1294 1306 1310
3 1309 1294 1669
3 1294 1310 1669
3 1497 1295 1498
3 1498 1295 1499
3 1499 1295 1592
3 1296 1297 1649
3 1296 1649 1845
3 1831 1296 1845
3 1297 1318 1319
3 1297 1319 1320
3 1297 1320 1649
3 1299 1298 1311
3 1311 1298 1691
3 1298 1313 1691
3 1299 1311 1312
3 1299 1312 1849
3 1643 1299 1849
3 1300 1722 1860
3 1754 1300 1859
3 1859 1300 1860
3 1301 1734 1866
3 1757 1301 1863
3 1863 1301 1866
3 1751 1302 1755
3 1302 1751 1888
3 1784 1302 1888
3 1303 1672 1752
3 1672 1303 1893
3 1303 1802 1893
3 1304 1738 1766
3 1738 1304 1803
3 1803 1304 1810
3 1767 1305 1854
3 1305 1798 1855
3 1854 1305 1855
3 1310 1306 1314
3 1314 1306 1853
3 1306 1776 1853
3 1307 1308 1370
3 1307 1370 1557
3 1307 1557 1776
3 1370 1308 1371
3 1371 1308 1416
3 1416 1308 1811
3 1644 1309 1822
3 1309 1669 1840
3 1822 1309 1840
3 1310 1314 1372
3 1310 1372 1386
3 1310 1386 1669
3 1312 1311 1315
3 1315 1311 1390
3 1390 1311 1691
3 1312 1315 1316
3 1312 1316 1317
3 1312 1317 1849
3 1313 1479 1480
3 1313 1480 1481
3 1313 1481 1691
3 1372 1314 1398
3 1398 1314 1399
3 1399 1314 1853
3 1316 1315 1832
3 1315 1390 1391
3 1315 1391 1832
3 1317 1316 1373
3 1373 1316 1375
3 1375 1316 1832
3 1317 1373 1374
3 1317 1374 1485
3 1317 1485 1849
3 1319 1318 1882
3 1631 1318 1830
3 1318 1631 1882
3 1320 1319 1321
3 1321 1319 1322
3 1322 1319 1882
3 1320 1321 1387
3 1320 1387 1388
3 1320 1388 1649
3 1321 1322 1323
3 1321 1323 1814
3 1387 1321 1814
3 1323 1322 1324
3 1324 1322 1414
3 1414 1322 1882
3 1323 1324 1325
3 1323 1325 1389
3 1323 1389 1814
3 1325 1324 1326
3 1326 1324 1682
3 1324 1414 1682
3 1325 1326 1327
3 1325 1327 1653
3 1389 1325 1653
3 1327 1326 1328
3 1328 1326 1413
3 1413 1326 1682
3 1327 1328 1329
3 1327 1329 1392
3 1327 1392 1653
3 1329 1328 1330
3 1330 1328 1824
3 1328 1413 1824
3 1329 1330 1331
3 1329 1331 1692
3 1392 1329 1692
3 1331 1330 1332
3 1332 1330 1412
3 1412 1330 1824
3 1331 1332 1333
3 1331 1333 1393
3 1331 1393 1692
3 1333 1332 1334
3 1334 1332 1735
3 1332 1412 1735
3 1333 1334 1335
3 1333 1335 1819
3 1393 1333 1819
3 1335 1334 1336
3 1336 1334 1411
3 1411 1334 1735
3 1335 1336 1337
3 1335 1337 1394
3 1335 1394 1819
3 1337 1336 1338
3 1338 1336 1815
3 1336 1411 1815
3 1337 1338 1339
3 1337 1339 1764
3 1394 1337 1764
3 1339 1338 1340
3 1340 1338 1410
3 1410 1338 1815
3 1339 1340 1341
3 1339 1341 1385
3 1339 1385 1764
3 1341 1340 1342
3 1342 1340 1731
3 1340 1410 1731
3 1341 1342 1343
3 1341 1343 1797
3 1385 1341 1797
3 1343 1342 1344
3 1344 1342 1380
3 1380 1342 1731
3 1343 1344 1345
3 1343 1345 1696
3 1343 1696 1797
3 1345 1344 1346
3 1346 1344 1743
3 1344 1380 1743
3 1345 1346 1347
3 1345 1347 1395
3 1345 1395 1696
3 1347 1346 1348
3 1348 1346 1785
3 1346 1743 1785
3 1347 1348 1349
3 1347 1349 1758
3 1395 1347 1758
3 1349 1348 1350
3 1350 1348 1409
3 1409 1348 1785
3 1349 1350 1351
3 1349 1351 1396
3 1349 1396 1758
3 1351 1350 1352
3 1352 1350 1744
3 1350 1409 1744
3 1351 1352 1353
3 1351 1353 1805
3 1396 1351 1805
3 1353 1352 1354
3 1354 1352 1408
3 1408 1352 1744
3 1353 1354 1355
3 1353 1355 1384
3 1353 1384 1805
3 1355 1354 1356
3 1356 1354 1760
3 1354 1408 1760
3 1355 1356 1357
3 1355 1357 1701
3 1384 1355 1701
3 1357 1356 1358
3 1358 1356 1379
3 1379 1356 1760
3 1357 1358 1359
3 1357 1359 1761
3 1701 1357 1761
3 1359 1358 1360
3 1360 1358 1778
3 1358 1379 1778
3 1359 1360 1361
3 1359 1361 1383
3 1359 1383 1761
3 1361 1360 1362
3 1362 1360 1723
3 1723 1360 1778
3 1361 1362 1363
3 1361 1363 1786
3 1383 1361 1786
3 1363 1362 1364
3 1364 1362 1378
3 1378 1362 1723
3 1363 1364 1365
3 1363 1365 1683
3 1363 1683 1786
3 1365 1364 1366
3 1366 1364 1804
3 1364 1378 1804
3 1365 1366 1367
3 1365 1367 1397
3 1365 1397 1683
3 1367 1366 1368
3 1368 1366 1401
3 1401 1366 1804
3 1367 1368 1369
3 1367 1369 1825
3 1397 1367 1825
3 1369 1368 1402
3 1368 1401 1896
3 1402 1368 1896
3 1369 1402 1403
3 1369 1403 1404
3 1369 1404 1825
3 1370 1371 1646
3 1557 1370 1558
3 1558 1370 1646
3 1371 1416 1417
3 1371 1417 1418
3 1371 1418 1646
3 1386 1372 1634
3 1372 1398 1400
3 1372 1400 1634
3 1374 1373 1706
3 1373 1375 1469
3 1373 1469 1706
3 1485 1374 1555
3 1555 1374 1556
3 1556 1374 1706
3 1469 1375 1470
3 1470 1375 1478
3 1478 1375 1832
3 1376 1587 1589
3 1587 1376 1608
3 1376 1589 1605
3 1377 1622 1901
3 1710 1377 1872
3 1872 1377 1901
3 1378 1723 1724
3 1378 1724 1725
3 1378 1725 1804
3 1379 1760 1885
3 1778 1379 1889
3 1379 1885 1889
3 1380 1731 1732
3 1380 1732 1894
3 1743 1380 1894
3 1381 1619 1621
3 1619 1381 1887
3 1381 1621 1666
3 1382 1586 1591
3 1382 1591 1599
3 1382 1599 1611
3 1761 1383 1792
3 1383 1786 1787
3 1383 1787 1792
3 1384 1701 1702
3 1384 1702 1703
3 1384 1703 1805
3 1764 1385 1765
3 1765 1385 1772
3 1772 1385 1797
3 1386 1634 1635
3 1386 1635 1645
3 1386 1645 1669
3 1388 1387 1526
3 1526 1387 1529
3 1529 1387 1814
3 1388 1526 1527
3 1388 1527 1528
3 1388 1528 1649
3 1389 1653 1657
3 1389 1657 1838
3 1814 1389 1838
3 1391 1390 1559
3 1559 1390 1847
3 1390 1691 1847
3 1391 1559 1560
3 1391 1560 1833
3 1832 1391 1833
3 1653 1392 1654
3 1654 1392 1655
3 1655 1392 1692
3 1692 1393 1693
3 1693 1393 1694
3 1694 1393 1819
3 1394 1764 1816
3 1394 1816 1817
3 1394 1817 1819
3 1696 1395 1697
3 1697 1395 1698
3 1698 1395 1758
3 1758 1396 1759
3 1759 1396 1806
3 1396 1805 1806
3 1683 1397 1684
3 1684 1397 1686
3 1686 1397 1825
3 1398 1399 1468
3 1400 1398 1812
3 1398 1468 1812
3 1468 1399 1548
3 1548 1399 1850
3 1850 1399 1853
3 1634 1400 1636
3 1636 1400 1637
3 1637 1400 1812
3 1730 1401 1804
3 1401 1730 1900
3 1896 1401 1900
3 1403 1402 1837
3 1837 1402 1895
3 1895 1402 1896
3 1404 1403 1405
3 1405 1403 1406
3 1406 1403 1837
3 1404 1405 1962
3 1825 1404 1966
3 1404 1962 1966
3 1405 1406 1407
3 1405 1407 1474
3 1405 1474 1962
3 1407 1406 1476
3 1476 1406 1554
3 1554 1406 1837
3 1474 1407 1475
3 1475 1407 1898
3 1407 1476 1898
3 1408 1744 1745
3 1408 1745 1746
3 1408 1746 1760
3 1721 1409 1785
3 1409 1721 1890
3 1744 1409 1890
3 1715 1410 1716
3 1410 1715 1731
3 1716 1410 1815
3 1411 1735 1736
3 1411 1736 1737
3 1411 1737 1815
3 1735 1412 1740
3 1740 1412 1891
3 1412 1824 1891
3 1413 1629 1673
3 1629 1413 1682
3 1413 1673 1824
3 1414 1628 1682
3 1628 1414 1883
3 1414 1882 1883
3 1415 1644 1843
3 1768 1415 1769
3 1769 1415 1843
3 1417 1416 1679
3 1679 1416 1680
3 1680 1416 1811
3 1418 1417 1419
3 1419 1417 1420
3 1420 1417 1679
3 1418 1419 1826
3 1646 1418 1647
3 1647 1418 1826
3 1419 1420 1421
3 1419 1421 1550
3 1419 1550 1826
3 1421 1420 1422
3 1422 1420 1678
3 1678 1420 1679
3 1421 1422 1423
3 1421 1423 1828
3 1550 1421 1828
3 1423 1422 1424
3 1424 1422 1486
3 1486 1422 1678
3 1423 1424 1425
3 1423 1425 1549
3 1423 1549 1828
3 1425 1424 1426
3 1426 1424 1762
3 1424 1486 1762
3 1425 1426 1427
3 1425 1427 1664
3 1549 1425 1664
3 1427 1426 1428
3 1428 1426 1488
3 1488 1426 1762
3 1427 1428 1429
3 1427 1429 1547
3 1427 1547 1664
3 1429 1428 1430
3 1430 1428 1813
3 1428 1488 1813
3 1429 1430 1431
3 1429 1431 1799
3 1547 1429 1799
3 1431 1430 1432
3 1432 1430 1489
3 1489 1430 1813
3 1431 1432 1433
3 1431 1433 1546
3 1431 1546 1799
3 1433 1432 1434
3 1434 1432 1681
3 1432 1489 1681
3 1433 1434 1435
3 1433 1435 1808
3 1546 1433 1808
3 1435 1434 1436
3 1436 1434 1491
3 1491 1434 1681
3 1435 1436 1437
3 1435 1437 1544
3 1435 1544 1808
3 1437 1436 1438
3 1438 1436 1796
3 1436 1491 1796
3 1437 1438 1439
3 1437 1439 1779
3 1544 1437 1779
3 1439 1438 1440
3 1440 1438 1492
3 1492 1438 1796
3 1439 1440 1441
3 1439 1441 1523
3 1439 1523 1779
3 1441 1440 1442
3 1442 1440 1777
3 1440 1492 1777
3 1441 1442 1443
3 1441 1443 1667
3 1523 1441 1667
3 1443 1442 1444
3 1444 1442 1493
3 1493 1442 1777
3 1443 1444 1445
3 1443 1445 1742
3 1667 1443 1742
3 1445 1444 1446
3 1446 1444 1763
3 1444 1493 1763
3 1445 1446 1447
3 1445 1447 1471
3 1445 1471 1742
3 1447 1446 1448
3 1448 1446 1487
3 1487 1446 1763
3 1447 1448 1449
3 1447 1449 1674
3 1471 1447 1674
3 1449 1448 1450
3 1450 1448 1801
3 1448 1487 1801
3 1449 1450 1451
3 1449 1451 1775
3 1674 1449 1775
3 1451 1450 1452
3 1452 1450 1733
3 1733 1450 1801
3 1451 1452 1453
3 1451 1453 1472
3 1451 1472 1775
3 1453 1452 1454
3 1454 1452 1490
3 1490 1452 1733
3 1453 1454 1455
3 1453 1455 1661
3 1472 1453 1661
3 1455 1454 1456
3 1456 1454 1708
3 1454 1490 1708
3 1455 1456 1457
3 1455 1457 1781
3 1661 1455 1781
3 1457 1456 1458
3 1458 1456 1677
3 1677 1456 1708
3 1457 1458 1459
3 1457 1459 1473
3 1457 1473 1781
3 1459 1458 1460
3 1460 1458 1494
3 1494 1458 1677
3 1459 1460 1461
3 1459 1461 1823
3 1473 1459 1823
3 1461 1460 1462
3 1462 1460 1651
3 1460 1494 1651
3 1461 1462 1463
3 1461 1463 1519
3 1461 1519 1823
3 1463 1462 1464
3 1464 1462 1650
3 1650 1462 1651
3 1463 1464 1465
3 1463 1465 1820
3 1519 1463 1820
3 1465 1464 1466
3 1466 1464 1495
3 1495 1464 1650
3 1465 1466 1467
3 1465 1467 1515
3 1465 1515 1820
3 1467 1466 1902
3 1466 1495 1496
3 1466 1496 1902
3 1515 1467 1516
3 1516 1467 1517
3 1517 1467 1902
3 1468 1548 1571
3 1468 1571 1572
3 1468 1572 1812
3 1469 1470 1577
3 1469 1577 1578
3 1469 1578 1706
3 1470 1478 1522
3 1470 1522 1581
3 1577 1470 1581
3 1471 1674 1675
3 1471 1675 1676
3 1471 1676 1742
3 1472 1661 1662
3 1472 1662 1663
3 1472 1663 1775
3 1781 1473 1782
3 1782 1473 1783
3 1783 1473 1823
3 1474 1475 1573
3 1474 1573 1579
3 1474 1579 1962
3 1573 1475 1574
3 1574 1475 1614
3 1614 1475 1898
3 1476 1554 1613
3 1476 1613 1899
3 1898 1476 1899
3 1477 1623 1624
3 1477 1624 1631
3 1477 1631 1830
3 1522 1478 1570
3 1570 1478 1833
3 1478 1832 1833
3 1480 1479 1844
3 1479 1842 1843
3 1479 1843 1844
3 1481 1480 1482
3 1482 1480 1484
3 1484 1480 1844
3 1481 1482 1483
3 1481 1483 1847
3 1691 1481 1847
3 1483 1482 1658
3 1482 1484 1520
3 1482 1520 1658
3 1483 1658 1659
3 1483 1659 1660
3 1483 1660 1847
3 1520 1484 1521
3 1521 1484 1822
3 1822 1484 1844
3 1485 1555 1899
3 1485 1846 1849
3 1846 1485 1899
3 1486 1678 1851
3 1762 1486 1854
3 1486 1851 1854
3 1487 1763 1867
3 1801 1487 1868
3 1487 1867 1868
3 1488 1762 1855
3 1813 1488 1857
3 1488 1855 1857
3 1681 1489 1859
3 1489 1813 1858
3 1489 1858 1859
3 1708 1490 1709
3 1709 1490 1865
3 1490 1733 1865
3 1491 1681 1860
3 1796 1491 1861
3 1491 1860 1861
3 1777 1492 1863
3 1492 1796 1864
3 1863 1492 1864
3 1763 1493 1862
3 1493 1777 1866
3 1862 1493 1866
3 1651 1494 1652
3 1652 1494 1870
3 1494 1677 1870
3 1496 1495 1872
3 1495 1650 1881
3 1872 1495 1881
3 1612 1496 1901
3 1496 1612 1902
3 1496 1872 1901
3 1497 1498 1595
3 1584 1497 1921
3 1497 1595 1921
3 1498 1499 1500
3 1498 1500 1504
3 1498 1504 1595
3 1500 1499 1501
3 1501 1499 1593
3 1499 1592 1593
3 1500 1501 1502
3 1500 1502 1601
3 1504 1500 1601
3 1502 1501 1503
3 1503 1501 1505
3 1505 1501 1593
3 1502 1503 1606
3 1601 1502 1602
3 1602 1502 1606
3 1503 1505 1506
3 1503 1506 1507
3 1503 1507 1606
3 1595 1504 1596
3 1596 1504 1597
3 1597 1504 1601
3 1506 1505 1630
3 1505 1593 1906
3 1630 1505 1906
3 1507 1506 1508
3 1508 1506 1509
3 1509 1506 1630
3 1507 1508 1904
3 1606 1507 1607
3 1607 1507 1904
3 1508 1509 1510
3 1508 1510 1511
3 1508 1511 1904
3 1510 1509 1513
3 1513 1509 1514
3 1514 1509 1630
3 1511 1510 1512
3 1512 1510 1632
3 1510 1513 1632
3 1511 1512 1545
3 1511 1545 1569
3 1511 1569 1904
3 1545 1512 1551
3 1551 1512 1552
3 1552 1512 1632
3 1513 1514 1587
3 1513 1587 1588
3 1513 1588 1632
3 1587 1514 1589
3 1589 1514 1590
3 1590 1514 1630
3 1515 1516 1583
3 1515 1583 1947
3 1820 1515 1947
3 1516 1517 1518
3 1516 1518 1941
3 1583 1516 1941
3 1518 1517 1599
3 1599 1517 1903
3 1517 1902 1903
3 1591 1518 1599
3 1518 1591 1600
3 1518 1600 1941
3 1519 1820 1821
3 1519 1821 1953
3 1823 1519 1953
3 1520 1521 1524
3 1520 1524 1996
3 1658 1520 1996
3 1524 1521 1525
3 1525 1521 1840
3 1521 1822 1840
3 1522 1570 1975
3 1581 1522 1582
3 1582 1522 1975
3 1523 1667 1668
3 1523 1668 1982
3 1779 1523 1982
3 1524 1525 1992
3 1932 1524 1934
3 1524 1932 1996
3 1934 1524 1992
3 1645 1525 1840
3 1525 1645 1841
3 1525 1841 1992
3 1527 1526 1963
3 1526 1529 1568
3 1526 1568 1963
3 1528 1527 1530
3 1530 1527 1567
3 1567 1527 1963
3 1528 1530 1531
3 1528 1531 1845
3 1649 1528 1845
3 1568 1529 1959
3 1529 1814 1838
3 1529 1838 1959
3 1531 1530 1532
3 1532 1530 1967
3 1530 1567 1967
3 1531 1532 1533
3 1531 1533 1633
3 1531 1633 1845
3 1533 1532 1534
3 1534 1532 1565
3 1565 1532 1967
3 1533 1534 1535
3 1533 1535 1536
3 1533 1536 1633
3 1535 1534 1852
3 1534 1565 1566
3 1534 1566 1852
3 1536 1535 1537
3 1537 1535 1538
3 1538 1535 1852
3 1536 1537 1670
3 1633 1536 1640
3 1640 1536 1670
3 1537 1538 1539
3 1537 1539 1540
3 1537 1540 1670
3 1539 1538 1561
3 1561 1538 1562
3 1562 1538 1852
3 1540 1539 1541
3 1541 1539 1848
3 1539 1561 1848
3 1540 1541 1542
3 1540 1542 1543
3 1540 1543 1670
3 1542 1541 1575
3 1575 1541 1576
3 1576 1541 1848
3 1543 1542 1908
3 1542 1575 1907
3 1542 1907 1908
3 1670 1543 1671
3 1671 1543 1910
3 1543 1908 1910
3 1544 1779 1780
3 1544 1780 1985
3 1808 1544 1985
3 1545 1551 1553
3 1545 1553 2002
3 1569 1545 2002
3 1799 1546 1987
3 1546 1808 1809
3 1546 1809 1987
3 1664 1547 1989
3 1547 1799 1800
3 1547 1800 1989
3 1571 1548 2001
3 1548 1850 1877
3 1548 1877 2001
3 1549 1664 1665
3 1549 1665 1993
3 1828 1549 1993
3 1826 1550 1995
3 1550 1828 1829
3 1550 1829 1995
3 1551 1552 1908
3 1553 1551 1907
3 1907 1551 1908
3 1609 1552 1632
3 1552 1609 1910
3 1908 1552 1910
3 1553 1907 2010
3 1933 1553 1936
3 1553 1933 2002
3 1936 1553 2010
3 1613 1554 1615
3 1615 1554 1616
3 1616 1554 1837
3 1555 1556 1614
3 1555 1614 1898
3 1555 1898 1899
3 1614 1556 1948
3 1556 1706 1707
3 1556 1707 1948
3 1557 1558 1850
3 1776 1557 1853
3 1557 1850 1853
3 1558 1646 1648
3 1558 1648 1877
3 1850 1558 1877
3 1560 1559 2017
3 1660 1559 1847
3 1559 1660 2017
3 1833 1560 1880
3 1880 1560 1930
3 1930 1560 2017
3 1561 1562 1563
3 1561 1563 2015
3 1848 1561 2015
3 1563 1562 1564
3 1564 1562 1973
3 1562 1852 1973
3 1563 1564 1999
3 1938 1563 1999
3 1566 1565 1969
3 1852 1566 1973
3 1566 1969 1970
3 1567 1965 1967
3 1568 1960 1963
3 1904 1569 1905
3 1905 1569 2008
3 1570 1833 1880
3 1572 1571 2003
3 1812 1572 2005
3 1572 2003 2004
3 1579 1573 1914
3 1585 1574 1948
3 1574 1614 1948
3 1907 1575 2010
3 1576 1848 1927
3 1576 1927 2016
3 1578 1577 1580
3 1578 1580 1929
3 1706 1578 1707
3 1707 1578 1929
3 1579 1690 1962
3 1581 1582 1915
3 1916 1582 1975
3 1583 1944 1947
3 1918 1584 1921
3 1591 1586 1926
3 1588 1587 1608
3 1588 1609 1632
3 1589 1590 1911
3 1605 1589 1911
3 1590 1630 1906
3 1600 1591 1926
3 1593 1592 1594
3 1593 1594 1906
3 1595 1596 1598
3 1595 1598 1921
3 1596 1597 1943
3 1598 1596 1922
3 1922 1596 1943
3 1597 1601 1603
3 1913 1598 1922
3 1611 1599 1903
3 1600 1928 1941
3 1601 1602 1603
3 1603 1602 1604
3 1604 1602 2018
3 1602 1606 2018
3 1603 1604 2019
3 1606 1607 2018
3 1607 1904 1905
3 1607 1905 1971
3 1609 1909 1910
3 1610 1612 1901
3 1622 1610 1901
3 1902 1612 1903
3 1613 1846 1899
3 1617 1616 1895
3 1616 1837 1895
3 1618 1617 1619
3 1619 1617 1620
3 1620 1617 1895
3 1618 1619 1887
3 1619 1620 1621
3 1621 1620 1900
3 1620 1895 1896
3 1620 1896 1900
3 1666 1621 1897
3 1897 1621 1900
3 1624 1623 1625
3 1624 1625 1626
3 1624 1626 1883
3 1631 1624 1883
3 1626 1627 1628
3 1626 1628 1883
3 1628 1627 1629
3 1629 1627 1672
3 1672 1627 1752
3 1628 1629 1682
3 1629 1672 1673
3 1882 1631 1883
3 1633 1640 1831
3 1633 1831 1845
3 1635 1634 1641
3 1634 1636 1641
3 1635 1641 1642
3 1635 1642 1841
3 1645 1635 1841
3 1636 1637 1638
3 1636 1638 2011
3 1641 1636 2011
3 1638 1637 1639
3 1639 1637 2005
3 1637 1812 2005
3 1638 1639 2013
3 1638 1937 2011
3 1937 1638 2013
3 1639 2006 2013
3 1640 1670 1671
3 1642 1641 1935
3 1935 1641 2011
3 1642 1935 2007
3 1846 1643 1849
3 1644 1822 1844
3 1843 1644 1844
3 1669 1645 1840
3 1646 1647 1648
3 1648 1647 1998
3 1647 1826 1827
3 1647 1827 1998
3 1877 1648 1878
3 1878 1648 1998
3 1650 1651 1879
3 1650 1879 1881
3 1651 1652 1879
3 1652 1870 1874
3 1652 1874 1876
3 1652 1876 1879
3 1653 1654 1657
3 1654 1655 1656
3 1654 1656 1956
3 1657 1654 1956
3 1656 1655 1952
3 1655 1692 1693
3 1655 1693 1952
3 1656 1954 1956
3 1838 1657 1839
3 1839 1657 1956
3 1660 1659 1931
3 1931 1659 2009
3 1660 1931 2017
3 1662 1661 1961
3 1661 1781 1961
3 1663 1662 1964
3 1775 1663 1972
3 1663 1964 1968
3 1663 1968 1972
3 1665 1664 1989
3 1665 1990 1993
3 1668 1667 1980
3 1667 1742 1980
3 1668 1981 1982
3 1909 1671 1910
3 1673 1672 1893
3 1824 1673 1891
3 1891 1673 1893
3 1675 1674 1972
3 1674 1775 1972
3 1676 1675 1978
3 1742 1676 1980
3 1676 1978 1979
3 1676 1979 1980
3 1677 1708 1875
3 1870 1677 1875
3 1678 1679 1856
3 1851 1678 1856
3 1679 1680 1856
3 1680 1811 1835
3 1680 1835 1836
3 1680 1836 1856
3 1681 1859 1860
3 1683 1684 1685
3 1683 1685 1786
3 1685 1684 1791
3 1684 1686 1687
3 1684 1687 1791
3 1786 1685 1787
3 1787 1685 1788
3 1788 1685 1791
3 1687 1686 1688
3 1688 1686 1966
3 1686 1825 1966
3 1791 1687 1919
3 1689 1688 1690
3 1690 1688 1966
3 1962 1690 1966
3 1693 1694 1695
3 1693 1695 1952
3 1695 1694 1949
3 1817 1694 1819
3 1694 1817 1949
3 1695 1951 1952
3 1696 1697 1699
3 1696 1699 1797
3 1697 1698 1700
3 1699 1697 1939
3 1697 1700 1939
3 1700 1698 1924
3 1698 1758 1759
3 1698 1759 1924
3 1772 1699 1774
3 1699 1772 1797
3 1774 1699 1939
3 1700 1925 1939
3 1702 1701 1704
3 1704 1701 1761
3 1703 1702 1705
3 1702 1704 1794
3 1705 1702 1794
3 1703 1705 1912
3 1805 1703 1806
3 1806 1703 1912
3 1704 1761 1792
3 1704 1792 1793
3 1704 1793 1794
3 1705 1794 1795
3 1705 1795 1991
3 1912 1705 1991
3 1708 1709 1875
3 1709 1865 1871
3 1709 1871 1873
3 1709 1873 1875
3 1710 1872 1881
3 1712 1711 1713
3 1713 1711 1717
3 1712 1713 1732
3 1714 1712 1715
3 1715 1712 1732
3 1713 1717 1718
3 1713 1718 1894
3 1732 1713 1894
3 1714 1715 1716
3 1714 1716 1803
3 1714 1803 1810
3 1731 1715 1732
3 1716 1737 1803
3 1737 1716 1815
3 1718 1719 1720
3 1718 1720 1894
3 1720 1719 1721
3 1721 1719 1888
3 1719 1784 1888
3 1720 1721 1785
3 1743 1720 1785
3 1720 1743 1894
3 1721 1888 1890
3 1860 1722 1861
3 1724 1723 1726
3 1726 1723 1778
3 1725 1724 1727
3 1724 1726 1834
3 1727 1724 1834
3 1725 1727 1728
3 1725 1728 1730
3 1725 1730 1804
3 1726 1778 1889
3 1834 1726 1886
3 1886 1726 1889
3 1728 1727 1729
3 1729 1727 1884
3 1727 1834 1884
3 1730 1728 1897
3 1730 1897 1900
3 1733 1801 1869
3 1865 1733 1869
3 1734 1862 1866
3 1736 1735 1740
3 1737 1736 1738
3 1738 1736 1739
3 1739 1736 1740
3 1737 1738 1803
3 1738 1739 1766
3 1739 1740 1741
3 1741 1740 1891
3 1802 1741 1893
3 1741 1891 1893
3 1745 1744 1890
3 1746 1745 1747
3 1747 1745 1751
3 1751 1745 1890
3 1746 1747 1748
3 1746 1748 1885
3 1760 1746 1885
3 1747 1751 1755
3 1748 1749 1750
3 1748 1750 1885
3 1750 1749 1892
3 1885 1750 1889
3 1750 1886 1889
3 1886 1750 1892
3 1888 1751 1890
3 1756 1753 1868
3 1868 1753 1869
3 1858 1754 1859
3 1867 1756 1868
3 1757 1863 1864
3 1759 1806 1807
3 1759 1807 1924
3 1762 1854 1855
3 1763 1862 1867
3 1764 1765 1816
3 1765 1772 1773
3 1765 1773 1945
3 1816 1765 1945
3 1851 1767 1854
3 1768 1769 1771
3 1769 1770 1771
3 1770 1769 1842
3 1842 1769 1843
3 1773 1772 1774
3 1773 1774 1940
3 1773 1940 1942
3 1773 1942 1945
3 1777 1863 1866
3 1780 1779 1982
3 1780 1983 1985
3 1781 1782 1961
3 1782 1783 1955
3 1782 1955 1958
3 1782 1958 1961
3 1783 1823 1953
3 1787 1788 1789
3 1787 1789 1792
3 1789 1788 1790
3 1789 1790 1984
3 1792 1789 1793
3 1793 1789 1984
3 1796 1861 1864
3 1855 1798 1857
3 1800 1799 1987
3 1800 1988 1989
3 1801 1868 1869
3 1807 1806 1912
3 1807 1920 1924
3 1809 1808 1985
3 1809 1986 1987
3 1813 1857 1858
3 1817 1816 1818
3 1818 1816 1945
3 1817 1818 1949
3 1818 1946 1949
3 1821 1820 1947
3 1821 1950 1953
3 1827 1826 1995
3 1827 1997 1998
3 1829 1828 1993
3 1829 1994 1995
3 1838 1839 1959
3 1839 1957 1959
3 1927 1848 2015
3 1877 1878 2001
3 1880 1930 2012
3 1971 1905 2008
3 1916 1975 2014
3 1923 1922 1943
3 1923 1943 2020
3 1976 1937 2013
3 1977 1938 1999
3 237 2923 1
3 1 2923 321
3 3 2921 281
3 344 2921 3
3 304 2922 5
3 5 2922 451
3 7 2924 361
3 407 2924 7
3 238 2071 237
3 2071 2923 237
3 239 2906 238
3 238 2906 2071
3 240 2052 239
3 2052 2906 239
3 241 2904 240
3 240 2904 2052
3 242 2903 241
3 2903 2904 241
3 243 2040 242
3 2040 2903 242
3 244 2900 243
3 243 2900 2040
3 245 2068 244
3 2068 2900 244
3 246 2897 245
3 245 2897 2068
3 247 2031 246
3 2031 2897 246
3 248 2894 247
3 247 2894 2031
3 249 2066 248
3 2066 2894 248
3 250 2890 249
3 249 2890 2066
3 251 2037 250
3 2037 2890 250
3 252 2888 251
3 251 2888 2037
3 253 2063 252
3 2063 2888 252
3 254 2886 253
3 253 2886 2063
3 255 2027 254
3 2027 2886 254
3 256 2883 255
3 255 2883 2027
3 257 2070 256
3 2070 2883 256
3 258 2881 257
3 257 2881 2070
3 259 2034 258
3 2034 2881 258
3 260 2879 259
3 259 2879 2034
3 261 2878 260
3 2878 2879 260
3 262 2045 261
3 2045 2878 261
3 263 2868 262
3 262 2868 2045
3 264 2864 263
3 2864 2868 263
3 265 2029 264
3 2029 2864 264
3 266 2858 265
3 265 2858 2029
3 267 2855 266
3 2855 2858 266
3 268 2058 267
3 2058 2855 267
3 269 2850 268
3 268 2850 2058
3 270 2036 269
3 2036 2850 269
3 271 2844 270
3 270 2844 2036
3 272 2060 271
3 2060 2844 271
3 273 2828 272
3 272 2828 2060
3 274 2039 273
3 2039 2828 273
3 275 2817 274
3 274 2817 2039
3 276 2075 275
3 2075 2817 275
3 277 2043 276
3 2043 2075 276
3 278 2818 277
3 277 2818 2043
3 279 2062 278
3 2062 2818 278
3 280 2813 279
3 279 2813 2062
3 281 2074 280
3 2074 2813 280
3 281 2921 2074
3 305 2816 304
3 2816 2922 304
3 306 2914 305
3 305 2914 2816
3 307 2057 306
3 2057 2914 306
3 308 2912 307
3 307 2912 2057
3 309 2830 308
3 2830 2912 308
3 310 2047 309
3 2047 2830 309
3 311 2831 310
3 310 2831 2047
3 312 2909 311
3 311 2909 2831
3 313 2025 312
3 2025 2909 312
3 314 2832 313
3 313 2832 2025
3 315 2834 314
3 314 2834 2832
3 316 2049 315
3 2049 2834 315
3 317 2907 316
3 316 2907 2049
3 318 2835 317
3 2835 2907 317
3 319 2055 318
3 2055 2835 318
3 320 2837 319
3 319 2837 2055
3 321 2876 320
3 320 2876 2837
3 321 2923 2876
3 345 2823 344
3 2823 2921 344
3 346 2920 345
3 345 2920 2823
3 347 2054 346
3 2054 2920 346
3 348 2919 347
3 347 2919 2054
3 349 2504 348
3 2504 2919 348
3 350 2048 349
3 2048 2504 349
3 351 2871 350
3 350 2871 2048
3 352 2908 351
3 351 2908 2871
3 353 2026 352
3 2026 2908 352
3 354 2833 353
3 353 2833 2026
3 355 2836 354
3 354 2836 2833
3 356 2050 355
3 2050 2836 355
3 357 2916 356
3 356 2916 2050
3 358 2827 357
3 2827 2916 357
3 359 2056 358
3 2056 2827 358
3 360 2838 359
3 359 2838 2056
3 361 2877 360
3 360 2877 2838
3 361 2924 2877
3 408 2072 407
3 2072 2924 407
3 409 2874 408
3 408 2874 2072
3 410 2053 409
3 2053 2874 409
3 411 2870 410
3 410 2870 2053
3 412 2869 411
3 2869 2870 411
3 413 2041 412
3 2041 2869 412
3 414 2865 413
3 413 2865 2041
3 415 2069 414
3 2069 2865 414
3 416 2860 415
3 415 2860 2069
3 417 2032 416
3 2032 2860 416
3 418 2857 417
3 417 2857 2032
3 419 2067 418
3 2067 2857 418
3 420 2854 419
3 419 2854 2067
3 421 2033 420
3 2033 2854 420
3 422 2851 421
3 421 2851 2033
3 423 2064 422
3 2064 2851 422
3 424 2846 423
3 423 2846 2064
3 425 2044 424
3 2044 2846 424
3 426 2842 425
3 425 2842 2044
3 427 2840 426
3 2840 2842 426
3 428 2028 427
3 2028 2840 427
3 429 2825 428
3 428 2825 2028
3 430 2065 429
3 2065 2825 429
3 431 2820 430
3 430 2820 2065
3 432 2035 431
3 2035 2820 431
3 433 2891 432
3 432 2891 2035
3 434 2695 433
3 2695 2891 433
3 435 2046 434
3 2046 2695 434
3 436 2884 435
3 435 2884 2046
3 437 2690 436
3 2690 2884 436
3 438 2030 437
3 2030 2690 437
3 439 2819 438
3 438 2819 2030
3 440 2061 439
3 2061 2819 439
3 441 2589 440
3 440 2589 2061
3 442 2038 441
3 2038 2589 441
3 443 2814 442
3 442 2814 2038
3 444 2059 443
3 2059 2814 443
3 445 2485 444
3 444 2485 2059
3 446 2042 445
3 2042 2485 445
3 447 2829 446
3 446 2829 2042
3 448 2480 447
3 2480 2829 447
3 449 2051 448
3 2051 2480 448
3 450 2815 449
3 449 2815 2051
3 451 2073 450
3 2073 2815 450
3 451 2922 2073
3 2558 2559 2025
3 2025 2896 2558
3 2559 2909 2025
3 2832 2896 2025
3 2026 2902 2469
3 2469 2908 2026
3 2833 2902 2026
3 2027 2885 2709
3 2709 2886 2027
3 2883 2885 2027
3 2028 2839 2674
3 2674 2840 2028
3 2825 2839 2028
3 2029 2861 2562
3 2562 2864 2029
3 2858 2861 2029
3 2688 2690 2030
3 2030 2691 2688
3 2030 2819 2691
3 2031 2895 2727
3 2727 2897 2031
3 2894 2895 2031
3 2032 2859 2468
3 2468 2860 2032
3 2857 2859 2032
3 2033 2852 2556
3 2556 2854 2033
3 2851 2852 2033
3 2034 2880 2568
3 2568 2881 2034
3 2879 2880 2034
3 2035 2812 2707
3 2707 2820 2035
3 2035 2891 2812
3 2036 2847 2721
3 2721 2850 2036
3 2844 2847 2036
3 2037 2889 2565
3 2565 2890 2037
3 2888 2889 2037
3 2479 2590 2038
3 2038 2814 2479
3 2038 2590 2589
3 2039 2826 2500
3 2500 2828 2039
3 2817 2826 2039
3 2040 2901 2471
3 2471 2903 2040
3 2040 2900 2778
3 2778 2901 2040
3 2041 2867 2465
3 2465 2869 2041
3 2865 2867 2041
3 2042 2848 2485
3 2042 2829 2607
3 2607 2848 2042
3 2043 2076 2075
3 2043 2484 2076
3 2043 2818 2484
3 2044 2845 2718
3 2718 2846 2044
3 2842 2845 2044
3 2045 2872 2575
3 2575 2878 2045
3 2868 2872 2045
3 2693 2694 2046
3 2046 2884 2693
3 2694 2695 2046
3 2047 2917 2830
3 2831 2917 2047
3 2048 2918 2504
3 2048 2871 2507
3 2507 2918 2048
3 2542 2741 2049
3 2049 2907 2542
3 2741 2892 2049
3 2049 2892 2834
3 2050 2476 2475
3 2475 2910 2050
3 2050 2916 2476
3 2050 2910 2836
3 2477 2480 2051
3 2051 2481 2477
3 2051 2815 2481
3 2052 2904 2472
3 2472 2905 2052
3 2052 2905 2539
3 2539 2906 2052
3 2053 2873 2464
3 2464 2874 2053
3 2053 2870 2466
3 2466 2873 2053
3 2054 2503 2497
3 2497 2843 2054
3 2054 2919 2503
3 2843 2920 2054
3 2055 2911 2835
3 2837 2911 2055
3 2056 2838 2463
3 2463 2915 2056
3 2056 2915 2827
3 2057 2780 2470
3 2470 2875 2057
3 2057 2912 2780
3 2875 2914 2057
3 2058 2853 2683
3 2683 2855 2058
3 2850 2853 2058
3 2059 2474 2473
3 2473 2814 2059
3 2059 2485 2474
3 2060 2841 2483
3 2483 2844 2060
3 2828 2841 2060
3 2061 2588 2587
3 2587 2819 2061
3 2061 2589 2588
3 2062 2813 2498
3 2498 2821 2062
3 2062 2821 2818
3 2063 2887 2700
3 2700 2888 2063
3 2886 2887 2063
3 2064 2849 2595
3 2595 2851 2064
3 2846 2849 2064
3 2065 2824 2600
3 2600 2825 2065
3 2820 2824 2065
3 2066 2893 2729
3 2729 2894 2066
3 2890 2893 2066
3 2067 2856 2739
3 2739 2857 2067
3 2854 2856 2067
3 2068 2898 2778
3 2778 2900 2068
3 2897 2898 2068
3 2069 2863 2467
3 2467 2865 2069
3 2860 2863 2069
3 2070 2882 2680
3 2680 2883 2070
3 2881 2882 2070
3 2071 2913 2876
3 2876 2923 2071
3 2906 2913 2071
3 2072 2874 2464
3 2464 2899 2072
3 2072 2899 2877
3 2877 2924 2072
3 2482 2815 2073
3 2073 2816 2482
3 2073 2922 2816
3 2074 2822 2813
3 2074 2823 2822
3 2074 2921 2823
3 2076 2077 2075
3 2077 2817 2075
3 2076 2078 2077
3 2076 2079 2078
3 2076 2484 2079
3 2078 2486 2077
3 2486 2826 2077
3 2077 2826 2817
3 2079 2080 2078
3 2080 2081 2078
3 2081 2486 2078
3 2079 2195 2080
3 2079 2397 2195
3 2079 2484 2397
3 2080 2082 2081
3 2080 2492 2082
3 2195 2492 2080
3 2082 2083 2081
3 2083 2282 2081
3 2282 2486 2081
3 2082 2084 2083
3 2082 2494 2084
3 2492 2494 2082
3 2084 2085 2083
3 2085 2511 2083
3 2083 2511 2282
3 2084 2086 2085
3 2084 2171 2086
3 2084 2494 2171
3 2086 2087 2085
3 2087 2181 2085
3 2181 2511 2085
3 2086 2088 2087
3 2086 2811 2088
3 2171 2811 2086
3 2088 2089 2087
3 2089 2510 2087
3 2087 2510 2181
3 2088 2090 2089
3 2088 2505 2090
3 2088 2811 2505
3 2090 2091 2089
3 2091 2522 2089
3 2089 2522 2510
3 2090 2092 2091
3 2090 2156 2092
3 2090 2505 2156
3 2092 2093 2091
3 2093 2094 2091
3 2094 2522 2091
3 2092 2523 2093
3 2156 2157 2092
3 2157 2523 2092
3 2093 2095 2094
3 2093 2525 2095
3 2523 2525 2093
3 2095 2096 2094
3 2096 2277 2094
3 2277 2522 2094
3 2095 2097 2096
3 2095 2155 2097
3 2095 2525 2155
3 2097 2098 2096
3 2098 2610 2096
3 2096 2610 2277
3 2097 2099 2098
3 2097 2652 2099
3 2155 2652 2097
3 2099 2100 2098
3 2100 2173 2098
3 2173 2610 2098
3 2099 2101 2100
3 2099 2203 2101
3 2099 2652 2203
3 2101 2102 2100
3 2102 2776 2100
3 2100 2776 2173
3 2101 2103 2102
3 2101 2702 2103
3 2203 2702 2101
3 2103 2104 2102
3 2104 2774 2102
3 2774 2776 2102
3 2103 2105 2104
3 2103 2154 2105
3 2103 2702 2154
3 2105 2106 2104
3 2106 2165 2104
3 2165 2774 2104
3 2105 2107 2106
3 2105 2666 2107
3 2154 2666 2105
3 2107 2108 2106
3 2108 2773 2106
3 2106 2773 2165
3 2107 2109 2108
3 2107 2204 2109
3 2107 2666 2204
3 2109 2110 2108
3 2110 2771 2108
3 2771 2773 2108
3 2109 2111 2110
3 2109 2710 2111
3 2204 2710 2109
3 2111 2112 2110
3 2112 2166 2110
3 2166 2771 2110
3 2111 2113 2112
3 2111 2150 2113
3 2111 2710 2150
3 2113 2114 2112
3 2114 2653 2112
3 2112 2653 2166
3 2113 2115 2114
3 2113 2611 2115
3 2150 2611 2113
3 2115 2116 2114
3 2116 2656 2114
3 2114 2656 2653
3 2115 2117 2116
3 2115 2617 2117
3 2611 2617 2115
3 2117 2118 2116
3 2118 2167 2116
3 2167 2656 2116
3 2117 2119 2118
3 2117 2153 2119
3 2117 2617 2153
3 2119 2120 2118
3 2120 2634 2118
3 2118 2634 2167
3 2119 2121 2120
3 2119 2684 2121
3 2153 2684 2119
3 2121 2122 2120
3 2122 2201 2120
3 2201 2634 2120
3 2121 2123 2122
3 2121 2202 2123
3 2121 2684 2202
3 2123 2124 2122
3 2124 2657 2122
3 2122 2657 2201
3 2123 2125 2124
3 2123 2655 2125
3 2202 2655 2123
3 2125 2126 2124
3 2126 2174 2124
3 2174 2657 2124
3 2125 2127 2126
3 2125 2149 2127
3 2125 2655 2149
3 2127 2128 2126
3 2128 2622 2126
3 2126 2622 2174
3 2127 2129 2128
3 2127 2649 2129
3 2149 2649 2127
3 2129 2130 2128
3 2130 2200 2128
3 2200 2622 2128
3 2129 2131 2130
3 2129 2792 2131
3 2649 2792 2129
3 2131 2132 2130
3 2132 2654 2130
3 2130 2654 2200
3 2131 2133 2132
3 2131 2148 2133
3 2131 2792 2148
3 2133 2134 2132
3 2134 2175 2132
3 2175 2654 2132
3 2133 2135 2134
3 2133 2784 2135
3 2148 2784 2133
3 2135 2136 2134
3 2136 2698 2134
3 2134 2698 2175
3 2135 2137 2136
3 2135 2629 2137
3 2135 2784 2629
3 2137 2138 2136
3 2138 2205 2136
3 2205 2698 2136
3 2137 2139 2138
3 2137 2152 2139
3 2137 2629 2152
3 2139 2140 2138
3 2140 2667 2138
3 2138 2667 2205
3 2139 2141 2140
3 2139 2566 2141
3 2152 2566 2139
3 2141 2142 2140
3 2142 2176 2140
3 2176 2667 2140
3 2141 2143 2142
3 2141 2281 2143
3 2141 2566 2281
3 2143 2144 2142
3 2144 2736 2142
3 2142 2736 2176
3 2143 2145 2144
3 2143 2787 2145
3 2281 2787 2143
3 2145 2146 2144
3 2146 2735 2144
3 2735 2736 2144
3 2145 2147 2146
3 2145 2151 2147
3 2145 2787 2151
3 2147 2159 2146
3 2159 2179 2146
3 2179 2735 2146
3 2151 2158 2147
3 2158 2671 2147
3 2147 2671 2159
3 2734 2784 2148
3 2148 2786 2734
3 2148 2792 2786
3 2647 2648 2149
3 2149 2655 2647
3 2648 2649 2149
3 2150 2612 2611
3 2150 2614 2612
3 2150 2710 2614
3 2151 2161 2158
3 2151 2518 2161
3 2151 2787 2518
3 2152 2797 2566
3 2152 2629 2628
3 2628 2797 2152
3 2617 2618 2153
3 2618 2619 2153
3 2619 2684 2153
3 2154 2641 2639
3 2639 2666 2154
3 2154 2702 2641
3 2525 2526 2155
3 2526 2527 2155
3 2527 2652 2155
3 2156 2160 2157
3 2156 2276 2160
3 2156 2505 2276
3 2160 2163 2157
3 2163 2377 2157
3 2377 2523 2157
3 2161 2162 2158
3 2162 2670 2158
3 2670 2671 2158
3 2159 2180 2179
3 2159 2668 2180
3 2159 2671 2668
3 2160 2164 2163
3 2160 2508 2164
3 2276 2508 2160
3 2161 2168 2162
3 2161 2172 2168
3 2161 2518 2172
3 2168 2169 2162
3 2169 2178 2162
3 2178 2670 2162
3 2164 2170 2163
3 2170 2730 2163
3 2163 2730 2377
3 2164 2177 2170
3 2164 2184 2177
3 2164 2508 2184
3 2770 2774 2165
3 2165 2775 2770
3 2773 2775 2165
3 2653 2769 2166
3 2166 2769 2765
3 2765 2771 2166
3 2634 2762 2167
3 2167 2767 2656
3 2762 2767 2167
3 2168 2183 2169
3 2172 2515 2168
3 2168 2515 2183
3 2169 2182 2178
3 2169 2543 2182
3 2183 2543 2169
3 2177 2185 2170
3 2185 2186 2170
3 2186 2730 2170
3 2171 2806 2490
3 2490 2811 2171
3 2494 2806 2171
3 2172 2516 2515
3 2172 2517 2516
3 2172 2518 2517
3 2173 2781 2610
3 2776 2779 2173
3 2779 2781 2173
3 2622 2761 2174
3 2174 2764 2657
3 2761 2764 2174
3 2175 2758 2654
3 2698 2757 2175
3 2757 2758 2175
3 2176 2751 2667
3 2736 2756 2176
3 2176 2756 2751
3 2184 2809 2177
3 2177 2187 2185
3 2177 2809 2187
3 2182 2193 2178
3 2193 2742 2178
3 2178 2742 2670
3 2180 2188 2179
3 2188 2711 2179
3 2711 2735 2179
3 2180 2189 2188
3 2180 2190 2189
3 2180 2668 2190
3 2510 2512 2181
3 2181 2803 2511
3 2512 2803 2181
3 2182 2198 2193
3 2182 2199 2198
3 2182 2543 2199
3 2183 2515 2513
3 2513 2746 2183
3 2183 2746 2543
3 2184 2508 2488
3 2488 2509 2184
3 2509 2809 2184
3 2185 2196 2186
3 2187 2731 2185
3 2185 2731 2196
3 2196 2197 2186
3 2197 2218 2186
3 2218 2730 2186
3 2187 2571 2540
3 2540 2731 2187
3 2187 2809 2571
3 2189 2207 2188
3 2207 2208 2188
3 2208 2711 2188
3 2190 2191 2189
3 2191 2676 2189
3 2189 2676 2207
3 2190 2192 2191
3 2190 2315 2192
3 2190 2668 2315
3 2192 2194 2191
3 2194 2206 2191
3 2206 2676 2191
3 2192 2209 2194
3 2192 2544 2209
3 2315 2544 2192
3 2198 2213 2193
3 2213 2379 2193
3 2379 2742 2193
3 2194 2210 2206
3 2209 2569 2194
3 2194 2569 2210
3 2397 2398 2195
3 2398 2399 2195
3 2399 2492 2195
3 2196 2549 2197
3 2196 2745 2549
3 2731 2745 2196
3 2197 2219 2218
3 2197 2220 2219
3 2197 2549 2220
3 2199 2211 2198
3 2211 2591 2198
3 2198 2591 2213
3 2199 2212 2211
3 2199 2749 2212
3 2543 2749 2199
3 2200 2760 2622
3 2654 2759 2200
3 2759 2760 2200
3 2201 2766 2634
3 2657 2763 2201
3 2763 2766 2201
3 2651 2655 2202
3 2202 2788 2651
3 2684 2788 2202
3 2203 2652 2572
3 2572 2793 2203
3 2203 2793 2702
3 2204 2666 2638
3 2638 2703 2204
3 2703 2710 2204
3 2667 2754 2205
3 2205 2755 2698
3 2754 2755 2205
3 2210 2214 2206
3 2214 2753 2206
3 2206 2753 2676
3 2207 2270 2208
3 2207 2457 2270
3 2207 2676 2457
3 2270 2271 2208
3 2271 2316 2208
3 2316 2711 2208
3 2544 2722 2209
3 2209 2740 2569
3 2722 2740 2209
3 2210 2272 2214
3 2210 2286 2272
3 2210 2569 2286
3 2212 2215 2211
3 2215 2290 2211
3 2290 2591 2211
3 2212 2216 2215
3 2212 2217 2216
3 2212 2749 2217
3 2213 2380 2379
3 2213 2381 2380
3 2213 2591 2381
3 2272 2298 2214
3 2298 2299 2214
3 2299 2753 2214
3 2216 2732 2215
3 2215 2291 2290
3 2215 2732 2291
3 2217 2273 2216
3 2273 2275 2216
3 2275 2732 2216
3 2217 2274 2273
3 2217 2385 2274
3 2217 2749 2385
3 2219 2782 2218
3 2531 2730 2218
3 2218 2782 2531
3 2220 2221 2219
3 2221 2222 2219
3 2222 2782 2219
3 2220 2287 2221
3 2220 2288 2287
3 2220 2549 2288
3 2221 2223 2222
3 2221 2714 2223
3 2287 2714 2221
3 2223 2224 2222
3 2224 2314 2222
3 2314 2782 2222
3 2223 2225 2224
3 2223 2289 2225
3 2223 2714 2289
3 2225 2226 2224
3 2226 2582 2224
3 2224 2582 2314
3 2225 2227 2226
3 2225 2553 2227
3 2289 2553 2225
3 2227 2228 2226
3 2228 2313 2226
3 2313 2582 2226
3 2227 2229 2228
3 2227 2292 2229
3 2227 2553 2292
3 2229 2230 2228
3 2230 2724 2228
3 2228 2724 2313
3 2229 2231 2230
3 2229 2592 2231
3 2292 2592 2229
3 2231 2232 2230
3 2232 2312 2230
3 2312 2724 2230
3 2231 2233 2232
3 2231 2293 2233
3 2231 2592 2293
3 2233 2234 2232
3 2234 2635 2232
3 2232 2635 2312
3 2233 2235 2234
3 2233 2719 2235
3 2293 2719 2233
3 2235 2236 2234
3 2236 2311 2234
3 2311 2635 2234
3 2235 2237 2236
3 2235 2294 2237
3 2235 2719 2294
3 2237 2238 2236
3 2238 2715 2236
3 2236 2715 2311
3 2237 2239 2238
3 2237 2664 2239
3 2294 2664 2237
3 2239 2240 2238
3 2240 2310 2238
3 2310 2715 2238
3 2239 2241 2240
3 2239 2285 2241
3 2239 2664 2285
3 2241 2242 2240
3 2242 2631 2240
3 2240 2631 2310
3 2241 2243 2242
3 2241 2697 2243
3 2285 2697 2241
3 2243 2244 2242
3 2244 2280 2242
3 2280 2631 2242
3 2243 2245 2244
3 2243 2596 2245
3 2243 2697 2596
3 2245 2246 2244
3 2246 2643 2244
3 2244 2643 2280
3 2245 2247 2246
3 2245 2295 2247
3 2245 2596 2295
3 2247 2248 2246
3 2248 2685 2246
3 2246 2685 2643
3 2247 2249 2248
3 2247 2658 2249
3 2295 2658 2247
3 2249 2250 2248
3 2250 2309 2248
3 2309 2685 2248
3 2249 2251 2250
3 2249 2296 2251
3 2249 2658 2296
3 2251 2252 2250
3 2252 2644 2250
3 2250 2644 2309
3 2251 2253 2252
3 2251 2705 2253
3 2296 2705 2251
3 2253 2254 2252
3 2254 2308 2252
3 2308 2644 2252
3 2253 2255 2254
3 2253 2284 2255
3 2253 2705 2284
3 2255 2256 2254
3 2256 2660 2254
3 2254 2660 2308
3 2255 2257 2256
3 2255 2601 2257
3 2284 2601 2255
3 2257 2258 2256
3 2258 2279 2256
3 2279 2660 2256
3 2257 2259 2258
3 2257 2661 2259
3 2601 2661 2257
3 2259 2260 2258
3 2260 2678 2258
3 2258 2678 2279
3 2259 2261 2260
3 2259 2283 2261
3 2259 2661 2283
3 2261 2262 2260
3 2262 2623 2260
3 2623 2678 2260
3 2261 2263 2262
3 2261 2686 2263
3 2283 2686 2261
3 2263 2264 2262
3 2264 2278 2262
3 2278 2623 2262
3 2263 2265 2264
3 2263 2583 2265
3 2263 2686 2583
3 2265 2266 2264
3 2266 2704 2264
3 2264 2704 2278
3 2265 2267 2266
3 2265 2297 2267
3 2265 2583 2297
3 2267 2268 2266
3 2268 2301 2266
3 2301 2704 2266
3 2267 2269 2268
3 2267 2725 2269
3 2297 2725 2267
3 2269 2302 2268
3 2268 2796 2301
3 2302 2796 2268
3 2269 2303 2302
3 2269 2304 2303
3 2269 2725 2304
3 2270 2546 2271
3 2457 2458 2270
3 2458 2546 2270
3 2271 2317 2316
3 2271 2318 2317
3 2271 2546 2318
3 2286 2534 2272
3 2272 2300 2298
3 2272 2534 2300
3 2274 2606 2273
3 2273 2369 2275
3 2273 2606 2369
3 2385 2455 2274
3 2455 2456 2274
3 2456 2606 2274
3 2369 2370 2275
3 2370 2378 2275
3 2378 2732 2275
3 2276 2489 2487
3 2487 2508 2276
3 2276 2505 2489
3 2277 2801 2522
3 2610 2772 2277
3 2772 2801 2277
3 2278 2624 2623
3 2278 2625 2624
3 2278 2704 2625
3 2279 2785 2660
3 2678 2789 2279
3 2279 2789 2785
3 2280 2632 2631
3 2280 2794 2632
3 2643 2794 2280
3 2281 2521 2519
3 2519 2787 2281
3 2281 2566 2521
3 2282 2491 2486
3 2282 2499 2491
3 2282 2511 2499
3 2661 2692 2283
3 2283 2687 2686
3 2283 2692 2687
3 2284 2602 2601
3 2284 2603 2602
3 2284 2705 2603
3 2664 2665 2285
3 2665 2672 2285
3 2672 2697 2285
3 2286 2535 2534
3 2286 2545 2535
3 2286 2569 2545
3 2288 2426 2287
3 2426 2429 2287
3 2429 2714 2287
3 2288 2427 2426
3 2288 2428 2427
3 2288 2549 2428
3 2289 2557 2553
3 2289 2738 2557
3 2714 2738 2289
3 2291 2459 2290
3 2459 2747 2290
3 2290 2747 2591
3 2291 2460 2459
3 2291 2733 2460
3 2732 2733 2291
3 2553 2554 2292
3 2554 2555 2292
3 2555 2592 2292
3 2592 2593 2293
3 2593 2594 2293
3 2594 2719 2293
3 2294 2716 2664
3 2294 2717 2716
3 2294 2719 2717
3 2596 2597 2295
3 2597 2598 2295
3 2598 2658 2295
3 2658 2659 2296
3 2659 2706 2296
3 2296 2706 2705
3 2583 2584 2297
3 2584 2586 2297
3 2586 2725 2297
3 2298 2368 2299
3 2300 2712 2298
3 2298 2712 2368
3 2368 2448 2299
3 2448 2750 2299
3 2750 2753 2299
3 2534 2536 2300
3 2536 2537 2300
3 2537 2712 2300
3 2630 2704 2301
3 2301 2800 2630
3 2796 2800 2301
3 2303 2737 2302
3 2737 2795 2302
3 2795 2796 2302
3 2304 2305 2303
3 2305 2306 2303
3 2306 2737 2303
3 2304 2862 2305
3 2725 2866 2304
3 2304 2866 2862
3 2305 2307 2306
3 2305 2374 2307
3 2305 2862 2374
3 2307 2376 2306
3 2376 2454 2306
3 2454 2737 2306
3 2374 2375 2307
3 2375 2798 2307
3 2307 2798 2376
3 2308 2645 2644
3 2308 2646 2645
3 2308 2660 2646
3 2621 2685 2309
3 2309 2790 2621
3 2644 2790 2309
3 2615 2616 2310
3 2310 2631 2615
3 2616 2715 2310
3 2311 2636 2635
3 2311 2637 2636
3 2311 2715 2637
3 2635 2640 2312
3 2640 2791 2312
3 2312 2791 2724
3 2313 2573 2529
3 2529 2582 2313
3 2313 2724 2573
3 2314 2582 2528
3 2528 2783 2314
3 2314 2783 2782
3 2315 2743 2544
3 2668 2669 2315
3 2669 2743 2315
3 2317 2579 2316
3 2579 2580 2316
3 2580 2711 2316
3 2318 2319 2317
3 2319 2320 2317
3 2320 2579 2317
3 2318 2726 2319
3 2546 2547 2318
3 2547 2726 2318
3 2319 2321 2320
3 2319 2450 2321
3 2319 2726 2450
3 2321 2322 2320
3 2322 2578 2320
3 2578 2579 2320
3 2321 2323 2322
3 2321 2728 2323
3 2450 2728 2321
3 2323 2324 2322
3 2324 2386 2322
3 2386 2578 2322
3 2323 2325 2324
3 2323 2449 2325
3 2323 2728 2449
3 2325 2326 2324
3 2326 2662 2324
3 2324 2662 2386
3 2325 2327 2326
3 2325 2564 2327
3 2449 2564 2325
3 2327 2328 2326
3 2328 2388 2326
3 2388 2662 2326
3 2327 2329 2328
3 2327 2447 2329
3 2327 2564 2447
3 2329 2330 2328
3 2330 2713 2328
3 2328 2713 2388
3 2329 2331 2330
3 2329 2699 2331
3 2447 2699 2329
3 2331 2332 2330
3 2332 2389 2330
3 2389 2713 2330
3 2331 2333 2332
3 2331 2446 2333
3 2331 2699 2446
3 2333 2334 2332
3 2334 2581 2332
3 2332 2581 2389
3 2333 2335 2334
3 2333 2708 2335
3 2446 2708 2333
3 2335 2336 2334
3 2336 2391 2334
3 2391 2581 2334
3 2335 2337 2336
3 2335 2444 2337
3 2335 2708 2444
3 2337 2338 2336
3 2338 2696 2336
3 2336 2696 2391
3 2337 2339 2338
3 2337 2679 2339
3 2444 2679 2337
3 2339 2340 2338
3 2340 2392 2338
3 2392 2696 2338
3 2339 2341 2340
3 2339 2423 2341
3 2339 2679 2423
3 2341 2342 2340
3 2342 2677 2340
3 2340 2677 2392
3 2341 2343 2342
3 2341 2567 2343
3 2423 2567 2341
3 2343 2344 2342
3 2344 2393 2342
3 2393 2677 2342
3 2343 2345 2344
3 2343 2642 2345
3 2567 2642 2343
3 2345 2346 2344
3 2346 2663 2344
3 2344 2663 2393
3 2345 2347 2346
3 2345 2371 2347
3 2345 2642 2371
3 2347 2348 2346
3 2348 2387 2346
3 2387 2663 2346
3 2347 2349 2348
3 2347 2574 2349
3 2371 2574 2347
3 2349 2350 2348
3 2350 2701 2348
3 2348 2701 2387
3 2349 2351 2350
3 2349 2675 2351
3 2574 2675 2349
3 2351 2352 2350
3 2352 2633 2350
3 2633 2701 2350
3 2351 2353 2352
3 2351 2372 2353
3 2351 2675 2372
3 2353 2354 2352
3 2354 2390 2352
3 2390 2633 2352
3 2353 2355 2354
3 2353 2561 2355
3 2372 2561 2353
3 2355 2356 2354
3 2356 2608 2354
3 2354 2608 2390
3 2355 2357 2356
3 2355 2681 2357
3 2561 2681 2355
3 2357 2358 2356
3 2358 2577 2356
3 2577 2608 2356
3 2357 2359 2358
3 2357 2373 2359
3 2357 2681 2373
3 2359 2360 2358
3 2360 2394 2358
3 2394 2577 2358
3 2359 2361 2360
3 2359 2723 2361
3 2373 2723 2359
3 2361 2362 2360
3 2362 2551 2360
3 2360 2551 2394
3 2361 2363 2362
3 2361 2419 2363
3 2361 2723 2419
3 2363 2364 2362
3 2364 2550 2362
3 2550 2551 2362
3 2363 2365 2364
3 2363 2720 2365
3 2419 2720 2363
3 2365 2366 2364
3 2366 2395 2364
3 2395 2550 2364
3 2365 2367 2366
3 2365 2415 2367
3 2365 2720 2415
3 2367 2802 2366
3 2366 2396 2395
3 2366 2802 2396
3 2415 2416 2367
3 2416 2417 2367
3 2417 2802 2367
3 2368 2471 2448
3 2368 2472 2471
3 2368 2712 2472
3 2369 2477 2370
3 2369 2478 2477
3 2369 2606 2478
3 2370 2422 2378
3 2370 2481 2422
3 2477 2481 2370
3 2371 2575 2574
3 2371 2576 2575
3 2371 2642 2576
3 2372 2562 2561
3 2372 2563 2562
3 2372 2675 2563
3 2681 2682 2373
3 2682 2683 2373
3 2683 2723 2373
3 2374 2473 2375
3 2374 2479 2473
3 2374 2862 2479
3 2473 2474 2375
3 2474 2514 2375
3 2514 2798 2375
3 2376 2513 2454
3 2376 2799 2513
3 2798 2799 2376
3 2377 2524 2523
3 2377 2531 2524
3 2377 2730 2531
3 2422 2470 2378
3 2470 2733 2378
3 2378 2733 2732
3 2380 2744 2379
3 2379 2743 2742
3 2379 2744 2743
3 2381 2382 2380
3 2382 2384 2380
3 2384 2744 2380
3 2381 2383 2382
3 2381 2747 2383
3 2591 2747 2381
3 2383 2558 2382
3 2382 2420 2384
3 2382 2558 2420
3 2383 2559 2558
3 2383 2560 2559
3 2383 2747 2560
3 2420 2421 2384
3 2421 2722 2384
3 2722 2744 2384
3 2385 2799 2455
3 2385 2749 2746
3 2746 2799 2385
3 2386 2751 2578
3 2662 2754 2386
3 2386 2754 2751
3 2387 2767 2663
3 2701 2768 2387
3 2387 2768 2767
3 2388 2755 2662
3 2713 2757 2388
3 2388 2757 2755
3 2581 2759 2389
3 2389 2758 2713
3 2389 2759 2758
3 2608 2609 2390
3 2609 2765 2390
3 2390 2765 2633
3 2391 2760 2581
3 2696 2761 2391
3 2391 2761 2760
3 2677 2763 2392
3 2392 2764 2696
3 2763 2764 2392
3 2663 2762 2393
3 2393 2766 2677
3 2762 2766 2393
3 2551 2552 2394
3 2552 2770 2394
3 2394 2770 2577
3 2396 2772 2395
3 2395 2781 2550
3 2772 2781 2395
3 2512 2801 2396
3 2396 2802 2512
3 2396 2801 2772
3 2397 2495 2398
3 2484 2821 2397
3 2397 2821 2495
3 2398 2400 2399
3 2398 2404 2400
3 2398 2495 2404
3 2400 2401 2399
3 2401 2493 2399
3 2399 2493 2492
3 2400 2402 2401
3 2400 2501 2402
3 2404 2501 2400
3 2402 2403 2401
3 2403 2405 2401
3 2405 2493 2401
3 2402 2506 2403
3 2501 2502 2402
3 2502 2506 2402
3 2403 2406 2405
3 2403 2407 2406
3 2403 2506 2407
3 2495 2496 2404
3 2496 2497 2404
3 2497 2501 2404
3 2406 2530 2405
3 2405 2806 2493
3 2530 2806 2405
3 2407 2408 2406
3 2408 2409 2406
3 2409 2530 2406
3 2407 2804 2408
3 2506 2507 2407
3 2507 2804 2407
3 2408 2410 2409
3 2408 2411 2410
3 2408 2804 2411
3 2410 2413 2409
3 2413 2414 2409
3 2414 2530 2409
3 2411 2412 2410
3 2412 2532 2410
3 2410 2532 2413
3 2411 2445 2412
3 2411 2469 2445
3 2411 2804 2469
3 2445 2451 2412
3 2451 2452 2412
3 2452 2532 2412
3 2413 2487 2414
3 2413 2488 2487
3 2413 2532 2488
3 2487 2489 2414
3 2489 2490 2414
3 2490 2530 2414
3 2415 2483 2416
3 2415 2847 2483
3 2720 2847 2415
3 2416 2418 2417
3 2416 2841 2418
3 2483 2841 2416
3 2418 2499 2417
3 2499 2803 2417
3 2417 2803 2802
3 2491 2499 2418
3 2418 2500 2491
3 2418 2841 2500
3 2419 2721 2720
3 2419 2853 2721
3 2723 2853 2419
3 2420 2424 2421
3 2420 2896 2424
3 2558 2896 2420
3 2424 2425 2421
3 2425 2740 2421
3 2421 2740 2722
3 2422 2875 2470
3 2481 2482 2422
3 2482 2875 2422
3 2423 2568 2567
3 2423 2882 2568
3 2679 2882 2423
3 2424 2892 2425
3 2832 2834 2424
3 2424 2896 2832
3 2834 2892 2424
3 2545 2740 2425
3 2425 2741 2545
3 2425 2892 2741
3 2427 2863 2426
3 2426 2468 2429
3 2426 2863 2468
3 2428 2430 2427
3 2430 2467 2427
3 2467 2863 2427
3 2428 2431 2430
3 2428 2745 2431
3 2549 2745 2428
3 2468 2859 2429
3 2429 2738 2714
3 2429 2859 2738
3 2431 2432 2430
3 2432 2867 2430
3 2430 2867 2467
3 2431 2433 2432
3 2431 2533 2433
3 2431 2745 2533
3 2433 2434 2432
3 2434 2465 2432
3 2465 2867 2432
3 2433 2435 2434
3 2433 2436 2435
3 2433 2533 2436
3 2435 2752 2434
3 2434 2466 2465
3 2434 2752 2466
3 2436 2437 2435
3 2437 2438 2435
3 2438 2752 2435
3 2436 2570 2437
3 2533 2540 2436
3 2540 2570 2436
3 2437 2439 2438
3 2437 2440 2439
3 2437 2570 2440
3 2439 2461 2438
3 2461 2462 2438
3 2462 2752 2438
3 2440 2441 2439
3 2441 2748 2439
3 2439 2748 2461
3 2440 2442 2441
3 2440 2443 2442
3 2440 2570 2443
3 2442 2475 2441
3 2475 2476 2441
3 2476 2748 2441
3 2443 2808 2442
3 2442 2807 2475
3 2442 2808 2807
3 2570 2571 2443
3 2571 2810 2443
3 2443 2810 2808
3 2444 2680 2679
3 2444 2885 2680
3 2708 2885 2444
3 2445 2453 2451
3 2445 2902 2453
3 2469 2902 2445
3 2699 2887 2446
3 2446 2709 2708
3 2446 2887 2709
3 2564 2889 2447
3 2447 2700 2699
3 2447 2889 2700
3 2471 2901 2448
3 2448 2777 2750
3 2448 2901 2777
3 2449 2565 2564
3 2449 2893 2565
3 2728 2893 2449
3 2726 2895 2450
3 2450 2729 2728
3 2450 2895 2729
3 2451 2808 2452
3 2453 2807 2451
3 2807 2808 2451
3 2509 2532 2452
3 2452 2810 2509
3 2808 2810 2452
3 2453 2910 2807
3 2833 2836 2453
3 2453 2902 2833
3 2836 2910 2453
3 2513 2515 2454
3 2515 2516 2454
3 2516 2737 2454
3 2455 2514 2456
3 2455 2798 2514
3 2455 2799 2798
3 2514 2848 2456
3 2456 2607 2606
3 2456 2848 2607
3 2457 2750 2458
3 2676 2753 2457
3 2457 2753 2750
3 2458 2548 2546
3 2458 2777 2548
3 2750 2777 2458
3 2460 2917 2459
3 2560 2747 2459
3 2459 2917 2560
3 2733 2780 2460
3 2780 2830 2460
3 2830 2917 2460
3 2461 2463 2462
3 2461 2915 2463
3 2748 2915 2461
3 2463 2464 2462
3 2464 2873 2462
3 2462 2873 2752
3 2463 2899 2464
3 2838 2899 2463
3 2466 2869 2465
3 2752 2873 2466
3 2466 2870 2869
3 2467 2867 2865
3 2468 2863 2860
3 2804 2805 2469
3 2805 2908 2469
3 2470 2780 2733
3 2472 2903 2471
3 2712 2905 2472
3 2472 2904 2903
3 2479 2814 2473
3 2485 2848 2474
3 2474 2848 2514
3 2807 2910 2475
3 2476 2827 2748
3 2476 2916 2827
3 2478 2480 2477
3 2478 2829 2480
3 2606 2607 2478
3 2607 2829 2478
3 2479 2862 2590
3 2481 2815 2482
3 2816 2875 2482
3 2483 2847 2844
3 2818 2821 2484
3 2491 2826 2486
3 2488 2508 2487
3 2488 2532 2509
3 2489 2811 2490
3 2505 2811 2489
3 2490 2806 2530
3 2500 2826 2491
3 2493 2494 2492
3 2493 2806 2494
3 2495 2498 2496
3 2495 2821 2498
3 2496 2843 2497
3 2498 2822 2496
3 2822 2843 2496
3 2497 2503 2501
3 2813 2822 2498
3 2511 2803 2499
3 2500 2841 2828
3 2501 2503 2502
3 2503 2504 2502
3 2504 2918 2502
3 2502 2918 2506
3 2503 2919 2504
3 2506 2918 2507
3 2507 2805 2804
3 2507 2871 2805
3 2509 2810 2809
3 2510 2801 2512
3 2522 2801 2510
3 2802 2803 2512
3 2513 2799 2746
3 2517 2795 2516
3 2516 2795 2737
3 2518 2519 2517
3 2519 2520 2517
3 2520 2795 2517
3 2518 2787 2519
3 2519 2521 2520
3 2521 2800 2520
3 2520 2796 2795
3 2520 2800 2796
3 2566 2797 2521
3 2797 2800 2521
3 2524 2525 2523
3 2524 2526 2525
3 2524 2783 2526
3 2531 2783 2524
3 2526 2528 2527
3 2526 2783 2528
3 2528 2529 2527
3 2529 2572 2527
3 2572 2652 2527
3 2528 2582 2529
3 2529 2573 2572
3 2782 2783 2531
3 2533 2731 2540
3 2533 2745 2731
3 2535 2541 2534
3 2534 2541 2536
3 2535 2542 2541
3 2535 2741 2542
3 2545 2741 2535
3 2536 2538 2537
3 2536 2911 2538
3 2541 2911 2536
3 2538 2539 2537
3 2539 2905 2537
3 2537 2905 2712
3 2538 2913 2539
3 2538 2911 2837
3 2837 2913 2538
3 2539 2913 2906
3 2540 2571 2570
3 2542 2835 2541
3 2835 2911 2541
3 2542 2907 2835
3 2746 2749 2543
3 2544 2744 2722
3 2743 2744 2544
3 2569 2740 2545
3 2546 2548 2547
3 2548 2898 2547
3 2547 2727 2726
3 2547 2898 2727
3 2777 2778 2548
3 2778 2898 2548
3 2550 2779 2551
3 2550 2781 2779
3 2551 2779 2552
3 2552 2774 2770
3 2552 2776 2774
3 2552 2779 2776
3 2553 2557 2554
3 2554 2556 2555
3 2554 2856 2556
3 2557 2856 2554
3 2556 2852 2555
3 2555 2593 2592
3 2555 2852 2593
3 2556 2856 2854
3 2738 2739 2557
3 2739 2856 2557
3 2560 2831 2559
3 2831 2909 2559
3 2560 2917 2831
3 2562 2861 2561
3 2561 2861 2681
3 2563 2864 2562
3 2675 2872 2563
3 2563 2868 2864
3 2563 2872 2868
3 2565 2889 2564
3 2565 2893 2890
3 2568 2880 2567
3 2567 2880 2642
3 2568 2882 2881
3 2809 2810 2571
3 2573 2793 2572
3 2724 2791 2573
3 2791 2793 2573
3 2575 2872 2574
3 2574 2872 2675
3 2576 2878 2575
3 2642 2880 2576
3 2576 2879 2878
3 2576 2880 2879
3 2577 2775 2608
3 2770 2775 2577
3 2578 2756 2579
3 2751 2756 2578
3 2579 2756 2580
3 2580 2735 2711
3 2580 2736 2735
3 2580 2756 2736
3 2581 2760 2759
3 2583 2585 2584
3 2583 2686 2585
3 2585 2691 2584
3 2584 2587 2586
3 2584 2691 2587
3 2686 2687 2585
3 2687 2688 2585
3 2688 2691 2585
3 2587 2588 2586
3 2588 2866 2586
3 2586 2866 2725
3 2691 2819 2587
3 2589 2590 2588
3 2590 2866 2588
3 2862 2866 2590
3 2593 2595 2594
3 2593 2852 2595
3 2595 2849 2594
3 2717 2719 2594
3 2594 2849 2717
3 2595 2852 2851
3 2596 2599 2597
3 2596 2697 2599
3 2597 2600 2598
3 2599 2839 2597
3 2597 2839 2600
3 2600 2824 2598
3 2598 2659 2658
3 2598 2824 2659
3 2672 2674 2599
3 2599 2697 2672
3 2674 2839 2599
3 2600 2839 2825
3 2602 2604 2601
3 2604 2661 2601
3 2603 2605 2602
3 2602 2694 2604
3 2605 2694 2602
3 2603 2812 2605
3 2705 2706 2603
3 2706 2812 2603
3 2604 2692 2661
3 2604 2693 2692
3 2604 2694 2693
3 2605 2695 2694
3 2605 2891 2695
3 2812 2891 2605
3 2608 2775 2609
3 2609 2771 2765
3 2609 2773 2771
3 2609 2775 2773
3 2610 2781 2772
3 2612 2613 2611
3 2613 2617 2611
3 2612 2632 2613
3 2614 2615 2612
3 2615 2632 2612
3 2613 2618 2617
3 2613 2794 2618
3 2632 2794 2613
3 2614 2616 2615
3 2614 2703 2616
3 2614 2710 2703
3 2631 2632 2615
3 2616 2703 2637
3 2637 2715 2616
3 2618 2620 2619
3 2618 2794 2620
3 2620 2621 2619
3 2621 2788 2619
3 2619 2788 2684
3 2620 2685 2621
3 2643 2685 2620
3 2620 2794 2643
3 2621 2790 2788
3 2760 2761 2622
3 2624 2626 2623
3 2626 2678 2623
3 2625 2627 2624
3 2624 2734 2626
3 2627 2734 2624
3 2625 2628 2627
3 2625 2630 2628
3 2625 2704 2630
3 2626 2789 2678
3 2734 2786 2626
3 2786 2789 2626
3 2628 2629 2627
3 2629 2784 2627
3 2627 2784 2734
3 2630 2797 2628
3 2630 2800 2797
3 2633 2769 2701
3 2765 2769 2633
3 2634 2766 2762
3 2636 2640 2635
3 2637 2638 2636
3 2638 2639 2636
3 2639 2640 2636
3 2637 2703 2638
3 2638 2666 2639
3 2639 2641 2640
3 2641 2791 2640
3 2702 2793 2641
3 2641 2793 2791
3 2645 2790 2644
3 2646 2647 2645
3 2647 2651 2645
3 2651 2790 2645
3 2646 2648 2647
3 2646 2785 2648
3 2660 2785 2646
3 2647 2655 2651
3 2648 2650 2649
3 2648 2785 2650
3 2650 2792 2649
3 2785 2789 2650
3 2650 2789 2786
3 2786 2792 2650
3 2788 2790 2651
3 2656 2768 2653
3 2768 2769 2653
3 2758 2759 2654
3 2767 2768 2656
3 2657 2764 2763
3 2659 2707 2706
3 2659 2824 2707
3 2662 2755 2754
3 2663 2767 2762
3 2664 2716 2665
3 2665 2673 2672
3 2665 2845 2673
3 2716 2845 2665
3 2751 2754 2667
3 2668 2671 2669
3 2669 2671 2670
3 2670 2742 2669
3 2742 2743 2669
3 2673 2674 2672
3 2673 2840 2674
3 2673 2842 2840
3 2673 2845 2842
3 2677 2766 2763
3 2680 2882 2679
3 2680 2885 2883
3 2681 2861 2682
3 2682 2855 2683
3 2682 2858 2855
3 2682 2861 2858
3 2683 2853 2723
3 2687 2689 2688
3 2687 2692 2689
3 2689 2690 2688
3 2689 2884 2690
3 2692 2693 2689
3 2693 2884 2689
3 2696 2764 2761
3 2755 2757 2698
3 2700 2887 2699
3 2700 2889 2888
3 2701 2769 2768
3 2707 2812 2706
3 2707 2824 2820
3 2709 2885 2708
3 2709 2887 2886
3 2713 2758 2757
3 2717 2718 2716
3 2718 2845 2716
3 2717 2849 2718
3 2718 2849 2846
3 2721 2847 2720
3 2721 2853 2850
3 2727 2895 2726
3 2727 2898 2897
3 2729 2893 2728
3 2729 2895 2894
3 2738 2859 2739
3 2739 2859 2857
3 2827 2915 2748
3 2777 2901 2778
3 2780 2912 2830
3 2871 2908 2805
3 2816 2914 2875
3 2823 2843 2822
3 2823 2920 2843
3 2876 2913 2837
3 2877 2899 2838
3 4 282 3109
3 406 4 3109
3 285 5 3111
3 5 451 3111
3 322 6 3110
3 6 362 3110
3 7 325 3108
3 407 7 3108
3 282 283 3100
3 282 3100 3109
3 283 284 2926
3 283 2926 3100
3 284 285 3101
3 2926 284 3101
3 3101 285 3111
3 323 322 3098
3 3098 322 3110
3 324 323 2925
3 2925 323 3098
3 325 324 3099
3 324 2925 3099
3 325 3099 3108
3 362 363 2962
3 362 2962 3110
3 363 364 3024
3 2962 363 3024
3 364 365 2936
3 364 2936 3024
3 365 366 3048
3 2936 365 3048
3 366 367 3077
3 3048 366 3077
3 367 368 2947
3 367 2947 3077
3 368 369 3075
3 2947 368 3075
3 369 370 2952
3 369 2952 3075
3 370 371 3033
3 2952 370 3033
3 371 372 2950
3 371 2950 3033
3 372 373 3055
3 2950 372 3055
3 373 374 3076
3 3055 373 3076
3 374 375 2948
3 374 2948 3076
3 375 376 3058
3 2948 375 3058
3 376 377 3009
3 376 3009 3058
3 377 378 2939
3 377 2939 3009
3 378 379 3059
3 2939 378 3059
3 379 380 2927
3 379 2927 3059
3 380 381 3060
3 2927 380 3060
3 381 382 3000
3 381 3000 3060
3 382 383 2928
3 382 2928 3000
3 383 384 3067
3 2928 383 3067
3 384 385 2940
3 384 2940 3067
3 385 386 3018
3 2940 385 3018
3 386 387 2958
3 386 2958 3018
3 387 388 3066
3 2958 387 3066
3 388 389 2933
3 388 2933 3066
3 389 390 3057
3 2933 389 3057
3 390 391 2934
3 390 2934 3057
3 391 392 3071
3 2934 391 3071
3 392 393 2959
3 392 2959 3071
3 393 394 3046
3 2959 393 3046
3 394 395 2943
3 394 2943 3046
3 395 396 3008
3 2943 395 3008
3 396 397 2941
3 396 2941 3008
3 397 398 3063
3 2941 397 3063
3 398 399 2944
3 398 2944 3063
3 399 400 3064
3 2944 399 3064
3 400 401 2945
3 400 2945 3064
3 401 402 2999
3 2945 401 2999
3 402 403 3070
3 2999 402 3070
3 403 404 2942
3 403 2942 3070
3 404 405 2973
3 2942 404 2973
3 405 406 2964
3 405 2964 2973
3 2964 406 3109
3 408 407 2963
3 2963 407 3108
3 409 408 3045
3 408 2963 3045
3 410 409 2960
3 2960 409 3045
3 411 410 3054
3 410 2960 3054
3 412 411 2929
3 2929 411 3054
3 413 412 3052
3 412 2929 3052
3 414 413 2937
3 2937 413 3052
3 415 414 3056
3 414 2937 3056
3 416 415 2930
3 2930 415 3056
3 417 416 3047
3 416 2930 3047
3 418 417 2938
3 2938 417 3047
3 419 418 3049
3 418 2938 3049
3 420 419 3053
3 419 3049 3053
3 421 420 2931
3 2931 420 3053
3 422 421 3105
3 421 2931 3105
3 423 422 3104
3 422 3017 3104
3 3017 422 3105
3 424 423 2953
3 2953 423 3104
3 425 424 3023
3 424 2953 3023
3 426 425 3068
3 425 3023 3068
3 427 426 2946
3 2946 426 3068
3 428 427 3050
3 427 2946 3050
3 429 428 2951
3 2951 428 3050
3 430 429 3065
3 429 2951 3065
3 431 430 3020
3 3020 430 3065
3 432 431 2932
3 2932 431 3020
3 433 432 3062
3 432 2932 3062
3 434 433 2994
3 2994 433 3062
3 435 434 2949
3 2949 434 2994
3 436 435 3073
3 435 2949 3073
3 437 436 3069
3 3069 436 3073
3 438 437 2935
3 2935 437 3069
3 439 438 2984
3 438 2935 2984
3 440 439 3051
3 439 2984 3051
3 441 440 2954
3 2954 440 3051
3 442 441 3074
3 441 2954 3074
3 443 442 2955
3 2955 442 3074
3 444 443 2974
3 443 2955 2974
3 445 444 2957
3 2957 444 2974
3 446 445 3072
3 445 2957 3072
3 447 446 2956
3 2956 446 3072
3 448 447 3061
3 447 2956 3061
3 449 448 2961
3 2961 448 3061
3 450 449 2966
3 449 2961 2966
3 451 450 2965
3 2965 450 2966
3 451 2965 3111
3 3032 2925 3098
3 2925 3032 3102
3 3099 2925 3102
3 2972 2926 3101
3 2926 2972 3103
3 3100 2926 3103
3 3059 2927 3079
3 2927 3060 3087
3 3079 2927 3087
3 3000 2928 3001
3 3001 2928 3002
3 3002 2928 3067
3 3052 2929 3147
3 2929 3054 3134
3 2929 3134 3147
3 3047 2930 3114
3 2930 3056 3119
3 3114 2930 3119
3 2931 3053 3142
3 3105 2931 3130
3 3130 2931 3142
3 2932 3020 3021
3 2932 3021 3085
3 3062 2932 3085
3 2933 3057 3122
3 3066 2933 3124
3 2933 3122 3124
3 3057 2934 3150
3 2934 3071 3143
3 2934 3143 3150
3 2984 2935 2985
3 2985 2935 2986
3 2986 2935 3069
3 3024 2936 3025
3 3025 2936 3026
3 3026 2936 3048
3 2937 3052 3145
3 3056 2937 3149
3 2937 3145 3149
3 2938 3047 3125
3 3049 2938 3133
3 2938 3125 3133
3 3009 2939 3010
3 3010 2939 3011
3 3011 2939 3059
3 2940 3018 3019
3 2940 3019 3084
3 3067 2940 3084
3 3008 2941 3146
3 2941 3063 3144
3 2941 3144 3146
3 2942 2973 3113
3 3070 2942 3123
3 2942 3113 3123
3 2943 3008 3141
3 3046 2943 3131
3 3131 2943 3141
3 3063 2944 3121
3 2944 3064 3117
3 2944 3117 3121
3 2945 2999 3140
3 3064 2945 3132
3 3132 2945 3140
3 3050 2946 3112
3 2946 3068 3126
3 3112 2946 3126
3 2947 3075 3092
3 3077 2947 3083
3 3083 2947 3092
3 2948 3058 3081
3 3076 2948 3091
3 2948 3081 3091
3 2949 2994 2995
3 2949 2995 3089
3 3073 2949 3089
3 3033 2950 3034
3 3034 2950 3035
3 3035 2950 3055
3 2951 3050 3128
3 3065 2951 3135
3 2951 3128 3135
3 2952 3033 3041
3 2952 3041 3042
3 2952 3042 3075
3 3023 2953 3137
3 2953 3104 3129
3 2953 3129 3137
3 2954 3051 3080
3 3074 2954 3090
3 2954 3080 3090
3 2974 2955 2980
3 2980 2955 2981
3 2981 2955 3074
3 3061 2956 3078
3 2956 3072 3088
3 3078 2956 3088
3 2957 2974 2975
3 2957 2975 2976
3 2957 2976 3072
3 3018 2958 3082
3 2958 3066 3136
3 3082 2958 3136
3 2959 3046 3116
3 3071 2959 3120
3 2959 3116 3120
3 2960 3045 3115
3 3054 2960 3127
3 2960 3115 3127
3 2966 2961 2967
3 2967 2961 2968
3 2968 2961 3061
3 2962 3024 3032
3 2962 3032 3098
3 2962 3098 3110
3 3045 2963 3102
3 2963 3099 3102
3 3099 2963 3108
3 2973 2964 3103
3 2964 3100 3103
3 3100 2964 3109
3 2965 2966 2972
3 2965 2972 3101
3 2965 3101 3111
3 2966 2967 2972
3 2967 2968 2969
3 2967 2969 2971
3 2967 2971 2972
3 2969 2968 2970
3 2970 2968 3078
3 2968 3061 3078
3 2969 2970 3123
3 2971 2969 3113
3 3113 2969 3123
3 2970 3078 3094
3 2970 3094 3139
3 3123 2970 3139
3 2972 2971 3103
3 2971 2973 3103
3 2973 2971 3113
3 2975 2974 2980
3 2976 2975 2977
3 2977 2975 2979
3 2979 2975 2980
3 2976 2977 2978
3 2976 2978 3088
3 3072 2976 3088
3 2978 2977 3132
3 2977 2979 3117
3 2977 3117 3132
3 3088 2978 3094
3 3094 2978 3140
3 2978 3132 3140
3 2979 2980 2982
3 2979 2982 3121
3 3117 2979 3121
3 2980 2981 2982
3 2982 2981 2983
3 2983 2981 3090
3 2981 3074 3090
3 2982 2983 3144
3 3121 2982 3144
3 2983 3090 3095
3 2983 3095 3146
3 3144 2983 3146
3 2984 2985 2987
3 2984 2987 3051
3 2985 2986 2990
3 2987 2985 2988
3 2988 2985 2990
3 2990 2986 2991
3 2991 2986 2992
3 2992 2986 3069
3 2987 2988 2989
3 2987 2989 3080
3 3051 2987 3080
3 2989 2988 3131
3 2988 2990 3116
3 2988 3116 3131
3 3080 2989 3095
3 3095 2989 3141
3 2989 3131 3141
3 2990 2991 3120
3 3116 2990 3120
3 2991 2992 2993
3 2991 2993 3143
3 3120 2991 3143
3 2993 2992 3089
3 2992 3069 3073
3 2992 3073 3089
3 3086 2993 3089
3 2993 3086 3150
3 3143 2993 3150
3 2995 2994 2996
3 2996 2994 3062
3 2995 2996 2997
3 2995 2997 3086
3 2995 3086 3089
3 2997 2996 2998
3 2998 2996 3085
3 2996 3062 3085
3 2997 2998 3124
3 3086 2997 3122
3 3122 2997 3124
3 2998 3085 3106
3 2998 3106 3136
3 3124 2998 3136
3 2999 3070 3139
3 2999 3139 3140
3 3000 3001 3003
3 3000 3003 3060
3 3001 3002 3004
3 3003 3001 3006
3 3001 3004 3006
3 3004 3002 3005
3 3005 3002 3084
3 3002 3067 3084
3 3003 3006 3007
3 3003 3007 3087
3 3060 3003 3087
3 3004 3005 3128
3 3006 3004 3112
3 3112 3004 3128
3 3005 3084 3107
3 3005 3107 3135
3 3128 3005 3135
3 3007 3006 3126
3 3006 3112 3126
3 3087 3007 3093
3 3093 3007 3138
3 3007 3126 3138
3 3141 3008 3146
3 3009 3010 3012
3 3009 3012 3058
3 3010 3011 3013
3 3012 3010 3015
3 3010 3013 3015
3 3013 3011 3014
3 3014 3011 3079
3 3011 3059 3079
3 3012 3015 3016
3 3012 3016 3081
3 3058 3012 3081
3 3013 3014 3129
3 3015 3013 3017
3 3017 3013 3129
3 3014 3079 3093
3 3014 3093 3137
3 3129 3014 3137
3 3016 3015 3130
3 3015 3017 3130
3 3081 3016 3096
3 3096 3016 3142
3 3016 3130 3142
3 3104 3017 3129
3 3017 3105 3130
3 3019 3018 3082
3 3019 3022 3107
3 3022 3019 3118
3 3019 3082 3118
3 3084 3019 3107
3 3021 3020 3022
3 3022 3020 3065
3 3021 3022 3118
3 3021 3082 3106
3 3082 3021 3118
3 3085 3021 3106
3 3022 3065 3135
3 3107 3022 3135
3 3068 3023 3138
3 3023 3137 3138
3 3024 3025 3032
3 3025 3026 3027
3 3025 3027 3028
3 3025 3028 3032
3 3027 3026 3029
3 3029 3026 3030
3 3030 3026 3048
3 3028 3027 3115
3 3027 3029 3127
3 3115 3027 3127
3 3032 3028 3102
3 3028 3045 3102
3 3045 3028 3115
3 3029 3030 3031
3 3029 3031 3134
3 3127 3029 3134
3 3031 3030 3083
3 3030 3048 3077
3 3030 3077 3083
3 3031 3083 3097
3 3031 3097 3147
3 3134 3031 3147
3 3033 3034 3041
3 3034 3035 3036
3 3034 3036 3040
3 3034 3040 3041
3 3036 3035 3037
3 3037 3035 3038
3 3038 3035 3055
3 3036 3037 3125
3 3040 3036 3114
3 3114 3036 3125
3 3037 3038 3039
3 3037 3039 3133
3 3125 3037 3133
3 3039 3038 3091
3 3038 3055 3076
3 3038 3076 3091
3 3039 3091 3096
3 3039 3096 3148
3 3133 3039 3148
3 3041 3040 3043
3 3043 3040 3119
3 3040 3114 3119
3 3042 3041 3043
3 3042 3043 3044
3 3042 3044 3092
3 3075 3042 3092
3 3044 3043 3149
3 3043 3119 3149
3 3092 3044 3097
3 3097 3044 3145
3 3145 3044 3149
3 3116 3046 3131
3 3047 3114 3125
3 3053 3049 3148
3 3049 3133 3148
3 3050 3112 3128
3 3145 3052 3147
3 3142 3053 3148
3 3054 3127 3134
3 3119 3056 3149
3 3122 3057 3150
3 3063 3121 3144
3 3117 3064 3132
3 3066 3124 3136
3 3126 3068 3138
3 3070 3123 3139
3 3071 3120 3143
3 3078 3088 3094
3 3079 3087 3093
3 3090 3080 3095
3 3091 3081 3096
3 3106 3082 3136
3 3083 3092 3097
3 3086 3122 3150
3 3137 3093 3138
3 3139 3094 3140
3 3095 3141 3146
3 3096 3142 3148
3 3097 3145 3147
3 452 3151 8
3 8 3151 453
3 9 3154 452
3 455 3154 9
3 453 3153 10
3 10 3153 454
3 454 3152 11
3 11 3152 455
3 452 3154 3151
3 3151 3153 453
3 454 3153 3152
3 3152 3154 455
3 3152 3153 3151
3 3151 3154 3152
3 8 3157 452
3 458 3157 8
3 452 3155 9
3 9 3155 456
3 456 3158 12
3 12 3158 457
3 457 3156 13
3 13 3156 458
3 452 3157 3155
3 3155 3158 456
3 457 3158 3156
3 3156 3157 458
3 3157 3158 3155
3 3156 3158 3157
3 8 453 3160
3 458 8 3160
3 453 10 3159
3 10 459 3159
3 13 458 3161
3 460 13 3161
3 459 14 3162
3 14 460 3162
3 453 3159 3160
3 458 3160 3161
3 3159 459 3162
3 460 3161 3162
3 3160 3159 3161
3 3161 3159 3162
3 10 454 3165
3 459 10 3165
3 454 11 3163
3 11 461 3163
3 14 459 3164
3 462 14 3164
3 461 15 3166
3 15 462 3166
3 454 3163 3165
3 3164 459 3165
3 3163 461 3166
3 462 3164 3166
3 3165 3163 3166
3 3164 3165 3166
3 9 3168 455
3 456 3168 9
3 455 3167 11
3 11 3167 461
3 12 3169 456
3 463 3169 12
3 461 3170 15
3 15 3170 463
3 455 3168 3167
3 456 3169 3168
3 3167 3170 461
3 463 3170 3169
3 3168 3169 3167
3 3169 3170 3167
3 12 457 3174
3 463 12 3174
3 457 13 3171
3 13 460 3171
3 460 14 3173
3 14 462 3173
3 462 15 3172
3 15 463 3172
3 457 3171 3174
3 3171 460 3173
3 462 3172 3173
3 3172 463 3174
3 3172 3171 3173
3 3171 3172 3174
3 464 3177 16
3 16 3177 465
3 17 3178 464
3 467 3178 17
3 465 3175 18
3 18 3175 466
3 466 3176 19
3 19 3176 467
3 464 3178 3177
3 465 3177 3175
3 3175 3176 466
3 3176 3178 467
3 3175 3178 3176
3 3177 3178 3175
3 16 3181 464
3 470 3181 16
3 464 3179 17
3 17 3179 468
3 468 3180 20
3 20 3180 469
3 469 3182 21
3 21 3182 470
3 464 3181 3179
3 3179 3180 468
3 3180 3182 469
3 470 3182 3181
3 3179 3182 3180
3 3181 3182 3179
3 16 465 3184
3 470 16 3184
3 465 18 3186
3 18 471 3186
3 21 470 3185
3 472 21 3185
3 471 22 3183
3 22 472 3183
3 3184 465 3186
3 470 3184 3185
3 471 3183 3186
3 3183 472 3185
3 3184 3183 3185
3 3183 3184 3186
3 18 466 3188
3 471 18 3188
3 466 19 3187
3 19 473 3187
3 22 471 3189
3 474 22 3189
3 473 23 3190
3 23 474 3190
3 466 3187 3188
3 471 3188 3189
3 3187 473 3190
3 474 3189 3190
3 3188 3187 3189
3 3189 3187 3190
3 17 3193 467
3 468 3193 17
3 467 3191 19
3 19 3191 473
3 20 3194 468
3 475 3194 20
3 473 3192 23
3 23 3192 475
3 467 3193 3191
3 468 3194 3193
3 3191 3192 473
3 3192 3194 475
3 3191 3193 3192
3 3193 3194 3192
3 20 469 3197
3 475 20 3197
3 469 21 3198
3 21 472 3198
3 472 22 3195
3 22 474 3195
3 474 23 3196
3 23 475 3196
3 3197 469 3198
3 472 3195 3198
3 3195 474 3196
3 3196 475 3197
3 3195 3196 3198
3 3196 3197 3198
3 476 3200 24
3 24 3200 477
3 25 3199 476
3 479 3199 25
3 477 3201 26
3 26 3201 478
3 478 479 27
3 3199 3200 476
3 3200 3201 477
3 478 3199 479
3 478 3201 3199
3 3199 3201 3200
3 24 3205 476
3 482 3205 24
3 476 3202 25
3 25 3202 480
3 480 3203 28
3 28 3203 481
3 481 3204 29
3 29 3204 482
3 476 3205 3202
3 3202 3203 480
3 3203 3204 481
3 3204 3205 482
3 3202 3205 3203
3 3203 3205 3204
3 24 477 3209
3 482 24 3209
3 477 26 3206
3 26 483 3206
3 29 482 3207
3 484 29 3207
3 483 30 3208
3 30 484 3208
3 477 3206 3209
3 3207 482 3209
3 3206 483 3208
3 484 3207 3208
3 3206 3208 3209
3 3208 3207 3209
3 26 478 3213
3 483 26 3213
3 478 27 3210
3 27 485 3210
3 30 483 3211
3 486 30 3211
3 485 31 3212
3 31 486 3212
3 478 3210 3213
3 3211 483 3213
3 3210 485 3212
3 486 3211 3212
3 3210 3212 3213
3 3212 3211 3213
3 25 3216 479
3 480 3216 25
3 479 3214 27
3 27 3214 485
3 487 480 28
3 485 3215 31
3 31 3215 487
3 479 3216 3214
3 487 3216 480
3 3214 3215 485
3 3215 3216 487
3 3214 3216 3215
3 28 481 3218
3 487 28 3218
3 481 29 3219
3 29 484 3219
3 484 30 3220
3 30 486 3220
3 486 31 3217
3 31 487 3217
3 3218 481 3219
3 3219 484 3220
3 486 3217 3220
3 3217 487 3218
3 3217 3218 3219
3 3217 3219 3220
3 488 3223 32
3 32 3223 489
3 33 3221 488
3 491 3221 33
3 489 3224 34
3 34 3224 490
3 490 3222 35
3 35 3222 491
3 3221 3223 488
3 3223 3224 489
3 490 3224 3222
3 491 3222 3221
3 3222 3223 3221
3 3222 3224 3223
3 32 3227 488
3 494 3227 32
3 488 3226 33
3 33 3226 492
3 492 3225 36
3 36 3225 493
3 493 3228 37
3 37 3228 494
3 488 3227 3226
3 492 3226 3225
3 3225 3228 493
3 494 3228 3227
3 3226 3227 3225
3 3227 3228 3225
3 32 489 3229
3 494 32 3229
3 489 34 3232
3 34 495 3232
3 37 494 3231
3 496 37 3231
3 495 38 3230
3 38 496 3230
3 3229 489 3232
3 494 3229 3231
3 495 3230 3232
3 3230 496 3231
3 3231 3229 3232
3 3230 3231 3232
3 34 490 3235
3 495 34 3235
3 490 35 3234
3 35 497 3234
3 38 495 3236
3 498 38 3236
3 497 39 3233
3 39 498 3233
3 490 3234 3235
3 495 3235 3236
3 497 3233 3234
3 3233 498 3236
3 3234 3233 3235
3 3235 3233 3236
3 33 3237 491
3 492 3237 33
3 491 3240 35
3 35 3240 497
3 36 3239 492
3 499 3239 36
3 497 3238 39
3 39 3238 499
3 3237 3240 491
3 492 3239 3237
3 497 3240 3238
3 3238 3239 499
3 3239 3240 3237
3 3238 3240 3239
3 36 493 3241
3 499 36 3241
3 493 37 3243
3 37 496 3243
3 496 38 3244
3 38 498 3244
3 498 39 3242
3 39 499 3242
3 3241 493 3243
3 3243 496 3244
3 498 3242 3244
3 499 3241 3242
3 3242 3241 3243
3 3242 3243 3244
3 500 3247 40
3 40 3247 501
3 41 3245 500
3 503 3245 41
3 501 3248 42
3 42 3248 502
3 502 3246 43
3 43 3246 503
3 3245 3247 500
3 3247 3248 501
3 502 3248 3246
3 503 3246 3245
3 3246 3247 3245
3 3246 3248 3247
3 40 3252 500
3 506 3252 40
3 500 3249 41
3 41 3249 504
3 504 3250 44
3 44 3250 505
3 505 3251 45
3 45 3251 506
3 500 3252 3249
3 3249 3250 504
3 3250 3251 505
3 3251 3252 506
3 3249 3252 3250
3 3250 3252 3251
3 40 501 3254
3 506 40 3254
3 501 42 3253
3 42 507 3253
3 45 506 3256
3 508 45 3256
3 507 46 3255
3 46 508 3255
3 501 3253 3254
3 506 3254 3256
3 3253 507 3255
3 3255 508 3256
3 3254 3253 3256
3 3253 3255 3256
3 42 502 3259
3 507 42 3259
3 502 43 3257
3 43 509 3257
3 46 507 3260
3 510 46 3260
3 509 47 3258
3 47 510 3258
3 502 3257 3259
3 507 3259 3260
3 3257 509 3258
3 3258 510 3260
3 3257 3258 3259
3 3259 3258 3260
3 41 3261 503
3 504 3261 41
3 503 3262 43
3 43 3262 509
3 44 3263 504
3 511 3263 44
3 509 3264 47
3 47 3264 511
3 3261 3262 503
3 504 3263 3261
3 3262 3264 509
3 511 3264 3263
3 3261 3263 3262
3 3263 3264 3262
3 44 505 3265
3 511 44 3265
3 505 45 3267
3 45 508 3267
3 508 46 3268
3 46 510 3268
3 510 47 3266
3 47 511 3266
3 3265 505 3267
3 3267 508 3268
3 510 3266 3268
3 511 3265 3266
3 3266 3265 3267
3 3266 3267 3268
3 512 3270 48
3 48 3270 513
3 49 3271 512
3 515 3271 49
3 513 3272 50
3 50 3272 514
3 514 3269 51
3 51 3269 515
3 512 3271 3270
3 3270 3272 513
3 514 3272 3269
3 3269 3271 515
3 3270 3271 3269
3 3269 3272 3270
3 48 3275 512
3 518 3275 48
3 512 3273 49
3 49 3273 516
3 516 3274 52
3 52 3274 517
3 517 3276 53
3 53 3276 518
3 512 3275 3273
3 3273 3274 516
3 3274 3276 517
3 518 3276 3275
3 3273 3275 3274
3 3275 3276 3274
3 48 513 3277
3 518 48 3277
3 513 50 3278
3 50 519 3278
3 53 518 3279
3 520 53 3279
3 519 54 3280
3 54 520 3280
3 3277 513 3278
3 518 3277 3279
3 3278 519 3280
3 520 3279 3280
3 3277 3278 3279
3 3279 3278 3280
3 50 514 3283
3 519 50 3283
3 514 51 3281
3 51 521 3281
3 54 519 3284
3 522 54 3284
3 521 55 3282
3 55 522 3282
3 514 3281 3283
3 519 3283 3284
3 3281 521 3282
3 3282 522 3284
3 3281 3282 3283
3 3283 3282 3284
3 49 3285 515
3 516 3285 49
3 515 3286 51
3 51 3286 521
3 52 3287 516
3 523 3287 52
3 521 3288 55
3 55 3288 523
3 3285 3286 515
3 516 3287 3285
3 3286 3288 521
3 523 3288 3287
3 3285 3288 3286
3 3287 3288 3285
3 52 517 3290
3 523 52 3290
3 517 53 3291
3 53 520 3291
3 520 54 3292
3 54 522 3292
3 522 55 3289
3 55 523 3289
3 3290 517 3291
3 3291 520 3292
3 522 3289 3292
3 3289 523 3290
3 3289 3290 3291
3 3289 3291 3292
3 524 3295 56
3 56 3295 525
3 57 3293 524
3 527 3293 57
3 525 3296 58
3 58 3296 526
3 526 3294 59
3 59 3294 527
3 3293 3295 524
3 3295 3296 525
3 526 3296 3294
3 527 3294 3293
3 3294 3295 3293
3 3294 3296 3295
3 56 3300 524
3 530 3300 56
3 524 3297 57
3 57 3297 528
3 528 3298 60
3 60 3298 529
3 529 3299 61
3 61 3299 530
3 524 3300 3297
3 3297 3298 528
3 3298 3299 529
3 3299 3300 530
3 3297 3300 3298
3 3298 3300 3299
3 56 525 3304
3 530 56 3304
3 525 58 3301
3 58 531 3301
3 61 530 3302
3 532 61 3302
3 531 62 3303
3 62 532 3303
3 525 3301 3304
3 3302 530 3304
3 3301 531 3303
3 532 3302 3303
3 3301 3303 3304
3 3303 3302 3304
3 58 526 3307
3 531 58 3307
3 526 59 3305
3 59 533 3305
3 534 62 531
3 533 63 3306
3 63 534 3306
3 526 3305 3307
3 534 531 3306
3 3306 531 3307
3 3305 533 3306
3 3305 3306 3307
3 57 3311 527
3 528 3311 57
3 527 3308 59
3 59 3308 533
3 60 3309 528
3 535 3309 60
3 533 3310 63
3 63 3310 535
3 527 3311 3308
3 3309 3311 528
3 3308 3310 533
3 535 3310 3309
3 3308 3311 3310
3 3310 3311 3309
3 60 529 3313
3 535 60 3313
3 529 61 3314
3 61 532 3314
3 532 62 3315
3 62 534 3315
3 534 63 3312
3 63 535 3312
3 3313 529 3314
3 3314 532 3315
3 534 3312 3315
3 3312 535 3313
3 3312 3313 3314
3 3312 3314 3315
3 536 3317 64
3 64 3317 537
3 65 3318 536
3 539 3318 65
3 537 3319 66
3 66 3319 538
3 538 3316 67
3 67 3316 539
3 536 3318 3317
3 3317 3319 537
3 538 3319 3316
3 3316 3318 539
3 3317 3318 3316
3 3316 3319 3317
3 64 3322 536
3 542 3322 64
3 536 3320 65
3 65 3320 540
3 540 3321 68
3 68 3321 541
3 541 3323 69
3 69 3323 542
3 536 3322 3320
3 3320 3321 540
3 3321 3323 541
3 542 3323 3322
3 3320 3323 3321
3 3322 3323 3320
3 64 537 3324
3 542 64 3324
3 537 66 3325
3 66 543 3325
3 69 542 3326
3 544 69 3326
3 543 70 3327
3 70 544 3327
3 3324 537 3325
3 542 3324 3326
3 3325 543 3327
3 544 3326 3327
3 3324 3325 3326
3 3326 3325 3327
3 66 538 3330
3 543 66 3330
3 538 67 3328
3 67 545 3328
3 70 543 3331
3 546 70 3331
3 545 71 3329
3 71 546 3329
3 538 3328 3330
3 543 3330 3331
3 3328 545 3329
3 3329 546 3331
3 3328 3329 3331
3 3330 3328 3331
3 65 3332 539
3 540 3332 65
3 539 3333 67
3 67 3333 545
3 68 3334 540
3 547 3334 68
3 545 3335 71
3 71 3335 547
3 3332 3333 539
3 540 3334 3332
3 3333 3335 545
3 547 3335 3334
3 3332 3334 3333
3 3334 3335 3333
3 68 541 3337
3 547 68 3337
3 541 69 3338
3 69 544 3338
3 544 70 3339
3 70 546 3339
3 546 71 3336
3 71 547 3336
3 3337 541 3338
3 3338 544 3339
3 546 3336 3339
3 3336 547 3337
3 3336 3337 3338
3 3336 3338 3339
3 548 3341 72
3 72 3341 549
3 73 3343 548
3 551 3343 73
3 549 3342 74
3 74 3342 550
3 550 3340 75
3 75 3340 551
3 548 3343 3341
3 3341 3342 549
3 550 3342 3340
3 3340 3343 551
3 3340 3342 3341
3 3341 3343 3340
3 72 3347 548
3 554 3347 72
3 548 3346 73
3 73 3346 552
3 552 3344 76
3 76 3344 553
3 553 3345 77
3 77 3345 554
3 548 3347 3346
3 552 3346 3344
3 3344 3345 553
3 3345 3347 554
3 3344 3346 3345
3 3346 3347 3345
3 72 549 3349
3 554 72 3349
3 549 74 3350
3 74 555 3350
3 77 554 3351
3 556 77 3351
3 555 78 3348
3 78 556 3348
3 3349 549 3350
3 554 3349 3351
3 555 3348 3350
3 3348 556 3351
3 3350 3348 3351
3 3349 3350 3351
3 74 550 3355
3 555 74 3355
3 550 75 3354
3 75 557 3354
3 78 555 3352
3 558 78 3352
3 557 79 3353
3 79 558 3353
3 550 3354 3355
3 3352 555 3355
3 557 3353 3354
3 558 3352 3353
3 3353 3352 3355
3 3354 3353 3355
3 73 3357 551
3 552 3357 73
3 551 3358 75
3 75 3358 557
3 76 3359 552
3 559 3359 76
3 557 3356 79
3 79 3356 559
3 3357 3358 551
3 552 3359 3357
3 557 3358 3356
3 3356 3359 559
3 3358 3359 3356
3 3357 3359 3358
3 76 553 3362
3 559 76 3362
3 553 77 3360
3 77 556 3360
3 556 78 3361
3 78 558 3361
3 558 79 3363
3 79 559 3363
3 553 3360 3362
3 3360 556 3361
3 3361 558 3363
3 559 3362 3363
3 3360 3361 3362
3 3362 3361 3363
3 560 3365 80
3 80 3365 561
3 81 3364 560
3 563 3364 81
3 561 3366 82
3 82 3366 562
3 562 3367 83
3 83 3367 563
3 3364 3365 560
3 3365 3366 561
3 3366 3367 562
3 563 3367 3364
3 3364 3367 3365
3 3365 3367 3366
3 80 3370 560
3 566 3370 80
3 560 3368 81
3 81 3368 564
3 564 3369 84
3 84 3369 565
3 565 3371 85
3 85 3371 566
3 560 3370 3368
3 3368 3369 564
3 3369 3371 565
3 566 3371 3370
3 3368 3371 3369
3 3370 3371 3368
3 80 561 3372
3 566 80 3372
3 561 82 3374
3 82 567 3374
3 85 566 3373
3 568 85 3373
3 567 86 3375
3 86 568 3375
3 3372 561 3374
3 566 3372 3373
3 3374 567 3375
3 568 3373 3375
3 3373 3372 3374
3 3373 3374 3375
3 82 562 3378
3 567 82 3378
3 562 83 3376
3 83 569 3376
3 86 567 3379
3 570 86 3379
3 569 87 3377
3 87 570 3377
3 562 3376 3378
3 567 3378 3379
3 3376 569 3377
3 3377 570 3379
3 3376 3377 3379
3 3378 3376 3379
3 81 3380 563
3 564 3380 81
3 563 3381 83
3 83 3381 569
3 84 3382 564
3 571 3382 84
3 569 3383 87
3 87 3383 571
3 3380 3381 563
3 564 3382 3380
3 3381 3383 569
3 571 3383 3382
3 3380 3382 3381
3 3382 3383 3381
3 84 565 3384
3 571 84 3384
3 565 85 3386
3 85 568 3386
3 568 86 3387
3 86 570 3387
3 570 87 3385
3 87 571 3385
3 3384 565 3386
3 3386 568 3387
3 570 3385 3387
3 571 3384 3385
3 3385 3384 3386
3 3385 3386 3387
3 572 3390 88
3 88 3390 573
3 89 3388 572
3 575 3388 89
3 573 3391 90
3 90 3391 574
3 574 3389 91
3 91 3389 575
3 3388 3390 572
3 3390 3391 573
3 574 3391 3389
3 575 3389 3388
3 3389 3390 3388
3 3389 3391 3390
3 88 3392 572
3 578 3392 88
3 572 3394 89
3 89 3394 576
3 576 3393 92
3 92 3393 577
3 577 3395 93
3 93 3395 578
3 3392 3394 572
3 576 3394 3393
3 3393 3395 577
3 578 3395 3392
3 3392 3395 3394
3 3394 3395 3393
3 88 573 3396
3 578 88 3396
3 573 90 3398
3 90 579 3398
3 93 578 3399
3 580 93 3399
3 579 94 3397
3 94 580 3397
3 3396 573 3398
3 578 3396 3399
3 579 3397 3398
3 3397 580 3399
3 3396 3398 3399
3 3398 3397 3399
3 90 574 3400
3 579 90 3400
3 574 91 3402
3 91 581 3402
3 94 579 3403
3 582 94 3403
3 581 95 3401
3 95 582 3401
3 3400 574 3402
3 579 3400 3403
3 581 3401 3402
3 3401 582 3403
3 3400 3402 3403
3 3402 3401 3403
3 89 3404 575
3 576 3404 89
3 575 3407 91
3 91 3407 581
3 92 3405 576
3 583 3405 92
3 581 3406 95
3 95 3406 583
3 3404 3407 575
3 576 3405 3404
3 581 3407 3406
3 583 3406 3405
3 3405 3406 3404
3 3406 3407 3404
3 92 577 3408
3 583 92 3408
3 577 93 3410
3 93 580 3410
3 580 94 3411
3 94 582 3411
3 582 95 3409
3 95 583 3409
3 3408 577 3410
3 3410 580 3411
3 582 3409 3411
3 583 3408 3409
3 3409 3408 3410
3 3409 3410 3411
3 584 3413 96
3 96 3413 585
3 97 3415 584
3 587 3415 97
3 585 3414 98
3 98 3414 586
3 586 3412 99
3 99 3412 587
3 584 3415 3413
3 3413 3414 585
3 586 3414 3412
3 3412 3415 587
3 3412 3414 3413
3 3413 3415 3412
3 96 3416 584
3 590 3416 96
3 584 3419 97
3 97 3419 588
3 588 3417 100
3 100 3417 589
3 589 3418 101
3 101 3418 590
3 3416 3419 584
3 588 3419 3417
3 3417 3418 589
3 590 3418 3416
3 3418 3419 3416
3 3417 3419 3418
3 96 585 3421
3 590 96 3421
3 585 98 3423
3 98 591 3423
3 101 590 3420
3 592 101 3420
3 591 102 3422
3 102 592 3422
3 3421 585 3423
3 3420 590 3421
3 591 3422 3423
3 592 3420 3422
3 3420 3421 3422
3 3422 3421 3423
3 98 586 3425
3 591 98 3425
3 586 99 3426
3 99 593 3426
3 102 591 3427
3 594 102 3427
3 593 103 3424
3 103 594 3424
3 3425 586 3426
3 591 3425 3427
3 593 3424 3426
3 3424 594 3427
3 3426 3424 3427
3 3425 3426 3427
3 97 3428 587
3 588 3428 97
3 587 3431 99
3 99 3431 593
3 100 3430 588
3 595 3430 100
3 593 3429 103
3 103 3429 595
3 3428 3431 587
3 588 3430 3428
3 593 3431 3429
3 3429 3430 595
3 3430 3431 3428
3 3429 3431 3430
3 100 589 3434
3 595 100 3434
3 589 101 3432
3 101 592 3432
3 592 102 3433
3 102 594 3433
3 594 103 3435
3 103 595 3435
3 589 3432 3434
3 3432 592 3433
3 3433 594 3435
3 595 3434 3435
3 3432 3433 3434
3 3434 3433 3435
3 596 3438 104
3 104 3438 597
3 105 3436 596
3 599 3436 105
3 597 3439 106
3 106 3439 598
3 598 3437 107
3 107 3437 599
3 3436 3438 596
3 3438 3439 597
3 598 3439 3437
3 599 3437 3436
3 3437 3438 3436
3 3437 3439 3438
3 104 3442 596
3 602 3442 104
3 596 3440 105
3 105 3440 600
3 600 3441 108
3 108 3441 601
3 601 3443 109
3 109 3443 602
3 596 3442 3440
3 3440 3441 600
3 3441 3443 601
3 602 3443 3442
3 3440 3443 3441
3 3442 3443 3440
3 104 597 3447
3 602 104 3447
3 597 106 3445
3 106 603 3445
3 109 602 3444
3 604 109 3444
3 603 110 3446
3 110 604 3446
3 597 3445 3447
3 3444 602 3447
3 3445 603 3446
3 604 3444 3446
3 3446 3444 3447
3 3445 3446 3447
3 106 598 3450
3 603 106 3450
3 598 107 3448
3 107 605 3448
3 110 603 3451
3 606 110 3451
3 605 111 3449
3 111 606 3449
3 598 3448 3450
3 603 3450 3451
3 3448 605 3449
3 3449 606 3451
3 3448 3449 3451
3 3450 3448 3451
3 105 3455 599
3 600 3455 105
3 599 3453 107
3 107 3453 605
3 108 3452 600
3 607 3452 108
3 605 3454 111
3 111 3454 607
3 599 3455 3453
3 3452 3455 600
3 3453 3454 605
3 607 3454 3452
3 3454 3455 3452
3 3453 3455 3454
3 108 601 3456
3 607 108 3456
3 601 109 3458
3 109 604 3458
3 604 110 3459
3 110 606 3459
3 606 111 3457
3 111 607 3457
3 3456 601 3458
3 3458 604 3459
3 606 3457 3459
3 607 3456 3457
3 3457 3456 3458
3 3457 3458 3459
3 608 3462 112
3 112 3462 609
3 113 3460 608
3 611 3460 113
3 609 3463 114
3 114 3463 610
3 610 3461 115
3 115 3461 611
3 3460 3462 608
3 3462 3463 609
3 610 3463 3461
3 611 3461 3460
3 3461 3462 3460
3 3461 3463 3462
3 112 3464 608
3 614 3464 112
3 608 3467 113
3 113 3467 612
3 612 3465 116
3 116 3465 613
3 613 3466 117
3 117 3466 614
3 3464 3467 608
3 612 3467 3465
3 3465 3466 613
3 614 3466 3464
3 3464 3466 3465
3 3465 3467 3464
3 112 609 3468
3 614 112 3468
3 609 114 3471
3 114 615 3471
3 117 614 3469
3 616 117 3469
3 615 118 3470
3 118 616 3470
3 3468 609 3471
3 614 3468 3469
3 615 3470 3471
3 616 3469 3470
3 3469 3468 3471
3 3470 3469 3471
3 114 610 3472
3 615 114 3472
3 610 115 3475
3 115 617 3475
3 118 615 3473
3 618 118 3473
3 617 119 3474
3 119 618 3474
3 3472 610 3475
3 615 3472 3473
3 617 3474 3475
3 618 3473 3474
3 3473 3472 3474
3 3474 3472 3475
3 113 3476 611
3 612 3476 113
3 611 3479 115
3 115 3479 617
3 116 3477 612
3 619 3477 116
3 617 3478 119
3 119 3478 619
3 3476 3479 611
3 612 3477 3476
3 617 3479 3478
3 619 3478 3477
3 3477 3479 3476
3 3478 3479 3477
3 116 613 3480
3 619 116 3480
3 613 117 3482
3 117 616 3482
3 616 118 3483
3 118 618 3483
3 618 119 3481
3 119 619 3481
3 3480 613 3482
3 3482 616 3483
3 618 3481 3483
3 619 3480 3481
3 3481 3480 3482
3 3481 3482 3483
3 620 3485 120
3 120 3485 621
3 121 3486 620
3 623 3486 121
3 621 3487 122
3 122 3487 622
3 622 3484 123
3 123 3484 623
3 620 3486 3485
3 3485 3487 621
3 622 3487 3484
3 3484 3486 623
3 3485 3486 3484
3 3484 3487 3485
3 120 3488 620
3 626 3488 120
3 620 3490 121
3 121 3490 624
3 624 3489 124
3 124 3489 625
3 625 3491 125
3 125 3491 626
3 3488 3490 620
3 624 3490 3489
3 3489 3491 625
3 626 3491 3488
3 3488 3491 3490
3 3490 3491 3489
3 120 621 3492
3 626 120 3492
3 621 122 3493
3 122 627 3493
3 125 626 3495
3 628 125 3495
3 627 126 3494
3 126 628 3494
3 3492 621 3493
3 626 3492 3495
3 3493 627 3494
3 3494 628 3495
3 3492 3493 3494
3 3492 3494 3495
3 122 622 3497
3 627 122 3497
3 622 123 3499
3 123 629 3499
3 126 627 3498
3 630 126 3498
3 629 127 3496
3 127 630 3496
3 3497 622 3499
3 627 3497 3498
3 629 3496 3499
3 3496 630 3498
3 3497 3496 3498
3 3496 3497 3499
3 121 3500 623
3 624 3500 121
3 623 3501 123
3 123 3501 629
3 124 3502 624
3 631 3502 124
3 629 3503 127
3 127 3503 631
3 3500 3501 623
3 624 3502 3500
3 3501 3503 629
3 631 3503 3502
3 3500 3503 3501
3 3502 3503 3500
3 124 625 3504
3 631 124 3504
3 625 125 3505
3 125 628 3505
3 628 126 3506
3 126 630 3506
3 630 127 631
3 3504 625 3505
3 3505 628 3506
3 630 631 3504
3 630 3504 3506
3 3504 3505 3506
3 632 3508 128
3 128 3508 633
3 129 3507 632
3 635 3507 129
3 633 3509 130
3 130 3509 634
3 634 635 131
3 3507 3508 632
3 3508 3509 633
3 634 3507 635
3 634 3509 3507
3 3507 3509 3508
3 128 3511 632
3 638 3511 128
3 632 3510 129
3 129 3510 636
3 636 3513 132
3 132 3513 637
3 637 3512 133
3 133 3512 638
3 632 3511 3510
3 3510 3513 636
3 637 3513 3512
3 638 3512 3511
3 3511 3512 3510
3 3512 3513 3510
3 128 633 3514
3 638 128 3514
3 633 130 3515
3 130 639 3515
3 133 638 3516
3 640 133 3516
3 639 134 3517
3 134 640 3517
3 3514 633 3515
3 638 3514 3516
3 3515 639 3517
3 640 3516 3517
3 3514 3515 3516
3 3516 3515 3517
3 130 634 3520
3 639 130 3520
3 634 131 3518
3 131 641 3518
3 134 639 3521
3 642 134 3521
3 641 135 3519
3 135 642 3519
3 634 3518 3520
3 639 3520 3521
3 3518 641 3519
3 3519 642 3521
3 3518 3519 3520
3 3520 3519 3521
3 129 3522 635
3 636 3522 129
3 635 3523 131
3 131 3523 641
3 132 3524 636
3 643 3524 132
3 641 3525 135
3 135 3525 643
3 3522 3523 635
3 636 3524 3522
3 3523 3525 641
3 643 3525 3524
3 3522 3525 3523
3 3524 3525 3522
3 132 637 3527
3 643 132 3527
3 637 133 3528
3 133 640 3528
3 640 134 3529
3 134 642 3529
3 642 135 3526
3 135 643 3526
3 3527 637 3528
3 3528 640 3529
3 642 3526 3529
3 3526 643 3527
3 3526 3527 3528
3 3526 3528 3529
3 644 3533 136
3 136 3533 645
3 137 3531 644
3 647 3531 137
3 645 3532 138
3 138 3532 646
3 646 3530 139
3 139 3530 647
3 3531 3533 644
3 645 3533 3532
3 646 3532 3530
3 3530 3531 647
3 3530 3532 3531
3 3532 3533 3531
3 136 3535 644
3 650 3535 136
3 644 3534 137
3 137 3534 648
3 648 3536 140
3 140 3536 649
3 649 3537 141
3 141 3537 650
3 644 3535 3534
3 3534 3536 648
3 3536 3537 649
3 650 3537 3535
3 3535 3536 3534
3 3535 3537 3536
3 136 645 3538
3 650 136 3538
3 645 138 3540
3 138 651 3540
3 141 650 3541
3 652 141 3541
3 651 142 3539
3 142 652 3539
3 3538 645 3540
3 650 3538 3541
3 651 3539 3540
3 3539 652 3541
3 3538 3540 3541
3 3540 3539 3541
3 138 646 3543
3 651 138 3543
3 646 139 3542
3 139 653 3542
3 142 651 3544
3 654 142 3544
3 653 143 3545
3 143 654 3545
3 646 3542 3543
3 651 3543 3544
3 3542 653 3545
3 654 3544 3545
3 3543 3542 3544
3 3544 3542 3545
3 137 3546 647
3 648 3546 137
3 647 3548 139
3 139 3548 653
3 140 3549 648
3 655 3549 140
3 653 3547 143
3 143 3547 655
3 3546 3548 647
3 648 3549 3546
3 653 3548 3547
3 3547 3549 655
3 3546 3549 3548
3 3548 3549 3547
3 140 649 3551
3 655 140 3551
3 649 141 3553
3 141 652 3553
3 652 142 3552
3 142 654 3552
3 654 143 3550
3 143 655 3550
3 3551 649 3553
3 652 3552 3553
3 654 3550 3552
3 3550 655 3551
3 3550 3551 3552
3 3552 3551 3553
3 656 3555 144
3 144 3555 657
3 145 3557 656
3 659 3557 145
3 657 3556 146
3 146 3556 658
3 658 3554 147
3 147 3554 659
3 656 3557 3555
3 3555 3556 657
3 658 3556 3554
3 3554 3557 659
3 3554 3556 3555
3 3555 3557 3554
3 144 3561 656
3 662 3561 144
3 656 3558 145
3 145 3558 660
3 660 3559 148
3 148 3559 661
3 661 3560 149
3 149 3560 662
3 656 3561 3558
3 3558 3559 660
3 3559 3560 661
3 3560 3561 662
3 3558 3561 3559
3 3559 3561 3560
3 144 657 3565
3 662 144 3565
3 657 146 3563
3 146 663 3563
3 149 662 3562
3 664 149 3562
3 663 150 3564
3 150 664 3564
3 657 3563 3565
3 3562 662 3565
3 3563 663 3564
3 664 3562 3564
3 3564 3562 3565
3 3563 3564 3565
3 146 658 3568
3 663 146 3568
3 658 147 3566
3 147 665 3566
3 150 663 3569
3 666 150 3569
3 665 151 3567
3 151 666 3567
3 658 3566 3568
3 663 3568 3569
3 3566 665 3567
3 3567 666 3569
3 3566 3567 3569
3 3568 3566 3569
3 145 3572 659
3 660 3572 145
3 659 3573 147
3 147 3573 665
3 148 3570 660
3 667 3570 148
3 665 3571 151
3 151 3571 667
3 3572 3573 659
3 3570 3572 660
3 665 3573 3571
3 667 3571 3570
3 3571 3572 3570
3 3571 3573 3572
3 148 661 3577
3 667 148 3577
3 661 149 3575
3 149 664 3575
3 664 150 3576
3 150 666 3576
3 666 151 3574
3 151 667 3574
3 661 3575 3577
3 3575 664 3576
3 666 3574 3576
3 3574 667 3577
3 3574 3575 3576
3 3575 3574 3577
3 668 3580 152
3 152 3580 669
3 153 3578 668
3 671 3578 153
3 669 3581 154
3 154 3581 670
3 670 3579 155
3 155 3579 671
3 3578 3580 668
3 3580 3581 669
3 670 3581 3579
3 671 3579 3578
3 3579 3580 3578
3 3579 3581 3580
3 152 3583 668
3 674 3583 152
3 668 3582 153
3 153 3582 672
3 672 3585 156
3 156 3585 673
3 673 3584 157
3 157 3584 674
3 668 3583 3582
3 3582 3585 672
3 673 3585 3584
3 674 3584 3583
3 3583 3584 3582
3 3584 3585 3582
3 152 669 3586
3 674 152 3586
3 669 154 3587
3 154 675 3587
3 676 157 674
3 675 158 3588
3 158 676 3588
3 3586 669 3587
3 676 674 3588
3 674 3586 3588
3 3587 675 3588
3 3586 3587 3588
3 154 670 3591
3 675 154 3591
3 670 155 3589
3 155 677 3589
3 158 675 3592
3 678 158 3592
3 677 159 3590
3 159 678 3590
3 670 3589 3591
3 675 3591 3592
3 3589 677 3590
3 3590 678 3592
3 3589 3590 3592
3 3591 3589 3592
3 153 3593 671
3 672 3593 153
3 671 3594 155
3 155 3594 677
3 156 3595 672
3 679 3595 156
3 677 3596 159
3 159 3596 679
3 3593 3594 671
3 672 3595 3593
3 3594 3596 677
3 679 3596 3595
3 3593 3595 3594
3 3595 3596 3594
3 156 673 3597
3 679 156 3597
3 673 157 3599
3 157 676 3599
3 676 158 3600
3 158 678 3600
3 678 159 3598
3 159 679 3598
3 3597 673 3599
3 3599 676 3600
3 678 3598 3600
3 679 3597 3598
3 3598 3597 3600
3 3597 3599 3600
3 680 3603 160
3 160 3603 681
3 161 3601 680
3 683 3601 161
3 681 3604 162
3 162 3604 682
3 682 3602 163
3 163 3602 683
3 3601 3603 680
3 3603 3604 681
3 682 3604 3602
3 683 3602 3601
3 3602 3603 3601
3 3602 3604 3603
3 160 3607 680
3 686 3607 160
3 680 3605 161
3 161 3605 684
3 684 3608 164
3 164 3608 685
3 685 3606 165
3 165 3606 686
3 680 3607 3605
3 3605 3608 684
3 685 3608 3606
3 3606 3607 686
3 3607 3608 3605
3 3606 3608 3607
3 160 681 3611
3 686 160 3611
3 681 162 3609
3 162 687 3609
3 165 686 3610
3 688 165 3610
3 687 166 3612
3 166 688 3612
3 681 3609 3611
3 3610 686 3611
3 3609 687 3612
3 688 3610 3612
3 3609 3610 3611
3 3610 3609 3612
3 162 682 3614
3 687 162 3614
3 682 163 3613
3 163 689 3613
3 166 687 3615
3 690 166 3615
3 689 167 3616
3 167 690 3616
3 682 3613 3614
3 687 3614 3615
3 3613 689 3616
3 690 3615 3616
3 3614 3613 3616
3 3615 3614 3616
3 161 3619 683
3 684 3619 161
3 683 3617 163
3 163 3617 689
3 164 3618 684
3 691 3618 164
3 689 3620 167
3 167 3620 691
3 683 3619 3617
3 3618 3619 684
3 3617 3620 689
3 691 3620 3618
3 3617 3619 3618
3 3618 3620 3617
3 164 685 3622
3 691 164 3622
3 685 165 3623
3 165 688 3623
3 688 166 3624
3 166 690 3624
3 690 167 3621
3 167 691 3621
3 3622 685 3623
3 3623 688 3624
3 690 3621 3624
3 3621 691 3622
3 3621 3622 3623
3 3621 3623 3624
3 692 3628 168
3 168 3628 693
3 169 3625 692
3 695 3625 169
3 693 3626 170
3 170 3626 694
3 694 3627 171
3 171 3627 695
3 3625 3628 692
3 693 3628 3626
3 3626 3627 694
3 695 3627 3625
3 3627 3628 3625
3 3626 3628 3627
3 168 3630 692
3 698 3630 168
3 692 3632 169
3 169 3632 696
3 696 3629 172
3 172 3629 697
3 697 3631 173
3 173 3631 698
3 3630 3632 692
3 696 3632 3629
3 3629 3631 697
3 698 3631 3630
3 3629 3632 3631
3 3631 3632 3630
3 168 693 3635
3 698 168 3635
3 693 170 3633
3 170 699 3633
3 173 698 3634
3 700 173 3634
3 699 174 3636
3 174 700 3636
3 693 3633 3635
3 3634 698 3635
3 3633 699 3636
3 700 3634 3636
3 3635 3633 3636
3 3634 3635 3636
3 170 694 3638
3 699 170 3638
3 694 171 3640
3 171 701 3640
3 174 699 3639
3 702 174 3639
3 701 175 3637
3 175 702 3637
3 3638 694 3640
3 699 3638 3639
3 701 3637 3640
3 3637 702 3639
3 3637 3639 3640
3 3639 3638 3640
3 169 3643 695
3 696 3643 169
3 695 3641 171
3 171 3641 701
3 172 3642 696
3 703 3642 172
3 701 3644 175
3 175 3644 703
3 695 3643 3641
3 3642 3643 696
3 3641 3644 701
3 703 3644 3642
3 3643 3644 3641
3 3642 3644 3643
3 172 697 3645
3 703 172 3645
3 697 173 3648
3 173 700 3648
3 700 174 3646
3 174 702 3646
3 702 175 3647
3 175 703 3647
3 3645 697 3648
3 700 3646 3648
3 3646 702 3647
3 703 3645 3647
3 3647 3645 3648
3 3646 3647 3648
3 704 3650 176
3 176 3650 705
3 177 3651 704
3 707 3651 177
3 705 3652 178
3 178 3652 706
3 706 3649 179
3 179 3649 707
3 704 3651 3650
3 3650 3652 705
3 706 3652 3649
3 3649 3651 707
3 3650 3651 3649
3 3649 3652 3650
3 176 3654 704
3 710 3654 176
3 704 3653 177
3 177 3653 708
3 708 3655 180
3 180 3655 709
3 709 3656 181
3 181 3656 710
3 704 3654 3653
3 3653 3655 708
3 3655 3656 709
3 710 3656 3654
3 3654 3655 3653
3 3654 3656 3655
3 176 705 3659
3 710 176 3659
3 705 178 3657
3 178 711 3657
3 181 710 3658
3 712 181 3658
3 711 182 3660
3 182 712 3660
3 705 3657 3659
3 3658 710 3659
3 3657 711 3660
3 712 3658 3660
3 3657 3658 3659
3 3658 3657 3660
3 178 706 3662
3 711 178 3662
3 706 179 3661
3 179 713 3661
3 182 711 3663
3 714 182 3663
3 713 183 3664
3 183 714 3664
3 706 3661 3662
3 711 3662 3663
3 3661 713 3664
3 714 3663 3664
3 3662 3661 3664
3 3663 3662 3664
3 177 3667 707
3 708 3667 177
3 707 3665 179
3 179 3665 713
3 180 3666 708
3 715 3666 180
3 713 3668 183
3 183 3668 715
3 707 3667 3665
3 3666 3667 708
3 3665 3668 713
3 715 3668 3666
3 3665 3667 3666
3 3666 3668 3665
3 180 709 3670
3 715 180 3670
3 709 181 3671
3 181 712 3671
3 712 182 3672
3 182 714 3672
3 714 183 3669
3 183 715 3669
3 3670 709 3671
3 3671 712 3672
3 714 3669 3672
3 3669 715 3670
3 3669 3670 3671
3 3669 3671 3672
4 4016 4159 3867 4284
4 3792 4464 1807 4470
4 1797 4198 4081 4918
4 1856 4221 3999 5431
4 1911 4060 4155 4625
4 4524 4587 855 5029
4 1856 3999 4221 4658
4 3827 2134 4018 4719
4 1622 4757 4485 5374
4 1797 4081 4198 4921
4 1807 4464 3792 4667
4 108 607 3456 5169
4 3726 4414 3888 4994
4 2223 4419 3800 4652
4 3726 4994 3888 5084
4 1854 5164 4915 5527
4 2871 1046 4128 4151
4 174 2881 3646 702
4 3435 594 3433 4674
4 1807 3792 4470 4667
4 3299 3300 2059 530
4 2927 3059 3079 5063
4 2639 4190 4077 4437
4 2176 4167 3932 4471
4 494 3228 37 2186
4 4159 4284 4016 5349
4 3971 3786 4143 5263
4 1854 4915 4605 5527
4 3708 4284 4159 5349
4 800 4246 4043 4673
4 1854 4111 5164 5527
4 1292 4335 4308 4742
4 2549 2288 4044 4263
4 2223 2224 4419 4652
4 2380 2381 3975 4491
4 4423 5083 3996 5298
4 1856 1836 4221 5431
4 3714 3910 4465 5097
4 3867 4284 4159 5337
4 3525 641 135 4216
4 3708 4159 4284 5337
4 3699 4066 3886 4536
4 43 4048 3888 4103
4 3142 3866 2931 4705
4 3726 4190 4994 5084
4 55 3834 4092 4789
4 4317 1275 4649 4837
4 43 3888 4048 4495
4 55 4092 3834 4699
4 2381 4250 3975 4491
4 55 4699 3834 4789
4 4915 5164 4605 5527
4 1257 4222 3746 4356
4 1641 4304 4451 4473
4 4085 4406 3922 4648
4 800 804 4246 4673
4 1610 4485 4233 5374
4 1726 4334 3816 4415
4 3433 594 102 4674
4 3695 4428 4251 4564
4 2898 3848 4154 4551
4 73 4071 3834 4200
4 4020 4419 2224 4652
4 43 4103 3888 4495
4 3694 3926 3953 4164
4 3823 4428 3695 4564
4 3848 4551 2548 4616
4 3879 4243 2441 5207
4 563 3367 83 5192
4 3922 4648 4406 5173
4 3932 4167 2176 5110
4 1856 4221 1836 4658
4 4295 1780 4752 4880
4 480 4313 28 4651
4 1834 4334 1726 4415
4 4485 4757 1622 5573
4 83 3937 4623 4839
4 3682 4317 4649 4837
4 2345 3914 4001 4544
4 3594 677 3596 4126
4 3726 4190 4414 4994
4 1617 4116 3750 4744
4 1239 4348 3787 5134
4 3111 2922 1021 4254
4 1239 3787 4303 5463
4 4388 4717 2654 4730
4 85 4273 565 4275
4 2817 4881 3917 5006
4 2288 4044 4263 4465
4 108 4256 3998 4666
4 855 2868 4524 5029
4 3791 2512 4258 4657
4 1543 4560 3799 4874
4 1493 4369 1862 4529
4 3971 4300 3786 5263
4 39 4057 3831 4242
4 1239 1666 3787 5463
4 2135 3931 4460 4719
4 3722 4572 4167 5017
4 1257 4356 3746 4745
4 1409 1785 3989 4368
4 3973 4214 2228 4419
4 3821 5037 3702 5171
4 3722 3983 4729 4866
4 1641 4451 4236 4473
4 3699 3886 4068 4536
4 1292 4308 1290 4742
4 3800 3702 5037 5171
4 3861 4388 2654 4730
4 3714 4465 3910 4514
4 3722 4572 5017 5500
4 2512 2181 3791 4258
4 3726 3888 4414 5084
4 4233 4485 3905 5374
4 3680 4776 4074 4782
4 4246 4673 804 4734
4 3722 3983 4866 5506
4 2137 3931 2135 4719
4 3722 4866 4729 5500
4 2640 3789 4077 4637
4 3682 3793 4317 4837
4 3722 4729 3983 5500
4 2227 2228 4214 4419
4 2640 4077 3789 4995
4 2137 2135 3931 4460
4 2227 4214 4283 4419
4 3749 4538 4022 5272
4 3649 179 707 4395
4 1305 4605 1854 4915
4 3996 5113 4423 5298
4 2547 3848 2548 4616
4 1493 4369 4529 5539
4 4308 4335 1292 4463
4 2898 2548 3848 4551
4 3705 4153 4062 5308
4 1855 1305 1854 4915
4 3749 3884 4538 5272
4 4103 3697 4474 5056
4 1855 4605 1305 4915
4 963 4451 4316 5223
4 1620 1617 3750 4744
4 3705 4062 3848 5308
4 955 2012 4165 5114
4 2748 4243 4086 5207
4 3992 4294 2584 4579
4 3598 679 159 3896
4 3771 4059 3949 4207
4 1574 5014 3763 5146
4 1797 4523 4081 4921
4 4086 4243 3879 5207
4 1574 3763 3860 4897
4 1798 3793 1275 4317
4 584 4042 96 4871
4 2363 2365 4323 4923
4 2489 4353 3884 4538
4 3827 4717 4388 4730
4 2365 4855 4323 4923
4 3810 4207 1390 4865
4 2677 4177 4544 5023
4 746 3917 2817 4881
4 3726 4414 4190 5054
4 3693 4648 3922 5173
4 1239 1240 4348 5134
4 1862 4369 4123 4529
4 1305 1854 4605 5527
4 1408 3940 4204 4615
4 2640 4089 3789 4637
4 3947 3987 99 4525
4 1617 3750 4116 4518
4 955 4165 4629 5114
4 3784 4522 3684 4686
4 153 4104 3830 4225
4 3755 5113 3996 5298
4 2817 2077 4881 5006
4 3803 3852 3676 4202
4 2931 3866 3142 4762
4 1277 4202 3803 4617
4 1502 5028 3887 5138
4 1189 4757 1622 5374
4 73 4200 3834 4453
4 163 4530 4563 5218
4 2393 4177 3984 4544
4 1543 1908 4560 4874
4 1797 1385 4081 4523
4 2489 2490 2811 3884
4 1574 3860 3763 5014
4 3867 4316 4451 5223
4 4138 4508 3916 5013
4 2677 4177 2393 4544
4 3998 3884 4155 4553
4 51 3916 4571 4600
4 1158 864 4040 4407
4 3807 3689 4156 4632
4 1970 4141 3048 4195
4 535 60 4374 4482
4 2468 4465 3880 5222
4 1296 4340 4445 4477
4 3827 4018 2134 4730
4 4207 4539 1390 4865
4 4315 4474 3697 5056
4 3874 4251 3695 4428
4 955 4165 1029 4629
4 3694 3926 4164 5385
4 3682 4253 3793 4837
4 2735 4167 3983 4633
4 2543 3886 2182 4184
4 3989 4508 4138 5013
4 55 4092 4015 4789
4 2313 2724 3973 4614
4 99 3987 3947 4924
4 1261 4285 4268 4518
4 3150 4406 4085 5571
4 1861 4480 3778 5015
4 2226 4247 3973 4419
4 3677 3947 4860 4924
4 3677 4287 3947 4924
4 3718 4219 3920 5470
4 3823 3874 3695 4428
4 3786 4300 3971 5163
4 1402 4319 4146 4537
4 1409 1785 1348 3989
4 3705 4062 4153 4671
4 3832 4781 4315 4984
4 515 4094 49 5052
4 4096 901 4715 4881
4 1911 4155 4060 4553
4 153 4225 3830 4512
4 3897 4156 2189 4554
4 3832 4315 4277 4984
4 2862 4024 3849 4610
4 1261 4285 4518 4628
4 23 475 3192 4215
4 1837 4744 4537 5107
4 3059 4927 3079 5063
4 4485 4757 4411 5374
4 893 4246 2888 4354
4 1116 4098 1105 4768
4 2698 2134 3827 4719
4 67 4184 4068 4255
4 83 3937 4839 5192
4 1840 4963 5035 5072
4 1038 4098 1116 4259
4 1203 4248 1204 4362
4 4022 4060 3749 5272
4 1840 5035 1645 5072
4 3689 3807 4308 4632
4 3920 4219 4216 5470
4 3781 2306 4235 4429
4 2700 2447 3780 4246
4 67 4068 4184 4591
4 2182 4184 3886 4292
4 1941 3925 4299 4780
4 575 4325 89 4487
4 558 4109 78 4822
4 3958 4887 4983 5022
4 2393 3984 4177 4801
4 4060 4155 3884 4553
4 3803 4202 1277 4340
4 3793 1275 4317 4837
4 4411 4860 4022 5039
4 2297 2584 3992 4294
4 3790 4308 3807 4632
4 3917 4881 4096 5006
4 1534 4195 4339 4548
4 2306 2376 3781 4235
4 3884 3749 4060 5272
4 3934 3685 4177 4953
4 1797 4081 1385 4918
4 3830 4156 3689 4632
4 3958 4983 4146 5022
4 3871 4524 2868 5029
4 3087 2927 4101 4370
4 1591 4655 3745 4932
4 3780 4246 2447 5105
4 38 2523 498 4057
4 4022 4411 3905 4860
4 39 4242 3831 4490
4 4248 4362 1203 4570
4 2700 4246 3780 4354
4 1402 4319 4537 4744
4 4190 4414 3938 5054
4 1105 1116 1038 4098
4 2489 3884 2811 4538
4 1719 3747 1718 4332
4 3973 4614 2724 4849
4 3807 2189 4156 4554
4 746 4096 3917 4881
4 2384 4491 3814 5113
4 3408 92 583 3901
4 3679 5102 4683 5128
4 3684 4522 3999 4686
4 1116 4259 4098 4768
4 50 514 2251 4571
4 2219 3968 4263 4330
4 1468 4309 4189 4851
4 3687 5017 4786 5110
4 3727 4073 4020 5171
4 1408 4204 3940 4677
4 3725 3916 4138 4508
4 1029 4629 4165 4982
4 1468 4851 4189 4987
4 2628 3874 2627 4460
4 3694 4164 4598 5385
4 4073 4020 5171 5425
4 2313 3973 2226 4247
4 533 3955 63 4374
4 3755 3996 4862 5083
4 3755 4862 4053 5083
4 1543 3799 4560 4934
4 2627 3779 2734 4460
4 3309 535 60 4374
4 2886 742 923 4171
4 4002 4737 3713 5037
4 3957 4418 2873 5225
4 1720 1719 1718 4332
4 4128 4151 1046 4965
4 3719 3965 4708 5455
4 4164 4659 3723 5101
4 4066 4068 3886 4536
4 20 475 3197 3903
4 2182 4580 3886 5108
4 3228 493 37 4330
4 1813 4903 4837 4915
4 4073 5171 4174 5425
4 3874 4109 2627 4460
4 1690 4447 4777 5093
4 2549 2288 2428 4044
4 1779 4295 1780 4752
4 3827 4388 3861 4730
4 3884 4553 3998 5272
4 3676 4202 3852 4382
4 3129 4422 3104 4431
4 3884 4060 4553 5272
4 2285 3825 4336 5361
4 3845 4299 3716 4343
4 2182 4292 3886 4580
4 3057 2934 1984 5571
4 2627 4109 3779 4460
4 3680 4776 4782 5159
4 4216 4219 3920 4917
4 2523 38 498 4136
4 1409 3989 1348 4508
4 2543 2182 3886 5108
4 3985 4421 1084 5467
4 1224 1226 3754 4244
4 3306 63 533 4420
4 4041 4484 1278 4883
4 23 4106 3852 4382
4 3677 3893 4287 4924
4 4244 4312 3857 4576
4 4164 3723 4659 5077
4 4094 4710 49 5052
4 3910 3961 4263 4465
4 3475 617 115 4973
4 1224 1225 1226 4244
4 1619 4518 4261 4978
4 1296 4340 1831 4445
4 3971 4143 3786 4339
4 2886 923 892 4354
4 2549 4263 4044 4716
4 2677 4544 2342 5023
4 2285 4228 3825 5361
4 3074 3090 4267 4329
4 3699 4068 4255 4433
4 3057 1984 4406 5571
4 3702 4283 4214 4419
4 3791 4058 2512 4657
4 1084 4937 3985 5467
4 2886 4171 923 4354
4 3983 4729 4866 5506
4 3218 28 487 3908
4 1861 3778 4774 5015
4 2725 4294 3958 4610
4 3693 3875 3834 4291
4 1487 4659 1763 4691
4 1278 4041 1842 4484
4 4144 4777 4447 5093
4 4752 5217 1441 5439
4 2873 4418 3957 4624
4 3048 4195 4141 5214
4 2886 742 892 923
4 3722 5017 4221 5500
4 23 3852 4215 4382
4 1402 4146 1403 4537
4 2702 3936 2101 4437
4 2296 3863 2658 4507
4 2219 4263 2197 4330
4 4251 4428 4403 4564
4 3911 4002 3713 5037
4 3697 4077 3789 4637
4 4474 4707 4103 5056
4 2725 4610 3958 5509
4 955 4629 2012 5114
4 3887 1502 4475 5028
4 3693 3834 3875 4699
4 1682 4454 4783 5204
4 3786 3971 4339 5163
4 3680 3936 3924 4437
4 1726 3816 4334 5074
4 3728 4537 4319 4744
4 1457 4145 4631 4803
4 3725 4138 3989 4508
4 3828 3687 4786 5110
4 3871 4587 4524 5029
4 102 594 4117 4674
4 2543 2182 2199 4184
4 2470 3859 4237 4828
4 4277 4315 1336 4984
4 1296 4445 1845 4477
4 3680 4074 4776 5159
4 2103 2101 3936 4437
4 2239 2285 3825 4336
4 3682 4649 4416 4837
4 28 3218 481 3908
4 3793 3682 3827 4253
4 3699 4068 3886 4255
4 1534 4195 4548 5575
4 3525 135 643 4170
4 2271 4211 3899 4616
4 1591 1586 4655 4932
4 1573 5146 3763 5493
4 2658 4507 3863 4767
4 515 51 4094 4714
4 3789 4077 3697 5038
4 2476 3879 2441 5207
4 1493 1862 1866 4529
4 803 4043 800 4246
4 3872 4129 4713 5297
4 3719 3965 4220 4708
4 3677 4860 4411 5039
4 2607 3864 3948 4321
4 2607 4282 3864 4321
4 2226 3973 2228 4419
4 1144 4101 2927 4370
4 3867 4316 4236 4451
4 3949 4059 3771 4290
4 1497 1584 3960 4586
4 1275 3793 1798 4837
4 2103 2702 2101 4437
4 515 3994 49 4094
4 2251 514 50 4714
4 2384 3814 4491 4941
4 2656 3926 2114 4948
4 938 4040 864 4407
4 3700 3820 4338 4566
4 2639 4077 4190 4637
4 1842 1278 1293 4041
4 4164 5077 4659 5101
4 3749 4060 4022 5039
4 581 91 4212 4634
4 1941 4299 3925 4913
4 4066 4285 1269 5250
4 85 3371 565 4273
4 1807 4470 4464 4834
4 1070 4128 1046 4965
4 1845 4445 4143 4477
4 3815 3857 3683 4244
4 2702 3936 4437 5302
4 3915 4024 59 4906
4 1239 4303 3787 4348
4 2724 4849 4614 4995
4 2734 3779 4333 4460
4 1278 1293 4041 4883
4 3935 4783 4454 5204
4 3916 4092 3751 4204
4 1038 4098 4259 5424
4 1423 3822 1549 4302
4 1663 4288 3752 4916
4 2381 3975 4250 4770
4 38 4057 498 4690
4 2226 2228 2227 4419
4 4506 4735 3821 5171
4 558 3352 78 4516
4 91 3407 575 3981
4 1986 4337 848 5564
4 608 113 4055 4585
4 2380 3975 2381 4770
4 2380 4398 3975 4770
4 4048 4994 4190 5084
4 1837 1895 4744 5107
4 1737 5056 4474 5320
4 3838 3933 4655 4804
4 2829 2956 4282 4321
4 3771 4105 4779 4912
4 1239 3787 1241 5134
4 3916 4031 51 4571
4 3975 4398 2380 4941
4 2359 4307 3795 4390
4 1629 4454 1682 5204
4 3777 4310 2769 4619
4 3762 4295 4752 4880
4 4316 4361 961 5223
4 127 4230 4061 4459
4 3834 4291 3875 5446
4 1104 4358 4128 4661
4 3838 4655 4324 4804
4 3868 4560 1540 4956
4 3867 4236 4316 5337
4 4207 4779 4105 4912
4 3915 4024 3781 4429
4 746 768 4096 4881
4 2131 2792 3963 4333
4 1497 1584 1921 3960
4 4012 5035 4963 5072
4 584 96 4042 4135
4 2735 4633 3983 5503
4 1510 4306 4682 5464
4 3727 4174 4073 5171
4 3709 4141 3957 4884
4 4315 4781 1336 4984
4 3793 3827 3682 4968
4 3973 4247 2313 4614
4 2116 3926 2656 4505
4 4221 5017 4572 5500
4 3799 4382 4928 5004
4 97 3831 4287 4748
4 51 4031 3916 4094
4 3705 4093 4062 4671
4 3726 4957 4248 5054
4 162 682 3604 4384
4 3732 4646 3905 4860
4 2470 4000 3859 4828
4 726 4133 2850 4662
4 2889 2447 4246 5105
4 746 768 3917 4096
4 3965 4805 4708 5455
4 3820 3700 4547 4566
4 3818 4198 4169 4301
4 4169 4198 3794 4301
4 73 552 3346 4257
4 1402 4537 1837 4744
4 4105 4539 4207 4912
4 3810 4539 4207 4865
4 4123 4953 3934 5551
4 4053 5083 4423 5298
4 2931 3142 3053 4762
4 1763 4659 4369 4691
4 2640 2635 3789 4089
4 73 3834 4071 4272
4 2792 3963 4333 4517
4 97 4042 3831 4748
4 546 70 3339 4397
4 4197 4335 1644 4775
4 4266 5177 3847 5356
4 118 618 4119 4731
4 1369 4146 1402 4319
4 1269 4285 4066 4883
4 1573 1574 3763 5146
4 3173 462 14 4400
4 1277 4202 4617 4928
4 848 4337 4054 5564
4 3940 4615 1408 5338
4 1682 4783 4739 5204
4 33 4784 4357 5098
4 3859 2460 4286 4397
4 1682 1326 4739 4783
4 1189 4411 4757 5374
4 1682 4739 1326 5204
4 1102 4937 1084 5467
4 1941 4519 3925 4780
4 2041 3147 2929 4130
4 3926 4310 2114 4948
4 3960 4546 1497 4586
4 1158 812 864 4407
4 3677 4022 4860 5039
4 1844 4197 1644 4775
4 1441 4752 1523 5217
4 4343 4713 4129 5297
4 4265 5147 4323 5297
4 2826 622 122 5006
4 1523 4752 1441 5439
4 4236 4451 4316 5337
4 4786 5017 3932 5110
4 3676 3852 3803 4357
4 3845 4343 3716 4713
4 2966 4289 4254 4792
4 4537 4744 4116 5107
4 2815 4254 2966 4289
4 4242 4356 3831 4745
4 2363 4323 4265 4923
4 3800 4652 4419 5171
4 2345 4001 4234 4544
4 139 647 3530 3918
4 2548 2547 2898 3848
4 1239 1666 1241 3787
4 1497 3960 1921 4546
4 1864 1796 4439 4774
4 1779 4364 4295 4752
4 2468 2863 4465 5222
4 778 1944 1136 4095
4 2656 4505 3926 4948
4 3696 4983 4887 5022
4 770 4096 901 4715
4 4016 4284 2537 5474
4 3732 3987 3947 4525
4 1864 4439 4110 4774
4 3697 4994 4604 5038
4 1898 4976 4897 5094
4 4167 4633 2176 5110
4 25 3911 4002 4697
4 4207 4539 4105 4779
4 2640 2635 4089 4637
4 2219 4263 3968 4652
4 1475 4897 1898 4976
4 2372 5177 4266 5356
4 851 778 1136 4095
4 4022 4060 3905 4411
4 25 4002 3911 4581
4 19 4180 3808 4382
4 3087 3060 2927 4370
4 4020 4247 2582 4419
4 2409 3906 4191 5482
4 1182 4324 4344 4655
4 1182 1181 4324 4655
4 1798 3793 1857 4837
4 3758 4218 4202 4934
4 454 3153 10 4413
4 3975 4683 5102 5128
4 2376 3781 4235 5591
4 3778 4480 1861 5188
4 3074 2981 3090 4329
4 3924 4437 3936 5302
4 2862 3849 2590 4610
4 1671 4202 3799 4934
4 4044 4143 3786 5263
4 491 4004 33 4357
4 3872 4129 4343 4713
4 3676 3852 4106 4382
4 2539 4284 4016 5191
4 4060 4625 1911 4858
4 3900 4387 2086 5136
4 2628 4371 3874 4460
4 3715 4086 3879 4367
4 3849 4329 4267 4756
4 2607 2829 4282 4321
4 3875 4291 3693 5446
4 1833 1832 3885 4532
4 2733 3859 2460 4286
4 3867 4451 4893 5223
4 3683 3857 3815 5358
4 3791 4258 2181 4387
4 1487 3913 4659 4691
4 3584 673 157 4328
4 3147 4130 2041 4594
4 1737 1411 5056 5320
4 4227 5217 4752 5439
4 3728 4116 4537 4744
4 1579 4447 1690 5093
4 2735 2736 4167 4633
4 3989 4368 3725 5018
4 2658 3863 2296 4767
4 3943 3710 4148 5483
4 3943 4267 2588 4996
4 1772 1797 1385 4918
4 2271 3899 4211 4684
4 4012 4575 5035 5072
4 87 571 3383 3990
4 4464 4470 3792 4834
4 3771 4779 4207 4912
4 3104 4422 2064 4431
4 2850 726 2058 4133
4 956 4361 4316 5191
4 2290 3873 4250 4760
4 3678 3950 3831 4305
4 548 72 2259 4257
4 2654 4717 2175 4730
4 3984 4953 4123 5551
4 1369 1403 1402 4146
4 3685 3934 4529 4953
4 2905 4016 2537 5474
4 2432 4300 2867 4899
4 2628 2627 3874 4109
4 1041 2048 1093 4128
4 3938 4604 4994 5038
4 2931 2033 3866 4762
4 59 4024 3915 4281
4 4101 4297 5137 5324
4 4244 3857 4326 4576
4 3985 4229 4173 4421
4 2725 2269 3958 4527
4 1612 4233 1610 4485
4 3873 4184 2198 4770
4 3888 4994 4048 5084
4 3714 4465 3961 5097
4 3848 4062 3705 4093
4 3547 653 143 3921
4 4101 4297 3768 5137
4 3832 3972 4781 4984
4 1610 4233 1281 5374
4 1336 4315 4277 5056
4 866 1143 4185 5066
4 3831 4490 4242 4745
4 3886 4405 3699 5456
4 1856 1836 1680 4658
4 3768 4297 4101 5063
4 3694 4598 5201 5385
4 486 3211 30 4526
4 2627 2734 3779 4109
4 2379 4398 2380 4770
4 2537 4016 2539 4284
4 2733 2460 3859 4397
4 1813 4837 1857 4915
4 1986 4054 4337 5564
4 2734 3779 2786 4333
4 581 91 3402 4327
4 3702 3821 5171 5271
4 480 4651 28 5252
4 3676 4928 4382 5004
4 3822 4302 1423 4318
4 5059 5087 3701 5233
4 102 4117 594 4542
4 2653 2769 4310 4619
4 3999 5122 1856 5431
4 2409 4191 3906 4817
4 3858 4295 4157 5057
4 1275 1798 1857 4837
4 2792 4601 4517 4898
4 4190 4504 4048 5084
4 1750 4334 4708 5382
4 3835 4782 4776 5159
4 2584 2583 3992 4579
4 2290 4760 4250 5253
4 3938 4414 4190 4994
4 3905 4485 4411 5374
4 4411 4485 3905 4757
4 4169 3818 4301 4952
4 4202 4218 3799 4934
4 2359 4390 3795 4944
4 44 3956 4131 4375
4 3680 4782 3835 5159
4 805 4246 893 4354
4 4295 4583 1780 4880
4 3949 4059 3717 5279
4 1296 1831 1845 4445
4 3847 5177 4524 5356
4 3856 4302 4075 5560
4 3594 3596 3595 4642
4 1905 4102 1607 5211
4 3675 3933 3838 4804
4 4075 4302 3856 5305
4 1913 4229 756 4421
4 2133 4333 4018 4460
4 2639 4077 2154 4437
4 3779 2786 4333 4517
4 1260 1257 4222 5089
4 4116 4744 1895 5107
4 3784 3829 3684 4522
4 2297 2584 2583 3992
4 4163 4672 3855 4772
4 3943 4148 3710 5299
4 1754 4649 1275 4837
4 2181 4387 4258 5501
4 3784 3999 4522 4686
4 4179 4348 1240 5134
4 4169 4301 4245 4952
4 486 30 4089 4526
4 1543 1908 1542 4560
4 4043 4246 803 4962
4 3805 4812 4525 4877
4 3418 589 101 2652
4 2698 3827 3982 4719
4 3886 3699 4255 5456
4 1528 1845 4143 4477
4 1192 4411 4222 4757
4 3771 4207 3949 4912
4 2700 2889 2447 4246
4 3722 4866 5182 5506
4 1540 4560 3868 4934
4 149 2670 661 4778
4 618 3473 118 4596
4 3905 4646 4258 4860
4 2105 4190 3802 4931
4 2176 4471 3932 5160
4 182 4127 714 4640
4 3746 4222 1257 5089
4 1041 2504 4128 4358
4 4506 5171 3821 5271
4 39 3831 4057 4136
4 4033 4988 3944 5132
4 3953 4164 3926 4839
4 1545 4140 4457 4668
4 3957 4141 3709 4418
4 4633 4847 3983 5503
4 2290 3873 2591 4250
4 2288 4465 4263 5398
4 3725 4368 3989 5266
4 1619 1887 4261 4518
4 1475 3763 4897 4976
4 4575 1645 5035 5072
4 3701 3972 3832 4984
4 179 3649 706 3930
4 1104 1080 4358 4661
4 3705 3848 4154 5308
4 3998 4155 3884 4256
4 707 3667 177 3997
4 2359 2357 3795 4307
4 4070 4708 4334 5382
4 2087 4387 2181 5501
4 2678 74 550 5351
4 3910 4263 4044 4465
4 4233 4496 1281 5374
4 4265 3840 5147 5297
4 1832 1833 3885 4797
4 4138 4455 2685 5195
4 3052 3147 2041 4594
4 4085 4406 1984 5571
4 3874 3931 3695 4460
4 2523 4136 4057 4871
4 97 3831 4042 4871
4 1619 3750 4518 4978
4 4075 3856 4318 5305
4 3905 3732 4485 4646
4 3910 3714 4435 5097
4 3699 4433 4183 4536
4 2427 4044 2288 4465
4 4105 1483 4656 4779
4 3811 4403 4251 4428
4 572 4137 88 5529
4 3694 5201 3926 5385
4 2270 4211 4065 4554
4 1623 4356 1257 4745
4 3732 4258 4646 4860
4 3916 4092 4204 5019
4 3831 4305 3950 4745
4 4012 4225 4197 5128
4 4263 4652 2219 5398
4 3721 4614 3973 4849
4 3721 4614 4849 4995
4 4220 4708 3965 4959
4 3717 4059 3949 5230
4 2790 4188 2644 5195
4 4157 4295 3762 4583
4 2019 1044 1604 4280
4 1694 3855 4672 4772
4 2296 4031 3863 4507
4 3872 4323 5147 5297
4 1756 4659 5077 5101
4 2677 2342 4498 5023
4 2790 4188 5195 5350
4 3758 4215 4202 4218
4 2224 4020 2582 4419
4 19 3808 4180 4401
4 2674 4808 4245 4952
4 2606 3948 3864 5178
4 3691 4812 3805 4877
4 1607 4102 5124 5211
4 2584 4579 4294 5075
4 491 3237 33 4004
4 3884 4060 3749 4925
4 1796 4439 4774 5188
4 3695 4303 3931 4487
4 3487 122 622 5006
4 2395 4161 2364 4923
4 1192 4222 4356 4757
4 2288 2427 2428 4044
4 4403 4564 1804 4974
4 761 4715 4114 5144
4 749 4016 911 4790
4 3944 4988 4206 5132
4 2733 2780 3859 4286
4 3926 3937 3694 3953
4 1175 1917 857 4185
4 3675 3838 4324 4804
4 3899 4522 4142 5182
4 3687 4261 3841 4634
4 4141 1973 4503 5264
4 3762 4295 4157 4695
4 3858 4157 4295 4695
4 551 73 4272 4453
4 2285 3825 4228 4788
4 3916 3773 4092 5019
4 2306 2454 2376 4235
4 2116 2114 2656 3926
4 1737 4707 4474 5056
4 1075 1604 4280 5340
4 3900 2086 4666 5136
4 1158 1955 812 4407
4 65 3332 540 4497
4 1537 3868 4543 5024
4 1537 3868 1539 4543
4 2653 2166 2769 4619
4 4173 4421 4229 5174
4 3954 4682 4306 5464
4 877 855 4524 4587
4 4022 3905 4387 5501
4 3900 4097 2084 4387
4 2107 4190 2105 4931
4 3725 3993 4368 5266
4 2685 4455 4138 5458
4 81 4182 4639 5192
4 2342 3770 4498 5023
4 3794 4245 4169 4301
4 695 171 3641 4029
4 2929 4130 3134 4418
4 2607 3864 2606 3948
4 2677 2393 2342 4544
4 2137 4212 3931 4481
4 2927 4101 1144 5063
4 4161 4855 2364 4923
4 982 4629 4982 5230
4 3886 4066 3699 5283
4 1312 3810 4865 5254
4 4222 4966 1260 5089
4 1286 4930 4477 5459
4 3958 4146 3728 5126
4 3727 4735 4506 5171
4 4837 4903 4007 4915
4 3076 3091 4556 5046
4 133 4108 637 5289
4 4206 4988 3700 5132
4 171 898 3640 701
4 3088 4282 2956 4321
4 19 3808 473 4382
4 683 3619 161 4007
4 3703 4271 4083 4566
4 996 4377 2907 4494
4 1015 965 4304 4451
4 2790 2644 4188 5350
4 2539 4016 4790 5191
4 51 4094 3916 4600
4 153 3830 4104 4270
4 3793 3682 4317 4968
4 1922 4229 4421 5174
4 3807 3790 4632 4729
4 1475 3763 1574 4897
4 1226 3754 4805 5332
4 1124 1102 1084 5467
4 4054 4337 848 5165
4 2406 3906 2409 5482
4 2107 2666 2105 4190
4 2376 4405 3781 5591
4 2236 4115 4089 4791
4 4421 5143 1922 5174
4 1502 1500 5028 5138
4 39 3831 4136 4490
4 2591 3873 2198 4770
4 3703 4271 4566 5273
4 3726 4038 4033 5084
4 4102 4682 1904 5124
4 770 4185 4096 4715
4 1545 4396 4140 4668
4 589 2652 3418 4135
4 2380 2382 2381 4491
4 3052 2929 2041 3147
4 812 938 864 4407
4 3725 3772 3993 5266
4 3961 4465 3910 5097
4 1502 3887 5104 5138
4 2276 3977 4353 4538
4 19 473 3808 4479
4 3696 3811 3862 4428
4 2285 2239 3825 4788
4 3884 2811 4538 5136
4 4066 1643 4883 5448
4 1268 1269 4285 5250
4 1239 1241 1240 5134
4 4525 4812 3809 4877
4 3876 3959 3691 5284
4 1754 4416 4649 4837
4 4059 4532 3717 5279
4 4143 4339 1531 4836
4 1075 1604 1044 4280
4 1913 1922 4229 4421
4 4708 4805 3965 4959
4 4147 5027 4911 5092
4 3703 4566 3970 5273
4 1482 4105 1483 4656
4 3833 4493 4362 5051
4 2649 4601 2792 4898
4 2342 3770 2340 4498
4 2395 4383 4161 4923
4 2537 2905 2539 4016
4 3701 3832 4277 4984
4 4261 4518 3750 4978
4 4012 3814 4225 5128
4 583 3901 92 4231
4 1893 4693 4074 4776
4 1021 2922 959 4254
4 4173 5143 4421 5174
4 4251 4403 3811 4564
4 1813 1488 4903 4915
4 3802 4190 2105 4437
4 2383 4250 2381 4491
4 4261 3841 4518 5276
4 3732 3905 4485 4860
4 1917 857 4185 5306
4 3702 4476 4002 5037
4 1408 4677 3940 5338
4 618 118 4119 4596
4 3943 3710 4267 5299
4 2197 3824 4263 4716
4 1072 1104 4128 4661
4 2525 4136 2523 4871
4 4066 4883 4209 5448
4 1437 1438 1436 4034
4 3905 4757 4485 4860
4 2037 893 722 4246
4 4142 4522 3899 5277
4 4233 4485 1612 4602
4 2241 2285 4336 5361
4 1619 3750 1617 4518
4 3696 4319 4983 5022
4 133 637 4108 5323
4 92 4325 4231 4472
4 3963 4517 2792 4601
4 1957 2950 3055 3765
4 2629 3931 4371 4460
4 4295 4583 4157 5057
4 1311 1312 3810 4865
4 4128 4661 3712 4829
4 3716 3845 4713 5593
4 3702 4002 3911 5037
4 4806 4954 3959 5051
4 770 4096 4185 5100
4 1591 3745 4913 4932
4 33 4357 4004 5098
4 4012 4197 3755 5128
4 2227 4283 4214 4799
4 1295 4586 4546 5508
4 99 3947 4622 4924
4 3769 4813 4861 5558
4 1295 4546 1498 5508
4 3752 4795 1663 4916
4 4041 4683 3679 5102
4 3596 677 159 4019
4 1311 3810 1312 4960
4 2932 4052 3842 5315
4 3714 3910 4435 4514
4 4044 3786 4300 5263
4 3872 4323 4265 5147
4 4419 4652 4020 5171
4 4258 4387 3905 5501
4 3671 181 709 4226
4 2927 1144 3059 5063
4 3916 4204 3751 5449
4 1312 4960 3810 5254
4 3989 3725 4508 5018
4 1941 3925 4519 4807
4 3769 4861 3962 5558
4 1493 4529 1866 5539
4 1075 4280 4661 5340
4 844 4153 1168 4379
4 2061 4267 3051 4996
4 3895 4556 3091 5046
4 2340 4498 3770 5292
4 2372 2562 5177 5356
4 2653 2769 3777 4310
4 2103 3936 4055 4437
4 1932 4053 971 4409
4 961 4316 956 4361
4 3914 4544 2346 5280
4 2135 4460 4018 4719
4 1637 4236 4159 4706
4 1619 1620 1617 3750
4 4189 4309 1548 4813
4 3701 5059 4814 5087
4 2137 4481 3931 4719
4 3787 3828 3687 4786
4 1893 4194 4693 4776
4 3839 4449 4332 5069
4 3858 5220 4295 5348
4 3744 4302 4075 5305
4 1072 4661 4128 4965
4 3703 4566 4083 5135
4 2685 2248 4138 5195
4 1390 4207 3810 4532
4 3781 4024 3915 4906
4 2340 3770 2341 5292
4 1836 4221 1680 4658
4 78 4109 558 4516
4 4020 4073 3727 5112
4 4214 4283 3911 4799
4 3841 4199 3687 4634
4 3887 4475 1502 5104
4 1478 3885 1832 5282
4 1911 4155 1590 4625
4 3944 4712 4206 4988
4 3683 3815 4376 5358
4 4183 4536 1485 5094
4 2685 4138 2248 5458
4 95 4199 4231 4634
4 3886 5108 4405 5456
4 2665 4039 4228 4808
4 1288 4534 3790 5111
4 4346 4431 4039 5452
4 3678 3831 3950 4136
4 1599 4825 3745 4882
4 3814 4012 3755 5128
4 1382 1599 3745 4882
4 2133 2784 4333 4460
4 3799 4928 4168 5004
4 1724 4415 3816 4974
4 2965 2922 3111 4254
4 1029 1014 4629 4982
4 4206 4712 3700 4988
4 2197 4263 2549 4716
4 2901 4478 4608 5412
4 3699 4255 3851 4433
4 3858 4134 5220 5348
4 76 4759 4010 5512
4 653 4394 139 4593
4 1728 5131 4564 5463
4 994 2025 4423 5073
4 1549 4302 3822 4891
4 1695 4672 4163 4772
4 3790 4426 1288 4967
4 153 3830 4270 4512
4 2725 3958 4294 4527
4 3720 3770 4196 5397
4 736 866 1143 4185
4 1158 4040 864 4595
4 1404 4777 4146 5022
4 840 4819 4608 5287
4 2033 3866 2852 4977
4 1491 1861 4480 5188
4 3787 3687 4179 4786
4 1160 4519 732 4807
4 1924 4470 4160 4667
4 3771 4105 4912 5336
4 2845 4346 4039 4808
4 914 875 840 4819
4 1528 4477 4143 4989
4 97 4287 3831 4871
4 2249 2250 4031 4138
4 2629 4371 3931 5565
4 4142 4522 3722 5182
4 4183 4536 4433 5569
4 3685 3934 4177 5435
4 3778 4774 4439 5188
4 3874 4371 3931 4460
4 1447 3920 4438 4938
4 3689 4308 3830 4632
4 3715 3879 4086 4208
4 2931 3053 2033 4762
4 3070 1580 2999 4150
4 19 4218 4180 4382
4 3768 4101 4039 4431
4 3717 3949 4286 5230
4 2290 4250 2747 5253
4 3725 4368 3993 5018
4 3943 4148 5314 5483
4 3675 4114 4096 4715
4 3720 4196 4227 5397
4 2391 3804 2336 4446
4 3856 4302 3692 5416
4 2271 3899 2318 4616
4 4005 4288 3847 4698
4 4155 4553 1911 5399
4 1290 4308 1292 4463
4 3886 3699 4405 5283
4 3687 4633 5017 5110
4 4313 4399 28 4651
4 1425 1423 1549 4302
4 3727 4647 4035 4735
4 3727 4035 4647 5097
4 3717 4982 4629 5230
4 2549 4044 2428 4716
4 1438 1436 4034 5188
4 3944 5132 4206 5201
4 3789 3697 4112 5038
4 3846 4608 4478 5412
4 683 3617 3619 4224
4 3938 4994 4077 5038
4 3807 4156 3897 4554
4 1041 4128 1104 4358
4 778 1944 4095 4519
4 2239 2241 2285 4336
4 1466 4602 4067 5300
4 1390 3810 1315 4532
4 4231 4261 3841 4518
4 3696 4403 3811 4428
4 3944 4033 5132 5201
4 2084 4097 2085 4387
4 3723 4123 3984 4811
4 3728 4429 3958 5126
4 3020 4052 4793 5488
4 3709 4342 4141 4884
4 1438 4034 4439 5188
4 1653 4476 3821 4737
4 3949 4912 4207 5279
4 4476 4737 4002 5037
4 121 4644 4942 5335
4 3074 4267 2038 4329
4 2308 4188 3773 4499
4 2086 3900 2084 4387
4 2507 2871 4128 4151
4 4039 4101 3818 5242
4 3673 4340 3776 4477
4 2270 4065 2457 4554
4 3834 4272 73 4453
4 3691 3809 4812 4877
4 3732 3809 3987 4525
4 2845 4039 2665 4808
4 805 893 2888 4354
4 2311 2236 4089 4791
4 2317 2318 2271 3899
4 1315 1311 1312 4960
4 108 3998 4256 4540
4 2115 4531 3926 4848
4 3726 4008 4248 4957
4 1315 3810 1311 4960
4 1538 5024 4342 5575
4 2780 3859 4286 5133
4 2133 4018 2135 4460
4 3911 4214 3702 4283
4 1204 4362 4248 5064
4 3793 4317 1798 4605
4 3776 4340 3673 5098
4 837 4819 4379 4851
4 3879 4367 4086 5207
4 2812 48 512 5052
4 3920 4219 3718 4938
4 1396 4389 1758 4470
4 1447 4438 3920 4691
4 2270 4211 2271 4616
4 1783 1158 4040 4407
4 1637 4706 4159 4987
4 1385 4081 4523 5087
4 1093 2048 1046 4128
4 2226 2313 2228 3973
4 3984 4123 3723 4830
4 4323 4855 3872 4923
4 3947 4448 3732 4525
4 2700 4354 3780 5086
4 3695 3931 3874 4487
4 55 4092 521 4372
4 653 3545 143 4394
4 3975 4862 4250 5336
4 2317 2318 3899 4226
4 1457 4597 1458 4631
4 1891 4112 4604 4693
4 1457 4145 4597 4631
4 844 1168 728 4379
4 3906 105 4256 5491
4 870 4054 848 5165
4 2512 3791 2181 4058
4 1468 1548 4189 4309
4 182 714 4127 4835
4 3942 4076 4885 5013
4 1458 3813 1677 4631
4 3995 4661 4128 4829
4 1175 736 1143 4185
4 1415 1292 1290 4742
4 4262 3696 4887 5022
4 3704 4482 3860 4728
4 3743 3959 4954 5051
4 2152 4371 2629 5565
4 2317 3899 4178 4226
4 2470 4237 3859 5133
4 3697 4077 4994 5038
4 177 3651 707 4030
4 2734 4333 2784 4460
4 803 800 804 4246
4 3834 3875 4873 5446
4 3746 4242 4490 4745
4 1543 1671 1910 3799
4 2391 4121 3804 4446
4 1478 4797 3885 5282
4 3683 4376 3857 5358
4 1891 4112 1740 4604
4 3975 4491 4250 4862
4 3831 4242 3677 4356
4 855 4587 877 5029
4 1941 4519 1160 4807
4 2970 4150 4728 4826
4 848 4054 870 5564
4 2607 3948 2478 4321
4 4020 4652 2224 5261
4 582 4199 94 4440
4 1997 4153 844 5248
4 181 3656 709 4653
4 1876 4362 4347 4911
4 2207 4554 3807 5506
4 3036 4489 9 5209
4 3056 3149 2937 4149
4 4412 4911 4362 5159
4 1876 1200 4362 4911
4 127 4061 630 4611
4 3703 3970 4566 5135
4 4426 4658 1811 4967
4 3704 3860 4410 4728
4 2271 2317 3899 4684
4 1277 4202 1287 4340
4 2702 4732 3936 5302
4 2376 4235 2454 5591
4 4039 3818 4346 5242
4 2137 3931 2629 4460
4 2659 2658 2296 4767
4 4564 5131 4303 5463
4 3560 149 662 4331
4 2311 4089 3877 4791
4 4066 4068 4536 5448
4 4667 4793 3118 5315
4 1396 4389 4470 4676
4 1863 4529 4110 4945
4 3719 4517 4601 4898
4 971 4053 977 4409
4 914 4819 840 5287
4 1825 4777 1404 5022
4 2250 4031 4138 4499
4 2590 3849 4267 4610
4 2318 3899 4226 4616
4 3786 4300 4130 4594
4 4113 4288 3847 5156
4 2270 4065 4211 4616
4 3822 3692 4302 5416
4 1695 4469 4163 5400
4 1296 4477 1286 4930
4 1034 4084 2925 4502
4 4279 5028 1500 5138
4 1241 3787 1666 4978
4 4024 4610 2862 5509
4 4338 4566 3820 5273
4 2659 2296 3863 4767
4 2038 4267 3849 4329
4 3905 4022 4387 5272
4 2929 2869 4130 4418
4 3956 4375 3731 4523
4 3833 3959 4493 5051
4 1671 4202 4934 5294
4 3776 4477 4930 5459
4 2468 2863 2426 4465
4 3792 4094 4710 4834
4 3690 3966 3834 4322
4 2364 4855 2365 4923
4 454 4413 10 4647
4 1528 1649 1845 4477
4 3892 4046 2655 4452
4 1725 1804 4564 4974
4 3852 4106 23 4462
4 3751 4092 3916 4600
4 3078 2970 4728 4826
4 482 3204 29 4402
4 2841 630 126 4230
4 162 3614 682 4483
4 89 3823 4325 4428
4 1224 4244 3754 4576
4 1889 5074 1750 5382
4 3916 4092 3773 4571
4 4539 4912 4105 5336
4 2981 4756 4329 4857
4 1813 1857 1488 4915
4 49 4094 3994 4710
4 1771 3738 4484 4742
4 2391 4121 4446 5516
4 1814 4506 4435 5492
4 1653 3821 1657 4737
4 3681 4001 3914 4544
4 2383 4250 4491 4678
4 113 4055 4585 5090
4 2211 2198 2591 3873
4 3875 4699 3834 4873
4 3995 4102 3764 4965
4 88 4137 572 4501
4 983 4152 2009 4520
4 3763 5014 4023 5146
4 1288 1280 4534 5111
4 4110 4529 1863 4576
4 2175 4717 3827 4730
4 3943 4267 3710 4610
4 1538 4548 5024 5575
4 67 4255 4068 4864
4 4163 4469 1695 4772
4 1104 1041 1093 4128
4 4164 3723 4811 5101
4 3070 2999 3139 4150
4 1041 2504 2048 4128
4 3550 655 143 4809
4 4221 1811 4658 4967
4 1951 3009 4469 5400
4 1886 4334 1750 5074
4 517 53 3276 4681
4 3849 4024 3710 4610
4 4005 4113 3847 5156
4 1412 1740 1891 4112
4 3984 4369 4123 4830
4 1861 1860 4480 5015
4 2487 2276 3977 4353
4 3857 4312 3685 4576
4 3427 102 594 4542
4 2950 3035 3765 4461
4 4174 5171 4506 5271
4 3926 4531 3937 4848
4 4154 4608 845 5293
4 3697 3789 4112 4162
4 1510 4306 1508 4682
4 3835 4911 4412 5159
4 1845 1531 4143 4445
4 1905 1904 1607 4102
4 3688 3838 4032 4344
4 1641 4304 1935 4451
4 1671 3799 1543 4934
4 2290 2591 2747 4250
4 2666 2105 4190 4437
4 11 4035 4413 4647
4 1296 4340 4477 4930
4 3714 3880 4465 5222
4 1557 4047 4274 4813
4 92 4472 4231 5510
4 38 498 3236 4690
4 4092 4571 3916 4600
4 1457 1455 1781 4803
4 3834 4453 4291 4845
4 3803 4340 1277 4930
4 2204 4048 2638 4190
4 4708 4805 4175 5455
4 4346 4808 2840 4952
4 3714 4465 4149 5222
4 3915 3728 4146 5126
4 945 1934 971 4409
4 1986 4054 1809 4337
4 1492 4110 1864 4439
4 4196 4752 4227 5217
4 1719 3747 4368 4997
4 1431 1429 3939 4665
4 4265 4323 3840 5297
4 3730 4386 4844 4894
4 2287 4465 2288 5398
4 3522 3523 3525 4528
4 1808 1985 4295 5346
4 2154 4437 4077 5302
4 2588 4267 3943 4610
4 3719 4708 4175 5455
4 2815 2961 2051 4289
4 3847 4698 4524 5177
4 1295 1497 4546 4586
4 4141 3957 4884 5152
4 1921 4546 4986 5174
4 2756 4167 2176 4471
4 1295 1497 1498 4546
4 3700 4338 3878 4566
4 3769 4813 4189 4861
4 100 4147 595 4412
4 2380 4398 2379 4941
4 3072 2829 2956 4282
4 4339 3786 5163 5364
4 753 4361 2071 4790
4 1038 1156 4098 5424
4 2344 2346 4544 5280
4 3021 4793 4052 5315
4 3726 3802 4957 5054
4 1293 4041 4883 5091
4 3735 3785 4010 5251
4 800 4043 803 4962
4 1557 1850 4047 4813
4 3752 4288 4005 4698
4 4005 3847 4288 5156
4 4482 4550 3860 4728
4 3353 79 557 4516
4 2009 4152 983 5546
4 1797 1341 1385 4523
4 1891 4604 4074 4693
4 1870 4954 4806 5051
4 3738 1771 4484 5082
4 4362 4412 3833 4911
4 589 4135 3418 5328
4 1415 4335 1292 4742
4 2037 4246 722 5479
4 3730 4145 4386 4894
4 2211 2198 3873 4184
4 2427 4044 4465 4815
4 2207 2189 3807 4554
4 4024 3781 4429 5392
4 4192 4322 3834 4873
4 2364 4161 2366 4855
4 4369 4830 3984 5551
4 2042 2607 2829 4282
4 3790 4967 1288 5111
4 3681 4234 4001 4544
4 2154 4077 2639 5302
4 2932 3020 4052 4793
4 3887 5028 4279 5138
4 4049 4324 3838 4763
4 3975 4862 4105 5128
4 4339 4345 3786 5364
4 181 710 3656 4653
4 2579 2578 2320 5360
4 3947 3987 3732 4860
4 3094 2970 4150 4728
4 1989 4043 4513 4673
4 4074 4693 4194 4776
4 2618 560 80 4273
4 1021 959 1007 4254
4 2336 3804 4217 4446
4 4123 4369 3984 5551
4 132 4769 4170 5289
4 832 726 2850 4662
4 857 736 1175 4185
4 677 159 4019 4444
4 4167 4572 3983 4633
4 1539 1537 1540 3868
4 2018 4475 5028 5340
4 3927 4626 4567 4970
4 655 3547 143 4809
4 3758 3971 4466 5024
4 2478 4321 3948 5376
4 3782 4316 4451 5337
4 1903 4233 4602 4825
4 1814 4506 1321 5521
4 3728 4146 3958 4983
4 4268 4518 3841 5276
4 3699 4068 4433 4536
4 3746 4356 4242 4745
4 3813 1677 4631 4954
4 3078 4728 4321 4826
4 4049 4763 3838 5169
4 3958 4429 3728 4850
4 2383 2381 2382 4491
4 2946 2840 4245 4952
4 4141 4418 3957 5498
4 4342 5024 4548 5575
4 3727 4647 3961 5097
4 36 5127 3968 5572
4 3728 4472 4319 4983
4 3956 3731 4375 5059
4 161 4253 3853 4530
4 1254 4570 1741 4604
4 653 139 4394 4430
4 3939 4665 1429 4903
4 3060 1942 2927 4370
4 3857 4312 4244 5585
4 3949 4207 4059 5279
4 1430 1429 4665 4903
4 3961 4647 4035 5097
4 4189 4309 3919 4851
4 2845 4039 4346 4431
4 3886 4255 5108 5456
4 4043 4246 3692 4673
4 4060 4411 4022 5039
4 2606 3864 4831 5178
4 4101 4675 4297 5324
4 1348 3989 4389 4508
4 3792 4470 4094 4834
4 3773 4188 2308 4621
4 2115 3937 4531 4848
4 3042 3075 3092 4345
4 1710 4448 1377 5027
4 1301 1863 4529 4576
4 2363 2364 2365 4923
4 1550 3761 4902 5088
4 963 962 4316 4451
4 1167 3076 4556 5046
4 1261 4518 1272 4628
4 2512 2510 2181 4258
4 4631 4954 1677 5270
4 1804 4403 3811 5055
4 1911 1590 1589 4625
4 4123 3723 4659 5101
4 89 4325 3823 4487
4 2380 4491 3975 4941
4 1607 4102 1904 5124
4 4039 5242 4346 5452
4 3846 4378 4608 5412
4 3998 4256 3884 4666
4 4299 4343 3845 5300
4 4073 4174 3727 5206
4 4196 4227 4752 5439
4 4039 4101 5242 5452
4 4474 5056 4315 5320
4 1957 3765 3055 5046
4 4756 4777 4144 5093
4 3684 3999 4522 5445
4 3722 3983 4167 4572
4 945 971 977 4409
4 63 3955 533 4906
4 4248 4414 3726 5054
4 3919 4189 4851 4987
4 147 4099 659 4552
4 2048 2871 1046 4128
4 3886 4184 2543 5331
4 3950 4305 3678 4751
4 1921 3960 1584 5066
4 2317 4178 3899 4684
4 2357 4119 3795 4307
4 3834 4192 4092 4322
4 3687 3787 4261 4634
4 2292 4283 2227 4799
4 2460 4286 3949 5577
4 1138 5093 2941 5146
4 1649 4477 1528 4989
4 1554 4298 4561 5107
4 4619 4988 4033 5132
4 4005 4288 3752 5156
4 4354 4962 4246 5078
4 3831 4305 4287 4748
4 4048 4190 2204 4504
4 1887 4261 4518 5276
4 3764 4102 3995 5124
4 963 4893 4451 5223
4 91 4487 4371 4869
4 3088 4282 4321 4728
4 3094 4150 3139 4410
4 3082 4667 3118 5315
4 1038 4259 1156 5424
4 3767 3808 3799 5004
4 1375 1478 1832 5282
4 79 557 4516 4702
4 1254 4570 4604 5528
4 2287 3961 4465 5398
4 1349 4508 4389 4676
4 4141 4342 1973 5264
4 1814 4435 5229 5492
4 3035 3055 2950 3765
4 2954 3051 2589 4267
4 1889 1886 1750 5074
4 1457 4631 1455 4803
4 2277 3987 2801 5438
4 4546 4586 3788 5508
4 1538 4543 4342 5024
4 1590 4155 1911 5399
4 1336 4315 1334 4781
4 57 3311 528 4374
4 4119 4307 2357 5377
4 3081 4705 4556 4750
4 161 4007 4253 4530
4 3692 4673 4246 4734
4 2743 3854 4104 4941
4 4897 4976 3955 5094
4 3927 4124 4626 4970
4 3942 5013 4885 5403
4 3710 4144 4756 4777
4 1535 1538 4548 5024
4 2018 3995 4475 5340
4 2366 2364 2395 4161
4 1580 1929 2999 4150
4 4200 4291 3834 4453
4 1758 4470 4389 5058
4 1771 4484 1769 4742
4 4195 4339 5163 5364
4 3715 4180 3868 4560
4 1814 1321 1387 5521
4 3857 3685 4326 4576
4 3905 4060 4022 5272
4 3724 4111 4636 4786
4 2523 4057 3893 4871
4 3800 4647 2223 4652
4 576 89 3952 5047
4 3951 4211 4866 5002
4 19 3187 473 4479
4 2133 2135 2784 4460
4 2137 2629 2135 4460
4 474 3189 22 5322
4 1429 1431 3939 4679
4 2665 4228 4039 4788
4 4305 4541 4287 4748
4 3725 4138 3916 4499
4 4194 4454 1629 5204
4 3811 4403 1804 4974
4 1167 4556 3895 5046
4 4417 4975 4332 5262
4 169 4434 695 4573
4 1498 4546 3788 5508
4 3042 4201 3075 4345
4 3720 4227 4856 5023
4 3701 4260 3908 4788
4 2037 2888 893 4246
4 3922 4406 4085 5327
4 1557 4274 4047 5388
4 3961 4413 2426 4465
4 1538 1535 4548 5575
4 4308 4534 1280 5111
4 2482 4254 2815 4289
4 1218 5232 4663 5274
4 3905 4411 4757 4860
4 1640 3758 1536 4445
4 3719 4517 3963 4601
4 3805 3691 4448 4812
4 1805 3751 4676 4834
4 1015 4304 966 5244
4 3765 4461 3035 5489
4 3077 4195 3083 4345
4 3847 4005 3703 5117
4 1496 1495 4067 4448
4 3701 4115 3908 4260
4 3863 4031 2296 4714
4 89 3823 4428 4487
4 3932 5110 2176 5160
4 76 3992 4759 5512
4 1540 1539 3868 4956
4 4739 4783 3935 5204
4 955 993 1029 4165
4 3983 4633 4572 4847
4 3705 4154 3848 4551
4 89 575 4487 5534
4 3679 4013 3830 4335
4 3728 5008 4964 5107
4 1082 4578 1102 5467
4 3036 9 4489 4738
4 3831 4057 3677 4242
4 822 4743 4062 5213
4 3687 3828 4633 5110
4 3813 4954 4631 5270
4 724 4288 1964 4916
4 3972 28 4399 4651
4 1346 1348 1785 3989
4 2393 2762 3984 4801
4 982 980 4629 5230
4 732 4519 937 4807
4 4123 4529 3934 4953
4 2131 2148 2792 4333
4 2345 4234 2344 4544
4 4076 3942 4885 5403
4 793 175 4120 4125
4 3989 4138 3725 5266
4 1288 4426 3790 4534
4 4524 5177 2562 5356
4 2428 4044 2427 4815
4 653 139 3542 4593
4 2849 4422 3988 4431
4 871 4153 844 4379
4 3770 4264 2341 5292
4 4532 5279 4059 5410
4 2961 2051 4289 4725
4 2950 3765 1132 4461
4 1541 1540 4560 4956
4 2150 2611 4100 4531
4 2490 2811 3884 4666
4 1835 4221 1811 4658
4 3743 4362 1874 5064
4 2189 2676 3897 4554
4 1888 4380 4997 5018
4 3714 4035 4413 4489
4 3915 4429 3781 4964
4 3042 4345 3092 4904
4 1989 4673 4513 4891
4 857 926 4185 5306
4 871 844 728 4379
4 36 4330 3968 5127
4 1492 1864 1796 4439
4 3955 4897 3763 4976
4 2999 4150 1929 4410
4 532 3315 62 4831
4 4128 4358 3712 4661
4 2953 3129 3104 4431
4 2763 2392 4078 4177
4 2639 4190 2638 4637
4 23 4215 3192 4218
4 1309 4335 3742 4463
4 1550 4749 3761 5088
4 1382 1611 1599 4882
4 746 2817 863 4881
4 4130 4418 2869 4899
4 3959 4696 4107 5288
4 4039 4101 3768 5137
4 3697 3789 4089 4637
4 3762 4583 4295 4880
4 2308 3773 2252 4499
4 761 5144 4114 5362
4 3803 4202 3676 4617
4 2006 4425 4875 5313
4 3683 4082 3857 4376
4 3722 4167 3999 5017
4 3978 5318 4711 5348
4 3062 3842 2695 4193
4 4332 4417 3839 4975
4 3942 5013 4176 5186
4 2580 3983 2735 4167
4 4059 3717 4629 5230
4 3036 9 4863 5209
4 1534 4195 1565 4339
4 2392 4078 4177 4498
4 3705 4154 5189 5308
4 4319 4472 3728 4744
4 3950 4745 4305 4751
4 4146 4447 3710 4777
4 3780 4354 4246 5078
4 1536 4445 3758 5115
4 2733 2460 2780 4286
4 2061 2588 4267 4996
4 3678 4136 3950 5127
4 1346 3989 1785 4726
4 45 4336 505 4565
4 3714 4035 3961 4413
4 3720 4695 4264 5292
4 3732 3987 3809 4657
4 3751 1353 4676 5449
4 2115 2114 3926 4531
4 3693 3785 4592 5251
4 3675 4324 3838 4450
4 4102 4396 1904 4682
4 2223 4647 2714 4652
4 1663 4916 4795 4917
4 3868 4560 4218 4934
4 3691 3805 4448 5430
4 3949 4286 2460 4397
4 1577 4122 1581 4359
4 1927 1056 4098 4654
4 3998 4553 3688 5272
4 3710 4447 4146 5126
4 1531 4143 4445 5115
4 1192 4222 1257 4356
4 3692 3780 4246 5078
4 4264 4695 3904 5292
4 3939 1431 4665 4679
4 1741 4074 1891 4604
4 4733 5225 4660 5427
4 3705 5189 4153 5308
4 4105 4862 3755 5128
4 3004 3002 4301 4919
4 4695 4810 3904 5292
4 3905 4485 4233 4646
4 3823 4564 4303 5463
4 3934 4856 4227 5023
4 2700 3780 2699 5086
4 4028 4517 4088 4816
4 3821 1657 4737 5179
4 2703 4392 4048 4504
4 4192 3834 4699 4873
4 2725 3958 2269 5509
4 159 4444 677 5172
4 4174 4739 1326 4783
4 3772 3725 3993 4275
4 1809 4054 1986 5564
4 3523 641 3525 4528
4 1412 4112 1891 4693
4 3787 3687 4261 5134
4 3715 3868 4180 4208
4 1297 1286 4477 5459
4 4536 5254 4433 5569
4 2966 2815 2073 4254
4 2191 2189 3897 4156
4 1777 4529 1863 4945
4 4065 4211 3951 5002
4 3687 4552 3841 4724
4 4033 4310 3944 4988
4 3956 5087 5059 5233
4 2393 4177 2766 4801
4 3710 4610 4024 5126
4 1301 4529 4312 4576
4 2966 2961 2815 4289
4 1487 3913 4691 4933
4 3674 3826 3853 4213
4 3916 3711 4031 5013
4 3376 569 83 4500
4 735 4181 2036 5312
4 4013 3830 4335 4742
4 3663 182 714 4640
4 2850 4133 2853 4662
4 1903 4233 1612 4602
4 4508 4676 1349 5449
4 3834 4873 4322 5446
4 3702 4002 4476 5061
4 1666 4978 3787 5463
4 4279 4546 3733 4549
4 1377 5027 4448 5573
4 1921 4986 1598 5174
4 4202 4218 4215 4382
4 1805 3751 1353 4676
4 4185 5066 1143 5584
4 2578 4471 3829 5360
4 2204 4190 2107 4504
4 3719 4601 3797 4898
4 3076 2948 1954 4556
4 3709 4418 4141 5214
4 89 4487 4428 5534
4 2116 3926 4505 4623
4 2148 2734 2786 4333
4 1763 1446 1487 4691
4 4195 4345 4339 5364
4 3690 3898 3834 3966
4 3978 5344 5318 5348
4 91 4212 4869 5565
4 3702 4581 4002 5061
4 4180 4218 3868 4560
4 3699 4536 4183 5094
4 1466 4067 4343 5300
4 3813 1458 4597 4631
4 3794 4160 4026 5241
4 3767 4958 4457 5465
4 4025 5314 4148 5483
4 3685 4558 4312 5358
4 4229 4546 3960 5194
4 4123 4811 3723 5101
4 3683 4244 3857 4562
4 3000 4301 1940 4370
4 2341 2340 2342 3770
4 756 4421 4229 5525
4 3910 4263 3961 5097
4 4142 4658 4522 5240
4 1811 4221 1835 4967
4 3679 3830 4104 4225
4 3010 4163 4422 4469
4 3056 2937 2069 4149
4 583 4231 95 4440
4 4094 4470 3792 5180
4 3076 3091 2948 4556
4 1941 3925 4807 4913
4 4312 4576 4244 5585
4 610 114 3472 4596
4 4101 5137 4039 5324
4 3833 4493 3959 5090
4 1746 1408 4615 5338
4 4410 3860 4550 4728
4 1940 4301 3000 5601
4 656 4166 144 4827
4 3872 4343 4129 4833
4 3045 4660 5225 5427
4 1935 4304 965 4451
4 3996 4423 2025 5073
4 1857 3793 1798 4915
4 2588 4610 3943 5075
4 3684 4075 3856 4318
4 3959 4806 3813 4954
4 1825 4025 4777 5022
4 1015 4451 4304 5244
4 1402 1837 1895 4744
4 3701 5087 4814 5233
4 2193 4292 3979 4398
4 3987 4657 2801 5438
4 4101 4431 3768 4927
4 4032 4344 3838 4655
4 3936 4732 3924 5302
4 4405 5108 3886 5283
4 3772 3725 4138 5266
4 1335 1336 4781 4984
4 3799 4218 4560 4934
4 3872 4713 4323 5297
4 4265 4323 3872 4923
4 3724 4348 4111 4786
4 4105 4539 1481 4779
4 1558 1557 1850 4047
4 2582 4247 4020 4635
4 4211 5267 4616 5405
4 4548 5024 3971 5115
4 1565 4339 4195 4345
4 3720 4196 4264 4695
4 956 2837 4361 5191
4 1468 4189 1548 4813
4 1999 4502 4503 5264
4 3764 4151 4102 5036
4 2061 2589 3051 4267
4 1531 4339 4143 5115
4 1580 4150 3070 5199
4 3723 3984 4505 4811
4 4665 4823 1681 5395
4 3774 4531 4100 5434
4 2703 2710 4392 4504
4 964 4316 962 4451
4 3042 4201 4345 4904
4 1658 4656 1483 4779
4 899 866 4185 5066
4 3695 4303 3823 4564
4 3685 4312 3857 5358
4 1581 4359 4122 4771
4 1741 4570 4074 4604
4 3717 4532 4059 5410
4 3905 4387 4258 5042
4 3722 3999 4221 5017
4 3696 3952 4137 4983
4 1658 4152 4656 4779
4 2131 4333 3963 4730
4 3943 4996 2588 5075
4 3942 4076 5013 5186
4 1432 1681 4665 4823
4 3722 5182 4684 5506
4 574 3402 91 4327
4 1680 1835 1811 4658
4 2137 2139 4212 4481
4 4198 4910 1699 4921
4 2677 4498 4177 5023
4 551 3966 4272 5556
4 1611 4825 1599 4882
4 4100 4531 3694 5434
4 3769 4861 4189 5260
4 3926 3694 4531 5201
4 3758 3971 5024 5115
4 1496 4448 4067 4602
4 3085 2932 3842 5315
4 2107 2204 2666 4190
4 1882 4073 1319 5206
4 3834 4071 3693 4200
4 4142 4522 3784 5240
4 3769 3962 4861 5260
4 3801 4137 3952 4983
4 2965 3111 3101 4254
4 2994 3062 2695 4193
4 3872 4713 4343 4833
4 3925 3716 4519 4723
4 4302 4318 3856 5305
4 1003 973 4152 4694
4 44 505 4014 5367
4 3863 4094 3792 5180
4 1577 4122 4359 5162
4 4317 5404 1235 5541
4 3834 4015 3690 4092
4 111 4450 4559 5169
4 3733 4546 4229 5194
4 4073 1319 5206 5459
4 4329 4756 3849 4857
4 4184 4292 2198 4770
4 3094 4150 4410 4728
4 3711 4389 3916 4676
4 3839 4449 5069 5192
4 1423 4302 1425 4318
4 73 4200 552 4257
4 3972 3832 4781 5205
4 1542 1543 4560 4934
4 2582 4020 2314 4635
4 4403 4428 3823 4564
4 84 4275 3993 4376
4 1432 4665 1681 5395
4 3701 5059 4788 5324
4 4114 4715 3675 5407
4 3799 3808 3767 4180
4 3834 4200 3693 4291
4 3872 4067 4713 4833
4 2966 2073 2965 4254
4 4123 4659 3723 4830
4 3922 4193 2995 5326
4 1158 1953 4040 4595
4 3724 4605 4056 4968
4 1832 3885 1478 4797
4 4319 4472 3952 4983
4 3951 4274 3689 4534
4 3787 4348 4179 5134
4 551 4272 3966 4453
4 4546 4549 4279 5138
4 3783 4663 1218 5232
4 1502 5104 1500 5138
4 3937 3953 3926 4839
4 4062 4093 3848 5530
4 3692 4030 3856 5416
4 4304 4575 1841 5109
4 3021 4052 2932 5315
4 3299 529 61 4670
4 2543 4184 2199 5331
4 4509 4578 2822 4688
4 1882 1319 4073 5459
4 3977 4685 2508 5148
4 3676 3881 3852 4357
4 3718 4434 4037 5123
4 4176 5013 3711 5186
4 2277 3809 3987 5438
4 1204 1874 4362 5064
4 4252 4831 3864 5178
4 3689 4274 3951 5002
4 4061 4723 773 5312
4 3675 3838 4080 4450
4 654 3544 142 4593
4 3701 3832 3972 5205
4 3767 3799 4874 5004
4 3771 4912 3949 5253
4 1570 4771 4165 4797
4 4280 1604 5028 5340
4 1377 1872 1901 4448
4 3966 3834 4322 4845
4 2038 2590 3849 4267
4 2131 2133 4333 4730
4 3826 3674 4665 5395
4 2276 3977 4538 4821
4 3793 4605 1798 4915
4 2929 3134 3054 4418
4 4334 4816 4702 5155
4 963 4316 962 5223
4 3787 4179 3687 5134
4 1447 4438 1471 4938
4 2932 4052 3021 4793
4 2606 3864 2607 4831
4 3714 4201 4149 4514
4 1641 2011 4236 4451
4 3695 3874 3823 4487
4 3960 4715 4114 5407
4 1072 3995 4661 4965
4 4067 4618 4833 5288
4 4182 4332 3839 4449
4 3816 4334 4702 5155
4 1348 4389 1349 4508
4 490 34 4821 4949
4 3077 1141 4195 4345
4 3916 4508 4389 5013
4 3679 3830 4225 4335
4 3727 4652 4020 5112
4 3719 4220 3965 4872
4 1680 4221 1835 4658
4 2925 4084 1034 4660
4 1324 4174 1326 4783
4 3941 4958 3767 5465
4 4128 4661 3995 4965
4 2583 3785 3992 4579
4 3758 4934 4202 5294
4 595 100 4412 5598
4 3872 4161 4067 4812
4 3682 4416 4253 4837
4 2507 4151 4128 4870
4 1924 1807 4470 4667
4 3759 4277 1338 5007
4 3716 3925 4519 4780
4 3709 3971 4548 4980
4 4216 4219 3752 5470
4 3680 3833 4055 4158
4 937 4519 3925 4807
4 2906 753 2071 4790
4 1487 4691 1446 4933
4 4056 4605 4317 4968
4 3858 5348 5057 5372
4 4149 4201 3714 4867
4 3839 4036 3698 4182
4 3676 4202 4382 4928
4 4169 4198 3818 5221
4 2595 3891 3988 4422
4 3718 4037 2575 5123
4 3689 3830 4308 4463
4 4142 4749 1417 5240
4 2850 2058 2853 4133
4 1283 4066 1269 5250
4 3841 4724 4552 5276
4 963 964 962 4451
4 1069 1046 4151 4965
4 2639 2666 2638 4190
4 498 39 4057 4136
4 956 4316 2837 5191
4 31 486 4115 5587
4 1804 4403 5055 5167
4 3755 4656 4053 4862
4 2211 4184 3873 4868
4 857 926 736 4185
4 3112 2946 3050 4245
4 2945 4410 1142 5014
4 3816 4702 4334 4816
4 851 900 778 4095
4 2266 4527 3862 5545
4 3684 4522 4471 5445
4 3802 3726 4190 5054
4 2237 3908 4260 4788
4 4174 5171 3935 5425
4 4083 4271 3820 4566
4 4081 4814 3701 5059
4 4108 4505 3723 4830
4 5171 5228 3935 5425
4 2112 4310 4033 4619
4 4141 4884 4342 5152
4 1181 4324 4655 4804
4 3742 4012 4963 5072
4 3080 3051 4267 4996
4 1584 3960 4586 5066
4 3905 4387 5042 5272
4 3807 3897 3689 4554
4 3709 4548 3945 4980
4 3731 3956 4523 5059
4 3687 3841 4261 4724
4 4147 3753 5027 5092
4 2946 4245 3112 4952
4 1277 1909 4202 4928
4 1797 1772 4198 4918
4 3869 4724 1246 5021
4 2025 3996 2896 4423
4 3081 3096 4705 4750
4 2171 3900 2086 4666
4 2490 3884 4186 4666
4 4102 4151 3764 4965
4 4028 3719 4517 4816
4 3705 4551 3848 4616
4 3772 2685 4455 5195
4 3878 4566 4338 5273
4 475 3192 4215 4466
4 3077 3083 2947 4345
4 3935 5171 4174 5228
4 3825 4788 3701 5059
4 3820 4566 4271 5273
4 3839 5069 3953 5192
4 4088 4517 4028 5246
4 4788 5059 4228 5324
4 1232 4317 1275 4649
4 2150 4531 4100 5586
4 1633 1640 1536 4445
4 536 65 3320 3948
4 1554 4298 1476 4561
4 2237 3908 4115 4260
4 3703 4266 3847 5117
4 4028 4517 3719 4898
4 3139 4150 2999 4410
4 673 4341 157 4703
4 3856 3692 3991 4030
4 1385 4523 1341 5087
4 3675 4096 4185 4715
4 2277 3987 3809 5559
4 76 4010 4458 5512
4 4122 2969 4792 4826
4 883 826 4320 5200
4 3020 2820 4052 5488
4 2994 4193 2046 5326
4 2762 3984 4505 5280
4 181 709 4178 4653
4 989 4237 4165 4785
4 4343 4713 4067 4833
4 2222 2224 4652 5261
4 3310 533 63 4374
4 2583 2686 3785 4579
4 1399 1468 1548 4813
4 3968 3727 4073 5112
4 4067 4833 3872 5288
4 773 4723 4061 5580
4 1703 3751 1805 4834
4 1868 4659 1487 5196
4 630 2841 126 4611
4 4073 5206 4349 5459
4 546 3331 70 4868
4 4102 4151 3883 5036
4 4369 4659 4123 4830
4 3932 4636 4111 4786
4 4157 3858 5057 5372
4 3999 4167 3722 4522
4 4349 5206 1319 5459
4 1023 1006 904 4425
4 2523 3893 2093 4871
4 4044 3910 4465 4514
4 1267 4659 1756 5101
4 3828 3687 4199 4634
4 1696 1699 4910 4921
4 2336 4217 3804 5354
4 3094 3078 2970 4728
4 2867 4594 4300 4815
4 1399 4189 1468 4813
4 3688 4387 3900 5272
4 2380 2384 4491 4941
4 2060 4230 865 5312
4 3682 4253 4416 4809
4 3834 4092 3690 4322
4 883 4320 4210 5200
4 1481 4539 4105 4683
4 4250 4862 3771 5336
4 2817 2075 863 4881
4 600 4256 105 4468
4 4032 3838 4365 4655
4 3698 4172 4375 5262
4 4196 3756 4752 5217
4 3953 5069 4449 5192
4 2522 2801 3987 4258
4 3696 3862 3811 4458
4 3848 2898 4154 5293
4 2542 2907 4377 4494
4 3686 3841 4268 4518
4 3724 4056 4605 5541
4 3732 4258 3987 4657
4 2086 2084 2085 4387
4 2044 4431 4346 5452
4 3852 3881 3676 4106
4 3141 4148 3008 5005
4 3808 4645 2808 4920
4 65 3332 4497 4864
4 4326 4718 4576 5435
4 1891 4074 1893 4693
4 2932 3020 2035 4052
4 4486 4693 4112 5258
4 4010 76 4557 4759
4 2769 4187 3777 4619
4 3934 3685 4529 5435
4 3884 4155 4060 4925
4 1575 4560 4139 4654
4 4123 4369 1862 4659
4 3689 3830 4463 4512
4 1056 1057 4098 4654
4 1809 4337 4054 5346
4 4005 4113 3703 5117
4 3685 3857 4558 5358
4 3823 1728 4564 5463
4 3832 5056 4103 5447
4 1874 4362 3743 5051
4 2525 2523 2093 4871
4 2079 4943 3798 4951
4 2937 2865 4149 4594
4 1899 1485 4536 5094
4 3924 3936 3680 4782
4 3140 3094 3139 4410
4 3702 4118 4581 5061
4 3692 4246 4043 5078
4 4019 4575 4012 5072
4 3765 3035 4489 5489
4 94 4199 582 5049
4 1069 1070 1046 4965
4 1417 4142 1418 4749
4 4158 4248 3680 4362
4 3872 4265 3986 5147
4 1597 4279 4173 4280
4 3702 4739 4118 5061
4 1437 4295 4364 5220
4 4235 3912 5418 5591
4 108 4256 4666 5034
4 4505 4830 4108 5280
4 2743 4398 3854 4941
4 3698 4417 4332 5262
4 3769 3962 4274 5558
4 1075 1044 1076 4280
4 3793 4253 3827 4650
4 3057 1984 1146 4406
4 75 5433 551 5556
4 1973 4342 4141 5575
4 1212 4712 5033 5077
4 3731 4081 4921 5221
4 4173 3976 4280 5031
4 4053 4862 4656 5083
4 3721 4112 4486 4693
4 4142 4492 1418 4749
4 2052 4016 749 4790
4 1027 4377 996 4494
4 3081 4556 4705 5400
4 1730 4403 3823 4564
4 127 630 4061 4230
4 25 3911 4214 4581
4 1634 3817 1386 4473
4 3688 3900 4666 5272
4 2575 4037 3718 5029
4 2698 3982 3827 4555
4 2103 4055 3802 4437
4 1868 4276 4659 5196
4 4146 4777 3710 5483
4 3695 4303 4564 5131
4 4118 4693 4486 5258
4 2188 2207 2189 3807
4 3718 2575 4393 5123
4 1361 3740 4291 4922
4 2207 3807 2188 5506
4 3749 4050 3977 5231
4 3728 4116 5008 5107
4 4039 3818 4101 5324
4 4158 4362 3833 4493
4 1689 3008 4148 5005
4 4139 4958 4457 5166
4 11 4413 4035 4859
4 3702 4476 4739 5061
4 1311 3810 1390 4865
4 2225 3800 2223 4419
4 2611 3937 4100 4531
4 3698 3839 4182 4332
4 3654 176 704 4653
4 3820 4547 4083 4566
4 4268 4285 3686 4518
4 2391 2336 2334 4446
4 4560 4654 1575 4956
4 1076 1075 4280 4661
4 3717 4286 3949 4397
4 4033 4619 4310 4988
4 4231 4325 92 5227
4 1805 1703 1384 3751
4 2731 3903 4352 4716
4 2839 4245 4169 4841
4 3924 5038 4995 5471
4 1481 1313 4539 4683
4 2207 4211 4554 5506
4 1246 5021 4724 5276
4 3986 4265 3872 4923
4 2175 3827 2134 4730
4 1217 4663 5101 5121
4 3735 4294 3992 4579
4 1431 1430 1429 4665
4 4491 4678 4250 4862
4 3846 4551 4478 4608
4 2137 2138 2139 4481
4 749 920 911 4016
4 1425 4318 4302 5305
4 92 3901 4064 4472
4 920 4016 749 4720
4 1079 3976 1121 5151
4 2376 2513 4405 5591
4 3702 5171 4174 5271
4 3891 4422 2595 4977
4 2068 845 4608 5293
4 690 167 3616 4483
4 2107 4504 4190 4931
4 3081 4705 3012 5400
4 3856 3991 3692 5560
4 3705 4093 3899 4226
4 144 4166 656 4908
4 1136 851 4095 4595
4 4814 5059 4081 5087
4 1269 4066 1643 4883
4 3705 3899 4093 5267
4 4844 4894 3850 5275
4 1847 1481 4539 4779
4 5283 5418 3912 5591
4 2018 3995 1606 4475
4 3836 4375 4172 5262
4 2314 2582 2224 4020
4 702 3639 174 836
4 3751 4979 1353 5449
4 771 4459 4807 5580
4 1138 4144 5093 5146
4 3968 4073 3727 5197
4 486 4115 30 5120
4 2397 2079 3798 4951
4 2133 4018 4333 4730
4 4068 4433 4536 5254
4 3857 3683 4046 4082
4 4077 4995 3924 5038
4 3731 4081 4523 4921
4 4028 4816 4088 4998
4 1256 1260 4222 4966
4 4292 4398 2193 4770
4 4110 4576 4718 5435
4 2306 3781 2376 4420
4 4114 4715 3960 5144
4 3987 4258 2801 4657
4 3977 4050 3749 5552
4 4423 4700 4053 5298
4 1311 1315 1390 3810
4 4767 4841 4026 5237
4 3931 4371 3874 4487
4 3004 4301 4245 4919
4 683 4007 161 4530
4 2839 4841 4169 5413
4 3686 4268 4736 5203
4 3686 4285 4268 5203
4 1241 3787 4978 5134
4 3913 3681 4691 4692
4 1003 4152 4520 4694
4 4123 3984 4811 4953
4 2822 4509 4688 4890
4 909 759 4890 5525
4 1540 3868 1537 4934
4 4056 4303 3695 5131
4 3728 4146 4319 4537
4 4389 5013 4076 5186
4 3944 5201 4598 5385
4 2762 2393 3984 5280
4 2829 3072 2042 4282
4 2762 4505 2767 5280
4 4332 4449 3747 5069
4 2650 4898 4517 5246
4 2287 3961 2426 4465
4 1255 4305 3753 5341
4 1756 1267 1867 4659
4 3975 4105 4683 5128
4 899 4185 4715 5066
4 3919 4241 5349 5474
4 1860 1491 1861 4480
4 961 962 4316 5223
4 2674 4245 2840 4952
4 3738 5021 1771 5082
4 977 976 4700 5083
4 3805 4448 3947 4525
4 1972 4916 1663 4917
4 3707 4292 4184 4770
4 3680 4412 4362 5159
4 1901 4485 4448 4602
4 2625 5011 4822 5345
4 43 4048 4103 5286
4 2625 4109 5011 5345
4 2802 4161 4058 4855
4 2105 2103 3802 4437
4 3995 3712 4661 4829
4 4189 4706 1398 4987
4 4244 4576 1224 5585
4 4158 4248 4008 4957
4 3730 3986 4107 4696
4 3919 4720 4241 5474
4 909 759 4063 4890
4 3942 4507 4176 5013
4 3711 4176 4507 5013
4 3682 4416 3819 4809
4 468 3179 17 4350
4 3800 3702 4283 5037
4 1587 4607 4050 5129
4 3984 4830 4505 5280
4 1554 5107 4561 5250
4 4159 4236 3867 5337
4 1285 1277 4340 4930
4 1927 1056 1038 4098
4 3707 4184 3873 4770
4 3919 5349 4720 5474
4 583 4231 92 5227
4 3693 5251 4592 5389
4 1828 1549 3822 4902
4 3728 3915 4429 5126
4 3750 4261 4231 4518
4 3807 4554 4211 5506
4 517 4193 53 4681
4 3784 3684 3829 5141
4 2259 4272 4071 4789
4 3013 4469 4422 4927
4 4094 3994 4710 4834
4 1742 4938 4438 5363
4 1121 3976 1079 4937
4 3745 4655 1382 4882
4 4554 4866 4211 5002
4 4300 4594 3786 4815
4 2191 2189 2676 3897
4 72 548 3347 4257
4 3832 4115 3701 4260
4 3727 3968 4652 5112
4 1245 1246 4724 5276
4 2700 2888 4246 4354
4 4219 4587 3752 5470
4 3764 4870 4829 4965
4 977 4700 4053 5083
4 2114 4310 3926 4531
4 25 4314 3911 4697
4 575 3404 89 4325
4 3913 3681 4692 4830
4 4362 4493 3743 5051
4 1212 1753 4712 5077
4 3675 3838 3933 4942
4 4060 4625 3749 4925
4 824 822 4062 5213
4 3370 80 560 4273
4 3680 3833 4158 4362
4 2866 4610 2725 5509
4 2887 4171 2886 4354
4 3810 1315 4532 4960
4 3947 4448 3805 5027
4 3717 4286 4982 5230
4 844 1997 1168 4153
4 4317 5067 1235 5404
4 512 3275 48 4681
4 4658 4967 4426 5500
4 3769 4274 4813 5558
4 1331 4781 3737 5245
4 2110 2112 4033 4619
4 1245 5021 1246 5276
4 3927 4567 4626 5423
4 2342 4544 3770 5023
4 4179 4786 3687 5017
4 3716 4343 4299 4780
4 4430 4576 4326 4718
4 3721 4486 4118 4693
4 4317 4605 4056 5541
4 2595 3988 3891 4402
4 3010 4422 3013 4469
4 3797 4046 3683 4452
4 759 5144 4890 5525
4 3767 4457 4180 5465
4 3893 4057 2091 4599
4 3018 3082 4464 4667
4 500 4260 40 4791
4 608 3460 113 4585
4 3802 4190 3726 4931
4 3132 4410 2945 5014
4 1730 3823 1728 4564
4 1804 3811 1364 5055
4 2092 2091 3893 4057
4 4517 4898 4028 5246
4 147 3573 659 4099
4 1622 4485 1610 5374
4 3840 4129 4844 5147
4 1384 3751 1703 4981
4 3926 5201 4531 5385
4 2236 2234 4089 4115
4 2079 4080 3798 4943
4 4090 4966 4222 5089
4 1072 1080 1104 4661
4 1643 4066 1846 4536
4 5318 5344 4134 5348
4 2092 2091 4057 4599
4 3065 4793 4026 5488
4 3392 88 572 4501
4 2392 4177 2677 4498
4 1891 1741 1893 4074
4 883 872 4210 4734
4 2428 4716 4044 5563
4 1703 3751 4834 4981
4 139 647 3918 4326
4 4041 5091 4683 5336
4 4143 4445 3673 4477
4 1713 4332 4366 4975
4 34 3235 490 4690
4 2817 2077 2075 4881
4 3995 3764 4829 4965
4 2811 3884 4666 5136
4 3840 4129 4386 4844
4 2181 4058 3791 4424
4 2068 845 750 4608
4 155 671 3897 4512
4 92 3901 4472 5510
4 2763 2677 2392 4177
4 1637 1812 4706 4987
4 2972 2966 4254 4792
4 2292 3911 4283 4799
4 3920 4938 3718 5012
4 3693 4648 4970 5389
4 1643 1283 1846 4066
4 3744 4007 4903 4915
4 1335 1336 1334 4781
4 2714 4652 4647 5398
4 3727 4035 4506 4735
4 2653 4310 3777 4948
4 3799 4218 4202 4382
4 771 4459 3844 4807
4 1296 1297 1286 4477
4 1089 2833 1094 5096
4 2582 4247 2226 4419
4 3807 3689 3897 4156
4 1023 904 2023 4425
4 2376 2799 3781 4405
4 1901 4448 1872 4602
4 1338 4277 3759 5056
4 1056 1105 1038 4098
4 1235 4317 1234 5067
4 1907 4139 2010 4560
4 3018 4464 1920 4667
4 4101 4039 4431 5452
4 1386 4473 3817 5072
4 2259 4071 2661 4789
4 2967 4289 4792 4826
4 2583 3992 3785 4759
4 3847 4113 4005 5117
4 3080 4996 4267 5299
4 2674 2840 4808 4952
4 4711 5318 3858 5348
4 2060 4061 4230 5312
4 1691 1390 4539 4865
4 84 3993 4275 4961
4 2266 4443 3862 4527
4 3699 4561 4536 5094
4 1372 1386 1634 3817
4 3691 4117 3809 4877
4 2530 3906 4186 4817
4 3716 4095 4519 4723
4 1003 973 983 4152
4 3755 4105 5128 5520
4 2863 4149 4465 5222
4 3951 5267 4211 5405
4 558 79 3353 4516
4 4148 4777 4025 5483
4 2625 4822 4109 5345
4 3783 4663 5232 5274
4 3748 4484 4041 4883
4 1652 1870 4806 5051
4 3732 4448 3947 4485
4 1310 1372 3817 5072
4 4067 3872 4812 5288
4 3856 3692 4302 5560
4 1894 4332 1713 4975
4 3824 2197 4263 4330
4 3771 4250 4678 4862
4 1093 1046 1070 4128
4 4173 4229 3985 5543
4 4342 4543 3945 5024
4 3732 4525 4448 4812
4 4096 4114 3675 4943
4 3686 4231 3841 4518
4 3727 3800 4647 4735
4 3711 3916 4389 5013
4 4291 4453 3740 4845
4 3686 4518 4285 4628
4 3943 4610 3710 5483
4 3813 4091 3959 4954
4 3916 4031 4138 5013
4 3687 3828 3787 4634
4 3698 4375 3836 5262
4 1019 3996 1026 5073
4 1310 3817 1372 4861
4 3795 4119 2357 4596
4 3799 4218 4180 4560
4 1710 4448 5027 5430
4 1651 4107 1650 5444
4 3959 4091 3743 4954
4 2575 3718 4393 5029
4 4049 3838 4324 4450
4 3915 4146 3728 4537
4 581 4212 91 4327
4 2530 4186 2414 4817
4 4018 4056 4968 5557
4 576 3952 89 4325
4 1554 4561 1613 5250
4 486 31 3212 4526
4 2105 2103 2104 3802
4 4656 4862 4152 5083
4 3959 3986 4696 5288
4 3694 3937 3926 4531
4 3961 4647 3727 4652
4 4198 4921 4081 5221
4 2790 2645 2644 5350
4 3913 4276 3723 4769
4 4576 4718 4430 4774
4 3693 4970 4648 5393
4 1751 4380 1888 5018
4 1136 1944 1947 4095
4 3725 3940 4641 5019
4 1424 1423 1425 4318
4 3939 4513 1429 5472
4 3693 4970 4124 5389
4 3882 4042 2783 4635
4 1424 4318 1425 5305
4 1331 3737 4992 5245
4 4641 4677 3725 5018
4 2969 3113 4122 4792
4 1536 1633 4445 5115
4 1209 5033 4206 5380
4 1267 4123 1867 4659
4 2115 3937 2611 4531
4 3690 4015 3773 4092
4 646 139 3530 4766
4 3693 3875 4648 5173
4 877 4587 4524 5239
4 3683 4046 3797 5455
4 955 1029 1014 4629
4 1487 1446 1448 4933
4 1437 4295 1544 4364
4 3748 5203 4580 5216
4 4485 4602 4233 4646
4 3002 4301 4919 5601
4 1534 1565 4195 5575
4 777 900 4095 4519
4 3829 4471 3684 4522
4 4635 4247 5425 5538
4 3358 3359 3357 4453
4 1587 4050 4607 5422
4 2122 4082 4045 4488
4 3987 4258 3732 4860
4 3729 4408 4084 4733
4 1542 4560 1540 4934
4 73 3346 548 4257
4 4048 4392 43 4495
4 1255 3753 4305 5092
4 2427 4465 4149 4815
4 2736 2580 2735 4167
4 3705 4226 3899 4616
4 3772 4138 3725 5195
4 915 4288 724 4916
4 4168 4874 3799 5004
4 4580 5203 3837 5216
4 4464 4667 3082 5315
4 1404 4146 4777 5450
4 3725 4641 3940 4677
4 4012 4642 4019 5072
4 4398 4778 4013 4900
4 1217 4663 1218 5101
4 1003 4152 983 4520
4 3892 4452 2655 5350
4 4096 4715 4114 4881
4 3986 3872 5147 5288
4 3695 3823 4303 4487
4 4086 4208 3879 4243
4 4063 4951 2821 5003
4 1634 1372 3817 4706
4 2219 2220 2197 4263
4 2149 2655 4046 4452
4 1385 4675 4081 4814
4 1876 1200 1202 4362
4 1728 3823 1730 5463
4 4221 4967 4658 5500
4 4155 4625 4060 4925
4 4552 4724 3869 5276
4 3702 4214 3973 4419
4 4235 5418 5008 5591
4 2950 1957 1132 3765
4 4380 4677 4641 5018
4 3712 4128 4829 5428
4 2666 2204 2638 4190
4 3726 4206 4038 5380
4 1470 1577 1581 4359
4 4279 4546 1504 5174
4 5040 5425 4247 5538
4 1437 1544 4295 5220
4 4013 4398 3854 4778
4 3696 4458 3811 5055
4 1545 2002 4140 4396
4 4312 4529 1301 5232
4 4033 4310 2112 4531
4 2458 4478 4065 4551
4 1382 3745 1591 4655
4 1862 4369 1763 4659
4 1184 4496 4344 4553
4 1537 4934 3868 5024
4 95 4231 4199 4440
4 1300 4416 3819 4649
4 2205 4481 3982 5160
4 540 3320 65 4278
4 1851 4588 4111 5122
4 2932 2035 3842 4052
4 1429 4513 3939 5365
4 1361 3740 1360 4845
4 3693 4124 4970 5393
4 3692 4395 4030 5416
4 1280 4308 1289 4534
4 1699 4910 4198 5600
4 1504 4546 4279 5138
4 4134 5220 4054 5346
4 3709 4141 4342 5575
4 3872 4067 4161 4713
4 89 4137 3952 5047
4 4586 4715 3675 5584
4 3847 4266 4698 5177
4 3696 4458 5055 5512
4 3912 5008 4235 5418
4 1209 1210 4206 5033
4 1804 5055 1366 5167
4 4211 4616 4065 5405
4 4111 4348 4179 4786
4 2765 2771 3878 4619
4 3723 4276 3913 4659
4 1899 4536 4561 5094
4 3799 4382 4202 4928
4 1279 1288 4967 5111
4 2129 3963 2792 4601
4 994 1019 1026 5073
4 3730 4107 3986 5147
4 2645 4188 2644 5350
4 3693 4200 4124 4291
4 1966 1404 1825 4777
4 2373 4307 2359 4390
4 2946 2028 3050 4245
4 4406 5173 4648 5507
4 1056 2016 1037 4654
4 4552 5021 4268 5276
4 1119 1079 1121 5151
4 1640 1671 4934 5294
4 2529 3775 2572 4614
4 4110 4718 4576 4774
4 4321 4826 4728 5384
4 1804 1378 1364 3811
4 560 81 3368 4273
4 2743 4104 2544 4941
4 2270 2458 4065 4616
4 2522 4258 3987 4599
4 4319 5022 3696 5167
4 1184 1185 4344 4496
4 2580 3983 4167 5360
4 2638 4190 4048 4637
4 3697 4474 4604 4994
4 4308 4335 3830 4742
4 2790 5195 4275 5350
4 3867 4159 4016 4875
4 3679 3854 4013 4398
4 4275 4641 4188 5195
4 1766 5528 4474 5537
4 3840 4386 4129 5234
4 2736 2176 4167 4633
4 3345 77 554 4257
4 4556 4672 1656 4737
4 4063 4890 759 5144
4 3827 4719 4018 4968
4 4262 3696 5022 5167
4 1277 3803 1264 4617
4 2064 4422 2849 4431
4 2666 2154 2105 4437
4 3703 4145 4113 4803
4 3525 135 4170 4216
4 2453 3941 4442 4645
4 3719 3963 4220 4872
4 4159 4236 1637 5313
4 4012 3742 4642 5072
4 1719 4368 1721 4997
4 2542 4377 3896 4494
4 4130 4300 3786 5163
4 3838 3900 3688 4097
4 2725 2267 2269 4527
4 1587 4607 1513 5422
4 2946 4346 2840 4952
4 3719 4220 3963 5334
4 1811 1288 4426 4967
4 3679 4398 4013 4900
4 1267 4123 4659 5101
4 2750 4065 2458 4478
4 2659 3863 5052 5488
4 3927 4626 4124 5251
4 4480 1681 4823 5395
4 4018 4968 4719 5557
4 1454 4083 4803 5270
4 1348 3989 1346 4885
4 4077 5038 3924 5125
4 4305 4356 4287 5341
4 3916 4031 3711 4094
4 4572 4633 4167 5017
4 1545 4140 1553 4457
4 3808 2509 4106 4685
4 4085 4970 4648 5389
4 3771 4290 4059 5457
4 3947 4448 5027 5573
4 3693 4124 5251 5389
4 773 4061 4230 5580
4 1359 1361 1360 4845
4 1246 4967 5021 5111
4 3582 668 153 4328
4 833 4133 4662 4842
4 4058 4161 2802 4657
4 81 4182 4036 4639
4 4025 4146 3958 5483
4 2943 3141 3008 5005
4 3163 461 11 4735
4 2077 4943 4881 5006
4 4235 5283 3912 5591
4 4220 4872 3963 5334
4 2699 2700 2447 3780
4 2994 2046 2949 5326
4 3872 4855 4161 4923
4 2249 4138 4031 4507
4 4258 4599 2522 5501
4 4229 4986 4546 5174
4 2195 2397 2079 3798
4 3689 3951 4534 4866
4 1554 1476 1613 4561
4 3729 4733 4084 5152
4 2498 4063 2821 5003
4 3775 4247 2529 4635
4 1640 4934 3758 5294
4 3872 4383 4161 4812
4 2674 4169 4245 4808
4 1893 4194 1673 4693
4 3792 4094 3863 4710
4 626 3491 125 4424
4 776 773 4723 5312
4 4013 4335 3679 4742
4 2196 3824 2197 4716
4 180 4226 4178 5277
4 1948 4410 3860 5014
4 4275 5195 4188 5350
4 1246 5021 1259 5111
4 3977 5231 4050 5552
4 2702 2101 3936 4732
4 805 4246 4354 4962
4 1292 4335 1309 4463
4 3870 4006 5031 5157
4 3711 4470 4094 5180
4 3683 4046 3892 4452
4 3751 4204 4979 5449
4 127 4363 4061 4611
4 3811 3862 4428 5345
4 1694 3855 1693 4672
4 4052 5052 3863 5488
4 1934 1932 971 4409
4 1911 4553 1271 5399
4 4227 1441 5217 5439
4 83 4623 3937 4848
4 2077 2076 4881 4943
4 893 924 722 4246
4 771 4459 767 5269
4 1606 4475 3995 5124
4 2391 4446 2334 5516
4 3358 551 75 4453
4 641 4216 3525 4528
4 1726 1723 1724 3816
4 111 605 3449 4450
4 3832 4260 3701 5233
4 3949 4059 4290 5230
4 4043 3692 4513 4673
4 4386 4844 4129 5147
4 1537 4543 1538 5024
4 3883 4151 4102 5025
4 926 5100 4185 5306
4 2171 4666 2086 5136
4 2193 4398 2379 4770
4 4377 4494 1027 4878
4 3817 4706 4861 5260
4 3817 4861 1310 5072
4 455 4413 11 4489
4 3749 3977 4353 4925
4 1601 1500 4279 5028
4 3725 4188 4641 5195
4 1438 4439 4364 5439
4 1261 4268 1618 4518
4 2529 4247 3775 4614
4 3722 4522 4142 4658
4 3909 4455 2643 4843
4 1956 3895 1167 4556
4 44 4131 511 5367
4 2271 4211 2208 4684
4 2527 3775 2529 4635
4 1182 1181 1180 4324
4 1281 4496 1187 5374
4 1237 4303 1239 4348
4 617 119 3478 5417
4 4101 4370 1945 4675
4 1862 4123 1734 4529
4 3691 3959 3833 4347
4 2643 3909 4036 4455
4 2073 2922 2965 4254
4 3755 4197 4012 4905
4 3710 5126 4146 5483
4 3719 4816 4028 5307
4 3783 1218 4663 5101
4 1539 4543 3868 4956
4 3573 3572 659 4238
4 4376 4380 3993 5119
4 1447 1445 4438 4691
4 751 4063 2062 4890
4 3703 4083 4005 5135
4 4056 5404 4317 5541
4 3712 4358 4128 5428
4 4067 4812 4618 5288
4 3836 4975 4417 5262
4 1694 4672 1695 4772
4 4287 4305 3831 4356
4 2259 2257 4272 4789
4 821 4062 822 4743
4 2085 3791 2181 4387
4 63 4374 3955 4482
4 1454 4803 4631 5270
4 4063 5144 4114 5194
4 728 1168 2000 4379
4 4316 5191 4361 5223
4 3702 3911 4002 4581
4 2036 4181 735 4662
4 3003 4301 4370 4952
4 99 3947 4525 4622
4 4469 4927 3059 5063
4 3815 4376 3993 5119
4 89 3952 4137 4428
4 3779 4460 4109 5155
4 3895 4556 1956 4737
4 1846 4536 4066 5250
4 3741 1449 4795 4917
4 2767 4505 4108 5280
4 4143 4477 3673 5468
4 1851 4686 4588 5122
4 4157 4583 3762 5339
4 3717 3859 4286 4397
4 3831 3678 4042 4136
4 4295 4364 3762 4752
4 2093 3893 2523 4057
4 3799 1910 4874 4928
4 3713 4002 3911 4697
4 3825 4228 4788 5059
4 1724 3816 1723 4974
4 2853 4662 4133 4991
4 4133 4390 2683 4991
4 1338 3759 1410 5056
4 2810 3808 2509 4106
4 1108 5166 5096 5442
4 2686 2583 3785 4759
4 3679 4900 4041 5102
4 1862 1867 1267 4123
4 4055 4585 3833 4674
4 2114 2116 2115 3926
4 4165 4237 989 4982
4 4018 4460 3931 4719
4 4293 5079 781 5356
4 2654 4404 3861 4730
4 4010 4200 4124 5251
4 3482 616 117 4467
4 1015 966 970 5244
4 3870 5031 3712 5157
4 25 4214 479 4581
4 2010 4139 1907 4457
4 3811 4564 4403 4974
4 3749 4353 3977 4538
4 4229 1598 4986 5174
4 44 4375 4131 5367
4 1851 1854 4111 4588
4 2384 3814 2421 5113
4 2695 3062 2891 3842
4 2038 4329 3849 4800
4 3797 4452 3683 5455
4 1219 1218 4663 5274
4 1610 1281 1187 5374
4 1498 3788 4546 5138
4 2748 4086 4243 5249
4 3811 4428 4251 5345
4 3940 3725 4677 5019
4 1203 1205 1204 4248
4 2453 4442 3941 5096
4 780 781 5079 5356
4 3839 4332 3698 4417
4 1819 4772 4297 5245
4 4513 4673 3692 4891
4 4109 4460 3695 5155
4 1808 4295 5220 5346
4 2918 4128 2504 5428
4 1821 1136 4095 4595
4 4113 4803 4145 5481
4 958 4425 1976 4893
4 2213 2379 2380 4770
4 3924 5125 5038 5471
4 3877 3697 4048 4103
4 1903 1612 1902 4602
4 4046 4432 2149 4452
4 3830 3897 3689 4156
4 3780 3692 4246 5105
4 4964 5008 3912 5107
4 1637 1812 1400 4706
4 3748 4580 3979 5216
4 176 4569 704 4653
4 4141 5214 4418 5498
4 2607 2606 2478 3948
4 3741 1449 4917 4933
4 2063 2886 892 4354
4 4279 4280 1597 5028
4 1378 3811 1804 4974
4 3077 2947 1141 4345
4 4389 4885 4076 5013
4 3063 1914 2941 5146
4 3013 3011 4469 4927
4 2629 4371 2628 4460
4 488 4352 32 4784
4 3696 5055 3811 5167
4 4018 3931 5296 5557
4 3680 4362 4248 4570
4 1321 4506 4349 5521
4 3685 3783 4312 4558
4 1268 1283 1269 5250
4 3900 3998 3688 4666
4 3814 3755 4012 4703
4 3838 3928 3675 4080
4 1775 1663 4795 4917
4 3679 4742 4335 4775
4 3694 3953 3839 4366
4 3719 3965 3797 4872
4 3720 4856 4227 4945
4 3748 4041 4484 4900
4 2843 4578 2497 5151
4 3986 4923 3872 5288
4 2259 2661 2257 4789
4 605 4450 107 4589
4 4173 4279 1597 5174
4 1230 1300 3819 4649
4 2193 3979 2742 4398
4 2234 2311 2236 4089
4 1964 4288 1663 4916
4 4048 4103 3697 4994
4 4148 4777 4756 5093
4 4196 4752 4364 5439
4 3808 4382 3799 5004
4 65 539 3332 4864
4 946 965 2007 4304
4 3833 4347 3959 5051
4 2953 3104 2846 4431
4 4180 4208 3868 4218
4 736 899 866 4185
4 3960 5144 4229 5194
4 4256 4017 4888 5168
4 2591 4250 3873 4770
4 3960 1921 4546 4986
4 1750 4334 1886 4708
4 2896 4423 3996 5113
4 3919 5260 4189 5349
4 1167 3076 1954 4556
4 756 4229 1913 4986
4 4128 4358 2504 5428
4 1813 4837 3826 5395
4 2092 2091 2093 3893
4 4149 4514 4201 4904
4 3931 4018 4719 5557
4 4474 5528 4414 5537
4 1527 4836 4201 5062
4 1855 1798 4605 4915
4 3993 4641 3725 5018
4 3998 3838 4763 5169
4 2558 2896 3996 5113
4 1283 1643 1269 4066
4 4446 4711 3978 5318
4 1783 1955 1158 4407
4 2838 1047 4408 4660
4 4265 4323 2720 5595
4 1777 4529 4945 5539
4 4041 5102 5091 5336
4 1257 3746 1477 4745
4 64 3317 536 4820
4 1122 5166 1108 5442
4 3919 4241 5260 5349
4 962 956 961 4316
4 2307 2306 4420 5392
4 4455 5266 4138 5403
4 989 4785 4165 5170
4 1385 1764 4675 4814
4 4134 4665 1433 4679
4 4095 3716 4519 4780
4 502 43 4048 4392
4 4210 4320 883 4734
4 3751 4204 4092 4979
4 3795 4119 3703 4307
4 3713 4737 4545 5037
4 2130 4404 2654 4730
4 28 3908 4651 5205
4 3679 4104 3854 4941
4 1422 4686 1420 5088
4 3934 4227 4856 4945
4 4304 4473 1635 4575
4 2227 4283 2225 4419
4 1689 2943 3008 5005
4 3723 4310 4948 4988
4 4155 3884 4256 4925
4 1913 756 1173 4421
4 3779 4109 2734 4516
4 3773 4015 3690 4621
4 3776 3673 4477 4990
4 4146 4777 4025 5022
4 3993 4380 4641 5018
4 4082 4488 2122 5421
4 1718 4332 3747 5069
4 1917 4185 4932 5306
4 3914 4692 3681 4830
4 3939 1429 4679 5472
4 1431 1433 4665 4679
4 2393 4544 3984 5280
4 1500 5104 1501 5138
4 1277 4617 1284 4928
4 1791 4626 4051 4824
4 2723 2683 4390 4991
4 4297 4675 4101 5063
4 4140 4958 4668 5495
4 3701 4115 3832 5205
4 1984 4085 1793 4406
4 1283 1846 4066 5250
4 1953 4040 4386 4894
4 1420 5088 4686 5240
4 1386 4575 4473 5072
4 1398 4706 4189 4861
4 1739 4604 4474 5528
4 1234 4317 1235 5541
4 3680 3833 4362 4412
4 1978 806 1145 4219
4 3769 4813 4047 4926
4 3807 4632 4156 4794
4 1489 1813 3826 5395
4 1574 3860 1948 4897
4 2304 2866 2725 5509
4 1466 1902 4602 5300
4 4315 4781 3832 5587
4 4012 4703 3755 5298
4 2862 3849 4024 4689
4 4781 5205 3832 5587
4 102 3427 591 4542
4 1696 1699 1697 4910
4 2937 2865 2069 4149
4 3771 3949 4290 5253
4 2526 2783 4042 4635
4 3008 1689 4148 5093
4 1907 4457 4139 4560
4 3973 3702 4118 4581
4 3679 4398 4900 5102
4 2803 2512 2181 4058
4 123 3933 5006 5269
4 3297 3298 3300 4670
4 3814 4491 4941 5128
4 3817 3708 4706 5260
4 813 2006 4425 4875
4 3885 4960 1832 5282
4 1189 1622 1610 5374
4 2799 4355 3781 4405
4 4631 4803 4083 5270
4 3710 4777 4148 5483
4 4122 4792 4289 4826
4 3749 3977 4925 5231
4 3779 4088 2786 4517
4 1989 4513 4043 5472
4 646 3542 139 4593
4 4013 4742 3679 4775
4 4760 4912 4250 5253
4 569 83 4500 4558
4 1158 864 1950 4595
4 3924 3680 4437 5125
4 1338 1410 3759 5007
4 1239 4303 1252 5463
4 1502 1501 1500 5104
4 2954 3080 3051 4267
4 2134 2175 2698 3827
4 3812 4638 4495 4707
4 1543 3799 1910 4874
4 3840 4040 4844 5234
4 1089 4442 2833 5096
4 4186 4256 3884 4925
4 3805 4448 4525 4812
4 3547 3548 653 4430
4 1437 4364 4034 5220
4 4107 4618 1650 5444
4 3689 3951 4866 5002
4 1190 4222 1192 4411
4 1527 4989 4836 5062
4 615 3472 114 4596
4 3720 5023 3770 5397
4 1766 4414 5528 5537
4 2803 4058 2181 4424
4 466 18 3188 4479
4 4084 4503 4259 5152
4 3973 4419 4247 5228
4 4014 4375 3731 5059
4 3734 4962 4354 5078
4 3794 4391 4160 5241
4 3776 3673 4990 5098
4 3727 3800 4735 5171
4 2254 3773 2308 4621
4 4140 4668 4396 5495
4 4836 4989 4514 5062
4 3710 4148 4756 5299
4 3812 4707 4495 4758
4 3682 4809 3819 4872
4 2148 4333 2786 4517
4 3001 4301 3000 4370
4 1186 4496 4060 5374
4 2287 2426 2288 4465
4 2297 4294 3992 4527
4 1841 1642 4304 5109
4 3838 4344 4324 4655
4 4024 5126 4610 5509
4 3949 4912 4760 5253
4 3812 4638 4707 5236
4 2363 2720 4265 4323
4 1601 1502 1500 5028
4 3772 2685 4273 4455
4 1998 4671 4153 5248
4 1640 3758 4445 5294
4 1841 4304 1642 4575
4 4749 5088 1420 5240
4 1420 1417 4749 5240
4 1098 1034 2925 4502
4 2695 4193 3842 4681
4 4333 4730 4018 5334
4 1224 3754 1274 4576
4 3947 4485 4757 4860
4 2625 4109 3874 5011
4 3841 4552 4268 5276
4 1333 4781 1331 5245
4 4140 4457 4668 4958
4 1346 3989 4726 4885
4 3911 3713 4545 5037
4 1511 4396 3954 4682
4 1462 4806 1460 5255
4 2802 4058 3946 4855
4 3989 4368 1785 4726
4 778 4095 900 4519
4 3809 4657 3987 5438
4 3018 2958 1135 4464
4 498 4057 2523 4136
4 4167 3999 5017 5445
4 1144 1945 4101 4370
4 3952 4472 4319 4744
4 3887 4798 4829 5491
4 4010 3785 4200 5251
4 4107 4597 3730 4696
4 1462 4107 4806 5255
4 2419 4265 2720 5595
4 4114 5144 3960 5194
4 3872 5147 4129 5297
4 3755 3814 4491 5113
4 1175 4185 1143 5584
4 3088 3072 2956 4282
4 1348 4389 3989 4885
4 1382 1591 1586 4655
4 4656 4779 4152 4862
4 1941 4299 1516 4780
4 3720 3770 4498 5292
4 3680 4570 4074 5159
4 1256 1260 1257 4222
4 1498 3788 5138 5508
4 1138 2941 1914 5146
4 2422 4289 4000 4828
4 1805 4676 1806 4834
4 1462 1650 4107 4833
4 920 816 911 4016
4 3129 4422 4431 4927
4 3693 3922 4620 5173
4 3149 2937 4149 4594
4 2863 4149 2427 4465
4 4180 4560 4457 4874
4 4051 4626 4567 5423
4 3677 3947 4287 4757
4 5057 5348 4171 5372
4 4053 4656 4152 5083
4 3677 4242 4057 5039
4 1695 1951 4469 5400
4 2588 2586 4610 5075
4 3683 4380 4376 5119
4 3813 4597 1458 4806
4 3894 3718 4219 4938
4 2672 2599 4169 5361
4 3679 3854 4398 4941
4 498 4136 38 4846
4 155 671 3579 5048
4 4123 4369 3934 4529
4 1806 4676 4470 4834
4 4105 4779 4656 4862
4 3798 4114 4943 5407
4 4053 4700 4423 5083
4 1494 3813 1458 4806
4 4159 4236 3708 4706
4 4556 4705 3713 4750
4 3852 23 4215 4462
4 4375 4523 3956 5526
4 3916 3751 4676 5449
4 3870 4006 4798 5031
4 2207 4211 2270 4554
4 1511 3954 4396 5464
4 3699 3955 4355 5032
4 2792 4333 2148 4517
4 2266 3862 4137 5545
4 770 768 901 4096
4 1623 1192 1257 4356
4 1456 1458 1677 4631
4 4236 3867 4451 4893
4 4208 4218 4180 5116
4 746 863 768 4881
4 4057 4242 3843 5039
4 3864 4550 4482 4728
4 2459 3949 2460 4397
4 3718 4393 3920 5012
4 4435 5097 4506 5521
4 1924 1759 4160 4470
4 4111 4179 3932 4786
4 3727 4647 3800 4652
4 2396 2802 4161 4657
4 3740 4291 4200 4453
4 3995 5028 4475 5340
4 3772 4182 3993 5266
4 3674 3853 3826 4530
4 2123 4082 2122 5421
4 2590 2479 2038 3849
4 2156 3843 2276 4538
4 3780 3734 4354 5078
4 1911 4060 1186 4553
4 4026 4841 5180 5186
4 1927 2016 1056 4654
4 2522 2510 2801 4258
4 2359 2373 2357 4307
4 2068 750 2900 4608
4 3054 3127 2960 4418
4 2509 4685 3808 4920
4 2995 4193 3922 4993
4 3833 3936 3680 4055
4 3951 5002 4274 5405
4 1511 4682 3954 5464
4 4176 5180 4841 5186
4 1634 3817 4473 4706
4 521 51 4571 4600
4 3809 99 3987 4525
4 2458 2457 2270 4065
4 3045 3102 4660 5427
4 4259 5152 4503 5264
4 521 3282 55 4372
4 706 3661 179 4907
4 4369 4659 3913 4691
4 1447 1445 1471 4438
4 11 4035 4647 4735
4 3894 3718 4938 5012
4 3917 4096 768 5100
4 1651 1462 1650 4107
4 75 557 3358 4027
4 4251 4415 3816 5155
4 1510 4607 4306 5464
4 1589 1911 4625 4858
4 1944 1947 4095 4519
4 3710 4756 4267 5299
4 1031 4290 998 5073
4 540 65 4009 4278
4 1322 1882 1319 5206
4 3065 4026 5237 5488
4 2792 2129 2131 3963
4 4010 5251 4124 5301
4 2901 4608 4378 5412
4 3132 4550 4410 5014
4 3015 4422 4163 4977
4 1870 1494 4806 4954
4 1739 4474 1766 5528
4 3713 4672 4556 4737
4 4084 4502 4259 4503
4 3714 3880 4413 4465
4 3745 4655 3933 4932
4 1459 4386 4597 4894
4 3716 4713 4343 5297
4 129 632 3507 3970
4 3733 5194 4229 5524
4 947 965 1015 4451
4 4288 5079 4698 5239
4 1301 1757 1863 4576
4 600 105 4256 5034
4 18 466 4401 4479
4 515 3285 49 3994
4 3958 4850 2269 5509
4 3783 3685 4312 5232
4 2470 4828 4237 5317
4 3831 3893 3677 4057
4 3905 4496 4060 5272
4 2563 2562 4524 5177
4 1819 4297 4984 5245
4 3079 3087 2927 4101
4 2579 2320 4178 5360
4 3689 4463 3962 4512
4 4179 4348 4111 5527
4 3885 4532 1832 4960
4 3022 4026 3065 4793
4 3877 4048 3697 4637
4 480 3855 4651 5252
4 806 747 1145 4219
4 3693 4620 3922 5432
4 3916 4138 4031 4499
4 1734 4529 4123 5232
4 4026 3794 4841 5186
4 4306 4888 4017 5168
4 3735 5251 4010 5301
4 3394 572 89 4501
4 1617 4518 4116 4628
4 1738 1766 4474 5537
4 1217 5101 1216 5121
4 1181 1180 4324 4804
4 3716 4095 4723 5297
4 3716 4723 4181 5297
4 4353 4925 3977 5231
4 3838 4450 4049 5169
4 1226 4805 4959 5332
4 1846 4561 4536 5250
4 1287 4340 4202 5294
4 4047 4274 5002 5405
4 3834 3898 3690 4015
4 4181 4723 4095 5297
4 3711 4094 3863 5180
4 2150 2113 2611 4531
4 4229 5194 5144 5524
4 1693 3855 1694 4992
4 1650 4618 4107 4833
4 3984 3723 4505 4830
4 4389 4508 3989 5013
4 3809 4117 3691 4383
4 3960 4715 4586 5584
4 1788 4567 4626 4970
4 1774 4370 4301 4918
4 4435 4506 4035 5492
4 923 4354 4171 5165
4 3784 5088 4749 5240
4 3752 4219 4216 4917
4 4305 4356 1625 4745
4 2429 2426 3961 4413
4 2035 3020 2820 4052
4 4020 5228 5171 5425
4 2854 3866 2033 4762
4 2409 4191 2408 5482
4 3869 5021 4552 5276
4 3925 4061 3716 4723
4 2093 2092 3893 4057
4 2138 4481 2137 4719
4 864 4040 853 4595
4 3778 3921 4774 5015
4 3075 2952 1169 4201
4 4048 4495 3888 5084
4 4189 3919 4926 5260
4 2135 4018 2134 4719
4 3958 4850 3728 4983
4 4531 5201 4310 5385
4 2640 4077 2639 4637
4 4041 4683 5102 5336
4 4298 4906 3915 4976
4 3689 3962 3897 4512
4 546 70 4760 4868
4 780 739 781 5356
4 1728 1730 1897 5463
4 2877 1051 2838 4660
4 1575 2010 4139 4560
4 2271 2316 2317 4684
4 3718 3920 4393 5470
4 3692 4132 3780 5078
4 3053 2854 2033 4762
4 3010 4163 3015 4422
4 2665 4039 2716 4788
4 3711 3916 4094 4676
4 148 4456 4900 5216
4 1857 1798 1855 4915
4 4172 3836 5262 5526
4 1861 1796 4774 5188
4 3745 3844 4913 4932
4 3675 4096 3933 4185
4 3902 3684 4471 4636
4 1742 1676 4938 5363
4 1068 4442 3941 5166
4 3784 4522 4142 5277
4 1356 4940 4615 5544
4 4728 4826 4150 5384
4 1948 1142 4410 5014
4 4011 5418 5283 5591
4 3942 4076 5391 5403
4 3860 4023 3763 5014
4 3682 3861 4809 4872
4 4389 4508 3916 4676
4 1721 4997 4368 5018
4 3696 5055 4262 5512
4 3784 3999 4686 5240
4 777 4723 4095 5099
4 3896 3974 3736 4377
4 2345 4001 3914 4510
4 3834 4322 4291 5446
4 1415 1644 4335 4775
4 4347 4362 1876 5051
4 3818 4039 4346 4808
4 2249 2248 2250 4138
4 3852 4202 3803 4340
4 1597 4280 4173 5486
4 2476 4367 3879 5207
4 4047 3951 4274 5405
4 2808 3808 4401 4645
4 4241 4926 3919 5260
4 3709 4339 4195 4548
4 823 844 4153 5248
4 3697 4474 4315 5320
4 3720 4227 5023 5397
4 777 4095 900 5099
4 3140 3139 2999 4410
4 3818 4101 4675 4918
4 1487 4659 3913 5196
4 3976 4578 1121 5151
4 3299 2059 3300 4670
4 3714 4413 3961 4465
4 649 4404 141 5139
4 1909 1671 4202 4928
4 1129 724 846 4288
4 3834 3966 3898 4272
4 1775 1972 1663 4917
4 3723 5077 4164 5385
4 1861 4774 3778 5188
4 1882 4073 4755 5459
4 2653 3777 2769 4948
4 4005 4083 3703 4803
4 4149 3786 4514 4904
4 3818 4370 4101 4918
4 3979 4398 4292 5102
4 3721 4995 5038 5471
4 4180 3799 4560 4874
4 1144 1946 3059 5063
4 4161 4713 4058 4855
4 1038 1156 1927 4098
4 3075 4201 1965 4345
4 3708 4236 4159 5337
4 2196 2197 2549 4716
4 2306 2737 4235 5542
4 3839 3909 3698 4036
4 4575 5035 1841 5109
4 3875 4648 5173 5507
4 1171 752 2006 4425
4 3726 4504 4190 5084
4 1239 1252 1666 5463
4 3723 4310 4988 5385
4 2220 4263 2219 5398
4 3697 4637 4048 4994
4 1390 4207 1847 4539
4 4146 4447 3915 5126
4 1947 1821 1136 4095
4 4814 5087 4277 5233
4 1618 4518 4268 5276
4 3776 4477 4340 4930
4 1817 4297 1819 4772
4 3965 4805 3754 5332
4 2495 2498 2821 5003
4 2844 735 2036 5312
4 571 3382 3383 4381
4 3697 4089 3789 4162
4 1318 5375 4930 5459
4 2306 4235 4429 5542
4 2983 4756 2981 4857
4 3677 4287 4356 4757
4 2345 2343 2344 4234
4 1496 1901 1872 4602
4 3769 4274 3962 5002
4 634 4266 130 5177
4 3836 4375 3956 5526
4 1655 4737 4672 5511
4 3774 4495 4048 5084
4 4090 4222 3749 4242
4 3762 4157 3904 4810
4 3887 4829 4475 5491
4 3979 4900 4398 5102
4 1356 4322 4940 5544
4 3726 4727 4206 5380
4 1757 1864 4110 4576
4 1677 1458 1494 3813
4 1300 3819 4416 5015
4 3709 4548 4195 5575
4 1617 4116 1616 4628
4 1277 1270 1264 3803
4 2786 3779 2626 4088
4 3009 2939 1164 4469
4 9 4738 3036 4863
4 3840 4595 4040 5234
4 3834 3907 3693 4071
4 3798 4450 107 4549
4 3833 4585 4055 5090
4 3723 4948 3777 4988
4 3985 4578 4509 4688
4 1188 1186 4060 5374
4 3677 4356 4222 4757
4 3828 2143 4199 4633
4 2802 3946 2367 4855
4 1318 4755 5375 5459
4 1537 1539 1538 4543
4 3745 3933 3844 4932
4 4060 4496 1186 4553
4 826 3969 4320 5200
4 3780 3991 3692 5105
4 1414 1882 4073 4751
4 3941 4442 1068 5096
4 4590 5203 3686 5256
4 4183 4680 4433 4687
4 3094 2970 3139 4150
4 2285 4228 2665 4788
4 3818 4228 4039 4808
4 2826 3917 622 5006
4 1416 4142 1417 5240
4 3731 4523 4375 5391
4 2561 4266 5016 5356
4 1246 1244 4724 4967
4 1072 4661 3995 5340
4 1418 4142 1371 4492
4 3734 4337 4043 5472
4 805 803 4246 4962
4 1751 1888 1890 5018
4 1658 1482 1483 4656
4 1921 4986 3960 5066
4 4110 4439 3778 4774
4 3989 4138 5266 5403
4 3841 3901 3686 4166
4 1653 3821 4476 5271
4 1285 1277 1287 4340
4 3897 3962 3689 4664
4 4018 5296 4056 5557
4 3788 3733 4549 5194
4 2167 4505 3796 4623
4 3677 4222 4411 4757
4 36 3968 4330 5572
4 3720 4264 3770 5292
4 4211 5182 4866 5506
4 1489 3826 1813 4903
4 4202 4215 3852 4382
4 1590 1911 1271 5399
4 775 3925 937 4519
4 33 492 3226 4754
4 2634 4045 3796 4801
4 2731 4352 2196 4716
4 3947 4485 4448 5573
4 1228 1230 1300 3819
4 3692 3822 4395 5416
4 2672 4169 4808 5361
4 3015 4163 4705 4977
4 1386 3817 1372 5072
4 1978 806 4219 4946
4 2497 4578 2843 5589
4 3706 4353 4186 4817
4 2984 2935 2819 4232
4 3814 3755 4491 5128
4 3098 1098 2925 4502
4 4059 4629 980 5230
4 2771 4467 3878 4619
4 4288 3847 4698 5079
4 4172 5391 4076 5403
4 1895 4116 1617 4744
4 1606 2018 1607 3995
4 1270 1264 3803 5089
4 1416 4658 4142 5240
4 5203 5256 4590 5514
4 3144 3063 2941 5146
4 1966 1825 4025 4777
4 1953 4386 4040 5234
4 2859 10 3153 4413
4 2658 4176 4507 4767
4 3834 3966 4453 4845
4 4129 5147 3840 5297
4 3794 4026 4919 5241
4 4113 4145 3703 5117
4 4333 5334 4018 5462
4 4114 5144 4063 5362
4 3497 622 122 4896
4 3706 4186 3906 4817
4 1105 1056 1057 4098
4 3830 4335 4308 4463
4 1757 4110 1863 4576
4 3960 4715 762 5144
4 2498 4509 4063 5003
4 3751 4094 4676 4834
4 1711 4598 4366 5121
4 3948 4321 3766 5376
4 3763 3915 4906 4976
4 1714 3812 1712 5010
4 991 4785 4254 5317
4 4890 5144 4063 5525
4 3946 4058 2802 5550
4 3685 3857 4045 4558
4 2869 2041 2929 4130
4 2052 2539 4016 4790
4 3756 4438 3894 5363
4 2525 4042 4136 4871
4 1962 4777 4447 5450
4 2357 2358 2359 3795
4 3752 4288 4698 5239
4 1475 1573 1574 3763
4 4474 4604 3938 5528
4 709 3655 180 4653
4 3934 4529 4369 5539
4 3722 4167 3983 4684
4 3736 3974 3896 4574
4 1975 4165 1570 4771
4 3706 4256 4186 4925
4 732 1928 1160 4807
4 1417 1371 1418 4142
4 3902 4636 4471 5160
4 3847 4288 4113 4613
4 762 5066 3960 5144
4 2292 2553 2227 4283
4 3899 3705 4616 5267
4 2456 4831 4252 5178
4 3677 4022 4599 4860
4 1166 867 4210 5200
4 3786 4143 4044 4514
4 63 535 3310 4374
4 4077 4190 3938 5125
4 3789 4089 2635 4526
4 3986 5147 4107 5288
4 3700 4338 4765 5132
4 2527 2529 2528 4635
4 1737 4474 1736 5320
4 3756 5217 4438 5363
4 2587 2588 4996 5075
4 1470 4359 1581 4771
4 2886 742 4171 5478
4 11 455 4489 4859
4 3937 3926 4623 4839
4 4047 4813 4309 4926
4 1774 4918 4301 5600
4 1281 1610 1612 4233
4 1998 4153 4671 4709
4 3998 3838 4344 4763
4 3872 4383 4812 5288
4 3691 3833 3959 5090
4 3904 4810 2679 5292
4 1255 5092 4305 5368
4 2276 4538 3843 4821
4 3679 3854 3830 4013
4 4110 4576 1864 4774
4 3839 3937 3694 4100
4 1538 1852 1535 5575
4 3693 3907 4620 5432
4 2306 2737 2454 4235
4 156 4012 4574 4703
4 3522 3525 3524 4787
4 1101 4084 1034 4502
4 1989 4043 4673 5533
4 1385 1764 1765 4675
4 4215 4218 23 4382
4 2634 2120 3796 4045
4 1867 4123 1862 4659
4 867 738 1990 4210
4 3800 4283 3702 4419
4 1155 4451 947 4893
4 3683 3857 4046 4562
4 3886 2543 5108 5331
4 3003 3001 4301 4952
4 4058 3845 4713 5440
4 3805 5027 4448 5430
4 2793 4533 3924 4614
4 651 142 3544 4593
4 4258 4646 3791 4657
4 3965 4959 4805 5332
4 3782 4451 4304 4473
4 2053 2873 4418 5225
4 1188 4060 1911 4858
4 1511 1510 4682 5464
4 885 883 4320 4734
4 3830 3854 3679 4104
4 771 4807 916 5580
4 3985 4688 4509 4890
4 4003 4208 4086 4243
4 3762 4695 4157 4810
4 3986 4265 3730 5147
4 1587 4050 4625 5129
4 1670 3758 1640 4934
4 3678 3882 4136 5127
4 3783 4953 3685 5232
4 3127 5225 4418 5498
4 2929 3054 2869 4418
4 4173 4280 4279 5031
4 3934 4369 4123 5551
4 4503 5152 4141 5264
4 3003 4301 3001 4370
4 4011 5203 4590 5514
4 2313 2724 2228 3973
4 3449 606 111 4895
4 3689 4534 4308 4866
4 1199 4911 1198 5092
4 716 1006 943 4425
4 4495 4707 3888 4758
4 3713 4163 4705 5400
4 473 23 3192 4218
4 4359 4797 1478 5282
4 4280 5028 4661 5340
4 4130 3031 4418 5214
4 2967 4792 2969 4826
4 2052 749 4016 4720
4 3804 4217 4446 5578
4 4685 5373 5231 5552
4 3946 4058 4713 4855
4 3925 3716 4061 4363
4 1192 1191 4411 4757
4 1670 1640 1671 4934
4 1863 1757 1864 4110
4 2343 2344 4234 4544
4 3916 3725 4499 5019
4 1928 732 856 4807
4 113 4493 4158 5090
4 1404 4777 1962 5450
4 685 3982 164 5515
4 1909 1910 1671 4928
4 3957 4418 3709 4624
4 2709 4711 4171 5086
4 1246 4724 3869 4967
4 3709 4342 3945 4548
4 4040 3850 4844 4894
4 2470 4237 5133 5317
4 4308 4534 3790 4866
4 706 3652 178 4838
4 3703 4113 4005 4803
4 3682 4404 3861 4872
4 4160 4470 3792 4667
4 3955 4906 4298 4976
4 2134 4018 2133 4730
4 2709 4171 2887 5086
4 3941 4645 3767 4958
4 1597 4279 1504 5174
4 2198 4184 2182 4292
4 1970 1566 4141 4195
4 1496 1872 4448 4602
4 1998 4153 1997 5248
4 1739 1738 1766 4474
4 2899 2838 4408 4660
4 3679 4225 4197 4335
4 2458 2750 2457 4065
4 3809 4383 3691 4812
4 3032 2925 4084 4502
4 3833 3876 3691 4877
4 1595 4546 1921 5174
4 3840 4844 4386 5234
4 4151 4612 2805 4832
4 4076 3942 4972 5186
4 3718 4587 4219 5470
4 3713 4705 4556 5400
4 3408 577 92 5043
4 3805 4911 1198 5430
4 3905 5042 4496 5272
4 4189 4861 4706 5260
4 3865 4633 2144 4847
4 3694 3839 3953 5192
4 1908 4457 4560 4874
4 2846 3104 2064 4431
4 3961 4035 3714 5097
4 3975 4683 4105 5336
4 2644 4188 4499 5195
4 2112 4033 4531 5586
4 3746 4222 4242 4356
4 4683 5128 4105 5520
4 3649 707 3651 4838
4 771 772 767 4459
4 4151 4870 3764 4965
4 2131 3963 2130 4730
4 1087 4140 1933 4753
4 3680 4055 3936 4437
4 1423 3822 4318 5088
4 3952 4319 3696 4403
4 1209 4206 4727 5380
4 39 3233 498 4690
4 1003 975 973 4694
4 1489 4665 3826 4903
4 2994 2995 2996 4193
4 1828 1993 1549 4902
4 4096 5100 3917 5269
4 3916 4499 4031 4571
4 2276 2508 2487 3977
4 3679 4104 4941 5128
4 89 4325 3952 4428
4 2580 4684 3983 5360
4 2945 1142 3064 5014
4 782 877 855 4524
4 2122 4488 4045 5409
4 3841 3865 3687 4199
4 3916 3773 4499 4571
4 883 885 872 4734
4 2041 4130 2465 4594
4 821 824 822 4062
4 4111 4348 3724 5527
4 2408 2406 2409 5482
4 1911 1188 1186 4060
4 2085 4097 3791 4387
4 1828 3822 1423 5088
4 3841 4261 4724 5276
4 4251 4428 3874 5345
4 3938 4604 4474 4994
4 3977 4685 5231 5552
4 1199 3835 4776 5159
4 3771 4250 4912 5253
4 3709 4195 4130 5214
4 1565 1967 4339 4345
4 3809 4525 3732 4812
4 1177 1917 4185 4932
4 4379 4819 4309 4851
4 2456 2606 4831 5178
4 3083 4345 4195 5364
4 3843 4090 3749 4242
4 1644 1844 1822 4197
4 3857 5358 4312 5585
4 3673 4445 4340 4477
4 4304 4878 966 5244
4 4393 4692 3920 5012
4 1950 864 743 4595
4 4086 4367 3715 4909
4 1209 4206 1210 4727
4 3034 3035 4461 5489
4 1956 1167 3895 5046
4 480 4313 3855 5252
4 1570 1522 4771 4797
4 3734 4043 5078 5472
4 1121 4578 3976 4937
4 3816 4415 4251 4974
4 2918 2048 2504 4128
4 1218 5101 3783 5232
4 1536 3758 5024 5115
4 3689 3897 3830 4512
4 3973 4118 3702 5228
4 2312 2640 2635 3789
4 2317 4178 4684 5360
4 851 900 4095 4595
4 1310 1386 1372 5072
4 872 4673 4210 4734
4 761 762 4715 5144
4 1483 4105 1481 4779
4 873 735 2844 5312
4 1737 1736 1411 5320
4 3532 3531 3533 4766
4 782 877 4524 5239
4 3018 3082 2958 4464
4 4090 4357 35 4821
4 3762 3904 4695 4810
4 830 753 2906 4790
4 2862 4610 2866 5509
4 3831 4057 4136 4871
4 2635 2312 3789 4526
4 2455 3851 2274 4252
4 1686 1966 1825 4025
4 4365 4655 3838 4942
4 3795 4307 3703 5149
4 3975 5102 4683 5336
4 3711 5013 4389 5186
4 4008 4765 4338 5132
4 148 4456 4013 4900
4 1942 1144 2927 4370
4 1608 1587 1588 5422
4 480 3855 4313 4651
4 1282 1293 4883 5091
4 2769 2765 4187 4619
4 3956 5059 4375 5106
4 4344 4496 1185 4882
4 3863 2659 4767 5488
4 3856 4205 3684 5352
4 4058 3791 4646 4657
4 2271 2270 2208 4211
4 3984 4505 4811 4953
4 4059 4207 3771 4779
4 3939 4530 5218 5344
4 2629 2628 2627 4460
4 2627 2734 2784 4460
4 173 697 4264 4606
4 42 4392 502 4773
4 2620 2643 4036 4455
4 3794 4076 4198 4972
4 4342 4141 5152 5264
4 1475 1574 1614 4897
4 3722 4684 3983 5506
4 4165 4982 4629 5114
4 3474 618 119 4596
4 2509 3808 2810 4920
4 3684 3856 4075 4205
4 964 4316 4451 5244
4 1023 2023 958 4425
4 4370 4675 4101 4918
4 4563 5218 4530 5344
4 1266 1212 1753 4712
4 1437 4034 1436 5220
4 4335 4742 1415 4775
4 3857 4244 3815 5585
4 1460 4806 4597 5255
4 1188 4060 4858 5374
4 3755 4197 4905 5520
4 4092 4322 4192 4873
4 148 4900 3979 5216
4 1998 4671 1647 4709
4 3733 3788 4546 5194
4 1496 4067 1466 4602
4 3761 4671 1995 4743
4 1577 4122 5162 5199
4 1197 1199 1198 5092
4 3969 4395 4210 4902
4 1691 1390 1847 4539
4 40 4260 500 5378
4 1123 1072 3995 5340
4 3765 4489 4461 5489
4 1369 4146 4319 5022
4 3682 4872 3819 5334
4 2558 3996 4491 5113
4 1812 1398 4706 4987
4 2658 2598 4176 4767
4 690 3991 167 4483
4 1082 1102 1124 5467
4 1415 1843 1644 4775
4 2731 4352 3903 4462
4 1026 4694 3996 5083
4 2641 2639 4077 5302
4 3797 3965 3719 5455
4 173 4264 697 5076
4 1926 4932 4913 5306
4 820 1997 844 5248
4 2279 3898 2256 4621
4 4330 5127 36 5215
4 1400 1812 1398 4706
4 1548 1850 4813 5594
4 2345 3914 2346 4510
4 2356 2357 4119 4596
4 1868 1756 4659 5077
4 2487 4353 3977 5148
4 3818 4675 4101 5324
4 4034 3858 4295 4695
4 4140 4396 2002 4753
4 4986 5066 758 5144
4 1807 1920 4464 4667
4 2759 2581 3853 4121
4 986 4254 2816 5317
4 4065 4554 4211 5002
4 2995 2996 4193 4993
4 3966 4322 3690 4940
4 2009 4152 1659 4520
4 3987 4860 3947 4924
4 3938 4190 4077 4994
4 3709 3971 4980 5163
4 3688 4097 3900 4387
4 3709 4548 3971 5163
4 2841 4061 630 4230
4 1029 4165 989 4982
4 715 3668 183 5068
4 2457 4065 2750 4971
4 4171 4354 2887 5086
4 4139 4457 2010 5441
4 3853 4213 3826 4253
4 475 3196 3197 4462
4 1188 4858 4411 5374
4 4187 4619 3700 4988
4 148 4778 3979 4900
4 3934 4529 4110 5435
4 3692 3991 3780 4132
4 4160 4391 1924 4667
4 2143 3828 2142 4633
4 20 3197 469 5095
4 630 4061 2841 4611
4 4201 4836 4514 5062
4 768 4096 770 5100
4 947 1935 965 4451
4 2453 5096 3941 5145
4 1601 4279 1597 5028
4 2783 3882 2524 4042
4 1541 1540 1542 4560
4 1685 4124 4626 5301
4 2839 2674 4169 4245
4 1774 5600 4301 5601
4 2115 3926 2116 4623
4 4092 4192 3834 4699
4 4225 4335 3830 4512
4 506 2238 40 3252
4 2205 3982 4481 4719
4 3790 4534 4308 5111
4 3781 4405 4235 5591
4 2470 3859 2780 5133
4 2279 3898 4621 5246
4 4100 4531 3774 5586
4 3692 4210 3822 4891
4 3814 4941 4104 5128
4 3920 4692 4393 5470
4 2640 2636 2635 4637
4 4913 4932 3844 5306
4 3703 3970 4119 5273
4 1739 1254 4604 5528
4 4047 4813 3769 5002
4 923 4962 4354 5165
4 4196 3904 4264 4695
4 3798 4943 4114 4951
4 4180 4457 3767 4874
4 4319 4403 3952 5568
4 3935 4454 4194 5204
4 4375 5059 4014 5106
4 1357 4845 4322 5446
4 1847 4539 4207 4779
4 3776 5197 4349 5572
4 3782 4451 4236 5337
4 1288 1280 1289 4534
4 1175 1177 1917 4185
4 3711 4470 4389 4676
4 1485 4536 4183 5569
4 1751 1890 4380 5018
4 1813 3826 4837 4903
4 3687 4633 4572 5017
4 2452 2509 2810 4920
4 2313 2573 2724 4614
4 3692 3822 4210 4395
4 4597 4696 4107 4806
4 1625 4305 1255 5341
4 2455 2385 2274 3851
4 1200 4362 4911 5159
4 745 4114 2043 5362
4 1331 3737 4781 5535
4 2118 2167 3796 4623
4 3677 5039 4057 5295
4 1607 1606 3995 5124
4 956 2876 960 4361
4 1996 4656 4053 4905
4 1338 1410 1815 5056
4 2620 2685 2643 4455
4 3876 4117 3691 4877
4 1310 5072 4861 5304
4 4246 4962 4043 5078
4 1826 1995 3761 4671
4 2767 4108 4505 4948
4 1685 1786 4124 5301
4 3702 4419 3973 5228
4 2510 4258 2512 4657
4 3627 3625 3628 4434
4 1647 4671 4492 4709
4 3682 3963 4404 4872
4 3777 4619 4187 4988
4 2038 3849 2479 4800
4 3688 3998 3838 4344
4 2725 4294 2297 4527
4 3931 4487 4303 4869
4 1173 756 754 4421
4 2018 4475 1602 5028
4 3800 4419 3702 5171
4 1802 4074 1741 4570
4 2802 2366 4161 4855
4 3977 4090 3749 4821
4 3704 3864 4482 4728
4 3858 4034 4295 5220
4 3945 4543 3868 5024
4 3850 4145 4113 5117
4 3959 5288 4107 5444
4 2062 4063 2498 4890
4 2488 2508 4685 5148
4 3876 3986 5288 5505
4 821 4062 4743 5248
4 1713 4366 4332 5069
4 2419 2363 2720 4265
4 1636 4236 1637 4706
4 4058 4713 4161 5440
4 2414 4186 4353 4817
4 3707 5091 5102 5336
4 4298 4976 1407 5094
4 3828 4199 3687 4633
4 3794 4198 4076 4910
4 1318 4930 1286 5459
4 4018 5334 4730 5462
4 1459 4597 4145 4894
4 4259 4503 4502 5264
4 4438 4938 3894 5363
4 3709 3957 4624 4884
4 1887 4518 1618 5276
4 3884 4666 5136 5272
4 3081 3096 3016 4705
4 1158 1950 1953 4595
4 1264 4617 3803 5089
4 3870 5157 3712 5428
4 762 4715 3960 5066
4 3694 3953 4366 5121
4 1220 5232 1218 5274
4 3953 3839 4366 5069
4 1788 4567 1791 4626
4 847 1988 4673 5533
4 4536 4561 4066 5250
4 2649 2129 2792 4601
4 771 3844 4459 5269
4 2453 3941 4645 5145
4 4334 5366 4708 5371
4 3723 4769 4276 4988
4 3942 4455 4138 5403
4 1479 1842 4041 4775
4 3687 4199 3865 4633
4 3735 3992 3785 4579
4 3127 2960 4418 5225
4 1237 5131 4303 5541
4 2888 2037 2889 4246
4 4276 4659 3723 5077
4 3694 4366 4598 5121
4 3950 4490 3831 4745
4 2641 2639 2640 4077
4 107 3798 4549 4589
4 3899 4616 4211 5267
4 3710 4756 4148 4777
4 3742 4335 1309 4963
4 2707 5052 4052 5488
4 716 886 1006 4425
4 4334 4708 4070 4816
4 3806 5381 4981 5507
4 1599 4825 4299 4913
4 1169 4201 2952 5333
4 92 3405 583 5227
4 887 943 1005 4361
4 25 4214 3911 4799
4 3742 4335 4225 4512
4 4347 4362 3833 4911
4 4144 3710 4447 4777
4 3719 4070 4708 4816
4 4070 3719 4708 5307
4 3700 3929 4547 4566
4 2285 2665 2664 4788
4 3244 498 38 4846
4 3677 4242 4222 4356
4 97 4287 4541 4748
4 2967 4725 4289 4826
4 2343 3770 2342 4544
4 2824 4767 4026 5237
4 1868 4659 4276 5077
4 3009 3010 2939 4469
4 2130 3963 4404 4730
4 3719 4708 4334 4816
4 695 3627 171 4434
4 1125 4152 2009 5546
4 3853 2759 4121 4936
4 2452 2810 3808 4920
4 3571 3570 3572 5461
4 2743 2544 2744 4941
4 4411 4858 4060 5374
4 2672 2697 2599 5361
4 3003 3001 3000 4370
4 1479 1842 1293 4041
4 1261 1618 1272 4518
4 2507 2805 2871 4151
4 4375 4523 4172 5391
4 2382 2380 2384 4491
4 4608 4819 3846 5287
4 3995 3712 4475 5028
4 44 3956 4375 5106
4 2839 4169 2599 5413
4 3932 4471 4167 5445
4 703 4120 175 5224
4 2182 2198 2199 4184
4 1757 1864 4576 4774
4 1712 3812 1714 5236
4 1652 1870 1494 4806
4 2453 4645 4442 5330
4 3772 4455 4138 5195
4 4173 4280 3976 4937
4 3815 5358 3857 5585
4 4294 4610 2586 5075
4 1804 1364 1366 5055
4 1791 4567 4051 4626
4 4645 4958 4442 5330
4 3763 4906 3915 5161
4 4068 4865 3810 5254
4 3696 3811 4403 5167
4 3708 4706 4236 5337
4 3681 4001 4234 5012
4 1626 4454 4305 4751
4 2236 4260 4115 4791
4 3843 3749 4090 4821
4 895 935 4219 4587
4 3709 4980 3889 5163
4 107 4549 4006 4589
4 4090 4222 3746 5089
4 2762 4505 3984 4801
4 777 4519 4095 4723
4 3805 4911 4147 5027
4 2873 5193 3957 5225
4 4003 4243 4086 5249
4 749 911 830 4790
4 3134 4130 3031 4418
4 2116 4505 2167 4623
4 1220 1218 1219 5274
4 3749 4625 4060 4858
4 903 887 1020 4361
4 3870 4798 3712 5031
4 3018 1135 1920 4464
4 36 4330 4746 5572
4 1155 1935 947 4451
4 2171 2084 2086 3900
4 3720 4034 4695 4889
4 2765 3878 4187 4619
4 1046 1062 1069 4151
4 3711 4507 4031 5013
4 1604 1603 4280 5028
4 1466 4343 4067 4833
4 3995 4661 3712 5028
4 3734 5078 4563 5344
4 3859 4000 2470 4969
4 3843 4057 5039 5295
4 3680 4248 4158 5054
4 176 2323 704 4569
4 148 4013 4778 4900
4 4003 4624 2438 5193
4 2967 4289 2966 4792
4 4073 1414 4751 4783
4 887 716 943 4361
4 2367 3946 2802 5550
4 4263 4465 3961 5398
4 1457 4145 1459 4597
4 3836 4172 4375 5526
4 1345 4885 4172 4921
4 3693 4291 4124 5393
4 2969 2971 3113 4792
4 4031 4499 2251 4571
4 4176 4972 3942 5186
4 469 3180 20 5000
4 3055 3765 3035 5046
4 1548 4813 4309 5594
4 1129 1964 724 4288
4 1006 1023 958 4425
4 3932 4167 5017 5445
4 2482 4254 4289 4828
4 1338 5007 4277 5087
4 707 179 3665 4436
4 1549 1423 1828 3822
4 1587 1513 4607 5129
4 3703 4631 4145 4803
4 2135 2133 2134 4018
4 529 61 4282 5426
4 3894 4219 3718 5329
4 3820 5270 1709 5592
4 3685 3783 4558 4953
4 4045 4801 3685 4953
4 1742 4438 5217 5363
4 150 666 3569 4794
4 1277 1284 1909 4928
4 4209 4883 4041 5091
4 2756 2736 2176 4167
4 2277 2801 2772 5438
4 1893 1672 1673 4194
4 3755 4905 4656 5520
4 149 661 3575 4778
4 1893 1672 4194 4776
4 4795 4916 3752 4917
4 4152 4694 973 5083
4 1875 1709 5270 5592
4 4113 4407 3850 4613
4 1246 4967 3869 5021
4 1549 1425 4302 4891
4 1861 4774 1722 5015
4 3889 4980 3971 5163
4 1779 1544 4295 4364
4 4022 4538 3749 5039
4 131 4266 634 5177
4 739 4293 781 5356
4 3725 3993 4275 4641
4 2102 4585 4055 4674
4 1331 4781 1332 5535
4 2112 2110 4033 5586
4 767 3917 768 5100
4 4055 4437 3680 5054
4 2043 4114 745 4881
4 3905 4496 4233 5374
4 3949 4397 2459 4760
4 4248 4362 4158 5064
4 3797 2149 4432 4452
4 34 2164 2160 4821
4 1052 1034 4084 4660
4 2771 3980 4467 4619
4 534 4252 62 4831
4 1140 4379 4309 4851
4 4284 4999 2537 5474
4 4061 3925 4459 5580
4 2223 2222 2224 4652
4 1693 4672 3855 4992
4 3686 4590 4011 5203
4 3749 4925 4050 5231
4 3968 4330 2219 5215
4 2983 4144 4756 4857
4 1447 4691 3920 4933
4 4349 5197 4073 5572
4 4058 4713 3845 5593
4 3794 4198 4169 4972
4 970 966 4878 5244
4 4477 4990 4349 5459
4 5096 5166 3941 5442
4 1660 4779 5410 5523
4 3955 3699 4355 5070
4 2187 4784 4352 5322
4 4074 4782 4776 5471
4 4324 4344 3838 4763
4 2221 4652 2714 5398
4 2936 1974 3024 4503
4 3845 4067 4602 5300
4 3897 4512 3962 4664
4 1208 1209 1210 4727
4 1026 974 4694 5083
4 1166 867 1990 4210
4 3807 4866 4729 5506
4 2308 2644 4188 4499
4 4506 5097 4349 5521
4 1105 4768 4098 4909
4 3712 5157 4358 5428
4 3985 4173 4937 5143
4 2475 3879 2476 4367
4 1625 4356 4305 5341
4 3685 4801 4045 5409
4 1489 3826 4665 5395
4 3709 4342 4548 5575
4 4164 3783 4839 5121
4 1476 4298 1407 5094
4 3747 4332 4182 4449
4 2658 2598 2295 4176
4 3795 3703 4119 5149
4 3915 4447 4146 5450
4 4028 5579 5291 5597
4 4435 4035 5229 5492
4 3817 4706 3708 4740
4 1240 4348 4179 5527
4 3866 3713 4314 4705
4 1529 1814 4435 5229
4 4025 4777 4146 5483
4 3139 3070 4150 5199
4 2221 2223 2714 4652
4 4303 4348 1237 5541
4 3979 4580 3837 5216
4 3802 4437 4055 5054
4 1345 4172 1343 4921
4 762 758 5066 5144
4 1696 1395 1345 4076
4 2695 3842 2891 4681
4 500 40 3247 4791
4 909 760 759 5525
4 1391 1390 1315 4532
4 3728 4964 4537 5107
4 3818 4039 4228 5324
4 3846 4608 4378 4819
4 1395 4076 1696 4910
4 2287 2429 2426 3961
4 1029 1002 1014 4982
4 4045 4082 2122 5355
4 1992 5035 4409 5109
4 1240 4179 1767 5527
4 2219 3968 5215 5261
4 1569 1904 4102 4396
4 115 4091 3959 4696
4 3462 3463 3461 4764
4 2936 3026 3048 4141
4 2455 3851 4252 4355
4 2489 2276 4353 4538
4 3693 4071 3785 4200
4 3788 4549 4546 5138
4 2419 4991 4265 5595
4 3985 4421 4173 5143
4 2547 4226 3848 4616
4 775 3925 4519 4723
4 3796 4505 2167 4801
4 1309 4335 1644 4963
4 4113 4145 3850 5481
4 3724 4968 4650 5164
4 1277 1270 3803 4930
4 4319 4146 4983 5022
4 1255 4305 1626 5368
4 3489 624 124 4424
4 547 68 4497 4535
4 115 4493 611 5090
4 1074 4102 1110 4753
4 466 3187 19 4479
4 3951 4211 4065 5405
4 107 4450 3798 4589
4 3798 4951 4114 5407
4 2741 3896 2542 4377
4 3847 4288 4613 5079
4 4245 4301 3004 4952
4 3597 679 3598 4341
4 3732 4602 4485 4646
4 4083 4566 4528 5135
4 3889 4300 2432 4899
4 2641 2154 2639 5302
4 2046 2994 2695 4193
4 48 3275 518 4681
4 4318 4588 4075 5305
4 2488 2508 2184 4685
4 1657 3821 1653 5271
4 3079 3093 3087 4101
4 2659 5052 2707 5488
4 2103 3936 2101 4055
4 4188 4641 3940 5019
4 4431 4927 4101 5452
4 1573 3763 1475 5493
4 3781 4355 3955 5032
4 3959 4107 4696 4806
4 3684 4075 3902 4205
4 1724 4564 4415 4974
4 139 647 4326 4430
4 3784 4686 3684 5141
4 2836 1094 2833 5096
4 2164 4821 34 4949
4 3716 4363 3925 4780
4 1866 4529 1777 5539
4 4663 4839 3783 5121
4 4196 4227 4087 5217
4 1208 1210 4206 4727
4 1684 4626 1791 4824
4 1230 3819 1228 4959
4 3142 4705 3096 4750
4 1723 3816 1726 5074
4 1189 1191 1622 4757
4 1090 4139 1150 5441
4 1730 3823 4403 5150
4 60 3860 4482 4550
4 1246 1835 1244 4967
4 134 642 4393 4510
4 3673 4352 3903 4716
4 4356 4757 4287 5341
4 2452 3808 2808 4920
4 4305 4454 1626 5368
4 1253 4663 3747 4997
4 1106 4661 1072 5340
4 4250 4760 3873 4912
4 1894 4332 4975 5262
4 4816 4998 4028 5307
4 2073 2815 2482 4254
4 4073 4349 3727 5197
4 3730 4386 4145 4597
4 3248 3246 3247 4773
4 3056 4149 2069 5222
4 3476 3479 3477 4568
4 1019 3996 4423 5083
4 127 631 4363 4611
4 3773 3690 4092 5291
4 3534 137 648 5020
4 3858 4711 4446 5318
4 3062 2932 2891 3842
4 1481 4105 1480 4683
4 3950 4136 3831 4490
4 2479 2590 2862 3849
4 34 495 3235 4690
4 1068 3941 5096 5166
4 4003 4350 2438 4624
4 62 534 531 4420
4 767 4459 3917 5269
4 1924 1807 1759 4470
4 4070 4615 1885 4940
4 4349 4477 3910 4990
4 4334 4708 3719 5371
4 1780 4295 1985 4583
4 3166 15 461 4747
4 3722 4221 3999 4658
4 3681 4234 4087 5012
4 3803 4357 3852 5098
4 3735 3992 4294 4887
4 3865 4199 2143 4633
4 4070 5307 4708 5382
4 3679 4683 4041 4775
4 4588 4686 4111 5122
4 2572 4533 2793 4614
4 2291 2459 2460 4397
4 3074 2954 2038 4267
4 795 4125 4120 5339
4 2124 645 3533 4766
4 1354 1356 1760 5544
4 2250 4138 2248 5195
4 3999 4658 1856 5240
4 3714 4035 4489 5229
4 1374 4680 4183 5045
4 1595 1921 1598 5174
4 3867 4016 4790 4875
4 2555 3911 2292 4799
4 1628 4454 1626 4751
4 3845 4343 4067 5300
4 852 900 4595 5099
4 706 178 2893 4838
4 3785 2687 4592 5420
4 1251 1618 4268 5276
4 3714 4413 3880 4489
4 2558 2896 2025 3996
4 771 767 5100 5269
4 3684 4075 4318 4588
4 3772 4273 4036 4455
4 3749 4050 4966 5552
4 4528 4566 4083 4787
4 4116 3728 4472 4744
4 1953 1783 1158 4040
4 2845 4039 4431 5235
4 1599 3745 4825 4913
4 3727 5197 3961 5398
4 1348 1349 1350 4508
4 1345 4076 4885 4921
4 4247 4614 3973 5574
4 1282 4883 4209 5091
4 491 3240 3237 4351
4 2225 4283 3800 4419
4 3827 3793 4650 4968
4 2583 2585 2686 4579
4 4073 5197 3968 5572
4 3709 4130 4418 5214
4 3719 3797 4601 4872
4 1575 1907 2010 4560
4 127 4363 4203 4459
4 2055 2837 1001 5414
4 4119 3703 4307 5377
4 3688 3900 3838 5169
4 5291 5579 4188 5597
4 1660 4520 4779 5523
4 1696 4076 1345 4921
4 1198 4911 3805 5027
4 3723 4948 4310 5385
4 3696 4137 3952 4428
4 1908 4457 1907 4560
4 4048 4392 3774 4504
4 3699 4183 3955 5094
4 3728 5008 4064 5542
4 2054 4578 2843 5151
4 1655 1656 4672 4737
4 3799 4874 4168 4928
4 822 3969 4743 5213
4 1844 4683 4197 4775
4 2873 4624 3957 5193
4 2742 2743 4398 4778
4 4122 4792 3113 5453
4 512 48 2812 4681
4 4222 4858 1256 4966
4 1589 1605 1911 4858
4 4013 4632 3830 4742
4 3935 4739 4174 4783
4 4685 5148 3977 5231
4 3728 4235 5008 5542
4 2203 3924 2793 4533
4 3886 4066 5283 5518
4 4045 4801 2634 5409
4 4183 3704 4680 4687
4 4686 5122 1856 5240
4 1524 4053 1932 4409
4 3898 4015 2256 4621
4 3773 3916 4499 5019
4 4389 4470 3711 5058
4 2280 3909 2643 4843
4 1768 4742 4308 5111
4 3725 4641 4275 5195
4 3749 4966 4090 5552
4 2406 4818 3906 5482
4 3663 3664 3662 4907
4 4207 4532 1390 5410
4 3697 3877 3832 4103
4 2703 4048 2204 4504
4 4454 4751 1628 4783
4 679 159 3896 4574
4 4179 5122 1767 5527
4 2889 2700 2888 4246
4 1090 1150 4139 4654
4 4066 4536 1643 5448
4 1723 4886 3816 5074
4 2889 4246 2037 5479
4 3709 4195 4141 5575
4 111 4049 4450 5169
4 4323 4713 3716 5297
4 3840 4095 4595 5234
4 1052 4408 1047 4660
4 4355 4405 3699 5032
4 1961 5130 4113 5156
4 2634 3796 2167 4801
4 3833 4117 3876 4877
4 3999 1856 5122 5240
4 1454 4803 4083 5185
4 4189 4706 3708 5260
4 3786 4149 4514 4815
4 3971 4548 4339 5163
4 2307 2306 2376 4420
4 1255 1626 1627 5368
4 3756 4196 4087 5217
4 2837 4316 1001 5414
4 4647 4652 3961 5398
4 3993 4997 4380 5018
4 4055 4158 3833 4741
4 2422 2481 4289 4828
4 3728 4537 4116 5107
4 4045 4488 3918 5409
4 966 1015 965 4304
4 3149 4594 4149 4904
4 2793 3924 2203 5302
4 1211 1810 1250 5010
4 4201 4514 3786 4904
4 2786 2734 2626 3779
4 4078 4889 4856 5354
4 1105 1061 4768 4909
4 3706 4925 4050 5129
4 4415 4564 4251 4974
4 4107 4833 4618 5288
4 4015 4092 3834 4789
4 3748 4484 4883 5082
4 3933 4096 3675 4942
4 3721 4849 3789 4995
4 4752 4880 1982 4929
4 1394 1819 4297 4984
4 3735 4626 5251 5301
4 4047 4274 4813 5002
4 1182 4344 4324 4763
4 3904 2679 4264 5292
4 2636 3877 4089 4637
4 4067 4618 1495 4833
4 2082 4097 3900 4559
4 3682 3861 4253 4809
4 4124 5251 4626 5301
4 3696 4403 4319 5167
4 63 3955 4355 5070
4 592 3433 102 2099
4 1741 1739 1254 4604
4 4408 4660 1052 5502
4 3928 3675 4096 4942
4 707 4395 179 4436
4 55 4192 4092 4699
4 3691 3876 5288 5505
4 3749 4242 4222 5039
4 3779 4109 4251 5155
4 1357 4291 4845 5446
4 3734 4679 4337 5472
4 4245 4808 4169 4952
4 3864 4687 3948 5384
4 3834 3966 4272 4453
4 2304 2862 2866 5509
4 179 3930 706 4854
4 1553 1545 2002 4140
4 3931 4212 2137 5565
4 3924 4732 2203 5302
4 3697 4604 4112 5038
4 3963 3719 5334 5371
4 3708 4740 4706 5337
4 156 4012 4703 5103
4 76 4458 3992 5512
4 3970 5268 4731 5273
4 3113 5199 4122 5453
4 929 4613 4407 5130
4 959 2816 986 4254
4 2238 3252 506 4336
4 4170 4769 3914 5289
4 5008 5418 4590 5591
4 4597 4806 4107 5255
4 3819 4416 3682 4649
4 2277 2772 3809 5438
4 3729 4884 4543 5044
4 3734 3780 4563 5078
4 3695 4251 4109 5155
4 4650 4968 3793 5164
4 2019 1604 1603 4280
4 3882 4042 3678 4136
4 1791 4051 1687 4824
4 4254 4828 2816 5317
4 4197 4225 4012 4963
4 3691 4448 4618 5430
4 2950 3034 3035 4461
4 1249 4175 1749 4805
4 4265 4390 2723 4944
4 1120 1110 1074 4102
4 2935 2030 2819 4232
4 4054 5220 4295 5346
4 3788 4549 3798 5194
4 1122 1108 1060 5442
4 176 704 2323 4838
4 2317 4684 2316 5360
4 1210 1871 4206 4712
4 1226 1274 1224 3754
4 1926 4913 1600 5306
4 1309 3742 1669 5304
4 3874 5011 4109 5345
4 76 553 3992 4443
4 3448 605 107 4589
4 3819 1230 4649 4959
4 3944 5033 4712 5077
4 3884 4256 4186 4666
4 2595 3988 2849 4422
4 1199 4776 1303 5159
4 2894 3663 711 4907
4 3530 647 3531 4488
4 161 3601 683 4955
4 1731 5007 4975 5236
4 4423 4700 976 5083
4 1199 4776 3835 5092
4 661 148 3979 4331
4 3915 4906 4298 4964
4 4457 4958 4140 5166
4 2115 3926 4623 4848
4 4683 5091 4539 5336
4 3142 3866 4705 4750
4 1195 1255 1197 3753
4 2207 2270 2457 4554
4 1635 1642 4304 4575
4 1356 4615 1760 5544
4 115 3479 611 4493
4 2008 1074 4102 5211
4 1528 1845 1531 4143
4 1586 4804 4655 4932
4 1518 1599 4299 4913
4 1608 4617 4966 5422
4 1696 4910 4076 4921
4 178 706 2893 4854
4 1626 4305 1624 4751
4 3777 4948 4310 4988
4 2254 2252 2308 3773
4 771 5100 3844 5269
4 2710 3774 4392 4504
4 2983 2982 4144 4857
4 3695 4109 3874 4460
4 3720 4695 4217 4889
4 1555 4183 1485 5094
4 4122 4359 5162 5549
4 4194 3967 5040 5471
4 2804 4151 2805 4870
4 514 50 3283 4571
4 3915 4537 3728 4964
4 1690 4447 1962 4777
4 3692 3822 4302 4891
4 3676 4617 4202 4928
4 2530 2409 3906 4817
4 1496 1872 1495 4448
4 3766 5162 4359 5549
4 1188 1911 1605 4858
4 4528 4787 4083 4939
4 3979 4331 3837 4580
4 909 4890 760 5525
4 4095 1821 4595 5234
4 1217 1218 1216 5101
4 859 724 1964 4916
4 4076 4172 3731 5391
4 3729 4733 5152 5193
4 1730 3823 5150 5463
4 4078 4856 4498 5354
4 4097 4387 3688 5042
4 1483 1482 1481 4105
4 3754 1274 4576 4774
4 3839 4366 4332 4975
4 2725 2586 4294 4610
4 4076 4885 4172 5403
4 4164 4598 1214 5121
4 4095 4595 900 5099
4 1104 1080 1111 4358
4 1940 4301 1774 4370
4 1074 2008 4102 4753
4 4086 4208 4003 5311
4 1642 1635 4304 4473
4 2156 2276 3843 4821
4 3770 3720 4196 4264
4 3731 4172 4076 4921
4 3886 4292 5310 5518
4 2362 4923 4265 4944
4 3818 4169 4808 4952
4 3036 3035 4489 5209
4 4758 5010 1810 5380
4 3864 4321 4282 4728
4 2252 2251 4499 4571
4 3799 4180 3767 4874
4 903 1020 2923 4361
4 3345 553 77 4759
4 3713 4314 3911 4400
4 547 3337 68 4969
4 2432 3889 2433 4300
4 1184 1186 4496 4553
4 4251 4564 3811 4974
4 2201 4045 2634 5409
4 3999 3784 4522 5240
4 4028 4998 4088 5246
4 1140 837 4379 4851
4 4138 4507 2249 5458
4 3673 4445 4143 5263
4 63 4355 3955 4906
4 3462 609 3463 4764
4 3684 4205 3902 5352
4 139 4430 3918 4718
4 3936 4412 3680 4782
4 1898 1407 4976 5094
4 4217 4695 4034 4889
4 3953 4839 3937 5192
4 4009 4359 3766 5162
4 3689 3962 4463 5281
4 2393 2677 2766 4177
4 1162 733 756 4986
4 2291 2459 4397 4760
4 2318 4226 2547 4616
4 1411 4315 5056 5320
4 1718 1719 1253 3747
4 1364 3811 1378 5369
4 2336 4446 4217 5540
4 1496 1495 1466 4067
4 3785 3735 4579 5251
4 1749 4175 4708 4805
4 2129 2130 2131 3963
4 1294 1309 1669 5304
4 3935 4247 5040 5425
4 3729 4084 4259 5152
4 3833 3680 3936 4412
4 4153 3705 4671 4709
4 2600 4841 4767 5237
4 2677 2342 2340 4498
4 2354 3970 2390 4731
4 3709 3945 4342 4884
4 761 763 928 4114
4 2763 4177 4078 5409
4 3966 4845 4322 4940
4 123 3933 4942 5006
4 2354 4119 3970 4731
4 3093 4101 3079 5452
4 72 548 2259 4272
4 3739 4000 4828 5325
4 3920 4917 4219 4938
4 43 4103 4495 4638
4 3742 4463 4335 4512
4 2733 2780 2470 3859
4 4495 4638 3888 4707
4 4342 4543 3729 4884
4 1521 4905 4197 5520
4 1694 4992 3855 5245
4 1222 1224 4576 5585
4 4110 4718 4439 4856
4 4439 4856 4718 4889
4 1080 4358 4661 5118
4 3852 3903 3673 4352
4 1197 5027 3753 5092
4 3793 4837 4007 4915
4 4124 4291 4200 4922
4 159 678 3598 5181
4 4032 4365 3838 4942
4 694 858 171 5353
4 4412 4782 3936 5598
4 1414 1628 4751 4783
4 1384 1353 1805 3751
4 2361 4265 2723 4944
4 2628 3874 2625 4109
4 1240 1767 4179 5122
4 1863 4110 1492 4945
4 2501 5157 4360 5428
4 3677 3893 3831 4287
4 4008 3726 4248 4727
4 159 3896 4574 4740
4 3698 3909 3839 4417
4 3709 4884 4624 4980
4 4149 4867 3714 5222
4 1386 1635 4473 4575
4 3810 4865 3707 4912
4 1745 4677 1408 5338
4 1350 4508 1349 5449
4 1066 4102 1120 4965
4 1677 3813 1494 4954
4 3792 4667 4464 5315
4 798 4043 800 4962
4 4727 4765 1873 5064
4 144 656 3561 4908
4 4856 4889 4498 5354
4 4580 5310 4292 5518
4 3913 4659 4369 4830
4 751 2062 2813 4890
4 1030 1032 4700 5466
4 1361 4291 1383 4922
4 2251 514 4031 4571
4 756 1913 1162 4986
4 3719 4070 4816 5307
4 3690 3773 4621 5291
4 3999 3684 4686 5445
4 1667 4752 3756 5217
4 3728 4429 3915 4964
4 1017 1027 996 4494
4 501 3248 3247 4773
4 3838 4032 4942 5335
4 3930 3991 3692 4030
4 3724 4636 4481 4786
4 1724 1727 4415 4564
4 4044 4263 3910 5468
4 3433 102 2100 4674
4 1484 1521 4197 5520
4 4528 4939 4083 5185
4 3886 4580 4292 5518
4 3691 4618 4448 4812
4 1620 1895 1617 4744
4 4174 4783 4073 5425
4 4145 3703 5117 5275
4 3675 3928 3838 4942
4 4065 4478 2750 4971
4 2080 4080 3928 4644
4 3832 3877 3697 5587
4 3965 4244 3754 4805
4 1574 1948 1614 4897
4 3860 4410 1948 5045
4 3809 3732 4657 5438
4 1768 3738 1771 4742
4 3001 3000 4301 5601
4 959 2922 2816 4254
4 2080 4559 4080 4644
4 1072 1123 3995 4965
4 1989 4673 1988 5533
4 2082 2083 3900 4097
4 1682 1324 1326 4783
4 3756 3894 4438 4573
4 772 3917 767 4459
4 4626 5251 3927 5423
4 1811 1279 1288 4967
4 2634 2201 2120 4045
4 973 4694 975 5083
4 3860 4374 60 4482
4 3820 4547 1709 5270
4 2177 4784 2187 5322
4 4599 4860 3987 4924
4 4309 4813 4189 4926
4 3843 4242 3749 5039
4 4229 5524 3985 5543
4 2366 2396 2802 4161
4 3938 4604 4570 5528
4 3853 4253 161 4388
4 4050 4966 4617 5422
4 3993 4368 3747 4997
4 1705 4981 5381 5507
4 1527 4201 1567 5062
4 1913 1173 1922 4421
4 81 564 3368 4961
4 4067 4448 1495 4618
4 4552 4736 4268 5021
4 4163 4697 3713 4705
4 3694 3839 4100 4901
4 2143 2141 2142 3828
4 1893 4074 1802 4776
4 4047 4813 1850 5594
4 3687 4572 4221 5017
4 3087 4370 4101 5242
4 3692 4043 4513 5078
4 1090 4139 1095 5442
4 3694 4100 3937 4531
4 1066 4102 4965 5025
4 2608 4119 2354 4731
4 3682 3819 4649 5334
4 1953 4386 1823 4894
4 2589 2061 2588 4267
4 875 4378 839 4608
4 4298 4964 4906 5032
4 547 3334 3335 4497
4 4047 4274 3951 5388
4 958 1976 1000 4893
4 2777 4478 2458 4551
4 1822 4197 1484 4963
4 4161 4383 3872 4923
4 3729 4259 4084 5502
4 1320 5459 4477 5521
4 3926 4948 4505 5385
4 4085 4406 3150 5327
4 3743 4362 4158 4493
4 702 3646 3647 4125
4 81 4449 4182 5192
4 116 619 3480 5531
4 2595 4422 2849 4977
4 2849 4422 2064 4977
4 1768 4308 1290 5111
4 3841 4166 3686 4736
4 3694 3937 3839 5192
4 3784 4749 4142 5240
4 1828 4902 3822 5088
4 1768 1290 4308 4742
4 3777 4769 3723 4988
4 2636 3877 2311 4089
4 3701 4277 3832 5233
4 1990 4210 738 4673
4 3938 4414 4248 5054
4 2343 4234 3770 4544
4 3736 5035 4575 5109
4 1722 5015 4774 5332
4 169 4434 4573 5012
4 882 4181 735 5312
4 3788 5194 3798 5407
4 3832 4103 3877 5447
4 3734 3780 4354 5086
4 2687 4257 3785 4592
4 3684 4111 4636 5164
4 3075 3042 2952 4201
4 1237 1252 1239 4303
4 3785 4071 3693 4592
4 3701 4814 4277 5233
4 2308 4621 4188 5597
4 3003 4952 4370 5242
4 4332 4366 3839 5069
4 4064 5008 4235 5542
4 1249 1748 1749 4175
4 777 778 900 4519
4 3840 4095 5234 5297
4 1312 5254 4865 5448
4 4297 4651 3972 4772
4 4312 4529 3685 4576
4 3854 4104 3830 4156
4 4106 3852 4784 5322
4 1898 1476 1407 5094
4 4357 4784 3852 5098
4 3692 3930 4030 4395
4 1550 4902 1828 5088
4 3711 3863 4507 4767
4 2376 3781 2799 4420
4 2130 3963 2129 4404
4 1617 1272 4518 4628
4 3781 4355 2799 4420
4 2314 4020 2224 5261
4 1940 1774 4301 5601
4 4175 4708 3719 5307
4 1017 1027 4494 4878
4 4543 4884 4342 5044
4 454 10 3165 4747
4 1253 1718 3747 5069
4 1255 3753 1195 5341
4 3687 3865 3841 4552
4 3791 4387 4097 5042
4 4702 4816 3779 5155
4 3837 4331 3979 5216
4 3693 3907 3834 4699
4 3899 4211 5182 5267
4 1821 4095 1947 5309
4 4097 4559 2082 4644
4 1730 5150 1897 5463
4 813 2006 752 4425
4 1603 1597 4280 5028
4 3876 3833 4585 4674
4 2674 2599 2839 4169
4 3701 3908 4115 5205
4 3810 4864 4068 4960
4 2524 4042 3882 4136
4 3775 4533 2572 4614
4 3999 5122 4686 5240
4 1202 4362 1200 5159
4 3852 3673 4215 4340
4 550 3342 74 5556
4 4288 4916 915 5239
4 3770 3720 4498 5023
4 3548 3549 3546 4609
4 3087 4101 3093 5452
4 3983 4684 4167 5360
4 1567 4201 1527 4836
4 4079 4999 3890 5260
4 5144 5524 4063 5525
4 716 4361 887 5562
4 2006 5313 4875 5437
4 4188 4641 4275 5350
4 3684 4588 4111 5164
4 4470 4676 4094 4834
4 131 641 4528 5065
4 3945 4543 4342 5044
4 3708 3890 4999 5260
4 3765 5179 1959 5492
4 1903 1611 4233 4825
4 2456 2606 2607 4831
4 4145 3850 4894 5275
4 1190 4222 4411 4858
4 2239 2237 3825 4788
4 3840 4844 4265 5147
4 3689 4866 4554 5002
4 4059 3771 4520 4779
4 1216 4164 1214 5121
4 3911 4314 2555 4400
4 3731 4921 4198 5221
4 4297 4772 3972 5245
4 1408 1352 4204 4677
4 1821 5234 4095 5309
4 3649 3930 707 4838
4 3696 4262 5055 5167
4 3763 3915 4281 5161
4 4731 5268 3878 5273
4 1381 1619 4261 4978
4 3781 4405 4355 5032
4 3761 1826 4671 4749
4 1395 1345 4076 4885
4 1255 1197 3753 5092
4 3113 2942 5199 5453
4 4215 4340 3673 4445
4 4047 3769 4926 5570
4 3641 3643 695 4573
4 3735 3992 4887 5512
4 873 882 735 5312
4 79 4109 4251 4702
4 1488 3744 4903 4915
4 4196 3770 5342 5397
4 2946 3126 4346 4952
4 3816 4816 5074 5433
4 909 4063 751 4890
4 3858 4034 5220 5318
4 1985 4583 4295 5564
4 771 916 774 5580
4 528 3309 60 5278
4 911 4790 4016 5176
4 2266 3862 2704 4137
4 1412 4112 4693 5258
4 951 994 2832 4423
4 3817 3708 4444 4740
4 1180 4586 4324 4804
4 3836 4417 3698 5262
4 1699 4198 4918 5600
4 94 582 3403 5049
4 1057 4098 4654 4909
4 3867 4316 4284 5337
4 4234 4544 3681 5397
4 2723 4390 4265 4991
4 3734 4054 4337 5346
4 1948 3860 1574 5014
4 1961 1662 5130 5156
4 1777 1866 1863 4529
4 1749 4805 4708 4959
4 2581 2759 3853 4955
4 2765 2771 2609 3878
4 2115 2611 2113 4531
4 2961 4289 2967 4725
4 108 3456 4666 5169
4 3936 4782 3924 5598
4 1481 1480 1313 4683
4 2555 4314 3911 4799
4 1743 1720 4332 4726
4 2082 2083 2084 3900
4 1720 4368 4332 4726
4 3147 3134 2929 4130
4 3796 4045 2120 4500
4 3884 3749 4538 4925
4 1617 1616 1272 4628
4 3815 4244 3683 5119
4 1184 1186 1185 4496
4 4627 4825 4299 5593
4 3878 4467 3980 4619
4 4138 5013 3942 5403
4 1624 4305 4745 4751
4 3833 4362 4347 5051
4 180 4178 4701 5277
4 2076 4114 2484 4881
4 2636 4089 2635 4637
4 1300 1228 3819 5332
4 2213 2193 2379 4770
4 4180 5145 4645 5465
4 33 491 4357 4784
4 3827 3861 3682 4730
4 3677 4757 4411 4860
4 3767 4874 4168 5004
4 840 875 839 4608
4 3298 3299 3300 4670
4 581 3407 91 3981
4 4110 4529 3934 4945
4 1117 4140 1087 4753
4 1712 4975 3812 5236
4 2237 4260 3825 4788
4 1325 1326 1324 4174
4 1318 1286 4930 5375
4 3748 3964 4484 5082
4 1941 1160 1928 4807
4 2886 4171 2709 5478
4 2936 4141 1153 4503
4 1325 1326 4174 4739
4 1975 4771 4249 5170
4 60 4482 535 5426
4 2868 3871 2563 4524
4 4173 5174 4229 5543
4 1756 5077 1216 5101
4 3801 3952 4472 4983
4 2735 2144 2736 4633
4 623 4942 123 5553
4 3720 4034 4364 4695
4 2641 4077 2640 4995
4 1216 5077 4164 5101
4 3093 3079 4927 5452
4 793 4120 795 4125
4 2078 4943 2077 5006
4 4378 4720 2471 5412
4 118 2356 2608 4119
4 4213 4416 4253 4809
4 4143 4445 3971 5263
4 1189 4411 1191 4757
4 4031 4507 4138 5013
4 3688 4344 4032 4882
4 3924 5040 4533 5471
4 3721 3973 4614 5574
4 1913 1922 1598 4229
4 2558 4491 3996 4678
4 1677 1456 4631 5270
4 85 2621 4273 4275
4 2841 126 2500 4230
4 1261 4268 4285 5082
4 1465 4129 4343 4833
4 1975 4165 4771 5170
4 3697 4077 4637 4994
4 1731 4975 3836 5262
4 2219 4652 3968 5261
4 1857 4837 3793 4915
4 2356 4119 118 4596
4 4117 4383 2781 5505
4 3969 4320 4210 4395
4 4020 4073 5112 5425
4 2537 4284 2539 5191
4 3720 4364 4034 4439
4 115 617 3479 4091
4 1783 4407 4040 4894
4 4096 4881 4114 4943
4 3699 4183 4433 5070
4 2460 3949 2917 5577
4 1414 4783 4073 5206
4 1992 1841 5035 5109
4 1313 4539 4683 5091
4 4890 4063 5524 5525
4 735 4181 882 4662
4 4308 3830 4632 4742
4 2084 3900 2083 4097
4 1711 4366 4598 5010
4 1611 1281 1903 4233
4 3932 4179 4111 5445
4 2845 4346 2044 4431
4 65 540 4009 4497
4 2501 4360 2402 5428
4 853 938 897 4040
4 3984 4544 4177 5023
4 3769 4189 4813 4926
4 2724 2312 4849 4995
4 3817 4444 3708 5260
4 1180 1179 4586 4804
4 1120 4102 1074 5211
4 3941 4645 5145 5465
4 3891 4697 4163 4705
4 3989 5013 4138 5403
4 3729 4084 4408 5502
4 4130 3031 5214 5364
4 3065 4026 3135 5237
4 2390 4731 3970 5268
4 4769 4830 3914 5289
4 2779 4117 2781 5505
4 1268 4285 1261 4628
4 1981 1982 4880 4929
4 3733 4546 4279 5174
4 4829 4870 4128 4965
4 2783 2524 2526 4042
4 3763 4906 3955 4976
4 2043 2484 4114 4881
4 4068 4960 4864 5254
4 1427 4302 1664 4513
4 1954 1956 1167 4556
4 4353 4538 3749 4925
4 986 991 4254 5317
4 4310 5201 3944 5385
4 1627 1626 4454 5368
4 2870 2869 3054 4418
4 2627 2734 4109 4516
4 139 4078 3804 4718
4 2376 2513 2799 4405
4 2536 3890 2300 4284
4 4173 4279 3733 5031
4 76 3992 553 4759
4 4369 4691 3913 4830
4 3951 5182 4211 5267
4 4563 5078 3780 5218
4 836 702 175 4125
4 4212 3931 4481 4786
4 148 661 3979 4778
4 3050 3128 4245 5237
4 4319 5167 4403 5568
4 3782 4236 4451 4473
4 3001 3004 3002 4301
4 2060 2828 865 4230
4 3036 4489 3035 5489
4 1489 1430 4665 4903
4 1451 3741 1449 4795
4 2516 4235 4064 4590
4 648 137 4609 5020
4 3409 583 95 4440
4 43 3257 509 5321
4 4287 4757 3947 5341
4 4492 4671 3705 4709
4 4172 4523 4375 5526
4 1301 4312 1222 4576
4 1714 4758 3812 5010
4 3312 535 63 4831
4 3817 4861 5072 5304
4 2178 3979 2193 4292
4 3697 4162 4112 4315
4 3948 4321 3864 5384
4 798 800 4043 5533
4 1965 3075 1169 4201
4 129 3510 632 4584
4 3765 1959 5229 5492
4 3381 3382 3380 5475
4 3788 3733 4546 4549
4 180 4093 4226 5277
4 3378 562 82 4500
4 3892 4046 3683 4082
4 1226 4805 1227 4959
4 2704 4822 2625 5011
4 464 4243 17 5536
4 1153 4141 1973 4503
4 4824 5085 4148 5314
4 2781 4117 3809 4383
4 3710 4144 3849 4756
4 1590 4625 4155 5129
4 1206 4248 1207 4727
4 3727 3961 4652 5398
4 4048 4504 3774 5084
4 4707 4758 3812 5236
4 4064 4235 2516 5542
4 1651 4806 4107 5444
4 3896 4494 4427 5181
4 1129 4288 846 5130
4 3722 4426 4866 5500
4 3035 3765 4489 5209
4 1887 1381 1619 4261
4 865 2828 744 4230
4 2838 1051 1047 4660
4 1207 1206 1205 4248
4 3102 4084 2925 4660
4 1619 1621 1620 3750
4 1457 1459 1458 4597
4 4843 5458 2245 5460
4 4682 5036 3954 5168
4 3864 3948 4687 5178
4 805 924 893 4246
4 2427 4149 2467 4815
4 4052 5180 3792 5488
4 3129 4431 3014 4927
4 2376 2454 2513 5591
4 3724 5164 4650 5390
4 4076 5058 4389 5186
4 4122 4826 4289 5549
4 51 4031 4094 4714
4 4220 4649 1230 4959
4 3855 3972 4651 4772
4 920 4016 4720 5176
4 4446 4217 5318 5578
4 2654 2175 2132 4730
4 911 4016 816 5176
4 9 3154 455 5071
4 4207 4059 5279 5410
4 4197 5128 4683 5520
4 1518 4299 1941 4913
4 2703 2204 2710 4504
4 3687 3869 4552 4724
4 897 4040 938 4947
4 3924 2793 4614 5302
4 3754 4244 3965 4562
4 4429 3958 5126 5509
4 2054 2843 2497 5151
4 32 4352 488 4754
4 3974 3755 4703 5298
4 2624 2278 78 4109
4 2248 4138 2249 5458
4 3719 4601 3963 4872
4 2035 2891 2932 3842
4 2225 2223 2224 4419
4 2224 2582 2226 4419
4 2432 2867 2465 4899
4 2845 2673 4346 4808
4 3688 4097 5042 5335
4 2871 2048 2507 4128
4 2285 2664 2239 4788
4 3228 37 2218 4330
4 2110 5490 4033 5586
4 1600 4913 4807 5306
4 1433 4134 4679 5346
4 3890 4444 3708 4740
4 4163 4772 3855 5436
4 3863 4710 4094 5052
4 1943 5143 4173 5174
4 4280 5031 3976 5118
4 3757 4155 3998 4256
4 2001 4309 1140 4379
4 3048 3030 3077 4195
4 3566 665 147 4729
4 4288 4613 910 5130
4 3686 3901 3841 4231
4 3972 4772 3855 5245
4 4462 4784 3852 5322
4 3854 4398 2743 4778
4 3978 3674 5318 5344
4 3134 4418 3031 5214
4 2885 5372 4157 5478
4 2015 4098 1156 5424
4 3929 3700 4712 4988
4 4349 5459 3776 5572
4 3876 4585 3833 5090
4 4038 5010 4758 5380
4 4187 4988 3700 5053
4 4095 4519 1947 5309
4 179 4395 3969 4436
4 1834 4334 4415 5366
4 3065 3020 4793 5488
4 690 167 3991 5243
4 1031 4694 4290 5073
4 2745 5095 4716 5563
4 2556 2852 3866 4314
4 3826 4253 4213 4416
4 4087 4234 169 5012
4 2808 4645 2451 4920
4 3933 3838 4655 4942
4 2058 4133 726 4892
4 4405 5032 4235 5283
4 3730 4265 3986 4944
4 4157 5057 4583 5339
4 3726 4206 4008 5132
4 1611 4233 4825 4882
4 28 4651 4402 5252
4 4074 4693 4604 5038
4 4101 4927 3079 5452
4 4217 4810 4695 5292
4 3648 3647 3646 5076
4 61 3299 2485 530
4 2804 4612 4151 4870
4 3297 3300 524 5519
4 4206 5033 3944 5201
4 3810 4539 4865 4912
4 3912 4561 4298 5107
4 767 3917 5100 5269
4 3286 3288 3285 4600
4 1716 4707 1815 5236
4 4444 4740 3890 5172
4 3864 4687 4252 5178
4 2580 2711 3983 4684
4 2899 4660 4408 4733
4 1150 1575 4139 4654
4 4113 3850 4407 5481
4 1509 4306 1510 4607
4 3048 3030 4195 5214
4 805 2888 2063 4354
4 1793 4406 4085 4648
4 2634 3796 2120 4500
4 2683 4390 4133 5383
4 1014 982 4629 4982
4 4268 4552 3841 4736
4 847 797 1988 5533
4 3712 4798 3870 4829
4 3708 4159 4706 4987
4 2532 4685 4021 5148
4 2529 4247 2582 4635
4 2250 4499 4138 5195
4 1667 1523 4752 5217
4 590 3416 3418 4135
4 2487 2489 2276 4353
4 1207 4727 4248 5528
4 2318 2547 2546 4616
4 2088 2505 5136 5295
4 4012 4905 4197 4963
4 1190 1192 1191 4411
4 1667 5217 3756 5363
4 4321 4725 3078 4826
4 4408 4733 3729 5193
4 2122 4082 2123 5355
4 2452 2808 2451 4920
4 2482 4289 2481 4828
4 3772 4275 3993 4961
4 4087 4227 4196 5397
4 3754 4244 4326 4576
4 1689 1161 2943 5005
4 2246 2245 4843 5458
4 3719 4220 5334 5371
4 3220 486 30 5120
4 3810 4960 4068 5254
4 1669 3742 4963 5072
4 943 4425 1006 5223
4 1190 1256 4222 4858
4 3719 4028 5210 5307
4 1654 1653 1657 4737
4 4077 4437 4190 5125
4 2692 3907 4071 4592
4 3503 3502 3500 4627
4 4161 4713 4067 5440
4 929 925 4613 5130
4 1331 1333 1332 4781
4 2251 4031 2250 4499
4 3723 4505 4108 4948
4 3677 4287 3831 4356
4 63 4482 3955 5070
4 3707 4865 4539 4912
4 2597 4176 2598 4841
4 1504 1498 4546 5138
4 4602 4825 3845 5300
4 3551 655 3550 5485
4 2528 2529 2582 4635
4 3821 5271 1657 5492
4 3140 3094 4410 4728
4 685 164 3982 4555
4 2362 4265 2361 4944
4 1779 1437 1544 4364
4 958 1000 4425 4893
4 3778 4439 4110 4718
4 1710 1872 1377 4448
4 1086 2919 1041 4358
4 4182 4368 3993 5266
4 4061 4181 3716 4723
4 4219 4587 935 4916
4 2110 4619 4033 5490
4 3132 2945 3064 5014
4 2278 78 4109 4822
4 1712 3812 4975 5010
4 1641 1935 2011 4451
4 3048 4141 3026 5214
4 943 4361 716 5562
4 3961 3727 5097 5197
4 4163 3713 4672 5400
4 3733 4279 4173 5174
4 670 3581 154 5048
4 3679 4335 4197 4775
4 1579 1962 1690 4447
4 1885 4615 4070 5382
4 699 258 174 3639
4 4009 3704 5162 5384
4 92 4231 3901 5510
4 3195 22 2540 5322
4 179 4320 3969 4395
4 1929 4410 4150 5487
4 2558 3996 2025 5073
4 2052 2539 2905 4016
4 73 4071 548 4272
4 3576 664 3575 4582
4 3726 4033 4504 5084
4 1571 4309 1468 4851
4 1817 1394 1819 4297
4 3804 4394 139 4718
4 3808 4180 3799 4382
4 2889 5105 4246 5479
4 2131 2133 2148 4333
4 1969 3048 3077 4195
4 956 2837 2876 4361
4 4107 4696 3986 5288
4 1668 4752 1982 4929
4 1190 1256 1192 4222
4 3697 4112 4604 5320
4 4288 5130 1662 5156
4 3932 4481 4636 4786
4 2672 4169 2599 4808
4 4519 4780 1947 5309
4 3135 3065 3022 4026
4 1068 4442 5166 5190
4 3755 5128 4197 5520
4 3756 4438 4087 4573
4 4011 4590 3686 5418
4 1866 1862 1734 4529
4 3679 4683 4197 5128
4 2907 996 2049 4377
4 3955 4183 3699 5070
4 3679 4197 4225 5128
4 1684 1791 1687 4824
4 938 4040 4407 4947
4 1550 1826 3761 4749
4 3832 4277 4315 5056
4 2060 4061 2841 4230
4 4047 5189 3846 5594
4 3689 4664 3962 5002
4 1090 4654 4139 5442
4 454 4647 10 4747
4 4009 5162 3766 5384
4 3594 4126 3596 4642
4 1797 1772 1699 4198
4 943 5223 4361 5562
4 3875 4192 4699 4873
4 3118 4667 3019 4793
4 1532 4548 4339 5115
4 790 4120 4880 5339
4 928 761 4114 5362
4 723 855 877 5029
4 1768 1771 3738 5111
4 3929 4712 3700 5370
4 1103 1061 4086 4768
4 1477 1257 1263 3746
4 3674 4530 4665 5344
4 3535 650 136 4432
4 2358 3795 2357 4596
4 2289 2223 2225 3800
4 2112 2111 2110 5586
4 3728 4319 4146 4983
4 4306 4607 3954 5464
4 3913 4692 4691 4933
4 3710 4267 3849 4610
4 3141 3008 4148 5093
4 1449 1451 1450 3741
4 1234 4605 4317 5541
4 3714 4489 4461 5229
4 3774 4531 5434 5586
4 2085 2181 2087 4387
4 2114 2112 4310 4531
4 3838 4942 4644 5335
4 4492 4671 1826 4749
4 3089 3922 2995 5326
4 2946 2840 2028 4245
4 1754 4416 1300 4649
4 1593 1505 1906 3757
4 3238 3239 3240 5451
4 3681 3914 4001 5012
4 1057 1105 4098 4909
4 4050 4925 4625 5129
4 4429 4850 3958 5509
4 3678 4042 3882 4635
4 4481 4786 3931 5557
4 3753 4305 4287 5341
4 1867 1862 1763 4659
4 1207 4414 4727 5528
4 1061 1109 1103 4086
4 1623 1257 1477 4745
4 3683 4376 3815 5119
4 1125 2009 983 5546
4 4197 4905 1521 4963
4 1025 4451 963 4893
4 4105 3771 4862 5336
4 2640 3789 2312 4995
4 3944 4310 4033 5201
4 4087 4196 5342 5397
4 1406 4298 1554 5107
4 3198 3196 3195 5095
4 1382 1599 1591 3745
4 4471 4636 3684 5445
4 1465 4343 4129 5309
4 3739 4249 4785 4792
4 4047 3846 4309 5594
4 3824 4352 3673 4716
4 4068 4184 3886 4255
4 1667 1668 3756 4752
4 2421 3814 4703 5113
4 2845 2665 2673 4808
4 2001 1140 4309 4851
4 1263 3746 1257 5089
4 3683 4376 4380 4641
4 1297 4477 1320 5459
4 140 648 4609 5020
4 2726 181 3671 4226
4 1883 1414 1628 4751
4 3695 4415 4251 5155
4 1462 4107 1651 4806
4 1375 4359 1478 5282
4 1679 1416 1417 5240
4 3826 4416 4213 5395
4 2858 739 2029 4293
4 3958 4887 4025 5483
4 3769 4813 4274 5002
4 4081 4675 3818 5324
4 2238 2236 40 4791
4 2777 2750 2458 4478
4 2458 4551 4065 4616
4 83 562 3376 4500
4 1215 1216 1214 5121
4 4159 4016 4875 5176
4 749 2904 842 4720
4 862 739 2858 4293
4 897 4842 4040 4947
4 3792 5180 4667 5241
4 3722 4167 4684 5360
4 548 72 3341 4796
4 2140 4212 2139 4481
4 3903 4716 5095 5563
4 1564 4503 1973 5264
4 1295 4324 4586 5508
4 2183 5514 4011 5591
4 2140 4212 4481 5110
4 3956 4277 3759 5007
4 853 864 938 4040
4 3722 3983 4572 5500
4 1295 4324 1180 4586
4 3286 3285 515 4600
4 1899 4536 1846 4561
4 4321 4725 3766 5376
4 3089 2995 3922 5327
4 19 473 4218 4382
4 1234 1236 4605 5541
4 1352 4204 4677 5449
4 3691 4117 3876 4383
4 3713 4400 3911 4545
4 3881 4685 3977 5552
4 4660 4733 2072 5225
4 1206 4727 1873 5064
4 1180 4324 1295 5508
4 923 801 4962 5165
4 2043 2076 2484 4881
4 3946 4713 4058 5593
4 3868 4218 4208 4914
4 4130 4594 3147 5364
4 1235 5131 1237 5541
4 2881 3646 702 4125
4 1850 1877 1558 4047
4 2356 4119 2357 5377
4 4021 4685 2532 4920
4 3545 143 4394 4593
4 4865 5254 4068 5448
4 3777 4988 4187 5053
4 4081 3818 4675 4918
4 4465 4514 4149 4815
4 763 4114 761 4715
4 3890 4284 2536 5009
4 1842 4484 4041 4775
4 1309 1669 3742 4963
4 2092 4599 4057 5295
4 4042 4635 3678 5538
4 4951 5194 4114 5407
4 882 4662 4181 5099
4 2205 4481 2138 4719
4 2178 3979 4292 4580
4 4074 4570 3938 4604
4 3925 4363 4299 4780
4 3960 4546 4229 4986
4 1109 4086 1061 4909
4 4708 5307 4175 5382
4 1025 947 4451 4893
4 3791 4097 2085 4761
4 3842 4193 2996 4993
4 1715 1731 4975 5236
4 3649 707 3930 4395
4 2687 2283 4257 4592
4 3857 4376 4082 5358
4 3688 5042 4032 5335
4 35 4090 4821 5319
4 2251 4031 514 4714
4 2737 2516 4235 5542
4 3700 4988 4619 5132
4 3696 3862 4527 5545
4 2001 4309 1571 4851
4 2333 4446 3978 5516
4 3435 3433 3936 4674
4 3575 3574 3576 4582
4 1433 4665 4134 4823
4 1718 1713 4332 5069
4 1641 4236 1636 4473
4 2205 2667 4481 5160
4 1780 1982 4752 4880
4 3791 2085 4424 4761
4 1285 4340 1296 4930
4 3582 153 672 5103
4 632 128 3508 5268
4 2156 3843 4538 5295
4 3825 4260 3701 4788
4 977 4053 972 5083
4 3978 4446 2333 4711
4 1669 4963 1840 5072
4 3736 4377 3974 4700
4 3761 3997 4902 5088
4 977 4409 4053 4700
4 3716 4181 4061 5041
4 3054 2960 2053 4418
4 1640 1670 1536 3758
4 4110 3685 4529 4576
4 2936 3026 4141 5498
4 4296 4958 4645 5330
4 1385 4814 4081 5087
4 2506 4069 4870 5428
4 3724 4650 3982 5390
4 1294 1292 1309 4463
4 2734 2148 2784 4333
4 2081 2080 3928 4644
4 660 145 4238 5216
4 522 54 3292 5187
4 3691 3876 3833 5090
4 4720 5412 4241 5474
4 2824 4026 4767 5488
4 3778 4439 4718 4889
4 2176 2751 4471 5160
4 3557 3554 659 4847
4 1593 1505 3757 4935
4 1943 1922 5143 5174
4 3688 3838 3998 5169
4 3736 3974 4574 5298
4 134 2347 640 3529
4 882 4723 777 5099
4 3982 4650 3724 4968
4 2824 5237 4026 5488
4 784 929 925 4613
4 2529 2313 4247 4614
4 3896 2542 4494 5181
4 1533 4548 1532 5115
4 1079 4937 3976 5118
4 2577 2356 118 4596
4 3859 4982 4286 5133
4 1486 4588 1851 4686
4 1647 4492 1646 4709
4 1783 4040 1953 4894
4 2983 2982 3144 4144
4 3853 4388 2759 4936
4 4864 4960 3760 5254
4 4041 3748 4883 5310
4 1463 4129 1465 4833
4 1374 4183 1556 5045
4 3477 3478 619 5417
4 3010 3015 3013 4422
4 3698 4036 3909 4455
4 3804 4078 139 5429
4 2454 2737 2516 4235
4 3701 3972 3908 5205
4 665 3566 3567 4794
4 3764 4612 4151 5036
4 2466 4418 2873 4624
4 4719 4968 3724 5557
4 4241 3919 4926 5412
4 3800 4283 2225 4747
4 1559 1390 4532 5410
4 1586 1181 4655 4804
4 3032 4502 4084 4503
4 3920 4691 3681 4692
4 3709 3945 4884 4980
4 1870 1874 1265 3743
4 2168 5514 2183 5591
4 3689 3962 4274 5002
4 1906 3757 1505 4888
4 2181 3791 2085 4424
4 2052 4720 4016 5474
4 3866 3713 4705 4750
4 155 4126 4512 4664
4 57 528 4023 4374
4 4359 4643 3739 4797
4 3830 4335 4463 4512
4 3776 4349 4990 5459
4 3910 4263 5097 5197
4 3624 690 166 5202
4 2150 4100 3774 5586
4 4178 4522 3899 4684
4 4352 4784 4462 5322
4 2702 2203 4732 5302
4 4070 4998 4816 5307
4 1428 1488 1426 3744
4 3710 3915 4281 4447
4 65 4009 4433 4497
4 3682 3963 4872 5334
4 3141 4148 3095 5093
4 670 155 5048 5208
4 3993 4182 3747 4368
4 1235 1729 1237 5131
4 3863 5180 4052 5488
4 1621 3750 1619 4978
4 2542 2907 2049 4377
4 3200 477 3201 5522
4 3813 4806 1494 4954
4 3776 4990 4349 5197
4 3701 3908 3972 5137
4 4190 5054 3938 5125
4 1875 1709 1708 5270
4 1522 1975 1570 4771
4 492 4754 33 5098
4 1006 886 904 4425
4 4104 4156 3854 4582
4 901 4096 768 4881
4 5151 5157 3976 5589
4 878 4379 837 4819
4 1523 4364 4752 5439
4 838 4819 837 4851
4 1534 4339 1532 4548
4 130 4266 634 4630
4 3684 4075 4588 5164
4 1788 4626 1685 4970
4 2748 4243 4003 5249
4 2083 4097 2082 4644
4 3713 3911 4314 4697
4 1533 1534 1532 4548
4 3766 5162 4150 5384
4 1389 1657 5271 5492
4 3435 595 103 5598
4 3810 3707 4865 5411
4 100 588 3430 4541
4 3924 4533 4782 5471
4 1237 1252 4303 5131
4 3963 4730 4333 5334
4 3998 4155 3757 5399
4 1946 4469 3059 5063
4 2725 2866 2586 4610
4 4322 4845 4291 5446
4 160 680 4388 4955
4 1996 4053 4656 5546
4 1452 1454 1490 4083
4 2510 4258 2522 5501
4 625 124 4611 5550
4 4378 4926 3919 5412
4 823 820 844 5248
4 3686 5203 4011 5418
4 1658 1996 4656 5546
4 3796 4801 4045 4953
4 13 458 3156 5080
4 4193 4620 2694 5326
4 2676 3897 4554 5208
4 3943 4148 5085 5314
4 1215 1214 4598 5121
4 974 975 4694 5083
4 1172 4502 2962 4503
4 800 4673 4043 5533
4 3680 3835 4412 5159
4 3810 4591 3707 5411
4 3927 4124 4970 5389
4 3693 4699 5173 5238
4 2812 3842 2035 4052
4 3955 4374 533 4906
4 3935 4174 4739 5228
4 2883 2885 4157 5478
4 3845 4602 4233 4825
4 920 816 4016 5176
4 4083 4528 4005 5135
4 89 576 3394 5047
4 1951 3009 1164 4469
4 1619 1618 1887 4518
4 872 738 883 4210
4 4469 4772 4163 5436
4 3736 4575 4304 5109
4 3825 4014 4336 5361
4 2269 4527 2267 5545
4 3684 4318 3856 5141
4 3880 3714 4867 5222
4 2527 2572 2529 3775
4 4008 4206 3726 4727
4 1558 4709 4047 5594
4 4015 4092 55 4372
4 3996 4694 1026 5073
4 557 4702 79 5386
4 4030 4205 2324 5243
4 1631 4751 4745 4755
4 1868 1487 1801 5196
4 1026 974 975 4694
4 3700 4338 3820 4765
4 1406 4537 4298 5107
4 3845 4299 4825 5593
4 3679 4775 4041 4900
4 2078 2076 2077 4943
4 2628 2625 2627 4109
4 1203 4570 4362 5159
4 722 4246 924 5479
4 3912 4235 5032 5283
4 4104 4156 4582 5554
4 1741 1802 1893 4074
4 4410 4550 3860 5014
4 1202 1203 1204 4362
4 504 3263 44 4521
4 4481 4636 3982 5160
4 2362 2363 4265 4923
4 4691 4692 3920 4933
4 2887 2709 2886 4171
4 3934 4945 4529 5539
4 2480 4321 2478 4725
4 3949 3717 4397 4535
4 1970 3048 1969 4195
4 3794 4919 4391 5241
4 4070 5074 4816 5433
4 3625 692 3628 5123
4 1416 4426 4142 4658
4 3926 4531 4310 5385
4 2008 1905 4102 4753
4 3504 625 124 4611
4 4035 4435 3714 5097
4 536 3322 64 5001
4 3804 139 4593 5429
4 3864 3704 4687 5384
4 96 2155 2525 4042
4 3720 4227 4196 5439
4 60 4550 4482 5426
4 1479 4041 1293 5091
4 4042 4748 4635 5538
4 3684 4636 4075 5164
4 897 853 4040 4842
4 1360 3740 1361 5369
4 1711 4366 1717 5121
4 2378 2470 4000 4969
4 4158 4493 3833 5090
4 3023 2044 4346 5452
4 4040 4595 3840 4842
4 3920 3681 4691 5012
4 1345 1344 1343 4172
4 3815 3993 4997 5119
4 2832 994 2025 4423
4 3906 4818 4069 5482
4 3691 5288 3959 5444
4 2028 3050 4245 5237
4 2490 2414 4186 4353
4 2776 4585 2102 4674
4 1719 1253 3747 4997
4 3708 4706 4189 4987
4 4604 4693 4112 5038
4 3097 3147 4594 5364
4 3792 5180 4793 5488
4 3004 4301 3001 4952
4 4021 5231 4685 5373
4 1505 3757 4935 5104
4 2785 4898 4028 5597
4 4522 4684 4178 5360
4 83 563 5192 5475
4 3683 3892 4082 4376
4 4182 4449 3839 5192
4 3896 4341 3974 4377
4 3687 3869 4221 4572
4 3764 5168 4306 5359
4 1422 1678 1420 4686
4 3130 4705 2931 4977
4 4019 4574 4012 4575
4 3682 3861 3827 4253
4 3679 4197 4683 4775
4 1618 1261 1251 4268
4 3714 4149 4465 4514
4 4590 5418 4011 5591
4 920 4720 818 5176
4 1061 4086 4768 4909
4 1941 1583 4519 4780
4 3686 4268 3841 4736
4 1941 1518 1516 4299
4 2510 2801 4258 4657
4 1240 4179 1276 5122
4 2849 4431 3988 5235
4 2490 2171 2811 4666
4 1062 1069 4151 4832
4 3975 4105 4862 5336
4 4051 4567 1791 5582
4 2331 2333 2446 5086
4 2333 4711 2446 5086
4 1904 1905 1569 4102
4 723 2868 855 5029
4 3419 584 97 4135
4 2227 2553 2225 4283
4 1240 1276 1767 5122
4 2687 2686 3785 4257
4 1396 4470 1806 4676
4 4229 4421 3985 5525
4 3781 4429 4235 4964
4 5201 5434 4531 5586
4 3426 593 99 5142
4 4426 4534 1308 5388
4 1328 1824 4118 5258
4 3890 2300 4284 4999
4 2254 2256 4015 4621
4 3698 4455 3909 4843
4 2793 4995 4614 5302
4 4341 4377 2892 5466
4 1544 1808 1985 4295
4 3674 4530 3826 4665
4 2925 1034 3099 4660
4 1582 4249 1975 4771
4 1998 1997 4671 5248
4 1611 1281 4233 4882
4 2771 2609 3878 4467
4 3924 4995 4614 5471
4 1383 1361 1359 4291
4 3988 4422 3768 4431
4 4667 5180 4160 5241
4 1592 1182 4324 4763
4 96 584 3416 4135
4 3755 4703 3814 5113
4 3756 4087 4438 5217
4 1734 4123 5101 5232
4 4083 4631 3703 4803
4 738 4210 872 4673
4 1953 4040 4595 5234
4 2002 1933 4140 4753
4 3844 3933 3745 5553
4 4339 4345 1967 4836
4 4052 3792 4793 5488
4 3960 5066 4986 5144
4 3929 4988 4712 5370
4 2760 142 654 4936
4 3931 4786 4212 4869
4 4015 4372 2254 4621
4 3726 4504 4033 5490
4 3580 668 152 5554
4 1664 4513 4302 4891
4 4151 4612 3764 4870
4 2324 4205 4030 4569
4 1421 1550 1828 5088
4 4162 4781 4315 5587
4 2690 3069 3073 4311
4 1770 4484 1771 5082
4 1659 4152 1658 4779
4 38 2157 2523 4057
4 695 171 4029 4876
4 1716 1815 1410 5236
4 1932 971 4053 5546
4 1412 1740 4112 5320
4 4014 3825 5059 5361
4 3149 3145 4594 4904
4 1168 1997 1998 4153
4 1583 1947 4519 4780
4 4001 169 4234 5012
4 1540 1541 1539 4956
4 1999 4503 1564 5264
4 1846 1899 1485 4536
4 4366 5069 1717 5121
4 1232 1234 1275 4317
4 569 87 3383 3990
4 2508 3977 2276 4821
4 2505 4538 5136 5295
4 679 3595 3596 4642
4 2899 2877 2838 4660
4 3998 4763 4049 5169
4 3711 4094 4470 4676
4 2484 4114 2076 4943
4 3709 4141 4195 5214
4 3721 4614 4995 5471
4 3835 3680 4412 4782
4 1822 1309 1644 4963
4 2088 5136 4022 5295
4 3961 5097 4263 5197
4 1805 1396 1806 4676
4 3099 1034 1097 4660
4 2917 3949 5253 5577
4 2960 2053 4418 5225
4 2843 4578 4509 5589
4 3700 3820 4547 4765
4 4306 4682 3954 5168
4 3886 5108 4255 5331
4 2676 4554 4971 5208
4 2027 2886 2709 5478
4 2094 3893 4599 4924
4 3967 4305 3753 5092
4 83 3937 3367 4848
4 110 4559 606 4895
4 3530 3531 3532 4766
4 1384 1353 3751 4979
4 1603 1601 1597 5028
4 466 18 4401 4853
4 982 4982 4286 5230
4 4380 4997 3993 5119
4 4255 4433 4068 4864
4 3959 4696 3986 5284
4 3883 4396 4102 5036
4 3701 3825 5059 5233
4 1674 4917 1449 4933
4 2238 40 4260 4791
4 3789 4112 4486 5038
4 3877 4089 3697 5587
4 3675 4943 4114 5407
4 882 4181 4723 5099
4 3821 3702 4476 5271
4 972 977 971 5546
4 3703 4266 5117 5377
4 3776 4930 4340 5098
4 3875 3693 4648 5446
4 1272 1268 1261 4628
4 2769 2166 2765 4619
4 576 4325 92 5047
4 1372 4706 1398 4861
4 3863 3711 4031 4094
4 1212 5033 4598 5077
4 3755 3974 4703 5113
4 1142 1585 3064 5014
4 4247 5228 4020 5425
4 1459 1823 4386 4894
4 4567 5184 2991 5198
4 1712 4975 4366 5010
4 4290 5253 3949 5577
4 3692 4513 4132 5078
4 4061 4459 4230 5580
4 4041 4883 4209 5310
4 4386 4844 4040 5234
4 2683 2853 4133 4991
4 1349 4389 1396 4676
4 4208 4914 4218 5116
4 135 3526 643 4510
4 3712 4279 3887 5028
4 3945 4548 4342 5024
4 463 3174 12 5265
4 1159 5014 1574 5146
4 3732 4485 3947 4860
4 3764 4017 5168 5359
4 3832 3697 4315 5587
4 1591 4913 1926 4932
4 39 499 4490 5127
4 2094 4599 3987 4924
4 4033 5084 4038 5201
4 4377 4700 1032 5466
4 96 4042 2525 4871
4 2053 2870 3054 4418
4 1673 4194 1629 5204
4 1090 1095 1058 5442
4 4168 4874 1552 4928
4 983 4152 973 5546
4 3703 4083 4271 4631
4 799 848 4337 5165
4 4177 4801 3984 4953
4 3789 4486 3721 5038
4 4034 5318 4217 5578
4 3703 4119 4271 5273
4 1854 1767 1851 4111
4 3089 3922 5326 5327
4 480 487 28 4399
4 4287 4622 3947 4924
4 2966 2967 2961 4289
4 1834 4415 1248 5366
4 3649 3930 179 4395
4 27 4581 4214 4849
4 2313 2226 2582 4247
4 160 4388 680 4717
4 997 4423 951 5466
4 4228 5059 3825 5361
4 4232 4852 2691 5420
4 1559 4207 1390 5410
4 2456 62 2455 4252
4 1916 992 5170 5226
4 1981 1668 1982 4929
4 3929 4566 3700 5053
4 4194 4776 3967 5471
4 3772 4138 4455 5266
4 2527 4135 3775 4635
4 1631 4755 4745 5375
4 3579 670 155 5048
4 666 150 4582 4794
4 2393 2766 2762 4801
4 4124 1786 4922 5301
4 1459 4386 1461 4597
4 3739 4165 4771 4797
4 478 26 3213 4526
4 1210 4712 4206 5033
4 3734 4171 4354 5165
4 3977 3749 4090 5552
4 3675 4185 3933 4804
4 4176 4767 2598 4841
4 790 795 4120 5339
4 3845 4067 4343 4713
4 1210 1266 1871 4712
4 3010 3013 3011 4469
4 4232 4996 2985 5085
4 1111 4358 1080 5118
4 1144 4101 1945 5063
4 4405 5283 4235 5591
4 3670 180 715 4226
4 1851 4111 1767 5122
4 663 3569 3568 4223
4 39 4490 4136 5127
4 1479 4683 4041 5091
4 3706 4155 4256 4925
4 3748 4900 3979 5310
4 1208 4206 1871 4765
4 4147 4911 3835 5092
4 4173 5031 3733 5543
4 3779 4333 4460 5155
4 4277 5007 3956 5087
4 3682 4404 3963 4730
4 3885 4797 4359 5282
4 1428 3744 1426 5365
4 895 4587 4219 5329
4 4629 5114 3717 5410
4 2336 2335 4446 5540
4 3902 4471 3684 5352
4 3691 4347 3805 5430
4 702 175 3637 922
4 3836 4975 1731 5007
4 977 4053 971 5546
4 3768 4431 4039 5235
4 3702 3821 4476 5037
4 4418 5225 3957 5498
4 1883 1628 1626 4751
4 1436 4034 5188 5220
4 1871 4206 4712 4765
4 3736 4574 4012 5298
4 512 2812 4052 4681
4 3724 4056 5541 5557
4 3045 4660 2072 5225
4 3850 4390 4133 4844
4 3816 4415 4334 5155
4 2102 4055 3936 4674
4 3685 4326 4576 5435
4 4005 4528 4083 5185
4 3149 4149 3056 5222
4 3173 14 2554 4400
4 3863 4031 3711 4507
4 4130 4195 5163 5364
4 1816 4675 4297 5063
4 1031 1004 4290 5457
4 1090 1095 4139 5441
4 1123 1106 1072 5340
4 1989 5472 4043 5533
4 3883 4102 4396 4753
4 4359 4771 1522 4797
4 2804 2805 4151 4612
4 1229 4220 1230 4959
4 487 28 4399 5205
4 3285 516 49 5183
4 2776 4117 4585 4674
4 3882 4635 2783 5261
4 3575 149 2669 664
4 1328 4118 1824 5204
4 1184 4553 4344 4763
4 2917 2460 2459 3949
4 4103 4474 3697 4994
4 3797 4432 4046 4452
4 3739 4771 4359 4797
4 28 3908 3988 4651
4 4776 4782 3967 5471
4 1024 1031 1004 4290
4 3985 5467 4890 5525
4 3749 4222 4090 4966
4 1214 1212 4598 5077
4 4197 4335 4225 4963
4 771 4807 3844 5306
4 2132 2130 2654 4730
4 4036 4182 3839 4639
4 3967 4305 5092 5368
4 1746 1408 1760 4615
4 4532 3717 5114 5410
4 3691 3805 4347 4877
4 3344 3346 552 4257
4 1584 5066 4586 5584
4 3407 3404 575 4325
4 3888 4474 4103 4994
4 4104 4328 2544 4941
4 2723 4265 2419 4991
4 1959 1132 3765 4461
4 713 3661 3664 4640
4 2722 2544 4328 4941
4 1395 1696 1697 4910
4 4074 5038 5125 5471
4 548 4071 2259 4272
4 2256 2254 4015 4372
4 3723 4505 4948 5385
4 1465 1463 1820 4129
4 4561 5107 3912 5250
4 3728 4472 4064 5008
4 2465 4130 2869 4899
4 910 4613 783 5130
4 2266 2265 4443 4527
4 4043 4337 3734 4962
4 4477 4989 1649 5521
4 3810 3707 4591 4912
4 3938 5038 4077 5125
4 4306 4682 3764 5359
4 3794 4169 4841 4972
4 4028 3940 5291 5579
4 4113 1781 4803 5481
4 4145 4597 4386 4894
4 4293 4613 781 5079
4 4207 4539 3810 4912
4 2081 4559 2080 4644
4 2487 3977 2508 5148
4 3101 4254 1007 5408
4 1658 4656 4152 5546
4 3706 4050 4925 5231
4 3426 99 586 4542
4 139 646 4078 4766
4 1594 4553 1184 4763
4 3685 4558 4045 4953
4 3681 4087 4234 5397
4 1685 4626 4124 4970
4 1357 4291 1359 4845
4 3839 4639 4182 5192
4 2314 2783 4635 5261
4 3415 3412 587 4924
4 1816 4297 4675 4814
4 64 4820 536 5178
4 1629 1628 1682 4454
4 1450 3741 1451 5185
4 1352 4677 1744 5449
4 2723 2361 2419 4265
4 1464 1495 4618 4833
4 3061 2956 2480 4321
4 2776 4117 3876 4585
4 654 142 2760 4593
4 567 3374 3375 2119
4 2325 4030 2324 5243
4 4148 4756 3095 5093
4 2167 2634 2118 3796
4 937 3925 775 5580
4 865 773 776 5312
4 1450 4939 3741 5185
4 2653 2114 4310 4948
4 1328 4739 1327 5061
4 1691 1311 1390 4865
4 4151 4832 1069 5025
4 2759 4388 3853 4955
4 1871 1208 1210 4206
4 1845 1633 1531 4445
4 100 3430 595 4147
4 4425 4893 1011 5223
4 3831 3893 4057 4871
4 2725 2297 2267 4527
4 3848 4226 3705 4616
4 4076 1395 4885 5058
4 3764 4102 4682 5036
4 2434 3889 2432 4899
4 4438 4691 3681 5012
4 1598 4229 1922 5174
4 1576 1575 4654 4956
4 4251 3816 4702 5155
4 2380 2381 2213 4770
4 1758 1396 1349 4389
4 993 4165 1157 5170
4 2715 40 2236 4791
4 3947 4757 4485 5573
4 1190 4411 1188 4858
4 1248 5366 4415 5404
4 4210 4320 3969 5200
4 1155 2011 1935 4451
4 4059 5230 980 5457
4 3934 5023 4227 5397
4 763 4715 901 4881
4 4163 3012 4705 5400
4 1984 1793 1146 4406
4 1115 1098 3110 4502
4 3727 4652 5197 5398
4 4165 4237 3739 4785
4 1232 4317 4649 5067
4 1695 4163 4672 5400
4 1679 4658 1416 5240
4 2863 2467 2427 4149
4 1587 1513 1588 5422
4 3941 4442 4645 4958
4 1327 4739 4476 5061
4 2573 2724 4614 4995
4 1959 4461 3765 5229
4 139 4326 3918 4430
4 3199 479 25 4799
4 3043 3149 4149 4904
4 3696 4137 3862 5545
4 3706 4186 4353 4925
4 4046 4562 3797 5455
4 3876 4585 4117 4674
4 2362 2363 2361 4265
4 19 4180 4218 5116
4 3841 4261 4231 4634
4 979 4059 980 5457
4 2762 2663 2393 5280
4 4142 4426 1416 5419
4 1436 5188 4823 5220
4 3739 4828 4237 5325
4 4566 4787 4528 5135
4 2685 2309 2248 5195
4 972 4053 977 5546
4 1877 1558 4047 5594
4 4106 4784 3881 5322
4 4139 4457 4140 5166
4 977 972 976 5083
4 2447 4483 3780 5105
4 2781 4383 3809 5438
4 1817 1816 4297 5063
4 3550 3861 655 4809
4 3954 4168 4607 5373
4 1732 1894 1713 4975
4 4231 4261 4978 5227
4 2837 956 1001 4316
4 1686 4025 1825 5212
4 4785 4792 4249 5408
4 1087 1933 1045 4753
4 959 986 991 4254
4 1740 4604 4112 5320
4 2113 4531 2150 5586
4 1948 4897 3860 5045
4 1773 4675 4370 4918
4 1789 4648 4085 4970
4 1561 4342 1538 4543
4 1511 1510 1508 4682
4 3910 4477 4349 5521
4 4114 5194 3960 5407
4 3955 4482 4374 4897
4 1307 1308 4534 5388
4 1104 1070 1072 4128
4 2333 3978 2332 5516
4 2356 118 2608 2577
4 3915 3710 4281 5126
4 3487 622 3484 5555
4 1832 1478 1833 4797
4 4130 4195 3709 5163
4 3883 4396 4140 4753
4 1678 1420 4686 5240
4 4037 5029 809 5329
4 1552 4874 1910 4928
4 1372 3817 4706 4861
4 818 5176 4720 5581
4 2589 2038 2954 4267
4 4206 4765 4008 5132
4 2203 3924 4533 4732
4 3100 1008 5226 5408
4 2788 2621 85 4275
4 4291 4322 3834 4845
4 2050 1043 4367 5207
4 3720 4217 4695 5292
4 67 538 3328 4868
4 3935 5228 4247 5425
4 1062 4151 2908 4832
4 3801 4472 3728 4983
4 4248 4727 4414 5528
4 1624 4305 1625 4745
4 3798 3733 4549 5003
4 2813 2062 2498 4890
4 702 174 2881 836
4 3863 3792 4052 5180
4 1408 1744 1352 4677
4 3734 5078 4679 5472
4 3712 4829 3870 5428
4 4688 4890 3985 5467
4 4038 5033 4206 5201
4 3085 3021 2932 5315
4 2091 2094 3893 4599
4 3667 708 177 3997
4 1805 1353 1351 4676
4 2679 4810 2337 5292
4 3924 5125 4437 5302
4 3904 4196 3762 4695
4 3434 3433 3432 5598
4 4238 4736 4552 5021
4 1824 4693 4118 5258
4 1798 1275 1234 4317
4 3617 3620 3618 5599
4 3874 4428 3823 4487
4 3850 4844 4133 4947
4 1371 4492 4142 5419
4 4025 4824 4148 5314
4 2972 2966 2965 4254
4 1429 3939 4903 5365
4 2409 2410 4191 4817
4 1137 847 1988 4673
4 3866 4314 3713 4400
4 1409 4508 1744 5018
4 463 4545 12 5454
4 4251 4415 3695 4564
4 1449 3741 1450 4933
4 4084 4660 4408 5502
4 1452 4083 1490 4939
4 2358 2359 3795 4944
4 724 910 846 4288
4 4136 4490 3950 5127
4 1427 1425 1664 4302
4 3850 4040 4844 4947
4 1439 4364 1523 5439
4 1732 4975 1731 5262
4 1550 1419 4749 5088
4 4009 4643 4278 5549
4 3674 3978 4530 5344
4 3924 4614 4533 5040
4 3696 3952 4403 4428
4 3809 4117 2781 4542
4 1447 1674 1449 4933
4 2599 4169 5361 5413
4 3804 4889 4217 5578
4 3702 4214 3911 4581
4 1237 1729 1252 5131
4 3681 4692 3914 5012
4 1156 2015 1927 4098
4 1351 4676 1353 5449
4 4758 5084 4495 5434
4 3781 4906 4964 5032
4 1759 4160 4470 5058
4 2683 2723 2853 4991
4 1591 3745 1599 4913
4 2118 2116 2167 4623
4 3906 4256 105 5034
4 2178 4292 2182 4580
4 2149 4452 3797 4898
4 1428 1488 3744 4903
4 2297 3992 2265 4527
4 1465 4343 1466 4833
4 4009 3704 4680 5162
4 610 114 4596 4840
4 2894 2895 711 3663
4 3992 4527 4294 4887
4 1302 5274 4997 5585
4 1948 1585 1142 5014
4 803 924 805 4246
4 4473 4575 3817 5072
4 1995 1550 3761 4902
4 2076 4114 4881 4943
4 4508 4677 1744 5018
4 683 3619 4007 4224
4 1709 4547 3820 4765
4 3976 4937 4280 5118
4 2218 37 3228 2186
4 2088 5295 4022 5501
4 2018 1607 3995 5340
4 2314 4635 4020 5261
4 4188 5291 3940 5579
4 3738 3964 5021 5082
4 2446 4711 2709 5086
4 1964 1968 859 4916
4 3692 4302 4132 4513
4 3693 4699 3875 5173
4 581 4212 4327 4634
4 2475 3879 4367 5145
4 3723 3913 4769 4830
4 1553 2010 4457 5441
4 3881 3676 4685 5552
4 4624 4884 4350 4980
4 2287 4647 3961 5398
4 1731 5262 3836 5526
4 3707 4184 4292 5411
4 3993 4380 4376 4641
4 3711 4507 4176 4767
4 3791 5042 4097 5335
4 824 4062 4127 5213
4 3720 4196 4364 5439
4 3460 3462 3461 4585
4 1308 4426 1288 4534
4 2625 5011 3874 5529
4 4793 5180 3792 5241
4 4121 4394 3804 5578
4 2490 2489 2414 4353
4 159 4574 4019 4740
4 1824 4118 4693 5204
4 2484 2043 4114 5362
4 3878 3980 3700 4619
4 3122 4993 4406 5381
4 732 937 856 4807
4 2862 2479 3849 4689
4 4047 4709 1558 4950
4 3859 3717 4286 4982
4 5162 5384 3704 5487
4 28 4651 3972 5205
4 1656 1956 4556 4737
4 4150 5162 4122 5199
4 1110 1120 1066 4102
4 1621 1620 3750 5150
4 2354 2390 2608 4731
4 3681 4691 4369 4830
4 490 3224 34 5219
4 76 4443 3992 4458
4 3237 492 33 4004
4 2647 2655 4452 5350
4 2428 4044 4815 5563
4 4627 5050 4825 5593
4 3971 4300 3889 5163
4 51 4031 514 4571
4 3885 4532 3717 5114
4 951 1019 994 4423
4 3068 2840 2946 4346
4 2271 2318 2546 4616
4 3642 3643 3644 4722
4 2177 3881 4784 5322
4 4399 5205 4781 5587
4 2228 3973 2724 4849
4 4047 3846 5189 5570
4 2173 4117 102 4542
4 3763 4023 3860 4374
4 107 4450 605 5154
4 3712 3887 4279 5031
4 3929 3700 4547 5370
4 169 692 4001 4234
4 2654 3861 4404 5485
4 3850 4040 4407 4894
4 1723 3816 4886 4974
4 3043 4149 4867 4904
4 3743 4158 4362 5064
4 1589 4625 1590 5129
4 4009 4433 4680 4687
4 4165 3739 4771 5170
4 1912 4464 1705 4834
4 4443 3862 4527 5512
4 4634 4978 4261 5227
4 3881 4106 3852 4784
4 4110 4439 1492 4945
4 4447 4777 4146 5450
4 4160 3711 4470 5058
4 3838 4644 4097 5335
4 3873 3707 4770 4912
4 4997 5274 3815 5585
4 1877 4047 1850 5594
4 2424 4703 3974 5113
4 867 883 738 4210
4 4006 3870 4360 5157
4 3873 4770 4250 4912
4 534 62 3315 4831
4 4021 5148 4685 5231
4 4729 4866 3790 5500
4 4087 3681 4438 5397
4 1820 1465 4129 5309
4 4163 4672 3713 4697
4 2129 4404 3963 4601
4 4083 4547 3929 4566
4 38 2157 4057 4690
4 1277 1909 1287 4202
4 1052 1034 1101 4084
4 3810 4269 4864 4960
4 4105 3755 4656 5520
4 2429 3961 2287 4647
4 3712 3995 4475 4829
4 851 852 900 4595
4 1779 1544 1780 4295
4 1720 1894 1743 4332
4 798 4043 4962 5533
4 3716 4299 4363 4780
4 1496 1466 1902 4602
4 2062 4063 751 5362
4 3690 5291 4028 5307
4 2643 3909 2794 4036
4 4054 3734 4337 5165
4 1916 5170 4249 5226
4 16 3177 464 4243
4 3859 4237 4982 5133
4 3597 156 679 4341
4 3845 4825 5050 5593
4 4307 4390 2373 5383
4 3862 2704 4137 5011
4 3687 4221 3869 4724
4 3927 4970 4567 5184
4 2722 3814 2384 4941
4 3681 3920 4692 5012
4 2237 4115 3908 5120
4 2529 2573 2313 4614
4 4786 4869 3931 5557
4 3717 4059 4629 5410
4 4437 5054 4190 5125
4 3844 3745 4203 5553
4 28 3908 481 5396
4 940 4734 4320 5479
4 1427 4302 4513 5365
4 1569 4102 1905 4753
4 3954 4668 4396 5464
4 2743 3854 2544 4104
4 3836 4131 3956 4375
4 511 47 3266 5367
4 3816 4816 4334 5074
4 3739 4785 4254 4792
4 4070 3966 5074 5433
4 3755 4491 3996 5113
4 1356 4322 1358 4940
4 2546 2547 2548 4616
4 4130 3786 4594 5364
4 4706 4740 4473 5337
4 3738 4484 3964 5082
4 1565 4195 1141 4345
4 1378 3811 4974 5369
4 1999 4259 4502 5264
4 661 2670 149 4331
4 3682 4730 4018 4968
4 3813 4631 4597 5149
4 2556 2852 2033 3866
4 1454 4083 1452 5185
4 3674 4394 4121 5578
4 4396 4682 4102 5036
4 2011 4451 1155 4893
4 4012 4574 3974 5298
4 4661 5028 3995 5340
4 2433 2432 2434 3889
4 3710 3849 4144 4281
4 3641 171 701 4029
4 2296 2249 4031 4507
4 3120 4567 2991 5198
4 4209 4883 4066 5518
4 1945 4101 4675 5063
4 4026 5180 4793 5241
4 3798 5194 4951 5407
4 2756 4471 2578 5360
4 3721 4486 4112 5038
4 86 570 3379 5394
4 661 2670 3979 4778
4 1490 1709 4547 5270
4 2581 2389 2759 4955
4 677 4019 3596 4126
4 2883 5478 4157 5567
4 1826 1995 1550 3761
4 4009 4359 4643 5549
4 1090 1058 4654 5442
4 3689 4274 3962 5281
4 2731 2187 4352 4462
4 1754 1232 1275 4649
4 1230 1754 1300 4649
4 3761 4743 1995 4902
4 3946 4855 3716 5041
4 4207 4779 4059 5410
4 1969 3077 1141 4195
4 3706 4256 4155 4888
4 1437 1436 1435 5220
4 3764 5036 4682 5168
4 2091 3987 2094 4599
4 1816 4675 1764 4814
4 3945 3868 4543 5044
4 4044 4716 4263 5468
4 2449 3930 3991 5105
4 1261 1258 4268 5082
4 2308 2252 2644 4499
4 1459 4145 1473 4894
4 44 3263 511 4131
4 1374 1556 4680 5045
4 1567 4345 4201 4836
4 2665 4228 2672 4808
4 4058 4161 4657 5440
4 940 4320 4854 5479
4 3869 5021 4967 5111
4 4063 4509 2498 4890
4 2030 4232 2935 4852
4 82 4500 562 4623
4 2655 4046 3892 4082
4 3965 4562 4244 4805
4 1266 1212 4712 5033
4 1661 1961 4113 5156
4 1874 3743 1870 5051
4 4344 4655 4032 4882
4 161 3619 684 4007
4 1481 1480 4105 5520
4 1354 4979 1356 5544
4 3023 3068 3138 4346
4 3786 4044 4300 4815
4 107 4589 4006 5484
4 3030 5214 3031 5364
4 3858 4157 4695 4810
4 3683 4562 4046 5455
4 4118 5228 3973 5574
4 1438 4364 1437 5439
4 3712 3887 4475 5028
4 1759 4470 1758 5058
4 84 4381 3993 4961
4 3726 4414 4248 4727
4 3993 4182 3772 4961
4 2805 2908 2871 4151
4 2497 5157 5151 5589
4 4716 4990 4263 5468
4 3261 3262 3263 4131
4 4599 4860 4022 5501
4 1422 4318 4686 5088
4 771 916 4807 5306
4 2811 4666 2171 5136
4 2805 4151 2507 4870
4 3367 3937 83 5192
4 1103 4086 1109 5473
4 2672 4808 4228 5361
4 4034 4217 4889 5578
4 3789 4849 2312 4995
4 4035 4506 4435 5097
4 2648 4898 2785 5597
4 2482 2816 4254 4828
4 3798 4549 3733 5194
4 1204 1874 1202 4362
4 3757 1505 4888 5104
4 3762 4120 4125 5339
4 1687 4051 1791 5582
4 3700 4765 4206 5132
4 2997 4993 3122 5381
4 3676 5373 4685 5552
4 3920 4691 4438 5012
4 4150 5384 5162 5487
4 1670 1536 3758 5024
4 4841 4972 4169 5413
4 3532 3533 645 4766
4 1682 4454 1628 4783
4 3725 3916 4508 5019
4 2144 3865 2143 4633
4 3999 4522 4658 5240
4 2983 2981 2982 4857
4 2742 4398 3979 4778
4 4010 4200 3785 4759
4 3922 5389 3693 5432
4 3846 4047 4309 5570
4 3831 4356 4305 4745
4 3919 4309 4189 4926
4 4086 5207 1109 5473
4 2008 4102 1905 5211
4 3913 4659 4276 5196
4 3762 3904 4157 5339
4 4211 4684 5182 5506
4 1743 4726 4332 5262
4 4322 4845 1358 4940
4 1873 5064 4765 5592
4 3683 4380 5532 5579
4 4056 3724 4968 5557
4 2289 3800 2225 4747
4 3288 3287 3285 5183
4 1637 4159 2005 4987
4 3710 3849 4267 4756
4 3715 4956 3868 5311
4 2714 4647 2287 5398
4 3768 4039 5137 5235
4 3925 4723 775 5580
4 3681 4985 4438 5397
4 1207 4248 1205 5528
4 2779 3876 2776 4117
4 963 1011 4893 5223
4 2187 2185 2731 4352
4 1636 4473 4236 4706
4 3435 3936 3433 5598
4 3043 4149 3149 5222
4 4036 4455 3698 5266
4 3266 3267 3265 5367
4 1793 4085 1789 4648
4 2459 2917 3949 5253
4 3679 4013 4775 4900
4 1290 4308 1280 5111
4 3726 4033 5132 5490
4 1199 4911 3835 5159
4 1432 4665 1433 4823
4 1880 2012 4629 5114
4 2779 2776 2173 4117
4 605 3449 4450 4589
4 500 3252 40 5378
4 4287 4305 3753 4541
4 4202 4215 3758 5294
4 2018 1606 1602 4475
4 3676 4382 4106 5004
4 1470 1577 4359 5162
4 3798 4943 4080 5407
4 3030 4195 5214 5364
4 4482 4897 4183 5045
4 692 169 4001 5123
4 1633 1531 4445 5115
4 3550 4809 143 4936
4 151 4156 4632 4794
4 1713 1894 1718 4332
4 701 3637 175 922
4 4262 5301 3735 5512
4 1266 4712 1210 5033
4 3716 4855 4323 5041
4 3927 5251 4124 5389
4 4153 5287 871 5308
4 3712 5031 5118 5157
4 2698 2136 2134 4719
4 3849 3710 4024 4281
4 3525 643 3524 4170
4 512 4681 4052 5316
4 1544 1808 4295 5220
4 1068 5166 1067 5190
4 1908 1543 1910 4874
4 87 571 3990 5358
4 1480 4683 4105 5520
4 1608 4966 4617 5089
4 2919 2504 1041 4358
4 2630 2704 2625 5011
4 17 4980 4350 5044
4 1798 4317 1234 4605
4 4185 3675 4715 5584
4 1492 1863 1864 4110
4 3130 3142 2931 4705
4 4380 5338 5532 5579
4 2781 2772 3809 4542
4 3967 4541 4305 4748
4 4005 3752 4795 5156
4 2331 2332 2333 3978
4 2553 4283 2292 5343
4 3002 4919 4391 5601
4 4018 3682 4968 5462
4 3786 4514 4044 4815
4 3774 4100 2150 5081
4 3693 3907 4699 5238
4 3734 4563 3780 5086
4 92 577 4064 5043
4 2110 2166 2112 4619
4 4066 4285 5250 5418
4 3701 4081 5059 5324
4 4198 4921 3731 4972
4 1501 5104 4935 5138
4 44 4131 3956 4521
4 153 4225 4512 5387
4 3886 4184 4068 5411
4 2654 4388 3861 4936
4 3664 3661 3662 4907
4 1373 3760 1316 5569
4 3942 4076 4972 5391
4 1278 4883 4484 5082
4 1687 5005 4051 5582
4 3702 4739 4174 5228
4 3749 4625 4050 4925
4 2756 2176 2751 4471
4 139 4394 3804 4593
4 95 4199 4634 5049
4 4280 4937 1077 5118
4 1809 1987 4337 5346
4 2298 2272 4079 4999
4 3023 4346 3138 5452
4 709 4178 180 4226
4 155 4512 3897 4664
4 4724 5021 3869 5276
4 3852 4352 3673 5098
4 132 4170 4692 5289
4 1528 4143 4836 4989
4 4172 4523 1343 4921
4 3068 2946 3126 4346
4 3850 4145 5117 5275
4 4298 1406 4976 5450
4 2387 133 4108 5323
4 1895 1616 4116 5107
4 4258 4646 3905 5042
4 824 4127 4640 5213
4 946 4304 2007 5109
4 2654 4404 2130 5485
4 3722 3999 4522 4658
4 1110 4102 1066 5025
4 4058 4657 4646 5440
4 3705 3848 4093 4226
4 4477 5459 4349 5521
4 4062 4743 3761 5213
4 3719 3963 4517 5371
4 1120 4965 4102 5211
4 3475 115 4840 4973
4 1559 1390 1391 4532
4 2535 4427 2541 4494
4 4041 4683 1479 4775
4 3743 4954 1870 5051
4 1066 1120 1071 4965
4 3946 4713 3716 4855
4 4024 4281 3710 5126
4 3688 4882 4032 5042
4 3892 4641 3683 5350
4 141 4404 2128 5139
4 3887 4475 4017 5491
4 4118 4739 3702 5228
4 1987 4337 4679 5472
4 1848 1927 4098 4956
4 739 2029 4293 5356
4 151 4632 4156 5158
4 3892 3683 4452 5350
4 115 3959 4091 4493
4 606 4559 110 5285
4 3949 3717 4535 5279
4 3974 4341 3896 4574
4 1851 1486 1854 4588
4 3824 2196 4352 4716
4 2211 2591 2290 3873
4 3020 3022 3065 4793
4 4020 5112 4652 5261
4 4162 4315 3697 5587
4 147 4099 4552 4572
4 3704 4482 4183 5045
4 1282 1299 1298 4209
4 1525 4963 4905 5035
4 1230 4220 1231 4649
4 1265 3743 1874 5064
4 3726 4038 5084 5380
4 4367 4909 4086 5207
4 1343 4523 4172 5526
4 1542 1540 1543 4934
4 1524 1932 1934 4409
4 1360 1361 1362 5369
4 3881 4106 2809 4685
4 2524 4136 3882 4846
4 2184 3881 2809 4685
4 3195 474 22 5322
4 3748 5203 4285 5518
4 4276 4712 1753 5077
4 2999 1929 2945 4410
4 4368 4997 3993 5018
4 3885 3717 4797 5114
4 4316 3867 5191 5223
4 1000 1011 4425 4893
4 2759 4388 2654 4936
4 3807 4554 3689 4866
4 3890 4079 2272 4999
4 3663 2895 182 4640
4 3878 5268 4566 5273
4 107 4549 4450 5154
4 1827 1995 4671 4743
4 4139 4560 3715 4654
4 2680 4810 4157 5372
4 1031 4290 4694 5457
4 3803 3852 4340 5098
4 1211 4038 5010 5033
4 2530 3906 2409 4818
4 2141 2142 3828 5110
4 4590 5514 2168 5591
4 4085 4567 4970 5184
4 3935 5425 5040 5538
4 3715 3868 4208 5311
4 4774 5015 3921 5332
4 4172 4885 4076 4921
4 159 3598 3896 5181
4 3699 3955 5032 5094
4 1298 4209 1299 4865
4 1320 4477 1649 5521
4 3770 4544 4234 5397
4 1116 1105 1055 4768
4 3853 4121 2581 5516
4 4566 5268 3970 5273
4 63 535 4374 4482
4 3870 4829 4798 5491
4 1730 4403 1401 5150
4 848 1986 730 4337
4 2063 2887 2886 4354
4 1990 1665 4210 4673
4 2018 5028 1602 5340
4 4093 3705 4492 4671
4 1323 1325 1324 4174
4 1433 4679 1546 5346
4 2530 2414 2409 4817
4 4299 4825 3745 4913
4 3682 3861 4404 4730
4 871 4153 4379 5287
4 1593 4763 3757 5399
4 1768 1290 1280 5111
4 1768 1259 1771 5111
4 1379 1885 4615 4940
4 3913 3723 4659 4830
4 107 4360 598 5484
4 1398 4189 1399 4861
4 2387 4108 133 5289
4 4044 3910 4514 5468
4 1208 1873 4727 4765
4 4195 4339 3709 5163
4 4824 5005 4148 5085
4 1550 1421 1419 5088
4 3113 4792 2971 5453
4 4189 4813 1399 4861
4 1955 725 812 4407
4 3734 4354 4962 5165
4 3940 4641 4380 4677
4 2978 4410 3132 4550
4 1807 1920 1135 4464
4 3898 4015 3834 4272
4 2258 2256 3898 4015
4 3774 2150 4392 5081
4 2748 2439 4003 4243
4 3690 4028 4998 5307
4 751 2813 765 4890
4 2142 4633 3828 5110
4 1300 3819 5015 5332
4 2115 4623 2116 4848
4 3710 3915 4447 5126
4 3674 3978 4384 4530
4 4209 5411 5310 5518
4 2549 2220 2288 4263
4 1875 5270 4954 5592
4 3852 4462 4352 4784
4 3784 4318 4686 5141
4 4999 5349 4241 5474
4 3897 4156 3830 4270
4 2387 2701 133 5323
4 4118 4739 1328 5061
4 2155 4042 96 4135
4 3822 4210 4395 4902
4 1609 4168 1552 4928
4 2116 2656 2167 4505
4 1596 1597 1504 5174
4 1531 1532 4339 5115
4 4069 4802 3870 5428
4 679 4019 159 4574
4 4175 5532 5338 5579
4 2339 4264 2679 5292
4 2867 4300 2430 4815
4 1607 5211 3995 5340
4 3682 3827 4730 4968
4 1307 1308 1288 4534
4 1958 725 1955 4407
4 1938 4259 1091 4502
4 2506 4802 4069 5428
4 1329 1327 4476 5061
4 1110 4753 4102 5025
4 2383 4491 2558 4678
4 3487 2486 122 5006
4 1295 1180 1179 4586
4 1884 1248 4415 5404
4 632 3970 129 5268
4 3741 4939 4528 5185
4 2772 2781 3809 5438
4 649 3553 141 5485
4 4113 5130 4288 5156
4 3103 3100 5226 5408
4 2599 4169 2674 4808
4 3695 4460 3931 5296
4 3691 4347 3833 4877
4 1297 1649 1320 4477
4 2600 4767 2824 5237
4 2522 3987 2091 4599
4 4056 4018 4968 5462
4 1070 1072 4128 4965
4 1827 4743 4671 5248
4 27 4486 4581 4849
4 1101 4502 4259 5502
4 4220 4649 3819 5334
4 1214 4598 4164 5077
4 3751 4094 3916 4676
4 1490 4083 4547 4939
4 2091 2522 2094 3987
4 3933 5269 123 5553
4 2985 4232 5085 5198
4 4188 3725 4499 5195
4 2984 4232 2819 4996
4 1473 1459 1457 4145
4 3794 4169 4245 4841
4 2781 2610 2772 4542
4 3081 3016 3012 4705
4 2886 2027 742 5478
4 3691 4383 3876 5505
4 4285 5203 4066 5518
4 4104 4270 4156 5554
4 473 23 4218 4382
4 3888 4103 4048 4994
4 3827 4253 3861 4388
4 1625 4356 1623 4745
4 2409 3906 2406 4818
4 1843 1844 1644 4775
4 4045 4558 3796 4953
4 1209 1211 5033 5380
4 4029 4876 869 4946
4 3050 2951 3128 5237
4 4254 4792 4785 5408
4 3867 4236 4159 5313
4 763 4114 4715 4881
4 2665 2285 2672 4228
4 4053 4409 1524 4905
4 3723 3777 4108 4769
4 1244 4724 4221 5431
4 827 883 826 4320
4 1229 1231 1230 4220
4 1511 4396 4668 5464
4 1316 3760 1373 5282
4 155 3897 671 5048
4 1761 4291 1357 5446
4 3769 4664 3962 5260
4 3734 4054 5346 5348
4 162 681 3609 2713
4 3715 4560 3868 4956
4 4718 4856 4078 4889
4 4073 5459 4349 5572
4 1357 1761 1359 4291
4 2898 4154 2778 4551
4 3929 4083 4566 4787
4 3700 4566 4187 5053
4 3802 4931 3726 4957
4 2799 4355 4405 5456
4 3023 2842 3068 4346
4 4161 4383 2395 5438
4 3568 658 146 5503
4 3716 4713 4323 4855
4 3847 5016 4266 5356
4 3200 3201 3199 5522
4 3771 4059 4520 5457
4 1982 1779 1780 4752
4 2692 3907 2661 4071
4 3857 3918 3685 4045
4 3735 4294 4579 5075
4 2162 4331 4580 5514
4 1484 4197 1521 4963
4 4002 4672 3713 5511
4 54 2255 2257 4789
4 3954 5357 4168 5373
4 3769 3962 4664 5002
4 4083 4787 3929 4939
4 4078 4766 2763 5409
4 4495 4758 3888 5084
4 3715 4654 4560 4956
4 3795 4390 4307 5275
4 1303 4776 1199 5092
4 1115 3110 2024 4502
4 3772 4455 4036 5266
4 3334 3332 3333 4864
4 3334 3333 3335 4864
4 3010 3012 4163 5400
4 3683 4641 4452 5350
4 2785 4898 2650 5246
4 677 3594 155 4126
4 4414 4474 3938 5528
4 996 953 2049 4377
4 129 4787 4566 5135
4 4290 4678 2559 5073
4 4033 4504 5084 5586
4 3830 4156 4104 4270
4 4807 4913 3844 5306
4 1763 4369 1444 4691
4 4118 5061 1328 5258
4 1089 1035 2026 4442
4 4398 4941 3975 5128
4 79 4516 4109 4702
4 2913 4790 4361 5191
4 2054 1039 4578 5151
4 28 487 3908 5205
4 1759 1396 1758 4470
4 3010 3009 3012 5400
4 679 3596 159 4019
4 515 4094 3863 4714
4 1490 4547 4083 5270
4 1125 1659 2009 4152
4 1039 1121 4578 5151
4 3134 3147 3031 4130
4 3974 4703 4012 5298
4 2187 4352 4462 5322
4 2323 2324 2325 4030
4 695 4434 3894 4573
4 2205 3982 2754 5160
4 3696 4983 4137 5545
4 2006 4875 813 5437
4 54 519 2255 3284
4 1063 1069 4832 5025
4 1323 1325 4174 5271
4 4132 4302 3692 5560
4 3753 4287 3947 5341
4 3706 4050 4607 5129
4 3709 4339 4548 5163
4 3748 4883 4209 5518
4 3003 3006 3001 4952
4 2819 4996 4232 5075
4 4181 4662 2036 5595
4 3970 4731 4119 5273
4 3807 4211 4554 4866
4 3682 4018 4730 5462
4 876 4819 4851 5581
4 3192 475 3194 4466
4 2968 3078 4725 4826
4 589 2652 4135 4533
4 1975 4249 1916 5170
4 4148 5005 3141 5299
4 788 4916 4587 5239
4 2680 4810 3904 5567
4 2480 2956 2829 4321
4 3679 4941 4398 5128
4 1206 1208 1873 4727
4 1635 1634 1386 4473
4 1906 3757 4888 5399
4 1101 1052 4084 5502
4 1529 1814 1387 4435
4 4204 4508 3916 5019
4 4423 5113 3974 5298
4 4160 4667 3792 5180
4 3023 4431 2044 5452
4 2447 3991 4483 5105
4 4235 4405 3781 5032
4 4080 4943 3675 5407
4 102 4117 2173 4674
4 475 3197 3903 4462
4 2953 3023 3137 4431
4 2409 2410 2408 4191
4 2847 4181 2036 5595
4 2422 2482 2481 4828
4 3043 4867 4149 5222
4 2433 4300 3889 4441
4 1612 1610 1901 4485
4 3433 3936 2100 4732
4 1976 958 2023 4425
4 4322 1356 4979 5544
4 3696 4319 3952 4983
4 3575 664 2669 4582
4 988 989 4237 4982
4 2438 4350 4003 5536
4 3113 2969 4122 5199
4 4020 4652 3727 5171
4 4471 4522 3829 5360
4 3894 4434 695 4876
4 1216 5101 4164 5121
4 4076 4921 4198 4972
4 1753 4276 1869 4712
4 3725 4641 4188 5019
4 2019 1044 4280 5486
4 2872 3871 2868 5029
4 515 3269 51 4714
4 2353 2372 130 4266
4 1462 1651 1460 4806
4 4127 5293 3848 5308
4 3830 4013 3854 5158
4 2447 2329 3780 4483
4 4144 3849 4756 4857
4 467 17 3178 5116
4 3975 4941 4491 5128
4 4220 3819 4872 5334
4 1450 4933 3741 5196
4 3700 3980 3878 4338
4 3789 3721 4486 4849
4 3697 4315 4112 5320
4 2005 4159 4515 4987
4 4157 5339 3904 5567
4 2787 2145 4166 4199
4 3973 4486 3721 4849
4 1901 1612 4485 4602
4 1024 4290 1004 5457
4 144 2158 3561 662
4 1788 1791 1685 4626
4 3982 4481 3724 4636
4 1329 4476 1392 5061
4 4162 4399 4781 5587
4 3852 4215 4202 4340
4 2714 2429 2287 4647
4 39 498 4057 4690
4 1291 1290 1292 4463
4 2754 5160 3982 5515
4 753 903 2923 4361
4 2462 2438 4624 5193
4 3674 4384 3853 4530
4 1182 1180 1592 4324
4 592 3432 3433 4732
4 1701 5446 4873 5507
4 140 655 4404 4809
4 3017 2064 3104 4422
4 3726 5132 4931 5490
4 2910 5096 2453 5145
4 2140 2141 4212 5110
4 1834 1886 1726 4334
4 3722 4866 4426 5182
4 2972 4254 3101 5408
4 905 1114 2021 4421
4 3082 3019 3118 4667
4 1743 4332 1894 5262
4 4556 4672 3713 5400
4 2449 3991 3930 4030
4 1383 4922 4291 5393
4 2296 2658 2249 4507
4 3674 4665 4134 5344
4 4032 4233 4825 5050
4 3890 3708 4444 5260
4 807 895 935 4219
4 2324 4030 2323 4569
4 3730 4696 4597 5149
4 4422 4469 3768 4927
4 4219 3894 4946 5329
4 3042 2952 4201 5333
4 167 691 4577 5259
4 1868 1801 1869 4276
4 859 915 724 4916
4 3739 4237 4165 5325
4 4125 3904 5339 5567
4 3982 4719 3827 4968
4 3925 4203 3844 4913
4 4086 5249 2915 5473
4 3862 4822 2704 5011
4 3817 4575 4473 4740
4 3790 4866 4426 5500
4 2544 2722 2744 4941
4 1801 1869 4276 5370
4 807 4219 806 4946
4 2556 4314 3866 4400
4 1233 1235 1234 5067
4 3739 4122 4771 4792
4 78 2624 4109 4516
4 1881 1495 4448 4618
4 2235 4115 2237 5120
4 1274 3754 1226 5332
4 2005 4515 4159 5437
4 2798 2455 62 4355
4 2667 2176 5110 5160
4 4194 4693 4074 5471
4 4332 3698 4726 5266
4 3719 4028 4898 5210
4 1661 4113 1781 4803
4 1886 4708 4334 5366
4 2343 2341 2342 3770
4 3685 4801 4177 4953
4 4433 4680 4183 5569
4 2685 3772 2621 5195
4 2653 2656 2114 4948
4 2816 2922 2073 4254
4 3771 4520 4152 4694
4 2089 2522 4599 5501
4 3689 4463 4308 5281
4 935 4587 788 4916
4 4085 4970 3927 5184
4 3740 4922 1361 5369
4 4085 3922 5327 5389
4 2942 1151 5199 5453
4 1771 5021 1258 5082
4 2139 2140 2141 4212
4 2962 4502 3032 4503
4 1118 4367 1043 5207
4 3694 4366 3839 4901
4 4332 4726 4368 5266
4 2294 3908 2237 4788
4 2989 3141 5005 5299
4 1586 1178 1181 4804
4 3408 92 3901 5043
4 1468 1571 1548 4309
4 4597 4631 4145 5149
4 2649 3797 4601 4898
4 3032 4503 4084 5427
4 1744 4677 4508 5449
4 4124 4200 4010 4922
4 2469 2805 4612 4832
4 1510 1509 1508 4306
4 2699 3780 2329 4563
4 772 4459 771 5580
4 4246 4734 924 5479
4 4190 4504 3726 4931
4 1987 4679 4337 5346
4 4298 4537 1406 5450
4 3776 5375 5451 5572
4 1229 4708 4220 4959
4 855 2868 2864 4524
4 4360 5157 3870 5428
4 2953 2044 3023 4431
4 1616 1617 1895 4116
4 4067 4448 3732 4602
4 928 4114 745 5362
4 1281 4496 4233 4882
4 3734 4337 4679 5346
4 3012 3015 4163 4705
4 1638 1637 4236 5313
4 65 3948 536 5178
4 1868 1801 4276 5196
4 3864 4282 2607 5426
4 3712 5031 4280 5118
4 3193 3191 3192 4914
4 3192 3194 3193 4914
4 2309 2250 2248 5195
4 2064 4422 3017 4977
4 3889 3709 4624 4980
4 3786 4904 4594 5364
4 1490 4083 1454 5270
4 3779 4251 4702 5155
4 4166 4199 2145 4827
4 2244 2280 2643 4843
4 626 3488 3491 4424
4 3848 5293 4154 5308
4 589 4533 4135 5328
4 3955 4976 4298 5094
4 4171 5372 2709 5478
4 4366 4975 3812 5010
4 4213 4394 3674 4480
4 1834 1884 1248 4415
4 2058 868 2855 4892
4 1801 4276 5196 5370
4 4067 4812 4161 5440
4 1833 1391 1832 4532
4 2716 4788 4039 5235
4 1780 4583 1983 4880
4 3908 4788 2294 5235
4 980 4059 979 5523
4 4198 4301 3818 4918
4 3696 4527 3862 5512
4 3841 4231 4199 4634
4 1986 1809 1987 4337
4 1933 4140 1087 5441
4 4413 4489 4035 4859
4 1890 1745 4380 4677
4 1356 1379 4615 4940
4 3708 3890 4740 5337
4 1463 5234 4129 5255
4 4274 4534 3951 5388
4 111 4450 4080 4559
4 808 809 4037 5029
4 1596 4173 1597 5174
4 3673 4340 3852 5098
4 4184 4591 4068 5411
4 2435 3889 2752 4624
4 4076 4910 4198 4921
4 3797 3719 5210 5455
4 2434 2752 2435 3889
4 1705 5381 1794 5507
4 3833 4412 4877 4911
4 3818 4228 5221 5324
4 4010 3735 5301 5512
4 3781 4906 3915 4964
4 790 4880 4120 4929
4 1827 4671 1997 5248
4 1101 4084 4502 5502
4 4047 3951 4950 5388
4 3964 3748 4484 4900
4 756 764 4421 5525
4 3578 671 153 4270
4 179 713 4436 5213
4 20 3903 3197 5095
4 2058 726 868 4892
4 2843 2822 4509 4578
4 2883 4157 2885 5567
4 4235 4590 2516 5591
4 539 67 4864 5415
4 3870 4870 4069 5428
4 2477 2480 2478 4725
4 2058 2683 4133 4892
4 2193 2742 2379 4398
4 1289 4308 1290 5281
4 707 3997 177 5416
4 3845 4067 4713 5440
4 3358 3356 3359 5386
4 3500 3501 3503 5553
4 2915 4086 2748 5249
4 4877 4911 4412 5499
4 2785 4028 4898 5246
4 1426 3744 1488 5305
4 3343 551 73 4272
4 1831 4445 4340 5294
4 3683 5532 4175 5579
4 2752 2462 2438 4624
4 2074 4688 755 4890
4 3465 612 116 4741
4 1876 4362 1202 5051
4 3954 5373 4607 5588
4 2004 4515 834 4851
4 4672 4697 4163 5436
4 3838 4559 4450 5169
4 2895 4127 182 4640
4 3748 4285 3964 5082
4 883 4210 867 5200
4 928 4114 763 4881
4 1029 989 1002 4982
4 2558 4678 3996 5073
4 476 3199 25 4799
4 167 4205 4577 5560
4 2891 2035 2812 3842
4 3218 3908 487 5120
4 3890 5009 4427 5337
4 1014 982 980 4629
4 3817 4861 4444 5260
4 3974 3736 4700 5298
4 3713 4672 4002 4697
4 1702 1701 4873 5507
4 935 895 788 4587
4 780 4524 779 5356
4 467 19 4914 5116
4 3762 4125 4120 5224
4 3835 4911 1199 5092
4 517 53 4620 5187
4 1532 4339 1967 4836
4 584 4042 97 4135
4 4130 5163 3786 5364
4 3914 4692 4001 5012
4 679 3896 3598 4341
4 2699 2447 2329 3780
4 3777 4187 2769 4584
4 1291 1289 1290 5281
4 91 4212 4634 4869
4 2501 2402 2502 5428
4 1109 5207 1042 5473
4 4255 5108 2543 5331
4 3807 4729 4632 4794
4 1504 4546 1595 5174
4 2676 4971 2753 5208
4 1155 947 1000 4893
4 3686 4166 3901 5256
4 3268 3267 3266 5548
4 4018 3931 4460 5296
4 1347 4389 1348 4885
4 2627 2624 2734 4516
4 4004 4357 3803 5098
4 3833 4877 4347 4911
4 4204 5291 4092 5544
4 998 4290 2831 5073
4 2905 2052 4016 5474
4 1419 1420 1417 4749
4 1569 4396 4102 4753
4 1878 4379 4153 4709
4 1393 4992 1694 5245
4 780 779 739 5356
4 4263 3961 5197 5398
4 3808 4106 2810 4479
4 3995 4829 4128 4965
4 4247 5040 4614 5574
4 2383 2382 2558 4491
4 3787 4348 4303 4869
4 5174 5524 4229 5543
4 4084 1052 4660 5502
4 3728 3801 4064 4472
4 4114 4951 4063 5194
4 4147 4412 4911 5499
4 2992 3089 4311 5327
4 3850 4145 4894 5481
4 1933 1126 1045 4753
4 4076 3731 4972 5391
4 879 869 4876 4946
4 745 4114 928 4881
4 1329 1327 1392 4476
4 1213 1211 5010 5033
4 1811 4426 1416 4658
4 3824 3968 4263 4990
4 3854 4156 3830 5158
4 4172 4726 1344 5526
4 562 83 3367 4848
4 1690 4777 4148 5093
4 4285 4066 5203 5418
4 3700 4712 4547 5370
4 2599 5361 2697 5413
4 2277 3809 2772 4542
4 3091 4556 3895 4750
4 1476 1554 1406 4298
4 3792 4793 4667 5315
4 1760 1356 1379 4615
4 2754 3982 2205 5515
4 4310 4948 3926 5385
4 1517 1518 1599 4299
4 1517 4299 1599 4825
4 3723 4276 5077 5385
4 1062 1063 1069 4832
4 1477 3746 1263 5375
4 874 4662 882 5099
4 1888 4997 1721 5018
4 3885 4797 3717 5325
4 139 3918 4078 4718
4 704 3651 177 4030
4 2238 2239 2237 5378
4 2446 2709 2887 5086
4 2845 2716 2665 4039
4 3928 4096 3675 4943
4 3981 4978 4634 5227
4 163 4530 4384 4563
4 4182 4332 3747 4368
4 4922 5055 1363 5369
4 3933 4185 4096 5100
4 1856 1678 4686 5240
4 4371 4487 3931 4869
4 2743 2744 4398 4941
4 719 4880 790 4929
4 1906 1593 3757 5399
4 4102 4753 3883 5025
4 3734 4354 4171 5086
4 779 855 2864 4524
4 2936 1153 1974 4503
4 3895 4556 3713 4750
4 3741 4917 4216 4933
4 997 951 2834 5466
4 1384 4873 3751 4981
4 2762 2167 4505 4801
4 2449 3991 2564 5105
4 4120 4125 175 5224
4 4823 5188 4034 5220
4 4034 4295 4364 4695
4 3751 3916 4094 4600
4 3750 4231 4261 4978
4 4267 4996 3943 5299
4 2197 2220 2549 4263
4 4958 5166 4442 5190
4 742 932 923 4171
4 1446 1763 1444 4691
4 3704 4687 4183 5070
4 3756 4929 1668 5363
4 807 895 4219 5329
4 4401 4645 4180 5145
4 3498 126 630 4896
4 3929 3700 4988 5053
4 2511 2181 2085 4424
4 2052 2906 2539 4790
4 3100 942 1008 5408
4 2376 2799 2798 4420
4 468 4350 17 4980
4 1965 4201 1567 4345
4 1642 4304 1641 4473
4 4403 1401 5150 5568
4 1882 4073 4751 4755
4 874 735 882 4662
4 3097 4594 3145 4904
4 4071 4257 2283 4592
4 1929 4150 1578 5487
4 1834 1886 4334 5366
4 3716 4713 3946 5593
4 887 1005 1020 4361
4 1555 1556 4183 4897
4 1700 1924 4160 4391
4 88 4137 2301 5529
4 3197 3196 3198 5095
4 3796 4558 83 4839
4 3901 5043 4590 5256
4 1433 1431 1546 4679
4 2132 2175 2134 4730
4 614 3468 112 2165
4 1771 1770 1769 4484
4 565 84 3384 5602
4 1011 958 1000 4425
4 1720 1721 1719 4368
4 1587 4625 4050 4966
4 1344 1343 4172 5526
4 4349 4506 1321 5206
4 71 4760 4535 5279
4 4249 5226 2964 5453
4 2288 4263 2220 5398
4 1567 4201 1963 5062
4 4245 4301 3794 4919
4 1171 2006 2013 4425
4 1670 3758 4934 5024
4 3943 4610 4294 5075
4 4348 4869 4786 5557
4 4021 2532 5148 5517
4 3723 4108 3777 4948
4 4632 151 4794 5461
4 1956 3895 4737 5179
4 3811 5055 4403 5167
4 1769 1768 1771 4742
4 28 3988 3908 5396
4 1344 4726 4172 4885
4 4433 5254 3760 5569
4 1168 4153 1878 4379
4 4060 3688 4496 4553
4 1822 1484 1521 4963
4 3925 3844 4807 4913
4 1575 2010 1150 4139
4 3988 4402 28 4651
4 2865 2467 4149 4594
4 99 586 4542 5559
4 3787 4786 4348 4869
4 155 4126 671 4512
4 3805 4525 3947 5027
4 4682 5124 3764 5359
4 1749 4708 1229 4959
4 1609 1552 1910 4928
4 2515 4590 2168 5591
4 4086 3715 4208 5311
4 3820 4271 4083 5270
4 1929 1580 1578 4150
4 2100 3936 3433 4674
4 3778 4480 3921 5015
4 4025 5022 1825 5212
4 884 5057 5165 5478
4 3887 3712 4798 5031
4 2678 2626 74 5351
4 2457 4554 4065 4971
4 2799 4355 2798 4420
4 980 4629 4059 5523
4 118 4119 2608 4731
4 4409 4700 3736 5298
4 547 3335 71 4269
4 3889 4300 3971 4441
4 3698 4332 4182 5266
4 105 3906 4069 5491
4 3765 4373 3035 5046
4 3734 4563 3978 5344
4 4241 4999 4079 5260
4 1787 1685 4124 4970
4 3998 4553 4155 5399
4 4254 4289 3739 4792
4 1425 5305 4302 5365
4 4074 3721 4693 5038
4 1522 1470 4359 4797
4 3735 4294 5075 5314
4 1340 5007 4523 5526
4 10 4413 2429 4647
4 123 623 3484 5006
4 4303 4869 4348 5557
4 3011 3059 4469 4927
4 2183 5108 4011 5514
4 2088 2090 5295 5501
4 4236 4451 2011 4893
4 2776 2102 2100 4674
4 4297 3972 4984 5245
4 2258 4015 3898 4272
4 100 3967 4147 4782
4 4291 4648 3693 5446
4 2528 2526 4135 4635
4 4629 4982 3717 5114
4 1996 4053 1524 4905
4 804 4673 872 4734
4 147 4552 659 4847
4 4249 4792 3103 5408
4 3978 3674 4446 5318
4 3769 4047 5002 5570
4 1629 4454 4194 5368
4 3727 4506 4035 5097
4 751 909 917 4063
4 3976 5031 4173 5543
4 4122 4289 4792 5549
4 777 900 941 5099
4 2986 5184 4852 5198
4 3904 4810 4157 5567
4 3894 695 4573 4876
4 3755 3996 4491 4862
4 2336 2391 2696 3804
4 2716 2294 4788 5235
4 4442 4958 3941 5166
4 3097 4594 4904 5364
4 3931 4719 4481 5557
4 962 4316 964 5244
4 1538 4342 1852 5575
4 2987 2985 4996 5085
4 2143 3828 4199 5049
4 3739 4643 4359 5549
4 531 3307 58 4420
4 4141 4195 1566 5575
4 4023 4144 3763 5146
4 44 4014 505 4336
4 1978 4219 1675 4946
4 3771 4912 4250 5336
4 2984 2985 2935 4232
4 3772 3725 4275 5195
4 2661 4071 3907 4789
4 131 5065 4266 5177
4 2246 4843 4455 5458
4 1208 4727 4206 4765
4 4062 4127 3848 5308
4 707 4030 3651 4838
4 937 4807 3925 5580
4 884 5165 802 5478
4 4067 4602 3732 5440
4 2554 3911 4400 5343
4 4087 4438 4985 5397
4 4954 5270 3820 5592
4 139 3918 3530 4766
4 1081 2920 1039 4578
4 4110 4856 3934 5435
4 1308 4426 5388 5419
4 560 4036 81 4273
4 3817 4019 4575 4740
4 3734 3978 4563 5086
4 4245 4841 2839 5237
4 891 4890 5467 5525
4 1463 1519 5234 5255
4 1056 1037 1057 4654
4 149 2669 2670 4778
4 1699 1797 4198 4921
4 1690 4148 1688 5093
4 1996 1520 4656 4905
4 983 2009 949 4520
4 1620 4744 3750 5150
4 25 4313 4002 4581
4 3712 5118 4358 5157
4 3692 3930 4395 4734
4 3915 4146 4537 5450
4 1646 4709 4492 4950
4 1241 4978 1381 5134
4 725 929 4407 5130
4 1534 1565 1532 4339
4 2013 4425 2006 5313
4 2743 2744 2379 4398
4 3251 506 3252 4336
4 789 1170 849 4880
4 2498 2062 2821 4063
4 997 953 4377 5466
4 939 775 937 4519
4 1425 1426 5305 5365
4 2991 5184 4567 5571
4 3945 4342 4884 5044
4 2768 4108 3777 5323
4 2706 2707 2659 5052
4 1699 4198 1772 4918
4 681 2330 3604 4955
4 4289 4826 3766 5549
4 2301 2266 2704 4137
4 596 105 3440 4818
4 4130 5214 4195 5364
4 799 870 848 5165
4 1329 1328 1327 5061
4 4409 3736 5035 5298
4 3674 4446 4121 5516
4 4404 4809 3861 4872
4 3142 3016 3096 4705
4 1697 4910 1699 5600
4 156 4642 4012 5103
4 2143 2141 3828 4327
4 541 3321 68 4278
4 3720 4945 4227 5439
4 2692 3907 4592 5432
4 4190 4637 4077 4994
4 1577 5162 4150 5199
4 4016 5349 4999 5474
4 1908 1907 1542 4560
4 1709 4765 3820 5592
4 3095 4148 3141 5299
4 514 4031 51 4714
4 2874 3045 2072 5225
4 2362 3986 4923 4944
4 4720 5349 4016 5474
4 3763 4281 3915 4976
4 1894 4975 1732 5262
4 3711 4389 5058 5186
4 3821 4506 4035 4735
4 3050 2825 2951 5237
4 3855 4697 4672 5436
4 1966 1688 4777 4824
4 2667 5110 4481 5160
4 1435 1436 4823 5220
4 5310 5411 3886 5518
4 3853 4253 3826 4530
4 2139 2137 4212 5565
4 3723 4769 4108 4830
4 4229 4546 3733 5174
4 1595 1504 1498 4546
4 3731 4523 4081 5059
4 528 57 4023 5278
4 129 3507 635 3970
4 1688 4148 1690 4777
4 2665 2716 2664 4788
4 2372 130 4266 5177
4 2816 4828 2875 5317
4 3824 4263 3968 4330
4 891 4890 4688 5467
4 2156 4538 2505 5295
4 4051 5085 4824 5314
4 2110 2111 5490 5586
4 2884 2690 3073 4311
4 91 3981 575 4487
4 4739 5228 4118 5574
4 1156 1038 1091 4259
4 1418 4492 1826 4749
4 3662 711 3663 4907
4 3523 131 641 4528
4 2054 1039 2920 4578
4 3942 5458 4843 5460
4 4231 4325 3750 4472
4 2329 3780 4483 4563
4 4130 4899 4300 5163
4 3755 4105 4656 4862
4 3926 4505 4811 5385
4 1441 1443 1442 4227
4 1364 5055 3811 5369
4 4163 4697 3891 5436
4 4045 4082 3857 4488
4 2507 4870 4128 5428
4 3712 4279 4280 5031
4 2523 38 4136 4846
4 3967 4305 5368 5538
4 3840 4595 4095 5099
4 1978 1145 1675 4219
4 4379 4709 1878 5594
4 3149 3044 3145 4904
4 2693 2694 4620 5326
4 2004 727 834 4515
4 1330 1328 5061 5258
4 2305 4429 2306 5392
4 1470 1522 4359 4771
4 1215 4598 1711 5121
4 4726 5262 1344 5526
4 1323 4174 4506 5271
4 3844 4203 3925 4459
4 1082 4688 4578 5467
4 2907 952 996 4494
4 4134 5346 4054 5348
4 12 456 4373 4863
4 4303 5131 4056 5541
4 1165 1924 4391 4667
4 3771 4694 4152 4862
4 4655 4804 3933 4932
4 3923 5334 4333 5462
4 2881 3646 4125 5076
4 3776 3968 5197 5572
4 2211 3873 2290 4868
4 3759 4277 3956 5233
4 1794 5381 4406 5507
4 3749 4858 4060 5039
4 4407 4613 4113 5130
4 4034 4364 4295 5220
4 1674 1447 1471 4938
4 534 3306 531 4420
4 3680 4570 4248 5054
4 3905 4411 4060 5374
4 1545 4457 1551 4668
4 4155 4888 1590 5129
4 2691 4579 4232 5420
4 3741 4787 4528 4939
4 4165 4797 3739 5325
4 1607 5124 3995 5211
4 1209 1211 1210 5033
4 2972 4792 4254 5408
4 1835 1244 4221 5431
4 2156 2276 2505 4538
4 1342 1340 4523 5526
4 4066 4536 3699 4561
4 4105 4656 1482 5520
4 3943 5085 4232 5423
4 3705 5189 4551 5405
4 2932 3021 3020 4793
4 3733 5031 4006 5589
4 3954 5357 5373 5588
4 4349 4990 3910 5197
4 1935 2007 965 4304
4 4080 4450 3838 4559
4 3883 4753 4140 5190
4 3728 4064 3801 5542
4 1773 1945 4370 4675
4 2925 3102 3032 4084
4 4235 5008 4590 5591
4 2741 2892 4341 4377
4 1573 1159 1574 5146
4 3788 4546 5194 5407
4 2625 3874 2628 5529
4 3967 4748 4305 5538
4 3707 4539 5091 5336
4 3763 5146 4144 5493
4 171 794 701 4029
4 806 807 747 4219
4 3729 4543 4342 5424
4 4309 4813 4047 5594
4 521 4372 4092 4571
4 2141 4327 4212 5110
4 2471 4378 2903 4720
4 723 2045 2868 5029
4 1108 4367 1060 5442
4 167 4577 4205 5259
4 1608 4617 1264 5089
4 880 726 4133 4892
4 12 3133 3039 4762
4 2238 40 2236 2715
4 2768 2769 3777 4948
4 3748 5310 4580 5518
4 3697 4604 4474 5320
4 4386 4597 3730 5255
4 2397 3798 2398 5003
4 1270 3803 4930 5089
4 4200 4291 3740 4922
4 1847 1483 1481 4779
4 1277 1285 1270 4930
4 581 3981 91 4634
4 1228 4959 3819 5332
4 105 596 4069 4818
4 4095 3716 4780 5309
4 1018 989 4165 5170
4 3506 630 126 4611
4 3976 5118 5031 5157
4 4204 4677 4508 5019
4 3764 3995 4829 5124
4 2133 2784 2148 4333
4 3808 3767 4645 4920
4 2768 3777 4584 5323
4 4133 4390 3850 5383
4 1685 1786 1787 4124
4 3830 3897 4270 4512
4 1103 1109 1042 5473
4 3699 5032 4561 5094
4 1203 4362 1202 5159
4 2099 3433 2100 4732
4 2819 4232 2691 5075
4 1442 4227 1443 4985
4 4975 5007 3836 5236
4 1030 997 1032 5466
4 2281 2787 94 4199
4 1031 1024 998 4290
4 3890 4444 4079 5260
4 1759 1698 4160 5058
4 3407 575 3981 4325
4 3808 3767 4401 4645
4 2587 4996 2819 5075
4 3705 4154 4551 5189
4 4151 4612 3883 5036
4 1011 1006 4425 5223
4 4060 4496 3688 5272
4 4551 5405 5189 5570
4 1890 4677 4380 5018
4 3901 4166 3841 4440
4 1192 4356 1193 4757
4 3676 4357 3803 4617
4 998 984 2047 5577
4 2337 4810 4217 5292
4 4010 5055 4922 5369
4 3694 4531 5201 5434
4 2430 2867 2432 4300
4 3810 4865 4068 5411
4 1993 4210 4902 5200
4 2238 2237 4260 5378
4 3455 3452 600 4540
4 111 607 3454 4540
4 4592 5251 3927 5389
4 3735 5314 5075 5423
4 4010 4557 3811 5369
4 2041 2869 2465 4130
4 1077 4937 4280 5486
4 2826 122 2077 5006
4 3547 653 3921 4430
4 3103 4792 2972 5408
4 4143 4339 3971 5115
4 3858 5220 4134 5318
4 4299 4780 4343 5300
4 2103 2101 2102 4055
4 3690 4070 4615 5307
4 2431 4300 2433 4441
4 3139 4150 2970 5199
4 3734 5086 4171 5348
4 4089 4162 3697 5587
4 3731 4172 4523 5391
4 1108 5096 4367 5442
4 4291 4922 4124 5393
4 3710 4281 4144 4447
4 4152 4694 3996 4862
4 1667 1523 1668 4752
4 507 3260 3259 4392
4 3748 4883 4285 5082
4 3763 4144 4023 4857
4 4527 4887 3992 5512
4 3899 4522 4178 5277
4 4149 3786 4594 4815
4 3787 3828 4786 4869
4 1768 3738 4742 5111
4 3688 4496 4882 5042
4 143 3921 653 4394
4 3677 4057 4599 5295
4 3267 3268 508 5548
4 1146 2933 3057 4406
4 3774 4392 4048 4495
4 4084 4660 3102 5427
4 3676 4106 4685 5004
4 934 924 4734 5479
4 523 3287 3288 5183
4 2102 3936 2100 4674
4 4189 5260 3708 5349
4 2745 2533 5095 5563
4 1268 4285 4628 5250
4 4103 4474 3888 4707
4 3685 4177 4801 5409
4 3739 4289 4254 4828
4 4298 4906 3955 5032
4 3750 4231 4978 5227
4 2302 4501 3801 5545
4 3972 4399 4313 4651
4 2435 4350 3889 4624
4 3721 4074 4693 5471
4 932 4171 742 5478
4 3796 83 4623 4839
4 2527 2528 4135 4635
4 3149 3145 2937 4594
4 3905 4060 4496 5374
4 1393 1693 1694 4992
4 2149 2647 2655 4452
4 3688 4496 4344 4882
4 4074 4570 3680 5125
4 4134 5318 3674 5344
4 4165 3717 4982 5114
4 2626 4088 3779 5351
4 1714 3812 4758 5236
4 3676 4168 4928 5004
4 548 2259 4071 4257
4 744 2039 766 4230
4 759 917 909 4063
4 3690 4998 4070 5307
4 997 953 1032 4377
4 3681 3913 4691 4830
4 2406 4069 4818 5482
4 2454 4235 2516 5591
4 3906 4256 4017 5491
4 1172 2962 3024 4503
4 4829 4870 3870 5428
4 2988 5198 4051 5582
4 3673 3903 3852 4215
4 3782 4427 5009 5337
4 1051 1052 1047 4660
4 1785 4368 1720 4726
4 3722 4658 4426 5500
4 2356 2358 2357 4596
4 3650 704 176 4838
4 1198 4911 1273 5430
4 3675 4324 4450 5407
4 1989 1137 1988 4673
4 9 455 4489 5071
4 3684 4636 4111 5445
4 1136 743 851 4595
4 1369 1404 1403 4146
4 2995 4993 3922 5327
4 3845 4058 4646 5440
4 4306 5168 4017 5359
4 3801 4137 4983 5545
4 3699 4433 3851 5070
4 1566 4195 1565 5575
4 3706 3906 4186 4256
4 4042 4135 2526 4635
4 3876 4117 2779 5505
4 1548 1877 1850 5594
4 4054 3734 5165 5348
4 3760 5254 1316 5569
4 3905 4646 4233 5042
4 2501 2502 5157 5428
4 1687 4824 4051 5005
4 2177 32 2185 4784
4 36 5451 5127 5572
4 3850 4407 4040 4947
4 4165 4785 3739 5170
4 1556 4183 4897 5045
4 3428 3431 3430 4147
4 4496 5042 3688 5272
4 1527 1567 1963 5062
4 2978 4410 4550 4728
4 1463 1820 4129 5234
4 3943 5314 5085 5423
4 3720 4439 4034 4889
4 3876 4383 4117 5505
4 2827 4086 2915 5473
4 1840 4963 1525 5035
4 3768 4431 4422 4927
4 2298 4999 4079 5566
4 3846 4379 4309 5594
4 4374 4482 3860 4897
4 3840 5234 4129 5297
4 4309 4379 2001 5594
4 3784 4686 4318 5088
4 4152 4779 3771 4862
4 4107 3872 4833 5288
4 3087 5242 4101 5452
4 2548 4551 2458 4616
4 3940 4028 5291 5307
4 3878 3700 4187 4619
4 1337 4277 4814 5087
4 3973 4214 3702 4581
4 2680 4157 2885 5372
4 864 853 743 4595
4 3950 5451 5375 5572
4 3786 4339 4143 4836
4 1172 3024 1974 4503
4 4047 4926 4309 5570
4 3974 4377 4341 5466
4 1577 4150 1578 5199
4 1344 4172 1345 4885
4 2277 3809 4542 5559
4 1250 1810 4758 5010
4 2693 5326 4620 5432
4 1827 1998 1997 4671
4 772 4230 3917 4459
4 84 4376 3993 4381
4 3729 4342 5264 5424
4 611 115 5090 5284
4 807 4219 4946 5329
4 4738 5222 3880 5489
4 1975 1582 1916 4249
4 3674 4480 4394 5578
4 1647 1826 4492 4671
4 97 588 3419 4748
4 125 3505 628 4611
4 1612 1903 1281 4233
4 3992 4443 2265 4527
4 3969 4436 4395 4902
4 507 3259 42 2614
4 177 4030 707 5416
4 2341 3770 2343 4606
4 1030 4700 4423 5466
4 120 620 4761 5555
4 3228 2186 494 4754
4 535 4482 63 4831
4 1443 4227 1441 5217
4 3065 5237 2065 5488
4 3733 5543 5031 5589
4 4018 4730 3827 4968
4 3726 4957 4931 5132
4 3095 4756 4148 5299
4 2618 4036 560 4273
4 1150 4139 2010 5441
4 4276 4769 3913 5196
4 4063 4951 4114 5362
4 869 4029 4946 5363
4 996 1027 953 4377
4 1185 1183 4344 4882
4 3114 5222 4738 5489
4 1274 4774 3754 5332
4 3805 4911 4877 5499
4 2285 2672 4228 5361
4 2511 4424 2085 4761
4 3091 4373 3895 5046
4 2765 3878 2390 5268
4 3773 2254 4372 4621
4 3694 4366 4901 5434
4 1389 1657 1653 5271
4 3935 5228 4739 5574
4 2257 2601 54 4789
4 1636 1637 1400 4706
4 4087 4438 3681 5012
4 2105 3802 2106 4931
4 3698 4455 4843 5403
4 1943 1596 1922 5174
4 1136 1950 743 4595
4 2796 4501 2302 5545
4 4176 4841 2597 5413
4 4367 5096 3941 5442
4 4221 5017 3999 5431
4 2413 5148 2532 5517
4 4350 4980 4884 5044
4 2787 94 4199 4440
4 2383 4250 4678 5253
4 3800 3727 4652 5171
4 1254 1802 1741 4570
4 4416 4809 4213 5015
4 169 4001 4434 5012
4 1694 1693 1695 4672
4 3874 4109 3695 4251
4 3689 3897 4664 5002
4 1838 1959 5179 5492
4 1185 1183 1184 4344
4 3866 4750 3142 4762
4 1086 2919 4358 5151
4 105 3906 3440 4818
4 1660 4779 4207 5410
4 2627 4109 2624 4516
4 2991 4567 3120 5571
4 2115 2113 2114 4531
4 3726 5084 4414 5380
4 3739 4771 4249 4792
4 65 4009 3948 4687
4 5085 5314 4051 5423
4 137 4046 4488 4562
4 3932 4786 4179 5017
4 1142 2945 1929 4410
4 2741 4341 3896 4377
4 1577 1578 4150 5162
4 753 887 903 4361
4 4010 4557 4200 4759
4 4010 4922 3740 5369
4 1233 1235 5067 5404
4 571 3383 3990 4381
4 4183 4687 4433 5070
4 3699 4405 4355 5456
4 3724 4481 3982 4719
4 1123 3995 4965 5211
4 4241 4999 3708 5349
4 4110 4529 3685 5435
4 3934 4856 4177 5435
4 4332 4368 4182 5266
4 1323 4506 4174 5206
4 1038 1116 1091 4259
4 827 3969 4072 4320
4 1309 1840 1669 4963
4 3776 3968 4990 5197
4 2384 2722 2421 3814
4 1989 4513 1664 4891
4 2744 2379 4398 4941
4 569 83 4558 5475
4 1983 4583 1985 5564
4 2678 550 4088 5351
4 3782 4427 3896 4494
4 100 4147 4412 4782
4 2527 2572 3775 4533
4 3825 3701 4260 5233
4 3777 4108 2768 4948
4 3692 4210 4673 4734
4 4016 5176 5349 5581
4 3749 4858 4222 4966
4 2696 2336 3804 5354
4 3954 4607 4168 5464
4 3871 4524 4698 5177
4 3780 4483 3991 5105
4 1032 4700 4377 5469
4 653 3545 4394 4593
4 1976 1937 1000 4893
4 3798 3733 5003 5194
4 2422 4000 2470 4828
4 4567 5184 4085 5571
4 2691 4232 2030 4852
4 521 3281 3282 4372
4 1419 1420 4749 5088
4 1892 4220 1229 4708
4 1258 5021 4268 5082
4 55 521 4092 4600
4 3862 3811 4458 5345
4 1098 1101 1034 4502
4 3775 4533 4614 5040
4 3843 4821 4090 5319
4 2250 2251 2249 4031
4 1036 1090 1936 5441
4 1626 1625 1624 4305
4 4216 4917 3920 4933
4 2578 3829 2322 4653
4 4167 4471 2756 5360
4 2039 744 2828 4230
4 1069 1066 4965 5025
4 3810 4068 4591 5411
4 1226 1225 1227 4805
4 2988 5085 4051 5198
4 3698 4726 4172 5262
4 3819 4809 4416 5015
4 4320 4395 3930 4734
4 1232 1234 4317 5067
4 3846 5189 4379 5594
4 4301 4918 4198 5600
4 2635 2636 2311 4089
4 3001 4301 3002 5601
4 3724 4481 4719 5557
4 4881 4943 4096 5006
4 3959 115 4696 5284
4 4686 5088 3784 5240
4 4002 3713 4737 5511
4 2847 4181 5041 5312
4 1555 1556 1374 4183
4 2898 3848 2727 5293
4 100 588 4541 5328
4 3530 3918 647 4488
4 1032 1010 1030 4700
4 3764 4682 4102 5124
4 1018 1029 993 4165
4 771 767 769 5100
4 1251 4268 1258 5021
4 2727 182 2895 4127
4 3995 5124 4102 5211
4 1663 4288 1662 5156
4 1781 1661 1961 4113
4 4009 3766 4359 5549
4 1455 4631 1454 4803
4 3764 4870 4612 5482
4 4143 3971 4445 5115
4 2670 661 3979 4331
4 668 4104 153 4328
4 156 4574 4341 4703
4 1414 1883 1882 4751
4 1285 1296 1286 4930
4 2384 2420 4491 5113
4 1642 1641 1635 4473
4 2581 4955 3853 5516
4 3641 695 4029 4573
4 2688 2691 4852 5420
4 3907 3693 4592 5432
4 1938 1156 1091 4259
4 3896 3782 4494 5347
4 3145 3097 3147 4594
4 3762 4125 3904 5339
4 1391 4532 1315 4960
4 131 4698 4266 5065
4 4414 4474 3888 4994
4 3938 4474 4414 4994
4 2395 2366 4161 5438
4 793 906 175 4125
4 1114 1083 2021 4421
4 3829 4471 2578 5352
4 179 4072 3969 4320
4 3768 4469 4422 5436
4 2322 4569 176 4653
4 1534 1566 1565 5575
4 3192 4218 4215 4466
4 3855 4772 1694 5245
4 1395 4076 4910 5058
4 1659 4520 4152 4779
4 2205 2667 2138 4481
4 4514 4989 4435 5062
4 30 2234 4089 4526
4 1983 1780 1985 4583
4 4065 5002 3951 5405
4 3878 4187 3700 4566
4 4901 4975 4417 5583
4 4135 4635 4042 4748
4 1206 4248 4727 5064
4 2867 2041 2465 4594
4 2425 3974 2424 4703
4 3739 4797 4643 5325
4 3775 4635 4135 4748
4 1802 1303 4776 5159
4 2101 3936 2102 4055
4 877 4587 809 5029
4 618 119 4119 5273
4 758 4986 854 5066
4 2088 2090 2505 5295
4 2445 4296 4645 5330
4 1323 4174 1324 5206
4 882 777 941 5099
4 2539 4790 2913 5191
4 2398 3798 2397 4589
4 4044 4514 4465 4815
4 1029 1018 989 4165
4 2618 560 4036 4639
4 1557 4274 1853 4813
4 1282 4209 1298 5091
4 4340 4445 4215 5294
4 1702 4873 4981 5507
4 2637 3877 2636 4637
4 2507 4128 2918 5428
4 4073 3727 4349 5206
4 2827 2748 2915 4086
4 2014 993 1157 5170
4 3794 4301 5600 5601
4 3704 4410 3860 5045
4 3677 4057 3893 4599
4 4553 4763 1594 5399
4 1399 4861 4813 5558
4 66 538 3319 5331
4 3946 4061 3716 4363
4 1199 1200 4911 5159
4 1050 2823 1081 4578
4 946 966 965 4304
4 1956 5046 3895 5179
4 1732 1731 1380 5262
4 2765 4187 3878 5268
4 1443 4985 4227 5217
4 1581 4122 1577 5199
4 2363 2365 2720 4323
4 3978 4446 3674 5516
4 1331 5061 3737 5258
4 3744 4915 1488 5305
4 3948 4009 65 4278
4 1376 1256 4858 4966
4 4009 4278 3766 5549
4 1927 1576 2016 4654
4 2252 4499 3773 4571
4 4648 4970 1792 5393
4 2482 2815 2481 4289
4 1422 4318 1486 4686
4 583 3409 3408 4440
4 4005 4528 4216 4698
4 2266 2704 3862 4822
4 1660 1847 4207 4779
4 3746 4222 4090 4242
4 825 827 3969 4072
4 105 4069 596 5496
4 4427 4740 3890 5337
4 725 925 929 5130
4 3083 4195 3030 5364
4 4131 4417 4975 5583
4 1689 1688 4148 5093
4 2637 3877 4637 4773
4 2381 4250 2591 4770
4 2322 3829 2578 5352
4 1461 1459 1823 4386
4 3760 4009 4433 4680
4 3927 5251 4592 5420
4 3761 4749 3997 5088
4 3961 4413 4035 4647
4 2988 4051 5085 5582
4 1407 4298 1406 4976
4 1214 4164 1216 5077
4 658 4223 147 5503
4 953 2049 4377 5466
4 2177 2809 3881 5322
4 2463 4733 4408 5193
4 2456 62 4252 4831
4 2396 4161 2366 5438
4 4020 4635 4247 5425
4 1593 3757 4763 4935
4 3806 5173 4406 5507
4 3691 4618 4812 5288
4 2046 4193 2694 5326
4 583 3408 3901 4440
4 3744 4302 4132 5560
4 4169 4972 4198 5221
4 4680 5162 3704 5487
4 2308 2644 2645 4188
4 3972 4313 3855 4651
4 3863 4767 5180 5488
4 4144 4857 2982 5146
4 4454 5368 4305 5538
4 4028 5307 3940 5579
4 3371 3369 565 4961
4 3716 4061 3946 5041
4 2330 2329 162 4563
4 998 4290 1024 5577
4 3979 4900 3748 5216
4 3683 4452 4641 5579
4 827 826 3969 4320
4 3886 5283 5108 5518
4 3594 3595 3593 5387
4 113 608 4055 4741
4 1391 1832 4532 4960
4 1657 5179 3821 5492
4 4138 4455 3942 5458
4 3714 4435 4035 5229
4 1280 1288 1279 5111
4 2463 5193 4408 5249
4 1688 4148 4777 4824
4 2516 4064 2517 4590
4 3715 4180 3879 5116
4 3647 4125 3646 5076
4 3706 4888 4155 5129
4 3837 4166 3686 5256
4 2794 4639 4036 4721
4 2149 3797 2649 4898
4 2092 2091 4599 5295
4 1067 1107 4140 5166
4 3768 3988 4431 5235
4 3733 4006 5003 5589
4 3036 3037 3035 5209
4 4149 4594 3786 4904
4 4297 4772 1817 5063
4 2794 4036 3909 4721
4 2466 2869 4418 4899
4 182 4127 2727 4835
4 2823 2822 4578 4688
4 1798 1234 1236 4605
4 3812 4901 4366 5434
4 3967 4194 5040 5538
4 1222 4576 4312 5585
4 1392 5061 4476 5511
4 3698 4182 4036 5266
4 4002 4313 25 4697
4 3734 5344 3978 5348
4 1041 1104 1111 4358
4 4258 4387 3791 5042
4 1439 1437 4364 5439
4 3767 4180 3808 4401
4 3418 2652 590 4135
4 894 875 4819 5581
4 1424 1486 4318 4588
4 3685 4953 4529 5232
4 4578 4688 3985 5467
4 4283 4400 3911 5343
4 2969 4826 4122 5199
4 560 81 4036 4639
4 3967 3753 4305 4541
4 1856 4686 1678 5122
4 1091 4259 1101 4502
4 1347 4885 1395 5058
4 4509 4578 3976 5589
4 4066 4561 3699 5283
4 3813 4271 4954 5270
4 3694 3953 3937 5192
4 1699 4918 1774 5600
4 2135 2134 2136 4719
4 4249 4771 3739 5170
4 2447 2564 3991 5105
4 2892 2425 4341 5466
4 3685 4529 4312 5232
4 2991 5184 2986 5198
4 3984 5023 4177 5551
4 2762 2767 2663 5280
4 4159 4987 3708 5349
4 3931 4869 4212 5565
4 3698 3836 4375 4417
4 2885 4157 2680 5567
4 3837 3686 4166 4736
4 1439 1438 1437 5439
4 557 3356 3358 5386
4 3709 4418 4130 4899
4 951 4423 2832 5466
4 3673 4215 4445 5497
4 1634 4473 1636 4706
4 3901 3841 4231 4440
4 3824 3673 4352 5098
4 3691 3959 4347 5444
4 4471 5160 4636 5445
4 4000 3739 4643 5325
4 1462 1464 1650 4833
4 3673 4445 5263 5497
4 725 4407 1958 5130
4 3437 107 599 5496
4 68 4000 4643 4969
4 4304 4451 3782 5244
4 997 2834 953 5466
4 4473 4740 4575 5347
4 4448 4485 3732 4602
4 1647 1646 1648 4709
4 464 3178 17 4243
4 4344 4496 3688 4553
4 800 872 804 4673
4 3938 4604 5038 5125
4 1182 1184 4344 4763
4 2573 2791 2724 4995
4 3776 4755 5375 5572
4 2026 2833 1089 4442
4 3794 5600 4391 5601
4 4183 4897 4482 5070
4 2080 3928 4080 4943
4 3045 2963 2072 4660
4 3968 5127 5112 5572
4 4289 4725 2481 5376
4 132 4692 643 5289
4 4017 3764 5124 5359
4 2498 2495 4509 5003
4 4464 4710 3806 4834
4 967 4878 966 5109
4 3924 4995 4077 5302
4 1277 1264 1284 4617
4 100 4147 3967 4541
4 17 4003 4243 5044
4 4059 4290 5230 5457
4 2332 3978 2331 4384
4 1789 1793 1984 4085
4 3924 4614 5040 5471
4 4002 4697 4672 4992
4 3776 4990 4477 5459
4 1204 4248 1205 5064
4 4206 5033 4038 5380
4 2050 4367 1043 5096
4 4092 3690 4322 5544
4 1481 4105 1482 5520
4 2343 2342 2344 4544
4 1223 4244 1224 5585
4 3032 4084 3102 5427
4 1145 4219 747 4916
4 2590 4267 2588 4610
4 4259 4768 1116 5502
4 4406 5381 3806 5507
4 1990 738 1137 4673
4 2654 4936 3861 5485
4 2140 2139 2138 4481
4 1176 1175 1143 5584
4 4212 4786 3828 4869
4 169 4573 4087 5012
4 3837 3686 5203 5256
4 4164 4811 3723 5385
4 2301 4137 88 4501
4 1590 4888 4155 5399
4 121 4627 624 5335
4 2618 80 560 5513
4 65 4497 4433 4864
4 3715 4208 4180 5116
4 3927 5198 4567 5423
4 998 2909 954 5073
4 1428 4903 3744 5365
4 3103 4249 2964 5453
4 3957 5193 4733 5225
4 3103 5226 4249 5408
4 3073 2992 3089 4311
4 1491 4480 1434 4823
4 2530 2409 2406 4818
4 4301 4370 3818 4918
4 2854 2556 2033 3866
4 2680 4157 4810 5567
4 2786 4088 2789 4517
4 688 166 3612 2326
4 4107 4806 3959 5444
4 2252 3773 2254 4571
4 2183 4011 5108 5591
4 2074 2822 4688 4890
4 480 28 4313 4399
4 452 3155 3157 4863
4 709 3670 3671 4226
4 4117 3809 4877 5142
4 558 79 4109 5345
4 2274 4252 3851 5178
4 565 4275 84 5030
4 5057 5372 4171 5478
4 779 2029 739 5356
4 4174 1325 4739 5271
4 3144 4144 2982 5146
4 3900 4097 3838 4559
4 4095 4723 4181 5099
4 3780 4563 2699 5086
4 1381 4978 4261 5134
4 2535 2541 2542 4494
4 1054 1101 4259 5502
4 905 889 1114 4421
4 2908 4151 2805 4832
4 1025 1000 947 4893
4 2809 4106 3881 5322
4 4476 3821 4737 5037
4 2080 2078 3928 4943
4 1985 1808 1809 5346
4 4244 5455 3683 5532
4 73 548 4071 4257
4 658 3566 147 4223
4 4105 3771 4779 4862
4 4176 4972 4841 5413
4 2193 2198 4292 4770
4 1840 1525 1645 5035
4 4567 5198 4051 5423
4 3750 4978 1621 5150
4 137 4488 4326 4562
4 4150 4826 2970 5199
4 1886 1892 4708 5366
4 2064 2849 2846 4431
4 2517 4590 4064 5043
4 1457 1473 4145 5481
4 1559 1660 4207 5410
4 3733 5524 5174 5543
4 1434 1681 1432 4823
4 3747 3990 4997 5274
4 3792 4710 3863 5052
4 525 58 3296 2374
4 3704 4183 4482 5070
4 1371 1646 4492 5419
4 1251 1261 1258 4268
4 2362 2360 3986 4944
4 3698 4843 5391 5403
4 3684 3902 4075 4636
4 4652 5112 3968 5261
4 50 2251 2253 4571
4 2841 4061 2416 4611
4 4204 4615 3940 5544
4 4156 2192 4582 5554
4 2398 3798 4589 5003
4 2976 4550 4282 4728
4 1374 4183 4680 5569
4 3924 4614 4995 5302
4 3802 2104 4603 5026
4 3704 4728 4410 5384
4 1331 4992 3737 5061
4 3792 4052 4710 5052
4 3794 4841 4176 4972
4 3882 5112 3968 5127
4 4318 4588 1486 4686
4 3690 4621 4028 5291
4 1067 1107 1117 4140
4 3089 5326 4311 5327
4 475 4215 23 4462
4 4175 5210 3719 5455
4 1412 5320 4112 5535
4 966 4878 4304 5109
4 3792 3863 4052 5052
4 2819 2691 2587 5075
4 4016 5349 4720 5581
4 3891 4422 4163 5436
4 4152 4520 3771 4779
4 4231 4634 4261 5227
4 3974 4341 2425 5466
4 1979 860 731 5363
4 2362 2360 2551 3986
4 1213 5010 4598 5033
4 3728 4116 4472 5008
4 1117 1087 1045 4753
4 4544 5023 3984 5551
4 2768 3777 2769 4584
4 1943 4173 1596 5174
4 4147 4911 3805 5499
4 3734 4043 4962 5078
4 3816 5074 3966 5433
4 1262 4285 1269 4883
4 1506 4306 1509 4888
4 4010 5301 4262 5512
4 3088 2976 4282 4728
4 4366 3839 4901 4975
4 3775 4635 4748 5538
4 3698 3909 4375 4843
4 3735 5212 4887 5314
4 2752 2438 4350 4624
4 1952 4672 4556 5400
4 4417 4901 3839 4975
4 3691 3959 3876 5090
4 4265 4923 3986 4944
4 4021 4920 2532 5517
4 2840 4346 2673 4808
4 3731 4375 4014 5391
4 1375 1470 1478 4359
4 4422 4469 4163 5436
4 1409 1721 1785 4368
4 1560 4532 5114 5410
4 3723 4988 4276 5385
4 1834 1248 1886 5366
4 4471 3932 5160 5445
4 1847 1559 1660 4207
4 2660 2279 2256 4621
4 2244 2246 2245 4843
4 4027 4453 75 5433
4 1533 5024 4548 5115
4 4386 3730 5147 5255
4 3714 4514 4435 5062
4 3859 4982 4237 5325
4 3733 4279 4549 5031
4 1144 1942 1945 4370
4 550 2678 4088 5556
4 4333 5296 3923 5462
4 1835 1680 1836 4221
4 748 838 837 4851
4 2395 2396 2366 5438
4 4231 4472 3750 5510
4 2383 2747 4250 5253
4 3073 4311 3089 5326
4 3723 4811 4505 5385
4 1000 963 1011 4893
4 3146 3141 3095 5093
4 4106 4382 3808 5004
4 3758 4445 3971 5115
4 3646 700 3648 5076
4 1700 4391 4160 4910
4 4636 5160 3932 5445
4 2496 2843 4509 5589
4 1050 2823 4578 4688
4 5016 5117 4266 5377
4 2205 2138 2136 4719
4 1314 4861 1399 5558
4 3947 4287 3753 4622
4 3911 4314 25 4799
4 1664 4302 1425 4891
4 823 5248 4153 5308
4 882 4723 4181 5312
4 4444 4861 3962 5260
4 1721 4368 1409 5018
4 3708 5260 4241 5349
4 2992 4311 5184 5327
4 2050 1088 1043 5207
4 1450 3741 4939 5196
4 1843 1415 4742 4775
4 1555 1374 1485 4183
4 2202 2655 3892 4082
4 1485 4183 1374 5569
4 3135 3107 4919 5241
4 3947 4757 3677 4860
4 1434 1491 1681 4480
4 4307 5117 3703 5275
4 3807 4156 2189 4794
4 3720 4889 4217 5354
4 1987 4337 5472 5533
4 786 4407 929 5494
4 2445 4645 2453 5330
4 3934 5397 5539 5551
4 793 790 795 4120
4 4473 4706 3817 4740
4 1668 3756 4752 4929
4 2100 102 2173 4674
4 3700 3980 4338 5132
4 1192 1256 1257 4222
4 2733 3859 2470 4969
4 4115 4260 3832 4791
4 3831 4136 4042 4871
4 1337 4814 1339 5087
4 2972 2967 2966 4792
4 1848 1576 1927 4956
4 1999 4259 1938 4502
4 3700 4712 4206 4765
4 2746 2749 4255 5108
4 4508 4677 3725 5019
4 1483 1659 1658 4779
4 1989 1665 4673 4891
4 4018 5296 4333 5462
4 2748 4003 2461 5249
4 3782 4740 4427 5337
4 3246 3245 3247 4791
4 3814 4703 4012 5103
4 4284 2538 5009 5191
4 1408 1352 1354 4204
4 488 32 3223 5219
4 1867 1868 1756 4659
4 3639 741 702 3637
4 4054 4583 4295 5057
4 1715 4975 1712 5236
4 2368 2298 4241 4999
4 3767 4180 4401 4645
4 4025 4777 4148 4824
4 3069 4311 2690 4852
4 1070 1104 1093 4128
4 550 74 2678 5556
4 3103 2926 3100 5408
4 4304 3782 4878 5244
4 3572 3570 660 4238
4 4026 4160 5180 5241
4 3720 4498 4889 5354
4 3798 2195 4589 4895
4 3906 5168 4191 5482
4 2630 5011 2625 5529
4 3844 4459 3925 4807
4 2257 4015 2258 4272
4 3768 4772 4469 5436
4 2690 4852 4311 5420
4 2081 2082 2080 4559
4 2659 3863 2296 4714
4 2467 2069 2865 4149
4 1993 1166 4210 5200
4 3837 4580 4331 5514
4 2182 2178 2193 4292
4 793 795 906 4125
4 1505 4888 5104 5359
4 3678 3950 4751 5112
4 3995 5211 1123 5340
4 3705 4492 4709 4950
4 4012 4575 4574 5035
4 2461 2748 2439 4003
4 1743 1785 1720 4726
4 4262 4887 3735 5212
4 3888 4414 5084 5380
4 1769 4742 4484 4775
4 1170 1780 1983 4880
4 1198 1196 1197 5027
4 1339 4814 1385 5087
4 2104 2105 3802 4603
4 2660 2785 5246 5597
4 3868 4956 4543 5311
4 1354 4204 4979 5544
4 2692 4071 2283 4592
4 2060 2841 2828 4230
4 1461 4597 4386 5255
4 896 4608 4154 5287
4 128 632 3511 5268
4 846 4288 910 5130
4 1746 5338 4615 5382
4 3968 4652 4263 5197
4 39 3242 499 5127
4 3006 3004 3001 4952
4 4199 4231 3841 4440
4 4010 76 4458 4557
4 3771 3996 4678 4694
4 1442 4227 4945 5439
4 510 3266 47 4721
4 2993 3150 4085 5571
4 3837 5256 5203 5514
4 1625 1255 1195 5341
4 2682 4293 5016 5383
4 4073 4783 4174 5206
4 1789 4085 1984 5571
4 3702 4174 5171 5228
4 3872 4323 4713 4855
4 2295 2598 2597 4176
4 2488 4685 2532 5148
4 3815 4312 5358 5585
4 4790 4875 4016 5176
4 1673 4693 4194 5204
4 1163 730 1986 4337
4 2435 2752 4350 4624
4 4029 4573 695 4876
4 1872 1881 1495 4448
4 1865 4547 1709 4765
4 4038 5084 4758 5434
4 1340 4523 5007 5087
4 1262 1268 1269 4285
4 1372 1400 1398 4706
4 3847 4613 4113 5117
4 3996 3771 4678 4862
4 2595 2849 2064 4977
4 2173 4117 2776 4674
4 4095 5297 3716 5309
4 4185 4804 1177 4932
4 3968 3882 5127 5215
4 3035 4373 3765 5209
4 4111 4686 4588 5445
4 2680 2885 4810 5372
4 3968 5127 4330 5215
4 4146 5126 3958 5483
4 1945 4675 1816 5063
4 1624 4745 1631 4751
4 1362 1361 4922 5369
4 584 97 4042 4871
4 3740 4557 4010 5369
4 65 4433 4009 4687
4 993 1018 4165 5170
4 4276 4769 3929 4988
4 1553 4457 4140 5441
4 4078 5409 4177 5435
4 3980 3700 4619 5132
4 3711 4767 4176 5180
4 2353 4266 130 4630
4 4359 4771 3739 5549
4 4028 5246 2785 5597
4 4150 4410 4728 5384
4 3726 4008 4957 5132
4 1560 4532 1833 5114
4 2127 2649 2149 3797
4 1442 4945 1440 5439
4 3039 3133 12 4373
4 3980 4619 2771 5490
4 1299 1312 4865 5448
4 3674 3853 4121 4213
4 4047 4950 3951 5405
4 2252 2251 2250 4499
4 4016 4999 4284 5474
4 838 878 837 4819
4 3734 5346 4134 5348
4 2143 4327 3828 5049
4 2874 2072 4733 5225
4 62 531 2798 4420
4 17 4243 4208 5044
4 3760 4680 4433 5569
4 3705 4492 4950 5267
4 4069 3870 4829 4870
4 116 4467 613 5547
4 824 4062 907 4127
4 3727 4506 4174 5171
4 1792 4648 1789 4970
4 3383 3382 3381 5475
4 3777 4310 4619 4988
4 853 4595 4040 4842
4 1638 1637 1636 4236
4 3771 3996 4694 4862
4 4216 4528 4005 4795
4 2088 4022 5136 5501
4 3992 4443 4527 5512
4 3729 5044 4543 5311
4 2926 2972 3101 5408
4 5017 5122 4179 5445
4 473 4382 3808 4479
4 2891 3842 2812 4681
4 1871 1865 1709 4765
4 162 3604 2330 4384
4 4069 5168 3764 5491
4 2996 3842 4993 5561
4 2609 2390 2765 3878
4 3949 4286 5230 5577
4 3865 4572 4633 4847
4 3929 4547 4083 4939
4 2935 4232 2985 4852
4 4249 3739 4785 5170
4 4247 4419 4020 5228
4 3647 3648 3645 5224
4 1878 4153 1998 4709
4 4062 3761 4743 5248
4 2197 3824 2196 4754
4 3745 3933 4365 5553
4 3949 5230 4290 5577
4 4099 5021 3869 5111
4 139 4394 4430 4718
4 3706 3906 4256 5168
4 4032 3745 4825 4882
4 2416 4611 4061 5041
4 4083 4939 1452 5185
4 4377 4700 3736 5469
4 4012 156 4574 4642
4 3887 4549 4279 5031
4 654 4936 142 5485
4 4194 4454 3935 5040
4 4588 4686 3684 5445
4 3673 5263 4143 5468
4 3846 4926 4378 5412
4 650 2126 136 4432
4 18 2442 2443 4401
4 2821 4063 2062 5362
4 132 4170 643 4692
4 2553 2292 2554 5343
4 3906 3706 4817 5168
4 3674 4213 4121 4394
4 123 4942 623 5006
4 1665 4210 4673 4891
4 3696 4527 4887 4983
4 4062 4671 3761 5248
4 478 26 4526 4849
4 4131 3836 5007 5236
4 3030 3083 3077 4195
4 20 475 3903 5497
4 2641 4077 4995 5302
4 1031 4694 1004 5457
4 4406 4993 3922 5173
4 2098 102 591 4542
4 1019 4423 976 5083
4 1462 4833 4107 5255
4 1157 4165 1975 5170
4 183 4436 5213 5530
4 4063 4509 3733 5003
4 1059 4909 4367 5207
4 3103 4792 4249 5453
4 35 4821 4357 4949
4 1536 5024 1533 5115
4 649 141 4404 5485
4 4032 4825 4627 5050
4 1477 1631 4745 5375
4 4179 4348 3787 4786
4 3720 4439 4856 4945
4 3763 4281 4144 4857
4 105 600 3440 5034
4 844 871 823 4153
4 1247 1246 1245 5021
4 4170 4692 3913 4933
4 3925 4299 4203 4913
4 57 527 3311 5161
4 11 4035 4735 4859
4 1231 4649 4220 5067
4 4003 5249 4086 5311
4 82 4623 562 4848
4 4025 4887 5212 5314
4 84 3892 4275 4376
4 876 4819 838 4851
4 977 1009 4409 4700
4 1968 1964 1663 4916
4 661 149 3560 4331
4 1182 1594 1184 4763
4 4177 4498 4078 4856
4 3768 4651 4297 4772
4 3685 3918 3857 4326
4 4083 4803 4005 5185
4 1362 4922 1363 5369
4 4109 4251 3874 5345
4 572 5011 4137 5529
4 3813 4696 4597 4806
4 3121 4857 4023 5146
4 4006 4360 3870 4798
4 3966 4940 4070 5074
4 91 4371 574 5565
4 2470 5133 2057 5317
4 2385 2274 3851 4820
4 1953 1823 4386 5234
4 1710 1198 1273 5430
4 4204 3940 5291 5544
4 2484 4943 2079 4951
4 4022 5136 4538 5295
4 898 171 936 4029
4 4930 5089 4004 5375
4 3608 684 164 5175
4 57 4023 4857 5161
4 2660 5246 4621 5597
4 3762 4364 4295 4695
4 4171 5086 4711 5348
4 1993 1166 1990 4210
4 4085 4970 4567 5571
4 3483 616 3482 4467
4 2933 1146 1795 4406
4 3674 4134 4665 4823
4 3414 98 586 5504
4 4340 4930 3803 5098
4 3114 3040 5222 5489
4 4306 1509 4888 5129
4 915 787 4288 5239
4 4240 5179 4859 5492
4 1331 4992 1393 5245
4 3081 4556 3091 4750
4 3859 68 4535 4643
4 4010 5055 4458 5512
4 3973 4118 4486 4581
4 1278 4484 1770 5082
4 1434 4480 1681 4823
4 4322 4873 1357 5446
4 3391 90 574 4371
4 1592 4763 4324 5508
4 997 4377 1032 5466
4 3720 4217 5292 5354
4 2534 3890 2536 5009
4 3910 4435 4514 4989
4 2530 4186 3906 5153
4 3972 4399 28 5205
4 3032 3098 2925 4502
4 3170 3169 3167 5454
4 522 3284 54 4372
4 2847 5041 2483 5312
4 4343 3716 5297 5309
4 4076 3731 4921 4972
4 1755 1225 4244 5532
4 3121 2982 4857 5146
4 3677 4599 4022 5039
4 2878 808 4037 5029
4 1360 4845 3740 4886
4 43 502 4048 5286
4 2613 4100 3937 4639
4 4244 4326 3857 4562
4 581 3402 3401 5049
4 4612 4870 2804 5482
4 2188 3807 2189 4223
4 2348 2387 133 5289
4 1020 960 2923 4361
4 2810 2808 2452 3808
4 3952 4325 3823 4428
4 1932 4053 1996 5546
4 1812 1637 2005 4987
4 1155 1000 1937 4893
4 2698 3982 2136 4719
4 1433 4823 4134 5220
4 4303 3931 4869 5557
4 3851 4255 3699 5456
4 924 4246 804 4734
4 1654 4476 1653 4737
4 4457 4560 4180 5465
4 1652 1879 5051 5444
4 2898 2778 2548 4551
4 4554 4664 3897 5002
4 3533 136 645 2124
4 3504 124 631 4611
4 1730 1401 1900 5150
4 681 3603 160 4955
4 479 4214 25 4799
4 1407 1475 1898 4976
4 4093 4671 4492 4749
4 3834 4071 4272 4789
4 2290 2459 4760 5253
4 3693 4071 3907 4592
4 4407 5130 4113 5481
4 2716 4039 2845 5235
4 3732 4646 4258 4657
4 3706 4607 4050 5231
4 2337 4217 2336 5354
4 1679 1856 4658 5240
4 3644 3643 3641 5596
4 159 4427 3896 4740
4 1616 4628 4116 5107
4 3434 3435 3433 5598
4 3135 4919 4026 5241
4 2993 4085 3150 5327
4 4628 5250 4285 5418
4 100 4782 4412 5598
4 2933 4406 1795 5381
4 1964 1662 1663 4288
4 723 877 809 5029
4 3906 4069 5168 5482
4 1561 1562 4342 5264
4 4859 5179 3765 5492
4 1088 1118 1043 5207
4 3617 3618 3619 5599
4 4219 4938 1675 4946
4 2654 2759 4936 5485
4 3730 4696 3795 4944
4 3198 3195 472 5095
4 4551 4616 3705 5405
4 3993 4376 4275 4641
4 3760 1373 5282 5569
4 1132 1957 1959 3765
4 2027 2709 5372 5478
4 3721 5038 4074 5471
4 1464 4618 1650 4833
4 25 479 4313 4581
4 2956 3078 3088 4321
4 4105 4683 4539 5336
4 3074 3090 2954 4267
4 4733 5193 2464 5225
4 2100 102 3433 2099
4 1559 4532 1391 5410
4 1676 4946 4938 5363
4 762 758 854 5066
4 2029 779 2864 5356
4 917 751 4063 5362
4 2089 2510 2522 5501
4 622 2826 122 4896
4 4114 4943 2484 4951
4 673 3584 3585 4328
4 558 4109 79 4516
4 1199 1201 1200 5159
4 3888 4638 4103 4707
4 1067 4140 1117 5190
4 3896 4494 4377 4878
4 2572 2203 2793 4533
4 4610 5126 3958 5509
4 3921 4394 4213 4480
4 1296 1285 1831 4340
4 1561 1562 1538 4342
4 163 3617 683 4224
4 2812 512 4052 5052
4 1814 5229 1529 5492
4 4051 5005 4824 5085
4 1087 4140 1117 5441
4 3812 4975 4901 5583
4 4093 3761 4671 4749
4 4817 5168 3706 5588
4 3042 4867 4201 4904
4 1800 5472 1989 5533
4 1541 4560 1575 4956
4 2793 2573 4614 4995
4 703 175 3647 5224
4 4269 71 5279 5576
4 2546 2548 2458 4616
4 3855 4672 4163 5436
4 2524 3882 2783 4846
4 2074 765 2813 4890
4 3811 5055 4010 5369
4 2106 3802 2105 4603
4 2527 3775 4135 4533
4 2687 2283 2686 4257
4 2660 4621 2308 5597
4 1647 1648 1998 4709
4 2812 2706 48 5052
4 491 3237 4004 4351
4 792 790 4880 5339
4 3818 4101 4370 5242
4 3842 4052 2812 4681
4 2903 4378 720 4720
4 3726 4414 4727 5380
4 2280 2794 2643 3909
4 3873 4591 3707 4912
4 1844 1479 4683 4775
4 3753 3947 5027 5341
4 1157 1570 4165 5114
4 1103 4768 4086 5473
4 765 2074 755 4890
4 689 3616 167 5218
4 3848 4127 2727 5293
4 2985 4852 4232 5198
4 3752 4916 4288 5239
4 3717 3859 4397 4535
4 612 4158 113 4493
4 3969 4902 4210 5200
4 105 3440 3906 5034
4 2476 2475 2441 3879
4 1806 4470 1807 4834
4 4106 4462 3852 5322
4 3720 4364 4196 4695
4 3871 3752 4698 5239
4 512 48 3270 5052
4 2650 2786 2789 4517
4 1318 1830 1286 5375
4 837 728 2000 4379
4 4612 5036 3764 5482
4 1519 4386 1823 5234
4 2742 2193 2178 3979
4 2431 2432 2433 4300
4 2873 2464 5193 5225
4 2397 3798 2195 4589
4 3994 3806 4710 4834
4 3752 3871 4587 5239
4 3757 4256 3998 4540
4 944 1125 983 5546
4 3687 4724 4261 5134
4 3955 4374 3763 4897
4 2989 5005 5085 5299
4 1371 1417 1416 4142
4 12 3039 4750 4762
4 834 4515 876 4851
4 4309 4379 3846 4819
4 1589 4625 1376 4858
4 2205 2136 3982 4719
4 2906 2913 2539 4790
4 3628 3626 3627 5353
4 2483 2416 4061 5041
4 3751 3994 4094 4834
4 1117 4140 1107 5441
4 3937 4623 3926 4848
4 2043 2818 850 5362
4 3713 4545 3895 4750
4 1425 4302 1427 5365
4 2746 5108 4255 5456
4 2383 2747 2381 4250
4 2676 2206 3897 5208
4 1375 1832 4960 5282
4 4201 4867 4149 4904
4 3808 4685 4106 5004
4 3212 31 485 5247
4 1270 5089 4930 5375
4 1433 5220 4134 5346
4 1475 3763 4976 5493
4 3845 4602 4067 5440
4 3945 4884 4980 5044
4 1344 1346 4726 4885
4 1003 4694 4520 5457
4 4363 4627 4299 5593
4 2106 3802 4603 4931
4 1441 4227 1442 5439
4 3936 3924 4732 5598
4 910 783 925 5130
4 4045 4558 3857 5358
4 3738 5021 4099 5111
4 3858 4446 4217 5318
4 2110 2771 4619 5490
4 2611 3937 2613 4100
4 934 924 804 4734
4 135 643 4170 4692
4 2078 3928 4943 5006
4 2039 766 4230 4896
4 4816 5155 4334 5371
4 3793 4253 4007 4837
4 3786 4345 4339 4836
4 4296 5036 4191 5357
4 1524 4905 4409 5035
4 1384 3751 4873 4979
4 4209 4865 1298 5091
4 2841 2483 2416 4061
4 1011 943 1006 5223
4 1557 1853 1850 4813
4 3826 4253 4007 4530
4 1347 4389 4885 5058
4 852 4595 913 5099
4 1767 4111 1854 5527
4 4202 4340 4215 5294
4 1991 1705 4464 5381
4 1552 4668 4168 5464
4 4113 4613 3850 5117
4 2059 2485 3299 530
4 73 4071 4200 4257
4 4091 4271 3820 4954
4 870 4054 5057 5564
4 4006 4549 3733 5003
4 3066 1991 2958 4464
4 4524 4587 3871 5239
4 515 3863 4094 5052
4 1374 1556 1706 4680
4 4157 5372 5057 5478
4 3703 4119 3970 5377
4 2256 2279 2258 3898
4 661 3559 148 4331
4 3558 660 3559 4331
4 1966 1686 1688 4824
4 3721 4194 4693 5574
4 3932 5017 4179 5445
4 2413 4817 5148 5517
4 4203 4299 3925 4363
4 167 5218 4483 5560
4 2280 4565 3909 4843
4 2447 3991 2564 4483
4 2196 2731 2185 4352
4 985 980 978 5523
4 2421 4703 2424 5113
4 829 871 5287 5308
4 1311 1299 1312 4865
4 3813 4597 4696 5149
4 3909 4036 3839 4721
4 1953 1519 1823 5234
4 3980 4931 4957 5132
4 3793 4007 4253 4650
4 4122 5199 1151 5453
4 3695 5131 4415 5296
4 1490 1708 1709 5270
4 3950 5375 4755 5572
4 1356 1357 1358 4322
4 3979 4778 4398 4900
4 3078 4321 3061 4725
4 745 2043 850 5362
4 4262 5212 3735 5301
4 2532 4685 2509 4920
4 3730 3986 4696 4944
4 4225 4335 3742 4963
4 870 5057 4054 5165
4 1784 4997 1302 5274
4 2543 4255 2749 5108
4 3774 5084 4504 5586
4 3698 4375 4172 5391
4 753 890 4361 4790
4 786 4947 4407 5494
4 3062 3085 2932 3842
4 2648 4452 2149 4898
4 3974 4574 4012 4703
4 175 701 922 5596
4 1314 1398 1399 4861
4 1108 1118 1060 4367
4 1686 4824 4025 5212
4 798 800 803 4962
4 3949 4760 2459 5253
4 607 3456 5169 5285
4 987 4237 989 4785
4 1299 4865 4209 5448
4 1047 2838 4408 5473
4 4268 5021 3964 5082
4 1067 5166 4140 5190
4 4017 4256 3906 5168
4 4482 4897 3955 5070
4 3774 4504 2710 5586
4 1646 4950 4492 5419
4 4112 4693 3721 5038
4 4475 5124 1606 5359
4 4008 4248 4158 5064
4 1333 1331 1393 5245
4 3667 3997 707 4436
4 3731 4169 4511 5361
4 4935 5104 3887 5138
4 3762 4880 4120 5339
4 3690 3966 4940 4998
4 1406 1407 1476 4298
4 4032 4825 4233 4882
4 1079 1077 4937 5118
4 3744 4132 4577 5560
4 3819 4649 4220 4959
4 3775 3967 5040 5538
4 1715 1712 1714 5236
4 2254 2308 2660 4621
4 106 598 3439 4360
4 2270 2271 2546 4616
4 3124 2997 3122 5381
4 3818 4370 4301 4952
4 3838 4559 4097 4644
4 2189 4223 3807 4794
4 1404 4146 1369 5022
4 4698 5079 4524 5239
4 3747 4663 3990 5274
4 4063 3733 4509 5524
4 1826 1827 1995 4671
4 3795 4840 2358 4944
4 3958 4610 4294 5483
4 3762 3904 4125 5224
4 1476 4561 4298 5094
4 2734 2626 3779 4516
4 1972 1675 4219 4917
4 1748 4175 1249 5532
4 4299 4363 4203 4627
4 2878 2045 808 5029
4 4028 4621 3690 4998
4 2026 4442 1035 4832
4 918 5293 4127 5308
4 3716 3946 4363 5593
4 3727 4349 4506 5097
4 3732 4448 4067 4812
4 1535 4548 1533 5024
4 2689 2690 4311 5420
4 2683 2853 2058 4133
4 2748 4086 2827 5207
4 4131 4975 3836 5236
4 1745 1408 1746 5338
4 3665 3667 707 4436
4 2638 2637 2636 4637
4 1251 1887 1618 5276
4 3971 5263 4445 5497
4 2050 2475 2476 4367
4 111 4080 606 4559
4 526 4420 59 5392
4 3734 4679 4134 5346
4 2815 2051 2481 4289
4 1357 1358 4322 4845
4 3685 4576 4110 5435
4 2315 4104 4582 5554
4 3677 4599 5039 5295
4 180 5068 4093 5277
4 493 37 4330 5215
4 3078 3088 4321 4728
4 4667 4793 3792 5241
4 2700 2063 2888 4354
4 4296 3883 4958 5330
4 2778 4154 2898 5293
4 4004 4930 3803 5089
4 1426 1425 1427 5365
4 538 66 3330 5331
4 932 802 923 4171
4 3617 3619 4224 5599
4 572 4137 89 4501
4 1667 1441 1523 5217
4 2019 4280 1603 5486
4 1682 1413 1629 5204
4 3169 3168 3167 5209
4 689 4132 167 4577
4 635 3507 634 4630
4 2025 2896 2832 4423
4 701 171 898 794
4 2019 1085 1044 5486
4 3822 4395 4436 4902
4 3902 4205 4075 5259
4 3843 5039 4538 5295
4 3919 4720 5349 5581
4 2979 2980 4239 4857
4 45 2242 4336 4565
4 1757 1301 1222 4576
4 3677 4222 4242 5039
4 2621 3772 2685 4273
4 2582 2314 2528 4635
4 4615 5291 3940 5544
4 3525 4216 4170 4528
4 1780 1544 1985 4295
4 1556 1706 4680 5045
4 1739 4474 4604 5320
4 3690 4940 4070 4998
4 10 2429 2738 4647
4 3720 4439 4945 5439
4 3689 4554 3897 5002
4 828 918 4127 5308
4 2563 4524 3871 5177
4 4177 5023 3934 5551
4 4751 4783 4454 5425
4 1605 1589 1376 4858
4 1468 4189 1398 4987
4 3820 4568 4091 5592
4 766 3917 772 4230
4 3846 4478 4926 5412
4 4271 3820 4954 5270
4 827 826 825 3969
4 1360 4886 3740 5369
4 1270 1263 5089 5375
4 2979 4239 4023 4857
4 4364 4439 3720 5439
4 1807 4464 1912 4834
4 3023 3137 4431 5452
4 3045 3102 2963 4660
4 2742 2669 2743 4778
4 5281 5304 1306 5558
4 1826 1418 1647 4492
4 2926 3103 2972 5408
4 1932 1524 1996 4053
4 2270 2207 2208 4211
4 2988 3116 5198 5582
4 3627 694 171 5353
4 1881 4618 4448 5430
4 985 4629 980 5523
4 92 576 3405 4325
4 707 3997 4395 4436
4 1745 1751 1890 4380
4 780 5079 4524 5356
4 907 4062 828 4127
4 2710 3774 2150 4392
4 3666 708 3667 5068
4 1328 4739 4118 5204
4 3958 4887 4527 4983
4 147 4572 3983 4729
4 1652 4806 1651 5444
4 3274 516 52 5316
4 3782 5009 4316 5337
4 2579 2756 2578 5360
4 3834 3907 4071 4789
4 3897 4664 4554 4971
4 1746 4615 1885 5382
4 99 4525 3809 4542
4 4672 4737 3713 5511
4 3320 3948 65 4278
4 2576 2575 4037 5123
4 481 3908 3218 5120
4 4186 4666 4256 5034
4 3964 4285 4268 5082
4 2451 4645 4296 4920
4 180 3655 708 5303
4 536 5001 64 5178
4 39 497 3233 5319
4 179 3661 713 4072
4 3837 4736 3964 5203
4 2482 2875 2816 4828
4 3762 4196 4364 4695
4 3737 4486 4118 4581
4 4408 5193 3729 5249
4 931 875 894 5581
4 3818 5221 4081 5324
4 1949 1695 4469 4772
4 1652 1651 1879 5444
4 2289 2225 4283 4747
4 4885 5013 3989 5403
4 1530 1532 1967 4836
4 2862 2590 2866 4610
4 828 907 824 4062
4 32 4352 2185 4784
4 2787 2145 2151 4166
4 4319 4744 1402 5568
4 1225 1224 1223 4244
4 71 4535 4269 5279
4 3859 3717 4982 5325
4 869 4946 731 5363
4 4063 5003 3733 5194
4 2536 2534 2300 3890
4 1552 1609 1632 4168
4 4378 4819 875 5581
4 1673 1672 1629 4194
4 3978 4563 4530 5344
4 1851 1678 4686 5122
4 1772 1385 1765 4918
4 2218 2219 2197 4330
4 2414 4353 2487 5148
4 3894 4938 4219 4946
4 2607 4282 2042 5426
4 2710 2150 3774 5586
4 4038 5201 5084 5434
4 3972 3701 4297 4984
4 1626 1624 1883 4751
4 615 114 2577 4596
4 1490 4547 1733 4939
4 808 723 809 5029
4 1769 4484 1842 4775
4 2768 2653 2769 4948
4 3810 4912 3873 5279
4 1993 4210 1665 4891
4 2325 3991 2449 4030
4 4078 4177 4856 5435
4 2368 2712 2298 4999
4 3754 4576 4430 4774
4 2940 1165 4391 4667
4 3764 4682 4306 5168
4 3703 5149 4307 5275
4 3713 3866 4400 4545
4 4618 5430 1879 5444
4 2839 2028 4245 5237
4 1214 1212 1213 4598
4 2114 2113 2112 4531
4 4090 4242 3843 5319
4 1176 4185 1175 5584
4 3133 4762 12 5080
4 690 3615 166 5243
4 3668 713 183 4436
4 521 4571 4092 4600
4 1879 4347 5051 5444
4 1306 5281 4463 5304
4 4293 5117 5016 5383
4 3002 3084 4391 4919
4 2191 4156 3897 4270
4 2205 2136 2698 3982
4 3824 4352 2196 4754
4 3888 5084 4758 5380
4 1851 1856 1678 5122
4 2183 2515 2168 5591
4 2868 2872 2563 3871
4 2678 5246 4088 5556
4 3936 4055 3833 4674
4 1225 4805 4244 5532
4 3741 4795 1451 5185
4 3720 4498 4856 4889
4 2245 4511 4843 5460
4 4111 4588 3684 5445
4 3065 2820 3020 5488
4 3813 4271 4091 4954
4 4084 4733 4660 5427
4 999 1934 945 4409
4 3850 4894 4407 5481
4 3783 3990 4312 4558
4 3812 4366 5010 5434
4 3692 3991 3930 5105
4 1342 1340 1341 4523
4 492 33 4004 5098
4 1109 4086 4909 5207
4 4745 4751 3950 4755
4 1590 4888 1630 5129
4 2258 4272 3898 4796
4 3703 4145 5149 5275
4 176 2322 2323 4569
4 3999 5122 5017 5445
4 1464 1495 1650 4618
4 4745 4755 3950 5375
4 2978 4550 2976 4728
4 634 4266 131 5135
4 3719 5210 4175 5307
4 3730 4597 4145 5149
4 862 4293 2858 4892
4 4415 5296 5131 5404
4 2586 2584 2297 4294
4 2414 2487 2413 5148
4 1145 1972 4219 4916
4 2429 4413 3961 4647
4 3898 4272 3966 5556
4 4078 3918 5409 5435
4 3927 4970 4085 5389
4 1090 1036 1095 5441
4 1413 1682 1326 5204
4 898 794 171 4029
4 71 4760 5279 5576
4 4017 3764 5168 5491
4 4293 3850 5117 5383
4 1895 1837 1616 5107
4 2429 2468 2426 4413
4 3969 3761 4743 5213
4 1069 4965 4151 5025
4 1565 1967 1532 4339
4 3705 5267 4950 5405
4 3877 4103 4048 5286
4 4008 4765 4727 5064
4 3796 4500 83 4558
4 462 15 3166 5343
4 1560 5114 4629 5410
4 3747 4663 1253 5069
4 4379 4819 878 5287
4 4259 4768 3729 5424
4 3696 3862 4137 4428
4 2131 2130 2132 4730
4 2053 2873 2466 4418
4 1411 1334 1336 4315
4 4180 4218 3799 4382
4 2481 4289 2051 4725
4 4131 4975 3812 5583
4 3737 4581 4118 5061
4 1090 1150 1936 5441
4 2244 2643 4455 4843
4 3178 3175 3176 5116
4 917 5144 761 5362
4 3117 4023 5014 5146
4 1731 1380 5262 5526
4 3991 4132 3692 5560
4 2526 2528 2783 4635
4 2883 861 811 5478
4 825 822 824 5213
4 4170 4216 3920 4933
4 1652 5051 4806 5444
4 4019 4444 159 5172
4 3749 4050 4625 4966
4 4306 4607 1509 5129
4 896 4154 829 5287
4 1879 1651 1650 5444
4 3852 4357 3881 4784
4 4284 4316 3867 5191
4 3922 4620 4193 5326
4 1602 5028 1604 5340
4 957 1916 992 5170
4 1463 1519 1820 5234
4 2724 2791 2312 4995
4 3887 4798 4549 5031
4 896 845 829 4154
4 2804 2805 2507 4870
4 4771 4792 4122 5453
4 1952 1656 4556 4672
4 3575 3577 3574 5158
4 3747 4997 4663 5274
4 3088 2978 2976 4728
4 3778 4394 3921 4480
4 2151 2145 144 4827
4 1944 732 1160 4519
4 1973 4342 1562 5264
4 175 793 4120 5596
4 3972 4297 3701 5137
4 3694 5010 4366 5434
4 880 4133 833 4947
4 1041 1111 1086 4358
4 4299 4627 3745 4825
4 4671 4743 3761 5248
4 153 4104 4225 5103
4 1514 1589 1590 5129
4 129 635 4787 5135
4 1302 4997 1888 5119
4 1132 3033 2950 4461
4 4149 4594 2467 4815
4 1594 4763 1593 5399
4 2415 4323 2365 4855
4 4012 5035 3736 5298
4 81 4036 4182 4961
4 3001 2928 3000 5601
4 4004 3776 5375 5451
4 819 813 4425 4875
4 577 92 4064 5443
4 1352 1354 4204 4979
4 4228 4808 4169 5361
4 3728 4235 4964 5008
4 2506 4870 2507 5428
4 3117 5014 2944 5146
4 4168 4668 1552 4874
4 3711 4160 4470 5180
4 2272 2300 3890 4999
4 860 4929 869 5363
4 2169 5108 2183 5514
4 1151 2942 1915 5453
4 3708 4987 4189 5349
4 3698 4843 4375 5391
4 2688 2691 2030 4852
4 2321 2322 176 4653
4 3795 4119 4973 5149
4 79 4251 4109 5345
4 3810 4591 3873 4912
4 4154 4551 3846 4608
4 1523 4364 1779 4752
4 2163 495 38 3230
4 1731 3836 5007 5526
4 809 5029 4587 5329
4 3962 4664 4444 5260
4 4298 3915 4537 5450
4 1185 4496 1281 4882
4 2298 4241 4999 5566
4 2988 5085 5005 5582
4 2883 861 5478 5567
4 2940 4667 4391 5241
4 1068 1064 4442 5190
4 3067 2940 1165 4391
4 3908 4651 3972 5137
4 1689 1690 1688 5093
4 4628 5008 3686 5510
4 4122 4792 3739 5549
4 105 4069 3906 4818
4 1726 4334 1886 5074
4 1528 4836 1527 4989
4 4038 5033 1211 5380
4 3894 4876 4029 4946
4 3794 4301 4198 5600
4 2333 4711 4446 5540
4 3702 4174 4739 5271
4 4142 4426 3722 4658
4 4651 5252 3855 5436
4 1411 4315 1336 5056
4 44 4521 3956 5106
4 2678 2279 5246 5556
4 1174 2964 5226 5453
4 1063 4832 1064 5190
4 4012 4225 3814 5103
4 3697 4089 3877 4637
4 3718 5029 4037 5329
4 1581 4122 1151 5453
4 917 4063 5144 5362
4 1594 1271 1184 4553
4 3855 4313 3972 5245
4 1071 1069 1066 4965
4 1317 1316 5254 5569
4 3850 4390 4844 5275
4 3964 4285 3748 5203
4 731 860 869 5363
4 4316 5009 4284 5337
4 564 4182 81 4449
4 3856 4569 4205 5352
4 1578 4150 1580 5199
4 4333 4517 3963 5371
4 4070 4940 3966 4998
4 1722 4774 1274 5332
4 571 5358 87 5602
4 2551 3986 2360 4840
4 1858 1754 1275 4837
4 4032 5042 4233 5050
4 3061 4321 2480 4725
4 3860 3763 4374 4897
4 515 4094 51 4600
4 3840 4181 5297 5595
4 1775 4795 1449 4917
4 1278 1282 1293 4883
4 1269 1643 1282 4883
4 4057 4242 39 5319
4 3703 4973 4119 5149
4 1266 1753 1869 4712
4 1403 4146 1404 5450
4 3700 4547 4712 4765
4 738 847 1137 4673
4 156 679 4341 4574
4 150 3569 663 2180
4 802 5165 4171 5478
4 1874 1202 4362 5051
4 3912 4298 4964 5107
4 2189 2180 4223 4794
4 4307 5149 3795 5275
4 3012 3015 3010 4163
4 2272 2298 2300 4999
4 3043 4867 3042 4904
4 1479 1313 4683 5091
4 3837 4331 2161 5514
4 2218 2219 4330 5215
4 3716 4181 4323 5297
4 1465 1466 1464 4833
4 1199 1303 1201 5159
4 3759 3956 4521 5233
4 3977 4821 2508 4949
4 2544 3854 2315 4104
4 4398 4770 4292 5102
4 1608 1260 4966 5089
4 3847 4005 4698 5135
4 2802 2512 4058 4657
4 3460 113 4585 5090
4 3417 589 3418 5328
4 997 1030 951 4423
4 1206 1205 4248 5064
4 2090 4599 5295 5501
4 551 5433 3966 5556
4 618 4119 119 4596
4 3872 4923 4383 5288
4 2881 700 174 3646
4 3739 4289 4000 5549
4 3911 4283 3702 5037
4 3743 4091 4568 5592
4 1477 4745 3746 5375
4 4575 4740 4019 5347
4 1328 1330 1824 5258
4 4739 5204 3935 5574
4 802 4171 932 5478
4 1181 1178 1180 4804
4 707 4030 3930 4395
4 2981 2983 3090 4756
4 634 3509 130 4630
4 1739 1736 4474 5320
4 1475 1614 1898 4897
4 4263 4716 3824 4990
4 3779 4251 4109 4702
4 2281 4199 94 5049
4 1227 4805 1749 4959
4 745 928 763 4881
4 2682 4293 2861 5016
4 2651 3892 2655 5350
4 4464 3792 4710 4834
4 2822 2498 4509 4890
4 2050 4367 2476 5207
4 55 3289 523 5238
4 3537 650 3535 5139
4 933 796 4157 5567
4 3847 4698 4266 5135
4 2071 753 2923 4361
4 1719 1784 1253 4997
4 2061 2587 2588 4996
4 1224 1274 1757 4576
4 1523 1439 1779 4364
4 3872 4713 4161 4855
4 1190 1188 1605 4858
4 4074 4776 4194 5471
4 3731 4511 4169 4972
4 4098 3729 4768 5424
4 1440 1441 1442 5439
4 1848 4543 4098 5424
4 3767 4668 4457 4958
4 610 4764 114 4840
4 3824 4746 3968 4990
4 1290 1289 1280 4308
4 4026 4919 3135 5237
4 3897 4971 4554 5208
4 3977 4357 3881 5552
4 1238 1239 1240 4348
4 2302 3801 5443 5542
4 3899 4093 5267 5277
4 70 2215 4760 4868
4 3828 3787 4634 4869
4 4915 5164 4075 5599
4 3779 4517 4333 5371
4 3872 4107 4833 5147
4 1506 1509 1630 4888
4 2295 4176 2597 5413
4 2768 4584 2701 5323
4 4310 4531 4033 5201
4 773 865 744 4230
4 1848 4098 4543 4956
4 1250 1714 1712 5010
4 3716 4323 4181 5041
4 4538 5039 4022 5295
4 2527 2528 2526 4135
4 4185 5100 4932 5306
4 29 481 3219 5120
4 3904 4264 2679 5076
4 1059 4367 1118 5207
4 4019 159 4740 5172
4 2141 2139 4212 4327
4 876 4851 4515 5581
4 590 3418 101 2652
4 2863 2427 2426 4465
4 2475 4367 2050 5145
4 167 3621 691 5259
4 1769 1843 4742 4775
4 4313 4697 3855 5252
4 1662 4288 1129 5130
4 2123 4046 2655 4082
4 783 4613 925 5130
4 2655 2125 2149 4046
4 4074 5038 4604 5125
4 3816 4702 4816 5433
4 3730 4944 3795 5275
4 923 4171 802 5165
4 959 991 1007 4254
4 3715 3879 4180 5465
4 2267 2297 2265 4527
4 3773 4372 2254 4571
4 3639 258 174 836
4 2040 839 720 4378
4 3832 4277 5056 5447
4 3683 5119 4244 5532
4 4408 4660 4084 4733
4 3748 4041 4900 5310
4 1972 4219 4916 4917
4 2004 834 2003 4851
4 3742 5072 1669 5304
4 2964 4249 3103 5226
4 2302 3801 4501 5443
4 4133 4842 833 4947
4 2192 4156 2191 4270
4 4087 4985 5217 5397
4 723 808 2045 5029
4 1581 1151 4122 5199
4 3886 5310 4292 5411
4 790 4120 791 4929
4 3688 4553 4060 5272
4 4004 3803 4930 5098
4 2793 2791 2573 4995
4 4016 4720 5176 5581
4 4263 5197 4652 5398
4 171 694 3640 5477
4 3216 487 480 4399
4 1862 1493 1763 4369
4 4036 4182 3772 5266
4 4289 4725 3766 4826
4 4022 5039 4599 5295
4 3706 4306 4888 5129
4 2542 3896 2741 5181
4 3958 5126 4610 5483
4 1587 1514 1513 5129
4 3735 4887 4262 5512
4 3455 3454 3452 5154
4 3454 3455 3453 5154
4 3955 4355 3781 4906
4 3686 4231 4518 5510
4 2969 2967 2971 4792
4 3690 4615 4070 4940
4 2082 4559 2081 4644
4 4079 4999 4241 5566
4 4024 4429 2305 5392
4 2985 4232 2984 4996
4 4099 4572 147 4729
4 2472 2471 4720 5412
4 3821 4240 4737 5037
4 3847 4613 4293 5079
4 2794 2613 4639 4721
4 1292 1644 1309 4335
4 3938 4570 4074 5125
4 2584 4294 2586 5075
4 3746 4004 5089 5375
4 2654 2200 2759 5485
4 3916 4676 4508 5449
4 3939 3826 4530 4665
4 3121 4023 3117 5146
4 2517 5043 2518 5256
4 95 4199 582 4440
4 4176 4841 3794 5186
4 1134 860 1979 5363
4 1725 1378 1804 4974
4 4002 4737 4476 5511
4 2056 4408 2838 5473
4 3801 4850 2302 5545
4 2415 4323 4855 5041
4 4056 5131 3695 5296
4 3131 2988 5005 5582
4 583 3901 4231 4440
4 2928 1127 3000 5601
4 505 45 3251 4336
4 3804 4121 2391 4593
4 3846 4309 4926 5570
4 3798 4549 4006 5003
4 3722 4522 4167 5360
4 3110 2962 2024 4502
4 2283 2692 2661 4071
4 3959 3876 5090 5284
4 41 4521 504 5106
4 4452 5350 4641 5579
4 2483 2841 2060 4061
4 1987 5472 1800 5533
4 505 4565 4014 5367
4 1603 4280 1597 5486
4 2300 2537 4284 4999
4 4209 5310 3748 5518
4 3560 662 3561 4331
4 4194 5204 4693 5574
4 4525 4877 3809 5142
4 1787 4124 1786 5393
4 3876 4117 3833 4674
4 2860 5071 4738 5222
4 2162 2161 4331 5514
4 15 4240 461 4735
4 2563 2372 2562 5177
4 3916 4508 4204 5449
4 2090 2089 4599 5501
4 4213 3921 4480 5015
4 917 4063 759 5144
4 179 4320 3930 4854
4 476 25 4314 4799
4 4359 4497 4009 4643
4 4073 4755 5459 5572
4 1521 4905 1525 4963
4 4595 4842 913 5099
4 4308 4742 4632 5111
4 2529 2572 2573 4614
4 1412 4693 1824 5258
4 2337 5292 4217 5354
4 2266 3862 4443 4822
4 2451 4296 2412 4920
4 825 3969 822 5213
4 4233 4602 3845 4646
4 2002 1126 1933 4753
4 124 624 4627 5335
4 3867 4893 4236 5313
4 3600 3597 3598 5181
4 3964 3738 4456 4484
4 4515 5349 5176 5581
4 1961 1781 4113 5481
4 4484 4775 4013 4900
4 74 3355 550 5351
4 1899 1555 1485 5094
4 4133 3850 4892 5383
4 3528 133 637 5289
4 3705 4950 4709 5405
4 4931 5132 3980 5490
4 2723 4390 2683 5383
4 1017 970 4878 5244
4 2258 2257 2256 4015
4 3813 4631 4271 5270
4 3690 4015 3898 4621
4 2913 4361 2837 5191
4 3739 4000 4289 4828
4 998 1024 984 5577
4 869 4929 4029 5363
4 2536 2300 2537 4284
4 3779 5155 4816 5371
4 1724 1725 1727 4564
4 3845 4825 4233 5050
4 1526 4435 4989 5062
4 938 4407 786 4947
4 2315 4104 3854 4582
4 3121 3117 2944 5146
4 1596 1943 1597 4173
4 4087 4985 4438 5217
4 3935 5040 4454 5538
4 1271 4553 1594 5399
4 4191 4612 4296 5517
4 2830 4286 950 5133
4 1432 1489 4665 5395
4 4232 3927 5420 5423
4 1478 4359 1470 4797
4 3791 4646 4258 5042
4 1959 3765 1839 5179
4 1491 4480 4823 5188
4 4228 5059 4081 5324
4 4524 4698 3847 5079
4 3928 4942 4096 5006
4 2809 2810 2509 4106
4 960 961 956 4361
4 3873 4184 3707 5411
4 804 924 803 4246
4 17 4350 4003 5044
4 4001 4692 4393 5012
4 12 4373 3133 4863
4 1422 1424 1486 4318
4 3795 4944 4390 5275
4 914 878 4819 5287
4 4497 4535 68 4643
4 3991 167 4483 5560
4 892 805 2063 4354
4 35 4351 4090 5319
4 3906 4017 5168 5491
4 3929 4769 4276 5196
4 3411 582 94 4440
4 3938 4074 4604 5125
4 3717 4797 5114 5325
4 1341 4523 1340 5087
4 2756 2580 2736 4167
4 3750 4116 4518 5510
4 1946 2939 3059 4469
4 1454 1453 4803 5185
4 3757 4888 4017 5104
4 1526 4989 1527 5062
4 3237 3240 3239 5451
4 1178 4804 1586 4932
4 3731 4198 4972 5221
4 1704 5446 1701 5507
4 4111 5122 4179 5527
4 3850 4613 4407 5494
4 1930 4629 985 5523
4 3891 2593 4402 5406
4 2001 1571 1140 4851
4 2397 4951 3798 5003
4 1524 4409 1992 5035
4 3990 4376 571 4381
4 3889 4624 4350 4980
4 4590 5256 2168 5514
4 4554 4971 4664 5002
4 581 4634 4327 5049
4 4607 5373 5231 5588
4 3071 2959 1130 4567
4 3871 4698 4524 5239
4 4213 4480 4416 5015
4 172 4264 4196 5224
4 1641 2011 1636 4236
4 3840 5297 4323 5595
4 4715 5066 4185 5584
4 155 4444 4126 4664
4 2172 2168 4590 5256
4 1368 1369 1402 4319
4 491 4351 4004 4357
4 4062 5248 821 5308
4 4175 4805 1249 5532
4 1054 1101 1091 4259
4 2156 2160 2276 4821
4 1695 1951 1164 4469
4 30 4115 2234 5120
4 3944 4598 4164 5385
4 4000 5376 4278 5549
4 4065 4616 4551 5405
4 3228 4330 2218 4754
4 3512 637 133 5323
4 3632 169 696 4234
4 547 3335 4269 4497
4 2172 2517 2518 5256
4 3943 5314 4294 5483
4 1744 4508 1350 5449
4 2883 2027 2885 5478
4 3069 2992 3073 4311
4 4179 5122 4111 5445
4 1972 1675 1145 4219
4 2266 2267 2265 4527
4 12 3158 456 5080
4 4142 4749 3784 5277
4 2127 2649 3797 5139
4 2442 4401 18 4853
4 2253 2252 2254 4571
4 5203 5418 4066 5518
4 2411 4612 4191 5517
4 1545 1553 1551 4457
4 4212 3828 4786 5110
4 3741 4216 4170 4933
4 2677 2763 2766 4177
4 4852 5184 3927 5198
4 2746 4255 2749 5456
4 3708 4284 3890 5337
4 4047 5405 5002 5570
4 548 4272 72 4796
4 81 4273 4036 4961
4 2560 2559 4290 4678
4 3731 4523 4172 4921
4 1964 1129 1662 4288
4 2483 4061 2060 5312
4 2527 4135 2652 4533
4 1505 1506 4888 5359
4 3836 3956 5007 5526
4 3785 4592 5251 5420
4 3514 633 128 2350
4 2362 3986 2551 5505
4 553 3360 77 4443
4 4191 3764 5036 5482
4 5075 5314 3943 5423
4 3688 3998 4344 4553
4 2600 2598 4767 4841
4 4062 4093 3761 4671
4 4278 5376 3766 5549
4 3742 4512 4225 5387
4 3896 4494 4878 5347
4 1071 4965 1120 5211
4 4201 4345 3786 4836
4 4210 3692 4673 4891
4 2314 2224 2222 5261
4 4672 4697 3855 4992
4 75 557 4027 4702
4 3684 4686 4318 5141
4 4367 5096 2050 5145
4 4003 3729 5249 5311
4 770 901 763 4715
4 517 3291 53 5187
4 3843 3749 4538 5039
4 1670 4934 1537 5024
4 3358 75 4027 4453
4 2332 3978 4384 5516
4 2790 4275 2651 5350
4 4320 3930 4854 5479
4 3732 4812 4161 5438
4 4007 4837 3826 4903
4 3873 4591 3810 5279
4 522 4789 54 5187
4 1858 4416 1754 4837
4 3735 5075 4579 5423
4 3573 3571 3572 5461
4 4320 4734 3930 5479
4 2613 4100 4639 4721
4 4406 4993 3086 5327
4 4537 4964 4298 5107
4 1989 1547 4513 5472
4 2301 4137 2704 5011
4 1301 1220 1222 4312
4 1220 4312 1301 5232
4 3297 3300 4239 4670
4 1630 4888 1590 5399
4 1292 1415 1644 4335
4 4393 4879 2574 5029
4 3984 4801 4505 4953
4 3439 3438 597 4360
4 1240 1242 1276 4179
4 3768 5137 3988 5235
4 3783 4312 3990 5274
4 3711 5180 4176 5186
4 920 818 816 5176
4 2270 2546 2458 4616
4 4029 3894 4946 5363
4 3698 5391 4172 5403
4 2683 4133 4892 5383
4 4069 3764 5168 5482
4 3729 4086 4768 5249
4 2156 3843 4690 4821
4 811 742 2027 5478
4 4876 4946 3894 5329
4 4249 4792 4771 5453
4 1005 4361 943 5223
4 898 171 858 4037
4 2536 4284 2538 5009
4 3309 4374 60 5278
4 1458 1456 1457 4631
4 2125 2149 4046 4432
4 2192 2190 2191 4156
4 2315 2544 2743 3854
4 3761 4062 5213 5530
4 1287 1909 1671 4202
4 625 4424 124 5550
4 171 695 4434 4876
4 4152 4862 3996 5083
4 4338 5273 3820 5417
4 1299 4209 1282 5448
4 1879 1650 4618 5444
4 183 4127 714 4835
4 1098 3098 3110 4502
4 53 4193 2694 4681
4 3789 4995 4077 5038
4 1688 4148 4824 5005
4 747 807 935 4219
4 5144 5194 4063 5524
4 2137 2135 2136 4719
4 3599 157 673 4341
4 1010 4700 1032 5469
4 939 775 4519 4723
4 4048 4637 3877 4773
4 3869 4724 4221 4967
4 3708 4999 4241 5260
4 3686 4590 3901 5008
4 669 154 3581 5048
4 3970 5135 3703 5377
4 1834 1724 1727 4415
4 3793 5164 4915 5599
4 1658 4152 1125 5546
4 2237 4115 2236 4260
4 4078 3804 4889 5354
4 4323 5297 4181 5595
4 988 5133 4237 5317
4 4143 4989 4477 5468
4 3906 4817 4191 5168
4 3429 3430 3431 5499
4 2778 4551 4154 4608
4 3714 4201 4514 5062
4 4545 4737 4240 5037
4 1799 4679 1429 5472
4 3933 4655 4365 4942
4 4053 4656 3755 5298
4 3708 3890 4284 4999
4 747 4219 935 4916
4 3762 4364 4196 4752
4 3086 4406 3122 4993
4 1700 4160 1698 4910
4 1600 4807 1139 5306
4 1751 1302 1888 5119
4 501 3247 2715 4773
4 3817 4126 3962 5304
4 3779 4816 4517 5371
4 3782 4451 4316 5244
4 960 2876 2923 4361
4 2112 4531 2113 5586
4 1049 1115 2024 4502
4 1403 4537 4146 5450
4 3589 677 155 5172
4 3960 4586 5066 5584
4 4295 4583 4054 5564
4 4085 5184 2993 5571
4 828 4127 4062 5308
4 4271 4631 4083 5270
4 137 4432 644 5421
4 3901 4064 4472 5510
4 4018 4056 5296 5462
4 982 1016 4286 4982
4 3968 4746 3776 4990
4 3881 4357 3977 4949
4 3406 3404 3407 4325
4 3146 3095 4756 5093
4 4116 4472 3750 4744
4 3131 5005 2988 5085
4 3435 103 4674 5598
4 2916 1088 2050 5207
4 12 3039 4373 4750
4 91 575 3389 5534
4 3143 2993 5184 5571
4 3686 5008 4628 5418
4 2555 4314 2556 4400
4 3924 4077 5125 5302
4 3681 4369 4985 5551
4 3681 4985 5397 5551
4 2140 4481 2667 5110
4 3042 4201 4867 5333
4 953 2834 2049 5466
4 127 629 3496 5379
4 2746 2543 2749 5108
4 2127 3797 2149 4432
4 3720 5292 4498 5354
4 571 4376 3990 5358
4 3694 4598 4366 5010
4 2389 4955 2581 5516
4 3728 4429 4235 5542
4 1669 1840 1645 5072
4 1661 1662 1961 5156
4 3789 3721 4995 5038
4 3942 4843 4455 5403
4 3930 4030 707 4838
4 3786 4345 4201 4904
4 3228 2218 2186 4754
4 3762 4196 3904 5224
4 4308 4632 3790 5111
4 1316 4960 3760 5282
4 3724 4786 4481 5557
4 1547 1429 4513 5472
4 1352 4979 4204 5449
4 4261 4978 3787 5134
4 3859 4000 4643 5325
4 4339 4548 3971 5115
4 3091 3895 4373 4750
4 646 139 4078 5429
4 2527 2652 2572 4533
4 3721 4614 5040 5574
4 3966 4070 4998 5433
4 3962 5304 5281 5558
4 2856 3173 14 2554
4 4543 5044 3868 5311
4 1398 1468 1399 4189
4 2985 2986 4852 5198
4 2808 4401 2807 4645
4 823 4153 871 5308
4 4317 4605 3793 4968
4 3822 4902 3997 5088
4 4095 4780 4519 5309
4 1231 1229 1892 4220
4 3721 4693 4118 5574
4 1976 4425 2013 4893
4 646 4593 139 5429
4 2136 2138 2137 4719
4 1337 4277 1336 4984
4 49 512 5052 5316
4 1191 1192 1193 4757
4 779 4524 2864 5356
4 842 920 749 4720
4 823 821 5248 5308
4 3957 5152 4733 5193
4 3929 4276 4988 5370
4 3939 4132 5078 5218
4 1303 1199 1752 5092
4 706 3930 3649 4838
4 4217 4810 2337 5540
4 1240 1238 4348 5527
4 1438 1492 4439 4945
4 2339 2423 2679 4264
4 3851 3699 4355 5456
4 2977 4550 5014 5278
4 3817 3962 4861 5304
4 3782 3896 4427 5347
4 59 527 3294 5401
4 3262 3264 3263 5583
4 2239 2664 2237 4788
4 179 3930 4320 4395
4 1426 3744 5305 5365
4 1860 4480 5015 5395
4 1957 1839 3765 5046
4 4662 4842 4133 4991
4 2151 144 4166 4827
4 3762 4196 4120 4752
4 2395 2550 4383 4923
4 3086 3150 4406 5327
4 3953 4839 4663 5121
4 606 4080 111 4895
4 1100 1084 4421 5467
4 1424 4588 4318 5305
4 884 802 932 5478
4 3796 83 4500 4623
4 4011 5514 4590 5591
4 2244 4455 2246 4843
4 3732 4812 4067 5440
4 988 948 5133 5317
4 1223 1755 1225 4244
4 147 665 3573 4099
4 951 2832 2834 5466
4 3075 1965 2947 4345
4 4138 4499 3725 5195
4 1888 1719 1721 4997
4 3746 5089 1263 5375
4 1714 1250 4758 5010
4 1560 1391 1833 4532
4 3334 3335 4497 4864
4 1434 1432 1433 4823
4 3935 4783 4174 5425
4 2411 4296 4612 5517
4 880 726 833 4133
4 3872 4833 4129 5147
4 4056 4968 4317 5462
4 4350 4624 4003 4884
4 796 5339 4157 5567
4 4188 3940 4641 5579
4 749 2052 2904 4720
4 3826 4665 3939 4903
4 539 3316 67 5415
4 3736 4574 4575 5035
4 3339 4397 2732 4969
4 2854 3866 4762 5265
4 910 915 787 4288
4 1371 4142 1416 5419
4 3715 3879 4208 5116
4 3529 642 134 4510
4 3687 5134 4179 5431
4 3952 4137 3801 5047
4 1745 4380 4677 5338
4 3915 4298 4537 4964
4 2338 5292 2337 5354
4 2710 4504 2109 5586
4 3840 4040 4842 4844
4 4128 4870 4829 5428
4 3628 693 3626 5353
4 1402 1403 1837 4537
4 3134 3029 4418 5214
4 1685 1683 1786 5301
4 31 4162 485 5247
4 1877 4709 1558 5594
4 108 4666 3998 5169
4 3804 4718 4078 4889
4 1511 4668 1512 5464
4 3314 61 529 5426
4 1105 1061 1055 4768
4 4166 4199 3841 4440
4 3903 5095 4441 5563
4 4006 4549 3798 4589
4 2649 4601 3797 5139
4 3898 5246 2279 5556
4 3119 3043 3149 5222
4 879 807 4946 5329
4 1007 4254 991 5408
4 4240 4859 4035 5492
4 3419 3418 3416 4135
4 3690 4615 5291 5307
4 574 91 4212 4327
4 696 169 4087 5342
4 4261 4634 3787 4978
4 1861 1796 1864 4774
4 2228 4214 3973 5522
4 2901 2448 4478 5412
4 1017 4878 4494 5244
4 1672 1629 4194 5368
4 2074 2813 2822 4890
4 3788 3887 4935 5154
4 3690 4092 5291 5544
4 719 1981 4880 4929
4 183 4640 4127 5213
4 3769 4926 4478 5566
4 3974 4700 4423 5298
4 3945 4914 4466 5024
4 2575 4393 2574 5029
4 4188 4621 3773 5291
4 1438 1440 1492 4945
4 1777 1863 1492 4945
4 150 2180 2190 4794
4 3703 4271 4119 4973
4 44 4375 4014 5106
4 4284 5009 3890 5337
4 1231 5067 4220 5366
4 2936 3025 3026 5498
4 829 5287 4154 5308
4 4281 4447 3915 4976
4 1503 4475 1606 5359
4 813 752 819 4425
4 3678 4751 4073 5112
4 3964 5203 3748 5216
4 4140 4457 4139 5441
4 4416 4480 4213 5395
4 1485 5254 4536 5569
4 552 73 3357 4453
4 4313 4399 3972 5245
4 4124 4922 1786 5393
4 3715 4654 4098 4909
4 3069 2992 4311 4852
4 17 3179 464 4350
4 468 3180 3179 4350
4 3972 4651 3908 5205
4 667 151 5158 5461
4 4091 4954 3820 5592
4 696 4087 169 4573
4 2346 5280 2387 5289
4 3754 4326 4244 4562
4 4013 4484 3738 4742
4 3769 4065 4971 5570
4 1680 1679 1856 4658
4 3821 4240 4035 5492
4 4219 4917 1675 4938
4 481 4402 28 5396
4 1733 4939 4547 5370
4 129 3970 4566 5268
4 4131 4375 3836 5367
4 1350 1409 1348 4508
4 3036 4863 3037 5209
4 938 929 786 4407
4 1663 1472 4795 5156
4 944 983 973 5546
4 4244 4805 5455 5532
4 148 660 3570 4456
4 67 4068 4591 4864
4 2967 2968 4725 4826
4 1725 4564 1724 4974
4 505 4336 4014 4565
4 882 776 4723 5312
4 4296 4645 3767 4920
4 4461 5333 3034 5489
4 1989 1547 1664 4513
4 4032 4655 3745 4882
4 1702 1704 1701 5507
4 778 732 1944 4519
4 2049 2741 2542 4377
4 2472 5412 4720 5474
4 4191 5168 4817 5588
4 3670 715 3669 4835
4 2338 2337 2336 5354
4 68 4278 540 4497
4 1992 1149 1841 5109
4 3844 4203 3745 4913
4 552 4200 73 4453
4 2308 4188 2645 5597
4 2508 2164 2184 4949
4 3821 4737 4240 5179
4 892 923 805 4354
4 3945 3868 4914 5024
4 4232 5420 4579 5423
4 3782 4878 4494 5347
4 1362 1363 5055 5369
4 2279 4621 2660 5246
4 2691 4232 4579 5075
4 1844 4197 4683 5520
4 1388 1649 4989 5521
4 4478 4926 4241 5566
4 3733 4509 5543 5589
4 1212 1213 4598 5033
4 3686 5008 3901 5510
4 766 2817 746 3917
4 4191 4817 2410 5517
4 1053 4408 1052 5502
4 4343 4780 3716 5309
4 4160 4391 3794 4910
4 1661 4113 4803 5156
4 150 3569 2180 4794
4 746 766 274 2817
4 1030 4423 997 5466
4 4008 4568 3820 5592
4 2971 4792 3103 5453
4 3745 4299 4203 4627
4 2973 1915 2942 5453
4 3713 4556 3895 4737
4 979 4059 5457 5523
4 3041 3034 5333 5489
4 689 167 4132 5218
4 2711 2735 2580 3983
4 2170 2177 32 2185
4 3760 4960 1316 5254
4 3678 4751 4454 5425
4 3788 4935 4049 5154
4 4089 4115 486 5587
4 2245 4511 2243 4843
4 3806 4993 4406 5173
4 465 3175 3177 4853
4 4367 4909 1059 5442
4 2255 2601 54 2257
4 1259 1246 1247 5021
4 2990 3120 2991 5198
4 773 775 4723 5580
4 3722 4426 4142 5182
4 4076 4885 4389 5058
4 3362 76 559 5476
4 3812 4758 4495 5434
4 1854 4588 1762 4915
4 3730 4265 4844 5147
4 3918 4766 4078 5409
4 3933 123 4942 5553
4 4129 4343 5297 5309
4 3737 4399 4313 5245
4 990 4785 989 5170
4 3100 2926 942 5408
4 3038 3035 4373 5046
4 3134 3031 3029 5214
4 3943 4294 4610 5483
4 915 910 724 4288
4 4035 4506 3821 5492
4 3743 4954 4091 5592
4 833 4662 874 4842
4 2228 3973 4849 5522
4 2762 2634 2167 4801
4 1147 985 978 5523
4 533 4906 4374 5161
4 1632 4168 1609 5422
4 1433 1808 5220 5346
4 3884 4353 4186 4925
4 3712 4280 4279 5028
4 756 764 754 4421
4 2243 4014 2242 4843
4 4212 4786 4481 5110
4 754 905 2021 4421
4 3217 3218 487 5120
4 4347 1879 5430 5444
4 3864 2607 4831 5426
4 1906 1630 1590 5399
4 3758 3971 4445 5497
4 3781 4964 4235 5032
4 4276 4988 3944 5385
4 1630 4888 1509 5129
4 3086 3150 3122 4406
4 1418 1371 1646 4492
4 4083 4547 3820 5270
4 1335 4984 4781 5245
4 1759 1698 1924 4160
4 1817 1818 1816 5063
4 2933 3122 3057 4406
4 1882 4751 1631 4755
4 2244 2643 2246 4455
4 2423 2679 4264 5076
4 1064 4832 4442 5190
4 3829 5141 3684 5352
4 4253 4416 3826 4837
4 2171 3900 4666 5257
4 3956 4277 5087 5233
4 1368 1369 4319 5022
4 564 81 3380 4449
4 1153 1973 1564 4503
4 3824 4330 3968 4746
4 2842 3023 2044 4346
4 1087 1117 1107 5441
4 68 4643 3859 4969
4 4053 4409 4905 5298
4 637 5289 4108 5323
4 3692 4302 4513 4891
4 1303 1752 4776 5092
4 933 921 796 5567
4 4229 5174 3733 5524
4 1783 1953 1823 4894
4 4098 4654 3715 4956
4 2254 2660 2256 4621
4 3729 5152 4259 5264
4 3914 3681 4544 5280
4 5016 5117 4307 5383
4 2697 5361 2596 5413
4 1627 1626 1628 4454
4 2516 2517 2172 4590
4 3962 4463 5281 5304
4 3990 4312 4558 5358
4 4015 4272 2257 4789
4 139 4078 3918 4766
4 4009 4680 3704 4687
4 180 4701 5068 5277
4 1481 1482 1480 5520
4 4938 4946 3894 5363
4 3806 5381 4993 5561
4 4305 4454 3678 4751
4 3915 4281 4024 5126
4 3902 5160 4471 5352
4 1347 1349 1348 4389
4 3685 3918 4326 5435
4 4271 4973 3703 5149
4 1368 4319 1402 5568
4 2918 2507 2048 4128
4 766 2039 2817 3917
4 3919 4189 4987 5349
4 4180 3879 5145 5465
4 3704 4482 3864 4687
4 770 899 4185 4715
4 3864 4482 4252 4687
4 655 4385 3547 4809
4 2241 4336 4014 5361
4 2731 2745 2533 5095
4 2817 766 274 2039
4 1412 1735 5320 5535
4 1869 4712 4276 5370
4 2114 2112 2653 4310
4 1434 1435 1436 4823
4 4664 4971 3897 5208
4 880 868 726 4892
4 4269 4532 3885 4960
4 2837 2913 2876 4361
4 870 884 5057 5165
4 3744 4915 4075 5599
4 3479 617 3478 4091
4 1971 1040 1074 5211
4 3908 5137 4788 5235
4 2573 2572 2793 4614
4 3730 4265 4390 4844
4 4293 4892 862 5494
4 15 4735 4283 5037
4 3784 5088 4318 5141
4 1397 5022 4262 5212
4 2749 4255 2543 5331
4 2767 2768 4108 4948
4 3840 4842 4662 4991
4 2336 2335 2334 4446
4 3829 4522 4178 5360
4 1000 1025 963 4893
4 2840 3068 2842 4346
4 939 778 777 4519
4 2777 4551 2778 4608
4 3940 4677 4204 5019
4 20 3180 4980 5000
4 4522 4701 4178 5277
4 2207 2676 2189 4554
4 2088 2086 2087 4387
4 838 4819 876 5581
4 4240 4737 3895 5179
4 4233 5042 4646 5050
4 144 3561 2158 4908
4 3875 5173 3806 5507
4 4048 4637 4190 4994
4 3502 3503 631 4627
4 1063 5025 4832 5190
4 1637 1639 4159 5313
4 670 3589 155 5290
4 2086 4387 2088 5136
4 1912 1991 1705 4464
4 3865 4572 3687 4633
4 839 4378 2040 4608
4 2651 4275 3892 5350
4 1340 5007 1338 5087
4 3977 4357 4090 4821
4 1860 5015 1859 5395
4 4147 4412 3835 4911
4 181 4178 2319 4653
4 3847 4293 4613 5117
4 1349 4676 1351 5449
4 3715 4367 3879 5465
4 1769 1842 1843 4775
4 2161 4331 3837 4908
4 1357 4322 1355 4873
4 3972 4651 4297 5137
4 545 67 3328 5576
4 1930 985 1147 5523
4 909 751 765 4890
4 4084 5152 4733 5427
4 2023 1171 1976 4425
4 1456 1454 1455 4631
4 719 790 791 4929
4 3858 4217 4446 5540
4 3019 4793 4667 5241
4 4475 4829 4017 5491
4 1793 4406 4648 5507
4 1991 4464 3066 5381
4 4036 4639 3839 4721
4 4760 4912 3949 5279
4 3283 519 3284 4372
4 3573 659 4099 4238
4 3390 573 3391 5529
4 4523 5007 3956 5526
4 4156 4270 2192 5554
4 5085 5198 4232 5423
4 2509 2809 4106 4685
4 3675 4185 4804 5584
4 3113 3123 2969 5199
4 2826 622 3917 4896
4 950 4286 1016 5133
4 1757 4576 1274 4774
4 3083 3030 3031 5364
4 1513 4607 1632 5422
4 4012 4574 4019 4642
4 2785 2650 2789 5246
4 3771 4520 4694 5457
4 1535 1533 1536 5024
4 2506 4069 2407 4870
4 3675 4080 3928 4943
4 3739 4792 4289 5549
4 3917 4230 766 4896
4 4162 4486 4112 5258
4 2243 4511 4014 4843
4 3769 4241 4926 5566
4 1896 1402 4744 5568
4 4056 5067 4317 5404
4 3737 4486 4162 5258
4 2367 4855 3946 5041
4 3939 3826 4224 4530
4 3731 5221 4169 5361
4 3786 4514 4201 4836
4 4632 4794 4729 5461
4 829 4154 845 5293
4 3818 4370 4952 5242
4 1828 1423 1421 5088
4 886 4425 716 5562
4 2523 2525 2524 4136
4 4391 5600 1939 5601
4 2145 2143 3865 4199
4 4300 4899 3889 5163
4 1730 1900 1897 5150
4 1639 2005 1637 4159
4 3906 5168 4069 5491
4 1368 5022 4319 5167
4 59 4024 4281 4689
4 1128 1986 848 5564
4 1238 1237 1239 4348
4 568 3386 3387 5355
4 4369 1444 4691 4985
4 140 4385 655 4809
4 504 3250 3249 5378
4 1317 1373 1316 5569
4 4133 4844 4040 4947
4 4326 4430 3754 4576
4 2685 2621 2309 5195
4 3687 5017 4221 5431
4 3427 594 3424 4542
4 758 762 761 5144
4 92 4064 3901 5043
4 1906 4888 1630 5399
4 1068 1067 1064 5190
4 4232 5075 3943 5423
4 4668 4958 3767 5495
4 1265 3743 5064 5592
4 3965 4872 4220 4959
4 3074 2814 2955 4329
4 940 885 4320 4734
4 2993 3143 3150 5571
4 3673 4990 4716 5468
4 2626 3779 4516 5351
4 1289 4534 4308 5281
4 2387 2767 4108 5280
4 2855 862 2858 4892
4 2727 2898 2547 3848
4 2302 4501 2796 5443
4 2128 4404 141 5485
4 2881 702 836 4125
4 4039 4788 4228 5324
4 1287 4202 1671 5294
4 153 4328 4104 5103
4 3894 3718 4876 5329
4 134 4393 2574 4510
4 3102 2925 3099 4660
4 4081 3818 4918 5221
4 2158 662 149 4331
4 4002 4992 4672 5511
4 3789 4112 4162 4486
4 13 4762 457 5265
4 3686 4736 3837 5203
4 4978 5150 3981 5463
4 4338 4957 4008 5132
4 3939 4224 3826 4903
4 3918 4718 4326 5435
4 3728 4235 4429 4964
4 1642 2007 4304 5109
4 2678 2789 4088 5246
4 40 3252 2238 5378
4 71 4397 4535 4760
4 2610 2781 4117 4542
4 3707 4865 4209 5091
4 3711 5058 4160 5186
4 2028 2825 3050 5237
4 732 939 937 4519
4 75 4702 4027 5433
4 3912 4235 4964 5032
4 2289 2225 2553 4283
4 822 4743 3969 5200
4 1017 968 1027 4878
4 3769 4189 4926 5260
4 1941 1516 1583 4780
4 42 2703 4392 4773
4 150 2190 4582 4794
4 1466 4343 1467 5300
4 3981 4978 3750 5150
4 1339 1764 1385 4814
4 3022 4026 4793 5241
4 3985 4937 4173 5543
4 3707 5091 4209 5310
4 2279 2678 4796 5556
4 744 273 766 2039
4 504 4521 44 5106
4 3976 5031 5543 5589
4 1711 1713 1717 4366
4 171 936 4029 4876
4 862 781 739 4293
4 2657 4488 3918 4766
4 3784 4749 3997 5068
4 3706 4607 5231 5588
4 744 865 272 2828
4 3526 3527 643 5289
4 4116 5008 4628 5510
4 4409 5035 4905 5298
4 2551 4764 3986 4840
4 4060 4858 4411 5039
4 2202 2123 2655 4082
4 1397 1825 5022 5212
4 3944 4712 4276 5077
4 2722 4328 3814 4941
4 3726 4931 4504 5490
4 2863 2069 4149 5222
4 3404 576 89 4325
4 3934 5539 4369 5551
4 3640 898 741 701
4 2810 2808 3808 4479
4 3307 526 58 4420
4 5234 5297 4095 5309
4 3703 5135 4266 5377
4 4081 5221 4228 5324
4 1028 982 4286 5230
4 2750 4478 2299 4971
4 707 4395 3997 5416
4 3730 3795 4696 5149
4 2341 4264 3770 4606
4 1700 4391 4910 5600
4 3824 4990 3673 5098
4 57 4374 4023 5161
4 554 3349 72 2261
4 3639 3638 699 5477
4 4867 5222 3040 5489
4 2395 2364 2550 4923
4 3017 3104 3129 4422
4 1559 1847 1390 4207
4 2299 4971 4478 5566
4 796 933 4157 5057
4 3869 4238 4552 5021
4 2068 2778 2898 5293
4 3091 3038 4373 5046
4 3910 4989 4477 5521
4 1943 1597 4173 5486
4 3568 3569 3566 4223
4 626 125 2511 4424
4 513 48 2706 3270
4 2118 3796 2634 4500
4 1893 1802 1303 4776
4 1030 976 4423 4700
4 4409 4700 1009 5469
4 3730 5149 4145 5275
4 4696 4840 3795 4944
4 982 1016 1028 4286
4 2416 2367 3946 5041
4 2431 4300 4441 5563
4 3733 4549 4006 5031
4 474 23 4106 5322
4 4120 4880 4752 4929
4 4132 4302 3744 5365
4 4442 4958 3883 5330
4 2410 2411 4191 5517
4 1149 4409 999 5109
4 2901 4378 2471 5412
4 3228 3225 493 4330
4 2169 4580 5108 5514
4 3837 5203 4580 5514
4 1328 1326 4739 5204
4 4153 4709 4379 5189
4 3792 4470 4160 5180
4 2869 2870 2466 4418
4 999 1149 1934 4409
4 2418 126 2841 4611
4 1423 4318 1422 5088
4 4505 4623 3926 4811
4 2339 2679 2337 5292
4 2039 744 273 2828
4 2564 3991 2327 4483
4 2558 4491 2420 5113
4 1944 1583 1947 4519
4 879 4946 4876 5329
4 3964 4484 4013 4900
4 3996 4694 4152 5083
4 3933 4932 4185 5100
4 839 875 720 4378
4 3982 5160 3902 5515
4 3305 533 59 4906
4 1077 1076 4280 5118
4 3954 5168 5036 5588
4 1242 4179 1240 5134
4 4785 4828 4254 5317
4 1654 4737 1657 5179
4 3766 4725 4321 4826
4 2541 4494 4427 5009
4 781 4293 862 5494
4 4289 5376 4000 5549
4 4051 4824 4626 5314
4 868 862 2855 4892
4 2449 2325 2564 3991
4 4086 5249 3729 5311
4 2481 4725 2051 5376
4 2132 2134 2133 4730
4 3763 4857 4023 5161
4 2235 2236 2237 4115
4 4171 4711 2709 5372
4 4632 4742 3738 5111
4 3882 5112 4635 5261
4 4161 4657 3732 5438
4 552 4257 4200 4759
4 3982 4636 3902 5160
4 4102 4965 3995 5211
4 4317 5067 4056 5462
4 4206 4712 3944 5033
4 11 4489 4413 4859
4 477 3200 24 2592
4 1742 1471 4438 4938
4 1553 2002 1933 4140
4 1207 4727 4414 5380
4 32 4784 2177 5219
4 4481 5110 3932 5160
4 3808 4401 19 4479
4 1433 1435 4823 5220
4 2421 2425 2424 4703
4 988 1002 989 4982
4 1892 1231 4220 5366
4 3687 4179 5017 5431
4 44 4014 4375 5367
4 1178 1177 4804 4932
4 796 921 5339 5567
4 129 4566 3970 5135
4 3790 4632 4099 5111
4 3552 654 142 5485
4 998 2831 4290 5577
4 2991 2986 2990 5198
4 570 3385 87 5602
4 3856 5141 4318 5416
4 3763 4281 4857 5161
4 2289 4283 2553 5343
4 53 2604 2694 4620
4 3783 4123 4953 5232
4 1755 4244 1223 5119
4 3687 4552 3869 4572
4 3784 4749 5068 5277
4 1511 1904 4396 4682
4 4209 5091 4041 5310
4 4293 3847 5079 5356
4 3122 4406 2933 5381
4 3922 4993 4406 5327
4 1376 4858 4625 4966
4 4454 5040 4194 5538
4 2197 4330 3824 4754
4 1569 2002 4396 4753
4 2279 4796 3898 5556
4 1635 1841 1642 4575
4 540 3321 3320 4278
4 2486 2077 122 5006
4 4213 4394 143 4936
4 2360 2358 4840 4944
4 3960 4986 4229 5144
4 4443 4458 3862 5512
4 3964 3748 4900 5216
4 2193 2213 2198 4770
4 1331 1330 5061 5258
4 1684 4626 4824 5212
4 1175 1176 1177 4185
4 2019 1603 1154 5486
4 4053 4905 4656 5298
4 4455 4843 3942 5458
4 1990 1137 1665 4673
4 1261 4285 1262 5082
4 2060 272 865 2828
4 720 4378 931 4720
4 1250 1213 1211 5010
4 144 2151 4166 4908
4 1355 4322 1356 4979
4 3829 4569 5141 5352
4 3782 5009 4494 5244
4 1118 4367 1108 5096
4 3675 4450 4080 5407
4 4316 5244 1013 5414
4 3285 3994 515 4600
4 1847 1481 1691 4539
4 4056 4303 5541 5557
4 2580 4167 2756 5360
4 1150 1576 1575 4654
4 1025 964 963 4451
4 4058 3845 4646 5050
4 1720 1718 1894 4332
4 1725 1730 1728 4564
4 4054 4171 5057 5348
4 14 2856 3162 460
4 4738 5071 3880 5222
4 77 2261 554 4257
4 2829 2607 2478 4321
4 3732 3809 4812 5438
4 2393 2663 4544 5280
4 3783 5232 4312 5274
4 2676 4554 2457 4971
4 2559 2831 4290 5073
4 2253 2254 4372 4571
4 79 4702 4251 5386
4 1154 1085 2019 5486
4 172 697 4264 5224
4 485 4162 31 4669
4 3204 482 3205 4402
4 3914 4692 4170 5289
4 2768 2701 4108 5323
4 17 3945 4914 4980
4 3637 3640 741 701
4 3883 4612 4151 4832
4 2596 5361 4511 5413
4 1291 4463 1306 5281
4 4068 5411 4865 5448
4 3881 3676 4106 4685
4 1592 1593 4763 4935
4 1710 1196 1198 5027
4 2447 2564 2327 4483
4 781 862 785 5494
4 4656 4905 3755 5298
4 4057 39 4690 5319
4 2692 2604 3907 5432
4 2746 4405 2513 5108
4 3755 3974 5113 5298
4 1256 1376 1260 4966
4 2979 2982 2980 4857
4 2727 4127 3848 4835
4 4532 4535 3717 5279
4 1741 1891 1740 4604
4 3976 4578 4509 5543
4 49 5183 516 5316
4 3709 3889 4899 5163
4 4081 5059 4523 5087
4 1125 1658 1659 4152
4 1324 4174 4783 5206
4 4311 4852 2992 5184
4 575 3981 4325 4487
4 4076 4972 3794 5186
4 1255 1625 1626 4305
4 4113 4005 4803 5156
4 873 270 2844 735
4 3678 4073 4751 5425
4 2796 2302 2268 5545
4 3592 3590 3589 5172
4 4656 4905 1520 5520
4 3868 4934 3758 5024
4 785 862 4892 5494
4 2371 4393 2575 5123
4 4191 4612 2411 5482
4 4649 3682 5334 5462
4 3854 4582 4156 5158
4 2766 4177 2763 5409
4 1751 1745 1747 4380
4 1285 4340 1287 5294
4 4334 4816 4070 5074
4 4110 3934 4856 4945
4 4073 3968 5112 5572
4 2208 4211 2207 5506
4 3765 4859 4240 5179
4 946 966 4304 5109
4 4196 4722 4120 4752
4 3191 4218 3192 4914
4 3729 5311 4543 5424
4 1819 1694 4772 5245
4 3011 3079 3059 4927
4 2691 2819 2030 4232
4 3779 4088 4517 4816
4 748 834 876 4851
4 1139 856 734 4807
4 2578 2322 2320 4653
4 3942 5391 4843 5403
4 3888 4474 4414 5537
4 2088 4387 2087 5501
4 4013 4456 3738 4484
4 149 3575 2669 4778
4 1308 1416 4426 5419
4 4168 4668 3767 5357
4 1468 1572 4851 4987
4 4075 4205 3856 5560
4 1711 4598 1213 5010
4 2920 1081 2823 4578
4 1168 1878 2000 4379
4 3061 2956 447 2480
4 2381 2747 2591 4250
4 2105 2154 2103 4437
4 3782 4473 4740 5337
4 2271 2208 2316 4684
4 2956 3072 446 2829
4 2425 157 4341 4703
4 1082 1050 4578 4688
4 4649 5334 5067 5462
4 4213 4253 3861 4809
4 1168 1998 1878 4153
4 2304 2725 2269 5509
4 1849 4536 1485 5254
4 1047 2056 2838 5473
4 974 973 975 5083
4 1848 1927 2015 4098
4 3964 4456 4013 4484
4 1565 1141 1967 4345
4 2058 2855 2683 4892
4 3768 4297 4651 5137
4 1553 2010 1907 4457
4 4086 3729 4768 5311
4 2367 2417 3946 5550
4 3140 2999 2945 4410
4 1100 1114 889 4421
4 1055 1116 4768 5502
4 1367 4262 1397 5022
4 4096 5006 3933 5269
4 931 4378 875 5581
4 2094 2093 2091 3893
4 2028 2840 2674 4245
4 1157 1880 1570 5114
4 2846 2044 2953 4431
4 4129 5297 5234 5309
4 651 2760 142 4593
4 3878 4187 4566 5268
4 3810 4532 4269 4960
4 4258 4860 4599 5501
4 1778 1358 4886 4940
4 4194 3935 5204 5574
4 3676 3881 4357 5552
4 4172 5262 4726 5526
4 4348 5541 4303 5557
4 3730 4390 4944 5275
4 3927 4085 5184 5389
4 39 3238 497 4490
4 1747 4380 1745 5338
4 2962 3032 3024 4503
4 1319 4349 1321 5206
4 3709 4624 4418 4899
4 2843 2822 2496 4509
4 4133 4842 4040 4844
4 3734 4962 4337 5165
4 3221 3222 491 4949
4 1592 4324 1180 5508
4 1365 4262 1367 5167
4 561 3365 80 5513
4 3944 5077 4276 5385
4 3892 4275 2651 5030
4 1822 1844 1484 4197
4 1100 1124 1084 5467
4 3299 61 2485 4670
4 63 534 4252 4355
4 4822 5011 3862 5345
4 3288 3285 4600 5183
4 3769 4971 4478 5570
4 3823 4403 3952 4428
4 3004 3112 4245 4952
4 3761 5213 4436 5530
4 2636 2637 2311 3877
4 3987 4599 4258 4860
4 1567 1965 1169 4201
4 2208 4684 4211 5506
4 3762 4722 4196 5224
4 2344 2393 2663 4544
4 523 52 5183 5238
4 3947 4622 3753 5027
4 3867 4893 4425 5223
4 1522 1478 1470 4797
4 2676 2457 2753 4971
4 1717 4366 1713 5069
4 3043 3044 3149 4904
4 4203 4363 3925 4459
4 4024 4429 3915 5126
4 3968 3727 4652 5197
4 2676 2206 2191 3897
4 3937 4100 3839 4639
4 3769 5002 4065 5570
4 3927 5184 4567 5198
4 3882 3678 4635 5112
4 1632 1552 4168 5464
4 2965 3101 2972 4254
4 2176 4633 2142 5110
4 4148 3943 5085 5299
4 1130 1790 3071 4567
4 3737 4313 4992 5245
4 3744 4007 4915 5599
4 776 773 775 4723
4 4845 4886 1358 4940
4 2985 5085 2988 5198
4 20 3194 475 4466
4 4028 5291 4621 5597
4 1550 1419 1826 4749
4 3189 4479 22 5322
4 113 3476 612 4493
4 4191 5036 5168 5588
4 2538 4284 2537 5191
4 2948 3058 1133 4556
4 2005 4159 1639 5437
4 3884 4538 4353 4925
4 18 4401 2443 4479
4 3681 4830 4544 5280
4 1613 4561 1846 5250
4 3967 3775 4782 5328
4 4209 4865 5411 5448
4 1397 4262 1365 5301
4 1877 1648 1558 4709
4 3060 3000 1940 4370
4 4248 4414 3938 5528
4 3747 4182 3993 4381
4 4579 5420 3927 5423
4 2565 4854 3930 5479
4 31 486 3217 4115
4 4035 3765 4489 5229
4 3766 4826 4321 5384
4 4213 4809 3921 5015
4 3712 4661 4358 5118
4 2124 3533 4488 4766
4 107 3437 598 4360
4 3736 4304 4575 5347
4 3496 630 127 4896
4 4494 5244 5009 5414
4 1699 1772 1774 4918
4 20 4441 469 5000
4 4227 1442 4945 5539
4 1547 4513 1429 5365
4 3418 3419 3417 5328
4 3531 4488 3533 4766
4 668 153 4104 5554
4 2444 2680 2885 4810
4 1202 1200 1201 5159
4 3713 3866 4545 4750
4 2860 4738 2930 5222
4 1712 4366 1711 5010
4 1959 1957 1839 3765
4 2449 4030 3930 4838
4 3921 4394 143 4809
4 2940 4391 3084 5241
4 2858 2029 2861 4293
4 4026 4841 3794 4919
4 2914 986 2816 5317
4 4266 5016 3847 5117
4 3759 5056 4277 5447
4 4178 4226 3899 5277
4 1519 4386 5234 5255
4 3727 4506 4349 5206
4 2323 4030 704 4569
4 1392 1329 5061 5511
4 1840 1521 1525 4963
4 502 42 3259 4392
4 3782 4427 4494 5009
4 2088 5136 4387 5501
4 2029 2861 4293 5356
4 2878 4037 2575 5029
4 5059 5221 3731 5361
4 933 4157 5057 5478
4 4505 4801 3796 4953
4 2894 4640 3663 4907
4 1271 1911 1186 4553
4 4476 4737 1654 5511
4 4227 5217 4985 5397
4 1755 4244 5119 5532
4 168 3628 2576 693
4 2040 4378 2901 4608
4 4322 3690 4940 5544
4 5002 5405 4065 5570
4 1242 1276 4179 5431
4 3334 4497 3332 4864
4 4733 5152 3957 5427
4 2682 2858 4293 4892
4 4672 4992 1693 5511
4 3673 3824 4716 4990
4 2792 4517 2650 4898
4 3729 5264 4259 5424
4 161 4253 4007 5175
4 2027 2883 811 5478
4 1601 1500 1504 4279
4 2580 2316 2711 4684
4 3760 4864 4269 4960
4 3721 5040 4194 5574
4 4588 4915 4075 5305
4 4004 4351 3746 5089
4 57 527 5161 5401
4 3986 4840 4696 4944
4 4171 5165 5057 5478
4 3073 2884 4311 5326
4 3033 3034 4461 5333
4 1632 5422 4607 5464
4 3759 5007 1410 5236
4 4111 3724 4636 5164
4 137 3534 644 4432
4 1391 1315 1832 4960
4 2302 4850 3801 5542
4 4123 4811 3783 4953
4 1439 1523 1441 5439
4 1296 1845 1649 4477
4 3702 4739 4476 5271
4 748 2003 834 4851
4 3065 2065 2820 5488
4 4131 3836 4417 5367
4 1215 1213 1711 4598
4 2720 2365 2415 4323
4 4205 4569 2324 5352
4 3763 4447 4281 4976
4 3744 4075 4915 5305
4 3715 4086 4909 5311
4 1433 1435 1434 4823
4 1608 1588 4617 5422
4 2188 2189 2180 4223
4 4008 4158 3743 5064
4 1977 1999 1938 4502
4 4598 5033 3944 5077
4 2638 2204 2703 4048
4 1743 1344 4726 5262
4 2083 2081 120 4761
4 3706 4306 4607 5588
4 896 840 4608 5287
4 2762 2167 2767 4505
4 1234 1235 1236 5541
4 2569 2210 3587 669
4 1854 1762 1855 4915
4 4348 4605 3724 5527
4 3902 2386 5160 5352
4 1795 4406 1794 5381
4 636 5053 132 5323
4 3692 3930 4734 5105
4 2979 3117 4023 5278
4 1188 4411 1190 5374
4 3757 4256 4017 4888
4 4098 5311 3729 5424
4 3769 4971 4065 5002
4 175 4120 703 5596
4 719 1981 789 4880
4 1554 1615 5107 5250
4 1335 1819 4984 5245
4 474 4479 3189 5322
4 684 161 4007 5175
4 2911 4316 5009 5191
4 4409 5035 3736 5109
4 3786 4143 4514 4836
4 4378 4819 3919 4926
4 3846 4819 4378 4926
4 1975 1157 1570 4165
4 4190 4437 3802 5054
4 1926 1600 1139 5306
4 2875 4828 2470 5317
4 228 1139 856 734
4 4194 5040 3935 5574
4 3794 4198 4910 5600
4 4051 5314 4626 5423
4 3891 4314 2852 5406
4 1221 5274 1302 5585
4 1467 4343 1515 4780
4 2978 3140 3132 4410
4 4116 3750 4472 5510
4 1174 4249 1582 5453
4 4788 5137 4039 5235
4 3989 4885 4389 5013
4 2274 3851 4820 5178
4 1881 1879 4618 5430
4 3725 4188 4499 5019
4 1454 4631 1456 5270
4 4534 5281 1776 5388
4 4366 3953 5069 5121
4 4035 4859 3765 5492
4 4206 4727 4008 4765
4 3772 4275 2621 5195
4 2314 2783 2528 4635
4 821 828 4062 5308
4 2670 2742 3979 4778
4 1306 4463 1294 5304
4 4012 3755 4905 5298
4 1306 1291 1294 4463
4 64 2274 4820 5178
4 4153 4671 4062 5248
4 3411 580 3410 4440
4 988 989 987 4237
4 2467 2863 2069 4149
4 2648 4452 4898 5597
4 2421 3814 2722 4328
4 621 120 2486 5555
4 1392 4476 1654 5511
4 709 180 4178 4653
4 3128 4919 4245 5237
4 1835 4221 1836 5431
4 576 3952 4325 5047
4 2410 2411 2408 4191
4 4051 5198 5085 5423
4 2444 4810 2885 5372
4 2518 2787 4166 4440
4 2379 2742 2743 4398
4 38 2523 2377 4846
4 1308 1416 1811 4426
4 2368 4241 2298 5566
4 956 962 1001 4316
4 4544 4830 3681 5551
4 3914 4830 3681 5280
4 4118 5204 4739 5574
4 4227 3934 5397 5539
4 2515 2172 2168 4590
4 4758 5084 4038 5380
4 1409 1350 1744 4508
4 4344 4553 3998 4763
4 3728 3801 4850 5542
4 1018 990 989 5170
4 3036 4738 4489 5489
4 607 108 4540 5169
4 1052 1097 1034 4660
4 677 4126 155 4444
4 3879 4401 4180 5145
4 880 4892 4133 4947
4 4098 4768 4259 5424
4 3717 4535 3885 5325
4 1463 4129 4833 5255
4 3251 3252 3250 4336
4 2107 2105 2106 4931
4 3573 3572 4238 5461
4 2902 4442 2026 4832
4 856 1139 1928 4807
4 111 607 4540 5169
4 4297 4814 1394 4984
4 3530 4488 3531 4766
4 848 730 799 4337
4 2514 532 62 4831
4 3525 4170 3524 4787
4 3752 4587 4219 4916
4 270 2036 2844 735
4 2680 3904 2882 5567
4 2792 2148 2786 4517
4 2868 2563 2864 4524
4 1620 1896 4744 5150
4 2983 3144 3146 5093
4 756 4229 757 5525
4 4194 3967 5368 5538
4 1960 3033 1132 4461
4 817 4875 4790 5176
4 4240 4545 3895 4737
4 3980 116 4338 4957
4 2426 2427 2288 4465
4 2397 2484 2079 4951
4 3719 4816 4334 5371
4 466 19 4401 4479
4 2158 4331 2161 4908
4 2183 2746 2513 5108
4 4096 4942 3933 5006
4 3722 4221 4658 5500
4 954 1031 998 5073
4 3782 4236 4473 5337
4 842 2903 720 4720
4 3797 5210 4452 5455
4 3981 4303 3787 5463
4 3954 4668 4168 5357
4 4461 4867 3714 5062
4 2201 2657 2122 5409
4 1861 1722 1860 5015
4 2039 3917 766 4896
4 2660 2646 2785 5597
4 1882 1883 1631 4751
4 3805 4347 4877 4911
4 1703 4834 1705 4981
4 3785 4257 4071 4592
4 3851 4355 3699 5070
4 1432 1489 1430 4665
4 2151 4166 2145 4827
4 1143 1175 231 736
4 1219 4663 1253 5274
4 1892 1229 1749 4708
4 1750 1886 1892 4708
4 1513 1509 4607 5129
4 2586 2588 2587 5075
4 1600 1941 4807 4913
4 1919 5005 1687 5582
4 4010 4124 4922 5301
4 1432 1431 1433 4665
4 1993 1665 1549 4891
4 1592 4935 4763 5508
4 4228 5221 5059 5361
4 4056 5131 5296 5404
4 81 4182 564 4961
4 2021 1083 1923 4421
4 3935 4454 5425 5538
4 3730 4390 4265 4944
4 4350 4884 4003 5044
4 3853 3674 4121 5516
4 3181 3182 470 5000
4 3737 4781 4399 5245
4 1057 1061 1105 4909
4 3767 4668 4168 4874
4 2993 5184 4085 5327
4 1614 4897 1948 5045
4 123 5006 622 5379
4 3691 5288 4383 5505
4 677 4019 4126 4444
4 2266 2267 4527 5545
4 4461 4489 3714 5489
4 3962 4444 3817 4861
4 4236 4706 4473 5337
4 1405 4447 4976 5450
4 502 4392 4048 4773
4 4613 5117 4293 5494
4 3801 3728 4850 4983
4 493 4330 36 5215
4 1608 1264 1260 5089
4 3701 4814 4081 5324
4 1470 4359 1375 5282
4 1260 1263 1257 5089
4 3923 5296 4415 5404
4 4183 4680 3704 5045
4 4176 4507 3942 5460
4 1624 1625 1623 4745
4 4111 4636 3932 5445
4 2390 3970 2354 5268
4 1219 1253 1784 5274
4 3192 4466 3194 4914
4 2525 4042 2524 4136
4 621 3485 120 5555
4 1716 4758 4707 5236
4 1723 4974 4886 5369
4 1708 4954 1875 5270
4 2190 4156 2192 4582
4 4432 4562 137 5020
4 3754 4774 3921 5332
4 3967 4776 4194 5368
4 1879 4347 1876 5051
4 3904 4125 2882 5567
4 3840 4133 4842 4991
4 3592 3589 3591 5290
4 3725 4677 4508 5018
4 1489 1813 1430 4903
4 3866 12 4545 4750
4 474 3190 3189 4479
4 1107 4140 5166 5441
4 1766 4414 1207 5528
4 2164 2184 4949 5219
4 3694 4598 5010 5201
4 4044 4514 4143 5468
4 2807 4645 4401 5145
4 1407 4976 1406 5450
4 3867 4425 4893 5313
4 1601 1504 1597 4279
4 179 4854 706 4907
4 685 165 3606 4555
4 1310 5304 4861 5558
4 3373 2153 3372 566
4 1438 4439 1796 5188
4 3101 1007 2926 5408
4 1838 5229 1959 5492
4 1504 4279 1500 5138
4 3067 1165 1925 4391
4 4504 5490 2109 5586
4 1388 4989 4435 5521
4 3113 2973 2942 5453
4 3981 4487 4303 5463
4 4171 5165 3734 5348
4 1555 4897 4183 5094
4 1518 1591 1599 4913
4 894 838 876 5581
4 3197 4462 3196 5095
4 3717 4165 4982 5325
4 2014 1157 1975 5170
4 2779 2173 2781 4117
4 4280 4937 4173 5486
4 4250 3771 4678 5253
4 2945 2999 401 1929
4 2499 626 125 2511
4 770 4185 926 5100
4 2736 2142 2176 4633
4 3770 4234 2343 4606
4 2894 2895 3663 4640
4 155 3594 671 4126
4 2814 3074 2038 4329
4 3140 4410 2978 4728
4 1742 1676 1471 4938
4 3743 4158 4008 4568
4 4064 4590 3901 5043
4 17 3945 4980 5044
4 131 4266 4698 5135
4 2902 4442 4832 5330
4 1196 5027 1194 5341
4 1169 1963 4201 5333
4 2451 2445 4296 4645
4 4311 4592 2689 5420
4 3777 3929 4769 4988
4 4515 3919 5349 5581
4 3647 175 702 4125
4 826 822 3969 5200
4 528 4374 3309 5278
4 2777 2778 2901 4608
4 2144 2143 2142 4633
4 4712 4988 4276 5370
4 3973 3721 4486 5574
4 1712 1713 4366 4975
4 4233 4032 4882 5042
4 1265 1874 1204 5064
4 4133 4892 3850 4947
4 4298 4976 3915 5450
4 228 1139 1928 856
4 1314 1310 4861 5558
4 3196 4462 3195 5095
4 2178 2670 3979 4331
4 4007 3793 4915 5599
4 1770 1278 1842 4484
4 3782 4304 4878 5347
4 1193 4356 1625 5341
4 156 4341 673 4703
4 1515 1947 4780 5309
4 3953 4164 4839 5121
4 81 3368 4273 4961
4 3850 5117 4613 5494
4 143 4394 4213 4809
4 135 4170 4216 4692
4 3925 4807 4459 5580
4 1049 1098 1115 4502
4 502 3257 43 4392
4 3673 3903 4215 5497
4 3630 3631 698 4606
4 3136 5381 4464 5561
4 1117 4140 4753 5190
4 3740 4010 4200 4922
4 1404 1966 1962 4777
4 3963 5334 4333 5371
4 1470 5162 4359 5282
4 4191 5036 4612 5482
4 4023 4239 57 4857
4 3002 3005 3084 4919
4 975 1003 1004 4694
4 1160 1941 1583 4519
4 3693 5389 4592 5432
4 2177 2809 2184 3881
4 3776 4004 4930 5098
4 1604 1602 1603 5028
4 4181 2847 5041 5595
4 4824 5212 4626 5314
4 2362 4923 3986 5505
4 3061 3078 2956 4321
4 1625 1193 1623 4356
4 2715 3247 40 4791
4 2008 1569 1905 4753
4 1338 1336 4277 5056
4 4108 4830 4769 5289
4 2696 3804 2391 4593
4 4362 4570 3680 5159
4 1872 4448 1710 5430
4 1906 1594 1593 5399
4 934 4734 940 5479
4 3883 5025 4753 5190
4 2305 4429 4024 5509
4 4651 4772 3768 5436
4 177 3997 708 5303
4 1967 4345 1567 4836
4 3817 3962 4126 4444
4 3952 4403 3823 5150
4 1776 1307 4534 5388
4 2754 3902 2386 5160
4 725 929 812 4407
4 2191 2190 2189 4156
4 2600 2597 2598 4841
4 3123 3139 2970 5199
4 2466 4418 4624 4899
4 3080 2987 4996 5299
4 4122 4826 4150 5199
4 1848 4098 2015 5424
4 4010 4262 5055 5512
4 3966 3816 4886 5074
4 124 631 4611 5593
4 3454 605 111 5154
4 3796 4623 4505 4811
4 3691 4347 5430 5444
4 866 1143 231 736
4 4118 4486 3721 5574
4 1829 1995 4743 4902
4 86 2120 2121 5394
4 2751 5160 2386 5352
4 904 886 752 4425
4 3886 4292 4184 5411
4 4311 5327 3922 5389
4 4087 5217 4227 5397
4 787 5079 4288 5239
4 3954 4682 4396 5036
4 4131 4417 511 5367
4 2297 2725 2586 4294
4 690 4205 167 5243
4 1035 4442 1064 4832
4 2344 4544 2663 5280
4 3383 4381 3382 5475
4 899 736 770 4185
4 3456 601 108 4666
4 3060 3087 3003 4370
4 4232 3927 4852 5420
4 799 4337 798 4962
4 3688 3998 3900 5169
4 3722 4684 4522 5360
4 4435 5062 1526 5229
4 2164 2508 4821 4949
4 2979 2977 3117 5278
4 2102 2101 2100 3936
4 4056 5067 5404 5462
4 2294 2717 3908 5235
4 1247 1251 1258 5021
4 3459 2494 110 604
4 2926 1007 942 5408
4 732 227 1928 856
4 2506 2507 2918 5428
4 2958 1991 1135 4464
4 2667 2140 2138 4481
4 3996 4678 4491 4862
4 969 1032 4377 5469
4 654 4121 2760 4936
4 3345 77 4257 4759
4 2489 2811 2505 4538
4 3729 4768 4408 5249
4 2619 85 2621 4273
4 3836 4131 4417 4975
4 3850 4293 5117 5494
4 2496 2498 2495 4509
4 1528 1530 1527 4836
4 1987 4679 1799 5472
4 3727 4174 4506 5206
4 2357 4307 2681 5377
4 4073 3678 5112 5425
4 3600 3599 3597 4341
4 3956 5059 3825 5233
4 594 3435 103 4674
4 136 3533 644 5421
4 2387 5280 4108 5289
4 1140 748 837 4851
4 4402 5252 4651 5436
4 2802 2396 2512 4657
4 2870 2053 2466 4418
4 41 503 3261 4521
4 767 768 769 5100
4 1583 1515 1947 4780
4 131 4698 4528 5135
4 4294 5314 4887 5483
4 2160 495 34 4690
4 3437 3436 3438 4360
4 3145 3147 3052 4594
4 2443 18 3186 2440
4 2201 2122 4045 5409
4 2390 3878 4731 5268
4 3773 4092 4015 4372
4 115 4091 3479 4493
4 3147 3031 4130 5364
4 3681 4691 4438 4985
4 4098 4909 4768 5311
4 2822 2843 2823 4578
4 2185 4352 32 4754
4 2156 4690 2160 4821
4 939 4519 777 4723
4 3142 4750 3096 4762
4 1180 1178 1179 4804
4 3918 4045 3857 4488
4 1827 1131 4743 5248
4 4148 5085 5005 5299
4 3676 4357 4617 5552
4 1243 1381 4261 5134
4 1388 4435 1387 5521
4 4220 4872 3819 4959
4 2998 2996 2997 5561
4 57 3311 4374 5161
4 608 4585 4055 5026
4 4032 3745 4627 4825
4 4081 3731 5059 5221
4 482 29 2293 4402
4 3955 4298 5032 5094
4 3033 3041 3034 5333
4 4905 4963 4012 5035
4 3250 44 505 4336
4 181 2319 710 4653
4 2453 4442 2902 5330
4 4278 4643 4000 5549
4 654 2760 4121 4593
4 1516 4780 4299 5300
4 1114 1100 1083 4421
4 3948 4687 4009 5384
4 2331 4384 3978 4563
4 4290 4678 3771 5253
4 157 2425 2740 4703
4 4139 4560 4457 5465
4 1782 1958 4407 5130
4 824 821 828 4062
4 2059 3300 4670 5519
4 4635 5112 4020 5261
4 4095 5099 4181 5297
4 1335 4781 1333 5245
4 2549 2428 2745 4716
4 1476 1899 4561 5094
4 4390 4844 4265 4991
4 2678 2279 2789 5246
4 962 1013 4316 5244
4 4047 5189 4709 5405
4 1714 4758 1716 5236
4 3115 5427 5225 5498
4 4076 3794 4910 5186
4 1262 4285 4883 5082
4 2266 4137 2301 5545
4 682 3602 3604 4384
4 2117 4500 82 4623
4 2448 2777 2901 4478
4 1992 4409 1149 5109
4 4306 4888 1506 5359
4 2912 950 995 5133
4 1053 1047 1052 4408
4 3829 4522 3784 4701
4 3782 4316 5009 5244
4 972 5083 4053 5546
4 2899 4408 2463 4733
4 2839 2597 4841 5413
4 1900 5150 1401 5568
4 2968 3078 3061 4725
4 3192 3191 473 4218
4 2682 5016 2681 5383
4 2986 2992 4852 5184
4 4026 4793 5180 5488
4 5009 5244 4316 5414
4 3691 5430 4618 5444
4 1769 1843 1415 4742
4 144 4827 2145 5060
4 134 2574 2347 4510
4 2331 4563 3978 5086
4 1017 970 968 4878
4 4061 4363 3946 4611
4 2659 2296 2706 4714
4 4038 5010 4598 5201
4 2299 4478 5412 5566
4 2751 4471 5160 5352
4 3957 5152 4141 5498
4 87 570 5355 5394
4 4017 5104 4888 5359
4 1460 4597 1461 5255
4 2787 4199 4166 4440
4 1860 1681 4480 5395
4 4213 4253 3853 4388
4 4092 4322 4873 4979
4 3764 4829 4069 5491
4 1195 1196 1194 5341
4 930 940 4320 4854
4 2169 2162 2178 4580
4 17 4003 4350 5536
4 2790 2651 4275 5030
4 4143 5263 4044 5468
4 2492 110 4559 5285
4 870 802 884 5165
4 4090 4351 35 4357
4 68 4000 4278 4643
4 2396 4657 4161 5438
4 2411 4612 4296 5330
4 504 41 5106 5378
4 175 702 836 922
4 1220 4312 5232 5274
4 1790 4567 4970 5571
4 1322 1319 1321 5206
4 53 2604 4620 5187
4 3898 3690 4621 4998
4 116 3480 613 4467
4 3788 4450 4324 5407
4 1217 5069 4663 5121
4 522 55 3282 4372
4 1885 1746 1760 4615
4 1953 4595 1821 5234
4 3678 4635 5425 5538
4 4768 4909 4086 5311
4 1082 1050 1081 4578
4 3173 3172 462 4400
4 2285 2697 2672 5361
4 1175 1917 230 857
4 3731 4014 4511 5391
4 2133 2131 2132 4730
4 556 3360 3361 4443
4 3123 4826 2969 5199
4 1839 3765 5046 5179
4 4626 5314 3735 5423
4 3519 3518 3520 4879
4 1429 1799 1431 4679
4 2160 2164 2508 4821
4 4153 5248 4062 5308
4 4159 5313 1639 5437
4 3685 4045 3918 5409
4 894 4819 838 5581
4 3871 3752 4587 5470
4 3990 4381 3747 4997
4 3043 3042 3044 4904
4 2245 2243 2244 4843
4 4041 4775 4484 4900
4 3790 4426 4967 5500
4 2485 2059 3299 4670
4 1160 1944 226 732
4 2593 3891 2852 5406
4 977 1010 1009 4700
4 140 4809 4404 4872
4 1526 4435 1388 4989
4 3954 4607 4306 5588
4 1892 4220 4708 5366
4 4478 4971 4065 5570
4 2689 2688 2690 5420
4 3718 4001 4393 5012
4 546 3339 3336 4397
4 3733 5003 4509 5589
4 3724 4605 4348 5541
4 2893 3930 2565 4854
4 17 4350 464 5536
4 4378 4720 3919 5581
4 2340 2341 2339 5292
4 2492 4559 110 4895
4 3903 4352 3852 4462
4 2686 2263 2583 4759
4 2477 2051 4725 5376
4 4259 4502 4084 5502
4 1868 4276 1753 5077
4 1047 1092 2056 5473
4 3981 3787 4634 4978
4 4123 3783 4811 5101
4 3491 625 125 4424
4 4073 4783 4751 5425
4 224 743 851 1136
4 1077 4280 1044 5486
4 4505 3796 4811 4953
4 499 5127 36 5451
4 4546 4586 3960 5407
4 3444 602 109 2493
4 1076 4661 4280 5118
4 1700 1165 1924 4391
4 3011 3013 3014 4927
4 2903 842 2904 4720
4 2759 2760 2581 4121
4 2979 3117 3121 4023
4 3899 4226 4093 5277
4 2021 1173 754 4421
4 1305 1855 1798 4605
4 1673 1629 1413 5204
4 2415 4855 2367 5041
4 767 746 768 3917
4 4268 5021 1251 5276
4 3070 402 2999 1580
4 897 833 4842 4947
4 4544 5280 4830 5551
4 3923 4415 4334 5366
4 3490 3491 3488 4424
4 4546 3960 5194 5407
4 2387 2767 2768 4108
4 526 59 4689 5392
4 3888 4495 4103 4638
4 2408 4191 2411 5482
4 1266 1865 1871 4712
4 3778 4394 4480 5578
4 930 940 827 4320
4 3840 4842 4133 4844
4 143 4121 654 4936
4 2225 2226 2227 4419
4 515 3994 4094 4600
4 4529 4953 4123 5232
4 63 4355 4252 5070
4 897 880 833 4947
4 1217 1717 5069 5121
4 659 4099 4238 4552
4 743 224 1950 1136
4 4021 5148 4817 5517
4 2480 2956 447 2829
4 2289 4747 4283 5343
4 2854 2556 3866 5265
4 3741 4795 4216 4917
4 3215 487 3216 4399
4 1729 1728 1252 5131
4 3128 3004 4245 4919
4 2670 2669 2742 4778
4 4325 4472 92 5047
4 3087 3003 4370 5242
4 3885 3717 4532 4535
4 2605 518 53 3276
4 3690 3898 3966 4998
4 1473 4894 4145 5481
4 1013 962 4316 5414
4 3964 4238 3738 5021
4 4111 1767 5122 5527
4 774 772 771 5580
4 4867 5062 4461 5333
4 2461 5193 2463 5249
4 1727 4564 1728 5131
4 4207 4912 3810 5279
4 3711 3863 4767 5180
4 616 2773 117 4467
4 1803 4707 1716 4758
4 4617 4966 4090 5089
4 2178 2162 2670 4331
4 1241 1666 1381 4978
4 4375 4417 3836 5367
4 3945 17 4914 5044
4 2488 2509 2532 4685
4 4122 3739 4771 5549
4 2996 4993 2997 5561
4 2421 3814 4328 4703
4 2791 2640 2312 4995
4 4343 4780 1467 5300
4 2830 950 2912 5133
4 2849 2718 4431 5235
4 472 3185 21 2436
4 4221 4572 3869 5500
4 1266 1210 1212 5033
4 1174 5226 4249 5453
4 2669 3854 2743 4778
4 2384 2420 2382 4491
4 1187 4496 1186 5374
4 1405 4447 1474 4976
4 3771 4694 4290 5457
4 3855 5252 4697 5436
4 4592 5389 3927 5420
4 227 1928 1160 732
4 2341 4264 2339 5292
4 1059 1118 4367 5442
4 2428 2745 4716 5563
4 3694 4901 4100 5434
4 1039 1119 1121 5151
4 1490 1865 1733 4547
4 1629 1627 4454 5368
4 95 4634 4231 5227
4 4151 4965 4102 5025
4 3250 3252 3249 5378
4 3122 3150 3057 4406
4 1950 1821 1953 4595
4 1121 1081 1039 4578
4 2040 720 2903 4378
4 1608 1588 1284 4617
4 3203 480 28 5252
4 4113 4613 4288 5130
4 3885 4532 4269 4535
4 3129 3137 3014 4431
4 2759 2760 4121 4936
4 3696 3862 4458 5512
4 3729 4342 5152 5264
4 2883 2885 2680 5567
4 4460 5155 4333 5296
4 4402 4651 3988 5436
4 1954 1656 1956 4556
4 3029 3127 4418 5498
4 3682 4730 3963 5334
4 2990 5198 3116 5582
4 3681 4830 4369 5551
4 3788 4935 3887 5138
4 4461 4489 3765 5229
4 1587 1376 4625 4966
4 3428 97 587 4541
4 753 830 890 4790
4 1796 1861 1491 5188
4 3959 4091 3813 4696
4 1475 4976 1474 5493
4 3677 4411 4222 5039
4 1844 1843 1479 4775
4 697 3629 172 4606
4 3830 4632 4013 5158
4 3988 4422 3891 5436
4 3724 4719 3982 4968
4 1365 5055 4262 5167
4 2424 3974 2425 5466
4 624 3489 3490 4424
4 3803 4351 4004 5089
4 1844 1484 4197 5520
4 3785 5251 4579 5420
4 3793 4605 4915 5164
4 3597 673 156 4341
4 1362 1363 1364 5055
4 1245 1246 1244 4724
4 2793 2203 2702 5302
4 4323 5041 2415 5595
4 77 556 2264 3360
4 3715 4909 4098 5311
4 3582 4328 153 5103
4 4017 4475 3887 5104
4 4746 5451 36 5572
4 1624 1631 1883 4751
4 2518 2787 2151 4166
4 3873 4760 2290 4868
4 4046 4432 3797 4562
4 2075 863 275 2817
4 2799 4405 2513 5456
4 1362 5055 1364 5369
4 1237 4348 1238 5541
4 4075 4577 4205 5560
4 2522 2801 2277 3987
4 144 2158 2151 4908
4 2056 5249 4408 5473
4 2887 4354 2700 5086
4 3808 4920 4685 5004
4 4176 3942 4972 5460
4 3741 4170 3929 5196
4 3686 3901 4231 5510
4 2144 2145 2143 3865
4 2228 2724 2230 4849
4 2299 4478 2448 5412
4 1792 1793 1789 4648
4 746 275 863 2817
4 4406 4993 3806 5381
4 3846 4819 4379 5287
4 3127 3115 2960 5225
4 2359 2723 4390 4944
4 1653 1654 1392 4476
4 1089 353 2026 1035
4 4013 4484 4742 4775
4 3137 3129 2953 4431
4 757 5144 759 5525
4 4047 5189 5405 5570
4 1448 4933 1450 5196
4 2574 4879 2872 5029
4 116 3980 4338 4467
4 3084 4391 4919 5241
4 4120 4196 3762 4722
4 2509 2184 2809 4685
4 3153 454 3152 4413
4 2315 4582 2192 5554
4 4241 5412 2368 5474
4 846 910 925 5130
4 1183 1382 4655 4882
4 3615 4483 166 5243
4 3990 3815 4997 5274
4 2305 4024 2862 5509
4 1963 5062 4201 5333
4 4191 5168 3764 5482
4 1737 4474 4707 5537
4 1511 4396 1545 4668
4 1515 4343 1465 5309
4 4061 4723 3925 5580
4 2496 4509 2495 5003
4 4064 3901 4590 5008
4 4114 4951 2484 5362
4 1095 5166 1122 5442
4 799 730 798 4337
4 3764 4017 4829 5491
4 1784 1302 1221 5274
4 1665 1993 1990 4210
4 1487 1448 1801 5196
4 1505 4935 1501 5104
4 3943 5075 4294 5314
4 4278 4009 4497 4643
4 2378 2470 2422 4000
4 129 4566 4187 5268
4 1553 4140 1933 5441
4 1564 1172 1974 4503
4 2911 2837 4316 5191
4 2720 4323 2415 5595
4 2782 2219 5215 5261
4 266 2855 868 862
4 3240 497 3238 4351
4 3694 5201 5010 5434
4 4113 5130 1961 5481
4 3888 4414 5380 5537
4 2873 2462 4624 5193
4 4461 5062 3714 5229
4 3880 5222 4867 5489
4 1419 1417 1418 4749
4 570 86 5355 5394
4 3237 4351 3240 5451
4 3846 4551 4154 5189
4 3896 4377 3736 4878
4 3855 4772 4651 5436
4 4167 4522 4471 5360
4 4175 3683 5455 5532
4 3259 3260 3258 4392
4 1508 4682 4306 5359
4 484 3207 29 2233
4 3769 4664 5260 5566
4 4079 5260 4664 5566
4 2089 2522 2091 4599
4 4508 4677 4204 5449
4 1830 4930 1286 5375
4 26 3213 2232 483
4 3964 4900 4456 5216
4 565 4275 4273 4961
4 3933 3844 4932 5100
4 706 4854 178 4907
4 94 3403 4327 5049
4 4110 3778 4718 4774
4 3823 3981 5150 5463
4 2941 3063 397 1914
4 1593 1501 1505 4935
4 3767 4920 3808 5004
4 1383 1786 4922 5393
4 3004 3005 3002 4919
4 3938 4248 4570 5054
4 526 3305 59 4420
4 3731 4014 5059 5361
4 3718 3894 4434 5012
4 4054 5057 4171 5165
4 2174 3540 138 651
4 926 770 736 4185
4 2829 3072 446 2042
4 3686 4518 4628 5510
4 2565 2890 4854 5479
4 2381 2591 2213 4770
4 4144 4281 3849 4857
4 1748 5338 4175 5532
4 2513 4405 2746 5456
4 1368 1367 5022 5167
4 1591 1926 1586 4932
4 1003 1004 4694 5457
4 885 883 827 4320
4 4318 5088 3822 5141
4 39 497 4242 4490
4 1049 2024 1977 4502
4 2816 2073 2482 4254
4 3490 620 121 5335
4 2334 4446 2333 5516
4 3742 4012 4225 4963
4 2855 2058 267 868
4 913 852 853 4595
4 1602 4475 1502 5028
4 1692 5061 1329 5511
4 5005 5085 4051 5582
4 4020 4419 5171 5228
4 3743 4568 4008 5592
4 2274 2217 64 4820
4 1207 1209 4727 5380
4 3119 4867 3043 5222
4 1077 1076 1044 4280
4 4152 4656 4053 5546
4 3733 4063 5194 5524
4 2250 2644 4499 5195
4 3132 3140 2945 4410
4 2636 2640 2639 4637
4 3075 2947 3092 4345
4 1516 1467 4780 5300
4 3828 4327 2141 5110
4 1017 5244 4494 5414
4 2081 2080 2078 3928
4 3929 4170 3741 4787
4 4380 4641 3940 5579
4 2799 2513 2746 5456
4 3767 4645 4296 4958
4 1621 5150 4978 5463
4 3698 4375 3909 4417
4 4379 5189 4709 5594
4 1328 1413 1326 5204
4 3301 525 3304 2375
4 3951 4534 4426 5388
4 3812 4975 4131 5236
4 602 3442 3443 5153
4 3971 3758 4466 5497
4 2792 2650 2649 4898
4 1331 1332 1330 5258
4 3761 4093 4062 5530
4 2530 2490 2414 4186
4 113 4158 612 4741
4 3732 4657 4161 5440
4 1727 4415 4564 5131
4 4221 4724 3687 5431
4 3784 5068 4701 5277
4 632 3507 3970 4630
4 3941 5442 5166 5465
4 714 4127 183 4640
4 4358 5157 2502 5428
4 137 4432 4046 4562
4 3683 4380 5119 5532
4 594 4674 103 5142
4 2995 3086 4993 5327
4 129 632 4187 4584
4 172 4196 4264 5342
4 538 4184 67 5331
4 4017 3764 4829 5124
4 2579 4178 2317 5360
4 584 3419 3416 4135
4 4446 4711 3858 5540
4 3939 4665 4530 5344
4 128 3511 4584 5268
4 2324 2386 5202 5352
4 1692 4992 1331 5061
4 724 219 1129 846
4 862 265 2858 739
4 3823 3981 4325 5150
4 498 3242 39 4136
4 1017 1013 5244 5414
4 2484 2818 2043 5362
4 1838 1959 1839 5179
4 3912 4964 4235 5008
4 4262 4887 4025 5022
4 1782 5130 4407 5481
4 2346 3914 5280 5289
4 3810 4532 4207 5279
4 1868 1869 1753 4276
4 4306 5168 3954 5588
4 1190 1191 1189 4411
4 153 4225 672 5103
4 3215 3216 3214 4669
4 4635 5112 3678 5425
4 4050 5231 4607 5373
4 1547 1429 1427 5365
4 491 35 4351 4357
4 1670 1540 1537 4934
4 4098 4543 5311 5424
4 117 613 3482 4467
4 442 2955 3074 2814
4 2043 277 850 2818
4 2693 2046 2694 5326
4 3901 5008 4064 5510
4 4533 4782 3775 5328
4 3756 4722 4196 4752
4 4215 4218 3758 4466
4 1488 4915 1762 5305
4 1261 1268 1262 4285
4 3663 4640 3664 4907
4 670 155 5208 5290
4 4081 5059 4228 5221
4 2954 3090 3080 4267
4 1111 1086 4358 5151
4 1487 1867 1763 4659
4 1565 1969 1141 4195
4 3108 3099 1112 4660
4 3952 3750 4472 4744
4 2127 3797 4432 5139
4 3837 2161 4908 5256
4 1491 4823 1434 5188
4 107 598 4589 5484
4 4477 4989 3910 5468
4 3823 4303 4487 5463
4 108 600 3452 4540
4 3119 3040 4867 5222
4 4133 3840 4844 4991
4 1352 1353 4979 5449
4 4274 1776 5281 5388
4 3687 4724 5134 5431
4 2230 4526 26 4849
4 2390 3878 2609 4731
4 2983 3146 4756 5093
4 3737 4118 4486 5258
4 3736 4012 4574 5035
4 3703 5117 4307 5377
4 3312 63 534 4831
4 3867 4159 4875 5313
4 2679 3904 2680 4810
4 3784 4701 4522 5277
4 135 4510 643 4692
4 3759 4277 5233 5447
4 3920 4216 4692 5470
4 3788 4450 3798 4549
4 4620 5326 3922 5432
4 3865 2145 4199 4827
4 848 718 1128 5564
4 2822 2813 2498 4890
4 3715 4560 4139 5465
4 2551 2360 4764 4840
4 833 832 874 4662
4 1701 1357 4873 5446
4 3693 4648 4291 5393
4 2588 2586 2866 4610
4 3692 4734 4246 5105
4 107 4006 4549 4798
4 2466 2465 2869 4899
4 1551 4457 1908 4874
4 1567 1169 1963 4201
4 2691 2585 4579 5420
4 3064 2945 400 1142
4 4334 4415 3923 5155
4 571 4376 84 4381
4 1546 4679 1987 5346
4 3204 481 29 5396
4 3861 4253 4213 4388
4 3561 3558 3559 4331
4 1447 1446 4691 4933
4 739 779 264 2029
4 1445 4438 4691 4985
4 2701 2768 2769 4584
4 2848 2607 2042 5426
4 940 934 885 4734
4 3968 3882 5215 5261
4 1507 1606 5124 5359
4 4003 4884 4624 5193
4 2263 3992 2583 4759
4 4111 5122 4686 5445
4 3791 4032 5042 5335
4 3942 4843 4511 5460
4 4066 5250 5283 5418
4 675 3592 3591 5290
4 4632 4729 3790 5461
4 3074 2954 441 2038
4 663 2180 3569 4223
4 1207 4414 1304 5380
4 3815 4312 3990 5358
4 2815 2961 449 2051
4 3821 5179 4240 5492
4 2855 266 2858 862
4 4121 143 4394 4936
4 2646 2660 2308 5597
4 1837 4537 1406 5107
4 5027 5341 3947 5573
4 4227 5397 4985 5539
4 30 2232 2234 4526
4 1375 4960 1316 5282
4 1970 1969 1566 4195
4 3851 4433 4255 5415
4 3918 4430 4326 4718
4 4416 4837 1858 5395
4 1995 1829 1550 4902
4 3136 4464 3082 5315
4 1672 4776 1752 5368
4 1320 4349 5459 5521
4 17 4243 4003 5536
4 2036 735 832 4662
4 3750 4325 4231 5227
4 1581 4771 4122 5453
4 4040 4842 4133 4947
4 395 2943 3008 1689
4 3815 4381 3990 4997
4 1821 1950 1136 4595
4 2821 4951 4063 5362
4 1100 4421 889 5467
4 670 5048 154 5208
4 1043 4367 1118 5096
4 2151 2161 4166 4908
4 3583 152 668 5554
4 1831 4340 1285 5294
4 1733 4547 1865 5370
4 1650 1881 1879 4618
4 3923 4333 5334 5371
4 2682 4892 4293 5383
4 4057 4690 2092 5295
4 2246 4455 2685 5458
4 1802 1201 1303 5159
4 1470 1469 5162 5282
4 2767 4505 2656 4948
4 4047 4709 5189 5594
4 3549 3547 655 4385
4 4315 4781 4162 5535
4 1419 1421 1420 5088
4 4393 4692 135 5470
4 1819 1694 1817 4772
4 3844 5100 3933 5269
4 3346 3344 3345 4257
4 3776 4990 4746 5098
4 3320 536 3948 5001
4 1739 4604 1740 5320
4 821 822 740 4743
4 1638 4236 4893 5313
4 3764 4069 4829 4870
4 4035 4240 3821 4735
4 613 4603 116 5547
4 4112 5258 1412 5535
4 2154 2702 2103 4437
4 4254 4785 3739 4828
4 2505 4538 2811 5136
4 998 2831 2909 5073
4 3773 4499 4188 5019
4 1948 4410 1707 5045
4 4992 5061 1692 5511
4 2518 5043 4440 5256
4 4494 4878 3782 5244
4 1577 1578 1580 5199
4 1217 1219 1218 4663
4 913 4595 853 4842
4 2648 2647 2149 4452
4 1445 4691 1444 4985
4 4440 5043 3901 5256
4 2794 4721 3909 5548
4 4615 5338 5307 5382
4 51 3281 521 4571
4 3845 4233 4646 5050
4 1896 1368 1402 5568
4 2820 2707 4052 5488
4 2425 4341 3974 4703
4 822 843 4743 5200
4 2004 1152 727 4515
4 3187 3190 473 4479
4 1397 5212 4262 5301
4 1760 1379 1885 4615
4 4263 4990 3910 5468
4 1698 4910 4160 5058
4 11 3163 4735 4747
4 2038 2589 2590 4267
4 4020 5112 4635 5425
4 4106 4382 23 4479
4 115 3959 4493 5090
4 4061 4611 3946 5041
4 1178 1586 1177 4932
4 3788 4049 4324 4450
4 3051 2589 440 2954
4 3791 4646 5042 5050
4 2510 2512 2801 4657
4 4307 5117 3850 5383
4 1672 4194 4776 5368
4 3003 3006 4952 5242
4 874 4842 4662 5099
4 605 4450 111 5154
4 1321 4506 1323 5206
4 4219 4587 3718 5329
4 3923 4415 5366 5404
4 3803 4357 4090 4617
4 3066 4464 3136 5381
4 4065 5405 4551 5570
4 3824 4746 4990 5098
4 2190 2189 4156 4794
4 1412 1891 1824 4693
4 1891 1893 1673 4693
4 1512 4668 1552 5464
4 3718 4434 4001 5012
4 630 631 127 4611
4 3620 689 167 4577
4 2588 2590 2589 4267
4 1547 1427 4513 5365
4 3664 4640 3661 4907
4 2949 3089 2995 5326
4 3777 3929 4988 5053
4 89 3394 4501 5047
4 1595 1497 1921 4546
4 3737 4992 4313 5061
4 3943 4996 4232 5085
4 2472 2471 2903 4720
4 4164 4811 3926 4839
4 4513 3939 5078 5472
4 2582 2529 2313 4247
4 3812 4366 4901 4975
4 4096 4943 3928 5006
4 3706 4607 4306 5129
4 63 4252 4482 5070
4 4313 4992 4002 5061
4 3923 5155 4415 5296
4 221 725 812 1955
4 1698 1700 1924 4160
4 2987 5085 4996 5299
4 1618 1617 1272 4518
4 1363 1362 1361 4922
4 3845 5050 4058 5593
4 702 741 3639 836
4 3730 3795 5149 5275
4 993 2014 957 5170
4 1113 888 902 4688
4 683 4224 4007 4530
4 116 4568 4338 4957
4 100 3430 4147 4541
4 4107 5147 3872 5288
4 879 807 806 4946
4 3853 4213 4388 4936
4 4435 3714 5062 5229
4 3932 4636 4481 5160
4 1327 4476 4739 5271
4 1243 4724 4261 5276
4 858 4037 171 5353
4 2171 2084 3900 5257
4 1465 1515 1467 4343
4 3687 3865 4552 4572
4 3522 4528 3525 4787
4 4515 5176 815 5581
4 3766 4321 3948 5384
4 1150 2010 1936 5441
4 1904 4682 1507 5124
4 1980 1668 4929 5363
4 3805 4147 4622 5027
4 1407 1406 1405 5450
4 1224 1757 1222 4576
4 2893 706 4838 4854
4 592 3433 2099 4732
4 3735 4626 5212 5314
4 4765 5064 4008 5592
4 2563 2562 2864 4524
4 263 779 855 2864
4 2316 4684 2580 5360
4 1866 1301 1863 4529
4 2239 4336 3825 5378
4 798 4337 730 5533
4 3022 3118 3019 4793
4 3732 4602 4646 5440
4 2253 3283 50 4571
4 2333 4446 2335 5540
4 3855 4697 4313 4992
4 1350 1349 1351 5449
4 1693 4992 1692 5511
4 2301 2704 2630 5011
4 4758 5010 4038 5434
4 829 4154 5293 5308
4 2453 4645 2807 5145
4 4157 796 5057 5339
4 4120 4752 3756 4929
4 907 828 918 4127
4 4219 3752 4916 4917
4 783 781 4613 5079
4 3990 4312 3815 5274
4 3123 2970 4826 5199
4 1827 1131 1995 4743
4 1691 4865 4539 5091
4 1648 4709 1877 5594
4 881 4583 5057 5339
4 4166 4908 2161 5256
4 3503 3500 4365 4627
4 3823 4487 3981 5463
4 1466 1465 1467 4343
4 4621 5291 4188 5597
4 912 916 771 5306
4 3225 492 36 4330
4 1722 1861 1274 4774
4 558 4109 4822 5345
4 4188 5579 5350 5597
4 4598 5033 4038 5201
4 617 3478 4091 5417
4 996 952 1017 4494
4 4183 3955 4897 5070
4 4035 3765 5229 5492
4 3948 5001 2369 5376
4 1897 5150 1621 5463
4 647 4326 137 4488
4 2947 3083 3092 4345
4 841 940 4854 5479
4 2193 2198 2182 4292
4 4132 4513 4302 5365
4 493 36 5127 5215
4 2156 2092 4690 5295
4 4027 4251 3811 4974
4 4415 5155 3695 5296
4 2168 2169 2183 5514
4 3959 4696 3813 4806
4 748 876 838 4851
4 1714 1803 1716 4758
4 2791 4995 2793 5302
4 4216 135 4692 5470
4 2848 4831 2607 5426
4 48 518 2605 4681
4 4120 4722 3762 5224
4 2827 5207 4086 5473
4 3012 3016 3015 4705
4 4641 5350 4188 5579
4 1562 4342 1973 5575
4 2730 494 37 2186
4 3724 3982 4636 5390
4 4208 3868 5044 5311
4 4134 4679 3734 5344
4 3704 4482 4687 5070
4 481 3203 28 4402
4 3919 4851 4515 4987
4 1600 1926 1591 4913
4 1771 1259 1247 5021
4 3719 4898 3797 5210
4 3791 5042 4032 5050
4 3616 4483 167 5218
4 3729 4768 4259 5502
4 3802 4158 4055 4741
4 757 4229 4986 5144
4 2236 2311 2715 4791
4 4296 5357 4191 5517
4 653 4394 3921 4430
4 4132 5218 167 5560
4 3840 4842 4595 5099
4 533 3310 3308 4374
4 3806 3875 4981 5183
4 739 265 2858 2029
4 2544 4104 2315 5554
4 1727 1884 4415 5131
4 4275 4376 3892 4641
4 3869 4967 4099 5111
4 2188 3807 4223 5506
4 1628 1629 1627 4454
4 3969 4072 179 5213
4 3980 4957 4338 5132
4 812 222 1955 1158
4 1775 1451 1449 4795
4 1222 1220 1221 4312
4 1830 1263 1270 5375
4 4265 4844 3840 4991
4 2068 2900 2778 4608
4 2839 2825 2028 5237
4 2534 4427 3890 5009
4 659 3572 145 4238
4 4450 4589 3449 4895
4 1142 2945 401 1929
4 3682 4730 5334 5462
4 998 2047 2831 5577
4 2900 750 839 4608
4 945 977 1009 4409
4 3720 4856 4498 5023
4 1424 1422 1423 4318
4 86 3379 4500 5394
4 3819 3921 4809 5015
4 3705 4093 4492 5267
4 562 4623 83 4848
4 1278 1262 4883 5082
4 52 517 4193 4620
4 2647 2651 2655 5350
4 2973 2964 1174 5453
4 4313 4697 4002 4992
4 1944 778 226 732
4 3812 5010 4758 5434
4 4282 4550 3864 4728
4 4361 5191 3867 5223
4 3087 3093 5242 5452
4 2090 2089 2091 4599
4 4017 4468 3887 5491
4 1940 3000 1127 5601
4 3556 146 658 5503
4 1916 1582 1174 4249
4 2664 2716 2294 4788
4 3811 4010 4458 4557
4 3770 4264 4196 5342
4 4341 4574 3974 4703
4 3066 2958 3136 4464
4 3908 3988 5137 5235
4 3888 5380 4758 5537
4 1365 1397 1367 4262
4 87 4082 5358 5394
4 3045 3028 3102 5427
4 2745 2731 2196 4716
4 4018 4460 4333 5296
4 1121 1102 4578 4937
4 1949 4469 1946 5063
4 2250 2309 2644 5195
4 736 1175 230 857
4 1005 961 4361 5223
4 1782 4407 1783 4894
4 2423 173 4264 4606
4 2751 2578 4471 5352
4 515 51 3286 4600
4 3683 3892 4376 4641
4 3875 3806 4981 5507
4 3818 4808 4169 5221
4 4164 4598 3944 5077
4 2462 4003 2438 5193
4 4611 5550 124 5593
4 2604 4620 3907 5432
4 3736 4700 4409 5469
4 1711 1717 1215 5121
4 3675 4586 4324 5407
4 179 4072 4320 4854
4 1613 1476 1899 4561
4 713 179 4072 5213
4 1183 4655 4344 4882
4 934 722 924 5479
4 3705 4709 4153 5189
4 1751 4380 1747 5532
4 2717 3908 5235 5396
4 4207 5279 4532 5410
4 3898 4998 4621 5246
4 3455 3452 4540 5154
4 831 2894 729 4640
4 2893 2565 2890 4854
4 337 1036 1090 1936
4 4123 3783 5101 5232
4 1134 4929 860 5363
4 1011 1006 958 4425
4 2036 832 2850 4662
4 2333 2334 2335 4446
4 3965 3797 4872 5020
4 3740 4200 4010 4557
4 1729 5131 1235 5404
4 1734 1301 4529 5232
4 4141 5152 4503 5498
4 2687 2692 2283 4592
4 1335 1333 1819 5245
4 147 3983 4223 4729
4 1789 4970 4085 5571
4 3861 4388 4213 4936
4 2384 2421 2420 5113
4 3643 4573 3641 5596
4 3729 4003 5044 5311
4 3933 5100 4096 5269
4 1470 1581 1522 4771
4 3765 4240 3895 5179
4 1194 5341 5027 5573
4 798 4962 4337 5533
4 3163 461 4735 4747
4 92 4472 4064 5047
4 4173 3733 5174 5543
4 1734 1301 1866 4529
4 4211 4866 3807 5506
4 2961 3061 448 4725
4 3479 3476 4493 4568
4 3132 2977 4550 5014
4 2538 2537 2539 5191
4 3263 4131 44 4521
4 957 2014 1916 5170
4 4157 5478 933 5567
4 3773 4372 4015 4621
4 3881 4949 2184 5219
4 2442 2807 4401 5145
4 2647 4452 2648 5597
4 2178 2182 2169 4580
4 2238 4260 40 5378
4 2430 4815 4300 5563
4 68 4278 4497 4643
4 582 4199 95 5049
4 474 3195 3196 4462
4 641 135 4216 5470
4 1811 1416 1680 4658
4 1481 1313 1691 4539
4 3850 4293 4892 5383
4 3768 4422 3988 5436
4 1375 1832 1316 4960
4 641 3519 135 4879
4 2357 2681 2355 5377
4 3829 3684 4471 5352
4 3090 4267 4756 5299
4 1575 1541 1542 4560
4 3779 4333 5155 5371
4 3894 4573 4434 5012
4 2211 2199 2198 4184
4 1860 1859 1681 5395
4 3962 4512 4126 4664
4 2365 2364 2366 4855
4 644 3535 136 4432
4 1304 4414 1766 5537
4 4757 3947 5341 5573
4 1222 1223 1224 5585
4 1919 1687 1791 5582
4 4269 4535 4532 5279
4 2243 2242 2244 4843
4 4128 4870 4151 4965
4 4134 3858 5318 5348
4 4186 4256 3906 5034
4 1955 221 725 1958
4 3982 5390 164 5515
4 3096 3081 3091 4750
4 1859 4416 1858 5395
4 2689 4592 4311 5432
4 1615 4628 1616 5107
4 2297 2583 2265 3992
4 2868 263 855 2864
4 3709 4899 4130 5163
4 1267 1756 1216 5101
4 2261 2259 72 4257
4 821 4743 740 5248
4 881 5057 796 5339
4 1989 1665 1137 4673
4 2112 2113 2111 5586
4 3745 4032 4365 4655
4 3529 640 3528 4510
4 1790 4567 1788 4970
4 2641 2791 2793 5302
4 3676 4928 4168 5373
4 4110 4856 4439 4945
4 3782 4473 4304 5347
4 4391 4667 4160 5241
4 3775 4614 4247 5040
4 2324 5202 4205 5352
4 1580 402 2999 1929
4 2641 4995 2791 5302
4 3783 4839 4663 5475
4 3873 4591 5279 5576
4 1837 1406 1554 5107
4 3860 4897 4482 5045
4 569 3376 3377 4500
4 3017 4422 3015 4977
4 3902 4075 4636 5390
4 548 3341 3343 4796
4 787 910 4288 5079
4 2794 2613 4721 5548
4 769 912 771 5100
4 647 3546 137 4609
4 468 3180 4350 4980
4 618 119 5273 5531
4 4751 4755 4073 5572
4 4006 4589 3798 5003
4 115 3959 5090 5284
4 1152 727 4515 5437
4 4139 5166 1095 5442
4 1620 1900 1896 5150
4 4064 5008 4472 5510
4 4240 4735 4035 4859
4 96 4871 2525 5504
4 3970 4119 2354 5377
4 497 39 4242 5319
4 2461 4003 5193 5249
4 4527 3958 4983 5545
4 3973 4486 4118 5574
4 2917 5253 4290 5577
4 2428 4815 2430 5563
4 4168 4928 1609 5422
4 890 887 4361 5562
4 4598 5010 4038 5033
4 1509 1510 1513 4607
4 2973 3103 2964 5453
4 3678 4454 4305 5538
4 3136 2958 3082 4464
4 2361 2363 2419 4265
4 2080 4080 2079 4943
4 1632 4607 1513 5464
4 2813 751 279 2062
4 2322 4569 3829 5352
4 4112 4315 4162 5535
4 541 4278 68 5402
4 3873 4912 4760 5279
4 1306 5304 1310 5558
4 163 4224 683 4530
4 219 1129 1964 724
4 3071 4567 1790 5571
4 957 992 1012 5170
4 2423 4264 173 5076
4 1016 950 1028 4286
4 3895 4240 3765 5454
4 2864 264 779 2029
4 3880 5071 2468 5222
4 755 4688 891 4890
4 3704 4009 4687 5384
4 789 1981 1170 4880
4 1975 1916 2014 5170
4 970 966 968 4878
4 1782 4407 4894 5481
4 44 3250 504 5106
4 2786 2626 2789 4088
4 3874 4371 2628 5529
4 89 4137 572 5011
4 108 4256 600 4540
4 2744 2380 2379 4941
4 3912 5283 5250 5418
4 171 898 936 4876
4 4776 5092 1752 5368
4 222 812 864 1158
4 45 2242 2240 4336
4 1739 1740 1736 5320
4 1412 1735 1740 5320
4 1526 1387 1388 4435
4 1060 4367 1118 5442
4 3283 3282 3281 4372
4 1288 1308 1811 4426
4 850 745 277 2043
4 2054 2920 2843 4578
4 4426 4534 3951 4866
4 3090 3080 4267 5299
4 3212 4526 31 5247
4 792 4880 4583 5339
4 4140 5166 4958 5190
4 2120 86 4500 5394
4 3502 624 3500 4627
4 1551 1907 1908 4457
4 3684 4588 4318 4686
4 3252 4336 2238 5378
4 3902 5202 2386 5352
4 3665 179 713 4436
4 5010 5201 4038 5434
4 1845 1831 1633 4445
4 4408 4768 1053 5473
4 3703 4145 4631 5149
4 2227 4214 2228 5522
4 3815 3993 4381 4997
4 83 4839 4558 5475
4 3966 4027 3816 5433
4 3731 4511 4014 5361
4 4116 4628 4518 5510
4 4014 4511 2243 5361
4 2190 2180 2189 4794
4 4223 4729 3983 5506
4 4218 4914 19 5116
4 4078 4498 2392 5354
4 3701 4814 4297 4984
4 4013 4456 3964 4900
4 3776 4746 3968 5572
4 2055 2911 2837 5414
4 3940 4188 5019 5291
4 155 4664 3897 5208
4 3858 4157 4810 5372
4 2861 2682 2858 4293
4 4296 4920 3767 5357
4 1443 4438 1445 4985
4 1206 1204 1205 5064
4 3754 4385 3965 5332
4 950 4286 2830 5577
4 3958 4294 4527 4887
4 2050 5096 2910 5145
4 3938 4570 4248 5528
4 2118 3796 4500 4623
4 1379 4940 1778 5074
4 132 3524 643 4170
4 1111 4358 5118 5151
4 3395 3393 577 4501
4 57 4239 4023 5278
4 1554 1613 1615 5250
4 2367 2802 2417 5550
4 3758 3868 4914 4934
4 2085 2084 2083 4097
4 2811 2171 2086 5136
4 3968 4746 4330 5572
4 600 105 3455 4468
4 3880 4867 3714 5489
4 4139 5166 5442 5465
4 4040 4844 4386 4894
4 726 267 2058 868
4 1996 1524 1520 4905
4 4081 4918 4198 5221
4 3637 741 702 922
4 3689 4308 4534 5281
4 31 4162 5247 5587
4 1179 4586 4804 5584
4 2360 4840 3986 4944
4 3940 5338 4380 5579
4 4216 4528 641 5065
4 147 3983 4572 4847
4 2354 4119 2356 5377
4 4587 4916 3752 5239
4 2911 5009 2538 5191
4 3994 4834 3751 4981
4 538 67 4255 5331
4 1352 1744 1350 5449
4 3787 4303 3981 4869
4 821 823 828 5308
4 3750 4325 3981 5150
4 3271 3269 515 4714
4 2621 3772 4273 4275
4 4239 4670 3300 5519
4 764 5467 4421 5525
4 3768 4101 4927 5063
4 4008 5064 3743 5592
4 3297 4239 3300 5519
4 2998 2997 3124 5561
4 91 3389 574 4371
4 1675 4917 1674 4938
4 53 2694 2605 4681
4 931 4720 4378 5581
4 3357 551 3358 4453
4 4279 4549 3887 5138
4 3126 4346 4952 5242
4 2935 2819 438 2984
4 1588 1284 4617 5422
4 781 4613 4293 5494
4 871 4379 878 5287
4 2681 2357 2373 4307
4 1956 4737 1654 5179
4 1607 1904 1507 5124
4 2752 2873 2462 4624
4 2161 5256 3837 5514
4 1878 1998 1648 4709
4 938 812 929 4407
4 3835 4776 3967 5092
4 3042 4867 3041 5333
4 2961 2815 449 2966
4 3029 4418 5214 5498
4 1243 4261 1887 5276
4 148 660 4456 5216
4 4679 5078 3939 5472
4 4144 4447 4281 5493
4 3728 4850 4429 5542
4 3756 4120 4722 4752
4 635 129 3970 5135
4 1511 1545 1512 4668
4 2723 2373 2359 4390
4 696 4234 169 5342
4 2071 2923 2876 4361
4 2808 4401 3808 4479
4 1732 1715 1731 4975
4 2027 5372 2885 5478
4 3940 5019 4204 5291
4 3035 3037 4373 5209
4 2763 2392 2764 4078
4 67 4184 538 4868
4 3706 4155 4925 5129
4 2058 2850 268 726
4 3829 4569 2322 4653
4 2610 2781 2173 4117
4 1455 1661 1781 4803
4 3950 4755 4751 5572
4 1338 1336 1337 4277
4 1012 5170 4249 5408
4 3997 3822 5088 5141
4 968 967 969 5469
4 118 3473 2577 4596
4 1090 1037 338 2016
4 2907 2835 952 4494
4 1001 4316 962 5414
4 2657 4766 3918 5409
4 2144 5060 4847 5503
4 2430 2432 2431 4300
4 1615 4628 5107 5250
4 50 514 3272 4714
4 3875 3806 5173 5183
4 2688 4852 2690 5420
4 2935 2985 2986 4852
4 2496 4509 5003 5589
4 1060 1095 1122 5442
4 2731 4462 3903 5095
4 4263 4990 3968 5197
4 1084 4937 1096 5143
4 3803 4617 4090 5089
4 1024 5230 4290 5457
4 3954 4168 4668 5464
4 3724 5541 4348 5557
4 4056 5404 5296 5462
4 3788 4324 4586 5407
4 2547 2727 3848 4835
4 3735 4887 4294 5314
4 2599 2697 2596 5413
4 3923 5296 5404 5462
4 3983 4684 2711 5506
4 4452 5210 3683 5455
4 3813 4696 4091 4973
4 2278 4109 2625 4822
4 2733 4397 3859 4969
4 3195 4462 474 5322
4 4830 5280 3984 5551
4 1317 5254 1485 5569
4 1916 4249 1174 5226
4 3628 3627 4434 5353
4 3729 4408 4768 5502
4 2129 2128 2130 4404
4 1776 1307 1289 4534
4 4155 4256 3757 4888
4 4090 4357 3977 5552
4 1835 1836 1244 5431
4 1889 1379 1778 5074
4 10 4647 2738 4747
4 3555 3554 3557 5060
4 2802 2367 2366 4855
4 140 4609 3965 5020
4 4367 5145 3879 5465
4 2911 4316 2837 5414
4 1508 1509 1506 4306
4 2910 2836 2453 5096
4 2584 2585 2583 4579
4 3968 5112 3882 5261
4 2674 2840 2673 4808
4 841 835 2890 4854
4 3742 4225 4012 4642
4 4201 3714 4867 5062
4 2558 2420 2896 5113
4 4441 5095 2533 5563
4 4154 4608 3846 5287
4 2128 4404 2129 5139
4 4003 3729 5193 5249
4 2247 4507 2658 5460
4 1859 1754 1858 4416
4 2080 2079 2078 4943
4 3794 4910 4391 5600
4 4011 5108 5283 5518
4 76 3362 553 4443
4 1042 5207 2827 5473
4 3732 4646 4657 5440
4 4561 5032 4298 5094
4 1502 1602 1606 4475
4 1562 1852 1538 4342
4 4785 5170 990 5408
4 4133 4844 4390 4991
4 756 1162 234 733
4 32 3227 494 2186
4 2290 2747 2459 5253
4 1589 1587 1376 4625
4 3875 4873 5446 5507
4 3827 4650 4253 5175
4 5112 5127 3950 5572
4 2221 2219 4652 5398
4 3962 4463 4126 4512
4 3668 4436 183 5068
4 824 4127 907 4640
4 3715 4098 4956 5311
4 1931 949 2009 4520
4 889 4421 764 5467
4 1675 4938 1676 4946
4 4324 4586 3675 4804
4 3707 4209 4865 5411
4 1758 4389 1347 5058
4 1140 2003 748 4851
4 1844 4683 1480 5520
4 2914 2816 2875 5317
4 3780 5078 4132 5218
4 3205 3202 3203 4402
4 3807 3790 4729 4866
4 3934 4177 4856 5023
4 4021 5373 5357 5588
4 2177 2170 32 5219
4 4181 3840 4662 5595
4 1515 4780 4343 5309
4 3676 4928 5373 5422
4 140 4385 3965 4609
4 969 1010 1032 5469
4 1964 218 724 859
4 2799 2455 4355 5456
4 1314 1306 1310 5558
4 951 2834 314 997
4 1735 1334 1411 4315
4 3034 3036 3035 5489
4 131 4528 4698 5065
4 2625 2278 2624 4109
4 2556 2555 2852 4314
4 2676 2753 2206 5208
4 3820 4008 4338 4568
4 1283 1613 1846 5250
4 2109 4504 2107 4931
4 731 1979 214 860
4 2330 4384 2331 4563
4 836 175 906 4125
4 4088 3779 4702 4816
4 735 269 2036 832
4 3784 3997 4701 5068
4 2253 2251 2252 4571
4 4452 5350 5579 5597
4 691 5259 164 5599
4 3777 4769 3929 5053
4 1557 1776 1853 4274
4 2501 4006 4360 5157
4 4583 5057 4054 5564
4 2595 2849 3988 4402
4 4296 4612 4191 5036
4 1702 4873 1384 4981
4 2537 2538 2536 4284
4 3778 4718 3804 4889
4 1648 4709 1646 4950
4 4205 4577 4075 5259
4 3175 3178 3177 4243
4 2403 4069 2506 4802
4 180 715 4226 5530
4 107 4360 4006 4798
4 4194 5368 4454 5538
4 4439 4889 3778 5188
4 1776 4534 1289 5281
4 1014 1002 982 4982
4 3483 3482 3481 4467
4 2373 4390 2723 5383
4 2722 2384 2744 4941
4 3930 4838 706 4854
4 1247 1258 1771 5021
4 1095 5166 4139 5441
4 4562 4609 137 5020
4 1298 4865 1691 5091
4 4589 5003 4006 5484
4 3776 5451 4746 5572
4 3800 4283 4735 5037
4 1083 4421 1084 5143
4 2611 2617 2613 3937
4 3709 3889 4624 4899
4 3370 2619 80 4273
4 2173 2776 2100 4674
4 3382 4449 3380 5475
4 74 4516 3355 5351
4 1816 1765 1764 4675
4 1913 1162 234 756
4 4196 4722 172 5224
4 1737 1815 4707 5056
4 4046 4488 4082 5421
4 4025 4887 5314 5483
4 4284 5009 4316 5191
4 4458 5345 3811 5386
4 3742 4126 4463 4512
4 2108 3980 2771 5490
4 2353 2355 2561 4266
4 4099 4632 3790 5461
4 2518 4440 4166 5256
4 3965 3754 4562 4609
4 2561 4266 2355 5377
4 2477 2481 2051 5376
4 1802 4570 1203 5159
4 876 4515 815 5581
4 4269 4532 3810 5279
4 3967 4776 3835 4782
4 4523 5059 3956 5087
4 788 915 4916 5239
4 2648 2785 2646 5597
4 4590 5008 3686 5418
4 3864 4728 3704 5384
4 632 129 4187 5268
4 3033 3034 2950 4461
4 1999 1563 4259 5264
4 2765 2166 2771 4619
4 3409 3410 3408 4440
4 1881 4448 1872 5430
4 4233 4496 3905 5042
4 1343 1342 4523 5526
4 4574 4740 3896 5347
4 2924 3108 1112 4660
4 3602 163 683 4384
4 3607 3606 686 4555
4 127 631 4203 4363
4 4473 4575 4304 5347
4 4233 4882 4496 5042
4 2860 2468 5071 5222
4 3374 2153 3375 2119
4 92 4325 3405 5227
4 1381 1887 1243 4261
4 2378 2733 2470 4969
4 2430 4300 2431 5563
4 57 5161 4857 5401
4 4680 5282 1373 5569
4 4129 5234 1820 5309
4 1658 1125 1996 5546
4 1010 977 976 4700
4 659 4238 145 4552
4 4247 3973 5228 5574
4 1655 4672 1693 5511
4 3948 4009 3766 5384
4 1918 4986 1921 5066
4 2791 2641 2640 4995
4 1737 1738 4474 5537
4 3858 4695 4217 4810
4 463 15 3172 4400
4 182 2726 712 3672
4 3820 4338 4008 4765
4 2416 2415 2367 5041
4 3823 4325 3952 5150
4 3818 4228 4808 5221
4 1514 1590 1630 5129
4 2706 513 3270 4714
4 4092 4873 3751 4979
4 930 4320 4072 4854
4 3689 4534 4274 5281
4 1080 4661 1076 5118
4 1093 1041 349 2048
4 3732 4161 4812 5440
4 223 864 743 1950
4 1044 2019 329 1085
4 2299 2750 2448 4478
4 3783 4663 3990 5475
4 600 4256 4468 4540
4 4150 5162 1578 5487
4 2669 3575 4582 4778
4 4769 5289 132 5323
4 3730 4844 4386 5147
4 2340 2338 2392 4498
4 3839 4639 4100 4721
4 699 258 3639 741
4 4237 4982 4165 5325
4 2124 2122 2657 4488
4 2751 2386 2578 5352
4 927 829 871 5287
4 3972 4781 4399 5205
4 3661 4072 179 4907
4 2763 4078 2764 4766
4 1710 1377 1196 5027
4 3822 4318 5141 5416
4 869 879 731 4946
4 3255 3256 508 2615
4 4384 4530 3978 4563
4 849 4583 1983 5564
4 3136 3124 5381 5561
4 931 720 875 4378
4 3715 4180 4560 5465
4 1329 1330 1328 5061
4 4087 4196 3756 5342
4 2790 2621 4275 5195
4 941 900 852 5099
4 3083 3092 4345 5364
4 870 5057 881 5564
4 3875 4981 4873 5507
4 4014 4565 2242 4843
4 1700 1939 4391 5600
4 3763 4144 4281 5493
4 1220 1221 4312 5274
4 47 4721 3266 5367
4 547 71 3336 4397
4 353 2026 2833 1089
4 1083 1923 4421 5143
4 4535 4643 3885 5325
4 1619 1617 1618 4518
4 4066 5418 5283 5518
4 3794 4972 4176 5186
4 672 4225 153 5387
4 4088 4816 4702 5433
4 1529 4435 1526 5229
4 1247 1251 5021 5276
4 298 946 2007 5109
4 1685 4626 1683 5301
4 3944 4988 4310 5385
4 2280 2244 4565 4843
4 1541 1575 1576 4956
4 1190 4411 1189 5374
4 2258 3898 2279 4796
4 4241 4926 4478 5412
4 2266 2301 2268 5545
4 2741 3896 4341 5181
4 848 870 718 5564
4 2575 2574 2872 5029
4 4227 4985 1442 5539
4 1354 1355 1356 4979
4 1352 1353 1354 4979
4 1787 4970 4124 5393
4 798 797 800 5533
4 1153 1564 1974 4503
4 171 3640 898 5477
4 982 981 980 5230
4 2026 2902 2833 4442
4 1939 1700 4391 5601
4 3696 4527 4983 5545
4 4095 3840 5099 5297
4 1317 1849 1485 5254
4 3806 4834 3994 4981
4 3812 4131 4638 5236
4 3783 3990 4663 5274
4 479 3214 3216 4669
4 4426 3951 5388 5419
4 2228 4849 2230 5522
4 4152 5083 973 5546
4 1089 1064 1035 4442
4 1020 1005 960 4361
4 1337 1336 1335 4984
4 2937 3052 2865 4594
4 3885 4359 4497 5282
4 3901 4590 3686 5256
4 4208 5044 4003 5311
4 1138 2941 397 1914
4 547 68 3334 4497
4 3332 3334 540 4497
4 2931 3053 420 2033
4 2579 2317 2316 5360
4 4009 4497 4359 5282
4 3084 2940 3067 4391
4 4215 4445 3758 5294
4 3820 4271 4091 5417
4 861 933 5478 5567
4 3061 2480 448 4725
4 3211 2232 30 4526
4 1954 2948 1133 4556
4 4533 4732 3924 5598
4 3860 4482 3704 5045
4 3770 4234 4087 5397
4 3883 4832 4151 5025
4 1506 1508 4306 5359
4 2247 2658 2295 5460
4 3933 4804 4185 4932
4 2795 4064 2516 5542
4 4379 5189 3846 5287
4 1935 1642 2007 4304
4 1897 1900 1621 5150
4 715 180 5068 5530
4 1641 1642 1935 4304
4 3044 3097 3145 4904
4 2850 2036 269 832
4 4390 5275 3850 5383
4 4570 5054 3680 5125
4 3920 4216 4170 4692
4 2595 3891 2593 4402
4 2371 2345 2347 4001
4 4311 5326 3922 5327
4 3993 4376 3815 4381
4 3548 4430 3549 4609
4 1742 1980 1676 5363
4 1634 1636 1400 4706
4 558 79 5345 5476
4 3119 3149 3056 5222
4 3865 4847 2144 5060
4 4181 5099 3840 5297
4 2353 2355 4266 5377
4 2814 3074 442 2038
4 278 2062 751 5362
4 3889 4441 3971 4980
4 2767 2167 2656 4505
4 3752 3871 5065 5470
4 375 1133 2948 3058
4 4061 2483 5041 5312
4 2859 2429 10 4413
4 1752 1672 1303 4776
4 3486 623 121 4942
4 475 3903 4215 4462
4 2348 3528 640 4510
4 1327 4739 1325 5271
4 5036 5357 4296 5495
4 881 792 4583 5339
4 2442 4401 3879 5145
4 1174 1915 2973 5453
4 296 971 945 1934
4 1323 4506 1389 5271
4 3675 4804 4586 5584
4 2345 2347 4001 4510
4 116 4338 619 5531
4 4482 4550 3864 5426
4 1683 4626 5212 5301
4 566 3370 3371 4273
4 4169 4808 4228 5221
4 2140 2667 2176 5110
4 4134 4823 3674 5318
4 97 4287 587 4541
4 2613 4100 4721 5081
4 2887 2700 2699 5086
4 3795 4596 2358 4840
4 1357 1355 1701 4873
4 100 4541 3967 5328
4 1222 4312 1221 5585
4 2317 2579 2320 4178
4 3617 4577 3620 5599
4 3923 4334 5155 5371
4 3701 4297 4814 5324
4 1281 1185 1187 4496
4 3941 4367 5442 5465
4 3227 3228 494 4754
4 1516 4299 1517 5300
4 2338 2392 4498 5354
4 1570 4797 4165 5114
4 3533 3531 644 4488
4 3981 3787 4978 5463
4 3771 4678 4290 4694
4 3752 3871 4698 5065
4 1501 4935 1499 5138
4 2766 4801 4177 5409
4 139 653 3548 4430
4 4142 5267 5182 5419
4 3863 4094 4031 4714
4 3199 4214 479 4799
4 3737 5061 4118 5258
4 4337 4962 799 5165
4 839 2900 243 750
4 4446 5318 3674 5578
4 704 4030 2323 4838
4 3819 3965 4385 5332
4 3460 608 3462 4585
4 3822 4436 3997 4902
4 3691 4812 4383 5288
4 1513 1514 1509 5129
4 3883 4612 4296 5036
4 950 1028 4286 5577
4 1948 1142 1707 4410
4 455 3152 11 4413
4 1247 5021 1245 5276
4 2162 4580 2169 5514
4 3817 4575 4019 5072
4 660 4908 145 5216
4 757 4229 5144 5525
4 1385 1341 1339 5087
4 4615 4940 3690 5544
4 3731 4972 4169 5221
4 1355 1357 1356 4322
4 810 4037 809 5329
4 1792 5393 1761 5446
4 1503 5104 4475 5359
4 1711 1712 1713 4366
4 2017 5410 4629 5523
4 1968 747 859 4916
4 3765 4035 4489 4859
4 19 466 4401 5116
4 2654 4388 2758 4717
4 3357 4453 3359 4557
4 1500 1501 1499 5138
4 3724 4636 5164 5390
4 619 4338 116 5417
4 1736 1737 1738 4474
4 723 262 855 2868
4 2129 4601 2649 5139
4 1688 4824 1687 5005
4 4064 4590 4235 5008
4 20 4466 475 5497
4 1812 1468 1398 4987
4 3938 5054 4570 5125
4 1457 1781 1473 5481
4 3807 4729 4223 5506
4 1503 1502 4475 5104
4 772 766 767 3917
4 1645 4575 1386 5072
4 988 4982 4237 5133
4 2158 2162 2161 4331
4 3988 4651 3908 5137
4 1078 1111 1080 5118
4 3599 3600 676 4341
4 528 4239 57 5278
4 4277 4814 3701 4984
4 2613 5081 4721 5548
4 1792 4648 5393 5446
4 3951 5182 5267 5419
4 1925 4391 1700 5601
4 3897 5048 155 5208
4 3131 3116 2988 5582
4 2086 2085 2087 4387
4 1708 1677 4954 5270
4 218 1964 1968 859
4 2867 2467 4594 4815
4 3555 656 144 5060
4 474 4462 23 5322
4 991 4254 4785 5408
4 967 968 966 4878
4 17 4208 467 4914
4 4181 4662 3840 5099
4 3047 2930 2032 4738
4 3767 5004 4168 5357
4 4170 4769 3929 5196
4 1765 4675 1773 4918
4 3955 4183 4897 5094
4 1653 4476 1327 5271
4 2691 4579 2584 5075
4 1603 1597 1154 5486
4 3848 4226 2547 4835
4 1017 4494 952 5414
4 2238 4260 2236 4791
4 140 3965 4872 5020
4 2629 2784 2135 4460
4 2095 96 2525 5504
4 1634 1400 1372 4706
4 618 4119 4731 5273
4 3873 4591 4184 5411
4 4490 5375 3950 5451
4 3734 4134 5344 5348
4 4230 4459 772 5580
4 1128 1809 1986 5564
4 864 223 1158 1950
4 3935 5040 4247 5574
4 2110 2771 2166 4619
4 1806 1759 1807 4470
4 1730 1804 1401 4403
4 3746 4745 3950 5375
4 38 2157 495 2163
4 1447 1446 1445 4691
4 133 638 3512 2701
4 2790 4275 2788 5030
4 100 3967 4782 5328
4 3610 3609 3611 2713
4 3721 4693 4194 5471
4 4098 4768 3729 5311
4 4416 1859 5015 5395
4 2611 2115 2617 3937
4 3774 4100 5321 5434
4 968 4878 967 5469
4 4545 4750 12 5454
4 4892 4947 880 5494
4 3724 4348 4786 5557
4 1497 1179 1584 4586
4 1761 1383 1359 4291
4 136 2124 3533 5421
4 3000 2928 382 1127
4 4169 5221 4228 5361
4 2368 5412 4241 5566
4 130 3509 633 4630
4 2613 2612 4100 5081
4 3769 4926 4241 5260
4 1623 1193 1192 4356
4 4191 5517 5357 5588
4 3143 5184 2991 5571
4 2853 2721 4662 4991
4 4303 4487 3981 4869
4 3908 3701 4788 5137
4 928 745 850 5362
4 115 4840 4696 5284
4 140 3965 4385 4872
4 19 4401 4180 5116
4 1109 4909 1059 5207
4 4511 4972 3942 5460
4 2118 2634 2120 4500
4 3919 4819 4309 4926
4 4309 4819 3846 4926
4 4317 4968 3682 5462
4 1407 1405 4976 5450
4 2305 2303 2306 4429
4 1009 4700 1010 5469
4 1493 1866 1777 5539
4 4139 5166 4140 5441
4 946 298 999 5109
4 3819 4959 3965 5332
4 577 5047 92 5443
4 1968 1145 747 4916
4 1557 1776 4274 5388
4 1582 4249 4771 5453
4 3922 4311 5389 5432
4 961 963 962 5223
4 2864 4524 2562 5356
4 2345 2343 4234 5590
4 2151 2158 2161 4908
4 1111 5118 1078 5151
4 4025 4887 4262 5212
4 2682 2861 2681 5016
4 342 1977 1938 1049
4 1276 5122 4179 5431
4 57 524 4329 5519
4 1756 1214 1216 5077
4 3454 4540 3452 5154
4 2943 395 1161 1689
4 2347 2371 4001 4510
4 1300 4416 1859 5015
4 3713 3895 4545 4737
4 3783 4811 4164 4839
4 2460 2830 2780 4286
4 2681 4307 5016 5377
4 1232 4649 1231 5067
4 89 4428 4137 5011
4 66 3319 4820 5331
4 3975 4770 4398 5102
4 2294 3908 2717 5396
4 3864 4321 4728 5384
4 1744 4677 1890 5018
4 3816 4027 3966 4886
4 711 2895 182 3663
4 4252 4687 4482 5070
4 849 210 718 5564
4 3686 4628 4285 5418
4 3143 2991 3120 5571
4 3816 4251 4027 4974
4 3845 4646 4602 5440
4 3743 4091 3959 4493
4 2111 2710 2109 5586
4 3887 3788 4549 5154
4 3503 629 127 4203
4 1829 4902 4743 5200
4 4283 4400 15 5037
4 719 212 789 1981
4 1979 731 4946 5363
4 183 715 5068 5530
4 4307 3850 5275 5383
4 1313 1479 1293 5091
4 3676 5004 4685 5373
4 984 2047 310 998
4 3997 4749 3784 5088
4 763 761 762 4715
4 3092 4904 4345 5364
4 3216 480 4313 4399
4 2824 2065 5237 5488
4 1952 1655 1656 4672
4 1479 1843 1842 4775
4 4214 4581 3973 4849
4 1013 1017 952 5414
4 3085 5315 3842 5561
4 4494 5009 2541 5414
4 1747 4380 5338 5532
4 4099 4967 3869 5500
4 3758 4914 4218 4934
4 2576 693 3628 5353
4 3790 4534 4426 4866
4 3767 4457 4668 4874
4 533 3305 3306 4420
4 3985 4578 4937 5543
4 1659 1660 4520 4779
4 3707 4539 4865 5091
4 2874 4733 2464 5225
4 2338 4498 2340 5292
4 1865 4712 1266 5370
4 3696 4262 4887 5512
4 686 3606 165 2757
4 2008 1971 1074 5211
4 4014 5059 3825 5106
4 1159 2944 5014 5146
4 1519 1461 4386 5255
4 4173 4937 3976 5543
4 4680 5045 1706 5487
4 3698 4332 4726 5262
4 2121 4045 2122 5355
4 4203 4299 3745 4913
4 2681 4307 2373 5383
4 1517 1516 1518 4299
4 1702 4981 1705 5507
4 2818 2062 278 5362
4 3767 4958 4296 5495
4 2935 3069 437 4852
4 4685 5004 4021 5373
4 1492 1796 1438 4439
4 587 4287 97 4871
4 2613 2612 5081 5548
4 3856 4030 3991 4205
4 3822 4395 3997 4436
4 3706 5168 4306 5588
4 2402 4360 3870 5428
4 4311 3927 5389 5420
4 4168 5373 4928 5422
4 569 87 3990 4558
4 1457 1456 1455 4631
4 1498 5138 1499 5508
4 1581 1577 1151 5199
4 2354 2353 4630 5377
4 95 582 3409 4440
4 3873 3707 4591 5411
4 3085 3062 2996 3842
4 3763 4281 4447 5493
4 2664 2294 2237 4788
4 3013 3015 3017 4422
4 2387 2768 2701 4108
4 2412 2451 2445 4296
4 2833 354 1089 1094
4 4017 4256 3757 4468
4 2449 2565 3930 5105
4 2878 2576 2575 4037
4 1445 1446 1444 4691
4 1560 1391 4532 5410
4 3949 4397 4760 5279
4 4950 5267 4492 5419
4 1816 1394 1817 4297
4 4241 5412 4478 5566
4 883 867 826 5200
4 41 5233 4521 5378
4 824 919 825 5213
4 1045 2008 1074 4753
4 4535 4760 4397 5279
4 3949 4535 4397 5279
4 2324 4569 2322 5352
4 1054 4259 1116 5502
4 3024 3025 2936 4503
4 4188 3773 5019 5291
4 1366 5055 1365 5167
4 3750 4978 3981 5227
4 2160 2508 2276 4821
4 1867 1487 1868 4659
4 1164 2939 1946 4469
4 3759 4103 4707 5056
4 1264 1608 1284 4617
4 2503 2502 4358 5157
4 3789 4526 2312 4849
4 2305 2303 4429 5509
4 3170 3167 4859 5454
4 4017 4468 3757 5104
4 1869 1865 1266 5370
4 2093 2523 2092 4057
4 2460 2830 4286 5577
4 3894 3718 4434 4876
4 3764 4069 4870 5482
4 1394 4814 1337 4984
4 440 2061 2589 3051
4 2255 3284 519 4372
4 4492 5267 4093 5277
4 2521 3397 94 580
4 2461 4003 2462 5193
4 3059 2939 3011 4469
4 2411 4296 2445 5330
4 1386 1645 1635 4575
4 988 4237 987 5317
4 1426 1488 1762 5305
4 2451 2453 2445 4645
4 4244 4562 3683 5455
4 17 4243 3178 5116
4 831 721 2031 4127
4 1045 1087 335 1933
4 2412 4296 2411 5517
4 536 65 5178 5415
4 4198 4918 3818 5221
4 4345 4904 3786 5364
4 3092 3097 4904 5364
4 2109 2204 2107 4504
4 392 3071 2959 1130
4 1142 400 3064 1585
4 2373 2723 2683 5383
4 1949 4772 4469 5063
4 954 2909 312 5073
4 3195 2540 472 5095
4 2971 3103 2973 5453
4 1438 1796 1436 5188
4 3561 662 2158 4331
4 2608 2356 2354 4119
4 63 4482 4252 4831
4 58 526 3296 5392
4 4090 4966 4617 5552
4 2954 2589 441 2038
4 4544 3984 5280 5551
4 3788 4586 4546 5407
4 2370 4000 2422 5376
4 2968 2970 3078 4826
4 1849 1643 1846 4536
4 1869 1266 4712 5370
4 179 4436 3969 5213
4 2386 3902 2662 5202
4 3927 4579 5251 5420
4 4788 5137 3701 5324
4 2919 2503 4358 5151
4 4080 4450 3798 5407
4 2881 836 737 4125
4 3766 4150 4826 5384
4 523 3288 55 4192
4 3487 5006 622 5555
4 1365 1367 1366 5167
4 2706 3270 48 5052
4 3283 2253 519 4372
4 3817 5072 4126 5304
4 2150 2611 2612 4100
4 1428 1813 1488 4903
4 1163 1986 1987 4337
4 2082 4559 3900 5285
4 1103 1053 4768 5473
4 140 4385 4809 4872
4 2424 5113 3974 5466
4 1697 1395 4910 5058
4 2782 3882 2783 5261
4 1814 1323 1321 4506
4 4090 4617 4357 5552
4 2705 2251 50 4714
4 5067 5334 4220 5366
4 1273 4911 4347 5430
4 2758 160 4388 4955
4 1188 1187 1186 5374
4 1766 1304 1207 4414
4 2196 4352 2185 4754
4 4232 4852 3927 5198
4 4492 4749 4142 5277
4 379 3059 2927 1144
4 541 3323 3321 5001
4 3942 4972 4511 5391
4 1568 4461 5062 5333
4 3126 3007 4346 5242
4 1648 1558 4709 4950
4 1080 1076 1078 5118
4 1203 1202 1201 5159
4 1691 4539 1313 5091
4 1735 1334 4315 5535
4 3566 147 4223 4729
4 3979 4331 148 5216
4 1460 1459 1461 4597
4 3576 3574 666 4582
4 785 4892 880 5494
4 4377 3974 4700 5466
4 3358 4027 3359 4557
4 1040 1120 1074 5211
4 195 727 834 2004
4 1714 1250 1810 4758
4 3604 2330 4384 4955
4 2222 4652 2219 5261
4 1103 1055 1061 4768
4 4886 4974 3816 5369
4 2702 4437 2154 5302
4 1958 1955 1782 4407
4 2330 2332 2331 4384
4 2694 2046 2695 4193
4 3715 4139 4654 5442
4 3796 3783 4811 4953
4 2850 2853 2721 4662
4 1738 1739 1736 4474
4 2790 2788 2651 5030
4 1424 1762 1486 4588
4 1978 216 1145 806
4 4017 4829 4475 5124
4 3940 5307 4615 5338
4 826 843 822 5200
4 712 2726 181 3671
4 1437 1435 1544 5220
4 3923 5334 5067 5366
4 1252 1728 1897 5463
4 1000 958 302 1976
4 1763 1493 1444 4369
4 1849 1643 4536 5448
4 3247 2715 4773 4791
4 747 1145 216 806
4 1993 4902 1829 5200
4 3973 4581 4486 4849
4 1896 4744 5150 5568
4 2420 2558 2382 4491
4 3832 5233 4277 5447
4 792 795 790 5339
4 3867 4875 4425 5313
4 3685 4177 5409 5435
4 2618 4036 2794 4639
4 4129 5234 4386 5255
4 3128 3112 3050 4245
4 33 3226 488 4754
4 1735 4315 1411 5320
4 2733 2291 2460 4397
4 3828 4634 4199 5049
4 147 4847 658 5503
4 967 4878 5109 5469
4 4415 5131 1884 5404
4 3857 4082 4046 4488
4 3739 4000 4643 5549
4 1244 1243 4724 5134
4 492 4746 4754 5098
4 2475 2050 2910 5145
4 1183 1611 1382 4882
4 826 822 825 3969
4 1244 5134 4724 5431
4 3761 3997 4749 5068
4 3940 4677 4380 5338
4 3347 548 3346 4257
4 1929 1707 4410 5487
4 3853 4388 161 4955
4 3274 52 4681 5316
4 3566 4223 665 4729
4 496 3231 2730 3230
4 3026 5214 4141 5498
4 3500 3503 4365 5553
4 4196 4722 3756 5342
4 2860 2032 2930 4738
4 1373 4680 1469 5282
4 3790 4967 4099 5500
4 995 950 1016 5133
4 3347 3345 554 4257
4 3735 5212 4626 5301
4 881 796 792 5339
4 4461 3714 4867 5489
4 1116 1054 1091 4259
4 1320 4349 1319 5459
4 3929 4939 3741 5196
4 3935 4247 5228 5574
4 2617 3937 2115 4848
4 1231 1233 5067 5366
4 2431 4441 2533 5563
4 625 3489 124 4424
4 818 815 5176 5581
4 3992 4458 4443 5512
4 3091 3076 3038 5046
4 1922 4421 1923 5143
4 2240 2238 506 4336
4 2561 5016 4266 5377
4 3959 3743 4493 5051
4 2074 765 280 2813
4 115 4696 4840 4973
4 4296 4958 3883 5495
4 2129 4404 4601 5139
4 878 871 728 4379
4 3262 4131 3261 4638
4 751 850 278 5362
4 623 3484 5006 5555
4 3991 4483 690 5243
4 3462 3461 4585 4764
4 954 312 994 5073
4 2890 841 4854 5479
4 4367 3715 4909 5442
4 3763 3955 4906 5161
4 4416 5015 4480 5395
4 510 4721 47 5321
4 3926 4811 4164 5385
4 2392 2696 4078 5354
4 1683 4626 1684 5212
4 4179 5134 1242 5431
4 3883 4140 4958 5190
4 39 3233 4690 5319
4 2255 4015 2257 4789
4 3246 3247 4773 5286
4 3814 4328 4104 4941
4 3826 4837 4416 5395
4 4017 4888 4306 5359
4 3426 99 4542 5142
4 708 3997 3667 5068
4 2152 2628 2629 4371
4 2371 4393 4001 4510
4 4156 4632 3830 5158
4 1151 2942 404 1915
4 1942 1773 1945 4370
4 2035 2820 2707 4052
4 4448 4618 4067 4812
4 4172 4726 3698 5403
4 1383 4291 1761 5393
4 2009 294 1125 983
4 4307 5117 5016 5377
4 66 2217 537 2212
4 107 598 3448 4589
4 3448 3449 605 4589
4 2077 2076 2075 4881
4 1363 5055 4922 5301
4 4039 5137 4788 5324
4 3910 4989 4514 5468
4 1337 4814 4277 4984
4 3946 4363 631 4611
4 2354 2355 2353 5377
4 4901 5321 4100 5434
4 4034 4889 4439 5188
4 3433 4732 3432 5598
4 3902 4636 3982 5390
4 1320 1321 1319 4349
4 3534 4432 137 5020
4 2759 2758 2654 4388
4 819 4425 886 5562
4 262 723 2045 2868
4 4126 4463 3962 5304
4 2040 2471 2901 4378
4 999 945 1009 4409
4 3683 5210 4452 5579
4 3050 2946 427 2028
4 1409 1744 1890 5018
4 4103 5056 3759 5447
4 2391 2581 4121 5516
4 3991 4205 4030 5243
4 1156 4259 1563 5424
4 2765 2633 2769 4187
4 2604 2661 2692 3907
4 713 4072 3661 4640
4 3942 5013 4138 5458
4 1047 4408 1053 5473
4 3683 4641 4380 5579
4 1569 1511 1904 4396
4 4675 4814 4297 5324
4 3827 4650 3982 4968
4 1962 4447 1579 5493
4 3551 140 655 4404
4 1945 1816 1818 5063
4 3676 4617 4928 5422
4 233 1918 854 4986
4 547 4269 71 4535
4 1268 4628 1615 5250
4 1030 1010 976 4700
4 3594 4642 3595 5387
4 730 4337 1163 5533
4 1111 1078 1119 5151
4 4229 5524 5144 5525
4 3069 436 2690 3073
4 1188 1190 1189 5374
4 3632 696 3629 4606
4 2550 2781 4383 5505
4 2392 2677 2340 4498
4 912 5100 926 5306
4 1329 1692 1331 5061
4 1768 1415 1290 4742
4 3927 4311 4852 5420
4 3358 3359 4453 4557
4 4291 1761 5393 5446
4 3742 4463 4126 5304
4 475 4215 3903 5497
4 1436 1434 4823 5188
4 2088 2089 2090 5501
4 2202 2655 2651 3892
4 377 1164 3009 2939
4 3058 4556 3081 5400
4 4290 5230 1024 5577
4 590 2155 3416 4135
4 860 1979 214 1134
4 3900 4666 3456 5169
4 3760 4433 4009 4497
4 3885 4497 4359 4643
4 2238 4336 2239 5378
4 3217 487 31 5205
4 1824 4693 1673 5204
4 3885 4643 4359 4797
4 72 4272 2259 4796
4 1405 1962 1474 4447
4 612 3476 3477 4568
4 3038 3055 3035 5046
4 2560 2559 2831 4290
4 1776 1853 4274 5558
4 1173 1913 235 756
4 2808 2442 2807 4401
4 1063 1035 1064 4832
4 91 574 4212 5565
4 217 1968 747 859
4 1742 1445 1443 4438
4 2852 3891 2595 4977
4 2358 2360 2359 4944
4 3195 2540 4462 5322
4 41 4521 5106 5378
4 4286 4982 1016 5133
4 1624 1477 1631 4745
4 2083 2082 2081 4644
4 2681 5016 4307 5383
4 766 772 744 4230
4 1243 4261 4724 5134
4 3464 3466 614 4603
4 2342 2393 2344 4544
4 1432 1681 1489 5395
4 1300 1754 1859 4416
4 2387 2663 2767 5280
4 1076 1106 1075 4661
4 2206 2191 3897 5048
4 1879 1273 4347 5430
4 1743 1380 1344 5262
4 2246 2685 2248 5458
4 3650 3651 704 4838
4 3965 5020 4562 5455
4 1244 1242 5134 5431
4 1762 4588 1424 5305
4 1100 1084 1083 4421
4 2846 2849 2718 4431
4 4142 3899 5182 5267
4 2530 3906 4818 5153
4 3985 5524 4229 5525
4 3766 5376 4289 5549
4 4122 4771 4359 5549
4 3976 5151 5118 5157
4 5118 5151 4358 5157
4 2030 2819 438 2935
4 3870 4802 2402 5428
4 1231 1248 1233 5366
4 3944 4276 4712 4988
4 4290 4694 4678 5073
4 4562 5020 3797 5455
4 1053 4768 4408 5502
4 4211 4684 3899 5182
4 455 3880 4413 4489
4 172 696 3642 4722
4 2295 4176 5413 5460
4 2780 4286 2830 5133
4 515 4714 3863 5052
4 2151 4166 2161 5256
4 4188 5350 2645 5597
4 3243 37 493 5215
4 1153 1970 1566 4141
4 2961 448 2051 4725
4 4092 4192 3751 4873
4 3627 4037 171 4434
4 2738 453 10 3159
4 1678 1422 1486 4686
4 3609 3610 3612 2328
4 4030 4395 707 5416
4 3980 5132 4619 5490
4 3820 5273 4271 5417
4 4001 4510 4393 4692
4 4033 5490 4504 5586
4 2147 144 2151 2145
4 43 509 4495 5321
4 3487 2486 5006 5555
4 3927 4852 4311 5184
4 1874 1876 1202 5051
4 1652 1879 1876 5051
4 4181 4723 4061 5312
4 2253 519 50 3283
4 3041 5333 4867 5489
4 2462 2461 2438 4003
4 3838 3900 4559 5169
4 765 751 279 2813
4 2996 3085 3842 5561
4 2537 4999 2712 5474
4 1344 1346 1743 4726
4 2461 2462 2463 5193
4 3788 4324 4049 5508
4 1179 4804 1178 5584
4 1355 4873 4322 4979
4 3921 4394 3778 4718
4 896 829 927 5287
4 832 268 2850 726
4 1605 1376 1256 4858
4 810 4876 4037 5329
4 4053 4700 4409 5298
4 2799 2385 2455 5456
4 2291 2290 2459 4760
4 145 4736 4238 5216
4 3126 4952 3007 5242
4 3966 4886 4940 5074
4 4079 4444 3890 5172
4 1049 1091 1101 4502
4 1614 1556 4897 5045
4 837 2000 1140 4379
4 1005 943 961 5223
4 1459 1473 1823 4894
4 3681 4369 4691 4985
4 2625 2628 2630 5529
4 1697 4910 1698 5058
4 2359 2361 2723 4944
4 1610 1622 1901 4485
4 4269 5279 4591 5576
4 2515 2516 4590 5591
4 685 164 5259 5515
4 4269 4497 3760 4960
4 475 23 3196 4462
4 70 3331 2215 4868
4 137 644 4488 5421
4 2149 2649 2648 4898
4 4209 4883 3748 5310
4 2620 2643 2794 4036
4 2770 114 2577 615
4 2249 4507 2247 5458
4 1048 1085 2020 5486
4 4509 4578 3985 5543
4 3670 4226 715 4835
4 1988 1800 1989 5533
4 1463 4833 1462 5255
4 4304 4878 3736 5109
4 1455 1454 1453 4803
4 2503 2504 2919 4358
4 3759 4131 5007 5236
4 1546 1799 1987 4679
4 1952 4556 1133 5400
4 2424 4423 2896 5113
4 3965 3819 4872 4959
4 2489 2505 2276 4538
4 556 78 3348 2262
4 3382 571 84 4381
4 4164 4811 3783 5101
4 4099 3790 4729 5461
4 854 733 233 4986
4 1141 2947 1965 4345
4 1026 4694 1031 5073
4 1462 1463 1464 4833
4 490 34 4949 5219
4 810 908 4876 5329
4 4023 4857 4144 5146
4 3614 3613 682 4483
4 4001 3914 4510 4692
4 2942 2973 404 1915
4 100 589 4533 5598
4 3344 552 76 4759
4 1389 5271 4506 5492
4 2395 4383 2781 5438
4 3667 3665 3666 4436
4 3474 4596 119 4973
4 2145 2787 2143 4199
4 2892 2741 2049 4377
4 3060 3003 3000 4370
4 2600 2839 4841 5237
4 493 3241 3243 4846
4 88 2800 2301 4501
4 1841 4575 1645 5035
4 3425 586 98 5559
4 2119 2120 86 4500
4 2165 112 614 5026
4 1742 4438 1443 5217
4 3784 3829 4701 5141
4 3195 4462 2540 5095
4 3927 5251 4579 5423
4 4574 4575 4019 5347
4 3880 3714 4489 5489
4 4333 5155 3923 5296
4 3986 3876 5284 5505
4 3110 3098 2962 4502
4 3141 3146 3008 5093
4 2613 4639 3937 5513
4 1244 1242 1243 5134
4 1243 1241 1381 5134
4 4280 3712 4661 5028
4 4027 4702 3816 5433
4 791 4029 869 4929
4 1419 1418 1826 4749
4 3998 4763 4553 5399
4 2702 2203 2101 4732
4 2004 1572 4515 4851
4 1696 1345 1343 4921
4 824 4640 919 5213
4 3357 3359 552 4557
4 685 165 4555 5515
4 3750 4744 3952 5150
4 544 3339 2732 4969
4 1443 4438 4985 5217
4 849 1983 210 5564
4 2518 4166 2151 5256
4 3921 4430 4394 4718
4 2394 4596 114 4840
4 1632 4168 5422 5464
4 1697 1698 1395 5058
4 3142 3130 3016 4705
4 4515 4851 3919 5581
4 2496 5003 2495 5589
4 4324 4763 4049 5508
4 4293 3850 4892 5494
4 3810 4591 4269 5279
4 1348 1346 1347 4885
4 1395 1347 1345 4885
4 4173 5143 1943 5486
4 175 836 906 922
4 1757 1274 1864 4774
4 4617 4966 4050 5552
4 2090 4599 2091 5295
4 1078 5118 1119 5151
4 2005 1152 4515 5437
4 3114 2930 4738 5222
4 2612 2611 2613 4100
4 4442 4832 3883 5190
4 1360 1358 4845 4886
4 3842 4704 4193 4993
4 1343 1342 1341 4523
4 4498 5292 2338 5354
4 2931 2033 3105 4977
4 1614 1948 1556 5045
4 1215 1214 1213 4598
4 3238 3240 4490 5451
4 3114 3040 3119 5222
4 1940 1127 1774 5601
4 1786 1363 4922 5301
4 3758 4445 4215 5497
4 2591 2198 2213 4770
4 4160 4910 3794 5186
4 1079 1078 1077 5118
4 4121 4394 143 4593
4 116 3480 4467 5531
4 1065 4753 5025 5190
4 4511 5361 4169 5413
4 3737 4162 4781 5535
4 2946 3112 3126 4952
4 148 4778 4013 5158
4 59 4689 4281 5401
4 2032 4738 2860 5071
4 3747 4449 3990 4663
4 2464 4733 2463 5193
4 734 1139 4807 5306
4 1970 365 3048 2936
4 1085 1077 1044 5486
4 166 3612 2326 2328
4 531 3306 3307 4420
4 3971 4441 4300 5263
4 3060 3000 381 1940
4 1190 1605 1256 4858
4 4607 5373 4168 5422
4 2444 2337 4810 5540
4 97 3419 4135 4748
4 3402 574 3400 4327
4 3768 4651 3988 5137
4 42 2703 2614 4392
4 791 4929 4120 5596
4 2197 2196 2186 4754
4 2839 2028 2674 4245
4 985 955 1014 4629
4 2232 3213 26 4526
4 3002 4391 3067 5601
4 428 2951 3050 2825
4 2690 437 3069 4852
4 3044 3092 3097 4904
4 2980 2981 4329 4857
4 1448 1449 1450 4933
4 5345 5386 4458 5476
4 3811 5345 4251 5386
4 2490 2171 4666 5153
4 3076 374 1954 2948
4 3676 5373 4617 5422
4 2689 4592 2687 5420
4 680 4388 161 5175
4 3695 4564 4415 5131
4 3046 2943 394 5005
4 2280 2794 3909 5548
4 668 4270 153 5554
4 2899 2838 2463 4408
4 2345 4234 4001 5590
4 1611 1185 1281 4882
4 3858 4810 4217 5540
4 4850 4983 3958 5545
4 3939 4513 4132 5365
4 780 782 4524 5079
4 177 704 4030 4569
4 754 889 905 4421
4 2117 2118 82 4500
4 1751 5119 4380 5532
4 1621 1900 1620 5150
4 1444 4369 1493 5539
4 3759 4707 4638 5236
4 632 4584 3511 5268
4 335 1045 1933 1126
4 4052 4710 3842 5315
4 1075 4661 1106 5340
4 2463 4408 2056 5249
4 4421 5467 3985 5525
4 68 4278 4000 5402
4 394 1919 3046 5005
4 831 2031 2894 4640
4 922 906 175 793
4 1787 1792 4970 5393
4 1802 1203 1201 5159
4 167 690 3621 4205
4 2973 3113 2971 5453
4 2034 258 174 699
4 3512 133 2701 5323
4 470 2437 3181 4350
4 371 1132 3033 2950
4 4663 4839 3953 5475
4 3746 4242 4090 4351
4 3534 3536 3535 4432
4 113 3467 608 4741
4 2987 2988 2985 5085
4 3820 4765 4008 5592
4 1380 1344 5262 5526
4 1976 2013 1937 4893
4 565 5030 84 5602
4 1972 1674 1675 4917
4 1967 1965 1567 4345
4 537 2217 66 3319
4 860 791 869 4929
4 350 1046 1093 2048
4 3788 3887 4549 5138
4 2899 2072 4660 4733
4 2690 2884 2689 4311
4 737 2070 2881 4125
4 1397 1686 1825 5212
4 4250 4770 3975 5336
4 2346 2387 2348 5289
4 1009 999 4409 5109
4 208 730 848 1986
4 737 2881 257 836
4 1960 3033 4461 5333
4 4008 4727 4248 5064
4 43 4392 3257 5321
4 3745 4365 3933 4655
4 2620 2621 2685 4273
4 1630 1505 1506 4888
4 1549 1664 1425 4891
4 3763 4374 3955 5161
4 3778 4394 3804 4718
4 1392 1692 1329 5511
4 741 3637 701 922
4 4806 5051 3959 5444
4 1807 1135 1912 4464
4 1848 4543 1539 4956
4 3124 3122 2933 5381
4 1630 1906 1505 4888
4 2967 2969 2968 4826
4 2371 2574 2575 4393
4 2400 2501 4006 4360
4 690 4483 3615 5243
4 4680 5162 1469 5282
4 2006 1639 5313 5437
4 1526 5062 1568 5229
4 1824 1673 1413 5204
4 2678 4088 2626 5351
4 1641 1636 1634 4473
4 1882 4755 1318 5459
4 4078 4856 4718 5435
4 2079 4080 2080 4895
4 3106 3136 3082 5315
4 3304 525 2473 2375
4 1110 1065 4753 5025
4 3764 4191 5036 5168
4 3112 3128 3004 4245
4 4816 4998 4070 5433
4 4262 5022 1367 5167
4 4142 4492 5267 5419
4 2243 2241 4014 5361
4 3738 4099 4632 5111
4 975 1031 1026 4694
4 41 503 4521 5447
4 2005 4515 1572 4987
4 2311 3877 2715 4791
4 1150 1090 338 2016
4 2940 3018 1920 4667
4 1584 4586 1179 5584
4 949 1003 983 4520
4 2804 2469 2805 4612
4 1047 1053 1092 5473
4 3002 3084 3067 4391
4 3100 942 283 1008
4 2078 2486 3928 5006
4 2533 2431 2433 4441
4 1447 1448 1446 4933
4 1670 1537 1536 5024
4 2324 2386 2662 5202
4 1055 1054 1116 5502
4 4514 4989 4143 5468
4 955 985 290 2012
4 1695 1164 1949 4469
4 1148 1073 1040 5211
4 3804 3778 4889 5578
4 4016 5176 4159 5349
4 2325 3991 4030 5243
4 3782 4427 4740 5347
4 4515 4851 1572 4987
4 4666 5153 2171 5257
4 3319 2217 66 4820
4 681 160 2389 4955
4 1491 1860 1681 4480
4 1058 1057 4654 4909
4 3698 5266 4455 5403
4 3712 4280 4661 5118
4 2355 2356 2357 5377
4 20 469 4441 5095
4 3669 3671 3670 4835
4 1563 1938 1999 4259
4 467 4208 17 5116
4 1113 902 2921 4688
4 721 2897 2031 4127
4 116 4957 3980 5547
4 1297 1296 1649 4477
4 3899 5267 4142 5277
4 622 5006 3917 5379
4 3913 4769 4170 5196
4 3907 3834 4699 4789
4 2974 2059 444 4670
4 2452 2532 2509 4920
4 3450 603 3451 4589
4 2045 808 261 2878
4 3729 5152 4884 5193
4 3407 581 3406 5227
4 3883 4958 4442 5190
4 1962 1474 4447 5493
4 1223 5119 4244 5585
4 741 3639 3640 3637
4 3012 3058 3081 5400
4 3965 3797 5020 5455
4 1404 1962 1405 5450
4 4155 4888 3757 5399
4 2560 4678 4290 5253
4 3993 4381 4182 4961
4 4014 4843 4511 5391
4 1643 1299 1282 5448
4 2769 4187 2633 4584
4 1150 337 1090 1936
4 3267 4565 3266 5548
4 1027 969 1032 4377
4 1429 4903 1428 5365
4 3929 4547 4939 5370
4 2833 2902 2453 4442
4 936 879 869 4876
4 4547 4712 1865 5370
4 3965 4562 4805 5455
4 2186 2185 32 4754
4 4269 4497 3335 4864
4 4266 5065 4698 5177
4 2487 2414 2489 4353
4 3431 4147 3428 4622
4 2504 349 1041 2048
4 547 4497 4269 4535
4 3029 3027 3127 5498
4 4253 4650 4007 5175
4 35 3240 491 4351
4 2092 2090 2091 5295
4 1379 1356 1358 4940
4 3717 5114 4165 5325
4 1595 1498 1497 4546
4 3862 5345 4458 5476
4 2980 2982 2981 4857
4 654 3550 143 4936
4 1876 1879 1273 4347
4 1394 1764 1337 4814
4 1752 5092 1255 5368
4 2502 2504 4358 5428
4 3990 4663 4449 5475
4 1524 1934 1992 4409
4 1123 4965 1071 5211
4 3062 2695 433 2994
4 238 2071 2906 753
4 2590 2588 2866 4610
4 65 4687 3948 5178
4 3909 3839 4417 4721
4 280 755 765 2074
4 2394 4764 2360 4840
4 1901 1496 1612 4602
4 740 843 1994 4743
4 671 4270 3897 4512
4 689 4224 163 5218
4 1918 1921 1584 5066
4 2672 2599 2674 4808
4 2263 2265 3992 4443
4 3720 4856 4439 4889
4 2263 4257 77 4759
4 2949 434 2046 2994
4 2019 1154 329 1085
4 3529 2347 640 4510
4 2017 1560 4629 5410
4 1165 3067 384 2940
4 120 3488 626 4761
4 3851 2385 4820 5456
4 4525 4622 3947 5027
4 1077 1078 1076 5118
4 1328 1824 1413 5204
4 1973 4141 1566 5575
4 671 153 4270 4512
4 38 3236 2157 4690
4 2407 2804 4870 5482
4 2944 3064 399 5014
4 4298 4561 3912 5032
4 2927 3060 380 1942
4 212 789 1981 1170
4 2415 5041 2847 5595
4 2257 2258 2259 4272
4 3004 3006 3112 4952
4 3780 4132 3991 5218
4 665 3567 151 4794
4 261 723 808 2045
4 4468 4935 3757 5104
4 930 827 4072 4320
4 115 610 3475 4840
4 4066 5250 4561 5283
4 4055 4585 2102 5026
4 1058 4909 4654 5442
4 3828 4634 4212 4869
4 1962 4447 1405 5450
4 531 58 2798 4420
4 654 3550 4936 5485
4 1786 1683 1363 5301
4 1445 1742 1471 4438
4 3673 5263 3903 5497
4 3776 4930 4004 5375
4 2696 2392 4078 5429
4 591 3423 3422 2097
4 2331 2699 4563 5086
4 4476 5061 4002 5511
4 1560 1880 4629 5114
4 4464 5315 3136 5561
4 679 3596 4019 4642
4 757 759 760 5525
4 2639 2638 2636 4637
4 4619 5132 4033 5490
4 2859 8 453 3160
4 4196 4264 3904 5224
4 4612 4832 3883 5330
4 1156 1938 1563 4259
4 2935 437 2030 4852
4 550 4088 5351 5556
4 791 4029 4929 5596
4 4296 3883 5036 5495
4 2845 4431 2718 5235
4 4561 5250 3912 5283
4 211 849 789 1170
4 3962 5281 4274 5558
4 586 99 4924 5559
4 647 137 4326 4609
4 1145 217 1968 747
4 503 3262 3261 4638
4 1649 1528 1388 4989
4 3895 3765 4373 5454
4 2526 2525 2155 4042
4 4142 5182 4426 5419
4 15 4545 463 5454
4 1701 1384 1702 4873
4 4005 4795 3741 5185
4 235 1173 756 754
4 1737 1411 1815 5056
4 3093 4927 3014 5452
4 4053 5083 4152 5546
4 3108 2924 2963 4660
4 850 2818 278 5362
4 147 4223 3983 5503
4 4709 5189 3705 5405
4 1012 990 5170 5408
4 3090 4756 3095 5299
4 4175 5338 1748 5382
4 1677 1708 1456 5270
4 2201 2122 2120 4045
4 1646 1647 1418 4492
4 3060 1940 1942 4370
4 4237 3739 4785 4828
4 147 4572 4552 4847
4 4092 4979 4204 5544
4 1159 2944 399 5014
4 3796 4811 3783 4839
4 4194 5040 3721 5471
4 4007 4253 3826 4837
4 1957 2950 372 3055
4 3734 4679 5078 5344
4 3939 5078 4679 5344
4 2595 2852 2593 3891
4 3920 4692 4170 4933
4 1344 1342 1343 5526
4 3885 4643 4797 5325
4 3596 4126 4019 4642
4 3363 3361 3362 4443
4 1821 1820 5234 5309
4 4244 4805 4562 5455
4 3153 2859 4413 5071
4 786 929 784 5494
4 2043 276 2075 4881
4 4027 3816 4974 5369
4 2758 4388 160 4717
4 3045 5225 3028 5427
4 1831 1285 1287 5294
4 2911 2538 2837 5191
4 2495 2397 2398 5003
4 561 80 2617 5513
4 2094 4924 3987 5559
4 805 801 803 4962
4 855 779 782 4524
4 2230 2724 2312 4849
4 3976 5543 4509 5589
4 609 114 3463 4764
4 983 294 1125 944
4 1321 4349 1320 5521
4 4629 5410 4059 5523
4 2618 2794 2613 4639
4 1548 4309 2001 5594
4 3798 4450 3788 5407
4 2146 5060 2144 5503
4 2613 3937 2617 5513
4 1365 4262 5055 5301
4 1513 1632 1588 5422
4 2713 162 681 2330
4 1384 4873 1355 4979
4 3919 4851 4819 5581
4 1703 1912 1705 4834
4 4262 5022 4025 5212
4 2039 4230 2828 4896
4 1607 1507 1606 5124
4 3986 4764 2551 5505
4 20 4441 4980 5497
4 2235 2234 2236 4115
4 3741 4933 4170 5196
4 3051 3080 2987 4996
4 503 41 4791 5447
4 3956 4131 3836 5007
4 127 4203 629 4459
4 1536 1533 1633 5115
4 3261 4131 3263 4521
4 1738 1304 1766 5537
4 4601 4872 3797 5020
4 4572 4729 4099 5500
4 111 3454 4049 4540
4 2078 2077 2486 5006
4 878 838 914 4819
4 3967 5092 4776 5368
4 1946 378 3059 2939
4 2304 2305 2862 5509
4 1575 1542 1907 4560
4 206 1988 847 797
4 255 2883 861 811
4 2737 2795 2516 5542
4 2111 2109 5490 5586
4 1505 5104 1503 5359
4 3081 2948 3091 4556
4 2051 448 2480 4725
4 4023 4239 2979 5278
4 1898 4897 1555 5094
4 1463 1465 1464 4833
4 1203 4570 1254 5528
4 3857 4488 4046 4562
4 4704 4993 3842 5561
4 685 3608 164 4555
4 3744 4224 4132 5365
4 783 780 781 5079
4 4027 4886 3816 5369
4 3072 2957 445 4282
4 3940 5291 4615 5307
4 4153 5189 4379 5287
4 631 4203 4363 4627
4 3869 4572 4099 5500
4 3778 5188 4889 5578
4 2316 2208 2711 4684
4 1853 4813 4274 5558
4 3804 4217 4889 5354
4 1163 4337 1987 5533
4 3741 4005 4528 4795
4 2755 2205 3982 5515
4 3828 4327 4212 4634
4 3837 5203 3964 5216
4 1344 1345 1346 4885
4 3701 5137 4297 5324
4 842 720 931 4720
4 1562 1852 4342 5575
4 2756 2751 2578 4471
4 3729 4003 4884 5044
4 609 3462 112 4585
4 3071 3120 2959 4567
4 2122 2121 2120 4045
4 3248 501 42 4773
4 1818 1817 4772 5063
4 1293 1282 1298 5091
4 3983 4729 4572 5500
4 24 4799 476 5406
4 2930 2032 416 3047
4 1638 4236 2011 4893
4 91 4634 3981 4869
4 135 642 3526 4510
4 2354 4630 3970 5377
4 4574 4019 4740 5347
4 631 4363 3946 5593
4 1245 4724 1243 5276
4 3811 4557 4027 5369
4 2802 2512 2803 4058
4 3477 4568 3478 5417
4 1133 4556 3058 5400
4 473 3191 19 4218
4 749 2904 240 842
4 830 2906 239 749
4 2156 4690 3843 5295
4 4011 5283 5418 5518
4 1723 4886 1360 5369
4 2479 3849 4689 4800
4 2318 2726 2547 4226
4 1316 4960 1312 5254
4 635 3970 3507 4630
4 916 734 4807 5306
4 3923 5366 4334 5371
4 1193 4757 4356 5341
4 3706 4353 4817 5231
4 3970 4266 5135 5377
4 1045 1126 2008 4753
4 3688 5042 4387 5272
4 2525 2526 2524 4042
4 2987 2985 2984 4996
4 1551 4668 4457 4874
4 2017 1660 5410 5523
4 1472 5156 1453 5185
4 3179 3180 3182 4350
4 2080 4559 2082 4895
4 2711 4684 2208 5506
4 1507 1503 1606 5359
4 4449 4663 3953 5475
4 2485 445 2957 4282
4 1655 1693 1692 5511
4 2012 1930 1880 4629
4 3796 4558 3783 4953
4 4311 5389 4592 5420
4 2413 2488 2532 5148
4 3805 4622 4147 5499
4 2299 5412 2368 5566
4 3805 4622 4525 5027
4 1106 1080 1072 4661
4 3221 491 33 4784
4 1783 1782 1955 4407
4 2992 5184 2993 5327
4 523 5183 4699 5238
4 1547 1427 1664 4513
4 1472 4795 5156 5185
4 810 809 908 5329
4 874 913 4842 5099
4 3760 5282 4680 5569
4 672 3593 3595 4642
4 2013 4893 4425 5313
4 955 289 993 2012
4 2726 2547 4226 4835
4 2480 2829 2478 4321
4 624 124 4424 5335
4 1461 1823 1519 4386
4 3470 2770 2577 615
4 3370 560 3368 4273
4 8 5071 452 5480
4 3676 4617 5373 5552
4 4050 5373 4617 5552
4 1408 1745 1744 4677
4 626 3495 3492 2499
4 695 3625 3627 4434
4 3803 4090 4351 5089
4 3421 585 96 2095
4 1179 1497 1295 4586
4 2308 2645 2646 5597
4 1841 1149 1642 5109
4 1503 1502 1606 4475
4 4132 4224 3939 5365
4 4920 5004 3767 5357
4 3806 4710 4464 5561
4 2500 2828 2841 4230
4 3407 3981 581 5227
4 3752 5065 4216 5470
4 159 678 4427 5172
4 3969 4743 3761 4902
4 503 41 3245 4791
4 2507 2506 2407 4870
4 3960 5066 4715 5584
4 2627 2784 2629 4460
4 3788 4586 4324 5508
4 1941 1928 1600 4807
4 3007 4952 3006 5242
4 3354 3353 557 4516
4 2449 2564 2565 5105
4 3895 5046 3765 5179
4 2964 405 2973 1174
4 1613 1899 1846 4561
4 4693 5204 4118 5574
4 3797 4562 4432 5020
4 4524 5079 782 5239
4 3311 3309 528 4374
4 1868 1753 1756 5077
4 405 2973 1174 1915
4 3823 4325 3981 4487
4 709 180 3670 4226
4 2610 2277 2772 4542
4 4832 5025 3883 5190
4 3015 4705 3130 4977
4 3885 4497 4269 4960
4 3818 4808 4346 4952
4 1173 1923 1922 4421
4 2710 2150 2614 4392
4 4384 4955 2332 5516
4 159 4427 678 5181
4 1016 4982 988 5133
4 1338 1340 1410 5007
4 3183 472 22 2570
4 2691 2585 2584 4579
4 3098 3032 2962 4502
4 890 4361 4790 5562
4 4621 4998 4028 5246
4 848 718 209 1128
4 1015 964 4451 5244
4 639 3521 3520 4879
4 3528 2348 133 5289
4 4347 3959 5051 5444
4 1058 1059 4909 5442
4 1249 1749 1227 4805
4 4357 4821 3977 4949
4 4027 4974 3811 5369
4 1616 1615 1272 4628
4 3572 660 145 4238
4 4003 3729 4884 5193
4 2699 2329 2331 4563
4 2962 1172 2024 4502
4 3316 4820 67 5415
4 2880 3633 170 2034
4 721 4127 918 5293
4 2877 2924 1051 4660
4 3812 4638 4131 5583
4 1056 340 1927 1038
4 1437 1779 1439 4364
4 2244 2242 4565 4843
4 3869 4552 4099 4572
4 1776 4274 5281 5558
4 4099 4967 3790 5111
4 1284 4928 4617 5422
4 2648 2650 2785 4898
4 4617 5373 4050 5422
4 3883 4296 4612 5330
4 233 1162 1918 4986
4 3504 631 630 4611
4 4010 3811 4458 5055
4 3707 4292 4770 5102
4 3749 4625 4858 4966
4 567 3378 82 2119
4 1712 1732 1713 4975
4 587 4287 4871 4924
4 3737 4162 4399 4781
4 4043 5472 4337 5533
4 2324 2323 2322 4569
4 2017 4629 1930 5523
4 3296 3295 525 4689
4 1984 390 2934 3057
4 4004 5375 4490 5451
4 1453 5156 4803 5185
4 2515 2454 2516 5591
4 2703 4048 4392 4773
4 84 4275 3892 5030
4 4403 5167 1401 5568
4 3695 5155 4460 5296
4 1690 1138 1579 5093
4 3431 3428 587 4622
4 1678 1486 1851 4686
4 3850 4407 4947 5494
4 717 889 764 5467
4 479 4214 27 4581
4 3851 4433 4687 5070
4 3750 4325 3952 4472
4 907 918 721 4127
4 4005 3741 4528 5185
4 89 4501 4137 5047
4 3711 4160 5180 5186
4 1948 1574 1585 5014
4 3625 3628 4434 5123
4 3912 4964 4298 5032
4 4504 4931 2109 5490
4 2481 2370 2422 5376
4 523 4192 4699 5183
4 3870 4360 2402 4802
4 3133 12 4863 5080
4 4734 5105 3930 5479
4 2932 2891 432 3062
4 2398 2397 2195 4589
4 12 4750 3866 4762
4 2416 3946 4611 5041
4 2933 389 1146 3057
4 728 198 837 2000
4 3895 4373 3765 5046
4 1721 1720 1785 4368
4 2561 2355 5016 5377
4 3919 4819 4378 5581
4 1630 1509 1514 5129
4 2246 2643 2685 4455
4 2924 1112 1051 4660
4 1226 4959 1228 5332
4 3093 3014 3137 5452
4 2937 3145 3052 4594
4 4061 5041 4181 5312
4 1708 1677 1875 4954
4 1870 1677 1494 4954
4 4408 5249 4768 5473
4 834 727 815 4515
4 3582 3585 3584 4328
4 1096 4937 1077 5486
4 135 4393 642 4510
4 4275 4641 3892 5350
4 116 4603 4741 4957
4 1775 1663 1472 4795
4 3578 3579 671 5048
4 3850 5117 4307 5275
4 3841 3865 4199 4827
4 3736 4878 4377 5469
4 3859 4643 4535 5325
4 465 16 3184 2437
4 2150 4100 2612 5081
4 1362 1723 1360 5369
4 2110 2108 2771 5490
4 1890 1744 1745 4677
4 4054 5165 4171 5348
4 1050 1113 2921 4688
4 3956 5007 4523 5087
4 683 4384 163 4530
4 488 4784 32 5219
4 3939 4224 4132 5218
4 3987 4924 99 5559
4 3707 4292 5310 5411
4 4139 5442 3715 5465
4 5152 5427 4503 5498
4 2287 2288 2220 5398
4 1706 1469 4680 5162
4 2594 3988 2849 4402
4 4168 5004 3676 5373
4 3583 2209 152 5554
4 3617 163 689 4224
4 2496 2822 2498 4509
4 3197 3903 4462 5095
4 4201 5062 4867 5333
4 23 4462 4106 5322
4 3378 82 2119 4500
4 3912 4628 5008 5418
4 1227 1749 1229 4959
4 1230 1228 1229 4959
4 1750 4708 1749 5382
4 3011 2939 3010 4469
4 2191 4270 3897 5048
4 2417 2367 3946 4611
4 3940 4175 5338 5579
4 3106 3136 5315 5561
4 2043 745 276 4881
4 2163 3229 3232 3231
4 1209 1207 1304 5380
4 1848 1561 4543 5424
4 3735 5251 4626 5423
4 66 4868 3330 5331
4 1368 1367 1369 5022
4 595 4412 103 5598
4 2915 5249 2056 5473
4 3880 4413 2468 5071
4 426 2946 3068 2840
4 2047 984 950 5577
4 4239 4329 57 4857
4 947 1015 1025 4451
4 1702 1705 1794 5507
4 2332 4955 2389 5516
4 2214 2298 4079 5566
4 3768 4772 4297 5063
4 1170 211 849 1983
4 1226 1227 1228 4959
4 1517 4299 4825 5300
4 2255 4372 4015 4789
4 1688 1690 1966 4777
4 636 3522 3524 4787
4 521 3288 3286 4600
4 3120 4567 3071 5571
4 3531 647 137 4488
4 3857 4082 4045 5358
4 867 204 1990 738
4 1782 1961 5130 5481
4 2070 2882 4125 5567
4 2506 2402 4802 5428
4 1182 1184 1183 4344
4 3942 4507 5013 5458
4 116 3980 4467 5547
4 3766 4725 4289 5376
4 1360 1778 1358 4886
4 4241 5260 4079 5566
4 2558 2559 4678 5073
4 2761 2174 138 651
4 1593 1594 1592 4763
4 1490 1454 1708 5270
4 4034 4889 5188 5578
4 1397 1365 1683 5301
4 4052 4681 3842 5316
4 791 790 793 4120
4 2490 4666 4186 5153
4 3792 4052 4793 5315
4 1205 1203 1254 5528
4 2070 2881 257 737
4 547 71 4397 4535
4 538 4820 3319 5331
4 3834 4272 4015 4789
4 508 3256 2631 2615
4 172 4722 4196 5342
4 1346 1785 1743 4726
4 4069 4829 3870 5491
4 2686 3785 4257 4759
4 1758 1347 1395 5058
4 4237 4785 987 5317
4 3804 4394 3778 5578
4 1507 5124 4682 5359
4 919 824 907 4640
4 1162 1598 1921 4986
4 2398 5003 4589 5484
4 3761 3997 4436 4902
4 1367 1397 1825 5022
4 1682 1628 1414 4783
4 2416 3946 2367 4611
4 86 2121 5355 5394
4 2483 2844 2847 5312
4 1112 3099 1097 4660
4 540 4278 4009 4497
4 1778 4940 4886 5074
4 2226 2225 2224 4419
4 1334 4781 4315 5535
4 2776 3876 2779 4585
4 3966 3740 4453 4845
4 1794 1795 1146 4406
4 2681 5016 2355 5377
4 2748 2827 2476 5207
4 4212 4327 3828 5110
4 2302 5443 2795 5542
4 1792 1704 4648 5446
4 1545 1569 2002 4396
4 233 733 1162 4986
4 1470 1375 1469 5282
4 4768 5249 4086 5473
4 659 145 3557 4827
4 3071 392 1790 1130
4 4607 5422 4168 5464
4 1480 1479 1313 4683
4 3209 477 24 2231
4 5184 5327 4311 5389
4 740 1131 820 5248
4 3811 4251 4027 5386
4 2347 4393 2371 4510
4 1109 1059 1118 5207
4 1989 1664 1665 4891
4 630 4230 127 4896
4 1790 4970 1789 5571
4 2525 4871 2093 5504
4 3756 3894 4573 5363
4 2618 80 2620 4273
4 3566 658 3568 4223
4 1814 1389 4506 5492
4 2601 2257 2661 4789
4 4221 3869 4967 5500
4 631 124 4627 5593
4 4045 5358 4082 5394
4 4312 5274 1221 5585
4 220 846 725 5130
4 111 4540 4049 5169
4 4399 4781 3972 5245
4 1073 1123 5211 5340
4 4220 5067 4649 5334
4 3533 4488 644 5421
4 3879 4401 2442 4853
4 4164 5077 3944 5385
4 1249 4805 1225 5532
4 2657 2763 4766 5409
4 4426 5182 3951 5419
4 2808 2807 2451 4645
4 2894 729 4640 4907
4 67 4591 545 4864
4 3631 697 173 4606
4 1130 1791 4567 5582
4 946 967 966 5109
4 2195 2079 2080 4895
4 2387 4108 2701 5323
4 4078 5354 2696 5429
4 62 2514 2456 2455
4 169 4434 4001 5123
4 1127 5600 1774 5601
4 3793 4650 5164 5599
4 1013 1001 962 5414
4 3951 4866 4211 5182
4 1150 2016 1576 4654
4 879 4876 908 5329
4 513 3272 3270 4714
4 3017 3129 3013 4422
4 1938 1156 341 1091
4 3209 3207 3208 2231
4 2958 387 1991 3066
4 3462 4585 609 4764
4 3858 4711 5348 5372
4 4011 5108 4580 5514
4 1148 1073 5211 5340
4 948 2057 995 5133
4 463 15 4400 4545
4 3921 4385 3547 4430
4 1082 1121 1102 4578
4 3475 4840 4596 4973
4 1517 4825 1903 5300
4 1688 1687 1161 5005
4 3607 3605 3608 4555
4 4716 5263 3673 5468
4 3023 425 3068 2842
4 332 1148 1073 1040
4 3604 3603 681 4955
4 1830 1270 4930 5375
4 863 2075 276 4881
4 1012 4249 5226 5408
4 2311 2715 3877 4773
4 2084 2082 3900 5285
4 3908 487 4115 5205
4 1388 1320 1649 5521
4 665 4223 3566 4794
4 685 4555 3982 5515
4 1773 4370 1774 4918
4 631 4627 4363 5593
4 3400 574 90 5565
4 829 5293 918 5308
4 1038 341 1156 1091
4 2789 2626 2678 4088
4 1048 1923 327 1083
4 43 4638 503 5286
4 535 3309 3310 4374
4 3718 4587 5029 5329
4 1430 1428 1429 4903
4 1453 1454 1452 5185
4 3525 4528 4170 4787
4 841 940 835 4854
4 2472 2368 5412 5474
4 1096 5143 4937 5486
4 2321 176 3654 4653
4 1727 1884 1834 4415
4 1858 1857 1813 4837
4 3833 4674 4117 4877
4 2526 4042 2155 4135
4 2905 2537 2712 5474
4 613 3465 116 4603
4 1699 1696 1797 4921
4 1551 1552 4668 4874
4 3804 2696 5354 5429
4 3749 4222 4858 5039
4 3146 3144 2941 5093
4 2692 4592 2689 5432
4 3958 4294 4887 5483
4 2346 4510 3914 5289
4 2355 2354 2356 5377
4 3120 3116 2959 5582
4 728 837 878 4379
4 1758 1349 1347 4389
4 2690 2030 437 4852
4 899 4715 762 5066
4 375 1133 1954 2948
4 3412 3415 3413 5504
4 3003 3007 3006 5242
4 2227 4214 2229 4799
4 1609 4928 1284 5422
4 2535 2542 2741 5181
4 3413 584 96 5504
4 496 2730 2377 3230
4 1144 1945 1818 5063
4 4007 4224 3619 5599
4 4012 4642 4225 5103
4 541 3321 4278 5001
4 3550 3861 4936 5485
4 1365 5055 1363 5301
4 3820 4091 4568 5417
4 561 82 3366 4848
4 3752 4698 4216 5065
4 1068 1064 1089 4442
4 2261 77 2263 4257
4 1423 1422 1421 5088
4 360 2838 2877 1051
4 4175 3940 5307 5579
4 4058 4424 124 5050
4 4175 5455 3683 5579
4 3813 4271 4631 5149
4 3138 4346 3007 5452
4 919 4072 825 5213
4 544 3338 3339 4969
4 777 882 776 4723
4 135 4393 4510 4692
4 916 912 734 5306
4 2992 2993 3089 5327
4 2311 2637 2715 4773
4 2143 4199 2281 5049
4 3706 5231 4817 5588
4 3710 4610 5126 5483
4 2928 3067 383 5601
4 2965 2966 450 2073
4 2311 3877 2637 4773
4 623 4365 4942 5553
4 4028 4898 4452 5597
4 29 481 5120 5396
4 568 86 2684 5355
4 2281 2143 2787 4199
4 1750 1749 1748 5382
4 2082 4559 2492 4895
4 3586 152 2569 669
4 183 5068 4436 5530
4 697 172 4264 4606
4 890 716 887 5562
4 1272 1615 1268 4628
4 3913 4170 4933 5196
4 4482 4831 535 5426
4 4093 4749 4492 5277
4 3780 3991 4483 5218
4 2180 663 150 2159
4 1937 1000 302 1976
4 4514 4836 4143 4989
4 835 930 729 4907
4 3550 3861 4809 4936
4 2073 2966 450 2815
4 3846 5189 4154 5287
4 1444 4985 4369 5539
4 436 2884 2690 3073
4 3297 57 528 4239
4 3278 3277 3279 2284
4 727 815 4515 5437
4 1976 1171 2013 4425
4 1334 1332 1333 4781
4 3857 4326 4488 4562
4 947 1000 301 1155
4 63 4252 534 4831
4 4307 5275 4390 5383
4 3342 4796 74 5556
4 3120 2959 4567 5582
4 2746 4405 5108 5456
4 3747 3953 4449 4663
4 169 3632 692 4234
4 3570 4456 3572 5461
4 3838 3928 4644 4942
4 127 3496 4896 5379
4 132 4170 4769 4787
4 4475 4017 5124 5359
4 93 2520 578 5443
4 1787 1792 1789 4970
4 155 4079 4444 4664
4 1793 1794 4406 5507
4 2331 2329 2330 4563
4 2974 2059 4670 5519
4 2661 2259 2283 4071
4 2620 2794 2618 4036
4 3750 4518 4231 5510
4 3084 4919 3005 5241
4 3542 3545 653 4593
4 1338 1815 1336 5056
4 107 4006 4360 5484
4 3746 4490 4004 5375
4 1103 1053 1055 4768
4 4161 4812 4383 5438
4 3753 4622 4147 5027
4 3298 529 3299 4670
4 1236 5527 4605 5541
4 4044 5263 4716 5468
4 3136 2998 3124 5561
4 1566 1973 1153 4141
4 1961 1662 1129 5130
4 632 3508 4630 5268
4 172 696 4722 5342
4 3203 28 4402 5252
4 2353 4266 4630 5377
4 2124 2122 4488 5421
4 1043 1118 1108 5096
4 2400 2501 2404 4006
4 249 841 835 2890
4 788 4587 877 5239
4 3853 4121 4213 4936
4 15 3170 461 4240
4 1856 1679 1678 5240
4 3894 4938 4438 5012
4 4438 4938 3920 5012
4 1334 1332 4781 5535
4 642 4393 135 4879
4 2298 4079 2272 5290
4 3908 4115 487 5120
4 1728 1727 1725 4564
4 4426 4866 3951 5182
4 3954 5357 5036 5495
4 1505 1503 1506 5359
4 594 4542 4117 5142
4 1994 740 202 843
4 1806 1703 1805 4834
4 3551 4404 655 5485
4 128 4630 3508 5268
4 4138 5013 4507 5458
4 1469 1373 1706 4680
4 3683 5455 5210 5579
4 3897 4270 671 5048
4 3479 3476 611 4493
4 857 912 926 5306
4 583 95 4231 5227
4 948 2057 5133 5317
4 2472 4720 2052 5474
4 3123 3113 2942 5199
4 3702 5171 4419 5228
4 4616 5267 3705 5405
4 1232 1233 1234 5067
4 4621 5246 4028 5597
4 12 456 4863 5080
4 2280 2632 2794 5548
4 1096 1084 1102 4937
4 3135 3107 3005 4919
4 296 971 1934 1932
4 1882 1318 1319 5459
4 4041 5102 4900 5310
4 1191 1622 4757 5573
4 521 3281 4372 4571
4 1806 1807 1912 4834
4 2626 4516 74 5351
4 1663 1662 1472 5156
4 4072 4640 729 4907
4 4232 4996 3943 5075
4 2403 2407 2506 4069
4 478 4849 27 5522
4 680 3601 161 4955
4 3072 445 2042 4282
4 2412 4920 4296 5517
4 593 4525 99 5142
4 4087 3756 4722 5342
4 3919 4309 4819 4851
4 3126 3006 3007 4952
4 1653 1327 1325 5271
4 1994 1829 4743 5200
4 2428 2427 2430 4815
4 2696 3804 4593 5429
4 1144 1818 1946 5063
4 1821 1947 1820 5309
4 3415 587 97 4871
4 962 964 1013 5244
4 1709 1865 1490 4547
4 3671 3672 712 4835
4 2344 2663 2346 5280
4 3893 3831 4287 4871
4 2472 2904 2052 4720
4 72 3347 2261 4257
4 714 3664 3663 4640
4 1986 848 209 1128
4 2751 2754 2386 5160
4 2176 2667 2751 5160
4 2394 2360 2358 4840
4 2404 5003 2398 5484
4 3741 3929 4787 4939
4 3069 2986 2992 4852
4 3892 4376 84 5602
4 1956 1654 1657 5179
4 3736 4575 4574 5347
4 3089 3086 2995 5327
4 2550 2779 2781 5505
4 2411 2412 2445 4296
4 3781 3955 4906 5032
4 3856 4205 3991 5560
4 2691 2688 2585 5420
4 2834 951 314 2832
4 2404 4006 5003 5484
4 2556 4400 3866 5265
4 5225 5427 3957 5498
4 2369 2478 2606 3948
4 9 3155 452 4863
4 3406 3405 3404 4325
4 2415 2365 2367 4855
4 3939 4132 4513 5078
4 2464 2874 2072 4733
4 769 768 770 5100
4 2662 2386 2754 3902
4 3522 635 3523 4528
4 3205 3203 3204 4402
4 3957 4884 5152 5193
4 2882 2680 2679 3904
4 2422 2470 2875 4828
4 3580 152 5048 5554
4 354 2833 2836 1094
4 3529 134 2347 4510
4 2317 2320 2319 4178
4 4383 4812 3809 5438
4 1806 1396 1759 4470
4 3953 4663 3747 5069
4 3428 4147 3430 4541
4 2600 2598 2824 4767
4 894 875 838 4819
4 1403 1406 4537 5450
4 730 208 1163 1986
4 124 5550 4058 5593
4 3998 4540 108 5169
4 97 4135 4042 4748
4 2516 2795 2517 4064
4 4274 5281 4534 5388
4 475 4466 4215 5497
4 3358 3359 4027 5386
4 753 890 887 4361
4 3935 4454 4783 5425
4 3891 4402 3988 5436
4 2424 4423 5113 5466
4 3048 3026 3030 5214
4 2809 2810 4106 5322
4 2810 4479 4106 5322
4 921 4125 5339 5567
4 541 68 3337 4969
4 2241 2242 2243 4014
4 1247 1245 1251 5276
4 1058 1059 1057 4909
4 1529 1526 1568 5229
4 2790 2309 2621 5195
4 1508 1507 4682 5359
4 1119 1078 1079 5118
4 840 750 896 4608
4 3936 4732 3433 5598
4 3200 476 24 4799
4 1893 1303 1672 4776
4 3934 4227 4945 5539
4 43 4495 509 5583
4 2647 2648 2646 5597
4 4425 4875 3867 5562
4 2466 4624 2752 4899
4 3185 472 2570 2436
4 921 4125 795 5339
4 3991 5218 4132 5560
4 4817 5231 4021 5588
4 2314 2782 2783 5261
4 954 998 311 2909
4 956 2876 320 960
4 424 3023 2953 2044
4 3128 3135 3005 4919
4 1451 4795 1472 5185
4 4758 5380 1810 5537
4 3769 5260 4241 5566
4 3909 4843 4565 5367
4 220 725 1958 5130
4 2157 2092 2523 4057
4 2380 2744 2384 4941
4 2413 2410 4817 5517
4 3135 4919 3128 5237
4 1838 1814 1529 5492
4 3747 4381 3993 4997
4 4680 1706 5162 5487
4 155 677 4444 5172
4 1881 1650 1495 4618
4 4175 5307 3940 5338
4 1727 1729 1884 5131
4 3530 3918 4488 4766
4 2048 350 1046 2871
4 3438 3439 3437 4360
4 996 2907 317 952
4 827 940 885 4320
4 4511 5413 4972 5460
4 2475 2442 3879 5145
4 2601 4789 2661 5187
4 3950 5127 5451 5572
4 298 2007 1149 5109
4 1555 1898 1614 4897
4 3746 4490 3950 4745
4 3762 4752 4120 4880
4 3896 4341 679 4574
4 3053 3049 419 4762
4 1788 1130 1791 4567
4 315 2834 953 997
4 2936 1974 364 3024
4 1568 1960 4461 5333
4 3696 4887 4527 5512
4 4075 5164 5390 5599
4 1250 1712 1711 5010
4 4972 5413 4176 5460
4 161 4388 4253 5175
4 3121 3144 2982 5146
4 949 979 4520 5523
4 2290 4760 2215 4868
4 562 4500 83 4623
4 2100 3936 2101 4732
4 1305 4605 1236 5527
4 2120 4045 2121 5394
4 2080 2082 2492 4895
4 2878 2576 4037 5353
4 2957 2974 444 4670
4 4091 4271 3813 4973
4 2620 80 2619 4273
4 2066 2890 835 4854
4 4205 5202 3902 5352
4 3582 3583 668 4328
4 2093 3893 2094 5504
4 3115 3028 5225 5427
4 3839 3937 4639 5192
4 3966 4453 4027 5433
4 1733 1450 4939 5196
4 297 945 999 1934
4 1920 385 3018 2940
4 3396 88 2800 573
4 743 852 851 4595
4 4346 5242 3007 5452
4 3998 3757 4763 5399
4 2033 3053 420 2854
4 3580 5048 668 5554
4 2451 2412 2452 4920
4 2009 293 983 949
4 1340 1338 1339 5087
4 3850 4947 4892 5494
4 2934 3150 3143 5571
4 4551 5189 3846 5570
4 371 1132 1960 3033
4 4075 5164 4636 5390
4 394 1161 1919 5005
4 1474 4976 4447 5493
4 3939 4679 4665 5344
4 4665 4679 4134 5344
4 15 4240 4735 5037
4 4249 5170 4785 5408
4 1291 1292 1294 4463
4 2518 2151 2161 5256
4 2669 2315 2743 3854
4 2485 2042 445 4282
4 3768 3988 4651 5436
4 3944 5033 4598 5201
4 2490 4186 2530 5153
4 2057 2912 995 5133
4 953 2049 316 996
4 4026 5180 4767 5488
4 1113 1099 888 4688
4 1012 5226 1008 5408
4 2050 356 1088 2916
4 205 1137 738 847
4 2221 2220 2219 5398
4 2298 2214 4079 5290
4 1083 1048 1923 5143
4 2671 149 2158 662
4 1185 1186 1187 4496
4 683 4384 4530 4955
4 4063 4951 5003 5194
4 2218 4330 37 5215
4 1173 2021 1923 4421
4 4411 4858 4222 5039
4 2623 2624 78 555
4 2635 2311 2234 4089
4 2347 2574 2371 4393
4 173 2423 2567 4606
4 2020 1923 327 1048
4 1814 1389 1323 4506
4 167 3991 5243 5560
4 2362 2361 2360 4944
4 745 863 276 4881
4 2630 88 2301 5529
4 1795 1794 1705 5381
4 2943 1161 394 5005
4 2001 1548 1571 4309
4 1232 1230 1231 4649
4 3746 3950 4490 5375
4 2731 2540 2187 4462
4 4359 5162 4009 5282
4 1304 1810 5380 5537
4 2619 3370 80 566
4 27 4849 4214 5522
4 979 5457 4520 5523
4 2940 3019 4667 5241
4 103 4412 595 5499
4 1289 1307 1288 4534
4 3589 155 4079 5172
4 3226 492 3225 4754
4 2731 2540 4462 5095
4 3643 169 695 4573
4 2794 2632 2613 5548
4 1088 1043 356 2050
4 3966 4998 3898 5433
4 3651 4030 704 4838
4 1539 1561 1538 4543
4 1278 1770 1262 5082
4 1261 1262 1258 5082
4 2143 2281 4327 5049
4 2492 110 604 2493
4 2895 2031 4127 4640
4 3751 4873 4192 4981
4 3611 686 3610 2713
4 547 4535 4397 4969
4 4011 5283 4405 5591
4 799 4962 801 5165
4 12 4762 3866 5265
4 3846 4478 4551 5570
4 2394 2551 2360 4764
4 2808 2443 2442 4401
4 656 4827 144 5060
4 2484 2076 2079 4943
4 918 829 845 5293
4 3794 4841 4245 4919
4 2507 2407 2804 4870
4 2907 316 2049 996
4 559 4458 76 4557
4 2883 255 2027 811
4 549 74 3342 4796
4 950 2047 309 984
4 2940 1920 1165 4667
4 2887 2063 2700 4354
4 765 755 891 4890
4 3373 85 2684 566
4 2832 313 994 951
4 3128 3005 3004 4919
4 2232 26 2230 4526
4 3848 4127 4062 5530
4 985 1930 290 2012
4 9 452 4738 4863
4 2388 688 3612 2326
4 125 628 2417 4611
4 213 1981 719 4929
4 863 901 768 4881
4 3756 4573 4029 5363
4 3825 4336 4014 5106
4 844 820 200 1997
4 780 782 779 4524
4 3976 4937 4578 5543
4 1890 1888 1721 5018
4 1186 1184 1271 4553
4 4650 5390 5164 5599
4 2466 2752 2434 4899
4 1516 1467 1515 4780
4 561 2617 82 4848
4 3847 5016 4293 5117
4 2891 2695 433 3062
4 2708 4711 2333 5540
4 1279 1811 1835 4967
4 3284 3282 3283 4372
4 1716 1737 1815 4707
4 3139 3123 3070 5199
4 1770 1771 1258 5082
4 1661 4803 1453 5156
4 1722 1274 1226 5332
4 4008 4568 4158 4957
4 987 989 990 4785
4 764 891 5467 5525
4 2368 2298 2299 5566
4 3151 453 3153 5071
4 2502 2918 2504 5428
4 1525 4905 1524 5035
4 3177 3178 464 4243
4 3717 3859 4535 5325
4 2610 4117 2173 4542
4 2839 2599 2597 5413
4 636 3513 3510 4584
4 4396 4668 3954 5495
4 930 4072 729 4907
4 1959 1568 4461 5229
4 2011 1638 1636 4236
4 468 20 3180 4980
4 3740 4845 3966 4886
4 159 3896 4427 5181
4 1048 2020 5143 5486
4 1762 4915 4588 5305
4 1896 5150 1900 5568
4 1135 386 2958 3018
4 1881 1872 1710 5430
4 849 881 4583 5564
4 784 4613 781 5494
4 1496 1902 1612 4602
4 738 872 847 4673
4 4137 5011 2301 5529
4 4583 4880 3762 5339
4 3909 4375 4843 5367
4 99 4525 593 4622
4 1531 1533 1532 5115
4 4429 4850 2303 5542
4 835 729 248 4907
4 3200 4799 477 5522
4 1748 1747 5338 5532
4 3587 2210 154 669
4 2204 2109 2710 4504
4 3865 3841 4552 4827
4 2485 444 2059 4670
4 616 2775 117 2773
4 2319 4178 2320 4653
4 145 4552 4736 4827
4 3792 4710 4052 5315
4 2689 2692 2687 4592
4 4810 5372 2444 5540
4 719 789 790 4880
4 2550 2781 2395 4383
4 3455 600 4468 4540
4 4374 4906 3955 5161
4 1792 1761 1704 5446
4 4498 4856 4177 5023
4 4685 4920 4021 5004
4 1525 1524 1992 5035
4 20 3889 4441 5000
4 4625 4925 4155 5129
4 2974 4670 4239 5519
4 4027 4453 3966 4886
4 434 2695 2046 2994
4 3933 3844 5269 5553
4 1091 342 1938 1049
4 2202 4082 3892 5030
4 2496 2497 2843 5589
4 1825 1404 1369 5022
4 4075 4915 4588 5164
4 820 1131 1997 5248
4 298 1149 999 5109
4 1939 1925 1700 5601
4 667 5158 4456 5461
4 2127 2126 650 4432
4 4022 5295 4599 5501
4 2018 1602 1604 5340
4 3510 4584 129 5053
4 28 4402 3988 5396
4 935 788 915 4916
4 3833 4412 3936 4674
4 530 56 2059 2474
4 16 4243 464 5536
4 1028 1024 5230 5577
4 206 1988 1137 847
4 4014 4336 2242 4565
4 76 4458 559 5476
4 3782 4740 4473 5347
4 949 979 1003 4520
4 4021 5357 5517 5588
4 3900 5169 3456 5285
4 805 893 252 2888
4 2840 2842 2673 4346
4 1901 4485 1622 5573
4 348 1086 2919 1041
4 3903 4441 5263 5563
4 680 3605 3607 4717
4 1735 4315 5320 5535
4 692 4001 4234 5590
4 457 12 4762 5080
4 3896 4740 4427 5347
4 455 4413 3880 5071
4 4543 4956 4098 5311
4 2618 2620 4036 4273
4 2147 144 2145 5060
4 4396 3954 5036 5495
4 4879 5029 4393 5470
4 4092 4372 3773 4571
4 1028 5230 4286 5577
4 745 763 901 4881
4 3032 3025 4503 5427
4 1780 1170 1982 4880
4 169 4234 4087 5342
4 4011 5108 4405 5283
4 3903 5263 4716 5563
4 2056 2463 2838 4408
4 2123 4046 4082 5421
4 1971 1148 1040 5211
4 1510 1513 4607 5464
4 2453 2807 2910 5145
4 67 4868 3328 5576
4 42 2614 3259 4392
4 2463 2056 2915 5249
4 1099 4688 1082 5467
4 2693 4620 2604 5432
4 2102 2103 4055 5026
4 4166 4440 3901 5256
4 2738 4647 2714 4747
4 1097 3099 324 1034
4 1005 887 186 943
4 2894 729 247 831
4 2469 4832 4612 5330
4 846 220 1129 5130
4 2555 2556 2554 4400
4 3541 650 141 2128
4 3976 5157 5031 5589
4 1233 1248 1884 5404
4 1998 1827 1647 4671
4 2605 3276 53 4681
4 3246 4791 3247 5286
4 20 4441 3889 4980
4 2251 2296 2249 4031
4 4996 5085 3943 5299
4 2627 2625 2624 4109
4 2726 4226 3671 4835
4 2008 1905 1971 5211
4 2658 2659 2598 4767
4 2713 3609 162 2328
4 2873 2464 2462 5193
4 3403 3400 579 4327
4 3020 2035 431 2932
4 584 4871 96 5504
4 1766 1207 1205 5528
4 3766 4009 3948 4278
4 4449 5192 563 5475
4 500 3247 3245 4791
4 1654 1656 1655 4737
4 511 47 4417 5583
4 1432 1430 1431 4665
4 3067 4391 1925 5601
4 3912 5107 4628 5250
4 1803 4758 1810 5537
4 143 4809 4213 4936
4 3744 4007 4224 4903
4 2842 2044 2845 4346
4 2117 4623 82 4848
4 312 2909 2025 5073
4 2925 1098 323 1034
4 716 185 943 1006
4 1648 1646 1558 4950
4 1535 1534 1533 4548
4 2123 2655 4046 5421
4 819 886 716 5562
4 1331 1330 1329 5061
4 3261 3263 504 4521
4 3783 4558 3796 4839
4 1131 740 1994 4743
4 3883 4396 5036 5495
4 607 3457 3456 5285
4 610 3472 3475 4596
4 2217 66 4820 5331
4 1684 4824 1686 5212
4 4099 4238 3869 5021
4 3989 4368 4726 5266
4 3138 3126 3007 4346
4 2353 2561 2372 4266
4 524 3295 3293 4800
4 3065 2820 430 3020
4 4092 4322 4979 5544
4 1844 1480 1484 5520
4 755 2921 902 4688
4 147 3983 4847 5503
4 4668 3767 5357 5495
4 3919 4987 4515 5349
4 3956 4521 4131 5007
4 4549 4798 4006 5031
4 647 3918 4326 4488
4 2997 3086 3122 4993
4 55 4092 4192 4600
4 2458 2548 2777 4551
4 654 3545 3544 4593
4 1081 1050 345 2823
4 1842 1769 1770 4484
4 650 2127 141 2128
4 2821 2484 4951 5362
4 2323 2325 2449 4030
4 1090 1058 1037 4654
4 2490 2806 2171 5153
4 4468 4798 3887 5491
4 3910 4349 5097 5521
4 1572 1571 1468 4851
4 463 4545 4400 5265
4 2045 2872 2868 5029
4 3820 4568 4338 5417
4 1179 1178 1176 5584
4 3411 3410 3409 4440
4 2635 4089 2234 4526
4 2462 2464 2463 5193
4 793 791 4120 5596
4 1592 1594 1182 4763
4 4093 5068 4749 5277
4 1775 1449 1674 4917
4 49 4710 3994 5316
4 1889 1750 1885 5382
4 4065 4551 4478 5570
4 773 744 772 4230
4 1962 1579 1474 5493
4 1003 4520 979 5457
4 4002 5061 4992 5511
4 1918 854 4986 5066
4 4168 5357 5004 5373
4 825 4072 3969 5213
4 2777 2448 2750 4478
4 1875 4954 1870 5592
4 1194 5027 1196 5573
4 3022 4793 3019 5241
4 1992 1934 1149 4409
4 1535 1537 1538 5024
4 3368 3371 3370 4273
4 4447 4976 3763 5493
4 2888 252 805 2063
4 3991 4483 5218 5560
4 213 719 860 4929
4 1844 1479 1480 4683
4 1194 4757 5341 5573
4 4300 4815 4044 5563
4 47 511 4417 5367
4 825 930 827 4072
4 1755 1249 1225 5532
4 4276 3929 5196 5370
4 1155 1000 301 1937
4 1925 3067 384 1165
4 1787 1788 1685 4970
4 2661 4789 3907 5187
4 1265 1875 1870 5592
4 1325 1327 1326 4739
4 3435 4674 3936 5598
4 833 874 913 4842
4 3859 4643 4000 4969
4 2806 2171 5153 5257
4 3965 4385 3754 4609
4 2093 4871 3893 5504
4 565 84 4275 4961
4 1117 4753 1065 5190
4 1793 1794 1146 4406
4 3217 487 4115 5120
4 728 844 199 1168
4 2823 2074 2822 4688
4 3686 4285 5203 5418
4 1773 1765 1945 4675
4 1857 1858 1275 4837
4 655 3861 4404 4809
4 1382 1586 1181 4655
4 2125 4046 2655 5421
4 2738 2714 2289 4747
4 3860 4374 4023 5278
4 2407 4870 4069 5482
4 3314 2848 61 5426
4 2456 2455 2274 4252
4 831 4127 2031 4640
4 3466 613 117 5547
4 757 4986 758 5144
4 2294 2716 2717 5235
4 3718 5029 4587 5470
4 4361 4790 3867 5191
4 4375 4843 4014 5391
4 4029 4573 3894 5363
4 1711 1213 1250 5010
4 895 877 788 4587
4 3219 481 3218 5120
4 4208 4243 4003 5044
4 671 4512 4126 5387
4 3575 3574 4582 5158
4 4486 4581 3737 4669
4 2726 2895 182 712
4 3346 3345 3347 4257
4 866 854 232 5066
4 1592 1499 1593 4935
4 3721 5040 4614 5471
4 3741 4528 4216 4795
4 565 3369 84 4961
4 2141 2140 2142 5110
4 2989 5085 2987 5299
4 3803 4351 4090 4357
4 3957 5427 5152 5498
4 1238 5527 1236 5541
4 2798 2799 2455 4355
4 782 5079 787 5239
4 541 4969 69 5402
4 2711 3983 2179 5503
4 1596 1598 1922 5174
4 3738 4238 4099 5021
4 2503 2502 2504 4358
4 3148 3039 3133 4762
4 3887 4935 4468 5104
4 1727 1728 1729 5131
4 1370 1558 4950 5388
4 549 3341 72 4796
4 2439 4003 4243 5536
4 4126 4444 3962 4664
4 632 3508 3507 4630
4 2230 2312 4526 4849
4 3238 3240 4351 4490
4 1154 2020 1085 5486
4 2179 3983 4223 5503
4 312 2025 994 5073
4 2266 2268 2267 5545
4 1818 1949 1946 5063
4 2081 4644 3928 5555
4 4246 5105 4734 5479
4 1349 1396 1351 4676
4 1019 1030 976 4423
4 1695 4672 1952 5400
4 2032 416 2860 2930
4 166 5202 690 5243
4 3886 4255 4184 5331
4 2930 3114 3119 5222
4 943 887 186 716
4 2925 324 3099 1034
4 868 785 862 4892
4 3740 4453 4027 4886
4 995 948 307 2057
4 1420 1679 1417 5240
4 1931 4520 1660 5523
4 25 479 3216 4313
4 1520 1658 1996 4656
4 526 59 3294 4689
4 899 762 866 5066
4 3285 49 3994 5183
4 1361 1383 1786 4922
4 930 835 940 4854
4 1378 4974 1723 5369
4 4566 4787 129 5053
4 2658 2247 2249 4507
4 2457 2676 2207 4554
4 1833 4797 1570 5114
4 1157 993 289 2012
4 4184 4255 67 5331
4 4434 5123 3628 5353
4 1142 1929 1707 4410
4 2123 2125 2655 5421
4 2830 2047 950 5577
4 1477 1263 1830 5375
4 3092 3044 3042 4904
4 830 238 2906 753
4 1734 5101 1218 5232
4 1314 1310 1372 4861
4 3845 4825 4299 5300
4 1499 4935 1592 5508
4 4525 4542 99 5142
4 1923 1048 2020 5143
4 4464 5381 3806 5561
4 2647 2645 5350 5597
4 1019 976 974 5083
4 4763 4935 4049 5508
4 2750 2299 2753 4971
4 2064 3017 2851 4977
4 1903 1599 1611 4825
4 3736 5109 4878 5469
4 232 854 1918 5066
4 1304 1803 1810 5537
4 3956 3825 5059 5106
4 3127 3054 3134 4418
4 2758 2389 160 4955
4 1130 4567 2959 5582
4 2494 2492 110 604
4 476 25 3202 5252
4 988 987 948 5317
4 3267 508 4565 5548
4 3570 4238 3572 4456
4 45 2240 2310 506
4 2803 2511 125 4424
4 811 932 742 5478
4 1853 1399 4813 5558
4 3855 4992 4313 5245
4 4361 3867 4790 5562
4 46 508 2632 2615
4 2272 4079 3890 5140
4 1952 1656 1133 4556
4 1956 1839 5046 5179
4 2801 4657 2396 5438
4 3778 4480 5188 5578
4 3456 4666 3900 5257
4 1790 1788 1789 4970
4 2265 2583 2263 3992
4 2760 142 2622 651
4 1033 888 1099 5467
4 4481 4786 3932 5110
4 1498 1499 1295 5508
4 668 3578 153 4270
4 706 3649 3652 4838
4 2057 2875 2470 5317
4 20 4441 3903 5095
4 3967 4147 3835 5092
4 1368 1401 5167 5568
4 2443 4401 2808 4479
4 815 876 834 4515
4 1782 1783 1473 4894
4 64 2217 3317 4820
4 2094 3987 2522 5559
4 1895 1896 1402 4744
4 3767 4296 5357 5495
4 2017 1560 1930 4629
4 3560 3561 3559 4331
4 2920 2823 2843 4578
4 162 3604 681 2330
4 4436 5068 3761 5530
4 804 872 885 4734
4 185 716 886 1006
4 3098 1098 323 2925
4 452 3154 9 5071
4 181 2450 2726 712
4 548 3343 73 4272
4 773 4230 772 5580
4 2291 4397 2733 4969
4 2881 4125 2882 5076
4 1399 1548 1850 4813
4 2423 2339 2341 4264
4 4218 4914 3868 4934
4 1370 1557 1558 5388
4 3078 3094 3088 4728
4 3431 99 593 4622
4 1596 1504 1595 5174
4 3727 4349 5097 5197
4 3082 3018 3019 4667
4 2721 4991 2419 5595
4 145 660 3558 4908
4 3891 5252 4402 5436
4 3181 2437 16 4350
4 600 4256 108 5034
4 3428 3430 588 4541
4 2516 2172 2515 4590
4 2486 120 621 2282
4 1357 1359 1358 4845
4 3887 4468 4017 5104
4 2560 4290 2917 5253
4 4781 4984 3972 5245
4 549 3350 74 2260
4 1940 3000 382 1127
4 3707 5310 4209 5411
4 2682 2855 2858 4892
4 2348 3516 2350 640
4 137 4488 4046 5421
4 3460 611 113 5090
4 3557 659 4827 4847
4 41 5233 5378 5447
4 71 3335 545 4269
4 2257 2255 2256 4015
4 2391 2581 2760 4121
4 3880 4489 455 5071
4 3423 591 2096 2097
4 2334 2333 2332 5516
4 2391 2334 2581 5516
4 4159 5176 4515 5349
4 2096 585 3423 2097
4 2237 2236 2238 4260
4 1902 1517 1903 5300
4 3730 4844 4390 5275
4 3835 4147 3967 4782
4 4709 4950 4047 5405
4 542 64 2273 3324
4 1819 1394 1335 4984
4 1782 4894 1473 5481
4 3296 525 2374 4689
4 1194 4757 1193 5341
4 3671 4226 3670 4835
4 631 3503 127 4203
4 182 3672 714 4835
4 4030 4205 3856 4569
4 4112 5320 4315 5535
4 1902 1466 1467 5300
4 3495 628 2491 2499
4 124 4424 4058 5550
4 2638 4048 2703 4773
4 2080 4080 4559 4895
4 2647 2646 2645 5597
4 4052 5052 512 5316
4 2790 2621 2788 4275
4 1137 1990 205 738
4 2067 13 458 2739
4 882 873 776 5312
4 3813 4696 4973 5149
4 129 4187 4566 5053
4 3460 4585 3461 5284
4 2250 2644 2252 4499
4 3064 1585 399 5014
4 4349 3910 5097 5197
4 3956 3825 5106 5233
4 3974 5113 4423 5466
4 4142 5267 4492 5277
4 1072 1071 1123 4965
4 1978 1675 1676 4946
4 3322 542 64 5001
4 1462 1460 1461 5255
4 4410 5045 3704 5487
4 861 933 811 5478
4 2116 2118 2117 4623
4 1560 1880 1930 4629
4 1159 399 1585 5014
4 4004 4746 3776 5451
4 3630 3632 3631 4606
4 3674 4823 4480 5578
4 2708 2709 4711 5372
4 922 793 175 5596
4 3199 476 3200 4799
4 390 1984 1146 3057
4 2783 3882 2782 5215
4 2727 2895 2031 4127
4 4867 5333 4461 5489
4 2346 2348 4510 5289
4 2790 2644 2309 5195
4 1148 332 1971 1040
4 180 4701 708 5068
4 1670 1671 1543 4934
4 2057 307 995 2912
4 2291 2732 4397 4969
4 4087 3756 4573 4722
4 2227 2229 4214 5522
4 1146 1795 389 2933
4 2651 2202 3892 5030
4 3005 4919 3107 5241
4 2569 2210 675 3587
4 2268 2302 4850 5545
4 60 4550 4282 4670
4 2283 4071 2259 4257
4 180 4226 4093 5530
4 3740 3966 4453 4886
4 1327 1653 1392 4476
4 1526 1527 1963 5062
4 2541 4427 2534 5009
4 2323 2322 176 2321
4 3507 3509 634 4630
4 3826 4224 4007 4903
4 4823 5188 4480 5578
4 1512 1551 1552 4668
4 4169 4972 4511 5413
4 1166 204 1990 867
4 68 3321 540 4278
4 538 3330 4868 5331
4 91 4487 575 5534
4 4090 4351 4242 5319
4 2041 2865 3052 4594
4 841 934 940 5479
4 1368 1401 1366 5167
4 514 51 3269 4714
4 1966 1690 1962 4777
4 1208 1871 1873 4765
4 831 919 907 4640
4 2227 2228 2229 5522
4 3946 4611 631 5593
4 4433 4497 3760 4864
4 3829 4178 4522 4701
4 1477 1830 1631 5375
4 3832 3877 4791 5447
4 3456 5257 3900 5285
4 1846 1485 1849 4536
4 4333 3923 5155 5371
4 2948 3081 3058 4556
4 2523 4136 2524 4846
4 3894 4573 4029 4876
4 2892 4377 2049 5466
4 3615 690 3616 4483
4 177 5303 4569 5416
4 1733 1801 1450 5196
4 3578 671 4270 5048
4 780 787 782 5079
4 1048 328 2020 1085
4 3760 4009 4680 5282
4 1143 866 232 5066
4 1015 970 964 5244
4 2347 2345 2346 4510
4 3796 4623 4811 4839
4 732 778 939 4519
4 517 3290 3291 5187
4 1555 1614 1556 4897
4 3893 4924 2094 5504
4 752 193 1171 2006
4 3465 116 4603 4741
4 1156 1927 340 1038
4 3888 4707 4474 5537
4 1838 1529 5229 5492
4 4045 5355 2121 5394
4 1207 1209 1208 4727
4 167 5243 4205 5560
4 4528 4787 635 5135
4 3668 3666 3665 4436
4 2291 2733 2732 4969
4 1702 1384 1703 4981
4 2123 4082 2202 5355
4 2157 3236 38 495
4 377 1164 1951 3009
4 820 740 201 1131
4 2243 2245 2596 4511
4 244 2900 2068 750
4 2441 3879 2475 4853
4 2389 2330 681 4955
4 2845 2044 2718 4431
4 41 5378 4260 5447
4 684 4650 164 5175
4 484 3220 30 5120
4 817 4790 4875 5562
4 2572 2652 2203 4533
4 3360 3362 3361 4443
4 569 3990 3383 5475
4 3244 3242 498 4846
4 1212 1214 1753 5077
4 183 4127 4835 5530
4 3181 3179 3182 4350
4 3532 646 3530 4766
4 1654 1956 1656 4737
4 3598 4341 3896 5181
4 1421 1422 1420 5088
4 84 564 4381 4961
4 295 944 971 5546
4 1087 1036 336 5441
4 199 728 1168 2000
4 621 2486 3487 5555
4 1308 5388 1370 5419
4 2803 2499 125 2511
4 2124 4488 2657 4766
4 923 802 801 5165
4 4049 4763 3757 4935
4 4686 5122 3999 5445
4 2596 4511 2245 5460
4 3761 3969 4436 5213
4 507 3259 2614 4392
4 13 2067 4762 5265
4 1565 1566 1969 4195
4 398 3063 2944 5146
4 3731 4511 4972 5391
4 3951 5267 4950 5419
4 2872 2563 3871 5177
4 2268 2269 2267 5545
4 3340 551 3343 5556
4 1752 1255 1627 5368
4 2698 2755 2205 3982
4 685 3622 3623 5202
4 80 2618 2620 2619
4 881 5057 4583 5564
4 2852 4314 2555 5406
4 4342 4884 3729 5152
4 2108 2773 2771 3980
4 3754 4430 3921 4774
4 2248 2249 2247 5458
4 1063 1065 5025 5190
4 3784 3997 5088 5141
4 2670 2742 2178 3979
4 2819 439 2984 4996
4 145 4736 4166 4827
4 978 980 979 5523
4 2157 2092 4057 4690
4 1368 5167 4319 5568
4 3643 3644 4722 5596
4 4292 5102 3707 5310
4 912 769 926 5100
4 4454 3678 5425 5538
4 1337 1764 1339 4814
4 1196 5027 1377 5573
4 2307 2305 2306 5392
4 1122 1067 1068 5166
4 2714 2738 2429 4647
4 220 1958 1129 5130
4 3669 715 183 5530
4 210 1128 718 5564
4 1733 1452 1490 4939
4 2442 2475 3879 4853
4 2421 4328 2740 4703
4 351 1062 1046 2908
4 3776 5459 4755 5572
4 808 809 810 4037
4 1041 2919 348 2504
4 1848 1561 1539 4543
4 3592 5172 3589 5290
4 692 5123 4001 5590
4 4078 4718 3918 5435
4 4081 4814 4675 5324
4 2269 2268 2302 4850
4 1739 1741 1740 4604
4 3283 3281 514 4571
4 2826 2817 2039 3917
4 2601 54 4789 5187
4 55 523 4699 5238
4 2755 2754 2205 5515
4 2847 2415 2483 5041
4 2424 2425 2892 5466
4 91 3389 4371 5534
4 3181 4350 16 5536
4 3703 4631 4271 5149
4 4232 5198 3927 5423
4 3952 4403 5150 5568
4 3362 4443 76 5476
4 4079 4664 155 5208
4 2050 2476 2916 5207
4 4319 3952 4744 5568
4 4503 5152 4084 5427
4 3789 4162 4089 5247
4 2231 3207 3208 2233
4 2004 834 196 2003
4 4019 4740 4444 5172
4 3080 2989 2987 5299
4 1433 1808 1435 5220
4 213 1134 1981 4929
4 3056 415 2930 5222
4 2424 2832 2896 4423
4 1134 1980 1668 4929
4 3046 3131 5005 5582
4 1776 5281 1306 5558
4 1600 1518 1941 4913
4 18 2443 3188 4479
4 1680 1416 1679 4658
4 1706 1469 5162 5487
4 3126 3138 3068 4346
4 3045 3115 3028 5225
4 4029 4929 3756 5363
4 704 3653 3654 4653
4 3769 4664 4971 5002
4 3757 4468 4049 4935
4 1372 1398 1314 4861
4 2637 2638 2703 4773
4 2961 2967 2968 4725
4 814 4875 817 5176
4 2217 2749 66 5331
4 1683 1685 1684 4626
4 1707 1706 5045 5487
4 1853 1314 1399 5558
4 2223 2221 2222 4652
4 2446 2708 2709 4711
4 742 2027 254 811
4 2989 3141 3131 5005
4 1318 1286 1297 5459
4 4033 5201 4531 5586
4 4347 4911 3805 5430
4 2721 2036 4662 5595
4 145 4552 4238 4736
4 4302 5305 3744 5365
4 1920 1807 1924 4667
4 3685 5409 3918 5435
4 1144 379 3059 1946
4 3091 4373 3039 4750
4 2521 90 3398 2797
4 4644 4761 620 5555
4 1028 984 1024 5577
4 2442 2441 2475 4853
4 3769 4971 4664 5566
4 1191 4757 1194 5573
4 2787 2519 94 4440
4 3751 4192 3994 4981
4 4668 5357 3954 5495
4 717 888 1033 5467
4 2038 2814 4329 4800
4 3464 3467 3465 4603
4 49 3994 5183 5316
4 1014 980 985 4629
4 398 2944 1159 5146
4 2682 2683 4892 5383
4 663 3564 150 2159
4 3217 31 4115 5205
4 639 3520 130 5177
4 604 109 2494 2493
4 551 4272 3343 5556
4 4506 5271 3821 5492
4 1983 1128 210 5564
4 1370 4950 1646 5419
4 2786 2650 2792 4517
4 120 2083 2282 2081
4 2164 4949 34 5219
4 20 4980 3889 5000
4 121 4365 4627 5335
4 2109 2107 2108 4931
4 4006 2404 5003 5589
4 2617 80 561 2153
4 4192 4981 3875 5183
4 115 610 4840 5284
4 3952 4472 4325 5047
4 4011 5418 5203 5518
4 831 907 4127 4640
4 2568 3634 698 2880
4 1009 5109 4409 5469
4 1691 1313 1298 5091
4 4561 5032 3699 5283
4 2268 4850 2269 5545
4 622 5006 3484 5555
4 792 790 789 4880
4 3042 3041 2952 5333
4 3393 92 577 5047
4 1759 1758 1698 5058
4 44 4014 4336 5106
4 4425 3867 5223 5562
4 4069 4802 596 5496
4 2071 2876 2913 4361
4 3840 4991 4662 5595
4 721 2897 4127 5293
4 1045 1074 1110 4753
4 54 3284 2255 4372
4 2623 74 2626 4516
4 3779 4088 4702 5351
4 136 2126 2125 4432
4 720 2040 242 839
4 1778 1379 1358 4940
4 3988 5235 3908 5396
4 476 4314 25 5252
4 2028 2946 427 2840
4 283 2926 942 3100
4 3140 2978 3094 4728
4 528 4023 4374 5278
4 2385 2749 4820 5456
4 2708 2444 5372 5540
4 4452 5579 4028 5597
4 1458 1459 1460 4597
4 4478 4926 3769 5570
4 2681 2561 2355 5016
4 3415 587 4871 4924
4 4129 4386 5147 5255
4 145 4908 4736 5216
4 2035 2891 432 2932
4 2433 3889 2434 5000
4 3707 5102 4770 5336
4 2155 590 2652 4135
4 2837 2876 320 956
4 165 2757 3606 4555
4 3896 4878 3736 5347
4 1917 4932 1926 5306
4 2908 1035 1062 4832
4 4696 4840 3986 5284
4 1931 2009 1659 4520
4 4429 5126 4024 5509
4 52 4193 4704 5173
4 1384 1355 1353 4979
4 2109 4931 2108 5490
4 4587 5029 3871 5470
4 4131 4521 3759 5007
4 960 1005 961 4361
4 3051 2984 439 4996
4 4437 5125 4077 5302
4 1362 1364 1378 5369
4 4922 5055 4010 5301
4 4087 4722 4573 5342
4 2921 2823 1050 4688
4 3761 4749 4093 5068
4 2503 5151 2497 5157
4 3173 460 3171 5265
4 829 823 871 5308
4 2222 2221 2219 4652
4 2884 5326 2693 5432
4 3852 4215 3903 4462
4 3583 668 4328 5554
4 4075 4577 3744 5599
4 2124 2174 645 4766
4 682 163 4384 4563
4 1099 1033 190 888
4 60 3298 528 4670
4 1655 1654 4737 5511
4 2488 2487 2508 5148
4 1245 1244 1243 4724
4 2293 29 3207 2233
4 3752 4216 4795 4917
4 4224 4903 3939 5365
4 515 49 3271 5052
4 2679 2444 2337 4810
4 3090 3095 3080 5299
4 488 3227 32 4754
4 1134 1980 4929 5363
4 429 3065 2951 5237
4 740 202 1131 1994
4 919 4640 4072 5213
4 2375 531 58 2798
4 465 3177 4243 4853
4 3766 4278 3948 5376
4 4817 5148 4021 5231
4 4533 3924 4782 5598
4 3862 5011 4428 5345
4 180 708 4701 5303
4 2186 2196 2185 4754
4 52 4620 4193 5173
4 610 4596 3475 4840
4 3736 4878 4304 5347
4 3858 5372 4810 5540
4 687 3615 3614 4483
4 2662 3902 2754 5515
4 10 453 2859 3153
4 2298 2272 2214 5290
4 2667 2205 2754 5160
4 2630 2301 5011 5529
4 2098 591 2610 4542
4 2947 1141 367 3077
4 3928 5006 2486 5555
4 2445 2453 2902 5330
4 1918 1143 232 5066
4 153 4270 4104 5554
4 2130 4404 2128 5485
4 4478 4971 3769 5566
4 2890 835 249 2066
4 1683 1365 1363 5301
4 3841 4199 4166 4827
4 2980 4329 4239 4857
4 1672 1627 1629 5368
4 516 4704 52 5316
4 1024 981 5230 5457
4 2413 2532 2410 5517
4 1063 1064 1065 5190
4 3266 4565 3267 5367
4 164 5390 5259 5515
4 3597 4341 3598 5181
4 1149 297 999 1934
4 492 4004 3237 5451
4 213 860 1134 4929
4 4255 4820 2749 5456
4 1648 1878 4709 5594
4 2929 2041 412 3052
4 4423 4700 3974 5466
4 1167 374 1954 3076
4 81 3364 563 5192
4 898 741 701 794
4 4171 5348 4711 5372
4 2006 813 194 5437
4 3029 5214 3026 5498
4 4337 4962 4043 5533
4 4216 4698 4528 5065
4 598 106 3450 5484
4 1030 1019 951 4423
4 36 4330 492 4746
4 809 877 895 4587
4 1525 1841 1645 5035
4 3046 3116 3131 5582
4 2861 5016 4293 5356
4 2647 5350 4452 5597
4 3817 4019 4126 5072
4 988 948 995 5133
4 2499 3492 626 2282
4 3400 90 2566 5565
4 813 727 194 5437
4 1919 3046 5005 5582
4 4006 5031 5157 5589
4 96 3416 2155 4135
4 1746 1748 5338 5382
4 3067 1925 383 5601
4 2056 359 1092 1047
4 1383 1787 1786 5393
4 3759 5233 4521 5447
4 1323 1389 1325 5271
4 2307 2798 58 4420
4 457 13 3156 5080
4 626 3488 4424 4761
4 3941 5145 4367 5465
4 2486 2078 3928 5555
4 5231 5373 4021 5588
4 1371 1370 1646 5419
4 3608 164 4555 5175
4 809 4587 895 5329
4 2156 2505 2090 5295
4 2957 444 2485 4670
4 3016 3130 3015 4705
4 740 4743 1131 5248
4 1700 4910 1939 5600
4 33 488 4352 4754
4 1448 1450 1801 5196
4 3048 366 1969 3077
4 1874 1870 1652 5051
4 524 57 4329 5401
4 2906 2052 239 749
4 936 869 4029 4876
4 2772 2395 2781 5438
4 4511 4843 3942 5391
4 2242 4014 2241 4336
4 2782 5215 3882 5261
4 648 3546 3549 4609
4 581 3401 95 5049
4 2618 560 4639 5513
4 127 4459 629 5379
4 2471 2040 2903 4378
4 1397 1683 5212 5301
4 2908 352 1062 1035
4 2435 2434 3889 5000
4 1949 1694 1695 4772
4 3657 705 3659 2450
4 536 3948 5001 5178
4 2549 2745 2196 4716
4 946 965 299 2007
4 27 4581 4486 4669
4 1894 1732 1380 5262
4 2404 2495 2398 5003
4 1527 1526 1388 4989
4 2882 4125 3904 5076
4 2595 2594 2849 4402
4 3305 4420 533 4906
4 4726 4885 3989 5403
4 1475 1407 1474 4976
4 634 4630 4266 5135
4 2070 2680 2882 5567
4 385 1920 1165 2940
4 507 46 3260 5081
4 77 3360 2264 4443
4 601 3441 108 5034
4 3169 5209 3167 5454
4 2897 2727 4127 5293
4 2957 2485 4282 4670
4 3967 4541 4147 5092
4 2862 4024 2305 5392
4 545 4591 67 5576
4 35 497 4351 5319
4 1857 1855 1488 4915
4 1335 1334 1333 4781
4 688 3624 166 5202
4 2565 3930 5105 5479
4 835 248 2066 4907
4 701 3641 4029 5596
4 2142 2736 2144 4633
4 336 1933 1087 5441
4 1194 1191 1193 4757
4 845 244 2068 750
4 571 4376 5358 5602
4 2264 2263 77 4443
4 387 1991 1135 2958
4 649 4601 4404 5139
4 3084 3005 3107 5241
4 3038 3035 3037 4373
4 3344 4257 552 4759
4 1177 1926 1917 4932
4 4109 4516 3779 4702
4 815 5176 4515 5437
4 84 5030 3892 5602
4 557 4027 4702 5386
4 921 933 861 5567
4 1568 5062 4461 5229
4 1163 1987 1800 5533
4 3998 4540 4049 4763
4 137 4562 4326 4609
4 770 763 899 4715
4 2940 3084 3019 5241
4 673 3585 156 5103
4 3822 5141 3997 5416
4 3216 480 25 4313
4 4698 5065 3871 5177
4 684 4007 3619 5599
4 2047 309 2830 950
4 3341 3340 3343 4796
4 215 1979 731 4946
4 4475 5104 4017 5359
4 3583 3582 3584 4328
4 2060 865 271 5312
4 1307 1370 1308 5388
4 2303 4850 4429 5509
4 2146 2144 2735 5503
4 3275 512 3273 4681
4 1169 369 2952 3075
4 3087 3093 3007 5242
4 4405 5108 4011 5591
4 2604 2693 2694 4620
4 3923 5404 5067 5462
4 1373 1374 1706 4680
4 1684 1685 1791 4626
4 4103 4638 3759 4707
4 2394 2358 4596 4840
4 689 4224 4132 4577
4 4469 4772 3768 5063
4 3814 4225 4104 5103
4 1312 1316 1315 4960
4 124 4058 5050 5593
4 870 881 718 5564
4 607 3452 3454 4540
4 1033 717 190 888
4 3352 558 3353 4516
4 3890 4427 2534 5140
4 849 718 881 5564
4 2774 112 3468 2165
4 3886 5108 4580 5518
4 4662 4842 3840 5099
4 175 4125 3647 5224
4 1793 4648 1704 5507
4 1519 1463 1461 5255
4 1873 4765 1709 5592
4 2917 4290 2831 5577
4 1055 4768 1053 5502
4 713 3664 183 4640
4 1994 4743 843 5200
4 2172 2161 2168 5256
4 2488 2184 2509 4685
4 2444 2335 2337 5540
4 2849 3988 2717 5235
4 3699 5032 4405 5283
4 2760 2391 4121 4593
4 3835 4412 4147 4782
4 4442 3883 4832 5330
4 91 3981 4487 4869
4 3641 4573 4029 5596
4 1238 1305 1236 5527
4 2466 2873 2752 4624
4 1470 1469 1577 5162
4 103 4674 4412 4877
4 888 891 4688 5467
4 3352 3355 555 4516
4 1048 5143 1096 5486
4 2407 4069 2406 5482
4 2753 5208 4971 5566
4 2362 2364 2363 4923
4 3558 660 4331 4908
4 1737 4707 1803 5537
4 3910 4990 4263 5197
4 2976 2975 4670 5278
4 642 3521 134 4879
4 785 868 880 4892
4 1632 1512 1552 5464
4 3990 3815 4376 4381
4 3143 3120 3071 5571
4 20 3903 4441 5497
4 2346 2663 2387 5280
4 3305 59 4420 4906
4 3971 4980 4441 5497
4 4444 4664 4079 5260
4 1374 4680 1373 5569
4 2264 3360 556 4443
4 4024 4689 59 5392
4 19 3176 466 5116
4 2163 2170 3229 2730
4 1031 975 1004 4694
4 3569 4223 2180 4794
4 1562 1973 1852 5575
4 125 625 3505 5550
4 1298 1311 1691 4865
4 2049 315 2834 953
4 3667 4436 3666 5068
4 665 4099 147 4729
4 3215 4399 3216 4669
4 145 4166 4736 4908
4 2083 4644 2081 4761
4 3632 4234 696 4606
4 3134 3029 3127 4418
4 2161 2168 5256 5514
4 2753 2214 5208 5566
4 1218 1734 1267 5101
4 2417 2416 2367 4611
4 3235 3234 490 4690
4 4624 4884 3957 5193
4 3801 4472 3952 5047
4 2040 2900 839 4608
4 2576 5123 4037 5353
4 2574 4393 2347 4510
4 3049 2067 419 4762
4 2976 4670 4550 5278
4 4605 5527 4348 5541
4 3320 3322 536 5001
4 4718 4856 4110 5435
4 572 3394 3392 4501
4 4027 4251 3816 4702
4 2011 1155 1937 4893
4 1191 1194 1622 5573
4 4580 5203 4011 5514
4 3058 3009 376 5400
4 171 4434 4037 4876
4 3568 146 4223 5503
4 486 3212 3211 4526
4 783 781 784 4613
4 3812 4495 4638 5583
4 1154 2020 328 1085
4 3051 439 2061 4996
4 1755 5119 1751 5532
4 36 3241 493 5127
4 2911 2536 2538 5009
4 2102 2104 2103 5026
4 819 4875 4425 5562
4 2920 1081 345 2823
4 1553 1907 1551 4457
4 3738 4632 4013 4742
4 1733 5196 4939 5370
4 3568 4223 658 5503
4 1556 1707 1706 5045
4 1451 1472 1453 5185
4 2028 428 3050 2825
4 4165 5114 4797 5325
4 3391 2797 90 4371
4 3167 11 461 4859
4 3805 4525 4622 5499
4 3054 2869 411 2929
4 1686 1684 1687 4824
4 2950 372 1132 1957
4 4044 5263 4300 5563
4 2179 146 663 2159
4 3408 3901 4440 5043
4 4147 4541 3753 5092
4 799 798 801 4962
4 2503 2501 2502 5157
4 616 4467 3483 4731
4 2856 14 3173 460
4 107 4798 599 5496
4 1382 1181 1183 4655
4 1959 1568 1132 4461
4 4579 5075 4232 5423
4 4021 5517 4817 5588
4 352 2908 2026 1035
4 2005 1152 1572 4515
4 1748 1249 1747 5532
4 743 853 852 4595
4 3383 3990 4381 5475
4 888 4688 1099 5467
4 3400 3403 3402 4327
4 2872 4879 3871 5029
4 2976 4550 2975 5278
4 758 757 733 4986
4 3457 607 111 5169
4 594 103 3424 5142
4 1762 1854 1486 4588
4 748 196 834 2003
4 4654 4909 3715 5442
4 941 852 913 5099
4 623 5006 4942 5555
4 1529 1387 1526 4435
4 3926 4811 4623 4839
4 608 4055 4741 5026
4 2417 4611 3946 5550
4 3788 4049 4935 5508
4 3515 633 3514 2350
4 4009 5162 4680 5282
4 2064 2851 2595 4977
4 1884 5131 1729 5404
4 4428 4487 3874 5534
4 2302 2303 4850 5542
4 477 3200 2592 4799
4 2782 2222 2219 5261
4 2394 2577 114 4596
4 201 820 1131 1997
4 2256 4015 2255 4372
4 2832 4423 2424 5466
4 141 650 3537 5139
4 3658 181 2450 710
4 3359 559 76 4557
4 4393 5029 3718 5470
4 2026 1035 2908 4832
4 710 2319 2320 4653
4 3124 3066 3136 5381
4 2025 313 994 2832
4 2027 2709 2885 5372
4 55 522 3289 4789
4 1328 1326 1327 4739
4 3400 4327 574 5565
4 1376 1587 1608 4966
4 3956 3759 4521 5007
4 2433 4441 3889 5000
4 3744 4903 4224 5365
4 2713 681 160 2389
4 39 4136 3242 5127
4 4010 5055 4262 5301
4 2820 2035 431 3020
4 701 4029 794 5596
4 3864 4550 4282 5426
4 47 4721 4417 4901
4 879 908 807 5329
4 3017 3105 2851 4977
4 2773 3980 2108 5547
4 898 936 794 4029
4 3440 4818 3906 5034
4 1968 1663 1972 4916
4 1940 381 3060 1942
4 3308 3310 3311 4374
4 3715 5442 4367 5465
4 3053 419 2854 4762
4 1642 1149 2007 5109
4 160 3607 686 4717
4 2383 4678 2560 5253
4 1573 1914 5146 5493
4 917 759 761 5144
4 2614 4392 2150 5081
4 721 2031 246 831
4 1245 1243 1887 5276
4 1925 1165 1700 4391
4 4464 4710 3792 5315
4 2745 2431 2533 5563
4 2008 334 1045 1074
4 1833 1478 1570 4797
4 978 1147 291 985
4 1351 1396 1805 4676
4 3704 5045 4680 5487
4 4770 5102 3975 5336
4 752 886 819 4425
4 60 4282 4550 5426
4 3706 4925 4353 5231
4 2713 2757 686 2388
4 2741 2892 2425 4341
4 3308 59 533 5161
4 3258 3257 3259 4392
4 254 2886 2027 742
4 2682 2683 2855 4892
4 2565 5105 2889 5479
4 4472 5008 4116 5510
4 3529 3528 3526 4510
4 2878 2575 2045 5029
4 3029 3026 3027 5498
4 55 523 4192 4699
4 3200 3199 4799 5522
4 4037 4876 3718 5329
4 4004 4351 3803 4357
4 2503 4358 5151 5157
4 4743 4902 3969 5200
4 1708 1454 1456 5270
4 3921 4385 3754 5332
4 2771 3980 2773 4467
4 2375 58 525 2374
4 11 4735 461 4859
4 1027 1032 953 4377
4 76 4443 4458 5476
4 2406 4069 2403 4818
4 2266 4443 2264 4822
4 2104 2106 2105 4603
4 215 731 806 4946
4 1782 1961 1958 5130
4 3964 4736 3837 5216
4 4244 5119 3815 5585
4 79 4251 5345 5386
4 3791 4058 4646 5050
4 1944 1160 1583 4519
4 523 52 3287 5183
4 2493 2399 3445 2401
4 4192 4873 3875 4981
4 3247 4791 4773 5286
4 891 760 4890 5525
4 2989 5005 3131 5085
4 64 5001 2273 5178
4 4817 5517 4191 5588
4 2947 368 1965 3075
4 161 3605 680 5175
4 567 3379 3378 4500
4 3797 4898 4452 5210
4 3108 2963 3099 4660
4 457 12 3174 5265
4 4158 4493 612 4568
4 1504 1500 1498 5138
4 3600 3598 678 5181
4 499 4490 5127 5451
4 2272 3890 2300 5140
4 501 40 2715 3247
4 1993 1829 1166 5200
4 4466 4980 3971 5497
4 2118 4500 2117 4623
4 3818 4952 4346 5242
4 643 4692 4510 5289
4 4278 5001 3948 5376
4 2884 2693 2689 5432
4 660 4238 3570 4456
4 2753 4971 2299 5566
4 495 2160 34 2163
4 2819 2061 439 4996
4 1801 5196 1733 5370
4 2099 2100 2101 4732
4 3647 5076 3648 5224
4 796 884 933 5057
4 4049 4540 3998 5169
4 2937 2069 414 3056
4 3394 3393 3395 4501
4 27 3214 479 4669
4 4088 5246 3898 5556
4 1884 1729 1235 5404
4 156 679 4574 4642
4 2234 4115 2235 5120
4 4050 5373 4607 5422
4 176 705 3650 4838
4 2801 2396 2772 5438
4 2374 4024 2862 5392
4 939 777 775 4723
4 750 840 839 4608
4 2821 2818 2484 5362
4 3379 3377 3376 4500
4 3602 683 3601 4955
4 2867 2430 2467 4815
4 2871 351 1046 2908
4 502 4773 4048 5286
4 3994 4981 4192 5183
4 2753 2457 2750 4971
4 4011 5203 4580 5518
4 3748 4580 5203 5518
4 3295 3294 3293 4689
4 48 518 2603 2605
4 998 2047 310 2831
4 1051 360 2838 1047
4 1238 4348 5527 5541
4 2461 4003 2439 5536
4 2108 4931 3980 5490
4 650 4432 3535 5139
4 2788 85 2621 2619
4 4181 5041 4323 5595
4 4327 4634 3828 5049
4 2378 4969 4000 5402
4 2315 3854 2669 4582
4 2320 2321 710 4653
4 3187 3189 3190 4479
4 430 2065 2820 3065
4 140 4404 649 4601
4 1358 1359 1360 4845
4 3427 3425 591 4542
4 2872 3871 2675 5177
4 993 957 1018 5170
4 3911 4545 4400 5037
4 3032 3102 3028 5427
4 1168 844 200 1997
4 1697 1939 4910 5600
4 4106 4479 474 5322
4 92 5047 4064 5443
4 491 35 4357 4949
4 3811 4027 4557 5386
4 876 815 818 5581
4 3188 471 3189 4479
4 67 4591 4184 4868
4 358 1042 2827 5473
4 507 3260 4392 5081
4 666 3567 3569 4794
4 2319 2320 2321 710
4 928 917 761 5362
4 3862 4137 4428 5011
4 1647 1827 1826 4671
4 470 2570 2437 2436
4 3528 4510 2348 5289
4 3371 565 4273 4961
4 2031 2894 247 831
4 599 4798 107 5154
4 357 1088 2916 5207
4 1754 1230 1232 4649
4 1829 1993 1828 4902
4 2491 2486 621 2282
4 2600 2825 2839 5237
4 2986 2991 2992 5184
4 3025 4503 5427 5498
4 3966 5433 3898 5556
4 1942 380 2927 1144
4 2206 5048 3897 5208
4 547 3336 3337 4969
4 3669 183 714 4835
4 91 4371 4487 5534
4 195 727 2004 1152
4 2807 2453 2451 4645
4 137 4046 4432 5421
4 4361 5223 3867 5562
4 1802 1254 1203 4570
4 492 4004 4746 5098
4 748 837 197 1140
4 2121 2122 2123 5355
4 831 729 919 4640
4 1578 5162 1469 5487
4 1241 1242 1240 5134
4 755 2074 2921 4688
4 3806 4981 3994 5183
4 2153 82 2117 2119
4 386 1135 1920 3018
4 1994 1829 1995 4743
4 703 4722 4120 5224
4 3243 496 37 4846
4 4293 5016 3847 5356
4 888 755 902 4688
4 1581 1151 1915 5453
4 4475 4829 3995 5124
4 4971 5208 4664 5566
4 122 2486 2491 2826
4 2764 4078 2392 5429
4 2679 2680 2444 4810
4 2912 308 995 950
4 4383 5288 4923 5505
4 1096 1079 1077 4937
4 2004 2003 1572 4851
4 1848 1539 1541 4956
4 3506 126 2418 4611
4 4245 4919 4841 5237
4 2684 86 2119 2121
4 4707 4758 1803 5537
4 599 107 3453 5154
4 1206 1207 1208 4727
4 3181 470 4350 5000
4 1588 1609 1284 5422
4 576 3404 3405 4325
4 3607 3608 3606 4555
4 3785 4200 4071 4257
4 2143 2281 2141 4327
4 33 4352 4784 5098
4 510 3266 4721 5548
4 1600 1928 1139 4807
4 3647 4125 5076 5224
4 1715 1732 1712 4975
4 2124 4488 3533 5421
4 545 3333 67 4864
4 3332 539 3333 4864
4 564 4381 4182 4449
4 4353 5148 4817 5231
4 2165 3466 117 4603
4 2754 3902 5160 5515
4 1381 1621 1619 4978
4 3873 5279 4760 5576
4 4253 4388 3827 5175
4 1471 1675 1674 4938
4 4065 4971 4554 5002
4 4172 4885 4726 5403
4 978 949 292 5523
4 124 5050 4424 5335
4 2550 4383 4923 5505
4 871 878 927 5287
4 1059 1060 1118 5442
4 2839 2597 2600 4841
4 564 3369 3368 4961
4 3758 4466 4218 4914
4 2374 2862 2305 5392
4 4495 5321 4901 5434
4 1403 1406 1837 4537
4 3923 5366 5067 5404
4 4412 4674 103 5598
4 680 161 4388 4955
4 2371 4001 4393 5123
4 2571 4479 2810 5322
4 3967 3753 4541 5092
4 4905 5035 4012 5298
4 682 3613 163 5218
4 2703 2710 2614 4392
4 1932 295 971 5546
4 1300 5015 1722 5332
4 4452 4898 4028 5210
4 4159 4515 4987 5349
4 2532 4920 2412 5517
4 3213 483 3211 4526
4 1912 1135 1991 4464
4 3030 3029 3031 5214
4 2217 64 3317 537
4 1212 1211 1213 5033
4 1718 1717 1713 5069
4 3561 4331 2158 4908
4 914 840 927 5287
4 2394 114 4764 4840
4 2232 2233 2231 483
4 3425 98 4542 5559
4 1620 1896 1895 4744
4 3491 3490 3489 4424
4 1943 1154 1597 5486
4 3401 3403 582 5049
4 523 3288 4192 5183
4 2495 5003 2404 5589
4 503 5286 4103 5447
4 1467 1516 1517 5300
4 1323 1324 1322 5206
4 124 4627 5050 5335
4 2208 2207 2188 5506
4 544 70 2732 3339
4 588 3419 4748 5328
4 865 873 271 5312
4 697 172 3645 5224
4 2098 591 3422 2097
4 1523 1779 1982 4752
4 1970 366 1969 3048
4 159 3590 678 5172
4 3953 3747 4449 5069
4 1520 1482 1658 4656
4 241 2904 2903 842
4 3989 5266 4726 5403
4 580 3399 93 2520
4 3270 3269 3271 4714
4 2535 2534 2541 4427
4 822 843 740 4743
4 1790 1130 1788 4567
4 661 3560 3559 4331
4 3768 4927 4469 5063
4 3575 4778 3577 5158
4 2192 4270 2191 5048
4 3746 4351 4090 5089
4 3770 5023 4544 5397
4 2118 2119 82 4500
4 4058 4424 2803 5550
4 1569 2008 1126 4753
4 1405 1474 1407 4976
4 2534 2300 3890 5140
4 3966 4886 4845 4940
4 2323 4030 2449 4838
4 1482 4656 1520 5520
4 3006 3126 3112 4952
4 119 4973 4271 5417
4 3038 3039 3091 4373
4 2411 4612 2804 5482
4 2552 2779 3876 4585
4 2203 4533 2652 4732
4 1494 1651 1652 4806
4 3970 4630 2354 5268
4 119 4271 5273 5417
4 2692 2693 2604 5432
4 561 3366 3365 5513
4 3851 4687 4252 5070
4 3406 4325 3407 5227
4 2256 2255 2254 4372
4 2979 2975 2977 5278
4 2985 2988 2990 5198
4 4218 4466 3192 4914
4 2775 2770 2577 3470
4 3915 4976 4447 5450
4 1265 1206 1873 5064
4 41 4260 4791 5447
4 2913 2837 2538 5191
4 2976 2977 2975 4550
4 493 3225 36 4330
4 1262 1269 1278 4883
4 2106 4931 4603 5547
4 4009 3760 4497 5282
4 2788 2684 85 2619
4 517 52 3290 5238
4 3912 5250 4628 5418
4 2517 4064 2795 5443
4 654 3552 3550 5485
4 359 2056 2838 1047
4 1107 5166 1095 5441
4 243 2040 2900 839
4 1215 1217 1216 5121
4 1981 1982 1170 4880
4 481 3908 5120 5396
4 2435 2433 2434 5000
4 3843 4690 4057 5295
4 2210 2286 2569 675
4 3680 5054 4437 5125
4 2329 2328 162 687
4 1145 1968 1972 4916
4 357 1042 1088 5207
4 373 3055 3076 5046
4 720 241 2903 842
4 3857 4326 3918 4488
4 2552 3876 2779 4764
4 2153 2618 80 2619
4 2003 748 197 1140
4 2522 3987 2277 5559
4 4089 5247 4162 5587
4 4435 4989 3910 5521
4 15 4400 4545 5037
4 3007 5242 3093 5452
4 1068 1094 1108 5096
4 59 3294 4689 5401
4 189 1100 889 1033
4 180 4178 4653 4701
4 179 4072 4854 4907
4 2596 5413 4511 5460
4 3329 3331 546 4868
4 602 4818 3442 5153
4 4237 4828 4785 5317
4 2260 3350 2623 2262
4 3903 3673 4716 5263
4 3662 3661 706 4907
4 4726 5266 3698 5403
4 632 4630 3970 5268
4 2117 2116 4623 4848
4 1707 5045 4410 5487
4 1403 1405 1406 5450
4 378 1946 1164 2939
4 1668 1523 1982 4752
4 154 5048 2206 5208
4 4238 4456 660 5216
4 3921 4213 4394 4809
4 3998 4666 3900 5169
4 3106 5315 3085 5561
4 1557 1307 1776 5388
4 3310 3309 3311 4374
4 119 4596 4119 4973
4 4632 5158 151 5461
4 782 788 877 5239
4 3871 5029 4879 5470
4 579 3397 94 2521
4 1767 1854 1305 5527
4 1444 1443 1445 4985
4 3759 4638 4131 5236
4 3225 4330 3228 4754
4 1726 1886 1889 5074
4 2911 5009 4316 5414
4 2862 4024 2374 4689
4 4950 5267 3951 5405
4 3742 4126 5072 5304
4 2269 4850 2303 5509
4 164 3622 685 5259
4 1232 1231 1233 5067
4 2695 2891 2605 4681
4 4193 4681 52 4704
4 3132 3117 2977 5014
4 2081 3928 2078 5555
4 543 2212 2211 4868
4 3868 3945 4914 5044
4 2097 2096 585 2095
4 589 3417 100 5328
4 3256 45 2310 506
4 1808 1433 1546 5346
4 2899 2464 2072 4733
4 3817 4444 4019 4740
4 1873 1265 5064 5592
4 2732 2216 2215 3327
4 2856 460 3173 5265
4 2184 2177 3881 5219
4 3912 5032 4561 5283
4 2673 2842 2845 4346
4 3251 2240 506 4336
4 60 4550 4670 5278
4 1375 1316 1373 5282
4 581 4327 3402 5049
4 2492 4559 2082 5285
4 1305 1798 1236 4605
4 65 4687 5178 5415
4 4357 4784 491 4949
4 2835 4494 2541 5414
4 4001 5123 2345 5590
4 875 914 838 4819
4 3772 4182 4036 4961
4 455 3168 9 5209
4 459 3164 3165 4747
4 497 3240 35 4351
4 2472 2903 2904 4720
4 3042 3043 3041 4867
4 1706 1578 1469 5487
4 2099 2098 592 2097
4 4291 5393 4648 5446
4 1049 1101 1098 4502
4 3063 398 1914 5146
4 2995 3086 2997 4993
4 85 568 2684 5030
4 3790 4099 4729 5500
4 170 693 3633 2880
4 2245 5458 2247 5460
4 2329 2327 687 4483
4 4528 4698 4005 5135
4 2165 614 3466 4603
4 2721 4662 4991 5595
4 215 1978 1979 4946
4 3594 4126 4642 5387
4 1332 1412 5258 5535
4 2755 3982 2698 4555
4 4603 4957 116 5547
4 96 2097 2095 2155
4 3442 596 3440 4818
4 2423 4264 2341 4606
4 1037 1056 339 2016
4 3927 5184 4311 5389
4 2032 2860 2468 5071
4 30 2234 2235 5120
4 4103 4638 503 5447
4 2985 2990 2986 5198
4 578 2521 2800 2520
4 106 598 4360 5484
4 467 3191 3193 4914
4 17 3193 468 4914
4 1126 334 1045 2008
4 1615 1616 1554 5107
4 3627 171 4037 5353
4 2828 4230 2500 4896
4 3849 4281 4024 4689
4 471 2571 2443 2570
4 2170 32 494 2186
4 3761 4436 3969 4902
4 2882 2881 2070 4125
4 2216 2212 2215 543
4 1324 1682 1414 4783
4 1978 215 806 4946
4 3052 2865 413 2937
4 3418 4135 3419 5328
4 4121 4394 4213 4936
4 3774 5321 4495 5434
4 2387 2348 133 2701
4 3250 4336 3252 5378
4 1082 1099 1050 4688
4 874 832 735 4662
4 1939 5600 1127 5601
4 973 5083 972 5546
4 122 2486 2826 2077
4 1308 1371 1416 5419
4 2783 2531 3882 5215
4 120 626 2511 4761
4 896 927 840 5287
4 1931 1659 1660 4520
4 2199 4184 2211 5331
4 1940 1774 1773 4370
4 2872 2675 2563 5177
4 573 4371 3391 5529
4 2688 2030 2690 4852
4 4078 4766 646 5429
4 4580 5108 4011 5518
4 3841 4736 4552 4827
4 800 847 872 4673
4 2486 120 2081 5555
4 1572 1152 2004 4515
4 1624 1623 1477 4745
4 5307 5338 4175 5382
4 3841 4166 4736 4827
4 1499 5138 4935 5508
4 933 5057 884 5478
4 2001 4379 1878 5594
4 4028 4452 5210 5579
4 1194 1196 1377 5573
4 258 3639 741 836
4 3063 3144 3121 5146
4 2870 2869 411 3054
4 2470 2780 2057 5133
4 183 4436 713 5213
4 964 1025 1015 4451
4 3074 2955 2981 4329
4 3534 648 3536 5020
4 4450 4549 3788 5154
4 3952 4325 3750 5150
4 58 3296 2374 4689
4 2824 2065 2600 5237
4 3902 5390 3982 5515
4 2872 2675 3871 4879
4 489 34 3224 5219
4 3690 5291 4615 5544
4 1366 1364 1365 5055
4 3977 5148 4353 5231
4 4409 5109 3736 5469
4 3917 5006 4096 5269
4 2409 2413 2410 4817
4 3511 632 3510 4584
4 2188 2179 2711 5506
4 3763 4023 4374 5161
4 4088 4702 5351 5433
4 643 3527 132 5289
4 1724 1723 1378 4974
4 13 2067 458 5080
4 1442 1777 1440 4945
4 1634 1635 1641 4473
4 2928 3001 3002 5601
4 2545 157 2740 2569
4 4935 5138 3788 5508
4 2996 2998 3085 5561
4 2232 2635 2234 4526
4 608 112 4585 5026
4 3867 4875 4790 5562
4 3237 4004 4351 5451
4 3448 3451 3449 4589
4 4129 5147 4833 5255
4 2844 2060 271 5312
4 4252 4355 3851 5070
4 1153 1974 364 2936
4 3980 4931 2108 5547
4 2059 3300 56 530
4 94 2521 2519 2281
4 3843 4242 4057 5319
4 3998 3757 4540 4763
4 4615 5307 4070 5382
4 4311 3922 5326 5432
4 3946 5550 4611 5593
4 717 189 889 1033
4 1198 1199 1200 4911
4 3093 3079 3014 4927
4 2812 2035 2707 4052
4 2435 2437 470 4350
4 596 4802 4069 4818
4 2665 2672 2673 4808
4 2840 3068 426 2842
4 638 3511 3512 4584
4 2438 2435 2752 4350
4 3227 3225 3228 4754
4 2708 2446 2333 4711
4 2802 4058 2803 5550
4 3130 2931 3105 4977
4 2988 3116 2990 5198
4 3157 4863 3155 5080
4 3156 458 3157 5080
4 921 906 795 4125
4 1547 1799 1429 5472
4 898 858 810 4037
4 1666 1621 4978 5463
4 492 4746 4330 4754
4 67 4820 4255 5415
4 3436 596 3438 4802
4 2941 396 3008 5093
4 177 3653 704 5303
4 2097 101 2099 2652
4 2421 2722 2740 4328
4 2511 626 120 2282
4 2145 3865 2144 5060
4 1987 1799 1800 5472
4 2720 2415 2847 5595
4 3125 3036 4738 4863
4 2719 3908 2294 5396
4 1024 1004 981 5457
4 1147 1930 291 985
4 625 3504 3505 4611
4 2842 3023 425 2044
4 3483 3481 618 4731
4 2435 4350 470 5000
4 2085 4097 2083 4761
4 2859 3153 453 5071
4 2386 2324 2322 5352
4 455 3154 3152 5071
4 571 84 4376 5602
4 2775 2773 616 4467
4 1908 1910 1552 4874
4 2469 2902 4832 5330
4 3917 4896 622 5379
4 2031 246 2897 721
4 3742 4126 4512 5387
4 3839 4721 4100 4901
4 3914 4108 4830 5280
4 11 4413 454 4647
4 3207 3209 2293 2231
4 2797 3391 573 4371
4 1300 1722 1228 5332
4 754 764 889 4421
4 1086 1039 347 5151
4 466 3188 3187 4479
4 1860 1300 1859 5015
4 123 5269 5006 5379
4 4049 4540 3757 4763
4 1341 1340 1339 5087
4 3411 94 2519 4440
4 2686 4257 2263 4759
4 3320 4278 3321 5001
4 4495 5084 3774 5434
4 3626 693 170 5353
4 2194 2209 152 2569
4 4064 5443 3801 5542
4 178 4854 2893 4907
4 689 4132 4224 5218
4 1056 1927 339 2016
4 3345 3344 553 4759
4 512 49 3273 5316
4 3543 3542 646 4593
4 1569 1126 2002 4753
4 3095 3141 2989 5299
4 2977 2975 4550 5278
4 621 3487 3485 5555
4 3454 111 4049 5154
4 2739 13 458 3161
4 2188 4223 2179 5506
4 3283 4372 3281 4571
4 370 2952 3033 5333
4 1548 2001 1877 5594
4 3661 4640 4072 4907
4 490 3234 35 5319
4 3681 5397 4544 5551
4 701 794 922 5596
4 2618 4639 2613 5513
4 2190 2192 2315 4582
4 3642 3644 703 4722
4 1084 1096 1048 5143
4 1848 2015 1561 5424
4 3814 4104 4328 5103
4 2406 2407 2403 4069
4 1568 1960 1132 4461
4 2158 149 2670 4331
4 452 4863 3157 5480
4 3221 491 4784 4949
4 3673 4477 4990 5468
4 193 752 813 2006
4 167 4205 3621 5259
4 1645 1841 1635 4575
4 2570 472 22 2540
4 982 1002 1016 4982
4 2505 2811 2088 5136
4 3367 4848 3937 5513
4 100 4533 4782 5598
4 831 907 721 4127
4 1311 1298 1299 4865
4 536 5178 4820 5415
4 3271 4714 515 5052
4 957 287 992 1916
4 1036 1936 336 5441
4 3885 4535 4497 4643
4 4156 4582 2190 4794
4 3513 636 132 5323
4 2903 2040 242 720
4 1704 4648 5446 5507
4 3472 615 3473 4596
4 1704 1793 1792 4648
4 3414 586 3412 5504
4 3813 4973 4271 5149
4 1240 1767 1238 5527
4 2995 2997 2996 4993
4 1403 1404 1405 5450
4 2554 4400 2556 5265
4 2721 2419 2720 5595
4 2227 2229 2292 4799
4 2809 2571 2810 5322
4 3986 5284 4764 5505
4 816 818 815 5176
4 3022 3019 3107 5241
4 1042 358 1092 5473
4 952 4494 2835 5414
4 3929 4787 4566 5053
4 3871 4879 2675 5177
4 505 3251 3250 4336
4 2157 2156 2092 4690
4 1777 4945 1442 5539
4 3283 2253 4372 4571
4 1929 1578 1707 5487
4 4251 4702 4027 5386
4 3761 5068 4093 5530
4 1436 1491 1434 5188
4 105 5491 4069 5496
4 1039 1081 346 2920
4 3119 3040 3043 4867
4 5004 5357 4021 5373
4 1310 1669 5072 5304
4 4208 4243 17 5116
4 661 3577 3575 4778
4 31 4399 4162 5587
4 1412 1824 1330 5258
4 3356 557 79 5386
4 3114 4738 3036 5489
4 3474 3473 618 4596
4 672 153 3593 5387
4 2163 2377 2730 3230
4 3427 3424 3426 4542
4 4466 4914 3945 4980
4 251 893 722 2037
4 2491 628 2418 2499
4 2767 2656 2768 4948
4 3917 4459 4230 5379
4 4350 4980 3180 5000
4 3877 4773 2715 4791
4 2532 2452 2412 4920
4 2266 2264 2704 4822
4 2893 2449 2565 3930
4 3490 4761 620 5335
4 2800 2630 88 2301
4 1949 1164 1946 4469
4 2558 2559 2383 4678
4 1322 1321 1323 5206
4 2821 2062 2818 5362
4 673 4328 3585 5103
4 1143 5066 1584 5584
4 2514 2848 532 4831
4 2715 2310 501 2616
4 774 937 775 5580
4 520 2602 2601 2284
4 3170 4859 4240 5454
4 2051 2480 2477 4725
4 124 3502 631 4627
4 308 2912 2830 950
4 2174 2622 3540 651
4 492 4746 4004 5451
4 2708 2333 2335 5540
4 1123 1071 1120 5211
4 11 4735 4647 4747
4 618 5273 4731 5531
4 119 4271 4973 5273
4 2493 602 109 2806
4 2826 3917 2039 4896
4 2779 4764 3876 5505
4 1544 1435 1808 5220
4 552 4200 4453 4557
4 3147 3097 3031 5364
4 464 3179 3181 4350
4 33 4754 4352 5098
4 2604 2661 3907 5187
4 3262 3263 4131 5583
4 2919 1086 347 5151
4 2718 2044 2846 4431
4 125 3505 4611 5550
4 2844 271 873 5312
4 2545 157 3599 4341
4 2273 2216 2275 542
4 2179 2180 663 4223
4 606 4559 4080 4895
4 59 4906 533 5161
4 698 168 2567 2880
4 4326 4562 3754 4609
4 398 1159 1914 5146
4 4085 5327 5184 5389
4 464 3181 16 5536
4 591 2098 2096 2097
4 4184 4868 2211 5331
4 995 1016 988 5133
4 3556 657 146 5060
4 3480 3481 3482 4467
4 4051 5198 4567 5582
4 3468 2770 2774 2165
4 2846 424 2953 2044
4 2284 2601 54 2255
4 638 3512 2701 4584
4 2975 2979 4239 5278
4 3737 4581 4313 4669
4 2098 2100 102 2173
4 3320 3321 3323 5001
4 3671 712 2726 4835
4 1818 4772 1949 5063
4 3740 4027 4557 5369
4 4428 5011 3874 5345
4 4524 5079 3847 5356
4 3630 4606 698 5590
4 3941 5096 4367 5145
4 295 1125 944 5546
4 3217 486 3220 5120
4 3564 2668 2671 664
4 1676 1979 4946 5363
4 3500 121 623 4365
4 2606 5001 3948 5178
4 612 3465 3467 4741
4 1909 1609 1910 4928
4 4175 5455 4805 5532
4 3990 4376 3815 5358
4 2824 4767 2659 5488
4 506 45 2240 3251
4 240 2052 2904 749
4 2251 2296 4031 4714
4 3088 2976 3072 4282
4 2039 2828 2500 4896
4 2851 3105 2033 4977
4 1073 1123 1040 5211
4 2917 2560 2831 4290
4 453 2738 2739 3159
4 4833 5147 4107 5255
4 2274 2456 4252 5178
4 1886 1248 1892 5366
4 1977 2024 1172 4502
4 656 4166 4827 4908
4 2711 2735 3983 5503
4 1879 1881 1273 5430
4 1829 1828 1550 4902
4 3957 5225 4733 5427
4 620 3490 3488 4761
4 1661 1453 1472 5156
4 1936 1933 336 5441
4 2491 2418 126 2500
4 1683 1684 1397 5212
4 566 2619 3370 4273
4 1838 5179 1657 5492
4 3555 3557 656 4827
4 1097 1052 1051 4660
4 1510 1632 1513 5464
4 2352 2350 633 2351
4 4517 4816 3719 5371
4 3785 4200 4257 4759
4 2486 2081 2078 5555
4 691 4577 5259 5599
4 2860 2930 415 5222
4 1716 1803 1737 4707
4 2980 2955 4239 4329
4 543 2211 2215 4868
4 4097 4644 2083 4761
4 1058 1057 1037 4654
4 2347 2348 640 4510
4 2596 2295 5413 5460
4 4678 4694 3996 5073
4 625 125 4424 5550
4 2790 2651 2645 5350
4 2715 2238 40 2310
4 606 110 3459 5285
4 3878 4338 3980 4467
4 1731 1342 1380 5526
4 2152 90 2797 4371
4 1043 355 2050 5096
4 4064 5043 577 5443
4 2514 62 2456 4831
4 1106 1123 1073 5340
4 2521 580 2519 2520
4 3285 3994 4600 5183
4 3450 2399 603 4589
4 87 569 3377 5394
4 1377 1901 1622 5573
4 3795 4973 4696 5149
4 2753 2299 2214 5566
4 1016 1002 988 4982
4 764 891 717 5467
4 679 156 3595 4642
4 365 1970 1153 2936
4 1703 1705 1702 4981
4 90 4371 2152 5565
4 870 884 881 5057
4 2531 37 2730 496
4 2469 2908 2805 4832
4 2766 2634 2762 4801
4 470 3185 2570 2436
4 3461 3463 610 4764
4 1573 1579 1914 5493
4 103 4674 4877 5142
4 596 104 4802 4818
4 4104 4328 668 5554
4 3095 3090 2983 4756
4 2294 3908 2719 5120
4 696 4087 4573 5342
4 556 3361 78 4822
4 1888 1302 1784 4997
4 2697 2285 2241 5361
4 2501 5157 2497 5589
4 2429 4413 2859 5071
4 1827 1997 1131 5248
4 2721 2847 2036 5595
4 1882 1631 1318 4755
4 1255 1752 1197 5092
4 2429 2468 4413 5071
4 2210 2569 2194 669
4 2688 2689 2687 5420
4 642 135 3519 4879
4 3597 3599 673 4341
4 729 2894 248 4907
4 1640 1287 1671 5294
4 3131 3141 2943 5005
4 123 622 3499 5379
4 101 592 3420 2099
4 3464 3465 3466 4603
4 72 2259 2258 4796
4 1700 1697 1939 4910
4 147 659 3554 4847
4 4803 5156 4005 5185
4 177 4569 4030 5416
4 2882 3904 2679 5076
4 3439 598 3437 4360
4 1094 355 1043 5096
4 1943 5143 2020 5486
4 3288 4600 4192 5183
4 504 3249 41 5378
4 2496 2495 2404 5589
4 950 984 1028 5577
4 2521 578 3399 2520
4 2544 2315 2192 5554
4 2469 2902 2026 4832
4 1746 1885 1748 5382
4 2140 2176 2142 5110
4 3659 2728 2321 2450
4 1609 1909 1284 4928
4 3520 3521 3519 4879
4 2327 3991 2564 5243
4 86 568 3387 5355
4 1689 3008 396 5093
4 1494 1460 1651 4806
4 3577 667 3574 5158
4 1070 1069 1071 4965
4 22 4479 2571 5322
4 3270 2706 4714 5052
4 2955 4239 4329 5519
4 1455 1453 1661 4803
4 767 766 746 3917
4 3875 5173 4699 5183
4 1994 843 203 5200
4 502 3246 3248 4773
4 1383 1761 1792 5393
4 3133 3148 4762 5080
4 2775 2577 118 3470
4 1799 1546 1431 4679
4 2124 2123 2122 5421
4 680 160 3603 4955
4 3426 3424 593 5142
4 3490 121 624 5335
4 4008 4338 4568 4957
4 3495 628 3494 2491
4 1169 2952 370 5333
4 3565 2671 2159 2147
4 4387 5136 4022 5501
4 697 5076 4264 5224
4 4592 5389 4311 5432
4 916 856 937 4807
4 69 3323 541 5402
4 459 2738 2289 4747
4 1384 1701 1355 4873
4 72 2260 2258 2259
4 4193 3922 4993 5173
4 1581 1582 4771 5453
4 579 2566 2521 2281
4 3921 5015 3819 5332
4 1415 1768 1769 4742
4 4175 5210 5455 5579
4 2897 2898 2727 5293
4 3985 4890 4509 5524
4 4509 4890 4063 5524
4 524 3293 57 5401
4 2201 2763 2657 5409
4 3201 477 26 5522
4 145 4827 4166 4908
4 1198 1200 1273 4911
4 530 3304 56 2474
4 2215 70 2732 3327
4 2404 2400 4006 5484
4 2521 2566 90 2797
4 482 2293 24 5406
4 2065 3065 429 5237
4 3858 4711 5372 5540
4 2258 2260 72 4796
4 1957 3055 373 5046
4 2565 2889 2037 5479
4 3544 3543 651 4593
4 3629 3631 3632 4606
4 87 5358 4082 5602
4 3765 5209 4373 5454
4 3469 2775 2770 2165
4 970 1017 1013 5244
4 3354 557 75 5351
4 849 881 792 4583
4 455 9 4489 5209
4 536 3317 3318 4820
4 3875 4699 4192 5183
4 1849 4536 5254 5448
4 2328 2329 2327 687
4 3604 4384 3602 4955
4 1570 1478 1522 4797
4 488 33 4352 4784
4 167 4577 4132 5560
4 4022 5136 4387 5272
4 2246 2247 2245 5458
4 2326 3612 2388 2328
4 3804 5354 4078 5429
4 4162 4399 31 4669
4 3994 3806 4704 4710
4 2274 64 2273 5178
4 1701 1761 1357 5446
4 2450 181 2319 710
4 3503 4203 631 4627
4 3575 4582 4778 5158
4 2299 2448 2368 5412
4 4259 5264 1563 5424
4 492 4330 3225 4754
4 541 3338 69 4969
4 3772 4036 4273 4961
4 3312 3313 535 4831
4 1871 1709 1873 4765
4 2243 2697 2241 5361
4 2941 1138 396 5093
4 536 3318 65 5415
4 609 112 2552 4585
4 3929 4769 4170 4787
4 1774 1127 1939 5600
4 1297 1320 1319 5459
4 1700 1698 1697 4910
4 3549 4430 4385 4609
4 1117 1110 1065 4753
4 1099 1082 1124 5467
4 25 4314 4697 5252
4 1312 1849 5254 5448
4 3910 5097 4435 5521
4 22 2571 2570 2540
4 78 2623 555 3348
4 3650 3649 3651 4838
4 3707 4912 4539 5336
4 2259 4272 2258 4796
4 2447 2889 2564 5105
4 84 564 3382 4381
4 3336 4397 3339 4969
4 3313 60 535 5426
4 4516 4702 557 5351
4 3408 4440 3410 5043
4 3616 3613 3614 4483
4 1755 1751 1747 5532
4 2576 3628 5123 5353
4 3510 129 636 5053
4 2669 4582 3854 4778
4 3292 3289 522 5187
4 3970 4630 4266 5377
4 2240 2242 2241 4336
4 90 574 4371 5565
4 1517 1599 1903 4825
4 1503 1501 1502 5104
4 978 292 1147 5523
4 3997 4701 708 5303
4 74 2623 2678 2260
4 141 3553 652 5485
4 98 586 5504 5559
4 816 814 817 5176
4 641 4216 5065 5470
4 3817 4126 4019 4444
4 3215 31 487 4399
4 2580 2756 2579 5360
4 3464 608 3467 5026
4 1270 1263 1264 5089
4 2411 2469 4612 5330
4 3032 3025 3024 4503
4 4076 4910 5058 5186
4 105 599 4468 5496
4 2494 3459 110 5285
4 3214 485 3215 4669
4 3408 3410 577 5043
4 3118 4793 3021 5315
4 287 957 2014 1916
4 44 4336 3250 5106
4 41 4521 5233 5447
4 756 757 764 5525
4 2350 2349 2348 640
4 2483 2415 2416 5041
4 166 2328 2327 687
4 16 2439 2440 4243
4 4108 3914 4830 5289
4 2414 2413 2409 4817
4 3784 4701 3997 5141
4 3265 505 44 5367
4 466 3176 3175 4853
4 3965 4609 4562 5020
4 3308 533 4374 5161
4 4861 5304 3962 5558
4 3605 4555 3607 4717
4 1304 5380 4414 5537
4 3520 4879 3518 5177
4 170 699 3638 5477
4 2362 2550 4923 5505
4 1176 1143 1584 5584
4 1830 1270 1286 4930
4 690 3624 3621 5202
4 1508 1507 1904 4682
4 2761 2760 651 4593
4 2422 2875 2482 4828
4 3242 3243 3241 4846
4 2378 4000 2422 5402
4 2169 2543 2183 5108
4 603 2492 2399 2493
4 2605 2812 48 4681
4 3819 4385 3921 5332
4 2778 2777 2548 4551
4 3573 4238 4099 5461
4 3205 3202 4402 5406
4 1128 1985 1809 5564
4 3815 5274 4312 5585
4 132 5053 4769 5323
4 1601 1602 1502 5028
4 2501 2497 2404 5589
4 1028 981 982 5230
4 2075 2076 2043 4881
4 1070 1071 1072 4965
4 2377 2163 38 3230
4 3458 3459 604 5285
4 4932 5100 3844 5306
4 1246 1279 1835 4967
4 655 140 3549 4385
4 2727 2031 2897 4127
4 4093 5068 180 5530
4 3460 5090 4585 5284
4 2261 2283 2259 4257
4 3589 4079 155 5290
4 1039 2054 347 5151
4 4489 4738 3880 5489
4 2247 5458 4507 5460
4 644 4432 136 5421
4 2084 2494 2082 5285
4 1302 5119 1223 5585
4 931 818 920 4720
4 2854 419 2067 4762
4 3740 4886 4027 5369
4 251 893 2037 2888
4 688 2662 165 5202
4 513 2706 2705 4714
4 4558 5358 4045 5394
4 3238 4351 497 4490
4 128 2350 2352 2633
4 2307 2375 58 2798
4 4079 4664 5208 5566
4 2302 2737 2303 5542
4 1253 1219 1217 4663
4 3032 3028 3025 5427
4 1366 1367 1368 5167
4 3997 4395 3822 5416
4 2552 4585 3876 4764
4 2587 2061 2819 4996
4 545 71 4269 5576
4 2253 2255 519 4372
4 57 4329 4239 5519
4 111 4450 4049 5154
4 4795 4005 5156 5185
4 3411 2519 580 4440
4 2345 4001 2371 5123
4 2517 5043 4064 5443
4 2187 4462 2540 5322
4 874 882 941 5099
4 3656 3655 709 4653
4 122 621 3493 2491
4 116 4467 4338 5531
4 1656 1954 1133 4556
4 557 3358 4027 5386
4 2616 2310 3253 2615
4 2000 198 837 1140
4 96 3416 590 2155
4 2036 2850 2721 4662
4 3361 4443 3363 5476
4 2894 2031 2895 4640
4 560 3364 81 5513
4 914 927 878 5287
4 2461 2438 4003 5536
4 3582 672 3585 5103
4 4162 4486 3737 4669
4 3600 4341 3597 5181
4 558 3363 79 5476
4 522 3282 3284 4372
4 3900 5257 2084 5285
4 3869 4238 4099 4552
4 2783 3882 2531 4846
4 3378 3376 562 4500
4 1820 1515 1465 5309
4 158 5140 2286 5181
4 2399 3450 106 4589
4 300 965 947 1935
4 3153 4413 3152 5071
4 3474 119 617 4973
4 1638 4893 2013 5313
4 2780 2830 2912 5133
4 2240 3251 45 4336
4 2054 1039 346 2920
4 2433 2533 4441 5095
4 2633 4187 2765 5268
4 578 3392 3395 4501
4 2881 174 258 836
4 4007 4224 3826 4530
4 53 2604 2602 2694
4 493 3241 4846 5127
4 1066 1069 1063 5025
4 1159 1585 1574 5014
4 2325 2564 3991 5243
4 2440 3186 2443 2570
4 4313 4581 479 4669
4 967 5109 1009 5469
4 21 5000 469 5095
4 1253 1717 1718 5069
4 3541 2128 2622 2126
4 574 3389 3391 4371
4 567 3378 2119 4500
4 4158 4741 3802 4957
4 165 688 2388 2662
4 1140 1571 2003 4851
4 1765 1816 1945 4675
4 1386 1310 1669 5072
4 369 1169 1965 3075
4 2287 2221 2714 5398
4 3811 4557 4458 5386
4 4271 4973 4091 5417
4 2473 4689 525 4800
4 2164 2170 489 2163
4 1560 1559 1391 5410
4 4314 4799 2555 5406
4 2113 2150 2111 5586
4 635 3970 4630 5135
4 2106 2108 2107 4931
4 5173 5183 52 5238
4 3436 105 596 5496
4 660 3559 4331 5216
4 148 4331 3559 5216
4 3819 4385 3965 4872
4 2604 3907 4620 5187
4 594 3424 4542 5142
4 954 1026 1031 5073
4 1062 1035 1063 4832
4 3162 2856 2739 460
4 3430 4147 3431 5499
4 163 3602 682 4384
4 2773 2775 117 2165
4 2350 633 128 2352
4 2369 3948 2606 5001
4 1967 1141 1965 4345
4 2696 2764 2392 5429
4 991 4785 990 5408
4 581 95 4634 5049
4 98 2096 4542 5559
4 103 595 3429 5499
4 3506 3504 630 4611
4 820 823 821 5248
4 1424 1425 1426 5305
4 4252 4687 3851 5178
4 2157 495 2160 4690
4 3172 4400 3173 5265
4 502 3259 3257 4392
4 2338 2339 2337 5292
4 4170 4216 3741 4528
4 787 783 910 5079
4 3628 168 2576 5123
4 2708 5372 4711 5540
4 1378 1723 1362 5369
4 602 2493 2405 2806
4 1935 947 300 1155
4 981 1028 1024 5230
4 3320 3948 4278 5001
4 2211 2215 2212 543
4 3041 4867 3040 5489
4 144 2158 662 2147
4 4300 5263 4441 5563
4 856 916 734 4807
4 3910 4990 4477 5468
4 3846 4926 4478 5570
4 383 1127 2928 5601
4 770 926 769 5100
4 47 4417 4721 5367
4 3178 4243 3175 5116
4 1474 1573 1475 5493
4 2559 2909 2831 5073
4 2976 4282 4550 4670
4 3671 3669 3672 4835
4 2853 2723 2419 4991
4 1878 2001 1140 4379
4 3617 4224 4577 5599
4 1633 1533 1531 5115
4 2523 2524 2377 4846
4 1564 1973 1562 5264
4 3175 4243 3177 4853
4 2978 3088 3094 4728
4 4087 5342 3770 5397
4 2153 2684 3375 2119
4 1725 1724 1378 4974
4 3221 3222 4949 5219
4 469 3197 3198 5095
4 16 465 2440 2437
4 669 2194 154 5048
4 1147 2017 1930 5523
4 2972 2971 2967 4792
4 2260 72 3349 2261
4 1101 1054 1052 5502
4 460 13 2856 3161
4 2654 2758 2175 4717
4 1666 1897 1621 5463
4 633 2351 130 4630
4 71 546 3336 4397
4 526 58 4420 5392
4 1260 1376 1608 4966
4 2642 2345 5123 5590
4 117 613 4467 5547
4 376 3009 1951 5400
4 2211 2290 2215 4868
4 1111 1119 1086 5151
4 1380 1743 1894 5262
4 463 3172 3174 5265
4 3415 584 3413 4871
4 2545 2425 157 4341
4 2494 2084 5257 5285
4 3909 4565 2280 5548
4 2264 2266 2265 4443
4 1447 1449 1448 4933
4 1511 1569 1545 4396
4 2708 2444 2885 5372
4 462 3172 15 4400
4 2262 554 77 2261
4 2347 2349 134 640
4 2386 2322 2578 5352
4 2919 347 2054 5151
4 1197 1752 1199 5092
4 476 4799 4314 5406
4 1317 1316 1312 5254
4 2302 2796 2795 5443
4 140 3551 649 4404
4 182 2726 3672 4835
4 1332 1412 1330 5258
4 2293 2719 29 2233
4 854 758 733 4986
4 1211 1209 1810 5380
4 3148 3142 3096 4762
4 684 5175 4007 5599
4 2803 4424 125 5550
4 3162 2856 14 2557
4 1225 1249 1227 4805
4 2079 2076 2078 4943
4 358 2827 2056 5473
4 525 2473 2374 4689
4 27 479 4581 4669
4 4088 4998 3898 5246
4 3801 4983 4850 5545
4 1185 1611 1183 4882
4 4427 4740 159 5172
4 2616 507 42 2614
4 836 702 741 922
4 2835 2907 2542 4494
4 1009 967 999 5109
4 305 986 959 2816
4 3760 4497 4269 4864
4 4064 4472 3801 5047
4 517 3276 3274 4681
4 2348 2350 133 2701
4 3204 29 4402 5396
4 708 4701 3997 5068
4 140 4404 4601 4872
4 3888 4758 4707 5537
4 4025 5212 4824 5314
4 3232 2163 3231 3230
4 1899 1476 1898 5094
4 2201 2766 2763 5409
4 1444 1442 4985 5539
4 2606 2273 5001 5178
4 4937 5143 4173 5486
4 1776 1306 1853 5558
4 558 5345 4822 5476
4 623 123 3501 5553
4 2622 2200 142 2760
4 1268 1615 1283 5250
4 2540 2570 472 2436
4 3852 4784 4352 5098
4 50 2705 2284 2253
4 32 494 3229 2170
4 922 701 741 794
4 52 4704 4681 5316
4 2238 2240 2239 4336
4 2512 2396 2801 4657
4 2434 2432 2465 4899
4 2534 4427 2535 5181
4 2400 2402 2501 4360
4 155 4444 4079 5172
4 3556 658 5060 5503
4 513 2705 3272 4714
4 657 2159 2146 2147
4 71 546 4397 4760
4 652 2128 2200 2622
4 3606 2757 686 4555
4 4037 5123 4434 5353
4 3909 4417 4375 5367
4 2006 194 1152 5437
4 1312 1299 1849 5448
4 1674 1972 1775 4917
4 4134 5220 4823 5318
4 4823 5220 4034 5318
4 4160 5058 4910 5186
4 293 2009 1931 949
4 2072 2963 2924 4660
4 99 587 3412 4924
4 1121 1079 1102 4937
4 152 2194 5048 5554
4 3268 46 508 5548
4 3615 3616 3614 4483
4 2865 2867 2467 4594
4 2734 2624 2626 4516
4 2000 1878 1140 4379
4 43 4495 4392 5321
4 649 3536 140 5020
4 3580 3578 668 5048
4 3668 715 3666 5068
4 2092 2156 2090 5295
4 817 4875 819 5562
4 2232 3211 30 483
4 2905 2472 2052 5474
4 478 3213 3210 4526
4 710 3654 3656 4653
4 4159 4515 5176 5437
4 3200 24 2592 4799
4 3639 699 741 5477
4 1050 1099 1113 4688
4 594 4117 4674 5142
4 2433 4441 5000 5095
4 498 3233 3236 4690
4 4028 5210 5307 5579
4 1393 1694 1819 5245
4 2892 2049 2834 5466
4 2164 34 2160 2163
4 659 4552 145 4827
4 562 3367 3366 4848
4 590 2097 2155 2652
4 1085 1048 1096 5486
4 2441 2439 2748 4243
4 3776 4746 4004 5098
4 2602 3279 2603 2284
4 2668 2159 3564 2671
4 2210 154 2206 5290
4 1309 1822 1840 4963
4 497 4351 4242 4490
4 3295 3296 3294 4689
4 4208 4914 17 5044
4 2710 2111 2150 5586
4 3349 3350 2260 2262
4 8 3151 452 5071
4 3625 695 169 4434
4 3017 3105 422 2851
4 2825 429 2951 5237
4 2594 2293 29 4402
4 2475 2807 2442 5145
4 295 1932 1125 5546
4 2383 2560 2747 5253
4 2474 2848 532 2514
4 572 3388 89 5534
4 3602 4384 683 4955
4 2033 2852 2851 4977
4 3806 4704 4993 5173
4 1510 1511 1512 5464
4 3178 3176 467 5116
4 3217 4115 487 5205
4 2352 2354 4630 5268
4 1919 1161 1687 5005
4 601 109 5153 5257
4 949 4520 1931 5523
4 1588 1632 1609 5422
4 2698 2757 4555 4717
4 2893 4838 3930 4854
4 2014 993 288 1157
4 2865 2069 414 2937
4 2272 4079 5140 5290
4 2544 4328 4104 5554
4 4043 4513 5078 5472
4 2851 422 3017 2064
4 456 12 4373 5454
4 2106 2108 4931 5547
4 518 3276 2605 4681
4 370 3033 1960 5333
4 2698 2175 2757 4717
4 3556 5060 146 5503
4 3201 478 3199 5522
4 305 986 2816 2914
4 1083 1084 1048 5143
4 11 3152 454 4413
4 2300 2712 2537 4999
4 543 2215 3331 4868
4 4699 5183 5173 5238
4 489 3223 32 5219
4 665 4729 4223 4794
4 67 4591 4868 5576
4 698 168 3630 5590
4 3441 3440 600 5034
4 513 2705 2603 2284
4 3499 622 3497 4896
4 737 4125 921 5567
4 784 781 785 5494
4 547 4397 3336 4969
4 4663 5069 3953 5121
4 2449 3930 2893 4838
4 203 843 867 5200
4 1659 1483 1660 4779
4 2034 741 699 5477
4 954 994 1026 5073
4 3455 4540 4468 5154
4 4193 4993 4704 5173
4 2835 317 2907 952
4 1592 1180 1295 5508
4 511 4417 4131 5583
4 4875 5313 4159 5437
4 1660 1483 1847 4779
4 3217 4115 486 5120
4 2218 2782 2219 5215
4 2783 2782 2531 5215
4 4182 4381 564 4961
4 4923 5288 3986 5505
4 2831 311 998 2909
4 2497 2503 2054 5151
4 3353 3354 3355 4516
4 3148 4750 3039 4762
4 3878 5273 4338 5531
4 3212 3210 3213 4526
4 106 2401 2400 4360
4 2332 2389 2581 5516
4 87 5358 4558 5394
4 3436 3438 4360 5496
4 1800 1547 1989 5472
4 1815 1411 1336 5056
4 3064 3117 3132 5014
4 2618 2613 2617 5513
4 2310 2238 40 506
4 119 4973 4119 5273
4 3561 3558 4331 4908
4 1216 1218 1267 5101
4 3584 674 3583 4328
4 87 5355 4082 5394
4 3537 3536 649 5139
4 3182 4350 3180 5000
4 3548 647 139 4430
4 373 3076 1167 5046
4 897 833 853 4842
4 4037 4434 3718 4876
4 1332 1735 1412 5535
4 561 4848 3366 5513
4 1737 1803 1738 5537
4 2263 2264 2265 4443
4 1110 1066 1065 5025
4 3245 4791 3246 5286
4 3489 625 3491 4424
4 2070 4125 737 5567
4 2304 2269 2303 5509
4 3898 4998 4088 5433
4 1749 1750 1892 4708
4 606 3449 3451 4895
4 2127 4432 650 5139
4 3305 526 3307 4420
4 2428 2430 2431 5563
4 4079 5208 155 5290
4 3023 3138 3137 5452
4 639 2675 2351 2349
4 1220 1301 1734 5232
4 154 5208 2206 5290
4 3203 481 3204 4402
4 620 3486 121 5555
4 1530 1967 1567 4836
4 3911 4400 4283 5037
4 3189 3187 3188 4479
4 4108 5289 4769 5323
4 1956 1839 1167 5046
4 2593 2852 2555 5406
4 530 2485 61 2474
4 1809 1546 1987 5346
4 3917 4230 4896 5379
4 1036 1107 1095 5441
4 1543 1540 1670 4934
4 737 906 921 4125
4 2972 3103 2971 4792
4 1676 1675 1471 4938
4 29 3219 484 5120
4 2977 2978 3132 4550
4 1522 1582 1975 4771
4 2515 2183 2513 5591
4 1302 1755 1223 5119
4 1801 1733 1869 5370
4 866 762 854 5066
4 4131 4521 3261 4638
4 4710 5315 4464 5561
4 2369 5001 2370 5376
4 4521 5233 5106 5378
4 551 3357 73 4453
4 2803 2181 2511 4424
4 457 3158 12 5080
4 1850 1853 1399 4813
4 3425 4542 586 5559
4 777 776 775 4723
4 118 2608 2577 2775
4 563 3380 81 4449
4 4520 5457 4059 5523
4 1393 1331 1692 4992
4 74 4796 2678 5556
4 3272 3269 3270 4714
4 1472 1451 1775 4795
4 571 3384 84 5602
4 1442 1443 1444 4985
4 1655 1952 1693 4672
4 2755 4555 165 5515
4 1154 1943 2020 5486
4 148 3570 667 4456
4 3952 5150 4744 5568
4 1697 1699 1939 5600
4 166 4483 2327 5243
4 2775 4467 616 4731
4 881 884 796 5057
4 184 1006 904 1023
4 1115 322 3110 1098
4 727 1152 194 5437
4 2388 3612 3610 2328
4 1112 3108 325 3099
4 187 1020 903 887
4 2471 2472 2368 5412
4 2177 2187 2809 5322
4 4544 5397 5023 5551
4 455 3152 4413 5071
4 699 2034 258 741
4 4082 5355 4045 5394
4 1291 1306 1776 5281
4 595 4412 4147 5499
4 2899 2463 2464 4733
4 5023 5397 3934 5551
4 612 4493 3476 4568
4 601 4666 3456 5257
4 3357 552 4453 4557
4 282 1022 3109 5226
4 4558 4839 3783 5475
4 2259 72 2260 2261
4 4058 5550 3946 5593
4 403 1580 3070 5199
4 949 978 979 5523
4 2740 2425 2421 4703
4 2541 2835 2542 4494
4 2374 4689 4024 5392
4 2408 2411 2804 5482
4 3389 3388 4371 5534
4 3295 4689 3293 4800
4 4920 5357 4296 5517
4 2940 3019 3018 4667
4 146 2179 2146 2159
4 1561 1563 5264 5424
4 729 4072 919 4640
4 2656 2653 2768 4948
4 3329 546 71 5576
4 463 4400 3172 5265
4 331 1604 1075 5340
4 3990 4558 3783 5475
4 2216 2732 544 3327
4 2558 2025 2559 5073
4 1739 1766 1254 5528
4 27 4486 4849 5247
4 2282 2486 120 2081
4 556 4443 3361 4822
4 511 3264 47 5583
4 2955 2974 4239 5519
4 3490 4424 3488 4761
4 3798 5003 4951 5194
4 1045 1110 1117 4753
4 513 2706 48 2603
4 5231 5373 4050 5552
4 3561 656 3558 4908
4 4355 4420 3781 4906
4 100 4782 4533 5328
4 3227 2186 32 4754
4 154 670 5208 5290
4 3275 3276 518 4681
4 1864 1274 1861 4774
4 1220 1734 1218 5232
4 3438 597 4360 4802
4 1673 1824 1891 4693
4 2056 1092 358 5473
4 2370 4000 5376 5402
4 931 818 4720 5581
4 2755 2757 165 4555
4 129 4584 4187 5053
4 1577 1469 1578 5162
4 2066 4854 835 4907
4 2170 3229 489 2163
4 3806 4993 4704 5561
4 3188 2443 471 4479
4 2568 698 2567 2880
4 376 1133 3058 5400
4 471 2443 2571 4479
4 479 3216 4313 4669
4 1721 1409 1890 5018
4 2560 2383 2559 4678
4 1689 396 1138 5093
4 1545 1551 1512 4668
4 2013 2006 1639 5313
4 2422 4000 2370 5402
4 4147 4541 3428 4622
4 3249 3252 500 5378
4 1321 1320 1387 5521
4 3436 4360 3437 5496
4 682 4483 3613 5218
4 472 21 2540 2436
4 2338 2340 2339 5292
4 2911 2541 5009 5414
4 4135 4533 3775 5328
4 2310 2240 45 2631
4 1286 1270 1285 4930
4 3448 3450 3451 4589
4 3629 696 172 5342
4 2279 2660 2785 5246
4 3070 2942 403 5199
4 3595 4642 3593 5387
4 634 3520 3518 5177
4 3350 3349 3351 2262
4 1094 2836 355 5096
4 1596 1595 1598 5174
4 2622 2174 2761 651
4 2089 2087 2510 5501
4 503 4638 4103 5286
4 4021 5357 4920 5517
4 65 4433 4687 5415
4 3338 69 2732 544
4 638 2701 2633 4584
4 3235 495 3236 4690
4 1166 1994 203 5200
4 2881 174 2568 2034
4 568 5030 3386 5355
4 4132 4224 3744 4577
4 503 3261 4521 4638
4 802 799 801 5165
4 2641 2702 2154 5302
4 3352 3353 3355 4516
4 3425 3426 586 4542
4 2771 2773 2609 4467
4 944 973 972 5546
4 2800 2521 578 3396
4 625 4611 3505 5550
4 2688 2687 2585 5420
4 1488 1855 1762 4915
4 4180 4401 3879 5116
4 3305 3307 3306 4420
4 3242 4136 498 4846
4 2961 2968 3061 4725
4 2098 3422 592 2097
4 2117 82 2118 2119
4 2749 2543 2199 5331
4 3231 2163 2730 3230
4 657 3555 144 5060
4 2120 4500 4045 5394
4 458 2857 3157 5080
4 1921 1918 1162 4986
4 141 2127 650 5139
4 3607 4555 686 4717
4 1610 1187 1189 5374
4 3751 4094 3994 4600
4 3604 3602 3603 4955
4 3157 3155 3158 5080
4 3243 493 4846 5215
4 3843 4057 4690 5319
4 3420 590 101 2097
4 609 2552 112 2774
4 2362 2551 2550 5505
4 517 3290 5187 5238
4 2346 2348 2347 4510
4 111 606 3457 5285
4 4857 5161 4281 5401
4 3243 4846 37 5215
4 1276 1851 1767 5122
4 1220 1219 1221 5274
4 2955 2974 2980 4239
4 459 2289 2557 4747
4 935 915 859 4916
4 1511 1508 1904 4682
4 2099 3420 101 2097
4 3775 4748 3967 5538
4 156 672 4642 5103
4 4252 4482 3864 4831
4 2385 2217 2274 4820
4 4281 4689 3849 5401
4 3757 4468 4256 4540
4 3428 4541 587 4622
4 2703 2616 42 2614
4 3842 5315 4710 5561
4 1678 1679 1420 5240
4 3289 4789 522 5187
4 1380 1342 1344 5526
4 2949 435 3073 5326
4 1489 1859 1858 5395
4 3025 5427 3028 5498
4 588 3417 3419 5328
4 713 3668 3665 4436
4 2281 94 4327 5049
4 2218 2730 37 2186
4 1943 1922 1923 5143
4 2836 2050 355 5096
4 53 3291 520 5187
4 1100 1033 1124 5467
4 685 3622 5202 5259
4 2980 2981 2955 4329
4 4068 5254 4536 5448
4 2795 5443 4064 5542
4 3204 4402 481 5396
4 20 468 3194 4466
4 891 755 888 4688
4 814 5176 815 5437
4 69 4969 2378 5402
4 659 4552 4827 4847
4 1924 1165 1920 4667
4 2963 3102 3099 4660
4 3176 3175 4853 5116
4 2618 2617 80 5513
4 3526 643 4510 5289
4 3336 3339 3338 4969
4 644 3534 3535 4432
4 1088 1109 1118 5207
4 2284 519 50 2253
4 1174 1582 1915 5453
4 3181 4350 3182 5000
4 3486 623 4942 5555
4 2187 2540 22 5322
4 813 4875 814 5437
4 2418 2841 2416 4611
4 3756 4029 4573 4722
4 1735 1411 1736 5320
4 3407 4325 3981 5227
4 4205 5202 2324 5243
4 3409 582 3411 4440
4 466 4853 4401 5116
4 3212 3213 3211 4526
4 1567 1527 1530 4836
4 288 957 993 2014
4 3483 4467 3481 4731
4 688 165 3623 5202
4 2719 5120 3908 5396
4 2474 2514 3303 2375
4 3266 4565 5367 5548
4 1008 1022 282 5226
4 2231 2293 3207 2233
4 3041 3043 3040 4867
4 3354 4516 557 5351
4 639 4879 3520 5177
4 474 3196 23 4462
4 628 3505 3506 4611
4 3891 4697 5252 5436
4 1818 1817 1949 4772
4 2370 5376 5001 5402
4 3667 3997 4436 5068
4 1838 1657 1389 5492
4 1139 734 229 5306
4 87 3990 4558 5358
4 3964 3738 4238 4456
4 16 2439 4243 5536
4 3587 675 2569 3588
4 917 850 751 5362
4 3736 4574 3896 5347
4 4082 5030 2202 5355
4 1055 1053 1054 5502
4 972 974 976 5083
4 1583 1516 1515 4780
4 2125 2127 2149 4432
4 1193 1625 1195 5341
4 3360 553 3362 4443
4 2514 62 2798 2455
4 1581 1582 1522 4771
4 3933 4942 4365 5553
4 4338 4568 116 5417
4 548 3343 4272 4796
4 2951 3135 3128 5237
4 3205 4402 482 5406
4 3266 5367 4721 5548
4 2592 2555 4799 5406
4 2732 2378 69 4969
4 2328 162 2713 2330
4 3590 677 3589 5172
4 2534 2272 2300 5140
4 3260 3258 4392 5081
4 660 148 3559 5216
4 3227 494 2186 4754
4 2977 2976 2978 4550
4 3971 4441 5263 5497
4 1269 1282 1278 4883
4 2139 2152 2137 5565
4 2594 2849 3988 5396
4 2717 3988 2849 5396
4 1873 1709 1875 5592
4 4507 5458 3942 5460
4 2109 2110 2111 5490
4 3464 614 112 5026
4 1012 1008 942 5408
4 3376 3378 3379 4500
4 569 4558 4500 5394
4 3738 4456 4013 4632
4 2534 5140 4427 5181
4 510 5081 4721 5321
4 830 817 890 4790
4 499 3238 39 4490
4 4079 5208 2214 5566
4 103 4877 4412 5499
4 3482 613 3480 4467
4 1059 1109 1061 4909
4 2848 61 2485 2474
4 580 94 2521 2519
4 2493 109 2494 2806
4 31 5205 4399 5587
4 3464 3467 4603 5026
4 3393 577 4501 5047
4 2010 1553 1936 5441
4 556 78 2278 4822
4 4214 4849 3973 5522
4 672 4642 4225 5387
4 3236 495 2157 4690
4 2302 2303 2269 4850
4 3410 4440 580 5043
4 2242 2280 2244 4565
4 542 2273 2216 3324
4 3395 3392 3394 4501
4 2161 2162 2168 5514
4 2177 4784 3881 5219
4 857 1917 229 5306
4 902 191 888 1113
4 331 1075 1073 5340
4 1141 368 1965 2947
4 1259 1768 1280 5111
4 1556 1948 1707 5045
4 2579 2316 2580 5360
4 4120 4722 703 5596
4 1960 1169 370 5333
4 1692 1693 1393 4992
4 3476 113 611 4493
4 2499 2491 3492 2282
4 2015 1156 1563 5424
4 2915 2748 2461 5249
4 173 3648 700 5076
4 2682 2681 2373 5383
4 2856 2554 2556 5265
4 1112 1097 1051 4660
4 2121 86 2119 2120
4 3021 3022 3020 4793
4 3510 636 4584 5053
4 207 797 730 5533
4 1500 1499 1498 5138
4 3203 4402 3202 5252
4 2746 2749 2385 5456
4 808 2878 4037 5353
4 1335 1394 1337 4984
4 383 1925 1127 5601
4 649 3551 3553 5485
4 2232 2233 30 2234
4 567 82 3374 2119
4 846 925 725 5130
4 2159 2146 146 657
4 1212 1210 1211 5033
4 3556 3554 3555 5060
4 461 3163 3166 4747
4 3849 4857 4281 5401
4 4159 5176 4875 5437
4 3470 2577 118 615
4 1217 1215 1717 5121
4 2928 3002 3067 5601
4 2400 106 2399 2401
4 459 4747 2557 5343
4 2212 66 2217 2749
4 3182 3180 469 5000
4 2696 2338 2336 5354
4 43 4103 4638 5286
4 2669 664 2668 4582
4 673 4703 4328 5103
4 1271 1906 1590 5399
4 3674 5318 4823 5578
4 645 136 3538 2126
4 1310 1294 1669 5304
4 2410 2412 2411 5517
4 3222 3221 3223 5219
4 5273 5417 4338 5531
4 47 4901 4417 5583
4 128 4584 2633 5268
4 1935 299 965 2007
4 3386 3387 5355 5602
4 644 3531 137 4488
4 1932 1996 1125 5546
4 3478 4568 4091 5417
4 4187 4584 632 5268
4 662 2158 2671 2147
4 1551 1908 1552 4874
4 4108 5280 3914 5289
4 1375 1373 1469 5282
4 2450 2319 2321 710
4 969 1009 1010 5469
4 3375 2684 86 2119
4 107 4798 4549 5154
4 1714 1810 1803 4758
4 2631 4565 508 5548
4 114 2394 2552 2770
4 2592 24 477 2231
4 3986 4840 4764 5284
4 465 3186 18 2440
4 2212 4868 66 5331
4 1937 2013 1638 4893
4 503 4791 5286 5447
4 3775 3967 4748 5328
4 12 4750 4373 5454
4 2824 2659 2707 5488
4 3517 3515 2350 2349
4 563 3364 3367 5513
4 1527 1388 1528 4989
4 2538 2539 2913 5191
4 2403 104 2401 2405
4 3085 3106 3021 5315
4 2145 4827 3865 5060
4 925 783 784 4613
4 3213 2232 483 4526
4 1687 1688 1686 4824
4 675 5140 3592 5290
4 3512 3510 3513 4584
4 2331 2446 2699 5086
4 3400 2566 579 4327
4 3564 2671 3565 3562
4 3800 4735 4283 4747
4 1892 1248 1231 5366
4 203 867 1166 5200
4 747 935 859 4916
4 24 2592 4799 5406
4 537 2217 2216 2212
4 2263 2686 2261 4257
4 727 814 815 5437
4 3087 3007 3003 5242
4 3789 4486 4162 5247
4 3875 5446 4648 5507
4 599 3455 105 4468
4 3027 3025 3028 5498
4 282 3109 3100 5226
4 4579 5251 3735 5423
4 3171 13 457 5265
4 260 2878 808 5353
4 292 949 1931 5523
4 2214 2299 2298 5566
4 2436 5000 21 5095
4 1669 1645 1386 5072
4 152 2194 2569 669
4 1081 1121 1082 4578
4 174 3636 2568 2034
4 1716 1715 1714 5236
4 2942 1151 403 5199
4 3490 624 4424 5335
4 3225 3227 3226 4754
4 765 891 760 4890
4 2217 2274 64 2273
4 1772 1765 1773 4918
4 1715 1716 1410 5236
4 2969 2970 2968 4826
4 3542 3544 3545 4593
4 1076 1080 1106 4661
4 1103 1092 1053 5473
4 2429 2859 2468 5071
4 3347 554 2261 4257
4 472 3195 22 2540
4 860 719 791 4929
4 3628 692 168 5123
4 2770 2552 114 609
4 3118 3021 3082 5315
4 2096 2610 591 4542
4 4242 4351 497 5319
4 2491 3492 3495 2499
4 2983 3146 3095 4756
4 2400 4360 4006 5484
4 472 21 3198 5095
4 1428 1426 1427 5365
4 2305 2304 2303 5509
4 597 3438 104 4802
4 3457 3458 3456 5285
4 123 3484 622 5006
4 422 3104 3017 2064
4 503 4638 4521 5447
4 3517 3515 3516 2350
4 3571 3573 665 5461
4 1085 1096 1077 5486
4 3629 4606 696 5342
4 1676 1980 1979 5363
4 2392 2338 2696 5354
4 4021 5004 4920 5357
4 2473 2059 56 2474
4 3801 4501 4137 5545
4 3395 577 93 5443
4 2738 2739 3159 459
4 4013 4632 4456 5158
4 2046 435 2949 5326
4 1252 1897 1666 5463
4 2853 2419 2721 4991
4 3746 4351 4004 4490
4 2440 465 3186 2570
4 1003 979 1004 5457
4 2975 2979 2980 4239
4 2596 2245 2295 5460
4 2719 484 29 2233
4 758 761 759 5144
4 4388 4717 3827 5175
4 3898 5433 4088 5556
4 2884 3073 435 5326
4 2117 2115 2116 4848
4 543 3331 3330 4868
4 492 3237 3239 5451
4 1999 1977 1172 4502
4 4270 5048 2192 5554
4 4704 4710 3806 5561
4 3153 3152 3151 5071
4 2494 604 3459 5285
4 4273 4275 3772 4961
4 525 4689 3295 4800
4 1696 1343 1797 4921
4 794 791 793 5596
4 2162 2169 2168 5514
4 2420 2421 2424 5113
4 4034 4823 5318 5578
4 2302 2795 2737 5542
4 2862 2374 2479 4689
4 2717 5235 3988 5396
4 2376 2798 2307 4420
4 2624 555 2623 4516
4 3475 3472 3474 4596
4 4240 15 4545 5037
4 182 2727 2726 4835
4 4034 5188 4823 5578
4 3580 152 2194 5048
4 2541 2534 2536 5009
4 1602 1601 1603 5028
4 3479 4493 4091 4568
4 1814 1838 1389 5492
4 3573 4099 665 5461
4 565 3384 3386 5602
4 3350 3348 2623 2262
4 95 581 4634 5227
4 651 138 2761 3543
4 106 4589 3450 5484
4 1541 1576 1848 4956
4 2230 2312 2232 4526
4 3851 5178 4687 5415
4 2402 2506 2502 5428
4 1665 1664 1549 4891
4 3486 4942 121 5555
4 2669 2671 2668 664
4 3304 2474 3301 2375
4 5006 5269 3917 5379
4 2348 133 3516 640
4 623 3486 3484 5555
4 2072 2877 2899 4660
4 250 722 841 5479
4 2192 2191 2194 5048
4 3513 4584 636 5323
4 1524 1525 1521 4905
4 609 2770 2552 2774
4 4381 4449 3382 5475
4 1242 1836 1276 5431
4 3445 2399 106 2401
4 4841 4919 4026 5237
4 3058 3012 3009 5400
4 2327 4483 3991 5243
4 3256 2310 2631 2615
4 569 4500 3377 5394
4 1777 1492 1440 4945
4 93 3410 580 5043
4 604 2494 2492 2493
4 207 730 1163 5533
4 2401 3447 2493 2405
4 671 4126 3594 5387
4 4175 5307 5210 5579
4 2869 2041 412 2929
4 917 928 850 5362
4 2194 2206 154 5048
4 957 1012 990 5170
4 3320 3323 3322 5001
4 3165 3163 454 4747
4 2214 5208 4079 5290
4 587 4541 4287 4622
4 549 2678 74 4796
4 1280 1279 1259 5111
4 3393 3394 576 5047
4 2551 4764 2779 5505
4 1888 1784 1719 4997
4 1906 1271 1594 5399
4 4385 3819 4809 4872
4 1735 1332 1334 5535
4 3652 3649 3650 4838
4 252 892 805 2063
4 4509 5524 3733 5543
4 2860 2863 2468 5222
4 4459 3917 5269 5379
4 26 2231 2232 2230
4 2732 69 3338 4969
4 2066 248 2894 4907
4 1525 1992 1841 5035
4 589 4732 4533 5598
4 3270 3271 512 5052
4 2326 2324 5202 5243
4 3747 4381 3990 4449
4 2209 4328 2544 5554
4 2669 149 2671 664
4 2362 2550 2364 4923
4 1167 1957 373 5046
4 1917 1139 229 5306
4 2029 2864 2562 5356
4 3138 3007 3093 5452
4 3205 476 3202 5406
4 3591 3589 670 5290
4 4704 5173 3806 5183
4 544 2732 70 3327
4 3425 3427 3426 4542
4 797 798 730 5533
4 1838 1839 1657 5179
4 2852 2595 2851 4977
4 3512 3511 3510 4584
4 2955 4329 2814 5519
4 857 229 734 5306
4 3167 5209 4859 5454
4 2691 2584 2587 5075
4 1141 1969 367 3077
4 1667 1443 1441 5217
4 2459 2560 2917 5253
4 504 41 3261 4521
4 1363 1365 1364 5055
4 57 4857 4329 5401
4 2295 2597 2596 5413
4 1008 282 3100 5226
4 2163 38 2157 2377
4 885 934 804 4734
4 1637 1638 1639 5313
4 3789 4089 4526 5247
4 817 890 4790 5562
4 4351 4490 3240 5451
4 776 873 865 5312
4 98 3414 585 5504
4 1731 1410 1340 5007
4 1134 1979 1980 5363
4 680 4717 4388 5175
4 20 4980 4466 5497
4 1233 1884 1235 5404
4 3358 4453 4027 4557
4 4238 4736 3964 5216
4 2217 3319 537 4820
4 1430 1813 1428 4903
4 588 97 4541 4748
4 3218 3217 3219 5120
4 2209 2722 2544 4328
4 3518 3519 641 5065
4 4205 5243 3991 5560
4 2341 2567 2423 4606
4 3923 5067 5334 5462
4 540 3334 68 4497
4 2577 3473 615 4596
4 1783 1823 1473 4894
4 2880 170 2879 2034
4 1134 1668 1981 4929
4 4082 4376 3892 5602
4 1653 1325 1389 5271
4 458 2857 2067 2739
4 2165 614 4603 5026
4 704 4653 4569 5303
4 897 938 786 4947
4 110 3451 603 4895
4 3824 4754 4746 5098
4 874 941 913 5099
4 3073 3089 2949 5326
4 31 4115 5205 5587
4 1940 1773 1942 4370
4 802 870 799 5165
4 4603 4931 3802 4957
4 2531 2730 2377 496
4 50 3272 2705 4714
4 3340 3343 4796 5556
4 413 2041 2865 3052
4 3953 5192 4449 5475
4 4931 4957 4603 5547
4 1351 1353 1352 5449
4 2712 2300 2298 4999
4 3037 3133 3039 4373
4 2394 114 2577 2770
4 3832 4791 4260 5447
4 845 245 721 5293
4 3260 510 3258 5081
4 2584 2586 2587 5075
4 520 54 3280 2284
4 3105 2931 421 2033
4 4573 4722 696 5342
4 1450 1452 1733 4939
4 2430 2427 2467 4815
4 3629 172 4606 5342
4 1004 979 981 5457
4 3211 483 2232 4526
4 409 2960 3045 5225
4 1600 1591 1518 4913
4 651 3543 2761 4593
4 3037 3133 4373 4863
4 4099 3738 4632 5461
4 3472 3473 3474 4596
4 671 153 4512 5387
4 3982 4555 2755 5515
4 1040 1123 1120 5211
4 2397 2821 2484 4951
4 532 61 3314 2848
4 2251 2705 2296 4714
4 858 5353 694 5477
4 87 4558 569 5394
4 2067 13 2739 2856
4 987 990 991 4785
4 931 920 842 4720
4 972 973 974 5083
4 3827 4555 3982 4650
4 708 3666 180 5068
4 1484 1482 1520 5520
4 1506 1507 1508 5359
4 841 2890 250 5479
4 538 3316 3319 4820
4 2159 150 2180 2668
4 3791 4424 4058 5050
4 2773 4467 3980 5547
4 2675 2574 134 4879
4 3543 3544 3542 4593
4 3285 3287 516 5183
4 1151 1580 403 5199
4 306 2057 948 5317
4 3643 4722 4573 5596
4 2367 2365 2366 4855
4 1840 1822 1521 4963
4 3123 2970 2969 4826
4 711 2895 2729 2450
4 762 899 763 4715
4 888 717 891 5467
4 1988 797 207 5533
4 3317 537 3319 4820
4 646 138 3543 5429
4 552 3359 76 4557
4 2351 2350 3515 2349
4 1315 1316 1832 4960
4 3593 671 3594 5387
4 89 4428 5011 5534
4 858 260 808 5353
4 2068 245 845 5293
4 2261 77 2262 2263
4 3791 5050 4032 5335
4 1961 1782 1781 5481
4 741 898 3640 5477
4 2825 2065 429 5237
4 3069 2935 2986 4852
4 2650 2648 2649 4898
4 3066 2933 388 5381
4 2067 4762 3049 5080
4 3011 3014 3079 4927
4 1821 1820 1519 5234
4 54 520 2601 2284
4 54 519 2284 2255
4 1742 1443 1667 5217
4 1148 1971 1607 5211
4 2435 3889 4350 5000
4 136 4432 2125 5421
4 2796 578 2520 4501
4 126 627 2491 2500
4 1616 1837 1554 5107
4 2307 4420 58 5392
4 97 3428 588 4541
4 1276 1856 1851 5122
4 2602 2603 518 2605
4 177 704 4569 5303
4 409 3045 2874 5225
4 712 3672 2726 4835
4 140 4872 4601 5020
4 2761 2696 2391 4593
4 388 1991 3066 5381
4 2186 2170 32 2185
4 2424 2896 2420 5113
4 2623 555 3348 3350
4 2880 2568 3636 2034
4 1896 1900 1401 5568
4 1194 1193 1195 5341
4 3842 4710 4052 5316
4 1553 1933 1936 5441
4 569 3383 3381 5475
4 819 814 813 4875
4 4212 4327 2139 5565
4 1291 1776 1289 5281
4 3314 3315 532 4831
4 2521 3399 580 2520
4 3256 3255 2310 2615
4 3540 2622 2174 2126
4 1898 1555 1899 5094
4 3655 3654 3653 4653
4 1537 1535 1536 5024
4 589 100 4533 5328
4 787 780 783 5079
4 3464 4603 614 5026
4 3362 3363 4443 5476
4 3106 3085 2998 5561
4 2005 1572 1812 4987
4 1429 1428 1427 5365
4 4820 5178 3851 5415
4 3452 607 108 4540
4 2153 3374 82 2119
4 2212 2211 4868 5331
4 2352 2390 2354 5268
4 2330 2328 162 2329
4 3529 3526 642 4510
4 2921 2074 2823 4688
4 3985 5524 4509 5543
4 3878 4467 2609 4731
4 66 2749 2212 5331
4 1444 1493 1442 5539
4 2275 2732 69 3326
4 2730 2170 494 2186
4 2411 2445 2469 5330
4 1058 1060 1059 5442
4 18 3175 465 4853
4 158 678 5140 5181
4 2787 94 2519 2281
4 2774 2102 4585 5026
4 2232 2231 26 483
4 4019 4574 679 4642
4 3956 5106 4521 5233
4 3399 578 2521 3396
4 3449 4589 3451 4895
4 4225 4642 672 5103
4 1672 1752 1627 5368
4 3208 2231 2233 483
4 574 4327 4212 5565
4 2483 2060 2844 5312
4 704 3653 4653 5303
4 4049 4468 3757 4540
4 3832 4260 5233 5447
4 4186 4666 601 5153
4 3436 4802 3438 5496
4 3808 4382 4106 4479
4 3950 5127 4490 5451
4 1501 1593 1499 4935
4 1983 1985 1128 5564
4 1905 1607 1971 5211
4 26 2229 477 2231
4 3291 3290 3289 5187
4 4269 4497 3885 4535
4 2519 580 94 3411
4 3443 3441 601 5153
4 3243 3242 3244 4846
4 3630 3632 4606 5590
4 2262 556 2278 2264
4 1751 1755 1302 5119
4 2487 2488 2413 5148
4 3523 635 131 4528
4 2095 2525 2093 5504
4 2670 149 2671 2669
4 2436 2433 5000 5095
4 2757 160 2758 2713
4 3929 4939 5196 5370
4 3795 4840 4696 4973
4 3270 4714 3271 5052
4 2757 2755 165 2388
4 467 4914 4208 5116
4 2407 2406 2408 5482
4 786 784 785 5494
4 3241 499 3242 5127
4 794 4029 791 5596
4 2877 2924 361 1051
4 1560 1833 1880 5114
4 2746 2183 2543 5108
4 545 4591 4269 4864
4 2897 721 245 5293
4 2964 3103 3100 5226
4 3592 5140 5172 5290
4 1221 1302 1223 5585
4 1926 1177 1586 4932
4 3623 3622 3621 5202
4 1914 1159 1573 5146
4 4456 5158 4632 5461
4 2531 2730 37 2218
4 3017 3015 3130 4977
4 3041 3040 3034 5489
4 592 3420 2099 2097
4 3466 117 4603 5547
4 1860 1722 1300 5015
4 1066 1063 1065 5025
4 1561 1563 1562 5264
4 817 814 819 4875
4 3744 4224 4007 4577
4 393 1130 2959 5582
4 60 4670 528 5278
4 601 3456 3458 5257
4 2024 343 1115 1049
4 2474 3304 2473 2375
4 110 603 2492 4895
4 4585 4764 3461 5284
4 3046 3131 2943 5005
4 619 3478 119 5417
4 1361 1786 1363 4922
4 2233 2235 30 2234
4 2328 2326 166 2327
4 1519 1953 1821 5234
4 2217 2385 2749 4820
4 3981 4634 581 5227
4 942 1007 991 5408
4 1306 1294 1310 5304
4 15 4240 4545 5454
4 3125 3037 3036 4863
4 1666 1621 1381 4978
4 2613 2632 2612 5548
4 690 3621 4205 5202
4 623 4365 121 4942
4 3512 2701 4584 5323
4 2826 2491 627 2500
4 4890 5524 3985 5525
4 3148 3096 4750 4762
4 1112 361 2924 1051
4 2216 2732 2275 3326
4 2460 2917 2830 5577
4 3308 3311 527 5161
4 2436 2533 2433 5095
4 647 4326 4430 4609
4 3893 4871 4287 4924
4 731 879 806 4946
4 657 3565 2159 2147
4 2343 4606 4234 5590
4 1235 1237 1236 5541
4 801 798 803 4962
4 678 5140 4427 5172
4 652 3552 142 5485
4 2493 3445 597 2401
4 2810 2443 2808 4479
4 3117 3064 2944 5014
4 176 2728 2321 3659
4 3451 4589 603 4895
4 1236 1237 1238 5541
4 45 505 3267 4565
4 331 1073 1148 5340
4 715 4835 4226 5530
4 682 4563 4483 5218
4 616 3469 2775 3470
4 971 944 972 5546
4 682 163 4563 5218
4 493 5127 4846 5215
4 3608 3605 684 5175
4 2962 2024 362 3110
4 2165 2774 112 5026
4 292 1931 1147 5523
4 512 3273 4681 5316
4 470 2436 2435 5000
4 2615 507 2616 2614
4 559 3359 3356 5386
4 174 3636 700 2568
4 41 4791 4260 5378
4 4260 4791 500 5378
4 2728 2323 176 2321
4 2738 2739 459 2557
4 1008 1012 992 5226
4 569 4558 3990 5475
4 2797 90 3398 573
4 3275 3273 3274 4681
4 2594 2717 2849 5396
4 2917 2831 2047 5577
4 494 3229 2170 2730
4 1604 331 1148 5340
4 2811 2086 2088 5136
4 2891 2812 2605 4681
4 2699 2446 2887 5086
4 3390 3388 572 5529
4 490 4690 3234 5319
4 1778 1360 1723 4886
4 2877 2072 2924 4660
4 2615 46 507 5081
4 4088 4998 4816 5433
4 676 4341 3600 5181
4 477 2592 2229 4799
4 1695 1693 1952 4672
4 2616 2703 42 4773
4 2399 3445 603 2493
4 2437 2435 470 2436
4 3106 2998 3136 5561
4 675 2272 5140 5290
4 388 2933 1795 5381
4 1333 1393 1819 5245
4 1021 1007 285 3111
4 2515 2513 2454 5591
4 3436 3437 599 5496
4 2567 2423 173 2568
4 1684 1686 1397 5212
4 3572 4456 4238 5461
4 2594 3988 4402 5396
4 2088 2087 2089 5501
4 4417 4721 3839 4901
4 557 4702 75 5351
4 3754 4385 3921 4430
4 821 740 820 5248
4 50 2251 2705 2253
4 3234 3235 3233 4690
4 250 2037 722 5479
4 183 713 4640 5213
4 3216 4399 4313 4669
4 2097 3421 96 2095
4 3631 173 2567 4606
4 51 514 3281 4571
4 3171 3172 3173 5265
4 164 4650 4555 5175
4 1204 1206 1265 5064
4 936 898 810 4876
4 2229 26 477 5522
4 3345 4257 3344 4759
4 2264 2262 77 2263
4 529 4670 60 5426
4 2127 2129 2649 5139
4 2993 2992 2991 5184
4 1747 1746 1748 5338
4 2215 2732 70 2291
4 2684 2202 568 5355
4 2545 2569 2286 676
4 2576 2371 2575 5123
4 952 318 1001 5414
4 2369 2606 2273 5001
4 1263 1260 1264 5089
4 911 817 830 4790
4 3365 560 80 5513
4 135 4879 4393 5470
4 167 691 3620 4577
4 649 140 4601 5020
4 2353 130 2372 2351
4 2005 1639 1152 5437
4 1095 1060 1058 5442
4 958 1023 303 2023
4 626 4424 2511 4761
4 3994 4710 4704 5316
4 2325 2327 2564 5243
4 128 638 2350 2633
4 1370 5388 4950 5419
4 568 85 3386 5030
4 3576 666 150 4582
4 2411 2469 2804 4612
4 1345 1347 1346 4885
4 4108 4769 3777 5323
4 2894 711 2729 4907
4 2901 2471 2448 5412
4 1703 1806 1912 4834
4 3047 3114 2930 4738
4 693 2576 168 2880
4 1176 1584 1179 5584
4 543 2215 2216 3327
4 585 3421 2097 2095
4 1849 1299 1643 5448
4 3877 4103 5286 5447
4 1979 1978 1676 4946
4 1887 1251 1245 5276
4 3656 3654 3655 4653
4 470 3182 21 5000
4 3477 116 612 4568
4 3994 4704 5183 5316
4 3405 3406 583 5227
4 3446 604 110 2493
4 2740 2209 2569 674
4 58 3296 4689 5392
4 2023 904 192 1171
4 689 3613 3616 5218
4 2083 120 2282 4761
4 134 2675 639 2349
4 4069 4802 2403 4818
4 3654 710 2321 4653
4 2450 2321 3659 710
4 2729 2728 3657 2450
4 3864 4831 4482 5426
4 2826 2500 627 4896
4 1503 1505 1501 5104
4 489 34 2164 2163
4 760 909 765 4890
4 960 2923 321 1020
4 253 2886 742 892
4 4013 4778 3854 5158
4 1655 1392 1654 5511
4 3460 611 5090 5284
4 1440 1438 1439 5439
4 3462 608 112 4585
4 2567 168 2642 2880
4 485 4162 4669 5247
4 150 2190 2180 2668
4 523 3289 3290 5238
4 629 4459 4203 5553
4 2165 4603 117 5547
4 2360 2361 2359 4944
4 4087 4234 3770 5342
4 571 87 3385 5602
4 2477 2369 2370 5376
4 1468 1812 1572 4987
4 3669 4835 715 5530
4 2511 2499 626 2282
4 1169 1960 1963 5333
4 541 5001 4278 5402
4 2692 2689 2693 5432
4 27 4669 4486 5247
4 605 3454 3453 5154
4 1521 1520 1524 4905
4 1353 1355 1354 4979
4 111 4559 606 5285
4 4412 4674 3833 4877
4 1793 1704 1794 5507
4 3395 4501 577 5443
4 2719 2294 2717 5396
4 4044 4716 5263 5563
4 2192 5048 2194 5554
4 992 1916 2022 5226
4 3645 703 3647 5224
4 2032 5071 8 5480
4 2161 2172 2518 5256
4 2914 2057 306 5317
4 343 2024 1977 1049
4 3534 3536 4432 5020
4 2240 2241 2239 4336
4 1107 1122 1095 5166
4 3903 5263 4441 5497
4 2217 4820 2749 5331
4 3083 3097 3092 5364
4 698 3631 2567 4606
4 3622 691 3621 5259
4 2418 3494 628 2491
4 2314 2222 2782 5261
4 2764 2174 138 2761
4 3643 696 169 4573
4 2824 2598 2659 4767
4 2632 508 2631 2615
4 464 4350 3181 5536
4 325 1112 3099 1097
4 187 1020 887 1005
4 2209 3583 674 4328
4 3485 620 120 5555
4 2229 477 4799 5522
4 2668 664 3576 4582
4 3606 3608 685 4555
4 2631 508 2632 5548
4 2055 1001 318 5414
4 2125 2126 2127 4432
4 4264 4606 172 5342
4 5001 5376 4278 5402
4 521 3286 51 4600
4 2571 22 2187 2540
4 3164 4747 459 5343
4 3997 5141 4701 5303
4 3853 4955 4384 5516
4 603 4589 2399 4895
4 1747 1745 1746 5338
4 579 2566 2281 4327
4 2604 53 2602 5187
4 376 1951 1133 5400
4 3601 3603 3602 4955
4 794 869 791 4029
4 1559 2017 1660 5410
4 3210 3212 485 5247
4 2231 26 2229 2230
4 2827 2915 2056 5473
4 3892 5030 4082 5602
4 2350 638 133 2701
4 2789 2279 2785 5246
4 1042 1109 1088 5207
4 633 2352 2351 4630
4 2569 3587 3586 669
4 526 4689 3296 5392
4 2832 2424 2834 5466
4 391 1984 2934 5571
4 4260 5378 5233 5447
4 2443 3186 471 2570
4 2469 2026 2908 4832
4 524 3300 56 5519
4 2158 2670 149 2671
4 2603 3279 3277 2284
4 3049 4762 3148 5080
4 2761 3543 138 5429
4 3347 554 72 2261
4 2989 3080 3095 5299
4 524 4800 3293 5401
4 3355 3354 550 5351
4 2770 2775 3469 3470
4 98 585 2095 5504
4 1529 1959 1838 5229
4 2849 2717 2718 5235
4 3528 637 3527 5289
4 2441 4243 3879 4853
4 30 2233 2232 483
4 3469 2775 117 616
4 477 2229 2592 2231
4 3546 648 137 4609
4 1648 1877 1878 5594
4 3133 3049 3148 5080
4 4007 3744 4577 5599
4 546 4868 4760 5576
4 2991 3143 2993 5184
4 3515 3517 639 2349
4 3337 3336 3338 4969
4 2068 2897 245 5293
4 2989 2988 2987 5085
4 3021 3118 3022 4793
4 35 491 3222 4949
4 2797 2800 88 573
4 1426 1762 1424 5305
4 2623 74 3350 2260
4 3669 183 4835 5530
4 549 74 2678 2260
4 507 4392 2614 5081
4 152 2192 2194 5554
4 2957 3072 2976 4282
4 3605 4717 680 5175
4 3853 4530 4384 4955
4 478 3210 27 5247
4 3276 3275 3274 4681
4 182 2895 711 3660
4 903 2923 237 753
4 992 2022 1022 5226
4 18 3186 471 2443
4 836 906 737 4125
4 4397 4535 3859 4969
4 585 3413 96 5504
4 1994 1166 1829 5200
4 2602 518 53 2605
4 4037 4434 3627 5353
4 2274 2606 2456 5178
4 1889 1778 1726 5074
4 3328 3329 545 5576
4 2155 2652 2527 4135
4 499 36 3239 5451
4 3608 4555 3605 5175
4 2772 2396 2395 5438
4 2179 663 2180 2159
4 253 2886 892 2063
4 2492 603 2399 4895
4 1704 1761 1701 5446
4 4875 5176 814 5437
4 46 2632 508 5548
4 901 863 745 4881
4 2046 2884 435 5326
4 599 4468 4798 5154
4 905 2021 236 754
4 2378 2732 69 2275
4 35 490 4821 4949
4 915 788 787 5239
4 2450 711 2895 3660
4 45 2310 2631 3256
4 3448 598 3450 4589
4 3236 3233 3235 4690
4 1453 1452 1451 5185
4 3583 4328 2209 5554
4 3819 3921 4385 4809
4 2964 3109 2022 5226
4 700 2568 2882 2881
4 2632 2612 46 2615
4 3329 4868 546 5576
4 1869 1733 1865 5370
4 2552 2776 2779 4585
4 77 556 2262 2264
4 256 737 861 5567
4 1472 1662 1661 5156
4 2128 3541 650 2126
4 3205 482 24 5406
4 2212 2199 2211 5331
4 3241 3242 4846 5127
4 1710 1273 1881 5430
4 2531 37 496 4846
4 1491 1436 1796 5188
4 106 4360 2400 5484
4 1646 1370 1558 4950
4 2417 2499 125 2803
4 3513 637 3512 5323
4 2126 136 2125 2124
4 2865 2041 2867 4594
4 3812 4495 4901 5434
4 3655 3653 708 5303
4 698 2567 168 5590
4 4032 4627 4365 5335
4 4764 4840 610 5284
4 456 4373 4863 5209
4 104 3447 2401 2405
4 601 5153 4666 5257
4 463 3169 3170 5454
4 696 4606 4234 5342
4 468 4466 20 4980
4 701 3644 3641 5596
4 595 3435 3434 5598
4 2358 2577 2394 4596
4 3504 3506 3505 4611
4 2738 10 453 2859
4 2521 94 579 2281
4 3618 684 3619 5599
4 2410 2532 2412 5517
4 4213 4809 3861 4936
4 1131 1994 1995 4743
4 2708 2885 2709 5372
4 3055 3038 3076 5046
4 2566 2139 4327 5565
4 3906 4186 5034 5153
4 2800 88 2630 2797
4 2684 2788 85 5030
4 2575 2872 2045 5029
4 1677 1870 1875 4954
4 2017 1931 1660 5523
4 511 3266 3265 5367
4 538 4868 4184 5331
4 757 758 759 5144
4 946 999 967 5109
4 853 833 913 4842
4 1222 1221 1223 5585
4 407 2924 2963 3108
4 2491 627 122 2826
4 4764 5284 3876 5505
4 4093 4226 3848 5530
4 256 861 2883 5567
4 86 2121 2684 5355
4 3518 4879 3519 5065
4 775 773 774 5580
4 2797 3398 2521 573
4 536 4820 3318 5415
4 3460 3461 611 5284
4 1228 1227 1229 4959
4 1773 1774 1772 4918
4 646 3543 4593 5429
4 5351 5433 75 5556
4 503 3245 3246 5286
4 2216 2212 543 3325
4 3040 3114 3036 5489
4 1214 1756 1753 5077
4 2375 525 2473 2374
4 2622 2761 2760 651
4 3599 676 2545 4341
4 904 752 192 1171
4 2567 2341 2343 4606
4 124 5050 4627 5593
4 672 3595 156 4642
4 2965 451 3111 2922
4 3313 535 4831 5426
4 936 908 879 4876
4 3626 694 3627 5353
4 1006 886 184 904
4 1098 322 3110 3098
4 4400 4545 3866 5265
4 2953 3104 423 2846
4 2439 16 2440 2437
4 3364 563 5192 5513
4 1054 1053 1052 5502
4 690 5202 4205 5243
4 1219 1784 1221 5274
4 3274 3273 516 5316
4 2719 29 2594 2293
4 2531 4846 3882 5215
4 1313 1293 1298 5091
4 627 3498 3497 4896
4 601 5034 4186 5153
4 2729 178 2893 4907
4 1988 207 1163 5533
4 152 2194 669 3580
4 3233 497 3234 5319
4 480 3203 3202 5252
4 2796 578 2800 2520
4 518 3279 2603 2602
4 1059 1061 1057 4909
4 4314 5252 476 5406
4 1012 991 990 5408
4 2310 40 2715 501
4 93 580 2519 5043
4 1874 1652 1876 5051
4 4082 5358 4376 5602
4 4950 5388 3951 5419
4 2444 2708 2335 5540
4 2240 2238 2310 506
4 4569 5303 5141 5416
4 256 2070 737 5567
4 2568 3636 3634 2880
4 869 794 936 4029
4 608 4741 3467 5026
4 1695 1952 1951 5400
4 2984 3051 2987 4996
4 2654 2130 2200 5485
4 3902 5259 4075 5390
4 2095 2096 98 2094
4 125 2417 2803 5550
4 1690 1689 1138 5093
4 1439 1441 1440 5439
4 2701 2350 638 2633
4 621 122 3487 2486
4 5106 5233 3825 5378
4 3164 462 3166 5343
4 1087 1107 1036 5441
4 2623 78 2624 2278
4 43 4638 4495 5583
4 3164 3166 3165 4747
4 2321 2320 2322 4653
4 570 3377 3379 5394
4 2152 90 2566 2797
4 4135 4748 3419 5328
4 3751 4192 4092 4600
4 18 2443 2442 2440
4 4569 5141 3856 5416
4 675 2210 2286 2272
4 188 1114 905 889
4 3083 3031 3097 5364
4 2278 78 556 2262
4 4385 4430 3754 4609
4 3229 2163 2730 3231
4 2617 2618 80 2153
4 1917 1926 1139 5306
4 3581 670 3579 5048
4 2503 2497 2501 5157
4 191 1099 888 1113
4 501 2616 42 4773
4 452 9 4738 5071
4 3364 5192 81 5513
4 2389 2713 681 2330
4 2525 96 2095 2155
4 2349 2347 2348 640
4 2976 2957 4282 4670
4 160 2758 2713 2389
4 2523 2157 38 2377
4 1833 1570 1880 5114
4 2128 650 2127 2126
4 27 485 3214 4669
4 2096 2098 591 2610
4 109 604 3444 2493
4 79 5386 5345 5476
4 624 3502 124 4627
4 4240 3821 4735 5037
4 2006 1152 1639 5437
4 2141 2566 2139 4327
4 3091 3039 3096 4750
4 2157 2160 495 2163
4 2037 250 2890 5479
4 388 1795 1991 5381
4 2594 4402 29 5396
4 2128 652 3541 2622
4 2192 2209 152 2194
4 99 3431 587 4622
4 2520 4501 578 5443
4 3802 4741 4603 4957
4 2519 580 93 2520
4 3258 509 3257 5321
4 4193 4620 3922 5173
4 98 585 2096 2095
4 2194 154 2210 669
4 1395 1698 1758 5058
4 688 2388 2662 2326
4 2696 4593 2761 5429
4 621 122 2486 2491
4 519 2284 2255 2253
4 3745 4365 4032 4627
4 3156 3157 3158 5080
4 2388 2755 165 2662
4 2876 2923 321 960
4 154 2194 2210 2206
4 2623 2626 74 2678
4 2240 2242 45 2631
4 3340 3341 3342 4796
4 29 5120 2719 5396
4 2547 2726 2727 4835
4 1130 1919 1791 5582
4 1485 1374 1317 5569
4 2930 3119 3056 5222
4 3631 3629 697 4606
4 3466 3465 613 4603
4 794 793 922 5596
4 150 2190 2668 4582
4 693 170 2879 2880
4 2210 2272 675 5290
4 2156 2157 2160 4690
4 2642 2345 2371 5123
4 4214 4799 3199 5522
4 517 4620 52 5238
4 3359 4557 4027 5386
4 3389 575 3388 5534
4 56 4800 524 5519
4 2286 5140 2534 5181
4 104 2403 4802 4818
4 2245 2247 2295 5460
4 3154 3151 3152 5071
4 3659 705 2728 2450
4 2793 2702 2641 5302
4 602 109 2806 5153
4 2021 1173 236 754
4 1151 1577 1580 5199
4 2711 2179 2735 5503
4 2592 2593 24 2293
4 4373 3037 4863 5209
4 3046 1919 393 5582
4 1367 1825 1369 5022
4 2229 4799 4214 5522
4 3465 4603 3467 4741
4 1817 1694 1949 4772
4 2418 126 3494 2491
4 4215 4466 3758 5497
4 672 3593 4642 5387
4 165 686 2757 2388
4 3509 3508 633 4630
4 2682 2373 2683 5383
4 3550 3552 3551 5485
4 1243 1242 1241 5134
4 1581 1915 1582 5453
4 30 2235 2233 5120
4 673 156 4703 5103
4 3499 622 4896 5379
4 578 2796 2800 4501
4 461 4735 4240 4859
4 2952 3041 3033 5333
4 3837 4908 4166 5256
4 452 4738 4863 5480
4 1615 1613 1283 5250
4 2159 3564 150 2668
4 602 3443 109 5153
4 3868 4914 4208 5044
4 3294 527 3293 5401
4 3664 714 183 4640
4 3367 3365 3366 5513
4 543 2215 70 3331
4 2450 2319 181 2726
4 3253 507 2616 2615
4 675 2286 2569 3588
4 3169 456 3168 5209
4 4032 5050 4627 5335
4 2552 609 4585 4764
4 2610 4542 2096 5559
4 2602 520 3279 2284
4 31 487 4399 5205
4 2775 2609 2773 4467
4 788 782 787 5239
4 4049 4450 3788 5154
4 2151 2158 144 2147
4 1143 1918 1584 5066
4 3804 4394 4121 4593
4 3386 3385 3387 5602
4 2202 5030 568 5355
4 629 3499 3496 5379
4 843 826 867 5200
4 3842 4710 4704 5561
4 501 2715 2616 4773
4 2561 2681 2861 5016
4 3519 4879 641 5065
4 538 3330 3328 4868
4 3314 529 3313 5426
4 3906 5034 4818 5153
4 656 4827 145 4908
4 3466 4603 613 5547
4 2836 2910 2050 5096
4 902 755 281 2921
4 2003 1571 1572 4851
4 2607 2848 2456 4831
4 539 3318 3316 5415
4 3980 4957 4931 5547
4 2863 2860 2069 5222
4 2350 133 3516 2348
4 2094 98 5504 5559
4 43 3262 503 4638
4 3262 509 3264 5583
4 1515 1820 1947 5309
4 3046 393 2959 5582
4 1963 1568 1526 5062
4 2098 102 2100 2099
4 808 4037 858 5353
4 4789 5187 3289 5238
4 2944 3063 3121 5146
4 2657 2763 2764 4766
4 3093 3137 3138 5452
4 3148 3053 3142 4762
4 82 2617 2117 4848
4 1092 1103 1042 5473
4 3509 3507 3508 4630
4 3870 4802 4069 5496
4 4045 4500 3796 5394
4 2593 2293 2594 4402
4 2418 2417 628 4611
4 2841 126 2418 2500
4 2739 2859 453 3160
4 1312 1849 1317 5254
4 2097 96 590 2155
4 3457 607 5169 5285
4 3314 4831 2848 5426
4 3503 629 4203 5553
4 2757 686 160 2713
4 4255 4820 538 5331
4 598 3450 4589 5484
4 3582 3585 4328 5103
4 3981 4634 3787 4869
4 476 5252 3202 5406
4 142 652 2200 2622
4 98 2095 2094 5504
4 544 2732 3338 4969
4 4000 4278 5376 5402
4 1702 1794 1704 5507
4 3323 5001 541 5402
4 29 484 2719 5120
4 559 4458 4557 5386
4 3457 5169 111 5285
4 1925 1939 1127 5601
4 3890 4740 4427 5172
4 3300 2059 56 5519
4 4045 3796 4558 5394
4 3668 3666 4436 5068
4 2264 4443 556 4822
4 2557 459 2738 2289
4 1244 1836 1242 5431
4 458 2067 2857 5080
4 3220 3219 3217 5120
4 561 2617 4848 5513
4 2022 1174 2964 5226
4 593 4622 4525 5499
4 2635 2232 2312 4526
4 3413 3414 3412 5504
4 621 3492 2491 2282
4 469 5000 4441 5095
4 160 686 2757 4717
4 2964 3109 406 2022
4 3454 4049 4540 5154
4 2577 2358 2356 4596
4 1740 1735 1736 5320
4 3994 4704 3806 5183
4 1484 1480 1482 5520
4 3026 3029 3030 5214
4 3578 4270 668 5048
4 1957 1167 1839 5046
4 2619 2684 85 566
4 3638 3640 694 5477
4 2749 4820 4255 5331
4 3362 559 3363 5476
4 2438 2437 2435 4350
4 2705 2706 513 2603
4 1461 1463 1462 5255
4 520 2602 53 5187
4 2854 4762 2067 5265
4 2718 2716 2845 5235
4 1320 1388 1387 5521
4 588 4748 4541 5328
4 2447 2327 2329 4483
4 1317 1374 1373 5569
4 675 158 3592 5140
4 129 4787 636 5053
4 2941 3008 3146 5093
4 3801 4064 5047 5443
4 3400 2566 4327 5565
4 2645 2651 2647 5350
4 2535 2286 2534 5181
4 1258 1262 1770 5082
4 560 81 4639 5513
4 3165 3166 3163 4747
4 2158 2670 2162 4331
4 3445 597 3447 2493
4 3555 3557 4827 5060
4 1102 1079 1096 4937
4 2726 2450 2895 712
4 3929 4769 4787 5053
4 3065 3135 2951 5237
4 2760 2761 2391 4593
4 456 3169 12 5454
4 3367 3366 4848 5513
4 2438 2437 4350 5536
4 1919 1130 393 5582
4 807 809 895 5329
4 2097 590 101 2652
4 2610 2096 2277 5559
4 4079 3589 5172 5290
4 1013 964 970 5244
4 517 5187 4620 5238
4 592 102 2098 2099
4 2253 2254 2255 4372
4 2029 2562 2861 5356
4 2526 2155 2527 4135
4 164 4650 684 5599
4 3431 593 3429 5499
4 4549 4798 3887 5154
4 2610 2277 4542 5559
4 675 2272 2286 5140
4 2519 2520 93 5043
4 529 3298 60 4670
4 609 2552 114 4764
4 2642 168 2576 2880
4 2038 2479 2814 4800
4 1976 958 303 2023
4 22 2571 2187 5322
4 2258 2279 2678 4796
4 96 590 3421 2097
4 3837 4736 4166 4908
4 1999 1564 1563 5264
4 3759 4638 4103 5447
4 3851 4687 4433 5415
4 579 3400 90 2566
4 3253 501 2310 2616
4 2729 2894 2895 711
4 2614 2150 2612 5081
4 5030 5355 4082 5602
4 2851 3105 421 2033
4 2349 134 2574 2347
4 2787 2518 2519 4440
4 2275 69 3323 542
4 1638 2011 1937 4893
4 3487 3484 3485 5555
4 3039 3038 3037 4373
4 4266 4630 3970 5135
4 2351 3515 639 2349
4 2428 2431 2745 5563
4 1050 1113 344 2921
4 611 4493 113 5090
4 1789 1984 1790 5571
4 2872 2574 2675 4879
4 2893 2890 2066 4854
4 1226 1228 1722 5332
4 3964 4456 4238 5216
4 3314 532 2848 4831
4 2754 2751 2667 5160
4 620 121 4644 5555
4 3316 3318 3317 4820
4 2976 2975 2957 4670
4 2755 2698 2757 4555
4 880 897 786 4947
4 3848 4835 4127 5530
4 1681 1859 1489 5395
4 746 274 275 2817
4 471 3188 18 2443
4 2934 3071 391 5571
4 684 4650 5175 5599
4 2738 2429 10 2859
4 182 2727 2895 2726
4 810 858 808 4037
4 508 2631 3267 4565
4 2124 2657 2174 4766
4 2799 2746 2385 5456
4 1065 1067 1117 5190
4 83 3381 563 5475
4 1075 1106 1073 5340
4 1007 3101 285 3111
4 3458 5257 3456 5285
4 4427 5140 678 5181
4 2595 2593 2594 4402
4 2551 2552 2779 4764
4 936 810 908 4876
4 16 4350 2437 5536
4 3314 3313 3312 4831
4 69 5001 3323 5402
4 3071 1790 391 5571
4 1350 1351 1352 5449
4 134 2574 2675 2349
4 2923 2071 237 753
4 2326 5202 166 5243
4 2764 4766 4078 5429
4 1789 1788 1787 4970
4 3262 4131 4638 5583
4 3289 5187 3290 5238
4 1939 1699 1774 5600
4 2812 48 2603 2605
4 3291 3289 3292 5187
4 3503 3501 629 5553
4 2612 2632 46 5548
4 1067 1122 1107 5166
4 2179 4223 146 5503
4 2701 2769 2633 4584
4 2378 2422 2370 5402
4 4331 4908 660 5216
4 2301 2800 2796 4501
4 2632 2280 4565 5548
4 1043 1108 1094 5096
4 1810 1209 1304 5380
4 2615 507 2614 5081
4 2461 2463 2915 5249
4 3317 2217 537 4820
4 2125 4432 4046 5421
4 2053 2960 409 5225
4 1371 1308 1370 5419
4 967 1009 969 5469
4 3301 2474 3303 2375
4 766 273 274 2039
4 3622 3621 5202 5259
4 3562 3564 2671 664
4 2729 3657 711 2450
4 744 272 273 2828
4 451 2965 2073 2922
4 2626 2624 2623 4516
4 3623 3621 3624 5202
4 543 2212 66 3325
4 2374 2375 58 2307
4 105 4468 5491 5496
4 228 229 1139 734
4 1831 1287 1640 5294
4 452 5071 4738 5480
4 503 4791 3245 5286
4 4030 4569 3856 5416
4 2844 271 270 873
4 3636 3633 2880 2034
4 3997 3761 4436 5068
4 2053 2464 2873 5225
4 1808 1546 1809 5346
4 3891 4697 4314 5252
4 639 130 2675 5177
4 3809 4542 4525 5142
4 1188 1189 1187 5374
4 2728 176 2323 4838
4 2774 2102 2776 4585
4 232 233 1918 854
4 2780 2912 2057 5133
4 2599 2596 2597 5413
4 2209 674 2740 4328
4 88 573 3390 5529
4 3642 703 172 4722
4 130 2675 2372 2351
4 3106 3082 3021 5315
4 668 5048 4270 5554
4 2740 2425 157 2545
4 2921 755 281 2074
4 1083 2021 326 1114
4 2352 4630 128 5268
4 2399 2398 2195 4589
4 510 3268 3266 5548
4 546 4760 71 5576
4 4048 4773 3877 5286
4 457 4762 12 5265
4 2684 568 2202 5030
4 2070 256 2883 5567
4 306 948 986 5317
4 2732 2733 2378 4969
4 233 234 1162 733
4 224 223 743 1950
4 667 3571 151 5461
4 3469 117 2775 2165
4 2603 2706 48 2812
4 3304 2473 56 2474
4 2524 2783 2531 4846
4 176 2728 705 4838
4 3579 3578 3580 5048
4 4510 4692 3914 5289
4 2671 3565 662 2147
4 2633 4584 4187 5268
4 2518 2519 4440 5043
4 828 823 829 5308
4 81 563 4449 5192
4 524 4329 4800 5401
4 3555 4827 656 5060
4 2706 2296 2705 4714
4 164 5390 4650 5599
4 1114 188 1100 889
4 3750 3981 4325 5227
4 3630 692 3632 5590
4 1991 1795 1705 5381
4 3317 3319 3316 4820
4 1065 1064 1067 5190
4 685 3623 165 5515
4 2728 2893 178 4838
4 3877 5286 4791 5447
4 138 646 4766 5429
4 465 4243 2440 4853
4 2310 3255 3253 2615
4 2774 4585 112 5026
4 2859 453 2738 2739
4 1401 1368 1896 5568
4 3296 526 3294 4689
4 618 118 3483 4731
4 2188 2180 2179 4223
4 3034 3040 3036 5489
4 3832 5205 4115 5587
4 639 2675 130 2351
4 3522 129 635 4787
4 2859 453 8 3151
4 2401 4360 597 4802
4 680 3607 160 4717
4 3481 3480 619 5531
4 3314 3312 3315 4831
4 2974 2957 2975 4670
4 2901 2778 2040 4608
4 2560 2459 2747 5253
4 795 792 796 5339
4 1958 1961 1129 5130
4 3308 4374 3311 5161
4 2823 1050 344 2921
4 3174 3172 3171 5265
4 56 3295 524 4800
4 2345 2642 2343 5590
4 172 4722 703 5224
4 2694 2602 53 2605
4 4137 4501 3801 5047
4 117 4467 2773 5547
4 446 447 2956 2829
4 271 272 865 2060
4 131 4528 635 5135
4 472 2540 21 5095
4 700 2882 2568 5076
4 2059 2485 530 2474
4 3432 101 589 4732
4 230 231 1175 736
4 2974 443 2059 5519
4 2353 130 2351 4630
4 545 4269 4591 5576
4 2377 3244 38 4846
4 3431 4147 4622 5499
4 602 2405 4818 5153
4 2879 2576 693 2880
4 266 265 2858 862
4 109 2806 5153 5257
4 2911 2835 2541 5414
4 2152 2797 2628 4371
4 1493 1777 1442 5539
4 2036 270 269 735
4 602 2405 3442 4818
4 3294 3293 4689 5401
4 3467 113 612 4741
4 2569 2545 157 676
4 3157 8 452 5480
4 4942 5006 3928 5555
4 943 1011 961 5223
4 2401 2402 2400 4360
4 447 448 3061 2480
4 2441 2440 2439 4243
4 276 277 745 2043
4 2248 2247 2246 5458
4 2712 2368 2472 5474
4 1853 1306 1314 5558
4 3635 3634 3636 2880
4 2955 2814 443 5519
4 2879 170 693 5353
4 2106 2104 2165 4603
4 2612 46 5081 5548
4 2184 2164 2177 5219
4 858 741 259 5477
4 3340 3342 550 5556
4 3176 4853 466 5116
4 98 585 3423 2096
4 3328 3331 3329 4868
4 478 4526 3210 5247
4 226 225 778 1944
4 52 4704 516 5183
4 2188 2711 2208 5506
4 2919 2054 2503 5151
4 264 265 739 2029
4 760 891 764 5525
4 3405 4325 3406 5227
4 2989 3131 2988 5085
4 2900 2040 2778 4608
4 2889 2565 2564 5105
4 125 4611 2417 5550
4 2874 2053 409 5225
4 2119 2118 2120 4500
4 1033 1099 1124 5467
4 4596 4840 3795 4973
4 109 3458 604 5257
4 2619 2621 2620 4273
4 444 445 2957 2485
4 3086 3089 2993 5327
4 855 262 263 2868
4 1534 1852 1566 5575
4 3496 3499 3497 4896
4 1119 1039 1086 5151
4 553 3344 76 4759
4 30 2233 484 5120
4 2221 2287 2220 5398
4 2775 2609 4467 4731
4 4119 4973 4271 5273
4 2855 267 266 868
4 532 61 2848 2474
4 2693 2884 2046 5326
4 2493 3447 602 2405
4 391 1790 1984 5571
4 2206 2753 2214 5208
4 2171 2494 2084 5257
4 2673 2672 2674 4808
4 2273 64 542 5001
4 126 627 3494 2491
4 2827 2916 2476 5207
4 2260 549 72 4796
4 1750 1748 1885 5382
4 531 2514 62 2798
4 2893 2728 178 2729
4 3272 514 3269 4714
4 2292 2592 2555 4799
4 599 4798 4468 5496
4 2094 2522 2277 5559
4 484 2233 2719 5120
4 1902 1467 1517 5300
4 2974 443 444 2059
4 2559 2025 2909 5073
4 2739 2856 3162 2557
4 3490 4424 4761 5335
4 2944 399 398 1159
4 4863 5080 3157 5480
4 306 986 2914 5317
4 3202 5252 4402 5406
4 175 703 3644 5596
4 773 772 774 5580
4 2567 4606 2343 5590
4 100 3434 589 5598
4 3812 4901 4495 5583
4 2713 686 3610 2388
4 3618 691 164 5599
4 529 4282 4670 5426
4 60 4670 4282 5426
4 4424 5050 3791 5335
4 4555 4717 3605 5175
4 4075 5259 4577 5599
4 1923 2021 326 1083
4 3742 4225 4642 5387
4 640 2348 133 3528
4 676 3600 158 5181
4 3522 635 4528 4787
4 120 620 3488 4761
4 1657 1839 1956 5179
4 2662 5202 3902 5515
4 2943 395 394 1161
4 592 102 3422 2098
4 1979 214 215 731
4 3025 3027 3026 5498
4 1782 1473 1781 5481
4 490 35 4821 5319
4 302 301 1000 1937
4 610 3463 114 4764
4 813 814 727 5437
4 2755 165 2662 5515
4 2551 2779 2550 5505
4 2500 2826 2039 4896
4 490 4821 4690 5319
4 4330 4746 3824 4754
4 5259 5390 3902 5515
4 2814 2059 56 2473
4 3436 596 4802 5496
4 2032 3047 4738 5480
4 353 352 2026 1035
4 1787 1383 1792 5393
4 2061 440 439 3051
4 227 228 1928 856
4 3229 3232 489 2163
4 3874 4487 4371 5534
4 2686 2283 2261 4257
4 2477 2370 2481 5376
4 3891 5252 4314 5406
4 4584 5053 636 5323
4 56 2814 4800 5519
4 2110 2109 2108 5490
4 406 2964 2022 1174
4 4329 4857 3849 5401
4 719 213 212 1981
4 662 3565 144 2147
4 1803 1304 1738 5537
4 661 148 3577 4778
4 2216 2732 3326 544
4 2633 2765 2390 5268
4 863 275 276 2075
4 2856 3171 13 460
4 2511 2085 2083 4761
4 106 597 3445 2401
4 3441 5034 601 5153
4 3248 42 502 4773
4 1011 963 961 5223
4 2514 2456 2848 4831
4 1319 1318 1297 5459
4 3388 5529 4371 5534
4 442 443 2955 2814
4 338 337 1090 1150
4 221 220 725 1958
4 688 2326 2662 5202
4 3743 4493 4158 4568
4 231 232 1143 866
4 158 2286 3588 676
4 3963 4601 4404 4872
4 3438 596 104 4802
4 4072 4640 713 5213
4 441 440 2589 2954
4 2974 2955 443 5519
4 229 230 1917 857
4 829 918 828 5308
4 3515 633 2350 2351
4 151 3567 666 4794
4 2557 2856 14 2554
4 1557 1370 1307 5388
4 3331 3328 3330 4868
4 1295 1499 1592 5508
4 211 210 849 1983
4 556 2278 2264 4822
4 692 4234 3632 5590
4 1254 1766 1205 5528
4 698 173 2567 3631
4 3870 4069 5491 5496
4 2797 573 88 5529
4 488 3221 33 4784
4 445 446 3072 2042
4 1392 1655 1692 5511
4 119 5417 5273 5531
4 2806 2405 602 5153
4 1507 1506 1503 5359
4 2068 2898 2897 5293
4 2974 2975 4239 4670
4 3245 41 500 4791
4 4468 4540 4049 5154
4 2570 3184 470 2437
4 550 5351 75 5556
4 3635 698 3634 2880
4 13 2739 2856 3161
4 2065 2825 2600 5237
4 4773 4791 3877 5286
4 3431 4622 593 5499
4 2631 2242 45 4565
4 990 1018 957 5170
4 2810 2571 2443 4479
4 2403 2506 2402 4802
4 848 209 208 1986
4 138 646 3532 4766
4 93 577 5043 5443
4 397 396 2941 1138
4 3107 3019 3084 5241
4 2819 439 438 2984
4 2859 3151 8 5071
4 1964 218 219 724
4 219 220 1129 846
4 4117 4877 4674 5142
4 1154 328 329 1085
4 400 399 3064 1585
4 2310 3255 3256 3253
4 779 263 264 2864
4 636 129 3522 4787
4 306 307 948 2057
4 652 3541 141 2128
4 393 392 2959 1130
4 2973 405 404 1915
4 3862 4458 4443 5476
4 2405 2403 104 4818
4 3415 4871 3413 5504
4 3805 4877 4525 5499
4 2461 2439 2438 5536
4 438 437 2030 2935
4 47 5321 4901 5583
4 222 221 812 1955
4 3793 4007 4650 5599
4 268 267 2058 726
4 152 2209 2192 5554
4 3123 2942 3070 5199
4 628 3506 2418 4611
4 3496 3497 3498 4896
4 2797 4371 573 5529
4 441 442 3074 2038
4 47 509 5321 5583
4 698 4606 2567 5590
4 1988 206 207 797
4 2235 2294 2719 5120
4 170 2034 699 5477
4 2835 318 952 5414
4 456 4863 9 5209
4 3293 4800 4689 5401
4 298 297 999 1149
4 2209 2740 2722 4328
4 722 934 841 5479
4 2024 362 1172 2962
4 27 485 4669 5247
4 3017 3130 3105 4977
4 3426 4542 3424 5142
4 488 3226 3227 4754
4 225 224 851 1136
4 294 295 1125 944
4 2514 532 2474 3303
4 554 3351 3349 2262
4 2324 2326 2325 5243
4 2891 433 432 3062
4 4541 4748 3967 5328
4 3825 5233 4260 5378
4 765 279 280 2813
4 649 4404 3551 5485
4 1022 992 286 2022
4 277 278 850 2818
4 2372 2675 130 5177
4 1755 1747 1249 5532
4 686 4555 2757 4717
4 3399 578 93 2520
4 2850 269 268 832
4 1873 1875 1265 5592
4 3222 3223 3224 5219
4 3039 3148 3096 4750
4 2881 258 174 2034
4 354 353 2833 1089
4 4552 4572 3865 4847
4 2631 2632 2280 4565
4 2332 2581 2334 5516
4 204 205 1990 738
4 1916 286 992 2022
4 2631 2632 4565 5548
4 2399 4589 106 5484
4 4272 4796 3343 5556
4 2206 2194 2191 5048
4 3342 3341 549 4796
4 656 3557 145 4827
4 52 4620 5173 5238
4 2625 2704 2278 4822
4 75 5351 4702 5433
4 723 261 262 2045
4 3393 4501 3394 5047
4 3851 4820 4255 5456
4 2032 2859 8 5071
4 104 596 3442 4818
4 3171 2856 13 5265
4 398 397 3063 1914
4 402 401 2999 1929
4 1923 2020 1943 5143
4 2846 3104 423 2064
4 2608 2390 2609 4731
4 1001 1013 952 5414
4 4029 4573 4722 5596
4 2518 2517 2519 5043
4 2210 2206 2214 5290
4 1022 2022 3109 5226
4 3157 5080 2857 5480
4 1968 217 218 859
4 3891 4402 5252 5406
4 2741 4341 2545 5181
4 2628 4371 2797 5529
4 1510 1512 1632 5464
4 3740 4453 4200 4557
4 1994 202 203 843
4 448 449 2961 2051
4 8 2859 2032 2857
4 56 2814 2473 4800
4 1707 1578 1706 5487
4 3458 604 5257 5285
4 705 3657 2728 2450
4 930 919 729 4072
4 816 815 814 5176
4 1604 330 331 1075
4 559 4557 3359 5386
4 4182 4381 3747 4449
4 401 400 2945 1142
4 3391 90 2797 573
4 466 3175 18 4853
4 147 3554 658 4847
4 3895 4750 4545 5454
4 4184 4591 3873 4868
4 2519 580 4440 5043
4 214 213 860 1134
4 341 342 1938 1091
4 3937 4848 2617 5513
4 674 2209 152 3583
4 492 36 4746 5451
4 1959 1529 1568 5229
4 52 5173 4704 5183
4 289 288 993 1157
4 3881 4784 4357 4949
4 4486 4669 4162 5247
4 3613 4483 3616 5218
4 3467 4741 4603 5026
4 403 402 3070 1580
4 2824 2820 2065 5488
4 3459 3458 3457 5285
4 258 257 2881 836
4 2046 435 434 2949
4 2145 2144 2146 5060
4 173 700 2568 5076
4 2374 4689 2473 4800
4 2049 316 315 953
4 4701 5141 3829 5303
4 665 4099 4729 5461
4 1800 1988 1163 5533
4 119 619 5417 5531
4 82 562 3366 4848
4 260 858 2879 5353
4 339 340 1927 1056
4 3406 581 95 5227
4 1767 1305 1238 5527
4 41 500 4791 5378
4 3809 4117 4542 5142
4 3936 4674 4412 5598
4 37 4846 2531 5215
4 3280 3279 520 2284
4 4736 4908 3837 5216
4 2206 5208 2214 5290
4 18 2440 2442 4853
4 437 436 2690 3069
4 304 959 1021 2922
4 3046 394 393 1919
4 478 4849 4526 5247
4 4007 5175 4650 5599
4 2497 2496 2404 5589
4 820 201 200 1997
4 534 3315 3312 4831
4 3994 4192 3751 4600
4 2695 434 433 2994
4 1978 215 216 806
4 558 78 3361 4822
4 2059 2814 56 5519
4 789 212 211 1170
4 2879 170 259 2034
4 4495 5321 509 5583
4 2514 531 2375 2798
4 4721 5081 510 5548
4 1148 2018 1604 5340
4 3890 5140 4079 5172
4 374 375 1954 2948
4 3159 10 2738 459
4 1045 335 334 1126
4 2511 2282 120 4761
4 14 2557 2554 5343
4 3413 4871 584 5504
4 1622 1194 1377 5573
4 1952 1133 1951 5400
4 2884 436 435 3073
4 2668 150 3576 664
4 2934 391 390 1984
4 2630 2797 88 5529
4 455 4489 4859 5209
4 1579 1573 1474 5493
4 24 2293 2593 5406
4 168 5123 692 5590
4 2857 458 8 3160
4 2070 2883 2680 5567
4 2125 2124 136 5421
4 470 21 2436 5000
4 2938 2857 418 5080
4 112 2774 2552 4585
4 3221 4949 4784 5219
4 372 373 1957 3055
4 93 5043 2520 5443
4 524 4800 4329 5519
4 234 235 1913 756
4 2506 2918 2502 5428
4 4170 4528 3741 4787
4 4243 4853 3175 5116
4 3377 4500 3379 5394
4 959 304 2816 2922
4 456 3155 9 4863
4 223 222 864 1158
4 141 652 2128 5485
4 396 395 3008 1689
4 3258 3257 4392 5321
4 210 209 718 1128
4 1931 2017 1147 5523
4 705 3652 3650 4838
4 4647 4735 3800 4747
4 2565 2037 2890 5479
4 226 227 1160 732
4 1916 1174 2022 5226
4 3895 4545 4240 5454
4 4352 4754 3824 5098
4 2835 2055 318 5414
4 3879 4243 4208 5116
4 2466 2434 2465 4899
4 841 249 250 2890
4 584 3415 97 4871
4 278 279 751 2062
4 407 2924 2072 2963
4 2807 2475 2910 5145
4 2993 3150 3086 5327
4 3759 4521 4638 5447
4 3485 3484 3486 5555
4 729 247 248 2894
4 3553 3551 3552 5485
4 1930 290 291 985
4 4203 4459 3844 5553
4 2216 2275 542 3326
4 2094 2096 98 5559
4 4007 4577 4224 5599
4 4338 5417 619 5531
4 2671 2159 3564 3565
4 2165 4603 2104 5026
4 3737 4399 4162 4669
4 58 2374 2307 5392
4 260 2879 2878 5353
4 470 16 3181 2437
4 807 908 809 5329
4 3348 3350 3351 2262
4 994 312 313 2025
4 3367 3364 3365 5513
4 478 27 4849 5247
4 2034 258 741 5477
4 3355 4516 3354 5351
4 2233 30 3208 483
4 2960 3115 3045 5225
4 858 260 2879 5477
4 2273 2606 2274 5178
4 3067 384 383 1925
4 4264 5076 3904 5224
4 1163 207 208 730
4 2094 5504 4924 5559
4 3210 4526 3212 5247
4 688 166 2326 5202
4 2678 549 2260 4796
4 2602 520 2601 5187
4 685 5202 3623 5515
4 2882 2679 2423 5076
4 4192 4600 3994 5183
4 3829 5141 4569 5303
4 4079 5172 5140 5290
4 392 391 3071 1790
4 3889 4980 4350 5000
4 3388 572 5529 5534
4 757 760 764 5525
4 2053 2874 2464 5225
4 518 3279 3277 2603
4 344 345 1050 2823
4 919 930 825 4072
4 260 261 808 2878
4 652 142 2200 5485
4 844 200 199 1168
4 256 255 2883 861
4 3244 496 3243 4846
4 2568 2423 173 5076
4 610 115 3461 5284
4 489 32 2170 5219
4 42 3253 507 2616
4 502 43 3246 5286
4 2721 2720 2847 5595
4 449 450 2966 2815
4 1137 205 206 847
4 2326 166 2327 5243
4 3206 3209 3208 2231
4 669 3581 3580 5048
4 4924 5504 586 5559
4 2440 4243 2441 4853
4 388 389 1795 2933
4 2493 597 3447 2401
4 3854 4778 4582 5158
4 1561 2015 1563 5424
4 3669 714 3672 4835
4 2731 2533 2540 5095
4 389 390 1146 3057
4 1145 216 217 747
4 419 420 3053 2854
4 4136 4846 3242 5127
4 4879 5065 3518 5177
4 375 376 1133 3058
4 2642 2576 168 5123
4 817 819 890 5562
4 890 819 716 5562
4 3887 4798 4468 5154
4 2070 257 256 737
4 3066 3124 2933 5381
4 2398 4589 2399 5484
4 350 351 1046 2871
4 2938 417 418 2857
4 721 918 845 5293
4 3536 5020 649 5139
4 2035 432 431 2932
4 531 3303 2514 2375
4 4704 4710 3842 5316
4 110 606 3451 4895
4 3498 630 3496 4896
4 2569 2209 152 674
4 4901 5321 4495 5583
4 615 2577 118 3473
4 3049 3053 3148 4762
4 2879 693 2576 5353
4 11 3167 455 4859
4 138 2764 2761 5429
4 99 3412 586 4924
4 2854 2856 2556 5265
4 4798 5491 4468 5496
4 1960 370 371 3033
4 4432 5020 3536 5139
4 2400 2399 106 5484
4 376 377 1951 3009
4 2928 383 382 1127
4 2911 2055 2835 5414
4 876 818 894 5581
4 490 35 3222 4949
4 2668 3576 150 4582
4 145 3558 656 4908
4 2479 4689 2374 4800
4 1167 373 374 3076
4 1799 1547 1800 5472
4 2566 90 2152 5565
4 259 2879 260 5477
4 2401 2402 4360 4802
4 3304 2474 3303 3301
4 355 356 1043 2050
4 2404 2398 2400 5484
4 3909 5367 4565 5548
4 528 4670 4239 5278
4 349 350 1093 2048
4 3258 510 47 5321
4 387 388 1991 3066
4 2068 245 244 845
4 382 381 3000 1940
4 2531 2218 37 5215
4 2195 2399 4589 4895
4 158 2286 675 3588
4 1166 203 204 867
4 3100 283 282 1008
4 2174 2764 138 4766
4 2594 29 2719 5396
4 4119 4596 3795 4973
4 2827 358 357 1042
4 348 349 1041 2504
4 3990 4449 4381 5475
4 2758 160 2757 4717
4 1923 326 327 1083
4 2630 2628 2797 5529
4 2566 2141 2281 4327
4 657 144 2147 5060
4 3278 519 50 2284
4 2229 2230 26 5522
4 121 4942 4644 5555
4 254 253 2886 742
4 3789 4849 4486 5247
4 516 5183 4704 5316
4 3829 4653 4178 4701
4 379 378 3059 1946
4 572 89 5011 5534
4 539 67 3333 4864
4 2174 3532 645 4766
4 2407 2408 2804 5482
4 2741 2545 2535 5181
4 1141 367 368 2947
4 3361 4822 4443 5476
4 2289 2557 4747 5343
4 3662 706 178 4907
4 740 202 201 1131
4 1852 1973 1566 5575
4 428 429 2951 2825
4 2473 525 3295 4800
4 4456 4632 3738 5461
4 186 185 943 716
4 323 324 2925 1034
4 380 379 2927 1144
4 795 796 921 5339
4 3842 4681 4193 4704
4 1039 346 347 2054
4 2569 157 2740 674
4 1036 337 336 1936
4 2439 16 2437 5536
4 489 2164 34 5219
4 2517 2795 2520 5443
4 360 359 2838 1047
4 4721 5081 4100 5321
4 2859 2032 2468 5071
4 165 5202 2662 5515
4 109 604 2494 5257
4 2568 700 174 2881
4 2471 2368 2448 5412
4 2875 2057 2914 5317
4 2034 259 258 5477
4 2675 4879 639 5177
4 381 380 3060 1942
4 685 5259 5202 5515
4 255 254 2027 811
4 549 3349 3350 2260
4 1877 2001 1878 5594
4 377 378 1164 2939
4 2830 309 308 950
4 858 259 260 5477
4 1020 2923 1 903
4 2479 2374 2473 4800
4 3513 3512 4584 5323
4 508 2631 45 3267
4 564 84 3369 4961
4 2315 2669 2668 4582
4 2938 417 2857 5480
4 703 4722 3644 5596
4 1023 904 0 2023
4 2352 128 2633 5268
4 4099 4238 3738 4456
4 3481 4467 3480 5531
4 2741 2425 2545 4341
4 4004 4490 4351 5451
4 5 1021 3111 2922
4 1114 2021 2 905
4 2165 2106 4603 5547
4 1173 235 236 754
4 3494 628 126 2418
4 2893 4854 2066 4907
4 932 933 884 5478
4 2820 431 430 3020
4 69 2378 2275 5402
4 3384 3385 3386 5602
4 280 281 755 2074
4 359 358 2056 1092
4 178 2728 3657 2729
4 2718 2717 2716 5235
4 1113 902 3 2921
4 1965 368 369 3075
4 3151 2859 453 5071
4 2273 542 2275 5001
4 3623 5202 165 5515
4 4187 4584 3777 5053
4 986 948 987 5317
4 2146 146 657 5060
4 7 2924 3108 1112
4 3904 5076 4125 5224
4 404 403 2942 1151
4 2377 496 3244 4846
4 369 370 1169 2952
4 4099 4456 3738 5461
4 4769 5053 3777 5323
4 737 921 861 5567
4 2820 2824 2707 5488
4 4392 4495 3774 5321
4 3519 3521 642 4879
4 2445 2902 2469 5330
4 3110 2024 6 1115
4 4088 5433 5351 5556
4 3481 618 4731 5531
4 4585 5090 3876 5284
4 386 387 1135 2958
4 597 104 2401 4802
4 3873 4868 4591 5576
4 418 419 3049 2067
4 58 4689 2374 5392
4 45 3267 2631 4565
4 3565 2159 3563 657
4 3909 4721 4417 5367
4 2761 4593 3543 5429
4 3109 1022 4 2022
4 4238 4456 4099 5461
4 416 415 2860 2930
4 3193 17 467 4914
4 4401 4853 3879 5116
4 610 3461 4764 5284
4 4242 4351 3746 4490
4 835 248 249 2066
4 4721 5367 3909 5548
4 3588 2286 2569 676
4 69 2275 3323 5001
4 1562 1563 1564 5264
4 3870 5491 4798 5496
4 138 4766 2764 5429
4 1132 371 372 2950
4 4459 5269 3844 5553
4 3438 4802 4360 5496
4 103 5142 4877 5499
4 502 3246 4773 5286
4 675 2286 158 5140
4 2946 426 427 2840
4 3779 4702 4516 5351
4 2837 320 319 956
4 3581 3579 3580 5048
4 4373 4750 3895 5454
4 336 335 1087 1933
4 385 386 1920 3018
4 2604 2601 2661 5187
4 2857 5080 2938 5480
4 2964 406 405 1174
4 2892 2834 2424 5466
4 111 5169 4559 5285
4 4338 4467 3878 5531
4 1165 384 385 2940
4 2194 669 3580 5048
4 246 245 2897 721
4 992 287 286 1916
4 1638 2013 1639 5313
4 3874 5011 4428 5534
4 4205 5202 3621 5259
4 1148 331 332 1073
4 645 138 3532 2174
4 2530 4818 2405 5153
4 2229 2228 2230 5522
4 3099 324 325 1097
4 887 186 187 1005
4 2615 2612 46 5081
4 3862 4822 5345 5476
4 577 4501 5047 5443
4 3050 427 428 2028
4 170 259 2034 5477
4 2856 3171 460 5265
4 3386 5355 5030 5602
4 2775 118 2608 4731
4 748 197 196 2003
4 469 21 3182 5000
4 2121 2123 2202 5355
4 3655 4653 3653 5303
4 2865 414 413 2937
4 629 5379 4459 5553
4 2877 361 360 1051
4 190 191 1099 888
4 4432 3797 5020 5139
4 2370 2369 2275 5001
4 734 912 857 5306
4 2146 146 5060 5503
4 931 894 818 5581
4 991 1012 942 5408
4 2517 2520 5043 5443
4 1971 332 333 1040
4 727 195 194 1152
4 586 4924 3412 5504
4 2326 2324 2662 5202
4 2041 413 412 3052
4 2275 2370 5001 5402
4 2965 450 451 2073
4 355 354 2836 1094
4 3536 648 140 5020
4 2555 2592 2593 5406
4 304 305 959 2816
4 3603 3601 680 4955
4 3023 424 425 2044
4 3441 600 108 5034
4 3393 576 92 5047
4 259 741 258 5477
4 184 185 886 1006
4 323 322 1098 3098
4 4234 4606 3632 5590
4 2179 146 2146 5503
4 2494 2806 109 5257
4 4847 5060 658 5503
4 247 246 2031 831
4 3386 85 565 5030
4 2401 104 2403 4802
4 2802 2803 2417 5550
4 512 3271 49 5052
4 2231 3208 3206 483
4 3514 3516 3515 2350
4 3865 4827 4552 4847
4 3274 4681 3273 5316
4 582 95 3401 5049
4 2032 4738 5071 5480
4 3337 3338 541 4969
4 2416 2417 2418 4611
4 342 343 1977 1049
4 2492 2399 2195 4895
4 2286 158 2545 676
4 3233 3234 4690 5319
4 628 3506 126 2418
4 3518 641 131 5065
4 460 2856 2739 3161
4 3049 418 2067 5080
4 858 2879 5353 5477
4 2980 2974 2975 4239
4 418 2857 2067 5080
4 2531 496 2377 4846
4 81 5192 4639 5513
4 3464 112 608 5026
4 3410 93 577 5043
4 2165 2104 2774 5026
4 3878 4731 5273 5531
4 178 3662 2729 711
4 2530 2406 2405 4818
4 2394 114 2552 4764
4 567 3375 86 2119
4 3481 119 618 5531
4 510 3260 46 5081
4 3326 2732 69 544
4 3742 4642 4126 5387
4 2490 2530 2806 5153
4 239 238 2906 830
4 2926 284 283 942
4 3125 3036 3114 4738
4 971 296 295 1932
4 1100 188 189 889
4 2047 2830 2917 5577
4 2069 415 414 3056
4 2964 3100 3109 5226
4 2931 420 421 2033
4 2229 2592 2292 4799
4 456 4373 5209 5454
4 250 251 722 2037
4 1008 992 1022 5226
4 3323 542 3322 5001
4 3842 4681 4704 5316
4 4255 4820 3851 5415
4 2684 2121 2202 5355
4 4329 4800 2814 5519
4 2715 2637 2616 4773
4 2651 2788 2202 5030
4 156 3585 672 5103
4 2642 168 2567 5590
4 676 2545 157 3599
4 3396 2521 3398 573
4 2796 4501 2520 5443
4 299 298 946 2007
4 2773 2108 2106 5547
4 2869 412 411 2929
4 3047 2032 417 5480
4 292 293 1931 949
4 75 551 3340 5556
4 2705 50 513 3272
4 4287 4541 3753 4622
4 3372 3374 2153 3373
4 366 367 1969 3077
4 2032 417 416 3047
4 293 294 2009 983
4 834 196 195 2004
4 2593 2592 24 5406
4 3636 3633 3635 2880
4 728 199 198 2000
4 4500 4558 3796 5394
4 3666 715 180 5068
4 243 242 2040 839
4 676 2545 4341 5181
4 430 429 2065 3065
4 19 467 3176 5116
4 3068 425 426 2842
4 1153 364 365 2936
4 2536 2911 2541 5009
4 4223 4729 3807 4794
4 242 241 2903 720
4 3657 2728 178 705
4 2095 2093 2094 5504
4 2806 2530 2405 5153
4 676 158 2545 5181
4 2953 423 424 2846
4 18 465 2440 4853
4 489 2170 2164 5219
4 3241 36 499 5127
4 2128 652 2200 5485
4 3648 173 697 5076
4 2637 2703 2616 4773
4 3481 4731 4467 5531
4 583 3406 95 5227
4 649 141 3537 5139
4 667 151 3574 5158
4 4458 5386 559 5476
4 297 296 945 1934
4 103 593 3424 5142
4 2405 2406 2403 4818
4 138 3532 2174 4766
4 1970 365 366 3048
4 141 2128 2127 5139
4 2104 2102 2774 5026
4 2202 2788 2684 5030
4 2128 2200 2130 5485
4 998 310 311 2831
4 3164 3166 4747 5343
4 1560 2017 1559 5410
4 4877 5142 4525 5499
4 469 3198 21 5095
4 2146 657 2147 5060
4 2352 2354 2353 4630
4 3101 285 284 1007
4 4846 5127 3882 5215
4 46 510 5081 5548
4 2755 2662 2754 5515
4 2615 2614 2612 5081
4 2739 3162 459 2557
4 3308 527 59 5161
4 303 302 958 1976
4 314 313 2832 951
4 933 932 811 5478
4 3157 2857 8 5480
4 107 605 3453 5154
4 3636 3633 2034 699
4 2729 2893 2066 4907
4 2080 2492 2195 4895
4 161 684 3605 5175
4 957 288 287 2014
4 2834 315 314 997
4 158 3600 678 5181
4 3829 4653 4701 5303
4 2101 2203 2099 4732
4 2377 38 3244 496
4 2353 2351 2352 4630
4 52 516 3287 5183
4 954 311 312 2909
4 300 299 965 1935
4 2975 4239 4670 5278
4 132 5289 637 5323
4 452 3151 3154 5071
4 2117 2617 2115 4848
4 2129 2127 2128 5139
4 3443 601 109 5153
4 2020 327 328 1048
4 159 677 3590 5172
4 2192 2209 2544 5554
4 813 194 193 2006
4 103 593 5142 5499
4 3555 657 3556 5060
4 611 3461 115 5284
4 2440 2441 2442 4853
4 3246 43 503 5286
4 3258 4392 5081 5321
4 4328 4703 3814 5103
4 4313 4399 3737 4669
4 2071 238 237 753
4 193 192 752 1171
4 678 3592 158 5140
4 4569 4653 3829 5303
4 3185 470 21 2436
4 2123 2124 2125 5421
4 484 3208 3207 2233
4 2959 3116 3046 5582
4 4525 5142 593 5499
4 3164 459 2557 5343
4 2152 2139 2566 5565
4 1147 291 292 978
4 2517 2520 2519 5043
4 2177 2164 2170 5219
4 2190 2315 2668 4582
4 2696 2761 2764 5429
4 712 181 2450 3658
4 2796 2520 2795 5443
4 2874 409 408 3045
4 893 251 252 2888
4 3654 176 2321 710
4 634 130 3520 5177
4 3258 5081 510 5321
4 2400 2398 2399 5484
4 2494 2171 2806 5257
4 2870 411 410 3054
4 3754 4430 4326 4609
4 146 3563 2159 657
4 2878 2879 2576 5353
4 2394 2552 2551 4764
4 2775 2608 2609 4731
4 2187 2571 2809 5322
4 2210 2214 2272 5290
4 689 163 3613 5218
4 2094 2277 2096 5559
4 3156 3158 457 5080
4 109 601 3458 5257
4 3801 5047 4501 5443
4 9 3168 456 5209
4 2758 2757 2175 4717
4 2179 2146 2735 5503
4 484 3219 3220 5120
4 2473 56 3295 525
4 2275 542 3323 5001
4 2782 2218 2531 5215
4 2433 2435 2436 5000
4 3258 47 509 5321
4 172 703 3645 5224
4 2019 329 330 1044
4 2264 2278 2704 4822
4 2401 2403 2402 4802
4 2631 2280 2242 4565
4 2235 2719 2233 5120
4 2326 2327 2325 5243
4 501 2310 40 3254
4 3125 4863 4738 5480
4 3047 3125 3114 4738
4 2083 2282 2511 4761
4 3563 3564 2159 3565
4 2352 2633 2390 5268
4 2657 2764 2174 4766
4 3318 4820 3316 5415
4 2678 2260 2258 4796
4 2439 2437 2438 5536
4 2776 2552 2774 4585
4 2602 2601 2604 5187
4 2212 2749 2199 5331
4 2534 2286 2272 5140
4 3907 5187 4789 5238
4 523 3290 52 5238
4 2934 3143 3071 5571
4 3314 3313 4831 5426
4 2146 2147 2145 5060
4 4555 4650 3827 5175
4 170 2879 259 5477
4 2059 443 2814 5519
4 456 5209 3169 5454
4 2729 711 3662 4907
4 2563 2675 2372 5177
4 2524 2531 2377 4846
4 3210 485 27 5247
4 565 3386 5030 5602
4 3157 458 8 2857
4 4427 5140 3890 5172
4 2275 5001 69 5402
4 3770 4606 4264 5342
4 3622 164 691 5259
4 2289 2553 2557 5343
4 24 482 3209 2293
4 2494 5257 604 5285
4 2567 2343 2642 5590
4 244 243 2900 750
4 3876 4764 4585 5284
4 198 197 837 1140
4 2594 2719 2717 5396
4 240 239 2052 749
4 507 3253 3255 2615
4 2305 2307 2374 5392
4 2876 321 320 960
4 340 341 1156 1038
4 3499 4896 3496 5379
4 408 407 2072 2963
4 694 5353 170 5477
4 362 363 1172 2962
4 61 532 3302 2474
4 717 190 189 1033
4 1037 339 338 2016
4 649 5020 4601 5139
4 2323 2449 2728 4838
4 2923 1 321 1020
4 3527 637 132 5289
4 3291 3292 520 5187
4 3224 3223 489 5219
4 3328 4868 3329 5576
4 3340 4796 3342 5556
4 4601 5020 3797 5139
4 2835 318 317 952
4 2814 2479 2473 4800
4 708 3653 177 5303
4 688 3623 3624 5202
4 104 3442 602 2405
4 154 3591 670 5290
4 241 240 2904 842
4 3626 170 694 5353
4 3295 56 2473 4800
4 3417 588 100 5328
4 2369 2273 2275 5001
4 2557 2553 2554 5343
4 2938 418 3049 5080
4 3273 49 516 5316
4 3586 2569 152 674
4 2907 317 316 996
4 3278 3279 3280 2284
4 35 3234 497 5319
4 585 96 2095 5504
4 2924 7 361 1112
4 345 346 1081 2920
4 363 364 1974 3024
4 637 3513 132 5323
4 1023 0 303 2023
4 2021 236 2 905
4 892 252 253 2063
4 904 192 0 2023
4 3765 4859 4489 5209
4 410 409 2053 2960
4 628 3495 125 2499
4 14 462 3164 5343
4 3611 160 686 2713
4 1021 285 5 3111
4 1020 1 187 903
4 3108 325 7 1112
4 902 281 3 2921
4 458 2857 2739 3160
4 3111 451 5 2922
4 307 308 995 2912
4 508 46 3255 2615
4 2923 237 1 903
4 2378 2370 2275 5402
4 2472 2905 2712 5474
4 4760 4868 3873 5576
4 2024 343 6 1115
4 2728 176 705 3659
4 606 3459 3457 5285
4 117 614 3466 2165
4 570 86 3387 5355
4 550 3354 75 5351
4 3202 25 480 5252
4 319 318 2055 1001
4 2449 2893 2728 4838
4 457 3174 3171 5265
4 4 406 3109 2022
4 4483 4563 3780 5218
4 79 559 3356 5386
4 153 671 3593 5387
4 904 0 184 1023
4 3110 6 322 1115
4 104 3442 2405 4818
4 629 123 5379 5553
4 629 123 3499 5379
4 3249 500 41 5378
4 3849 4800 4329 5401
4 511 3265 44 5367
4 79 559 5386 5476
4 87 3377 570 5394
4 2642 2371 2576 5123
4 4584 3777 5053 5323
4 3481 619 119 5531
4 2938 3047 417 5480
4 3571 665 151 5461
4 4091 4493 3743 4568
4 57 3293 527 5401
4 3421 3423 585 2097
4 1062 351 352 2908
4 4526 4849 3789 5247
4 2568 2882 2423 5076
4 3105 421 422 2851
4 65 3318 539 5415
4 310 309 2047 984
4 550 75 3340 5556
4 3907 4789 4699 5238
4 14 3164 459 2557
4 529 60 3313 5426
4 4027 4453 3740 4557
4 6 362 2024 3110
4 3303 531 3301 2375
4 170 3638 694 5477
4 2231 3206 26 483
4 3753 4541 4147 4622
4 591 3422 102 2098
4 24 476 3205 5406
4 3104 422 423 2064
4 2924 407 7 3108
4 2 188 1114 905
4 79 3363 559 5476
4 986 305 306 2914
4 492 3239 36 5451
4 2066 2894 2729 4907
4 3902 5202 4205 5259
4 3759 4521 4131 4638
4 290 289 955 2012
4 902 3 191 1113
4 3450 2399 106 603
4 3436 599 105 5496
4 3538 650 3541 2126
4 103 3429 593 5499
4 4226 4835 3848 5530
4 4336 5106 3825 5378
4 569 3381 83 5475
4 494 3229 2730 3231
4 114 2770 3471 615
4 3047 3125 4738 5480
4 4620 5187 3907 5238
4 2021 2 326 1114
4 1113 3 344 2921
4 544 3326 2216 3327
4 4 282 1022 3109
4 3388 575 89 5534
4 333 334 2008 1074
4 3662 178 2729 4907
4 629 3501 123 5553
4 510 46 3268 5548
4 2938 5080 4863 5480
4 3493 627 122 2491
4 463 12 3169 5454
4 3470 3469 2770 3471
4 3882 4846 4136 5127
4 3870 4798 4360 5496
4 3301 58 525 2375
4 3390 572 88 5529
4 3279 518 53 2602
4 4371 5529 3874 5534
4 692 3630 168 5590
4 5269 5379 123 5553
4 545 3329 71 5576
4 3264 509 47 5583
4 3827 4717 4555 5175
4 3553 3552 652 5485
4 3612 3610 688 2388
4 1021 5 304 2922
4 26 478 3201 5522
4 4234 4606 3770 5342
4 3611 3609 681 2713
4 3658 2450 3659 710
4 347 348 1086 2919
4 175 3644 701 5596
4 3364 560 3365 5513
4 100 595 3434 5598
4 3618 164 684 5599
4 1022 286 4 2022
4 3414 3413 585 5504
4 2770 3470 3471 615
4 2034 3633 170 699
4 2642 5123 168 5590
4 5011 5529 572 5534
4 4690 4821 3843 5319
4 3486 620 3485 5555
4 4135 3775 4748 5328
4 301 300 947 1155
4 168 698 3635 2880
4 356 357 1088 2916
4 170 5353 2879 5477
4 3420 592 3422 2097
4 571 3385 3384 5602
4 2557 14 3164 5343
4 4459 5379 5269 5553
4 4689 4800 3849 5401
4 3207 3209 482 2293
4 3837 4908 4331 5216
4 3253 3256 2310 3254
4 4644 4942 3928 5555
4 3495 3494 3492 2491
4 3634 700 3636 2568
4 3657 711 2450 3660
4 858 898 741 5477
4 3874 5529 5011 5534
4 675 2210 154 3587
4 70 2215 543 3327
4 4443 4822 3862 5476
4 3659 2321 176 710
4 3303 2514 62 531
4 3492 621 120 2282
4 3539 3540 3541 2622
4 3125 2938 4863 5480
4 603 3445 3446 2493
4 104 602 3447 2405
4 4827 4847 3865 5060
4 2474 3302 3304 3303
4 4360 4802 3870 5496
4 4879 5065 3871 5470
4 4871 4924 3893 5504
4 8 2857 2032 5480
4 3469 3468 2770 3471
4 3047 2938 3125 5480
4 2310 501 3253 3254
4 3898 4796 4272 5556
4 5202 5259 3902 5515
4 4559 5169 3900 5285
4 3231 2730 37 496
4 568 2684 86 3375
4 166 3612 2328 687
4 104 3447 597 2401
4 3492 120 626 2282
4 542 2275 69 3326
4 638 133 3516 2350
4 470 3185 3184 2570
4 2032 2857 417 5480
4 4639 5192 3937 5513
4 561 3374 82 2153
4 3125 2938 3133 4863
4 652 142 3539 2622
4 676 157 2569 674
4 3256 2631 45 508
4 525 2473 56 3304
4 4467 4731 3878 5531
4 3133 2938 3049 5080
4 554 77 3351 2262
4 3871 5065 4879 5177
4 2729 3657 178 711
4 3562 2671 149 664
4 532 3302 2474 3303
4 42 501 3253 2616
4 3229 489 32 2170
4 4784 4949 3881 5219
4 3037 3125 3133 4863
4 621 3492 3493 2491
4 144 3565 657 2147
4 3445 106 2399 603
4 3879 4853 4243 5116
4 142 3539 2622 651
4 3184 3186 465 2570
4 62 532 2514 3303
4 3446 3447 2493 3445
4 3447 3446 2493 3444
4 98 3423 591 2096
4 3184 3185 3183 2570
4 3183 3186 3184 2570
4 2216 3326 3324 3325
4 3326 2216 3327 3325
4 3422 3423 3421 2097
4 3133 4863 2938 5080
4 2034 174 3636 699
4 686 165 3610 2388
4 2668 3564 150 664
4 513 48 3277 2603
4 2450 3659 3657 3658
4 561 80 3372 2153
4 3493 3492 3494 2491
4 85 2684 568 3373
4 496 2377 38 3230
4 3515 639 130 2351
4 578 88 2800 3396
4 2521 3398 3399 3396
4 3162 3159 2739 459
4 2569 3588 676 674
4 3612 3609 2328 687
4 459 3162 14 2557
4 34 489 3232 2163
4 555 2623 74 3350
4 2216 543 3327 3325
4 638 3514 128 2350
4 616 2775 118 3470
4 2671 3565 3562 662
4 3254 2310 40 506
4 3658 3657 2450 3660
4 61 3302 530 2474
4 2770 114 3471 609
4 3444 3447 602 2493
4 2569 3587 3588 3586
4 16 470 3184 2437
4 2163 3232 495 3230
4 3563 3564 663 2159
4 519 3280 54 2284
4 2328 3609 162 687
4 3517 134 639 2349
4 3207 482 29 2293
4 3469 614 117 2165
4 520 3279 53 2602
4 3397 2521 3399 580
4 2521 3398 3397 3399
4 138 645 3540 2174
4 652 3539 3541 2622
4 3326 542 2216 3324
4 2622 3539 3540 651
4 2684 568 3373 3375
4 2349 3517 134 640
4 3586 3588 2569 674
4 2739 3159 3162 3161
4 3159 2739 3160 3161
4 2739 3162 460 3161
4 72 3349 549 2260
4 3420 3422 3421 2097
4 3348 3351 556 2262
4 556 3351 77 2262
4 3209 3206 477 2231
4 3495 626 125 2499
4 3206 26 477 2231
4 3232 495 34 2163
4 663 146 3563 2159
4 3277 48 518 2603
4 3372 3374 561 2153
4 3635 3633 693 2880
4 3159 2739 453 3160
4 650 3538 136 2126
4 173 700 3634 2568
4 507 3255 46 2615
4 3185 472 3183 2570
4 3611 681 160 2713
4 579 3398 3397 2521
4 149 2671 3562 662
4 3420 3421 590 2097
4 633 3515 130 2351
4 693 168 3635 2880
4 37 494 2730 3231
4 3186 3183 471 2570
4 3254 3256 2310 506
4 3516 3514 638 2350
4 484 30 3208 2233
4 688 3610 165 2388
4 530 3302 3304 2474
4 3471 3468 2770 609
4 2216 3324 537 3325
4 3280 519 3278 2284
4 3160 2739 458 3161
4 3493 3494 627 2491
4 2450 712 3658 3660
4 3301 531 58 2375
4 3446 3444 604 2493
4 3079 5063 4101 2927
4 4101 5063 3079 4927
4 5571 3057 3150 4406
4 5571 3150 3057 2934
4 4226 181 4178 2319
4 4226 4178 181 709
4 5164 1854 4588 4111
4 5164 4588 1854 4915
4 1726 4415 1724 1834
4 1724 4415 1726 3816
4 5298 5083 3755 4053
4 5298 3755 5083 3996
4 4329 3090 4756 2981
4 4329 4756 3090 4267
4 5143 3985 1084 4937
4 5143 1084 3985 4421
4 4332 1719 4368 1720
4 4332 4368 1719 3747
4 4459 4363 4061 127
4 4459 4061 4363 3925
4 5218 4530 4224 163
4 5218 4224 4530 3939
4 4977 3866 2931 2033
4 4977 2931 3866 4705
4 4158 5090 4741 113
4 4158 4741 5090 3833
4 4055 4741 5090 113
4 4055 5090 4741 3833
4 4244 1226 4805 1225
4 4244 4805 1226 3754
4 5022 3958 4025 4146
4 5022 4025 3958 4887
4 2441 5207 2748 2476
4 2748 5207 2441 4243
4 5171 4735 5037 3800
4 5171 5037 4735 3821
4 4973 115 4091 617
4 4973 4091 115 4696
4 4034 1438 4364 1437
4 4034 4364 1438 4439
4 2346 4544 2345 2344
4 2345 4544 2346 3914
4 5392 3781 2306 4420
4 5392 2306 3781 4429
4 4924 3677 4599 4860
4 4924 4599 3677 3893
4 4465 2468 4413 2426
4 4465 4413 2468 3880
4 4655 1182 1183 4344
4 4655 1183 1182 1181
4 4200 5251 3693 4124
4 3693 5251 4200 3785
4 4937 5467 4578 3985
4 4578 5467 4937 1102
4 4089 30 4115 2234
4 4089 4115 30 486
4 5551 4953 4177 3984
4 5551 4177 4953 3934
4 4928 1671 3799 1910
4 4928 3799 1671 4202
4 5593 4299 3716 3845
4 5593 3716 4299 4363
4 5220 5348 4054 4295
4 4054 5348 5220 4134
4 5136 3900 5272 4666
4 5136 5272 3900 4387
4 5108 2182 2169 2543
4 5108 2169 2182 4580
4 4883 5448 1282 4209
4 1282 5448 4883 1643
4 2181 5501 2510 2087
4 2510 5501 2181 4258
4 5018 3989 1409 4508
4 5018 1409 3989 4368
4 5356 2372 2561 4266
4 5356 2561 2372 2562
4 4371 4869 5565 91
4 5565 4869 4371 3931
4 4619 2653 2112 4310
4 4619 2112 2653 2166
4 5132 5201 4038 4206
4 4038 5201 5132 4033
4 4038 3726 5132 4206
4 5132 3726 4038 4033
4 1604 1044 330 1075
4 330 1044 1604 2019
4 5056 3697 3832 4103
4 5056 3832 3697 4315
4 2629 5565 2137 2152
4 2137 5565 2629 3931
4 5074 5382 4334 1750
4 4334 5382 5074 4070
4 4608 875 4819 840
4 4608 4819 875 4378
4 5382 5074 1885 1889
4 5382 1885 5074 4070
4 4940 5074 1885 4070
4 5521 1814 4435 1387
4 5521 4435 1814 4506
4 4353 2490 3884 4186
4 4353 3884 2490 2489
4 5503 4633 2144 2735
4 5503 2144 4633 4847
4 5481 1457 4803 4145
4 5481 4803 1457 1781
4 5326 2994 2995 2949
4 5326 2995 2994 4193
4 4894 5275 3730 4145
4 3730 5275 4894 4844
4 4957 5054 4158 4248
4 4158 5054 4957 3802
4 5114 3885 1833 4797
4 5114 1833 3885 4532
4 1804 4564 1730 1725
4 1730 4564 1804 4403
4 5463 5131 1252 1728
4 5463 1252 5131 4303
4 5102 5128 4398 3975
4 4398 5128 5102 3679
4 4522 5445 4167 4471
4 4167 5445 4522 3999
4 5073 1019 4423 994
4 5073 4423 1019 3996
4 4193 3062 2996 2994
4 4193 2996 3062 3842
4 5156 3752 1663 4288
4 5156 1663 3752 4795
4 4608 5293 2778 2068
4 2778 5293 4608 4154
4 5096 1089 1068 1094
4 5096 1068 1089 4442
4 4256 5491 4468 4017
4 4468 5491 4256 105
4 5006 2817 2826 3917
4 5006 2826 2817 2077
4 4828 3859 5325 4000
4 4828 5325 3859 4237
4 4608 845 896 4154
4 4608 896 845 750
4 1198 5092 5027 1197
4 5027 5092 1198 4911
4 4662 726 833 832
4 4662 833 726 4133
4 3998 5272 4666 3884
4 4666 5272 3998 3688
4 2071 4790 2913 2906
4 2913 4790 2071 4361
4 4193 53 4620 517
4 4193 4620 53 2694
4 4836 1531 1528 1530
4 4836 1528 1531 4143
4 4548 4980 4466 3945
4 4466 4980 4548 3971
4 4466 5024 4548 3945
4 4548 5024 4466 3971
4 5501 3905 4860 4022
4 5501 4860 3905 4258
4 5247 5587 4526 31
4 5247 4526 5587 4089
4 486 4526 5587 31
4 486 5587 4526 4089
4 1644 4963 4197 1822
4 4197 4963 1644 4335
4 5388 1558 4047 1557
4 5388 4047 1558 4950
4 5433 551 4453 75
4 5433 4453 551 3966
4 5182 4522 4684 3899
4 5182 4684 4522 3722
4 5203 4268 3964 4285
4 5203 3964 4268 4736
4 1888 5119 4380 1751
4 4380 5119 1888 4997
4 4829 3887 3712 4798
4 4829 3712 3887 4475
4 5128 4862 4491 3975
4 5128 4491 4862 3755
4 5523 4779 4059 4520
4 5523 4059 4779 5410
4 5288 3959 5284 3691
4 5284 3959 5288 3986
4 5284 3876 5288 3691
4 5288 3876 5284 3986
4 4437 2666 2639 4190
4 4437 2639 2666 2154
4 4845 1361 4291 1359
4 4845 4291 1361 3740
4 5407 4715 4586 3960
4 5407 4586 4715 3675
4 23 4479 473 3190
4 473 4479 23 4382
4 4230 5312 773 865
4 773 5312 4230 4061
4 4967 1244 4221 1835
4 4967 4221 1244 4724
4 4888 5168 3706 4256
4 3706 5168 4888 4306
4 4455 2620 4273 4036
4 4455 4273 2620 2685
4 5186 4026 4160 5180
4 5186 4160 4026 3794
4 59 5392 4906 4024
4 59 4906 5392 4420
4 3781 4906 5392 4024
4 3781 5392 4906 4420
4 4479 23 474 3190
4 4479 474 23 4106
4 4308 4866 3807 3689
4 3807 4866 4308 3790
4 5395 3674 4213 3826
4 5395 4213 3674 4480
4 3967 5040 4782 3775
4 3967 4782 5040 5471
4 4533 4782 5040 3775
4 4533 5040 4782 5471
4 4747 15 4735 4283
4 4747 4735 15 461
4 4675 1385 4918 1765
4 4675 4918 1385 4081
4 5111 1246 1279 1259
4 5111 1279 1246 4967
4 5349 4284 4999 3708
4 5349 4999 4284 4016
4 4121 5578 4446 3674
4 4446 5578 4121 3804
4 4397 70 2732 2291
4 4397 2732 70 3339
4 54 4372 4789 522
4 4789 4372 54 2255
4 5348 4295 5057 4054
4 5348 5057 4295 3858
4 1903 5300 4602 1902
4 4602 5300 1903 4825
4 4933 1487 5196 1448
4 4933 5196 1487 3913
4 5128 4104 4225 3679
4 5128 4225 4104 3814
4 5395 1813 1858 1489
4 5395 1858 1813 4837
4 5465 4139 4958 4457
4 5380 5010 1211 4038
4 5380 1211 5010 1810
4 5375 5459 3776 4930
4 3776 5459 5375 4755
4 5121 3783 5101 4164
4 5121 5101 3783 4663
4 2789 4517 5246 2650
4 5246 4517 2789 4088
4 4355 62 4252 2455
4 4355 4252 62 534
4 4563 162 4483 2329
4 4563 4483 162 682
4 3822 4891 4902 1549
4 3822 4902 4891 4210
4 1993 4902 4891 1549
4 1993 4891 4902 4210
4 4594 4300 4899 2867
4 4899 4300 4594 4130
4 4899 2465 4594 2867
4 4594 2465 4899 4130
4 4833 1495 1466 1464
4 4833 1466 1495 4067
4 4823 5395 3674 4480
4 3674 5395 4823 4665
4 3977 3881 2184 4685
4 2184 3881 3977 4949
4 2184 2508 3977 4685
4 3977 2508 2184 4949
4 5409 4488 2657 2122
4 5409 2657 4488 3918
4 5371 4708 4220 5366
4 5371 4220 4708 3719
4 4841 5180 4767 4026
4 4767 5180 4841 4176
4 4538 5272 5136 4022
4 5136 5272 4538 3884
4 4230 126 4896 630
4 4230 4896 126 2500
4 4911 1876 1273 4347
4 4911 1273 1876 1200
4 4839 5192 5475 83
4 5475 5192 4839 3953
4 4821 3749 4538 3843
4 4821 4538 3749 3977
4 4397 70 4760 546
4 4397 4760 70 2291
4 5121 3694 4164 4598
4 5121 4164 3694 3953
4 468 4914 4980 17
4 4980 4914 468 4466
4 4986 1913 1598 4229
4 4986 1598 1913 1162
4 4055 5054 4158 3802
4 4158 5054 4055 3680
4 4608 2777 4478 2901
4 4608 4478 2777 4551
4 4314 4705 4977 3866
4 4977 4705 4314 3891
4 4977 2852 4314 3866
4 4314 2852 4977 3891
4 85 4275 5030 2788
4 5030 4275 85 565
4 5218 5344 5078 3939
4 5078 5344 5218 4563
4 4420 63 4906 4355
4 4420 4906 63 533
4 5151 1079 5118 1119
4 5151 5118 1079 3976
4 4966 5422 1587 1608
4 1587 5422 4966 4050
4 4927 3129 3013 3014
4 4927 3013 3129 4422
4 111 4895 4450 3449
4 4450 4895 111 4080
4 2036 5312 2847 2844
4 2847 5312 2036 4181
4 68 5402 4969 541
4 4969 5402 68 4000
4 5304 1309 4463 1294
4 5304 4463 1309 3742
4 5086 2333 3978 2331
4 5086 3978 2333 4711
4 2821 5003 2397 2495
4 2397 5003 2821 4951
4 4830 4769 4170 3913
4 4170 4769 4830 3914
4 4170 4692 4830 3913
4 4830 4692 4170 3914
4 5019 4092 5291 3773
4 5019 5291 4092 4204
4 5083 1026 1019 3996
4 5083 1019 1026 974
4 5164 4968 4605 3724
4 5164 4605 4968 3793
4 4707 5056 5236 3759
4 4707 5236 5056 1815
4 1410 5236 5056 3759
4 1410 5056 5236 1815
4 5498 2936 4503 4141
4 5498 4503 2936 3025
4 4226 2317 2319 4178
4 4226 2319 2317 2318
4 5412 3919 4720 4241
4 5412 4720 3919 4378
4 5544 4204 1408 1354
4 1408 4204 5544 4615
4 1408 1760 5544 1354
4 5544 1760 1408 4615
4 4579 2686 5420 2585
4 4579 5420 2686 3785
4 2687 5420 2686 2585
4 2687 2686 5420 3785
4 5533 847 800 4673
4 5533 800 847 797
4 4393 134 4879 642
4 4393 4879 134 2574
4 5164 5527 3724 4605
4 3724 5527 5164 4111
4 5238 3693 4620 5173
4 5238 4620 3693 3907
4 5520 1521 1520 1484
4 5520 1520 1521 4905
4 5166 1108 1068 1122
4 5166 1068 1108 5096
4 5159 4074 1802 4570
4 5159 1802 4074 4776
4 1856 5431 1276 1836
4 1276 5431 1856 5122
4 5465 4645 3767 3941
4 5465 3767 4645 4180
4 4933 1674 3920 1447
4 4933 3920 1674 4917
4 4938 3920 1674 1447
4 4938 1674 3920 4917
4 778 1136 225 851
4 225 1136 778 1944
4 4956 1927 4654 1576
4 4956 4654 1927 4098
4 2833 5096 2453 2836
4 2453 5096 2833 4442
4 5191 4016 3867 4284
4 5191 3867 4016 4790
4 4824 1966 4025 4777
4 4824 4025 1966 1686
4 4716 5095 2731 3903
4 2731 5095 4716 2745
4 5123 3718 4001 4393
4 5123 4001 3718 4434
4 5538 4247 3775 4635
4 5538 3775 4247 5040
4 459 10 4747 3165
4 459 4747 10 2738
4 4864 5415 4255 4433
4 4255 5415 4864 67
4 1458 4806 1460 1494
4 1460 4806 1458 4597
4 4494 2535 5181 2542
4 4494 5181 2535 4427
4 5310 3979 5102 4900
4 5310 5102 3979 4292
4 5363 1667 1668 3756
4 5363 1668 1667 1980
4 4178 4653 5360 2320
4 4178 5360 4653 3829
4 2578 5360 4653 2320
4 2578 4653 5360 3829
4 5580 916 937 4807
4 5580 937 916 774
4 5560 3744 4075 4577
4 5560 4075 3744 4302
4 5535 1331 5258 1332
4 5535 5258 1331 3737
4 4986 756 757 733
4 4986 757 756 4229
4 5017 5110 4167 3932
4 4167 5110 5017 4633
4 4613 910 5079 4288
4 4613 5079 910 783
4 5363 1667 1742 1980
4 5363 1742 1667 5217
4 3911 2554 2555 2292
4 3911 2555 2554 4400
4 5170 5226 1012 4249
4 1012 5226 5170 992
4 4503 1999 1172 4502
4 4503 1172 1999 1564
4 4962 923 805 801
4 4962 805 923 4354
4 2478 4725 5376 2477
4 5376 4725 2478 4321
4 4642 5072 4126 4019
4 4126 5072 4642 3742
4 5601 3794 4919 4391
4 5601 4919 3794 4301
4 5573 1901 4448 1377
4 5573 4448 1901 4485
4 4593 143 654 3545
4 4593 654 143 4121
4 4400 14 5343 462
4 4400 5343 14 2554
4 4384 162 4563 2330
4 4384 4563 162 682
4 5456 2455 3851 2385
4 5456 3851 2455 4355
4 5114 1157 2012 4165
4 5114 2012 1157 1880
4 5376 2478 2369 3948
4 5376 2369 2478 2477
4 5540 2336 2337 4217
4 5540 2337 2336 2335
4 1983 4880 849 1170
4 849 4880 1983 4583
4 5111 1771 5021 1259
4 5111 5021 1771 3738
4 5343 3911 2292 2554
4 5343 2292 3911 4283
4 5084 5586 5201 4033
4 4613 929 5494 784
4 4613 5494 929 4407
4 5206 1882 1414 1322
4 5206 1414 1882 4073
4 4703 157 4328 2740
4 4703 4328 157 673
4 5027 5430 1198 1710
4 1198 5430 5027 3805
4 5151 5589 4578 2497
4 4578 5589 5151 3976
4 4997 5585 5119 1302
4 5119 5585 4997 3815
4 4977 4163 3891 4422
4 4977 3891 4163 4705
4 2422 5376 4289 2481
4 4289 5376 2422 4000
4 5167 1804 1401 1366
4 5167 1401 1804 4403
4 5378 2237 3825 2239
4 5378 3825 2237 4260
4 589 2652 4732 101
4 589 4732 2652 4533
4 5185 1450 1452 1451
4 5185 1452 1450 4939
4 5335 3688 3838 4032
4 5335 3838 3688 4097
4 1267 4123 1734 1862
4 1734 4123 1267 5101
4 5158 148 3577 667
4 5158 3577 148 4778
4 2936 1970 4141 3048
4 2936 4141 1970 1153
4 5400 3010 4469 4163
4 5400 4469 3010 3009
4 4302 5416 4318 3822
4 4318 5416 4302 3856
4 4814 1816 1394 1764
4 4814 1394 1816 4297
4 4420 62 4355 2798
4 4420 4355 62 534
4 4557 4759 552 4200
4 552 4759 4557 76
4 4821 34 4690 2160
4 4821 4690 34 490
4 591 98 4542 3425
4 4542 98 591 2096
4 5562 943 4425 716
4 5562 4425 943 5223
4 904 1171 4425 752
4 4425 1171 904 2023
4 4836 1532 1531 1530
4 4836 1531 1532 4339
4 980 5457 981 979
4 981 5457 980 5230
4 4644 4080 3838 4559
4 4644 3838 4080 3928
4 3054 2053 410 2870
4 3054 410 2053 2960
4 4770 4912 5336 4250
4 5336 4912 4770 3707
4 4305 5538 3831 3678
4 4305 3831 5538 4748
4 4042 3831 5538 3678
4 4042 5538 3831 4748
4 858 171 5477 694
4 858 5477 171 898
4 1290 5281 4463 1291
4 4463 5281 1290 4308
4 4384 3674 5516 3978
4 4384 5516 3674 3853
4 2237 5120 2294 2235
4 2294 5120 2237 3908
4 5381 4464 4834 1705
4 4834 4464 5381 3806
4 4834 4981 5381 1705
4 5381 4981 4834 3806
4 5102 5091 5310 4041
4 5102 5310 5091 3707
4 3752 4005 4216 4698
4 3752 4216 4005 4795
4 5127 3678 5112 3950
4 5127 5112 3678 3882
4 5141 5352 3856 3684
4 3856 5352 5141 4569
4 5241 3135 3022 4026
4 5241 3022 3135 3107
4 4331 2178 4580 3979
4 4331 4580 2178 2162
4 5005 1689 1688 4148
4 5005 1688 1689 1161
4 5595 4265 3840 4991
4 5595 3840 4265 4323
4 5255 3730 4107 4597
4 5255 4107 3730 5147
4 5161 3915 59 4906
4 5161 59 3915 4281
4 5192 3367 5513 563
4 5192 5513 3367 3937
4 4395 4734 4210 3692
4 4210 4734 4395 4320
4 5087 1337 1338 1339
4 5087 1338 1337 4277
4 1001 2837 319 956
4 1001 319 2837 2055
4 4144 2983 5093 3144
4 4144 5093 2983 4756
4 5545 3958 2269 4527
4 5545 2269 3958 4850
4 3858 4034 4217 4695
4 3858 4217 4034 5318
4 5081 3774 5321 4392
4 5081 5321 3774 4100
4 5512 3735 3785 4010
4 3785 3735 5512 3992
4 3785 4759 5512 4010
4 5512 4759 3785 3992
4 5518 5411 4066 4209
4 5518 4066 5411 3886
4 4068 5411 4066 3886
4 4438 4573 5012 4087
4 5012 4573 4438 3894
4 3115 5498 3127 3027
4 3127 5498 3115 5225
4 5177 131 3518 634
4 5177 3518 131 5065
4 5557 4303 3695 4056
4 3695 4303 5557 3931
4 3695 5296 5557 4056
4 5557 5296 3695 3931
4 5434 5586 5084 3774
4 5084 5586 5434 5201
4 4037 898 4876 810
4 4037 4876 898 171
4 5340 1607 1148 2018
4 5340 1148 1607 5211
4 4809 3547 3921 4385
4 4809 3921 3547 143
4 771 5306 5100 912
4 5100 5306 771 3844
4 5487 5384 4410 4150
4 5487 4410 5384 3704
4 4144 1138 5493 5146
4 1914 1138 5493 1579
4 1914 5493 1138 5146
4 2185 4784 2187 2177
4 2187 4784 2185 4352
4 4226 2319 2726 181
4 4226 2726 2319 2318
4 4054 4295 1985 5346
4 1985 4295 4054 5564
4 1985 1809 4054 5346
4 4054 1809 1985 5564
4 5382 1749 4175 4708
4 5382 4175 1749 1748
4 2906 749 4790 2052
4 4790 749 2906 830
4 5389 4648 3922 3693
4 5389 3922 4648 4085
4 5189 5308 5287 4153
4 5287 5308 5189 4154
4 5542 2306 2303 4429
4 5542 2303 2306 2737
4 4765 1865 4712 1871
4 4765 4712 1865 4547
4 5076 2881 700 2882
4 5076 700 2881 3646
4 5176 911 817 816
4 5176 817 911 4790
4 1938 1049 4502 1091
4 4502 1049 1938 1977
4 2659 5052 4714 2706
4 4714 5052 2659 3863
4 5256 2517 4590 2172
4 5256 4590 2517 5043
4 4857 3121 2979 2982
4 4857 2979 3121 4023
4 4627 121 3500 4365
4 4627 3500 121 624
4 5148 2414 4817 2413
4 5148 4817 2414 4353
4 4999 2368 5474 4241
4 4999 5474 2368 2712
4 5424 4342 1561 4543
4 5424 1561 4342 5264
4 5278 3117 5014 2977
4 5278 5014 3117 4023
4 5074 1723 1778 1726
4 5074 1778 1723 4886
4 5236 1731 1410 1715
4 5236 1410 1731 5007
4 4670 61 4282 529
4 4670 4282 61 2485
4 5135 634 635 131
4 5135 635 634 4630
4 4115 5587 4791 3832
4 4115 4791 5587 4089
4 3877 4791 5587 3832
4 3877 5587 4791 4089
4 4609 140 3549 648
4 4609 3549 140 4385
4 5518 4883 4285 3748
4 5518 4285 4883 4066
4 5381 2997 5561 3124
4 5381 5561 2997 4993
4 5460 2658 4176 4507
4 5460 4176 2658 2295
4 5495 4140 3883 4396
4 5495 3883 4140 4958
4 5135 3847 3703 4266
4 5135 3703 3847 4005
4 5310 4580 3979 3748
4 5310 3979 4580 4292
4 4759 77 3992 553
4 4759 3992 77 2263
4 4443 3992 77 553
4 4443 77 3992 2263
4 4705 4697 4314 3891
4 4705 4314 4697 3713
4 5485 655 3861 4404
4 5485 3861 655 3550
4 4914 5024 3758 4466
4 3758 5024 4914 3868
4 4762 13 5080 2067
4 4762 5080 13 457
4 5274 1253 4997 4663
4 5274 4997 1253 1784
4 4760 2215 2291 2290
4 4760 2291 2215 70
4 4973 3475 3474 4596
4 4973 3474 3475 617
4 4864 5254 4433 4068
4 4433 5254 4864 3760
4 1797 4523 1343 1341
4 1343 4523 1797 4921
4 5125 5471 4782 4074
4 4782 5471 5125 3924
4 4782 3680 5125 4074
4 5125 3680 4782 3924
4 5551 4985 5539 4369
4 5551 5539 4985 5397
4 4372 4789 55 4015
4 55 4789 4372 522
4 4945 1438 5439 4439
4 4945 5439 1438 1440
4 4751 5572 5112 3950
4 5112 5572 4751 4073
4 5526 1340 1731 1342
4 5526 1731 1340 5007
4 5485 2759 142 2200
4 5485 142 2759 4936
4 2760 142 2759 2200
4 2760 2759 142 4936
4 4445 1640 1831 1633
4 4445 1831 1640 5294
4 985 2012 4629 1930
4 4629 2012 985 955
4 5452 3014 4431 4927
4 5452 4431 3014 3137
4 2634 5409 2766 2201
4 2766 5409 2634 4801
4 157 4328 674 3584
4 674 4328 157 2740
4 5462 4649 4317 5067
4 5462 4317 4649 3682
4 1090 2016 4654 1037
4 4654 2016 1090 1150
4 5213 5530 4127 183
4 4127 5530 5213 4062
4 4899 2752 3889 4624
4 4899 3889 2752 2434
4 5206 1414 1324 1322
4 5206 1324 1414 4783
4 5348 5086 3978 3734
4 5348 3978 5086 4711
4 5053 132 4787 636
4 5053 4787 132 4769
4 5541 5404 5131 4056
4 5541 5131 5404 1235
4 4761 3791 5335 4424
4 4761 5335 3791 4097
4 5162 5549 4150 4122
4 5162 4150 5549 3766
4 4826 4150 5549 4122
4 4826 5549 4150 3766
4 5017 5122 5431 4179
4 5431 5122 5017 3999
4 849 4880 792 789
4 792 4880 849 4583
4 2513 5108 5591 2183
4 5591 5108 2513 4405
4 4787 132 3524 636
4 4787 3524 132 4170
4 4516 78 555 3352
4 4516 555 78 2624
4 4162 5258 5535 3737
4 5535 5258 4162 4112
4 4622 4924 587 99
4 587 4924 4622 4287
4 5444 5288 4618 3691
4 5444 4618 5288 4107
4 5317 991 987 986
4 5317 987 991 4785
4 5528 1203 4248 1205
4 5528 4248 1203 4570
4 5021 4736 3964 4238
4 5021 3964 4736 4268
4 5582 2990 3120 3116
4 146 4223 663 3568
4 663 4223 146 2179
4 5069 1217 1253 1717
4 5069 1253 1217 4663
4 573 2800 2521 2797
4 573 2521 2800 3396
4 5355 87 5602 570
4 5355 5602 87 4082
4 5341 1196 3753 1195
4 5341 3753 1196 5027
4 1197 3753 1196 1195
4 1197 1196 3753 5027
4 1007 3111 4254 3101
4 4254 3111 1007 1021
4 2012 993 4165 1157
4 2012 4165 993 955
4 5575 1535 1534 1852
4 5575 1534 1535 4548
4 4430 3549 3547 3548
4 4430 3547 3549 4385
4 4584 128 638 3511
4 4584 638 128 2633
4 534 4420 63 3306
4 63 4420 534 4355
4 4313 5061 4581 3737
4 4581 5061 4313 4002
4 4670 3297 528 4239
4 4670 528 3297 3298
4 31 4669 3215 485
4 3215 4669 31 4399
4 4483 166 687 3615
4 4483 687 166 2327
4 5129 1589 1587 1514
4 5129 1587 1589 4625
4 19 4914 3191 467
4 3191 4914 19 4218
4 94 4327 579 2281
4 579 4327 94 3403
4 5074 1379 1885 1889
4 5074 1885 1379 4940
4 106 597 4360 3439
4 106 4360 597 2401
4 5107 5008 4628 4116
4 5107 4628 5008 3912
4 4600 55 3288 4192
4 4600 3288 55 521
4 5417 617 4973 4091
4 5417 4973 617 119
4 4849 26 5522 478
4 4849 5522 26 2230
4 4864 3810 4591 4269
4 4864 4591 3810 4068
4 3503 5553 4627 4365
4 3503 4627 5553 4203
4 3745 4627 5553 4365
4 3745 5553 4627 4203
4 5361 2596 2243 2697
4 5361 2243 2596 4511
4 5411 5448 4066 4209
4 4066 5448 5411 4068
4 4377 5469 1027 969
4 4377 1027 5469 4878
4 968 1027 5469 969
4 968 5469 1027 4878
4 4895 2079 3798 2195
4 4895 3798 2079 4080
4 4914 3194 468 4466
4 4914 468 3194 3193
4 5052 2707 2812 2706
4 5052 2812 2707 4052
4 4479 22 471 3189
4 4479 471 22 2571
4 3540 2126 3541 2622
4 3541 2126 3540 3538
4 513 2284 50 2705
4 50 2284 513 3278
4 52 4681 517 3274
4 517 4681 52 4193
4 4483 162 687 2329
4 4483 687 162 3614
4 5545 2301 4501 4137
4 1870 5592 3743 1265
4 3743 5592 1870 4954
4 5198 3120 5582 2990
4 5198 5582 3120 4567
4 4935 5154 4468 4049
4 4468 5154 4935 3887
4 3432 5598 589 3434
4 589 5598 3432 4732
4 5584 1178 4185 4804
4 5584 4185 1178 1176
4 1177 4185 1178 4804
4 1177 1178 4185 1176
4 3024 1172 363 2962
4 3024 363 1172 1974
4 5026 2103 3802 2104
4 5026 3802 2103 4055
4 4718 3921 4774 3778
4 4718 4774 3921 4430
4 5278 3860 60 4550
4 5278 60 3860 4374
4 4960 4497 5282 3885
4 4960 5282 4497 3760
4 5366 1233 5404 1248
4 5366 5404 1233 5067
4 5432 2884 4311 2689
4 5432 4311 2884 5326
4 4843 5367 4014 4565
4 4014 5367 4843 4375
4 5366 5334 5371 3923
4 5366 5371 5334 4220
4 4449 3382 564 4381
4 4449 564 3382 3380
4 4568 3478 3479 3477
4 4568 3479 3478 4091
4 5123 3625 169 4434
4 5123 169 3625 692
4 4955 2759 2758 2389
4 4955 2758 2759 4388
4 4500 567 86 2119
4 4500 86 567 3379
4 2926 1007 284 942
4 284 1007 2926 3101
4 5559 3809 99 3987
4 5559 99 3809 4542
4 5303 180 4653 4701
4 5303 4653 180 3655
4 5588 5036 5357 4191
4 5588 5357 5036 3954
4 889 1033 5467 717
4 5467 1033 889 1100
4 4609 3548 647 3546
4 4609 647 3548 4430
4 5014 5278 3860 4023
4 3860 5278 5014 4550
4 5519 3297 57 524
4 5519 57 3297 4239
4 5545 2796 2301 2268
4 5545 2301 2796 4501
4 5375 1318 1631 4755
4 5375 1631 1318 1830
4 5335 620 4097 4761
4 4644 4097 620 4761
4 4868 66 543 2212
4 4868 543 66 3330
4 4530 4955 161 683
4 161 4955 4530 3853
4 5356 2561 2861 5016
4 5356 2861 2561 2562
4 578 5443 3395 93
4 3395 5443 578 4501
4 4794 5461 665 4729
4 665 5461 4794 151
4 5506 2179 3983 4223
4 5506 3983 2179 2711
4 4747 2714 3800 4647
4 4747 3800 2714 2289
4 2223 3800 2714 4647
4 2223 2714 3800 2289
4 4896 126 627 3498
4 4896 627 126 2500
4 4969 4535 68 547
4 4969 68 4535 3859
4 82 2617 2153 2117
4 2153 2617 82 561
4 4747 15 5343 3166
4 4747 5343 15 4283
4 4907 930 4854 835
4 4907 4854 930 4072
4 3982 164 4650 4555
4 4650 164 3982 5390
4 5465 5166 4958 4139
4 5465 4958 5166 3941
4 2332 4955 2330 2389
4 2330 4955 2332 4384
4 4864 3335 545 3333
4 4864 545 3335 4269
4 5265 4545 12 463
4 5265 12 4545 3866
4 880 5494 786 785
4 786 5494 880 4947
4 5454 15 3170 463
4 5454 3170 15 4240
4 1074 1971 333 1040
4 1074 333 1971 2008
4 705 178 4838 2728
4 4838 178 705 3652
4 5589 2501 4006 2404
4 5589 4006 2501 5157
4 4847 3557 5060 4827
4 4847 5060 3557 3554
4 5599 3620 691 4577
4 5599 691 3620 3618
4 4722 3643 696 3642
4 4722 696 3643 4573
4 4859 3170 461 3167
4 4859 461 3170 4240
4 5451 3238 499 4490
4 5451 499 3238 3239
4 5333 1568 1963 5062
4 5333 1963 1568 1960
4 5461 3570 667 3571
4 5461 667 3570 4456
4 4820 67 538 3316
4 4820 538 67 4255
4 122 4896 627 3497
4 627 4896 122 2826
4 5583 43 3262 509
4 5583 3262 43 4638
4 4794 3566 3569 4223
4 4794 3569 3566 3567
4 4243 465 16 3177
4 4243 16 465 2440
4 4924 3415 5504 4871
4 4924 5504 3415 3412
4 4895 3798 4450 4589
4 4895 4450 3798 4080
4 4577 3617 689 4224
4 4577 689 3617 3620
4 4489 5071 4738 9
4 4738 5071 4489 3880
4 5367 3267 505 4565
4 5367 505 3267 3265
4 4761 5555 2081 120
4 2081 5555 4761 4644
4 5209 3167 455 3168
4 5209 455 3167 4859
4 5158 4456 148 667
4 5158 148 4456 4013
4 4273 566 85 3371
4 4273 85 566 2619
4 5207 357 2827 2916
4 5207 2827 357 1042
4 4773 2638 4637 2637
4 4773 4637 2638 4048
4 3380 5475 563 3381
4 563 5475 3380 4449
4 1046 2908 4151 2871
4 4151 2908 1046 1062
4 2042 5426 61 2848
4 61 5426 2042 4282
4 61 2485 2042 2848
4 2042 2485 61 4282
4 5470 641 4879 5065
4 5470 4879 641 135
4 5335 4365 4942 121
4 5335 4942 4365 4032
4 2231 24 2293 2592
4 2231 2293 24 3209
4 5224 3648 697 5076
4 5224 697 3648 3645
4 5417 3477 116 619
4 5417 116 3477 4568
4 4542 2098 2173 2610
4 4542 2173 2098 102
4 5343 15 4400 462
4 5343 4400 15 4283
4 5285 2492 2494 2082
4 5285 2494 2492 110
4 4158 612 116 4568
4 116 612 4158 4741
4 116 4957 4158 4568
4 4158 4957 116 4741
4 2417 628 2499 2418
4 2417 2499 628 125
4 2350 640 3517 2349
4 3517 640 2350 3516
4 2072 3045 408 2963
4 408 3045 2072 2874
4 5252 4313 25 480
4 5252 25 4313 4697
4 5106 3250 5378 4336
4 5106 5378 3250 504
4 5222 415 2069 3056
4 5222 2069 415 2860
4 5496 107 4360 3437
4 5496 4360 107 4798
4 4721 5321 4901 47
4 4901 5321 4721 4100
4 4879 639 134 2675
4 4879 134 639 3521
4 2261 3349 2262 554
4 2261 2262 3349 2260
4 5052 5316 4710 49
4 4710 5316 5052 4052
4 5416 5303 3997 177
4 5416 3997 5303 5141
4 5406 2293 4402 482
4 5406 4402 2293 2593
4 4754 2218 2197 4330
4 4754 2197 2218 2186
4 5499 3430 595 3429
4 5499 595 3430 4147
4 5553 3500 623 4365
4 5553 623 3500 3501
4 645 2126 3540 2174
4 3540 2126 645 3538
4 5238 55 4789 4699
4 5238 4789 55 3289
4 74 555 4516 2623
4 4516 555 74 3355
4 645 2124 2126 2174
4 2126 2124 645 136
4 4929 5596 4722 4120
4 4722 5596 4929 4029
4 4722 3756 4929 4120
4 4929 3756 4722 4029
4 3535 5139 3536 3537
4 3536 5139 3535 4432
4 5335 4644 620 121
4 5335 620 4644 4097
4 5599 5259 5390 4075
4 5599 5390 5259 164
4 3028 5498 3115 3027
4 3115 5498 3028 5427
4 5026 3802 4741 4603
4 5026 4741 3802 4055
4 2328 3610 2713 3609
4 2328 2713 3610 2388
4 154 675 5290 2210
4 154 5290 675 3591
4 5522 3199 479 478
4 479 3199 5522 4214
4 479 27 5522 478
4 5522 27 479 4214
4 4818 3440 5153 5034
4 3441 3440 5153 3443
4 3441 5153 3440 5034
4 4717 2698 3827 4555
4 4717 3827 2698 2175
4 4666 5034 601 108
4 601 5034 4666 4186
4 5476 3361 558 3363
4 5476 558 3361 4822
4 5265 2067 2856 13
4 5265 2856 2067 2854
4 4681 2694 2695 4193
4 4681 2695 2694 2605
4 5265 2554 3173 2856
4 5265 3173 2554 4400
4 5529 3388 3389 3390
4 3389 3388 5529 4371
4 3389 3391 5529 3390
4 5529 3391 3389 4371
4 5153 3442 3440 4818
4 5153 3440 3442 3443
4 5289 3526 3528 4510
4 5289 3528 3526 3527
4 4961 3371 3368 4273
4 4961 3368 3371 3369
4 5154 3455 599 4468
4 5154 599 3455 3453
4 2262 78 2623 2278
4 2262 2623 78 3348
4 5172 3592 678 5140
4 5172 678 3592 3590
4 5049 3402 3403 4327
4 5049 3403 3402 3401
4 5583 3263 511 3264
4 5583 511 3263 4131
4 566 2153 80 2619
4 566 80 2153 3372
4 2153 3375 3373 3374
4 3373 3375 2153 2684
4 2774 3468 609 2770
4 2774 609 3468 112
4 5477 3639 3640 741
4 5477 3640 3639 3638
4 4864 5415 65 539
4 65 5415 4864 4433
4 3468 2165 3469 2770
4 3469 2165 3468 614
4 4582 4794 151 666
4 151 4794 4582 4156
4 4582 5158 151 4156
4 4732 592 101 2099
4 4732 101 592 3432
4 90 2521 579 2566
4 579 2521 90 3398
4 5454 4859 3765 5209
4 5454 3765 4859 4240
4 3324 2273 537 64
4 3324 537 2273 2216
4 2217 537 2273 64
4 2217 2273 537 2216
4 566 2684 2153 2619
4 566 2153 2684 3373
4 5095 2436 2540 21
4 5095 2540 2436 2533
4 2652 4732 2099 2203
4 2099 4732 2652 101
4 2284 3277 513 3278
4 2284 513 3277 2603
4 465 2437 2570 2440
4 2570 2437 465 3184
4 5080 456 3155 3158
4 5080 3155 456 4863
4 2568 698 173 2567
4 2568 173 698 3634
4 5547 2165 2773 117
4 5547 2773 2165 2106
4 4630 128 633 2352
4 4630 633 128 3508
4 118 616 4731 2775
4 4731 616 118 3483
4 2857 3160 2859 2739
4 2859 3160 2857 8
4 3325 2212 537 2216
4 3325 537 2212 66
4 578 88 4501 2800
4 578 4501 88 3392
4 570 5602 3387 3385
4 3387 5602 570 5355
4 2493 110 603 2492
4 2493 603 110 3446
4 658 5060 3554 3556
4 3554 5060 658 4847
4 5161 5401 59 4281
4 59 5401 5161 527
4 5219 488 3221 3223
4 5219 3221 488 4784
4 2570 22 471 2571
4 2570 471 22 3183
4 5219 490 3222 4949
4 5219 3222 490 3224
4 5187 54 520 2601
4 5187 520 54 3292
4 5379 4230 127 4459
4 5379 127 4230 4896
4 3660 2895 712 182
4 3660 712 2895 2450
4 5181 2286 2545 2535
4 5181 2545 2286 158
4 5093 3144 5146 4144
4 5093 5146 3144 2941
4 4747 11 454 4647
4 4747 454 11 3163
4 1138 5493 5093 4144
4 1138 5093 5493 1579
4 4447 5093 5493 4144
4 4447 5493 5093 1579
4 151 4582 3574 5158
4 3574 4582 151 666

CELL_TYPES 31740
1
1
1
1
1
1
1
1
1
1
1
1
1
1
1
1
1
1
1
1
1
1
1
1
1
1
1
1
1
1
1
1
1
1
1
1
1
1
1
1
1
1
1
1
1
1
1
1
1
1
1
1
1
1
1
1
1
1
1
1
1
1
1
1
1
1
1
1
1
1
1
1
1
1
1
1
1
1
1
1
1
1
1
1
1
1
1
1
1
1
1
1
1
1
1
1
1
1
1
1
1
1
1
1
1
1
1
1
1
1
1
1
1
1
1
1
1
1
1
1
1
1
1
1
1
1
1
1
1
1
1
1
1
1
1
1
1
1
1
1
1
1
1
1
1
1
1
1
1
1
1
1
1
1
1
1
1
1
1
1
1
1
1
1
1
1
1
1
1
1
1
1
1
1
1
1
1
1
1
1
1
1
1
1
3
3
3
3
3
3
3
3
3
3
3
3
3
3
3
3
3
3
3
3
3
3
3
3
3
3
3
3
3
3
3
3
3
3
3
3
3
3
3
3
3
3
3
3
3
3
3
3
3
3
3
3
3
3
3
3
3
3
3
3
3
3
3
3
3
3
3
3
3
3
3
3
3
3
3
3
3
3
3
3
3
3
3
3
3
3
3
3
3
3
3
3
3
3
3
3
3
3
3
3
3
3
3
3
3
3
3
3
3
3
3
3
3
3
3
3
3
3
3
3
3
3
3
3
3
3
3
3
3
3
3
3
3
3
3
3
3
3
3
3
3
3
3
3
3
3
3
3
3
3
3
3
3
3
3
3
3
3
3
3
3
3
3
3
3
3
3
3
3
3
3
3
3
3
3
3
3
3
3
3
3
3
3
3
3
3
3
3
3
3
3
3
3
3
3
3
3
3
3
3
3
3
3
3
3
3
3
3
3
3
3
3
3
3
3
3
3
3
3
3
3
3
3
3
3
3
3
3
3
3
3
3
3
3
3
3
3
3
3
3
3
3
3
3
3
3
3
3
3
3
3
3
3
3
3
3
3
3
3
3
3
3
3
3
3
3
3
3
3
3
3
3
3
3
3
3
3
3
3
3
3
3
3
3
3
3
3
3
3
3
3
3
3
3
3
3
3
3
3
3
3
3
3
3
3
3
3
3
3
3
3
3
3
3
3
3
3
3
3
3
3
3
3
3
3
3
3
3
3
3
3
3
3
3
3
3
3
3
3
3
3
3
3
3
3
3
3
3
3
3
3
3
3
3
3
3
3
3
3
3
3
3
3
3
3
3
3
3
3
3
3
3
3
3
3
3
3
3
3
3
3
3
3
3
3
3
3
3
3
3
3
3
3
3
3
3
3
3
3
3
3
3
3
3
3
3
3
3
3
3
3
3
3
3
3
3
3
3
3
3
3
3
3
3
3
3
3
3
3
3
3
3
3
3
3
3
3
3
3
3
3
3
3
3
3
3
3
3
3
3
3
3
3
3
3
3
3
3
3
3
3
3
3
3
3
3
3
3
3
3
3
3
3
3
3
3
3
3
3
3
3
3
3
3
3
3
3
3
3
3
3
3
3
3
3
3
3
3
3
3
3
3
3
3
3
3
3
3
3
3
3
3
3
3
3
3
3
3
3
3
3
3
3
3
3
3
3
3
3
3
3
3
3
3
3
3
3
3
3
3
3
3
3
3
3
3
3
3
3
3
3
3
3
3
3
3
3
3
3
3
3
3
3
3
3
3
3
3
3
3
3
3
3
3
3
3
3
3
3
3
3
3
3
3
3
3
3
3
3
3
3
3
3
3
3
3
3
3
3
3
3
3
3
3
3
3
3
3
3
3
3
3
3
3
3
3
3
3
3
3
3
3
3
3
3
3
3
3
3
3
3
3
3
3
3
3
3
3
3
3
3
3
3
3
3
3
3
3
3
3
3
3
3
3
3
3
3
3
3
3
3
3
3
3
3
3
3
3
3
3
3
3
3
3
3
3
3
3
3
3
3
3
3
3
3
3
3
3
3
3
3
3
3
3
3
3
3
3
3
3
3
3
3
3
3
3
3
3
3
3
3
3
3
3
3
3
3
3
3
3
3
3
3
3
3
3
3
3
3
3
3
3
3
3
3
3
3
3
3
3
3
3
3
3
3
3
3
3
3
3
3
3
3
3
3
3
3
3
3
3
3
3
3
3
3
3
3
3
3
3
3
3
3
3
3
3
3
3
3
3
3
3
3
3
3
3
3
3
3
3
3
3
3
3
3
3
3
3
3
3
3
3
3
3
3
3
3
3
5
5
5
5
5
5
5
5
5
5
5
5
5
5
5
5
5
5
5
5
5
5
5
5
5
5
5
5
5
5
5
5
5
5
5
5
5
5
5
5
5
5
5
5
5
5
5
5
5
5
5
5
5
5
5
5
5
5
5
5
5
5
5
5
5
5
5
5
5
5
5
5
5
5
5
5
5
5
5
5
5
5
5
5
5
5
5
5
5
5
5
5
5
5
5
5
5
5
5
5
5
5
5
5
5
5
5
5
5
5
5
5
5
5
5
5
5
5
5
5
5
5
5
5
5
5
5
5
5
5
5
5
5
5
5
5
5
5
5
5
5
5
5
5
5
5
5
5
5
5
5
5
5
5
5
5
5
5
5
5
5
5
5
5
5
5
5
5
5
5
5
5
5
5
5
5
5
5
5
5
5
5
5
5
5
5
5
5
5
5
5
5
5
5
5
5
5
5
5
5
5
5
5
5
5
5
5
5
5
5
5
5
5
5
5
5
5
5
5
5
5
5
5
5
5
5
5
5
5
5
5
5
5
5
5
5
5
5
5
5
5
5
5
5
5
5
5
5
5
5
5
5
5
5
5
5
5
5
5
5
5
5
5
5
5
5
5
5
5
5
5
5
5
5
5
5
5
5
5
5
5
5
5
5
5
5
5
5
5
5
5
5
5
5
5
5
5
5
5
5
5
5
5
5
5
5
5
5
5
5
5
5
5
5
5
5
5
5
5
5
5
5
5
5
5
5
5
5
5
5
5
5
5
5
5
5
5
5
5
5
5
5
5
5
5
5
5
5
5
5
5
5
5
5
5
5
5
5
5
5
5
5
5
5
5
5
5
5
5
5
5
5
5
5
5
5
5
5
5
5
5
5
5
5
5
5
5
5
5
5
5
5
5
5
5
5
5
5
5
5
5
5
5
5
5
5
5
5
5
5
5
5
5
5
5
5
5
5
5
5
5
5
5
5
5
5
5
5
5
5
5
5
5
5
5
5
5
5
5
5
5
5
5
5
5
5
5
5
5
5
5
5
5
5
5
5
5
5
5
5
5
5
5
5
5
5
5
5
5
5
5
5
5
5
5
5
5
5
5
5
5
5
5
5
5
5
5
5
5
5
5
5
5
5
5
5
5
5
5
5
5
5
5
5
5
5
5
5
5
5
5
5
5
5
5
5
5
5
5
5
5
5
5
5
5
5
5
5
5
5
5
5
5
5
5
5
5
5
5
5
5
5
5
5
5
5
5
5
5
5
5
5
5
5
5
5
5
5
5
5
5
5
5
5
5
5
5
5
5
5
5
5
5
5
5
5
5
5
5
5
5
5
5
5
5
5
5
5
5
5
5
5
5
5
5
5
5
5
5
5
5
5
5
5
5
5
5
5
5
5
5
5
5
5
5
5
5
5
5
5
5
5
5
5
5
5
5
5
5
5
5
5
5
5
5
5
5
5
5
5
5
5
5
5
5
5
5
5
5
5
5
5
5
5
5
5
5
5
5
5
5
5
5
5
5
5
5
5
5
5
5
5
5
5
5
5
5
5
5
5
5
5
5
5
5
5
5
5
5
5
5
5
5
5
5
5
5
5
5
5
5
5
5
5
5
5
5
5
5
5
5
5
5
5
5
5
5
5
5
5
5
5
5
5
5
5
5
5
5
5
5
5
5
5
5
5
5
5
5
5
5
5
5
5
5
5
5
5
5
5
5
5
5
5
5
5
5
5
5
5
5
5
5
5
5
5
5
5
5
5
5
5
5
5
5
5
5
5
5
5
5
5
5
5
5
5
5
5
5
5
5
5
5
5
5
5
5
5
5
5
5
5
5
5
5
5
5
5
5
5
5
5
5
5
5
5
5
5
5
5
5
5
5
5
5
5
5
5
5
5
5
5
5
5
5
5
5
5
5
5
5
5
5
5
5
5
5
5
5
5
5
5
5
5
5
5
5
5
5
5
5
5
5
5
5
5
5
5
5
5
5
5
5
5
5
5
5
5
5
5
5
5
5
5
5
5
5
5
5
5
5
5
5
5
5
5
5
5
5
5
5
5
5
5
5
5
5
5
5
5
5
5
5
5
5
5
5
5
5
5
5
5
5
5
5
5
5
5
5
5
5
5
5
5
5
5
5
5
5
5
5
5
5
5
5
5
5
5
5
5
5
5
5
5
5
5
5
5
5
5
5
5
5
5
5
5
5
5
5
5
5
5
5
5
5
5
5
5
5
5
5
5
5
5
5
5
5
5
5
5
5
5
5
5
5
5
5
5
5
5
5
5
5
5
5
5
5
5
5
5
5
5
5
5
5
5
5
5
5
5
5
5
5
5
5
5
5
5
5
5
5
5
5
5
5
5
5
5
5
5
5
5
5
5
5
5
5
5
5
5
5
5
5
5
5
5
5
5
5
5
5
5
5
5
5
5
5
5
5
5
5
5
5
5
5
5
5
5
5
5
5
5
5
5
5
5
5
5
5
5
5
5
5
5
5
5
5
5
5
5
5
5
5
5
5
5
5
5
5
5
5
5
5
5
5
5
5
5
5
5
5
5
5
5
5
5
5
5
5
5
5
5
5
5
5
5
5
5
5
5
5
5
5
5
5
5
5
5
5
5
5
5
5
5
5
5
5
5
5
5
5
5
5
5
5
5
5
5
5
5
5
5
5
5
5
5
5
5
5
5
5
5
5
5
5
5
5
5
5
5
5
5
5
5
5
5
5
5
5
5
5
5
5
5
5
5
5
5
5
5
5
5
5
5
5
5
5
5
5
5
5
5
5
5
5
5
5
5
5
5
5
5
5
5
5
5
5
5
5
5
5
5
5
5
5
5
5
5
5
5
5
5
5
5
5
5
5
5
5
5
5
5
5
5
5
5
5
5
5
5
5
5
5
5
5
5
5
5
5
5
5
5
5
5
5
5
5
5
5
5
5
5
5
5
5
5
5
5
5
5
5
5
5
5
5
5
5
5
5
5
5
5
5
5
5
5
5
5
5
5
5
5
5
5
5
5
5
5
5
5
5
5
5
5
5
5
5
5
5
5
5
5
5
5
5
5
5
5
5
5
5
5
5
5
5
5
5
5
5
5
5
5
5
5
5
5
5
5
5
5
5
5
5
5
5
5
5
5
5
5
5
5
5
5
5
5
5
5
5
5
5
5
5
5
5
5
5
5
5
5
5
5
5
5
5
5
5
5
5
5
5
5
5
5
5
5
5
5
5
5
5
5
5
5
5
5
5
5
5
5
5
5
5
5
5
5
5
5
5
5
5
5
5
5
5
5
5
5
5
5
5
5
5
5
5
5
5
5
5
5
5
5
5
5
5
5
5
5
5
5
5
5
5
5
5
5
5
5
5
5
5
5
5
5
5
5
5
5
5
5
5
5
5
5
5
5
5
5
5
5
5
5
5
5
5
5
5
5
5
5
5
5
5
5
5
5
5
5
5
5
5
5
5
5
5
5
5
5
5
5
5
5
5
5
5
5
5
5
5
5
5
5
5
5
5
5
5
5
5
5
5
5
5
5
5
5
5
5
5
5
5
5
5
5
5
5
5
5
5
5
5
5
5
5
5
5
5
5
5
5
5
5
5
5
5
5
5
5
5
5
5
5
5
5
5
5
5
5
5
5
5
5
5
5
5
5
5
5
5
5
5
5
5
5
5
5
5
5
5
5
5
5
5
5
5
5
5
5
5
5
5
5
5
5
5
5
5
5
5
5
5
5
5
5
5
5
5
5
5
5
5
5
5
5
5
5
5
5
5
5
5
5
5
5
5
5
5
5
5
5
5
5
5
5
5
5
5
5
5
5
5
5
5
5
5
5
5
5
5
5
5
5
5
5
5
5
5
5
5
5
5
5
5
5
5
5
5
5
5
5
5
5
5
5
5
5
5
5
5
5
5
5
5
5
5
5
5
5
5
5
5
5
5
5
5
5
5
5
5
5
5
5
5
5
5
5
5
5
5
5
5
5
5
5
5
5
5
5
5
5
5
5
5
5
5
5
5
5
5
5
5
5
5
5
5
5
5
5
5
5
5
5
5
5
5
5
5
5
5
5
5
5
5
5
5
5
5
5
5
5
5
5
5
5
5
5
5
5
5
5
5
5
5
5
5
5
5
5
5
5
5
5
5
5
5
5
5
5
5
5
5
5
5
5
5
5
5
5
5
5
5
5
5
5
5
5
5
5
5
5
5
5
5
5
5
5
5
5
5
5
5
5
5
5
5
5
5
5
5
5
5
5
5
5
5
5
5
5
5
5
5
5
5
5
5
5
5
5
5
5
5
5
5
5
5
5
5
5
5
5
5
5
5
5
5
5
5
5
5
5
5
5
5
5
5
5
5
5
5
5
5
5
5
5
5
5
5
5
5
5
5
5
5
5
5
5
5
5
5
5
5
5
5
5
5
5
5
5
5
5
5
5
5
5
5
5
5
5
5
5
5
5
5
5
5
5
5
5
5
5
5
5
5
5
5
5
5
5
5
5
5
5
5
5
5
5
5
5
5
5
5
5
5
5
5
5
5
5
5
5
5
5
5
5
5
5
5
5
5
5
5
5
5
5
5
5
5
5
5
5
5
5
5
5
5
5
5
5
5
5
5
5
5
5
5
5
5
5
5
5
5
5
5
5
5
5
5
5
5
5
5
5
5
5
5
5
5
5
5
5
5
5
5
5
5
5
5
5
5
5
5
5
5
5
5
5
5
5
5
5
5
5
5
5
5
5
5
5
5
5
5
5
5
5
5
5
5
5
5
5
5
5
5
5
5
5
5
5
5
5
5
5
5
5
5
5
5
5
5
5
5
5
5
5
5
5
5
5
5
5
5
5
5
5
5
5
5
5
5
5
5
5
5
5
5
5
5
5
5
5
5
5
5
5
5
5
5
5
5
5
5
5
5
5
5
5
5
5
5
5
5
5
5
5
5
5
5
5
5
5
5
5
5
5
5
5
5
5
5
5
5
5
5
5
5
5
5
5
5
5
5
5
5
5
5
5
5
5
5
5
5
5
5
5
5
5
5
5
5
5
5
5
5
5
5
5
5
5
5
5
5
5
5
5
5
5
5
5
5
5
5
5
5
5
5
5
5
5
5
5
5
5
5
5
5
5
5
5
5
5
5
5
5
5
5
5
5
5
5
5
5
5
5
5
5
5
5
5
5
5
5
5
5
5
5
5
5
5
5
5
5
5
5
5
5
5
5
5
5
5
5
5
5
5
5
5
5
5
5
5
5
5
5
5
5
5
5
5
5
5
5
5
5
5
5
5
5
5
5
5
5
5
5
5
5
5
5
5
5
5
5
5
5
5
5
5
5
5
5
5
5
5
5
5
5
5
5
5
5
5
5
5
5
5
5
5
5
5
5
5
5
5
5
5
5
5
5
5
5
5
5
5
5
5
5
5
5
5
5
5
5
5
5
5
5
5
5
5
5
5
5
5
5
5
5
5
5
5
5
5
5
5
5
5
5
5
5
5
5
5
5
5
5
5
5
5
5
5
5
5
5
5
5
5
5
5
5
5
5
5
5
5
5
5
5
5
5
5
5
5
5
5
5
5
5
5
5
5
5
5
5
5
5
5
5
5
5
5
5
5
5
5
5
5
5
5
5
5
5
5
5
5
5
5
5
5
5
5
5
5
5
5
5
5
5
5
5
5
5
5
5
5
5
5
5
5
5
5
5
5
5
5
5
5
5
5
5
5
5
5
5
5
5
5
5
5
5
5
5
5
5
5
5
5
5
5
5
5
5
5
5
5
5
5
5
5
5
5
5
5
5
5
5
5
5
5
5
5
5
5
5
5
5
5
5
5
5
5
5
5
5
5
5
5
5
5
5
5
5
5
5
5
5
5
5
5
5
5
5
5
5
5
5
5
5
5
5
5
5
5
5
5
5
5
5
5
5
5
5
5
5
5
5
5
5
5
5
5
5
5
5
5
5
5
5
5
5
5
5
5
5
5
5
5
5
5
5
5
5
5
5
5
5
5
5
5
5
5
5
5
5
5
5
5
5
5
5
5
5
5
5
5
5
5
5
5
5
5
5
5
5
5
5
5
5
5
5
5
5
5
5
5
5
5
5
5
5
5
5
5
5
5
5
5
5
5
5
5
5
5
5
5
5
5
5
5
5
5
5
5
5
5
5
5
5
5
5
5
5
5
5
5
5
5
5
5
5
5
5
5
5
5
5
5
5
5
5
5
5
5
5
5
5
5
5
5
5
5
5
5
5
5
5
5
5
5
5
5
5
5
5
5
5
5
5
5
5
5
5
5
5
5
5
5
5
5
5
5
5
5
5
5
5
5
5
5
5
5
5
5
5
5
5
5
5
5
5
5
5
5
5
5
5
5
5
5
5
5
5
5
5
5
5
5
5
5
5
5
5
5
5
5
5
5
5
5
5
5
5
5
5
5
5
5
5
5
5
5
5
5
5
5
5
5
5
5
5
5
5
5
5
5
5
5
5
5
5
5
5
5
5
5
5
5
5
5
5
5
5
5
5
5
5
5
5
5
5
5
5
5
5
5
5
5
5
5
5
5
5
5
5
5
5
5
5
5
5
5
5
5
5
5
5
5
5
5
5
5
5
5
5
5
5
5
5
5
5
5
5
5
5
5
5
5
5
5
5
5
5
5
5
5
5
5
5
5
5
5
5
5
5
5
5
5
5
5
5
5
5
5
5
5
5
5
5
5
5
5
5
5
5
5
5
5
5
5
5
5
5
5
5
5
5
5
5
5
5
5
5
5
5
5
5
5
5
5
5
5
5
5
5
5
5
5
5
5
5
5
5
5
5
5
5
5
5
5
5
5
5
5
5
5
5
5
5
5
5
5
5
5
5
5
5
5
5
5
5
5
5
5
5
5
5
5
5
5
5
5
5
5
5
5
5
5
5
5
5
5
5
5
5
5
5
5
5
5
5
5
5
5
5
5
5
5
5
5
5
5
5
5
5
5
5
5
5
5
5
5
5
5
5
5
5
5
5
5
5
5
5
5
5
5
5
5
5
5
5
5
5
5
5
5
5
5
5
5
5
5
5
5
5
5
5
5
5
5
5
5
5
5
5
5
5
5
5
5
5
5
5
5
5
5
5
5
5
5
5
5
5
5
5
5
5
5
5
5
5
5
5
5
5
5
5
5
5
5
5
5
5
5
5
5
5
5
5
5
5
5
5
5
5
5
5
5
5
5
5
5
5
5
5
5
5
5
5
5
5
5
5
5
5
5
5
5
5
5
5
5
5
5
5
5
5
5
5
5
5
5
5
5
5
5
5
5
5
5
5
5
5
5
5
5
5
5
5
5
5
5
5
5
5
5
5
5
5
5
5
5
5
5
5
5
5
5
5
5
5
5
5
5
5
5
5
5
5
5
5
5
5
5
5
5
5
5
5
5
5
5
5
5
5
5
5
5
5
5
5
5
5
5
5
5
5
5
5
5
5
5
5
5
5
5
5
5
5
5
5
5
5
5
5
5
5
5
5
5
5
5
5
5
5
5
5
5
5
5
5
5
5
5
5
5
5
5
5
5
5
5
5
5
5
5
5
5
5
5
5
5
5
5
5
5
5
5
5
5
5
5
5
5
5
5
5
5
5
5
5
5
5
5
5
5
5
5
5
5
5
5
5
5
5
5
5
5
5
5
5
5
5
5
5
5
5
5
5
5
5
5
5
5
5
5
5
5
5
5
5
5
5
5
5
5
5
5
5
5
5
5
5
5
5
5
5
5
5
5
5
5
5
5
5
5
5
5
5
5
5
5
5
5
5
5
5
5
5
5
5
5
5
5
5
5
5
5
5
5
5
5
5
5
5
5
5
5
5
5
5
5
5
5
5
5
5
5
5
5
5
5
5
5
5
5
5
5
5
5
5
5
5
5
5
5
5
5
5
5
5
5
5
5
5
5
5
5
5
5
5
5
5
5
5
5
5
5
5
5
5
5
5
5
5
5
5
5
5
5
5
5
5
5
5
5
5
5
5
5
5
5
5
5
5
5
5
5
5
5
5
5
5
5
5
5
5
5
5
5
5
5
5
5
5
5
5
5
5
5
5
5
5
5
5
5
5
5
5
5
5
5
5
5
5
5
5
5
5
5
5
5
5
5
5
5
5
5
5
5
5
5
5
5
5
5
5
5
5
5
5
5
5
5
5
5
5
5
5
5
5
5
5
5
5
5
5
5
5
5
5
5
5
5
5
5
5
5
5
5
5
5
5
5
5
5
5
5
5
5
5
5
5
5
5
5
5
5
5
5
5
5
5
5
5
5
5
5
5
5
5
5
5
5
5
5
5
5
5
5
5
5
5
5
5
5
5
5
5
5
5
5
5
5
5
5
5
5
5
5
5
5
5
5
5
5
5
5
5
5
5
5
5
5
5
5
5
5
5
5
5
5
5
5
5
5
5
5
5
5
5
5
5
5
5
5
5
5
5
5
5
5
5
5
5
5
5
5
5
5
5
5
5
5
5
5
5
5
5
5
5
5
5
5
5
5
5
5
5
5
5
5
5
5
5
5
5
5
5
5
5
5
5
5
5
5
5
5
5
5
5
5
5
5
5
5
5
5
5
5
5
5
5
5
5
5
5
5
5
5
5
5
5
5
5
5
5
5
5
5
5
5
5
5
5
5
5
5
5
5
5
5
5
5
5
5
5
5
5
5
5
5
5
5
5
5
5
5
5
5
5
5
5
5
5
5
5
5
5
5
5
5
5
5
5
5
5
5
5
5
5
5
5
5
5
5
5
5
5
5
5
5
5
5
5
5
5
5
5
5
5
5
5
5
5
5
5
5
5
5
5
5
5
5
5
5
5
5
5
5
5
5
5
5
5
5
5
5
5
5
5
5
5
5
5
5
5
5
5
5
5
5
5
5
5
5
5
5
5
5
5
5
5
5
5
5
5
5
5
5
5
5
5
5
5
5
5
5
5
5
5
5
5
5
5
5
5
5
5
5
5
5
5
5
5
5
5
5
5
5
5
5
5
5
5
5
5
5
5
5
5
5
5
5
5
5
5
5
5
5
5
5
5
5
5
5
5
5
5
5
5
5
5
5
5
5
5
5
5
5
5
5
5
5
5
5
5
5
5
5
5
5
5
5
5
5
5
5
5
5
5
5
5
5
5
5
5
5
5
5
5
5
5
5
5
5
5
5
5
5
5
5
5
5
5
5
5
5
5
5
5
5
5
5
5
5
5
5
5
5
5
5
5
5
5
5
5
5
5
5
5
5
5
5
5
5
5
5
5
5
5
5
5
5
5
5
5
5
5
5
5
5
5
5
5
5
5
5
5
5
5
5
5
5
5
5
5
5
5
5
5
5
5
5
5
5
5
5
5
5
5
5
5
5
5
5
5
5
5
5
5
5
5
5
5
5
5
5
5
5
5
5
5
5
5
5
5
5
5
5
5
5
5
5
5
5
5
5
5
5
5
5
5
5
5
5
5
5
5
5
5
5
5
5
5
5
5
5
5
5
5
5
5
5
5
5
5
5
5
5
5
5
5
5
5
5
5
5
5
5
5
5
5
5
5
5
5
5
5
5
5
5
5
5
5
5
5
5
5
5
5
5
5
5
5
5
5
5
5
5
5
5
5
5
5
5
5
5
5
5
5
5
5
5
5
5
5
5
5
5
5
5
5
5
5
5
5
5
5
5
5
5
5
5
5
5
5
5
5
5
5
5
5
5
5
5
5
5
5
5
5
5
5
5
5
5
5
5
5
5
5
5
5
5
5
5
5
5
5
5
5
5
5
5
5
5
5
5
5
5
5
5
5
5
5
5
5
5
5
5
5
5
5
5
5
5
5
5
5
5
5
5
5
5
5
5
5
5
5
5
5
5
5
5
5
5
5
5
5
5
5
5
5
5
5
5
5
5
5
5
5
5
5
5
5
5
5
5
5
5
5
5
5
5
5
5
5
5
5
5
5
5
5
5
5
5
5
5
5
5
5
5
5
5
5
5
5
5
5
5
5
5
5
5
5
5
5
5
5
5
5
5
5
5
5
5
5
5
5
5
5
5
5
5
5
5
5
5
5
5
5
5
5
5
5
5
5
5
5
5
5
5
5
5
5
5
5
5
5
5
5
5
5
5
5
5
5
5
5
5
5
5
5
5
5
5
5
5
5
5
5
5
5
5
5
5
5
5
5
5
5
5
5
5
5
5
5
5
5
5
5
5
5
5
5
5
5
5
5
5
5
5
5
5
5
5
5
5
5
5
5
5
5
5
5
5
5
5
5
5
5
5
5
5
5
5
5
5
5
5
5
5
5
5
5
5
5
5
5
5
5
5
5
5
5
5
5
5
5
5
5
5
5
5
5
5
5
5
5
5
5
5
5
5
5
5
5
5
5
5
5
5
5
5
5
5
5
5
5
5
5
5
5
5
5
5
5
5
5
5
5
5
5
5
5
5
5
5
5
5
5
5
5
5
5
5
5
5
5
5
5
5
5
5
5
5
5
5
5
5
5
5
5
5
5
5
5
5
5
5
5
5
5
5
5
5
5
5
5
5
5
5
5
5
5
5
5
5
5
5
5
5
5
5
5
5
5
5
5
5
5
5
5
5
5
5
5
5
5
5
5
5
5
5
5
5
5
5
5
5
5
5
5
5
5
5
5
5
5
5
5
5
5
5
5
5
5
5
5
5
5
5
5
5
5
5
5
5
5
5
5
5
5
5
5
5
5
5
5
5
5
5
5
5
5
5
5
5
5
5
5
5
5
5
5
5
5
5
5
5
5
5
5
5
5
5
5
5
5
5
5
5
5
5
5
5
5
5
5
5
5
5
5
5
5
5
5
5
5
5
5
5
5
5
5
5
5
5
5
5
5
5
5
5
5
5
5
5
5
5
5
5
5
5
5
5
5
5
5
5
5
5
5
5
5
5
5
5
5
5
5
5
5
5
5
5
5
5
5
5
5
5
5
5
5
5
5
5
5
5
5
5
5
5
5
5
5
5
5
5
5
5
5
5
5
5
5
5
5
5
5
5
5
5
5
5
5
5
5
5
5
5
5
5
5
5
5
5
5
5
5
5
5
5
5
5
5
5
5
5
5
5
5
5
5
5
5
5
5
5
5
5
5
5
5
5
5
5
5
5
5
5
5
5
5
5
5
5
5
5
5
5
5
5
5
5
5
5
5
5
5
5
5
5
5
5
5
5
5
5
5
5
5
5
5
5
5
5
5
5
5
5
5
5
5
5
5
5
5
5
5
5
5
5
5
5
5
5
5
5
5
5
5
5
5
5
5
5
5
5
5
5
5
5
5
5
5
5
5
5
5
5
5
5
5
5
5
5
5
5
5
5
5
5
5
5
5
5
5
5
5
5
5
5
5
5
5
5
5
5
5
5
5
5
5
5
5
5
5
5
5
5
5
5
5
5
5
5
5
5
5
5
5
5
5
5
5
5
5
5
5
5
5
5
5
5
5
5
5
5
5
5
5
5
5
5
5
5
5
5
5
5
5
5
5
5
5
5
5
5
5
5
5
5
5
5
5
5
5
5
5
5
5
5
5
5
5
5
5
5
5
5
5
5
5
5
5
5
5
5
5
5
5
5
5
5
5
5
5
5
5
5
5
5
5
5
5
5
5
5
5
5
5
5
5
5
5
5
5
5
5
5
5
5
5
5
5
5
5
5
5
5
5
5
5
5
5
5
5
5
5
5
5
5
5
5
5
5
5
5
5
5
5
5
5
5
5
5
5
5
5
5
5
5
5
5
5
5
5
5
5
5
5
5
5
5
5
5
5
5
5
5
5
5
5
5
5
5
5
5
5
5
5
5
5
5
5
5
5
5
5
5
5
5
5
5
5
5
5
5
5
5
5
5
5
5
5
5
5
5
5
5
5
5
5
5
5
5
5
5
5
5
5
5
5
5
5
5
5
5
5
5
5
5
5
5
5
5
5
5
5
5
5
5
5
5
5
5
5
5
5
5
5
5
5
5
5
5
5
5
5
5
5
5
5
5
5
5
5
5
5
5
5
5
5
5
5
5
5
5
5
5
5
5
5
5
5
5
5
5
5
5
5
5
5
5
5
5
5
5
5
5
5
5
5
5
5
5
5
5
5
5
5
5
5
5
5
5
5
5
5
5
5
5
5
5
5
5
5
5
5
5
5
5
5
5
5
5
5
5
5
5
5
5
5
5
5
5
5
5
5
5
5
5
5
5
5
5
5
5
5
5
5
5
5
5
5
5
5
5
5
5
5
5
5
5
5
5
5
5
5
5
5
5
5
5
5
5
5
5
5
5
5
5
5
5
5
5
5
5
5
5
5
5
5
5
5
5
5
5
5
5
5
5
5
5
5
5
5
5
5
5
5
5
5
5
5
5
5
5
5
5
5
5
5
5
5
5
5
5
5
5
5
5
5
5
5
5
5
5
5
5
5
5
5
5
5
5
5
5
5
5
5
5
5
5
5
5
5
5
5
5
5
5
5
5
5
5
5
5
5
5
5
5
5
5
5
5
5
5
5
5
5
5
5
5
5
5
5
5
5
5
5
5
5
5
5
5
5
5
5
5
5
5
5
5
5
5
5
5
5
5
5
5
5
5
5
5
5
5
5
5
5
5
5
5
5
5
5
5
5
5
5
5
5
5
5
5
5
5
5
5
5
5
5
5
5
5
5
5
5
5
5
5
5
5
5
5
5
5
5
5
5
5
5
5
5
5
5
5
5
5
5
5
5
5
5
5
5
5
5
5
5
5
5
5
5
5
5
5
5
5
5
5
5
5
5
5
5
5
5
5
5
5
5
5
5
5
5
5
5
5
5
5
5
5
5
5
5
5
5
5
5
5
5
5
5
5
5
5
5
5
5
5
5
5
5
5
5
5
5
5
5
5
5
5
5
5
5
5
5
5
5
5
5
5
5
5
5
5
5
5
5
5
5
5
5
5
5
5
5
5
5
5
5
5
5
5
5
5
5
5
5
5
5
5
5
5
5
5
5
5
5
5
5
5
5
5
5
5
5
5
5
5
5
5
5
5
5
5
5
5
5
5
5
5
5
5
5
5
5
5
5
5
5
5
5
5
5
5
5
5
5
5
5
5
5
5
5
5
5
5
5
5
5
5
5
5
5
5
5
5
5
5
5
5
5
5
5
5
5
5
5
5
5
5
5
5
5
5
5
5
5
5
5
5
5
5
5
5
5
5
5
5
5
5
5
5
5
5
5
5
5
5
5
5
5
5
5
5
5
5
5
5
5
5
5
5
5
5
5
5
5
5
5
5
5
5
5
5
5
5
5
5
5
5
5
5
5
5
5
5
5
5
5
5
5
5
5
5
5
5
5
5
5
5
5
5
5
5
5
5
5
5
5
5
5
5
5
5
5
5
5
5
5
5
5
5
5
5
5
5
5
5
5
5
5
5
5
5
5
5
5
5
5
5
5
5
5
5
5
5
5
5
5
5
5
5
5
5
5
5
5
5
5
5
5
5
5
5
5
5
5
5
5
5
5
5
5
5
5
5
5
5
5
5
5
5
5
5
5
5
5
5
5
5
5
5
5
5
5
5
5
5
5
5
5
5
5
5
5
5
5
5
5
5
5
5
5
5
5
5
5
5
5
5
5
5
5
5
5
5
5
5
5
5
5
5
5
5
5
5
5
5
5
5
5
5
5
5
5
5
5
5
5
5
5
5
5
5
5
5
5
5
5
5
5
5
5
5
5
5
5
5
5
5
5
5
5
5
5
5
5
5
5
5
5
5
5
5
5
5
5
5
5
5
5
5
5
5
5
5
5
5
5
5
5
5
5
5
5
5
5
5
5
5
5
5
5
5
5
5
5
5
5
5
5
5
5
5
5
5
5
5
5
5
5
5
5
5
5
5
5
5
5
5
5
5
5
5
5
5
5
5
5
5
5
5
5
5
5
5
5
5
5
5
5
5
5
5
5
5
5
5
5
5
5
5
5
5
5
5
5
5
5
5
5
5
5
5
5
5
5
5
5
5
5
5
5
5
5
5
5
5
5
5
5
5
5
5
5
5
5
5
5
5
5
5
5
5
5
5
5
5
5
5
5
5
5
5
5
5
5
5
5
5
5
5
5
5
5
5
5
5
5
5
5
5
5
5
5
5
5
5
5
5
5
5
5
5
5
5
5
5
5
5
5
5
5
5
5
5
5
5
5
5
5
5
5
5
5
5
5
5
5
5
5
5
5
5
5
5
5
5
5
5
5
5
5
5
5
5
5
5
5
5
5
5
5
5
5
5
5
5
5
5
5
5
5
5
5
5
5
5
5
5
5
5
5
5
5
5
5
5
5
5
5
5
5
5
5
5
5
5
5
5
5
5
5
5
5
5
5
5
5
5
5
5
5
5
5
5
5
5
5
5
5
5
5
5
5
5
5
5
5
5
5
5
5
5
5
5
5
5
5
5
5
5
5
5
5
5
5
5
5
5
5
5
5
5
5
5
5
5
5
5
5
5
5
5
5
5
5
5
5
5
5
5
5
5
5
5
5
5
5
5
5
5
5
5
5
5
5
5
5
5
5
5
5
5
5
5
5
5
5
5
5
5
5
5
5
5
5
5
5
5
5
5
5
5
5
5
5
5
5
5
5
5
5
5
5
5
5
5
5
5
5
5
5
5
5
5
5
5
5
5
5
5
5
5
5
5
5
5
5
5
5
5
5
5
5
5
5
5
5
5
5
5
5
5
5
5
5
5
5
5
5
5
5
5
5
5
5
5
5
5
5
5
5
5
5
5
5
5
5
5
5
5
5
5
5
5
5
5
5
5
5
5
5
5
5
5
5
5
5
5
5
5
5
5
5
5
5
5
5
5
5
5
5
5
5
5
5
5
5
5
5
5
5
5
5
5
5
5
5
5
5
5
5
5
5
5
5
5
5
5
5
5
5
5
5
5
5
5
5
5
5
5
5
5
5
5
5
5
5
5
5
5
5
5
5
5
5
5
5
5
5
5
5
5
5
5
5
5
5
5
5
5
5
5
5
5
5
5
5
5
5
5
5
5
5
5
5
5
5
5
5
5
5
5
5
5
5
5
5
5
5
5
5
5
5
5
5
5
5
5
5
5
5
5
5
5
5
5
5
5
5
5
5
5
5
5
5
5
5
5
5
5
5
5
5
5
5
5
5
5
5
5
5
5
5
5
5
5
5
5
5
5
5
5
5
5
5
5
5
5
5
5
5
5
5
5
5
5
5
5
5
5
5
5
5
5
5
5
5
5
5
5
5
5
5
5
5
5
5
5
5
5
5
5
5
5
5
5
5
5
5
5
5
5
5
5
5
5
5
5
5
5
5
5
5
5
5
5
5
5
5
5
5
5
5
5
5
5
5
5
5
5
5
5
5
5
5
5
5
5
5
5
5
5
5
5
5
5
5
5
5
5
5
5
5
5
5
5
5
5
5
5
5
5
5
5
5
5
5
5
5
5
5
5
5
5
5
5
5
5
5
5
5
5
5
5
5
5
5
5
5
5
5
5
5
5
5
5
5
5
5
5
5
5
5
5
5
5
5
5
5
5
5
5
5
5
5
5
5
5
5
5
5
5
5
5
5
5
5
5
5
5
5
5
5
5
5
5
5
5
5
5
5
5
5
5
5
5
5
5
5
5
5
5
5
5
5
5
5
5
5
5
5
5
5
5
5
5
5
5
5
5
5
5
5
5
5
5
5
5
5
5
5
5
5
5
5
5
5
5
5
5
5
5
5
5
5
5
5
5
5
5
5
5
5
5
5
5
5
5
5
5
5
5
5
5
5
5
5
5
5
5
5
5
5
5
5
5
5
5
5
5
5
5
5
5
5
5
5
5
5
5
5
5
5
5
5
5
5
5
5
5
5
5
5
5
5
5
5
5
5
5
5
5
5
5
5
5
5
5
5
5
5
5
5
5
5
5
5
5
5
5
5
5
5
5
5
5
5
5
5
5
5
5
5
5
5
5
5
5
5
5
5
5
5
5
5
5
5
5
5
5
5
5
5
5
5
5
5
5
5
5
5
5
5
5
5
5
5
5
5
5
5
5
5
5
5
5
5
5
5
5
5
5
5
5
5
5
5
5
5
5
5
5
5
5
5
5
5
5
5
5
5
5
5
5
5
5
5
5
5
5
5
5
5
5
5
5
5
5
5
5
5
5
5
5
5
5
5
5
5
5
5
5
5
5
5
5
5
5
5
5
5
5
5
5
5
5
5
5
5
5
5
5
5
5
5
5
5
5
5
5
5
5
5
5
5
5
5
5
5
5
5
5
5
5
5
5
5
5
5
5
5
5
5
5
5
5
5
5
5
5
5
5
5
5
5
5
5
5
5
5
5
5
5
5
5
5
5
5
5
5
5
5
5
5
5
5
5
5
5
5
5
5
5
5
5
5
5
5
5
5
5
5
5
5
5
5
5
5
5
5
5
5
5
5
5
5
5
5
5
5
10
10
10
10
10
10
10
10
10
10
10
10
10
10
10
10
10
10
10
10
10
10
10
10
10
10
10
10
10
10
10
10
10
10
10
10
10
10
10
10
10
10
10
10
10
10
10
10
10
10
10
10
10
10
10
10
10
10
10
10
10
10
10
10
10
10
10
10
10
10
10
10
10
10
10
10
10
10
10
10
10
10
10
10
10
10
10
10
10
10
10
10
10
10
10
10
10
10
10
10
10
10
10
10
10
10
10
10
10
10
10
10
10
10
10
10
10
10
10
10
10
10
10
10
10
10
10
10
10
10
10
10
10
10
10
10
10
10
10
10
10
10
10
10
10
10
10
10
10
10
10
10
10
10
10
10
10
10
10
10
10
10
10
10
10
10
10
10
10
10
10
10
10
10
10
10
10
10
10
10
10
10
10
10
10
10
10
10
10
10
10
10
10
10
10
10
10
10
10
10
10
10
10
10
10
10
10
10
10
10
10
10
10
10
10
10
10
10
10
10
10
10
10
10
10
10
10
10
10
10
10
10
10
10
10
10
10
10
10
10
10
10
10
10
10
10
10
10
10
10
10
10
10
10
10
10
10
10
10
10
10
10
10
10
10
10
10
10
10
10
10
10
10
10
10
10
10
10
10
10
10
10
10
10
10
10
10
10
10
10
10
10
10
10
10
10
10
10
10
10
10
10
10
10
10
10
10
10
10
10
10
10
10
10
10
10
10
10
10
10
10
10
10
10
10
10
10
10
10
10
10
10
10
10
10
10
10
10
10
10
10
10
10
10
10
10
10
10
10
10
10
10
10
10
10
10
10
10
10
10
10
10
10
10
10
10
10
10
10
10
10
10
10
10
10
10
10
10
10
10
10
10
10
10
10
10
10
10
10
10
10
10
10
10
10
10
10
10
10
10
10
10
10
10
10
10
10
10
10
10
10
10
10
10
10
10
10
10
10
10
10
10
10
10
10
10
10
10
10
10
10
10
10
10
10
10
10
10
10
10
10
10
10
10
10
10
10
10
10
10
10
10
10
10
10
10
10
10
10
10
10
10
10
10
10
10
10
10
10
10
10
10
10
10
10
10
10
10
10
10
10
10
10
10
10
10
10
10
10
10
10
10
10
10
10
10
10
10
10
10
10
10
10
10
10
10
10
10
10
10
10
10
10
10
10
10
10
10
10
10
10
10
10
10
10
10
10
10
10
10
10
10
10
10
10
10
10
10
10
10
10
10
10
10
10
10
10
10
10
10
10
10
10
10
10
10
10
10
10
10
10
10
10
10
10
10
10
10
10
10
10
10
10
10
10
10
10
10
10
10
10
10
10
10
10
10
10
10
10
10
10
10
10
10
10
10
10
10
10
10
10
10
10
10
10
10
10
10
10
10
10
10
10
10
10
10
10
10
10
10
10
10
10
10
10
10
10
10
10
10
10
10
10
10
10
10
10
10
10
10
10
10
10
10
10
10
10
10
10
10
10
10
10
10
10
10
10
10
10
10
10
10
10
10
10
10
10
10
10
10
10
10
10
10
10
10
10
10
10
10
10
10
10
10
10
10
10
10
10
10
10
10
10
10
10
10
10
10
10
10
10
10
10
10
10
10
10
10
10
10
10
10
10
10
10
10
10
10
10
10
10
10
10
10
10
10
10
10
10
10
10
10
10
10
10
10
10
10
10
10
10
10
10
10
10
10
10
10
10
10
10
10
10
10
10
10
10
10
10
10
10
10
10
10
10
10
10
10
10
10
10
10
10
10
10
10
10
10
10
10
10
10
10
10
10
10
10
10
10
10
10
10
10
10
10
10
10
10
10
10
10
10
10
10
10
10
10
10
10
10
10
10
10
10
10
10
10
10
10
10
10
10
10
10
10
10
10
10
10
10
10
10
10
10
10
10
10
10
10
10
10
10
10
10
10
10
10
10
10
10
10
10
10
10
10
10
10
10
10
10
10
10
10
10
10
10
10
10
10
10
10
10
10
10
10
10
10
10
10
10
10
10
10
10
10
10
10
10
10
10
10
10
10
10
10
10
10
10
10
10
10
10
10
10
10
10
10
10
10
10
10
10
10
10
10
10
10
10
10
10
10
10
10
10
10
10
10
10
10
10
10
10
10
10
10
10
10
10
10
10
10
10
10
10
10
10
10
10
10
10
10
10
10
10
10
10
10
10
10
10
10
10
10
10
10
10
10
10
10
10
10
10
10
10
10
10
10
10
10
10
10
10
10
10
10
10
10
10
10
10
10
10
10
10
10
10
10
10
10
10
10
10
10
10
10
10
10
10
10
10
10
10
10
10
10
10
10
10
10
10
10
10
10
10
10
10
10
10
10
10
10
10
10
10
10
10
10
10
10
10
10
10
10
10
10
10
10
10
10
10
10
10
10
10
10
10
10
10
10
10
10
10
10
10
10
10
10
10
10
10
10
10
10
10
10
10
10
10
10
10
10
10
10
10
10
10
10
10
10
10
10
10
10
10
10
10
10
10
10
10
10
10
10
10
10
10
10
10
10
10
10
10
10
10
10
10
10
10
10
10
10
10
10
10
10
10
10
10
10
10
10
10
10
10
10
10
10
10
10
10
10
10
10
10
10
10
10
10
10
10
10
10
10
10
10
10
10
10
10
10
10
10
10
10
10
10
10
10
10
10
10
10
10
10
10
10
10
10
10
10
10
10
10
10
10
10
10
10
10
10
10
10
10
10
10
10
10
10
10
10
10
10
10
10
10
10
10
10
10
10
10
10
10
10
10
10
10
10
10
10
10
10
10
10
10
10
10
10
10
10
10
10
10
10
10
10
10
10
10
10
10
10
10
10
10
10
10
10
10
10
10
10
10
10
10
10
10
10
10
10
10
10
10
10
10
10
10
10
10
10
10
10
10
10
10
10
10
10
10
10
10
10
10
10
10
10
10
10
10
10
10
10
10
10
10
10
10
10
10
10
10
10
10
10
10
10
10
10
10
10
10
10
10
10
10
10
10
10
10
10
10
10
10
10
10
10
10
10
10
10
10
10
10
10
10
10
10
10
10
10
10
10
10
10
10
10
10
10
10
10
10
10
10
10
10
10
10
10
10
10
10
10
10
10
10
10
10
10
10
10
10
10
10
10
10
10
10
10
10
10
10
10
10
10
10
10
10
10
10
10
10
10
10
10
10
10
10
10
10
10
10
10
10
10
10
10
10
10
10
10
10
10
10
10
10
10
10
10
10
10
10
10
10
10
10
10
10
10
10
10
10
10
10
10
10
10
10
10
10
10
10
10
10
10
10
10
10
10
10
10
10
10
10
10
10
10
10
10
10
10
10
10
10
10
10
10
10
10
10
10
10
10
10
10
10
10
10
10
10
10
10
10
10
10
10
10
10
10
10
10
10
10
10
10
10
10
10
10
10
10
10
10
10
10
10
10
10
10
10
10
10
10
10
10
10
10
10
10
10
10
10
10
10
10
10
10
10
10
10
10
10
10
10
10
10
10
10
10
10
10
10
10
10
10
10
10
10
10
10
10
10
10
10
10
10
10
10
10
10
10
10
10
10
10
10
10
10
10
10
10
10
10
10
10
10
10
10
10
10
10
10
10
10
10
10
10
10
10
10
10
10
10
10
10
10
10
10
10
10
10
10
10
10
10
10
10
10
10
10
10
10
10
10
10
10
10
10
10
10
10
10
10
10
10
10
10
10
10
10
10
10
10
10
10
10
10
10
10
10
10
10
10
10
10
10
10
10
10
10
10
10
10
10
10
10
10
10
10
10
10
10
10
10
10
10
10
10
10
10
10
10
10
10
10
10
10
10
10
10
10
10
10
10
10
10
10
10
10
10
10
10
10
10
10
10
10
10
10
10
10
10
10
10
10
10
10
10
10
10
10
10
10
10
10
10
10
10
10
10
10
10
10
10
10
10
10
10
10
10
10
10
10
10
10
10
10
10
10
10
10
10
10
10
10
10
10
10
10
10
10
10
10
10
10
10
10
10
10
10
10
10
10
10
10
10
10
10
10
10
10
10
10
10
10
10
10
10
10
10
10
10
10
10
10
10
10
10
10
10
10
10
10
10
10
10
10
10
10
10
10
10
10
10
10
10
10
10
10
10
10
10
10
10
10
10
10
10
10
10
10
10
10
10
10
10
10
10
10
10
10
10
10
10
10
10
10
10
10
10
10
10
10
10
10
10
10
10
10
10
10
10
10
10
10
10
10
10
10
10
10
10
10
10
10
10
10
10
10
10
10
10
10
10
10
10
10
10
10
10
10
10
10
10
10
10
10
10
10
10
10
10
10
10
10
10
10
10
10
10
10
10
10
10
10
10
10
10
10
10
10
10
10
10
10
10
10
10
10
10
10
10
10
10
10
10
10
10
10
10
10
10
10
10
10
10
10
10
10
10
10
10
10
10
10
10
10
10
10
10
10
10
10
10
10
10
10
10
10
10
10
10
10
10
10
10
10
10
10
10
10
10
10
10
10
10
10
10
10
10
10
10
10
10
10
10
10
10
10
10
10
10
10
10
10
10
10
10
10
10
10
10
10
10
10
10
10
10
10
10
10
10
10
10
10
10
10
10
10
10
10
10
10
10
10
10
10
10
10
10
10
10
10
10
10
10
10
10
10
10
10
10
10
10
10
10
10
10
10
10
10
10
10
10
10
10
10
10
10
10
10
10
10
10
10
10
10
10
10
10
10
10
10
10
10
10
10
10
10
10
10
10
10
10
10
10
10
10
10
10
10
10
10
10
10
10
10
10
10
10
10
10
10
10
10
10
10
10
10
10
10
10
10
10
10
10
10
10
10
10
10
10
10
10
10
10
10
10
10
10
10
10
10
10
10
10
10
10
10
10
10
10
10
10
10
10
10
10
10
10
10
10
10
10
10
10
10
10
10
10
10
10
10
10
10
10
10
10
10
10
10
10
10
10
10
10
10
10
10
10
10
10
10
10
10
10
10
10
10
10
10
10
10
10
10
10
10
10
10
10
10
10
10
10
10
10
10
10
10
10
10
10
10
10
10
10
10
10
10
10
10
10
10
10
10
10
10
10
10
10
10
10
10
10
10
10
10
10
10
10
10
10
10
10
10
10
10
10
10
10
10
10
10
10
10
10
10
10
10
10
10
10
10
10
10
10
10
10
10
10
10
10
10
10
10
10
10
10
10
10
10
10
10
10
10
10
10
10
10
10
10
10
10
10
10
10
10
10
10
10
10
10
10
10
10
10
10
10
10
10
10
10
10
10
10
10
10
10
10
10
10
10
10
10
10
10
10
10
10
10
10
10
10
10
10
10
10
10
10
10
10
10
10
10
10
10
10
10
10
10
10
10
10
10
10
10
10
10
10
10
10
10
10
10
10
10
10
10
10
10
10
10
10
10
10
10
10
10
10
10
10
10
10
10
10
10
10
10
10
10
10
10
10
10
10
10
10
10
10
10
10
10
10
10
10
10
10
10
10
10
10
10
10
10
10
10
10
10
10
10
10
10
10
10
10
10
10
10
10
10
10
10
10
10
10
10
10
10
10
10
10
10
10
10
10
10
10
10
10
10
10
10
10
10
10
10
10
10
10
10
10
10
10
10
10
10
10
10
10
10
10
10
10
10
10
10
10
10
10
10
10
10
10
10
10
10
10
10
10
10
10
10
10
10
10
10
10
10
10
10
10
10
10
10
10
10
10
10
10
10
10
10
10
10
10
10
10
10
10
10
10
10
10
10
10
10
10
10
10
10
10
10
10
10
10
10
10
10
10
10
10
10
10
10
10
10
10
10
10
10
10
10
10
10
10
10
10
10
10
10
10
10
10
10
10
10
10
10
10
10
10
10
10
10
10
10
10
10
10
10
10
10
10
10
10
10
10
10
10
10
10
10
10
10
10
10
10
10
10
10
10
10
10
10
10
10
10
10
10
10
10
10
10
10
10
10
10
10
10
10
10
10
10
10
10
10
10
10
10
10
10
10
10
10
10
10
10
10
10
10
10
10
10
10
10
10
10
10
10
10
10
10
10
10
10
10
10
10
10
10
10
10
10
10
10
10
10
10
10
10
10
10
10
10
10
10
10
10
10
10
10
10
10
10
10
10
10
10
10
10
10
10
10
10
10
10
10
10
10
10
10
10
10
10
10
10
10
10
10
10
10
10
10
10
10
10
10
10
10
10
10
10
10
10
10
10
10
10
10
10
10
10
10
10
10
10
10
10
10
10
10
10
10
10
10
10
10
10
10
10
10
10
10
10
10
10
10
10
10
10
10
10
10
10
10
10
10
10
10
10
10
10
10
10
10
10
10
10
10
10
10
10
10
10
10
10
10
10
10
10
10
10
10
10
10
10
10
10
10
10
10
10
10
10
10
10
10
10
10
10
10
10
10
10
10
10
10
10
10
10
10
10
10
10
10
10
10
10
10
10
10
10
10
10
10
10
10
10
10
10
10
10
10
10
10
10
10
10
10
10
10
10
10
10
10
10
10
10
10
10
10
10
10
10
10
10
10
10
10
10
10
10
10
10
10
10
10
10
10
10
10
10
10
10
10
10
10
10
10
10
10
10
10
10
10
10
10
10
10
10
10
10
10
10
10
10
10
10
10
10
10
10
10
10
10
10
10
10
10
10
10
10
10
10
10
10
10
10
10
10
10
10
10
10
10
10
10
10
10
10
10
10
10
10
10
10
10
10
10
10
10
10
10
10
10
10
10
10
10
10
10
10
10
10
10
10
10
10
10
10
10
10
10
10
10
10
10
10
10
10
10
10
10
10
10
10
10
10
10
10
10
10
10
10
10
10
10
10
10
10
10
10
10
10
10
10
10
10
10
10
10
10
10
10
10
10
10
10
10
10
10
10
10
10
10
10
10
10
10
10
10
10
10
10
10
10
10
10
10
10
10
10
10
10
10
10
10
10
10
10
10
10
10
10
10
10
10
10
10
10
10
10
10
10
10
10
10
10
10
10
10
10
10
10
10
10
10
10
10
10
10
10
10
10
10
10
10
10
10
10
10
10
10
10
10
10
10
10
10
10
10
10
10
10
10
10
10
10
10
10
10
10
10
10
10
10
10
10
10
10
10
10
10
10
10
10
10
10
10
10
10
10
10
10
10
10
10
10
10
10
10
10
10
10
10
10
10
10
10
10
10
10
10
10
10
10
10
10
10
10
10
10
10
10
10
10
10
10
10
10
10
10
10
10
10
10
10
10
10
10
10
10
10
10
10
10
10
10
10
10
10
10
10
10
10
10
10
10
10
10
10
10
10
10
10
10
10
10
10
10
10
10
10
10
10
10
10
10
10
10
10
10
10
10
10
10
10
10
10
10
10
10
10
10
10
10
10
10
10
10
10
10
10
10
10
10
10
10
10
10
10
10
10
10
10
10
10
10
10
10
10
10
10
10
10
10
10
10
10
10
10
10
10
10
10
10
10
10
10
10
10
10
10
10
10
10
10
10
10
10
10
10
10
10
10
10
10
10
10
10
10
10
10
10
10
10
10
10
10
10
10
10
10
10
10
10
10
10
10
10
10
10
10
10
10
10
10
10
10
10
10
10
10
10
10
10
10
10
10
10
10
10
10
10
10
10
10
10
10
10
10
10
10
10
10
10
10
10
10
10
10
10
10
10
10
10
10
10
10
10
10
10
10
10
10
10
10
10
10
10
10
10
10
10
10
10
10
10
10
10
10
10
10
10
10
10
10
10
10
10
10
10
10
10
10
10
10
10
10
10
10
10
10
10
10
10
10
10
10
10
10
10
10
10
10
10
10
10
10
10
10
10
10
10
10
10
10
10
10
10
10
10
10
10
10
10
10
10
10
10
10
10
10
10
10
10
10
10
10
10
10
10
10
10
10
10
10
10
10
10
10
10
10
10
10
10
10
10
10
10
10
10
10
10
10
10
10
10
10
10
10
10
10
10
10
10
10
10
10
10
10
10
10
10
10
10
10
10
10
10
10
10
10
10
10
10
10
10
10
10
10
10
10
10
10
10
10
10
10
10
10
10
10
10
10
10
10
10
10
10
10
10
10
10
10
10
10
10
10
10
10
10
10
10
10
10
10
10
10
10
10
10
10
10
10
10
10
10
10
10
10
10
10
10
10
10
10
10
10
10
10
10
10
10
10
10
10
10
10
10
10
10
10
10
10
10
10
10
10
10
10
10
10
10
10
10
10
10
10
10
10
10
10
10
10
10
10
10
10
10
10
10
10
10
10
10
10
10
10
10
10
10
10
10
10
10
10
10
10
10
10
10
10
10
10
10
10
10
10
10
10
10
10
10
10
10
10
10
10
10
10
10
10
10
10
10
10
10
10
10
10
10
10
10
10
10
10
10
10
10
10
10
10
10
10
10
10
10
10
10
10
10
10
10
10
10
10
10
10
10
10
10
10
10
10
10
10
10
10
10
10
10
10
10
10
10
10
10
10
10
10
10
10
10
10
10
10
10
10
10
10
10
10
10
10
10
10
10
10
10
10
10
10
10
10
10
10
10
10
10
10
10
10
10
10
10
10
10
10
10
10
10
10
10
10
10
10
10
10
10
10
10
10
10
10
10
10
10
10
10
10
10
10
10
10
10
10
10
10
10
10
10
10
10
10
10
10
10
10
10
10
10
10
10
10
10
10
10
10
10
10
10
10
10
10
10
10
10
10
10
10
10
10
10
10
10
10
10
10
10
10
10
10
10
10
10
10
10
10
10
10
10
10
10
10
10
10
10
10
10
10
10
10
10
10
10
10
10
10
10
10
10
10
10
10
10
10
10
10
10
10
10
10
10
10
10
10
10
10
10
10
10
10
10
10
10
10
10
10
10
10
10
10
10
10
10
10
10
10
10
10
10
10
10
10
10
10
10
10
10
10
10
10
10
10
10
10
10
10
10
10
10
10
10
10
10
10
10
10
10
10
10
10
10
10
10
10
10
10
10
10
10
10
10
10
10
10
10
10
10
10
10
10
10
10
10
10
10
10
10
10
10
10
10
10
10
10
10
10
10
10
10
10
10
10
10
10
10
10
10
10
10
10
10
10
10
10
10
10
10
10
10
10
10
10
10
10
10
10
10
10
10
10
10
10
10
10
10
10
10
10
10
10
10
10
10
10
10
10
10
10
10
10
10
10
10
10
10
10
10
10
10
10
10
10
10
10
10
10
10
10
10
10
10
10
10
10
10
10
10
10
10
10
10
10
10
10
10
10
10
10
10
10
10
10
10
10
10
10
10
10
10
10
10
10
10
10
10
10
10
10
10
10
10
10
10
10
10
10
10
10
10
10
10
10
10
10
10
10
10
10
10
10
10
10
10
10
10
10
10
10
10
10
10
10
10
10
10
10
10
10
10
10
10
10
10
10
10
10
10
10
10
10
10
10
10
10
10
10
10
10
10
10
10
10
10
10
10
10
10
10
10
10
10
10
10
10
10
10
10
10
10
10
10
10
10
10
10
10
10
10
10
10
10
10
10
10
10
10
10
10
10
10
10
10
10
10
10
10
10
10
10
10
10
10
10
10
10
10
10
10
10
10
10
10
10
10
10
10
10
10
10
10
10
10
10
10
10
10
10
10
10
10
10
10
10
10
10
10
10
10
10
10
10
10
10
10
10
10
10
10
10
10
10
10
10
10
10
10
10
10
10
10
10
10
10
10
10
10
10
10
10
10
10
10
10
10
10
10
10
10
10
10
10
10
10
10
10
10
10
10
10
10
10
10
10
10
10
10
10
10
10
10
10
10
10
10
10
10
10
10
10
10
10
10
10
10
10
10
10
10
10
10
10
10
10
10
10
10
10
10
10
10
10
10
10
10
10
10
10
10
10
10
10
10
10
10
10
10
10
10
10
10
10
10
10
10
10
10
10
10
10
10
10
10
10
10
10
10
10
10
10
10
10
10
10
10
10
10
10
10
10
10
10
10
10
10
10
10
10
10
10
10
10
10
10
10
10
10
10
10
10
10
10
10
10
10
10
10
10
10
10
10
10
10
10
10
10
10
10
10
10
10
10
10
10
10
10
10
10
10
10
10
10
10
10
10
10
10
10
10
10
10
10
10
10
10
10
10
10
10
10
10
10
10
10
10
10
10
10
10
10
10
10
10
10
10
10
10
10
10
10
10
10
10
10
10
10
10
10
10
10
10
10
10
10
10
10
10
10
10
10
10
10
10
10
10
10
10
10
10
10
10
10
10
10
10
10
10
10
10
10
10
10
10
10
10
10
10
10
10
10
10
10
10
10
10
10
10
10
10
10
10
10
10
10
10
10
10
10
10
10
10
10
10
10
10
10
10
10
10
10
10
10
10
10
10
10
10
10
10
10
10
10
10
10
10
10
10
10
10
10
10
10
10
10
10
10
10
10
10
10
10
10
10
10
10
10
10
10
10
10
10
10
10
10
10
10
10
10
10
10
10
10
10
10
10
10
10
10
10
10
10
10
10
10
10
10
10
10
10
10
10
10
10
10
10
10
10
10
10
10
10
10
10
10
10
10
10
10
10
10
10
10
10
10
10
10
10
10
10
10
10
10
10
10
10
10
10
10
10
10
10
10
10
10
10
10
10
10
10
10
10
10
10
10
10
10
10
10
10
10
10
10
10
10
10
10
10
10
10
10
10
10
10
10
10
10
10
10
10
10
10
10
10
10
10
10
10
10
10
10
10
10
10
10
10
10
10
10
10
10
10
10
10
10
10
10
10
10
10
10
10
10
10
10
10
10
10
10
10
10
10
10
10
10
10
10
10
10
10
10
10
10
10
10
10
10
10
10
10
10
10
10
10
10
10
10
10
10
10
10
10
10
10
10
10
10
10
10
10
10
10
10
10
10
10
10
10
10
10
10
10
10
10
10
10
10
10
10
10
10
10
10
10
10
10
10
10
10
10
10
10
10
10
10
10
10
10
10
10
10
10
10
10
10
10
10
10
10
10
10
10
10
10
10
10
10
10
10
10
10
10
10
10
10
10
10
10
10
10
10
10
10
10
10
10
10
10
10
10
10
10
10
10
10
10
10
10
10
10
10
10
10
10
10
10
10
10
10
10
10
10
10
10
10
10
10
10
10
10
10
10
10
10
10
10
10
10
10
10
10
10
10
10
10
10
10
10
10
10
10
10
10
10
10
10
10
10
10
10
10
10
10
10
10
10
10
10
10
10
10
10
10
10
10
10
10
10
10
10
10
10
10
10
10
10
10
10
10
10
10
10
10
10
10
10
10
10
10
10
10
10
10
10
10
10
10
10
10
10
10
10
10
10
10
10
10
10
10
10
10
10
10
10
10
10
10
10
10
10
10
10
10
10
10
10
10
10
10
10
10
10
10
10
10
10
10
10
10
10
10
10
10
10
10
10
10
10
10
10
10
10
10
10
10
10
10
10
10
10
10
10
10
10
10
10
10
10
10
10
10
10
10
10
10
10
10
10
10
10
10
10
10
10
10
10
10
10
10
10
10
10
10
10
10
10
10
10
10
10
10
10
10
10
10
10
10
10
10
10
10
10
10
10
10
10
10
10
10
10
10
10
10
10
10
10
10
10
10
10
10
10
10
10
10
10
10
10
10
10
10
10
10
10
10
10
10
10
10
10
10
10
10
10
10
10
10
10
10
10
10
10
10
10
10
10
10
10
10
10
10
10
10
10
10
10
10
10
10
10
10
10
10
10
10
10
10
10
10
10
10
10
10
10
10
10
10
10
10
10
10
10
10
10
10
10
10
10
10
10
10
10
10
10
10
10
10
10
10
10
10
10
10
10
10
10
10
10
10
10
10
10
10
10
10
10
10
10
10
10
10
10
10
10
10
10
10
10
10
10
10
10
10
10
10
10
10
10
10
10
10
10
10
10
10
10
10
10
10
10
10
10
10
10
10
10
10
10
10
10
10
10
10
10
10
10
10
10
10
10
10
10
10
10
10
10
10
10
10
10
10
10
10
10
10
10
10
10
10
10
10
10
10
10
10
10
10
10
10
10
10
10
10
10
10
10
10
10
10
10
10
10
10
10
10
10
10
10
10
10
10
10
10
10
10
10
10
10
10
10
10
10
10
10
10
10
10
10
10
10
10
10
10
10
10
10
10
10
10
10
10
10
10
10
10
10
10
10
10
10
10
10
10
10
10
10
10
10
10
10
10
10
10
10
10
10
10
10
10
10
10
10
10
10
10
10
10
10
10
10
10
10
10
10
10
10
10
10
10
10
10
10
10
10
10
10
10
10
10
10
10
10
10
10
10
10
10
10
10
10
10
10
10
10
10
10
10
10
10
10
10
10
10
10
10
10
10
10
10
10
10
10
10
10
10
10
10
10
10
10
10
10
10
10
10
10
10
10
10
10
10
10
10
10
10
10
10
10
10
10
10
10
10
10
10
10
10
10
10
10
10
10
10
10
10
10
10
10
10
10
10
10
10
10
10
10
10
10
10
10
10
10
10
10
10
10
10
10
10
10
10
10
10
10
10
10
10
10
10
10
10
10
10
10
10
10
10
10
10
10
10
10
10
10
10
10
10
10
10
10
10
10
10
10
10
10
10
10
10
10
10
10
10
10
10
10
10
10
10
10
10
10
10
10
10
10
10
10
10
10
10
10
10
10
10
10
10
10
10
10
10
10
10
10
10
10
10
10
10
10
10
10
10
10
10
10
10
10
10
10
10
10
10
10
10
10
10
10
10
10
10
10
10
10
10
10
10
10
10
10
10
10
10
10
10
10
10
10
10
10
10
10
10
10
10
10
10
10
10
10
10
10
10
10
10
10
10
10
10
10
10
10
10
10
10
10
10
10
10
10
10
10
10
10
10
10
10
10
10
10
10
10
10
10
10
10
10
10
10
10
10
10
10
10
10
10
10
10
10
10
10
10
10
10
10
10
10
10
10
10
10
10
10
10
10
10
10
10
10
10
10
10
10
10
10
10
10
10
10
10
10
10
10
10
10
10
10
10
10
10
10
10
10
10
10
10
10
10
10
10
10
10
10
10
10
10
10
10
10
10
10
10
10
10
10
10
10
10
10
10
10
10
10
10
10
10
10
10
10
10
10
10
10
10
10
10
10
10
10
10
10
10
10
10
10
10
10
10
10
10
10
10
10
10
10
10
10
10
10
10
10
10
10
10
10
10
10
10
10
10
10
10
10
10
10
10
10
10
10
10
10
10
10
10
10
10
10
10
10
10
10
10
10
10
10
10
10
10
10
10
10
10
10
10
10
10
10
10
10
10
10
10
10
10
10
10
10
10
10
10
10
10
10
10
10
10
10
10
10
10
10
10
10
10
10
10
10
10
10
10
10
10
10
10
10
10
10
10
10
10
10
10
10
10
10
10
10
10
10
10
10
10
10
10
10
10
10
10
10
10
10
10
10
10
10
10
10
10
10
10
10
10
10
10
10
10
10
10
10
10
10
10
10
10
10
10
10
10
10
10
10
10
10
10
10
10
10
10
10
10
10
10
10
10
10
10
10
10
10
10
10
10
10
10
10
10
10
10
10
10
10
10
10
10
10
10
10
10
10
10
10
10
10
10
10
10
10
10
10
10
10
10
10
10
10
10
10
10
10
10
10
10
10
10
10
10
10
10
10
10
10
10
10
10
10
10
10
10
10
10
10
10
10
10
10
10
10
10
10
10
10
10
10
10
10
10
10
10
10
10
10
10
10
10
10
10
10
10
10
10
10
10
10
10
10
10
10
10
10
10
10
10
10
10
10
10
10
10
10
10
10
10
10
10
10
10
10
10
10
10
10
10
10
10
10
10
10
10
10
10
10
10
10
10
10
10
10
10
10
10
10
10
10
10
10
10
10
10
10
10
10
10
10
10
10
10
10
10
10
10
10
10
10
10
10
10
10
10
10
10
10
10
10
10
10
10
10
10
10
10
10
10
10
10
10
10
10
10
10
10
10
10
10
10
10
10
10
10
10
10
10
10
10
10
10
10
10
10
10
10
10
10
10
10
10
10
10
10
10
10
10
10
10
10
10
10
10
10
10
10
10
10
10
10
10
10
10
10
10
10
10
10
10
10
10
10
10
10
10
10
10
10
10
10
10
10
10
10
10
10
10
10
10
10
10
10
10
10
10
10
10
10
10
10
10
10
10
10
10
10
10
10
10
10
10
10
10
10
10
10
10
10
10
10
10
10
10
10
10
10
10
10
10
10
10
10
10
10
10
10
10
10
10
10
10
10
10
10
10
10
10
10
10
10
10
10
10
10
10
10
10
10
10
10
10
10
10
10
10
10
10
10
10
10
10
10
10
10
10
10
10
10
10
10
10
10
10
10
10
10
10
10
10
10
10
10
10
10
10
10
10
10
10
10
10
10
10
10
10
10
10
10
10
10
10
10
10
10
10
10
10
10
10
10
10
10
10
10
10
10
10
10
10
10
10
10
10
10
10
10
10
10
10
10
10
10
10
10
10
10
10
10
10
10
10
10
10
10
10
10
10
10
10
10
10
10
10
10
10
10
10
10
10
10
10
10
10
10
10
10
10
10
10
10
10
10
10
10
10
10
10
10
10
10
10
10
10
10
10
10
10
10
10
10
10
10
10
10
10
10
10
10
10
10
10
10
10
10
10
10
10
10
10
10
10
10
10
10
10
10
10
10
10
10
10
10
10
10
10
10
10
10
10
10
10
10
10
10
10
10
10
10
10
10
10
10
10
10
10
10
10
10
10
10
10
10
10
10
10
10
10
10
10
10
10
10
10
10
10
10
10
10
10
10
10
10
10
10
10
10
10
10
10
10
10
10
10
10
10
10
10
10
10
10
10
10
10
10
10
10
10
10
10
10
10
10
10
10
10
10
10
10
10
10
10
10
10
10
10
10
10
10
10
10
10
10
10
10
10
10
10
10
10
10
10
10
10
10
10
10
10
10
10
10
10
10
10
10
10
10
10
10
10
10
10
10
10
10
10
10
10
10
10
10
10
10
10
10
10
10
10
10
10
10
10
10
10
10
10
10
10
10
10
10
10
10
10
10
10
10
10
10
10
10
10
10
10
10
10
10
10
10
10
10
10
10
10
10
10
10
10
10
10
10
10
10
10
10
10
10
10
10
10
10
10
10
10
10
10
10
10
10
10
10
10
10
10
10
10
10
10
10
10
10
10
10
10
10
10
10
10
10
10
10
10
10
10
10
10
10
10
10
10
10
10
10
10
10
10
10
10
10
10
10
10
10
10
10
10
10
10
10
10
10
10
10
10
10
10
10
10
10
10
10
10
10
10
10
10
10
10
10
10
10
10
10
10
10
10
10
10
10
10
10
10
10
10
10
10
10
10
10
10
10
10
10
10
10
10
10
10
10
10
10
10
10
10
10
10
10
10
10
10
10
10
10
10
10
10
10
10
10
10
10
10
10
10
10
10
10
10
10
10
10
10
10
10
10
10
10
10
10
10
10
10
10
10
10
10
10
10
10
10
10
10
10
10
10
10
10
10
10
10
10
10
10
10
10
10
10
10
10
10
10
10
10
10
10
10
10
10
10
10
10
10
10
10
10
10
10
10
10
10
10
10
10
10
10
10
10
10
10
10
10
10
10
10
10
10
10
10
10
10
10
10
10
10
10
10
10
10
10
10
10
10
10
10
10
10
10
10
10
10
10
10
10
10
10
10
10
10
10
10
10
10
10
10
10
10
10
10
10
10
10
10
10
10
10
10
10
10
10
10
10
10
10
10
10
10
10
10
10
10
10
10
10
10
10
10
10
10
10
10
10
10
10
10
10
10
10
10
10
10
10
10
10
10
10
10
10
10
10
10
10
10
10
10
10
10
10
10
10
10
10
10
10
10
10
10
10
10
10
10
10
10
10
10
10
10
10
10
10
10
10
10
10
10
10
10
10
10
10
10
10
10
10
10
10
10
10
10
10
10
10
10
10
10
10
10
10
10
10
10
10
10
10
10
10
10
10
10
10
10
10
10
10
10
10
10
10
10
10
10
10
10
10
10
10
10
10
10
10
10
10
10
10
10
10
10
10
10
10
10
10
10
10
10
10
10
10
10
10
10
10
10
10
10
10
10
10
10
10
10
10
10
10
10
10
10
10
10
10
10
10
10
10
10
10
10
10
10
10
10
10
10
10
10
10
10
10
10
10
10
10
10
10
10
10
10
10
10
10
10
10
10
10
10
10
10
10
10
10
10
10
10
10
10
10
10
10
10
10
10
10
10
10
10
10
10
10
10
10
10
10
10
10
10
10
10
10
10
10
10
10
10
10
10
10
10
10
10
10
10
10
10
10
10
10
10
10
10
10
10
10
10
10
10
10
10
10
10
10
10
10
10
10
10
10
10
10
10
10
10
10
10
10
10
10
10
10
10
10
10
10
10
10
10
10
10
10
10
10
10
10
10
10
10
10
10
10
10
10
10
10
10
10
10
10
10
10
10
10
10
10
10
10
10
10
10
10
10
10
10
10
10
10
10
10
10
10
10
10
10
10
10
10
10
10
10
10
10
10
10
10
10
10
10
10
10
10
10
10
10
10
10
10
10
10
10
10
10
10
10
10
10
10
10
10
10
10
10
10
10
10
10
10
10
10
10
10
10
10
10
10
10
10
10
10
10
10
10
10
10
10
10
10
10
10
10
10
10
10
10
10
10
10
10
10
10
10
10
10
10
10
10
10
10
10
10
10
10
10
10
10
10
10
10
10
10
10
10
10
10
10
10
10
10
10
10
10
10
10
10
10
10
10
10
10
10
10
10
10
10
10
10
10
10
10
10
10
10
10
10
10
10
10
10
10
10
10
10
10
10
10
10
10
10
10
10
10
10
10
10
10
10
10
10
10
10
10
10
10
10
10
10
10
10
10
10
10
10
10
10
10
10
10
10
10
10
10
10
10
10
10
10
10
10
10
10
10
10
10
10
10
10
10
10
10
10
10
10
10
10
10
10
10
10
10
10
10
10
10
10
10
10
10
10
10
10
10
10
10
10
10
10
10
10
10
10
10
10
10
10
10
10
10
10
10
10
10
10
10
10
10
10
10
10
10
10
10
10
10
10
10
10
10
10
10
10
10
10
10
10
10
10
10
10
10
10
10
10
10
10
10
10
10
10
10
10
10
10
10
10
10
10
10
10
10
10
10
10
10
10
10
10
10
10
10
10
10
10
10
10
10
10
10
10
10
10
10
10
10
10
10
10
10
10
10
10
10
10
10
10
10
10
10
10
10
10
10
10
10
10
10
10
10
10
10
10
10
10
10
10
10
10
10
10
10
10
10
10
10
10
10
10
10
10
10
10
10
10
10
10
10
10
10
10
10
10
10
10
10
10
10
10
10
10
10
10
10
10
10
10
10
10
10
10
10
10
10
10
10
10
10
10
10
10
10
10
10
10
10
10
10
10
10
10
10
10
10
10
10
10
10
10
10
10
10
10
10
10
10
10
10
10
10
10
10
10
10
10
10
10
10
10
10
10
10
10
10
10
10
10
10
10
10
10
10
10
10
10
10
10
10
10
10
10
10
10
10
10
10
10
10
10
10
10
10
10
10
10
10
10
10
10
10
10
10
10
10
10
10
10
10
10
10
10
10
10
10
10
10
10
10
10
10
10
10
10
10
10
10
10
10
10
10
10
10
10
10
10
10
10
10
10
10
10
10
10
10
10
10
10
10
10
10
10
10
10
10
10
10
10
10
10
10
10
10
10
10
10
10
10
10
10
10
10
10
10
10
10
10
10
10
10
10
10
10
10
10
10
10
10
10
10
10
10
10
10
10
10
10
10
10
10
10
10
10
10
10
10
10
10
10
10
10
10
10
10
10
10
10
10
10
10
10
10
10
10
10
10
10
10
10
10
10
10
10
10
10
10
10
10
10
10
10
10
10
10
10
10
10
10
10
10
10
10
10
10
10
10
10
10
10
10
10
10
10
10
10
10
10
10
10
10
10
10
10
10
10
10
10
10
10
10
10
10
10
10
10
10
10
10
10
10
10
10
10
10
10
10
10
10
10
10
10
10
10
10
10
10
10
10
10
10
10
10
10
10
10
10
10
10
10
10
10
10
10
10
10
10
10
10
10
10
10
10
10
10
10
10
10
10
10
10
10
10
10
10
10
10
10
10
10
10
10
10
10
10
10
10
10
10
10
10
10
10
10
10
10
10
10
10
10
10
10
10
10
10
10
10
10
10
10
10
10
10
10
10
10
10
10
10
10
10
10
10
10
10
10
10
10
10
10
10
10
10
10
10
10
10
10
10
10
10
10
10
10
10
10
10
10
10
10
10
10
10
10
10
10
10
10
10
10
10
10
10
10
10
10
10
10
10
10
10
10
10
10
10
10
10
10
10
10
10
10
10
10
10
10
10
10
10
10
10
10
10
10
10
10
10
10
10
10
10
10
10
10
10
10
10
10
10
10
10
10
10
10
10
10
10
10
10
10
10
10
10
10
10
10
10
10
10
10
10
10
10
10
10
10
10
10
10
10
10
10
10
10
10
10
10
10
10
10
10
10
10
10
10
10
10
10
10
10
10
10
10
10
10
10
10
10
10
10
10
10
10
10
10
10
10
10
10
10
10
10
10
10
10
10
10
10
10
10
10
10
10
10
10
10
10
10
10
10
10
10
10
10
10
10
10
10
10
10
10
10
10
10
10
10
10
10
10
10
10
10
10
10
10
10
10
10
10
10
10
10
10
10
10
10
10
10
10
10
10
10
10
10
10
10
10
10
10
10
10
10
10
10
10
10
10
10
10
10
10
10
10
10
10
10
10
10
10
10
10
10
10
10
10
10
10
10
10
10
10
10
10
10
10
10
10
10
10
10
10
10
10
10
10
10
10
10
10
10
10
10
10
10
10
10
10
10
10
10
10
10
10
10
10
10
10
10
10
10
10
10
10
10
10
10
10
10
10
10
10
10
10
10
10
10
10
10
10
10
10
10
10
10
10
10
10
10
10
10
10
10
10
10
10
10
10
10
10
10
10
10
10
10
10
10
10
10
10
10
10
10
10
10
10
10
10
10
10
10
10
10
10
10
10
10
10
10
10
10
10
10
10
10
10
10
10
10
10
10
10
10
10
10
10
10
10
10
10
10
10
10
10
10
10
10
10
10
10
10
10
10
10
10
10
10
10
10
10
10
10
10
10
10
10
10
10
10
10
10
10
10
10
10
10
10
10
10
10
10
10
10
10
10
10
10
10
10
10
10
10
10
10
10
10
10
10
10
10
10
10
10
10
10
10
10
10
10
10
10
10
10
10
10
10
10
10
10
10
10
10
10
10
10
10
10
10
10
10
10
10
10
10
10
10
10
10
10
10
10
10
10
10
10
10
10
10
10
10
10
10
10
10
10
10
10
10
10
10
10
10
10
10
10
10
10
10
10
10
10
10
10
10
10
10
10
10
10
10
10
10
10
10
10
10
10
10
10
10
10
10
10
10
10
10
10
10
10
10
10
10
10
10
10
10
10
10
10
10
10
10
10
10
10
10
10
10
10
10
10
10
10
10
10
10
10
10
10
10
10
10
10
10
10
10
10
10
10
10
10
10
10
10
10
10
10
10
10
10
10
10
10
10
10
10
10
10
10
10
10
10
10
10
10
10
10
10
10
10
10
10
10
10
10
10
10
10
10
10
10
10
10
10
10
10
10
10
10
10
10
10
10
10
10
10
10
10
10
10
10
10
10
10
10
10
10
10
10
10
10
10
10
10
10
10
10
10
10
10
10
10
10
10
10
10
10
10
10
10
10
10
10
10
10
10
10
10
10
10
10
10
10
10
10
10
10
10
10
10
10
10
10
10
10
10
10
10
10
10
10
10
10
10
10
10
10
10
10
10
10
10
10
10
10
10
10
10
10
10
10
10
10
10
10
10
10
10
10
10
10
10
10
10
10
10
10
10
10
10
10
10
10
10
10
10
10
10
10
10
10
10
10
10
10
10
10
10
10
10
10
10
10
10
10
10
10
10
10
10
10
10
10
10
10
10
10
10
10
10
10
10
10
10
10
10
10
10
10
10
10
10
10
10
10
10
10
10
10
10
10
10
10
10
10
10
10
10
10
10
10
10
10
10
10
10
10
10
10
10
10
10
10
10
10
10
10
10
10
10
10
10
10
10
10
10
10
10
10
10
10
10
10
10
10
10
10
10
10
10
10
10
10
10
10
10
10
10
10
10
10
10
10
10
10
10
10
10
10
10
10
10
10
10
10
10
10
10
10
10
10
10
10
10
10
10
10
10
10
10
10
10
10
10
10
10
10
10
10
10
10
10
10
10
10
10
10
10
10
10
10
10
10
10
10
10
10
10
10
10
10
10
10
10
10
10
10
10
10
10
10
10
10
10
10
10
10
10
10
10
10
10
10
10
10
10
10
10
10
10
10
10
10
10
10
10
10
10
10
10
10
10
10
10
10
10
10
10
10
10
10
10
10
10
10
10
10
10
10
10
10
10
10
10
10
10
10
10
10
10
10
10
10
10
10
10
10
10
10
10
10
10
10
10
10
10
10
10
10
10
10
10
10
10
10
10
10
10
10
10
10
10
10
10
10
10
10
10
10
10
10
10
10
10
10
10
10
10
10
10
10
10
10
10
10
10
10
10
10
10
10
10
10
10
10
10
10
10
10
10
10
10
10
10
10
10
10
10
10
10
10
10
10
10
10
10
10
10
10
10
10
10
10
10
10
10
10
10
10
10
10
10
10
10
10
10
10
10
10
10
10
10
10
10
10
10
10
10
10
10
10
10
10
10
10
10
10
10
10
10
10
10
10
10
10
10
10
10
10
10
10
10
10
10
10
10
10
10
10
10
10
10
10
10
10
10
10
10
10
10
10
10
10
10
10
10
10
10
10
10
10
10
10
10
10
10
10
10
10
10
10
10
10
10
10
10
10
10
10
10
10
10
10
10
10
10
10
10
10
10
10
10
10
10
10
10
10
10
10
10
10
10
10
10
10
10
10
10
10
10
10
10
10
10
10
10
10
10
10
10
10
10
10
10
10
10
10
10
10
10
10
10
10
10
10
10
10
10
10
10
10
10
10
10
10
10
10
10
10
10
10
10
10
10
10
10
10
10
10
10
10
10
10
10
10
10
10
10
10
10
10
10
10
10
10
10
10
10
10
10
10
10
10
10
10
10
10
10
10
10
10
10
10
10
10
10
10
10
10
10
10
10
10
10
10
10
10
10
10
10
10
10
10
10
10
10
10
10
10
10
10
10
10
10
10
10
10
10
10
10
10
10
10
10
10
10
10
10
10
10
10
10
10
10
10
10
10
10
10
10
10
10
10
10
10
10
10
10
10
10
10
10
10
10
10
10
10
10
10
10
10
10
10
10
10
10
10
10
10
10
10
10
10
10
10
10
10
10
10
10
10
10
10
10
10
10
10
10
10
10
10
10
10
10
10
10
10
10
10
10
10
10
10
10
10
10
10
10
10
10
10
10
10
10
10
10
10
10
10
10
10
10
10
10
10
10
10
10
10
10
10
10
10
10
10
10
10
10
10
10
10
10
10
10
10
10
10
10
10
10
10
10
10
10
10
10
10
10
10
10
10
10
10
10
10
10
10
10
10
10
10
10
10
10
10
10
10
10
10
10
10
10
10
10
10
10
10
10
10
10
10
10
10
10
10
10
10
10
10
10
10
10
10
10
10
10
10
10
10
10
10
10
10
10
10
10
10
10
10
10
10
10
10
10
10
10
10
10
10
10
10
10
10
10
10
10
10
10
10
10
10
10
10
10
10
10
10
10
10
10
10
10
10
10
10
10
10
10
10
10
10
10
10
10
10
10
10
10
10
10
10
10
10
10
10
10
10
10
10
10
10
10
10
10
10
10
10
10
10
10
10
10
10
10
10
10
10
10
10
10
10
10
10
10
10
10
10
10
10
10
10
10
10
10
10
10
10
10
10
10
10
10
10
10
10
10
10
10
10
10
10
10
10
10
10
10
10
10
10
10
10
10
10
10
10
10
10
10
10
10
10
10
10
10
10
10
10
10
10
10
10
10
10
10
10
10
10
10
10
10
10
10
10
10
10
10
10
10
10
10
10
10
10
10
10
10
10
10
10
10
10
10
10
10
10
10
10
10
10
10
10
10
10
10
10
10
10
10
10
10
10
10
10
10
10
10
10
10
10
10
10
10
10
10
10
10
10
10
10
10
10
10
10
10
10
10
10
10
10
10
10
10
10
10
10
10
10
10
10
10
10
10
10
10
10
10
10
10
10
10
10
10
10
10
10
10
10
10
10
10
10
10
10
10
10
10
10
10
10
10
10
10
10
10
10
10
10
10
10
10
10
10
10
10
10
10
10
10
10
10
10
10
10
10
10
10
10
10
10
10
10
10
10
10
10
10
10
10
10
10
10
10
10
10
10
10
10
10
10
10
10
10
10
10
10
10
10
10
10
10
10
10
10
10
10
10
10
10
10
10
10
10
10
10
10
10
10
10
10
10
10
10
10
10
10
10
10
10
10
10
10
10
10
10
10
10
10
10
10
10
10
10
10
10
10
10
10
10
10
10
10
10
10
10
10
10
10
10
10
10
10
10
10
10
10
10
10
10
10
10
10
10
10
10
10
10
10
10
10
10
10
10
10
10
10
10
10
10
10
10
10
10
10
10
10
10
10
10
10
10
10
10
10
10
10
10
10
10
10
10
10
10
10
10
10
10
10
10
10
10
10
10
10
10
10
10
10
10
10
10
10
10
10
10
10
10
10
10
10
10
10
10
10
10
10
10
10
10
10
10
10
10
10
10
10
10
10
10
10
10
10
10
10
10
10
10
10
10
10
10
10
10
10
10
10
10
10
10
10
10
10
10
10
10
10
10
10
10
10
10
10
10
10
10
10
10
10
10
10
10
10
10
10
10
10
10
10
10
10
10
10
10
10
10
10
10
10
10
10
10
10
10
10
10
10
10
10
10
10
10
10
10
10
10
10
10
10
10
10
10
10
10
10
10
10
10
10
10
10
10
10
10
10
10
10
10
10
10
10
10
10
10
10
10
10
10
10
10
10
10
10
10
10
10
10
10
10
10
10
10
10
10
10
10
10
10
10
10
10
10
10
10
10
10
10
10
10
10
10
10
10
10
10
10
10
10
10
10
10
10
10
10
10
10
10
10
10
10
10
10
10
10
10
10
10
10
10
10
10
10
10
10
10
10
10
10
10
10
10
10
10
10
10
10
10
10
10
10
10
10
10
10
10
10
10
10
10
10
10
10
10
10
10
10
10
10
10
10
10
10
10
10
10
10
10
10
10
10
10
10
10
10
10
10
10
10
10
10
10
10
10
10
10
10
10
10
10
10
10
10
10
10
10
10
10
10
10
10
10
10
10
10
10
10
10
10
10
10
10
10
10
10
10
10
10
10
10
10
10
10
10
10
10
10
10
10
10
10
10
10
10
10
10
10
10
10
10
10
10
10
10
10
10
10
10
10
10
10
10
10
10
10
10
10
10
10
10
10
10
10
10
10
10
10
10
10
10
10
10
10
10
10
10
10
10
10
10
10
10
10
10
10
10
10
10
10
10
10
10
10
10
10
10
10
10
10
10
10
10
10
10
10
10
10
10
10
10
10
10
10
10
10
10
10
10
10
10
10
10
10
10
10
10
10
10
10
10
10
10
10
10
10
10
10
10
10
10
10
10
10
10
10
10
10
10
10
10
10
10
10
10
10
10
10
10
10
10
10
10
10
10
10
10
10
10
10
10
10
10
10
10
10
10
10
10
10
10
10
10
10
10
10
10
10
10
10
10
10
10
10
10
10
10
10
10
10
10
10
10
10
10
10
10
10
10
10
10
10
10
10
10
10
10
10
10
10
10
10
10
10
10
10
10
10
10
10
10
10
10
10
10
10
10
10
10
10
10
10
10
10
10
10
10
10
10
10
10
10
10
10
10
10
10
10
10
10
10
10
10
10
10
10
10
10
10
10
10
10
10
10
10
10
10
10
10
10
10
10
10
10
10
10
10
10
10
10
10
10
10
10
10
10
10
10
10
10
10
10
10
10
10
10
10
10
10
10
10
10
10
10
10
10
10
10
10
10
10
10
10
10
10
10
10
10
10
10
10
10
10
10
10
10
10
10
10
10
10
10
10
10
10
10
10
10
10
10
10
10
10
10
10
10
10
10
10
10
10
10
10
10
10
10
10
10
10
10
10
10
10
10
10
10
10
10
10
10
10
10
10
10
10
10
10
10
10
10
10
10
10
10
10
10
10
10
10
10
10
10
10
10
10
10
10
10
10
10
10
10
10
10
10
10
10
10
10
10
10
10
10
10
10
10
10
10
10
10
10
10
10
10
10
10
10
10
10
10
10
10
10
10
10
10
10
10
10
10
10
10
10
10
10
10
10
10
10
10
10
10
10
10
10
10
10
10
10
10
10
10
10
10
10
10
10
10
10
10
10
10
10
10
10
10
10
10
10
10
10
10
10
10
10
10
10
10
10
10
10
10
10
10
10
10
10
10
10
10
10
10
10
10
10
10
10
10
10
10
10
10
10
10
10
10
10
10
10
10
10
10
10
10
10
10
10
10
10
10
10
10
10
10
10
10
10
10
10
10
10
10
10
10
10
10
10
10
10
10
10
10
10
10
10
10
10
10
10
10
10
10
10
10
10
10
10
10
10
10
10
10
10
10
10
10
10
10
10
10
10
10
10
10
10
10
10
10
10
10
10
10
10
10
10
10
10
10
10
10
10
10
10
10
10
10
10
10
10
10
10
10
10
10
10
10
10
10
10
10
10
10
10
10
10
10
10
10
10
10
10
10
10
10
10
10
10
10
10
10
10
10
10
10
10
10
10
10
10
10
10
10
10
10
10
10
10
10
10
10
10
10
10
10
10
10
10
10
10
10
10
10
10
10
10
10
10
10
10
10
10
10
10
10
10
10
10
10
10
10
10
10
10
10
10
10
10
10
10
10
10
10
10
10
10
10
10
10
10
10
10
10
10
10
10
10
10
10
10
10
10
10
10
10
10
10
10
10
10
10
10
10
10
10
10
10
10
10
10
10
10
10
10
10
10
10
10
10
10
10
10
10
10
10
10
10
10
10
10
10
10
10
10
10
10
10
10
10
10
10
10
10
10
10
10
10
10
10
10
10
10
10
10
10
10
10
10
10
10
10
10
10
10
10
10
10
10
10
10
10
10
10
10
10
10
10
10
10
10
10
10
10
10
10
10
10
10
10
10
10
10
10
10
10
10
10
10
10
10
10
10
10
10
10
10
10
10
10
10
10
10
10
10
10
10
10
10
10
10
10
10
10
10
10
10
10
10
10
10
10
10
10
10
10
10
10
10
10
10
10
10
10
10
10
10
10
10
10
10
10
10
10
10
10
10
10
10
10
10
10
10
10
10
10
10
10
10
10
10
10
10
10
10
10
10
10
10
10
10
10
10
10
10
10
10
10
10
10
10
10
10
10
10
10
10
10
10
10
10
10
10
10
10
10
10
10
10
10
10
10
10
10
10
10
10
10
10
10
10
10
10
10
10
10
10
10
10
10
10
10
10
10
10
10
10
10
10
10
10
10
10
10
10
10
10
10
10
10
10
10
10
10
10
10
10
10
10
10
10
10
10
10
10
10
10
10
10
10
10
10
10
10
10
10
10
10
10
10
10
10
10
10
10
10
10
10
10
10
10
10
10
10
10
10
10
10
10
10
10
10
10
10
10
10
10
10
10
10
10
10
10
10
10
10
10
10
10
10
10
10
10
10
10
10
10
10
10
10
10
10
10
10
10
10
10
10
10
10
10
10
10
10
10
10
10
10
10
10
10
10
10
10
10
10
10
10
10
10
10
10
10
10
10
10
10
10
10
10
10
10
10
10
10
10
10
10
10
10
10
10
10
10
10
10
10
10
10
10
10
10
10
10
10
10
10
10
10
10
10
10
10
10
10
10
10
10
10
10
10
10
10
10
10
10
10
10
10
10
10
10
10
10
10
10
10
10
10
10
10
10
10
10
10
10
10
10
10
10
10
10
10
10
10
10
10
10
10
10
10
10
10
10
10
10
10
10
10
10
10
10
10
10
10
10
10
10
10
10
10
10
10
10
10
10
10
10
10
10
10
10
10
10
10
10
10
10
10
10
10
10
10
10
10
10
10
10
10
10
10
10
10
10
10
10
10
10
10
10
10
10
10
10
10
10
10
10
10
10
10
10
10
10
10
10
10
10
10
10
10
10
10
10
10
10
10
10
10
10
10
10
10
10
10
10
10
10
10
10
10
10
10
10
10
10
10
10
10
10
10
10
10
10
10
10
10
10
10
10
10
10
10
10
10
10
10
10
10
10
10
10
10
10
10
10
10
10
10
10
10
10
10
10
10
10
10
10
10
10
10
10
10
10
10
10
10
10
10
10
10
10
10
10
10
10
10
10
10
10
10
10
10
10
10
10
10
10
10
10
10
10
10
10
10
10
10
10
10
10
10
10
10
10
10
10
10
10
10
10
10
10
10
10
10
10
10
10
10
10
10
10
10
10
10
10
10
10
10
10
10
10
10
10
10
10
10
10
10
10
10
10
10
10
10
10
10
10
10
10
10
10
10
10
10
10
10
10
10
10
10
10
10
10
10
10
10
10
10
10
10
10
10
10
10
10
10
10
10
10
10
10
10
10
10
10
10
10
10
10
10
10
10
10
10
10
10
10
10
10
10
10
10
10
10
10
10
10
10
10
10
10
10
10
10
10
10
10
10
10
10
10
10
10
10
10
10
10
10
10
10
10
10
10
10
10
10
10
10
10
10
10
10
10
10
10
10
10
10
10
10
10
10
10
10
10
10
10
10
10
10
10
10
10
10
10
10
10
10
10
10
10
10
10
10
10
10
10
10
10
10
10
10
10
10
10
10
10
10
10
10
10
10
10
10
10
10
10
10
10
10
10
10
10
10
10
10
10
10
10
10
10
10
10
10
10
10
10
10
10
10
10
10
10
10
10
10
10
10
10
10
10
10
10
10
10
10
10
10
10
10
10
10
10
10
10
10
10
10
10
10
10
10
10
10
10
10
10
10
10
10
10
10
10
10
10
10
10
10
10
10
10
10
10
10
10
10
10
10
10
10
10
10
10
10
10
10
10
10
10
10
10
10
10
10
10
10
10
10
10
10
10
10
10
10
10
10
10
10
10
10
10
10
10
10
10
10
10
10
10
10
10
10
10
10
10
10
10
10
10
10
10
10
10
10
10
10
10
10
10
10
10
10
10
10
10
10
10
10
10
10
10
10
10
10
10
10
10
10
10
10
10
10
10
10
10
10
10
10
10
10
10
10
10
10
10
10
10
10
10
10
10
10
10
10
10
10
10
10
10
10
10
10
10
10
10
10
10
10
10
10
10
10
10
10
10
10
10
10
10
10
10
10
10
10
10
10
10
10
10
10
10
10
10
10
10
10
10
10
10
10
10
10
10
10
10
10
10
10
10
10
10
10
10
10
10
10
10
10
10
10
10
10
10
10
10
10
10
10
10
10
10
10
10
10
10
10
10
10
10
10
10
10
10
10
10
10
10
10
10
10
10
10
10
10
10
10
10
10
10
10
10
10
10
10
10
10
10
10
10
10
10
10
10
10
10
10
10
10
10
10
10
10
10
10
10
10
10
10
10
10
10
10
10
10
10
10
10
10
10
10
10
10
10
10
10
10
10
10
10
10
10
10
10
10
10
10
10
10
10
10
10
10
10
10
10
10
10
10
10
10
10
10
10
10
10
10
10
10
10
10
10
10
10
10
10
10
10
10
10
10
10
10
10
10
10
10
10
10
10
10
10
10
10
10
10
10
10
10
10
10
10
10
10
10
10
10
10
10
10
10
10
10
10
10
10
10
10
10
10
10
10
10
10
10
10
10
10
10
10
10
10
10
10
10
10
10
10
10
10
10
10
10
10
10
10
10
10
10
10
10
10
10
10
10
10
10
10
10
10
10
10
10
10
10
10
10
10
10
10
10
10
10
10
10
10
10
10
10
10
10
10
10
10
10
10
10
10
10
10
10
10
10
10
10
10
10
10
10
10
10
10
10
10
10
10
10
10
10
10
10
10
10
10
10
10
10
10
10
10
10
10
10
10
10
10
10
10
10
10
10
10
10
10
10
10
10
10
10
10
10
10
10
10
10
10
10
10
10
10
10
10
10
10
10
10
10
10
10
10
10
10
10
10
10
10
10
10
10
10
10
10
10
10
10
10
10
10
10
10
10
10
10
10
10
10
10
10
10
10
10
10
10
10
10
10
10
10
10
10
10
10
10
10
10
10
10
10
10
10
10
10
10
10
10
10
10
10
10
10
10
10
10
10
10
10
10
10
10
10
10
10
10
10
10
10
10
10
10
10
10
10
10
10
10
10
10
10
10
10
10
10
10
10
10
10
10
10
10
10
10
10
10
10
10
10
10
10
10
10
10
10
10
10
10
10
10
10
10
10
10
10
10
10
10
10
10
10
10
10
10
10
10
10
10
10
10
10
10
10
10
10
10
10
10
10
10
10
10
10
10
10
10
10
10
10
10
10
10
10
10
10
10
10
10
10
10
10
10
10
10
10
10
10
10
10
10
10
10
10
10
10
10
10
10
10
10
10
10
10
10
10
10
10
10
10
10
10
10
10
10
10
10
10
10
10
10
10
10
10
10
10
10
10
10
10
10
10
10
10
10
10
10
10
10
10
10
10
10
10
10
10
10
10
10
10
10
10
10
10
10
10
10
10
10
10
10
10
10
10
10
10
10
10
10
10
10
10
10
10
10
10
10
10
10
10
10
10
10
10
10
10
10
10
10
10
10
10
10
10
10
10
10
10
10
10
10
10
10
10
10
10
10
10
10
10
10
10
10
10
10
10
10
10
10
10
10
10
10
10
10
10
10
10
10
10
10
10
10
10
10
10
10
10
10
10
10
10
10
10
10
10
10
10
10
10
10
10
10
10
10
10
10
10
10
10
10
10
10
10
10
10
10
10
10
10
10
10
10
10
10
10
10
10
10
10
10
10
10
10
10
10
10
10
10
10
10
10
10
10
10
10
10
10
10
10
10
10
10
10
10
10
10
10
10
10
10
10
10
10
10
10
10
10
10
10
10
10
10
10
10
10
10
10
10
10
10
10
10
10
10
10
10
10
10
10
10
10
10
10
10
10
10
10
10
10
10
10
10
10
10
10
10
10
10
10
10
10
10
10
10
10
10
10
10
10
10
10
10
10
10
10
10
10
10
10
10
10
10
10
10
10
10
10
10
10
10
10
10
10
10
10
10
10
10
10
10
10
10
10
10
10
10
10
10
10
10
10
10
10
10
10
10
10
10
10
10
10
10
10
10
10
10
10
10
10
10
10
10
10
10
10
10
10
10
10
10
10
10
10
10
10
10
10
10
10
10
10
10
10
10
10
10
10
10
10
10
10
10
10
10
10
10
10
10
10
10
10
10
10
10
10
10
10
10
10
10
10
10
10
10
10
10
10
10
10
10
10
10
10
10
10
10
10
10
10
10
10
10
10
10
10
10
10
10
10
10
10
10
10
10
10
10
10
10
10
10
10
10
10
10
10
10
10
10
10
10
10
10
10
10
10
10
10
10
10
10
10
10
10
10
10
10
10
10
10
10
10
10
10
10
10
10
10
10
10
10
10
10
10
10
10
10
10
10
10
10
10
10
10
10
10
10
10
10
10
10
10
10
10
10
10
10
10
10
10
10
10
10
10
10
10
10
10
10
10
10
10
10
10
10
10
10
10
10
10
10
10
10
10
10
10
10
10
10
10
10
10
10
10
10
10
10
10
10
10
10
10
10
10
10
10
10
10
10
10
10
10
10
10
10
10
10
10
10
10
10
10
10
10
10
10
10
10
10
10
10
10
10
10
10
10
10
10
10
10
10
10
10
10
10
10
10
10
10
10
10
10
10
10
10
10
10
10
10
10
10
10
10
10
10
10
10
10
10
10
10
10
10
10
10
10
10
10
10
10
10
10
10
10
10
10
10
10
10
10
10
10
10
10
10
10
10
10
10
10
10
10
10
10
10
10
10
10
10
10
10
10
10
10
10
10
10
10
10
10
10
10
10
10
10
10
10
10
10
10
10
10
10
10
10
10
10
10
10
10
10
10
10
10
10
10
10
10
10
10
10
10
10
10
10
10
10
10
10
10
10
10
10
10
10
10
10
10
10
10
10
10
10
10
10
10
10
10
10
10
10
10
10
10
10
10
10
10
10
10
10
10
10
10
10
10
10
10
10
10
10
10
10
10
10
10
10
10
10
10
10
10
10
10
10
10
10
10
10
10
10
10
10
10
10
10
10
10
10
10
10
10
10
10
10
10
10
10
10
10
10
10
10
10
10
10
10
10
10
10
10
10
10
10
10
10
10
10
10
10
10
10
10
10
10
10
10
10
10
10
10
10
10
10
10
10
10
10
10
10
10
10
10
10
10
10
10
10
10
10
10
10
10
10
10
10
10
10
10
10
10
10
10
10
10
10
10
10
10
10
10
10
10
10
10
10
10
10
10
10
10
10
10
10
10
10
10
10
10
10
10
10
10
10
10
10
10
10
10
10
10
10
10
10
10
10
10
10
10
10
10
10
10
10
10
10
10
10
10
10
10
10
10
10
10
10
10
10
10
10
10
10
10
10
10
10
10
10
10
10
10
10
10
10
10
10
10
10
10
10
10
10
10
10
10
10
10
10
10
10
10
10
10
10
10
10
10
10
10
10
10
10
10
10
10
10
10
10
10
10
10
10
10
10
10
10
10
10
10
10
10
10
10
10
10
10
10
10
10
10
10
10
10
10
10
10
10
10
10
10
10
10
10
10
10
10
10
10
10
10
10
10
10
10
10
10
10
10
10
10
10
10
10
10
10
10
10
10
10
10
10
10
10
10
10
10
10
10
10
10
10
10
10
10
10
10
10
10
10
10
10
10
10
10
10
10
10
10
10
10
10
10
10
10
10
10
10
10
10
10
10
10
10
10
10
10
10
10
10
10
10
10
10
10
10
10
10
10
10
10
10
10
10
10
10
10
10
10
10
10
10
10
10
10
10
10
10
10
10
10
10
10
10
10
10
10
10
10
10
10
10
10
10
10
10
10
10
10
10
10
10
10
10
10
10
10
10
10
10
10
10
10
10
10
10
10
10
10
10
10
10
10
10
10
10
10
10
10
10
10
10
10
10
10
10
10
10
10
10
10
10
10
10
10
10
10
10
10
10
10
10
10
10
10
10
10
10
10
10
10
10
10
10
10
10
10
10
10
10
10
10
10
10
10
10
10
10
10
10
10
10
10
10
10
10
10
10
10
10
10
10
10
10
10
10
10
10
10
10
10
10
10
10
10
10
10
10
10
10
10
10
10
10
10
10
10
10
10
10
10
10
10
10
10
10
10
10
10
10
10
10
10
10
10
10
10
10
10
10
10
10
10
10
10
10
10
10
10
10
10
10
10
10
10
10
10
10
10
10
10
10
10
10
10
10
10
10
10
10
10
10
10
10
10
10
10
10
10
10
10
10
10
10
10
10
10
10
10
10
10
10
10
10
10
10
10
10
10
10
10
10
10
10
10
10
10
10
10
10
10
10
10
10
10
10
10
10
10
10
10
10
10
10
10
10
10
10
10
10
10
10
10
10
10
10
10
10
10
10
10
10
10
10
10
10
10
10
10
10
10
10
10
10
10
10
10
10
10
10
10
10
10
10
10
10
10
10
10
10
10
10
10
10
10
10
10
10
10
10
10
10
10
10
10
10
10
10
10
10
10
10
10
10
10
10
10
10
10
10
10
10
10
10
10
10
10
10
10
10
10
10
10
10
10
10
10
10
10
10
10
10
10
10
10
10
10
10
10
10
10
10
10
10
10
10
10
10
10
10
10
10
10
10
10
10
10
10
10
10
10
10
10
10
10
10
10
10
10
10
10
10
10
10
10
10
10
10
10
10
10
10
10
10
10
10
10
10
10
10
10
10
10
10
10
10
10
10
10
10
10
10
10
10
10
10
10
10
10
10
10
10
10
10
10
10
10
10
10
10
10
10
10
10
10
10
10
10
10
10
10
10
10
10
10
10
10
10
10
10
10
10
10
10
10
10
10
10
10
10
10
10
10
10
10
10
10
10
10
10
10
10
10
10
10
10
10
10
10
10
10
10
10
10
10
10
10
10
10
10
10
10
10
10
10
10
10
10
10
10
10
10
10
10
10
10
10
10
10
10
10
10
10
10
10
10
10
10
10
10
10
10
10
10
10
10
10
10
10
10
10
10
10
10
10
10
10
10
10
10
10
10
10
10
10
10
10
10
10
10
10
10
10
10
10
10
10
10
10
10
10
10
10
10
10
10
10
10
10
10
10
10
10
10
10
10
10
10
10
10
10
10
10
10
10
10
10
10
10
10
10
10
10
10
10
10
10
10
10
10
10
10
10
10
10
10
10
10
10
10
10
10
10
10
10
10
10
10
10
10
10
10
10
10
10
10
10
10
10
10
10
10
10
10
10
10
10
10
10
10
10
10
10
10
10
10
10
10
10
10
10
10
10
10
10
10
10
10
10
10
10
10
10
10
10
10
10
10
10
10
10
10
10
10
10
10
10
10
10
10
10
10
10
10
10
10
10
10
10
10
10
10
10
10
10
10
10
10
10
10
10
10
10
10
10
10
10
10
10
10
10
10
10
10
10
10
10
10
10
10
10
10
10
10
10
10
10
10
10
10
10
10
10
10
10
10
10
10
10
10
10
10
10
10
10
10
10
10
10
10
10
10
10
10
10
10
10
10
10
10
10
10
10
10
10
10
10
10
10
10
10
10
10
10
10
10
10
10
10
10
10
10
10
10
10
10
10
10
10
10
10
10
10
10
10
10
10
10
10
10
10
10
10
10
10
10
10
10
10
10
10
10
10
10
10
10
10
10
10
10
10
10
10
10
10
10
10
10
10
10
10
10
10
10
10
10
10
10
10
10
10
10
10
10
10
10
10
10
10
10
10
10
10
10
10
10
10
10
10
10
10
10
10
10
10
10
10
10
10
10
10
10
10
10
10
10
10
10
10
10
10
10
10
10
10
10
10
10
10
10
10
10
10
10
10
10
10
10
10
10
10
10
10
10
10
10
10
10
10
10
10
10
10
10
10
10
10
10
10
10
10
10
10
10
10
10
10
10
10
10
10
10
10
10
10
10
10
10
10
10
10
10
10
10
10
10
10
10
10
10
10
10
10
10
10
10
10
10
10
10
10
10
10
10
10
10
10
10
10
10
10
10
10
10
10
10
10
10
10
10
10
10
10
10
10
10
10
10
10
10
10
10
10
10
10
10
10
10
10
10
10
10
10
10
10
10
10
10
10
10
10
10
10
10
10
10
10
10
10
10
10
10
10
10
10
10
10
10
10
10
10
10
10
10
10
10
10
10
10
10
10
10
10
10
10
10
10
10
10
10
10
10
10
10
10
10
10
10
10
10
10
10
10
10
10
10
10
10
10
10
10
10
10
10
10
10
10
10
10
10
10
10
10
10
10
10
10
10
10
10
10
10
10
10
10
10
10
10
10
10
10
10
10
10
10
10
10
10
10
10
10
10
10
10
10
10
10
10
10
10
10
10
10
10
10
10
10
10
10
10
10
10
10
10
10
10
10
10
10
10
10
10
10
10
10
10
10
10
10
10
10
10
10
10
10
10
10
10
10
10
10
10
10
10
10
10
10
10
10
10
10
10
10
10
10
10
10
10
10
10
10
10
10
10
10
10
10
10
10
10
10
10
10
10
10
10
10
10
10
10
10
10
10
10
10
10
10
10
10
10
10
10
10
10
10
10
10
10
10
10
10
10
10
10
10
10
10
10
10
10
10
10
10
10
10
10
10
10
10
10
10
10
10
10
10
10
10
10
10
10
10
10
10
10
10
10
10
10
10
10
10
10
10
10
10
10
10
10
10
10
10
10
10
10
10
10
10
10
10
10
10
10
10
10
10
10
10
10
10
10
10
10
10
10
10
10
10
10
10
10
10
10
10
10
10
10
10
10
10
10
10
10
10
10
10
10
10
10
10
10
10
10
10
10
10
10
10
10
10
10
10
10
10
10
10
10
10
10
10
10
10
10
10
10
10
10
10
10
10
10
10
10
10
10
10
10
10
10
10
10
10
10
10
10
10
10
10
10
10
10
10
10
10
10
10
10
10
10
10
10
10
10
10
10
10
10
10
10
10
10
10
10
10
10
10
10
10
10
10
10
10
10
10
10
10
10
10
10
10
10
10
10
10
10
10
10
10
10
10
10
10
10
10
10
10
10
10
10
10
10
10
10
10
10
10
10
10
10
10
10
10
10
10
10
10
10
10
10
10
10
10
10
10
10
10
10
10
10
10
10
10
10
10
10
10
10
10
10
10
10
10
10
10
10
10
10
10
10
10
10
10
10
10
10
10
10
10
10
10
10
10
10
10
10
10
10
10
10
10
10
10
10
10
10
10
10
10
10
10
10
10
10
10
10
10
10
10
10
10
10
10
10
10
10
10
10
10
10
10
10
10
10
10
10
10
10
10
10
10
10
10
10
10
10
10
10
10
10
10
10
10
10
10
10
10
10
10
10
10
10
10
10
10
10
10
10
10
10
10
10
10
10
10
10
10
10
10
10
10
10
10
10
10
10
10
10
10
10
10
10
10
10
10
10
10
10
10
10
10
10
10
10
10
10
10
10
10
10
10
10
10
10
10
10
10
10
10
10
10
10
10
10
10
10
10
10
10
10
10
10
10
10
10
10
10
10
10
10
10
10
10
10
10
10
10
10
10
10
10
10
10
10
10
10
10
10
10
10
10
10
10
10
10
10
10
10
10
10
10
10
10
10
10
10
10
10
10
10
10
10
10
10
10
10
10
10
10
10
10
10
10
10
10
10
10
10
10
10
10
10
10
10
10
10
10
10
10
10
10
10
10
10
10
10
10
10
10
10
10
10
10
10
10
10
10
10
10
10
10
10
10
10
10
10
10
10
10
10
10
10
10
10
10
10
10
10
10
10
10
10
10
10
10
10
10
10
10
10
10
10
10
10
10
10
10
10
10
10
10
10
10
10
10
10
10
10
10
10
10
10
10
10
10
10
10
10
10
10
10
10
10
10
10
10
10
10
10
10
10
10
10
10
10
10
10
10
10
10
10
10
10
10
10
10
10
10
10
10
10
10
10
10
10
10
10
10
10
10
10
10
10
10
10
10
10
10
10
10
10
10
10
10
10
10
10
10
10
10
10
10
10
10
10
10
10
10
10
10
10
10
10
10
10
10
10
10
10
10
10
10
10
10
10
10
10
10
10
10
10
10
10
10
10
10
10
10
10
10
10
10
10
10
10
10
10
10
10
10
10
10
10
10
10
10
10
10
10
10
10
10
10
10
10
10
10
10
10
10
10
10
10
10
10
10
10
10
10
10
10
10
10
10
10
10
10
10
10
10
10
10
10
10
10
10
10
10
10
10
10
10
10
10
10
10
10
10
10
10
10
10
10
10
10
10
10
10
10
10
10
10
10
10
10
10
10
10
10
10
10
10
10
10
10
10
10
10
10
10
10
10
10
10
10
10
10
10
10
10
10
10
10
10
10
10
10
10
10
10
10
10
10
10
10
10
10
10
10
10
10
10
10
10
10
10
10
10
10
10
10
10
10
10
10
10
10
10
10
10
10
10
10
10
10
10
10
10
10
10
10
10
10
10
10
10
10
10
10
10
10
10
10
10
10
10
10
10
10
10
10
10
10
10
10
10
10
10
10
10
10
10
10
10
10
10
10
10
10
10
10
10
10
10
10
10
10
10
10
10
10
10
10
10
10
10
10
10
10
10
10
10
10
10
10
10
10
10
10
10
10
10
10
10
10
10
10
10
10
10
10
10
10
10
10
10
10
10
10
10
10
10
10
10
10
10
10
10
10
10
10
10
10
10
10
10
10
10
10
10
10
10
10
10
10
10
10
10
10
10
10
10
10
10
10
10
10
10
10
10
10
10
10
10
10
10
10
10
10
10
10
10
10
10
10
10
10
10
10
10
10
10
10
10
10
10
10
10
10
10
10
10
10
10
10
10
10
10
10
10
10
10
10
10
10
10
10
10
10
10
10
10
10
10
10
10
10
10
10
10
10
10
10
10
10
10
10
10
10
10
10
10
10
10
10
10
10
10
10
10
10
10
10
10
10
10
10
10
10
10
10
10
10
10
10
10
10
10
10
10
10
10
10
10
10
10
10
10
10
10
10
10
10
10
10
10
10
10
10
10
10
10
10
10
10
10
10
10
10
10
10
10
10
10
10
10
10
10
10
10
10
10
10
10
10
10
10
10
10
10
10
10
10
10
10
10
10
10
10
10
10
10
10
10
10
10
10
10
10
10
10
10
10
10
10
10
10
10
10
10
10
10
10
10
10
10
10
10
10
10
10
10
10
10
10
10
10
10
10
10
10
10
10
10
10
10
10
10
10
10
10
10
10
10
10
10
10
10
10
10
10
10
10
10
10
10
10
10
10
10
10
10
10
10
10
10
10
10
10
10
10
10
10
10
10
10
10
10
10
10
10
10
10
10
10
10
10
10
10
10
10
10
10
10
10
10
10
10
10
10
10
10
10
10
10
10
10
10
10
10
10
10
10
10
10
10
10
10
10
10
10
10
10
10
10
10
10
10
10
10
10
10
10
10
10
10
10
10
10
10
10
10
10
10
10
10
10
10
10
10
10
10
10
10
10
10
10
10
10
10
10
10
10
10
10
10
10
10
10
10
10
10
10
10
10
10
10
10
10
10
10
10
10
10
10
10
10
10
10
10
10
10
10
10
10
10
10
10
10
10
10
10
10
10
10
10
10
10
10
10
10
10
10
10
10
10
10
10
10
10
10
10
10
10
10
10
10
10
10
10
10
10
10
10
10
10
10
10
10
10
10
10
10
10
10
10
10
10
10
10
10
10
10
10
10
10
10
10
10
10
10
10
10
10
10
10
10
10
10
10
10
10
10
10
10
10
10
10
10
10
10
10
10
10
10
10
10
10
10
10
10
10
10
10
10
10
10
10
10
10
10
10
10
10
10
10
10
10
10
10
10
10
10
10
10
10
10
10
10
10
10
10
10
10
10
10
10
10
10
10
10
10
10
10
10
10
10
10
10
10
10
10
10
10
10
10
10
10
10
10
10
10
10
10
10
10
10
10
10
10
10
10
10
10
10
10
10
10
10
10
10
10
10
10
10
10
10
10
10
10
10
10
10
10
10
10
10
10
10
10
10
10
10
10
10
10
10
10
10
10
10
10
10
10
10
10
10
10
10
10
10
10
10
10
10
10
10
10
10
10
10
10
10
10
10
10
10
10
10
10
10
10
10
10
10
10
10
10
10
10
10
10
10
10
10
10
10
10
10
10
10
10
10
10
10
10
10
10
10
10
10
10
10
10
10
10
10
10
10
10
10
10
10
10
10
10
10
10
10
10
10
10
10
10
10
10
10
10
10
10
10
10
10
10
10
10
10
10
10
10
10
10
10
10
10
10
10
10
10
10
10
10
10
10
10
10
10
10
10
10
10
10
10
10
10
10
10
10
10
10
10
10
10
10
10
10
10
10
10
10
10
10
10
10
10
10
10
10
10
10
10
10
10
10
10
10
10
10
10
10
10
10
10
10
10
10
10
10
10
10
10
10
10
10
10
10
10
10
10
10
10
10
10
10
10
10
10
10
10
10
10
10
10
10
10
10
10
10
10
10
10
10
10
10
10
10
10
10
10
10
10
10
10
10
10
10
10
10
10
10
10
10
10
10
10
10
10
10
10
10
10
10
10
10
10
10
10
10
10
10
10
10
10
10
10
10
10
10
10
10
10
10
10
10
10
10
10
10
10
10
10
10
10
10
10
10
10
10
10
10
10
10
10
10
10
10
10
10
10
10
10
10
10
10
10
10
10
10
10
10
10
10
10
10
10
10
10
10
10
10
10
10
10
10
10
10
10
10
10
10
10
10
10
10
10
10
10
10
10
10
10
10
10
10
10
10
10
10
10
10
10
10
10
10
10
10
10
10
10
10
10
10
10
10
10
10
10
10
10
10
10
10
10
10
10
10
10
10
10
10
10
10
10
10
10
10
10
10
10
10
10
10
10
10
10
10
10
10
10
10
10
10
10
10
10
10
10
10
10
10
10
10
10
10
10
10
10
10
10
10
10
10
10
10
10
10
10
10
10
10
10
10
10
10
10
10
10
10
10
10
10
10
10
10
10
10
10
10
10
10
10
10
10
10
10
10
10
10
10
10
10
10
10
10
10
10
10
10
10
10
10
10
10
10
10
10
10
10
10
10
10
10
10
10
10
10
10
10
10
10
10
10
10
10
10
10
10
10
10
10
10
10
10
10
10
10
10
10
10
10
10
10
10
10
10
10
10
10
10
10
10
10
10
10
10
10
10
10
10
10
10
10
10
10
10
10
10
10
10
10
10
10
10
10
10
10
10
10
10
10
10
10
10
10
10
10
10
10
10
10
10
10
10
10
10
10
10
10
10
10
10
10
10
10
10
10
10
10
10
10
10
10
10
10
10
10
10
10
10
10
10
10
10
10
10
10
10
10
10
10
10
10
10
10
10
10
10
10
10
10
10
10
10
10
10
10
10
10
10
10
10
10
10
10
10
10
10
10
10
10
10
10
10
10
10
10
10
10
10
10
10
10
10
10
10
10
10
10
10
10
10
10
10
10
10
10
10
10
10
10
10
10
10
10
10
10
10
10
10
10
10
10
10
10
10
10
10
10
10
10
10
10
10
10
10
10
10
10
10
10
10
10
10
10
10
10
10
10
10
10
10
10
10
10
10
10
10
10
10
10
10
10
10
10
10
10
10
10
10
10
10
10
10
10
10
10
10
10
10
10
10
10
10
10
10
10
10
10
10
10
10
10
10
10
10
10
10
10
10
10
10
10
10
10
10
10
10
10
10
10
10
10
10
10
10
10
10
10
10
10
10
10
10
10
10
10
10
10
10
10
10
10
10
10
10
10
10
10
10
10
10
10
10
10
10
10
10
10
10
10
10
10
10
10
10
10
10
10
10
10
10
10
10
10
10
10
10
10
10
10
10
10
10
10
10
10
10
10
10
10
10
10
10
10
10
10
10
10
10
10
10
10
10
10
10
10
10
10
10
10
10
10
10
10
10
10
10
10
10
10
10
10
10
10
10
10
10
10
10
10
10
10
10
10
10
10
10
10
10
10
10
10
10
10
10
10
10
10
10
10
10
10
10
10
10
10
10
10
10
10
10
10
10
10
10
10
10
10
10
10
10
10
10
10
10
10
10
10
10
10
10
10
10
10
10
10
10
10
10
10
10
10
10
10
10
10
10
10
10
10
10
10
10
10
10
10
10
10
10
10
10
10
10
10
10
10
10
10
10
10
10
10
10
10
10
10
10
10
10
10
10
10
10
10
10
10
10
10
10
10
10
10
10
10
10
10
10
10
10
10
10
10
10
10
10
10
10
10
10
10
10
10
10
10
10
10
10
10
10
10
10
10
10
10
10
10
10
10
10
10
10
10
10
10
10
10
10
10
10
10
10
10
10
10
10
10
10
10
10
10
10
10
10
10
10
10
10
10
10
10
10
10
10
10
10
10
10
10
10
10
10
10
10
10
10
10
10
10
10
10
10
10
10
10
10
10
10
10
10
10
10
10
10
10
10
10
10
10
10
10
10
10
10
10
10
10
10
10
10
10
10
10
10
10
10
10
10
10
10
10
10
10
10
10
10
10
10
10
10
10
10
10
10
10
10
10
10
10
10
10
10
10
10
10
10
10
10
10
10
10
10
10
10
10
10
10
10
10
10
10
10
10
10
10
10
10
10
10
10
10
10
10
10
10
10
10
10
10
10
10
10
10
10
10
10
10
10
10
10
10
10
10
10
10
10
10
10
10
10
10
10
10
10
10
10
10
10
10
10
10
10
10
10
10
10
10
10
10
10
10
10
10
10
10
10
10
10
10
10
10
10
10
10
10
10
10
10
10
10
10
10
10
10
10
10
10
10
10
10
10
10
10
10
10
10
10
10
10
10
10
10
10
10
10
10
10
10
10
10
10
10
10
10
10
10
10
10
10
10
10
10
10
10
10
10
10
10
10
10
10
10
10
10
10
10
10
10
10
10
10
10
10
10
10
10
10
10
10
10
10
10
10
10
10
10
10
10
10
10
10
10
10
10
10
10
10
10
10
10
10
10
10
10
10
10
10
10
10
10
10
10
10
10
10
10
10
10
10
10
10
10
10
10
10
10
10
10
10
10
10
10
10
10
10
10
10
10
10
10
10
10
10
10
10
10
10
10
10
10
10
10
10
10
10
10
10
10
10
10
10
10
10
10
10
10
10
10
10
10
10
10
10
10
10
10
10
10
10
10
10
10
10
10
10
10
10
10
10
10
10
10
10
10
10
10
10
10
10
10
10
10
10
10
10
10
10
10
10
10
10
10
10
10
10
10
10
10
10
10
10
10
10
10
10
10
10
10
10
10
10
10
10
10
10
10
10
10
10
10
10
10
10
10
10
10
10
10
10
10
10
10
10
10
10
10
10
10
10
10
10
10
10
10
10
10
10
10
10
10
10
10
10
10
10
10
10
10
10
10
10
10
10
10
10
10
10
10
10
10
10
10
10
10
10
10
10
10
10
10
10
10
10
10
10
10
10
10
10
10
10
10
10
10
10
10
10
10
10
10
10
10
10
10
10
10
10
10
10
10
10
10
10
10
10
10
10
10
10
10
10
10
10
10
10
10
10
10
10
10
10
10
10
10
10
10
10
10
10
10
10
10
10
10
10
10
10
10
10
10
10
10
10
10
10
10
10
10
10
10
10
10
10
10
10
10
10
10
10
10
10
10
10
10
10
10
10
10
10
10
10
10
10
10
10
10
10
10
10
10
10
10
10
10
10
10
10
10
10
10
10
10
10
10
10
10
10
10
10
10
10
10
10
10
10
10
10
10
10
10
10
10
10
10
10
10
10
10
10
10
10
10
10
10
10
10
10
10
10
10
10
10
10
10
10
10
10
10
10
10
10
10
10
10
10
10
10
10
10
10
10
10
10
10
10
10
10
10
10
10
10
10
10
10
10
10
10
10
10
10
10
10
10
10
10
10
10
10
10
10
10
10
10
10
10
10
10
10
10
10
10
10
10
10
10
10
10
10
10
10
10
10
10
10
10
10
10
10
10
10
10
10
10
10
10
10
10
10
10
10
10
10
10
10
10
10
10
10
10
10
10
10
10
10
10
10
10
10
10
10
10
10
10
10
10
10
10
10
10
10
10
10
10
10
10
10
10
10
10
10
10
10
10
10
10
10
10
10
10
10
10
10
10
10
10
10
10
10
10
10
10
10
10
10
10
10
10
10
10
10
10
10
10
10
10
10
10
10
10
10
10
10
10
10
10
10
10
10
10
10
10
10
10
10
10
10
10
10
10
10
10
10
10
10
10
10
10
10
10
10
10
10
10
10
10
10
10
10
10
10
10
10
10
10
10
10
10
10
10
10
10
10
10
10
10
10
10
10
10
10
10
10
10
10
10
10
10
10
10
10
10
10
10
10
10
10
10
10
10
10
10
10
10
10
10
10
10
10
10
10
10
10
10
10
10
10
10
10
10
10
10
10
10
10
10
10
10
10
10
10
10
10
10
10
10
10
10
10
10
10
10
10
10
10
10
10
10
10
10
10
10
10
10
10
10
10
10
10
10
10
10
10
10
10
10
10
10
10
10
10
10
10
10
10
10
10
10
10
10
10
10
10
10
10
10
10
10
10
10
10
10
10
10
10
10
10
10
10
10
10
10
10
10
10
10
10
10
10
10
10
10
10
10
10
10
10
10
10
10
10
10
10
10
10
10
10
10
10
10
10
10
10
10
10
10
10
10
10
10
10
10
10
10
10
10
10
10
10
10
10
10
10
10
10
10
10
10
10
10
10
10
10
10
10
10
10
10
10
10
10
10
10
10
10
10
10
10
10
10
10
10
10
10
10
10
10
10
10
10
10
10
10
10
10
10
10
10
10
10
10
10
10
10
10
10
10
10
10
10
10
10
10
10
10
10
10
10
10
10
10
10
10
10
10
10
10
10
10
10
10
10
10
10
10
10
10
10
10
10
10
10
10
10
10
10
10
10
10
10
10
10
10
10
10
10
10
10
10
10
10
10
10
10
10
10
10
10
10
10
10
10
10
10
10
10
10
10
10
10
10
10
10
10
10
10
10
10
10
10
10
10
10
10
10
10
10
10
10
10
10
10
10
10
10
10
10
10
10
10
10
10
10
10
10
10
10
10
10
10
10
10
10
10
10
10
10
10
10
10
10
10
10
10
10
10
10
10
10
10
10
10
10
10
10
10
10
10
10
10
10
10
10
10
10
10
10
10
10
10
10
10
10
10
10
10
10
10
10
10
10
10
10
10
10
10
10
10
10
10
10
10
10
10
10
10
10
10
10
10
10
10
10
10
10
10
10
10
10
10
10
10
10
10
10
10
10
10
10
10
10
10
10
10
10
10
10
10
10
10
10
10
10
10
10
10
10
10
10
10
10
10
10
10
10
10
10
10
10
10
10
10
10
10
10
10
10
10
10
10
10
10
10
10
10
10
10
10
10
10
10
10
10
10
10
10
10
10
10
10
10
10
10
10
10
10
10
10
10
10
10
10
10
10
10
10
10
10
10
10
10
10
10
10
10
10
10
10
10
10
10
10
10
10
10
10
10
10
10
10
10
10
10
10
10
10
10
10
10
10
10
10
10
10
10
10
10
10
10
10
10
10
10
10
10
10
10
10
10
10
10
10
10
10
10
10
10
10
10
10
10
10
10
10
10
10
10
10
10
10
10
10
10
10
10
10
10
10
10
10
10
10
10
10
10
10
10
10
10
10
10
10
10
10
10
10
10
10
10
10
10
10
10
10
10
10
10
10
10
10
10
10
10
10
10
10
10
10
10
10
10
10
10
10
10
10
10
10
10
10
10
10
10
10
10
10
10
10
10
10
10
10
10
10
10
10
10
10
10
10
10
10
10
10
10
10
10
10
10
10
10
10
10
10
10
10
10
10
10
10
10
10
10
10
10
10
10
10
10
10
10
10
10
10
10
10
10
10
10
10
10
10
10
10
10
10
10
10
10
10
10
10
10
10
10
10
10
10
10
10
10
10
10
10
10
10
10
10
10
10
10
10
10
10
10
10
10
10
10
10
10
10
10
10
10
10
10
10
10
10
10
10
10
10
10
10
10
10
10
10
10
10
10
10
10
10
10
10
10
10
10
10
10
10
10
10
10
10
10
10
10
10
10
10
10
10
10
10
10
10
10
10
10
10
10
10
10
10
10
10
10
10
10
10
10
10
10
10
10
10
10
10
10
10
10
10
10
10
10
10
10
10
10
10
10
10
10
10
10
10
10
10
10
10
10
10
10
10
10
10
10
10
10
10
10
10
10
10
10
10
10
10
10
10
10
10
10
10
10
10
10
10
10
10
10
10
10
10
10
10
10
10
10
10
10
10
10
10
10
10
10
10
10
10
10
10
10
10
10
10
10
10
10
10
10
10
10
10
10
10
10
10
10
10
10
10
10
10
10
10
10
10
10
10
10
10
10
10
10
10
10
10
10
10
10
10
10
10
10
10
10
10
10
10
10
10
10
10
10
10
10
10
10
10
10
10
10
10
10
10
10
10
10
10
10
10
10
10
10
10
10
10
10
10
10
10
10
10
10
10
10
10
10
10
10
10
10
10
10
10
10
10
10
10
10
10
10
10
10
10
10
10
10
10
10
10
10
10
10
10
10
10
10
10
10
10
10
10
10
10
10
10
10
10
10
10
10
10
10
10
10
10
10
10
10
10
10
10
10
10
10
10
10
10
10
10
10
10
10
10
10
10
10
10
10
10
10
10
10
10
10
10
10
10
10
10
10
10
10
10
10
10
10
10
10
10
10
10
10
10
10
10
10
10
10
10
10
10
10
10
10
10
10
10
10
10
10
10
10
10
10
10
10
10
10
10
10
10
10
10
10
10
10
10
10
10
10
10
10
10
10
10
10
10
10
10
10
10
10
10
10
10
10
10
10
10
10
10
10
10
10
10
10
10
10
10
10
10
10
10
10
10
10
10
10
10
10
10
10
10
10
10
10
10
10
10
10
10
10
10
10
10
10
10
10
10
10
10
10
10
10
10
10
10
10
10
10
10
10
10
10
10
10
10
10
10
10
10
10
10
10
10
10
10
10
10
10
10
10
10
10
10
10
10
10
10
10
10
10
10
10
10
10
10
10
10
10
10
10
10
10
10
10
10
10
10
10
10
10
10
10
10
10
10
10
10
10
10
10
10
10
10
10
10
10
10
10
10
10
10
10
10
10
10
10
10
10
10
10
10
10
10
10
10
10
10
10
10
10
10
10
10
10
10
10
10
10
10
10
10
10
10
10
10
10
10
10
10
10
10
10
10
10
10
10
10
10
10
10
10
10
10
10
10
10
10
10
10
10
10
10
10
10
10
10
10
10
10
10
10
10
10
10
10
10
10
10
10
10
10
10
10
10
10
10
10
10
10
10
10
10
10
10
10
10
10
10
10
10
10
10
10
10
10
10
10
10
10
10
10
10
10
10
10
10
10
10
10
10
10
10
10
10
10
10
10
10
10
10
10
10
10
10
10
10
10
10
10
10
10
10
10
10
10
10
10
10
10
10
10
10
10
10
10
10
10
10
10
10
10
10
10
10
10
10
10
10
10
10
10
10
10
10
10
10
10
10
10
10
10
10
10
10
10
10
10
10
10
10
10
10
10
10
10
10
10
10
10
10
10
10
10
10
10
10
10
10
10
10
10
10
10
10
10
10
10
10
10
10
10
10
10
10
10
10
10
10
10
10
10
10
10
10
10
10
10
10
10
10
10
10
10
10
10
10
10
10
10
10
10
10
10
10
10
10
10
10
10
10
10
10
10
10
10
10
10
10
10
10
10
10
10
10
10
10
10
10
10
10
10
10
10
10
10
10
10
10
10
10
10
10
10
10
10
10
10
10
10
10
10
10
10
10
10
10
10
10
10
10
10
10
10
10
10
10
10
10
10
10
10
10
10
10
10
10
10
10
10
10
10
10
10
10
10
10
10
10
10
10
10
10
10
10
10
10
10
10
10
10
10
10
10
10
10
10
10
10
10
10
10
10
10
10
10
10
10
10
10
10
10
10
10
10
10
10
10
10
10
10
10
10
10
10
10
10
10
10
10
10
10
10
10
10
10
10
10
10
10
10
10
10
10
10
10
10
10
10
10
10
10
10
10
10
10
10
10
10
10
10
10
10
10
10
10
10
10
10
10
10
10
10
10
10
10
10
10
10
10
10
10
10
10
10
10
10
10
10
10
10
10
10
10
10
10
10
10
10
10
10
10
10
10
10
10
10
10
10
10
10
10
10
10
10
10
10
10
10
10
10
10
10
10
10
10
10
10
10
10
10
10
10
10
10
10
10
10
10
10
10
10
10
10
10
10
10
10
10
10
10
10
10
10
10
10
10
10
10
10
10
10
10
10
10
10
10
10
10
10
10
10
10
10
10
10
10
10
10
10
10
10
10
10
10
10
10
10
10
10
10
10
10
10
10
10
10
10
10
10
10
10
10
10
10
10
10
10
10
10
10
10
10
10
10
10
10
10
10
10
10
10
10
10
10
10
10
10
10
10
10
10
10
10
10
10
10
10
10
10
10
10
10
10
10
10
10
10
10
10
10
10
10
10
10
10
10
10
10
10
10
10
10
10
10
10
10
10
10
10
10
10
10
10
10
10
10
10
10
10
10
10
10
10
10
10
10
10
10
10
10
10
10
10
10
10
10
10
10
10
10
10
10
10
10
10
10
10
10
10
10
10
10
10
10
10
10
10
10
10
10
10
10
10
10
10
10
10
10
10
10
10
10
10
10
10
10
10
10
10
10
10
10
10
10
10
10
10
10
10
10
10
10
10
10
10
10
10
10
10
10
10
10
10
10
10
10
10
10
10
10
10
10
10
10
10
10
10
10
10
10
10
10
10
10
10
10
10
10
10
10
10
10
10
10
10
10
10
10
10
10
10
10
10
10
10
10
10
10
10
10
10
10
10
10
10
10
10
10
10
10
10
10
10
10
10
10
10
10
10
10
10
10
10
10
10
10
10
10
10
10
10
10
10
10
10
10
10
10
10
10
10
10
10
10
10
10
10
10
10
10
10
10
10
10
10
10
10
10
10
10
10
10
10
10
10
10
10
10
10
10
10
10
10
10
10
10
10
10
10
10
10
10
10
10
10
10
10
10
10
10
10
10
10
10
10
10
10
10
10
10
10
10
10
10
10
10
10
10
10
10
10
10
10
10
10
10
10
10
10
10
10
10
10
10
10
10
10
10
10
10
10
10
10
10
10
10
10
10
10
10
10
10
10
10
10
10
10
10
10
10
10
10
10
10
10
10
10
10
10
10
10
10
10
10
10
10
10
10
10
10
10
10
10
10
10
10
10
10
10
10
10
10
10
10
10
10
10
10
10
10
10
10
10
10
10
10
10
10
10
10
10
10
10
10
10
10
10
10
10
10
10
10
10
10
10
10
10
10
10
10
10
10
10
10
10
10
10
10
10
10
10
10
10
10
10
10
10
10
10
10
10
10
10
10
10
10
10
10
10
10
10
10
10
10
10
10
10
10
10
10
10
10
10
10
10
10
10
10
10
10
10
10
10
10
10
10
10
10
10
10
10
10
10
10
10
10
10
10
10
10
10
10
10
10
10
10
10
10
10
10
10
10
10
10
10
10
10
10
10
10
10
10
10
10
10
10
10
10
10
10
10
10
10
10
10
10
10
10
10
10
10
10
10
10
10
10
10
10
10
10
10
10
10
10
10
10
10
10
10
10
10
10
10
10
10
10
10
10
10
10
10
10
10
10
10
10
10
10
10
10
10
10
10
10
10
10
10
10
10
10
10
10
10
10
10
10
10
10
10
10
10
10
10
10
10
10
10
10
10
10
10
10
10
10
10
10
10
10
10
10
10
10
10
10
10
10
10
10
10
10
10
10
10
10
10
10
10
10
10
10
10
10
10
10
10
10
10
10
10
10
10
10
10
10
10
10
10
10
10
10
10
10
10
10
10
10
10
10
10
10
10
10
10
10
10
10
10
10
10
10
10
10
10
10
10
10
10
10
10
10
10
10
10
10
10
10
10
10
10
10
10
10
10
10
10
10
10
10
10
10
10
10
10
10
10
10
10
10
10
10
10
10
10
10
10
10
10
10
10
10
10
10
10
10
10
10
10
10
10
10
10
10
10
10
10
10
10
10
10
10
10
10
10
10
10
10
10
10
10
10
10
10
10
10
10
10
10
10
10
10
10
10
10
10
10
10
10
10
10
10
10
10
10
10
10
10
10
10
10
10
10
10
10
10
10
10
10
10
10
10
10
10
10
10
10
10
10
10
10
10
10
10
10
10
10
10
10
10
10
10
10
10
10
10
10
10
10
10
10
10
10
10
10
10
10
10
10
10
10
10
10
10
10
10
10
10
10
10
10
10
10
10
10
10
10
10
10
10
10
10
10
10
10
10
10
10
10
10
10
10
10
10
10
10
10
10
10
10
10
10
10
10
10
10
10
10
10
10
10
10
10
10
10
10
10
10
10
10
10
10
10
10
10
10
10
10
10
10
10
10
10
10
10
10
10
10
10
10
10
10
10
10
10
10
10
10
10
10
10
10
10
10
10
10
10
10
10
10
10
10
10
10
10
10
10
10
10
10
10
10
10
10
10
10
10
10
10
10
10
10
10
10
10
10
10
10
10
10
10
10
10
10
10
10
10
10
10
10
10
10
10
10
10
10
10
10
10
10
10
10
10
10
10
10
10
10
10
10
10
10
10
10
10
10
10
10
10
10
10
10
10
10
10
10
10
10
10
10
10
10
10
10
10
10
10
10
10
10
10
10
10
10
10
10
10
10
10
10
10
10
10
10
10
10
10
10
10
10
10
10
10
10
10
10
10
10
10
10
10
10
10
10
10
10
10
10
10
10
10
10
10
10
10
10
10
10
10
10
10
10
10
10
10
10
10
10
10
10
10
10
10
10
10
10
10
10
10
10
10
10
10
10
10
10
10
10
10
10
10
10
10
10
10
10
10
10
10
10
10
10
10
10
10
10
10
10
10
10
10
10
10
10
10
10
10
10
10
10
10
10
10
10
10
10
10
10
10
10
10
10
10
10
10
10
10
10
10
10
10
10
10
10
10
10
10
10
10
10
10
10
10
10
10
10
10
10
10
10
10
10
10
10
10
10
10
10
10
10
10
10
10
10
10
10
10
10
10
10
10
10
10
10
10
10
10
10
10
10
10
10
10
10
10
10
10
10
10
10
10
10
10
10
10
10
10
10
10
10
10
10
10
10
10
10
10
10
10
10
10
10
10
10
10
10
10
10
10
10
10
10
10
10
10
10
10
10
10
10
10
10
10
10
10
10
10
10
10
10
10
10
10
10
10
10
10
10
10
10
10
10
10
10
10
10
10
10
10
10
10
10
10
10
10
10
10
10
10
10
10
10
10
10
10
10
10
10
10
10
10
10
10
10
10
10
10
10
10
10
10
10
10
10
10
10
10
10
10
10
10
10
10
10
10
10
10
10
10
10
10
10
10
10
10
10
10
10
10
10
10
10
10
10
10
10
10
10
10
10
10
10
10
10
10
10
10
10
10
10
10
10
10
10
10
10
10
10
10
10
10
10
10
10
10
10
10
10
10
10
10
10
10
10
10
10
10
10
10
10
10
10
10
10
10
10
10
10
10
10
10
10
10
10
10
10
10
10
10
10
10
10
10
10
10
10
10
10
10
10
10
10
10
10
10
10
10
10
10
10
10
10
10
10
10
10
10
10
10
10
10
10
10
10
10
10
10
10
10
10
10
10
10
10
10
10
10
10
10
10
10
10
10
10
10
10
10
10
10
10
10
10
10
10
10
10
10
10
10
10
10
10
10
10
10
10
10
10
10
10
10
10
10
10
10
10
10
10
10
10
10
10
10
10
10
10
10
10
10
10
10
10
10
10
10
10
10
10
10
10
10
10
10
10
10
10
10
10
10
10
10
10
10
10
10
10
10
10
10
10
10
10
10
10
10
10
10
10
10
10
10
10
10
10
10
10
10
10
10
10
10
10
10
10
10
10
10
10
10
10
10
10
10
10
10
10
10
10
10
10
10
10
10
10
10
10
10
10
10
10
10
10
10
10
10
10
10
10
10
10
10
10
10
10
10
10
10
10
10
10
10
10
10
10
10
10
10
10
10
10
10
10
10
10
10
10
10
10
10
10
10
10
10
10
10
10
10
10
10
10
10
10
10
10
10
10
10
10
10
10
10
10
10
10
10
10
10
10
10
10
10
10
10
10
10
10
10
10
10
10
10
10
10
10
10
10
10
10
10
10
10
10
10
10
10
10
10
10
10
10
10
10
10
10
10
10
10
10
10
10
10
10
10
10
10
10
10
10
10
10
10
10
10
10
10
10
10
10
10
10
10
10
10
10
10
10
10
10
10
10
10
10
10
10
10
10
10
10
10
10
10
10
10
10
10
10
10
10
10
10
10
10
10
10
10
10
10
10
10
10
10
10
10
10
10
10
10
10
10
10
10
10
10
10
10
10
10
10
10
10
10
10
10
10
10
10
10
10
10
10
10
10
10
10
10
10
10
10
10
10
10
10
10
10
10
10
10
10
10
10
10
10
10
10
10
10
10
10
10
10
10
10
10
10
10
10
10
10
10
10
10
10
10
10
10
10
10
10
10
10
10
10
10
10
10
10
10
10
10
10
10
10
10
10
10
10
10
10
10
10
10
10
10
10
10
10
10
10
10
10
10
10
10
10
10
10
10
10
10
10
10
10
10
10
10
10
10
10
10
10
10
10
10
10
10
10
10
10
10
10
10
10
10
10
10
10
10
10
10
10
10
10
10
10
10
10
10
10
10
10
10
10
10
10
10
10
10
10
10
10
10
10
10
10
10
10
10
10
10
10
10
10
10
10
10
10
10
10
10
10
10
10
10
10
10
10
10
10
10
10
10
10
10
10
10
10
10
10
10
10
10
10
10
10
10
10
10
10
10
10
10
10
10
10
10
10
10
10
10
10
10
10
10
10
10
10
10
10
10
10
10
10
10
10
10
10
10
10
10
10
10
10
10
10
10
10
10
10
10
10
10
10
10
10
10
10
10
10
10
10
10
10
10
10
10
10
10
10
10
10
10
10
10
10
10
10
10
10
10
10
10
10
10
10
10
10
10
10
10
10
10
10
10
10
10
10
10
10
10
10
10
10
10
10
10
10
10
10
10
10
10
10
10
10
10
10
10
10
10
10
10
10
10
10
10
10
10
10
10
10
10
10
10
10
10
10
10
10
10
10
10
10
10
10
10
10
10
10
10
10
10
10
10
10
10
10
10
10
10
10
10
10
10
10
10
10
10
10
10
10
10
10
10
10
10
10
10
10
10
10
10
10
10
10
10
10
10
10
10
10
10
10
10
10
10
10
10
10
10
10
10
10
10
10
10
10
10
10
10
10
10
10
10
10
10
10
10
10
10
10
10
10
10
10
10
10
10
10
10
10
10
10
10
10
10
10
10
10
10
10
10
10
10
10
10
10
10
10
10
10
10
10
10
10
10
10
10
10
10
10
10
10
10
10
10
10
10
10
10
10
10
10
10
10
10
10
10
10
10
10
10
10
10
10
10
10
10
10
10
10
10
10
10
10
10
10
10
10
10
10
10
10
10
10
10
10
10
10
10
10
10
10
10
10
10
10
10
10
10
10
10
10
10
10
10
10
10
10
10
10
10
10
10
10
10
10
10
10
10
10
10
10
10
10
10
10
10
10
10
10
10
10
10
10
10
10
10
10
10
10
10
10
10
10
10
10
10
10
10
10
10
10
10
10
10
10
10
10
10
10
10
10
10
10
10
10
10
10
10
10
10
10
10
10
10
10
10
10
10
10
10
10
10
10
10
10
10
10
10
10
10
10
10
10
10
10
10
10
10
10
10
10
10
10
10
10
10
10
10
10
10
10
10
10
10
10
10
10
10
10
10
10
10
10
10
10
10
10
10
10
10
10
10
10
10
10
10
10
10
10
10
10
10
10
10
10
10
10
10
10
10
10
10
10
10
10
10
10
10
10
10
10
10
10
10
10
10
10
10
10
10
10
10
10
10
10
10
10
10
10
10
10
10
10
10
10
10
10
10
10
10
10
10
10
10
10
10
10
10
10
10
10
10
10
10
10
10
10
10
10
10
10
10
10
10
10
10
10
10
10
10
10
10
10
10
10
10
10
10
10
10
10
10
10
10
10
10
10
10
10
10
10
10
10
10
10
10
10
10
10
10
10
10
10
10
10
10
10
10
10
10
10
10
10
10
10
10
10
10
10
10
10
10
10
10
10
10
10
10
10
10
10
10
10
10
10
10
10
10
10
10
10
10
10
10
10
10
10
10
10
10
10
10
10
10
10
10
10
10
10
10
10
10
10
10
10
10
10
10
10
10
10
10
10
10
10
10
10
10
10
10
10
10
10
10
10
10
10
10
10
10
10
10
10
10
10
10
10
10
10
10
10
10
10
10
10
10
10
10
10
10
10
10
10
10
10
10
10
10
10
10
10
10
10
10
10
10
10
10
10
10
10
10
10
10
10
10
10
10
10
10
10
10
10
10
10
10
10
10
10
10
10
10
10
10
10
10
10
10
10
10
10
10
10
10
10
10
10
10
10
10
10
10
10
10
10
10
10
10
10
10
10
10
10
10
10
10
10
10
10
10
10
10
10
10
10
10
10
10
10
10
10
10
10
10
10
10
10
10
10
10
10
10
10
10
10
10
10
10
10
10
10
10
10
10
10
10
10
10
10
10
10
10
10
10
10
10
10
10
10
10
10
10
10
10
10
10
10
10
10
10
10
10
10
10
10
10
10
10
10
10
10
10
10
10
10
10
10
10
10
10
10
10
10
10
10
10
10
10
10
10
10
10
10
10
10
10
10
10
10
10
10
10
10
10
10
10
10
10
10
10
10
10
10
10
10
10
10
10
10
10
10
10
10
10
10
10
10
10
10
10
10
10
10
10
10
10
10
10
10
10
10
10
10
10
10
10
10
10
10
10
10
10
10
10
10
10
10
10
10
10
10
10
10
10
10
10
10
10
10
10
10
10
10
10
10
10
10
10
10
10
10
10
10
10
10
10
10
10
10
10
10
10
10
10
10
10
10
10
10
10
10
10
10
10
10
10
10
10
10
10
10
10
10
10
10
10
10
10
10
10
10
10
10
10
10
10
10
10
10
10
10
10
10
10
10
10
10
10
10
10
10
10
10
10
10
10
10
10
10
10
10
10
10
10
10
10
10
10
10
10
10
10
10
10
10
10
10
10
10
10
10
10
10
10
10
10
10
10
10
10
10
10
10
10
10
10
10
10
10
10
10
10
10
10
10
10
10
10
10
10
10
10
10
10
10
10
10
10
10
10
10
10
10
10
10
10
10
10
10
10
10
10
10
10
10
10
10
10
10
10
10
10
10
10
10
10
10
10
10
10
10
10
10
10
10
10
10
10
10
10
10
10
10
10
10
10
10
10
10
10
10
10
10
10
10
10
10
10
10
10
10
10
10
10
10
10
10
10
10
10
10
10
10
10
10
10
10
10
10
10
10
10
10
10
10
10
10
10
10
10
10
10
10
10
10
10
10
10
10
10
10
10
10
10
10
10
10
10
10
10
10
10
10
10
10
10
10
10
10
10
10
10
10
10
10
10
10
10
10
10
10
10
10
10
10
10
10
10
10
10
10
10
10
10
10
10
10
10
10
10
10
10
10
10
10
10
10
10
10
10
10
10
10
10
10
10
10
10
10
10
10
10
10
10
10
10
10
10
10
10
10
10
10
10
10
10
10
10
10
10
10
10
10
10
10
10
10
10
10
10
10
10
10
10
10
10
10
10
10
10
10
10
10
10
10
10
10
10
10
10
10
10
10
10
10
10
10
10
10
10
10
10
10
10
10
10
10
10
10
10
10
10
10
10
10
10
10
10
10
10
10
10
10
10
10
10
10
10
10
10
10
10
10
10
10
10
10
10
10
10
10
10
10
10
10
10
10
10
10
10
10
10
10
10
10
10
10
10
10
10
10
10
10
10
10
10
10
10
10
10
10
10
10
10
10
10
10
10
