# vtk DataFile Version 2.0
, Created by Gmsh 4.11.1 
ASCII
DATASET UNSTRUCTURED_GRID
POINTS 5745 double
25 10 0
25 10 5
-25 10 0
-25 10 5
25 -10 0
25 -10 5
-25 -10 0
-25 -10 5
-17.2854356964831 -8.019603731069632 4.6
-17.2854356964831 -8.019603731069632 3.4
-17.2854356964831 -6.819603731069632 4.6
-17.2854356964831 -6.819603731069632 3.4
-16.0854356964831 -8.019603731069632 3.4
-16.0854356964831 -8.019603731069632 4.6
-16.0854356964831 -6.819603731069632 4.6
-16.0854356964831 -6.819603731069632 3.4
-12.9995371581811 -6.226786999612935 4.6
-12.9995371581811 -6.226786999612935 3.4
-12.9995371581811 -5.026786999612936 4.6
-12.9995371581811 -5.026786999612936 3.4
-11.7995371581811 -6.226786999612935 3.4
-11.7995371581811 -6.226786999612935 4.6
-11.7995371581811 -5.026786999612936 4.6
-11.7995371581811 -5.026786999612936 3.4
-20.1112276854552 -1.264279808339079 4.6
-20.1112276854552 -1.264279808339079 3.4
-20.1112276854552 -0.0642798083390792 4.6
-20.1112276854552 -0.0642798083390792 3.4
-18.9112276854552 -1.264279808339079 3.4
-18.9112276854552 -1.264279808339079 4.6
-18.9112276854552 -0.0642798083390792 4.6
-18.9112276854552 -0.0642798083390792 3.4
-8.713638619879106 -4.433970268156239 4.6
-8.713638619879106 -4.433970268156239 3.4
-8.713638619879106 -3.233970268156239 4.6
-8.713638619879106 -3.233970268156239 3.4
-7.513638619879107 -4.433970268156239 3.4
-7.513638619879107 -4.433970268156239 4.6
-7.513638619879107 -3.233970268156239 4.6
-7.513638619879107 -3.233970268156239 3.4
-4.427740081577109 -2.641153536699543 4.6
-4.427740081577109 -2.641153536699543 3.4
-4.427740081577109 -1.441153536699542 4.6
-4.427740081577109 -1.441153536699542 3.4
-3.227740081577109 -2.641153536699543 3.4
-3.227740081577109 -2.641153536699543 4.6
-3.227740081577109 -1.441153536699542 4.6
-3.227740081577109 -1.441153536699542 3.4
-0.1418415432751128 -0.848336805242846 4.6
-0.1418415432751128 -0.848336805242846 3.4
-0.1418415432751128 0.3516631947571539 4.6
-0.1418415432751128 0.3516631947571539 3.4
1.058158456724887 -0.848336805242846 3.4
1.058158456724887 -0.848336805242846 4.6
1.058158456724887 0.3516631947571539 4.6
1.058158456724887 0.3516631947571539 3.4
2.683950445696988 -7.603660727973399 4.6
2.683950445696988 -7.603660727973399 3.4
2.683950445696988 -6.403660727973399 4.6
2.683950445696988 -6.403660727973399 3.4
3.883950445696989 -7.603660727973399 3.4
3.883950445696989 -7.603660727973399 4.6
3.883950445696989 -6.403660727973399 4.6
3.883950445696989 -6.403660727973399 3.4
6.969848983998985 -5.810843996516702 4.6
6.969848983998985 -5.810843996516702 3.4
6.969848983998985 -4.610843996516703 4.6
6.969848983998985 -4.610843996516703 3.4
8.169848983998985 -5.810843996516702 3.4
8.169848983998985 -5.810843996516702 4.6
8.169848983998985 -4.610843996516703 4.6
8.169848983998985 -4.610843996516703 3.4
18.36743804957508 -8.980534456333862 4.6
18.36743804957508 -8.980534456333862 3.4
18.36743804957508 -7.780534456333863 4.6
18.36743804957508 -7.780534456333863 3.4
19.56743804957508 -8.980534456333862 3.4
19.56743804957508 -8.980534456333862 4.6
19.56743804957508 -7.780534456333863 4.6
19.56743804957508 -7.780534456333863 3.4
22.65333658787707 -7.187717724877166 4.6
22.65333658787707 -7.187717724877166 3.4
22.65333658787707 -5.987717724877166 4.6
22.65333658787707 -5.987717724877166 3.4
23.85333658787708 -7.187717724877166 3.4
23.85333658787708 -7.187717724877166 4.6
23.85333658787708 -5.987717724877166 4.6
23.85333658787708 -5.987717724877166 3.4
11.25574752230098 -4.018027265060006 4.6
11.25574752230098 -4.018027265060006 3.4
11.25574752230098 -2.818027265060006 4.6
11.25574752230098 -2.818027265060006 3.4
12.45574752230098 -4.018027265060006 3.4
12.45574752230098 -4.018027265060006 4.6
12.45574752230098 -2.818027265060006 4.6
12.45574752230098 -2.818027265060006 3.4
15.54164606060298 -2.225210533603309 4.6
15.54164606060298 -2.225210533603309 3.4
15.54164606060298 -1.025210533603309 4.6
15.54164606060298 -1.025210533603309 3.4
16.74164606060298 -2.225210533603309 3.4
16.74164606060298 -2.225210533603309 4.6
16.74164606060298 -1.025210533603309 4.6
16.74164606060298 -1.025210533603309 3.4
-15.8253291471532 0.5285369231176172 4.6
-15.8253291471532 0.5285369231176172 3.4
-15.8253291471532 1.728536923117617 4.6
-15.8253291471532 1.728536923117617 3.4
-14.6253291471532 0.5285369231176172 3.4
-14.6253291471532 0.5285369231176172 4.6
-14.6253291471532 1.728536923117617 4.6
-14.6253291471532 1.728536923117617 3.4
-11.53943060885121 2.321353654574314 4.6
-11.53943060885121 2.321353654574314 3.4
-11.53943060885121 3.521353654574314 4.6
-11.53943060885121 3.521353654574314 3.4
-10.33943060885121 2.321353654574314 3.4
-10.33943060885121 2.321353654574314 4.6
-10.33943060885121 3.521353654574314 4.6
-10.33943060885121 3.521353654574314 3.4
-22.9370196744273 5.491044114391475 4.6
-22.9370196744273 5.491044114391475 3.4
-22.9370196744273 6.691044114391474 4.6
-22.9370196744273 6.691044114391474 3.4
-21.7370196744273 5.491044114391475 3.4
-21.7370196744273 5.491044114391475 4.6
-21.7370196744273 6.691044114391474 4.6
-21.7370196744273 6.691044114391474 3.4
-18.6511211361253 7.28386084584817 4.6
-18.6511211361253 7.28386084584817 3.4
-18.6511211361253 8.48386084584817 4.6
-18.6511211361253 8.48386084584817 3.4
-17.4511211361253 7.28386084584817 3.4
-17.4511211361253 7.28386084584817 4.6
-17.4511211361253 8.48386084584817 4.6
-17.4511211361253 8.48386084584817 3.4
-7.25353207054921 4.114170386031011 4.6
-7.25353207054921 4.114170386031011 3.4
-7.25353207054921 5.314170386031011 4.6
-7.25353207054921 5.314170386031011 3.4
-6.053532070549211 4.114170386031011 3.4
-6.053532070549211 4.114170386031011 4.6
-6.053532070549211 5.314170386031011 4.6
-6.053532070549211 5.314170386031011 3.4
-2.967633532247214 5.906987117487708 4.6
-2.967633532247214 5.906987117487708 3.4
-2.967633532247214 7.106987117487707 4.6
-2.967633532247214 7.106987117487707 3.4
-1.767633532247214 5.906987117487708 3.4
-1.767633532247214 5.906987117487708 4.6
-1.767633532247214 7.106987117487707 4.6
-1.767633532247214 7.106987117487707 3.4
4.144056995026884 0.9444799262138505 4.6
4.144056995026884 0.9444799262138505 3.4
4.144056995026884 2.144479926213851 4.6
4.144056995026884 2.144479926213851 3.4
5.344056995026883 0.9444799262138505 3.4
5.344056995026883 0.9444799262138505 4.6
5.344056995026883 2.144479926213851 4.6
5.344056995026883 2.144479926213851 3.4
8.429955533328879 2.737296657670547 4.6
8.429955533328879 2.737296657670547 3.4
8.429955533328879 3.937296657670547 4.6
8.429955533328879 3.937296657670547 3.4
9.629955533328879 2.737296657670547 3.4
9.629955533328879 2.737296657670547 4.6
9.629955533328879 3.937296657670547 4.6
9.629955533328879 3.937296657670547 3.4
19.82754459890497 -0.432393802146613 4.6
19.82754459890497 -0.432393802146613 3.4
19.82754459890497 0.7676061978533869 4.6
19.82754459890497 0.7676061978533869 3.4
21.02754459890497 -0.432393802146613 3.4
21.02754459890497 -0.432393802146613 4.6
21.02754459890497 0.7676061978533869 4.6
21.02754459890497 0.7676061978533869 3.4
1.318265006054782 7.699803848944404 4.6
1.318265006054782 7.699803848944404 3.4
1.318265006054782 8.899803848944403 4.6
1.318265006054782 8.899803848944403 3.4
2.518265006054782 7.699803848944404 3.4
2.518265006054782 7.699803848944404 4.6
2.518265006054782 8.899803848944403 4.6
2.518265006054782 8.899803848944403 3.4
12.71585407163088 4.530113389127244 4.6
12.71585407163088 4.530113389127244 3.4
12.71585407163088 5.730113389127244 4.6
12.71585407163088 5.730113389127244 3.4
13.91585407163087 4.530113389127244 3.4
13.91585407163087 4.530113389127244 4.6
13.91585407163087 5.730113389127244 4.6
13.91585407163087 5.730113389127244 3.4
17.00175260993287 6.322930120583941 4.6
17.00175260993287 6.322930120583941 3.4
17.00175260993287 7.52293012058394 4.6
17.00175260993287 7.52293012058394 3.4
18.20175260993287 6.322930120583941 3.4
18.20175260993287 6.322930120583941 4.6
18.20175260993287 7.52293012058394 4.6
18.20175260993287 7.52293012058394 3.4
25 10 0.9999999999999997
25 10 2.000000000000002
25 10 2.999999999999999
25 10 3.999999999999996
-25 10 0.9999999999999997
-25 10 2.000000000000002
-25 10 2.999999999999999
-25 10 3.999999999999996
23.91304347826087 10 0
22.82608695652174 10 0
21.73913043478262 10 0
20.65217391304349 10 0
19.56521739130436 10 0
18.47826086956523 10 0
17.39130434782611 10 0
16.30434782608698 10 0
15.21739130434785 10 0
14.13043478260872 10 0
13.0434782608696 10 0
11.95652173913047 10 0
10.86956521739134 10 0
9.782608695652215 10 0
8.695652173913089 10 0
7.60869565217396 10 0
6.521739130434831 10 0
5.434782608695702 10 0
4.34782608695658 10 0
3.260869565217451 10 0
2.173913043478322 10 0
1.0869565217392 10 0
7.105427357601002e-14 10 0
-1.086956521739058 10 0
-2.173913043478187 10 0
-3.260869565217313 10 0
-4.347826086956438 10 0
-5.434782608695567 10 0
-6.521739130434693 10 0
-7.608695652173822 10 0
-8.695652173912947 10 0
-9.782608695652073 10 0
-10.86956521739121 10 0
-11.95652173913035 10 0
-13.04347826086948 10 0
-14.13043478260862 10 0
-15.21739130434776 10 0
-16.3043478260869 10 0
-17.39130434782604 10 0
-18.47826086956518 10 0
-19.56521739130432 10 0
-20.65217391304346 10 0
-21.73913043478259 10 0
-22.82608695652172 10 0
-23.91304347826086 10 0
23.91304347826087 10 5
22.82608695652174 10 5
21.73913043478262 10 5
20.65217391304349 10 5
19.56521739130436 10 5
18.47826086956523 10 5
17.39130434782611 10 5
16.30434782608698 10 5
15.21739130434785 10 5
14.13043478260872 10 5
13.0434782608696 10 5
11.95652173913047 10 5
10.86956521739134 10 5
9.782608695652215 10 5
8.695652173913089 10 5
7.60869565217396 10 5
6.521739130434831 10 5
5.434782608695702 10 5
4.34782608695658 10 5
3.260869565217451 10 5
2.173913043478322 10 5
1.0869565217392 10 5
7.105427357601002e-14 10 5
-1.086956521739058 10 5
-2.173913043478187 10 5
-3.260869565217313 10 5
-4.347826086956438 10 5
-5.434782608695567 10 5
-6.521739130434693 10 5
-7.608695652173822 10 5
-8.695652173912947 10 5
-9.782608695652073 10 5
-10.86956521739121 10 5
-11.95652173913035 10 5
-13.04347826086948 10 5
-14.13043478260862 10 5
-15.21739130434776 10 5
-16.3043478260869 10 5
-17.39130434782604 10 5
-18.47826086956518 10 5
-19.56521739130432 10 5
-20.65217391304346 10 5
-21.73913043478259 10 5
-22.82608695652172 10 5
-23.91304347826086 10 5
25 -10 0.9999999999999997
25 -10 2.000000000000002
25 -10 2.999999999999999
25 -10 3.999999999999996
25 -8.947368421052632 0
25 -7.894736842105264 0
25 -6.842105263157896 0
25 -5.789473684210527 0
25 -4.736842105263158 0
25 -3.684210526315786 0
25 -2.631578947368414 0
25 -1.578947368421044 0
25 -0.5263157894736761 0
25 0.5263157894736867 0
25 1.578947368421053 0
25 2.631578947368418 0
25 3.684210526315782 0
25 4.736842105263147 0
25 5.789473684210511 0
25 6.842105263157876 0
25 7.894736842105242 0
25 8.947368421052623 0
25 -8.947368421052632 5
25 -7.894736842105264 5
25 -6.842105263157896 5
25 -5.789473684210527 5
25 -4.736842105263158 5
25 -3.684210526315786 5
25 -2.631578947368414 5
25 -1.578947368421044 5
25 -0.5263157894736761 5
25 0.5263157894736867 5
25 1.578947368421053 5
25 2.631578947368418 5
25 3.684210526315782 5
25 4.736842105263147 5
25 5.789473684210511 5
25 6.842105263157876 5
25 7.894736842105242 5
25 8.947368421052623 5
-25 -10 0.9999999999999997
-25 -10 2.000000000000002
-25 -10 2.999999999999999
-25 -10 3.999999999999996
-25 8.947368421052632 0
-25 7.894736842105264 0
-25 6.842105263157896 0
-25 5.789473684210527 0
-25 4.736842105263158 0
-25 3.684210526315786 0
-25 2.631578947368414 0
-25 1.578947368421044 0
-25 0.5263157894736761 0
-25 -0.5263157894736867 0
-25 -1.578947368421053 0
-25 -2.631578947368418 0
-25 -3.684210526315782 0
-25 -4.736842105263147 0
-25 -5.789473684210511 0
-25 -6.842105263157876 0
-25 -7.894736842105242 0
-25 -8.947368421052623 0
-25 8.947368421052632 5
-25 7.894736842105264 5
-25 6.842105263157896 5
-25 5.789473684210527 5
-25 4.736842105263158 5
-25 3.684210526315786 5
-25 2.631578947368414 5
-25 1.578947368421044 5
-25 0.5263157894736761 5
-25 -0.5263157894736867 5
-25 -1.578947368421053 5
-25 -2.631578947368418 5
-25 -3.684210526315782 5
-25 -4.736842105263147 5
-25 -5.789473684210511 5
-25 -6.842105263157876 5
-25 -7.894736842105242 5
-25 -8.947368421052623 5
-23.91304347826087 -10 0
-22.82608695652174 -10 0
-21.73913043478262 -10 0
-20.65217391304349 -10 0
-19.56521739130436 -10 0
-18.47826086956523 -10 0
-17.39130434782611 -10 0
-16.30434782608698 -10 0
-15.21739130434785 -10 0
-14.13043478260872 -10 0
-13.0434782608696 -10 0
-11.95652173913047 -10 0
-10.86956521739134 -10 0
-9.782608695652215 -10 0
-8.695652173913089 -10 0
-7.60869565217396 -10 0
-6.521739130434831 -10 0
-5.434782608695702 -10 0
-4.34782608695658 -10 0
-3.260869565217451 -10 0
-2.173913043478322 -10 0
-1.0869565217392 -10 0
-7.105427357601002e-14 -10 0
1.086956521739058 -10 0
2.173913043478187 -10 0
3.260869565217313 -10 0
4.347826086956438 -10 0
5.434782608695567 -10 0
6.521739130434693 -10 0
7.608695652173822 -10 0
8.695652173912947 -10 0
9.782608695652073 -10 0
10.86956521739121 -10 0
11.95652173913035 -10 0
13.04347826086948 -10 0
14.13043478260862 -10 0
15.21739130434776 -10 0
16.3043478260869 -10 0
17.39130434782604 -10 0
18.47826086956518 -10 0
19.56521739130432 -10 0
20.65217391304346 -10 0
21.73913043478259 -10 0
22.82608695652172 -10 0
23.91304347826086 -10 0
-23.91304347826087 -10 5
-22.82608695652174 -10 5
-21.73913043478262 -10 5
-20.65217391304349 -10 5
-19.56521739130436 -10 5
-18.47826086956523 -10 5
-17.39130434782611 -10 5
-16.30434782608698 -10 5
-15.21739130434785 -10 5
-14.13043478260872 -10 5
-13.0434782608696 -10 5
-11.95652173913047 -10 5
-10.86956521739134 -10 5
-9.782608695652215 -10 5
-8.695652173913089 -10 5
-7.60869565217396 -10 5
-6.521739130434831 -10 5
-5.434782608695702 -10 5
-4.34782608695658 -10 5
-3.260869565217451 -10 5
-2.173913043478322 -10 5
-1.0869565217392 -10 5
-7.105427357601002e-14 -10 5
1.086956521739058 -10 5
2.173913043478187 -10 5
3.260869565217313 -10 5
4.347826086956438 -10 5
5.434782608695567 -10 5
6.521739130434693 -10 5
7.608695652173822 -10 5
8.695652173912947 -10 5
9.782608695652073 -10 5
10.86956521739121 -10 5
11.95652173913035 -10 5
13.04347826086948 -10 5
14.13043478260862 -10 5
15.21739130434776 -10 5
16.3043478260869 -10 5
17.39130434782604 -10 5
18.47826086956518 -10 5
19.56521739130432 -10 5
20.65217391304346 -10 5
21.73913043478259 -10 5
22.82608695652172 -10 5
23.91304347826086 -10 5
-17.2854356964831 -8.019603731069632 4
-17.2854356964831 -7.419603731069632 4.6
-17.2854356964831 -6.819603731069632 4
-17.2854356964831 -7.419603731069632 3.4
-16.6854356964831 -8.019603731069632 3.4
-16.0854356964831 -8.019603731069632 4
-16.6854356964831 -8.019603731069632 4.6
-16.6854356964831 -6.819603731069632 4.6
-16.0854356964831 -7.419603731069632 4.6
-16.6854356964831 -6.819603731069632 3.4
-16.0854356964831 -6.819603731069632 4
-16.0854356964831 -7.419603731069632 3.4
-12.9995371581811 -6.226786999612935 4
-12.9995371581811 -5.626786999612936 4.6
-12.9995371581811 -5.026786999612936 4
-12.9995371581811 -5.626786999612936 3.4
-12.3995371581811 -6.226786999612935 3.4
-11.7995371581811 -6.226786999612935 4
-12.3995371581811 -6.226786999612935 4.6
-12.3995371581811 -5.026786999612936 4.6
-11.7995371581811 -5.626786999612936 4.6
-12.3995371581811 -5.026786999612936 3.4
-11.7995371581811 -5.026786999612936 4
-11.7995371581811 -5.626786999612936 3.4
-20.1112276854552 -1.264279808339079 4
-20.1112276854552 -0.664279808339079 4.6
-20.1112276854552 -0.0642798083390792 4
-20.1112276854552 -0.664279808339079 3.4
-19.5112276854552 -1.264279808339079 3.4
-18.9112276854552 -1.264279808339079 4
-19.5112276854552 -1.264279808339079 4.6
-19.5112276854552 -0.0642798083390792 4.6
-18.9112276854552 -0.664279808339079 4.6
-19.5112276854552 -0.0642798083390792 3.4
-18.9112276854552 -0.0642798083390792 4
-18.9112276854552 -0.664279808339079 3.4
-8.713638619879106 -4.433970268156239 4
-8.713638619879106 -3.833970268156239 4.6
-8.713638619879106 -3.233970268156239 4
-8.713638619879106 -3.833970268156239 3.4
-8.113638619879106 -4.433970268156239 3.4
-7.513638619879107 -4.433970268156239 4
-8.113638619879106 -4.433970268156239 4.6
-8.113638619879106 -3.233970268156239 4.6
-7.513638619879107 -3.833970268156239 4.6
-8.113638619879106 -3.233970268156239 3.4
-7.513638619879107 -3.233970268156239 4
-7.513638619879107 -3.833970268156239 3.4
-4.427740081577109 -2.641153536699543 4
-4.427740081577109 -2.041153536699543 4.6
-4.427740081577109 -1.441153536699542 4
-4.427740081577109 -2.041153536699543 3.4
-3.827740081577109 -2.641153536699543 3.4
-3.227740081577109 -2.641153536699543 4
-3.827740081577109 -2.641153536699543 4.6
-3.827740081577109 -1.441153536699542 4.6
-3.227740081577109 -2.041153536699543 4.6
-3.827740081577109 -1.441153536699542 3.4
-3.227740081577109 -1.441153536699542 4
-3.227740081577109 -2.041153536699543 3.4
-0.1418415432751128 -0.848336805242846 4
-0.1418415432751128 -0.248336805242846 4.6
-0.1418415432751128 0.3516631947571539 4
-0.1418415432751128 -0.248336805242846 3.4
0.4581584567248873 -0.848336805242846 3.4
1.058158456724887 -0.848336805242846 4
0.4581584567248873 -0.848336805242846 4.6
0.4581584567248873 0.3516631947571539 4.6
1.058158456724887 -0.248336805242846 4.6
0.4581584567248873 0.3516631947571539 3.4
1.058158456724887 0.3516631947571539 4
1.058158456724887 -0.248336805242846 3.4
2.683950445696988 -7.603660727973399 4
2.683950445696988 -7.003660727973399 4.6
2.683950445696988 -6.403660727973399 4
2.683950445696988 -7.003660727973399 3.4
3.283950445696989 -7.603660727973399 3.4
3.883950445696989 -7.603660727973399 4
3.283950445696989 -7.603660727973399 4.6
3.283950445696989 -6.403660727973399 4.6
3.883950445696989 -7.003660727973399 4.6
3.283950445696989 -6.403660727973399 3.4
3.883950445696989 -6.403660727973399 4
3.883950445696989 -7.003660727973399 3.4
6.969848983998985 -5.810843996516702 4
6.969848983998985 -5.210843996516703 4.6
6.969848983998985 -4.610843996516703 4
6.969848983998985 -5.210843996516703 3.4
7.569848983998986 -5.810843996516702 3.4
8.169848983998985 -5.810843996516702 4
7.569848983998986 -5.810843996516702 4.6
7.569848983998986 -4.610843996516703 4.6
8.169848983998985 -5.210843996516703 4.6
7.569848983998986 -4.610843996516703 3.4
8.169848983998985 -4.610843996516703 4
8.169848983998985 -5.210843996516703 3.4
18.36743804957508 -8.980534456333862 4
18.36743804957508 -8.380534456333862 4.6
18.36743804957508 -7.780534456333863 4
18.36743804957508 -8.380534456333862 3.4
18.96743804957508 -8.980534456333862 3.4
19.56743804957508 -8.980534456333862 4
18.96743804957508 -8.980534456333862 4.6
18.96743804957508 -7.780534456333863 4.6
19.56743804957508 -8.380534456333862 4.6
18.96743804957508 -7.780534456333863 3.4
19.56743804957508 -7.780534456333863 4
19.56743804957508 -8.380534456333862 3.4
22.65333658787707 -7.187717724877166 4
22.65333658787707 -6.587717724877166 4.6
22.65333658787707 -5.987717724877166 4
22.65333658787707 -6.587717724877166 3.4
23.25333658787708 -7.187717724877166 3.4
23.85333658787708 -7.187717724877166 4
23.25333658787708 -7.187717724877166 4.6
23.25333658787708 -5.987717724877166 4.6
23.85333658787708 -6.587717724877166 4.6
23.25333658787708 -5.987717724877166 3.4
23.85333658787708 -5.987717724877166 4
23.85333658787708 -6.587717724877166 3.4
11.25574752230098 -4.018027265060006 4
11.25574752230098 -3.418027265060006 4.6
11.25574752230098 -2.818027265060006 4
11.25574752230098 -3.418027265060006 3.4
11.85574752230098 -4.018027265060006 3.4
12.45574752230098 -4.018027265060006 4
11.85574752230098 -4.018027265060006 4.6
11.85574752230098 -2.818027265060006 4.6
12.45574752230098 -3.418027265060006 4.6
11.85574752230098 -2.818027265060006 3.4
12.45574752230098 -2.818027265060006 4
12.45574752230098 -3.418027265060006 3.4
15.54164606060298 -2.225210533603309 4
15.54164606060298 -1.625210533603309 4.6
15.54164606060298 -1.025210533603309 4
15.54164606060298 -1.625210533603309 3.4
16.14164606060298 -2.225210533603309 3.4
16.74164606060298 -2.225210533603309 4
16.14164606060298 -2.225210533603309 4.6
16.14164606060298 -1.025210533603309 4.6
16.74164606060298 -1.625210533603309 4.6
16.14164606060298 -1.025210533603309 3.4
16.74164606060298 -1.025210533603309 4
16.74164606060298 -1.625210533603309 3.4
-15.8253291471532 0.5285369231176172 4
-15.8253291471532 1.128536923117617 4.6
-15.8253291471532 1.728536923117617 4
-15.8253291471532 1.128536923117617 3.4
-15.2253291471532 0.5285369231176172 3.4
-14.6253291471532 0.5285369231176172 4
-15.2253291471532 0.5285369231176172 4.6
-15.2253291471532 1.728536923117617 4.6
-14.6253291471532 1.128536923117617 4.6
-15.2253291471532 1.728536923117617 3.4
-14.6253291471532 1.728536923117617 4
-14.6253291471532 1.128536923117617 3.4
-11.53943060885121 2.321353654574314 4
-11.53943060885121 2.921353654574314 4.6
-11.53943060885121 3.521353654574314 4
-11.53943060885121 2.921353654574314 3.4
-10.93943060885121 2.321353654574314 3.4
-10.33943060885121 2.321353654574314 4
-10.93943060885121 2.321353654574314 4.6
-10.93943060885121 3.521353654574314 4.6
-10.33943060885121 2.921353654574314 4.6
-10.93943060885121 3.521353654574314 3.4
-10.33943060885121 3.521353654574314 4
-10.33943060885121 2.921353654574314 3.4
-22.9370196744273 5.491044114391475 4
-22.9370196744273 6.091044114391474 4.6
-22.9370196744273 6.691044114391474 4
-22.9370196744273 6.091044114391474 3.4
-22.3370196744273 5.491044114391475 3.4
-21.7370196744273 5.491044114391475 4
-22.3370196744273 5.491044114391475 4.6
-22.3370196744273 6.691044114391474 4.6
-21.7370196744273 6.091044114391474 4.6
-22.3370196744273 6.691044114391474 3.4
-21.7370196744273 6.691044114391474 4
-21.7370196744273 6.091044114391474 3.4
-18.6511211361253 7.28386084584817 4
-18.6511211361253 7.88386084584817 4.6
-18.6511211361253 8.48386084584817 4
-18.6511211361253 7.88386084584817 3.4
-18.0511211361253 7.28386084584817 3.4
-17.4511211361253 7.28386084584817 4
-18.0511211361253 7.28386084584817 4.6
-18.0511211361253 8.48386084584817 4.6
-17.4511211361253 7.88386084584817 4.6
-18.0511211361253 8.48386084584817 3.4
-17.4511211361253 8.48386084584817 4
-17.4511211361253 7.88386084584817 3.4
-7.25353207054921 4.114170386031011 4
-7.25353207054921 4.714170386031011 4.6
-7.25353207054921 5.314170386031011 4
-7.25353207054921 4.714170386031011 3.4
-6.65353207054921 4.114170386031011 3.4
-6.053532070549211 4.114170386031011 4
-6.65353207054921 4.114170386031011 4.6
-6.65353207054921 5.314170386031011 4.6
-6.053532070549211 4.714170386031011 4.6
-6.65353207054921 5.314170386031011 3.4
-6.053532070549211 5.314170386031011 4
-6.053532070549211 4.714170386031011 3.4
-2.967633532247214 5.906987117487708 4
-2.967633532247214 6.506987117487707 4.6
-2.967633532247214 7.106987117487707 4
-2.967633532247214 6.506987117487707 3.4
-2.367633532247214 5.906987117487708 3.4
-1.767633532247214 5.906987117487708 4
-2.367633532247214 5.906987117487708 4.6
-2.367633532247214 7.106987117487707 4.6
-1.767633532247214 6.506987117487707 4.6
-2.367633532247214 7.106987117487707 3.4
-1.767633532247214 7.106987117487707 4
-1.767633532247214 6.506987117487707 3.4
4.144056995026884 0.9444799262138505 4
4.144056995026884 1.544479926213851 4.6
4.144056995026884 2.144479926213851 4
4.144056995026884 1.544479926213851 3.4
4.744056995026884 0.9444799262138505 3.4
5.344056995026883 0.9444799262138505 4
4.744056995026884 0.9444799262138505 4.6
4.744056995026884 2.144479926213851 4.6
5.344056995026883 1.544479926213851 4.6
4.744056995026884 2.144479926213851 3.4
5.344056995026883 2.144479926213851 4
5.344056995026883 1.544479926213851 3.4
8.429955533328879 2.737296657670547 4
8.429955533328879 3.337296657670547 4.6
8.429955533328879 3.937296657670547 4
8.429955533328879 3.337296657670547 3.4
9.029955533328879 2.737296657670547 3.4
9.629955533328879 2.737296657670547 4
9.029955533328879 2.737296657670547 4.6
9.029955533328879 3.937296657670547 4.6
9.629955533328879 3.337296657670547 4.6
9.029955533328879 3.937296657670547 3.4
9.629955533328879 3.937296657670547 4
9.629955533328879 3.337296657670547 3.4
19.82754459890497 -0.432393802146613 4
19.82754459890497 0.167606197853387 4.6
19.82754459890497 0.7676061978533869 4
19.82754459890497 0.167606197853387 3.4
20.42754459890497 -0.432393802146613 3.4
21.02754459890497 -0.432393802146613 4
20.42754459890497 -0.432393802146613 4.6
20.42754459890497 0.7676061978533869 4.6
21.02754459890497 0.167606197853387 4.6
20.42754459890497 0.7676061978533869 3.4
21.02754459890497 0.7676061978533869 4
21.02754459890497 0.167606197853387 3.4
1.318265006054782 7.699803848944404 4
1.318265006054782 8.299803848944403 4.6
1.318265006054782 8.899803848944403 4
1.318265006054782 8.299803848944403 3.4
1.918265006054782 7.699803848944404 3.4
2.518265006054782 7.699803848944404 4
1.918265006054782 7.699803848944404 4.6
1.918265006054782 8.899803848944403 4.6
2.518265006054782 8.299803848944403 4.6
1.918265006054782 8.899803848944403 3.4
2.518265006054782 8.899803848944403 4
2.518265006054782 8.299803848944403 3.4
12.71585407163088 4.530113389127244 4
12.71585407163088 5.130113389127244 4.6
12.71585407163088 5.730113389127244 4
12.71585407163088 5.130113389127244 3.4
13.31585407163088 4.530113389127244 3.4
13.91585407163087 4.530113389127244 4
13.31585407163088 4.530113389127244 4.6
13.31585407163088 5.730113389127244 4.6
13.91585407163087 5.130113389127244 4.6
13.31585407163088 5.730113389127244 3.4
13.91585407163087 5.730113389127244 4
13.91585407163087 5.130113389127244 3.4
17.00175260993287 6.322930120583941 4
17.00175260993287 6.92293012058394 4.6
17.00175260993287 7.52293012058394 4
17.00175260993287 6.92293012058394 3.4
17.60175260993287 6.322930120583941 3.4
18.20175260993287 6.322930120583941 4
17.60175260993287 6.322930120583941 4.6
17.60175260993287 7.52293012058394 4.6
18.20175260993287 6.92293012058394 4.6
17.60175260993287 7.52293012058394 3.4
18.20175260993287 7.52293012058394 4
18.20175260993287 6.92293012058394 3.4
24.07398937686519 10 2.487886022456193
-24.07398937686519 10 2.487886022456146
4.890690763909259 10 0.9411108758896594
1.628397355879592 10 0.94438814713959
19.01684841105445 10 4.111371571214915
14.6747263244073 10 4.086943595703426
9.271621864193094 10 4.150905807313902
-2.717391304347757 10 4.058668039364745
-4.891304347825997 10 0.941331960635255
-7.06741115056299 10 0.9137363193158279
-9.241243934672106 10 4.058971378715196
21.19361474718388 10 0.9443881471396015
16.85024168959922 10 0.9419704142012246
12.4978062407413 10 4.086263680684171
7.063179964575227 10 0.9443881471395996
-0.5458938635121733 10 0.9419704142012222
-13.58387854621395 10 0.9140999128442007
-21.19361474718387 10 0.9443881471395917
-15.76086956521733 10 0.9413319606352643
-11.41005432439646 10 4.057554290879876
-17.96140686973762 10 1.016499698771951
2.718204585276904 10 4.086943595703425
10.32734970936895 10 0.9387619723453466
-5.980298296294308 10 4.055611852860393
13.58491909500998 10 0.9443881471395997
0.5158897998294272 10 3.981657895104829
5.94565155217159 10 4.150802870138383
-10.32404952979245 10 0.9443881471395779
-14.66860899494051 10 4.056565739872116
-18.9910337967082 10 3.980637876881747
-16.84986351368568 10 4.055611852860384
-2.71300687438827 10 0.890037133347628
19.0217391304348 10 0.941331960635255
21.19460077328717 10 4.086945517543386
16.88730591777944 10 4.079297623437178
-21.19460077328716 10 4.086945517543404
23.38070818491605 10 0.8422673537162475
23.45414213496557 10 4.145618668739944
-23.38070818491605 10 0.8422673537161828
-23.45414213496558 10 4.145618668739941
-22.28576691498697 10 0.9300323408359972
-21.73781809711751 10 1.892767533679321
-20.64197755227477 10 1.891309906099564
-21.18585236959557 10 2.844453287907679
-22.28579446653525 10 2.848447730061488
-20.08591231145498 10 2.839932150232164
-19.59031658682503 10 1.861947030587602
-18.98592538765634 10 2.835262756939413
-23.02947814588074 10 1.932734068017699
-22.32136016792462 10 3.99636863650873
-15.75868449904705 10 4.053106508095308
-16.30582235594628 10 3.104422274475811
-17.35844035569148 10 3.132705931055549
-16.85762589127447 10 2.15554671209234
-17.95756594941503 10 2.160067849768144
-15.75768379433482 10 2.151552269938164
-15.20860647409918 10 3.102747158908201
-14.11425202810713 10 3.108264795363184
-14.658248308895 10 2.180788889085206
-13.55552594380903 10 2.193530260174063
-13.00762097502848 10 3.116411799177046
-12.45503221632912 10 2.165042166288329
-12.46596641314423 10 1.017504687692061
-4.889606492218363 10 4.055102488442991
-5.435941542788335 10 3.106400534965998
-6.531909923941441 10 3.108551438674708
-4.343204915844623 10 3.107959618330436
-5.988060673882895 10 2.155546712092329
-7.088000732023431 10 2.160067849767952
-7.622270464897511 10 3.1135241180988
-8.152582376089619 10 2.269761365241062
-4.88814191607311 10 2.183002770438817
-3.818655979400003 10 2.264133846835224
2.719089159955541 10 0.9448975115569828
2.173872618344824 10 1.893226918995871
1.076260644236473 10 1.890733122206874
3.266472205584357 10 1.888708301973949
1.621343588712378 10 2.813565037037342
0.5206949201505324 10 2.8399321502321
2.726288764861472 10 2.812137113294478
3.823729684656641 10 2.806124705832998
8.153871768651175 10 0.9448975115569909
7.608655227040451 10 1.893226918995875
6.511043252932105 10 1.890733122206868
8.706322515617199 10 1.89076406027886
7.05813978478124 10 2.784117395541566
5.958123412330373 10 2.806012819511241
8.159687488188197 10 2.774066569825872
9.257775068576898 10 2.791664053141319
7.608711864489578 10 3.768800841126307
-1.631235466665437 10 0.9341390599615084
-2.173913043478169 10 1.893959904798131
-1.628397355879461 10 4.05561185286038
-2.192992177575537 10 3.036082645263585
-1.129419950470364 10 3.233196130239838
4.88932370415548 10 4.103075061582459
-8.15556831760739 10 0.9131866455627071
22.28576691498699 10 0.9300323408360438
21.73781809711744 10 1.892767533679372
20.64516224708829 10 1.890350456579157
21.18585236959533 10 2.844453287907658
22.28579446653497 10 2.848447730061693
20.11866895773596 10 2.736498957127737
23.02947814588068 10 1.932734068017776
14.67561089908594 10 0.9448975115569903
14.13039435747521 10 1.893226918995875
13.03349388552274 10 1.891386470318945
15.22806164605196 10 1.890764060278866
13.57789619615093 10 2.813593382349715
12.47721665928091 10 2.839932150232067
11.94410122708007 10 1.884554877748211
11.38873859845154 10 2.774211695925009
14.6830317039105 10 2.812227531506399
15.78365290593655 10 2.839932150232053
22.32136016792453 10 3.996368636508747
13.58573408014349 10 4.101647355511623
-10.32594101419252 10 4.056639145215357
-9.752091535555515 10 3.009695340575173
20.10616462234319 10 0.9425500373725019
11.41156782434208 10 4.088461933950752
1.630434782608724 10 4.058668039364772
17.93478260869567 10 0.9413319606352568
18.50917388604358 10 1.992494695966051
17.93478260869567 10 4.058668039364745
17.42702009953486 10 3.209200755355158
10.32850355334433 10 4.092829253728546
20.10410107424963 10 4.119825416615686
12.49792157192806 10 0.9419885306848693
15.76209743600455 10 0.9422631771118322
15.79339009965719 10 3.985931745726741
-5.979407445780151 10 0.9118572538140021
9.23913043478265 10 0.941331960635255
5.978260869565275 10 0.9413319606352436
3.804347826087024 10 0.9413319606352237
-20.10869565217379 10 4.05866803936483
-11.36616339127034 10 0.9331150956972944
-10.81409157504492 10 1.751349074898359
-9.770384135277006 10 1.889705056768917
-20.11083988684436 10 0.938838102702528
-3.8022718072503 10 4.057083414376201
-14.67140955235553 10 0.9002895829962811
-16.84782608695654 10 0.9413319606351521
-0.5929536342721491 10 4.088316141535506
-3.801722184657329 10 0.8990105037756566
0.5422345500280024 10 0.9422397362499348
3.808025930768004 10 4.119392134022297
-7.066335980475415 10 4.058247018655404
-17.88564744976808 10 4.071812419761581
-9.244690243504202 10 0.8871546781357533
-13.57739917359235 10 4.058242159914166
-19.06728184853867 10 0.92429111821548
11.40984717813874 10 0.9382229627923189
-8.157088563230374 10 4.059207697597041
-0.01021131101973438 10 1.830041452980148
5.429437333368341 10 1.877097210311987
16.31455828833976 10 1.830554664018251
9.788621355124654 10 1.878358890704155
-12.49210253440016 10 4.059177586249062
-10.86617785053444 10 3.139807477107988
18.47826086956523 10 3.117269106495139
19.605357071914 10 1.864507479787947
-3.301289565238832 10 3.139740542573549
17.39807727948379 10 1.878866907422092
-1.092935127049198 10 1.849204469043568
-8.659466725864611 10 3.139917519560385
4.349912548831462 10 1.875421275451793
-11.93766304508049 10 3.173934637558173
10.86362360393357 10 1.864032395975487
4.891060518129983 10 2.775408728087443
10.32449124837502 10 2.755212467714484
24.12416990104607 10 1.495930161081695
24.16573554871198 10 3.499999999999997
-24.16573554871198 10 3.499999999999998
-24.12416990104609 10 1.495930161081643
23.22174997348048 10 3.151842520964058
-23.22174997348055 10 3.151842520964
6.836658400483977 10 4.23229459394763
8.380724183113752 10 4.232305097741044
19.24425729085106 10 2.644576003362243
-2.938864851512655 10 2.347672574651938
16.54637515191708 10 3.287291782626
-9.023032253993314 10 2.353141279973166
-0.2392902918142923 10 3.293354833216256
-18.71249932843453 10 1.759613690856518
-11.70691593425073 10 1.717942525330431
-18.23572258784782 10 3.236097366881287
-24.30658423238768 10 4.329123733747987
24.30658423238768 10 4.329123733747987
24.26084369861448 10 0.7126935222999538
-24.26084369861453 10 0.7126935222998264
2.174016301402709 10 3.441644851512136
14.13043478260871 10 3.447134759006626
-1.552023026151225 10 2.501751893394456
-21.67912430204664 10 3.446116871654024
-5.440271172460534 10 1.55282094335093
21.67912430204623 10 3.44611687165386
-16.30983638985212 10 1.552820943351015
-10.39122752655464 10 2.480334859662286
17.88755184491769 10 2.51390741546904
-4.342779889607417 10 1.564152708480296
-15.20963502870528 10 1.548653184083407
-20.63342811294229 10 3.439277661836587
15.17806496233522 10 3.438016805578231
13.02473246076824 10 3.439277661836404
20.63637009198943 10 3.444577382152198
3.275029926177524 10 3.445009268944022
1.126588782056153 10 3.436106049178628
6.490750349725062 10 3.47227024076531
8.72651089522174 10 3.470847653372051
-6.540484930536138 10 1.560722338163701
-17.35194990050993 10 1.561901819307102
16.87529669645343 10 2.527345051949323
-19.59264436067382 10 3.431278875678626
-7.628709811519144 10 1.56638232880063
11.92996975011848 10 3.435876084277893
19.55915224444112 10 3.407650783888158
5.424735282859608 10 3.45739949838728
4.351984174457876 10 3.451068232809416
9.807294510281492 10 3.43769194251326
-3.257738696726332 10 1.592593922254907
-0.5725843919074336 10 2.539945384481464
-14.0997625615769 10 1.56513545849451
-8.711677411339892 10 1.601488965117269
-13.06277038071961 10 1.572129190498512
10.86637166745859 10 3.439753034254116
-11.38291347043989 10 2.46885088240604
25 -9.106124262632321 2.481061299591047
25 9.092370187828514 2.516040100675438
25 -0.007392738931855547 0.9226743416424302
25 2.110412255125867 0.9152141167245953
25 4.203133576857603 0.9226743416424302
25 6.266523541387635 0.8522260328501347
25 -6.316059201227536 4.111362970120107
25 -2.105263157894728 0.9116056881941464
25 -4.213496698708812 4.111224845600789
25 1.052361851404045 4.11136297012011
25 5.289082774906968 4.154432526598521
25 3.154924353922759 4.111224845600794
25 -1.055601961866703 4.111224845600793
25 -5.258008797505711 0.9152141167246
25 7.361028313699709 4.077325658357571
25 -7.375813791563439 0.9226743416424342
25 8.492657445266246 0.8484501011322685
25 -8.499018781138204 4.151256731008837
25 8.423987578818757 4.165745223968453
25 8.069603932061725 3.080290801502676
25 6.87959498393797 3.1600828726204
25 7.332668821156254 2.191051432216918
25 6.279450768024496 2.39037179425689
25 5.215859873591796 0.8896237119437325
25 4.678410041985671 1.832022165931245
25 3.652568406284061 1.841884127463017
25 4.173212862413285 2.777656350270933
25 3.128057323601638 2.677543168841284
25 5.229213828581111 2.57474418520854
25 1.05831700158426 0.9310793015197618
25 0.5206285723538429 1.869889006457535
25 -0.5520097963426309 1.852850971811077
25 -0.0357522314753318 2.808948567783069
25 -1.087942787557322 2.689139142723989
25 1.05895885806212 2.792713907439892
25 1.585748158899467 1.856815699121335
25 -3.165287475773958 0.9226743416424339
25 -2.645988494917409 1.855700574734017
25 -3.708515560392756 1.845830528930152
25 -3.195161898604443 2.778048913126444
25 -4.239133166101833 2.67826632956173
25 -1.061898996800213 0.9164641387957495
25 -3.166399084586977 4.152118710297535
25 -6.310104051047322 0.931079301519764
25 -6.84779248027774 1.869889006457538
25 -8.09607832267902 1.933135094300749
25 -7.404173284106912 2.808948567783076
25 -6.309462194569461 2.792713907439894
25 -5.782672893732115 1.856815699121339
25 -4.210526315789473 0.9116056881941477
25 -7.450887281209215 3.93476744768951
25 -0.007839053153148257 4.133863911930307
25 -8.448878422278517 0.8645575916427335
25 -5.262679630730723 4.11496869683617
25 4.204914695265007 4.137526289181878
25 2.105741421900859 4.114968696836182
25 -2.105760985651575 4.117110401308693
25 3.154548873247904 0.9110834145742372
25 7.414527762850273 1.063391194072673
25 6.354464833604183 4.117935080846385
25 -1.601465129737347 1.811653831126844
25 -2.135281580812022 2.707050727760485
25 9.141992710192497 3.507242573992789
25 9.186014789835088 1.5037062177217
25 -9.180060491503736 3.499999999999998
25 -9.180060491503736 1.500000000000001
25 -4.742303699398438 1.783719605564784
25 2.626117353233138 1.783719605564774
25 -5.281427421201564 2.725954058163934
25 2.086888991725239 2.725892564905386
25 8.281647581437273 1.912862368115755
25 -8.303144950510179 3.107120161407384
25 5.791361379639518 3.305267261334714
25 5.689609919899521 1.69133146210012
25 4.716361088782389 3.434037108477549
25 -6.785535284203684 3.4286847670833
25 0.5058347729929267 3.434037108477546
25 9.265994562445982 4.281379317810179
25 -9.325289538738915 4.330251346201766
25 -9.315261466966977 0.6729115183285468
25 9.325208131230795 0.6704312637707937
25 -2.655704597088246 3.439023445246057
25 6.709104517747456 1.608350632867523
25 -0.5760475413025716 3.420476404911528
25 3.642494638372415 3.421946060822506
25 -3.726373736190915 3.423705795640547
25 1.593211272919191 3.448958525426061
25 -5.782000972866022 3.440838812421058
25 -1.60272324237974 3.41400416125859
25 2.622274699538846 3.432353595494202
25 -4.746849128384697 3.431689866421822
-25 9.340219355128676 2.504013900165363
-25 -9.092370187828518 2.516040100675438
-25 -0.001082663577026466 4.110249489439633
-25 -2.116852739518837 0.9117339528008677
-25 -4.203133576857603 0.9226743416424302
-25 -6.266523541387642 0.8522260328501333
-25 6.315789473684211 4.088394311805854
-25 2.154529090191296 4.147773967149855
-25 4.217919054721327 4.077325658357564
-25 -5.289082774906968 4.154432526598521
-25 -3.154924353922759 4.111224845600794
-25 1.06002431787922 0.9226743416424334
-25 5.298099700966288 0.8415075562065948
-25 3.13196985667196 0.8455674734014897
-25 -7.361028313699713 4.077325658357569
-25 7.361028313699721 0.9226743416424342
-25 -8.49265744526625 0.8484501011322686
-25 8.425219701974076 4.174279833152102
-25 -8.423987578818757 4.165745223968452
-25 -8.069603932061735 3.080290801502673
-25 -6.879594983937988 3.160082872620391
-25 -7.33266882115629 2.191051432216912
-25 -6.279450768024525 2.390371794256875
-25 -0.006160615776552802 0.9245191172171499
-25 0.5305904317254004 1.862836862859562
-25 -0.5556452179409597 1.862586737658129
-25 1.571314603008993 1.830438404773312
-25 1.088383810422695 2.808948567783075
-25 2.145156263003018 2.60849978638521
-25 -0.01181105065109556 2.791563169443886
-25 -1.102121932257141 2.747032183794672
-25 -5.215859873591803 0.8896237119437337
-25 -4.678410041985678 1.832022165931246
-25 -3.654736650697375 1.839746251235239
-25 -4.174774084314127 2.808948567783071
-25 -3.135275848192947 2.674066016610045
-25 -5.24233699326723 2.649593130080254
-25 1.068956629344736 4.156270280654921
-25 3.205192757987131 4.110376288056262
-25 3.742642589593252 3.167977834068749
-25 4.7811985388543 3.151398958890709
-25 4.24839137585553 2.222052238440088
-25 5.290971051367331 2.367600572419865
-25 3.192523137354224 2.425019176350314
-25 4.226853662569082 0.8074290795050484
-25 7.369115564364101 4.095724313649587
-25 6.816224775567411 3.240115382364694
-25 8.423987578818766 0.8342547760315491
-25 7.906873002138662 1.683324947118183
-25 6.836677416782708 1.674037418744877
-25 6.343007127044455 0.8454194535909038
-25 5.275535717043391 4.084244182987879
-25 -4.204914695265007 4.137526289181878
-25 -1.052631578947372 0.9116056881941478
-25 -1.057701428409981 4.110584746967616
-25 -2.111422922033675 4.137943774337918
-25 2.071563957202744 0.8804851320525732
-25 -3.157894736842099 0.9116056881941341
-25 -7.414527762850287 1.063391194072669
-25 -6.35446483360419 4.117935080846383
-25 -1.607181101575534 1.839519988741877
-25 7.911505555442054 3.334089842182035
-25 5.774666312938936 3.224954252655494
-25 -9.141992710192497 3.507242573992789
-25 -9.186014789835092 1.5037062177217
-25 9.080416769779301 3.429982897360864
-25 9.079818333405964 1.577579980237933
-25 -2.639126819713015 1.770892348198106
-25 -8.281647581437291 1.912862368115755
-25 -2.118361601736501 2.679852538963577
-25 6.331105824452179 2.435892509039244
-25 -5.842678690313372 3.317178468914803
-25 2.636203226672912 1.692662144080891
-25 -5.691172201409788 1.700242050775323
-25 2.731947322846671 3.308506031019031
-25 -4.716361088782389 3.434037108477549
-25 0.5467968059544344 3.434037108477552
-25 3.704691542796531 1.565962891522447
-25 7.357227061169819 2.481254933379307
-25 -9.265994562445982 4.281379317810179
-25 9.265994562445975 4.281379317810167
-25 9.265994562445975 0.7186206821898319
-25 -9.325208131230795 0.6704312637707937
-25 -0.5532632429889368 3.432057138048107
-25 -6.709218386662236 1.609000092683486
-25 4.805308243400771 1.591536555899758
-25 -3.643241215455081 3.424311287462039
-25 1.647413506558678 3.408463444100229
-25 5.817528227335623 1.62599901098354
-25 -2.635418778248777 3.407884657622523
-25 -1.611497387290369 3.419421166471458
-25 8.446010012844079 2.501707750073948
23.96090785281767 -0.1450757964816152 0
-24.07592669157554 -0.009500531868804988 0
4.984732348638744 9.098810576095556 0
-1.630434782608761 -9.058668039364749 0
-5.928314035898063 9.077917820987764 0
9.158217983420105 -9.003874658203905 0
13.71516577405075 9.114509973684019 0
-13.58695652173916 -9.058668039364743 0
-9.239130434782652 -9.058668039364745 0
0.6195143926221458 9.090618071037088 0
2.649324102901181 -9.039997841802045 0
-11.38483905293562 9.066969423763096 0
9.349949483067896 9.106776624510445 0
13.56072776438722 -8.984272209607646 0
-15.74999826551105 9.057981395001697 0
17.93478260869567 9.058668039364745 0
-18.09635534979191 -9.057927813821024 0
17.92105881053182 -8.994518442502372 0
-19.02377655716392 9.055611852860391 0
-4.891304347826141 -9.058668039364749 0
-2.654399600830853 9.084328710363099 0
5.864712842539387 -9.009788576280663 0
24.27073124156445 -3.182551849986297 0
-24.0304205752681 3.084802226047549 0
23.95399816180695 3.311317992156815 0
-23.97288485528024 -3.250493194243167 0
21.19365569252763 -9.026700043399586 0
-21.19565217391305 -9.058668039364743 0
21.19565217391305 9.058668039364743 0
-24.03625608413988 6.254906229535103 0
24.26744243351499 6.342522688782687 0
-24.00343212195173 -6.414851960303263 0
23.99290952571155 -6.18030522450618 0
-9.202228904159462 9.071387799987843 0
15.73404494665122 -8.976984563532804 0
-13.56744938820994 9.0625032415678 0
11.36883731145464 -8.979399238675084 0
-21.19565217391302 9.058668039364738 0
7.167341019899991 9.102822292244307 0
-7.065217391304396 -9.058668039364742 0
0.5434782608694935 -9.058668039364742 0
11.53255773538644 9.110672785581304 0
-11.41304347826091 -9.058668039364743 0
15.89777359620599 9.118287372252135 0
-15.91374825594102 -9.054353441713662 0
2.802123471992334 9.094742249240962 0
23.42380119963421 9.171401375612497 0
-23.32038918666542 -9.023423115063636 0
-23.34021155729412 9.083279382513227 0
23.3408671142732 -9.057361407766265 0
-17.93308475308796 9.055102488442998 0
-18.47721512584628 8.106400534966006 0
-17.38103724439288 8.106135151809351 0
-17.92520321779568 7.155003754505171 0
-19.02462595123085 7.152860526115818 0
-18.47147708236666 6.2010610480097 0
-17.37150488380403 6.204938892221807 0
-17.91803303801912 5.250328491741575 0
-16.818034756762 5.254326628784137 0
-17.36456674325161 4.299693653179602 0
-16.26456301633593 4.303708370930602 0
-16.81112528726015 3.34907498565328 0
-15.71109841863277 3.353091895681044 0
-16.2576684802467 2.39847299642383 0
-15.15763086128575 2.40247847057941 0
-15.70418344763024 1.447868482728411 0
-14.60415810670491 1.4518651331875 0
-15.1506795102343 0.4972378037731763 0
-14.05068133514064 0.501247449525548 0
-13.50415872121059 1.455874721894145 0
-12.95068661976313 0.5052587699462143 0
-12.40416445426636 1.459886270375643 0
-11.85069333409665 0.5092706961074925 0
-11.30417145088582 1.463898314814067 0
-10.75070049730937 0.5132828058849923 0
-10.20417877309559 1.46791048890501 0
-9.650707789600332 0.5172949678718612 0
-9.104186085992444 1.471922659228758 0
-8.550715101852191 0.5213071379345133 0
-8.004193402378288 1.475934830963829 0
-7.450722418012369 0.5253193095804373 0
-6.904200719209149 1.479947002879363 0
-6.350729734898096 0.5293314815182291 0
-5.804208036296484 1.483959174898288 0
-5.250737051947494 0.5333436535218975 0
-4.704215353372009 1.487971346912485 0
-4.150744369022203 0.537355825535756 0
-3.60422267045196 1.491983518928456 0
-3.050751686101868 0.5413679975516077 0
-2.504229987532474 1.495995690944651 0
-1.950759003182451 0.5453801695678298 0
-1.404237304613313 1.500007862960975 0
-0.8507663202632424 0.5493923415841351 0
-0.3042446216941371 1.504020034977294 0
0.2492263626559344 0.5534045136004527 0
0.7957480612250334 1.508032206993614 0
1.349219045575105 0.5574166856167725 0
1.895740744144203 1.512044379009934 0
2.449211728494299 0.5614288576262643 0
2.995733427063376 1.516056551025116 0
3.549204411413472 0.5654410296412561 0
4.095726109982547 1.520068723041024 0
4.649197094334214 0.5694532016569553 0
5.195718792901978 1.524080895057171 0
5.749189777254474 0.5734653736735014 0
6.295711475821372 1.5280930670735 0
6.849182460170949 0.5774775456983703 0
7.395704158740131 1.532105239091245 0
7.949175143089963 0.5814897177147339 0
8.495696841659203 1.536117411107807 0
9.049167826008794 0.5855018897214961 0
9.595689524578299 1.540129583122573 0
10.14916050892806 0.5895140617358683 0
10.69568220749747 1.544141755138307 0
11.24915319184754 0.5935262337613674 0
11.79567489041672 1.548153927156799 0
12.34914587476678 0.5975384057795796 0
12.89566757333589 1.552166099173055 0
13.44913855768562 0.6015505777963976 0
13.995660256255 1.556178271189444 0
14.54913124060473 0.6055627498128116 0
15.09565293917415 1.560190443205793 0
15.64912392352421 0.6095749218289576 0
7.402653444520434 -0.3731379756864581 0
4.1026753957639 -0.3851744917500827 0
-3.597273384670962 -0.4132596958415549 0
15.10260222494553 -0.3450527715686231 0
10.70263149327245 -0.3611014596640246 0
-0.2972953359131628 -0.4012231797927091 0
-7.997244116580205 -0.4293083838213304 0
-12.39721501002922 -0.4453570061009491 0
-16.25070246061054 0.4932430486108775 0
-15.69720071203344 -0.457389452410379 0
16.20259490787274 -0.3410405995486475 0
16.19564562209339 1.564202615222083 0
-16.79721033628969 -0.4613918052878836 0
15.65607320929413 -1.29566829294655 0
16.75606589222231 -1.291656120925795 0
-16.24372002399431 -1.412018266352185 0
-17.34372933327728 -1.41602087885589 0
-7.457671703600887 2.43056252427296 0
-4.157693654801973 2.442599040305245 0
-0.8577156060442076 2.454635556354134 0
16.20954419365173 -2.246283814330989 0
17.30953687657355 -2.242271642303951 0
-16.7902408745333 -2.366646376531731 0
-17.9110768327789 3.345068505935298 0
15.109551510719 -2.250295986374653 0
-10.75764975317156 2.418526008552979 0
3.542255125632468 2.470684244418957 0
7.942225857309154 2.486732932484629 0
12.34219658898582 2.502781620549938 0
-17.89022363889648 -2.37066421543974 0
17.85605857514309 -1.287643948908997 0
15.64217463774331 2.514818136598925 0
16.74216732066249 2.518830308615247 0
-15.16457102813586 4.307720380776173 0
18.40952955949344 -2.238259470285759 0
16.76301517800541 -3.196899335694766 0
-18.44375847597794 -1.42006380860712 0
-17.33675799249752 -3.321276668194935 0
-16.23676607301287 -3.317264063136001 0
-18.4367400085413 -3.325294949075503 0
16.18869633631241 3.469445829992085 0
17.28868901923158 3.473458002008411 0
17.84216000358166 2.522842480631575 0
18.38868170215075 3.47747017402474 0
18.94215268650083 2.5268546526479 0
18.95605125806264 -1.283631776892278 0
19.48867438506992 3.481482346041068 0
-19.57142638404668 6.19718898449308 0
-16.78328713538879 -4.271892117398882 0
-15.68329447367612 -4.267879933356131 0
19.50952224241279 -2.234247298269055 0
18.96300054384371 -3.188874991662209 0
5.742240491470932 2.478708588451472 0
1.342269759794125 2.462659900386766 0
1.902690029924811 -0.3931988357655275 0
-10.19722948831169 -0.4373327254651798 0
-5.797258750517463 -0.4212840398745503 0
10.14221122314745 2.494757276516691 0
18.93520340071984 4.432097867417905 0
16.73521803488151 4.424073523385244 0
15.63522535196234 4.420061351368921 0
20.04214536941999 2.530866824664229 0
20.03519608363901 4.436110039434236 0
20.06299322676293 -3.184862819645786 0
19.51647152819383 -4.139490513038954 0
20.05604394098191 -1.279619604875825 0
19.48172509928893 5.38672556081107 0
20.616464211113 -4.135478341022631 0
20.06994251254391 -5.090106034415795 0
18.96994982962474 -5.094118206432105 0
-15.13677277863915 -3.313252237959434 0
-14.58330169238227 -4.263867817143768 0
-15.12982337396878 -5.218495520169999 0
-14.02983067182301 -5.214483359062227 0
-13.48330897004723 -4.259855667488019 0
-12.9298379791301 -5.21047119259249 0
-12.38331627892979 -4.255843500124614 0
-11.82984529321559 -5.206459022277817 0
-11.28332359414501 -4.251831329169114 0
-10.72985260948625 -5.202446850723634 0
-10.18333091077988 -4.24781915740835 0
-9.629859926357714 -5.198434678828654 0
-9.083338227751479 -4.243806985456571 0
-8.529867243385439 -5.194422506845037 0
-7.98334554480525 -4.239794813458179 0
-7.429874560452903 -5.190410334838877 0
-6.883352861879338 -4.235782641448264 0
-6.329881877530376 -5.18639816282704 0
-5.783360178958478 -4.231770469435481 0
-5.229889194610359 -5.182385990813779 0
-4.68336749603888 -4.227758297421982 0
-4.129896511690971 -5.178373818800162 0
-3.583374813119609 -4.223746125404492 0
-3.029903828771743 -5.174361646785821 0
-2.483382130200408 -4.21973395339003 0
-1.929911145852553 -5.170349474771864 0
-1.383389447281209 -4.215721781379951 0
-0.8299184629333668 -5.166337302758999 0
-0.2833967643620255 -4.211709609366969 0
0.2700742199858127 -5.162325130745238 0
0.8165959185571531 -4.207697437353355 0
1.370066902904991 -5.158312958731525 0
1.916588601476331 -4.203685265339644 0
2.470059585824169 -5.154300786717791 0
3.01658128439551 -4.199673093325913 0
3.570052268743347 -5.150288614704056 0
4.116573967314688 -4.195660921312177 0
4.670044951662524 -5.146276442690318 0
5.216566650233865 -4.191648749298441 0
5.770037634581702 -5.142264270676582 0
6.316559333153045 -4.187636577284706 0
6.870030317500882 -5.138252098662848 0
7.416552016072223 -4.183624405270971 0
7.97002300042006 -5.134239926649116 0
8.516544698991403 -4.179612233257237 0
9.070015683339239 -5.13022775463538 0
9.616537381910581 -4.175600061243502 0
10.17000836625842 -5.126215582621642 0
10.71653006482976 -4.171587889229764 0
11.2700010491776 -5.122203410607904 0
11.81652274774895 -4.167575717219456 0
12.36999373209678 -5.11819123859474 0
16.18174705053143 5.374689044762087 0
15.08175436761226 5.37067687274576 0
20.5817177822081 5.390737732827408 0
19.5234208139748 -6.044733727808951 0
18.42342813105563 -6.048745899825251 0
20.62341349689397 -6.040721555792641 0
-17.3507455888374 0.48922845549523 0
-12.95763548897328 2.410501810647123 0
9.063066397562743 -3.22498453986536 0
5.763088348805404 -3.237021055906867 0
-1.936860431623574 -3.265106259996084 0
12.90261685911687 -0.3530771155968817 0
-16.27152693265379 6.209043787629153 0
7.42350130184872 -6.088867620040991 0
4.123523253091182 -6.100904136082197 0
-3.57642552734308 -6.12898934017823 0
21.13518876655818 4.440122211450572 0
-14.57635236435913 -6.169111055877485 0
-15.67634504627243 -6.173123228461774 0
-12.37636699155921 -6.161086715798864 0
21.1629859096821 -3.180850647629474 0
21.71645689403217 -4.131466169006335 0
-10.17638162491667 -6.153062372227557 0
-7.97639625902349 -6.145038028231181 0
-5.776410893181652 -6.137013684205682 0
-0.2764474785855297 -6.116952824137137 0
1.923537887252829 -6.108928480109669 0
10.72347935060626 -6.076831103999782 0
20.028246797858 6.341353254204241 0
18.92825411493884 6.337341082187899 0
21.12823948077717 6.345365426220583 0
11.26305176339461 -3.216960195845671 0
12.91651543066815 -4.163563545208867 0
13.46998641501596 -5.114179066581633 0
12.92346471644461 -6.068806759972311 0
14.03238776855479 -6.05959511444338 0
14.5714674928003 -5.109300315647717 0
15.12518654295433 -6.059771407203169 0
3.56310298296685 -3.245045399934035 0
1.363117617130086 -3.253069743955028 0
-4.136845797465321 -3.273130604017273 0
-6.336831163306223 -3.281154948057394 0
-8.536816529151071 -3.289179292081185 0
-10.73680189510305 -3.297203636039704 0
-12.93678726300503 -3.305227978899524 0
18.39563098793173 1.572226959254737 0
14.53523266904317 4.416049179352591 0
13.98176168469309 5.366664700729427 0
14.52828338326219 6.321292394122604 0
13.42829070034302 6.317280222106271 0
12.88176900177392 5.362652528713102 0
12.32829801742385 6.313268050089943 0
11.78177631885475 5.358640356696779 0
11.22830533450468 6.309255878073619 0
10.68178363593558 5.354628184680458 0
10.12831265158551 6.305243706057299 0
9.581790953016416 5.350616012664136 0
9.028319968666342 6.301231534040975 0
8.481798270097247 5.346603840647812 0
7.928327285747173 6.29721936202465 0
7.381805587178079 5.342591668631487 0
6.828334602828004 6.293207190008327 0
6.281812904258908 5.338579496615163 0
5.728341919908836 6.289195017992003 0
5.18182022133974 5.33456732459884 0
4.628349236989667 6.28518284597568 0
4.08182753842057 5.330555152582519 0
3.528356554070499 6.281170673959359 0
2.981834855501401 5.326542980566196 0
2.42836387115133 6.277158501943036 0
1.881842172582233 5.322530808549875 0
1.328371188232161 6.273146329926715 0
0.7818494896630641 5.318518636533552 0
0.2283785053129911 6.269134157910392 0
-0.318143193256105 5.31450646451723 0
-0.8716141776061788 6.265121985894068 0
-1.418135876175274 5.310494292500906 0
-1.971606860525348 6.261109813877743 0
-2.518128559094443 5.30648212048458 0
-3.071599543444518 6.257097641861418 0
-3.618121242013611 5.302469948468254 0
-4.171592226363687 6.253085469845093 0
-4.71811392493278 5.298457776451929 0
-5.271584909282856 6.249073297828767 0
-5.81810660785195 5.294445604435603 0
-6.371577592202026 6.24506112581244 0
-6.91809929077112 5.290433432419273 0
-7.471570275121195 6.241048953796113 0
-8.018091973690289 5.286421260402948 0
-8.571562958040362 6.237036781779787 0
-9.118084656609458 5.282409088386624 0
-9.67155564095953 6.233024609763463 0
-10.21807733952863 5.2783969163703 0
-10.7715483238787 6.229012437747144 0
-11.3180700224478 5.274384744353981 0
-11.87154100679787 6.225000265730825 0
-12.4180627053671 5.270372572372795 0
-12.97153368971719 6.220988093755492 0
19.47477581350791 7.29196877558107 0
20.07689179832487 -6.995349249185796 0
21.18221148899952 -7.012818199037604 0
-1.425085161956253 7.215737507270907 0
-4.72506321071376 7.203700991221933 0
-8.025041259471267 7.191664475172951 0
14.58763655787967 -7.00917555544518 0
15.67899517243559 -7.010190343535712 0
15.67011169024756 -5.106073263970867 0
-15.14372411975019 -1.408007917619332 0
21.72429401443905 -6.04028957075435 0
19.50257295663186 -0.3290040834989487 0
20.60256563955103 -0.3249919114826124 0
21.1560366239011 -1.275607432859461 0
21.7025583224702 -0.320979739466291 0
22.25602930682027 -1.271595260843135 0
21.14908733812013 0.6296357819105516 0
17.86995714671041 -5.098130378451177 0
11.23525462028566 4.404012663303619 0
-1.964657574744366 4.355866599107754 0
9.03526925444732 4.395988319270979 0
6.835283888608986 4.387963975238332 0
-5.26463562350188 4.343830083058766 0
4.63529852277065 4.379939631205685 0
2.435313156932306 4.371915287173034 0
0.2353277910939707 4.3638909431404 0
-8.564613672259391 4.331793567009786 0
-11.86459172101692 4.319757050966691 0
-12.96458440419877 4.315744879216172 0
-20.12491696086837 7.147586432629026 0
-20.67146696786595 6.19302061338081 0
-20.11802554139255 5.242388225274488 0
-21.21803371417309 5.23838181881556 0
-20.66459803278725 4.287745953911866 0
-21.76459427575562 4.283771116018234 0
-21.21116084298578 3.333133005898669 0
-21.77146746988289 6.189019988441723 0
-20.11116845960554 3.337100834681666 0
-20.657727971726 2.38249425741779 0
-21.75772103716879 2.378524941461174 0
-21.20428744841271 1.427887702263389 0
-20.1042946027791 1.431856571681711 0
-20.65085392270348 0.4772503383495835 0
-21.75084677648689 0.4732814545173861 0
-21.197413223828 -0.4773558562300818 0
-19.55086108675532 0.4812191865111364 0
-19.00430179775346 1.435825356761997 0
-12.42499074153664 7.169789911038724 0
-13.52498640052995 7.166593671082483 0
-14.07152332743674 6.21614093103628 0
-14.62497913332709 7.16259091551923 0
-10.22499904452041 7.176078474717805 0
22.22943120654378 0.6222079464205821 0
21.69233423427331 1.582356807385995 0
22.2805455507814 -7.015339223993192 0
1.874951846951687 7.211609279188567 0
22.97197245264411 1.582336045772438 0
22.24213073525834 2.538891168696874 0
-15.12291190496368 -7.113362357279767 0
-16.22291089488839 -7.115645130628561 0
-16.77634508298679 -6.175117771183062 0
-14.02292204661817 -7.108575589531942 0
-17.32290913086029 -7.11813456782873 0
-17.87633991704728 -6.178539882512451 0
-18.4229030978118 -7.121794607259474 0
-18.97633317249539 -6.182395022314961 0
-19.52285496648823 -7.136996543671629 0
-20.07631914846228 -6.188245983026565 0
-19.52979631616197 -5.233929116423535 0
-20.62978769230095 -5.238299557685064 0
-21.17630917307557 -6.192986962618239 0
-21.72977971437245 -5.242492909169767 0
-21.18325794195929 -4.287885460432825 0
-22.28325050243021 -4.291931203134231 0
-21.73672872417431 -3.337325356249905 0
-20.63673604125513 -3.333313184236145 0
4.074942271838155 7.21824661491164 0
-22.27611774982541 -0.4881617523389936 0
6.274932491339453 7.22494025983032 0
8.474922502747413 7.231690956430059 0
18.37487309450501 7.263291746422233 0
10.67491230330602 7.238499460307669 0
12.87490189021038 7.245366540462052 0
-21.74042450490068 -1.433089840423136 0
-20.64335088382958 -1.428193736838883 0
-22.99719072077842 -1.496653817743898 0
15.11677218054955 -4.155381194924662 0
17.32343544813492 -6.052758071854333 0
17.87688432290982 -6.997311945762058 0
17.28173973345061 5.3787012167784 0
16.72826874910053 6.329316738155242 0
22.23196131071628 -3.194897475440865 0
22.80892142340807 -4.163036911924964 0
-22.24574431245977 -6.179359792004914 0
-21.71778311390853 -7.132291828153254 0
-22.96620833439024 -7.046621146591937 0
-22.26982086481949 -8.129615373210457 0
-18.96937380243509 -8.090402963140582 0
-20.06936648535427 -8.094415135154298 0
-16.64110751139327 -8.073263949409204 0
-14.42432382195388 -8.070260188134728 0
-23.04682441507932 0.4779719476203723 0
22.8247550774519 -6.065622286305807 0
18.77488668149276 8.192260873432646 0
20.02129751207698 8.246596468974241 0
15.15589807609391 -7.997844960551367 0
16.25398835136055 -7.964872881188549 0
-22.83672140709349 -3.341337528263662 0
-23.35234741523235 -4.263949065810994 0
20.63322423674388 -7.963001189691465 0
19.53610476689528 -7.97910404871717 0
14.04122848003119 -7.972586475409729 0
20.09487970860993 -8.97530452963985 0
21.75704449585934 -8.053018337624056 0
22.8367722720871 -8.020580682572527 0
-12.99569609866546 8.112166733313618 0
-19.57292688983528 8.102357261343311 0
16.82973559138223 -8.947439035105104 0
-16.8253939326312 7.156629401601975 0
-18.45085099777853 0.4851978296029963 0
-18.99737082931578 -0.4694264487219214 0
-17.90429969374942 1.439841023050979 0
-18.45774251699586 2.390431510230581 0
-15.7249883977274 7.160080899383655 0
-19.01802904360697 5.246387030013862 0
-19.56460260716106 4.291722455676514 0
-18.46458226725706 4.295710594107934 0
-21.22490473369579 7.1427580783322 0
-22.32007047020012 7.140919037816819 0
-22.87782834717223 6.199661697587485 0
-21.77834321827992 8.094255673630187 0
-15.17151777516071 6.211423471625644 0
-15.18838967611674 8.108271105557568 0
-22.31908903383153 5.236845308717569 0
-22.83264935461259 4.298903506266138 0
-23.38777134968464 5.254884307501582 0
-23.96650285391324 4.251453430046035 0
-16.80426195280629 1.44387324061235 0
-22.27371568909042 3.351043681030703 0
-23.01866271645104 2.457268017740667 0
-17.89727897178462 -0.465386659347834 0
-19.54377411581574 -1.424056824060791 0
-14.61110188334565 3.357105022194876 0
-15.71804359709884 5.25809514463939 0
-14.06457781332816 4.311732682731565 0
16.21656202834188 -4.151487118321029 0
16.77908344676715 -7.003918103390168 0
15.66307915057104 -3.200878521573801 0
14.56308448541126 -3.204891847715428 0
14.0095679399988 -2.254302853069896 0
14.556082045067 -1.29967958076505 0
13.45608961526501 -1.303691605432215 0
12.90956795887477 -2.258319274292522 0
12.3560951604915 -1.3077048091143 0
-14.05763070078314 2.406490133993128 0
-14.59720373960303 -0.453379716350602 0
-14.04373018502437 -1.403996455476991 0
-13.49720890602559 -0.4493686206370513 0
-12.94373696202745 -1.399984570178086 0
-11.84374395991385 -1.395972549839342 0
-12.39026564789007 -2.350600246755214 0
-11.29027290966134 -2.346588100800494 0
-19.55773678126411 2.386461993145749 0
-14.59025148055488 -2.358624337460165 0
-20.09736582737771 -0.4734016616135955 0
-18.42980233714652 -5.230272287760651 0
21.68171046512726 5.394749904843746 0
22.23518144947736 4.444134383466899 0
22.20026527992095 6.365388561390821 0
21.67019525579062 7.276554702525885 0
22.74770994829915 7.311808078879154 0
22.08271487362959 8.204683717747404 0
-18.98327112802698 -4.279771738780525 0
22.78352486378185 5.394172141516364 0
23.34726248724701 4.352804598292733 0
17.86300786092458 -3.192887163678442 0
19.49562367085089 1.576239131271063 0
21.68865975090827 3.489506690073725 0
15.62827606618138 6.325304566138947 0
15.07489126060567 7.252292979592661 0
16.17489830665392 7.252367300288449 0
-16.22981730316899 -5.222171408922469 0
-10.76459903809774 4.323769222978134 0
-9.664606355178558 4.327781394993636 0
-9.111135370828485 3.377165873616678 0
-11.27637430815932 -6.157074544057812 0
-10.72293400189319 -7.099279158822669 0
-9.622942544210982 -7.094931057001049 0
-10.0417172382659 -8.062307795953082 0
-11.82293179802369 -7.101889512955374 0
22.80255100538938 -0.3169675674499753 0
23.3595289749026 -1.209040899645375 0
22.80371484945112 -2.214700008437246 0
-5.825019170979767 7.189620793803731 0
-5.321091469937714 8.139336301079123 0
-4.240858937274456 8.146041825705559 0
9.574940430930344 7.228781788757958 0
10.02825412248841 8.153654036592837 0
11.80262417618226 -0.3570892876528958 0
0.7749637289523486 7.206345570998309 0
1.257230751201836 8.137348138031721 0
20.58866706798909 3.485494518057396 0
-20.08326541300671 -4.283750011630083 0
-19.53679278509073 -3.329233304891596 0
-10.74375120287179 -1.391960411348993 0
-10.19028020517042 -2.342575938720052 0
-2.525032413552472 7.199269707076704 0
-2.031965277270526 8.147996712575123 0
-0.955717425323138 8.15590277051832 0
-7.464620989340213 4.33580573902611 0
12.33524730320483 4.408024835319937 0
13.435239986124 4.412037007336258 0
13.98871097047408 3.461421485959422 0
5.735291205689817 4.383951803222011 0
-11.83679459812238 -3.301215798631444 0
9.623486667687075 -6.080843276013522 0
10.17698419844373 -7.038736864073112 0
9.076995939926023 -7.043962047200431 0
11.26734417570325 -7.023157604088409 0
10.76671153222361 -8.017963130638273 0
11.85755955532054 -7.951553276080489 0
12.45171823795745 -8.959335203556474 0
12.96017191159904 -7.974399143976333 0
20.609514925332 -2.230235126252649 0
-9.076394259247568 -6.147592394126442 0
-8.522950951706928 -7.090619929004416 0
-7.422953477617805 -7.087921320872644 0
-7.969446973243275 -8.050281243003308 0
-1.37644016150471 -6.120964996150729 0
-0.8229808097774605 -7.068391273028846 0
0.2770146986053412 -7.065153741109691 0
-1.922975431466736 -7.071871904292552 0
-0.2694981928090406 -8.022196038907161 0
5.223515936010362 -6.09689196406846 0
4.676994237439023 -7.051519657460338 0
3.576999638779386 -7.055006602619585 0
5.776986920358203 -7.047507485446606 0
4.150878908892331 -8.030911423268066 0
18.97785120833283 -7.003205664315748 0
18.44292435584723 -7.993017059471772 0
-6.364628306421034 4.339817911042439 0
-5.811157322070962 3.389202389665621 0
-11.85764243523591 2.414513836190913 0
-2.497280701751606 -0.4092475238253094 0
-3.043802400318427 -1.363875217221438 0
-1.943809717397714 -1.359863045210937 0
-4.143795083239453 -1.367887389235302 0
-3.590324098889579 -2.318502910618106 0
-4.690316781811376 -2.322515082635564 0
-1.397288018831739 -0.4052353518104771 0
-0.843817034480409 -1.355850873192884 0
0.256175648436867 -1.351838701170924 0
-0.290346050133611 -2.30646639458089 0
0.8096466327850937 -2.302454222557103 0
4.642247808551705 2.474696416435003 0
7.963073714643565 -3.228996711879095 0
8.509595413214907 -2.274369018487219 0
9.609588096134082 -2.270356846473481 0
7.409602730296254 -2.278381190492117 0
9.056117111786374 -1.319741325086073 0
10.15610979470036 -1.315729153078316 0
9.602638810356709 -0.3651136316874633 0
10.70958077904047 -2.266344674466822 0
-3.036853114542599 -3.269118432006508 0
-2.490331415969409 -2.314490738610665 0
-4.164642940582708 4.347842255075101 0
0.2422770768749585 2.458647728370446 0
-7.436823846227155 -3.285167120070134 0
-6.890302147654038 -2.330539426679263 0
-5.790309464734412 -2.326527254665784 0
-6.343780449082407 -1.375911733277128 0
-7.4437731320397 -1.379923905279453 0
-7.990294830580211 -2.334551598688998 0
-8.54376581496494 -1.383936077292974 0
-0.3378871868028466 7.199714404595369 0
-0.8368677487098607 -3.261094087988979 0
2.463110300048474 -3.249057571946379 0
3.009631998619491 -2.294429878555505 0
4.109624681538104 -2.290417706542188 0
3.556153697191114 -1.339802185160088 0
4.656146380112141 -1.335790013145934 0
5.20266807869227 -0.3811623197540613 0
5.756139063031446 -1.33177784113433 0
2.456161014271602 -1.34381435717435 0
-11.29722224875543 -0.4413448651269965 0
-3.057700971882615 2.446611212321506 0
6.842233174390093 2.482720760467924 0
3.002682712843569 -0.3891866637697449 0
-1.957708288963376 2.450623384337812 0
2.442262442713293 2.466672072402819 0
0.8235437364741558 -6.112538218055801 0
1.377007607791875 -7.061203603433786 0
4.663095665885881 -3.241033227920451 0
6.323508618929542 -6.092879792054726 0
10.13526193736649 4.400000491287303 0
-0.8646648918251938 4.359878771124079 0
-4.676418210262341 -6.133001512192004 0
-4.122965646640722 -7.078566735609094 0
-6.897251433521706 -0.4252962118589658 0
11.24220390606663 2.498769448533163 0
17.29563830501256 1.568214787238407 0
17.84910928936263 0.6175992658615694 0
17.30258759079282 -0.3370284275319833 0
16.74911660644305 0.6135870938450643 0
-3.022959875014731 -7.078143014354579 0
-3.56947624156657 -8.034232554948366 0
-2.469483558647392 -8.03022038293463 0
-3.635403762106115 7.191133787212476 0
17.83521071780068 4.428085695401565 0
1.335320474013137 4.367903115156715 0
6.863081031724869 -3.233008883891614 0
2.97496502642902 7.210002035109523 0
3.449988501503248 8.14101463866966 0
-6.925005733456743 7.183930617553758 0
-7.52070951386017 8.136038071666079 0
-8.617254495821683 8.130226131841519 0
0.8026973470060081 -0.3972110077763892 0
0.2631249342111391 -3.257081915967054 0
8.523499146569613 -6.086270627659766 0
7.976978308298564 -7.041134184323731 0
8.542859937193246 -8.009593828600085 0
7.449682321552441 -8.023493209407635 0
8.073667445353145 -9.0234747105478 0
9.674642757954725 -8.028799761346757 0
6.880185895948919 -7.048667549683074 0
6.33045790470605 -7.998123006824764 0
5.247327733280303 -8.015406142370997 0
4.791989764743358 -9.028553062654193 0
3.535305839851479 4.375927459189366 0
-2.476435994992259 -6.124113396088962 0
9.042218540228287 2.490745104500616 0
7.374948906140734 7.222446006756212 0
7.835499448253342 8.149371174000926 0
-3.064650257663534 4.351854427091433 0
-9.097236801523955 -0.4333205550160845 0
-5.243787766162491 -1.37189956125772 0
10.16305908047871 -3.2209723678541 0
3.02353025088193 -6.104828770286852 0
2.47700515320685 -7.058524552178096 0
1.965501650038445 -8.026703664341637 0
5.174957103434001 7.216186419595339 0
5.642744238932281 8.145158340008589 0
-4.697266067593344 -0.4172718678585788 0
15.08870365339325 3.465433657975757 0
20.57410273290807 7.265967633802579 0
7.935276571528155 4.391976147254658 0
-13.47636645712625 -6.163240387090513 0
-5.236838480386579 -3.277142776043925 0
-5.222961399680987 -7.081737191295973 0
-6.322963577977622 -7.083146073791565 0
-5.769461607404912 -8.042256898975833 0
-6.876406144005477 -6.140321829574822 0
-11.32498992021737 7.171570827632971 0
-10.80293620185189 8.115706249745028 0
20.59507055336741 1.5799335253011 0
-9.131458806803105 7.176821393212333 0
-9.636809213574098 -3.293191463402452 0
11.81226042333131 -6.066602062701467 0
13.97492263196152 7.241685993987689 0
14.41376183716827 8.162433509385794 0
11.77493167412 7.235194775296681 0
12.22100825453595 8.158007839268034 0
-15.69024589174745 -2.362635533176475 0
-17.88327788472036 -4.275837940695911 0
21.17008316790072 -5.086690560229156 0
22.26907185642221 -5.094195836097909 0
7.956124428867672 -1.323753497080332 0
14.54218195482413 2.5108059645826 0
13.44218927190497 2.506793792566257 0
14.01681052228079 -4.159375303650598 0
-12.92293692916528 -7.102489114566937 0
-12.23302297908945 -8.065640411945557 0
21.14150128520274 2.534508255696553 0
22.7847548783 3.467509724030853 0
18.40258027371247 -0.3330162555154557 0
18.94910197228176 0.6216114378778639 0
20.04900368846717 0.6255706468965028 0
-17.32981078054633 -5.225890372332065 0
17.31649758717874 -4.14750820528033 0
21.70337382098381 -2.227980991910472 0
-22.78674958814313 -5.219170129022646 0
18.41648074941267 -4.143501576423869 0
17.82827642600573 6.329218100647809 0
11.78872560463574 3.453397141926701 0
-20.6220443214616 -7.128046269359786 0
18.38173491536744 5.382028253874108 0
10.68873292171656 3.449384969910272 0
9.588740238797389 3.445372797893949 0
12.88871828755491 3.457409313943085 0
8.488747555878231 3.441360625877723 0
7.388754872959083 3.437348453861409 0
6.288762190039941 3.433336281845001 0
5.188769507120769 3.429324109828619 0
4.088776824201574 3.42531193781231 0
-0.3111939074751098 3.409263249747257 0
1.888791458363213 3.417287593779859 0
2.988784141282388 3.421299765796057 0
-4.711164639151836 3.39321456168197 0
0.788798775444049 3.413275421763573 0
-1.411186590394286 3.405251077730942 0
-2.511179273313464 3.40123890571462 0
-3.611171956232687 3.397226733698312 0
-8.011142687916243 3.381178045635776 0
-5.25768633772222 2.438586868289348 0
-12.41111348142479 3.365129382030722 0
-6.357679020648296 2.434574696275811 0
-8.557664386685651 2.426550352323583 0
-6.911150004999605 3.385190217653119 0
-9.657657070586897 2.42253818070456 0
17.2749146615535 7.249889470087597 0
16.72131946331965 8.234559952925226 0
-10.21112805408834 3.373153701738336 0
23.37277161535207 -5.138596584933523 0
-11.31112074717254 3.369141533742962 0
-14.03678007163286 -3.30924008295216 0
-13.49025860168911 -2.354612278620356 0
8.502646127438572 -0.3691258036776084 0
5.209617364458616 -2.286405534527616 0
6.85613174594954 -1.327765669084743 0
14.00261009044746 -0.34906462429226 0
1.356168331354191 -1.347826529159639 0
6.309610047377687 -2.282393362506214 0
1.909639315701937 -2.298442050560788 0
-9.090287515212518 -2.338563769918176 0
6.302660761604148 -0.3771501477083394 0
-9.643758504675885 -1.387948246293577 0
-1.390338733050182 -2.31047856660079 0
13.46309846392569 -3.208900141297005 0
12.36305497109093 -3.212941896055374 0
11.25610247760341 -1.311716981074181 0
16.22446279405917 -6.055808956739257 0
16.77017111577878 -5.101960999102833 0
11.80957551841595 -2.262331305141478 0
-13.51110695451792 3.361117280500494 0
-13.51805500226545 5.26622123120049 0
-14.61804809057096 5.261888973668256 0
-22.36376925637322 1.439147328354349 0
-23.3635374202726 1.506456406111496 0
-19.01115157751042 3.341082648962957 0
-22.29053189302641 -2.386543942714838 0
-21.18972552840658 -2.382838183780269 0
-18.99031169126259 -2.374646024048909 0
-20.09011517427672 -2.378713542976099 0
-17.35776666837099 2.394441283446293 0
3.059661362600975 -8.031183956618328 0
-22.28260869565213 9.058668039364738 0
14.63995422568665 -8.988614701516923 0
22.28225949434193 -9.026276745227072 0
23.98200110926003 -8.197739726422896 0
-16.83964073112602 9.053374053579361 0
-20.10869565217389 9.058668039364758 0
10.27009724968272 -9.005006131477336 0
1.607311525075457 -9.049221726312645 0
-20.67553074284581 8.095020400501676 0
-22.8456712061486 8.112126364245468 0
-24.00752971645444 8.245590598502718 0
0.8529307141408534 -8.0173773765204 0
-0.5674310558214569 -9.055765900878001 0
-16.28295487227959 8.105349130222226 0
-23.91642370653209 -5.242825410401773 0
-14.65534178059992 9.05445684842833 0
19.00640765045895 -8.990324013388527 0
23.98410169879566 -4.207082310817664 0
24.0601430739768 -2.120650676863972 0
24.08839431180586 1.05263157894737 0
-24.07996020158077 -1.046441696395637 0
24.08839431180588 2.105263157894735 0
24.0576674141088 5.279285543182183 0
-24.04613984021596 -2.08144761443112 0
23.97079937393295 7.352006917917548 0
-24.06008277553886 -7.442314893998636 0
-1.346368937209945 -8.018555679670996 0
-2.743603351043629 -9.063830719816831 0
-14.08868713306929 8.107350875206194 0
-3.832833009557957 -9.064997869348902 0
-23.39205255112062 7.213174695736646 0
-12.4710578891203 9.056154603781781 0
-4.669579448843534 -8.007942939195527 0
-6.019716796566855 -9.064531891713482 0
-11.90075165072121 8.115392958212535 0
17.3506124797998 -7.98351291123667 0
-6.841486630985335 -8.023380593317857 0
-10.28675291899927 9.057826893249072 0
-8.196798521097492 -9.06948035669218 0
-8.999480014150556 -8.041256347010595 0
-9.710938395359303 8.121341157125599 0
-10.40455748242235 -9.051052280165091 0
-8.118293021872056 9.074065483496174 0
-11.15300819042589 -8.055628900376375 0
-12.58364756617071 -9.053464677006398 0
-7.012676316050471 9.062986260720201 0
-13.34534400582417 -8.05860096938933 0
-14.82374625412839 -9.033231624341949 0
-6.422136040030487 8.131638310968441 0
13.51668086257692 -6.994543669929877 0
-15.52479144054477 -8.076686115251309 0
-4.859089452337085 9.090995716386589 0
-17.03608185876216 -9.034048040814326 0
12.38958027416261 -7.013177086124813 0
-17.82534722389109 -8.042012822657147 0
-3.740219980650656 9.068162223336564 0
-19.09200363286532 -9.099719870891841 0
-20.11488271929609 -9.250560609082177 0
-24.12550113084283 2.078061252900524 0
-3.137979995280846 8.139488827711586 0
-21.17493339189139 -7.908607329048507 0
-22.27021592334047 -9.242341305527768 0
23.35061297168479 -7.123095275546776 0
24.13899862581097 8.435369073638645 0
-24.14505544531003 -8.421052631578933 0
-1.590413524734756 9.099649686901133 0
-0.4653036115619307 9.072035827239461 0
0.1488001081814025 8.143660797070044 0
1.726917754551126 9.068020285039157 0
2.347696225438208 8.143789437546596 0
3.9112206734514 9.069947168351096 0
6.974825882793255 -9.009146583843474 0
4.539764189632971 8.148227292938644 0
6.095522983469619 9.07199115063295 0
6.731831514672571 8.152788203912218 0
8.279824928463416 9.074084707606687 0
8.923898485991801 8.157393214649817 0
10.46412650360308 9.076228484111908 0
3.710091631885265 -9.02177438072377 0
23.2233082792877 2.604189319789538 0
11.11596509890665 8.162042896859738 0
12.64842770397332 9.078423136213882 0
13.30803134865003 8.166737832166909 0
23.21651663759594 0.561881767002818 0
14.83272852457137 9.080669331448702 0
15.54854740902819 8.15639223404543 0
-23.35231132134481 -8.012605432088719 0
16.84990556842688 9.282303072908421 0
17.81615530191332 7.999734016446489 0
-23.27631596621228 -0.5227343079742137 0
19.14719011921816 9.117145444241997 0
20.11630622191121 9.284481990516197 0
21.10879250966366 8.010494112482972 0
22.34361480831945 9.153541024980075 0
24.26093935267541 4.255073342398513 0
-24.24665721067362 1.05263157894736 0
24.27611598033942 -1.116006106177136 0
-23.22869374327891 -2.511295219479337 0
23.20662252571468 6.421188274977057 0
24.25942002703454 -5.26315789473684 0
23.11793980493772 8.271468364795886 0
24.22669961446703 -7.253174283392172 0
-23.18371161269539 -6.020565687664906 0
-24.24833119540894 -4.235664060406973 0
23.22451995529936 -3.254968889700927 0
-23.22439023786708 3.488694172226218 0
-24.28698012905827 5.260277311356453 0
-24.27074045609206 7.316540435579446 0
-24.1987411495473 9.207497732152435 0
24.1987411495473 -9.207497732152435 0
24.23031420166145 9.240100340313756 0
-24.24685334903238 -9.25404658420052 0
23.96090785281767 -0.1450757964816152 5
-24.07592669157554 -0.009500531868804988 5
4.984732348638744 9.098810576095556 5
-1.630434782608761 -9.058668039364749 5
-5.928314035898063 9.077917820987764 5
9.158217983420105 -9.003874658203905 5
13.71516577405075 9.114509973684019 5
-13.58695652173916 -9.058668039364743 5
-9.239130434782652 -9.058668039364745 5
0.6195143926221458 9.090618071037088 5
2.649324102901181 -9.039997841802045 5
-11.38483905293562 9.066969423763096 5
9.349949483067896 9.106776624510445 5
13.56072776438722 -8.984272209607646 5
-15.74999826551105 9.057981395001697 5
17.93478260869567 9.058668039364745 5
-18.09635534979191 -9.057927813821024 5
17.92105881053182 -8.994518442502372 5
-19.02377655716392 9.055611852860391 5
-4.891304347826141 -9.058668039364749 5
-2.654399600830853 9.084328710363099 5
5.864712842539387 -9.009788576280663 5
24.27073124156445 -3.182551849986297 5
-24.0304205752681 3.084802226047549 5
23.95399816180695 3.311317992156815 5
-23.97288485528024 -3.250493194243167 5
21.19365569252763 -9.026700043399586 5
21.19565217391305 9.058668039364743 5
-21.19565217391305 -9.058668039364743 5
-24.03625608413988 6.254906229535103 5
24.26744243351499 6.342522688782687 5
-24.00343212195173 -6.414851960303263 5
23.99290952571155 -6.18030522450618 5
-9.202228904159462 9.071387799987843 5
15.73404494665122 -8.976984563532804 5
-13.56744938820994 9.0625032415678 5
11.36883731145464 -8.979399238675084 5
-21.19565217391302 9.058668039364738 5
7.167341019899991 9.102822292244307 5
-7.065217391304396 -9.058668039364742 5
0.5434782608694935 -9.058668039364742 5
11.53255773538644 9.110672785581304 5
-11.41304347826091 -9.058668039364743 5
15.89777359620599 9.118287372252135 5
-15.91374825594102 -9.054353441713662 5
2.802123471992334 9.094742249240962 5
23.42380119963421 9.171401375612497 5
-23.32038918666542 -9.023423115063636 5
23.3408671142732 -9.057361407766265 5
-23.34021155729412 9.083279382513227 5
-17.93308475308796 9.055102488442998 5
-18.47721512584628 8.106400534966006 5
-17.38103724439288 8.106135151809351 5
-17.92520321779568 7.155003754505171 5
-19.02462595123085 7.152860526115818 5
-18.47147708236666 6.2010610480097 5
-17.37150488380403 6.204938892221807 5
-17.91803303801912 5.250328491741575 5
-16.818034756762 5.254326628784137 5
-17.36456674325161 4.299693653179602 5
-16.26456301633593 4.303708370930602 5
-16.81112528726015 3.34907498565328 5
-15.71109841863277 3.353091895681044 5
-16.2576684802467 2.39847299642383 5
-15.15763086128575 2.40247847057941 5
-15.70418344763024 1.447868482728411 5
-14.60415810670491 1.4518651331875 5
-15.1506795102343 0.4972378037731763 5
-14.05068133514064 0.501247449525548 5
-13.50415872121059 1.455874721894145 5
-12.95068661976313 0.5052587699462143 5
-12.40416445426636 1.459886270375643 5
-11.85069333409665 0.5092706961074925 5
-11.30417145088582 1.463898314814067 5
-10.75070049730937 0.5132828058849923 5
-10.20417877309559 1.46791048890501 5
-9.650707789600332 0.5172949678718612 5
-9.104186085992444 1.471922659228758 5
-8.550715101852191 0.5213071379345133 5
-8.004193402378288 1.475934830963829 5
-7.450722418012369 0.5253193095804373 5
-6.904200719209149 1.479947002879363 5
-6.350729734898096 0.5293314815182291 5
-5.804208036296484 1.483959174898288 5
-5.250737051947494 0.5333436535218975 5
-4.704215353372009 1.487971346912485 5
-4.150744369022203 0.537355825535756 5
-3.60422267045196 1.491983518928456 5
-3.050751686101868 0.5413679975516077 5
-2.504229987532474 1.495995690944651 5
-1.950759003182451 0.5453801695678298 5
-1.404237304613313 1.500007862960975 5
-0.8507663202632424 0.5493923415841351 5
-0.3042446216941371 1.504020034977294 5
0.2492263626559344 0.5534045136004527 5
0.7957480612250334 1.508032206993614 5
1.349219045575105 0.5574166856167725 5
1.895740744144203 1.512044379009934 5
2.449211728494299 0.5614288576262643 5
2.995733427063376 1.516056551025116 5
3.549204411413472 0.5654410296412561 5
4.095726109982547 1.520068723041024 5
4.649197094334214 0.5694532016569553 5
5.195718792901978 1.524080895057171 5
5.749189777254474 0.5734653736735014 5
6.295711475821372 1.5280930670735 5
6.849182460170949 0.5774775456983703 5
7.395704158740131 1.532105239091245 5
7.949175143089963 0.5814897177147339 5
8.495696841659203 1.536117411107807 5
9.049167826008794 0.5855018897214961 5
9.595689524578299 1.540129583122573 5
10.14916050892806 0.5895140617358683 5
10.69568220749747 1.544141755138307 5
11.24915319184754 0.5935262337613674 5
11.79567489041672 1.548153927156799 5
12.34914587476678 0.5975384057795796 5
12.89566757333589 1.552166099173055 5
13.44913855768562 0.6015505777963976 5
13.995660256255 1.556178271189444 5
14.54913124060473 0.6055627498128116 5
15.09565293917415 1.560190443205793 5
15.64912392352421 0.6095749218289576 5
7.402653444520434 -0.3731379756864581 5
4.1026753957639 -0.3851744917500827 5
-3.597273384670962 -0.4132596958415549 5
15.10260222494553 -0.3450527715686231 5
10.70263149327245 -0.3611014596640246 5
-0.2972953359131628 -0.4012231797927091 5
-7.997244116580205 -0.4293083838213304 5
-12.39721501002922 -0.4453570061009491 5
-16.25070246061054 0.4932430486108775 5
-15.69720071203344 -0.457389452410379 5
16.20259490787274 -0.3410405995486475 5
16.19564562209339 1.564202615222083 5
-16.79721033628969 -0.4613918052878836 5
15.65607320929413 -1.29566829294655 5
16.75606589222231 -1.291656120925795 5
-16.24372002399431 -1.412018266352185 5
-17.34372933327728 -1.41602087885589 5
-7.457671703600887 2.43056252427296 5
-4.157693654801973 2.442599040305245 5
-0.8577156060442076 2.454635556354134 5
16.20954419365173 -2.246283814330989 5
17.30953687657355 -2.242271642303951 5
-16.7902408745333 -2.366646376531731 5
-17.9110768327789 3.345068505935298 5
15.109551510719 -2.250295986374653 5
-10.75764975317156 2.418526008552979 5
3.542255125632468 2.470684244418957 5
7.942225857309154 2.486732932484629 5
12.34219658898582 2.502781620549938 5
-17.89022363889648 -2.37066421543974 5
17.85605857514309 -1.287643948908997 5
15.64217463774331 2.514818136598925 5
16.74216732066249 2.518830308615247 5
-15.16457102813586 4.307720380776173 5
18.40952955949344 -2.238259470285759 5
16.76301517800541 -3.196899335694766 5
-18.44375847597794 -1.42006380860712 5
-17.33675799249752 -3.321276668194935 5
-16.23676607301287 -3.317264063136001 5
-18.4367400085413 -3.325294949075503 5
16.18869633631241 3.469445829992085 5
17.28868901923158 3.473458002008411 5
17.84216000358166 2.522842480631575 5
18.38868170215075 3.47747017402474 5
18.94215268650083 2.5268546526479 5
18.95605125806264 -1.283631776892278 5
19.48867438506992 3.481482346041068 5
-19.57142638404668 6.19718898449308 5
-16.78328713538879 -4.271892117398882 5
-15.68329447367612 -4.267879933356131 5
19.50952224241279 -2.234247298269055 5
18.96300054384371 -3.188874991662209 5
5.742240491470932 2.478708588451472 5
1.342269759794125 2.462659900386766 5
1.902690029924811 -0.3931988357655275 5
-10.19722948831169 -0.4373327254651798 5
-5.797258750517463 -0.4212840398745503 5
10.14221122314745 2.494757276516691 5
18.93520340071984 4.432097867417905 5
16.73521803488151 4.424073523385244 5
15.63522535196234 4.420061351368921 5
20.04214536941999 2.530866824664229 5
20.03519608363901 4.436110039434236 5
20.06299322676293 -3.184862819645786 5
19.51647152819383 -4.139490513038954 5
20.05604394098191 -1.279619604875825 5
19.48172509928893 5.38672556081107 5
20.616464211113 -4.135478341022631 5
20.06994251254391 -5.090106034415795 5
18.96994982962474 -5.094118206432105 5
-15.13677277863915 -3.313252237959434 5
-14.58330169238227 -4.263867817143768 5
-15.12982337396878 -5.218495520169999 5
-14.02983067182301 -5.214483359062227 5
-13.48330897004723 -4.259855667488019 5
-12.9298379791301 -5.21047119259249 5
-12.38331627892979 -4.255843500124614 5
-11.82984529321559 -5.206459022277817 5
-11.28332359414501 -4.251831329169114 5
-10.72985260948625 -5.202446850723634 5
-10.18333091077988 -4.24781915740835 5
-9.629859926357714 -5.198434678828654 5
-9.083338227751479 -4.243806985456571 5
-8.529867243385439 -5.194422506845037 5
-7.98334554480525 -4.239794813458179 5
-7.429874560452903 -5.190410334838877 5
-6.883352861879338 -4.235782641448264 5
-6.329881877530376 -5.18639816282704 5
-5.783360178958478 -4.231770469435481 5
-5.229889194610359 -5.182385990813779 5
-4.68336749603888 -4.227758297421982 5
-4.129896511690971 -5.178373818800162 5
-3.583374813119609 -4.223746125404492 5
-3.029903828771743 -5.174361646785821 5
-2.483382130200408 -4.21973395339003 5
-1.929911145852553 -5.170349474771864 5
-1.383389447281209 -4.215721781379951 5
-0.8299184629333668 -5.166337302758999 5
-0.2833967643620255 -4.211709609366969 5
0.2700742199858127 -5.162325130745238 5
0.8165959185571531 -4.207697437353355 5
1.370066902904991 -5.158312958731525 5
1.916588601476331 -4.203685265339644 5
2.470059585824169 -5.154300786717791 5
3.01658128439551 -4.199673093325913 5
3.570052268743347 -5.150288614704056 5
4.116573967314688 -4.195660921312177 5
4.670044951662524 -5.146276442690318 5
5.216566650233865 -4.191648749298441 5
5.770037634581702 -5.142264270676582 5
6.316559333153045 -4.187636577284706 5
6.870030317500882 -5.138252098662848 5
7.416552016072223 -4.183624405270971 5
7.97002300042006 -5.134239926649116 5
8.516544698991403 -4.179612233257237 5
9.070015683339239 -5.13022775463538 5
9.616537381910581 -4.175600061243502 5
10.17000836625842 -5.126215582621642 5
10.71653006482976 -4.171587889229764 5
11.2700010491776 -5.122203410607904 5
11.81652274774895 -4.167575717219456 5
12.36999373209678 -5.11819123859474 5
16.18174705053143 5.374689044762087 5
15.08175436761226 5.37067687274576 5
20.5817177822081 5.390737732827408 5
19.5234208139748 -6.044733727808951 5
18.42342813105563 -6.048745899825251 5
20.62341349689397 -6.040721555792641 5
-17.3507455888374 0.48922845549523 5
-12.95763548897328 2.410501810647123 5
9.063066397562743 -3.22498453986536 5
5.763088348805404 -3.237021055906867 5
-1.936860431623574 -3.265106259996084 5
12.90261685911687 -0.3530771155968817 5
-16.27152693265379 6.209043787629153 5
7.42350130184872 -6.088867620040991 5
4.123523253091182 -6.100904136082197 5
-3.57642552734308 -6.12898934017823 5
21.13518876655818 4.440122211450572 5
-14.57635236435913 -6.169111055877485 5
-15.67634504627243 -6.173123228461774 5
-12.37636699155921 -6.161086715798864 5
21.1629859096821 -3.180850647629474 5
21.71645689403217 -4.131466169006335 5
-10.17638162491667 -6.153062372227557 5
-7.97639625902349 -6.145038028231181 5
-5.776410893181652 -6.137013684205682 5
-0.2764474785855297 -6.116952824137137 5
1.923537887252829 -6.108928480109669 5
10.72347935060626 -6.076831103999782 5
20.028246797858 6.341353254204241 5
18.92825411493884 6.337341082187899 5
21.12823948077717 6.345365426220583 5
11.26305176339461 -3.216960195845671 5
12.91651543066815 -4.163563545208867 5
13.46998641501596 -5.114179066581633 5
12.92346471644461 -6.068806759972311 5
14.03238776855479 -6.05959511444338 5
14.5714674928003 -5.109300315647717 5
15.12518654295433 -6.059771407203169 5
3.56310298296685 -3.245045399934035 5
1.363117617130086 -3.253069743955028 5
-4.136845797465321 -3.273130604017273 5
-6.336831163306223 -3.281154948057394 5
-8.536816529151071 -3.289179292081185 5
-10.73680189510305 -3.297203636039704 5
-12.93678726300503 -3.305227978899524 5
18.39563098793173 1.572226959254737 5
14.53523266904317 4.416049179352591 5
13.98176168469309 5.366664700729427 5
14.52828338326219 6.321292394122604 5
13.42829070034302 6.317280222106271 5
12.88176900177392 5.362652528713102 5
12.32829801742385 6.313268050089943 5
11.78177631885475 5.358640356696779 5
11.22830533450468 6.309255878073619 5
10.68178363593558 5.354628184680458 5
10.12831265158551 6.305243706057299 5
9.581790953016416 5.350616012664136 5
9.028319968666342 6.301231534040975 5
8.481798270097247 5.346603840647812 5
7.928327285747173 6.29721936202465 5
7.381805587178079 5.342591668631487 5
6.828334602828004 6.293207190008327 5
6.281812904258908 5.338579496615163 5
5.728341919908836 6.289195017992003 5
5.18182022133974 5.33456732459884 5
4.628349236989667 6.28518284597568 5
4.08182753842057 5.330555152582519 5
3.528356554070499 6.281170673959359 5
2.981834855501401 5.326542980566196 5
2.42836387115133 6.277158501943036 5
1.881842172582233 5.322530808549875 5
1.328371188232161 6.273146329926715 5
0.7818494896630641 5.318518636533552 5
0.2283785053129911 6.269134157910392 5
-0.318143193256105 5.31450646451723 5
-0.8716141776061788 6.265121985894068 5
-1.418135876175274 5.310494292500906 5
-1.971606860525348 6.261109813877743 5
-2.518128559094443 5.30648212048458 5
-3.071599543444518 6.257097641861418 5
-3.618121242013611 5.302469948468254 5
-4.171592226363687 6.253085469845093 5
-4.71811392493278 5.298457776451929 5
-5.271584909282856 6.249073297828767 5
-5.81810660785195 5.294445604435603 5
-6.371577592202026 6.24506112581244 5
-6.91809929077112 5.290433432419273 5
-7.471570275121195 6.241048953796113 5
-8.018091973690289 5.286421260402948 5
-8.571562958040362 6.237036781779787 5
-9.118084656609458 5.282409088386624 5
-9.67155564095953 6.233024609763463 5
-10.21807733952863 5.2783969163703 5
-10.7715483238787 6.229012437747144 5
-11.3180700224478 5.274384744353981 5
-11.87154100679787 6.225000265730825 5
-12.4180627053671 5.270372572372795 5
-12.97153368971719 6.220988093755492 5
19.47477581350791 7.29196877558107 5
20.07689179832487 -6.995349249185796 5
21.18221148899952 -7.012818199037604 5
-1.425085161956253 7.215737507270907 5
-4.72506321071376 7.203700991221933 5
-8.025041259471267 7.191664475172951 5
14.58763655787967 -7.00917555544518 5
15.67899517243559 -7.010190343535712 5
15.67011169024756 -5.106073263970867 5
-15.14372411975019 -1.408007917619332 5
21.72429401443905 -6.04028957075435 5
19.50257295663186 -0.3290040834989487 5
20.60256563955103 -0.3249919114826124 5
21.1560366239011 -1.275607432859461 5
21.7025583224702 -0.320979739466291 5
22.25602930682027 -1.271595260843135 5
21.14908733812013 0.6296357819105516 5
17.86995714671041 -5.098130378451177 5
11.23525462028566 4.404012663303619 5
-1.964657574744366 4.355866599107754 5
9.03526925444732 4.395988319270979 5
6.835283888608986 4.387963975238332 5
-5.26463562350188 4.343830083058766 5
4.63529852277065 4.379939631205685 5
2.435313156932306 4.371915287173034 5
0.2353277910939707 4.3638909431404 5
-8.564613672259391 4.331793567009786 5
-11.86459172101692 4.319757050966691 5
-12.96458440419877 4.315744879216172 5
-20.12491696086837 7.147586432629026 5
-20.67146696786595 6.19302061338081 5
-20.11802554139255 5.242388225274488 5
-21.21803371417309 5.23838181881556 5
-20.66459803278725 4.287745953911866 5
-21.76459427575562 4.283771116018234 5
-21.21116084298578 3.333133005898669 5
-21.77146746988289 6.189019988441723 5
-20.11116845960554 3.337100834681666 5
-20.657727971726 2.38249425741779 5
-21.75772103716879 2.378524941461174 5
-21.20428744841271 1.427887702263389 5
-20.1042946027791 1.431856571681711 5
-20.65085392270348 0.4772503383495835 5
-21.75084677648689 0.4732814545173861 5
-21.197413223828 -0.4773558562300818 5
-19.55086108675532 0.4812191865111364 5
-19.00430179775346 1.435825356761997 5
-12.42499074153664 7.169789911038724 5
-13.52498640052995 7.166593671082483 5
-14.07152332743674 6.21614093103628 5
-14.62497913332709 7.16259091551923 5
-10.22499904452041 7.176078474717805 5
22.22943120654378 0.6222079464205821 5
21.69233423427331 1.582356807385995 5
22.2805455507814 -7.015339223993192 5
1.874951846951687 7.211609279188567 5
22.97197245264411 1.582336045772438 5
22.24213073525834 2.538891168696874 5
-15.12291190496368 -7.113362357279767 5
-16.22291089488839 -7.115645130628561 5
-16.77634508298679 -6.175117771183062 5
-14.02292204661817 -7.108575589531942 5
-17.32290913086029 -7.11813456782873 5
-17.87633991704728 -6.178539882512451 5
-18.4229030978118 -7.121794607259474 5
-18.97633317249539 -6.182395022314961 5
-19.52285496648823 -7.136996543671629 5
-20.07631914846228 -6.188245983026565 5
-19.52979631616197 -5.233929116423535 5
-20.62978769230095 -5.238299557685064 5
-21.17630917307557 -6.192986962618239 5
-21.72977971437245 -5.242492909169767 5
-21.18325794195929 -4.287885460432825 5
-22.28325050243021 -4.291931203134231 5
-21.73672872417431 -3.337325356249905 5
-20.63673604125513 -3.333313184236145 5
4.074942271838155 7.21824661491164 5
-22.27611774982541 -0.4881617523389936 5
6.274932491339453 7.22494025983032 5
8.474922502747413 7.231690956430059 5
18.37487309450501 7.263291746422233 5
10.67491230330602 7.238499460307669 5
12.87490189021038 7.245366540462052 5
-21.74042450490068 -1.433089840423136 5
-20.64335088382958 -1.428193736838883 5
-22.99719072077842 -1.496653817743898 5
15.11677218054955 -4.155381194924662 5
17.32343544813492 -6.052758071854333 5
17.87688432290982 -6.997311945762058 5
17.28173973345061 5.3787012167784 5
16.72826874910053 6.329316738155242 5
22.23196131071628 -3.194897475440865 5
22.80892142340807 -4.163036911924964 5
-22.24574431245977 -6.179359792004914 5
-21.71778311390853 -7.132291828153254 5
-22.96620833439024 -7.046621146591937 5
-22.26982086481949 -8.129615373210457 5
-18.96937380243509 -8.090402963140582 5
-20.06936648535427 -8.094415135154298 5
-16.64110751139327 -8.073263949409204 5
-14.42432382195388 -8.070260188134728 5
-23.04682441507932 0.4779719476203723 5
22.8247550774519 -6.065622286305807 5
18.77488668149276 8.192260873432646 5
20.02129751207698 8.246596468974241 5
15.15589807609391 -7.997844960551367 5
16.25398835136055 -7.964872881188549 5
-22.83672140709349 -3.341337528263662 5
-23.35234741523235 -4.263949065810994 5
20.63322423674388 -7.963001189691465 5
19.53610476689528 -7.97910404871717 5
14.04122848003119 -7.972586475409729 5
20.09487970860993 -8.97530452963985 5
21.75704449585934 -8.053018337624056 5
22.8367722720871 -8.020580682572527 5
-12.99569609866546 8.112166733313618 5
-19.57292688983528 8.102357261343311 5
16.82973559138223 -8.947439035105104 5
-16.8253939326312 7.156629401601975 5
-18.45085099777853 0.4851978296029963 5
-18.99737082931578 -0.4694264487219214 5
-17.90429969374942 1.439841023050979 5
-18.45774251699586 2.390431510230581 5
-15.7249883977274 7.160080899383655 5
-19.01802904360697 5.246387030013862 5
-19.56460260716106 4.291722455676514 5
-18.46458226725706 4.295710594107934 5
-21.22490473369579 7.1427580783322 5
-22.32007047020012 7.140919037816819 5
-22.87782834717223 6.199661697587485 5
-21.77834321827992 8.094255673630187 5
-15.17151777516071 6.211423471625644 5
-15.18838967611674 8.108271105557568 5
-22.31908903383153 5.236845308717569 5
-22.83264935461259 4.298903506266138 5
-23.38777134968464 5.254884307501582 5
-23.96650285391324 4.251453430046035 5
-16.80426195280629 1.44387324061235 5
-22.27371568909042 3.351043681030703 5
-23.01866271645104 2.457268017740667 5
-17.89727897178462 -0.465386659347834 5
-19.54377411581574 -1.424056824060791 5
-14.61110188334565 3.357105022194876 5
-15.71804359709884 5.25809514463939 5
-14.06457781332816 4.311732682731565 5
16.21656202834188 -4.151487118321029 5
16.77908344676715 -7.003918103390168 5
15.66307915057104 -3.200878521573801 5
14.56308448541126 -3.204891847715428 5
14.0095679399988 -2.254302853069896 5
14.556082045067 -1.29967958076505 5
13.45608961526501 -1.303691605432215 5
12.90956795887477 -2.258319274292522 5
12.3560951604915 -1.3077048091143 5
-14.05763070078314 2.406490133993128 5
-14.59720373960303 -0.453379716350602 5
-14.04373018502437 -1.403996455476991 5
-13.49720890602559 -0.4493686206370513 5
-12.94373696202745 -1.399984570178086 5
-11.84374395991385 -1.395972549839342 5
-12.39026564789007 -2.350600246755214 5
-11.29027290966134 -2.346588100800494 5
-19.55773678126411 2.386461993145749 5
-14.59025148055488 -2.358624337460165 5
-20.09736582737771 -0.4734016616135955 5
-18.42980233714652 -5.230272287760651 5
21.68171046512726 5.394749904843746 5
22.23518144947736 4.444134383466899 5
22.20026527992095 6.365388561390821 5
21.67019525579062 7.276554702525885 5
22.74770994829915 7.311808078879154 5
22.08271487362959 8.204683717747404 5
-18.98327112802698 -4.279771738780525 5
22.78352486378185 5.394172141516364 5
23.34726248724701 4.352804598292733 5
17.86300786092458 -3.192887163678442 5
19.49562367085089 1.576239131271063 5
21.68865975090827 3.489506690073725 5
15.62827606618138 6.325304566138947 5
15.07489126060567 7.252292979592661 5
16.17489830665392 7.252367300288449 5
-16.22981730316899 -5.222171408922469 5
-10.76459903809774 4.323769222978134 5
-9.664606355178558 4.327781394993636 5
-9.111135370828485 3.377165873616678 5
-11.27637430815932 -6.157074544057812 5
-10.72293400189319 -7.099279158822669 5
-9.622942544210982 -7.094931057001049 5
-10.0417172382659 -8.062307795953082 5
-11.82293179802369 -7.101889512955374 5
22.80255100538938 -0.3169675674499753 5
23.3595289749026 -1.209040899645375 5
22.80371484945112 -2.214700008437246 5
-5.825019170979767 7.189620793803731 5
-5.321091469937714 8.139336301079123 5
-4.240858937274456 8.146041825705559 5
9.574940430930344 7.228781788757958 5
10.02825412248841 8.153654036592837 5
11.80262417618226 -0.3570892876528958 5
0.7749637289523486 7.206345570998309 5
1.257230751201836 8.137348138031721 5
20.58866706798909 3.485494518057396 5
-20.08326541300671 -4.283750011630083 5
-19.53679278509073 -3.329233304891596 5
-10.74375120287179 -1.391960411348993 5
-10.19028020517042 -2.342575938720052 5
-2.525032413552472 7.199269707076704 5
-2.031965277270526 8.147996712575123 5
-0.955717425323138 8.15590277051832 5
-7.464620989340213 4.33580573902611 5
12.33524730320483 4.408024835319937 5
13.435239986124 4.412037007336258 5
13.98871097047408 3.461421485959422 5
5.735291205689817 4.383951803222011 5
-11.83679459812238 -3.301215798631444 5
9.623486667687075 -6.080843276013522 5
10.17698419844373 -7.038736864073112 5
9.076995939926023 -7.043962047200431 5
11.26734417570325 -7.023157604088409 5
10.76671153222361 -8.017963130638273 5
11.85755955532054 -7.951553276080489 5
12.45171823795745 -8.959335203556474 5
12.96017191159904 -7.974399143976333 5
20.609514925332 -2.230235126252649 5
-9.076394259247568 -6.147592394126442 5
-8.522950951706928 -7.090619929004416 5
-7.422953477617805 -7.087921320872644 5
-7.969446973243275 -8.050281243003308 5
-1.37644016150471 -6.120964996150729 5
-0.8229808097774605 -7.068391273028846 5
0.2770146986053412 -7.065153741109691 5
-1.922975431466736 -7.071871904292552 5
-0.2694981928090406 -8.022196038907161 5
5.223515936010362 -6.09689196406846 5
4.676994237439023 -7.051519657460338 5
3.576999638779386 -7.055006602619585 5
5.776986920358203 -7.047507485446606 5
4.150878908892331 -8.030911423268066 5
18.97785120833283 -7.003205664315748 5
18.44292435584723 -7.993017059471772 5
-6.364628306421034 4.339817911042439 5
-5.811157322070962 3.389202389665621 5
-11.85764243523591 2.414513836190913 5
-2.497280701751606 -0.4092475238253094 5
-3.043802400318427 -1.363875217221438 5
-1.943809717397714 -1.359863045210937 5
-4.143795083239453 -1.367887389235302 5
-3.590324098889579 -2.318502910618106 5
-4.690316781811376 -2.322515082635564 5
-1.397288018831739 -0.4052353518104771 5
-0.843817034480409 -1.355850873192884 5
0.256175648436867 -1.351838701170924 5
-0.290346050133611 -2.30646639458089 5
0.8096466327850937 -2.302454222557103 5
4.642247808551705 2.474696416435003 5
7.963073714643565 -3.228996711879095 5
8.509595413214907 -2.274369018487219 5
9.609588096134082 -2.270356846473481 5
7.409602730296254 -2.278381190492117 5
9.056117111786374 -1.319741325086073 5
10.15610979470036 -1.315729153078316 5
9.602638810356709 -0.3651136316874633 5
10.70958077904047 -2.266344674466822 5
-3.036853114542599 -3.269118432006508 5
-2.490331415969409 -2.314490738610665 5
-4.164642940582708 4.347842255075101 5
0.2422770768749585 2.458647728370446 5
-7.436823846227155 -3.285167120070134 5
-6.890302147654038 -2.330539426679263 5
-5.790309464734412 -2.326527254665784 5
-6.343780449082407 -1.375911733277128 5
-7.4437731320397 -1.379923905279453 5
-7.990294830580211 -2.334551598688998 5
-8.54376581496494 -1.383936077292974 5
-0.3378871868028466 7.199714404595369 5
-0.8368677487098607 -3.261094087988979 5
2.463110300048474 -3.249057571946379 5
3.009631998619491 -2.294429878555505 5
4.109624681538104 -2.290417706542188 5
3.556153697191114 -1.339802185160088 5
4.656146380112141 -1.335790013145934 5
5.20266807869227 -0.3811623197540613 5
5.756139063031446 -1.33177784113433 5
2.456161014271602 -1.34381435717435 5
-11.29722224875543 -0.4413448651269965 5
-3.057700971882615 2.446611212321506 5
6.842233174390093 2.482720760467924 5
3.002682712843569 -0.3891866637697449 5
-1.957708288963376 2.450623384337812 5
2.442262442713293 2.466672072402819 5
0.8235437364741558 -6.112538218055801 5
1.377007607791875 -7.061203603433786 5
4.663095665885881 -3.241033227920451 5
6.323508618929542 -6.092879792054726 5
10.13526193736649 4.400000491287303 5
-0.8646648918251938 4.359878771124079 5
-4.676418210262341 -6.133001512192004 5
-4.122965646640722 -7.078566735609094 5
-6.897251433521706 -0.4252962118589658 5
11.24220390606663 2.498769448533163 5
17.29563830501256 1.568214787238407 5
17.84910928936263 0.6175992658615694 5
17.30258759079282 -0.3370284275319833 5
16.74911660644305 0.6135870938450643 5
-3.022959875014731 -7.078143014354579 5
-3.56947624156657 -8.034232554948366 5
-2.469483558647392 -8.03022038293463 5
-3.635403762106115 7.191133787212476 5
17.83521071780068 4.428085695401565 5
1.335320474013137 4.367903115156715 5
6.863081031724869 -3.233008883891614 5
2.97496502642902 7.210002035109523 5
3.449988501503248 8.14101463866966 5
-6.925005733456743 7.183930617553758 5
-7.52070951386017 8.136038071666079 5
-8.617254495821683 8.130226131841519 5
0.8026973470060081 -0.3972110077763892 5
0.2631249342111391 -3.257081915967054 5
8.523499146569613 -6.086270627659766 5
7.976978308298564 -7.041134184323731 5
8.542859937193246 -8.009593828600085 5
7.449682321552441 -8.023493209407635 5
8.073667445353145 -9.0234747105478 5
9.674642757954725 -8.028799761346757 5
6.880185895948919 -7.048667549683074 5
6.33045790470605 -7.998123006824764 5
5.247327733280303 -8.015406142370997 5
4.791989764743358 -9.028553062654193 5
3.535305839851479 4.375927459189366 5
-2.476435994992259 -6.124113396088962 5
9.042218540228287 2.490745104500616 5
7.374948906140734 7.222446006756212 5
7.835499448253342 8.149371174000926 5
-3.064650257663534 4.351854427091433 5
-9.097236801523955 -0.4333205550160845 5
-5.243787766162491 -1.37189956125772 5
10.16305908047871 -3.2209723678541 5
3.02353025088193 -6.104828770286852 5
2.47700515320685 -7.058524552178096 5
1.965501650038445 -8.026703664341637 5
5.174957103434001 7.216186419595339 5
5.642744238932281 8.145158340008589 5
-4.697266067593344 -0.4172718678585788 5
15.08870365339325 3.465433657975757 5
20.57410273290807 7.265967633802579 5
7.935276571528155 4.391976147254658 5
-13.47636645712625 -6.163240387090513 5
-5.236838480386579 -3.277142776043925 5
-5.222961399680987 -7.081737191295973 5
-6.322963577977622 -7.083146073791565 5
-5.769461607404912 -8.042256898975833 5
-6.876406144005477 -6.140321829574822 5
-11.32498992021737 7.171570827632971 5
-10.80293620185189 8.115706249745028 5
20.59507055336741 1.5799335253011 5
-9.131458806803105 7.176821393212333 5
-9.636809213574098 -3.293191463402452 5
11.81226042333131 -6.066602062701467 5
13.97492263196152 7.241685993987689 5
14.41376183716827 8.162433509385794 5
11.77493167412 7.235194775296681 5
12.22100825453595 8.158007839268034 5
-15.69024589174745 -2.362635533176475 5
-17.88327788472036 -4.275837940695911 5
21.17008316790072 -5.086690560229156 5
22.26907185642221 -5.094195836097909 5
7.956124428867672 -1.323753497080332 5
14.54218195482413 2.5108059645826 5
13.44218927190497 2.506793792566257 5
14.01681052228079 -4.159375303650598 5
-12.92293692916528 -7.102489114566937 5
-12.23302297908945 -8.065640411945557 5
21.14150128520274 2.534508255696553 5
22.7847548783 3.467509724030853 5
18.40258027371247 -0.3330162555154557 5
18.94910197228176 0.6216114378778639 5
20.04900368846717 0.6255706468965028 5
-17.32981078054633 -5.225890372332065 5
17.31649758717874 -4.14750820528033 5
21.70337382098381 -2.227980991910472 5
-22.78674958814313 -5.219170129022646 5
18.41648074941267 -4.143501576423869 5
17.82827642600573 6.329218100647809 5
11.78872560463574 3.453397141926701 5
-20.6220443214616 -7.128046269359786 5
18.38173491536744 5.382028253874108 5
10.68873292171656 3.449384969910272 5
9.588740238797389 3.445372797893949 5
12.88871828755491 3.457409313943085 5
8.488747555878231 3.441360625877723 5
7.388754872959083 3.437348453861409 5
6.288762190039941 3.433336281845001 5
5.188769507120769 3.429324109828619 5
4.088776824201574 3.42531193781231 5
-0.3111939074751098 3.409263249747257 5
1.888791458363213 3.417287593779859 5
2.988784141282388 3.421299765796057 5
-4.711164639151836 3.39321456168197 5
0.788798775444049 3.413275421763573 5
-1.411186590394286 3.405251077730942 5
-2.511179273313464 3.40123890571462 5
-3.611171956232687 3.397226733698312 5
-8.011142687916243 3.381178045635776 5
-5.25768633772222 2.438586868289348 5
-12.41111348142479 3.365129382030722 5
-6.357679020648296 2.434574696275811 5
-8.557664386685651 2.426550352323583 5
-6.911150004999605 3.385190217653119 5
-9.657657070586897 2.42253818070456 5
17.2749146615535 7.249889470087597 5
16.72131946331965 8.234559952925226 5
-10.21112805408834 3.373153701738336 5
23.37277161535207 -5.138596584933523 5
-11.31112074717254 3.369141533742962 5
-14.03678007163286 -3.30924008295216 5
-13.49025860168911 -2.354612278620356 5
8.502646127438572 -0.3691258036776084 5
5.209617364458616 -2.286405534527616 5
6.85613174594954 -1.327765669084743 5
14.00261009044746 -0.34906462429226 5
1.356168331354191 -1.347826529159639 5
6.309610047377687 -2.282393362506214 5
1.909639315701937 -2.298442050560788 5
-9.090287515212518 -2.338563769918176 5
6.302660761604148 -0.3771501477083394 5
-9.643758504675885 -1.387948246293577 5
-1.390338733050182 -2.31047856660079 5
13.46309846392569 -3.208900141297005 5
12.36305497109093 -3.212941896055374 5
11.25610247760341 -1.311716981074181 5
16.22446279405917 -6.055808956739257 5
16.77017111577878 -5.101960999102833 5
11.80957551841595 -2.262331305141478 5
-13.51110695451792 3.361117280500494 5
-13.51805500226545 5.26622123120049 5
-14.61804809057096 5.261888973668256 5
-22.36376925637322 1.439147328354349 5
-23.3635374202726 1.506456406111496 5
-19.01115157751042 3.341082648962957 5
-22.29053189302641 -2.386543942714838 5
-21.18972552840658 -2.382838183780269 5
-18.99031169126259 -2.374646024048909 5
-20.09011517427672 -2.378713542976099 5
-17.35776666837099 2.394441283446293 5
3.059661362600975 -8.031183956618328 5
-22.28260869565213 9.058668039364738 5
14.63995422568665 -8.988614701516923 5
22.28225949434193 -9.026276745227072 5
23.98200110926003 -8.197739726422896 5
-16.83964073112602 9.053374053579361 5
-20.10869565217389 9.058668039364758 5
10.27009724968272 -9.005006131477336 5
1.607311525075457 -9.049221726312645 5
-20.67553074284581 8.095020400501676 5
-22.8456712061486 8.112126364245468 5
-24.00752971645444 8.245590598502718 5
0.8529307141408534 -8.0173773765204 5
-0.5674310558214569 -9.055765900878001 5
-16.28295487227959 8.105349130222226 5
-23.91642370653209 -5.242825410401773 5
-14.65534178059992 9.05445684842833 5
19.00640765045895 -8.990324013388527 5
23.98410169879566 -4.207082310817664 5
24.0601430739768 -2.120650676863972 5
24.08839431180586 1.05263157894737 5
-24.07996020158077 -1.046441696395637 5
24.08839431180588 2.105263157894735 5
24.0576674141088 5.279285543182183 5
-24.04613984021596 -2.08144761443112 5
23.97079937393295 7.352006917917548 5
-24.06008277553886 -7.442314893998636 5
-1.346368937209945 -8.018555679670996 5
-2.743603351043629 -9.063830719816831 5
-14.08868713306929 8.107350875206194 5
-3.832833009557957 -9.064997869348902 5
-23.39205255112062 7.213174695736646 5
-12.4710578891203 9.056154603781781 5
-4.669579448843534 -8.007942939195527 5
-6.019716796566855 -9.064531891713482 5
-11.90075165072121 8.115392958212535 5
17.3506124797998 -7.98351291123667 5
-6.841486630985335 -8.023380593317857 5
-10.28675291899927 9.057826893249072 5
-8.196798521097492 -9.06948035669218 5
-8.999480014150556 -8.041256347010595 5
-9.710938395359303 8.121341157125599 5
-10.40455748242235 -9.051052280165091 5
-8.118293021872056 9.074065483496174 5
-11.15300819042589 -8.055628900376375 5
-12.58364756617071 -9.053464677006398 5
-7.012676316050471 9.062986260720201 5
-13.34534400582417 -8.05860096938933 5
-14.82374625412839 -9.033231624341949 5
-6.422136040030487 8.131638310968441 5
13.51668086257692 -6.994543669929877 5
-15.52479144054477 -8.076686115251309 5
-4.859089452337085 9.090995716386589 5
-17.03608185876216 -9.034048040814326 5
12.38958027416261 -7.013177086124813 5
-17.82534722389109 -8.042012822657147 5
-3.740219980650656 9.068162223336564 5
-19.09200363286532 -9.099719870891841 5
-20.11488271929609 -9.250560609082177 5
-24.12550113084283 2.078061252900524 5
-3.137979995280846 8.139488827711586 5
-21.17493339189139 -7.908607329048507 5
-22.27021592334047 -9.242341305527768 5
23.35061297168479 -7.123095275546776 5
24.13899862581097 8.435369073638645 5
-24.14505544531003 -8.421052631578933 5
-1.590413524734756 9.099649686901133 5
-0.4653036115619307 9.072035827239461 5
0.1488001081814025 8.143660797070044 5
1.726917754551126 9.068020285039157 5
2.347696225438208 8.143789437546596 5
3.9112206734514 9.069947168351096 5
6.974825882793255 -9.009146583843474 5
4.539764189632971 8.148227292938644 5
6.095522983469619 9.07199115063295 5
6.731831514672571 8.152788203912218 5
8.279824928463416 9.074084707606687 5
8.923898485991801 8.157393214649817 5
10.46412650360308 9.076228484111908 5
3.710091631885265 -9.02177438072377 5
23.2233082792877 2.604189319789538 5
11.11596509890665 8.162042896859738 5
12.64842770397332 9.078423136213882 5
13.30803134865003 8.166737832166909 5
23.21651663759594 0.561881767002818 5
14.83272852457137 9.080669331448702 5
15.54854740902819 8.15639223404543 5
-23.35231132134481 -8.012605432088719 5
16.84990556842688 9.282303072908421 5
17.81615530191332 7.999734016446489 5
-23.27631596621228 -0.5227343079742137 5
19.14719011921816 9.117145444241997 5
20.11630622191121 9.284481990516197 5
21.10879250966366 8.010494112482972 5
22.34361480831945 9.153541024980075 5
24.26093935267541 4.255073342398513 5
-24.24665721067362 1.05263157894736 5
24.27611598033942 -1.116006106177136 5
-23.22869374327891 -2.511295219479337 5
23.20662252571468 6.421188274977057 5
24.25942002703454 -5.26315789473684 5
23.11793980493772 8.271468364795886 5
24.22669961446703 -7.253174283392172 5
-23.18371161269539 -6.020565687664906 5
-24.24833119540894 -4.235664060406973 5
23.22451995529936 -3.254968889700927 5
-23.22439023786708 3.488694172226218 5
-24.28698012905827 5.260277311356453 5
-24.27074045609206 7.316540435579446 5
-24.1987411495473 9.207497732152435 5
24.1987411495473 -9.207497732152435 5
24.23031420166145 9.240100340313756 5
-24.24685334903238 -9.25404658420052 5
-24.07398937686519 -10 2.512113977543806
24.07398937686519 -10 2.487886022456146
-4.890690763909259 -10 0.9411108758896594
-1.628397355879592 -10 0.94438814713959
-19.04932759147501 -10 3.981657895104818
-14.67496444410416 -10 0.9130544824566108
-9.307810846044102 -10 3.976204688134116
2.717391304347757 -10 4.058668039364745
4.890491066896999 -10 0.9126899459574286
7.065217391304252 -10 0.941331960635255
9.237093008053336 -10 4.055611852860412
-21.19361474718388 -10 4.055611852860396
-16.82536739522468 -10 3.982964993546114
-12.49469595146234 -10 4.056565739872185
-7.063179964575227 -10 0.9443881471395996
0.5434782608694881 -10 0.9413319606352581
13.58695652173907 -10 0.9413319606352613
21.19361474718387 -10 0.9443881471395917
11.41304347826078 -10 0.9413319606352643
15.76086956521733 -10 0.9413319606352643
17.96140686973762 -10 1.016499698771951
-2.718204585276904 -10 4.086943595703425
-17.93682003542484 -10 0.9443881471396018
-10.27631324068326 -10 1.056335429153712
5.978260869565148 -10 4.058668039364745
-20.08110719113371 -10 1.018342104895181
-0.541357940579104 -10 4.086327805964386
-5.94565155217159 -10 4.150802870138383
12.50153372284064 -10 4.06102478087567
14.66860899494051 -10 4.056565739872115
18.9910337967082 -10 3.980637876881747
16.84986351368568 -10 4.055611852860384
2.712500584967405 -10 0.8886284287850562
9.239130434782481 -10 0.941331960635255
-14.67595047020746 -10 4.0556118528604
-12.49726817688911 -10 0.9140286396774475
21.19460077328716 -10 4.086945517543404
-22.31527230225774 -10 1.012029913604505
-23.38070818491605 -10 4.157732646283751
23.38070818491605 -10 0.8422673537161828
23.45414213496558 -10 4.145618668739941
22.28576691498697 -10 0.9300323408359972
21.73781809711751 -10 1.892767533679321
20.64197755227477 -10 1.891309906099564
21.18585236959557 -10 2.844453287907679
22.28579446653525 -10 2.848447730061488
20.08591231145498 -10 2.839932150232164
19.59031658682503 -10 1.861947030587602
18.98592538765634 -10 2.835262756939413
23.02947814588074 -10 1.932734068017699
22.32136016792462 -10 3.99636863650873
15.75868449904705 -10 4.053106508095308
16.30582235594628 -10 3.104422274475811
17.35844035569148 -10 3.132705931055549
16.85762589127447 -10 2.15554671209234
17.95756594941503 -10 2.160067849768144
15.75768379433482 -10 2.151552269938164
15.20860647409918 -10 3.102747158908201
14.11950894349789 -10 3.111373013052625
14.65847637859645 -10 2.180923738179746
13.55920071495174 -10 2.195186234277787
10.32778481212928 -10 4.055102488443008
9.783654439370977 -10 3.106400534966008
8.687699126287086 -10 3.105853044191541
10.88030153145029 -10 3.10921331180336
10.33588676083939 -10 2.155546712092341
11.4358268189799 -10 2.160067849767937
9.235818539833396 -10 2.182911377350013
8.13430866507008 -10 2.155264037151619
7.597082304771938 -10 3.109931204145127
7.037139907686047 -10 2.18687611892125
4.889266921096837 -10 4.055611852860383
5.429909184552919 -10 3.108911039778167
4.340220906588375 -10 3.109929305663738
4.880827407129843 -10 2.186612306795153
3.81416986369765 -10 2.267232632984772
-2.719089159955541 -10 0.9448975115569828
-2.173872618344824 -10 1.893226918995871
-1.080156841205948 -10 1.890427020798571
-3.266472205584357 -10 1.888708301973949
-1.62151262405223 -10 2.813551756919322
-0.5543162055518351 -10 2.732293889442473
-2.726296098409122 -10 2.812136537140531
-3.823730002820415 -10 2.806124680836731
12.49931255671518 -10 0.8872105906536141
-8.153871768651175 -10 0.9448975115569909
-7.608655227040451 -10 1.893226918995875
-6.511043252932105 -10 1.890733122206868
-8.662076701401205 -10 1.866761752108626
-7.05813978478124 -10 2.784117395541566
-5.958123412330373 -10 2.806012819511241
-8.152313185818866 -10 2.770066185130833
-9.252192924286746 -10 2.807879561562661
-7.60843763714497 -10 3.76865207927503
1.629619662711892 -10 0.9344418646205466
1.053843668861152 -10 1.990799981682238
1.628397355879461 -10 4.055611852860382
2.199721360741126 -10 3.007403355492738
1.074731961364055 -10 3.110294943230957
-4.88932370415548 -10 4.103075061582459
-22.28576691498699 -10 4.069967659163955
-21.73781809711744 -10 3.107232466320627
-20.68432472436722 -10 3.132759648569012
-21.18585236959533 -10 2.155546712092341
-20.08591231145479 -10 2.160067849767944
-22.28579446653497 -10 2.151552269938307
-23.02947814588068 -10 3.067265931982222
10.32713835714753 -10 0.913054482456622
-13.58477145556886 -10 4.053106508095363
-14.13190931246798 -10 3.104422274475864
-15.18634082597634 -10 3.131690048275284
-14.68371284779599 -10 2.155546712092342
-15.78365290593653 -10 2.160067849767938
-13.58377075085635 -10 2.151552269938313
-13.03337032357805 -10 3.106236382607353
-11.93616875573718 -10 3.114423274207816
-12.47217496487415 -10 2.188056219279863
-11.37129881377561 -10 2.204342743933547
-10.88496038838677 -10 3.155623153230558
-10.27081828468033 -10 2.187674253969838
-21.19565217391305 -10 0.941331960635257
-16.88764548890097 -10 0.9212117409802133
-17.44090008239626 -10 1.865966066027736
-18.454157291059 -10 1.862773440155713
-17.9445824130134 -10 2.844453287907657
-19.04452247115394 -10 2.839932150232047
-16.84843301260283 -10 2.824830752681189
-13.58606189365748 -10 0.8984218778446738
-23.45958606939983 -10 0.8661643234215958
-1.629216801591802 -10 4.101651250390171
-18.97532373206966 -10 0.9276787868637464
11.41304347826076 -10 4.058668039364735
-17.93478260869567 -10 4.058668039364745
-20.15645225600865 -10 4.071576727923707
-15.79344904769988 -10 1.014120034128096
-15.71522461267933 -10 4.071015075962035
5.976276137389707 -10 0.8995712572121302
-9.186239644228463 -10 0.9341205626905471
-11.38731187836821 -10 0.8553377224787251
-5.978260869565275 -10 0.9413319606352436
-3.804347826087024 -10 0.9413319606352237
20.10869565217379 -10 4.05866803936483
20.11083988684436 -10 0.938838102702528
3.801717877187343 -10 4.057496589667985
14.67225837258071 -10 0.9131974308535291
16.84782608695654 -10 0.9413319606351521
0.546475772145115 -10 4.114195942315554
3.799773496436138 -10 0.880143585382633
-0.5409825619425597 -10 0.9425627980757398
-3.808025930768004 -10 4.119392134022297
8.150336853370199 -10 4.057001228329914
8.150594840533273 -10 0.9132342583910023
17.88564744976808 -10 4.071812419761581
7.060833844583499 -10 4.058366842622664
13.58533985861797 -10 4.062420673167567
-11.41133316810498 -10 4.067086937495784
19.06728184853867 -10 0.92429111821548
-5.429437333368341 -10 1.877097210311987
11.96670788018007 -10 3.111973448086457
2.173913043478166 -10 1.882730893504833
-0.04185093851918253 -10 1.862903335020179
3.300017845718912 -10 3.136151858687821
-10.37477072615403 -10 4.081010080469953
5.959942408165354 -10 2.20911804132397
-4.349912586708104 -10 1.875421272476047
6.508888257185259 -10 3.124600583896205
13.03830885308628 -10 3.125436467336667
-4.891060539755372 -10 2.775408726388463
12.4963324268294 -10 2.213410752839206
-24.17849226281861 -10 1.510539054648412
-24.12416990104607 -10 3.504069838918302
24.16573554871198 -10 3.499999999999998
24.12416990104609 -10 1.495930161081643
-23.22376877062617 -10 1.853277578523141
23.22174997348055 -10 3.151842520964
-6.836630418101873 -10 4.232279414166888
-8.384388953981752 -10 4.214463273146038
2.939016983724812 -10 2.356036708073018
-16.07180375048394 -10 3.234113744046512
0.3196193724820162 -10 2.652372870076538
-16.55081610750729 -10 1.757239288717034
-19.80410787089192 -10 3.237198854319505
-19.32820459937422 -10 1.761758866382926
18.71249932843453 -10 1.759613690856518
-10.0181106339104 -10 3.241678347473425
18.23572258784782 -10 3.236097366881287
-9.529528159056001 -10 1.770554311897077
24.30658423238768 -10 4.329123733747987
-24.26084369861448 -10 4.287306477700044
-24.31022436209586 -10 0.6753406756140015
24.26084369861453 -10 0.7126935222998264
-2.17391304347834 -10 3.447134759006577
21.67912430204664 -10 3.446116871654024
-14.13159800061936 -10 1.540152295959662
-21.73364187101772 -10 1.552820943350967
-17.45230142581676 -10 3.44271734549175
9.788097259417157 -10 1.552820943351022
16.30983638985212 -10 1.552820943351015
1.625552508611122 -10 2.497807293477691
-13.02890758391822 -10 1.549341791888012
8.684593963948856 -10 1.554922036269361
15.20981451035971 -10 1.550826966908704
5.421082181210711 -10 1.555119500442303
20.63342811294229 -10 3.439277661836587
4.336626422947521 -10 1.561179445367816
-15.17817644867609 -10 1.559646207571483
-3.27502179639751 -10 3.445476046694381
-1.068210721637868 -10 3.439277661836424
-20.69147816252583 -10 1.561997737993039
-6.490731993935054 -10 3.47226028318319
-18.44184648442202 -10 3.437769978002515
-8.54102870945529 -10 3.507453157449736
10.88831101749258 -10 1.560722338163665
17.35194990050993 -10 1.561901819307102
19.59264436067382 -10 3.431278875678626
0.005599391866379477 -10 3.404826183144742
3.255021902339088 -10 1.592960861584707
-5.424732227165503 -10 3.457397838507097
-4.351982366843718 -10 3.451145748005237
11.95720418253292 -10 1.55483764633254
7.584836213223554 -10 1.561443814817952
-10.89646095220714 -10 1.583029362895576
14.0997625615769 -10 1.565135458494511
13.0331281607242 -10 1.559518773872153
-11.92747194109941 -10 1.561443174694139
6.507415706496605 -10 1.55891011555881
-17.2854356964831 -7.158649961806825 3.739046230737193
-17.2854356964831 -7.682251509371086 4.262647778301454
-17.2854356964831 -7.719603731069632 3.7
-17.2854356964831 -7.119603731069632 4.3
-16.9854356964831 -8.019603731069632 3.7
-16.3854356964831 -8.019603731069632 3.7
-16.9854356964831 -8.019603731069632 4.3
-16.46196630872799 -8.019603731069632 4.223469387755102
-16.9854356964831 -7.719603731069632 4.6
-16.9854356964831 -7.119603731069632 4.6
-16.3854356964831 -7.719603731069632 4.6
-16.3854356964831 -7.119603731069632 4.6
-16.9854356964831 -6.819603731069632 3.7
-16.3854356964831 -6.819603731069632 3.7
-16.9854356964831 -6.819603731069632 4.3
-16.46196630872799 -6.819603731069632 4.223469387755102
-16.9854356964831 -7.719603731069632 3.4
-16.9854356964831 -7.119603731069632 3.4
-16.3854356964831 -7.719603731069632 3.4
-16.3854356964831 -7.119603731069632 3.4
-16.0854356964831 -7.158649961806825 3.739046230737193
-16.0854356964831 -7.719603731069632 3.7
-16.0854356964831 -7.682251509371086 4.262647778301454
-16.0854356964831 -7.119603731069632 4.3
-12.9995371581811 -5.365833230350129 3.739046230737193
-12.9995371581811 -5.889434777914389 4.262647778301454
-12.9995371581811 -5.926786999612935 3.7
-12.9995371581811 -5.326786999612936 4.3
-12.15420188121317 -6.226786999612935 3.75466472303207
-12.66286254009801 -6.226786999612935 4.263325381916912
-12.0995371581811 -6.226786999612935 4.3
-12.6995371581811 -6.226786999612935 3.7
-12.4995371581811 -5.726786999612935 4.6
-12.15055756634437 -5.334075629350545 4.6
-12.6995371581811 -5.326786999612936 4.6
-12.6995371581811 -5.026786999612936 4.3
-12.2495371581811 -5.026786999612936 4.149999999999999
-12.0995371581811 -5.026786999612936 3.7
-12.61025144389539 -5.026786999612936 3.789285714285714
-12.6995371581811 -5.926786999612935 3.4
-12.0995371581811 -5.326786999612936 3.4
-12.66049092744391 -5.365833230350129 3.4
-12.15183026855907 -5.874493889234971 3.4
-11.7995371581811 -5.365833230350129 3.739046230737193
-11.7995371581811 -5.926786999612935 3.7
-11.7995371581811 -5.889434777914389 4.262647778301454
-11.7995371581811 -5.326786999612936 4.3
-20.1112276854552 -0.5642798083390791 3.9
-20.1112276854552 -0.9132594001758136 4.29271137026239
-20.1112276854552 -0.3642798083390792 4.3
-19.8112276854552 -1.264279808339079 3.7
-19.2112276854552 -1.264279808339079 3.7
-19.8112276854552 -1.264279808339079 4.3
-19.28775829770009 -1.264279808339079 4.223469387755102
-19.8112276854552 -0.9642798083390789 4.6
-19.28775829770009 -0.887749196094181 4.6
-19.71319561548435 -0.4623118783099247 4.6
-19.2112276854552 -0.3642798083390792 4.6
-19.8112276854552 -0.0642798083390792 3.7
-19.2112276854552 -0.0642798083390792 3.7
-19.8112276854552 -0.0642798083390792 4.3
-19.28775829770009 -0.0642798083390792 4.223469387755102
-19.8112276854552 -0.9642798083390789 3.4
-19.28775829770009 -0.887749196094181 3.4
-19.71319561548435 -0.4623118783099247 3.4
-19.2112276854552 -0.3642798083390792 3.4
-18.9112276854552 -0.4714226654819362 3.807142857142857
-18.9112276854552 -0.9161227904298745 4.251842982090795
-18.9112276854552 -0.3642798083390792 4.3
-18.9112276854552 -0.9642798083390789 3.7
-8.713638619879106 -4.133970268156239 4.3
-8.713638619879106 -3.533970268156239 3.7
-8.713638619879106 -4.094924037419046 3.739046230737193
-8.713638619879106 -3.60718062268539 4.226789645470849
-7.868303342911176 -4.433970268156239 3.75466472303207
-7.813638619879106 -4.433970268156239 4.299999999999999
-8.413638619879105 -4.433970268156239 3.7
-8.376964001796019 -4.433970268156239 4.263325381916912
-8.413638619879105 -4.133970268156239 4.6
-7.963638619879106 -3.983970268156239 4.6
-7.813638619879106 -3.533970268156239 4.6
-8.324352905593392 -3.623255982441953 4.6
-8.374592389141913 -3.233970268156239 4.260953769262807
-7.813638619879106 -3.233970268156239 4.299999999999999
-7.850990841577652 -3.233970268156239 3.737352221698546
-8.413638619879105 -3.233970268156239 3.7
-8.413638619879105 -4.133970268156239 3.4
-7.963638619879106 -3.983970268156239 3.4
-7.813638619879106 -3.533970268156239 3.4
-8.324352905593392 -3.623255982441953 3.4
-7.513638619879107 -4.133970268156239 4.3
-7.513638619879107 -3.533970268156239 3.7
-7.513638619879107 -4.094924037419046 3.739046230737193
-7.513638619879107 -3.60718062268539 4.226789645470849
-4.427740081577109 -2.341153536699542 3.7
-4.427740081577109 -1.795818259731613 3.75466472303207
-4.427740081577109 -2.304478918616455 4.263325381916912
-4.427740081577109 -1.741153536699543 4.3
-4.127740081577109 -2.641153536699543 3.7
-4.088693850839916 -2.641153536699543 4.260953769262807
-3.580033191955073 -2.641153536699543 3.752293110377964
-3.527740081577108 -2.641153536699543 4.3
-3.977740081577109 -1.891153536699543 4.6
-3.560278607191437 -2.308615011085215 4.6
-4.127740081577109 -2.341153536699542 4.6
-3.527740081577109 -1.741153536699543 4.6
-4.127740081577109 -1.441153536699542 3.7
-4.088693850839916 -1.441153536699542 4.260953769262807
-3.527740081577108 -1.441153536699542 4.3
-3.580033191955073 -1.441153536699542 3.752293110377964
-3.977740081577109 -1.891153536699543 3.4
-3.560278607191437 -2.308615011085215 3.4
-4.127740081577109 -2.341153536699542 3.4
-3.527740081577109 -1.741153536699543 3.4
-3.227740081577109 -2.341153536699542 3.7
-3.227740081577109 -1.8482963938424 3.807142857142857
-3.227740081577109 -2.306755666764396 4.265602130064853
-3.227740081577109 -1.741153536699542 4.3
-0.1418415432751128 -0.5483368052428461 3.7
-0.1418415432751128 -0.5092905745056532 4.260953769262807
-0.1418415432751128 0.05166319475715409 4.3
-0.1418415432751128 -0.000629915620810606 3.752293110377964
0.7581584567248874 -0.848336805242846 3.7
0.2128231797569572 -0.848336805242846 3.75466472303207
0.1581584567248872 -0.848336805242846 4.3
0.6172692438968987 -0.848336805242846 4.159110787172011
0.1581584567248873 -0.548336805242846 4.6
0.65101559958203 -0.4411939480999889 4.6
0.2063154746340917 0.003506176847949405 4.6
0.7581584567248874 0.05166319475715409 4.6
0.7581584567248874 0.3516631947571539 3.7
0.2128231797569572 0.3516631947571539 3.75466472303207
0.1581584567248872 0.3516631947571539 4.3
0.6575233047048956 0.3516631947571539 4.199364847980008
0.1581584567248873 -0.548336805242846 3.4
0.2128231797569572 -0.003001528274916065 3.4
0.6862762052820359 -0.4764545537999948 3.4
0.7581584567248874 0.05166319475715409 3.4
1.058158456724887 -0.5483368052428461 3.7
1.058158456724887 0.01261696401996115 3.739046230737193
1.058158456724887 -0.4751264507136957 4.226789645470849
1.058158456724887 0.05166319475715409 4.3
2.683950445696988 -6.742706958710592 3.739046230737193
2.683950445696988 -7.266308506274853 4.262647778301454
2.683950445696988 -7.303660727973399 3.7
2.683950445696988 -6.703660727973399 4.3
2.983950445696989 -7.603660727973399 3.7
3.529285722664919 -7.603660727973399 3.75466472303207
3.020625063780076 -7.603660727973399 4.263325381916912
3.583950445696988 -7.603660727973399 4.3
3.060481057941887 -7.2271301157285 4.6
3.485918375726143 -6.801692797944245 4.6
2.983950445696989 -6.703660727973399 4.6
3.583950445696988 -7.303660727973399 4.6
2.983950445696989 -6.403660727973399 3.7
3.529285722664919 -6.403660727973399 3.75466472303207
3.020625063780076 -6.403660727973399 4.263325381916912
3.583950445696988 -6.403660727973399 4.3
2.983950445696989 -7.303660727973399 3.4
3.476807588554132 -7.196517870830542 3.4
3.051370270769875 -6.771080553046286 3.4
3.583950445696988 -6.703660727973399 3.4
3.883950445696989 -6.742706958710592 3.739046230737193
3.883950445696989 -7.303660727973399 3.7
3.883950445696989 -7.266308506274853 4.262647778301454
3.883950445696989 -6.703660727973399 4.3
6.969848983998985 -4.949890227253896 3.739046230737193
6.969848983998985 -5.473491774818156 4.262647778301454
6.969848983998985 -5.510843996516702 3.7
6.969848983998985 -4.910843996516703 4.3
7.308895214736178 -5.810843996516702 3.739046230737193
7.269848983998985 -5.810843996516702 4.3
7.869848983998986 -5.810843996516702 3.7
7.83249676230044 -5.810843996516702 4.262647778301454
7.269848983998985 -4.910843996516703 4.6
7.308895214736178 -5.47179776577951 4.6
7.869848983998986 -5.510843996516702 4.6
7.83249676230044 -4.948196218215249 4.6
7.269848983998985 -4.610843996516703 3.7
7.830802753261793 -4.610843996516703 3.739046230737193
7.307201205697531 -4.610843996516703 4.262647778301454
7.869848983998986 -4.610843996516703 4.3
7.308895214736178 -4.949890227253896 3.4
7.269848983998985 -5.510843996516702 3.4
7.83249676230044 -5.473491774818156 3.4
7.869848983998986 -4.910843996516703 3.4
8.169848983998985 -5.01798685365956 3.807142857142857
8.169848983998985 -5.510843996516702 3.7
8.169848983998985 -5.476446126581556 4.265602130064853
8.169848983998985 -4.910843996516703 4.300000000000001
18.36743804957508 -8.135199179365932 3.75466472303207
18.36743804957508 -8.643859838250775 4.263325381916912
18.36743804957508 -8.080534456333861 4.300000000000001
18.36743804957508 -8.680534456333861 3.7
18.66743804957508 -8.980534456333862 3.7
19.26743804957508 -8.980534456333862 3.7
18.66743804957508 -8.980534456333862 4.3
19.19090743733018 -8.980534456333862 4.223469387755102
18.66743804957508 -8.680534456333861 4.6
18.66743804957508 -8.080534456333861 4.6
19.22839181883789 -8.641488225596669 4.6
19.26743804957508 -8.080534456333861 4.6
18.66743804957508 -7.780534456333863 3.7
19.26743804957508 -7.780534456333863 3.7
18.66743804957508 -7.780534456333863 4.3
19.19090743733018 -7.780534456333863 4.223469387755102
18.70648428031227 -8.641488225596669 3.4
19.21514493919712 -8.132827566711827 3.4
18.66743804957508 -8.080534456333861 3.4
19.26743804957508 -8.680534456333863 3.4
19.56743804957508 -8.135199179365932 3.75466472303207
19.56743804957508 -8.643859838250775 4.263325381916912
19.56743804957508 -8.680534456333861 3.7
19.56743804957508 -8.080534456333861 4.3
22.65333658787707 -6.326763955614359 3.739046230737193
22.65333658787707 -6.85036550317862 4.262647778301454
22.65333658787707 -6.887717724877166 3.7
22.65333658787707 -6.287717724877166 4.3
22.95333658787708 -7.187717724877166 3.7
23.55333658787708 -7.187717724877166 3.7
22.95333658787708 -7.187717724877166 4.3
23.47680597563218 -7.187717724877166 4.223469387755102
22.95333658787708 -6.887717724877166 4.6
22.95333658787708 -6.287717724877166 4.6
23.55333658787708 -6.887717724877166 4.6
23.55333658787708 -6.287717724877166 4.6
22.95333658787708 -5.987717724877166 3.7
23.55333658787708 -5.987717724877166 3.7
22.95333658787708 -5.987717724877166 4.3
23.47680597563218 -5.987717724877166 4.223469387755102
22.95333658787708 -6.887717724877166 3.4
22.95333658787708 -6.287717724877166 3.4
23.55333658787708 -6.887717724877166 3.4
23.55333658787708 -6.287717724877166 3.4
23.85333658787708 -6.326763955614359 3.739046230737193
23.85333658787708 -6.887717724877166 3.7
23.85333658787708 -6.85036550317862 4.262647778301454
23.85333658787708 -6.287717724877166 4.3
11.25574752230098 -3.718027265060006 3.7
11.25574752230098 -3.678981034322813 4.260953769262807
11.25574752230098 -3.170320375437971 3.752293110377964
11.25574752230098 -3.118027265060006 4.3
11.55574752230098 -4.018027265060006 3.7
12.15574752230098 -4.018027265060006 4.299999999999999
11.59479375303817 -4.018027265060006 4.260953769262807
12.10345441192302 -4.018027265060006 3.752293110377964
12.15574752230098 -3.718027265060006 4.6
11.59479375303817 -3.678981034322813 4.6
11.55574752230098 -3.118027265060006 4.6
12.05325302596017 -3.220521761400817 4.6
11.55574752230098 -2.818027265060006 3.7
12.10108279926891 -2.818027265060006 3.75466472303207
11.59242214038407 -2.818027265060006 4.263325381916912
12.15574752230098 -2.818027265060006 4.3
12.04860466515812 -3.610884407917149 3.4
11.68789037944384 -3.250170122202863 3.4
12.15574752230098 -3.118027265060006 3.4
11.55574752230098 -3.718027265060006 3.4
12.45574752230098 -3.678981034322813 3.739046230737193
12.45574752230098 -3.718027265060006 4.3
12.45574752230098 -3.191237619589157 4.226789645470849
12.45574752230098 -3.118027265060006 3.7
15.54164606060298 -1.870545810571239 3.75466472303207
15.54164606060298 -1.925210533603309 4.3
15.54164606060298 -1.361885151686397 4.263325381916912
15.54164606060298 -1.325210533603309 3.7
15.84164606060298 -2.225210533603309 3.7
16.40259982986579 -2.225210533603309 3.739046230737193
16.44164606060298 -2.225210533603309 4.3
15.89393917098094 -2.225210533603309 4.247706889622036
16.24164606060298 -1.725210533603309 4.6
15.84893469034059 -1.376230941766575 4.6
15.84164606060298 -1.925210533603309 4.6
15.84164606060298 -1.025210533603309 3.7
16.40259982986579 -1.025210533603309 3.739046230737193
16.44164606060298 -1.025210533603309 4.3
15.89393917098094 -1.025210533603309 4.247706889622036
16.40259982986579 -1.886164302866116 3.4
15.98513835548011 -1.468702828480444 3.4
16.44164606060298 -1.325210533603309 3.4
15.84164606060298 -1.925210533603309 3.4
16.74164606060298 -1.925210533603309 3.7
16.74164606060298 -1.432353390746167 3.807142857142857
16.74164606060298 -1.877053515694105 4.251842982090795
16.74164606060298 -1.32521053360331 4.3
-15.8253291471532 1.32139406597476 3.807142857142857
-15.8253291471532 1.428536923117618 4.3
-15.8253291471532 0.8629347930527633 4.265602130064853
-15.8253291471532 0.8285369231176172 3.7
-15.48628291641601 0.5285369231176172 3.739046230737193
-15.5253291471532 0.5285369231176172 4.3
-14.96268136885175 0.5285369231176172 4.262647778301453
-14.9253291471532 0.5285369231176172 3.7
-15.48628291641601 1.389490692380424 4.6
-14.9253291471532 1.428536923117617 4.6
-15.5253291471532 0.8285369231176172 4.6
-14.97762225753117 0.8808300334955816 4.6
-15.48628291641601 1.728536923117617 3.739046230737193
-15.5253291471532 1.728536923117617 4.3
-14.96268136885175 1.728536923117617 4.262647778301453
-14.9253291471532 1.728536923117617 3.7
-15.48628291641601 1.389490692380424 3.4
-14.9253291471532 1.428536923117617 3.4
-15.5253291471532 0.8285369231176172 3.4
-14.97762225753117 0.8808300334955816 3.4
-14.6253291471532 1.32139406597476 3.807142857142857
-14.6253291471532 0.8629347930527633 4.265602130064853
-14.6253291471532 1.428536923117617 4.3
-14.6253291471532 0.8285369231176172 3.7
-11.53943060885121 2.676018377606384 3.75466472303207
-11.53943060885121 3.221353654574314 3.7
-11.53943060885121 3.184679036491227 4.263325381916912
-11.53943060885121 2.621353654574314 4.3
-11.23943060885121 2.321353654574314 3.7
-10.63943060885121 2.321353654574314 4.299999999999999
-11.20038437811401 2.321353654574314 4.260953769262807
-10.69172371922917 2.321353654574314 3.752293110377964
-11.23943060885121 3.221353654574314 4.6
-10.63943060885121 2.621353654574314 4.6
-10.69409533188328 3.166688931542244 4.6
-11.20275599076812 2.658028272657401 4.6
-11.20038437811401 3.521353654574314 3.739046230737193
-11.23943060885121 3.521353654574314 4.3
-10.78292290372834 3.521353654574314 4.156507705122865
-10.63943060885121 3.521353654574314 3.7
-10.63943060885121 2.621353654574314 3.4
-10.6784768395884 3.182307423837121 3.4
-11.23943060885121 3.221353654574314 3.4
-11.09593831397407 2.764845949451448 3.4
-10.33943060885121 2.676018377606384 3.75466472303207
-10.33943060885121 3.221353654574314 3.7
-10.33943060885121 3.184679036491227 4.263325381916912
-10.33943060885121 2.621353654574314 4.3
-22.9370196744273 6.351997883654281 3.739046230737193
-22.9370196744273 5.82839633609002 4.262647778301454
-22.9370196744273 5.791044114391474 3.7
-22.9370196744273 6.391044114391474 4.3
-22.5604890621824 5.491044114391475 3.776530612244898
-22.6370196744273 5.491044114391475 4.3
-22.13505174439814 5.491044114391475 4.201967930029154
-22.0370196744273 5.491044114391475 3.7
-22.5770196744273 5.971044114391474 4.6
-22.6370196744273 6.391044114391474 4.6
-22.2270196744273 6.221044114391474 4.6
-22.6370196744273 6.691044114391474 3.7
-22.0370196744273 6.691044114391474 3.7
-22.6370196744273 6.691044114391474 4.3
-22.1135502866722 6.691044114391474 4.223469387755102
-22.6370196744273 5.791044114391474 3.4
-22.6370196744273 6.391044114391474 3.4
-22.0370196744273 5.791044114391474 3.4
-22.0370196744273 6.391044114391474 3.4
-21.7370196744273 6.351997883654281 3.739046230737193
-21.7370196744273 5.791044114391474 3.7
-21.7370196744273 5.82839633609002 4.262647778301454
-21.7370196744273 6.391044114391474 4.3
-18.6511211361253 7.622907076585363 3.739046230737193
-18.6511211361253 7.58386084584817 4.3
-18.6511211361253 8.131567735470206 4.247706889622036
-18.6511211361253 8.183860845848169 3.7
-18.3511211361253 7.28386084584817 3.7
-17.7511211361253 7.28386084584817 3.7
-18.3511211361253 7.28386084584817 4.3
-17.8276517483702 7.28386084584817 4.223469387755102
-18.3511211361253 8.183860845848169 4.6
-18.3511211361253 7.58386084584817 4.6
-17.7511211361253 7.58386084584817 4.6
-17.7511211361253 8.183860845848169 4.6
-18.3511211361253 8.48386084584817 3.7
-17.7511211361253 8.48386084584817 3.7
-18.3511211361253 8.48386084584817 4.3
-17.8276517483702 8.48386084584817 4.223469387755102
-18.3511211361253 8.183860845848169 3.4
-18.3511211361253 7.58386084584817 3.4
-17.7511211361253 7.58386084584817 3.4
-17.7511211361253 8.183860845848169 3.4
-17.4511211361253 7.58386084584817 4.3
-17.4511211361253 8.144814615110977 4.260953769262807
-17.4511211361253 7.621213067546716 3.737352221698546
-17.4511211361253 8.183860845848169 3.7
-7.25353207054921 4.975124155293818 3.739046230737193
-7.25353207054921 4.451522607729557 4.262647778301454
-7.25353207054921 4.414170386031011 3.7
-7.25353207054921 5.014170386031011 4.3
-6.95353207054921 4.114170386031011 3.7
-6.914485839812017 4.114170386031011 4.260953769262807
-6.390884292247756 4.114170386031011 3.737352221698546
-6.35353207054921 4.114170386031011 4.299999999999999
-6.95353207054921 4.414170386031011 4.6
-6.914485839812017 4.975124155293818 4.6
-6.390884292247756 4.451522607729557 4.6
-6.35353207054921 5.014170386031011 4.6
-6.95353207054921 5.314170386031011 3.7
-6.914485839812017 5.314170386031011 4.260953769262807
-6.35353207054921 5.314170386031011 4.299999999999999
-6.390884292247756 5.314170386031011 3.737352221698546
-6.95353207054921 4.414170386031011 3.4
-6.914485839812017 4.975124155293818 3.4
-6.390884292247756 4.451522607729557 3.4
-6.35353207054921 5.014170386031011 3.4
-6.053532070549211 4.975124155293818 3.739046230737193
-6.053532070549211 4.414170386031011 3.7
-6.053532070549211 4.451522607729557 4.262647778301454
-6.053532070549211 5.014170386031011 4.3
-2.967633532247214 6.767940886750514 3.739046230737193
-2.967633532247214 6.244339339186253 4.262647778301454
-2.967633532247214 6.206987117487707 3.7
-2.967633532247214 6.806987117487707 4.3
-2.667633532247214 5.906987117487708 3.7
-2.122298255279284 5.906987117487708 3.75466472303207
-2.630958914164127 5.906987117487708 4.263325381916912
-2.067633532247214 5.906987117487708 4.3
-2.667633532247214 6.206987117487707 4.6
-2.067633532247214 6.806987117487707 4.6
-2.560490675104357 6.69984426034485 4.6
-2.10203140218236 6.241384987422854 4.6
-2.667633532247214 7.106987117487707 3.7
-2.122298255279284 7.106987117487707 3.75466472303207
-2.630958914164127 7.106987117487707 4.263325381916912
-2.067633532247214 7.106987117487707 4.3
-2.667633532247214 6.206987117487707 3.4
-2.067633532247214 6.806987117487707 3.4
-2.560490675104357 6.69984426034485 3.4
-2.10203140218236 6.241384987422854 3.4
-1.767633532247214 6.69984426034485 3.807142857142857
-1.767633532247214 6.206987117487707 3.7
-1.767633532247214 6.241384987422854 4.265602130064853
-1.767633532247214 6.806987117487707 4.300000000000001
4.144056995026884 1.244479926213851 4.3
4.144056995026884 1.351622783356708 3.807142857142857
4.144056995026884 1.796322908304646 4.251842982090795
4.144056995026884 1.84447992621385 3.7
4.444056995026884 0.9444799262138505 3.7
4.483103225764077 0.9444799262138505 4.260953769262807
5.006704773328337 0.9444799262138505 3.737352221698546
5.044056995026883 0.9444799262138505 4.3
4.444056995026884 1.244479926213851 4.6
5.005010764289691 1.283526156951043 4.6
5.044056995026883 1.844479926213851 4.6
4.48140921672543 1.807127704515305 4.6
4.444056995026884 2.144479926213851 3.7
4.483103225764077 2.144479926213851 4.260953769262807
5.044056995026883 2.144479926213851 4.299999999999999
5.006704773328337 2.144479926213851 3.737352221698546
4.483103225764077 1.283526156951043 3.4
5.044056995026883 1.24447992621385 3.4
5.006704773328337 1.807127704515305 3.4
4.444056995026884 1.84447992621385 3.4
5.344056995026883 1.84447992621385 3.7
5.344056995026883 1.244479926213851 4.3
5.344056995026883 1.351622783356708 3.807142857142857
5.344056995026883 1.796322908304646 4.251842982090795
8.429955533328879 3.091961380702617 3.75466472303207
8.429955533328879 3.637296657670547 3.7
8.429955533328879 3.60062203958746 4.263325381916912
8.429955533328879 3.037296657670547 4.3
8.72995553332888 2.737296657670547 4.3
9.329955533328878 2.737296657670547 3.7
8.879955533328879 2.737296657670547 3.85
9.28440159746882 2.737296657670547 4.254446064139941
8.72995553332888 3.037296657670547 4.6
9.32995553332888 3.637296657670547 4.6
8.769001764066072 3.598250426933354 4.6
9.227461036988068 3.139791154011357 4.6
8.72995553332888 3.937296657670547 4.3
9.329955533328878 3.937296657670547 3.7
8.879955533328879 3.937296657670547 3.85
9.28440159746882 3.937296657670547 4.254446064139941
9.32995553332888 3.037296657670547 3.4
9.179955533328879 3.487296657670547 3.4
8.775509469188938 3.082850593530605 3.4
8.72995553332888 3.637296657670547 3.4
9.629955533328879 3.091961380702617 3.75466472303207
9.629955533328879 3.637296657670547 3.7
9.629955533328879 3.60062203958746 4.263325381916912
9.629955533328879 3.037296657670547 4.3
19.82754459890497 -0.1323938021466131 3.7
19.82754459890497 0.4285599671161942 3.739046230737193
19.82754459890497 -0.05918344761746275 4.226789645470849
19.82754459890497 0.4676061978533871 4.3
20.12754459890497 -0.432393802146613 3.7
20.72754459890497 -0.432393802146613 3.7
20.12754459890497 -0.432393802146613 4.3
20.65101398666008 -0.432393802146613 4.223469387755102
20.18754459890497 0.04760619785338704 4.6
20.12754459890497 0.4676061978533871 4.6
20.53754459890497 0.2976061978533869 4.6
20.12754459890497 0.7676061978533869 3.7
20.72754459890497 0.7676061978533869 3.7
20.12754459890497 0.7676061978533869 4.3
20.65101398666008 0.7676061978533869 4.223469387755102
20.65101398666008 -0.05586318990171513 3.4
20.12754459890497 -0.132393802146613 3.4
20.22557666887582 0.3695741278825414 3.4
20.72754459890497 0.4676061978533871 3.4
21.02754459890497 -0.1323938021466131 3.7
21.02754459890497 -0.09334757140942018 4.260953769262807
21.02754459890497 0.4676061978533871 4.3
21.02754459890497 0.4153130874754224 3.752293110377964
1.318265006054782 8.492660991801547 3.807142857142857
1.318265006054782 8.599803848944404 4.300000000000001
1.318265006054782 8.06722367401729 4.232580174927113
1.318265006054782 7.999803848944404 3.7
2.163600283022713 7.699803848944404 3.75466472303207
1.618265006054783 7.699803848944404 3.7
2.218265006054782 7.699803848944404 4.3
1.669609471371105 7.699803848944404 4.248655534683677
2.111122148911925 8.492660991801547 4.6
1.685684831127669 8.06722367401729 4.6
2.218265006054782 7.999803848944404 4.6
1.618265006054783 8.599803848944404 4.6
2.163600283022713 8.899803848944403 3.75466472303207
1.618265006054783 8.899803848944403 3.7
1.669609471371105 8.899803848944403 4.248655534683677
2.218265006054782 8.899803848944403 4.3
2.218265006054782 8.599803848944404 3.4
1.657311236791975 8.56075761820721 3.4
1.618265006054782 7.999803848944404 3.4
2.115770509713972 8.102298345285215 3.4
2.518265006054782 8.56075761820721 3.739046230737193
2.518265006054782 7.999803848944404 3.7
2.518265006054782 8.052096959322368 4.247706889622036
2.518265006054782 8.599803848944404 4.3
12.71585407163088 5.391067158390051 3.739046230737193
12.71585407163088 4.86746561082579 4.262647778301454
12.71585407163088 4.830113389127244 3.7
12.71585407163088 5.430113389127244 4.3
13.01585407163088 4.530113389127244 4.3
13.61585407163087 4.530113389127244 3.7
13.16585407163087 4.530113389127244 3.85
13.57030013577082 4.530113389127244 4.254446064139941
13.01585407163088 4.830113389127244 4.6
13.61585407163088 5.430113389127244 4.6
13.05490030236807 5.391067158390051 4.6
13.56356096125291 4.882406499505208 4.6
13.01585407163088 5.730113389127244 4.3
13.61585407163087 5.730113389127244 3.7
13.16585407163087 5.730113389127244 3.85
13.57030013577082 5.730113389127244 4.254446064139941
13.01585407163088 4.830113389127244 3.4
13.61585407163088 5.430113389127244 3.4
13.05490030236807 5.391067158390051 3.4
13.56356096125291 4.882406499505208 3.4
13.91585407163087 5.391067158390051 3.739046230737193
13.91585407163087 4.830113389127244 3.7
13.91585407163087 4.86746561082579 4.262647778301454
13.91585407163087 5.430113389127244 4.3
17.00175260993287 7.183883889846747 3.739046230737193
17.00175260993287 6.660282342282486 4.262647778301454
17.00175260993287 6.62293012058394 3.7
17.00175260993287 7.22293012058394 4.3
17.30175260993287 6.322930120583941 3.7
17.90175260993287 6.322930120583941 3.7
17.30175260993287 6.322930120583941 4.3
17.82522199768798 6.322930120583941 4.223469387755102
17.30175260993287 6.62293012058394 4.6
17.30175260993287 7.22293012058394 4.6
17.90175260993287 6.62293012058394 4.6
17.90175260993287 7.22293012058394 4.6
17.37828322217777 7.52293012058394 3.776530612244898
17.30175260993287 7.52293012058394 4.3
17.80372053996203 7.52293012058394 4.201967930029154
17.90175260993287 7.52293012058394 3.7
17.30175260993287 6.62293012058394 3.4
17.30175260993287 7.22293012058394 3.4
17.90175260993287 6.62293012058394 3.4
17.90175260993287 7.22293012058394 3.4
18.20175260993287 6.822930120583941 3.9
18.20175260993287 6.62293012058394 4.3
18.20175260993287 7.171909712420675 4.29271137026239
-17.02178261173155 -0.9642798083390784 2.193628475898326
14.34519259602463 -3.718027265060006 2.19373232486684
-2.031286616998765 0.05166319475715403 2.201435520414033
2.254611921303232 1.844479926213851 2.203044231143868
-19.84757460070365 5.791044114391474 2.202763410815574
5.080403910275333 -4.910843996516703 2.205320555146103
15.80529914535453 4.830113389127244 2.209255134963238
10.05929405772264 -5.510843996516702 2.214677354665969
18.63109113432663 -1.925210533603309 2.216604929179117
-9.910092084457451 -5.926786999612935 2.220278238677753
-4.857078605970866 6.806987117487707 2.21252834182654
-10.60308369360276 -3.533970268156239 2.227362307517986
-9.142977144272862 5.014170386031011 2.227563389593395
-14.88898223190475 -5.326786999612937 2.227981056821754
-8.449985535127555 2.621353654574313 2.230949944849695
-17.71477422087685 1.428536923117615 2.232934558687603
5.773395519420641 -7.303660727973399 2.228584603647191
17.93809952518132 0.4676061978533869 2.233762574131912
2.94760353044854 -0.5483368052428459 2.234064735699172
-13.42887568257486 3.221353654574312 2.23436865197076
0.1218115414764378 6.206987117487708 2.235997634441756
-4.16408699682556 4.414170386031012 2.237588670086619
-1.338295007853458 -2.341153536699541 2.237698997572892
9.366302448577327 -3.118027265060007 2.223030989022039
11.51940060705253 3.037296657670546 2.202106929308409
-12.73588407342955 0.8285369231176172 2.216081439469011
20.76389151415342 -6.287717724877166 2.226361986138676
-6.31718515530076 -1.741153536699544 2.218513794411762
13.65220098687932 -1.325210533603309 2.232511757687132
15.11230753620922 7.22293012058394 2.23790301933079
7.233502068750535 1.244479926213851 2.2222007129432
6.540510459605227 3.637296657670547 2.222797891247436
-5.624193546155454 -4.133970268156239 2.233103498566245
20.12754459890497 3.1498878310486 2.5
10.82640899790722 5.430113389127244 2.234321790470997
-19.2112276854552 -3.617849899203825 2.5
0.341965018209649 -6.703660727973399 2.5
-19.59978679700275 -7.119603731069631 2.5
-15.14594884033088 7.58386084584817 2.514904457092365
-14.19599062275944 -7.719603731069634 2.212486277335699
-22.0370196744273 3.157954199437643 2.5
20.59222422013773 6.62293012058394 2.5
-22.47083002599325 -0.9642798083390814 2.493106166431307
-3.527740081577109 -4.818235647523927 2.802133280622513
-2.067633532247214 3.736346908634584 2.796047275546588
-15.5253291471532 3.898418186557593 2.793528127875378
0.7581584567248871 -3.018142769419828 2.795028806870963
-12.6995371581811 -2.860848398241711 2.785147124698326
-6.35353207054921 1.951277171686408 2.782964574316075
18.66743804957508 -5.615154804136247 2.783960325139123
16.44164606060298 -4.379066549220218 2.754174838418177
-14.9253291471532 -1.624376874264404 2.75296064703045
-16.9854356964831 -4.661089146859829 2.775985361952283
20.72754459890497 -2.586808819113784 2.765491167797098
-10.63943060885121 0.1679794769075749 2.763935946262023
-11.23943060885121 5.677083142904513 2.77224391584675
5.044056995026883 -1.209860489178105 2.773484457743474
-8.413638619879105 -1.083988491299622 2.76077500013394
2.218265006054782 5.546176290604224 2.773464363900856
13.61585407163087 2.384683587569798 2.747562916067904
-17.7511211361253 5.139131824653375 2.746988033565672
9.329955533328878 0.5913187276704406 2.757391967543205
0.1581584567248872 2.492476017153534 2.742231485887872
2.983950445696989 -4.26361457888866 2.742298676561788
7.269848983998985 -2.467820678668869 2.754021715139141
12.15574752230098 -6.171331342182421 2.763197862683493
4.444056995026884 4.286334963916591 2.752435047856082
11.55574752230098 -0.6646945898252832 2.771477341850829
15.84164606060298 1.145164359098667 2.793869242112264
-7.813638619879106 -6.598627038664118 2.780154407931184
-6.95353207054921 7.461734208406599 2.754986942444437
22.82047400756765 0.4676061978533867 2.161596796574901
-4.127740081577109 0.7022995438756446 2.744795162135434
8.72995553332888 6.087811720607188 2.768704474100929
4.742806043668963 6.814170838637232 2.5
15.98921689779785 -7.473053866569807 2.5
13.01585407163087 7.834933812960234 2.711646940344232
7.869848983998986 -7.86083789882891 2.637972044025202
-20.30864347162833 7.583860845848171 2.555233179310314
21.22496038507811 -8.080534456333863 2.562083109107534
-0.339257329448247 7.999803848944404 2.564822337054213
-19.70432370373841 2.06466461148892 2.70150624909493
17.90175260993287 4.175995357937756 2.752702652060163
22.95333658787708 -4.315601730160897 2.132492171274754
-8.444994912396112 -3.865326560673246 1.660702319741329
11.77220160393363 -3.526573183427353 1.660060775386629
3.583950445696988 -6.403660727973399 1.656941122292231
-19.57525420714259 -0.74980778775242 1.66362953522498
20.51307257831831 0.2316327195407794 1.668212020913345
9.049273899471672 3.017978291527755 1.670754524596814
-12.0995371581811 -7.926485049542213 2.191958217029719
-4.127740081577109 -2.641153536699542 1.655453034564891
0.7581584567248872 0.351663194757154 1.66916008292617
-6.95353207054921 4.114170386031011 1.667597924616438
-15.8253291471532 0.8285369231176172 1.670093464987733
15.54164606060298 -1.925210533603309 1.670237315934855
5.044056995026883 0.9444799262138506 1.66962361980781
-10.62244850704058 2.904371552763688 1.674420919513628
-12.9995371581811 -5.926786999612935 1.671577002237921
7.869848983998986 -4.610843996516703 1.671473803934544
-2.667633532247214 5.906987117487708 1.67121089448825
13.61585407163088 5.730113389127244 1.674120098471326
1.618265006054782 7.699803848944404 1.668496754084012
-18.6511211361253 7.58386084584817 1.668633672483157
17.30175260993287 6.32293012058394 1.672460754766881
-22.0370196744273 6.691044114391475 1.671690411806678
-21.44710862528217 -3.034989949788017 2.717279440393646
18.66743804957508 -7.780534456333861 1.699183050690061
-17.2854356964831 -7.719603731069632 1.659828027556804
-9.503506426923439 7.51165329984237 2.510623842939372
22.65333658787707 -6.887717724877166 1.690402881709486
-3.57284762942748 -7.377242890196117 2.5
22.79395071265731 -1.692451517689113 2.797506682567472
-21.80588904455058 -5.811090007775938 2.5
22.47127406003608 4.89673290166269 2.5
4.108325235005832 7.999803848944404 3.4
-22.0370196744273 8.296616759257196 3.399999999999999
-13.67777560699499 5.628938930596005 2.586435372997562
22.24080422248909 2.522156501154421 2.778073789906461
-1.097632987944183 -4.738550915832503 2.614114653329376
-2.667633532247215 8.208520587596855 1.933259770853762
-21.65322462554303 1.03386228888329 2.35255863605648
1.917174782463874 -7.303660727973399 1.74814395351374
6.976173463949842 7.653437845664529 2.326649074919582
-6.95353207054921 5.960358097969108 1.723589356046872
-16.6954079474071 8.183860845848169 1.771297175724995
0.7581584567248872 -1.53413436461299 1.740455859369344
13.61585407163087 3.887417751880017 1.728707481037894
10.72003037648724 7.743352997522935 2.385831601690013
-12.49919996033156 7.685656564191672 2.685415867679554
-22.6370196744273 4.722576717065305 1.76805473226985
5.044056995026883 2.760627500299991 1.733298621470027
-2.667633532247214 8.59341625215675 3.399999999999999
17.30175260993287 8.189371799078051 1.73434880775234
-4.127740081577109 -0.8019284592448096 1.726182562666566
7.269848983998985 -6.429610649154482 1.748993724080373
-16.3854356964831 -6.180833852429903 1.759936728777914
-12.0995371581811 -4.387797605713097 1.760462984017549
10.17376377737921 -7.763634914931375 2.697178034137047
16.44164606060298 -0.3800165897494948 1.765825094669389
-14.9253291471532 2.374482090389951 1.766543716974978
3.583950445696988 -8.211981936590105 1.722424667740788
13.74803845237053 -7.793328949450741 2.709125569642397
-5.61219516643305 -6.406303725137529 2.250435461575741
-17.44152549570783 -0.3642798083390791 3.507142857142857
18.46654562402459 2.19976682746071 3.084308201450085
2.68087703864489 1.244479926213851 3.507142857142857
-17.54893705657542 -2.67675899760851 3.062261665403264
18.19551506021019 -1.325210533603309 3.507142857142857
22.70489473664516 7.678693754237543 2.654269884500503
-20.38624120546536 4.09143732219016 3.05391186163061
9.625035548125314 -4.910843996516703 3.507142857142857
-13.17110251854903 1.428536923117617 3.507142857142857
-22.30851592598915 4.070777667300931 3.671496251561849
3.284994305768286 7.999803848944404 1.901817353695668
21.2865530628083 -4.622484885135145 3.105341948156181
13.85697491555205 -3.118027265060006 3.4
1.282384136719914 -7.303660727973399 3.4
-0.3269107116446091 6.806987117487707 3.507142857142857
-1.788161105973244 -1.741153536699543 3.507142857142857
22.42699689592655 -0.1323938021466131 3.4
20.72754459890497 2.185420465849655 3.399999999999999
14.63021333086741 -5.787471301365708 2.876213309854613
19.01206317055601 7.22293012058394 1.777607923356772
-22.7980722222503 -7.80669478057801 2.173457138394011
5.575984262598416 -5.510843996516702 3.4
-17.25018184896012 1.094098147607413 3.665561224489796
-18.67593798782329 -7.719603731069632 3.4
-18.69002672068066 -5.519941461211083 3.103008437150921
-4.356954581743802 6.206987117487707 3.4
9.329955533328878 4.684929716514961 1.896788330423471
6.7273239446473 1.84447992621385 3.4
1.28231480138634 -5.116164599821906 3.071015048772657
-1.468635204550923 -7.893678651190617 2.282906669913623
-5.813308895783259 -2.341153536699543 3.399999999999999
-4.662681794144813 2.797879274561773 3.165527471513547
-16.05666080108628 5.988184737033215 3.09739061555435
-20.04210551973864 8.48386084584817 3.7
-4.671104535540636 4.114170386031011 3.7
2.44419930061972 -2.161822396486752 3.155645527501424
-14.3854445255689 -3.714513136869623 3.150941008703458
-16.07005008885706 8.183860845848169 3.4
21.27265901572712 -6.887717724877166 3.4
-8.633463767045562 4.414170386031011 3.4
-0.3843338865109884 4.59446376369422 3.15297266539313
-14.3792097303804 -5.926786999612935 3.4
23.55333658787708 -4.590521594216799 3.399999999999999
-17.20581300800468 3.038987798150112 3.146536023379786
11.02585493490127 3.637296657670547 3.4
-8.960390044742011 1.013523272739968 3.143323160595318
-10.41628158660004 -7.58408640219333 3.129192538273322
18.11924114719818 -3.530898799687726 3.130411653834521
-13.24881075525369 -0.7762719238002388 3.128512000216614
15.62820855954408 6.62293012058394 3.4
6.719817783789422 -0.3584641868809164 3.132496261420531
-10.08835348042355 -1.930116223575669 3.134573673894927
11.00458191266085 1.439809502681762 3.116635514573896
15.28648468624132 3.232043122815575 3.115616806520921
14.16091011632185 0.2854236168396768 3.146565963019669
-12.90703637964639 3.521353654574314 3.7
2.776495758101538 3.437377642764206 3.107348941737324
-1.508125841897382 1.644683638664962 3.10409039225915
5.604584457252858 -3.318594004176679 3.105600112135191
19.62940371443916 5.026365713080438 3.085125391945693
9.887064516918635 -1.518971682396047 3.122766972233519
16.92868097476637 -8.080534456333863 3.45466472303207
-8.713638619879106 -5.796024473036828 3.7
-11.53943060885121 0.9470983785611649 3.7
2.417207885805855 -0.8483368052428462 3.7
-12.6995371581811 -7.585363133334912 3.4
6.489441484711049 5.658323737197534 2.901725624199067
-5.79359755321849 -0.1441456431984165 3.115319683323458
-11.7995371581811 -3.699984580830334 3.7
-6.120810141498829 -3.816988166345613 3.683017898189374
7.067267891648015 3.937296657670546 3.699999999999999
-10.11792818671301 -4.133970268156239 3.439046230737193
12.15574752230098 -1.986595126665594 2.030771430405618
-7.813638619879106 -2.409183978335192 2.027651252842065
-10.33943060885121 4.859376383448906 3.7
23.55333658787708 -8.608354529884501 3.4
-20.31679493120672 6.391044114391474 3.439046230737193
-2.797077310565969 -1.741153536699543 1.867041240963413
-5.622214006273403 5.014170386031011 1.868141564274391
-1.336356777140814 6.806987117487707 1.868578407381788
-7.25353207054921 2.784820326664497 3.7
14.19892775674427 -1.025210533603309 3.7
15.24434812724948 4.530113389127244 3.7
18.45260293108132 0.1506240960427608 3.683017898189374
-0.5681899771259677 -0.5483368052428461 1.870905960957828
-10.40050568654615 -5.643769101423562 3.683017898189374
-19.2112276854552 0.7734516374519236 2.053506525392468
19.86871293297139 8.212005370226574 3.063862603650457
-19.8112276854552 -2.670503527425566 3.399999999999999
-4.427740081577109 -3.959270104012439 3.7
20.12754459890497 -1.27324624677994 2.067461215580679
15.54164606060298 -3.54055245817981 3.7
12.28466916804362 4.830113389127244 1.868956543187986
11.33115655704865 5.113131287316618 3.683017898189374
17.90175260993287 8.796138145135732 3.399999999999999
5.267537927568199 -7.020642829784026 3.683017898189373
-12.02228944166106 4.319871441701109 1.824399224205701
19.56743804957508 -6.451193590663385 3.7
-7.043115127782591 -5.234157278739963 1.804440434509039
-8.968577910025518 2.943705629516727 3.677648025057586
1.058158456724886 1.651442277523004 3.7
-14.6253291471532 3.034112192207372 3.7
-11.23943060885121 1.480747189863636 2.070481919089223
17.1464183053539 -2.864092082474651 1.746213467316533
4.144056995026884 1.84447992621385 2.098861140163258
-14.22164299513175 -0.108029781813502 1.745274592512963
19.56743804957508 -8.680534456333863 2.099807672761494
-23.04424659013637 -4.208456782320496 2.208029842209424
-2.967633532247214 4.61196902847715 3.7
-14.79135427645611 -7.719603731069632 3.4
0.05104621392900999 8.792660991801547 3.7
-23.51807786365075 6.391044114391474 1.998931925643675
-1.504526375127992 0.2993700843791894 3.7
19.82754459890497 -1.80537286269874 3.7
-16.0854356964831 -5.51355901971025 3.7
-0.08717682024304291 -2.139179344499679 3.7
13.91585407163087 3.245987143593603 3.7
-15.7342134999138 -7.719603731069632 1.899823049640115
-11.44671109354542 -5.926786999612935 1.900300961908371
23.55333658787708 -5.987717724877165 2.097727593469604
-14.6253291471532 -0.756215248975331 3.7
-6.090884292247757 6.680577312681462 3.7
2.683950445696988 -5.120343784287553 3.7
12.97583376781441 -4.835941268375543 1.891013197678694
1.318265006054782 6.42568803522372 3.7
-8.713638619879106 -1.953827966383595 3.7
17.00175260993287 4.962051946997116 3.7
11.25574752230098 -5.294729417517045 3.699999999999999
8.347099138405445 -0.9691413427645605 1.944888849662794
6.969848983998985 -3.337168735574783 3.7
4.055619622477939 -2.756607489801661 1.954473058258107
9.923990192836964 -3.439616204593985 3.678411060466021
11.25574752230098 -1.541170233126816 3.7
9.629955533328879 1.46997849120528 3.7
13.91585407163087 7.016303950560155 3.7
8.169848983998985 -7.091360201143052 3.7
1.226720965184851 4.001427013787724 1.967830567235583
-18.9112276854552 1.221956112488185 3.7
-18.73558957579277 3.576857903264167 1.970211855878637
12.63137563300079 0.8230149464550285 1.970221564059168
-4.427740081577109 -0.156589055019962 3.7
-15.90878776741864 -3.180374698834649 1.968935508873777
4.144056995026884 -0.3226513157251249 3.7
-17.4511211361253 5.999981451078702 3.7
4.144056995026884 3.410682874707418 3.7
-2.630124466091155 -3.526846000956038 1.987268694926141
-3.060663385060171 2.207500782917927 1.982115369683772
-11.62431373165467 -1.382696058175364 1.983693837089896
-7.343216180575738 0.4119696541129039 1.988783554751775
16.83377080231692 2.675672548075437 1.986399597453095
19.71549784636225 -4.118049954410021 1.984603747403238
15.54164606060298 0.2491315498454245 3.7
9.629955533328879 5.210820370933676 3.7
8.830696933174622 8.065217041232975 2.899964325403595
-4.374977128563486 8.164514064738615 3.237296772061029
-6.473489404575919 -8.073228703945199 2.94003275467891
19.55107285675169 6.522930120583941 3.7
-17.26754066338234 6.541440004614822 1.836588804650408
11.97075940423278 -8.160961069509021 2.093700976498507
-2.206130091939732 -6.151006000807651 1.909557048552015
12.12337935263231 6.54256690076388 1.998505326415847
20.12754459890497 1.571730316930102 2.18536880672712
-20.10826173414205 -5.188031510298575 1.849124834940408
-8.67236938021774 6.251402742959212 3.299645160441309
2.983950445696989 -8.818421178976612 3.4
17.01897997507401 -5.982743780871701 1.886768202167246
11.55574752230098 -4.918383204263212 2.273468619943963
-23.17267407078568 -2.540286739470692 3.153707036357647
-19.2112276854552 -2.063393462026215 2.206584632813376
-10.63943060885121 4.430717787620571 2.292435128328404
-20.98965522139092 -1.585222848583752 2.006636178423793
-8.413638619879107 -5.353020177408983 2.302071505765886
1.618265006054782 8.860757618207211 2.171474281990817
-21.13281643802059 -8.127356782861675 3.086775813542291
-8.682835708915285 -8.230181472260288 2.961549514189952
-23.15106723966947 1.808666796448022 3.164959244836882
-21.39332928207907 -0.2642798083390792 3.7
-23.38652203339207 7.99804438544701 2.453419842361123
15.57213165225894 8.381368116362429 3.347012027792614
6.515458084337536 -4.910843996516703 2.064843367609472
-6.925044191295387 -3.533970268156239 2.124215711932806
8.855580376157446 -6.634412885888564 2.148091836495677
-2.989999130452742 -0.05969016989305409 3.7
17.34746168396423 -6.491065776532423 3.415503012935852
-12.1221015598257 2.621353654574314 2.114495103725275
15.84164606060298 -3.146593904954612 2.349304144585726
-15.5253291471532 -0.3921011428197972 2.349376921275454
12.92078769400044 -5.334863875574379 3.7
13.05215189454404 -3.118027265060006 2.139360323076625
7.709879934990247 4.802332916922601 2.192160393742576
-18.99213615429108 5.932156664426486 3.7
21.02754459890497 -1.610515010861064 3.7
-1.790394431544581 -3.413228515606273 3.381665687832791
19.22456554705346 -0.132393802146613 2.147458811922208
23.55333658787708 -7.866360191743105 2.189215382181261
12.35079861595038 3.175226152498306 3.7
-6.496990361427268 -5.724177803077819 3.455913444461562
20.77954483313697 -8.402886431276276 3.677648025057586
-18.30429349657487 -0.3642798083390791 2.155857024846267
2.977940408634439 6.394259678716213 3.7
4.119654965005941 -5.040359230573913 3.699999999999999
-16.11755170466841 -0.8221479849841358 3.7
-7.218611954511772 -1.885259459618331 3.7
8.513241995983105 -3.27413033204627 3.7
21.68604359962562 -0.8414886330419123 1.977897351300747
12.87049513656469 -1.502524851275008 3.7
5.736846259535443 3.46640259190085 3.7
-2.667633532247214 6.99984426034485 2.21952954782618
-11.013156325636 8.203042078469334 1.794070688554472
22.1844597796387 -8.480161780116031 3.7
8.72995553332888 1.816697394507938 2.359711916398442
-7.25353207054921 6.459077398928509 3.7
-11.88698196334659 4.847223115975257 3.7
20.82846221557564 4.897968463814528 1.729025583006391
7.932224047016272 5.228868138385175 3.7
-17.7511211361253 8.48386084584817 2.243495826713552
21.18212784066228 8.196721085743231 1.806949145436526
-23.33337372932259 -6.206804066620546 1.728359468620385
10.24062865123606 3.637296657670547 2.161457120231097
11.43139043916136 6.707736308436201 3.448261505506374
-13.99424704202405 1.428536923117617 2.193466041277298
17.37287247394758 -1.325210533603309 2.193686328233218
22.3589028588074 1.299760652475176 3.7
5.979584524126479 1.844479926213851 2.200464068829147
3.690640680024893 5.568434486304805 1.739859455276224
23.36668749220716 6.215331893008926 1.846104379449141
1.058158456724887 -1.967012116131252 3.7
17.07738087910323 0.2808376191351194 3.7
-15.19151018793723 5.275855474542157 1.706625937585151
-8.126991833530965 8.312486615792547 1.74204293176847
4.967480408424662 -8.541374811455958 2.759618939798744
-5.574884922131399 3.446319671268096 2.051357590612803
0.3946981688808366 -4.38336995379466 1.717205223291753
18.20175260993287 5.146487781551626 3.7
-13.52364562950288 -1.751372262588421 1.669951881759738
8.021397059902966 1.446535163075839 3.7
14.46103910965281 1.243583054701597 1.683538682899122
-16.90594828479546 3.997809006362688 1.685739587712536
-1.295445654375478 5.249225124004114 2.055518496534844
10.16896659773424 -0.5342144446267095 1.678979400372483
-5.751869398294352 8.259455258692999 1.718757133030149
7.783055242028742 3.037296657670547 2.218706518780213
9.359691674473465 -6.415960021097928 3.699999999999999
-9.242366318916226 0.04990335118803614 1.691519770748642
17.91811929890548 -4.48209684623148 1.658199479814067
23.36410711024317 3.1497077018782 1.629889977407984
-0.690251397821303 3.633748004222142 1.704461606192143
-20.65353749829073 1.221028116845039 3.7
-1.343066272008312 8.37973283828032 3.7
-2.998869418385259 -3.946380733389965 3.7
-4.974795069731591 1.833024140088445 1.700976827588049
6.430854236792442 -1.337809525252845 1.703783072899082
2.138475807541697 -3.118495969777267 1.718246852363081
-12.91025144389539 -3.935396562271497 3.7
-17.9008203517721 -6.349483522435337 2.054036801132456
10.57836012625439 -3.718027265060006 2.267648103886454
-4.794723789912249 -8.341322162323728 3.251451698826626
-20.63264369198574 -4.450196371193821 3.346829054432564
-1.200456306621094 -6.494977019751954 3.299648575521661
17.51250333979556 -8.680534456333863 2.329139620220466
-17.2854356964831 -5.649753739912258 3.7
16.89648378576305 -3.531193617267097 3.7
2.209436388547203 -5.816186705849153 2.051112818343405
-0.08717682024304285 1.470403435802627 3.7
-7.797217074305731 5.014170386031011 2.205869603876127
0.01786223205926224 -8.356119429150647 2.968192460173627
5.426892187246902 8.246426891619699 1.74249676507561
1.602191424435024 -0.5483368052428459 2.206294401232612
-21.19271973176942 5.791044114391474 2.207032598093056
16.45709661549395 7.22293012058394 2.207209314678162
-10.18453696664186 1.019635517241029 3.7
14.46057793979844 4.830113389127244 2.207710851793362
-23.29481765298023 -5.501509530190948 3.343803074739481
-5.893383327164967 2.81610577576562 3.7
-13.59976403837165 -4.498654586009925 2.085038705174262
-23.61277730659267 4.25673227144674 2.834676459769108
-23.27307203472737 0.5026370274980542 2.029126929366501
-16.3854356964831 -8.805505680957063 2.351402899213545
-0.5890396409496088 0.976528669501426 2.068056083966094
-15.98527887280144 3.02493177258758 3.7
-16.42416408582136 2.25000615188212 2.08388077919258
-1.607103432463514 4.611257064836793 3.7
4.43446126944951 -7.303660727973399 2.216860014765148
22.0890053238517 -2.859614074300437 1.707307574996709
-13.7900218469484 8.297372792026486 1.699283730424796
-12.3928537817286 6.306253649020818 1.647259048281623
5.510077175260658 -0.3470695197691321 3.7
19.26743804957508 -6.872183386669367 2.470217904300878
-4.969250384962288 -1.741153536699543 2.202523306227852
4.444056995026884 0.05209204696539882 2.456794101418422
13.59966619517313 -6.43514344734685 1.640054721354652
-21.11030847249048 -7.152326061114178 1.658751018706842
5.577549022100182 4.93745624412172 1.629532239578074
3.249511670186785 -7.338099503483603 2.321637099069092
14.94279329605154 -0.5034724597761195 2.083894448037131
-4.063710968818181 -5.969544912610722 1.641938157419977
16.44164606060298 -2.186164302866117 2.311656611133008
18.81990645200597 5.521279472187258 1.654201634752537
-18.3511211361253 6.304833956733956 2.56020494584207
3.583950445696988 -5.430655870693113 2.554287245008899
-17.72925736095228 -3.615761389273115 1.641092679879027
7.869848983998986 -3.631647707988338 2.561770641058083
-20.55561332385162 3.138301761516821 1.641579736999253
-23.99373728611302 5.491044114391475 3.7
21.36386367492418 3.936832434867113 3.381565229144313
18.64726236818484 3.107014077964756 1.647794392266922
2.218265006054782 6.827296451944374 2.456281442634913
6.597448378122759 -7.052323621638138 3.699999999999999
22.07295008091505 -5.544585369305593 2.075021003946787
10.27007235965895 1.827761218302837 1.62705006054123
-10.97776805245711 7.266651123590664 3.332742171857576
-9.291005735672234 -2.701169441256015 2.112433450686713
-9.53273325121924 -7.503164326844865 1.662451213598047
-23.44854475138833 -2.108515691393378 1.585092244186502
0.2694655682495912 7.699803848944404 3.7
-9.771409908623422 1.762683100041312 2.133589747603373
-10.14032548207463 6.229918874439535 1.619489701800671
21.60153904110748 1.33140889501249 2.141017086880656
3.523680267628243 3.474823201785556 1.597233826779912
1.764521444629682 -8.475149568515308 3.7
-23.73984080393904 7.705781541892675 3.7
23.29841428722986 3.706385810075204 3.393964123794614
8.917859415365339 -4.910843996516703 2.379879773493817
6.365252498333099 -3.299655586182497 1.605398505484045
-4.366225928555805 -6.165888704498729 3.350094546062758
-23.43185154554314 3.159329453697691 1.608807305602154
-1.191055734225007 -0.8483368052428462 3.7
11.03658994112478 -6.763154912714768 1.649751989408537
-11.23943060885121 3.521353654574313 2.351012653586184
-9.587928828340726 3.221353654574314 2.387708852380558
-21.52861760531234 -1.710360144479575 3.385782362952715
22.40152715519036 -3.249609328342117 3.32054710721406
14.43375929214101 -2.170545810571239 3.7
-8.157600291538104 8.424047008511439 3.414642374663086
22.02216138147305 6.293669147727037 3.326746319864843
15.34019791154043 -4.934379536425667 1.628204138830202
5.8703986726469 8.385449233862603 3.3549078063821
-13.86235431051873 8.369326420108465 3.366221360975043
15.02514595344216 5.691067158390051 3.7
-3.790240081577109 -1.703653536699542 2.334273809595834
9.926411682395546 6.494181680161448 1.647116579720192
7.315889746387281 2.791961380702617 3.7
0.4308290944576171 -0.5756661675101162 2.333414713007556
-21.48893169080963 -4.29128617717266 1.632181953660504
9.073178939306457 -8.357663489801569 1.563956001710004
-6.878025151574946 -7.235223867452315 1.56308614925983
-18.18503696136747 -8.816768094413289 3.7
10.71301707607192 -2.256133724509696 2.151622461093504
-8.509604845218925 6.520669613717857 1.630836641049829
-4.94977489694309 5.275124155293818 3.7
14.87974677433506 -8.359186835167996 1.611865620215722
15.09125205000621 2.7667553321085 1.53977352530426
21.4525574107953 8.378775042702024 3.442466342602436
17.90175260993287 7.522930120583941 2.352800435857581
-14.9253291471532 0.5808300334955817 2.309998697234638
-17.71931000922533 -1.590007382454644 3.7
-5.754804771539964 0.3911034950037619 1.55985544157068
-19.73759138143239 7.322907076585363 3.7
-20.54675474007082 5.171181764072945 3.7
7.378420178484682 6.270748481518694 1.543814612656182
-20.47372709541701 -6.07907510339865 3.414675977413249
21.48625195228221 3.402562194749431 1.622280348796234
13.2942651320969 4.808524449593265 2.326919629854382
17.30175260993287 5.424751996710117 2.562278989664853
-4.127740081577109 -3.52700788188123 2.553521179674223
-6.95353207054921 3.226027007311312 2.559774456472896
-6.636549968738584 5.031152487841637 2.32438866924495
-10.04718850542937 -1.361447471895415 1.57770280557872
-1.492455198139466 2.225845152088572 1.544160641089309
-20.99365015941856 7.660755835908371 3.7
8.729955533328878 3.937296657670546 2.37266613320724
-2.724349762896744 -8.466620339442413 3.368200720721964
-5.333505458204385 -7.993434203533672 1.659383169068679
2.12034307833521 0.3126169640199612 3.7
19.53157935877524 1.950037072775343 3.7
7.553498187259407 -5.52719479325628 2.327954180677873
12.64860562753658 6.960756235168114 3.7
-18.75640982270311 -8.39216599815815 1.910064597179943
-12.38255505637048 -5.30980489780231 2.338803646626295
14.11539381860181 8.375763151807046 1.607875276354894
-21.55916859799069 8.323276573853303 1.670938936876232
0.7581584567248871 1.229919471721059 2.560578979641075
-14.33718073027769 -3.148105541559067 1.582452063964873
-9.411895220091743 -4.133970268156239 2.406880815568323
-23.45575940890168 -0.1713072444614009 3.458708734372367
-14.18530972853389 6.739046838842245 1.525883952114616
-2.667633532247214 5.030516458965371 2.561635227196191
13.63222809735526 -4.308913604610267 3.7
-5.937698529351522 8.505382222838483 3.449346715823618
-0.6586986221164617 -5.86827934726824 1.548247067494158
-15.20570835544271 -8.873321884071565 3.7
13.61585407163087 6.60339220337821 2.563133705902122
22.36471326295759 -4.813337499948997 3.7
-12.61326167509568 2.376018377606384 3.7
-7.568303342911176 -5.510904376390118 3.7
-11.50637213653599 -7.398390883658355 3.7
21.48090650380734 -5.69814812168825 3.7
15.05834080188127 -8.418340121191928 3.435247438549506
-20.34561595585098 -2.993131203713911 1.54532710250168
-3.06879931055343 1.65437050631844 3.492222144833723
-2.761261438471544 -6.090931487432311 3.417639319580985
6.785363982017104 -8.385015560424865 1.52638862806229
4.188543522495759 -8.770109013814004 3.7
21.26074284255759 -4.231888937841494 1.542281028497606
-18.62877089116759 -2.436172777112287 3.7
-11.68305674166487 -0.8170513270995765 3.486313478017145
-7.406474214677889 -0.08534808473773181 3.514906087784004
4.040089984296139 -3.295147764526564 3.467346623056919
-3.629904135302243 6.206987117487707 2.394650613517095
21.87933329520969 6.764638263411744 1.532866661100359
15.84164606060298 -1.168702828480445 2.375641905952936
15.74763733736688 8.524191921286903 1.558711590958738
19.68191726080876 -3.563924142799904 3.489105495735899
-20.8182094298224 -0.1410853383749561 2.125864983781883
11.97948719874835 8.39964572428384 1.591148086210328
-18.836583862698 4.19127236400589 3.445761189413429
-16.68374202450438 0.8285369231176172 2.561059698564129
-16.9854356964831 -9.04257015107148 3.399999999999999
11.5455258859413 -7.472622009563412 3.482295724993453
-16.00086149651158 -2.580902521983741 3.447562909499336
16.84136415394794 3.230801630695212 3.485029454098619
8.324232484819621 -1.492679644567521 3.454347595011122
1.220114794531843 3.441947278478093 3.463104172164074
3.153717614806305 2.144479926213851 3.7
-12.53156138221393 6.298035667965395 3.46963291161596
-18.55316730050983 -4.978365025960632 1.569084221621998
16.71295455696534 8.681772631870906 3.7
12.56293261266667 1.415279751146604 3.44781240784813
11.71093498066117 8.398102613455499 3.483906934099867
9.560645018486673 8.446465923565899 1.514427411037876
-12.6995371581811 -6.872921524345906 2.397604527792329
-22.3370196744273 5.791044114391475 2.301512188967777
17.72898706118334 -2.225210533603309 3.7
17.37692638907951 -8.980534456333862 3.7
15.18311468720254 -6.512764972803286 1.522679338609364
-14.17634453590398 6.818553371958079 3.514766749749799
1.322410756053369 -8.559192682963404 2.281524065966139
-2.718868424902944 -8.551503502025685 1.57566411864043
1.524929168329345 -6.140048378510897 3.7
16.73366195142927 1.175166890935571 1.483012698600268
23.56672682492946 -2.136939171701518 1.520359646506184
-2.960103931779016 3.709036418226241 1.487610216587866
-13.63787337224104 0.5285369231176171 3.7
-18.44148377108957 -6.557671302704576 3.7
-15.5253291471532 1.689490692380424 2.357465813085978
-7.252946923220581 1.907868280805177 1.482408862143946
-19.42204707953648 8.638413292794894 2.220057979750818
1.315309284657217 5.501359088990205 1.47675093952571
4.63070943735414 5.63810113547538 3.55003005494559
-16.29694875992337 7.022399253039303 3.7
-9.696386808856245 -3.23397026815624 3.7
-0.7844894871729328 5.906987117487708 3.7
7.485334583136909 6.726091438647273 3.494691453857017
-13.78015810753953 -7.111574248947168 3.7
4.139077564570358 -1.255529758365848 1.485403604396386
9.863651232212273 6.953941744404587 3.463844026181167
-16.1062264884353 -4.659309302602824 1.465474156633865
10.78144192423206 2.483861552864519 3.7
5.818871072281803 -4.357646134881885 3.7
18.36743804957508 -6.735910480411859 3.7
-10.68948778311312 -8.501415304354232 1.912283266659574
-14.14899659425883 -4.772198717865602 3.7
6.493318871104742 0.6911218787903279 3.7
-4.187763360950928 8.426219052934213 1.555497696511795
13.01585407163088 3.543202467138494 2.739520265543126
-0.06480504644379748 -2.84018652205544 1.474006908771289
-13.52014015628147 4.569792941419469 1.444706432432078
-7.813638619879106 -4.283970268156239 2.39771908453572
-15.8356694673006 -1.695461207442635 1.48307961760076
19.56155071000759 -5.598086293117623 1.499521379719695
-11.8101789700465 -2.857644727117281 1.499121715210732
3.269357381638016 0.7958566660881032 2.335361825581312
8.414355536636711 0.5257550282313551 1.491687318665117
-22.24751868793255 -7.022402619504023 3.476076086263783
-23.97302700848794 6.651997883654281 3.7
3.545901650523526 8.860757618207211 3.7
5.909835885884985 6.78962328028734 1.465838545970802
-10.08676338600383 8.535526282298303 3.539251600501201
8.311819145238742 7.516915361314459 1.538227254234239
9.029600648131337 -8.505461308511427 3.502392610639792
14.73338556483783 -1.925210533603309 2.561133787334333
-11.50204422053885 0.07583271412683629 1.453821264107908
-5.577676536313957 -1.187358402753053 3.7
6.388671397728425 0.1954021110905199 1.443898649102523
23.54756678772948 2.225653813344251 3.572397164873872
6.487817762508085 -8.452615506564095 3.045592845267132
12.69407938109891 2.302258812583926 1.499789769561145
-3.527740081577109 -0.4981995404857144 2.720489266063471
-10.78112040384881 -4.874107265345371 2.486563724570026
0.07880829230762199 -4.229063125613207 3.490173229788464
-18.6740724420306 5.055494413479019 1.501650416847461
19.8554779868246 -2.669253380433434 1.448234269840272
-14.83719462107048 5.10902487891388 3.473530693083193
16.03807922562292 -5.668769899292773 3.511595286741437
16.99367579569804 4.136624178299297 1.499271622145956
8.131603670313325 -2.564284026865873 1.472325619297695
-15.08152019931856 -6.661387954332846 2.478948153733083
-8.127340230395296 -8.580659202180136 1.560537428466153
-22.17443485673129 -4.442644213270686 3.464890771435126
-20.50994644393803 1.601850141394878 1.481530789584083
18.73928875172088 1.570925395620481 1.506608265296992
-17.83469026913389 -2.083310132707537 1.513336776377453
-20.97266546312617 2.750942222699912 3.537286178057511
-19.00692714525612 2.163293519732775 1.421250121067119
12.3534683611501 -0.5875312706126569 1.419158477427961
23.46189085523562 5.751160615046888 3.309968885588777
22.27782778157554 -8.390468323321311 1.440970213790369
-20.31471448638279 -8.495920336358964 1.78612482686712
-15.78432290130023 6.671373098118603 1.455829433359987
12.62629785044529 -8.555192923405901 3.419888402025508
1.074654290671951 2.54286959875431 1.510500856056602
-3.211771388181476 0.7527774541517133 1.512831624114705
19.06089619545789 3.540918490424978 3.529176608323688
3.901465958618733 -4.216406333799443 1.516531297242373
11.1824520560215 0.6028288574869213 1.529040943101687
17.12640039069923 -7.465838470578042 1.444996094211328
20.72754459890497 0.7676061978533878 2.46387056015711
1.927201281584566 -3.576006072509268 3.606404297961338
-7.452199798817993 -1.026843459046474 1.486482479942005
-16.6854356964831 -7.119603731069633 2.348897421747132
5.833567475807676 6.868912005987355 3.575760419445137
-22.0370196744273 7.465803053483008 2.561882207785069
-19.8112276854552 -1.26427980833908 2.465479573854365
-18.14475940969246 -4.004952200251026 3.520909779518745
-5.289341414709495 1.214748614421642 3.589860110026168
15.1338532222228 5.942128414693686 1.412003992195003
6.226636885862926 -1.728217230620962 3.582860860598297
-1.249840712970389 8.529621928351013 1.454683291546764
-0.8749930416994012 3.221674342649491 3.588108811699741
-21.60110035336121 4.430753542970605 2.579247963503559
-5.65259601353763 -2.850351268800882 1.419969804940722
2.415770509713972 7.999803848944404 2.432295516609074
3.316396327402848 4.876494719376047 3.582250900093995
-20.52248445262488 4.646303133207697 1.468460551413319
-22.32896159248489 2.078465296431432 1.418117467492225
20.72754459890497 -0.3558631899017157 2.448849397008141
-9.58676614136164 -0.5671277089266955 3.570943401975393
1.035332668514314 4.943755147029909 3.55327907780343
20.21560473334802 -7.470851752134155 1.439965366155504
10.50510346359738 0.08261493990202518 3.565700887072698
-23.48772237678732 -8.499455852497523 3.462871301341193
-1.242445298736029 -3.789525348230378 1.444792578590942
3.846590659748395 -1.800792898905238 3.589798964164822
13.3048016637178 -8.500910218147002 1.428016950861364
-18.63422305071631 2.694413783765696 3.500758745943426
2.542254650975632 4.618906070505022 1.487207677133922
10.63312397352612 -8.500032694083899 1.441845148613885
-4.132434113074218 -4.482655154414403 1.383433631674147
11.55574752230098 -2.950170122202863 2.451972740647947
5.728107812243098 -6.027749331877809 1.421798509960949
-10.63943060885121 2.321353654574314 2.464713561695051
-22.6370196744273 7.690022120213626 4
-16.58038112535463 4.652388322040034 3.565854145242414
-8.413638619879105 -3.323255982441954 2.473761712209343
-14.83957981286797 3.838535561503306 1.41165617420331
-22.20893225258283 -2.9711125942234 1.402079592907561
-8.482542995135724 3.907572285106224 1.444643958276989
-23.6580760625193 -8.654367746227672 1.371801900911867
14.64794907086665 1.649450808227777 3.563588296419487
9.458937249041309 -1.842175369024103 1.433225857204648
12.34860466515812 -3.718027265060006 2.470824300528609
-3.255335828065982 3.143650218389676 3.562379869287946
5.044056995026883 3.114443778626595 2.8383368271206
-13.8871265992935 -2.356679327299468 3.552359846727444
14.08533332461958 8.500132704077481 3.531716906403224
17.07126863686563 1.750940463741293 3.402708697675946
-2.297762304497626 -2.641153536699542 3.7
-8.399732248604213 -6.552590146314397 1.397444823748998
19.73263366219923 8.527719807752963 1.603049303094587
2.29062655927993 -1.649989491115982 1.458139876541993
-6.35353207054921 6.178522255821573 2.689898301258059
23.55072490989711 1.76697443080401 2.154200372272951
-11.63777367336392 8.588458606649453 3.599621934809677
-9.583721122297248 8.571001353105515 1.436596380201377
17.61136831854684 -4.876128278611979 3.543319805679623
10.12409491543758 8.524067180456006 3.536410513167558
-15.80400466969607 -4.063011340783279 3.470573227216487
8.14084353209744 -0.01347314688441825 3.422907760706189
0.8476006795801965 -5.776477064788725 1.450364226415876
-23.55138520998086 -3.910137742839426 3.565805751763453
2.454783774119484 -4.525910559891975 1.350142330584584
0.8007440916226523 7.999803848944404 2.418593800706689
0.02686174212887527 -5.711197154132223 3.601706323264561
0.1634137653989146 -7.878860400207225 1.491003390123562
19.88866294896704 -5.032410093407981 3.397623200268926
23.552069185649 -0.6209594201837182 1.390128762822429
23.54238587376531 4.769367306556125 1.440380977289015
12.74378850283676 -0.05469733030392532 3.412751622936288
-17.64557254488587 2.745316609517523 1.40933793258542
13.71773884538184 -0.01367432264797813 1.413132612749443
-5.72889943427231 -6.98181475884574 3.610874541603431
19.54010791627841 4.25718324150257 1.38310992123863
7.482090899072269 8.478072411120127 3.531835531435285
-11.49580592940198 -2.28146753287445 3.417351510267777
-2.067633532247214 5.941384987422854 2.457516107387927
-19.22349892187727 -0.06124108737769612 2.475790550935071
-4.302572707884746 3.107422443320327 1.387635483699789
15.16514736443035 -6.953391514762494 3.613625224206274
-7.557310012865691 1.374943627747752 3.404394017578367
-0.02949498388875549 4.909834590265367 1.385513246199114
-5.18789760749134 4.414170386031011 2.728953012310368
-15.31295556124114 8.53733160011107 1.404055840914241
-2.513704040079858 -4.836129667010423 1.332520161756842
7.269848983998985 -6.749571637806412 2.837619589959034
0.1581584567248873 -1.681716014486231 2.691568650054657
-8.596323714274458 1.32773583301089 1.369405218933747
8.72995553332888 4.938577264688149 2.930135769361279
-17.7511211361253 7.283860845848169 2.396011620551814
-20.61573322915663 6.822798886188735 1.341628725363381
-12.85284669593807 -0.4819736579757225 1.389603602460663
13.63895749211408 -6.61430299037451 3.583385477352527
-23.66321500890934 -0.7079173949713016 1.36783606788151
-12.38026805651291 8.46794734176963 1.338751135229087
-13.68059780976462 -8.662982233569339 3.476254317110649
5.338641233146325 -2.273239040944206 1.453827646022955
-0.9942157311494776 0.05166319475715392 2.725389833949179
20.96446308960043 5.32430921908978 3.593382592227352
-3.928509265115001 7.067940886750514 3.7
7.421232641457823 8.655283306017475 1.369761005566428
18.33846967181506 -6.388170568992598 1.415884351100525
18.66743804957508 -8.94148822559667 2.44742079403412
-16.82921768525141 2.135891265743351 3.7
-3.527740081577109 -2.608615011085215 2.493306003555377
16.44164606060298 -0.09151978726644383 2.851717312934253
-8.211524512632137 5.275124155293818 3.7
-6.691815609663685 -8.660500265555072 1.361961016186807
4.816673142591529 -6.121574020877826 2.557457862559553
23.59703056945711 8.613152779219103 3.588144304229798
11.85353871796599 5.430113389127244 2.728438473344615
16.04570753722913 7.483883889846747 3.7
10.75160540250826 -8.669892865963472 3.668352563965208
2.158789025387281 0.629135981375343 1.418654497844956
23.68045295782992 -0.5762835308898026 2.875823909068815
18.50686777765296 -3.190408642688864 1.373974996448231
-1.291010691759014 -8.572793345136162 3.550235805082941
16.14216741369131 5.675557917273122 3.7
-17.26794742344464 -5.860713295460232 2.726669317238155
23.46908989668983 8.519578855715251 1.53551932703735
-9.352645504373506 1.896822717767078 3.7
-13.22480728577532 -8.525522148368461 1.413625176479986
-17.94832443593477 -7.719603731069632 2.555773526925726
-19.22667863298844 -6.243596707047175 1.418035902477455
5.347212558286383 -8.557232876947978 1.350982083191282
1.886846482742008 -6.703660727973399 2.684388769424659
5.060407791766461 1.528129129474273 2.459628882959608
17.85671117340723 -7.12466577782648 2.433048670494733
9.329955533328878 2.737296657670547 2.515841470494832
23.60240666073448 0.622814332550972 3.637717639244656
-5.675758306283826 -5.27714189451017 1.363231391866939
14.14025214684204 -2.535567158560403 1.403199005432962
9.077937067749426 -5.526070909057483 3.984773087459219
-14.22632873048062 -6.589047362985982 1.327762039357609
-4.486210776842942 5.721431013494209 1.351072237723681
10.27656229347399 -2.385540697210772 3.7
5.712035344823163 0.1092704032472267 2.515944452619906
-16.9854356964831 -8.019603731069632 2.504054500631077
23.59528234960829 -3.11602729829426 2.554735682419791
-13.75787116048171 2.346856993006974 3.7
-13.65675700984061 -5.926786999612935 2.561823794596463
-4.0850484093924 -8.602796231653485 1.98117080420145
-17.23353146770412 0.204838475735337 1.397015102373702
-5.251839059430803 -5.04593469849436 3.269794711327343
12.27789835830931 -5.964411446755259 1.35092343377671
-16.58571929890109 5.361924700812047 1.405771213511478
-23.35765336775631 3.123748921459335 3.640752450573449
-23.70131929116945 1.78457471359329 1.336048733982594
-16.6628353915543 7.58386084584817 2.693198423988994
9.010637167186088 1.86641613129241 4.319318366142793
-19.7782657510229 -8.578395553501725 3.106754708936891
21.9955904946275 -6.887717724877166 2.571523431877398
13.18915268464977 7.307406424446335 1.393755223534868
-12.6995371581811 -4.26063109136874 2.671971888972833
0.08589656847820915 7.343816295340701 1.362478601525265
21.94952480120247 0.489195137387366 4.021588939533979
-21.70358737078994 -8.64504155865602 1.914623920538824
-22.08585360325119 -0.07539704584653195 1.393306613606553
3.451181197685869 7.118979957573955 2.785812189359167
16.25575726638875 -8.592916000242505 1.287856640764711
-3.82699907505 5.294226622351636 3.7
-11.07358484830371 4.394818736270118 4.029708175312556
-15.15258731887415 -6.858649961806825 3.7
-19.8112276854552 0.9486473458620754 2.996092809137084
10.65087426465929 -6.435636061353001 3.112972244486915
16.58123311013816 -4.108585262266293 1.369429790584203
-11.12871340719071 -7.234384607045512 1.37850989775738
3.277136678945322 0.3464275958259609 3.7
-9.187155955071255 -6.901896361661973 2.95125109219881
-10.01172050960238 -4.784333248449501 1.300135034577413
-10.04767039155681 6.243148260776932 3.635236985018111
21.10702178331872 -1.932226463904126 1.289432682586598
-22.8926065994711 8.699719375101621 1.305952732114339
18.37406781561313 -0.8794182410493281 1.302377286886423
-1.59081161073303 7.994464122175089 2.534880517820571
22.95333658787708 -7.187717724877166 2.518879449832088
-12.99534386856181 1.869902761748981 1.301646632927686
2.983950445696989 -6.471080553046286 2.523409319798946
-6.958111264286865 7.6174061974365 1.347594542337235
18.36743804957508 -8.080534456333863 2.534639657195354
8.684201026367234 5.794689219464339 1.319236191343035
8.692455533328879 4.823698450666765 4.0375
-23.57995725354126 -6.897924968045422 2.960524058159489
16.21862929264466 6.031787640574848 2.477629191747244
20.91088567716739 -8.683867867959515 1.336134314212348
9.765792725522266 -4.428629407791012 1.371718145018432
-11.26031800800703 5.416119643712756 1.394258715700677
22.95333658787708 -5.270328719249637 2.645198849736749
18.90468100937679 1.123149822419492 2.651422381832711
-1.084157176279528 -8.757878533353237 1.260869951818261
-19.8112276854552 0.8543725383356866 4
-13.49434392879054 4.78880157414777 3.687360522243418
3.043481976516174 6.74315659422596 1.322882170280257
-11.41126352475538 -8.693159062788931 3.152856880640676
20.08686832621011 6.01544259244915 1.352954286666944
-22.40142345311323 0.7453003164269427 3.752821395575811
-18.98624244390249 -3.049031259603982 1.24917969021689
21.82373705804837 0.467606197853387 2.742071054095224
-5.654351044694304 -0.9663241682060736 1.27202763507719
22.29327111351207 2.289919548028768 1.407402710343617
4.738161305074569 -6.403660727973399 4.3
19.04220978205209 6.897801920157319 4.325128200426621
-2.022417480653389 -4.933454769178074 3.633424224880501
7.676883814047209 -8.745697571514899 3.698446890316521
14.74883889526215 6.09524613666156 2.570867661924507
-21.73904288862882 3.775851226751982 1.292390282788469
7.924958008620023 -7.62549575453632 1.264822895551067
-1.015815035089835 6.206987117487707 2.697134094085126
-1.764540222407486 -0.9899324620469196 1.324909873478812
-9.777869482185766 -8.694744684591619 3.720060276514692
18.92393391464252 8.365042098853849 3.7
23.75671839179318 -3.602071498660152 1.287058728066637
-10.31605078314767 0.8200886739219937 1.278191586943056
-14.82308968715948 -8.649900220820657 1.357490210976809
6.159647102926085 -6.187118624707876 2.55911088963114
6.982876393517675 2.300271131069544 1.364101786187892
-19.24004930002543 7.58386084584817 2.560307869614937
-11.3209435863802 -6.982422248189499 2.562295361743652
3.73670429276799 0.04935794220044221 1.26886795585275
0.06556185202313534 0.3654708344639805 2.513968452419673
-2.486369964228694 -2.341153536699543 2.693238664020046
-8.704199167845745 -1.595130726096683 1.355461976541136
-5.808338036963953 6.566337409899337 1.235990497821786
0.1064298310938274 8.724009943965346 1.256204569259665
11.25546498215839 4.08046461904421 1.340090361555542
17.51622463051953 8.351129420089141 4.064026521687392
-22.3339463656535 -5.342193339617685 1.305708630227641
-5.231789597828238 -3.005038421182169 2.555917444450433
15.13404489543999 4.111398386793114 1.24509999121509
-20.14960311514703 -7.405896994694589 3.733227980499653
23.65424961981068 7.150312433605579 3.602957750018998
-8.053847501805254 3.483346485087647 3.7
3.883950445696988 -6.703660727973399 2.566251493335089
-9.499577846092002 -5.081959037879118 3.7
5.735988000769285 4.83903837839459 3.704990206713189
2.518265006054782 6.86270193159926 4.3
2.501844549828253 -8.293058579813053 2.414530475238303
-0.1658694297816015 2.008445606095088 1.268628241812635
4.397871477925738 7.434978809778966 1.320625255048243
6.190158258241297 1.504922375788433 4.098543389659071
-0.5876338659566728 -3.431674613127202 2.59536580675307
-3.808752998803366 7.111996479689621 1.36743701026645
1.874732860102888 0.7515676717930707 2.593807926915226
13.28168861973583 3.694209655133692 4.138611516034985
-18.08008032132705 -1.49219587526654 2.544951057619217
1.058158456724887 0.05166319475715395 2.566082102429652
-23.75222358555707 -3.411159760268966 1.373082897753223
-13.0264522198533 -3.466947268824354 1.355374666409598
-14.9253291471532 2.551683264854555 2.808612950053143
20.45022680956761 2.567680088481572 1.305040797279457
7.869848983998986 -4.610843996516703 2.561770641058083
-2.330815934243518 -1.006506651579964 2.71058894425603
-14.22934161537297 4.275781591936607 2.576026241216118
21.87751470995556 -0.9832579971130737 3.7
15.00844096054046 -4.79899661000097 3.742017245869769
23.786327863489 -2.125773983998092 3.571289656674576
-22.6370196744273 4.659911771025258 2.822042112122004
-1.362141823244984 -7.001761647901564 1.253530338010452
22.0220074716634 5.422755990061597 1.322390872698011
-2.857335804317448 -7.212137882728587 1.348766175563647
-16.60749643682857 9.038617606374162 3.7
2.199103219517564 3.293265234546228 1.323209083005957
-19.04287553521588 6.345283475111527 1.249700828970637
-6.95353207054921 4.114170386031011 2.56404729897756
-10.96083252827275 -5.926786999612935 2.835970256083034
-5.222083963419384 -3.266072199387766 3.7
19.16968175676539 7.22293012058394 2.897620563101428
-18.07119547764341 -0.6247222579136611 4.098543389659071
-0.09961611473989174 -7.203304309984103 3.693259748643986
5.084394679793044 -3.595953602776289 1.246491846754689
13.91585407163087 5.430113389127244 2.566193239084087
9.780714015929568 -7.206638879191088 1.306366919999524
19.26743804957508 -7.832827566711826 2.517435488364513
-3.760508879308497 7.397081670490539 2.538954133377055
4.267299433875015 8.780539383182763 1.297306262618542
20.99888235133181 7.116496787006295 3.708760073680136
12.17733646183496 -4.895971810369521 4.021588939533978
-4.427740081577109 -2.341153536699543 2.566086550499578
18.88168079721316 1.107644595384441 3.7
21.80853495212945 0.3105867394277765 1.270599225108496
3.394124334291972 7.978214909410425 3.978411060466021
5.158826126283182 -0.3703049104272116 1.355824779348637
9.109507284014015 -5.644974143303332 1.254891181818871
-11.24023192497735 6.892066969726547 2.056144643725162
11.04029463091357 7.127387828164303 1.232114576948563
-9.826007708453831 3.994387866442031 1.302130149094929
-12.0995371581811 -6.174493889234971 2.523070246281941
10.444851414286 4.538723483213685 3.7
12.9152843049355 5.774694695356833 2.501647059574879
-19.46889805869179 -3.926130334910455 3.789892982006953
-23.76971004589227 -4.982657092531592 1.381081212128681
17.30175260993287 6.32293012058394 2.562278989664852
-20.27165728537372 8.132754288155908 1.293130269734456
-6.525792427898623 -4.729659721452284 2.771794516572475
-22.6370196744273 6.691044114391475 2.482067433642554
3.150587186444632 2.220835541548051 1.266881273078855
-10.86468589765086 -6.576935211881096 3.7
-4.240613328583304 -7.27159063652793 1.331194844856369
-2.334300260563825 7.985553581045632 4.051323376632372
-21.38777733386502 4.556797377651398 3.7
15.27032174203662 -3.609674882807918 1.221364334437335
15.55579726997984 0.5397506054308835 1.340804577139316
14.08629783015193 -5.242882364013713 1.248385956124773
11.21871664590574 -1.306081756111065 1.344655175601163
11.55574752230098 -4.018027265060006 2.597143268858335
-21.7370196744273 6.391044114391474 2.566182727872578
6.843787448699625 5.085434336484218 1.204345358287595
-17.4511211361253 9.320108468813798 3.7
-10.51327383213105 -2.585497916262191 1.280768843261168
12.45574752230098 -1.996861551202199 4.3
13.28168861973583 6.547142354220077 4.138611516034985
-1.655230963871264 0.9251141779491838 1.253527081422396
8.991952032180709 -4.610843996516703 4.3
-18.05952248148115 0.4461995291618445 3.7
-7.687810007491422 6.123818040467659 2.644782521834689
-7.049401325822819 8.79989443494115 2.758509856536488
-23.7039991273979 -1.462179332613117 3.770716462116336
4.355759637419716 4.486509775962826 1.307736677371269
12.65505795743953 -7.328531296949666 1.28357893435688
3.777843359483093 2.99049729129699 2.651350904139568
1.042147502217383 6.854210470343033 2.614112929486133
-18.98775829770009 -0.9642798083390789 2.573066055272213
22.95333658787708 -8.062642706350015 4
-7.605491932689463 -7.666112766691434 3.686729246697911
12.15574752230098 -1.888610323116078 3.060183819483338
9.726498248980141 0.6593998970873866 1.267418125070102
-2.209256049931313 -7.277026258092499 3.707200189521241
3.2570976109623 8.599803848944404 2.742718374808202
20.34094935264432 -8.680534456333863 2.784514100614174
4.810472419454532 -7.946133771251738 3.7
-16.0854356964831 -8.847016662592377 3.7
-3.437316071024934 7.975269713493981 3.7
1.510015297466181 -1.642369011932155 2.647857170036453
-23.77677030037643 5.260854324302517 1.353940085107015
7.440700407286495 3.89281889365803 1.25335010252072
-17.2767355293017 -5.285274200875885 1.3317172920879
17.65958154854019 -0.428057738273345 2.953822043772014
-9.585345196463269 4.1567333033248 3.7
-22.1999370456228 -1.593666599977583 1.293196517948719
-14.81542776966299 -4.362701830453694 1.30950830260834
-21.10953255611443 -5.870228782570413 1.292115865507591
-9.559594453306685 -8.770969919320397 1.26955154328652
15.85505630974745 2.191474244738798 3.724493128865405
20.28034877324279 7.34098959968387 1.305689040722687
23.78053198185638 -4.945899785032978 1.317250214099819
11.88139026153682 4.063762047696248 2.687999015350676
20.32349508562861 -7.149715386352276 3.7
8.169848983998985 -3.797385497787635 4.3
18.81453658558192 8.788390150226689 2.479927884300002
1.618265006054782 7.699803848944404 2.58752727587273
6.603243527775404 -3.7651447642637 2.663260482831696
24.06123311758141 -6.887717724877166 2.389976549667581
-12.69209186238366 -1.808140114114243 3.758410682432674
-5.284336286857957 -2.0250579403439 4.316095596355643
-9.159176949842953 8.750303013906089 2.662187321266483
10.96057318165111 -5.501233490138066 1.236699961825355
20.98941169014043 -3.47919626799034 3.715865148529834
14.29201186166813 3.682955430645703 2.672107795451057
-20.90016291124828 6.691044114391474 4.3
13.3040327177777 -3.486473305596995 4.034281916745031
4.859450618321761 5.998217573226622 1.276592821360061
-6.483487143452539 2.957147023391199 1.214806804664948
17.30175260993287 8.265565509820034 2.758001223665308
16.09638873540404 -8.793499470846085 2.590805602433651
-21.7166910422625 -5.856595352171674 3.82345322077155
-5.248062962605261 5.778078450072091 2.679912695030043
-14.88202226684369 6.255245378333298 2.544415443498511
5.344056995026883 2.951947013090984 4.3
3.583950445696988 -8.322173975535865 2.738289032022491
-4.463031094271703 0.3958062040058144 1.277134709745449
-3.440029300128773 4.918615175892479 1.252791900366053
-1.777569141965858 4.272182354479161 1.306290066214093
-19.54717066875924 -7.559341043160575 1.253434246194161
-23.74663249551032 5.387731272524744 2.55931309579466
-3.572944970207726 -7.12454039074997 3.798155551753853
-15.8253291471532 0.8285369231176173 2.595000231206032
23.81407332226775 0.6627283800975131 1.327893296985295
-9.231298043493565 2.812203746409684 1.185680877520489
22.67977581594222 4.803373069441541 3.804905508740955
-9.554478332528273 -3.861642518737008 4.327672250580768
5.753764362965346 3.716087303899877 1.169660331439222
-4.79944831503938 -0.5936324216992146 2.671191439978228
2.218265006054783 6.85621294961615 3.45466472303207
-6.59507423725844 -2.917825744766492 3.7
-14.63742826736972 -1.231329240020536 1.201275616290344
19.12415290918062 6.044272835461259 2.688168739384714
20.83861257869765 -5.437367518649147 1.22453566790038
-20.95586516413653 8.707269726040128 2.774357839023085
9.330608375317224 -0.4879911228422978 3.719533300950757
-2.031934349695473 -2.684030806715132 1.175160161394443
-22.20442178808409 -3.167746681818657 3.783366852005591
-23.71635128271684 7.487975618093854 1.265079274775344
3.883950445696988 -5.602609897544241 4.3
10.78627832283888 8.831345704102262 1.290816982671332
6.200849629155542 2.756010614588199 2.903154146213756
19.92557666887582 0.467606197853387 2.593551373383553
-8.993054678487209 7.455388361378965 3.721775111088522
-11.06244615366962 -4.39730191771957 3.7
-12.36686603438767 3.221353654574314 2.895224364107037
-15.96600220024887 3.177904241925832 1.275936627942883
16.74164606060298 -0.2256689388903265 4.3
13.31156657942853 -2.24310058934391 2.860972811846231
4.510189833528271 -5.57785705698888 1.2292257851194
-2.427429807202622 -1.441153536699542 4.3
13.52593202202642 -3.87942328854508 1.182998305231194
11.61756303038123 1.746153957366802 1.999417789237357
-7.513638619879107 -2.435590639769802 4.3
-23.38835766849079 4.410038566260145 3.974441875848628
18.24744931923153 4.41695668808811 1.243365507272252
-0.6653729760770131 -1.697971267007319 1.25140025676883
12.45118222051364 3.559673940399569 1.22936074049001
16.54320266165795 5.341003021041459 1.25710540892673
23.77028857448548 -3.39142690673825 3.827867318229259
5.053073000382297 -2.293256907895056 3.701520482690473
-1.767633532247214 6.806987117487707 2.602945894977655
-13.04156551551614 7.349162521807573 1.200455104326092
-18.60028635164535 8.811443065310279 1.21504148264584
-19.53973143389335 -2.124878634706881 4.32850374843815
-2.049689471175583 2.664576431350994 3.714677838609076
1.468011900607177 -4.029159237113317 2.37143208843931
-2.966935936925186 -0.4941792441328755 1.214846197315862
22.38342450475537 -1.661915853011525 1.239432162148653
8.689983507392187 -3.711486045315301 1.20434639194355
-20.10055336560004 0.3949405667799905 1.178826116280841
-7.701272993076462 -2.128654029213431 2.950761173431245
-16.61883248503645 0.5285369231176171 3.7
-19.54138127512238 -4.22455725749619 1.182115036850164
10.47203524932429 3.303963385987158 4.051323376632372
-18.3511211361253 9.150369483923019 2.705016817076881
23.80965109133411 4.667638615897958 2.69962548977855
8.237174128245327 2.022029085115541 1.176052626996112
11.80093159389532 4.216061029184537 3.7
7.553498187259408 -6.656011012312693 4.316350796739577
-7.529065473939567 -8.823563075004227 3.091262448946987
-8.235977630029872 7.297416028489787 2.671968870996432
-13.08126735119118 7.439889634952905 3.815137851030201
-16.14296983870027 -0.4674302608902943 1.214772187955846
-16.95654737109545 -3.568681123219444 3.788404165269461
-9.509515054908217 7.293646723189957 1.233601836606057
3.416850381394468 1.844479926213851 2.784015656569359
18.80563773603411 -4.458833646457492 3.808436478026241
-0.9160787845449787 -1.284196810173914 2.676948361810267
-18.31989956929229 1.044002739148164 1.157810188759405
-22.21719225651124 -6.633578360639236 1.217366577804587
-21.87102371683165 1.845672934638073 3.33323407980994
11.46788931591166 5.79481763929381 1.174388667237039
3.341553585897606 1.210041150703646 4.034438775510204
19.06264463301418 -1.049087729869178 2.813184084068163
13.94218759975943 2.308800450602033 1.172826569255156
-14.85800436603455 8.829900894249777 2.686791404410314
21.50830233044093 -7.344287327830913 1.230716706751199
-12.44537766176627 5.250597691286203 2.610051511877222
-6.360104563626345 -4.201046824261822 1.177245069491479
0.4247199370850361 1.150276004124924 4.33343851963985
13.05964094256739 -1.710480745239776 1.155877526328991
7.454485318915034 -0.05847302056019399 2.11921675616992
-19.78811546038813 3.199563200143834 3.762344581777068
-10.90378745953699 1.491302896544794 4.048890028954991
-12.31423828806268 1.721704617584162 2.801440691679773
4.575659517893468 6.888900004473911 3.858336958338318
17.56775259589377 -1.032068609781415 4.141359712855532
10.10706055578192 5.334870534942997 1.076054571064739
-22.51234347285214 -0.9828689093010484 3.7767530025127
13.86129924151836 -8.842503980003857 3.591881520120532
17.66813420285578 1.722702720250221 2.198685248540515
2.483923939986544 8.751524873893993 1.210594266385853
11.67806402586232 0.5516874372345596 3.791268706072057
-23.52415315111293 -7.373486891092035 1.184017061106711
10.37064724232933 2.30141580137829 2.655703990418088
10.79412489880924 2.898339130054867 1.153406749120694
19.04908871913767 -0.432393802146613 3.7
10.68015999167792 -3.073243691227152 1.164007737672352
22.52714880729696 4.020023676669984 1.180869770048251
-12.36620388649771 -7.054164670718613 4.051323376632372
23.7584963721078 -8.75331649695261 1.222946940896525
10.5254381503763 -4.692235630998068 2.849731661472998
-6.480905187212572 0.7700062118639934 3.747909839029102
16.16946097634261 6.360282342282487 4.3
2.157247417893263 4.357000537261686 3.7494367285456
4.587834825383795 8.790488239540986 2.527535419887784
1.848384669219625 -6.968739278719833 4.036615458292212
-23.75735441789517 -1.279232399118863 2.507070360887635
-20.979264499909 -0.964279808339079 2.867600266571722
3.39008977480536 -1.755849775724881 2.394831085723822
-20.07053456556348 -1.809456896261162 1.145503096184103
2.18520606636104 -8.835951341651159 1.24589931311773
20.30143883783236 3.335446744732312 3.762777446480882
13.25270532456577 -3.718027265060006 2.898551268106297
-13.0062506445446 8.853400330249594 2.545883545801964
16.1772100778594 6.618563116352504 1.116350803100672
9.078221442076114 -4.022824668529266 3.064729552182325
-3.227740081577108 -0.6662094000368231 4.3
14.86996776373932 -2.993635028589645 2.909901477787459
6.137389280426205 -5.175922547263137 4.036615458292212
-9.682900892093091 -3.553085055063991 1.247861320016221
-16.59312134360523 -2.146872492547796 2.404656023665066
14.41700513246466 6.985741845041667 1.1812328872919
-21.14136153178745 2.259413788987279 2.372958300541514
-18.11654190919739 -7.384682281816066 4.036615458292212
18.46818928662306 8.541494374662163 1.232884430859474
-18.3511211361253 6.456015345942613 4
1.980010417588684 2.433191574078218 3.29854493075953
-8.486760900848523 5.329097108339822 1.182988885199845
-16.84690599524522 -2.817573099121796 1.188929749625372
15.93419554396434 3.571387142971686 2.074192690730662
-15.35693936115247 -8.461434519289439 2.661001103910105
22.31198768152629 8.823431811669803 2.109906450318724
-13.85320398227083 1.728536923117617 4.3
-21.85626539411475 5.54346438558619 1.147323442746901
-4.879828327523442 4.224499065460996 1.205035457166495
-6.814610578893086 -0.6124992111922575 2.522253340421691
6.42910521062417 8.798510344665599 2.292423153005946
-19.31426213799043 9.116596187358947 3.7
-14.92074546080809 7.810285321374295 3.793740360319625
21.8261760080498 -6.5527962756236 4.036615458292212
-16.62417077729773 7.847245387555957 4.034921449253566
-13.82629490363397 -5.59186555035937 4.036615458292212
19.17087579986057 -3.050745729253347 2.446693702584339
-12.35689709889435 -6.916999022459718 1.157102642957065
-12.64962065815165 3.380982072060083 1.245986402383731
17.93743352475121 -2.061982875923638 1.163774562023155
20.35101398666007 1.604117046548668 4
-15.29008400093991 -5.915739596080133 1.179588900478328
-13.42430118148322 0.6855849817206126 1.161631953398924
16.16323500013696 -3.037139736058565 4.321588939533979
-11.23943060885121 4.390866381286512 3.064924503919567
-12.19048818089274 -0.2901182210806461 2.452175541196308
-0.9952374574716758 7.106987117487707 4.3
-11.94660940522767 -8.741216510121788 1.164800260373255
12.15574752230098 -4.877876922164333 3.044318706737604
-5.845804893600446 -8.850228700443701 3.683440114233951
-16.90560838668339 1.418935697746963 1.260660611733561
-22.30469819997701 -8.599553056632834 3.026601313579245
-20.87317373918851 -0.06427980833907944 4.3
-8.073480040924361 4.151522607729557 4.3
-13.4348311190019 5.79528149072943 1.145369552246151
23.02086622632569 7.328481030844184 1.270757613572211
-19.43072430814222 4.616526171236223 2.414200064574715
7.67809296467186 2.101227639672402 2.844331371516557
-0.5921736864889197 6.027344967068075 1.209103857522994
-23.1427600471381 8.831510410428066 3.741663209484011
1.024891054192576 -3.417304294169521 1.204820908654221
-12.46171300522483 0.1014136253964698 3.864357920944785
14.45323137123624 -1.321833480478574 1.2574851517913
-13.99117257842886 2.945218119407026 1.139066146715354
-10.63943060885121 1.494325113229114 2.980470383437075
-6.815020379306284 -2.388794759779562 1.257603514944074
16.6780054928297 -1.880721682117789 1.111719097351605
-22.0370196744273 7.465803053483008 3.399999999999999
-22.37001856484144 4.651009280742837 4.332998890414141
-2.497451665097922 1.191153101686391 2.469253412449568
8.691204621880722 6.717056568232531 3.859502661094445
-8.945518000843759 -5.441451357093092 1.163400039626976
18.9045707841404 -2.646626692219495 3.864560994862729
4.623015326742689 -3.763990445235802 2.454066536604008
-17.64216430941407 4.019554533047475 3.804480687784598
-10.3784768395884 3.221353654574314 2.630372150756308
-20.95995482202988 -2.885259882809796 3.868602442088619
-15.82532914715321 2.490736619172866 4.3
-14.03463649835851 -5.347765873847942 1.251237140799362
-4.246939524911509 1.854068435519213 3.886387867066233
-3.792096932262888 -3.449222049516678 4.048890028954992
5.113305386599853 -7.331894853396159 1.151880841121918
-21.8135502866722 7.526999432897723 4.3
7.869848983998986 -3.796409945274978 3.439046230737193
-8.033217756984184 3.851479557636058 2.648385507534855
23.17680597563218 -5.159632922948714 4
5.344056995026883 0.1835091876263851 4.3
6.050772554375468 -2.319345504476944 2.488073254123963
-14.69185652397025 0.868317593708569 1.109315301171258
-7.639791843540306 -7.782212176073834 2.398235249635123
17.56285388765772 -8.05818248139145 4.022351974942413
1.815657804185914 6.592729155727704 1.111443062082942
21.43525259160373 1.594520606560416 3.7
18.59738659916659 0.3484066582936337 1.172957842332684
-7.046076746541067 8.8624881602799 1.434426733461573
7.930023197765906 -8.808725044492522 1.817844137009282
-16.79056640216124 8.905707254825083 2.611488040711257
-3.558865631180701 8.817032613307831 2.558001211481988
22.24977127644128 3.16508180127658 3.880989092395232
-13.42196260645255 6.854264335694882 2.513887934914676
11.99650994709082 -4.699212636924251 1.120739817462201
10.49787558230829 -4.018027265060006 3.7
-17.40517015286312 -8.903074489134479 1.252517757875032
6.466112709441848 -7.21596762939846 1.178930023891711
-6.090884292247757 4.414170386031011 2.589315675201437
9.479955533328878 3.637296657670547 2.623516850057664
-2.667633532247214 7.819927789518085 2.819104069412682
20.30644796159184 -7.463182609957906 2.636174100426175
-4.781718688919945 -7.189567313016211 2.76268931262837
-19.69300636219654 -5.164859973460905 3.761401990353382
12.87787078051466 8.789812392015989 3.78708844075898
-12.84735037029584 -8.863032399441192 2.560795394863503
-20.980482245105 5.791044114391474 3.4
-15.54231124896383 -0.2767365422908032 4.016982101810626
-12.41956335763953 -1.73122808337226 1.084960155260098
-0.1418415432751126 -1.599498404788395 4.3
-18.34758090190234 -7.198249424799217 1.248163360906206
15.54164606060298 -1.925210533603309 2.644825019391071
0.1268291779079543 -5.396408784736889 2.397074322926899
-6.088424829470052 1.544191873082307 1.214746214573063
12.58769426895027 -7.342212851027512 2.806781445907292
-5.744237618337489 -6.939333062311853 1.127339020526658
11.96083477165166 5.730113389127244 4.3
7.541021965754839 -1.510299813808907 1.161530633025669
-3.774739926912951 5.944339339186254 4.3
22.24689258056894 7.450756055005179 3.82892607033707
-17.53257582995773 7.527531208179134 1.122391947172757
6.133285514695964 1.244479926213851 2.937475802275543
15.69336951219171 1.758715902873325 1.123371285415151
-9.543933254202045 2.905258058218671 4.316095596355643
5.701706516230306 -4.673706717925107 1.152094291730286
-19.64053581342249 3.826330627065001 1.15229833544706
-1.975215408525699 7.569745679328258 1.108846013007894
-2.334300260563825 5.108287929650865 4.051323376632372
-7.039530450860303 8.065963333405435 3.847194138030501
8.745745949257689 -2.059301235083927 2.429672820154038
22.65333658787707 -6.287717724877166 2.561712352190668
-7.513638619879107 -3.533970268156239 2.661603639164868
-11.60134267842895 -4.177027853289906 2.725799461732154
-17.77278889927401 -0.891422315477201 1.162204092192265
-20.61972189458157 -2.107873057903424 2.904343124871908
-6.616916612256998 3.307390738618131 4.034921449253565
17.36795413701152 0.1624836345145486 1.137345464548371
7.459912562860471 -3.574693275007103 1.083392527852275
-0.9353864288721572 -0.2313547034322198 4.316982101810626
9.793491805447653 -8.927362057534067 2.476325502656995
23.83011770847289 -6.784477067895102 1.136302737184269
0.5575398252325152 8.325938040126083 4.326134191181678
13.05603865866577 8.926210798894532 1.270470865469797
6.479654899232703 7.862227825942506 1.207909828397699
-11.05610110169467 3.939596151784343 1.143938036313348
-11.22272684909512 -4.988452583038189 1.119050531337191
22.50960655185298 3.662976827152103 2.369508215371129
7.619152038264112 3.637296657670547 2.961956339461557
-11.32149067139153 6.212203161321293 3.888283740682247
-11.98609854208205 1.170485256001219 1.130688162542086
17.84795519497835 3.799076081919349 3.932163524912333
-11.39593831397407 2.621353654574313 2.637412982549195
-8.155102703121289 0.1152123415376548 1.101442761720163
-5.71633256390829 7.46381610919267 2.81643304313108
17.88830331973396 7.274859846496791 1.139175594093726
-13.85135512889402 0.4302964262229083 2.627564465805627
17.515590659558 -2.323539187179399 2.627579636624984
14.0503331159058 -7.516550295593467 1.175042817789539
23.88319485079588 4.656522237430937 3.914654331394304
-23.90426316183979 2.689636086408592 2.635472003848167
13.41819737061487 -5.721020656491006 2.634499997308482
6.176063608850964 -4.910843996516703 2.958951889000597
-20.41727525856286 -4.041764882846848 2.198626832318573
-22.2765918566608 -2.181083428316901 2.379606729569204
19.38394469246865 -1.571974184778348 1.124650104506026
22.62864113303966 -8.820187826966698 2.571632928827178
21.45590403214789 5.747066426407478 2.372906219615266
-3.8975994015588 1.957602354194019 1.10710549954494
15.86316481939697 -5.831787488773792 2.298669374680486
21.4841310043819 -3.538934288952306 2.544293486989153
-7.98544123380891 2.828576957401412 1.104877329378665
-18.6511211361253 9.240983497343954 4.3
-23.59948495129067 0.9555439816771769 3.927245673857483
3.169242323399891 -2.837930699668401 1.097834145060675
-9.655302711443838 -8.834959778641759 2.499178086344505
20.81521354163266 1.328832240888869 1.188863423244988
6.155393438310965 -6.206882068186832 3.7
-10.12906170431876 -6.540097851768095 1.171406723944809
-12.82230929159855 8.832559375476643 3.839457626262809
-16.10971323515181 4.9328214565479 2.460225615208619
21.84295624288676 -7.590180018611601 3.7
-18.00046910775023 4.093226935996229 1.124846845198301
14.91956855171607 8.855982426137015 2.412408453031054
0.3761857099932108 3.780118554714153 1.102717236436455
-21.66720332162296 1.065992530388911 1.103160744178481
13.38932628187569 1.203156198544852 1.07481889731595
22.69833863301237 1.155093603519472 1.145172520175596
17.79638269179786 -8.47307333204704 1.129401988526134
-11.05646749707 -3.747950890902829 1.101555913849038
-4.972892171243564 7.470603517967836 1.180569543193998
1.213458367535524 1.372596080854402 1.151139589360018
-15.89514444092457 -5.978383015851582 2.730681759461381
-12.48766816755747 -8.812549013002412 3.735941804783167
2.720625063780076 -8.418092142080232 4.3
-16.45819152217735 -0.1907394653979371 2.878064825135621
-8.578787849163064 0.08142124418593066 3.850797418253276
9.080774597187055 -0.4368990487776123 1.112315177683736
3.251290614678759 4.371397594063549 2.462026591942114
8.609161649417063 2.989541460844325 2.688050656999305
-17.39717212194251 8.888825160844725 1.076073196852614
-21.18517324787844 -6.918468097447963 2.864302082880542
-5.592302633977696 -8.871937008135589 2.480209385342813
2.974432963773393 -7.329093407641288 1.102256775058449
5.318105256950086 5.728125294053305 2.534625851021938
9.584401597468821 4.680063607567388 4.3
8.47865032985392 8.796367166576951 1.978177765992642
14.79311773687025 -7.194153187873046 2.46771560899651
18.99010428352312 -4.471901652551881 1.058775396110572
8.971578021475423 8.838116679370881 3.854298501832146
-3.659411104572396 3.308554973279918 2.414393487290475
15.93348565224245 -7.412242867023631 1.137553295627679
7.317936610308305 -1.258149965960974 2.54899862889203
14.11142166895053 -8.920700767987059 2.387148000891628
0.623205641467509 5.099774824684757 2.407603377732797
8.651343763966162 4.033703557506068 1.108127437271547
-21.08832270498534 -1.101600044066095 4.161741989443558
-15.03900426955737 -1.983468415381036 3.921039459270634
-9.705156571551997 5.200739010269324 1.11214402880437
-5.141671342724203 8.870719202985798 2.590161147118739
-3.621281210651388 -5.360276020495992 3.898614313873131
-10.74838407331223 -0.1217982859819889 3.950725249844468
20.72754459890497 -1.184907309484254 2.908108894576092
-11.81875085215302 7.402110796397103 1.100508937649939
-20.64647220989238 -0.7305737750744632 1.065128062758012
-6.618302034046494 -6.867686796803517 2.775902319953405
22.10432620284766 -2.180109126449922 3.841984018816204
10.86140227865788 8.943228980237707 2.496546971296245
3.030460968953006 -3.05402687127731 2.555193751180752
3.883950445696988 -8.342389811334462 4.3
-6.487375296789777 -4.787030105137866 4.003215682902297
8.82286052159307 1.786996121679141 3.317425840933984
9.768086079060698 -7.574994685186426 3.85173975351973
0.1927950504568318 3.700307799177018 2.548975611015604
-12.31848521817621 2.905258058218671 4.316095596355643
15.76343394846606 2.318285498100824 2.457619221086706
0.9060445650612645 -6.96453937002607 1.133271869448999
20.45264393626591 -5.036359623512727 2.312991696659565
-5.174314373958786 -3.921670312234752 1.07680929702518
22.31443323198606 -4.74435641549375 1.175879032960805
-0.5837925879112329 -3.25115497217912 3.804241848379453
11.08012884222391 -8.885335205821127 2.511548961820857
5.5904488668399 -8.883803236369497 3.75206603135696
2.947533702169883 -2.978190190252736 3.911974296816646
-8.529404017778889 -2.778655205276677 1.109537180193365
0.1463061510498757 3.804303681288139 3.918159209348492
22.95333658787708 -7.993063934294018 3.010511056746207
-4.099500087597961 1.907125117185203 2.548981962078506
16.28670076028213 -5.458388824228954 1.062740731454669
-0.3049291603567601 0.3341214356885376 1.070082685842596
-5.195272932767552 7.561824796284175 3.9238425595722
10.09936456334561 4.59501837368649 2.665979309476413
2.493365369431489 -0.5006988550810209 1.102879366174857
10.5312697476569 6.011159649857289 3.886903684249089
7.64954278732121 3.900622039587459 4.3
-16.19682157301801 -8.59414194196285 1.130691041207059
-14.13294770106068 -8.93014055227964 2.372218851502805
-11.9495371581811 -4.274450281182393 4.3
-6.053532070549211 6.048795012104401 4.3
-8.382648811697337 0.1168504860153772 2.553187407014012
-1.324254265231689 -4.953885380389274 1.09370332071102
17.42710614437652 2.126704737627917 1.074809175809367
13.43915684707993 -2.376911960067969 4.066426001634701
16.68482130170728 4.21814872502019 2.78886395245229
-2.365914640655238 -4.591430420697357 2.516274652254415
-12.67120098735264 -1.669346241430455 2.535607754255511
12.47004621136497 -6.45388416669932 3.913041938712144
12.39864684413184 2.405102005487759 2.758328302820312
7.350718407628252 0.9241045337819038 1.05365538496275
-5.264663998149178 3.699034327466564 4.3
-7.917417024832432 -4.795769761794686 1.080428568435089
-17.92039624084371 5.892470210661735 1.04038591202014
13.53132183428055 1.998243513361863 3.898218626742131
-18.87491096084506 -1.586169446887096 1.12529895942131
-15.88828327112431 4.397926997303895 1.152903709572552
-14.04830534851107 -0.1499795684300519 4.3
21.524750350541 7.388311191875038 2.647303000234713
16.36068804664628 -7.070731292340182 3.851103428974092
-14.6253291471532 1.428536923117617 2.668985011067252
16.74164606060298 -1.325210533603309 2.66899632289987
-18.3511211361253 7.88386084584817 2.584257158948755
23.85333658787708 -7.929712063018561 3.7
18.93940300596938 5.772959869542049 3.7
-3.469216712289226 -3.503123982986403 1.110111212016525
20.44347141579913 8.854857763582915 3.915205992552527
3.583950445696988 -5.628787570777207 3.45466472303207
10.46853466618286 -3.118027265060006 2.982913063193431
4.444056995026884 0.9835261569510436 2.618790376837705
14.07717485953532 4.785786770816891 1.059112231336942
19.67945054767269 0.9149866119346353 1.116314475488003
-18.18571008261017 -0.964279808339079 3.4
-19.37896451787352 8.183860845848169 3.4
6.32187553842728 2.578823151094488 4.067612298985781
-16.97943162420941 6.482379759235626 2.867226992525067
21.13755180301992 2.437630389917957 2.291036428650844
-4.778132168741219 -5.144643491284546 2.162008121290695
-17.74410376918691 3.945605689891953 2.555268465030862
13.6237173950639 1.191582161536446 2.553767296631638
7.352223412422554 -0.9780218452808831 3.955040619101227
-4.692633210402382 -1.687434011043081 1.027725431335417
14.20399962131794 -7.655574461633801 3.819191562171591
18.70616904081234 -4.426700231139517 2.57187962355229
20.94251238868714 -3.123529899121386 1.1854087686079
6.74712392971925 7.592057462042991 3.921764867718121
-6.861214835272316 -6.757089274119535 3.96277316923998
10.59642120115543 6.560301133612446 2.589504859206522
20.68429398419323 -0.8182087878668393 1.098323490005487
-11.80104045680224 8.864484892349449 2.432267433295991
-11.06330075141495 -5.026786999612935 4.3
16.44164606060298 -3.036895108596092 3.053960871036597
1.307545374786673 -0.7132810204128344 1.048587642468467
2.218265006054782 8.899803848944405 2.675228828408031
-23.83106856602767 -3.336229066102473 2.559688928239822
-15.83084175945565 1.998633126481729 1.064934929652682
-6.335824290902417 0.7695257047473125 2.54589132765569
-15.24974449807324 -4.092371226393595 2.400766191097917
15.53205346213471 -0.7314457903686682 1.057656141702656
-11.50061570492503 2.273442231495979 1.142354805530009
3.332114613847354 -5.331640245124237 1.167392217826442
23.80271452830939 7.214594330723759 2.393692127415646
7.916722746432581 -5.661411445549223 1.082566491882016
-3.014804996811589 -5.8958139724323 1.05352295938987
24.18466034290503 -5.185771873692367 3.7
5.597202896891446 1.927987285169604 1.061344630546564
11.83082338182239 -8.87280273611662 1.118853775370852
-10.63739517992195 -1.019961501713672 2.569666488161271
19.07480008926664 4.141875479748117 2.486788949808497
10.53277483948228 -2.818027265060007 4.3
-14.93434378762336 -2.81383766791461 2.572043209006891
-18.3202859076996 2.459761070210681 2.363445143055243
20.67345154264831 8.952534347612074 2.580993516589431
16.30790006022677 8.929120293417631 2.554501971442912
14.68618016614023 5.146464185866821 4.316350796739577
-3.81287290776543 -8.941602377825857 3.567822560634651
21.69107112890325 -1.965158828982386 2.404815455940126
-1.412923955464714 2.743081710186492 2.625960534053052
-20.41815877314858 -6.30228503327189 2.174674156921161
16.4806746539754 -4.634116540852567 3.932057857332246
5.815435235278231 7.397144015119256 2.49742537257916
-2.480754028155714 2.697950982116595 1.0521258945717
-2.391370841890728 -7.16477800522059 2.525707848212037
-22.74663791552537 -3.990373007824002 1.06562463746122
9.073959212597527 -5.856981832767041 2.840926082348321
-7.286597151311172 -6.194400791022866 1.126713607732563
19.07022837134753 0.1952784484341556 4.327672250580768
9.846498097870095 3.93156206335557 1.066643595599155
11.86289127954292 7.506443770820562 2.663791991683816
23.07078983206596 -1.068640642398962 3.783613704430178
12.53863587801064 -2.788963892688731 1.107400642356398
16.10474100929268 -8.884848303671212 3.785234180554867
-16.57279662077733 1.462975698627821 4.034438775510204
-19.2112276854552 -1.994973264612946 3.399999999999999
14.08309465439392 -5.543869373083517 3.916885946309424
9.322148234724621 -0.5841582894818651 2.52521634381603
-8.007305481397891 -1.021675415701847 3.958917327408352
-2.043759869000935 -8.924389027052559 2.493672449400048
-0.8408882032581712 -4.917540241866546 3.828541453665977
-22.19242759660513 2.880162336844632 3.88309438939956
-10.9315268227021 -2.28335920001858 2.361273867695689
14.54622815901588 3.923093549804334 3.7
-19.37331368168695 6.623002637672462 2.990448036606321
-13.02626591771002 -4.630184077673268 1.042559787927536
23.97103835439615 0.522506820768662 2.504809482364108
5.63573530258148 4.300032804258315 2.640973850862623
0.7938513759293044 -3.379362194129023 3.934900280768341
-17.78491655903211 -8.903981794382833 2.388493304408912
19.49090743733018 -7.014309934937666 4.3
3.811380832944928 1.234224426742304 1.125787695147989
-23.99024661895919 -2.628863600681571 3.956256824432995
15.24994917816677 -4.342909848702783 2.663434255570201
-18.77773028244825 -0.05902370263619527 1.101272197858673
-22.54475285549718 8.876767500249816 2.458518300663252
-3.178751470663497 8.8967062107887 1.076468697468103
-8.769839892259105 -7.496001765944642 3.901964653873518
18.20175260993287 6.62293012058394 2.497684985510793
4.844901458952695 8.888527225069206 3.683956761065603
-15.21289238505951 8.966265161701758 3.817121070804445
9.109420458401839 -2.263324684063862 3.916561653883732
-8.097543023523462 -5.191451300157627 4.316095596355643
16.16003037404307 2.852102090974103 1.019155935380208
-13.03368440273101 4.223004333369103 2.74505246654276
3.708925037092848 5.958219051212115 2.865889575431554
20.46388491708839 4.278781540521233 2.679522956023447
16.91717831084839 5.644145122074747 4.336652421719081
-19.74609215047072 3.248387622032553 2.508147228556354
-0.8123951751865713 0.904910128493543 3.7
14.90380101201956 -0.4233518311514691 3.7
-8.413638619879105 -5.148035703313949 3.4
10.86678763948836 7.660292670757046 3.898233608559995
-10.29409890683711 8.844525120291097 2.440301871690846
23.83924290450145 2.939863901681522 2.68489681694898
-22.34865211326676 7.668063054774074 1.067043236474607
-8.650473061877527 -8.912115627850387 3.902557822497025
-0.8659216922260766 -8.907092458526314 2.411708153231439
4.260669510879612 -8.927882643670237 1.068939927877994
-20.22865750365008 5.730103495620419 1.078417896046658
1.77079454973115 -0.548336805242846 3.4
1.372221925271708 -2.290204213061955 1.059784660492251
-6.726657887440293 -0.1507874574884558 1.143322635106973
11.67829979367167 0.5050671735439529 2.604181499232003
15.1122650852844 -2.979030559185072 4.3
-15.30446325939532 -2.677789121618298 1.07833836320626
-15.26042955368368 6.459954092310408 3.841906211556526
-17.29291956156294 -6.435855567194984 1.037283579516348
22.8097013955366 -5.823769828610649 1.186321697337045
-11.02730065734058 -0.9379229475373969 1.059321398267897
12.38912131468206 8.838071150824323 2.615057739185703
-16.917593901532 -3.509169787988677 2.499915195997535
10.80386161166915 -4.757171135334525 4.3
7.705376629895501 -2.42011368901959 3.859838240204834
-6.518241444679857 5.055574445160826 1.091857118244393
-20.67075594485816 -8.968688496429973 3.785701642624193
-23.94659894261904 0.5271529943421268 1.051406121560881
10.48510427590087 0.5782701268864564 2.488248864175433
-10.11988411697955 2.041347744627188 1.034725068108717
-12.0995371581811 -4.329469662723699 3.4
-20.97455533740909 0.4540293155579082 3.012267719441729
-13.53749938977095 5.935992397960703 3.980197206696346
-23.95261933265498 -4.713734043586162 2.76396297944938
-8.713638619879106 -4.133970268156239 2.703282014928212
23.38874262772848 2.095418992472267 1.041796673581593
17.83875411245076 3.020179877895843 2.507356578729585
1.273756489372152 -8.089015111478435 1.14073564539555
-16.16196630872799 -6.063215848294405 4.3
-9.630596619911618 3.221353654574314 3.399999999999999
-18.18285864296471 5.085194105386242 3.859663961475825
10.91215058729922 -4.231825942822015 1.163716693599518
14.08924069102353 -4.751589445341157 2.70489730142783
23.99157057265023 -1.615591689854643 2.465402481858302
1.324863248397623 -4.548201850927523 1.009457526419862
14.79338944851225 -1.641306129958952 4.316095596355643
-10.06903379305382 5.624905875228614 2.630229974601352
20.2742155916323 -8.980534456333862 3.7
3.350687523104207 -4.162845629728072 3.869862382478766
20.30360554941409 -7.780534456333862 4.3
-14.66268136885175 2.484727251629057 4.3
20.12754459890497 1.571730316930102 3.095910437307271
1.369609471371105 6.956790110953003 4.3
-0.7937332689774854 -6.928266674946597 2.282618863713876
-12.40396323003834 5.226577414243704 1.17685489628798
-9.630115718297017 -6.497547260058072 3.974943985631503
-15.20834704534258 2.480825040348094 3.683017898189374
0.4871814822021164 8.949588210159977 2.752769696420603
12.62617991790581 5.986758174179436 1.090918524299728
-14.9253291471532 -0.2387278811268965 3.015163160083884
19.423878093472 -6.683362891654665 1.048369190977989
-18.45021683685493 0.6046724192825998 2.746212751428354
18.76809697929491 -5.626034080351157 3.956787512759359
-23.69205883679134 7.057084191926317 2.781614259318168
6.74746167046393 -5.539107131972221 1.098487808882747
13.57218904659979 8.85673947738921 2.534469844369679
-22.37753396128981 0.1848166682184432 2.720327448232428
8.184553663197288 7.119988721586927 2.636654533511159
-12.29208346797123 3.930739970875828 4.3
17.31195259753178 -2.904575094438401 4.299999999999999
2.578815759158418 5.703063616070778 1.036952955397218
16.22907656885045 -2.962075919972367 1.019390171676063
20.35101398666007 -1.194507526600774 4
-11.92097107428485 7.515836047105942 3.98887971604067
2.720625063780076 -5.656806107459468 4.3
-22.0370196744273 4.798329582465645 3.399999999999999
1.800429417910405 -0.7751264507136955 4.3
-14.99830203275718 7.455451298744159 1.07392717394109
9.00684550764673 -7.46211728652007 2.965945395673353
-23.95180353234197 -7.94721518578322 2.496118413672702
-16.94609650200194 6.593359096743455 4.3
17.82553477525045 5.490862707272659 1.033063303862209
-23.99523281152812 8.892147907629928 2.877728208233344
-7.432669421260933 -3.72828713092298 1.085427006990362
-23.39377517568035 4.1903552162286 1.033709863692869
11.47253933234669 -7.726801114065676 1.103679042847712
-18.98775829770009 0.6837955691502419 4.3
0.4599843049894076 2.645493649055162 3.863983611615528
0.3267066970067615 5.85037974613984 3.33302914002348
-15.33786440240835 -7.735954527809209 3.983649203260422
8.368794343983451 7.838968403286029 3.951931634796924
-3.769115656075431 0.7857634825278583 3.921358615272109
-23.94013457066326 1.385863031383496 2.410540943068749
11.29242214038407 -2.073870389047019 4.3
-3.849329021111088 -0.6988192393279069 3.678411060466021
15.59393917098094 -0.282102474061363 4.3
6.903438235220465 5.700504561047016 3.994652230862528
-10.66630416480317 7.199290566613197 1.083635144906637
-15.61589205603513 4.107860605301508 3.940174278058824
1.276534709337088 8.711461639369521 1.041778510720694
8.532886964928187 -6.654860860037492 1.02310912344387
16.12466395879235 -0.2861003256660118 3.683017898189374
13.05093402912059 -0.3275648395825739 2.319334069067719
-21.24619291158854 -2.353959082357955 1.165964517788608
14.61397403986448 4.830113389127244 3.4
20.62343722241035 3.958888342069489 1.066532950572539
-7.975538196290163 1.559496773138616 2.330360457947906
-12.0995371581811 -7.005443807502924 3.057793539185087
-13.42778020976327 -7.418402136010209 1.029474128842128
-6.675756668884627 -0.8835744873482161 3.950390101439202
2.474176455541044 -6.27923721789593 1.013927400068076
0.5390831774648772 6.296443879543144 1.123478857551528
-1.069714647708516 8.990709892218215 2.710895671870112
14.83677280532769 -1.325210533603309 3.4
-19.45611577378263 -4.738499287464257 2.703428543565706
-7.896805105965276 5.867710179882374 4.3
6.687868553515827 -2.300674837730765 1.101263734321494
17.69673707274096 -5.47330153452572 1.088639754320216
9.533345232156183 -2.929416831638738 1.023301539175308
-8.674592389141914 -2.488442091271275 4.3
-20.01319561548435 -0.3642798083390791 2.597985460013719
-1.698839888175224 5.698869450104843 1.060665038871778
11.85990045842255 2.162680225738035 3.996941639017796
-19.83591733498707 2.015931415135762 3.932424363321482
14.83261874238124 7.700685708123403 3.946506215563332
-20.25131324849879 -6.65533026039596 1.05125539224647
-8.567502152105279 -7.643983153873441 1.024706577364097
22.49515286082188 8.915648754706135 3.276421025796102
7.595620838258482 5.879044904876484 2.617399357164692
19.28992382213865 2.373062506171887 2.28122245526028
23.18418601112437 -7.750535105489653 1.092527380718777
9.574277092320155 8.900963343110869 2.584172326060422
-18.36487943360713 -2.859329289587595 2.254183113400546
-9.495006929141461 -0.8058719970866276 2.436820883965892
14.17283163623943 7.794851203911509 2.612502349613476
17.64360645078113 3.267484211061986 1.08627346177653
21.71183207217137 -6.201882728034181 1.188541838431433
-4.388693850839916 -0.6937773111471389 4.3
7.007201205697531 -3.868013885748871 4.3
-23.1484364039508 -6.475481025754512 3.941900011755041
7.837910342827303 -0.391631062182791 1.075703585828443
12.97696441381827 -7.537404658862084 3.903758921694433
-10.36233045726319 -0.2525151222181529 1.718514911482344
5.044056995026883 0.148673013809004 3.116044710253759
23.97627567454655 -5.25073661952518 2.698982365885066
-5.217957397544654 -1.741153536699543 3.073746383606509
-0.2405706983919043 -6.811267258744 1.010424376176275
4.389524717668202 4.552722334354617 3.879848703833122
-6.552838745089139 1.904044912331231 3.979453002623357
-10.79161165389017 -3.197628379894366 3.320920935744668
4.666095355486892 -7.303660727973399 3.082318270049665
-19.38629273220166 8.431567735470207 4.3
2.286246699331871 5.493911165641189 3.92840254444892
-13.76761449972452 -2.594622589814635 2.425305666277447
0.5037624369999835 -9.002316611024508 1.562776180151067
20.17473202844282 -4.516342818065114 0.9996958353901381
-23.96105140741915 8.854485975072707 1.350792994029056
4.183103225764077 0.204374433499569 4.3
-18.05728421202623 -4.391619797815293 2.434073599339503
4.723945427746342 -4.088427604438742 3.958457495921495
-22.53501334741226 -6.703702503463035 2.401938050832123
-11.85445528418956 1.540670773072216 4.3
4.183103225764077 2.884199379956427 4.3
16.29242012787114 1.092928288466221 3.948388523014709
0.154065646269724 -0.7748598235331491 0.9968229237981824
-19.55219668861631 -6.453685277165421 4.004102343507583
-17.2854356964831 -6.119279324437875 4.3
1.719670079530808 3.024424369017463 2.340037051456165
19.50578512354118 -1.20966425516656 4.3
-6.788303006121471 -3.861642518737008 4.327672250580768
1.430720063377227 1.10541654022033 4.3
4.727706198287306 2.880325404597493 3.683649203260422
16.28015250574698 4.106889905465781 3.986800482940706
2.104845340580788 4.410401991830532 2.596857145729468
-3.539060758875994 -1.71409610748751 0.9826186329731444
21.74145043526024 8.94913882936698 1.071076323910781
0.7581584567248872 1.036174004166829 3.4
-5.203845878701263 0.9489688761254327 2.407224327744764
15.44321853809712 7.516739563718446 1.068708259447447
12.96879098555657 -8.977035647468188 2.412820992012675
-16.37126655427014 -0.1095591862401593 4.3
-5.996441608629251 3.987793259075461 1.035439453869485
19.26743804957508 -7.08201266064497 3.399999999999999
18.89800080699932 -8.866198551916334 1.158356198506452
-5.319253427800391 4.730521182770588 4.316350796739577
-14.91354637707199 -7.510585921368245 1.085598500311529
-20.60263856735773 -4.623322838339726 0.9744159734876618
9.626289329901006 7.383107360671598 2.421354471656068
-15.07947288688213 -3.133362028867739 3.863533455451265
-4.689641300442357 -7.390542194864254 3.893140866266048
13.46964151809192 0.8485377203590644 3.875399826817264
-5.357566243511602 2.741736508505102 1.106340294292922
-3.244754404105017 -6.279094397655684 2.389748279954981
-10.69101436668716 -1.267403757317155 3.857122433282898
-22.81737833312599 1.074171465022645 1.140285364985057
-15.83328108705893 -7.119603731069632 2.602074946811098
-12.9995371581811 -4.353744165796974 4.3
9.708235187787865 5.687331245083567 2.315262709551982
10.07010589244425 7.541014198260018 1.000445996404503
-16.89384895425809 -1.622887597949562 1.038160620682607
1.367618651678989 -4.487090881182818 4.029980332100134
-5.321082383020824 -5.9643330878323 3.958297618374698
7.968035481521835 4.952462991899235 1.003384990019398
10.24160487115117 -5.74354147847274 4.008987463651384
4.444056995026884 2.14447992621385 2.714845483593899
16.95411870322786 0.9118366852466775 2.626721366405709
12.1771391149321 1.37139451681782 1.068931843029815
20.59771377125771 8.965130089478867 0.9905246040797746
17.71353711954299 2.585322307577837 3.860698174066443
-14.41258121729928 4.140446546572662 3.919695355503747
4.15377150272972 2.715983112408195 1.010240554043024
-5.43441280512494 -9.050286289662196 1.251190998907186
8.213896216424297 0.835852930480332 2.655378893428503
-21.11999320190277 -6.822571247231824 4.008899590421413
-19.16656082576652 6.628791762533501 4.3
-16.41497142450767 -7.160805317956184 1.166736370469359
20.24935127702357 4.47453473996945 3.875054730679492
23.99513979850074 6.766843874560392 1.066964323525414
-7.492154097120549 -5.204716536802803 2.725063842324774
-16.63359583383858 -1.800244877863659 3.996056913029165
-22.52434902445566 -8.836708623976094 1.082993156839814
-21.96152108460968 -7.790934181012718 1.129419689108806
22.62373361866783 -3.632621683838152 1.01995079361056
-9.33669568462431 5.380580677447615 3.880883537739022
-8.179502154384597 2.162608678251226 3.953116903719908
-3.527740081577109 -3.447447834046158 3.197546204164887
2.034975855595158 2.157893911315249 1.023107764196024
11.84029406013019 -0.5759113175615692 3.879185643062958
-19.44887206971277 -8.994594297579059 1.21901903182214
13.47249556242828 6.431285812839609 3.356000623915212
-7.536906530175358 6.677834267983029 1.053269397756542
7.750403738755482 2.737296657670547 4.3
13.61585407163087 3.853006982916513 3.4
0.4999870634278767 -1.517135549885359 3.871946903501092
4.91314453058368 -2.324482377898963 2.569982574318612
17.32057813080637 -5.040104393906928 2.453028815297697
-2.12620469893759 1.218118223486615 3.961360355511564
19.34649402090416 2.425601953346272 1.06042651301211
-2.667633532247214 5.228850955521643 3.4
19.97399774321371 7.54953233472588 3.997224598626341
16.70386672766718 8.877154436420007 1.053134610064097
14.66404741426258 2.023311556408669 2.488152730080725
-17.2854356964831 -8.754624165229719 4.3
-6.91794592465152 -2.72581215740606 2.763401485970634
-7.993033624775402 -6.634366447565759 3.972165491800832
-14.08530266676081 1.822442223937278 0.9767124495117661
-12.10782002742523 -5.694823881100831 1.003129827877505
-16.3854356964831 -6.132126199691429 3.399999999999999
8.862574024993123 -4.910843996516703 3.507142857142857
-17.91565372015948 1.958869660789483 3.987630666977391
19.60610958757165 -0.4562165595116713 1.125775616068091
-6.747035969984372 -3.533970268156239 3.091744698484362
-23.23642863004109 -8.972542327608016 2.419234610473464
-13.93310709045865 1.428536923117617 3.507142857142857
12.30231187770652 3.81527410610717 4.3
-12.9995371581811 -6.903076073947208 3.7
-19.4743861977564 4.948883770408512 4.002838212725534
7.008895214736178 -4.910843996516703 2.675516153084645
-22.88825833184085 -5.330063853514951 2.297101398358795
-21.01247246477183 5.528396336090021 4.3
-11.07554905678743 -5.326786999612936 3.439046230737193
7.869848983998986 -6.486244176561827 3.4
-2.967633532247214 6.206987117487707 2.723951574025484
-12.54824073689829 -2.90544877702964 4.011133700343152
17.33495763047031 -3.802769833485554 2.356081379395623
-11.23943060885121 1.639046673159645 3.4
10.40877331910557 3.037296657670546 3.131025268394134
6.039455471082284 -2.764255659042195 4.006163240234115
-16.27110605941527 8.990376535234169 1.003717609632332
-15.17691872611864 -4.986935245187044 3.271163561012686
23.95024870735484 3.840382126142458 0.9843109146009497
9.356111917042881 2.134243793132502 1.02975470856701
11.34000658000641 -6.383634205508311 4.015661479227741
2.137525542442866 -5.642306570883253 3.03797499678717
17.5417090916965 -3.64269322194826 0.9892252546229953
0.748440969821895 -9.001394513709602 3.579535110704241
-21.05438209992368 -4.966443576065091 2.431098033826939
-21.13052379319765 8.774492196386243 3.898405593627984
19.79810538040974 -5.890896215869523 2.664710728877401
2.01099003254739 -7.603660727973399 3.7
-15.06644967609109 -0.1938745921829134 0.9968392422255774
-8.408923031392087 7.476752332335295 1.028680235866757
-10.84572885612947 8.9931025891715 0.9962876917001565
17.30164362763259 -0.9510285596428349 0.9499594494270489
-21.25906915180908 2.400590150835223 1.061389800498121
-15.78958667736656 -3.693335605694815 0.9681997190218027
-17.95753556362719 -8.019603731069632 3.7
-8.413638619879105 -2.561877079190498 3.4
24.01444845203343 -0.4930960627212588 3.937387021827626
-19.52620392058778 7.335788785292876 0.9968049930141796
12.95135198834546 4.766735648345155 0.9581610053919587
6.789513507780359 4.572512417686333 2.807058360286571
9.983474371725976 1.997113416911998 4.3
-7.037147682035509 0.922303846494722 0.9736861031288662
-2.287822410800713 3.74417645574232 3.94703359273633
-13.6708121412427 -6.226786999612935 3.7
-23.06714800789688 -7.598067500668515 3.991955394625594
-11.55574611557674 -5.326786999612936 2.61757880196319
-14.04372048944952 -1.032659897328072 2.368582177462407
-4.34582478913755 9.007915511747902 3.993320163498173
-22.91483848243917 5.97537366013441 1.120781951002276
-14.63583654181702 5.887592263083336 0.9386199061981502
22.77535970701543 -0.658704400432323 2.207448106023073
-22.54081771587279 -3.262659540256672 2.560897195722446
17.79055180359082 1.106640695542382 3.985395004056144
-1.082490413204146 6.806987117487707 3.507142857142857
-1.744114663660014 -5.642140717112288 2.802608491763393
-5.439440652226288 3.413252489126863 3.040423301917037
-2.543196868400077 -1.741153536699543 3.507142857142857
4.811430472126987 -1.209614715521753 3.891516124787673
13.12424651704676 -3.118027265060006 3.4
11.55574752230098 -2.145944138460025 3.4
24.01247377226332 8.343142621358632 2.542126014081811
-16.78886692831537 -4.670332666126642 3.947284547563308
21.8652197233259 -6.287717724877166 3.187415973304944
21.69511531053823 -0.132393802146613 3.4
-19.2112276854552 0.6138239577664497 3.399999999999999
-8.634540635354703 8.985014096561585 0.9960061154412618
-6.95353207054921 3.446498230184077 3.4
-3.172879273372635 -9.016763139327779 2.494594004752449
5.979161181980272 5.772207578085014 0.992262067530881
4.469096479199183 -5.835809644745146 3.7
-23.99839885176044 -5.80529229490947 2.531079659485668
21.54999613482787 4.276530357618926 2.326327663340605
-2.559375522631673 1.578920253577412 1.119382436959466
12.10699492640272 7.401103072903735 1.070706850696526
6.363091500161828 8.9767018466052 1.187919204416496
-17.7511211361253 6.606871127267262 3.399999999999999
-13.32608424949416 2.19287750448007 2.674416416853855
-16.33773675251685 7.507239087734489 0.9491639067383243
8.985586052187314 0.568317153523523 3.87928183116299
-1.160327531063891 5.206340208441692 3.040009972741867
7.514661757166047 8.998815174733576 2.53036731914199
-10.29223667220744 6.72376726490771 2.630858907189848
11.17357891033205 1.860381103372372 0.963795624863395
-0.2080459150551945 -4.999981320782259 1.00085574069144
10.07858261711678 -6.162031001410003 1.022998225346661
6.305200961447946 -5.510843996516702 3.4
-23.67240847399052 6.107394911131052 4.316350796739577
17.30175260993287 5.609424150307935 3.399999999999999
16.32223057659271 7.977825966229783 2.837400963325735
-0.9433147757193679 2.156015251264555 3.92440982467411
9.329955533328878 4.609393545390537 3.4
9.970786657026897 -6.626338393918542 2.244544457760256
21.99517017210769 7.819196330701936 1.08258812848441
14.96256251261009 0.5642705223931102 2.41758505801051
20.64945214371417 -6.525307418436696 1.014009266274974
14.45202573938119 6.338221630326113 3.7
-16.40410795935954 3.317278538826521 2.417921521525832
6.623863464681461 6.592798797152346 2.303129090545943
-5.087435465271984 8.903689588063024 1.083169589800415
-18.10592832251819 -6.876610276781506 2.983091515067117
-3.629904135302242 6.206987117487707 3.4
-22.9370196744273 5.791044114391474 2.727859874203443
2.799410759230067 2.821180584333758 2.140506649946916
6.003158788217467 1.844479926213851 3.4
20.46830842375629 -3.932663377734284 2.787797645219734
10.34785952459659 -0.9480990085337351 3.963817610875816
-21.18631422083912 -3.449964156321898 0.9642841516326852
-20.7387088720107 3.717023514230979 4.044117888379896
-9.083695670208316 8.52526236524829 4.032094452387358
5.137856633370767 7.853867290773697 4.031737075352778
11.55574752230098 -4.678520995454915 3.4
-16.6008010998741 1.428536923117617 3.17391521408268
-2.790083546206807 6.806754870895154 1.01519260121323
-7.895640936680087 7.350530594165185 3.901919343092521
11.51768912025651 -2.344216698003267 1.072134850849127
-22.50036566097901 -2.094846834001167 3.935679310146323
18.63470139848659 6.450805416339312 1.068689274142464
22.95530766260748 6.604310991145052 2.804817864496641
1.717064992388218 0.3516631947571539 4.3
-5.00347366757122 -6.11152264503976 1.063330518751744
24.05055549541171 -4.250513325264838 2.124538309588349
18.51903946918758 5.093483837124042 2.635540104346709
-5.394869738010171 4.114170386031011 3.7
-20.9380438291157 6.888649960485568 2.858025888185036
18.12522199768798 5.619956195644985 4.3
-18.25930014656186 -5.888003008282301 1.002098613185572
16.60828430571419 -6.529221319111749 0.9997766268848
22.59460255544951 1.452091088996191 2.624809206771708
-13.76920879756088 -5.326786999612936 3.165687500511004
-10.08092055388899 7.501057272537748 3.946575492384164
-16.79316901947014 8.183860845848169 3.4
-6.863329803462685 -8.463384331790206 3.904149561582959
24.0549062529091 5.684522342474468 1.153508332170451
-7.910887609088395 4.414170386031011 3.4
16.81175140501364 7.528113592383271 0.9782924011858345
20.72179655478267 -4.710886566833089 4.056741565669524
-22.68606022563018 1.420396370871674 2.236127299304867
6.031428514327544 -8.900465069714894 2.146033743331435
6.824652511499139 -7.636735266074363 2.343605012017367
6.771010208926444 -4.437098397779875 0.9799364336949968
-1.90723360702305 3.286360831870962 1.79594542447504
2.502349748421635 7.659130675298255 0.9914102982328422
6.5852048614754 8.937645916450732 4.007848794608385
-23.90561784157609 2.182053619416182 3.905480486191115
-21.79990617554459 -8.963243921786187 3.991004243639838
-21.70305681896604 -7.845116102203658 4.011533719313519
21.15622775647635 6.06521315798636 1.070702607501881
-2.243943690702779 -3.751934246920307 0.9744202819151255
-10.63943060885121 4.175931750453529 3.4
-18.16694795646765 -5.027055092299532 3.944450839896679
-17.58401815164596 4.962937326373218 1.667488384140424
22.47462744615939 -0.5636075118452658 1.14746001469112
8.697245416859428 -9.024844335956589 2.584395188456061
5.658630045916269 -3.971597191393092 2.12681264572421
17.66383436952726 -8.080534456333863 3.019321287150948
3.982204387320708 -0.9017166502718169 2.772113942358347
16.34774254820609 6.62293012058394 3.4
-22.8604890621824 4.831158662512142 3.7
19.9730758506556 5.554326100352929 4.024321241096836
-18.47185264050611 -4.062806085805523 0.9554179871633025
2.683950445696989 -7.303660727973399 2.753690639391501
9.76075518725872 -9.031514925441282 1.025204266920503
-24.00673693055274 -4.862790990272808 3.905481339631522
-2.658900367516834 -0.879475362904408 3.7
1.665978685343314 -1.367448311453217 3.7
12.05233149427438 4.830113389127244 3.4
10.45164470993135 -0.6498439991744408 2.740554949119355
-16.85756345471438 -3.960421558598633 1.057007701139751
-19.55391274016601 1.32700642207571 0.9514889282061518
-6.684411365891183 -9.016845792262211 2.406962538385639
2.405313834472827 3.081589464641705 4.084088780549713
-6.35353207054921 6.014415815961941 3.437352221698546
14.82446626129888 2.669741901848737 3.945119373842196
-24.0418139093011 -0.2367362305091519 2.299565318224549
-16.26911051437924 5.568923309314773 4.095834219025077
-1.843390737979345 -5.953418903099072 4.01440071121606
-9.855528651296085 4.083807912101598 2.763002192690345
-21.35704514636132 -3.908680801547979 3.978637811818766
3.284574694919211 -1.746121560344207 0.9891011239444407
-9.336715736203875 -2.552847814097513 3.077778426958184
-9.525123564948734 2.368018645833782 2.86083450141334
20.24020880798583 5.587299993344078 2.357857170657773
-20.54884735123088 -2.009450532975058 4.3
9.009159982208958 6.919634275956454 0.9187143705301091
3.475676328086263 1.84447992621385 4.551842982090795
19.7334496918841 -2.12385776302342 2.648341325961698
12.94392705971001 -4.648842293840432 4.3
19.89820622242605 -8.421505499934018 0.9552827363749919
14.32512038145553 3.388562229169779 1.047564542416344
-15.90106114097152 2.537534329208087 2.857394593697725
-13.72421138389967 -1.340664588311675 3.947118821603489
19.06508510710632 0.4676061978533871 3.169903024279404
-9.737202180450115 0.7021759086725173 2.427771440192626
-14.49719931754313 4.796533432364276 0.9905376832049811
-12.19032927509372 3.521353654574313 3.7
-9.194031055069489 -5.010091240006114 2.776385926469798
-18.602659311804 3.092146953286596 0.9911408749724231
-7.467031131978361 3.347941970128076 4.3
23.85333658787708 -6.287717724877166 2.739931990269301

CELLS 32638 153456
1 0
1 1
1 2
1 3
1 4
1 5
1 6
1 7
1 8
1 9
1 10
1 11
1 12
1 13
1 14
1 15
1 16
1 17
1 18
1 19
1 20
1 21
1 22
1 23
1 24
1 25
1 26
1 27
1 28
1 29
1 30
1 31
1 32
1 33
1 34
1 35
1 36
1 37
1 38
1 39
1 40
1 41
1 42
1 43
1 44
1 45
1 46
1 47
1 48
1 49
1 50
1 51
1 52
1 53
1 54
1 55
1 56
1 57
1 58
1 59
1 60
1 61
1 62
1 63
1 64
1 65
1 66
1 67
1 68
1 69
1 70
1 71
1 72
1 73
1 74
1 75
1 76
1 77
1 78
1 79
1 80
1 81
1 82
1 83
1 84
1 85
1 86
1 87
1 88
1 89
1 90
1 91
1 92
1 93
1 94
1 95
1 96
1 97
1 98
1 99
1 100
1 101
1 102
1 103
1 104
1 105
1 106
1 107
1 108
1 109
1 110
1 111
1 112
1 113
1 114
1 115
1 116
1 117
1 118
1 119
1 120
1 121
1 122
1 123
1 124
1 125
1 126
1 127
1 128
1 129
1 130
1 131
1 132
1 133
1 134
1 135
1 136
1 137
1 138
1 139
1 140
1 141
1 142
1 143
1 144
1 145
1 146
1 147
1 148
1 149
1 150
1 151
1 152
1 153
1 154
1 155
1 156
1 157
1 158
1 159
1 160
1 161
1 162
1 163
1 164
1 165
1 166
1 167
1 168
1 169
1 170
1 171
1 172
1 173
1 174
1 175
1 176
1 177
1 178
1 179
1 180
1 181
1 182
1 183
1 184
1 185
1 186
1 187
1 188
1 189
1 190
1 191
1 192
1 193
1 194
1 195
1 196
1 197
1 198
1 199
2 0 200
2 200 201
2 201 202
2 202 203
2 203 1
2 2 204
2 204 205
2 205 206
2 206 207
2 207 3
2 0 208
2 208 209
2 209 210
2 210 211
2 211 212
2 212 213
2 213 214
2 214 215
2 215 216
2 216 217
2 217 218
2 218 219
2 219 220
2 220 221
2 221 222
2 222 223
2 223 224
2 224 225
2 225 226
2 226 227
2 227 228
2 228 229
2 229 230
2 230 231
2 231 232
2 232 233
2 233 234
2 234 235
2 235 236
2 236 237
2 237 238
2 238 239
2 239 240
2 240 241
2 241 242
2 242 243
2 243 244
2 244 245
2 245 246
2 246 247
2 247 248
2 248 249
2 249 250
2 250 251
2 251 252
2 252 2
2 1 253
2 253 254
2 254 255
2 255 256
2 256 257
2 257 258
2 258 259
2 259 260
2 260 261
2 261 262
2 262 263
2 263 264
2 264 265
2 265 266
2 266 267
2 267 268
2 268 269
2 269 270
2 270 271
2 271 272
2 272 273
2 273 274
2 274 275
2 275 276
2 276 277
2 277 278
2 278 279
2 279 280
2 280 281
2 281 282
2 282 283
2 283 284
2 284 285
2 285 286
2 286 287
2 287 288
2 288 289
2 289 290
2 290 291
2 291 292
2 292 293
2 293 294
2 294 295
2 295 296
2 296 297
2 297 3
2 4 298
2 298 299
2 299 300
2 300 301
2 301 5
2 4 302
2 302 303
2 303 304
2 304 305
2 305 306
2 306 307
2 307 308
2 308 309
2 309 310
2 310 311
2 311 312
2 312 313
2 313 314
2 314 315
2 315 316
2 316 317
2 317 318
2 318 319
2 319 0
2 5 320
2 320 321
2 321 322
2 322 323
2 323 324
2 324 325
2 325 326
2 326 327
2 327 328
2 328 329
2 329 330
2 330 331
2 331 332
2 332 333
2 333 334
2 334 335
2 335 336
2 336 337
2 337 1
2 6 338
2 338 339
2 339 340
2 340 341
2 341 7
2 2 342
2 342 343
2 343 344
2 344 345
2 345 346
2 346 347
2 347 348
2 348 349
2 349 350
2 350 351
2 351 352
2 352 353
2 353 354
2 354 355
2 355 356
2 356 357
2 357 358
2 358 359
2 359 6
2 3 360
2 360 361
2 361 362
2 362 363
2 363 364
2 364 365
2 365 366
2 366 367
2 367 368
2 368 369
2 369 370
2 370 371
2 371 372
2 372 373
2 373 374
2 374 375
2 375 376
2 376 377
2 377 7
2 6 378
2 378 379
2 379 380
2 380 381
2 381 382
2 382 383
2 383 384
2 384 385
2 385 386
2 386 387
2 387 388
2 388 389
2 389 390
2 390 391
2 391 392
2 392 393
2 393 394
2 394 395
2 395 396
2 396 397
2 397 398
2 398 399
2 399 400
2 400 401
2 401 402
2 402 403
2 403 404
2 404 405
2 405 406
2 406 407
2 407 408
2 408 409
2 409 410
2 410 411
2 411 412
2 412 413
2 413 414
2 414 415
2 415 416
2 416 417
2 417 418
2 418 419
2 419 420
2 420 421
2 421 422
2 422 4
2 7 423
2 423 424
2 424 425
2 425 426
2 426 427
2 427 428
2 428 429
2 429 430
2 430 431
2 431 432
2 432 433
2 433 434
2 434 435
2 435 436
2 436 437
2 437 438
2 438 439
2 439 440
2 440 441
2 441 442
2 442 443
2 443 444
2 444 445
2 445 446
2 446 447
2 447 448
2 448 449
2 449 450
2 450 451
2 451 452
2 452 453
2 453 454
2 454 455
2 455 456
2 456 457
2 457 458
2 458 459
2 459 460
2 460 461
2 461 462
2 462 463
2 463 464
2 464 465
2 465 466
2 466 467
2 467 5
2 9 468
2 468 8
2 8 469
2 469 10
2 11 470
2 470 10
2 9 471
2 471 11
2 9 472
2 472 12
2 12 473
2 473 13
2 8 474
2 474 13
2 10 475
2 475 14
2 13 476
2 476 14
2 11 477
2 477 15
2 15 478
2 478 14
2 12 479
2 479 15
2 17 480
2 480 16
2 16 481
2 481 18
2 19 482
2 482 18
2 17 483
2 483 19
2 17 484
2 484 20
2 20 485
2 485 21
2 16 486
2 486 21
2 18 487
2 487 22
2 21 488
2 488 22
2 19 489
2 489 23
2 23 490
2 490 22
2 20 491
2 491 23
2 25 492
2 492 24
2 24 493
2 493 26
2 27 494
2 494 26
2 25 495
2 495 27
2 25 496
2 496 28
2 28 497
2 497 29
2 24 498
2 498 29
2 26 499
2 499 30
2 29 500
2 500 30
2 27 501
2 501 31
2 31 502
2 502 30
2 28 503
2 503 31
2 33 504
2 504 32
2 32 505
2 505 34
2 35 506
2 506 34
2 33 507
2 507 35
2 33 508
2 508 36
2 36 509
2 509 37
2 32 510
2 510 37
2 34 511
2 511 38
2 37 512
2 512 38
2 35 513
2 513 39
2 39 514
2 514 38
2 36 515
2 515 39
2 41 516
2 516 40
2 40 517
2 517 42
2 43 518
2 518 42
2 41 519
2 519 43
2 41 520
2 520 44
2 44 521
2 521 45
2 40 522
2 522 45
2 42 523
2 523 46
2 45 524
2 524 46
2 43 525
2 525 47
2 47 526
2 526 46
2 44 527
2 527 47
2 49 528
2 528 48
2 48 529
2 529 50
2 51 530
2 530 50
2 49 531
2 531 51
2 49 532
2 532 52
2 52 533
2 533 53
2 48 534
2 534 53
2 50 535
2 535 54
2 53 536
2 536 54
2 51 537
2 537 55
2 55 538
2 538 54
2 52 539
2 539 55
2 57 540
2 540 56
2 56 541
2 541 58
2 59 542
2 542 58
2 57 543
2 543 59
2 57 544
2 544 60
2 60 545
2 545 61
2 56 546
2 546 61
2 58 547
2 547 62
2 61 548
2 548 62
2 59 549
2 549 63
2 63 550
2 550 62
2 60 551
2 551 63
2 65 552
2 552 64
2 64 553
2 553 66
2 67 554
2 554 66
2 65 555
2 555 67
2 65 556
2 556 68
2 68 557
2 557 69
2 64 558
2 558 69
2 66 559
2 559 70
2 69 560
2 560 70
2 67 561
2 561 71
2 71 562
2 562 70
2 68 563
2 563 71
2 73 564
2 564 72
2 72 565
2 565 74
2 75 566
2 566 74
2 73 567
2 567 75
2 73 568
2 568 76
2 76 569
2 569 77
2 72 570
2 570 77
2 74 571
2 571 78
2 77 572
2 572 78
2 75 573
2 573 79
2 79 574
2 574 78
2 76 575
2 575 79
2 81 576
2 576 80
2 80 577
2 577 82
2 83 578
2 578 82
2 81 579
2 579 83
2 81 580
2 580 84
2 84 581
2 581 85
2 80 582
2 582 85
2 82 583
2 583 86
2 85 584
2 584 86
2 83 585
2 585 87
2 87 586
2 586 86
2 84 587
2 587 87
2 89 588
2 588 88
2 88 589
2 589 90
2 91 590
2 590 90
2 89 591
2 591 91
2 89 592
2 592 92
2 92 593
2 593 93
2 88 594
2 594 93
2 90 595
2 595 94
2 93 596
2 596 94
2 91 597
2 597 95
2 95 598
2 598 94
2 92 599
2 599 95
2 97 600
2 600 96
2 96 601
2 601 98
2 99 602
2 602 98
2 97 603
2 603 99
2 97 604
2 604 100
2 100 605
2 605 101
2 96 606
2 606 101
2 98 607
2 607 102
2 101 608
2 608 102
2 99 609
2 609 103
2 103 610
2 610 102
2 100 611
2 611 103
2 105 612
2 612 104
2 104 613
2 613 106
2 107 614
2 614 106
2 105 615
2 615 107
2 105 616
2 616 108
2 108 617
2 617 109
2 104 618
2 618 109
2 106 619
2 619 110
2 109 620
2 620 110
2 107 621
2 621 111
2 111 622
2 622 110
2 108 623
2 623 111
2 113 624
2 624 112
2 112 625
2 625 114
2 115 626
2 626 114
2 113 627
2 627 115
2 113 628
2 628 116
2 116 629
2 629 117
2 112 630
2 630 117
2 114 631
2 631 118
2 117 632
2 632 118
2 115 633
2 633 119
2 119 634
2 634 118
2 116 635
2 635 119
2 121 636
2 636 120
2 120 637
2 637 122
2 123 638
2 638 122
2 121 639
2 639 123
2 121 640
2 640 124
2 124 641
2 641 125
2 120 642
2 642 125
2 122 643
2 643 126
2 125 644
2 644 126
2 123 645
2 645 127
2 127 646
2 646 126
2 124 647
2 647 127
2 129 648
2 648 128
2 128 649
2 649 130
2 131 650
2 650 130
2 129 651
2 651 131
2 129 652
2 652 132
2 132 653
2 653 133
2 128 654
2 654 133
2 130 655
2 655 134
2 133 656
2 656 134
2 131 657
2 657 135
2 135 658
2 658 134
2 132 659
2 659 135
2 137 660
2 660 136
2 136 661
2 661 138
2 139 662
2 662 138
2 137 663
2 663 139
2 137 664
2 664 140
2 140 665
2 665 141
2 136 666
2 666 141
2 138 667
2 667 142
2 141 668
2 668 142
2 139 669
2 669 143
2 143 670
2 670 142
2 140 671
2 671 143
2 145 672
2 672 144
2 144 673
2 673 146
2 147 674
2 674 146
2 145 675
2 675 147
2 145 676
2 676 148
2 148 677
2 677 149
2 144 678
2 678 149
2 146 679
2 679 150
2 149 680
2 680 150
2 147 681
2 681 151
2 151 682
2 682 150
2 148 683
2 683 151
2 153 684
2 684 152
2 152 685
2 685 154
2 155 686
2 686 154
2 153 687
2 687 155
2 153 688
2 688 156
2 156 689
2 689 157
2 152 690
2 690 157
2 154 691
2 691 158
2 157 692
2 692 158
2 155 693
2 693 159
2 159 694
2 694 158
2 156 695
2 695 159
2 161 696
2 696 160
2 160 697
2 697 162
2 163 698
2 698 162
2 161 699
2 699 163
2 161 700
2 700 164
2 164 701
2 701 165
2 160 702
2 702 165
2 162 703
2 703 166
2 165 704
2 704 166
2 163 705
2 705 167
2 167 706
2 706 166
2 164 707
2 707 167
2 169 708
2 708 168
2 168 709
2 709 170
2 171 710
2 710 170
2 169 711
2 711 171
2 169 712
2 712 172
2 172 713
2 713 173
2 168 714
2 714 173
2 170 715
2 715 174
2 173 716
2 716 174
2 171 717
2 717 175
2 175 718
2 718 174
2 172 719
2 719 175
2 177 720
2 720 176
2 176 721
2 721 178
2 179 722
2 722 178
2 177 723
2 723 179
2 177 724
2 724 180
2 180 725
2 725 181
2 176 726
2 726 181
2 178 727
2 727 182
2 181 728
2 728 182
2 179 729
2 729 183
2 183 730
2 730 182
2 180 731
2 731 183
2 185 732
2 732 184
2 184 733
2 733 186
2 187 734
2 734 186
2 185 735
2 735 187
2 185 736
2 736 188
2 188 737
2 737 189
2 184 738
2 738 189
2 186 739
2 739 190
2 189 740
2 740 190
2 187 741
2 741 191
2 191 742
2 742 190
2 188 743
2 743 191
2 193 744
2 744 192
2 192 745
2 745 194
2 195 746
2 746 194
2 193 747
2 747 195
2 193 748
2 748 196
2 196 749
2 749 197
2 192 750
2 750 197
2 194 751
2 751 198
2 197 752
2 752 198
2 195 753
2 753 199
2 199 754
2 754 198
2 196 755
2 755 199
3 200 0 944
3 0 208 944
3 1 203 943
3 253 1 943
3 2 204 945
3 252 2 945
3 207 3 942
3 3 297 942
3 201 200 926
3 926 200 944
3 202 201 756
3 756 201 926
3 203 202 927
3 202 756 927
3 203 927 943
3 204 205 929
3 204 929 945
3 205 206 757
3 205 757 929
3 206 207 928
3 757 206 928
3 928 207 942
3 208 209 792
3 208 792 944
3 209 210 853
3 792 209 853
3 210 211 767
3 210 767 853
3 211 212 874
3 767 211 874
3 212 213 788
3 212 788 874
3 213 214 877
3 788 213 877
3 214 215 768
3 214 768 877
3 215 216 884
3 768 215 884
3 216 217 860
3 216 860 884
3 217 218 780
3 217 780 860
3 218 219 883
3 780 218 883
3 219 220 907
3 883 219 907
3 220 221 778
3 220 778 907
3 221 222 887
3 778 221 887
3 222 223 837
3 222 837 887
3 223 224 770
3 223 770 837
3 224 225 888
3 770 224 888
3 225 226 758
3 225 758 888
3 226 227 889
3 758 226 889
3 227 228 829
3 227 829 889
3 228 229 759
3 228 759 829
3 229 230 900
3 759 229 900
3 230 231 771
3 230 771 900
3 231 232 846
3 771 231 846
3 232 233 787
3 232 787 846
3 233 234 899
3 787 233 899
3 234 235 764
3 234 764 899
3 235 236 886
3 764 235 886
3 236 237 765
3 236 765 886
3 237 238 852
3 765 237 852
3 238 239 904
3 852 238 904
3 239 240 783
3 239 783 904
3 240 241 891
3 783 240 891
3 241 242 818
3 241 818 891
3 242 243 772
3 242 772 818
3 243 244 896
3 772 243 896
3 244 245 774
3 244 774 896
3 245 246 897
3 774 245 897
3 246 247 776
3 246 776 897
3 247 248 906
3 776 247 906
3 248 249 894
3 248 894 906
3 249 250 773
3 249 773 894
3 250 251 796
3 773 250 796
3 251 252 794
3 251 794 796
3 794 252 945
3 254 253 793
3 793 253 943
3 255 254 870
3 254 793 870
3 256 255 789
3 789 255 870
3 257 256 882
3 256 789 882
3 258 257 760
3 760 257 882
3 259 258 879
3 258 760 879
3 260 259 790
3 790 259 879
3 261 260 885
3 260 790 885
3 262 261 761
3 761 261 885
3 263 262 871
3 262 761 871
3 264 263 769
3 769 263 871
3 265 264 875
3 264 769 875
3 266 265 881
3 265 875 881
3 267 266 762
3 762 266 881
3 268 267 933
3 267 762 933
3 269 268 932
3 268 845 932
3 845 268 933
3 270 269 782
3 782 269 932
3 271 270 851
3 270 782 851
3 272 271 901
3 271 851 901
3 273 272 777
3 777 272 901
3 274 273 876
3 273 777 876
3 275 274 781
3 781 274 876
3 276 275 898
3 275 781 898
3 277 276 848
3 848 276 898
3 278 277 763
3 763 277 848
3 279 278 895
3 278 763 895
3 280 279 819
3 819 279 895
3 281 280 779
3 779 280 819
3 282 281 902
3 281 779 902
3 283 282 908
3 282 902 908
3 284 283 766
3 766 283 908
3 285 284 872
3 284 766 872
3 286 285 775
3 775 285 872
3 287 286 913
3 286 775 913
3 288 287 905
3 905 287 913
3 289 288 784
3 784 288 905
3 290 289 806
3 289 784 806
3 291 290 786
3 786 290 806
3 292 291 903
3 291 786 903
3 293 292 785
3 785 292 903
3 294 293 890
3 293 785 890
3 295 294 791
3 791 294 890
3 296 295 805
3 295 791 805
3 297 296 795
3 795 296 805
3 297 795 942
3 859 756 926
3 756 859 930
3 927 756 930
3 757 804 929
3 804 757 931
3 757 928 931
3 888 758 910
3 758 889 921
3 910 758 921
3 829 759 830
3 830 759 831
3 831 759 900
3 879 760 915
3 760 882 971
3 915 760 971
3 871 761 947
3 761 885 958
3 947 761 958
3 762 881 974
3 933 762 964
3 964 762 974
3 763 848 849
3 763 849 917
3 895 763 917
3 764 886 950
3 899 764 955
3 764 950 955
3 765 852 969
3 886 765 965
3 965 765 969
3 872 766 873
3 873 766 920
3 766 908 920
3 853 767 854
3 854 767 855
3 855 767 874
3 877 768 918
3 768 884 911
3 768 911 918
3 769 871 959
3 875 769 970
3 769 959 970
3 837 770 838
3 838 770 839
3 839 770 888
3 771 846 919
3 900 771 909
3 909 771 919
3 818 772 979
3 772 896 977
3 772 977 979
3 773 796 797
3 773 797 798
3 773 798 894
3 896 774 956
3 774 897 952
3 774 952 956
3 775 872 914
3 913 775 922
3 775 914 922
3 810 776 939
3 776 810 966
3 897 776 966
3 776 906 939
3 876 777 946
3 777 901 961
3 946 777 961
3 778 887 912
3 907 778 923
3 778 912 923
3 779 819 820
3 779 820 821
3 779 821 902
3 860 780 861
3 861 780 862
3 862 780 883
3 781 834 938
3 834 781 962
3 781 876 962
3 898 781 938
3 851 782 972
3 782 932 963
3 782 963 972
3 783 891 892
3 783 892 893
3 783 893 904
3 806 784 812
3 812 784 813
3 813 784 905
3 803 785 941
3 785 803 968
3 890 785 968
3 785 903 941
3 786 806 807
3 786 807 808
3 786 808 903
3 846 787 847
3 847 787 975
3 787 899 975
3 874 788 916
3 788 877 878
3 788 878 916
3 789 870 951
3 882 789 960
3 789 951 960
3 790 879 880
3 790 880 936
3 885 790 936
3 805 791 949
3 791 890 957
3 949 791 957
3 792 853 859
3 792 859 926
3 792 926 944
3 870 793 930
3 793 927 930
3 927 793 943
3 796 794 804
3 804 794 929
3 929 794 945
3 795 805 931
3 928 795 931
3 795 928 942
3 797 796 804
3 798 797 799
3 799 797 800
3 800 797 804
3 798 799 801
3 798 801 802
3 798 802 894
3 799 800 949
3 801 799 957
3 799 949 957
3 800 804 931
3 805 800 931
3 800 805 949
3 802 801 803
3 803 801 968
3 801 957 968
3 802 803 939
3 894 802 906
3 906 802 939
3 803 810 939
3 810 803 941
3 807 806 812
3 808 807 809
3 809 807 811
3 811 807 812
3 808 809 810
3 808 810 941
3 903 808 941
3 810 809 966
3 809 811 952
3 809 952 966
3 811 812 814
3 811 814 956
3 952 811 956
3 812 813 814
3 814 813 815
3 815 813 816
3 816 813 905
3 814 815 977
3 956 814 977
3 815 816 817
3 815 817 979
3 977 815 979
3 817 816 922
3 816 905 913
3 816 913 922
3 818 817 940
3 817 818 979
3 817 922 981
3 940 817 981
3 891 818 940
3 820 819 822
3 822 819 895
3 821 820 823
3 820 822 827
3 823 820 827
3 821 823 824
3 821 824 825
3 821 825 902
3 827 822 828
3 828 822 917
3 822 895 917
3 824 823 965
3 823 827 950
3 823 950 965
3 825 824 826
3 826 824 969
3 824 965 969
3 825 826 920
3 902 825 908
3 908 825 920
3 920 826 937
3 937 826 978
3 826 969 978
3 827 828 955
3 950 827 955
3 828 917 935
3 828 935 975
3 955 828 975
3 829 830 832
3 829 832 889
3 830 831 833
3 832 830 835
3 830 833 835
3 833 831 834
3 834 831 909
3 831 900 909
3 832 835 836
3 832 836 921
3 889 832 921
3 833 834 962
3 835 833 946
3 946 833 962
3 834 909 976
3 938 834 976
3 836 835 961
3 835 946 961
3 921 836 924
3 924 836 973
3 836 961 973
3 837 838 840
3 837 840 887
3 838 839 841
3 840 838 843
3 838 841 843
3 841 839 842
3 842 839 910
3 839 888 910
3 840 843 844
3 840 844 912
3 887 840 912
3 841 842 963
3 843 841 845
3 845 841 963
3 842 910 924
3 842 924 972
3 963 842 972
3 844 843 964
3 843 845 964
3 912 844 925
3 925 844 974
3 844 964 974
3 932 845 963
3 845 933 964
3 846 847 919
3 849 847 935
3 847 849 948
3 919 847 948
3 935 847 975
3 849 848 850
3 850 848 898
3 849 850 948
3 917 849 935
3 850 898 938
3 850 938 976
3 948 850 976
3 901 851 973
3 851 972 973
3 852 904 978
3 969 852 978
3 853 854 859
3 854 855 856
3 854 856 857
3 854 857 859
3 856 855 858
3 858 855 916
3 855 874 916
3 857 856 951
3 856 858 960
3 951 856 960
3 859 857 930
3 857 870 930
3 870 857 951
3 858 916 934
3 858 934 971
3 960 858 971
3 860 861 863
3 860 863 884
3 861 862 864
3 863 861 868
3 861 864 868
3 864 862 865
3 865 862 866
3 866 862 883
3 863 868 869
3 863 869 911
3 884 863 911
3 864 865 959
3 868 864 947
3 947 864 959
3 865 866 867
3 865 867 970
3 959 865 970
3 867 866 923
3 866 883 907
3 866 907 923
3 867 923 925
3 867 925 980
3 970 867 980
3 869 868 958
3 868 947 958
3 869 885 936
3 885 869 958
3 911 869 967
3 869 936 967
3 871 947 959
3 872 873 914
3 893 873 937
3 873 893 953
3 914 873 953
3 873 920 937
3 881 875 980
3 875 970 980
3 876 946 962
3 878 877 918
3 878 915 934
3 915 878 954
3 916 878 934
3 878 918 954
3 880 879 915
3 880 915 954
3 936 880 967
3 880 954 967
3 974 881 980
3 882 960 971
3 950 886 965
3 957 890 968
3 892 891 940
3 893 892 953
3 892 940 981
3 953 892 981
3 904 893 978
3 893 937 978
3 896 956 977
3 952 897 966
3 899 955 975
3 961 901 973
3 909 919 976
3 910 921 924
3 918 911 967
3 923 912 925
3 922 914 981
3 914 953 981
3 934 915 971
3 954 918 967
3 919 948 976
3 972 924 973
3 925 974 980
3 0 200 1062
3 319 0 1062
3 203 1 1059
3 1 337 1059
3 298 4 1061
3 4 302 1061
3 5 301 1060
3 320 5 1060
3 200 201 1045
3 200 1045 1062
3 201 202 983
3 201 983 1045
3 202 203 1044
3 983 202 1044
3 1044 203 1059
3 299 298 1047
3 1047 298 1061
3 300 299 982
3 982 299 1047
3 301 300 1046
3 300 982 1046
3 301 1046 1060
3 302 303 1034
3 302 1034 1061
3 303 304 997
3 303 997 1034
3 304 305 1025
3 997 304 1025
3 305 306 995
3 305 995 1025
3 306 307 1031
3 995 306 1031
3 307 308 1018
3 307 1018 1031
3 308 309 989
3 308 989 1018
3 309 310 1023
3 989 309 1023
3 310 311 984
3 310 984 1023
3 311 312 1011
3 984 311 1011
3 312 313 985
3 312 985 1011
3 313 314 1039
3 985 313 1039
3 314 315 986
3 314 986 1039
3 315 316 1005
3 986 315 1005
3 316 317 987
3 316 987 1005
3 317 318 1040
3 987 317 1040
3 318 319 998
3 318 998 1040
3 998 319 1062
3 321 320 999
3 999 320 1060
3 322 321 1032
3 321 999 1032
3 323 322 988
3 988 322 1032
3 324 323 1035
3 323 988 1035
3 325 324 990
3 990 324 1035
3 326 325 1024
3 325 990 1024
3 327 326 1038
3 326 1024 1038
3 328 327 994
3 994 327 1038
3 329 328 1033
3 328 994 1033
3 330 329 991
3 991 329 1033
3 331 330 1037
3 330 991 1037
3 332 331 993
3 993 331 1037
3 333 332 1036
3 332 993 1036
3 334 333 992
3 992 333 1036
3 335 334 1041
3 334 992 1041
3 336 335 996
3 996 335 1041
3 337 336 1000
3 336 996 1000
3 337 1000 1059
3 1027 982 1047
3 982 1027 1053
3 1046 982 1053
3 1001 983 1044
3 983 1001 1052
3 1045 983 1052
3 984 1011 1012
3 984 1012 1013
3 984 1013 1023
3 1011 985 1017
3 1017 985 1049
3 985 1039 1049
3 986 1005 1006
3 986 1006 1007
3 986 1007 1039
3 1005 987 1055
3 987 1040 1064
3 1055 987 1064
3 988 1032 1057
3 1035 988 1069
3 988 1057 1069
3 1018 989 1019
3 1019 989 1042
3 989 1023 1042
3 1024 990 1067
3 990 1035 1072
3 1067 990 1072
3 991 1033 1058
3 1037 991 1068
3 991 1058 1068
3 992 1036 1056
3 1041 992 1054
3 1054 992 1056
3 1036 993 1066
3 993 1037 1071
3 1066 993 1071
3 1033 994 1065
3 994 1038 1070
3 1065 994 1070
3 1025 995 1030
3 1030 995 1048
3 995 1031 1048
3 1000 996 1001
3 1001 996 1002
3 1002 996 1041
3 997 1025 1026
3 997 1026 1027
3 997 1027 1034
3 1040 998 1052
3 998 1045 1052
3 1045 998 1062
3 1032 999 1053
3 999 1046 1053
3 1046 999 1060
3 1000 1001 1044
3 1000 1044 1059
3 1001 1002 1003
3 1001 1003 1052
3 1003 1002 1004
3 1004 1002 1054
3 1002 1041 1054
3 1003 1004 1064
3 1003 1040 1052
3 1040 1003 1064
3 1010 1004 1054
3 1004 1010 1055
3 1004 1055 1064
3 1006 1005 1055
3 1007 1006 1008
3 1008 1006 1010
3 1010 1006 1055
3 1007 1008 1009
3 1007 1009 1049
3 1039 1007 1049
3 1009 1008 1066
3 1008 1010 1056
3 1008 1056 1066
3 1049 1009 1051
3 1051 1009 1071
3 1009 1066 1071
3 1010 1054 1056
3 1012 1011 1017
3 1013 1012 1014
3 1014 1012 1016
3 1016 1012 1017
3 1013 1014 1015
3 1013 1015 1042
3 1023 1013 1042
3 1015 1014 1065
3 1014 1016 1058
3 1014 1058 1065
3 1042 1015 1043
3 1043 1015 1070
3 1015 1065 1070
3 1016 1017 1051
3 1016 1051 1068
3 1058 1016 1068
3 1017 1049 1051
3 1018 1019 1020
3 1018 1020 1031
3 1020 1019 1021
3 1021 1019 1043
3 1019 1042 1043
3 1020 1021 1022
3 1020 1022 1048
3 1031 1020 1048
3 1022 1021 1067
3 1021 1043 1063
3 1021 1063 1067
3 1048 1022 1050
3 1050 1022 1072
3 1022 1067 1072
3 1038 1024 1063
3 1063 1024 1067
3 1026 1025 1030
3 1027 1026 1028
3 1028 1026 1029
3 1029 1026 1030
3 1027 1028 1053
3 1034 1027 1047
3 1028 1029 1057
3 1028 1032 1053
3 1032 1028 1057
3 1029 1030 1050
3 1029 1050 1069
3 1057 1029 1069
3 1030 1048 1050
3 1058 1033 1065
3 1034 1047 1061
3 1035 1069 1072
3 1056 1036 1066
3 1037 1068 1071
3 1038 1063 1070
3 1063 1043 1070
3 1069 1050 1072
3 1068 1051 1071
3 204 2 1154
3 2 342 1154
3 3 207 1153
3 360 3 1153
3 6 338 1155
3 359 6 1155
3 341 7 1152
3 7 377 1152
3 205 204 1139
3 1139 204 1154
3 206 205 1073
3 1073 205 1139
3 207 206 1138
3 206 1073 1138
3 207 1138 1153
3 338 339 1137
3 338 1137 1155
3 339 340 1074
3 339 1074 1137
3 340 341 1136
3 1074 340 1136
3 1136 341 1152
3 342 343 1120
3 342 1120 1154
3 343 344 1088
3 343 1088 1120
3 344 345 1123
3 1088 344 1123
3 345 346 1085
3 345 1085 1123
3 346 347 1117
3 1085 346 1117
3 347 348 1086
3 347 1086 1117
3 348 349 1129
3 1086 348 1129
3 349 350 1084
3 349 1084 1129
3 350 351 1096
3 1084 350 1096
3 351 352 1126
3 1096 351 1126
3 352 353 1076
3 352 1076 1126
3 353 354 1130
3 1076 353 1130
3 354 355 1077
3 354 1077 1130
3 355 356 1104
3 1077 355 1104
3 356 357 1078
3 356 1078 1104
3 357 358 1131
3 1078 357 1131
3 358 359 1089
3 358 1089 1131
3 1089 359 1155
3 361 360 1090
3 1090 360 1153
3 362 361 1118
3 361 1090 1118
3 363 362 1079
3 1079 362 1118
3 364 363 1124
3 363 1079 1124
3 365 364 1081
3 1081 364 1124
3 366 365 1111
3 365 1081 1111
3 367 366 1080
3 1080 366 1111
3 368 367 1110
3 367 1080 1110
3 369 368 1075
3 1075 368 1110
3 370 369 1127
3 369 1075 1127
3 371 370 1128
3 370 1127 1128
3 372 371 1083
3 1083 371 1128
3 373 372 1125
3 372 1083 1125
3 374 373 1082
3 1082 373 1125
3 375 374 1132
3 374 1082 1132
3 376 375 1087
3 1087 375 1132
3 377 376 1091
3 376 1087 1091
3 377 1091 1152
3 1138 1073 1164
3 1073 1139 1164
3 1092 1074 1136
3 1074 1092 1141
3 1137 1074 1141
3 1075 1110 1149
3 1127 1075 1156
3 1075 1149 1156
3 1126 1076 1133
3 1076 1130 1140
3 1133 1076 1140
3 1077 1104 1105
3 1077 1105 1106
3 1077 1106 1130
3 1104 1078 1146
3 1078 1131 1157
3 1146 1078 1157
3 1079 1118 1119
3 1079 1119 1135
3 1124 1079 1135
3 1110 1080 1160
3 1080 1111 1147
3 1080 1147 1160
3 1111 1081 1112
3 1112 1081 1113
3 1113 1081 1124
3 1082 1125 1148
3 1132 1082 1144
3 1144 1082 1148
3 1125 1083 1159
3 1083 1128 1162
3 1159 1083 1162
3 1084 1096 1097
3 1084 1097 1099
3 1084 1099 1129
3 1085 1117 1158
3 1123 1085 1161
3 1085 1158 1161
3 1117 1086 1150
3 1086 1129 1145
3 1086 1145 1150
3 1091 1087 1092
3 1092 1087 1093
3 1093 1087 1132
3 1120 1088 1121
3 1121 1088 1122
3 1122 1088 1123
3 1131 1089 1141
3 1089 1137 1141
3 1137 1089 1155
3 1118 1090 1134
3 1134 1090 1138
3 1138 1090 1153
3 1091 1092 1136
3 1091 1136 1152
3 1092 1093 1094
3 1092 1094 1141
3 1094 1093 1095
3 1095 1093 1144
3 1093 1132 1144
3 1094 1095 1157
3 1094 1131 1141
3 1131 1094 1157
3 1109 1095 1144
3 1095 1109 1146
3 1095 1146 1157
3 1097 1096 1098
3 1098 1096 1126
3 1097 1098 1102
3 1099 1097 1100
3 1100 1097 1102
3 1102 1098 1103
3 1103 1098 1133
3 1098 1126 1133
3 1099 1100 1101
3 1099 1101 1145
3 1129 1099 1145
3 1101 1100 1160
3 1100 1102 1149
3 1100 1149 1160
3 1101 1116 1145
3 1116 1101 1147
3 1147 1101 1160
3 1102 1103 1156
3 1149 1102 1156
3 1103 1133 1142
3 1103 1142 1163
3 1156 1103 1163
3 1105 1104 1146
3 1106 1105 1107
3 1107 1105 1109
3 1109 1105 1146
3 1106 1107 1108
3 1106 1108 1140
3 1130 1106 1140
3 1108 1107 1159
3 1107 1109 1148
3 1107 1148 1159
3 1140 1108 1142
3 1142 1108 1162
3 1108 1159 1162
3 1109 1144 1148
3 1149 1110 1160
3 1111 1112 1147
3 1112 1113 1114
3 1112 1114 1116
3 1112 1116 1147
3 1114 1113 1115
3 1115 1113 1135
3 1113 1124 1135
3 1114 1115 1158
3 1116 1114 1150
3 1150 1114 1158
3 1115 1135 1143
3 1115 1143 1161
3 1158 1115 1161
3 1145 1116 1150
3 1117 1150 1158
3 1119 1118 1134
3 1119 1134 1151
3 1135 1119 1143
3 1143 1119 1151
3 1120 1121 1139
3 1120 1139 1154
3 1121 1122 1151
3 1139 1121 1164
3 1121 1151 1164
3 1122 1123 1161
3 1122 1143 1151
3 1143 1122 1161
3 1148 1125 1159
3 1128 1127 1163
3 1127 1156 1163
3 1162 1128 1163
3 1133 1140 1142
3 1134 1138 1164
3 1151 1134 1164
3 1142 1162 1163
3 208 0 2063
3 0 319 2063
3 2 252 2061
3 342 2 2061
3 302 4 2062
3 4 422 2062
3 6 359 2064
3 378 6 2064
3 209 208 1211
3 1211 208 2063
3 210 209 2046
3 209 1211 2046
3 211 210 1193
3 1193 210 2046
3 212 211 2044
3 211 1193 2044
3 213 212 2043
3 2043 212 2044
3 214 213 1180
3 1180 213 2043
3 215 214 2040
3 214 1180 2040
3 216 215 1208
3 1208 215 2040
3 217 216 2037
3 216 1208 2037
3 218 217 1171
3 1171 217 2037
3 219 218 2034
3 218 1171 2034
3 220 219 1206
3 1206 219 2034
3 221 220 2030
3 220 1206 2030
3 222 221 1177
3 1177 221 2030
3 223 222 2028
3 222 1177 2028
3 224 223 1203
3 1203 223 2028
3 225 224 2026
3 224 1203 2026
3 226 225 1167
3 1167 225 2026
3 227 226 2023
3 226 1167 2023
3 228 227 1210
3 1210 227 2023
3 229 228 2021
3 228 1210 2021
3 230 229 1174
3 1174 229 2021
3 231 230 2019
3 230 1174 2019
3 232 231 2018
3 2018 231 2019
3 233 232 1185
3 1185 232 2018
3 234 233 2008
3 233 1185 2008
3 235 234 2004
3 2004 234 2008
3 236 235 1169
3 1169 235 2004
3 237 236 1998
3 236 1169 1998
3 238 237 1995
3 1995 237 1998
3 239 238 1198
3 1198 238 1995
3 240 239 1990
3 239 1198 1990
3 241 240 1176
3 1176 240 1990
3 242 241 1984
3 241 1176 1984
3 243 242 1200
3 1200 242 1984
3 244 243 1968
3 243 1200 1968
3 245 244 1179
3 1179 244 1968
3 246 245 1957
3 245 1179 1957
3 247 246 1215
3 1215 246 1957
3 248 247 1183
3 1183 247 1215
3 249 248 1958
3 248 1183 1958
3 250 249 1202
3 1202 249 1958
3 251 250 1953
3 250 1202 1953
3 252 251 1213
3 1213 251 1953
3 252 1213 2061
3 303 302 1956
3 1956 302 2062
3 304 303 2054
3 303 1956 2054
3 305 304 1197
3 1197 304 2054
3 306 305 2052
3 305 1197 2052
3 307 306 1970
3 1970 306 2052
3 308 307 1187
3 1187 307 1970
3 309 308 1971
3 308 1187 1971
3 310 309 2049
3 309 1971 2049
3 311 310 1165
3 1165 310 2049
3 312 311 1972
3 311 1165 1972
3 313 312 1974
3 312 1972 1974
3 314 313 1189
3 1189 313 1974
3 315 314 2047
3 314 1189 2047
3 316 315 1975
3 1975 315 2047
3 317 316 1195
3 1195 316 1975
3 318 317 1977
3 317 1195 1977
3 319 318 2016
3 318 1977 2016
3 319 2016 2063
3 343 342 1963
3 1963 342 2061
3 344 343 2060
3 343 1963 2060
3 345 344 1194
3 1194 344 2060
3 346 345 2059
3 345 1194 2059
3 347 346 1644
3 1644 346 2059
3 348 347 1188
3 1188 347 1644
3 349 348 2011
3 348 1188 2011
3 350 349 2048
3 349 2011 2048
3 351 350 1166
3 1166 350 2048
3 352 351 1973
3 351 1166 1973
3 353 352 1976
3 352 1973 1976
3 354 353 1190
3 1190 353 1976
3 355 354 2056
3 354 1190 2056
3 356 355 1967
3 1967 355 2056
3 357 356 1196
3 1196 356 1967
3 358 357 1978
3 357 1196 1978
3 359 358 2017
3 358 1978 2017
3 359 2017 2064
3 379 378 1212
3 1212 378 2064
3 380 379 2014
3 379 1212 2014
3 381 380 1192
3 1192 380 2014
3 382 381 2010
3 381 1192 2010
3 383 382 2009
3 2009 382 2010
3 384 383 1181
3 1181 383 2009
3 385 384 2005
3 384 1181 2005
3 386 385 1209
3 1209 385 2005
3 387 386 2000
3 386 1209 2000
3 388 387 1172
3 1172 387 2000
3 389 388 1997
3 388 1172 1997
3 390 389 1207
3 1207 389 1997
3 391 390 1994
3 390 1207 1994
3 392 391 1173
3 1173 391 1994
3 393 392 1991
3 392 1173 1991
3 394 393 1204
3 1204 393 1991
3 395 394 1986
3 394 1204 1986
3 396 395 1184
3 1184 395 1986
3 397 396 1982
3 396 1184 1982
3 398 397 1980
3 1980 397 1982
3 399 398 1168
3 1168 398 1980
3 400 399 1965
3 399 1168 1965
3 401 400 1205
3 1205 400 1965
3 402 401 1960
3 401 1205 1960
3 403 402 1175
3 1175 402 1960
3 404 403 2031
3 403 1175 2031
3 405 404 1835
3 1835 404 2031
3 406 405 1186
3 1186 405 1835
3 407 406 2024
3 406 1186 2024
3 408 407 1830
3 1830 407 2024
3 409 408 1170
3 1170 408 1830
3 410 409 1959
3 409 1170 1959
3 411 410 1201
3 1201 410 1959
3 412 411 1729
3 411 1201 1729
3 413 412 1178
3 1178 412 1729
3 414 413 1954
3 413 1178 1954
3 415 414 1199
3 1199 414 1954
3 416 415 1625
3 415 1199 1625
3 417 416 1182
3 1182 416 1625
3 418 417 1969
3 417 1182 1969
3 419 418 1620
3 1620 418 1969
3 420 419 1191
3 1191 419 1620
3 421 420 1955
3 420 1191 1955
3 422 421 1214
3 1214 421 1955
3 422 1214 2062
3 1698 1165 1699
3 1165 1698 2036
3 1699 1165 2049
3 1972 1165 2036
3 1166 1609 2042
3 1609 1166 2048
3 1973 1166 2042
3 1167 1849 2025
3 1849 1167 2026
3 2023 1167 2025
3 1168 1814 1979
3 1814 1168 1980
3 1965 1168 1979
3 1169 1702 2001
3 1702 1169 2004
3 1998 1169 2001
3 1828 1170 1830
3 1170 1828 1831
3 1170 1831 1959
3 1171 1867 2035
3 1867 1171 2037
3 2034 1171 2035
3 1172 1608 1999
3 1608 1172 2000
3 1997 1172 1999
3 1173 1696 1992
3 1696 1173 1994
3 1991 1173 1992
3 1174 1708 2020
3 1708 1174 2021
3 2019 1174 2020
3 1175 1847 1952
3 1847 1175 1960
3 1175 1952 2031
3 1176 1861 1987
3 1861 1176 1990
3 1984 1176 1987
3 1177 1705 2029
3 1705 1177 2030
3 2028 1177 2029
3 1619 1178 1730
3 1178 1619 1954
3 1178 1729 1730
3 1179 1640 1966
3 1640 1179 1968
3 1957 1179 1966
3 1180 1611 2041
3 1611 1180 2043
3 1180 1918 2040
3 1918 1180 2041
3 1181 1605 2007
3 1605 1181 2009
3 2005 1181 2007
3 1182 1625 1988
3 1182 1747 1969
3 1747 1182 1988
3 1183 1215 1216
3 1183 1216 1624
3 1183 1624 1958
3 1184 1858 1985
3 1858 1184 1986
3 1982 1184 1985
3 1185 1715 2012
3 1715 1185 2018
3 2008 1185 2012
3 1833 1186 1834
3 1186 1833 2024
3 1834 1186 1835
3 1187 1970 2057
3 1971 1187 2057
3 1188 1644 2058
3 1188 1647 2011
3 1647 1188 2058
3 1682 1189 1881
3 1189 1682 2047
3 1881 1189 2032
3 1189 1974 2032
3 1190 1615 1616
3 1615 1190 2050
3 1190 1616 2056
3 1190 1976 2050
3 1617 1191 1620
3 1191 1617 1621
3 1191 1621 1955
3 1192 1604 2013
3 1604 1192 2014
3 1192 1606 2010
3 1606 1192 2013
3 1193 1612 2044
3 1612 1193 2045
3 1193 1679 2045
3 1679 1193 2046
3 1194 1637 1643
3 1637 1194 1983
3 1194 1643 2059
3 1983 1194 2060
3 1195 1975 2051
3 1977 1195 2051
3 1196 1603 1978
3 1603 1196 2055
3 1196 1967 2055
3 1197 1610 1920
3 1610 1197 2015
3 1197 1920 2052
3 2015 1197 2054
3 1198 1823 1993
3 1823 1198 1995
3 1990 1198 1993
3 1199 1613 1614
3 1613 1199 1954
3 1199 1614 1625
3 1200 1623 1981
3 1623 1200 1984
3 1968 1200 1981
3 1201 1727 1728
3 1727 1201 1959
3 1201 1728 1729
3 1202 1638 1953
3 1638 1202 1961
3 1202 1958 1961
3 1203 1840 2027
3 1840 1203 2028
3 2026 1203 2027
3 1204 1735 1989
3 1735 1204 1991
3 1986 1204 1989
3 1205 1740 1964
3 1740 1205 1965
3 1960 1205 1964
3 1206 1869 2033
3 1869 1206 2034
3 2030 1206 2033
3 1207 1879 1996
3 1879 1207 1997
3 1994 1207 1996
3 1208 1918 2038
3 1918 1208 2040
3 2037 1208 2038
3 1209 1607 2003
3 1607 1209 2005
3 2000 1209 2003
3 1210 1820 2022
3 1820 1210 2023
3 2021 1210 2022
3 1211 2016 2053
3 2016 1211 2063
3 2046 1211 2053
3 1212 1604 2014
3 1604 1212 2039
3 1212 2017 2039
3 2017 1212 2064
3 1213 1953 1962
3 1213 1962 1963
3 1213 1963 2061
3 1622 1214 1955
3 1214 1622 1956
3 1214 1956 2062
3 1216 1215 1217
3 1217 1215 1957
3 1216 1217 1218
3 1216 1218 1219
3 1216 1219 1624
3 1218 1217 1626
3 1626 1217 1966
3 1217 1957 1966
3 1219 1218 1220
3 1220 1218 1221
3 1221 1218 1626
3 1219 1220 1335
3 1219 1335 1537
3 1219 1537 1624
3 1220 1221 1222
3 1220 1222 1632
3 1335 1220 1632
3 1222 1221 1223
3 1223 1221 1422
3 1422 1221 1626
3 1222 1223 1224
3 1222 1224 1634
3 1632 1222 1634
3 1224 1223 1225
3 1225 1223 1651
3 1223 1422 1651
3 1224 1225 1226
3 1224 1226 1311
3 1224 1311 1634
3 1226 1225 1227
3 1227 1225 1321
3 1321 1225 1651
3 1226 1227 1228
3 1226 1228 1951
3 1311 1226 1951
3 1228 1227 1229
3 1229 1227 1650
3 1227 1321 1650
3 1228 1229 1230
3 1228 1230 1645
3 1228 1645 1951
3 1230 1229 1231
3 1231 1229 1662
3 1229 1650 1662
3 1230 1231 1232
3 1230 1232 1296
3 1230 1296 1645
3 1232 1231 1233
3 1233 1231 1234
3 1234 1231 1662
3 1232 1233 1663
3 1296 1232 1297
3 1297 1232 1663
3 1233 1234 1235
3 1233 1235 1665
3 1663 1233 1665
3 1235 1234 1236
3 1236 1234 1417
3 1417 1234 1662
3 1235 1236 1237
3 1235 1237 1295
3 1235 1295 1665
3 1237 1236 1238
3 1238 1236 1750
3 1236 1417 1750
3 1237 1238 1239
3 1237 1239 1792
3 1295 1237 1792
3 1239 1238 1240
3 1240 1238 1313
3 1313 1238 1750
3 1239 1240 1241
3 1239 1241 1343
3 1239 1343 1792
3 1241 1240 1242
3 1242 1240 1916
3 1240 1313 1916
3 1241 1242 1243
3 1241 1243 1842
3 1343 1241 1842
3 1243 1242 1244
3 1244 1242 1914
3 1914 1242 1916
3 1243 1244 1245
3 1243 1245 1294
3 1243 1294 1842
3 1245 1244 1246
3 1246 1244 1305
3 1305 1244 1914
3 1245 1246 1247
3 1245 1247 1806
3 1294 1245 1806
3 1247 1246 1248
3 1248 1246 1913
3 1246 1305 1913
3 1247 1248 1249
3 1247 1249 1344
3 1247 1344 1806
3 1249 1248 1250
3 1250 1248 1911
3 1911 1248 1913
3 1249 1250 1251
3 1249 1251 1850
3 1344 1249 1850
3 1251 1250 1252
3 1252 1250 1306
3 1306 1250 1911
3 1251 1252 1253
3 1251 1253 1290
3 1251 1290 1850
3 1253 1252 1254
3 1254 1252 1793
3 1252 1306 1793
3 1253 1254 1255
3 1253 1255 1751
3 1290 1253 1751
3 1255 1254 1256
3 1256 1254 1796
3 1254 1793 1796
3 1255 1256 1257
3 1255 1257 1757
3 1751 1255 1757
3 1257 1256 1258
3 1258 1256 1307
3 1307 1256 1796
3 1257 1258 1259
3 1257 1259 1293
3 1257 1293 1757
3 1259 1258 1260
3 1260 1258 1774
3 1258 1307 1774
3 1259 1260 1261
3 1259 1261 1824
3 1293 1259 1824
3 1261 1260 1262
3 1262 1260 1341
3 1341 1260 1774
3 1261 1262 1263
3 1261 1263 1342
3 1261 1342 1824
3 1263 1262 1264
3 1264 1262 1797
3 1262 1341 1797
3 1263 1264 1265
3 1263 1265 1795
3 1342 1263 1795
3 1265 1264 1266
3 1266 1264 1314
3 1314 1264 1797
3 1265 1266 1267
3 1265 1267 1289
3 1265 1289 1795
3 1267 1266 1268
3 1268 1266 1762
3 1266 1314 1762
3 1267 1268 1269
3 1267 1269 1789
3 1289 1267 1789
3 1269 1268 1270
3 1270 1268 1340
3 1340 1268 1762
3 1269 1270 1271
3 1269 1271 1932
3 1789 1269 1932
3 1271 1270 1272
3 1272 1270 1794
3 1270 1340 1794
3 1271 1272 1273
3 1271 1273 1288
3 1271 1288 1932
3 1273 1272 1274
3 1274 1272 1315
3 1315 1272 1794
3 1273 1274 1275
3 1273 1275 1924
3 1288 1273 1924
3 1275 1274 1276
3 1276 1274 1838
3 1274 1315 1838
3 1275 1276 1277
3 1275 1277 1769
3 1275 1769 1924
3 1277 1276 1278
3 1278 1276 1345
3 1345 1276 1838
3 1277 1278 1279
3 1277 1279 1292
3 1277 1292 1769
3 1279 1278 1280
3 1280 1278 1807
3 1278 1345 1807
3 1279 1280 1281
3 1279 1281 1706
3 1292 1279 1706
3 1281 1280 1282
3 1282 1280 1316
3 1316 1280 1807
3 1281 1282 1283
3 1281 1283 1421
3 1281 1421 1706
3 1283 1282 1284
3 1284 1282 1876
3 1282 1316 1876
3 1283 1284 1285
3 1283 1285 1927
3 1421 1283 1927
3 1285 1284 1286
3 1286 1284 1875
3 1875 1284 1876
3 1285 1286 1287
3 1285 1287 1291
3 1285 1291 1927
3 1287 1286 1299
3 1299 1286 1319
3 1319 1286 1875
3 1291 1287 1298
3 1298 1287 1811
3 1287 1299 1811
3 1874 1288 1924
3 1288 1874 1926
3 1288 1926 1932
3 1787 1289 1788
3 1289 1787 1795
3 1788 1289 1789
3 1290 1751 1752
3 1290 1752 1754
3 1290 1754 1850
3 1291 1298 1301
3 1291 1301 1658
3 1291 1658 1927
3 1292 1706 1937
3 1292 1768 1769
3 1768 1292 1937
3 1757 1293 1758
3 1758 1293 1759
3 1759 1293 1824
3 1294 1779 1781
3 1779 1294 1806
3 1294 1781 1842
3 1665 1295 1666
3 1666 1295 1667
3 1667 1295 1792
3 1296 1297 1300
3 1296 1300 1416
3 1296 1416 1645
3 1300 1297 1303
3 1303 1297 1517
3 1517 1297 1663
3 1301 1298 1302
3 1302 1298 1810
3 1810 1298 1811
3 1299 1319 1320
3 1299 1320 1808
3 1299 1808 1811
3 1300 1303 1304
3 1300 1304 1648
3 1416 1300 1648
3 1301 1302 1308
3 1301 1308 1312
3 1301 1312 1658
3 1308 1302 1309
3 1309 1302 1318
3 1318 1302 1810
3 1304 1303 1310
3 1310 1303 1870
3 1303 1517 1870
3 1304 1310 1317
3 1304 1317 1324
3 1304 1324 1648
3 1910 1305 1914
3 1305 1910 1915
3 1913 1305 1915
3 1793 1306 1909
3 1306 1905 1909
3 1905 1306 1911
3 1774 1307 1902
3 1307 1796 1907
3 1902 1307 1907
3 1308 1309 1323
3 1312 1308 1655
3 1308 1323 1655
3 1309 1318 1322
3 1309 1322 1683
3 1323 1309 1683
3 1317 1310 1325
3 1325 1310 1326
3 1326 1310 1870
3 1311 1630 1946
3 1630 1311 1951
3 1634 1311 1946
3 1312 1655 1656
3 1312 1656 1657
3 1312 1657 1658
3 1313 1750 1921
3 1916 1313 1919
3 1919 1313 1921
3 1762 1314 1901
3 1314 1797 1904
3 1901 1314 1904
3 1315 1794 1898
3 1838 1315 1897
3 1897 1315 1898
3 1316 1807 1891
3 1876 1316 1896
3 1316 1891 1896
3 1324 1317 1949
3 1317 1325 1327
3 1317 1327 1949
3 1322 1318 1333
3 1333 1318 1882
3 1318 1810 1882
3 1320 1319 1328
3 1328 1319 1851
3 1851 1319 1875
3 1320 1328 1329
3 1320 1329 1330
3 1320 1330 1808
3 1650 1321 1652
3 1321 1651 1943
3 1652 1321 1943
3 1322 1333 1338
3 1322 1338 1339
3 1322 1339 1683
3 1323 1653 1655
3 1653 1323 1886
3 1323 1683 1886
3 1324 1628 1648
3 1628 1324 1649
3 1649 1324 1949
3 1325 1326 1336
3 1327 1325 1871
3 1325 1336 1871
3 1336 1326 1337
3 1337 1326 1358
3 1358 1326 1870
3 1327 1680 1711
3 1680 1327 1871
3 1327 1711 1949
3 1329 1328 1347
3 1347 1328 1348
3 1348 1328 1851
3 1330 1329 1331
3 1331 1329 1816
3 1329 1347 1816
3 1330 1331 1332
3 1330 1332 1455
3 1330 1455 1808
3 1332 1331 1334
3 1334 1331 1346
3 1346 1331 1816
3 1332 1334 1349
3 1332 1349 1684
3 1455 1332 1684
3 1338 1333 1353
3 1353 1333 1519
3 1519 1333 1882
3 1334 1346 1350
3 1349 1334 1709
3 1334 1350 1709
3 1537 1335 1538
3 1538 1335 1539
3 1539 1335 1632
3 1336 1337 1689
3 1336 1689 1885
3 1871 1336 1885
3 1337 1358 1359
3 1337 1359 1360
3 1337 1360 1689
3 1339 1338 1351
3 1351 1338 1731
3 1338 1353 1731
3 1339 1351 1352
3 1339 1352 1889
3 1683 1339 1889
3 1340 1762 1900
3 1794 1340 1899
3 1899 1340 1900
3 1341 1774 1906
3 1797 1341 1903
3 1903 1341 1906
3 1791 1342 1795
3 1342 1791 1928
3 1824 1342 1928
3 1343 1712 1792
3 1712 1343 1933
3 1343 1842 1933
3 1344 1778 1806
3 1778 1344 1843
3 1843 1344 1850
3 1807 1345 1894
3 1345 1838 1895
3 1894 1345 1895
3 1350 1346 1354
3 1354 1346 1893
3 1346 1816 1893
3 1347 1348 1410
3 1347 1410 1597
3 1347 1597 1816
3 1410 1348 1411
3 1411 1348 1456
3 1456 1348 1851
3 1684 1349 1862
3 1349 1709 1880
3 1862 1349 1880
3 1350 1354 1412
3 1350 1412 1426
3 1350 1426 1709
3 1352 1351 1355
3 1355 1351 1430
3 1430 1351 1731
3 1352 1355 1356
3 1352 1356 1357
3 1352 1357 1889
3 1353 1519 1520
3 1353 1520 1521
3 1353 1521 1731
3 1412 1354 1438
3 1438 1354 1439
3 1439 1354 1893
3 1356 1355 1872
3 1355 1430 1431
3 1355 1431 1872
3 1357 1356 1413
3 1413 1356 1415
3 1415 1356 1872
3 1357 1413 1414
3 1357 1414 1525
3 1357 1525 1889
3 1359 1358 1922
3 1671 1358 1870
3 1358 1671 1922
3 1360 1359 1361
3 1361 1359 1362
3 1362 1359 1922
3 1360 1361 1427
3 1360 1427 1428
3 1360 1428 1689
3 1361 1362 1363
3 1361 1363 1854
3 1427 1361 1854
3 1363 1362 1364
3 1364 1362 1454
3 1454 1362 1922
3 1363 1364 1365
3 1363 1365 1429
3 1363 1429 1854
3 1365 1364 1366
3 1366 1364 1722
3 1364 1454 1722
3 1365 1366 1367
3 1365 1367 1693
3 1429 1365 1693
3 1367 1366 1368
3 1368 1366 1453
3 1453 1366 1722
3 1367 1368 1369
3 1367 1369 1432
3 1367 1432 1693
3 1369 1368 1370
3 1370 1368 1864
3 1368 1453 1864
3 1369 1370 1371
3 1369 1371 1732
3 1432 1369 1732
3 1371 1370 1372
3 1372 1370 1452
3 1452 1370 1864
3 1371 1372 1373
3 1371 1373 1433
3 1371 1433 1732
3 1373 1372 1374
3 1374 1372 1775
3 1372 1452 1775
3 1373 1374 1375
3 1373 1375 1859
3 1433 1373 1859
3 1375 1374 1376
3 1376 1374 1451
3 1451 1374 1775
3 1375 1376 1377
3 1375 1377 1434
3 1375 1434 1859
3 1377 1376 1378
3 1378 1376 1855
3 1376 1451 1855
3 1377 1378 1379
3 1377 1379 1804
3 1434 1377 1804
3 1379 1378 1380
3 1380 1378 1450
3 1450 1378 1855
3 1379 1380 1381
3 1379 1381 1425
3 1379 1425 1804
3 1381 1380 1382
3 1382 1380 1771
3 1380 1450 1771
3 1381 1382 1383
3 1381 1383 1837
3 1425 1381 1837
3 1383 1382 1384
3 1384 1382 1420
3 1420 1382 1771
3 1383 1384 1385
3 1383 1385 1736
3 1383 1736 1837
3 1385 1384 1386
3 1386 1384 1783
3 1384 1420 1783
3 1385 1386 1387
3 1385 1387 1435
3 1385 1435 1736
3 1387 1386 1388
3 1388 1386 1825
3 1386 1783 1825
3 1387 1388 1389
3 1387 1389 1798
3 1435 1387 1798
3 1389 1388 1390
3 1390 1388 1449
3 1449 1388 1825
3 1389 1390 1391
3 1389 1391 1436
3 1389 1436 1798
3 1391 1390 1392
3 1392 1390 1784
3 1390 1449 1784
3 1391 1392 1393
3 1391 1393 1845
3 1436 1391 1845
3 1393 1392 1394
3 1394 1392 1448
3 1448 1392 1784
3 1393 1394 1395
3 1393 1395 1424
3 1393 1424 1845
3 1395 1394 1396
3 1396 1394 1800
3 1394 1448 1800
3 1395 1396 1397
3 1395 1397 1741
3 1424 1395 1741
3 1397 1396 1398
3 1398 1396 1419
3 1419 1396 1800
3 1397 1398 1399
3 1397 1399 1801
3 1741 1397 1801
3 1399 1398 1400
3 1400 1398 1818
3 1398 1419 1818
3 1399 1400 1401
3 1399 1401 1423
3 1399 1423 1801
3 1401 1400 1402
3 1402 1400 1763
3 1763 1400 1818
3 1401 1402 1403
3 1401 1403 1826
3 1423 1401 1826
3 1403 1402 1404
3 1404 1402 1418
3 1418 1402 1763
3 1403 1404 1405
3 1403 1405 1723
3 1403 1723 1826
3 1405 1404 1406
3 1406 1404 1844
3 1404 1418 1844
3 1405 1406 1407
3 1405 1407 1437
3 1405 1437 1723
3 1407 1406 1408
3 1408 1406 1441
3 1441 1406 1844
3 1407 1408 1409
3 1407 1409 1865
3 1437 1407 1865
3 1409 1408 1442
3 1408 1441 1936
3 1442 1408 1936
3 1409 1442 1443
3 1409 1443 1444
3 1409 1444 1865
3 1410 1411 1686
3 1597 1410 1598
3 1598 1410 1686
3 1411 1456 1457
3 1411 1457 1458
3 1411 1458 1686
3 1426 1412 1674
3 1412 1438 1440
3 1412 1440 1674
3 1414 1413 1746
3 1413 1415 1509
3 1413 1509 1746
3 1525 1414 1595
3 1595 1414 1596
3 1596 1414 1746
3 1509 1415 1510
3 1510 1415 1518
3 1518 1415 1872
3 1416 1627 1629
3 1627 1416 1648
3 1416 1629 1645
3 1417 1662 1941
3 1750 1417 1912
3 1912 1417 1941
3 1418 1763 1764
3 1418 1764 1765
3 1418 1765 1844
3 1419 1800 1925
3 1818 1419 1929
3 1419 1925 1929
3 1420 1771 1772
3 1420 1772 1934
3 1783 1420 1934
3 1421 1659 1661
3 1659 1421 1927
3 1421 1661 1706
3 1422 1626 1631
3 1422 1631 1639
3 1422 1639 1651
3 1801 1423 1832
3 1423 1826 1827
3 1423 1827 1832
3 1424 1741 1742
3 1424 1742 1743
3 1424 1743 1845
3 1804 1425 1805
3 1805 1425 1812
3 1812 1425 1837
3 1426 1674 1675
3 1426 1675 1685
3 1426 1685 1709
3 1428 1427 1566
3 1566 1427 1569
3 1569 1427 1854
3 1428 1566 1567
3 1428 1567 1568
3 1428 1568 1689
3 1429 1693 1697
3 1429 1697 1878
3 1854 1429 1878
3 1431 1430 1599
3 1599 1430 1887
3 1430 1731 1887
3 1431 1599 1600
3 1431 1600 1873
3 1872 1431 1873
3 1693 1432 1694
3 1694 1432 1695
3 1695 1432 1732
3 1732 1433 1733
3 1733 1433 1734
3 1734 1433 1859
3 1434 1804 1856
3 1434 1856 1857
3 1434 1857 1859
3 1736 1435 1737
3 1737 1435 1738
3 1738 1435 1798
3 1798 1436 1799
3 1799 1436 1846
3 1436 1845 1846
3 1723 1437 1724
3 1724 1437 1726
3 1726 1437 1865
3 1438 1439 1508
3 1440 1438 1852
3 1438 1508 1852
3 1508 1439 1588
3 1588 1439 1890
3 1890 1439 1893
3 1674 1440 1676
3 1676 1440 1677
3 1677 1440 1852
3 1770 1441 1844
3 1441 1770 1940
3 1936 1441 1940
3 1443 1442 1877
3 1877 1442 1935
3 1935 1442 1936
3 1444 1443 1445
3 1445 1443 1446
3 1446 1443 1877
3 1444 1445 2002
3 1865 1444 2006
3 1444 2002 2006
3 1445 1446 1447
3 1445 1447 1514
3 1445 1514 2002
3 1447 1446 1516
3 1516 1446 1594
3 1594 1446 1877
3 1514 1447 1515
3 1515 1447 1938
3 1447 1516 1938
3 1448 1784 1785
3 1448 1785 1786
3 1448 1786 1800
3 1761 1449 1825
3 1449 1761 1930
3 1784 1449 1930
3 1755 1450 1756
3 1450 1755 1771
3 1756 1450 1855
3 1451 1775 1776
3 1451 1776 1777
3 1451 1777 1855
3 1775 1452 1780
3 1780 1452 1931
3 1452 1864 1931
3 1453 1669 1713
3 1669 1453 1722
3 1453 1713 1864
3 1454 1668 1722
3 1668 1454 1923
3 1454 1922 1923
3 1455 1684 1883
3 1808 1455 1809
3 1809 1455 1883
3 1457 1456 1719
3 1719 1456 1720
3 1720 1456 1851
3 1458 1457 1459
3 1459 1457 1460
3 1460 1457 1719
3 1458 1459 1866
3 1686 1458 1687
3 1687 1458 1866
3 1459 1460 1461
3 1459 1461 1590
3 1459 1590 1866
3 1461 1460 1462
3 1462 1460 1718
3 1718 1460 1719
3 1461 1462 1463
3 1461 1463 1868
3 1590 1461 1868
3 1463 1462 1464
3 1464 1462 1526
3 1526 1462 1718
3 1463 1464 1465
3 1463 1465 1589
3 1463 1589 1868
3 1465 1464 1466
3 1466 1464 1802
3 1464 1526 1802
3 1465 1466 1467
3 1465 1467 1704
3 1589 1465 1704
3 1467 1466 1468
3 1468 1466 1528
3 1528 1466 1802
3 1467 1468 1469
3 1467 1469 1587
3 1467 1587 1704
3 1469 1468 1470
3 1470 1468 1853
3 1468 1528 1853
3 1469 1470 1471
3 1469 1471 1839
3 1587 1469 1839
3 1471 1470 1472
3 1472 1470 1529
3 1529 1470 1853
3 1471 1472 1473
3 1471 1473 1586
3 1471 1586 1839
3 1473 1472 1474
3 1474 1472 1721
3 1472 1529 1721
3 1473 1474 1475
3 1473 1475 1848
3 1586 1473 1848
3 1475 1474 1476
3 1476 1474 1531
3 1531 1474 1721
3 1475 1476 1477
3 1475 1477 1584
3 1475 1584 1848
3 1477 1476 1478
3 1478 1476 1836
3 1476 1531 1836
3 1477 1478 1479
3 1477 1479 1819
3 1584 1477 1819
3 1479 1478 1480
3 1480 1478 1532
3 1532 1478 1836
3 1479 1480 1481
3 1479 1481 1563
3 1479 1563 1819
3 1481 1480 1482
3 1482 1480 1817
3 1480 1532 1817
3 1481 1482 1483
3 1481 1483 1707
3 1563 1481 1707
3 1483 1482 1484
3 1484 1482 1533
3 1533 1482 1817
3 1483 1484 1485
3 1483 1485 1782
3 1707 1483 1782
3 1485 1484 1486
3 1486 1484 1803
3 1484 1533 1803
3 1485 1486 1487
3 1485 1487 1511
3 1485 1511 1782
3 1487 1486 1488
3 1488 1486 1527
3 1527 1486 1803
3 1487 1488 1489
3 1487 1489 1714
3 1511 1487 1714
3 1489 1488 1490
3 1490 1488 1841
3 1488 1527 1841
3 1489 1490 1491
3 1489 1491 1815
3 1714 1489 1815
3 1491 1490 1492
3 1492 1490 1773
3 1773 1490 1841
3 1491 1492 1493
3 1491 1493 1512
3 1491 1512 1815
3 1493 1492 1494
3 1494 1492 1530
3 1530 1492 1773
3 1493 1494 1495
3 1493 1495 1701
3 1512 1493 1701
3 1495 1494 1496
3 1496 1494 1748
3 1494 1530 1748
3 1495 1496 1497
3 1495 1497 1821
3 1701 1495 1821
3 1497 1496 1498
3 1498 1496 1717
3 1717 1496 1748
3 1497 1498 1499
3 1497 1499 1513
3 1497 1513 1821
3 1499 1498 1500
3 1500 1498 1534
3 1534 1498 1717
3 1499 1500 1501
3 1499 1501 1863
3 1513 1499 1863
3 1501 1500 1502
3 1502 1500 1691
3 1500 1534 1691
3 1501 1502 1503
3 1501 1503 1559
3 1501 1559 1863
3 1503 1502 1504
3 1504 1502 1690
3 1690 1502 1691
3 1503 1504 1505
3 1503 1505 1860
3 1559 1503 1860
3 1505 1504 1506
3 1506 1504 1535
3 1535 1504 1690
3 1505 1506 1507
3 1505 1507 1555
3 1505 1555 1860
3 1507 1506 1942
3 1506 1535 1536
3 1506 1536 1942
3 1555 1507 1556
3 1556 1507 1557
3 1557 1507 1942
3 1508 1588 1611
3 1508 1611 1612
3 1508 1612 1852
3 1509 1510 1617
3 1509 1617 1618
3 1509 1618 1746
3 1510 1518 1562
3 1510 1562 1621
3 1617 1510 1621
3 1511 1714 1715
3 1511 1715 1716
3 1511 1716 1782
3 1512 1701 1702
3 1512 1702 1703
3 1512 1703 1815
3 1821 1513 1822
3 1822 1513 1823
3 1823 1513 1863
3 1514 1515 1613
3 1514 1613 1619
3 1514 1619 2002
3 1613 1515 1614
3 1614 1515 1654
3 1654 1515 1938
3 1516 1594 1653
3 1516 1653 1939
3 1938 1516 1939
3 1517 1663 1664
3 1517 1664 1671
3 1517 1671 1870
3 1562 1518 1610
3 1610 1518 1873
3 1518 1872 1873
3 1520 1519 1884
3 1519 1882 1883
3 1519 1883 1884
3 1521 1520 1522
3 1522 1520 1524
3 1524 1520 1884
3 1521 1522 1523
3 1521 1523 1887
3 1731 1521 1887
3 1523 1522 1698
3 1522 1524 1560
3 1522 1560 1698
3 1523 1698 1699
3 1523 1699 1700
3 1523 1700 1887
3 1560 1524 1561
3 1561 1524 1862
3 1862 1524 1884
3 1525 1595 1939
3 1525 1886 1889
3 1886 1525 1939
3 1526 1718 1891
3 1802 1526 1894
3 1526 1891 1894
3 1527 1803 1907
3 1841 1527 1908
3 1527 1907 1908
3 1528 1802 1895
3 1853 1528 1897
3 1528 1895 1897
3 1721 1529 1899
3 1529 1853 1898
3 1529 1898 1899
3 1748 1530 1749
3 1749 1530 1905
3 1530 1773 1905
3 1531 1721 1900
3 1836 1531 1901
3 1531 1900 1901
3 1817 1532 1903
3 1532 1836 1904
3 1903 1532 1904
3 1803 1533 1902
3 1533 1817 1906
3 1902 1533 1906
3 1691 1534 1692
3 1692 1534 1910
3 1534 1717 1910
3 1536 1535 1912
3 1535 1690 1921
3 1912 1535 1921
3 1652 1536 1941
3 1536 1652 1942
3 1536 1912 1941
3 1537 1538 1635
3 1624 1537 1961
3 1537 1635 1961
3 1538 1539 1540
3 1538 1540 1544
3 1538 1544 1635
3 1540 1539 1541
3 1541 1539 1633
3 1539 1632 1633
3 1540 1541 1542
3 1540 1542 1641
3 1544 1540 1641
3 1542 1541 1543
3 1543 1541 1545
3 1545 1541 1633
3 1542 1543 1646
3 1641 1542 1642
3 1642 1542 1646
3 1543 1545 1546
3 1543 1546 1547
3 1543 1547 1646
3 1635 1544 1636
3 1636 1544 1637
3 1637 1544 1641
3 1546 1545 1670
3 1545 1633 1946
3 1670 1545 1946
3 1547 1546 1548
3 1548 1546 1549
3 1549 1546 1670
3 1547 1548 1944
3 1646 1547 1647
3 1647 1547 1944
3 1548 1549 1550
3 1548 1550 1551
3 1548 1551 1944
3 1550 1549 1553
3 1553 1549 1554
3 1554 1549 1670
3 1551 1550 1552
3 1552 1550 1672
3 1550 1553 1672
3 1551 1552 1585
3 1551 1585 1609
3 1551 1609 1944
3 1585 1552 1591
3 1591 1552 1592
3 1592 1552 1672
3 1553 1554 1627
3 1553 1627 1628
3 1553 1628 1672
3 1627 1554 1629
3 1629 1554 1630
3 1630 1554 1670
3 1555 1556 1623
3 1555 1623 1987
3 1860 1555 1987
3 1556 1557 1558
3 1556 1558 1981
3 1623 1556 1981
3 1558 1557 1639
3 1639 1557 1943
3 1557 1942 1943
3 1631 1558 1639
3 1558 1631 1640
3 1558 1640 1981
3 1559 1860 1861
3 1559 1861 1993
3 1863 1559 1993
3 1560 1561 1564
3 1560 1564 2036
3 1698 1560 2036
3 1564 1561 1565
3 1565 1561 1880
3 1561 1862 1880
3 1562 1610 2015
3 1621 1562 1622
3 1622 1562 2015
3 1563 1707 1708
3 1563 1708 2022
3 1819 1563 2022
3 1564 1565 2032
3 1972 1564 1974
3 1564 1972 2036
3 1974 1564 2032
3 1685 1565 1880
3 1565 1685 1881
3 1565 1881 2032
3 1567 1566 2003
3 1566 1569 1608
3 1566 1608 2003
3 1568 1567 1570
3 1570 1567 1607
3 1607 1567 2003
3 1568 1570 1571
3 1568 1571 1885
3 1689 1568 1885
3 1608 1569 1999
3 1569 1854 1878
3 1569 1878 1999
3 1571 1570 1572
3 1572 1570 2007
3 1570 1607 2007
3 1571 1572 1573
3 1571 1573 1673
3 1571 1673 1885
3 1573 1572 1574
3 1574 1572 1605
3 1605 1572 2007
3 1573 1574 1575
3 1573 1575 1576
3 1573 1576 1673
3 1575 1574 1892
3 1574 1605 1606
3 1574 1606 1892
3 1576 1575 1577
3 1577 1575 1578
3 1578 1575 1892
3 1576 1577 1710
3 1673 1576 1680
3 1680 1576 1710
3 1577 1578 1579
3 1577 1579 1580
3 1577 1580 1710
3 1579 1578 1601
3 1601 1578 1602
3 1602 1578 1892
3 1580 1579 1581
3 1581 1579 1888
3 1579 1601 1888
3 1580 1581 1582
3 1580 1582 1583
3 1580 1583 1710
3 1582 1581 1615
3 1615 1581 1616
3 1616 1581 1888
3 1583 1582 1948
3 1582 1615 1947
3 1582 1947 1948
3 1710 1583 1711
3 1711 1583 1950
3 1583 1948 1950
3 1584 1819 1820
3 1584 1820 2025
3 1848 1584 2025
3 1585 1591 1593
3 1585 1593 2042
3 1609 1585 2042
3 1839 1586 2027
3 1586 1848 1849
3 1586 1849 2027
3 1704 1587 2029
3 1587 1839 1840
3 1587 1840 2029
3 1611 1588 2041
3 1588 1890 1917
3 1588 1917 2041
3 1589 1704 1705
3 1589 1705 2033
3 1868 1589 2033
3 1866 1590 2035
3 1590 1868 1869
3 1590 1869 2035
3 1591 1592 1948
3 1593 1591 1947
3 1947 1591 1948
3 1649 1592 1672
3 1592 1649 1950
3 1948 1592 1950
3 1593 1947 2050
3 1973 1593 1976
3 1593 1973 2042
3 1976 1593 2050
3 1653 1594 1655
3 1655 1594 1656
3 1656 1594 1877
3 1595 1596 1654
3 1595 1654 1938
3 1595 1938 1939
3 1654 1596 1988
3 1596 1746 1747
3 1596 1747 1988
3 1597 1598 1890
3 1816 1597 1893
3 1597 1890 1893
3 1598 1686 1688
3 1598 1688 1917
3 1890 1598 1917
3 1600 1599 2057
3 1700 1599 1887
3 1599 1700 2057
3 1873 1600 1920
3 1920 1600 1970
3 1970 1600 2057
3 1601 1602 1603
3 1601 1603 2055
3 1888 1601 2055
3 1603 1602 1604
3 1604 1602 2013
3 1602 1892 2013
3 1603 1604 2039
3 1978 1603 2039
3 1606 1605 2009
3 1892 1606 2013
3 1606 2009 2010
3 1607 2005 2007
3 1608 2000 2003
3 1944 1609 1945
3 1945 1609 2048
3 1610 1873 1920
3 1612 1611 2043
3 1852 1612 2045
3 1612 2043 2044
3 1619 1613 1954
3 1625 1614 1988
3 1614 1654 1988
3 1947 1615 2050
3 1616 1888 1967
3 1616 1967 2056
3 1618 1617 1620
3 1618 1620 1969
3 1746 1618 1747
3 1747 1618 1969
3 1619 1730 2002
3 1621 1622 1955
3 1956 1622 2015
3 1623 1984 1987
3 1958 1624 1961
3 1631 1626 1966
3 1628 1627 1648
3 1628 1649 1672
3 1629 1630 1951
3 1645 1629 1951
3 1630 1670 1946
3 1640 1631 1966
3 1633 1632 1634
3 1633 1634 1946
3 1635 1636 1638
3 1635 1638 1961
3 1636 1637 1983
3 1638 1636 1962
3 1962 1636 1983
3 1637 1641 1643
3 1953 1638 1962
3 1651 1639 1943
3 1640 1968 1981
3 1641 1642 1643
3 1643 1642 1644
3 1644 1642 2058
3 1642 1646 2058
3 1643 1644 2059
3 1646 1647 2058
3 1647 1944 1945
3 1647 1945 2011
3 1649 1949 1950
3 1650 1652 1941
3 1662 1650 1941
3 1942 1652 1943
3 1653 1886 1939
3 1657 1656 1935
3 1656 1877 1935
3 1658 1657 1659
3 1659 1657 1660
3 1660 1657 1935
3 1658 1659 1927
3 1659 1660 1661
3 1661 1660 1940
3 1660 1935 1936
3 1660 1936 1940
3 1706 1661 1937
3 1937 1661 1940
3 1664 1663 1665
3 1664 1665 1666
3 1664 1666 1923
3 1671 1664 1923
3 1666 1667 1668
3 1666 1668 1923
3 1668 1667 1669
3 1669 1667 1712
3 1712 1667 1792
3 1668 1669 1722
3 1669 1712 1713
3 1922 1671 1923
3 1673 1680 1871
3 1673 1871 1885
3 1675 1674 1681
3 1674 1676 1681
3 1675 1681 1682
3 1675 1682 1881
3 1685 1675 1881
3 1676 1677 1678
3 1676 1678 2051
3 1681 1676 2051
3 1678 1677 1679
3 1679 1677 2045
3 1677 1852 2045
3 1678 1679 2053
3 1678 1977 2051
3 1977 1678 2053
3 1679 2046 2053
3 1680 1710 1711
3 1682 1681 1975
3 1975 1681 2051
3 1682 1975 2047
3 1886 1683 1889
3 1684 1862 1884
3 1883 1684 1884
3 1709 1685 1880
3 1686 1687 1688
3 1688 1687 2038
3 1687 1866 1867
3 1687 1867 2038
3 1917 1688 1918
3 1918 1688 2038
3 1690 1691 1919
3 1690 1919 1921
3 1691 1692 1919
3 1692 1910 1914
3 1692 1914 1916
3 1692 1916 1919
3 1693 1694 1697
3 1694 1695 1696
3 1694 1696 1996
3 1697 1694 1996
3 1696 1695 1992
3 1695 1732 1733
3 1695 1733 1992
3 1696 1994 1996
3 1878 1697 1879
3 1879 1697 1996
3 1700 1699 1971
3 1971 1699 2049
3 1700 1971 2057
3 1702 1701 2001
3 1701 1821 2001
3 1703 1702 2004
3 1815 1703 2012
3 1703 2004 2008
3 1703 2008 2012
3 1705 1704 2029
3 1705 2030 2033
3 1708 1707 2020
3 1707 1782 2020
3 1708 2021 2022
3 1949 1711 1950
3 1713 1712 1933
3 1864 1713 1931
3 1931 1713 1933
3 1715 1714 2012
3 1714 1815 2012
3 1716 1715 2018
3 1782 1716 2020
3 1716 2018 2019
3 1716 2019 2020
3 1717 1748 1915
3 1910 1717 1915
3 1718 1719 1896
3 1891 1718 1896
3 1719 1720 1896
3 1720 1851 1875
3 1720 1875 1876
3 1720 1876 1896
3 1721 1899 1900
3 1723 1724 1725
3 1723 1725 1826
3 1725 1724 1831
3 1724 1726 1727
3 1724 1727 1831
3 1826 1725 1827
3 1827 1725 1828
3 1828 1725 1831
3 1727 1726 1728
3 1728 1726 2006
3 1726 1865 2006
3 1831 1727 1959
3 1729 1728 1730
3 1730 1728 2006
3 2002 1730 2006
3 1733 1734 1735
3 1733 1735 1992
3 1735 1734 1989
3 1857 1734 1859
3 1734 1857 1989
3 1735 1991 1992
3 1736 1737 1739
3 1736 1739 1837
3 1737 1738 1740
3 1739 1737 1979
3 1737 1740 1979
3 1740 1738 1964
3 1738 1798 1799
3 1738 1799 1964
3 1812 1739 1814
3 1739 1812 1837
3 1814 1739 1979
3 1740 1965 1979
3 1742 1741 1744
3 1744 1741 1801
3 1743 1742 1745
3 1742 1744 1834
3 1745 1742 1834
3 1743 1745 1952
3 1845 1743 1846
3 1846 1743 1952
3 1744 1801 1832
3 1744 1832 1833
3 1744 1833 1834
3 1745 1834 1835
3 1745 1835 2031
3 1952 1745 2031
3 1748 1749 1915
3 1749 1905 1911
3 1749 1911 1913
3 1749 1913 1915
3 1750 1912 1921
3 1752 1751 1753
3 1753 1751 1757
3 1752 1753 1772
3 1754 1752 1755
3 1755 1752 1772
3 1753 1757 1758
3 1753 1758 1934
3 1772 1753 1934
3 1754 1755 1756
3 1754 1756 1843
3 1754 1843 1850
3 1771 1755 1772
3 1756 1777 1843
3 1777 1756 1855
3 1758 1759 1760
3 1758 1760 1934
3 1760 1759 1761
3 1761 1759 1928
3 1759 1824 1928
3 1760 1761 1825
3 1783 1760 1825
3 1760 1783 1934
3 1761 1928 1930
3 1900 1762 1901
3 1764 1763 1766
3 1766 1763 1818
3 1765 1764 1767
3 1764 1766 1874
3 1767 1764 1874
3 1765 1767 1768
3 1765 1768 1770
3 1765 1770 1844
3 1766 1818 1929
3 1874 1766 1926
3 1926 1766 1929
3 1768 1767 1769
3 1769 1767 1924
3 1767 1874 1924
3 1770 1768 1937
3 1770 1937 1940
3 1773 1841 1909
3 1905 1773 1909
3 1774 1902 1906
3 1776 1775 1780
3 1777 1776 1778
3 1778 1776 1779
3 1779 1776 1780
3 1777 1778 1843
3 1778 1779 1806
3 1779 1780 1781
3 1781 1780 1931
3 1842 1781 1933
3 1781 1931 1933
3 1785 1784 1930
3 1786 1785 1787
3 1787 1785 1791
3 1791 1785 1930
3 1786 1787 1788
3 1786 1788 1925
3 1800 1786 1925
3 1787 1791 1795
3 1788 1789 1790
3 1788 1790 1925
3 1790 1789 1932
3 1925 1790 1929
3 1790 1926 1929
3 1926 1790 1932
3 1928 1791 1930
3 1796 1793 1908
3 1908 1793 1909
3 1898 1794 1899
3 1907 1796 1908
3 1797 1903 1904
3 1799 1846 1847
3 1799 1847 1964
3 1802 1894 1895
3 1803 1902 1907
3 1804 1805 1856
3 1805 1812 1813
3 1805 1813 1985
3 1856 1805 1985
3 1891 1807 1894
3 1808 1809 1811
3 1809 1810 1811
3 1810 1809 1882
3 1882 1809 1883
3 1813 1812 1814
3 1813 1814 1980
3 1813 1980 1982
3 1813 1982 1985
3 1817 1903 1906
3 1820 1819 2022
3 1820 2023 2025
3 1821 1822 2001
3 1822 1823 1995
3 1822 1995 1998
3 1822 1998 2001
3 1823 1863 1993
3 1827 1828 1829
3 1827 1829 1832
3 1829 1828 1830
3 1829 1830 2024
3 1832 1829 1833
3 1833 1829 2024
3 1836 1901 1904
3 1895 1838 1897
3 1840 1839 2027
3 1840 2028 2029
3 1841 1908 1909
3 1847 1846 1952
3 1847 1960 1964
3 1849 1848 2025
3 1849 2026 2027
3 1853 1897 1898
3 1857 1856 1858
3 1858 1856 1985
3 1857 1858 1989
3 1858 1986 1989
3 1861 1860 1987
3 1861 1990 1993
3 1867 1866 2035
3 1867 2037 2038
3 1869 1868 2033
3 1869 2034 2035
3 1878 1879 1999
3 1879 1997 1999
3 1967 1888 2055
3 1917 1918 2041
3 1920 1970 2052
3 2011 1945 2048
3 1956 2015 2054
3 1963 1962 1983
3 1963 1983 2060
3 2016 1977 2053
3 2017 1978 2039
3 253 2963 1
3 1 2963 337
3 3 2961 297
3 360 2961 3
3 320 2962 5
3 5 2962 467
3 7 2964 377
3 423 2964 7
3 254 2111 253
3 2111 2963 253
3 255 2946 254
3 254 2946 2111
3 256 2092 255
3 2092 2946 255
3 257 2944 256
3 256 2944 2092
3 258 2943 257
3 2943 2944 257
3 259 2080 258
3 2080 2943 258
3 260 2940 259
3 259 2940 2080
3 261 2108 260
3 2108 2940 260
3 262 2937 261
3 261 2937 2108
3 263 2071 262
3 2071 2937 262
3 264 2934 263
3 263 2934 2071
3 265 2106 264
3 2106 2934 264
3 266 2930 265
3 265 2930 2106
3 267 2077 266
3 2077 2930 266
3 268 2928 267
3 267 2928 2077
3 269 2103 268
3 2103 2928 268
3 270 2926 269
3 269 2926 2103
3 271 2067 270
3 2067 2926 270
3 272 2923 271
3 271 2923 2067
3 273 2110 272
3 2110 2923 272
3 274 2921 273
3 273 2921 2110
3 275 2074 274
3 2074 2921 274
3 276 2919 275
3 275 2919 2074
3 277 2918 276
3 2918 2919 276
3 278 2085 277
3 2085 2918 277
3 279 2908 278
3 278 2908 2085
3 280 2904 279
3 2904 2908 279
3 281 2069 280
3 2069 2904 280
3 282 2898 281
3 281 2898 2069
3 283 2895 282
3 2895 2898 282
3 284 2098 283
3 2098 2895 283
3 285 2890 284
3 284 2890 2098
3 286 2076 285
3 2076 2890 285
3 287 2884 286
3 286 2884 2076
3 288 2100 287
3 2100 2884 287
3 289 2868 288
3 288 2868 2100
3 290 2079 289
3 2079 2868 289
3 291 2857 290
3 290 2857 2079
3 292 2115 291
3 2115 2857 291
3 293 2083 292
3 2083 2115 292
3 294 2858 293
3 293 2858 2083
3 295 2102 294
3 2102 2858 294
3 296 2853 295
3 295 2853 2102
3 297 2114 296
3 2114 2853 296
3 297 2961 2114
3 321 2856 320
3 2856 2962 320
3 322 2954 321
3 321 2954 2856
3 323 2097 322
3 2097 2954 322
3 324 2952 323
3 323 2952 2097
3 325 2870 324
3 2870 2952 324
3 326 2087 325
3 2087 2870 325
3 327 2871 326
3 326 2871 2087
3 328 2949 327
3 327 2949 2871
3 329 2065 328
3 2065 2949 328
3 330 2872 329
3 329 2872 2065
3 331 2874 330
3 330 2874 2872
3 332 2089 331
3 2089 2874 331
3 333 2947 332
3 332 2947 2089
3 334 2875 333
3 2875 2947 333
3 335 2095 334
3 2095 2875 334
3 336 2877 335
3 335 2877 2095
3 337 2916 336
3 336 2916 2877
3 337 2963 2916
3 361 2863 360
3 2863 2961 360
3 362 2960 361
3 361 2960 2863
3 363 2094 362
3 2094 2960 362
3 364 2959 363
3 363 2959 2094
3 365 2544 364
3 2544 2959 364
3 366 2088 365
3 2088 2544 365
3 367 2911 366
3 366 2911 2088
3 368 2948 367
3 367 2948 2911
3 369 2066 368
3 2066 2948 368
3 370 2873 369
3 369 2873 2066
3 371 2876 370
3 370 2876 2873
3 372 2090 371
3 2090 2876 371
3 373 2956 372
3 372 2956 2090
3 374 2867 373
3 2867 2956 373
3 375 2096 374
3 2096 2867 374
3 376 2878 375
3 375 2878 2096
3 377 2917 376
3 376 2917 2878
3 377 2964 2917
3 424 2112 423
3 2112 2964 423
3 425 2914 424
3 424 2914 2112
3 426 2093 425
3 2093 2914 425
3 427 2910 426
3 426 2910 2093
3 428 2909 427
3 2909 2910 427
3 429 2081 428
3 2081 2909 428
3 430 2905 429
3 429 2905 2081
3 431 2109 430
3 2109 2905 430
3 432 2900 431
3 431 2900 2109
3 433 2072 432
3 2072 2900 432
3 434 2897 433
3 433 2897 2072
3 435 2107 434
3 2107 2897 434
3 436 2894 435
3 435 2894 2107
3 437 2073 436
3 2073 2894 436
3 438 2891 437
3 437 2891 2073
3 439 2104 438
3 2104 2891 438
3 440 2886 439
3 439 2886 2104
3 441 2084 440
3 2084 2886 440
3 442 2882 441
3 441 2882 2084
3 443 2880 442
3 2880 2882 442
3 444 2068 443
3 2068 2880 443
3 445 2865 444
3 444 2865 2068
3 446 2105 445
3 2105 2865 445
3 447 2860 446
3 446 2860 2105
3 448 2075 447
3 2075 2860 447
3 449 2931 448
3 448 2931 2075
3 450 2735 449
3 2735 2931 449
3 451 2086 450
3 2086 2735 450
3 452 2924 451
3 451 2924 2086
3 453 2730 452
3 2730 2924 452
3 454 2070 453
3 2070 2730 453
3 455 2859 454
3 454 2859 2070
3 456 2101 455
3 2101 2859 455
3 457 2629 456
3 456 2629 2101
3 458 2078 457
3 2078 2629 457
3 459 2854 458
3 458 2854 2078
3 460 2099 459
3 2099 2854 459
3 461 2525 460
3 460 2525 2099
3 462 2082 461
3 2082 2525 461
3 463 2869 462
3 462 2869 2082
3 464 2520 463
3 2520 2869 463
3 465 2091 464
3 2091 2520 464
3 466 2855 465
3 465 2855 2091
3 467 2113 466
3 2113 2855 466
3 467 2962 2113
3 2598 2599 2065
3 2065 2936 2598
3 2599 2949 2065
3 2872 2936 2065
3 2066 2942 2509
3 2509 2948 2066
3 2873 2942 2066
3 2067 2925 2749
3 2749 2926 2067
3 2923 2925 2067
3 2068 2879 2714
3 2714 2880 2068
3 2865 2879 2068
3 2069 2901 2602
3 2602 2904 2069
3 2898 2901 2069
3 2728 2730 2070
3 2070 2731 2728
3 2070 2859 2731
3 2071 2935 2767
3 2767 2937 2071
3 2934 2935 2071
3 2072 2899 2508
3 2508 2900 2072
3 2897 2899 2072
3 2073 2892 2596
3 2596 2894 2073
3 2891 2892 2073
3 2074 2920 2608
3 2608 2921 2074
3 2919 2920 2074
3 2075 2852 2747
3 2747 2860 2075
3 2075 2931 2852
3 2076 2887 2761
3 2761 2890 2076
3 2884 2887 2076
3 2077 2929 2605
3 2605 2930 2077
3 2928 2929 2077
3 2519 2630 2078
3 2078 2854 2519
3 2078 2630 2629
3 2079 2866 2540
3 2540 2868 2079
3 2857 2866 2079
3 2080 2941 2511
3 2511 2943 2080
3 2080 2940 2818
3 2818 2941 2080
3 2081 2907 2505
3 2505 2909 2081
3 2905 2907 2081
3 2082 2888 2525
3 2082 2869 2647
3 2647 2888 2082
3 2083 2116 2115
3 2083 2524 2116
3 2083 2858 2524
3 2084 2885 2758
3 2758 2886 2084
3 2882 2885 2084
3 2085 2912 2615
3 2615 2918 2085
3 2908 2912 2085
3 2733 2734 2086
3 2086 2924 2733
3 2734 2735 2086
3 2087 2957 2870
3 2871 2957 2087
3 2088 2958 2544
3 2088 2911 2547
3 2547 2958 2088
3 2582 2781 2089
3 2089 2947 2582
3 2781 2932 2089
3 2089 2932 2874
3 2090 2516 2515
3 2515 2950 2090
3 2090 2956 2516
3 2090 2950 2876
3 2517 2520 2091
3 2091 2521 2517
3 2091 2855 2521
3 2092 2944 2512
3 2512 2945 2092
3 2092 2945 2579
3 2579 2946 2092
3 2093 2913 2504
3 2504 2914 2093
3 2093 2910 2506
3 2506 2913 2093
3 2094 2543 2537
3 2537 2883 2094
3 2094 2959 2543
3 2883 2960 2094
3 2095 2951 2875
3 2877 2951 2095
3 2096 2878 2503
3 2503 2955 2096
3 2096 2955 2867
3 2097 2820 2510
3 2510 2915 2097
3 2097 2952 2820
3 2915 2954 2097
3 2098 2893 2723
3 2723 2895 2098
3 2890 2893 2098
3 2099 2514 2513
3 2513 2854 2099
3 2099 2525 2514
3 2100 2881 2523
3 2523 2884 2100
3 2868 2881 2100
3 2101 2628 2627
3 2627 2859 2101
3 2101 2629 2628
3 2102 2853 2538
3 2538 2861 2102
3 2102 2861 2858
3 2103 2927 2740
3 2740 2928 2103
3 2926 2927 2103
3 2104 2889 2635
3 2635 2891 2104
3 2886 2889 2104
3 2105 2864 2640
3 2640 2865 2105
3 2860 2864 2105
3 2106 2933 2769
3 2769 2934 2106
3 2930 2933 2106
3 2107 2896 2779
3 2779 2897 2107
3 2894 2896 2107
3 2108 2938 2818
3 2818 2940 2108
3 2937 2938 2108
3 2109 2903 2507
3 2507 2905 2109
3 2900 2903 2109
3 2110 2922 2720
3 2720 2923 2110
3 2921 2922 2110
3 2111 2953 2916
3 2916 2963 2111
3 2946 2953 2111
3 2112 2914 2504
3 2504 2939 2112
3 2112 2939 2917
3 2917 2964 2112
3 2522 2855 2113
3 2113 2856 2522
3 2113 2962 2856
3 2114 2862 2853
3 2114 2863 2862
3 2114 2961 2863
3 2116 2117 2115
3 2117 2857 2115
3 2116 2118 2117
3 2116 2119 2118
3 2116 2524 2119
3 2118 2526 2117
3 2526 2866 2117
3 2117 2866 2857
3 2119 2120 2118
3 2120 2121 2118
3 2121 2526 2118
3 2119 2235 2120
3 2119 2437 2235
3 2119 2524 2437
3 2120 2122 2121
3 2120 2532 2122
3 2235 2532 2120
3 2122 2123 2121
3 2123 2322 2121
3 2322 2526 2121
3 2122 2124 2123
3 2122 2534 2124
3 2532 2534 2122
3 2124 2125 2123
3 2125 2551 2123
3 2123 2551 2322
3 2124 2126 2125
3 2124 2211 2126
3 2124 2534 2211
3 2126 2127 2125
3 2127 2221 2125
3 2221 2551 2125
3 2126 2128 2127
3 2126 2851 2128
3 2211 2851 2126
3 2128 2129 2127
3 2129 2550 2127
3 2127 2550 2221
3 2128 2130 2129
3 2128 2545 2130
3 2128 2851 2545
3 2130 2131 2129
3 2131 2562 2129
3 2129 2562 2550
3 2130 2132 2131
3 2130 2196 2132
3 2130 2545 2196
3 2132 2133 2131
3 2133 2134 2131
3 2134 2562 2131
3 2132 2563 2133
3 2196 2197 2132
3 2197 2563 2132
3 2133 2135 2134
3 2133 2565 2135
3 2563 2565 2133
3 2135 2136 2134
3 2136 2317 2134
3 2317 2562 2134
3 2135 2137 2136
3 2135 2195 2137
3 2135 2565 2195
3 2137 2138 2136
3 2138 2650 2136
3 2136 2650 2317
3 2137 2139 2138
3 2137 2692 2139
3 2195 2692 2137
3 2139 2140 2138
3 2140 2213 2138
3 2213 2650 2138
3 2139 2141 2140
3 2139 2243 2141
3 2139 2692 2243
3 2141 2142 2140
3 2142 2816 2140
3 2140 2816 2213
3 2141 2143 2142
3 2141 2742 2143
3 2243 2742 2141
3 2143 2144 2142
3 2144 2814 2142
3 2814 2816 2142
3 2143 2145 2144
3 2143 2194 2145
3 2143 2742 2194
3 2145 2146 2144
3 2146 2205 2144
3 2205 2814 2144
3 2145 2147 2146
3 2145 2706 2147
3 2194 2706 2145
3 2147 2148 2146
3 2148 2813 2146
3 2146 2813 2205
3 2147 2149 2148
3 2147 2244 2149
3 2147 2706 2244
3 2149 2150 2148
3 2150 2811 2148
3 2811 2813 2148
3 2149 2151 2150
3 2149 2750 2151
3 2244 2750 2149
3 2151 2152 2150
3 2152 2206 2150
3 2206 2811 2150
3 2151 2153 2152
3 2151 2190 2153
3 2151 2750 2190
3 2153 2154 2152
3 2154 2693 2152
3 2152 2693 2206
3 2153 2155 2154
3 2153 2651 2155
3 2190 2651 2153
3 2155 2156 2154
3 2156 2696 2154
3 2154 2696 2693
3 2155 2157 2156
3 2155 2657 2157
3 2651 2657 2155
3 2157 2158 2156
3 2158 2207 2156
3 2207 2696 2156
3 2157 2159 2158
3 2157 2193 2159
3 2157 2657 2193
3 2159 2160 2158
3 2160 2674 2158
3 2158 2674 2207
3 2159 2161 2160
3 2159 2724 2161
3 2193 2724 2159
3 2161 2162 2160
3 2162 2241 2160
3 2241 2674 2160
3 2161 2163 2162
3 2161 2242 2163
3 2161 2724 2242
3 2163 2164 2162
3 2164 2697 2162
3 2162 2697 2241
3 2163 2165 2164
3 2163 2695 2165
3 2242 2695 2163
3 2165 2166 2164
3 2166 2214 2164
3 2214 2697 2164
3 2165 2167 2166
3 2165 2189 2167
3 2165 2695 2189
3 2167 2168 2166
3 2168 2662 2166
3 2166 2662 2214
3 2167 2169 2168
3 2167 2689 2169
3 2189 2689 2167
3 2169 2170 2168
3 2170 2240 2168
3 2240 2662 2168
3 2169 2171 2170
3 2169 2832 2171
3 2689 2832 2169
3 2171 2172 2170
3 2172 2694 2170
3 2170 2694 2240
3 2171 2173 2172
3 2171 2188 2173
3 2171 2832 2188
3 2173 2174 2172
3 2174 2215 2172
3 2215 2694 2172
3 2173 2175 2174
3 2173 2824 2175
3 2188 2824 2173
3 2175 2176 2174
3 2176 2738 2174
3 2174 2738 2215
3 2175 2177 2176
3 2175 2669 2177
3 2175 2824 2669
3 2177 2178 2176
3 2178 2245 2176
3 2245 2738 2176
3 2177 2179 2178
3 2177 2192 2179
3 2177 2669 2192
3 2179 2180 2178
3 2180 2707 2178
3 2178 2707 2245
3 2179 2181 2180
3 2179 2606 2181
3 2192 2606 2179
3 2181 2182 2180
3 2182 2216 2180
3 2216 2707 2180
3 2181 2183 2182
3 2181 2321 2183
3 2181 2606 2321
3 2183 2184 2182
3 2184 2776 2182
3 2182 2776 2216
3 2183 2185 2184
3 2183 2827 2185
3 2321 2827 2183
3 2185 2186 2184
3 2186 2775 2184
3 2775 2776 2184
3 2185 2187 2186
3 2185 2191 2187
3 2185 2827 2191
3 2187 2199 2186
3 2199 2219 2186
3 2219 2775 2186
3 2191 2198 2187
3 2198 2711 2187
3 2187 2711 2199
3 2774 2824 2188
3 2188 2826 2774
3 2188 2832 2826
3 2687 2688 2189
3 2189 2695 2687
3 2688 2689 2189
3 2190 2652 2651
3 2190 2654 2652
3 2190 2750 2654
3 2191 2201 2198
3 2191 2558 2201
3 2191 2827 2558
3 2192 2837 2606
3 2192 2669 2668
3 2668 2837 2192
3 2657 2658 2193
3 2658 2659 2193
3 2659 2724 2193
3 2194 2681 2679
3 2679 2706 2194
3 2194 2742 2681
3 2565 2566 2195
3 2566 2567 2195
3 2567 2692 2195
3 2196 2200 2197
3 2196 2316 2200
3 2196 2545 2316
3 2200 2203 2197
3 2203 2417 2197
3 2417 2563 2197
3 2201 2202 2198
3 2202 2710 2198
3 2710 2711 2198
3 2199 2220 2219
3 2199 2708 2220
3 2199 2711 2708
3 2200 2204 2203
3 2200 2548 2204
3 2316 2548 2200
3 2201 2208 2202
3 2201 2212 2208
3 2201 2558 2212
3 2208 2209 2202
3 2209 2218 2202
3 2218 2710 2202
3 2204 2210 2203
3 2210 2770 2203
3 2203 2770 2417
3 2204 2217 2210
3 2204 2224 2217
3 2204 2548 2224
3 2810 2814 2205
3 2205 2815 2810
3 2813 2815 2205
3 2693 2809 2206
3 2206 2809 2805
3 2805 2811 2206
3 2674 2802 2207
3 2207 2807 2696
3 2802 2807 2207
3 2208 2223 2209
3 2212 2555 2208
3 2208 2555 2223
3 2209 2222 2218
3 2209 2583 2222
3 2223 2583 2209
3 2217 2225 2210
3 2225 2226 2210
3 2226 2770 2210
3 2211 2846 2530
3 2530 2851 2211
3 2534 2846 2211
3 2212 2556 2555
3 2212 2557 2556
3 2212 2558 2557
3 2213 2821 2650
3 2816 2819 2213
3 2819 2821 2213
3 2662 2801 2214
3 2214 2804 2697
3 2801 2804 2214
3 2215 2798 2694
3 2738 2797 2215
3 2797 2798 2215
3 2216 2791 2707
3 2776 2796 2216
3 2216 2796 2791
3 2224 2849 2217
3 2217 2227 2225
3 2217 2849 2227
3 2222 2233 2218
3 2233 2782 2218
3 2218 2782 2710
3 2220 2228 2219
3 2228 2751 2219
3 2751 2775 2219
3 2220 2229 2228
3 2220 2230 2229
3 2220 2708 2230
3 2550 2552 2221
3 2221 2843 2551
3 2552 2843 2221
3 2222 2238 2233
3 2222 2239 2238
3 2222 2583 2239
3 2223 2555 2553
3 2553 2786 2223
3 2223 2786 2583
3 2224 2548 2528
3 2528 2549 2224
3 2549 2849 2224
3 2225 2236 2226
3 2227 2771 2225
3 2225 2771 2236
3 2236 2237 2226
3 2237 2258 2226
3 2258 2770 2226
3 2227 2611 2580
3 2580 2771 2227
3 2227 2849 2611
3 2229 2247 2228
3 2247 2248 2228
3 2248 2751 2228
3 2230 2231 2229
3 2231 2716 2229
3 2229 2716 2247
3 2230 2232 2231
3 2230 2355 2232
3 2230 2708 2355
3 2232 2234 2231
3 2234 2246 2231
3 2246 2716 2231
3 2232 2249 2234
3 2232 2584 2249
3 2355 2584 2232
3 2238 2253 2233
3 2253 2419 2233
3 2419 2782 2233
3 2234 2250 2246
3 2249 2609 2234
3 2234 2609 2250
3 2437 2438 2235
3 2438 2439 2235
3 2439 2532 2235
3 2236 2589 2237
3 2236 2785 2589
3 2771 2785 2236
3 2237 2259 2258
3 2237 2260 2259
3 2237 2589 2260
3 2239 2251 2238
3 2251 2631 2238
3 2238 2631 2253
3 2239 2252 2251
3 2239 2789 2252
3 2583 2789 2239
3 2240 2800 2662
3 2694 2799 2240
3 2799 2800 2240
3 2241 2806 2674
3 2697 2803 2241
3 2803 2806 2241
3 2691 2695 2242
3 2242 2828 2691
3 2724 2828 2242
3 2243 2692 2612
3 2612 2833 2243
3 2243 2833 2742
3 2244 2706 2678
3 2678 2743 2244
3 2743 2750 2244
3 2707 2794 2245
3 2245 2795 2738
3 2794 2795 2245
3 2250 2254 2246
3 2254 2793 2246
3 2246 2793 2716
3 2247 2310 2248
3 2247 2497 2310
3 2247 2716 2497
3 2310 2311 2248
3 2311 2356 2248
3 2356 2751 2248
3 2584 2762 2249
3 2249 2780 2609
3 2762 2780 2249
3 2250 2312 2254
3 2250 2326 2312
3 2250 2609 2326
3 2252 2255 2251
3 2255 2330 2251
3 2330 2631 2251
3 2252 2256 2255
3 2252 2257 2256
3 2252 2789 2257
3 2253 2420 2419
3 2253 2421 2420
3 2253 2631 2421
3 2312 2338 2254
3 2338 2339 2254
3 2339 2793 2254
3 2256 2772 2255
3 2255 2331 2330
3 2255 2772 2331
3 2257 2313 2256
3 2313 2315 2256
3 2315 2772 2256
3 2257 2314 2313
3 2257 2425 2314
3 2257 2789 2425
3 2259 2822 2258
3 2571 2770 2258
3 2258 2822 2571
3 2260 2261 2259
3 2261 2262 2259
3 2262 2822 2259
3 2260 2327 2261
3 2260 2328 2327
3 2260 2589 2328
3 2261 2263 2262
3 2261 2754 2263
3 2327 2754 2261
3 2263 2264 2262
3 2264 2354 2262
3 2354 2822 2262
3 2263 2265 2264
3 2263 2329 2265
3 2263 2754 2329
3 2265 2266 2264
3 2266 2622 2264
3 2264 2622 2354
3 2265 2267 2266
3 2265 2593 2267
3 2329 2593 2265
3 2267 2268 2266
3 2268 2353 2266
3 2353 2622 2266
3 2267 2269 2268
3 2267 2332 2269
3 2267 2593 2332
3 2269 2270 2268
3 2270 2764 2268
3 2268 2764 2353
3 2269 2271 2270
3 2269 2632 2271
3 2332 2632 2269
3 2271 2272 2270
3 2272 2352 2270
3 2352 2764 2270
3 2271 2273 2272
3 2271 2333 2273
3 2271 2632 2333
3 2273 2274 2272
3 2274 2675 2272
3 2272 2675 2352
3 2273 2275 2274
3 2273 2759 2275
3 2333 2759 2273
3 2275 2276 2274
3 2276 2351 2274
3 2351 2675 2274
3 2275 2277 2276
3 2275 2334 2277
3 2275 2759 2334
3 2277 2278 2276
3 2278 2755 2276
3 2276 2755 2351
3 2277 2279 2278
3 2277 2704 2279
3 2334 2704 2277
3 2279 2280 2278
3 2280 2350 2278
3 2350 2755 2278
3 2279 2281 2280
3 2279 2325 2281
3 2279 2704 2325
3 2281 2282 2280
3 2282 2671 2280
3 2280 2671 2350
3 2281 2283 2282
3 2281 2737 2283
3 2325 2737 2281
3 2283 2284 2282
3 2284 2320 2282
3 2320 2671 2282
3 2283 2285 2284
3 2283 2636 2285
3 2283 2737 2636
3 2285 2286 2284
3 2286 2683 2284
3 2284 2683 2320
3 2285 2287 2286
3 2285 2335 2287
3 2285 2636 2335
3 2287 2288 2286
3 2288 2725 2286
3 2286 2725 2683
3 2287 2289 2288
3 2287 2698 2289
3 2335 2698 2287
3 2289 2290 2288
3 2290 2349 2288
3 2349 2725 2288
3 2289 2291 2290
3 2289 2336 2291
3 2289 2698 2336
3 2291 2292 2290
3 2292 2684 2290
3 2290 2684 2349
3 2291 2293 2292
3 2291 2745 2293
3 2336 2745 2291
3 2293 2294 2292
3 2294 2348 2292
3 2348 2684 2292
3 2293 2295 2294
3 2293 2324 2295
3 2293 2745 2324
3 2295 2296 2294
3 2296 2700 2294
3 2294 2700 2348
3 2295 2297 2296
3 2295 2641 2297
3 2324 2641 2295
3 2297 2298 2296
3 2298 2319 2296
3 2319 2700 2296
3 2297 2299 2298
3 2297 2701 2299
3 2641 2701 2297
3 2299 2300 2298
3 2300 2718 2298
3 2298 2718 2319
3 2299 2301 2300
3 2299 2323 2301
3 2299 2701 2323
3 2301 2302 2300
3 2302 2663 2300
3 2663 2718 2300
3 2301 2303 2302
3 2301 2726 2303
3 2323 2726 2301
3 2303 2304 2302
3 2304 2318 2302
3 2318 2663 2302
3 2303 2305 2304
3 2303 2623 2305
3 2303 2726 2623
3 2305 2306 2304
3 2306 2744 2304
3 2304 2744 2318
3 2305 2307 2306
3 2305 2337 2307
3 2305 2623 2337
3 2307 2308 2306
3 2308 2341 2306
3 2341 2744 2306
3 2307 2309 2308
3 2307 2765 2309
3 2337 2765 2307
3 2309 2342 2308
3 2308 2836 2341
3 2342 2836 2308
3 2309 2343 2342
3 2309 2344 2343
3 2309 2765 2344
3 2310 2586 2311
3 2497 2498 2310
3 2498 2586 2310
3 2311 2357 2356
3 2311 2358 2357
3 2311 2586 2358
3 2326 2574 2312
3 2312 2340 2338
3 2312 2574 2340
3 2314 2646 2313
3 2313 2409 2315
3 2313 2646 2409
3 2425 2495 2314
3 2495 2496 2314
3 2496 2646 2314
3 2409 2410 2315
3 2410 2418 2315
3 2418 2772 2315
3 2316 2529 2527
3 2527 2548 2316
3 2316 2545 2529
3 2317 2841 2562
3 2650 2812 2317
3 2812 2841 2317
3 2318 2664 2663
3 2318 2665 2664
3 2318 2744 2665
3 2319 2825 2700
3 2718 2829 2319
3 2319 2829 2825
3 2320 2672 2671
3 2320 2834 2672
3 2683 2834 2320
3 2321 2561 2559
3 2559 2827 2321
3 2321 2606 2561
3 2322 2531 2526
3 2322 2539 2531
3 2322 2551 2539
3 2701 2732 2323
3 2323 2727 2726
3 2323 2732 2727
3 2324 2642 2641
3 2324 2643 2642
3 2324 2745 2643
3 2704 2705 2325
3 2705 2712 2325
3 2712 2737 2325
3 2326 2575 2574
3 2326 2585 2575
3 2326 2609 2585
3 2328 2466 2327
3 2466 2469 2327
3 2469 2754 2327
3 2328 2467 2466
3 2328 2468 2467
3 2328 2589 2468
3 2329 2597 2593
3 2329 2778 2597
3 2754 2778 2329
3 2331 2499 2330
3 2499 2787 2330
3 2330 2787 2631
3 2331 2500 2499
3 2331 2773 2500
3 2772 2773 2331
3 2593 2594 2332
3 2594 2595 2332
3 2595 2632 2332
3 2632 2633 2333
3 2633 2634 2333
3 2634 2759 2333
3 2334 2756 2704
3 2334 2757 2756
3 2334 2759 2757
3 2636 2637 2335
3 2637 2638 2335
3 2638 2698 2335
3 2698 2699 2336
3 2699 2746 2336
3 2336 2746 2745
3 2623 2624 2337
3 2624 2626 2337
3 2626 2765 2337
3 2338 2408 2339
3 2340 2752 2338
3 2338 2752 2408
3 2408 2488 2339
3 2488 2790 2339
3 2790 2793 2339
3 2574 2576 2340
3 2576 2577 2340
3 2577 2752 2340
3 2670 2744 2341
3 2341 2840 2670
3 2836 2840 2341
3 2343 2777 2342
3 2777 2835 2342
3 2835 2836 2342
3 2344 2345 2343
3 2345 2346 2343
3 2346 2777 2343
3 2344 2902 2345
3 2765 2906 2344
3 2344 2906 2902
3 2345 2347 2346
3 2345 2414 2347
3 2345 2902 2414
3 2347 2416 2346
3 2416 2494 2346
3 2494 2777 2346
3 2414 2415 2347
3 2415 2838 2347
3 2347 2838 2416
3 2348 2685 2684
3 2348 2686 2685
3 2348 2700 2686
3 2661 2725 2349
3 2349 2830 2661
3 2684 2830 2349
3 2655 2656 2350
3 2350 2671 2655
3 2656 2755 2350
3 2351 2676 2675
3 2351 2677 2676
3 2351 2755 2677
3 2675 2680 2352
3 2680 2831 2352
3 2352 2831 2764
3 2353 2613 2569
3 2569 2622 2353
3 2353 2764 2613
3 2354 2622 2568
3 2568 2823 2354
3 2354 2823 2822
3 2355 2783 2584
3 2708 2709 2355
3 2709 2783 2355
3 2357 2619 2356
3 2619 2620 2356
3 2620 2751 2356
3 2358 2359 2357
3 2359 2360 2357
3 2360 2619 2357
3 2358 2766 2359
3 2586 2587 2358
3 2587 2766 2358
3 2359 2361 2360
3 2359 2490 2361
3 2359 2766 2490
3 2361 2362 2360
3 2362 2618 2360
3 2618 2619 2360
3 2361 2363 2362
3 2361 2768 2363
3 2490 2768 2361
3 2363 2364 2362
3 2364 2426 2362
3 2426 2618 2362
3 2363 2365 2364
3 2363 2489 2365
3 2363 2768 2489
3 2365 2366 2364
3 2366 2702 2364
3 2364 2702 2426
3 2365 2367 2366
3 2365 2604 2367
3 2489 2604 2365
3 2367 2368 2366
3 2368 2428 2366
3 2428 2702 2366
3 2367 2369 2368
3 2367 2487 2369
3 2367 2604 2487
3 2369 2370 2368
3 2370 2753 2368
3 2368 2753 2428
3 2369 2371 2370
3 2369 2739 2371
3 2487 2739 2369
3 2371 2372 2370
3 2372 2429 2370
3 2429 2753 2370
3 2371 2373 2372
3 2371 2486 2373
3 2371 2739 2486
3 2373 2374 2372
3 2374 2621 2372
3 2372 2621 2429
3 2373 2375 2374
3 2373 2748 2375
3 2486 2748 2373
3 2375 2376 2374
3 2376 2431 2374
3 2431 2621 2374
3 2375 2377 2376
3 2375 2484 2377
3 2375 2748 2484
3 2377 2378 2376
3 2378 2736 2376
3 2376 2736 2431
3 2377 2379 2378
3 2377 2719 2379
3 2484 2719 2377
3 2379 2380 2378
3 2380 2432 2378
3 2432 2736 2378
3 2379 2381 2380
3 2379 2463 2381
3 2379 2719 2463
3 2381 2382 2380
3 2382 2717 2380
3 2380 2717 2432
3 2381 2383 2382
3 2381 2607 2383
3 2463 2607 2381
3 2383 2384 2382
3 2384 2433 2382
3 2433 2717 2382
3 2383 2385 2384
3 2383 2682 2385
3 2607 2682 2383
3 2385 2386 2384
3 2386 2703 2384
3 2384 2703 2433
3 2385 2387 2386
3 2385 2411 2387
3 2385 2682 2411
3 2387 2388 2386
3 2388 2427 2386
3 2427 2703 2386
3 2387 2389 2388
3 2387 2614 2389
3 2411 2614 2387
3 2389 2390 2388
3 2390 2741 2388
3 2388 2741 2427
3 2389 2391 2390
3 2389 2715 2391
3 2614 2715 2389
3 2391 2392 2390
3 2392 2673 2390
3 2673 2741 2390
3 2391 2393 2392
3 2391 2412 2393
3 2391 2715 2412
3 2393 2394 2392
3 2394 2430 2392
3 2430 2673 2392
3 2393 2395 2394
3 2393 2601 2395
3 2412 2601 2393
3 2395 2396 2394
3 2396 2648 2394
3 2394 2648 2430
3 2395 2397 2396
3 2395 2721 2397
3 2601 2721 2395
3 2397 2398 2396
3 2398 2617 2396
3 2617 2648 2396
3 2397 2399 2398
3 2397 2413 2399
3 2397 2721 2413
3 2399 2400 2398
3 2400 2434 2398
3 2434 2617 2398
3 2399 2401 2400
3 2399 2763 2401
3 2413 2763 2399
3 2401 2402 2400
3 2402 2591 2400
3 2400 2591 2434
3 2401 2403 2402
3 2401 2459 2403
3 2401 2763 2459
3 2403 2404 2402
3 2404 2590 2402
3 2590 2591 2402
3 2403 2405 2404
3 2403 2760 2405
3 2459 2760 2403
3 2405 2406 2404
3 2406 2435 2404
3 2435 2590 2404
3 2405 2407 2406
3 2405 2455 2407
3 2405 2760 2455
3 2407 2842 2406
3 2406 2436 2435
3 2406 2842 2436
3 2455 2456 2407
3 2456 2457 2407
3 2457 2842 2407
3 2408 2511 2488
3 2408 2512 2511
3 2408 2752 2512
3 2409 2517 2410
3 2409 2518 2517
3 2409 2646 2518
3 2410 2462 2418
3 2410 2521 2462
3 2517 2521 2410
3 2411 2615 2614
3 2411 2616 2615
3 2411 2682 2616
3 2412 2602 2601
3 2412 2603 2602
3 2412 2715 2603
3 2721 2722 2413
3 2722 2723 2413
3 2723 2763 2413
3 2414 2513 2415
3 2414 2519 2513
3 2414 2902 2519
3 2513 2514 2415
3 2514 2554 2415
3 2554 2838 2415
3 2416 2553 2494
3 2416 2839 2553
3 2838 2839 2416
3 2417 2564 2563
3 2417 2571 2564
3 2417 2770 2571
3 2462 2510 2418
3 2510 2773 2418
3 2418 2773 2772
3 2420 2784 2419
3 2419 2783 2782
3 2419 2784 2783
3 2421 2422 2420
3 2422 2424 2420
3 2424 2784 2420
3 2421 2423 2422
3 2421 2787 2423
3 2631 2787 2421
3 2423 2598 2422
3 2422 2460 2424
3 2422 2598 2460
3 2423 2599 2598
3 2423 2600 2599
3 2423 2787 2600
3 2460 2461 2424
3 2461 2762 2424
3 2762 2784 2424
3 2425 2839 2495
3 2425 2789 2786
3 2786 2839 2425
3 2426 2791 2618
3 2702 2794 2426
3 2426 2794 2791
3 2427 2807 2703
3 2741 2808 2427
3 2427 2808 2807
3 2428 2795 2702
3 2753 2797 2428
3 2428 2797 2795
3 2621 2799 2429
3 2429 2798 2753
3 2429 2799 2798
3 2648 2649 2430
3 2649 2805 2430
3 2430 2805 2673
3 2431 2800 2621
3 2736 2801 2431
3 2431 2801 2800
3 2717 2803 2432
3 2432 2804 2736
3 2803 2804 2432
3 2703 2802 2433
3 2433 2806 2717
3 2802 2806 2433
3 2591 2592 2434
3 2592 2810 2434
3 2434 2810 2617
3 2436 2812 2435
3 2435 2821 2590
3 2812 2821 2435
3 2552 2841 2436
3 2436 2842 2552
3 2436 2841 2812
3 2437 2535 2438
3 2524 2861 2437
3 2437 2861 2535
3 2438 2440 2439
3 2438 2444 2440
3 2438 2535 2444
3 2440 2441 2439
3 2441 2533 2439
3 2439 2533 2532
3 2440 2442 2441
3 2440 2541 2442
3 2444 2541 2440
3 2442 2443 2441
3 2443 2445 2441
3 2445 2533 2441
3 2442 2546 2443
3 2541 2542 2442
3 2542 2546 2442
3 2443 2446 2445
3 2443 2447 2446
3 2443 2546 2447
3 2535 2536 2444
3 2536 2537 2444
3 2537 2541 2444
3 2446 2570 2445
3 2445 2846 2533
3 2570 2846 2445
3 2447 2448 2446
3 2448 2449 2446
3 2449 2570 2446
3 2447 2844 2448
3 2546 2547 2447
3 2547 2844 2447
3 2448 2450 2449
3 2448 2451 2450
3 2448 2844 2451
3 2450 2453 2449
3 2453 2454 2449
3 2454 2570 2449
3 2451 2452 2450
3 2452 2572 2450
3 2450 2572 2453
3 2451 2485 2452
3 2451 2509 2485
3 2451 2844 2509
3 2485 2491 2452
3 2491 2492 2452
3 2492 2572 2452
3 2453 2527 2454
3 2453 2528 2527
3 2453 2572 2528
3 2527 2529 2454
3 2529 2530 2454
3 2530 2570 2454
3 2455 2523 2456
3 2455 2887 2523
3 2760 2887 2455
3 2456 2458 2457
3 2456 2881 2458
3 2523 2881 2456
3 2458 2539 2457
3 2539 2843 2457
3 2457 2843 2842
3 2531 2539 2458
3 2458 2540 2531
3 2458 2881 2540
3 2459 2761 2760
3 2459 2893 2761
3 2763 2893 2459
3 2460 2464 2461
3 2460 2936 2464
3 2598 2936 2460
3 2464 2465 2461
3 2465 2780 2461
3 2461 2780 2762
3 2462 2915 2510
3 2521 2522 2462
3 2522 2915 2462
3 2463 2608 2607
3 2463 2922 2608
3 2719 2922 2463
3 2464 2932 2465
3 2872 2874 2464
3 2464 2936 2872
3 2874 2932 2464
3 2585 2780 2465
3 2465 2781 2585
3 2465 2932 2781
3 2467 2903 2466
3 2466 2508 2469
3 2466 2903 2508
3 2468 2470 2467
3 2470 2507 2467
3 2507 2903 2467
3 2468 2471 2470
3 2468 2785 2471
3 2589 2785 2468
3 2508 2899 2469
3 2469 2778 2754
3 2469 2899 2778
3 2471 2472 2470
3 2472 2907 2470
3 2470 2907 2507
3 2471 2473 2472
3 2471 2573 2473
3 2471 2785 2573
3 2473 2474 2472
3 2474 2505 2472
3 2505 2907 2472
3 2473 2475 2474
3 2473 2476 2475
3 2473 2573 2476
3 2475 2792 2474
3 2474 2506 2505
3 2474 2792 2506
3 2476 2477 2475
3 2477 2478 2475
3 2478 2792 2475
3 2476 2610 2477
3 2573 2580 2476
3 2580 2610 2476
3 2477 2479 2478
3 2477 2480 2479
3 2477 2610 2480
3 2479 2501 2478
3 2501 2502 2478
3 2502 2792 2478
3 2480 2481 2479
3 2481 2788 2479
3 2479 2788 2501
3 2480 2482 2481
3 2480 2483 2482
3 2480 2610 2483
3 2482 2515 2481
3 2515 2516 2481
3 2516 2788 2481
3 2483 2848 2482
3 2482 2847 2515
3 2482 2848 2847
3 2610 2611 2483
3 2611 2850 2483
3 2483 2850 2848
3 2484 2720 2719
3 2484 2925 2720
3 2748 2925 2484
3 2485 2493 2491
3 2485 2942 2493
3 2509 2942 2485
3 2739 2927 2486
3 2486 2749 2748
3 2486 2927 2749
3 2604 2929 2487
3 2487 2740 2739
3 2487 2929 2740
3 2511 2941 2488
3 2488 2817 2790
3 2488 2941 2817
3 2489 2605 2604
3 2489 2933 2605
3 2768 2933 2489
3 2766 2935 2490
3 2490 2769 2768
3 2490 2935 2769
3 2491 2848 2492
3 2493 2847 2491
3 2847 2848 2491
3 2549 2572 2492
3 2492 2850 2549
3 2848 2850 2492
3 2493 2950 2847
3 2873 2876 2493
3 2493 2942 2873
3 2876 2950 2493
3 2553 2555 2494
3 2555 2556 2494
3 2556 2777 2494
3 2495 2554 2496
3 2495 2838 2554
3 2495 2839 2838
3 2554 2888 2496
3 2496 2647 2646
3 2496 2888 2647
3 2497 2790 2498
3 2716 2793 2497
3 2497 2793 2790
3 2498 2588 2586
3 2498 2817 2588
3 2790 2817 2498
3 2500 2957 2499
3 2600 2787 2499
3 2499 2957 2600
3 2773 2820 2500
3 2820 2870 2500
3 2870 2957 2500
3 2501 2503 2502
3 2501 2955 2503
3 2788 2955 2501
3 2503 2504 2502
3 2504 2913 2502
3 2502 2913 2792
3 2503 2939 2504
3 2878 2939 2503
3 2506 2909 2505
3 2792 2913 2506
3 2506 2910 2909
3 2507 2907 2905
3 2508 2903 2900
3 2844 2845 2509
3 2845 2948 2509
3 2510 2820 2773
3 2512 2943 2511
3 2752 2945 2512
3 2512 2944 2943
3 2519 2854 2513
3 2525 2888 2514
3 2514 2888 2554
3 2847 2950 2515
3 2516 2867 2788
3 2516 2956 2867
3 2518 2520 2517
3 2518 2869 2520
3 2646 2647 2518
3 2647 2869 2518
3 2519 2902 2630
3 2521 2855 2522
3 2856 2915 2522
3 2523 2887 2884
3 2858 2861 2524
3 2531 2866 2526
3 2528 2548 2527
3 2528 2572 2549
3 2529 2851 2530
3 2545 2851 2529
3 2530 2846 2570
3 2540 2866 2531
3 2533 2534 2532
3 2533 2846 2534
3 2535 2538 2536
3 2535 2861 2538
3 2536 2883 2537
3 2538 2862 2536
3 2862 2883 2536
3 2537 2543 2541
3 2853 2862 2538
3 2551 2843 2539
3 2540 2881 2868
3 2541 2543 2542
3 2543 2544 2542
3 2544 2958 2542
3 2542 2958 2546
3 2543 2959 2544
3 2546 2958 2547
3 2547 2845 2844
3 2547 2911 2845
3 2549 2850 2849
3 2550 2841 2552
3 2562 2841 2550
3 2842 2843 2552
3 2553 2839 2786
3 2557 2835 2556
3 2556 2835 2777
3 2558 2559 2557
3 2559 2560 2557
3 2560 2835 2557
3 2558 2827 2559
3 2559 2561 2560
3 2561 2840 2560
3 2560 2836 2835
3 2560 2840 2836
3 2606 2837 2561
3 2837 2840 2561
3 2564 2565 2563
3 2564 2566 2565
3 2564 2823 2566
3 2571 2823 2564
3 2566 2568 2567
3 2566 2823 2568
3 2568 2569 2567
3 2569 2612 2567
3 2612 2692 2567
3 2568 2622 2569
3 2569 2613 2612
3 2822 2823 2571
3 2573 2771 2580
3 2573 2785 2771
3 2575 2581 2574
3 2574 2581 2576
3 2575 2582 2581
3 2575 2781 2582
3 2585 2781 2575
3 2576 2578 2577
3 2576 2951 2578
3 2581 2951 2576
3 2578 2579 2577
3 2579 2945 2577
3 2577 2945 2752
3 2578 2953 2579
3 2578 2951 2877
3 2877 2953 2578
3 2579 2953 2946
3 2580 2611 2610
3 2582 2875 2581
3 2875 2951 2581
3 2582 2947 2875
3 2786 2789 2583
3 2584 2784 2762
3 2783 2784 2584
3 2609 2780 2585
3 2586 2588 2587
3 2588 2938 2587
3 2587 2767 2766
3 2587 2938 2767
3 2817 2818 2588
3 2818 2938 2588
3 2590 2819 2591
3 2590 2821 2819
3 2591 2819 2592
3 2592 2814 2810
3 2592 2816 2814
3 2592 2819 2816
3 2593 2597 2594
3 2594 2596 2595
3 2594 2896 2596
3 2597 2896 2594
3 2596 2892 2595
3 2595 2633 2632
3 2595 2892 2633
3 2596 2896 2894
3 2778 2779 2597
3 2779 2896 2597
3 2600 2871 2599
3 2871 2949 2599
3 2600 2957 2871
3 2602 2901 2601
3 2601 2901 2721
3 2603 2904 2602
3 2715 2912 2603
3 2603 2908 2904
3 2603 2912 2908
3 2605 2929 2604
3 2605 2933 2930
3 2608 2920 2607
3 2607 2920 2682
3 2608 2922 2921
3 2849 2850 2611
3 2613 2833 2612
3 2764 2831 2613
3 2831 2833 2613
3 2615 2912 2614
3 2614 2912 2715
3 2616 2918 2615
3 2682 2920 2616
3 2616 2919 2918
3 2616 2920 2919
3 2617 2815 2648
3 2810 2815 2617
3 2618 2796 2619
3 2791 2796 2618
3 2619 2796 2620
3 2620 2775 2751
3 2620 2776 2775
3 2620 2796 2776
3 2621 2800 2799
3 2623 2625 2624
3 2623 2726 2625
3 2625 2731 2624
3 2624 2627 2626
3 2624 2731 2627
3 2726 2727 2625
3 2727 2728 2625
3 2728 2731 2625
3 2627 2628 2626
3 2628 2906 2626
3 2626 2906 2765
3 2731 2859 2627
3 2629 2630 2628
3 2630 2906 2628
3 2902 2906 2630
3 2633 2635 2634
3 2633 2892 2635
3 2635 2889 2634
3 2757 2759 2634
3 2634 2889 2757
3 2635 2892 2891
3 2636 2639 2637
3 2636 2737 2639
3 2637 2640 2638
3 2639 2879 2637
3 2637 2879 2640
3 2640 2864 2638
3 2638 2699 2698
3 2638 2864 2699
3 2712 2714 2639
3 2639 2737 2712
3 2714 2879 2639
3 2640 2879 2865
3 2642 2644 2641
3 2644 2701 2641
3 2643 2645 2642
3 2642 2734 2644
3 2645 2734 2642
3 2643 2852 2645
3 2745 2746 2643
3 2746 2852 2643
3 2644 2732 2701
3 2644 2733 2732
3 2644 2734 2733
3 2645 2735 2734
3 2645 2931 2735
3 2852 2931 2645
3 2648 2815 2649
3 2649 2811 2805
3 2649 2813 2811
3 2649 2815 2813
3 2650 2821 2812
3 2652 2653 2651
3 2653 2657 2651
3 2652 2672 2653
3 2654 2655 2652
3 2655 2672 2652
3 2653 2658 2657
3 2653 2834 2658
3 2672 2834 2653
3 2654 2656 2655
3 2654 2743 2656
3 2654 2750 2743
3 2671 2672 2655
3 2656 2743 2677
3 2677 2755 2656
3 2658 2660 2659
3 2658 2834 2660
3 2660 2661 2659
3 2661 2828 2659
3 2659 2828 2724
3 2660 2725 2661
3 2683 2725 2660
3 2660 2834 2683
3 2661 2830 2828
3 2800 2801 2662
3 2664 2666 2663
3 2666 2718 2663
3 2665 2667 2664
3 2664 2774 2666
3 2667 2774 2664
3 2665 2668 2667
3 2665 2670 2668
3 2665 2744 2670
3 2666 2829 2718
3 2774 2826 2666
3 2826 2829 2666
3 2668 2669 2667
3 2669 2824 2667
3 2667 2824 2774
3 2670 2837 2668
3 2670 2840 2837
3 2673 2809 2741
3 2805 2809 2673
3 2674 2806 2802
3 2676 2680 2675
3 2677 2678 2676
3 2678 2679 2676
3 2679 2680 2676
3 2677 2743 2678
3 2678 2706 2679
3 2679 2681 2680
3 2681 2831 2680
3 2742 2833 2681
3 2681 2833 2831
3 2685 2830 2684
3 2686 2687 2685
3 2687 2691 2685
3 2691 2830 2685
3 2686 2688 2687
3 2686 2825 2688
3 2700 2825 2686
3 2687 2695 2691
3 2688 2690 2689
3 2688 2825 2690
3 2690 2832 2689
3 2825 2829 2690
3 2690 2829 2826
3 2826 2832 2690
3 2828 2830 2691
3 2696 2808 2693
3 2808 2809 2693
3 2798 2799 2694
3 2807 2808 2696
3 2697 2804 2803
3 2699 2747 2746
3 2699 2864 2747
3 2702 2795 2794
3 2703 2807 2802
3 2704 2756 2705
3 2705 2713 2712
3 2705 2885 2713
3 2756 2885 2705
3 2791 2794 2707
3 2708 2711 2709
3 2709 2711 2710
3 2710 2782 2709
3 2782 2783 2709
3 2713 2714 2712
3 2713 2880 2714
3 2713 2882 2880
3 2713 2885 2882
3 2717 2806 2803
3 2720 2922 2719
3 2720 2925 2923
3 2721 2901 2722
3 2722 2895 2723
3 2722 2898 2895
3 2722 2901 2898
3 2723 2893 2763
3 2727 2729 2728
3 2727 2732 2729
3 2729 2730 2728
3 2729 2924 2730
3 2732 2733 2729
3 2733 2924 2729
3 2736 2804 2801
3 2795 2797 2738
3 2740 2927 2739
3 2740 2929 2928
3 2741 2809 2808
3 2747 2852 2746
3 2747 2864 2860
3 2749 2925 2748
3 2749 2927 2926
3 2753 2798 2797
3 2757 2758 2756
3 2758 2885 2756
3 2757 2889 2758
3 2758 2889 2886
3 2761 2887 2760
3 2761 2893 2890
3 2767 2935 2766
3 2767 2938 2937
3 2769 2933 2768
3 2769 2935 2934
3 2778 2899 2779
3 2779 2899 2897
3 2867 2955 2788
3 2817 2941 2818
3 2820 2952 2870
3 2911 2948 2845
3 2856 2954 2915
3 2863 2883 2862
3 2863 2960 2883
3 2916 2953 2877
3 2917 2939 2878
3 4 298 3155
3 422 4 3155
3 301 5 3152
3 5 467 3152
3 338 6 3154
3 6 378 3154
3 7 341 3153
3 423 7 3153
3 298 299 3137
3 298 3137 3155
3 299 300 2966
3 299 2966 3137
3 300 301 3136
3 2966 300 3136
3 3136 301 3152
3 339 338 3134
3 3134 338 3154
3 340 339 2965
3 2965 339 3134
3 341 340 3135
3 340 2965 3135
3 341 3135 3153
3 378 379 3093
3 378 3093 3154
3 379 380 3002
3 379 3002 3093
3 380 381 3085
3 3002 380 3085
3 381 382 2990
3 381 2990 3085
3 382 383 3095
3 2990 382 3095
3 383 384 2987
3 383 2987 3095
3 384 385 3086
3 2987 384 3086
3 385 386 3099
3 3086 385 3099
3 386 387 2970
3 386 2970 3099
3 387 388 3092
3 2970 387 3092
3 388 389 3000
3 388 3000 3092
3 389 390 3103
3 3000 389 3103
3 390 391 2988
3 390 2988 3103
3 391 392 3102
3 2988 391 3102
3 392 393 3050
3 392 3050 3102
3 393 394 2979
3 393 2979 3050
3 394 395 3104
3 2979 394 3104
3 395 396 2967
3 395 2967 3104
3 396 397 3105
3 2967 396 3105
3 397 398 3041
3 397 3041 3105
3 398 399 2968
3 398 2968 3041
3 399 400 3113
3 2968 399 3113
3 400 401 2980
3 400 2980 3113
3 401 402 3059
3 2980 401 3059
3 402 403 2997
3 402 2997 3059
3 403 404 3112
3 2997 403 3112
3 404 405 2973
3 404 2973 3112
3 405 406 3101
3 2973 405 3101
3 406 407 2974
3 406 2974 3101
3 407 408 3116
3 2974 407 3116
3 408 409 2998
3 408 2998 3116
3 409 410 3072
3 2998 409 3072
3 410 411 2983
3 410 2983 3072
3 411 412 3049
3 2983 411 3049
3 412 413 2981
3 412 2981 3049
3 413 414 3109
3 2981 413 3109
3 414 415 2984
3 414 2984 3109
3 415 416 3110
3 2984 415 3110
3 416 417 2985
3 416 2985 3110
3 417 418 3121
3 2985 417 3121
3 418 419 3107
3 418 3107 3121
3 419 420 2982
3 419 2982 3107
3 420 421 3006
3 2982 420 3006
3 421 422 3004
3 421 3004 3006
3 3004 422 3155
3 424 423 3003
3 3003 423 3153
3 425 424 3065
3 424 3003 3065
3 426 425 2976
3 2976 425 3065
3 427 426 3098
3 426 2976 3098
3 428 427 2969
3 2969 427 3098
3 429 428 3097
3 428 2969 3097
3 430 429 2977
3 2977 429 3097
3 431 430 3100
3 430 2977 3100
3 432 431 2999
3 2999 431 3100
3 433 432 3073
3 432 2999 3073
3 434 433 2978
3 2978 433 3073
3 435 434 3120
3 434 2978 3120
3 436 435 3127
3 435 3120 3127
3 437 436 2971
3 2971 436 3127
3 438 437 3141
3 437 2971 3141
3 439 438 3140
3 438 3058 3140
3 3058 438 3141
3 440 439 2992
3 2992 439 3140
3 441 440 3064
3 440 2992 3064
3 442 441 3114
3 441 3064 3114
3 443 442 2986
3 2986 442 3114
3 444 443 3094
3 443 2986 3094
3 445 444 2991
3 2991 444 3094
3 446 445 3111
3 445 2991 3111
3 447 446 3061
3 3061 446 3111
3 448 447 2972
3 2972 447 3061
3 449 448 3108
3 448 2972 3108
3 450 449 3036
3 3036 449 3108
3 451 450 2989
3 2989 450 3036
3 452 451 3118
3 451 2989 3118
3 453 452 3115
3 3115 452 3118
3 454 453 2975
3 2975 453 3115
3 455 454 3026
3 454 2975 3026
3 456 455 3096
3 455 3026 3096
3 457 456 2993
3 2993 456 3096
3 458 457 3119
3 457 2993 3119
3 459 458 2994
3 2994 458 3119
3 460 459 3016
3 459 2994 3016
3 461 460 2996
3 2996 460 3016
3 462 461 3117
3 461 2996 3117
3 463 462 2995
3 2995 462 3117
3 464 463 3106
3 463 2995 3106
3 465 464 3001
3 3001 464 3106
3 466 465 3015
3 465 3001 3015
3 467 466 3005
3 3005 466 3015
3 467 3005 3152
3 2965 3071 3135
3 3071 2965 3138
3 2965 3134 3138
3 2966 3014 3137
3 3014 2966 3139
3 2966 3136 3139
3 3104 2967 3122
3 2967 3105 3129
3 3122 2967 3129
3 3041 2968 3042
3 3042 2968 3043
3 3043 2968 3113
3 3090 2969 3146
3 2969 3090 3175
3 3097 2969 3175
3 2969 3098 3146
3 2970 3092 3158
3 3099 2970 3170
3 2970 3158 3170
3 3057 2971 3149
3 2971 3057 3176
3 2971 3127 3149
3 3141 2971 3176
3 2972 3061 3062
3 2972 3062 3126
3 3108 2972 3126
3 2973 3101 3167
3 3112 2973 3169
3 2973 3167 3169
3 3101 2974 3190
3 2974 3116 3185
3 2974 3185 3190
3 3026 2975 3027
3 3027 2975 3028
3 3028 2975 3115
3 2976 3065 3066
3 2976 3066 3067
3 2976 3067 3098
3 2977 3091 3143
3 3091 2977 3160
3 2977 3097 3160
3 3100 2977 3143
3 2978 3073 3079
3 2978 3079 3080
3 2978 3080 3120
3 3050 2979 3051
3 3051 2979 3052
3 3052 2979 3104
3 2980 3059 3060
3 2980 3060 3125
3 3113 2980 3125
3 3049 2981 3188
3 2981 3109 3187
3 2981 3187 3188
3 2982 3006 3007
3 2982 3007 3008
3 2982 3008 3107
3 2983 3049 3184
3 3072 2983 3177
3 3177 2983 3184
3 3109 2984 3166
3 2984 3110 3162
3 2984 3162 3166
3 3020 2985 3148
3 2985 3020 3178
3 3110 2985 3178
3 2985 3121 3148
3 3094 2986 3156
3 2986 3114 3171
3 3156 2986 3171
3 2987 3086 3087
3 2987 3087 3088
3 2987 3088 3095
3 3084 2988 3151
3 2988 3084 3186
3 2988 3102 3151
3 3103 2988 3186
3 2989 3036 3037
3 2989 3037 3130
3 3118 2989 3130
3 3069 2990 3147
3 2990 3069 3173
3 3085 2990 3173
3 2990 3095 3147
3 2991 3094 3172
3 3111 2991 3180
3 2991 3172 3180
3 3064 2992 3182
3 2992 3140 3174
3 2992 3174 3182
3 2993 3096 3123
3 3119 2993 3131
3 2993 3123 3131
3 3016 2994 3022
3 3022 2994 3023
3 3023 2994 3119
3 3013 2995 3150
3 2995 3013 3179
3 3106 2995 3179
3 2995 3117 3150
3 2996 3016 3017
3 2996 3017 3018
3 2996 3018 3117
3 3059 2997 3124
3 2997 3112 3181
3 3124 2997 3181
3 2998 3072 3161
3 3116 2998 3165
3 2998 3161 3165
3 3073 2999 3074
3 3074 2999 3075
3 3075 2999 3100
3 3092 3000 3164
3 3000 3103 3189
3 3164 3000 3189
3 3015 3001 3157
3 3001 3106 3168
3 3157 3001 3168
3 3002 3070 3138
3 3070 3002 3159
3 3002 3085 3159
3 3093 3002 3138
3 3065 3003 3071
3 3071 3003 3135
3 3135 3003 3153
3 3006 3004 3014
3 3014 3004 3137
3 3137 3004 3155
3 3005 3015 3139
3 3136 3005 3139
3 3005 3136 3152
3 3007 3006 3014
3 3008 3007 3009
3 3009 3007 3010
3 3010 3007 3014
3 3008 3009 3011
3 3008 3011 3012
3 3008 3012 3107
3 3009 3010 3157
3 3011 3009 3168
3 3009 3157 3168
3 3010 3014 3139
3 3015 3010 3139
3 3010 3015 3157
3 3012 3011 3013
3 3013 3011 3179
3 3011 3168 3179
3 3012 3013 3148
3 3107 3012 3121
3 3121 3012 3148
3 3013 3020 3148
3 3020 3013 3150
3 3017 3016 3022
3 3018 3017 3019
3 3019 3017 3021
3 3021 3017 3022
3 3018 3019 3020
3 3018 3020 3150
3 3117 3018 3150
3 3020 3019 3178
3 3019 3021 3162
3 3019 3162 3178
3 3021 3022 3024
3 3021 3024 3166
3 3162 3021 3166
3 3022 3023 3024
3 3024 3023 3025
3 3025 3023 3131
3 3023 3119 3131
3 3024 3025 3187
3 3166 3024 3187
3 3025 3131 3133
3 3025 3133 3188
3 3187 3025 3188
3 3026 3027 3029
3 3026 3029 3096
3 3027 3028 3032
3 3029 3027 3030
3 3030 3027 3032
3 3032 3028 3033
3 3033 3028 3034
3 3034 3028 3115
3 3029 3030 3031
3 3029 3031 3123
3 3096 3029 3123
3 3031 3030 3177
3 3030 3032 3161
3 3030 3161 3177
3 3123 3031 3133
3 3133 3031 3184
3 3031 3177 3184
3 3032 3033 3165
3 3161 3032 3165
3 3033 3034 3035
3 3033 3035 3185
3 3165 3033 3185
3 3035 3034 3130
3 3034 3115 3118
3 3034 3118 3130
3 3128 3035 3130
3 3035 3128 3190
3 3185 3035 3190
3 3037 3036 3038
3 3038 3036 3108
3 3037 3038 3039
3 3037 3039 3128
3 3037 3128 3130
3 3039 3038 3040
3 3040 3038 3126
3 3038 3108 3126
3 3039 3040 3169
3 3128 3039 3167
3 3167 3039 3169
3 3040 3126 3142
3 3040 3142 3181
3 3169 3040 3181
3 3041 3042 3044
3 3041 3044 3105
3 3042 3043 3045
3 3044 3042 3047
3 3042 3045 3047
3 3045 3043 3046
3 3046 3043 3125
3 3043 3113 3125
3 3044 3047 3048
3 3044 3048 3129
3 3105 3044 3129
3 3045 3046 3172
3 3047 3045 3156
3 3156 3045 3172
3 3046 3125 3144
3 3046 3144 3180
3 3172 3046 3180
3 3048 3047 3171
3 3047 3156 3171
3 3129 3048 3132
3 3132 3048 3183
3 3048 3171 3183
3 3184 3049 3188
3 3050 3051 3053
3 3050 3053 3102
3 3051 3052 3054
3 3053 3051 3056
3 3051 3054 3056
3 3054 3052 3055
3 3055 3052 3122
3 3052 3104 3122
3 3053 3056 3057
3 3053 3057 3151
3 3102 3053 3151
3 3054 3055 3174
3 3056 3054 3058
3 3058 3054 3174
3 3055 3122 3132
3 3055 3132 3182
3 3174 3055 3182
3 3057 3056 3176
3 3056 3058 3176
3 3084 3057 3149
3 3057 3084 3151
3 3140 3058 3174
3 3058 3141 3176
3 3060 3059 3124
3 3060 3063 3144
3 3063 3060 3163
3 3060 3124 3163
3 3125 3060 3144
3 3062 3061 3063
3 3063 3061 3111
3 3062 3063 3163
3 3062 3124 3142
3 3124 3062 3163
3 3126 3062 3142
3 3063 3111 3180
3 3144 3063 3180
3 3114 3064 3183
3 3064 3182 3183
3 3066 3065 3071
3 3067 3066 3068
3 3068 3066 3070
3 3070 3066 3071
3 3067 3068 3069
3 3067 3069 3146
3 3098 3067 3146
3 3069 3068 3173
3 3068 3070 3159
3 3068 3159 3173
3 3069 3090 3146
3 3090 3069 3147
3 3070 3071 3138
3 3161 3072 3177
3 3073 3074 3079
3 3074 3075 3076
3 3074 3076 3078
3 3074 3078 3079
3 3076 3075 3077
3 3077 3075 3143
3 3075 3100 3143
3 3076 3077 3170
3 3078 3076 3158
3 3158 3076 3170
3 3091 3077 3143
3 3077 3091 3145
3 3099 3077 3145
3 3077 3099 3170
3 3079 3078 3081
3 3081 3078 3164
3 3078 3158 3164
3 3080 3079 3081
3 3080 3081 3082
3 3080 3082 3083
3 3080 3083 3120
3 3082 3081 3189
3 3081 3164 3189
3 3083 3082 3084
3 3084 3082 3186
3 3186 3082 3189
3 3083 3084 3149
3 3120 3083 3127
3 3127 3083 3149
3 3159 3085 3173
3 3087 3086 3145
3 3086 3099 3145
3 3088 3087 3089
3 3089 3087 3091
3 3091 3087 3145
3 3088 3089 3090
3 3088 3090 3147
3 3095 3088 3147
3 3090 3089 3175
3 3089 3091 3160
3 3089 3160 3175
3 3158 3092 3164
3 3134 3093 3138
3 3093 3134 3154
3 3094 3156 3172
3 3160 3097 3175
3 3167 3101 3190
3 3103 3186 3189
3 3168 3106 3179
3 3109 3166 3187
3 3162 3110 3178
3 3112 3169 3181
3 3171 3114 3183
3 3116 3165 3185
3 3122 3129 3132
3 3131 3123 3133
3 3142 3124 3181
3 3128 3167 3190
3 3182 3132 3183
3 3133 3184 3188
3 468 3192 8
3 8 3192 469
3 9 3193 468
3 471 3193 9
3 469 3194 10
3 10 3194 470
3 470 3191 11
3 11 3191 471
3 468 3193 3192
3 3192 3194 469
3 470 3194 3191
3 3191 3193 471
3 3192 3193 3191
3 3191 3194 3192
3 8 3197 468
3 474 3197 8
3 468 3195 9
3 9 3195 472
3 472 3196 12
3 12 3196 473
3 473 3198 13
3 13 3198 474
3 468 3197 3195
3 3195 3196 472
3 3196 3198 473
3 474 3198 3197
3 3195 3198 3196
3 3197 3198 3195
3 8 469 3199
3 474 8 3199
3 469 10 3200
3 10 475 3200
3 13 474 3201
3 476 13 3201
3 475 14 3202
3 14 476 3202
3 3199 469 3200
3 474 3199 3201
3 3200 475 3202
3 476 3201 3202
3 3199 3200 3201
3 3201 3200 3202
3 10 470 3205
3 475 10 3205
3 470 11 3203
3 11 477 3203
3 14 475 3206
3 478 14 3206
3 477 15 3204
3 15 478 3204
3 470 3203 3205
3 475 3205 3206
3 3203 477 3204
3 3204 478 3206
3 3203 3204 3206
3 3205 3203 3206
3 9 3207 471
3 472 3207 9
3 471 3208 11
3 11 3208 477
3 12 3209 472
3 479 3209 12
3 477 3210 15
3 15 3210 479
3 3207 3208 471
3 472 3209 3207
3 3208 3210 477
3 479 3210 3209
3 3207 3209 3208
3 3209 3210 3208
3 12 473 3212
3 479 12 3212
3 473 13 3213
3 13 476 3213
3 476 14 3214
3 14 478 3214
3 478 15 3211
3 15 479 3211
3 3212 473 3213
3 3213 476 3214
3 478 3211 3214
3 3211 479 3212
3 3211 3212 3213
3 3211 3213 3214
3 480 3216 16
3 16 3216 481
3 17 3217 480
3 483 3217 17
3 481 3218 18
3 18 3218 482
3 482 3215 19
3 19 3215 483
3 480 3217 3216
3 3216 3218 481
3 482 3218 3215
3 3215 3217 483
3 3216 3217 3215
3 3215 3218 3216
3 16 3220 480
3 486 3220 16
3 480 3222 17
3 17 3222 484
3 484 3219 20
3 20 3219 485
3 485 3221 21
3 21 3221 486
3 3220 3222 480
3 484 3222 3219
3 3219 3221 485
3 486 3221 3220
3 3220 3221 3219
3 3219 3222 3220
3 16 481 3223
3 486 16 3223
3 481 18 3225
3 18 487 3225
3 488 21 486
3 487 22 3224
3 22 488 3224
3 3223 481 3225
3 488 486 3223
3 487 3224 3225
3 488 3223 3224
3 3224 3223 3225
3 18 482 3226
3 487 18 3226
3 482 19 3229
3 19 489 3229
3 22 487 3227
3 490 22 3227
3 489 23 3228
3 23 490 3228
3 3226 482 3229
3 487 3226 3227
3 489 3228 3229
3 490 3227 3228
3 3227 3226 3229
3 3228 3227 3229
3 17 3230 483
3 484 3230 17
3 483 3232 19
3 19 3232 489
3 20 3233 484
3 491 3233 20
3 489 3231 23
3 23 3231 491
3 3230 3232 483
3 484 3233 3230
3 489 3232 3231
3 3231 3233 491
3 3230 3233 3232
3 3232 3233 3231
3 20 485 3235
3 491 20 3235
3 485 21 3236
3 21 488 3236
3 488 22 3237
3 22 490 3237
3 490 23 3234
3 23 491 3234
3 3235 485 3236
3 3236 488 3237
3 490 3234 3237
3 3234 491 3235
3 3234 3235 3236
3 3234 3236 3237
3 492 3239 24
3 24 3239 493
3 495 492 25
3 493 3240 26
3 26 3240 494
3 494 3238 27
3 27 3238 495
3 495 3238 492
3 3238 3239 492
3 3239 3240 493
3 494 3240 3238
3 3238 3240 3239
3 24 3243 492
3 498 3243 24
3 492 3241 25
3 25 3241 496
3 496 3242 28
3 28 3242 497
3 497 3244 29
3 29 3244 498
3 492 3243 3241
3 3241 3242 496
3 3242 3244 497
3 498 3244 3243
3 3241 3244 3242
3 3243 3244 3241
3 24 493 3245
3 498 24 3245
3 493 26 3247
3 26 499 3247
3 29 498 3246
3 500 29 3246
3 499 30 3248
3 30 500 3248
3 3245 493 3247
3 498 3245 3246
3 3247 499 3248
3 500 3246 3248
3 3246 3245 3247
3 3246 3247 3248
3 26 494 3251
3 499 26 3251
3 494 27 3249
3 27 501 3249
3 30 499 3252
3 502 30 3252
3 501 31 3250
3 31 502 3250
3 494 3249 3251
3 499 3251 3252
3 3249 501 3250
3 3250 502 3252
3 3249 3250 3252
3 3251 3249 3252
3 25 3253 495
3 496 3253 25
3 495 3255 27
3 27 3255 501
3 28 3254 496
3 503 3254 28
3 501 3256 31
3 31 3256 503
3 3253 3255 495
3 496 3254 3253
3 3255 3256 501
3 503 3256 3254
3 3254 3255 3253
3 3254 3256 3255
3 28 497 3260
3 503 28 3260
3 497 29 3258
3 29 500 3258
3 500 30 3259
3 30 502 3259
3 502 31 3257
3 31 503 3257
3 497 3258 3260
3 3258 500 3259
3 502 3257 3259
3 3257 503 3260
3 3257 3258 3259
3 3258 3257 3260
3 504 3261 32
3 32 3261 505
3 33 3263 504
3 507 3263 33
3 505 3264 34
3 34 3264 506
3 506 3262 35
3 35 3262 507
3 504 3263 3261
3 3261 3264 505
3 506 3264 3262
3 3262 3263 507
3 3263 3264 3261
3 3262 3264 3263
3 32 3268 504
3 510 3268 32
3 504 3267 33
3 33 3267 508
3 508 3265 36
3 36 3265 509
3 509 3266 37
3 37 3266 510
3 504 3268 3267
3 508 3267 3265
3 3265 3266 509
3 3266 3268 510
3 3265 3268 3266
3 3267 3268 3265
3 32 505 3269
3 510 32 3269
3 505 34 3272
3 34 511 3272
3 37 510 3270
3 512 37 3270
3 511 38 3271
3 38 512 3271
3 3269 505 3272
3 510 3269 3270
3 511 3271 3272
3 512 3270 3271
3 3270 3269 3272
3 3271 3270 3272
3 34 506 3273
3 511 34 3273
3 506 35 3276
3 35 513 3276
3 38 511 3274
3 514 38 3274
3 513 39 3275
3 39 514 3275
3 3273 506 3276
3 511 3273 3274
3 513 3275 3276
3 514 3274 3275
3 3274 3273 3275
3 3275 3273 3276
3 33 3277 507
3 508 3277 33
3 507 3280 35
3 35 3280 513
3 36 3278 508
3 515 3278 36
3 513 3279 39
3 39 3279 515
3 3277 3280 507
3 508 3278 3277
3 513 3280 3279
3 515 3279 3278
3 3278 3280 3277
3 3279 3280 3278
3 36 509 3283
3 515 36 3283
3 509 37 3281
3 37 512 3281
3 512 38 3284
3 38 514 3284
3 514 39 3282
3 39 515 3282
3 509 3281 3283
3 3281 512 3284
3 514 3282 3284
3 3282 515 3283
3 3283 3281 3284
3 3282 3283 3284
3 516 3287 40
3 40 3287 517
3 41 3285 516
3 519 3285 41
3 517 3288 42
3 42 3288 518
3 518 3286 43
3 43 3286 519
3 3285 3287 516
3 3287 3288 517
3 518 3288 3286
3 519 3286 3285
3 3286 3287 3285
3 3286 3288 3287
3 40 3290 516
3 522 3290 40
3 516 3289 41
3 41 3289 520
3 520 3291 44
3 44 3291 521
3 521 3292 45
3 45 3292 522
3 516 3290 3289
3 3289 3291 520
3 3291 3292 521
3 522 3292 3290
3 3290 3291 3289
3 3290 3292 3291
3 40 517 3295
3 522 40 3295
3 517 42 3293
3 42 523 3293
3 45 522 3294
3 524 45 3294
3 523 46 3296
3 46 524 3296
3 517 3293 3295
3 3294 522 3295
3 3293 523 3296
3 524 3294 3296
3 3293 3294 3295
3 3294 3293 3296
3 42 518 3298
3 523 42 3298
3 518 43 3297
3 43 525 3297
3 46 523 3299
3 526 46 3299
3 525 47 3300
3 47 526 3300
3 518 3297 3298
3 523 3298 3299
3 3297 525 3300
3 526 3299 3300
3 3298 3297 3300
3 3299 3298 3300
3 41 3303 519
3 520 3303 41
3 519 3301 43
3 43 3301 525
3 44 3302 520
3 527 3302 44
3 525 3304 47
3 47 3304 527
3 519 3303 3301
3 3302 3303 520
3 3301 3304 525
3 527 3304 3302
3 3301 3303 3302
3 3302 3304 3301
3 44 521 3305
3 527 44 3305
3 521 45 3307
3 45 524 3307
3 524 46 3308
3 46 526 3308
3 526 47 3306
3 47 527 3306
3 3305 521 3307
3 3307 524 3308
3 526 3306 3308
3 527 3305 3306
3 3306 3305 3307
3 3306 3307 3308
3 528 3310 48
3 48 3310 529
3 49 3309 528
3 531 3309 49
3 529 3311 50
3 50 3311 530
3 530 3312 51
3 51 3312 531
3 3309 3310 528
3 3310 3311 529
3 3311 3312 530
3 531 3312 3309
3 3309 3312 3310
3 3310 3312 3311
3 48 3315 528
3 534 3315 48
3 528 3314 49
3 49 3314 532
3 532 3313 52
3 52 3313 533
3 533 3316 53
3 53 3316 534
3 528 3315 3314
3 532 3314 3313
3 3313 3316 533
3 534 3316 3315
3 3314 3316 3313
3 3315 3316 3314
3 48 529 3317
3 534 48 3317
3 529 50 3319
3 50 535 3319
3 53 534 3318
3 536 53 3318
3 535 54 3320
3 54 536 3320
3 3317 529 3319
3 534 3317 3318
3 3319 535 3320
3 536 3318 3320
3 3318 3317 3319
3 3318 3319 3320
3 50 530 3323
3 535 50 3323
3 530 51 3322
3 51 537 3322
3 54 535 3324
3 538 54 3324
3 537 55 3321
3 55 538 3321
3 530 3322 3323
3 535 3323 3324
3 537 3321 3322
3 3321 538 3324
3 3322 3321 3324
3 3323 3322 3324
3 49 3325 531
3 532 3325 49
3 531 3326 51
3 51 3326 537
3 52 3327 532
3 539 3327 52
3 537 3328 55
3 55 3328 539
3 3325 3326 531
3 532 3327 3325
3 3326 3328 537
3 539 3328 3327
3 3325 3327 3326
3 3327 3328 3326
3 52 533 3329
3 539 52 3329
3 533 53 3331
3 53 536 3331
3 536 54 3332
3 54 538 3332
3 538 55 3330
3 55 539 3330
3 3329 533 3331
3 3331 536 3332
3 538 3330 3332
3 539 3329 3330
3 3330 3329 3331
3 3330 3331 3332
3 540 3334 56
3 56 3334 541
3 57 3335 540
3 543 3335 57
3 541 3336 58
3 58 3336 542
3 542 3333 59
3 59 3333 543
3 540 3335 3334
3 3334 3336 541
3 542 3336 3333
3 3333 3335 543
3 3334 3335 3333
3 3333 3336 3334
3 56 3339 540
3 546 3339 56
3 540 3337 57
3 57 3337 544
3 544 3338 60
3 60 3338 545
3 545 3340 61
3 61 3340 546
3 540 3339 3337
3 3337 3338 544
3 3338 3340 545
3 546 3340 3339
3 3337 3339 3338
3 3339 3340 3338
3 56 541 3341
3 546 56 3341
3 541 58 3343
3 58 547 3343
3 61 546 3344
3 548 61 3344
3 547 62 3342
3 62 548 3342
3 3341 541 3343
3 546 3341 3344
3 547 3342 3343
3 3342 548 3344
3 3342 3341 3343
3 3341 3342 3344
3 58 542 3347
3 547 58 3347
3 542 59 3345
3 59 549 3345
3 62 547 3348
3 550 62 3348
3 549 63 3346
3 63 550 3346
3 542 3345 3347
3 547 3347 3348
3 3345 549 3346
3 3346 550 3348
3 3345 3346 3347
3 3347 3346 3348
3 57 3349 543
3 544 3349 57
3 543 3351 59
3 59 3351 549
3 60 3350 544
3 551 3350 60
3 549 3352 63
3 63 3352 551
3 3349 3351 543
3 544 3350 3349
3 3351 3352 549
3 551 3352 3350
3 3350 3351 3349
3 3350 3352 3351
3 60 545 3354
3 551 60 3354
3 545 61 3355
3 61 548 3355
3 548 62 3356
3 62 550 3356
3 550 63 3353
3 63 551 3353
3 3354 545 3355
3 3355 548 3356
3 550 3353 3356
3 3353 551 3354
3 3353 3354 3355
3 3353 3355 3356
3 552 3358 64
3 64 3358 553
3 65 3359 552
3 555 3359 65
3 553 3360 66
3 66 3360 554
3 554 3357 67
3 67 3357 555
3 552 3359 3358
3 3358 3360 553
3 554 3360 3357
3 3357 3359 555
3 3358 3359 3357
3 3357 3360 3358
3 64 3362 552
3 558 3362 64
3 552 3361 65
3 65 3361 556
3 556 3363 68
3 68 3363 557
3 557 3364 69
3 69 3364 558
3 552 3362 3361
3 3361 3363 556
3 3363 3364 557
3 558 3364 3362
3 3362 3364 3361
3 3361 3364 3363
3 64 553 3366
3 558 64 3366
3 553 66 3365
3 66 559 3365
3 69 558 3367
3 560 69 3367
3 559 70 3368
3 70 560 3368
3 553 3365 3366
3 558 3366 3367
3 3365 559 3368
3 560 3367 3368
3 3366 3365 3368
3 3367 3366 3368
3 66 554 3371
3 559 66 3371
3 554 67 3369
3 67 561 3369
3 70 559 3372
3 562 70 3372
3 561 71 3370
3 71 562 3370
3 554 3369 3371
3 559 3371 3372
3 3369 561 3370
3 3370 562 3372
3 3369 3370 3371
3 3371 3370 3372
3 65 3374 555
3 556 3374 65
3 555 3373 67
3 67 3373 561
3 68 3375 556
3 563 3375 68
3 561 3376 71
3 71 3376 563
3 555 3374 3373
3 556 3375 3374
3 3373 3376 561
3 563 3376 3375
3 3374 3375 3373
3 3375 3376 3373
3 68 557 3378
3 563 68 3378
3 557 69 3379
3 69 560 3379
3 560 70 3380
3 70 562 3380
3 562 71 3377
3 71 563 3377
3 3378 557 3379
3 3379 560 3380
3 562 3377 3380
3 3377 563 3378
3 3377 3378 3379
3 3377 3379 3380
3 564 3382 72
3 72 3382 565
3 73 3384 564
3 567 3384 73
3 565 3383 74
3 74 3383 566
3 566 3381 75
3 75 3381 567
3 564 3384 3382
3 3382 3383 565
3 566 3383 3381
3 3381 3384 567
3 3381 3383 3382
3 3382 3384 3381
3 72 3387 564
3 570 3387 72
3 564 3385 73
3 73 3385 568
3 568 3386 76
3 76 3386 569
3 569 3388 77
3 77 3388 570
3 564 3387 3385
3 3385 3386 568
3 3386 3388 569
3 570 3388 3387
3 3385 3388 3386
3 3387 3388 3385
3 72 565 3389
3 570 72 3389
3 565 74 3390
3 74 571 3390
3 77 570 3391
3 572 77 3391
3 571 78 3392
3 78 572 3392
3 3389 565 3390
3 570 3389 3391
3 3390 571 3392
3 572 3391 3392
3 3389 3390 3391
3 3391 3390 3392
3 74 566 3395
3 571 74 3395
3 566 75 3393
3 75 573 3393
3 78 571 3396
3 574 78 3396
3 573 79 3394
3 79 574 3394
3 566 3393 3395
3 571 3395 3396
3 3393 573 3394
3 3394 574 3396
3 3393 3394 3396
3 3395 3393 3396
3 73 3397 567
3 568 3397 73
3 567 3399 75
3 75 3399 573
3 76 3400 568
3 575 3400 76
3 573 3398 79
3 79 3398 575
3 3397 3399 567
3 568 3400 3397
3 573 3399 3398
3 3398 3400 575
3 3398 3399 3397
3 3397 3400 3398
3 76 569 3403
3 575 76 3403
3 569 77 3402
3 77 572 3402
3 572 78 3404
3 78 574 3404
3 574 79 3401
3 79 575 3401
3 569 3402 3403
3 3402 572 3404
3 574 3401 3404
3 3401 575 3403
3 3402 3401 3403
3 3401 3402 3404
3 576 3406 80
3 80 3406 577
3 81 3407 576
3 579 3407 81
3 577 3408 82
3 82 3408 578
3 578 3405 83
3 83 3405 579
3 576 3407 3406
3 3406 3408 577
3 578 3408 3405
3 3405 3407 579
3 3406 3407 3405
3 3405 3408 3406
3 80 3411 576
3 582 3411 80
3 576 3409 81
3 81 3409 580
3 580 3410 84
3 84 3410 581
3 581 3412 85
3 85 3412 582
3 576 3411 3409
3 3409 3410 580
3 3410 3412 581
3 582 3412 3411
3 3409 3412 3410
3 3411 3412 3409
3 80 577 3413
3 582 80 3413
3 577 82 3414
3 82 583 3414
3 85 582 3415
3 584 85 3415
3 583 86 3416
3 86 584 3416
3 3413 577 3414
3 582 3413 3415
3 3414 583 3416
3 584 3415 3416
3 3413 3414 3415
3 3415 3414 3416
3 82 578 3419
3 583 82 3419
3 578 83 3417
3 83 585 3417
3 86 583 3420
3 586 86 3420
3 585 87 3418
3 87 586 3418
3 578 3417 3419
3 583 3419 3420
3 3417 585 3418
3 3418 586 3420
3 3417 3418 3420
3 3419 3417 3420
3 81 3421 579
3 580 3421 81
3 579 3422 83
3 83 3422 585
3 84 3423 580
3 587 3423 84
3 585 3424 87
3 87 3424 587
3 3421 3422 579
3 580 3423 3421
3 3422 3424 585
3 587 3424 3423
3 3421 3423 3422
3 3423 3424 3422
3 84 581 3426
3 587 84 3426
3 581 85 3427
3 85 584 3427
3 584 86 3428
3 86 586 3428
3 586 87 3425
3 87 587 3425
3 3426 581 3427
3 3427 584 3428
3 586 3425 3428
3 3425 587 3426
3 3425 3426 3427
3 3425 3427 3428
3 588 3430 88
3 88 3430 589
3 89 3429 588
3 591 3429 89
3 589 3432 90
3 90 3432 590
3 590 3431 91
3 91 3431 591
3 3429 3430 588
3 3430 3432 589
3 590 3432 3431
3 591 3431 3429
3 3429 3431 3430
3 3431 3432 3430
3 88 3435 588
3 594 3435 88
3 588 3433 89
3 89 3433 592
3 592 3436 92
3 92 3436 593
3 593 3434 93
3 93 3434 594
3 588 3435 3433
3 3433 3436 592
3 593 3436 3434
3 3434 3435 594
3 3435 3436 3433
3 3434 3436 3435
3 88 589 3438
3 594 88 3438
3 589 90 3439
3 90 595 3439
3 93 594 3437
3 596 93 3437
3 595 94 3440
3 94 596 3440
3 3438 589 3439
3 3437 594 3438
3 3439 595 3440
3 596 3437 3440
3 3437 3438 3440
3 3438 3439 3440
3 90 590 3443
3 595 90 3443
3 590 91 3441
3 91 597 3441
3 94 595 3444
3 598 94 3444
3 597 95 3442
3 95 598 3442
3 590 3441 3443
3 595 3443 3444
3 3441 597 3442
3 3442 598 3444
3 3441 3442 3443
3 3443 3442 3444
3 89 3448 591
3 592 3448 89
3 591 3446 91
3 91 3446 597
3 92 3445 592
3 599 3445 92
3 597 3447 95
3 95 3447 599
3 591 3448 3446
3 3445 3448 592
3 3446 3447 597
3 599 3447 3445
3 3445 3447 3446
3 3446 3448 3445
3 92 593 3449
3 599 92 3449
3 593 93 3450
3 93 596 3450
3 596 94 3451
3 94 598 3451
3 598 95 3452
3 95 599 3452
3 3449 593 3450
3 3450 596 3451
3 3451 598 3452
3 599 3449 3452
3 3449 3450 3451
3 3449 3451 3452
3 600 3454 96
3 96 3454 601
3 97 3453 600
3 603 3453 97
3 601 3455 98
3 98 3455 602
3 602 3456 99
3 99 3456 603
3 3453 3454 600
3 3454 3455 601
3 3455 3456 602
3 603 3456 3453
3 3453 3455 3454
3 3453 3456 3455
3 96 3460 600
3 606 3460 96
3 600 3457 97
3 97 3457 604
3 604 3458 100
3 100 3458 605
3 605 3459 101
3 101 3459 606
3 600 3460 3457
3 3457 3458 604
3 3458 3459 605
3 3459 3460 606
3 3457 3460 3458
3 3458 3460 3459
3 96 601 3463
3 606 96 3463
3 601 98 3462
3 98 607 3462
3 101 606 3461
3 608 101 3461
3 607 102 608
3 601 3462 3463
3 3461 606 3463
3 607 608 3461
3 607 3461 3462
3 3462 3461 3463
3 98 602 3467
3 607 98 3467
3 602 99 3464
3 99 609 3464
3 102 607 3466
3 610 102 3466
3 609 103 3465
3 103 610 3465
3 602 3464 3467
3 3466 607 3467
3 3464 609 3465
3 3465 610 3466
3 3464 3465 3467
3 3465 3466 3467
3 97 3471 603
3 604 3471 97
3 603 3469 99
3 99 3469 609
3 100 3468 604
3 611 3468 100
3 609 3470 103
3 103 3470 611
3 603 3471 3469
3 3468 3471 604
3 3469 3470 609
3 611 3470 3468
3 3468 3470 3469
3 3469 3471 3468
3 100 605 3472
3 611 100 3472
3 605 101 3474
3 101 608 3474
3 608 102 3475
3 102 610 3475
3 610 103 3473
3 103 611 3473
3 3472 605 3474
3 3474 608 3475
3 610 3473 3475
3 611 3472 3473
3 3473 3472 3474
3 3473 3474 3475
3 612 3478 104
3 104 3478 613
3 105 3479 612
3 615 3479 105
3 613 3477 106
3 106 3477 614
3 614 3476 107
3 107 3476 615
3 612 3479 3478
3 613 3478 3477
3 614 3477 3476
3 3476 3479 615
3 3477 3478 3476
3 3478 3479 3476
3 104 3481 612
3 618 3481 104
3 612 3480 105
3 105 3480 616
3 616 3483 108
3 108 3483 617
3 617 3482 109
3 109 3482 618
3 612 3481 3480
3 3480 3483 616
3 617 3483 3482
3 618 3482 3481
3 3481 3482 3480
3 3482 3483 3480
3 104 613 3486
3 618 104 3486
3 613 106 3484
3 106 619 3484
3 109 618 3487
3 620 109 3487
3 619 110 3485
3 110 620 3485
3 613 3484 3486
3 618 3486 3487
3 3484 619 3485
3 3485 620 3487
3 3484 3485 3487
3 3486 3484 3487
3 106 614 3489
3 619 106 3489
3 614 107 3488
3 107 621 3488
3 110 619 3490
3 622 110 3490
3 621 111 3491
3 111 622 3491
3 614 3488 3489
3 619 3489 3490
3 3488 621 3491
3 622 3490 3491
3 3489 3488 3490
3 3490 3488 3491
3 105 3494 615
3 616 3494 105
3 615 3492 107
3 107 3492 621
3 108 3495 616
3 623 3495 108
3 621 3493 111
3 111 3493 623
3 615 3494 3492
3 616 3495 3494
3 3492 3493 621
3 3493 3495 623
3 3492 3495 3493
3 3494 3495 3492
3 108 617 3499
3 623 108 3499
3 617 109 3497
3 109 620 3497
3 620 110 3498
3 110 622 3498
3 622 111 3496
3 111 623 3496
3 617 3497 3499
3 3497 620 3498
3 622 3496 3498
3 3496 623 3499
3 3496 3497 3498
3 3497 3496 3499
3 624 3503 112
3 112 3503 625
3 113 3500 624
3 627 3500 113
3 625 3502 114
3 114 3502 626
3 626 3501 115
3 115 3501 627
3 3500 3503 624
3 625 3503 3502
3 626 3502 3501
3 627 3501 3500
3 3501 3502 3500
3 3502 3503 3500
3 112 3506 624
3 630 3506 112
3 624 3504 113
3 113 3504 628
3 628 3507 116
3 116 3507 629
3 629 3505 117
3 117 3505 630
3 624 3506 3504
3 3504 3507 628
3 629 3507 3505
3 3505 3506 630
3 3506 3507 3504
3 3505 3507 3506
3 112 625 3511
3 630 112 3511
3 625 114 3508
3 114 631 3508
3 117 630 3509
3 632 117 3509
3 631 118 3510
3 118 632 3510
3 625 3508 3511
3 3509 630 3511
3 3508 631 3510
3 632 3509 3510
3 3508 3510 3511
3 3510 3509 3511
3 114 626 3513
3 631 114 3513
3 626 115 3512
3 115 633 3512
3 118 631 3514
3 634 118 3514
3 633 119 3515
3 119 634 3515
3 626 3512 3513
3 631 3513 3514
3 3512 633 3515
3 634 3514 3515
3 3513 3512 3514
3 3514 3512 3515
3 113 3519 627
3 628 3519 113
3 627 3518 115
3 115 3518 633
3 116 3516 628
3 635 3516 116
3 633 3517 119
3 119 3517 635
3 627 3519 3518
3 3516 3519 628
3 633 3518 3517
3 635 3517 3516
3 3517 3519 3516
3 3518 3519 3517
3 116 629 3520
3 635 116 3520
3 629 117 3523
3 117 632 3523
3 632 118 3522
3 118 634 3522
3 634 119 3521
3 119 635 3521
3 3520 629 3523
3 632 3522 3523
3 634 3521 3522
3 635 3520 3521
3 3521 3520 3522
3 3522 3520 3523
3 636 3525 120
3 120 3525 637
3 121 3526 636
3 639 3526 121
3 637 3527 122
3 122 3527 638
3 638 3524 123
3 123 3524 639
3 636 3526 3525
3 3525 3527 637
3 638 3527 3524
3 3524 3526 639
3 3525 3526 3524
3 3524 3527 3525
3 120 3529 636
3 642 3529 120
3 636 3528 121
3 121 3528 640
3 640 3531 124
3 124 3531 641
3 641 3530 125
3 125 3530 642
3 636 3529 3528
3 3528 3531 640
3 641 3531 3530
3 642 3530 3529
3 3529 3530 3528
3 3530 3531 3528
3 120 637 3532
3 642 120 3532
3 637 122 3533
3 122 643 3533
3 644 125 642
3 643 126 3534
3 126 644 3534
3 3532 637 3533
3 644 642 3534
3 642 3532 3534
3 3533 643 3534
3 3532 3533 3534
3 122 638 3537
3 643 122 3537
3 638 123 3535
3 123 645 3535
3 126 643 3538
3 646 126 3538
3 645 127 3536
3 127 646 3536
3 638 3535 3537
3 643 3537 3538
3 3535 645 3536
3 3536 646 3538
3 3535 3536 3538
3 3537 3535 3538
3 121 3539 639
3 640 3539 121
3 639 3540 123
3 123 3540 645
3 124 3541 640
3 647 3541 124
3 645 3542 127
3 127 3542 647
3 3539 3540 639
3 640 3541 3539
3 3540 3542 645
3 647 3542 3541
3 3539 3541 3540
3 3541 3542 3540
3 124 641 3544
3 647 124 3544
3 641 125 3545
3 125 644 3545
3 644 126 3546
3 126 646 3546
3 646 127 3543
3 127 647 3543
3 3544 641 3545
3 3545 644 3546
3 646 3543 3546
3 3543 647 3544
3 3543 3544 3545
3 3543 3545 3546
3 648 3548 128
3 128 3548 649
3 129 3547 648
3 651 3547 129
3 649 3549 130
3 130 3549 650
3 650 3550 131
3 131 3550 651
3 3547 3548 648
3 3548 3549 649
3 3549 3550 650
3 651 3550 3547
3 3547 3549 3548
3 3547 3550 3549
3 128 3553 648
3 654 3553 128
3 648 3551 129
3 129 3551 652
3 652 3552 132
3 132 3552 653
3 653 3554 133
3 133 3554 654
3 648 3553 3551
3 3551 3552 652
3 3552 3554 653
3 654 3554 3553
3 3551 3554 3552
3 3553 3554 3551
3 128 649 3556
3 654 128 3556
3 649 130 3555
3 130 655 3555
3 133 654 3557
3 656 133 3557
3 655 134 3558
3 134 656 3558
3 649 3555 3556
3 654 3556 3557
3 3555 655 3558
3 656 3557 3558
3 3556 3555 3557
3 3557 3555 3558
3 130 650 3561
3 655 130 3561
3 650 131 3559
3 131 657 3559
3 134 655 3562
3 658 134 3562
3 657 135 3560
3 135 658 3560
3 650 3559 3561
3 655 3561 3562
3 3559 657 3560
3 3560 658 3562
3 3559 3560 3562
3 3561 3559 3562
3 129 3564 651
3 652 3564 129
3 651 3563 131
3 131 3563 657
3 132 3565 652
3 659 3565 132
3 657 3566 135
3 135 3566 659
3 651 3564 3563
3 652 3565 3564
3 3563 3566 657
3 659 3566 3565
3 3564 3565 3563
3 3565 3566 3563
3 132 653 3569
3 659 132 3569
3 653 133 3567
3 133 656 3567
3 656 134 3568
3 134 658 3568
3 658 135 3570
3 135 659 3570
3 653 3567 3569
3 3567 656 3568
3 3568 658 3570
3 659 3569 3570
3 3567 3568 3569
3 3569 3568 3570
3 660 3572 136
3 136 3572 661
3 137 3573 660
3 663 3573 137
3 661 3574 138
3 138 3574 662
3 662 3571 139
3 139 3571 663
3 660 3573 3572
3 3572 3574 661
3 662 3574 3571
3 3571 3573 663
3 3572 3573 3571
3 3571 3574 3572
3 136 3576 660
3 666 3576 136
3 660 3575 137
3 137 3575 664
3 664 3577 140
3 140 3577 665
3 665 3578 141
3 141 3578 666
3 660 3576 3575
3 3575 3577 664
3 3577 3578 665
3 666 3578 3576
3 3576 3577 3575
3 3576 3578 3577
3 136 661 3579
3 666 136 3579
3 661 138 3580
3 138 667 3580
3 141 666 3581
3 668 141 3581
3 667 142 3582
3 142 668 3582
3 3579 661 3580
3 666 3579 3581
3 3580 667 3582
3 668 3581 3582
3 3579 3580 3581
3 3581 3580 3582
3 138 662 3584
3 667 138 3584
3 662 139 3583
3 139 669 3583
3 142 667 3585
3 670 142 3585
3 669 143 3586
3 143 670 3586
3 662 3583 3584
3 667 3584 3585
3 3583 669 3586
3 670 3585 3586
3 3584 3583 3586
3 3585 3584 3586
3 137 3587 663
3 664 3587 137
3 663 3588 139
3 139 3588 669
3 140 3589 664
3 671 3589 140
3 669 3590 143
3 143 3590 671
3 3587 3588 663
3 664 3589 3587
3 3588 3590 669
3 671 3590 3589
3 3587 3589 3588
3 3589 3590 3588
3 140 665 3592
3 671 140 3592
3 665 141 3593
3 141 668 3593
3 668 142 3594
3 142 670 3594
3 670 143 3591
3 143 671 3591
3 3592 665 3593
3 3593 668 3594
3 670 3591 3594
3 3591 671 3592
3 3591 3592 3593
3 3591 3593 3594
3 672 3596 144
3 144 3596 673
3 145 3597 672
3 675 3597 145
3 673 3598 146
3 146 3598 674
3 674 3595 147
3 147 3595 675
3 672 3597 3596
3 3596 3598 673
3 674 3598 3595
3 3595 3597 675
3 3596 3597 3595
3 3595 3598 3596
3 144 3601 672
3 678 3601 144
3 672 3599 145
3 145 3599 676
3 676 3600 148
3 148 3600 677
3 677 3602 149
3 149 3602 678
3 672 3601 3599
3 3599 3600 676
3 3600 3602 677
3 678 3602 3601
3 3599 3601 3600
3 3601 3602 3600
3 144 673 3603
3 678 144 3603
3 673 146 3605
3 146 679 3605
3 149 678 3606
3 680 149 3606
3 679 150 3604
3 150 680 3604
3 3603 673 3605
3 678 3603 3606
3 679 3604 3605
3 3604 680 3606
3 3603 3605 3606
3 3605 3604 3606
3 146 674 3609
3 679 146 3609
3 674 147 3607
3 147 681 3607
3 150 679 3610
3 682 150 3610
3 681 151 3608
3 151 682 3608
3 674 3607 3609
3 679 3609 3610
3 3607 681 3608
3 3608 682 3610
3 3607 3608 3609
3 3609 3608 3610
3 145 3611 675
3 676 3611 145
3 675 3613 147
3 147 3613 681
3 148 3614 676
3 683 3614 148
3 681 3612 151
3 151 3612 683
3 3611 3613 675
3 676 3614 3611
3 681 3613 3612
3 3612 3614 683
3 3611 3614 3613
3 3613 3614 3612
3 148 677 3616
3 683 148 3616
3 677 149 3617
3 149 680 3617
3 680 150 3618
3 150 682 3618
3 682 151 3615
3 151 683 3615
3 3616 677 3617
3 3617 680 3618
3 682 3615 3618
3 3615 683 3616
3 3615 3616 3617
3 3615 3617 3618
3 684 3619 152
3 152 3619 685
3 153 3620 684
3 687 3620 153
3 685 3621 154
3 154 3621 686
3 686 3622 155
3 155 3622 687
3 684 3620 3619
3 3619 3621 685
3 3621 3622 686
3 687 3622 3620
3 3620 3621 3619
3 3620 3622 3621
3 152 3624 684
3 690 3624 152
3 684 3623 153
3 153 3623 688
3 688 3625 156
3 156 3625 689
3 689 3626 157
3 157 3626 690
3 684 3624 3623
3 3623 3625 688
3 3625 3626 689
3 690 3626 3624
3 3624 3625 3623
3 3624 3626 3625
3 152 685 3627
3 690 152 3627
3 685 154 3630
3 154 691 3630
3 157 690 3628
3 692 157 3628
3 691 158 3629
3 158 692 3629
3 3627 685 3630
3 690 3627 3628
3 691 3629 3630
3 692 3628 3629
3 3628 3627 3630
3 3629 3628 3630
3 154 686 3632
3 691 154 3632
3 686 155 3631
3 155 693 3631
3 158 691 3633
3 694 158 3633
3 693 159 3634
3 159 694 3634
3 686 3631 3632
3 691 3632 3633
3 3631 693 3634
3 694 3633 3634
3 3632 3631 3634
3 3633 3632 3634
3 153 3635 687
3 688 3635 153
3 687 3638 155
3 155 3638 693
3 156 3636 688
3 695 3636 156
3 693 3637 159
3 159 3637 695
3 3635 3638 687
3 688 3636 3635
3 693 3638 3637
3 695 3637 3636
3 3636 3637 3635
3 3637 3638 3635
3 156 689 3641
3 695 156 3641
3 689 157 3640
3 157 692 3640
3 692 158 3642
3 158 694 3642
3 694 159 3639
3 159 695 3639
3 689 3640 3641
3 3640 692 3642
3 694 3639 3642
3 3639 695 3641
3 3639 3641 3642
3 3641 3640 3642
3 696 3646 160
3 160 3646 697
3 161 3643 696
3 699 3643 161
3 697 3645 162
3 162 3645 698
3 698 3644 163
3 163 3644 699
3 3643 3646 696
3 697 3646 3645
3 698 3645 3644
3 699 3644 3643
3 3644 3645 3643
3 3645 3646 3643
3 160 3647 696
3 702 3647 160
3 696 3649 161
3 161 3649 700
3 700 3648 164
3 164 3648 701
3 701 3650 165
3 165 3650 702
3 3647 3649 696
3 700 3649 3648
3 3648 3650 701
3 702 3650 3647
3 3647 3650 3649
3 3649 3650 3648
3 160 697 3651
3 702 160 3651
3 697 162 3653
3 162 703 3653
3 165 702 3654
3 704 165 3654
3 703 166 3652
3 166 704 3652
3 3651 697 3653
3 702 3651 3654
3 703 3652 3653
3 3652 704 3654
3 3651 3653 3654
3 3653 3652 3654
3 162 698 3655
3 703 162 3655
3 698 163 3657
3 163 705 3657
3 166 703 3658
3 706 166 3658
3 705 167 3656
3 167 706 3656
3 3655 698 3657
3 703 3655 3658
3 705 3656 3657
3 3656 706 3658
3 3655 3657 3658
3 3657 3656 3658
3 161 3661 699
3 700 3661 161
3 699 3662 163
3 163 3662 705
3 164 3659 700
3 707 3659 164
3 705 3660 167
3 167 3660 707
3 3661 3662 699
3 3659 3661 700
3 705 3662 3660
3 707 3660 3659
3 3660 3661 3659
3 3660 3662 3661
3 164 701 3663
3 707 164 3663
3 701 165 3666
3 165 704 3666
3 704 166 3665
3 166 706 3665
3 706 167 3664
3 167 707 3664
3 3663 701 3666
3 704 3665 3666
3 706 3664 3665
3 707 3663 3664
3 3664 3663 3665
3 3665 3663 3666
3 708 3669 168
3 168 3669 709
3 169 3667 708
3 711 3667 169
3 709 3670 170
3 170 3670 710
3 710 3668 171
3 171 3668 711
3 3667 3669 708
3 3669 3670 709
3 710 3670 3668
3 711 3668 3667
3 3668 3669 3667
3 3668 3670 3669
3 168 3673 708
3 714 3673 168
3 708 3671 169
3 169 3671 712
3 712 3672 172
3 172 3672 713
3 713 3674 173
3 173 3674 714
3 708 3673 3671
3 3671 3672 712
3 3672 3674 713
3 714 3674 3673
3 3671 3674 3672
3 3673 3674 3671
3 168 709 3675
3 714 168 3675
3 709 170 3676
3 170 715 3676
3 716 173 714
3 715 174 3677
3 174 716 3677
3 3675 709 3676
3 716 714 3677
3 714 3675 3677
3 3676 715 3677
3 3675 3676 3677
3 170 710 3680
3 715 170 3680
3 710 171 3678
3 171 717 3678
3 174 715 3681
3 718 174 3681
3 717 175 3679
3 175 718 3679
3 710 3678 3680
3 715 3680 3681
3 3678 717 3679
3 3679 718 3681
3 3678 3679 3681
3 3680 3678 3681
3 169 3683 711
3 712 3683 169
3 711 3684 171
3 171 3684 717
3 172 3682 712
3 719 3682 172
3 717 3685 175
3 175 3685 719
3 3683 3684 711
3 3682 3683 712
3 3684 3685 717
3 719 3685 3682
3 3682 3684 3683
3 3682 3685 3684
3 172 713 3686
3 719 172 3686
3 713 173 3687
3 173 716 3687
3 716 174 3688
3 174 718 3688
3 718 175 3689
3 175 719 3689
3 3686 713 3687
3 3687 716 3688
3 3688 718 3689
3 719 3686 3689
3 3686 3687 3689
3 3687 3688 3689
3 720 3692 176
3 176 3692 721
3 177 3693 720
3 723 3693 177
3 721 3691 178
3 178 3691 722
3 722 3690 179
3 179 3690 723
3 720 3693 3692
3 721 3692 3691
3 722 3691 3690
3 3690 3693 723
3 3691 3692 3690
3 3692 3693 3690
3 176 3697 720
3 726 3697 176
3 720 3695 177
3 177 3695 724
3 724 3694 180
3 180 3694 725
3 725 3696 181
3 181 3696 726
3 720 3697 3695
3 724 3695 3694
3 3694 3696 725
3 3696 3697 726
3 3695 3697 3694
3 3694 3697 3696
3 176 721 3699
3 726 176 3699
3 721 178 3701
3 178 727 3701
3 181 726 3700
3 728 181 3700
3 727 182 3698
3 182 728 3698
3 3699 721 3701
3 726 3699 3700
3 727 3698 3701
3 3698 728 3700
3 3699 3698 3700
3 3698 3699 3701
3 178 722 3704
3 727 178 3704
3 722 179 3703
3 179 729 3703
3 182 727 3705
3 730 182 3705
3 729 183 3702
3 183 730 3702
3 722 3703 3704
3 727 3704 3705
3 729 3702 3703
3 3702 730 3705
3 3703 3702 3704
3 3704 3702 3705
3 177 3708 723
3 724 3708 177
3 723 3707 179
3 179 3707 729
3 180 3709 724
3 731 3709 180
3 729 3706 183
3 183 3706 731
3 723 3708 3707
3 724 3709 3708
3 729 3707 3706
3 3706 3709 731
3 3707 3709 3706
3 3708 3709 3707
3 180 725 3711
3 731 180 3711
3 725 181 3712
3 181 728 3712
3 728 182 3713
3 182 730 3713
3 730 183 3710
3 183 731 3710
3 3711 725 3712
3 3712 728 3713
3 730 3710 3713
3 3710 731 3711
3 3710 3711 3712
3 3710 3712 3713
3 732 3715 184
3 184 3715 733
3 185 3716 732
3 735 3716 185
3 733 3717 186
3 186 3717 734
3 734 3714 187
3 187 3714 735
3 732 3716 3715
3 3715 3717 733
3 734 3717 3714
3 3714 3716 735
3 3715 3716 3714
3 3714 3717 3715
3 184 3718 732
3 738 3718 184
3 732 3720 185
3 185 3720 736
3 736 3719 188
3 188 3719 737
3 737 3721 189
3 189 3721 738
3 3718 3720 732
3 736 3720 3719
3 3719 3721 737
3 738 3721 3718
3 3718 3721 3720
3 3720 3721 3719
3 184 733 3722
3 738 184 3722
3 733 186 3724
3 186 739 3724
3 189 738 3725
3 740 189 3725
3 739 190 3723
3 190 740 3723
3 3722 733 3724
3 738 3722 3725
3 739 3723 3724
3 3723 740 3725
3 3722 3724 3725
3 3724 3723 3725
3 186 734 3726
3 739 186 3726
3 734 187 3728
3 187 741 3728
3 190 739 3729
3 742 190 3729
3 741 191 3727
3 191 742 3727
3 3726 734 3728
3 739 3726 3729
3 741 3727 3728
3 3727 742 3729
3 3726 3728 3729
3 3728 3727 3729
3 185 3730 735
3 736 3730 185
3 735 3732 187
3 187 3732 741
3 188 3733 736
3 743 3733 188
3 741 3731 191
3 191 3731 743
3 3730 3732 735
3 736 3733 3730
3 741 3732 3731
3 3731 3733 743
3 3730 3733 3732
3 3732 3733 3731
3 188 737 3735
3 743 188 3735
3 737 189 3736
3 189 740 3736
3 740 190 3737
3 190 742 3737
3 742 191 3734
3 191 743 3734
3 3735 737 3736
3 3736 740 3737
3 742 3734 3737
3 3734 743 3735
3 3734 3735 3736
3 3734 3736 3737
3 744 3739 192
3 192 3739 745
3 193 3740 744
3 747 3740 193
3 745 3741 194
3 194 3741 746
3 746 3738 195
3 195 3738 747
3 744 3740 3739
3 3739 3741 745
3 746 3741 3738
3 3738 3740 747
3 3739 3740 3738
3 3738 3741 3739
3 192 3744 744
3 750 3744 192
3 744 3742 193
3 193 3742 748
3 748 3743 196
3 196 3743 749
3 749 3745 197
3 197 3745 750
3 744 3744 3742
3 3742 3743 748
3 3743 3745 749
3 750 3745 3744
3 3742 3745 3743
3 3744 3745 3742
3 192 745 3746
3 750 192 3746
3 745 194 3747
3 194 751 3747
3 197 750 3748
3 752 197 3748
3 751 198 3749
3 198 752 3749
3 3746 745 3747
3 750 3746 3748
3 3747 751 3749
3 752 3748 3749
3 3746 3747 3748
3 3748 3747 3749
3 194 746 3751
3 751 194 3751
3 746 195 3750
3 195 753 3750
3 198 751 3752
3 754 198 3752
3 753 199 3753
3 199 754 3753
3 746 3750 3751
3 751 3751 3752
3 3750 753 3753
3 754 3752 3753
3 3751 3750 3752
3 3752 3750 3753
3 193 3754 747
3 748 3754 193
3 747 3755 195
3 195 3755 753
3 196 3756 748
3 755 3756 196
3 753 3757 199
3 199 3757 755
3 3754 3755 747
3 748 3756 3754
3 3755 3757 753
3 755 3757 3756
3 3754 3756 3755
3 3756 3757 3755
3 196 749 3758
3 755 196 3758
3 749 197 3759
3 197 752 3759
3 752 198 3760
3 198 754 3760
3 754 199 755
3 3758 749 3759
3 3759 752 3760
3 754 755 3758
3 754 3758 3760
3 3758 3759 3760
4 2804 4049 3961 4437
4 531 3325 49 4247
4 1717 4925 3854 5319
4 4163 4691 2637 4749
4 4068 4253 5340 5627
4 3808 5042 4375 5267
4 3968 4007 3815 4949
4 3786 4007 3968 4949
4 3808 5042 5267 5443
4 1670 4207 4404 4408
4 2604 4480 4360 5384
4 849 3893 3881 5406
4 2495 4088 4398 4479
4 894 4715 1958 4839
4 896 1968 772 4189
4 1931 4644 4731 5153
4 1786 4035 1800 4519
4 2246 4138 3964 4417
4 4230 3801 5069 5682
4 3109 3187 4255 4448
4 2029 4523 4383 5115
4 3713 730 182 4380
4 97 604 3457 5218
4 516 3994 40 4688
4 1968 4189 896 4506
4 2495 4398 2839 4479
4 4130 4314 1676 4681
4 4137 4370 1386 4446
4 1931 4644 4272 4731
4 2966 4099 4897 5075
4 2373 4353 4425 4657
4 3809 4155 3936 5471
4 2966 3980 4099 5075
4 1897 4757 4853 5124
4 1800 4519 4035 4692
4 3934 4163 4539 4691
4 3770 4217 3951 4640
4 3812 4106 4091 4918
4 180 725 4104 4703
4 1489 4557 3861 5658
4 3861 4557 1489 4793
4 3809 4136 3936 4155
4 1817 4352 4041 4450
4 3854 1717 4461 4925
4 1281 4409 4494 5095
4 187 4065 4124 4281
4 4230 4439 3801 5682
4 3805 4143 3945 4151
4 3109 4255 1954 4448
4 3809 3936 4429 5471
4 3040 3902 4135 5303
4 1281 4044 4409 5095
4 2804 4437 3961 5716
4 566 4364 75 4994
4 3934 4612 4342 4680
4 948 849 847 5406
4 772 1968 1200 4189
4 3813 5101 4361 5224
4 5101 5224 3813 5563
4 3068 4078 3067 4412
4 3902 3040 4135 4791
4 1770 4726 4464 4894
4 2315 4301 4002 4489
4 798 4285 773 4715
4 4063 4232 3899 4323
4 4807 5237 4287 5447
4 3886 3942 3799 4872
4 1932 4388 4156 5434
4 1511 3984 4577 5036
4 95 3447 597 4453
4 3805 4466 4051 4841
4 3395 566 74 4364
4 3942 4872 3886 5000
4 1505 5132 4609 5391
4 4163 4539 4691 4749
4 3798 3929 4546 5245
4 1743 4985 3847 5112
4 2246 4417 3964 5510
4 3312 51 531 4520
4 849 3881 847 5406
4 4179 4366 19 4576
4 1291 4724 4494 5225
4 3886 3799 4506 4872
4 1926 1932 4156 5434
4 563 68 4280 5251
4 3827 3892 4740 5272
4 3892 4803 4740 5272
4 3730 185 735 4267
4 3812 5237 4807 5447
4 4170 4539 2991 5569
4 2804 4901 4437 5716
4 3883 4341 3797 4488
4 2930 875 4333 4480
4 4167 4483 4842 5338
4 4065 4281 187 4711
4 4167 4483 3933 4842
4 2251 4317 4018 4779
4 3770 4217 4640 5087
4 29 497 2224 4309
4 1716 1511 4577 5036
4 3187 3109 2981 4448
4 2879 4691 4539 4749
4 1633 5035 4395 5304
4 4068 3870 4253 5627
4 1426 4895 4681 5399
4 3771 4059 4368 5128
4 1716 4577 4432 5036
4 103 3909 611 5188
4 3034 4390 4626 4999
4 4437 4901 3961 5716
4 4148 4272 1842 4644
4 2805 2206 3936 4466
4 1897 4757 1315 4853
4 1291 1285 4494 4724
4 2804 2736 4049 4437
4 4080 5069 3801 5682
4 4139 4807 4287 5447
4 2839 4479 4398 5246
4 2896 4616 3951 4632
4 87 585 3418 5231
4 3886 4872 4506 5000
4 1670 4207 1546 4404
4 2178 4038 3957 4444
4 1292 1706 4419 4726
4 4158 19 4366 4576
4 4396 5117 1352 5449
4 61 545 3355 4752
4 3034 3035 4390 4999
4 4616 4951 3082 5015
4 2777 4677 4292 5309
4 2631 2251 4018 4779
4 935 3881 849 3893
4 3978 3818 4847 4933
4 1842 4148 1343 4272
4 1669 5018 4731 5314
4 1411 4430 4651 4834
4 118 634 3979 4760
4 2733 4390 4212 4626
4 1339 1352 4396 5117
4 3798 4265 3929 5245
4 3009 3840 4114 5075
4 2685 3940 3969 4447
4 887 2028 4334 5115
4 3883 3918 3797 4341
4 3304 47 527 4244
4 2028 4523 2029 5115
4 4472 4591 4217 4993
4 2390 672 144 4013
4 3978 4423 3818 4933
4 1671 4287 4139 4807
4 1316 4833 4892 5628
4 3009 4114 3157 5075
4 3808 5267 4498 5443
4 3836 4088 4070 5078
4 2879 2637 4691 4749
4 82 2773 578 4301
4 3956 2613 4498 5443
4 2373 4657 4425 5390
4 4078 4412 3068 4579
4 2018 4432 846 5281
4 1316 4391 4833 5628
4 4221 5340 4253 5627
4 729 179 3703 962
4 4139 3812 4807 5447
4 3945 2384 4442 5382
4 4513 4639 3765 4685
4 3235 3236 485 4719
4 1362 4670 4287 4762
4 3836 4088 5078 5186
4 35 4288 507 4355
4 3096 2101 4414 4535
4 2786 3952 2789 4479
4 4051 3805 4841 5244
4 4631 4734 1255 4843
4 3768 4232 4071 4587
4 982 2966 3980 4099
4 3263 507 33 3976
4 2966 4099 982 4897
4 1934 1783 4370 4812
4 4639 4685 4513 5583
4 1786 4359 4035 4519
4 3936 3939 2805 4466
4 4423 4644 1780 4969
4 954 3894 4771 4785
4 4071 4232 3826 4587
4 3109 1954 2981 4448
4 1632 1633 4395 5304
4 896 772 977 4189
4 2225 2227 4309 4860
4 2227 4428 4309 4860
4 1923 4139 1671 4287
4 3009 4102 3157 4114
4 3902 4985 1745 5112
4 1670 4207 4408 5035
4 3761 4091 4106 4918
4 1362 4287 1922 4762
4 1934 4812 4370 4832
4 1817 4450 4041 4684
4 696 4140 160 5525
4 3805 3945 4143 5625
4 40 3994 516 4984
4 1751 4631 1255 4843
4 3782 4583 4313 4788
4 1836 4129 4450 4740
4 1424 4825 3847 4985
4 1402 3860 4705 4845
4 3809 3936 4136 5601
4 1767 5027 4464 5106
4 1669 4375 4731 5018
4 3807 4157 3940 4422
4 1307 4151 1907 4273
4 773 4285 1202 4715
4 4391 4892 4833 5628
4 2789 4479 3952 4863
4 2896 4300 3951 4616
4 3788 3978 4847 4933
4 1713 1931 4272 4731
4 2777 2494 4677 5309
4 2898 4238 902 5038
4 1352 1351 4396 5449
4 3782 4013 3939 5119
4 3956 4498 2613 5487
4 160 4140 696 4572
4 2178 4444 3957 4889
4 3911 4173 3765 4438
4 1922 4287 1362 4670
4 1926 4156 5027 5434
4 1411 4651 1348 4834
4 3893 4597 3881 5406
4 150 682 4153 4950
4 1757 4734 4631 5158
4 4149 4374 3810 5411
4 4681 4895 4118 5399
4 4128 5177 4388 5232
4 2479 4162 2477 4787
4 980 4333 875 4480
4 4162 4787 2479 5723
4 519 41 3285 5439
4 4287 5237 4807 5310
4 2822 4158 3941 4468
4 4044 4494 4409 5095
4 2733 4000 4212 5151
4 3067 4412 4078 4573
4 3929 5245 4265 5408
4 1839 4264 4383 5053
4 3801 4207 3911 4407
4 847 849 935 3881
4 4313 4583 3930 4788
4 2477 4162 2479 5723
4 3009 3840 4102 4114
4 4409 4419 1706 4726
4 2786 2583 2789 3952
4 2895 902 2898 4238
4 4731 5018 4052 5314
4 3847 4985 4187 5112
4 95 599 3447 4465
4 4189 4242 3799 5003
4 1339 4396 4538 5117
4 4052 4731 4375 5018
4 4187 4985 3902 5112
4 4464 5027 4033 5106
4 1343 4272 4148 5436
4 2685 3940 2691 3969
4 4398 4502 2347 5261
4 2685 3969 2691 4447
4 557 4040 69 4855
4 3951 2595 5282 5349
4 4216 4731 4644 5153
4 3805 4151 3945 4433
4 3911 3765 4173 4263
4 894 798 773 4715
4 2671 521 45 4471
4 1402 4705 1403 4845
4 1339 1352 1351 4396
4 2786 4166 3952 4479
4 3885 4925 1498 5319
4 1496 3885 1498 5319
4 1803 4794 4504 5415
4 4041 4352 1817 5093
4 4013 4466 3939 5119
4 3800 4335 3970 5015
4 1788 4519 1790 4704
4 2210 2217 3908 4860
4 3842 5238 4042 5355
4 1424 3847 1742 4985
4 4180 4230 1114 5378
4 2786 2583 3952 5363
4 1455 1809 4405 5170
4 734 4281 187 5026
4 3851 4951 4616 5015
4 2805 2809 2206 4466
4 2225 4309 2217 4860
4 3040 3039 3169 5303
4 44 4643 4097 5519
4 2188 4367 2171 4482
4 1281 4409 1421 4494
4 894 773 1202 4715
4 1877 4725 4723 4827
4 4503 5105 2144 5518
4 3842 3991 5238 5355
4 3918 4170 3797 4341
4 545 3354 3355 4752
4 1786 1800 4035 5083
4 150 4153 682 4721
4 3851 4335 3800 5015
4 712 169 3683 4440
4 1505 4609 1503 5391
4 2217 4309 3908 4860
4 1250 1249 4792 5023
4 1646 4230 4439 4628
4 1362 4670 4762 5270
4 3783 4020 3920 5149
4 1307 4151 4273 4660
4 4374 4524 3810 5411
4 1877 1594 4723 4725
4 4059 3771 5063 5128
4 1626 4062 1422 5623
4 1250 4792 4155 5023
4 4139 4287 1923 4670
4 2786 3952 4166 5363
4 3839 3765 4513 4639
4 4405 5046 4344 5170
4 1770 4726 4894 5660
4 1471 4381 4264 5053
4 2217 2210 3908 5513
4 3836 4070 4088 4550
4 3817 4156 3955 4431
4 2315 4301 4489 5681
4 3040 4135 3039 5303
4 4209 4521 2326 4801
4 4156 1790 4519 4704
4 1114 4230 1150 5378
4 3801 4207 4407 4920
4 1780 4969 4644 5153
4 1354 4496 1350 4617
4 1383 1837 5169 5230
4 1422 1626 1221 4062
4 1736 4064 4680 5169
4 3823 4151 4415 4660
4 1448 4418 4692 5083
4 4162 4980 3993 5072
4 4078 4196 3925 5110
4 1494 3983 4557 4645
4 3797 4341 4170 4488
4 3925 4196 4078 4579
4 4232 4323 4063 5024
4 4285 4513 1635 4715
4 1505 4190 4609 5132
4 2631 4018 4096 4779
4 2246 3964 4138 5191
4 4163 4691 3934 5347
4 4398 5078 4088 5186
4 2173 2171 4367 4482
4 3797 4483 3933 4548
4 4071 4232 3768 4778
4 908 902 2895 4238
4 4664 5281 3881 5658
4 49 531 3989 4520
4 3950 5105 4503 5518
4 1764 4464 1767 5027
4 1736 1383 1837 5169
4 1200 772 4189 4517
4 3867 3993 4980 5072
4 3908 2210 4860 5513
4 83 4297 4213 5608
4 3808 4139 4375 4670
4 1443 4028 4567 4725
4 3792 4638 3892 4803
4 2177 4038 2178 4444
4 860 4284 2037 4316
4 1010 1004 4130 4410
4 2859 3026 4384 4535
4 846 4432 847 5281
4 1426 4681 4118 5399
4 1348 4651 4399 4834
4 2173 2188 2171 4482
4 1448 4692 1800 5083
4 3788 4423 3978 4933
4 1498 4925 3885 5524
4 3961 4049 2804 5716
4 1496 1497 1498 3885
4 4062 4413 1422 5623
4 1498 3885 1497 5524
4 187 4124 4065 4533
4 3026 2975 2859 4384
4 1782 1716 1511 4577
4 3818 4644 4148 5062
4 1800 4692 4035 5083
4 1412 1354 1350 4617
4 2865 2991 4539 5569
4 1202 1958 894 4715
4 1743 1745 4985 5112
4 1486 1803 4504 5415
4 3792 4128 3892 4638
4 3826 4323 4232 5024
4 2833 2613 3956 4030
4 4405 4887 4344 5046
4 4180 4230 3801 5069
4 1068 4389 4476 5271
4 1307 1902 4151 4660
4 4352 4504 1817 5093
4 2830 4131 3940 4422
4 1840 4383 2029 4523
4 485 21 4300 4719
4 928 942 1153 4963
4 3823 4415 4151 5142
4 4051 4841 4304 4973
4 1770 1768 4464 4726
4 3798 3929 4159 4546
4 3986 4492 2827 5484
4 2628 4323 4414 4535
4 3715 732 184 4854
4 3772 4375 5042 5267
4 3644 699 3643 4246
4 1814 4342 4680 4682
4 3801 3891 4230 4679
4 1292 4419 4144 4726
4 2173 4367 4140 4482
4 3867 4980 4162 5072
4 1477 4661 4615 4783
4 4000 4390 4212 5151
4 881 980 875 4480
4 3801 4230 4180 4679
4 1671 4287 4807 5310
4 4180 3801 4569 5069
4 4139 4514 1664 4807
4 2246 3964 5191 5704
4 3818 4423 4644 5062
4 144 4013 672 5037
4 1328 4399 1348 4651
4 2244 3972 2149 4045
4 1575 1576 4067 4546
4 3096 4414 3123 4535
4 1635 4513 4285 5300
4 2613 3956 4030 5413
4 4464 4726 4252 4894
4 1068 4552 4389 5271
4 4180 4230 3891 4679
4 3917 4915 4677 5278
4 3773 4068 4253 5340
4 1501 4253 4221 5127
4 1422 4413 4062 4568
4 2613 4355 3956 5413
4 1632 1539 1633 5304
4 4003 3904 5134 5252
4 3798 4159 3929 5645
4 1665 1664 4514 4807
4 3917 4677 4292 5278
4 2028 2029 4334 5115
4 654 3554 133 2121
4 531 49 3989 4247
4 4294 4680 4064 5169
4 3904 4060 4277 5012
4 2012 5281 4664 5658
4 83 4301 4297 5608
4 3934 4539 4170 4691
4 1736 4680 4294 5169
4 1491 4557 1489 5658
4 1221 1422 4062 4568
4 4395 5035 4438 5304
4 1783 4446 4370 4812
4 3962 3823 4183 5244
4 3457 600 97 3996
4 1471 4264 1839 5053
4 1743 1742 3847 4985
4 1788 4359 4519 4704
4 4344 4887 4405 5170
4 1498 4925 1717 5319
4 3230 17 483 4563
4 3783 4097 4050 4446
4 3799 4413 3937 4571
4 2013 4412 4196 5515
4 1177 887 2028 4334
4 3118 2924 4390 5151
4 2246 5510 3964 5704
4 1575 4546 4067 5419
4 1142 4218 4904 5221
4 4035 4359 1786 5724
4 1396 4692 4418 5034
4 4807 5237 3812 5310
4 2260 3946 2328 5332
4 1713 1931 1933 4272
4 1577 1575 1576 4067
4 19 4366 4179 5674
4 3009 3840 4607 4751
4 118 3979 634 4584
4 1010 4410 4130 4852
4 4079 4217 4591 4993
4 2930 875 2106 4333
4 4002 4489 4301 5572
4 979 4189 772 4517
4 1633 4438 5035 5304
4 1772 3982 1753 5468
4 4060 3904 4277 5134
4 3082 4616 4365 4951
4 1062 1045 944 4542
4 1068 4476 1016 5271
4 2260 2327 2328 3946
4 2924 3118 4390 4626
4 1386 4137 4446 5629
4 2029 4383 4334 5115
4 1753 3982 1772 4812
4 2809 2805 3939 4466
4 3180 4170 2991 5569
4 4367 4482 2188 5207
4 4196 4795 1892 5419
4 75 4192 573 4695
4 3103 3186 2988 4365
4 1389 5338 4483 5404
4 3690 179 723 4015
4 4200 4452 3804 4507
4 2018 846 1185 5281
4 3818 5062 4148 5168
4 4589 4640 4217 5087
4 92 4910 4292 4952
4 2733 4212 2729 4626
4 4129 4615 3835 4661
4 3978 4644 4969 5153
4 1491 4664 4557 5658
4 2574 2326 4521 4801
4 1471 1586 4381 5053
4 1270 4388 5177 5232
4 3598 146 674 4522
4 552 4212 64 5086
4 4180 1114 4756 5378
4 3780 4006 3960 4675
4 4609 5132 4706 5391
4 3839 3765 4639 5269
4 3851 3970 4335 5015
4 4472 4993 4217 5420
4 4403 5552 4248 5570
4 1132 5433 4177 5708
4 1490 1489 4557 4793
4 3929 4265 3798 5459
4 3917 3996 4677 4915
4 1476 4129 1836 4740
4 587 1057 87 3425
4 1753 4631 3982 4812
4 4200 4507 3804 5230
4 2260 4019 3946 5332
4 4415 5093 4151 5142
4 2780 3922 4909 5002
4 4163 3934 4539 4749
4 3904 4060 5012 5134
4 1281 4419 4409 5500
4 3936 4155 5156 5471
4 3826 4232 4741 5024
4 1552 1550 5094 5133
4 2733 4752 4000 5151
4 1315 4757 4638 4853
4 3941 4158 2822 4366
4 3808 4375 4139 5174
4 3788 4621 3972 4804
4 3831 4645 4601 5063
4 1552 5094 4580 5133
4 3804 5230 4507 5486
4 3105 1982 2967 4564
4 1897 4853 3850 5124
4 4136 3809 4784 5485
4 3783 4097 4446 4663
4 4012 4248 4403 5552
4 4638 5177 4128 5232
4 4200 5230 3804 5486
4 1909 4346 1773 4501
4 2910 4573 3098 5320
4 896 4189 977 4506
4 4415 4660 4151 5093
4 1142 4904 4072 5221
4 798 4715 4351 4810
4 47 527 4244 4643
4 2178 2179 4444 4889
4 1501 4925 4253 5127
4 3774 4361 5101 5224
4 1780 1779 4423 4969
4 906 894 1958 4839
4 3997 4647 1462 5584
4 3181 3142 3902 4659
4 1577 1575 4067 4763
4 2822 4366 4158 5490
4 3741 194 746 4534
4 1760 4370 1761 4832
4 1718 1462 4647 5584
4 4078 4196 3798 4412
4 4375 5018 4139 5174
4 1982 2967 4564 5505
4 2628 4414 2101 4535
4 1899 4638 4757 4803
4 720 4219 177 5346
4 3851 3800 4544 5015
4 3904 4553 5025 5252
4 4136 4155 3809 5485
4 1817 4352 1482 4504
4 4139 4670 1923 5018
4 3809 5023 4784 5485
4 3867 4403 4248 5570
4 4097 4446 3880 5173
4 1575 4067 4763 5419
4 758 4171 1167 5620
4 1281 4409 4044 5500
4 3898 1722 4670 5098
4 3783 3920 4097 5149
4 3798 3929 4348 5645
4 735 3997 185 5711
4 4103 4321 3905 5104
4 1961 4285 1635 4715
4 76 568 3400 4525
4 4631 4734 3989 5158
4 3968 4007 3786 4881
4 3772 5267 5042 5443
4 1933 1842 4272 4644
4 887 837 2028 5115
4 3067 4573 4078 5320
4 3156 2986 3094 4276
4 1364 3898 1722 4670
4 4133 4413 1651 4568
4 2991 4170 3180 4539
4 4055 5117 4396 5449
4 3774 5224 5101 5563
4 4398 2347 4677 5261
4 3994 2279 4566 5129
4 3881 4432 847 5406
4 1757 1255 4631 4734
4 4475 4645 3831 5063
4 3854 4461 1717 5080
4 83 4213 4297 4610
4 1817 4684 4041 5093
4 1752 1772 1753 5468
4 2149 3972 2244 4899
4 4400 4464 1764 5027
4 784 905 2868 4242
4 4375 4670 4139 5018
4 3923 4502 4398 5261
4 1576 4330 4067 4546
4 2638 4343 3918 4691
4 3623 153 688 5437
4 826 4238 4134 4738
4 3788 3972 4621 4933
4 1577 4067 1576 5480
4 3854 4925 4169 5319
4 1317 4205 4406 4619
4 3905 4321 4103 5355
4 4050 4446 4097 5173
4 847 4432 3881 5281
4 4240 4723 1594 4725
4 1706 4409 1281 4419
4 185 3997 735 4267
4 175 717 3679 5345
4 1926 1288 1932 5434
4 4002 4301 2315 4769
4 2328 3946 4585 5332
4 2698 4343 2638 4691
4 3904 4003 4553 5252
4 1696 4365 4217 4589
4 2736 4437 2804 4901
4 1933 4272 1931 4644
4 1434 5025 4553 5252
4 4067 4330 1576 4849
4 700 4551 164 5140
4 3802 4689 3992 4766
4 2729 4212 4040 4626
4 1316 4833 1891 4892
4 1123 4016 1194 4814
4 798 4285 4715 4810
4 17 4335 4358 4563
4 1007 4150 4852 5564
4 3904 4553 4716 5204
4 1907 4273 4151 5686
4 667 3584 138 2397
4 1317 1327 4205 4619
4 1486 4794 1803 5415
4 1007 4852 4150 5299
4 4475 4601 3831 4645
4 43 525 4244 4804
4 1228 4822 4493 5222
4 2698 4487 4343 4691
4 811 4506 4872 5000
4 2049 4345 1023 4490
4 3904 4716 4566 5204
4 2777 4292 2556 5309
4 2789 3952 2583 4976
4 2830 4422 3940 5152
4 2140 629 117 4543
4 2327 2328 3946 4585
4 3800 4335 3851 4544
4 2569 4498 2613 5443
4 3805 4051 4466 5119
4 4155 5023 3809 5485
4 3955 3791 4367 5506
4 1508 4473 3924 4766
4 3103 4365 1994 4951
4 2149 4045 3972 4429
4 4162 4265 2477 4787
4 2028 1840 2029 4523
4 3931 4603 1528 5124
4 2514 4302 5186 5258
4 2930 881 875 4480
4 1062 944 2063 4542
4 4059 3771 4368 4696
4 1494 3983 1492 4557
4 1915 3854 1717 5080
4 1316 4892 1807 5628
4 1494 1492 3983 4932
4 4286 3823 4924 5461
4 4129 3827 4740 5113
4 3899 4232 4063 4451
4 1651 4413 4133 5595
4 4483 5338 4167 5404
4 3824 4842 4167 5567
4 1444 1443 4567 4725
4 3890 4329 4190 4706
4 2575 4209 2326 4801
4 3809 3985 4270 5400
4 575 76 3400 4011
4 1790 4156 1932 4704
4 3936 5156 4429 5471
4 3127 3120 2894 4616
4 3761 4106 4091 5104
4 3940 4157 3807 4755
4 3807 4755 4157 5306
4 2100 2868 905 4242
4 3818 4423 5062 5168
4 4215 4329 3890 4706
4 2331 4236 4297 4779
4 2894 3127 4616 4632
4 2789 4863 3952 4976
4 1760 1761 1759 4832
4 878 4771 954 4922
4 2997 4908 3181 5303
4 199 3753 754 3999
4 2834 3920 4020 5149
4 3824 4485 4167 4842
4 1328 4399 4651 5288
4 4157 4485 4418 5137
4 4134 4238 826 4777
4 1462 4647 3997 4868
4 3812 4324 4106 4918
4 1670 1545 4207 5035
4 758 1167 4171 4697
4 1915 1717 1910 5080
4 2321 2827 3986 4492
4 3827 3892 4223 4740
4 3805 4013 4291 5119
4 4238 4738 902 5038
4 2574 2575 2326 4801
4 4103 4565 4321 5104
4 1281 4044 5095 5500
4 4221 4253 1501 4861
4 1492 4557 3983 4932
4 1228 4493 4954 5222
4 1715 5036 4432 5281
4 2898 902 4293 5038
4 3956 4355 2613 5443
4 1586 1471 1839 5053
4 1910 1717 4461 5080
4 1778 4621 4423 4969
4 1722 3898 1364 5098
4 1312 3856 4554 4723
4 3181 3142 4659 4908
4 1229 3901 4459 4822
4 1855 3852 1756 4435
4 1229 4459 3901 4967
4 4040 4212 3838 4626
4 3690 723 3693 5051
4 2109 474 13 3198
4 3924 4473 1611 4922
4 573 4192 75 5476
4 1855 3852 4435 5147
4 1777 4435 4621 4969
4 3978 4644 4423 4969
4 3911 4434 4173 4438
4 1389 1391 5338 5404
4 4846 5094 1550 5133
4 3819 4211 4129 4615
4 4323 5141 2626 5566
4 3765 4685 4639 5269
4 2495 4088 4479 5356
4 918 3894 954 4785
4 1249 4261 4792 5023
4 2373 2374 4353 4657
4 1347 1348 4399 4834
4 3778 4887 4405 5046
4 3798 4196 4078 5110
4 4375 4670 1722 5098
4 1010 4852 4130 5678
4 1316 1891 1807 4892
4 4677 4915 3996 5278
4 3780 4459 4671 4675
4 1900 4803 4740 5504
4 2984 1199 3109 4255
4 3823 4151 4660 5244
4 860 4284 4316 5092
4 3993 5044 4303 5072
4 4485 5338 1391 5404
4 3916 3844 4213 4308
4 1666 1664 4139 4514
4 3911 4207 3801 4434
4 3181 4908 3902 5303
4 3955 4156 3817 4559
4 3945 4186 2384 4356
4 1475 4661 1477 4783
4 3934 4691 4170 5347
4 1499 4253 1501 4925
4 3123 4535 4414 5150
4 4051 4466 4304 4841
4 2384 3945 2703 4186
4 4432 4577 3984 5036
4 3929 4541 4159 5452
4 4063 4451 4232 5379
4 60 3338 544 4791
4 1178 2981 1954 4448
4 2514 4302 2513 5186
4 2031 4908 2997 5303
4 3933 4483 4167 4548
4 3782 4291 4013 5119
4 1229 1650 4459 4967
4 1394 4418 1396 4692
4 3955 4367 4482 5506
4 4091 4373 3812 4918
4 918 878 954 4922
4 4190 4706 4609 5132
4 64 4212 552 4855
4 1855 1450 3852 5147
4 4039 2935 4469 5014
4 1539 4438 1633 5304
4 3830 4591 4472 4993
4 1813 4564 4342 4720
4 1757 3989 4631 5458
4 4494 4966 1291 5225
4 4418 5083 4157 5137
4 4158 4468 2822 5557
4 1442 5004 4827 5257
4 1386 4370 1783 4446
4 1281 4494 1283 5095
4 2217 3908 4260 5513
4 3156 4276 3094 4539
4 3819 4615 4129 5364
4 3904 4101 4003 5134
4 1809 1455 4405 4997
4 1347 1348 1328 4399
4 4833 4871 1896 5734
4 3892 3827 4467 5272
4 3941 4576 4179 5447
4 2276 3994 2278 4566
4 2993 3096 2629 4414
4 1194 4016 1123 4756
4 14 3214 478 4585
4 1902 4151 4660 5093
4 4302 4502 2513 5186
4 2720 3713 182 4380
4 4389 4552 4476 5271
4 3355 3354 3353 4623
4 4007 4386 3815 4949
4 2211 4449 3948 5543
4 68 4280 4086 5555
4 1779 1780 4423 4644
4 2477 2479 2480 5723
4 4250 5134 3904 5252
4 4167 5338 4485 5404
4 1951 1228 4493 4954
4 4304 4841 3962 4973
4 142 4254 670 5167
4 3765 3911 4438 4960
4 2149 4429 3972 4899
4 802 798 894 4715
4 4137 3933 4483 4842
4 1817 1903 4684 5093
4 3707 723 179 4077
4 3026 3027 4384 4535
4 2733 4212 4390 5151
4 3797 3883 4488 5145
4 1867 4316 4284 5472
4 4232 4323 3826 4587
4 3770 3951 4217 4591
4 3880 4446 4097 4663
4 1981 4189 1968 4506
4 1281 1421 1283 4494
4 2864 4691 3918 5569
4 3955 4878 3791 5506
4 4006 3960 4675 5503
4 902 779 2898 4293
4 3040 3902 3142 4791
4 1229 4459 1650 4822
4 1450 1756 1855 3852
4 3993 3867 5044 5072
4 3867 4248 4403 5597
4 2211 3948 4449 4978
4 3899 4323 4232 4587
4 2225 2227 2217 4309
4 3775 4270 3985 5400
4 3152 1060 1046 3980
4 3945 4356 2384 5382
4 1411 1348 1410 4834
4 4129 4211 3819 5290
4 3186 4365 3103 4951
4 4418 4485 4157 5083
4 3986 4110 2321 4492
4 3753 199 753 3999
4 3009 4607 3008 4751
4 2289 4343 4487 5494
4 4407 4434 3801 4722
4 3917 2556 4292 5309
4 3867 4162 4403 5570
4 4445 4605 1087 5590
4 1114 4180 1116 4230
4 3845 4592 1370 4975
4 4236 4835 4678 5135
4 1842 1343 1933 4272
4 4494 4724 4199 5225
4 1902 1907 1307 4151
4 4731 4917 1931 5153
4 2895 4238 2898 5038
4 4272 4644 4216 4731
4 698 4119 163 5163
4 1126 1076 1976 4218
4 3765 4203 4095 4960
4 1447 4339 4240 4725
4 1751 1757 1255 4631
4 478 4585 15 5541
4 4067 1577 4763 5480
4 3914 4407 3801 4722
4 3844 4297 4236 5079
4 1666 1665 1664 4514
4 2687 3969 4047 4447
4 4171 4381 1848 5053
4 3934 4680 4342 4682
4 3142 3902 4659 4791
4 2228 2751 5466 5718
4 2788 4403 4177 5708
4 3892 4803 4638 5232
4 1932 4156 4388 4704
4 2574 4521 4239 4801
4 3820 4780 4256 4871
4 1183 906 1958 4839
4 1494 3983 4645 5319
4 1444 4567 4195 4725
4 1611 3924 1508 4473
4 4404 4586 4318 4846
4 2833 2831 2613 4030
4 1927 1291 4494 4966
4 935 3881 3893 5001
4 123 4082 4456 4971
4 3817 4156 4519 4704
4 1269 4388 1270 5232
4 2177 2178 2179 4444
4 617 3497 109 4347
4 3837 4281 4039 5014
4 3063 4224 3163 4341
4 3081 3082 4951 5015
4 3826 4232 4567 4741
4 4079 4402 3053 5084
4 3822 4214 4115 4891
4 802 4351 798 4715
4 3918 4691 4170 5569
4 754 199 4633 4689
4 4251 4282 3090 4573
4 1757 4631 1758 5458
4 4318 4586 4404 5325
4 1701 4145 4601 5099
4 1936 5004 1442 5257
4 3916 4297 3844 5079
4 4383 4523 1839 5053
4 4723 4725 3762 4827
4 4282 5006 2987 5522
4 3890 4215 4113 5216
4 4159 4541 4758 5452
4 195 3755 747 4174
4 1477 4615 4129 4783
4 3885 4601 4475 4645
4 2259 4366 4481 5482
4 4063 4741 4232 5024
4 3898 4670 4375 5098
4 3844 4308 3916 5079
4 1665 4514 4010 4807
4 1726 4567 4232 5379
4 1357 4524 4374 5411
4 1880 4622 4672 5085
4 3835 4129 4661 4783
4 3788 4847 4107 4933
4 2613 4030 2831 5413
4 3876 3835 4902 5247
4 3876 4902 4241 5247
4 4000 3777 4390 4752
4 3791 4388 4128 5177
4 784 4242 2868 5285
4 3957 4038 2178 5586
4 163 4119 4094 5057
4 4035 4692 4418 5083
4 3996 4677 2494 5309
4 3808 4576 3941 5447
4 2844 4867 4080 5266
4 4148 4644 1842 5062
4 4373 4807 3812 5310
4 3514 118 634 4584
4 1023 2049 989 4345
4 659 3566 135 4120
4 2126 4457 4184 4978
4 3617 149 677 4356
4 4050 3804 4452 4507
4 4255 3024 4786 5122
4 1150 1114 1116 4230
4 3810 4374 4149 5210
4 617 3483 108 4025
4 4491 4681 4130 5678
4 4113 4215 3870 5298
4 3824 4105 4204 4977
4 2126 2851 2211 3948
4 4282 5006 2007 5020
4 3828 4144 4419 4726
4 4309 4428 3908 4860
4 3816 4329 4215 4706
4 2211 3948 2851 5543
4 3805 4151 4433 5244
4 552 65 3361 4212
4 4282 3147 4573 5522
4 3782 4313 4557 4788
4 1285 4141 4494 4724
4 1772 5192 4812 5468
4 4137 4842 4483 5338
4 4190 4329 3816 4706
4 3684 3685 3682 4818
4 4365 4616 3851 4951
4 2894 4616 2896 4632
4 3053 4079 3056 4402
4 1701 4601 4645 5099
4 2232 4279 2355 5502
4 4072 4904 4218 5221
4 3819 4743 5123 5382
4 1442 1443 4028 5004
4 4242 4340 3799 5003
4 3096 2101 2629 4414
4 1735 4250 4402 4530
4 1638 1635 1961 4285
4 1370 4592 3845 4917
4 3904 4003 4101 4716
4 4000 4752 4390 5151
4 3828 4419 4409 4726
4 902 4738 4293 5038
4 1670 4408 4404 5714
4 2585 2780 4909 5002
4 1596 4420 3868 4524
4 1859 1434 4553 5252
4 139 669 4271 4475
4 2789 2583 2239 4976
4 4303 5044 3867 5072
4 4566 5129 2279 5495
4 3992 4689 3924 4766
4 761 4083 2937 4469
4 3022 4786 3024 5122
4 3780 4459 3901 4671
4 3959 4492 3986 5484
4 4390 4999 3035 5683
4 3928 4251 2505 4573
4 4426 4513 4285 5669
4 3836 4420 4070 4550
4 3230 17 4563 4709
4 2206 3936 4466 4983
4 2833 4030 3956 4441
4 4212 4390 3838 4626
4 3888 4780 3820 4871
4 4167 4842 4485 5338
4 1985 4564 4277 5505
4 3797 3933 4483 5022
4 3920 2834 4471 5149
4 3814 4096 4018 4779
4 3839 4285 4513 5669
4 4144 4419 1292 4748
4 807 4872 3942 5000
4 3827 5113 4129 5290
4 1317 4406 4205 4926
4 2830 2691 2685 3940
4 150 682 3610 4721
4 3917 5278 4292 5336
4 2141 3950 2142 5105
4 3914 3801 4434 4722
4 1848 4381 4171 4661
4 4157 4422 3807 4842
4 1149 5386 4289 5719
4 139 3588 663 4271
4 1726 2006 4567 5379
4 4306 4999 4390 5683
4 1157 1095 4605 5616
4 3808 3973 5042 5443
4 4306 3035 4999 5683
4 3026 3027 2975 4384
4 1696 4217 4365 4764
4 1436 1389 4483 5404
4 3232 483 19 4283
4 2185 4056 3959 4463
4 1624 1183 4715 4839
4 3868 4420 1596 5097
4 1092 4605 4445 5373
4 2210 2225 2217 4860
4 1126 4218 1976 4516
4 1876 1896 4833 4871
4 1491 1490 1489 4557
4 1546 4404 4207 5578
4 1414 4524 1357 5411
4 4239 4653 4410 5663
4 1898 4638 1315 4757
4 3116 4249 1830 4999
4 51 4183 4168 4642
4 1192 4579 4412 5515
4 2277 2276 2278 4566
4 3809 4503 3985 5400
4 1808 5046 1809 5170
4 3839 4639 4513 5583
4 3940 4422 4157 5137
4 2500 4297 4236 4835
4 1442 4028 1443 4827
4 3761 4565 4103 5104
4 1403 4705 4608 4845
4 1183 1958 4715 4839
4 563 68 3375 4280
4 1867 2037 4284 4316
4 1414 4374 1357 4524
4 2984 3109 3166 4255
4 3819 4211 4615 5364
4 3824 4418 4485 5137
4 1671 4139 1664 4807
4 2908 895 3893 5593
4 2624 2626 5141 5566
4 993 4389 4226 5299
4 1226 4493 1228 4822
4 1494 4557 1493 4645
4 4812 5192 3982 5468
4 3090 4282 4251 5274
4 4143 4151 3805 4794
4 2262 4366 2822 5490
4 3142 3040 3181 3902
4 1664 1671 1923 4139
4 3959 3986 2827 5484
4 1934 1783 1760 4370
4 1934 4370 1760 4832
4 872 4382 2890 4477
4 2789 2239 4863 4976
4 4211 4129 4615 5290
4 4360 4480 4058 5384
4 1651 4413 1422 4568
4 4273 4660 4151 5244
4 2685 2691 2687 4447
4 2691 3969 2687 4447
4 3911 4263 4173 4434
4 2142 3950 2141 4175
4 1269 3857 4388 5232
4 1542 4628 4438 4931
4 1325 1317 1327 4205
4 1982 3105 4342 4564
4 4425 4657 4353 5113
4 2367 4057 4974 5162
4 4245 4603 3834 5729
4 4163 5022 4294 5600
4 4135 4390 3777 4752
4 4405 4997 3778 5046
4 1758 4631 4832 5458
4 3942 4872 807 5285
4 4647 5160 4884 5254
4 3022 4302 4786 5122
4 1874 5027 1767 5106
4 2096 5433 1132 5708
4 3823 4168 3962 4183
4 2569 2613 4498 5487
4 2596 3951 2595 5282
4 4217 4589 3951 4640
4 4256 4871 4780 5734
4 3787 3943 4301 5572
4 1693 5055 4023 5087
4 1701 4145 2001 4601
4 1157 4605 4122 5616
4 504 3263 33 4656
4 2244 3972 4045 4387
4 1817 1480 4352 4450
4 3764 4286 4924 5461
4 3800 4401 4358 4563
4 3819 4029 4743 5382
4 3837 4039 4469 5014
4 2277 4566 2279 5495
4 2924 4390 2733 4626
4 4195 4339 1445 4725
4 3888 4780 4871 5734
4 942 2961 1153 4963
4 761 958 885 4083
4 2006 4741 4567 5379
4 1152 2964 3153 4445
4 2720 728 182 3713
4 2846 4449 4320 4978
4 4195 4515 3903 5116
4 1140 4218 1142 5221
4 1546 1670 1545 4207
4 1426 1675 4681 4895
4 3946 4019 2260 5563
4 2830 4131 4422 5273
4 4195 5070 4515 5116
4 4291 4313 3782 4583
4 2335 4487 4163 5721
4 3835 4615 4581 4661
4 3971 4657 4425 5113
4 1755 5192 1772 5468
4 4286 4415 3823 5461
4 1149 5082 4289 5386
4 1874 1764 1767 5027
4 4374 4149 5117 5411
4 3917 3762 5278 5336
4 99 4315 4199 4528
4 4496 4672 3794 5531
4 4145 4645 4601 5099
4 3930 4026 2393 5159
4 4145 4601 4645 5063
4 4189 1981 4838 5371
4 1317 4205 1325 4926
4 2699 3918 2638 4343
4 1259 5100 4660 5158
4 2595 3951 2594 5349
4 958 4083 761 4469
4 1202 773 796 4285
4 1066 4226 993 5068
4 4236 4297 3947 4835
4 1235 4514 1237 5059
4 2596 4632 3951 5282
4 108 4347 4025 5065
4 2830 4422 2349 5273
4 1850 4261 4621 4792
4 2626 4323 2627 5141
4 4254 4583 3782 4788
4 2703 3945 2384 5154
4 1158 4756 1114 5378
4 3762 4723 4240 4725
4 1624 1183 1958 4715
4 1144 4177 1132 5433
4 1488 4793 4794 5415
4 993 1071 4389 5299
4 3830 4003 5134 5252
4 3800 4358 4335 4563
4 2142 3950 4543 5518
4 108 5065 4025 5353
4 1850 4261 1344 4621
4 4170 4691 2640 5569
4 4058 5118 5115 5626
4 123 4082 4225 4456
4 3181 4659 3902 4908
4 3152 2962 1060 3980
4 4018 4317 3814 4779
4 3989 4631 3763 4734
4 479 4014 12 5489
4 3924 4473 3992 4766
4 3885 3831 4475 4601
4 902 4238 825 4738
4 3833 4087 4392 4973
4 1540 1542 4438 4931
4 1457 1458 3862 4430
4 796 1953 1202 4285
4 3948 3776 4526 5543
4 3903 4515 4195 5024
4 3948 5238 3776 5543
4 1896 4871 1876 5734
4 906 802 894 4839
4 2211 4449 2846 4978
4 3821 5089 4568 5202
4 95 3447 4453 4465
4 1638 1635 4285 5300
4 977 4506 4189 4872
4 2289 4343 2698 4487
4 1837 4682 4680 5230
4 3009 3007 3840 5075
4 2399 4068 2401 4819
4 1312 3856 4723 5365
4 164 4038 4551 4891
4 1424 1743 1742 3847
4 2076 872 2890 4477
4 1036 1066 993 5068
4 3958 3987 3767 4780
4 4580 4761 1552 5133
4 1786 1788 4359 4519
4 4252 4894 4726 5660
4 2904 4293 819 5593
4 2933 2930 4333 4480
4 3875 4130 5076 5663
4 4079 4217 4993 5420
4 3810 4088 4070 4550
4 3937 4413 3799 4789
4 1199 4255 2984 4582
4 1260 4660 1259 5100
4 2211 2126 3948 4978
4 4576 4670 4179 5447
4 3887 4755 3807 5306
4 3971 4425 4657 5390
4 3884 4383 4264 5053
4 3846 4827 5004 5257
4 3088 4282 2987 5522
4 2830 2691 3940 5710
4 1132 4177 1144 5708
4 3838 4626 4390 4999
4 1817 1532 4450 4684
4 2335 5265 4487 5721
4 2516 4403 2788 5708
4 993 2089 4226 4389
4 2259 4481 4366 5563
4 1904 4223 1836 4450
4 3056 4079 3053 5084
4 4250 4277 3904 5134
4 4060 4277 4250 5134
4 1839 4264 1469 4383
4 4210 4496 3794 5531
4 1556 4838 1981 5371
4 164 701 3648 4038
4 3904 4553 4003 4716
4 3876 5247 4241 5655
4 4416 5077 4792 5156
4 3826 4232 4071 4567
4 2687 3969 2695 4047
4 4071 4567 4232 4778
4 4737 4857 3831 5524
4 1899 4638 1898 4757
4 1334 5399 4496 5531
4 3808 4670 4576 5447
4 1981 1200 1968 4189
4 1475 1584 1477 4661
4 2832 4431 4191 5207
4 2917 1091 2878 4445
4 823 4738 4145 5128
4 2699 2638 2698 4343
4 3805 5244 4051 5686
4 1936 3846 5004 5257
4 1357 4374 5117 5411
4 84 4099 1028 5190
4 1777 4621 1778 4969
4 3911 4407 4207 5293
4 3945 4433 4151 5142
4 1651 1639 4413 5595
4 2234 4279 4417 4909
4 4152 4920 4586 5325
4 1169 886 4998 5644
4 2733 4390 2924 5151
4 4078 3925 4378 5110
4 2898 779 2069 4293
4 4775 4965 3953 5736
4 707 167 3664 5560
4 2289 4487 2287 5494
4 4080 5082 4181 5360
4 3088 2987 4282 5006
4 2259 2237 4481 5563
4 1850 1249 1344 4261
4 4434 4722 4407 5653
4 3773 4253 4221 5340
4 3819 4743 4352 5123
4 551 63 3353 5444
4 2827 4492 2321 5484
4 1350 4118 4496 5399
4 758 910 4171 5620
4 1735 4402 4250 5420
4 2095 1041 4410 4653
4 1237 4514 4386 5059
4 4068 4593 2401 4819
4 1226 1951 1228 4493
4 2232 2234 4279 4417
4 1249 4261 1850 4792
4 4321 4565 4103 5355
4 4320 4960 4095 5334
4 549 4600 59 5194
4 4261 4621 3972 4933
4 3881 4597 4432 5406
4 1090 1153 2961 4963
4 1927 1291 1285 4494
4 1144 1132 4605 5433
4 4660 4734 1258 5158
4 2145 2144 4503 5105
4 2975 2070 2859 4384
4 2986 2068 3094 4276
4 3062 3163 4224 4341
4 2382 4442 2384 5382
4 1901 1900 4740 5504
4 4294 5022 4163 5347
4 2904 2069 819 4293
4 4042 3776 5238 5543
4 3821 4960 4320 5334
4 3808 4498 3973 5443
4 4207 4438 1541 4628
4 3840 4411 4574 5155
4 3836 4088 3966 4550
4 1241 4148 4510 4635
4 3937 4568 4413 5089
4 2516 4484 4403 5708
4 4012 4403 4248 5597
4 4187 4825 4531 4985
4 3007 4411 3840 5075
4 3992 4473 4121 4766
4 3993 4712 4162 5072
4 3928 4573 2505 4652
4 1668 1923 4670 5018
4 4197 4740 3827 5113
4 3917 3762 4915 5278
4 2399 2401 2763 4819
4 3879 4209 3922 5002
4 3813 4541 3929 5452
4 1757 4631 3989 5158
4 3827 4223 3892 4742
4 3918 4343 2699 4903
4 2206 2811 2805 3936
4 3804 4507 5173 5486
4 4411 4598 4574 5155
4 4184 4457 2126 5392
4 544 3338 3337 4069
4 4028 4827 1442 5004
4 3822 4214 4891 5322
4 3911 4434 4407 5653
4 1511 4962 3984 5415
4 1241 1343 4148 5436
4 2495 4088 2838 4398
4 819 2069 779 4293
4 3009 3840 3007 4607
4 3923 4398 4677 5261
4 3937 4571 4413 5202
4 3982 4812 4050 5192
4 3761 4373 4091 4918
4 49 528 4231 5019
4 3854 4461 4169 4925
4 3785 4833 4391 4892
4 1046 3136 3152 3980
4 1585 4516 2042 4761
4 4217 4365 3951 4589
4 2433 2384 2382 4442
4 4335 4544 3800 5402
4 1260 1258 1259 4660
4 3763 4734 4631 4843
4 3892 4740 4803 5504
4 1777 4621 4435 5208
4 1094 4890 4605 5373
4 3085 3173 4412 4579
4 3021 4255 3024 4786
4 3840 4411 3007 4607
4 3835 4171 4661 4902
4 2703 2384 2433 5154
4 713 3687 173 2422
4 1768 4144 4464 4726
4 1646 4230 4628 5378
4 4156 4431 3817 4991
4 4678 4835 2600 5135
4 3816 4215 4329 5058
4 4239 4410 2581 4801
4 2367 4974 4360 5162
4 4016 4756 1194 5594
4 3189 3081 3082 4951
4 3875 4130 4681 5076
4 4487 5022 4163 5600
4 4647 4123 5160 5254
4 1192 4412 2013 5515
4 1390 4157 1784 4964
4 175 4222 4421 4996
4 2234 2249 4279 4909
4 1241 4148 4635 5436
4 1784 4157 1390 4485
4 4189 3799 4290 5003
4 68 4086 4280 5251
4 3817 4519 4359 4704
4 1045 1062 998 4542
4 1486 4504 4962 5415
4 2331 4236 2500 4297
4 4018 4317 2251 4976
4 4330 4546 3929 5408
4 1062 2063 998 4542
4 92 4292 4092 4952
4 1556 4290 4838 5371
4 3783 4663 4020 5149
4 4177 4403 2788 4787
4 1859 4553 1375 5252
4 3951 4591 3770 4719
4 1194 4814 4016 5594
4 3766 4204 4105 4977
4 1708 4577 3863 5393
4 2833 4441 3956 5487
4 1277 1292 4419 4748
4 846 847 787 5281
4 3770 4472 4076 4591
4 1169 4998 4145 5644
4 3764 4415 4286 5461
4 2353 2569 2613 5443
4 3336 58 542 4903
4 3784 4558 3965 5286
4 3922 4209 3879 5203
4 1241 4635 1343 5436
4 4374 5117 4149 5210
4 2685 3940 4447 5152
4 763 2908 895 3893
4 5115 5118 843 5626
4 1984 772 1200 4517
4 520 3289 41 5519
4 4195 5024 4515 5070
4 1630 1629 4493 4865
4 1813 4342 4682 4720
4 1849 4171 1848 5053
4 1259 4660 1258 5158
4 4019 4585 3946 5332
4 44 4471 4097 4643
4 36 515 3283 5545
4 3833 4416 4792 5156
4 3888 3820 4391 4871
4 3881 4432 5036 5281
4 4202 4496 1354 4617
4 3870 4215 4113 5627
4 860 4316 863 5092
4 1392 4485 4418 5083
4 3897 4361 1689 4758
4 3813 4758 4541 5452
4 4203 4395 3821 4960
4 1533 1817 4504 5093
4 4050 4527 3982 5192
4 4269 4566 3793 5204
4 1264 4718 4536 5276
4 3892 4638 4128 5232
4 2777 2556 2494 5309
4 1533 1817 1482 4504
4 4314 5076 4130 5663
4 4314 4766 1677 5692
4 2232 2234 2249 4279
4 846 787 1185 5281
4 3823 4005 4286 4924
4 151 4597 4153 5599
4 2076 775 872 4477
4 3435 594 88 2307
4 3822 4115 4038 4891
4 4277 4564 1985 4720
4 3887 3807 4370 5306
4 1543 4207 1541 4628
4 4090 3856 4554 4915
4 1199 1954 3109 4255
4 1469 4383 4264 5729
4 3795 4884 4647 5160
4 66 554 3360 4916
4 4740 4783 4129 5113
4 3094 4276 2068 4539
4 832 4697 3915 4888
4 659 4120 135 5676
4 3970 4518 3800 5015
4 199 4689 4258 4771
4 1830 3116 1170 4249
4 4504 4794 4143 5415
4 1087 4605 5433 5590
4 3955 4431 4156 5121
4 1144 4605 4177 5433
4 3775 5400 3985 5518
4 4155 4792 4261 5023
4 1421 1659 4494 4877
4 4164 3836 4420 4786
4 1274 4853 4377 5565
4 1693 4023 4589 5087
4 4249 4629 1830 4999
4 1689 4361 3897 4945
4 4792 5077 4155 5156
4 470 3194 10 4921
4 977 814 4506 4872
4 3923 4515 5070 5116
4 1446 1447 4240 4725
4 3890 4113 4215 4706
4 1836 4450 4223 4740
4 4090 4554 3856 4723
4 3786 4386 4007 4949
4 4266 4622 1685 4895
4 998 2016 1040 4542
4 3824 4105 4977 5342
4 3360 553 66 4916
4 1486 1803 1484 4504
4 52 532 4247 4509
4 3803 4318 4075 4580
4 1266 5276 5232 5504
4 3993 4303 3796 5072
4 701 3666 165 4850
4 3124 4341 3163 4659
4 918 4922 3894 5534
4 2178 4889 3957 5416
4 3009 4102 3840 4751
4 4215 4477 4382 5298
4 1485 4962 1511 5415
4 686 155 4328 5456
4 4079 4993 4402 5420
4 3791 4128 4638 5177
4 1897 1898 1315 4757
4 10 3194 469 4921
4 2373 2372 4657 5390
4 4514 5018 1295 5314
4 3982 5192 3852 5468
4 2477 4265 4162 5013
4 4197 4783 4740 5113
4 13 4295 473 5383
4 4554 4723 4090 4915
4 1018 4345 1187 4634
4 3230 484 17 4709
4 3784 3965 5039 5286
4 1298 1811 4724 5046
4 3847 4825 4187 4985
4 3960 4006 3780 4562
4 1880 4622 4266 4672
4 3873 4236 4188 4561
4 3890 4477 4215 5216
4 3408 82 578 4937
4 1876 4833 4391 4871
4 2377 4353 4104 4882
4 3801 4230 3891 4628
4 4452 4553 1377 5665
4 713 3687 2422 5609
4 2141 4175 3950 5105
4 2142 3950 4175 4543
4 4413 4568 4133 5089
4 3407 579 81 5608
4 482 3218 18 4939
4 1830 1829 4306 4999
4 3933 4027 3824 4422
4 2811 3936 2206 4983
4 1221 4568 4062 5180
4 3818 5427 4216 5725
4 4164 4420 4582 4786
4 1681 4130 4681 5678
4 4240 4339 1447 5157
4 2500 3947 4297 4835
4 4314 4681 4130 5076
4 4239 4521 3875 4801
4 3426 581 1032 3427
4 1386 1825 1783 4370
4 1298 4724 3900 5046
4 1142 4739 4072 4904
4 3230 483 4283 4563
4 4501 5077 1909 5248
4 1493 4557 1491 5099
4 1457 4430 3862 5197
4 4055 4538 4396 5117
4 3925 5110 4196 5454
4 1362 1922 1359 4762
4 2585 4909 4209 5002
4 1066 993 4226 5299
4 1486 4504 1484 4962
4 2228 4765 2219 5718
4 1078 4122 1196 4713
4 3103 2988 1994 4365
4 473 4295 13 4753
4 3955 4482 4878 5506
4 653 3567 133 4938
4 1446 4240 1594 4725
4 2495 4479 2425 5356
4 4196 4412 1606 4795
4 4373 3812 5237 5310
4 2051 4314 4130 4959
4 4216 3818 4644 5427
4 2613 2833 3956 5487
4 3808 4139 4670 5447
4 100 605 3458 4166
4 3690 722 179 4015
4 2289 2698 2287 4487
4 3793 4269 3994 4566
4 3911 4722 4434 5653
4 4291 4346 3805 5119
4 3804 4269 4050 4452
4 1630 4493 4408 4865
4 3401 575 79 4102
4 1421 4494 4409 4877
4 3763 4392 4087 4973
4 72 3387 3117 564
4 2171 4140 2173 4367
4 749 196 3758 4061
4 2733 2734 4000 4752
4 3836 4582 4420 4786
4 1568 1689 3897 4945
4 4680 4682 4064 5230
4 807 811 4872 5000
4 3972 4621 4261 4804
4 4452 4507 4200 5230
4 2162 4328 3907 4924
4 3767 4651 4430 4834
4 3936 4155 4136 4501
4 1334 4672 5399 5531
4 4106 3761 4918 5513
4 4140 4482 4367 5506
4 3833 4392 4416 4973
4 1757 1758 1293 5458
4 4496 5399 4672 5531
4 1322 4538 1338 5074
4 2697 4328 2162 4924
4 1670 5035 4408 5742
4 3951 3770 4687 4719
4 1808 4344 5046 5170
4 3951 4217 4079 5084
4 4592 5055 1367 5087
4 3955 4482 4367 5207
4 1138 928 1153 4963
4 1596 3868 1746 4524
4 1090 1138 1153 4963
4 1707 3863 1708 4577
4 4536 4641 1265 5276
4 3682 3685 719 4440
4 4179 4762 4670 5270
4 4256 4780 3820 5535
4 1651 1639 1422 4413
4 3875 4521 4209 4801
4 3795 4647 4768 5160
4 4145 4738 823 4998
4 1379 4452 1377 5665
4 72 3382 564 4338
4 4070 4088 3810 5529
4 4615 4661 4129 4783
4 2001 4145 1169 4998
4 1839 4383 1840 4523
4 4072 4739 1142 5277
4 1200 4189 1623 4517
4 4638 4757 4146 4853
4 3917 4292 2556 4782
4 4601 3831 4857 5524
4 1462 4868 3997 5584
4 1828 4249 4694 5394
4 696 161 4140 5525
4 1568 3897 1689 4758
4 1859 1434 1375 4553
4 1677 4766 4314 5638
4 4097 5149 2284 5265
4 4079 4217 3951 4591
4 2393 4026 3930 5167
4 2780 4996 3922 5002
4 2284 2282 4097 4625
4 3852 3982 4527 5192
4 4079 4402 4217 5420
4 2757 5213 4495 5677
4 1819 4615 4661 5687
4 4144 4252 3965 4464
4 4130 4410 1004 5228
4 1793 1909 5077 5248
4 3929 4265 5013 5408
4 3842 4404 4586 4920
4 1511 3984 5036 5415
4 2386 677 149 4356
4 3783 4509 4020 4663
4 3994 4566 4269 5204
4 4260 4918 3761 5513
4 4289 4181 5082 5360
4 1629 4493 4865 4954
4 1181 5006 4282 5522
4 4161 3872 4797 5242
4 811 4506 5000 5562
4 2974 2024 4306 4999
4 681 3608 151 4721
4 3926 3766 4105 5453
4 3962 4183 4273 5244
4 3939 4013 3782 4583
4 3447 3445 3446 4465
4 2406 4329 4117 5326
4 1755 1771 1772 5192
4 4397 5311 2843 5326
4 3826 4741 4195 5024
4 2340 4239 2574 4521
4 4080 4618 5082 5360
4 4360 4974 4057 5162
4 3804 4507 4050 5173
4 1224 4568 4142 5183
4 3797 3933 4343 4548
4 1181 2007 4282 5006
4 3876 3835 5247 5655
4 1243 1241 4148 4510
4 2465 4389 4127 5002
4 1641 3891 1542 4931
4 4170 4539 2640 4691
4 2811 4429 4178 4983
4 3993 3796 4712 5072
4 2051 4130 1676 4681
4 4140 4367 3791 5506
4 3505 629 117 4880
4 1188 4230 1086 4570
4 4536 4718 1264 5520
4 3805 4466 4013 5119
4 3989 4832 4631 5458
4 4133 4958 3878 5739
4 4209 4909 3922 5002
4 3904 5025 4250 5252
4 1585 4580 4516 4761
4 3911 3801 4407 4434
4 4133 3878 4958 5595
4 189 2620 737 5268
4 681 4721 151 5010
4 3833 4304 4087 4973
4 3770 5055 4592 5087
4 4133 5595 4958 5739
4 2678 3935 2676 4107
4 4078 4412 3798 4573
4 2565 4965 2195 5736
4 3923 5070 4195 5116
4 2259 2260 2237 5563
4 3884 5361 5115 5626
4 2046 1211 792 4542
4 1263 4536 1265 5276
4 1126 1976 1973 4516
4 4070 4398 4088 5529
4 4609 5054 1690 5127
4 485 21 3221 4896
4 2678 2677 2676 3935
4 2731 4535 4384 5141
4 3811 5078 5157 5529
4 4023 5055 3770 5087
4 2513 4302 2514 5258
4 4000 3777 4212 4390
4 706 4710 166 4850
4 164 4551 4038 5140
4 2145 2143 2144 5105
4 507 3263 3262 4802
4 2406 4117 4614 5326
4 1375 4553 4003 5252
4 1922 1923 4287 4670
4 1116 4230 4180 5069
4 4285 4426 3866 4513
4 4080 4569 3801 5069
4 3955 4559 3791 4878
4 2916 4532 1000 4653
4 2851 3948 2126 4526
4 3112 2997 3181 5303
4 3824 3933 4422 4842
4 2365 2367 4360 5162
4 3928 4282 4251 4573
4 3798 4159 4545 5020
4 1087 4445 1092 4605
4 1087 4605 1132 5433
4 737 2620 189 4666
4 3835 4171 4902 5247
4 3763 4416 4392 4973
4 2321 3986 2559 4110
4 1726 1865 4232 4567
4 2733 2734 4752 5151
4 123 4225 4082 5357
4 1330 4210 5170 5531
4 1803 4151 4504 4794
4 1458 3862 4430 4919
4 3836 4164 4420 5700
4 3885 4737 3831 5524
4 1196 4122 2055 4713
4 2805 3936 2811 5178
4 3916 3787 4213 4301
4 3820 4871 4256 5535
4 4168 4183 51 5294
4 3945 4151 4143 4504
4 3765 4263 4960 5550
4 169 3683 4440 4818
4 3828 4110 4747 5396
4 2951 4410 4239 4653
4 1521 5215 4844 5697
4 2185 4463 3959 5484
4 3763 4087 4017 4973
4 3826 4567 4195 4741
4 14 478 2328 4585
4 3936 4178 3809 4429
4 1338 4538 4396 5074
4 1039 1049 4150 5329
4 3955 3791 4559 5031
4 832 3915 4697 4750
4 991 4389 1068 4552
4 1241 4510 1242 4635
4 1331 4210 1334 4496
4 3799 3937 4354 4571
4 3778 4344 4887 5046
4 2038 4316 1867 5472
4 1127 1075 2873 4289
4 3781 3841 3984 4630
4 761 885 2937 4083
4 3307 45 521 4471
4 1954 4255 1619 4448
4 2051 1676 4130 4314
4 3891 4628 1542 4931
4 3068 3066 4078 4579
4 1747 3868 1596 5097
4 902 821 4293 4738
4 2768 4333 4281 5297
4 4531 4825 4454 4985
4 3806 4671 4459 4675
4 163 4094 4119 4511
4 103 611 3909 4883
4 1040 5228 4542 5511
4 3926 4363 3766 5453
4 3828 4747 3977 5396
4 1740 4612 4488 4680
4 3827 3892 4467 4742
4 3765 4960 4095 5550
4 1830 4306 2024 4999
4 934 916 858 4771
4 1568 1428 1689 4945
4 1279 1706 1281 4419
4 4035 1786 5083 5724
4 2340 4698 4521 5704
4 1488 4793 1841 4794
4 3821 4568 4062 5202
4 4110 4492 3986 5396
4 3808 4158 3941 4576
4 3892 4128 3792 4817
4 3792 4757 4638 4803
4 1594 4240 1653 4723
4 908 825 902 4238
4 2377 2376 2378 4437
4 2495 2838 2839 4398
4 2832 4367 2188 5207
4 2315 4489 2256 5681
4 4270 4350 3809 5400
4 141 666 3578 5045
4 3767 3958 4780 4927
4 1739 4680 1837 4682
4 3890 4242 4189 5003
4 3118 4390 3130 5151
4 4940 4976 3769 5066
4 1877 1446 1594 4725
4 2377 2378 4104 4437
4 3904 4101 4566 4716
4 3952 4976 4940 5066
4 3666 704 165 4850
4 1367 5055 1693 5087
4 1270 5177 4638 5232
4 3056 4402 4079 4856
4 3062 3163 4341 4659
4 1499 1501 4253 4861
4 4277 5012 4060 5111
4 4343 4487 3797 4691
4 2373 4425 4353 4882
4 3984 4432 3841 4577
4 4319 2033 4707 4816
4 4949 4965 3786 5065
4 2834 4020 3920 5019
4 4319 4707 2033 5619
4 3005 2113 3980 4114
4 1256 1258 4660 4734
4 3953 4965 4949 5065
4 3959 3986 3789 4199
4 3788 4804 3972 5439
4 1126 1133 1076 4218
4 1375 1373 4003 4875
4 1263 1265 4536 4641
4 1659 4494 4877 4966
4 605 3474 101 4337
4 3980 4114 2113 4745
4 124 640 4336 5369
4 2029 1177 2028 4334
4 3801 4439 4230 4628
4 1105 4713 4669 5327
4 3797 3918 3883 4548
4 2827 2185 3959 5484
4 3807 4964 4370 5306
4 3800 4335 4556 4563
4 665 141 3578 5045
4 1726 2006 1865 4567
4 3828 4492 4110 5396
4 3920 4020 3783 4864
4 1445 4339 1447 4725
4 3789 4110 3986 5396
4 3950 5400 4543 5518
4 4215 4382 3870 5298
4 3762 4554 4824 4915
4 3765 4263 3911 4960
4 2050 4460 4218 4669
4 2777 2556 4292 4782
4 2827 3959 2185 5295
4 3801 3914 4180 4569
4 3810 4070 4524 4550
4 1037 991 2874 4389
4 1235 4946 4514 5059
4 4228 4400 3825 5047
4 4159 4758 4330 5452
4 2088 4569 1111 4830
4 3750 753 195 4648
4 2457 2843 5311 5326
4 3778 4611 4887 5598
4 4189 4506 1981 5371
4 4064 5173 4507 5486
4 3897 4361 3813 5101
4 67 4363 554 5432
4 2601 4026 5038 5159
4 2481 4403 4484 4813
4 1346 1354 4202 4496
4 2917 4445 2878 5590
4 1842 4644 1781 5062
4 4621 4792 4261 4804
4 4241 4902 842 4934
4 17 4358 4335 5549
4 2933 4480 4333 5297
4 3762 4723 4554 4915
4 4223 4450 1904 4684
4 3420 86 586 4989
4 1850 4621 3895 4792
4 2340 4239 4521 4698
4 1702 4145 1701 5099
4 67 561 4773 4987
4 1106 1105 4669 5327
4 1778 4423 4621 5307
4 3842 4404 4207 4408
4 648 128 3548 5508
4 1594 1516 1653 4240
4 4210 4496 1331 4831
4 3950 4543 5400 5726
4 3761 4103 3905 5104
4 4407 4920 4207 5293
4 4240 4588 1653 4723
4 1700 4345 4188 5516
4 4230 5069 4570 5682
4 4058 5115 5361 5626
4 1037 1068 991 4389
4 3918 4343 3797 4691
4 3038 4135 3040 4791
4 1094 1157 1095 4605
4 2896 4300 4616 5102
4 3968 3786 4949 4965
4 3695 177 724 4805
4 1142 4072 1162 5221
4 4078 4378 3925 4955
4 639 4796 4379 5357
4 3133 3184 3031 4063
4 1817 1906 1903 5093
4 3781 4143 5123 5625
4 3941 4481 4366 5482
4 1086 4230 1145 4570
4 1221 4062 1626 5030
4 507 4288 35 5328
4 1770 4894 4464 5412
4 1771 4812 1772 5192
4 4325 4765 2228 5466
4 889 2023 4697 4888
4 4115 4214 3822 4748
4 1681 4681 4491 5678
4 1455 5170 4405 5531
4 807 4683 3942 5285
4 4312 4977 4105 5342
4 1350 1412 4118 5399
4 2051 1676 4314 4959
4 2872 4389 991 4552
4 2890 4382 2761 4477
4 2685 2830 3940 5152
4 4386 4514 1295 5314
4 1646 4230 1647 4439
4 2331 2499 2500 4236
4 3898 4375 3808 5042
4 1512 1493 1491 5099
4 3770 4719 4591 5349
4 3811 5157 4588 5529
4 1829 4629 4306 4999
4 146 3609 674 4721
4 1606 4196 2013 4412
4 3811 5078 4240 5157
4 1541 4438 4207 5035
4 3820 4369 3888 4391
4 140 664 4270 5612
4 4070 3836 5078 5672
4 4432 4577 1716 4646
4 516 3285 41 4688
4 4557 4664 1491 5099
4 3813 4165 3929 4541
4 1425 4720 4682 5230
4 1039 5329 4150 5564
4 3814 4396 5211 5650
4 4188 4345 1700 4844
4 4414 4535 4323 5150
4 2838 4398 4088 5186
4 1646 2058 4230 5378
4 818 772 1984 4517
4 1455 1808 1809 5170
4 2859 4384 2731 4535
4 2331 2499 4236 4779
4 1841 1773 4346 4793
4 1388 1386 4137 4964
4 4097 2284 4625 5265
4 1701 1702 2001 4145
4 1641 1642 1542 3891
4 3787 4301 5146 5572
4 1773 1909 1841 4346
4 4206 4228 3825 5047
4 2624 2626 2627 5141
4 1861 5391 4478 5576
4 1828 4629 4249 5394
4 1250 1248 1249 5023
4 1899 1794 1898 4638
4 4195 3923 4339 4725
4 2997 2031 1175 4908
4 273 182 727 3705
4 4161 4060 5012 5111
4 3895 4792 4621 4804
4 3165 4249 3116 4999
4 4587 5141 2624 5497
4 711 3683 169 4818
4 2624 5141 4587 5566
4 3985 5400 4503 5518
4 4438 4628 4434 4931
4 3808 4375 5174 5267
4 4489 5146 4301 5572
4 3785 4892 4391 5628
4 1696 4589 4217 5087
4 3819 4995 4211 5364
4 2691 3969 3940 5710
4 3781 3984 3841 4577
4 3819 4352 4995 5364
4 3721 737 189 4666
4 1953 4285 796 4595
4 1066 1071 993 5299
4 2987 5006 1181 5522
4 3840 5075 4411 5155
4 1235 1295 1237 4514
4 1383 5169 4507 5230
4 3933 4487 4343 5494
4 3824 4977 4312 5342
4 4587 5141 4323 5566
4 3991 4586 4404 4846
4 2822 4468 3941 5482
4 1745 4985 3902 5303
4 4341 4488 3883 5331
4 3904 4277 4250 5025
4 3788 4193 4621 4804
4 3810 5411 4524 5529
4 3880 5149 4097 5265
4 3062 3163 3063 4224
4 843 5118 5115 5425
4 4481 3813 5224 5563
4 2729 4040 4212 4855
4 3951 4719 2594 5349
4 2244 4899 3972 5403
4 1081 2544 1111 4830
4 2335 2637 4163 4691
4 3940 3969 3779 4755
4 4087 4304 3833 5385
4 1619 4448 4255 5067
4 3993 4073 3796 4303
4 1266 5232 1762 5504
4 1076 1976 4218 4669
4 4409 4419 4044 5500
4 4616 4632 3083 5084
4 2320 4097 2834 5149
4 4407 4722 3914 5653
4 1207 3103 1994 4951
4 521 45 3292 4984
4 1743 1745 1742 4985
4 4097 4471 2834 5149
4 1459 3862 1458 4919
4 3765 4395 4203 4960
4 781 179 722 4015
4 2246 5191 2254 5704
4 3971 4729 5614 5643
4 3763 3962 4183 4973
4 1734 4250 4472 5420
4 1502 4609 1690 5127
4 2412 3930 2393 5159
4 503 4103 31 5199
4 1677 4766 1852 5692
4 1830 2974 3116 4999
4 2320 2834 4097 4471
4 1584 4615 1477 4661
4 4617 4766 1508 5662
4 3132 4564 4161 5242
4 1551 1552 1550 5094
4 2495 4364 4088 5356
4 153 4376 4194 4590
4 4181 4580 4516 5321
4 910 758 4171 4697
4 4177 4378 3874 4787
4 4067 4546 4330 5408
4 1786 1800 1925 4519
4 4399 4927 4651 5288
4 3861 4794 4793 5415
4 172 4109 4676 5131
4 74 2496 566 4994
4 3804 3994 4269 5204
4 4507 5169 4064 5230
4 4493 4822 4185 5222
4 4292 5278 4677 5336
4 2479 4787 4403 5723
4 2448 4407 4152 4867
4 1218 3864 4685 5030
4 2624 4587 5497 5566
4 1551 4580 1552 5094
4 4003 5134 4101 5512
4 993 4226 2089 5068
4 4070 3810 4524 5529
4 3873 4188 4345 4561
4 3822 4891 4038 5322
4 1459 4575 3862 4919
4 1819 4661 1820 5687
4 988 86 586 3428
4 2180 4889 2178 5416
4 1076 1130 1976 4669
4 3941 4158 3808 4468
4 55 4278 4665 5470
4 2354 4158 2822 5557
4 1025 1030 4767 5050
4 4216 4917 4731 5153
4 1477 4129 1476 4783
4 2335 4163 4487 4691
4 1278 4748 4419 5628
4 4042 5238 3776 5355
4 4123 4768 4647 5160
4 2951 4653 4239 5029
4 3112 2031 2997 5303
4 2473 5459 5013 5695
4 1864 1931 4731 4917
4 1039 985 1049 5329
4 3874 4378 4177 5454
4 1343 1842 1241 4148
4 807 3942 4683 5000
4 2547 2844 4080 5266
4 1812 4682 1425 4720
4 1528 5124 4603 5496
4 3805 4051 5119 5686
4 4162 4403 4787 5723
4 2930 2106 2933 4333
4 3819 4352 4211 4995
4 859 4929 4542 5606
4 4310 4775 2195 4965
4 3824 4485 4157 5137
4 1713 1864 1931 4731
4 3803 4580 4075 4761
4 1412 1426 1674 4118
4 3067 3068 3066 4078
4 1188 1086 1129 4570
4 3977 4747 3789 5396
4 470 4348 10 5460
4 4495 5012 4060 5134
4 1535 1536 4942 5348
4 3836 4420 4550 5700
4 1242 4635 4510 5323
4 3930 4788 4026 5063
4 1224 4142 4568 5696
4 3794 4209 5203 5617
4 131 3559 941 5081
4 1653 4588 4240 5157
4 1432 4592 1367 5087
4 4276 4342 3872 5249
4 1068 4389 1051 4476
4 4339 5078 3836 5672
4 3888 4871 4833 5734
4 2574 4239 2581 4801
4 1839 1469 1587 4383
4 3845 4975 1370 5179
4 3874 5552 4403 5570
4 3811 4240 4588 5157
4 4157 4485 1784 5083
4 4383 5115 3884 5361
4 4157 4964 3807 5306
4 4457 5205 5089 5642
4 985 1011 1017 5329
4 4217 4402 4079 5084
4 3782 4346 4291 5119
4 1752 4631 4843 5468
4 1653 4240 1516 5157
4 4063 4323 3899 5150
4 910 842 4902 4934
4 2894 3120 2107 4616
4 1161 1123 4016 4756
4 1772 4812 3982 5468
4 3872 4342 4276 5613
4 3834 4245 5361 5481
4 4189 815 4872 4911
4 4502 4515 2414 5261
4 1830 4249 1828 4629
4 2596 2896 3951 4632
4 3833 4792 4155 5156
4 4480 5118 4058 5384
4 812 807 4872 5285
4 763 2085 2908 3893
4 1218 5030 4685 5180
4 1545 1541 1543 4207
4 1696 1996 4365 4589
4 1122 4016 1123 4814
4 657 131 3559 4851
4 3957 3785 4362 5176
4 2918 3893 848 4153
4 3962 4273 4183 4734
4 3940 4131 3807 4422
4 2974 1830 2024 4999
4 4159 4330 3929 5452
4 3911 4207 4434 4438
4 3779 4278 4376 4665
4 4177 4605 1144 5616
4 1112 4569 4180 4830
4 4294 5347 4163 5600
4 2601 5038 2901 5159
4 3787 3916 4213 5146
4 3779 4376 4278 4590
4 2076 2890 2761 4477
4 4365 4616 3083 5084
4 2908 3893 4754 5593
4 1192 3085 4412 4579
4 4318 4404 3882 5325
4 2769 4281 4333 5014
4 497 3258 29 4690
4 34 506 4355 5413
4 3044 4342 3105 4564
4 1542 3891 1642 4628
4 3602 677 149 5037
4 1593 2042 4516 4761
4 1162 4072 1142 5277
4 1126 1133 4218 4516
4 2832 3955 4367 5207
4 860 2037 884 4316
4 3929 3798 4348 5459
4 3776 4185 3948 5657
4 4206 3825 4400 5047
4 4189 4838 4290 5371
4 1609 4516 2042 4580
4 4370 4812 3783 4832
4 557 68 4147 5555
4 2805 3939 3936 5178
4 1902 4660 1774 5093
4 3819 5123 4442 5382
4 924 842 972 4902
4 1674 1412 4118 5692
4 3827 4353 5113 5290
4 2185 2186 4056 4463
4 1532 1904 1836 4450
4 199 4258 3999 4771
4 954 4771 3999 4785
4 4276 4797 3872 5242
4 4115 4748 4377 5565
4 1277 4419 1278 4748
4 1158 1114 1150 5378
4 4491 4852 4150 5564
4 1827 3896 1832 4629
4 1511 5036 1487 5415
4 3945 5123 4143 5625
4 4003 3830 5134 5512
4 2347 4398 2838 4502
4 4167 4842 3933 5567
4 3123 5150 4414 5473
4 4250 4277 4060 4530
4 4287 4670 4179 4762
4 4070 4524 5411 5529
4 1295 4386 1237 4514
4 1993 4478 1861 5391
4 1266 1268 5232 5276
4 2671 4154 521 4471
4 3962 3763 4183 4520
4 3817 4559 4156 4704
4 2012 4368 4664 5281
4 689 3640 157 4662
4 4346 3782 4793 4932
4 2125 2126 4457 5392
4 4346 4501 3782 4932
4 3780 4675 3960 5289
4 2331 4779 4297 5681
4 1674 4118 1426 4681
4 2246 4138 4417 5060
4 3971 4729 4197 5614
4 2565 2195 2566 5736
4 3798 4545 4159 5645
4 131 941 3559 4851
4 3031 3133 4063 5150
4 3867 5072 4162 5570
4 1443 1409 1444 4567
4 4799 5096 2036 5697
4 1351 5211 4396 5449
4 1426 1685 4895 5399
4 1667 1295 5018 5314
4 1828 4694 1725 5394
4 4137 3880 4446 5629
4 11 3208 471 4424
4 3965 4252 4144 5712
4 1264 4536 1263 5276
4 4240 4339 3923 4725
4 1535 4942 4001 5348
4 3825 4400 4228 5410
4 2844 4618 4080 4867
4 4169 4925 3885 5319
4 4250 4530 1989 5025
4 3815 4310 3968 4949
4 1892 4196 1606 4795
4 1528 3931 5124 5254
4 3784 3965 4252 5039
4 1635 3866 4513 5300
4 3101 4306 1186 4547
4 4181 4580 5321 5488
4 3915 4750 832 4888
4 1087 5433 2878 5590
4 4187 3847 4531 4825
4 3770 4217 4472 4591
4 3090 4282 3147 4573
4 1411 1410 4430 4834
4 4273 4734 3962 4973
4 2832 4191 3955 5207
4 1786 1925 1788 4519
4 1389 1436 1391 5404
4 1641 5378 3891 5594
4 4204 4418 3824 4977
4 3978 4216 3818 4644
4 1011 4799 1017 5329
4 3119 2993 2078 4414
4 3780 4671 4006 4675
4 4346 4501 1909 5248
4 3285 3286 519 4776
4 3062 3124 3163 4659
4 4058 5361 4497 5626
4 4188 4236 3844 4561
4 1693 4589 4023 5540
4 4226 4389 2932 5002
4 3799 3886 4506 5623
4 3915 1820 4661 5687
4 3901 3806 4459 4822
4 4796 5357 639 5647
4 4100 4362 3785 5176
4 3794 5203 4266 5617
4 1819 4615 1584 4661
4 3781 3919 3841 4630
4 4128 4388 3857 5232
4 5232 5276 4009 5504
4 1516 1446 1447 4240
4 1663 1665 4010 4807
4 3884 4497 5361 5626
4 2496 4364 566 4994
4 1718 1462 1526 4647
4 1458 1459 1457 3862
4 4068 3773 4253 4737
4 1007 4852 4491 5564
4 1373 4003 4875 5179
4 1915 4784 3854 5080
4 1874 5027 5106 5434
4 3129 3105 2967 4564
4 3132 3048 4564 5242
4 29 497 4309 4840
4 4133 3878 4397 4675
4 1585 2042 4516 4580
4 3991 4408 3842 5238
4 2295 4916 3926 5453
4 1545 1541 4207 5035
4 576 4745 80 5090
4 2414 2347 4502 5261
4 1157 1078 4122 4890
4 919 4432 4646 5406
4 4423 4621 3788 4969
4 1469 1587 4383 5729
4 4370 4509 3783 4663
4 1635 3866 1544 4513
4 3778 4887 5499 5598
4 4608 4898 4160 4913
4 1526 1802 4647 4884
4 2594 3951 2896 4300
4 1784 4485 1392 5083
4 2878 4445 1087 5590
4 1040 2016 1977 4542
4 2126 4184 3948 4978
4 4062 1626 5030 5623
4 832 4750 4697 4902
4 4265 5245 4067 5408
4 518 43 4387 5431
4 4291 4793 3861 4794
4 853 2046 4542 5469
4 1921 5054 4942 5226
4 753 3755 195 4258
4 2473 4348 5459 5695
4 4385 4554 3856 4915
4 1432 1367 1693 5087
4 5089 5205 4142 5642
4 4056 4463 2186 5457
4 4055 5211 4396 5650
4 172 4676 4109 5609
4 3926 4916 4363 5453
4 1002 1004 4410 5228
4 502 30 3259 4690
4 1438 4617 1508 5662
4 780 1171 860 4284
4 1493 4645 4557 5099
4 3021 4582 4255 4786
4 2678 3935 4107 5403
4 1086 1145 1129 4570
4 1496 1498 1717 5319
4 516 4688 40 4776
4 1812 1425 1805 4720
4 3762 4554 4093 4824
4 658 4683 134 4938
4 842 4241 972 4902
4 2993 3123 3096 4414
4 1164 5376 4082 5450
4 4255 4786 4302 5122
4 1695 4472 5087 5420
4 1346 4496 4202 4831
4 825 4238 826 4738
4 4254 4788 143 5717
4 4191 4431 3955 5207
4 190 742 3729 4733
4 1040 4542 1977 5511
4 1859 5025 1434 5252
4 4884 5160 3931 5254
4 1596 1747 1746 3868
4 1907 5248 4273 5686
4 75 4994 4088 5700
4 4488 4612 3934 4680
4 4097 3880 4663 5149
4 3779 3940 4755 4906
4 3166 2984 4255 4582
4 4087 4017 4973 5530
4 2481 4484 2515 4813
4 4213 4301 3787 5608
4 1294 1842 1781 5062
4 3770 3990 4719 5349
4 199 4633 4689 4771
4 1867 2038 2037 4316
4 3866 1544 4513 4931
4 2141 4441 4175 5105
4 3949 3785 4100 4362
4 3647 160 696 4572
4 4181 5082 4080 5386
4 1734 4472 4250 5252
4 3998 3795 4768 5160
4 4376 4536 4718 5276
4 848 2918 2085 3893
4 1218 3864 1219 4685
4 1534 4708 4461 5127
4 530 50 4876 5294
4 4041 4504 4352 5093
4 3009 3157 3010 5075
4 2703 4433 4186 5154
4 2365 4057 2367 5162
4 1827 1423 1832 3896
4 2367 4057 4604 4974
4 4097 4154 44 5519
4 2851 3948 4526 5543
4 977 4189 815 4872
4 4086 4249 3838 4629
4 2856 85 3412 582
4 3991 3776 5238 5355
4 2145 4503 4311 5105
4 1330 5170 4210 5429
4 2736 2804 2432 4901
4 3118 2989 2924 5151
4 1023 4345 1042 4490
4 1465 4868 4707 4884
4 3766 4977 4105 5453
4 2811 4178 4429 5442
4 1848 4171 1849 4661
4 44 4154 4097 4471
4 2881 4858 4340 4936
4 2838 4502 4398 5186
4 2584 710 170 4701
4 60 3350 551 4655
4 3801 4180 3914 4679
4 4089 4942 5054 5226
4 93 594 3434 4699
4 4217 4764 4402 5084
4 4051 4973 4273 5244
4 3782 4313 4291 4793
4 1381 4507 4452 5230
4 4217 5087 4472 5420
4 482 4366 18 5490
4 4461 4988 3773 5722
4 3842 4586 4152 4920
4 1494 4932 3983 5319
4 3779 4755 4474 4906
4 4026 3930 5063 5159
4 3949 4100 2791 4362
4 4339 3836 5120 5672
4 173 2421 713 4676
4 4028 4725 1443 4827
4 55 5464 4278 5470
4 3949 4362 2791 4850
4 3819 4442 4029 5382
4 3854 4270 4988 5080
4 2811 4429 2148 5442
4 4088 4398 4070 5078
4 4370 4446 3783 4812
4 2414 2345 2347 5261
4 972 4902 4241 5284
4 3149 3083 4632 5084
4 3069 4573 3147 5522
4 3776 3948 4526 5657
4 2282 4154 4097 4625
4 3828 4252 4037 5712
4 3974 4566 2276 5139
4 677 2386 4186 4356
4 2147 2149 2244 4899
4 4227 4898 4608 4913
4 1468 1528 1466 4603
4 4230 4570 4439 5682
4 877 4922 918 5534
4 2854 2994 4302 5258
4 4188 4345 4561 4634
4 4297 4779 3916 5681
4 1322 4943 4538 5074
4 2483 4980 4712 5723
4 2769 2490 4281 5014
4 3784 4036 4558 5286
4 2844 2845 4080 5082
4 4033 4482 5262 5506
4 3771 4522 4059 5159
4 4384 4535 3027 5049
4 4024 4767 1030 5050
4 1740 4680 4488 5440
4 180 731 3711 4703
4 1008 4852 1007 5299
4 1786 1448 1800 5083
4 3885 3831 4601 5524
4 1565 1685 4622 4895
4 3958 4765 4325 5466
4 3021 3166 4255 4582
4 1534 4461 1717 4925
4 5013 5459 3929 5695
4 2028 837 4523 5115
4 3806 4133 4397 4675
4 3767 3987 3958 5172
4 4493 4185 4954 5222
4 2700 5453 4836 5561
4 2639 4163 2637 4749
4 4063 5150 3133 5473
4 551 3353 3354 5444
4 818 979 772 4517
4 4075 4761 4580 5133
4 180 731 4703 4750
4 4173 4263 3765 5016
4 3968 4881 3786 4965
4 3119 4414 2078 4886
4 3794 4209 3922 5203
4 3807 4137 4394 4663
4 1256 4660 4273 4734
4 4180 4756 1114 4796
4 1936 3846 1408 5004
4 5115 5118 4058 5425
4 3771 4788 3930 5063
4 4137 4394 3933 4842
4 3807 4394 4137 4842
4 1390 1784 1449 4964
4 3965 4464 4252 5039
4 3977 4409 3828 5396
4 598 94 3451 5171
4 3862 4575 1459 5352
4 2345 2414 4515 5261
4 4211 4352 3819 4743
4 4234 4988 4461 5722
4 1373 1375 4003 5252
4 4118 4895 4681 5617
4 3951 3770 4640 4687
4 3902 4187 4135 4547
4 3867 4248 5072 5570
4 1068 1051 1016 4476
4 3893 4153 2918 4721
4 1411 4651 4430 5197
4 1516 4240 1447 5157
4 843 5118 4497 5626
4 1214 4411 3006 4897
4 1127 4289 2873 4739
4 1839 4523 1840 5053
4 40 522 3295 2655
4 3789 4747 4110 5396
4 4399 4651 3767 4834
4 1982 4342 1813 4564
4 3833 4416 4392 4792
4 33 3976 507 4288
4 163 3975 4119 5057
4 2937 4469 4083 5418
4 1813 1985 4564 4720
4 4137 3880 4394 4663
4 3799 3942 3886 4571
4 4542 4959 1977 5511
4 3784 4252 4464 5039
4 4122 4649 2055 4713
4 687 4862 153 4869
4 1762 1266 1268 5232
4 3797 4343 3933 4487
4 4378 5110 3925 5454
4 3180 4539 4170 5302
4 4376 4536 3764 4718
4 1982 1184 2967 5505
4 1275 4748 1276 5565
4 2864 2640 4691 5569
4 1768 4464 4144 5106
4 3898 3808 4375 4670
4 2384 4186 2386 4356
4 3034 4999 4626 5698
4 3813 4541 3897 5101
4 3959 4056 2185 5295
4 4608 4705 3860 4845
4 3869 5006 4282 5020
4 1661 4877 4726 5660
4 3095 3088 2987 5522
4 3797 4163 5022 5347
4 4392 4416 3895 4792
4 4417 5330 4210 5423
4 1032 85 581 5190
4 2678 4387 3935 5403
4 3791 4559 4388 4878
4 1951 4493 1629 4954
4 1893 1346 1354 4202
4 3101 2974 2024 4306
4 1036 993 2089 5068
4 3851 4544 4335 5402
4 1494 4932 5319 5475
4 2676 4107 3935 4806
4 1667 5018 1669 5314
4 1146 4122 1078 4713
4 4516 4580 1609 5321
4 3806 3901 4671 5735
4 856 4257 4929 5421
4 1106 4669 5221 5327
4 2833 2681 4030 4441
4 856 4929 4257 5239
4 1819 1584 1820 4661
4 2846 4320 2534 4978
4 3929 5459 4348 5695
4 2025 4171 1849 4697
4 1274 1275 1276 5565
4 3787 4301 3916 5146
4 4135 4547 3039 5303
4 2690 4191 2832 4431
4 4076 4472 3830 4591
4 3838 4249 4086 5372
4 4033 5262 4377 5506
4 3776 4042 5355 5543
4 4329 4614 4117 5326
4 3665 706 166 4850
4 1290 4416 1251 4792
4 1379 1381 4452 5230
4 2007 1605 4282 5020
4 478 14 2328 5332
4 156 4367 689 4990
4 3830 4076 4003 5252
4 3952 4940 4538 5066
4 1006 4491 1007 4852
4 1508 4617 1438 4766
4 2338 4698 2340 5704
4 4401 4022 4945 5479
4 2049 1699 4345 4490
4 1528 4603 1468 5496
4 4312 4447 4035 4906
4 3964 4496 4202 5727
4 3166 3024 3021 4255
4 3953 4949 4514 5065
4 3776 4565 4321 5355
4 1292 1706 1279 4419
4 4417 5235 4210 5330
4 4210 5235 4417 5423
4 532 4509 52 5527
4 3797 4163 4487 5022
4 3929 4330 4159 4546
4 2260 4019 2237 5563
4 1226 4493 4142 5091
4 2791 4362 4100 5416
4 1257 1258 4734 5158
4 3806 4397 4133 5089
4 3816 4329 4190 4874
4 3993 4073 4303 5044
4 3767 4780 4176 4927
4 1226 4142 4493 4822
4 1829 2024 1830 4306
4 2171 2172 4140 4367
4 4945 5479 4022 5509
4 3178 4582 4164 5097
4 4032 4071 3826 4587
4 74 2646 3395 4364
4 3067 3069 4412 4573
4 3766 4363 4977 5453
4 4098 4759 4596 4870
4 3878 4958 4371 5739
4 3797 4483 4548 5145
4 1045 926 944 4542
4 1060 999 1046 3980
4 1290 4416 4792 4843
4 4209 4801 4226 5056
4 1674 4118 4681 5692
4 4385 4824 4554 4915
4 3875 4521 4239 5076
4 1790 1926 1932 4156
4 3952 5066 4538 5558
4 1060 2962 999 3980
4 4282 4573 4412 5522
4 2594 2595 2596 3951
4 4312 4906 4035 5137
4 2698 2638 4487 4691
4 3825 4108 4206 5039
4 95 3977 4093 4453
4 924 4902 972 5284
4 4202 4496 3964 5235
4 1646 4628 4439 5578
4 1167 4171 1849 5620
4 2761 4215 4477 5675
4 3009 3007 3008 4607
4 3870 4113 5391 5627
4 3962 4734 4183 4973
4 4255 4448 3187 5122
4 1075 2066 2873 4289
4 492 25 3241 5728
4 3118 3130 2989 5151
4 3069 4412 4573 5522
4 3898 3808 4576 5042
4 2678 2677 3935 4776
4 3866 4513 4426 5669
4 4133 4397 3878 4789
4 3971 5614 5113 5643
4 3890 4329 4215 5367
4 4594 4844 1521 5215
4 1934 4631 4812 4832
4 3915 4697 1820 4888
4 3900 4759 4126 5046
4 4323 4535 2627 5141
4 1488 1841 1527 4794
4 2287 4487 4394 5494
4 3144 4170 4341 5448
4 3158 4544 3092 4636
4 4447 4906 4312 5137
4 1534 4461 4925 5127
4 3896 1832 4629 5007
4 3006 4411 1955 4607
4 3333 59 543 4903
4 4398 4479 4088 5529
4 977 815 814 4872
4 3800 3970 4358 4518
4 4490 4799 2036 5697
4 907 1206 883 4319
4 3875 4209 4521 5617
4 1388 1825 1386 4964
4 3970 4335 3800 4358
4 3770 4656 3990 5349
4 2811 4178 3936 4983
4 2495 2838 4088 5186
4 3768 4587 4071 4898
4 3852 1756 4435 5208
4 3897 3813 4361 4758
4 4190 4329 3890 5003
4 4344 4054 5144 5499
4 889 4697 832 4888
4 2244 4387 4045 5431
4 3836 4070 4420 5672
4 3895 4621 1850 5208
4 1379 4452 4200 5230
4 3123 3133 5150 5473
4 1502 4221 1503 4609
4 4054 4470 5144 5499
4 3098 2910 2909 4573
4 2824 4326 4482 4811
4 3922 4209 3794 4909
4 4264 4603 4383 5361
4 3776 3948 4185 5238
4 916 858 4771 5239
4 4075 4318 3803 4905
4 2881 2456 4340 4858
4 3031 4063 3184 5233
4 4137 4483 3933 5022
4 712 169 4440 5131
4 5146 5210 4374 5572
4 3783 4097 4663 5149
4 2162 4924 3907 5464
4 2681 4030 4441 5263
4 4063 4414 4323 5150
4 2483 4712 2610 5723
4 3880 4394 5149 5265
4 2217 4260 3908 4309
4 4200 4229 3904 5012
4 2576 2581 2574 4239
4 2762 715 170 3680
4 1377 4553 4452 5147
4 3926 4105 2295 5453
4 3068 3067 3069 4412
4 2314 4364 2495 5356
4 4374 5146 4055 5210
4 2769 4281 2768 4333
4 4106 4918 4324 5513
4 3789 3959 4199 5396
4 4740 4803 4197 5272
4 143 4505 671 5008
4 2832 2826 4431 5207
4 1485 1782 1511 4962
4 2231 4417 2232 5502
4 4152 4618 2448 4867
4 3802 3924 4689 4766
4 2277 2276 4566 5139
4 3703 179 722 962
4 3836 4302 4255 4786
4 2143 2141 2142 5105
4 3693 723 177 4219
4 3981 2235 4263 5550
4 3971 4197 5113 5614
4 3993 4712 2611 4980
4 2012 4368 1703 4664
4 2824 4482 4326 5207
4 4156 4519 1790 5410
4 3901 4459 3780 4967
4 3953 5065 4514 5592
4 4199 4966 4494 5225
4 3101 3190 2974 4306
4 928 4963 1138 5376
4 919 4646 909 5406
4 1892 2013 1606 4196
4 1290 1253 1251 4416
4 4266 4895 1685 5399
4 4285 4513 3866 5300
4 3771 3930 4522 5159
4 3900 3778 4759 5046
4 1668 1923 1454 4670
4 3804 4566 3994 5204
4 1269 4388 3857 4704
4 4152 3882 4920 5325
4 67 3369 561 4987
4 1665 1233 1663 4010
4 2964 1152 1091 4445
4 64 3358 552 4916
4 4506 5371 3799 5623
4 1450 3852 5147 5192
4 4365 4589 1996 4951
4 2703 4186 3945 5154
4 694 158 3642 5201
4 1795 1787 4641 5724
4 2544 2088 1111 4830
4 3833 4392 3895 4792
4 1090 4963 4225 5376
4 3808 5174 4498 5267
4 123 4082 4717 5357
4 1091 1087 2878 4445
4 3802 3992 4698 5185
4 3775 4350 4270 5400
4 4104 4703 2484 4882
4 4083 4469 958 5092
4 4170 4488 3934 5347
4 4019 4481 2237 5563
4 4416 4734 1253 5618
4 57 3337 540 5103
4 4544 4941 3851 4951
4 1526 1464 1802 4884
4 3302 3304 527 4244
4 4137 4394 3880 5022
4 4394 4663 3880 5149
4 42 518 2743 5431
4 3809 4270 4136 4784
4 713 173 3674 5366
4 3933 4394 4137 5022
4 2968 4342 3042 4612
4 2483 2611 4712 4980
4 3776 5355 3927 5543
4 1379 4200 4452 5665
4 3966 4088 3836 5186
4 1893 1346 4202 4831
4 3770 3990 4687 4719
4 1292 1769 4144 4748
4 1312 4554 1656 4723
4 3982 4843 4631 5468
4 2917 2964 1091 4445
4 164 3648 700 5140
4 504 4656 32 4802
4 3767 3958 4927 5172
4 4157 4474 3940 5137
4 1830 4629 1829 4999
4 3887 1759 4832 5458
4 2628 2629 2101 4414
4 1167 1849 4171 4697
4 4086 4280 4227 4705
4 2942 4289 2485 4885
4 4183 4286 3853 4660
4 75 4364 4088 4994
4 3080 4616 3082 5015
4 4071 4587 4032 4898
4 3899 4451 4063 5150
4 1927 4494 1659 4966
4 3906 4887 4611 5598
4 832 4697 921 4902
4 4409 4726 1661 4877
4 1695 4472 1732 5087
4 100 4337 4166 5066
4 658 134 3568 4938
4 2053 4542 5469 5638
4 1152 3153 3135 4445
4 1090 1138 4963 5376
4 1423 3896 1827 5394
4 3763 4183 4734 4973
4 1417 4942 4599 5226
4 1936 1408 1442 5004
4 1502 4221 4609 5127
4 2282 2320 2284 4097
4 4027 4422 2290 5342
4 1953 4285 4595 5300
4 2844 4080 4618 5082
4 2211 2846 2534 4978
4 3842 4408 4207 5293
4 2968 1168 3041 4342
4 470 10 4348 4921
4 1795 4641 5161 5724
4 3153 2964 3003 4445
4 4255 4302 3836 5116
4 826 4738 4134 4998
4 170 3680 710 4944
4 3904 4229 4200 5204
4 3098 2909 2969 4573
4 1817 1903 1532 4684
4 1866 4284 2035 4575
4 1255 1253 4734 5618
4 1895 4892 5254 5565
4 2429 3975 4657 5390
4 671 3590 143 5008
4 1137 1074 3134 4462
4 860 1171 2037 4284
4 1442 1409 1443 5004
4 4173 4434 4263 5016
4 4149 5411 3810 5529
4 4033 4878 4482 5506
4 4117 4329 2406 5058
4 4375 4052 5174 5267
4 3406 576 80 4937
4 1820 3915 4661 4697
4 3844 4308 5079 5516
4 2822 2262 2259 4366
4 1611 1588 3924 5064
4 3130 3034 3035 4390
4 3913 3786 4881 4965
4 1895 1345 4892 5565
4 1778 4423 1779 4969
4 979 4189 4517 4911
4 4277 4530 4250 5025
4 118 634 4760 5033
4 1668 4670 4375 5018
4 812 807 811 4872
4 3790 5418 4039 5641
4 3983 5319 4932 5475
4 124 4434 4173 5016
4 1067 3947 4835 5666
4 4601 5524 4857 5575
4 2259 4366 2260 5563
4 2966 4897 3014 5075
4 2957 4835 4236 5135
4 1477 1476 4129 5364
4 4387 4933 3788 5403
4 1922 1923 1671 4287
4 3936 4178 2811 5178
4 4177 4787 2788 5433
4 1514 4339 5067 5120
4 1243 4510 4148 5062
4 3841 3919 3781 4743
4 1322 1339 1338 4538
4 4289 5082 4181 5386
4 4497 5118 4058 5626
4 3857 4641 1267 4704
4 2751 5268 3987 5466
4 853 2046 792 4542
4 3932 3791 4140 4367
4 4292 4952 4910 5336
4 1605 1181 4282 5522
4 1477 1478 1476 5364
4 4488 4612 1965 5448
4 3786 4965 4347 5065
4 1774 4660 4415 5093
4 1465 4707 4245 4884
4 4155 4501 3936 5156
4 3144 4341 4170 5569
4 2676 3935 2677 4806
4 2761 4477 4382 5675
4 4042 5238 4449 5543
4 2340 2576 2574 4239
4 1197 1025 4767 5050
4 2373 4353 2375 4882
4 2384 2703 2386 4186
4 2238 4018 2251 4976
4 3766 4418 4204 4977
4 889 1210 2023 4888
4 4286 3853 4660 5100
4 1907 4151 4794 5686
4 1611 3924 4922 5064
4 1505 1860 5132 5391
4 1591 1552 4580 4761
4 156 3641 689 4662
4 3083 4616 3127 4632
4 1067 4835 4561 5666
4 2383 4029 3919 5346
4 1765 1770 4464 5412
4 3021 3024 3022 4786
4 1238 5059 4635 5226
4 3965 4558 3784 5195
4 3854 4988 4461 5080
4 1838 3850 1897 4853
4 1398 4228 4692 5034
4 4107 3788 4933 5403
4 2968 1168 4342 4612
4 1398 4228 1419 4692
4 1270 4388 1271 5177
4 2355 5502 4701 5598
4 1267 1269 3857 4704
4 4335 3800 4556 5402
4 1444 4195 1445 4725
4 2830 3940 4131 5710
4 3769 4976 4337 5066
4 909 4646 5351 5406
4 3842 4449 4042 5238
4 3804 4200 4229 5204
4 1591 1552 4761 5133
4 3844 5079 4188 5516
4 875 769 2106 4333
4 3802 3924 4617 4808
4 4152 4618 4081 4956
4 2227 4309 4428 4712
4 662 138 3584 5409
4 1695 5087 4217 5420
4 3041 1980 3105 4342
4 4080 5360 4181 5682
4 4284 4575 1866 4919
4 1615 4460 2050 4669
4 169 3995 4098 4440
4 670 4254 142 5478
4 3828 4419 4144 5712
4 3785 3957 4362 4891
4 4092 4952 4292 5336
4 2259 4481 2237 5482
4 3362 64 552 4855
4 1576 4330 4546 5671
4 1082 2096 1132 5708
4 2844 2845 2547 4080
4 2864 3918 4224 5569
4 920 826 4238 4777
4 3828 4037 4252 5605
4 2228 2219 2751 5718
4 1149 1100 5386 5719
4 1757 1257 4734 5158
4 4717 4814 4082 5300
4 4189 4242 3890 4911
4 121 3526 639 4208
4 3081 3080 3082 5015
4 2353 2613 4355 5443
4 5169 5173 4507 5600
4 4391 4833 3888 4871
4 2171 2172 2173 4140
4 1896 1720 1719 3888
4 1503 4609 4221 5391
4 3991 4318 4586 4846
4 4060 4953 4495 5677
4 778 4334 2030 4816
4 4596 4759 4126 4870
4 2918 2085 3893 4721
4 2822 4468 2823 5557
4 604 3458 3457 4947
4 556 4280 68 5555
4 1339 4396 1338 4538
4 4910 4952 4028 5336
4 3788 4621 4435 4969
4 188 736 4267 5526
4 3804 4229 4200 5486
4 3016 2994 2099 5258
4 3559 657 941 4730
4 4847 5581 3818 5725
4 1541 1540 1542 4438
4 4089 4942 4233 5054
4 3857 5232 1268 5276
4 4660 5100 3853 5158
4 3172 4539 3180 5302
4 4221 4253 3773 5127
4 4176 4780 4651 4927
4 4089 5054 4233 5226
4 4567 4741 4232 5379
4 2832 2171 2188 4367
4 3896 4629 1827 5394
4 49 4020 4231 4864
4 4141 1286 4871 5032
4 3868 1746 4524 5354
4 1425 4200 4720 5230
4 2401 4593 4068 5517
4 4075 4580 4318 5133
4 3590 669 143 4271
4 4162 4712 3993 4980
4 43 3301 519 4700
4 3867 4403 4162 5723
4 1380 4452 1381 4507
4 910 4902 4171 4934
4 1523 1521 4844 5697
4 4040 4384 2728 4626
4 3681 174 718 4944
4 3818 4148 4644 5427
4 4188 5079 4308 5516
4 2020 4577 1708 5393
4 3789 3986 3959 5396
4 3419 578 82 4989
4 3987 3767 4540 5172
4 2904 2602 4293 5593
4 1939 1886 4588 5411
4 4145 4601 3831 4738
4 1538 4513 1544 4931
4 3882 4404 4318 5094
4 2025 1849 4171 4661
4 3774 3941 4179 5224
4 4057 3834 4604 4974
4 4226 4801 4209 5002
4 544 3337 57 4069
4 2769 2935 2490 5014
4 3920 4471 4097 5149
4 916 4771 4473 5239
4 3782 4505 4254 4788
4 3824 3933 4842 5567
4 482 18 4366 4939
4 2106 4333 769 5014
4 3894 4785 918 5240
4 3781 4143 4504 5123
4 3886 5000 4506 5562
4 1803 4504 4151 5093
4 4115 4377 4853 5565
4 2401 4068 2399 5517
4 3891 4434 4628 4931
4 4045 4429 2149 5385
4 31 502 3257 4690
4 751 3751 194 4648
4 689 157 4367 4662
4 4588 5411 1886 5568
4 3762 4824 3917 4915
4 4062 3864 5030 5180
4 3682 3683 3684 4818
4 4098 3778 4596 4759
4 4123 4214 3850 4892
4 4196 4579 3925 5515
4 3836 4550 3966 5700
4 798 4351 801 4810
4 2162 2241 2697 4924
4 1239 4386 5314 5436
4 1448 1392 4418 5083
4 3872 4161 4564 5242
4 2969 2909 4251 4573
4 930 4532 5421 5606
4 3813 5224 4361 5316
4 3868 1618 5354 5733
4 3782 4136 4501 5119
4 3799 4242 4189 4872
4 3860 4608 4227 4705
4 2698 2638 2335 4487
4 3763 4183 3989 4734
4 3896 4086 3838 4629
4 3965 3784 4252 5195
4 124 4722 4434 5016
4 4406 4918 3908 5316
4 1202 1953 1638 4285
4 3940 4474 4157 4755
4 3625 3623 688 5437
4 1753 1934 4631 4812
4 3813 4758 4205 5713
4 3830 4472 4076 5252
4 917 3893 895 5593
4 3790 3954 5418 5641
4 4306 4547 3101 5683
4 4150 4852 4491 5056
4 996 2916 1000 4653
4 883 4319 2034 5052
4 4167 5145 4483 5404
4 4404 4846 4318 5094
4 4062 4685 3864 5180
4 3883 5145 4167 5404
4 4179 4287 3941 5447
4 2032 4150 1881 4622
4 1494 1492 1493 4557
4 3836 3966 4164 5700
4 2446 4152 2448 4407
4 1233 4010 1665 4946
4 556 65 3374 4280
4 2559 2321 2827 3986
4 1346 1331 4496 4831
4 4064 5169 4507 5600
4 4474 4906 3940 5137
4 3608 682 151 4721
4 1164 4082 1121 5450
4 1437 4232 1865 4778
4 2415 2347 2838 4502
4 1961 1202 4285 4715
4 1522 5215 1521 5697
4 3799 4354 3937 5311
4 521 4154 44 4471
4 3998 4768 4710 5160
4 3900 4344 4724 5499
4 1762 1340 1900 3892
4 2827 3986 3959 5295
4 159 4467 4128 4549
4 2085 763 848 3893
4 516 3290 40 4984
4 3824 4204 4167 4485
4 820 819 4293 5593
4 3787 4574 3840 4873
4 4119 4604 3834 4974
4 2768 4281 4124 5297
4 3843 4399 4268 4831
4 3807 4509 4370 4663
4 1127 1156 1075 4289
4 1609 5321 4580 5488
4 4413 3799 5371 5623
4 1508 1611 1588 3924
4 860 861 4284 5092
4 1904 4450 1532 4684
4 3918 4341 3883 4659
4 3951 4589 4365 4640
4 4070 5078 4398 5529
4 3808 3941 4468 5447
4 2431 2621 4111 5441
4 4137 4446 3880 4663
4 1163 1142 4739 5277
4 4226 5002 4209 5056
4 4371 4459 1652 4967
4 1953 1638 4285 5300
4 198 754 2511 4624
4 964 5118 843 5425
4 4080 3801 4569 5266
4 1656 4723 4554 4827
4 35 4288 4355 5725
4 1811 4344 4724 5046
4 1734 1735 4250 5420
4 4009 5232 3857 5276
4 4327 4442 4041 5142
4 3808 3898 4576 4670
4 789 951 870 4257
4 1292 4144 1768 4726
4 2335 4487 2638 4691
4 1691 4708 1534 5127
4 1746 3868 1618 5354
4 2761 4477 4215 5367
4 758 1167 888 5620
4 3969 3779 4590 5701
4 61 3355 2642 4752
4 4360 4974 2604 5384
4 1880 1561 4622 5085
4 3253 3255 3254 5414
4 2946 4257 870 5421
4 3828 3977 4252 4726
4 1040 1052 4542 5228
4 4187 4547 3902 4985
4 3062 4341 4224 4659
4 1286 4141 1285 4724
4 3878 4133 4789 5595
4 2678 3935 4387 4776
4 3814 4940 4396 5650
4 926 4542 1045 5606
4 793 4532 2111 5421
4 4538 5066 4008 5558
4 4239 5029 4653 5663
4 4487 5265 4163 5721
4 2932 4389 2465 5002
4 3798 4546 4159 5020
4 4495 4953 4161 5483
4 4991 5528 4519 5699
4 3981 4095 2235 5550
4 902 821 779 4293
4 3986 4492 3959 5396
4 3844 4236 4188 5079
4 4773 5047 3860 5685
4 1239 5314 1343 5436
4 1238 5226 4635 5323
4 4184 4457 3948 4978
4 4211 4615 4581 5290
4 4542 5228 4959 5511
4 2881 4242 4858 4936
4 1805 1425 1804 5665
4 4345 4634 4188 5516
4 4268 4831 4399 5375
4 2415 4502 2838 5186
4 1369 4975 4592 5087
4 4281 4333 4124 5297
4 531 49 3309 4231
4 1817 1532 1480 4450
4 2368 2367 4604 4974
4 4333 4480 980 5136
4 4027 4422 3933 5494
4 654 128 3553 4923
4 675 147 4696 5646
4 4141 3829 5032 5535
4 2244 2149 2750 4045
4 4289 5082 4618 5360
4 4406 4926 4918 5316
4 4050 4452 4269 5192
4 3901 4459 3806 4671
4 3802 4521 5704 5727
4 4304 4466 4051 5156
4 3101 2024 1186 4306
4 3784 4108 4036 5286
4 1526 4647 1462 4868
4 4669 4713 4012 5327
4 1054 4410 1041 4653
4 4227 4845 4206 4913
4 3031 5150 4063 5233
4 95 4093 3977 4824
4 3852 4269 4650 5147
4 3788 4193 4804 5439
4 4188 4236 3873 5243
4 1250 1911 1248 5023
4 4595 5376 804 5450
4 2034 883 1206 4319
4 3814 4779 4236 5135
4 2032 4150 4622 5329
4 3787 4873 3840 5011
4 2639 2637 4163 5721
4 1802 4647 4884 5254
4 4408 5035 4207 5293
4 813 4872 815 4911
4 2868 4242 2881 5285
4 3759 197 749 4624
4 609 4315 99 4528
4 3813 4019 5101 5563
4 4050 4507 4452 5192
4 4062 4568 3821 5696
4 3904 4720 4200 5012
4 3771 4059 5063 5159
4 3763 3989 4183 4520
4 1841 4793 4346 4794
4 1696 4365 1994 4764
4 1290 1850 3895 4792
4 967 918 954 4785
4 657 3559 941 4851
4 2089 2932 4226 4389
4 95 4453 597 4747
4 1941 4371 1652 4967
4 186 3726 734 4733
4 3880 5169 4446 5629
4 985 1017 1049 5329
4 2393 3930 4254 5167
4 4852 5056 4150 5299
4 4151 4504 3945 5142
4 2412 2391 2393 3930
4 1955 3006 1214 4411
4 4209 4801 2575 5002
4 1879 4941 4544 4951
4 3936 4501 4136 5119
4 3836 4502 4302 5186
4 3004 1214 3006 4897
4 4289 4618 2485 4885
4 4454 4825 1741 4985
4 4406 5316 3908 5426
4 4082 5376 4595 5450
4 2515 4813 4484 5277
4 2405 2406 4329 5058
4 4197 4740 1721 4803
4 1269 1271 1270 4388
4 4035 4447 4312 5528
4 3947 4236 3844 4297
4 1346 1331 1334 4496
4 4023 5055 1693 5540
4 3825 4108 5039 5318
4 3850 4214 4123 4551
4 1735 1989 4250 4530
4 3956 4216 5427 5725
4 4232 4567 1865 4778
4 3897 4541 3813 4758
4 2909 2505 4251 4573
4 3095 2987 1181 5522
4 2108 2937 885 4083
4 187 4124 4533 5026
4 1900 3892 1340 4803
4 3771 5063 3930 5159
4 4268 4540 3767 5172
4 564 3117 72 4338
4 2123 4457 2124 5334
4 177 4743 724 4805
4 3793 4566 3994 4688
4 1505 1503 1860 5391
4 1514 5067 1613 5120
4 4544 4941 1879 5402
4 143 4254 671 4505
4 4039 5418 3790 5428
4 3888 4833 1896 5734
4 3769 4870 3909 4976
4 914 4382 872 4477
4 3837 4281 4065 4296
4 2011 1188 1129 4570
4 4568 5089 3937 5202
4 2854 2099 2994 5258
4 1677 2045 4766 5638
4 2458 2881 2456 4340
4 3831 4145 4738 5063
4 4121 3992 5185 5239
4 4080 3801 4867 5682
4 1334 4496 4210 5531
4 3945 4504 4143 5123
4 1002 4410 4653 5228
4 3987 5268 3958 5466
4 1720 3888 1896 5734
4 3769 4870 4976 5731
4 3937 4048 3821 4457
4 177 724 4743 4772
4 3903 4195 4741 5024
4 4029 4219 177 4743
4 3902 4547 4135 5303
4 1364 3898 5055 5098
4 4514 5065 4010 5592
4 1007 4491 1006 5564
4 4095 4960 4320 5550
4 4264 3834 4603 5361
4 3814 5135 4236 5243
4 4293 4738 4145 5063
4 4106 4324 3812 5126
4 4147 5141 4587 5497
4 1191 2982 3006 4607
4 3775 3985 4654 5518
4 145 4313 4583 5646
4 3788 3972 4387 5439
4 4844 5215 4109 5697
4 4013 4291 3782 4583
4 4162 4787 4403 5570
4 4638 4817 4128 4961
4 4149 5411 4588 5568
4 2458 2881 4340 4936
4 4194 4376 3779 4590
4 100 5066 4166 5218
4 1076 4218 1140 4669
4 1907 4151 1803 4794
4 4371 4942 1536 5348
4 4242 4936 2881 5285
4 4236 4779 2499 5135
4 2273 509 37 5139
4 3003 4445 2112 5690
4 1167 2025 1849 4697
4 4194 4590 3779 5701
4 2383 3919 2607 5346
4 4265 5408 4067 5570
4 4161 4060 4495 5012
4 784 813 905 4242
4 4474 5083 4906 5137
4 4359 4641 1787 5724
4 3870 4113 4861 5391
4 3794 4672 4496 5399
4 1432 1369 4592 5087
4 3948 4493 4185 5238
4 4062 4203 3864 4685
4 1579 4248 1581 4649
4 3309 3312 531 5048
4 3092 4544 1172 4636
4 1340 3892 1762 5232
4 847 3881 935 5281
4 4342 5249 4276 5264
4 3601 144 672 5037
4 1394 4418 1393 4825
4 4125 4967 3901 5622
4 3767 4540 4268 4606
4 3770 4640 4023 5087
4 3957 4362 2178 5416
4 3797 4487 3933 5022
4 3777 4752 4000 5444
4 1364 5055 1366 5098
4 2681 4441 2742 5263
4 3841 3781 4577 4743
4 4072 1162 5221 5277
4 3066 4078 4579 4955
4 748 4268 196 5633
4 4092 5070 4952 5336
4 3874 4403 4177 4787
4 3830 5134 4250 5252
4 3880 5173 5169 5600
4 4519 5528 4692 5699
4 4609 4074 5054 5127
4 4028 4952 5070 5336
4 4036 3784 4558 5195
4 518 3288 42 4776
4 1489 1488 3861 4793
4 2439 4263 2235 5550
4 2085 2908 3893 4754
4 4434 4438 4207 4628
4 4047 4447 3969 5701
4 3821 3937 4457 5089
4 723 179 4077 5351
4 4127 4389 3879 5002
4 3784 4206 4108 5039
4 575 79 4102 4751
4 1643 5378 1641 5594
4 3953 4347 4965 5065
4 3801 4434 4207 4628
4 4048 4457 2123 5334
4 1765 1770 1768 4464
4 4685 5030 3864 5180
4 3852 4452 4269 5147
4 2700 2319 5453 5561
4 1820 4697 2023 4888
4 4216 4644 4272 5427
4 2658 2834 3920 5019
4 3951 4632 4616 5084
4 1724 4232 4694 5379
4 1150 4230 1086 5378
4 1039 1189 5329 5564
4 1858 4530 4277 5025
4 2107 2896 2894 4616
4 2609 2585 2780 4909
4 3136 1046 982 3980
4 4532 5029 2953 5421
4 1285 4494 4141 5095
4 3782 4557 4313 4793
4 2621 3975 4111 4657
4 760 4633 971 5193
4 1896 3888 1719 5584
4 3952 4337 4976 5066
4 1542 1541 4438 4628
4 4255 1613 5067 5120
4 1816 1347 4399 5375
4 2035 4575 5052 5619
4 1375 4003 4553 4875
4 2338 4061 4698 5704
4 3959 4494 4199 5396
4 1196 4122 1078 4890
4 4033 4464 4400 5027
4 3767 4243 4606 4627
4 3005 3980 3015 4114
4 3813 4205 4758 5452
4 4502 5078 3836 5116
4 1253 4416 1290 4843
4 3792 4128 4638 4817
4 174 4578 718 4996
4 3872 5242 4564 5613
4 4033 4377 4878 5506
4 1469 4264 4603 5729
4 578 2773 82 4989
4 4146 4817 4638 4961
4 4188 4634 4561 5516
4 3795 4057 5160 5162
4 2610 4712 4162 5723
4 1524 3849 1520 4702
4 148 676 4499 5532
4 3878 4789 4290 5595
4 3802 5704 4061 5727
4 3829 4724 4344 5499
4 3325 532 49 4247
4 3964 4417 4138 5235
4 1196 2055 1967 4713
4 3770 4472 4217 5087
4 19 4366 482 5490
4 4223 4740 3892 5504
4 3956 4216 4272 5427
4 2252 4489 4317 5681
4 2621 4657 4111 5441
4 4205 5316 4406 5426
4 3955 4367 3791 5031
4 4601 4857 4134 5575
4 66 2298 554 4916
4 1256 1257 1258 4734
4 3110 4582 3178 5097
4 2690 2832 2826 4431
4 115 4233 4821 4948
4 3005 3015 2113 4114
4 4378 4787 4177 5433
4 4186 4433 3945 5154
4 2195 4310 2567 4775
4 3880 4294 5022 5600
4 1224 4568 1223 5696
4 3828 4726 4252 5712
4 3934 4488 4170 5302
4 3821 3937 5089 5202
4 4213 4308 3844 5148
4 1812 1425 4682 5230
4 2583 4976 3952 5363
4 4150 1881 4622 4895
4 1017 4476 1049 5329
4 156 688 3636 5196
4 2800 2431 2621 4111
4 3902 4985 4547 5303
4 98 5295 602 5339
4 2951 2581 4239 4410
4 2020 4646 4577 5393
4 875 970 769 4333
4 652 129 3564 5189
4 1896 4833 3888 5584
4 4168 4183 3823 4286
4 1263 4641 4536 5161
4 2053 4542 2046 5469
4 4371 1941 4942 4967
4 1880 4266 1709 4672
4 1135 1143 4379 4796
4 1693 4941 4589 5540
4 3870 4113 4478 4861
4 2667 5286 4811 5651
4 3957 4828 3785 5176
4 3821 4960 4395 5205
4 3905 4736 4321 5355
4 662 3584 3583 4116
4 489 23 3231 4283
4 3945 4186 3805 4433
4 3057 4079 3056 5084
4 825 920 826 4238
4 2429 4119 3975 5390
4 675 4696 147 5556
4 2800 2431 4111 5441
4 2602 5159 4293 5593
4 4403 4484 4177 5708
4 3755 4174 195 4258
4 4414 5150 4063 5473
4 843 964 4497 5118
4 3818 4933 4311 5263
4 2373 2372 2374 4657
4 81 5090 4574 5155
4 4160 3784 4608 4913
4 489 23 4283 5042
4 820 4293 5128 5593
4 2547 4080 2845 5689
4 2151 4045 2149 5385
4 3795 4057 5162 5491
4 3829 5144 5032 5535
4 1017 4799 4476 5329
4 1596 4420 4524 5672
4 3057 3056 3053 5084
4 4227 4280 4086 5251
4 3172 3180 3046 5302
4 1087 1132 2096 5433
4 4183 4660 3853 5158
4 2901 5038 4293 5159
4 949 4810 3877 5280
4 1865 1437 1726 4232
4 4601 4738 4145 4998
4 4483 5145 1436 5404
4 4161 5012 4277 5111
4 4933 5263 4107 5403
4 3517 3519 3518 5061
4 4394 4842 5273 5494
4 2375 4353 2377 4882
4 1850 1754 1290 3895
4 3899 4232 4451 4694
4 1463 4707 1465 4868
4 3896 3838 4086 4508
4 2371 4425 5212 5390
4 4473 4771 916 4922
4 4162 5408 4265 5570
4 4474 4157 5083 5137
4 4205 4926 4406 5316
4 917 5001 3893 5593
4 1278 4214 4748 5628
4 3799 3937 4789 5311
4 3157 4102 3001 4114
4 3849 1520 4702 5215
4 853 4542 4929 5469
4 3767 4176 4651 4927
4 1296 4565 3855 4954
4 1709 4672 4266 5399
4 4280 4705 4086 5229
4 4478 5391 4113 5576
4 587 84 1057 3426
4 4311 5263 4933 5403
4 4078 4573 3798 4652
4 35 4458 4288 5725
4 3345 549 59 5194
4 4169 4253 3773 4737
4 4183 4734 4660 5158
4 3859 1854 4941 5402
4 4179 4670 4287 5447
4 758 888 910 5620
4 2100 2881 2868 4242
4 477 15 4424 5101
4 4161 4564 3132 5111
4 1010 1054 1004 4410
4 2125 4457 2126 4978
4 1568 3897 4758 5312
4 4762 4982 1362 5270
4 3962 4017 3763 4520
4 4513 4931 1538 5304
4 1906 1341 1903 4415
4 2667 4326 2824 4811
4 3914 3801 4407 5266
4 1492 4793 4557 4932
4 3894 4922 2041 5534
4 3129 4564 2967 5505
4 3800 4556 4401 4563
4 1981 1623 1200 4189
4 1347 4834 4399 5375
4 3178 3019 4164 4582
4 3417 585 83 4989
4 3763 4017 3962 4973
4 3969 3779 4755 5305
4 3841 5351 4646 5406
4 3985 4270 3775 4988
4 3903 4741 4448 5024
4 3780 3901 4967 5622
4 2707 4362 2791 5416
4 1579 4248 4649 5480
4 874 4473 2044 5501
4 742 190 5241 5641
4 3774 3941 5224 5563
4 4289 5386 4181 5719
4 2185 2186 2187 4056
4 1239 4635 4386 5436
4 1451 4875 4435 4969
4 4395 4438 3765 5304
4 2910 2506 4573 5320
4 1261 4536 3853 5219
4 4195 4567 1444 4741
4 2693 4466 4304 4983
4 2991 3180 3172 4539
4 4084 4773 3860 5685
4 4017 4087 3763 4674
4 801 4351 3938 4810
4 3870 4068 4253 4857
4 3779 3969 3940 4906
4 2833 2742 2681 4441
4 3828 4409 4419 5308
4 3782 3939 3936 5119
4 3951 4365 4616 4640
4 4422 4842 4157 5137
4 3948 4184 2126 4526
4 1192 3085 2010 4412
4 4145 4738 4293 5128
4 3985 3775 4654 4988
4 32 3261 504 4802
4 2576 4239 2340 4698
4 4362 5176 4100 5416
4 3777 4135 4752 5444
4 4426 4082 5280 5300
4 49 4231 531 4520
4 2666 4431 2826 5318
4 3851 4616 4365 4640
4 1488 3861 4793 5415
4 1495 1497 1496 3885
4 2001 4601 4145 4998
4 1312 4554 3856 4966
4 4010 4514 1665 4946
4 914 872 775 4477
4 1049 4476 4150 5329
4 3784 5039 4108 5286
4 2290 4422 4027 5494
4 1696 1694 4589 5087
4 1862 5085 4672 5531
4 4305 5486 5173 5600
4 3812 4918 4373 5237
4 2412 4522 3930 5159
4 4447 4906 3969 5701
4 1492 1773 4793 4932
4 2030 778 1177 4334
4 1630 1629 1951 4493
4 832 836 4750 4902
4 3946 2260 4366 5563
4 1535 5054 4609 5348
4 1902 1803 1907 4151
4 2733 4000 2644 4212
4 3955 4191 3817 4431
4 4144 4464 3965 5262
4 4208 4379 639 4796
4 3425 1069 87 586
4 4023 4393 3770 5055
4 3804 5173 4305 5486
4 1133 1142 1140 4218
4 3802 3992 4689 5533
4 194 3751 746 4648
4 4346 4793 4291 4794
4 4302 5116 4255 5122
4 1255 1253 1751 4843
4 4037 4252 3965 5712
4 1875 4871 1286 5032
4 3836 4164 3966 4786
4 146 679 3609 4721
4 4079 3951 4632 5282
4 2710 4132 3988 4883
4 3919 4029 2383 5382
4 4130 4852 4491 5678
4 4155 4792 1250 5077
4 3825 4156 5027 5410
4 3941 4366 4179 4576
4 3883 4548 3918 4659
4 4054 4470 4325 5144
4 3775 4988 4270 5080
4 1605 1181 2007 4282
4 4393 4592 3770 5055
4 3150 3018 73 4164
4 4310 3968 4949 4965
4 2050 4218 1976 4669
4 1775 4969 1780 5153
4 2651 4017 2657 5709
4 3930 4583 4254 4788
4 1419 4519 4228 5410
4 4065 4296 4281 4711
4 169 4098 3995 4870
4 2058 1647 1646 4230
4 3855 4565 1296 4859
4 2017 1089 4462 4890
4 1277 1292 1279 4419
4 778 887 1177 4334
4 4031 4540 4268 5172
4 1796 4273 1907 5248
4 2946 793 2111 5421
4 4672 5085 4622 5203
4 3084 4365 3083 5084
4 3971 4197 4729 5585
4 3903 5024 4448 5473
4 3821 5089 4457 5205
4 1393 4825 4418 5227
4 4476 4552 4389 5673
4 1149 1102 1100 5719
4 4017 4231 2657 5709
4 3796 4428 4309 4712
4 3801 4920 4867 5682
4 2284 4097 2320 5149
4 4063 4448 5024 5473
4 3793 3974 4566 4688
4 4279 4417 3794 5423
4 1114 4756 1158 4796
4 891 4517 1176 5576
4 1633 1634 4395 5035
4 3773 4169 4068 4529
4 2576 4239 4698 5029
4 1057 587 3426 3425
4 2683 2284 2320 5149
4 1579 4649 4763 5480
4 2695 4047 3969 4590
4 3825 5027 4156 5121
4 732 185 3720 4666
4 3807 4020 4509 4663
4 2898 4293 2069 5038
4 4078 3925 4579 4955
4 123 639 4379 5357
4 2516 2481 2788 4403
4 4055 4396 4940 5650
4 4243 4540 3767 4606
4 4595 5280 4082 5300
4 994 4678 2949 5582
4 4195 3903 4741 5067
4 3857 4388 4128 4559
4 2986 2880 2068 4276
4 1558 1556 1981 5371
4 169 4018 4870 5131
4 3838 4390 4212 5684
4 1529 4757 4729 4803
4 3798 4545 4282 5020
4 4179 4283 19 5674
4 4178 4429 3936 4983
4 4253 4925 3773 5127
4 4622 4222 5085 5096
4 1663 4010 1233 5574
4 2415 2513 4502 5186
4 4836 5453 3963 5561
4 3826 5024 4195 5070
4 3883 4488 5145 5331
4 995 1025 1030 4767
4 1267 3857 1268 5276
4 4163 5265 4487 5600
4 463 77 3388 570
4 4565 4859 4321 5104
4 3144 5302 4170 5448
4 2429 3975 4119 5163
4 3793 4716 4553 5204
4 1856 4277 4720 5025
4 3953 5174 4468 5592
4 3919 3841 4153 4219
4 4321 4859 3855 5104
4 4173 4438 4434 4931
4 4214 4748 4115 5565
4 3780 4562 4006 4671
4 1512 1491 4664 5099
4 1677 2045 1852 4766
4 4253 4857 4737 5524
4 2187 4056 2186 5457
4 1861 4478 1993 5576
4 2607 3919 4219 5346
4 4589 4941 1879 4951
4 4257 5185 3992 5239
4 3283 36 3974 5139
4 23 5042 489 5324
4 3765 4438 4395 4960
4 2479 2788 4403 4787
4 3782 4505 4136 5601
4 4353 4437 4104 5290
4 91 4252 4558 5605
4 2629 2078 2993 4414
4 4321 4565 3855 4859
4 1730 4448 4741 5233
4 1229 1650 1227 4822
4 1712 1669 4731 5314
4 2554 4088 4994 5186
4 2758 4495 4953 5677
4 982 3980 1053 4099
4 1775 4969 5153 5377
4 4209 3875 4801 5056
4 3792 4803 3892 5272
4 3859 4556 1854 5402
4 528 2658 48 4231
4 4141 3829 4724 5032
4 4165 4348 3929 4541
4 1292 1277 1769 4748
4 2325 2705 2704 4229
4 3841 3984 4630 5599
4 4188 4561 3844 5516
4 2705 4229 2325 4797
4 3209 12 4560 5489
4 4712 4980 4162 5723
4 3828 5322 4419 5712
4 1578 4196 4763 4866
4 3230 483 3232 4283
4 1161 1123 1122 4016
4 3792 3892 4467 5272
4 2728 4384 4040 5141
4 3949 4710 4768 5160
4 2200 2204 3905 5513
4 3837 4065 4281 5255
4 2025 4661 4171 4697
4 2241 4327 4924 5381
4 3802 4521 4239 4698
4 4516 4580 3803 4761
4 2001 1169 4145 5644
4 3929 4165 3813 5695
4 2020 1716 4577 4646
4 3941 4158 4366 4576
4 1580 1581 1579 4248
4 153 4194 4047 4590
4 3960 5289 4675 5503
4 3785 4391 4828 5628
4 1340 4803 3892 5232
4 139 4169 663 5679
4 1731 4396 4594 5074
4 593 3450 93 5732
4 3844 4236 3947 4561
4 3798 4412 4282 4573
4 4033 5106 5027 5434
4 1828 4249 1831 4694
4 1262 4536 1264 5520
4 1719 3888 1720 5734
4 1143 4379 4796 5357
4 4288 4592 3845 4975
4 4431 5207 2826 5318
4 4199 4724 4494 5639
4 3067 4078 3066 5320
4 4134 4998 1822 5611
4 2354 2822 2823 5557
4 4249 4629 4086 5394
4 4405 5170 4210 5531
4 496 25 4427 5260
4 4317 4489 2252 4863
4 4143 4291 3861 4794
4 910 842 924 4902
4 1022 3947 1067 5666
4 497 4260 2224 4309
4 4227 4608 3860 4845
4 3789 4199 3986 5407
4 3915 4661 4615 5687
4 4195 4567 4028 4725
4 1531 1901 1900 4740
4 1421 1659 1927 4494
4 4350 4784 3809 5023
4 4228 4400 5047 5410
4 4561 4835 3947 5666
4 4072 3803 4885 5661
4 1709 1880 1685 4266
4 3784 4206 4845 4913
4 4147 2624 5141 5497
4 4814 5300 3866 5594
4 3741 3738 3739 4900
4 3918 4659 4548 5706
4 4325 4470 2220 4765
4 17 4563 4358 5589
4 954 3999 880 4785
4 3483 617 3482 5017
4 3807 4370 4137 4663
4 1494 1530 4932 5475
4 1668 1454 4375 4670
4 4249 4086 4694 5394
4 1277 1279 1278 4419
4 3142 4659 4069 4791
4 1994 4365 2988 4764
4 2904 2602 2069 4293
4 4701 5502 3906 5598
4 3762 4093 3917 4824
4 3913 4881 3968 4965
4 2799 2621 3975 4111
4 1290 4792 3895 4843
4 1848 4381 4661 4783
4 3819 4129 4450 5364
4 3210 477 15 4424
4 2429 3975 2621 4657
4 3797 4488 4170 5347
4 1394 1393 1395 4825
4 2227 2611 4309 4712
4 3038 4307 4135 4791
4 3918 4170 4341 5569
4 195 4174 747 5702
4 3130 4390 3118 4626
4 3040 3038 3039 4135
4 4416 4734 3763 4843
4 3802 4698 3992 5533
4 2530 4449 4042 5417
4 1796 1307 1907 4273
4 1922 4287 1358 4762
4 4038 4891 3957 5322
4 4073 4907 4303 5044
4 4494 4724 4141 5639
4 1888 2055 4649 4713
4 4442 5123 4041 5142
4 3804 3994 4566 5129
4 3764 4005 4286 4665
4 2707 2791 4362 4850
4 1130 1076 1140 4669
4 1243 1241 1842 4148
4 5157 5411 4588 5529
4 3776 4408 3991 5238
4 813 4242 4872 4911
4 933 2928 4497 5118
4 3972 3788 4387 4933
4 199 3999 4258 4785
4 3960 4006 2841 5503
4 1987 4517 5132 5576
4 1445 1514 1447 4339
4 3770 4591 4076 5741
4 5174 5447 4468 5592
4 4457 4978 2124 5334
4 2511 754 198 4648
4 1347 1597 4834 5375
4 1178 1954 1619 4448
4 2499 4779 2330 5135
4 2757 4495 2758 5677
4 1871 1673 4758 5705
4 146 4721 674 4754
4 4145 5063 4645 5099
4 2368 4604 4119 4974
4 1511 1487 1485 5415
4 1451 4875 4969 5377
4 3929 3813 5452 5695
4 4309 4428 3796 5426
4 3786 4514 4949 5065
4 4352 4743 4211 4995
4 3809 4350 5223 5400
4 4312 4105 4977 5453
4 2147 4899 2244 5403
4 3058 4856 5301 5677
4 828 827 955 4368
4 2069 4293 2901 5038
4 1086 4230 1188 5378
4 784 813 4242 5285
4 3919 4153 3841 5599
4 2320 2834 2683 5149
4 950 823 965 4145
4 1444 2002 4195 4741
4 1624 4839 4715 5583
4 4293 5038 4026 5159
4 27 494 4152 5325
4 2961 2863 1090 4963
4 3891 4628 4230 5378
4 2832 3955 4191 4367
4 4710 5160 4057 5162
4 1500 4925 1501 5127
4 3841 4837 3984 5599
4 891 818 1176 4517
4 826 4134 969 4998
4 951 870 4257 5421
4 3927 4526 3776 5543
4 180 4104 4581 4703
4 3841 4432 3984 4597
4 2016 998 2063 4542
4 4270 4350 3775 5080
4 4374 4524 1414 5354
4 2429 2370 4119 5390
4 1301 1312 3856 4966
4 1731 4594 1353 5074
4 832 921 836 4902
4 3784 4608 4227 4845
4 1921 4942 1912 5226
4 144 672 2390 5028
4 818 1984 1176 4517
4 3764 4286 4005 4924
4 1054 1002 1004 4410
4 3809 4178 3936 5601
4 4074 5127 4609 5340
4 4707 4816 2033 5492
4 3834 4360 4057 5491
4 4010 4514 4139 4807
4 4200 4720 3904 5665
4 2448 2447 4407 4867
4 4257 4698 3992 5185
4 4063 4448 4741 5024
4 1890 1598 3865 5064
4 991 2872 2874 4389
4 1286 1284 4141 4871
4 190 742 4733 5641
4 3792 4729 4197 5585
4 1531 1721 4740 4803
4 4692 5528 4977 5699
4 720 177 3695 5346
4 4016 4814 3866 5594
4 3801 4439 4920 5682
4 2686 4447 4312 5152
4 2576 4698 2577 5029
4 2070 2975 3115 4384
4 3190 4306 3101 5683
4 3730 736 185 4267
4 1877 4723 1656 4827
4 2719 2484 4104 4703
4 4020 4509 3783 4864
4 3824 4027 3933 5567
4 4392 4416 3763 4843
4 3829 4141 4724 5639
4 36 3283 3974 5545
4 3124 4659 3142 4908
4 4128 4559 4388 5031
4 1558 4290 1556 5371
4 1952 4908 3902 5112
4 1636 1544 1635 3866
4 1596 4524 1595 5672
4 2244 4045 2750 5431
4 4955 5590 4445 5690
4 3946 4366 2260 4939
4 3006 1955 1191 4607
4 1499 1863 1501 4861
4 1583 4849 4303 5652
4 2953 4532 4653 5029
4 3764 4005 4665 4924
4 4431 4991 4156 5121
4 2567 4310 4498 4775
4 2220 4470 4325 5502
4 4402 4764 3053 5084
4 4117 4614 4329 4874
4 4079 4591 3951 5282
4 1747 1618 1746 3868
4 4330 4758 1673 5705
4 2999 4295 2900 4518
4 1500 1499 1501 4925
4 4067 4849 1576 5480
4 954 880 967 4785
4 3951 4616 4365 5084
4 3795 5162 4533 5214
4 3050 2979 1204 4402
4 1670 4404 1546 5714
4 2601 4026 2721 5038
4 940 5216 4517 5576
4 1993 4861 4478 5391
4 3303 3301 3302 4527
4 1983 5300 4814 5594
4 3971 4264 4729 5643
4 4411 3840 4574 4873
4 4599 4967 4125 5622
4 2758 4953 4495 5483
4 3989 4734 4183 5158
4 4076 4591 3967 5741
4 4452 4507 1380 5192
4 2295 4105 3926 5615
4 4273 4973 3962 5244
4 692 157 3640 2170
4 1930 5083 4474 5306
4 2246 2234 4417 5510
4 3991 4404 3842 4408
4 1132 1144 1082 5708
4 3969 4590 4047 5701
4 4466 5119 4051 5156
4 1230 1296 3855 4954
4 2241 4924 4327 5716
4 3805 4291 4143 4794
4 3921 2936 4552 4578
4 1041 1054 992 4410
4 3787 4769 3943 5572
4 3932 4140 2172 4367
4 3869 2007 5006 5020
4 2465 4127 4996 5002
4 1875 4256 4871 5032
4 4320 4449 4043 5205
4 3924 1508 4766 5662
4 1508 3924 1588 5662
4 2001 4145 1702 5644
4 2220 2228 4325 4765
4 3709 3708 3707 4772
4 2621 2429 2799 3975
4 187 4533 4065 4711
4 1711 4303 1583 4849
4 3948 4457 4184 5642
4 1032 581 85 3427
4 3768 4898 4071 5335
4 4130 4410 3875 4852
4 2898 2069 2901 5038
4 3821 4048 3937 5202
4 4064 4507 5230 5486
4 4163 4749 2639 5721
4 3042 4612 4342 5264
4 2350 40 3994 4688
4 4548 4659 3883 5706
4 52 3327 539 4668
4 4252 4464 4144 4726
4 4115 3822 4377 4748
4 1632 4395 4685 5304
4 3863 4743 4577 5405
4 128 2119 3548 5508
4 4419 4748 4214 5628
4 3904 4277 4720 5012
4 4050 4097 3783 4643
4 3872 4276 5242 5613
4 3829 4344 5144 5499
4 2730 4384 3115 4626
4 1495 3885 1496 5319
4 4162 5013 4265 5408
4 4265 4787 4162 5570
4 4470 5499 4887 5598
4 95 3977 4747 4824
4 4251 4282 3928 5274
4 1267 4641 3857 5276
4 84 3426 581 1032
4 2567 4498 4310 5487
4 2320 4097 2282 4154
4 3932 4367 2172 4662
4 4831 5330 3843 5429
4 4669 4012 5221 5327
4 1814 4680 1739 4682
4 2715 3598 673 5028
4 2781 4226 2932 5002
4 948 847 4432 5406
4 3866 4814 4717 5300
4 935 3881 5001 5281
4 4489 5210 5146 5572
4 4305 4625 2281 5721
4 534 3316 53 5527
4 4056 4528 4199 5639
4 3805 4186 3945 5625
4 1078 1196 1967 4713
4 971 3992 4633 4771
4 2085 2912 2908 4754
4 3934 4488 4680 5347
4 4209 3794 5291 5617
4 1357 1414 1413 4374
4 2350 2755 40 4688
4 3798 4412 4196 4795
4 2554 4088 2496 4994
4 544 3350 60 4198
4 2818 746 194 4534
4 3814 4096 4779 5135
4 1041 2875 2095 4410
4 1038 2949 994 4678
4 4533 5162 4124 5214
4 2029 4334 4383 5729
4 3082 3083 4365 4616
4 1660 1935 4554 5257
4 3784 4845 4227 4913
4 3821 4142 5089 5205
4 3807 4131 3940 4755
4 2481 4403 2516 4484
4 3572 3574 3571 4957
4 4706 5391 4113 5627
4 1239 1343 4635 5436
4 4207 4438 3911 5293
4 1041 992 2875 4410
4 2382 2383 4029 5382
4 4175 4441 2141 5130
4 1681 4130 2051 4681
4 3810 4374 5210 5572
4 3102 4402 1991 4764
4 3769 4538 4940 5066
4 1593 1585 2042 4761
4 1317 4619 4406 5182
4 4426 4717 4082 5300
4 1226 1311 4493 5091
4 4831 5375 4268 5667
4 1720 1896 1876 5734
4 4003 4076 3830 5512
4 3987 5172 4540 5466
4 4052 5018 4514 5314
4 3803 4516 4181 4580
4 4076 4288 3845 4975
4 4603 4884 1467 5729
4 3904 4720 4277 5025
4 3899 4694 4249 5372
4 4797 5242 2713 5483
4 2281 4625 4305 5129
4 4382 4477 4215 5675
4 4172 4755 3779 5305
4 562 71 4913 5542
4 3795 4533 3998 4768
4 4134 4738 4238 4857
4 3969 3779 4278 4590
4 3924 3992 4473 4771
4 3798 4078 4652 5110
4 2616 4153 4015 4219
4 4302 4786 3836 5258
4 2673 4013 3939 4583
4 4054 4887 4470 5499
4 4134 3831 4738 4857
4 4026 4254 3930 5167
4 3779 4278 4665 5305
4 4041 4442 4327 5467
4 2766 4039 2935 4469
4 1599 4188 1887 5211
4 4232 4741 4063 5379
4 3891 1642 4628 5378
4 4708 5054 4074 5127
4 3824 4418 4204 5227
4 734 3728 187 4733
4 1494 1530 1492 4932
4 3843 4831 4268 5667
4 1816 1597 1347 5375
4 122 2883 638 4379
4 3825 5027 4400 5410
4 2281 4154 4625 5129
4 1117 1150 1086 5378
4 1398 4228 5034 5685
4 3050 1991 3102 4402
4 1563 3863 1707 4995
4 832 4888 4750 5220
4 2717 4442 4327 5154
4 5107 5467 4684 5648
4 1994 1696 1996 4365
4 967 918 4785 5240
4 1566 5479 4945 5509
4 1759 1928 3887 5306
4 4391 5176 4044 5206
4 1578 4196 1892 5419
4 3835 4425 5247 5655
4 4090 4723 4588 5278
4 2951 4239 2576 5029
4 2774 2824 4326 5207
4 3771 4645 5063 5099
4 629 3523 117 5033
4 3824 4485 4418 5227
4 4070 5157 5078 5529
4 4340 4397 3878 5326
4 1264 1263 1265 5276
4 3794 4417 4279 4909
4 2576 2951 2581 4239
4 3005 2962 3152 3980
4 3838 4999 4390 5684
4 4151 5142 4433 5244
4 652 4203 129 4512
4 4390 4999 4306 5684
4 3881 4664 4368 5281
4 3993 4309 2611 4712
4 1130 1190 1976 4669
4 4082 5280 4595 5376
4 4229 5012 4200 5486
4 5173 5486 4064 5600
4 4678 5256 2949 5582
4 176 720 2607 4219
4 4057 4360 3834 4974
4 2850 3993 2611 4980
4 3768 4071 4778 5335
4 1866 1867 2035 4284
4 4383 4523 3884 5115
4 1359 1362 4762 4982
4 2289 5368 4343 5494
4 2438 3981 2235 5553
4 3889 4319 4707 4816
4 2474 3928 4652 5459
4 2585 4209 2575 5002
4 927 1044 4532 5606
4 4474 4755 3940 4906
4 4068 4169 3773 4737
4 84 1028 4099 4774
4 914 4382 4477 5298
4 965 4145 823 4998
4 4161 4495 4060 4953
4 3809 4350 4270 4784
4 1727 4694 4451 5379
4 542 3345 59 5368
4 1638 1961 1202 4285
4 4294 5169 4064 5600
4 2206 4466 2693 4983
4 530 3311 50 5048
4 1317 1949 4619 5182
4 163 3644 698 5163
4 4130 3875 4491 4852
4 3875 4521 5076 5617
4 3795 5160 4057 5491
4 1722 1668 1454 4375
4 722 781 178 876
4 826 969 824 4998
4 4159 4424 11 5645
4 2504 4445 5590 5690
4 4233 5054 3858 5226
4 2611 4309 3993 4840
4 25 3993 3241 5728
4 4369 3785 4833 5176
4 2896 2594 2596 3951
4 179 781 722 962
4 3987 3767 4243 4540
4 4197 4729 3792 4803
4 4496 4617 4202 5727
4 3779 3969 4906 5701
4 3903 5116 4302 5122
4 891 940 4517 5576
4 1724 1726 4232 5379
4 4418 3766 4825 5034
4 919 948 4432 5406
4 1721 4729 4197 4803
4 3765 3839 4513 5669
4 3767 4243 4627 5398
4 2896 4616 2107 5102
4 2200 3905 4106 5513
4 2766 4039 4469 5418
4 4236 5079 3814 5243
4 3851 4941 4589 4951
4 4001 4942 1535 5054
4 516 3285 4688 4776
4 3823 4327 4924 5461
4 4129 5107 3827 5290
4 4369 4833 4391 5176
4 3924 4689 3992 4771
4 2402 4593 3979 5058
4 485 3219 20 4896
4 4195 4339 3923 5116
4 3795 4868 4647 4884
4 3825 5207 4431 5318
4 2465 2464 4127 4389
4 4210 5330 4831 5429
4 2703 2807 4186 4433
4 4161 5242 4797 5483
4 1142 4218 1133 4904
4 3820 4391 4871 5206
4 4123 4551 4214 4891
4 1431 5211 4308 5516
4 4062 5030 1221 5180
4 2598 3921 4552 5582
4 3837 4575 4319 5052
4 4396 5211 4055 5449
4 3962 4168 3823 5635
4 1497 3885 1495 5524
4 3822 4377 4748 5262
4 3866 4016 4717 4814
4 3076 4636 3170 4928
4 47 3304 525 4244
4 2850 2611 2483 4980
4 4018 4976 4870 5731
4 3966 3836 4786 5258
4 629 3507 116 4880
4 75 4088 4550 5700
4 2313 4489 4002 5356
4 1413 4374 1414 5354
4 3308 3307 3306 4826
4 4167 3933 4548 5567
4 554 3369 67 5432
4 2020 1707 1708 4577
4 3906 5330 4417 5423
4 3825 5121 4431 5207
4 4226 5056 4852 5299
4 3823 4415 4286 4660
4 1423 5229 3896 5394
4 2731 2859 2070 4384
4 3482 109 618 2563
4 1256 1307 4273 4660
4 1636 3866 1635 5300
4 2841 4006 3960 4562
4 3819 4450 4129 5107
4 3063 4224 4341 5569
4 3818 4933 4423 5168
4 936 4331 4083 5240
4 1112 4180 1081 4830
4 756 926 1045 5606
4 780 1171 4284 5052
4 480 4358 16 5589
4 3837 4333 4281 5014
4 1243 4148 1842 5062
4 1907 4794 1908 5248
4 3823 4286 4183 4660
4 3874 4177 4403 5552
4 15 5101 477 5541
4 1803 4151 1902 5093
4 2686 4312 4447 4836
4 2824 2667 2774 4326
4 4072 5073 3803 5661
4 4043 5035 4408 5293
4 4264 4381 1471 5614
4 639 5357 123 5647
4 4177 4378 5433 5454
4 2863 4225 1090 4963
4 1364 5055 3898 5270
4 4228 4991 4519 5699
4 4113 3890 4517 5132
4 4210 3843 4831 5330
4 4088 4479 3810 5529
4 4068 4819 2399 5659
4 4153 4219 2616 4950
4 772 979 977 4189
4 1364 1365 5055 5270
4 3705 777 182 730
4 3661 3660 3659 4551
4 1487 5415 5036 5658
4 3878 4397 4340 4789
4 4228 4519 1419 4692
4 3795 3998 4533 5162
4 159 4128 4467 4817
4 1378 1377 4452 5147
4 727 3705 3704 876
4 1666 4514 4139 5018
4 3824 4204 4485 5227
4 2347 2416 4398 4677
4 153 3623 684 5451
4 1753 4631 1934 4832
4 2085 3893 2912 4754
4 3814 5211 5079 5650
4 3948 5205 4457 5642
4 97 3457 3996 5218
4 4214 3822 4748 5322
4 4062 4571 4413 5623
4 1890 1917 1598 5064
4 2383 2382 2384 5382
4 1157 1078 1146 4122
4 1104 1078 1967 4713
4 3963 5528 4991 5699
4 3783 4509 4370 4832
4 849 4153 3893 5406
4 1276 1278 4214 4748
4 1286 4141 4724 5032
4 918 3894 5240 5534
4 2594 3951 4300 4719
4 826 824 4738 4998
4 3841 4577 4486 4743
4 3805 4346 4291 4794
4 1313 1919 1921 3858
4 3791 4128 4388 5031
4 4419 5322 4144 5712
4 2827 2321 2183 5484
4 4253 4857 5524 5575
4 4360 5162 4057 5491
4 1907 4794 5248 5686
4 4438 4960 3911 5293
4 2700 4312 2686 4836
4 111 5187 4671 5622
4 1087 2096 2878 5433
4 3595 3596 3598 5028
4 1769 1768 4144 5106
4 2631 2251 2238 4018
4 1652 4459 4371 5739
4 1762 3892 1900 5504
4 804 4595 5280 5376
4 2135 3913 2136 4965
4 4192 4374 3787 5354
4 4377 5106 4748 5262
4 1057 84 587 4774
4 2276 2278 3994 4688
4 1373 4875 1374 5179
4 989 1042 1023 4345
4 760 2943 4633 5193
4 1204 4402 2979 4530
4 1334 4672 1709 5399
4 4206 3860 4773 5047
4 1156 4289 1127 4739
4 868 958 4469 5092
4 3159 4579 3085 5514
4 3923 5078 4502 5116
4 1435 5440 4483 5629
4 4250 4993 4472 5420
4 3778 3988 4611 5598
4 849 850 4153 5406
4 4130 4491 3875 4681
4 4113 4706 3890 5132
4 1370 3845 1452 4917
4 3772 4355 4288 5725
4 4145 3831 4601 5063
4 3354 4000 3355 4752
4 4562 4671 3780 5622
4 1224 5091 4142 5696
4 4190 4874 4329 5003
4 2164 3907 2162 4328
4 4435 4650 3788 5537
4 3888 4391 4369 4833
4 2736 4049 4437 5441
4 2226 4324 4481 4860
4 3807 3887 4370 4509
4 2226 4481 4324 5482
4 1309 4008 1323 5568
4 1323 4008 1309 5365
4 1289 1787 4359 4641
4 2222 3909 2233 4976
4 860 884 863 4316
4 4085 4650 4435 5537
4 1698 4490 2036 5697
4 905 2100 4242 5088
4 3913 2136 4965 5455
4 1163 4739 1142 4904
4 4388 4878 4156 5434
4 4087 4973 4304 5530
4 4177 4403 4012 5327
4 3804 4566 4229 5129
4 4395 5035 1634 5091
4 4086 4249 4694 5372
4 4890 5514 2039 5515
4 75 4550 4364 5476
4 2375 2376 2377 4353
4 2373 2374 2375 4353
4 1323 4008 5365 5568
4 4023 4640 4589 5087
4 4285 3839 4513 4715
4 3964 5291 4496 5727
4 4510 4800 1242 5323
4 64 553 3358 4916
4 3803 4318 4580 5360
4 2710 3988 2782 4883
4 2429 4119 2370 5163
4 3922 4996 3879 5002
4 2056 4669 1077 4713
4 910 4697 4171 4902
4 713 2422 173 4676
4 4082 4814 1121 5450
4 3971 4729 4264 5422
4 4403 4484 4012 5327
4 3957 5176 4362 5416
4 4177 4484 4403 5327
4 3915 4888 1820 5687
4 4652 5320 2913 5691
4 4228 5047 4773 5685
4 848 3893 849 4153
4 2154 4304 2693 4841
4 1239 4386 4635 5059
4 3126 3040 3142 4791
4 3909 2233 4976 5462
4 1788 1925 1790 4519
4 2730 2070 3115 4384
4 1222 1224 1223 5696
4 2481 2516 2515 4484
4 3918 4341 4224 5569
4 860 863 861 5092
4 4157 4755 4474 5306
4 3863 4995 4743 5405
4 3960 2552 4614 5503
4 723 177 4219 4486
4 1279 4419 1281 5500
4 3875 5076 4239 5663
4 75 4192 4550 5476
4 4565 4865 4103 5355
4 4109 4844 4594 5215
4 4042 4449 2530 5543
4 2292 4027 2290 5342
4 1941 1536 4371 4942
4 3239 493 3240 4956
4 3285 3935 41 4688
4 2256 4489 2313 5356
4 1152 3135 1136 4445
4 1566 4945 1428 5509
4 4039 4627 3790 5641
4 4397 4789 4133 5089
4 2366 2367 2365 4057
4 1887 4188 1700 4844
4 2436 3960 2552 4614
4 566 2496 74 4364
4 3181 3902 3040 5303
4 139 669 4475 5717
4 2133 3497 620 4930
4 4039 3790 4627 5428
4 4215 4706 4113 5627
4 2713 4797 4276 5242
4 3127 3083 3120 4616
4 3789 4409 3977 5396
4 1609 2042 4516 5321
4 1359 1922 1358 4762
4 1903 4415 1341 4684
4 2829 2826 2666 4431
4 1690 5054 4708 5127
4 3969 4447 3940 4906
4 3791 4388 4559 5031
4 2008 4368 899 5644
4 4399 4831 3843 5429
4 2874 993 1037 4389
4 4415 4660 1774 5100
4 919 948 847 4432
4 3807 4137 4370 4964
4 4080 4867 3801 5266
4 3513 626 114 4584
4 3952 4538 5210 5558
4 3813 4481 5224 5316
4 3906 4470 4887 5598
4 3833 4973 4416 5156
4 2800 4111 4790 5441
4 1724 4694 1727 5379
4 4236 4561 3873 4678
4 4729 4757 3792 4803
4 711 4098 169 5737
4 1216 1219 1218 3864
4 861 780 860 4284
4 4138 3964 5235 5667
4 3787 4374 4192 5572
4 1087 1093 1132 4605
4 134 656 3568 4938
4 2371 5212 4357 5390
4 3876 4882 3835 5655
4 4250 4402 4993 5420
4 1583 5480 4849 5652
4 4143 4794 3861 5415
4 2697 2164 2162 4328
4 2530 4042 2454 5417
4 3005 3152 3136 3980
4 4391 4833 3785 5176
4 4395 4960 4043 5205
4 1039 1974 985 5329
4 1769 1768 1292 4144
4 3755 747 4174 4714
4 1709 4266 1685 5399
4 971 4633 3992 5193
4 3776 4185 4493 5238
4 4301 4489 3916 5146
4 3898 4670 1364 5270
4 4303 4907 4075 5044
4 820 819 779 4293
4 2325 4305 2712 4797
4 3793 4269 4452 5147
4 186 734 2361 4733
4 1163 1162 1142 5277
4 3850 5254 4892 5565
4 4588 4723 4240 5278
4 3928 2474 4921 5459
4 4193 4435 3788 4621
4 5267 5443 3772 5725
4 4189 4290 3799 5371
4 3044 3041 3105 4342
4 4134 3870 4478 4861
4 1244 4510 4350 5080
4 2628 4414 4323 5435
4 4097 4643 4050 5519
4 2622 4498 3973 5557
4 988 586 86 1035
4 1722 4375 1454 4670
4 3776 4865 4565 5355
4 1642 3891 1641 5378
4 2465 4996 2780 5002
4 3901 3780 4671 5622
4 2722 4238 2895 5038
4 1561 4622 5085 5096
4 3062 4224 4069 4659
4 2567 4498 2568 4775
4 3904 5012 4495 5134
4 3803 4905 4318 5360
4 4484 4813 4072 5277
4 4137 4370 4446 4663
4 4285 4426 5280 5300
4 1995 1822 4998 5611
4 4245 4884 4603 5729
4 704 3665 166 4850
4 4125 4967 4599 5539
4 1117 1086 1188 5378
4 3819 5107 4129 5290
4 2377 4104 2484 4882
4 4391 5095 4871 5206
4 2391 3930 2412 4522
4 1928 1759 3887 5219
4 63 4000 3353 5444
4 2924 2733 2729 4626
4 639 121 4208 4796
4 1732 4472 4975 5087
4 3852 4650 4435 5147
4 1360 4762 4361 4945
4 3854 4784 4270 5080
4 3840 4574 3787 5011
4 3892 4803 1900 5504
4 4167 4485 4204 5227
4 2968 3041 3042 4342
4 1861 1987 5132 5576
4 2846 4320 4449 4879
4 3997 3795 4647 4768
4 4134 3831 4601 4738
4 3824 4977 4418 5137
4 1260 1774 4660 5100
4 4093 4824 4554 4877
4 44 4527 4643 5519
4 4343 5368 4027 5494
4 1754 3895 1850 5208
4 756 1045 983 5606
4 1663 4807 4010 5574
4 2451 4618 4152 4956
4 4007 4635 5059 5226
4 4357 5212 4425 5390
4 2325 2737 2712 4305
4 111 4671 4562 5622
4 2055 4649 4122 4866
4 624 112 3503 5143
4 4588 5157 1939 5411
4 3983 3782 4557 4788
4 3953 4775 4310 4965
4 3938 4351 801 4935
4 1695 1733 4472 5420
4 4495 5213 4060 5677
4 3835 4129 5113 5290
4 4290 4958 3878 5595
4 1285 1286 1284 4141
4 4452 5147 3852 5192
4 2551 5311 4397 5720
4 3785 4828 3957 4891
4 1229 3901 4822 5222
4 3884 5115 4523 5626
4 3038 3040 3126 4791
4 1660 4554 4877 5257
4 3772 4216 5267 5725
4 811 5000 952 5562
4 1354 4202 4617 5662
4 3941 4287 4179 5224
4 4138 4417 3843 5235
4 2609 4209 2585 4909
4 1268 3857 1269 5232
4 4017 4087 4674 5709
4 3768 4608 4898 5335
4 3797 4548 3883 5145
4 2552 3960 2841 5503
4 2668 5286 2667 5651
4 2598 3921 2936 4552
4 3468 3471 3469 5021
4 4255 5067 4339 5120
4 2035 5052 1869 5619
4 2576 2340 2577 4698
4 3956 4441 4030 5427
4 1365 5055 5270 5540
4 1623 4189 1981 4838
4 3984 4837 4630 5599
4 3878 4874 4371 4958
4 591 3446 3448 4727
4 3775 4654 4004 5518
4 2981 1178 3049 4448
4 1535 4942 1912 5054
4 4647 4833 1718 5584
4 49 4231 4020 5019
4 996 2877 2916 4653
4 2714 4539 4276 4749
4 3823 4924 4327 5381
4 1375 1374 1373 4875
4 4394 3933 4842 5494
4 1778 1806 4423 5307
4 3884 5212 4425 5643
4 4014 4358 3800 4401
4 2841 2552 2436 3960
4 3823 5244 3962 5635
4 1299 1287 4344 4724
4 1979 4612 1740 4680
4 1499 4253 1863 4861
4 3644 699 4246 5057
4 3891 5378 4756 5594
4 4276 4539 3934 4749
4 1660 1935 1657 4554
4 3072 2983 1201 4451
4 4373 4918 4046 5237
4 1476 4129 4740 4783
4 3958 4021 3820 5535
4 1226 4142 4822 5183
4 1565 4622 1881 4895
4 2974 3185 3116 4999
4 1695 1733 1732 4472
4 4510 5168 3950 5738
4 3835 4129 4783 5113
4 788 4473 916 4922
4 1811 1299 1287 4344
4 3773 4708 4461 5722
4 1290 3895 1754 5468
4 3841 4630 3919 5599
4 2465 2932 2464 4389
4 1721 1529 4729 4803
4 65 555 3374 5551
4 4363 5453 2319 5561
4 1433 5179 4975 5252
4 3873 4345 4188 4844
4 491 3235 20 5554
4 4218 4516 3803 4761
4 1777 1843 4621 5208
4 2204 4260 3905 5513
4 3082 4365 3186 4951
4 3835 4882 4425 5655
4 2639 2636 2637 5721
4 3283 509 36 5139
4 3870 4134 4857 5575
4 4088 3810 4479 5356
4 4076 4472 3770 4975
4 3001 4102 2091 4114
4 1921 3858 1919 5054
4 1535 4001 5054 5348
4 3913 4347 3786 4965
4 4238 4738 3831 4857
4 930 859 756 5606
4 1269 1268 1267 3857
4 829 1210 889 4888
4 4314 4766 3802 5185
4 4015 4153 850 5406
4 199 3999 4633 4771
4 3825 5121 5207 5318
4 3031 3123 3133 5150
4 943 927 1059 4532
4 1811 4344 1287 4724
4 977 814 956 4506
4 3449 593 92 4782
4 1517 4373 4807 4859
4 1218 4685 1220 5180
4 820 4293 821 5128
4 1866 1867 4284 4919
4 1523 1522 1521 5697
4 1474 4740 4197 4783
4 2736 2432 4437 4901
4 4248 4763 4649 5480
4 4196 4412 4078 4579
4 4319 4575 3837 5255
4 2045 4766 4121 5501
4 3821 4320 4960 5205
4 1608 4636 4544 5402
4 1707 1563 1708 3863
4 2957 2600 4835 5135
4 1848 4381 1586 5053
4 4684 5107 4450 5467
4 575 4695 79 4751
4 3957 2178 4362 5586
4 4052 4514 4386 5314
4 3792 4638 4146 4817
4 3769 4596 4126 4870
4 2001 1702 1169 5644
4 2548 30 3259 500
4 3824 4842 4422 5137
4 4236 4779 3814 5079
4 2569 2568 2567 4498
4 2585 2326 2575 4209
4 1447 4339 1938 5157
4 3393 3395 3396 5275
4 3804 4229 4566 5204
4 3924 3802 4617 4766
4 1197 5050 4767 5313
4 2220 4470 2199 4765
4 898 850 4015 4153
4 1400 1401 1402 3860
4 1981 1968 1640 4506
4 3909 4870 4018 4976
4 3838 4212 4040 4508
4 4350 4053 5223 5400
4 3771 4059 4522 4696
4 3378 68 563 5542
4 3064 4161 2084 5242
4 3958 4021 5535 5718
4 2733 2734 2644 4000
4 4033 4400 5039 5121
4 3770 4975 4472 5087
4 1440 1677 1852 5692
4 2598 5256 3921 5582
4 2569 4498 2567 5487
4 4062 4413 4571 5202
4 3781 4352 4743 5123
4 4121 4766 2045 5638
4 4081 4618 4152 5325
4 2712 4305 2737 4749
4 3880 5169 4294 5600
4 1633 1634 1632 4395
4 2830 2684 4422 5152
4 92 4465 4910 4952
4 2845 4080 5082 5689
4 769 4333 970 5014
4 2970 3158 3092 4636
4 4581 4703 4104 4882
4 1070 4537 4678 5582
4 4344 4887 4054 5499
4 16 4358 480 5549
4 1082 2867 2096 5708
4 1846 1799 3883 5404
4 1224 1226 4142 5091
4 3884 4497 4357 5361
4 3793 4650 4269 5147
4 3871 4574 4411 4598
4 4051 5077 4501 5248
4 530 50 3323 4876
4 1985 1982 1813 4564
4 3939 3782 4254 4583
4 927 4532 756 5606
4 3972 4429 4045 5471
4 3802 4689 3924 4808
4 1792 4386 1295 5314
4 3909 4337 3769 4976
4 1457 1411 4430 5197
4 3793 4452 4269 5204
4 3793 4566 4716 5204
4 3880 4137 5022 5629
4 3823 4005 4924 5381
4 4575 5255 4319 5619
4 3777 4531 4454 4985
4 4540 5172 4031 5466
4 1002 4410 1054 4653
4 139 663 4169 4271
4 2382 4029 4442 5382
4 1854 3859 1363 4982
4 1353 5074 4594 5215
4 1595 4524 5411 5672
4 1844 4894 4608 5335
4 3841 4219 3919 4743
4 3856 1301 4966 5225
4 2710 4823 4132 4883
4 3056 3051 4402 4856
4 2722 2895 2898 5038
4 2199 4765 4470 5457
4 1002 1054 1041 4653
4 3855 1230 4954 5222
4 2450 26 494 4613
4 4371 4958 4874 5348
4 1623 4517 4189 4838
4 914 4477 5216 5298
4 4609 5127 4221 5340
4 2896 2779 4300 5102
4 982 4099 1027 4897
4 4461 4708 4234 5722
4 3805 4143 4291 5625
4 170 710 2584 4944
4 2834 4020 2660 5149
4 1779 1781 1780 4644
4 1578 4763 4196 5419
4 3737 742 190 5241
4 1445 4195 2002 5067
4 4043 4449 4320 5293
4 942 928 795 4963
4 195 746 3750 4648
4 1042 4490 4345 5337
4 2714 4749 4276 4797
4 2495 2839 2425 4479
4 4175 4441 3950 5105
4 3806 4459 4133 4675
4 4438 5035 4960 5293
4 2402 3979 2404 5058
4 4033 4482 4326 5262
4 3924 5064 1588 5662
4 3135 1074 1136 4445
4 3939 4254 3782 4505
4 4192 3787 4443 5354
4 2215 160 2174 4140
4 4119 4357 2369 4974
4 4470 4765 4325 5144
4 1049 4150 4476 5299
4 1124 2959 1081 4208
4 3837 4284 4575 5052
4 4326 4482 4033 5121
4 1971 989 2049 4345
4 1767 4464 1768 5106
4 878 916 4771 4922
4 1239 4635 1238 5059
4 120 636 3529 5703
4 4324 4481 4046 5237
4 1983 1636 5300 5594
4 3813 4361 4758 5713
4 1475 1477 1476 4783
4 4270 4784 4350 5080
4 3820 4021 3958 4780
4 4035 4906 4447 5528
4 3355 4000 3354 4623
4 1648 4565 1627 5279
4 1230 1296 1232 3855
4 4290 3799 4789 5003
4 4068 4529 4169 4737
4 3183 3182 3064 4161
4 2457 2843 2539 5311
4 712 3671 169 5366
4 4361 5224 4046 5316
4 1713 4272 1712 4731
4 1243 1242 1241 4510
4 1388 4137 1386 5629
4 3327 3326 3328 4247
4 1801 5007 1832 5358
4 936 4083 869 5240
4 3972 4387 2244 5403
4 1981 4506 1640 5371
4 2800 4790 4049 5441
4 4448 4741 3903 5067
4 1312 1308 1301 3856
4 4051 4501 4346 5248
4 4386 4514 3786 5059
4 3870 4593 4068 4819
4 3782 4291 4346 4793
4 855 5469 5239 5501
4 472 4182 12 4753
4 2353 3976 4820 5443
4 781 178 2074 722
4 2970 3092 1172 4636
4 3863 4577 4486 5393
4 2579 2953 5029 5421
4 3829 4724 4528 5639
4 1836 4223 1901 4740
4 3831 4738 4293 5063
4 4577 4646 4486 5393
4 4712 5408 4428 5695
4 4155 5077 1250 5485
4 4156 3817 4519 4991
4 1895 1897 1838 3850
4 1259 1824 1261 3853
4 4265 3929 5013 5459
4 4399 3843 5330 5429
4 3964 5235 4496 5291
4 1929 1790 4519 5410
4 3930 4254 4026 4788
4 1503 1502 1501 4221
4 4227 4608 3784 4913
4 4121 4766 4314 5185
4 3791 4638 4128 4961
4 3807 4394 4842 5273
4 104 3478 612 4848
4 3802 4689 4061 5533
4 823 820 821 5128
4 4463 4765 2186 5457
4 1680 1576 4330 4849
4 3817 4191 3955 4559
4 3034 4390 3130 4626
4 3772 4288 4216 5725
4 816 905 4242 5088
4 4080 2547 5266 5689
4 4033 5027 4400 5121
4 2046 2053 1211 4542
4 4094 4729 3971 5422
4 1489 1490 1488 4793
4 2403 4593 2402 5058
4 4113 5132 4517 5576
4 1989 1857 4250 5025
4 1887 1599 1700 4188
4 4308 5211 4055 5650
4 149 677 2386 5037
4 1921 1912 4942 5054
4 3825 5039 4400 5121
4 3950 5168 4441 5738
4 2292 2290 4422 5342
4 3129 5111 4564 5505
4 4252 4726 4144 5712
4 3829 5144 4470 5499
4 4261 4804 4792 5471
4 2406 4614 4117 5362
4 1740 1737 4680 5440
4 1872 5148 4809 5430
4 885 4083 936 4331
4 3806 4133 4459 5183
4 4268 4399 4834 5375
4 4427 4907 4073 5044
4 884 2037 1208 4316
4 677 3600 148 5037
4 1426 1685 1675 4895
4 3919 4219 4153 4950
4 4514 4946 3786 5059
4 1144 1132 1093 4605
4 2495 2425 2314 5356
4 4049 4790 4111 5441
4 1871 5705 4758 5713
4 1884 1520 1524 3849
4 3867 5072 4248 5652
4 951 4257 856 5421
4 2438 2235 2439 5553
4 1021 1022 1067 5666
4 4435 4621 4193 5208
4 2406 2436 4614 5362
4 3766 4977 4363 5699
4 2622 2569 4498 5557
4 2025 1848 1849 4661
4 1331 1334 4210 5531
4 4811 5286 3965 5651
4 3789 4199 4494 5396
4 3891 4230 4180 5378
4 4609 4706 4221 5391
4 1502 1501 4221 5127
4 3715 184 2618 4854
4 3899 4323 4587 5141
4 3761 4260 4667 4918
4 2729 4040 2728 4626
4 3150 73 3020 4164
4 4075 4907 4427 5044
4 2125 2126 2124 4978
4 3951 4365 4217 5084
4 3924 4766 4617 5662
4 3789 4554 4824 4877
4 604 4090 97 5021
4 3867 4303 5072 5652
4 1419 1929 4519 5410
4 24 2492 493 3239
4 3617 3615 3618 4950
4 1052 4542 5228 5606
4 937 978 826 4777
4 3062 3142 3124 4659
4 53 533 4131 5527
4 4544 4636 3800 5402
4 4340 4789 3799 5003
4 3781 4630 4143 5625
4 4021 3820 5535 5718
4 3872 4200 5012 5486
4 3496 3498 3497 4930
4 3904 4566 4101 5495
4 1828 1831 1725 4694
4 3958 3820 4780 5535
4 4053 4503 4311 5223
4 1696 4217 1695 5087
4 4317 4863 2239 4976
4 1739 1736 1837 4680
4 4311 4503 2145 4899
4 1798 1436 4483 5145
4 3783 4631 3982 4674
4 1216 3864 1218 5030
4 3767 4651 4399 4927
4 1531 4740 1900 4803
4 2368 4119 2369 4974
4 4180 4569 1112 5069
4 3956 5443 5267 5725
4 1074 2965 3134 4462
4 3788 4621 4423 4933
4 3879 4996 4127 5002
4 2890 4382 766 5654
4 1312 4723 1655 5365
4 1914 1242 4510 4800
4 3132 4564 3129 5111
4 1613 4255 1199 4582
4 87 1029 1057 587
4 2226 2210 4324 4860
4 1232 3855 1296 5574
4 1505 1555 1507 4190
4 723 3707 3708 4772
4 4412 4579 4196 5515
4 3790 4316 5092 5634
4 1926 4156 1790 5410
4 1748 1717 1915 3854
4 1580 4248 1579 5480
4 3870 4861 4134 5575
4 813 816 905 4242
4 1298 3900 4724 5225
4 2979 4402 3051 4530
4 3355 3353 3356 4623
4 3868 5354 4443 5733
4 4929 5421 3910 5606
4 598 95 4732 5171
4 3923 4725 4195 5070
4 4060 4530 4277 5111
4 1919 4708 3858 4800
4 1426 4118 1412 5399
4 1799 5145 3883 5404
4 3833 4155 4792 5471
4 4139 4807 3812 5592
4 3937 4789 4397 5089
4 1680 1576 1673 4330
4 2237 4481 4019 5607
4 115 626 3512 4584
4 2700 4312 4836 5453
4 3730 735 3732 4267
4 3806 4006 4671 4675
4 4080 5266 4569 5689
4 4303 4619 1950 4907
4 3783 4446 4050 4812
4 4452 5204 4553 5665
4 5013 5408 4712 5695
4 2926 5284 782 5688
4 1504 4609 1535 5054
4 2853 3877 805 5571
4 1457 1411 1458 4430
4 3577 140 665 5045
4 2215 160 4140 5525
4 4124 4533 3998 5162
4 49 3314 528 5527
4 117 4543 629 5033
4 3762 4725 4240 5336
4 3883 5112 4908 5331
4 4444 4811 2177 5624
4 3702 730 183 946
4 1887 4188 4594 5211
4 4041 4684 4415 5093
4 4318 3991 4586 5414
4 3891 4180 4756 5378
4 4726 4877 3977 5660
4 1113 1081 4180 4830
4 4143 4962 4504 5415
4 3548 3549 3547 5445
4 2704 4229 2705 5483
4 1906 1774 4415 5093
4 4129 4615 1477 5364
4 1921 1912 1750 5226
4 3923 4398 5078 5278
4 1666 1664 1923 4139
4 1502 1504 1690 4609
4 160 2174 4140 4572
4 2241 4924 4005 5381
4 3809 4136 4270 5601
4 4227 4705 4280 5229
4 2855 2113 3015 4114
4 3822 4377 5262 5506
4 3904 4566 4229 5204
4 1460 3862 1457 5352
4 3950 5400 4220 5726
4 3451 94 596 2835
4 2601 2721 2901 5038
4 1938 5157 4339 5672
4 1018 1019 4345 4634
4 1517 4859 4807 5574
4 4062 4203 4685 5180
4 4631 4674 3783 4864
4 1035 586 86 5231
4 4025 4347 108 5184
4 1307 1774 1902 4660
4 1459 1457 3862 5352
4 1919 4800 3858 5323
4 1844 4608 4894 5412
4 971 858 5193 5239
4 1899 4757 1529 4803
4 4346 5119 4051 5686
4 1206 4319 907 4816
4 3468 611 100 5188
4 4286 4660 4415 5100
4 4395 4960 4438 5035
4 1599 5211 1431 5516
4 3968 4310 3815 5130
4 3868 5477 1618 5733
4 1844 4608 1404 5335
4 4236 4678 3873 5135
4 4422 5273 4842 5494
4 3691 178 722 5051
4 2879 2640 4539 4691
4 1921 1313 3858 5226
4 3821 5089 4142 5696
4 3830 4591 4079 5282
4 927 983 1044 5606
4 4304 4466 2693 4841
4 4493 5205 3948 5642
4 4038 4444 2177 5624
4 3830 4079 4746 5282
4 2760 5058 4215 5675
4 3775 5518 4004 5726
4 3949 4768 4123 5160
4 4494 5206 3959 5639
4 1711 1950 4303 4619
4 1822 4134 4601 4998
4 2252 4317 2255 5681
4 907 883 866 4319
4 1854 1429 3859 4941
4 1576 1673 4330 5671
4 1583 1710 4849 5480
4 943 1059 2963 4532
4 2077 762 881 5118
4 140 4270 5008 5601
4 1858 1989 4530 5025
4 2281 4154 2282 4625
4 3778 4132 3988 5598
4 4072 5277 4813 5661
4 3771 4645 4475 5063
4 4304 4841 2154 5530
4 1550 4846 4404 5094
4 3892 5232 4009 5504
4 1648 1416 1627 4565
4 3884 4357 5212 5643
4 2241 2697 4924 5716
4 913 775 2884 4477
4 3950 4441 4175 5738
4 3872 4161 4797 5483
4 4264 5614 4729 5643
4 831 4646 4077 5351
4 4411 4897 1622 5424
4 4588 5411 4149 5529
4 3967 4076 3830 4591
4 1621 4873 4411 5424
4 3904 4229 4566 5495
4 2641 2295 3926 5615
4 1581 4649 4248 5250
4 4197 4729 1721 5614
4 2327 3946 2260 4939
4 3871 4411 4574 4873
4 979 815 977 4189
4 1549 1546 4404 5714
4 4206 4227 3860 4845
4 2403 4593 5058 5675
4 1289 4359 1788 4704
4 87 585 3947 5438
4 4451 4694 1831 5707
4 578 2773 4297 4301
4 3884 4425 5247 5643
4 2084 4161 3064 4953
4 3051 4402 4856 5715
4 1289 1795 1787 4641
4 1329 4399 1328 5288
4 3928 3798 4282 4573
4 3828 5308 4419 5322
4 2533 5550 4879 5653
4 4118 4617 4496 5727
4 1432 1369 1367 4592
4 4425 5212 4357 5643
4 2478 2477 4265 4787
4 1636 1544 3866 5594
4 692 3642 158 4662
4 4108 5286 5039 5318
4 844 964 843 5425
4 4151 3823 5142 5244
4 3827 4111 5272 5441
4 985 1974 1011 5329
4 3874 4403 4787 5570
4 73 3020 4164 4525
4 1400 3860 1402 5047
4 4123 3931 5160 5254
4 3773 4253 4169 4925
4 1779 1778 1806 4423
4 124 4336 4173 4434
4 3762 4827 4725 5336
4 3825 4400 5027 5121
4 1748 3854 1915 5475
4 1452 1370 1372 3845
4 4286 4415 3764 5100
4 563 4280 4227 5251
4 669 139 3583 5717
4 30 4690 502 4736
4 1833 4985 4547 5007
4 4408 4493 3776 4865
4 4423 4933 4621 5307
4 2415 2514 2513 5186
4 1841 4346 1527 4794
4 4430 4834 1410 4912
4 3562 3560 3559 4730
4 850 848 849 4153
4 4908 5331 1960 5448
4 3758 196 755 4061
4 4335 4556 3859 5402
4 3776 4526 3927 5657
4 1309 4943 4008 5568
4 3776 4865 4493 4954
4 3766 4105 4204 4531
4 5113 5614 4381 5643
4 3923 4240 4725 5336
4 4068 4593 3870 5627
4 4528 4724 3900 5639
4 999 3980 2962 5190
4 3815 4949 4386 5234
4 4438 4207 5035 5293
4 4340 5311 4397 5326
4 633 3517 3518 4979
4 1549 1670 1546 5714
4 4121 4473 3992 5239
4 1242 1240 4635 5323
4 3524 639 3526 5632
4 3772 5042 4375 5098
4 3919 4950 4153 5599
4 2443 5266 3914 5653
4 3815 4007 3968 4968
4 1911 1250 5077 5485
4 1070 4678 4537 5337
4 4184 4457 3806 5642
4 1263 1795 4641 5161
4 956 896 977 4506
4 4284 2035 4575 5052
4 757 804 5376 5450
4 4229 5129 4566 5495
4 1505 4609 4190 5348
4 1759 3887 5219 5458
4 3468 604 3471 5021
4 3761 3905 4106 5104
4 1872 1873 5148 5430
4 4639 4685 4203 5269
4 3812 4324 4918 5237
4 1460 1457 3862 5584
4 4375 5042 3898 5098
4 1674 1426 1675 4681
4 1507 4190 1555 4838
4 568 76 3013 4525
4 1641 3891 4931 5594
4 1650 4459 1227 4822
4 4423 4933 4053 5168
4 3481 618 104 2197
4 2717 4327 4442 4901
4 3895 4416 4392 4843
4 3884 4425 5212 5247
4 3182 3064 4161 4953
4 2220 2708 2199 4470
4 898 2919 2918 4153
4 497 29 2224 4690
4 1908 1527 1841 4346
4 3859 4556 4335 4563
4 1628 1672 1649 3848
4 4483 5440 4294 5629
4 4414 2630 4886 5435
4 2019 771 2018 4432
4 1271 5177 4388 5434
4 1799 1847 3883 5331
4 118 2590 2591 3979
4 829 889 832 4888
4 741 4711 187 5523
4 1932 4388 1269 4704
4 3198 2905 474 5536
4 3257 503 31 5199
4 3975 4657 5390 5585
4 183 961 730 4380
4 2843 4614 4397 5326
4 2598 2936 3921 4578
4 515 36 5041 5545
4 898 4015 2919 4153
4 3956 4272 4216 5267
4 1179 896 774 4506
4 4651 4780 4256 4927
4 1446 1516 1594 4240
4 3622 155 687 4328
4 4285 5280 4595 5300
4 151 4837 4597 5599
4 2429 4657 2372 5390
4 771 846 2018 4432
4 729 3703 3702 946
4 3811 4090 4588 5278
4 4190 3890 4706 5132
4 3733 743 188 4693
4 3834 4511 4094 4603
4 47 4244 4392 4674
4 4143 4504 4151 4794
4 3939 4466 3936 5119
4 3986 4199 3959 5295
4 3880 4446 5169 5173
4 4205 4619 1327 5705
4 1870 4926 4373 5493
4 1476 4740 1474 4783
4 1938 4339 1515 5672
4 2055 4122 1196 4890
4 2446 2448 2447 4407
4 3855 4859 1296 5574
4 4409 4494 3789 4877
4 4030 4441 3818 5427
4 524 3307 3308 4826
4 3787 4443 4873 5011
4 1312 1308 3856 5365
4 859 4542 756 5606
4 2383 2384 4356 5382
4 4608 1405 4778 5630
4 1149 4289 1102 5719
4 4234 4988 3944 5333
4 2448 4618 2844 4867
4 4657 5272 4111 5441
4 725 180 4104 4805
4 159 4790 694 5201
4 4324 4860 2210 5513
4 2095 4410 2951 4653
4 2586 2587 3954 5641
4 2256 2252 4489 4863
4 1444 1445 1443 4725
4 1074 5373 4445 5546
4 2353 4355 3976 5443
4 4039 4627 4296 5428
4 3548 3547 648 4262
4 1565 1881 1685 4895
4 1262 1263 1264 4536
4 4210 3794 5423 5531
4 2044 874 2043 4473
4 2658 3920 4231 5019
4 2959 1081 4208 4830
4 1251 1250 4792 5077
4 3809 5223 4503 5400
4 4557 4645 3983 4788
4 2393 4254 3930 5028
4 1846 1799 1847 3883
4 2123 4457 4048 5720
4 3987 3958 5172 5466
4 4134 4738 4601 4998
4 1447 1515 1938 4339
4 3491 622 111 5350
4 4046 4481 4324 5316
4 4218 4669 4460 5597
4 4223 5107 4684 5648
4 1686 4430 1410 4912
4 2348 2686 4312 5152
4 2060 1088 1123 4814
4 4305 4749 2712 4797
4 1814 4342 1168 4612
4 1527 4346 1908 4794
4 5168 5427 4441 5738
4 3126 3142 4069 4791
4 3123 3029 4535 5150
4 3947 4561 4236 4835
4 2279 5129 2704 5495
4 3950 4510 4220 5400
4 3038 3126 4307 4791
4 3800 5402 4636 5479
4 1423 1801 1832 5358
4 1618 3868 1747 5477
4 4725 4827 4028 5336
4 1021 1067 4561 5666
4 3813 4481 4019 5563
4 3773 5517 5340 5722
4 1730 4741 1728 5233
4 4014 4358 2508 4518
4 2741 4466 4013 5588
4 1261 3853 1824 5219
4 1441 1408 1936 3846
4 4399 5172 4054 5330
4 500 29 3258 4690
4 815 4189 979 4911
4 1862 4672 1349 5531
4 3870 4857 4253 5575
4 1534 1717 1498 4925
4 3925 5454 4196 5515
4 1151 4814 4082 5357
4 3884 4523 4383 5053
4 4026 5038 4293 5063
4 4223 4684 1904 4718
4 3098 2969 3146 4573
4 1844 1404 1406 5335
4 713 3672 172 4096
4 4213 4297 3916 4301
4 3841 4646 4432 5406
4 3825 4228 4206 4773
4 3767 3987 4243 5398
4 3790 4534 4083 5418
4 971 5193 3992 5239
4 4561 4634 3844 5516
4 2533 4320 2846 4879
4 2231 5060 4417 5502
4 4045 4804 3972 5471
4 4407 3914 5266 5653
4 4397 4457 3937 5089
4 96 3454 600 5339
4 1605 4795 4282 5020
4 1210 1820 2023 4888
4 103 4759 3909 5188
4 4621 4933 4261 5307
4 2477 4162 2610 5013
4 1785 4474 1930 5083
4 3908 4428 5426 5452
4 2077 881 4480 5118
4 4340 4858 4242 4936
4 3864 4203 4062 4512
4 2938 2937 4083 5418
4 1261 1342 4536 5219
4 100 611 3472 4337
4 4149 5210 4538 5558
4 150 2615 2616 4153
4 2286 2284 5149 5265
4 4661 4697 3915 4902
4 4164 4582 3019 4786
4 1463 4868 1461 5619
4 95 4093 599 4465
4 2766 4469 2767 5418
4 3398 575 3400 4695
4 479 3212 12 5383
4 3832 5096 4799 5697
4 3272 505 3269 2352
4 1921 1535 1912 5054
4 4304 4983 4466 5156
4 73 4164 3018 4338
4 993 1071 1037 4389
4 3766 4204 4418 4825
4 4390 4752 4135 5151
4 2177 2178 4038 5586
4 4095 4203 3765 5269
4 3196 3198 3195 4753
4 2926 4241 5284 5688
4 187 4281 4124 5026
4 3944 3773 4988 5722
4 5039 5286 4326 5318
4 1895 5254 3850 5565
4 3778 5499 4132 5598
4 4190 4838 3890 5132
4 4086 4705 4227 5251
4 2881 2523 4242 5088
4 2060 1123 1194 4814
4 2668 4558 5286 5651
4 763 895 917 3893
4 3779 3969 4278 5305
4 658 3562 134 4730
4 122 4379 638 5632
4 4239 5076 4314 5663
4 3064 3183 4161 5242
4 150 4153 2616 4950
4 118 3979 2591 4760
4 4352 4450 1480 5364
4 2366 2367 4057 4604
4 4404 4408 3991 5714
4 3995 3814 4396 4594
4 5239 5469 4121 5501
4 4199 4528 3900 5639
4 4399 4831 1816 5375
4 3878 4874 4190 5003
4 2501 2788 4787 5433
4 3834 5361 4264 5422
4 3850 4892 4214 5565
4 1831 4451 1727 4694
4 713 2421 173 5366
4 4098 4870 4596 5074
4 896 1179 1968 4506
4 159 4467 4549 5498
4 2450 494 26 4956
4 1259 3853 5100 5158
4 3006 4411 3014 4897
4 1488 1489 3861 5415
4 1360 4361 1689 4945
4 4045 4429 3833 5471
4 2566 2195 2567 4775
4 3862 5352 1460 5584
4 1779 4423 1781 4644
4 1781 1779 1294 4423
4 3805 5119 4346 5686
4 1379 1378 1377 4452
4 1379 1381 1380 4452
4 3865 4268 4202 5283
4 2393 3930 2391 5028
4 2609 2326 4209 5510
4 3880 4097 4625 5265
4 4321 4736 3927 5355
4 3777 4187 4531 4985
4 1792 1239 4386 5314
4 2705 4229 4797 5483
4 3445 3448 3446 4727
4 2946 2579 4257 5421
4 4439 4628 3801 5578
4 2658 528 48 5019
4 919 4432 771 4646
4 2057 1187 4345 4634
4 1472 1721 4729 5614
4 3799 4340 4242 4936
4 3188 4448 5233 5473
4 4398 4502 3923 5078
4 3899 4451 4249 4694
4 1833 4547 4306 5007
4 1230 3855 1232 4992
4 164 3663 701 5560
4 4200 4720 3872 5012
4 1244 1914 4510 5080
4 2295 2296 2297 5453
4 4352 4743 4995 5405
4 1301 3856 1308 4970
4 4055 5146 4489 5210
4 798 797 773 4285
4 4311 4503 4053 5168
4 3790 3954 4534 5418
4 4123 4891 4214 4892
4 3885 4645 1495 5524
4 3797 4170 3918 4691
4 3387 72 462 570
4 1897 3850 1895 5124
4 95 3977 4453 4747
4 3354 4000 3353 4623
4 3908 5426 5316 5452
4 567 73 3384 4338
4 2879 2639 2637 4749
4 4418 4692 3766 5034
4 4255 4582 1613 5120
4 180 4703 4581 4750
4 3833 4804 4045 5471
4 4156 4559 4388 4704
4 4239 4521 3802 5076
4 1433 4975 4472 5252
4 3805 4794 4151 5686
4 3263 3976 33 4656
4 4626 4999 3838 5698
4 2336 542 58 4903
4 2448 4152 2451 4618
4 2506 2505 4573 4652
4 1756 1450 1755 3852
4 1643 4756 5378 5594
4 1027 4099 4774 5050
4 4038 4115 4551 4891
4 685 3619 152 5730
4 2638 3918 2864 4691
4 1599 1430 1431 5211
4 4043 5205 4449 5238
4 1155 1137 3154 4462
4 4051 4416 4973 5156
4 2881 4242 2100 5088
4 3916 4308 4213 5146
4 1703 4368 2012 5281
4 4565 4865 1627 5279
4 4353 4104 4882 5290
4 1713 1933 1712 4272
4 4433 5142 3823 5244
4 3952 4538 4940 5210
4 3879 4150 4476 4622
4 4115 4377 3791 4853
4 3861 5415 1489 5658
4 2326 2585 2609 4209
4 3836 4420 5120 5672
4 3885 4475 3983 4645
4 4591 4719 3951 5349
4 1603 2055 4122 4866
4 4250 3830 4472 4993
4 4001 4233 4942 5054
4 3779 4665 4172 5305
4 2353 3976 2268 4820
4 1505 1555 4190 5132
4 2125 2124 4457 4978
4 2008 899 4368 5281
4 4618 5360 4080 5682
4 3907 4665 4005 4924
4 3899 4147 4587 5637
4 805 3877 2853 4963
4 1315 1838 1897 4853
4 3820 5176 4391 5206
4 4341 4659 3918 5573
4 1660 4554 1657 4877
4 3953 4514 5174 5592
4 3814 4317 4018 5731
4 1884 3849 1524 5085
4 1681 4491 4681 4895
4 1593 4218 2050 4761
4 947 868 958 4469
4 760 971 882 5193
4 927 756 983 5606
4 1821 4645 4601 5524
4 3808 4468 4158 5557
4 3843 4138 5235 5667
4 1599 1700 4188 5516
4 4325 4470 4054 5330
4 4378 3925 4955 5590
4 3899 4587 4147 5141
4 1712 4731 4272 5314
4 2177 4444 2669 4811
4 2296 4363 2297 5453
4 2508 4295 4014 4518
4 2505 2474 3928 4652
4 1972 4799 1011 5329
4 1935 4827 4554 5257
4 3082 3083 3084 4365
4 1337 4361 1360 4762
4 4086 5251 68 5555
4 3806 5089 4133 5183
4 155 4328 4049 4742
4 1380 4507 1382 5192
4 1343 5314 4272 5436
4 2766 2935 2767 4469
4 4050 4154 4097 5519
4 696 4140 161 5140
4 4176 4430 3767 4651
4 4001 4821 4948 5289
4 1290 4843 3895 5468
4 1306 1909 4501 5077
4 3961 4437 4049 5107
4 2055 1603 4122 4890
4 4609 5054 4001 5348
4 3971 4729 4094 5585
4 4035 5083 4418 5137
4 3788 4107 4847 5537
4 4394 4487 3933 5494
4 3923 4677 4398 5278
4 1651 4133 4568 5183
4 736 185 4267 4369
4 4908 5112 1847 5331
4 1077 4669 1105 4713
4 580 4099 84 5155
4 4396 4538 3769 5074
4 3827 5107 4437 5290
4 69 4040 2726 4855
4 3018 4338 4164 4786
4 598 95 3442 4732
4 3929 5408 5013 5695
4 1289 1267 4641 4704
4 1263 1795 1265 4641
4 885 869 936 4083
4 4203 4639 3864 4685
4 1329 4399 5288 5429
4 2811 2150 4429 4983
4 2627 4323 2628 4535
4 1387 1435 4483 5629
4 3908 5316 4428 5452
4 3790 5092 4083 5634
4 4608 4705 1405 5630
4 4597 4837 3841 5599
4 3796 4309 3993 4712
4 1885 1871 1673 4758
4 1593 4516 4218 4761
4 4282 4545 3928 5274
4 3950 5168 4510 5400
4 150 2615 4153 4721
4 986 1005 2047 5564
4 2394 142 4254 5478
4 1222 1223 5180 5696
4 2353 3976 4355 4802
4 3797 4170 4691 5347
4 4297 4301 4213 5608
4 4310 4498 4052 5234
4 2180 2179 2178 4889
4 1219 4685 3864 5583
4 3096 3123 3029 4535
4 2667 4326 4811 5286
4 1764 4464 4400 5412
4 2072 3073 2999 4518
4 1556 4838 4290 4958
4 3934 4612 4488 5302
4 1358 4762 4287 5579
4 1517 1303 4373 4859
4 3125 5302 3144 5448
4 2012 1703 1815 4664
4 1752 4631 1753 4843
4 2177 4811 2669 5624
4 3789 4877 4494 4966
4 3301 3304 3302 4244
4 4596 4126 5046 5577
4 4264 3884 5053 5643
4 3853 4536 1261 5100
4 2994 4302 3022 4886
4 3886 4571 4062 5623
4 4332 4492 4044 5206
4 3065 3003 2112 5690
4 3977 4726 4409 4877
4 2216 4100 2776 5181
4 2181 4492 4889 5484
4 171 710 3678 4944
4 4490 4537 1013 5271
4 4052 4498 4310 5174
4 1188 1647 4230 4570
4 87 3947 585 5231
4 1928 5219 3887 5306
4 3777 4135 4187 4547
4 1495 4645 3885 5319
4 4022 4182 12 4560
4 3198 473 13 4753
4 2884 775 2076 4477
4 479 12 3209 5489
4 866 4816 4319 5136
4 1983 4814 1194 5594
4 982 2966 3136 3980
4 51 4183 4520 5294
4 2807 4186 4433 5588
4 3831 4134 4601 4857
4 4320 4978 4449 5205
4 3983 4645 4475 4788
4 3937 4457 4397 5720
4 756 4542 926 5606
4 4068 2399 5409 5659
4 2509 2485 2942 4289
4 3851 4941 4544 5402
4 4538 4943 3769 5074
4 4282 4412 3798 4795
4 4547 4985 1834 5303
4 4008 4970 1309 5365
4 4490 1013 4799 5271
4 3338 60 4307 4791
4 3962 4183 4168 5294
4 4366 4481 3941 5563
4 686 3631 155 5465
4 908 920 4238 5654
4 1670 1946 5035 5742
4 3813 4205 5316 5713
4 3058 5301 2891 5677
4 2390 4013 144 5037
4 4702 5085 4222 5096
4 1452 4917 3845 5153
4 1965 1740 4488 5448
4 2761 4215 2760 5367
4 3908 4428 4309 5426
4 2051 4130 1681 5678
4 3527 122 638 5632
4 2172 4140 3932 5525
4 4257 2579 5029 5421
4 2118 654 133 2121
4 1578 1602 4196 4866
4 3826 4071 4028 4567
4 1591 5133 4761 5397
4 1887 4594 4188 4844
4 1647 4439 4230 4570
4 3775 4220 5400 5726
4 4268 4399 3767 4834
4 3764 4718 4536 5520
4 2029 5492 4334 5729
4 4185 4493 3948 5642
4 1862 1349 1684 5531
4 1415 1356 4374 4809
4 179 4015 962 5351
4 2969 4251 3090 4573
4 3110 1625 4582 5097
4 1534 1692 4461 4708
4 2199 4470 2708 5457
4 1299 4724 4344 5032
4 5036 5415 3984 5658
4 2320 4097 4154 4471
4 4231 4826 2657 5709
4 2145 4503 2146 4899
4 4089 4881 4599 5059
4 3899 4535 4323 5141
4 1995 765 852 4998
4 4314 5185 4239 5663
4 1914 4800 4510 5080
4 670 142 3594 5478
4 4023 4640 3770 4687
4 2776 4100 4666 5181
4 2256 4489 2257 4863
4 169 4870 3995 5131
4 4430 1686 4919 5472
4 646 3543 127 4781
4 4035 4418 4977 5137
4 1821 1495 4645 5524
4 4075 4303 3867 5397
4 2251 2255 4317 4779
4 3925 4605 4445 5590
4 4049 4111 3827 5441
4 1306 1793 1909 5077
4 4199 4494 3959 5639
4 1397 4825 4454 5034
4 4150 3879 4476 5299
4 1863 4253 1499 5575
4 3880 5022 4294 5629
4 1823 4478 4861 5575
4 3715 2362 3998 4854
4 97 4090 604 5218
4 4435 4875 4085 4969
4 2078 4414 2630 4886
4 2625 2728 4040 5141
4 3963 5453 4363 5561
4 3164 4951 4544 5015
4 2926 4241 2749 5284
4 2280 3994 4154 5129
4 3832 3921 4552 5673
4 4450 4684 4223 5107
4 3779 4172 4474 4755
4 2589 2237 2260 4019
4 1285 4141 1284 5095
4 1117 1188 1644 5378
4 3906 4417 4279 5423
4 1847 1846 3883 5112
4 2761 2760 4215 5675
4 1192 5514 4579 5515
4 1822 4601 4134 5575
4 1661 4409 1706 4726
4 1525 4149 1889 5568
4 3715 2618 2362 4854
4 35 507 3262 4355
4 4167 4204 3824 5567
4 4430 4651 4176 5197
4 4065 4296 3862 4575
4 3188 3184 3133 5473
4 2403 2459 4593 5675
4 4220 4510 3950 5738
4 1151 1122 4814 5357
4 1372 3845 1370 5179
4 1863 4861 4253 5575
4 1415 1356 1413 4374
4 3795 5162 5214 5491
4 3903 4255 5116 5122
4 1585 1591 1552 4580
4 1039 1049 1007 5564
4 2609 4209 4909 5510
4 497 28 4260 4309
4 1672 4846 3848 5279
4 4269 4452 3852 5192
4 3979 5340 5517 5722
4 3989 3763 4631 4864
4 91 4558 4252 5195
4 4614 4874 3878 5326
4 1359 1361 1362 4982
4 1798 1387 1435 4483
4 1741 4454 1397 4825
4 3069 3090 3147 4573
4 1980 1982 3105 4342
4 3767 4627 4176 5398
4 2830 2684 2349 4422
4 3870 5391 4861 5627
4 1838 3850 4853 5565
4 75 4550 4192 4602
4 4359 5161 4641 5724
4 1019 4561 4345 4634
4 4241 4902 4171 5247
4 4058 5115 4383 5361
4 1980 3041 1168 4342
4 4001 4942 4371 5348
4 19 4283 4179 4576
4 3878 4329 4874 5003
4 4097 4154 4050 5173
4 2443 3914 2442 5653
4 2737 4305 2281 5721
4 2741 2809 4466 5588
4 3923 4339 4240 5078
4 2015 3871 5050 5313
4 1005 4491 2047 5564
4 3816 4074 4001 4609
4 548 3355 3356 4623
4 4264 4603 3834 5422
4 3890 4113 4517 5216
4 4507 5169 4446 5173
4 2068 4276 2714 4539
4 4501 5119 3936 5156
4 2366 2368 2367 4604
4 4287 4762 4179 5224
4 1394 1448 1392 4418
4 1140 4669 4218 5221
4 3613 147 681 4112
4 1363 3859 1854 5540
4 1459 1460 1457 5352
4 4342 5264 4276 5613
4 2172 3932 2694 5525
4 4466 4983 3936 5156
4 3830 4250 4472 5252
4 3839 3765 5269 5669
4 1334 1349 1709 4672
4 5069 5386 4570 5682
4 4339 5067 4255 5116
4 1965 4488 1740 4612
4 1867 4284 4919 5472
4 4188 5211 3814 5243
4 1190 2050 1976 4669
4 4329 4874 4614 5326
4 909 5351 976 5406
4 880 4785 4331 5240
4 3899 5372 4147 5637
4 2255 4317 4779 5681
4 4093 4465 3846 4827
4 3062 4069 3142 4659
4 3824 4157 4485 4842
4 4078 3066 5320 5690
4 4329 3878 4874 5326
4 3875 4410 4239 4801
4 1621 1562 4873 5424
4 3812 4373 4091 4807
4 3790 4316 4284 5092
4 3767 4399 4268 5172
4 3011 3013 76 4011
4 2719 2484 2377 4104
4 1870 4373 4926 5310
4 1822 5575 4134 5611
4 4218 5221 4669 5597
4 4707 4868 1463 5619
4 4284 4316 3790 5472
4 52 532 3327 4247
4 599 4093 95 5604
4 1155 3154 2064 4462
4 657 3559 3560 4730
4 2292 4422 2684 5342
4 3763 4674 4631 4864
4 1789 1790 1932 4704
4 1104 1146 1078 4713
4 4199 5295 4056 5639
4 578 3417 83 4989
4 712 169 5131 5366
4 3898 5042 4393 5098
4 1469 4264 1470 5496
4 2246 2250 2234 5510
4 4476 5271 4552 5673
4 3821 4568 5089 5696
4 4110 4492 3828 5521
4 3175 3090 2969 4251
4 1884 1520 3849 5544
4 1545 4207 1543 5578
4 1535 4609 1504 5348
4 3670 170 710 5253
4 4189 3799 4506 5371
4 677 4186 148 5625
4 2181 4889 4332 5484
4 2994 3022 3023 4886
4 636 4208 120 5632
4 75 4088 4364 4550
4 1622 4411 1214 4897
4 3867 4303 4075 5044
4 4113 3870 4478 5298
4 3870 4253 4861 5575
4 4235 4980 2848 5661
4 4003 4076 5179 5252
4 3289 4984 41 5519
4 3803 4516 4218 4904
4 1823 4478 1993 4861
4 2226 4481 2236 4860
4 4094 4511 3931 4603
4 845 4497 964 5118
4 1259 3853 1261 5100
4 4091 3855 4859 5104
4 4474 5083 4157 5306
4 2947 1036 2089 5068
4 4504 5123 3945 5142
4 3997 4647 3795 4868
4 4707 4868 4065 5214
4 3977 4409 3789 4877
4 1522 4702 5215 5697
4 3865 4834 1598 5375
4 4510 4635 4220 5323
4 3766 3926 4105 5615
4 4109 4676 3873 5596
4 1111 1147 1112 4569
4 2597 4300 21 4719
4 4334 5481 4383 5729
4 1289 4641 4359 4704
4 2494 4677 3996 5246
4 4076 4288 4975 5741
4 2890 766 2098 5654
4 2946 870 793 5421
4 4241 4902 3876 5284
4 2410 4769 2315 4937
4 2651 2657 4826 5709
4 1901 4740 4223 5504
4 3899 5141 4147 5372
4 2036 5096 1560 5697
4 3860 4845 1402 5047
4 4004 4988 4234 5333
4 3951 4079 4632 5084
4 1469 4603 4264 5496
4 3814 5211 4594 5243
4 3766 4105 4531 5615
4 1931 4917 1864 5153
4 1818 1419 1398 4228
4 2899 4358 3970 4518
4 3982 4631 3783 4812
4 4064 4507 5173 5600
4 41 3935 3285 5439
4 624 112 5143 5455
4 3872 5012 4161 5483
4 73 4164 567 4602
4 4012 4649 4248 5552
4 196 4268 5283 5667
4 4148 5168 4510 5738
4 4136 4501 4155 5485
4 1612 4473 1508 4766
4 4199 5295 3986 5407
4 3827 4437 4353 5290
4 2371 2373 4425 5390
4 2390 672 4013 4583
4 504 3263 4656 4802
4 4169 4253 3885 4925
4 856 4929 857 5421
4 1845 1743 1424 3847
4 718 4944 174 4996
4 638 122 3537 4456
4 2236 2226 2237 4481
4 4481 5224 4046 5237
4 1287 1298 1811 4724
4 2353 2268 3976 4802
4 3834 5361 4974 5481
4 2464 4127 4389 4552
4 971 4633 915 4771
4 4264 5053 4381 5643
4 184 3718 738 4666
4 3049 1178 1729 4448
4 989 1018 1019 4345
4 163 4119 3975 5163
4 1382 5192 4507 5693
4 978 937 4478 4777
4 4792 4804 3833 5471
4 4339 5116 4255 5120
4 993 2874 2089 4389
4 1379 4200 1425 5230
4 3884 4357 4497 5212
4 841 4934 5626 5688
4 4007 3815 4386 4635
4 1169 886 1998 4998
4 37 3266 509 5287
4 3803 4181 4516 5719
4 4078 4955 3066 5690
4 2651 4087 4017 5709
4 3081 4951 3164 5015
4 3960 4614 5289 5503
4 3783 4812 4631 4832
4 2321 4492 4110 5521
4 4077 4646 831 5393
4 1039 1189 1974 5329
4 2881 4242 2523 4858
4 4272 4731 4052 5314
4 1358 4287 5310 5579
4 3834 4974 4360 5481
4 1992 4764 4402 5420
4 2350 3994 40 4984
4 4029 4219 3919 5346
4 2496 4088 4364 4994
4 1844 1404 4608 5412
4 2320 2671 45 4471
4 1464 4868 1465 4884
4 2398 3574 661 4957
4 3781 5382 4630 5625
4 4127 4552 3921 5673
4 1652 1941 1536 4371
4 4055 4489 4317 5210
4 1921 3858 5054 5226
4 3819 4450 4352 5364
4 2404 3979 4584 5058
4 4581 4615 3915 4661
4 2200 4106 3905 5474
4 639 121 4796 5647
4 4210 3794 4496 5235
4 4398 5246 4479 5529
4 3795 4065 4868 5214
4 1241 1242 1240 4635
4 4323 4535 3899 5150
4 3361 4212 65 5555
4 4207 3801 4628 5578
4 4079 3830 4746 4993
4 4072 4885 4739 5661
4 1870 1310 4926 5493
4 1143 4796 4016 5357
4 3122 5111 3129 5505
4 1616 4669 2056 4713
4 3239 3240 3238 4956
4 1995 4998 852 5611
4 4098 3995 4870 5074
4 1464 1463 1465 4868
4 4222 4622 5085 5203
4 3910 4653 4532 5029
4 2719 725 181 4703
4 629 2140 117 4880
4 3784 4400 4206 5039
4 3338 4069 544 4791
4 4280 4508 4086 5555
4 3188 5233 3184 5473
4 4287 4670 4139 5447
4 4415 5142 3823 5461
4 1113 1081 1112 4180
4 1363 4982 3859 5270
4 1591 4580 1585 4761
4 3929 4428 5408 5695
4 1435 4294 5440 5629
4 2932 2781 2089 4226
4 2306 2744 589 3430
4 845 933 2928 4497
4 3543 3546 3545 5553
4 3182 3183 3132 4161
4 3085 4579 1192 5514
4 2256 4489 2252 5681
4 3838 4384 4040 4626
4 4223 4718 1904 5504
4 3798 4282 4795 5020
4 4325 4927 4054 5144
4 3958 4927 4325 5144
4 4065 4575 3862 5352
4 1561 5085 4702 5096
4 1959 3072 1201 4451
4 711 169 4098 4818
4 4060 4250 4530 4993
4 3889 4816 4707 5492
4 4405 4887 4210 5170
4 3050 3051 2979 4402
4 1603 4866 4122 4890
4 680 3617 3618 4950
4 3800 4358 4014 4518
4 1715 2012 5036 5281
4 1666 4139 1923 5018
4 3790 4606 4430 4912
4 3934 4276 4749 5249
4 3752 198 754 4648
4 611 3909 4337 5066
4 892 5216 4113 5298
4 788 2043 874 4473
4 3841 4153 4597 5599
4 3497 3498 620 4930
4 4360 5214 5162 5491
4 1146 1157 4122 5616
4 1728 5233 4741 5379
4 2371 4425 2486 5212
4 4052 4386 4949 5234
4 2540 4936 2531 4938
4 4044 5176 4332 5206
4 4079 4591 3830 4993
4 1216 4839 1624 5583
4 4450 4740 4129 5107
4 2277 5139 4566 5495
4 1149 1100 5082 5386
4 788 916 878 4922
4 2369 4357 4119 5390
4 3894 5534 2041 5680
4 3287 516 40 4776
4 4568 5180 1223 5696
4 2122 2123 2124 5334
4 4498 5174 4052 5267
4 2336 58 542 5368
4 2464 4389 2872 4552
4 4130 3875 4410 5663
4 4542 4929 5469 5638
4 1522 4702 1520 5215
4 3430 2744 589 5236
4 3807 4422 4131 5273
4 3053 4402 3102 4764
4 2038 5534 4316 5680
4 1229 4967 3901 5539
4 908 4238 2895 5654
4 1893 4202 1354 5662
4 1316 5500 4391 5628
4 4094 3834 4603 5422
4 1600 4767 4634 5516
4 3841 4597 3984 4837
4 4761 5133 4075 5397
4 1074 2965 4462 5546
4 2216 4100 5181 5416
4 3063 4341 3144 5569
4 2140 4175 629 4543
4 3991 4408 3776 4865
4 1848 1473 4381 4783
4 578 4297 83 4301
4 3150 3020 73 4525
4 29 2224 2849 4309
4 3339 3337 3338 5103
4 2607 2383 2682 3919
4 2616 4015 2920 4219
4 1074 4462 5373 5546
4 1435 1798 4483 5440
4 1901 1836 1904 4223
4 4760 5517 3773 5722
4 4241 4497 3884 4934
4 84 4099 580 4598
4 3844 5148 4308 5516
4 2108 4083 885 4331
4 3910 4121 4929 5638
4 3772 4393 5042 5098
4 1039 4150 1049 5564
4 4720 5025 3904 5665
4 1064 1055 1004 5678
4 3150 3385 73 564
4 3780 4459 4371 4967
4 1106 1105 1077 4669
4 2855 3001 2091 4114
4 47 3982 4244 4674
4 843 964 845 4497
4 4171 4902 4241 4934
4 156 4367 4191 4559
4 1628 3848 1649 5182
4 833 729 179 5220
4 1393 4418 1392 5227
4 4879 5550 3911 5653
4 3780 4967 4599 5622
4 1247 4261 1249 5023
4 4017 4520 4231 4674
4 2704 5129 4229 5495
4 1158 1150 1117 5378
4 2802 4433 5381 5635
4 1266 1267 1268 5276
4 4445 4955 3925 5590
4 4289 4739 1156 4904
4 1550 4404 1548 5094
4 1557 1556 4290 4958
4 3312 4017 51 4520
4 2599 2949 4678 5256
4 4374 1415 4809 5640
4 2325 4797 4229 5129
4 3893 5001 4754 5593
4 169 4440 4098 4818
4 4592 4975 4288 5741
4 682 4153 151 4721
4 1649 3848 1672 5133
4 1932 1269 1789 4704
4 2804 4049 5456 5716
4 59 4343 542 5567
4 891 940 818 4517
4 3895 3833 4792 4804
4 3934 4749 4163 5249
4 2753 162 698 4604
4 4058 4974 5361 5481
4 1672 3848 1628 5279
4 4544 4636 3158 5165
4 3090 4251 3175 5274
4 3841 4577 4432 4646
4 2881 2100 2523 5088
4 4443 4607 3840 4751
4 4094 4729 3792 5585
4 1990 904 783 4478
4 1416 1627 4565 4865
4 4070 5411 5157 5529
4 3765 4203 4395 4685
4 556 65 4280 4508
4 4382 4777 873 5654
4 844 843 5115 5425
4 3905 4260 2204 4690
4 798 797 4285 4810
4 1891 4833 4647 4892
4 3279 3278 3280 5041
4 1546 4207 1545 5578
4 3809 5023 4155 5471
4 3771 4368 4696 5099
4 2280 2279 3994 5129
4 2873 4289 2942 4739
4 2287 4394 2288 5494
4 3499 3496 3497 5547
4 3817 4359 4519 5528
4 43 525 3301 4244
4 4121 3910 5185 5638
4 1596 4420 1988 5097
4 1415 4374 1413 5640
4 4410 5228 4130 5663
4 4189 4838 3890 5003
4 1828 1830 1170 4249
4 95 4453 4093 4465
4 2121 654 3554 4923
4 4381 4661 3835 5247
4 1152 1136 1091 4445
4 3178 3162 3019 4582
4 4635 5226 4007 5323
4 4564 4720 4277 5012
4 583 3419 82 2820
4 1984 1200 1623 4517
4 3768 5251 4587 5497
4 2866 2540 3942 5285
4 1216 3864 4839 5583
4 3806 4142 5089 5183
4 80 4937 576 5090
4 1699 4345 4490 4844
4 4017 3763 4520 4674
4 3789 4494 4409 5396
4 4377 4853 1274 5177
4 4195 4567 3826 5070
4 3775 4234 4004 4988
4 662 3583 139 4116
4 1298 5046 3900 5577
4 4101 5134 3830 5512
4 4759 4870 4098 5737
4 3791 4377 4115 5506
4 2407 4329 2406 5326
4 2802 5381 2207 5635
4 3884 4497 4241 5212
4 4094 3792 4729 4757
4 3959 5206 4494 5396
4 2181 2321 4492 5484
4 738 3721 189 4666
4 730 183 777 961
4 4086 4280 3896 4508
4 4113 5216 892 5576
4 1673 4758 4330 5671
4 4171 4661 4381 5247
4 1724 4232 1726 5630
4 2481 2479 2788 4403
4 4398 3811 5246 5529
4 135 4851 4730 5000
4 3997 4833 4647 5584
4 813 4872 4242 5285
4 1635 1544 1538 4513
4 3806 4142 5183 5642
4 4004 3944 4988 5333
4 2184 4463 2185 5484
4 2019 771 4432 4646
4 898 2918 848 4153
4 3866 5300 1636 5594
4 2885 5242 4161 5483
4 2701 64 4212 5086
4 1401 3860 1400 5685
4 4510 4635 4148 5738
4 4220 4635 4510 5738
4 3898 5270 5055 5540
4 3049 4448 1729 5233
4 2381 2382 2383 4029
4 4189 4872 4242 4911
4 942 795 2961 4963
4 3175 4251 3089 5274
4 4152 4407 2446 5417
4 3623 5437 3625 5451
4 2251 2255 2252 4317
4 2983 1201 4451 5233
4 2924 2989 2086 5151
4 4273 4051 5244 5686
4 1598 4912 3865 5680
4 2854 4302 2994 4886
4 3813 5316 4361 5713
4 1848 4661 1475 4783
4 3788 4847 3978 5537
4 2320 4154 2671 4471
4 3802 4061 4698 5533
4 1602 1892 1578 4196
4 3464 99 602 5395
4 778 912 887 4334
4 2494 3996 2553 5246
4 1697 1879 4589 4941
4 2204 2200 3905 4690
4 1777 1843 1778 4621
4 4249 1831 4694 5707
4 2032 1881 1565 4622
4 4206 4400 3825 5039
4 2404 4117 2406 5058
4 2072 2999 2900 4518
4 565 74 3383 2888
4 1608 4636 5402 5479
4 3851 4335 4941 5402
4 2287 4394 4487 5265
4 5590 5690 4955 5691
4 3800 5015 4518 5165
4 1922 1454 1923 4670
4 1769 4144 4748 5106
4 609 4528 99 5395
4 1392 1393 1394 4418
4 847 935 975 5281
4 3890 4189 4517 4838
4 2514 5186 3966 5258
4 2318 4108 4036 4735
4 4210 5330 4887 5423
4 1113 4208 1081 4830
4 2732 2701 64 4212
4 2939 4445 2917 5590
4 64 4916 552 5086
4 725 4658 4104 4703
4 3948 5205 4493 5238
4 1534 1691 1692 4708
4 1517 1297 4859 5574
4 1112 4569 1147 5069
4 4012 4248 5250 5597
4 867 4333 980 5136
4 3495 3494 3492 4798
4 4358 4585 2327 5589
4 3918 5573 4659 5706
4 4267 4369 185 4768
4 2781 4801 4226 5002
4 3932 4246 2694 5525
4 2533 4320 4879 5550
4 4449 4978 3948 5205
4 3728 741 187 5523
4 3835 4425 4353 5113
4 175 4620 4222 4996
4 1505 4190 1507 5348
4 1334 1349 4672 5531
4 2063 1211 2016 4542
4 4473 4771 3992 5239
4 4554 4723 3762 4827
4 2719 4104 4658 4703
4 3925 4378 4605 5590
4 4188 4594 5211 5243
4 3799 4936 4354 5311
4 1299 5032 4344 5170
4 4058 4360 4974 5481
4 3376 563 3375 4673
4 4142 5205 4493 5642
4 1441 1408 3846 5335
4 4460 5250 4248 5597
4 4141 5206 4494 5639
4 2717 2803 4327 4901
4 4334 5492 5481 5729
4 4447 5137 4312 5152
4 3286 518 43 4387
4 1441 3846 1936 5257
4 2509 2485 4289 4618
4 185 736 3720 5526
4 3836 4255 4582 4786
4 3788 4969 4435 5537
4 1412 4617 4118 5692
4 3617 3616 3615 5599
4 3773 4529 4068 5517
4 4328 4924 2697 5716
4 528 4231 48 5048
4 3829 4344 5032 5144
4 4078 5320 4652 5691
4 4304 4973 3833 5156
4 4302 4886 2854 5209
4 1239 1237 4386 5059
4 4284 5052 3837 5359
4 4001 4074 3816 4948
4 4289 5360 3803 5719
4 2241 4327 2803 5716
4 2339 197 749 5191
4 5023 5223 4350 5587
4 4314 3802 4766 5692
4 1950 4619 1949 4907
4 4452 4200 5204 5665
4 3804 4050 4269 5519
4 2942 2873 2066 4289
4 3306 3307 3305 5602
4 4417 5235 3794 5423
4 4266 3794 5291 5399
4 4418 4485 1392 5227
4 1049 4150 1007 5564
4 1792 1343 1239 5314
4 1669 4731 4375 5098
4 4359 3779 5161 5724
4 3777 4212 4390 5684
4 3809 4350 5023 5223
4 4060 4530 5111 5715
4 3786 4946 4514 5065
4 4457 5089 4397 5392
4 1494 4645 1495 5319
4 4124 4281 4065 5255
4 2684 2292 2290 4422
4 3977 4824 4093 4877
4 1066 4852 4226 5068
4 31 4103 503 4500
4 4152 4407 3842 4920
4 3873 4676 4109 5243
4 1800 1925 4519 4692
4 3113 1965 4612 5448
4 1540 4931 4438 5304
4 732 185 4666 5548
4 4341 4659 3124 4908
4 4089 4007 4881 5059
4 3953 5592 4468 5736
4 3988 4701 4611 5598
4 3796 5452 4330 5705
4 3810 4374 4192 4524
4 816 4242 813 4911
4 2499 2957 4236 5135
4 3999 4331 880 4785
4 2397 667 3584 2395
4 3910 4929 4959 5638
4 1849 1848 1586 5053
4 125 3530 641 4972
4 4359 3779 4641 5161
4 4199 3900 4724 5639
4 907 4319 866 4816
4 845 933 4497 5118
4 3811 4588 4240 5278
4 3799 4189 4506 4872
4 4312 4977 3824 5137
4 11 4424 4159 4541
4 3878 4190 4874 4958
4 4011 4607 4443 4751
4 1462 5352 4868 5584
4 2325 4305 4797 5129
4 3843 4417 4138 5060
4 2365 2367 2604 4360
4 3803 4072 4904 5073
4 2155 4017 2651 4087
4 3806 4459 4822 5183
4 2607 3919 2682 4219
4 3020 5097 4525 5477
4 2426 2791 4850 4854
4 720 4219 176 5051
4 2668 4558 2665 5286
4 626 4117 115 5740
4 3796 3993 4309 5426
4 4482 4878 4033 5121
4 4317 4489 4055 5650
4 2012 4664 1815 5658
4 2782 3988 3909 4883
4 1763 1418 4400 4845
4 1989 1734 1735 4250
4 2146 2145 2144 4503
4 4021 4100 3820 5181
4 969 4134 826 5611
4 4012 4403 4177 5552
4 3428 3427 988 584
4 1424 1845 3847 5227
4 2603 4059 4522 5159
4 2326 4521 4209 5510
4 1364 1722 1454 4670
4 4223 4740 4450 5107
4 2236 4860 4481 5607
4 2934 2106 769 5014
4 1546 1545 1543 5578
4 3771 4645 4557 4788
4 4085 4969 4875 5377
4 760 882 2943 5193
4 113 624 4298 5455
4 3018 4164 3019 4786
4 4393 5055 3898 5098
4 3867 4248 4460 5652
4 4402 4530 4250 4993
4 3944 4988 4234 5722
4 4210 4887 4405 5423
4 3841 4486 4219 4743
4 76 3400 4011 4525
4 1763 1418 1764 4400
4 12 4182 4022 4928
4 1599 4188 5211 5516
4 947 958 761 4469
4 1121 4082 1151 4814
4 178 3704 722 876
4 4294 5169 3880 5629
4 3588 3587 663 4686
4 872 766 2890 4382
4 4266 4672 4622 5203
4 1220 1218 1219 4685
4 940 892 5216 5576
4 1573 4546 1574 5020
4 527 4643 47 5602
4 2418 2773 82 4301
4 4160 4608 3784 5412
4 4497 4357 5361 5384
4 3885 4253 4169 4737
4 3014 4897 4411 5075
4 1487 1489 5415 5658
4 1615 4460 4669 5250
4 3050 3102 3053 4402
4 99 5295 4199 5407
4 4376 4641 4536 5276
4 4161 4564 4277 5012
4 3780 4371 4459 4675
4 4383 4603 4264 5729
4 757 929 804 5450
4 1895 3850 1838 5565
4 671 143 3591 4254
4 4156 4878 3955 5121
4 507 3976 3263 4802
4 4589 4941 4023 5540
4 2580 5013 4712 5695
4 2107 4616 3120 5102
4 3819 4437 5107 5290
4 830 4888 832 5220
4 1933 4272 1343 5314
4 3139 4114 3980 5075
4 4202 4268 3865 5375
4 3842 4404 3991 4586
4 4906 5528 4359 5701
4 1935 1656 4554 4827
4 2246 4138 2793 5191
4 3824 4157 4842 5137
4 657 135 3566 4120
4 3965 4252 4037 4558
4 1167 1849 2026 5620
4 1466 1467 4603 4884
4 179 723 4015 5351
4 2587 5418 3954 5641
4 3819 5123 4352 5467
4 4037 4558 4252 5605
4 3838 4212 4508 5684
4 4022 4560 12 5489
4 3623 4047 153 5437
4 1056 1054 4852 5068
4 4043 4408 5035 5742
4 2717 4327 2806 5154
4 3963 4977 5528 5699
4 1598 1890 3865 5375
4 2551 4397 5392 5720
4 4016 4814 1122 5357
4 960 856 951 4257
4 3901 4967 4125 5539
4 2405 2406 2407 4329
4 3810 4524 4192 4550
4 4049 4437 3827 5107
4 3004 3006 3014 4897
4 4303 3867 5397 5652
4 1244 4510 5062 5587
4 4272 4731 4216 5267
4 1898 1794 1315 4638
4 1278 4419 1279 5628
4 2237 4019 2589 5607
4 3188 4448 3049 5233
4 802 801 798 4351
4 1909 1773 1905 4501
4 1933 1781 1842 4644
4 2066 4289 1075 5082
4 1854 4556 3859 4982
4 4132 4759 3988 4883
4 4266 5291 3794 5617
4 3987 4540 2310 5466
4 1908 4794 4346 5248
4 1919 3858 1313 5323
4 3115 4384 3028 4626
4 1833 1186 4306 4547
4 970 980 867 4333
4 4435 4969 4085 5537
4 4205 4758 5705 5713
4 472 3209 12 4560
4 188 736 3733 4267
4 2330 2251 2631 4779
4 4442 5142 4327 5154
4 59 542 5368 5567
4 3827 4111 4049 4467
4 2706 4899 2147 5403
4 3811 4398 5078 5529
4 1756 3852 1755 5468
4 1444 2002 1445 4195
4 4905 5325 4318 5360
4 4514 4946 4010 5065
4 2239 4317 2252 4863
4 2475 4265 2477 5013
4 822 5001 4059 5128
4 2733 2924 2086 5151
4 147 3607 681 5010
4 4094 5057 4119 5585
4 2660 4020 2834 5019
4 1701 4601 1821 4645
4 1937 1661 1706 4726
4 1386 4446 5169 5629
4 3806 5183 4822 5642
4 1925 1419 1929 4519
4 2235 4095 3981 5508
4 1998 765 1995 4998
4 3951 5282 4591 5349
4 1764 4400 1418 5412
4 1756 5208 3852 5468
4 3934 5249 4342 5264
4 4175 4441 3815 5738
4 2108 2938 2937 4083
4 1998 886 765 4998
4 1501 4221 4861 5391
4 567 4164 73 5700
4 4316 5472 2038 5680
4 3934 4682 4342 5249
4 4207 4920 3801 5578
4 164 4362 4038 4891
4 2246 2793 2254 5191
4 1093 1087 1092 4605
4 3883 1847 5112 5331
4 3875 4491 4852 5056
4 729 3707 179 5220
4 3991 4318 4846 5414
4 2478 2477 2475 4265
4 1429 1854 3859 5540
4 1325 4205 1327 5705
4 1646 4628 1642 5378
4 4053 4350 5223 5587
4 1488 1487 1489 5415
4 1302 5225 4970 5577
4 3904 4495 4229 5495
4 3119 3131 2993 4414
4 4519 4692 4228 5699
4 199 753 3999 4785
4 1600 5148 4767 5516
4 4128 4817 3932 4961
4 4160 4894 4608 5412
4 1482 1817 1480 4352
4 4239 4410 3875 5663
4 3896 4280 4086 5229
4 1091 1092 1087 4445
4 3870 4382 4215 5675
4 3910 4929 4542 4959
4 3904 4101 4495 5495
4 1711 1583 1710 4849
4 45 2672 2320 4471
4 2721 4026 4116 5038
4 2220 2219 2228 4765
4 2930 2077 881 4480
4 3993 5260 4309 5426
4 1445 2002 1514 5067
4 1888 4713 4649 5250
4 128 3548 2119 649
4 1524 1520 1522 4702
4 4142 3806 5089 5642
4 1755 3852 1450 5192
4 4332 4044 4828 5176
4 4328 5456 4049 5716
4 913 4477 2884 5088
4 3766 4531 3926 5615
4 1438 1508 1439 5662
4 167 5160 3949 5560
4 3641 156 695 5649
4 2802 2207 4433 5635
4 1630 4408 4493 5742
4 4052 4731 4272 5267
4 1401 5229 3860 5685
4 960 4257 951 5193
4 4682 4720 4200 5230
4 4083 3790 5418 5428
4 912 4816 5136 5425
4 3183 3132 4161 5242
4 1198 904 1990 4478
4 86 586 4989 5231
4 4224 4659 4341 5573
4 2325 4229 2704 5129
4 2811 2150 2148 4429
4 1391 5227 4485 5404
4 4460 5397 3867 5652
4 1142 1162 1108 5221
4 4353 4425 3835 4882
4 4064 5347 4294 5600
4 920 766 4777 5654
4 4319 1869 5052 5619
4 2899 4518 3970 5102
4 1731 1338 4396 5074
4 3059 4908 1960 5448
4 1145 4570 5069 5386
4 3942 4936 2540 4938
4 2256 2257 4489 5356
4 2243 2141 4441 5130
4 4010 4992 1233 5574
4 1503 4221 1501 5391
4 138 2397 3584 5409
4 629 4175 116 4543
4 2189 2687 2695 4047
4 1670 1946 1545 5035
4 3882 4867 4152 4920
4 3949 4850 2791 4854
4 3811 5078 4398 5278
4 1012 4799 1013 5271
4 4311 5105 4503 5168
4 1517 1297 1303 4859
4 5060 5330 4417 5502
4 1889 4149 1525 5117
4 1137 3134 3154 4462
4 1257 1255 1757 4734
4 4746 5301 4856 5677
4 1773 1905 4501 4932
4 125 641 4722 4972
4 3768 3912 5251 5497
4 912 4334 4816 5425
4 1886 1525 1889 5568
4 3847 1845 5112 5404
4 2794 2426 2791 4850
4 967 4785 880 5240
4 1724 4694 4232 5630
4 540 5103 56 5573
4 1977 4542 2053 4959
4 4422 5152 2684 5342
4 3793 4435 4085 4650
4 866 5136 4319 5315
4 823 4738 824 4998
4 1613 1954 1199 4255
4 2351 2677 4688 4806
4 4242 3890 4858 5003
4 3889 4707 4319 5255
4 3899 4535 4384 5049
4 3944 3773 4760 5517
4 2259 2237 2258 5482
4 4694 5372 3899 5637
4 1649 4907 3848 5133
4 3900 4724 4344 5046
4 701 4850 165 5586
4 1145 1099 4570 5386
4 3900 3778 4528 4759
4 2598 4552 2936 5582
4 3965 4464 5039 5262
4 1711 4619 4303 4849
4 4127 4552 2936 4578
4 1857 5025 1859 5252
4 3051 4530 4402 5715
4 1646 4439 1547 5578
4 3588 139 669 4271
4 3056 4856 4079 5301
4 2310 3987 2311 4540
4 4202 5283 4268 5667
4 153 4376 3907 4862
4 3870 4134 4478 4777
4 2706 4311 2145 4899
4 2772 2331 4297 5681
4 1818 4228 1398 5685
4 657 4730 135 4851
4 840 887 912 4334
4 2268 3976 4656 5217
4 3900 5225 1298 5577
4 1790 1789 1788 4704
4 1550 1549 4404 4846
4 3245 2572 3246 3247
4 1534 4925 1500 5127
4 3068 4412 3173 4579
4 2353 4820 3973 5443
4 796 773 797 4285
4 2848 4980 4813 5661
4 163 4119 698 4604
4 3864 4685 4639 5583
4 4019 3946 4585 5101
4 5136 5255 4319 5315
4 4330 4849 3796 5705
4 1621 4411 1622 5424
4 4156 3825 4991 5410
4 2402 2404 2403 5058
4 2404 2406 2405 5058
4 3892 3792 4467 4817
4 4521 5291 5076 5617
4 1441 3846 5257 5660
4 1825 1761 4370 4964
4 167 4123 5160 5560
4 1418 4400 4845 5412
4 1581 5250 4248 5652
4 1009 1008 1007 5299
4 2603 4522 4059 4754
4 3988 4870 4759 5737
4 55 539 4668 5305
4 3768 4778 4608 5335
4 3804 4625 4305 5173
4 140 4270 5601 5612
4 4410 4852 1054 5068
4 1726 4232 1437 5630
4 177 4219 4029 5346
4 3817 4359 5528 5701
4 665 2649 141 5045
4 59 4548 543 4903
4 4441 5105 2742 5263
4 1719 5197 3888 5734
4 2866 2540 2531 4938
4 675 147 3613 5556
4 1761 4370 4964 5306
4 1977 2016 2053 4542
4 15 4585 5101 5541
4 4478 4861 4113 5391
4 4314 4766 4121 5638
4 1717 3854 1748 5319
4 3888 4369 3997 4833
4 4868 5352 1461 5619
4 629 116 3520 4543
4 4044 4419 4409 5308
4 3826 4515 5024 5070
4 1116 4180 1112 5069
4 3018 3017 4338 4786
4 3772 4592 4393 5098
4 3153 3003 3135 4445
4 4173 4434 4336 4931
4 4229 3804 5129 5486
4 887 4334 840 5115
4 3111 2991 2105 5569
4 4210 5170 4887 5330
4 4088 3810 4364 4550
4 4160 4898 4608 5335
4 3956 5267 4216 5725
4 4878 5027 4156 5434
4 2592 4004 4760 4957
4 3840 4443 4751 5011
4 3981 4095 3765 5269
4 876 3705 3704 3702
4 4320 5334 4095 5550
4 4139 4514 4010 5592
4 4025 4347 3953 5065
4 4169 4529 139 4737
4 3948 4978 4457 5205
4 3977 3828 4409 4726
4 1419 4519 1925 4692
4 4496 5291 4118 5727
4 2939 2917 2878 5590
4 3612 3614 3613 4837
4 1306 1911 5077 5485
4 2146 5442 4503 5518
4 3769 4596 4870 5074
4 4001 4948 4874 5289
4 1661 1940 4877 5660
4 1693 1697 4589 4941
4 678 149 2388 3602
4 2866 3942 2079 5285
4 4332 4828 4044 5308
4 2079 3942 2866 4683
4 3407 81 5090 5608
4 2769 4333 2768 5297
4 2457 5311 4340 5326
4 4444 4889 2192 5521
4 2687 4447 4047 5603
4 1464 1526 1462 4868
4 3001 2855 3015 4114
4 1599 1887 1430 5211
4 3978 3818 4423 4644
4 4203 5180 4062 5696
4 1222 5091 1224 5696
4 4650 5537 4085 5545
4 4314 5076 4239 5185
4 2523 4858 4242 5088
4 761 2071 871 4469
4 3797 4487 4163 4691
4 4182 4928 4636 5164
4 75 4602 4192 4695
4 4659 4908 3883 5112
4 3690 4015 723 5051
4 1160 5082 5386 5689
4 2490 4281 4039 4733
4 2551 4397 2221 5392
4 1952 1745 3902 5303
4 4295 4518 3074 5165
4 1273 4377 1274 5177
4 4336 4434 3891 4931
4 3837 4296 4065 4575
4 2237 2236 4481 5607
4 2237 4481 2226 5482
4 2154 5385 4304 5530
4 2256 2257 2252 4863
4 4065 4533 4124 5214
4 3791 4853 4638 4961
4 3741 3739 745 4900
4 1471 1470 4264 4729
4 151 4837 681 5010
4 3827 4740 4197 5272
4 4065 5255 4575 5619
4 556 3375 68 4280
4 975 828 4368 5001
4 4496 5291 3794 5399
4 153 3907 4376 4590
4 4344 4724 3829 5032
4 3995 4396 3814 5731
4 1650 1652 4459 4967
4 3953 4514 4949 5174
4 4124 4281 2361 5026
4 514 39 3275 4829
4 1872 4308 4809 5148
4 3950 5105 4441 5168
4 4363 4977 3963 5699
4 1514 1515 4339 5120
4 49 4520 3989 4864
4 1743 3847 1845 5112
4 4086 4508 3838 5555
4 1465 4245 4707 5492
4 3109 3187 3166 4255
4 4272 4644 4148 5427
4 4202 5375 4831 5667
4 1283 4494 1285 5095
4 1226 4822 1225 5183
4 76 3011 4011 4751
4 965 823 824 4998
4 4181 3803 5360 5719
4 859 853 4542 4929
4 2570 4449 2530 5417
4 474 2109 2905 3198
4 1798 1436 1389 4483
4 1998 2001 1169 4998
4 4192 4364 3810 4550
4 3425 3426 988 3427
4 2816 2140 117 4543
4 1581 4248 1580 5652
4 1482 1484 4504 5405
4 4007 4386 3786 5059
4 1929 1790 1925 4519
4 1135 4379 4208 4796
4 1996 4589 1879 4951
4 19 489 3232 4283
4 2057 4634 4345 5516
4 1782 2020 1716 4577
4 2700 2348 2686 4312
4 1429 3859 4941 5540
4 3877 4456 2853 4963
4 4308 5079 5211 5650
4 3139 3015 3980 4114
4 687 153 4862 5196
4 4008 4943 1309 4970
4 2338 4698 4061 5533
4 3909 3988 2782 4893
4 1803 1533 4504 5093
4 4599 4942 1417 4967
4 3804 4269 4452 5204
4 3821 4203 4062 5696
4 3910 5029 4532 5421
4 2855 2113 4114 4745
4 537 51 3322 5470
4 2137 2692 4965 5130
4 1669 4375 1722 5098
4 1612 1611 1508 4473
4 3763 4674 4392 4843
4 118 2590 3979 4584
4 4503 5223 4053 5400
4 4026 5063 4293 5159
4 3119 3131 4414 4886
4 1856 4277 1985 4720
4 3756 3754 3755 4714
4 3088 5006 4282 5274
4 2241 2806 2803 4327
4 2361 4124 2768 4281
4 2739 4974 4357 5384
4 3901 4671 4125 5622
4 4282 4795 1605 5522
4 910 921 4697 4902
4 2822 2571 4468 5482
4 2154 2153 5385 5530
4 2443 2546 3914 5266
4 3810 5210 4489 5572
4 1799 3883 5145 5331
4 3940 5137 4447 5152
4 3773 4068 5340 5517
4 115 4117 626 4584
4 1373 4003 5179 5252
4 139 4475 4271 4737
4 2959 2544 1081 4830
4 2367 2604 4360 4974
4 4224 4341 3918 5573
4 3936 4983 4429 5156
4 1576 4546 1573 5671
4 1341 4684 4415 5520
4 1302 1298 5225 5577
4 3796 4303 4073 4619
4 3876 4241 5284 5655
4 3039 4547 4135 5683
4 1780 1776 1779 4969
4 3009 3010 3007 5075
4 4255 4448 3903 5067
4 3775 4461 4988 5080
4 4064 4163 5249 5347
4 1621 1622 1562 5424
4 3796 4205 5452 5705
4 172 4109 4440 5609
4 935 5001 975 5281
4 3667 3668 711 4893
4 2180 4332 2181 4889
4 4152 4618 4867 5325
4 4574 5090 3840 5155
4 4026 3831 5038 5063
4 4313 4557 3861 4793
4 3804 4452 4200 5204
4 4235 3803 5073 5661
4 491 3233 3231 5591
4 4139 5174 4514 5592
4 4675 5289 4614 5503
4 162 2753 698 5163
4 1808 4344 1811 5046
4 2531 4936 4354 4938
4 3130 4390 3035 5683
4 2581 4801 4410 5068
4 1278 4214 1345 5565
4 4241 2749 5284 5655
4 4054 5032 4344 5144
4 2866 3942 2540 4938
4 4430 4912 1686 5472
4 3961 4328 4049 5716
4 1040 1003 1052 5228
4 3772 5443 4355 5725
4 1555 4838 4190 5132
4 2399 4819 2763 5659
4 3613 681 3612 4837
4 4503 5105 3950 5168
4 1013 4490 1042 5337
4 1113 4180 4208 4830
4 3872 4720 4564 5012
4 949 3877 4810 5571
4 3643 699 161 4246
4 4059 5001 822 5593
4 3953 4775 4468 5174
4 1911 1250 1306 5077
4 1251 1252 1250 5077
4 753 4258 195 4785
4 970 875 980 4333
4 2146 4503 2144 5518
4 4110 4747 3789 4824
4 3181 3124 3142 4908
4 3617 2385 149 4356
4 3183 3048 3132 5242
4 3364 557 69 4855
4 1681 2051 1676 4681
4 4235 4885 3803 5661
4 3806 4397 5089 5392
4 3840 4873 4443 5011
4 4053 5062 4423 5168
4 2791 4100 3949 5548
4 1964 5331 4488 5448
4 2974 4306 3185 4999
4 988 3426 1057 3427
4 4887 5330 3906 5423
4 84 580 3423 4598
4 4273 4660 4183 4734
4 3957 4828 4332 5308
4 2281 4305 2737 5129
4 4358 4585 4014 5383
4 2611 3993 2850 4840
4 3950 4503 5400 5518
4 2319 5432 4363 5561
4 743 4693 191 5398
4 3817 4359 4194 4704
4 1013 4537 4490 5337
4 4093 4827 3846 5257
4 4014 4518 4295 5165
4 4306 4547 3777 5007
4 3820 4871 4141 5206
4 4258 4771 3924 4922
4 2666 5318 2718 5561
4 2718 5318 4034 5561
4 1745 1834 4985 5303
4 47 4244 525 4392
4 3879 4389 4226 5002
4 525 4392 4244 4804
4 975 828 955 4368
4 4397 4614 2843 5503
4 3828 4144 4726 5712
4 4041 5123 4442 5467
4 4305 4625 3804 5129
4 3076 3170 3077 4928
4 4345 4561 1019 5337
4 1145 4570 4230 5069
4 2248 3987 2310 5466
4 2513 4502 4302 5209
4 1043 1019 4561 5337
4 1176 4517 1987 5576
4 4255 3836 4582 5120
4 3820 4141 4871 5535
4 3948 4449 5238 5543
4 797 4595 4285 5280
4 4081 5325 4905 5360
4 1064 1004 4130 5678
4 4451 4694 4232 5379
4 1231 5222 4992 5539
4 1392 1784 1390 4485
4 1857 4250 5025 5252
4 2804 2736 2801 4049
4 4047 4590 4194 5701
4 33 4288 507 5328
4 585 4989 3418 5231
4 4036 4108 3784 4913
4 1396 1398 4692 5034
4 4017 4674 4231 5709
4 1398 1419 1396 4692
4 780 4284 861 5052
4 3805 4291 4186 5625
4 1490 1492 1773 4793
4 3768 4608 4227 4898
4 73 568 3385 3150
4 5176 5181 4100 5416
4 2506 2909 2910 4573
4 2757 2889 5213 5677
4 4141 3820 5206 5535
4 3836 4255 5116 5120
4 3769 4943 4538 5066
4 1221 1223 1422 4568
4 3873 4345 4844 5596
4 3903 5067 4195 5116
4 816 4242 4911 5088
4 1372 1452 3845 5377
4 2699 2864 2638 3918
4 3768 4587 4898 5497
4 4067 5245 4265 5570
4 4035 4977 4692 5528
4 3006 3007 4411 4607
4 3645 3644 3643 5163
4 5049 5372 4249 5698
4 2696 2154 2693 4841
4 4010 4946 1233 4992
4 3971 4425 4357 5643
4 1783 1420 4446 4812
4 912 4334 778 4816
4 1004 1064 4130 5228
4 163 4094 4275 5057
4 3958 4780 4256 5535
4 1167 2026 888 5620
4 2469 4585 4358 5383
4 4073 5260 3993 5426
4 4102 4751 3009 5341
4 1872 1518 1873 5430
4 4028 4071 3826 4952
4 5113 5247 4425 5643
4 4332 5181 5176 5416
4 3008 4607 4011 4751
4 3838 5372 4086 5555
4 4098 4997 4611 5198
4 2545 106 613 3477
4 2530 4449 2211 5543
4 1386 4446 1384 5169
4 719 3685 175 4421
4 3902 4908 4659 5112
4 3775 4510 4220 4800
4 4127 4389 4552 5673
4 1329 1347 1328 4399
4 4712 5072 3796 5408
4 1852 4766 1438 5692
4 4553 5025 1434 5665
4 1680 4849 4330 5705
4 3861 4291 4313 4793
4 665 141 2649 5178
4 2181 4492 2321 5521
4 4162 5072 4712 5408
4 4052 4375 4731 5267
4 3837 5052 4319 5315
4 3961 5467 5107 5648
4 4001 3816 4609 4874
4 3862 4296 4627 4919
4 600 4237 97 5309
4 3804 4625 4154 5129
4 148 5532 4291 5625
4 3842 4207 4404 4920
4 2404 4584 4117 5058
4 3903 4448 4255 5122
4 946 729 3703 962
4 129 4203 4639 5189
4 3705 727 273 876
4 2597 21 2594 4719
4 1252 1251 1253 4416
4 3886 4571 3942 5000
4 1360 1337 1689 4361
4 1216 4839 3864 5030
4 4041 5093 4415 5142
4 121 4208 4180 5703
4 1643 1642 1641 5378
4 2495 2554 2838 5186
4 2405 4329 2455 5367
4 766 873 4777 5654
4 59 5194 4204 5567
4 944 926 792 4542
4 4057 3834 4511 4604
4 4293 5159 4059 5593
4 978 4777 4478 5611
4 4180 4208 121 4796
4 3037 5151 3130 5683
4 3849 4702 1524 5085
4 63 5444 4531 5615
4 1256 1258 1307 4660
4 3906 4417 5330 5502
4 3987 2311 4540 5241
4 3964 4417 5291 5510
4 47 4643 3982 4674
4 2519 5209 4886 5435
4 4311 4899 2706 5403
4 1991 3050 1204 4402
4 3892 1762 5232 5504
4 4204 4600 59 5567
4 4028 3826 4567 5070
4 4218 4516 1133 4904
4 3983 4271 143 4788
4 2039 4890 4462 5514
4 1687 4919 1686 5472
4 1868 1463 1461 5619
4 3907 4278 4376 4590
4 3963 4836 4312 5453
4 841 963 4934 5688
4 4083 4331 2938 4534
4 4055 5117 4374 5210
4 3907 4376 4278 4665
4 2433 4442 2717 5154
4 3908 4860 4324 5513
4 1052 998 1040 4542
4 4226 4389 3879 5299
4 1690 4609 1504 5054
4 3897 5312 1568 5509
4 4034 3825 4991 5561
4 131 4851 4351 4935
4 4611 4701 3906 5598
4 997 1956 4897 5424
4 4205 4758 4330 5705
4 3870 4593 4819 5675
4 4249 4694 4451 5707
4 2033 4319 1206 4816
4 823 4145 950 5128
4 4542 4959 4929 5638
4 4081 2485 4618 4885
4 4068 5340 4593 5627
4 3975 5390 4119 5585
4 1063 1043 4561 4678
4 2957 2500 4236 4835
4 3786 4599 4881 5059
4 47 4244 3982 4643
4 4139 3808 5174 5447
4 4395 5180 4203 5696
4 4326 5207 5121 5318
4 760 2080 879 3999
4 3796 4073 3993 5426
4 1753 1934 1758 4832
4 1591 1592 5133 5397
4 4124 4333 4281 5255
4 3979 5517 4760 5722
4 4173 4931 4513 5304
4 4340 4789 4397 5311
4 4044 4492 4332 5308
4 1117 2059 1085 4756
4 4445 4605 3925 5373
4 1988 4420 4582 5097
4 4128 3857 4559 5031
4 3006 2982 3007 4607
4 4592 5055 4393 5098
4 822 5128 4059 5593
4 1216 1219 3864 5583
4 179 781 962 4015
4 3132 3048 3129 4564
4 1507 4190 4838 4958
4 4001 4942 4821 5289
4 735 4533 3997 5711
4 3809 4270 4178 5601
4 3965 4144 5262 5712
4 4490 3832 4799 5697
4 4557 4645 3771 5099
4 163 4275 4094 4511
4 2843 2221 2551 4397
4 3867 4162 4980 5723
4 3139 3980 2966 5075
4 2414 4515 4502 5209
4 4251 3928 4545 5274
4 2339 749 197 4624
4 4357 4425 3971 5390
4 177 4219 4486 4743
4 4190 4609 3816 4874
4 1305 1244 4350 5080
4 1562 3871 4873 5424
4 124 4336 4434 5369
4 4289 4904 1156 5719
4 3807 4842 4137 4964
4 4767 5050 4024 5313
4 1532 1836 1478 4450
4 76 568 3179 3386
4 3928 4348 3798 5459
4 3821 4142 5205 5696
4 677 148 4356 5625
4 1549 1548 1550 4404
4 3942 4683 2079 5285
4 2454 4042 2530 5543
4 3134 4462 2965 5546
4 2945 4698 4257 5029
4 631 2590 118 3514
4 4190 4838 4290 5003
4 2500 4297 3947 4989
4 3694 3697 3695 5346
4 1216 4839 5030 5109
4 2710 2709 3988 4132
4 2685 4447 2686 5152
4 594 2307 3435 4699
4 1172 4544 1608 4636
4 3809 5223 5023 5471
4 3761 4859 4565 5104
4 1438 4766 4617 5692
4 4014 4295 4928 5165
4 4187 4198 3847 5112
4 1573 1574 1572 5020
4 1865 4778 4567 5004
4 3902 4198 4187 5112
4 1488 4794 1527 5415
4 3793 4650 4085 5545
4 1712 4272 1933 5314
4 1482 4504 4352 5405
4 3038 4135 4307 5151
4 1712 1933 1343 5314
4 544 4791 57 5706
4 3644 4246 3643 5163
4 4290 4958 4190 5003
4 2846 4449 2570 4879
4 3845 4592 4288 4917
4 3572 661 3574 4957
4 1867 2037 1171 4284
4 1278 1276 4214 5565
4 4190 4874 4958 5348
4 2900 4295 2508 4518
4 2388 2390 144 5037
4 4256 4780 4651 5734
4 3778 4759 4098 5737
4 3960 4562 3780 5622
4 3843 5172 4399 5330
4 4384 4535 3899 5141
4 2519 4886 2630 5435
4 3085 3159 3173 4579
4 3899 4249 5049 5372
4 1797 1904 4684 4718
4 648 3548 4262 5508
4 1244 4350 4510 5587
4 3944 4234 5333 5722
4 1416 4565 1296 4954
4 2378 4104 4437 5446
4 4622 4895 4266 5056
4 3614 3611 3613 5556
4 3783 4097 3920 4471
4 4290 4838 4190 4958
4 3393 566 3395 4364
4 4641 5196 3857 5276
4 4072 5221 4218 5597
4 616 3494 3495 4798
4 60 4135 4791 5444
4 1301 3856 4970 5225
4 148 4291 4499 5625
4 4369 4768 3997 4833
4 1846 3883 5112 5404
4 3780 4821 4942 5289
4 3948 4449 5205 5238
4 1247 1249 1248 5023
4 4087 4392 3763 4674
4 3076 4636 4928 5165
4 3776 4493 4408 5238
4 4280 4508 65 4637
4 1281 1706 1421 4409
4 1696 1695 1694 5087
4 2413 2399 2763 5659
4 2479 4403 2481 5723
4 4310 4965 2692 5130
4 3884 4264 4383 5361
4 4164 4525 3020 5097
4 2080 3999 760 4633
4 3792 4197 5272 5585
4 3954 3790 4627 5641
4 3779 4536 4376 4641
4 3964 4202 5235 5667
4 4538 4943 4008 5066
4 118 2591 2592 4760
4 4050 3804 5173 5519
4 1047 3137 982 4897
4 4664 4696 4368 5099
4 2524 649 3548 5445
4 909 919 771 4646
4 3765 4513 4173 5669
4 3772 3976 4288 4355
4 2298 4363 2319 5432
4 1007 4150 1049 5299
4 4150 4895 4622 5056
4 4065 3837 4575 5255
4 4296 4919 4575 5428
4 3925 4605 4890 5373
4 796 4285 797 4595
4 1272 4638 1270 5177
4 1507 4838 1556 4958
4 1331 1332 1334 5531
4 713 2422 4676 5609
4 4088 4364 3810 5356
4 3901 5222 1229 5539
4 3945 5142 4442 5154
4 1833 1834 4547 4985
4 3787 4443 5354 5640
4 4020 4231 3920 5019
4 2513 4302 2854 5209
4 1023 1042 1013 4490
4 1140 1142 1108 5221
4 3130 5151 4390 5683
4 4360 3834 5481 5491
4 1267 1789 1269 4704
4 1312 1657 4554 4966
4 3038 3037 4135 5151
4 4312 5342 4105 5453
4 1314 1904 4718 5504
4 2227 4428 2580 4712
4 2926 2067 782 5284
4 52 4509 4247 4755
4 923 4816 866 5136
4 4392 4674 3982 4843
4 4188 5079 3814 5211
4 910 4934 4171 5620
4 4050 4507 4446 5173
4 3818 4311 4933 5168
4 3784 4206 4400 4845
4 3891 4434 3801 4628
4 3867 4460 4248 5597
4 2289 2291 5368 5494
4 2981 3049 3188 4448
4 3870 5627 4593 5675
4 1876 4391 1282 5095
4 827 4368 5128 5644
4 1759 1761 1928 5306
4 4086 5372 4694 5637
4 3770 4975 4592 5741
4 4446 4507 4050 5693
4 1785 4474 5083 5724
4 4079 5084 3057 5301
4 3132 3182 4161 5111
4 3934 4680 4682 5249
4 1411 1410 1686 4430
4 3908 4667 4260 4918
4 3923 4725 5070 5336
4 4314 4959 3910 5663
4 3964 4417 5235 5291
4 2494 2416 4677 5246
4 3090 3175 3089 5274
4 2946 2953 2579 5421
4 59 4600 4204 5194
4 3777 4547 4187 4985
4 3541 124 640 4336
4 4123 4892 3850 5254
4 3997 4267 185 4768
4 3543 3981 127 4781
4 1431 4308 1872 5148
4 2443 2546 2442 3914
4 3770 4592 4393 5741
4 4638 4853 4146 4961
4 4054 5172 4325 5330
4 3983 4505 3782 4788
4 1230 1645 1296 4954
4 4401 4556 3774 4563
4 1301 1658 1312 4966
4 1729 4448 1730 5233
4 118 4760 2592 5033
4 4001 3816 4874 4948
4 4081 4905 3803 5360
4 4034 4773 3963 4991
4 2693 2206 2809 4466
4 1874 5106 1924 5434
4 2495 4088 2554 5186
4 2824 2188 2173 4482
4 3794 4279 3922 4909
4 1238 4635 1240 5323
4 651 131 5189 5200
4 1876 4871 4391 5095
4 1745 1952 3902 5112
4 2006 1444 4567 4741
4 2257 4863 4489 5356
4 4026 4788 4254 5717
4 1777 4435 1756 5208
4 1449 1784 1930 5306
4 2534 2846 2533 4320
4 4052 5234 4498 5267
4 147 4754 3607 5010
4 4401 4945 4556 5479
4 3792 4111 3975 5585
4 1057 1069 87 3425
4 3820 4100 5176 5181
4 3778 3900 4528 5499
4 67 4363 4034 4773
4 1823 4478 5575 5611
4 788 2043 4473 4922
4 3775 4220 4510 5400
4 4561 4678 4236 4835
4 4569 5266 2547 5689
4 1686 1458 4430 4919
4 1755 3852 5192 5468
4 1151 4082 1134 5357
4 1231 1229 5222 5539
4 3838 4249 5372 5698
4 2732 4212 64 4855
4 3732 3731 3733 4267
4 2182 2181 2180 4332
4 1319 4256 1875 5032
4 4003 4716 4553 4875
4 4557 3771 4664 5099
4 4400 1766 5047 5410
4 3874 4787 4265 5570
4 2706 2147 2244 5403
4 3858 4708 1919 5054
4 809 5000 5109 5562
4 3790 4174 4606 4912
4 4119 4511 3834 4604
4 3860 4227 4206 4673
4 1051 4476 4389 5299
4 2122 4048 2123 5334
4 2376 4437 4353 5441
4 971 760 915 4633
4 4546 4795 1574 5020
4 4117 4584 3979 5058
4 1669 1453 4731 5098
4 4113 892 5298 5576
4 2057 4345 1700 5516
4 506 3264 34 4802
4 955 4368 827 5644
4 1020 4561 1019 4634
4 4044 5206 4492 5396
4 3798 3928 4282 4545
4 975 5001 4368 5281
4 2739 2487 4974 5384
4 3963 4034 4991 5561
4 3715 3998 2362 5026
4 3890 4517 4189 4911
4 4196 5454 4866 5515
4 3959 4463 4056 5639
4 3958 4256 4780 4927
4 4202 4268 5375 5667
4 766 4382 873 5654
4 4684 5467 5461 5648
4 1593 2050 1947 4761
4 3088 4282 3090 5274
4 4196 3798 4795 5419
4 4051 5077 4416 5156
4 187 3714 5026 5711
4 4134 4861 4478 5575
4 4129 4740 3827 5107
4 2155 4017 4087 5530
4 2003 5164 5479 5509
4 2152 2693 4304 4983
4 4000 4212 3777 4637
4 1490 4557 1492 4793
4 3957 4332 4828 5176
4 2417 2203 4106 5126
4 2742 4441 2141 5105
4 2580 2476 5013 5695
4 1822 1823 5575 5611
4 3924 4258 4689 4771
4 4069 4307 3126 4791
4 3907 4278 4005 4665
4 2152 4304 2154 5385
4 3769 4976 4940 5731
4 3793 4553 4716 4875
4 2425 2786 2789 4479
4 3829 4463 4056 5457
4 2227 2611 2849 4309
4 159 4128 695 4549
4 2137 4965 3968 5130
4 4327 3823 5142 5461
4 2966 982 3137 4897
4 3992 4698 4257 5533
4 88 3430 588 5005
4 2914 3065 2112 5690
4 4183 4286 4168 4642
4 4351 4715 3839 4810
4 4117 4874 4948 5289
4 3989 4520 3763 4864
4 2119 2524 3548 4262
4 3787 5354 4374 5640
4 4007 4881 3968 5559
4 1160 5082 1100 5386
4 4020 4663 3807 5149
4 3337 4069 3338 5103
4 4468 5592 3812 5736
4 1955 1214 1622 4411
4 4396 4594 3814 5211
4 4082 4717 4016 4814
4 4041 5142 4415 5461
4 3801 4434 3891 4679
4 4249 4451 3899 5049
4 1312 1656 1655 4723
4 2737 4749 4305 5721
4 3900 4970 4315 5225
4 3166 3187 3024 4255
4 1342 5161 4536 5219
4 3851 4589 4365 4951
4 4229 4495 3904 5012
4 3849 5198 1884 5544
4 2268 4656 2269 5217
4 1703 4664 4368 5099
4 4053 5168 4503 5400
4 1667 1792 1295 5314
4 2842 4614 2843 5326
4 4191 4431 2690 5603
4 1877 1594 1656 4723
4 3812 4807 4091 5592
4 3822 4748 4144 5262
4 4308 4809 4213 5146
4 1865 1407 4778 5004
4 4352 3781 4743 5405
4 57 4659 5573 5706
4 4010 4807 4139 5592
4 1276 1277 1278 4748
4 638 2883 122 4456
4 3074 4295 2999 4518
4 887 840 837 5115
4 3815 5234 4386 5436
4 68 5251 4147 5555
4 4849 5480 4303 5652
4 4121 4929 4257 5185
4 4206 4773 4228 5047
4 2690 4431 2825 4836
4 1706 1292 1937 4726
4 3872 5012 4229 5486
4 4242 4858 4340 5003
4 938 4015 850 5406
4 695 4128 159 5649
4 4211 4995 4615 5364
4 518 42 2743 4776
4 172 4440 4109 5131
4 4141 4871 4256 5032
4 3799 4413 4290 4789
4 1680 4330 1673 5705
4 1070 4678 994 5582
4 1466 1465 1467 4884
4 2032 1881 4150 5564
4 4678 5135 2600 5256
4 1871 4758 1885 5713
4 2203 4106 5126 5513
4 1276 4748 4214 5565
4 1979 1739 1814 4680
4 544 4069 57 4791
4 3828 4409 5308 5396
4 2181 2183 2321 5484
4 3822 5262 4482 5506
4 195 746 4331 4534
4 4394 3880 5022 5265
4 4319 5255 4707 5619
4 3035 3185 3190 4306
4 665 4178 140 5668
4 3053 3056 3051 4402
4 1913 4350 1246 5023
4 105 5017 5104 5353
4 4035 4692 4519 5528
4 3816 4117 3979 5058
4 3814 4594 3995 5243
4 4592 4975 3770 5087
4 2768 4124 2361 5026
4 1818 1419 4228 5410
4 2036 1560 1698 5697
4 1299 1287 4724 5032
4 930 756 4532 5606
4 2749 4241 2926 5688
4 3935 4688 2677 4806
4 1256 4273 1796 5618
4 920 4777 4238 5654
4 1457 5197 3862 5584
4 761 2937 2071 4469
4 4091 4807 4373 4859
4 1075 4289 1149 5082
4 4257 4929 4121 5239
4 4503 4899 4311 5223
4 4920 5094 4439 5578
4 3825 4773 4034 4991
4 2504 2112 4445 5690
4 4314 5185 3910 5638
4 2717 2803 2806 4327
4 4502 4515 3923 5116
4 123 4225 638 4456
4 1421 4409 1661 4877
4 4479 5246 3811 5529
4 1230 3855 4992 5222
4 4493 4822 4142 5642
4 4185 4822 4493 5642
4 4294 4483 3797 5440
4 2847 2848 4813 5661
4 4439 4920 3882 5094
4 1471 1470 1469 4264
4 1466 1802 4884 5254
4 3741 2588 194 4534
4 898 850 938 4015
4 4044 5095 4391 5206
4 845 2928 2103 4497
4 960 856 4257 5239
4 1974 1972 1011 5329
4 4190 3816 4609 4706
4 3782 4501 4136 4932
4 4468 4775 3953 5736
4 1829 4306 4629 5007
4 3972 4804 4261 5471
4 4171 3835 4661 5247
4 3966 4550 4088 5700
4 4462 4890 1141 5373
4 1373 1859 1375 5252
4 2703 2802 4433 5154
4 2713 2714 4276 4797
4 2149 2148 4429 4899
4 3339 3338 3340 5138
4 4232 4587 3768 5637
4 4296 4627 3790 5428
4 2880 4276 2986 5242
4 1691 1534 1500 5127
4 3819 4352 4450 5467
4 1767 1924 1874 5106
4 2800 4049 2431 5441
4 2298 66 554 5432
4 4025 5065 3953 5353
4 1525 5117 4149 5411
4 701 3650 3648 4572
4 3911 4879 4320 5550
4 4611 4997 4405 5198
4 4333 5255 5136 5315
4 3935 3788 4650 5537
4 3920 4231 4020 4864
4 2570 2530 2454 5417
4 3872 4797 5012 5483
4 4371 4942 4001 5289
4 4228 4991 3825 5410
4 919 909 976 5406
4 184 4854 732 5548
4 4538 5117 4055 5210
4 4264 1471 4729 5614
4 2841 3960 2317 4562
4 4150 4491 4895 5056
4 3925 5514 4890 5515
4 2769 4333 2106 5014
4 1474 4197 1721 5614
4 3429 3430 3431 5005
4 4052 5018 4375 5174
4 2188 4482 2824 5207
4 855 854 5239 5469
4 2405 5058 4329 5367
4 840 4334 912 5115
4 4104 3819 4211 5290
4 4389 4476 3879 5299
4 2271 2269 32 4656
4 3156 4276 4539 5264
4 4156 5027 4878 5121
4 2286 4394 2287 5265
4 1431 1355 4308 5211
4 2210 2770 2226 4324
4 949 805 3877 5571
4 2975 3028 3115 4384
4 3997 4533 3795 4768
4 3715 3717 3714 5026
4 3834 3931 4511 4603
4 4238 4819 4777 4857
4 3887 4509 3807 4755
4 3483 4025 617 5017
4 4180 3891 4756 4796
4 3044 4342 4564 5613
4 645 123 3535 4971
4 1988 4420 1614 4582
4 3596 673 3598 5028
4 2974 3190 3185 4306
4 604 4947 3457 5218
4 3923 4515 4502 5261
4 4005 4278 3907 5464
4 3404 3402 3401 5343
4 3554 133 2121 5374
4 4429 4983 2150 5385
4 992 2875 4410 5068
4 3978 5153 4969 5377
4 3870 4777 4819 4857
4 4271 4475 143 4788
4 1217 1966 5109 5623
4 4370 4509 3887 4832
4 3993 3867 4980 5044
4 2953 4653 2578 5029
4 1949 4907 4619 5182
4 2035 4284 1171 5052
4 4707 5214 4065 5255
4 4285 4810 797 5280
4 1663 1664 1665 4807
4 3807 4157 4842 4964
4 3946 2327 4585 5589
4 3771 4696 4664 5099
4 1540 1538 4931 5304
4 4542 4929 3910 5606
4 2304 2318 4036 4735
4 801 3938 957 4810
4 3692 720 176 5051
4 2781 2575 4801 5002
4 4358 4401 4014 4585
4 4226 4801 3875 5056
4 3787 5011 4769 5572
4 3867 4813 4235 5073
4 4004 5518 4543 5726
4 4435 4875 1451 5147
4 3876 3915 4750 4902
4 2494 2553 2416 5246
4 2593 3236 3990 4719
4 760 3999 915 4633
4 572 2520 3402 5343
4 2899 2508 4358 4518
4 3885 4645 3983 5319
4 3909 4126 4759 4870
4 4257 4929 3910 5185
4 4517 5216 4113 5576
4 1744 4454 1741 4985
4 3865 1598 4834 4912
4 1774 1341 1906 4415
4 1164 1134 1151 4082
4 4263 5550 2441 5653
4 156 4559 4191 5437
4 4490 4844 4345 5596
4 1309 1683 4943 5568
4 3781 4504 4143 4962
4 922 5088 4911 5216
4 3895 4392 3982 4843
4 1405 4608 1403 4705
4 2004 2008 899 5644
4 4205 3796 4619 5705
4 1684 1455 1883 4405
4 2369 4357 2739 4974
4 4746 2635 5301 5677
4 1961 1958 1202 4715
4 3860 4773 4084 5551
4 3784 4464 4252 5412
4 723 4486 4219 5351
4 1684 4405 1883 5198
4 3773 3944 4529 5517
4 2027 1839 1840 5053
4 708 169 3671 5366
4 4014 3800 4928 5489
4 2806 4327 2241 5381
4 912 5115 4334 5425
4 509 3281 37 5463
4 4330 4758 4205 5452
4 2958 4569 2088 4830
4 3900 3778 5046 5499
4 2586 2358 2587 5641
4 5076 5291 4521 5727
4 2327 4358 2469 4585
4 4345 3873 5337 5596
4 1305 4350 1913 4784
4 1131 4462 1089 4890
4 2704 4229 5483 5495
4 3963 4977 4363 5453
4 4215 4477 3890 5367
4 4319 5052 4575 5619
4 2173 4482 4140 5624
4 3885 4925 4253 5524
4 3908 4918 4260 5513
4 2728 4384 2730 4626
4 4332 4889 4492 5484
4 2306 589 88 3430
4 2985 1182 3110 5097
4 3970 3851 4616 5102
4 4058 4383 4334 5481
4 4376 5196 4641 5276
4 3012 3107 5477 5733
4 1895 5124 3850 5254
4 1913 4784 4350 5023
4 828 5001 822 5128
4 1562 3871 5313 5430
4 3919 2383 4356 5382
4 610 4823 102 4883
4 3776 4321 3927 5355
4 2489 5162 4360 5297
4 2234 4909 4417 5510
4 2694 3932 2172 4662
4 3899 4587 4232 5637
4 53 3316 533 5527
4 1304 1324 4406 5043
4 1501 4861 1559 5391
4 2772 4297 4301 5681
4 4329 5058 4215 5367
4 1851 4651 4256 5288
4 2053 5469 1679 5638
4 1671 1922 4287 5310
4 754 4633 4624 4689
4 125 4722 641 5553
4 4003 4101 4716 5512
4 195 4258 4174 4785
4 4345 5337 4490 5596
4 2708 4470 2220 5502
4 4058 4974 4360 5384
4 3543 127 3981 5016
4 3842 4920 4407 5293
4 4075 3867 5073 5397
4 1966 5562 5109 5623
4 1858 4277 4530 5505
4 984 4490 1013 4799
4 3082 3186 3189 4951
4 2879 2637 2640 4691
4 2658 2834 2653 3920
4 3018 3019 3017 4786
4 641 3530 3531 5369
4 1371 4975 1433 5179
4 3785 4768 4369 4833
4 3785 4214 4828 4891
4 4418 4825 4204 5227
4 3862 4627 4430 4919
4 4121 3910 4929 5185
4 3900 5046 4126 5577
4 2466 3214 14 4585
4 2269 32 4656 4802
4 4161 3872 4564 5012
4 36 509 4299 5139
4 4443 5354 1618 5733
4 3803 4081 4885 4905
4 2524 2119 3548 649
4 1983 1637 1636 5594
4 1232 4992 3855 5574
4 4281 4333 3837 5255
4 4065 3795 4533 5214
4 3901 4992 4349 5222
4 3856 4315 4970 5225
4 1820 4661 2025 4697
4 2325 2737 4305 5129
4 585 4610 83 4989
4 182 273 777 3705
4 1648 5043 4565 5279
4 605 3472 3474 4337
4 2719 181 725 4658
4 4003 4372 4085 5377
4 3944 4760 2434 5517
4 4022 4928 3800 5489
4 4517 3890 4838 5132
4 4227 4280 3860 5229
4 2472 4921 2474 5459
4 3957 4444 4038 5322
4 3781 5123 4743 5382
4 4235 5073 4813 5661
4 2853 3877 2538 4456
4 3493 3495 3492 5187
4 170 4701 710 5253
4 1466 1528 1802 5254
4 4324 5126 4106 5513
4 3874 5454 4177 5552
4 4393 4592 4288 5741
4 3020 4525 3148 5477
4 3829 5535 4141 5639
4 2985 5097 3020 5477
4 2136 4298 3913 4930
4 4091 4373 3761 4859
4 4133 5183 1651 5739
4 2280 4154 2281 5129
4 4070 4524 4420 5672
4 3842 5238 4408 5293
4 545 3338 60 5138
4 2568 4498 2569 5557
4 1304 1324 1317 4406
4 1173 3102 1991 4764
4 4497 5626 4934 5688
4 1115 1114 1158 4796
4 472 12 4182 4560
4 893 978 937 4478
4 3185 4306 3035 4999
4 1940 5257 4877 5660
4 28 4260 4309 4667
4 1824 5219 3853 5458
4 2556 4237 3917 5171
4 2766 2490 2935 4039
4 172 4440 719 5609
4 65 4280 4637 5551
4 3149 3083 3127 4632
4 4370 3783 4446 4663
4 3870 4134 4777 4857
4 997 5050 2054 5424
4 2136 2317 4298 4930
4 3187 3024 4255 5122
4 1753 1758 4631 4832
4 3873 4844 4188 5243
4 2407 2455 4329 4858
4 1554 1630 4408 4865
4 2406 4614 2842 5326
4 1916 1242 4800 5323
4 3988 4132 3778 4759
4 877 878 918 4922
4 4194 3857 4641 5196
4 2041 4922 3894 5064
4 4457 5089 3806 5642
4 127 4274 646 4781
4 840 5115 912 5425
4 131 941 4935 5081
4 1711 1950 1583 4303
4 3791 4128 3932 4961
4 4121 5469 2045 5501
4 3768 4898 3912 5497
4 3849 5085 1884 5198
4 4305 5129 3804 5486
4 659 3566 4120 5189
4 4084 4228 4773 5685
4 2599 2949 5256 5582
4 1289 1788 1789 4704
4 3768 4608 4778 5630
4 866 4319 883 5052
4 55 3330 539 5305
4 3889 4319 5136 5255
4 574 3401 79 5343
4 3834 3931 4603 5491
4 3922 4421 4222 4996
4 1347 1410 1348 4834
4 1740 1737 1979 4680
4 2540 4936 3942 5285
4 723 4077 3707 4772
4 3072 3177 2983 4451
4 689 3625 156 4990
4 4286 3764 4665 5100
4 36 4299 4716 5139
4 139 4529 4116 4737
4 4188 5079 4236 5243
4 3928 3798 4652 5459
4 3960 2317 4562 5143
4 3872 4342 4682 5249
4 3236 2593 3990 5217
4 2825 4431 2690 5561
4 4287 4762 4046 5579
4 2146 2205 5442 5518
4 4376 4536 3779 4665
4 1534 1910 1717 4461
4 2108 2938 4083 4331
4 2489 2365 4360 5162
4 3764 4665 3907 4924
4 3094 2865 2991 4539
4 55 538 4278 5464
4 4190 3890 4838 5003
4 898 848 850 4153
4 2027 1840 4523 5053
4 2641 3926 4623 5615
4 1027 4774 1026 5050
4 4027 5368 2291 5494
4 2034 1206 1869 4319
4 3783 4509 4832 4864
4 521 2671 45 4984
4 4461 3773 4925 5127
4 4762 4945 1360 4982
4 3624 3623 3625 5451
4 153 4194 4376 5196
4 3369 3371 3370 5432
4 2286 2288 2287 4394
4 3826 4032 4699 4952
4 3792 5272 4111 5585
4 2181 4889 4492 5521
4 1992 1991 4402 4764
4 2568 4775 4498 5557
4 4310 4949 3815 5234
4 1607 3869 5006 5164
4 1668 4375 1669 5018
4 4210 4831 3843 5235
4 1632 4685 1335 5304
4 4461 4708 3773 5127
4 1063 1043 1021 4561
4 18 2261 2262 4366
4 3919 4219 4029 4743
4 4197 5113 3827 5272
4 4300 4616 3851 4640
4 3826 4699 4092 4952
4 1690 4708 1691 5127
4 4373 5237 4046 5310
4 3789 4385 4199 5407
4 3821 5205 4395 5696
4 1094 1131 4890 5373
4 3832 3921 4537 4552
4 4046 4762 4287 5224
4 735 4267 3997 4711
4 2258 2237 2226 5482
4 1839 1471 1469 4264
4 4457 5392 4397 5720
4 1218 1221 5030 5180
4 667 3584 2395 5167
4 3885 4475 3831 4737
4 4170 5302 4488 5448
4 1405 4608 4778 5335
4 815 813 814 4872
4 4283 3230 4563 4709
4 2825 4836 4431 5561
4 4160 4898 4036 4913
4 131 941 4851 4935
4 4289 3803 4885 4904
4 793 943 2963 4532
4 1778 1779 1776 4969
4 4179 4982 4762 5270
4 975 4368 955 5281
4 4352 5123 4041 5467
4 3995 4440 169 5131
4 2846 2530 2570 4449
4 652 4512 129 5189
4 1613 1619 1954 4255
4 1661 4726 1937 5660
4 3773 3944 4169 4529
4 4470 4887 4054 5330
4 176 2607 720 5346
4 143 4271 3983 5008
4 3940 4906 4447 5137
4 3946 5101 4019 5563
4 3773 3944 4760 5722
4 4376 4718 3764 4862
4 2211 2530 2846 4449
4 4119 5057 3975 5585
4 3347 3346 3345 5368
4 1736 4294 4680 5440
4 3771 4475 4645 4788
4 735 3997 4533 4711
4 3412 581 85 5190
4 4030 3818 5581 5725
4 1395 1741 1397 4825
4 2354 2822 4158 5490
4 4261 4933 3972 5223
4 1088 1122 1123 4814
4 1182 1625 3110 5097
4 4106 5017 2417 5126
4 4488 5302 4612 5448
4 3033 4999 3034 5698
4 1351 1355 5211 5449
4 4532 3910 5421 5606
4 4580 5360 3882 5682
4 999 2962 2856 5190
4 514 38 4806 4829
4 1247 1344 1249 4261
4 3543 647 127 5016
4 3106 569 77 5341
4 4236 5135 3873 5243
4 43 4387 4045 4804
4 2500 2870 3947 4835
4 2246 4417 2231 5060
4 2113 2962 3005 3980
4 2045 5469 4121 5638
4 3432 3431 3430 5236
4 936 880 4331 5240
4 4053 4510 4350 5587
4 617 4025 108 5184
4 960 4257 5193 5239
4 4003 4085 4875 5377
4 3820 4369 4391 5176
4 4172 3779 4536 4665
4 143 3983 4788 5008
4 3876 4380 2925 5284
4 1117 1644 2059 4756
4 2533 2441 5550 5653
4 2657 4231 4017 5048
4 2958 4569 3914 5266
4 4290 4413 3799 5371
4 3789 4747 3977 4824
4 2152 2154 2153 5385
4 2556 3917 4237 5309
4 730 3713 3710 4380
4 1008 4852 1066 5068
4 3803 4885 4235 4905
4 1345 4214 1278 5628
4 4181 5360 4580 5682
4 34 4355 2764 5413
4 1294 5062 4423 5307
4 1395 4825 1397 5034
4 978 969 826 5611
4 3495 623 108 5187
4 3060 4341 4908 5448
4 2628 4323 2906 5435
4 3945 5123 4442 5142
4 1308 4970 3856 5365
4 3907 4924 4005 5464
4 1328 4651 1851 5288
4 494 27 4152 4613
4 899 4368 955 5644
4 2628 2630 4414 5435
4 2340 4521 2312 5704
4 4391 4828 4044 5176
4 3909 3769 4126 4870
4 3878 4190 4958 5003
4 3695 4029 177 4805
4 4074 3773 5127 5340
4 11 3191 470 5645
4 2147 2706 2145 4899
4 4017 3962 4973 5530
4 3834 4357 4119 4974
4 4394 5022 4487 5265
4 3996 5246 4677 5278
4 2331 2330 2499 4779
4 4214 4891 3785 4892
4 1275 1274 1273 4377
4 3881 4368 4664 4696
4 29 3244 497 4840
4 3960 4614 4117 5289
4 706 166 4710 5114
4 2664 2774 2667 4326
4 4411 4897 4099 5075
4 1913 1305 1246 4350
4 1619 4255 1613 5067
4 4807 4859 4091 5574
4 4061 5704 3964 5727
4 3877 4082 4456 4963
4 4094 4603 3931 5496
4 4200 4720 4682 5486
4 3806 4457 4184 5392
4 2192 4444 2179 4889
4 1078 1157 1131 4890
4 4497 5118 2928 5384
4 4343 4548 3933 5567
4 1893 4831 4202 5375
4 3820 4100 4021 4369
4 3936 5119 4466 5156
4 2055 1601 4649 4866
4 3828 4747 4110 5521
4 3882 4318 4580 5094
4 4669 4713 1616 5250
4 4144 4748 3822 5322
4 1998 1995 1822 4998
4 4055 5211 4308 5449
4 2280 4154 3994 4984
4 4454 5007 1801 5358
4 3821 4395 4203 5696
4 2280 2279 2278 3994
4 1358 4287 1922 5310
4 2606 2192 4889 5521
4 3234 3237 3236 5217
4 997 1956 1034 4897
4 1043 4561 4678 5337
4 4279 4909 2249 4944
4 3800 4014 4401 5489
4 4530 4060 4993 5715
4 3971 5272 4197 5585
4 4063 4741 4448 5233
4 853 792 859 4542
4 783 1990 4478 5576
4 2885 2713 5242 5483
4 4909 5291 4417 5510
4 3780 4942 4371 5289
4 3823 4433 5244 5635
4 4431 4836 2690 5603
4 1799 1436 5145 5404
4 4653 5228 4410 5663
4 4478 5298 893 5576
4 1708 3863 1563 5687
4 3884 5212 4241 5247
4 4053 4350 4510 5400
4 3777 4531 4000 4637
4 3559 131 650 5081
4 3838 3896 4629 5684
4 2366 4057 2365 5162
4 4101 4299 2759 5139
4 4041 4450 4352 5467
4 3934 4276 5249 5264
4 4130 4959 4314 5663
4 3933 4343 4027 5494
4 100 611 4337 5066
4 1597 1598 4834 5375
4 184 3715 2618 733
4 2673 2390 4013 4583
4 2036 4490 1165 4799
4 1150 1116 1145 4230
4 4404 5094 4920 5578
4 4481 5237 4324 5482
4 76 4011 3013 4525
4 2311 2310 2248 3987
4 909 4646 831 5351
4 951 4257 789 5193
4 4431 4991 3825 5561
4 1768 1770 1937 4726
4 4325 5172 3958 5466
4 3986 4110 3789 4824
4 4101 2334 5213 5495
4 1544 4931 3866 5594
4 4056 4463 3829 5639
4 507 4288 3976 4355
4 3825 5039 4326 5318
4 1223 4568 1221 5180
4 879 790 3999 4648
4 4108 4206 3784 4913
4 1583 4303 1950 5397
4 4485 4842 4157 5338
4 2346 4677 2347 5261
4 2787 2499 2330 5135
4 2729 4212 2732 4855
4 3791 4853 4377 5177
4 1222 4395 5091 5696
4 1997 3092 3000 4544
4 3854 4784 1915 5475
4 1366 1722 1364 5098
4 1453 1669 1722 5098
4 3934 4539 4276 5264
4 3959 4492 5206 5396
4 3874 4866 4196 5454
4 2853 2538 3877 5571
4 3989 4247 49 4864
4 3970 5015 3851 5102
4 107 4526 614 4981
4 19 3215 482 5674
4 2776 4100 2796 4666
4 4676 5131 4109 5243
4 4339 3836 5078 5116
4 4022 5479 5164 5509
4 3012 5477 4011 5733
4 2606 2192 2179 4889
4 1006 1007 1008 4852
4 3939 4254 2673 4583
4 1289 1789 1267 4704
4 1484 4962 4504 5405
4 3952 4863 4317 4976
4 60 4135 4307 4791
4 3499 3497 617 4347
4 4109 5215 4702 5697
4 1236 4599 5059 5226
4 927 1044 1059 4532
4 2230 2232 2355 5502
4 4536 4641 3779 5161
4 3851 4365 4589 4640
4 2955 4177 2788 5433
4 4091 4106 3812 5353
4 2866 2079 2540 5285
4 63 4000 5444 5615
4 531 4247 3989 4642
4 2561 2321 4110 5521
4 4094 4603 4264 5422
4 1543 4207 4628 5578
4 2286 5149 4394 5265
4 1416 4865 4565 4954
4 2802 2674 2207 5381
4 4317 4976 4018 5731
4 514 4806 38 5463
4 3855 4349 4992 5222
4 3310 528 48 5048
4 4229 5129 4305 5486
4 2371 2373 2486 4425
4 3796 4849 4330 5408
4 4196 5110 3798 5245
4 4970 5225 3900 5577
4 2053 4959 4542 5638
4 4263 3911 4960 5550
4 1470 4264 4729 5496
4 3872 4305 4797 5249
4 3586 3584 3585 5167
4 3122 3132 3129 5111
4 531 3989 4520 4642
4 1114 1112 1116 4180
4 2105 2865 2640 5569
4 1752 1753 1751 4843
4 2741 2673 2390 4013
4 2661 2725 4020 5273
4 4043 4960 4320 5205
4 1054 992 4410 5068
4 4171 4697 4661 4902
4 3835 4661 4381 4783
4 4748 5106 4144 5262
4 4040 5141 4384 5372
4 1076 1133 1140 4218
4 1734 4250 1857 5252
4 2611 2849 4309 4840
4 3803 4580 4181 5360
4 1165 2049 1023 4490
4 1278 1345 1276 5565
4 892 893 5298 5576
4 1437 4232 4778 5630
4 3876 4703 4581 4882
4 3784 4252 4894 5412
4 3895 4792 4416 4843
4 3931 3834 4511 5491
4 1560 5096 4702 5697
4 2682 2616 4219 4950
4 129 3547 651 5200
4 1651 5595 4133 5739
4 3992 4257 5193 5533
4 3003 2964 2112 4445
4 4214 4551 4115 4891
4 4058 4480 4360 5481
4 3866 4513 4173 4931
4 3108 2972 2931 4069
4 2246 2716 4138 5060
4 4868 5352 3997 5584
4 3812 5447 4139 5592
4 1628 3848 5182 5279
4 2808 2693 4466 4841
4 951 856 857 5421
4 2474 2505 3928 4921
4 3238 27 495 4081
4 3901 4349 4992 5187
4 1456 4651 1411 5197
4 1027 982 1053 4099
4 3957 4214 4828 5322
4 3802 4808 4617 5727
4 2694 4246 3932 5201
4 25 492 5125 5728
4 1294 4423 1806 5307
4 143 4788 4505 5008
4 2717 4442 2380 4901
4 3785 4647 4123 4768
4 3851 5015 4616 5102
4 196 749 3743 5670
4 4439 3801 4920 5578
4 1606 4412 2010 5522
4 2008 1703 4368 5644
4 3001 3015 3157 4114
4 1801 4454 1744 5007
4 1172 2000 2970 4636
4 937 893 4478 4777
4 4325 4054 4927 5172
4 185 3997 4768 5711
4 4289 4885 4739 4904
4 3875 5056 4209 5617
4 2319 4363 2296 5453
4 4871 5095 4141 5206
4 1786 4359 1788 5724
4 3954 4243 2586 5641
4 1747 1596 1988 5097
4 3780 4371 4942 4967
4 1143 1161 4016 4796
4 4077 4646 4486 5351
4 4059 5128 4293 5593
4 3882 5488 4580 5682
4 4254 5167 4026 5717
4 3862 4296 4065 4711
4 1734 4472 1733 5420
4 4443 4011 4751 5011
4 3038 4307 3036 5151
4 2344 4515 4092 5261
4 2363 4124 2768 5026
4 3099 4636 1209 5164
4 4612 5302 3125 5448
4 2580 2573 2476 5695
4 3034 3033 3035 4999
4 1868 4707 1463 5619
4 3794 4417 4909 5291
4 98 2558 2191 5295
4 3163 3124 3060 4341
4 2809 2805 2673 3939
4 3875 4681 4491 4895
4 4639 4715 4351 5583
4 4186 4356 3945 5625
4 2985 3020 3148 5477
4 99 4199 4315 5407
4 3951 4616 4300 4640
4 4325 4927 3958 5172
4 4218 4904 4072 5073
4 1292 1768 1937 4726
4 1032 1057 3426 3427
4 3075 4295 3074 5165
4 4181 5386 4080 5682
4 2602 2901 4293 5159
4 990 3947 2870 4835
4 3851 4300 3970 4616
4 2030 4334 1705 4816
4 4140 4246 3932 5525
4 2667 2664 4326 5286
4 1714 5036 2012 5658
4 3110 3162 3178 4582
4 1244 5062 1245 5587
4 3864 4639 4351 5583
4 962 729 179 833
4 3975 4111 3792 4817
4 3235 3234 3236 5554
4 3807 4842 4422 5273
4 4146 4638 3792 4757
4 1331 4210 4831 5429
4 3812 4468 5447 5592
4 4082 4225 1134 5357
4 113 4298 627 4821
4 2768 4124 2363 5297
4 4160 3784 4894 5412
4 2972 4069 3062 4224
4 3005 3139 3015 3980
4 2281 4625 2283 5721
4 4238 4777 4134 4857
4 1971 2049 1699 4345
4 2276 2755 2278 4688
4 3815 4635 4007 5738
4 105 616 3480 5017
4 4428 4860 2771 5607
4 527 3305 44 4471
4 4296 4627 4039 5641
4 1905 4932 5475 5485
4 3758 755 754 4624
4 3860 4673 4206 4773
4 2942 4739 4289 4885
4 179 833 4077 5351
4 3042 3043 4612 5264
4 3971 5113 4425 5643
4 3755 3754 747 4714
4 3028 4626 4384 5698
4 3996 3811 5246 5278
4 3794 5345 4279 5423
4 2434 4760 2591 5517
4 1600 1970 4634 4767
4 1446 1445 1447 4725
4 2135 2134 2136 3913
4 1856 1858 4277 5025
4 3326 3327 3325 4247
4 2155 4087 2153 5530
4 4323 5175 2906 5435
4 2776 2216 2796 4100
4 1431 1355 1872 4308
4 3075 4928 4295 5165
4 1712 1667 1669 5314
4 100 605 4166 5363
4 3965 5286 4558 5651
4 1634 5091 5035 5742
4 462 72 3387 3117
4 2182 2181 4332 5484
4 3989 3887 4509 4832
4 4933 5223 4261 5307
4 4015 4153 3841 4219
4 3995 5074 4098 5544
4 2347 2416 2838 4398
4 1905 5475 1749 5485
4 3544 3543 3545 5553
4 922 4477 5088 5216
4 960 951 789 5193
4 3088 3147 3090 4282
4 545 4752 61 5138
4 2596 2894 2896 4632
4 799 797 4810 5280
4 3860 4673 4773 5551
4 918 5240 911 5534
4 1809 1808 1811 5046
4 3617 677 3616 4356
4 2317 3960 2841 5143
4 3029 3027 4535 5049
4 3790 4919 4296 5428
4 1736 1435 1385 4294
4 2665 4036 2318 5286
4 3799 3942 4354 4936
4 4080 5386 5069 5682
4 3198 13 2109 4753
4 3791 4115 4853 4961
4 1216 5030 1217 5109
4 963 4241 4934 5688
4 1459 1866 4575 4919
4 4253 4925 1499 5524
4 1753 4631 1751 4843
4 575 4011 3400 4695
4 156 4549 4559 5437
4 1735 4402 1204 4530
4 2455 2405 2407 4329
4 4007 3968 4968 5559
4 4149 5117 4538 5210
4 3895 5208 1754 5468
4 1344 4261 1247 5307
4 4086 4629 3896 5394
4 2759 4101 2334 5213
4 1363 5270 3859 5540
4 4603 5124 3931 5496
4 4454 4985 1744 5007
4 41 4650 4269 4688
4 3889 4480 4333 5136
4 4043 5091 4395 5205
4 3880 4625 4097 5173
4 1606 2013 1192 4412
4 2135 4347 3913 4965
4 3914 4569 3801 5266
4 4906 5083 4474 5724
4 731 180 4436 4750
4 4038 4551 4115 5140
4 1629 4865 1416 4954
4 1872 4308 1355 5449
4 1878 4941 1854 5402
4 3743 748 196 5633
4 478 5332 4585 5541
4 1058 4552 1014 5582
4 1517 4807 4373 5310
4 2690 4431 2829 5561
4 2275 2334 2759 4101
4 4235 4885 4081 4905
4 4049 4742 3961 5107
4 979 4517 817 4911
4 2755 2351 2677 4688
4 3182 4953 4161 5111
4 1205 4488 1740 5448
4 1633 1539 1541 4438
4 1093 4605 1092 5373
4 18 4366 2262 5490
4 2825 2690 2829 5561
4 2677 4688 3935 4776
4 3978 4423 3788 4969
4 4482 4811 4326 5262
4 1287 1286 1285 4724
4 4611 4818 4098 5198
4 4544 5015 3800 5165
4 997 1034 1027 4897
4 3847 4825 1424 5227
4 3878 4371 4874 5289
4 2361 734 186 5026
4 3954 4534 2587 4900
4 4296 3790 4627 4919
4 3777 4390 4135 5683
4 4028 4567 4195 5070
4 134 4683 2857 4938
4 3232 3233 3230 4283
4 2710 2709 2782 3988
4 89 591 4160 5195
4 2392 2673 4254 4583
4 3928 4921 4348 5459
4 124 3541 647 4728
4 1822 4601 2001 4998
4 2153 4087 5385 5530
4 45 2671 2320 2672
4 4220 4800 4510 5323
4 2496 4088 2495 4364
4 2501 2955 2788 5433
4 2554 2495 2496 4088
4 2700 4836 2825 5561
4 2789 2425 4479 4863
4 1065 4537 1070 5582
4 2744 2318 2665 4036
4 196 5633 4268 5667
4 2586 3954 2587 4900
4 4025 4106 3812 5126
4 3819 4442 5123 5467
4 669 143 4271 4475
4 2734 61 2642 4752
4 3900 4315 4970 5188
4 1736 4294 1385 5169
4 2273 2759 4299 5139
4 37 509 2273 5287
4 3890 4477 5088 5367
4 2703 2802 2807 4433
4 1632 4685 4395 5180
4 3794 5235 4417 5291
4 1300 4859 4565 5043
4 2781 2582 4226 4801
4 4325 4765 3958 5144
4 4333 4480 3889 5297
4 2722 2723 2895 4238
4 1049 4476 1051 5299
4 3888 5197 1719 5584
4 2962 3980 2856 5190
4 3889 5214 4707 5255
4 3879 4209 5002 5056
4 1681 4681 1675 4895
4 4117 4614 3960 5362
4 91 3431 590 5236
4 60 4307 4135 4752
4 4404 3882 4920 5094
4 3766 4454 4084 4637
4 3345 59 4027 5194
4 3820 3888 4369 4780
4 4333 5136 867 5315
4 3833 3895 4392 4804
4 3995 4594 4109 5243
4 152 684 2165 4869
4 1761 1760 1825 4370
4 3845 3978 5041 5377
4 2226 4324 2770 5482
4 1812 1739 1837 4682
4 4386 4635 3815 5436
4 4194 4359 3817 5701
4 1553 4846 1672 5279
4 684 152 2165 5451
4 198 3760 754 4624
4 4204 4531 4105 5615
4 3178 4164 3020 5097
4 4669 5250 4460 5597
4 2231 2234 2232 4417
4 3794 3922 4279 5345
4 1388 4964 4137 5338
4 3935 4107 3788 5537
4 1451 4969 1775 5377
4 2451 4081 4618 4956
4 3034 3130 3118 4626
4 1628 5182 5043 5279
4 2668 2665 2667 5286
4 5052 5315 3837 5359
4 4196 3874 4763 4866
4 1058 1014 4552 5271
4 506 5581 35 5725
4 4152 4867 4407 4920
4 2906 5175 4323 5566
4 3789 4824 3977 4877
4 1158 1117 4756 5378
4 4672 5423 3794 5531
4 4842 4964 4157 5338
4 4334 4383 4058 5115
4 4510 5062 4053 5168
4 3800 4401 4022 5489
4 1222 5180 4395 5696
4 2714 2879 4539 4749
4 2290 2292 2291 4027
4 4718 4742 4009 5504
4 908 766 920 5654
4 3894 4771 4258 4922
4 4098 5074 4596 5544
4 67 4034 3369 4987
4 1324 5043 1628 5182
4 552 4212 3361 4855
4 4069 4224 2972 5103
4 4080 5386 5082 5689
4 3951 4687 4640 4719
4 635 3520 116 5333
4 4221 4609 3816 4706
4 2931 4069 2972 5103
4 868 5092 4469 5359
4 3913 4965 3968 5455
4 4083 5092 3790 5428
4 2149 2147 2148 4899
4 4099 4598 4411 5155
4 4196 5245 3798 5419
4 971 915 934 4771
4 1444 2006 2002 4741
4 2687 4047 2189 5603
4 4181 4580 5488 5682
4 2126 4526 4184 4981
4 3924 4771 4473 4922
4 4041 4352 4504 5123
4 4552 5271 1014 5582
4 3983 4557 3782 4932
4 4064 4163 5347 5600
4 1083 2090 4484 5277
4 4195 4741 2002 5067
4 2506 4652 4573 5320
4 2434 4529 3944 5517
4 2920 4219 4015 5051
4 3888 4267 3997 4369
4 4210 5170 5330 5429
4 4359 4641 3779 5701
4 4360 4480 3889 5481
4 2078 2629 2630 4414
4 1388 5338 4137 5629
4 4462 4890 3925 5514
4 963 4241 842 4934
4 3872 4564 4342 5613
4 2269 2270 32 4802
4 4223 4742 4718 5504
4 4305 5249 3872 5486
4 2700 2825 2319 5561
4 4402 4764 4217 5420
4 2033 1869 1206 4319
4 2369 2739 2487 4974
4 4053 5223 4933 5307
4 98 2558 5295 5339
4 4483 5338 1387 5629
4 3139 3015 4114 5075
4 28 4667 4309 5260
4 825 908 920 4238
4 3964 4808 4061 5727
4 1839 1587 1840 4383
4 3803 4904 4289 5719
4 4148 3818 5168 5427
4 4120 4851 135 5000
4 4050 5173 4154 5519
4 2222 4337 3909 4976
4 1657 4877 4554 4966
4 1378 4452 1380 5192
4 3890 5088 4858 5367
4 657 135 4120 4851
4 2580 4712 4428 5695
4 920 766 873 4777
4 4145 950 5128 5644
4 2570 4879 4449 5417
4 3657 705 163 4604
4 2925 4380 3876 4703
4 4449 4879 4320 5293
4 3038 3036 3037 5151
4 2450 2448 4152 4956
4 4028 4952 3826 5070
4 1800 1419 1925 4692
4 1775 1776 1780 4969
4 3901 4992 4125 5187
4 723 4219 4015 5351
4 1989 1858 1857 5025
4 164 4038 4362 5586
4 2039 1603 4890 5515
4 4381 5247 5113 5643
4 3470 3469 609 5188
4 2658 3920 2653 4231
4 1514 1613 1515 5120
4 1748 5319 3854 5475
4 41 4269 3994 4688
4 4035 4519 4359 5528
4 2909 2506 2505 4573
4 1502 1503 1504 4609
4 199 4258 753 4785
4 3766 4363 5071 5699
4 594 2308 88 2307
4 4264 4603 4094 5496
4 4025 2417 5017 5126
4 2367 2368 2369 4974
4 1566 1428 1567 5509
4 4049 4328 155 5456
4 4386 5234 4052 5436
4 3768 4705 4608 5630
4 3794 4266 4672 5399
4 4055 4940 4538 5210
4 2880 2713 4276 5242
4 3453 603 97 5407
4 3806 4006 4675 5503
4 4046 5224 4481 5316
4 1300 1296 4565 4859
4 4359 4906 4035 5528
4 3965 4811 4326 5286
4 4162 4712 2610 5013
4 4096 5135 3814 5243
4 4171 5053 1849 5620
4 1356 1357 4374 5117
4 3775 4461 4234 4988
4 3910 5185 4314 5663
4 4053 4510 5168 5400
4 3862 4575 4296 4919
4 3950 4543 4220 4968
4 4012 5250 4669 5597
4 2214 5456 4328 5716
4 3889 4480 4360 5297
4 4400 4464 4033 5039
4 4547 4985 3777 5007
4 4360 5481 5214 5491
4 723 4219 3693 5051
4 129 4512 4203 5189
4 30 4736 502 5380
4 1724 1727 1726 5379
4 4085 5041 3978 5377
4 1521 4594 1887 4844
4 2752 4698 2338 5533
4 866 4319 5052 5315
4 4009 4718 4376 4862
4 3702 3704 876 3703
4 2712 4749 2714 4797
4 2421 173 2422 4676
4 3844 4767 4610 5313
4 3482 617 109 5184
4 3429 3431 591 5005
4 2906 4323 2626 5566
4 118 3522 634 5033
4 1536 1942 4371 5348
4 4051 4346 4501 5119
4 2007 1607 3869 5006
4 1579 4649 1601 4763
4 468 9 3195 5536
4 3879 4222 4996 5203
4 1570 3869 1607 5509
4 4026 4788 4475 5063
4 2289 2336 4343 5368
4 1188 2011 1647 4570
4 2504 4445 2112 5590
4 2015 5050 1610 5313
4 1286 1875 1284 4871
4 3129 3044 3105 4564
4 4288 4458 35 5328
4 1686 1687 1458 4919
4 1074 1092 4445 5373
4 97 3996 4915 5218
4 970 4333 867 5315
4 3107 1620 5477 5733
4 4094 4275 4146 4757
4 147 674 3607 4754
4 557 4147 68 4555
4 4859 5043 1300 5493
4 1382 1380 1381 4507
4 2827 2183 2185 5484
4 1010 1054 4410 4852
4 4492 5206 4332 5484
4 3970 4300 2779 5102
4 2515 4484 2090 5277
4 1585 1609 2042 4580
4 113 3500 627 4298
4 3277 3278 508 5328
4 4248 4649 4012 5250
4 2682 2616 2920 4219
4 3380 560 3379 4555
4 1763 4400 1766 5047
4 917 822 5001 5593
4 4601 4645 3885 5524
4 3818 4441 4030 5263
4 1867 1171 2035 4284
4 1141 4462 1131 4890
4 3110 1625 2984 4582
4 2569 2612 2613 5487
4 3909 4976 4018 5462
4 36 4716 4299 5512
4 4072 4218 5073 5597
4 4075 4235 3803 5073
4 1893 1354 1439 5662
4 984 1165 1023 4490
4 885 958 869 4083
4 80 4745 2521 5090
4 4043 5238 4449 5293
4 2348 4312 2700 5453
4 3170 4636 3099 5164
4 2945 2577 4698 5029
4 4537 1014 5271 5582
4 2744 4036 2665 5236
4 2358 190 4733 5641
4 2799 3975 2798 5201
4 1575 1573 1576 4546
4 1990 1993 4478 5576
4 4409 4044 5308 5396
4 5076 5291 4118 5617
4 3108 4069 2931 4307
4 3771 4557 4313 4788
4 4402 4530 4993 5715
4 3709 3707 3706 5220
4 77 569 3402 5341
4 4032 4898 4587 5497
4 2552 2843 4614 5503
4 2182 2216 5181 5416
4 3975 4246 2798 5201
4 1389 1387 4483 5338
4 3894 4258 4771 4785
4 2933 4333 2769 5297
4 2033 1869 4319 5619
4 2484 4882 3876 5655
4 4036 2665 5236 5286
4 991 1033 2872 4552
4 3339 3340 546 5138
4 2957 2500 2499 4236
4 3995 4109 5131 5243
4 1141 4890 1131 5373
4 3938 4351 3839 4810
4 1471 4381 1473 5614
4 3827 4742 4049 5107
4 1891 1718 4647 4833
4 3849 4620 4440 4702
4 3256 31 503 4500
4 820 5128 822 5593
4 1256 4734 4273 5618
4 828 822 827 5128
4 3107 1620 3121 5477
4 3125 3113 4612 5448
4 1197 4767 1920 5313
4 3777 4547 4306 5683
4 811 4506 956 4872
4 2334 4101 2275 5495
4 1134 4082 1164 5376
4 4194 4641 4359 5701
4 1186 2973 3101 4547
4 1134 4225 4082 5376
4 1507 4190 4958 5348
4 3900 5046 4344 5499
4 3900 4970 4126 5188
4 3285 4776 519 5439
4 1716 2019 4432 4646
4 4399 4927 4054 5172
4 25 496 3241 5260
4 2666 2718 2829 5561
4 4402 4993 4856 5715
4 613 3478 2196 5259
4 1520 5215 3849 5544
4 1440 1852 1438 5692
4 1611 4473 2043 4922
4 2035 1590 4575 5619
4 3982 4527 4050 4643
4 3662 3660 3661 5108
4 4177 5552 5454 5616
4 4470 5330 4325 5502
4 4177 5454 4605 5616
4 3937 4354 4571 5202
4 3917 4782 2556 5171
4 3797 4343 3918 4548
4 4155 3833 5156 5471
4 2030 1177 1705 4334
4 3861 3984 5415 5658
4 1951 1645 1228 4954
4 2098 908 2895 5654
4 1335 5304 4685 5583
4 4021 4666 4100 5181
4 1370 4592 1369 4975
4 3790 4430 4606 4627
4 2673 4254 3939 5478
4 1802 1894 4647 5254
4 4420 4602 4164 5097
4 1371 1370 4975 5179
4 1590 1459 4575 5352
4 4081 4885 4618 5360
4 3548 3547 4262 5445
4 3910 4959 4314 5638
4 25 3241 3993 5260
4 4038 4444 3822 5322
4 1883 4405 1455 4997
4 1162 1159 5221 5277
4 3914 4722 2442 5653
4 1672 3848 4846 5133
4 2105 2991 2865 5569
4 57 4069 4224 4659
4 868 4469 947 5359
4 4587 5251 4147 5497
4 4342 4612 3934 5264
4 4498 4775 4310 5174
4 733 3717 3715 5026
4 1378 1380 1450 5192
4 4498 5234 4310 5487
4 4378 4787 2501 5507
4 572 3402 3404 5343
4 3872 4797 4305 5486
4 3840 5090 4114 5155
4 4577 4962 1782 5405
4 4599 4942 4089 5226
4 1592 4907 5133 5397
4 1796 1256 1307 4273
4 3636 695 156 4549
4 1659 4877 1657 4966
4 164 4038 3648 5140
4 2320 2282 2671 4154
4 4481 4860 4324 5316
4 2084 4161 2885 5242
4 4447 5528 4906 5701
4 3971 5422 4264 5643
4 1106 5221 1107 5327
4 2041 5064 3894 5680
4 2772 2331 2773 4297
4 4001 4821 4233 4948
4 1693 4589 1694 5087
4 4111 4657 3975 5585
4 1103 1156 4739 4904
4 3868 4602 4420 5097
4 1429 1363 1854 5540
4 188 4267 4176 4780
4 4215 5058 4593 5675
4 2067 2926 2749 5284
4 2739 4357 5212 5384
4 1473 1471 1586 4381
4 4317 4940 3814 5650
4 841 5626 4497 5688
4 1671 4807 1517 5310
4 4520 4674 3763 4864
4 3954 2587 4534 5418
4 3620 687 153 4869
4 2769 2106 2934 5014
4 4482 5121 4326 5207
4 843 4497 845 5626
4 3353 4000 3354 5444
4 1736 1435 4294 5440
4 1441 3846 4894 5335
4 662 3584 4116 5409
4 1146 4122 4713 5616
4 899 764 2004 5644
4 1224 1311 1226 5091
4 2214 2804 5456 5716
4 1677 4314 1678 5638
4 3765 4203 4685 5269
4 4329 2407 4858 5326
4 3874 4196 5110 5454
4 1059 1000 2963 4532
4 3644 163 5057 5163
4 4680 5347 4488 5440
4 1239 1238 1237 5059
4 4076 4975 3845 5179
4 4082 3877 4456 4971
4 2146 2144 2205 5518
4 3840 4114 5075 5155
4 935 3893 917 5001
4 4411 1621 4607 4873
4 3982 4643 4050 4812
4 4174 4258 3865 5064
4 734 187 3714 5026
4 100 4166 4337 5363
4 4395 5205 5091 5696
4 4027 4343 3933 5567
4 1816 4399 1329 5429
4 1270 4638 1794 5232
4 547 3348 3347 5368
4 2742 2243 2141 4441
4 4163 5249 4305 5600
4 516 41 3994 4688
4 4425 5113 3835 5247
4 761 871 947 4469
4 1808 1299 4344 5170
4 1888 1616 4713 5250
4 2692 4310 2195 4965
4 2866 4683 3942 4938
4 4060 5213 4746 5677
4 3839 4715 4639 5583
4 4420 4524 4070 4550
4 790 4331 3999 4648
4 4118 5291 5076 5727
4 1063 4678 4561 4835
4 3548 4262 2524 5445
4 1356 5117 4374 5449
4 3790 4174 4316 5634
4 2519 2854 4886 5209
4 1180 2041 4922 5534
4 3584 3586 3583 5717
4 1015 1070 1065 4537
4 3875 4895 4491 5056
4 1117 1644 4756 5378
4 1848 1475 1473 4783
4 4308 5211 4188 5516
4 4189 4290 4838 5003
4 4109 4440 4620 4702
4 4014 4928 12 5489
4 4051 4273 4973 5618
4 496 4744 28 5260
4 3879 4150 5056 5299
4 3819 4029 4211 4743
4 1121 1164 1151 4082
4 2266 3973 2353 4820
4 2943 882 2944 5193
4 871 947 4469 5014
4 154 5456 686 5730
4 3789 4554 4385 4824
4 3957 4332 5176 5416
4 3386 3179 76 569
4 3144 4341 3060 5448
4 3645 3643 3646 5525
4 3932 4662 2694 5201
4 2786 4166 4479 5246
4 2484 3876 2925 5655
4 1384 1386 1783 4446
4 4181 5360 4289 5719
4 835 961 183 4750
4 523 3299 3298 5431
4 562 4770 4735 4913
4 3162 3019 4582 4786
4 1217 5109 5030 5623
4 1927 1658 1291 4966
4 1344 4621 4261 5307
4 1765 4464 1764 5412
4 1222 4395 1634 5091
4 1401 1399 5229 5685
4 2489 2768 2363 5297
4 1090 4225 1134 5376
4 2446 4879 4407 5653
4 3444 3443 595 5387
4 1904 1901 4223 5504
4 1945 1647 4570 5488
4 3076 4928 3075 5165
4 3832 4552 4537 5271
4 4285 3839 4715 4810
4 1816 1347 1329 4399
4 4210 3794 5235 5423
4 2471 4348 10 4921
4 4268 4399 3843 5172
4 4992 5222 3901 5539
4 2625 4040 4147 5141
4 4036 4898 4160 5005
4 4195 5067 4339 5116
4 4097 4471 3783 4643
4 1150 1145 1086 4230
4 2472 4348 4921 5459
4 156 4559 4549 5031
4 1116 1145 4230 5069
4 1870 4373 1303 5493
4 5316 5426 4205 5452
4 1452 5153 3845 5377
4 4066 4421 5203 5345
4 4510 4800 3775 5080
4 659 3565 3566 5189
4 657 3563 131 5189
4 2807 4841 4433 5635
4 1601 4763 4649 4866
4 1525 1886 1939 5411
4 25 4235 5044 5728
4 3891 4336 4756 5647
4 3882 4867 4618 5325
4 4381 3835 5113 5247
4 3923 5078 4240 5278
4 4682 4720 3872 5486
4 3492 621 3493 5187
4 188 4267 4780 5526
4 1791 1928 4474 5219
4 2434 2592 4760 4957
4 2832 4367 4191 4990
4 4074 3773 4708 5127
4 1261 1342 1263 4536
4 2126 2127 4184 5392
4 3697 3696 726 5346
4 4086 3896 5229 5394
4 3032 3165 4249 5707
4 3766 4531 4204 4825
4 2447 4867 2844 5266
4 3113 2980 1205 5448
4 3178 2985 3110 5097
4 2422 4578 3921 4676
4 1792 1237 1295 4386
4 1777 1855 1756 4435
4 3427 988 3425 3428
4 139 4271 4169 4737
4 4277 4564 4161 5111
4 4033 5106 4377 5262
4 600 97 3996 5309
4 4350 4510 3775 5080
4 3825 4326 5121 5318
4 3995 4594 4396 5074
4 1952 1847 4908 5112
4 3972 4933 4387 5403
4 103 3473 611 4883
4 4046 4361 5316 5713
4 2397 2395 3584 4116
4 1992 4217 4764 5420
4 1451 4435 1777 4969
4 4194 4641 4376 5196
4 4436 4615 4211 5687
4 3929 5408 4428 5452
4 3799 4789 4340 5311
4 49 4509 4020 4864
4 3804 4154 3994 5129
4 3905 3761 4260 5199
4 1028 4099 1053 5190
4 617 4347 109 5184
4 2034 4319 1869 5052
4 2896 2107 2779 5102
4 1503 1501 1559 5391
4 1089 1155 2064 4462
4 2917 2112 2964 4445
4 4094 3792 4757 5057
4 1940 1660 4877 5257
4 4336 5594 4756 5647
4 44 521 3291 5519
4 2931 4307 4069 5138
4 3984 4577 3781 4962
4 4564 5242 3048 5613
4 3827 4353 4437 5441
4 2885 4161 2084 4953
4 4025 3812 4106 5353
4 2251 4317 2239 4976
4 4647 4833 3785 4892
4 1636 1637 1544 5594
4 1125 1159 1083 4484
4 3787 4574 3943 5011
4 3879 4476 4389 5673
4 1064 4130 5228 5511
4 3790 4083 4534 5634
4 3403 3401 3402 5341
4 9 4545 5274 5580
4 4048 4457 3937 5720
4 3824 4422 4027 5342
4 1431 1430 1355 5211
4 2380 4901 4442 5446
4 534 53 2659 5527
4 4041 5123 4504 5142
4 4537 5271 4552 5582
4 3798 4652 4265 5110
4 2749 5212 4241 5688
4 712 3683 3682 4440
4 1350 1426 1412 5399
4 3803 4904 4218 5073
4 3783 4832 4631 4864
4 1191 3107 2982 4607
4 3891 4756 4336 5594
4 3017 4338 4786 5258
4 3784 4252 4160 4894
4 2779 4300 3970 4896
4 1070 4537 1015 5337
4 3823 5142 4433 5154
4 1678 4314 1676 4959
4 1504 4609 1505 5348
4 4001 4874 4371 5289
4 4419 4828 4214 5322
4 3814 3995 5131 5243
4 1115 1113 1114 4796
4 3457 600 3996 4947
4 97 4915 4090 5218
4 3866 4717 4426 5300
4 4091 4807 4010 5592
4 83 3405 578 5608
4 1325 4205 5705 5713
4 4192 4374 3810 5572
4 3350 3349 3351 5706
4 2696 2154 4841 5530
4 3894 4258 4174 5064
4 4089 4599 3780 4942
4 2074 781 722 4015
4 180 4581 4436 4750
4 3829 4765 4463 5457
4 1096 1126 1973 4516
4 4006 4562 2841 5344
4 2128 4526 2126 4981
4 2870 3947 990 5231
4 4005 4665 4278 5470
4 4371 4874 4001 5348
4 3021 3162 3166 4582
4 1021 4561 1067 4835
4 4046 4918 4324 5237
4 4532 4653 3910 5606
4 105 616 5017 5353
4 846 919 847 4432
4 3877 4810 4285 5280
4 3149 3084 3083 5084
4 3803 4516 4904 5719
4 4173 4438 4931 5304
4 4654 4760 4004 4957
4 3441 3443 3442 5605
4 530 51 3312 5294
4 4028 4827 4093 4910
4 1525 1357 5117 5411
4 3982 4643 3783 4674
4 506 34 4355 4802
4 3772 4216 4731 5267
4 530 3322 51 4168
4 3920 3783 4471 4643
4 1301 4970 1302 5225
4 3879 5056 4226 5299
4 3965 5039 4326 5262
4 2180 4332 4889 5416
4 1243 1244 4510 5062
4 3780 4942 4599 4967
4 52 4247 4172 4755
4 2923 2925 4380 5284
4 4009 4376 4718 5276
4 3868 4524 4420 4550
4 2400 2434 2591 5517
4 4600 5112 3883 5404
4 3922 4909 4279 4944
4 4575 4919 4284 5428
4 44 4154 521 5519
4 4075 3803 4235 4905
4 4649 4763 4248 5570
4 1553 1672 1628 5279
4 108 5065 623 5547
4 2074 722 178 5051
4 3777 4135 4547 5683
4 3896 3777 4637 5007
4 1791 1928 1930 4474
4 1890 5064 3865 5662
4 4395 4685 4203 5180
4 2848 2491 4235 5661
4 3979 4593 3816 5058
4 1692 4461 4708 4800
4 3059 1960 2980 5448
4 1504 1503 1505 4609
4 686 3622 3621 5730
4 1537 4513 1538 5304
4 1769 1767 1768 5106
4 2751 3987 2248 5466
4 4225 4456 4082 4963
4 2392 4254 2673 5478
4 969 4998 4134 5611
4 1523 1521 1887 4844
4 4059 5159 2603 5593
4 4164 4582 4420 5097
4 4095 4203 4048 5334
4 2422 3921 2598 4676
4 2594 21 2593 4719
4 1798 5145 4483 5440
4 175 4421 717 5345
4 5210 5529 4479 5558
4 3489 619 3490 5344
4 4439 4570 1647 5488
4 3923 4339 5078 5116
4 3882 4580 4318 5360
4 1928 1930 4474 5306
4 3268 32 504 5287
4 2078 2630 2519 4886
4 3958 5535 4765 5718
4 2839 2838 2416 4398
4 1830 1828 1829 4629
4 4667 4103 5043 5182
4 2739 4357 2371 5212
4 4476 4799 1017 5271
4 3761 4667 4260 5199
4 4497 4934 4241 5688
4 1802 1894 1526 4647
4 4058 4497 5361 5384
4 4227 3860 4705 5229
4 2627 4535 2731 5141
4 64 2701 553 4916
4 2848 4980 4235 5728
4 2937 2767 4469 5418
4 2385 2386 149 4356
4 4160 4071 4898 5335
4 4486 4646 4077 5393
4 3952 5210 4479 5558
4 3873 4561 4345 5337
4 3896 4637 3777 5684
4 1319 1851 1875 4256
4 1053 4099 3980 5190
4 1139 1164 1121 5450
4 1335 1537 1538 5304
4 4339 5120 1515 5672
4 2624 5497 2337 5566
4 156 5196 4549 5437
4 3799 4340 4936 5311
4 36 4716 3974 5139
4 3766 4363 3926 5071
4 3933 4487 4394 5022
4 3151 3053 4764 5084
4 3658 3656 3657 5114
4 4066 4421 4222 5203
4 514 4806 39 4829
4 3774 4179 4762 5224
4 3430 589 3432 5236
4 3894 4316 4174 5634
4 4420 4582 3836 5120
4 910 921 758 4697
4 4407 4867 2447 5266
4 3886 5109 5000 5562
4 2489 4360 2604 5297
4 4290 4789 4413 5595
4 2432 4901 2804 5716
4 734 2361 4281 5026
4 2695 2687 2691 3969
4 3899 4232 4694 5637
4 4581 4882 4104 5290
4 148 3600 676 5532
4 4395 3765 4685 5304
4 4484 5221 1159 5277
4 1639 5371 4413 5595
4 3827 4111 4467 5272
4 3875 4681 4895 5617
4 2754 16 4358 5589
4 2569 2567 2612 5487
4 113 4821 627 5061
4 4174 4316 3894 5680
4 2604 2489 2365 4360
4 2864 4224 3918 5573
4 4111 5272 4657 5585
4 3903 4255 5067 5116
4 4284 3790 4919 5472
4 2185 2184 2186 4463
4 1812 1813 4682 4720
4 1703 1512 4664 5099
4 1421 1661 1659 4877
4 1661 1940 1660 4877
4 3944 4529 2434 4957
4 1681 1682 4491 4895
4 169 4870 4018 5462
4 1338 1339 1351 4396
4 1160 1149 1100 5082
4 755 4061 196 4689
4 561 4206 4673 4773
4 4861 5391 4221 5627
4 3806 5089 4457 5392
4 1570 5020 3869 5312
4 4374 5354 1413 5640
4 2348 2700 2294 5453
4 3843 4417 5060 5330
4 916 4473 855 5239
4 4166 4337 3952 5066
4 3598 2715 146 4522
4 2134 2317 2136 4930
4 4061 4808 3802 5727
4 3098 4573 3146 5320
4 4012 4484 4403 5597
4 1724 1726 1437 5630
4 1543 4628 1646 5578
4 1640 4506 1966 5623
4 3622 687 3620 4869
4 4504 5093 4041 5142
4 817 4517 940 5216
4 1690 1504 1535 5054
4 984 1013 1012 4799
4 3787 4192 4443 5011
4 1562 2015 3871 5424
4 3412 2856 582 4745
4 1914 1916 1242 4800
4 2038 1208 2037 4316
4 2445 4879 2446 5653
4 4090 4723 3856 5365
4 749 196 4061 5191
4 1941 1417 4942 4967
4 3022 4786 4302 5258
4 638 4225 123 4379
4 3821 4048 4203 5334
4 2696 5530 4841 5635
4 2484 2925 3876 4703
4 4070 5411 4524 5672
4 3840 4607 4443 4873
4 4537 5256 4678 5582
4 2277 2275 5139 5495
4 36 3974 4716 5545
4 2432 2378 4437 5446
4 3767 4606 4430 4627
4 4064 5249 4680 5347
4 3844 4610 5148 5313
4 1021 1063 4561 4835
4 4464 4894 4252 5412
4 3265 508 36 5296
4 3307 2672 45 4471
4 1196 1078 1131 4890
4 4288 4393 3772 4592
4 2722 2723 4238 5659
4 1376 4553 1377 5147
4 3831 4116 4026 5038
4 148 4499 4291 5532
4 1617 4443 4607 4873
4 1409 1865 4567 5004
4 3938 4262 2861 4274
4 4212 3777 4637 5684
4 1074 4462 1141 5373
4 1614 4582 4420 5120
4 2362 2618 3715 733
4 3798 4795 4546 5020
4 1872 4809 4308 5449
4 1888 1967 2055 4713
4 4519 4991 3817 5528
4 4022 4636 4928 5164
4 3824 5137 4422 5152
4 1821 1701 2001 4601
4 4408 5238 4043 5293
4 2725 5149 4020 5273
4 3838 4040 4384 5372
4 1890 3865 5375 5662
4 166 4710 2702 4850
4 1241 1239 1343 4635
4 3889 4334 4816 5492
4 2015 5050 3871 5424
4 3309 531 4231 5048
4 2824 4482 2173 5624
4 2919 4015 2616 4153
4 1678 1677 1676 4314
4 3961 5461 5467 5648
4 2726 2625 4040 4147
4 189 737 3736 5241
4 4486 4577 3863 4743
4 89 4160 591 4727
4 3950 4968 4220 5738
4 2755 40 4688 4776
4 1557 1556 1558 4290
4 4350 3775 4510 5400
4 4170 4539 3934 5302
4 3915 4615 4436 5687
4 1122 1143 4016 5357
4 4036 4913 4898 5005
4 4103 4865 3991 5355
4 2628 2630 2629 4414
4 997 2054 1956 5424
4 3833 4429 4983 5156
4 2112 4445 2939 5590
4 3816 4074 4609 5340
4 3178 3020 2985 5097
4 2839 4398 2416 5246
4 3890 4242 4858 5088
4 2774 4326 2664 5318
4 1785 1791 1930 4474
4 1731 1353 1338 5074
4 1912 1535 1536 4942
4 3949 3785 4362 5560
4 563 4227 4280 4673
4 4303 4619 3796 4849
4 3535 123 638 4456
4 2500 3947 2870 4989
4 4278 5464 4005 5470
4 4311 3972 4933 5223
4 164 4362 701 5586
4 4243 4540 2311 5241
4 1903 4684 1341 5520
4 1857 1434 1859 5025
4 4135 4187 3902 4791
4 1443 4725 1877 4827
4 3845 3978 4458 5041
4 1708 5393 3863 5687
4 4001 4233 4089 4942
4 116 4543 4968 5726
4 3063 3060 3144 4341
4 3877 4426 4285 4810
4 3774 4563 4556 4982
4 4406 4667 3908 4918
4 1787 1786 1788 5724
4 4334 3889 5136 5425
4 4323 4414 4063 5024
4 4082 4814 4595 5300
4 4640 4709 4023 4941
4 2842 2552 2843 4614
4 4177 5327 4012 5552
4 67 4034 4363 5432
4 1557 1507 1556 4958
4 2243 4441 2833 5487
4 3026 2101 3096 4535
4 3029 5049 4535 5150
4 4051 5119 4501 5156
4 1373 5179 1433 5252
4 2432 4437 4901 5446
4 4460 5073 4218 5597
4 1996 1697 1879 4589
4 3755 4258 3757 5283
4 4085 4435 3793 4875
4 1855 4435 1451 5147
4 3174 5677 4953 5715
4 4085 4716 4003 4875
4 1192 2010 1606 4412
4 2559 5171 3986 5339
4 3777 5007 3896 5684
4 3787 4213 4809 5146
4 1001 4653 4532 5606
4 2696 4841 2807 5635
4 1230 4992 1231 5222
4 2546 2958 3914 5266
4 4163 4064 5249 5600
4 517 3295 3293 2656
4 1671 1358 1922 5310
4 3916 4489 4301 5681
4 3889 4816 4334 5136
4 611 3473 3472 4883
4 4046 4762 5224 5579
4 4618 4885 4289 5360
4 3842 4449 5238 5293
4 3895 4244 3982 4392
4 4194 3779 4641 5701
4 3971 5113 4197 5272
4 2134 2136 3913 4930
4 9 5274 4251 5580
4 3779 4359 4906 5724
4 1767 1764 1765 4464
4 3866 4728 4513 5669
4 1778 4621 1344 5307
4 3870 4777 4382 4819
4 4177 5433 4605 5454
4 1433 4472 1734 5252
4 2344 4092 4515 5175
4 3796 4205 4619 5426
4 1840 1587 2029 4383
4 2101 2627 2628 4535
4 4444 5521 2192 5651
4 3869 5164 1607 5509
4 4104 4211 4581 5290
4 4483 5145 3797 5440
4 849 848 763 3893
4 3896 3838 4508 5684
4 3734 743 191 5398
4 3832 4109 4620 4702
4 4484 4813 4403 5597
4 538 3321 3324 4876
4 4386 4514 4052 4949
4 3455 98 602 5339
4 3039 4135 3037 5683
4 1634 1222 1632 4395
4 1910 4461 1692 5080
4 25 5125 4235 5728
4 3987 4540 4243 5241
4 4447 4836 4312 5528
4 113 4298 4881 5455
4 1476 1531 1474 4740
4 4461 4800 1692 5080
4 1010 1056 1054 4852
4 871 959 947 5014
4 793 927 943 4532
4 4305 5173 4625 5600
4 4182 4753 3143 4928
4 1633 4438 1541 5035
4 4428 5607 2771 5695
4 1711 1949 1950 4619
4 1273 1924 1275 4377
4 667 3585 3584 5167
4 1816 4831 4399 5429
4 1649 3848 4907 5182
4 1623 4517 4838 5132
4 3952 5218 5066 5558
4 3809 4429 4178 5442
4 111 5547 5187 5622
4 4174 3894 5064 5680
4 3401 4102 79 5343
4 1111 1147 4569 5689
4 1408 5004 3846 5335
4 4335 4563 17 4709
4 3769 4870 3995 5074
4 4485 5227 4167 5404
4 3689 719 175 5609
4 4514 5018 4052 5174
4 3823 5154 4433 5381
4 3468 3469 3470 5188
4 2772 4297 2773 4301
4 1346 1350 1354 4496
4 4231 4674 4520 4864
4 3911 5550 4263 5653
4 4153 4597 3893 5406
4 2958 2088 2544 4830
4 3811 4240 5078 5278
4 2770 4324 2210 5513
4 4413 4789 4133 5595
4 4249 5049 3032 5707
4 1908 4346 1909 5248
4 996 1041 2095 4653
4 3953 5353 5065 5592
4 783 4478 893 5576
4 3844 5148 4767 5313
4 3208 11 477 4424
4 3208 3207 471 4424
4 479 3209 3210 4424
4 3584 4116 2395 5167
4 3836 4302 4502 5116
4 2661 4020 4131 5273
4 4285 4426 3877 5280
4 4166 5066 3952 5218
4 2171 2172 4367 4662
4 3783 4050 4643 4812
4 1634 5035 1946 5742
4 1787 1788 4359 5724
4 4589 4640 4023 4941
4 3057 5084 4632 5301
4 981 5216 892 5298
4 2889 2757 2758 5677
4 4163 3934 5249 5347
4 3914 4569 2958 4830
4 4218 4761 3803 5073
4 4257 3910 4929 5421
4 3832 4620 3921 5673
4 3976 4656 4393 5741
4 3896 5229 1423 5358
4 1113 4180 1114 4796
4 629 116 4175 4880
4 2703 2807 2427 4186
4 754 3999 3753 4648
4 3950 4175 4543 4968
4 3995 4594 5074 5215
4 3949 3785 4123 4768
4 749 4061 3758 4624
4 43 4244 4193 4804
4 791 2102 2853 5571
4 2053 2046 1679 5469
4 2466 4585 2469 5383
4 3786 4514 4386 4949
4 4384 5372 5049 5698
4 3167 4547 3039 5683
4 57 4659 4224 5573
4 470 3203 11 5460
4 187 4533 3998 5026
4 3793 3974 4650 5545
4 2598 3921 2422 4578
4 1317 1949 1327 4619
4 990 1067 3947 4835
4 2385 3919 2383 4356
4 4595 4814 4082 5450
4 4266 5399 5291 5617
4 3843 5235 4417 5330
4 4121 5185 4257 5239
4 4094 3931 5124 5496
4 1806 1294 1779 4423
4 3952 4976 4337 5363
4 1919 1916 4800 5323
4 4407 4879 2446 5417
4 3174 4856 5677 5715
4 4009 4549 3857 5232
4 1022 1072 1067 3947
4 2603 4522 2412 5159
4 1483 1782 4962 5405
4 1333 4596 4943 5074
4 5251 5372 4147 5555
4 139 4529 4169 5679
4 3896 4637 4454 5007
4 4495 5213 2334 5495
4 2550 2841 4006 5503
4 4314 4959 1678 5638
4 3371 559 3372 5432
4 4767 5148 3844 5516
4 3144 4170 3180 5569
4 2499 2600 2957 5135
4 3892 4549 4009 5232
4 2269 4656 3990 5217
4 3805 4151 5244 5686
4 4000 4531 3926 4637
4 958 869 4083 5092
4 1695 4217 1992 5420
4 1325 5705 1871 5713
4 4144 5106 4464 5262
4 3958 5144 4765 5535
4 639 4208 3526 5632
4 4346 5248 4794 5686
4 3447 599 3445 4465
4 2912 3893 2085 4721
4 4212 4637 4000 5086
4 2752 2340 2338 4698
4 3393 573 75 5476
4 2158 4876 50 5294
4 4460 5073 3867 5397
4 3274 3273 511 5413
4 2447 2448 2844 4867
4 4099 4411 5075 5155
4 4405 4997 1883 5198
4 3805 4346 4794 5686
4 3851 3970 4300 5401
4 4211 4436 3915 4615
4 3119 2854 2994 4886
4 4501 5077 4051 5156
4 647 124 4173 5016
4 4309 5260 4667 5426
4 699 161 4246 5057
4 2017 4462 2039 4890
4 3775 4004 4654 4988
4 3788 4387 3935 5439
4 2195 2692 2567 4310
4 3143 4753 4295 4928
4 4464 5106 4033 5262
4 3580 3579 2396 661
4 2315 2409 4002 4769
4 131 4935 4351 5200
4 915 4633 3999 4771
4 4130 5511 1064 5678
4 2182 5181 4332 5416
4 2563 618 3482 5017
4 3821 4457 4048 5334
4 1136 1074 1092 4445
4 4119 4357 3834 5422
4 1043 1019 1021 4561
4 3912 5005 2304 5317
4 3923 5278 4240 5336
4 1282 1876 1316 4391
4 4150 4622 3879 5056
4 3921 4620 4127 5673
4 3060 4908 3059 5448
4 3653 3652 703 2795
4 2695 3969 4278 4590
4 4396 4538 4055 4940
4 2458 4340 2457 5311
4 4098 4870 169 5737
4 809 952 5000 5562
4 3779 4906 4474 5724
4 3275 3276 3273 5581
4 1236 4599 4946 5059
4 4066 4818 4611 5198
4 2531 4354 4936 5311
4 4131 4509 52 4755
4 2267 2268 2269 5217
4 1540 4438 1539 5304
4 2765 4699 5175 5566
4 1570 2007 3869 5020
4 3890 4911 4242 5088
4 3981 5269 3765 5669
4 9 4322 4251 5274
4 1698 1165 2036 4490
4 2729 2733 2732 4212
4 4220 4968 4543 5726
4 183 3710 731 4380
4 3816 4329 4117 5058
4 2071 871 4469 5014
4 3037 4135 5151 5683
4 3968 4965 4310 5130
4 2252 2239 2251 4317
4 1199 2984 1625 4582
4 1252 4416 1253 5618
4 1146 1095 1157 5616
4 1818 5047 4228 5685
4 1441 4894 3846 5660
4 1404 4845 4608 5412
4 4327 4901 2803 5716
4 1871 1885 1336 5713
4 4025 5017 4106 5126
4 2771 2580 2227 4428
4 1227 4459 1321 5183
4 3955 4878 4482 5121
4 4108 4735 2318 4770
4 1822 1513 4601 5575
4 3884 4264 5361 5643
4 2145 4311 2194 5105
4 3888 4651 4780 5734
4 3882 5094 4580 5488
4 2273 4299 509 5139
4 2434 2400 4529 5517
4 2933 2769 2768 5297
4 3755 753 3757 4258
4 3584 3583 4116 5717
4 1870 4926 1326 5310
4 1764 1766 4400 5027
4 4101 5139 2275 5495
4 3803 4885 4081 5360
4 4115 4551 4214 5565
4 2028 837 1203 4523
4 2835 2556 4782 5171
4 3070 4579 5514 5546
4 3845 4288 4076 5328
4 2273 2275 2759 5139
4 3865 4174 5064 5680
4 1433 1733 1734 4472
4 2069 2602 2901 4293
4 4552 5271 3832 5673
4 3838 4040 5372 5555
4 4212 4637 4508 5684
4 2013 1892 1602 4196
4 1690 1691 1502 5127
4 1568 1689 1885 4758
4 3998 4533 187 5711
4 116 3520 4543 5333
4 4609 4874 4190 5348
4 1275 4377 1924 5106
4 1306 5077 4501 5485
4 4556 4945 1566 5479
4 169 4893 4870 5462
4 4554 4827 4093 5257
4 739 186 2359 3726
4 1104 2056 1077 4713
4 4086 5372 5251 5555
4 4765 5535 4463 5718
4 2431 2800 2801 4049
4 2478 4265 2475 5507
4 1305 4350 4784 5080
4 861 5052 4284 5359
4 4311 4899 3972 5223
4 2899 3970 4358 5549
4 3797 5022 4294 5347
4 26 3251 494 4613
4 3785 3949 4100 4768
4 4084 3896 4637 5358
4 2464 2936 4127 4552
4 4749 4797 4305 5249
4 196 4138 5633 5667
4 167 707 5009 5560
4 35 4355 506 5725
4 1399 5358 5229 5685
4 1856 4720 1805 5665
4 753 195 4648 4785
4 3117 564 73 4338
4 1554 1629 1630 4865
4 2660 2661 2725 4020
4 4163 4749 4305 5249
4 4170 4488 4341 5448
4 2514 3966 2525 5258
4 3888 4651 4176 4780
4 3626 690 3624 5451
4 3715 3714 3716 5711
4 3081 3189 3164 4951
4 1590 5352 4575 5619
4 4734 4973 4273 5618
4 3955 5121 4482 5207
4 659 4571 4120 5676
4 972 842 963 4241
4 4667 4744 4103 5182
4 3524 123 639 4379
4 2288 4394 2286 5273
4 187 5026 3998 5711
4 691 3633 3632 5456
4 3786 4881 4007 5059
4 2714 2068 2880 4276
4 693 159 3637 5498
4 1731 4594 4396 5211
4 3827 4437 4049 5441
4 2861 4262 2437 4274
4 1582 5250 1581 5652
4 2024 1833 1186 4306
4 733 3715 2362 5026
4 3787 4574 4873 5430
4 1409 1407 1865 5004
4 3597 3596 3595 5646
4 1345 4892 4214 5628
4 4419 5500 1279 5628
4 2282 2281 2280 4154
4 1850 4621 1843 5208
4 1959 3072 4451 5707
4 3796 5426 4428 5452
4 4870 4893 169 5737
4 2162 2164 2163 3907
4 2567 4310 2692 5487
4 185 4369 4100 4768
4 3874 4763 4649 5570
4 2642 3355 4000 4752
4 4166 4479 3811 5558
4 2645 61 2734 4752
4 3952 4479 4166 5558
4 507 3262 4355 4802
4 4335 3859 4941 5402
4 3851 4335 4640 4941
4 2696 2156 5530 5635
4 814 956 4506 4872
4 3919 4743 4029 5382
4 4489 4863 4317 5210
4 4397 4614 3878 5326
4 3953 4965 4347 5184
4 3953 4347 4025 5184
4 65 555 5551 5631
4 4617 4766 3802 5692
4 2513 2854 2519 5209
4 3926 4000 4637 5086
4 3788 4435 4193 4650
4 4141 4871 1284 5095
4 539 52 4172 5305
4 677 148 4186 5037
4 3077 3170 3099 5164
4 140 4178 665 5045
4 1161 4756 4016 4796
4 3085 2014 3002 5514
4 109 3497 2133 4347
4 4274 4426 3877 4810
4 3917 3996 4915 5309
4 3981 3765 4263 5016
4 3687 4578 2422 5609
4 1100 1097 5386 5719
4 2521 5090 4102 5343
4 4045 4387 43 5431
4 564 3382 3384 4338
4 25 5044 4427 5260
4 4451 5150 3177 5233
4 2399 4068 5409 5517
4 3767 4430 4176 4627
4 1481 4352 1480 4995
4 2228 2229 2220 4325
4 2279 2704 2277 5495
4 4386 4052 5314 5436
4 1540 1541 1539 4438
4 4308 5148 1431 5516
4 3159 3068 3173 4579
4 3762 4240 5278 5336
4 3798 4573 3928 4652
4 2134 3913 2135 4347
4 4052 4949 4514 5174
4 1650 1941 1652 4967
4 1521 1353 4594 5215
4 4515 5116 4502 5209
4 1870 1517 4373 5310
4 2286 2284 2683 5149
4 52 539 4172 4668
4 936 967 880 5240
4 2275 4101 2759 5139
4 1094 1141 1131 5373
4 2127 2550 4006 5392
4 3886 4062 5030 5623
4 477 11 3203 5541
4 504 4656 3967 5287
4 1744 4985 1833 5007
4 3889 4480 5425 5481
4 610 103 3465 5395
4 1623 1987 4517 5132
4 4557 4793 3782 4932
4 5224 5237 4481 5482
4 3253 3254 496 4427
4 1521 1353 1731 4594
4 3777 4000 4531 5444
4 1928 4474 5219 5306
4 653 5374 3554 5621
4 867 5136 866 5315
4 2717 2433 2382 4442
4 1038 1024 2871 4678
4 2686 4836 4447 5603
4 866 5052 862 5315
4 2207 5381 2674 5635
4 4185 3901 4822 5735
4 663 4686 137 5679
4 4330 3796 5408 5452
4 856 854 4929 5239
4 2110 2720 182 4380
4 3590 4271 143 5008
4 124 647 4173 4728
4 972 4241 963 5688
4 3817 4194 4559 4704
4 908 2098 766 5654
4 2582 2089 4226 5068
4 3164 3000 3092 4544
4 1319 1851 4256 5288
4 2344 2345 4515 5261
4 1465 4707 1589 5492
4 4014 4295 2508 5383
4 2347 2346 2416 4677
4 2421 4676 2423 5135
4 710 2584 4279 4701
4 3139 3010 3015 5075
4 2651 2155 2657 4017
4 3573 3572 3571 5679
4 1480 4450 1532 5364
4 4284 3790 5092 5428
4 2162 3907 2163 5464
4 4073 4619 4303 4907
4 3840 3943 4574 5011
4 2232 2584 2355 4279
4 4094 4264 4729 5422
4 2972 3062 3061 4224
4 743 4176 188 4693
4 3882 4867 4920 5682
4 4667 5260 4073 5426
4 4329 4858 2455 5367
4 3562 3559 3561 5081
4 4634 4767 3844 5516
4 3932 4140 3791 4961
4 3839 4513 4715 5583
4 837 770 1203 4523
4 2154 2152 2693 4304
4 4206 4773 561 4987
4 188 4176 743 5398
4 4202 3865 5283 5662
4 3941 5237 5224 5482
4 4160 4913 4036 5195
4 2975 3027 3028 4384
4 1829 4629 1832 5007
4 1227 4822 4459 5183
4 3792 4817 4146 5057
4 2456 4340 4858 5326
4 1907 1527 1908 4794
4 1562 4873 3871 5430
4 3921 3873 4676 5596
4 4631 4674 3763 4843
4 1513 5524 4601 5575
4 2791 3949 4854 5548
4 1427 1566 4556 4945
4 4064 4680 4294 5347
4 3146 2969 3090 4573
4 1791 4474 1785 5724
4 4474 5161 3779 5724
4 3658 3655 703 4604
4 4053 5062 4510 5587
4 5206 5535 4463 5639
4 962 833 179 5351
4 4117 4329 3816 4874
4 922 816 4911 5088
4 1993 4478 1823 5611
4 3826 5024 4515 5175
4 3733 3730 3732 4267
4 1072 990 1067 3947
4 1017 1051 1049 4476
4 1845 3847 5227 5404
4 2058 1188 1647 4230
4 4247 4509 49 4864
4 4293 5038 3831 5063
4 4103 4865 4565 5279
4 2247 4031 5060 5466
4 3738 3740 3739 5702
4 2126 2125 2127 5392
4 3879 4996 4222 5673
4 3063 3163 3060 4341
4 3932 3791 4367 5031
4 2127 4006 4184 5392
4 1696 1694 1996 4589
4 4025 3812 5592 5736
4 2471 5460 4348 5695
4 961 4380 183 4750
4 3840 4411 4607 4873
4 1668 1722 1669 4375
4 4146 4275 4094 5057
4 1833 4306 1829 5007
4 2514 4994 3966 5186
4 3941 5224 4481 5482
4 193 747 4714 5702
4 4769 5011 4002 5572
4 2393 4026 2601 5159
4 2427 4186 2807 5588
4 14 2466 476 3214
4 3943 3787 4301 5608
4 4039 5418 2587 5641
4 2475 4265 5013 5459
4 4650 3935 5537 5545
4 597 3447 3446 4453
4 3842 4407 4152 5417
4 76 4011 575 4751
4 3361 65 556 5555
4 1205 1964 4488 5448
4 3847 4204 4531 4825
4 2013 4196 1602 5515
4 2823 2822 2571 4468
4 1180 4922 877 5534
4 3537 643 3538 4456
4 2483 2611 2610 4712
4 1988 4582 1625 5097
4 1319 1875 1286 5032
4 1632 1220 4685 5180
4 3878 4329 5003 5326
4 107 614 3488 5350
4 2146 4899 4503 5442
4 714 3674 173 5366
4 1615 1947 2050 4460
4 3168 3009 4751 5341
4 2626 2906 2628 4323
4 1929 1926 1790 5410
4 1317 4406 4926 5493
4 3822 5140 5506 5624
4 1791 4474 5161 5219
4 2438 2235 3981 4781
4 3776 4493 4185 4954
4 2603 5159 2602 5593
4 2940 4331 790 4648
4 4029 4442 3819 5446
4 4133 4675 4459 5739
4 4096 4676 2421 5135
4 4261 5223 5023 5587
4 2514 2525 3966 4994
4 4261 5023 1247 5587
4 3060 4341 3124 4908
4 2363 2768 2361 5026
4 100 604 3468 4201
4 4361 4762 3774 4945
4 4112 4664 3881 5658
4 161 4246 4140 5525
4 3972 4804 4387 5439
4 1374 5179 4875 5377
4 1661 1937 1940 5660
4 3819 4104 4437 5290
4 1356 1357 1413 4374
4 2748 4425 2373 4882
4 4089 4821 4001 4942
4 129 4203 652 5621
4 916 788 874 4473
4 4346 3782 4501 5119
4 4554 4093 4877 5257
4 2853 4456 2862 4963
4 851 782 2067 5284
4 4421 4620 3849 4702
4 3832 4490 5271 5596
4 29 4309 2849 4840
4 4537 5271 4490 5596
4 1324 1317 4406 5182
4 1595 1596 1414 4524
4 935 849 917 3893
4 99 5021 603 5407
4 2437 2861 2524 4262
4 3799 4354 3942 4571
4 2207 2696 2807 5635
4 3860 5047 1400 5685
4 3825 4326 5039 5121
4 3851 4640 4589 4941
4 2181 2321 2606 5521
4 2314 2496 2495 4364
4 2557 4237 2556 5171
4 3981 4781 2235 5508
4 3826 4515 5070 5175
4 540 56 3334 5573
4 4428 5452 3813 5695
4 3876 2484 4703 4882
4 3780 4599 4089 5622
4 3785 4891 4362 5560
4 3962 4520 4183 5294
4 1676 4314 1677 5692
4 4360 5214 3889 5297
4 1524 4702 1561 5085
4 912 4816 923 5136
4 3848 4318 4075 4427
4 4441 5105 3818 5168
4 3848 4075 4318 5133
4 4146 4853 4115 4961
4 3984 4597 4432 5036
4 1106 1107 1105 5327
4 60 4791 4187 5444
4 3828 5521 4444 5651
4 1788 1289 1787 4359
4 8 3192 468 5580
4 2749 4241 5212 5655
4 855 5239 4473 5501
4 2192 2669 2177 4444
4 4094 4757 4146 5057
4 3114 2880 2986 5242
4 3798 4348 3928 5645
4 2238 4976 2233 5462
4 2231 2246 2234 4417
4 3826 4587 4323 5566
4 3874 4265 5245 5570
4 4007 5059 4089 5226
4 4303 5397 1583 5652
4 3058 2891 2104 5677
4 1972 2036 4799 5096
4 3798 3928 4545 5645
4 1973 1166 1096 4516
4 3824 5152 4422 5342
4 1191 1620 3107 4607
4 3872 4229 4797 5486
4 3815 4441 4175 5130
4 3551 129 652 5621
4 1345 4214 4892 5565
4 1613 4582 1614 5120
4 3035 4306 3190 5683
4 1324 4406 5043 5182
4 3874 4196 4763 5245
4 1472 1721 1529 4729
4 129 4639 4203 5269
4 3032 4249 3165 5698
4 520 4269 41 4700
4 3925 4866 5454 5515
4 1333 4943 1322 5074
4 3832 5271 4537 5596
4 167 4710 3949 5160
4 2070 2730 2728 4384
4 1920 4767 1600 5148
4 4053 4311 4933 5223
4 4574 4598 81 5155
4 1999 1608 4544 5402
4 4335 4709 4640 4941
4 1713 1712 1669 4731
4 3766 4637 4084 5071
4 3892 4009 4742 5504
4 4031 5060 4325 5172
4 4013 4466 3805 5588
4 4303 4849 3796 5072
4 1965 1205 1740 5448
4 3905 4103 3761 5199
4 3950 4503 5168 5400
4 2133 4347 3497 4930
4 3548 649 3549 5445
4 4507 5169 1382 5693
4 3878 4958 4290 5003
4 2986 4276 3171 5242
4 1368 5055 4592 5098
4 3990 4393 3976 4656
4 1978 1196 1131 4890
4 92 599 3449 4910
4 1441 5257 1936 5660
4 2290 4027 2291 5494
4 1526 1891 1718 4647
4 3882 4920 4439 5682
4 2850 3993 4980 5728
4 3960 4562 4298 5143
4 1070 1038 994 4678
4 2238 2222 2233 4976
4 156 4367 4559 5031
4 2051 4959 4130 5511
4 1971 2057 1187 4345
4 4396 4940 3814 5731
4 4014 3800 4518 5165
4 3056 3176 4856 5301
4 3944 4760 4654 4957
4 532 49 4247 4509
4 1812 1805 1813 4720
4 1771 4812 5192 5693
4 2305 3912 2304 5317
4 2000 1209 3099 4636
4 113 5455 4881 5559
4 3154 3093 2064 4462
4 3833 4429 4045 5385
4 1553 5279 1627 5714
4 1051 1017 1016 4476
4 2137 4965 2136 5455
4 3790 4316 4174 5472
4 4335 4358 3970 5549
4 3577 664 140 5612
4 1099 5321 4570 5386
4 1627 5279 4865 5714
4 3844 4561 3947 5666
4 4352 4504 3781 5405
4 96 600 5309 5339
4 4697 4750 3915 4902
4 3961 4328 4924 5648
4 4101 4299 3830 5213
4 3011 3008 4011 4751
4 3904 4495 4101 5134
4 4003 5179 4372 5377
4 3797 4483 4294 5022
4 2328 4585 478 5332
4 3815 4441 5427 5738
4 930 756 927 4532
4 1815 1703 1512 4664
4 1283 1927 1285 4494
4 3099 2970 2000 4636
4 4154 5173 3804 5519
4 4164 4550 4420 5700
4 2421 4096 713 4676
4 3166 3162 2984 4582
4 1474 4783 4197 5614
4 3982 4674 4631 4843
4 2456 4858 2407 5326
4 2157 2158 50 5294
4 1000 2916 2963 4532
4 900 831 4646 5393
4 1021 1019 1020 4561
4 479 12 4014 5383
4 1856 5025 4720 5665
4 3878 4675 4371 5289
4 4115 4377 3822 5506
4 1137 1141 1074 4462
4 3867 4403 4813 5597
4 3879 4622 4266 5056
4 3713 2720 728 4703
4 1822 2001 1998 4998
4 2128 2851 2126 4526
4 4352 1480 4995 5364
4 3871 4411 4099 4598
4 1814 1813 4342 4682
4 1016 4476 1017 5271
4 4016 4717 4082 5357
4 1123 1161 1085 4756
4 3069 3173 3068 4412
4 3896 4280 4084 4637
4 4334 5136 4816 5425
4 4164 4338 3966 4786
4 2584 170 2783 4701
4 1066 1008 1009 5299
4 3796 4849 4619 5705
4 3767 4430 4606 4834
4 3997 4533 4065 4868
4 1246 1305 1244 4350
4 4298 4562 2317 5143
4 25 5044 3993 5728
4 1724 1831 1727 4694
4 3807 4663 4394 5149
4 817 818 940 4517
4 2895 4238 2723 5654
4 4229 4797 4305 5129
4 4051 4973 4304 5156
4 3891 4756 4796 5647
4 2221 4397 2843 5503
4 3816 4609 4221 5340
4 3868 4550 4420 4602
4 2080 760 2943 4633
4 4043 5035 4395 5091
4 2476 5013 2473 5459
4 4149 3810 5210 5529
4 2230 2231 2232 5502
4 3832 4620 4109 5596
4 4325 5060 4031 5466
4 3789 4494 4199 4966
4 3797 4691 4163 5347
4 1364 1365 1366 5055
4 3007 3014 4411 5075
4 4352 3781 4504 5123
4 4123 3785 4891 4892
4 2793 5191 4138 5670
4 4062 4203 3821 5202
4 4102 79 4769 5011
4 3959 5206 4463 5639
4 1272 1315 4638 4853
4 3790 3954 4174 5634
4 2200 3905 2316 5474
4 1040 1003 5228 5511
4 1676 4681 4314 5692
4 4463 5535 3820 5718
4 2383 3919 2385 4950
4 1156 4904 1103 5719
4 1966 4506 5562 5623
4 1135 1143 1119 4379
4 4304 5385 4087 5530
4 1236 4946 1235 5059
4 1382 4507 1383 5169
4 3401 3403 575 5341
4 3822 4444 4038 5624
4 4140 4246 161 4961
4 3228 3229 3227 5324
4 1662 4967 1229 5539
4 1873 5313 5148 5430
4 51 4017 3312 5294
4 2203 5126 2770 5513
4 1885 4758 1673 5671
4 3864 4512 4062 5030
4 468 5536 8 5580
4 2769 2490 2768 4281
4 4442 4901 4327 5467
4 2472 2471 10 4921
4 11 477 4424 4541
4 2731 4384 2728 5141
4 2734 2642 61 2645
4 3075 3143 4295 4928
4 2157 4017 2156 5294
4 3986 4237 4110 4824
4 2008 2004 1703 5644
4 4028 4465 4093 4827
4 2343 4292 2777 5261
4 1645 1416 1296 4954
4 925 980 4480 5136
4 2137 2135 2136 4965
4 3956 5234 4498 5487
4 4399 5330 4054 5429
4 2786 2425 2839 4479
4 2340 2574 2312 4521
4 1730 4741 4448 5067
4 3277 3280 3278 5328
4 1075 1156 1149 4289
4 1312 1658 1657 4966
4 1368 4592 1370 4917
4 2109 13 4295 4753
4 708 168 3669 5253
4 4429 5156 3833 5471
4 4420 4550 4164 4602
4 4326 5039 4033 5262
4 3915 4581 4211 4615
4 3659 707 164 4551
4 1252 5077 4416 5618
4 4144 3822 5262 5322
4 3844 3947 4297 4610
4 2740 4497 2928 5384
4 1122 1151 1143 5357
4 4303 4907 1950 5397
4 2157 2155 2156 4017
4 135 4120 5000 5676
4 3970 4616 4300 5102
4 4756 5594 4016 5647
4 2310 4540 4031 5466
4 1814 1168 1979 4612
4 2887 2523 5088 5367
4 4174 5472 4316 5680
4 4422 4842 3933 5494
4 1296 1416 1300 4565
4 3817 5528 4447 5701
4 1097 5321 1099 5386
4 3959 5206 4492 5484
4 2818 4331 746 4534
4 4353 4657 2374 5441
4 754 199 3999 4633
4 1570 2007 1607 3869
4 2256 2313 2257 5356
4 1447 1514 1515 4339
4 2620 4666 737 5268
4 2371 4357 2369 5390
4 3645 3646 697 5525
4 3393 4364 3395 5275
4 1665 4514 1235 4946
4 3332 3331 3330 5664
4 4245 5481 3834 5491
4 57 4069 3337 5103
4 1753 1772 1934 4812
4 1783 1934 1420 4812
4 3895 4621 4193 4804
4 3988 4893 4870 5737
4 3906 4887 4470 5330
4 4359 4641 4194 4704
4 1351 1731 4396 5211
4 4305 4797 4229 5486
4 4031 5172 4325 5466
4 4849 5072 4303 5480
4 1657 1656 1312 4554
4 2074 4015 722 5051
4 1013 4537 1014 5271
4 3766 4531 4454 4637
4 115 627 4821 5061
4 1702 4145 5099 5644
4 4033 5039 4464 5262
4 2950 5277 4739 5661
4 4496 5235 3794 5291
4 3832 4109 4702 5596
4 3769 4538 4396 4940
4 5109 5562 3886 5623
4 2480 2479 2481 5723
4 2469 2754 16 4358
4 835 832 4750 5220
4 4124 3889 5214 5297
4 3078 4544 3158 5165
4 1595 4524 1414 5411
4 659 3569 132 5676
4 1360 4945 1427 4982
4 1318 1333 4596 4943
4 4148 5062 4510 5168
4 1038 2871 2949 4678
4 2478 4787 4265 5507
4 4175 4968 3950 5738
4 2786 4479 2839 5246
4 2968 3042 3043 4612
4 2626 2628 2627 4323
4 3790 4534 3954 5634
4 1486 1527 4794 5415
4 4434 4722 4263 5016
4 1699 1700 4345 4844
4 2716 2247 4031 5060
4 3827 4740 4223 5107
4 2571 2823 4468 5736
4 662 4116 139 5409
4 1699 4844 4490 5697
4 2891 5301 2635 5677
4 1285 1291 1287 4724
4 4063 5233 4448 5473
4 4099 4411 3871 5424
4 4493 5091 4043 5205
4 1298 1810 5046 5577
4 2327 2469 4358 5589
4 969 852 4998 5611
4 771 919 846 4432
4 1760 1783 1825 4370
4 4354 4936 3942 4938
4 2464 2874 2872 4389
4 4142 5091 4493 5205
4 1653 1939 4588 5157
4 2180 2182 4332 5416
4 4135 60 4752 5444
4 4049 4111 4790 5465
4 4497 5212 4357 5384
4 1727 4451 1831 5707
4 1992 4402 1991 5420
4 1234 1236 4599 4946
4 3815 4007 4968 5738
4 1056 1008 1066 5068
4 1812 4682 1837 5230
4 3960 3780 4821 5622
4 4102 4751 79 5011
4 159 3634 694 5465
4 3771 4522 3930 4696
4 3867 4813 4403 5723
4 2156 5294 4017 5530
4 3825 4206 4108 4987
4 1188 4230 2058 5378
4 4862 4924 4328 5648
4 3715 4854 3998 5711
4 2741 2808 2809 5588
4 1623 4838 1555 5132
4 3879 4389 4127 5673
4 143 4254 4505 4788
4 3913 3786 4347 5065
4 2386 677 4186 5037
4 134 2857 2866 4938
4 636 120 3525 5632
4 2156 4017 2155 5530
4 494 4956 4152 5325
4 3796 4428 4712 5408
4 2581 4410 2875 5068
4 4035 4906 5083 5137
4 3793 4650 3974 4688
4 1305 4784 1915 5080
4 1926 5027 4156 5410
4 2834 2660 2683 5149
4 3094 2991 3172 4539
4 4071 4465 4028 5004
4 2370 4119 2753 5163
4 1482 1483 1484 5405
4 1013 1015 4537 5337
4 4702 5096 3832 5697
4 3909 3769 4337 5066
4 47 3300 526 5388
4 3834 4094 4511 5422
4 4431 4836 3817 4991
4 1640 5371 4506 5623
4 2032 1189 1881 5564
4 3892 4742 4223 5504
4 3073 3074 2999 4518
4 2787 2421 2423 5135
4 3814 4940 4317 5731
4 3741 745 2588 4900
4 3976 4355 3772 5443
4 1540 1538 1544 4931
4 4044 4494 5206 5396
4 2266 2353 2268 4820
4 2316 3905 4736 4848
4 3879 4622 4476 5673
4 3958 3987 4780 5268
4 774 1179 4506 5562
4 4040 4147 5372 5555
4 3562 2115 134 4730
4 3784 4913 4160 5195
4 3971 5422 4119 5585
4 4858 5088 2523 5367
4 2775 4463 2184 5181
4 791 2853 805 5571
4 4245 5492 1465 5729
4 1744 1801 1741 4454
4 1880 4672 1862 5085
4 3818 5105 4441 5263
4 2660 4020 2725 5149
4 4452 5147 4553 5204
4 1226 1311 1951 4493
4 4468 4775 3808 5174
4 4243 3954 4606 4627
4 821 902 825 4738
4 4020 5149 3807 5273
4 557 68 3378 4555
4 587 87 1029 5744
4 3903 5116 4515 5209
4 3950 4220 4543 5726
4 1494 1493 1495 4645
4 2325 2281 2737 5129
4 5454 5552 4122 5616
4 1952 2031 1745 5303
4 134 2117 656 4938
4 2072 3073 4518 5102
4 1262 1261 4536 5100
4 1948 1583 1950 5397
4 4378 4955 4078 5691
4 1362 4982 1361 5270
4 2153 2155 2651 4087
4 3922 4996 4222 5203
4 1529 1899 1898 4757
4 2406 2436 2842 4614
4 1339 4538 1889 5117
4 2657 4231 2653 4826
4 2951 2095 2875 4410
4 2639 2712 2737 4749
4 3820 4100 4369 5176
4 3989 4832 4509 4864
4 4103 4667 3761 5199
4 2551 2539 5311 5720
4 4610 4213 5148 5313
4 3435 2307 88 5317
4 2486 5212 4425 5655
4 4226 3875 4801 4852
4 4577 4743 3781 5405
4 2229 2220 4325 5502
4 3773 4461 4169 4988
4 3839 4351 3938 5200
4 2721 5038 4116 5659
4 1875 4256 1851 5734
4 1411 1456 1348 4651
4 12 4928 4022 5489
4 3169 3181 3040 5303
4 973 4380 836 4902
4 1966 4506 1640 5562
4 518 4387 2743 5431
4 3197 3195 3198 5536
4 3952 4166 5218 5558
4 3864 4839 4120 5030
4 2029 4383 1587 5729
4 855 4473 916 5501
4 4618 4867 3882 5682
4 2776 4666 4021 5181
4 4259 4992 4349 5187
4 4089 5059 4599 5226
4 65 3374 4280 5551
4 4326 4811 3965 5262
4 2571 4468 5126 5736
4 3000 4544 3164 4951
4 2808 4841 4466 5588
4 2736 2432 2378 4437
4 2562 2841 4562 5344
4 2605 4480 2933 5297
4 2715 4522 3598 5028
4 4090 4588 4008 5558
4 4382 4819 4777 5654
4 1703 5099 4368 5644
4 4308 5211 1355 5449
4 3783 4674 3920 4864
4 4002 5011 4192 5572
4 1969 3121 1620 5477
4 2668 5387 4558 5651
4 4036 4735 4108 4913
4 784 905 288 2868
4 1631 4413 1639 5371
4 845 964 933 5118
4 3823 5142 5154 5381
4 894 249 1202 773
4 1243 1245 1244 5062
4 2482 4813 2848 4980
4 4866 4890 3925 5454
4 3894 5240 4316 5634
4 4682 5230 4200 5486
4 2351 4688 3974 4806
4 879 915 760 3999
4 18 2261 4366 4939
4 2813 4178 2811 5442
4 2766 4039 2587 5641
4 3741 4534 3738 4900
4 1798 1389 1387 4483
4 4146 4757 4275 5124
4 3865 4714 4268 5283
4 4261 4792 4155 5471
4 2559 2557 5171 5339
4 1384 1382 5169 5693
4 3836 5116 4339 5120
4 3793 4566 3974 4716
4 2641 3926 4916 5086
4 1924 4377 1273 5434
4 1097 4181 5321 5386
4 3177 2983 4451 5233
4 1992 4217 1696 4764
4 3077 4182 3143 4928
4 3031 3177 5150 5233
4 3960 5289 4117 5740
4 2945 4257 2579 5029
4 3026 2859 2101 4535
4 3889 5136 4333 5255
4 1089 1131 1141 4462
4 3853 4286 4665 5100
4 4421 4440 3849 4620
4 3817 4991 4836 5528
4 2632 2633 5349 5538
4 4139 5447 5174 5592
4 2358 2766 2587 5641
4 2111 793 2963 4532
4 3774 4556 4401 4945
4 3957 4891 4214 5322
4 1300 4565 1648 5043
4 1913 5023 1911 5485
4 1263 4536 1342 5161
4 2268 4656 3976 4802
4 1448 1784 1392 5083
4 1930 1784 1785 5083
4 3030 5049 4451 5707
4 2586 4243 3954 4900
4 1990 1861 1993 5576
4 1244 1914 1242 4510
4 111 4562 5547 5622
4 3857 4194 4641 4704
4 3991 4865 4103 5279
4 1027 1026 997 5050
4 3798 5110 4265 5245
4 1870 1303 1310 5493
4 4065 5214 4124 5255
4 1651 4568 1223 5183
4 1161 1122 1143 4016
4 153 4862 3907 4869
4 914 5216 981 5298
4 1295 4514 1666 5018
4 1794 1270 1272 4638
4 4374 4192 4524 5354
4 1427 4556 1854 4982
4 4327 3961 5461 5467
4 4007 4635 4386 5059
4 33 508 5296 5328
4 3956 4498 5234 5267
4 713 3686 3687 5609
4 4245 5481 5492 5729
4 2988 4365 3084 4764
4 3771 4475 4788 5063
4 1997 4544 3000 4951
4 899 955 4368 5281
4 4878 5027 4033 5121
4 2690 4836 2825 5603
4 4049 4328 3961 4742
4 4513 4685 3765 5304
4 4007 4635 4220 5738
4 2807 4433 4841 5588
4 139 4475 4737 5717
4 4120 5030 4839 5109
4 2761 2887 4477 5367
4 2355 4279 2584 4701
4 2506 2913 4652 5320
4 2529 4736 4042 5543
4 4546 5020 1573 5671
4 1454 1922 1362 4670
4 2899 3970 2779 5102
4 3589 3588 3590 4271
4 3798 4265 4652 5459
4 1803 1902 1533 5093
4 1262 5100 4536 5520
4 2717 2382 2380 4442
4 3111 3180 2991 5569
4 2864 2105 2640 5569
4 3904 5204 4200 5665
4 1032 2856 85 5190
4 1031 2052 995 4767
4 1108 1162 1159 5221
4 4606 4834 4430 4912
4 3084 2988 3186 4365
4 3873 4678 4561 5337
4 3835 4783 4381 5113
4 839 4934 4523 5626
4 3790 4912 4430 5472
4 3825 4987 4108 5318
4 4451 5233 1201 5379
4 4614 4874 4117 5289
4 2425 4479 4863 5356
4 4043 4493 5205 5238
4 2343 2777 2346 5261
4 3988 3778 4611 5737
4 1693 1429 4941 5540
4 91 4558 590 5605
4 2899 4896 3970 5549
4 3825 4991 4431 5121
4 1576 1573 1673 5671
4 4022 4928 4182 5164
4 4253 5524 1499 5575
4 2267 2269 3990 5217
4 3931 4275 4094 5124
4 4195 4725 4028 5070
4 4536 4665 3764 5100
4 3978 3845 5153 5377
4 1186 1835 2973 4547
4 839 4523 838 5626
4 3829 4765 4470 5144
4 3975 4817 3792 5057
4 4478 4777 4134 5611
4 196 5283 4808 5667
4 1376 4875 4553 5147
4 3468 5021 3469 5188
4 3893 4721 2912 4754
4 1942 4958 4371 5348
4 2559 4110 3986 5171
4 3064 2882 3114 5242
4 472 4322 9 4560
4 4312 3963 4977 5528
4 629 4175 2140 4880
4 1992 1173 1991 4764
4 1889 4149 5117 5568
4 4098 4596 3778 4997
4 3574 4529 3571 4957
4 1165 4490 984 4799
4 3873 5135 4678 5256
4 2281 2282 2283 4625
4 923 907 866 4816
4 3997 4868 4065 5352
4 4269 4527 4050 5192
4 4400 4464 3784 5412
4 3834 4603 4245 5491
4 2429 2621 2372 4657
4 4340 4858 4329 5003
4 3515 3514 634 5694
4 4018 5131 169 5366
4 3422 3424 3423 5744
4 3423 3421 3422 5744
4 4119 5390 3971 5585
4 520 3303 3302 4527
4 1646 1642 2058 5378
4 106 4981 614 5259
4 3858 4234 4220 4800
4 1290 1251 1850 4792
4 4398 4677 2416 5246
4 2192 2669 4444 5651
4 2534 4320 2533 5550
4 1096 1098 4516 5719
4 552 65 4212 5086
4 3262 3264 506 4802
4 2775 4463 5181 5718
4 4400 4845 4206 5047
4 783 893 892 5576
4 2883 4225 638 4379
4 3113 1205 1965 5448
4 3874 5110 4196 5245
4 3909 4337 2222 4883
4 1617 4607 1621 4873
4 1098 1133 4516 4904
4 3875 4852 4226 5056
4 3833 4983 4304 5156
4 4433 5154 2802 5381
4 1176 1984 1987 4517
4 2739 2369 2371 4357
4 4120 4839 810 5109
4 1776 1777 1778 4969
4 557 4147 4040 5555
4 2571 2564 2823 5736
4 181 728 2720 3712
4 1725 5394 4694 5630
4 1848 1584 1475 4661
4 3830 4299 4101 5512
4 863 5092 4316 5240
4 2951 2578 4653 5029
4 1578 1579 1601 4763
4 1440 1676 1677 5692
4 4468 5174 3808 5447
4 3028 3034 4626 5698
4 2100 288 905 2868
4 2603 4754 4059 5593
4 2857 134 2115 4730
4 2808 4466 2809 5588
4 970 5014 4333 5315
4 701 3648 4038 4572
4 982 1046 1053 3980
4 2514 2888 4994 5186
4 4599 4967 1417 5539
4 3061 3062 3063 4224
4 1375 4553 1376 4875
4 4042 4449 3842 5417
4 4454 4637 3777 5007
4 3027 3028 4384 5698
4 4035 4977 4312 5137
4 841 4497 845 5688
4 1596 1654 4420 5672
4 3873 4109 4844 5243
4 1038 1063 1024 4678
4 139 4737 4116 5717
4 3813 5607 4428 5695
4 1894 1895 4892 5254
4 4653 5228 3910 5606
4 4097 4625 4154 5173
4 2859 2731 2627 4535
4 3873 4844 4109 5596
4 4066 4611 4405 5198
4 4441 5168 3818 5427
4 3966 4994 4088 5186
4 1653 4723 4588 5365
4 2670 4558 2668 5387
4 3638 3635 687 5498
4 3953 4949 4310 5174
4 1372 3845 5179 5377
4 2687 2189 2688 5603
4 3889 5425 4334 5481
4 4312 4836 3963 5528
4 1309 1323 1683 5568
4 1435 1385 4294 5629
4 4428 5408 3796 5452
4 3826 5175 4032 5566
4 4310 4775 3953 5174
4 588 3433 3435 5656
4 4036 4108 2318 5286
4 3908 4324 4918 5513
4 980 974 925 4480
4 1111 4569 2088 5689
4 4468 4775 2823 5557
4 988 586 3425 3428
4 2766 2587 4039 5418
4 3874 4649 4866 5454
4 4521 4209 5291 5617
4 521 4154 2671 4984
4 3561 655 3562 5081
4 1143 1115 1161 4796
4 3881 4597 3893 5010
4 3785 4768 4100 5176
4 3595 3598 4522 5028
4 1579 4763 1577 5480
4 3965 4252 4558 5195
4 1205 5331 1964 5448
4 3943 4769 3787 5011
4 1623 1981 1556 4838
4 2304 4735 4036 5005
4 4154 4625 3804 5173
4 820 779 821 4293
4 3910 4959 4542 5228
4 4363 5432 4034 5561
4 1052 1045 4542 5606
4 27 4586 501 5414
4 2501 4787 4378 5433
4 2353 2613 2764 4355
4 4088 4994 3966 5700
4 3905 4848 2316 5474
4 105 5104 4091 5353
4 4065 4711 3997 5352
4 830 4077 759 4888
4 3830 5134 4101 5213
4 677 4356 4186 5625
4 2933 2605 2930 4480
4 896 956 774 4506
4 3925 4890 4866 5515
4 3811 4588 4090 5558
4 4109 5596 4620 5609
4 1506 1505 1507 5348
4 2695 4278 3969 5370
4 2978 2107 3120 5102
4 3853 4536 4172 5219
4 1083 4484 1159 5277
4 3824 5137 5152 5342
4 3861 4112 3984 5658
4 3862 4430 4176 5197
4 3881 4368 4696 5001
4 1870 1517 1303 4373
4 4213 4809 4308 5148
4 1262 1261 1263 4536
4 662 3574 138 5409
4 3964 4202 4808 5727
4 3953 4025 5353 5592
4 913 286 2884 775
4 2269 4656 2632 5349
4 3874 4649 5454 5552
4 60 4198 3350 4655
4 2775 2776 4021 5181
4 114 4584 626 5362
4 471 3207 9 4560
4 2923 901 851 5284
4 2304 3912 4735 5005
4 4287 4046 5310 5579
4 1149 1156 1102 4289
4 657 941 4730 4851
4 3868 4192 4443 5354
4 4200 3872 4720 5486
4 3061 4224 3063 5569
4 4122 5454 4649 5552
4 2824 4811 4482 5624
4 4340 5003 4329 5326
4 146 673 2715 3598
4 3903 4414 5024 5473
4 3878 5003 4340 5326
4 4293 5063 4145 5128
4 759 4888 4077 5393
4 4075 3803 4761 5073
4 648 4262 129 5508
4 1881 4895 4150 5564
4 2017 1089 2064 4462
4 4093 4827 3762 4910
4 4059 5001 4368 5128
4 1433 1732 4472 4975
4 159 693 4467 5498
4 2932 2089 2874 4389
4 3032 5049 4249 5698
4 4808 5283 3924 5662
4 63 550 3353 5615
4 3828 4037 5521 5651
4 4052 4949 4310 5234
4 3828 5308 4492 5396
4 2669 4811 4444 5651
4 3912 4898 4227 4913
4 4082 4963 3877 5280
4 1420 4446 4812 5693
4 1623 1555 1987 5132
4 3167 3101 4547 5683
4 611 5066 100 5188
4 956 4506 811 5562
4 623 5065 108 5187
4 3373 3375 3374 4280
4 2771 2580 4428 5695
4 1908 1841 1909 4346
4 1121 1151 1122 4814
4 2230 5502 2355 5598
4 1157 1094 1131 4890
4 3900 4199 4315 4528
4 71 4227 563 4673
4 1455 4405 1684 5531
4 2688 4836 2686 5603
4 150 2616 2411 4950
4 1384 1382 1383 5169
4 4075 3867 5044 5073
4 3998 4768 4533 5711
4 3920 4471 2834 4826
4 3999 4771 4258 4785
4 3906 5330 4470 5502
4 979 818 817 4517
4 4310 4949 4052 5174
4 4032 5175 4699 5566
4 2471 10 4348 5460
4 5030 5109 3886 5623
4 2529 4042 4736 5380
4 2142 4175 2140 4543
4 185 4100 4369 5526
4 659 4512 4120 4571
4 1255 1254 1253 5618
4 1821 4601 1513 5524
4 4122 4866 4649 5454
4 1096 4516 5321 5719
4 1880 1561 1565 4622
4 4065 5352 4868 5619
4 2230 2708 5502 5598
4 2513 2414 4502 5209
4 4139 5018 4514 5174
4 4159 4546 4330 5671
4 2598 4676 3921 5256
4 1803 1486 1527 4794
4 3779 4376 4194 4641
4 1618 4443 1509 5354
4 3120 4616 3080 5102
4 3826 4071 4032 4952
4 4381 5113 4783 5614
4 3755 4174 4258 4714
4 4319 4816 3889 5136
4 3807 5149 4394 5273
4 2872 1033 2065 4552
4 140 5601 4178 5612
4 2641 4623 3926 5086
4 3713 728 3712 4703
4 249 1202 1958 894
4 3713 4380 2720 4703
4 2217 2224 4260 4309
4 1223 1651 1422 4568
4 3826 4032 4587 5566
4 2199 2186 4765 5457
4 1868 2033 4707 5619
4 1778 1344 1806 5307
4 4579 3925 5514 5546
4 4116 4529 139 5409
4 2091 4102 2521 4114
4 5282 5349 2633 5538
4 4649 4713 4012 5250
4 4063 4741 5233 5379
4 3025 3187 3188 4448
4 189 2356 2620 5268
4 1821 1822 1513 4601
4 4141 5032 4256 5535
4 36 4716 4372 5041
4 2230 2355 2708 5598
4 4624 4633 2408 5533
4 1895 1345 1894 4892
4 161 4961 4246 5057
4 4316 5240 5092 5634
4 4813 5073 4072 5661
4 2787 4096 2421 5135
4 4312 5152 5137 5342
4 1542 1543 1541 4628
4 2008 4368 1703 5281
4 1889 5117 4538 5568
4 4284 3837 4575 5428
4 1797 1314 1904 4718
4 102 608 3475 4883
4 4146 4757 3792 5057
4 3837 4469 4039 5428
4 1486 1488 1527 5415
4 2456 2457 4340 5326
4 2142 2141 2140 4175
4 47 4643 4674 5602
4 4082 4426 3877 4971
4 185 4666 4100 5526
4 4403 4813 2481 5723
4 1959 4451 1727 5707
4 2354 2262 2822 5490
4 1272 4853 4638 5177
4 185 4768 4100 4854
4 605 3458 4166 4947
4 4444 4811 3822 5262
4 3920 3783 4643 4674
4 1246 4350 1244 5587
4 65 5551 4637 5631
4 4457 4978 3821 5205
4 1913 1248 1911 5023
4 1701 1821 1495 4645
4 2847 2848 2482 4813
4 1975 2047 1005 4491
4 4202 5283 4808 5662
4 2127 4184 4006 4981
4 4620 5596 3921 5609
4 3820 5181 4463 5718
4 1864 4731 1453 4917
4 2695 4278 2163 4590
4 817 4911 4517 5216
4 4220 4234 3775 4800
4 2440 2442 125 4722
4 3119 2078 2854 4886
4 1818 5047 1766 5410
4 2674 5381 4168 5635
4 1298 4724 1287 5225
4 1882 4596 1333 5544
4 2065 4552 1033 5582
4 3825 4156 4991 5121
4 2856 2962 2113 3980
4 3977 4877 4093 5257
4 1563 3863 4995 5687
4 4079 4856 4402 4993
4 4053 4933 4311 5168
4 605 101 3459 5363
4 3070 4955 4579 5546
4 3025 3187 4448 5122
4 2456 2457 2458 4340
4 3231 3233 3232 4283
4 4263 4434 3911 4722
4 2309 2765 4699 5175
4 4167 4600 3883 5404
4 1650 1321 1227 4459
4 3002 3159 3085 5514
4 1828 1170 1831 4249
4 2980 1960 1205 5448
4 1589 4707 2033 5492
4 51 4520 4183 4642
4 838 4523 837 5115
4 1960 5331 1205 5448
4 4181 5386 1097 5719
4 2050 1593 1976 4218
4 1766 1763 1764 4400
4 1317 4926 1310 5493
4 3878 4614 4397 4675
4 957 4810 3938 5571
4 1474 1721 1472 5614
4 2451 4152 2448 4956
4 4061 4689 3802 4808
4 1163 1103 1156 4739
4 2465 4127 2461 4996
4 3835 4882 4581 5290
4 3797 4488 5347 5440
4 3307 521 3305 4471
4 3862 4711 4065 5352
4 3079 4518 5015 5165
4 640 4679 4336 5369
4 4275 4757 4094 5124
4 1144 4605 1093 5616
4 720 3693 177 4219
4 3812 5126 4468 5736
4 3852 4435 4193 5208
4 4317 4940 4976 5731
4 2799 4111 3975 5201
4 2644 4623 2641 5086
4 3763 4734 4416 4973
4 4076 4975 3770 5741
4 1143 1119 4379 5357
4 2695 2242 4278 5370
4 4141 5095 4494 5206
4 4128 4467 3892 4549
4 3842 4207 4920 5293
4 3227 3229 3226 5490
4 4592 4917 1368 5098
4 2261 2260 4366 4939
4 2775 5181 4021 5718
4 4256 4651 1851 5734
4 1226 1227 1225 4822
4 653 132 4354 5374
4 4320 4960 3911 5550
4 4616 5015 3080 5102
4 4304 4983 3833 5385
4 3868 5097 1747 5477
4 2051 5511 4130 5678
4 2856 1032 85 2954
4 3908 4309 4667 5426
4 3184 3188 3049 5233
4 3164 3158 3078 4544
4 3847 5112 4600 5404
4 4033 5027 4878 5434
4 1656 1657 1935 4554
4 2704 5483 2756 5495
4 2644 4000 4623 5086
4 4167 4204 3847 5227
4 1321 1651 5183 5739
4 4494 5095 4044 5206
4 1480 1481 1482 4352
4 1645 4954 1230 5222
4 2148 2813 2811 5442
4 2527 4690 30 4736
4 2358 5241 190 5641
4 914 4477 922 5216
4 1222 1632 4395 5180
4 1646 1647 1547 4439
4 3828 5651 4444 5712
4 3972 4899 4311 5403
4 2599 4678 2600 5256
4 1894 1891 4647 4892
4 3971 5390 4657 5585
4 3743 3745 3742 5633
4 3714 187 735 5711
4 4110 4824 4237 5171
4 1574 4546 1573 5419
4 2504 5690 5590 5691
4 1001 5228 4653 5606
4 3482 109 2563 5184
4 3869 4282 5006 5274
4 2592 4654 4004 4957
4 52 3313 532 5527
4 2913 5507 4652 5691
4 3412 85 2856 5190
4 4400 5027 1766 5410
4 113 4881 4821 5061
4 2304 3912 2305 4735
4 820 822 819 5593
4 3052 5111 5505 5715
4 4100 4768 4369 5176
4 175 4127 4620 4996
4 3842 4407 4879 5293
4 2706 2194 2145 4311
4 1604 2039 5514 5515
4 4028 4910 4465 4952
4 1324 1648 1628 5043
4 2103 845 4497 5688
4 1811 1808 1299 4344
4 3079 3074 4518 5165
4 2858 890 3938 5571
4 3819 4437 4104 5446
4 3084 4764 4365 5084
4 2850 4840 3993 5728
4 3816 4706 4215 5627
4 2176 4038 2177 5624
4 3883 4600 4198 5112
4 3826 5070 4092 5175
4 3967 2632 4656 5349
4 2194 4311 2706 5263
4 3886 4512 4062 4571
4 1237 1792 1239 4386
4 2109 13 2903 4295
4 2379 2381 4029 5446
4 2639 4749 2737 5721
4 717 4944 3679 5345
4 3052 5505 4530 5715
4 244 1179 896 774
4 3043 4612 5264 5302
4 3607 4721 681 5010
4 4202 4831 4496 5235
4 1692 4708 1919 4800
4 4085 4372 4003 4716
4 4303 5480 5072 5652
4 2695 4047 4590 5451
4 4685 5304 4513 5583
4 1683 4538 1322 4943
4 973 4380 4902 5284
4 2358 2586 4243 5641
4 3784 4464 4400 5039
4 2765 4032 4699 5566
4 1780 4644 1931 5153
4 3802 5076 4521 5727
4 3766 4692 4418 4977
4 4043 4960 4395 5035
4 4405 4066 5198 5531
4 3331 3332 536 5664
4 1864 1370 1452 4917
4 4680 5249 3934 5347
4 2229 2247 5060 5466
4 1469 1468 4603 5496
4 2789 2239 2252 4863
4 161 4146 4961 5057
4 4452 3793 5147 5204
4 3813 4428 4860 5316
4 3043 3125 4612 5302
4 4538 4943 1683 5568
4 2268 4820 3976 5217
4 3853 4665 4536 5100
4 1725 1723 5394 5630
4 2221 5392 4397 5503
4 4115 4146 3850 4853
4 113 4298 4821 4881
4 3909 3988 4759 4883
4 2309 4699 4092 5175
4 1590 1461 5352 5619
4 3715 3716 732 5711
4 4004 3944 4654 4988
4 3998 4533 4124 5026
4 3848 4103 5182 5279
4 495 4081 27 4905
4 2749 2927 5212 5688
4 3767 4606 4268 4834
4 2822 2259 2258 5482
4 3952 4940 4317 5210
4 2810 2814 4004 4654
4 4716 5041 36 5545
4 1570 5312 3869 5509
4 1614 4420 1654 5120
4 55 4668 4665 5305
4 2092 2946 2579 4257
4 19 489 4283 4576
4 484 4335 17 4709
4 2772 4301 2315 5681
4 4324 4860 3908 5316
4 2269 3990 4656 5349
4 4027 3824 4204 5567
4 2978 3073 2897 5102
4 83 4213 5040 5608
4 4004 4654 2814 5518
4 1603 4866 4890 5515
4 4151 5093 4504 5142
4 3822 5140 4115 5506
4 4092 5070 4515 5175
4 3027 4384 5049 5698
4 1146 4713 1105 5616
4 1658 4966 1301 5225
4 87 1069 1029 5438
4 1051 4389 1071 5299
4 1313 3858 5226 5323
4 286 2076 2884 775
4 3825 4228 4773 4991
4 4235 4813 3867 4980
4 4754 5001 4059 5593
4 2502 4378 2501 5507
4 3978 4969 4085 5377
4 63 4204 4531 4655
4 1328 1348 1851 4651
4 4444 5262 3822 5712
4 4031 4138 2716 5060
4 1451 4875 1376 5147
4 3075 3077 3143 4928
4 2533 4879 2445 5653
4 149 680 2385 3617
4 636 3526 121 4208
4 1903 1904 1532 4684
4 3753 3999 753 4648
4 4054 5330 5170 5429
4 1420 1384 1783 4446
4 1931 1780 1781 4644
4 4022 4401 3800 5479
4 653 4938 133 5374
4 1578 4763 1601 4866
4 3788 4650 4193 5439
4 5043 5182 4103 5279
4 1719 1720 5197 5734
4 3824 4312 5137 5342
4 2887 5088 4477 5367
4 1729 1730 1728 5233
4 3883 4659 4341 4908
4 4339 5157 5078 5672
4 148 4186 5532 5625
4 3559 4730 941 5081
4 4242 4872 3799 4936
4 3023 3131 4886 5122
4 2244 2743 4387 5431
4 4647 4768 3785 4833
4 3164 3092 3158 4544
4 4264 5422 5361 5643
4 3975 4111 4817 5201
4 4122 4890 4866 5454
4 1727 4451 1201 5379
4 803 801 4351 4935
4 4822 5183 4142 5642
4 1304 4406 1317 5493
4 1304 5043 4406 5493
4 3882 5360 4618 5682
4 4062 4512 3886 5030
4 2089 2781 2582 4226
4 3815 4441 5130 5234
4 2185 5295 4056 5389
4 2511 4624 754 4633
4 3554 653 133 5374
4 2052 1920 1197 4767
4 1893 5375 4202 5662
4 1047 982 1027 4897
4 1818 1929 1419 5410
4 3855 4091 4798 5104
4 4059 4696 4368 5001
4 1338 1351 1731 4396
4 3177 3030 4451 5707
4 688 153 5196 5437
4 514 38 3284 5463
4 4163 5265 5600 5721
4 3067 3146 3069 4573
4 1559 4861 1993 5391
4 1326 5310 4926 5579
4 3820 4021 5181 5718
4 3975 4817 4246 5201
4 4313 4557 3771 4664
4 2359 2358 190 4733
4 1052 1045 998 4542
4 1882 4596 5046 5577
4 3820 4332 5176 5206
4 4249 3838 4629 4999
4 2931 4069 5103 5138
4 2674 4168 2158 5635
4 2035 1869 1590 5619
4 49 4231 4520 4864
4 2072 2900 2508 4518
4 1100 1102 1097 5719
4 3008 3012 3011 4011
4 749 5191 197 5670
4 4019 4481 3813 5607
4 1798 1799 1436 5145
4 84 5155 4099 5190
4 3866 4426 4728 5669
4 4273 5248 1796 5618
4 2814 4654 2810 5518
4 680 2385 3617 4950
4 1854 1878 1429 4941
4 4082 4814 4016 5357
4 4405 4887 3906 5423
4 1313 5226 1238 5323
4 3907 2163 5464 5664
4 1170 1831 4249 5707
4 3779 4172 4536 5161
4 146 2614 679 4721
4 3692 3693 720 5051
4 1612 2044 4473 5501
4 605 4337 101 5363
4 2443 4407 5266 5653
4 55 4665 4278 5305
4 3955 4559 4367 5031
4 3997 4768 4647 4833
4 4155 5077 4501 5156
4 3788 3935 4650 5439
4 1144 4177 5616 5708
4 485 20 3235 4719
4 734 4281 2361 4733
4 1275 4748 4377 5106
4 3131 4886 5122 5473
4 4707 5255 4065 5619
4 3802 5692 5076 5727
4 1221 1626 1218 5030
4 3903 4302 5116 5209
4 3591 3592 671 5668
4 1305 1914 1244 5080
4 1859 1734 1857 5252
4 2449 4152 2446 5417
4 3198 4753 2109 5536
4 3458 100 4166 5218
4 1953 4595 1962 5300
4 4537 4552 3921 5582
4 4320 4879 3911 5293
4 4188 3814 5079 5243
4 836 4380 4750 4902
4 863 4316 911 5240
4 2391 3930 4522 5028
4 1775 1451 1776 4969
4 880 3999 790 4331
4 1300 1416 1648 4565
4 708 169 5366 5462
4 2837 2192 5521 5651
4 2580 2610 4712 5013
4 3699 3698 3701 2922
4 4326 5286 2664 5318
4 3812 4025 5126 5736
4 2466 14 2328 4585
4 3800 4636 4544 5165
4 4089 4233 4001 4821
4 2780 4944 3922 4996
4 2177 2179 2192 4444
4 3778 3988 4759 5737
4 4016 4796 4756 5647
4 1368 1366 5055 5098
4 2003 5164 4636 5479
4 1024 4678 1063 4835
4 2550 4006 2841 5344
4 3795 4065 4533 4868
4 3026 3029 3027 4535
4 4268 4540 4031 5633
4 1794 1272 1315 4638
4 767 5469 855 5501
4 4075 5044 4235 5073
4 244 1179 1968 896
4 3841 4486 4577 4646
4 4694 4705 4086 5630
4 2827 2185 2191 5295
4 2687 2686 2685 4447
4 1705 4816 4334 5492
4 1071 1051 1068 4389
4 3774 4179 4563 4982
4 1549 4404 4846 5714
4 920 937 826 4777
4 1336 1689 1337 4361
4 884 4316 1208 5534
4 2737 2281 2283 5721
4 3206 3203 3205 5460
4 4361 4762 1337 5579
4 4540 4606 193 5633
4 3092 1997 1172 4544
4 3198 474 3197 5536
4 1089 1137 1155 4462
4 2108 790 2940 4331
4 3887 4832 3989 5458
4 1531 1900 1721 4803
4 1548 1549 1546 4404
4 3833 4983 4429 5385
4 3855 4798 4321 5104
4 2986 3156 3171 4276
4 1056 4852 1008 5068
4 4497 3884 4934 5626
4 4112 4597 3984 5036
4 3077 3075 3076 4928
4 2641 4623 2295 5615
4 104 2196 3478 4848
4 80 2522 2521 4745
4 1992 1695 1696 4217
4 3802 4617 5692 5727
4 4059 5063 4293 5128
4 2207 2807 4433 5635
4 2941 2511 198 4648
4 1286 4724 1287 5032
4 3107 4607 1620 5733
4 3885 4271 3983 4475
4 1482 4352 1481 5405
4 4564 5111 4277 5505
4 3926 4531 3766 4637
4 4317 4940 4055 5210
4 2441 4263 2439 5550
4 3813 4019 4541 5101
4 4320 4960 4043 5293
4 984 1023 1013 4490
4 33 3976 4288 5741
4 3394 3393 3396 5476
4 1297 1296 4859 5574
4 2571 5126 4468 5482
4 3156 4539 3045 5264
4 2334 4495 2757 5213
4 1648 1628 5043 5279
4 2923 4380 901 5284
4 4004 4654 3944 4760
4 2306 2744 3430 5005
4 2311 4540 4243 4900
4 2040 877 768 5534
4 4397 5311 3937 5720
4 4341 3883 4908 5331
4 1266 1314 5276 5504
4 4093 4465 4028 4910
4 3830 5282 4746 5538
4 3016 2994 459 2099
4 156 4191 4367 4990
4 3387 3117 564 2995
4 3821 4978 4457 5334
4 3863 4211 4743 4995
4 532 3314 49 5527
4 4201 4970 4315 5188
4 4086 4705 4694 5394
4 1982 1980 1813 4342
4 72 2082 3382 4338
4 2858 791 890 5571
4 4029 3819 4211 4805
4 2136 3913 4298 5455
4 3862 4176 4430 4627
4 4450 5107 3819 5467
4 1823 1993 1863 4861
4 1966 1957 5109 5562
4 3483 108 4025 5353
4 4718 5276 1314 5504
4 2178 4362 2707 5416
4 2186 4765 4463 5718
4 2345 2414 2902 4515
4 700 3661 3659 4551
4 2984 3110 415 1625
4 1361 1854 1363 4982
4 2402 3979 4593 5517
4 4624 4689 4633 5533
4 938 5351 4015 5406
4 1730 2002 4741 5067
4 4605 5454 4122 5616
4 1525 1414 1357 5411
4 4619 4907 4073 5182
4 3787 4213 4574 5430
4 2379 4029 4658 5446
4 3345 4027 59 5368
4 4001 4874 4609 5348
4 2397 138 667 2396
4 4007 4220 4968 5738
4 180 4211 4436 4581
4 3775 4234 4220 5726
4 1020 4561 4634 5666
4 4324 4918 4046 5316
4 4060 4495 5134 5213
4 3896 5007 4629 5684
4 1217 1966 1957 5109
4 65 4637 4508 5086
4 1397 5034 4454 5358
4 1910 1534 1692 4461
4 3816 4215 5058 5627
4 772 243 1968 896
4 1405 4778 1407 5335
4 2437 2235 4781 5508
4 1701 4645 1493 5099
4 579 3421 81 4598
4 4010 4807 4091 5574
4 1640 4506 1179 5562
4 1558 5371 1639 5595
4 3868 4443 4011 5733
4 2667 4811 2669 5651
4 3818 5105 4311 5168
4 4118 5291 5399 5617
4 2763 2401 2459 5675
4 2311 4243 2586 4900
4 3954 4540 4243 4606
4 16 2778 4358 5549
4 1966 1640 1179 5562
4 4401 4556 3800 5479
4 1582 4460 5250 5652
4 3790 4284 4919 5428
4 101 3474 2209 4337
4 85 1032 3427 2954
4 2496 2646 74 4364
4 1801 1397 4454 5358
4 4211 4615 4995 5687
4 3870 4215 5627 5675
4 2045 1612 4766 5501
4 5130 5234 4441 5487
4 1532 4450 1478 5364
4 2019 2018 1716 4432
4 1403 1405 1404 4608
4 41 519 4700 5439
4 3802 4314 5076 5692
4 1377 1376 1375 4553
4 2299 66 553 4916
4 1031 1018 1187 4634
4 2229 5060 4325 5466
4 4214 4748 4419 5322
4 2075 2931 2972 5103
4 1791 1795 5161 5724
4 4050 4643 4527 5519
4 2775 2186 2184 4463
4 3772 4288 4592 4917
4 3887 4247 3989 4509
4 2554 4994 2888 5186
4 3975 4246 4817 5057
4 627 3500 3501 5740
4 3823 5381 4433 5635
4 2283 4625 2284 5265
4 3765 4173 3981 5669
4 3777 4454 4531 4637
4 2353 2266 2622 3973
4 4146 4275 3850 5124
4 3162 4582 3021 4786
4 1105 4713 5327 5616
4 2019 900 771 4646
4 3822 4038 5140 5624
4 3816 4221 4706 5627
4 2316 3905 4690 4736
4 3772 4917 4592 5098
4 3925 4605 4378 5454
4 3704 722 876 3703
4 4245 3889 4707 5492
4 52 4509 4131 5527
4 1316 1282 4391 5500
4 2672 2834 4471 4826
4 2571 5126 2564 5736
4 2801 4049 2736 5441
4 2642 4000 3355 4623
4 3761 4667 4406 4918
4 1012 1017 4799 5271
4 3851 4300 4640 5401
4 497 2224 4260 4690
4 4887 5170 4054 5330
4 191 4627 4243 5398
4 1368 4917 1453 5098
4 2740 5212 4497 5384
4 1465 1463 1589 4707
4 799 800 797 5280
4 1833 1744 1834 4985
4 3816 4593 3979 5340
4 2583 2222 4976 5363
4 1767 1765 1768 4464
4 1484 1483 4962 5405
4 2682 3919 2383 4950
4 3846 4465 4071 5004
4 2740 2103 2928 4497
4 1120 1088 1963 4814
4 3930 4583 4313 5646
4 1882 4596 4997 5046
4 2175 2176 2177 5624
4 2426 2794 4710 4850
4 13 2903 4295 5383
4 1681 1675 1682 4895
4 3966 4338 2525 5258
4 2314 5275 4364 5356
4 2269 2332 3990 5349
4 4064 4682 4680 5249
4 2217 4260 2204 5513
4 2760 4215 5058 5367
4 1894 4892 4647 5254
4 1240 1238 1239 4635
4 3957 4828 4214 4891
4 3846 4093 3977 4453
4 4553 5147 3793 5204
4 3797 5145 4488 5440
4 528 3309 49 4231
4 3977 4093 3846 5257
4 3128 3039 3037 5683
4 1479 4995 4615 5687
4 2884 4477 2887 5088
4 3881 4664 4112 4696
4 2706 5263 4311 5403
4 3863 4436 4211 5687
4 164 701 4038 5586
4 1598 1597 1890 5375
4 3778 4997 4596 5046
4 2723 5654 4238 5659
4 3908 4918 4324 5316
4 1986 2979 3104 4530
4 156 688 5196 5437
4 3773 4074 4708 5722
4 2467 476 13 3201
4 16 2778 2469 4358
4 115 633 3518 4233
4 2570 2446 4879 5417
4 177 4029 3695 5346
4 4262 4781 3981 5508
4 2804 4049 2801 5456
4 191 4693 4627 5398
4 3911 4879 4407 5293
4 4179 4563 4283 5674
4 2288 2286 2725 5273
4 3869 4022 4560 5164
4 4152 4956 4081 5325
4 4813 4980 4235 5661
4 1605 2009 1181 5522
4 2309 4092 2344 5175
4 5032 5144 4256 5535
4 2173 4140 2174 5624
4 4211 4995 3863 5687
4 2025 1820 1584 4661
4 1058 991 1068 4552
4 1295 1235 1665 4514
4 2229 4325 2228 5466
4 2055 1196 1603 4890
4 1473 4381 4783 5614
4 612 105 5017 5474
4 4610 4767 4024 5313
4 4249 4999 3165 5698
4 2445 2570 2446 4879
4 479 15 4585 5489
4 1985 1856 1858 4277
4 2862 2853 2538 4456
4 3766 3926 4637 5071
4 3911 4960 4320 5293
4 2715 2912 146 4754
4 1356 4374 4809 5449
4 3907 4590 153 4869
4 3125 3046 3144 5302
4 2369 4119 2370 5390
4 2504 2914 2112 5690
4 1391 1392 4485 5227
4 1962 4595 4814 5300
4 1639 1631 1422 4413
4 4258 4922 3924 5064
4 1200 1984 242 772
4 2858 2102 791 5571
4 699 161 5057 5108
4 5234 5314 4052 5436
4 3990 4656 3976 5217
4 2688 2686 4447 5603
4 1883 5198 4997 5544
4 615 107 4798 5657
4 2604 4974 2487 5384
4 2561 2321 2559 4110
4 3854 4169 4461 4988
4 4065 4533 3997 4711
4 4140 5506 5140 5624
4 1558 4290 5371 5595
4 1797 4718 4684 5520
4 1653 1939 1886 4588
4 132 3565 659 4512
4 1030 4767 4024 5438
4 4238 4857 3831 5659
4 4118 5291 4496 5399
4 1959 1727 1831 5707
4 1125 4484 2956 5708
4 790 880 879 3999
4 4261 1247 5307 5587
4 3426 84 1057 1032
4 4110 4237 3986 5171
4 571 3395 74 2646
4 3397 3400 568 4525
4 3852 4193 4435 4650
4 4119 5422 4094 5585
4 1836 1901 1531 4740
4 3792 4197 4803 5272
4 141 2649 666 5045
4 3785 4369 4768 5176
4 1913 4784 5023 5485
4 2284 2283 2282 4625
4 2702 2426 2794 4710
4 2902 4515 2414 5209
4 1924 5106 4377 5434
4 3802 5076 4314 5185
4 1883 1519 5198 5544
4 2068 2865 3094 4539
4 1361 1360 1427 4982
4 2966 3137 3014 4897
4 1558 1557 4290 5595
4 3203 3206 3204 5541
4 1951 1629 1645 4954
4 2607 4219 720 5346
4 4063 5024 4414 5473
4 3802 4698 4239 5185
4 2587 4534 2588 4900
4 1590 1459 1866 4575
4 3709 4772 3707 5220
4 3979 4074 3816 5340
4 1509 4443 1617 5640
4 3830 4591 5282 5538
4 2680 4829 4030 5263
4 2774 5207 4326 5318
4 3816 5058 4593 5627
4 3873 5135 4676 5243
4 3849 4702 4109 5215
4 91 4453 4252 5605
4 2125 2124 2123 4457
4 2580 2476 2610 5013
4 3960 4298 4562 5622
4 3822 4038 4115 5140
4 4083 5418 4469 5428
4 2729 2727 2728 4040
4 2695 4278 2242 5664
4 3913 3968 4881 5455
4 4083 4469 5092 5428
4 1803 1533 1484 4504
4 551 4655 63 5444
4 3793 4435 4650 5147
4 1306 4501 1905 5485
4 4291 4583 4013 5532
4 2513 2514 2099 5258
4 617 108 4347 5184
4 4240 4723 3762 5278
4 3896 5007 4454 5358
4 2730 3115 3118 4626
4 116 4979 635 5726
4 4443 3787 4873 5640
4 4234 4461 3775 4800
4 1701 1493 1512 5099
4 946 183 729 5220
4 3988 4759 4870 4893
4 1453 4917 4731 5098
4 2163 3907 2164 4869
4 4084 4280 3896 5358
4 3805 4433 4186 5588
4 3685 4421 719 4440
4 790 2108 885 4331
4 4667 5043 4406 5182
4 1848 1473 1586 4381
4 4870 5131 4018 5731
4 4492 5308 4044 5396
4 3790 4174 3954 4606
4 1575 1574 1573 5419
4 1387 5338 1388 5629
4 2525 4338 3966 4994
4 3850 3931 5009 5254
4 4054 5288 4399 5429
4 789 4257 2092 5193
4 593 92 4292 5732
4 1428 1568 1567 5509
4 1270 1794 1340 5232
4 1268 1269 1270 5232
4 80 576 3411 4745
4 4287 5224 3941 5237
4 83 4213 4610 5040
4 3908 4860 4428 5316
4 4351 4851 131 5189
4 3037 3039 3038 4135
4 4147 5372 5251 5637
4 3806 4675 4397 5503
4 5069 5386 4080 5689
4 34 2764 2831 5413
4 2565 2135 4965 5184
4 2739 5212 2740 5384
4 2716 4138 4031 5670
4 1651 1943 5595 5739
4 100 4337 605 5363
4 729 3702 183 946
4 4048 4203 4095 5621
4 4117 5362 3960 5740
4 3899 5049 4384 5372
4 4235 5044 3867 5073
4 2490 4039 2766 4733
4 1887 4594 1731 5211
4 1823 4861 1863 5575
4 3188 3187 2981 4448
4 1546 1548 4404 5578
4 243 1968 1200 772
4 2521 4102 2517 5343
4 4178 4270 3809 5612
4 1504 1505 1506 5348
4 2437 4781 4262 5508
4 4718 4742 4223 5648
4 3793 4716 4085 4875
4 4330 4849 4067 5408
4 3079 4518 3073 5102
4 1128 1127 2876 4739
4 1703 1702 5099 5644
4 4036 4735 3912 5005
4 414 3109 2984 1199
4 4080 4867 4618 5682
4 4381 5614 4264 5643
4 2486 2749 5212 5655
4 2071 4469 2935 5014
4 3840 4102 3943 5011
4 1452 1864 4917 5153
4 2401 4593 2459 5675
4 1575 1573 4546 5419
4 3985 4178 3809 5612
4 4284 5092 861 5359
4 1980 1168 1814 4342
4 4058 5425 4480 5481
4 4750 4888 4436 5220
4 3595 3598 674 4522
4 4384 4626 3838 5698
4 3850 3931 4275 5009
4 4378 5590 4955 5691
4 4809 5148 4213 5430
4 4264 4094 4729 5496
4 2311 2310 4540 4900
4 2417 4025 2564 5126
4 4329 4858 4340 5326
4 2681 2680 4030 5263
4 60 4655 551 5444
4 5032 5144 4054 5288
4 791 890 294 2858
4 2426 2362 2618 4854
4 4429 4899 2148 5442
4 1808 1320 1299 5170
4 2376 4353 2374 5441
4 2236 2771 4860 5607
4 2364 4710 4057 5162
4 4406 4619 4205 5426
4 2651 2657 2653 4826
4 2688 2825 2686 4836
4 1614 1988 1654 4420
4 4060 5134 4746 5213
4 5320 5690 2913 5691
4 4425 4241 5247 5655
4 1318 1322 1333 4943
4 2744 3430 5005 5236
4 4431 5121 3955 5207
4 2348 2685 2686 5152
4 3879 4996 3922 5203
4 4337 4976 2222 5363
4 1215 4839 1216 5109
4 2687 2688 2686 4447
4 3244 3242 497 4840
4 548 3356 62 4623
4 2169 4367 157 4662
4 1084 4570 1099 5321
4 4436 4750 3915 4888
4 3087 4182 5006 5274
4 1927 1659 1658 4966
4 1610 1562 5313 5430
4 3884 5361 4357 5643
4 1209 4636 2003 5164
4 1791 1787 1795 5724
4 1325 4926 4205 5713
4 3903 4414 4886 5435
4 4181 1097 5321 5719
4 4311 5105 3818 5263
4 4327 4901 3961 5467
4 4288 4458 4216 5725
4 3901 4125 4992 5539
4 4474 4755 3887 5306
4 3876 4581 3835 4882
4 2152 2206 2693 4983
4 4565 4859 3761 5043
4 2893 2761 2890 4382
4 3802 4239 5076 5185
4 2632 5349 3967 5538
4 622 4562 111 5344
4 4037 2561 4732 5521
4 2038 1918 5534 5680
4 3865 4202 5375 5662
4 4072 4813 4484 5597
4 2497 2716 4031 5670
4 2426 3998 2362 4854
4 2514 2554 2888 5186
4 2808 2693 2809 4466
4 4101 5213 4495 5495
4 1983 1194 1637 5594
4 3816 4074 3979 4948
4 3890 4858 4329 5367
4 175 4127 4578 4620
4 1584 1819 1477 4615
4 675 4696 4313 5646
4 869 4083 5092 5240
4 4065 4868 4707 5619
4 3781 4143 4630 4962
4 4296 4575 3837 5428
4 4146 5057 161 5108
4 1905 4501 4932 5485
4 683 148 3614 4499
4 1613 1199 1614 4582
4 1559 1993 1861 5391
4 4638 4853 3791 5177
4 3870 4819 4068 4857
4 2832 2169 4367 4990
4 4086 5229 4705 5394
4 4202 4831 5235 5667
4 2624 4147 2623 5497
4 1646 1542 1642 4628
4 3841 4153 4015 5406
4 3782 4136 4505 4932
4 4406 4619 4073 5182
4 125 4722 2442 4972
4 3369 4034 67 5432
4 4780 5268 3987 5398
4 1662 1417 4967 5539
4 2550 4006 5392 5503
4 4017 4520 3962 5294
4 4443 4607 4011 5733
4 4265 5459 2475 5507
4 3889 4124 5255 5297
4 859 926 756 4542
4 3872 4797 4229 5012
4 4075 5133 4907 5397
4 4238 5038 2722 5659
4 3879 5002 4226 5056
4 3177 3161 3030 5707
4 960 5193 858 5239
4 4049 4467 4111 5465
4 1693 1429 1697 4941
4 2598 2936 2065 5582
4 67 4773 4034 4987
4 2908 4754 2603 5593
4 3835 4353 4882 5290
4 4299 5213 2759 5538
4 1144 5616 5327 5708
4 97 600 3453 4237
4 3317 2724 2659 534
4 3995 4098 3849 5544
4 3986 5171 4237 5339
4 1574 4795 4546 5419
4 1512 1491 1815 4664
4 1287 4724 1291 5225
4 3848 4103 4744 5182
4 2605 2077 4480 5118
4 282 2895 908 902
4 2450 2451 2448 4956
4 2858 294 791 2102
4 4068 4116 4857 5659
4 4317 4863 3952 5210
4 2531 4936 2458 5311
4 1582 1947 4460 5397
4 4109 3849 4440 4702
4 4179 4283 3859 5270
4 170 2762 3680 4944
4 3963 4991 4228 5699
4 899 955 764 5644
4 4031 3843 5060 5172
4 648 129 4923 5508
4 2127 4981 4006 5344
4 480 3220 16 5549
4 4186 4291 3805 5532
4 3571 3574 662 4529
4 1234 1235 1236 4946
4 2759 4299 4101 5213
4 2770 5126 4324 5513
4 1096 1097 1098 5719
4 2794 2702 4710 4850
4 2203 2197 2417 4106
4 2398 4529 3574 4957
4 2312 2574 2326 4521
4 1048 4767 1030 5438
4 4205 3813 5316 5452
4 4018 4870 3909 5462
4 3255 501 3256 4500
4 755 4689 196 5283
4 1405 4705 1723 5630
4 1373 1371 1433 5179
4 4428 5316 3813 5452
4 1573 5020 1572 5671
4 4102 4769 3943 5011
4 3828 4444 5308 5322
4 4014 4928 3800 5165
4 571 3396 3395 5275
4 4041 4327 5142 5461
4 2981 3109 413 1954
4 1882 4997 4596 5544
4 2668 2667 2669 5651
4 2502 5590 4378 5691
4 1856 1805 1804 5665
4 2465 2461 2780 4996
4 759 2021 829 4888
4 4036 5005 4160 5195
4 2687 2688 4447 5603
4 1704 1465 5492 5729
4 3761 5043 4859 5493
4 4009 4742 4718 5648
4 174 3688 718 4578
4 132 4512 659 4571
4 2474 2472 2505 4921
4 3884 4934 5053 5247
4 4171 5053 4934 5247
4 473 4295 12 5383
4 3043 3125 3113 4612
4 2700 2686 2825 4836
4 121 4679 4180 4796
4 3786 4881 4599 5622
4 4763 5480 4248 5570
4 4549 4559 3857 5031
4 971 858 960 5193
4 4041 4684 4450 5467
4 165 704 2245 4850
4 3827 4223 4742 5107
4 1479 4615 1819 5687
4 4411 4873 3871 5424
4 2895 2098 283 908
4 3066 4579 3070 4955
4 588 3435 5317 5656
4 1906 1902 1774 5093
4 3900 4126 4970 5577
4 3131 3123 4414 5473
4 4523 4934 839 5620
4 1651 1223 1225 5183
4 2141 2139 4175 5130
4 4256 5144 3958 5535
4 1537 4715 4513 5583
4 4173 4513 4728 5669
4 1857 1734 1989 4250
4 4185 4822 5642 5735
4 5251 5372 4086 5637
4 5092 5240 4083 5634
4 4611 4701 3988 5737
4 4241 5212 4425 5247
4 545 60 3354 4752
4 3971 4657 5113 5272
4 4074 3858 4708 4979
4 2582 4226 4801 5068
4 3824 5194 4105 5342
4 3741 746 3738 4534
4 4044 4409 4494 5396
4 1113 1124 1081 4208
4 1581 1888 4649 5250
4 3817 4431 4191 5603
4 2973 3167 3101 4547
4 4035 4312 4977 5528
4 3904 5025 4553 5665
4 4128 4549 3857 5031
4 1741 1801 1397 4454
4 3849 4098 3995 4440
4 2311 2586 2310 4900
4 4222 4996 4620 5673
4 542 4343 2336 5368
4 2616 2615 150 2411
4 3807 4509 4131 4755
4 2695 2189 4047 5451
4 4136 4270 3854 4784
4 1962 4595 1213 5450
4 2333 4299 2759 5538
4 2413 5409 2399 5659
4 755 199 4689 5283
4 2837 2561 4037 5521
4 3447 3446 4453 4465
4 3761 4091 4859 5104
4 4454 4637 3896 5358
4 4206 4673 4227 4913
4 3843 4210 5235 5330
4 1967 2056 1104 4713
4 4013 4186 3805 5532
4 3816 3979 4117 4948
4 4631 4832 3989 4864
4 4351 4839 4120 5189
4 2993 3131 3123 4414
4 2501 4378 2503 5433
4 2163 4278 2695 5664
4 1350 4496 1334 5399
4 4537 3921 5256 5582
4 2460 4127 2936 4578
4 913 922 775 4477
4 3985 3809 4270 5612
4 4028 4567 4071 5004
4 2376 2736 2378 4437
4 3479 3476 615 5259
4 696 4572 4140 5140
4 4591 5282 3967 5349
4 3957 4889 4332 5416
4 4396 5074 3769 5731
4 3030 4451 5049 5150
4 4124 5214 4360 5297
4 1321 1650 1652 4459
4 1101 5069 1147 5689
4 3959 5295 4199 5639
4 3828 4444 5322 5712
4 4002 4192 5011 5476
4 4152 4867 3882 5325
4 4405 4611 3906 4887
4 996 2095 2877 4653
4 2719 4104 2377 4658
4 3773 4169 3944 4988
4 902 281 2898 779
4 1096 5321 1097 5719
4 3078 5015 4544 5165
4 1519 1882 1333 5544
4 3829 4528 4056 5639
4 4273 5248 4051 5686
4 530 4876 4168 5294
4 3312 5048 530 5294
4 2029 1705 4334 5492
4 3882 5325 4618 5360
4 92 592 4465 4952
4 4232 3768 4778 5630
4 1283 1421 1927 4494
4 3967 5282 4591 5538
4 4116 4737 4068 4857
4 1229 4822 1228 5222
4 4249 3838 4999 5698
4 922 4477 913 5088
4 4528 4759 3778 5499
4 1933 1931 1781 4644
4 3425 3426 1057 988
4 4079 4632 5084 5301
4 1708 2022 5393 5687
4 2919 2920 2616 4015
4 458 2994 3119 2854
4 84 580 5155 5190
4 4294 3797 5347 5440
4 484 17 4335 5401
4 2551 5392 2125 5720
4 1026 4024 1030 5050
4 4347 4965 2135 5184
4 4098 3778 4611 4997
4 2087 1024 990 4835
4 2175 2177 2669 5624
4 3777 5683 4306 5684
4 3161 5049 3030 5707
4 1229 1227 1228 4822
4 3790 4606 3954 4627
4 4022 4636 3800 4928
4 1267 1265 4641 5276
4 3889 5255 4333 5297
4 171 4611 4701 5345
4 2591 2434 2592 4760
4 1606 4795 4412 5522
4 98 602 5295 5389
4 3976 4393 4288 5741
4 5361 5422 4357 5643
4 1999 4544 1879 5402
4 3052 2979 3051 4530
4 153 684 4590 5451
4 2197 2417 4106 5017
4 2613 2612 2833 5487
4 4003 4875 5179 5377
4 3085 1192 2014 5514
4 1316 1280 5500 5628
4 2244 2750 2743 5431
4 3302 527 44 4527
4 1705 2033 4816 5492
4 1329 5288 1320 5429
4 1818 4228 5047 5410
4 1147 5069 4569 5689
4 4084 4454 3766 5034
4 4060 4161 4953 5111
4 3988 4132 2709 5598
4 4220 4635 4007 5323
4 698 4604 4119 5163
4 3900 4126 4759 5188
4 3821 4978 4320 5205
4 1947 4761 4460 5397
4 2504 2112 2939 5590
4 3770 3990 4393 4687
4 103 609 4528 5188
4 52 4247 3327 4668
4 1115 1158 4756 4796
4 1993 1198 4478 5611
4 2360 3722 184 733
4 839 770 838 4523
4 3099 3170 2970 4636
4 4035 5083 4906 5724
4 1870 1310 1326 4926
4 1110 1075 1149 5082
4 485 20 4300 4896
4 4182 4560 4022 5164
4 3044 3042 3041 4342
4 3858 4800 4220 5323
4 2707 2794 2791 4850
4 94 4782 3451 5171
4 4318 5325 3882 5360
4 4811 5262 4444 5712
4 89 5005 591 5195
4 1945 1944 1647 5488
4 544 4198 60 4791
4 3047 3171 3156 4276
4 3096 455 2101 3026
4 4694 5630 4086 5637
4 3828 4444 4889 5308
4 25 495 4905 5125
4 2680 2681 4030 5413
4 4293 5063 4059 5159
4 1953 1962 1638 5300
4 918 967 911 5240
4 2248 2311 3987 5241
4 3900 4759 4528 5188
4 779 819 280 2069
4 2489 2604 2605 5297
4 4327 5154 5142 5381
4 1873 1518 5313 5430
4 661 2398 138 3574
4 3824 4027 5194 5342
4 4401 4585 3946 5101
4 3910 5228 4542 5606
4 2376 2736 4437 5441
4 3960 4821 4298 5622
4 4586 5325 4318 5414
4 2521 4114 4102 5090
4 3007 3014 3006 4411
4 675 4313 4696 5556
4 4593 5340 4068 5517
4 4608 4845 3784 5412
4 1054 1056 992 5068
4 4046 4918 4373 4926
4 4086 5630 4705 5637
4 1462 1460 5352 5584
4 4240 5078 4339 5157
4 2729 2727 4040 4855
4 3830 4076 3967 5296
4 1383 4507 1381 5230
4 4025 2564 5126 5736
4 3119 2993 457 2078
4 3889 5481 4334 5492
4 3973 4498 3808 5557
4 4096 4676 5135 5243
4 3831 4737 4116 4857
4 1770 1937 4726 5660
4 1970 2052 1031 4767
4 153 4047 3623 5451
4 3801 4867 4407 5266
4 2505 4251 3928 5580
4 4068 4737 4253 4857
4 2777 2494 2346 4677
4 3868 4443 4192 4695
4 1368 1367 4592 5055
4 2895 282 2898 902
4 565 3382 2082 4994
4 3077 3145 4182 5164
4 4397 4789 3937 5311
4 4422 5137 3940 5152
4 563 4227 71 5542
4 1721 1899 1529 4803
4 1823 1822 1995 5611
4 161 4961 4146 5108
4 4410 4801 3875 4852
4 1953 796 1213 4595
4 2833 2243 2742 4441
4 4266 4622 3879 5203
4 3889 4245 4707 5214
4 528 2658 4231 5019
4 2319 2298 2296 4363
4 3868 4011 4443 4695
4 957 3938 890 5571
4 3855 4321 4185 4954
4 3790 4430 4919 5472
4 2721 4026 2395 4116
4 1630 1951 1311 4493
4 1716 4432 1715 5036
4 3913 4125 3786 5065
4 4313 4664 4112 5658
4 25 492 495 5125
4 1944 4439 1647 5488
4 520 41 4269 5519
4 3715 3998 5026 5711
4 857 4929 859 5421
4 1113 4208 4180 4796
4 1269 1932 1271 4388
4 2511 4633 754 4648
4 3909 4126 3769 5066
4 2139 2137 3968 5130
4 4252 4453 3977 5605
4 3533 122 2537 643
4 3145 5006 4182 5164
4 968 890 957 4935
4 873 4382 914 5298
4 1561 4702 1560 5096
4 3768 4587 5251 5637
4 730 777 183 946
4 2792 2475 5459 5507
4 1736 4680 1737 5440
4 4268 4834 3865 5375
4 2375 2374 2376 4353
4 1198 1990 1993 4478
4 171 710 4279 4701
4 2961 2114 2863 4963
4 2542 3914 2958 4830
4 3051 3052 4530 5715
4 4045 2190 4914 5385
4 1225 4822 1227 5183
4 116 4543 4175 4968
4 3859 4283 4179 4563
4 2091 4102 3001 5341
4 3852 4527 4269 5192
4 2451 4081 2485 4618
4 4341 5331 4908 5448
4 2530 2211 2851 5543
4 4196 4866 1602 5515
4 2200 4106 2203 5513
4 4109 4594 3995 5215
4 4172 4474 3887 5219
4 862 5052 861 5359
4 3832 4490 4799 5271
4 103 3909 4759 4883
4 1384 4446 1420 5693
4 1103 4739 1163 4904
4 3829 4463 5535 5639
4 475 3206 3205 5460
4 1958 248 894 906
4 2403 2401 2402 4593
4 136 2617 666 3579
4 725 180 3711 4703
4 1280 1279 5500 5628
4 3861 4313 4112 5658
4 1427 4945 4556 4982
4 3889 4245 5481 5492
4 1101 1147 1160 5689
4 3186 3082 3084 4365
4 4001 4609 4074 5054
4 3967 5349 5282 5538
4 4179 3774 4563 5674
4 1166 1096 4516 5321
4 3644 5057 4246 5163
4 3108 2735 3036 4307
4 4238 3831 5038 5659
4 3715 732 4854 5711
4 2836 3437 93 2308
4 3874 4265 5110 5245
4 3764 4924 4862 5648
4 4214 4551 3850 5565
4 2125 5392 4457 5720
4 578 4297 2773 4989
4 1199 2984 415 1625
4 524 2672 3307 4826
4 4028 5070 4725 5336
4 3096 2629 456 2993
4 1228 4954 1645 5222
4 2778 4896 2899 5549
4 4099 4897 4411 5424
4 1451 1777 1776 4969
4 1251 1250 1249 4792
4 3843 4325 5172 5330
4 3867 4813 5073 5597
4 4072 5073 4813 5597
4 4030 4829 2680 5413
4 4012 4713 4649 5552
4 1021 4561 1020 5666
4 4351 4639 3839 4715
4 2598 2423 4676 5256
4 172 3682 719 4440
4 980 881 974 4480
4 3876 5284 2925 5655
4 1336 4361 1337 5713
4 3964 4808 4202 5667
4 4486 4646 3841 5351
4 177 4029 4743 4805
4 3844 4610 4213 5148
4 237 765 852 1995
4 2409 4002 4769 5275
4 1723 1405 1403 4705
4 2448 2446 2449 4152
4 1364 4670 1454 5270
4 1864 1713 1453 4731
4 835 830 832 5220
4 3929 4330 5408 5452
4 2780 2249 2609 4909
4 4479 5210 3810 5529
4 3052 5111 3122 5505
4 1999 1608 1172 4544
4 1194 1983 2060 4814
4 4470 5502 2708 5598
4 1645 1629 1416 4954
4 2379 4029 2381 5346
4 3819 5107 4437 5467
4 3379 69 557 4555
4 1970 1031 4634 4767
4 1272 1274 4853 5177
4 3058 3140 3174 5677
4 4047 4194 153 5437
4 1536 1942 1652 4371
4 3682 4440 3683 4818
4 1536 1506 1942 5348
4 2509 2942 2066 4289
4 884 911 863 4316
4 2335 2638 2637 4691
4 4046 4926 4373 5310
4 2458 4936 4340 5311
4 4148 5427 5168 5738
4 3058 3174 4856 5677
4 1260 1259 1261 5100
4 3328 537 55 4668
4 2226 2225 2210 4860
4 3786 4599 4125 5622
4 1985 4277 1858 5505
4 2184 5181 4463 5484
4 3823 4327 5142 5381
4 10 469 2472 4921
4 2312 4521 2326 5510
4 3107 2982 419 1191
4 2029 1704 5492 5729
4 889 2023 758 4697
4 2012 1715 1185 5281
4 2785 2589 5460 5607
4 4008 4588 4090 5365
4 2779 3970 2899 4896
4 4041 5461 4684 5467
4 2313 2315 2409 4002
4 2884 2076 2887 4477
4 2513 2414 2415 4502
4 248 1958 1183 906
4 2338 2340 2312 5704
4 3915 4581 3876 4750
4 4037 5651 3828 5712
4 3873 3921 5256 5596
4 742 3734 191 4243
4 3887 4474 4172 4755
4 3858 4074 4708 5054
4 2758 4495 2756 5483
4 3856 4385 4199 4966
4 2379 4658 4029 5346
4 765 969 852 4998
4 1793 5248 5077 5618
4 88 2306 3430 5005
4 4169 4461 3773 4925
4 4159 4545 4424 5645
4 3819 4437 4901 5467
4 4093 4554 3762 4827
4 3935 4688 3285 4776
4 1653 1655 4723 5365
4 2755 3974 2351 4688
4 2761 2887 2076 4477
4 2434 4760 3944 4957
4 2961 795 2114 4963
4 1320 5288 5170 5429
4 3813 4165 5607 5695
4 2893 2761 4382 5675
4 2310 4031 2247 5466
4 236 886 765 1998
4 1029 87 5438 5744
4 60 4198 4187 4791
4 2596 2892 4632 5282
4 1630 4493 1311 5742
4 2656 40 3295 2655
4 15 4585 4401 5101
4 3072 2983 410 1201
4 3078 3164 4544 5015
4 4041 4327 5461 5467
4 3794 4066 5345 5423
4 3870 4819 4382 5675
4 593 4699 92 5732
4 3878 4290 4789 5003
4 3985 4503 3809 5442
4 2605 2077 2930 4480
4 4125 4671 5187 5622
4 2127 4006 2550 5344
4 4073 4619 4406 5426
4 1658 1659 1657 4966
4 1615 2050 1190 4669
4 3907 4278 2163 5664
4 3910 4257 5029 5421
4 1215 1216 1217 5109
4 5126 5237 4468 5482
4 3815 5130 4310 5234
4 3873 3921 4676 5256
4 4317 4489 5650 5681
4 3115 3028 3034 4626
4 1230 1231 1229 5222
4 770 4523 839 5620
4 4084 4637 4454 5358
4 2205 3985 5442 5518
4 4326 5039 3965 5286
4 2951 2576 2578 5029
4 3874 4265 4787 5110
4 1321 4459 1652 5739
4 611 4337 3909 4883
4 43 4700 519 5439
4 2250 4909 2234 5510
4 41 4650 3935 5439
4 1658 1291 4966 5225
4 4054 4927 4399 5288
4 2723 4819 5654 5659
4 3984 4597 4112 4837
4 4238 3831 4738 5038
4 779 281 2898 2069
4 3811 3996 4090 5278
4 845 4497 841 5626
4 1075 2873 369 1127
4 494 4613 4152 4956
4 4622 5096 4476 5673
4 3796 4205 5426 5452
4 3910 4239 5029 5185
4 2217 2204 2210 5513
4 2534 5334 4320 5550
4 916 4473 874 5501
4 1763 4845 4400 5047
4 3881 4597 4112 5036
4 3810 4364 4192 5476
4 3087 4182 3145 5006
4 4144 4419 4748 5322
4 501 27 3249 5610
4 4121 4766 4473 5501
4 1662 1650 1229 4967
4 4302 4886 3903 5122
4 2410 2409 2315 4769
4 1001 1002 4653 5228
4 33 4656 3976 5741
4 3997 4369 4267 4768
4 3772 4393 3976 5042
4 4134 5575 4478 5611
4 3514 2590 118 4584
4 2309 2344 2765 5175
4 1295 1665 1666 4514
4 480 16 3216 5589
4 3774 4945 4401 5101
4 2458 2457 2539 5311
4 1634 1633 1946 5035
4 1988 1614 1625 4582
4 3257 31 4690 5199
4 2364 4057 4710 5114
4 1984 818 242 772
4 3774 4401 3946 5101
4 2832 2169 2171 4367
4 1090 1134 1138 5376
4 3913 3786 4125 5622
4 3824 4204 4105 5194
4 3287 3285 516 4776
4 120 4830 636 5703
4 2423 2600 5135 5256
4 2017 2039 1978 4890
4 1022 1072 3947 5438
4 4767 5148 1920 5313
4 2713 2712 2714 4797
4 3981 4173 3765 5016
4 736 4369 4267 5526
4 2344 4092 2343 5261
4 1126 1098 1133 4516
4 1102 4289 1156 5719
4 2276 3974 2755 4688
4 940 892 981 5216
4 3906 4611 4405 5423
4 3650 165 702 4572
4 904 893 783 4478
4 19 4158 4366 5490
4 3161 3032 5049 5707
4 710 171 3668 4701
4 989 1019 1042 4345
4 1146 1105 1109 5616
4 554 4363 2298 5432
4 879 2080 790 4648
4 2417 2770 2203 5126
4 2762 174 4944 4996
4 4237 4915 97 5309
4 3931 3850 5124 5254
4 586 1069 87 5231
4 4013 3805 4291 5532
4 4037 4732 2561 5387
4 3794 4909 4209 5291
4 4959 5228 3910 5663
4 890 3938 957 4935
4 2728 2731 2070 4384
4 4092 4292 92 5732
4 1418 4845 1404 5412
4 4630 5382 4356 5625
4 2003 1607 5164 5509
4 2837 4037 2561 5387
4 3649 3648 3650 4572
4 2486 4425 2748 5655
4 1298 1287 1291 5225
4 1301 1302 1298 5225
4 2902 2344 2345 4515
4 1105 5327 1109 5616
4 1314 4718 1264 5276
4 3860 4206 4845 5047
4 2029 1705 1177 4334
4 3810 4863 4489 5210
4 1631 1422 4413 5623
4 2119 4262 3548 5508
4 175 718 4578 4996
4 3842 4879 4449 5293
4 4082 3877 4426 5280
4 4120 4839 4351 4851
4 3850 4146 4115 5108
4 4023 3898 5055 5540
4 71 563 3376 4673
4 1410 4834 1598 4912
4 4023 4283 3898 5540
4 3877 4426 4274 4971
4 3892 4467 4128 4817
4 3961 4901 4437 5107
4 1889 1339 1683 4538
4 4401 4945 3897 5101
4 1683 1339 1322 4538
4 2748 2373 2375 4882
4 4694 5394 4705 5630
4 2398 2434 2400 4529
4 2181 2606 4889 5521
4 3861 4291 4143 4499
4 708 4893 169 5462
4 638 4225 2883 4456
4 2466 2327 2469 4585
4 49 4509 532 5527
4 156 689 4367 4662
4 4359 4035 4906 5724
4 2603 2715 4522 4754
4 2781 2575 2582 4801
4 2592 4760 4004 5033
4 1577 1578 1575 4763
4 4502 5116 4302 5209
4 3898 4283 5270 5540
4 3952 4317 4940 4976
4 3942 3799 4872 4936
4 2936 4552 2065 5582
4 391 2988 3102 4764
4 3953 4310 4949 4965
4 1026 1030 4024 4774
4 4620 4996 4127 5673
4 4365 4764 4217 5084
4 1694 1693 1697 4589
4 3866 4173 4513 4728
4 1174 900 2019 4646
4 3147 4282 3088 5522
4 3458 4947 604 5218
4 1166 4516 2042 5321
4 2313 5275 2314 5356
4 798 799 797 4810
4 3868 4524 4192 5354
4 3757 753 199 4258
4 3614 4499 3613 4837
4 1887 1731 1430 5211
4 4492 4889 4332 5308
4 2448 2451 2844 4618
4 3850 4275 3931 5124
4 2529 3927 2316 4736
4 4544 4951 3851 5015
4 1809 1883 1455 4997
4 4187 4531 3847 4655
4 2298 4363 554 4916
4 4649 4763 3874 4866
4 3774 5101 3946 5563
4 3992 4689 4633 4771
4 4828 5308 3957 5322
4 3995 5131 4870 5731
4 4176 4627 3862 4693
4 1042 4345 1019 5337
4 4245 5214 5481 5491
4 2792 5459 4652 5507
4 2335 2287 2698 4487
4 653 132 5374 5621
4 4320 4978 3821 5334
4 4536 5161 4172 5219
4 3830 4076 5296 5512
4 4232 3768 5630 5637
4 5181 5206 4463 5484
4 2556 4237 2557 5309
4 4234 4708 4461 4800
4 1973 1096 351 1126
4 2918 2615 2085 4721
4 1451 1855 1777 4435
4 477 4424 4541 5101
4 3761 4918 4406 5493
4 3930 3771 4313 4788
4 3177 4451 3030 5150
4 4033 5039 4326 5121
4 162 3655 698 4604
4 4705 5394 1723 5630
4 2137 2692 2195 4965
4 2006 1444 1865 4567
4 2602 2601 2901 5159
4 3946 4401 3774 4563
4 704 166 2794 4850
4 567 73 4338 5700
4 1995 237 765 1998
4 3809 4899 4503 5223
4 4439 5094 1547 5578
4 145 676 5532 5556
4 3154 3134 3093 4462
4 4743 4772 724 4805
4 2762 4944 2780 4996
4 3025 5122 4448 5473
4 663 3587 137 4686
4 1130 1077 354 2056
4 2402 4593 2401 5517
4 2385 2383 2384 4356
4 2700 2319 2296 5453
4 180 4581 4104 4805
4 4344 5046 3778 5499
4 4307 4752 2735 5151
4 527 4527 4244 4643
4 3896 4508 4637 5684
4 2823 4775 4468 5736
4 95 3442 4732 4747
4 3809 4429 4899 5223
4 3813 4860 4481 5316
4 2769 2933 2106 4333
4 2018 1715 1716 4432
4 925 4480 974 5425
4 1714 1487 5036 5658
4 4419 5308 4828 5322
4 991 1058 1033 4552
4 3903 4886 5209 5435
4 1972 984 1011 4799
4 2908 2912 2603 4754
4 3812 4468 5126 5237
4 2792 4652 2913 5507
4 4351 4935 3938 5200
4 1867 4919 1687 5472
4 1107 1159 4484 5221
4 925 5136 4480 5425
4 38 4806 2351 5463
4 1707 4577 1782 5405
4 347 1188 1117 1086
4 3795 4533 3997 4868
4 1738 4488 1964 5145
4 1026 4774 4024 5050
4 2314 2646 4364 5275
4 1414 1596 1746 4524
4 143 670 3591 4254
4 1882 5046 1810 5577
4 2293 4027 2292 5342
4 3286 519 4776 5439
4 872 873 766 4382
4 2478 2479 2477 4787
4 4272 3956 5234 5267
4 1323 1653 1886 4588
4 2682 2383 2385 4950
4 3810 4479 4863 5210
4 2854 459 2994 2099
4 4159 4424 3869 5312
4 28 497 4260 5199
4 693 155 5465 5498
4 4084 4228 5685 5699
4 4160 4252 3784 5195
4 31 502 4690 4736
4 2864 4224 2860 5569
4 4467 4817 3792 5272
4 1684 4405 5198 5531
4 2191 5295 2185 5389
4 2356 3987 2751 5268
4 4132 3778 4759 5499
4 803 968 801 4935
4 89 591 3448 4727
4 810 4839 4120 4851
4 3772 4216 4288 4917
4 477 5101 4541 5541
4 3690 722 4015 5051
4 4405 4611 3778 4997
4 556 4508 4280 5555
4 195 4785 4174 5634
4 3878 4789 4340 5003
4 3772 5042 3976 5443
4 3731 741 191 4693
4 966 4120 810 5109
4 2475 2477 2476 5013
4 2429 2370 2753 5163
4 2853 791 295 2102
4 3121 3107 418 1620
4 4678 5256 4537 5337
4 1385 5169 4294 5629
4 2149 2151 2750 4045
4 2785 5460 4165 5607
4 2279 2325 2704 5129
4 3874 4787 4378 5110
4 4407 4867 3801 4920
4 3855 4349 4259 4992
4 183 835 4750 5220
4 3025 4448 3188 5473
4 1889 4538 1683 5568
4 2592 2810 2814 4004
4 2190 4045 2151 5385
4 900 831 909 4646
4 1993 1823 1198 5611
4 2103 4497 2927 5688
4 593 4292 92 4782
4 3843 5235 4831 5667
4 2069 819 280 2904
4 1111 1081 365 2544
4 918 768 877 5534
4 2385 3919 4356 4950
4 3888 4833 3997 5584
4 3883 4198 4659 5112
4 4116 3831 4857 5659
4 4361 5579 1337 5713
4 1963 1088 2060 4814
4 1216 1183 1624 4839
4 956 811 952 5562
4 3991 4846 4500 5414
4 806 2079 290 4683
4 3859 5270 4283 5540
4 4333 5255 4124 5297
4 4079 4856 4746 5301
4 2392 2390 2673 4583
4 2899 2072 4518 5102
4 3890 4329 4858 5003
4 1208 4316 2038 5534
4 4364 4550 4192 5476
4 672 4583 2390 5028
4 4199 4385 3789 4966
4 3792 5057 4094 5585
4 2529 3927 4736 5543
4 1730 4448 1619 5067
4 4147 5251 4587 5637
4 4046 5224 4287 5237
4 2588 2818 194 4534
4 1844 4894 1770 5412
4 723 4077 4486 5351
4 2163 2695 2242 5664
4 3830 3967 4591 5538
4 2403 2459 2401 4593
4 2599 2949 2871 4678
4 4222 4620 4421 4702
4 1472 4729 1471 5614
4 3926 4531 4000 5615
4 824 825 826 4738
4 2016 1211 2053 4542
4 3772 4731 4216 4917
4 2992 2084 3064 4953
4 3146 3090 3069 4573
4 3541 3539 3540 4336
4 3540 3542 3541 4336
4 3768 4705 4086 5251
4 3014 3139 2966 5075
4 2067 2923 851 5284
4 3972 4311 4933 5403
4 1617 4607 4443 5733
4 121 4180 4679 5703
4 710 4279 2584 4944
4 3130 3128 3037 5683
4 1853 4757 1897 5124
4 1359 4762 1358 5579
4 3253 3254 4427 5414
4 2283 5265 2285 5721
4 3167 4547 2973 5303
4 1266 1314 1264 5276
4 3012 3107 3121 5477
4 2464 2872 2936 4552
4 1303 4373 4859 5493
4 532 3325 3327 4247
4 4210 4496 4831 5235
4 904 4478 1198 5611
4 2331 2255 4779 5681
4 3733 188 4267 4693
4 3828 4889 4444 5521
4 4351 4839 939 4851
4 3822 4811 4444 5624
4 1469 4603 1467 5729
4 3338 4307 60 5138
4 195 5634 4174 5702
4 3768 4086 4705 5637
4 1115 4756 1161 4796
4 2775 2186 4463 5718
4 1563 4995 1479 5687
4 3304 3301 525 4244
4 9 4560 4322 5274
4 95 4824 4110 5171
4 2443 4407 2447 5266
4 1120 4814 1963 5450
4 841 845 963 5688
4 4476 4622 4150 5329
4 3823 4168 5381 5635
4 1485 1483 1782 4962
4 2248 2751 2356 3987
4 1323 4588 1886 5568
4 3847 4204 4167 4600
4 489 4283 4576 5042
4 3189 3000 3164 4951
4 734 187 4281 4733
4 588 5317 89 5656
4 3964 5704 4521 5727
4 489 5042 4576 5324
4 2948 1075 1110 5082
4 4599 4881 4089 5622
4 3826 4323 5175 5566
4 2553 3996 4947 5246
4 1972 1564 2036 5096
4 3431 591 5005 5195
4 4023 4709 3859 4941
4 908 2098 283 766
4 959 5014 5315 5359
4 3017 4786 3022 5258
4 3552 653 3554 5621
4 646 4274 127 4971
4 705 3660 3662 5009
4 353 1076 1130 1976
4 1935 1877 1656 4827
4 196 4689 4061 4808
4 2009 3095 1181 5522
4 1482 1484 1533 4504
4 823 821 824 4738
4 2313 4002 2409 5275
4 585 3424 3422 5744
4 4171 4934 4241 5247
4 4241 4934 3884 5247
4 4332 4889 3957 5308
4 3963 4363 4034 5561
4 722 876 3703 962
4 2663 4034 2718 5318
4 3516 628 3519 5061
4 4321 4848 3905 5104
4 1627 4865 1554 5714
4 3981 2438 4781 5553
4 782 972 963 5688
4 2423 5135 4676 5256
4 520 41 3303 4700
4 3774 4556 4945 4982
4 4317 5650 4779 5681
4 156 3636 4549 5196
4 2927 4497 2740 5212
4 3835 5113 4353 5290
4 1149 1160 1110 5082
4 3156 3172 3045 4539
4 2940 790 2080 4648
4 1481 4995 1707 5405
4 3864 4839 4351 5189
4 4112 5036 3984 5658
4 2953 2877 2578 4653
4 3614 3613 4499 5556
4 65 4508 4212 5086
4 3808 4775 4498 5174
4 2975 2859 454 3026
4 1082 2096 374 1132
4 2890 2893 4382 5654
4 2238 2251 2239 4976
4 4480 5136 3889 5425
4 4444 3822 5322 5712
4 43 4244 3301 4700
4 4016 5357 4796 5647
4 2726 2625 2727 4040
4 2073 2971 3127 4632
4 616 3495 108 4259
4 2681 2831 2833 4030
4 3772 4288 3976 4393
4 1148 1107 1159 4484
4 1551 4580 5094 5488
4 25 4905 4235 5125
4 1690 1919 4708 5054
4 3032 3161 3165 5707
4 2603 2715 2412 4522
4 2344 4515 2902 5175
4 1126 1076 352 1976
4 2751 2620 5268 5718
4 2562 2841 2317 4562
4 633 119 4979 5694
4 1888 2055 1601 4649
4 1868 2033 1589 4707
4 3036 4307 2735 5151
4 1213 796 794 4595
4 158 4662 3642 5201
4 2981 412 3049 1178
4 1442 1443 1877 4827
4 2572 2549 3245 3246
4 4430 4627 3790 4919
4 3963 4773 4228 4991
4 2098 2890 284 766
4 3907 4862 3764 4924
4 2622 2568 2569 5557
4 1855 1451 1376 5147
4 911 4316 884 5534
4 4051 5248 4346 5686
4 2422 2598 2423 4676
4 1282 5095 4391 5500
4 598 3451 4782 5171
4 4002 5011 4769 5476
4 2719 4658 725 4703
4 3843 5060 4325 5330
4 3765 4438 4173 5304
4 3766 4454 4531 4825
4 3895 4843 3982 5468
4 3892 4549 4467 5498
4 2521 2462 80 5090
4 4096 5131 4676 5243
4 2767 2071 2937 4469
4 2114 805 2853 4963
4 588 5005 89 5317
4 1811 1298 1810 5046
4 4010 4125 4946 4992
4 2044 2043 1612 4473
4 2633 2634 4746 5538
4 3810 4002 4364 5476
4 1014 1013 1015 4537
4 2316 4736 3927 4848
4 4394 5273 2288 5494
4 1600 1920 1970 4767
4 3169 3167 2973 5303
4 20 485 4300 4719
4 3783 4643 3982 4812
4 4343 5368 542 5567
4 2668 2670 2665 4558
4 3777 4390 5683 5684
4 1007 1049 1009 5299
4 886 236 1169 1998
4 3796 5072 4849 5408
4 1127 2876 370 1128
4 2261 2260 2259 4366
4 4007 4455 4220 5323
4 172 3672 712 5131
4 562 4913 4735 5542
4 4142 5089 4568 5696
4 990 3947 1072 5231
4 1740 1205 1964 4488
4 4371 4459 4675 5739
4 3079 5015 3078 5165
4 1095 1093 1094 4605
4 2446 4407 2443 5653
4 4035 4418 4692 4977
4 3819 4901 4442 5467
4 4507 5192 4050 5693
4 1513 1499 5524 5575
4 2810 4004 2592 4654
4 893 4478 4777 5298
4 2952 990 1035 5231
4 4023 4941 3859 5540
4 855 916 874 5501
4 1948 4907 1592 5397
4 3908 4667 4406 5426
4 1640 1968 1179 4506
4 4192 4524 3868 4550
4 2857 290 2079 4683
4 1399 1401 1400 5685
4 4008 4126 4943 4970
4 796 1202 250 773
4 2801 4049 2800 5456
4 4012 4669 5221 5597
4 146 2912 4721 4754
4 976 5351 938 5406
4 3853 4172 4536 4668
4 2156 5294 5530 5635
4 2879 2068 2714 4539
4 1529 4729 4757 5496
4 1090 2863 1118 4225
4 2512 4633 2943 5193
4 1117 1085 1158 4756
4 3809 4429 5223 5471
4 2924 2730 3118 4626
4 2808 2696 2693 4841
4 4777 4819 4238 5654
4 1456 5197 1720 5734
4 974 4480 5118 5425
4 1554 1630 1670 4408
4 1883 4997 1519 5544
4 1898 1897 1853 4757
4 2004 234 764 899
4 300 3136 1046 982
4 2641 4916 2701 5086
4 139 4116 3583 5717
4 2708 5457 4470 5598
4 171 4701 4279 5345
4 991 2874 330 1037
4 3487 2132 109 620
4 4081 4618 5325 5360
4 3794 4672 4266 5203
4 3790 4174 4912 5472
4 3110 2985 416 1182
4 1252 1793 5077 5618
4 3917 4093 3762 4910
4 2433 2717 2806 5154
4 1620 1969 5477 5733
4 3637 159 695 4549
4 568 3013 73 4525
4 2189 4047 2689 5603
4 2250 2609 2234 4909
4 3830 5296 4299 5512
4 771 2019 230 900
4 939 4351 802 4839
4 4111 3792 4817 5272
4 171 4279 710 4944
4 775 285 2076 872
4 2995 3387 462 570
4 3873 5256 4678 5337
4 663 4169 4686 5679
4 2534 4978 4320 5334
4 3885 4271 4169 5319
4 3186 3103 3189 4951
4 1506 1535 1504 5348
4 180 4211 4581 4805
4 1471 1472 1470 4729
4 4573 4652 4078 5320
4 2837 5521 4037 5651
4 4212 4508 65 5555
4 492 3241 4840 5728
4 2826 2829 2690 4431
4 2241 4005 2160 5381
4 3907 3764 4376 4665
4 3966 4786 4338 5258
4 1987 1861 1176 5576
4 4039 4281 3837 5523
4 4185 4321 3776 4954
4 1829 1833 2024 4306
4 4067 4546 5245 5419
4 3117 2082 72 4338
4 2483 2610 2480 5723
4 1953 1202 250 796
4 3976 4393 3990 5554
4 1714 2012 1815 5658
4 3445 3446 4465 4727
4 2612 2567 2692 5487
4 3910 4239 5185 5663
4 1707 1782 1483 5405
4 4354 5311 2322 5720
4 4119 3971 5390 5422
4 3866 4426 4285 5300
4 28 4260 4667 5199
4 1362 1454 4670 5270
4 3822 4811 4482 5262
4 2971 3057 4632 5301
4 2834 2653 3920 4826
4 185 3720 4666 5526
4 2870 4989 3947 5231
4 3940 3969 4755 5710
4 3959 4463 5206 5484
4 2407 2456 2455 4858
4 1582 1581 1580 5652
4 4287 5237 3941 5447
4 3077 3099 3145 5164
4 4164 4338 73 5700
4 2755 4688 2677 4776
4 3830 5213 4299 5538
4 747 4174 4714 5702
4 3022 3024 3023 5122
4 3214 3211 478 4585
4 1527 1907 1803 4794
4 3915 4436 4211 4581
4 2043 1611 1612 4473
4 1421 1706 1661 4409
4 3813 4860 4428 5607
4 3982 4392 4244 4674
4 4495 4161 5012 5483
4 3963 4312 4977 5453
4 1716 2020 2019 4646
4 1363 1365 5270 5540
4 2219 4765 2186 5718
4 3854 4169 4271 5319
4 3047 4276 3156 5264
4 2689 4047 4990 5603
4 3023 3025 3131 5122
4 1125 1083 372 2956
4 3807 4131 4020 5273
4 1643 1194 4756 5594
4 1110 5082 1160 5689
4 3817 4836 4447 5528
4 777 901 2110 4380
4 648 3547 129 4262
4 4058 5361 4383 5481
4 3816 5340 4221 5627
4 2293 2291 2292 4027
4 1140 1106 4669 5221
4 2802 2207 2807 4433
4 1553 1627 1554 5714
4 1037 1071 1068 4389
4 4268 4606 4540 5633
4 3795 4884 5160 5491
4 899 975 955 5281
4 2189 2689 4047 5451
4 836 835 832 4750
4 513 4847 39 5041
4 1738 4488 5145 5440
4 4239 3910 5029 5663
4 814 811 956 4872
4 1370 1368 1369 4592
4 3907 4328 2164 4869
4 783 239 904 1990
4 3921 4552 4127 4578
4 2511 2408 4624 4633
4 4348 5460 4165 5695
4 3859 4563 4179 4982
4 1752 4843 1290 5468
4 3919 3781 4743 5382
4 4222 4702 3849 5085
4 495 3253 25 4427
4 5094 5488 3882 5682
4 1654 1988 1596 4420
4 4277 5111 4530 5505
4 812 4872 813 5285
4 758 2023 1167 4697
4 3811 4090 3996 5218
4 127 5016 647 5669
4 2182 2216 2776 5181
4 1764 1874 1766 5027
4 2635 5282 4746 5301
4 4888 5393 2022 5687
4 2593 3990 2332 4719
4 4593 5058 4215 5627
4 898 781 2919 4015
4 2716 2793 2246 4138
4 1804 1379 1377 5665
4 159 4817 4111 5201
4 2123 2122 2121 4048
4 3820 4463 5181 5206
4 4473 4766 1612 5501
4 707 164 4551 5560
4 1452 1775 5153 5377
4 4136 5008 4270 5601
4 3902 4659 4198 5112
4 1107 5221 4484 5327
4 3777 4985 4454 5007
4 846 2018 231 771
4 2038 5472 1688 5680
4 4530 5505 5111 5715
4 2859 2101 455 3026
4 3809 4899 4429 5442
4 4360 5162 4124 5297
4 3848 4907 4075 5133
4 1948 1950 4907 5397
4 657 131 4851 5189
4 168 4893 708 5462
4 3931 5160 4884 5491
4 3828 4889 4492 5308
4 1735 1991 1204 4402
4 3172 3156 3094 4539
4 4281 4296 3837 5523
4 322 988 3427 584
4 3402 2520 5341 5343
4 1124 1079 363 2959
4 4636 5164 4022 5479
4 4130 5228 4959 5663
4 3499 3497 4347 5547
4 4066 4672 3794 5203
4 2327 2260 2261 4939
4 2509 4289 2066 5082
4 1480 1532 1478 5364
4 1571 5020 1572 5312
4 1391 4485 1390 5338
4 1345 1895 1838 5565
4 2511 2408 4633 5533
4 4325 5330 5060 5502
4 2381 4029 2383 5346
4 2121 4048 2122 4923
4 2515 2090 2950 5277
4 1563 1479 1819 5687
4 3131 5122 3025 5473
4 4073 4744 4667 5182
4 2293 4815 4027 5342
4 1791 5161 1342 5219
4 1199 414 3109 1954
4 2227 2580 2611 4712
4 1900 1340 1899 4803
4 1125 1159 4484 5708
4 4492 4889 3828 5521
4 1254 1256 1796 5618
4 3238 4081 495 5125
4 3878 4614 4675 5289
4 3068 3070 3066 4579
4 2921 182 3698 727
4 3179 76 569 5341
4 1491 1492 1490 4557
4 1018 308 1187 989
4 2919 2616 2918 4153
4 2436 3960 4614 5362
4 1595 5411 5157 5672
4 4546 4795 3798 5419
4 1719 1720 1456 5197
4 4147 5141 4040 5372
4 2927 2103 2740 4497
4 917 895 822 5593
4 1511 1714 1487 5036
4 1018 1020 1019 4634
4 4414 3903 4886 5473
4 1904 1314 1901 5504
4 4060 4250 4993 5134
4 597 3442 95 4747
4 3765 4173 4513 5304
4 804 4595 797 5280
4 2835 2557 2556 5171
4 2370 2369 2368 4119
4 2446 2447 2443 4407
4 3140 2886 4953 5677
4 889 921 832 4697
4 3993 5044 25 5260
4 59 4027 5194 5567
4 1757 1293 1257 5158
4 1882 1519 4997 5544
4 3995 3769 5074 5731
4 3380 3379 3377 4555
4 3885 4253 4737 5524
4 2379 2377 2378 4104
4 893 904 978 4478
4 2243 5130 4441 5487
4 1178 2981 413 1954
4 2889 4746 5213 5677
4 4137 5338 4483 5629
4 3806 5392 4006 5503
4 1031 1187 1970 4634
4 3990 3976 4820 5217
4 4376 4862 153 5196
4 3044 3042 4342 5613
4 2827 2558 3986 5295
4 2364 4057 2366 5162
4 3838 5372 4384 5698
4 3136 2966 3139 3980
4 3131 4414 4886 5473
4 2322 4354 2531 5311
4 1854 4556 1569 5402
4 4415 5100 1341 5520
4 1405 1407 1406 5335
4 1632 1335 1539 5304
4 4039 3837 4296 5523
4 2363 4124 5026 5162
4 3413 577 2462 2510
4 2582 2947 2089 5068
4 2644 2701 4212 5086
4 1561 1564 4622 5096
4 1948 1950 1592 4907
4 2755 2276 2351 3974
4 1641 1542 1540 4931
4 3774 4945 4762 4982
4 1297 1232 1296 5574
4 3929 5452 4428 5695
4 3973 4158 3808 5324
4 4019 5101 4585 5541
4 4092 5261 5070 5336
4 4066 3794 4672 5423
4 3962 4841 4304 5530
4 2890 2076 285 872
4 2863 2862 4225 4963
4 1582 4460 1615 5250
4 4608 4894 4160 5335
4 3831 4475 4116 4737
4 4158 4576 3808 5324
4 3052 3104 4530 5505
4 3801 3914 4434 4679
4 3810 4192 4002 5476
4 4052 4272 5234 5267
4 1892 4795 1574 5419
4 1368 1366 1367 5055
4 4022 3800 4636 5479
4 839 4934 910 5620
4 1097 1084 1099 5321
4 4185 4321 3855 4349
4 484 17 5401 5549
4 3173 4412 3069 5522
4 2854 3119 458 2078
4 2509 4618 4289 5082
4 4005 4168 3823 4286
4 2818 2938 4331 4534
4 2283 4625 5265 5721
4 2756 5483 4495 5495
4 3365 559 2300 2301
4 1107 4484 1148 5327
4 3957 4889 4444 5308
4 3071 3135 4445 5546
4 1028 1032 84 5190
4 4006 4184 3806 4671
4 87 585 5438 5744
4 2532 4095 2120 5334
4 167 5009 4123 5560
4 1085 2059 345 1123
4 1535 1506 1536 5348
4 1458 1411 1686 4430
4 4413 5371 4290 5595
4 4067 5480 4763 5570
4 988 86 323 1035
4 71 4673 4206 4913
4 1284 4871 1876 5095
4 4489 5146 4055 5650
4 70 560 3380 4735
4 1022 5438 3947 5666
4 4388 4559 3857 4704
4 312 1011 985 1974
4 2122 4923 4048 5334
4 2801 2431 4049 5441
4 3617 4356 3616 5599
4 4172 4665 4536 4668
4 615 4321 105 5657
4 4193 4650 3852 4700
4 514 3282 39 4806
4 3758 4061 755 4624
4 1124 1079 2959 5632
4 3764 4536 4376 4665
4 1615 4669 1616 5250
4 3009 3008 3011 4751
4 3803 4289 4885 5360
4 1649 4907 1949 5182
4 2066 1075 2948 5082
4 3001 3106 464 5341
4 3961 4901 5107 5467
4 41 3935 4650 4688
4 1864 1453 1368 4917
4 2856 3980 2113 4745
4 2857 2079 2866 4683
4 3873 4537 5256 5337
4 531 4520 51 4642
4 2538 4456 3877 4986
4 4579 4955 3925 5546
4 2620 2775 2776 4021
4 1361 1427 1854 4982
4 2669 4811 2824 5624
4 2832 2690 2689 4191
4 2951 2875 2581 4410
4 3980 4745 2856 5190
4 2019 231 2018 771
4 4060 4993 4746 5134
4 4629 5007 4306 5684
4 4746 5282 2633 5538
4 1275 1769 4748 5106
4 1553 4846 5279 5714
4 4100 4854 3949 5548
4 1324 1949 1317 5182
4 1765 1844 1770 5412
4 3079 3078 3074 5165
4 27 5325 4586 5414
4 1191 419 3107 1620
4 4325 5060 3843 5172
4 2364 3998 2426 4710
4 2134 3913 4347 4930
4 2591 3979 2402 5517
4 1303 4859 1300 5493
4 4566 5139 4101 5495
4 4282 4545 3869 5020
4 2827 2191 2558 5295
4 3364 3363 557 4855
4 1510 1509 1617 5640
4 4500 4846 3848 5414
4 3129 4564 3048 5613
4 3776 4321 4185 5657
4 3992 5193 4633 5533
4 113 4881 5061 5559
4 172 713 4096 4676
4 2643 3344 61 546
4 810 4839 776 5109
4 2849 2224 2217 4309
4 2644 2641 2701 5086
4 4213 3787 4574 5608
4 535 3320 54 2159
4 187 735 4533 4711
4 4310 5234 5130 5487
4 3084 3151 4764 5084
4 2546 2958 2542 3914
4 508 4372 4076 5328
4 278 895 763 2908
4 195 4331 746 4648
4 2450 4613 494 4956
4 914 775 922 4477
4 3869 4545 4282 5274
4 4043 4960 5035 5293
4 1412 1438 1354 4617
4 747 3754 193 4714
4 3117 3150 73 564
4 3853 4536 4665 4668
4 1793 1908 1909 5248
4 4222 5096 4622 5673
4 3912 3768 4227 4898
4 3812 5126 4324 5237
4 4336 4016 5594 5647
4 12 4014 4295 4928
4 2378 2379 4104 5446
4 3791 4961 4140 5506
4 2714 2880 2713 4276
4 1046 999 1053 3980
4 1344 1843 1850 4621
4 829 2021 1210 4888
4 2664 4108 2663 5318
4 694 3642 4662 5201
4 3543 4781 3546 5553
4 873 872 914 4382
4 2760 5058 2405 5367
4 4238 5654 4819 5659
4 3916 4301 4297 5681
4 3764 4536 5100 5520
4 662 139 4529 5409
4 4522 4696 147 5646
4 5023 5223 4261 5471
4 3457 3460 600 4947
4 1394 1396 1800 4692
4 3819 4442 4901 5446
4 234 2004 2008 899
4 4416 4973 4734 5618
4 2150 2149 2148 4429
4 3728 187 4733 5523
4 1491 1493 1492 4557
4 1084 2048 1129 4570
4 2425 4863 2257 5356
4 3060 3124 3059 4908
4 861 5092 868 5359
4 3779 4474 4172 5161
4 4437 5107 4901 5467
4 759 4077 831 5393
4 4497 4058 5118 5384
4 2072 2897 3073 5102
4 4746 5282 4079 5301
4 1379 1425 1381 5230
4 1233 4992 4946 5539
4 3826 4323 5024 5175
4 4121 5185 4314 5638
4 636 4208 121 5703
4 3777 4187 4135 5444
4 2393 2601 4026 5167
4 1757 1753 1758 4631
4 1198 904 239 1990
4 578 83 4297 4989
4 3941 4468 5237 5482
4 3846 4071 4465 4727
4 476 3214 2466 5383
4 657 3560 135 4730
4 2527 2548 30 4690
4 2975 453 2070 3115
4 1942 1652 4371 5739
4 3784 4036 4913 5195
4 2529 4736 2527 5380
4 3848 4846 3991 5279
4 4038 4362 3957 4891
4 3236 488 2593 5217
4 3847 4204 4825 5227
4 2228 2751 2248 5466
4 2689 4990 4047 5451
4 3387 2995 3388 570
4 398 3041 2968 1168
4 2514 2888 2525 4994
4 612 4848 105 5474
4 1096 1973 351 1166
4 4180 4569 3914 4830
4 3871 4774 4099 5050
4 915 3999 954 4771
4 1649 1592 4907 5133
4 1136 1092 1091 4445
4 2689 4191 2690 5603
4 1183 1215 247 4839
4 4092 4292 5261 5336
4 978 4478 904 5611
4 1653 4588 1323 5365
4 175 719 4421 4620
4 3450 4782 93 5732
4 4385 4554 3789 4966
4 4006 4981 4184 5350
4 4066 4405 5423 5531
4 705 3662 163 4275
4 4256 4871 4141 5535
4 3829 5457 4528 5499
4 2111 2963 2916 4532
4 2163 4278 3907 4869
4 2899 4358 2778 5549
4 2258 2226 2770 5482
4 4021 5268 2620 5718
4 3806 4397 5392 5503
4 4272 5234 3956 5427
4 2658 48 4231 5048
4 2000 1172 1608 4636
4 2177 4038 2176 5586
4 1582 5397 4460 5652
4 2074 2919 781 4015
4 4433 5142 3945 5154
4 1682 2047 4491 5564
4 1590 1461 1459 5352
4 4546 3798 5245 5419
4 3916 4308 5146 5650
4 4308 4055 5146 5650
4 2395 4116 4026 5167
4 358 2017 1978 1089
4 2501 2502 2503 4378
4 2945 2579 2577 5029
4 1306 1905 1911 5485
4 3869 4424 4159 4545
4 4182 12 4753 4928
4 2334 2756 2757 4495
4 1414 4524 1746 5354
4 163 699 5057 5108
4 1182 416 3110 1625
4 2533 2441 2439 5550
4 863 869 5092 5240
4 3848 4427 4075 4907
4 3621 3622 3620 4869
4 4352 4995 1481 5405
4 3904 4553 5204 5665
4 71 4770 4108 4987
4 2950 4739 2493 5661
4 4221 5127 3773 5340
4 1692 4800 1914 5080
4 127 4274 4781 5669
4 829 759 228 2021
4 1919 1313 1916 5323
4 2336 4343 542 4903
4 2533 2846 2445 4879
4 2163 4590 4278 4869
4 1121 4814 1120 5450
4 1252 1253 1254 5618
4 1827 1832 1829 4629
4 1735 1204 1989 4530
4 2437 4274 4262 4781
4 4330 4758 4159 5671
4 4316 5240 3894 5534
4 2200 2203 2204 5513
4 3774 4762 4361 5224
4 3271 3270 2272 3272
4 3855 4565 4321 4954
4 2897 2107 2978 5102
4 4617 4808 4202 5727
4 3963 4991 4836 5561
4 3134 1137 339 1074
4 645 127 3542 4728
4 1331 4831 1816 5429
4 1875 4871 4256 5734
4 2364 3998 4710 5162
4 1479 4995 1480 5364
4 3952 4337 4166 5363
4 1519 1884 5198 5544
4 4783 5113 4197 5614
4 2071 2767 2935 4469
4 1884 1519 1520 5544
4 2156 2158 5294 5635
4 2073 3127 2894 4632
4 391 3102 1173 4764
4 3787 4374 4809 5640
4 4836 4991 4431 5561
4 4525 5097 3868 5477
4 2236 2771 2225 4860
4 499 3252 3251 4613
4 2174 2172 2215 4140
4 2644 4212 4000 5086
4 2734 2735 4752 5151
4 3875 5076 4681 5617
4 2593 2267 2332 3990
4 1127 2873 2876 4739
4 3045 5264 4539 5302
4 1363 1365 1364 5270
4 1362 1364 1454 5270
4 4823 5389 2187 5457
4 4567 4778 4071 5004
4 1390 4964 1449 5338
4 3810 4863 4479 5356
4 3054 3051 4856 5715
4 1571 5020 5312 5671
4 3894 4316 5534 5680
4 3517 3518 4979 5061
4 4222 4421 3849 4702
4 4588 4723 4090 5365
4 522 40 2350 2655
4 3796 4619 4073 5426
4 3818 4030 4847 5263
4 2973 4547 1835 5303
4 4012 4713 4669 5250
4 629 4543 3520 5033
4 3957 5308 4444 5322
4 3994 4269 41 5519
4 3828 4747 4037 5605
4 1590 1866 2035 4575
4 3830 4993 4250 5134
4 3167 3190 3101 5683
4 862 5315 5052 5359
4 1028 1027 1053 4099
4 3172 3045 4539 5302
4 2807 4841 2808 5588
4 4176 4651 3888 5197
4 4746 4993 3830 5134
4 2412 2393 2601 5159
4 1494 5319 1748 5475
4 3788 3978 4969 5537
4 1005 1975 4491 5678
4 2172 2215 4140 5525
4 229 759 900 5393
4 3897 4159 4541 4758
4 1543 1646 1547 5578
4 970 865 5014 5315
4 2164 4328 2697 5730
4 3129 3044 4564 5613
4 4251 4545 3928 5580
4 3898 4283 4179 5270
4 1064 5228 1003 5511
4 1201 410 3072 1959
4 159 4467 4111 4817
4 70 3372 559 4770
4 4034 2663 4770 5318
4 4081 27 4905 5325
4 4333 5014 3837 5315
4 2400 2399 5409 5517
4 1826 4705 1403 5229
4 3820 5181 4332 5206
4 1969 3121 418 1620
4 175 718 3689 4578
4 3708 177 723 4772
4 1524 1560 1561 4702
4 3921 3832 4537 5596
4 3338 4307 4069 4791
4 1148 4484 1159 5708
4 3854 4270 4136 4686
4 567 3384 3381 4994
4 3086 5006 3145 5164
4 87 1029 1069 1057
4 1942 4371 4958 5739
4 4565 4865 3776 4954
4 4400 3784 4845 5412
4 434 3120 2978 2107
4 2862 4456 4225 4963
4 55 538 5464 5470
4 3890 4517 4911 5216
4 1732 1733 1433 4472
4 1284 1876 1282 5095
4 1285 1284 1283 5095
4 4083 4534 2938 5418
4 2968 3113 1965 4612
4 4388 5177 4878 5434
4 3976 5042 4820 5443
4 1918 2041 5534 5680
4 1551 1609 4580 5488
4 1182 2985 417 5477
4 4619 4849 1711 5705
4 4525 4602 3868 5097
4 3830 3967 4299 5296
4 176 4219 2607 5051
4 107 4349 5657 5735
4 1035 86 323 2952
4 2090 2515 2516 4484
4 4460 4761 4218 5073
4 3793 4875 4435 5147
4 2501 2788 2479 4787
4 4193 4621 3895 5208
4 4111 4817 4467 5272
4 4371 4675 3780 5289
4 3780 4821 4089 4942
4 2959 1079 363 5632
4 583 86 3420 2820
4 2190 2153 4914 5385
4 2101 2629 456 3096
4 1391 1393 1392 5227
4 807 806 4683 5285
4 4310 5130 2692 5487
4 4166 3811 4479 5246
4 1233 4946 1234 5539
4 1879 4544 1997 4951
4 564 3385 3387 2995
4 4151 4273 5244 5686
4 3808 4775 4468 5557
4 4118 5076 5692 5727
4 3865 4834 4606 4912
4 1468 1466 1467 4603
4 3140 4953 3174 5677
4 1827 4629 1828 5394
4 2968 3113 399 1965
4 886 965 765 4998
4 4454 4825 3766 5034
4 1818 1763 1766 5047
4 4076 5296 508 5328
4 4328 4742 155 4862
4 3943 4102 3840 5090
4 2870 990 2952 5231
4 1554 4865 4408 5714
4 129 651 4639 5200
4 1098 4904 4516 5719
4 2848 2847 2491 5661
4 2456 2881 2523 4858
4 4293 4738 3831 5038
4 4538 5117 4149 5568
4 369 2066 2873 1075
4 2674 4876 4168 5381
4 517 42 3288 4776
4 1059 1044 1000 4532
4 2794 166 2702 4850
4 408 3116 2998 1170
4 188 4780 4176 5398
4 3974 4716 4566 5139
4 2708 2711 5457 5598
4 4031 4540 2310 5292
4 3843 4138 4031 5060
4 147 4696 4112 5556
4 1878 1879 4941 5402
4 4651 4927 4256 5288
4 4742 5107 4223 5648
4 736 3730 3733 4267
4 2269 4656 2268 4802
4 2615 2918 4153 4721
4 3856 4554 4385 4966
4 1883 1519 1884 5198
4 2263 3225 3224 3223
4 3961 5107 4742 5648
4 2748 2486 2373 4425
4 2807 2696 2808 4841
4 97 4915 3996 5309
4 68 5251 563 5542
4 4087 4914 2153 5385
4 4002 5356 4489 5572
4 1031 4634 4767 5666
4 1431 1872 1873 5148
4 3870 4777 4478 5298
4 584 85 3427 2954
4 2993 2629 457 2078
4 4318 4427 3848 5414
4 1359 1337 1360 4762
4 3473 3474 3472 4883
4 4462 5514 3925 5546
4 3897 4424 4159 5312
4 4169 4529 3944 5679
4 1479 1481 1480 4995
4 5229 5358 3860 5685
4 3878 4874 4614 5289
4 2971 3127 436 2073
4 713 4096 2421 5366
4 3909 4759 4126 5188
4 2945 4698 2752 5533
4 538 3330 55 4278
4 3856 4315 4199 4385
4 2883 4379 122 5632
4 4184 4671 4006 5350
4 4049 4790 2800 5456
4 686 5456 4328 5730
4 690 3627 2167 2168
4 3753 753 3750 4648
4 1617 4443 1618 5733
4 4031 4138 3843 5633
4 3898 5055 4393 5591
4 2067 5284 2749 5655
4 2694 2798 4246 5201
4 827 5128 950 5644
4 2493 4739 2942 4885
4 57 4224 4069 5103
4 1548 5094 4404 5578
4 1236 5059 1238 5226
4 3395 4364 2646 5275
4 3421 5040 3422 5744
4 2039 1604 1603 5515
4 2938 2767 2937 5418
4 804 5280 931 5376
4 4538 5558 4008 5568
4 2870 2087 990 4835
4 3744 3745 750 5670
4 4178 5601 4270 5612
4 925 912 5136 5425
4 4382 4777 3870 5298
4 4535 5049 3899 5150
4 4248 5250 4460 5652
4 3776 3991 4865 5355
4 1006 1005 4491 5678
4 1236 1238 1750 5226
4 1972 1165 984 4799
4 1494 1748 1530 5475
4 479 4585 4014 5489
4 4489 5356 3810 5572
4 2982 3006 420 1191
4 15 4424 5101 5489
4 2735 3108 2931 4307
4 3302 4244 527 4527
4 67 4363 4773 5071
4 3150 3020 3018 4164
4 389 3000 3103 4951
4 4149 5558 4538 5568
4 1185 2018 232 846
4 4067 5245 4763 5419
4 2761 2459 2760 5675
4 5327 5616 4177 5708
4 4953 5677 4060 5715
4 3774 4762 4179 4982
4 3770 4393 4023 4687
4 1909 1905 1306 4501
4 1040 998 318 2016
4 1434 1377 1375 4553
4 3963 4228 4773 5699
4 1653 1516 1939 5157
4 12 4295 473 4753
4 787 1185 232 846
4 4019 4165 3813 4541
4 12 4295 4014 5383
4 3236 5217 3990 5554
4 1529 4757 1853 5496
4 1891 1526 1894 4647
4 654 2120 128 4923
4 1742 1744 1741 4985
4 2482 2481 4813 5723
4 3898 4023 5055 5591
4 4681 5076 4118 5617
4 4278 5370 2242 5664
4 907 778 2030 4816
4 2563 5017 3482 5184
4 1516 1447 1938 5157
4 1880 1862 1561 5085
4 4245 4884 3795 5491
4 164 701 4362 5560
4 3811 4166 3996 5246
4 4166 4947 3996 5246
4 4321 4565 3776 4954
4 2512 4633 5193 5533
4 4084 4773 4228 5699
4 3855 4259 4091 5574
4 4058 5361 4974 5384
4 175 4421 4222 4620
4 752 197 3759 4624
4 4898 4913 3912 5005
4 856 854 857 4929
4 1209 3086 3099 5164
4 4355 5413 506 5725
4 1676 1674 4681 5692
4 1582 1948 1947 5397
4 3893 4153 4721 5010
4 4120 4851 4351 5189
4 3680 2762 715 4944
4 805 2114 795 4963
4 2864 2747 4224 5573
4 2810 5518 4654 5743
4 592 3445 92 4465
4 1260 1774 1258 4660
4 593 4782 3450 5732
4 472 12 3196 4753
4 3805 4841 4433 5588
4 13 2507 474 2109
4 1852 1508 1438 4766
4 586 3425 1069 988
4 1644 347 1188 1117
4 3591 671 4254 5668
4 3644 163 699 5057
4 2497 4031 5292 5670
4 1575 4763 1578 5419
4 914 922 981 5216
4 1963 1962 1213 5450
4 3871 4598 4099 4774
4 127 4781 3981 5669
4 2491 4885 4235 5661
4 3995 5074 4396 5731
4 1386 1384 1385 5169
4 2364 5026 3998 5162
4 2327 3946 4939 5589
4 2114 805 296 2853
4 3507 628 116 4968
4 3893 4597 4153 5010
4 1304 1300 5043 5493
4 112 2650 5143 5455
4 609 3469 99 4315
4 4108 2664 5286 5318
4 4076 4372 508 5512
4 4031 3843 4268 5633
4 3815 4441 5234 5427
4 2402 2404 3979 4584
4 4256 5032 1319 5288
4 89 4160 4898 5005
4 1745 1743 1952 5112
4 2960 1118 2863 4225
4 2653 4231 3920 4826
4 3622 4328 687 4869
4 691 158 3633 4790
4 4022 5164 3869 5509
4 53 4131 2828 5527
4 3051 3050 3053 4402
4 1371 1372 1370 5179
4 23 4283 5042 5591
4 3842 4879 4407 5417
4 471 4424 3207 4560
4 4259 4125 4992 5187
4 2609 4909 2250 5510
4 3771 3930 4313 4696
4 889 226 758 2023
4 1182 5097 2985 5477
4 2855 3001 465 2091
4 2547 2447 2844 5266
4 4076 508 5296 5512
4 310 1165 2049 1023
4 4222 3832 4702 5096
4 3171 4276 3047 5613
4 3435 3434 594 4699
4 4489 4863 3810 5356
4 3089 4251 3160 4322
4 1346 1334 1350 4496
4 2785 2771 5607 5695
4 1691 1690 1919 4708
4 1939 5157 1595 5411
4 2347 2415 2414 4502
4 3874 5245 4763 5570
4 2765 4032 2307 4699
4 2679 4829 2680 5263
4 2529 2316 2527 4736
4 1888 1579 1581 4649
4 806 2079 4683 5285
4 4905 5325 27 5414
4 4112 3881 5036 5658
4 786 806 290 4683
4 1959 1201 1727 4451
4 2085 278 763 2908
4 4075 5073 4761 5397
4 2121 2122 2120 4923
4 1125 1148 1159 5708
4 3094 2986 443 2068
4 2385 4356 3617 4950
4 2929 2604 2487 5384
4 1861 5132 1860 5391
4 906 1183 247 4839
4 4291 5532 4186 5625
4 3134 3138 4462 5546
4 1385 1386 5169 5629
4 4415 3764 5100 5520
4 3588 669 3590 4271
4 25 4235 4905 5044
4 816 813 815 4911
4 981 892 953 5298
4 3819 4901 4437 5446
4 798 801 799 4810
4 1880 1349 1862 4672
4 2553 4947 4166 5246
4 111 4006 4562 4671
4 4116 5038 3831 5659
4 2349 4422 2290 5494
4 3321 3322 3324 4876
4 3862 3997 4711 5352
4 393 1204 3050 2979
4 4168 4286 4005 5470
4 2267 3990 2593 5217
4 105 3494 616 4798
4 3115 452 2730 3118
4 2591 4760 3979 5517
4 1080 2911 1110 5689
4 2631 4096 4018 5366
4 1611 4922 2041 5064
4 1568 4758 1885 5312
4 3972 4899 4429 5223
4 3972 5223 4429 5471
4 1649 1672 1592 5133
4 4109 4702 5596 5697
4 3423 4598 3421 5744
4 3326 3328 4247 4668
4 1617 1509 1618 4443
4 113 624 5455 5559
4 2669 2824 2175 5624
4 2151 4045 2190 5431
4 2644 2701 2732 4212
4 900 2019 230 1174
4 2741 4013 2390 5037
4 3787 4809 4213 5430
4 4216 4644 3978 5153
4 576 81 4745 5090
4 4144 5322 5262 5712
4 3761 4859 4373 5493
4 1197 1610 5050 5313
4 518 2743 4387 4776
4 4375 3772 4731 5267
4 2388 2741 2390 5037
4 2892 4632 5282 5301
4 4091 4859 3855 5574
4 1451 1374 4875 5377
4 959 5315 865 5359
4 3775 4004 4234 5726
4 1469 1470 1468 5496
4 611 3472 4337 4883
4 2348 5152 4312 5342
4 1547 4439 1944 5094
4 3811 4479 5529 5558
4 2100 905 287 5088
4 1213 1953 251 796
4 1371 1370 1369 4975
4 3847 4198 4600 5112
4 2905 3198 2109 5536
4 3001 464 2091 5341
4 2462 4937 80 5090
4 4046 5316 4926 5713
4 103 4528 4132 4759
4 3711 731 3710 4703
4 2290 2349 2684 4422
4 132 5202 4354 5374
4 3817 4836 4431 5603
4 2770 4324 5126 5482
4 1668 1669 1667 5018
4 1667 1295 1666 5018
4 2830 4131 2828 5710
4 2882 3064 2084 5242
4 115 3512 633 4948
4 4528 5457 4132 5499
4 2536 3537 122 4456
4 3993 4840 3241 5728
4 2426 4710 3998 4854
4 1835 4547 1834 5303
4 949 4810 799 5571
4 4279 5345 4611 5423
4 3280 4458 3278 5328
4 2145 2194 2143 5105
4 71 4108 4913 4987
4 518 4387 3286 4776
4 1710 1576 4849 5480
4 911 5240 4316 5534
4 2974 3116 407 1830
4 4008 5218 4090 5558
4 843 840 844 5115
4 4009 5196 4376 5276
4 4164 4602 4525 5097
4 3562 4730 3559 5081
4 2185 4056 2187 5389
4 3378 4555 68 5542
4 4256 4927 3958 5144
4 4828 4391 5500 5628
4 4286 4665 4005 5470
4 916 855 858 5239
4 2721 4116 2397 5659
4 1725 4694 1724 5630
4 1209 2000 2003 4636
4 472 4322 4182 4753
4 2810 4654 2592 4957
4 1870 1671 1517 5310
4 4581 4703 3876 4750
4 2978 3079 3073 5102
4 3812 4468 5237 5447
4 4570 5321 1945 5488
4 4074 4979 4708 5722
4 3910 5029 4257 5185
4 4554 4877 3789 4966
4 2392 2394 4254 5478
4 2070 2859 454 2975
4 79 4751 4695 5011
4 5064 5283 3865 5662
4 966 810 776 5109
4 2830 2828 2691 5710
4 2880 3114 2882 5242
4 645 4426 127 4728
4 2744 2304 4036 5005
4 674 4721 3607 4754
4 1942 4958 5595 5739
4 3887 5219 4474 5306
4 2625 2731 2728 5141
4 2110 901 2923 4380
4 1455 1684 1332 5531
4 3457 4947 3996 5218
4 742 5241 4243 5641
4 1246 5023 4350 5587
4 2241 2160 2674 5381
4 1593 2042 1973 4516
4 2491 4235 4885 5125
4 2229 4325 5060 5502
4 1363 1361 4982 5270
4 3907 4328 4862 4924
4 62 547 2643 2324
4 3858 4233 4074 5054
4 3953 4025 5592 5736
4 4073 4667 4406 5182
4 1885 5312 4758 5671
4 805 791 295 2853
4 3845 4288 4216 4917
4 1032 581 84 5190
4 3942 4936 4872 5285
4 857 859 930 5421
4 2902 5175 4515 5435
4 4596 5074 1333 5544
4 2364 2366 4057 5114
4 3903 4886 4302 5209
4 3972 4261 5223 5471
4 4305 4749 4163 5721
4 4036 3912 4735 4913
4 851 972 782 5284
4 3976 4656 3263 4802
4 3862 3997 5352 5584
4 4404 3991 4846 5714
4 872 284 2890 766
4 83 578 4301 5608
4 4918 4926 4406 5493
4 2791 4100 2216 5416
4 3374 3375 556 4280
4 1888 1616 1967 4713
4 2485 4885 4081 5125
4 1571 1572 5020 5671
4 2336 2698 2289 4343
4 1383 1381 1837 5230
4 730 961 777 4380
4 305 1025 995 2052
4 2398 138 3574 5409
4 4008 4201 4126 4970
4 5262 5322 3822 5712
4 1715 2012 1714 5036
4 2461 4578 174 4996
4 3830 4746 5134 5213
4 497 28 4309 5260
4 105 4848 5104 5474
4 4145 5128 4368 5644
4 1313 1238 1240 5323
4 2885 2084 2758 4953
4 4068 5409 4116 5659
4 3859 4982 4179 5270
4 3806 4184 4006 5392
4 1630 1670 4408 5742
4 4076 5328 4288 5741
4 1896 1718 4833 5584
4 4222 3879 4622 5203
4 4449 4879 3842 5417
4 2679 2678 2676 4107
4 2694 2799 2798 5201
4 3845 4372 4076 5179
4 2277 2275 2276 5139
4 1791 1342 1928 5219
4 1730 1729 1178 4448
4 3764 5520 5461 5648
4 2286 2287 2285 5265
4 3438 3437 3440 2836
4 124 4336 3541 4728
4 1833 1834 1186 4547
4 3088 3090 3089 5274
4 4020 4131 3807 4509
4 705 4275 163 4511
4 1825 1449 1761 4964
4 1190 2056 1616 4669
4 1215 776 247 4839
4 3907 5464 4278 5664
4 2139 3968 4880 5130
4 103 4528 4759 5188
4 2985 3121 417 5477
4 3820 5176 4332 5181
4 1757 1751 1753 4631
4 4010 4259 4125 4992
4 4877 5257 3977 5660
4 1112 1114 1113 4180
4 57 5573 543 5706
4 1632 1220 1335 4685
4 3952 4863 4479 5210
4 2625 4147 2624 5141
4 2642 61 548 3355
4 781 274 178 876
4 3907 4376 3764 4862
4 3898 4283 4023 5591
4 630 112 3506 2138
4 3030 5049 3029 5150
4 3495 4798 3492 5187
4 905 913 287 5088
4 579 4574 81 5608
4 2950 2847 2515 5661
4 1242 1243 1244 4510
4 465 3015 3001 2855
4 1393 1424 4825 5227
4 62 3348 547 4815
4 2544 365 1111 2088
4 922 4911 817 5216
4 2756 4495 2334 5495
4 3524 4379 639 5632
4 3961 4924 4327 5461
4 3721 3719 737 4666
4 1412 1438 4617 5692
4 2112 2917 2939 4445
4 4390 5151 4135 5683
4 4037 4732 4110 5521
4 2676 2677 2351 4806
4 2194 5105 4311 5263
4 2727 2726 4040 4855
4 3879 4127 4996 5673
4 3999 4633 2080 4648
4 3058 2104 3140 5677
4 2212 96 601 3463
4 1057 1028 84 4774
4 3913 4881 4298 5455
4 194 746 2818 4648
4 3832 4476 4799 5096
4 4010 4946 4125 5065
4 2304 2318 2744 4036
4 3536 3535 3538 4456
4 3856 4315 4201 4970
4 1148 1144 5327 5708
4 1474 1475 1476 4783
4 759 830 831 4077
4 1182 417 1969 5477
4 4028 4465 4071 4952
4 3964 4521 5291 5727
4 810 4851 4120 5000
4 3151 2988 3084 4764
4 4169 4271 663 4686
4 4537 5256 3921 5596
4 489 3231 3232 4283
4 3944 5333 4760 5722
4 1433 1371 1732 4975
4 1109 5327 1144 5616
4 809 952 811 5000
4 533 5370 53 5710
4 3983 4505 4136 4932
4 4490 5337 4537 5596
4 833 179 4077 5220
4 3860 4280 4084 5358
4 4425 5212 4241 5655
4 21 2597 2594 2593
4 4179 4576 3898 4670
4 4227 4608 3768 4705
4 4605 5433 4378 5454
4 89 4160 5005 5195
4 3991 3848 4500 4846
4 4504 4962 3781 5405
4 3837 4319 5255 5315
4 4008 4943 4126 5066
4 4451 3899 5049 5150
4 2681 2679 2680 5263
4 3686 3689 3687 4578
4 3854 3983 5008 5475
4 2747 2864 2699 5573
4 3956 4441 5234 5487
4 2744 2306 2304 5005
4 2978 3120 3080 5102
4 1312 1655 1308 5365
4 4393 4820 3976 5042
4 507 4355 3976 4802
4 1380 1378 1379 4452
4 1882 4997 1809 5046
4 1670 1554 4408 5714
4 4473 5239 4121 5501
4 3916 5079 4308 5650
4 1311 4493 5091 5742
4 524 3308 46 4826
4 4048 4095 4923 5621
4 4453 4747 3977 5605
4 2502 2503 4378 5590
4 3106 2520 464 5341
4 2318 4108 2664 5286
4 4364 5275 4002 5356
4 2529 4042 2454 5543
4 3140 2886 2992 4953
4 2466 2469 2508 5383
4 3150 3385 564 2995
4 38 3274 511 4829
4 2349 5273 4422 5494
4 786 290 2857 4683
4 1118 2960 1079 4379
4 624 3500 113 4298
4 949 791 805 5571
4 3906 4279 4611 5423
4 3829 4056 4528 5457
4 4104 4211 3819 4805
4 2553 4166 2786 5246
4 3105 3041 397 1980
4 3864 4120 4839 5189
4 498 24 3243 4840
4 4470 3906 5502 5598
4 4187 4791 4135 5444
4 1355 1351 1352 5449
4 4009 4718 4862 5648
4 2440 4722 125 5553
4 4268 4606 3865 4834
4 4100 4666 185 5548
4 1029 1057 587 4774
4 4268 193 4606 5633
4 3094 444 2991 2865
4 4201 4126 4970 5188
4 71 4913 4206 4987
4 3198 3195 4753 5536
4 620 2132 109 2131
4 3961 4901 4327 5716
4 1052 5228 1003 5606
4 5062 5307 1245 5587
4 4652 5507 4078 5691
4 2418 2315 4301 4937
4 615 105 4848 5657
4 1323 5365 4588 5568
4 2318 2663 2664 4108
4 2486 2739 2371 5212
4 1359 1337 4762 5579
4 1950 1949 1649 4907
4 36 509 3265 4299
4 3324 54 538 5464
4 3138 3070 5514 5546
4 4103 4565 5043 5279
4 4015 5351 3841 5406
4 1119 1134 4225 5357
4 5461 5520 4684 5648
4 1021 1067 1063 4835
4 5034 5685 4228 5699
4 4030 3818 4847 5581
4 4045 5385 4914 5388
4 3858 4708 4234 4800
4 759 2021 4888 5393
4 604 4201 4090 5021
4 3307 4471 3305 5602
4 2363 5026 2364 5162
4 1143 1135 1115 4796
4 2327 2754 2469 5589
4 675 4313 5556 5646
4 145 5556 4313 5646
4 2950 2876 4739 5277
4 4476 3832 5271 5673
4 3832 5596 4702 5697
4 4808 5191 196 5667
4 2473 4348 2472 5459
4 1035 86 2952 5231
4 2753 4604 698 5163
4 4519 4991 4228 5410
4 2588 4534 3741 4900
4 620 109 2133 2131
4 3159 3070 4579 5514
4 651 3564 129 5189
4 3787 4192 5011 5572
4 3388 2995 463 570
4 4115 3850 4551 5565
4 2339 5191 4061 5704
4 3350 4198 3351 4600
4 3865 4258 4174 4714
4 838 837 840 5115
4 4084 5685 5034 5699
4 4002 3810 5356 5572
4 1903 1797 1904 4684
4 4069 4307 3338 5138
4 1941 1417 1912 4942
4 2640 2638 2864 4691
4 5035 5091 4043 5742
4 2762 2461 174 4996
4 1109 1148 1144 5327
4 104 3486 613 2196
4 229 900 1174 5393
4 3894 4922 4258 5064
4 3623 4047 5437 5451
4 1272 1273 1274 5177
4 4050 5192 4812 5693
4 2674 2160 4876 5381
4 4846 3991 5279 5714
4 1885 1571 5312 5671
4 1476 1836 1531 4740
4 695 156 4549 5031
4 4067 4849 5072 5408
4 495 4905 27 5414
4 4034 4363 3963 4773
4 4895 5056 3875 5617
4 1557 4958 4290 5595
4 854 855 767 5469
4 151 3612 681 4837
4 3814 4779 4317 5650
4 3073 432 2072 2999
4 2320 2672 2834 4471
4 159 4111 4790 5201
4 2475 5013 2476 5459
4 4055 4308 5146 5449
4 4045 4387 3972 4804
4 1877 1443 1446 4725
4 1570 1572 5020 5312
4 4199 4385 4315 5407
4 1596 1595 1654 5672
4 585 4610 3947 5438
4 4870 4893 3909 5462
4 1190 1130 354 2056
4 2293 2294 4105 5342
4 3800 4556 5402 5479
4 2547 4569 2958 5266
4 1991 4402 1735 5420
4 864 868 947 5359
4 2919 898 275 781
4 1910 1692 1914 5080
4 2497 2716 2247 4031
4 1699 1523 4844 5697
4 175 4578 4127 4996
4 4159 3869 4545 5020
4 2757 2756 2758 4495
4 97 4090 4915 5021
4 1736 1737 1435 5440
4 1858 4530 1986 5505
4 3883 4167 4548 4600
4 2679 2678 4107 5403
4 2247 4031 2310 5292
4 3908 4309 4260 4667
4 3126 4069 3108 4307
4 4075 4427 4318 4905
4 2704 2705 2756 5483
4 3949 5160 4123 5560
4 1686 1410 1598 4912
4 2291 4027 2293 5368
4 1265 1289 1267 4641
4 4159 4758 3897 5312
4 4074 5340 3979 5722
4 1846 1436 1799 5404
4 2598 2460 2936 4578
4 3957 4362 4038 5586
4 4447 4836 3817 5603
4 3971 4094 5422 5585
4 374 2867 2096 1082
4 2073 3127 436 2894
4 2538 4986 3877 5571
4 567 4338 3384 4994
4 3129 3048 3044 5613
4 2388 3602 149 5037
4 3800 4928 4636 5165
4 1360 1689 1428 4945
4 3328 3327 4247 4668
4 2199 2187 2186 5457
4 1537 1624 4715 5583
4 4167 5227 3847 5404
4 4036 5236 4558 5286
4 3825 4034 4987 5318
4 1259 5158 1293 5458
4 4046 4918 4926 5316
4 4095 4923 2120 5334
4 2353 4355 2764 4802
4 1693 1694 1432 5087
4 4110 4732 95 5171
4 3657 3655 3658 4604
4 2354 5166 4158 5557
4 2562 2550 2841 5344
4 4199 4724 3900 5225
4 3956 5234 4441 5427
4 3795 5214 4245 5491
4 4497 5212 2927 5688
4 2313 2646 2314 5275
4 2078 2519 2854 4886
4 4150 4895 4491 5564
4 4005 4876 2160 5381
4 2971 3176 3057 5301
4 2711 4823 2187 5457
4 2338 2339 4061 5704
4 2158 4168 2674 4876
4 2774 2188 2824 5207
4 2688 2825 4836 5603
4 2918 277 848 2085
4 3889 4245 5214 5481
4 2537 3534 3533 643
4 1190 353 1130 1976
4 3553 128 648 5508
4 41 4700 4650 5439
4 167 4123 5009 5160
4 939 802 906 4839
4 1071 1066 1009 5299
4 1976 352 1126 1973
4 3853 4286 4183 4642
4 3042 5264 4342 5613
4 1964 5145 4488 5331
4 3994 4154 3804 5519
4 4138 196 5191 5667
4 4073 4427 5044 5260
4 3766 4692 4977 5699
4 4066 4222 5085 5203
4 4374 3787 4809 5146
4 4445 4955 3071 5546
4 2289 2291 2336 5368
4 4062 5180 4568 5696
4 2400 5409 4529 5517
4 2735 4752 4307 5138
4 3847 4531 4204 4655
4 2008 1703 2012 5281
4 2196 3478 4848 5259
4 3850 5009 4123 5254
4 1401 1826 1403 5229
4 1191 3006 420 1955
4 3080 5015 3079 5102
4 123 5357 4717 5647
4 1259 1293 1824 5458
4 3929 4348 4165 5695
4 1459 1458 1866 4919
4 1309 4970 4943 5577
4 4188 4308 5079 5211
4 4898 5317 3912 5497
4 2397 4116 3584 5409
4 2783 5253 2709 5598
4 3076 3075 3074 5165
4 2121 4923 3554 5374
4 4126 4596 3769 4943
4 3859 4556 4563 4982
4 662 4529 3574 5409
4 2477 2610 2476 5013
4 3446 591 91 4453
4 3108 2735 449 3036
4 159 694 4790 5465
4 2882 2084 2885 5242
4 2111 2946 254 793
4 4136 5008 3983 5475
4 805 296 795 2114
4 4073 5044 3993 5260
4 171 4818 4611 5345
4 4125 4599 3786 4946
4 2816 4543 117 5033
4 1729 3049 412 1178
4 2534 2124 4978 5334
4 4332 5181 2182 5484
4 4046 5579 4361 5713
4 1692 1691 1919 4708
4 615 105 3479 4848
4 807 812 806 5285
4 2516 2956 2090 4484
4 132 5202 5374 5621
4 4377 5177 1273 5434
4 62 547 3342 2643
4 2701 2299 64 553
4 810 808 4851 5000
4 3989 5158 3853 5458
4 2989 2924 451 3118
4 1148 5327 4484 5708
4 445 2991 2105 3111
4 2550 5392 2221 5503
4 4118 5692 4617 5727
4 1205 3113 400 2980
4 3787 5430 4873 5640
4 3127 3120 435 2894
4 2082 3389 565 2647
4 4708 4979 4234 5722
4 3731 3732 741 4711
4 866 883 862 5052
4 91 4252 4453 5195
4 2967 3105 396 1982
4 228 829 2021 1210
4 1730 1178 1619 4448
4 3854 5008 4136 5475
4 4090 5218 3811 5558
4 3036 450 2989 5151
4 763 848 277 2085
4 784 812 813 5285
4 1377 4553 1434 5665
4 1275 1769 1277 4748
4 2672 4471 3307 4826
4 4010 5353 4091 5592
4 4132 5457 2711 5598
4 4191 4367 3955 4559
4 3826 4952 4092 5070
4 4155 5023 4261 5471
4 2642 4000 2734 4752
4 3892 4742 4009 5498
4 4009 4862 4742 5648
4 871 2934 769 5014
4 584 3427 322 2954
4 4373 4926 4918 5493
4 2139 4880 4175 5130
4 2759 2333 2273 4299
4 2345 2344 2343 5261
4 1865 1444 1409 4567
4 2316 4690 2548 4736
4 479 15 3211 4585
4 2470 10 469 2472
4 95 4747 4110 4824
4 9 4545 4560 5274
4 2718 4034 2663 5432
4 3998 5026 4124 5162
4 837 838 770 4523
4 471 4545 4424 4560
4 4045 4914 2190 5431
4 3861 3984 4499 5415
4 2059 1644 1643 4756
4 94 2835 3451 4782
4 4963 5280 4082 5376
4 2283 2284 2285 5265
4 3879 4222 4622 5673
4 808 4730 4851 5000
4 3072 3177 4451 5707
4 832 830 829 4888
4 227 889 829 1210
4 711 169 4893 5737
4 2251 2330 2255 4779
4 1537 1624 1961 4715
4 4032 5317 4898 5497
4 3912 4147 5251 5497
4 4119 5390 4357 5422
4 3854 4686 4136 5008
4 3984 4112 3861 4499
4 155 3622 686 4328
4 2125 4457 2123 5720
4 793 930 4532 5421
4 3815 4175 3968 5130
4 1325 1327 1871 5705
4 251 1213 796 794
4 628 113 5061 5559
4 1833 1829 1832 5007
4 2884 2100 287 5088
4 3853 4247 3989 5458
4 3912 4555 2305 4735
4 1615 1190 1616 4669
4 1427 1428 1566 4945
4 4156 4991 4519 5410
4 1065 1058 1014 5582
4 2441 4722 4263 5653
4 2563 4025 2417 5017
4 788 878 877 4922
4 3941 5237 4468 5447
4 3238 495 492 5125
4 912 778 923 4816
4 5034 5358 1397 5685
4 2783 4701 5253 5598
4 2313 4002 5275 5356
4 906 247 776 4839
4 4149 5529 5210 5558
4 2142 4543 2814 5518
4 3283 509 5139 5463
4 2059 1643 1194 4756
4 931 5280 4963 5376
4 2888 2554 2496 4994
4 4109 4620 4440 5609
4 2123 4048 5374 5720
4 1206 907 2030 4816
4 2978 3073 433 2897
4 3970 4518 5015 5102
4 1308 1309 4970 5365
4 3791 4878 4388 5177
4 1611 2041 1588 5064
4 4066 5085 4672 5203
4 2207 2674 2158 5635
4 4094 4275 3931 4511
4 2123 4048 2121 5374
4 751 194 2941 4648
4 4141 5535 5206 5639
4 1402 4845 1763 5047
4 2034 1869 2035 5052
4 123 4456 3535 4971
4 2419 4893 168 5462
4 310 1165 1023 984
4 1740 4488 1738 5440
4 370 2873 2876 1127
4 1583 5397 1948 5652
4 3067 3146 4573 5320
4 718 175 3679 4996
4 2606 2837 2192 5521
4 2534 2532 5334 5550
4 3303 3301 4527 4700
4 3111 2860 3061 5569
4 2027 5053 4523 5620
4 3983 4932 4136 5475
4 1947 1615 1582 4460
4 3638 3637 3635 4549
4 4865 5279 3991 5714
4 2742 5105 2194 5263
4 3431 5005 3430 5236
4 2091 464 2520 5341
4 4414 5024 4323 5435
4 3208 3210 3209 4424
4 3209 3207 3208 4424
4 3761 4373 4918 5493
4 2330 2331 2255 4779
4 39 4107 4806 5537
4 2090 372 1083 2956
4 890 2858 3938 4935
4 2806 5154 4327 5381
4 107 621 4349 5735
4 4375 4731 3772 5098
4 4503 4899 3809 5442
4 1814 1813 1980 4342
4 4026 4116 3831 4475
4 2147 2145 2146 4899
4 1680 1711 4849 5705
4 2814 4543 5033 5518
4 4069 4659 57 4791
4 1725 1724 1723 5630
4 1903 1797 4684 5520
4 4070 5078 5157 5672
4 3272 2272 3271 2352
4 2137 3968 4965 5455
4 3856 4966 4199 5225
4 4090 4201 604 5218
4 803 4351 4851 4935
4 2229 5060 2230 5502
4 2230 5060 2231 5502
4 148 4630 683 5599
4 2721 2397 2413 5659
4 2666 2663 2718 5318
4 2563 2564 2417 4025
4 1986 394 3104 2979
4 3174 4953 3055 5715
4 3613 4112 681 4837
4 4006 5344 4981 5350
4 865 5315 862 5359
4 627 4298 3500 5740
4 222 2028 887 837
4 2716 2229 2247 5060
4 2229 2231 2230 5060
4 271 2923 901 851
4 3657 163 698 4604
4 3846 3977 5257 5660
4 787 847 975 5281
4 3731 4267 3732 4711
4 2432 2717 2380 4901
4 732 4854 185 5548
4 745 2588 194 3741
4 2148 4899 2146 5442
4 610 4823 103 5395
4 1352 1339 1889 5117
4 1357 1889 1525 5117
4 3889 4124 5214 5255
4 2820 3419 82 4989
4 2339 197 5191 5670
4 3694 3695 4805 5346
4 4657 5272 3971 5585
4 3769 4940 4396 5731
4 3837 4039 4296 5428
4 4334 5425 4058 5481
4 1026 1030 1025 5050
4 2022 1820 4888 5687
4 2057 1971 1700 4345
4 1771 1420 4812 5693
4 3064 3114 3183 5242
4 4162 5072 5408 5570
4 4221 5391 4706 5627
4 2861 4274 2437 4781
4 3909 4870 4759 4893
4 3743 196 4138 5633
4 3777 4306 5007 5684
4 1849 5053 2027 5620
4 4079 5282 4632 5301
4 2454 4042 2529 5380
4 2880 2882 2713 5242
4 4501 5077 4155 5485
4 3768 4705 5630 5637
4 3871 4574 4213 5430
4 453 2730 2070 3115
4 2011 1129 2048 4570
4 2074 2919 275 781
4 1507 4958 1506 5348
4 3871 4873 4574 5430
4 4123 5009 3931 5254
4 3945 4356 5382 5625
4 1103 1163 1142 4904
4 4387 4804 43 5439
4 1203 2027 4523 5620
4 4029 3819 4805 5446
4 4610 4767 3844 5438
4 3761 4103 4565 5043
4 2903 2900 4295 5383
4 2860 4224 3061 5569
4 3853 5219 4247 5458
4 3472 605 100 4337
4 1384 5169 4446 5693
4 4066 5423 4672 5531
4 4102 4769 79 5343
4 3231 4283 23 5591
4 2152 4983 4304 5385
4 3856 4201 4090 5365
4 4076 4372 4003 5179
4 830 4077 4888 5220
4 2847 4813 2515 5661
4 1941 1912 1536 4942
4 3925 4890 4462 5373
4 2553 2223 2786 4166
4 4179 4670 3898 5270
4 3309 528 3310 5048
4 3369 3370 4987 5432
4 3237 488 3236 5217
4 681 4112 147 5010
4 3903 5122 4886 5473
4 2365 2489 2363 5162
4 2122 2120 4923 5334
4 195 4534 5634 5702
4 1564 1565 1561 4622
4 1163 1156 1127 4739
4 1738 5145 1798 5440
4 2884 287 913 5088
4 4248 5480 1580 5652
4 1349 1880 1709 4672
4 1053 3980 999 5190
4 63 4655 4531 5444
4 1469 1468 1467 4603
4 4116 4529 4068 4737
4 1641 4931 1544 5594
4 2173 2174 2175 5624
4 1558 1631 1639 5371
4 2710 2782 2218 4883
4 1986 4530 3104 5505
4 2777 2835 2556 4782
4 870 2946 255 789
4 2729 2728 2730 4626
4 4531 5444 4000 5615
4 4256 5144 5032 5288
4 4093 4824 95 5604
4 2625 2728 2727 4040
4 4004 5033 4543 5518
4 2566 4775 2823 5736
4 3162 3110 2984 4582
4 1479 1477 4615 5364
4 2781 2585 2575 5002
4 3483 3480 616 5017
4 504 3261 3263 4802
4 4588 5529 4149 5558
4 3811 5529 4588 5558
4 4451 5049 4249 5707
4 2772 2773 2418 4301
4 4113 5298 4478 5576
4 3992 5193 4257 5239
4 1065 1014 4537 5582
4 3091 4182 3087 5274
4 4055 5146 4374 5449
4 3810 4002 4192 5572
4 3769 4943 4596 5074
4 73 564 3384 4338
4 4074 4233 3858 4979
4 2814 2142 2816 4543
4 273 777 3705 876
4 1126 1096 1098 4516
4 2199 2186 2219 4765
4 3104 2979 3052 4530
4 3114 2986 3171 5242
4 4094 5124 4757 5496
4 1791 5161 4474 5724
4 3989 4247 3887 5458
4 576 3407 81 5090
4 151 4597 4837 5010
4 3777 4531 4187 5444
4 3385 568 3386 2995
4 4048 3937 5202 5374
4 3857 5196 4009 5276
4 2134 2135 2133 4347
4 88 5005 588 5317
4 1486 1484 1485 4962
4 2783 4701 170 5253
4 3791 4377 4878 5177
4 3963 4773 4363 5699
4 127 647 4728 5669
4 4515 5024 3903 5435
4 4143 4499 3984 5415
4 2816 2142 2140 4543
4 1796 1907 1908 5248
4 514 3284 3282 5463
4 3058 4856 3176 5301
4 2377 2484 2375 4882
4 576 81 3409 4745
4 3410 3409 580 4745
4 4541 5101 4019 5541
4 4160 4727 4071 5335
4 4773 5071 4363 5699
4 2222 4337 2209 4883
4 3849 4098 4818 5198
4 725 4104 4658 4805
4 4046 5224 4361 5579
4 4453 4894 4252 5660
4 1420 1772 1771 4812
4 4529 5409 4068 5517
4 3815 5427 5436 5738
4 4324 5237 5126 5482
4 1254 4734 1256 5618
4 1671 1664 1517 4807
4 1378 1376 1377 5147
4 1556 1507 1555 4838
4 1093 1094 4605 5373
4 104 4848 612 5474
4 2697 2214 4328 5716
4 3768 5251 4086 5637
4 1309 4943 1318 5577
4 161 4115 4961 5108
4 817 922 816 4911
4 2494 2555 2553 3996
4 3984 4962 4143 5415
4 2434 4529 2398 4957
4 1845 5227 1391 5404
4 2708 2220 2230 5502
4 2238 4018 4976 5462
4 3988 2709 5253 5598
4 3522 3521 634 5033
4 744 4540 193 5633
4 23 5042 4820 5554
4 2311 2358 2586 4243
4 897 952 966 5562
4 2316 2548 2527 4736
4 3640 2170 157 4662
4 4056 5389 4823 5457
4 1317 1325 1310 4926
4 3483 5017 616 5353
4 2814 5033 4004 5518
4 2723 4819 2893 5654
4 60 4187 4198 4655
4 3977 3846 4453 5660
4 2180 2178 2707 5416
4 548 2642 3355 4623
4 4222 3832 5096 5673
4 3005 3015 466 2113
4 3785 4123 4647 4892
4 23 4393 5042 5554
4 3839 4274 3938 4810
4 3089 4251 4322 5274
4 2148 2147 2146 4899
4 2803 4901 2432 5716
4 2855 466 3015 2113
4 105 4321 615 4798
4 924 921 910 4902
4 3056 3054 3051 4856
4 4220 4234 3858 4455
4 2354 4158 5166 5490
4 1040 1064 1003 5511
4 1305 1913 1915 4784
4 2217 2227 2849 4309
4 959 865 864 5359
4 4202 4808 5283 5667
4 3949 4123 3785 5560
4 1501 1863 1559 4861
4 2995 569 3386 3388
4 752 2488 3749 3748
4 4229 4495 5012 5483
4 2659 53 2828 5527
4 2244 4387 2678 5403
4 4495 5483 4229 5495
4 3307 3306 4826 5602
4 3301 4244 3302 4527
4 2713 2882 2885 5242
4 4063 5150 4451 5233
4 995 1031 306 2052
4 19 482 4366 5674
4 2218 2222 2209 4883
4 2594 4719 2332 5349
4 2631 2421 2787 4096
4 897 966 5109 5562
4 2952 324 1035 990
4 758 225 888 1167
4 1761 4964 1449 5306
4 957 949 799 5571
4 3849 4421 4222 5085
4 147 4112 3613 5556
4 52 4755 4172 5305
4 963 842 841 4934
4 3003 3071 3135 4445
4 3781 4630 3984 4962
4 2371 2372 2373 5390
4 2429 2372 2370 5390
4 167 5009 705 5636
4 3855 4954 4185 5222
4 3937 5374 4048 5720
4 4071 3846 5004 5335
4 2254 5191 2339 5704
4 1119 4225 4379 5357
4 3782 4505 3983 4932
4 3107 3008 2982 4607
4 1078 1967 356 1104
4 3149 4632 3057 5084
4 876 3702 3703 946
4 4953 5111 3055 5715
4 4440 4620 719 5609
4 957 799 4810 5571
4 1399 1397 5358 5685
4 3768 4227 4705 5251
4 3969 5305 4755 5710
4 518 3286 3288 4776
4 4443 4695 4011 5011
4 2679 5263 2706 5403
4 1233 1231 4992 5539
4 3278 4458 3280 5041
4 2597 2594 4300 4719
4 2789 2257 2425 4863
4 1640 1631 5371 5623
4 3401 3402 5341 5343
4 2780 2585 2465 5002
4 3283 5139 3974 5463
4 4801 4852 4410 5068
4 3811 3996 4166 5218
4 2204 2548 2200 4690
4 2783 2355 4701 5598
4 2024 406 2974 3101
4 3485 3484 3487 2130
4 3773 5340 4074 5722
4 4481 4860 3813 5607
4 2482 2481 2515 4813
4 39 4847 4107 5537
4 4653 5029 3910 5663
4 1681 4491 1975 5678
4 4008 4943 4538 5568
4 914 981 953 5298
4 2529 2545 3927 5543
4 2441 4263 4722 5553
4 3995 3849 5215 5544
4 3815 5436 4635 5738
4 4018 4096 3814 5131
4 2734 4752 2735 5138
4 3873 5256 4537 5596
4 4165 5332 4019 5607
4 4332 5206 5181 5484
4 1597 1598 1410 4834
4 2893 2723 2763 4819
4 56 4903 3334 5573
4 683 148 4499 4630
4 4047 3817 5437 5603
4 3079 5015 4518 5102
4 4432 4597 3881 5036
4 831 4077 833 5351
4 3812 4091 5353 5592
4 4446 5169 4507 5693
4 3869 5020 4159 5312
4 4034 4770 2663 5432
4 2587 2938 4534 5418
4 742 3727 3729 4733
4 1826 1723 4705 5394
4 723 4486 4077 4772
4 2972 2931 448 3108
4 4718 3764 4862 5648
4 2959 364 1124 1081
4 47 4674 4392 5709
4 2973 405 1186 3101
4 917 849 763 3893
4 877 768 214 2040
4 4072 5221 4484 5277
4 4974 5361 4357 5384
4 620 2133 109 3497
4 4625 5600 5265 5721
4 3752 2941 198 4648
4 2618 4854 184 5548
4 2899 2508 2469 4358
4 2235 4095 2532 5550
4 3981 4173 5016 5669
4 1940 1441 1936 5660
4 1359 1358 1337 5579
4 3984 4630 4143 4962
4 2174 4140 4572 5624
4 2688 2690 2825 5603
4 99 4315 5021 5407
4 1124 4208 1079 5632
4 4055 4940 4317 5650
4 1771 1380 1382 5192
4 2721 2395 2397 4116
4 1095 1093 4605 5616
4 509 4299 2273 5287
4 3499 617 108 4347
4 3786 4946 4599 5059
4 2269 2632 2332 5349
4 790 885 936 4331
4 873 4777 4382 5298
4 4603 4884 4245 5491
4 3931 4884 4603 5491
4 3837 5014 4469 5359
4 2945 2092 4257 5193
4 4057 4511 3834 5491
4 1452 1931 1864 5153
4 2319 2718 5432 5561
4 616 4798 4259 5353
4 1052 983 1045 5606
4 2005 3086 1209 5164
4 2354 2622 5166 5557
4 3667 711 169 4893
4 1672 4846 1550 5133
4 3995 4440 4109 5215
4 2271 3967 4656 5287
4 2999 3074 3075 4295
4 3047 4276 5264 5613
4 840 844 5115 5425
4 3496 4930 3497 5547
4 2407 2406 2842 5326
4 3824 4027 4204 5194
4 185 4369 736 5526
4 2717 2432 2803 4901
4 3806 4671 4184 5735
4 2277 2334 2275 5495
4 4560 5006 4182 5274
4 4498 4775 3808 5557
4 1594 1653 1655 4723
4 3860 5229 4280 5358
4 4251 5274 4545 5580
4 939 4839 810 4851
4 2182 2183 2181 5484
4 1591 4761 1947 5397
4 2122 2532 2120 5334
4 2032 1974 1189 5329
4 3171 5242 4276 5613
4 912 923 925 5136
4 1247 5023 1246 5587
4 1255 4734 1254 5618
4 3058 3141 2891 5301
4 1129 1145 1099 4570
4 2023 226 758 1167
4 2059 1194 345 1123
4 3874 5110 4378 5454
4 568 3013 76 3179
4 2332 2267 2269 3990
4 4652 5110 4078 5507
4 148 5037 3600 5532
4 4258 4689 199 5283
4 530 3323 3322 4876
4 514 3282 4806 5463
4 3640 692 2170 4662
4 2308 2307 594 4699
4 608 2209 3474 4883
4 1621 1955 1622 4411
4 2734 2642 2644 4000
4 83 4610 4297 4989
4 4578 4676 2422 5609
4 3285 3935 4776 5439
4 2170 2694 2172 4662
4 2830 2661 2828 4131
4 3114 442 2986 2880
4 4008 5066 5218 5558
4 719 4440 4421 4620
4 1248 1246 1247 5023
4 3764 4415 5461 5520
4 1578 1577 1579 4763
4 3912 2305 4555 5497
4 174 715 2762 3681
4 4120 5000 3886 5109
4 2702 2364 2426 4710
4 2851 5259 2545 5543
4 227 889 1210 2023
4 52 4172 4247 4668
4 4647 4892 4123 5254
4 2624 2625 2623 4147
4 84 4099 4598 4774
4 4012 5221 4484 5597
4 2705 4797 2713 5483
4 1861 1987 1860 5132
4 2196 4848 2316 5259
4 3275 39 513 4847
4 1654 5120 4420 5672
4 907 220 2030 778
4 4248 5072 5480 5652
4 2801 2736 2431 5441
4 2523 2884 2887 5088
4 4110 4747 4037 5521
4 3617 3615 4950 5599
4 1308 1323 1309 5365
4 2400 2401 2399 5517
4 15 3210 4424 5489
4 479 4424 3210 5489
4 3029 3030 3027 5049
4 3901 4125 4671 5187
4 555 3357 67 5071
4 4914 5385 4087 5388
4 155 4742 5465 5498
4 2997 402 3059 4908
4 1327 4619 1711 5705
4 500 2224 29 4690
4 1942 5595 1943 5739
4 4476 5096 4622 5329
4 105 4798 4091 5104
4 2579 2945 2092 4257
4 1321 1943 1651 5739
4 3031 3184 3177 5233
4 1566 1569 1427 4556
4 3761 4406 4667 5043
4 4414 3903 5024 5435
4 4176 4267 188 4693
4 2823 4775 2568 5557
4 4018 5131 3814 5731
4 4354 2322 5374 5720
4 142 2394 667 3582
4 4927 5144 4256 5288
4 2685 2684 2830 5152
4 2209 4337 3474 4883
4 4354 5202 3937 5374
4 4136 4784 3854 5475
4 4274 4986 2861 5571
4 2589 4019 2260 5332
4 1962 4814 1983 5300
4 3994 3804 4269 5519
4 543 4548 59 5706
4 612 3481 104 5017
4 1124 2959 4208 5632
4 2429 2798 2799 3975
4 2695 2163 2165 4590
4 4503 5442 3985 5518
4 3997 4267 3888 5584
4 4368 5001 3881 5281
4 4226 4852 4801 5068
4 3886 5562 4506 5623
4 2003 1567 1607 5509
4 4054 5144 4927 5288
4 3848 3991 4500 5279
4 3810 4364 4002 5356
4 3569 4938 132 5676
4 3945 4442 5123 5382
4 1316 1896 1891 4833
4 4278 4590 3907 4869
4 4185 4822 3901 5222
4 4116 5409 2397 5659
4 124 4434 4722 5369
4 624 5143 4298 5455
4 3778 4611 4405 4887
4 1351 1355 1430 5211
4 1470 4729 1529 5496
4 2667 2824 2669 4811
4 124 4173 4336 4728
4 1170 408 3116 1830
4 35 3262 506 4355
4 3053 3102 3151 4764
4 4484 5221 4072 5597
4 4415 4684 4041 5461
4 4343 4548 59 4903
4 523 46 3299 4914
4 4015 4219 723 5051
4 3130 3035 3128 5683
4 2640 2865 2879 4539
4 1570 1571 1572 5312
4 1119 1151 1134 5357
4 4214 4828 4419 5628
4 3150 568 3385 2995
4 4558 5387 4037 5651
4 3092 1172 387 2970
4 4103 503 4744 5199
4 2413 2397 5409 5659
4 708 4893 168 5253
4 4445 3925 4955 5546
4 1643 4756 1644 5378
4 3097 2969 2081 4251
4 2641 2297 2701 4916
4 3769 3995 4870 5731
4 1120 1121 1088 4814
4 4075 4907 4303 5397
4 1388 1449 4964 5338
4 2710 102 4823 4883
4 2814 4543 2816 5033
4 2748 4425 4882 5655
4 1840 2028 1203 4523
4 2596 2595 2892 5282
4 120 3529 4972 5703
4 3121 1969 417 5477
4 1254 1255 1256 4734
4 3066 4955 3065 5690
4 3399 573 3398 4695
4 4412 4795 4282 5522
4 2119 2118 128 3556
4 159 4111 4467 5465
4 2005 5006 3086 5164
4 2385 2384 2386 4356
4 1047 1061 3155 4897
4 3785 4828 4391 5176
4 3707 4077 179 5220
4 571 3395 2646 5275
4 4054 5170 5288 5429
4 4099 3871 5050 5424
4 229 2021 759 5393
4 1234 4599 1417 5539
4 4219 4486 3841 5351
4 4778 5004 1407 5335
4 3843 4031 4268 5172
4 3361 4855 4212 5555
4 3849 4109 4440 5215
4 3017 2996 4338 5258
4 2622 3973 2266 5166
4 161 4961 4115 5140
4 2246 2231 2716 5060
4 494 3249 27 4613
4 4622 5096 1564 5329
4 64 2701 4916 5086
4 3832 4799 4476 5271
4 71 4227 4673 4913
4 3923 4677 5278 5336
4 3846 4894 4453 5660
4 2721 2601 2395 4026
4 607 3466 3467 5389
4 4241 5212 4497 5688
4 4194 3857 4559 4704
4 31 4736 4690 5199
4 1319 5032 1299 5288
4 1281 5095 1282 5500
4 4327 4924 3961 5716
4 3983 3854 5319 5475
4 2522 3411 80 582
4 2545 5259 3927 5543
4 36 5296 508 5512
4 1560 4702 1522 5697
4 1192 1604 5514 5515
4 87 3947 5231 5438
4 1415 5430 4809 5640
4 4575 5352 4065 5619
4 3766 5034 4692 5699
4 2072 2508 2899 4518
4 640 3539 3541 4336
4 508 3278 36 4372
4 3625 5437 4990 5451
4 2824 2173 2175 5624
4 3971 4357 5422 5643
4 1492 1530 1773 4932
4 3616 677 148 4356
4 1978 1196 357 1131
4 3837 4284 5359 5428
4 2997 403 2031 3112
4 4136 4932 4501 5485
4 1771 5192 1382 5693
4 2445 2446 2443 5653
4 4272 4052 5234 5314
4 4463 5206 3820 5535
4 2127 2221 2550 5392
4 4273 4051 5248 5618
4 4044 4828 4419 5308
4 1316 1807 1280 5628
4 3982 4244 3895 5468
4 3064 441 3114 2882
4 2861 2858 3938 5571
4 731 183 4380 4750
4 3825 4206 4034 4773
4 749 3758 3759 4624
4 4526 5259 2851 5543
4 1920 5148 1873 5313
4 1365 1693 5055 5540
4 1111 2088 1080 5689
4 1392 1390 1391 4485
4 585 3947 4610 4989
4 1814 1739 1812 4682
4 645 3542 3540 4717
4 2699 2698 2336 4343
4 4098 5198 3849 5544
4 2923 2067 2925 5284
4 1078 357 1196 1131
4 1827 1828 1725 5394
4 937 873 893 4777
4 1692 1919 1916 4800
4 4433 4841 3805 5244
4 2157 2156 2158 5294
4 2799 2800 2621 4111
4 4123 4891 3785 5560
4 4225 4963 4082 5376
4 1261 1824 1342 5219
4 3974 3793 4716 5545
4 4416 5077 4051 5618
4 2074 274 178 781
4 4174 4912 5472 5680
4 4570 5321 4181 5386
4 4692 5034 4228 5699
4 3805 4186 4013 5588
4 781 962 4015 5351
4 3642 3639 694 4662
4 2379 2380 2381 5446
4 1088 1963 343 1120
4 2658 2653 2657 4231
4 1033 4552 1058 5582
4 4423 5062 4053 5307
4 4318 4905 4427 5414
4 4172 5161 4474 5219
4 2857 4683 2866 4938
4 780 883 2034 5052
4 3932 4817 4246 4961
4 4056 2187 5389 5457
4 4084 3860 5358 5685
4 5024 5175 4323 5435
4 2990 3173 3069 5522
4 3779 4906 4359 5701
4 800 4963 931 5280
4 1666 1923 1668 5018
4 2141 2243 2139 5130
4 2139 2692 2137 5130
4 2219 2220 2199 4765
4 172 4096 3672 5131
4 3468 100 4201 5188
4 3088 3087 5006 5274
4 4294 5022 4483 5629
4 2996 3016 460 5258
4 621 3492 107 4349
4 1820 2025 2023 4697
4 4466 4841 3805 5588
4 1204 2979 1986 4530
4 73 4525 4164 4602
4 4515 5209 2902 5435
4 184 738 2796 4666
4 4054 4887 4344 5170
4 4191 5437 3817 5603
4 1708 1563 2022 5687
4 1441 1406 1408 5335
4 376 2878 2917 1091
4 4234 4708 3858 4979
4 1061 2062 3155 4897
4 1506 4958 1942 5348
4 2071 2934 871 5014
4 3011 3012 3013 4011
4 144 2389 678 3603
4 4110 4732 2561 5521
4 300 3136 982 2966
4 804 796 797 4595
4 3852 5208 4244 5468
4 389 1997 3000 4951
4 3239 493 4956 5125
4 2505 2506 2474 4652
4 4174 3865 4606 4912
4 1424 1393 1845 5227
4 1883 1882 1519 4997
4 4304 4973 3962 5530
4 3174 3054 4856 5715
4 3767 4927 4399 5172
4 91 4453 591 5195
4 3004 421 3006 1214
4 4178 5045 140 5612
4 3100 2977 2109 4753
4 1971 1699 1700 4345
4 1388 1386 1387 5629
4 3846 4071 4727 5335
4 866 867 923 5136
4 3896 4508 4280 4637
4 3546 644 3545 5553
4 1782 1707 2020 4577
4 680 3618 150 4950
4 1197 1920 1610 5313
4 4044 4828 4391 5500
4 1569 4556 1566 5479
4 3352 551 3350 4655
4 3926 4000 4623 5615
4 865 862 864 5359
4 3738 3739 4900 5702
4 2143 2742 2141 5105
4 1233 1234 1231 5539
4 2997 1175 402 4908
4 4476 5096 3832 5673
4 620 3498 110 4930
4 2855 2091 2521 4114
4 864 861 868 5359
4 2559 3986 2558 5339
4 4067 5408 5072 5570
4 4180 4679 3891 4796
4 235 886 1169 5644
4 3926 4623 4000 5086
4 3862 4267 3997 5584
4 1977 1040 318 2016
4 1548 1547 5094 5578
4 4252 4453 4160 4894
4 2948 5082 1110 5689
4 3412 582 3411 4745
4 1955 3006 421 1214
4 2307 3435 4699 5317
4 1174 4646 2020 5393
4 3998 4854 4768 5711
4 452 2924 2730 3118
4 2273 37 2274 5139
4 1118 1090 361 2863
4 3924 5283 5064 5662
4 3844 5438 4767 5666
4 2466 2328 2327 4585
4 1488 1490 1841 4793
4 3086 3145 3099 5164
4 1140 1108 1106 5221
4 3913 4881 3786 5622
4 4458 5581 4216 5725
4 3346 5194 3345 5368
4 2196 2316 2545 5259
4 493 26 3240 4956
4 936 880 790 4331
4 2919 276 898 2918
4 2699 4343 2336 4903
4 1216 1624 1219 5583
4 223 1203 837 770
4 780 861 862 5052
4 4136 5475 4932 5485
4 3831 4026 4475 5063
4 1222 1223 1221 5180
4 3815 3968 4175 4968
4 2733 2086 2734 5151
4 4050 4527 4269 5519
4 801 802 803 4351
4 30 2548 3259 4690
4 777 272 2110 901
4 2505 3928 4921 5580
4 4553 4875 3793 5147
4 1065 1070 994 5582
4 484 3230 3233 4709
4 127 3981 5016 5669
4 1118 4225 2960 4379
4 959 970 865 5014
4 2732 2733 2644 4212
4 20 4300 4640 4719
4 1591 1948 1592 5397
4 1031 4767 1048 5666
4 1222 1220 1632 5180
4 4000 4752 3354 5444
4 4068 4529 4116 5409
4 2139 2137 2138 3968
4 3978 3845 4458 5153
4 2473 2472 2474 5459
4 1226 1228 1227 4822
4 2006 1728 4741 5379
4 2164 4869 4328 5730
4 671 4505 4254 5668
4 2874 2464 2932 4389
4 3079 3074 3073 4518
4 3230 4283 3233 4709
4 1958 1961 1624 4715
4 1473 4783 1474 5614
4 1610 1518 1562 5430
4 2584 2232 2249 4279
4 749 4624 2339 5191
4 92 3449 4782 4910
4 986 1007 1006 5564
4 4125 4946 3786 5065
4 3468 4201 604 5021
4 4482 4811 3822 5624
4 265 881 875 2930
4 1389 1391 1390 5338
4 1388 1390 1449 5338
4 1452 1775 1780 5153
4 2792 2474 4652 5459
4 1997 3092 388 3000
4 4872 4936 4242 5285
4 842 910 839 4934
4 2534 2122 2124 5334
4 43 4193 4244 4700
4 3393 5275 3396 5476
4 2337 4032 2307 5566
4 4064 5230 4682 5486
4 3577 140 5045 5612
4 2034 780 218 883
4 3845 4917 4216 5153
4 900 759 831 5393
4 4119 4511 4094 5422
4 3158 4636 3076 5165
4 4287 4046 5237 5310
4 2543 2959 4208 4830
4 4084 4637 4280 5551
4 1329 1328 1320 5288
4 1320 1319 1299 5288
4 2535 4274 2861 4781
4 2996 460 2525 5258
4 54 535 2159 4876
4 4085 4969 3978 5537
4 95 5171 598 5604
4 2853 2102 2538 5571
4 2813 2205 3985 5442
4 672 4583 145 5532
4 4165 4541 4019 5541
4 4405 4611 4066 5423
4 3627 690 3628 2168
4 665 2649 5045 5178
4 4419 4828 4044 5500
4 3544 5016 3543 5553
4 2658 2660 2834 5019
4 3947 4989 585 5231
4 3983 4271 3885 5319
4 2166 685 152 5730
4 3448 3445 592 4727
4 3588 663 4271 4686
4 792 926 859 4542
4 4101 4716 4299 5139
4 1758 4832 1759 5458
4 2460 2464 2936 4127
4 4229 5012 4797 5483
4 312 1011 1974 1972
4 1473 1475 1474 4783
4 2634 2889 4746 5213
4 407 2974 1830 2024
4 593 3436 92 4699
4 4102 4114 3840 5090
4 2971 3057 3149 4632
4 4568 5089 4142 5183
4 4844 5596 4490 5697
4 1635 1538 1537 4513
4 3399 3397 567 4602
4 2001 1822 1821 4601
4 4216 4288 3845 4458
4 4696 5001 4754 5010
4 1180 788 877 4922
4 3832 4620 4222 4702
4 4483 5022 4137 5629
4 2529 2545 2316 3927
4 1760 1759 1758 4832
4 1305 1915 1910 5080
4 622 5344 111 5350
4 3681 2762 174 4944
4 2051 1678 1676 4959
4 939 803 4351 4851
4 692 158 2168 2240
4 159 4128 4817 5649
4 2238 2253 2631 4018
4 3853 3989 4642 5158
4 74 566 3383 4994
4 4126 4943 3769 5066
4 4799 5096 4476 5329
4 2538 2861 4986 5571
4 2656 40 2755 4776
4 19 489 4576 5324
4 4357 5390 3971 5422
4 1407 5004 1408 5335
4 900 4646 1174 5393
4 2026 888 225 1167
4 4011 4525 3400 4695
4 4677 5261 4292 5336
4 1864 1368 1370 4917
4 2583 2222 2239 4976
4 3628 690 157 2168
4 2743 2678 2244 4387
4 3918 4548 5573 5706
4 568 73 3013 3150
4 497 3260 3258 4690
4 1972 311 1011 984
4 5077 5248 4051 5618
4 3661 3660 4551 5108
4 3964 4061 4808 5191
4 3809 4178 3985 5442
4 2196 613 104 3478
4 2161 54 3320 2159
4 4361 5224 4762 5579
4 3150 73 3018 4338
4 1321 5183 4459 5739
4 1116 1112 1147 5069
4 2874 991 330 2872
4 2588 2587 2938 4534
4 3138 5514 4462 5546
4 2612 2243 2833 5487
4 5074 5215 1353 5544
4 4491 4895 1682 5564
4 1835 1834 1745 5303
4 367 1110 1080 2911
4 107 4981 614 5350
4 2205 2813 3985 5045
4 2256 2252 2255 5681
4 1115 1158 1161 4756
4 2103 932 845 5688
4 4024 4774 3871 5050
4 2094 1079 2960 4379
4 11 4165 3203 5541
4 2040 768 215 5534
4 2798 4246 3975 5163
4 956 774 4506 5562
4 3070 3071 4955 5546
4 3712 181 725 4703
4 1746 1618 1509 5354
4 3026 3096 3029 4535
4 2591 2590 2402 3979
4 4106 5104 5017 5353
4 4298 5143 2317 5455
4 586 1035 1069 5231
4 4470 4765 3829 5457
4 3311 529 50 5048
4 3011 4751 76 5341
4 4211 4743 4029 4805
4 596 3451 2835 4782
4 3884 4934 4523 5053
4 131 4935 650 5081
4 148 4186 5037 5532
4 2772 2418 2315 4301
4 4047 5437 3817 5701
4 2904 2603 2602 5593
4 4841 5530 3962 5635
4 3715 5026 3714 5711
4 563 4280 3375 4673
4 2565 2135 2195 4965
4 592 92 3436 4952
4 4761 5073 4460 5397
4 2464 2461 2465 4127
4 2338 2254 2339 5704
4 2760 2405 2455 5367
4 2060 1963 343 1088
4 1637 1641 1544 5594
4 1967 1616 2056 4713
4 4125 5065 3913 5547
4 3011 76 3013 3179
4 193 4268 4606 4714
4 2266 3973 4820 5166
4 990 2087 325 1024
4 4244 5208 3895 5468
4 1797 1264 4718 5520
4 11 477 4541 5541
4 2605 2929 2077 5118
4 4055 4374 5117 5449
4 2501 4787 2478 5507
4 2549 24 2572 3245
4 1203 4523 770 5620
4 4739 5277 4072 5661
4 996 2916 336 1000
4 2715 2391 2412 4522
4 3064 2992 440 2084
4 994 1038 327 2949
4 3886 4512 4120 5030
4 3072 3161 3177 5707
4 307 1187 1031 1018
4 794 4595 804 5450
4 2174 2173 2172 4140
4 4381 5053 4171 5247
4 1617 1191 1621 4607
4 2136 4298 2317 5455
4 3126 3108 3038 4307
4 4015 4219 3841 5351
4 3869 5312 4424 5509
4 1393 1424 1395 4825
4 1233 1665 1235 4946
4 2707 2791 2216 5416
4 3925 4445 5373 5546
4 1619 1613 1514 5067
4 1333 1322 1338 5074
4 2295 4105 2294 5453
4 4191 4990 4047 5603
4 3983 4475 4271 4788
4 20 4896 3219 5401
4 1350 1334 1709 5399
4 91 591 3431 5195
4 527 4471 44 4643
4 1309 1683 1322 4943
4 49 528 5019 5527
4 2107 2978 434 2897
4 2354 5166 2264 5490
4 331 2874 993 1037
4 3760 3758 754 4624
4 513 39 3279 5041
4 4377 3791 4878 5506
4 4199 4315 3856 5225
4 3949 4710 167 4850
4 1832 1801 1744 5007
4 535 3319 3320 2159
4 4585 5332 4019 5541
4 3259 2548 500 4690
4 1098 1103 1133 4904
4 1738 1740 1964 4488
4 1237 1236 1235 5059
4 9 471 4545 5580
4 3339 5103 3338 5138
4 4378 4078 5110 5691
4 659 4120 4512 5189
4 47 4392 525 5388
4 552 3361 3362 4855
4 619 3489 106 4981
4 3837 5255 4333 5315
4 2626 2624 2337 5566
4 147 4696 4754 5010
4 4806 5537 3935 5545
4 566 3393 75 4364
4 2837 5387 2668 5651
4 3778 4887 4344 5499
4 4318 3848 4846 5414
4 313 985 1039 1974
4 2980 401 1960 3059
4 4159 4424 3897 4541
4 3892 4128 4549 5232
4 3932 4128 3791 5031
4 1755 1450 1771 5192
4 84 4598 3423 4774
4 4050 4812 4446 5693
4 764 886 235 5644
4 1662 1417 1941 4967
4 2049 309 1023 989
4 1330 1320 5170 5429
4 191 4627 4296 5523
4 665 5045 4178 5178
4 3775 4800 4461 5080
4 1383 1382 1381 4507
4 1884 5085 1862 5198
4 3572 4957 3571 5679
4 4500 4586 3991 5414
4 3262 3263 3264 4802
4 1218 1220 1221 5180
4 2589 4019 5332 5607
4 2438 2437 2235 4781
4 901 4380 973 5284
4 1846 5112 1845 5404
4 3106 77 2520 5341
4 4484 5327 4177 5708
4 1318 4596 1882 5577
4 993 2089 332 1036
4 4369 4780 4267 5526
4 694 159 5201 5649
4 2741 5037 2427 5588
4 1118 1119 4225 4379
4 157 690 3626 4990
4 3604 680 150 2411
4 221 1177 778 887
4 1903 1341 1797 5520
4 2632 3967 2333 5538
4 3959 4056 5295 5639
4 1249 1850 1251 4792
4 2322 5311 2539 5720
4 2679 2194 2706 5263
4 2802 5154 2806 5381
4 3082 3080 3083 4616
4 3956 4355 5443 5725
4 4523 4934 3884 5626
4 25 495 4427 4905
4 2956 4484 2516 5708
4 3787 5146 4374 5572
4 2045 1612 1852 4766
4 1486 4962 1485 5415
4 39 4806 4107 4829
4 2774 2664 2666 5318
4 1352 5117 1356 5449
4 2048 4570 1084 5321
4 3964 4061 5191 5704
4 873 914 953 5298
4 4047 5437 4191 5603
4 432 2900 2072 2999
4 4448 5122 3903 5473
4 988 1069 586 1035
4 2217 2224 2204 4260
4 956 952 774 5562
4 2211 2124 2126 4978
4 3852 4244 3982 5468
4 2262 2261 2259 4366
4 4179 4283 3898 4576
4 2535 2861 2437 4781
4 2707 4362 2178 5586
4 1012 1013 1014 5271
4 1113 1135 4208 4796
4 3934 5264 4612 5302
4 4107 4847 4030 5263
4 4689 4808 196 5283
4 1603 1601 2055 4866
4 1999 1997 1879 4544
4 1356 1352 1357 5117
4 4117 4874 3816 4948
4 1410 1347 1597 4834
4 3849 4818 4066 5198
4 493 3239 2492 5125
4 1081 2959 364 2544
4 4237 5171 2557 5339
4 1777 1756 1843 5208
4 1754 1850 1843 5208
4 2249 2780 2762 4944
4 3481 618 2197 5017
4 504 5287 3967 5296
4 2500 2773 2331 4297
4 1163 4739 1128 5277
4 2171 2170 2172 4662
4 1252 1254 1793 5618
4 2947 332 2089 1036
4 3452 598 3451 4782
4 3134 2965 3138 5546
4 2083 2858 293 4935
4 51 4168 3322 5470
4 1203 2027 1840 4523
4 1020 4634 1031 5666
4 2595 2633 5282 5349
4 4336 4679 4434 5369
4 2923 271 2067 851
4 2133 620 2134 4930
4 3991 4408 4865 5714
4 3584 4116 5167 5717
4 1025 305 1197 2052
4 3845 4076 4372 5328
4 3863 4486 4077 5393
4 1756 1754 5208 5468
4 4021 4369 4100 5526
4 329 1033 2872 991
4 4136 4686 4270 5008
4 3817 4559 4194 5437
4 4193 43 4804 5439
4 4126 4201 4008 5066
4 2831 4030 2681 5413
4 1752 1290 1754 5468
4 1756 1755 1754 5468
4 3823 4168 4005 5381
4 1165 1699 2049 4490
4 89 3429 591 5005
4 1013 1042 1015 5337
4 591 4160 4453 4727
4 2153 2190 2151 5385
4 1695 1732 1432 5087
4 4767 5438 1048 5666
4 4056 5395 4528 5457
4 633 3518 4233 4979
4 2890 2098 2893 5654
4 2676 4107 4806 4829
4 1562 1510 4873 5430
4 3662 5009 3660 5108
4 3733 4267 3731 4693
4 2893 4819 2763 5675
4 4649 4713 4122 5552
4 860 216 884 2037
4 165 4850 2245 5586
4 2293 4105 4815 5342
4 2852 2643 61 546
4 686 155 5456 5465
4 4109 4440 3995 5131
4 3925 4579 5514 5515
4 2931 2735 449 3108
4 4213 4574 3871 5040
4 1044 1001 4532 5606
4 568 3179 3386 2995
4 2694 4246 2798 5525
4 2021 2022 4888 5393
4 3170 3076 3158 4636
4 4143 4499 4291 5625
4 2661 4131 4020 5527
4 1497 1495 1821 5524
4 3444 595 4732 5387
4 4168 5294 2158 5635
4 2842 2843 2457 5326
4 1395 1397 1396 5034
4 1681 1674 1675 4681
4 2436 2552 2842 4614
4 1855 1378 1450 5147
4 2086 2924 451 2989
4 1984 1623 1987 4517
4 4091 4259 4010 5574
4 72 2082 3389 565
4 1494 1495 1496 5319
4 1400 1402 1763 5047
4 1180 2043 788 4922
4 3855 4349 4321 4798
4 666 141 2648 2649
4 2692 5130 2243 5487
4 1894 1807 1891 4892
4 1353 1333 5074 5544
4 36 508 4372 5512
4 4069 3338 5103 5138
4 2772 2315 2256 5681
4 1074 339 3134 2965
4 2455 4858 2523 5367
4 3833 4392 4045 4804
4 3692 3690 3693 5051
4 2293 2294 2295 4105
4 3816 4593 5340 5627
4 2960 1118 361 2863
4 1456 4651 5197 5734
4 2461 2762 2780 4996
4 2134 4347 2133 4930
4 4481 5224 3941 5563
4 2798 3975 2429 5163
4 2307 4032 2765 5566
4 2820 4989 2870 5231
4 588 3435 88 5317
4 41 4984 3994 5519
4 3507 116 4880 4968
4 2426 2791 4854 5548
4 1279 1281 1280 5500
4 124 3544 641 5016
4 2490 2361 2768 4281
4 4185 4349 3855 5222
4 1934 1760 1758 4832
4 2307 4032 2337 5497
4 3675 709 2419 2784
4 4267 4369 3888 4780
4 4125 4259 4010 5065
4 527 44 4527 4643
4 600 3460 96 5309
4 2364 2362 2426 3998
4 3696 4658 726 5346
4 2302 2318 4735 4770
4 2620 2775 4021 5718
4 3579 2617 2396 661
4 2696 2156 2154 5530
4 2782 4893 2419 5462
4 835 836 961 4750
4 2306 2304 5005 5317
4 3151 3057 3053 5084
4 3850 4115 4853 5565
4 2437 2524 2119 4262
4 604 97 3471 5021
4 567 4602 4164 5700
4 3126 3142 3062 4069
4 3761 4667 4103 5043
4 3224 2265 2263 3223
4 1131 358 1978 1089
4 2040 1180 877 5534
4 163 4511 4119 4604
4 20 4640 4300 5401
4 4184 107 4526 5735
4 2086 2989 450 5151
4 2683 2725 2286 5149
4 4007 5061 4455 5226
4 2525 4338 2996 5258
4 1027 4099 1028 4774
4 646 127 3536 4971
4 2753 2370 2368 4119
4 2386 2703 2427 4186
4 4124 5162 4360 5214
4 1893 1816 1346 4831
4 1805 1856 1985 4720
4 1113 1115 1135 4796
4 2492 3239 24 5125
4 3888 5197 4651 5734
4 2612 2692 2243 5487
4 2864 2860 2105 5569
4 1507 1942 1506 4958
4 222 2028 1177 887
4 4103 503 4500 4744
4 4024 4767 4610 5438
4 2028 223 1203 837
4 229 1174 2021 5393
4 2741 4013 5037 5588
4 4272 5427 4148 5436
4 1437 1865 1407 4778
4 1751 1253 1290 4843
4 2650 2317 5143 5455
4 4763 5245 4067 5570
4 1873 1518 1610 5313
4 4045 5388 4914 5431
4 17 483 4563 5589
4 1569 1854 1427 4556
4 3988 5253 4701 5598
4 3120 3083 3080 4616
4 845 933 268 2928
4 2563 2197 618 5017
4 733 186 3717 5026
4 2559 2827 2558 3986
4 3828 4037 4747 5521
4 4397 4675 4614 5503
4 633 4979 4233 5694
4 4010 5065 5353 5592
4 714 173 2421 5366
4 1563 1707 1481 4995
4 4334 5115 4058 5425
4 3436 3435 3433 4699
4 2550 2552 2841 5503
4 4024 4774 1030 5744
4 2441 4722 2440 5553
4 1583 1580 5480 5652
4 863 911 869 5240
4 293 2858 890 4935
4 1866 1687 1867 4919
4 1369 1368 1367 4592
4 1749 4784 1913 5485
4 496 4427 4744 5260
4 1638 1636 1635 5300
4 2248 2310 2247 5466
4 1012 1016 1017 5271
4 559 4770 3372 5432
4 3537 3538 3535 4456
4 2307 5317 4032 5497
4 667 2394 142 2395
4 1310 1304 1317 5493
4 3852 4193 4244 5208
4 2970 2000 386 3099
4 2600 2599 2871 4678
4 2184 2185 2183 5484
4 2810 2205 5518 5743
4 4164 4602 4550 5700
4 2305 3912 5317 5497
4 2343 4292 5261 5732
4 2815 136 2617 666
4 4061 196 4808 5191
4 4053 4933 4423 5307
4 266 762 881 2077
4 3093 4462 3138 5514
4 1012 1017 1011 4799
4 4178 5178 3936 5601
4 4061 4624 2338 5533
4 509 37 5139 5463
4 3967 4656 504 5296
4 2398 4529 2400 5409
4 2508 4295 2900 5383
4 3690 3691 722 5051
4 1044 927 202 983
4 2934 769 263 871
4 2138 2139 3968 4880
4 2317 4562 4298 4930
4 4252 4726 3977 5660
4 3891 4434 4336 4679
4 574 79 4769 5343
4 2863 2114 2862 4963
4 2316 4848 3927 5259
4 2726 2623 2625 4147
4 366 1080 1111 2088
4 1881 1682 4895 5564
4 3607 3608 681 4721
4 2785 5460 2471 5695
4 730 3710 183 4380
4 634 4584 3979 5694
4 659 4512 3565 5189
4 2283 2285 2636 5721
4 472 4182 4322 4560
4 1372 5179 1374 5377
4 2026 1849 2027 5620
4 4566 4716 4101 5139
4 3061 2075 447 2972
4 591 4453 4160 5195
4 3524 638 123 4379
4 2432 4901 2380 5446
4 2139 2140 2141 4175
4 191 4627 5523 5641
4 3853 4172 4247 5219
4 1882 1809 1810 5046
4 1820 1210 2022 4888
4 4106 4091 5104 5353
4 4357 4974 3834 5361
4 4926 5316 4205 5713
4 3839 5269 3981 5669
4 3995 3814 5131 5731
4 893 4777 873 5298
4 756 201 983 1045
4 4305 4163 5600 5721
4 2820 2870 2952 5231
4 1896 1719 1718 5584
4 1462 1718 1460 5584
4 3712 3710 3713 4703
4 106 2128 4981 5259
4 4167 4600 4204 5567
4 4085 4716 3793 5545
4 4528 5395 4132 5457
4 1367 1365 1693 5055
4 531 51 3326 4642
4 2030 1705 2033 4816
4 3864 4120 4512 5030
4 885 2937 261 761
4 3996 4915 4090 5278
4 1477 1819 1479 4615
4 2682 4219 3919 4950
4 2861 3938 4274 5571
4 2108 2818 2938 4331
4 3111 2860 446 3061
4 1129 1099 1084 4570
4 2294 4105 5342 5453
4 1846 1743 1845 5112
4 547 4815 3348 5368
4 1569 5402 4556 5479
4 1222 1634 1224 5091
4 1031 1970 306 2052
4 1545 1633 1541 5035
4 2814 2810 2205 5518
4 2177 2176 2178 5586
4 107 4184 4526 4981
4 31 502 4736 5610
4 155 4742 4049 5465
4 3207 3209 472 4560
4 1617 1620 4607 5733
4 3965 5651 4037 5712
4 3596 5028 3595 5646
4 120 2542 4830 4972
4 116 4968 4455 5726
4 1686 4912 1688 5472
4 1717 1748 1496 5319
4 272 2923 2110 901
4 2586 2587 2588 4900
4 3963 4836 4991 5528
4 4175 4880 3968 5130
4 1302 1301 1308 4970
4 4183 4642 3989 5158
4 2531 2540 2458 4936
4 4030 4829 4107 5263
4 161 4140 4961 5140
4 737 3735 3736 5241
4 362 1079 1118 2960
4 4099 5075 3980 5155
4 3979 4584 4117 4948
4 1862 1884 1524 5085
4 3868 4011 5477 5733
4 3148 4525 4011 5477
4 3481 2197 104 5017
4 3174 3140 2992 4953
4 2929 2928 5118 5384
4 152 3619 684 4869
4 4368 5099 4145 5644
4 74 2888 2496 4994
4 40 3290 2350 4984
4 57 4791 4659 5706
4 2928 268 845 2103
4 1622 4897 1956 5424
4 4454 5034 4084 5358
4 4391 5095 4044 5500
4 2400 2591 2402 5517
4 2441 2442 2440 4722
4 1584 1848 2025 4661
4 3873 4676 5135 5256
4 2042 1166 1973 4516
4 3863 5393 4888 5687
4 4209 4521 5291 5510
4 1965 3113 400 1205
4 2660 2725 2683 5149
4 691 4790 3633 5456
4 100 604 4201 5218
4 2548 4690 2527 4736
4 3732 4267 735 4711
4 2822 2258 2571 5482
4 2811 4178 2649 5178
4 1586 1839 2027 5053
4 3474 4337 3472 4883
4 1302 4970 1309 5577
4 2922 182 3698 2921
4 1591 1592 1552 5133
4 3619 4869 152 5730
4 2533 2445 2441 5653
4 3607 4754 4721 5010
4 3854 3983 4271 5008
4 4432 4597 3841 5406
4 3781 4962 4577 5405
4 36 4372 4716 5512
4 4237 4385 97 4915
4 1002 996 1001 4653
4 3854 4271 3983 5319
4 2503 5433 4378 5590
4 3272 3269 2272 2352
4 389 3103 1207 4951
4 77 3402 2520 5341
4 191 4296 4627 4693
4 657 4120 3566 5189
4 3857 4559 4549 5196
4 3011 3168 3009 4751
4 1669 1453 1713 4731
4 659 132 4571 5676
4 838 4523 5115 5626
4 2421 2422 2423 4676
4 3286 4387 43 5439
4 2783 2355 2584 4701
4 1341 5100 1262 5520
4 2152 2150 4983 5385
4 3267 3268 504 5287
4 1275 1277 1276 4748
4 2603 2912 2715 4754
4 2893 5654 4819 5675
4 1940 1936 5257 5660
4 2902 2906 5175 5435
4 1416 1629 1627 4865
4 1372 1775 1452 5377
4 3274 511 4829 5413
4 3956 4498 5267 5443
4 2435 2406 4117 5362
4 2253 2631 4018 5366
4 1437 4778 1405 5630
4 4110 4732 4037 4747
4 185 4854 4100 5548
4 3407 5090 4937 5608
4 1346 1816 1331 4831
4 2783 2709 2355 5598
4 2233 2782 2419 5462
4 2298 2297 2296 4363
4 3859 4709 4335 4941
4 4698 5029 4239 5185
4 1435 1738 1798 5440
4 2082 3382 4338 4994
4 4997 5198 4098 5544
4 4029 4805 4658 5446
4 2878 5433 2503 5590
4 907 1206 219 883
4 3830 4299 3967 5538
4 3695 724 3694 4805
4 2621 2374 2372 4657
4 4558 5236 2665 5286
4 2900 2999 3100 4295
4 168 4893 2419 5253
4 3982 4244 3852 4527
4 2566 2568 2823 4775
4 2711 2709 4132 5598
4 276 848 898 2918
4 2635 2633 2634 4746
4 4103 4500 31 5355
4 3881 5001 4696 5010
4 804 931 757 5376
4 3839 4262 3938 4274
4 491 20 4687 5554
4 1513 1863 1499 5575
4 3820 4369 4021 4780
4 1814 1812 1813 4682
4 3357 4916 67 5071
4 461 3117 2996 4338
4 2759 2334 2757 5213
4 1423 1826 5229 5394
4 983 927 202 756
4 92 4699 4092 5732
4 471 9 4545 4560
4 195 4534 4331 5634
4 4208 4830 4180 5703
4 3862 3997 4267 4711
4 1921 1750 1313 5226
4 2764 4355 34 4802
4 4078 5507 5110 5691
4 3162 3021 3019 4786
4 171 717 4818 5345
4 3855 4992 4259 5574
4 51 4520 4017 5294
4 4033 4878 4377 5434
4 3131 3133 3123 5473
4 4299 4716 4101 5512
4 4009 5276 4718 5504
4 2392 4583 4254 5028
4 3977 4453 4252 5660
4 780 2034 1171 5052
4 2521 2091 2517 4102
4 2996 2525 461 4338
4 1681 1676 1674 4681
4 830 759 829 4888
4 1412 1440 1438 5692
4 1106 1077 1130 4669
4 3111 2105 2860 5569
4 2992 2886 2084 4953
4 2150 2811 2206 4983
4 870 254 2946 793
4 2264 2354 2622 5166
4 3659 4551 3660 5009
4 738 189 2619 4666
4 1841 1490 1773 4793
4 939 803 802 4351
4 2754 4358 2469 5589
4 2485 4081 2452 5125
4 1353 1519 1333 5544
4 3167 3039 3128 5683
4 4439 5094 3882 5682
4 3825 4034 4206 4987
4 4073 4406 4667 5426
4 1728 1201 5233 5379
4 2751 2620 2356 5268
4 4247 5219 3887 5458
4 2064 3093 1212 4462
4 4549 5196 4559 5437
4 25 4905 4427 5044
4 3710 4380 3713 4703
4 2711 4132 2709 4823
4 1952 1847 1175 4908
4 1056 1066 1036 5068
4 4059 4754 4696 5001
4 1404 1418 1402 4845
4 922 913 816 5088
4 102 3475 610 4883
4 2710 2709 4132 4823
4 3832 4490 5596 5697
4 593 93 3434 5732
4 2573 2785 2471 5695
4 621 4671 111 5187
4 1182 1747 5097 5477
4 2561 2606 2321 5521
4 995 1030 1048 4767
4 4027 4815 2293 5368
4 4090 4201 4008 5365
4 1451 1775 1374 5377
4 3858 4455 5061 5226
4 1061 1034 2062 4897
4 1602 4866 1603 5515
4 1816 4831 1893 5375
4 4039 4469 5418 5428
4 4120 3886 5030 5109
4 2828 5370 2691 5710
4 4515 5070 4092 5261
4 3923 5070 4515 5261
4 198 2511 2408 4624
4 2681 2742 2194 5263
4 3953 5184 4025 5736
4 3143 4182 4322 4753
4 1331 1816 1329 5429
4 1699 4490 1698 5697
4 2431 2376 2374 5441
4 3830 4746 5213 5538
4 3331 5370 3330 5664
4 3071 2965 3135 5546
4 1991 392 3050 3102
4 4098 711 4818 5737
4 3562 2115 4730 5081
4 4384 5141 3899 5372
4 3813 4165 4019 5607
4 4926 5310 4046 5579
4 2695 4590 2165 5451
4 27 4152 4586 5325
4 1678 4959 2053 5638
4 201 756 926 1045
4 2176 4572 4038 5624
4 62 547 2324 4815
4 2813 3985 5045 5442
4 3846 4160 4453 4894
4 4475 4788 4026 5717
4 3225 2263 3224 487
4 2738 3654 3651 2797
4 2581 2582 4801 5068
4 3853 3989 4247 4642
4 3328 539 3327 4668
4 4274 4971 4426 5669
4 2293 4105 2295 4815
4 4132 5499 4470 5598
4 461 2082 3117 4338
4 1585 1551 1609 4580
4 4204 4105 5194 5615
4 1928 1824 1759 5219
4 3917 4915 4237 5309
4 3865 4912 4174 5680
4 1938 1595 5157 5672
4 3954 4606 4174 5702
4 3041 398 1980 1168
4 1583 1580 1710 5480
4 95 4732 4110 4747
4 115 633 4233 4948
4 3420 2820 86 4989
4 1299 1286 1287 5032
4 41 4269 4650 4700
4 1520 1353 5215 5544
4 3356 3353 550 4623
4 3008 3007 2982 4607
4 3542 4336 3540 4717
4 1759 5219 1824 5458
4 1470 1529 1853 5496
4 2201 2212 601 3463
4 1730 1619 2002 5067
4 2844 2509 2845 5082
4 120 4208 2543 5632
4 2189 2689 2688 5603
4 3937 4354 5374 5720
4 1844 1418 1404 5412
4 2674 2802 2806 5381
4 66 2297 2298 4916
4 834 831 833 5351
4 3847 4600 4167 5404
4 1283 1282 1281 5095
4 4207 4404 4920 5578
4 1231 1230 1232 4992
4 3489 4981 619 5344
4 626 5362 4117 5740
4 324 2952 2870 990
4 1079 2094 363 5632
4 2632 2333 3967 5287
4 3227 5166 3229 5490
4 4060 4856 4746 4993
4 1234 1236 1417 4599
4 523 4914 3299 5431
4 2645 61 4752 5138
4 109 2132 618 2563
4 2364 4710 2702 5114
4 3849 4440 3995 5215
4 2633 4746 2635 5282
4 1177 2030 221 778
4 1882 1318 1333 4596
4 2364 2366 2365 5162
4 3895 4244 4193 5208
4 1942 4958 1557 5595
4 3066 3071 3065 4955
4 1049 1051 1009 5299
4 3683 711 3684 4818
4 1585 1552 1551 4580
4 2553 2223 4166 4947
4 2406 2404 2435 4117
4 3771 4313 4664 4696
4 580 4598 4099 5155
4 1330 1329 1320 5429
4 3827 4467 4049 4742
4 3645 5163 3643 5525
4 599 4910 4093 5604
4 2519 2902 5209 5435
4 3017 3021 3022 4786
4 116 5333 4543 5726
4 3478 3476 3479 5259
4 1505 1860 1555 5132
4 2559 2558 2557 5339
4 1901 1762 1900 5504
4 3848 4073 4907 5182
4 2811 2813 2649 4178
4 836 4380 961 4750
4 2229 2230 2220 5502
4 3293 517 2656 2654
4 1030 1029 5438 5744
4 2650 2136 2317 5455
4 406 2024 1186 3101
4 2770 5126 2571 5482
4 725 3696 3694 4658
4 1000 1044 1001 4532
4 4713 5552 5327 5616
4 623 5065 5187 5547
4 2922 3698 3701 2921
4 3920 4674 4231 4864
4 4092 4699 92 4952
4 2512 5193 2945 5533
4 2391 2715 673 5028
4 4235 4980 3867 5044
4 4188 4844 4594 5243
4 1134 1118 1119 4225
4 4515 5175 5024 5435
4 2950 2876 2493 4739
4 3088 3087 2987 5006
4 3962 5530 5294 5635
4 4406 5043 3761 5493
4 405 1186 1835 2973
4 1698 1560 1522 5697
4 2241 2160 4005 5464
4 3139 3005 3136 3980
4 770 224 1203 5620
4 3897 5489 4424 5509
4 87 5231 1069 5438
4 4271 4475 3885 4737
4 159 4790 4111 5465
4 1969 1618 1747 5477
4 849 948 850 5406
4 4856 4060 5677 5715
4 2844 4618 2509 5082
4 4665 4668 4172 5305
4 155 687 4328 4862
4 2539 2322 2531 5311
4 740 3737 190 5241
4 2567 2568 2566 4775
4 1580 1579 1577 5480
4 1439 1508 1588 5662
4 3456 3455 602 5339
4 901 973 851 5284
4 1260 1262 1341 5100
4 4021 4100 4666 5526
4 2439 4263 2441 5553
4 89 5005 4898 5656
4 809 808 810 5000
4 1206 220 2030 907
4 3856 4970 4201 5365
4 2788 2867 2516 5708
4 2303 2305 4555 4735
4 599 4465 4093 4910
4 1233 4992 1232 5574
4 1248 1913 1246 5023
4 2289 2290 2291 5494
4 2289 2287 2288 5494
4 2180 2181 2179 4889
4 755 4624 4061 4689
4 3087 3091 3145 4182
4 4652 5459 4265 5507
4 13 476 2467 2903
4 605 3459 3458 4947
4 3233 4283 3231 5591
4 2337 2624 2623 5497
4 3016 2099 460 5258
4 2761 2760 2887 5367
4 137 4654 4988 5612
4 91 590 4558 5236
4 3986 5295 2558 5339
4 1728 1730 2006 4741
4 3921 4676 4578 5609
4 1552 1672 1550 5133
4 4318 4846 3848 5133
4 4633 4689 3992 5533
4 543 4903 4548 5573
4 635 5333 116 5726
4 147 4696 4522 4754
4 3148 4011 3012 5477
4 2959 363 2094 5632
4 138 2396 2398 661
4 1728 1727 1201 5379
4 1351 1430 1731 5211
4 2010 381 2990 3085
4 3841 4597 4153 5406
4 4354 4571 132 5676
4 2835 4782 94 5171
4 393 1204 1991 3050
4 445 2991 2865 2105
4 789 256 882 5193
4 651 5189 4639 5200
4 2254 2793 2339 5191
4 3625 156 4990 5437
4 2553 3996 2555 4947
4 3150 3117 73 4338
4 55 4286 4665 4668
4 209 792 2046 1211
4 1196 1967 356 1078
4 3791 4115 4961 5506
4 860 780 217 1171
4 260 2940 2108 790
4 3772 4731 4917 5098
4 291 2857 2115 4730
4 4056 4823 5395 5457
4 4204 5194 4027 5567
4 3814 5131 4096 5243
4 1680 1327 1711 5705
4 4109 4594 4844 5243
4 4684 5461 4415 5520
4 4946 4992 4125 5539
4 132 4571 4354 5202
4 2309 2343 4092 5732
4 2282 2280 2671 4154
4 3808 4158 3973 5557
4 3380 560 4555 4735
4 61 546 3340 5138
4 3848 4744 4073 5182
4 55 4665 4286 5470
4 3350 3351 4198 5706
4 2357 189 3725 740
4 2661 4020 2660 5019
4 1631 1626 1422 5623
4 959 5014 865 5315
4 878 916 934 4771
4 4321 4349 4185 5657
4 801 957 799 4810
4 1004 1003 1064 5228
4 1570 1568 5312 5509
4 2790 2497 192 750
4 1172 2000 387 2970
4 130 655 3561 5081
4 3854 4270 4686 4988
4 1423 5229 1399 5358
4 1272 1270 1271 5177
4 1234 4946 4599 5539
4 4515 3903 5209 5435
4 2126 4184 2127 4981
4 3883 4198 4600 5706
4 115 4584 3512 4948
4 875 769 264 2106
4 1975 1682 2047 4491
4 4362 4850 701 5586
4 2505 2907 4251 5580
4 2065 2936 2872 4552
4 3636 3635 3637 4549
4 598 4732 94 5171
4 2944 882 256 5193
4 1509 1413 5354 5640
4 5072 5480 4067 5570
4 4248 5480 5072 5570
4 159 4549 3637 5498
4 3892 4467 4742 5498
4 2234 2609 2249 4909
4 2327 4939 2754 5589
4 3840 4574 3943 5090
4 1659 1660 1657 4877
4 3386 3179 569 2995
4 2344 2309 2343 4092
4 492 3239 3238 5125
4 4599 4946 4125 5539
4 4770 4987 4034 5318
4 1578 1601 1602 4866
4 1795 1289 1265 4641
4 3935 4806 4107 5537
4 1570 1572 2007 5020
4 3862 5197 4267 5584
4 2095 2951 2877 4653
4 580 3421 3423 4598
4 648 129 3551 4923
4 2175 4572 2176 5624
4 2423 2599 2600 5256
4 1461 4868 1462 5352
4 128 654 2118 2120
4 3562 655 2115 5081
4 4247 4509 3887 4755
4 2511 2080 4633 4648
4 2522 582 2856 4745
4 3165 3161 2998 5707
4 65 4508 556 5555
4 4018 5366 169 5462
4 939 776 810 4839
4 505 34 3264 4802
4 4137 4964 4842 5338
4 4521 3964 5291 5510
4 2563 2564 4025 5184
4 3497 4930 4347 5547
4 3626 4990 690 5451
4 156 5031 695 5649
4 2968 1965 1168 4612
4 4505 4788 3983 5008
4 187 4533 735 5711
4 1948 1591 1947 5397
4 4077 4436 3863 4888
4 103 4132 4528 5395
4 2337 5497 4032 5566
4 4374 5146 4809 5449
4 4262 5269 129 5508
4 591 4453 3446 4727
4 4051 4973 4416 5618
4 572 3404 78 5343
4 1213 4595 794 5450
4 506 5413 5581 5725
4 3768 3912 4227 5251
4 134 2117 655 3558
4 3876 4902 4380 5284
4 2332 4719 3990 5349
4 665 3593 141 5178
4 3609 3607 674 4721
4 187 3732 735 4711
4 2044 874 212 2043
4 1736 1385 1383 5169
4 719 4620 175 5609
4 99 5295 602 5395
4 2208 96 2212 3463
4 1640 1966 1631 5623
4 1188 2058 1644 5378
4 2163 2165 4590 4869
4 1851 4651 1456 5734
4 3241 3242 3244 4840
4 1030 5438 4024 5744
4 2006 1730 2002 4741
4 1257 1256 1255 4734
4 2876 1128 4739 5277
4 4093 4453 3846 4465
4 472 3195 9 4322
4 2520 4102 2091 5341
4 1628 1649 1324 5182
4 3688 3687 3689 4578
4 1965 399 2968 1168
4 2048 1945 4570 5321
4 23 5042 4393 5591
4 667 142 3585 5167
4 4407 4879 3911 5653
4 2007 1572 1605 5020
4 957 890 791 5571
4 3617 4950 4356 5599
4 782 2067 270 851
4 2088 4569 2547 5689
4 1766 5027 1926 5410
4 2240 4662 158 5201
4 2620 4021 2776 4666
4 3209 4560 4424 5489
4 1962 1963 1983 4814
4 2645 4752 2734 5138
4 565 2888 3383 4994
4 2623 4147 2726 4555
4 1518 5430 1415 5640
4 4025 5184 2564 5736
4 1569 1608 5402 5479
4 3486 104 2132 2196
4 3912 4147 4555 5251
4 640 4679 121 5647
4 2911 2948 1110 5689
4 4148 5436 5427 5738
4 3897 4424 5312 5509
4 1128 1163 1127 4739
4 1956 1622 1214 4897
4 2899 2897 2072 5102
4 1945 1647 2011 4570
4 631 3514 3513 4584
4 4079 4746 4856 4993
4 4048 4923 4095 5334
4 2595 2632 2633 5349
4 4596 4943 4126 5577
4 3612 683 3614 4837
4 3930 4313 4696 5646
4 3863 4888 4436 5687
4 311 1972 1165 984
4 3241 4840 3993 5260
4 4244 4392 3895 4804
4 2563 2417 2197 5017
4 2883 2960 4225 4379
4 1960 3059 402 4908
4 665 5178 4178 5668
4 2546 2547 2958 5266
4 2082 461 2525 4338
4 1579 1888 1601 4649
4 635 3516 3517 4979
4 3981 4781 3543 5016
4 2545 613 2196 5259
4 1304 1300 1648 5043
4 1684 1884 1862 5198
4 1517 4807 1663 5574
4 781 834 962 5351
4 115 4117 4584 4948
4 3685 717 175 4421
4 4735 4770 4108 4913
4 2765 2307 2309 4699
4 2792 2475 2474 5459
4 4043 5091 4493 5742
4 1187 1970 307 1031
4 2039 4462 1212 5514
4 1406 1407 1408 5335
4 3016 3017 3022 5258
4 2598 2599 5256 5582
4 2697 4328 2214 5730
4 1890 5375 1893 5662
4 3844 4634 4561 5666
4 501 4586 4500 5414
4 2987 3086 2005 5006
4 4071 5004 4778 5335
4 1042 1019 1043 5337
4 2753 4119 2368 4604
4 2997 3124 3181 4908
4 3832 3921 4620 5596
4 2362 3998 2364 5026
4 565 3383 3382 4994
4 3889 5214 4360 5481
4 1687 1686 1688 5472
4 585 83 4610 5040
4 74 3383 2888 4994
4 579 81 4574 4598
4 1915 4784 1749 5475
4 760 2080 258 879
4 1662 1234 1417 5539
4 2880 443 2986 2068
4 1318 4943 4596 5577
4 1151 1119 1143 5357
4 2278 2280 3994 4984
4 1057 84 1028 1032
4 621 111 3493 5187
4 103 3470 609 5188
4 1140 1106 1130 4669
4 867 866 865 5315
4 2473 2471 2472 4348
4 3182 2992 3064 4953
4 4615 4995 1479 5364
4 4943 4970 4126 5577
4 3817 4191 4559 5437
4 2075 2931 448 2972
4 1021 1020 1022 5666
4 4068 4857 4819 5659
4 587 1029 4774 5744
4 2152 2151 2150 5385
4 705 163 4604 5636
4 2877 2916 336 996
4 1258 1774 1307 4660
4 3865 5064 4258 5283
4 1163 1128 1162 5277
4 2525 460 2099 5258
4 2340 2752 2577 4698
4 2634 2759 5213 5538
4 2402 2590 2404 4584
4 1610 5313 1518 5430
4 2846 2570 2445 4879
4 4040 4508 4212 5555
4 1300 1297 1296 4859
4 3689 175 4578 5609
4 1681 1682 1975 4491
4 713 3672 4096 5366
4 605 3459 4947 5363
4 79 575 3398 4695
4 597 4453 91 5605
4 28 3260 497 5199
4 2609 2250 2326 5510
4 3861 4313 4291 5556
4 29 498 3244 4840
4 1302 1309 1318 5577
4 3220 4896 16 5549
4 1373 1374 1372 5179
4 3944 4988 4169 5679
4 2114 2853 2862 4963
4 1050 1030 1029 5438
4 3213 3214 476 5383
4 5070 5261 3923 5336
4 2608 726 3699 2922
4 3912 4555 4147 5497
4 496 25 3253 4427
4 4537 5337 3873 5596
4 1938 1595 1939 5157
4 13 476 2903 3213
4 2441 2442 4722 5653
4 2439 2235 2532 5550
4 3919 4630 3781 5382
4 4104 4581 4211 4805
4 2111 2916 2953 4532
4 1582 1948 5397 5652
4 710 4701 3668 5253
4 3869 5006 4560 5274
4 43 4804 4045 5388
4 2795 704 166 2794
4 3406 80 2462 4937
4 958 868 869 5092
4 3295 3293 2656 2655
4 3834 4357 5361 5422
4 1571 1573 1572 5671
4 218 780 2034 1171
4 2921 273 182 727
4 4192 4550 3868 4602
4 3478 3479 612 4848
4 1142 1133 1103 4904
4 1520 1519 1353 5544
4 4178 5601 140 5668
4 89 4160 4727 4898
4 1206 2034 219 883
4 3085 2014 380 3002
4 1843 1344 1778 4621
4 1083 1159 1162 5277
4 2077 881 266 2930
4 1423 1827 1826 5394
4 2170 692 157 2168
4 4823 5389 4056 5395
4 805 931 800 4963
4 2408 2338 4624 5533
4 1647 1944 1547 4439
4 107 5657 4526 5735
4 4611 5345 4066 5423
4 558 3364 69 4855
4 3834 4511 4119 5422
4 575 4011 4695 4751
4 1807 4892 1345 5628
4 2486 2749 2927 5212
4 3923 5261 4677 5336
4 996 1002 1041 4653
4 1254 5248 1793 5618
4 1319 1328 1851 5288
4 519 3301 3303 4700
4 4106 5017 4025 5353
4 2521 4745 4114 5090
4 4331 4648 195 4785
4 3246 2572 2528 3247
4 3687 3688 716 4578
4 3859 4283 4563 4709
4 3419 2820 583 4989
4 2648 2396 2394 3582
4 4856 4993 4060 5715
4 2349 2288 5273 5494
4 2841 3960 2436 5362
4 2033 1868 1869 5619
4 2722 5038 2721 5659
4 2532 2120 4095 5508
4 27 4586 4152 4613
4 1225 1227 1321 5183
4 2106 265 875 2930
4 1548 1547 1944 5094
4 4112 4499 3984 4837
4 1608 2003 4636 5479
4 131 3550 650 5200
4 3743 3745 5633 5670
4 192 2790 750 3746
4 1796 1793 1254 5248
4 3206 3203 5460 5541
4 4275 705 5009 5636
4 2203 4106 2200 5474
4 2832 2188 2826 5207
4 4482 5506 4140 5624
4 1189 313 1039 1974
4 678 2389 2387 3603
4 4267 5197 3888 5584
4 2899 2469 2778 4358
4 2531 4354 2322 5374
4 4104 4805 3819 5446
4 3848 4073 4427 4907
4 1785 5083 1786 5724
4 1423 1401 1399 5229
4 2488 198 2408 4624
4 178 3691 721 5051
4 931 4963 928 5376
4 4042 4613 2454 5417
4 1887 1521 1731 4594
4 4090 4915 3996 5218
4 1550 1553 1549 4846
4 98 5295 2191 5389
4 2590 3514 631 4584
4 1528 5124 1895 5254
4 4489 3916 5650 5681
4 3876 4750 4380 4902
4 4378 5110 4787 5507
4 4401 4585 15 5489
4 762 2077 933 5118
4 3978 4458 4216 5153
4 79 5011 4192 5476
4 2634 2333 2759 5538
4 1079 362 2094 2960
4 79 4695 4192 5011
4 691 3629 158 2662
4 2312 4521 5510 5704
4 1241 1240 1239 4635
4 4315 4528 609 5188
4 3091 4322 4182 5274
4 4413 5371 1631 5623
4 3920 4231 4674 5709
4 4185 4349 3901 5735
4 2589 5332 2468 5460
4 100 4201 5066 5218
4 59 5368 4027 5567
4 2619 184 738 2796
4 325 2870 2087 990
4 4821 4881 4298 5622
4 1254 1796 5248 5618
4 3155 2062 3004 4897
4 3530 3529 3528 4972
4 561 3376 3373 4673
4 1132 2096 375 1087
4 961 183 777 946
4 1736 1739 1737 4680
4 2893 4382 5654 5675
4 2891 2635 2104 5677
4 3837 5315 5014 5359
4 2456 2407 2457 5326
4 4809 5146 4308 5449
4 3887 4247 4172 5219
4 1264 1314 1797 4718
4 962 946 729 833
4 2574 2581 2575 4801
4 1724 1725 1831 4694
4 1607 5006 2005 5164
4 2054 1025 1197 5050
4 2894 3120 435 2107
4 4684 4718 4223 5648
4 978 852 969 5611
4 3709 731 180 4436
4 1165 1698 1699 4490
4 1742 1745 1834 4985
4 4040 3838 4508 5555
4 1335 4685 1219 5583
4 1175 1960 402 4908
4 2702 4710 166 5114
4 1599 2057 1700 5516
4 2946 2092 255 789
4 4043 5238 4408 5742
4 4377 5106 4033 5434
4 2266 4820 2268 5217
4 3988 3909 4759 4893
4 79 4192 4695 5476
4 573 4695 4192 5476
4 1620 1191 1617 4607
4 2169 2171 4367 4662
4 2040 215 1208 5534
4 2527 4736 30 5380
4 4257 5029 4698 5185
4 2659 2724 53 534
4 20 4640 4687 4719
4 3589 664 3587 4686
4 2856 4745 3412 5190
4 2472 4348 2471 4921
4 4393 5055 4023 5591
4 1297 1300 1303 4859
4 2237 2589 2236 5607
4 953 892 893 5298
4 2093 2913 5320 5690
4 2705 2325 2712 4797
4 2390 4583 2392 5028
4 597 3446 91 4453
4 2165 4869 684 5451
4 3792 3975 5057 5585
4 986 1005 315 2047
4 731 3706 183 5220
4 3543 646 3546 4781
4 694 4790 158 5201
4 4081 4885 4235 5125
4 4042 3842 4586 5417
4 3944 4004 4760 5333
4 1311 5091 1634 5742
4 401 1960 1205 2980
4 4098 4611 3778 5737
4 3271 511 3272 2352
4 2512 2943 2944 5193
4 2184 2182 5181 5484
4 2753 4119 4604 5163
4 2491 4885 2485 5125
4 2868 2079 289 5285
4 959 769 970 5014
4 4296 4039 5523 5641
4 2785 2589 2468 5460
4 3234 5217 3236 5554
4 3037 2989 3130 5151
4 2337 2307 2765 5566
4 3857 4194 4559 5196
4 1697 1996 1694 4589
4 4181 4570 5386 5682
4 2316 3927 2545 5259
4 4392 5388 47 5709
4 15 5101 4401 5489
4 1568 1885 1571 5312
4 885 260 2108 790
4 403 2031 1175 2997
4 2778 2779 2899 4896
4 3849 4066 5085 5198
4 3846 4727 4160 5335
4 4071 4898 4032 5656
4 3537 2536 643 4456
4 2691 5370 3969 5710
4 626 4584 4117 5362
4 1169 2004 235 5644
4 534 3315 3316 5527
4 2532 4095 2235 5508
4 1582 1615 1581 5250
4 3989 4509 4247 4864
4 718 3679 4944 4996
4 3661 699 3662 5108
4 4824 5171 95 5604
4 2770 2571 2258 5482
4 5148 5313 4213 5430
4 2976 426 3098 5320
4 2868 289 784 5285
4 3976 3990 4820 5554
4 973 4902 924 5284
4 4712 5013 4162 5408
4 4330 5452 4205 5705
4 1872 1356 4809 5449
4 90 3432 589 5236
4 3960 4821 3780 5289
4 81 4745 4114 5155
4 2793 4138 2716 5670
4 3733 3731 743 4693
4 4089 5061 4007 5226
4 999 2856 1032 5190
4 4258 5064 3924 5283
4 684 4869 4590 5451
4 2903 2508 2900 5383
4 4265 4787 5110 5507
4 2920 2607 2682 4219
4 3871 4024 4598 4774
4 1992 1991 1735 5420
4 1192 2013 1604 5515
4 1215 776 4839 5109
4 2945 2577 2752 4698
4 2689 4990 4191 5603
4 81 4114 5090 5155
4 470 3191 4921 5645
4 2419 4893 2782 5253
4 108 616 4259 5353
4 2754 3216 16 5589
4 4003 4372 4076 5512
4 1326 4926 1325 5713
4 1036 2947 333 5068
4 2661 4020 5019 5527
4 1136 3135 340 1074
4 812 811 814 4872
4 4133 5089 4568 5183
4 918 911 768 5534
4 669 143 4475 5717
4 147 4112 4696 5010
4 1280 1278 1279 5628
4 2532 4095 5334 5550
4 2279 2280 2281 5129
4 712 3682 172 4440
4 84 3410 580 5190
4 1080 1110 1160 5689
4 1593 1591 1585 4761
4 865 970 867 5315
4 654 3553 3554 4923
4 2620 2751 2775 5718
4 2552 2221 2843 5503
4 865 866 862 5315
4 3100 2109 2900 4295
4 3481 3482 618 5017
4 26 2453 3251 4613
4 1174 2020 1708 5393
4 23 3228 490 5324
4 2448 2449 2450 4152
4 4114 4745 81 5090
4 2346 2347 2345 5261
4 2775 2184 2776 5181
4 3939 3936 5178 5601
4 2529 2851 2545 5543
4 4012 5327 4713 5552
4 2343 2777 4292 5732
4 3867 4980 4813 5723
4 4354 132 4938 5676
4 5157 5411 4070 5672
4 4192 4695 4443 5011
4 2714 2639 2879 4749
4 2594 2593 2332 4719
4 1072 5231 3947 5438
4 33 3277 508 5328
4 2785 5607 4165 5695
4 1029 1030 4774 5744
4 3859 4563 4335 4709
4 3672 712 5131 5366
4 2108 2937 261 885
4 482 3215 4939 5674
4 3817 5437 4194 5701
4 731 4380 3710 4703
4 4063 5233 4451 5379
4 1217 1216 1218 5030
4 2224 2204 4260 4690
4 3239 4956 3238 5125
4 3486 613 2196 2130
4 2710 2711 2709 4823
4 224 2026 1203 5620
4 2000 1209 386 3099
4 2029 1704 1705 5492
4 3280 35 513 4458
4 111 621 3491 5350
4 606 3459 101 4947
4 4488 5331 4341 5448
4 2007 2005 1607 5006
4 4089 4881 4821 5622
4 3045 3043 5264 5302
4 2655 2652 3296 2654
4 331 2874 2089 993
4 1716 1715 1511 5036
4 3066 3070 3071 4955
4 2679 4107 5263 5403
4 1522 1520 1521 5215
4 1257 1259 1258 5158
4 840 912 844 5425
4 4598 5040 3421 5744
4 3930 4696 4522 5646
4 794 804 929 5450
4 806 289 2079 5285
4 1944 5094 4439 5488
4 687 4328 4862 4869
4 1765 1764 1418 5412
4 3307 4826 4471 5602
4 3869 4022 4424 4560
4 634 3979 4760 5694
4 172 4676 4096 5131
4 3776 3927 4321 5657
4 636 3525 3526 5632
4 4878 5177 4377 5434
4 1529 1898 1853 4757
4 793 930 927 4532
4 684 3620 153 4869
4 3214 4585 2466 5383
4 1576 1680 1710 4849
4 4132 4759 4528 5499
4 3070 3068 3159 4579
4 1749 5475 4784 5485
4 3377 3379 3378 4555
4 2511 4633 2512 5533
4 4077 3707 4772 5220
4 2067 2925 5284 5655
4 1605 4795 1606 5522
4 935 828 975 5001
4 629 3520 3523 5033
4 4057 4511 5491 5636
4 3052 3055 3122 5111
4 4627 4693 4176 5398
4 4881 5455 3968 5559
4 2969 2081 428 3097
4 2632 2271 2333 5287
4 2339 5191 2793 5670
4 3073 2072 433 2897
4 3932 4246 4140 4961
4 1500 1534 1498 4925
4 2645 2734 2735 5138
4 444 3094 2068 2865
4 3983 4136 4505 5008
4 3854 4686 4169 4988
4 1070 1043 4678 5337
4 120 2542 2543 4830
4 3312 3311 530 5048
4 1426 1709 1685 5399
4 23 4393 5554 5591
4 2883 4225 2862 4456
4 4495 4101 5134 5213
4 2709 2782 3988 5253
4 811 807 809 5000
4 2703 2433 2802 5154
4 3937 5311 4354 5720
4 3601 2388 144 5037
4 180 4436 4211 4772
4 2678 4387 2743 4776
4 379 3093 3002 5514
4 2205 2815 2813 5045
4 3947 5438 3844 5666
4 827 823 950 5128
4 616 3495 4259 4798
4 3170 3158 2970 4636
4 4102 5341 2520 5343
4 4058 5118 4480 5425
4 4112 4664 4313 4696
4 3849 4098 4440 4818
4 4571 5000 4120 5676
4 1089 1141 1137 4462
4 224 770 888 5620
4 137 4988 4270 5612
4 1395 1424 1741 4825
4 4790 5456 4049 5465
4 874 788 212 2043
4 1437 1407 1405 4778
4 3483 616 108 5353
4 1098 1103 4904 5719
4 2088 2911 1080 5689
4 4140 4961 4115 5506
4 2299 2297 66 4916
4 2236 2785 2771 5607
4 3086 385 1209 3099
4 2106 769 264 2934
4 217 860 1171 2037
4 1553 1549 4846 5714
4 2861 3938 2858 5445
4 3377 562 3380 4735
4 2797 162 697 2798
4 2632 3967 2271 5287
4 47 5388 526 5709
4 3898 4393 5042 5591
4 1533 1906 1817 5093
4 68 4555 4147 5251
4 1095 1144 1093 5616
4 473 12 3212 5383
4 3925 5373 4462 5546
4 329 1033 2065 2872
4 2284 2286 2285 5265
4 3976 4820 4393 5554
4 2775 2219 2186 5718
4 1104 1077 1105 4713
4 92 3445 599 4465
4 1581 1616 1888 5250
4 127 4971 4274 5669
4 1812 1837 1425 5230
4 3012 4011 3148 4525
4 3210 3208 477 4424
4 3774 5563 3946 5674
4 697 2798 162 5163
4 2665 4558 2670 5236
4 879 3999 2080 4648
4 2091 2520 2517 4102
4 3019 3018 3020 4164
4 4057 5491 5160 5636
4 2860 2075 447 3061
4 2976 5320 3066 5690
4 535 54 3324 4876
4 4380 4703 731 4750
4 2948 368 1110 1075
4 3487 3485 2130 2131
4 193 4606 4540 5702
4 3584 5167 3586 5717
4 4181 5488 4570 5682
4 1466 1802 1464 4884
4 3250 3249 3252 4613
4 2502 2504 5590 5691
4 4174 4258 3894 4785
4 3900 4315 4199 5225
4 33 504 4656 5296
4 1980 397 3105 1982
4 8 3197 474 5536
4 3056 3176 3058 4856
4 3651 160 2738 2797
4 973 836 924 4902
4 2571 2417 2564 5126
4 1663 1233 1232 5574
4 4108 4987 4770 5318
4 3453 97 4237 5407
4 262 2071 871 761
4 308 1971 1187 989
4 3915 4436 4888 5687
4 2298 2297 4363 4916
4 2298 2319 2718 5432
4 3916 5146 4489 5650
4 2249 2584 4279 4944
4 4392 4674 4087 5709
4 4176 4267 3888 4780
4 1609 1166 2042 5321
4 1001 1003 1002 5228
4 4262 4274 3839 5669
4 1562 1518 1510 5430
4 2198 2187 4823 5389
4 3286 3285 3287 4776
4 2158 4168 4876 5294
4 103 610 3473 4883
4 1953 1213 1962 4595
4 4159 5020 4546 5671
4 2500 2870 2820 4989
4 3122 3129 2967 5505
4 2418 2410 2315 4937
4 190 2357 739 3723
4 3678 171 4944 5345
4 4447 5603 3817 5701
4 2532 2235 2120 5508
4 270 2926 2067 782
4 1589 1463 1868 4707
4 2887 2455 2523 5367
4 2314 2646 2496 4364
4 2958 2547 2088 4569
4 4172 4247 3887 4755
4 1942 1557 1943 5595
4 84 3423 587 4774
4 4193 4244 3895 4804
4 293 2083 4935 5081
4 2745 2746 3343 2643
4 543 5573 4548 5706
4 2410 4937 2462 5090
4 4032 4952 4071 5656
4 4061 4689 4624 5533
4 2450 4152 2449 4613
4 3140 2104 2886 5677
4 2739 2927 2740 5212
4 4043 4493 5238 5742
4 1335 1220 1219 4685
4 3108 3126 2972 4069
4 540 3337 3339 5103
4 3880 5265 4625 5600
4 3667 3668 4893 5253
4 4107 4829 2679 5263
4 1387 1389 1388 5338
4 2333 2273 4299 5287
4 3872 5249 4682 5486
4 4682 5249 4064 5486
4 2181 2606 2179 4889
4 1074 3135 340 2965
4 3267 504 33 5296
4 3979 5340 4593 5517
4 3984 4499 4143 4630
4 628 3516 116 4455
4 2214 154 2662 2166
4 2344 2902 2906 5175
4 533 52 3329 5305
4 1036 333 992 5068
4 1267 1266 1265 5276
4 876 722 781 962
4 1891 1896 1718 4833
4 2977 2109 430 3100
4 346 1117 2059 1085
4 4251 4322 9 5536
4 4215 4593 5627 5675
4 2486 2748 2749 5655
4 129 4262 3547 5200
4 1316 1280 1282 5500
4 4192 4602 3868 4695
4 4272 5314 5234 5436
4 49 4020 4509 5527
4 1853 5124 1528 5496
4 3160 3089 3175 4251
4 2449 2454 4613 5417
4 929 205 1139 1073
4 4213 4610 4024 5313
4 1463 1462 1461 4868
4 411 2983 3049 5233
4 2205 5045 3985 5743
4 2088 366 1080 2911
4 3891 4336 4931 5594
4 4132 5457 4470 5499
4 1031 1020 1018 4634
4 4469 5359 5092 5428
4 2616 2615 2918 4153
4 1873 1920 1600 5148
4 4372 5179 3845 5377
4 946 3703 876 962
4 781 4015 834 5351
4 1626 1217 5030 5623
4 660 4654 137 5612
4 4266 5056 4895 5617
4 1443 1445 1446 4725
4 634 4760 5033 5333
4 3734 191 4243 5398
4 1897 1895 1528 5124
4 2957 2871 2087 4835
4 389 1207 1997 4951
4 3668 711 4893 5737
4 3853 4642 4183 5158
4 641 3531 124 5369
4 563 5251 4227 5542
4 2110 2923 2720 4380
4 613 3477 3478 5259
4 3486 3487 3484 2130
4 2494 2416 2346 4677
4 2803 2432 2804 5716
4 2697 2804 2214 5716
4 497 3242 28 5260
4 3283 5463 3974 5545
4 4181 5321 4570 5488
4 3229 5166 3227 5324
4 4679 4796 121 5647
4 706 3656 3658 5114
4 3891 4796 4679 5647
4 1558 1639 1557 5595
4 376 2878 1091 1087
4 4169 4271 3885 4737
4 3893 5001 3881 5010
4 705 4511 163 5636
4 127 4426 645 4971
4 137 4686 4270 4988
4 2977 4753 4322 5536
4 4372 4716 4085 5041
4 2450 4152 4613 4956
4 3017 2996 3018 4338
4 4378 5110 5507 5691
4 786 2857 291 4730
4 2338 4061 2339 4624
4 3755 4714 4258 5283
4 3495 108 4259 5187
4 3867 5073 4460 5597
4 3317 2659 48 534
4 3179 3011 76 5341
4 613 2545 3477 5259
4 2675 3271 2272 2352
4 3401 575 4102 5341
4 3894 4785 5240 5634
4 2860 446 2105 3111
4 2883 2863 2862 4225
4 3477 2545 106 5259
4 152 2165 2167 2166
4 3052 3122 3104 5505
4 946 961 183 835
4 1993 1559 1863 4861
4 3708 3709 724 4772
4 4118 5076 4681 5692
4 1208 884 216 2037
4 2421 4096 2631 5366
4 4120 4512 3886 4571
4 2529 2454 2530 5543
4 2531 2458 2539 5311
4 2245 4362 2707 5586
4 3275 3273 5413 5581
4 4021 4780 4369 5526
4 749 4061 4624 5191
4 524 45 3307 2672
4 1400 5047 1818 5685
4 2071 2934 263 871
4 2689 2832 4191 4990
4 619 2130 2131 2129
4 1484 1483 1485 4962
4 678 3602 2388 5037
4 3438 3437 2836 2308
4 2747 56 5103 5573
4 1574 1892 1606 4795
4 1182 1969 1747 5477
4 55 4278 3330 5305
4 1982 396 2967 1184
4 1826 1725 1723 5394
4 1509 1415 1413 5640
4 4470 5457 3829 5499
4 781 938 834 4015
4 4081 4905 495 5125
4 652 4512 132 5621
4 4898 5005 3912 5317
4 1457 1456 1411 5197
4 165 2738 2245 2795
4 3115 3034 3118 4626
4 1397 1398 5034 5685
4 2391 4522 2715 5028
4 2484 2748 4882 5655
4 1048 1030 1050 5438
4 788 877 213 1180
4 119 634 3521 5333
4 793 870 930 5421
4 3859 4283 4023 5540
4 2517 4102 2520 5343
4 1810 1318 1882 5577
4 2549 2528 29 3246
4 3117 3387 462 2995
4 3931 4275 5009 5636
4 4439 5488 5094 5682
4 4841 5244 4433 5635
4 3962 5244 4841 5635
4 3266 37 510 5287
4 103 4823 4132 5395
4 2191 2185 2187 5389
4 1006 1055 1005 5678
4 1375 1376 1374 4875
4 1570 1567 1568 5509
4 170 3670 709 5253
4 4265 5110 4652 5507
4 596 3437 93 2836
4 109 4347 2133 5184
4 2004 764 235 5644
4 3554 5374 4923 5621
4 3780 4089 4821 5622
4 3861 4499 4143 5415
4 2551 2221 2125 5392
4 3815 5427 5234 5436
4 4074 4233 4001 5054
4 2592 2591 118 2819
4 639 4379 4208 5632
4 188 5268 4780 5398
4 3181 3169 3112 5303
4 4007 5061 4881 5559
4 2840 595 2836 2341
4 4378 5507 2502 5691
4 3444 598 3442 4732
4 718 3679 3681 4944
4 3207 4424 3209 4560
4 1826 1723 1403 4705
4 1419 1800 1396 4692
4 2017 2064 1212 4462
4 2215 2738 160 2797
4 2006 1726 1728 5379
4 2710 2218 102 4883
4 108 4347 5065 5547
4 748 3756 196 5283
4 2410 2462 2521 5090
4 3948 4185 5642 5735
4 76 575 3403 5341
4 2129 4981 2127 5344
4 2304 2302 2318 4735
4 955 827 950 5644
4 3177 3184 2983 5233
4 4036 3912 4913 5005
4 107 5350 621 5735
4 3104 2967 395 5505
4 2432 2380 2378 5446
4 2627 2101 2859 4535
4 1770 4894 1441 5660
4 35 5581 4458 5725
4 576 4937 3407 5090
4 750 192 3744 5292
4 4234 4455 4220 5726
4 2928 933 2077 5118
4 1245 5307 1247 5587
4 2312 2326 2250 5510
4 1835 1186 1834 4547
4 4459 5183 4133 5739
4 1358 5310 1326 5579
4 26 2450 2453 4613
4 2592 4004 2814 5033
4 1212 4462 3093 5514
4 4115 5140 4140 5506
4 550 4623 3353 5615
4 3693 4219 720 5051
4 2174 4572 2175 5624
4 4024 5050 3871 5313
4 4077 4888 3863 5393
4 2280 2671 4154 4984
4 3520 5033 4543 5333
4 2214 5456 154 5730
4 855 854 856 5239
4 1326 1358 1870 5310
4 2572 2453 2528 499
4 3382 3384 4338 4994
4 368 2948 2066 1075
4 1643 1637 1194 5594
4 4539 5264 3934 5302
4 3869 4424 4022 5509
4 3839 4262 3981 5269
4 1517 1663 1297 5574
4 754 3753 3752 4648
4 3931 5009 5160 5636
4 2493 4739 4885 5661
4 3839 4639 4351 5200
4 2837 4037 5387 5651
4 167 706 4710 5636
4 754 4633 3999 4648
4 2475 2476 2473 5459
4 3042 3045 3043 5264
4 1413 1414 1746 5354
4 2005 384 3086 2987
4 2910 3098 426 5320
4 2245 2707 4362 4850
4 2402 3979 2590 4584
4 838 5115 843 5626
4 2428 3655 162 4604
4 3013 4011 3012 4525
4 4484 5221 4012 5327
4 806 784 289 5285
4 3540 4336 3539 5647
4 2398 3574 4529 5409
4 165 3650 701 5586
4 1509 5354 4443 5640
4 3938 4935 2858 5445
4 2526 2531 4354 4938
4 3385 3387 2995 3388
4 578 3405 4937 5608
4 155 3631 693 5465
4 4116 4475 4026 5717
4 3860 4280 4227 4673
4 1290 1752 1751 4843
4 638 3537 3535 4456
4 2435 4117 2404 4584
4 521 44 3305 4471
4 257 2944 2943 882
4 2632 2333 2633 5538
4 4100 4768 3949 4854
4 4817 5201 159 5649
4 4040 4212 4855 5555
4 1298 1302 1810 5577
4 637 122 3527 5632
4 834 4015 938 5351
4 3973 5166 2622 5557
4 111 4562 4006 5344
4 3055 4953 3182 5111
4 106 2545 2128 5259
4 990 1024 1067 4835
4 2484 2720 2925 4703
4 184 732 3718 5548
4 1838 4853 1274 5565
4 3052 3055 5111 5715
4 4237 5309 600 5339
4 4408 5238 4493 5742
4 3081 3079 3080 5015
4 1600 1431 5148 5516
4 205 929 757 1073
4 2929 2740 2928 5384
4 3492 3494 615 4798
4 2623 4555 2305 5497
4 3621 3622 4869 5730
4 3502 114 626 5362
4 2595 2594 2332 5349
4 1272 1274 1315 4853
4 142 668 3594 5478
4 1326 5579 4926 5713
4 186 2359 3726 4733
4 1247 1245 1806 5307
4 2511 2080 2943 4633
4 1077 1104 355 2056
4 4023 4283 3859 4709
4 1311 1634 1946 5742
4 3961 4924 4328 5716
4 2168 158 3629 2662
4 4046 4926 5579 5713
4 4016 3866 4717 5594
4 4405 4210 5423 5531
4 1588 5064 1890 5662
4 2444 125 2440 2541
4 3981 4274 4262 5669
4 624 3503 3500 5143
4 3643 5163 4246 5525
4 123 4379 4225 5357
4 2878 375 2096 1087
4 2509 2451 2485 4618
4 159 4467 693 5465
4 1512 1703 1702 5099
4 2458 2540 2881 4936
4 4022 4424 5489 5509
4 1710 1577 1576 5480
4 4216 4458 3845 5153
4 2691 2695 3969 5370
4 521 4984 3291 5519
4 882 2943 257 760
4 1057 1032 988 3427
4 388 1172 3092 1997
4 4076 3967 5296 5741
4 3812 5353 4025 5592
4 2643 548 62 2324
4 2140 4175 2139 4880
4 1397 1399 1398 5685
4 4053 5307 5062 5587
4 4336 4717 3866 5594
4 2711 2198 2187 4823
4 1543 1542 1646 4628
4 4233 4948 633 5694
4 739 2359 190 3729
4 2043 788 213 1180
4 1977 2053 1678 4959
4 1108 1107 1106 5221
4 2142 2814 2144 5518
4 3551 4923 129 5621
4 2978 3080 3079 5102
4 3989 4183 4520 4642
4 3370 561 3369 4987
4 4596 4997 4098 5544
4 2920 4015 2919 5051
4 3036 3038 3108 4307
4 479 3209 4424 5489
4 1704 1465 1589 5492
4 4122 5552 4713 5616
4 1327 1949 1711 4619
4 2873 2942 2493 4739
4 2722 2413 2723 5659
4 1134 1090 1118 4225
4 3914 4180 4830 5703
4 2272 2274 512 2675
4 46 523 2652 2190
4 838 840 843 5115
4 4071 4727 4160 4898
4 394 1986 1204 2979
4 2828 4131 2661 5527
4 496 3254 28 4744
4 1388 1449 1825 4964
4 1617 1621 1510 4873
4 1890 1893 1439 5662
4 3372 562 3370 4770
4 2701 64 2299 2323
4 3897 4401 5101 5489
4 2537 122 637 5632
4 2358 4243 2311 5241
4 2630 2628 2906 5435
4 2835 94 2560 5171
4 2422 3687 716 4578
4 1699 1523 1700 4844
4 2673 3939 2805 5178
4 177 4486 723 4772
4 1737 1739 1979 4680
4 1911 1749 1913 5485
4 1266 1762 1314 5504
4 1304 1303 1300 5493
4 710 3668 3670 5253
4 79 4769 5011 5476
4 739 2357 2360 3723
4 1985 1858 1184 5505
4 3947 4610 3844 5438
4 2023 2025 1167 4697
4 1655 1653 1323 5365
4 1679 5469 2045 5638
4 2999 431 2900 3100
4 1773 1530 1905 4932
4 996 335 2095 1041
4 2845 5082 2948 5689
4 1408 1409 1442 5004
4 1048 1020 1031 5666
4 4016 4717 4336 5594
4 2293 2292 2294 5342
4 379 3002 2014 5514
4 695 5031 4128 5649
4 1853 1528 1468 5496
4 127 4426 4971 5669
4 2359 2766 2358 4733
4 114 2590 2821 631
4 4201 4970 4008 5365
4 4243 4627 191 5641
4 2212 2201 2208 3463
4 530 4168 51 5294
4 2349 2290 2288 5494
4 2502 2501 2478 5507
4 3975 5057 163 5163
4 1878 1854 1569 5402
4 4115 4961 4140 5140
4 3123 3031 3029 5150
4 2359 2357 2360 739
4 4757 5124 1853 5496
4 2216 4100 2791 5548
4 841 4934 839 5626
4 655 2117 2116 3558
4 3589 3590 671 5008
4 196 3743 4138 5670
4 170 2584 2762 4944
4 1243 1842 1294 5062
4 1067 1024 1063 4835
4 2960 4379 2883 5632
4 1348 1456 1851 4651
4 3811 5218 4166 5558
4 3058 3174 3054 4856
4 1088 344 2060 1123
4 695 4549 4128 5031
4 2906 2765 5175 5566
4 839 910 888 5620
4 2792 2478 2475 5507
4 188 3735 737 5398
4 3420 586 3418 4989
4 4060 5111 4953 5715
4 2995 3386 3385 3388
4 487 3226 18 5490
4 2562 4562 2317 4930
4 1690 1921 1919 5054
4 2180 2216 2182 5416
4 4047 3817 5603 5701
4 59 4548 4343 5567
4 606 96 3460 4947
4 3425 1057 1069 988
4 721 3692 176 5051
4 2229 2228 2247 5466
4 1598 1688 4912 5680
4 4813 4980 2482 5723
4 1363 1362 1361 5270
4 1609 1945 5321 5488
4 4112 4597 3881 5010
4 100 5066 4201 5188
4 2083 2858 4935 5445
4 1845 1393 1391 5227
4 2534 2124 2211 4978
4 8 2907 3192 5580
4 2968 3043 3113 4612
4 4349 4798 107 5657
4 2216 2796 4100 5548
4 2096 2503 2878 5433
4 1482 1481 1483 5405
4 108 4259 5065 5353
4 4779 5650 3916 5681
4 3017 3019 3021 4786
4 2205 2815 5045 5743
4 114 2435 4584 5362
4 484 3219 3222 4896
4 2912 2614 146 4721
4 3871 4213 5313 5430
4 4610 5438 585 5744
4 3862 4176 4267 5197
4 1415 1872 1356 4809
4 771 900 909 4646
4 3373 4280 3374 5551
4 3137 1047 3155 4897
4 2784 715 170 2762
4 2411 150 3604 2614
4 4181 5321 4516 5719
4 2559 4732 4110 5171
4 411 3049 1729 5233
4 108 5065 4259 5187
4 836 921 924 4902
4 3443 5387 3442 5605
4 687 4862 4009 5196
4 2196 2132 3486 2130
4 671 140 4505 5668
4 686 4328 3622 5730
4 4168 4876 4005 5381
4 89 5317 5005 5656
4 1551 5094 1944 5488
4 2386 4186 2427 5037
4 66 2298 2297 2299
4 2004 1702 1703 5644
4 3901 4349 4185 5222
4 2907 8 5536 5580
4 834 909 831 5351
4 3365 2300 2299 2301
4 1117 1644 346 2059
4 2909 2081 2969 4251
4 2778 2754 16 2469
4 1763 1402 1418 4845
4 3995 5215 5074 5544
4 2688 2689 2690 5603
4 1014 1015 1065 4537
4 3027 5049 3032 5698
4 2657 4017 2155 5048
4 5091 5205 4142 5696
4 3028 3033 3034 5698
4 2534 2533 2532 5550
4 646 126 4781 4986
4 2531 2526 4354 5374
4 4681 5076 4314 5692
4 2812 3960 2841 5362
4 4436 4581 3915 4750
4 1847 1952 1846 5112
4 1655 1656 1594 4723
4 1344 1247 1806 5307
4 1558 1981 1640 5371
4 1786 1785 1448 5083
4 193 4714 4606 5702
4 3914 4679 4180 5703
4 2800 4111 2799 4790
4 2263 2265 487 2264
4 625 3511 2821 2650
4 4559 5196 4194 5437
4 1813 1805 1985 4720
4 3309 4231 528 5048
4 2837 2606 2561 5521
4 2771 2573 2580 5695
4 3589 4271 3590 5008
4 725 3694 180 4805
4 4094 4757 4729 5496
4 4699 5317 3435 5656
4 1003 5228 1001 5606
4 2193 2724 3319 2159
4 1031 995 1048 4767
4 2773 4297 2500 4989
4 4959 5228 4130 5511
4 3652 3653 3654 2795
4 132 4512 4571 5202
4 522 2671 45 2655
4 2015 1197 1610 5050
4 1916 1240 1242 5323
4 4821 4881 4089 5061
4 3320 2724 2161 2159
4 4209 5291 4909 5510
4 3964 4138 5191 5667
4 2546 3914 2542 4972
4 4108 4770 2663 5318
4 3393 75 4364 5476
4 1025 2054 997 5050
4 3665 3664 706 4850
4 102 2218 608 4883
4 97 4385 4237 5407
4 1972 2036 1165 4799
4 2209 4337 2222 5363
4 1808 1455 1330 5170
4 2442 3914 2546 4972
4 4074 4001 4233 4948
4 3033 3185 3035 4999
4 585 3422 83 5040
4 3422 3421 579 5040
4 2506 2913 2792 4652
4 2624 2627 2731 5141
4 3965 4558 4037 5651
4 2359 190 3729 4733
4 4024 5040 4213 5313
4 1639 1651 1943 5595
4 4980 5044 4235 5728
4 729 833 946 5220
4 55 3321 538 5470
4 1676 1440 1674 5692
4 4588 5365 4008 5568
4 2129 2127 2550 5344
4 2193 2724 2659 3317
4 3464 609 99 5395
4 224 888 2026 5620
4 2744 5005 4036 5236
4 1229 1231 1662 5539
4 3756 748 3754 4714
4 2880 3114 442 2882
4 3931 4511 4275 5636
4 2135 2133 4347 5184
4 672 4013 4583 5532
4 9 4322 3195 5536
4 4078 5690 5320 5691
4 3306 526 3308 4826
4 3965 5262 4811 5712
4 2197 4106 2203 5474
4 4085 5041 4716 5545
4 2637 2638 2640 4691
4 834 833 962 5351
4 233 899 2008 5281
4 2157 2155 4017 5048
4 2855 4114 2522 4745
4 2339 4624 4061 5191
4 3468 3470 611 5188
4 4152 4586 3842 5417
4 1918 2038 1688 5680
4 4259 4992 4010 5574
4 59 4600 4548 5567
4 1600 4634 2057 5516
4 2021 1708 2022 5393
4 2396 2648 3579 3580
4 3888 4267 4176 5197
4 822 828 917 5001
4 3675 2419 2420 2784
4 2786 4166 2223 5363
4 1434 5025 1856 5665
4 1540 1539 1538 5304
4 1121 1122 1088 4814
4 2300 2298 66 2299
4 2882 3064 441 2084
4 2140 117 630 2213
4 1510 5430 1518 5640
4 1498 1499 1500 4925
4 2620 4021 4666 5268
4 940 891 892 5576
4 2795 166 2428 2702
4 2071 262 2937 761
4 4523 5053 4934 5620
4 2753 2797 162 2428
4 582 2856 85 2915
4 628 5061 4455 5559
4 4508 4637 4212 5086
4 2303 2305 2623 4555
4 2525 2082 4338 4994
4 4533 4768 3997 5711
4 4262 4274 3981 4781
4 2897 2779 2107 5102
4 4444 5651 4811 5712
4 4811 5651 3965 5712
4 2240 158 2168 2662
4 4090 4008 4201 5218
4 2155 2153 2154 5530
4 4671 5350 4184 5735
4 3364 3361 3363 4855
4 999 321 1032 2856
4 1102 1156 1103 5719
4 971 960 882 5193
4 4027 5368 4343 5567
4 2015 2054 5050 5424
4 4198 3883 4659 5706
4 1104 1967 355 2056
4 3651 3654 2738 702
4 3456 602 99 5407
4 570 463 77 2869
4 2358 4243 5241 5641
4 2543 2544 2959 4830
4 1467 1465 1704 5729
4 1400 1818 1398 5685
4 1838 1315 1274 4853
4 1107 1108 1159 5221
4 4047 5603 4447 5701
4 2151 2750 4045 5431
4 2712 2639 2714 4749
4 4146 4961 4115 5108
4 24 3239 492 5125
4 2253 4018 2238 5462
4 2415 2838 2554 5186
4 2861 2102 2858 5571
4 3604 2411 2614 2387
4 1658 1301 1291 5225
4 1228 1645 1230 5222
4 2987 1181 383 3095
4 1373 1433 1859 5252
4 209 792 853 2046
4 3857 4549 4128 5232
4 633 119 3517 4979
4 2977 3160 3097 5536
4 652 4203 4512 5621
4 1772 1752 1755 5468
4 3883 4600 4548 5706
4 2226 2236 2225 4860
4 71 4227 4913 5542
4 3438 3440 3439 2341
4 3541 3542 647 4728
4 1618 5477 1969 5733
4 157 2167 2169 2168
4 4558 5387 590 5605
4 2879 2865 2068 4539
4 2551 2322 2539 5720
4 2388 2389 2387 678
4 4112 681 4837 5010
4 75 3381 566 4994
4 2371 2369 2370 5390
4 1770 1940 1937 5660
4 2943 2080 258 760
4 1060 1046 301 3152
4 4385 5021 4315 5407
4 1913 1749 1915 4784
4 2038 1867 1687 5472
4 291 2115 903 4730
4 4121 5469 4929 5638
4 2492 24 2572 2549
4 2138 3968 2137 5455
4 1510 4873 5430 5640
4 2033 1206 2030 4816
4 2522 2855 2521 4114
4 2138 630 112 2213
4 2117 2116 2115 655
4 4819 4857 4238 5659
4 530 3322 4168 4876
4 1063 1070 1043 4678
4 3479 615 4848 5259
4 2366 4604 4057 5114
4 1795 1263 1342 5161
4 1376 1451 1374 4875
4 3979 4948 4074 5694
4 4924 5461 3961 5648
4 4074 3979 5694 5722
4 2333 3967 5287 5538
4 1878 1999 1879 5402
4 2855 2522 2113 4745
4 3468 4201 5021 5188
4 4470 5457 4132 5598
4 34 505 2352 2764
4 267 933 762 2077
4 3547 5200 4262 5445
4 2983 411 1201 5233
4 703 3655 162 2428
4 3458 3460 3457 4947
4 2119 2437 4262 5508
4 4099 5155 3980 5190
4 3458 604 100 5218
4 3853 4665 4286 4668
4 3483 4025 5017 5353
4 3242 497 4840 5260
4 1497 1513 1499 5524
4 2395 4026 2601 5167
4 2649 4178 2813 5045
4 115 4821 4233 5061
4 689 3641 3640 4662
4 889 758 921 4697
4 3093 3134 3138 4462
4 3119 3023 3131 4886
4 293 4935 785 5081
4 105 3480 612 5017
4 3097 3175 2969 4251
4 2062 1214 3004 4897
4 520 4527 4269 4700
4 3435 3436 3434 4699
4 3298 3299 5388 5431
4 3737 3734 742 5241
4 4222 4421 4066 5085
4 3339 546 5103 5138
4 2576 2577 2578 5029
4 2048 349 1084 1129
4 3275 3274 514 4829
4 1630 1946 1670 5742
4 96 5309 2212 5339
4 2617 2648 666 3579
4 4077 4436 4888 5220
4 2493 4885 2491 5661
4 2156 2696 2207 5635
4 2184 2183 2182 5484
4 2528 499 3248 3247
4 2513 2519 2414 5209
4 2306 88 2341 2308
4 2352 511 34 5413
4 3638 687 155 5498
4 111 4006 4671 5350
4 550 3346 3348 4815
4 392 1991 1173 3102
4 2841 3960 2812 5143
4 2402 2401 2400 5517
4 4008 5066 4201 5218
4 2247 2497 4031 5292
4 2938 2818 2588 4534
4 4116 4737 4475 5717
4 4280 5229 3896 5358
4 2834 2672 2653 4826
4 4175 4880 116 4968
4 3019 3020 3178 4164
4 1801 1399 1397 5358
4 529 3310 48 5048
4 120 4972 4830 5703
4 636 3526 4208 5632
4 1826 4705 5229 5394
4 2084 2992 440 2886
4 3862 4627 4296 4693
4 3256 501 31 4500
4 3858 4220 4455 5323
4 565 2082 2888 4994
4 4067 5072 4849 5480
4 3962 5294 4168 5635
4 3159 3002 3070 5514
4 60 4187 4655 5444
4 1710 1680 1711 4849
4 4194 5196 153 5437
4 2734 2086 2735 5151
4 1192 1604 2014 5514
4 937 920 873 4777
4 379 1212 3093 5514
4 1022 1048 1050 5666
4 3541 4336 3542 4728
4 3427 1032 322 2954
4 3710 3712 3711 4703
4 184 3718 4666 5548
4 2118 2119 2116 3556
4 2351 3974 2276 5463
4 3718 732 3720 4666
4 3506 624 3504 4880
4 2168 3627 2167 2166
4 4306 5683 4390 5684
4 4103 4500 3991 5279
4 2551 2125 2123 5720
4 192 745 3739 4900
4 1797 1262 1264 5520
4 3262 506 4355 4802
4 3919 4356 4630 5382
4 2779 2597 4300 4896
4 4158 5166 3973 5557
4 2278 3994 2350 4984
4 2555 3996 2494 5309
4 71 4673 561 4987
4 2500 2957 2870 4835
4 3536 645 3535 4971
4 43 3297 525 5388
4 2663 4108 2318 4770
4 2897 2899 2779 5102
4 2892 5282 2635 5301
4 3846 4160 4894 5335
4 3477 106 614 5259
4 3938 4262 3839 5200
4 3822 5506 4482 5624
4 4084 5034 3766 5699
4 949 957 791 5571
4 1155 338 3154 1137
4 3354 4752 60 5444
4 1146 1104 1105 4713
4 737 5241 5268 5398
4 3265 36 4299 5296
4 4364 5275 3393 5476
4 3100 2109 4295 4753
4 742 191 3727 5523
4 3913 4125 5547 5622
4 946 835 183 5220
4 4295 4753 12 4928
4 674 147 4522 4754
4 1493 1701 1495 4645
4 168 3673 714 2253
4 988 1032 322 3427
4 20 4687 4640 4709
4 3647 3649 3650 4572
4 35 513 4458 5581
4 4047 4194 5437 5701
4 1216 1215 1183 4839
4 3047 5264 3042 5613
4 3147 3088 3095 5522
4 3489 5344 3490 5350
4 2444 3534 2537 643
4 4278 5464 538 5664
4 3914 4830 2542 4972
4 4746 4856 4060 5677
4 2797 2795 703 2428
4 605 4947 4166 5363
4 2409 4769 2410 5343
4 4819 5654 4382 5675
4 2906 2626 2765 5566
4 2451 2452 4081 4956
4 737 3719 188 5526
4 3844 4767 4634 5666
4 1608 2003 2000 4636
4 2634 2757 2889 5213
4 2806 2241 2674 5381
4 3027 3032 3028 5698
4 2153 4087 2651 4914
4 2837 2670 2668 5387
4 703 3653 2795 2797
4 3560 3562 658 4730
4 3382 3381 3384 4994
4 101 4947 3459 5363
4 841 839 838 5626
4 513 4458 4847 5041
4 1502 1500 1501 5127
4 1194 2060 344 1123
4 2607 4219 2920 5051
4 3117 462 72 2082
4 3067 3066 2976 5320
4 2647 2518 571 2646
4 1719 5197 1457 5584
4 2169 157 2170 4662
4 533 4131 52 5710
4 954 915 880 3999
4 2679 4107 2676 4829
4 2927 2749 2926 5688
4 3106 77 463 2520
4 2673 2430 3939 5178
4 4275 4511 705 5636
4 3266 3265 509 5287
4 1464 1462 1463 4868
4 3125 2980 3113 5448
4 853 4929 854 5469
4 1685 1881 1675 4895
4 206 1138 1073 5376
4 2451 2452 2485 4081
4 2248 3987 2356 5241
4 2245 2707 2178 5586
4 3342 547 3343 2643
4 195 4331 4785 5634
4 1009 1051 1071 5299
4 4154 4984 521 5519
4 2549 29 2528 2224
4 2911 367 1110 2948
4 2442 4722 3914 4972
4 2977 4322 3160 5536
4 3764 4718 5520 5648
4 1871 1336 1325 5713
4 2995 462 463 570
4 5187 5547 4125 5622
4 2073 4632 2892 5301
4 2196 2316 4848 5474
4 3492 4349 621 5187
4 1807 1345 1278 5628
4 2363 2362 2364 5026
4 2673 3939 2430 5478
4 3614 148 676 4499
4 2202 102 2218 608
4 3646 160 697 5525
4 3416 3415 584 2915
4 4084 5071 4637 5551
4 2643 61 548 2642
4 574 79 3394 5476
4 3119 2994 3023 4886
4 79 574 4769 5476
4 597 4747 4453 5605
4 3920 4826 4231 5709
4 390 1994 3103 2988
4 2094 4379 2960 5632
4 1590 1868 1461 5619
4 3981 4262 3839 5669
4 1512 1702 1701 5099
4 3257 502 3259 4690
4 134 2866 2117 4938
4 4294 5347 4680 5440
4 4022 4424 4560 5489
4 731 183 4750 5220
4 2408 2752 2338 5533
4 1461 1462 1460 5352
4 2536 122 3537 643
4 3538 646 3536 4986
4 4113 4706 5132 5391
4 1073 757 206 5376
4 87 3418 586 5231
4 480 5549 4358 5589
4 17 4358 5549 5589
4 642 120 3529 4972
4 2563 4025 5017 5184
4 4686 4988 137 5679
4 2199 2708 2711 5457
4 3906 4611 4279 4701
4 672 145 3599 5532
4 1111 1080 1147 5689
4 3946 4563 3774 5674
4 2272 2273 37 2274
4 4684 5520 4718 5648
4 2039 2017 1212 4462
4 233 787 899 5281
4 3943 4574 3787 5608
4 2208 2202 101 608
4 4262 4639 129 5269
4 2209 101 2202 608
4 4024 4610 4213 5040
4 2730 2924 2729 4626
4 698 3644 3645 5163
4 3095 382 2990 5522
4 143 4788 4475 5717
4 1006 1008 1010 4852
4 1022 1050 5438 5666
4 4106 5104 3905 5474
4 1464 1465 1466 4884
4 2861 2858 2524 5445
4 2711 2708 2709 5598
4 18 481 2263 2261
4 4335 5401 17 5549
4 3667 3669 3668 5253
4 4213 5040 3871 5313
4 1275 1924 1769 5106
4 3333 543 3335 4903
4 1340 1762 1268 5232
4 2484 2925 2748 5655
4 2672 45 2671 2655
4 153 4590 4047 5451
4 2408 2511 198 2488
4 705 4604 3657 5636
4 2971 4632 2073 5301
4 2820 82 2773 4989
4 3712 2720 181 4703
4 4934 5053 4171 5620
4 2348 2294 2292 5342
4 1172 1997 1999 4544
4 4322 4560 4182 5274
4 3458 4166 4947 5218
4 1560 1524 1522 4702
4 753 4648 3999 4785
4 2901 2722 2898 5038
4 484 3222 17 5549
4 2852 3341 2643 546
4 2519 2630 2902 5435
4 1664 1663 1517 4807
4 2971 3149 3127 4632
4 2010 2990 382 5522
4 893 873 953 5298
4 3203 4165 11 5460
4 3849 4066 4421 5085
4 4003 4716 4372 5512
4 2672 2652 524 2655
4 4569 5069 4080 5689
4 2048 1945 2011 4570
4 557 3363 68 5555
4 43 4193 4700 5439
4 2132 618 2563 2197
4 162 2753 2428 4604
4 538 3321 4876 5470
4 928 931 795 4963
4 1553 1550 1672 4846
4 2169 2170 2171 4662
4 2308 93 2836 2342
4 2300 559 70 2301
4 2704 2756 2334 5495
4 2658 4231 2657 5048
4 3837 5359 4469 5428
4 4120 4571 3886 5000
4 2426 4854 2618 5548
4 3720 3719 3721 4666
4 3165 4999 3033 5698
4 2845 2948 2911 5689
4 501 4586 27 5610
4 145 3611 676 5556
4 3966 4338 4164 5700
4 1957 897 246 5109
4 641 4972 3530 5369
4 2580 2610 2611 4712
4 2312 5510 2250 5704
4 1325 1326 1310 4926
4 1699 1698 1523 5697
4 1093 1092 1094 5373
4 50 529 2157 5048
4 293 890 785 4935
4 684 153 4590 4869
4 632 3522 118 5033
4 2561 4110 2559 4732
4 636 4830 4208 5703
4 2861 4274 2535 4986
4 3185 3165 3116 4999
4 2511 2943 2512 4633
4 4089 4881 4007 5061
4 1181 2987 2005 5006
4 2777 4782 4292 5732
4 3996 4947 600 5309
4 602 5339 5295 5407
4 1960 4908 1847 5331
4 4105 2295 4815 5615
4 911 884 768 5534
4 1852 1612 1508 4766
4 1600 1970 2057 4634
4 2413 2722 2721 5659
4 2241 2162 2160 5464
4 2193 50 2157 2159
4 129 4639 4262 5200
4 2054 1025 304 1197
4 57 3335 543 5573
4 33 5328 5296 5741
4 1935 1660 1936 5257
4 744 193 4540 5702
4 2358 2311 190 5241
4 2367 2487 2604 4974
4 523 2190 46 4914
4 2951 2578 2877 4653
4 1199 1625 1614 4582
4 2062 1034 1956 4897
4 2122 2534 2532 5334
4 2603 2412 2602 5159
4 726 3699 176 2608
4 2864 2747 2860 4224
4 471 9 3193 5580
4 506 3276 35 5581
4 580 3409 81 5155
4 2483 2482 4980 5723
4 3608 3610 682 4721
4 4637 5551 5071 5631
4 3619 3621 3620 4869
4 1858 1989 1986 4530
4 687 5196 4009 5498
4 742 4243 191 5641
4 3686 4578 3687 5609
4 3881 4696 4112 5010
4 776 1215 246 5109
4 2905 2109 430 2977
4 2644 4000 2642 4623
4 385 1209 2005 3086
4 3653 703 162 2797
4 3191 471 3193 4921
4 2165 152 4869 5730
4 17 3217 483 5589
4 4014 4585 479 5383
4 3638 4549 3635 5498
4 552 3358 3359 4916
4 3059 2980 3060 5448
4 4362 4891 164 5560
4 1469 1467 1587 5729
4 1734 1733 1735 5420
4 3656 3657 5114 5636
4 3198 3196 473 4753
4 2883 2536 122 4456
4 379 2014 1212 5514
4 4008 5558 4588 5568
4 126 644 3546 4781
4 2051 1977 4959 5511
4 4321 4798 4349 5657
4 997 303 1034 1956
4 2522 4114 2521 4745
4 2789 2252 2257 4863
4 1048 5438 1050 5666
4 3454 3453 600 5339
4 651 131 3563 5189
4 3563 657 3566 5189
4 652 3564 3565 5189
4 625 114 3502 5143
4 4009 4862 687 5498
4 2659 2828 2661 5527
4 2856 321 1032 2954
4 2333 5287 4299 5538
4 1185 233 2008 5281
4 1523 1887 1700 4844
4 3243 3241 3244 4840
4 3466 3467 5389 5395
4 2377 4104 2379 4658
4 148 4499 4630 5625
4 2395 2397 667 2396
4 4034 4773 4206 4987
4 3633 3632 5456 5465
4 499 2528 2572 3247
4 4263 4722 3911 5653
4 864 862 861 5359
4 4269 3852 4650 4700
4 3938 4810 4274 5571
4 2343 5261 4092 5732
4 2868 2540 2079 5285
4 2342 4782 2777 5732
4 3766 5071 4084 5699
4 1472 1529 1470 4729
4 3921 4578 4127 4620
4 114 2435 2590 4584
4 95 598 3452 5604
4 71 4206 4673 4987
4 561 4673 4206 4987
4 1651 1225 1321 5183
4 2779 2597 2896 4300
4 2886 2758 4953 5677
4 4004 5333 4234 5726
4 3894 4174 4785 5634
4 2081 2505 2907 4251
4 3924 4808 4689 5283
4 1591 1593 1947 4761
4 4010 4259 4091 5353
4 2278 2350 2280 4984
4 3750 3752 3753 4648
4 3469 4315 609 5188
4 4439 4570 5488 5682
4 2818 746 4331 4648
4 3764 5461 4924 5648
4 4279 4701 4611 5345
4 3409 3410 3412 4745
4 713 172 3686 5609
4 113 3504 624 5559
4 3363 557 4855 5555
4 1215 1957 246 5109
4 3814 5079 4779 5650
4 4754 5001 3893 5010
4 1029 1069 1050 5438
4 2398 2400 2399 5409
4 1555 1623 1556 4838
4 2781 2932 2465 5002
4 664 4686 4270 5612
4 4270 4686 137 5612
4 2746 2336 58 4903
4 4588 5558 4149 5568
4 3877 4274 4810 5571
4 933 267 2928 2077
4 2215 697 160 5525
4 2726 2301 69 2323
4 3850 4275 4146 5108
4 627 4821 4298 5740
4 478 15 3204 5541
4 2664 2663 2666 5318
4 2597 2594 2896 4300
4 2349 2725 2661 5273
4 3263 3261 3264 4802
4 1011 984 1012 4799
4 1918 2041 1180 5534
4 751 3752 3751 4648
4 2526 133 2118 2117
4 660 137 3575 5612
4 4281 4733 187 5523
4 679 150 2615 2614
4 2817 2790 2498 3746
4 133 4938 2526 5374
4 3905 5104 4848 5474
4 3283 3281 509 5463
4 3132 3055 3182 5111
4 2123 5374 2322 5720
4 4165 5460 2785 5695
4 4011 4525 3868 5477
4 4173 4728 647 5016
4 2578 2579 2953 5029
4 751 2941 198 3752
4 2813 5045 4178 5442
4 4828 5500 4419 5628
4 2099 2514 2525 5258
4 3312 4017 5048 5294
4 4107 4829 4030 5581
4 3475 3474 3473 4883
4 1004 1002 1003 5228
4 3172 3046 3045 5302
4 111 5344 4006 5350
4 3138 3070 3002 5514
4 3305 4471 527 5602
4 3815 4968 4175 5738
4 88 3438 2341 2308
4 2634 5213 4746 5538
4 658 3568 3570 4938
4 3410 4745 580 5190
4 3078 3081 3164 5015
4 3981 4095 5269 5508
4 20 3219 484 5401
4 103 4528 609 5395
4 672 5037 4013 5532
4 483 3217 3215 4939
4 2040 214 877 1180
4 2648 2617 2396 3579
4 2619 2356 189 2357
4 1479 1478 1477 5364
4 4040 4855 557 5555
4 206 928 1138 5376
4 842 839 841 4934
4 1334 1332 1349 5531
4 175 4620 4578 5609
4 3513 3512 626 4584
4 1185 787 233 5281
4 590 3441 91 5605
4 101 4337 2209 5363
4 511 3271 2675 2352
4 3636 688 3635 5196
4 1304 1648 1324 5043
4 2885 2705 2713 5483
4 2461 4127 4578 4996
4 1766 1926 1929 5410
4 3407 576 3406 4937
4 647 5016 4728 5669
4 2740 2487 2739 5384
4 2559 2560 4732 5171
4 650 3561 3559 5081
4 2490 2361 4281 4733
4 2082 72 3382 565
4 634 4760 119 5694
4 3128 3190 3167 5683
4 1799 5145 1964 5331
4 552 3359 65 5631
4 694 3639 159 5649
4 3251 3252 3249 4613
4 4525 4602 3397 4695
4 539 4172 4668 5305
4 1809 1882 1883 4997
4 868 861 863 5092
4 614 4981 4526 5259
4 915 954 878 4771
4 3948 4184 4526 5735
4 544 4198 4791 5706
4 1626 1966 1217 5623
4 1427 1360 1428 4945
4 4036 3431 5195 5236
4 1758 1759 1293 5458
4 2608 3699 3701 2922
4 1174 2019 2020 4646
4 3014 3137 3004 4897
4 2067 2749 2925 5655
4 1598 1917 1688 5680
4 1022 1050 1072 5438
4 4298 4562 3913 4930
4 2754 16 481 2329
4 1692 1916 1914 4800
4 4755 5305 52 5710
4 1849 1586 2027 5053
4 2095 2877 335 996
4 824 821 825 4738
4 3538 4456 643 4986
4 2241 2803 2697 5716
4 117 632 2213 2816
4 743 4176 4693 5398
4 671 4505 140 5008
4 4131 4755 52 5710
4 3411 582 2522 4745
4 2515 2847 2482 4813
4 5092 5359 4284 5428
4 1135 1079 4208 4379
4 3324 3322 3323 4876
4 2303 2301 70 560
4 1027 1034 1047 4897
4 1046 3136 301 3152
4 2376 2431 2736 5441
4 3377 3380 4555 4735
4 1460 1719 1457 5584
4 2270 2271 32 2272
4 1033 1058 1065 5582
4 4378 5433 4605 5590
4 1885 1673 1571 5671
4 86 583 2097 2820
4 4034 5432 2718 5561
4 4037 4747 4732 5605
4 3211 3212 479 5383
4 3143 4182 3091 4322
4 1366 1368 1453 5098
4 145 672 3597 5646
4 651 129 4639 5189
4 4623 4815 2295 5615
4 1827 1829 1828 4629
4 2035 1171 2034 5052
4 666 2815 136 3576
4 3044 3047 3042 5613
4 3228 489 3229 5324
4 599 3449 4910 5604
4 4465 4727 4071 4952
4 177 4743 4486 4772
4 2598 2065 2599 5582
4 1986 3104 395 5505
4 2386 2388 149 5037
4 2245 704 2794 4850
4 3150 73 3013 4525
4 2115 3562 134 655
4 3709 4436 4772 5220
4 3993 5044 4980 5728
4 89 3433 588 5656
4 3940 4755 4131 5710
4 57 3349 544 5706
4 44 520 3302 4527
4 705 3662 4275 5009
4 3277 507 3280 5328
4 11 4541 4165 5541
4 3744 750 5292 5670
4 757 928 206 5376
4 1878 1879 1697 4941
4 156 4662 4367 5031
4 4174 4606 3865 4714
4 1483 1481 1707 5405
4 4029 4805 3695 5346
4 3613 4112 4837 5556
4 4309 4840 497 5260
4 350 1084 1096 5321
4 2769 2934 2935 5014
4 2213 632 2819 2816
4 2921 178 274 876
4 727 2921 273 876
4 135 4730 4683 5000
4 349 2048 2011 1129
4 564 3117 3150 2995
4 3848 4500 4103 5279
4 2564 2566 2823 5736
4 843 845 841 5626
4 490 4820 23 5324
4 92 4782 4292 4910
4 682 3618 3615 4950
4 2453 2450 26 2572
4 827 820 823 5128
4 2659 48 2193 3317
4 1872 1355 1356 5449
4 4173 4336 3866 4931
4 734 3726 3728 4733
4 558 69 2323 4855
4 622 3498 3496 4930
4 2531 2322 2526 5374
4 536 3332 54 5664
4 816 913 905 5088
4 4066 3849 4421 4818
4 551 3354 60 5444
4 4809 5430 3787 5640
4 1208 2038 1918 5534
4 3673 2253 168 5462
4 2052 1970 1920 4767
4 1705 1589 2033 5492
4 3097 429 2977 5536
4 3645 697 5163 5525
4 127 4728 4426 5669
4 4232 5630 4694 5637
4 2435 2436 2406 5362
4 2812 2841 2436 5362
4 3589 140 664 5008
4 1917 5064 2041 5680
4 2123 2121 2322 5374
4 671 3592 140 5668
4 1137 338 3154 3134
4 502 31 3250 5610
4 820 827 822 5128
4 4296 5523 4627 5641
4 1192 2014 380 3085
4 3738 4900 4534 5702
4 4606 4714 4174 5702
4 3658 4604 703 5114
4 3089 4322 3091 5274
4 4784 5475 4136 5485
4 166 3658 703 5114
4 2201 2202 2208 3461
4 105 4848 4321 5104
4 3293 2656 2655 2654
4 1690 1535 1921 5054
4 104 2196 4848 5474
4 658 3570 135 5676
4 1510 1621 1562 4873
4 4695 4751 4011 5011
4 2519 2902 2414 5209
4 1436 1845 1391 5404
4 3613 4837 4499 5556
4 2398 661 2617 4957
4 2074 2919 4015 5051
4 3289 3290 516 4984
4 2517 2520 572 5343
4 1851 1456 1720 5734
4 1748 1915 1749 5475
4 2784 2420 3677 2424
4 4014 4585 4401 5489
4 3345 5194 4027 5368
4 909 834 976 5351
4 2302 2300 70 2301
4 3007 3010 3014 5075
4 3654 2738 2795 2797
4 137 660 3573 5679
4 653 3552 132 5621
4 1195 5511 2051 5678
4 481 2263 2754 2329
4 2528 30 2548 500
4 3605 146 673 2614
4 868 863 869 5092
4 2589 2260 2328 5332
4 4140 5140 4572 5624
4 2505 4921 2907 5580
4 1610 1920 1873 5313
4 1550 1548 1551 5094
4 1939 1595 1525 5411
4 679 3610 3609 4721
4 62 4623 550 4815
4 3650 4572 701 5586
4 2651 4914 4087 5709
4 167 3656 706 5636
4 3595 674 147 4522
4 132 652 3565 4512
4 1905 1749 1911 5485
4 2720 3712 728 4703
4 3397 568 73 4525
4 309 2049 1971 989
4 2109 2900 431 3100
4 1203 2026 2027 5620
4 3011 3168 4751 5341
4 4148 4635 5436 5738
4 24 2572 3245 493
4 4955 5690 4078 5691
4 1750 1238 1313 5226
4 585 3422 5040 5744
4 3160 3091 3089 4322
4 4038 4572 3648 5140
4 2356 5241 3987 5268
4 2840 2670 90 2341
4 3515 634 119 5694
4 606 2555 96 4947
4 411 1729 1201 5233
4 3865 4606 4268 4714
4 3433 4699 3435 5656
4 3369 4987 4034 5432
4 303 997 2054 1956
4 776 246 897 5109
4 4092 5261 4292 5732
4 3863 4743 4211 4772
4 107 4184 4981 5350
4 3345 3346 549 5194
4 3571 4957 4529 5679
4 50 2157 529 2193
4 673 3596 144 5028
4 2536 2444 126 2535
4 2454 4613 4042 5380
4 1688 5472 4912 5680
4 3684 171 717 4818
4 3418 4989 586 5231
4 814 813 812 4872
4 744 3740 193 5702
4 1442 1877 1935 4827
4 1537 1335 1219 5583
4 640 4336 4679 5647
4 1515 5120 1654 5672
4 2110 182 273 777
4 1306 1252 1793 5077
4 2903 2900 2109 4295
4 3706 3707 729 5220
4 3910 5228 4653 5663
4 1874 1926 1766 5027
4 634 5033 3521 5333
4 3880 4625 5173 5600
4 1262 1260 1261 5100
4 1588 1917 1890 5064
4 2388 2387 149 678
4 3917 4824 4093 5604
4 167 5160 5009 5636
4 4322 4753 3195 5536
4 4318 5325 4905 5414
4 497 4690 4260 5199
4 1844 1441 1770 4894
4 58 2745 2336 2746
4 976 834 938 5351
4 438 3058 2891 2104
4 2387 2614 3605 2389
4 2658 48 2193 2659
4 662 139 3571 4529
4 640 121 3539 5647
4 2523 2455 2456 4858
4 3939 5178 2430 5478
4 4010 5065 4259 5353
4 1875 1876 1284 4871
4 4185 5657 4349 5735
4 3595 5028 4522 5646
4 2502 2504 2503 5590
4 161 3661 700 5108
4 2422 173 2421 2420
4 2097 3416 2915 2510
4 1929 1818 1766 5410
4 2787 2600 2499 5135
4 2746 3341 2643 2852
4 3430 3429 588 5005
4 2819 2821 2590 631
4 1567 1570 1607 5509
4 2430 2648 2394 668
4 4114 3980 5075 5155
4 1772 1420 1934 4812
4 596 3450 3451 4782
4 628 4455 4968 5559
4 3310 3312 3309 5048
4 1510 1518 1415 5640
4 2511 2512 2408 5533
4 4109 5596 4844 5697
4 4191 4990 156 5437
4 1648 1627 1628 5279
4 3341 2746 56 2852
4 3641 3639 3642 4662
4 4159 5312 5020 5671
4 666 2649 2815 5045
4 1166 350 1096 5321
4 572 77 3402 2520
4 2427 5037 4186 5588
4 627 3501 115 5740
4 4658 4805 4104 5446
4 4258 4714 3865 5283
4 2453 30 2527 2528
4 715 2784 2424 2762
4 3243 492 3241 4840
4 3659 3660 707 5009
4 1193 2045 5469 5501
4 2871 327 1038 2949
4 4160 4453 4252 5195
4 3729 3727 3728 4733
4 1309 1322 1318 4943
4 2650 3511 2821 2213
4 499 3251 2453 4613
4 746 195 3738 4534
4 2819 2821 3510 2213
4 3480 3483 3482 5017
4 3469 5021 4315 5188
4 638 3524 3527 5632
4 3521 3522 3520 5033
4 4036 5005 3431 5236
4 3958 4780 4021 5268
4 3736 740 189 5241
4 116 4455 4979 5726
4 3840 4751 4102 5011
4 3605 2387 2389 3603
4 973 961 836 4380
4 4220 4455 4007 4968
4 2967 1184 395 5505
4 2536 2444 2537 643
4 1859 1433 1734 5252
4 4393 4687 3990 5554
4 595 90 3439 2341
4 2359 739 3726 4733
4 3635 5196 687 5498
4 4758 5312 4159 5671
4 2798 4246 5163 5525
4 618 2132 104 2197
4 642 3530 125 4972
4 608 3474 3475 4883
4 39 4806 3282 5545
4 859 854 853 4929
4 2652 523 3296 2654
4 2403 2405 2760 5058
4 3591 670 3594 5478
4 880 915 879 3999
4 2934 2071 2935 5014
4 2836 596 94 2835
4 118 2592 2819 5033
4 4551 4891 4123 5560
4 3864 4512 4120 5189
4 193 4268 4714 5633
4 748 4714 4268 5633
4 2339 2793 197 5670
4 3440 3438 2836 2341
4 2483 2482 2848 4980
4 614 107 3476 5259
4 1732 1371 1369 4975
4 1233 1235 1234 4946
4 815 979 817 4911
4 2523 2100 2884 5088
4 4611 4818 4066 5345
4 3546 4781 644 5553
4 1435 1387 1385 5629
4 2549 498 29 4840
4 974 762 964 5118
4 2351 4806 3974 5463
4 3751 3750 746 4648
4 1515 1613 1614 5120
4 1862 1524 1561 5085
4 2441 2443 2442 5653
4 2214 4328 5456 5730
4 4806 5463 3282 5545
4 3268 510 32 5287
4 1660 1659 1661 4877
4 4169 4988 4686 5679
4 145 4583 672 5646
4 107 4184 5350 5735
4 3658 3657 4604 5114
4 2379 4658 4104 5446
4 381 2010 1192 3085
4 2084 2886 2758 4953
4 700 3659 164 4551
4 3389 2082 2869 2647
4 3469 3471 603 5021
4 505 2764 34 4802
4 1946 1633 1545 5035
4 2082 2869 72 3389
4 2029 1587 1704 5729
4 2194 2742 2143 5105
4 4990 5437 4047 5451
4 1431 1873 1600 5148
4 796 804 794 4595
4 2213 2140 117 2816
4 3058 3141 438 2891
4 3112 2973 404 5303
4 1871 1680 1673 5705
4 1822 1823 1513 5575
4 2430 2648 141 2649
4 2403 2404 2405 5058
4 3093 3138 3002 5514
4 907 923 778 4816
4 3534 642 2444 3532
4 3279 515 3278 5041
4 89 4898 4727 5656
4 3287 3288 3286 4776
4 1264 1265 1266 5276
4 200 1045 944 1062
4 3985 5518 2205 5743
4 67 5071 4773 5551
4 3462 2201 3461 607
4 203 1059 943 927
4 1804 1434 1856 5665
4 3866 4931 4336 5594
4 2140 2138 630 4880
4 689 3626 3625 4990
4 2598 2599 2423 5256
4 3160 3175 3097 4251
4 168 709 3669 5253
4 1396 1397 1398 5034
4 2021 2022 1210 4888
4 2299 2301 2323 3366
4 1629 1554 1627 4865
4 2836 94 2840 2560
4 1061 1047 1034 4897
4 2782 4893 3988 5253
4 2507 2467 13 3201
4 2449 2570 2454 5417
4 2296 2295 2294 5453
4 701 4572 4038 5586
4 328 994 2949 5582
4 97 4915 4385 5021
4 3851 4640 4335 5401
4 2121 4048 4923 5374
4 614 4526 107 5259
4 3981 5269 4262 5508
4 536 54 2161 5664
4 3284 3283 3282 5463
4 732 3716 185 5711
4 2094 2960 2883 5632
4 72 462 570 2869
4 3877 4986 4274 5571
4 707 4551 5009 5560
4 256 789 2092 5193
4 155 687 4862 5498
4 2960 2863 2883 4225
4 1988 1625 1182 5097
4 4107 4030 4847 5581
4 2245 2794 2707 4850
4 3601 672 3599 5037
4 3258 3260 3257 4690
4 163 5057 4275 5108
4 645 3542 4717 4728
4 660 3575 3576 5045
4 786 4683 2857 4730
4 1899 1721 1900 4803
4 3948 5642 4184 5735
4 26 2453 499 3251
4 2394 2648 3582 668
4 1553 1628 1627 5279
4 68 4555 5251 5542
4 1196 1978 1603 4890
4 3000 3189 3103 4951
4 3197 468 3195 5536
4 3227 490 3228 5166
4 2726 69 2301 560
4 1551 1944 1609 5488
4 3514 4584 634 5694
4 3214 3211 4585 5383
4 3126 3062 2972 4069
4 4979 5694 119 5722
4 1100 1101 1160 5386
4 3506 2138 112 5455
4 75 567 3381 5700
4 519 3286 43 5439
4 1250 1252 1306 5077
4 2208 2555 96 606
4 3492 4798 4349 5187
4 2253 2421 2631 5366
4 2538 2102 2861 5571
4 3495 4259 4798 5187
4 542 3347 3345 5368
4 2944 256 2092 5193
4 720 3695 3697 5346
4 3278 4372 508 5328
4 737 3735 5241 5398
4 585 87 3424 5744
4 3267 5287 504 5296
4 592 4727 4465 4952
4 3757 755 3756 5283
4 1044 983 1001 5606
4 4062 4512 4203 5202
4 518 3298 3297 5431
4 2493 2942 2485 4885
4 2572 26 493 4956
4 4315 4385 3856 5021
4 2722 2901 2721 5038
4 48 2658 2193 5048
4 673 2715 2391 2389
4 33 4288 5328 5741
4 111 4562 622 5547
4 3035 3190 3128 5683
4 3806 4184 5642 5735
4 49 5019 4020 5527
4 472 9 3207 4560
4 3832 4222 4620 5673
4 3917 4093 4910 5604
4 1562 1622 2015 5424
4 2510 2097 583 2820
4 1597 1816 1893 5375
4 988 323 86 2097
4 1807 1894 1345 4892
4 1288 1924 1273 5434
4 901 777 961 4380
4 5005 5317 4898 5656
4 4135 4752 4307 5151
4 3544 647 3543 5016
4 520 3303 4527 4700
4 2413 2397 2399 5409
4 646 4781 4274 4986
4 708 3673 168 5462
4 1161 1158 1085 4756
4 2581 2875 2582 5068
4 2554 2514 2415 5186
4 3518 3519 627 5061
4 1678 2053 1679 5638
4 2439 2441 2440 5553
4 3513 3514 3512 4584
4 4032 4898 5317 5656
4 1139 1121 1120 5450
4 496 3242 3241 5260
4 4187 4198 3902 4791
4 1503 1559 1860 5391
4 2828 53 5370 5710
4 70 4735 562 4770
4 3542 4336 4717 4728
4 2464 2460 2461 4127
4 98 3455 601 5339
4 2203 2770 2210 5513
4 734 3714 3717 5026
4 2720 2719 181 4703
4 697 162 3645 5163
4 2526 2866 2531 4938
4 1964 1205 1960 5331
4 938 781 898 4015
4 987 1195 316 5678
4 4112 4837 4597 5010
4 165 4572 3650 5586
4 2126 2127 2128 4981
4 314 1039 986 5564
4 512 3270 2272 3271
4 32 2270 2272 3269
4 1515 1614 1654 5120
4 2636 2639 2737 5721
4 1962 1983 1636 5300
4 2367 2369 2487 4974
4 3974 5139 2276 5463
4 2269 2268 2270 4802
4 2617 2648 2815 666
4 941 4730 903 5081
4 1963 2060 1983 4814
4 1856 1857 1858 5025
4 3043 3046 3125 5302
4 4024 3871 5040 5313
4 2156 2207 2158 5635
4 577 82 2418 2510
4 2425 2257 2314 5356
4 2565 2564 5184 5736
4 2732 64 2323 4855
4 2758 2756 2885 5483
4 20 4300 4896 5401
4 1804 1377 1434 5665
4 2729 2732 2727 4855
4 2525 2888 2082 4994
4 934 915 878 4771
4 4211 4772 4743 4805
4 1940 1936 1660 5257
4 2549 2572 2528 3246
4 3238 4956 4081 5125
4 2665 2318 2664 5286
4 4032 5497 4587 5566
4 871 769 959 5014
4 3655 2428 703 4604
4 2358 190 2357 2359
4 1026 1029 1030 4774
4 1674 1440 1412 5692
4 2907 469 8 3192
4 1486 1485 1487 5415
4 3431 5005 4036 5195
4 3229 482 3226 5490
4 3456 5339 602 5407
4 2272 2271 32 510
4 493 2492 2452 5125
4 1770 1441 1940 5660
4 640 3539 4336 5647
4 997 1025 304 2054
4 2015 1956 2054 5424
4 1942 1507 1557 4958
4 3640 3642 692 4662
4 557 3378 3379 4555
4 2157 5048 4017 5294
4 3869 4560 4545 5274
4 1144 1148 1082 5708
4 1099 1100 1097 5386
4 3058 3176 3141 5301
4 134 2857 2115 2117
4 1838 1274 1276 5565
4 80 3411 2522 4745
4 79 4695 573 5476
4 3744 744 3742 5292
4 2381 2383 2607 5346
4 3500 3502 3501 5143
4 4073 3848 4427 4744
4 92 4465 599 4910
4 515 39 3282 5545
4 1575 1578 1892 5419
4 2470 475 2468 2467
4 1595 1414 1525 5411
4 384 2005 1181 2987
4 3362 3361 3364 4855
4 1767 1769 1924 5106
4 3981 4781 4274 5669
4 1975 2051 1681 5678
4 46 523 3296 2652
4 3850 4115 4551 5108
4 2312 2250 2254 5704
4 43 5388 4045 5431
4 1695 1432 1694 5087
4 1010 1008 1056 4852
4 3924 4689 4258 5283
4 2893 2763 2459 5675
4 2518 572 78 5343
4 2454 2529 2527 5380
4 4084 4280 3860 5551
4 1116 1101 1145 5069
4 1678 2051 1977 4959
4 3286 4776 4387 5439
4 3243 4840 24 5728
4 1738 1964 1799 5145
4 3636 3637 695 4549
4 3528 640 3531 5369
4 621 4671 4349 5735
4 2306 2305 2304 5317
4 1811 1810 1809 5046
4 3630 2168 2662 2166
4 4206 4913 4108 4987
4 2350 40 2656 2655
4 2735 4307 2931 5138
4 657 4851 4120 5189
4 2132 2133 109 2131
4 4017 5294 3962 5530
4 3488 621 107 5350
4 1502 1691 1500 5127
4 2852 56 3341 546
4 2667 2665 2664 5286
4 2449 4613 4152 5417
4 528 3314 3315 5527
4 404 2031 3112 5303
4 2536 122 2537 2883
4 494 3238 3240 4956
4 2695 2165 2189 5451
4 3078 3079 3081 5015
4 3246 2528 29 500
4 3649 3648 4572 5140
4 3031 3177 3030 5150
4 3731 741 4693 4711
4 1740 1738 1737 5440
4 2463 2719 181 2922
4 88 2306 5005 5317
4 1649 1949 1324 5182
4 3453 4237 600 5339
4 4007 4455 5061 5559
4 2427 2808 2741 5588
4 178 721 2074 5051
4 2443 2447 2546 5266
4 4062 4571 4512 5202
4 2352 2675 511 2680
4 1722 1366 1453 5098
4 3734 4243 742 5241
4 404 2973 1835 5303
4 1407 1409 1408 5004
4 105 4321 4798 5104
4 596 2835 2342 4782
4 4354 4938 653 5374
4 155 4862 4742 5498
4 2556 2557 2212 5309
4 3731 4693 4267 4711
4 3543 5016 4781 5553
4 1650 1662 1941 4967
4 2097 583 3416 2510
4 713 3674 3672 5366
4 1592 1950 1649 4907
4 2913 5690 2504 5691
4 4246 5057 3975 5163
4 693 5465 4467 5498
4 2461 4127 2460 4578
4 607 4823 3466 5389
4 1979 1965 1740 4612
4 2619 189 2620 4666
4 764 955 950 5644
4 3506 630 2138 4880
4 1799 1798 1738 5145
4 3144 3060 3125 5448
4 103 609 3465 5395
4 701 3663 3666 4850
4 2635 4746 2889 5677
4 794 945 2061 5450
4 2907 5536 4251 5580
4 2933 2768 2489 5297
4 1246 1244 1245 5587
4 1288 1874 1924 5434
4 3649 700 3648 5140
4 1038 1070 1063 4678
4 1698 1522 1523 5697
4 88 3438 589 2341
4 4321 4848 105 5657
4 4820 5042 3973 5443
4 2715 146 2614 2389
4 4132 5395 4823 5457
4 3100 4295 3143 4753
4 3213 13 473 5383
4 4244 4527 3982 4643
4 3679 717 3678 4944
4 2598 2422 2460 4578
4 3371 3369 554 5432
4 2921 178 2608 2074
4 3259 500 3258 4690
4 1643 1641 1637 5594
4 1894 1802 1895 5254
4 3659 707 4551 5009
4 517 2743 42 4776
4 3680 715 3681 4944
4 2561 4732 2840 5387
4 2478 2501 2479 4787
4 2705 2712 2713 4797
4 2839 2553 2786 5246
4 1866 1458 1687 4919
4 2652 524 46 4826
4 1975 315 1005 2047
4 98 601 2558 5339
4 3171 3048 5242 5613
4 1055 1064 987 5678
4 547 2745 3343 2643
4 4007 4968 4455 5559
4 1942 1943 1652 5739
4 3958 5268 4021 5718
4 3913 5065 4347 5547
4 4049 5456 155 5465
4 3591 5478 3592 5668
4 67 4916 4363 5071
4 4178 5045 2649 5178
4 738 3718 3721 4666
4 137 4654 660 5679
4 2813 2146 2205 5442
4 3964 5510 4521 5704
4 2354 2823 2568 5557
4 4047 4990 4191 5437
4 4305 5600 4625 5721
4 4254 4583 3930 5028
4 4732 4747 3442 5605
4 3650 702 3647 4572
4 3260 503 3257 5199
4 153 687 3635 5196
4 4132 4823 2711 5457
4 4572 5140 4038 5624
4 2137 2195 2135 4965
4 2222 2238 2239 4976
4 3892 4009 4549 5498
4 1236 1237 1238 5059
4 2158 2674 2160 4876
4 2341 3438 2836 2308
4 4235 4905 4081 5125
4 1832 1744 1833 5007
4 186 2361 2359 4733
4 2081 2909 2505 4251
4 1801 1423 1399 5358
4 2390 144 2389 2388
4 3536 3535 4456 4971
4 2389 2391 673 5028
4 2772 2255 2331 5681
4 1641 1540 1544 4931
4 4779 5079 3916 5650
4 3390 3392 571 2647
4 3017 3016 2996 5258
4 3300 47 525 5388
4 4732 3442 5387 5605
4 3211 479 4585 5383
4 608 2209 101 3474
4 44 520 4527 5519
4 2706 2244 2678 5403
4 3478 3479 4848 5259
4 932 963 845 5688
4 3725 2360 2357 3723
4 2909 2081 428 2969
4 2762 3681 715 4944
4 390 1994 1207 3103
4 3030 3029 3031 5150
4 2837 2561 2840 5387
4 1696 1994 1173 4764
4 4042 4586 4613 5417
4 3450 593 3449 4782
4 4299 5287 3967 5538
4 2600 2787 2423 5135
4 2444 3532 2541 2537
4 4763 5245 4196 5419
4 3185 3033 3165 4999
4 3668 4701 171 5737
4 533 3329 3331 5370
4 684 3623 3624 5451
4 93 4782 2342 5732
4 1217 1218 1626 5030
4 3742 748 3743 5633
4 744 193 3742 5633
4 3401 5341 4102 5343
4 2360 2619 3725 2357
4 1437 1405 1723 5630
4 496 4427 3254 4744
4 28 4744 503 5199
4 4075 4905 4235 5044
4 1053 1032 1028 5190
4 1684 1883 1884 5198
4 2804 2801 2214 5456
4 3331 536 5370 5664
4 1564 1972 1974 5329
4 1224 1634 1311 5091
4 549 3351 59 4600
4 2988 3151 3102 4764
4 1343 1792 1712 5314
4 3839 4639 4262 5269
4 4351 4639 3864 5189
4 3058 438 3140 2104
4 2093 2913 2506 5320
4 2875 333 2947 5068
4 3547 3550 651 5200
4 1733 1695 1992 5420
4 807 4683 808 5000
4 637 120 2543 5632
4 621 4349 4671 5187
4 2193 529 50 3319
4 1857 1856 1434 5025
4 2201 98 601 2558
4 2607 2463 176 2608
4 541 3343 2746 3341
4 478 3211 15 4585
4 2419 2253 168 2420
4 620 3487 2132 2131
4 4004 5033 4760 5333
4 3421 580 81 4598
4 3951 4640 4300 4719
4 2197 2203 2200 5474
4 144 2389 2388 678
4 2163 2164 2165 4869
4 2565 2566 2564 5736
4 3329 539 3330 5305
4 3421 4598 579 5040
4 3148 3012 3121 5477
4 3851 4335 3970 5401
4 4500 4586 501 5610
4 2303 560 70 4735
4 4084 5071 4773 5699
4 2216 2791 2796 5548
4 119 4760 634 5333
4 2061 1213 794 5450
4 785 4935 941 5081
4 1761 1449 1930 5306
4 111 4671 621 5350
4 2484 2719 2720 4703
4 4274 4971 646 4986
4 328 1033 994 5582
4 373 1125 2956 5708
4 1333 1338 1353 5074
4 1460 1459 1461 5352
4 903 4730 2115 5081
4 4512 5202 132 5621
4 897 1957 245 5562
4 1299 1319 1286 5032
4 1326 1325 1336 5713
4 2360 186 2361 2359
4 3399 567 75 4602
4 3591 4254 670 5478
4 492 3243 24 5728
4 176 2607 2920 5051
4 3234 490 3237 5217
4 2799 4790 4111 5201
4 3585 670 3586 5167
4 3551 3552 3554 4923
4 3506 112 624 5455
4 3148 3121 2985 5477
4 874 211 767 5501
4 3296 3293 2655 2654
4 2625 2624 2731 5141
4 490 5166 22 5217
4 2596 2892 2073 4632
4 897 5109 1957 5562
4 2272 512 3271 2675
4 1795 1342 1791 5161
4 1027 1028 1026 4774
4 545 3340 3338 5138
4 3132 3122 3055 5111
4 1601 1603 1602 4866
4 2359 2360 186 739
4 2463 726 2608 2922
4 2116 130 2115 655
4 2444 3534 3532 2537
4 2796 2620 2776 4666
4 2553 2839 2416 5246
4 171 4701 4611 5737
4 4233 4979 3518 5061
4 3858 4455 4234 4979
4 2643 547 2745 2324
4 1135 1119 1079 4379
4 2249 2762 2584 4944
4 585 3417 3418 4989
4 1861 1860 1559 5391
4 3897 4541 4424 5101
4 2989 3037 3036 5151
4 1179 774 245 5562
4 92 4699 3436 4952
4 2615 2912 2085 4721
4 3420 3419 583 4989
4 2817 2941 3749 751
4 4453 4465 3446 4727
4 2593 21 2597 2329
4 2093 426 2976 5320
4 1005 987 316 5678
4 3550 3549 650 5445
4 2265 2329 2263 3223
4 3500 5143 3501 5740
4 2866 2857 134 2117
4 584 322 988 2097
4 3409 3412 3411 4745
4 942 207 928 1153
4 2821 3511 3508 3510
4 690 2167 157 2168
4 3300 3298 3299 5388
4 1528 1895 1802 5254
4 3275 5413 4829 5581
4 3106 569 3179 2995
4 3322 4876 3321 5470
4 3404 3401 574 5343
4 116 628 4455 4968
4 2668 2192 2837 5651
4 2201 2202 607 2198
4 537 3322 3321 5470
4 2170 2694 4662 5201
4 973 924 972 5284
4 268 932 845 2103
4 2650 2138 112 2213
4 159 693 3634 5465
4 61 2852 546 5138
4 2545 613 106 2130
4 5166 5324 3229 5490
4 2485 2452 2491 5125
4 5034 4084 5358 5685
4 2427 2807 2808 5588
4 3242 4840 3241 5260
4 2363 2364 2365 5162
4 1367 1366 1365 5055
4 2452 4956 493 5125
4 3097 4251 2081 5536
4 641 4722 4263 5553
4 637 3525 120 5632
4 3179 569 3106 5341
4 1853 1897 1528 5124
4 2108 2940 2818 4331
4 3075 3143 3100 4295
4 2172 2694 2215 5525
4 1439 1588 1890 5662
4 3688 3689 718 4578
4 4045 4804 4392 5388
4 2193 2724 3317 3319
4 2480 2481 2482 5723
4 2491 2493 2485 4885
4 2819 2590 118 631
4 2548 2224 500 4690
4 1930 1928 1761 5306
4 3593 668 141 5478
4 2754 481 3216 4939
4 570 462 463 2869
4 3734 3736 3735 5241
4 1602 1603 1604 5515
4 3495 3493 623 5187
4 3459 3460 3458 4947
4 2094 1079 4379 5632
4 2888 565 74 2647
4 76 4751 575 5341
4 2875 992 333 5068
4 2357 2311 190 2358
4 279 895 2908 5593
4 1064 5511 987 5678
4 475 5332 3206 5460
4 314 1189 1039 5564
4 2623 4147 4555 5497
4 783 240 1990 5576
4 903 786 291 4730
4 3284 38 512 5463
4 704 3666 3665 4850
4 803 4851 941 4935
4 986 1039 1007 5564
4 1450 1380 1771 5192
4 3512 3515 633 5694
4 3507 629 3505 4880
4 3089 3091 3087 5274
4 171 4611 4818 5737
4 170 709 2784 2783
4 3900 4528 4315 5188
4 75 4550 4602 5700
4 522 2671 2350 4984
4 2324 2295 4623 4815
4 1245 1243 1294 5062
4 2550 2221 2552 5503
4 2889 2635 2634 4746
4 1742 1834 1744 4985
4 2775 2751 2219 5718
4 1792 1667 1712 5314
4 3265 3268 3267 5287
4 4279 4944 171 5345
4 2047 314 986 5564
4 4467 5465 4742 5498
4 2860 4224 2747 5103
4 2115 2083 130 2116
4 2573 2771 2785 5695
4 2263 2265 3224 487
4 2828 2724 53 2659
4 1720 1875 1851 5734
4 1675 1881 1682 4895
4 2002 1619 1514 5067
4 3150 3013 568 2995
4 2138 4880 3968 5455
4 534 5019 3315 5527
4 3694 4805 4658 5346
4 3891 4679 4336 5647
4 2971 2073 3141 5301
4 608 2218 2209 4883
4 3324 4876 54 5464
4 19 4576 4158 5324
4 1331 1329 1330 5429
4 485 3221 3219 4896
4 3205 3203 470 5460
4 3253 495 3255 5414
4 4427 4905 4075 5044
4 2150 2206 2152 4983
4 831 830 833 4077
4 2570 2449 2446 5417
4 2434 2810 2592 4957
4 2617 2398 2396 661
4 1448 1785 1784 5083
4 1083 371 2090 5277
4 658 4683 4938 5676
4 697 2215 160 2797
4 2507 474 2109 2905
4 497 3260 4690 5199
4 3278 4458 4372 5328
4 1452 1780 1931 5153
4 2253 5366 4018 5462
4 2245 4850 4362 5586
4 3917 4237 4824 5171
4 2543 2541 120 2537
4 3324 538 4876 5464
4 3087 3145 3086 5006
4 2741 2388 2427 5037
4 4090 4201 3856 5021
4 3701 2608 2922 2921
4 3516 4455 628 5061
4 2893 2459 2761 5675
4 164 4891 4551 5560
4 4717 5357 4016 5647
4 4574 5040 4213 5608
4 2098 2895 2723 5654
4 4526 4981 2128 5259
4 683 4499 3614 4837
4 3544 3545 641 5553
4 3393 3394 573 5476
4 4770 4987 3370 5432
4 853 767 210 5469
4 70 559 2300 4770
4 2208 606 101 4947
4 2353 2764 2268 4802
4 2776 2184 2182 5181
4 2709 2783 2782 5253
4 4203 5202 4512 5621
4 1533 1902 1906 5093
4 624 3500 4298 5143
4 1302 1308 1309 4970
4 4009 4862 4376 5196
4 3336 542 3333 4903
4 2990 3069 3147 5522
4 2724 2242 536 2161
4 550 63 3346 5194
4 1232 1233 1231 4992
4 2467 2470 3200 3199
4 4372 4458 3278 5041
4 510 32 2272 3269
4 1521 1520 1353 5215
4 732 4666 3718 5548
4 3373 3374 555 5551
4 2273 2274 2275 5139
4 3293 3296 523 2654
4 3381 3382 3383 4994
4 3752 3750 3751 4648
4 1486 1487 1488 5415
4 3509 632 3510 2213
4 3990 5217 4820 5554
4 3847 4198 4187 4655
4 1180 2040 1918 5534
4 491 3234 3235 5554
4 1561 1560 1564 5096
4 541 3336 3334 4903
4 3607 3609 3608 4721
4 3265 4299 509 5287
4 2279 2281 2325 5129
4 2493 2876 2873 4739
4 1702 2004 1169 5644
4 2192 2668 2669 5651
4 925 844 912 5425
4 2300 66 3365 2299
4 3897 5101 4424 5489
4 140 5008 4505 5601
4 945 929 1154 5450
4 3557 2117 133 656
4 126 2438 644 4781
4 2821 2812 114 625
4 2754 2261 481 4939
4 590 3431 3432 5236
4 2242 2724 53 2828
4 4349 4671 3901 5735
4 935 917 828 5001
4 817 816 815 4911
4 2411 3604 680 2387
4 3991 4500 4103 5355
4 4486 4743 3863 4772
4 3143 3077 3091 4182
4 625 2821 2812 2650
4 1080 1160 1147 5689
4 2388 149 2387 2386
4 15 479 3210 5489
4 704 165 2245 2795
4 2329 2593 21 488
4 146 673 2614 2389
4 1494 1496 1748 5319
4 238 1995 852 5611
4 2748 2375 2484 4882
4 1187 2057 1970 4634
4 58 2745 2746 3343
4 3942 5000 4571 5676
4 31 4500 501 5610
4 554 3357 3360 4916
4 2307 4699 4032 5317
4 4299 5296 36 5512
4 550 62 3356 4623
4 3013 3012 3148 4525
4 2132 109 2133 2563
4 2926 782 932 5688
4 1372 1374 1775 5377
4 4259 4798 4091 5353
4 4123 3850 4551 5009
4 2176 2738 165 4572
4 165 2176 4572 5586
4 3487 3486 2132 2130
4 3485 619 2130 2131
4 2386 149 2387 2385
4 1305 1910 1914 5080
4 2512 2945 2752 5533
4 2488 2790 3749 3748
4 4820 5042 4393 5554
4 373 1082 1125 5708
4 1989 1204 1986 4530
4 553 3360 3358 4916
4 2894 2596 2073 4632
4 600 4947 3460 5309
4 3453 3455 3456 5339
4 3538 643 126 4986
4 2915 3413 2462 2510
4 578 4937 4301 5608
4 3194 470 3191 4921
4 645 4717 4426 4728
4 1799 1964 1847 5331
4 2543 4208 2959 5632
4 3420 583 2820 4989
4 4208 4379 1079 5632
4 712 4440 172 5131
4 125 2442 2541 4972
4 39 5041 4847 5537
4 4243 4540 3954 4900
4 3641 3642 3640 4662
4 3920 4674 4643 5602
4 3852 4244 4193 4700
4 3402 569 3403 5341
4 3689 4578 3686 5609
4 2605 2933 2489 5297
4 4091 4259 3855 4798
4 1332 1684 1349 5531
4 3621 3619 685 5730
4 3898 4576 4283 5042
4 110 3490 619 5344
4 3477 3476 3478 5259
4 739 3729 3726 4733
4 1173 1992 1696 4764
4 3868 4525 4011 4695
4 3506 3505 630 4880
4 3192 469 3194 4921
4 3251 3249 494 4613
4 3637 4549 3638 5498
4 3719 737 4666 5526
4 2675 38 511 2680
4 513 4847 4458 5581
4 577 3413 3414 2510
4 3137 3155 3004 4897
4 2747 56 2746 2852
4 3460 4947 96 5309
4 429 3097 2081 5536
4 3330 5370 5305 5664
4 3932 4817 4128 5649
4 4269 4527 520 5519
4 925 974 844 5425
4 679 2614 2615 4721
4 2303 2304 2305 4735
4 38 511 2680 4829
4 4815 5194 3346 5368
4 2856 2113 2522 4745
4 598 4782 3452 5604
4 2679 2706 2678 5403
4 3442 4747 597 5605
4 2784 709 2419 2783
4 4263 3981 5016 5553
4 90 595 3443 5387
4 2817 2488 2790 3749
4 3045 3046 3043 5302
4 3627 152 2167 2166
4 2691 2242 2695 5370
4 2444 126 2438 644
4 3054 3056 3058 4856
4 4085 3978 5041 5537
4 2224 2548 2204 4690
4 1074 1141 1092 5373
4 3507 628 4968 5559
4 4262 4639 3839 5200
4 23 4820 490 5554
4 3095 2009 382 5522
4 3868 4602 4525 4695
4 1582 1583 1948 5652
4 713 4676 172 5609
4 2917 2964 377 1091
4 567 4338 4994 5700
4 2339 197 2793 2790
4 3254 4744 4427 5414
4 2129 2131 110 2562
4 3657 698 3655 4604
4 192 4900 744 5292
4 3591 4254 5478 5668
4 1881 1189 1682 5564
4 1383 1385 1384 5169
4 3174 3182 3055 4953
4 3203 3204 477 5541
4 833 4077 830 5220
4 1957 1179 245 5562
4 904 1198 238 5611
4 3231 23 491 5591
4 3341 3343 2746 2643
4 178 721 2608 2074
4 2511 2941 2080 4648
4 1281 1282 1280 5500
4 151 683 4837 5599
4 2064 359 1155 1089
4 2212 2555 96 2208
4 3408 578 3405 4937
4 3149 3057 3084 5084
4 3489 3490 3488 5350
4 53 2724 2242 536
4 2652 3296 524 2655
4 2796 4666 4100 5548
4 897 245 774 5562
4 3568 656 3567 4938
4 4059 4522 4696 4754
4 3250 4613 3252 5380
4 2093 2910 426 5320
4 1154 1120 2061 5450
4 2812 114 2435 2821
4 2153 2151 2152 5385
4 4198 4600 3350 4655
4 3218 482 3215 4939
4 2378 2380 2379 5446
4 3898 5042 4283 5591
4 3467 3466 3465 5395
4 90 589 2341 5236
4 1335 1538 1539 5304
4 2360 184 2618 733
4 2396 2397 138 2398
4 2387 680 2411 2385
4 2364 2702 2366 5114
4 27 501 3255 5414
4 3954 4627 4243 5641
4 4263 5016 641 5553
4 1152 377 2964 1091
4 3406 577 3408 4937
4 1986 395 1184 5505
4 901 961 973 4380
4 1938 1515 1654 5672
4 404 1835 2031 5303
4 653 3569 3567 4938
4 4421 4818 717 5345
4 3661 4551 700 5108
4 4158 3229 5324 5490
4 3216 481 3218 4939
4 833 830 835 5220
4 658 135 4683 5676
4 4233 4979 4074 5694
4 2453 2449 2454 4613
4 1563 1481 1479 4995
4 2009 2010 382 5522
4 2670 5236 4558 5387
4 1128 371 1083 5277
4 3691 3690 3692 5051
4 2323 2701 64 2732
4 2911 2088 2547 5689
4 1184 1858 1986 5505
4 678 2388 144 3601
4 1671 1870 1358 5310
4 636 3528 3529 5703
4 694 4662 3639 5649
4 423 2964 3003 3153
4 2710 102 2202 2198
4 580 4745 3409 5155
4 3409 4745 81 5155
4 874 2044 211 5501
4 3451 3449 3452 4782
4 65 4637 5086 5631
4 3228 3227 5166 5324
4 3259 3258 3257 4690
4 1987 1555 1860 5132
4 2360 2362 186 733
4 3964 5191 4808 5667
4 752 3759 3760 4624
4 3922 4996 4944 5345
4 4821 5289 3960 5740
4 1105 1107 1109 5327
4 4152 4613 4586 5417
4 2007 1181 2005 5006
4 4511 4604 163 5636
4 2738 702 165 4572
4 22 488 3237 5217
4 3625 688 156 5437
4 3484 3485 619 2130
4 42 2743 2750 5431
4 508 3265 3267 5296
4 584 3415 85 2954
4 3853 4247 4172 4668
4 658 4683 135 4730
4 2738 2174 160 4572
4 2581 2582 2575 4801
4 2608 176 2920 5051
4 104 2132 2196 2197
4 2783 2784 170 2584
4 4654 5518 3985 5743
4 3179 568 3013 2995
4 2583 2209 2222 5363
4 776 939 906 4839
4 2117 2115 134 655
4 131 650 4935 5200
4 3480 3482 3481 5017
4 2867 373 2956 5708
4 537 3326 51 4642
4 2130 106 2128 2129
4 2317 2841 2812 5143
4 3512 633 4948 5694
4 3135 1152 341 3153
4 742 3727 4733 5523
4 2907 469 3192 4921
4 409 1170 2998 5707
4 499 3252 4613 5380
4 2435 4117 4584 5362
4 2046 853 210 5469
4 240 891 1176 5576
4 2348 2684 2685 5152
4 733 2362 186 5026
4 3720 3721 3718 4666
4 2451 2509 2844 4618
4 1988 1182 1747 5097
4 4125 5187 5065 5547
4 470 4921 4348 5645
4 4024 3871 4598 5040
4 3214 3213 3211 5383
4 3206 5460 5332 5541
4 3749 2941 198 751
4 2589 2785 2236 5607
4 2359 190 2357 739
4 1195 2051 1975 5678
4 1683 1886 1889 5568
4 2806 2802 2433 5154
4 2288 2725 2349 5273
4 1808 1330 1320 5170
4 3932 4246 4817 5201
4 1960 1175 1847 4908
4 575 4751 4102 5341
4 63 551 3352 4655
4 1061 298 1047 3155
4 922 817 981 5216
4 4049 4742 4467 5465
4 1640 1631 1558 5371
4 808 4683 4730 5000
4 1714 1489 1487 5658
4 3609 3610 3608 4721
4 3063 3144 3180 5569
4 168 2419 2420 3675
4 2510 583 82 2820
4 4073 4744 4427 5260
4 2867 1082 373 5708
4 501 3249 3250 5610
4 2157 2657 2155 5048
4 2474 2506 2792 4652
4 1040 1977 317 5511
4 3939 5601 5178 5668
4 2483 2480 2482 5723
4 2642 2643 61 2645
4 4292 4782 593 5732
4 4979 5333 635 5726
4 1688 1686 1598 4912
4 874 767 855 5501
4 5327 5552 4177 5616
4 2198 98 2201 2191
4 750 2497 192 5292
4 3445 4465 592 4727
4 2571 2770 2417 5126
4 1429 1878 1697 4941
4 54 2159 2160 4876
4 998 1062 319 2063
4 3946 5563 4366 5674
4 673 146 2715 2389
4 707 3663 164 5560
4 190 2311 2357 5241
4 1472 1471 1473 5614
4 3051 3054 3052 5715
4 3552 3551 652 5621
4 1401 1423 1826 5229
4 3045 3047 3156 5264
4 4112 4696 4313 5556
4 1670 1549 1554 5714
4 2357 2356 189 740
4 1371 1373 1372 5179
4 2159 2161 54 2160
4 2608 176 2607 2920
4 2346 2345 2343 5261
4 1215 1217 1957 5109
4 3059 3124 2997 4908
4 2773 2500 2820 4989
4 3521 3520 635 5333
4 805 795 931 4963
4 4244 4527 3301 4700
4 511 3273 34 5413
4 3696 725 181 4658
4 895 279 819 5593
4 2902 2630 2906 5435
4 181 728 2922 2720
4 3759 3758 3760 4624
4 2135 2565 2133 5184
4 714 2421 2253 5366
4 2209 2202 101 2208
4 726 176 3697 5346
4 279 2904 819 5593
4 1426 1350 1709 5399
4 1668 1667 1666 5018
4 925 867 980 5136
4 1643 1644 1642 5378
4 2151 2190 2750 5431
4 852 904 238 5611
4 2116 2524 130 649
4 1400 1763 1818 5047
4 2063 944 208 1211
4 4297 4610 3947 4989
4 4455 4968 4220 5726
4 526 46 4826 4914
4 4272 5234 5427 5436
4 2673 2805 2430 5178
4 2661 5019 2659 5527
4 2361 2362 186 2360
4 521 3292 3291 4984
4 1198 1995 238 5611
4 3862 4267 4176 4693
4 3351 3349 543 5706
4 2061 1120 1963 5450
4 1000 2963 337 1059
4 3532 642 2444 2541
4 269 2926 782 932
4 121 4679 640 5703
4 3931 5009 4123 5160
4 3678 717 171 5345
4 4551 4123 5009 5560
4 4690 4736 3905 5199
4 2491 5125 2492 5728
4 1785 1786 1787 5724
4 32 2269 2271 2270
4 3328 55 539 4668
4 174 715 2424 2762
4 1728 1201 1729 5233
4 2618 2362 2360 733
4 2619 3725 3722 2360
4 3100 3143 2977 4753
4 482 4939 4366 5674
4 2498 2588 2817 745
4 669 3583 3586 5717
4 2350 2671 522 2655
4 2428 2368 2366 4604
4 1340 1268 1270 5232
4 2903 3213 476 5383
4 2724 3320 3319 2159
4 502 3250 3252 5380
4 501 4500 3255 5414
4 2559 2557 2560 5171
4 3453 3456 603 5407
4 2083 2524 130 2116
4 1575 1892 1574 5419
4 1229 1228 1230 5222
4 2342 2835 2777 4782
4 2905 8 474 5536
4 2619 189 3725 2357
4 359 2064 2017 1089
4 976 938 850 5406
4 2308 2309 2307 4699
4 2520 77 463 2869
4 93 4699 3434 5732
4 1376 1378 1855 5147
4 2907 2081 4251 5536
4 809 807 808 5000
4 3552 3554 4923 5621
4 16 4896 2778 5549
4 71 3376 561 4673
4 2009 1606 2010 5522
4 522 2350 40 3290
4 148 4356 4630 5599
4 2396 667 2394 3582
4 744 5292 4540 5633
4 2949 2065 328 5582
4 37 2273 2272 510
4 2134 620 2133 2131
4 2848 2491 2492 5728
4 523 3298 42 5431
4 764 950 886 5644
4 1283 1284 1282 5095
4 1134 1164 1138 5376
4 203 1059 927 1044
4 2158 2159 50 4876
4 691 2662 158 4790
4 2119 2524 2116 649
4 240 1176 1990 5576
4 4048 5374 5202 5621
4 2175 2174 2176 4572
4 3168 3106 3001 5341
4 1365 1363 1429 5540
4 1257 1293 1259 5158
4 1135 1079 1124 4208
4 240 783 891 5576
4 2257 2313 2314 5356
4 2711 2187 2199 5457
4 2738 160 2174 2215
4 3749 2790 2817 3748
4 2125 2221 2127 5392
4 3311 3312 3310 5048
4 2130 619 106 2129
4 3734 3735 743 5398
4 2048 1609 1945 5321
4 110 2131 620 4930
4 2847 2493 2491 5661
4 2296 2294 2700 5453
4 1365 1429 1693 5540
4 2138 2140 630 2213
4 1511 1715 1714 5036
4 667 2395 142 5167
4 1600 1599 1431 5516
4 2906 2765 2344 5175
4 2428 4604 2366 5114
4 3410 581 3412 5190
4 20 4709 4640 5401
4 1032 1053 999 5190
4 3326 4247 4642 4668
4 3143 4322 2977 4753
4 3522 3523 3520 5033
4 716 2460 2422 4578
4 3587 664 137 4686
4 2301 70 2302 2303
4 3219 4896 484 5401
4 547 2745 4815 5368
4 3633 3634 3632 5465
4 3253 4427 495 5414
4 3662 4275 5009 5108
4 1181 2009 383 3095
4 3363 4855 3361 5555
4 2218 102 2202 2710
4 2130 2132 3487 2131
4 3088 3089 3087 5274
4 3525 3524 3526 5632
4 2022 1819 1820 5687
4 2547 2845 2911 5689
4 2350 40 2755 2656
4 3024 3025 3023 5122
4 2170 4662 2240 5201
4 4331 4534 4083 5634
4 555 3357 5071 5631
4 2395 667 2394 2396
4 548 2643 2642 2324
4 2929 2928 2077 5118
4 2245 2738 165 2176
4 1096 1084 1097 5321
4 3743 5633 4138 5670
4 3592 3591 3593 5478
4 574 5275 78 5343
4 3139 3014 3010 5075
4 2103 2926 932 5688
4 1291 1301 1298 5225
4 328 2065 1033 5582
4 191 743 3731 4693
4 2747 5103 4224 5573
4 1345 1838 1276 5565
4 2910 2093 2506 5320
4 125 2440 2541 2442
4 484 4896 3222 5549
4 502 5380 4736 5610
4 862 883 780 5052
4 3084 3057 3151 5084
4 4923 5374 4048 5621
4 3452 3449 599 5604
4 804 797 800 5280
4 2205 2144 2814 5518
4 2738 165 3654 2795
4 2829 2319 2825 5561
4 4154 3994 4984 5519
4 943 2963 253 793
4 3076 3074 3078 5165
4 742 5523 4733 5641
4 3047 3045 3042 5264
4 3669 3670 3668 5253
4 677 3602 3600 5037
4 2274 5139 37 5463
4 149 680 2387 2385
4 3978 4847 4458 5041
4 716 2420 2422 2424
4 3672 5131 4096 5366
4 641 4722 4972 5369
4 595 94 2840 2836
4 2253 714 168 2420
4 148 4630 4356 5625
4 3065 425 2976 5690
4 2231 2229 2716 5060
4 279 2908 2904 5593
4 269 2926 932 2103
4 2048 1084 350 5321
4 1672 1552 1592 5133
4 1457 1719 1456 5197
4 4298 5143 3500 5740
4 2790 192 2497 2498
4 945 2061 252 794
4 2274 37 2272 512
4 2940 2818 4331 4648
4 2497 2793 2716 5670
4 498 2549 24 4840
4 519 3303 41 4700
4 3292 522 3290 4984
4 1938 1939 1516 5157
4 2117 2526 133 656
4 1207 1996 1879 4951
4 683 4630 4499 4837
4 3174 3055 3054 5715
4 4728 5016 4173 5669
4 2593 2329 2265 488
4 589 2341 2744 2306
4 2273 510 37 5287
4 481 2263 2329 3223
4 2453 4613 2454 5380
4 523 2190 4914 5431
4 2418 577 2462 4937
4 624 3504 4880 5559
4 2528 2453 30 499
4 2829 2718 2319 5561
4 2907 2472 469 4921
4 2675 38 2351 5463
4 167 4710 5160 5636
4 2170 2240 2694 5201
4 3576 3578 666 5045
4 3854 4271 4169 4686
4 2941 3752 751 4648
4 1727 1728 1726 5379
4 3516 4979 4455 5061
4 4112 4313 3861 5556
4 4781 5016 3981 5553
4 2852 61 2643 2645
4 2545 2196 613 2130
4 2795 2245 704 2794
4 2449 2453 2450 4613
4 4427 4905 495 5414
4 1999 1569 1608 5402
4 2356 189 740 5241
4 2452 2572 2492 493
4 173 714 2421 2420
4 2704 2334 2277 5495
4 2999 3075 3100 4295
4 1497 1821 1513 5524
4 2641 2324 2295 4623
4 3032 3027 3030 5049
4 2869 72 462 2082
4 665 3578 3577 5045
4 4178 5045 3985 5442
4 2128 2545 106 2130
4 2805 2811 2649 5178
4 2301 2303 2726 560
4 1128 2876 371 5277
4 54 4876 2160 5464
4 2754 4939 3216 5589
4 2541 3532 120 2537
4 480 3222 3220 5549
4 110 4930 622 5344
4 1384 1420 1382 5693
4 3558 2117 2116 3557
4 543 3335 4903 5573
4 601 2212 2201 2558
4 10 2468 2471 2470
4 2352 505 2270 2764
4 1139 1154 929 5450
4 882 960 789 5193
4 409 3072 1959 5707
4 4424 4545 3869 4560
4 800 931 804 5280
4 2154 2156 2155 5530
4 1070 1015 1043 5337
4 3093 2064 378 3154
4 4548 4600 59 5706
4 2386 2427 2388 5037
4 2507 13 2467 2903
4 2905 2977 429 5536
4 1597 1893 1890 5375
4 1530 1748 1749 5475
4 2558 2201 98 2191
4 193 4714 748 5633
4 2498 2790 192 3746
4 189 2356 2619 2620
4 1889 1357 1352 5117
4 944 792 208 1211
4 3463 2201 2208 3461
4 50 2158 2157 2159
4 3275 4847 513 5581
4 3004 3155 422 2062
4 3637 3638 693 5498
4 4131 4509 4020 5527
4 2120 128 4923 5508
4 1425 1837 1381 5230
4 1045 926 200 944
4 2992 3140 439 2886
4 2209 101 2223 2208
4 2498 2817 3746 745
4 817 940 981 5216
4 3067 3098 3146 5320
4 79 3398 573 4695
4 4204 4600 3847 4655
4 2590 2435 2404 4584
4 2131 110 2562 4930
4 3449 3451 3450 4782
4 2584 2784 170 2762
4 2538 2861 2535 4986
4 625 2812 114 5143
4 471 3193 4921 5580
4 726 176 2463 2608
4 2463 4658 2379 5346
4 2915 584 3416 2097
4 166 2795 2794 2702
4 2094 2883 122 5632
4 2440 125 644 5553
4 2412 2601 2602 5159
4 2138 2140 2139 4880
4 2797 697 2215 2798
4 2148 2146 2813 5442
4 2815 2649 2813 5045
4 1793 1796 1908 5248
4 2463 2379 2381 5346
4 3927 5259 4526 5543
4 1271 1273 1272 5177
4 2360 3725 3724 3723
4 2546 2447 2547 5266
4 3410 3412 4745 5190
4 2590 2435 114 2821
4 2442 2546 2542 4972
4 3549 649 130 5445
4 2309 4092 4699 5732
4 3332 3330 538 5664
4 2797 703 162 2428
4 1478 1479 1480 5364
4 487 18 2263 2264
4 1975 316 1195 5678
4 767 1193 210 5469
4 130 649 2524 5445
4 2275 2274 2276 5139
4 93 596 2836 2342
4 4598 4774 4024 5744
4 3378 563 3377 5542
4 3729 3728 3726 4733
4 552 4916 3359 5631
4 2563 2565 2564 5184
4 2764 2352 34 2831
4 1303 1304 1310 5493
4 18 2262 2263 2264
4 2654 2652 523 2190
4 623 3496 3499 5547
4 483 3217 4939 5589
4 1960 1847 1964 5331
4 4650 4700 4193 5439
4 2913 2502 5507 5691
4 3502 5143 114 5362
4 2987 3087 3086 5006
4 24 5125 492 5728
4 638 4379 3524 5632
4 559 3368 70 2301
4 2766 2767 2587 5418
4 141 2648 2430 668
4 3145 3091 3077 4182
4 2798 2797 162 2753
4 2272 2273 2271 510
4 2526 2118 133 2121
4 561 3373 67 5551
4 3551 3554 3553 4923
4 592 89 3448 4727
4 857 854 859 4929
4 94 2836 2835 2560
4 2422 3687 173 716
4 2810 136 2617 2815
4 1138 928 207 1153
4 3553 4923 128 5508
4 4103 4744 4667 5199
4 23 490 3234 5554
4 204 1154 945 929
4 1604 2039 1212 5514
4 5296 5328 4076 5741
4 1135 1124 1113 4208
4 1363 1364 1362 5270
4 3510 632 2819 2213
4 2308 2306 88 2307
4 1791 1785 1787 5724
4 3664 3665 3663 4850
4 2796 2619 184 2618
4 2778 16 2754 2329
4 2496 2647 74 2646
4 2528 30 2527 2548
4 3030 3161 3032 5049
4 1928 1342 1824 5219
4 1815 1489 1714 5658
4 2342 596 2836 2835
4 710 3680 3678 4944
4 3754 748 193 4714
4 628 3507 3504 5559
4 31 4736 5355 5610
4 2647 571 74 2646
4 632 3509 117 2213
4 93 2308 2309 2342
4 2009 1605 1606 5522
4 2309 4699 93 5732
4 4434 3914 4722 5369
4 2243 2692 2139 5130
4 2623 2726 2303 4555
4 499 30 2528 3248
4 500 2548 2528 2224
4 2170 157 2169 2168
4 3912 4735 4913 5542
4 2840 90 595 2341
4 2916 2963 337 1000
4 2648 2815 666 2649
4 29 2549 2849 2224
4 3866 4336 4173 4728
4 2168 2170 692 2240
4 2263 2262 18 2261
4 1195 987 5511 5678
4 2549 2492 24 2850
4 2324 547 2745 4815
4 3848 4103 4500 4744
4 26 2453 2572 499
4 658 4938 3570 5676
4 44 3291 520 5519
4 2047 1189 314 5564
4 2675 512 38 5463
4 2120 4923 4095 5508
4 2886 2889 2758 5677
4 2274 2276 5139 5463
4 2921 2922 182 2110
4 2774 2826 2188 5207
4 2120 2118 128 2119
4 4098 4818 4611 5737
4 2798 5163 697 5525
4 1473 1474 1472 5614
4 1099 1101 1100 5386
4 2892 2595 2633 5282
4 54 2160 2161 5464
4 697 2215 2798 5525
4 658 135 3560 4730
4 2131 110 619 2129
4 3500 3503 3502 5143
4 484 3233 20 4709
4 2593 488 2267 5217
4 1560 2036 1564 5096
4 3727 741 3728 5523
4 78 3396 571 5275
4 481 2263 2261 2754
4 1437 1723 1724 5630
4 3532 120 642 2541
4 1029 1028 1057 4774
4 4227 5251 3912 5542
4 2303 4555 560 4735
4 3319 50 2193 2159
4 3593 141 5178 5478
4 3521 5033 3520 5333
4 3846 4453 4160 4727
4 1846 1952 1743 5112
4 2903 476 2466 5383
4 1543 1547 1546 5578
4 736 3719 3720 5526
4 2061 1213 252 794
4 81 4598 580 5155
4 130 2115 655 5081
4 4545 5580 471 5645
4 4030 4829 5413 5581
4 1170 1959 1831 5707
4 567 4994 3381 5700
4 3553 648 4923 5508
4 500 2528 29 2224
4 28 4667 4744 5199
4 137 4988 4654 5679
4 3601 3602 678 5037
4 8 2507 2907 2905
4 2498 4900 192 5292
4 3380 562 70 4735
4 1195 317 1977 5511
4 2812 5143 3960 5362
4 28 3254 503 4744
4 598 3444 94 4732
4 409 2998 3072 5707
4 1313 1240 1916 5323
4 888 770 839 5620
4 592 4952 3436 5656
4 2681 2194 2679 5263
4 1957 1966 1179 5562
4 2419 168 709 3675
4 3565 3564 3563 5189
4 3563 3566 3565 5189
4 4027 5194 4815 5368
4 2754 2327 2261 4939
4 2460 716 2424 4578
4 184 4666 2796 5548
4 2197 5017 4106 5474
4 2341 589 88 2306
4 484 4709 20 5401
4 726 181 3700 2922
4 647 3542 127 4728
4 178 721 3701 2608
4 4023 4687 4393 5591
4 133 2118 2117 3557
4 3406 2462 577 4937
4 2983 3184 3049 5233
4 683 3615 3616 5599
4 2518 78 571 2646
4 3668 5253 4701 5737
4 2656 2755 2677 4776
4 437 3141 2971 2073
4 2518 78 2646 2409
4 3363 3361 556 5555
4 527 4471 4643 5602
4 646 4971 3536 4986
4 3646 3643 696 5525
4 1185 2008 2012 5281
4 3305 527 3306 5602
4 1222 1221 1220 5180
4 3732 187 741 4711
4 3636 3635 4549 5196
4 3182 3174 2992 4953
4 598 5171 4782 5604
4 2876 2090 371 5277
4 2578 2577 2579 5029
4 3334 3335 540 5573
4 135 5000 4683 5676
4 2526 4938 4354 5374
4 2786 2223 2583 5363
4 895 819 822 5593
4 2599 2065 2949 5582
4 1588 2041 1917 5064
4 2176 165 2245 5586
4 1683 1323 1886 5568
4 4847 5041 3978 5537
4 3436 4699 3433 5656
4 4178 3985 5045 5612
4 2411 680 150 4950
4 468 3192 3193 5580
4 3276 3275 513 5581
4 2635 2889 2104 5677
4 3600 3599 676 5532
4 942 795 297 2961
4 3434 3436 593 4699
4 679 3604 150 2614
4 2129 619 106 4981
4 4083 5240 4331 5634
4 1771 1382 1420 5693
4 3613 3611 675 5556
4 4074 4948 4233 5694
4 867 925 923 5136
4 1005 316 1975 5678
4 1797 1341 1262 5520
4 987 1040 317 5511
4 524 45 2672 2655
4 3216 3217 480 5589
4 32 2270 3261 4802
4 941 808 4730 4851
4 737 188 5268 5526
4 1166 2048 350 5321
4 2541 2542 120 4972
4 2470 2471 10 2472
4 1823 1863 1513 5575
4 3656 705 3657 5636
4 672 3599 5037 5532
4 64 3362 2323 4855
4 2739 2486 2927 5212
4 660 3575 5045 5612
4 2492 2572 24 493
4 812 784 806 5285
4 3996 4947 4166 5218
4 2522 80 2521 2462
4 4254 4505 3939 5668
4 1965 1979 1168 4612
4 3639 3641 695 5649
4 3416 3414 2915 2510
4 1546 1547 1548 5578
4 1679 1193 2045 5469
4 1590 1869 1868 5619
4 3737 3736 3734 5241
4 1036 992 1056 5068
4 4563 5589 483 5674
4 1607 1209 2003 5164
4 167 3660 705 5009
4 725 3711 3712 4703
4 2328 2468 14 2467
4 3417 578 3419 4989
4 3660 5009 4551 5108
4 3845 4458 4372 5041
4 3918 4548 4903 5573
4 4543 5033 4004 5333
4 1098 1102 1103 5719
4 4037 4732 5387 5605
4 2591 2590 118 2819
4 621 5350 4671 5735
4 4598 4024 5040 5744
4 3605 3604 2614 2387
4 2264 2265 22 2266
4 3918 4548 4343 4903
4 2355 2709 2708 5598
4 2247 2310 2497 5292
4 4234 4979 4455 5726
4 2165 4590 4869 5451
4 4937 5090 3943 5608
4 3577 3575 664 5612
4 731 4750 4436 5220
4 1147 1101 1116 5069
4 1603 1978 2039 4890
4 987 317 1195 5511
4 2614 2912 146 2715
4 824 969 965 4998
4 2891 3141 2073 5301
4 4198 4659 3902 4791
4 1509 1413 1746 5354
4 3506 3504 3507 4880
4 467 3152 3005 2962
4 2509 2066 2948 5082
4 2190 2153 2651 4914
4 536 53 3331 5370
4 2633 2333 2634 5538
4 3913 4298 4881 5622
4 3330 4278 538 5664
4 2420 2422 173 716
4 4034 4987 4770 5432
4 2783 170 709 5253
4 188 737 5268 5398
4 42 2743 2654 2750
4 2062 1956 1214 4897
4 130 5081 650 5445
4 4274 4781 2535 4986
4 3441 3442 597 5605
4 475 14 3206 5332
4 4087 5388 4392 5709
4 3196 12 473 4753
4 3373 4673 4280 5551
4 1026 1025 997 5050
4 1844 1765 1418 5412
4 3032 3165 3033 5698
4 1118 1079 1119 4379
4 4186 5037 4013 5588
4 1754 1843 1756 5208
4 641 124 4722 5369
4 4032 5317 4699 5656
4 1180 1611 2043 4922
4 2678 2743 2677 4776
4 3423 4774 4598 5744
4 3540 123 645 4717
4 627 115 4821 5740
4 94 4732 2560 5171
4 70 562 3372 4770
4 806 786 807 4683
4 4211 4436 3863 4772
4 665 3593 5178 5668
4 3065 2914 425 5690
4 1959 1170 409 5707
4 3689 3686 719 5609
4 724 177 3708 4772
4 2392 2673 2430 5478
4 3506 624 4880 5455
4 75 3381 4994 5700
4 2849 2549 29 4840
4 2497 750 2790 5670
4 4074 5694 4979 5722
4 2634 2759 2757 5213
4 2204 2203 2210 5513
4 1152 3135 341 1136
4 628 113 3519 5061
4 23 4820 5042 5324
4 593 3434 4699 5732
4 1180 2041 1611 4922
4 1323 1308 1655 5365
4 3932 4128 5031 5649
4 3359 3357 555 5631
4 1607 2005 1209 5164
4 3666 3663 3665 4850
4 1620 1618 1969 5733
4 3222 3219 3220 4896
4 4114 4745 3980 5155
4 2016 998 319 2063
4 4658 4805 4029 5346
4 3673 714 2253 5366
4 475 14 2468 2467
4 735 3716 3714 5711
4 2921 3698 3701 727
4 3502 626 3501 5740
4 1016 1012 1014 5271
4 2529 2530 2851 5543
4 757 931 928 5376
4 856 858 855 5239
4 2501 2503 2955 5433
4 1385 1387 1386 5629
4 630 3511 112 2213
4 104 612 5017 5474
4 4640 4709 4335 5401
4 2087 2870 2957 4835
4 1321 1652 1943 5739
4 1673 1573 1571 5671
4 4745 5155 580 5190
4 3589 4686 4271 5008
4 4331 5240 4785 5634
4 2407 2842 2457 5326
4 3876 4703 4380 4750
4 3597 3595 675 5646
4 2118 2116 2117 3557
4 1320 1328 1319 5288
4 686 3621 154 5730
4 3734 5241 3735 5398
4 3411 576 3409 4745
4 2247 2228 2248 5466
4 1622 1956 2015 5424
4 2422 2460 716 2424
4 765 965 969 4998
4 3265 5287 3267 5296
4 4347 4930 3913 5547
4 3133 3131 3025 5473
4 3576 666 2815 5045
4 4637 5071 3926 5631
4 2781 2465 2585 5002
4 2867 2956 2516 5708
4 3330 5305 4278 5664
4 2542 2958 2544 4830
4 3461 3463 2201 3462
4 3249 4613 3250 5610
4 4782 4910 3449 5604
4 3333 3335 3334 4903
4 1058 1016 1014 5271
4 3061 3063 3111 5569
4 1938 1654 1595 5672
4 3913 4562 4298 5622
4 665 3592 3593 5668
4 487 2265 22 2264
4 2888 2082 565 2647
4 1314 1762 1901 5504
4 290 291 786 2857
4 4026 5167 4116 5717
4 487 18 2264 5490
4 3351 4600 4198 5706
4 659 3570 3569 5676
4 670 143 3586 5717
4 3633 5456 4790 5465
4 1861 1990 1176 5576
4 3203 4165 5460 5541
4 47 5602 4674 5709
4 712 3672 3671 5366
4 3436 3433 592 5656
4 1146 1109 1095 5616
4 5295 5389 602 5395
4 1608 1569 1566 5479
4 3546 646 126 4781
4 851 973 972 5284
4 694 3633 158 4790
4 3284 3281 3283 5463
4 4328 4869 3622 5730
4 590 4558 5236 5387
4 2493 2847 2950 5661
4 2651 4826 4914 5709
4 3248 3246 2528 3247
4 499 30 3252 5380
4 4434 4679 3914 5369
4 2074 2920 2919 5051
4 2963 2111 253 793
4 2561 2559 2560 4732
4 1636 1638 1962 5300
4 3358 3357 3359 4916
4 663 3573 3571 5679
4 706 5114 4710 5636
4 602 5295 99 5407
4 2622 2354 2568 5557
4 3684 711 171 4818
4 1388 1389 1390 5338
4 22 2265 488 5217
4 4893 5253 3668 5737
4 1606 1605 1574 4795
4 3179 3168 3011 5341
4 2444 2438 126 2535
4 1846 1845 1436 5404
4 2371 2370 2372 5390
4 1352 1356 1355 5449
4 492 4840 3243 5728
4 4356 4950 3919 5599
4 738 2619 2796 4666
4 691 2662 4790 5456
4 3907 4862 4328 4869
4 3901 4671 4349 5187
4 3191 3193 3192 4921
4 2426 2618 2791 5548
4 3298 3300 3297 5388
4 105 615 3494 4798
4 4186 4013 5037 5532
4 2675 38 2680 4829
4 2240 4790 2799 5201
4 4780 5268 188 5526
4 2817 194 2941 751
4 694 5201 4662 5649
4 3266 3268 3265 5287
4 806 289 290 2079
4 3489 4981 5344 5350
4 1630 1311 1946 5742
4 157 2167 690 4990
4 652 3565 4512 5189
4 784 288 289 2868
4 422 3004 2062 1214
4 2031 1835 1745 5303
4 2680 4829 511 5413
4 4914 5388 3299 5431
4 1470 1853 1468 5496
4 3954 4540 4606 5702
4 803 941 785 4935
4 4275 5057 4146 5108
4 244 245 1179 774
4 24 4840 2850 5728
4 3453 5339 3456 5407
4 643 4456 2536 4986
4 4167 4548 4600 5567
4 1050 1069 5231 5438
4 1537 1219 1624 5583
4 3740 3738 747 5702
4 2502 2792 2913 5507
4 559 3365 3368 2301
4 2654 2190 523 5431
4 2462 2522 80 2915
4 140 5601 4505 5668
4 2094 2537 122 2883
4 287 286 2884 913
4 2216 2180 2707 5416
4 3745 3743 749 5670
4 1759 1824 1293 5458
4 111 623 5187 5547
4 2745 58 2336 5368
4 3488 3490 3491 5350
4 2737 2283 2636 5721
4 2518 571 3392 2647
4 2908 2603 2904 5593
4 168 2253 2419 5462
4 185 4768 4854 5711
4 960 858 856 5239
4 248 249 1958 894
4 3150 3018 3117 4338
4 2411 2615 150 2614
4 2300 4770 559 5432
4 3863 4077 4486 4772
4 2754 481 16 3216
4 2850 24 2549 4840
4 1232 1297 1663 5574
4 1015 1042 1043 5337
4 3675 2420 3677 2784
4 1995 1198 1823 5611
4 2961 795 297 2114
4 83 5040 579 5608
4 1737 1738 1435 5440
4 1687 1688 2038 5472
4 2753 2368 2428 4604
4 2532 2533 2439 5550
4 162 2798 2753 5163
4 194 2817 2588 745
4 171 4818 711 5737
4 2332 2632 2595 5349
4 4471 4826 3920 5602
4 2046 210 1193 5469
4 2821 2819 3510 631
4 3505 3506 3507 4880
4 3405 3407 3406 4937
4 2644 2642 2641 4623
4 211 1193 767 5501
4 1120 2061 342 1154
4 3568 3569 3570 4938
4 2522 2856 582 2915
4 2116 2118 3556 3557
4 3215 3217 3216 4939
4 1154 204 1139 929
4 249 250 1202 773
4 2647 74 2888 2496
4 615 4798 4321 5657
4 783 240 239 1990
4 945 1154 2061 5450
4 639 3540 3539 5647
4 2887 2760 2455 5367
4 2240 158 4790 5201
4 835 946 833 5220
4 750 2497 5292 5670
4 86 583 3416 2097
4 3668 171 711 5737
4 595 2840 4732 5387
4 2536 2537 122 643
4 620 2131 2134 4930
4 550 63 5194 5615
4 475 2468 14 5332
4 3502 5362 626 5740
4 550 3348 62 4815
4 417 416 2985 1182
4 3336 3333 3334 4903
4 748 4714 3756 5283
4 2310 4540 4900 5292
4 664 137 4686 5612
4 476 2466 14 2467
4 3213 2903 13 5383
4 3288 3287 517 4776
4 484 4335 4709 5401
4 102 610 3466 4823
4 4876 5464 538 5470
4 579 4598 4574 5040
4 192 2498 745 4900
4 1090 1153 360 2961
4 474 2507 8 2905
4 3678 3681 3679 4944
4 3200 3202 2467 3201
4 3199 3200 2467 3201
4 2922 2719 181 2720
4 1052 1003 1001 5606
4 2280 2350 2671 4984
4 3150 3013 3020 4525
4 3466 5389 4823 5395
4 2475 2473 2474 5459
4 3651 3654 3653 2797
4 526 46 3308 4826
4 3220 3219 3221 4896
4 933 964 762 5118
4 2938 2587 2767 5418
4 3187 3025 3024 5122
4 4721 4754 3893 5010
4 2608 721 176 5051
4 3211 3213 3212 5383
4 3912 4913 4227 5542
4 1677 1678 1679 5638
4 5178 5601 4178 5668
4 3863 4436 4077 4772
4 2312 2254 2338 5704
4 1679 2045 1677 5638
4 4233 4821 4089 5061
4 1583 1582 1580 5652
4 514 3274 38 4829
4 1571 1570 1568 5312
4 2138 2650 112 5455
4 3649 696 161 5140
4 725 4658 3694 4805
4 180 3694 724 4805
4 2608 3701 178 2921
4 3358 3360 3357 4916
4 2510 82 2418 2773
4 559 66 3365 2300
4 905 287 288 2100
4 4727 4898 4071 5656
4 3455 3453 3454 5339
4 2945 2512 2092 5193
4 808 807 786 4683
4 3233 4709 4283 5591
4 1215 246 247 776
4 2976 2093 5320 5690
4 673 3605 2614 2389
4 1245 1247 1246 5587
4 2093 2976 425 5690
4 1097 1102 1098 5719
4 1207 1879 1997 4951
4 4659 4791 4198 5706
4 11 471 3191 5645
4 282 281 2898 902
4 3192 3194 3191 4921
4 2724 3318 3317 3319
4 119 635 4979 5333
4 2359 3729 739 4733
4 78 571 2646 5275
4 4030 5581 5413 5725
4 3677 715 2784 2424
4 2468 10 475 2470
4 419 418 3107 1620
4 1398 1399 1400 5685
4 2076 286 285 775
4 1174 1708 2021 5393
4 2267 2266 2268 5217
4 83 579 3405 5608
4 3861 4291 4499 5556
4 3544 641 5016 5553
4 2093 2504 2913 5690
4 3698 728 182 2922
4 2650 112 3511 2213
4 3291 3290 3289 4984
4 151 683 3612 4837
4 2652 4826 46 4914
4 2350 3290 522 4984
4 4288 3845 4458 5328
4 869 911 967 5240
4 2517 2518 572 2520
4 2623 2305 2337 5497
4 2892 2635 2891 5301
4 22 3227 487 5166
4 1725 1826 1827 5394
4 136 3576 2815 5743
4 242 241 818 1984
4 2903 2507 13 2109
4 4143 4630 4499 5625
4 2536 126 2444 643
4 1035 990 1072 5231
4 967 936 869 5240
4 4531 4655 4187 5444
4 1752 1754 1755 5468
4 1061 1034 302 2062
4 280 281 779 2069
4 3078 3158 3076 5165
4 3317 529 2193 3319
4 1553 1554 1549 5714
4 726 4658 2463 5346
4 2301 2299 3365 3366
4 460 461 2996 2525
4 2543 2542 2544 4830
4 3405 3406 3408 4937
4 587 3423 3424 5744
4 895 278 279 2908
4 3569 3568 3567 4938
4 2438 126 2535 4781
4 2662 154 3630 2166
4 2248 2356 2311 5241
4 3218 3215 3216 4939
4 283 282 2895 908
4 64 2299 2323 3366
4 2939 2878 2503 5590
4 3464 3467 3465 5395
4 632 118 2819 5033
4 3420 3418 3417 4989
4 1944 1945 1609 5488
4 483 3215 19 5674
4 105 612 3479 4848
4 3137 1047 298 3155
4 2470 2467 2507 3199
4 459 460 3016 2099
4 2656 3287 40 4776
4 2795 3653 3654 2797
4 1662 1231 1234 5539
4 2659 2661 2660 5019
4 2167 690 4990 5451
4 4037 5387 4558 5605
4 3171 3047 3048 5613
4 415 414 2984 1199
4 31 5355 4500 5610
4 4096 5131 4018 5366
4 1337 1358 1326 5579
4 2652 2672 524 4826
4 2462 577 2418 2510
4 4505 5008 4136 5601
4 660 136 4957 5743
4 660 4654 5612 5743
4 1615 1616 1581 5250
4 2129 619 4981 5344
4 3228 5166 490 5324
4 2817 2818 194 2588
4 1963 2061 342 1120
4 2983 411 410 1201
4 1710 1580 1577 5480
4 2019 230 231 771
4 2615 2614 2912 4721
4 3681 3678 3680 4944
4 529 48 2193 5048
4 351 350 1096 1166
4 3631 3632 3634 5465
4 2440 125 2444 644
4 318 317 1040 1977
4 4004 4543 5333 5726
4 3527 3524 3525 5632
4 680 2411 2385 4950
4 2266 22 5166 5217
4 897 966 776 5109
4 3141 437 2891 2073
4 745 2498 2588 4900
4 1510 1415 1509 5640
4 3594 3593 3591 5478
4 3033 3028 3032 5698
4 1072 1050 5231 5438
4 120 2541 2543 2542
4 2396 2648 3580 3582
4 3025 3188 3133 5473
4 2167 4990 2689 5451
4 3678 4944 717 5345
4 2343 2342 2777 5732
4 2863 1090 360 2961
4 3540 4717 4336 5647
4 2288 2290 2289 5494
4 456 455 2101 3096
4 243 244 1968 896
4 3264 3261 505 4802
4 870 857 930 5421
4 416 415 3110 1625
4 2120 2119 128 5508
4 364 365 1081 2544
4 5071 5551 555 5631
4 590 5236 90 5387
4 119 5333 4979 5722
4 2113 467 3005 2962
4 759 229 228 2021
4 2611 2850 2849 4840
4 2336 2746 2699 4903
4 1548 1944 1551 5094
4 3600 3601 3599 5037
4 3052 3054 3055 5715
4 33 5296 4656 5741
4 3044 3048 3047 5613
4 2694 2240 2799 5201
4 3106 463 464 2520
4 903 291 292 2115
4 2921 182 273 2110
4 1193 5469 767 5501
4 2907 4921 3192 5580
4 3550 650 5200 5445
4 4009 4742 4862 5498
4 2168 3630 3627 2166
4 1280 1807 1278 5628
4 1130 354 353 1190
4 2472 2907 2505 4921
4 3121 418 417 1969
4 2490 2359 2361 4733
4 458 459 2994 2854
4 4640 4687 4023 4709
4 237 236 765 1998
4 2393 2395 2601 5167
4 247 248 1183 906
4 2662 2240 158 4790
4 4168 4876 3322 5470
4 4280 4673 3860 5551
4 951 857 870 5421
4 2389 673 144 5028
4 3627 3628 3630 2168
4 1563 1819 2022 5687
4 457 456 2629 2993
4 2054 1197 2015 5050
4 245 246 1957 897
4 1025 305 304 1197
4 536 2242 53 5370
4 2535 4781 126 4986
4 2740 2929 2487 5384
4 4009 3857 4549 5196
4 3577 3576 3575 5045
4 3991 4586 4500 5610
4 1680 1871 1327 5705
4 889 227 226 2023
4 2790 750 197 5670
4 2503 2096 2955 5433
4 526 5388 4914 5709
4 4773 5071 4084 5551
4 2441 2445 2443 5653
4 1718 1719 1460 5584
4 2560 2557 2835 5171
4 82 2510 2820 2773
4 2705 2885 2756 5483
4 2556 2555 2494 5309
4 2329 16 481 3223
4 740 190 2357 5241
4 3942 4571 4354 5676
4 2189 2167 2689 5451
4 546 2852 5103 5138
4 3991 4500 5355 5610
4 2197 104 5017 5474
4 2467 476 2466 2903
4 3292 3290 3291 4984
4 34 2831 2352 5413
4 1917 2041 1918 5680
4 3419 3420 3417 4989
4 225 224 888 2026
4 574 5275 4769 5476
4 2765 2626 2337 5566
4 362 363 1079 2094
4 413 412 2981 1178
4 3589 664 4686 5008
4 121 640 3528 5703
4 455 454 2859 3026
4 2004 234 235 764
4 235 236 1169 886
4 708 5366 3673 5462
4 3098 3067 2976 5320
4 919 976 948 5406
4 819 279 280 2904
4 533 5305 3329 5370
4 409 408 2998 1170
4 465 466 3015 2855
4 903 2115 292 5081
4 3987 5268 5241 5398
4 558 3362 3364 4855
4 1608 1566 2003 5479
4 3999 4648 4331 4785
4 2352 2680 511 5413
4 2723 2893 2098 5654
4 454 453 2070 2975
4 2543 120 637 2537
4 238 237 852 1995
4 284 283 2098 766
4 3112 3169 2973 5303
4 2466 2328 14 2467
4 3070 3138 3071 5546
4 457 458 3119 2078
4 2357 2356 740 5241
4 1060 320 999 2962
4 2463 181 726 2922
4 490 5166 4820 5324
4 787 975 899 5281
4 2028 222 223 837
4 490 4820 5166 5217
4 2538 2862 4456 4986
4 2772 2256 2255 5681
4 4081 4956 2452 5125
4 4024 5438 4610 5744
4 2271 510 2273 5287
4 1039 314 313 1189
4 423 2964 2112 3003
4 2815 2810 136 5743
4 2572 493 2452 4956
4 1318 1810 1302 5577
4 3378 3377 4555 5542
4 2359 2490 2766 4733
4 241 240 891 1176
4 310 311 1165 984
4 3122 2967 3104 5505
4 169 708 3667 4893
4 2262 2264 18 5490
4 3183 3171 3048 5242
4 2931 449 448 3108
4 2915 2954 584 2097
4 744 4900 4540 5292
4 805 295 296 2853
4 1631 1966 1626 5623
4 2300 2663 4770 5432
4 323 86 2097 2952
4 293 294 890 2858
4 369 368 2066 1075
4 285 284 2890 872
4 371 372 1083 2090
4 1970 306 307 1031
4 4269 4527 3852 4700
4 786 808 4683 4730
4 1956 302 1034 2062
4 32 510 2271 5287
4 660 3576 136 5743
4 5295 5339 3986 5407
4 1609 2048 1166 5321
4 2856 999 320 2962
4 2876 2950 2090 5277
4 1604 1212 2014 5514
4 2030 220 221 778
4 2850 2492 24 5728
4 3528 4972 3529 5703
4 3577 3578 3576 5045
4 3243 3244 498 4840
4 763 277 278 2085
4 3656 5114 706 5636
4 461 462 3117 2082
4 3993 4840 4309 5260
4 2996 3117 3018 4338
4 587 4774 3423 5744
4 526 3299 46 4914
4 414 413 3109 1954
4 589 2744 2341 5236
4 2886 3140 439 2104
4 22 487 2264 5166
4 1642 1644 2058 5378
4 2883 2862 2536 4456
4 2921 274 178 2074
4 2161 2162 2163 5464
4 2508 2903 2466 5383
4 622 4930 4562 5344
4 2008 233 234 899
4 3510 3511 3509 2213
4 3601 3600 3602 5037
4 2034 218 219 883
4 732 185 4854 5711
4 2536 4456 2862 4986
4 420 419 2982 1191
4 2537 2094 122 5632
4 1639 1943 1557 5595
4 4935 5081 2083 5445
4 2512 2944 2092 5193
4 3601 678 2388 5037
4 2800 4790 2662 5456
4 2309 93 2342 5732
4 2165 4869 2164 5730
4 2300 2718 2663 5432
4 4259 4349 3855 4798
4 900 230 229 1174
4 2390 2389 144 5028
4 88 2307 2306 5317
4 1978 357 358 1131
4 2430 141 668 5478
4 3920 4674 5602 5709
4 4286 4642 3853 4668
4 471 4921 3191 5645
4 4057 4604 4511 5636
4 275 274 2074 781
4 2648 3580 3582 3581
4 352 351 1126 1973
4 3654 165 2738 702
4 4336 4717 4016 5647
4 2214 2662 154 5456
4 2921 274 273 876
4 2980 3125 3060 5448
4 783 892 891 5576
4 451 450 2086 2989
4 2948 2845 2509 5082
4 2818 2941 194 4648
4 332 331 2089 993
4 2196 2200 2316 5474
4 4630 4837 683 5599
4 4275 3850 5009 5108
4 2118 654 128 3556
4 592 89 4727 5656
4 2223 4947 101 5363
4 2390 2392 2391 5028
4 355 356 1967 1104
4 3618 682 150 4950
4 4077 4772 4436 5220
4 429 2081 2905 5536
4 4201 5066 4126 5188
4 1144 1095 1109 5616
4 622 110 3498 4930
4 292 2083 293 5081
4 325 324 2870 990
4 167 707 3660 5009
4 453 452 2730 3115
4 2892 2633 2635 5282
4 410 409 3072 1959
4 3739 744 192 4900
4 2719 2377 2379 4658
4 483 4939 3215 5674
4 2801 2800 2662 5456
4 119 5694 4760 5722
4 644 4781 2438 5553
4 2045 1193 1612 5501
4 78 2646 2409 5275
4 860 217 216 2037
4 22 2264 2266 5166
4 841 838 843 5626
4 3970 5401 4335 5549
4 2218 2209 2202 608
4 450 449 2735 3036
4 2018 231 232 846
4 2597 2778 486 4896
4 3377 71 562 5542
4 197 750 3745 5670
4 829 228 227 1210
4 3148 3020 3013 4525
4 96 4947 2555 5309
4 2161 5464 2163 5664
4 111 622 3496 5547
4 370 369 2873 1127
4 2526 2121 133 5374
4 536 2242 5370 5664
4 3858 4979 4233 5061
4 3619 3620 684 4869
4 2044 1193 211 5501
4 4036 5195 4558 5236
4 4259 5065 4125 5187
4 1083 1162 1128 5277
4 2032 1564 1974 5329
4 3180 3111 3063 5569
4 561 4673 3373 5551
4 4112 3861 4499 5556
4 810 808 941 4851
4 136 2810 2617 4957
4 3858 4455 4979 5061
4 2434 2398 2617 4957
4 3324 3323 535 4876
4 452 451 2924 3118
4 4551 5009 3850 5108
4 2974 407 406 2024
4 184 738 3722 2619
4 744 4540 4900 5702
4 494 3240 26 4956
4 3862 4693 4296 4711
4 119 4760 5333 5722
4 2562 2317 2134 4930
4 2915 3414 3413 2510
4 3724 739 2360 3723
4 4019 5332 4165 5541
4 2440 644 2438 5553
4 533 52 5305 5710
4 714 2253 2421 2420
4 469 2470 2472 2907
4 3270 3269 2272 3272
4 3603 3605 2387 3606
4 3415 3414 2915 3416
4 3414 3415 2915 3413
4 2593 3236 21 488
4 4848 5259 615 5657
4 2444 2438 2440 644
4 1094 1092 1141 5373
4 250 251 1953 796
4 433 434 2978 2897
4 2803 2804 2697 5716
4 239 238 904 1198
4 2360 3725 3722 3724
4 412 411 3049 1729
4 226 225 758 1167
4 2103 2927 2926 5688
4 2193 2157 529 5048
4 1073 1138 1164 5376
4 2073 2892 2891 5301
4 2324 4623 62 4815
4 1704 1589 1705 5492
4 3138 2965 3071 5546
4 4166 4947 2223 5363
4 2064 378 1212 3093
4 726 3700 3699 2922
4 242 243 1200 772
4 2810 4957 136 5743
4 3877 4971 4274 4986
4 3171 3183 3114 5242
4 3473 610 3475 4883
4 3553 648 3551 4923
4 4549 5196 3635 5498
4 2538 2536 2862 4986
4 2409 78 5275 5343
4 2914 2093 425 5690
4 2555 4947 3996 5309
4 2104 2889 2886 5677
4 265 266 881 2930
4 294 295 791 2102
4 5332 5460 4165 5541
4 3179 3106 3168 5341
4 292 293 785 5081
4 601 2212 2558 5339
4 2467 2507 3199 3201
4 2549 498 3245 3246
4 263 264 769 2934
4 1617 1618 1620 5733
4 533 3316 3313 5527
4 151 682 3615 5599
4 2796 2618 184 5548
4 742 191 5523 5641
4 4499 4837 4112 5556
4 47 526 3306 5602
4 430 429 2905 2977
4 3517 119 635 4979
4 794 929 945 5450
4 4683 5000 3942 5676
4 3377 562 4735 5542
4 3221 486 3220 4896
4 3489 614 106 4981
4 328 329 1033 2065
4 2274 512 2675 5463
4 2680 2831 2681 5413
4 4499 4630 3984 4837
4 2608 2074 721 5051
4 4262 5200 3938 5445
4 898 275 276 2919
4 502 3250 5380 5610
4 127 645 3536 4971
4 2266 5166 4820 5217
4 113 627 3519 5061
4 2976 3066 3065 5690
4 3113 400 399 1965
4 555 5071 67 5551
4 2265 2267 2593 488
4 3507 4968 4880 5559
4 1994 390 391 2988
4 1203 223 224 770
4 157 3626 689 4990
4 1213 2061 1963 5450
4 70 2300 2302 4770
4 3673 5366 2253 5462
4 3339 56 540 5103
4 2123 2322 2551 5720
4 536 2161 2242 5664
4 435 436 3127 2894
4 408 407 3116 1830
4 499 4613 2453 5380
4 552 65 5086 5631
4 1107 1148 1109 5327
4 552 5086 4916 5631
4 2658 2657 2193 5048
4 4349 4798 4259 5187
4 98 2201 607 2198
4 3260 3257 4690 5199
4 484 5401 4896 5549
4 903 785 941 5081
4 2492 5125 24 5728
4 550 3346 4815 5194
4 2418 2462 2410 4937
4 848 276 277 2918
4 110 619 2129 5344
4 2852 2931 5103 5138
4 2196 104 2197 5474
4 2562 4562 4930 5344
4 216 215 884 1208
4 136 3572 660 4957
4 385 386 1209 3099
4 4315 5021 4201 5188
4 365 366 1111 2088
4 2923 272 271 901
4 3315 3314 3316 5527
4 89 588 3429 5005
4 3506 4880 2138 5455
4 853 854 767 5469
4 4002 5275 4364 5476
4 3006 421 420 1955
4 2778 2597 2779 4896
4 4057 5160 4710 5636
4 2689 2169 2832 4990
4 1177 221 222 887
4 322 584 2954 2097
4 157 2169 2167 4990
4 404 405 1835 2973
4 528 3315 48 5019
4 2468 5332 475 5460
4 344 345 1194 1123
4 703 4604 2428 5114
4 405 406 1186 3101
4 1185 232 233 787
4 647 3544 124 5016
4 2748 2925 2749 5655
4 3621 4869 3619 5730
4 3671 3673 708 5366
4 3912 5251 4555 5542
4 2166 2164 2214 5730
4 4387 4776 3935 5439
4 273 272 2110 777
4 97 603 3471 5021
4 2821 3511 3510 2213
4 448 447 2075 2972
4 3717 186 734 5026
4 39 515 3279 5041
4 75 4602 567 5700
4 2867 374 373 1082
4 392 393 1991 3050
4 4916 5071 3357 5631
4 2420 714 168 3675
4 2461 174 2424 2762
4 2310 4900 2498 5292
4 1048 1022 1020 5666
4 399 398 2968 1168
4 1076 353 352 1976
4 3734 4243 5241 5398
4 660 5045 3576 5743
4 3370 71 561 4987
4 2812 2435 114 5362
4 126 646 3538 4986
4 432 431 2900 2999
4 2502 2478 2792 5507
4 2619 2620 2796 4666
4 2940 2080 2818 4648
4 4505 5601 3939 5668
4 8 2905 2907 5536
4 2075 2860 2747 5103
4 403 404 2031 3112
4 261 260 2108 885
4 398 397 3041 1980
4 2504 2939 2503 5590
4 3459 606 3460 4947
4 1206 219 220 907
4 2223 2553 2555 4947
4 505 2270 2764 4802
4 3913 5547 4562 5622
4 2652 2651 4826 4914
4 3580 2648 3579 3581
4 2656 2743 517 4776
4 3453 4237 5339 5407
4 2133 2563 109 5184
4 3649 161 700 5140
4 3917 5171 4824 5604
4 383 384 1181 2987
4 2051 1195 1977 5511
4 3627 2167 152 690
4 3942 4354 4938 5676
4 2971 3141 3176 5301
4 270 269 2926 782
4 3120 434 435 2107
4 499 2453 30 5380
4 21 2597 2329 486
4 3136 301 300 1046
4 395 394 3104 1986
4 3552 4923 3551 5621
4 138 2398 2397 5409
4 574 4769 5275 5343
4 1997 388 389 3000
4 4578 4620 3921 5609
4 2462 80 3413 2915
4 780 218 217 1171
4 2119 2235 2437 5508
4 671 140 3589 5008
4 2991 444 445 2865
4 607 3467 98 5389
4 202 201 983 756
4 340 339 1074 2965
4 396 395 2967 1184
4 360 361 1090 2863
4 3719 4666 3720 5526
4 2419 709 168 5253
4 2198 2710 102 4823
4 2971 436 437 2073
4 106 2128 2129 4981
4 152 2167 2165 5451
4 3367 2301 69 560
4 2191 2198 98 5389
4 4583 5028 672 5646
4 2819 2816 632 5033
4 1878 1569 1999 5402
4 2160 4876 4005 5464
4 22 490 3227 5166
4 2654 523 42 5431
4 2592 2814 2816 5033
4 2878 376 375 1087
4 550 4815 4623 5615
4 526 4826 3306 5602
4 322 323 988 2097
4 2990 3147 3095 5522
4 4604 5114 3657 5636
4 2409 5275 4769 5343
4 1963 342 343 1120
4 3502 3501 5143 5740
4 982 299 300 2966
4 4522 5028 3930 5646
4 4066 4818 4421 5345
4 721 3691 3692 5051
4 642 125 2541 4972
4 2394 668 142 5478
4 397 396 3105 1982
4 2093 2914 2504 5690
4 2536 126 643 4986
4 2408 2338 2339 4624
4 1612 1193 2044 5501
4 2067 271 270 851
4 2745 2293 4815 5368
4 393 394 1204 2979
4 4613 5380 3250 5610
4 3438 3437 2308 594
4 3639 4662 3641 5649
4 1059 2963 1 943
4 2555 2212 96 5309
4 607 2202 102 2198
4 2420 716 3677 2424
4 3596 672 144 5028
4 3153 7 2964 1152
4 1034 303 302 1956
4 2562 4930 110 5344
4 1062 944 0 2063
4 1587 1467 1704 5729
4 2744 2665 2670 5236
4 2649 141 2430 5178
4 1604 2013 1602 5515
4 2517 2409 2410 5343
4 4042 5355 4736 5610
4 619 3485 110 2131
4 582 80 2522 2915
4 23 5554 491 5591
4 1154 2061 2 945
4 624 4880 5455 5559
4 1213 251 252 794
4 2302 4735 70 4770
4 1050 1069 1072 5231
4 2394 142 2395 5167
4 2860 447 446 3061
4 2361 186 2362 5026
4 296 297 795 2114
4 928 207 206 1138
4 375 374 2096 1132
4 3854 4271 4686 5008
4 4278 5305 3969 5370
4 3545 644 125 5553
4 1153 942 3 2961
4 983 1052 1001 5606
4 650 130 3561 5081
4 2302 2303 70 4735
4 3155 1061 4 2062
4 2518 2517 572 5343
4 3383 566 3381 4994
4 2562 110 2129 5344
4 339 338 1137 3134
4 39 5537 4806 5545
4 1682 1189 2047 5564
4 348 349 2011 1129
4 3001 464 465 2091
4 706 3658 166 5114
4 592 4727 4952 5656
4 4529 4957 3944 5679
4 2800 2799 2240 4790
4 2302 2663 2318 4770
4 391 392 1173 3102
4 2488 2817 2941 3749
4 4654 4957 660 5679
4 2680 2679 2676 4829
4 402 403 1175 2997
4 2274 2351 2276 5463
4 4656 5296 3967 5741
4 14 2468 2328 5332
4 161 699 3661 5108
4 4298 4821 3960 5740
4 5 1060 3152 2962
4 2208 101 2223 4947
4 3480 3481 612 5017
4 264 265 875 2106
4 2977 3143 3091 4322
4 433 432 2072 3073
4 4760 5694 3979 5722
4 852 978 904 5611
4 1644 346 347 1117
4 2354 2264 2262 5490
4 3727 3728 4733 5523
4 2555 606 2208 4947
4 4299 5287 3265 5296
4 2046 1193 1679 5469
4 3529 3530 642 4972
4 2986 442 443 2880
4 2877 336 335 996
4 3523 3522 632 5033
4 2524 2083 130 5445
4 4534 4900 3954 5702
4 1082 1148 1125 5708
4 994 1033 1065 5582
4 3932 5201 4817 5649
4 401 402 1960 3059
4 3377 4735 4555 5542
4 466 467 3005 2113
4 66 2298 2300 5432
4 3340 545 61 5138
4 3512 4948 4584 5694
4 83 3422 579 5040
4 2820 2097 86 2952
4 3154 2064 6 1155
4 3674 3671 3672 5366
4 1205 400 401 2980
4 262 261 2937 761
4 1208 1918 2040 5534
4 1064 1040 987 5511
4 3311 3310 529 5048
4 1188 347 348 1086
4 107 5259 4526 5657
4 2875 2947 2582 5068
4 5305 5370 4278 5664
4 2810 4654 4957 5743
4 927 202 203 1044
4 47 526 5602 5709
4 2652 2651 2653 4826
4 90 2840 595 5387
4 2840 2560 94 4732
4 3094 443 444 2068
4 3404 574 78 5343
4 384 385 2005 3086
4 524 46 3296 2652
4 558 2323 64 3362
4 2812 114 5143 5362
4 499 2572 26 3247
4 125 2444 642 2541
4 2323 3362 558 4855
4 213 212 788 2043
4 2659 5019 534 5527
4 2190 2652 46 4914
4 371 370 2876 1128
4 4699 4952 4032 5656
4 2138 2137 2136 5455
4 782 963 932 5688
4 2917 377 376 1091
4 3585 142 670 5167
4 3414 3416 583 2510
4 3848 4744 4500 5414
4 2000 386 387 2970
4 2497 2498 192 5292
4 166 703 2428 5114
4 320 321 999 2856
4 744 3742 5292 5633
4 2470 3200 475 2467
4 622 4930 3496 5547
4 767 211 210 1193
4 2233 2253 2238 5462
4 2083 2115 130 5081
4 2109 431 430 3100
4 2488 2941 198 3749
4 3004 422 421 1214
4 682 4950 3615 5599
4 976 850 948 5406
4 3974 5463 4806 5545
4 3064 440 441 2084
4 2719 2463 181 4658
4 2471 2468 10 5460
4 3493 111 623 5187
4 103 611 3470 5188
4 2941 2818 2080 4648
4 200 201 926 1045
4 48 2659 2658 5019
4 2071 263 262 871
4 3927 4848 4321 5657
4 2954 85 2856 2915
4 2430 5178 141 5478
4 4201 4315 3856 5021
4 1055 987 1005 5678
4 1029 1026 1028 4774
4 366 367 1080 2911
4 581 3410 84 5190
4 3260 28 503 5199
4 358 359 2017 1089
4 2329 2597 2778 486
4 505 3261 2270 4802
4 3848 4427 4744 5414
4 651 3550 131 5200
4 4292 4782 3917 4910
4 2694 2798 2215 5525
4 3674 3673 3671 5366
4 4562 4930 622 5547
4 2081 429 428 3097
4 698 3645 162 5163
4 2324 2745 2293 4815
4 4038 4572 2176 5586
4 1032 321 322 2954
4 1139 204 205 929
4 3452 4782 3449 5604
4 579 5040 4574 5608
4 4687 4719 3990 5554
4 642 2541 120 4972
4 2264 2622 2266 5166
4 890 968 785 4935
4 625 2650 2812 5143
4 4260 4690 3905 5199
4 2202 2208 3461 608
4 255 254 2946 870
4 2745 2291 2293 5368
4 3298 5388 3297 5431
4 3673 3674 714 5366
4 2558 2212 2557 5339
4 803 785 968 4935
4 729 183 3706 5220
4 1011 312 311 1972
4 2198 607 98 5389
4 2586 2498 2310 4900
4 774 952 897 5562
4 515 5041 39 5545
4 673 3605 2389 3603
4 3317 3318 2724 534
4 762 266 267 2077
4 549 3346 63 5194
4 2201 2202 3461 607
4 166 2428 2702 5114
4 3677 3676 3675 2784
4 2440 2438 2439 5553
4 939 810 803 4851
4 2419 2783 709 5253
4 3432 90 590 5236
4 315 314 986 2047
4 3237 490 22 5217
4 2198 4823 607 5389
4 2790 197 2793 5670
4 3502 3503 625 5143
4 308 309 1971 989
4 387 388 1172 3092
4 3920 4643 4471 5602
4 2049 309 310 1023
4 874 212 211 2044
4 468 3197 8 5536
4 3343 2746 58 541
4 2267 488 2265 5217
4 215 214 768 2040
4 30 2453 2527 5380
4 101 2209 2223 5363
4 3339 546 2852 5103
4 2080 259 258 879
4 2682 2411 2616 4950
4 2093 426 425 2976
4 688 153 3635 5196
4 2164 2697 2214 5730
4 2656 517 3287 4776
4 2105 446 445 3111
4 3114 441 442 2882
4 490 5217 3234 5554
4 90 2670 2840 5387
4 258 257 2943 760
4 2362 2363 2361 5026
4 487 2264 5166 5490
4 3592 5478 3593 5668
4 3926 5086 4637 5631
4 2408 2512 2752 5533
4 2992 439 440 2886
4 2535 126 2536 4986
4 4654 4988 3944 5679
4 4935 5200 650 5445
4 2821 3511 625 3508
4 2798 2429 2753 5163
4 726 2463 176 5346
4 2333 2271 2273 5287
4 3135 340 341 1136
4 496 28 3242 5260
4 3651 697 160 2797
4 2270 32 3261 505
4 1154 1139 1120 5450
4 577 3406 80 2462
4 985 313 312 1974
4 53 2242 2828 5370
4 2735 2931 2645 5138
4 3555 3558 2116 3557
4 3556 3555 2116 3557
4 651 3563 3564 5189
4 2394 2430 668 5478
4 2263 481 3225 3223
4 2083 2524 2858 5445
4 1038 326 327 2871
4 2793 2497 2790 5670
4 2497 2310 2498 5292
4 3528 5369 4972 5703
4 528 3315 5019 5527
4 3748 2790 2817 3746
4 4234 5333 4979 5726
4 670 3586 5167 5717
4 2815 2205 2810 5743
4 2745 2336 2291 5368
4 4158 5324 5166 5490
4 3849 4440 4421 4818
4 2931 2075 2852 5103
4 471 5580 4921 5645
4 3942 4938 4683 5676
4 2242 2691 2828 5370
4 2324 2293 2295 4815
4 319 318 998 2016
4 4426 4717 3866 4728
4 2872 330 329 991
4 3919 4630 4356 5599
4 640 5369 3528 5703
4 3267 33 508 5296
4 4820 5217 490 5554
4 2909 428 427 2969
4 489 3228 23 5324
4 130 2083 5081 5445
4 2750 2654 42 5431
4 78 574 3396 5275
4 4367 4662 3932 5031
4 539 3329 52 5305
4 2191 2187 2198 5389
4 2645 2852 61 5138
4 2394 2395 2393 5167
4 483 5589 4939 5674
4 3277 33 507 5328
4 3744 192 744 5292
4 2874 331 330 1037
4 3313 3314 532 5527
4 650 5081 4935 5445
4 2127 2129 2128 4981
4 2785 2468 2471 5460
4 2535 2437 2438 4781
4 4281 4039 4733 5523
4 125 2444 644 642
4 2060 343 344 1088
4 2010 381 382 2990
4 327 328 994 2949
4 316 315 1005 1975
4 2653 2672 2652 4826
4 2646 2313 2409 5275
4 2750 2190 2654 5431
4 2233 2419 2253 5462
4 2550 2562 2129 5344
4 2463 2607 176 5346
4 2136 2650 2138 5455
4 2998 3161 3072 5707
4 853 210 209 2046
4 3436 4952 4699 5656
4 1917 1918 1688 5680
4 2675 2680 2676 4829
4 517 3287 40 2656
4 3510 2819 118 631
4 3507 4880 3504 5559
4 2662 2800 2240 4790
4 2111 254 253 793
4 2387 678 3603 3606
4 209 208 792 1211
4 2663 2302 2300 4770
4 2680 2352 2831 5413
4 2161 2163 2242 5664
4 2392 2430 2394 5478
4 2245 2178 2176 5586
4 2274 2675 2351 5463
4 2328 2468 2589 5332
4 119 3521 635 5333
4 660 4957 4654 5743
4 2977 3091 3160 4322
4 2131 2562 2134 4930
4 2198 2711 2710 4823
4 498 2549 29 3246
4 2014 379 380 3002
4 3939 5478 4254 5668
4 267 268 933 2928
4 546 2852 56 3339
4 2190 2651 2652 4914
4 1118 361 362 2960
4 1187 307 308 1018
4 3222 4896 3220 5549
4 740 3736 3737 5241
4 2329 2778 16 486
4 2235 2119 2120 5508
4 4736 5380 4042 5610
4 785 903 292 5081
4 76 3403 569 5341
4 2954 584 3415 2915
4 3343 3341 3342 2643
4 2658 2659 2660 5019
4 2747 56 2852 5103
4 363 364 1124 2959
4 2689 2167 2169 4990
4 2419 2782 2783 5253
4 2391 2389 2390 5028
4 2301 3365 3368 3366
4 2617 2810 2434 4957
4 640 124 3531 5369
4 2718 2300 2298 5432
4 2309 2342 2343 5732
4 2812 2436 2435 5362
4 547 58 2745 3347
4 2650 2317 2812 5143
4 2397 2398 2399 5409
4 2670 2837 2840 5387
4 2214 2801 2662 5456
4 2304 2303 2302 4735
4 526 4914 4826 5709
4 2592 2816 2819 5033
4 2196 2197 2200 5474
4 2162 2161 2160 5464
4 2454 2527 2453 5380
4 478 3206 14 5332
4 2561 2560 2840 4732
4 2357 2311 2356 5241
4 2307 2305 2306 5317
4 2189 2165 2167 5451
4 2556 2212 2555 5309
4 3334 4903 3335 5573
4 2322 2121 2526 5374
4 2193 2657 2157 5048
4 2492 2850 2848 5728
4 704 3654 165 2795
4 2791 2618 2796 5548
4 2428 2366 2702 5114
4 2583 2223 2209 5363
4 3920 5602 4826 5709
4 709 3670 3669 5253
4 2565 2563 2133 5184
4 2649 2430 2805 5178
4 2223 2555 2208 4947
4 2452 2492 2491 5125
4 660 5612 5045 5743
4 2009 382 383 3095
4 2158 2160 2159 4876
4 3266 510 3268 5287
4 3192 4921 3193 5580
4 3342 548 62 2643
4 2677 2743 2656 4776
4 4042 4613 4586 5610
4 4584 4948 3979 5694
4 2174 2738 2176 4572
4 2270 2268 2764 4802
4 306 305 995 2052
4 176 720 3697 5346
4 614 3476 3477 5259
4 3651 2738 160 702
4 2670 90 5236 5387
4 3359 4916 3357 5631
4 4733 5523 4039 5641
4 3487 620 3485 2131
4 2549 2849 2850 4840
4 39 5041 5537 5545
4 206 205 757 1073
4 53 533 3331 5370
4 260 259 2940 790
4 3216 4939 3217 5589
4 2642 2324 2641 4623
4 188 743 3735 5398
4 1047 298 299 3137
4 214 213 877 1180
4 1077 355 354 2056
4 3576 5045 2815 5743
4 256 255 2092 789
4 378 379 1212 3093
4 2916 337 336 1000
4 1196 356 357 1078
4 622 3490 110 5344
4 2910 427 426 3098
4 601 2201 3463 3462
4 2586 2588 2498 4900
4 3252 30 502 5380
4 61 548 3344 2643
4 3390 565 3389 2647
4 3570 4938 3569 5676
4 32 2270 3269 505
4 3532 637 120 2537
4 424 423 2112 3003
4 1735 1733 1992 5420
4 99 603 3456 5407
4 194 2941 2818 2817
4 58 3347 542 5368
4 3852 4527 4244 4700
4 341 7 3153 1152
4 2963 1 337 1059
4 4363 4916 3926 5071
4 2535 2536 2538 4986
4 3970 4896 4300 5401
4 3605 3604 2387 3606
4 602 98 3467 5389
4 3600 5037 3599 5532
4 2543 2959 2094 5632
4 2875 334 333 992
4 2083 292 2115 5081
4 3200 3202 475 2467
4 3746 192 2498 745
4 4540 5292 4031 5633
4 3443 590 90 5387
4 4679 5369 640 5703
4 3318 2724 3320 3319
4 601 3455 3454 5339
4 1600 2057 1599 5516
4 4298 3960 5143 5740
4 3922 4944 4279 5345
4 257 256 2944 882
4 3725 3722 738 2619
4 3556 2118 654 3557
4 4023 4709 4687 5591
4 4372 4458 3845 5328
4 2732 2323 2727 4855
4 3847 4600 4198 4655
4 323 324 1035 2952
4 3932 5031 4662 5649
4 2411 2682 2385 4950
4 55 537 3321 5470
4 2947 333 332 1036
4 2451 2450 2452 4956
4 3846 4465 4453 4727
4 2964 7 377 1152
4 3676 709 3675 2784
4 18 3226 482 5490
4 54 538 5464 5664
4 2914 425 424 3065
4 3577 5045 3575 5612
4 621 3488 3491 5350
4 3756 755 196 5283
4 1062 0 319 2063
4 550 5194 4815 5615
4 2061 252 2 945
4 932 268 269 2103
4 10 3205 470 5460
4 3313 3316 3314 5527
4 944 208 0 2063
4 3973 5042 4820 5324
4 17 5549 480 5589
4 511 3271 38 2675
4 506 34 3273 5413
4 4301 4937 3943 5608
4 2719 2379 2463 4658
4 491 5554 4687 5591
4 2463 2381 2607 5346
4 79 573 3394 5476
4 2339 2488 2408 4624
4 650 3549 130 5445
4 2817 3747 3748 3746
4 2817 3747 3749 3748
4 693 3638 155 5498
4 1059 1 203 943
4 942 297 3 2961
4 3155 4 422 2062
4 66 3371 554 5432
4 473 3212 3213 5383
4 3630 3628 3629 2168
4 2963 253 1 943
4 42 3298 518 5431
4 3377 563 71 5542
4 547 3347 2745 5368
4 3853 4642 4247 4668
4 4701 5253 3988 5737
4 111 3496 623 5547
4 359 6 2064 1155
4 1207 389 390 3103
4 3464 3465 609 5395
4 495 27 3255 5414
4 3593 5478 5178 5668
4 1192 380 381 3085
4 3297 3300 525 5388
4 3624 152 684 5451
4 2095 335 334 1041
4 3502 5143 5362 5740
4 154 3632 686 5456
4 3698 3699 3700 2922
4 675 5556 145 5646
4 2920 2074 2608 5051
4 3152 467 5 2962
4 3727 191 741 5523
4 4021 5268 4780 5526
4 517 3293 42 2654
4 715 3677 174 2424
4 944 0 200 1062
4 736 188 3719 5526
4 4830 4972 3914 5703
4 3928 5580 4545 5645
4 3646 696 160 5525
4 803 810 941 4851
4 3973 5166 4158 5324
4 2470 469 3200 3199
4 676 3599 145 5532
4 4267 4693 3862 4711
4 4914 5388 4087 5709
4 4979 5333 4234 5722
4 154 2166 2214 5730
4 349 350 2048 1084
4 151 3615 683 5599
4 480 17 3222 5549
4 3306 527 47 5602
4 3363 556 68 5555
4 2931 2852 2645 5138
4 675 3611 145 5556
4 3605 3604 679 2614
4 477 3204 15 5541
4 4071 4952 4727 5656
4 475 10 3200 2470
4 3946 5589 4563 5674
4 154 3630 691 2662
4 113 628 3504 5559
4 3966 4994 4338 5700
4 540 3335 57 5573
4 997 304 303 2054
4 2913 2504 2502 5691
4 4456 4971 3877 4986
4 4 298 1061 3155
4 3534 2444 126 643
4 3634 693 3631 5465
4 468 3193 9 5580
4 3276 513 35 5581
4 2087 326 325 1024
4 637 3527 3525 5632
4 17 480 3217 5589
4 2964 423 7 3153
4 2542 2541 2442 4972
4 3594 668 3593 5478
4 3917 4910 4782 5604
4 3284 512 3281 5463
4 4348 4921 3928 5645
4 3452 599 95 5604
4 3461 2208 101 608
4 625 112 3511 2650
4 172 719 3686 5609
4 597 91 3441 5605
4 3154 6 338 1155
4 2064 6 378 3154
4 137 664 3575 5612
4 2747 2852 2075 5103
4 3140 438 439 2104
4 4362 4850 3949 5560
4 2059 345 346 1085
4 3373 555 67 5551
4 641 3545 125 5553
4 4023 4283 4709 5591
4 23 3234 491 5554
4 2 204 1154 945
4 501 3250 31 5610
4 2116 655 3558 3555
4 2444 644 642 3534
4 3866 4717 4336 4728
4 533 5305 5370 5710
4 65 3359 555 5631
4 4710 5114 4057 5636
4 3486 2132 104 618
4 372 373 1125 2956
4 4056 5389 5295 5395
4 3552 652 132 5621
4 3988 5253 4893 5737
4 1069 1035 1072 5231
4 3723 2357 3725 740
4 4366 4939 3946 5674
4 3557 3558 2117 656
4 3967 5287 4299 5296
4 3639 695 159 5649
4 145 3597 675 5646
4 167 705 3656 5636
4 3987 5241 4243 5398
4 3341 3344 2643 546
4 89 592 3433 5656
4 3986 5339 4237 5407
4 3534 3532 2537 3533
4 639 3539 121 5647
4 3332 538 54 5664
4 80 3413 577 2462
4 1060 301 5 3152
4 665 140 3592 5668
4 2061 2 342 1154
4 1153 3 360 2961
4 135 3570 659 5676
4 2941 198 2511 2488
4 3528 636 121 5703
4 4574 4598 3871 5040
4 96 2208 606 3463
4 3573 663 137 5679
4 2954 3415 85 2915
4 3944 4957 4654 5679
4 3699 3701 721 2608
4 2308 3437 93 594
4 543 3349 57 5706
4 3141 437 438 2891
4 633 3515 119 5694
4 942 3 207 1153
4 3339 2852 56 5103
4 3914 4972 4722 5369
4 3740 747 193 5702
4 3742 193 748 5633
4 786 903 808 4730
4 197 3745 749 5670
4 2396 138 3580 661
4 4005 5464 4876 5470
4 3954 4900 4540 5702
4 4687 5554 4393 5591
4 735 185 3716 5711
4 4782 5171 3917 5604
4 3501 626 115 5740
4 685 154 3621 5730
4 3980 5155 4745 5190
4 4005 4876 4168 5470
4 142 2394 3582 668
4 587 3424 87 5744
4 58 2745 3347 5368
4 80 582 3413 2915
4 3930 5028 4583 5646
4 3985 5612 4654 5743
4 541 2746 56 3341
4 4662 5201 3932 5649
4 669 3586 143 5717
4 1060 5 320 2962
4 1061 302 4 2062
4 4826 5602 526 5709
4 2299 64 553 3366
4 4820 5166 3973 5324
4 4009 5196 4549 5498
4 367 368 1110 2948
4 4769 5275 4002 5476
4 317 316 987 1195
4 3913 4930 4562 5547
4 3368 2301 3366 3367
4 5178 5478 3939 5668
4 3926 5071 4916 5631
4 2081 2907 2905 5536
4 3581 3582 2648 668
4 692 158 3629 2168
4 553 3365 2299 3366
4 595 3440 94 2836
4 3960 5362 5143 5740
4 808 903 941 4730
4 3580 667 2396 3582
4 685 2166 154 5730
4 4916 5086 3926 5631
4 3484 613 3486 2130
4 3318 53 2724 534
4 3270 2272 37 512
4 655 2116 130 3555
4 21 2329 488 486
4 4896 5401 3970 5549
4 3510 3508 2821 631
4 3677 715 3676 2784
4 4085 5537 5041 5545
4 4555 4735 3912 5542
4 3927 4526 5259 5657
4 4679 3914 5369 5703
4 2572 3245 493 3247
4 45 524 3294 2655
4 3296 3293 3294 2655
4 3968 5455 4880 5559
4 3927 5259 4848 5657
4 24 2549 498 3245
4 739 2360 186 3724
4 608 2202 102 607
4 2869 570 72 3389
4 4057 5114 4604 5636
4 571 3392 78 2518
4 678 2387 149 3606
4 3938 5200 4935 5445
4 3224 2265 22 487
4 58 2745 3343 547
4 709 3676 170 2784
4 486 2329 488 3223
4 606 2208 101 3461
4 3366 2323 64 558
4 8 2507 474 3199
4 3439 589 3438 2341
4 3293 3295 3294 2655
4 475 3202 14 2467
4 2790 3748 750 3746
4 2308 88 3438 594
4 2161 54 5464 5664
4 4921 5580 3928 5645
4 2263 3225 18 487
4 608 3461 2202 607
4 4939 5589 3946 5674
4 2420 173 714 716
4 3294 522 45 2655
4 4972 5369 3914 5703
4 3294 524 3296 2655
4 154 685 3630 2166
4 4042 5380 4613 5610
4 34 505 3272 2352
4 3630 685 3627 2166
4 152 3627 685 2166
4 3271 512 38 2675
4 5045 5612 3985 5743
4 4815 5194 4105 5615
4 2132 3486 3487 618
4 625 114 2821 3508
4 3341 3344 3342 2643
4 714 2420 716 3677
4 16 2329 486 3223
4 3969 5370 5305 5710
4 517 40 3295 2656
4 3293 523 42 2654
4 106 3484 619 2130
4 2648 666 3579 3581
4 2299 66 3365 553
4 50 3319 535 2159
4 3677 716 174 2424
4 596 3440 3437 2836
4 692 3628 157 2168
4 2208 606 3463 3461
4 2507 474 3199 3201
4 714 2420 3677 3675
4 679 146 3605 2614
4 3294 3295 522 2655
4 2467 3202 476 3201
4 2387 3604 680 3606
4 3676 715 170 2784
4 637 122 2537 3533
4 510 2272 37 3270
4 3746 2817 3747 745
4 3749 3747 2817 751
4 136 2617 3579 661
4 181 728 3700 2922
4 3581 2648 141 668
4 2193 48 529 3317
4 536 53 2724 3318
4 2528 3246 3248 500
4 3390 571 74 2647
4 3368 70 2301 560
4 98 2201 3462 607
4 3653 697 3651 2797
4 733 2360 3722 3724
4 2921 3701 178 727
4 3272 511 34 2352
4 704 166 3652 2795
4 3725 738 189 2619
4 493 26 2572 3247
4 3487 109 2132 618
4 3508 114 2821 631
4 3248 30 2528 500
4 3699 721 176 2608
4 117 3509 630 2213
4 3749 198 2488 752
4 697 3653 162 2797
4 3509 3511 630 2213
4 2869 3391 570 3389
4 481 3225 18 2263
4 632 2819 118 3510
4 94 3440 596 2836
4 2201 601 98 3462
4 3652 3654 704 2795
4 2387 680 149 3606
4 3391 570 77 2869
4 2389 144 673 3603
4 644 2444 126 3534
4 90 589 3439 2341
4 2817 194 3747 745
4 194 2817 3747 751
4 190 2357 3723 740
4 649 3555 2116 3556
4 3485 620 110 2131
4 577 3414 82 2510
4 134 2117 3558 656
4 666 2648 141 3581
4 86 3416 584 2097
4 3392 572 78 2518
4 2272 510 3269 3270
4 3202 476 14 2467
4 2724 536 3318 3320
4 733 186 2360 3724
4 2118 133 654 3557
4 474 2507 13 3201
4 728 3698 3700 2922
4 3484 106 613 2130
4 3415 3413 582 2915
4 3555 2116 130 649
4 138 667 2396 3580
4 2537 3532 637 3533
4 3629 3628 692 2168
4 3367 3368 2301 560
4 488 2265 22 3224
4 3342 3344 548 2643
4 74 565 3390 2647
4 3415 582 85 2915
4 3748 197 2790 750
4 3414 583 82 2510
4 3200 10 469 2470
4 4040 69 4147 557
4 4040 4147 69 2726
4 4555 4147 69 557
4 4555 69 4147 2726
4 4405 5046 1809 4997
4 4405 1809 5046 5170
4 2142 2143 5518 2144
4 5105 5518 2143 2144
4 1350 4617 4118 1412
4 4118 4617 1350 4496
4 4705 1402 5229 3860
4 4705 5229 1402 1403
4 1401 5229 1402 3860
4 1401 1402 5229 1403
4 954 4922 3894 918
4 3894 4922 954 4771
4 1511 4577 4962 1782
4 4962 4577 1511 3984
4 4860 2227 2771 2225
4 4860 2771 2227 4428
4 4985 1424 1741 1742
4 4985 1741 1424 4825
4 4539 5569 2640 2865
4 2640 5569 4539 4170
4 5658 5281 5036 2012
4 5658 5036 5281 3881
4 5466 5718 4765 2228
4 4765 5718 5466 3958
4 5281 2018 1715 1185
4 5281 1715 2018 4432
4 4964 1386 4370 1825
4 4964 4370 1386 4137
4 1753 5468 4631 1752
4 4631 5468 1753 3982
4 4692 1448 1394 4418
4 4692 1394 1448 1800
4 4605 1157 4890 1094
4 4605 4890 1157 4122
4 5524 1498 1499 1497
4 5524 1499 1498 4925
4 4661 4902 3876 3835
4 3876 4902 4661 3915
4 3876 4581 4661 3835
4 4661 4581 3876 3915
4 4677 3917 5309 3996
4 4677 5309 3917 4292
4 5004 1443 4567 1409
4 5004 4567 1443 4028
4 4804 525 5388 43
4 4804 5388 525 4392
4 4660 5244 4183 3823
4 4183 5244 4660 4273
4 4437 2377 4353 4104
4 4437 4353 2377 2376
4 4301 4769 5572 3943
4 5572 4769 4301 4002
4 5244 4973 4841 4051
4 5244 4841 4973 3962
4 5325 4404 4920 4586
4 5325 4920 4404 3882
4 5736 2195 4775 4965
4 5736 4775 2195 2566
4 5458 1757 5158 1293
4 5458 5158 1757 3989
4 4689 754 755 4624
4 4689 755 754 199
4 4274 5669 4810 3839
4 4274 4810 5669 4426
4 4285 4810 5669 3839
4 4285 5669 4810 4426
4 182 4380 777 2110
4 777 4380 182 730
4 5094 5133 4318 4580
4 4318 5133 5094 4846
4 5408 4546 5245 4067
4 5408 5245 4546 3929
4 5078 5186 4502 3836
4 4502 5186 5078 4398
4 4568 5202 4413 4062
4 4413 5202 4568 3937
4 4715 802 4839 894
4 4715 4839 802 4351
4 5271 1068 1058 1016
4 5271 1058 1068 4552
4 5729 4245 5361 3834
4 5729 4603 5361 4383
4 5361 4603 5729 3834
4 5466 5718 5268 3958
4 5268 5718 5466 2751
4 4480 2604 5297 2605
4 4480 5297 2604 4360
4 4612 1814 4680 1979
4 4612 4680 1814 4342
4 2330 5135 4096 2787
4 4096 5135 2330 4779
4 4096 2631 2330 2787
4 2330 2631 4096 4779
4 5273 2830 2661 2349
4 5273 2661 2830 4131
4 5154 2384 4442 3945
4 5154 4442 2384 2433
4 5216 4215 5298 4477
4 5216 5298 4215 4113
4 5230 5169 1736 1837
4 1736 5169 5230 4064
4 1736 4680 5230 1837
4 5230 4680 1736 4064
4 1111 4830 1112 1081
4 1112 4830 1111 4569
4 2142 5105 5518 2143
4 5518 5105 2142 3950
4 5726 5518 5400 3775
4 5726 5400 5518 4543
4 4695 75 3399 573
4 4695 3399 75 4602
4 2278 4566 2279 2277
4 2279 4566 2278 3994
4 4908 1952 2031 1175
4 5093 1903 4415 1906
4 5093 4415 1903 4684
4 5704 3802 4698 4521
4 5704 4698 3802 4061
4 5384 5118 2604 4480
4 5384 2604 5118 2929
4 2605 2604 5118 4480
4 2605 5118 2604 2929
4 5067 1445 4339 1514
4 5067 4339 1445 4195
4 5287 32 4656 2271
4 5287 4656 32 504
4 5079 4297 4779 3916
4 5079 4779 4297 4236
4 5434 1932 1271 1288
4 5434 1271 1932 4388
4 5502 4279 4417 2232
4 5502 4417 4279 3906
4 5644 950 965 4145
4 965 950 5644 886
4 965 4998 5644 4145
4 5644 4998 965 886
4 5502 4701 4279 2355
4 5502 4279 4701 3906
4 858 4771 971 934
4 5531 1330 1455 5170
4 5531 1455 1330 1332
4 4945 1568 5509 3897
4 4945 5509 1568 1428
4 5398 3767 4780 4176
4 5398 4780 3767 3987
4 5678 4491 1010 4852
4 1006 1010 4491 4852
4 5565 1275 4377 1274
4 5565 4377 1275 4748
4 5014 2490 4039 2935
4 5014 4039 2490 4281
4 5690 3003 4955 3065
4 5690 4955 3003 4445
4 3071 4955 3003 3065
4 3071 3003 4955 4445
4 4932 4346 1773 4793
4 4932 1773 4346 4501
4 5723 2477 2610 2480
4 5723 2610 2477 4162
4 4489 2313 2315 2256
4 4489 2315 2313 4002
4 3878 5739 4675 4133
4 4675 5739 3878 4371
4 1781 5062 4423 1294
4 4423 5062 1781 4644
4 4720 4342 3872 4564
4 4720 3872 4342 4682
4 4498 2622 5443 2569
4 4498 5443 2622 3973
4 2353 5443 2622 2569
4 2353 2622 5443 3973
4 5453 4916 2297 2295
4 5453 2297 4916 4363
4 4761 2050 4460 4218
4 4761 4460 2050 1947
4 5551 561 4773 67
4 5551 4773 561 4673
4 5413 5725 3956 4030
4 3956 5725 5413 4355
4 821 5128 4738 823
4 4738 5128 821 4293
4 1994 4951 1996 1207
4 1996 4951 1994 4365
4 5505 1982 1985 4564
4 5505 1985 1982 1184
4 4884 1526 4868 4647
4 4884 4868 1526 1464
4 5599 682 4153 151
4 5599 4153 682 4950
4 82 4301 4937 2418
4 4937 4301 82 578
4 1253 4734 4843 1255
4 4843 4734 1253 4416
4 4759 5046 4596 4126
4 4596 5046 4759 3778
4 4157 5338 1390 4485
4 1390 5338 4157 4964
4 4720 1425 5665 4200
4 4720 5665 1425 1805
4 4770 71 4913 562
4 4770 4913 71 4108
4 4367 157 4990 2169
4 4367 4990 157 689
4 5364 1476 4450 1478
4 5364 4450 1476 4129
4 1836 4450 1476 1478
4 1836 1476 4450 4129
4 5678 1006 1010 4491
4 5678 1010 1006 1055
4 4724 4528 5499 3829
4 4724 5499 4528 3900
4 4300 21 4896 2597
4 4300 4896 21 485
4 5226 1417 1236 4599
4 5226 1236 1417 1750
4 4370 5306 4832 3887
4 4370 4832 5306 1761
4 1759 4832 5306 3887
4 1759 5306 4832 1761
4 5123 5625 5382 3781
4 5382 5625 5123 3945
4 5183 1224 1226 4142
4 5183 1226 1224 1225
4 541 58 4903 2746
4 4903 58 541 3336
4 5145 4167 4548 3883
4 5145 4548 4167 4483
4 1721 4740 1474 1531
4 1474 4740 1721 4197
4 5482 4366 2822 2259
4 5482 2822 4366 3941
4 5658 1491 1815 1489
4 5658 1815 1491 4664
4 4615 5290 3835 4581
4 3835 5290 4615 4129
4 4915 4723 5278 3762
4 4915 5278 4723 4090
4 5258 3836 5186 3966
4 5258 5186 3836 4302
4 5617 5056 3879 4266
4 3879 5056 5617 4209
4 3879 5203 5617 4266
4 5617 5203 3879 4209
4 5124 4146 4853 3850
4 5124 4853 4146 4757
4 4263 2235 5553 2439
4 4263 5553 2235 3981
4 3782 3936 4136 5119
4 4136 3936 3782 5601
4 5258 2854 2513 4302
4 5258 2513 2854 2099
4 4516 1976 1593 4218
4 4516 1593 1976 1973
4 5301 3056 3057 4079
4 5301 3057 3056 3176
4 2111 5421 2953 2946
4 2953 5421 2111 4532
4 5736 4965 5184 2565
4 5736 5184 4965 3953
4 4210 1331 1330 5429
4 4607 1955 1621 4411
4 4607 1621 1955 1191
4 2149 5385 2150 2151
4 2150 5385 2149 4429
4 1403 4845 1404 1402
4 1404 4845 1403 4608
4 5601 3782 3939 3936
4 5601 3939 3782 4505
4 4964 1784 5306 4157
4 4964 5306 1784 1449
4 3896 1832 5358 1423
4 3896 5358 1832 5007
4 4833 1876 1316 1896
4 4833 1316 1876 4391
4 5128 828 4368 827
4 5128 4368 828 5001
4 5413 2613 2764 2831
4 5413 2764 2613 4355
4 5405 3863 1707 4577
4 5405 1707 3863 4995
4 5306 1784 5083 4157
4 5306 5083 1784 1930
4 2875 1041 334 992
4 334 1041 2875 2095
4 1685 4622 1880 1565
4 1880 4622 1685 4266
4 2401 4819 5675 2763
4 5675 4819 2401 4593
4 5034 4825 1396 1395
4 5034 1396 4825 4418
4 1394 1396 4825 1395
4 1394 4825 1396 4418
4 5729 4884 1465 4245
4 5729 1465 4884 1467
4 5188 3909 5066 4126
4 5188 5066 3909 611
4 5077 1251 4416 4792
4 5077 4416 1251 1252
4 5311 2843 2551 4397
4 5311 2551 2843 2539
4 3939 4466 2673 2809
4 3939 2673 4466 4013
4 2741 2673 4466 2809
4 2741 4466 2673 4013
4 5657 3948 5735 4185
4 5657 5735 3948 4526
4 4653 2916 2953 2877
4 4653 2953 2916 4532
4 5735 4822 3806 3901
4 5735 3806 4822 5642
4 5064 1598 5680 1917
4 5064 5680 1598 3865
4 5258 2994 3022 3016
4 5258 3022 2994 4302
4 1862 5198 5531 1684
4 5531 5198 1862 5085
4 5568 5411 1525 4149
4 5568 1525 5411 1886
4 4131 53 5710 533
4 4131 5710 53 2828
4 5100 1774 1341 1260
4 5100 1341 1774 4415
4 2881 5285 2540 2868
4 2540 5285 2881 4936
4 4769 4937 4301 2315
4 4301 4937 4769 3943
4 5483 4953 2885 2758
4 5483 2885 4953 4161
4 5008 664 4270 140
4 5008 4270 664 4686
4 2394 4254 2393 2392
4 5721 2637 2335 2636
4 5721 2335 2637 4163
4 4030 5427 5725 3956
4 5725 5427 4030 3818
4 818 1176 241 891
4 241 1176 818 1984
4 1635 4715 1537 1961
4 1537 4715 1635 4513
4 5741 4591 4656 3770
4 5741 4656 4591 3967
4 5349 4656 4591 3770
4 5349 4591 4656 3967
4 5239 971 4771 3992
4 5239 4771 971 858
4 5087 1369 1732 1432
4 5087 1732 1369 4975
4 5303 1952 4908 3902
4 5303 4908 1952 2031
4 4883 4759 4823 4132
4 103 4823 4759 4132
4 4988 3985 5612 4654
4 4988 5612 3985 4270
4 1170 5707 3116 2998
4 1170 3116 5707 4249
4 3165 3116 5707 2998
4 3165 5707 3116 4249
4 5675 2403 2760 5058
4 5675 2760 2403 2459
4 5403 3935 3788 4387
4 5403 3788 3935 4107
4 5525 161 3643 696
4 5525 3643 161 4246
4 5325 494 4081 27
4 5325 4081 494 4956
4 3238 4081 494 27
4 3238 494 4081 4956
4 5434 1271 1273 1288
4 5434 1273 1271 5177
4 1000 4653 1001 996
4 1001 4653 1000 4532
4 5674 5563 4179 3774
4 5674 4179 5563 4366
4 3941 4179 5563 3774
4 3941 5563 4179 4366
4 5513 3905 3761 4260
4 5513 3761 3905 4106
4 5665 1425 1379 4200
4 5665 1379 1425 1804
4 11 5645 4541 4159
4 3929 4541 5645 4159
4 3929 5645 4541 4348
4 5485 1250 5023 1911
4 5485 5023 1250 4155
4 5028 2393 2392 2391
4 5028 2392 2393 4254
4 5118 881 974 762
4 5118 974 881 4480
4 1562 5313 2015 1610
4 2015 5313 1562 3871
4 4852 1066 5299 1008
4 4852 5299 1066 4226
4 5090 4937 5343 2410
4 5090 5343 4937 3943
4 4769 5343 4937 2410
4 4769 4937 5343 3943
4 3353 5615 4000 63
4 4000 5615 3353 4623
4 4916 2295 2641 2297
4 4916 2641 2295 3926
4 5533 4257 2945 4698
4 5533 2945 4257 5193
4 4886 3022 5122 4302
4 4886 5122 3022 3023
4 4231 4520 5048 531
4 4231 5048 4520 4017
4 3312 5048 4520 531
4 3312 4520 5048 4017
4 4928 3170 4182 4636
4 4928 4182 3170 3077
4 5164 4182 3170 4636
4 5164 3170 4182 3077
4 5226 1912 1417 4942
4 5226 1417 1912 1750
4 71 4770 3370 562
4 71 3370 4770 4987
4 5183 1223 1224 4568
4 5183 1224 1223 1225
4 3001 5341 3157 3168
4 3001 3157 5341 4102
4 3009 3157 5341 3168
4 3009 5341 3157 4102
4 4984 41 516 3289
4 4984 516 41 3994
4 1442 5257 1935 1936
4 1935 5257 1442 4827
4 5434 1926 1874 5027
4 5434 1874 1926 1288
4 4683 134 4730 658
4 4683 4730 134 2857
4 5623 4571 3799 3886
4 5623 3799 4571 4413
4 2826 5318 2774 2666
4 2774 5318 2826 5207
4 4719 21 3236 485
4 4719 3236 21 2593
4 2788 5708 2955 2867
4 2788 2955 5708 4177
4 5433 5708 2955 4177
4 4803 5232 1899 4638
4 4803 1899 5232 1340
4 1794 1899 5232 4638
4 1794 5232 1899 1340
4 4885 4904 4072 4739
4 4072 4904 4885 3803
4 5302 3180 3144 4170
4 5302 3144 3180 3046
4 4850 167 5560 3664
4 4850 5560 167 3949
4 5564 1005 1006 986
4 5564 1006 1005 4491
4 5695 2473 2471 2573
4 5695 2471 2473 4348
4 5561 2666 4431 2829
4 5561 4431 2666 5318
4 944 1211 4542 792
4 4542 1211 944 2063
4 4868 5214 4245 3795
4 4245 5214 4868 4707
4 4245 4884 4868 3795
4 4868 4884 4245 4707
4 5717 670 4254 5167
4 5717 4254 670 143
4 5050 1027 5424 997
4 5050 5424 1027 4099
4 4897 5424 1027 997
4 4897 1027 5424 4099
4 5335 1404 1405 4608
4 5335 1405 1404 1406
4 4797 5249 4276 3872
4 4276 5249 4797 4749
4 5252 4975 4076 5179
4 5252 4076 4975 4472
4 5075 3157 3015 4114
4 5075 3015 3157 3010
4 5688 972 5284 782
4 5688 5284 972 4241
4 4850 4854 4710 2426
4 4710 4854 4850 3949
4 4358 5383 2508 2469
4 2508 5383 4358 4014
4 4233 5226 5061 4089
4 5061 5226 4233 3858
4 167 4850 706 3664
4 706 4850 167 4710
4 4442 5446 2382 2380
4 4442 2382 5446 4029
4 2381 2382 5446 2380
4 2381 5446 2382 4029
4 5386 1145 1101 5069
4 5386 1101 1145 1099
4 4213 4297 3844 3916
4 4213 3844 4297 4610
4 949 5280 4963 800
4 4963 5280 949 3877
4 4963 805 949 800
4 949 805 4963 3877
4 5531 5085 4066 5198
4 5531 4066 5085 4672
4 4208 120 4830 636
4 4208 4830 120 2543
4 5336 4827 4910 3762
4 5336 4910 4827 4028
4 5684 4999 4629 3838
4 5684 4629 4999 4306
4 5032 5170 4054 4344
4 5032 4054 5170 5288
4 5280 799 949 4810
4 5280 949 799 800
4 5473 3184 4063 5233
4 5473 4063 3184 3133
4 4996 3679 5345 175
4 4996 5345 3679 4944
4 826 5611 4777 978
4 4777 5611 826 4134
4 4607 5733 3008 4011
4 4607 3008 5733 3107
4 3012 3008 5733 4011
4 3012 5733 3008 3107
4 4915 3856 5021 4090
4 4915 5021 3856 4385
4 4649 5570 5552 3874
4 5552 5570 4649 4248
4 5729 5481 5361 4245
4 5729 5361 5481 4383
4 5678 1004 1010 1055
4 5678 1010 1004 4130
4 5192 1378 5147 1450
4 5192 5147 1378 4452
4 947 5359 959 864
4 5674 4283 483 4563
4 5674 483 4283 19
4 5531 1331 1330 4210
4 5531 1330 1331 1332
4 5336 3917 4910 4292
4 5336 4910 3917 3762
4 5329 5564 2032 4150
4 2032 5564 5329 1189
4 4699 3826 5175 4032
4 4699 5175 3826 4092
4 5014 947 5359 959
4 5014 5359 947 4469
4 5185 4766 3992 4121
4 5185 3992 4766 3802
4 5272 5441 4353 3827
4 4353 5441 5272 4657
4 4353 5113 5272 3827
4 5272 5113 4353 4657
4 5490 19 3229 482
4 5490 3229 19 4158
4 5268 189 5241 737
4 5268 5241 189 2356
4 5289 4117 4821 4948
4 5289 4821 4117 5740
4 115 4821 4117 4948
4 115 4117 4821 5740
4 4566 4688 2276 3994
4 2276 4688 4566 3974
4 5662 1438 1354 1439
4 5662 1354 1438 4617
4 5721 2285 2335 5265
4 5721 2335 2285 2636
4 5546 3135 1074 2965
4 5546 1074 3135 4445
4 5239 5469 4929 4121
4 4929 5469 5239 854
4 3039 5303 3167 3169
4 3167 5303 3039 4547
4 50 5294 5048 2157
4 5048 5294 50 530
4 1299 5288 5170 1320
4 5170 5288 1299 5032
4 5273 2286 5149 4394
4 5273 5149 2286 2725
4 3922 4421 5203 4222
4 3922 5203 4421 5345
4 2946 789 4257 2092
4 4257 789 2946 870
4 5561 3825 5318 4034
4 5561 5318 3825 4431
4 5101 4945 4361 3774
4 5101 4361 4945 3897
4 5645 4424 471 4545
4 5645 471 4424 11
4 5160 3998 5162 4710
4 5160 5162 3998 3795
4 4602 73 3397 567
4 4602 3397 73 4525
4 5017 617 5184 4025
4 5017 5184 617 3482
4 1978 1089 4890 1131
4 4890 1089 1978 2017
4 5576 5391 5132 1861
4 5576 5132 5391 4113
4 5099 4368 5128 3771
4 5128 4368 5099 4145
4 5128 5063 5099 3771
4 5099 5063 5128 4145
4 2363 5297 5162 2489
4 5162 5297 2363 4124
4 4944 4909 2780 3922
4 4944 2780 4909 2249
4 5453 2348 5342 2294
4 5453 5342 2348 4312
4 5475 1905 1530 4932
4 5475 1530 1905 1749
4 5004 4465 4827 3846
4 5004 4827 4465 4028
4 5304 1537 5583 1335
4 5304 5583 1537 4513
4 2763 5659 2723 2413
4 2723 5659 2763 4819
4 4878 4559 4156 3955
4 4878 4156 4559 4388
4 5246 5278 4398 4677
4 4398 5278 5246 3811
4 5089 4789 4413 3937
4 5089 4413 4789 4133
4 5265 2335 2287 2285
4 5265 2287 2335 4487
4 5441 2621 2374 2431
4 5441 2374 2621 4657
4 5022 5265 5600 4487
4 5600 5265 5022 3880
4 2600 4835 2871 2957
4 2871 4835 2600 4678
4 4522 146 4754 2715
4 4522 4754 146 674
4 5283 3755 3756 3757
4 5283 3756 3755 4714
4 4351 5583 4839 3864
4 4839 5583 4351 4715
4 5261 2777 4677 4292
4 5261 4677 2777 2346
4 1188 1129 348 2011
4 348 1129 1188 1086
4 957 4935 801 968
4 801 4935 957 3938
4 4203 5334 4960 3821
4 4960 5334 4203 4095
4 5695 2476 2473 2573
4 5695 2473 2476 5013
4 809 5109 4120 966
4 4120 5109 809 5000
4 4120 810 809 966
4 809 810 4120 5000
4 3770 4656 4393 3990
4 4393 4656 3770 5741
4 1187 989 4345 1018
4 4345 989 1187 1971
4 5307 5223 5587 4053
4 5307 5587 5223 4261
4 1130 2056 4669 1077
4 4669 2056 1130 1190
4 5641 2766 4733 2358
4 5641 4733 2766 4039
4 5562 966 809 952
4 5562 809 966 5109
4 5307 1294 1245 1806
4 5307 1245 1294 5062
4 5454 4890 4605 4122
4 5454 4605 4890 3925
4 5343 3943 4102 4769
4 5343 4102 3943 5090
4 5628 3785 4214 4828
4 5628 4214 3785 4892
4 5550 3981 3765 4263
4 5550 3765 3981 4095
4 5554 4719 3236 3235
4 5554 3236 4719 3990
4 4772 180 3709 724
4 4772 3709 180 4436
4 3977 5605 3828 4252
4 3828 5605 3977 4747
4 5713 1885 4361 4758
4 5713 4361 1885 1336
4 1689 4361 1885 4758
4 1689 1885 4361 1336
4 5335 1844 1441 1406
4 5335 1441 1844 4894
4 4690 2200 2316 2548
4 4690 2316 2200 3905
4 5648 4328 4742 3961
4 5648 4742 4328 4862
4 4808 5662 4617 4202
4 4617 5662 4808 3924
4 5425 964 974 844
4 5425 974 964 5118
4 5609 5596 4676 4109
4 5609 4676 5596 3921
4 2684 5342 2348 2292
4 2348 5342 2684 5152
4 4982 1359 1360 4762
4 4982 1360 1359 1361
4 5689 1101 5386 1160
4 5689 5386 1101 5069
4 5088 5216 3890 4911
4 3890 5216 5088 4477
4 4824 4915 4237 3917
4 4237 4915 4824 4385
4 4688 4269 3793 4650
4 4688 3793 4269 3994
4 1024 2871 326 1038
4 326 2871 1024 2087
4 4835 2871 1024 4678
4 4835 1024 2871 2087
4 4237 5407 4824 3986
4 4237 4824 5407 4385
4 3789 4824 5407 3986
4 3789 5407 4824 4385
4 2515 5661 5277 2950
4 5277 5661 2515 4813
4 5283 748 4268 196
4 5283 4268 748 4714
4 5464 2241 4924 4005
4 5464 4924 2241 2162
4 4736 5543 5355 4042
4 5355 5543 4736 3927
4 5458 1259 3853 1824
4 5458 3853 1259 5158
4 5343 2521 2410 2517
4 5343 2410 2521 5090
4 4818 3685 717 3684
4 4818 717 3685 4421
4 4440 3685 4818 3682
4 4440 4818 3685 4421
4 1617 5640 4873 1510
4 4873 5640 1617 4443
4 1574 5020 1605 1572
4 1605 5020 1574 4795
4 5430 1872 1415 4809
4 5430 1415 1872 1518
4 5041 5377 4372 3845
4 4372 5377 5041 4085
4 5450 1962 4814 1963
4 5450 4814 1962 4595
4 4656 2632 2271 2269
4 4656 2271 2632 3967
4 5573 2699 3918 2864
4 5573 3918 2699 4903
4 5509 4945 4401 4022
4 4401 4945 5509 3897
4 4401 5489 5509 4022
4 5509 5489 4401 3897
4 5535 4765 3829 5144
4 5535 3829 4765 4463
4 5460 5607 5332 4165
4 5332 5607 5460 2589
4 4103 5199 5355 31
4 4103 5355 5199 3905
4 4736 5355 5199 31
4 4736 5199 5355 3905
4 5704 2250 2246 5510
4 5704 2246 2250 2254
4 5658 4313 4557 3861
4 5658 4557 4313 4664
4 2956 1083 4484 1125
4 2956 4484 1083 2090
4 5096 1972 5329 4799
4 5096 5329 1972 1564
4 2972 5103 3061 2075
4 2972 3061 5103 4224
4 2860 3061 5103 2075
4 2860 5103 3061 4224
4 5421 859 5606 4929
4 5421 5606 859 930
4 4979 116 3516 4455
4 4979 3516 116 635
4 5017 5104 5474 105
4 5474 5104 5017 4106
4 631 4584 114 2590
4 114 4584 631 3513
4 5509 1566 2003 1567
4 5509 2003 1566 5479
4 2010 5522 3085 2990
4 2010 3085 5522 4412
4 3173 3085 5522 2990
4 3173 5522 3085 4412
4 2052 1025 4767 1197
4 2052 4767 1025 995
4 4861 5627 4253 3870
4 4253 5627 4861 4221
4 4622 2032 1564 1565
4 4622 1564 2032 5329
4 5194 4600 63 549
4 5194 63 4600 4204
4 4655 4600 63 4204
4 4695 3397 3400 3398
4 4695 3400 3397 4525
4 4688 2278 2350 2755
4 4688 2350 2278 3994
4 3808 5324 5042 3973
4 5042 5324 3808 4576
4 5269 4923 5508 4095
4 5269 5508 4923 129
4 2699 5573 56 2747
4 56 5573 2699 4903
4 56 2746 2699 2747
4 2699 2746 56 4903
4 5554 20 4719 3235
4 5554 4719 20 4687
4 160 702 4572 3647
4 4572 702 160 2738
4 5600 5486 5249 4305
4 5600 5249 5486 4064
4 117 4880 630 3505
4 630 4880 117 2140
4 5061 115 3518 4233
4 5061 3518 115 627
4 4560 5164 5006 3869
4 5006 5164 4560 4182
4 2121 654 2120 2118
4 2120 654 2121 4923
4 5010 4153 151 4597
4 5010 151 4153 4721
4 5189 4203 3864 4512
4 5189 3864 4203 4639
4 2080 790 259 879
4 259 790 2080 2940
4 3137 982 299 1047
4 3137 299 982 2966
4 4695 3399 3397 3398
4 4695 3397 3399 4602
4 5387 3444 3442 4732
4 5387 3442 3444 3443
4 5560 3664 3663 4850
4 5560 3663 3664 707
4 5053 5643 5247 4381
4 5247 5643 5053 3884
4 5545 3283 3282 515
4 5545 3282 3283 5463
4 5399 5617 4895 4118
4 4895 5617 5399 4266
4 150 4721 679 2615
4 679 4721 150 3610
4 5346 3696 3694 3697
4 5346 3694 3696 4658
4 4426 645 123 4717
4 123 645 4426 4971
4 123 4082 4426 4717
4 4426 4082 123 4971
4 5634 5702 3954 4174
4 3954 5702 5634 4534
4 4939 18 481 3218
4 4939 481 18 2261
4 4668 3326 537 4642
4 4668 537 3326 3328
4 2112 3065 424 3003
4 424 3065 2112 2914
4 4744 5260 4667 28
4 4667 5260 4744 4073
4 4555 69 560 3379
4 107 4798 3492 615
4 3492 4798 107 4349
4 1337 5713 1326 1336
4 1326 5713 1337 5579
4 3098 2909 427 2969
4 3098 427 2909 2910
4 569 3388 3106 77
4 569 3106 3388 2995
4 463 3106 3388 77
4 463 3388 3106 2995
4 5353 4798 105 616
4 5353 105 4798 4091
4 5589 4563 4401 3946
4 4401 4563 5589 4358
4 4401 4585 5589 3946
4 5589 4585 4401 4358
4 4764 391 1994 1173
4 4764 1994 391 2988
4 5414 3254 4500 3255
4 5414 4500 3254 4744
4 3256 4500 3254 3255
4 35 5328 3280 507
4 3280 5328 35 4458
4 5194 5342 4815 4105
4 4815 5342 5194 4027
4 2059 1123 4756 1194
4 4756 1123 2059 1085
4 1073 5376 5450 757
4 5450 929 1073 757
4 1073 929 5450 1139
4 5151 450 2735 3036
4 5151 2735 450 2086
4 60 5138 4752 545
4 4752 5138 60 4307
4 4247 3326 531 3325
4 4247 531 3326 4642
4 182 2720 2922 728
4 182 2922 2720 2110
4 3372 5432 3370 3371
4 3370 5432 3372 4770
4 4984 45 522 2671
4 4984 522 45 3292
4 5547 108 3499 623
4 5547 3499 108 4347
4 4938 133 656 3567
4 4938 656 133 2526
4 5599 148 3616 683
4 5599 3616 148 4356
4 5061 3517 3516 4979
4 5061 3516 3517 3519
4 59 5706 3351 543
4 3351 5706 59 4600
4 5345 4996 4421 3922
4 5345 4421 4996 175
4 5167 2394 4254 2393
4 5167 4254 2394 142
4 1876 5734 1875 1720
4 1875 5734 1876 4871
4 56 541 4903 2746
4 56 4903 541 3334
4 5021 99 3469 4315
4 5021 3469 99 603
4 5283 199 3757 755
4 5283 3757 199 4258
4 36 5041 3278 515
4 3278 5041 36 4372
4 946 876 3705 777
4 3705 876 946 3702
4 3705 730 946 777
4 946 730 3705 3702
4 2352 3269 2270 505
4 2352 2270 3269 2272
4 4937 82 577 3408
4 4937 577 82 2418
4 692 2240 4662 158
4 4662 2240 692 2170
4 4048 4203 5202 3821
4 5202 4203 4048 5621
4 4782 93 596 3450
4 4782 596 93 2342
4 4903 59 542 3333
4 4903 542 59 4343
4 5560 701 4850 3663
4 5560 4850 701 4362
4 5462 2782 3909 2233
4 5462 3909 2782 4893
4 5226 4455 5323 3858
4 5226 5323 4455 4007
4 4938 132 653 3569
4 4938 653 132 4354
4 5368 3348 3346 4815
4 5368 3346 3348 3347
4 5519 3289 3291 520
4 5519 3291 3289 4984
4 4916 67 554 3357
4 4916 554 67 4363
4 3195 4753 472 3196
4 472 4753 3195 4322
4 5608 3407 3405 4937
4 5608 3405 3407 579
4 5189 5200 4351 4639
4 4351 5200 5189 131
4 5108 163 3662 4275
4 5108 3662 163 699
4 5324 19 3229 4158
4 5324 3229 19 489
4 5536 3160 4251 4322
4 5536 4251 3160 3097
4 4710 4854 4768 3998
4 4768 4854 4710 3949
4 5534 215 884 768
4 5534 884 215 1208
4 5236 91 5195 4558
4 5236 5195 91 3431
4 4686 3588 3589 4271
4 4686 3589 3588 3587
4 5615 4204 63 5194
4 5615 63 4204 4531
4 3375 4673 3373 3376
4 3373 4673 3375 4280
4 5497 2307 2305 2337
4 5497 2305 2307 5317
4 123 5647 3540 639
4 3540 5647 123 4717
4 5445 3550 3547 5200
4 5445 3547 3550 3549
4 5090 5608 4574 3943
4 4574 5608 5090 81
4 5413 3274 3275 4829
4 5413 3275 3274 3273
4 5649 156 4662 3641
4 5649 4662 156 5031
4 4896 21 486 2597
4 4896 486 21 3221
4 4380 2720 2925 2923
4 4380 2925 2720 4703
4 5103 5573 57 4224
4 57 5573 5103 540
4 5646 147 3595 675
4 5646 3595 147 4522
4 3280 5041 513 3279
4 513 5041 3280 4458
4 4688 4806 5545 3974
4 5545 4806 4688 3935
4 5545 4650 4688 3974
4 4688 4650 5545 3935
4 5445 2861 4262 2524
4 5445 4262 2861 3938
4 5679 139 3571 663
4 5679 3571 139 4529
4 5702 195 3738 747
4 5702 3738 195 4534
4 5203 5345 3794 4066
4 3794 5345 5203 3922
4 4961 5057 4817 4246
4 4817 5057 4961 4146
4 5605 3443 590 3441
4 5605 590 3443 5387
4 5259 2851 2128 4526
4 5259 2128 2851 2545
4 5016 4722 641 124
4 5016 641 4722 4263
4 178 727 876 2921
4 876 727 178 3704
4 5670 196 5191 4138
4 5670 5191 196 749
4 5581 3273 506 3276
4 5581 506 3273 5413
4 5527 52 533 4131
4 5527 533 52 3313
4 4666 5268 5526 737
4 5526 5268 4666 4021
4 129 5621 5269 4203
4 129 5269 5621 4923
4 4095 5269 5621 4203
4 4095 5621 5269 4923
4 4687 5591 20 491
4 4687 20 5591 4709
4 3233 20 5591 491
4 3233 5591 20 4709
4 5728 2491 4235 2848
4 5728 4235 2491 5125
4 4499 5532 5556 4291
4 5556 5532 4499 676
4 2324 548 4623 2642
4 2324 4623 548 62
4 5370 3329 3330 5305
4 5370 3330 3329 3331
4 560 2726 4555 2303
4 560 4555 2726 69
4 5388 5385 4392 4045
4 5388 4392 5385 4087
4 3833 4392 5385 4045
4 3833 5385 4392 4087
4 2109 5536 2977 2905
4 2977 5536 2109 4753
4 5451 3626 3625 3624
4 5451 3625 3626 4990
4 4610 5744 5040 4024
4 5040 5744 4610 585
4 5556 3614 676 4499
4 5556 676 3614 3611
4 4805 4772 180 4211
4 4805 180 4772 724
4 4938 2117 2526 2866
4 4938 2526 2117 656
4 5309 5339 2557 2212
4 2557 5339 5309 4237
4 5730 2165 2166 2164
4 5730 2166 2165 152
4 4980 2850 2848 2483
4 4980 2848 2850 5728
4 5231 2820 86 2952
4 5231 86 2820 4989
4 5369 3530 3528 4972
4 5369 3528 3530 3531
4 5646 3596 672 3597
4 5646 672 3596 5028
4 3536 4986 4456 3538
4 4456 4986 3536 4971
4 5633 5667 3843 4268
4 3843 5667 5633 4138
4 5679 3572 660 3573
4 5679 660 3572 4957
4 4896 16 486 3220
4 4896 486 16 2778
4 5220 3709 731 3706
4 5220 731 3709 4436
4 2161 3320 536 2724
4 2161 536 3320 54
4 5702 3739 744 3740
4 5702 744 3739 4900
4 5610 3991 4042 5355
4 5610 4042 3991 4586
4 3842 4042 3991 5355
4 3842 3991 4042 4586
4 5536 5580 9 4251
4 9 5580 5536 468
4 3392 2647 2869 2518
4 517 2743 2654 42
4 2654 2743 517 2656
4 2360 184 2619 2618
4 2360 2619 184 3722
4 174 716 4578 2424
4 174 4578 716 3688
4 5636 3931 5491 5160
4 5636 5491 3931 4511
4 5706 3350 544 4198
4 5706 544 3350 3349
4 4699 2308 93 594
4 4699 93 2308 2309
4 2119 3556 649 2116
4 649 3556 2119 128
4 5610 27 4613 4586
4 5610 4613 27 3249
4 4855 2726 2323 2727
4 4855 2323 2726 69
4 5295 5395 4528 4056
4 4528 5395 5295 99
4 4528 4199 5295 4056
4 5295 4199 4528 99
4 5532 5556 4313 145
4 4313 5556 5532 4291
4 4313 4583 5532 145
4 5532 4583 4313 4291
4 3396 5476 574 3394
4 574 5476 3396 5275
4 5541 3206 478 5332
4 5541 478 3206 3204
4 2265 3223 488 2329
4 488 3223 2265 3224
4 2662 3629 3630 691
4 2662 3630 3629 2168
4 5490 3227 487 3226
4 5490 487 3227 5166
4 4736 4848 4321 3927
4 4321 4848 4736 3905
4 5670 3744 5633 5292
4 5670 5633 3744 3745
4 3742 5633 3744 5292
4 3742 3744 5633 3745
4 5694 3514 3512 3515
4 5694 3512 3514 4584
4 4916 2299 2701 553
4 4916 2701 2299 2297
4 2341 3440 595 2836
4 2341 595 3440 3439
4 2795 703 166 3652
4 166 703 2795 2428
4 4658 726 181 3696
4 4658 181 726 2463
4 4578 2424 2461 174
4 4578 2461 2424 2460
4 5670 4031 5633 4138
4 5670 5633 4031 5292
4 595 4732 94 3444
4 94 4732 595 2840
4 2488 3748 197 2790
4 197 3748 2488 752
4 197 2339 2488 2790
4 2341 5236 2670 90
4 2670 5236 2341 2744
4 5253 708 3667 3669
4 5253 3667 708 4893
4 5259 615 107 3476
4 5259 107 615 5657
4 4806 4829 2351 2676
4 4806 2351 4829 38
4 2675 2351 4829 2676
4 2675 4829 2351 38
4 5019 534 48 2659
4 5019 48 534 3315
4 5350 614 3489 4981
4 5350 3489 614 3488
4 602 5395 3467 3464
4 3467 5395 602 5389
4 4956 2572 2450 2452
4 4956 2450 2572 26
4 584 86 988 3428
4 988 86 584 2097
4 5350 622 3490 3491
4 5350 3490 622 5344
4 4968 4880 3968 4175
4 4968 3968 4880 5559
4 5033 117 632 3523
4 5033 632 117 2816
4 5465 686 3632 5456
4 5465 3632 686 3631
4 5388 526 3299 3300
4 5388 3299 526 4914
4 5021 5407 97 603
4 97 5407 5021 4385
4 5143 112 625 2650
4 5143 625 112 3503
4 3297 5431 43 518
4 43 5431 3297 5388
4 198 752 4624 2488
4 4624 752 198 3760
4 136 661 4957 2617
4 136 4957 661 3572
4 5339 96 601 2212
4 5339 601 96 3454
4 5395 610 3466 3465
4 5395 3466 610 4823
4 5465 694 3633 3634
4 5465 3633 694 4790
4 475 5460 10 2468
4 10 5460 475 3205
4 4823 607 102 2198
4 4823 102 607 3466
4 535 50 4876 3323
4 4876 50 535 2159
4 5217 2265 2266 22
4 5217 2266 2265 2267
4 5632 2537 2543 637
4 5632 2543 2537 2094
4 5463 37 512 3281
4 5463 512 37 2274
4 5343 2518 2409 78
4 5343 2409 2518 2517
4 5432 559 66 3371
4 5432 66 559 2300
4 5456 691 154 3632
4 5456 154 691 2662
4 5451 690 152 2167
4 5451 152 690 3624
4 4883 103 4823 4759
4 4883 4823 103 610
4 5254 1466 3931 4884
4 5254 3931 1466 1528
4 4603 3931 1466 4884
4 4603 1466 3931 1528
4 4711 5523 4281 187
4 4281 5523 4711 4296
4 2782 4883 2233 2218
4 2782 2233 4883 3909
4 2222 2233 4883 2218
4 2222 4883 2233 3909
4 4847 5263 4933 3818
4 4933 5263 4847 4107
4 470 5645 5460 11
4 5460 5645 470 4348
4 5645 4165 5460 11
4 5460 4165 5645 4348
4 5645 4541 4165 11
4 4165 4541 5645 4348
4 5581 4107 3275 4847
4 5581 3275 4107 4829
4 39 3275 4107 4847
4 39 4107 3275 4829
4 4216 3818 4847 3978
4 4847 3818 4216 5725
4 4216 5581 4847 5725
4 5708 2955 2096 5433
4 5708 2096 2955 2867
4 3351 3352 4600 549
4 63 3352 4600 4655
4 63 4600 3352 549
4 700 5108 5140 161
4 700 5140 5108 4551
4 4115 5140 5108 161
4 4115 5108 5140 4551
4 4500 3254 503 3256
4 4500 503 3254 4744
4 5450 1073 1164 5376
4 1164 1073 5450 1139
4 8 2507 2470 2907
4 2470 2507 8 3199
4 2470 469 8 2907
4 8 469 2470 3199
4 2869 3392 3390 2647
4 3390 3392 2869 3391
4 3390 3389 2869 2647
4 2869 3389 3390 3391
4 3391 3392 2518 572
4 3391 2518 3392 2869
4 2520 3391 2518 572
4 2520 2518 3391 2869
4 77 3391 2520 572
4 77 2520 3391 2869
4 5470 537 4286 55
4 4668 4286 537 55
4 4668 537 4286 4642
4 5523 741 4296 191
4 5523 4296 741 4711
4 4693 4296 741 191
4 4693 741 4296 4711
4 3366 3367 2323 558
4 3366 2323 3367 2301
4 69 2323 3367 558
4 69 3367 2323 2301
4 2488 197 4624 2339
4 4624 197 2488 752
4 4572 3649 696 3647
4 4572 696 3649 5140
4 4847 4216 4458 5581
4 4458 4216 4847 3978
4 3352 4600 3350 3351
4 3352 3350 4600 4655
4 537 4286 51 5470
4 537 51 4286 4642
4 4168 51 4286 5470
4 4168 4286 51 4642

CELL_TYPES 32638
1
1
1
1
1
1
1
1
1
1
1
1
1
1
1
1
1
1
1
1
1
1
1
1
1
1
1
1
1
1
1
1
1
1
1
1
1
1
1
1
1
1
1
1
1
1
1
1
1
1
1
1
1
1
1
1
1
1
1
1
1
1
1
1
1
1
1
1
1
1
1
1
1
1
1
1
1
1
1
1
1
1
1
1
1
1
1
1
1
1
1
1
1
1
1
1
1
1
1
1
1
1
1
1
1
1
1
1
1
1
1
1
1
1
1
1
1
1
1
1
1
1
1
1
1
1
1
1
1
1
1
1
1
1
1
1
1
1
1
1
1
1
1
1
1
1
1
1
1
1
1
1
1
1
1
1
1
1
1
1
1
1
1
1
1
1
1
1
1
1
1
1
1
1
1
1
1
1
1
1
1
1
1
1
1
1
1
1
1
1
1
1
1
1
1
1
1
1
1
1
3
3
3
3
3
3
3
3
3
3
3
3
3
3
3
3
3
3
3
3
3
3
3
3
3
3
3
3
3
3
3
3
3
3
3
3
3
3
3
3
3
3
3
3
3
3
3
3
3
3
3
3
3
3
3
3
3
3
3
3
3
3
3
3
3
3
3
3
3
3
3
3
3
3
3
3
3
3
3
3
3
3
3
3
3
3
3
3
3
3
3
3
3
3
3
3
3
3
3
3
3
3
3
3
3
3
3
3
3
3
3
3
3
3
3
3
3
3
3
3
3
3
3
3
3
3
3
3
3
3
3
3
3
3
3
3
3
3
3
3
3
3
3
3
3
3
3
3
3
3
3
3
3
3
3
3
3
3
3
3
3
3
3
3
3
3
3
3
3
3
3
3
3
3
3
3
3
3
3
3
3
3
3
3
3
3
3
3
3
3
3
3
3
3
3
3
3
3
3
3
3
3
3
3
3
3
3
3
3
3
3
3
3
3
3
3
3
3
3
3
3
3
3
3
3
3
3
3
3
3
3
3
3
3
3
3
3
3
3
3
3
3
3
3
3
3
3
3
3
3
3
3
3
3
3
3
3
3
3
3
3
3
3
3
3
3
3
3
3
3
3
3
3
3
3
3
3
3
3
3
3
3
3
3
3
3
3
3
3
3
3
3
3
3
3
3
3
3
3
3
3
3
3
3
3
3
3
3
3
3
3
3
3
3
3
3
3
3
3
3
3
3
3
3
3
3
3
3
3
3
3
3
3
3
3
3
3
3
3
3
3
3
3
3
3
3
3
3
3
3
3
3
3
3
3
3
3
3
3
3
3
3
3
3
3
3
3
3
3
3
3
3
3
3
3
3
3
3
3
3
3
3
3
3
3
3
3
3
3
3
3
3
3
3
3
3
3
3
3
3
3
3
3
3
3
3
3
3
3
3
3
3
3
3
3
3
3
3
3
3
3
3
3
3
3
3
3
3
3
3
3
3
3
3
3
3
3
3
3
3
3
3
3
3
3
3
3
3
3
3
3
3
3
3
3
3
3
3
3
3
3
3
3
3
3
3
3
3
3
3
3
3
3
3
3
3
3
3
3
3
3
3
3
3
3
3
3
3
3
3
3
3
3
3
3
3
3
3
3
3
3
3
3
3
3
3
3
3
3
3
3
3
3
3
3
3
3
3
3
3
3
3
3
3
3
3
3
3
3
3
3
3
3
3
3
3
3
3
3
3
3
3
3
3
3
3
3
3
3
3
3
3
3
3
3
3
3
3
3
3
3
3
3
3
3
3
3
3
3
3
3
3
3
3
3
3
3
3
3
3
3
3
3
3
3
3
3
3
3
3
3
3
3
3
3
3
3
3
3
3
3
3
3
3
3
3
3
3
3
3
3
3
3
3
3
3
3
3
3
3
3
3
3
3
3
3
3
3
3
3
3
3
3
3
3
3
3
3
3
3
3
3
3
3
3
3
3
3
3
3
3
3
3
3
3
3
3
3
3
3
3
3
3
3
3
3
3
3
3
3
3
3
3
3
3
3
3
3
3
3
3
3
3
3
3
3
3
3
3
3
3
3
3
3
3
3
3
3
3
3
3
3
3
3
3
3
3
3
3
3
3
3
3
3
3
3
3
3
3
3
3
3
3
3
3
3
3
3
3
3
3
3
3
3
3
3
3
3
3
3
3
3
3
3
3
3
3
3
3
3
3
3
3
3
3
3
3
3
3
3
3
3
3
3
3
3
3
3
3
3
3
3
3
3
3
3
3
3
3
3
3
3
3
3
3
3
3
3
3
3
3
3
3
3
3
3
3
3
3
3
3
3
3
3
3
3
3
3
3
3
3
3
3
3
3
3
3
3
3
3
3
3
3
3
3
3
3
3
3
3
3
3
3
3
3
3
3
3
3
3
3
3
3
3
3
3
3
3
3
3
3
3
3
3
3
3
5
5
5
5
5
5
5
5
5
5
5
5
5
5
5
5
5
5
5
5
5
5
5
5
5
5
5
5
5
5
5
5
5
5
5
5
5
5
5
5
5
5
5
5
5
5
5
5
5
5
5
5
5
5
5
5
5
5
5
5
5
5
5
5
5
5
5
5
5
5
5
5
5
5
5
5
5
5
5
5
5
5
5
5
5
5
5
5
5
5
5
5
5
5
5
5
5
5
5
5
5
5
5
5
5
5
5
5
5
5
5
5
5
5
5
5
5
5
5
5
5
5
5
5
5
5
5
5
5
5
5
5
5
5
5
5
5
5
5
5
5
5
5
5
5
5
5
5
5
5
5
5
5
5
5
5
5
5
5
5
5
5
5
5
5
5
5
5
5
5
5
5
5
5
5
5
5
5
5
5
5
5
5
5
5
5
5
5
5
5
5
5
5
5
5
5
5
5
5
5
5
5
5
5
5
5
5
5
5
5
5
5
5
5
5
5
5
5
5
5
5
5
5
5
5
5
5
5
5
5
5
5
5
5
5
5
5
5
5
5
5
5
5
5
5
5
5
5
5
5
5
5
5
5
5
5
5
5
5
5
5
5
5
5
5
5
5
5
5
5
5
5
5
5
5
5
5
5
5
5
5
5
5
5
5
5
5
5
5
5
5
5
5
5
5
5
5
5
5
5
5
5
5
5
5
5
5
5
5
5
5
5
5
5
5
5
5
5
5
5
5
5
5
5
5
5
5
5
5
5
5
5
5
5
5
5
5
5
5
5
5
5
5
5
5
5
5
5
5
5
5
5
5
5
5
5
5
5
5
5
5
5
5
5
5
5
5
5
5
5
5
5
5
5
5
5
5
5
5
5
5
5
5
5
5
5
5
5
5
5
5
5
5
5
5
5
5
5
5
5
5
5
5
5
5
5
5
5
5
5
5
5
5
5
5
5
5
5
5
5
5
5
5
5
5
5
5
5
5
5
5
5
5
5
5
5
5
5
5
5
5
5
5
5
5
5
5
5
5
5
5
5
5
5
5
5
5
5
5
5
5
5
5
5
5
5
5
5
5
5
5
5
5
5
5
5
5
5
5
5
5
5
5
5
5
5
5
5
5
5
5
5
5
5
5
5
5
5
5
5
5
5
5
5
5
5
5
5
5
5
5
5
5
5
5
5
5
5
5
5
5
5
5
5
5
5
5
5
5
5
5
5
5
5
5
5
5
5
5
5
5
5
5
5
5
5
5
5
5
5
5
5
5
5
5
5
5
5
5
5
5
5
5
5
5
5
5
5
5
5
5
5
5
5
5
5
5
5
5
5
5
5
5
5
5
5
5
5
5
5
5
5
5
5
5
5
5
5
5
5
5
5
5
5
5
5
5
5
5
5
5
5
5
5
5
5
5
5
5
5
5
5
5
5
5
5
5
5
5
5
5
5
5
5
5
5
5
5
5
5
5
5
5
5
5
5
5
5
5
5
5
5
5
5
5
5
5
5
5
5
5
5
5
5
5
5
5
5
5
5
5
5
5
5
5
5
5
5
5
5
5
5
5
5
5
5
5
5
5
5
5
5
5
5
5
5
5
5
5
5
5
5
5
5
5
5
5
5
5
5
5
5
5
5
5
5
5
5
5
5
5
5
5
5
5
5
5
5
5
5
5
5
5
5
5
5
5
5
5
5
5
5
5
5
5
5
5
5
5
5
5
5
5
5
5
5
5
5
5
5
5
5
5
5
5
5
5
5
5
5
5
5
5
5
5
5
5
5
5
5
5
5
5
5
5
5
5
5
5
5
5
5
5
5
5
5
5
5
5
5
5
5
5
5
5
5
5
5
5
5
5
5
5
5
5
5
5
5
5
5
5
5
5
5
5
5
5
5
5
5
5
5
5
5
5
5
5
5
5
5
5
5
5
5
5
5
5
5
5
5
5
5
5
5
5
5
5
5
5
5
5
5
5
5
5
5
5
5
5
5
5
5
5
5
5
5
5
5
5
5
5
5
5
5
5
5
5
5
5
5
5
5
5
5
5
5
5
5
5
5
5
5
5
5
5
5
5
5
5
5
5
5
5
5
5
5
5
5
5
5
5
5
5
5
5
5
5
5
5
5
5
5
5
5
5
5
5
5
5
5
5
5
5
5
5
5
5
5
5
5
5
5
5
5
5
5
5
5
5
5
5
5
5
5
5
5
5
5
5
5
5
5
5
5
5
5
5
5
5
5
5
5
5
5
5
5
5
5
5
5
5
5
5
5
5
5
5
5
5
5
5
5
5
5
5
5
5
5
5
5
5
5
5
5
5
5
5
5
5
5
5
5
5
5
5
5
5
5
5
5
5
5
5
5
5
5
5
5
5
5
5
5
5
5
5
5
5
5
5
5
5
5
5
5
5
5
5
5
5
5
5
5
5
5
5
5
5
5
5
5
5
5
5
5
5
5
5
5
5
5
5
5
5
5
5
5
5
5
5
5
5
5
5
5
5
5
5
5
5
5
5
5
5
5
5
5
5
5
5
5
5
5
5
5
5
5
5
5
5
5
5
5
5
5
5
5
5
5
5
5
5
5
5
5
5
5
5
5
5
5
5
5
5
5
5
5
5
5
5
5
5
5
5
5
5
5
5
5
5
5
5
5
5
5
5
5
5
5
5
5
5
5
5
5
5
5
5
5
5
5
5
5
5
5
5
5
5
5
5
5
5
5
5
5
5
5
5
5
5
5
5
5
5
5
5
5
5
5
5
5
5
5
5
5
5
5
5
5
5
5
5
5
5
5
5
5
5
5
5
5
5
5
5
5
5
5
5
5
5
5
5
5
5
5
5
5
5
5
5
5
5
5
5
5
5
5
5
5
5
5
5
5
5
5
5
5
5
5
5
5
5
5
5
5
5
5
5
5
5
5
5
5
5
5
5
5
5
5
5
5
5
5
5
5
5
5
5
5
5
5
5
5
5
5
5
5
5
5
5
5
5
5
5
5
5
5
5
5
5
5
5
5
5
5
5
5
5
5
5
5
5
5
5
5
5
5
5
5
5
5
5
5
5
5
5
5
5
5
5
5
5
5
5
5
5
5
5
5
5
5
5
5
5
5
5
5
5
5
5
5
5
5
5
5
5
5
5
5
5
5
5
5
5
5
5
5
5
5
5
5
5
5
5
5
5
5
5
5
5
5
5
5
5
5
5
5
5
5
5
5
5
5
5
5
5
5
5
5
5
5
5
5
5
5
5
5
5
5
5
5
5
5
5
5
5
5
5
5
5
5
5
5
5
5
5
5
5
5
5
5
5
5
5
5
5
5
5
5
5
5
5
5
5
5
5
5
5
5
5
5
5
5
5
5
5
5
5
5
5
5
5
5
5
5
5
5
5
5
5
5
5
5
5
5
5
5
5
5
5
5
5
5
5
5
5
5
5
5
5
5
5
5
5
5
5
5
5
5
5
5
5
5
5
5
5
5
5
5
5
5
5
5
5
5
5
5
5
5
5
5
5
5
5
5
5
5
5
5
5
5
5
5
5
5
5
5
5
5
5
5
5
5
5
5
5
5
5
5
5
5
5
5
5
5
5
5
5
5
5
5
5
5
5
5
5
5
5
5
5
5
5
5
5
5
5
5
5
5
5
5
5
5
5
5
5
5
5
5
5
5
5
5
5
5
5
5
5
5
5
5
5
5
5
5
5
5
5
5
5
5
5
5
5
5
5
5
5
5
5
5
5
5
5
5
5
5
5
5
5
5
5
5
5
5
5
5
5
5
5
5
5
5
5
5
5
5
5
5
5
5
5
5
5
5
5
5
5
5
5
5
5
5
5
5
5
5
5
5
5
5
5
5
5
5
5
5
5
5
5
5
5
5
5
5
5
5
5
5
5
5
5
5
5
5
5
5
5
5
5
5
5
5
5
5
5
5
5
5
5
5
5
5
5
5
5
5
5
5
5
5
5
5
5
5
5
5
5
5
5
5
5
5
5
5
5
5
5
5
5
5
5
5
5
5
5
5
5
5
5
5
5
5
5
5
5
5
5
5
5
5
5
5
5
5
5
5
5
5
5
5
5
5
5
5
5
5
5
5
5
5
5
5
5
5
5
5
5
5
5
5
5
5
5
5
5
5
5
5
5
5
5
5
5
5
5
5
5
5
5
5
5
5
5
5
5
5
5
5
5
5
5
5
5
5
5
5
5
5
5
5
5
5
5
5
5
5
5
5
5
5
5
5
5
5
5
5
5
5
5
5
5
5
5
5
5
5
5
5
5
5
5
5
5
5
5
5
5
5
5
5
5
5
5
5
5
5
5
5
5
5
5
5
5
5
5
5
5
5
5
5
5
5
5
5
5
5
5
5
5
5
5
5
5
5
5
5
5
5
5
5
5
5
5
5
5
5
5
5
5
5
5
5
5
5
5
5
5
5
5
5
5
5
5
5
5
5
5
5
5
5
5
5
5
5
5
5
5
5
5
5
5
5
5
5
5
5
5
5
5
5
5
5
5
5
5
5
5
5
5
5
5
5
5
5
5
5
5
5
5
5
5
5
5
5
5
5
5
5
5
5
5
5
5
5
5
5
5
5
5
5
5
5
5
5
5
5
5
5
5
5
5
5
5
5
5
5
5
5
5
5
5
5
5
5
5
5
5
5
5
5
5
5
5
5
5
5
5
5
5
5
5
5
5
5
5
5
5
5
5
5
5
5
5
5
5
5
5
5
5
5
5
5
5
5
5
5
5
5
5
5
5
5
5
5
5
5
5
5
5
5
5
5
5
5
5
5
5
5
5
5
5
5
5
5
5
5
5
5
5
5
5
5
5
5
5
5
5
5
5
5
5
5
5
5
5
5
5
5
5
5
5
5
5
5
5
5
5
5
5
5
5
5
5
5
5
5
5
5
5
5
5
5
5
5
5
5
5
5
5
5
5
5
5
5
5
5
5
5
5
5
5
5
5
5
5
5
5
5
5
5
5
5
5
5
5
5
5
5
5
5
5
5
5
5
5
5
5
5
5
5
5
5
5
5
5
5
5
5
5
5
5
5
5
5
5
5
5
5
5
5
5
5
5
5
5
5
5
5
5
5
5
5
5
5
5
5
5
5
5
5
5
5
5
5
5
5
5
5
5
5
5
5
5
5
5
5
5
5
5
5
5
5
5
5
5
5
5
5
5
5
5
5
5
5
5
5
5
5
5
5
5
5
5
5
5
5
5
5
5
5
5
5
5
5
5
5
5
5
5
5
5
5
5
5
5
5
5
5
5
5
5
5
5
5
5
5
5
5
5
5
5
5
5
5
5
5
5
5
5
5
5
5
5
5
5
5
5
5
5
5
5
5
5
5
5
5
5
5
5
5
5
5
5
5
5
5
5
5
5
5
5
5
5
5
5
5
5
5
5
5
5
5
5
5
5
5
5
5
5
5
5
5
5
5
5
5
5
5
5
5
5
5
5
5
5
5
5
5
5
5
5
5
5
5
5
5
5
5
5
5
5
5
5
5
5
5
5
5
5
5
5
5
5
5
5
5
5
5
5
5
5
5
5
5
5
5
5
5
5
5
5
5
5
5
5
5
5
5
5
5
5
5
5
5
5
5
5
5
5
5
5
5
5
5
5
5
5
5
5
5
5
5
5
5
5
5
5
5
5
5
5
5
5
5
5
5
5
5
5
5
5
5
5
5
5
5
5
5
5
5
5
5
5
5
5
5
5
5
5
5
5
5
5
5
5
5
5
5
5
5
5
5
5
5
5
5
5
5
5
5
5
5
5
5
5
5
5
5
5
5
5
5
5
5
5
5
5
5
5
5
5
5
5
5
5
5
5
5
5
5
5
5
5
5
5
5
5
5
5
5
5
5
5
5
5
5
5
5
5
5
5
5
5
5
5
5
5
5
5
5
5
5
5
5
5
5
5
5
5
5
5
5
5
5
5
5
5
5
5
5
5
5
5
5
5
5
5
5
5
5
5
5
5
5
5
5
5
5
5
5
5
5
5
5
5
5
5
5
5
5
5
5
5
5
5
5
5
5
5
5
5
5
5
5
5
5
5
5
5
5
5
5
5
5
5
5
5
5
5
5
5
5
5
5
5
5
5
5
5
5
5
5
5
5
5
5
5
5
5
5
5
5
5
5
5
5
5
5
5
5
5
5
5
5
5
5
5
5
5
5
5
5
5
5
5
5
5
5
5
5
5
5
5
5
5
5
5
5
5
5
5
5
5
5
5
5
5
5
5
5
5
5
5
5
5
5
5
5
5
5
5
5
5
5
5
5
5
5
5
5
5
5
5
5
5
5
5
5
5
5
5
5
5
5
5
5
5
5
5
5
5
5
5
5
5
5
5
5
5
5
5
5
5
5
5
5
5
5
5
5
5
5
5
5
5
5
5
5
5
5
5
5
5
5
5
5
5
5
5
5
5
5
5
5
5
5
5
5
5
5
5
5
5
5
5
5
5
5
5
5
5
5
5
5
5
5
5
5
5
5
5
5
5
5
5
5
5
5
5
5
5
5
5
5
5
5
5
5
5
5
5
5
5
5
5
5
5
5
5
5
5
5
5
5
5
5
5
5
5
5
5
5
5
5
5
5
5
5
5
5
5
5
5
5
5
5
5
5
5
5
5
5
5
5
5
5
5
5
5
5
5
5
5
5
5
5
5
5
5
5
5
5
5
5
5
5
5
5
5
5
5
5
5
5
5
5
5
5
5
5
5
5
5
5
5
5
5
5
5
5
5
5
5
5
5
5
5
5
5
5
5
5
5
5
5
5
5
5
5
5
5
5
5
5
5
5
5
5
5
5
5
5
5
5
5
5
5
5
5
5
5
5
5
5
5
5
5
5
5
5
5
5
5
5
5
5
5
5
5
5
5
5
5
5
5
5
5
5
5
5
5
5
5
5
5
5
5
5
5
5
5
5
5
5
5
5
5
5
5
5
5
5
5
5
5
5
5
5
5
5
5
5
5
5
5
5
5
5
5
5
5
5
5
5
5
5
5
5
5
5
5
5
5
5
5
5
5
5
5
5
5
5
5
5
5
5
5
5
5
5
5
5
5
5
5
5
5
5
5
5
5
5
5
5
5
5
5
5
5
5
5
5
5
5
5
5
5
5
5
5
5
5
5
5
5
5
5
5
5
5
5
5
5
5
5
5
5
5
5
5
5
5
5
5
5
5
5
5
5
5
5
5
5
5
5
5
5
5
5
5
5
5
5
5
5
5
5
5
5
5
5
5
5
5
5
5
5
5
5
5
5
5
5
5
5
5
5
5
5
5
5
5
5
5
5
5
5
5
5
5
5
5
5
5
5
5
5
5
5
5
5
5
5
5
5
5
5
5
5
5
5
5
5
5
5
5
5
5
5
5
5
5
5
5
5
5
5
5
5
5
5
5
5
5
5
5
5
5
5
5
5
5
5
5
5
5
5
5
5
5
5
5
5
5
5
5
5
5
5
5
5
5
5
5
5
5
5
5
5
5
5
5
5
5
5
5
5
5
5
5
5
5
5
5
5
5
5
5
5
5
5
5
5
5
5
5
5
5
5
5
5
5
5
5
5
5
5
5
5
5
5
5
5
5
5
5
5
5
5
5
5
5
5
5
5
5
5
5
5
5
5
5
5
5
5
5
5
5
5
5
5
5
5
5
5
5
5
5
5
5
5
5
5
5
5
5
5
5
5
5
5
5
5
5
5
5
5
5
5
5
5
5
5
5
5
5
5
5
5
5
5
5
5
5
5
5
5
5
5
5
5
5
5
5
5
5
5
5
5
5
5
5
5
5
5
5
5
5
5
5
5
5
5
5
5
5
5
5
5
5
5
5
5
5
5
5
5
5
5
5
5
5
5
5
5
5
5
5
5
5
5
5
5
5
5
5
5
5
5
5
5
5
5
5
5
5
5
5
5
5
5
5
5
5
5
5
5
5
5
5
5
5
5
5
5
5
5
5
5
5
5
5
5
5
5
5
5
5
5
5
5
5
5
5
5
5
5
5
5
5
5
5
5
5
5
5
5
5
5
5
5
5
5
5
5
5
5
5
5
5
5
5
5
5
5
5
5
5
5
5
5
5
5
5
5
5
5
5
5
5
5
5
5
5
5
5
5
5
5
5
5
5
5
5
5
5
5
5
5
5
5
5
5
5
5
5
5
5
5
5
5
5
5
5
5
5
5
5
5
5
5
5
5
5
5
5
5
5
5
5
5
5
5
5
5
5
5
5
5
5
5
5
5
5
5
5
5
5
5
5
5
5
5
5
5
5
5
5
5
5
5
5
5
5
5
5
5
5
5
5
5
5
5
5
5
5
5
5
5
5
5
5
5
5
5
5
5
5
5
5
5
5
5
5
5
5
5
5
5
5
5
5
5
5
5
5
5
5
5
5
5
5
5
5
5
5
5
5
5
5
5
5
5
5
5
5
5
5
5
5
5
5
5
5
5
5
5
5
5
5
5
5
5
5
5
5
5
5
5
5
5
5
5
5
5
5
5
5
5
5
5
5
5
5
5
5
5
5
5
5
5
5
5
5
5
5
5
5
5
5
5
5
5
5
5
5
5
5
5
5
5
5
5
5
5
5
5
5
5
5
5
5
5
5
5
5
5
5
5
5
5
5
5
5
5
5
5
5
5
5
5
5
5
5
5
5
5
5
5
5
5
5
5
5
5
5
5
5
5
5
5
5
5
5
5
5
5
5
5
5
5
5
5
5
5
5
5
5
5
5
5
5
5
5
5
5
5
5
5
5
5
5
5
5
5
5
5
5
5
5
5
5
5
5
5
5
5
5
5
5
5
5
5
5
5
5
5
5
5
5
5
5
5
5
5
5
5
5
5
5
5
5
5
5
5
5
5
5
5
5
5
5
5
5
5
5
5
5
5
5
5
5
5
5
5
5
5
5
5
5
5
5
5
5
5
5
5
5
5
5
5
5
5
5
5
5
5
5
5
5
5
5
5
5
5
5
5
5
5
5
5
5
5
5
5
5
5
5
5
5
5
5
5
5
5
5
5
5
5
5
5
5
5
5
5
5
5
5
5
5
5
5
5
5
5
5
5
5
5
5
5
5
5
5
5
5
5
5
5
5
5
5
5
5
5
5
5
5
5
5
5
5
5
5
5
5
5
5
5
5
5
5
5
5
5
5
5
5
5
5
5
5
5
5
5
5
5
5
5
5
5
5
5
5
5
5
5
5
5
5
5
5
5
5
5
5
5
5
5
5
5
5
5
5
5
5
5
5
5
5
5
5
5
5
5
5
5
5
5
5
5
5
5
5
5
5
5
5
5
5
5
5
5
5
5
5
5
5
5
5
5
5
5
5
5
5
5
5
5
5
5
5
5
5
5
5
5
5
5
5
5
5
5
5
5
5
5
5
5
5
5
5
5
5
5
5
5
5
5
5
5
5
5
5
5
5
5
5
5
5
5
5
5
5
5
5
5
5
5
5
5
5
5
5
5
5
5
5
5
5
5
5
5
5
5
5
5
5
5
5
5
5
5
5
5
5
5
5
5
5
5
5
5
5
5
5
5
5
5
5
5
5
5
5
5
5
5
5
5
5
5
5
5
5
5
5
5
5
5
5
5
5
5
5
5
5
5
5
5
5
5
5
5
5
5
5
5
5
5
5
5
5
5
5
5
5
5
5
5
5
5
5
5
5
5
5
5
5
5
5
5
5
5
5
5
5
5
5
5
5
5
5
5
5
5
5
5
5
5
5
5
5
5
5
5
5
5
5
5
5
5
5
5
5
5
5
5
5
5
5
5
5
5
5
5
5
5
5
5
5
5
5
5
5
5
5
5
5
5
5
5
5
5
5
5
5
5
5
5
5
5
5
5
5
5
5
5
5
5
5
5
5
5
5
5
5
5
5
5
5
5
5
5
5
5
5
5
5
5
5
5
5
5
5
5
5
5
5
5
5
5
5
5
5
5
5
5
5
5
5
5
5
5
5
5
5
5
5
5
5
5
5
5
5
5
5
5
5
5
5
5
5
5
5
5
5
5
5
5
5
5
5
5
5
5
5
5
5
5
5
5
5
5
5
5
5
5
5
5
5
5
5
5
5
5
5
5
5
5
5
5
5
5
5
5
5
5
5
5
5
5
5
5
5
5
5
5
5
5
5
5
5
5
5
5
5
5
5
5
5
5
5
5
5
5
5
5
5
5
5
5
5
5
5
5
5
5
5
5
5
5
5
5
5
5
5
5
5
5
5
5
5
5
5
5
5
5
5
5
5
5
5
5
5
5
5
5
5
5
5
5
5
5
5
5
5
5
5
5
5
5
5
5
5
5
5
5
5
5
5
5
5
5
5
5
5
5
5
5
5
5
5
5
5
5
5
5
5
5
5
5
5
5
5
5
5
5
5
5
5
5
5
5
5
5
5
5
5
5
5
5
5
5
5
5
5
5
5
5
5
5
5
5
5
5
5
5
5
5
5
5
5
5
5
5
5
5
5
5
5
5
5
5
5
5
5
5
5
5
5
5
5
5
5
5
5
5
5
5
5
5
5
5
5
5
5
5
5
5
5
5
5
5
5
5
5
5
5
5
5
5
5
5
5
5
5
5
5
5
5
5
5
5
5
5
5
5
5
5
5
5
5
5
5
5
5
5
5
5
5
5
5
5
5
5
5
5
5
5
5
5
5
5
5
5
5
5
5
5
5
5
5
5
5
5
5
5
5
5
5
5
5
5
5
5
5
5
5
5
5
5
5
5
5
5
5
5
5
5
5
5
5
5
5
5
5
5
5
5
5
5
5
5
5
5
5
5
5
5
5
5
5
5
5
5
5
5
5
5
5
5
5
5
5
5
5
5
5
5
5
5
5
5
5
5
5
5
5
5
5
5
5
5
5
5
5
5
5
5
5
5
5
5
5
5
5
5
5
5
5
5
5
5
5
5
5
5
5
5
5
5
5
5
5
5
5
5
5
5
5
5
5
5
5
5
5
5
5
5
5
5
5
5
5
5
5
5
5
5
5
5
5
5
5
5
5
5
5
5
5
5
5
5
5
5
5
5
5
5
5
5
5
5
5
5
5
5
5
5
5
5
5
5
5
5
5
5
5
5
5
5
5
5
5
5
5
5
5
5
5
5
5
5
5
5
5
5
5
5
5
5
5
5
5
5
5
5
5
5
5
5
5
5
5
5
5
5
5
5
5
5
5
5
5
5
5
5
5
5
5
5
5
5
5
5
5
5
5
5
5
5
5
5
5
5
5
5
5
5
5
5
5
5
5
5
5
5
5
5
5
5
5
5
5
5
5
5
5
5
5
5
5
5
5
5
5
5
5
5
5
5
5
5
5
5
5
5
5
5
5
5
5
5
5
5
5
5
5
5
5
5
5
5
5
5
5
5
5
5
5
5
5
5
5
5
5
5
5
5
5
5
5
5
5
5
5
5
5
5
5
5
5
5
5
5
5
5
5
5
5
5
5
5
5
5
5
5
5
5
5
5
5
5
5
5
5
5
5
5
5
5
5
5
5
5
5
5
5
5
5
5
5
5
5
5
5
5
5
5
5
5
5
5
5
5
5
5
5
5
5
5
5
5
5
5
5
5
5
5
5
5
5
5
5
5
5
5
5
5
5
5
5
5
5
5
5
5
5
5
5
5
5
5
5
5
5
5
5
5
5
5
5
5
5
5
5
5
5
5
5
5
5
5
5
5
5
5
5
5
5
5
5
5
5
5
5
5
5
5
5
5
5
5
5
5
5
5
5
5
5
5
5
5
5
5
5
5
5
5
5
5
5
5
5
5
5
5
5
5
5
5
5
5
5
5
5
5
5
5
5
5
5
5
5
5
5
5
5
5
5
5
5
5
5
5
5
5
5
5
5
5
5
5
5
5
5
5
5
5
5
5
5
5
5
5
5
5
5
5
5
5
5
5
5
5
5
5
5
5
5
5
5
5
5
5
5
5
5
5
5
5
5
5
5
5
5
5
5
5
5
5
5
5
5
5
5
5
5
5
5
5
5
5
5
5
5
5
5
5
5
5
5
5
5
5
5
5
5
5
5
5
5
5
5
5
5
5
5
5
5
5
5
5
5
5
5
5
5
5
5
5
5
5
5
5
5
5
5
5
5
5
5
5
5
5
5
5
5
5
5
5
5
5
5
5
5
5
5
5
5
5
5
5
5
5
5
5
5
5
5
5
5
5
5
5
5
5
5
5
5
5
5
5
5
5
5
5
5
5
5
5
5
5
5
5
5
5
5
5
5
5
5
5
5
5
5
5
5
5
5
5
5
5
5
5
5
5
5
5
5
5
5
5
5
5
5
5
5
5
5
5
5
5
5
5
5
5
5
5
5
5
5
5
5
5
5
5
5
5
5
5
5
5
5
5
5
5
5
5
5
5
5
5
5
5
5
5
5
5
5
5
5
5
5
5
5
5
5
5
5
5
5
5
5
5
5
5
5
5
5
5
5
5
5
5
5
5
5
5
5
5
5
5
5
5
5
5
5
5
5
5
5
5
5
5
5
5
5
5
5
5
5
5
5
5
5
5
5
5
5
5
5
5
5
5
5
5
5
5
5
5
5
5
5
5
5
5
5
5
5
5
5
5
5
5
5
5
5
5
5
5
5
5
5
5
5
5
5
5
5
5
5
5
5
5
5
5
5
5
5
5
5
5
5
5
5
5
5
5
5
5
5
5
5
5
5
5
5
5
5
5
5
5
5
5
5
5
5
5
5
5
5
5
5
5
5
5
5
5
5
5
5
5
5
5
5
5
5
5
5
5
5
5
5
5
5
5
5
5
5
5
5
5
5
5
5
5
5
5
5
5
5
5
5
5
5
5
5
5
5
5
5
5
5
5
5
5
5
5
5
5
5
5
5
5
5
5
5
5
5
5
5
5
5
5
5
5
5
5
5
5
5
5
5
5
5
5
5
5
5
5
5
5
5
5
5
5
5
5
5
5
5
5
5
5
5
5
5
5
5
5
5
5
5
5
5
5
5
5
5
5
5
5
5
5
5
5
5
5
5
5
5
5
5
5
5
5
5
5
5
5
5
5
5
5
5
5
5
5
5
5
5
5
5
5
5
5
5
5
5
5
5
5
5
5
5
5
5
5
5
5
5
5
5
5
5
5
5
5
5
5
5
5
5
5
5
5
5
5
5
5
5
5
5
5
5
5
5
5
5
5
5
5
5
5
5
5
5
5
5
5
5
5
5
5
5
5
5
5
5
5
5
5
5
5
5
5
5
5
5
5
5
5
5
5
5
5
5
5
5
5
5
5
5
5
5
5
5
5
5
5
5
5
5
5
5
5
5
5
5
5
5
5
5
5
5
5
5
5
5
5
5
5
5
5
5
5
5
5
5
5
5
5
5
5
5
5
5
5
5
5
5
5
5
5
5
5
5
5
5
5
5
5
5
5
5
5
5
5
5
5
5
5
5
5
5
5
5
5
5
5
5
5
5
5
5
5
5
5
5
5
5
5
5
5
5
5
5
5
5
5
5
5
5
5
5
5
5
5
5
5
5
5
5
5
5
5
5
5
5
5
5
5
5
5
5
5
5
5
5
5
5
5
5
5
5
5
5
5
5
5
5
5
5
5
5
5
5
5
5
5
5
5
5
5
5
5
5
5
5
5
5
5
5
5
5
5
5
5
5
5
5
5
5
5
5
5
5
5
5
5
5
5
5
5
5
5
5
5
5
5
5
5
5
5
5
5
5
5
5
5
5
5
5
5
5
5
5
5
5
5
5
5
5
5
5
5
5
5
5
5
5
5
5
5
5
5
5
5
5
5
5
5
5
5
5
5
5
5
5
5
5
5
5
5
5
5
5
5
5
5
5
5
5
5
5
5
5
5
5
5
5
5
5
5
5
5
5
5
5
5
5
5
5
5
5
5
5
5
5
5
5
5
5
5
5
5
5
5
5
5
5
5
5
5
5
5
5
5
5
5
5
5
5
5
5
5
5
5
5
5
5
5
5
5
5
5
5
5
5
5
5
5
5
5
5
5
5
5
5
5
5
5
5
5
5
5
5
5
5
5
5
5
5
5
5
5
5
5
5
5
5
5
5
5
5
5
5
5
5
5
5
5
5
5
5
5
5
5
5
5
5
5
5
5
5
5
5
5
5
5
5
5
5
5
5
5
5
5
5
5
5
5
5
5
5
5
5
5
5
5
5
5
5
5
5
5
5
5
5
5
5
5
5
5
5
5
5
5
5
5
5
5
5
5
5
5
5
5
5
5
5
5
5
5
5
5
5
5
5
5
5
5
5
5
5
5
5
5
5
5
5
5
5
5
5
5
5
5
5
5
5
5
5
5
5
5
5
5
5
5
5
5
5
5
5
5
5
5
5
5
5
5
5
5
5
5
5
5
5
5
5
5
5
5
5
5
5
5
5
5
5
5
5
5
5
5
5
5
5
5
5
5
5
5
5
5
5
5
5
5
5
5
5
5
5
5
5
5
5
5
5
5
5
5
5
5
5
5
5
5
5
5
5
5
5
5
5
5
5
5
5
5
5
5
5
5
5
5
5
5
5
5
5
5
5
5
5
5
5
5
5
5
5
5
5
5
5
5
5
5
5
5
5
5
5
5
5
5
5
5
5
5
5
5
5
5
5
5
5
5
5
5
5
5
5
5
5
5
5
5
5
5
5
5
5
5
5
5
5
5
5
5
5
5
5
5
5
5
5
5
5
5
5
5
5
5
5
5
5
5
5
5
5
5
5
5
5
5
5
5
5
5
5
5
5
5
5
5
5
5
5
5
5
5
5
5
5
5
5
5
5
5
5
5
5
5
5
5
5
5
5
5
5
5
5
5
5
5
5
5
5
5
5
5
5
5
5
5
5
5
5
5
5
5
5
5
5
5
5
5
5
5
5
5
5
5
5
5
5
5
5
5
5
5
5
5
5
5
5
5
5
5
5
5
5
5
5
5
5
5
5
5
5
5
5
5
5
5
5
5
5
5
5
5
5
5
5
5
5
5
5
5
5
5
5
5
5
5
5
5
5
5
5
5
5
5
5
5
5
5
5
5
5
5
5
5
5
5
5
5
5
5
5
5
5
5
5
5
5
5
5
5
5
5
5
5
5
5
5
5
5
5
5
5
5
5
5
5
5
5
5
5
5
5
5
5
5
5
5
5
5
5
5
5
5
5
5
5
5
5
5
5
5
5
5
5
5
5
5
5
5
5
5
5
5
5
5
5
5
5
5
5
5
5
5
5
5
5
5
5
5
5
5
5
5
5
5
5
5
5
5
5
5
5
5
5
5
5
5
5
5
5
5
5
5
5
5
5
5
5
5
5
5
5
5
5
5
5
5
5
5
5
5
5
5
5
5
5
5
5
5
5
5
5
5
5
5
5
5
5
5
5
5
5
5
5
5
5
5
5
5
5
5
5
5
5
5
5
5
5
5
5
5
5
5
5
5
5
5
5
5
5
5
5
5
5
5
5
5
5
5
5
5
5
5
5
5
5
5
5
5
5
5
5
5
5
5
5
5
5
5
5
5
5
5
5
5
5
5
5
5
5
5
5
5
5
5
5
5
5
5
5
5
5
5
5
5
5
5
5
5
5
5
5
5
5
5
5
5
5
5
5
5
5
5
5
5
5
5
5
5
5
5
5
5
5
5
5
5
5
5
5
5
5
5
5
5
5
5
5
5
5
5
5
5
5
5
5
5
5
5
5
5
5
5
5
5
5
5
5
5
5
5
5
5
5
5
5
5
5
5
5
5
5
5
5
5
5
5
5
5
5
5
5
5
5
5
5
5
5
5
5
5
5
5
5
5
5
5
5
5
5
5
5
5
5
5
5
5
5
5
5
5
5
5
5
5
5
5
5
5
5
5
5
5
5
5
5
5
5
5
5
5
5
5
5
5
5
5
5
5
5
5
5
5
5
5
5
5
5
5
5
5
5
5
5
5
5
5
5
5
5
5
5
5
5
5
5
5
5
5
5
5
5
5
5
5
5
5
5
5
5
5
5
5
5
5
5
5
5
5
5
5
5
5
5
5
5
5
5
5
5
5
5
5
5
5
5
5
5
5
5
5
5
5
5
5
5
5
5
5
5
5
5
5
5
5
5
5
5
5
5
5
5
5
5
5
5
5
5
5
5
5
5
5
5
5
5
5
5
5
5
5
5
5
5
5
5
5
5
5
5
5
5
5
5
5
5
5
5
5
5
5
5
5
5
5
5
5
5
5
5
5
5
5
5
5
5
5
5
5
5
5
5
5
5
5
5
5
5
5
5
5
5
5
5
5
5
5
5
5
5
5
5
5
5
5
5
5
5
5
5
5
5
5
5
5
5
5
5
5
5
5
5
5
5
5
5
5
5
5
5
5
5
5
5
5
5
5
5
5
5
5
5
5
5
5
5
5
5
5
5
5
5
5
5
5
5
5
5
5
5
5
5
5
5
5
5
5
5
5
5
5
5
5
5
5
5
5
5
5
5
5
5
5
5
5
5
5
5
5
5
5
5
5
5
5
5
5
5
5
5
5
5
5
5
5
5
5
5
5
5
5
5
5
5
5
5
5
5
5
5
5
5
5
5
5
5
5
5
5
5
5
5
5
5
5
5
5
5
5
5
5
5
5
5
5
5
5
5
5
5
5
5
5
5
5
5
5
5
5
5
5
5
5
5
5
5
5
5
5
5
5
5
5
5
5
5
5
5
5
5
5
5
5
5
5
5
5
5
5
5
5
5
5
5
5
5
5
5
5
5
5
5
5
5
5
5
5
5
5
5
5
5
5
5
5
5
5
5
5
5
5
5
5
5
5
5
5
5
5
5
5
5
5
5
5
5
5
5
5
10
10
10
10
10
10
10
10
10
10
10
10
10
10
10
10
10
10
10
10
10
10
10
10
10
10
10
10
10
10
10
10
10
10
10
10
10
10
10
10
10
10
10
10
10
10
10
10
10
10
10
10
10
10
10
10
10
10
10
10
10
10
10
10
10
10
10
10
10
10
10
10
10
10
10
10
10
10
10
10
10
10
10
10
10
10
10
10
10
10
10
10
10
10
10
10
10
10
10
10
10
10
10
10
10
10
10
10
10
10
10
10
10
10
10
10
10
10
10
10
10
10
10
10
10
10
10
10
10
10
10
10
10
10
10
10
10
10
10
10
10
10
10
10
10
10
10
10
10
10
10
10
10
10
10
10
10
10
10
10
10
10
10
10
10
10
10
10
10
10
10
10
10
10
10
10
10
10
10
10
10
10
10
10
10
10
10
10
10
10
10
10
10
10
10
10
10
10
10
10
10
10
10
10
10
10
10
10
10
10
10
10
10
10
10
10
10
10
10
10
10
10
10
10
10
10
10
10
10
10
10
10
10
10
10
10
10
10
10
10
10
10
10
10
10
10
10
10
10
10
10
10
10
10
10
10
10
10
10
10
10
10
10
10
10
10
10
10
10
10
10
10
10
10
10
10
10
10
10
10
10
10
10
10
10
10
10
10
10
10
10
10
10
10
10
10
10
10
10
10
10
10
10
10
10
10
10
10
10
10
10
10
10
10
10
10
10
10
10
10
10
10
10
10
10
10
10
10
10
10
10
10
10
10
10
10
10
10
10
10
10
10
10
10
10
10
10
10
10
10
10
10
10
10
10
10
10
10
10
10
10
10
10
10
10
10
10
10
10
10
10
10
10
10
10
10
10
10
10
10
10
10
10
10
10
10
10
10
10
10
10
10
10
10
10
10
10
10
10
10
10
10
10
10
10
10
10
10
10
10
10
10
10
10
10
10
10
10
10
10
10
10
10
10
10
10
10
10
10
10
10
10
10
10
10
10
10
10
10
10
10
10
10
10
10
10
10
10
10
10
10
10
10
10
10
10
10
10
10
10
10
10
10
10
10
10
10
10
10
10
10
10
10
10
10
10
10
10
10
10
10
10
10
10
10
10
10
10
10
10
10
10
10
10
10
10
10
10
10
10
10
10
10
10
10
10
10
10
10
10
10
10
10
10
10
10
10
10
10
10
10
10
10
10
10
10
10
10
10
10
10
10
10
10
10
10
10
10
10
10
10
10
10
10
10
10
10
10
10
10
10
10
10
10
10
10
10
10
10
10
10
10
10
10
10
10
10
10
10
10
10
10
10
10
10
10
10
10
10
10
10
10
10
10
10
10
10
10
10
10
10
10
10
10
10
10
10
10
10
10
10
10
10
10
10
10
10
10
10
10
10
10
10
10
10
10
10
10
10
10
10
10
10
10
10
10
10
10
10
10
10
10
10
10
10
10
10
10
10
10
10
10
10
10
10
10
10
10
10
10
10
10
10
10
10
10
10
10
10
10
10
10
10
10
10
10
10
10
10
10
10
10
10
10
10
10
10
10
10
10
10
10
10
10
10
10
10
10
10
10
10
10
10
10
10
10
10
10
10
10
10
10
10
10
10
10
10
10
10
10
10
10
10
10
10
10
10
10
10
10
10
10
10
10
10
10
10
10
10
10
10
10
10
10
10
10
10
10
10
10
10
10
10
10
10
10
10
10
10
10
10
10
10
10
10
10
10
10
10
10
10
10
10
10
10
10
10
10
10
10
10
10
10
10
10
10
10
10
10
10
10
10
10
10
10
10
10
10
10
10
10
10
10
10
10
10
10
10
10
10
10
10
10
10
10
10
10
10
10
10
10
10
10
10
10
10
10
10
10
10
10
10
10
10
10
10
10
10
10
10
10
10
10
10
10
10
10
10
10
10
10
10
10
10
10
10
10
10
10
10
10
10
10
10
10
10
10
10
10
10
10
10
10
10
10
10
10
10
10
10
10
10
10
10
10
10
10
10
10
10
10
10
10
10
10
10
10
10
10
10
10
10
10
10
10
10
10
10
10
10
10
10
10
10
10
10
10
10
10
10
10
10
10
10
10
10
10
10
10
10
10
10
10
10
10
10
10
10
10
10
10
10
10
10
10
10
10
10
10
10
10
10
10
10
10
10
10
10
10
10
10
10
10
10
10
10
10
10
10
10
10
10
10
10
10
10
10
10
10
10
10
10
10
10
10
10
10
10
10
10
10
10
10
10
10
10
10
10
10
10
10
10
10
10
10
10
10
10
10
10
10
10
10
10
10
10
10
10
10
10
10
10
10
10
10
10
10
10
10
10
10
10
10
10
10
10
10
10
10
10
10
10
10
10
10
10
10
10
10
10
10
10
10
10
10
10
10
10
10
10
10
10
10
10
10
10
10
10
10
10
10
10
10
10
10
10
10
10
10
10
10
10
10
10
10
10
10
10
10
10
10
10
10
10
10
10
10
10
10
10
10
10
10
10
10
10
10
10
10
10
10
10
10
10
10
10
10
10
10
10
10
10
10
10
10
10
10
10
10
10
10
10
10
10
10
10
10
10
10
10
10
10
10
10
10
10
10
10
10
10
10
10
10
10
10
10
10
10
10
10
10
10
10
10
10
10
10
10
10
10
10
10
10
10
10
10
10
10
10
10
10
10
10
10
10
10
10
10
10
10
10
10
10
10
10
10
10
10
10
10
10
10
10
10
10
10
10
10
10
10
10
10
10
10
10
10
10
10
10
10
10
10
10
10
10
10
10
10
10
10
10
10
10
10
10
10
10
10
10
10
10
10
10
10
10
10
10
10
10
10
10
10
10
10
10
10
10
10
10
10
10
10
10
10
10
10
10
10
10
10
10
10
10
10
10
10
10
10
10
10
10
10
10
10
10
10
10
10
10
10
10
10
10
10
10
10
10
10
10
10
10
10
10
10
10
10
10
10
10
10
10
10
10
10
10
10
10
10
10
10
10
10
10
10
10
10
10
10
10
10
10
10
10
10
10
10
10
10
10
10
10
10
10
10
10
10
10
10
10
10
10
10
10
10
10
10
10
10
10
10
10
10
10
10
10
10
10
10
10
10
10
10
10
10
10
10
10
10
10
10
10
10
10
10
10
10
10
10
10
10
10
10
10
10
10
10
10
10
10
10
10
10
10
10
10
10
10
10
10
10
10
10
10
10
10
10
10
10
10
10
10
10
10
10
10
10
10
10
10
10
10
10
10
10
10
10
10
10
10
10
10
10
10
10
10
10
10
10
10
10
10
10
10
10
10
10
10
10
10
10
10
10
10
10
10
10
10
10
10
10
10
10
10
10
10
10
10
10
10
10
10
10
10
10
10
10
10
10
10
10
10
10
10
10
10
10
10
10
10
10
10
10
10
10
10
10
10
10
10
10
10
10
10
10
10
10
10
10
10
10
10
10
10
10
10
10
10
10
10
10
10
10
10
10
10
10
10
10
10
10
10
10
10
10
10
10
10
10
10
10
10
10
10
10
10
10
10
10
10
10
10
10
10
10
10
10
10
10
10
10
10
10
10
10
10
10
10
10
10
10
10
10
10
10
10
10
10
10
10
10
10
10
10
10
10
10
10
10
10
10
10
10
10
10
10
10
10
10
10
10
10
10
10
10
10
10
10
10
10
10
10
10
10
10
10
10
10
10
10
10
10
10
10
10
10
10
10
10
10
10
10
10
10
10
10
10
10
10
10
10
10
10
10
10
10
10
10
10
10
10
10
10
10
10
10
10
10
10
10
10
10
10
10
10
10
10
10
10
10
10
10
10
10
10
10
10
10
10
10
10
10
10
10
10
10
10
10
10
10
10
10
10
10
10
10
10
10
10
10
10
10
10
10
10
10
10
10
10
10
10
10
10
10
10
10
10
10
10
10
10
10
10
10
10
10
10
10
10
10
10
10
10
10
10
10
10
10
10
10
10
10
10
10
10
10
10
10
10
10
10
10
10
10
10
10
10
10
10
10
10
10
10
10
10
10
10
10
10
10
10
10
10
10
10
10
10
10
10
10
10
10
10
10
10
10
10
10
10
10
10
10
10
10
10
10
10
10
10
10
10
10
10
10
10
10
10
10
10
10
10
10
10
10
10
10
10
10
10
10
10
10
10
10
10
10
10
10
10
10
10
10
10
10
10
10
10
10
10
10
10
10
10
10
10
10
10
10
10
10
10
10
10
10
10
10
10
10
10
10
10
10
10
10
10
10
10
10
10
10
10
10
10
10
10
10
10
10
10
10
10
10
10
10
10
10
10
10
10
10
10
10
10
10
10
10
10
10
10
10
10
10
10
10
10
10
10
10
10
10
10
10
10
10
10
10
10
10
10
10
10
10
10
10
10
10
10
10
10
10
10
10
10
10
10
10
10
10
10
10
10
10
10
10
10
10
10
10
10
10
10
10
10
10
10
10
10
10
10
10
10
10
10
10
10
10
10
10
10
10
10
10
10
10
10
10
10
10
10
10
10
10
10
10
10
10
10
10
10
10
10
10
10
10
10
10
10
10
10
10
10
10
10
10
10
10
10
10
10
10
10
10
10
10
10
10
10
10
10
10
10
10
10
10
10
10
10
10
10
10
10
10
10
10
10
10
10
10
10
10
10
10
10
10
10
10
10
10
10
10
10
10
10
10
10
10
10
10
10
10
10
10
10
10
10
10
10
10
10
10
10
10
10
10
10
10
10
10
10
10
10
10
10
10
10
10
10
10
10
10
10
10
10
10
10
10
10
10
10
10
10
10
10
10
10
10
10
10
10
10
10
10
10
10
10
10
10
10
10
10
10
10
10
10
10
10
10
10
10
10
10
10
10
10
10
10
10
10
10
10
10
10
10
10
10
10
10
10
10
10
10
10
10
10
10
10
10
10
10
10
10
10
10
10
10
10
10
10
10
10
10
10
10
10
10
10
10
10
10
10
10
10
10
10
10
10
10
10
10
10
10
10
10
10
10
10
10
10
10
10
10
10
10
10
10
10
10
10
10
10
10
10
10
10
10
10
10
10
10
10
10
10
10
10
10
10
10
10
10
10
10
10
10
10
10
10
10
10
10
10
10
10
10
10
10
10
10
10
10
10
10
10
10
10
10
10
10
10
10
10
10
10
10
10
10
10
10
10
10
10
10
10
10
10
10
10
10
10
10
10
10
10
10
10
10
10
10
10
10
10
10
10
10
10
10
10
10
10
10
10
10
10
10
10
10
10
10
10
10
10
10
10
10
10
10
10
10
10
10
10
10
10
10
10
10
10
10
10
10
10
10
10
10
10
10
10
10
10
10
10
10
10
10
10
10
10
10
10
10
10
10
10
10
10
10
10
10
10
10
10
10
10
10
10
10
10
10
10
10
10
10
10
10
10
10
10
10
10
10
10
10
10
10
10
10
10
10
10
10
10
10
10
10
10
10
10
10
10
10
10
10
10
10
10
10
10
10
10
10
10
10
10
10
10
10
10
10
10
10
10
10
10
10
10
10
10
10
10
10
10
10
10
10
10
10
10
10
10
10
10
10
10
10
10
10
10
10
10
10
10
10
10
10
10
10
10
10
10
10
10
10
10
10
10
10
10
10
10
10
10
10
10
10
10
10
10
10
10
10
10
10
10
10
10
10
10
10
10
10
10
10
10
10
10
10
10
10
10
10
10
10
10
10
10
10
10
10
10
10
10
10
10
10
10
10
10
10
10
10
10
10
10
10
10
10
10
10
10
10
10
10
10
10
10
10
10
10
10
10
10
10
10
10
10
10
10
10
10
10
10
10
10
10
10
10
10
10
10
10
10
10
10
10
10
10
10
10
10
10
10
10
10
10
10
10
10
10
10
10
10
10
10
10
10
10
10
10
10
10
10
10
10
10
10
10
10
10
10
10
10
10
10
10
10
10
10
10
10
10
10
10
10
10
10
10
10
10
10
10
10
10
10
10
10
10
10
10
10
10
10
10
10
10
10
10
10
10
10
10
10
10
10
10
10
10
10
10
10
10
10
10
10
10
10
10
10
10
10
10
10
10
10
10
10
10
10
10
10
10
10
10
10
10
10
10
10
10
10
10
10
10
10
10
10
10
10
10
10
10
10
10
10
10
10
10
10
10
10
10
10
10
10
10
10
10
10
10
10
10
10
10
10
10
10
10
10
10
10
10
10
10
10
10
10
10
10
10
10
10
10
10
10
10
10
10
10
10
10
10
10
10
10
10
10
10
10
10
10
10
10
10
10
10
10
10
10
10
10
10
10
10
10
10
10
10
10
10
10
10
10
10
10
10
10
10
10
10
10
10
10
10
10
10
10
10
10
10
10
10
10
10
10
10
10
10
10
10
10
10
10
10
10
10
10
10
10
10
10
10
10
10
10
10
10
10
10
10
10
10
10
10
10
10
10
10
10
10
10
10
10
10
10
10
10
10
10
10
10
10
10
10
10
10
10
10
10
10
10
10
10
10
10
10
10
10
10
10
10
10
10
10
10
10
10
10
10
10
10
10
10
10
10
10
10
10
10
10
10
10
10
10
10
10
10
10
10
10
10
10
10
10
10
10
10
10
10
10
10
10
10
10
10
10
10
10
10
10
10
10
10
10
10
10
10
10
10
10
10
10
10
10
10
10
10
10
10
10
10
10
10
10
10
10
10
10
10
10
10
10
10
10
10
10
10
10
10
10
10
10
10
10
10
10
10
10
10
10
10
10
10
10
10
10
10
10
10
10
10
10
10
10
10
10
10
10
10
10
10
10
10
10
10
10
10
10
10
10
10
10
10
10
10
10
10
10
10
10
10
10
10
10
10
10
10
10
10
10
10
10
10
10
10
10
10
10
10
10
10
10
10
10
10
10
10
10
10
10
10
10
10
10
10
10
10
10
10
10
10
10
10
10
10
10
10
10
10
10
10
10
10
10
10
10
10
10
10
10
10
10
10
10
10
10
10
10
10
10
10
10
10
10
10
10
10
10
10
10
10
10
10
10
10
10
10
10
10
10
10
10
10
10
10
10
10
10
10
10
10
10
10
10
10
10
10
10
10
10
10
10
10
10
10
10
10
10
10
10
10
10
10
10
10
10
10
10
10
10
10
10
10
10
10
10
10
10
10
10
10
10
10
10
10
10
10
10
10
10
10
10
10
10
10
10
10
10
10
10
10
10
10
10
10
10
10
10
10
10
10
10
10
10
10
10
10
10
10
10
10
10
10
10
10
10
10
10
10
10
10
10
10
10
10
10
10
10
10
10
10
10
10
10
10
10
10
10
10
10
10
10
10
10
10
10
10
10
10
10
10
10
10
10
10
10
10
10
10
10
10
10
10
10
10
10
10
10
10
10
10
10
10
10
10
10
10
10
10
10
10
10
10
10
10
10
10
10
10
10
10
10
10
10
10
10
10
10
10
10
10
10
10
10
10
10
10
10
10
10
10
10
10
10
10
10
10
10
10
10
10
10
10
10
10
10
10
10
10
10
10
10
10
10
10
10
10
10
10
10
10
10
10
10
10
10
10
10
10
10
10
10
10
10
10
10
10
10
10
10
10
10
10
10
10
10
10
10
10
10
10
10
10
10
10
10
10
10
10
10
10
10
10
10
10
10
10
10
10
10
10
10
10
10
10
10
10
10
10
10
10
10
10
10
10
10
10
10
10
10
10
10
10
10
10
10
10
10
10
10
10
10
10
10
10
10
10
10
10
10
10
10
10
10
10
10
10
10
10
10
10
10
10
10
10
10
10
10
10
10
10
10
10
10
10
10
10
10
10
10
10
10
10
10
10
10
10
10
10
10
10
10
10
10
10
10
10
10
10
10
10
10
10
10
10
10
10
10
10
10
10
10
10
10
10
10
10
10
10
10
10
10
10
10
10
10
10
10
10
10
10
10
10
10
10
10
10
10
10
10
10
10
10
10
10
10
10
10
10
10
10
10
10
10
10
10
10
10
10
10
10
10
10
10
10
10
10
10
10
10
10
10
10
10
10
10
10
10
10
10
10
10
10
10
10
10
10
10
10
10
10
10
10
10
10
10
10
10
10
10
10
10
10
10
10
10
10
10
10
10
10
10
10
10
10
10
10
10
10
10
10
10
10
10
10
10
10
10
10
10
10
10
10
10
10
10
10
10
10
10
10
10
10
10
10
10
10
10
10
10
10
10
10
10
10
10
10
10
10
10
10
10
10
10
10
10
10
10
10
10
10
10
10
10
10
10
10
10
10
10
10
10
10
10
10
10
10
10
10
10
10
10
10
10
10
10
10
10
10
10
10
10
10
10
10
10
10
10
10
10
10
10
10
10
10
10
10
10
10
10
10
10
10
10
10
10
10
10
10
10
10
10
10
10
10
10
10
10
10
10
10
10
10
10
10
10
10
10
10
10
10
10
10
10
10
10
10
10
10
10
10
10
10
10
10
10
10
10
10
10
10
10
10
10
10
10
10
10
10
10
10
10
10
10
10
10
10
10
10
10
10
10
10
10
10
10
10
10
10
10
10
10
10
10
10
10
10
10
10
10
10
10
10
10
10
10
10
10
10
10
10
10
10
10
10
10
10
10
10
10
10
10
10
10
10
10
10
10
10
10
10
10
10
10
10
10
10
10
10
10
10
10
10
10
10
10
10
10
10
10
10
10
10
10
10
10
10
10
10
10
10
10
10
10
10
10
10
10
10
10
10
10
10
10
10
10
10
10
10
10
10
10
10
10
10
10
10
10
10
10
10
10
10
10
10
10
10
10
10
10
10
10
10
10
10
10
10
10
10
10
10
10
10
10
10
10
10
10
10
10
10
10
10
10
10
10
10
10
10
10
10
10
10
10
10
10
10
10
10
10
10
10
10
10
10
10
10
10
10
10
10
10
10
10
10
10
10
10
10
10
10
10
10
10
10
10
10
10
10
10
10
10
10
10
10
10
10
10
10
10
10
10
10
10
10
10
10
10
10
10
10
10
10
10
10
10
10
10
10
10
10
10
10
10
10
10
10
10
10
10
10
10
10
10
10
10
10
10
10
10
10
10
10
10
10
10
10
10
10
10
10
10
10
10
10
10
10
10
10
10
10
10
10
10
10
10
10
10
10
10
10
10
10
10
10
10
10
10
10
10
10
10
10
10
10
10
10
10
10
10
10
10
10
10
10
10
10
10
10
10
10
10
10
10
10
10
10
10
10
10
10
10
10
10
10
10
10
10
10
10
10
10
10
10
10
10
10
10
10
10
10
10
10
10
10
10
10
10
10
10
10
10
10
10
10
10
10
10
10
10
10
10
10
10
10
10
10
10
10
10
10
10
10
10
10
10
10
10
10
10
10
10
10
10
10
10
10
10
10
10
10
10
10
10
10
10
10
10
10
10
10
10
10
10
10
10
10
10
10
10
10
10
10
10
10
10
10
10
10
10
10
10
10
10
10
10
10
10
10
10
10
10
10
10
10
10
10
10
10
10
10
10
10
10
10
10
10
10
10
10
10
10
10
10
10
10
10
10
10
10
10
10
10
10
10
10
10
10
10
10
10
10
10
10
10
10
10
10
10
10
10
10
10
10
10
10
10
10
10
10
10
10
10
10
10
10
10
10
10
10
10
10
10
10
10
10
10
10
10
10
10
10
10
10
10
10
10
10
10
10
10
10
10
10
10
10
10
10
10
10
10
10
10
10
10
10
10
10
10
10
10
10
10
10
10
10
10
10
10
10
10
10
10
10
10
10
10
10
10
10
10
10
10
10
10
10
10
10
10
10
10
10
10
10
10
10
10
10
10
10
10
10
10
10
10
10
10
10
10
10
10
10
10
10
10
10
10
10
10
10
10
10
10
10
10
10
10
10
10
10
10
10
10
10
10
10
10
10
10
10
10
10
10
10
10
10
10
10
10
10
10
10
10
10
10
10
10
10
10
10
10
10
10
10
10
10
10
10
10
10
10
10
10
10
10
10
10
10
10
10
10
10
10
10
10
10
10
10
10
10
10
10
10
10
10
10
10
10
10
10
10
10
10
10
10
10
10
10
10
10
10
10
10
10
10
10
10
10
10
10
10
10
10
10
10
10
10
10
10
10
10
10
10
10
10
10
10
10
10
10
10
10
10
10
10
10
10
10
10
10
10
10
10
10
10
10
10
10
10
10
10
10
10
10
10
10
10
10
10
10
10
10
10
10
10
10
10
10
10
10
10
10
10
10
10
10
10
10
10
10
10
10
10
10
10
10
10
10
10
10
10
10
10
10
10
10
10
10
10
10
10
10
10
10
10
10
10
10
10
10
10
10
10
10
10
10
10
10
10
10
10
10
10
10
10
10
10
10
10
10
10
10
10
10
10
10
10
10
10
10
10
10
10
10
10
10
10
10
10
10
10
10
10
10
10
10
10
10
10
10
10
10
10
10
10
10
10
10
10
10
10
10
10
10
10
10
10
10
10
10
10
10
10
10
10
10
10
10
10
10
10
10
10
10
10
10
10
10
10
10
10
10
10
10
10
10
10
10
10
10
10
10
10
10
10
10
10
10
10
10
10
10
10
10
10
10
10
10
10
10
10
10
10
10
10
10
10
10
10
10
10
10
10
10
10
10
10
10
10
10
10
10
10
10
10
10
10
10
10
10
10
10
10
10
10
10
10
10
10
10
10
10
10
10
10
10
10
10
10
10
10
10
10
10
10
10
10
10
10
10
10
10
10
10
10
10
10
10
10
10
10
10
10
10
10
10
10
10
10
10
10
10
10
10
10
10
10
10
10
10
10
10
10
10
10
10
10
10
10
10
10
10
10
10
10
10
10
10
10
10
10
10
10
10
10
10
10
10
10
10
10
10
10
10
10
10
10
10
10
10
10
10
10
10
10
10
10
10
10
10
10
10
10
10
10
10
10
10
10
10
10
10
10
10
10
10
10
10
10
10
10
10
10
10
10
10
10
10
10
10
10
10
10
10
10
10
10
10
10
10
10
10
10
10
10
10
10
10
10
10
10
10
10
10
10
10
10
10
10
10
10
10
10
10
10
10
10
10
10
10
10
10
10
10
10
10
10
10
10
10
10
10
10
10
10
10
10
10
10
10
10
10
10
10
10
10
10
10
10
10
10
10
10
10
10
10
10
10
10
10
10
10
10
10
10
10
10
10
10
10
10
10
10
10
10
10
10
10
10
10
10
10
10
10
10
10
10
10
10
10
10
10
10
10
10
10
10
10
10
10
10
10
10
10
10
10
10
10
10
10
10
10
10
10
10
10
10
10
10
10
10
10
10
10
10
10
10
10
10
10
10
10
10
10
10
10
10
10
10
10
10
10
10
10
10
10
10
10
10
10
10
10
10
10
10
10
10
10
10
10
10
10
10
10
10
10
10
10
10
10
10
10
10
10
10
10
10
10
10
10
10
10
10
10
10
10
10
10
10
10
10
10
10
10
10
10
10
10
10
10
10
10
10
10
10
10
10
10
10
10
10
10
10
10
10
10
10
10
10
10
10
10
10
10
10
10
10
10
10
10
10
10
10
10
10
10
10
10
10
10
10
10
10
10
10
10
10
10
10
10
10
10
10
10
10
10
10
10
10
10
10
10
10
10
10
10
10
10
10
10
10
10
10
10
10
10
10
10
10
10
10
10
10
10
10
10
10
10
10
10
10
10
10
10
10
10
10
10
10
10
10
10
10
10
10
10
10
10
10
10
10
10
10
10
10
10
10
10
10
10
10
10
10
10
10
10
10
10
10
10
10
10
10
10
10
10
10
10
10
10
10
10
10
10
10
10
10
10
10
10
10
10
10
10
10
10
10
10
10
10
10
10
10
10
10
10
10
10
10
10
10
10
10
10
10
10
10
10
10
10
10
10
10
10
10
10
10
10
10
10
10
10
10
10
10
10
10
10
10
10
10
10
10
10
10
10
10
10
10
10
10
10
10
10
10
10
10
10
10
10
10
10
10
10
10
10
10
10
10
10
10
10
10
10
10
10
10
10
10
10
10
10
10
10
10
10
10
10
10
10
10
10
10
10
10
10
10
10
10
10
10
10
10
10
10
10
10
10
10
10
10
10
10
10
10
10
10
10
10
10
10
10
10
10
10
10
10
10
10
10
10
10
10
10
10
10
10
10
10
10
10
10
10
10
10
10
10
10
10
10
10
10
10
10
10
10
10
10
10
10
10
10
10
10
10
10
10
10
10
10
10
10
10
10
10
10
10
10
10
10
10
10
10
10
10
10
10
10
10
10
10
10
10
10
10
10
10
10
10
10
10
10
10
10
10
10
10
10
10
10
10
10
10
10
10
10
10
10
10
10
10
10
10
10
10
10
10
10
10
10
10
10
10
10
10
10
10
10
10
10
10
10
10
10
10
10
10
10
10
10
10
10
10
10
10
10
10
10
10
10
10
10
10
10
10
10
10
10
10
10
10
10
10
10
10
10
10
10
10
10
10
10
10
10
10
10
10
10
10
10
10
10
10
10
10
10
10
10
10
10
10
10
10
10
10
10
10
10
10
10
10
10
10
10
10
10
10
10
10
10
10
10
10
10
10
10
10
10
10
10
10
10
10
10
10
10
10
10
10
10
10
10
10
10
10
10
10
10
10
10
10
10
10
10
10
10
10
10
10
10
10
10
10
10
10
10
10
10
10
10
10
10
10
10
10
10
10
10
10
10
10
10
10
10
10
10
10
10
10
10
10
10
10
10
10
10
10
10
10
10
10
10
10
10
10
10
10
10
10
10
10
10
10
10
10
10
10
10
10
10
10
10
10
10
10
10
10
10
10
10
10
10
10
10
10
10
10
10
10
10
10
10
10
10
10
10
10
10
10
10
10
10
10
10
10
10
10
10
10
10
10
10
10
10
10
10
10
10
10
10
10
10
10
10
10
10
10
10
10
10
10
10
10
10
10
10
10
10
10
10
10
10
10
10
10
10
10
10
10
10
10
10
10
10
10
10
10
10
10
10
10
10
10
10
10
10
10
10
10
10
10
10
10
10
10
10
10
10
10
10
10
10
10
10
10
10
10
10
10
10
10
10
10
10
10
10
10
10
10
10
10
10
10
10
10
10
10
10
10
10
10
10
10
10
10
10
10
10
10
10
10
10
10
10
10
10
10
10
10
10
10
10
10
10
10
10
10
10
10
10
10
10
10
10
10
10
10
10
10
10
10
10
10
10
10
10
10
10
10
10
10
10
10
10
10
10
10
10
10
10
10
10
10
10
10
10
10
10
10
10
10
10
10
10
10
10
10
10
10
10
10
10
10
10
10
10
10
10
10
10
10
10
10
10
10
10
10
10
10
10
10
10
10
10
10
10
10
10
10
10
10
10
10
10
10
10
10
10
10
10
10
10
10
10
10
10
10
10
10
10
10
10
10
10
10
10
10
10
10
10
10
10
10
10
10
10
10
10
10
10
10
10
10
10
10
10
10
10
10
10
10
10
10
10
10
10
10
10
10
10
10
10
10
10
10
10
10
10
10
10
10
10
10
10
10
10
10
10
10
10
10
10
10
10
10
10
10
10
10
10
10
10
10
10
10
10
10
10
10
10
10
10
10
10
10
10
10
10
10
10
10
10
10
10
10
10
10
10
10
10
10
10
10
10
10
10
10
10
10
10
10
10
10
10
10
10
10
10
10
10
10
10
10
10
10
10
10
10
10
10
10
10
10
10
10
10
10
10
10
10
10
10
10
10
10
10
10
10
10
10
10
10
10
10
10
10
10
10
10
10
10
10
10
10
10
10
10
10
10
10
10
10
10
10
10
10
10
10
10
10
10
10
10
10
10
10
10
10
10
10
10
10
10
10
10
10
10
10
10
10
10
10
10
10
10
10
10
10
10
10
10
10
10
10
10
10
10
10
10
10
10
10
10
10
10
10
10
10
10
10
10
10
10
10
10
10
10
10
10
10
10
10
10
10
10
10
10
10
10
10
10
10
10
10
10
10
10
10
10
10
10
10
10
10
10
10
10
10
10
10
10
10
10
10
10
10
10
10
10
10
10
10
10
10
10
10
10
10
10
10
10
10
10
10
10
10
10
10
10
10
10
10
10
10
10
10
10
10
10
10
10
10
10
10
10
10
10
10
10
10
10
10
10
10
10
10
10
10
10
10
10
10
10
10
10
10
10
10
10
10
10
10
10
10
10
10
10
10
10
10
10
10
10
10
10
10
10
10
10
10
10
10
10
10
10
10
10
10
10
10
10
10
10
10
10
10
10
10
10
10
10
10
10
10
10
10
10
10
10
10
10
10
10
10
10
10
10
10
10
10
10
10
10
10
10
10
10
10
10
10
10
10
10
10
10
10
10
10
10
10
10
10
10
10
10
10
10
10
10
10
10
10
10
10
10
10
10
10
10
10
10
10
10
10
10
10
10
10
10
10
10
10
10
10
10
10
10
10
10
10
10
10
10
10
10
10
10
10
10
10
10
10
10
10
10
10
10
10
10
10
10
10
10
10
10
10
10
10
10
10
10
10
10
10
10
10
10
10
10
10
10
10
10
10
10
10
10
10
10
10
10
10
10
10
10
10
10
10
10
10
10
10
10
10
10
10
10
10
10
10
10
10
10
10
10
10
10
10
10
10
10
10
10
10
10
10
10
10
10
10
10
10
10
10
10
10
10
10
10
10
10
10
10
10
10
10
10
10
10
10
10
10
10
10
10
10
10
10
10
10
10
10
10
10
10
10
10
10
10
10
10
10
10
10
10
10
10
10
10
10
10
10
10
10
10
10
10
10
10
10
10
10
10
10
10
10
10
10
10
10
10
10
10
10
10
10
10
10
10
10
10
10
10
10
10
10
10
10
10
10
10
10
10
10
10
10
10
10
10
10
10
10
10
10
10
10
10
10
10
10
10
10
10
10
10
10
10
10
10
10
10
10
10
10
10
10
10
10
10
10
10
10
10
10
10
10
10
10
10
10
10
10
10
10
10
10
10
10
10
10
10
10
10
10
10
10
10
10
10
10
10
10
10
10
10
10
10
10
10
10
10
10
10
10
10
10
10
10
10
10
10
10
10
10
10
10
10
10
10
10
10
10
10
10
10
10
10
10
10
10
10
10
10
10
10
10
10
10
10
10
10
10
10
10
10
10
10
10
10
10
10
10
10
10
10
10
10
10
10
10
10
10
10
10
10
10
10
10
10
10
10
10
10
10
10
10
10
10
10
10
10
10
10
10
10
10
10
10
10
10
10
10
10
10
10
10
10
10
10
10
10
10
10
10
10
10
10
10
10
10
10
10
10
10
10
10
10
10
10
10
10
10
10
10
10
10
10
10
10
10
10
10
10
10
10
10
10
10
10
10
10
10
10
10
10
10
10
10
10
10
10
10
10
10
10
10
10
10
10
10
10
10
10
10
10
10
10
10
10
10
10
10
10
10
10
10
10
10
10
10
10
10
10
10
10
10
10
10
10
10
10
10
10
10
10
10
10
10
10
10
10
10
10
10
10
10
10
10
10
10
10
10
10
10
10
10
10
10
10
10
10
10
10
10
10
10
10
10
10
10
10
10
10
10
10
10
10
10
10
10
10
10
10
10
10
10
10
10
10
10
10
10
10
10
10
10
10
10
10
10
10
10
10
10
10
10
10
10
10
10
10
10
10
10
10
10
10
10
10
10
10
10
10
10
10
10
10
10
10
10
10
10
10
10
10
10
10
10
10
10
10
10
10
10
10
10
10
10
10
10
10
10
10
10
10
10
10
10
10
10
10
10
10
10
10
10
10
10
10
10
10
10
10
10
10
10
10
10
10
10
10
10
10
10
10
10
10
10
10
10
10
10
10
10
10
10
10
10
10
10
10
10
10
10
10
10
10
10
10
10
10
10
10
10
10
10
10
10
10
10
10
10
10
10
10
10
10
10
10
10
10
10
10
10
10
10
10
10
10
10
10
10
10
10
10
10
10
10
10
10
10
10
10
10
10
10
10
10
10
10
10
10
10
10
10
10
10
10
10
10
10
10
10
10
10
10
10
10
10
10
10
10
10
10
10
10
10
10
10
10
10
10
10
10
10
10
10
10
10
10
10
10
10
10
10
10
10
10
10
10
10
10
10
10
10
10
10
10
10
10
10
10
10
10
10
10
10
10
10
10
10
10
10
10
10
10
10
10
10
10
10
10
10
10
10
10
10
10
10
10
10
10
10
10
10
10
10
10
10
10
10
10
10
10
10
10
10
10
10
10
10
10
10
10
10
10
10
10
10
10
10
10
10
10
10
10
10
10
10
10
10
10
10
10
10
10
10
10
10
10
10
10
10
10
10
10
10
10
10
10
10
10
10
10
10
10
10
10
10
10
10
10
10
10
10
10
10
10
10
10
10
10
10
10
10
10
10
10
10
10
10
10
10
10
10
10
10
10
10
10
10
10
10
10
10
10
10
10
10
10
10
10
10
10
10
10
10
10
10
10
10
10
10
10
10
10
10
10
10
10
10
10
10
10
10
10
10
10
10
10
10
10
10
10
10
10
10
10
10
10
10
10
10
10
10
10
10
10
10
10
10
10
10
10
10
10
10
10
10
10
10
10
10
10
10
10
10
10
10
10
10
10
10
10
10
10
10
10
10
10
10
10
10
10
10
10
10
10
10
10
10
10
10
10
10
10
10
10
10
10
10
10
10
10
10
10
10
10
10
10
10
10
10
10
10
10
10
10
10
10
10
10
10
10
10
10
10
10
10
10
10
10
10
10
10
10
10
10
10
10
10
10
10
10
10
10
10
10
10
10
10
10
10
10
10
10
10
10
10
10
10
10
10
10
10
10
10
10
10
10
10
10
10
10
10
10
10
10
10
10
10
10
10
10
10
10
10
10
10
10
10
10
10
10
10
10
10
10
10
10
10
10
10
10
10
10
10
10
10
10
10
10
10
10
10
10
10
10
10
10
10
10
10
10
10
10
10
10
10
10
10
10
10
10
10
10
10
10
10
10
10
10
10
10
10
10
10
10
10
10
10
10
10
10
10
10
10
10
10
10
10
10
10
10
10
10
10
10
10
10
10
10
10
10
10
10
10
10
10
10
10
10
10
10
10
10
10
10
10
10
10
10
10
10
10
10
10
10
10
10
10
10
10
10
10
10
10
10
10
10
10
10
10
10
10
10
10
10
10
10
10
10
10
10
10
10
10
10
10
10
10
10
10
10
10
10
10
10
10
10
10
10
10
10
10
10
10
10
10
10
10
10
10
10
10
10
10
10
10
10
10
10
10
10
10
10
10
10
10
10
10
10
10
10
10
10
10
10
10
10
10
10
10
10
10
10
10
10
10
10
10
10
10
10
10
10
10
10
10
10
10
10
10
10
10
10
10
10
10
10
10
10
10
10
10
10
10
10
10
10
10
10
10
10
10
10
10
10
10
10
10
10
10
10
10
10
10
10
10
10
10
10
10
10
10
10
10
10
10
10
10
10
10
10
10
10
10
10
10
10
10
10
10
10
10
10
10
10
10
10
10
10
10
10
10
10
10
10
10
10
10
10
10
10
10
10
10
10
10
10
10
10
10
10
10
10
10
10
10
10
10
10
10
10
10
10
10
10
10
10
10
10
10
10
10
10
10
10
10
10
10
10
10
10
10
10
10
10
10
10
10
10
10
10
10
10
10
10
10
10
10
10
10
10
10
10
10
10
10
10
10
10
10
10
10
10
10
10
10
10
10
10
10
10
10
10
10
10
10
10
10
10
10
10
10
10
10
10
10
10
10
10
10
10
10
10
10
10
10
10
10
10
10
10
10
10
10
10
10
10
10
10
10
10
10
10
10
10
10
10
10
10
10
10
10
10
10
10
10
10
10
10
10
10
10
10
10
10
10
10
10
10
10
10
10
10
10
10
10
10
10
10
10
10
10
10
10
10
10
10
10
10
10
10
10
10
10
10
10
10
10
10
10
10
10
10
10
10
10
10
10
10
10
10
10
10
10
10
10
10
10
10
10
10
10
10
10
10
10
10
10
10
10
10
10
10
10
10
10
10
10
10
10
10
10
10
10
10
10
10
10
10
10
10
10
10
10
10
10
10
10
10
10
10
10
10
10
10
10
10
10
10
10
10
10
10
10
10
10
10
10
10
10
10
10
10
10
10
10
10
10
10
10
10
10
10
10
10
10
10
10
10
10
10
10
10
10
10
10
10
10
10
10
10
10
10
10
10
10
10
10
10
10
10
10
10
10
10
10
10
10
10
10
10
10
10
10
10
10
10
10
10
10
10
10
10
10
10
10
10
10
10
10
10
10
10
10
10
10
10
10
10
10
10
10
10
10
10
10
10
10
10
10
10
10
10
10
10
10
10
10
10
10
10
10
10
10
10
10
10
10
10
10
10
10
10
10
10
10
10
10
10
10
10
10
10
10
10
10
10
10
10
10
10
10
10
10
10
10
10
10
10
10
10
10
10
10
10
10
10
10
10
10
10
10
10
10
10
10
10
10
10
10
10
10
10
10
10
10
10
10
10
10
10
10
10
10
10
10
10
10
10
10
10
10
10
10
10
10
10
10
10
10
10
10
10
10
10
10
10
10
10
10
10
10
10
10
10
10
10
10
10
10
10
10
10
10
10
10
10
10
10
10
10
10
10
10
10
10
10
10
10
10
10
10
10
10
10
10
10
10
10
10
10
10
10
10
10
10
10
10
10
10
10
10
10
10
10
10
10
10
10
10
10
10
10
10
10
10
10
10
10
10
10
10
10
10
10
10
10
10
10
10
10
10
10
10
10
10
10
10
10
10
10
10
10
10
10
10
10
10
10
10
10
10
10
10
10
10
10
10
10
10
10
10
10
10
10
10
10
10
10
10
10
10
10
10
10
10
10
10
10
10
10
10
10
10
10
10
10
10
10
10
10
10
10
10
10
10
10
10
10
10
10
10
10
10
10
10
10
10
10
10
10
10
10
10
10
10
10
10
10
10
10
10
10
10
10
10
10
10
10
10
10
10
10
10
10
10
10
10
10
10
10
10
10
10
10
10
10
10
10
10
10
10
10
10
10
10
10
10
10
10
10
10
10
10
10
10
10
10
10
10
10
10
10
10
10
10
10
10
10
10
10
10
10
10
10
10
10
10
10
10
10
10
10
10
10
10
10
10
10
10
10
10
10
10
10
10
10
10
10
10
10
10
10
10
10
10
10
10
10
10
10
10
10
10
10
10
10
10
10
10
10
10
10
10
10
10
10
10
10
10
10
10
10
10
10
10
10
10
10
10
10
10
10
10
10
10
10
10
10
10
10
10
10
10
10
10
10
10
10
10
10
10
10
10
10
10
10
10
10
10
10
10
10
10
10
10
10
10
10
10
10
10
10
10
10
10
10
10
10
10
10
10
10
10
10
10
10
10
10
10
10
10
10
10
10
10
10
10
10
10
10
10
10
10
10
10
10
10
10
10
10
10
10
10
10
10
10
10
10
10
10
10
10
10
10
10
10
10
10
10
10
10
10
10
10
10
10
10
10
10
10
10
10
10
10
10
10
10
10
10
10
10
10
10
10
10
10
10
10
10
10
10
10
10
10
10
10
10
10
10
10
10
10
10
10
10
10
10
10
10
10
10
10
10
10
10
10
10
10
10
10
10
10
10
10
10
10
10
10
10
10
10
10
10
10
10
10
10
10
10
10
10
10
10
10
10
10
10
10
10
10
10
10
10
10
10
10
10
10
10
10
10
10
10
10
10
10
10
10
10
10
10
10
10
10
10
10
10
10
10
10
10
10
10
10
10
10
10
10
10
10
10
10
10
10
10
10
10
10
10
10
10
10
10
10
10
10
10
10
10
10
10
10
10
10
10
10
10
10
10
10
10
10
10
10
10
10
10
10
10
10
10
10
10
10
10
10
10
10
10
10
10
10
10
10
10
10
10
10
10
10
10
10
10
10
10
10
10
10
10
10
10
10
10
10
10
10
10
10
10
10
10
10
10
10
10
10
10
10
10
10
10
10
10
10
10
10
10
10
10
10
10
10
10
10
10
10
10
10
10
10
10
10
10
10
10
10
10
10
10
10
10
10
10
10
10
10
10
10
10
10
10
10
10
10
10
10
10
10
10
10
10
10
10
10
10
10
10
10
10
10
10
10
10
10
10
10
10
10
10
10
10
10
10
10
10
10
10
10
10
10
10
10
10
10
10
10
10
10
10
10
10
10
10
10
10
10
10
10
10
10
10
10
10
10
10
10
10
10
10
10
10
10
10
10
10
10
10
10
10
10
10
10
10
10
10
10
10
10
10
10
10
10
10
10
10
10
10
10
10
10
10
10
10
10
10
10
10
10
10
10
10
10
10
10
10
10
10
10
10
10
10
10
10
10
10
10
10
10
10
10
10
10
10
10
10
10
10
10
10
10
10
10
10
10
10
10
10
10
10
10
10
10
10
10
10
10
10
10
10
10
10
10
10
10
10
10
10
10
10
10
10
10
10
10
10
10
10
10
10
10
10
10
10
10
10
10
10
10
10
10
10
10
10
10
10
10
10
10
10
10
10
10
10
10
10
10
10
10
10
10
10
10
10
10
10
10
10
10
10
10
10
10
10
10
10
10
10
10
10
10
10
10
10
10
10
10
10
10
10
10
10
10
10
10
10
10
10
10
10
10
10
10
10
10
10
10
10
10
10
10
10
10
10
10
10
10
10
10
10
10
10
10
10
10
10
10
10
10
10
10
10
10
10
10
10
10
10
10
10
10
10
10
10
10
10
10
10
10
10
10
10
10
10
10
10
10
10
10
10
10
10
10
10
10
10
10
10
10
10
10
10
10
10
10
10
10
10
10
10
10
10
10
10
10
10
10
10
10
10
10
10
10
10
10
10
10
10
10
10
10
10
10
10
10
10
10
10
10
10
10
10
10
10
10
10
10
10
10
10
10
10
10
10
10
10
10
10
10
10
10
10
10
10
10
10
10
10
10
10
10
10
10
10
10
10
10
10
10
10
10
10
10
10
10
10
10
10
10
10
10
10
10
10
10
10
10
10
10
10
10
10
10
10
10
10
10
10
10
10
10
10
10
10
10
10
10
10
10
10
10
10
10
10
10
10
10
10
10
10
10
10
10
10
10
10
10
10
10
10
10
10
10
10
10
10
10
10
10
10
10
10
10
10
10
10
10
10
10
10
10
10
10
10
10
10
10
10
10
10
10
10
10
10
10
10
10
10
10
10
10
10
10
10
10
10
10
10
10
10
10
10
10
10
10
10
10
10
10
10
10
10
10
10
10
10
10
10
10
10
10
10
10
10
10
10
10
10
10
10
10
10
10
10
10
10
10
10
10
10
10
10
10
10
10
10
10
10
10
10
10
10
10
10
10
10
10
10
10
10
10
10
10
10
10
10
10
10
10
10
10
10
10
10
10
10
10
10
10
10
10
10
10
10
10
10
10
10
10
10
10
10
10
10
10
10
10
10
10
10
10
10
10
10
10
10
10
10
10
10
10
10
10
10
10
10
10
10
10
10
10
10
10
10
10
10
10
10
10
10
10
10
10
10
10
10
10
10
10
10
10
10
10
10
10
10
10
10
10
10
10
10
10
10
10
10
10
10
10
10
10
10
10
10
10
10
10
10
10
10
10
10
10
10
10
10
10
10
10
10
10
10
10
10
10
10
10
10
10
10
10
10
10
10
10
10
10
10
10
10
10
10
10
10
10
10
10
10
10
10
10
10
10
10
10
10
10
10
10
10
10
10
10
10
10
10
10
10
10
10
10
10
10
10
10
10
10
10
10
10
10
10
10
10
10
10
10
10
10
10
10
10
10
10
10
10
10
10
10
10
10
10
10
10
10
10
10
10
10
10
10
10
10
10
10
10
10
10
10
10
10
10
10
10
10
10
10
10
10
10
10
10
10
10
10
10
10
10
10
10
10
10
10
10
10
10
10
10
10
10
10
10
10
10
10
10
10
10
10
10
10
10
10
10
10
10
10
10
10
10
10
10
10
10
10
10
10
10
10
10
10
10
10
10
10
10
10
10
10
10
10
10
10
10
10
10
10
10
10
10
10
10
10
10
10
10
10
10
10
10
10
10
10
10
10
10
10
10
10
10
10
10
10
10
10
10
10
10
10
10
10
10
10
10
10
10
10
10
10
10
10
10
10
10
10
10
10
10
10
10
10
10
10
10
10
10
10
10
10
10
10
10
10
10
10
10
10
10
10
10
10
10
10
10
10
10
10
10
10
10
10
10
10
10
10
10
10
10
10
10
10
10
10
10
10
10
10
10
10
10
10
10
10
10
10
10
10
10
10
10
10
10
10
10
10
10
10
10
10
10
10
10
10
10
10
10
10
10
10
10
10
10
10
10
10
10
10
10
10
10
10
10
10
10
10
10
10
10
10
10
10
10
10
10
10
10
10
10
10
10
10
10
10
10
10
10
10
10
10
10
10
10
10
10
10
10
10
10
10
10
10
10
10
10
10
10
10
10
10
10
10
10
10
10
10
10
10
10
10
10
10
10
10
10
10
10
10
10
10
10
10
10
10
10
10
10
10
10
10
10
10
10
10
10
10
10
10
10
10
10
10
10
10
10
10
10
10
10
10
10
10
10
10
10
10
10
10
10
10
10
10
10
10
10
10
10
10
10
10
10
10
10
10
10
10
10
10
10
10
10
10
10
10
10
10
10
10
10
10
10
10
10
10
10
10
10
10
10
10
10
10
10
10
10
10
10
10
10
10
10
10
10
10
10
10
10
10
10
10
10
10
10
10
10
10
10
10
10
10
10
10
10
10
10
10
10
10
10
10
10
10
10
10
10
10
10
10
10
10
10
10
10
10
10
10
10
10
10
10
10
10
10
10
10
10
10
10
10
10
10
10
10
10
10
10
10
10
10
10
10
10
10
10
10
10
10
10
10
10
10
10
10
10
10
10
10
10
10
10
10
10
10
10
10
10
10
10
10
10
10
10
10
10
10
10
10
10
10
10
10
10
10
10
10
10
10
10
10
10
10
10
10
10
10
10
10
10
10
10
10
10
10
10
10
10
10
10
10
10
10
10
10
10
10
10
10
10
10
10
10
10
10
10
10
10
10
10
10
10
10
10
10
10
10
10
10
10
10
10
10
10
10
10
10
10
10
10
10
10
10
10
10
10
10
10
10
10
10
10
10
10
10
10
10
10
10
10
10
10
10
10
10
10
10
10
10
10
10
10
10
10
10
10
10
10
10
10
10
10
10
10
10
10
10
10
10
10
10
10
10
10
10
10
10
10
10
10
10
10
10
10
10
10
10
10
10
10
10
10
10
10
10
10
10
10
10
10
10
10
10
10
10
10
10
10
10
10
10
10
10
10
10
10
10
10
10
10
10
10
10
10
10
10
10
10
10
10
10
10
10
10
10
10
10
10
10
10
10
10
10
10
10
10
10
10
10
10
10
10
10
10
10
10
10
10
10
10
10
10
10
10
10
10
10
10
10
10
10
10
10
10
10
10
10
10
10
10
10
10
10
10
10
10
10
10
10
10
10
10
10
10
10
10
10
10
10
10
10
10
10
10
10
10
10
10
10
10
10
10
10
10
10
10
10
10
10
10
10
10
10
10
10
10
10
10
10
10
10
10
10
10
10
10
10
10
10
10
10
10
10
10
10
10
10
10
10
10
10
10
10
10
10
10
10
10
10
10
10
10
10
10
10
10
10
10
10
10
10
10
10
10
10
10
10
10
10
10
10
10
10
10
10
10
10
10
10
10
10
10
10
10
10
10
10
10
10
10
10
10
10
10
10
10
10
10
10
10
10
10
10
10
10
10
10
10
10
10
10
10
10
10
10
10
10
10
10
10
10
10
10
10
10
10
10
10
10
10
10
10
10
10
10
10
10
10
10
10
10
10
10
10
10
10
10
10
10
10
10
10
10
10
10
10
10
10
10
10
10
10
10
10
10
10
10
10
10
10
10
10
10
10
10
10
10
10
10
10
10
10
10
10
10
10
10
10
10
10
10
10
10
10
10
10
10
10
10
10
10
10
10
10
10
10
10
10
10
10
10
10
10
10
10
10
10
10
10
10
10
10
10
10
10
10
10
10
10
10
10
10
10
10
10
10
10
10
10
10
10
10
10
10
10
10
10
10
10
10
10
10
10
10
10
10
10
10
10
10
10
10
10
10
10
10
10
10
10
10
10
10
10
10
10
10
10
10
10
10
10
10
10
10
10
10
10
10
10
10
10
10
10
10
10
10
10
10
10
10
10
10
10
10
10
10
10
10
10
10
10
10
10
10
10
10
10
10
10
10
10
10
10
10
10
10
10
10
10
10
10
10
10
10
10
10
10
10
10
10
10
10
10
10
10
10
10
10
10
10
10
10
10
10
10
10
10
10
10
10
10
10
10
10
10
10
10
10
10
10
10
10
10
10
10
10
10
10
10
10
10
10
10
10
10
10
10
10
10
10
10
10
10
10
10
10
10
10
10
10
10
10
10
10
10
10
10
10
10
10
10
10
10
10
10
10
10
10
10
10
10
10
10
10
10
10
10
10
10
10
10
10
10
10
10
10
10
10
10
10
10
10
10
10
10
10
10
10
10
10
10
10
10
10
10
10
10
10
10
10
10
10
10
10
10
10
10
10
10
10
10
10
10
10
10
10
10
10
10
10
10
10
10
10
10
10
10
10
10
10
10
10
10
10
10
10
10
10
10
10
10
10
10
10
10
10
10
10
10
10
10
10
10
10
10
10
10
10
10
10
10
10
10
10
10
10
10
10
10
10
10
10
10
10
10
10
10
10
10
10
10
10
10
10
10
10
10
10
10
10
10
10
10
10
10
10
10
10
10
10
10
10
10
10
10
10
10
10
10
10
10
10
10
10
10
10
10
10
10
10
10
10
10
10
10
10
10
10
10
10
10
10
10
10
10
10
10
10
10
10
10
10
10
10
10
10
10
10
10
10
10
10
10
10
10
10
10
10
10
10
10
10
10
10
10
10
10
10
10
10
10
10
10
10
10
10
10
10
10
10
10
10
10
10
10
10
10
10
10
10
10
10
10
10
10
10
10
10
10
10
10
10
10
10
10
10
10
10
10
10
10
10
10
10
10
10
10
10
10
10
10
10
10
10
10
10
10
10
10
10
10
10
10
10
10
10
10
10
10
10
10
10
10
10
10
10
10
10
10
10
10
10
10
10
10
10
10
10
10
10
10
10
10
10
10
10
10
10
10
10
10
10
10
10
10
10
10
10
10
10
10
10
10
10
10
10
10
10
10
10
10
10
10
10
10
10
10
10
10
10
10
10
10
10
10
10
10
10
10
10
10
10
10
10
10
10
10
10
10
10
10
10
10
10
10
10
10
10
10
10
10
10
10
10
10
10
10
10
10
10
10
10
10
10
10
10
10
10
10
10
10
10
10
10
10
10
10
10
10
10
10
10
10
10
10
10
10
10
10
10
10
10
10
10
10
10
10
10
10
10
10
10
10
10
10
10
10
10
10
10
10
10
10
10
10
10
10
10
10
10
10
10
10
10
10
10
10
10
10
10
10
10
10
10
10
10
10
10
10
10
10
10
10
10
10
10
10
10
10
10
10
10
10
10
10
10
10
10
10
10
10
10
10
10
10
10
10
10
10
10
10
10
10
10
10
10
10
10
10
10
10
10
10
10
10
10
10
10
10
10
10
10
10
10
10
10
10
10
10
10
10
10
10
10
10
10
10
10
10
10
10
10
10
10
10
10
10
10
10
10
10
10
10
10
10
10
10
10
10
10
10
10
10
10
10
10
10
10
10
10
10
10
10
10
10
10
10
10
10
10
10
10
10
10
10
10
10
10
10
10
10
10
10
10
10
10
10
10
10
10
10
10
10
10
10
10
10
10
10
10
10
10
10
10
10
10
10
10
10
10
10
10
10
10
10
10
10
10
10
10
10
10
10
10
10
10
10
10
10
10
10
10
10
10
10
10
10
10
10
10
10
10
10
10
10
10
10
10
10
10
10
10
10
10
10
10
10
10
10
10
10
10
10
10
10
10
10
10
10
10
10
10
10
10
10
10
10
10
10
10
10
10
10
10
10
10
10
10
10
10
10
10
10
10
10
10
10
10
10
10
10
10
10
10
10
10
10
10
10
10
10
10
10
10
10
10
10
10
10
10
10
10
10
10
10
10
10
10
10
10
10
10
10
10
10
10
10
10
10
10
10
10
10
10
10
10
10
10
10
10
10
10
10
10
10
10
10
10
10
10
10
10
10
10
10
10
10
10
10
10
10
10
10
10
10
10
10
10
10
10
10
10
10
10
10
10
10
10
10
10
10
10
10
10
10
10
10
10
10
10
10
10
10
10
10
10
10
10
10
10
10
10
10
10
10
10
10
10
10
10
10
10
10
10
10
10
10
10
10
10
10
10
10
10
10
10
10
10
10
10
10
10
10
10
10
10
10
10
10
10
10
10
10
10
10
10
10
10
10
10
10
10
10
10
10
10
10
10
10
10
10
10
10
10
10
10
10
10
10
10
10
10
10
10
10
10
10
10
10
10
10
10
10
10
10
10
10
10
10
10
10
10
10
10
10
10
10
10
10
10
10
10
10
10
10
10
10
10
10
10
10
10
10
10
10
10
10
10
10
10
10
10
10
10
10
10
10
10
10
10
10
10
10
10
10
10
10
10
10
10
10
10
10
10
10
10
10
10
10
10
10
10
10
10
10
10
10
10
10
10
10
10
10
10
10
10
10
10
10
10
10
10
10
10
10
10
10
10
10
10
10
10
10
10
10
10
10
10
10
10
10
10
10
10
10
10
10
10
10
10
10
10
10
10
10
10
10
10
10
10
10
10
10
10
10
10
10
10
10
10
10
10
10
10
10
10
10
10
10
10
10
10
10
10
10
10
10
10
10
10
10
10
10
10
10
10
10
10
10
10
10
10
10
10
10
10
10
10
10
10
10
10
10
10
10
10
10
10
10
10
10
10
10
10
10
10
10
10
10
10
10
10
10
10
10
10
10
10
10
10
10
10
10
10
10
10
10
10
10
10
10
10
10
10
10
10
10
10
10
10
10
10
10
10
10
10
10
10
10
10
10
10
10
10
10
10
10
10
10
10
10
10
10
10
10
10
10
10
10
10
10
10
10
10
10
10
10
10
10
10
10
10
10
10
10
10
10
10
10
10
10
10
10
10
10
10
10
10
10
10
10
10
10
10
10
10
10
10
10
10
10
10
10
10
10
10
10
10
10
10
10
10
10
10
10
10
10
10
10
10
10
10
10
10
10
10
10
10
10
10
10
10
10
10
10
10
10
10
10
10
10
10
10
10
10
10
10
10
10
10
10
10
10
10
10
10
10
10
10
10
10
10
10
10
10
10
10
10
10
10
10
10
10
10
10
10
10
10
10
10
10
10
10
10
10
10
10
10
10
10
10
10
10
10
10
10
10
10
10
10
10
10
10
10
10
10
10
10
10
10
10
10
10
10
10
10
10
10
10
10
10
10
10
10
10
10
10
10
10
10
10
10
10
10
10
10
10
10
10
10
10
10
10
10
10
10
10
10
10
10
10
10
10
10
10
10
10
10
10
10
10
10
10
10
10
10
10
10
10
10
10
10
10
10
10
10
10
10
10
10
10
10
10
10
10
10
10
10
10
10
10
10
10
10
10
10
10
10
10
10
10
10
10
10
10
10
10
10
10
10
10
10
10
10
10
10
10
10
10
10
10
10
10
10
10
10
10
10
10
10
10
10
10
10
10
10
10
10
10
10
10
10
10
10
10
10
10
10
10
10
10
10
10
10
10
10
10
10
10
10
10
10
10
10
10
10
10
10
10
10
10
10
10
10
10
10
10
10
10
10
10
10
10
10
10
10
10
10
10
10
10
10
10
10
10
10
10
10
10
10
10
10
10
10
10
10
10
10
10
10
10
10
10
10
10
10
10
10
10
10
10
10
10
10
10
10
10
10
10
10
10
10
10
10
10
10
10
10
10
10
10
10
10
10
10
10
10
10
10
10
10
10
10
10
10
10
10
10
10
10
10
10
10
10
10
10
10
10
10
10
10
10
10
10
10
10
10
10
10
10
10
10
10
10
10
10
10
10
10
10
10
10
10
10
10
10
10
10
10
10
10
10
10
10
10
10
10
10
10
10
10
10
10
10
10
10
10
10
10
10
10
10
10
10
10
10
10
10
10
10
10
10
10
10
10
10
10
10
10
10
10
10
10
10
10
10
10
10
10
10
10
10
10
10
10
10
10
10
10
10
10
10
10
10
10
10
10
10
10
10
10
10
10
10
10
10
10
10
10
10
10
10
10
10
10
10
10
10
10
10
10
10
10
10
10
10
10
10
10
10
10
10
10
10
10
10
10
10
10
10
10
10
10
10
10
10
10
10
10
10
10
10
10
10
10
10
10
10
10
10
10
10
10
10
10
10
10
10
10
10
10
10
10
10
10
10
10
10
10
10
10
10
10
10
10
10
10
10
10
10
10
10
10
10
10
10
10
10
10
10
10
10
10
10
10
10
10
10
10
10
10
10
10
10
10
10
10
10
10
10
10
10
10
10
10
10
10
10
10
10
10
10
10
10
10
10
10
10
10
10
10
10
10
10
10
10
10
10
10
10
10
10
10
10
10
10
10
10
10
10
10
10
10
10
10
10
10
10
10
10
10
10
10
10
10
10
10
10
10
10
10
10
10
10
10
10
10
10
10
10
10
10
10
10
10
10
10
10
10
10
10
10
10
10
10
10
10
10
10
10
10
10
10
10
10
10
10
10
10
10
10
10
10
10
10
10
10
10
10
10
10
10
10
10
10
10
10
10
10
10
10
10
10
10
10
10
10
10
10
10
10
10
10
10
10
10
10
10
10
10
10
10
10
10
10
10
10
10
10
10
10
10
10
10
10
10
10
10
10
10
10
10
10
10
10
10
10
10
10
10
10
10
10
10
10
10
10
10
10
10
10
10
10
10
10
10
10
10
10
10
10
10
10
10
10
10
10
10
10
10
10
10
10
10
10
10
10
10
10
10
10
10
10
10
10
10
10
10
10
10
10
10
10
10
10
10
10
10
10
10
10
10
10
10
10
10
10
10
10
10
10
10
10
10
10
10
10
10
10
10
10
10
10
10
10
10
10
10
10
10
10
10
10
10
10
10
10
10
10
10
10
10
10
10
10
10
10
10
10
10
10
10
10
10
10
10
10
10
10
10
10
10
10
10
10
10
10
10
10
10
10
10
10
10
10
10
10
10
10
10
10
10
10
10
10
10
10
10
10
10
10
10
10
10
10
10
10
10
10
10
10
10
10
10
10
10
10
10
10
10
10
10
10
10
10
10
10
10
10
10
10
10
10
10
10
10
10
10
10
10
10
10
10
10
10
10
10
10
10
10
10
10
10
10
10
10
10
10
10
10
10
10
10
10
10
10
10
10
10
10
10
10
10
10
10
10
10
10
10
10
10
10
10
10
10
10
10
10
10
10
10
10
10
10
10
10
10
10
10
10
10
10
10
10
10
10
10
10
10
10
10
10
10
10
10
10
10
10
10
10
10
10
10
10
10
10
10
10
10
10
10
10
10
10
10
10
10
10
10
10
10
10
10
10
10
10
10
10
10
10
10
10
10
10
10
10
10
10
10
10
10
10
10
10
10
10
10
10
10
10
10
10
10
10
10
10
10
10
10
10
10
10
10
10
10
10
10
10
10
10
10
10
10
10
10
10
10
10
10
10
10
10
10
10
10
10
10
10
10
10
10
10
10
10
10
10
10
10
10
10
10
10
10
10
10
10
10
10
10
10
10
10
10
10
10
10
10
10
10
10
10
10
10
10
10
10
10
10
10
10
10
10
10
10
10
10
10
10
10
10
10
10
10
10
10
10
10
10
10
10
10
10
10
10
10
10
10
10
10
10
10
10
10
10
10
10
10
10
10
10
10
10
10
10
10
10
10
10
10
10
10
10
10
10
10
10
10
10
10
10
10
10
10
10
10
10
10
10
10
10
10
10
10
10
10
10
10
10
10
10
10
10
10
10
10
10
10
10
10
10
10
10
10
10
10
10
10
10
10
10
10
10
10
10
10
10
10
10
10
10
10
10
10
10
10
10
10
10
10
10
10
10
10
10
10
10
10
10
10
10
10
10
10
10
10
10
10
10
10
10
10
10
10
10
10
10
10
10
10
10
10
10
10
10
10
10
10
10
10
10
10
10
10
10
10
10
10
10
10
10
10
10
10
10
10
10
10
10
10
10
10
10
10
10
10
10
10
10
10
10
10
10
10
10
10
10
10
10
10
10
10
10
10
10
10
10
10
10
10
10
10
10
10
10
10
10
10
10
10
10
10
10
10
10
10
10
10
10
10
10
10
10
10
10
10
10
10
10
10
10
10
10
10
10
10
10
10
10
10
10
10
10
10
10
10
10
10
10
10
10
10
10
10
10
10
10
10
10
10
10
10
10
10
10
10
10
10
10
10
10
10
10
10
10
10
10
10
10
10
10
10
10
10
10
10
10
10
10
10
10
10
10
10
10
10
10
10
10
10
10
10
10
10
10
10
10
10
10
10
10
10
10
10
10
10
10
10
10
10
10
10
10
10
10
10
10
10
10
10
10
10
10
10
10
10
10
10
10
10
10
10
10
10
10
10
10
10
10
10
10
10
10
10
10
10
10
10
10
10
10
10
10
10
10
10
10
10
10
10
10
10
10
10
10
10
10
10
10
10
10
10
10
10
10
10
10
10
10
10
10
10
10
10
10
10
10
10
10
10
10
10
10
10
10
10
10
10
10
10
10
10
10
10
10
10
10
10
10
10
10
10
10
10
10
10
10
10
10
10
10
10
10
10
10
10
10
10
10
10
10
10
10
10
10
10
10
10
10
10
10
10
10
10
10
10
10
10
10
10
10
10
10
10
10
10
10
10
10
10
10
10
10
10
10
10
10
10
10
10
10
10
10
10
10
10
10
10
10
10
10
10
10
10
10
10
10
10
10
10
10
10
10
10
10
10
10
10
10
10
10
10
10
10
10
10
10
10
10
10
10
10
10
10
10
10
10
10
10
10
10
10
10
10
10
10
10
10
10
10
10
10
10
10
10
10
10
10
10
10
10
10
10
10
10
10
10
10
10
10
10
10
10
10
10
10
10
10
10
10
10
10
10
10
10
10
10
10
10
10
10
10
10
10
10
10
10
10
10
10
10
10
10
10
10
10
10
10
10
10
10
10
10
10
10
10
10
10
10
10
10
10
10
10
10
10
10
10
10
10
10
10
10
10
10
10
10
10
10
10
10
10
10
10
10
10
10
10
10
10
10
10
10
10
10
10
10
10
10
10
10
10
10
10
10
10
10
10
10
10
10
10
10
10
10
10
10
10
10
10
10
10
10
10
10
10
10
10
10
10
10
10
10
10
10
10
10
10
10
10
10
10
10
10
10
10
10
10
10
10
10
10
10
10
10
10
10
10
10
10
10
10
10
10
10
10
10
10
10
10
10
10
10
10
10
10
10
10
10
10
10
10
10
10
10
10
10
10
10
10
10
10
10
10
10
10
10
10
10
10
10
10
10
10
10
10
10
10
10
10
10
10
10
10
10
10
10
10
10
10
10
10
10
10
10
10
10
10
10
10
10
10
10
10
10
10
10
10
10
10
10
10
10
10
10
10
10
10
10
10
10
10
10
10
10
10
10
10
10
10
10
10
10
10
10
10
10
10
10
10
10
10
10
10
10
10
10
10
10
10
10
10
10
10
10
10
10
10
10
10
10
10
10
10
10
10
10
10
10
10
10
10
10
10
10
10
10
10
10
10
10
10
10
10
10
10
10
10
10
10
10
10
10
10
10
10
10
10
10
10
10
10
10
10
10
10
10
10
10
10
10
10
10
10
10
10
10
10
10
10
10
10
10
10
10
10
10
10
10
10
10
10
10
10
10
10
10
10
10
10
10
10
10
10
10
10
10
10
10
10
10
10
10
10
10
10
10
10
10
10
10
10
10
10
10
10
10
10
10
10
10
10
10
10
10
10
10
10
10
10
10
10
10
10
10
10
10
10
10
10
10
10
10
10
10
10
10
10
10
10
10
10
10
10
10
10
10
10
10
10
10
10
10
10
10
10
10
10
10
10
10
10
10
10
10
10
10
10
10
10
10
10
10
10
10
10
10
10
10
10
10
10
10
10
10
10
10
10
10
10
10
10
10
10
10
10
10
10
10
10
10
10
10
10
10
10
10
10
10
10
10
10
10
10
10
10
10
10
10
10
10
10
10
10
10
10
10
10
10
10
10
10
10
10
10
10
10
10
10
10
10
10
10
10
10
10
10
10
10
10
10
10
10
10
10
10
10
10
10
10
10
10
10
10
10
10
10
10
10
10
10
10
10
10
10
10
10
10
10
10
10
10
10
10
10
10
10
10
10
10
10
10
10
10
10
10
10
10
10
10
10
10
10
10
10
10
10
10
10
10
10
10
10
10
10
10
10
10
10
10
10
10
10
10
10
10
10
10
10
10
10
10
10
10
10
10
10
10
10
10
10
10
10
10
10
10
10
10
10
10
10
10
10
10
10
10
10
10
10
10
10
10
10
10
10
10
10
10
10
10
10
10
10
10
10
10
10
10
10
10
10
10
10
10
10
10
10
10
10
10
10
10
10
10
10
10
10
10
10
10
10
10
10
10
10
10
10
10
10
10
10
10
10
10
10
10
10
10
10
10
10
10
10
10
10
10
10
10
10
10
10
10
10
10
10
10
10
10
10
10
10
10
10
10
10
10
10
10
10
10
10
10
10
10
10
10
10
10
10
10
10
10
10
10
10
10
10
10
10
10
10
10
10
10
10
10
10
10
10
10
10
10
10
10
10
10
10
10
10
10
10
10
10
10
10
10
10
10
10
10
10
10
10
10
10
10
10
10
10
10
10
10
10
10
10
10
10
10
10
10
10
10
10
10
10
10
10
10
10
10
10
10
10
10
10
10
10
10
10
10
10
10
10
10
10
10
10
10
10
10
10
10
10
10
10
10
10
10
10
10
10
10
10
10
10
10
10
10
10
10
10
10
10
10
10
10
10
10
10
10
10
10
10
10
10
10
10
10
10
10
10
10
10
10
10
10
10
10
10
10
10
10
10
10
10
10
10
10
10
10
10
10
10
10
10
10
10
10
10
10
10
10
10
10
10
10
10
10
10
10
10
10
10
10
10
10
10
10
10
10
10
10
10
10
10
10
10
10
10
10
10
10
10
10
10
10
10
10
10
10
10
10
10
10
10
10
10
10
10
10
10
10
10
10
10
10
10
10
10
10
10
10
10
10
10
10
10
10
10
10
10
10
10
10
10
10
10
10
10
10
10
10
10
10
10
10
10
10
10
10
10
10
10
10
10
10
10
10
10
10
10
10
10
10
10
10
10
10
10
10
10
10
10
10
10
10
10
10
10
10
10
10
10
10
10
10
10
10
10
10
10
10
10
10
10
10
10
10
10
10
10
10
10
10
10
10
10
10
10
10
10
10
10
10
10
10
10
10
10
10
10
10
10
10
10
10
10
10
10
10
10
10
10
10
10
10
10
10
10
10
10
10
10
10
10
10
10
10
10
10
10
10
10
10
10
10
10
10
10
10
10
10
10
10
10
10
10
10
10
10
10
10
10
10
10
10
10
10
10
10
10
10
10
10
10
10
10
10
10
10
10
10
10
10
10
10
10
10
10
10
10
10
10
10
10
10
10
10
10
10
10
10
10
10
10
10
10
10
10
10
10
10
10
10
10
10
10
10
10
10
10
10
10
10
10
10
10
10
10
10
10
10
10
10
10
10
10
10
10
10
10
10
10
10
10
10
10
10
10
10
10
10
10
10
10
10
10
10
10
10
10
10
10
10
10
10
10
10
10
10
10
10
10
10
10
10
10
10
10
10
10
10
10
10
10
10
10
10
10
10
10
10
10
10
10
10
10
10
10
10
10
10
10
10
10
10
10
10
10
10
10
10
10
10
10
10
10
10
10
10
10
10
10
10
10
10
10
10
10
10
10
10
10
10
10
10
10
10
10
10
10
10
10
10
10
10
10
10
10
10
10
10
10
10
10
10
10
10
10
10
10
10
10
10
10
10
10
10
10
10
10
10
10
10
10
10
10
10
10
10
10
10
10
10
10
10
10
10
10
10
10
10
10
10
10
10
10
10
10
10
10
10
10
10
10
10
10
10
10
10
10
10
10
10
10
10
10
10
10
10
10
10
10
10
10
10
10
10
10
10
10
10
10
10
10
10
10
10
10
10
10
10
10
10
10
10
10
10
10
10
10
10
10
10
10
10
10
10
10
10
10
10
10
10
10
10
10
10
10
10
10
10
10
10
10
10
10
10
10
10
10
10
10
10
10
10
10
10
10
10
10
10
10
10
10
10
10
10
10
10
10
10
10
10
10
10
10
10
10
10
10
10
10
10
10
10
10
10
10
10
10
10
10
10
10
10
10
10
10
10
10
10
10
10
10
10
10
10
10
10
10
10
10
10
10
10
10
10
10
10
10
10
10
10
10
10
10
10
10
10
10
10
10
10
10
10
10
10
10
10
10
10
10
10
10
10
10
10
10
10
10
10
10
10
10
10
10
10
10
10
10
10
10
10
10
10
10
10
10
10
10
10
10
10
10
10
10
10
10
10
10
10
10
10
10
10
10
10
10
10
10
10
10
10
10
10
10
10
10
10
10
10
10
10
10
10
10
10
10
10
10
10
10
10
10
10
10
10
10
10
10
10
10
10
10
10
10
10
10
10
10
10
10
10
10
10
10
10
10
10
10
10
10
10
10
10
10
10
10
10
10
10
10
10
10
10
10
10
10
10
10
10
10
10
10
10
10
10
10
10
10
10
10
10
10
10
10
10
10
10
10
10
10
10
10
10
10
10
10
10
10
10
10
10
10
10
10
10
10
10
10
10
10
10
10
10
10
10
10
10
10
10
10
10
10
10
10
10
10
10
10
10
10
10
10
10
10
10
10
10
10
10
10
10
10
10
10
10
10
10
10
10
10
10
10
10
10
10
10
10
10
10
10
10
10
10
10
10
10
10
10
10
10
10
10
10
10
10
10
10
10
10
10
10
10
10
10
10
10
10
10
10
10
10
10
10
10
10
10
10
10
10
10
10
10
10
10
10
10
10
10
10
10
10
10
10
10
10
10
10
10
10
10
10
10
10
10
10
10
10
10
10
10
10
10
10
10
10
10
10
10
10
10
10
10
10
10
10
10
10
10
10
10
10
10
10
10
10
10
10
10
10
10
10
10
10
10
10
10
10
10
10
10
10
10
10
10
10
10
10
10
10
10
10
10
10
10
10
10
10
10
10
10
10
10
10
10
10
10
10
10
10
10
10
10
10
10
10
10
10
10
10
10
10
10
10
10
10
10
10
10
10
10
10
10
10
10
10
10
10
10
10
10
10
10
10
10
10
10
10
10
10
10
10
10
10
10
10
10
10
10
10
10
10
10
10
10
10
10
10
10
10
10
10
10
10
10
10
10
10
10
10
10
10
10
10
10
10
10
10
10
10
10
10
10
10
10
10
10
10
10
10
10
10
10
10
10
10
10
10
10
10
10
10
10
10
10
10
10
10
10
10
10
10
10
10
10
10
10
10
10
10
10
10
10
10
10
10
10
10
10
10
10
10
10
10
10
10
10
10
10
10
10
10
10
10
10
10
10
10
10
10
10
10
10
10
10
10
10
10
10
10
10
10
10
10
10
10
10
10
10
10
10
10
10
10
10
10
10
10
10
10
10
10
10
10
10
10
10
10
10
10
10
10
10
10
10
10
10
10
10
10
10
10
10
10
10
10
10
10
10
10
10
10
10
10
10
10
10
10
10
10
10
10
10
10
10
10
10
10
10
10
10
10
10
10
10
10
10
10
10
10
10
10
10
10
10
10
10
10
10
10
10
10
10
10
10
10
10
10
10
10
10
10
10
10
10
10
10
10
10
10
10
10
10
10
10
10
10
10
10
10
10
10
10
10
10
10
10
10
10
10
10
10
10
10
10
10
10
10
10
10
10
10
10
10
10
10
10
10
10
10
10
10
10
10
10
10
10
10
10
10
10
10
10
10
10
10
10
10
10
10
10
10
10
10
10
10
10
10
10
10
10
10
10
10
10
10
10
10
10
10
10
10
10
10
10
10
10
10
10
10
10
10
10
10
10
10
10
10
10
10
10
10
10
10
10
10
10
10
10
10
10
10
10
10
10
10
10
10
10
10
10
10
10
10
10
10
10
10
10
10
10
10
10
10
10
10
10
10
10
10
10
10
10
10
10
10
10
10
10
10
10
10
10
10
10
10
10
10
10
10
10
10
10
10
10
10
10
10
10
10
10
10
10
10
10
10
10
10
10
10
10
10
10
10
10
10
10
10
10
10
10
10
10
10
10
10
10
10
10
10
10
10
10
10
10
10
10
10
10
10
10
10
10
10
10
10
10
10
10
10
10
10
10
10
10
10
10
10
10
10
10
10
10
10
10
10
10
10
10
10
10
10
10
10
10
10
10
10
10
10
10
10
10
10
10
10
10
10
10
10
10
10
10
10
10
10
10
10
10
10
10
10
10
10
10
10
10
10
10
10
10
10
10
10
10
10
10
10
10
10
10
10
10
10
10
10
10
10
10
10
10
10
10
10
10
10
10
10
10
10
10
10
10
10
10
10
10
10
10
10
10
10
10
10
10
10
10
10
10
10
10
10
10
10
10
10
10
10
10
10
10
10
10
10
10
10
10
10
10
10
10
10
10
10
10
10
10
10
10
10
10
10
10
10
10
10
10
10
10
10
10
10
10
10
10
10
10
10
10
10
10
10
10
10
10
10
10
10
10
10
10
10
10
10
10
10
10
10
10
10
10
10
10
10
10
10
10
10
10
10
10
10
10
10
10
10
10
10
10
10
10
10
10
10
10
10
10
10
10
10
10
10
10
10
10
10
10
10
10
10
10
10
10
10
10
10
10
10
10
10
10
10
10
10
10
10
10
10
10
10
10
10
10
10
10
10
10
10
10
10
10
10
10
10
10
10
10
10
10
10
10
10
10
10
10
10
10
10
10
10
10
10
10
10
10
10
10
10
10
10
10
10
10
10
10
10
10
10
10
10
10
10
10
10
10
10
10
10
10
10
10
10
10
10
10
10
10
10
10
10
10
10
10
10
10
10
10
10
10
10
10
10
10
10
10
10
10
10
10
10
10
10
10
10
10
10
10
10
10
10
10
10
10
10
10
10
10
10
10
10
10
10
10
10
10
10
10
10
10
10
10
10
10
10
10
10
10
10
10
10
10
10
10
10
10
10
10
10
10
10
10
10
10
10
10
10
10
10
10
10
10
10
10
10
10
10
10
10
10
10
10
10
10
10
10
10
10
10
10
10
10
10
10
10
10
10
10
10
10
10
10
10
10
10
10
10
10
10
10
10
10
10
10
10
10
10
10
10
10
10
10
10
10
10
10
10
10
10
10
10
10
10
10
10
10
10
10
10
10
10
10
10
10
10
10
10
10
10
10
10
10
10
10
10
10
10
10
10
10
10
10
10
10
10
10
10
10
10
10
10
10
10
10
10
10
10
10
10
10
10
10
10
10
10
10
10
10
10
10
10
10
10
10
10
10
10
10
10
10
10
10
10
10
10
10
10
10
10
10
10
10
10
10
10
10
10
10
10
10
10
10
10
10
10
10
10
10
10
10
10
10
10
10
10
10
10
10
10
10
10
10
10
10
10
10
10
10
10
10
10
10
10
10
10
10
10
10
10
10
10
10
10
10
10
10
10
10
10
10
10
10
10
10
10
10
10
10
10
10
10
10
10
10
10
10
10
10
10
10
10
10
10
10
10
10
10
10
10
10
10
10
10
10
10
10
10
10
10
10
10
10
10
10
10
10
10
10
10
10
10
10
10
10
10
10
10
10
10
10
10
10
10
10
10
10
10
10
10
10
10
10
10
10
10
10
10
10
10
10
10
10
10
10
10
10
10
10
10
10
10
10
10
10
10
10
10
10
10
10
10
10
10
10
10
10
10
10
10
10
10
10
10
10
10
10
10
10
10
10
10
10
10
10
10
10
10
10
10
10
10
10
10
10
10
10
10
10
10
10
10
10
10
10
10
10
10
10
10
10
10
10
10
10
10
10
10
10
10
10
10
10
10
10
10
10
10
10
10
10
10
10
10
10
10
10
10
10
10
10
10
10
10
10
10
10
10
10
10
10
10
10
10
10
10
10
10
10
10
10
10
10
10
10
10
10
10
10
10
10
10
10
10
10
10
10
10
10
10
10
10
10
10
10
10
10
10
10
10
10
10
10
10
10
10
10
10
10
10
10
10
10
10
10
10
10
10
10
10
10
10
10
10
10
10
10
10
10
10
10
10
10
10
10
10
10
10
10
10
10
10
10
10
10
10
10
10
10
10
10
10
10
10
10
10
10
10
10
10
10
10
10
10
10
10
10
10
10
10
10
10
10
10
10
10
10
10
10
10
10
10
10
10
10
10
10
10
10
10
10
10
10
10
10
10
10
10
10
10
10
10
10
10
10
10
10
10
10
10
10
10
10
10
10
10
10
10
10
10
10
10
10
10
10
10
10
10
10
10
10
10
10
10
10
10
10
10
10
10
10
10
10
10
10
10
10
10
10
10
10
10
10
10
10
10
10
10
10
10
10
10
10
10
10
10
10
10
10
10
10
10
10
10
10
10
10
10
10
10
10
10
10
10
10
10
10
10
10
10
10
10
10
10
10
10
10
10
10
10
10
10
10
10
10
10
10
10
10
10
10
10
10
10
10
10
10
10
10
10
10
10
10
10
10
10
10
10
10
10
10
10
10
10
10
10
10
10
10
10
10
10
10
10
10
10
10
10
10
10
10
10
10
10
10
10
10
10
10
10
10
10
10
10
10
10
10
10
10
10
10
10
10
10
10
10
10
10
10
10
10
10
10
10
10
10
10
10
10
10
10
10
10
10
10
10
10
10
10
10
10
10
10
10
10
10
10
10
10
10
10
10
10
10
10
10
10
10
10
10
10
10
10
10
10
10
10
10
10
10
10
10
10
10
10
10
10
10
10
10
10
10
10
10
10
10
10
10
10
10
10
10
10
10
10
10
10
10
10
10
10
10
10
10
10
10
10
10
10
10
10
10
10
10
10
10
10
10
10
10
10
10
10
10
10
10
10
10
10
10
10
10
10
10
10
10
10
10
10
10
10
10
10
10
10
10
10
10
10
10
10
10
10
10
10
10
10
10
10
10
10
10
10
10
10
10
10
10
10
10
10
10
10
10
10
10
10
10
10
10
10
10
10
10
10
10
10
10
10
10
10
10
10
10
10
10
10
10
10
10
10
10
10
10
10
10
10
10
10
10
10
10
10
10
10
10
10
10
10
10
10
10
10
10
10
10
10
10
10
10
10
10
10
10
10
10
10
10
10
10
10
10
10
10
10
10
10
10
10
10
10
10
10
10
10
10
10
10
10
10
10
10
10
10
10
10
10
10
10
10
10
10
10
10
10
10
10
10
10
10
10
10
10
10
10
10
10
10
10
10
10
10
10
10
10
10
10
10
10
10
10
10
10
10
10
10
10
10
10
10
10
10
10
10
10
10
10
10
10
10
10
10
10
10
10
10
10
10
10
10
10
10
10
10
10
10
10
10
10
10
10
10
10
10
10
10
10
10
10
10
10
10
10
10
10
10
10
10
10
10
10
10
10
10
10
10
10
10
10
10
10
10
10
10
10
10
10
10
10
10
10
10
10
10
10
10
10
10
10
10
10
10
10
10
10
10
10
10
10
10
10
10
10
10
10
10
10
10
10
10
10
10
10
10
10
10
10
10
10
10
10
10
10
10
10
10
10
10
10
10
10
10
10
10
10
10
10
10
10
10
10
10
10
10
10
10
10
10
10
10
10
10
10
10
10
10
10
10
10
10
10
10
10
10
10
10
10
10
10
10
10
10
10
10
10
10
10
10
10
10
10
10
10
10
10
10
10
10
10
10
10
10
10
10
10
10
10
10
10
10
10
10
10
10
10
10
10
10
10
10
10
10
10
10
10
10
10
10
10
10
10
10
10
10
10
10
10
10
10
10
10
10
10
10
10
10
10
10
10
10
10
10
10
10
10
10
10
10
10
10
10
10
10
10
10
10
10
10
10
10
10
10
10
10
10
10
10
10
10
10
10
10
10
10
10
10
10
10
10
10
10
10
10
10
10
10
10
10
10
10
10
10
10
10
10
10
10
10
10
10
10
10
10
10
10
10
10
10
10
10
10
10
10
10
10
10
10
10
10
10
10
10
10
10
10
10
10
10
10
10
10
10
10
10
10
10
10
10
10
10
10
10
10
10
10
10
10
10
10
10
10
10
10
10
10
10
10
10
10
10
10
10
10
10
10
10
10
10
10
10
10
10
10
10
10
10
10
10
10
10
10
10
10
10
10
10
10
10
10
10
10
10
10
10
10
10
10
10
10
10
10
10
10
10
10
10
10
10
10
10
10
10
10
10
10
10
10
10
10
10
10
10
10
10
10
10
10
10
10
10
10
10
10
10
10
10
10
10
10
10
10
10
10
10
10
10
10
10
10
10
10
10
10
10
10
10
10
10
10
10
10
10
10
10
10
10
10
10
10
10
10
10
10
10
10
10
10
10
10
10
10
10
10
10
10
10
10
10
10
10
10
10
10
10
10
10
10
10
10
10
10
10
10
10
10
10
10
10
10
10
10
10
10
10
10
10
10
10
10
10
10
10
10
10
10
10
10
10
10
10
10
10
10
10
10
10
10
10
10
10
10
10
10
10
10
10
10
10
10
10
10
10
10
10
10
10
10
10
10
10
10
10
10
10
10
10
10
10
10
10
10
10
10
10
10
10
10
10
10
10
10
10
10
10
10
10
10
10
10
10
10
10
10
10
10
10
10
10
10
10
10
10
10
10
10
10
10
10
10
10
10
10
10
10
10
10
10
10
10
10
10
10
10
10
10
10
10
10
10
10
10
10
10
10
10
10
10
10
10
10
10
10
10
10
10
10
10
10
10
10
10
10
10
10
10
10
10
10
10
10
10
10
10
10
10
10
10
10
10
10
10
10
10
10
10
10
10
10
10
10
10
10
10
10
10
10
10
10
10
10
10
10
10
10
10
10
10
10
10
10
10
10
10
10
10
10
10
10
10
10
10
10
10
10
10
10
10
10
10
10
10
10
10
10
10
10
10
10
10
10
10
10
10
10
10
10
10
10
10
10
10
10
10
10
10
10
10
10
10
10
10
10
10
10
10
10
10
10
10
10
10
10
10
10
10
10
10
10
10
10
10
10
10
10
10
10
10
10
10
10
10
10
10
10
10
10
10
10
10
10
10
10
10
10
10
10
10
10
10
10
10
10
10
10
10
10
10
10
10
10
10
10
10
10
10
10
10
10
10
10
10
10
10
10
10
10
10
10
10
10
10
10
10
10
10
10
10
10
10
10
10
10
10
10
10
10
10
10
10
10
10
10
10
10
10
10
10
10
10
10
10
10
10
10
10
10
10
10
10
10
10
10
10
10
10
10
10
10
10
10
10
10
10
10
10
10
10
10
10
10
10
10
10
10
10
10
10
10
10
10
10
10
10
10
10
10
10
10
10
10
10
10
10
10
10
10
10
10
10
10
10
10
10
10
10
10
10
10
10
10
10
10
10
10
10
10
10
10
10
10
10
10
10
10
10
10
10
10
10
10
10
10
10
10
10
10
10
10
10
10
10
10
10
10
10
10
10
10
10
10
10
10
10
10
10
10
10
10
10
10
10
10
10
10
10
10
10
10
10
10
10
10
10
10
10
10
10
10
10
10
10
10
10
10
10
10
10
10
10
10
10
10
10
10
10
10
10
10
10
10
10
10
10
10
10
10
10
10
10
10
10
10
10
10
10
10
10
10
10
10
10
10
10
10
10
10
10
10
10
10
10
10
10
10
10
10
10
10
10
10
10
10
10
10
10
10
10
10
10
10
10
10
10
10
10
10
10
10
10
10
10
10
10
10
10
10
10
10
10
10
10
10
10
10
10
10
10
10
10
10
10
10
10
10
10
10
10
10
10
10
10
10
10
10
10
10
10
10
10
10
10
10
10
10
10
10
10
10
10
10
10
10
10
10
10
10
10
10
10
10
10
10
10
10
10
10
10
10
10
10
10
10
10
10
10
10
10
10
10
10
10
10
10
10
10
10
10
10
10
10
10
10
10
10
10
10
10
10
10
10
10
10
10
10
10
10
10
10
10
10
10
10
10
10
10
10
10
10
10
10
10
10
10
10
10
10
10
10
10
10
10
10
10
10
10
10
10
10
10
10
10
10
10
10
10
10
10
10
10
10
10
10
10
10
10
10
10
10
10
10
10
10
10
10
10
10
10
10
10
10
10
10
10
10
10
10
10
10
10
10
10
10
10
10
10
10
10
10
10
10
10
10
10
10
10
10
10
10
10
10
10
10
10
10
10
10
10
10
10
10
10
10
10
10
10
10
10
10
10
10
10
10
10
10
10
10
10
10
10
10
10
10
10
10
10
10
10
10
10
10
10
10
10
10
10
10
10
10
10
10
10
10
10
10
10
10
10
10
10
10
10
10
10
10
10
10
10
10
10
10
10
10
10
10
10
10
10
10
10
10
10
10
10
10
10
10
10
10
10
10
10
10
10
10
10
10
10
10
10
10
10
10
10
10
10
10
10
10
10
10
10
10
10
10
10
10
10
10
10
10
10
10
10
10
10
10
10
10
10
10
10
10
10
10
10
10
10
10
10
10
10
10
10
10
10
10
10
10
10
10
10
10
10
10
10
10
10
10
10
10
10
10
10
10
10
10
10
10
10
10
10
10
10
10
10
10
10
10
10
10
10
10
10
10
10
10
10
10
10
10
10
10
10
10
10
10
10
10
10
10
10
10
10
10
10
10
10
10
10
10
10
10
10
10
10
10
10
10
10
10
10
10
10
10
10
10
10
10
10
10
10
10
10
10
10
10
10
10
10
10
10
10
10
10
10
10
10
10
10
10
10
10
10
10
10
10
10
10
10
10
10
10
10
10
10
10
10
10
10
10
10
10
10
10
10
10
10
10
10
10
10
10
10
10
10
10
10
10
10
10
10
10
10
10
10
10
10
10
10
10
10
10
10
10
10
10
10
10
10
10
10
10
10
10
10
10
10
10
10
10
10
10
10
10
10
10
10
10
10
10
10
10
10
10
10
10
10
10
10
10
10
10
10
10
10
10
10
10
10
10
10
10
10
10
10
10
10
10
10
10
10
10
10
10
10
10
10
10
10
10
10
10
10
10
10
10
10
10
10
10
10
10
10
10
10
10
10
10
10
10
10
10
10
10
10
10
10
10
10
10
10
10
10
10
10
10
10
10
10
10
10
10
10
10
10
10
10
10
10
10
10
10
10
10
10
10
10
10
10
10
10
10
10
10
10
10
10
10
10
10
10
10
10
10
10
10
10
10
10
10
10
10
10
10
10
10
10
10
10
10
10
10
10
10
10
10
10
10
10
10
10
10
10
10
10
10
10
10
10
10
10
10
10
10
10
10
10
10
10
10
10
10
10
10
10
10
10
10
10
10
10
10
10
10
10
10
10
10
10
10
10
10
10
10
10
10
10
10
10
10
10
10
10
10
10
10
10
10
10
10
10
10
10
10
10
10
10
10
10
10
10
10
10
10
10
10
10
10
10
10
10
10
10
10
10
10
10
10
10
10
10
10
10
10
10
10
10
10
10
10
10
10
10
10
10
10
10
10
10
10
10
10
10
10
10
10
10
10
10
10
10
10
10
10
10
10
10
10
10
10
10
10
10
10
10
10
10
10
10
10
10
10
10
10
10
10
10
10
10
10
10
10
10
10
10
10
10
10
10
10
10
10
10
10
10
10
10
10
10
10
10
10
10
10
10
10
10
10
10
10
10
10
10
10
10
10
10
10
10
10
10
10
10
10
10
10
10
10
10
10
10
10
10
10
10
10
10
10
10
10
10
10
10
10
10
10
10
10
10
10
10
10
10
10
10
10
10
10
10
10
10
10
10
10
10
10
10
10
10
10
10
10
10
10
10
10
10
10
10
10
10
10
10
10
10
10
10
10
10
10
10
10
10
10
10
10
10
10
10
10
10
10
10
10
10
10
10
10
10
10
10
10
10
10
10
10
10
10
10
10
10
10
10
10
10
10
10
10
10
10
10
10
10
10
10
10
10
10
10
10
10
10
10
10
10
10
10
10
10
10
10
10
10
10
10
10
10
10
10
10
10
10
10
10
10
10
10
10
10
10
10
10
10
10
10
10
10
10
10
10
10
10
10
10
10
10
10
10
10
10
10
10
10
10
10
10
10
10
10
10
10
10
10
10
10
10
10
10
10
10
10
10
10
10
10
10
10
10
10
10
10
10
10
10
10
10
10
10
10
10
10
10
10
10
10
10
10
10
10
10
10
10
10
10
10
10
10
10
10
10
10
10
10
10
10
10
10
10
10
10
10
10
10
10
10
10
10
10
10
10
10
10
10
10
10
10
10
10
10
10
10
10
10
10
10
10
10
10
10
10
10
10
10
10
10
10
10
10
10
10
10
10
10
10
10
10
10
10
10
10
10
10
10
10
10
10
10
10
10
10
10
10
10
10
10
10
10
10
10
10
10
10
10
10
10
10
10
10
10
10
10
10
10
10
10
10
10
10
10
10
10
10
10
10
10
10
10
10
10
10
10
10
10
10
10
10
10
10
10
10
10
10
10
10
10
10
10
10
10
10
10
10
10
10
10
10
10
10
10
10
10
10
10
10
10
10
10
10
10
10
10
10
10
10
10
10
10
10
10
10
10
10
10
10
10
10
10
10
10
10
10
10
10
10
10
10
10
10
10
10
10
10
10
10
10
10
10
10
10
10
10
10
10
10
10
10
10
10
10
10
10
10
10
10
10
10
10
10
10
10
10
10
10
10
10
10
10
10
10
10
10
10
10
10
10
10
10
10
10
10
10
10
10
10
10
10
10
10
10
10
10
10
10
10
10
10
10
10
10
10
10
10
10
10
10
10
10
10
10
10
10
10
10
10
10
10
10
10
10
10
10
10
10
10
10
10
10
10
10
10
10
10
10
10
10
10
10
10
10
10
10
10
10
10
10
10
10
10
10
10
10
10
10
10
10
10
10
10
10
10
10
10
10
10
10
10
10
10
10
10
10
10
10
10
10
10
10
10
10
10
10
10
10
10
10
10
10
10
10
10
10
10
10
10
10
10
10
10
10
10
10
10
10
10
10
10
10
10
10
10
10
10
10
10
10
10
10
10
10
10
10
10
10
10
10
10
10
10
10
10
10
10
10
10
10
10
10
10
10
10
10
10
10
10
10
10
10
10
10
10
10
10
10
10
10
10
10
10
10
10
10
10
10
10
10
10
10
10
10
10
10
10
10
10
10
10
10
10
10
10
10
10
10
10
10
10
10
10
10
10
10
10
10
10
10
10
10
10
10
10
10
10
10
10
10
10
10
10
10
10
10
10
10
10
10
10
10
10
10
10
10
10
10
10
10
10
10
10
10
10
10
10
10
10
10
10
10
10
10
10
10
10
10
10
10
10
10
10
10
10
10
10
10
10
10
10
10
10
10
10
10
10
10
10
10
10
10
10
10
10
10
10
10
10
10
10
10
10
10
10
10
10
10
10
10
10
10
10
10
10
10
10
10
10
10
10
10
10
10
10
10
10
10
10
10
10
10
10
10
10
10
10
10
10
10
10
10
10
10
10
10
10
10
10
10
10
10
10
10
10
10
10
10
10
10
10
10
10
10
10
10
10
10
10
10
10
10
10
10
10
10
10
10
10
10
10
10
10
10
10
10
10
10
10
10
10
10
10
10
10
10
10
10
10
10
10
10
10
10
10
10
10
10
10
10
10
10
10
10
10
10
10
10
10
10
10
10
10
10
10
10
10
10
10
10
10
10
10
10
10
10
10
10
10
10
10
10
10
10
10
10
10
10
10
10
10
10
10
10
10
10
10
10
10
10
10
10
10
10
10
10
10
10
10
10
10
10
10
10
10
10
10
10
10
10
10
10
10
10
10
10
10
10
10
10
10
10
10
10
10
10
10
10
10
10
10
10
10
10
10
10
10
10
10
10
10
10
10
10
10
10
10
10
10
10
10
10
10
10
10
10
10
10
10
10
10
10
10
10
10
10
10
10
10
10
10
10
10
10
10
10
10
10
10
10
10
10
10
10
10
10
10
10
10
10
10
10
10
10
10
10
10
10
10
10
10
10
10
10
10
10
10
10
10
10
10
10
10
10
10
10
10
10
10
10
10
10
10
10
10
10
10
10
10
10
10
10
10
10
10
10
10
10
10
10
10
10
10
10
10
10
10
10
10
10
10
10
10
10
10
10
10
10
10
10
10
10
10
10
10
10
10
10
10
10
10
10
10
10
10
10
10
10
10
10
10
10
10
10
10
10
10
10
10
10
10
10
10
10
10
10
10
10
10
10
10
10
10
10
10
10
10
10
10
10
10
10
10
10
10
10
10
10
10
10
10
10
10
10
10
10
10
10
10
10
10
10
10
10
10
10
10
10
10
10
10
10
10
10
10
10
10
10
10
10
10
10
10
10
10
10
10
10
10
10
10
10
10
10
10
10
10
10
10
10
10
10
10
10
10
10
10
10
10
10
10
10
10
10
10
10
10
10
10
10
10
10
10
10
10
10
10
10
10
10
10
10
10
10
10
10
10
10
10
10
10
10
10
10
10
10
10
10
10
10
10
10
10
10
10
10
10
10
10
10
10
10
10
10
10
10
10
10
10
10
10
10
10
10
10
10
10
10
10
10
10
10
10
10
10
10
10
10
10
10
10
10
10
10
10
10
10
10
10
10
10
10
10
10
10
10
10
10
10
10
10
10
10
10
10
10
10
10
10
10
10
10
10
10
10
10
10
10
10
10
10
10
10
10
10
10
10
10
10
10
10
10
10
10
10
10
10
10
10
10
10
10
10
10
10
10
10
10
10
10
10
10
10
10
10
10
10
10
10
10
10
10
10
10
10
10
10
10
10
10
10
10
10
10
10
10
10
10
10
10
10
10
10
10
10
10
10
10
10
10
10
10
10
10
10
10
10
10
10
10
10
10
10
10
10
10
10
10
10
10
10
10
10
10
10
10
10
10
10
10
10
10
10
10
10
10
10
10
10
10
10
10
10
10
10
10
10
10
10
10
10
10
10
10
10
10
10
10
10
10
10
10
10
10
10
10
10
10
10
10
10
10
10
10
10
10
10
10
10
10
10
10
10
10
10
10
10
10
10
10
10
10
10
10
10
10
10
10
10
10
10
10
10
10
10
10
10
10
10
10
10
10
10
10
10
10
10
10
10
10
10
10
10
10
10
10
10
10
10
10
10
10
10
10
10
10
10
10
10
10
10
10
10
10
10
10
10
10
10
10
10
10
10
10
10
10
10
10
10
10
10
10
10
10
10
10
10
10
10
10
10
10
10
10
10
10
10
10
10
10
10
10
10
10
10
10
10
10
10
10
10
10
10
10
10
10
10
10
10
10
10
10
10
10
10
10
10
10
10
10
10
10
10
10
10
10
10
10
10
10
10
10
10
10
10
10
10
10
10
10
10
10
10
10
10
10
10
10
10
10
10
10
10
10
10
10
10
10
10
10
10
10
10
10
10
10
10
10
10
10
10
10
10
10
10
10
10
10
10
10
10
10
10
10
10
10
10
10
10
10
10
10
10
10
10
10
10
10
10
10
10
10
10
10
10
10
10
10
10
10
10
10
10
10
10
10
10
10
10
10
10
10
10
10
10
10
10
10
10
10
10
10
10
10
10
10
10
10
10
10
10
10
10
10
10
10
10
10
10
10
10
10
10
10
10
10
10
10
10
10
10
10
10
10
10
10
10
10
10
10
10
10
10
10
10
10
10
10
10
10
10
10
10
10
10
10
10
10
10
10
10
10
10
10
10
10
10
10
10
10
10
10
10
10
10
10
10
10
10
10
10
10
10
10
10
10
10
10
10
10
10
10
10
10
10
10
10
10
10
10
10
10
10
10
10
10
10
10
10
10
10
10
10
10
10
10
10
10
10
10
10
10
10
10
10
10
10
10
10
10
10
10
10
10
10
10
10
10
10
10
10
10
10
10
10
10
10
10
10
10
10
10
10
10
10
10
10
10
10
10
10
10
10
10
10
10
10
10
10
10
10
10
10
10
10
10
10
10
10
10
10
10
10
10
10
10
10
10
10
10
10
10
10
10
10
10
10
10
10
10
10
10
10
10
10
10
10
10
10
10
10
10
10
10
10
10
10
10
10
10
10
10
10
10
10
10
10
10
10
10
10
10
10
10
10
10
10
10
10
10
10
10
10
10
10
10
10
10
10
10
10
10
10
10
10
10
10
10
10
10
10
10
10
10
10
10
10
10
10
10
10
10
10
10
10
10
10
10
10
10
10
10
10
10
10
10
10
10
10
10
10
10
10
10
10
10
10
10
10
10
10
10
10
10
10
10
10
10
10
10
10
10
10
10
10
10
10
10
10
10
10
10
10
10
10
10
10
10
10
10
10
10
10
10
10
10
10
10
10
10
10
10
10
10
10
10
10
10
10
10
10
10
10
10
10
10
10
10
10
10
10
10
10
10
10
10
10
10
10
10
10
10
10
10
10
10
10
10
10
10
10
10
10
10
10
10
10
10
10
10
10
10
10
10
10
10
10
10
10
10
10
10
10
10
10
10
10
10
10
10
10
10
10
10
10
10
10
10
10
10
10
10
10
10
10
10
10
10
10
10
10
10
10
10
10
10
10
10
10
10
10
10
10
10
10
10
10
10
10
10
10
10
10
10
10
10
10
10
10
10
10
10
10
10
10
10
10
10
10
10
10
10
10
10
10
10
10
10
10
10
10
10
10
10
10
10
10
10
10
10
10
10
10
10
10
10
10
10
10
10
10
10
10
10
10
10
10
10
10
10
10
10
10
10
10
10
10
10
10
10
10
10
10
10
10
10
10
10
10
10
10
10
10
10
10
10
10
10
10
10
10
10
10
10
10
10
10
10
10
10
10
10
10
10
10
10
10
10
10
10
10
10
10
10
10
10
10
10
10
10
10
10
10
10
10
10
10
10
10
10
10
10
10
10
10
10
10
10
10
10
10
10
10
10
10
10
10
10
10
10
10
10
10
10
10
10
10
10
10
10
10
10
10
10
10
10
10
10
10
10
10
10
10
10
10
10
10
10
10
10
10
10
10
10
10
10
10
10
10
10
10
10
10
10
10
10
10
10
10
10
10
10
10
10
10
10
10
10
10
10
10
10
10
10
10
10
10
10
10
10
10
10
10
10
10
10
10
10
10
10
10
10
10
10
10
10
10
10
10
10
10
10
10
10
10
10
10
10
10
10
10
10
10
10
10
10
10
10
10
10
10
10
10
10
10
10
10
10
10
10
10
10
10
10
10
10
10
10
10
10
10
10
10
10
10
10
10
10
10
10
10
10
10
10
10
10
10
10
10
10
10
10
10
10
10
10
10
10
10
10
10
10
10
10
10
10
10
10
10
10
10
10
10
10
10
10
10
10
10
10
10
10
10
10
10
10
10
10
10
10
10
10
10
10
10
10
10
10
10
10
10
10
10
10
10
10
10
10
10
10
10
10
10
10
10
10
10
10
10
10
10
10
10
10
10
10
10
10
10
10
10
10
10
10
10
10
10
10
10
10
10
10
10
10
10
10
10
10
10
10
10
10
10
10
10
10
10
10
10
10
10
10
10
10
10
10
10
10
10
10
10
10
10
10
10
10
10
10
10
10
10
10
10
10
10
10
10
10
10
10
10
10
10
10
10
10
10
10
10
10
10
10
10
10
10
10
10
10
10
10
10
10
10
10
10
10
10
10
10
10
10
10
10
10
10
10
10
10
10
10
10
10
10
10
10
10
10
10
10
10
10
10
10
10
10
10
10
10
10
10
10
10
10
10
10
10
10
10
10
10
10
10
10
10
10
10
10
10
10
10
10
10
10
10
10
10
10
10
10
10
10
10
10
10
10
10
10
10
10
10
10
10
10
10
10
10
10
10
10
10
10
10
10
10
10
10
10
10
10
10
10
10
10
10
10
10
10
10
10
10
10
10
10
10
10
10
10
10
10
10
10
10
10
10
10
10
10
10
10
10
10
10
10
10
10
10
10
10
10
10
10
10
10
10
10
10
10
10
10
10
10
10
10
10
10
10
10
10
10
10
10
10
10
10
10
10
10
10
10
10
10
10
10
10
10
10
10
10
10
10
10
10
10
10
10
10
10
10
10
10
10
10
10
10
10
10
10
10
10
10
10
10
10
10
10
10
10
10
10
10
10
10
10
10
10
10
10
10
10
10
10
10
10
10
10
10
10
10
10
10
10
10
10
10
10
10
10
10
10
10
10
10
10
10
10
10
10
10
10
10
10
10
10
10
10
10
10
10
10
10
10
10
10
10
10
10
10
10
10
10
10
10
10
10
10
10
10
10
10
10
10
10
10
10
10
10
10
10
10
10
10
10
10
10
10
10
10
10
10
10
10
10
10
10
10
10
10
10
10
10
10
10
10
10
10
10
10
10
10
10
10
10
10
10
10
10
10
10
10
10
10
10
10
10
10
10
10
10
10
10
10
10
10
10
10
10
10
10
10
10
10
10
10
10
10
10
10
10
10
10
10
10
10
10
10
10
10
10
10
10
10
10
10
10
10
10
10
10
10
10
10
10
10
10
10
10
10
10
10
10
10
10
10
10
10
10
10
10
10
10
10
10
10
10
10
10
10
10
10
10
10
10
10
10
10
10
10
10
10
10
10
10
10
10
10
10
10
10
10
10
10
10
10
10
10
10
10
10
10
10
10
10
10
10
10
10
10
10
10
10
10
10
10
10
10
10
10
10
10
10
10
10
10
10
10
10
10
10
10
10
10
10
10
10
10
10
10
10
10
10
10
10
10
10
10
10
10
10
10
10
10
10
10
10
10
10
10
10
10
10
10
10
10
10
10
10
10
10
10
10
10
10
10
10
10
10
10
10
10
10
10
10
10
10
10
10
10
10
10
10
10
10
10
10
10
10
10
10
10
10
10
10
10
10
10
10
10
10
10
10
10
10
10
10
10
10
10
10
10
10
10
10
10
10
10
10
10
10
10
10
10
10
10
10
10
10
10
10
10
10
10
10
10
10
10
10
10
10
10
10
10
10
10
10
10
10
10
10
10
10
10
10
10
10
10
10
10
10
10
10
10
10
10
10
10
10
10
10
10
10
10
10
10
10
10
10
10
10
10
10
10
10
10
10
10
10
10
10
10
10
10
10
10
10
10
10
10
10
10
10
10
10
10
10
10
10
10
10
10
10
10
10
10
10
10
10
10
10
10
10
10
10
10
10
10
10
10
10
10
10
10
10
10
10
10
10
10
10
10
10
10
10
10
10
10
10
10
10
10
10
10
10
10
10
10
10
10
10
10
10
10
10
10
10
10
10
10
10
10
10
10
10
10
10
10
10
10
10
10
10
10
10
10
10
10
10
10
10
10
10
10
10
10
10
10
10
10
10
10
10
10
10
10
10
10
10
10
10
10
10
10
10
10
10
10
10
10
10
10
10
10
10
10
10
10
10
10
10
10
10
10
10
10
10
10
10
10
10
10
10
10
10
10
10
10
10
10
10
10
10
10
10
10
10
10
10
10
10
10
10
10
10
10
10
10
10
10
10
10
10
10
10
10
10
10
10
10
10
10
10
10
10
10
10
10
10
10
10
10
10
10
10
10
10
10
10
10
10
10
10
10
10
10
10
10
10
10
10
10
10
10
10
10
10
10
10
10
10
10
10
10
10
10
10
10
10
10
10
10
10
10
10
10
10
10
10
10
10
10
10
10
10
10
10
10
10
10
10
10
10
10
10
10
10
10
10
10
10
10
10
10
10
10
10
10
10
10
10
10
10
10
10
10
10
10
10
10
10
10
10
10
10
10
10
10
10
10
10
10
10
10
10
10
10
10
10
10
10
10
10
10
10
10
10
10
10
10
10
10
10
10
10
10
10
10
10
10
10
10
10
10
10
10
10
10
10
10
10
10
10
10
10
10
10
10
10
10
10
10
10
10
10
10
10
10
10
10
10
10
10
10
10
10
10
10
10
10
10
10
10
10
10
10
10
10
10
10
10
10
10
10
10
10
10
10
10
10
10
10
10
10
10
10
10
10
10
10
10
10
10
10
10
10
10
10
10
10
10
10
10
10
10
10
10
10
10
10
10
10
10
10
10
10
10
10
10
10
10
10
10
10
10
10
10
10
10
10
10
10
10
10
10
10
10
10
10
10
10
10
10
10
10
10
10
10
10
10
10
10
10
10
10
10
10
10
10
10
10
10
10
10
10
10
10
10
10
10
10
10
10
10
10
10
10
10
10
10
10
10
10
10
10
10
10
10
10
10
10
10
10
10
10
10
10
10
10
10
10
10
10
10
10
10
10
10
10
10
10
10
10
10
10
10
10
10
10
10
10
10
10
10
10
10
10
10
10
10
10
10
10
10
10
10
10
10
10
10
10
10
10
10
10
10
10
10
10
10
10
10
10
10
10
10
10
10
10
10
10
10
10
10
10
10
10
10
10
10
10
10
10
10
10
10
10
10
10
10
10
10
10
10
10
10
10
10
10
10
10
10
10
10
10
10
10
10
10
10
10
10
10
10
10
10
10
10
10
10
10
10
10
10
10
10
10
10
10
10
10
10
10
10
10
10
10
10
10
10
10
10
10
10
10
10
10
10
10
10
10
10
10
10
10
10
10
10
10
10
10
10
10
10
10
10
10
10
10
10
10
10
10
10
10
10
10
10
10
10
10
10
10
10
10
10
10
10
10
10
10
10
10
10
10
10
10
10
10
10
10
10
10
10
10
10
10
10
10
10
10
10
10
10
10
10
10
10
10
10
10
10
10
10
10
10
10
10
10
10
10
10
10
10
10
10
10
10
10
10
10
10
10
10
10
10
10
10
10
10
10
10
10
10
10
10
10
10
10
10
10
10
10
10
10
10
10
10
10
10
10
10
10
10
10
10
10
10
10
10
10
10
10
10
10
10
10
10
10
10
10
10
10
10
10
10
10
10
10
10
10
10
10
10
10
10
10
10
10
10
10
10
10
10
10
10
10
10
10
10
10
10
10
10
10
10
10
10
10
10
10
10
10
10
10
10
10
10
10
10
10
10
10
10
10
10
10
10
10
10
10
10
10
10
10
10
10
10
10
10
10
10
10
10
10
10
10
10
10
10
10
10
10
10
10
10
10
10
10
10
10
10
10
10
10
10
10
10
10
10
10
10
10
10
10
10
10
10
10
10
10
10
10
10
10
10
10
10
10
10
10
10
10
10
10
10
10
10
10
10
10
10
10
10
10
10
10
10
10
10
10
10
10
10
10
10
10
10
10
10
10
10
10
10
10
10
10
10
10
10
10
10
10
10
10
10
10
10
10
10
10
10
10
10
10
10
10
10
10
10
10
10
10
10
10
10
10
10
10
10
10
10
10
10
10
10
10
10
10
10
10
10
10
10
10
10
10
10
10
10
10
10
10
10
10
10
10
10
10
10
10
10
10
10
10
10
10
10
10
10
10
10
10
10
10
10
10
10
10
10
10
10
10
10
10
10
10
10
10
10
10
10
10
10
10
10
10
10
10
10
10
10
10
10
10
10
10
10
10
10
10
10
10
10
10
10
10
10
10
10
10
10
10
10
10
10
10
10
10
10
10
10
10
10
10
10
10
10
10
10
10
10
10
10
10
10
10
10
10
10
10
10
10
10
10
10
10
10
10
10
10
10
10
10
10
10
10
10
10
10
10
10
10
10
10
10
10
10
10
10
10
10
10
10
10
10
10
10
10
10
10
10
10
10
10
10
10
10
10
10
10
10
10
10
10
10
10
10
10
10
10
10
10
10
10
10
10
10
10
10
10
10
10
10
10
10
10
10
10
10
10
10
10
10
10
10
10
10
10
10
10
10
10
10
10
10
10
10
10
10
10
10
10
10
10
10
10
10
10
10
10
10
10
10
10
10
10
10
10
10
10
10
10
10
10
10
10
10
10
10
10
10
10
10
10
10
10
10
10
10
10
10
10
10
10
10
10
10
10
10
10
10
10
10
10
10
10
10
10
10
10
10
10
10
10
10
10
10
10
10
10
10
10
10
10
10
10
10
10
10
10
10
10
10
10
10
10
10
10
10
10
10
10
10
10
10
10
10
10
10
10
10
10
10
10
10
10
10
10
10
10
10
10
10
10
10
10
10
10
10
10
10
10
10
10
10
10
10
10
10
10
10
10
10
10
10
10
10
10
10
10
10
10
10
10
10
10
10
10
10
10
10
10
10
10
10
10
10
10
10
10
10
10
10
10
10
10
10
10
10
10
10
10
10
10
10
10
10
10
10
10
10
10
10
10
10
10
10
10
10
10
10
10
10
10
10
10
10
10
10
10
10
10
10
10
10
10
10
10
10
10
10
10
10
10
10
10
10
10
10
10
10
10
10
10
10
10
10
10
10
10
10
10
10
10
10
10
10
10
10
10
10
10
10
10
10
10
10
10
10
10
10
10
10
10
10
10
10
10
10
10
10
10
10
10
10
10
10
10
10
10
10
10
10
10
10
10
10
10
10
10
10
10
10
10
10
10
10
10
10
10
10
10
10
10
10
10
10
10
10
10
10
10
10
10
10
10
10
10
10
10
10
10
