{"op_code":0,"worker_id":"2fbcf1b3-4fe1-4764-a96f-77cc9bb9a33f-140398763536512","study_name":"SensorFinger_3_optuna_evolutionary","directions":[2,2]}
{"op_code":0,"worker_id":"6433dcd6-f513-4ebd-abab-f1908777e1c5-140495401631872","study_name":"SensorFinger_3_optuna_evolutionary","directions":[2,2]}
{"op_code":0,"worker_id":"6433dcd6-f513-4ebd-abab-f1908777e1c5-140495401631872","study_name":"SensorFinger_3_optuna_evolutionary","directions":[2,2]}
{"op_code":4,"worker_id":"2fbcf1b3-4fe1-4764-a96f-77cc9bb9a33f-140398763536512","study_id":0,"datetime_start":"2026-06-05T15:18:09.430070"}
{"op_code":4,"worker_id":"6433dcd6-f513-4ebd-abab-f1908777e1c5-140495401631872","study_id":0,"datetime_start":"2026-06-05T15:18:09.437939"}
{"op_code":9,"worker_id":"2fbcf1b3-4fe1-4764-a96f-77cc9bb9a33f-140398763536512","trial_id":0,"system_attr":{"nsga2:generation":0}}
{"op_code":5,"worker_id":"2fbcf1b3-4fe1-4764-a96f-77cc9bb9a33f-140398763536512","trial_id":0,"param_name":"JointSlopeAngle","param_value_internal":0.2622876786729025,"distribution":"{\"name\": \"FloatDistribution\", \"attributes\": {\"step\": null, \"low\": 0.17453292519943295, \"high\": 1.0471975511965976, \"log\": false}}"}
{"op_code":9,"worker_id":"6433dcd6-f513-4ebd-abab-f1908777e1c5-140495401631872","trial_id":1,"system_attr":{"nsga2:generation":0}}
{"op_code":5,"worker_id":"2fbcf1b3-4fe1-4764-a96f-77cc9bb9a33f-140398763536512","trial_id":0,"param_name":"OuterRadius","param_value_internal":9.072937083633667,"distribution":"{\"name\": \"FloatDistribution\", \"attributes\": {\"step\": null, \"low\": 8.75, \"high\": 17.75, \"log\": false}}"}
{"op_code":5,"worker_id":"6433dcd6-f513-4ebd-abab-f1908777e1c5-140495401631872","trial_id":1,"param_name":"JointSlopeAngle","param_value_internal":0.5746652867662592,"distribution":"{\"name\": \"FloatDistribution\", \"attributes\": {\"step\": null, \"low\": 0.17453292519943295, \"high\": 1.0471975511965976, \"log\": false}}"}
{"op_code":5,"worker_id":"2fbcf1b3-4fe1-4764-a96f-77cc9bb9a33f-140398763536512","trial_id":0,"param_name":"JointHeight","param_value_internal":6.099659721415448,"distribution":"{\"name\": \"FloatDistribution\", \"attributes\": {\"step\": null, \"low\": 5.0, \"high\": 8.0, \"log\": false}}"}
{"op_code":5,"worker_id":"6433dcd6-f513-4ebd-abab-f1908777e1c5-140495401631872","trial_id":1,"param_name":"OuterRadius","param_value_internal":12.126461943449812,"distribution":"{\"name\": \"FloatDistribution\", \"attributes\": {\"step\": null, \"low\": 8.75, \"high\": 17.75, \"log\": false}}"}
{"op_code":5,"worker_id":"2fbcf1b3-4fe1-4764-a96f-77cc9bb9a33f-140398763536512","trial_id":0,"param_name":"CavityCorkThickness","param_value_internal":4.785151415735052,"distribution":"{\"name\": \"FloatDistribution\", \"attributes\": {\"step\": null, \"low\": 2.0, \"high\": 5.0, \"log\": false}}"}
{"op_code":5,"worker_id":"6433dcd6-f513-4ebd-abab-f1908777e1c5-140495401631872","trial_id":1,"param_name":"JointHeight","param_value_internal":6.612588069492702,"distribution":"{\"name\": \"FloatDistribution\", \"attributes\": {\"step\": null, \"low\": 5.0, \"high\": 8.0, \"log\": false}}"}
{"op_code":5,"worker_id":"2fbcf1b3-4fe1-4764-a96f-77cc9bb9a33f-140398763536512","trial_id":0,"param_name":"BellowHeight","param_value_internal":9.805207848754305,"distribution":"{\"name\": \"FloatDistribution\", \"attributes\": {\"step\": null, \"low\": 6.0, \"high\": 10.0, \"log\": false}}"}
{"op_code":5,"worker_id":"6433dcd6-f513-4ebd-abab-f1908777e1c5-140495401631872","trial_id":1,"param_name":"CavityCorkThickness","param_value_internal":4.348154483758129,"distribution":"{\"name\": \"FloatDistribution\", \"attributes\": {\"step\": null, \"low\": 2.0, \"high\": 5.0, \"log\": false}}"}
{"op_code":5,"worker_id":"2fbcf1b3-4fe1-4764-a96f-77cc9bb9a33f-140398763536512","trial_id":0,"param_name":"WallThickness","param_value_internal":2.9097218053636764,"distribution":"{\"name\": \"FloatDistribution\", \"attributes\": {\"step\": null, \"low\": 2.0, \"high\": 4.0, \"log\": false}}"}
{"op_code":5,"worker_id":"6433dcd6-f513-4ebd-abab-f1908777e1c5-140495401631872","trial_id":1,"param_name":"BellowHeight","param_value_internal":7.0862542078551645,"distribution":"{\"name\": \"FloatDistribution\", \"attributes\": {\"step\": null, \"low\": 6.0, \"high\": 10.0, \"log\": false}}"}
{"op_code":5,"worker_id":"2fbcf1b3-4fe1-4764-a96f-77cc9bb9a33f-140398763536512","trial_id":0,"param_name":"PlateauHeight","param_value_internal":2.0553031086443516,"distribution":"{\"name\": \"FloatDistribution\", \"attributes\": {\"step\": null, \"low\": 2.0, \"high\": 4.0, \"log\": false}}"}
{"op_code":5,"worker_id":"6433dcd6-f513-4ebd-abab-f1908777e1c5-140495401631872","trial_id":1,"param_name":"WallThickness","param_value_internal":2.791494336092706,"distribution":"{\"name\": \"FloatDistribution\", \"attributes\": {\"step\": null, \"low\": 2.0, \"high\": 4.0, \"log\": false}}"}
{"op_code":5,"worker_id":"6433dcd6-f513-4ebd-abab-f1908777e1c5-140495401631872","trial_id":1,"param_name":"PlateauHeight","param_value_internal":3.4318145810233016,"distribution":"{\"name\": \"FloatDistribution\", \"attributes\": {\"step\": null, \"low\": 2.0, \"high\": 4.0, \"log\": false}}"}
{"op_code":6,"worker_id":"6433dcd6-f513-4ebd-abab-f1908777e1c5-140495401631872","trial_id":1,"state":1,"values":[-Infinity,-Infinity],"datetime_complete":"2026-06-05T15:18:10.793530"}
{"op_code":6,"worker_id":"2fbcf1b3-4fe1-4764-a96f-77cc9bb9a33f-140398763536512","trial_id":0,"state":1,"values":[-Infinity,-Infinity],"datetime_complete":"2026-06-05T15:18:10.798795"}
{"op_code":4,"worker_id":"6433dcd6-f513-4ebd-abab-f1908777e1c5-140495401631872","study_id":0,"datetime_start":"2026-06-05T15:18:10.805936"}
{"op_code":4,"worker_id":"2fbcf1b3-4fe1-4764-a96f-77cc9bb9a33f-140398763536512","study_id":0,"datetime_start":"2026-06-05T15:18:10.812040"}
{"op_code":9,"worker_id":"6433dcd6-f513-4ebd-abab-f1908777e1c5-140495401631872","trial_id":2,"system_attr":{"nsga2:generation":0}}
{"op_code":5,"worker_id":"6433dcd6-f513-4ebd-abab-f1908777e1c5-140495401631872","trial_id":2,"param_name":"JointSlopeAngle","param_value_internal":0.2529664966756455,"distribution":"{\"name\": \"FloatDistribution\", \"attributes\": {\"step\": null, \"low\": 0.17453292519943295, \"high\": 1.0471975511965976, \"log\": false}}"}
{"op_code":9,"worker_id":"2fbcf1b3-4fe1-4764-a96f-77cc9bb9a33f-140398763536512","trial_id":3,"system_attr":{"nsga2:generation":0}}
{"op_code":5,"worker_id":"6433dcd6-f513-4ebd-abab-f1908777e1c5-140495401631872","trial_id":2,"param_name":"OuterRadius","param_value_internal":10.299523184249752,"distribution":"{\"name\": \"FloatDistribution\", \"attributes\": {\"step\": null, \"low\": 8.75, \"high\": 17.75, \"log\": false}}"}
{"op_code":5,"worker_id":"2fbcf1b3-4fe1-4764-a96f-77cc9bb9a33f-140398763536512","trial_id":3,"param_name":"JointSlopeAngle","param_value_internal":0.42584085119691206,"distribution":"{\"name\": \"FloatDistribution\", \"attributes\": {\"step\": null, \"low\": 0.17453292519943295, \"high\": 1.0471975511965976, \"log\": false}}"}
{"op_code":5,"worker_id":"6433dcd6-f513-4ebd-abab-f1908777e1c5-140495401631872","trial_id":2,"param_name":"JointHeight","param_value_internal":6.7972684397877545,"distribution":"{\"name\": \"FloatDistribution\", \"attributes\": {\"step\": null, \"low\": 5.0, \"high\": 8.0, \"log\": false}}"}
{"op_code":5,"worker_id":"2fbcf1b3-4fe1-4764-a96f-77cc9bb9a33f-140398763536512","trial_id":3,"param_name":"OuterRadius","param_value_internal":10.32650252862237,"distribution":"{\"name\": \"FloatDistribution\", \"attributes\": {\"step\": null, \"low\": 8.75, \"high\": 17.75, \"log\": false}}"}
{"op_code":5,"worker_id":"6433dcd6-f513-4ebd-abab-f1908777e1c5-140495401631872","trial_id":2,"param_name":"CavityCorkThickness","param_value_internal":4.247783094302856,"distribution":"{\"name\": \"FloatDistribution\", \"attributes\": {\"step\": null, \"low\": 2.0, \"high\": 5.0, \"log\": false}}"}
{"op_code":5,"worker_id":"2fbcf1b3-4fe1-4764-a96f-77cc9bb9a33f-140398763536512","trial_id":3,"param_name":"JointHeight","param_value_internal":5.032077698727921,"distribution":"{\"name\": \"FloatDistribution\", \"attributes\": {\"step\": null, \"low\": 5.0, \"high\": 8.0, \"log\": false}}"}
{"op_code":5,"worker_id":"6433dcd6-f513-4ebd-abab-f1908777e1c5-140495401631872","trial_id":2,"param_name":"BellowHeight","param_value_internal":6.5300733773446815,"distribution":"{\"name\": \"FloatDistribution\", \"attributes\": {\"step\": null, \"low\": 6.0, \"high\": 10.0, \"log\": false}}"}
{"op_code":5,"worker_id":"2fbcf1b3-4fe1-4764-a96f-77cc9bb9a33f-140398763536512","trial_id":3,"param_name":"CavityCorkThickness","param_value_internal":3.1304602418234255,"distribution":"{\"name\": \"FloatDistribution\", \"attributes\": {\"step\": null, \"low\": 2.0, \"high\": 5.0, \"log\": false}}"}
{"op_code":5,"worker_id":"6433dcd6-f513-4ebd-abab-f1908777e1c5-140495401631872","trial_id":2,"param_name":"WallThickness","param_value_internal":3.0754139730338403,"distribution":"{\"name\": \"FloatDistribution\", \"attributes\": {\"step\": null, \"low\": 2.0, \"high\": 4.0, \"log\": false}}"}
{"op_code":5,"worker_id":"2fbcf1b3-4fe1-4764-a96f-77cc9bb9a33f-140398763536512","trial_id":3,"param_name":"BellowHeight","param_value_internal":9.931350331697208,"distribution":"{\"name\": \"FloatDistribution\", \"attributes\": {\"step\": null, \"low\": 6.0, \"high\": 10.0, \"log\": false}}"}
{"op_code":5,"worker_id":"6433dcd6-f513-4ebd-abab-f1908777e1c5-140495401631872","trial_id":2,"param_name":"PlateauHeight","param_value_internal":3.3675141771515333,"distribution":"{\"name\": \"FloatDistribution\", \"attributes\": {\"step\": null, \"low\": 2.0, \"high\": 4.0, \"log\": false}}"}
{"op_code":5,"worker_id":"2fbcf1b3-4fe1-4764-a96f-77cc9bb9a33f-140398763536512","trial_id":3,"param_name":"WallThickness","param_value_internal":2.129819338193229,"distribution":"{\"name\": \"FloatDistribution\", \"attributes\": {\"step\": null, \"low\": 2.0, \"high\": 4.0, \"log\": false}}"}
{"op_code":5,"worker_id":"2fbcf1b3-4fe1-4764-a96f-77cc9bb9a33f-140398763536512","trial_id":3,"param_name":"PlateauHeight","param_value_internal":2.0833597821495733,"distribution":"{\"name\": \"FloatDistribution\", \"attributes\": {\"step\": null, \"low\": 2.0, \"high\": 4.0, \"log\": false}}"}
{"op_code":0,"worker_id":"753cc0fb-fdc7-4fd6-9de4-c28ae8c184f6-140150067351680","study_name":"SensorFinger_3_optuna_evolutionary","directions":[2,2]}
{"op_code":0,"worker_id":"753cc0fb-fdc7-4fd6-9de4-c28ae8c184f6-140150067351680","study_name":"SensorFinger_3_optuna_evolutionary","directions":[2,2]}
{"op_code":4,"worker_id":"753cc0fb-fdc7-4fd6-9de4-c28ae8c184f6-140150067351680","study_id":0,"datetime_start":"2026-06-05T15:18:11.151190"}
{"op_code":9,"worker_id":"753cc0fb-fdc7-4fd6-9de4-c28ae8c184f6-140150067351680","trial_id":4,"system_attr":{"nsga2:generation":0}}
{"op_code":5,"worker_id":"753cc0fb-fdc7-4fd6-9de4-c28ae8c184f6-140150067351680","trial_id":4,"param_name":"JointSlopeAngle","param_value_internal":0.21583137048275108,"distribution":"{\"name\": \"FloatDistribution\", \"attributes\": {\"step\": null, \"low\": 0.17453292519943295, \"high\": 1.0471975511965976, \"log\": false}}"}
{"op_code":0,"worker_id":"4cddb9a8-be4e-413f-9746-6f7bb35c282b-139654453981312","study_name":"SensorFinger_3_optuna_evolutionary","directions":[2,2]}
{"op_code":0,"worker_id":"4f814d94-9597-475f-ac7e-7bcc55161dcb-139810141511808","study_name":"SensorFinger_3_optuna_evolutionary","directions":[2,2]}
{"op_code":0,"worker_id":"4cddb9a8-be4e-413f-9746-6f7bb35c282b-139654453981312","study_name":"SensorFinger_3_optuna_evolutionary","directions":[2,2]}
{"op_code":0,"worker_id":"4f814d94-9597-475f-ac7e-7bcc55161dcb-139810141511808","study_name":"SensorFinger_3_optuna_evolutionary","directions":[2,2]}
{"op_code":5,"worker_id":"753cc0fb-fdc7-4fd6-9de4-c28ae8c184f6-140150067351680","trial_id":4,"param_name":"OuterRadius","param_value_internal":16.046819414436595,"distribution":"{\"name\": \"FloatDistribution\", \"attributes\": {\"step\": null, \"low\": 8.75, \"high\": 17.75, \"log\": false}}"}
{"op_code":4,"worker_id":"4cddb9a8-be4e-413f-9746-6f7bb35c282b-139654453981312","study_id":0,"datetime_start":"2026-06-05T15:18:11.200970"}
{"op_code":4,"worker_id":"4f814d94-9597-475f-ac7e-7bcc55161dcb-139810141511808","study_id":0,"datetime_start":"2026-06-05T15:18:11.206920"}
{"op_code":9,"worker_id":"4cddb9a8-be4e-413f-9746-6f7bb35c282b-139654453981312","trial_id":5,"system_attr":{"nsga2:generation":0}}
{"op_code":9,"worker_id":"4f814d94-9597-475f-ac7e-7bcc55161dcb-139810141511808","trial_id":6,"system_attr":{"nsga2:generation":0}}
{"op_code":5,"worker_id":"4cddb9a8-be4e-413f-9746-6f7bb35c282b-139654453981312","trial_id":5,"param_name":"JointSlopeAngle","param_value_internal":1.0023959926493475,"distribution":"{\"name\": \"FloatDistribution\", \"attributes\": {\"step\": null, \"low\": 0.17453292519943295, \"high\": 1.0471975511965976, \"log\": false}}"}
{"op_code":5,"worker_id":"4f814d94-9597-475f-ac7e-7bcc55161dcb-139810141511808","trial_id":6,"param_name":"JointSlopeAngle","param_value_internal":0.6224284352676145,"distribution":"{\"name\": \"FloatDistribution\", \"attributes\": {\"step\": null, \"low\": 0.17453292519943295, \"high\": 1.0471975511965976, \"log\": false}}"}
{"op_code":5,"worker_id":"753cc0fb-fdc7-4fd6-9de4-c28ae8c184f6-140150067351680","trial_id":4,"param_name":"JointHeight","param_value_internal":5.161486086930168,"distribution":"{\"name\": \"FloatDistribution\", \"attributes\": {\"step\": null, \"low\": 5.0, \"high\": 8.0, \"log\": false}}"}
{"op_code":5,"worker_id":"4f814d94-9597-475f-ac7e-7bcc55161dcb-139810141511808","trial_id":6,"param_name":"OuterRadius","param_value_internal":16.9426449118138,"distribution":"{\"name\": \"FloatDistribution\", \"attributes\": {\"step\": null, \"low\": 8.75, \"high\": 17.75, \"log\": false}}"}
{"op_code":5,"worker_id":"753cc0fb-fdc7-4fd6-9de4-c28ae8c184f6-140150067351680","trial_id":4,"param_name":"CavityCorkThickness","param_value_internal":4.135236766770976,"distribution":"{\"name\": \"FloatDistribution\", \"attributes\": {\"step\": null, \"low\": 2.0, \"high\": 5.0, \"log\": false}}"}
{"op_code":5,"worker_id":"4cddb9a8-be4e-413f-9746-6f7bb35c282b-139654453981312","trial_id":5,"param_name":"OuterRadius","param_value_internal":9.18617264190594,"distribution":"{\"name\": \"FloatDistribution\", \"attributes\": {\"step\": null, \"low\": 8.75, \"high\": 17.75, \"log\": false}}"}
{"op_code":5,"worker_id":"753cc0fb-fdc7-4fd6-9de4-c28ae8c184f6-140150067351680","trial_id":4,"param_name":"BellowHeight","param_value_internal":9.499579456019962,"distribution":"{\"name\": \"FloatDistribution\", \"attributes\": {\"step\": null, \"low\": 6.0, \"high\": 10.0, \"log\": false}}"}
{"op_code":0,"worker_id":"47add64b-62cc-4453-9ad8-40ee34965529-140069582332032","study_name":"SensorFinger_3_optuna_evolutionary","directions":[2,2]}
{"op_code":5,"worker_id":"4cddb9a8-be4e-413f-9746-6f7bb35c282b-139654453981312","trial_id":5,"param_name":"JointHeight","param_value_internal":6.532928420334327,"distribution":"{\"name\": \"FloatDistribution\", \"attributes\": {\"step\": null, \"low\": 5.0, \"high\": 8.0, \"log\": false}}"}
{"op_code":0,"worker_id":"47add64b-62cc-4453-9ad8-40ee34965529-140069582332032","study_name":"SensorFinger_3_optuna_evolutionary","directions":[2,2]}
{"op_code":0,"worker_id":"66769b4e-5d7b-4393-b5fc-f3113d5281d1-139720672919680","study_name":"SensorFinger_3_optuna_evolutionary","directions":[2,2]}
{"op_code":0,"worker_id":"c09b76ab-355c-44bb-be1c-2bf9ccce9c84-140209120854144","study_name":"SensorFinger_3_optuna_evolutionary","directions":[2,2]}
{"op_code":0,"worker_id":"4df85164-b3fd-4745-b721-100fe9593c48-140563481460864","study_name":"SensorFinger_3_optuna_evolutionary","directions":[2,2]}
{"op_code":0,"worker_id":"66769b4e-5d7b-4393-b5fc-f3113d5281d1-139720672919680","study_name":"SensorFinger_3_optuna_evolutionary","directions":[2,2]}
{"op_code":0,"worker_id":"7d5d7e68-4e13-479b-8411-3192a485add4-140238302695552","study_name":"SensorFinger_3_optuna_evolutionary","directions":[2,2]}
{"op_code":0,"worker_id":"4df85164-b3fd-4745-b721-100fe9593c48-140563481460864","study_name":"SensorFinger_3_optuna_evolutionary","directions":[2,2]}
{"op_code":0,"worker_id":"7d5d7e68-4e13-479b-8411-3192a485add4-140238302695552","study_name":"SensorFinger_3_optuna_evolutionary","directions":[2,2]}
{"op_code":4,"worker_id":"66769b4e-5d7b-4393-b5fc-f3113d5281d1-139720672919680","study_id":0,"datetime_start":"2026-06-05T15:18:11.308230"}
{"op_code":4,"worker_id":"4df85164-b3fd-4745-b721-100fe9593c48-140563481460864","study_id":0,"datetime_start":"2026-06-05T15:18:11.322990"}
{"op_code":9,"worker_id":"66769b4e-5d7b-4393-b5fc-f3113d5281d1-139720672919680","trial_id":7,"system_attr":{"nsga2:generation":0}}
{"op_code":4,"worker_id":"7d5d7e68-4e13-479b-8411-3192a485add4-140238302695552","study_id":0,"datetime_start":"2026-06-05T15:18:11.325230"}
{"op_code":5,"worker_id":"4cddb9a8-be4e-413f-9746-6f7bb35c282b-139654453981312","trial_id":5,"param_name":"CavityCorkThickness","param_value_internal":2.286908306522845,"distribution":"{\"name\": \"FloatDistribution\", \"attributes\": {\"step\": null, \"low\": 2.0, \"high\": 5.0, \"log\": false}}"}
{"op_code":9,"worker_id":"4df85164-b3fd-4745-b721-100fe9593c48-140563481460864","trial_id":8,"system_attr":{"nsga2:generation":0}}
{"op_code":5,"worker_id":"4cddb9a8-be4e-413f-9746-6f7bb35c282b-139654453981312","trial_id":5,"param_name":"BellowHeight","param_value_internal":7.094850702647398,"distribution":"{\"name\": \"FloatDistribution\", \"attributes\": {\"step\": null, \"low\": 6.0, \"high\": 10.0, \"log\": false}}"}
{"op_code":4,"worker_id":"47add64b-62cc-4453-9ad8-40ee34965529-140069582332032","study_id":0,"datetime_start":"2026-06-05T15:18:11.286641"}
{"op_code":5,"worker_id":"4cddb9a8-be4e-413f-9746-6f7bb35c282b-139654453981312","trial_id":5,"param_name":"WallThickness","param_value_internal":3.790740414131019,"distribution":"{\"name\": \"FloatDistribution\", \"attributes\": {\"step\": null, \"low\": 2.0, \"high\": 4.0, \"log\": false}}"}
{"op_code":5,"worker_id":"4cddb9a8-be4e-413f-9746-6f7bb35c282b-139654453981312","trial_id":5,"param_name":"PlateauHeight","param_value_internal":2.2535086205244186,"distribution":"{\"name\": \"FloatDistribution\", \"attributes\": {\"step\": null, \"low\": 2.0, \"high\": 4.0, \"log\": false}}"}
{"op_code":5,"worker_id":"4df85164-b3fd-4745-b721-100fe9593c48-140563481460864","trial_id":8,"param_name":"JointSlopeAngle","param_value_internal":0.5262745815195156,"distribution":"{\"name\": \"FloatDistribution\", \"attributes\": {\"step\": null, \"low\": 0.17453292519943295, \"high\": 1.0471975511965976, \"log\": false}}"}
{"op_code":9,"worker_id":"47add64b-62cc-4453-9ad8-40ee34965529-140069582332032","trial_id":10,"system_attr":{"nsga2:generation":0}}
{"op_code":5,"worker_id":"4df85164-b3fd-4745-b721-100fe9593c48-140563481460864","trial_id":8,"param_name":"OuterRadius","param_value_internal":10.454888503553263,"distribution":"{\"name\": \"FloatDistribution\", \"attributes\": {\"step\": null, \"low\": 8.75, \"high\": 17.75, \"log\": false}}"}
{"op_code":9,"worker_id":"7d5d7e68-4e13-479b-8411-3192a485add4-140238302695552","trial_id":9,"system_attr":{"nsga2:generation":0}}
{"op_code":5,"worker_id":"47add64b-62cc-4453-9ad8-40ee34965529-140069582332032","trial_id":10,"param_name":"JointSlopeAngle","param_value_internal":0.9048514851830627,"distribution":"{\"name\": \"FloatDistribution\", \"attributes\": {\"step\": null, \"low\": 0.17453292519943295, \"high\": 1.0471975511965976, \"log\": false}}"}
{"op_code":5,"worker_id":"7d5d7e68-4e13-479b-8411-3192a485add4-140238302695552","trial_id":9,"param_name":"JointSlopeAngle","param_value_internal":0.2261372058531919,"distribution":"{\"name\": \"FloatDistribution\", \"attributes\": {\"step\": null, \"low\": 0.17453292519943295, \"high\": 1.0471975511965976, \"log\": false}}"}
{"op_code":5,"worker_id":"47add64b-62cc-4453-9ad8-40ee34965529-140069582332032","trial_id":10,"param_name":"OuterRadius","param_value_internal":8.93823241116893,"distribution":"{\"name\": \"FloatDistribution\", \"attributes\": {\"step\": null, \"low\": 8.75, \"high\": 17.75, \"log\": false}}"}
{"op_code":5,"worker_id":"7d5d7e68-4e13-479b-8411-3192a485add4-140238302695552","trial_id":9,"param_name":"OuterRadius","param_value_internal":9.90756778203303,"distribution":"{\"name\": \"FloatDistribution\", \"attributes\": {\"step\": null, \"low\": 8.75, \"high\": 17.75, \"log\": false}}"}
{"op_code":5,"worker_id":"47add64b-62cc-4453-9ad8-40ee34965529-140069582332032","trial_id":10,"param_name":"JointHeight","param_value_internal":5.66064153335226,"distribution":"{\"name\": \"FloatDistribution\", \"attributes\": {\"step\": null, \"low\": 5.0, \"high\": 8.0, \"log\": false}}"}
{"op_code":0,"worker_id":"c09b76ab-355c-44bb-be1c-2bf9ccce9c84-140209120854144","study_name":"SensorFinger_3_optuna_evolutionary","directions":[2,2]}
{"op_code":5,"worker_id":"7d5d7e68-4e13-479b-8411-3192a485add4-140238302695552","trial_id":9,"param_name":"JointHeight","param_value_internal":6.934499609440106,"distribution":"{\"name\": \"FloatDistribution\", \"attributes\": {\"step\": null, \"low\": 5.0, \"high\": 8.0, \"log\": false}}"}
{"op_code":5,"worker_id":"47add64b-62cc-4453-9ad8-40ee34965529-140069582332032","trial_id":10,"param_name":"CavityCorkThickness","param_value_internal":4.252343321406008,"distribution":"{\"name\": \"FloatDistribution\", \"attributes\": {\"step\": null, \"low\": 2.0, \"high\": 5.0, \"log\": false}}"}
{"op_code":5,"worker_id":"7d5d7e68-4e13-479b-8411-3192a485add4-140238302695552","trial_id":9,"param_name":"CavityCorkThickness","param_value_internal":2.2641467273021294,"distribution":"{\"name\": \"FloatDistribution\", \"attributes\": {\"step\": null, \"low\": 2.0, \"high\": 5.0, \"log\": false}}"}
{"op_code":4,"worker_id":"c09b76ab-355c-44bb-be1c-2bf9ccce9c84-140209120854144","study_id":0,"datetime_start":"2026-06-05T15:18:11.437995"}
{"op_code":5,"worker_id":"47add64b-62cc-4453-9ad8-40ee34965529-140069582332032","trial_id":10,"param_name":"BellowHeight","param_value_internal":6.814891348424048,"distribution":"{\"name\": \"FloatDistribution\", \"attributes\": {\"step\": null, \"low\": 6.0, \"high\": 10.0, \"log\": false}}"}
{"op_code":5,"worker_id":"7d5d7e68-4e13-479b-8411-3192a485add4-140238302695552","trial_id":9,"param_name":"BellowHeight","param_value_internal":8.626678319217513,"distribution":"{\"name\": \"FloatDistribution\", \"attributes\": {\"step\": null, \"low\": 6.0, \"high\": 10.0, \"log\": false}}"}
{"op_code":9,"worker_id":"c09b76ab-355c-44bb-be1c-2bf9ccce9c84-140209120854144","trial_id":11,"system_attr":{"nsga2:generation":0}}
{"op_code":5,"worker_id":"7d5d7e68-4e13-479b-8411-3192a485add4-140238302695552","trial_id":9,"param_name":"WallThickness","param_value_internal":3.03371921163253,"distribution":"{\"name\": \"FloatDistribution\", \"attributes\": {\"step\": null, \"low\": 2.0, \"high\": 4.0, \"log\": false}}"}
{"op_code":5,"worker_id":"7d5d7e68-4e13-479b-8411-3192a485add4-140238302695552","trial_id":9,"param_name":"PlateauHeight","param_value_internal":3.7482559450110466,"distribution":"{\"name\": \"FloatDistribution\", \"attributes\": {\"step\": null, \"low\": 2.0, \"high\": 4.0, \"log\": false}}"}
{"op_code":5,"worker_id":"c09b76ab-355c-44bb-be1c-2bf9ccce9c84-140209120854144","trial_id":11,"param_name":"JointSlopeAngle","param_value_internal":0.642259163981371,"distribution":"{\"name\": \"FloatDistribution\", \"attributes\": {\"step\": null, \"low\": 0.17453292519943295, \"high\": 1.0471975511965976, \"log\": false}}"}
{"op_code":5,"worker_id":"c09b76ab-355c-44bb-be1c-2bf9ccce9c84-140209120854144","trial_id":11,"param_name":"OuterRadius","param_value_internal":10.638329814442972,"distribution":"{\"name\": \"FloatDistribution\", \"attributes\": {\"step\": null, \"low\": 8.75, \"high\": 17.75, \"log\": false}}"}
{"op_code":5,"worker_id":"c09b76ab-355c-44bb-be1c-2bf9ccce9c84-140209120854144","trial_id":11,"param_name":"JointHeight","param_value_internal":6.005755374196351,"distribution":"{\"name\": \"FloatDistribution\", \"attributes\": {\"step\": null, \"low\": 5.0, \"high\": 8.0, \"log\": false}}"}
{"op_code":5,"worker_id":"c09b76ab-355c-44bb-be1c-2bf9ccce9c84-140209120854144","trial_id":11,"param_name":"CavityCorkThickness","param_value_internal":3.499965692377365,"distribution":"{\"name\": \"FloatDistribution\", \"attributes\": {\"step\": null, \"low\": 2.0, \"high\": 5.0, \"log\": false}}"}
{"op_code":5,"worker_id":"c09b76ab-355c-44bb-be1c-2bf9ccce9c84-140209120854144","trial_id":11,"param_name":"BellowHeight","param_value_internal":9.015246334962418,"distribution":"{\"name\": \"FloatDistribution\", \"attributes\": {\"step\": null, \"low\": 6.0, \"high\": 10.0, \"log\": false}}"}
{"op_code":5,"worker_id":"c09b76ab-355c-44bb-be1c-2bf9ccce9c84-140209120854144","trial_id":11,"param_name":"WallThickness","param_value_internal":2.130277979302927,"distribution":"{\"name\": \"FloatDistribution\", \"attributes\": {\"step\": null, \"low\": 2.0, \"high\": 4.0, \"log\": false}}"}
{"op_code":5,"worker_id":"c09b76ab-355c-44bb-be1c-2bf9ccce9c84-140209120854144","trial_id":11,"param_name":"PlateauHeight","param_value_internal":2.1565985283676437,"distribution":"{\"name\": \"FloatDistribution\", \"attributes\": {\"step\": null, \"low\": 2.0, \"high\": 4.0, \"log\": false}}"}
{"op_code":5,"worker_id":"753cc0fb-fdc7-4fd6-9de4-c28ae8c184f6-140150067351680","trial_id":4,"param_name":"WallThickness","param_value_internal":2.3298973436792485,"distribution":"{\"name\": \"FloatDistribution\", \"attributes\": {\"step\": null, \"low\": 2.0, \"high\": 4.0, \"log\": false}}"}
{"op_code":5,"worker_id":"4df85164-b3fd-4745-b721-100fe9593c48-140563481460864","trial_id":8,"param_name":"JointHeight","param_value_internal":6.582823468439457,"distribution":"{\"name\": \"FloatDistribution\", \"attributes\": {\"step\": null, \"low\": 5.0, \"high\": 8.0, \"log\": false}}"}
{"op_code":5,"worker_id":"753cc0fb-fdc7-4fd6-9de4-c28ae8c184f6-140150067351680","trial_id":4,"param_name":"PlateauHeight","param_value_internal":2.3150195878418067,"distribution":"{\"name\": \"FloatDistribution\", \"attributes\": {\"step\": null, \"low\": 2.0, \"high\": 4.0, \"log\": false}}"}
{"op_code":5,"worker_id":"4df85164-b3fd-4745-b721-100fe9593c48-140563481460864","trial_id":8,"param_name":"CavityCorkThickness","param_value_internal":4.7934354799250745,"distribution":"{\"name\": \"FloatDistribution\", \"attributes\": {\"step\": null, \"low\": 2.0, \"high\": 5.0, \"log\": false}}"}
{"op_code":5,"worker_id":"4df85164-b3fd-4745-b721-100fe9593c48-140563481460864","trial_id":8,"param_name":"BellowHeight","param_value_internal":6.854333090035779,"distribution":"{\"name\": \"FloatDistribution\", \"attributes\": {\"step\": null, \"low\": 6.0, \"high\": 10.0, \"log\": false}}"}
{"op_code":5,"worker_id":"4df85164-b3fd-4745-b721-100fe9593c48-140563481460864","trial_id":8,"param_name":"WallThickness","param_value_internal":2.313487222243843,"distribution":"{\"name\": \"FloatDistribution\", \"attributes\": {\"step\": null, \"low\": 2.0, \"high\": 4.0, \"log\": false}}"}
{"op_code":5,"worker_id":"4df85164-b3fd-4745-b721-100fe9593c48-140563481460864","trial_id":8,"param_name":"PlateauHeight","param_value_internal":3.7512074639148363,"distribution":"{\"name\": \"FloatDistribution\", \"attributes\": {\"step\": null, \"low\": 2.0, \"high\": 4.0, \"log\": false}}"}
{"op_code":5,"worker_id":"47add64b-62cc-4453-9ad8-40ee34965529-140069582332032","trial_id":10,"param_name":"WallThickness","param_value_internal":2.7370640067675116,"distribution":"{\"name\": \"FloatDistribution\", \"attributes\": {\"step\": null, \"low\": 2.0, \"high\": 4.0, \"log\": false}}"}
{"op_code":5,"worker_id":"47add64b-62cc-4453-9ad8-40ee34965529-140069582332032","trial_id":10,"param_name":"PlateauHeight","param_value_internal":2.8159317327155398,"distribution":"{\"name\": \"FloatDistribution\", \"attributes\": {\"step\": null, \"low\": 2.0, \"high\": 4.0, \"log\": false}}"}
{"op_code":6,"worker_id":"6433dcd6-f513-4ebd-abab-f1908777e1c5-140495401631872","trial_id":2,"state":1,"values":[-Infinity,-Infinity],"datetime_complete":"2026-06-05T15:18:11.611262"}
{"op_code":4,"worker_id":"6433dcd6-f513-4ebd-abab-f1908777e1c5-140495401631872","study_id":0,"datetime_start":"2026-06-05T15:18:11.623278"}
{"op_code":6,"worker_id":"2fbcf1b3-4fe1-4764-a96f-77cc9bb9a33f-140398763536512","trial_id":3,"state":1,"values":[-Infinity,-Infinity],"datetime_complete":"2026-06-05T15:18:11.629321"}
{"op_code":9,"worker_id":"6433dcd6-f513-4ebd-abab-f1908777e1c5-140495401631872","trial_id":12,"system_attr":{"nsga2:generation":0}}
{"op_code":5,"worker_id":"6433dcd6-f513-4ebd-abab-f1908777e1c5-140495401631872","trial_id":12,"param_name":"JointSlopeAngle","param_value_internal":0.4974262678160072,"distribution":"{\"name\": \"FloatDistribution\", \"attributes\": {\"step\": null, \"low\": 0.17453292519943295, \"high\": 1.0471975511965976, \"log\": false}}"}
{"op_code":4,"worker_id":"2fbcf1b3-4fe1-4764-a96f-77cc9bb9a33f-140398763536512","study_id":0,"datetime_start":"2026-06-05T15:18:11.641516"}
{"op_code":5,"worker_id":"6433dcd6-f513-4ebd-abab-f1908777e1c5-140495401631872","trial_id":12,"param_name":"OuterRadius","param_value_internal":10.585666653150618,"distribution":"{\"name\": \"FloatDistribution\", \"attributes\": {\"step\": null, \"low\": 8.75, \"high\": 17.75, \"log\": false}}"}
{"op_code":5,"worker_id":"6433dcd6-f513-4ebd-abab-f1908777e1c5-140495401631872","trial_id":12,"param_name":"JointHeight","param_value_internal":6.072797589994832,"distribution":"{\"name\": \"FloatDistribution\", \"attributes\": {\"step\": null, \"low\": 5.0, \"high\": 8.0, \"log\": false}}"}
{"op_code":9,"worker_id":"2fbcf1b3-4fe1-4764-a96f-77cc9bb9a33f-140398763536512","trial_id":13,"system_attr":{"nsga2:generation":0}}
{"op_code":5,"worker_id":"6433dcd6-f513-4ebd-abab-f1908777e1c5-140495401631872","trial_id":12,"param_name":"CavityCorkThickness","param_value_internal":2.9966146443357653,"distribution":"{\"name\": \"FloatDistribution\", \"attributes\": {\"step\": null, \"low\": 2.0, \"high\": 5.0, \"log\": false}}"}
{"op_code":5,"worker_id":"2fbcf1b3-4fe1-4764-a96f-77cc9bb9a33f-140398763536512","trial_id":13,"param_name":"JointSlopeAngle","param_value_internal":0.7846072039025286,"distribution":"{\"name\": \"FloatDistribution\", \"attributes\": {\"step\": null, \"low\": 0.17453292519943295, \"high\": 1.0471975511965976, \"log\": false}}"}
{"op_code":5,"worker_id":"6433dcd6-f513-4ebd-abab-f1908777e1c5-140495401631872","trial_id":12,"param_name":"BellowHeight","param_value_internal":9.946515756995112,"distribution":"{\"name\": \"FloatDistribution\", \"attributes\": {\"step\": null, \"low\": 6.0, \"high\": 10.0, \"log\": false}}"}
{"op_code":5,"worker_id":"2fbcf1b3-4fe1-4764-a96f-77cc9bb9a33f-140398763536512","trial_id":13,"param_name":"OuterRadius","param_value_internal":11.832474714647716,"distribution":"{\"name\": \"FloatDistribution\", \"attributes\": {\"step\": null, \"low\": 8.75, \"high\": 17.75, \"log\": false}}"}
{"op_code":5,"worker_id":"6433dcd6-f513-4ebd-abab-f1908777e1c5-140495401631872","trial_id":12,"param_name":"WallThickness","param_value_internal":3.6570975483972625,"distribution":"{\"name\": \"FloatDistribution\", \"attributes\": {\"step\": null, \"low\": 2.0, \"high\": 4.0, \"log\": false}}"}
{"op_code":5,"worker_id":"2fbcf1b3-4fe1-4764-a96f-77cc9bb9a33f-140398763536512","trial_id":13,"param_name":"JointHeight","param_value_internal":6.979042502392028,"distribution":"{\"name\": \"FloatDistribution\", \"attributes\": {\"step\": null, \"low\": 5.0, \"high\": 8.0, \"log\": false}}"}
{"op_code":5,"worker_id":"6433dcd6-f513-4ebd-abab-f1908777e1c5-140495401631872","trial_id":12,"param_name":"PlateauHeight","param_value_internal":2.2097441538226064,"distribution":"{\"name\": \"FloatDistribution\", \"attributes\": {\"step\": null, \"low\": 2.0, \"high\": 4.0, \"log\": false}}"}
{"op_code":5,"worker_id":"2fbcf1b3-4fe1-4764-a96f-77cc9bb9a33f-140398763536512","trial_id":13,"param_name":"CavityCorkThickness","param_value_internal":2.116881705819718,"distribution":"{\"name\": \"FloatDistribution\", \"attributes\": {\"step\": null, \"low\": 2.0, \"high\": 5.0, \"log\": false}}"}
{"op_code":5,"worker_id":"2fbcf1b3-4fe1-4764-a96f-77cc9bb9a33f-140398763536512","trial_id":13,"param_name":"BellowHeight","param_value_internal":9.880275202559229,"distribution":"{\"name\": \"FloatDistribution\", \"attributes\": {\"step\": null, \"low\": 6.0, \"high\": 10.0, \"log\": false}}"}
{"op_code":5,"worker_id":"2fbcf1b3-4fe1-4764-a96f-77cc9bb9a33f-140398763536512","trial_id":13,"param_name":"WallThickness","param_value_internal":2.7767051501484574,"distribution":"{\"name\": \"FloatDistribution\", \"attributes\": {\"step\": null, \"low\": 2.0, \"high\": 4.0, \"log\": false}}"}
{"op_code":5,"worker_id":"2fbcf1b3-4fe1-4764-a96f-77cc9bb9a33f-140398763536512","trial_id":13,"param_name":"PlateauHeight","param_value_internal":3.761312336642151,"distribution":"{\"name\": \"FloatDistribution\", \"attributes\": {\"step\": null, \"low\": 2.0, \"high\": 4.0, \"log\": false}}"}
{"op_code":5,"worker_id":"4f814d94-9597-475f-ac7e-7bcc55161dcb-139810141511808","trial_id":6,"param_name":"JointHeight","param_value_internal":6.260101731461207,"distribution":"{\"name\": \"FloatDistribution\", \"attributes\": {\"step\": null, \"low\": 5.0, \"high\": 8.0, \"log\": false}}"}
{"op_code":5,"worker_id":"4f814d94-9597-475f-ac7e-7bcc55161dcb-139810141511808","trial_id":6,"param_name":"CavityCorkThickness","param_value_internal":3.6793554708046847,"distribution":"{\"name\": \"FloatDistribution\", \"attributes\": {\"step\": null, \"low\": 2.0, \"high\": 5.0, \"log\": false}}"}
{"op_code":5,"worker_id":"4f814d94-9597-475f-ac7e-7bcc55161dcb-139810141511808","trial_id":6,"param_name":"BellowHeight","param_value_internal":6.087222731340379,"distribution":"{\"name\": \"FloatDistribution\", \"attributes\": {\"step\": null, \"low\": 6.0, \"high\": 10.0, \"log\": false}}"}
{"op_code":5,"worker_id":"4f814d94-9597-475f-ac7e-7bcc55161dcb-139810141511808","trial_id":6,"param_name":"WallThickness","param_value_internal":3.88634202083927,"distribution":"{\"name\": \"FloatDistribution\", \"attributes\": {\"step\": null, \"low\": 2.0, \"high\": 4.0, \"log\": false}}"}
{"op_code":5,"worker_id":"4f814d94-9597-475f-ac7e-7bcc55161dcb-139810141511808","trial_id":6,"param_name":"PlateauHeight","param_value_internal":2.8274819140533163,"distribution":"{\"name\": \"FloatDistribution\", \"attributes\": {\"step\": null, \"low\": 2.0, \"high\": 4.0, \"log\": false}}"}
{"op_code":5,"worker_id":"66769b4e-5d7b-4393-b5fc-f3113d5281d1-139720672919680","trial_id":7,"param_name":"JointSlopeAngle","param_value_internal":1.0346024684243513,"distribution":"{\"name\": \"FloatDistribution\", \"attributes\": {\"step\": null, \"low\": 0.17453292519943295, \"high\": 1.0471975511965976, \"log\": false}}"}
{"op_code":5,"worker_id":"66769b4e-5d7b-4393-b5fc-f3113d5281d1-139720672919680","trial_id":7,"param_name":"OuterRadius","param_value_internal":10.292298280521853,"distribution":"{\"name\": \"FloatDistribution\", \"attributes\": {\"step\": null, \"low\": 8.75, \"high\": 17.75, \"log\": false}}"}
{"op_code":5,"worker_id":"66769b4e-5d7b-4393-b5fc-f3113d5281d1-139720672919680","trial_id":7,"param_name":"JointHeight","param_value_internal":5.653715655232114,"distribution":"{\"name\": \"FloatDistribution\", \"attributes\": {\"step\": null, \"low\": 5.0, \"high\": 8.0, \"log\": false}}"}
{"op_code":5,"worker_id":"66769b4e-5d7b-4393-b5fc-f3113d5281d1-139720672919680","trial_id":7,"param_name":"CavityCorkThickness","param_value_internal":2.51788731861377,"distribution":"{\"name\": \"FloatDistribution\", \"attributes\": {\"step\": null, \"low\": 2.0, \"high\": 5.0, \"log\": false}}"}
{"op_code":5,"worker_id":"66769b4e-5d7b-4393-b5fc-f3113d5281d1-139720672919680","trial_id":7,"param_name":"BellowHeight","param_value_internal":8.576924824998207,"distribution":"{\"name\": \"FloatDistribution\", \"attributes\": {\"step\": null, \"low\": 6.0, \"high\": 10.0, \"log\": false}}"}
{"op_code":5,"worker_id":"66769b4e-5d7b-4393-b5fc-f3113d5281d1-139720672919680","trial_id":7,"param_name":"WallThickness","param_value_internal":3.5500012138985184,"distribution":"{\"name\": \"FloatDistribution\", \"attributes\": {\"step\": null, \"low\": 2.0, \"high\": 4.0, \"log\": false}}"}
{"op_code":5,"worker_id":"66769b4e-5d7b-4393-b5fc-f3113d5281d1-139720672919680","trial_id":7,"param_name":"PlateauHeight","param_value_internal":3.1405349322697975,"distribution":"{\"name\": \"FloatDistribution\", \"attributes\": {\"step\": null, \"low\": 2.0, \"high\": 4.0, \"log\": false}}"}
{"op_code":6,"worker_id":"6433dcd6-f513-4ebd-abab-f1908777e1c5-140495401631872","trial_id":12,"state":1,"values":[-Infinity,-Infinity],"datetime_complete":"2026-06-05T15:18:12.428054"}
{"op_code":4,"worker_id":"6433dcd6-f513-4ebd-abab-f1908777e1c5-140495401631872","study_id":0,"datetime_start":"2026-06-05T15:18:12.438920"}
{"op_code":9,"worker_id":"6433dcd6-f513-4ebd-abab-f1908777e1c5-140495401631872","trial_id":14,"system_attr":{"nsga2:generation":0}}
{"op_code":6,"worker_id":"2fbcf1b3-4fe1-4764-a96f-77cc9bb9a33f-140398763536512","trial_id":13,"state":1,"values":[-Infinity,-Infinity],"datetime_complete":"2026-06-05T15:18:12.451959"}
{"op_code":5,"worker_id":"6433dcd6-f513-4ebd-abab-f1908777e1c5-140495401631872","trial_id":14,"param_name":"JointSlopeAngle","param_value_internal":0.2740791576536674,"distribution":"{\"name\": \"FloatDistribution\", \"attributes\": {\"step\": null, \"low\": 0.17453292519943295, \"high\": 1.0471975511965976, \"log\": false}}"}
{"op_code":5,"worker_id":"6433dcd6-f513-4ebd-abab-f1908777e1c5-140495401631872","trial_id":14,"param_name":"OuterRadius","param_value_internal":11.330400359032861,"distribution":"{\"name\": \"FloatDistribution\", \"attributes\": {\"step\": null, \"low\": 8.75, \"high\": 17.75, \"log\": false}}"}
{"op_code":4,"worker_id":"2fbcf1b3-4fe1-4764-a96f-77cc9bb9a33f-140398763536512","study_id":0,"datetime_start":"2026-06-05T15:18:12.466860"}
{"op_code":5,"worker_id":"6433dcd6-f513-4ebd-abab-f1908777e1c5-140495401631872","trial_id":14,"param_name":"JointHeight","param_value_internal":6.640200474827607,"distribution":"{\"name\": \"FloatDistribution\", \"attributes\": {\"step\": null, \"low\": 5.0, \"high\": 8.0, \"log\": false}}"}
{"op_code":9,"worker_id":"2fbcf1b3-4fe1-4764-a96f-77cc9bb9a33f-140398763536512","trial_id":15,"system_attr":{"nsga2:generation":0}}
{"op_code":5,"worker_id":"6433dcd6-f513-4ebd-abab-f1908777e1c5-140495401631872","trial_id":14,"param_name":"CavityCorkThickness","param_value_internal":4.817846986298072,"distribution":"{\"name\": \"FloatDistribution\", \"attributes\": {\"step\": null, \"low\": 2.0, \"high\": 5.0, \"log\": false}}"}
{"op_code":5,"worker_id":"2fbcf1b3-4fe1-4764-a96f-77cc9bb9a33f-140398763536512","trial_id":15,"param_name":"JointSlopeAngle","param_value_internal":0.43272296140909405,"distribution":"{\"name\": \"FloatDistribution\", \"attributes\": {\"step\": null, \"low\": 0.17453292519943295, \"high\": 1.0471975511965976, \"log\": false}}"}
{"op_code":5,"worker_id":"6433dcd6-f513-4ebd-abab-f1908777e1c5-140495401631872","trial_id":14,"param_name":"BellowHeight","param_value_internal":7.195485138670007,"distribution":"{\"name\": \"FloatDistribution\", \"attributes\": {\"step\": null, \"low\": 6.0, \"high\": 10.0, \"log\": false}}"}
{"op_code":5,"worker_id":"2fbcf1b3-4fe1-4764-a96f-77cc9bb9a33f-140398763536512","trial_id":15,"param_name":"OuterRadius","param_value_internal":12.388964609499968,"distribution":"{\"name\": \"FloatDistribution\", \"attributes\": {\"step\": null, \"low\": 8.75, \"high\": 17.75, \"log\": false}}"}
{"op_code":5,"worker_id":"6433dcd6-f513-4ebd-abab-f1908777e1c5-140495401631872","trial_id":14,"param_name":"WallThickness","param_value_internal":2.63161899585688,"distribution":"{\"name\": \"FloatDistribution\", \"attributes\": {\"step\": null, \"low\": 2.0, \"high\": 4.0, \"log\": false}}"}
{"op_code":5,"worker_id":"2fbcf1b3-4fe1-4764-a96f-77cc9bb9a33f-140398763536512","trial_id":15,"param_name":"JointHeight","param_value_internal":7.145472474950514,"distribution":"{\"name\": \"FloatDistribution\", \"attributes\": {\"step\": null, \"low\": 5.0, \"high\": 8.0, \"log\": false}}"}
{"op_code":5,"worker_id":"6433dcd6-f513-4ebd-abab-f1908777e1c5-140495401631872","trial_id":14,"param_name":"PlateauHeight","param_value_internal":2.592098907207836,"distribution":"{\"name\": \"FloatDistribution\", \"attributes\": {\"step\": null, \"low\": 2.0, \"high\": 4.0, \"log\": false}}"}
{"op_code":5,"worker_id":"2fbcf1b3-4fe1-4764-a96f-77cc9bb9a33f-140398763536512","trial_id":15,"param_name":"CavityCorkThickness","param_value_internal":3.730563308662117,"distribution":"{\"name\": \"FloatDistribution\", \"attributes\": {\"step\": null, \"low\": 2.0, \"high\": 5.0, \"log\": false}}"}
{"op_code":5,"worker_id":"2fbcf1b3-4fe1-4764-a96f-77cc9bb9a33f-140398763536512","trial_id":15,"param_name":"BellowHeight","param_value_internal":7.236928328101843,"distribution":"{\"name\": \"FloatDistribution\", \"attributes\": {\"step\": null, \"low\": 6.0, \"high\": 10.0, \"log\": false}}"}
{"op_code":5,"worker_id":"2fbcf1b3-4fe1-4764-a96f-77cc9bb9a33f-140398763536512","trial_id":15,"param_name":"WallThickness","param_value_internal":3.8792107182107283,"distribution":"{\"name\": \"FloatDistribution\", \"attributes\": {\"step\": null, \"low\": 2.0, \"high\": 4.0, \"log\": false}}"}
{"op_code":5,"worker_id":"2fbcf1b3-4fe1-4764-a96f-77cc9bb9a33f-140398763536512","trial_id":15,"param_name":"PlateauHeight","param_value_internal":2.5631907727712,"distribution":"{\"name\": \"FloatDistribution\", \"attributes\": {\"step\": null, \"low\": 2.0, \"high\": 4.0, \"log\": false}}"}
{"op_code":6,"worker_id":"6433dcd6-f513-4ebd-abab-f1908777e1c5-140495401631872","trial_id":14,"state":1,"values":[-Infinity,-Infinity],"datetime_complete":"2026-06-05T15:18:13.237604"}
{"op_code":4,"worker_id":"6433dcd6-f513-4ebd-abab-f1908777e1c5-140495401631872","study_id":0,"datetime_start":"2026-06-05T15:18:13.248750"}
{"op_code":9,"worker_id":"6433dcd6-f513-4ebd-abab-f1908777e1c5-140495401631872","trial_id":16,"system_attr":{"nsga2:generation":0}}
{"op_code":5,"worker_id":"6433dcd6-f513-4ebd-abab-f1908777e1c5-140495401631872","trial_id":16,"param_name":"JointSlopeAngle","param_value_internal":0.6259417773818596,"distribution":"{\"name\": \"FloatDistribution\", \"attributes\": {\"step\": null, \"low\": 0.17453292519943295, \"high\": 1.0471975511965976, \"log\": false}}"}
{"op_code":6,"worker_id":"2fbcf1b3-4fe1-4764-a96f-77cc9bb9a33f-140398763536512","trial_id":15,"state":1,"values":[-Infinity,-Infinity],"datetime_complete":"2026-06-05T15:18:13.266411"}
{"op_code":5,"worker_id":"6433dcd6-f513-4ebd-abab-f1908777e1c5-140495401631872","trial_id":16,"param_name":"OuterRadius","param_value_internal":13.668938312439856,"distribution":"{\"name\": \"FloatDistribution\", \"attributes\": {\"step\": null, \"low\": 8.75, \"high\": 17.75, \"log\": false}}"}
{"op_code":4,"worker_id":"2fbcf1b3-4fe1-4764-a96f-77cc9bb9a33f-140398763536512","study_id":0,"datetime_start":"2026-06-05T15:18:13.277416"}
{"op_code":5,"worker_id":"6433dcd6-f513-4ebd-abab-f1908777e1c5-140495401631872","trial_id":16,"param_name":"JointHeight","param_value_internal":7.190144631473244,"distribution":"{\"name\": \"FloatDistribution\", \"attributes\": {\"step\": null, \"low\": 5.0, \"high\": 8.0, \"log\": false}}"}
{"op_code":5,"worker_id":"6433dcd6-f513-4ebd-abab-f1908777e1c5-140495401631872","trial_id":16,"param_name":"CavityCorkThickness","param_value_internal":3.725912934526396,"distribution":"{\"name\": \"FloatDistribution\", \"attributes\": {\"step\": null, \"low\": 2.0, \"high\": 5.0, \"log\": false}}"}
{"op_code":9,"worker_id":"2fbcf1b3-4fe1-4764-a96f-77cc9bb9a33f-140398763536512","trial_id":17,"system_attr":{"nsga2:generation":0}}
{"op_code":5,"worker_id":"6433dcd6-f513-4ebd-abab-f1908777e1c5-140495401631872","trial_id":16,"param_name":"BellowHeight","param_value_internal":6.82298519188646,"distribution":"{\"name\": \"FloatDistribution\", \"attributes\": {\"step\": null, \"low\": 6.0, \"high\": 10.0, \"log\": false}}"}
{"op_code":5,"worker_id":"2fbcf1b3-4fe1-4764-a96f-77cc9bb9a33f-140398763536512","trial_id":17,"param_name":"JointSlopeAngle","param_value_internal":0.6685485858499934,"distribution":"{\"name\": \"FloatDistribution\", \"attributes\": {\"step\": null, \"low\": 0.17453292519943295, \"high\": 1.0471975511965976, \"log\": false}}"}
{"op_code":5,"worker_id":"6433dcd6-f513-4ebd-abab-f1908777e1c5-140495401631872","trial_id":16,"param_name":"WallThickness","param_value_internal":3.7531931640741667,"distribution":"{\"name\": \"FloatDistribution\", \"attributes\": {\"step\": null, \"low\": 2.0, \"high\": 4.0, \"log\": false}}"}
{"op_code":5,"worker_id":"2fbcf1b3-4fe1-4764-a96f-77cc9bb9a33f-140398763536512","trial_id":17,"param_name":"OuterRadius","param_value_internal":13.108582206031185,"distribution":"{\"name\": \"FloatDistribution\", \"attributes\": {\"step\": null, \"low\": 8.75, \"high\": 17.75, \"log\": false}}"}
{"op_code":5,"worker_id":"6433dcd6-f513-4ebd-abab-f1908777e1c5-140495401631872","trial_id":16,"param_name":"PlateauHeight","param_value_internal":2.1738805206856027,"distribution":"{\"name\": \"FloatDistribution\", \"attributes\": {\"step\": null, \"low\": 2.0, \"high\": 4.0, \"log\": false}}"}
{"op_code":5,"worker_id":"2fbcf1b3-4fe1-4764-a96f-77cc9bb9a33f-140398763536512","trial_id":17,"param_name":"JointHeight","param_value_internal":7.847527051739169,"distribution":"{\"name\": \"FloatDistribution\", \"attributes\": {\"step\": null, \"low\": 5.0, \"high\": 8.0, \"log\": false}}"}
{"op_code":5,"worker_id":"2fbcf1b3-4fe1-4764-a96f-77cc9bb9a33f-140398763536512","trial_id":17,"param_name":"CavityCorkThickness","param_value_internal":2.574711354427945,"distribution":"{\"name\": \"FloatDistribution\", \"attributes\": {\"step\": null, \"low\": 2.0, \"high\": 5.0, \"log\": false}}"}
{"op_code":5,"worker_id":"2fbcf1b3-4fe1-4764-a96f-77cc9bb9a33f-140398763536512","trial_id":17,"param_name":"BellowHeight","param_value_internal":8.154482386705583,"distribution":"{\"name\": \"FloatDistribution\", \"attributes\": {\"step\": null, \"low\": 6.0, \"high\": 10.0, \"log\": false}}"}
{"op_code":5,"worker_id":"2fbcf1b3-4fe1-4764-a96f-77cc9bb9a33f-140398763536512","trial_id":17,"param_name":"WallThickness","param_value_internal":3.608912947496888,"distribution":"{\"name\": \"FloatDistribution\", \"attributes\": {\"step\": null, \"low\": 2.0, \"high\": 4.0, \"log\": false}}"}
{"op_code":5,"worker_id":"2fbcf1b3-4fe1-4764-a96f-77cc9bb9a33f-140398763536512","trial_id":17,"param_name":"PlateauHeight","param_value_internal":3.9234643128138,"distribution":"{\"name\": \"FloatDistribution\", \"attributes\": {\"step\": null, \"low\": 2.0, \"high\": 4.0, \"log\": false}}"}
{"op_code":6,"worker_id":"6433dcd6-f513-4ebd-abab-f1908777e1c5-140495401631872","trial_id":16,"state":1,"values":[-Infinity,-Infinity],"datetime_complete":"2026-06-05T15:18:14.036032"}
{"op_code":4,"worker_id":"6433dcd6-f513-4ebd-abab-f1908777e1c5-140495401631872","study_id":0,"datetime_start":"2026-06-05T15:18:14.045110"}
{"op_code":9,"worker_id":"6433dcd6-f513-4ebd-abab-f1908777e1c5-140495401631872","trial_id":18,"system_attr":{"nsga2:generation":0}}
{"op_code":5,"worker_id":"6433dcd6-f513-4ebd-abab-f1908777e1c5-140495401631872","trial_id":18,"param_name":"JointSlopeAngle","param_value_internal":0.9179469713621183,"distribution":"{\"name\": \"FloatDistribution\", \"attributes\": {\"step\": null, \"low\": 0.17453292519943295, \"high\": 1.0471975511965976, \"log\": false}}"}
{"op_code":5,"worker_id":"6433dcd6-f513-4ebd-abab-f1908777e1c5-140495401631872","trial_id":18,"param_name":"OuterRadius","param_value_internal":16.898433204005126,"distribution":"{\"name\": \"FloatDistribution\", \"attributes\": {\"step\": null, \"low\": 8.75, \"high\": 17.75, \"log\": false}}"}
{"op_code":6,"worker_id":"2fbcf1b3-4fe1-4764-a96f-77cc9bb9a33f-140398763536512","trial_id":17,"state":1,"values":[-Infinity,-Infinity],"datetime_complete":"2026-06-05T15:18:14.069471"}
{"op_code":5,"worker_id":"6433dcd6-f513-4ebd-abab-f1908777e1c5-140495401631872","trial_id":18,"param_name":"JointHeight","param_value_internal":5.0801118767106015,"distribution":"{\"name\": \"FloatDistribution\", \"attributes\": {\"step\": null, \"low\": 5.0, \"high\": 8.0, \"log\": false}}"}
{"op_code":5,"worker_id":"6433dcd6-f513-4ebd-abab-f1908777e1c5-140495401631872","trial_id":18,"param_name":"CavityCorkThickness","param_value_internal":2.43610631567912,"distribution":"{\"name\": \"FloatDistribution\", \"attributes\": {\"step\": null, \"low\": 2.0, \"high\": 5.0, \"log\": false}}"}
{"op_code":4,"worker_id":"2fbcf1b3-4fe1-4764-a96f-77cc9bb9a33f-140398763536512","study_id":0,"datetime_start":"2026-06-05T15:18:14.081515"}
{"op_code":5,"worker_id":"6433dcd6-f513-4ebd-abab-f1908777e1c5-140495401631872","trial_id":18,"param_name":"BellowHeight","param_value_internal":7.333987982649212,"distribution":"{\"name\": \"FloatDistribution\", \"attributes\": {\"step\": null, \"low\": 6.0, \"high\": 10.0, \"log\": false}}"}
{"op_code":9,"worker_id":"2fbcf1b3-4fe1-4764-a96f-77cc9bb9a33f-140398763536512","trial_id":19,"system_attr":{"nsga2:generation":0}}
{"op_code":5,"worker_id":"6433dcd6-f513-4ebd-abab-f1908777e1c5-140495401631872","trial_id":18,"param_name":"WallThickness","param_value_internal":2.6705181619796825,"distribution":"{\"name\": \"FloatDistribution\", \"attributes\": {\"step\": null, \"low\": 2.0, \"high\": 4.0, \"log\": false}}"}
{"op_code":5,"worker_id":"2fbcf1b3-4fe1-4764-a96f-77cc9bb9a33f-140398763536512","trial_id":19,"param_name":"JointSlopeAngle","param_value_internal":0.8615822127126356,"distribution":"{\"name\": \"FloatDistribution\", \"attributes\": {\"step\": null, \"low\": 0.17453292519943295, \"high\": 1.0471975511965976, \"log\": false}}"}
{"op_code":5,"worker_id":"6433dcd6-f513-4ebd-abab-f1908777e1c5-140495401631872","trial_id":18,"param_name":"PlateauHeight","param_value_internal":2.179752884115236,"distribution":"{\"name\": \"FloatDistribution\", \"attributes\": {\"step\": null, \"low\": 2.0, \"high\": 4.0, \"log\": false}}"}
{"op_code":5,"worker_id":"2fbcf1b3-4fe1-4764-a96f-77cc9bb9a33f-140398763536512","trial_id":19,"param_name":"OuterRadius","param_value_internal":12.143544766845256,"distribution":"{\"name\": \"FloatDistribution\", \"attributes\": {\"step\": null, \"low\": 8.75, \"high\": 17.75, \"log\": false}}"}
{"op_code":5,"worker_id":"2fbcf1b3-4fe1-4764-a96f-77cc9bb9a33f-140398763536512","trial_id":19,"param_name":"JointHeight","param_value_internal":6.535714754509725,"distribution":"{\"name\": \"FloatDistribution\", \"attributes\": {\"step\": null, \"low\": 5.0, \"high\": 8.0, \"log\": false}}"}
{"op_code":5,"worker_id":"2fbcf1b3-4fe1-4764-a96f-77cc9bb9a33f-140398763536512","trial_id":19,"param_name":"CavityCorkThickness","param_value_internal":3.460429856761264,"distribution":"{\"name\": \"FloatDistribution\", \"attributes\": {\"step\": null, \"low\": 2.0, \"high\": 5.0, \"log\": false}}"}
{"op_code":5,"worker_id":"2fbcf1b3-4fe1-4764-a96f-77cc9bb9a33f-140398763536512","trial_id":19,"param_name":"BellowHeight","param_value_internal":6.953035782607277,"distribution":"{\"name\": \"FloatDistribution\", \"attributes\": {\"step\": null, \"low\": 6.0, \"high\": 10.0, \"log\": false}}"}
{"op_code":5,"worker_id":"2fbcf1b3-4fe1-4764-a96f-77cc9bb9a33f-140398763536512","trial_id":19,"param_name":"WallThickness","param_value_internal":3.2382558701789943,"distribution":"{\"name\": \"FloatDistribution\", \"attributes\": {\"step\": null, \"low\": 2.0, \"high\": 4.0, \"log\": false}}"}
{"op_code":5,"worker_id":"2fbcf1b3-4fe1-4764-a96f-77cc9bb9a33f-140398763536512","trial_id":19,"param_name":"PlateauHeight","param_value_internal":2.9472239783669982,"distribution":"{\"name\": \"FloatDistribution\", \"attributes\": {\"step\": null, \"low\": 2.0, \"high\": 4.0, \"log\": false}}"}
{"op_code":6,"worker_id":"4cddb9a8-be4e-413f-9746-6f7bb35c282b-139654453981312","trial_id":5,"state":1,"values":[-Infinity,-Infinity],"datetime_complete":"2026-06-05T15:18:14.265223"}
{"op_code":4,"worker_id":"4cddb9a8-be4e-413f-9746-6f7bb35c282b-139654453981312","study_id":0,"datetime_start":"2026-06-05T15:18:14.276646"}
{"op_code":9,"worker_id":"4cddb9a8-be4e-413f-9746-6f7bb35c282b-139654453981312","trial_id":20,"system_attr":{"nsga2:generation":0}}
{"op_code":5,"worker_id":"4cddb9a8-be4e-413f-9746-6f7bb35c282b-139654453981312","trial_id":20,"param_name":"JointSlopeAngle","param_value_internal":0.5447668968499801,"distribution":"{\"name\": \"FloatDistribution\", \"attributes\": {\"step\": null, \"low\": 0.17453292519943295, \"high\": 1.0471975511965976, \"log\": false}}"}
{"op_code":5,"worker_id":"4cddb9a8-be4e-413f-9746-6f7bb35c282b-139654453981312","trial_id":20,"param_name":"OuterRadius","param_value_internal":12.07129790733557,"distribution":"{\"name\": \"FloatDistribution\", \"attributes\": {\"step\": null, \"low\": 8.75, \"high\": 17.75, \"log\": false}}"}
{"op_code":5,"worker_id":"4cddb9a8-be4e-413f-9746-6f7bb35c282b-139654453981312","trial_id":20,"param_name":"JointHeight","param_value_internal":5.941410884193973,"distribution":"{\"name\": \"FloatDistribution\", \"attributes\": {\"step\": null, \"low\": 5.0, \"high\": 8.0, \"log\": false}}"}
{"op_code":5,"worker_id":"4cddb9a8-be4e-413f-9746-6f7bb35c282b-139654453981312","trial_id":20,"param_name":"CavityCorkThickness","param_value_internal":2.0216623338556605,"distribution":"{\"name\": \"FloatDistribution\", \"attributes\": {\"step\": null, \"low\": 2.0, \"high\": 5.0, \"log\": false}}"}
{"op_code":5,"worker_id":"4cddb9a8-be4e-413f-9746-6f7bb35c282b-139654453981312","trial_id":20,"param_name":"BellowHeight","param_value_internal":9.890884929142587,"distribution":"{\"name\": \"FloatDistribution\", \"attributes\": {\"step\": null, \"low\": 6.0, \"high\": 10.0, \"log\": false}}"}
{"op_code":5,"worker_id":"4cddb9a8-be4e-413f-9746-6f7bb35c282b-139654453981312","trial_id":20,"param_name":"WallThickness","param_value_internal":2.1803677399769397,"distribution":"{\"name\": \"FloatDistribution\", \"attributes\": {\"step\": null, \"low\": 2.0, \"high\": 4.0, \"log\": false}}"}
{"op_code":5,"worker_id":"4cddb9a8-be4e-413f-9746-6f7bb35c282b-139654453981312","trial_id":20,"param_name":"PlateauHeight","param_value_internal":2.7928581875634517,"distribution":"{\"name\": \"FloatDistribution\", \"attributes\": {\"step\": null, \"low\": 2.0, \"high\": 4.0, \"log\": false}}"}
{"op_code":6,"worker_id":"7d5d7e68-4e13-479b-8411-3192a485add4-140238302695552","trial_id":9,"state":1,"values":[-Infinity,-Infinity],"datetime_complete":"2026-06-05T15:18:14.359076"}
{"op_code":4,"worker_id":"7d5d7e68-4e13-479b-8411-3192a485add4-140238302695552","study_id":0,"datetime_start":"2026-06-05T15:18:14.370411"}
{"op_code":9,"worker_id":"7d5d7e68-4e13-479b-8411-3192a485add4-140238302695552","trial_id":21,"system_attr":{"nsga2:generation":0}}
{"op_code":5,"worker_id":"7d5d7e68-4e13-479b-8411-3192a485add4-140238302695552","trial_id":21,"param_name":"JointSlopeAngle","param_value_internal":0.7845375305467455,"distribution":"{\"name\": \"FloatDistribution\", \"attributes\": {\"step\": null, \"low\": 0.17453292519943295, \"high\": 1.0471975511965976, \"log\": false}}"}
{"op_code":5,"worker_id":"7d5d7e68-4e13-479b-8411-3192a485add4-140238302695552","trial_id":21,"param_name":"OuterRadius","param_value_internal":9.788401444650754,"distribution":"{\"name\": \"FloatDistribution\", \"attributes\": {\"step\": null, \"low\": 8.75, \"high\": 17.75, \"log\": false}}"}
{"op_code":5,"worker_id":"7d5d7e68-4e13-479b-8411-3192a485add4-140238302695552","trial_id":21,"param_name":"JointHeight","param_value_internal":7.897364740822652,"distribution":"{\"name\": \"FloatDistribution\", \"attributes\": {\"step\": null, \"low\": 5.0, \"high\": 8.0, \"log\": false}}"}
{"op_code":5,"worker_id":"7d5d7e68-4e13-479b-8411-3192a485add4-140238302695552","trial_id":21,"param_name":"CavityCorkThickness","param_value_internal":2.439419636584075,"distribution":"{\"name\": \"FloatDistribution\", \"attributes\": {\"step\": null, \"low\": 2.0, \"high\": 5.0, \"log\": false}}"}
{"op_code":5,"worker_id":"7d5d7e68-4e13-479b-8411-3192a485add4-140238302695552","trial_id":21,"param_name":"BellowHeight","param_value_internal":7.163072220421979,"distribution":"{\"name\": \"FloatDistribution\", \"attributes\": {\"step\": null, \"low\": 6.0, \"high\": 10.0, \"log\": false}}"}
{"op_code":5,"worker_id":"7d5d7e68-4e13-479b-8411-3192a485add4-140238302695552","trial_id":21,"param_name":"WallThickness","param_value_internal":3.8692278517008245,"distribution":"{\"name\": \"FloatDistribution\", \"attributes\": {\"step\": null, \"low\": 2.0, \"high\": 4.0, \"log\": false}}"}
{"op_code":5,"worker_id":"7d5d7e68-4e13-479b-8411-3192a485add4-140238302695552","trial_id":21,"param_name":"PlateauHeight","param_value_internal":2.6876082230949923,"distribution":"{\"name\": \"FloatDistribution\", \"attributes\": {\"step\": null, \"low\": 2.0, \"high\": 4.0, \"log\": false}}"}
{"op_code":6,"worker_id":"4df85164-b3fd-4745-b721-100fe9593c48-140563481460864","trial_id":8,"state":1,"values":[-Infinity,-Infinity],"datetime_complete":"2026-06-05T15:18:14.500859"}
{"op_code":6,"worker_id":"753cc0fb-fdc7-4fd6-9de4-c28ae8c184f6-140150067351680","trial_id":4,"state":1,"values":[-Infinity,-Infinity],"datetime_complete":"2026-06-05T15:18:14.506859"}
{"op_code":4,"worker_id":"4df85164-b3fd-4745-b721-100fe9593c48-140563481460864","study_id":0,"datetime_start":"2026-06-05T15:18:14.514034"}
{"op_code":4,"worker_id":"753cc0fb-fdc7-4fd6-9de4-c28ae8c184f6-140150067351680","study_id":0,"datetime_start":"2026-06-05T15:18:14.519202"}
{"op_code":9,"worker_id":"4df85164-b3fd-4745-b721-100fe9593c48-140563481460864","trial_id":22,"system_attr":{"nsga2:generation":0}}
{"op_code":9,"worker_id":"753cc0fb-fdc7-4fd6-9de4-c28ae8c184f6-140150067351680","trial_id":23,"system_attr":{"nsga2:generation":0}}
{"op_code":5,"worker_id":"4df85164-b3fd-4745-b721-100fe9593c48-140563481460864","trial_id":22,"param_name":"JointSlopeAngle","param_value_internal":0.6429109102743396,"distribution":"{\"name\": \"FloatDistribution\", \"attributes\": {\"step\": null, \"low\": 0.17453292519943295, \"high\": 1.0471975511965976, \"log\": false}}"}
{"op_code":5,"worker_id":"753cc0fb-fdc7-4fd6-9de4-c28ae8c184f6-140150067351680","trial_id":23,"param_name":"JointSlopeAngle","param_value_internal":0.9395380824100814,"distribution":"{\"name\": \"FloatDistribution\", \"attributes\": {\"step\": null, \"low\": 0.17453292519943295, \"high\": 1.0471975511965976, \"log\": false}}"}
{"op_code":5,"worker_id":"4df85164-b3fd-4745-b721-100fe9593c48-140563481460864","trial_id":22,"param_name":"OuterRadius","param_value_internal":12.649482809914709,"distribution":"{\"name\": \"FloatDistribution\", \"attributes\": {\"step\": null, \"low\": 8.75, \"high\": 17.75, \"log\": false}}"}
{"op_code":5,"worker_id":"753cc0fb-fdc7-4fd6-9de4-c28ae8c184f6-140150067351680","trial_id":23,"param_name":"OuterRadius","param_value_internal":17.62287626286121,"distribution":"{\"name\": \"FloatDistribution\", \"attributes\": {\"step\": null, \"low\": 8.75, \"high\": 17.75, \"log\": false}}"}
{"op_code":5,"worker_id":"4df85164-b3fd-4745-b721-100fe9593c48-140563481460864","trial_id":22,"param_name":"JointHeight","param_value_internal":6.302482209957418,"distribution":"{\"name\": \"FloatDistribution\", \"attributes\": {\"step\": null, \"low\": 5.0, \"high\": 8.0, \"log\": false}}"}
{"op_code":5,"worker_id":"753cc0fb-fdc7-4fd6-9de4-c28ae8c184f6-140150067351680","trial_id":23,"param_name":"JointHeight","param_value_internal":5.064124155121019,"distribution":"{\"name\": \"FloatDistribution\", \"attributes\": {\"step\": null, \"low\": 5.0, \"high\": 8.0, \"log\": false}}"}
{"op_code":5,"worker_id":"4df85164-b3fd-4745-b721-100fe9593c48-140563481460864","trial_id":22,"param_name":"CavityCorkThickness","param_value_internal":4.218806387164994,"distribution":"{\"name\": \"FloatDistribution\", \"attributes\": {\"step\": null, \"low\": 2.0, \"high\": 5.0, \"log\": false}}"}
{"op_code":5,"worker_id":"753cc0fb-fdc7-4fd6-9de4-c28ae8c184f6-140150067351680","trial_id":23,"param_name":"CavityCorkThickness","param_value_internal":2.149574192749398,"distribution":"{\"name\": \"FloatDistribution\", \"attributes\": {\"step\": null, \"low\": 2.0, \"high\": 5.0, \"log\": false}}"}
{"op_code":5,"worker_id":"4df85164-b3fd-4745-b721-100fe9593c48-140563481460864","trial_id":22,"param_name":"BellowHeight","param_value_internal":7.226188091155372,"distribution":"{\"name\": \"FloatDistribution\", \"attributes\": {\"step\": null, \"low\": 6.0, \"high\": 10.0, \"log\": false}}"}
{"op_code":6,"worker_id":"47add64b-62cc-4453-9ad8-40ee34965529-140069582332032","trial_id":10,"state":1,"values":[-Infinity,-Infinity],"datetime_complete":"2026-06-05T15:18:14.577796"}
{"op_code":6,"worker_id":"c09b76ab-355c-44bb-be1c-2bf9ccce9c84-140209120854144","trial_id":11,"state":1,"values":[-Infinity,-Infinity],"datetime_complete":"2026-06-05T15:18:14.586654"}
{"op_code":6,"worker_id":"4f814d94-9597-475f-ac7e-7bcc55161dcb-139810141511808","trial_id":6,"state":1,"values":[-Infinity,-Infinity],"datetime_complete":"2026-06-05T15:18:14.591435"}
{"op_code":4,"worker_id":"47add64b-62cc-4453-9ad8-40ee34965529-140069582332032","study_id":0,"datetime_start":"2026-06-05T15:18:14.597572"}
{"op_code":4,"worker_id":"c09b76ab-355c-44bb-be1c-2bf9ccce9c84-140209120854144","study_id":0,"datetime_start":"2026-06-05T15:18:14.602879"}
{"op_code":4,"worker_id":"4f814d94-9597-475f-ac7e-7bcc55161dcb-139810141511808","study_id":0,"datetime_start":"2026-06-05T15:18:14.608865"}
{"op_code":9,"worker_id":"47add64b-62cc-4453-9ad8-40ee34965529-140069582332032","trial_id":24,"system_attr":{"nsga2:generation":0}}
{"op_code":9,"worker_id":"4f814d94-9597-475f-ac7e-7bcc55161dcb-139810141511808","trial_id":26,"system_attr":{"nsga2:generation":0}}
{"op_code":5,"worker_id":"47add64b-62cc-4453-9ad8-40ee34965529-140069582332032","trial_id":24,"param_name":"JointSlopeAngle","param_value_internal":0.8912304609679845,"distribution":"{\"name\": \"FloatDistribution\", \"attributes\": {\"step\": null, \"low\": 0.17453292519943295, \"high\": 1.0471975511965976, \"log\": false}}"}
{"op_code":5,"worker_id":"4f814d94-9597-475f-ac7e-7bcc55161dcb-139810141511808","trial_id":26,"param_name":"JointSlopeAngle","param_value_internal":0.1838607661532611,"distribution":"{\"name\": \"FloatDistribution\", \"attributes\": {\"step\": null, \"low\": 0.17453292519943295, \"high\": 1.0471975511965976, \"log\": false}}"}
{"op_code":9,"worker_id":"c09b76ab-355c-44bb-be1c-2bf9ccce9c84-140209120854144","trial_id":25,"system_attr":{"nsga2:generation":0}}
{"op_code":5,"worker_id":"4f814d94-9597-475f-ac7e-7bcc55161dcb-139810141511808","trial_id":26,"param_name":"OuterRadius","param_value_internal":17.298868994037527,"distribution":"{\"name\": \"FloatDistribution\", \"attributes\": {\"step\": null, \"low\": 8.75, \"high\": 17.75, \"log\": false}}"}
{"op_code":5,"worker_id":"c09b76ab-355c-44bb-be1c-2bf9ccce9c84-140209120854144","trial_id":25,"param_name":"JointSlopeAngle","param_value_internal":1.0167639573137768,"distribution":"{\"name\": \"FloatDistribution\", \"attributes\": {\"step\": null, \"low\": 0.17453292519943295, \"high\": 1.0471975511965976, \"log\": false}}"}
{"op_code":5,"worker_id":"4df85164-b3fd-4745-b721-100fe9593c48-140563481460864","trial_id":22,"param_name":"WallThickness","param_value_internal":3.839577747444702,"distribution":"{\"name\": \"FloatDistribution\", \"attributes\": {\"step\": null, \"low\": 2.0, \"high\": 4.0, \"log\": false}}"}
{"op_code":5,"worker_id":"4f814d94-9597-475f-ac7e-7bcc55161dcb-139810141511808","trial_id":26,"param_name":"JointHeight","param_value_internal":5.013215685828744,"distribution":"{\"name\": \"FloatDistribution\", \"attributes\": {\"step\": null, \"low\": 5.0, \"high\": 8.0, \"log\": false}}"}
{"op_code":5,"worker_id":"4df85164-b3fd-4745-b721-100fe9593c48-140563481460864","trial_id":22,"param_name":"PlateauHeight","param_value_internal":3.138881511093907,"distribution":"{\"name\": \"FloatDistribution\", \"attributes\": {\"step\": null, \"low\": 2.0, \"high\": 4.0, \"log\": false}}"}
{"op_code":6,"worker_id":"66769b4e-5d7b-4393-b5fc-f3113d5281d1-139720672919680","trial_id":7,"state":1,"values":[-Infinity,-Infinity],"datetime_complete":"2026-06-05T15:18:14.664182"}
{"op_code":5,"worker_id":"c09b76ab-355c-44bb-be1c-2bf9ccce9c84-140209120854144","trial_id":25,"param_name":"OuterRadius","param_value_internal":10.650508832441563,"distribution":"{\"name\": \"FloatDistribution\", \"attributes\": {\"step\": null, \"low\": 8.75, \"high\": 17.75, \"log\": false}}"}
{"op_code":5,"worker_id":"c09b76ab-355c-44bb-be1c-2bf9ccce9c84-140209120854144","trial_id":25,"param_name":"JointHeight","param_value_internal":6.482365883636672,"distribution":"{\"name\": \"FloatDistribution\", \"attributes\": {\"step\": null, \"low\": 5.0, \"high\": 8.0, \"log\": false}}"}
{"op_code":4,"worker_id":"66769b4e-5d7b-4393-b5fc-f3113d5281d1-139720672919680","study_id":0,"datetime_start":"2026-06-05T15:18:14.680517"}
{"op_code":5,"worker_id":"c09b76ab-355c-44bb-be1c-2bf9ccce9c84-140209120854144","trial_id":25,"param_name":"CavityCorkThickness","param_value_internal":2.5903414444520934,"distribution":"{\"name\": \"FloatDistribution\", \"attributes\": {\"step\": null, \"low\": 2.0, \"high\": 5.0, \"log\": false}}"}
{"op_code":5,"worker_id":"c09b76ab-355c-44bb-be1c-2bf9ccce9c84-140209120854144","trial_id":25,"param_name":"BellowHeight","param_value_internal":9.48510063953127,"distribution":"{\"name\": \"FloatDistribution\", \"attributes\": {\"step\": null, \"low\": 6.0, \"high\": 10.0, \"log\": false}}"}
{"op_code":9,"worker_id":"66769b4e-5d7b-4393-b5fc-f3113d5281d1-139720672919680","trial_id":27,"system_attr":{"nsga2:generation":0}}
{"op_code":5,"worker_id":"c09b76ab-355c-44bb-be1c-2bf9ccce9c84-140209120854144","trial_id":25,"param_name":"WallThickness","param_value_internal":3.4556675496989437,"distribution":"{\"name\": \"FloatDistribution\", \"attributes\": {\"step\": null, \"low\": 2.0, \"high\": 4.0, \"log\": false}}"}
{"op_code":5,"worker_id":"753cc0fb-fdc7-4fd6-9de4-c28ae8c184f6-140150067351680","trial_id":23,"param_name":"BellowHeight","param_value_internal":8.809712353690749,"distribution":"{\"name\": \"FloatDistribution\", \"attributes\": {\"step\": null, \"low\": 6.0, \"high\": 10.0, \"log\": false}}"}
{"op_code":5,"worker_id":"c09b76ab-355c-44bb-be1c-2bf9ccce9c84-140209120854144","trial_id":25,"param_name":"PlateauHeight","param_value_internal":3.526296819985099,"distribution":"{\"name\": \"FloatDistribution\", \"attributes\": {\"step\": null, \"low\": 2.0, \"high\": 4.0, \"log\": false}}"}
{"op_code":5,"worker_id":"753cc0fb-fdc7-4fd6-9de4-c28ae8c184f6-140150067351680","trial_id":23,"param_name":"WallThickness","param_value_internal":3.955231135469117,"distribution":"{\"name\": \"FloatDistribution\", \"attributes\": {\"step\": null, \"low\": 2.0, \"high\": 4.0, \"log\": false}}"}
{"op_code":5,"worker_id":"66769b4e-5d7b-4393-b5fc-f3113d5281d1-139720672919680","trial_id":27,"param_name":"JointSlopeAngle","param_value_internal":0.3946673570341527,"distribution":"{\"name\": \"FloatDistribution\", \"attributes\": {\"step\": null, \"low\": 0.17453292519943295, \"high\": 1.0471975511965976, \"log\": false}}"}
{"op_code":5,"worker_id":"753cc0fb-fdc7-4fd6-9de4-c28ae8c184f6-140150067351680","trial_id":23,"param_name":"PlateauHeight","param_value_internal":3.2232344694084967,"distribution":"{\"name\": \"FloatDistribution\", \"attributes\": {\"step\": null, \"low\": 2.0, \"high\": 4.0, \"log\": false}}"}
{"op_code":5,"worker_id":"66769b4e-5d7b-4393-b5fc-f3113d5281d1-139720672919680","trial_id":27,"param_name":"OuterRadius","param_value_internal":13.476500651618986,"distribution":"{\"name\": \"FloatDistribution\", \"attributes\": {\"step\": null, \"low\": 8.75, \"high\": 17.75, \"log\": false}}"}
{"op_code":5,"worker_id":"66769b4e-5d7b-4393-b5fc-f3113d5281d1-139720672919680","trial_id":27,"param_name":"JointHeight","param_value_internal":6.1826146426823065,"distribution":"{\"name\": \"FloatDistribution\", \"attributes\": {\"step\": null, \"low\": 5.0, \"high\": 8.0, \"log\": false}}"}
{"op_code":5,"worker_id":"66769b4e-5d7b-4393-b5fc-f3113d5281d1-139720672919680","trial_id":27,"param_name":"CavityCorkThickness","param_value_internal":3.056210325485625,"distribution":"{\"name\": \"FloatDistribution\", \"attributes\": {\"step\": null, \"low\": 2.0, \"high\": 5.0, \"log\": false}}"}
{"op_code":5,"worker_id":"66769b4e-5d7b-4393-b5fc-f3113d5281d1-139720672919680","trial_id":27,"param_name":"BellowHeight","param_value_internal":6.6339583615957025,"distribution":"{\"name\": \"FloatDistribution\", \"attributes\": {\"step\": null, \"low\": 6.0, \"high\": 10.0, \"log\": false}}"}
{"op_code":5,"worker_id":"66769b4e-5d7b-4393-b5fc-f3113d5281d1-139720672919680","trial_id":27,"param_name":"WallThickness","param_value_internal":2.6505290220044238,"distribution":"{\"name\": \"FloatDistribution\", \"attributes\": {\"step\": null, \"low\": 2.0, \"high\": 4.0, \"log\": false}}"}
{"op_code":5,"worker_id":"66769b4e-5d7b-4393-b5fc-f3113d5281d1-139720672919680","trial_id":27,"param_name":"PlateauHeight","param_value_internal":3.042412767836261,"distribution":"{\"name\": \"FloatDistribution\", \"attributes\": {\"step\": null, \"low\": 2.0, \"high\": 4.0, \"log\": false}}"}
{"op_code":5,"worker_id":"4f814d94-9597-475f-ac7e-7bcc55161dcb-139810141511808","trial_id":26,"param_name":"CavityCorkThickness","param_value_internal":2.9686029565548586,"distribution":"{\"name\": \"FloatDistribution\", \"attributes\": {\"step\": null, \"low\": 2.0, \"high\": 5.0, \"log\": false}}"}
{"op_code":5,"worker_id":"4f814d94-9597-475f-ac7e-7bcc55161dcb-139810141511808","trial_id":26,"param_name":"BellowHeight","param_value_internal":6.997209660530366,"distribution":"{\"name\": \"FloatDistribution\", \"attributes\": {\"step\": null, \"low\": 6.0, \"high\": 10.0, \"log\": false}}"}
{"op_code":5,"worker_id":"4f814d94-9597-475f-ac7e-7bcc55161dcb-139810141511808","trial_id":26,"param_name":"WallThickness","param_value_internal":3.415399587550616,"distribution":"{\"name\": \"FloatDistribution\", \"attributes\": {\"step\": null, \"low\": 2.0, \"high\": 4.0, \"log\": false}}"}
{"op_code":5,"worker_id":"4f814d94-9597-475f-ac7e-7bcc55161dcb-139810141511808","trial_id":26,"param_name":"PlateauHeight","param_value_internal":2.911157579391328,"distribution":"{\"name\": \"FloatDistribution\", \"attributes\": {\"step\": null, \"low\": 2.0, \"high\": 4.0, \"log\": false}}"}
{"op_code":6,"worker_id":"6433dcd6-f513-4ebd-abab-f1908777e1c5-140495401631872","trial_id":18,"state":1,"values":[-Infinity,-Infinity],"datetime_complete":"2026-06-05T15:18:14.837734"}
{"op_code":4,"worker_id":"6433dcd6-f513-4ebd-abab-f1908777e1c5-140495401631872","study_id":0,"datetime_start":"2026-06-05T15:18:14.846500"}
{"op_code":9,"worker_id":"6433dcd6-f513-4ebd-abab-f1908777e1c5-140495401631872","trial_id":28,"system_attr":{"nsga2:generation":0}}
{"op_code":5,"worker_id":"6433dcd6-f513-4ebd-abab-f1908777e1c5-140495401631872","trial_id":28,"param_name":"JointSlopeAngle","param_value_internal":0.9807744107304507,"distribution":"{\"name\": \"FloatDistribution\", \"attributes\": {\"step\": null, \"low\": 0.17453292519943295, \"high\": 1.0471975511965976, \"log\": false}}"}
{"op_code":5,"worker_id":"6433dcd6-f513-4ebd-abab-f1908777e1c5-140495401631872","trial_id":28,"param_name":"OuterRadius","param_value_internal":17.34622871934969,"distribution":"{\"name\": \"FloatDistribution\", \"attributes\": {\"step\": null, \"low\": 8.75, \"high\": 17.75, \"log\": false}}"}
{"op_code":5,"worker_id":"6433dcd6-f513-4ebd-abab-f1908777e1c5-140495401631872","trial_id":28,"param_name":"JointHeight","param_value_internal":6.099710880295962,"distribution":"{\"name\": \"FloatDistribution\", \"attributes\": {\"step\": null, \"low\": 5.0, \"high\": 8.0, \"log\": false}}"}
{"op_code":5,"worker_id":"6433dcd6-f513-4ebd-abab-f1908777e1c5-140495401631872","trial_id":28,"param_name":"CavityCorkThickness","param_value_internal":2.51091897533555,"distribution":"{\"name\": \"FloatDistribution\", \"attributes\": {\"step\": null, \"low\": 2.0, \"high\": 5.0, \"log\": false}}"}
{"op_code":6,"worker_id":"2fbcf1b3-4fe1-4764-a96f-77cc9bb9a33f-140398763536512","trial_id":19,"state":1,"values":[-Infinity,-Infinity],"datetime_complete":"2026-06-05T15:18:14.881868"}
{"op_code":5,"worker_id":"6433dcd6-f513-4ebd-abab-f1908777e1c5-140495401631872","trial_id":28,"param_name":"BellowHeight","param_value_internal":6.513358820495764,"distribution":"{\"name\": \"FloatDistribution\", \"attributes\": {\"step\": null, \"low\": 6.0, \"high\": 10.0, \"log\": false}}"}
{"op_code":5,"worker_id":"6433dcd6-f513-4ebd-abab-f1908777e1c5-140495401631872","trial_id":28,"param_name":"WallThickness","param_value_internal":3.972805291577674,"distribution":"{\"name\": \"FloatDistribution\", \"attributes\": {\"step\": null, \"low\": 2.0, \"high\": 4.0, \"log\": false}}"}
{"op_code":4,"worker_id":"2fbcf1b3-4fe1-4764-a96f-77cc9bb9a33f-140398763536512","study_id":0,"datetime_start":"2026-06-05T15:18:14.893806"}
{"op_code":5,"worker_id":"6433dcd6-f513-4ebd-abab-f1908777e1c5-140495401631872","trial_id":28,"param_name":"PlateauHeight","param_value_internal":2.4662544081603808,"distribution":"{\"name\": \"FloatDistribution\", \"attributes\": {\"step\": null, \"low\": 2.0, \"high\": 4.0, \"log\": false}}"}
{"op_code":9,"worker_id":"2fbcf1b3-4fe1-4764-a96f-77cc9bb9a33f-140398763536512","trial_id":29,"system_attr":{"nsga2:generation":0}}
{"op_code":5,"worker_id":"2fbcf1b3-4fe1-4764-a96f-77cc9bb9a33f-140398763536512","trial_id":29,"param_name":"JointSlopeAngle","param_value_internal":0.31742710464821755,"distribution":"{\"name\": \"FloatDistribution\", \"attributes\": {\"step\": null, \"low\": 0.17453292519943295, \"high\": 1.0471975511965976, \"log\": false}}"}
{"op_code":5,"worker_id":"2fbcf1b3-4fe1-4764-a96f-77cc9bb9a33f-140398763536512","trial_id":29,"param_name":"OuterRadius","param_value_internal":9.778686173842619,"distribution":"{\"name\": \"FloatDistribution\", \"attributes\": {\"step\": null, \"low\": 8.75, \"high\": 17.75, \"log\": false}}"}
{"op_code":5,"worker_id":"2fbcf1b3-4fe1-4764-a96f-77cc9bb9a33f-140398763536512","trial_id":29,"param_name":"JointHeight","param_value_internal":7.209525479425311,"distribution":"{\"name\": \"FloatDistribution\", \"attributes\": {\"step\": null, \"low\": 5.0, \"high\": 8.0, \"log\": false}}"}
{"op_code":5,"worker_id":"2fbcf1b3-4fe1-4764-a96f-77cc9bb9a33f-140398763536512","trial_id":29,"param_name":"CavityCorkThickness","param_value_internal":2.396217722235748,"distribution":"{\"name\": \"FloatDistribution\", \"attributes\": {\"step\": null, \"low\": 2.0, \"high\": 5.0, \"log\": false}}"}
{"op_code":5,"worker_id":"2fbcf1b3-4fe1-4764-a96f-77cc9bb9a33f-140398763536512","trial_id":29,"param_name":"BellowHeight","param_value_internal":9.389755569811548,"distribution":"{\"name\": \"FloatDistribution\", \"attributes\": {\"step\": null, \"low\": 6.0, \"high\": 10.0, \"log\": false}}"}
{"op_code":5,"worker_id":"2fbcf1b3-4fe1-4764-a96f-77cc9bb9a33f-140398763536512","trial_id":29,"param_name":"WallThickness","param_value_internal":2.778453841244836,"distribution":"{\"name\": \"FloatDistribution\", \"attributes\": {\"step\": null, \"low\": 2.0, \"high\": 4.0, \"log\": false}}"}
{"op_code":5,"worker_id":"2fbcf1b3-4fe1-4764-a96f-77cc9bb9a33f-140398763536512","trial_id":29,"param_name":"PlateauHeight","param_value_internal":3.3958639036764806,"distribution":"{\"name\": \"FloatDistribution\", \"attributes\": {\"step\": null, \"low\": 2.0, \"high\": 4.0, \"log\": false}}"}
{"op_code":5,"worker_id":"47add64b-62cc-4453-9ad8-40ee34965529-140069582332032","trial_id":24,"param_name":"OuterRadius","param_value_internal":10.27032467077961,"distribution":"{\"name\": \"FloatDistribution\", \"attributes\": {\"step\": null, \"low\": 8.75, \"high\": 17.75, \"log\": false}}"}
{"op_code":5,"worker_id":"47add64b-62cc-4453-9ad8-40ee34965529-140069582332032","trial_id":24,"param_name":"JointHeight","param_value_internal":5.430951743697149,"distribution":"{\"name\": \"FloatDistribution\", \"attributes\": {\"step\": null, \"low\": 5.0, \"high\": 8.0, \"log\": false}}"}
{"op_code":5,"worker_id":"47add64b-62cc-4453-9ad8-40ee34965529-140069582332032","trial_id":24,"param_name":"CavityCorkThickness","param_value_internal":3.379571622478946,"distribution":"{\"name\": \"FloatDistribution\", \"attributes\": {\"step\": null, \"low\": 2.0, \"high\": 5.0, \"log\": false}}"}
{"op_code":5,"worker_id":"47add64b-62cc-4453-9ad8-40ee34965529-140069582332032","trial_id":24,"param_name":"BellowHeight","param_value_internal":6.867369228810803,"distribution":"{\"name\": \"FloatDistribution\", \"attributes\": {\"step\": null, \"low\": 6.0, \"high\": 10.0, \"log\": false}}"}
{"op_code":5,"worker_id":"47add64b-62cc-4453-9ad8-40ee34965529-140069582332032","trial_id":24,"param_name":"WallThickness","param_value_internal":3.0660266336265973,"distribution":"{\"name\": \"FloatDistribution\", \"attributes\": {\"step\": null, \"low\": 2.0, \"high\": 4.0, \"log\": false}}"}
{"op_code":5,"worker_id":"47add64b-62cc-4453-9ad8-40ee34965529-140069582332032","trial_id":24,"param_name":"PlateauHeight","param_value_internal":2.2784931688804044,"distribution":"{\"name\": \"FloatDistribution\", \"attributes\": {\"step\": null, \"low\": 2.0, \"high\": 4.0, \"log\": false}}"}
{"op_code":6,"worker_id":"4cddb9a8-be4e-413f-9746-6f7bb35c282b-139654453981312","trial_id":20,"state":1,"values":[-Infinity,-Infinity],"datetime_complete":"2026-06-05T15:18:15.450436"}
{"op_code":4,"worker_id":"4cddb9a8-be4e-413f-9746-6f7bb35c282b-139654453981312","study_id":0,"datetime_start":"2026-06-05T15:18:15.461125"}
{"op_code":9,"worker_id":"4cddb9a8-be4e-413f-9746-6f7bb35c282b-139654453981312","trial_id":30,"system_attr":{"nsga2:generation":0}}
{"op_code":5,"worker_id":"4cddb9a8-be4e-413f-9746-6f7bb35c282b-139654453981312","trial_id":30,"param_name":"JointSlopeAngle","param_value_internal":0.6164574902284206,"distribution":"{\"name\": \"FloatDistribution\", \"attributes\": {\"step\": null, \"low\": 0.17453292519943295, \"high\": 1.0471975511965976, \"log\": false}}"}
{"op_code":5,"worker_id":"4cddb9a8-be4e-413f-9746-6f7bb35c282b-139654453981312","trial_id":30,"param_name":"OuterRadius","param_value_internal":14.570506092997373,"distribution":"{\"name\": \"FloatDistribution\", \"attributes\": {\"step\": null, \"low\": 8.75, \"high\": 17.75, \"log\": false}}"}
{"op_code":5,"worker_id":"4cddb9a8-be4e-413f-9746-6f7bb35c282b-139654453981312","trial_id":30,"param_name":"JointHeight","param_value_internal":5.97362643285891,"distribution":"{\"name\": \"FloatDistribution\", \"attributes\": {\"step\": null, \"low\": 5.0, \"high\": 8.0, \"log\": false}}"}
{"op_code":5,"worker_id":"4cddb9a8-be4e-413f-9746-6f7bb35c282b-139654453981312","trial_id":30,"param_name":"CavityCorkThickness","param_value_internal":3.6070291657939912,"distribution":"{\"name\": \"FloatDistribution\", \"attributes\": {\"step\": null, \"low\": 2.0, \"high\": 5.0, \"log\": false}}"}
{"op_code":5,"worker_id":"4cddb9a8-be4e-413f-9746-6f7bb35c282b-139654453981312","trial_id":30,"param_name":"BellowHeight","param_value_internal":9.511767525418858,"distribution":"{\"name\": \"FloatDistribution\", \"attributes\": {\"step\": null, \"low\": 6.0, \"high\": 10.0, \"log\": false}}"}
{"op_code":5,"worker_id":"4cddb9a8-be4e-413f-9746-6f7bb35c282b-139654453981312","trial_id":30,"param_name":"WallThickness","param_value_internal":2.3713845475615285,"distribution":"{\"name\": \"FloatDistribution\", \"attributes\": {\"step\": null, \"low\": 2.0, \"high\": 4.0, \"log\": false}}"}
{"op_code":5,"worker_id":"4cddb9a8-be4e-413f-9746-6f7bb35c282b-139654453981312","trial_id":30,"param_name":"PlateauHeight","param_value_internal":2.3476712617050355,"distribution":"{\"name\": \"FloatDistribution\", \"attributes\": {\"step\": null, \"low\": 2.0, \"high\": 4.0, \"log\": false}}"}
{"op_code":6,"worker_id":"7d5d7e68-4e13-479b-8411-3192a485add4-140238302695552","trial_id":21,"state":1,"values":[-Infinity,-Infinity],"datetime_complete":"2026-06-05T15:18:15.567445"}
{"op_code":4,"worker_id":"7d5d7e68-4e13-479b-8411-3192a485add4-140238302695552","study_id":0,"datetime_start":"2026-06-05T15:18:15.578186"}
{"op_code":9,"worker_id":"7d5d7e68-4e13-479b-8411-3192a485add4-140238302695552","trial_id":31,"system_attr":{"nsga2:generation":0}}
{"op_code":5,"worker_id":"7d5d7e68-4e13-479b-8411-3192a485add4-140238302695552","trial_id":31,"param_name":"JointSlopeAngle","param_value_internal":0.1969999477791628,"distribution":"{\"name\": \"FloatDistribution\", \"attributes\": {\"step\": null, \"low\": 0.17453292519943295, \"high\": 1.0471975511965976, \"log\": false}}"}
{"op_code":5,"worker_id":"7d5d7e68-4e13-479b-8411-3192a485add4-140238302695552","trial_id":31,"param_name":"OuterRadius","param_value_internal":17.038354699443737,"distribution":"{\"name\": \"FloatDistribution\", \"attributes\": {\"step\": null, \"low\": 8.75, \"high\": 17.75, \"log\": false}}"}
{"op_code":5,"worker_id":"7d5d7e68-4e13-479b-8411-3192a485add4-140238302695552","trial_id":31,"param_name":"JointHeight","param_value_internal":5.586554783949411,"distribution":"{\"name\": \"FloatDistribution\", \"attributes\": {\"step\": null, \"low\": 5.0, \"high\": 8.0, \"log\": false}}"}
{"op_code":5,"worker_id":"7d5d7e68-4e13-479b-8411-3192a485add4-140238302695552","trial_id":31,"param_name":"CavityCorkThickness","param_value_internal":4.759780445479988,"distribution":"{\"name\": \"FloatDistribution\", \"attributes\": {\"step\": null, \"low\": 2.0, \"high\": 5.0, \"log\": false}}"}
{"op_code":5,"worker_id":"7d5d7e68-4e13-479b-8411-3192a485add4-140238302695552","trial_id":31,"param_name":"BellowHeight","param_value_internal":9.09323262921356,"distribution":"{\"name\": \"FloatDistribution\", \"attributes\": {\"step\": null, \"low\": 6.0, \"high\": 10.0, \"log\": false}}"}
{"op_code":5,"worker_id":"7d5d7e68-4e13-479b-8411-3192a485add4-140238302695552","trial_id":31,"param_name":"WallThickness","param_value_internal":2.2355409264537256,"distribution":"{\"name\": \"FloatDistribution\", \"attributes\": {\"step\": null, \"low\": 2.0, \"high\": 4.0, \"log\": false}}"}
{"op_code":5,"worker_id":"7d5d7e68-4e13-479b-8411-3192a485add4-140238302695552","trial_id":31,"param_name":"PlateauHeight","param_value_internal":3.6978262251922116,"distribution":"{\"name\": \"FloatDistribution\", \"attributes\": {\"step\": null, \"low\": 2.0, \"high\": 4.0, \"log\": false}}"}
{"op_code":6,"worker_id":"6433dcd6-f513-4ebd-abab-f1908777e1c5-140495401631872","trial_id":28,"state":1,"values":[-Infinity,-Infinity],"datetime_complete":"2026-06-05T15:18:15.628952"}
{"op_code":4,"worker_id":"6433dcd6-f513-4ebd-abab-f1908777e1c5-140495401631872","study_id":0,"datetime_start":"2026-06-05T15:18:15.643587"}
{"op_code":9,"worker_id":"6433dcd6-f513-4ebd-abab-f1908777e1c5-140495401631872","trial_id":32,"system_attr":{"nsga2:generation":0}}
{"op_code":5,"worker_id":"6433dcd6-f513-4ebd-abab-f1908777e1c5-140495401631872","trial_id":32,"param_name":"JointSlopeAngle","param_value_internal":0.8561059131123465,"distribution":"{\"name\": \"FloatDistribution\", \"attributes\": {\"step\": null, \"low\": 0.17453292519943295, \"high\": 1.0471975511965976, \"log\": false}}"}
{"op_code":5,"worker_id":"6433dcd6-f513-4ebd-abab-f1908777e1c5-140495401631872","trial_id":32,"param_name":"OuterRadius","param_value_internal":12.747153615457737,"distribution":"{\"name\": \"FloatDistribution\", \"attributes\": {\"step\": null, \"low\": 8.75, \"high\": 17.75, \"log\": false}}"}
{"op_code":5,"worker_id":"6433dcd6-f513-4ebd-abab-f1908777e1c5-140495401631872","trial_id":32,"param_name":"JointHeight","param_value_internal":6.145112370781986,"distribution":"{\"name\": \"FloatDistribution\", \"attributes\": {\"step\": null, \"low\": 5.0, \"high\": 8.0, \"log\": false}}"}
{"op_code":5,"worker_id":"6433dcd6-f513-4ebd-abab-f1908777e1c5-140495401631872","trial_id":32,"param_name":"CavityCorkThickness","param_value_internal":3.5800806408616532,"distribution":"{\"name\": \"FloatDistribution\", \"attributes\": {\"step\": null, \"low\": 2.0, \"high\": 5.0, \"log\": false}}"}
{"op_code":5,"worker_id":"6433dcd6-f513-4ebd-abab-f1908777e1c5-140495401631872","trial_id":32,"param_name":"BellowHeight","param_value_internal":7.599546165236719,"distribution":"{\"name\": \"FloatDistribution\", \"attributes\": {\"step\": null, \"low\": 6.0, \"high\": 10.0, \"log\": false}}"}
{"op_code":6,"worker_id":"2fbcf1b3-4fe1-4764-a96f-77cc9bb9a33f-140398763536512","trial_id":29,"state":1,"values":[-Infinity,-Infinity],"datetime_complete":"2026-06-05T15:18:15.686339"}
{"op_code":5,"worker_id":"6433dcd6-f513-4ebd-abab-f1908777e1c5-140495401631872","trial_id":32,"param_name":"WallThickness","param_value_internal":3.9970136247837336,"distribution":"{\"name\": \"FloatDistribution\", \"attributes\": {\"step\": null, \"low\": 2.0, \"high\": 4.0, \"log\": false}}"}
{"op_code":5,"worker_id":"6433dcd6-f513-4ebd-abab-f1908777e1c5-140495401631872","trial_id":32,"param_name":"PlateauHeight","param_value_internal":3.619112367077984,"distribution":"{\"name\": \"FloatDistribution\", \"attributes\": {\"step\": null, \"low\": 2.0, \"high\": 4.0, \"log\": false}}"}
{"op_code":4,"worker_id":"2fbcf1b3-4fe1-4764-a96f-77cc9bb9a33f-140398763536512","study_id":0,"datetime_start":"2026-06-05T15:18:15.698151"}
{"op_code":9,"worker_id":"2fbcf1b3-4fe1-4764-a96f-77cc9bb9a33f-140398763536512","trial_id":33,"system_attr":{"nsga2:generation":0}}
{"op_code":5,"worker_id":"2fbcf1b3-4fe1-4764-a96f-77cc9bb9a33f-140398763536512","trial_id":33,"param_name":"JointSlopeAngle","param_value_internal":1.0325586697104066,"distribution":"{\"name\": \"FloatDistribution\", \"attributes\": {\"step\": null, \"low\": 0.17453292519943295, \"high\": 1.0471975511965976, \"log\": false}}"}
{"op_code":5,"worker_id":"2fbcf1b3-4fe1-4764-a96f-77cc9bb9a33f-140398763536512","trial_id":33,"param_name":"OuterRadius","param_value_internal":10.863213634029808,"distribution":"{\"name\": \"FloatDistribution\", \"attributes\": {\"step\": null, \"low\": 8.75, \"high\": 17.75, \"log\": false}}"}
{"op_code":5,"worker_id":"2fbcf1b3-4fe1-4764-a96f-77cc9bb9a33f-140398763536512","trial_id":33,"param_name":"JointHeight","param_value_internal":7.719417372455394,"distribution":"{\"name\": \"FloatDistribution\", \"attributes\": {\"step\": null, \"low\": 5.0, \"high\": 8.0, \"log\": false}}"}
{"op_code":5,"worker_id":"2fbcf1b3-4fe1-4764-a96f-77cc9bb9a33f-140398763536512","trial_id":33,"param_name":"CavityCorkThickness","param_value_internal":3.7150001657354625,"distribution":"{\"name\": \"FloatDistribution\", \"attributes\": {\"step\": null, \"low\": 2.0, \"high\": 5.0, \"log\": false}}"}
{"op_code":5,"worker_id":"2fbcf1b3-4fe1-4764-a96f-77cc9bb9a33f-140398763536512","trial_id":33,"param_name":"BellowHeight","param_value_internal":6.229977598696304,"distribution":"{\"name\": \"FloatDistribution\", \"attributes\": {\"step\": null, \"low\": 6.0, \"high\": 10.0, \"log\": false}}"}
{"op_code":5,"worker_id":"2fbcf1b3-4fe1-4764-a96f-77cc9bb9a33f-140398763536512","trial_id":33,"param_name":"WallThickness","param_value_internal":2.198104347592551,"distribution":"{\"name\": \"FloatDistribution\", \"attributes\": {\"step\": null, \"low\": 2.0, \"high\": 4.0, \"log\": false}}"}
{"op_code":5,"worker_id":"2fbcf1b3-4fe1-4764-a96f-77cc9bb9a33f-140398763536512","trial_id":33,"param_name":"PlateauHeight","param_value_internal":2.8210257058723545,"distribution":"{\"name\": \"FloatDistribution\", \"attributes\": {\"step\": null, \"low\": 2.0, \"high\": 4.0, \"log\": false}}"}
{"op_code":6,"worker_id":"4df85164-b3fd-4745-b721-100fe9593c48-140563481460864","trial_id":22,"state":1,"values":[-Infinity,-Infinity],"datetime_complete":"2026-06-05T15:18:15.804617"}
{"op_code":4,"worker_id":"4df85164-b3fd-4745-b721-100fe9593c48-140563481460864","study_id":0,"datetime_start":"2026-06-05T15:18:15.816938"}
{"op_code":9,"worker_id":"4df85164-b3fd-4745-b721-100fe9593c48-140563481460864","trial_id":34,"system_attr":{"nsga2:generation":0}}
{"op_code":5,"worker_id":"4df85164-b3fd-4745-b721-100fe9593c48-140563481460864","trial_id":34,"param_name":"JointSlopeAngle","param_value_internal":0.3875705611145951,"distribution":"{\"name\": \"FloatDistribution\", \"attributes\": {\"step\": null, \"low\": 0.17453292519943295, \"high\": 1.0471975511965976, \"log\": false}}"}
{"op_code":5,"worker_id":"4df85164-b3fd-4745-b721-100fe9593c48-140563481460864","trial_id":34,"param_name":"OuterRadius","param_value_internal":9.286060542859275,"distribution":"{\"name\": \"FloatDistribution\", \"attributes\": {\"step\": null, \"low\": 8.75, \"high\": 17.75, \"log\": false}}"}
{"op_code":5,"worker_id":"4df85164-b3fd-4745-b721-100fe9593c48-140563481460864","trial_id":34,"param_name":"JointHeight","param_value_internal":5.821765453840169,"distribution":"{\"name\": \"FloatDistribution\", \"attributes\": {\"step\": null, \"low\": 5.0, \"high\": 8.0, \"log\": false}}"}
{"op_code":5,"worker_id":"4df85164-b3fd-4745-b721-100fe9593c48-140563481460864","trial_id":34,"param_name":"CavityCorkThickness","param_value_internal":3.2088004154460883,"distribution":"{\"name\": \"FloatDistribution\", \"attributes\": {\"step\": null, \"low\": 2.0, \"high\": 5.0, \"log\": false}}"}
{"op_code":5,"worker_id":"4df85164-b3fd-4745-b721-100fe9593c48-140563481460864","trial_id":34,"param_name":"BellowHeight","param_value_internal":9.027121328474026,"distribution":"{\"name\": \"FloatDistribution\", \"attributes\": {\"step\": null, \"low\": 6.0, \"high\": 10.0, \"log\": false}}"}
{"op_code":5,"worker_id":"4df85164-b3fd-4745-b721-100fe9593c48-140563481460864","trial_id":34,"param_name":"WallThickness","param_value_internal":2.7199266532193564,"distribution":"{\"name\": \"FloatDistribution\", \"attributes\": {\"step\": null, \"low\": 2.0, \"high\": 4.0, \"log\": false}}"}
{"op_code":5,"worker_id":"4df85164-b3fd-4745-b721-100fe9593c48-140563481460864","trial_id":34,"param_name":"PlateauHeight","param_value_internal":2.9241445838255484,"distribution":"{\"name\": \"FloatDistribution\", \"attributes\": {\"step\": null, \"low\": 2.0, \"high\": 4.0, \"log\": false}}"}
{"op_code":6,"worker_id":"66769b4e-5d7b-4393-b5fc-f3113d5281d1-139720672919680","trial_id":27,"state":1,"values":[-Infinity,-Infinity],"datetime_complete":"2026-06-05T15:18:15.943621"}
{"op_code":6,"worker_id":"c09b76ab-355c-44bb-be1c-2bf9ccce9c84-140209120854144","trial_id":25,"state":1,"values":[-Infinity,-Infinity],"datetime_complete":"2026-06-05T15:18:15.946711"}
{"op_code":4,"worker_id":"66769b4e-5d7b-4393-b5fc-f3113d5281d1-139720672919680","study_id":0,"datetime_start":"2026-06-05T15:18:15.956108"}
{"op_code":4,"worker_id":"c09b76ab-355c-44bb-be1c-2bf9ccce9c84-140209120854144","study_id":0,"datetime_start":"2026-06-05T15:18:15.961162"}
{"op_code":9,"worker_id":"66769b4e-5d7b-4393-b5fc-f3113d5281d1-139720672919680","trial_id":35,"system_attr":{"nsga2:generation":0}}
{"op_code":9,"worker_id":"c09b76ab-355c-44bb-be1c-2bf9ccce9c84-140209120854144","trial_id":36,"system_attr":{"nsga2:generation":0}}
{"op_code":5,"worker_id":"66769b4e-5d7b-4393-b5fc-f3113d5281d1-139720672919680","trial_id":35,"param_name":"JointSlopeAngle","param_value_internal":0.428314310566131,"distribution":"{\"name\": \"FloatDistribution\", \"attributes\": {\"step\": null, \"low\": 0.17453292519943295, \"high\": 1.0471975511965976, \"log\": false}}"}
{"op_code":5,"worker_id":"c09b76ab-355c-44bb-be1c-2bf9ccce9c84-140209120854144","trial_id":36,"param_name":"JointSlopeAngle","param_value_internal":0.7770518059614896,"distribution":"{\"name\": \"FloatDistribution\", \"attributes\": {\"step\": null, \"low\": 0.17453292519943295, \"high\": 1.0471975511965976, \"log\": false}}"}
{"op_code":5,"worker_id":"66769b4e-5d7b-4393-b5fc-f3113d5281d1-139720672919680","trial_id":35,"param_name":"OuterRadius","param_value_internal":11.516988405074063,"distribution":"{\"name\": \"FloatDistribution\", \"attributes\": {\"step\": null, \"low\": 8.75, \"high\": 17.75, \"log\": false}}"}
{"op_code":5,"worker_id":"c09b76ab-355c-44bb-be1c-2bf9ccce9c84-140209120854144","trial_id":36,"param_name":"OuterRadius","param_value_internal":9.742582462631105,"distribution":"{\"name\": \"FloatDistribution\", \"attributes\": {\"step\": null, \"low\": 8.75, \"high\": 17.75, \"log\": false}}"}
{"op_code":5,"worker_id":"66769b4e-5d7b-4393-b5fc-f3113d5281d1-139720672919680","trial_id":35,"param_name":"JointHeight","param_value_internal":5.92426651851521,"distribution":"{\"name\": \"FloatDistribution\", \"attributes\": {\"step\": null, \"low\": 5.0, \"high\": 8.0, \"log\": false}}"}
{"op_code":5,"worker_id":"c09b76ab-355c-44bb-be1c-2bf9ccce9c84-140209120854144","trial_id":36,"param_name":"JointHeight","param_value_internal":5.339787677351947,"distribution":"{\"name\": \"FloatDistribution\", \"attributes\": {\"step\": null, \"low\": 5.0, \"high\": 8.0, \"log\": false}}"}
{"op_code":5,"worker_id":"66769b4e-5d7b-4393-b5fc-f3113d5281d1-139720672919680","trial_id":35,"param_name":"CavityCorkThickness","param_value_internal":3.160422597754844,"distribution":"{\"name\": \"FloatDistribution\", \"attributes\": {\"step\": null, \"low\": 2.0, \"high\": 5.0, \"log\": false}}"}
{"op_code":5,"worker_id":"c09b76ab-355c-44bb-be1c-2bf9ccce9c84-140209120854144","trial_id":36,"param_name":"CavityCorkThickness","param_value_internal":4.644741881650411,"distribution":"{\"name\": \"FloatDistribution\", \"attributes\": {\"step\": null, \"low\": 2.0, \"high\": 5.0, \"log\": false}}"}
{"op_code":5,"worker_id":"66769b4e-5d7b-4393-b5fc-f3113d5281d1-139720672919680","trial_id":35,"param_name":"BellowHeight","param_value_internal":8.042019838326462,"distribution":"{\"name\": \"FloatDistribution\", \"attributes\": {\"step\": null, \"low\": 6.0, \"high\": 10.0, \"log\": false}}"}
{"op_code":5,"worker_id":"c09b76ab-355c-44bb-be1c-2bf9ccce9c84-140209120854144","trial_id":36,"param_name":"BellowHeight","param_value_internal":9.06323059841282,"distribution":"{\"name\": \"FloatDistribution\", \"attributes\": {\"step\": null, \"low\": 6.0, \"high\": 10.0, \"log\": false}}"}
{"op_code":5,"worker_id":"66769b4e-5d7b-4393-b5fc-f3113d5281d1-139720672919680","trial_id":35,"param_name":"WallThickness","param_value_internal":2.437048302729318,"distribution":"{\"name\": \"FloatDistribution\", \"attributes\": {\"step\": null, \"low\": 2.0, \"high\": 4.0, \"log\": false}}"}
{"op_code":5,"worker_id":"c09b76ab-355c-44bb-be1c-2bf9ccce9c84-140209120854144","trial_id":36,"param_name":"WallThickness","param_value_internal":2.472647683618038,"distribution":"{\"name\": \"FloatDistribution\", \"attributes\": {\"step\": null, \"low\": 2.0, \"high\": 4.0, \"log\": false}}"}
{"op_code":5,"worker_id":"66769b4e-5d7b-4393-b5fc-f3113d5281d1-139720672919680","trial_id":35,"param_name":"PlateauHeight","param_value_internal":2.353780113928602,"distribution":"{\"name\": \"FloatDistribution\", \"attributes\": {\"step\": null, \"low\": 2.0, \"high\": 4.0, \"log\": false}}"}
{"op_code":5,"worker_id":"c09b76ab-355c-44bb-be1c-2bf9ccce9c84-140209120854144","trial_id":36,"param_name":"PlateauHeight","param_value_internal":2.2066056002735865,"distribution":"{\"name\": \"FloatDistribution\", \"attributes\": {\"step\": null, \"low\": 2.0, \"high\": 4.0, \"log\": false}}"}
{"op_code":6,"worker_id":"4f814d94-9597-475f-ac7e-7bcc55161dcb-139810141511808","trial_id":26,"state":1,"values":[-Infinity,-Infinity],"datetime_complete":"2026-06-05T15:18:16.081873"}
{"op_code":4,"worker_id":"4f814d94-9597-475f-ac7e-7bcc55161dcb-139810141511808","study_id":0,"datetime_start":"2026-06-05T15:18:16.093296"}
{"op_code":9,"worker_id":"4f814d94-9597-475f-ac7e-7bcc55161dcb-139810141511808","trial_id":37,"system_attr":{"nsga2:generation":0}}
{"op_code":5,"worker_id":"4f814d94-9597-475f-ac7e-7bcc55161dcb-139810141511808","trial_id":37,"param_name":"JointSlopeAngle","param_value_internal":0.4562725310696143,"distribution":"{\"name\": \"FloatDistribution\", \"attributes\": {\"step\": null, \"low\": 0.17453292519943295, \"high\": 1.0471975511965976, \"log\": false}}"}
{"op_code":5,"worker_id":"4f814d94-9597-475f-ac7e-7bcc55161dcb-139810141511808","trial_id":37,"param_name":"OuterRadius","param_value_internal":13.212753227038705,"distribution":"{\"name\": \"FloatDistribution\", \"attributes\": {\"step\": null, \"low\": 8.75, \"high\": 17.75, \"log\": false}}"}
{"op_code":5,"worker_id":"4f814d94-9597-475f-ac7e-7bcc55161dcb-139810141511808","trial_id":37,"param_name":"JointHeight","param_value_internal":5.540535167631252,"distribution":"{\"name\": \"FloatDistribution\", \"attributes\": {\"step\": null, \"low\": 5.0, \"high\": 8.0, \"log\": false}}"}
{"op_code":5,"worker_id":"4f814d94-9597-475f-ac7e-7bcc55161dcb-139810141511808","trial_id":37,"param_name":"CavityCorkThickness","param_value_internal":3.9868080910818744,"distribution":"{\"name\": \"FloatDistribution\", \"attributes\": {\"step\": null, \"low\": 2.0, \"high\": 5.0, \"log\": false}}"}
{"op_code":5,"worker_id":"4f814d94-9597-475f-ac7e-7bcc55161dcb-139810141511808","trial_id":37,"param_name":"BellowHeight","param_value_internal":9.847141995441188,"distribution":"{\"name\": \"FloatDistribution\", \"attributes\": {\"step\": null, \"low\": 6.0, \"high\": 10.0, \"log\": false}}"}
{"op_code":5,"worker_id":"4f814d94-9597-475f-ac7e-7bcc55161dcb-139810141511808","trial_id":37,"param_name":"WallThickness","param_value_internal":3.471832469828863,"distribution":"{\"name\": \"FloatDistribution\", \"attributes\": {\"step\": null, \"low\": 2.0, \"high\": 4.0, \"log\": false}}"}
{"op_code":5,"worker_id":"4f814d94-9597-475f-ac7e-7bcc55161dcb-139810141511808","trial_id":37,"param_name":"PlateauHeight","param_value_internal":3.8468494295247115,"distribution":"{\"name\": \"FloatDistribution\", \"attributes\": {\"step\": null, \"low\": 2.0, \"high\": 4.0, \"log\": false}}"}
{"op_code":6,"worker_id":"753cc0fb-fdc7-4fd6-9de4-c28ae8c184f6-140150067351680","trial_id":23,"state":1,"values":[-Infinity,-Infinity],"datetime_complete":"2026-06-05T15:18:16.195784"}
{"op_code":4,"worker_id":"753cc0fb-fdc7-4fd6-9de4-c28ae8c184f6-140150067351680","study_id":0,"datetime_start":"2026-06-05T15:18:16.205373"}
{"op_code":9,"worker_id":"753cc0fb-fdc7-4fd6-9de4-c28ae8c184f6-140150067351680","trial_id":38,"system_attr":{"nsga2:generation":0}}
{"op_code":5,"worker_id":"753cc0fb-fdc7-4fd6-9de4-c28ae8c184f6-140150067351680","trial_id":38,"param_name":"JointSlopeAngle","param_value_internal":0.4744539248538546,"distribution":"{\"name\": \"FloatDistribution\", \"attributes\": {\"step\": null, \"low\": 0.17453292519943295, \"high\": 1.0471975511965976, \"log\": false}}"}
{"op_code":5,"worker_id":"753cc0fb-fdc7-4fd6-9de4-c28ae8c184f6-140150067351680","trial_id":38,"param_name":"OuterRadius","param_value_internal":15.586246737933669,"distribution":"{\"name\": \"FloatDistribution\", \"attributes\": {\"step\": null, \"low\": 8.75, \"high\": 17.75, \"log\": false}}"}
{"op_code":5,"worker_id":"753cc0fb-fdc7-4fd6-9de4-c28ae8c184f6-140150067351680","trial_id":38,"param_name":"JointHeight","param_value_internal":6.961545224609289,"distribution":"{\"name\": \"FloatDistribution\", \"attributes\": {\"step\": null, \"low\": 5.0, \"high\": 8.0, \"log\": false}}"}
{"op_code":5,"worker_id":"753cc0fb-fdc7-4fd6-9de4-c28ae8c184f6-140150067351680","trial_id":38,"param_name":"CavityCorkThickness","param_value_internal":2.6350465366809006,"distribution":"{\"name\": \"FloatDistribution\", \"attributes\": {\"step\": null, \"low\": 2.0, \"high\": 5.0, \"log\": false}}"}
{"op_code":5,"worker_id":"753cc0fb-fdc7-4fd6-9de4-c28ae8c184f6-140150067351680","trial_id":38,"param_name":"BellowHeight","param_value_internal":6.746924031602506,"distribution":"{\"name\": \"FloatDistribution\", \"attributes\": {\"step\": null, \"low\": 6.0, \"high\": 10.0, \"log\": false}}"}
{"op_code":5,"worker_id":"753cc0fb-fdc7-4fd6-9de4-c28ae8c184f6-140150067351680","trial_id":38,"param_name":"WallThickness","param_value_internal":3.2341338977836367,"distribution":"{\"name\": \"FloatDistribution\", \"attributes\": {\"step\": null, \"low\": 2.0, \"high\": 4.0, \"log\": false}}"}
{"op_code":5,"worker_id":"753cc0fb-fdc7-4fd6-9de4-c28ae8c184f6-140150067351680","trial_id":38,"param_name":"PlateauHeight","param_value_internal":2.21584048227842,"distribution":"{\"name\": \"FloatDistribution\", \"attributes\": {\"step\": null, \"low\": 2.0, \"high\": 4.0, \"log\": false}}"}
{"op_code":6,"worker_id":"6433dcd6-f513-4ebd-abab-f1908777e1c5-140495401631872","trial_id":32,"state":1,"values":[-Infinity,-Infinity],"datetime_complete":"2026-06-05T15:18:16.452096"}
{"op_code":4,"worker_id":"6433dcd6-f513-4ebd-abab-f1908777e1c5-140495401631872","study_id":0,"datetime_start":"2026-06-05T15:18:16.463564"}
{"op_code":9,"worker_id":"6433dcd6-f513-4ebd-abab-f1908777e1c5-140495401631872","trial_id":39,"system_attr":{"nsga2:generation":0}}
{"op_code":5,"worker_id":"6433dcd6-f513-4ebd-abab-f1908777e1c5-140495401631872","trial_id":39,"param_name":"JointSlopeAngle","param_value_internal":0.5851895516917226,"distribution":"{\"name\": \"FloatDistribution\", \"attributes\": {\"step\": null, \"low\": 0.17453292519943295, \"high\": 1.0471975511965976, \"log\": false}}"}
{"op_code":5,"worker_id":"6433dcd6-f513-4ebd-abab-f1908777e1c5-140495401631872","trial_id":39,"param_name":"OuterRadius","param_value_internal":14.15606197286161,"distribution":"{\"name\": \"FloatDistribution\", \"attributes\": {\"step\": null, \"low\": 8.75, \"high\": 17.75, \"log\": false}}"}
{"op_code":5,"worker_id":"6433dcd6-f513-4ebd-abab-f1908777e1c5-140495401631872","trial_id":39,"param_name":"JointHeight","param_value_internal":5.670745596467454,"distribution":"{\"name\": \"FloatDistribution\", \"attributes\": {\"step\": null, \"low\": 5.0, \"high\": 8.0, \"log\": false}}"}
{"op_code":5,"worker_id":"6433dcd6-f513-4ebd-abab-f1908777e1c5-140495401631872","trial_id":39,"param_name":"CavityCorkThickness","param_value_internal":4.990781297764022,"distribution":"{\"name\": \"FloatDistribution\", \"attributes\": {\"step\": null, \"low\": 2.0, \"high\": 5.0, \"log\": false}}"}
{"op_code":5,"worker_id":"6433dcd6-f513-4ebd-abab-f1908777e1c5-140495401631872","trial_id":39,"param_name":"BellowHeight","param_value_internal":7.066786030960912,"distribution":"{\"name\": \"FloatDistribution\", \"attributes\": {\"step\": null, \"low\": 6.0, \"high\": 10.0, \"log\": false}}"}
{"op_code":5,"worker_id":"6433dcd6-f513-4ebd-abab-f1908777e1c5-140495401631872","trial_id":39,"param_name":"WallThickness","param_value_internal":2.750820533736144,"distribution":"{\"name\": \"FloatDistribution\", \"attributes\": {\"step\": null, \"low\": 2.0, \"high\": 4.0, \"log\": false}}"}
{"op_code":6,"worker_id":"2fbcf1b3-4fe1-4764-a96f-77cc9bb9a33f-140398763536512","trial_id":33,"state":1,"values":[-Infinity,-Infinity],"datetime_complete":"2026-06-05T15:18:16.512146"}
{"op_code":5,"worker_id":"6433dcd6-f513-4ebd-abab-f1908777e1c5-140495401631872","trial_id":39,"param_name":"PlateauHeight","param_value_internal":2.2517524076330164,"distribution":"{\"name\": \"FloatDistribution\", \"attributes\": {\"step\": null, \"low\": 2.0, \"high\": 4.0, \"log\": false}}"}
{"op_code":4,"worker_id":"2fbcf1b3-4fe1-4764-a96f-77cc9bb9a33f-140398763536512","study_id":0,"datetime_start":"2026-06-05T15:18:16.528569"}
{"op_code":9,"worker_id":"2fbcf1b3-4fe1-4764-a96f-77cc9bb9a33f-140398763536512","trial_id":40,"system_attr":{"nsga2:generation":0}}
{"op_code":5,"worker_id":"2fbcf1b3-4fe1-4764-a96f-77cc9bb9a33f-140398763536512","trial_id":40,"param_name":"JointSlopeAngle","param_value_internal":0.8639313503001784,"distribution":"{\"name\": \"FloatDistribution\", \"attributes\": {\"step\": null, \"low\": 0.17453292519943295, \"high\": 1.0471975511965976, \"log\": false}}"}
{"op_code":5,"worker_id":"2fbcf1b3-4fe1-4764-a96f-77cc9bb9a33f-140398763536512","trial_id":40,"param_name":"OuterRadius","param_value_internal":12.688396853133801,"distribution":"{\"name\": \"FloatDistribution\", \"attributes\": {\"step\": null, \"low\": 8.75, \"high\": 17.75, \"log\": false}}"}
{"op_code":5,"worker_id":"2fbcf1b3-4fe1-4764-a96f-77cc9bb9a33f-140398763536512","trial_id":40,"param_name":"JointHeight","param_value_internal":7.8103848361463495,"distribution":"{\"name\": \"FloatDistribution\", \"attributes\": {\"step\": null, \"low\": 5.0, \"high\": 8.0, \"log\": false}}"}
{"op_code":5,"worker_id":"2fbcf1b3-4fe1-4764-a96f-77cc9bb9a33f-140398763536512","trial_id":40,"param_name":"CavityCorkThickness","param_value_internal":2.210646562126033,"distribution":"{\"name\": \"FloatDistribution\", \"attributes\": {\"step\": null, \"low\": 2.0, \"high\": 5.0, \"log\": false}}"}
{"op_code":5,"worker_id":"2fbcf1b3-4fe1-4764-a96f-77cc9bb9a33f-140398763536512","trial_id":40,"param_name":"BellowHeight","param_value_internal":9.318018189810674,"distribution":"{\"name\": \"FloatDistribution\", \"attributes\": {\"step\": null, \"low\": 6.0, \"high\": 10.0, \"log\": false}}"}
{"op_code":5,"worker_id":"2fbcf1b3-4fe1-4764-a96f-77cc9bb9a33f-140398763536512","trial_id":40,"param_name":"WallThickness","param_value_internal":2.978143172369691,"distribution":"{\"name\": \"FloatDistribution\", \"attributes\": {\"step\": null, \"low\": 2.0, \"high\": 4.0, \"log\": false}}"}
{"op_code":5,"worker_id":"2fbcf1b3-4fe1-4764-a96f-77cc9bb9a33f-140398763536512","trial_id":40,"param_name":"PlateauHeight","param_value_internal":2.4941155537567212,"distribution":"{\"name\": \"FloatDistribution\", \"attributes\": {\"step\": null, \"low\": 2.0, \"high\": 4.0, \"log\": false}}"}
{"op_code":6,"worker_id":"4cddb9a8-be4e-413f-9746-6f7bb35c282b-139654453981312","trial_id":30,"state":1,"values":[-Infinity,-Infinity],"datetime_complete":"2026-06-05T15:18:16.584735"}
{"op_code":4,"worker_id":"4cddb9a8-be4e-413f-9746-6f7bb35c282b-139654453981312","study_id":0,"datetime_start":"2026-06-05T15:18:16.595225"}
{"op_code":9,"worker_id":"4cddb9a8-be4e-413f-9746-6f7bb35c282b-139654453981312","trial_id":41,"system_attr":{"nsga2:generation":0}}
{"op_code":5,"worker_id":"4cddb9a8-be4e-413f-9746-6f7bb35c282b-139654453981312","trial_id":41,"param_name":"JointSlopeAngle","param_value_internal":0.32514247947918484,"distribution":"{\"name\": \"FloatDistribution\", \"attributes\": {\"step\": null, \"low\": 0.17453292519943295, \"high\": 1.0471975511965976, \"log\": false}}"}
{"op_code":5,"worker_id":"4cddb9a8-be4e-413f-9746-6f7bb35c282b-139654453981312","trial_id":41,"param_name":"OuterRadius","param_value_internal":9.89263534449049,"distribution":"{\"name\": \"FloatDistribution\", \"attributes\": {\"step\": null, \"low\": 8.75, \"high\": 17.75, \"log\": false}}"}
{"op_code":5,"worker_id":"4cddb9a8-be4e-413f-9746-6f7bb35c282b-139654453981312","trial_id":41,"param_name":"JointHeight","param_value_internal":5.010809532278987,"distribution":"{\"name\": \"FloatDistribution\", \"attributes\": {\"step\": null, \"low\": 5.0, \"high\": 8.0, \"log\": false}}"}
{"op_code":5,"worker_id":"4cddb9a8-be4e-413f-9746-6f7bb35c282b-139654453981312","trial_id":41,"param_name":"CavityCorkThickness","param_value_internal":4.833320299048582,"distribution":"{\"name\": \"FloatDistribution\", \"attributes\": {\"step\": null, \"low\": 2.0, \"high\": 5.0, \"log\": false}}"}
{"op_code":5,"worker_id":"4cddb9a8-be4e-413f-9746-6f7bb35c282b-139654453981312","trial_id":41,"param_name":"BellowHeight","param_value_internal":9.606869961917706,"distribution":"{\"name\": \"FloatDistribution\", \"attributes\": {\"step\": null, \"low\": 6.0, \"high\": 10.0, \"log\": false}}"}
{"op_code":5,"worker_id":"4cddb9a8-be4e-413f-9746-6f7bb35c282b-139654453981312","trial_id":41,"param_name":"WallThickness","param_value_internal":3.8137978237442436,"distribution":"{\"name\": \"FloatDistribution\", \"attributes\": {\"step\": null, \"low\": 2.0, \"high\": 4.0, \"log\": false}}"}
{"op_code":5,"worker_id":"4cddb9a8-be4e-413f-9746-6f7bb35c282b-139654453981312","trial_id":41,"param_name":"PlateauHeight","param_value_internal":2.1905976388683737,"distribution":"{\"name\": \"FloatDistribution\", \"attributes\": {\"step\": null, \"low\": 2.0, \"high\": 4.0, \"log\": false}}"}
{"op_code":6,"worker_id":"7d5d7e68-4e13-479b-8411-3192a485add4-140238302695552","trial_id":31,"state":1,"values":[-Infinity,-Infinity],"datetime_complete":"2026-06-05T15:18:16.711641"}
{"op_code":4,"worker_id":"7d5d7e68-4e13-479b-8411-3192a485add4-140238302695552","study_id":0,"datetime_start":"2026-06-05T15:18:16.722027"}
{"op_code":6,"worker_id":"47add64b-62cc-4453-9ad8-40ee34965529-140069582332032","trial_id":24,"state":1,"values":[-Infinity,-Infinity],"datetime_complete":"2026-06-05T15:18:16.724977"}
{"op_code":9,"worker_id":"7d5d7e68-4e13-479b-8411-3192a485add4-140238302695552","trial_id":42,"system_attr":{"nsga2:generation":0}}
{"op_code":5,"worker_id":"7d5d7e68-4e13-479b-8411-3192a485add4-140238302695552","trial_id":42,"param_name":"JointSlopeAngle","param_value_internal":0.41108555901006516,"distribution":"{\"name\": \"FloatDistribution\", \"attributes\": {\"step\": null, \"low\": 0.17453292519943295, \"high\": 1.0471975511965976, \"log\": false}}"}
{"op_code":4,"worker_id":"47add64b-62cc-4453-9ad8-40ee34965529-140069582332032","study_id":0,"datetime_start":"2026-06-05T15:18:16.741627"}
{"op_code":5,"worker_id":"7d5d7e68-4e13-479b-8411-3192a485add4-140238302695552","trial_id":42,"param_name":"OuterRadius","param_value_internal":11.72171429278765,"distribution":"{\"name\": \"FloatDistribution\", \"attributes\": {\"step\": null, \"low\": 8.75, \"high\": 17.75, \"log\": false}}"}
{"op_code":5,"worker_id":"7d5d7e68-4e13-479b-8411-3192a485add4-140238302695552","trial_id":42,"param_name":"JointHeight","param_value_internal":5.895310914030276,"distribution":"{\"name\": \"FloatDistribution\", \"attributes\": {\"step\": null, \"low\": 5.0, \"high\": 8.0, \"log\": false}}"}
{"op_code":9,"worker_id":"47add64b-62cc-4453-9ad8-40ee34965529-140069582332032","trial_id":43,"system_attr":{"nsga2:generation":0}}
{"op_code":5,"worker_id":"7d5d7e68-4e13-479b-8411-3192a485add4-140238302695552","trial_id":42,"param_name":"CavityCorkThickness","param_value_internal":4.419928844767336,"distribution":"{\"name\": \"FloatDistribution\", \"attributes\": {\"step\": null, \"low\": 2.0, \"high\": 5.0, \"log\": false}}"}
{"op_code":5,"worker_id":"47add64b-62cc-4453-9ad8-40ee34965529-140069582332032","trial_id":43,"param_name":"JointSlopeAngle","param_value_internal":0.5213809277222372,"distribution":"{\"name\": \"FloatDistribution\", \"attributes\": {\"step\": null, \"low\": 0.17453292519943295, \"high\": 1.0471975511965976, \"log\": false}}"}
{"op_code":5,"worker_id":"7d5d7e68-4e13-479b-8411-3192a485add4-140238302695552","trial_id":42,"param_name":"BellowHeight","param_value_internal":9.595884940297475,"distribution":"{\"name\": \"FloatDistribution\", \"attributes\": {\"step\": null, \"low\": 6.0, \"high\": 10.0, \"log\": false}}"}
{"op_code":5,"worker_id":"47add64b-62cc-4453-9ad8-40ee34965529-140069582332032","trial_id":43,"param_name":"OuterRadius","param_value_internal":10.647146083691373,"distribution":"{\"name\": \"FloatDistribution\", \"attributes\": {\"step\": null, \"low\": 8.75, \"high\": 17.75, \"log\": false}}"}
{"op_code":5,"worker_id":"7d5d7e68-4e13-479b-8411-3192a485add4-140238302695552","trial_id":42,"param_name":"WallThickness","param_value_internal":3.5872509550622587,"distribution":"{\"name\": \"FloatDistribution\", \"attributes\": {\"step\": null, \"low\": 2.0, \"high\": 4.0, \"log\": false}}"}
{"op_code":5,"worker_id":"47add64b-62cc-4453-9ad8-40ee34965529-140069582332032","trial_id":43,"param_name":"JointHeight","param_value_internal":6.749187058034451,"distribution":"{\"name\": \"FloatDistribution\", \"attributes\": {\"step\": null, \"low\": 5.0, \"high\": 8.0, \"log\": false}}"}
{"op_code":5,"worker_id":"7d5d7e68-4e13-479b-8411-3192a485add4-140238302695552","trial_id":42,"param_name":"PlateauHeight","param_value_internal":3.5936292991128997,"distribution":"{\"name\": \"FloatDistribution\", \"attributes\": {\"step\": null, \"low\": 2.0, \"high\": 4.0, \"log\": false}}"}
{"op_code":5,"worker_id":"47add64b-62cc-4453-9ad8-40ee34965529-140069582332032","trial_id":43,"param_name":"CavityCorkThickness","param_value_internal":2.134288261266874,"distribution":"{\"name\": \"FloatDistribution\", \"attributes\": {\"step\": null, \"low\": 2.0, \"high\": 5.0, \"log\": false}}"}
{"op_code":5,"worker_id":"47add64b-62cc-4453-9ad8-40ee34965529-140069582332032","trial_id":43,"param_name":"BellowHeight","param_value_internal":9.623904862488287,"distribution":"{\"name\": \"FloatDistribution\", \"attributes\": {\"step\": null, \"low\": 6.0, \"high\": 10.0, \"log\": false}}"}
{"op_code":5,"worker_id":"47add64b-62cc-4453-9ad8-40ee34965529-140069582332032","trial_id":43,"param_name":"WallThickness","param_value_internal":2.121684226107149,"distribution":"{\"name\": \"FloatDistribution\", \"attributes\": {\"step\": null, \"low\": 2.0, \"high\": 4.0, \"log\": false}}"}
{"op_code":5,"worker_id":"47add64b-62cc-4453-9ad8-40ee34965529-140069582332032","trial_id":43,"param_name":"PlateauHeight","param_value_internal":2.0227761068345043,"distribution":"{\"name\": \"FloatDistribution\", \"attributes\": {\"step\": null, \"low\": 2.0, \"high\": 4.0, \"log\": false}}"}
{"op_code":6,"worker_id":"4df85164-b3fd-4745-b721-100fe9593c48-140563481460864","trial_id":34,"state":1,"values":[-Infinity,-Infinity],"datetime_complete":"2026-06-05T15:18:16.945029"}
{"op_code":4,"worker_id":"4df85164-b3fd-4745-b721-100fe9593c48-140563481460864","study_id":0,"datetime_start":"2026-06-05T15:18:16.956669"}
{"op_code":9,"worker_id":"4df85164-b3fd-4745-b721-100fe9593c48-140563481460864","trial_id":44,"system_attr":{"nsga2:generation":0}}
{"op_code":5,"worker_id":"4df85164-b3fd-4745-b721-100fe9593c48-140563481460864","trial_id":44,"param_name":"JointSlopeAngle","param_value_internal":0.7725246516815173,"distribution":"{\"name\": \"FloatDistribution\", \"attributes\": {\"step\": null, \"low\": 0.17453292519943295, \"high\": 1.0471975511965976, \"log\": false}}"}
{"op_code":5,"worker_id":"4df85164-b3fd-4745-b721-100fe9593c48-140563481460864","trial_id":44,"param_name":"OuterRadius","param_value_internal":13.733939489842033,"distribution":"{\"name\": \"FloatDistribution\", \"attributes\": {\"step\": null, \"low\": 8.75, \"high\": 17.75, \"log\": false}}"}
{"op_code":5,"worker_id":"4df85164-b3fd-4745-b721-100fe9593c48-140563481460864","trial_id":44,"param_name":"JointHeight","param_value_internal":6.858492618584971,"distribution":"{\"name\": \"FloatDistribution\", \"attributes\": {\"step\": null, \"low\": 5.0, \"high\": 8.0, \"log\": false}}"}
{"op_code":5,"worker_id":"4df85164-b3fd-4745-b721-100fe9593c48-140563481460864","trial_id":44,"param_name":"CavityCorkThickness","param_value_internal":4.656849471056651,"distribution":"{\"name\": \"FloatDistribution\", \"attributes\": {\"step\": null, \"low\": 2.0, \"high\": 5.0, \"log\": false}}"}
{"op_code":5,"worker_id":"4df85164-b3fd-4745-b721-100fe9593c48-140563481460864","trial_id":44,"param_name":"BellowHeight","param_value_internal":8.129916533138125,"distribution":"{\"name\": \"FloatDistribution\", \"attributes\": {\"step\": null, \"low\": 6.0, \"high\": 10.0, \"log\": false}}"}
{"op_code":5,"worker_id":"4df85164-b3fd-4745-b721-100fe9593c48-140563481460864","trial_id":44,"param_name":"WallThickness","param_value_internal":2.8111650358102636,"distribution":"{\"name\": \"FloatDistribution\", \"attributes\": {\"step\": null, \"low\": 2.0, \"high\": 4.0, \"log\": false}}"}
{"op_code":5,"worker_id":"4df85164-b3fd-4745-b721-100fe9593c48-140563481460864","trial_id":44,"param_name":"PlateauHeight","param_value_internal":2.663659766012149,"distribution":"{\"name\": \"FloatDistribution\", \"attributes\": {\"step\": null, \"low\": 2.0, \"high\": 4.0, \"log\": false}}"}
{"op_code":6,"worker_id":"66769b4e-5d7b-4393-b5fc-f3113d5281d1-139720672919680","trial_id":35,"state":1,"values":[-Infinity,-Infinity],"datetime_complete":"2026-06-05T15:18:17.096706"}
{"op_code":4,"worker_id":"66769b4e-5d7b-4393-b5fc-f3113d5281d1-139720672919680","study_id":0,"datetime_start":"2026-06-05T15:18:17.107603"}
{"op_code":9,"worker_id":"66769b4e-5d7b-4393-b5fc-f3113d5281d1-139720672919680","trial_id":45,"system_attr":{"nsga2:generation":0}}
{"op_code":5,"worker_id":"66769b4e-5d7b-4393-b5fc-f3113d5281d1-139720672919680","trial_id":45,"param_name":"JointSlopeAngle","param_value_internal":0.6557118556175734,"distribution":"{\"name\": \"FloatDistribution\", \"attributes\": {\"step\": null, \"low\": 0.17453292519943295, \"high\": 1.0471975511965976, \"log\": false}}"}
{"op_code":5,"worker_id":"66769b4e-5d7b-4393-b5fc-f3113d5281d1-139720672919680","trial_id":45,"param_name":"OuterRadius","param_value_internal":9.024078249977675,"distribution":"{\"name\": \"FloatDistribution\", \"attributes\": {\"step\": null, \"low\": 8.75, \"high\": 17.75, \"log\": false}}"}
{"op_code":5,"worker_id":"66769b4e-5d7b-4393-b5fc-f3113d5281d1-139720672919680","trial_id":45,"param_name":"JointHeight","param_value_internal":5.337759850590144,"distribution":"{\"name\": \"FloatDistribution\", \"attributes\": {\"step\": null, \"low\": 5.0, \"high\": 8.0, \"log\": false}}"}
{"op_code":5,"worker_id":"66769b4e-5d7b-4393-b5fc-f3113d5281d1-139720672919680","trial_id":45,"param_name":"CavityCorkThickness","param_value_internal":2.9147316869095277,"distribution":"{\"name\": \"FloatDistribution\", \"attributes\": {\"step\": null, \"low\": 2.0, \"high\": 5.0, \"log\": false}}"}
{"op_code":5,"worker_id":"66769b4e-5d7b-4393-b5fc-f3113d5281d1-139720672919680","trial_id":45,"param_name":"BellowHeight","param_value_internal":8.51666048985533,"distribution":"{\"name\": \"FloatDistribution\", \"attributes\": {\"step\": null, \"low\": 6.0, \"high\": 10.0, \"log\": false}}"}
{"op_code":5,"worker_id":"66769b4e-5d7b-4393-b5fc-f3113d5281d1-139720672919680","trial_id":45,"param_name":"WallThickness","param_value_internal":3.9966423220072897,"distribution":"{\"name\": \"FloatDistribution\", \"attributes\": {\"step\": null, \"low\": 2.0, \"high\": 4.0, \"log\": false}}"}
{"op_code":6,"worker_id":"c09b76ab-355c-44bb-be1c-2bf9ccce9c84-140209120854144","trial_id":36,"state":1,"values":[-Infinity,-Infinity],"datetime_complete":"2026-06-05T15:18:17.156828"}
{"op_code":5,"worker_id":"66769b4e-5d7b-4393-b5fc-f3113d5281d1-139720672919680","trial_id":45,"param_name":"PlateauHeight","param_value_internal":3.1159329972115186,"distribution":"{\"name\": \"FloatDistribution\", \"attributes\": {\"step\": null, \"low\": 2.0, \"high\": 4.0, \"log\": false}}"}
{"op_code":4,"worker_id":"c09b76ab-355c-44bb-be1c-2bf9ccce9c84-140209120854144","study_id":0,"datetime_start":"2026-06-05T15:18:17.168276"}
{"op_code":9,"worker_id":"c09b76ab-355c-44bb-be1c-2bf9ccce9c84-140209120854144","trial_id":46,"system_attr":{"nsga2:generation":0}}
{"op_code":5,"worker_id":"c09b76ab-355c-44bb-be1c-2bf9ccce9c84-140209120854144","trial_id":46,"param_name":"JointSlopeAngle","param_value_internal":0.4861305125669827,"distribution":"{\"name\": \"FloatDistribution\", \"attributes\": {\"step\": null, \"low\": 0.17453292519943295, \"high\": 1.0471975511965976, \"log\": false}}"}
{"op_code":5,"worker_id":"c09b76ab-355c-44bb-be1c-2bf9ccce9c84-140209120854144","trial_id":46,"param_name":"OuterRadius","param_value_internal":10.671428636175179,"distribution":"{\"name\": \"FloatDistribution\", \"attributes\": {\"step\": null, \"low\": 8.75, \"high\": 17.75, \"log\": false}}"}
{"op_code":5,"worker_id":"c09b76ab-355c-44bb-be1c-2bf9ccce9c84-140209120854144","trial_id":46,"param_name":"JointHeight","param_value_internal":7.111878389256184,"distribution":"{\"name\": \"FloatDistribution\", \"attributes\": {\"step\": null, \"low\": 5.0, \"high\": 8.0, \"log\": false}}"}
{"op_code":5,"worker_id":"c09b76ab-355c-44bb-be1c-2bf9ccce9c84-140209120854144","trial_id":46,"param_name":"CavityCorkThickness","param_value_internal":3.30240613934986,"distribution":"{\"name\": \"FloatDistribution\", \"attributes\": {\"step\": null, \"low\": 2.0, \"high\": 5.0, \"log\": false}}"}
{"op_code":5,"worker_id":"c09b76ab-355c-44bb-be1c-2bf9ccce9c84-140209120854144","trial_id":46,"param_name":"BellowHeight","param_value_internal":7.103441200306184,"distribution":"{\"name\": \"FloatDistribution\", \"attributes\": {\"step\": null, \"low\": 6.0, \"high\": 10.0, \"log\": false}}"}
{"op_code":6,"worker_id":"4f814d94-9597-475f-ac7e-7bcc55161dcb-139810141511808","trial_id":37,"state":1,"values":[-Infinity,-Infinity],"datetime_complete":"2026-06-05T15:18:17.209967"}
{"op_code":5,"worker_id":"c09b76ab-355c-44bb-be1c-2bf9ccce9c84-140209120854144","trial_id":46,"param_name":"WallThickness","param_value_internal":3.7975378722129935,"distribution":"{\"name\": \"FloatDistribution\", \"attributes\": {\"step\": null, \"low\": 2.0, \"high\": 4.0, \"log\": false}}"}
{"op_code":5,"worker_id":"c09b76ab-355c-44bb-be1c-2bf9ccce9c84-140209120854144","trial_id":46,"param_name":"PlateauHeight","param_value_internal":2.1724900340417896,"distribution":"{\"name\": \"FloatDistribution\", \"attributes\": {\"step\": null, \"low\": 2.0, \"high\": 4.0, \"log\": false}}"}
{"op_code":4,"worker_id":"4f814d94-9597-475f-ac7e-7bcc55161dcb-139810141511808","study_id":0,"datetime_start":"2026-06-05T15:18:17.224855"}
{"op_code":9,"worker_id":"4f814d94-9597-475f-ac7e-7bcc55161dcb-139810141511808","trial_id":47,"system_attr":{"nsga2:generation":0}}
{"op_code":5,"worker_id":"4f814d94-9597-475f-ac7e-7bcc55161dcb-139810141511808","trial_id":47,"param_name":"JointSlopeAngle","param_value_internal":0.794078755790399,"distribution":"{\"name\": \"FloatDistribution\", \"attributes\": {\"step\": null, \"low\": 0.17453292519943295, \"high\": 1.0471975511965976, \"log\": false}}"}
{"op_code":5,"worker_id":"4f814d94-9597-475f-ac7e-7bcc55161dcb-139810141511808","trial_id":47,"param_name":"OuterRadius","param_value_internal":13.86438202642482,"distribution":"{\"name\": \"FloatDistribution\", \"attributes\": {\"step\": null, \"low\": 8.75, \"high\": 17.75, \"log\": false}}"}
{"op_code":5,"worker_id":"4f814d94-9597-475f-ac7e-7bcc55161dcb-139810141511808","trial_id":47,"param_name":"JointHeight","param_value_internal":7.489880639925482,"distribution":"{\"name\": \"FloatDistribution\", \"attributes\": {\"step\": null, \"low\": 5.0, \"high\": 8.0, \"log\": false}}"}
{"op_code":5,"worker_id":"4f814d94-9597-475f-ac7e-7bcc55161dcb-139810141511808","trial_id":47,"param_name":"CavityCorkThickness","param_value_internal":4.53568194176489,"distribution":"{\"name\": \"FloatDistribution\", \"attributes\": {\"step\": null, \"low\": 2.0, \"high\": 5.0, \"log\": false}}"}
{"op_code":5,"worker_id":"4f814d94-9597-475f-ac7e-7bcc55161dcb-139810141511808","trial_id":47,"param_name":"BellowHeight","param_value_internal":8.809449277503425,"distribution":"{\"name\": \"FloatDistribution\", \"attributes\": {\"step\": null, \"low\": 6.0, \"high\": 10.0, \"log\": false}}"}
{"op_code":5,"worker_id":"4f814d94-9597-475f-ac7e-7bcc55161dcb-139810141511808","trial_id":47,"param_name":"WallThickness","param_value_internal":2.027548797062604,"distribution":"{\"name\": \"FloatDistribution\", \"attributes\": {\"step\": null, \"low\": 2.0, \"high\": 4.0, \"log\": false}}"}
{"op_code":5,"worker_id":"4f814d94-9597-475f-ac7e-7bcc55161dcb-139810141511808","trial_id":47,"param_name":"PlateauHeight","param_value_internal":2.733930865397739,"distribution":"{\"name\": \"FloatDistribution\", \"attributes\": {\"step\": null, \"low\": 2.0, \"high\": 4.0, \"log\": false}}"}
{"op_code":6,"worker_id":"6433dcd6-f513-4ebd-abab-f1908777e1c5-140495401631872","trial_id":39,"state":1,"values":[-Infinity,-Infinity],"datetime_complete":"2026-06-05T15:18:17.287466"}
{"op_code":4,"worker_id":"6433dcd6-f513-4ebd-abab-f1908777e1c5-140495401631872","study_id":0,"datetime_start":"2026-06-05T15:18:17.297191"}
{"op_code":9,"worker_id":"6433dcd6-f513-4ebd-abab-f1908777e1c5-140495401631872","trial_id":48,"system_attr":{"nsga2:generation":0}}
{"op_code":5,"worker_id":"6433dcd6-f513-4ebd-abab-f1908777e1c5-140495401631872","trial_id":48,"param_name":"JointSlopeAngle","param_value_internal":0.7659889218551486,"distribution":"{\"name\": \"FloatDistribution\", \"attributes\": {\"step\": null, \"low\": 0.17453292519943295, \"high\": 1.0471975511965976, \"log\": false}}"}
{"op_code":5,"worker_id":"6433dcd6-f513-4ebd-abab-f1908777e1c5-140495401631872","trial_id":48,"param_name":"OuterRadius","param_value_internal":12.239016185709485,"distribution":"{\"name\": \"FloatDistribution\", \"attributes\": {\"step\": null, \"low\": 8.75, \"high\": 17.75, \"log\": false}}"}
{"op_code":5,"worker_id":"6433dcd6-f513-4ebd-abab-f1908777e1c5-140495401631872","trial_id":48,"param_name":"JointHeight","param_value_internal":7.965904445010947,"distribution":"{\"name\": \"FloatDistribution\", \"attributes\": {\"step\": null, \"low\": 5.0, \"high\": 8.0, \"log\": false}}"}
{"op_code":5,"worker_id":"6433dcd6-f513-4ebd-abab-f1908777e1c5-140495401631872","trial_id":48,"param_name":"CavityCorkThickness","param_value_internal":4.413681599674563,"distribution":"{\"name\": \"FloatDistribution\", \"attributes\": {\"step\": null, \"low\": 2.0, \"high\": 5.0, \"log\": false}}"}
{"op_code":5,"worker_id":"6433dcd6-f513-4ebd-abab-f1908777e1c5-140495401631872","trial_id":48,"param_name":"BellowHeight","param_value_internal":6.3680306406509715,"distribution":"{\"name\": \"FloatDistribution\", \"attributes\": {\"step\": null, \"low\": 6.0, \"high\": 10.0, \"log\": false}}"}
{"op_code":5,"worker_id":"6433dcd6-f513-4ebd-abab-f1908777e1c5-140495401631872","trial_id":48,"param_name":"WallThickness","param_value_internal":3.815030749733727,"distribution":"{\"name\": \"FloatDistribution\", \"attributes\": {\"step\": null, \"low\": 2.0, \"high\": 4.0, \"log\": false}}"}
{"op_code":5,"worker_id":"6433dcd6-f513-4ebd-abab-f1908777e1c5-140495401631872","trial_id":48,"param_name":"PlateauHeight","param_value_internal":3.9946063376290972,"distribution":"{\"name\": \"FloatDistribution\", \"attributes\": {\"step\": null, \"low\": 2.0, \"high\": 4.0, \"log\": false}}"}
{"op_code":6,"worker_id":"2fbcf1b3-4fe1-4764-a96f-77cc9bb9a33f-140398763536512","trial_id":40,"state":1,"values":[-Infinity,-Infinity],"datetime_complete":"2026-06-05T15:18:17.351135"}
{"op_code":4,"worker_id":"2fbcf1b3-4fe1-4764-a96f-77cc9bb9a33f-140398763536512","study_id":0,"datetime_start":"2026-06-05T15:18:17.362539"}
{"op_code":9,"worker_id":"2fbcf1b3-4fe1-4764-a96f-77cc9bb9a33f-140398763536512","trial_id":49,"system_attr":{"nsga2:generation":0}}
{"op_code":5,"worker_id":"2fbcf1b3-4fe1-4764-a96f-77cc9bb9a33f-140398763536512","trial_id":49,"param_name":"JointSlopeAngle","param_value_internal":0.3601342112163429,"distribution":"{\"name\": \"FloatDistribution\", \"attributes\": {\"step\": null, \"low\": 0.17453292519943295, \"high\": 1.0471975511965976, \"log\": false}}"}
{"op_code":5,"worker_id":"2fbcf1b3-4fe1-4764-a96f-77cc9bb9a33f-140398763536512","trial_id":49,"param_name":"OuterRadius","param_value_internal":12.917399202482246,"distribution":"{\"name\": \"FloatDistribution\", \"attributes\": {\"step\": null, \"low\": 8.75, \"high\": 17.75, \"log\": false}}"}
{"op_code":5,"worker_id":"2fbcf1b3-4fe1-4764-a96f-77cc9bb9a33f-140398763536512","trial_id":49,"param_name":"JointHeight","param_value_internal":5.877712691215459,"distribution":"{\"name\": \"FloatDistribution\", \"attributes\": {\"step\": null, \"low\": 5.0, \"high\": 8.0, \"log\": false}}"}
{"op_code":5,"worker_id":"2fbcf1b3-4fe1-4764-a96f-77cc9bb9a33f-140398763536512","trial_id":49,"param_name":"CavityCorkThickness","param_value_internal":4.313048478149554,"distribution":"{\"name\": \"FloatDistribution\", \"attributes\": {\"step\": null, \"low\": 2.0, \"high\": 5.0, \"log\": false}}"}
{"op_code":5,"worker_id":"2fbcf1b3-4fe1-4764-a96f-77cc9bb9a33f-140398763536512","trial_id":49,"param_name":"BellowHeight","param_value_internal":8.990241630625,"distribution":"{\"name\": \"FloatDistribution\", \"attributes\": {\"step\": null, \"low\": 6.0, \"high\": 10.0, \"log\": false}}"}
{"op_code":6,"worker_id":"753cc0fb-fdc7-4fd6-9de4-c28ae8c184f6-140150067351680","trial_id":38,"state":1,"values":[-Infinity,-Infinity],"datetime_complete":"2026-06-05T15:18:17.407208"}
{"op_code":5,"worker_id":"2fbcf1b3-4fe1-4764-a96f-77cc9bb9a33f-140398763536512","trial_id":49,"param_name":"WallThickness","param_value_internal":2.2794111482789474,"distribution":"{\"name\": \"FloatDistribution\", \"attributes\": {\"step\": null, \"low\": 2.0, \"high\": 4.0, \"log\": false}}"}
{"op_code":5,"worker_id":"2fbcf1b3-4fe1-4764-a96f-77cc9bb9a33f-140398763536512","trial_id":49,"param_name":"PlateauHeight","param_value_internal":3.1291200847416425,"distribution":"{\"name\": \"FloatDistribution\", \"attributes\": {\"step\": null, \"low\": 2.0, \"high\": 4.0, \"log\": false}}"}
{"op_code":4,"worker_id":"753cc0fb-fdc7-4fd6-9de4-c28ae8c184f6-140150067351680","study_id":0,"datetime_start":"2026-06-05T15:18:17.419182"}
{"op_code":9,"worker_id":"753cc0fb-fdc7-4fd6-9de4-c28ae8c184f6-140150067351680","trial_id":50,"system_attr":{"nsga2:generation":0}}
{"op_code":5,"worker_id":"753cc0fb-fdc7-4fd6-9de4-c28ae8c184f6-140150067351680","trial_id":50,"param_name":"JointSlopeAngle","param_value_internal":0.5573211589708549,"distribution":"{\"name\": \"FloatDistribution\", \"attributes\": {\"step\": null, \"low\": 0.17453292519943295, \"high\": 1.0471975511965976, \"log\": false}}"}
{"op_code":5,"worker_id":"753cc0fb-fdc7-4fd6-9de4-c28ae8c184f6-140150067351680","trial_id":50,"param_name":"OuterRadius","param_value_internal":10.019443472273617,"distribution":"{\"name\": \"FloatDistribution\", \"attributes\": {\"step\": null, \"low\": 8.75, \"high\": 17.75, \"log\": false}}"}
{"op_code":5,"worker_id":"753cc0fb-fdc7-4fd6-9de4-c28ae8c184f6-140150067351680","trial_id":50,"param_name":"JointHeight","param_value_internal":7.982538841137455,"distribution":"{\"name\": \"FloatDistribution\", \"attributes\": {\"step\": null, \"low\": 5.0, \"high\": 8.0, \"log\": false}}"}
{"op_code":5,"worker_id":"753cc0fb-fdc7-4fd6-9de4-c28ae8c184f6-140150067351680","trial_id":50,"param_name":"CavityCorkThickness","param_value_internal":4.291999878284389,"distribution":"{\"name\": \"FloatDistribution\", \"attributes\": {\"step\": null, \"low\": 2.0, \"high\": 5.0, \"log\": false}}"}
{"op_code":5,"worker_id":"753cc0fb-fdc7-4fd6-9de4-c28ae8c184f6-140150067351680","trial_id":50,"param_name":"BellowHeight","param_value_internal":9.057451106947497,"distribution":"{\"name\": \"FloatDistribution\", \"attributes\": {\"step\": null, \"low\": 6.0, \"high\": 10.0, \"log\": false}}"}
{"op_code":5,"worker_id":"753cc0fb-fdc7-4fd6-9de4-c28ae8c184f6-140150067351680","trial_id":50,"param_name":"WallThickness","param_value_internal":2.768496512982412,"distribution":"{\"name\": \"FloatDistribution\", \"attributes\": {\"step\": null, \"low\": 2.0, \"high\": 4.0, \"log\": false}}"}
{"op_code":5,"worker_id":"753cc0fb-fdc7-4fd6-9de4-c28ae8c184f6-140150067351680","trial_id":50,"param_name":"PlateauHeight","param_value_internal":3.442077427414053,"distribution":"{\"name\": \"FloatDistribution\", \"attributes\": {\"step\": null, \"low\": 2.0, \"high\": 4.0, \"log\": false}}"}
{"op_code":6,"worker_id":"4cddb9a8-be4e-413f-9746-6f7bb35c282b-139654453981312","trial_id":41,"state":1,"values":[-Infinity,-Infinity],"datetime_complete":"2026-06-05T15:18:17.701371"}
{"op_code":4,"worker_id":"4cddb9a8-be4e-413f-9746-6f7bb35c282b-139654453981312","study_id":0,"datetime_start":"2026-06-05T15:18:17.713098"}
{"op_code":9,"worker_id":"4cddb9a8-be4e-413f-9746-6f7bb35c282b-139654453981312","trial_id":51,"system_attr":{"nsga2:generation":0}}
{"op_code":5,"worker_id":"4cddb9a8-be4e-413f-9746-6f7bb35c282b-139654453981312","trial_id":51,"param_name":"JointSlopeAngle","param_value_internal":0.42791211068855706,"distribution":"{\"name\": \"FloatDistribution\", \"attributes\": {\"step\": null, \"low\": 0.17453292519943295, \"high\": 1.0471975511965976, \"log\": false}}"}
{"op_code":5,"worker_id":"4cddb9a8-be4e-413f-9746-6f7bb35c282b-139654453981312","trial_id":51,"param_name":"OuterRadius","param_value_internal":17.352150465811185,"distribution":"{\"name\": \"FloatDistribution\", \"attributes\": {\"step\": null, \"low\": 8.75, \"high\": 17.75, \"log\": false}}"}
{"op_code":5,"worker_id":"4cddb9a8-be4e-413f-9746-6f7bb35c282b-139654453981312","trial_id":51,"param_name":"JointHeight","param_value_internal":5.110045549525208,"distribution":"{\"name\": \"FloatDistribution\", \"attributes\": {\"step\": null, \"low\": 5.0, \"high\": 8.0, \"log\": false}}"}
{"op_code":5,"worker_id":"4cddb9a8-be4e-413f-9746-6f7bb35c282b-139654453981312","trial_id":51,"param_name":"CavityCorkThickness","param_value_internal":3.914106728572807,"distribution":"{\"name\": \"FloatDistribution\", \"attributes\": {\"step\": null, \"low\": 2.0, \"high\": 5.0, \"log\": false}}"}
{"op_code":5,"worker_id":"4cddb9a8-be4e-413f-9746-6f7bb35c282b-139654453981312","trial_id":51,"param_name":"BellowHeight","param_value_internal":8.925428592548268,"distribution":"{\"name\": \"FloatDistribution\", \"attributes\": {\"step\": null, \"low\": 6.0, \"high\": 10.0, \"log\": false}}"}
{"op_code":5,"worker_id":"4cddb9a8-be4e-413f-9746-6f7bb35c282b-139654453981312","trial_id":51,"param_name":"WallThickness","param_value_internal":2.393509484267568,"distribution":"{\"name\": \"FloatDistribution\", \"attributes\": {\"step\": null, \"low\": 2.0, \"high\": 4.0, \"log\": false}}"}
{"op_code":5,"worker_id":"4cddb9a8-be4e-413f-9746-6f7bb35c282b-139654453981312","trial_id":51,"param_name":"PlateauHeight","param_value_internal":2.3536826858987023,"distribution":"{\"name\": \"FloatDistribution\", \"attributes\": {\"step\": null, \"low\": 2.0, \"high\": 4.0, \"log\": false}}"}
{"op_code":6,"worker_id":"7d5d7e68-4e13-479b-8411-3192a485add4-140238302695552","trial_id":42,"state":1,"values":[-Infinity,-Infinity],"datetime_complete":"2026-06-05T15:18:17.867929"}
{"op_code":4,"worker_id":"7d5d7e68-4e13-479b-8411-3192a485add4-140238302695552","study_id":0,"datetime_start":"2026-06-05T15:18:17.879635"}
{"op_code":9,"worker_id":"7d5d7e68-4e13-479b-8411-3192a485add4-140238302695552","trial_id":52,"system_attr":{"nsga2:generation":0}}
{"op_code":5,"worker_id":"7d5d7e68-4e13-479b-8411-3192a485add4-140238302695552","trial_id":52,"param_name":"JointSlopeAngle","param_value_internal":0.591352039207204,"distribution":"{\"name\": \"FloatDistribution\", \"attributes\": {\"step\": null, \"low\": 0.17453292519943295, \"high\": 1.0471975511965976, \"log\": false}}"}
{"op_code":5,"worker_id":"7d5d7e68-4e13-479b-8411-3192a485add4-140238302695552","trial_id":52,"param_name":"OuterRadius","param_value_internal":16.64486823795385,"distribution":"{\"name\": \"FloatDistribution\", \"attributes\": {\"step\": null, \"low\": 8.75, \"high\": 17.75, \"log\": false}}"}
{"op_code":6,"worker_id":"47add64b-62cc-4453-9ad8-40ee34965529-140069582332032","trial_id":43,"state":1,"values":[-Infinity,-Infinity],"datetime_complete":"2026-06-05T15:18:17.903941"}
{"op_code":5,"worker_id":"7d5d7e68-4e13-479b-8411-3192a485add4-140238302695552","trial_id":52,"param_name":"JointHeight","param_value_internal":7.780855599856408,"distribution":"{\"name\": \"FloatDistribution\", \"attributes\": {\"step\": null, \"low\": 5.0, \"high\": 8.0, \"log\": false}}"}
{"op_code":5,"worker_id":"7d5d7e68-4e13-479b-8411-3192a485add4-140238302695552","trial_id":52,"param_name":"CavityCorkThickness","param_value_internal":2.955712487739296,"distribution":"{\"name\": \"FloatDistribution\", \"attributes\": {\"step\": null, \"low\": 2.0, \"high\": 5.0, \"log\": false}}"}
{"op_code":4,"worker_id":"47add64b-62cc-4453-9ad8-40ee34965529-140069582332032","study_id":0,"datetime_start":"2026-06-05T15:18:17.918841"}
{"op_code":5,"worker_id":"7d5d7e68-4e13-479b-8411-3192a485add4-140238302695552","trial_id":52,"param_name":"BellowHeight","param_value_internal":8.363936091156468,"distribution":"{\"name\": \"FloatDistribution\", \"attributes\": {\"step\": null, \"low\": 6.0, \"high\": 10.0, \"log\": false}}"}
{"op_code":9,"worker_id":"47add64b-62cc-4453-9ad8-40ee34965529-140069582332032","trial_id":53,"system_attr":{"nsga2:generation":0}}
{"op_code":5,"worker_id":"7d5d7e68-4e13-479b-8411-3192a485add4-140238302695552","trial_id":52,"param_name":"WallThickness","param_value_internal":3.1690603804674753,"distribution":"{\"name\": \"FloatDistribution\", \"attributes\": {\"step\": null, \"low\": 2.0, \"high\": 4.0, \"log\": false}}"}
{"op_code":5,"worker_id":"47add64b-62cc-4453-9ad8-40ee34965529-140069582332032","trial_id":53,"param_name":"JointSlopeAngle","param_value_internal":0.6972851715081517,"distribution":"{\"name\": \"FloatDistribution\", \"attributes\": {\"step\": null, \"low\": 0.17453292519943295, \"high\": 1.0471975511965976, \"log\": false}}"}
{"op_code":5,"worker_id":"7d5d7e68-4e13-479b-8411-3192a485add4-140238302695552","trial_id":52,"param_name":"PlateauHeight","param_value_internal":2.075846409732725,"distribution":"{\"name\": \"FloatDistribution\", \"attributes\": {\"step\": null, \"low\": 2.0, \"high\": 4.0, \"log\": false}}"}
{"op_code":5,"worker_id":"47add64b-62cc-4453-9ad8-40ee34965529-140069582332032","trial_id":53,"param_name":"OuterRadius","param_value_internal":15.389157382278992,"distribution":"{\"name\": \"FloatDistribution\", \"attributes\": {\"step\": null, \"low\": 8.75, \"high\": 17.75, \"log\": false}}"}
{"op_code":5,"worker_id":"47add64b-62cc-4453-9ad8-40ee34965529-140069582332032","trial_id":53,"param_name":"JointHeight","param_value_internal":6.047196547193877,"distribution":"{\"name\": \"FloatDistribution\", \"attributes\": {\"step\": null, \"low\": 5.0, \"high\": 8.0, \"log\": false}}"}
{"op_code":5,"worker_id":"47add64b-62cc-4453-9ad8-40ee34965529-140069582332032","trial_id":53,"param_name":"CavityCorkThickness","param_value_internal":4.812192081883992,"distribution":"{\"name\": \"FloatDistribution\", \"attributes\": {\"step\": null, \"low\": 2.0, \"high\": 5.0, \"log\": false}}"}
{"op_code":5,"worker_id":"47add64b-62cc-4453-9ad8-40ee34965529-140069582332032","trial_id":53,"param_name":"BellowHeight","param_value_internal":8.097551814578237,"distribution":"{\"name\": \"FloatDistribution\", \"attributes\": {\"step\": null, \"low\": 6.0, \"high\": 10.0, \"log\": false}}"}
{"op_code":5,"worker_id":"47add64b-62cc-4453-9ad8-40ee34965529-140069582332032","trial_id":53,"param_name":"WallThickness","param_value_internal":2.4642660699171346,"distribution":"{\"name\": \"FloatDistribution\", \"attributes\": {\"step\": null, \"low\": 2.0, \"high\": 4.0, \"log\": false}}"}
{"op_code":5,"worker_id":"47add64b-62cc-4453-9ad8-40ee34965529-140069582332032","trial_id":53,"param_name":"PlateauHeight","param_value_internal":3.3643887767714453,"distribution":"{\"name\": \"FloatDistribution\", \"attributes\": {\"step\": null, \"low\": 2.0, \"high\": 4.0, \"log\": false}}"}
{"op_code":6,"worker_id":"4df85164-b3fd-4745-b721-100fe9593c48-140563481460864","trial_id":44,"state":1,"values":[-Infinity,-Infinity],"datetime_complete":"2026-06-05T15:18:18.062496"}
{"op_code":4,"worker_id":"4df85164-b3fd-4745-b721-100fe9593c48-140563481460864","study_id":0,"datetime_start":"2026-06-05T15:18:18.072656"}
{"op_code":6,"worker_id":"6433dcd6-f513-4ebd-abab-f1908777e1c5-140495401631872","trial_id":48,"state":1,"values":[-Infinity,-Infinity],"datetime_complete":"2026-06-05T15:18:18.078966"}
{"op_code":9,"worker_id":"4df85164-b3fd-4745-b721-100fe9593c48-140563481460864","trial_id":54,"system_attr":{"nsga2:generation":0}}
{"op_code":5,"worker_id":"4df85164-b3fd-4745-b721-100fe9593c48-140563481460864","trial_id":54,"param_name":"JointSlopeAngle","param_value_internal":0.7940686381524086,"distribution":"{\"name\": \"FloatDistribution\", \"attributes\": {\"step\": null, \"low\": 0.17453292519943295, \"high\": 1.0471975511965976, \"log\": false}}"}
{"op_code":5,"worker_id":"4df85164-b3fd-4745-b721-100fe9593c48-140563481460864","trial_id":54,"param_name":"OuterRadius","param_value_internal":8.979379695717881,"distribution":"{\"name\": \"FloatDistribution\", \"attributes\": {\"step\": null, \"low\": 8.75, \"high\": 17.75, \"log\": false}}"}
{"op_code":0,"worker_id":"8c737a17-6e1e-4b17-95ee-7fd5980a5602-140495401631872","study_name":"SensorFinger_3_optuna_evolutionary","directions":[2,2]}
{"op_code":5,"worker_id":"4df85164-b3fd-4745-b721-100fe9593c48-140563481460864","trial_id":54,"param_name":"JointHeight","param_value_internal":5.052174475638841,"distribution":"{\"name\": \"FloatDistribution\", \"attributes\": {\"step\": null, \"low\": 5.0, \"high\": 8.0, \"log\": false}}"}
{"op_code":0,"worker_id":"8c737a17-6e1e-4b17-95ee-7fd5980a5602-140495401631872","study_name":"SensorFinger_3_optuna_evolutionary","directions":[2,2]}
{"op_code":5,"worker_id":"4df85164-b3fd-4745-b721-100fe9593c48-140563481460864","trial_id":54,"param_name":"CavityCorkThickness","param_value_internal":4.418131618541661,"distribution":"{\"name\": \"FloatDistribution\", \"attributes\": {\"step\": null, \"low\": 2.0, \"high\": 5.0, \"log\": false}}"}
{"op_code":5,"worker_id":"4df85164-b3fd-4745-b721-100fe9593c48-140563481460864","trial_id":54,"param_name":"BellowHeight","param_value_internal":8.485837269584383,"distribution":"{\"name\": \"FloatDistribution\", \"attributes\": {\"step\": null, \"low\": 6.0, \"high\": 10.0, \"log\": false}}"}
{"op_code":5,"worker_id":"4df85164-b3fd-4745-b721-100fe9593c48-140563481460864","trial_id":54,"param_name":"WallThickness","param_value_internal":3.3369650306950334,"distribution":"{\"name\": \"FloatDistribution\", \"attributes\": {\"step\": null, \"low\": 2.0, \"high\": 4.0, \"log\": false}}"}
{"op_code":5,"worker_id":"4df85164-b3fd-4745-b721-100fe9593c48-140563481460864","trial_id":54,"param_name":"PlateauHeight","param_value_internal":2.8502112195867855,"distribution":"{\"name\": \"FloatDistribution\", \"attributes\": {\"step\": null, \"low\": 2.0, \"high\": 4.0, \"log\": false}}"}
{"op_code":6,"worker_id":"2fbcf1b3-4fe1-4764-a96f-77cc9bb9a33f-140398763536512","trial_id":49,"state":1,"values":[-Infinity,-Infinity],"datetime_complete":"2026-06-05T15:18:18.157706"}
{"op_code":0,"worker_id":"4bdd797a-e70d-4139-9013-2e0c8da7071f-140398763536512","study_name":"SensorFinger_3_optuna_evolutionary","directions":[2,2]}
{"op_code":0,"worker_id":"4bdd797a-e70d-4139-9013-2e0c8da7071f-140398763536512","study_name":"SensorFinger_3_optuna_evolutionary","directions":[2,2]}
{"op_code":6,"worker_id":"66769b4e-5d7b-4393-b5fc-f3113d5281d1-139720672919680","trial_id":45,"state":1,"values":[-Infinity,-Infinity],"datetime_complete":"2026-06-05T15:18:18.225007"}
{"op_code":4,"worker_id":"66769b4e-5d7b-4393-b5fc-f3113d5281d1-139720672919680","study_id":0,"datetime_start":"2026-06-05T15:18:18.235239"}
{"op_code":9,"worker_id":"66769b4e-5d7b-4393-b5fc-f3113d5281d1-139720672919680","trial_id":55,"system_attr":{"nsga2:generation":0}}
{"op_code":5,"worker_id":"66769b4e-5d7b-4393-b5fc-f3113d5281d1-139720672919680","trial_id":55,"param_name":"JointSlopeAngle","param_value_internal":0.6072201812920746,"distribution":"{\"name\": \"FloatDistribution\", \"attributes\": {\"step\": null, \"low\": 0.17453292519943295, \"high\": 1.0471975511965976, \"log\": false}}"}
{"op_code":5,"worker_id":"66769b4e-5d7b-4393-b5fc-f3113d5281d1-139720672919680","trial_id":55,"param_name":"OuterRadius","param_value_internal":9.587859472280087,"distribution":"{\"name\": \"FloatDistribution\", \"attributes\": {\"step\": null, \"low\": 8.75, \"high\": 17.75, \"log\": false}}"}
{"op_code":5,"worker_id":"66769b4e-5d7b-4393-b5fc-f3113d5281d1-139720672919680","trial_id":55,"param_name":"JointHeight","param_value_internal":6.852175320647099,"distribution":"{\"name\": \"FloatDistribution\", \"attributes\": {\"step\": null, \"low\": 5.0, \"high\": 8.0, \"log\": false}}"}
{"op_code":5,"worker_id":"66769b4e-5d7b-4393-b5fc-f3113d5281d1-139720672919680","trial_id":55,"param_name":"CavityCorkThickness","param_value_internal":4.612677404753604,"distribution":"{\"name\": \"FloatDistribution\", \"attributes\": {\"step\": null, \"low\": 2.0, \"high\": 5.0, \"log\": false}}"}
{"op_code":5,"worker_id":"66769b4e-5d7b-4393-b5fc-f3113d5281d1-139720672919680","trial_id":55,"param_name":"BellowHeight","param_value_internal":9.523930705277317,"distribution":"{\"name\": \"FloatDistribution\", \"attributes\": {\"step\": null, \"low\": 6.0, \"high\": 10.0, \"log\": false}}"}
{"op_code":5,"worker_id":"66769b4e-5d7b-4393-b5fc-f3113d5281d1-139720672919680","trial_id":55,"param_name":"WallThickness","param_value_internal":2.460833817027424,"distribution":"{\"name\": \"FloatDistribution\", \"attributes\": {\"step\": null, \"low\": 2.0, \"high\": 4.0, \"log\": false}}"}
{"op_code":5,"worker_id":"66769b4e-5d7b-4393-b5fc-f3113d5281d1-139720672919680","trial_id":55,"param_name":"PlateauHeight","param_value_internal":2.741179910116939,"distribution":"{\"name\": \"FloatDistribution\", \"attributes\": {\"step\": null, \"low\": 2.0, \"high\": 4.0, \"log\": false}}"}
{"op_code":6,"worker_id":"4f814d94-9597-475f-ac7e-7bcc55161dcb-139810141511808","trial_id":47,"state":1,"values":[-Infinity,-Infinity],"datetime_complete":"2026-06-05T15:18:18.325194"}
{"op_code":4,"worker_id":"4f814d94-9597-475f-ac7e-7bcc55161dcb-139810141511808","study_id":0,"datetime_start":"2026-06-05T15:18:18.335839"}
{"op_code":6,"worker_id":"c09b76ab-355c-44bb-be1c-2bf9ccce9c84-140209120854144","trial_id":46,"state":1,"values":[-Infinity,-Infinity],"datetime_complete":"2026-06-05T15:18:18.339700"}
{"op_code":4,"worker_id":"c09b76ab-355c-44bb-be1c-2bf9ccce9c84-140209120854144","study_id":0,"datetime_start":"2026-06-05T15:18:18.350654"}
{"op_code":9,"worker_id":"4f814d94-9597-475f-ac7e-7bcc55161dcb-139810141511808","trial_id":56,"system_attr":{"nsga2:generation":1}}
{"op_code":5,"worker_id":"4f814d94-9597-475f-ac7e-7bcc55161dcb-139810141511808","trial_id":56,"param_name":"JointSlopeAngle","param_value_internal":0.6259417773818596,"distribution":"{\"name\": \"FloatDistribution\", \"attributes\": {\"step\": null, \"low\": 0.17453292519943295, \"high\": 1.0471975511965976, \"log\": false}}"}
{"op_code":9,"worker_id":"c09b76ab-355c-44bb-be1c-2bf9ccce9c84-140209120854144","trial_id":57,"system_attr":{"nsga2:generation":1}}
{"op_code":5,"worker_id":"4f814d94-9597-475f-ac7e-7bcc55161dcb-139810141511808","trial_id":56,"param_name":"OuterRadius","param_value_internal":10.454888503553263,"distribution":"{\"name\": \"FloatDistribution\", \"attributes\": {\"step\": null, \"low\": 8.75, \"high\": 17.75, \"log\": false}}"}
{"op_code":5,"worker_id":"c09b76ab-355c-44bb-be1c-2bf9ccce9c84-140209120854144","trial_id":57,"param_name":"JointSlopeAngle","param_value_internal":0.3946673570341527,"distribution":"{\"name\": \"FloatDistribution\", \"attributes\": {\"step\": null, \"low\": 0.17453292519943295, \"high\": 1.0471975511965976, \"log\": false}}"}
{"op_code":5,"worker_id":"4f814d94-9597-475f-ac7e-7bcc55161dcb-139810141511808","trial_id":56,"param_name":"JointHeight","param_value_internal":7.190144631473244,"distribution":"{\"name\": \"FloatDistribution\", \"attributes\": {\"step\": null, \"low\": 5.0, \"high\": 8.0, \"log\": false}}"}
{"op_code":5,"worker_id":"c09b76ab-355c-44bb-be1c-2bf9ccce9c84-140209120854144","trial_id":57,"param_name":"OuterRadius","param_value_internal":14.570506092997373,"distribution":"{\"name\": \"FloatDistribution\", \"attributes\": {\"step\": null, \"low\": 8.75, \"high\": 17.75, \"log\": false}}"}
{"op_code":5,"worker_id":"4f814d94-9597-475f-ac7e-7bcc55161dcb-139810141511808","trial_id":56,"param_name":"CavityCorkThickness","param_value_internal":4.7934354799250745,"distribution":"{\"name\": \"FloatDistribution\", \"attributes\": {\"step\": null, \"low\": 2.0, \"high\": 5.0, \"log\": false}}"}
{"op_code":5,"worker_id":"c09b76ab-355c-44bb-be1c-2bf9ccce9c84-140209120854144","trial_id":57,"param_name":"JointHeight","param_value_internal":6.1826146426823065,"distribution":"{\"name\": \"FloatDistribution\", \"attributes\": {\"step\": null, \"low\": 5.0, \"high\": 8.0, \"log\": false}}"}
{"op_code":5,"worker_id":"4f814d94-9597-475f-ac7e-7bcc55161dcb-139810141511808","trial_id":56,"param_name":"BellowHeight","param_value_internal":6.854333090035779,"distribution":"{\"name\": \"FloatDistribution\", \"attributes\": {\"step\": null, \"low\": 6.0, \"high\": 10.0, \"log\": false}}"}
{"op_code":5,"worker_id":"c09b76ab-355c-44bb-be1c-2bf9ccce9c84-140209120854144","trial_id":57,"param_name":"CavityCorkThickness","param_value_internal":2.1177772719172743,"distribution":"{\"name\": \"FloatDistribution\", \"attributes\": {\"step\": null, \"low\": 2.0, \"high\": 5.0, \"log\": false}}"}
{"op_code":5,"worker_id":"4f814d94-9597-475f-ac7e-7bcc55161dcb-139810141511808","trial_id":56,"param_name":"WallThickness","param_value_internal":3.7531931640741667,"distribution":"{\"name\": \"FloatDistribution\", \"attributes\": {\"step\": null, \"low\": 2.0, \"high\": 4.0, \"log\": false}}"}
{"op_code":5,"worker_id":"c09b76ab-355c-44bb-be1c-2bf9ccce9c84-140209120854144","trial_id":57,"param_name":"BellowHeight","param_value_internal":6.6339583615957025,"distribution":"{\"name\": \"FloatDistribution\", \"attributes\": {\"step\": null, \"low\": 6.0, \"high\": 10.0, \"log\": false}}"}
{"op_code":5,"worker_id":"4f814d94-9597-475f-ac7e-7bcc55161dcb-139810141511808","trial_id":56,"param_name":"PlateauHeight","param_value_internal":3.7512074639148363,"distribution":"{\"name\": \"FloatDistribution\", \"attributes\": {\"step\": null, \"low\": 2.0, \"high\": 4.0, \"log\": false}}"}
{"op_code":5,"worker_id":"c09b76ab-355c-44bb-be1c-2bf9ccce9c84-140209120854144","trial_id":57,"param_name":"WallThickness","param_value_internal":2.3713845475615285,"distribution":"{\"name\": \"FloatDistribution\", \"attributes\": {\"step\": null, \"low\": 2.0, \"high\": 4.0, \"log\": false}}"}
{"op_code":5,"worker_id":"c09b76ab-355c-44bb-be1c-2bf9ccce9c84-140209120854144","trial_id":57,"param_name":"PlateauHeight","param_value_internal":2.4378432427050707,"distribution":"{\"name\": \"FloatDistribution\", \"attributes\": {\"step\": null, \"low\": 2.0, \"high\": 4.0, \"log\": false}}"}
{"op_code":0,"worker_id":"34c1f8ba-fb5b-4b4c-93c9-89f9bf768aca-140495401631872","study_name":"SensorFinger_3_optuna_evolutionary","directions":[2,2]}
{"op_code":0,"worker_id":"34c1f8ba-fb5b-4b4c-93c9-89f9bf768aca-140495401631872","study_name":"SensorFinger_3_optuna_evolutionary","directions":[2,2]}
{"op_code":6,"worker_id":"753cc0fb-fdc7-4fd6-9de4-c28ae8c184f6-140150067351680","trial_id":50,"state":1,"values":[-Infinity,-Infinity],"datetime_complete":"2026-06-05T15:18:18.540426"}
{"op_code":4,"worker_id":"753cc0fb-fdc7-4fd6-9de4-c28ae8c184f6-140150067351680","study_id":0,"datetime_start":"2026-06-05T15:18:18.550592"}
{"op_code":9,"worker_id":"753cc0fb-fdc7-4fd6-9de4-c28ae8c184f6-140150067351680","trial_id":58,"system_attr":{"nsga2:generation":1}}
{"op_code":5,"worker_id":"753cc0fb-fdc7-4fd6-9de4-c28ae8c184f6-140150067351680","trial_id":58,"param_name":"JointSlopeAngle","param_value_internal":0.8712271743191364,"distribution":"{\"name\": \"FloatDistribution\", \"attributes\": {\"step\": null, \"low\": 0.17453292519943295, \"high\": 1.0471975511965976, \"log\": false}}"}
{"op_code":5,"worker_id":"753cc0fb-fdc7-4fd6-9de4-c28ae8c184f6-140150067351680","trial_id":58,"param_name":"OuterRadius","param_value_internal":9.742582462631105,"distribution":"{\"name\": \"FloatDistribution\", \"attributes\": {\"step\": null, \"low\": 8.75, \"high\": 17.75, \"log\": false}}"}
{"op_code":5,"worker_id":"753cc0fb-fdc7-4fd6-9de4-c28ae8c184f6-140150067351680","trial_id":58,"param_name":"JointHeight","param_value_internal":6.1826146426823065,"distribution":"{\"name\": \"FloatDistribution\", \"attributes\": {\"step\": null, \"low\": 5.0, \"high\": 8.0, \"log\": false}}"}
{"op_code":5,"worker_id":"753cc0fb-fdc7-4fd6-9de4-c28ae8c184f6-140150067351680","trial_id":58,"param_name":"CavityCorkThickness","param_value_internal":3.056210325485625,"distribution":"{\"name\": \"FloatDistribution\", \"attributes\": {\"step\": null, \"low\": 2.0, \"high\": 5.0, \"log\": false}}"}
{"op_code":0,"worker_id":"31a6ab46-c788-480d-9335-5dce8821428b-140398763536512","study_name":"SensorFinger_3_optuna_evolutionary","directions":[2,2]}
{"op_code":5,"worker_id":"753cc0fb-fdc7-4fd6-9de4-c28ae8c184f6-140150067351680","trial_id":58,"param_name":"BellowHeight","param_value_internal":6.6339583615957025,"distribution":"{\"name\": \"FloatDistribution\", \"attributes\": {\"step\": null, \"low\": 6.0, \"high\": 10.0, \"log\": false}}"}
{"op_code":0,"worker_id":"31a6ab46-c788-480d-9335-5dce8821428b-140398763536512","study_name":"SensorFinger_3_optuna_evolutionary","directions":[2,2]}
{"op_code":5,"worker_id":"753cc0fb-fdc7-4fd6-9de4-c28ae8c184f6-140150067351680","trial_id":58,"param_name":"WallThickness","param_value_internal":2.472647683618038,"distribution":"{\"name\": \"FloatDistribution\", \"attributes\": {\"step\": null, \"low\": 2.0, \"high\": 4.0, \"log\": false}}"}
{"op_code":5,"worker_id":"753cc0fb-fdc7-4fd6-9de4-c28ae8c184f6-140150067351680","trial_id":58,"param_name":"PlateauHeight","param_value_internal":3.042412767836261,"distribution":"{\"name\": \"FloatDistribution\", \"attributes\": {\"step\": null, \"low\": 2.0, \"high\": 4.0, \"log\": false}}"}
{"op_code":6,"worker_id":"4cddb9a8-be4e-413f-9746-6f7bb35c282b-139654453981312","trial_id":51,"state":1,"values":[-Infinity,-Infinity],"datetime_complete":"2026-06-05T15:18:18.823481"}
{"op_code":4,"worker_id":"4cddb9a8-be4e-413f-9746-6f7bb35c282b-139654453981312","study_id":0,"datetime_start":"2026-06-05T15:18:18.833397"}
{"op_code":9,"worker_id":"4cddb9a8-be4e-413f-9746-6f7bb35c282b-139654453981312","trial_id":59,"system_attr":{"nsga2:generation":1}}
{"op_code":5,"worker_id":"4cddb9a8-be4e-413f-9746-6f7bb35c282b-139654453981312","trial_id":59,"param_name":"JointSlopeAngle","param_value_internal":0.5573211589708549,"distribution":"{\"name\": \"FloatDistribution\", \"attributes\": {\"step\": null, \"low\": 0.17453292519943295, \"high\": 1.0471975511965976, \"log\": false}}"}
{"op_code":5,"worker_id":"4cddb9a8-be4e-413f-9746-6f7bb35c282b-139654453981312","trial_id":59,"param_name":"OuterRadius","param_value_internal":14.742965844296606,"distribution":"{\"name\": \"FloatDistribution\", \"attributes\": {\"step\": null, \"low\": 8.75, \"high\": 17.75, \"log\": false}}"}
{"op_code":5,"worker_id":"4cddb9a8-be4e-413f-9746-6f7bb35c282b-139654453981312","trial_id":59,"param_name":"JointHeight","param_value_internal":7.982538841137455,"distribution":"{\"name\": \"FloatDistribution\", \"attributes\": {\"step\": null, \"low\": 5.0, \"high\": 8.0, \"log\": false}}"}
{"op_code":5,"worker_id":"4cddb9a8-be4e-413f-9746-6f7bb35c282b-139654453981312","trial_id":59,"param_name":"CavityCorkThickness","param_value_internal":3.7150001657354625,"distribution":"{\"name\": \"FloatDistribution\", \"attributes\": {\"step\": null, \"low\": 2.0, \"high\": 5.0, \"log\": false}}"}
{"op_code":5,"worker_id":"4cddb9a8-be4e-413f-9746-6f7bb35c282b-139654453981312","trial_id":59,"param_name":"BellowHeight","param_value_internal":9.057451106947497,"distribution":"{\"name\": \"FloatDistribution\", \"attributes\": {\"step\": null, \"low\": 6.0, \"high\": 10.0, \"log\": false}}"}
{"op_code":5,"worker_id":"4cddb9a8-be4e-413f-9746-6f7bb35c282b-139654453981312","trial_id":59,"param_name":"WallThickness","param_value_internal":2.198104347592551,"distribution":"{\"name\": \"FloatDistribution\", \"attributes\": {\"step\": null, \"low\": 2.0, \"high\": 4.0, \"log\": false}}"}
{"op_code":5,"worker_id":"4cddb9a8-be4e-413f-9746-6f7bb35c282b-139654453981312","trial_id":59,"param_name":"PlateauHeight","param_value_internal":3.442077427414053,"distribution":"{\"name\": \"FloatDistribution\", \"attributes\": {\"step\": null, \"low\": 2.0, \"high\": 4.0, \"log\": false}}"}
{"op_code":6,"worker_id":"7d5d7e68-4e13-479b-8411-3192a485add4-140238302695552","trial_id":52,"state":1,"values":[-Infinity,-Infinity],"datetime_complete":"2026-06-05T15:18:19.027471"}
{"op_code":4,"worker_id":"7d5d7e68-4e13-479b-8411-3192a485add4-140238302695552","study_id":0,"datetime_start":"2026-06-05T15:18:19.038984"}
{"op_code":9,"worker_id":"7d5d7e68-4e13-479b-8411-3192a485add4-140238302695552","trial_id":60,"system_attr":{"nsga2:generation":1}}
{"op_code":6,"worker_id":"47add64b-62cc-4453-9ad8-40ee34965529-140069582332032","trial_id":53,"state":1,"values":[-Infinity,-Infinity],"datetime_complete":"2026-06-05T15:18:19.053552"}
{"op_code":5,"worker_id":"7d5d7e68-4e13-479b-8411-3192a485add4-140238302695552","trial_id":60,"param_name":"JointSlopeAngle","param_value_internal":0.6259417773818596,"distribution":"{\"name\": \"FloatDistribution\", \"attributes\": {\"step\": null, \"low\": 0.17453292519943295, \"high\": 1.0471975511965976, \"log\": false}}"}
{"op_code":5,"worker_id":"7d5d7e68-4e13-479b-8411-3192a485add4-140238302695552","trial_id":60,"param_name":"OuterRadius","param_value_internal":13.668938312439856,"distribution":"{\"name\": \"FloatDistribution\", \"attributes\": {\"step\": null, \"low\": 8.75, \"high\": 17.75, \"log\": false}}"}
{"op_code":4,"worker_id":"47add64b-62cc-4453-9ad8-40ee34965529-140069582332032","study_id":0,"datetime_start":"2026-06-05T15:18:19.069517"}
{"op_code":5,"worker_id":"7d5d7e68-4e13-479b-8411-3192a485add4-140238302695552","trial_id":60,"param_name":"JointHeight","param_value_internal":6.005755374196351,"distribution":"{\"name\": \"FloatDistribution\", \"attributes\": {\"step\": null, \"low\": 5.0, \"high\": 8.0, \"log\": false}}"}
{"op_code":5,"worker_id":"7d5d7e68-4e13-479b-8411-3192a485add4-140238302695552","trial_id":60,"param_name":"CavityCorkThickness","param_value_internal":3.725912934526396,"distribution":"{\"name\": \"FloatDistribution\", \"attributes\": {\"step\": null, \"low\": 2.0, \"high\": 5.0, \"log\": false}}"}
{"op_code":9,"worker_id":"47add64b-62cc-4453-9ad8-40ee34965529-140069582332032","trial_id":61,"system_attr":{"nsga2:generation":1}}
{"op_code":5,"worker_id":"7d5d7e68-4e13-479b-8411-3192a485add4-140238302695552","trial_id":60,"param_name":"BellowHeight","param_value_internal":9.015246334962418,"distribution":"{\"name\": \"FloatDistribution\", \"attributes\": {\"step\": null, \"low\": 6.0, \"high\": 10.0, \"log\": false}}"}
{"op_code":5,"worker_id":"47add64b-62cc-4453-9ad8-40ee34965529-140069582332032","trial_id":61,"param_name":"JointSlopeAngle","param_value_internal":0.6429109102743396,"distribution":"{\"name\": \"FloatDistribution\", \"attributes\": {\"step\": null, \"low\": 0.17453292519943295, \"high\": 1.0471975511965976, \"log\": false}}"}
{"op_code":5,"worker_id":"7d5d7e68-4e13-479b-8411-3192a485add4-140238302695552","trial_id":60,"param_name":"WallThickness","param_value_internal":2.7080790367421663,"distribution":"{\"name\": \"FloatDistribution\", \"attributes\": {\"step\": null, \"low\": 2.0, \"high\": 4.0, \"log\": false}}"}
{"op_code":5,"worker_id":"47add64b-62cc-4453-9ad8-40ee34965529-140069582332032","trial_id":61,"param_name":"OuterRadius","param_value_internal":12.649482809914709,"distribution":"{\"name\": \"FloatDistribution\", \"attributes\": {\"step\": null, \"low\": 8.75, \"high\": 17.75, \"log\": false}}"}
{"op_code":5,"worker_id":"7d5d7e68-4e13-479b-8411-3192a485add4-140238302695552","trial_id":60,"param_name":"PlateauHeight","param_value_internal":2.1565985283676437,"distribution":"{\"name\": \"FloatDistribution\", \"attributes\": {\"step\": null, \"low\": 2.0, \"high\": 4.0, \"log\": false}}"}
{"op_code":5,"worker_id":"47add64b-62cc-4453-9ad8-40ee34965529-140069582332032","trial_id":61,"param_name":"JointHeight","param_value_internal":5.464527637362125,"distribution":"{\"name\": \"FloatDistribution\", \"attributes\": {\"step\": null, \"low\": 5.0, \"high\": 8.0, \"log\": false}}"}
{"op_code":5,"worker_id":"47add64b-62cc-4453-9ad8-40ee34965529-140069582332032","trial_id":61,"param_name":"CavityCorkThickness","param_value_internal":4.220854720128977,"distribution":"{\"name\": \"FloatDistribution\", \"attributes\": {\"step\": null, \"low\": 2.0, \"high\": 5.0, \"log\": false}}"}
{"op_code":5,"worker_id":"47add64b-62cc-4453-9ad8-40ee34965529-140069582332032","trial_id":61,"param_name":"BellowHeight","param_value_internal":7.73055701957185,"distribution":"{\"name\": \"FloatDistribution\", \"attributes\": {\"step\": null, \"low\": 6.0, \"high\": 10.0, \"log\": false}}"}
{"op_code":5,"worker_id":"47add64b-62cc-4453-9ad8-40ee34965529-140069582332032","trial_id":61,"param_name":"WallThickness","param_value_internal":3.839577747444702,"distribution":"{\"name\": \"FloatDistribution\", \"attributes\": {\"step\": null, \"low\": 2.0, \"high\": 4.0, \"log\": false}}"}
{"op_code":5,"worker_id":"47add64b-62cc-4453-9ad8-40ee34965529-140069582332032","trial_id":61,"param_name":"PlateauHeight","param_value_internal":3.138881511093907,"distribution":"{\"name\": \"FloatDistribution\", \"attributes\": {\"step\": null, \"low\": 2.0, \"high\": 4.0, \"log\": false}}"}
{"op_code":6,"worker_id":"4df85164-b3fd-4745-b721-100fe9593c48-140563481460864","trial_id":54,"state":1,"values":[-Infinity,-Infinity],"datetime_complete":"2026-06-05T15:18:19.182584"}
{"op_code":4,"worker_id":"4df85164-b3fd-4745-b721-100fe9593c48-140563481460864","study_id":0,"datetime_start":"2026-06-05T15:18:19.192368"}
{"op_code":9,"worker_id":"4df85164-b3fd-4745-b721-100fe9593c48-140563481460864","trial_id":62,"system_attr":{"nsga2:generation":1}}
{"op_code":5,"worker_id":"4df85164-b3fd-4745-b721-100fe9593c48-140563481460864","trial_id":62,"param_name":"JointSlopeAngle","param_value_internal":0.7659889218551486,"distribution":"{\"name\": \"FloatDistribution\", \"attributes\": {\"step\": null, \"low\": 0.17453292519943295, \"high\": 1.0471975511965976, \"log\": false}}"}
{"op_code":5,"worker_id":"4df85164-b3fd-4745-b721-100fe9593c48-140563481460864","trial_id":62,"param_name":"OuterRadius","param_value_internal":12.239016185709485,"distribution":"{\"name\": \"FloatDistribution\", \"attributes\": {\"step\": null, \"low\": 8.75, \"high\": 17.75, \"log\": false}}"}
{"op_code":5,"worker_id":"4df85164-b3fd-4745-b721-100fe9593c48-140563481460864","trial_id":62,"param_name":"JointHeight","param_value_internal":7.965904445010947,"distribution":"{\"name\": \"FloatDistribution\", \"attributes\": {\"step\": null, \"low\": 5.0, \"high\": 8.0, \"log\": false}}"}
{"op_code":5,"worker_id":"4df85164-b3fd-4745-b721-100fe9593c48-140563481460864","trial_id":62,"param_name":"CavityCorkThickness","param_value_internal":4.833320299048582,"distribution":"{\"name\": \"FloatDistribution\", \"attributes\": {\"step\": null, \"low\": 2.0, \"high\": 5.0, \"log\": false}}"}
{"op_code":5,"worker_id":"4df85164-b3fd-4745-b721-100fe9593c48-140563481460864","trial_id":62,"param_name":"BellowHeight","param_value_internal":9.606869961917706,"distribution":"{\"name\": \"FloatDistribution\", \"attributes\": {\"step\": null, \"low\": 6.0, \"high\": 10.0, \"log\": false}}"}
{"op_code":5,"worker_id":"4df85164-b3fd-4745-b721-100fe9593c48-140563481460864","trial_id":62,"param_name":"WallThickness","param_value_internal":3.8137978237442436,"distribution":"{\"name\": \"FloatDistribution\", \"attributes\": {\"step\": null, \"low\": 2.0, \"high\": 4.0, \"log\": false}}"}
{"op_code":5,"worker_id":"4df85164-b3fd-4745-b721-100fe9593c48-140563481460864","trial_id":62,"param_name":"PlateauHeight","param_value_internal":2.1905976388683737,"distribution":"{\"name\": \"FloatDistribution\", \"attributes\": {\"step\": null, \"low\": 2.0, \"high\": 4.0, \"log\": false}}"}
{"op_code":6,"worker_id":"66769b4e-5d7b-4393-b5fc-f3113d5281d1-139720672919680","trial_id":55,"state":1,"values":[-Infinity,-Infinity],"datetime_complete":"2026-06-05T15:18:19.341634"}
{"op_code":4,"worker_id":"66769b4e-5d7b-4393-b5fc-f3113d5281d1-139720672919680","study_id":0,"datetime_start":"2026-06-05T15:18:19.352022"}
{"op_code":3,"worker_id":"66769b4e-5d7b-4393-b5fc-f3113d5281d1-139720672919680","study_id":0,"system_attr":{"nsga2:population:e3b0c44298fc1c149afbf4c8996fb92427ae41e4649b934ca495991b7852b855":[0,[55,54,53,52,51,50,49,48,47,46,45,44,43,42,41,40,39,38,37,36,35,34,33,32,31,30,29,28,27,26,25,24,23,22,21,20,19,18,17,16,15,14,13,12,11,10,9,8,7,6]]}}
{"op_code":9,"worker_id":"66769b4e-5d7b-4393-b5fc-f3113d5281d1-139720672919680","trial_id":63,"system_attr":{"nsga2:generation":1}}
{"op_code":5,"worker_id":"66769b4e-5d7b-4393-b5fc-f3113d5281d1-139720672919680","trial_id":63,"param_name":"JointSlopeAngle","param_value_internal":0.3601342112163429,"distribution":"{\"name\": \"FloatDistribution\", \"attributes\": {\"step\": null, \"low\": 0.17453292519943295, \"high\": 1.0471975511965976, \"log\": false}}"}
{"op_code":5,"worker_id":"66769b4e-5d7b-4393-b5fc-f3113d5281d1-139720672919680","trial_id":63,"param_name":"OuterRadius","param_value_internal":17.426465942674334,"distribution":"{\"name\": \"FloatDistribution\", \"attributes\": {\"step\": null, \"low\": 8.75, \"high\": 17.75, \"log\": false}}"}
{"op_code":5,"worker_id":"66769b4e-5d7b-4393-b5fc-f3113d5281d1-139720672919680","trial_id":63,"param_name":"JointHeight","param_value_internal":5.877712691215459,"distribution":"{\"name\": \"FloatDistribution\", \"attributes\": {\"step\": null, \"low\": 5.0, \"high\": 8.0, \"log\": false}}"}
{"op_code":5,"worker_id":"66769b4e-5d7b-4393-b5fc-f3113d5281d1-139720672919680","trial_id":63,"param_name":"CavityCorkThickness","param_value_internal":2.9147316869095277,"distribution":"{\"name\": \"FloatDistribution\", \"attributes\": {\"step\": null, \"low\": 2.0, \"high\": 5.0, \"log\": false}}"}
{"op_code":5,"worker_id":"66769b4e-5d7b-4393-b5fc-f3113d5281d1-139720672919680","trial_id":63,"param_name":"BellowHeight","param_value_internal":8.51666048985533,"distribution":"{\"name\": \"FloatDistribution\", \"attributes\": {\"step\": null, \"low\": 6.0, \"high\": 10.0, \"log\": false}}"}
{"op_code":5,"worker_id":"66769b4e-5d7b-4393-b5fc-f3113d5281d1-139720672919680","trial_id":63,"param_name":"WallThickness","param_value_internal":2.2794111482789474,"distribution":"{\"name\": \"FloatDistribution\", \"attributes\": {\"step\": null, \"low\": 2.0, \"high\": 4.0, \"log\": false}}"}
{"op_code":5,"worker_id":"66769b4e-5d7b-4393-b5fc-f3113d5281d1-139720672919680","trial_id":63,"param_name":"PlateauHeight","param_value_internal":3.1291200847416425,"distribution":"{\"name\": \"FloatDistribution\", \"attributes\": {\"step\": null, \"low\": 2.0, \"high\": 4.0, \"log\": false}}"}
{"op_code":6,"worker_id":"4f814d94-9597-475f-ac7e-7bcc55161dcb-139810141511808","trial_id":56,"state":1,"values":[-Infinity,-Infinity],"datetime_complete":"2026-06-05T15:18:19.463250"}
{"op_code":4,"worker_id":"4f814d94-9597-475f-ac7e-7bcc55161dcb-139810141511808","study_id":0,"datetime_start":"2026-06-05T15:18:19.473209"}
{"op_code":9,"worker_id":"4f814d94-9597-475f-ac7e-7bcc55161dcb-139810141511808","trial_id":64,"system_attr":{"nsga2:generation":1}}
{"op_code":5,"worker_id":"4f814d94-9597-475f-ac7e-7bcc55161dcb-139810141511808","trial_id":64,"param_name":"JointSlopeAngle","param_value_internal":0.6259417773818596,"distribution":"{\"name\": \"FloatDistribution\", \"attributes\": {\"step\": null, \"low\": 0.17453292519943295, \"high\": 1.0471975511965976, \"log\": false}}"}
{"op_code":5,"worker_id":"4f814d94-9597-475f-ac7e-7bcc55161dcb-139810141511808","trial_id":64,"param_name":"OuterRadius","param_value_internal":11.330400359032861,"distribution":"{\"name\": \"FloatDistribution\", \"attributes\": {\"step\": null, \"low\": 8.75, \"high\": 17.75, \"log\": false}}"}
{"op_code":5,"worker_id":"4f814d94-9597-475f-ac7e-7bcc55161dcb-139810141511808","trial_id":64,"param_name":"JointHeight","param_value_internal":7.190144631473244,"distribution":"{\"name\": \"FloatDistribution\", \"attributes\": {\"step\": null, \"low\": 5.0, \"high\": 8.0, \"log\": false}}"}
{"op_code":5,"worker_id":"4f814d94-9597-475f-ac7e-7bcc55161dcb-139810141511808","trial_id":64,"param_name":"CavityCorkThickness","param_value_internal":3.725912934526396,"distribution":"{\"name\": \"FloatDistribution\", \"attributes\": {\"step\": null, \"low\": 2.0, \"high\": 5.0, \"log\": false}}"}
{"op_code":5,"worker_id":"4f814d94-9597-475f-ac7e-7bcc55161dcb-139810141511808","trial_id":64,"param_name":"BellowHeight","param_value_internal":6.82298519188646,"distribution":"{\"name\": \"FloatDistribution\", \"attributes\": {\"step\": null, \"low\": 6.0, \"high\": 10.0, \"log\": false}}"}
{"op_code":5,"worker_id":"4f814d94-9597-475f-ac7e-7bcc55161dcb-139810141511808","trial_id":64,"param_name":"WallThickness","param_value_internal":3.7531931640741667,"distribution":"{\"name\": \"FloatDistribution\", \"attributes\": {\"step\": null, \"low\": 2.0, \"high\": 4.0, \"log\": false}}"}
{"op_code":5,"worker_id":"4f814d94-9597-475f-ac7e-7bcc55161dcb-139810141511808","trial_id":64,"param_name":"PlateauHeight","param_value_internal":2.592098907207836,"distribution":"{\"name\": \"FloatDistribution\", \"attributes\": {\"step\": null, \"low\": 2.0, \"high\": 4.0, \"log\": false}}"}
{"op_code":6,"worker_id":"c09b76ab-355c-44bb-be1c-2bf9ccce9c84-140209120854144","trial_id":57,"state":1,"values":[-Infinity,-Infinity],"datetime_complete":"2026-06-05T15:18:19.541385"}
{"op_code":4,"worker_id":"c09b76ab-355c-44bb-be1c-2bf9ccce9c84-140209120854144","study_id":0,"datetime_start":"2026-06-05T15:18:19.550936"}
{"op_code":9,"worker_id":"c09b76ab-355c-44bb-be1c-2bf9ccce9c84-140209120854144","trial_id":65,"system_attr":{"nsga2:generation":1}}
{"op_code":5,"worker_id":"c09b76ab-355c-44bb-be1c-2bf9ccce9c84-140209120854144","trial_id":65,"param_name":"JointSlopeAngle","param_value_internal":0.6224284352676145,"distribution":"{\"name\": \"FloatDistribution\", \"attributes\": {\"step\": null, \"low\": 0.17453292519943295, \"high\": 1.0471975511965976, \"log\": false}}"}
{"op_code":5,"worker_id":"c09b76ab-355c-44bb-be1c-2bf9ccce9c84-140209120854144","trial_id":65,"param_name":"OuterRadius","param_value_internal":12.917399202482246,"distribution":"{\"name\": \"FloatDistribution\", \"attributes\": {\"step\": null, \"low\": 8.75, \"high\": 17.75, \"log\": false}}"}
{"op_code":5,"worker_id":"c09b76ab-355c-44bb-be1c-2bf9ccce9c84-140209120854144","trial_id":65,"param_name":"JointHeight","param_value_internal":5.877712691215459,"distribution":"{\"name\": \"FloatDistribution\", \"attributes\": {\"step\": null, \"low\": 5.0, \"high\": 8.0, \"log\": false}}"}
{"op_code":5,"worker_id":"c09b76ab-355c-44bb-be1c-2bf9ccce9c84-140209120854144","trial_id":65,"param_name":"CavityCorkThickness","param_value_internal":4.313048478149554,"distribution":"{\"name\": \"FloatDistribution\", \"attributes\": {\"step\": null, \"low\": 2.0, \"high\": 5.0, \"log\": false}}"}
{"op_code":5,"worker_id":"c09b76ab-355c-44bb-be1c-2bf9ccce9c84-140209120854144","trial_id":65,"param_name":"BellowHeight","param_value_internal":8.990241630625,"distribution":"{\"name\": \"FloatDistribution\", \"attributes\": {\"step\": null, \"low\": 6.0, \"high\": 10.0, \"log\": false}}"}
{"op_code":5,"worker_id":"c09b76ab-355c-44bb-be1c-2bf9ccce9c84-140209120854144","trial_id":65,"param_name":"WallThickness","param_value_internal":2.2794111482789474,"distribution":"{\"name\": \"FloatDistribution\", \"attributes\": {\"step\": null, \"low\": 2.0, \"high\": 4.0, \"log\": false}}"}
{"op_code":5,"worker_id":"c09b76ab-355c-44bb-be1c-2bf9ccce9c84-140209120854144","trial_id":65,"param_name":"PlateauHeight","param_value_internal":2.8274819140533163,"distribution":"{\"name\": \"FloatDistribution\", \"attributes\": {\"step\": null, \"low\": 2.0, \"high\": 4.0, \"log\": false}}"}
{"op_code":6,"worker_id":"753cc0fb-fdc7-4fd6-9de4-c28ae8c184f6-140150067351680","trial_id":58,"state":1,"values":[-Infinity,-Infinity],"datetime_complete":"2026-06-05T15:18:19.712997"}
{"op_code":4,"worker_id":"753cc0fb-fdc7-4fd6-9de4-c28ae8c184f6-140150067351680","study_id":0,"datetime_start":"2026-06-05T15:18:19.723679"}
{"op_code":9,"worker_id":"753cc0fb-fdc7-4fd6-9de4-c28ae8c184f6-140150067351680","trial_id":66,"system_attr":{"nsga2:generation":1}}
{"op_code":5,"worker_id":"753cc0fb-fdc7-4fd6-9de4-c28ae8c184f6-140150067351680","trial_id":66,"param_name":"JointSlopeAngle","param_value_internal":0.6164574902284206,"distribution":"{\"name\": \"FloatDistribution\", \"attributes\": {\"step\": null, \"low\": 0.17453292519943295, \"high\": 1.0471975511965976, \"log\": false}}"}
{"op_code":5,"worker_id":"753cc0fb-fdc7-4fd6-9de4-c28ae8c184f6-140150067351680","trial_id":66,"param_name":"OuterRadius","param_value_internal":12.388977040660102,"distribution":"{\"name\": \"FloatDistribution\", \"attributes\": {\"step\": null, \"low\": 8.75, \"high\": 17.75, \"log\": false}}"}
{"op_code":5,"worker_id":"753cc0fb-fdc7-4fd6-9de4-c28ae8c184f6-140150067351680","trial_id":66,"param_name":"JointHeight","param_value_internal":6.099710880295962,"distribution":"{\"name\": \"FloatDistribution\", \"attributes\": {\"step\": null, \"low\": 5.0, \"high\": 8.0, \"log\": false}}"}
{"op_code":5,"worker_id":"753cc0fb-fdc7-4fd6-9de4-c28ae8c184f6-140150067351680","trial_id":66,"param_name":"CavityCorkThickness","param_value_internal":2.51091897533555,"distribution":"{\"name\": \"FloatDistribution\", \"attributes\": {\"step\": null, \"low\": 2.0, \"high\": 5.0, \"log\": false}}"}
{"op_code":5,"worker_id":"753cc0fb-fdc7-4fd6-9de4-c28ae8c184f6-140150067351680","trial_id":66,"param_name":"BellowHeight","param_value_internal":6.513358820495764,"distribution":"{\"name\": \"FloatDistribution\", \"attributes\": {\"step\": null, \"low\": 6.0, \"high\": 10.0, \"log\": false}}"}
{"op_code":5,"worker_id":"753cc0fb-fdc7-4fd6-9de4-c28ae8c184f6-140150067351680","trial_id":66,"param_name":"WallThickness","param_value_internal":2.3713845475615285,"distribution":"{\"name\": \"FloatDistribution\", \"attributes\": {\"step\": null, \"low\": 2.0, \"high\": 4.0, \"log\": false}}"}
{"op_code":5,"worker_id":"753cc0fb-fdc7-4fd6-9de4-c28ae8c184f6-140150067351680","trial_id":66,"param_name":"PlateauHeight","param_value_internal":2.3476712617050355,"distribution":"{\"name\": \"FloatDistribution\", \"attributes\": {\"step\": null, \"low\": 2.0, \"high\": 4.0, \"log\": false}}"}
{"op_code":6,"worker_id":"4cddb9a8-be4e-413f-9746-6f7bb35c282b-139654453981312","trial_id":59,"state":1,"values":[-Infinity,-Infinity],"datetime_complete":"2026-06-05T15:18:19.983490"}
{"op_code":4,"worker_id":"4cddb9a8-be4e-413f-9746-6f7bb35c282b-139654453981312","study_id":0,"datetime_start":"2026-06-05T15:18:19.994989"}
{"op_code":9,"worker_id":"4cddb9a8-be4e-413f-9746-6f7bb35c282b-139654453981312","trial_id":67,"system_attr":{"nsga2:generation":1}}
{"op_code":5,"worker_id":"4cddb9a8-be4e-413f-9746-6f7bb35c282b-139654453981312","trial_id":67,"param_name":"JointSlopeAngle","param_value_internal":0.6972851715081517,"distribution":"{\"name\": \"FloatDistribution\", \"attributes\": {\"step\": null, \"low\": 0.17453292519943295, \"high\": 1.0471975511965976, \"log\": false}}"}
{"op_code":5,"worker_id":"4cddb9a8-be4e-413f-9746-6f7bb35c282b-139654453981312","trial_id":67,"param_name":"OuterRadius","param_value_internal":15.389157382278992,"distribution":"{\"name\": \"FloatDistribution\", \"attributes\": {\"step\": null, \"low\": 8.75, \"high\": 17.75, \"log\": false}}"}
{"op_code":5,"worker_id":"4cddb9a8-be4e-413f-9746-6f7bb35c282b-139654453981312","trial_id":67,"param_name":"JointHeight","param_value_internal":6.600539611933252,"distribution":"{\"name\": \"FloatDistribution\", \"attributes\": {\"step\": null, \"low\": 5.0, \"high\": 8.0, \"log\": false}}"}
{"op_code":5,"worker_id":"4cddb9a8-be4e-413f-9746-6f7bb35c282b-139654453981312","trial_id":67,"param_name":"CavityCorkThickness","param_value_internal":4.812192081883992,"distribution":"{\"name\": \"FloatDistribution\", \"attributes\": {\"step\": null, \"low\": 2.0, \"high\": 5.0, \"log\": false}}"}
{"op_code":5,"worker_id":"4cddb9a8-be4e-413f-9746-6f7bb35c282b-139654453981312","trial_id":67,"param_name":"BellowHeight","param_value_internal":8.097551814578237,"distribution":"{\"name\": \"FloatDistribution\", \"attributes\": {\"step\": null, \"low\": 6.0, \"high\": 10.0, \"log\": false}}"}
{"op_code":5,"worker_id":"4cddb9a8-be4e-413f-9746-6f7bb35c282b-139654453981312","trial_id":67,"param_name":"WallThickness","param_value_internal":3.457824624860467,"distribution":"{\"name\": \"FloatDistribution\", \"attributes\": {\"step\": null, \"low\": 2.0, \"high\": 4.0, \"log\": false}}"}
{"op_code":5,"worker_id":"4cddb9a8-be4e-413f-9746-6f7bb35c282b-139654453981312","trial_id":67,"param_name":"PlateauHeight","param_value_internal":2.1389344405886446,"distribution":"{\"name\": \"FloatDistribution\", \"attributes\": {\"step\": null, \"low\": 2.0, \"high\": 4.0, \"log\": false}}"}
{"op_code":6,"worker_id":"7d5d7e68-4e13-479b-8411-3192a485add4-140238302695552","trial_id":60,"state":1,"values":[-Infinity,-Infinity],"datetime_complete":"2026-06-05T15:18:20.175338"}
{"op_code":4,"worker_id":"7d5d7e68-4e13-479b-8411-3192a485add4-140238302695552","study_id":0,"datetime_start":"2026-06-05T15:18:20.186166"}
{"op_code":9,"worker_id":"7d5d7e68-4e13-479b-8411-3192a485add4-140238302695552","trial_id":68,"system_attr":{"nsga2:generation":1}}
{"op_code":5,"worker_id":"7d5d7e68-4e13-479b-8411-3192a485add4-140238302695552","trial_id":68,"param_name":"JointSlopeAngle","param_value_internal":0.2740791576536674,"distribution":"{\"name\": \"FloatDistribution\", \"attributes\": {\"step\": null, \"low\": 0.17453292519943295, \"high\": 1.0471975511965976, \"log\": false}}"}
{"op_code":5,"worker_id":"7d5d7e68-4e13-479b-8411-3192a485add4-140238302695552","trial_id":68,"param_name":"OuterRadius","param_value_internal":9.024078249977675,"distribution":"{\"name\": \"FloatDistribution\", \"attributes\": {\"step\": null, \"low\": 8.75, \"high\": 17.75, \"log\": false}}"}
{"op_code":5,"worker_id":"7d5d7e68-4e13-479b-8411-3192a485add4-140238302695552","trial_id":68,"param_name":"JointHeight","param_value_internal":5.337759850590144,"distribution":"{\"name\": \"FloatDistribution\", \"attributes\": {\"step\": null, \"low\": 5.0, \"high\": 8.0, \"log\": false}}"}
{"op_code":5,"worker_id":"7d5d7e68-4e13-479b-8411-3192a485add4-140238302695552","trial_id":68,"param_name":"CavityCorkThickness","param_value_internal":2.9147316869095277,"distribution":"{\"name\": \"FloatDistribution\", \"attributes\": {\"step\": null, \"low\": 2.0, \"high\": 5.0, \"log\": false}}"}
{"op_code":5,"worker_id":"7d5d7e68-4e13-479b-8411-3192a485add4-140238302695552","trial_id":68,"param_name":"BellowHeight","param_value_internal":7.195485138670007,"distribution":"{\"name\": \"FloatDistribution\", \"attributes\": {\"step\": null, \"low\": 6.0, \"high\": 10.0, \"log\": false}}"}
{"op_code":5,"worker_id":"7d5d7e68-4e13-479b-8411-3192a485add4-140238302695552","trial_id":68,"param_name":"WallThickness","param_value_internal":3.9966423220072897,"distribution":"{\"name\": \"FloatDistribution\", \"attributes\": {\"step\": null, \"low\": 2.0, \"high\": 4.0, \"log\": false}}"}
{"op_code":5,"worker_id":"7d5d7e68-4e13-479b-8411-3192a485add4-140238302695552","trial_id":68,"param_name":"PlateauHeight","param_value_internal":3.1159329972115186,"distribution":"{\"name\": \"FloatDistribution\", \"attributes\": {\"step\": null, \"low\": 2.0, \"high\": 4.0, \"log\": false}}"}
{"op_code":6,"worker_id":"47add64b-62cc-4453-9ad8-40ee34965529-140069582332032","trial_id":61,"state":1,"values":[-Infinity,-Infinity],"datetime_complete":"2026-06-05T15:18:20.272505"}
{"op_code":4,"worker_id":"47add64b-62cc-4453-9ad8-40ee34965529-140069582332032","study_id":0,"datetime_start":"2026-06-05T15:18:20.283186"}
{"op_code":9,"worker_id":"47add64b-62cc-4453-9ad8-40ee34965529-140069582332032","trial_id":69,"system_attr":{"nsga2:generation":1}}
{"op_code":5,"worker_id":"47add64b-62cc-4453-9ad8-40ee34965529-140069582332032","trial_id":69,"param_name":"JointSlopeAngle","param_value_internal":0.931307889677382,"distribution":"{\"name\": \"FloatDistribution\", \"attributes\": {\"step\": null, \"low\": 0.17453292519943295, \"high\": 1.0471975511965976, \"log\": false}}"}
{"op_code":5,"worker_id":"47add64b-62cc-4453-9ad8-40ee34965529-140069582332032","trial_id":69,"param_name":"OuterRadius","param_value_internal":10.863213634029808,"distribution":"{\"name\": \"FloatDistribution\", \"attributes\": {\"step\": null, \"low\": 8.75, \"high\": 17.75, \"log\": false}}"}
{"op_code":5,"worker_id":"47add64b-62cc-4453-9ad8-40ee34965529-140069582332032","trial_id":69,"param_name":"JointHeight","param_value_internal":5.66064153335226,"distribution":"{\"name\": \"FloatDistribution\", \"attributes\": {\"step\": null, \"low\": 5.0, \"high\": 8.0, \"log\": false}}"}
{"op_code":5,"worker_id":"47add64b-62cc-4453-9ad8-40ee34965529-140069582332032","trial_id":69,"param_name":"CavityCorkThickness","param_value_internal":3.7150001657354625,"distribution":"{\"name\": \"FloatDistribution\", \"attributes\": {\"step\": null, \"low\": 2.0, \"high\": 5.0, \"log\": false}}"}
{"op_code":5,"worker_id":"47add64b-62cc-4453-9ad8-40ee34965529-140069582332032","trial_id":69,"param_name":"BellowHeight","param_value_internal":6.229977598696304,"distribution":"{\"name\": \"FloatDistribution\", \"attributes\": {\"step\": null, \"low\": 6.0, \"high\": 10.0, \"log\": false}}"}
{"op_code":5,"worker_id":"47add64b-62cc-4453-9ad8-40ee34965529-140069582332032","trial_id":69,"param_name":"WallThickness","param_value_internal":2.198104347592551,"distribution":"{\"name\": \"FloatDistribution\", \"attributes\": {\"step\": null, \"low\": 2.0, \"high\": 4.0, \"log\": false}}"}
{"op_code":5,"worker_id":"47add64b-62cc-4453-9ad8-40ee34965529-140069582332032","trial_id":69,"param_name":"PlateauHeight","param_value_internal":2.8159317327155398,"distribution":"{\"name\": \"FloatDistribution\", \"attributes\": {\"step\": null, \"low\": 2.0, \"high\": 4.0, \"log\": false}}"}
{"op_code":6,"worker_id":"4df85164-b3fd-4745-b721-100fe9593c48-140563481460864","trial_id":62,"state":1,"values":[-Infinity,-Infinity],"datetime_complete":"2026-06-05T15:18:20.345467"}
{"op_code":4,"worker_id":"4df85164-b3fd-4745-b721-100fe9593c48-140563481460864","study_id":0,"datetime_start":"2026-06-05T15:18:20.355239"}
{"op_code":9,"worker_id":"4df85164-b3fd-4745-b721-100fe9593c48-140563481460864","trial_id":70,"system_attr":{"nsga2:generation":1}}
{"op_code":5,"worker_id":"4df85164-b3fd-4745-b721-100fe9593c48-140563481460864","trial_id":70,"param_name":"JointSlopeAngle","param_value_internal":0.1969999477791628,"distribution":"{\"name\": \"FloatDistribution\", \"attributes\": {\"step\": null, \"low\": 0.17453292519943295, \"high\": 1.0471975511965976, \"log\": false}}"}
{"op_code":5,"worker_id":"4df85164-b3fd-4745-b721-100fe9593c48-140563481460864","trial_id":70,"param_name":"OuterRadius","param_value_internal":17.352150465811185,"distribution":"{\"name\": \"FloatDistribution\", \"attributes\": {\"step\": null, \"low\": 8.75, \"high\": 17.75, \"log\": false}}"}
{"op_code":5,"worker_id":"4df85164-b3fd-4745-b721-100fe9593c48-140563481460864","trial_id":70,"param_name":"JointHeight","param_value_internal":5.586554783949411,"distribution":"{\"name\": \"FloatDistribution\", \"attributes\": {\"step\": null, \"low\": 5.0, \"high\": 8.0, \"log\": false}}"}
{"op_code":5,"worker_id":"4df85164-b3fd-4745-b721-100fe9593c48-140563481460864","trial_id":70,"param_name":"CavityCorkThickness","param_value_internal":4.759780445479988,"distribution":"{\"name\": \"FloatDistribution\", \"attributes\": {\"step\": null, \"low\": 2.0, \"high\": 5.0, \"log\": false}}"}
{"op_code":5,"worker_id":"4df85164-b3fd-4745-b721-100fe9593c48-140563481460864","trial_id":70,"param_name":"BellowHeight","param_value_internal":8.676245090812003,"distribution":"{\"name\": \"FloatDistribution\", \"attributes\": {\"step\": null, \"low\": 6.0, \"high\": 10.0, \"log\": false}}"}
{"op_code":5,"worker_id":"4df85164-b3fd-4745-b721-100fe9593c48-140563481460864","trial_id":70,"param_name":"WallThickness","param_value_internal":2.2355409264537256,"distribution":"{\"name\": \"FloatDistribution\", \"attributes\": {\"step\": null, \"low\": 2.0, \"high\": 4.0, \"log\": false}}"}
{"op_code":5,"worker_id":"4df85164-b3fd-4745-b721-100fe9593c48-140563481460864","trial_id":70,"param_name":"PlateauHeight","param_value_internal":2.3536826858987023,"distribution":"{\"name\": \"FloatDistribution\", \"attributes\": {\"step\": null, \"low\": 2.0, \"high\": 4.0, \"log\": false}}"}
{"op_code":6,"worker_id":"66769b4e-5d7b-4393-b5fc-f3113d5281d1-139720672919680","trial_id":63,"state":1,"values":[-Infinity,-Infinity],"datetime_complete":"2026-06-05T15:18:20.457226"}
{"op_code":4,"worker_id":"66769b4e-5d7b-4393-b5fc-f3113d5281d1-139720672919680","study_id":0,"datetime_start":"2026-06-05T15:18:20.466922"}
{"op_code":9,"worker_id":"66769b4e-5d7b-4393-b5fc-f3113d5281d1-139720672919680","trial_id":71,"system_attr":{"nsga2:generation":1}}
{"op_code":5,"worker_id":"66769b4e-5d7b-4393-b5fc-f3113d5281d1-139720672919680","trial_id":71,"param_name":"JointSlopeAngle","param_value_internal":0.794078755790399,"distribution":"{\"name\": \"FloatDistribution\", \"attributes\": {\"step\": null, \"low\": 0.17453292519943295, \"high\": 1.0471975511965976, \"log\": false}}"}
{"op_code":5,"worker_id":"66769b4e-5d7b-4393-b5fc-f3113d5281d1-139720672919680","trial_id":71,"param_name":"OuterRadius","param_value_internal":12.901392612741805,"distribution":"{\"name\": \"FloatDistribution\", \"attributes\": {\"step\": null, \"low\": 8.75, \"high\": 17.75, \"log\": false}}"}
{"op_code":5,"worker_id":"66769b4e-5d7b-4393-b5fc-f3113d5281d1-139720672919680","trial_id":71,"param_name":"JointHeight","param_value_internal":6.979042502392028,"distribution":"{\"name\": \"FloatDistribution\", \"attributes\": {\"step\": null, \"low\": 5.0, \"high\": 8.0, \"log\": false}}"}
{"op_code":5,"worker_id":"66769b4e-5d7b-4393-b5fc-f3113d5281d1-139720672919680","trial_id":71,"param_name":"CavityCorkThickness","param_value_internal":2.116881705819718,"distribution":"{\"name\": \"FloatDistribution\", \"attributes\": {\"step\": null, \"low\": 2.0, \"high\": 5.0, \"log\": false}}"}
{"op_code":5,"worker_id":"66769b4e-5d7b-4393-b5fc-f3113d5281d1-139720672919680","trial_id":71,"param_name":"BellowHeight","param_value_internal":8.809449277503425,"distribution":"{\"name\": \"FloatDistribution\", \"attributes\": {\"step\": null, \"low\": 6.0, \"high\": 10.0, \"log\": false}}"}
{"op_code":5,"worker_id":"66769b4e-5d7b-4393-b5fc-f3113d5281d1-139720672919680","trial_id":71,"param_name":"WallThickness","param_value_internal":2.027548797062604,"distribution":"{\"name\": \"FloatDistribution\", \"attributes\": {\"step\": null, \"low\": 2.0, \"high\": 4.0, \"log\": false}}"}
{"op_code":5,"worker_id":"66769b4e-5d7b-4393-b5fc-f3113d5281d1-139720672919680","trial_id":71,"param_name":"PlateauHeight","param_value_internal":2.733930865397739,"distribution":"{\"name\": \"FloatDistribution\", \"attributes\": {\"step\": null, \"low\": 2.0, \"high\": 4.0, \"log\": false}}"}
{"op_code":6,"worker_id":"4f814d94-9597-475f-ac7e-7bcc55161dcb-139810141511808","trial_id":64,"state":1,"values":[-Infinity,-Infinity],"datetime_complete":"2026-06-05T15:18:20.602633"}
{"op_code":4,"worker_id":"4f814d94-9597-475f-ac7e-7bcc55161dcb-139810141511808","study_id":0,"datetime_start":"2026-06-05T15:18:20.612907"}
{"op_code":9,"worker_id":"4f814d94-9597-475f-ac7e-7bcc55161dcb-139810141511808","trial_id":72,"system_attr":{"nsga2:generation":1}}
{"op_code":5,"worker_id":"4f814d94-9597-475f-ac7e-7bcc55161dcb-139810141511808","trial_id":72,"param_name":"JointSlopeAngle","param_value_internal":0.9512702843924611,"distribution":"{\"name\": \"FloatDistribution\", \"attributes\": {\"step\": null, \"low\": 0.17453292519943295, \"high\": 1.0471975511965976, \"log\": false}}"}
{"op_code":5,"worker_id":"4f814d94-9597-475f-ac7e-7bcc55161dcb-139810141511808","trial_id":72,"param_name":"OuterRadius","param_value_internal":10.292298280521853,"distribution":"{\"name\": \"FloatDistribution\", \"attributes\": {\"step\": null, \"low\": 8.75, \"high\": 17.75, \"log\": false}}"}
{"op_code":5,"worker_id":"4f814d94-9597-475f-ac7e-7bcc55161dcb-139810141511808","trial_id":72,"param_name":"JointHeight","param_value_internal":5.653715655232114,"distribution":"{\"name\": \"FloatDistribution\", \"attributes\": {\"step\": null, \"low\": 5.0, \"high\": 8.0, \"log\": false}}"}
{"op_code":5,"worker_id":"4f814d94-9597-475f-ac7e-7bcc55161dcb-139810141511808","trial_id":72,"param_name":"CavityCorkThickness","param_value_internal":2.51788731861377,"distribution":"{\"name\": \"FloatDistribution\", \"attributes\": {\"step\": null, \"low\": 2.0, \"high\": 5.0, \"log\": false}}"}
{"op_code":5,"worker_id":"4f814d94-9597-475f-ac7e-7bcc55161dcb-139810141511808","trial_id":72,"param_name":"BellowHeight","param_value_internal":8.576924824998207,"distribution":"{\"name\": \"FloatDistribution\", \"attributes\": {\"step\": null, \"low\": 6.0, \"high\": 10.0, \"log\": false}}"}
{"op_code":5,"worker_id":"4f814d94-9597-475f-ac7e-7bcc55161dcb-139810141511808","trial_id":72,"param_name":"WallThickness","param_value_internal":3.5500012138985184,"distribution":"{\"name\": \"FloatDistribution\", \"attributes\": {\"step\": null, \"low\": 2.0, \"high\": 4.0, \"log\": false}}"}
{"op_code":5,"worker_id":"4f814d94-9597-475f-ac7e-7bcc55161dcb-139810141511808","trial_id":72,"param_name":"PlateauHeight","param_value_internal":3.1405349322697975,"distribution":"{\"name\": \"FloatDistribution\", \"attributes\": {\"step\": null, \"low\": 2.0, \"high\": 4.0, \"log\": false}}"}
{"op_code":6,"worker_id":"c09b76ab-355c-44bb-be1c-2bf9ccce9c84-140209120854144","trial_id":65,"state":1,"values":[-Infinity,-Infinity],"datetime_complete":"2026-06-05T15:18:20.707717"}
{"op_code":4,"worker_id":"c09b76ab-355c-44bb-be1c-2bf9ccce9c84-140209120854144","study_id":0,"datetime_start":"2026-06-05T15:18:20.717930"}
{"op_code":9,"worker_id":"c09b76ab-355c-44bb-be1c-2bf9ccce9c84-140209120854144","trial_id":73,"system_attr":{"nsga2:generation":1}}
{"op_code":5,"worker_id":"c09b76ab-355c-44bb-be1c-2bf9ccce9c84-140209120854144","trial_id":73,"param_name":"JointSlopeAngle","param_value_internal":0.41108555901006516,"distribution":"{\"name\": \"FloatDistribution\", \"attributes\": {\"step\": null, \"low\": 0.17453292519943295, \"high\": 1.0471975511965976, \"log\": false}}"}
{"op_code":5,"worker_id":"c09b76ab-355c-44bb-be1c-2bf9ccce9c84-140209120854144","trial_id":73,"param_name":"OuterRadius","param_value_internal":11.72171429278765,"distribution":"{\"name\": \"FloatDistribution\", \"attributes\": {\"step\": null, \"low\": 8.75, \"high\": 17.75, \"log\": false}}"}
{"op_code":5,"worker_id":"c09b76ab-355c-44bb-be1c-2bf9ccce9c84-140209120854144","trial_id":73,"param_name":"JointHeight","param_value_internal":7.965904445010947,"distribution":"{\"name\": \"FloatDistribution\", \"attributes\": {\"step\": null, \"low\": 5.0, \"high\": 8.0, \"log\": false}}"}
{"op_code":5,"worker_id":"c09b76ab-355c-44bb-be1c-2bf9ccce9c84-140209120854144","trial_id":73,"param_name":"CavityCorkThickness","param_value_internal":4.419928844767336,"distribution":"{\"name\": \"FloatDistribution\", \"attributes\": {\"step\": null, \"low\": 2.0, \"high\": 5.0, \"log\": false}}"}
{"op_code":5,"worker_id":"c09b76ab-355c-44bb-be1c-2bf9ccce9c84-140209120854144","trial_id":73,"param_name":"BellowHeight","param_value_internal":9.595884940297475,"distribution":"{\"name\": \"FloatDistribution\", \"attributes\": {\"step\": null, \"low\": 6.0, \"high\": 10.0, \"log\": false}}"}
{"op_code":5,"worker_id":"c09b76ab-355c-44bb-be1c-2bf9ccce9c84-140209120854144","trial_id":73,"param_name":"WallThickness","param_value_internal":3.815030749733727,"distribution":"{\"name\": \"FloatDistribution\", \"attributes\": {\"step\": null, \"low\": 2.0, \"high\": 4.0, \"log\": false}}"}
{"op_code":5,"worker_id":"c09b76ab-355c-44bb-be1c-2bf9ccce9c84-140209120854144","trial_id":73,"param_name":"PlateauHeight","param_value_internal":3.9946063376290972,"distribution":"{\"name\": \"FloatDistribution\", \"attributes\": {\"step\": null, \"low\": 2.0, \"high\": 4.0, \"log\": false}}"}
{"op_code":6,"worker_id":"753cc0fb-fdc7-4fd6-9de4-c28ae8c184f6-140150067351680","trial_id":66,"state":1,"values":[-Infinity,-Infinity],"datetime_complete":"2026-06-05T15:18:20.839520"}
{"op_code":4,"worker_id":"753cc0fb-fdc7-4fd6-9de4-c28ae8c184f6-140150067351680","study_id":0,"datetime_start":"2026-06-05T15:18:20.849873"}
{"op_code":9,"worker_id":"753cc0fb-fdc7-4fd6-9de4-c28ae8c184f6-140150067351680","trial_id":74,"system_attr":{"nsga2:generation":1}}
{"op_code":5,"worker_id":"753cc0fb-fdc7-4fd6-9de4-c28ae8c184f6-140150067351680","trial_id":74,"param_name":"JointSlopeAngle","param_value_internal":0.4562725310696143,"distribution":"{\"name\": \"FloatDistribution\", \"attributes\": {\"step\": null, \"low\": 0.17453292519943295, \"high\": 1.0471975511965976, \"log\": false}}"}
{"op_code":5,"worker_id":"753cc0fb-fdc7-4fd6-9de4-c28ae8c184f6-140150067351680","trial_id":74,"param_name":"OuterRadius","param_value_internal":13.212753227038705,"distribution":"{\"name\": \"FloatDistribution\", \"attributes\": {\"step\": null, \"low\": 8.75, \"high\": 17.75, \"log\": false}}"}
{"op_code":5,"worker_id":"753cc0fb-fdc7-4fd6-9de4-c28ae8c184f6-140150067351680","trial_id":74,"param_name":"JointHeight","param_value_internal":5.540535167631252,"distribution":"{\"name\": \"FloatDistribution\", \"attributes\": {\"step\": null, \"low\": 5.0, \"high\": 8.0, \"log\": false}}"}
{"op_code":5,"worker_id":"753cc0fb-fdc7-4fd6-9de4-c28ae8c184f6-140150067351680","trial_id":74,"param_name":"CavityCorkThickness","param_value_internal":3.9868080910818744,"distribution":"{\"name\": \"FloatDistribution\", \"attributes\": {\"step\": null, \"low\": 2.0, \"high\": 5.0, \"log\": false}}"}
{"op_code":5,"worker_id":"753cc0fb-fdc7-4fd6-9de4-c28ae8c184f6-140150067351680","trial_id":74,"param_name":"BellowHeight","param_value_internal":9.291993711772317,"distribution":"{\"name\": \"FloatDistribution\", \"attributes\": {\"step\": null, \"low\": 6.0, \"high\": 10.0, \"log\": false}}"}
{"op_code":5,"worker_id":"753cc0fb-fdc7-4fd6-9de4-c28ae8c184f6-140150067351680","trial_id":74,"param_name":"WallThickness","param_value_internal":3.608912947496888,"distribution":"{\"name\": \"FloatDistribution\", \"attributes\": {\"step\": null, \"low\": 2.0, \"high\": 4.0, \"log\": false}}"}
{"op_code":5,"worker_id":"753cc0fb-fdc7-4fd6-9de4-c28ae8c184f6-140150067351680","trial_id":74,"param_name":"PlateauHeight","param_value_internal":3.9234643128138,"distribution":"{\"name\": \"FloatDistribution\", \"attributes\": {\"step\": null, \"low\": 2.0, \"high\": 4.0, \"log\": false}}"}
{"op_code":6,"worker_id":"4cddb9a8-be4e-413f-9746-6f7bb35c282b-139654453981312","trial_id":67,"state":1,"values":[-Infinity,-Infinity],"datetime_complete":"2026-06-05T15:18:21.103558"}
{"op_code":4,"worker_id":"4cddb9a8-be4e-413f-9746-6f7bb35c282b-139654453981312","study_id":0,"datetime_start":"2026-06-05T15:18:21.113590"}
{"op_code":9,"worker_id":"4cddb9a8-be4e-413f-9746-6f7bb35c282b-139654453981312","trial_id":75,"system_attr":{"nsga2:generation":1}}
{"op_code":5,"worker_id":"4cddb9a8-be4e-413f-9746-6f7bb35c282b-139654453981312","trial_id":75,"param_name":"JointSlopeAngle","param_value_internal":0.591352039207204,"distribution":"{\"name\": \"FloatDistribution\", \"attributes\": {\"step\": null, \"low\": 0.17453292519943295, \"high\": 1.0471975511965976, \"log\": false}}"}
{"op_code":5,"worker_id":"4cddb9a8-be4e-413f-9746-6f7bb35c282b-139654453981312","trial_id":75,"param_name":"OuterRadius","param_value_internal":9.90756778203303,"distribution":"{\"name\": \"FloatDistribution\", \"attributes\": {\"step\": null, \"low\": 8.75, \"high\": 17.75, \"log\": false}}"}
{"op_code":5,"worker_id":"4cddb9a8-be4e-413f-9746-6f7bb35c282b-139654453981312","trial_id":75,"param_name":"JointHeight","param_value_internal":7.780855599856408,"distribution":"{\"name\": \"FloatDistribution\", \"attributes\": {\"step\": null, \"low\": 5.0, \"high\": 8.0, \"log\": false}}"}
{"op_code":5,"worker_id":"4cddb9a8-be4e-413f-9746-6f7bb35c282b-139654453981312","trial_id":75,"param_name":"CavityCorkThickness","param_value_internal":2.2641467273021294,"distribution":"{\"name\": \"FloatDistribution\", \"attributes\": {\"step\": null, \"low\": 2.0, \"high\": 5.0, \"log\": false}}"}
{"op_code":5,"worker_id":"4cddb9a8-be4e-413f-9746-6f7bb35c282b-139654453981312","trial_id":75,"param_name":"BellowHeight","param_value_internal":8.626678319217513,"distribution":"{\"name\": \"FloatDistribution\", \"attributes\": {\"step\": null, \"low\": 6.0, \"high\": 10.0, \"log\": false}}"}
{"op_code":5,"worker_id":"4cddb9a8-be4e-413f-9746-6f7bb35c282b-139654453981312","trial_id":75,"param_name":"WallThickness","param_value_internal":3.03371921163253,"distribution":"{\"name\": \"FloatDistribution\", \"attributes\": {\"step\": null, \"low\": 2.0, \"high\": 4.0, \"log\": false}}"}
{"op_code":5,"worker_id":"4cddb9a8-be4e-413f-9746-6f7bb35c282b-139654453981312","trial_id":75,"param_name":"PlateauHeight","param_value_internal":3.7482559450110466,"distribution":"{\"name\": \"FloatDistribution\", \"attributes\": {\"step\": null, \"low\": 2.0, \"high\": 4.0, \"log\": false}}"}
{"op_code":6,"worker_id":"7d5d7e68-4e13-479b-8411-3192a485add4-140238302695552","trial_id":68,"state":1,"values":[-Infinity,-Infinity],"datetime_complete":"2026-06-05T15:18:21.333304"}
{"op_code":4,"worker_id":"7d5d7e68-4e13-479b-8411-3192a485add4-140238302695552","study_id":0,"datetime_start":"2026-06-05T15:18:21.345650"}
{"op_code":9,"worker_id":"7d5d7e68-4e13-479b-8411-3192a485add4-140238302695552","trial_id":76,"system_attr":{"nsga2:generation":1}}
{"op_code":5,"worker_id":"7d5d7e68-4e13-479b-8411-3192a485add4-140238302695552","trial_id":76,"param_name":"JointSlopeAngle","param_value_internal":0.7659889218551486,"distribution":"{\"name\": \"FloatDistribution\", \"attributes\": {\"step\": null, \"low\": 0.17453292519943295, \"high\": 1.0471975511965976, \"log\": false}}"}
{"op_code":5,"worker_id":"7d5d7e68-4e13-479b-8411-3192a485add4-140238302695552","trial_id":76,"param_name":"OuterRadius","param_value_internal":12.239016185709485,"distribution":"{\"name\": \"FloatDistribution\", \"attributes\": {\"step\": null, \"low\": 8.75, \"high\": 17.75, \"log\": false}}"}
{"op_code":5,"worker_id":"7d5d7e68-4e13-479b-8411-3192a485add4-140238302695552","trial_id":76,"param_name":"JointHeight","param_value_internal":7.965904445010947,"distribution":"{\"name\": \"FloatDistribution\", \"attributes\": {\"step\": null, \"low\": 5.0, \"high\": 8.0, \"log\": false}}"}
{"op_code":5,"worker_id":"7d5d7e68-4e13-479b-8411-3192a485add4-140238302695552","trial_id":76,"param_name":"CavityCorkThickness","param_value_internal":4.413681599674563,"distribution":"{\"name\": \"FloatDistribution\", \"attributes\": {\"step\": null, \"low\": 2.0, \"high\": 5.0, \"log\": false}}"}
{"op_code":5,"worker_id":"7d5d7e68-4e13-479b-8411-3192a485add4-140238302695552","trial_id":76,"param_name":"BellowHeight","param_value_internal":6.3680306406509715,"distribution":"{\"name\": \"FloatDistribution\", \"attributes\": {\"step\": null, \"low\": 6.0, \"high\": 10.0, \"log\": false}}"}
{"op_code":5,"worker_id":"7d5d7e68-4e13-479b-8411-3192a485add4-140238302695552","trial_id":76,"param_name":"WallThickness","param_value_internal":3.815030749733727,"distribution":"{\"name\": \"FloatDistribution\", \"attributes\": {\"step\": null, \"low\": 2.0, \"high\": 4.0, \"log\": false}}"}
{"op_code":5,"worker_id":"7d5d7e68-4e13-479b-8411-3192a485add4-140238302695552","trial_id":76,"param_name":"PlateauHeight","param_value_internal":2.0933891014284853,"distribution":"{\"name\": \"FloatDistribution\", \"attributes\": {\"step\": null, \"low\": 2.0, \"high\": 4.0, \"log\": false}}"}
{"op_code":6,"worker_id":"47add64b-62cc-4453-9ad8-40ee34965529-140069582332032","trial_id":69,"state":1,"values":[-Infinity,-Infinity],"datetime_complete":"2026-06-05T15:18:21.416632"}
{"op_code":4,"worker_id":"47add64b-62cc-4453-9ad8-40ee34965529-140069582332032","study_id":0,"datetime_start":"2026-06-05T15:18:21.427020"}
{"op_code":9,"worker_id":"47add64b-62cc-4453-9ad8-40ee34965529-140069582332032","trial_id":77,"system_attr":{"nsga2:generation":1}}
{"op_code":5,"worker_id":"47add64b-62cc-4453-9ad8-40ee34965529-140069582332032","trial_id":77,"param_name":"JointSlopeAngle","param_value_internal":0.6224284352676145,"distribution":"{\"name\": \"FloatDistribution\", \"attributes\": {\"step\": null, \"low\": 0.17453292519943295, \"high\": 1.0471975511965976, \"log\": false}}"}
{"op_code":5,"worker_id":"47add64b-62cc-4453-9ad8-40ee34965529-140069582332032","trial_id":77,"param_name":"OuterRadius","param_value_internal":16.64486823795385,"distribution":"{\"name\": \"FloatDistribution\", \"attributes\": {\"step\": null, \"low\": 8.75, \"high\": 17.75, \"log\": false}}"}
{"op_code":5,"worker_id":"47add64b-62cc-4453-9ad8-40ee34965529-140069582332032","trial_id":77,"param_name":"JointHeight","param_value_internal":7.780855599856408,"distribution":"{\"name\": \"FloatDistribution\", \"attributes\": {\"step\": null, \"low\": 5.0, \"high\": 8.0, \"log\": false}}"}
{"op_code":6,"worker_id":"4df85164-b3fd-4745-b721-100fe9593c48-140563481460864","trial_id":70,"state":1,"values":[-Infinity,-Infinity],"datetime_complete":"2026-06-05T15:18:21.454632"}
{"op_code":5,"worker_id":"47add64b-62cc-4453-9ad8-40ee34965529-140069582332032","trial_id":77,"param_name":"CavityCorkThickness","param_value_internal":2.955712487739296,"distribution":"{\"name\": \"FloatDistribution\", \"attributes\": {\"step\": null, \"low\": 2.0, \"high\": 5.0, \"log\": false}}"}
{"op_code":5,"worker_id":"47add64b-62cc-4453-9ad8-40ee34965529-140069582332032","trial_id":77,"param_name":"BellowHeight","param_value_internal":7.778207176014668,"distribution":"{\"name\": \"FloatDistribution\", \"attributes\": {\"step\": null, \"low\": 6.0, \"high\": 10.0, \"log\": false}}"}
{"op_code":4,"worker_id":"4df85164-b3fd-4745-b721-100fe9593c48-140563481460864","study_id":0,"datetime_start":"2026-06-05T15:18:21.469520"}
{"op_code":5,"worker_id":"47add64b-62cc-4453-9ad8-40ee34965529-140069582332032","trial_id":77,"param_name":"WallThickness","param_value_internal":3.88634202083927,"distribution":"{\"name\": \"FloatDistribution\", \"attributes\": {\"step\": null, \"low\": 2.0, \"high\": 4.0, \"log\": false}}"}
{"op_code":5,"worker_id":"47add64b-62cc-4453-9ad8-40ee34965529-140069582332032","trial_id":77,"param_name":"PlateauHeight","param_value_internal":2.075846409732725,"distribution":"{\"name\": \"FloatDistribution\", \"attributes\": {\"step\": null, \"low\": 2.0, \"high\": 4.0, \"log\": false}}"}
{"op_code":9,"worker_id":"4df85164-b3fd-4745-b721-100fe9593c48-140563481460864","trial_id":78,"system_attr":{"nsga2:generation":1}}
{"op_code":5,"worker_id":"4df85164-b3fd-4745-b721-100fe9593c48-140563481460864","trial_id":78,"param_name":"JointSlopeAngle","param_value_internal":0.6685485858499934,"distribution":"{\"name\": \"FloatDistribution\", \"attributes\": {\"step\": null, \"low\": 0.17453292519943295, \"high\": 1.0471975511965976, \"log\": false}}"}
{"op_code":5,"worker_id":"4df85164-b3fd-4745-b721-100fe9593c48-140563481460864","trial_id":78,"param_name":"OuterRadius","param_value_internal":17.352150465811185,"distribution":"{\"name\": \"FloatDistribution\", \"attributes\": {\"step\": null, \"low\": 8.75, \"high\": 17.75, \"log\": false}}"}
{"op_code":5,"worker_id":"4df85164-b3fd-4745-b721-100fe9593c48-140563481460864","trial_id":78,"param_name":"JointHeight","param_value_internal":6.738628238151085,"distribution":"{\"name\": \"FloatDistribution\", \"attributes\": {\"step\": null, \"low\": 5.0, \"high\": 8.0, \"log\": false}}"}
{"op_code":5,"worker_id":"4df85164-b3fd-4745-b721-100fe9593c48-140563481460864","trial_id":78,"param_name":"CavityCorkThickness","param_value_internal":2.574711354427945,"distribution":"{\"name\": \"FloatDistribution\", \"attributes\": {\"step\": null, \"low\": 2.0, \"high\": 5.0, \"log\": false}}"}
{"op_code":5,"worker_id":"4df85164-b3fd-4745-b721-100fe9593c48-140563481460864","trial_id":78,"param_name":"BellowHeight","param_value_internal":8.154482386705583,"distribution":"{\"name\": \"FloatDistribution\", \"attributes\": {\"step\": null, \"low\": 6.0, \"high\": 10.0, \"log\": false}}"}
{"op_code":5,"worker_id":"4df85164-b3fd-4745-b721-100fe9593c48-140563481460864","trial_id":78,"param_name":"WallThickness","param_value_internal":3.608912947496888,"distribution":"{\"name\": \"FloatDistribution\", \"attributes\": {\"step\": null, \"low\": 2.0, \"high\": 4.0, \"log\": false}}"}
{"op_code":5,"worker_id":"4df85164-b3fd-4745-b721-100fe9593c48-140563481460864","trial_id":78,"param_name":"PlateauHeight","param_value_internal":2.3536826858987023,"distribution":"{\"name\": \"FloatDistribution\", \"attributes\": {\"step\": null, \"low\": 2.0, \"high\": 4.0, \"log\": false}}"}
{"op_code":6,"worker_id":"66769b4e-5d7b-4393-b5fc-f3113d5281d1-139720672919680","trial_id":71,"state":1,"values":[-Infinity,-Infinity],"datetime_complete":"2026-06-05T15:18:21.579536"}
{"op_code":4,"worker_id":"66769b4e-5d7b-4393-b5fc-f3113d5281d1-139720672919680","study_id":0,"datetime_start":"2026-06-05T15:18:21.589981"}
{"op_code":9,"worker_id":"66769b4e-5d7b-4393-b5fc-f3113d5281d1-139720672919680","trial_id":79,"system_attr":{"nsga2:generation":1}}
{"op_code":5,"worker_id":"66769b4e-5d7b-4393-b5fc-f3113d5281d1-139720672919680","trial_id":79,"param_name":"JointSlopeAngle","param_value_internal":0.2740791576536674,"distribution":"{\"name\": \"FloatDistribution\", \"attributes\": {\"step\": null, \"low\": 0.17453292519943295, \"high\": 1.0471975511965976, \"log\": false}}"}
{"op_code":5,"worker_id":"66769b4e-5d7b-4393-b5fc-f3113d5281d1-139720672919680","trial_id":79,"param_name":"OuterRadius","param_value_internal":9.89263534449049,"distribution":"{\"name\": \"FloatDistribution\", \"attributes\": {\"step\": null, \"low\": 8.75, \"high\": 17.75, \"log\": false}}"}
{"op_code":5,"worker_id":"66769b4e-5d7b-4393-b5fc-f3113d5281d1-139720672919680","trial_id":79,"param_name":"JointHeight","param_value_internal":5.859622760246961,"distribution":"{\"name\": \"FloatDistribution\", \"attributes\": {\"step\": null, \"low\": 5.0, \"high\": 8.0, \"log\": false}}"}
{"op_code":5,"worker_id":"66769b4e-5d7b-4393-b5fc-f3113d5281d1-139720672919680","trial_id":79,"param_name":"CavityCorkThickness","param_value_internal":2.978474829374903,"distribution":"{\"name\": \"FloatDistribution\", \"attributes\": {\"step\": null, \"low\": 2.0, \"high\": 5.0, \"log\": false}}"}
{"op_code":5,"worker_id":"66769b4e-5d7b-4393-b5fc-f3113d5281d1-139720672919680","trial_id":79,"param_name":"BellowHeight","param_value_internal":9.606869961917706,"distribution":"{\"name\": \"FloatDistribution\", \"attributes\": {\"step\": null, \"low\": 6.0, \"high\": 10.0, \"log\": false}}"}
{"op_code":5,"worker_id":"66769b4e-5d7b-4393-b5fc-f3113d5281d1-139720672919680","trial_id":79,"param_name":"WallThickness","param_value_internal":3.8137978237442436,"distribution":"{\"name\": \"FloatDistribution\", \"attributes\": {\"step\": null, \"low\": 2.0, \"high\": 4.0, \"log\": false}}"}
{"op_code":5,"worker_id":"66769b4e-5d7b-4393-b5fc-f3113d5281d1-139720672919680","trial_id":79,"param_name":"PlateauHeight","param_value_internal":2.592098907207836,"distribution":"{\"name\": \"FloatDistribution\", \"attributes\": {\"step\": null, \"low\": 2.0, \"high\": 4.0, \"log\": false}}"}
{"op_code":6,"worker_id":"4f814d94-9597-475f-ac7e-7bcc55161dcb-139810141511808","trial_id":72,"state":1,"values":[-Infinity,-Infinity],"datetime_complete":"2026-06-05T15:18:21.714682"}
{"op_code":4,"worker_id":"4f814d94-9597-475f-ac7e-7bcc55161dcb-139810141511808","study_id":0,"datetime_start":"2026-06-05T15:18:21.724636"}
{"op_code":9,"worker_id":"4f814d94-9597-475f-ac7e-7bcc55161dcb-139810141511808","trial_id":80,"system_attr":{"nsga2:generation":1}}
{"op_code":5,"worker_id":"4f814d94-9597-475f-ac7e-7bcc55161dcb-139810141511808","trial_id":80,"param_name":"JointSlopeAngle","param_value_internal":0.6685485858499934,"distribution":"{\"name\": \"FloatDistribution\", \"attributes\": {\"step\": null, \"low\": 0.17453292519943295, \"high\": 1.0471975511965976, \"log\": false}}"}
{"op_code":5,"worker_id":"4f814d94-9597-475f-ac7e-7bcc55161dcb-139810141511808","trial_id":80,"param_name":"OuterRadius","param_value_internal":13.108582206031185,"distribution":"{\"name\": \"FloatDistribution\", \"attributes\": {\"step\": null, \"low\": 8.75, \"high\": 17.75, \"log\": false}}"}
{"op_code":5,"worker_id":"4f814d94-9597-475f-ac7e-7bcc55161dcb-139810141511808","trial_id":80,"param_name":"JointHeight","param_value_internal":7.847527051739169,"distribution":"{\"name\": \"FloatDistribution\", \"attributes\": {\"step\": null, \"low\": 5.0, \"high\": 8.0, \"log\": false}}"}
{"op_code":5,"worker_id":"4f814d94-9597-475f-ac7e-7bcc55161dcb-139810141511808","trial_id":80,"param_name":"CavityCorkThickness","param_value_internal":2.574711354427945,"distribution":"{\"name\": \"FloatDistribution\", \"attributes\": {\"step\": null, \"low\": 2.0, \"high\": 5.0, \"log\": false}}"}
{"op_code":5,"worker_id":"4f814d94-9597-475f-ac7e-7bcc55161dcb-139810141511808","trial_id":80,"param_name":"BellowHeight","param_value_internal":8.154482386705583,"distribution":"{\"name\": \"FloatDistribution\", \"attributes\": {\"step\": null, \"low\": 6.0, \"high\": 10.0, \"log\": false}}"}
{"op_code":5,"worker_id":"4f814d94-9597-475f-ac7e-7bcc55161dcb-139810141511808","trial_id":80,"param_name":"WallThickness","param_value_internal":2.027548797062604,"distribution":"{\"name\": \"FloatDistribution\", \"attributes\": {\"step\": null, \"low\": 2.0, \"high\": 4.0, \"log\": false}}"}
{"op_code":5,"worker_id":"4f814d94-9597-475f-ac7e-7bcc55161dcb-139810141511808","trial_id":80,"param_name":"PlateauHeight","param_value_internal":2.733930865397739,"distribution":"{\"name\": \"FloatDistribution\", \"attributes\": {\"step\": null, \"low\": 2.0, \"high\": 4.0, \"log\": false}}"}
{"op_code":6,"worker_id":"c09b76ab-355c-44bb-be1c-2bf9ccce9c84-140209120854144","trial_id":73,"state":1,"values":[-Infinity,-Infinity],"datetime_complete":"2026-06-05T15:18:21.860569"}
{"op_code":4,"worker_id":"c09b76ab-355c-44bb-be1c-2bf9ccce9c84-140209120854144","study_id":0,"datetime_start":"2026-06-05T15:18:21.870593"}
{"op_code":9,"worker_id":"c09b76ab-355c-44bb-be1c-2bf9ccce9c84-140209120854144","trial_id":81,"system_attr":{"nsga2:generation":1}}
{"op_code":5,"worker_id":"c09b76ab-355c-44bb-be1c-2bf9ccce9c84-140209120854144","trial_id":81,"param_name":"JointSlopeAngle","param_value_internal":0.6429109102743396,"distribution":"{\"name\": \"FloatDistribution\", \"attributes\": {\"step\": null, \"low\": 0.17453292519943295, \"high\": 1.0471975511965976, \"log\": false}}"}
{"op_code":5,"worker_id":"c09b76ab-355c-44bb-be1c-2bf9ccce9c84-140209120854144","trial_id":81,"param_name":"OuterRadius","param_value_internal":12.747153615457737,"distribution":"{\"name\": \"FloatDistribution\", \"attributes\": {\"step\": null, \"low\": 8.75, \"high\": 17.75, \"log\": false}}"}
{"op_code":5,"worker_id":"c09b76ab-355c-44bb-be1c-2bf9ccce9c84-140209120854144","trial_id":81,"param_name":"JointHeight","param_value_internal":6.145112370781986,"distribution":"{\"name\": \"FloatDistribution\", \"attributes\": {\"step\": null, \"low\": 5.0, \"high\": 8.0, \"log\": false}}"}
{"op_code":5,"worker_id":"c09b76ab-355c-44bb-be1c-2bf9ccce9c84-140209120854144","trial_id":81,"param_name":"CavityCorkThickness","param_value_internal":3.5800806408616532,"distribution":"{\"name\": \"FloatDistribution\", \"attributes\": {\"step\": null, \"low\": 2.0, \"high\": 5.0, \"log\": false}}"}
{"op_code":5,"worker_id":"c09b76ab-355c-44bb-be1c-2bf9ccce9c84-140209120854144","trial_id":81,"param_name":"BellowHeight","param_value_internal":7.599546165236719,"distribution":"{\"name\": \"FloatDistribution\", \"attributes\": {\"step\": null, \"low\": 6.0, \"high\": 10.0, \"log\": false}}"}
{"op_code":5,"worker_id":"c09b76ab-355c-44bb-be1c-2bf9ccce9c84-140209120854144","trial_id":81,"param_name":"WallThickness","param_value_internal":3.839577747444702,"distribution":"{\"name\": \"FloatDistribution\", \"attributes\": {\"step\": null, \"low\": 2.0, \"high\": 4.0, \"log\": false}}"}
{"op_code":5,"worker_id":"c09b76ab-355c-44bb-be1c-2bf9ccce9c84-140209120854144","trial_id":81,"param_name":"PlateauHeight","param_value_internal":3.619112367077984,"distribution":"{\"name\": \"FloatDistribution\", \"attributes\": {\"step\": null, \"low\": 2.0, \"high\": 4.0, \"log\": false}}"}
{"op_code":6,"worker_id":"753cc0fb-fdc7-4fd6-9de4-c28ae8c184f6-140150067351680","trial_id":74,"state":1,"values":[-Infinity,-Infinity],"datetime_complete":"2026-06-05T15:18:21.962797"}
{"op_code":4,"worker_id":"753cc0fb-fdc7-4fd6-9de4-c28ae8c184f6-140150067351680","study_id":0,"datetime_start":"2026-06-05T15:18:21.972168"}
{"op_code":9,"worker_id":"753cc0fb-fdc7-4fd6-9de4-c28ae8c184f6-140150067351680","trial_id":82,"system_attr":{"nsga2:generation":1}}
{"op_code":5,"worker_id":"753cc0fb-fdc7-4fd6-9de4-c28ae8c184f6-140150067351680","trial_id":82,"param_name":"JointSlopeAngle","param_value_internal":0.5573211589708549,"distribution":"{\"name\": \"FloatDistribution\", \"attributes\": {\"step\": null, \"low\": 0.17453292519943295, \"high\": 1.0471975511965976, \"log\": false}}"}
{"op_code":5,"worker_id":"753cc0fb-fdc7-4fd6-9de4-c28ae8c184f6-140150067351680","trial_id":82,"param_name":"OuterRadius","param_value_internal":10.019443472273617,"distribution":"{\"name\": \"FloatDistribution\", \"attributes\": {\"step\": null, \"low\": 8.75, \"high\": 17.75, \"log\": false}}"}
{"op_code":5,"worker_id":"753cc0fb-fdc7-4fd6-9de4-c28ae8c184f6-140150067351680","trial_id":82,"param_name":"JointHeight","param_value_internal":5.367513222752802,"distribution":"{\"name\": \"FloatDistribution\", \"attributes\": {\"step\": null, \"low\": 5.0, \"high\": 8.0, \"log\": false}}"}
{"op_code":5,"worker_id":"753cc0fb-fdc7-4fd6-9de4-c28ae8c184f6-140150067351680","trial_id":82,"param_name":"CavityCorkThickness","param_value_internal":3.464670490341302,"distribution":"{\"name\": \"FloatDistribution\", \"attributes\": {\"step\": null, \"low\": 2.0, \"high\": 5.0, \"log\": false}}"}
{"op_code":5,"worker_id":"753cc0fb-fdc7-4fd6-9de4-c28ae8c184f6-140150067351680","trial_id":82,"param_name":"BellowHeight","param_value_internal":9.057451106947497,"distribution":"{\"name\": \"FloatDistribution\", \"attributes\": {\"step\": null, \"low\": 6.0, \"high\": 10.0, \"log\": false}}"}
{"op_code":5,"worker_id":"753cc0fb-fdc7-4fd6-9de4-c28ae8c184f6-140150067351680","trial_id":82,"param_name":"WallThickness","param_value_internal":2.121684226107149,"distribution":"{\"name\": \"FloatDistribution\", \"attributes\": {\"step\": null, \"low\": 2.0, \"high\": 4.0, \"log\": false}}"}
{"op_code":5,"worker_id":"753cc0fb-fdc7-4fd6-9de4-c28ae8c184f6-140150067351680","trial_id":82,"param_name":"PlateauHeight","param_value_internal":2.8859133192203843,"distribution":"{\"name\": \"FloatDistribution\", \"attributes\": {\"step\": null, \"low\": 2.0, \"high\": 4.0, \"log\": false}}"}
{"op_code":6,"worker_id":"4cddb9a8-be4e-413f-9746-6f7bb35c282b-139654453981312","trial_id":75,"state":1,"values":[-Infinity,-Infinity],"datetime_complete":"2026-06-05T15:18:22.230639"}
{"op_code":4,"worker_id":"4cddb9a8-be4e-413f-9746-6f7bb35c282b-139654453981312","study_id":0,"datetime_start":"2026-06-05T15:18:22.240775"}
{"op_code":9,"worker_id":"4cddb9a8-be4e-413f-9746-6f7bb35c282b-139654453981312","trial_id":83,"system_attr":{"nsga2:generation":1}}
{"op_code":5,"worker_id":"4cddb9a8-be4e-413f-9746-6f7bb35c282b-139654453981312","trial_id":83,"param_name":"JointSlopeAngle","param_value_internal":0.7846072039025286,"distribution":"{\"name\": \"FloatDistribution\", \"attributes\": {\"step\": null, \"low\": 0.17453292519943295, \"high\": 1.0471975511965976, \"log\": false}}"}
{"op_code":5,"worker_id":"4cddb9a8-be4e-413f-9746-6f7bb35c282b-139654453981312","trial_id":83,"param_name":"OuterRadius","param_value_internal":14.570506092997373,"distribution":"{\"name\": \"FloatDistribution\", \"attributes\": {\"step\": null, \"low\": 8.75, \"high\": 17.75, \"log\": false}}"}
{"op_code":5,"worker_id":"4cddb9a8-be4e-413f-9746-6f7bb35c282b-139654453981312","trial_id":83,"param_name":"JointHeight","param_value_internal":6.066526581490834,"distribution":"{\"name\": \"FloatDistribution\", \"attributes\": {\"step\": null, \"low\": 5.0, \"high\": 8.0, \"log\": false}}"}
{"op_code":5,"worker_id":"4cddb9a8-be4e-413f-9746-6f7bb35c282b-139654453981312","trial_id":83,"param_name":"CavityCorkThickness","param_value_internal":2.1799924631724266,"distribution":"{\"name\": \"FloatDistribution\", \"attributes\": {\"step\": null, \"low\": 2.0, \"high\": 5.0, \"log\": false}}"}
{"op_code":5,"worker_id":"4cddb9a8-be4e-413f-9746-6f7bb35c282b-139654453981312","trial_id":83,"param_name":"BellowHeight","param_value_internal":9.511767525418858,"distribution":"{\"name\": \"FloatDistribution\", \"attributes\": {\"step\": null, \"low\": 6.0, \"high\": 10.0, \"log\": false}}"}
{"op_code":5,"worker_id":"4cddb9a8-be4e-413f-9746-6f7bb35c282b-139654453981312","trial_id":83,"param_name":"WallThickness","param_value_internal":2.7767051501484574,"distribution":"{\"name\": \"FloatDistribution\", \"attributes\": {\"step\": null, \"low\": 2.0, \"high\": 4.0, \"log\": false}}"}
{"op_code":5,"worker_id":"4cddb9a8-be4e-413f-9746-6f7bb35c282b-139654453981312","trial_id":83,"param_name":"PlateauHeight","param_value_internal":2.3476712617050355,"distribution":"{\"name\": \"FloatDistribution\", \"attributes\": {\"step\": null, \"low\": 2.0, \"high\": 4.0, \"log\": false}}"}
{"op_code":6,"worker_id":"7d5d7e68-4e13-479b-8411-3192a485add4-140238302695552","trial_id":76,"state":1,"values":[-Infinity,-Infinity],"datetime_complete":"2026-06-05T15:18:22.488355"}
{"op_code":4,"worker_id":"7d5d7e68-4e13-479b-8411-3192a485add4-140238302695552","study_id":0,"datetime_start":"2026-06-05T15:18:22.499229"}
{"op_code":9,"worker_id":"7d5d7e68-4e13-479b-8411-3192a485add4-140238302695552","trial_id":84,"system_attr":{"nsga2:generation":1}}
{"op_code":5,"worker_id":"7d5d7e68-4e13-479b-8411-3192a485add4-140238302695552","trial_id":84,"param_name":"JointSlopeAngle","param_value_internal":0.591352039207204,"distribution":"{\"name\": \"FloatDistribution\", \"attributes\": {\"step\": null, \"low\": 0.17453292519943295, \"high\": 1.0471975511965976, \"log\": false}}"}
{"op_code":5,"worker_id":"7d5d7e68-4e13-479b-8411-3192a485add4-140238302695552","trial_id":84,"param_name":"OuterRadius","param_value_internal":16.898433204005126,"distribution":"{\"name\": \"FloatDistribution\", \"attributes\": {\"step\": null, \"low\": 8.75, \"high\": 17.75, \"log\": false}}"}
{"op_code":5,"worker_id":"7d5d7e68-4e13-479b-8411-3192a485add4-140238302695552","trial_id":84,"param_name":"JointHeight","param_value_internal":5.0801118767106015,"distribution":"{\"name\": \"FloatDistribution\", \"attributes\": {\"step\": null, \"low\": 5.0, \"high\": 8.0, \"log\": false}}"}
{"op_code":5,"worker_id":"7d5d7e68-4e13-479b-8411-3192a485add4-140238302695552","trial_id":84,"param_name":"CavityCorkThickness","param_value_internal":2.43610631567912,"distribution":"{\"name\": \"FloatDistribution\", \"attributes\": {\"step\": null, \"low\": 2.0, \"high\": 5.0, \"log\": false}}"}
{"op_code":5,"worker_id":"7d5d7e68-4e13-479b-8411-3192a485add4-140238302695552","trial_id":84,"param_name":"BellowHeight","param_value_internal":8.363936091156468,"distribution":"{\"name\": \"FloatDistribution\", \"attributes\": {\"step\": null, \"low\": 6.0, \"high\": 10.0, \"log\": false}}"}
{"op_code":5,"worker_id":"7d5d7e68-4e13-479b-8411-3192a485add4-140238302695552","trial_id":84,"param_name":"WallThickness","param_value_internal":3.1690603804674753,"distribution":"{\"name\": \"FloatDistribution\", \"attributes\": {\"step\": null, \"low\": 2.0, \"high\": 4.0, \"log\": false}}"}
{"op_code":6,"worker_id":"47add64b-62cc-4453-9ad8-40ee34965529-140069582332032","trial_id":77,"state":1,"values":[-Infinity,-Infinity],"datetime_complete":"2026-06-05T15:18:22.549261"}
{"op_code":5,"worker_id":"7d5d7e68-4e13-479b-8411-3192a485add4-140238302695552","trial_id":84,"param_name":"PlateauHeight","param_value_internal":2.179752884115236,"distribution":"{\"name\": \"FloatDistribution\", \"attributes\": {\"step\": null, \"low\": 2.0, \"high\": 4.0, \"log\": false}}"}
{"op_code":4,"worker_id":"47add64b-62cc-4453-9ad8-40ee34965529-140069582332032","study_id":0,"datetime_start":"2026-06-05T15:18:22.563172"}
{"op_code":9,"worker_id":"47add64b-62cc-4453-9ad8-40ee34965529-140069582332032","trial_id":85,"system_attr":{"nsga2:generation":1}}
{"op_code":5,"worker_id":"47add64b-62cc-4453-9ad8-40ee34965529-140069582332032","trial_id":85,"param_name":"JointSlopeAngle","param_value_internal":0.7845375305467455,"distribution":"{\"name\": \"FloatDistribution\", \"attributes\": {\"step\": null, \"low\": 0.17453292519943295, \"high\": 1.0471975511965976, \"log\": false}}"}
{"op_code":5,"worker_id":"47add64b-62cc-4453-9ad8-40ee34965529-140069582332032","trial_id":85,"param_name":"OuterRadius","param_value_internal":9.788401444650754,"distribution":"{\"name\": \"FloatDistribution\", \"attributes\": {\"step\": null, \"low\": 8.75, \"high\": 17.75, \"log\": false}}"}
{"op_code":6,"worker_id":"4df85164-b3fd-4745-b721-100fe9593c48-140563481460864","trial_id":78,"state":1,"values":[-Infinity,-Infinity],"datetime_complete":"2026-06-05T15:18:22.589767"}
{"op_code":5,"worker_id":"47add64b-62cc-4453-9ad8-40ee34965529-140069582332032","trial_id":85,"param_name":"JointHeight","param_value_internal":6.265307817346347,"distribution":"{\"name\": \"FloatDistribution\", \"attributes\": {\"step\": null, \"low\": 5.0, \"high\": 8.0, \"log\": false}}"}
{"op_code":5,"worker_id":"47add64b-62cc-4453-9ad8-40ee34965529-140069582332032","trial_id":85,"param_name":"CavityCorkThickness","param_value_internal":2.439419636584075,"distribution":"{\"name\": \"FloatDistribution\", \"attributes\": {\"step\": null, \"low\": 2.0, \"high\": 5.0, \"log\": false}}"}
{"op_code":4,"worker_id":"4df85164-b3fd-4745-b721-100fe9593c48-140563481460864","study_id":0,"datetime_start":"2026-06-05T15:18:22.602592"}
{"op_code":5,"worker_id":"47add64b-62cc-4453-9ad8-40ee34965529-140069582332032","trial_id":85,"param_name":"BellowHeight","param_value_internal":8.626678319217513,"distribution":"{\"name\": \"FloatDistribution\", \"attributes\": {\"step\": null, \"low\": 6.0, \"high\": 10.0, \"log\": false}}"}
{"op_code":5,"worker_id":"47add64b-62cc-4453-9ad8-40ee34965529-140069582332032","trial_id":85,"param_name":"WallThickness","param_value_internal":3.8692278517008245,"distribution":"{\"name\": \"FloatDistribution\", \"attributes\": {\"step\": null, \"low\": 2.0, \"high\": 4.0, \"log\": false}}"}
{"op_code":9,"worker_id":"4df85164-b3fd-4745-b721-100fe9593c48-140563481460864","trial_id":86,"system_attr":{"nsga2:generation":1}}
{"op_code":5,"worker_id":"47add64b-62cc-4453-9ad8-40ee34965529-140069582332032","trial_id":85,"param_name":"PlateauHeight","param_value_internal":3.7482559450110466,"distribution":"{\"name\": \"FloatDistribution\", \"attributes\": {\"step\": null, \"low\": 2.0, \"high\": 4.0, \"log\": false}}"}
{"op_code":5,"worker_id":"4df85164-b3fd-4745-b721-100fe9593c48-140563481460864","trial_id":86,"param_name":"JointSlopeAngle","param_value_internal":0.3875705611145951,"distribution":"{\"name\": \"FloatDistribution\", \"attributes\": {\"step\": null, \"low\": 0.17453292519943295, \"high\": 1.0471975511965976, \"log\": false}}"}
{"op_code":5,"worker_id":"4df85164-b3fd-4745-b721-100fe9593c48-140563481460864","trial_id":86,"param_name":"OuterRadius","param_value_internal":10.585666653150618,"distribution":"{\"name\": \"FloatDistribution\", \"attributes\": {\"step\": null, \"low\": 8.75, \"high\": 17.75, \"log\": false}}"}
{"op_code":5,"worker_id":"4df85164-b3fd-4745-b721-100fe9593c48-140563481460864","trial_id":86,"param_name":"JointHeight","param_value_internal":5.7709525435345235,"distribution":"{\"name\": \"FloatDistribution\", \"attributes\": {\"step\": null, \"low\": 5.0, \"high\": 8.0, \"log\": false}}"}
{"op_code":5,"worker_id":"4df85164-b3fd-4745-b721-100fe9593c48-140563481460864","trial_id":86,"param_name":"CavityCorkThickness","param_value_internal":4.679383284709818,"distribution":"{\"name\": \"FloatDistribution\", \"attributes\": {\"step\": null, \"low\": 2.0, \"high\": 5.0, \"log\": false}}"}
{"op_code":5,"worker_id":"4df85164-b3fd-4745-b721-100fe9593c48-140563481460864","trial_id":86,"param_name":"BellowHeight","param_value_internal":9.946515756995112,"distribution":"{\"name\": \"FloatDistribution\", \"attributes\": {\"step\": null, \"low\": 6.0, \"high\": 10.0, \"log\": false}}"}
{"op_code":5,"worker_id":"4df85164-b3fd-4745-b721-100fe9593c48-140563481460864","trial_id":86,"param_name":"WallThickness","param_value_internal":2.7199266532193564,"distribution":"{\"name\": \"FloatDistribution\", \"attributes\": {\"step\": null, \"low\": 2.0, \"high\": 4.0, \"log\": false}}"}
{"op_code":5,"worker_id":"4df85164-b3fd-4745-b721-100fe9593c48-140563481460864","trial_id":86,"param_name":"PlateauHeight","param_value_internal":2.9241445838255484,"distribution":"{\"name\": \"FloatDistribution\", \"attributes\": {\"step\": null, \"low\": 2.0, \"high\": 4.0, \"log\": false}}"}
{"op_code":6,"worker_id":"66769b4e-5d7b-4393-b5fc-f3113d5281d1-139720672919680","trial_id":79,"state":1,"values":[-Infinity,-Infinity],"datetime_complete":"2026-06-05T15:18:22.683562"}
{"op_code":4,"worker_id":"66769b4e-5d7b-4393-b5fc-f3113d5281d1-139720672919680","study_id":0,"datetime_start":"2026-06-05T15:18:22.694215"}
{"op_code":9,"worker_id":"66769b4e-5d7b-4393-b5fc-f3113d5281d1-139720672919680","trial_id":87,"system_attr":{"nsga2:generation":1}}
{"op_code":5,"worker_id":"66769b4e-5d7b-4393-b5fc-f3113d5281d1-139720672919680","trial_id":87,"param_name":"JointSlopeAngle","param_value_internal":0.5337725501703263,"distribution":"{\"name\": \"FloatDistribution\", \"attributes\": {\"step\": null, \"low\": 0.17453292519943295, \"high\": 1.0471975511965976, \"log\": false}}"}
{"op_code":5,"worker_id":"66769b4e-5d7b-4393-b5fc-f3113d5281d1-139720672919680","trial_id":87,"param_name":"OuterRadius","param_value_internal":12.649482809914709,"distribution":"{\"name\": \"FloatDistribution\", \"attributes\": {\"step\": null, \"low\": 8.75, \"high\": 17.75, \"log\": false}}"}
{"op_code":5,"worker_id":"66769b4e-5d7b-4393-b5fc-f3113d5281d1-139720672919680","trial_id":87,"param_name":"JointHeight","param_value_internal":6.302482209957418,"distribution":"{\"name\": \"FloatDistribution\", \"attributes\": {\"step\": null, \"low\": 5.0, \"high\": 8.0, \"log\": false}}"}
{"op_code":5,"worker_id":"66769b4e-5d7b-4393-b5fc-f3113d5281d1-139720672919680","trial_id":87,"param_name":"CavityCorkThickness","param_value_internal":4.218806387164994,"distribution":"{\"name\": \"FloatDistribution\", \"attributes\": {\"step\": null, \"low\": 2.0, \"high\": 5.0, \"log\": false}}"}
{"op_code":5,"worker_id":"66769b4e-5d7b-4393-b5fc-f3113d5281d1-139720672919680","trial_id":87,"param_name":"BellowHeight","param_value_internal":7.226188091155372,"distribution":"{\"name\": \"FloatDistribution\", \"attributes\": {\"step\": null, \"low\": 6.0, \"high\": 10.0, \"log\": false}}"}
{"op_code":5,"worker_id":"66769b4e-5d7b-4393-b5fc-f3113d5281d1-139720672919680","trial_id":87,"param_name":"WallThickness","param_value_internal":3.045586536297983,"distribution":"{\"name\": \"FloatDistribution\", \"attributes\": {\"step\": null, \"low\": 2.0, \"high\": 4.0, \"log\": false}}"}
{"op_code":5,"worker_id":"66769b4e-5d7b-4393-b5fc-f3113d5281d1-139720672919680","trial_id":87,"param_name":"PlateauHeight","param_value_internal":3.138881511093907,"distribution":"{\"name\": \"FloatDistribution\", \"attributes\": {\"step\": null, \"low\": 2.0, \"high\": 4.0, \"log\": false}}"}
{"op_code":6,"worker_id":"4f814d94-9597-475f-ac7e-7bcc55161dcb-139810141511808","trial_id":80,"state":1,"values":[-Infinity,-Infinity],"datetime_complete":"2026-06-05T15:18:22.859255"}
{"op_code":4,"worker_id":"4f814d94-9597-475f-ac7e-7bcc55161dcb-139810141511808","study_id":0,"datetime_start":"2026-06-05T15:18:22.868915"}
{"op_code":9,"worker_id":"4f814d94-9597-475f-ac7e-7bcc55161dcb-139810141511808","trial_id":88,"system_attr":{"nsga2:generation":1}}
{"op_code":5,"worker_id":"4f814d94-9597-475f-ac7e-7bcc55161dcb-139810141511808","trial_id":88,"param_name":"JointSlopeAngle","param_value_internal":0.8300815077404431,"distribution":"{\"name\": \"FloatDistribution\", \"attributes\": {\"step\": null, \"low\": 0.17453292519943295, \"high\": 1.0471975511965976, \"log\": false}}"}
{"op_code":5,"worker_id":"4f814d94-9597-475f-ac7e-7bcc55161dcb-139810141511808","trial_id":88,"param_name":"OuterRadius","param_value_internal":12.758316683554181,"distribution":"{\"name\": \"FloatDistribution\", \"attributes\": {\"step\": null, \"low\": 8.75, \"high\": 17.75, \"log\": false}}"}
{"op_code":5,"worker_id":"4f814d94-9597-475f-ac7e-7bcc55161dcb-139810141511808","trial_id":88,"param_name":"JointHeight","param_value_internal":7.111878389256184,"distribution":"{\"name\": \"FloatDistribution\", \"attributes\": {\"step\": null, \"low\": 5.0, \"high\": 8.0, \"log\": false}}"}
{"op_code":5,"worker_id":"4f814d94-9597-475f-ac7e-7bcc55161dcb-139810141511808","trial_id":88,"param_name":"CavityCorkThickness","param_value_internal":3.730563308662117,"distribution":"{\"name\": \"FloatDistribution\", \"attributes\": {\"step\": null, \"low\": 2.0, \"high\": 5.0, \"log\": false}}"}
{"op_code":5,"worker_id":"4f814d94-9597-475f-ac7e-7bcc55161dcb-139810141511808","trial_id":88,"param_name":"BellowHeight","param_value_internal":7.103441200306184,"distribution":"{\"name\": \"FloatDistribution\", \"attributes\": {\"step\": null, \"low\": 6.0, \"high\": 10.0, \"log\": false}}"}
{"op_code":5,"worker_id":"4f814d94-9597-475f-ac7e-7bcc55161dcb-139810141511808","trial_id":88,"param_name":"WallThickness","param_value_internal":3.7975378722129935,"distribution":"{\"name\": \"FloatDistribution\", \"attributes\": {\"step\": null, \"low\": 2.0, \"high\": 4.0, \"log\": false}}"}
{"op_code":5,"worker_id":"4f814d94-9597-475f-ac7e-7bcc55161dcb-139810141511808","trial_id":88,"param_name":"PlateauHeight","param_value_internal":2.5631907727712,"distribution":"{\"name\": \"FloatDistribution\", \"attributes\": {\"step\": null, \"low\": 2.0, \"high\": 4.0, \"log\": false}}"}
{"op_code":6,"worker_id":"c09b76ab-355c-44bb-be1c-2bf9ccce9c84-140209120854144","trial_id":81,"state":1,"values":[-Infinity,-Infinity],"datetime_complete":"2026-06-05T15:18:23.005491"}
{"op_code":4,"worker_id":"c09b76ab-355c-44bb-be1c-2bf9ccce9c84-140209120854144","study_id":0,"datetime_start":"2026-06-05T15:18:23.017595"}
{"op_code":9,"worker_id":"c09b76ab-355c-44bb-be1c-2bf9ccce9c84-140209120854144","trial_id":89,"system_attr":{"nsga2:generation":1}}
{"op_code":5,"worker_id":"c09b76ab-355c-44bb-be1c-2bf9ccce9c84-140209120854144","trial_id":89,"param_name":"JointSlopeAngle","param_value_internal":0.4562725310696143,"distribution":"{\"name\": \"FloatDistribution\", \"attributes\": {\"step\": null, \"low\": 0.17453292519943295, \"high\": 1.0471975511965976, \"log\": false}}"}
{"op_code":5,"worker_id":"c09b76ab-355c-44bb-be1c-2bf9ccce9c84-140209120854144","trial_id":89,"param_name":"OuterRadius","param_value_internal":13.212753227038705,"distribution":"{\"name\": \"FloatDistribution\", \"attributes\": {\"step\": null, \"low\": 8.75, \"high\": 17.75, \"log\": false}}"}
{"op_code":5,"worker_id":"c09b76ab-355c-44bb-be1c-2bf9ccce9c84-140209120854144","trial_id":89,"param_name":"JointHeight","param_value_internal":7.463586988297795,"distribution":"{\"name\": \"FloatDistribution\", \"attributes\": {\"step\": null, \"low\": 5.0, \"high\": 8.0, \"log\": false}}"}
{"op_code":5,"worker_id":"c09b76ab-355c-44bb-be1c-2bf9ccce9c84-140209120854144","trial_id":89,"param_name":"CavityCorkThickness","param_value_internal":3.9868080910818744,"distribution":"{\"name\": \"FloatDistribution\", \"attributes\": {\"step\": null, \"low\": 2.0, \"high\": 5.0, \"log\": false}}"}
{"op_code":5,"worker_id":"c09b76ab-355c-44bb-be1c-2bf9ccce9c84-140209120854144","trial_id":89,"param_name":"BellowHeight","param_value_internal":8.042019838326462,"distribution":"{\"name\": \"FloatDistribution\", \"attributes\": {\"step\": null, \"low\": 6.0, \"high\": 10.0, \"log\": false}}"}
{"op_code":5,"worker_id":"c09b76ab-355c-44bb-be1c-2bf9ccce9c84-140209120854144","trial_id":89,"param_name":"WallThickness","param_value_internal":2.437048302729318,"distribution":"{\"name\": \"FloatDistribution\", \"attributes\": {\"step\": null, \"low\": 2.0, \"high\": 4.0, \"log\": false}}"}
{"op_code":5,"worker_id":"c09b76ab-355c-44bb-be1c-2bf9ccce9c84-140209120854144","trial_id":89,"param_name":"PlateauHeight","param_value_internal":3.8468494295247115,"distribution":"{\"name\": \"FloatDistribution\", \"attributes\": {\"step\": null, \"low\": 2.0, \"high\": 4.0, \"log\": false}}"}
{"op_code":6,"worker_id":"753cc0fb-fdc7-4fd6-9de4-c28ae8c184f6-140150067351680","trial_id":82,"state":1,"values":[-Infinity,-Infinity],"datetime_complete":"2026-06-05T15:18:23.096857"}
{"op_code":4,"worker_id":"753cc0fb-fdc7-4fd6-9de4-c28ae8c184f6-140150067351680","study_id":0,"datetime_start":"2026-06-05T15:18:23.106519"}
{"op_code":9,"worker_id":"753cc0fb-fdc7-4fd6-9de4-c28ae8c184f6-140150067351680","trial_id":90,"system_attr":{"nsga2:generation":1}}
{"op_code":5,"worker_id":"753cc0fb-fdc7-4fd6-9de4-c28ae8c184f6-140150067351680","trial_id":90,"param_name":"JointSlopeAngle","param_value_internal":0.5851895516917226,"distribution":"{\"name\": \"FloatDistribution\", \"attributes\": {\"step\": null, \"low\": 0.17453292519943295, \"high\": 1.0471975511965976, \"log\": false}}"}
{"op_code":5,"worker_id":"753cc0fb-fdc7-4fd6-9de4-c28ae8c184f6-140150067351680","trial_id":90,"param_name":"OuterRadius","param_value_internal":14.15606197286161,"distribution":"{\"name\": \"FloatDistribution\", \"attributes\": {\"step\": null, \"low\": 8.75, \"high\": 17.75, \"log\": false}}"}
{"op_code":5,"worker_id":"753cc0fb-fdc7-4fd6-9de4-c28ae8c184f6-140150067351680","trial_id":90,"param_name":"JointHeight","param_value_internal":7.565929794779894,"distribution":"{\"name\": \"FloatDistribution\", \"attributes\": {\"step\": null, \"low\": 5.0, \"high\": 8.0, \"log\": false}}"}
{"op_code":5,"worker_id":"753cc0fb-fdc7-4fd6-9de4-c28ae8c184f6-140150067351680","trial_id":90,"param_name":"CavityCorkThickness","param_value_internal":4.812192081883992,"distribution":"{\"name\": \"FloatDistribution\", \"attributes\": {\"step\": null, \"low\": 2.0, \"high\": 5.0, \"log\": false}}"}
{"op_code":5,"worker_id":"753cc0fb-fdc7-4fd6-9de4-c28ae8c184f6-140150067351680","trial_id":90,"param_name":"BellowHeight","param_value_internal":8.097551814578237,"distribution":"{\"name\": \"FloatDistribution\", \"attributes\": {\"step\": null, \"low\": 6.0, \"high\": 10.0, \"log\": false}}"}
{"op_code":5,"worker_id":"753cc0fb-fdc7-4fd6-9de4-c28ae8c184f6-140150067351680","trial_id":90,"param_name":"WallThickness","param_value_internal":2.4642660699171346,"distribution":"{\"name\": \"FloatDistribution\", \"attributes\": {\"step\": null, \"low\": 2.0, \"high\": 4.0, \"log\": false}}"}
{"op_code":5,"worker_id":"753cc0fb-fdc7-4fd6-9de4-c28ae8c184f6-140150067351680","trial_id":90,"param_name":"PlateauHeight","param_value_internal":3.3643887767714453,"distribution":"{\"name\": \"FloatDistribution\", \"attributes\": {\"step\": null, \"low\": 2.0, \"high\": 4.0, \"log\": false}}"}
{"op_code":6,"worker_id":"4cddb9a8-be4e-413f-9746-6f7bb35c282b-139654453981312","trial_id":83,"state":1,"values":[-Infinity,-Infinity],"datetime_complete":"2026-06-05T15:18:23.395598"}
{"op_code":4,"worker_id":"4cddb9a8-be4e-413f-9746-6f7bb35c282b-139654453981312","study_id":0,"datetime_start":"2026-06-05T15:18:23.405773"}
{"op_code":9,"worker_id":"4cddb9a8-be4e-413f-9746-6f7bb35c282b-139654453981312","trial_id":91,"system_attr":{"nsga2:generation":1}}
{"op_code":5,"worker_id":"4cddb9a8-be4e-413f-9746-6f7bb35c282b-139654453981312","trial_id":91,"param_name":"JointSlopeAngle","param_value_internal":0.4562725310696143,"distribution":"{\"name\": \"FloatDistribution\", \"attributes\": {\"step\": null, \"low\": 0.17453292519943295, \"high\": 1.0471975511965976, \"log\": false}}"}
{"op_code":5,"worker_id":"4cddb9a8-be4e-413f-9746-6f7bb35c282b-139654453981312","trial_id":91,"param_name":"OuterRadius","param_value_internal":13.212753227038705,"distribution":"{\"name\": \"FloatDistribution\", \"attributes\": {\"step\": null, \"low\": 8.75, \"high\": 17.75, \"log\": false}}"}
{"op_code":5,"worker_id":"4cddb9a8-be4e-413f-9746-6f7bb35c282b-139654453981312","trial_id":91,"param_name":"JointHeight","param_value_internal":5.540535167631252,"distribution":"{\"name\": \"FloatDistribution\", \"attributes\": {\"step\": null, \"low\": 5.0, \"high\": 8.0, \"log\": false}}"}
{"op_code":5,"worker_id":"4cddb9a8-be4e-413f-9746-6f7bb35c282b-139654453981312","trial_id":91,"param_name":"CavityCorkThickness","param_value_internal":3.9868080910818744,"distribution":"{\"name\": \"FloatDistribution\", \"attributes\": {\"step\": null, \"low\": 2.0, \"high\": 5.0, \"log\": false}}"}
{"op_code":5,"worker_id":"4cddb9a8-be4e-413f-9746-6f7bb35c282b-139654453981312","trial_id":91,"param_name":"BellowHeight","param_value_internal":9.847141995441188,"distribution":"{\"name\": \"FloatDistribution\", \"attributes\": {\"step\": null, \"low\": 6.0, \"high\": 10.0, \"log\": false}}"}
{"op_code":5,"worker_id":"4cddb9a8-be4e-413f-9746-6f7bb35c282b-139654453981312","trial_id":91,"param_name":"WallThickness","param_value_internal":3.471832469828863,"distribution":"{\"name\": \"FloatDistribution\", \"attributes\": {\"step\": null, \"low\": 2.0, \"high\": 4.0, \"log\": false}}"}
{"op_code":5,"worker_id":"4cddb9a8-be4e-413f-9746-6f7bb35c282b-139654453981312","trial_id":91,"param_name":"PlateauHeight","param_value_internal":3.944047810334811,"distribution":"{\"name\": \"FloatDistribution\", \"attributes\": {\"step\": null, \"low\": 2.0, \"high\": 4.0, \"log\": false}}"}
{"op_code":6,"worker_id":"7d5d7e68-4e13-479b-8411-3192a485add4-140238302695552","trial_id":84,"state":1,"values":[-Infinity,-Infinity],"datetime_complete":"2026-06-05T15:18:23.658093"}
{"op_code":4,"worker_id":"7d5d7e68-4e13-479b-8411-3192a485add4-140238302695552","study_id":0,"datetime_start":"2026-06-05T15:18:23.668637"}
{"op_code":6,"worker_id":"47add64b-62cc-4453-9ad8-40ee34965529-140069582332032","trial_id":85,"state":1,"values":[-Infinity,-Infinity],"datetime_complete":"2026-06-05T15:18:23.677632"}
{"op_code":9,"worker_id":"7d5d7e68-4e13-479b-8411-3192a485add4-140238302695552","trial_id":92,"system_attr":{"nsga2:generation":1}}
{"op_code":5,"worker_id":"7d5d7e68-4e13-479b-8411-3192a485add4-140238302695552","trial_id":92,"param_name":"JointSlopeAngle","param_value_internal":0.8639313503001784,"distribution":"{\"name\": \"FloatDistribution\", \"attributes\": {\"step\": null, \"low\": 0.17453292519943295, \"high\": 1.0471975511965976, \"log\": false}}"}
{"op_code":4,"worker_id":"47add64b-62cc-4453-9ad8-40ee34965529-140069582332032","study_id":0,"datetime_start":"2026-06-05T15:18:23.689340"}
{"op_code":5,"worker_id":"7d5d7e68-4e13-479b-8411-3192a485add4-140238302695552","trial_id":92,"param_name":"OuterRadius","param_value_internal":9.788401444650754,"distribution":"{\"name\": \"FloatDistribution\", \"attributes\": {\"step\": null, \"low\": 8.75, \"high\": 17.75, \"log\": false}}"}
{"op_code":5,"worker_id":"7d5d7e68-4e13-479b-8411-3192a485add4-140238302695552","trial_id":92,"param_name":"JointHeight","param_value_internal":7.8103848361463495,"distribution":"{\"name\": \"FloatDistribution\", \"attributes\": {\"step\": null, \"low\": 5.0, \"high\": 8.0, \"log\": false}}"}
{"op_code":9,"worker_id":"47add64b-62cc-4453-9ad8-40ee34965529-140069582332032","trial_id":93,"system_attr":{"nsga2:generation":1}}
{"op_code":5,"worker_id":"7d5d7e68-4e13-479b-8411-3192a485add4-140238302695552","trial_id":92,"param_name":"CavityCorkThickness","param_value_internal":2.439419636584075,"distribution":"{\"name\": \"FloatDistribution\", \"attributes\": {\"step\": null, \"low\": 2.0, \"high\": 5.0, \"log\": false}}"}
{"op_code":5,"worker_id":"47add64b-62cc-4453-9ad8-40ee34965529-140069582332032","trial_id":93,"param_name":"JointSlopeAngle","param_value_internal":0.6072201812920746,"distribution":"{\"name\": \"FloatDistribution\", \"attributes\": {\"step\": null, \"low\": 0.17453292519943295, \"high\": 1.0471975511965976, \"log\": false}}"}
{"op_code":5,"worker_id":"7d5d7e68-4e13-479b-8411-3192a485add4-140238302695552","trial_id":92,"param_name":"BellowHeight","param_value_internal":9.318018189810674,"distribution":"{\"name\": \"FloatDistribution\", \"attributes\": {\"step\": null, \"low\": 6.0, \"high\": 10.0, \"log\": false}}"}
{"op_code":5,"worker_id":"47add64b-62cc-4453-9ad8-40ee34965529-140069582332032","trial_id":93,"param_name":"OuterRadius","param_value_internal":10.671428636175179,"distribution":"{\"name\": \"FloatDistribution\", \"attributes\": {\"step\": null, \"low\": 8.75, \"high\": 17.75, \"log\": false}}"}
{"op_code":5,"worker_id":"7d5d7e68-4e13-479b-8411-3192a485add4-140238302695552","trial_id":92,"param_name":"WallThickness","param_value_internal":2.786299249214573,"distribution":"{\"name\": \"FloatDistribution\", \"attributes\": {\"step\": null, \"low\": 2.0, \"high\": 4.0, \"log\": false}}"}
{"op_code":5,"worker_id":"47add64b-62cc-4453-9ad8-40ee34965529-140069582332032","trial_id":93,"param_name":"JointHeight","param_value_internal":7.111878389256184,"distribution":"{\"name\": \"FloatDistribution\", \"attributes\": {\"step\": null, \"low\": 5.0, \"high\": 8.0, \"log\": false}}"}
{"op_code":5,"worker_id":"7d5d7e68-4e13-479b-8411-3192a485add4-140238302695552","trial_id":92,"param_name":"PlateauHeight","param_value_internal":2.4941155537567212,"distribution":"{\"name\": \"FloatDistribution\", \"attributes\": {\"step\": null, \"low\": 2.0, \"high\": 4.0, \"log\": false}}"}
{"op_code":6,"worker_id":"4df85164-b3fd-4745-b721-100fe9593c48-140563481460864","trial_id":86,"state":1,"values":[-Infinity,-Infinity],"datetime_complete":"2026-06-05T15:18:23.744180"}
{"op_code":5,"worker_id":"47add64b-62cc-4453-9ad8-40ee34965529-140069582332032","trial_id":93,"param_name":"CavityCorkThickness","param_value_internal":3.30240613934986,"distribution":"{\"name\": \"FloatDistribution\", \"attributes\": {\"step\": null, \"low\": 2.0, \"high\": 5.0, \"log\": false}}"}
{"op_code":4,"worker_id":"4df85164-b3fd-4745-b721-100fe9593c48-140563481460864","study_id":0,"datetime_start":"2026-06-05T15:18:23.758381"}
{"op_code":5,"worker_id":"47add64b-62cc-4453-9ad8-40ee34965529-140069582332032","trial_id":93,"param_name":"BellowHeight","param_value_internal":7.103441200306184,"distribution":"{\"name\": \"FloatDistribution\", \"attributes\": {\"step\": null, \"low\": 6.0, \"high\": 10.0, \"log\": false}}"}
{"op_code":5,"worker_id":"47add64b-62cc-4453-9ad8-40ee34965529-140069582332032","trial_id":93,"param_name":"WallThickness","param_value_internal":2.460833817027424,"distribution":"{\"name\": \"FloatDistribution\", \"attributes\": {\"step\": null, \"low\": 2.0, \"high\": 4.0, \"log\": false}}"}
{"op_code":9,"worker_id":"4df85164-b3fd-4745-b721-100fe9593c48-140563481460864","trial_id":94,"system_attr":{"nsga2:generation":1}}
{"op_code":5,"worker_id":"47add64b-62cc-4453-9ad8-40ee34965529-140069582332032","trial_id":93,"param_name":"PlateauHeight","param_value_internal":2.741179910116939,"distribution":"{\"name\": \"FloatDistribution\", \"attributes\": {\"step\": null, \"low\": 2.0, \"high\": 4.0, \"log\": false}}"}
{"op_code":5,"worker_id":"4df85164-b3fd-4745-b721-100fe9593c48-140563481460864","trial_id":94,"param_name":"JointSlopeAngle","param_value_internal":0.5573211589708549,"distribution":"{\"name\": \"FloatDistribution\", \"attributes\": {\"step\": null, \"low\": 0.17453292519943295, \"high\": 1.0471975511965976, \"log\": false}}"}
{"op_code":5,"worker_id":"4df85164-b3fd-4745-b721-100fe9593c48-140563481460864","trial_id":94,"param_name":"OuterRadius","param_value_internal":13.108582206031185,"distribution":"{\"name\": \"FloatDistribution\", \"attributes\": {\"step\": null, \"low\": 8.75, \"high\": 17.75, \"log\": false}}"}
{"op_code":5,"worker_id":"4df85164-b3fd-4745-b721-100fe9593c48-140563481460864","trial_id":94,"param_name":"JointHeight","param_value_internal":7.982538841137455,"distribution":"{\"name\": \"FloatDistribution\", \"attributes\": {\"step\": null, \"low\": 5.0, \"high\": 8.0, \"log\": false}}"}
{"op_code":5,"worker_id":"4df85164-b3fd-4745-b721-100fe9593c48-140563481460864","trial_id":94,"param_name":"CavityCorkThickness","param_value_internal":2.574711354427945,"distribution":"{\"name\": \"FloatDistribution\", \"attributes\": {\"step\": null, \"low\": 2.0, \"high\": 5.0, \"log\": false}}"}
{"op_code":5,"worker_id":"4df85164-b3fd-4745-b721-100fe9593c48-140563481460864","trial_id":94,"param_name":"BellowHeight","param_value_internal":9.057451106947497,"distribution":"{\"name\": \"FloatDistribution\", \"attributes\": {\"step\": null, \"low\": 6.0, \"high\": 10.0, \"log\": false}}"}
{"op_code":5,"worker_id":"4df85164-b3fd-4745-b721-100fe9593c48-140563481460864","trial_id":94,"param_name":"WallThickness","param_value_internal":3.608912947496888,"distribution":"{\"name\": \"FloatDistribution\", \"attributes\": {\"step\": null, \"low\": 2.0, \"high\": 4.0, \"log\": false}}"}
{"op_code":5,"worker_id":"4df85164-b3fd-4745-b721-100fe9593c48-140563481460864","trial_id":94,"param_name":"PlateauHeight","param_value_internal":3.9234643128138,"distribution":"{\"name\": \"FloatDistribution\", \"attributes\": {\"step\": null, \"low\": 2.0, \"high\": 4.0, \"log\": false}}"}
{"op_code":6,"worker_id":"66769b4e-5d7b-4393-b5fc-f3113d5281d1-139720672919680","trial_id":87,"state":1,"values":[-Infinity,-Infinity],"datetime_complete":"2026-06-05T15:18:23.826010"}
{"op_code":4,"worker_id":"66769b4e-5d7b-4393-b5fc-f3113d5281d1-139720672919680","study_id":0,"datetime_start":"2026-06-05T15:18:23.836045"}
{"op_code":9,"worker_id":"66769b4e-5d7b-4393-b5fc-f3113d5281d1-139720672919680","trial_id":95,"system_attr":{"nsga2:generation":1}}
{"op_code":5,"worker_id":"66769b4e-5d7b-4393-b5fc-f3113d5281d1-139720672919680","trial_id":95,"param_name":"JointSlopeAngle","param_value_internal":0.42791211068855706,"distribution":"{\"name\": \"FloatDistribution\", \"attributes\": {\"step\": null, \"low\": 0.17453292519943295, \"high\": 1.0471975511965976, \"log\": false}}"}
{"op_code":5,"worker_id":"66769b4e-5d7b-4393-b5fc-f3113d5281d1-139720672919680","trial_id":95,"param_name":"OuterRadius","param_value_internal":17.352150465811185,"distribution":"{\"name\": \"FloatDistribution\", \"attributes\": {\"step\": null, \"low\": 8.75, \"high\": 17.75, \"log\": false}}"}
{"op_code":5,"worker_id":"66769b4e-5d7b-4393-b5fc-f3113d5281d1-139720672919680","trial_id":95,"param_name":"JointHeight","param_value_internal":5.339787677351947,"distribution":"{\"name\": \"FloatDistribution\", \"attributes\": {\"step\": null, \"low\": 5.0, \"high\": 8.0, \"log\": false}}"}
{"op_code":5,"worker_id":"66769b4e-5d7b-4393-b5fc-f3113d5281d1-139720672919680","trial_id":95,"param_name":"CavityCorkThickness","param_value_internal":3.914106728572807,"distribution":"{\"name\": \"FloatDistribution\", \"attributes\": {\"step\": null, \"low\": 2.0, \"high\": 5.0, \"log\": false}}"}
{"op_code":5,"worker_id":"66769b4e-5d7b-4393-b5fc-f3113d5281d1-139720672919680","trial_id":95,"param_name":"BellowHeight","param_value_internal":9.06323059841282,"distribution":"{\"name\": \"FloatDistribution\", \"attributes\": {\"step\": null, \"low\": 6.0, \"high\": 10.0, \"log\": false}}"}
{"op_code":5,"worker_id":"66769b4e-5d7b-4393-b5fc-f3113d5281d1-139720672919680","trial_id":95,"param_name":"WallThickness","param_value_internal":2.393509484267568,"distribution":"{\"name\": \"FloatDistribution\", \"attributes\": {\"step\": null, \"low\": 2.0, \"high\": 4.0, \"log\": false}}"}
{"op_code":5,"worker_id":"66769b4e-5d7b-4393-b5fc-f3113d5281d1-139720672919680","trial_id":95,"param_name":"PlateauHeight","param_value_internal":2.3536826858987023,"distribution":"{\"name\": \"FloatDistribution\", \"attributes\": {\"step\": null, \"low\": 2.0, \"high\": 4.0, \"log\": false}}"}
{"op_code":6,"worker_id":"4f814d94-9597-475f-ac7e-7bcc55161dcb-139810141511808","trial_id":88,"state":1,"values":[-Infinity,-Infinity],"datetime_complete":"2026-06-05T15:18:23.962631"}
{"op_code":4,"worker_id":"4f814d94-9597-475f-ac7e-7bcc55161dcb-139810141511808","study_id":0,"datetime_start":"2026-06-05T15:18:23.972803"}
{"op_code":9,"worker_id":"4f814d94-9597-475f-ac7e-7bcc55161dcb-139810141511808","trial_id":96,"system_attr":{"nsga2:generation":1}}
{"op_code":5,"worker_id":"4f814d94-9597-475f-ac7e-7bcc55161dcb-139810141511808","trial_id":96,"param_name":"JointSlopeAngle","param_value_internal":0.4744539248538546,"distribution":"{\"name\": \"FloatDistribution\", \"attributes\": {\"step\": null, \"low\": 0.17453292519943295, \"high\": 1.0471975511965976, \"log\": false}}"}
{"op_code":5,"worker_id":"4f814d94-9597-475f-ac7e-7bcc55161dcb-139810141511808","trial_id":96,"param_name":"OuterRadius","param_value_internal":15.586246737933669,"distribution":"{\"name\": \"FloatDistribution\", \"attributes\": {\"step\": null, \"low\": 8.75, \"high\": 17.75, \"log\": false}}"}
{"op_code":5,"worker_id":"4f814d94-9597-475f-ac7e-7bcc55161dcb-139810141511808","trial_id":96,"param_name":"JointHeight","param_value_internal":5.0801118767106015,"distribution":"{\"name\": \"FloatDistribution\", \"attributes\": {\"step\": null, \"low\": 5.0, \"high\": 8.0, \"log\": false}}"}
{"op_code":5,"worker_id":"4f814d94-9597-475f-ac7e-7bcc55161dcb-139810141511808","trial_id":96,"param_name":"CavityCorkThickness","param_value_internal":2.6350465366809006,"distribution":"{\"name\": \"FloatDistribution\", \"attributes\": {\"step\": null, \"low\": 2.0, \"high\": 5.0, \"log\": false}}"}
{"op_code":5,"worker_id":"4f814d94-9597-475f-ac7e-7bcc55161dcb-139810141511808","trial_id":96,"param_name":"BellowHeight","param_value_internal":7.333987982649212,"distribution":"{\"name\": \"FloatDistribution\", \"attributes\": {\"step\": null, \"low\": 6.0, \"high\": 10.0, \"log\": false}}"}
{"op_code":5,"worker_id":"4f814d94-9597-475f-ac7e-7bcc55161dcb-139810141511808","trial_id":96,"param_name":"WallThickness","param_value_internal":3.2341338977836367,"distribution":"{\"name\": \"FloatDistribution\", \"attributes\": {\"step\": null, \"low\": 2.0, \"high\": 4.0, \"log\": false}}"}
{"op_code":5,"worker_id":"4f814d94-9597-475f-ac7e-7bcc55161dcb-139810141511808","trial_id":96,"param_name":"PlateauHeight","param_value_internal":2.21584048227842,"distribution":"{\"name\": \"FloatDistribution\", \"attributes\": {\"step\": null, \"low\": 2.0, \"high\": 4.0, \"log\": false}}"}
{"op_code":6,"worker_id":"c09b76ab-355c-44bb-be1c-2bf9ccce9c84-140209120854144","trial_id":89,"state":1,"values":[-Infinity,-Infinity],"datetime_complete":"2026-06-05T15:18:24.155631"}
{"op_code":4,"worker_id":"c09b76ab-355c-44bb-be1c-2bf9ccce9c84-140209120854144","study_id":0,"datetime_start":"2026-06-05T15:18:24.166194"}
{"op_code":9,"worker_id":"c09b76ab-355c-44bb-be1c-2bf9ccce9c84-140209120854144","trial_id":97,"system_attr":{"nsga2:generation":1}}
{"op_code":5,"worker_id":"c09b76ab-355c-44bb-be1c-2bf9ccce9c84-140209120854144","trial_id":97,"param_name":"JointSlopeAngle","param_value_internal":0.2740791576536674,"distribution":"{\"name\": \"FloatDistribution\", \"attributes\": {\"step\": null, \"low\": 0.17453292519943295, \"high\": 1.0471975511965976, \"log\": false}}"}
{"op_code":5,"worker_id":"c09b76ab-355c-44bb-be1c-2bf9ccce9c84-140209120854144","trial_id":97,"param_name":"OuterRadius","param_value_internal":17.726319500101837,"distribution":"{\"name\": \"FloatDistribution\", \"attributes\": {\"step\": null, \"low\": 8.75, \"high\": 17.75, \"log\": false}}"}
{"op_code":5,"worker_id":"c09b76ab-355c-44bb-be1c-2bf9ccce9c84-140209120854144","trial_id":97,"param_name":"JointHeight","param_value_internal":7.145472474950514,"distribution":"{\"name\": \"FloatDistribution\", \"attributes\": {\"step\": null, \"low\": 5.0, \"high\": 8.0, \"log\": false}}"}
{"op_code":5,"worker_id":"c09b76ab-355c-44bb-be1c-2bf9ccce9c84-140209120854144","trial_id":97,"param_name":"CavityCorkThickness","param_value_internal":4.817846986298072,"distribution":"{\"name\": \"FloatDistribution\", \"attributes\": {\"step\": null, \"low\": 2.0, \"high\": 5.0, \"log\": false}}"}
{"op_code":5,"worker_id":"c09b76ab-355c-44bb-be1c-2bf9ccce9c84-140209120854144","trial_id":97,"param_name":"BellowHeight","param_value_internal":7.195485138670007,"distribution":"{\"name\": \"FloatDistribution\", \"attributes\": {\"step\": null, \"low\": 6.0, \"high\": 10.0, \"log\": false}}"}
{"op_code":5,"worker_id":"c09b76ab-355c-44bb-be1c-2bf9ccce9c84-140209120854144","trial_id":97,"param_name":"WallThickness","param_value_internal":3.8792107182107283,"distribution":"{\"name\": \"FloatDistribution\", \"attributes\": {\"step\": null, \"low\": 2.0, \"high\": 4.0, \"log\": false}}"}
{"op_code":6,"worker_id":"753cc0fb-fdc7-4fd6-9de4-c28ae8c184f6-140150067351680","trial_id":90,"state":1,"values":[-Infinity,-Infinity],"datetime_complete":"2026-06-05T15:18:24.216233"}
{"op_code":5,"worker_id":"c09b76ab-355c-44bb-be1c-2bf9ccce9c84-140209120854144","trial_id":97,"param_name":"PlateauHeight","param_value_internal":2.5631907727712,"distribution":"{\"name\": \"FloatDistribution\", \"attributes\": {\"step\": null, \"low\": 2.0, \"high\": 4.0, \"log\": false}}"}
{"op_code":4,"worker_id":"753cc0fb-fdc7-4fd6-9de4-c28ae8c184f6-140150067351680","study_id":0,"datetime_start":"2026-06-05T15:18:24.227633"}
{"op_code":9,"worker_id":"753cc0fb-fdc7-4fd6-9de4-c28ae8c184f6-140150067351680","trial_id":98,"system_attr":{"nsga2:generation":1}}
{"op_code":5,"worker_id":"753cc0fb-fdc7-4fd6-9de4-c28ae8c184f6-140150067351680","trial_id":98,"param_name":"JointSlopeAngle","param_value_internal":0.42791211068855706,"distribution":"{\"name\": \"FloatDistribution\", \"attributes\": {\"step\": null, \"low\": 0.17453292519943295, \"high\": 1.0471975511965976, \"log\": false}}"}
{"op_code":5,"worker_id":"753cc0fb-fdc7-4fd6-9de4-c28ae8c184f6-140150067351680","trial_id":98,"param_name":"OuterRadius","param_value_internal":8.979379695717881,"distribution":"{\"name\": \"FloatDistribution\", \"attributes\": {\"step\": null, \"low\": 8.75, \"high\": 17.75, \"log\": false}}"}
{"op_code":5,"worker_id":"753cc0fb-fdc7-4fd6-9de4-c28ae8c184f6-140150067351680","trial_id":98,"param_name":"JointHeight","param_value_internal":5.052174475638841,"distribution":"{\"name\": \"FloatDistribution\", \"attributes\": {\"step\": null, \"low\": 5.0, \"high\": 8.0, \"log\": false}}"}
{"op_code":5,"worker_id":"753cc0fb-fdc7-4fd6-9de4-c28ae8c184f6-140150067351680","trial_id":98,"param_name":"CavityCorkThickness","param_value_internal":4.418131618541661,"distribution":"{\"name\": \"FloatDistribution\", \"attributes\": {\"step\": null, \"low\": 2.0, \"high\": 5.0, \"log\": false}}"}
{"op_code":5,"worker_id":"753cc0fb-fdc7-4fd6-9de4-c28ae8c184f6-140150067351680","trial_id":98,"param_name":"BellowHeight","param_value_internal":8.925428592548268,"distribution":"{\"name\": \"FloatDistribution\", \"attributes\": {\"step\": null, \"low\": 6.0, \"high\": 10.0, \"log\": false}}"}
{"op_code":5,"worker_id":"753cc0fb-fdc7-4fd6-9de4-c28ae8c184f6-140150067351680","trial_id":98,"param_name":"WallThickness","param_value_internal":2.8730180291110377,"distribution":"{\"name\": \"FloatDistribution\", \"attributes\": {\"step\": null, \"low\": 2.0, \"high\": 4.0, \"log\": false}}"}
{"op_code":5,"worker_id":"753cc0fb-fdc7-4fd6-9de4-c28ae8c184f6-140150067351680","trial_id":98,"param_name":"PlateauHeight","param_value_internal":3.5982705326520286,"distribution":"{\"name\": \"FloatDistribution\", \"attributes\": {\"step\": null, \"low\": 2.0, \"high\": 4.0, \"log\": false}}"}
{"op_code":6,"worker_id":"4cddb9a8-be4e-413f-9746-6f7bb35c282b-139654453981312","trial_id":91,"state":1,"values":[-Infinity,-Infinity],"datetime_complete":"2026-06-05T15:18:24.537439"}
{"op_code":0,"worker_id":"93933692-8c9e-499d-adab-d5b2898c52f4-139654453981312","study_name":"SensorFinger_3_optuna_evolutionary","directions":[2,2]}
{"op_code":0,"worker_id":"93933692-8c9e-499d-adab-d5b2898c52f4-139654453981312","study_name":"SensorFinger_3_optuna_evolutionary","directions":[2,2]}
{"op_code":6,"worker_id":"7d5d7e68-4e13-479b-8411-3192a485add4-140238302695552","trial_id":92,"state":1,"values":[-Infinity,-Infinity],"datetime_complete":"2026-06-05T15:18:24.816983"}
{"op_code":0,"worker_id":"ecc82d5c-4745-48ad-a88b-6c0c4ff22365-140238302695552","study_name":"SensorFinger_3_optuna_evolutionary","directions":[2,2]}
{"op_code":0,"worker_id":"ecc82d5c-4745-48ad-a88b-6c0c4ff22365-140238302695552","study_name":"SensorFinger_3_optuna_evolutionary","directions":[2,2]}
{"op_code":6,"worker_id":"4df85164-b3fd-4745-b721-100fe9593c48-140563481460864","trial_id":94,"state":1,"values":[-Infinity,-Infinity],"datetime_complete":"2026-06-05T15:18:24.888316"}
{"op_code":6,"worker_id":"47add64b-62cc-4453-9ad8-40ee34965529-140069582332032","trial_id":93,"state":1,"values":[-Infinity,-Infinity],"datetime_complete":"2026-06-05T15:18:24.896163"}
{"op_code":4,"worker_id":"47add64b-62cc-4453-9ad8-40ee34965529-140069582332032","study_id":0,"datetime_start":"2026-06-05T15:18:24.907134"}
{"op_code":9,"worker_id":"47add64b-62cc-4453-9ad8-40ee34965529-140069582332032","trial_id":99,"system_attr":{"nsga2:generation":1}}
{"op_code":5,"worker_id":"47add64b-62cc-4453-9ad8-40ee34965529-140069582332032","trial_id":99,"param_name":"JointSlopeAngle","param_value_internal":0.46552549578096314,"distribution":"{\"name\": \"FloatDistribution\", \"attributes\": {\"step\": null, \"low\": 0.17453292519943295, \"high\": 1.0471975511965976, \"log\": false}}"}
{"op_code":0,"worker_id":"6c178c68-d94a-4025-8689-63c9bf13d56d-140563481460864","study_name":"SensorFinger_3_optuna_evolutionary","directions":[2,2]}
{"op_code":5,"worker_id":"47add64b-62cc-4453-9ad8-40ee34965529-140069582332032","trial_id":99,"param_name":"OuterRadius","param_value_internal":12.917399202482246,"distribution":"{\"name\": \"FloatDistribution\", \"attributes\": {\"step\": null, \"low\": 8.75, \"high\": 17.75, \"log\": false}}"}
{"op_code":0,"worker_id":"6c178c68-d94a-4025-8689-63c9bf13d56d-140563481460864","study_name":"SensorFinger_3_optuna_evolutionary","directions":[2,2]}
{"op_code":5,"worker_id":"47add64b-62cc-4453-9ad8-40ee34965529-140069582332032","trial_id":99,"param_name":"JointHeight","param_value_internal":5.877712691215459,"distribution":"{\"name\": \"FloatDistribution\", \"attributes\": {\"step\": null, \"low\": 5.0, \"high\": 8.0, \"log\": false}}"}
{"op_code":6,"worker_id":"66769b4e-5d7b-4393-b5fc-f3113d5281d1-139720672919680","trial_id":95,"state":1,"values":[-Infinity,-Infinity],"datetime_complete":"2026-06-05T15:18:24.939806"}
{"op_code":5,"worker_id":"47add64b-62cc-4453-9ad8-40ee34965529-140069582332032","trial_id":99,"param_name":"CavityCorkThickness","param_value_internal":4.313048478149554,"distribution":"{\"name\": \"FloatDistribution\", \"attributes\": {\"step\": null, \"low\": 2.0, \"high\": 5.0, \"log\": false}}"}
{"op_code":5,"worker_id":"47add64b-62cc-4453-9ad8-40ee34965529-140069582332032","trial_id":99,"param_name":"BellowHeight","param_value_internal":7.236928328101843,"distribution":"{\"name\": \"FloatDistribution\", \"attributes\": {\"step\": null, \"low\": 6.0, \"high\": 10.0, \"log\": false}}"}
{"op_code":5,"worker_id":"47add64b-62cc-4453-9ad8-40ee34965529-140069582332032","trial_id":99,"param_name":"WallThickness","param_value_internal":2.2794111482789474,"distribution":"{\"name\": \"FloatDistribution\", \"attributes\": {\"step\": null, \"low\": 2.0, \"high\": 4.0, \"log\": false}}"}
{"op_code":5,"worker_id":"47add64b-62cc-4453-9ad8-40ee34965529-140069582332032","trial_id":99,"param_name":"PlateauHeight","param_value_internal":3.1291200847416425,"distribution":"{\"name\": \"FloatDistribution\", \"attributes\": {\"step\": null, \"low\": 2.0, \"high\": 4.0, \"log\": false}}"}
{"op_code":0,"worker_id":"46843d64-98b7-4a26-8365-033354688b66-139720672919680","study_name":"SensorFinger_3_optuna_evolutionary","directions":[2,2]}
{"op_code":0,"worker_id":"46843d64-98b7-4a26-8365-033354688b66-139720672919680","study_name":"SensorFinger_3_optuna_evolutionary","directions":[2,2]}
{"op_code":6,"worker_id":"4f814d94-9597-475f-ac7e-7bcc55161dcb-139810141511808","trial_id":96,"state":1,"values":[-Infinity,-Infinity],"datetime_complete":"2026-06-05T15:18:25.079602"}
{"op_code":0,"worker_id":"6d9bec0f-7a3b-41cf-9d7d-f80f13ed3ad1-139810141511808","study_name":"SensorFinger_3_optuna_evolutionary","directions":[2,2]}
{"op_code":0,"worker_id":"6d9bec0f-7a3b-41cf-9d7d-f80f13ed3ad1-139810141511808","study_name":"SensorFinger_3_optuna_evolutionary","directions":[2,2]}
{"op_code":6,"worker_id":"c09b76ab-355c-44bb-be1c-2bf9ccce9c84-140209120854144","trial_id":97,"state":1,"values":[-Infinity,-Infinity],"datetime_complete":"2026-06-05T15:18:25.318254"}
{"op_code":0,"worker_id":"30881f23-235e-47e3-8a9d-50f59d6690a9-140209120854144","study_name":"SensorFinger_3_optuna_evolutionary","directions":[2,2]}
{"op_code":0,"worker_id":"30881f23-235e-47e3-8a9d-50f59d6690a9-140209120854144","study_name":"SensorFinger_3_optuna_evolutionary","directions":[2,2]}
{"op_code":6,"worker_id":"753cc0fb-fdc7-4fd6-9de4-c28ae8c184f6-140150067351680","trial_id":98,"state":1,"values":[-Infinity,-Infinity],"datetime_complete":"2026-06-05T15:18:25.361175"}
{"op_code":0,"worker_id":"985008dc-48c3-43ec-9776-96b55814ea1d-139654453981312","study_name":"SensorFinger_3_optuna_evolutionary","directions":[2,2]}
{"op_code":0,"worker_id":"985008dc-48c3-43ec-9776-96b55814ea1d-139654453981312","study_name":"SensorFinger_3_optuna_evolutionary","directions":[2,2]}
{"op_code":0,"worker_id":"5e1a114f-533c-42ac-8280-d8c0d5bc7bf8-140150067351680","study_name":"SensorFinger_3_optuna_evolutionary","directions":[2,2]}
{"op_code":0,"worker_id":"5e1a114f-533c-42ac-8280-d8c0d5bc7bf8-140150067351680","study_name":"SensorFinger_3_optuna_evolutionary","directions":[2,2]}
{"op_code":0,"worker_id":"6c9d2fdf-b1f1-4460-82ba-9aa03a248a8a-140238302695552","study_name":"SensorFinger_3_optuna_evolutionary","directions":[2,2]}
{"op_code":0,"worker_id":"6c9d2fdf-b1f1-4460-82ba-9aa03a248a8a-140238302695552","study_name":"SensorFinger_3_optuna_evolutionary","directions":[2,2]}
{"op_code":0,"worker_id":"3ec4e190-c0c1-474a-afe6-e96ad866cff7-140563481460864","study_name":"SensorFinger_3_optuna_evolutionary","directions":[2,2]}
{"op_code":0,"worker_id":"3ec4e190-c0c1-474a-afe6-e96ad866cff7-140563481460864","study_name":"SensorFinger_3_optuna_evolutionary","directions":[2,2]}
{"op_code":0,"worker_id":"4896a15b-81ef-4308-a6f9-667a3d97df2a-139720672919680","study_name":"SensorFinger_3_optuna_evolutionary","directions":[2,2]}
{"op_code":0,"worker_id":"4896a15b-81ef-4308-a6f9-667a3d97df2a-139720672919680","study_name":"SensorFinger_3_optuna_evolutionary","directions":[2,2]}
{"op_code":0,"worker_id":"b091db28-ac0b-44f0-b144-b461f1ed2ef7-139810141511808","study_name":"SensorFinger_3_optuna_evolutionary","directions":[2,2]}
{"op_code":0,"worker_id":"b091db28-ac0b-44f0-b144-b461f1ed2ef7-139810141511808","study_name":"SensorFinger_3_optuna_evolutionary","directions":[2,2]}
{"op_code":6,"worker_id":"47add64b-62cc-4453-9ad8-40ee34965529-140069582332032","trial_id":99,"state":1,"values":[-Infinity,-Infinity],"datetime_complete":"2026-06-05T15:18:26.063385"}
{"op_code":0,"worker_id":"c2f400f8-14e5-4724-9565-41c2441531e1-140069582332032","study_name":"SensorFinger_3_optuna_evolutionary","directions":[2,2]}
{"op_code":0,"worker_id":"c2f400f8-14e5-4724-9565-41c2441531e1-140069582332032","study_name":"SensorFinger_3_optuna_evolutionary","directions":[2,2]}
{"op_code":0,"worker_id":"9ded5767-7609-4921-b474-573abf8ebd2d-140209120854144","study_name":"SensorFinger_3_optuna_evolutionary","directions":[2,2]}
{"op_code":0,"worker_id":"9ded5767-7609-4921-b474-573abf8ebd2d-140209120854144","study_name":"SensorFinger_3_optuna_evolutionary","directions":[2,2]}
{"op_code":0,"worker_id":"673c876d-7855-4edc-bf75-c2a1bd06a177-140150067351680","study_name":"SensorFinger_3_optuna_evolutionary","directions":[2,2]}
{"op_code":0,"worker_id":"673c876d-7855-4edc-bf75-c2a1bd06a177-140150067351680","study_name":"SensorFinger_3_optuna_evolutionary","directions":[2,2]}
{"op_code":0,"worker_id":"66bcdf36-d910-4219-a9c3-4ca82d9ea99d-140069582332032","study_name":"SensorFinger_3_optuna_evolutionary","directions":[2,2]}
{"op_code":0,"worker_id":"66bcdf36-d910-4219-a9c3-4ca82d9ea99d-140069582332032","study_name":"SensorFinger_3_optuna_evolutionary","directions":[2,2]}
