{"op_code":0,"worker_id":"b4282f5a-3a02-42bc-98fc-ed71c2a6e632-140662602612864","study_name":"SensorFinger_8_optuna_evolutionary","directions":[2,2]}
{"op_code":0,"worker_id":"f436a37b-f8c3-4714-a881-41f684b2042a-139850215403648","study_name":"SensorFinger_8_optuna_evolutionary","directions":[2,2]}
{"op_code":0,"worker_id":"b6346ce0-0bda-41fe-b1d8-8471c30e0386-139658692169856","study_name":"SensorFinger_8_optuna_evolutionary","directions":[2,2]}
{"op_code":0,"worker_id":"f436a37b-f8c3-4714-a881-41f684b2042a-139850215403648","study_name":"SensorFinger_8_optuna_evolutionary","directions":[2,2]}
{"op_code":4,"worker_id":"b4282f5a-3a02-42bc-98fc-ed71c2a6e632-140662602612864","study_id":0,"datetime_start":"2026-06-05T15:13:31.218668"}
{"op_code":0,"worker_id":"b6346ce0-0bda-41fe-b1d8-8471c30e0386-139658692169856","study_name":"SensorFinger_8_optuna_evolutionary","directions":[2,2]}
{"op_code":4,"worker_id":"f436a37b-f8c3-4714-a881-41f684b2042a-139850215403648","study_id":0,"datetime_start":"2026-06-05T15:13:31.232161"}
{"op_code":9,"worker_id":"b4282f5a-3a02-42bc-98fc-ed71c2a6e632-140662602612864","trial_id":0,"system_attr":{"nsga2:generation":0}}
{"op_code":4,"worker_id":"b6346ce0-0bda-41fe-b1d8-8471c30e0386-139658692169856","study_id":0,"datetime_start":"2026-06-05T15:13:31.243566"}
{"op_code":5,"worker_id":"b4282f5a-3a02-42bc-98fc-ed71c2a6e632-140662602612864","trial_id":0,"param_name":"JointSlopeAngle","param_value_internal":0.47814812503217563,"distribution":"{\"name\": \"FloatDistribution\", \"attributes\": {\"step\": null, \"low\": 0.17453292519943295, \"high\": 1.0471975511965976, \"log\": false}}"}
{"op_code":9,"worker_id":"f436a37b-f8c3-4714-a881-41f684b2042a-139850215403648","trial_id":1,"system_attr":{"nsga2:generation":0}}
{"op_code":5,"worker_id":"b4282f5a-3a02-42bc-98fc-ed71c2a6e632-140662602612864","trial_id":0,"param_name":"OuterRadius","param_value_internal":15.23598797663581,"distribution":"{\"name\": \"FloatDistribution\", \"attributes\": {\"step\": null, \"low\": 8.75, \"high\": 17.75, \"log\": false}}"}
{"op_code":5,"worker_id":"f436a37b-f8c3-4714-a881-41f684b2042a-139850215403648","trial_id":1,"param_name":"JointSlopeAngle","param_value_internal":0.7200268073323552,"distribution":"{\"name\": \"FloatDistribution\", \"attributes\": {\"step\": null, \"low\": 0.17453292519943295, \"high\": 1.0471975511965976, \"log\": false}}"}
{"op_code":5,"worker_id":"b4282f5a-3a02-42bc-98fc-ed71c2a6e632-140662602612864","trial_id":0,"param_name":"JointHeight","param_value_internal":5.059414587260388,"distribution":"{\"name\": \"FloatDistribution\", \"attributes\": {\"step\": null, \"low\": 5.0, \"high\": 8.0, \"log\": false}}"}
{"op_code":5,"worker_id":"f436a37b-f8c3-4714-a881-41f684b2042a-139850215403648","trial_id":1,"param_name":"OuterRadius","param_value_internal":17.082519617702804,"distribution":"{\"name\": \"FloatDistribution\", \"attributes\": {\"step\": null, \"low\": 8.75, \"high\": 17.75, \"log\": false}}"}
{"op_code":5,"worker_id":"b4282f5a-3a02-42bc-98fc-ed71c2a6e632-140662602612864","trial_id":0,"param_name":"CavityCorkThickness","param_value_internal":3.1210674593307397,"distribution":"{\"name\": \"FloatDistribution\", \"attributes\": {\"step\": null, \"low\": 2.0, \"high\": 5.0, \"log\": false}}"}
{"op_code":5,"worker_id":"f436a37b-f8c3-4714-a881-41f684b2042a-139850215403648","trial_id":1,"param_name":"JointHeight","param_value_internal":6.3087156075356585,"distribution":"{\"name\": \"FloatDistribution\", \"attributes\": {\"step\": null, \"low\": 5.0, \"high\": 8.0, \"log\": false}}"}
{"op_code":5,"worker_id":"b4282f5a-3a02-42bc-98fc-ed71c2a6e632-140662602612864","trial_id":0,"param_name":"BellowHeight","param_value_internal":9.40580617636919,"distribution":"{\"name\": \"FloatDistribution\", \"attributes\": {\"step\": null, \"low\": 6.0, \"high\": 10.0, \"log\": false}}"}
{"op_code":9,"worker_id":"b6346ce0-0bda-41fe-b1d8-8471c30e0386-139658692169856","trial_id":2,"system_attr":{"nsga2:generation":0}}
{"op_code":5,"worker_id":"b4282f5a-3a02-42bc-98fc-ed71c2a6e632-140662602612864","trial_id":0,"param_name":"WallThickness","param_value_internal":3.4089976950088774,"distribution":"{\"name\": \"FloatDistribution\", \"attributes\": {\"step\": null, \"low\": 2.0, \"high\": 4.0, \"log\": false}}"}
{"op_code":5,"worker_id":"b6346ce0-0bda-41fe-b1d8-8471c30e0386-139658692169856","trial_id":2,"param_name":"JointSlopeAngle","param_value_internal":0.7895081777823023,"distribution":"{\"name\": \"FloatDistribution\", \"attributes\": {\"step\": null, \"low\": 0.17453292519943295, \"high\": 1.0471975511965976, \"log\": false}}"}
{"op_code":5,"worker_id":"b4282f5a-3a02-42bc-98fc-ed71c2a6e632-140662602612864","trial_id":0,"param_name":"PlateauHeight","param_value_internal":3.8970649127761483,"distribution":"{\"name\": \"FloatDistribution\", \"attributes\": {\"step\": null, \"low\": 2.0, \"high\": 4.0, \"log\": false}}"}
{"op_code":5,"worker_id":"b6346ce0-0bda-41fe-b1d8-8471c30e0386-139658692169856","trial_id":2,"param_name":"OuterRadius","param_value_internal":14.703508428384623,"distribution":"{\"name\": \"FloatDistribution\", \"attributes\": {\"step\": null, \"low\": 8.75, \"high\": 17.75, \"log\": false}}"}
{"op_code":5,"worker_id":"b6346ce0-0bda-41fe-b1d8-8471c30e0386-139658692169856","trial_id":2,"param_name":"JointHeight","param_value_internal":5.165306742770923,"distribution":"{\"name\": \"FloatDistribution\", \"attributes\": {\"step\": null, \"low\": 5.0, \"high\": 8.0, \"log\": false}}"}
{"op_code":5,"worker_id":"b6346ce0-0bda-41fe-b1d8-8471c30e0386-139658692169856","trial_id":2,"param_name":"CavityCorkThickness","param_value_internal":4.153610910858183,"distribution":"{\"name\": \"FloatDistribution\", \"attributes\": {\"step\": null, \"low\": 2.0, \"high\": 5.0, \"log\": false}}"}
{"op_code":5,"worker_id":"b6346ce0-0bda-41fe-b1d8-8471c30e0386-139658692169856","trial_id":2,"param_name":"BellowHeight","param_value_internal":9.404721191452648,"distribution":"{\"name\": \"FloatDistribution\", \"attributes\": {\"step\": null, \"low\": 6.0, \"high\": 10.0, \"log\": false}}"}
{"op_code":5,"worker_id":"b6346ce0-0bda-41fe-b1d8-8471c30e0386-139658692169856","trial_id":2,"param_name":"WallThickness","param_value_internal":2.821462951254773,"distribution":"{\"name\": \"FloatDistribution\", \"attributes\": {\"step\": null, \"low\": 2.0, \"high\": 4.0, \"log\": false}}"}
{"op_code":5,"worker_id":"b6346ce0-0bda-41fe-b1d8-8471c30e0386-139658692169856","trial_id":2,"param_name":"PlateauHeight","param_value_internal":2.486438816731864,"distribution":"{\"name\": \"FloatDistribution\", \"attributes\": {\"step\": null, \"low\": 2.0, \"high\": 4.0, \"log\": false}}"}
{"op_code":0,"worker_id":"4c1f89ba-6ee6-4c05-8781-5d22e5bf9ad9-140003344846976","study_name":"SensorFinger_8_optuna_evolutionary","directions":[2,2]}
{"op_code":0,"worker_id":"4c1f89ba-6ee6-4c05-8781-5d22e5bf9ad9-140003344846976","study_name":"SensorFinger_8_optuna_evolutionary","directions":[2,2]}
{"op_code":5,"worker_id":"f436a37b-f8c3-4714-a881-41f684b2042a-139850215403648","trial_id":1,"param_name":"CavityCorkThickness","param_value_internal":3.841219885767565,"distribution":"{\"name\": \"FloatDistribution\", \"attributes\": {\"step\": null, \"low\": 2.0, \"high\": 5.0, \"log\": false}}"}
{"op_code":4,"worker_id":"4c1f89ba-6ee6-4c05-8781-5d22e5bf9ad9-140003344846976","study_id":0,"datetime_start":"2026-06-05T15:13:31.353717"}
{"op_code":5,"worker_id":"f436a37b-f8c3-4714-a881-41f684b2042a-139850215403648","trial_id":1,"param_name":"BellowHeight","param_value_internal":8.044926732098686,"distribution":"{\"name\": \"FloatDistribution\", \"attributes\": {\"step\": null, \"low\": 6.0, \"high\": 10.0, \"log\": false}}"}
{"op_code":5,"worker_id":"f436a37b-f8c3-4714-a881-41f684b2042a-139850215403648","trial_id":1,"param_name":"WallThickness","param_value_internal":3.3736894321076467,"distribution":"{\"name\": \"FloatDistribution\", \"attributes\": {\"step\": null, \"low\": 2.0, \"high\": 4.0, \"log\": false}}"}
{"op_code":9,"worker_id":"4c1f89ba-6ee6-4c05-8781-5d22e5bf9ad9-140003344846976","trial_id":3,"system_attr":{"nsga2:generation":0}}
{"op_code":5,"worker_id":"f436a37b-f8c3-4714-a881-41f684b2042a-139850215403648","trial_id":1,"param_name":"PlateauHeight","param_value_internal":3.2538072616173137,"distribution":"{\"name\": \"FloatDistribution\", \"attributes\": {\"step\": null, \"low\": 2.0, \"high\": 4.0, \"log\": false}}"}
{"op_code":5,"worker_id":"4c1f89ba-6ee6-4c05-8781-5d22e5bf9ad9-140003344846976","trial_id":3,"param_name":"JointSlopeAngle","param_value_internal":0.9498985238352378,"distribution":"{\"name\": \"FloatDistribution\", \"attributes\": {\"step\": null, \"low\": 0.17453292519943295, \"high\": 1.0471975511965976, \"log\": false}}"}
{"op_code":5,"worker_id":"4c1f89ba-6ee6-4c05-8781-5d22e5bf9ad9-140003344846976","trial_id":3,"param_name":"OuterRadius","param_value_internal":13.478150685289702,"distribution":"{\"name\": \"FloatDistribution\", \"attributes\": {\"step\": null, \"low\": 8.75, \"high\": 17.75, \"log\": false}}"}
{"op_code":5,"worker_id":"4c1f89ba-6ee6-4c05-8781-5d22e5bf9ad9-140003344846976","trial_id":3,"param_name":"JointHeight","param_value_internal":6.65513885756655,"distribution":"{\"name\": \"FloatDistribution\", \"attributes\": {\"step\": null, \"low\": 5.0, \"high\": 8.0, \"log\": false}}"}
{"op_code":5,"worker_id":"4c1f89ba-6ee6-4c05-8781-5d22e5bf9ad9-140003344846976","trial_id":3,"param_name":"CavityCorkThickness","param_value_internal":4.102220614600593,"distribution":"{\"name\": \"FloatDistribution\", \"attributes\": {\"step\": null, \"low\": 2.0, \"high\": 5.0, \"log\": false}}"}
{"op_code":5,"worker_id":"4c1f89ba-6ee6-4c05-8781-5d22e5bf9ad9-140003344846976","trial_id":3,"param_name":"BellowHeight","param_value_internal":9.471189082879208,"distribution":"{\"name\": \"FloatDistribution\", \"attributes\": {\"step\": null, \"low\": 6.0, \"high\": 10.0, \"log\": false}}"}
{"op_code":5,"worker_id":"4c1f89ba-6ee6-4c05-8781-5d22e5bf9ad9-140003344846976","trial_id":3,"param_name":"WallThickness","param_value_internal":3.605908432032008,"distribution":"{\"name\": \"FloatDistribution\", \"attributes\": {\"step\": null, \"low\": 2.0, \"high\": 4.0, \"log\": false}}"}
{"op_code":5,"worker_id":"4c1f89ba-6ee6-4c05-8781-5d22e5bf9ad9-140003344846976","trial_id":3,"param_name":"PlateauHeight","param_value_internal":3.1435592652286473,"distribution":"{\"name\": \"FloatDistribution\", \"attributes\": {\"step\": null, \"low\": 2.0, \"high\": 4.0, \"log\": false}}"}
{"op_code":0,"worker_id":"6f92d237-fb8d-44e5-a0b9-8f0d7c5849e4-140698005012608","study_name":"SensorFinger_8_optuna_evolutionary","directions":[2,2]}
{"op_code":0,"worker_id":"6f92d237-fb8d-44e5-a0b9-8f0d7c5849e4-140698005012608","study_name":"SensorFinger_8_optuna_evolutionary","directions":[2,2]}
{"op_code":4,"worker_id":"6f92d237-fb8d-44e5-a0b9-8f0d7c5849e4-140698005012608","study_id":0,"datetime_start":"2026-06-05T15:13:31.794549"}
{"op_code":9,"worker_id":"6f92d237-fb8d-44e5-a0b9-8f0d7c5849e4-140698005012608","trial_id":4,"system_attr":{"nsga2:generation":0}}
{"op_code":5,"worker_id":"6f92d237-fb8d-44e5-a0b9-8f0d7c5849e4-140698005012608","trial_id":4,"param_name":"JointSlopeAngle","param_value_internal":0.8768690194230944,"distribution":"{\"name\": \"FloatDistribution\", \"attributes\": {\"step\": null, \"low\": 0.17453292519943295, \"high\": 1.0471975511965976, \"log\": false}}"}
{"op_code":5,"worker_id":"6f92d237-fb8d-44e5-a0b9-8f0d7c5849e4-140698005012608","trial_id":4,"param_name":"OuterRadius","param_value_internal":17.047668061984496,"distribution":"{\"name\": \"FloatDistribution\", \"attributes\": {\"step\": null, \"low\": 8.75, \"high\": 17.75, \"log\": false}}"}
{"op_code":5,"worker_id":"6f92d237-fb8d-44e5-a0b9-8f0d7c5849e4-140698005012608","trial_id":4,"param_name":"JointHeight","param_value_internal":7.058355814014519,"distribution":"{\"name\": \"FloatDistribution\", \"attributes\": {\"step\": null, \"low\": 5.0, \"high\": 8.0, \"log\": false}}"}
{"op_code":5,"worker_id":"6f92d237-fb8d-44e5-a0b9-8f0d7c5849e4-140698005012608","trial_id":4,"param_name":"CavityCorkThickness","param_value_internal":4.481989620985963,"distribution":"{\"name\": \"FloatDistribution\", \"attributes\": {\"step\": null, \"low\": 2.0, \"high\": 5.0, \"log\": false}}"}
{"op_code":5,"worker_id":"6f92d237-fb8d-44e5-a0b9-8f0d7c5849e4-140698005012608","trial_id":4,"param_name":"BellowHeight","param_value_internal":9.375719281773945,"distribution":"{\"name\": \"FloatDistribution\", \"attributes\": {\"step\": null, \"low\": 6.0, \"high\": 10.0, \"log\": false}}"}
{"op_code":5,"worker_id":"6f92d237-fb8d-44e5-a0b9-8f0d7c5849e4-140698005012608","trial_id":4,"param_name":"WallThickness","param_value_internal":3.678122191300711,"distribution":"{\"name\": \"FloatDistribution\", \"attributes\": {\"step\": null, \"low\": 2.0, \"high\": 4.0, \"log\": false}}"}
{"op_code":5,"worker_id":"6f92d237-fb8d-44e5-a0b9-8f0d7c5849e4-140698005012608","trial_id":4,"param_name":"PlateauHeight","param_value_internal":3.6990784249506725,"distribution":"{\"name\": \"FloatDistribution\", \"attributes\": {\"step\": null, \"low\": 2.0, \"high\": 4.0, \"log\": false}}"}
{"op_code":6,"worker_id":"b4282f5a-3a02-42bc-98fc-ed71c2a6e632-140662602612864","trial_id":0,"state":1,"values":[-Infinity,-Infinity],"datetime_complete":"2026-06-05T15:13:32.561708"}
{"op_code":4,"worker_id":"b4282f5a-3a02-42bc-98fc-ed71c2a6e632-140662602612864","study_id":0,"datetime_start":"2026-06-05T15:13:32.572716"}
{"op_code":9,"worker_id":"b4282f5a-3a02-42bc-98fc-ed71c2a6e632-140662602612864","trial_id":5,"system_attr":{"nsga2:generation":0}}
{"op_code":5,"worker_id":"b4282f5a-3a02-42bc-98fc-ed71c2a6e632-140662602612864","trial_id":5,"param_name":"JointSlopeAngle","param_value_internal":0.8472704367083278,"distribution":"{\"name\": \"FloatDistribution\", \"attributes\": {\"step\": null, \"low\": 0.17453292519943295, \"high\": 1.0471975511965976, \"log\": false}}"}
{"op_code":5,"worker_id":"b4282f5a-3a02-42bc-98fc-ed71c2a6e632-140662602612864","trial_id":5,"param_name":"OuterRadius","param_value_internal":15.267813796215329,"distribution":"{\"name\": \"FloatDistribution\", \"attributes\": {\"step\": null, \"low\": 8.75, \"high\": 17.75, \"log\": false}}"}
{"op_code":6,"worker_id":"b6346ce0-0bda-41fe-b1d8-8471c30e0386-139658692169856","trial_id":2,"state":1,"values":[-Infinity,-Infinity],"datetime_complete":"2026-06-05T15:13:32.598688"}
{"op_code":5,"worker_id":"b4282f5a-3a02-42bc-98fc-ed71c2a6e632-140662602612864","trial_id":5,"param_name":"JointHeight","param_value_internal":7.816559413997158,"distribution":"{\"name\": \"FloatDistribution\", \"attributes\": {\"step\": null, \"low\": 5.0, \"high\": 8.0, \"log\": false}}"}
{"op_code":5,"worker_id":"b4282f5a-3a02-42bc-98fc-ed71c2a6e632-140662602612864","trial_id":5,"param_name":"CavityCorkThickness","param_value_internal":2.4591243709125914,"distribution":"{\"name\": \"FloatDistribution\", \"attributes\": {\"step\": null, \"low\": 2.0, \"high\": 5.0, \"log\": false}}"}
{"op_code":4,"worker_id":"b6346ce0-0bda-41fe-b1d8-8471c30e0386-139658692169856","study_id":0,"datetime_start":"2026-06-05T15:13:32.611004"}
{"op_code":5,"worker_id":"b4282f5a-3a02-42bc-98fc-ed71c2a6e632-140662602612864","trial_id":5,"param_name":"BellowHeight","param_value_internal":9.3543168701928,"distribution":"{\"name\": \"FloatDistribution\", \"attributes\": {\"step\": null, \"low\": 6.0, \"high\": 10.0, \"log\": false}}"}
{"op_code":5,"worker_id":"b4282f5a-3a02-42bc-98fc-ed71c2a6e632-140662602612864","trial_id":5,"param_name":"WallThickness","param_value_internal":2.1463644313300954,"distribution":"{\"name\": \"FloatDistribution\", \"attributes\": {\"step\": null, \"low\": 2.0, \"high\": 4.0, \"log\": false}}"}
{"op_code":9,"worker_id":"b6346ce0-0bda-41fe-b1d8-8471c30e0386-139658692169856","trial_id":6,"system_attr":{"nsga2:generation":0}}
{"op_code":5,"worker_id":"b4282f5a-3a02-42bc-98fc-ed71c2a6e632-140662602612864","trial_id":5,"param_name":"PlateauHeight","param_value_internal":3.7479831773134835,"distribution":"{\"name\": \"FloatDistribution\", \"attributes\": {\"step\": null, \"low\": 2.0, \"high\": 4.0, \"log\": false}}"}
{"op_code":5,"worker_id":"b6346ce0-0bda-41fe-b1d8-8471c30e0386-139658692169856","trial_id":6,"param_name":"JointSlopeAngle","param_value_internal":0.2769745228118172,"distribution":"{\"name\": \"FloatDistribution\", \"attributes\": {\"step\": null, \"low\": 0.17453292519943295, \"high\": 1.0471975511965976, \"log\": false}}"}
{"op_code":6,"worker_id":"f436a37b-f8c3-4714-a881-41f684b2042a-139850215403648","trial_id":1,"state":1,"values":[-Infinity,-Infinity],"datetime_complete":"2026-06-05T15:13:32.644480"}
{"op_code":5,"worker_id":"b6346ce0-0bda-41fe-b1d8-8471c30e0386-139658692169856","trial_id":6,"param_name":"OuterRadius","param_value_internal":9.02634499729847,"distribution":"{\"name\": \"FloatDistribution\", \"attributes\": {\"step\": null, \"low\": 8.75, \"high\": 17.75, \"log\": false}}"}
{"op_code":5,"worker_id":"b6346ce0-0bda-41fe-b1d8-8471c30e0386-139658692169856","trial_id":6,"param_name":"JointHeight","param_value_internal":5.351152762860948,"distribution":"{\"name\": \"FloatDistribution\", \"attributes\": {\"step\": null, \"low\": 5.0, \"high\": 8.0, \"log\": false}}"}
{"op_code":4,"worker_id":"f436a37b-f8c3-4714-a881-41f684b2042a-139850215403648","study_id":0,"datetime_start":"2026-06-05T15:13:32.658153"}
{"op_code":5,"worker_id":"b6346ce0-0bda-41fe-b1d8-8471c30e0386-139658692169856","trial_id":6,"param_name":"CavityCorkThickness","param_value_internal":2.6565792868521942,"distribution":"{\"name\": \"FloatDistribution\", \"attributes\": {\"step\": null, \"low\": 2.0, \"high\": 5.0, \"log\": false}}"}
{"op_code":5,"worker_id":"b6346ce0-0bda-41fe-b1d8-8471c30e0386-139658692169856","trial_id":6,"param_name":"BellowHeight","param_value_internal":8.672510877129064,"distribution":"{\"name\": \"FloatDistribution\", \"attributes\": {\"step\": null, \"low\": 6.0, \"high\": 10.0, \"log\": false}}"}
{"op_code":9,"worker_id":"f436a37b-f8c3-4714-a881-41f684b2042a-139850215403648","trial_id":7,"system_attr":{"nsga2:generation":0}}
{"op_code":6,"worker_id":"4c1f89ba-6ee6-4c05-8781-5d22e5bf9ad9-140003344846976","trial_id":3,"state":1,"values":[-Infinity,-Infinity],"datetime_complete":"2026-06-05T15:13:32.680804"}
{"op_code":5,"worker_id":"f436a37b-f8c3-4714-a881-41f684b2042a-139850215403648","trial_id":7,"param_name":"JointSlopeAngle","param_value_internal":0.2213133309437776,"distribution":"{\"name\": \"FloatDistribution\", \"attributes\": {\"step\": null, \"low\": 0.17453292519943295, \"high\": 1.0471975511965976, \"log\": false}}"}
{"op_code":5,"worker_id":"f436a37b-f8c3-4714-a881-41f684b2042a-139850215403648","trial_id":7,"param_name":"OuterRadius","param_value_internal":10.06824106090192,"distribution":"{\"name\": \"FloatDistribution\", \"attributes\": {\"step\": null, \"low\": 8.75, \"high\": 17.75, \"log\": false}}"}
{"op_code":4,"worker_id":"4c1f89ba-6ee6-4c05-8781-5d22e5bf9ad9-140003344846976","study_id":0,"datetime_start":"2026-06-05T15:13:32.695295"}
{"op_code":5,"worker_id":"f436a37b-f8c3-4714-a881-41f684b2042a-139850215403648","trial_id":7,"param_name":"JointHeight","param_value_internal":6.9542566706471085,"distribution":"{\"name\": \"FloatDistribution\", \"attributes\": {\"step\": null, \"low\": 5.0, \"high\": 8.0, \"log\": false}}"}
{"op_code":5,"worker_id":"f436a37b-f8c3-4714-a881-41f684b2042a-139850215403648","trial_id":7,"param_name":"CavityCorkThickness","param_value_internal":2.98304842150075,"distribution":"{\"name\": \"FloatDistribution\", \"attributes\": {\"step\": null, \"low\": 2.0, \"high\": 5.0, \"log\": false}}"}
{"op_code":9,"worker_id":"4c1f89ba-6ee6-4c05-8781-5d22e5bf9ad9-140003344846976","trial_id":8,"system_attr":{"nsga2:generation":0}}
{"op_code":5,"worker_id":"f436a37b-f8c3-4714-a881-41f684b2042a-139850215403648","trial_id":7,"param_name":"BellowHeight","param_value_internal":6.39765546416419,"distribution":"{\"name\": \"FloatDistribution\", \"attributes\": {\"step\": null, \"low\": 6.0, \"high\": 10.0, \"log\": false}}"}
{"op_code":5,"worker_id":"4c1f89ba-6ee6-4c05-8781-5d22e5bf9ad9-140003344846976","trial_id":8,"param_name":"JointSlopeAngle","param_value_internal":0.5592178046608461,"distribution":"{\"name\": \"FloatDistribution\", \"attributes\": {\"step\": null, \"low\": 0.17453292519943295, \"high\": 1.0471975511965976, \"log\": false}}"}
{"op_code":5,"worker_id":"f436a37b-f8c3-4714-a881-41f684b2042a-139850215403648","trial_id":7,"param_name":"WallThickness","param_value_internal":2.2537474084916806,"distribution":"{\"name\": \"FloatDistribution\", \"attributes\": {\"step\": null, \"low\": 2.0, \"high\": 4.0, \"log\": false}}"}
{"op_code":5,"worker_id":"4c1f89ba-6ee6-4c05-8781-5d22e5bf9ad9-140003344846976","trial_id":8,"param_name":"OuterRadius","param_value_internal":12.597002358866424,"distribution":"{\"name\": \"FloatDistribution\", \"attributes\": {\"step\": null, \"low\": 8.75, \"high\": 17.75, \"log\": false}}"}
{"op_code":5,"worker_id":"f436a37b-f8c3-4714-a881-41f684b2042a-139850215403648","trial_id":7,"param_name":"PlateauHeight","param_value_internal":3.8233795079493325,"distribution":"{\"name\": \"FloatDistribution\", \"attributes\": {\"step\": null, \"low\": 2.0, \"high\": 4.0, \"log\": false}}"}
{"op_code":5,"worker_id":"b6346ce0-0bda-41fe-b1d8-8471c30e0386-139658692169856","trial_id":6,"param_name":"WallThickness","param_value_internal":2.603132191713771,"distribution":"{\"name\": \"FloatDistribution\", \"attributes\": {\"step\": null, \"low\": 2.0, \"high\": 4.0, \"log\": false}}"}
{"op_code":5,"worker_id":"4c1f89ba-6ee6-4c05-8781-5d22e5bf9ad9-140003344846976","trial_id":8,"param_name":"JointHeight","param_value_internal":7.532891452370575,"distribution":"{\"name\": \"FloatDistribution\", \"attributes\": {\"step\": null, \"low\": 5.0, \"high\": 8.0, \"log\": false}}"}
{"op_code":5,"worker_id":"b6346ce0-0bda-41fe-b1d8-8471c30e0386-139658692169856","trial_id":6,"param_name":"PlateauHeight","param_value_internal":3.7930592261485847,"distribution":"{\"name\": \"FloatDistribution\", \"attributes\": {\"step\": null, \"low\": 2.0, \"high\": 4.0, \"log\": false}}"}
{"op_code":5,"worker_id":"4c1f89ba-6ee6-4c05-8781-5d22e5bf9ad9-140003344846976","trial_id":8,"param_name":"CavityCorkThickness","param_value_internal":3.729137618571996,"distribution":"{\"name\": \"FloatDistribution\", \"attributes\": {\"step\": null, \"low\": 2.0, \"high\": 5.0, \"log\": false}}"}
{"op_code":5,"worker_id":"4c1f89ba-6ee6-4c05-8781-5d22e5bf9ad9-140003344846976","trial_id":8,"param_name":"BellowHeight","param_value_internal":8.661937672917814,"distribution":"{\"name\": \"FloatDistribution\", \"attributes\": {\"step\": null, \"low\": 6.0, \"high\": 10.0, \"log\": false}}"}
{"op_code":5,"worker_id":"4c1f89ba-6ee6-4c05-8781-5d22e5bf9ad9-140003344846976","trial_id":8,"param_name":"WallThickness","param_value_internal":3.093799956755743,"distribution":"{\"name\": \"FloatDistribution\", \"attributes\": {\"step\": null, \"low\": 2.0, \"high\": 4.0, \"log\": false}}"}
{"op_code":5,"worker_id":"4c1f89ba-6ee6-4c05-8781-5d22e5bf9ad9-140003344846976","trial_id":8,"param_name":"PlateauHeight","param_value_internal":3.8883211465884786,"distribution":"{\"name\": \"FloatDistribution\", \"attributes\": {\"step\": null, \"low\": 2.0, \"high\": 4.0, \"log\": false}}"}
{"op_code":0,"worker_id":"10a8ded3-896f-4967-a058-713acb9f72ba-140147300270208","study_name":"SensorFinger_8_optuna_evolutionary","directions":[2,2]}
{"op_code":0,"worker_id":"7ec27c0f-c20e-4361-843d-8eaa3d5568f6-139729260765312","study_name":"SensorFinger_8_optuna_evolutionary","directions":[2,2]}
{"op_code":0,"worker_id":"10a8ded3-896f-4967-a058-713acb9f72ba-140147300270208","study_name":"SensorFinger_8_optuna_evolutionary","directions":[2,2]}
{"op_code":0,"worker_id":"7ec27c0f-c20e-4361-843d-8eaa3d5568f6-139729260765312","study_name":"SensorFinger_8_optuna_evolutionary","directions":[2,2]}
{"op_code":4,"worker_id":"10a8ded3-896f-4967-a058-713acb9f72ba-140147300270208","study_id":0,"datetime_start":"2026-06-05T15:13:32.948945"}
{"op_code":4,"worker_id":"7ec27c0f-c20e-4361-843d-8eaa3d5568f6-139729260765312","study_id":0,"datetime_start":"2026-06-05T15:13:32.952750"}
{"op_code":9,"worker_id":"10a8ded3-896f-4967-a058-713acb9f72ba-140147300270208","trial_id":9,"system_attr":{"nsga2:generation":0}}
{"op_code":9,"worker_id":"7ec27c0f-c20e-4361-843d-8eaa3d5568f6-139729260765312","trial_id":10,"system_attr":{"nsga2:generation":0}}
{"op_code":5,"worker_id":"10a8ded3-896f-4967-a058-713acb9f72ba-140147300270208","trial_id":9,"param_name":"JointSlopeAngle","param_value_internal":0.5159639832014282,"distribution":"{\"name\": \"FloatDistribution\", \"attributes\": {\"step\": null, \"low\": 0.17453292519943295, \"high\": 1.0471975511965976, \"log\": false}}"}
{"op_code":5,"worker_id":"7ec27c0f-c20e-4361-843d-8eaa3d5568f6-139729260765312","trial_id":10,"param_name":"JointSlopeAngle","param_value_internal":0.5357091020598924,"distribution":"{\"name\": \"FloatDistribution\", \"attributes\": {\"step\": null, \"low\": 0.17453292519943295, \"high\": 1.0471975511965976, \"log\": false}}"}
{"op_code":5,"worker_id":"10a8ded3-896f-4967-a058-713acb9f72ba-140147300270208","trial_id":9,"param_name":"OuterRadius","param_value_internal":14.795419102419736,"distribution":"{\"name\": \"FloatDistribution\", \"attributes\": {\"step\": null, \"low\": 8.75, \"high\": 17.75, \"log\": false}}"}
{"op_code":5,"worker_id":"7ec27c0f-c20e-4361-843d-8eaa3d5568f6-139729260765312","trial_id":10,"param_name":"OuterRadius","param_value_internal":16.959891564875534,"distribution":"{\"name\": \"FloatDistribution\", \"attributes\": {\"step\": null, \"low\": 8.75, \"high\": 17.75, \"log\": false}}"}
{"op_code":5,"worker_id":"10a8ded3-896f-4967-a058-713acb9f72ba-140147300270208","trial_id":9,"param_name":"JointHeight","param_value_internal":6.196504516091639,"distribution":"{\"name\": \"FloatDistribution\", \"attributes\": {\"step\": null, \"low\": 5.0, \"high\": 8.0, \"log\": false}}"}
{"op_code":5,"worker_id":"7ec27c0f-c20e-4361-843d-8eaa3d5568f6-139729260765312","trial_id":10,"param_name":"JointHeight","param_value_internal":6.763688332860763,"distribution":"{\"name\": \"FloatDistribution\", \"attributes\": {\"step\": null, \"low\": 5.0, \"high\": 8.0, \"log\": false}}"}
{"op_code":5,"worker_id":"10a8ded3-896f-4967-a058-713acb9f72ba-140147300270208","trial_id":9,"param_name":"CavityCorkThickness","param_value_internal":4.525463781046303,"distribution":"{\"name\": \"FloatDistribution\", \"attributes\": {\"step\": null, \"low\": 2.0, \"high\": 5.0, \"log\": false}}"}
{"op_code":5,"worker_id":"7ec27c0f-c20e-4361-843d-8eaa3d5568f6-139729260765312","trial_id":10,"param_name":"CavityCorkThickness","param_value_internal":3.476242084626861,"distribution":"{\"name\": \"FloatDistribution\", \"attributes\": {\"step\": null, \"low\": 2.0, \"high\": 5.0, \"log\": false}}"}
{"op_code":5,"worker_id":"10a8ded3-896f-4967-a058-713acb9f72ba-140147300270208","trial_id":9,"param_name":"BellowHeight","param_value_internal":6.998558436098011,"distribution":"{\"name\": \"FloatDistribution\", \"attributes\": {\"step\": null, \"low\": 6.0, \"high\": 10.0, \"log\": false}}"}
{"op_code":5,"worker_id":"7ec27c0f-c20e-4361-843d-8eaa3d5568f6-139729260765312","trial_id":10,"param_name":"BellowHeight","param_value_internal":6.061027055273351,"distribution":"{\"name\": \"FloatDistribution\", \"attributes\": {\"step\": null, \"low\": 6.0, \"high\": 10.0, \"log\": false}}"}
{"op_code":5,"worker_id":"10a8ded3-896f-4967-a058-713acb9f72ba-140147300270208","trial_id":9,"param_name":"WallThickness","param_value_internal":2.5875608263954835,"distribution":"{\"name\": \"FloatDistribution\", \"attributes\": {\"step\": null, \"low\": 2.0, \"high\": 4.0, \"log\": false}}"}
{"op_code":5,"worker_id":"7ec27c0f-c20e-4361-843d-8eaa3d5568f6-139729260765312","trial_id":10,"param_name":"WallThickness","param_value_internal":3.6696912639589083,"distribution":"{\"name\": \"FloatDistribution\", \"attributes\": {\"step\": null, \"low\": 2.0, \"high\": 4.0, \"log\": false}}"}
{"op_code":0,"worker_id":"e96240ff-7283-4543-92d6-0e081eb83283-140399408197760","study_name":"SensorFinger_8_optuna_evolutionary","directions":[2,2]}
{"op_code":0,"worker_id":"2c502218-be46-491f-a292-69ceb9017558-140417704054912","study_name":"SensorFinger_8_optuna_evolutionary","directions":[2,2]}
{"op_code":0,"worker_id":"e96240ff-7283-4543-92d6-0e081eb83283-140399408197760","study_name":"SensorFinger_8_optuna_evolutionary","directions":[2,2]}
{"op_code":0,"worker_id":"2c502218-be46-491f-a292-69ceb9017558-140417704054912","study_name":"SensorFinger_8_optuna_evolutionary","directions":[2,2]}
{"op_code":5,"worker_id":"7ec27c0f-c20e-4361-843d-8eaa3d5568f6-139729260765312","trial_id":10,"param_name":"PlateauHeight","param_value_internal":2.981100545399343,"distribution":"{\"name\": \"FloatDistribution\", \"attributes\": {\"step\": null, \"low\": 2.0, \"high\": 4.0, \"log\": false}}"}
{"op_code":4,"worker_id":"e96240ff-7283-4543-92d6-0e081eb83283-140399408197760","study_id":0,"datetime_start":"2026-06-05T15:13:33.049584"}
{"op_code":5,"worker_id":"10a8ded3-896f-4967-a058-713acb9f72ba-140147300270208","trial_id":9,"param_name":"PlateauHeight","param_value_internal":3.185348712741326,"distribution":"{\"name\": \"FloatDistribution\", \"attributes\": {\"step\": null, \"low\": 2.0, \"high\": 4.0, \"log\": false}}"}
{"op_code":4,"worker_id":"2c502218-be46-491f-a292-69ceb9017558-140417704054912","study_id":0,"datetime_start":"2026-06-05T15:13:33.058972"}
{"op_code":9,"worker_id":"e96240ff-7283-4543-92d6-0e081eb83283-140399408197760","trial_id":11,"system_attr":{"nsga2:generation":0}}
{"op_code":5,"worker_id":"e96240ff-7283-4543-92d6-0e081eb83283-140399408197760","trial_id":11,"param_name":"JointSlopeAngle","param_value_internal":0.17789864727354412,"distribution":"{\"name\": \"FloatDistribution\", \"attributes\": {\"step\": null, \"low\": 0.17453292519943295, \"high\": 1.0471975511965976, \"log\": false}}"}
{"op_code":9,"worker_id":"2c502218-be46-491f-a292-69ceb9017558-140417704054912","trial_id":12,"system_attr":{"nsga2:generation":0}}
{"op_code":5,"worker_id":"e96240ff-7283-4543-92d6-0e081eb83283-140399408197760","trial_id":11,"param_name":"OuterRadius","param_value_internal":17.461914651674082,"distribution":"{\"name\": \"FloatDistribution\", \"attributes\": {\"step\": null, \"low\": 8.75, \"high\": 17.75, \"log\": false}}"}
{"op_code":5,"worker_id":"2c502218-be46-491f-a292-69ceb9017558-140417704054912","trial_id":12,"param_name":"JointSlopeAngle","param_value_internal":0.6742954472083563,"distribution":"{\"name\": \"FloatDistribution\", \"attributes\": {\"step\": null, \"low\": 0.17453292519943295, \"high\": 1.0471975511965976, \"log\": false}}"}
{"op_code":5,"worker_id":"e96240ff-7283-4543-92d6-0e081eb83283-140399408197760","trial_id":11,"param_name":"JointHeight","param_value_internal":6.083759856322865,"distribution":"{\"name\": \"FloatDistribution\", \"attributes\": {\"step\": null, \"low\": 5.0, \"high\": 8.0, \"log\": false}}"}
{"op_code":5,"worker_id":"2c502218-be46-491f-a292-69ceb9017558-140417704054912","trial_id":12,"param_name":"OuterRadius","param_value_internal":9.798734822806198,"distribution":"{\"name\": \"FloatDistribution\", \"attributes\": {\"step\": null, \"low\": 8.75, \"high\": 17.75, \"log\": false}}"}
{"op_code":5,"worker_id":"e96240ff-7283-4543-92d6-0e081eb83283-140399408197760","trial_id":11,"param_name":"CavityCorkThickness","param_value_internal":2.024952503805173,"distribution":"{\"name\": \"FloatDistribution\", \"attributes\": {\"step\": null, \"low\": 2.0, \"high\": 5.0, \"log\": false}}"}
{"op_code":5,"worker_id":"2c502218-be46-491f-a292-69ceb9017558-140417704054912","trial_id":12,"param_name":"JointHeight","param_value_internal":5.872280149485165,"distribution":"{\"name\": \"FloatDistribution\", \"attributes\": {\"step\": null, \"low\": 5.0, \"high\": 8.0, \"log\": false}}"}
{"op_code":5,"worker_id":"e96240ff-7283-4543-92d6-0e081eb83283-140399408197760","trial_id":11,"param_name":"BellowHeight","param_value_internal":8.249955706871631,"distribution":"{\"name\": \"FloatDistribution\", \"attributes\": {\"step\": null, \"low\": 6.0, \"high\": 10.0, \"log\": false}}"}
{"op_code":5,"worker_id":"2c502218-be46-491f-a292-69ceb9017558-140417704054912","trial_id":12,"param_name":"CavityCorkThickness","param_value_internal":3.248530504228279,"distribution":"{\"name\": \"FloatDistribution\", \"attributes\": {\"step\": null, \"low\": 2.0, \"high\": 5.0, \"log\": false}}"}
{"op_code":5,"worker_id":"e96240ff-7283-4543-92d6-0e081eb83283-140399408197760","trial_id":11,"param_name":"WallThickness","param_value_internal":2.545663243987858,"distribution":"{\"name\": \"FloatDistribution\", \"attributes\": {\"step\": null, \"low\": 2.0, \"high\": 4.0, \"log\": false}}"}
{"op_code":5,"worker_id":"2c502218-be46-491f-a292-69ceb9017558-140417704054912","trial_id":12,"param_name":"BellowHeight","param_value_internal":9.36624076887776,"distribution":"{\"name\": \"FloatDistribution\", \"attributes\": {\"step\": null, \"low\": 6.0, \"high\": 10.0, \"log\": false}}"}
{"op_code":5,"worker_id":"2c502218-be46-491f-a292-69ceb9017558-140417704054912","trial_id":12,"param_name":"WallThickness","param_value_internal":2.9446279100014356,"distribution":"{\"name\": \"FloatDistribution\", \"attributes\": {\"step\": null, \"low\": 2.0, \"high\": 4.0, \"log\": false}}"}
{"op_code":5,"worker_id":"2c502218-be46-491f-a292-69ceb9017558-140417704054912","trial_id":12,"param_name":"PlateauHeight","param_value_internal":2.9028739149173317,"distribution":"{\"name\": \"FloatDistribution\", \"attributes\": {\"step\": null, \"low\": 2.0, \"high\": 4.0, \"log\": false}}"}
{"op_code":5,"worker_id":"e96240ff-7283-4543-92d6-0e081eb83283-140399408197760","trial_id":11,"param_name":"PlateauHeight","param_value_internal":2.7503559255547576,"distribution":"{\"name\": \"FloatDistribution\", \"attributes\": {\"step\": null, \"low\": 2.0, \"high\": 4.0, \"log\": false}}"}
{"op_code":0,"worker_id":"5f9648e7-2ed2-457b-9a75-cb373948b6e9-140695596318848","study_name":"SensorFinger_8_optuna_evolutionary","directions":[2,2]}
{"op_code":0,"worker_id":"5f9648e7-2ed2-457b-9a75-cb373948b6e9-140695596318848","study_name":"SensorFinger_8_optuna_evolutionary","directions":[2,2]}
{"op_code":4,"worker_id":"5f9648e7-2ed2-457b-9a75-cb373948b6e9-140695596318848","study_id":0,"datetime_start":"2026-06-05T15:13:33.182815"}
{"op_code":9,"worker_id":"5f9648e7-2ed2-457b-9a75-cb373948b6e9-140695596318848","trial_id":13,"system_attr":{"nsga2:generation":0}}
{"op_code":5,"worker_id":"5f9648e7-2ed2-457b-9a75-cb373948b6e9-140695596318848","trial_id":13,"param_name":"JointSlopeAngle","param_value_internal":0.8945304078286826,"distribution":"{\"name\": \"FloatDistribution\", \"attributes\": {\"step\": null, \"low\": 0.17453292519943295, \"high\": 1.0471975511965976, \"log\": false}}"}
{"op_code":5,"worker_id":"5f9648e7-2ed2-457b-9a75-cb373948b6e9-140695596318848","trial_id":13,"param_name":"OuterRadius","param_value_internal":11.610867429704882,"distribution":"{\"name\": \"FloatDistribution\", \"attributes\": {\"step\": null, \"low\": 8.75, \"high\": 17.75, \"log\": false}}"}
{"op_code":5,"worker_id":"5f9648e7-2ed2-457b-9a75-cb373948b6e9-140695596318848","trial_id":13,"param_name":"JointHeight","param_value_internal":5.517305847279628,"distribution":"{\"name\": \"FloatDistribution\", \"attributes\": {\"step\": null, \"low\": 5.0, \"high\": 8.0, \"log\": false}}"}
{"op_code":5,"worker_id":"5f9648e7-2ed2-457b-9a75-cb373948b6e9-140695596318848","trial_id":13,"param_name":"CavityCorkThickness","param_value_internal":3.42235086389446,"distribution":"{\"name\": \"FloatDistribution\", \"attributes\": {\"step\": null, \"low\": 2.0, \"high\": 5.0, \"log\": false}}"}
{"op_code":5,"worker_id":"5f9648e7-2ed2-457b-9a75-cb373948b6e9-140695596318848","trial_id":13,"param_name":"BellowHeight","param_value_internal":7.382408138028065,"distribution":"{\"name\": \"FloatDistribution\", \"attributes\": {\"step\": null, \"low\": 6.0, \"high\": 10.0, \"log\": false}}"}
{"op_code":5,"worker_id":"5f9648e7-2ed2-457b-9a75-cb373948b6e9-140695596318848","trial_id":13,"param_name":"WallThickness","param_value_internal":2.7397110522351156,"distribution":"{\"name\": \"FloatDistribution\", \"attributes\": {\"step\": null, \"low\": 2.0, \"high\": 4.0, \"log\": false}}"}
{"op_code":5,"worker_id":"5f9648e7-2ed2-457b-9a75-cb373948b6e9-140695596318848","trial_id":13,"param_name":"PlateauHeight","param_value_internal":3.9772091635811244,"distribution":"{\"name\": \"FloatDistribution\", \"attributes\": {\"step\": null, \"low\": 2.0, \"high\": 4.0, \"log\": false}}"}
{"op_code":6,"worker_id":"b4282f5a-3a02-42bc-98fc-ed71c2a6e632-140662602612864","trial_id":5,"state":1,"values":[-Infinity,-Infinity],"datetime_complete":"2026-06-05T15:13:33.380833"}
{"op_code":4,"worker_id":"b4282f5a-3a02-42bc-98fc-ed71c2a6e632-140662602612864","study_id":0,"datetime_start":"2026-06-05T15:13:33.392472"}
{"op_code":9,"worker_id":"b4282f5a-3a02-42bc-98fc-ed71c2a6e632-140662602612864","trial_id":14,"system_attr":{"nsga2:generation":0}}
{"op_code":5,"worker_id":"b4282f5a-3a02-42bc-98fc-ed71c2a6e632-140662602612864","trial_id":14,"param_name":"JointSlopeAngle","param_value_internal":0.5233720299791019,"distribution":"{\"name\": \"FloatDistribution\", \"attributes\": {\"step\": null, \"low\": 0.17453292519943295, \"high\": 1.0471975511965976, \"log\": false}}"}
{"op_code":5,"worker_id":"b4282f5a-3a02-42bc-98fc-ed71c2a6e632-140662602612864","trial_id":14,"param_name":"OuterRadius","param_value_internal":15.230369251358729,"distribution":"{\"name\": \"FloatDistribution\", \"attributes\": {\"step\": null, \"low\": 8.75, \"high\": 17.75, \"log\": false}}"}
{"op_code":5,"worker_id":"b4282f5a-3a02-42bc-98fc-ed71c2a6e632-140662602612864","trial_id":14,"param_name":"JointHeight","param_value_internal":5.79402826387025,"distribution":"{\"name\": \"FloatDistribution\", \"attributes\": {\"step\": null, \"low\": 5.0, \"high\": 8.0, \"log\": false}}"}
{"op_code":5,"worker_id":"b4282f5a-3a02-42bc-98fc-ed71c2a6e632-140662602612864","trial_id":14,"param_name":"CavityCorkThickness","param_value_internal":2.517778439922478,"distribution":"{\"name\": \"FloatDistribution\", \"attributes\": {\"step\": null, \"low\": 2.0, \"high\": 5.0, \"log\": false}}"}
{"op_code":5,"worker_id":"b4282f5a-3a02-42bc-98fc-ed71c2a6e632-140662602612864","trial_id":14,"param_name":"BellowHeight","param_value_internal":6.140418287277585,"distribution":"{\"name\": \"FloatDistribution\", \"attributes\": {\"step\": null, \"low\": 6.0, \"high\": 10.0, \"log\": false}}"}
{"op_code":5,"worker_id":"b4282f5a-3a02-42bc-98fc-ed71c2a6e632-140662602612864","trial_id":14,"param_name":"WallThickness","param_value_internal":2.752174254140735,"distribution":"{\"name\": \"FloatDistribution\", \"attributes\": {\"step\": null, \"low\": 2.0, \"high\": 4.0, \"log\": false}}"}
{"op_code":5,"worker_id":"b4282f5a-3a02-42bc-98fc-ed71c2a6e632-140662602612864","trial_id":14,"param_name":"PlateauHeight","param_value_internal":2.508365329124771,"distribution":"{\"name\": \"FloatDistribution\", \"attributes\": {\"step\": null, \"low\": 2.0, \"high\": 4.0, \"log\": false}}"}
{"op_code":6,"worker_id":"f436a37b-f8c3-4714-a881-41f684b2042a-139850215403648","trial_id":7,"state":1,"values":[-Infinity,-Infinity],"datetime_complete":"2026-06-05T15:13:33.477573"}
{"op_code":4,"worker_id":"f436a37b-f8c3-4714-a881-41f684b2042a-139850215403648","study_id":0,"datetime_start":"2026-06-05T15:13:33.487767"}
{"op_code":9,"worker_id":"f436a37b-f8c3-4714-a881-41f684b2042a-139850215403648","trial_id":15,"system_attr":{"nsga2:generation":0}}
{"op_code":5,"worker_id":"f436a37b-f8c3-4714-a881-41f684b2042a-139850215403648","trial_id":15,"param_name":"JointSlopeAngle","param_value_internal":0.6873758258245394,"distribution":"{\"name\": \"FloatDistribution\", \"attributes\": {\"step\": null, \"low\": 0.17453292519943295, \"high\": 1.0471975511965976, \"log\": false}}"}
{"op_code":6,"worker_id":"b6346ce0-0bda-41fe-b1d8-8471c30e0386-139658692169856","trial_id":6,"state":1,"values":[-Infinity,-Infinity],"datetime_complete":"2026-06-05T15:13:33.504860"}
{"op_code":5,"worker_id":"f436a37b-f8c3-4714-a881-41f684b2042a-139850215403648","trial_id":15,"param_name":"OuterRadius","param_value_internal":9.811051703620382,"distribution":"{\"name\": \"FloatDistribution\", \"attributes\": {\"step\": null, \"low\": 8.75, \"high\": 17.75, \"log\": false}}"}
{"op_code":6,"worker_id":"4c1f89ba-6ee6-4c05-8781-5d22e5bf9ad9-140003344846976","trial_id":8,"state":1,"values":[-Infinity,-Infinity],"datetime_complete":"2026-06-05T15:13:33.513540"}
{"op_code":4,"worker_id":"b6346ce0-0bda-41fe-b1d8-8471c30e0386-139658692169856","study_id":0,"datetime_start":"2026-06-05T15:13:33.522146"}
{"op_code":5,"worker_id":"f436a37b-f8c3-4714-a881-41f684b2042a-139850215403648","trial_id":15,"param_name":"JointHeight","param_value_internal":6.965480880606567,"distribution":"{\"name\": \"FloatDistribution\", \"attributes\": {\"step\": null, \"low\": 5.0, \"high\": 8.0, \"log\": false}}"}
{"op_code":4,"worker_id":"4c1f89ba-6ee6-4c05-8781-5d22e5bf9ad9-140003344846976","study_id":0,"datetime_start":"2026-06-05T15:13:33.534162"}
{"op_code":9,"worker_id":"b6346ce0-0bda-41fe-b1d8-8471c30e0386-139658692169856","trial_id":16,"system_attr":{"nsga2:generation":0}}
{"op_code":5,"worker_id":"f436a37b-f8c3-4714-a881-41f684b2042a-139850215403648","trial_id":15,"param_name":"CavityCorkThickness","param_value_internal":2.404074833241268,"distribution":"{\"name\": \"FloatDistribution\", \"attributes\": {\"step\": null, \"low\": 2.0, \"high\": 5.0, \"log\": false}}"}
{"op_code":5,"worker_id":"b6346ce0-0bda-41fe-b1d8-8471c30e0386-139658692169856","trial_id":16,"param_name":"JointSlopeAngle","param_value_internal":0.7304904668260271,"distribution":"{\"name\": \"FloatDistribution\", \"attributes\": {\"step\": null, \"low\": 0.17453292519943295, \"high\": 1.0471975511965976, \"log\": false}}"}
{"op_code":5,"worker_id":"f436a37b-f8c3-4714-a881-41f684b2042a-139850215403648","trial_id":15,"param_name":"BellowHeight","param_value_internal":8.614900007921063,"distribution":"{\"name\": \"FloatDistribution\", \"attributes\": {\"step\": null, \"low\": 6.0, \"high\": 10.0, \"log\": false}}"}
{"op_code":5,"worker_id":"b6346ce0-0bda-41fe-b1d8-8471c30e0386-139658692169856","trial_id":16,"param_name":"OuterRadius","param_value_internal":11.883455177452284,"distribution":"{\"name\": \"FloatDistribution\", \"attributes\": {\"step\": null, \"low\": 8.75, \"high\": 17.75, \"log\": false}}"}
{"op_code":5,"worker_id":"f436a37b-f8c3-4714-a881-41f684b2042a-139850215403648","trial_id":15,"param_name":"WallThickness","param_value_internal":2.6832331801469804,"distribution":"{\"name\": \"FloatDistribution\", \"attributes\": {\"step\": null, \"low\": 2.0, \"high\": 4.0, \"log\": false}}"}
{"op_code":5,"worker_id":"b6346ce0-0bda-41fe-b1d8-8471c30e0386-139658692169856","trial_id":16,"param_name":"JointHeight","param_value_internal":5.530311793551256,"distribution":"{\"name\": \"FloatDistribution\", \"attributes\": {\"step\": null, \"low\": 5.0, \"high\": 8.0, \"log\": false}}"}
{"op_code":5,"worker_id":"f436a37b-f8c3-4714-a881-41f684b2042a-139850215403648","trial_id":15,"param_name":"PlateauHeight","param_value_internal":2.455915086762235,"distribution":"{\"name\": \"FloatDistribution\", \"attributes\": {\"step\": null, \"low\": 2.0, \"high\": 4.0, \"log\": false}}"}
{"op_code":5,"worker_id":"b6346ce0-0bda-41fe-b1d8-8471c30e0386-139658692169856","trial_id":16,"param_name":"CavityCorkThickness","param_value_internal":2.069474772154215,"distribution":"{\"name\": \"FloatDistribution\", \"attributes\": {\"step\": null, \"low\": 2.0, \"high\": 5.0, \"log\": false}}"}
{"op_code":5,"worker_id":"b6346ce0-0bda-41fe-b1d8-8471c30e0386-139658692169856","trial_id":16,"param_name":"BellowHeight","param_value_internal":9.766994701500913,"distribution":"{\"name\": \"FloatDistribution\", \"attributes\": {\"step\": null, \"low\": 6.0, \"high\": 10.0, \"log\": false}}"}
{"op_code":5,"worker_id":"b6346ce0-0bda-41fe-b1d8-8471c30e0386-139658692169856","trial_id":16,"param_name":"WallThickness","param_value_internal":3.185988315261473,"distribution":"{\"name\": \"FloatDistribution\", \"attributes\": {\"step\": null, \"low\": 2.0, \"high\": 4.0, \"log\": false}}"}
{"op_code":5,"worker_id":"b6346ce0-0bda-41fe-b1d8-8471c30e0386-139658692169856","trial_id":16,"param_name":"PlateauHeight","param_value_internal":3.0560674304413364,"distribution":"{\"name\": \"FloatDistribution\", \"attributes\": {\"step\": null, \"low\": 2.0, \"high\": 4.0, \"log\": false}}"}
{"op_code":9,"worker_id":"4c1f89ba-6ee6-4c05-8781-5d22e5bf9ad9-140003344846976","trial_id":17,"system_attr":{"nsga2:generation":0}}
{"op_code":5,"worker_id":"4c1f89ba-6ee6-4c05-8781-5d22e5bf9ad9-140003344846976","trial_id":17,"param_name":"JointSlopeAngle","param_value_internal":0.28446358706723884,"distribution":"{\"name\": \"FloatDistribution\", \"attributes\": {\"step\": null, \"low\": 0.17453292519943295, \"high\": 1.0471975511965976, \"log\": false}}"}
{"op_code":5,"worker_id":"4c1f89ba-6ee6-4c05-8781-5d22e5bf9ad9-140003344846976","trial_id":17,"param_name":"OuterRadius","param_value_internal":11.175481190513072,"distribution":"{\"name\": \"FloatDistribution\", \"attributes\": {\"step\": null, \"low\": 8.75, \"high\": 17.75, \"log\": false}}"}
{"op_code":5,"worker_id":"4c1f89ba-6ee6-4c05-8781-5d22e5bf9ad9-140003344846976","trial_id":17,"param_name":"JointHeight","param_value_internal":7.277368347238836,"distribution":"{\"name\": \"FloatDistribution\", \"attributes\": {\"step\": null, \"low\": 5.0, \"high\": 8.0, \"log\": false}}"}
{"op_code":5,"worker_id":"4c1f89ba-6ee6-4c05-8781-5d22e5bf9ad9-140003344846976","trial_id":17,"param_name":"CavityCorkThickness","param_value_internal":2.542637092651372,"distribution":"{\"name\": \"FloatDistribution\", \"attributes\": {\"step\": null, \"low\": 2.0, \"high\": 5.0, \"log\": false}}"}
{"op_code":5,"worker_id":"4c1f89ba-6ee6-4c05-8781-5d22e5bf9ad9-140003344846976","trial_id":17,"param_name":"BellowHeight","param_value_internal":9.627434208500713,"distribution":"{\"name\": \"FloatDistribution\", \"attributes\": {\"step\": null, \"low\": 6.0, \"high\": 10.0, \"log\": false}}"}
{"op_code":5,"worker_id":"4c1f89ba-6ee6-4c05-8781-5d22e5bf9ad9-140003344846976","trial_id":17,"param_name":"WallThickness","param_value_internal":3.564179780196265,"distribution":"{\"name\": \"FloatDistribution\", \"attributes\": {\"step\": null, \"low\": 2.0, \"high\": 4.0, \"log\": false}}"}
{"op_code":5,"worker_id":"4c1f89ba-6ee6-4c05-8781-5d22e5bf9ad9-140003344846976","trial_id":17,"param_name":"PlateauHeight","param_value_internal":2.716712907808985,"distribution":"{\"name\": \"FloatDistribution\", \"attributes\": {\"step\": null, \"low\": 2.0, \"high\": 4.0, \"log\": false}}"}
{"op_code":6,"worker_id":"6f92d237-fb8d-44e5-a0b9-8f0d7c5849e4-140698005012608","trial_id":4,"state":1,"values":[-Infinity,-Infinity],"datetime_complete":"2026-06-05T15:13:33.922879"}
{"op_code":4,"worker_id":"6f92d237-fb8d-44e5-a0b9-8f0d7c5849e4-140698005012608","study_id":0,"datetime_start":"2026-06-05T15:13:33.934034"}
{"op_code":9,"worker_id":"6f92d237-fb8d-44e5-a0b9-8f0d7c5849e4-140698005012608","trial_id":18,"system_attr":{"nsga2:generation":0}}
{"op_code":5,"worker_id":"6f92d237-fb8d-44e5-a0b9-8f0d7c5849e4-140698005012608","trial_id":18,"param_name":"JointSlopeAngle","param_value_internal":0.742801513575288,"distribution":"{\"name\": \"FloatDistribution\", \"attributes\": {\"step\": null, \"low\": 0.17453292519943295, \"high\": 1.0471975511965976, \"log\": false}}"}
{"op_code":5,"worker_id":"6f92d237-fb8d-44e5-a0b9-8f0d7c5849e4-140698005012608","trial_id":18,"param_name":"OuterRadius","param_value_internal":9.43808120262428,"distribution":"{\"name\": \"FloatDistribution\", \"attributes\": {\"step\": null, \"low\": 8.75, \"high\": 17.75, \"log\": false}}"}
{"op_code":5,"worker_id":"6f92d237-fb8d-44e5-a0b9-8f0d7c5849e4-140698005012608","trial_id":18,"param_name":"JointHeight","param_value_internal":5.006673079213164,"distribution":"{\"name\": \"FloatDistribution\", \"attributes\": {\"step\": null, \"low\": 5.0, \"high\": 8.0, \"log\": false}}"}
{"op_code":5,"worker_id":"6f92d237-fb8d-44e5-a0b9-8f0d7c5849e4-140698005012608","trial_id":18,"param_name":"CavityCorkThickness","param_value_internal":3.7144452529347713,"distribution":"{\"name\": \"FloatDistribution\", \"attributes\": {\"step\": null, \"low\": 2.0, \"high\": 5.0, \"log\": false}}"}
{"op_code":5,"worker_id":"6f92d237-fb8d-44e5-a0b9-8f0d7c5849e4-140698005012608","trial_id":18,"param_name":"BellowHeight","param_value_internal":7.782554814195617,"distribution":"{\"name\": \"FloatDistribution\", \"attributes\": {\"step\": null, \"low\": 6.0, \"high\": 10.0, \"log\": false}}"}
{"op_code":5,"worker_id":"6f92d237-fb8d-44e5-a0b9-8f0d7c5849e4-140698005012608","trial_id":18,"param_name":"WallThickness","param_value_internal":2.948886136374593,"distribution":"{\"name\": \"FloatDistribution\", \"attributes\": {\"step\": null, \"low\": 2.0, \"high\": 4.0, \"log\": false}}"}
{"op_code":5,"worker_id":"6f92d237-fb8d-44e5-a0b9-8f0d7c5849e4-140698005012608","trial_id":18,"param_name":"PlateauHeight","param_value_internal":2.764225688701792,"distribution":"{\"name\": \"FloatDistribution\", \"attributes\": {\"step\": null, \"low\": 2.0, \"high\": 4.0, \"log\": false}}"}
{"op_code":6,"worker_id":"b4282f5a-3a02-42bc-98fc-ed71c2a6e632-140662602612864","trial_id":14,"state":1,"values":[-Infinity,-Infinity],"datetime_complete":"2026-06-05T15:13:34.170552"}
{"op_code":4,"worker_id":"b4282f5a-3a02-42bc-98fc-ed71c2a6e632-140662602612864","study_id":0,"datetime_start":"2026-06-05T15:13:34.180997"}
{"op_code":9,"worker_id":"b4282f5a-3a02-42bc-98fc-ed71c2a6e632-140662602612864","trial_id":19,"system_attr":{"nsga2:generation":0}}
{"op_code":5,"worker_id":"b4282f5a-3a02-42bc-98fc-ed71c2a6e632-140662602612864","trial_id":19,"param_name":"JointSlopeAngle","param_value_internal":1.0301331173735753,"distribution":"{\"name\": \"FloatDistribution\", \"attributes\": {\"step\": null, \"low\": 0.17453292519943295, \"high\": 1.0471975511965976, \"log\": false}}"}
{"op_code":5,"worker_id":"b4282f5a-3a02-42bc-98fc-ed71c2a6e632-140662602612864","trial_id":19,"param_name":"OuterRadius","param_value_internal":14.173721962338188,"distribution":"{\"name\": \"FloatDistribution\", \"attributes\": {\"step\": null, \"low\": 8.75, \"high\": 17.75, \"log\": false}}"}
{"op_code":5,"worker_id":"b4282f5a-3a02-42bc-98fc-ed71c2a6e632-140662602612864","trial_id":19,"param_name":"JointHeight","param_value_internal":6.92760120191285,"distribution":"{\"name\": \"FloatDistribution\", \"attributes\": {\"step\": null, \"low\": 5.0, \"high\": 8.0, \"log\": false}}"}
{"op_code":5,"worker_id":"b4282f5a-3a02-42bc-98fc-ed71c2a6e632-140662602612864","trial_id":19,"param_name":"CavityCorkThickness","param_value_internal":3.4718901530393187,"distribution":"{\"name\": \"FloatDistribution\", \"attributes\": {\"step\": null, \"low\": 2.0, \"high\": 5.0, \"log\": false}}"}
{"op_code":5,"worker_id":"b4282f5a-3a02-42bc-98fc-ed71c2a6e632-140662602612864","trial_id":19,"param_name":"BellowHeight","param_value_internal":9.15868863385577,"distribution":"{\"name\": \"FloatDistribution\", \"attributes\": {\"step\": null, \"low\": 6.0, \"high\": 10.0, \"log\": false}}"}
{"op_code":5,"worker_id":"b4282f5a-3a02-42bc-98fc-ed71c2a6e632-140662602612864","trial_id":19,"param_name":"WallThickness","param_value_internal":3.941577996626986,"distribution":"{\"name\": \"FloatDistribution\", \"attributes\": {\"step\": null, \"low\": 2.0, \"high\": 4.0, \"log\": false}}"}
{"op_code":5,"worker_id":"b4282f5a-3a02-42bc-98fc-ed71c2a6e632-140662602612864","trial_id":19,"param_name":"PlateauHeight","param_value_internal":3.4409294029522175,"distribution":"{\"name\": \"FloatDistribution\", \"attributes\": {\"step\": null, \"low\": 2.0, \"high\": 4.0, \"log\": false}}"}
{"op_code":6,"worker_id":"f436a37b-f8c3-4714-a881-41f684b2042a-139850215403648","trial_id":15,"state":1,"values":[-Infinity,-Infinity],"datetime_complete":"2026-06-05T15:13:34.299043"}
{"op_code":4,"worker_id":"f436a37b-f8c3-4714-a881-41f684b2042a-139850215403648","study_id":0,"datetime_start":"2026-06-05T15:13:34.307988"}
{"op_code":9,"worker_id":"f436a37b-f8c3-4714-a881-41f684b2042a-139850215403648","trial_id":20,"system_attr":{"nsga2:generation":0}}
{"op_code":5,"worker_id":"f436a37b-f8c3-4714-a881-41f684b2042a-139850215403648","trial_id":20,"param_name":"JointSlopeAngle","param_value_internal":0.30014703367839113,"distribution":"{\"name\": \"FloatDistribution\", \"attributes\": {\"step\": null, \"low\": 0.17453292519943295, \"high\": 1.0471975511965976, \"log\": false}}"}
{"op_code":5,"worker_id":"f436a37b-f8c3-4714-a881-41f684b2042a-139850215403648","trial_id":20,"param_name":"OuterRadius","param_value_internal":10.649894468429641,"distribution":"{\"name\": \"FloatDistribution\", \"attributes\": {\"step\": null, \"low\": 8.75, \"high\": 17.75, \"log\": false}}"}
{"op_code":6,"worker_id":"b6346ce0-0bda-41fe-b1d8-8471c30e0386-139658692169856","trial_id":16,"state":1,"values":[-Infinity,-Infinity],"datetime_complete":"2026-06-05T15:13:34.330143"}
{"op_code":5,"worker_id":"f436a37b-f8c3-4714-a881-41f684b2042a-139850215403648","trial_id":20,"param_name":"JointHeight","param_value_internal":6.913766881434939,"distribution":"{\"name\": \"FloatDistribution\", \"attributes\": {\"step\": null, \"low\": 5.0, \"high\": 8.0, \"log\": false}}"}
{"op_code":5,"worker_id":"f436a37b-f8c3-4714-a881-41f684b2042a-139850215403648","trial_id":20,"param_name":"CavityCorkThickness","param_value_internal":2.1897009010916415,"distribution":"{\"name\": \"FloatDistribution\", \"attributes\": {\"step\": null, \"low\": 2.0, \"high\": 5.0, \"log\": false}}"}
{"op_code":4,"worker_id":"b6346ce0-0bda-41fe-b1d8-8471c30e0386-139658692169856","study_id":0,"datetime_start":"2026-06-05T15:13:34.341892"}
{"op_code":5,"worker_id":"f436a37b-f8c3-4714-a881-41f684b2042a-139850215403648","trial_id":20,"param_name":"BellowHeight","param_value_internal":8.609075882873679,"distribution":"{\"name\": \"FloatDistribution\", \"attributes\": {\"step\": null, \"low\": 6.0, \"high\": 10.0, \"log\": false}}"}
{"op_code":9,"worker_id":"b6346ce0-0bda-41fe-b1d8-8471c30e0386-139658692169856","trial_id":21,"system_attr":{"nsga2:generation":0}}
{"op_code":5,"worker_id":"f436a37b-f8c3-4714-a881-41f684b2042a-139850215403648","trial_id":20,"param_name":"WallThickness","param_value_internal":3.7377944454498726,"distribution":"{\"name\": \"FloatDistribution\", \"attributes\": {\"step\": null, \"low\": 2.0, \"high\": 4.0, \"log\": false}}"}
{"op_code":5,"worker_id":"b6346ce0-0bda-41fe-b1d8-8471c30e0386-139658692169856","trial_id":21,"param_name":"JointSlopeAngle","param_value_internal":0.6152280152829265,"distribution":"{\"name\": \"FloatDistribution\", \"attributes\": {\"step\": null, \"low\": 0.17453292519943295, \"high\": 1.0471975511965976, \"log\": false}}"}
{"op_code":5,"worker_id":"f436a37b-f8c3-4714-a881-41f684b2042a-139850215403648","trial_id":20,"param_name":"PlateauHeight","param_value_internal":3.5720996135299403,"distribution":"{\"name\": \"FloatDistribution\", \"attributes\": {\"step\": null, \"low\": 2.0, \"high\": 4.0, \"log\": false}}"}
{"op_code":5,"worker_id":"b6346ce0-0bda-41fe-b1d8-8471c30e0386-139658692169856","trial_id":21,"param_name":"OuterRadius","param_value_internal":11.022232047168428,"distribution":"{\"name\": \"FloatDistribution\", \"attributes\": {\"step\": null, \"low\": 8.75, \"high\": 17.75, \"log\": false}}"}
{"op_code":5,"worker_id":"b6346ce0-0bda-41fe-b1d8-8471c30e0386-139658692169856","trial_id":21,"param_name":"JointHeight","param_value_internal":6.7942345693530175,"distribution":"{\"name\": \"FloatDistribution\", \"attributes\": {\"step\": null, \"low\": 5.0, \"high\": 8.0, \"log\": false}}"}
{"op_code":6,"worker_id":"4c1f89ba-6ee6-4c05-8781-5d22e5bf9ad9-140003344846976","trial_id":17,"state":1,"values":[-Infinity,-Infinity],"datetime_complete":"2026-06-05T15:13:34.383609"}
{"op_code":5,"worker_id":"b6346ce0-0bda-41fe-b1d8-8471c30e0386-139658692169856","trial_id":21,"param_name":"CavityCorkThickness","param_value_internal":2.9086778585467163,"distribution":"{\"name\": \"FloatDistribution\", \"attributes\": {\"step\": null, \"low\": 2.0, \"high\": 5.0, \"log\": false}}"}
{"op_code":5,"worker_id":"b6346ce0-0bda-41fe-b1d8-8471c30e0386-139658692169856","trial_id":21,"param_name":"BellowHeight","param_value_internal":9.922877160038782,"distribution":"{\"name\": \"FloatDistribution\", \"attributes\": {\"step\": null, \"low\": 6.0, \"high\": 10.0, \"log\": false}}"}
{"op_code":4,"worker_id":"4c1f89ba-6ee6-4c05-8781-5d22e5bf9ad9-140003344846976","study_id":0,"datetime_start":"2026-06-05T15:13:34.395864"}
{"op_code":5,"worker_id":"b6346ce0-0bda-41fe-b1d8-8471c30e0386-139658692169856","trial_id":21,"param_name":"WallThickness","param_value_internal":3.183017457372173,"distribution":"{\"name\": \"FloatDistribution\", \"attributes\": {\"step\": null, \"low\": 2.0, \"high\": 4.0, \"log\": false}}"}
{"op_code":5,"worker_id":"b6346ce0-0bda-41fe-b1d8-8471c30e0386-139658692169856","trial_id":21,"param_name":"PlateauHeight","param_value_internal":2.102211645268789,"distribution":"{\"name\": \"FloatDistribution\", \"attributes\": {\"step\": null, \"low\": 2.0, \"high\": 4.0, \"log\": false}}"}
{"op_code":9,"worker_id":"4c1f89ba-6ee6-4c05-8781-5d22e5bf9ad9-140003344846976","trial_id":22,"system_attr":{"nsga2:generation":0}}
{"op_code":5,"worker_id":"4c1f89ba-6ee6-4c05-8781-5d22e5bf9ad9-140003344846976","trial_id":22,"param_name":"JointSlopeAngle","param_value_internal":0.527422313905983,"distribution":"{\"name\": \"FloatDistribution\", \"attributes\": {\"step\": null, \"low\": 0.17453292519943295, \"high\": 1.0471975511965976, \"log\": false}}"}
{"op_code":5,"worker_id":"4c1f89ba-6ee6-4c05-8781-5d22e5bf9ad9-140003344846976","trial_id":22,"param_name":"OuterRadius","param_value_internal":9.315756940644194,"distribution":"{\"name\": \"FloatDistribution\", \"attributes\": {\"step\": null, \"low\": 8.75, \"high\": 17.75, \"log\": false}}"}
{"op_code":5,"worker_id":"4c1f89ba-6ee6-4c05-8781-5d22e5bf9ad9-140003344846976","trial_id":22,"param_name":"JointHeight","param_value_internal":6.2646218262933235,"distribution":"{\"name\": \"FloatDistribution\", \"attributes\": {\"step\": null, \"low\": 5.0, \"high\": 8.0, \"log\": false}}"}
{"op_code":5,"worker_id":"4c1f89ba-6ee6-4c05-8781-5d22e5bf9ad9-140003344846976","trial_id":22,"param_name":"CavityCorkThickness","param_value_internal":3.258733170987517,"distribution":"{\"name\": \"FloatDistribution\", \"attributes\": {\"step\": null, \"low\": 2.0, \"high\": 5.0, \"log\": false}}"}
{"op_code":5,"worker_id":"4c1f89ba-6ee6-4c05-8781-5d22e5bf9ad9-140003344846976","trial_id":22,"param_name":"BellowHeight","param_value_internal":6.5832963104315585,"distribution":"{\"name\": \"FloatDistribution\", \"attributes\": {\"step\": null, \"low\": 6.0, \"high\": 10.0, \"log\": false}}"}
{"op_code":5,"worker_id":"4c1f89ba-6ee6-4c05-8781-5d22e5bf9ad9-140003344846976","trial_id":22,"param_name":"WallThickness","param_value_internal":3.3797633134892355,"distribution":"{\"name\": \"FloatDistribution\", \"attributes\": {\"step\": null, \"low\": 2.0, \"high\": 4.0, \"log\": false}}"}
{"op_code":5,"worker_id":"4c1f89ba-6ee6-4c05-8781-5d22e5bf9ad9-140003344846976","trial_id":22,"param_name":"PlateauHeight","param_value_internal":3.0115120623170117,"distribution":"{\"name\": \"FloatDistribution\", \"attributes\": {\"step\": null, \"low\": 2.0, \"high\": 4.0, \"log\": false}}"}
{"op_code":6,"worker_id":"b4282f5a-3a02-42bc-98fc-ed71c2a6e632-140662602612864","trial_id":19,"state":1,"values":[-Infinity,-Infinity],"datetime_complete":"2026-06-05T15:13:34.945853"}
{"op_code":4,"worker_id":"b4282f5a-3a02-42bc-98fc-ed71c2a6e632-140662602612864","study_id":0,"datetime_start":"2026-06-05T15:13:34.956436"}
{"op_code":9,"worker_id":"b4282f5a-3a02-42bc-98fc-ed71c2a6e632-140662602612864","trial_id":23,"system_attr":{"nsga2:generation":0}}
{"op_code":5,"worker_id":"b4282f5a-3a02-42bc-98fc-ed71c2a6e632-140662602612864","trial_id":23,"param_name":"JointSlopeAngle","param_value_internal":0.556043000029749,"distribution":"{\"name\": \"FloatDistribution\", \"attributes\": {\"step\": null, \"low\": 0.17453292519943295, \"high\": 1.0471975511965976, \"log\": false}}"}
{"op_code":5,"worker_id":"b4282f5a-3a02-42bc-98fc-ed71c2a6e632-140662602612864","trial_id":23,"param_name":"OuterRadius","param_value_internal":14.11547590262478,"distribution":"{\"name\": \"FloatDistribution\", \"attributes\": {\"step\": null, \"low\": 8.75, \"high\": 17.75, \"log\": false}}"}
{"op_code":5,"worker_id":"b4282f5a-3a02-42bc-98fc-ed71c2a6e632-140662602612864","trial_id":23,"param_name":"JointHeight","param_value_internal":6.40147959016913,"distribution":"{\"name\": \"FloatDistribution\", \"attributes\": {\"step\": null, \"low\": 5.0, \"high\": 8.0, \"log\": false}}"}
{"op_code":5,"worker_id":"b4282f5a-3a02-42bc-98fc-ed71c2a6e632-140662602612864","trial_id":23,"param_name":"CavityCorkThickness","param_value_internal":3.063481894545946,"distribution":"{\"name\": \"FloatDistribution\", \"attributes\": {\"step\": null, \"low\": 2.0, \"high\": 5.0, \"log\": false}}"}
{"op_code":5,"worker_id":"b4282f5a-3a02-42bc-98fc-ed71c2a6e632-140662602612864","trial_id":23,"param_name":"BellowHeight","param_value_internal":9.224479751013632,"distribution":"{\"name\": \"FloatDistribution\", \"attributes\": {\"step\": null, \"low\": 6.0, \"high\": 10.0, \"log\": false}}"}
{"op_code":5,"worker_id":"b4282f5a-3a02-42bc-98fc-ed71c2a6e632-140662602612864","trial_id":23,"param_name":"WallThickness","param_value_internal":3.031356899390491,"distribution":"{\"name\": \"FloatDistribution\", \"attributes\": {\"step\": null, \"low\": 2.0, \"high\": 4.0, \"log\": false}}"}
{"op_code":5,"worker_id":"b4282f5a-3a02-42bc-98fc-ed71c2a6e632-140662602612864","trial_id":23,"param_name":"PlateauHeight","param_value_internal":3.8488150619664476,"distribution":"{\"name\": \"FloatDistribution\", \"attributes\": {\"step\": null, \"low\": 2.0, \"high\": 4.0, \"log\": false}}"}
{"op_code":6,"worker_id":"f436a37b-f8c3-4714-a881-41f684b2042a-139850215403648","trial_id":20,"state":1,"values":[-Infinity,-Infinity],"datetime_complete":"2026-06-05T15:13:35.095291"}
{"op_code":4,"worker_id":"f436a37b-f8c3-4714-a881-41f684b2042a-139850215403648","study_id":0,"datetime_start":"2026-06-05T15:13:35.105108"}
{"op_code":9,"worker_id":"f436a37b-f8c3-4714-a881-41f684b2042a-139850215403648","trial_id":24,"system_attr":{"nsga2:generation":0}}
{"op_code":5,"worker_id":"f436a37b-f8c3-4714-a881-41f684b2042a-139850215403648","trial_id":24,"param_name":"JointSlopeAngle","param_value_internal":0.7976314597784592,"distribution":"{\"name\": \"FloatDistribution\", \"attributes\": {\"step\": null, \"low\": 0.17453292519943295, \"high\": 1.0471975511965976, \"log\": false}}"}
{"op_code":5,"worker_id":"f436a37b-f8c3-4714-a881-41f684b2042a-139850215403648","trial_id":24,"param_name":"OuterRadius","param_value_internal":14.986873780704808,"distribution":"{\"name\": \"FloatDistribution\", \"attributes\": {\"step\": null, \"low\": 8.75, \"high\": 17.75, \"log\": false}}"}
{"op_code":5,"worker_id":"f436a37b-f8c3-4714-a881-41f684b2042a-139850215403648","trial_id":24,"param_name":"JointHeight","param_value_internal":7.4477112366132125,"distribution":"{\"name\": \"FloatDistribution\", \"attributes\": {\"step\": null, \"low\": 5.0, \"high\": 8.0, \"log\": false}}"}
{"op_code":5,"worker_id":"f436a37b-f8c3-4714-a881-41f684b2042a-139850215403648","trial_id":24,"param_name":"CavityCorkThickness","param_value_internal":3.887668473032581,"distribution":"{\"name\": \"FloatDistribution\", \"attributes\": {\"step\": null, \"low\": 2.0, \"high\": 5.0, \"log\": false}}"}
{"op_code":5,"worker_id":"f436a37b-f8c3-4714-a881-41f684b2042a-139850215403648","trial_id":24,"param_name":"BellowHeight","param_value_internal":6.342817563600363,"distribution":"{\"name\": \"FloatDistribution\", \"attributes\": {\"step\": null, \"low\": 6.0, \"high\": 10.0, \"log\": false}}"}
{"op_code":5,"worker_id":"f436a37b-f8c3-4714-a881-41f684b2042a-139850215403648","trial_id":24,"param_name":"WallThickness","param_value_internal":2.711287072792023,"distribution":"{\"name\": \"FloatDistribution\", \"attributes\": {\"step\": null, \"low\": 2.0, \"high\": 4.0, \"log\": false}}"}
{"op_code":5,"worker_id":"f436a37b-f8c3-4714-a881-41f684b2042a-139850215403648","trial_id":24,"param_name":"PlateauHeight","param_value_internal":2.7280837699164326,"distribution":"{\"name\": \"FloatDistribution\", \"attributes\": {\"step\": null, \"low\": 2.0, \"high\": 4.0, \"log\": false}}"}
{"op_code":6,"worker_id":"b6346ce0-0bda-41fe-b1d8-8471c30e0386-139658692169856","trial_id":21,"state":1,"values":[-Infinity,-Infinity],"datetime_complete":"2026-06-05T15:13:35.138313"}
{"op_code":4,"worker_id":"b6346ce0-0bda-41fe-b1d8-8471c30e0386-139658692169856","study_id":0,"datetime_start":"2026-06-05T15:13:35.166046"}
{"op_code":9,"worker_id":"b6346ce0-0bda-41fe-b1d8-8471c30e0386-139658692169856","trial_id":25,"system_attr":{"nsga2:generation":0}}
{"op_code":5,"worker_id":"b6346ce0-0bda-41fe-b1d8-8471c30e0386-139658692169856","trial_id":25,"param_name":"JointSlopeAngle","param_value_internal":0.9683902315654939,"distribution":"{\"name\": \"FloatDistribution\", \"attributes\": {\"step\": null, \"low\": 0.17453292519943295, \"high\": 1.0471975511965976, \"log\": false}}"}
{"op_code":6,"worker_id":"4c1f89ba-6ee6-4c05-8781-5d22e5bf9ad9-140003344846976","trial_id":22,"state":1,"values":[-Infinity,-Infinity],"datetime_complete":"2026-06-05T15:13:35.181622"}
{"op_code":5,"worker_id":"b6346ce0-0bda-41fe-b1d8-8471c30e0386-139658692169856","trial_id":25,"param_name":"OuterRadius","param_value_internal":10.741103934087235,"distribution":"{\"name\": \"FloatDistribution\", \"attributes\": {\"step\": null, \"low\": 8.75, \"high\": 17.75, \"log\": false}}"}
{"op_code":4,"worker_id":"4c1f89ba-6ee6-4c05-8781-5d22e5bf9ad9-140003344846976","study_id":0,"datetime_start":"2026-06-05T15:13:35.196849"}
{"op_code":5,"worker_id":"b6346ce0-0bda-41fe-b1d8-8471c30e0386-139658692169856","trial_id":25,"param_name":"JointHeight","param_value_internal":6.372819468219255,"distribution":"{\"name\": \"FloatDistribution\", \"attributes\": {\"step\": null, \"low\": 5.0, \"high\": 8.0, \"log\": false}}"}
{"op_code":9,"worker_id":"4c1f89ba-6ee6-4c05-8781-5d22e5bf9ad9-140003344846976","trial_id":26,"system_attr":{"nsga2:generation":0}}
{"op_code":5,"worker_id":"b6346ce0-0bda-41fe-b1d8-8471c30e0386-139658692169856","trial_id":25,"param_name":"CavityCorkThickness","param_value_internal":4.2571085630744765,"distribution":"{\"name\": \"FloatDistribution\", \"attributes\": {\"step\": null, \"low\": 2.0, \"high\": 5.0, \"log\": false}}"}
{"op_code":5,"worker_id":"4c1f89ba-6ee6-4c05-8781-5d22e5bf9ad9-140003344846976","trial_id":26,"param_name":"JointSlopeAngle","param_value_internal":0.237770550311225,"distribution":"{\"name\": \"FloatDistribution\", \"attributes\": {\"step\": null, \"low\": 0.17453292519943295, \"high\": 1.0471975511965976, \"log\": false}}"}
{"op_code":5,"worker_id":"b6346ce0-0bda-41fe-b1d8-8471c30e0386-139658692169856","trial_id":25,"param_name":"BellowHeight","param_value_internal":9.523437290703383,"distribution":"{\"name\": \"FloatDistribution\", \"attributes\": {\"step\": null, \"low\": 6.0, \"high\": 10.0, \"log\": false}}"}
{"op_code":5,"worker_id":"4c1f89ba-6ee6-4c05-8781-5d22e5bf9ad9-140003344846976","trial_id":26,"param_name":"OuterRadius","param_value_internal":13.552805798412509,"distribution":"{\"name\": \"FloatDistribution\", \"attributes\": {\"step\": null, \"low\": 8.75, \"high\": 17.75, \"log\": false}}"}
{"op_code":5,"worker_id":"b6346ce0-0bda-41fe-b1d8-8471c30e0386-139658692169856","trial_id":25,"param_name":"WallThickness","param_value_internal":2.4311987976907443,"distribution":"{\"name\": \"FloatDistribution\", \"attributes\": {\"step\": null, \"low\": 2.0, \"high\": 4.0, \"log\": false}}"}
{"op_code":6,"worker_id":"6f92d237-fb8d-44e5-a0b9-8f0d7c5849e4-140698005012608","trial_id":18,"state":1,"values":[-Infinity,-Infinity],"datetime_complete":"2026-06-05T15:13:35.230627"}
{"op_code":5,"worker_id":"b6346ce0-0bda-41fe-b1d8-8471c30e0386-139658692169856","trial_id":25,"param_name":"PlateauHeight","param_value_internal":2.1668580161146096,"distribution":"{\"name\": \"FloatDistribution\", \"attributes\": {\"step\": null, \"low\": 2.0, \"high\": 4.0, \"log\": false}}"}
{"op_code":4,"worker_id":"6f92d237-fb8d-44e5-a0b9-8f0d7c5849e4-140698005012608","study_id":0,"datetime_start":"2026-06-05T15:13:35.244771"}
{"op_code":9,"worker_id":"6f92d237-fb8d-44e5-a0b9-8f0d7c5849e4-140698005012608","trial_id":27,"system_attr":{"nsga2:generation":0}}
{"op_code":5,"worker_id":"6f92d237-fb8d-44e5-a0b9-8f0d7c5849e4-140698005012608","trial_id":27,"param_name":"JointSlopeAngle","param_value_internal":0.25626501852947836,"distribution":"{\"name\": \"FloatDistribution\", \"attributes\": {\"step\": null, \"low\": 0.17453292519943295, \"high\": 1.0471975511965976, \"log\": false}}"}
{"op_code":5,"worker_id":"4c1f89ba-6ee6-4c05-8781-5d22e5bf9ad9-140003344846976","trial_id":26,"param_name":"JointHeight","param_value_internal":6.052710965021232,"distribution":"{\"name\": \"FloatDistribution\", \"attributes\": {\"step\": null, \"low\": 5.0, \"high\": 8.0, \"log\": false}}"}
{"op_code":5,"worker_id":"6f92d237-fb8d-44e5-a0b9-8f0d7c5849e4-140698005012608","trial_id":27,"param_name":"OuterRadius","param_value_internal":16.152153807231464,"distribution":"{\"name\": \"FloatDistribution\", \"attributes\": {\"step\": null, \"low\": 8.75, \"high\": 17.75, \"log\": false}}"}
{"op_code":5,"worker_id":"4c1f89ba-6ee6-4c05-8781-5d22e5bf9ad9-140003344846976","trial_id":26,"param_name":"CavityCorkThickness","param_value_internal":2.413887204088874,"distribution":"{\"name\": \"FloatDistribution\", \"attributes\": {\"step\": null, \"low\": 2.0, \"high\": 5.0, \"log\": false}}"}
{"op_code":5,"worker_id":"6f92d237-fb8d-44e5-a0b9-8f0d7c5849e4-140698005012608","trial_id":27,"param_name":"JointHeight","param_value_internal":5.194843371697338,"distribution":"{\"name\": \"FloatDistribution\", \"attributes\": {\"step\": null, \"low\": 5.0, \"high\": 8.0, \"log\": false}}"}
{"op_code":5,"worker_id":"4c1f89ba-6ee6-4c05-8781-5d22e5bf9ad9-140003344846976","trial_id":26,"param_name":"BellowHeight","param_value_internal":9.529386146237606,"distribution":"{\"name\": \"FloatDistribution\", \"attributes\": {\"step\": null, \"low\": 6.0, \"high\": 10.0, \"log\": false}}"}
{"op_code":5,"worker_id":"6f92d237-fb8d-44e5-a0b9-8f0d7c5849e4-140698005012608","trial_id":27,"param_name":"CavityCorkThickness","param_value_internal":2.6465399549778734,"distribution":"{\"name\": \"FloatDistribution\", \"attributes\": {\"step\": null, \"low\": 2.0, \"high\": 5.0, \"log\": false}}"}
{"op_code":5,"worker_id":"4c1f89ba-6ee6-4c05-8781-5d22e5bf9ad9-140003344846976","trial_id":26,"param_name":"WallThickness","param_value_internal":3.8284098463703184,"distribution":"{\"name\": \"FloatDistribution\", \"attributes\": {\"step\": null, \"low\": 2.0, \"high\": 4.0, \"log\": false}}"}
{"op_code":5,"worker_id":"6f92d237-fb8d-44e5-a0b9-8f0d7c5849e4-140698005012608","trial_id":27,"param_name":"BellowHeight","param_value_internal":9.031099200623117,"distribution":"{\"name\": \"FloatDistribution\", \"attributes\": {\"step\": null, \"low\": 6.0, \"high\": 10.0, \"log\": false}}"}
{"op_code":5,"worker_id":"4c1f89ba-6ee6-4c05-8781-5d22e5bf9ad9-140003344846976","trial_id":26,"param_name":"PlateauHeight","param_value_internal":2.3040173804460524,"distribution":"{\"name\": \"FloatDistribution\", \"attributes\": {\"step\": null, \"low\": 2.0, \"high\": 4.0, \"log\": false}}"}
{"op_code":5,"worker_id":"6f92d237-fb8d-44e5-a0b9-8f0d7c5849e4-140698005012608","trial_id":27,"param_name":"WallThickness","param_value_internal":3.646697852756133,"distribution":"{\"name\": \"FloatDistribution\", \"attributes\": {\"step\": null, \"low\": 2.0, \"high\": 4.0, \"log\": false}}"}
{"op_code":5,"worker_id":"6f92d237-fb8d-44e5-a0b9-8f0d7c5849e4-140698005012608","trial_id":27,"param_name":"PlateauHeight","param_value_internal":3.150779197078743,"distribution":"{\"name\": \"FloatDistribution\", \"attributes\": {\"step\": null, \"low\": 2.0, \"high\": 4.0, \"log\": false}}"}
{"op_code":6,"worker_id":"b4282f5a-3a02-42bc-98fc-ed71c2a6e632-140662602612864","trial_id":23,"state":1,"values":[-Infinity,-Infinity],"datetime_complete":"2026-06-05T15:13:35.782511"}
{"op_code":4,"worker_id":"b4282f5a-3a02-42bc-98fc-ed71c2a6e632-140662602612864","study_id":0,"datetime_start":"2026-06-05T15:13:35.794092"}
{"op_code":9,"worker_id":"b4282f5a-3a02-42bc-98fc-ed71c2a6e632-140662602612864","trial_id":28,"system_attr":{"nsga2:generation":0}}
{"op_code":5,"worker_id":"b4282f5a-3a02-42bc-98fc-ed71c2a6e632-140662602612864","trial_id":28,"param_name":"JointSlopeAngle","param_value_internal":0.5108543382116363,"distribution":"{\"name\": \"FloatDistribution\", \"attributes\": {\"step\": null, \"low\": 0.17453292519943295, \"high\": 1.0471975511965976, \"log\": false}}"}
{"op_code":5,"worker_id":"b4282f5a-3a02-42bc-98fc-ed71c2a6e632-140662602612864","trial_id":28,"param_name":"OuterRadius","param_value_internal":17.172444409795325,"distribution":"{\"name\": \"FloatDistribution\", \"attributes\": {\"step\": null, \"low\": 8.75, \"high\": 17.75, \"log\": false}}"}
{"op_code":5,"worker_id":"b4282f5a-3a02-42bc-98fc-ed71c2a6e632-140662602612864","trial_id":28,"param_name":"JointHeight","param_value_internal":6.621486893028049,"distribution":"{\"name\": \"FloatDistribution\", \"attributes\": {\"step\": null, \"low\": 5.0, \"high\": 8.0, \"log\": false}}"}
{"op_code":5,"worker_id":"b4282f5a-3a02-42bc-98fc-ed71c2a6e632-140662602612864","trial_id":28,"param_name":"CavityCorkThickness","param_value_internal":2.7850691255432785,"distribution":"{\"name\": \"FloatDistribution\", \"attributes\": {\"step\": null, \"low\": 2.0, \"high\": 5.0, \"log\": false}}"}
{"op_code":5,"worker_id":"b4282f5a-3a02-42bc-98fc-ed71c2a6e632-140662602612864","trial_id":28,"param_name":"BellowHeight","param_value_internal":7.482670408407297,"distribution":"{\"name\": \"FloatDistribution\", \"attributes\": {\"step\": null, \"low\": 6.0, \"high\": 10.0, \"log\": false}}"}
{"op_code":5,"worker_id":"b4282f5a-3a02-42bc-98fc-ed71c2a6e632-140662602612864","trial_id":28,"param_name":"WallThickness","param_value_internal":3.093660522664136,"distribution":"{\"name\": \"FloatDistribution\", \"attributes\": {\"step\": null, \"low\": 2.0, \"high\": 4.0, \"log\": false}}"}
{"op_code":5,"worker_id":"b4282f5a-3a02-42bc-98fc-ed71c2a6e632-140662602612864","trial_id":28,"param_name":"PlateauHeight","param_value_internal":3.311301307717729,"distribution":"{\"name\": \"FloatDistribution\", \"attributes\": {\"step\": null, \"low\": 2.0, \"high\": 4.0, \"log\": false}}"}
{"op_code":6,"worker_id":"10a8ded3-896f-4967-a058-713acb9f72ba-140147300270208","trial_id":9,"state":1,"values":[-Infinity,-Infinity],"datetime_complete":"2026-06-05T15:13:35.917078"}
{"op_code":6,"worker_id":"f436a37b-f8c3-4714-a881-41f684b2042a-139850215403648","trial_id":24,"state":1,"values":[-Infinity,-Infinity],"datetime_complete":"2026-06-05T15:13:35.917050"}
{"op_code":4,"worker_id":"10a8ded3-896f-4967-a058-713acb9f72ba-140147300270208","study_id":0,"datetime_start":"2026-06-05T15:13:35.930190"}
{"op_code":4,"worker_id":"f436a37b-f8c3-4714-a881-41f684b2042a-139850215403648","study_id":0,"datetime_start":"2026-06-05T15:13:35.936017"}
{"op_code":9,"worker_id":"10a8ded3-896f-4967-a058-713acb9f72ba-140147300270208","trial_id":29,"system_attr":{"nsga2:generation":0}}
{"op_code":9,"worker_id":"f436a37b-f8c3-4714-a881-41f684b2042a-139850215403648","trial_id":30,"system_attr":{"nsga2:generation":0}}
{"op_code":5,"worker_id":"10a8ded3-896f-4967-a058-713acb9f72ba-140147300270208","trial_id":29,"param_name":"JointSlopeAngle","param_value_internal":0.5589399369972831,"distribution":"{\"name\": \"FloatDistribution\", \"attributes\": {\"step\": null, \"low\": 0.17453292519943295, \"high\": 1.0471975511965976, \"log\": false}}"}
{"op_code":5,"worker_id":"f436a37b-f8c3-4714-a881-41f684b2042a-139850215403648","trial_id":30,"param_name":"JointSlopeAngle","param_value_internal":0.9097705452513125,"distribution":"{\"name\": \"FloatDistribution\", \"attributes\": {\"step\": null, \"low\": 0.17453292519943295, \"high\": 1.0471975511965976, \"log\": false}}"}
{"op_code":5,"worker_id":"10a8ded3-896f-4967-a058-713acb9f72ba-140147300270208","trial_id":29,"param_name":"OuterRadius","param_value_internal":13.341584063296011,"distribution":"{\"name\": \"FloatDistribution\", \"attributes\": {\"step\": null, \"low\": 8.75, \"high\": 17.75, \"log\": false}}"}
{"op_code":5,"worker_id":"f436a37b-f8c3-4714-a881-41f684b2042a-139850215403648","trial_id":30,"param_name":"OuterRadius","param_value_internal":9.79532987253138,"distribution":"{\"name\": \"FloatDistribution\", \"attributes\": {\"step\": null, \"low\": 8.75, \"high\": 17.75, \"log\": false}}"}
{"op_code":5,"worker_id":"10a8ded3-896f-4967-a058-713acb9f72ba-140147300270208","trial_id":29,"param_name":"JointHeight","param_value_internal":6.65804366970036,"distribution":"{\"name\": \"FloatDistribution\", \"attributes\": {\"step\": null, \"low\": 5.0, \"high\": 8.0, \"log\": false}}"}
{"op_code":5,"worker_id":"f436a37b-f8c3-4714-a881-41f684b2042a-139850215403648","trial_id":30,"param_name":"JointHeight","param_value_internal":5.30342986185514,"distribution":"{\"name\": \"FloatDistribution\", \"attributes\": {\"step\": null, \"low\": 5.0, \"high\": 8.0, \"log\": false}}"}
{"op_code":5,"worker_id":"10a8ded3-896f-4967-a058-713acb9f72ba-140147300270208","trial_id":29,"param_name":"CavityCorkThickness","param_value_internal":2.0329359757974044,"distribution":"{\"name\": \"FloatDistribution\", \"attributes\": {\"step\": null, \"low\": 2.0, \"high\": 5.0, \"log\": false}}"}
{"op_code":5,"worker_id":"f436a37b-f8c3-4714-a881-41f684b2042a-139850215403648","trial_id":30,"param_name":"CavityCorkThickness","param_value_internal":2.446227322225355,"distribution":"{\"name\": \"FloatDistribution\", \"attributes\": {\"step\": null, \"low\": 2.0, \"high\": 5.0, \"log\": false}}"}
{"op_code":5,"worker_id":"10a8ded3-896f-4967-a058-713acb9f72ba-140147300270208","trial_id":29,"param_name":"BellowHeight","param_value_internal":6.269352271189634,"distribution":"{\"name\": \"FloatDistribution\", \"attributes\": {\"step\": null, \"low\": 6.0, \"high\": 10.0, \"log\": false}}"}
{"op_code":5,"worker_id":"10a8ded3-896f-4967-a058-713acb9f72ba-140147300270208","trial_id":29,"param_name":"WallThickness","param_value_internal":2.2192253489083438,"distribution":"{\"name\": \"FloatDistribution\", \"attributes\": {\"step\": null, \"low\": 2.0, \"high\": 4.0, \"log\": false}}"}
{"op_code":5,"worker_id":"10a8ded3-896f-4967-a058-713acb9f72ba-140147300270208","trial_id":29,"param_name":"PlateauHeight","param_value_internal":2.607342229952792,"distribution":"{\"name\": \"FloatDistribution\", \"attributes\": {\"step\": null, \"low\": 2.0, \"high\": 4.0, \"log\": false}}"}
{"op_code":5,"worker_id":"f436a37b-f8c3-4714-a881-41f684b2042a-139850215403648","trial_id":30,"param_name":"BellowHeight","param_value_internal":8.738605666762037,"distribution":"{\"name\": \"FloatDistribution\", \"attributes\": {\"step\": null, \"low\": 6.0, \"high\": 10.0, \"log\": false}}"}
{"op_code":5,"worker_id":"f436a37b-f8c3-4714-a881-41f684b2042a-139850215403648","trial_id":30,"param_name":"WallThickness","param_value_internal":3.0479555185418232,"distribution":"{\"name\": \"FloatDistribution\", \"attributes\": {\"step\": null, \"low\": 2.0, \"high\": 4.0, \"log\": false}}"}
{"op_code":5,"worker_id":"f436a37b-f8c3-4714-a881-41f684b2042a-139850215403648","trial_id":30,"param_name":"PlateauHeight","param_value_internal":3.0370701914703186,"distribution":"{\"name\": \"FloatDistribution\", \"attributes\": {\"step\": null, \"low\": 2.0, \"high\": 4.0, \"log\": false}}"}
{"op_code":6,"worker_id":"b6346ce0-0bda-41fe-b1d8-8471c30e0386-139658692169856","trial_id":25,"state":1,"values":[-Infinity,-Infinity],"datetime_complete":"2026-06-05T15:13:36.039415"}
{"op_code":4,"worker_id":"b6346ce0-0bda-41fe-b1d8-8471c30e0386-139658692169856","study_id":0,"datetime_start":"2026-06-05T15:13:36.049770"}
{"op_code":9,"worker_id":"b6346ce0-0bda-41fe-b1d8-8471c30e0386-139658692169856","trial_id":31,"system_attr":{"nsga2:generation":0}}
{"op_code":5,"worker_id":"b6346ce0-0bda-41fe-b1d8-8471c30e0386-139658692169856","trial_id":31,"param_name":"JointSlopeAngle","param_value_internal":0.35934810950545626,"distribution":"{\"name\": \"FloatDistribution\", \"attributes\": {\"step\": null, \"low\": 0.17453292519943295, \"high\": 1.0471975511965976, \"log\": false}}"}
{"op_code":5,"worker_id":"b6346ce0-0bda-41fe-b1d8-8471c30e0386-139658692169856","trial_id":31,"param_name":"OuterRadius","param_value_internal":14.894342641599668,"distribution":"{\"name\": \"FloatDistribution\", \"attributes\": {\"step\": null, \"low\": 8.75, \"high\": 17.75, \"log\": false}}"}
{"op_code":5,"worker_id":"b6346ce0-0bda-41fe-b1d8-8471c30e0386-139658692169856","trial_id":31,"param_name":"JointHeight","param_value_internal":7.123586897244875,"distribution":"{\"name\": \"FloatDistribution\", \"attributes\": {\"step\": null, \"low\": 5.0, \"high\": 8.0, \"log\": false}}"}
{"op_code":5,"worker_id":"b6346ce0-0bda-41fe-b1d8-8471c30e0386-139658692169856","trial_id":31,"param_name":"CavityCorkThickness","param_value_internal":4.029503135121743,"distribution":"{\"name\": \"FloatDistribution\", \"attributes\": {\"step\": null, \"low\": 2.0, \"high\": 5.0, \"log\": false}}"}
{"op_code":5,"worker_id":"b6346ce0-0bda-41fe-b1d8-8471c30e0386-139658692169856","trial_id":31,"param_name":"BellowHeight","param_value_internal":6.898341865808161,"distribution":"{\"name\": \"FloatDistribution\", \"attributes\": {\"step\": null, \"low\": 6.0, \"high\": 10.0, \"log\": false}}"}
{"op_code":6,"worker_id":"4c1f89ba-6ee6-4c05-8781-5d22e5bf9ad9-140003344846976","trial_id":26,"state":1,"values":[-Infinity,-Infinity],"datetime_complete":"2026-06-05T15:13:36.090327"}
{"op_code":5,"worker_id":"b6346ce0-0bda-41fe-b1d8-8471c30e0386-139658692169856","trial_id":31,"param_name":"WallThickness","param_value_internal":3.642900933273558,"distribution":"{\"name\": \"FloatDistribution\", \"attributes\": {\"step\": null, \"low\": 2.0, \"high\": 4.0, \"log\": false}}"}
{"op_code":5,"worker_id":"b6346ce0-0bda-41fe-b1d8-8471c30e0386-139658692169856","trial_id":31,"param_name":"PlateauHeight","param_value_internal":2.115980969857897,"distribution":"{\"name\": \"FloatDistribution\", \"attributes\": {\"step\": null, \"low\": 2.0, \"high\": 4.0, \"log\": false}}"}
{"op_code":4,"worker_id":"4c1f89ba-6ee6-4c05-8781-5d22e5bf9ad9-140003344846976","study_id":0,"datetime_start":"2026-06-05T15:13:36.104463"}
{"op_code":9,"worker_id":"4c1f89ba-6ee6-4c05-8781-5d22e5bf9ad9-140003344846976","trial_id":32,"system_attr":{"nsga2:generation":0}}
{"op_code":5,"worker_id":"4c1f89ba-6ee6-4c05-8781-5d22e5bf9ad9-140003344846976","trial_id":32,"param_name":"JointSlopeAngle","param_value_internal":0.9275420294551245,"distribution":"{\"name\": \"FloatDistribution\", \"attributes\": {\"step\": null, \"low\": 0.17453292519943295, \"high\": 1.0471975511965976, \"log\": false}}"}
{"op_code":6,"worker_id":"7ec27c0f-c20e-4361-843d-8eaa3d5568f6-139729260765312","trial_id":10,"state":1,"values":[-Infinity,-Infinity],"datetime_complete":"2026-06-05T15:13:36.126176"}
{"op_code":5,"worker_id":"4c1f89ba-6ee6-4c05-8781-5d22e5bf9ad9-140003344846976","trial_id":32,"param_name":"OuterRadius","param_value_internal":10.407807424191017,"distribution":"{\"name\": \"FloatDistribution\", \"attributes\": {\"step\": null, \"low\": 8.75, \"high\": 17.75, \"log\": false}}"}
{"op_code":5,"worker_id":"4c1f89ba-6ee6-4c05-8781-5d22e5bf9ad9-140003344846976","trial_id":32,"param_name":"JointHeight","param_value_internal":6.196006004985003,"distribution":"{\"name\": \"FloatDistribution\", \"attributes\": {\"step\": null, \"low\": 5.0, \"high\": 8.0, \"log\": false}}"}
{"op_code":4,"worker_id":"7ec27c0f-c20e-4361-843d-8eaa3d5568f6-139729260765312","study_id":0,"datetime_start":"2026-06-05T15:13:36.137861"}
{"op_code":5,"worker_id":"4c1f89ba-6ee6-4c05-8781-5d22e5bf9ad9-140003344846976","trial_id":32,"param_name":"CavityCorkThickness","param_value_internal":2.1759911786822044,"distribution":"{\"name\": \"FloatDistribution\", \"attributes\": {\"step\": null, \"low\": 2.0, \"high\": 5.0, \"log\": false}}"}
{"op_code":5,"worker_id":"4c1f89ba-6ee6-4c05-8781-5d22e5bf9ad9-140003344846976","trial_id":32,"param_name":"BellowHeight","param_value_internal":8.392747786330135,"distribution":"{\"name\": \"FloatDistribution\", \"attributes\": {\"step\": null, \"low\": 6.0, \"high\": 10.0, \"log\": false}}"}
{"op_code":9,"worker_id":"7ec27c0f-c20e-4361-843d-8eaa3d5568f6-139729260765312","trial_id":33,"system_attr":{"nsga2:generation":0}}
{"op_code":5,"worker_id":"4c1f89ba-6ee6-4c05-8781-5d22e5bf9ad9-140003344846976","trial_id":32,"param_name":"WallThickness","param_value_internal":2.7143308789928335,"distribution":"{\"name\": \"FloatDistribution\", \"attributes\": {\"step\": null, \"low\": 2.0, \"high\": 4.0, \"log\": false}}"}
{"op_code":5,"worker_id":"7ec27c0f-c20e-4361-843d-8eaa3d5568f6-139729260765312","trial_id":33,"param_name":"JointSlopeAngle","param_value_internal":0.2835055858482172,"distribution":"{\"name\": \"FloatDistribution\", \"attributes\": {\"step\": null, \"low\": 0.17453292519943295, \"high\": 1.0471975511965976, \"log\": false}}"}
{"op_code":5,"worker_id":"4c1f89ba-6ee6-4c05-8781-5d22e5bf9ad9-140003344846976","trial_id":32,"param_name":"PlateauHeight","param_value_internal":3.6894708361735997,"distribution":"{\"name\": \"FloatDistribution\", \"attributes\": {\"step\": null, \"low\": 2.0, \"high\": 4.0, \"log\": false}}"}
{"op_code":5,"worker_id":"7ec27c0f-c20e-4361-843d-8eaa3d5568f6-139729260765312","trial_id":33,"param_name":"OuterRadius","param_value_internal":15.722636497368068,"distribution":"{\"name\": \"FloatDistribution\", \"attributes\": {\"step\": null, \"low\": 8.75, \"high\": 17.75, \"log\": false}}"}
{"op_code":5,"worker_id":"7ec27c0f-c20e-4361-843d-8eaa3d5568f6-139729260765312","trial_id":33,"param_name":"JointHeight","param_value_internal":5.568909447825483,"distribution":"{\"name\": \"FloatDistribution\", \"attributes\": {\"step\": null, \"low\": 5.0, \"high\": 8.0, \"log\": false}}"}
{"op_code":5,"worker_id":"7ec27c0f-c20e-4361-843d-8eaa3d5568f6-139729260765312","trial_id":33,"param_name":"CavityCorkThickness","param_value_internal":3.228053156248468,"distribution":"{\"name\": \"FloatDistribution\", \"attributes\": {\"step\": null, \"low\": 2.0, \"high\": 5.0, \"log\": false}}"}
{"op_code":5,"worker_id":"7ec27c0f-c20e-4361-843d-8eaa3d5568f6-139729260765312","trial_id":33,"param_name":"BellowHeight","param_value_internal":8.30350711937373,"distribution":"{\"name\": \"FloatDistribution\", \"attributes\": {\"step\": null, \"low\": 6.0, \"high\": 10.0, \"log\": false}}"}
{"op_code":5,"worker_id":"7ec27c0f-c20e-4361-843d-8eaa3d5568f6-139729260765312","trial_id":33,"param_name":"WallThickness","param_value_internal":2.9708138177868735,"distribution":"{\"name\": \"FloatDistribution\", \"attributes\": {\"step\": null, \"low\": 2.0, \"high\": 4.0, \"log\": false}}"}
{"op_code":5,"worker_id":"7ec27c0f-c20e-4361-843d-8eaa3d5568f6-139729260765312","trial_id":33,"param_name":"PlateauHeight","param_value_internal":3.775370343122449,"distribution":"{\"name\": \"FloatDistribution\", \"attributes\": {\"step\": null, \"low\": 2.0, \"high\": 4.0, \"log\": false}}"}
{"op_code":6,"worker_id":"2c502218-be46-491f-a292-69ceb9017558-140417704054912","trial_id":12,"state":1,"values":[-Infinity,-Infinity],"datetime_complete":"2026-06-05T15:13:36.205115"}
{"op_code":6,"worker_id":"e96240ff-7283-4543-92d6-0e081eb83283-140399408197760","trial_id":11,"state":1,"values":[-Infinity,-Infinity],"datetime_complete":"2026-06-05T15:13:36.207532"}
{"op_code":4,"worker_id":"2c502218-be46-491f-a292-69ceb9017558-140417704054912","study_id":0,"datetime_start":"2026-06-05T15:13:36.218767"}
{"op_code":4,"worker_id":"e96240ff-7283-4543-92d6-0e081eb83283-140399408197760","study_id":0,"datetime_start":"2026-06-05T15:13:36.223050"}
{"op_code":9,"worker_id":"2c502218-be46-491f-a292-69ceb9017558-140417704054912","trial_id":34,"system_attr":{"nsga2:generation":0}}
{"op_code":9,"worker_id":"e96240ff-7283-4543-92d6-0e081eb83283-140399408197760","trial_id":35,"system_attr":{"nsga2:generation":0}}
{"op_code":5,"worker_id":"2c502218-be46-491f-a292-69ceb9017558-140417704054912","trial_id":34,"param_name":"JointSlopeAngle","param_value_internal":0.7535393720908949,"distribution":"{\"name\": \"FloatDistribution\", \"attributes\": {\"step\": null, \"low\": 0.17453292519943295, \"high\": 1.0471975511965976, \"log\": false}}"}
{"op_code":5,"worker_id":"e96240ff-7283-4543-92d6-0e081eb83283-140399408197760","trial_id":35,"param_name":"JointSlopeAngle","param_value_internal":0.9825029969652177,"distribution":"{\"name\": \"FloatDistribution\", \"attributes\": {\"step\": null, \"low\": 0.17453292519943295, \"high\": 1.0471975511965976, \"log\": false}}"}
{"op_code":5,"worker_id":"2c502218-be46-491f-a292-69ceb9017558-140417704054912","trial_id":34,"param_name":"OuterRadius","param_value_internal":17.469629252190803,"distribution":"{\"name\": \"FloatDistribution\", \"attributes\": {\"step\": null, \"low\": 8.75, \"high\": 17.75, \"log\": false}}"}
{"op_code":5,"worker_id":"e96240ff-7283-4543-92d6-0e081eb83283-140399408197760","trial_id":35,"param_name":"OuterRadius","param_value_internal":11.024406591940181,"distribution":"{\"name\": \"FloatDistribution\", \"attributes\": {\"step\": null, \"low\": 8.75, \"high\": 17.75, \"log\": false}}"}
{"op_code":5,"worker_id":"2c502218-be46-491f-a292-69ceb9017558-140417704054912","trial_id":34,"param_name":"JointHeight","param_value_internal":5.357633183605303,"distribution":"{\"name\": \"FloatDistribution\", \"attributes\": {\"step\": null, \"low\": 5.0, \"high\": 8.0, \"log\": false}}"}
{"op_code":5,"worker_id":"e96240ff-7283-4543-92d6-0e081eb83283-140399408197760","trial_id":35,"param_name":"JointHeight","param_value_internal":6.329684208471013,"distribution":"{\"name\": \"FloatDistribution\", \"attributes\": {\"step\": null, \"low\": 5.0, \"high\": 8.0, \"log\": false}}"}
{"op_code":5,"worker_id":"2c502218-be46-491f-a292-69ceb9017558-140417704054912","trial_id":34,"param_name":"CavityCorkThickness","param_value_internal":2.7656252125410115,"distribution":"{\"name\": \"FloatDistribution\", \"attributes\": {\"step\": null, \"low\": 2.0, \"high\": 5.0, \"log\": false}}"}
{"op_code":5,"worker_id":"e96240ff-7283-4543-92d6-0e081eb83283-140399408197760","trial_id":35,"param_name":"CavityCorkThickness","param_value_internal":3.4319630269735715,"distribution":"{\"name\": \"FloatDistribution\", \"attributes\": {\"step\": null, \"low\": 2.0, \"high\": 5.0, \"log\": false}}"}
{"op_code":5,"worker_id":"2c502218-be46-491f-a292-69ceb9017558-140417704054912","trial_id":34,"param_name":"BellowHeight","param_value_internal":9.027514877331475,"distribution":"{\"name\": \"FloatDistribution\", \"attributes\": {\"step\": null, \"low\": 6.0, \"high\": 10.0, \"log\": false}}"}
{"op_code":5,"worker_id":"e96240ff-7283-4543-92d6-0e081eb83283-140399408197760","trial_id":35,"param_name":"BellowHeight","param_value_internal":6.006095431793989,"distribution":"{\"name\": \"FloatDistribution\", \"attributes\": {\"step\": null, \"low\": 6.0, \"high\": 10.0, \"log\": false}}"}
{"op_code":5,"worker_id":"2c502218-be46-491f-a292-69ceb9017558-140417704054912","trial_id":34,"param_name":"WallThickness","param_value_internal":2.0373403385553117,"distribution":"{\"name\": \"FloatDistribution\", \"attributes\": {\"step\": null, \"low\": 2.0, \"high\": 4.0, \"log\": false}}"}
{"op_code":5,"worker_id":"e96240ff-7283-4543-92d6-0e081eb83283-140399408197760","trial_id":35,"param_name":"WallThickness","param_value_internal":2.9306279291319415,"distribution":"{\"name\": \"FloatDistribution\", \"attributes\": {\"step\": null, \"low\": 2.0, \"high\": 4.0, \"log\": false}}"}
{"op_code":5,"worker_id":"2c502218-be46-491f-a292-69ceb9017558-140417704054912","trial_id":34,"param_name":"PlateauHeight","param_value_internal":2.116594423747401,"distribution":"{\"name\": \"FloatDistribution\", \"attributes\": {\"step\": null, \"low\": 2.0, \"high\": 4.0, \"log\": false}}"}
{"op_code":5,"worker_id":"e96240ff-7283-4543-92d6-0e081eb83283-140399408197760","trial_id":35,"param_name":"PlateauHeight","param_value_internal":3.103364558287892,"distribution":"{\"name\": \"FloatDistribution\", \"attributes\": {\"step\": null, \"low\": 2.0, \"high\": 4.0, \"log\": false}}"}
{"op_code":6,"worker_id":"5f9648e7-2ed2-457b-9a75-cb373948b6e9-140695596318848","trial_id":13,"state":1,"values":[-Infinity,-Infinity],"datetime_complete":"2026-06-05T15:13:36.347785"}
{"op_code":4,"worker_id":"5f9648e7-2ed2-457b-9a75-cb373948b6e9-140695596318848","study_id":0,"datetime_start":"2026-06-05T15:13:36.358017"}
{"op_code":9,"worker_id":"5f9648e7-2ed2-457b-9a75-cb373948b6e9-140695596318848","trial_id":36,"system_attr":{"nsga2:generation":0}}
{"op_code":5,"worker_id":"5f9648e7-2ed2-457b-9a75-cb373948b6e9-140695596318848","trial_id":36,"param_name":"JointSlopeAngle","param_value_internal":0.2081689802721525,"distribution":"{\"name\": \"FloatDistribution\", \"attributes\": {\"step\": null, \"low\": 0.17453292519943295, \"high\": 1.0471975511965976, \"log\": false}}"}
{"op_code":5,"worker_id":"5f9648e7-2ed2-457b-9a75-cb373948b6e9-140695596318848","trial_id":36,"param_name":"OuterRadius","param_value_internal":11.903524613011534,"distribution":"{\"name\": \"FloatDistribution\", \"attributes\": {\"step\": null, \"low\": 8.75, \"high\": 17.75, \"log\": false}}"}
{"op_code":5,"worker_id":"5f9648e7-2ed2-457b-9a75-cb373948b6e9-140695596318848","trial_id":36,"param_name":"JointHeight","param_value_internal":6.895307370358789,"distribution":"{\"name\": \"FloatDistribution\", \"attributes\": {\"step\": null, \"low\": 5.0, \"high\": 8.0, \"log\": false}}"}
{"op_code":5,"worker_id":"5f9648e7-2ed2-457b-9a75-cb373948b6e9-140695596318848","trial_id":36,"param_name":"CavityCorkThickness","param_value_internal":2.414930703016558,"distribution":"{\"name\": \"FloatDistribution\", \"attributes\": {\"step\": null, \"low\": 2.0, \"high\": 5.0, \"log\": false}}"}
{"op_code":5,"worker_id":"5f9648e7-2ed2-457b-9a75-cb373948b6e9-140695596318848","trial_id":36,"param_name":"BellowHeight","param_value_internal":6.42094746212984,"distribution":"{\"name\": \"FloatDistribution\", \"attributes\": {\"step\": null, \"low\": 6.0, \"high\": 10.0, \"log\": false}}"}
{"op_code":5,"worker_id":"5f9648e7-2ed2-457b-9a75-cb373948b6e9-140695596318848","trial_id":36,"param_name":"WallThickness","param_value_internal":2.2856417875298343,"distribution":"{\"name\": \"FloatDistribution\", \"attributes\": {\"step\": null, \"low\": 2.0, \"high\": 4.0, \"log\": false}}"}
{"op_code":5,"worker_id":"5f9648e7-2ed2-457b-9a75-cb373948b6e9-140695596318848","trial_id":36,"param_name":"PlateauHeight","param_value_internal":3.9005779376092007,"distribution":"{\"name\": \"FloatDistribution\", \"attributes\": {\"step\": null, \"low\": 2.0, \"high\": 4.0, \"log\": false}}"}
{"op_code":6,"worker_id":"6f92d237-fb8d-44e5-a0b9-8f0d7c5849e4-140698005012608","trial_id":27,"state":1,"values":[-Infinity,-Infinity],"datetime_complete":"2026-06-05T15:13:36.554924"}
{"op_code":4,"worker_id":"6f92d237-fb8d-44e5-a0b9-8f0d7c5849e4-140698005012608","study_id":0,"datetime_start":"2026-06-05T15:13:36.565482"}
{"op_code":9,"worker_id":"6f92d237-fb8d-44e5-a0b9-8f0d7c5849e4-140698005012608","trial_id":37,"system_attr":{"nsga2:generation":0}}
{"op_code":6,"worker_id":"b4282f5a-3a02-42bc-98fc-ed71c2a6e632-140662602612864","trial_id":28,"state":1,"values":[-Infinity,-Infinity],"datetime_complete":"2026-06-05T15:13:36.578902"}
{"op_code":5,"worker_id":"6f92d237-fb8d-44e5-a0b9-8f0d7c5849e4-140698005012608","trial_id":37,"param_name":"JointSlopeAngle","param_value_internal":1.032347779810134,"distribution":"{\"name\": \"FloatDistribution\", \"attributes\": {\"step\": null, \"low\": 0.17453292519943295, \"high\": 1.0471975511965976, \"log\": false}}"}
{"op_code":5,"worker_id":"6f92d237-fb8d-44e5-a0b9-8f0d7c5849e4-140698005012608","trial_id":37,"param_name":"OuterRadius","param_value_internal":15.934433745941897,"distribution":"{\"name\": \"FloatDistribution\", \"attributes\": {\"step\": null, \"low\": 8.75, \"high\": 17.75, \"log\": false}}"}
{"op_code":4,"worker_id":"b4282f5a-3a02-42bc-98fc-ed71c2a6e632-140662602612864","study_id":0,"datetime_start":"2026-06-05T15:13:36.588832"}
{"op_code":5,"worker_id":"6f92d237-fb8d-44e5-a0b9-8f0d7c5849e4-140698005012608","trial_id":37,"param_name":"JointHeight","param_value_internal":5.753408120916782,"distribution":"{\"name\": \"FloatDistribution\", \"attributes\": {\"step\": null, \"low\": 5.0, \"high\": 8.0, \"log\": false}}"}
{"op_code":9,"worker_id":"b4282f5a-3a02-42bc-98fc-ed71c2a6e632-140662602612864","trial_id":38,"system_attr":{"nsga2:generation":0}}
{"op_code":5,"worker_id":"6f92d237-fb8d-44e5-a0b9-8f0d7c5849e4-140698005012608","trial_id":37,"param_name":"CavityCorkThickness","param_value_internal":4.2853808228343295,"distribution":"{\"name\": \"FloatDistribution\", \"attributes\": {\"step\": null, \"low\": 2.0, \"high\": 5.0, \"log\": false}}"}
{"op_code":5,"worker_id":"b4282f5a-3a02-42bc-98fc-ed71c2a6e632-140662602612864","trial_id":38,"param_name":"JointSlopeAngle","param_value_internal":0.8213479588463072,"distribution":"{\"name\": \"FloatDistribution\", \"attributes\": {\"step\": null, \"low\": 0.17453292519943295, \"high\": 1.0471975511965976, \"log\": false}}"}
{"op_code":5,"worker_id":"6f92d237-fb8d-44e5-a0b9-8f0d7c5849e4-140698005012608","trial_id":37,"param_name":"BellowHeight","param_value_internal":7.99319408504018,"distribution":"{\"name\": \"FloatDistribution\", \"attributes\": {\"step\": null, \"low\": 6.0, \"high\": 10.0, \"log\": false}}"}
{"op_code":5,"worker_id":"6f92d237-fb8d-44e5-a0b9-8f0d7c5849e4-140698005012608","trial_id":37,"param_name":"WallThickness","param_value_internal":2.820654484067787,"distribution":"{\"name\": \"FloatDistribution\", \"attributes\": {\"step\": null, \"low\": 2.0, \"high\": 4.0, \"log\": false}}"}
{"op_code":5,"worker_id":"6f92d237-fb8d-44e5-a0b9-8f0d7c5849e4-140698005012608","trial_id":37,"param_name":"PlateauHeight","param_value_internal":3.2417991891748574,"distribution":"{\"name\": \"FloatDistribution\", \"attributes\": {\"step\": null, \"low\": 2.0, \"high\": 4.0, \"log\": false}}"}
{"op_code":5,"worker_id":"b4282f5a-3a02-42bc-98fc-ed71c2a6e632-140662602612864","trial_id":38,"param_name":"OuterRadius","param_value_internal":17.66475081135803,"distribution":"{\"name\": \"FloatDistribution\", \"attributes\": {\"step\": null, \"low\": 8.75, \"high\": 17.75, \"log\": false}}"}
{"op_code":5,"worker_id":"b4282f5a-3a02-42bc-98fc-ed71c2a6e632-140662602612864","trial_id":38,"param_name":"JointHeight","param_value_internal":6.713752837378621,"distribution":"{\"name\": \"FloatDistribution\", \"attributes\": {\"step\": null, \"low\": 5.0, \"high\": 8.0, \"log\": false}}"}
{"op_code":5,"worker_id":"b4282f5a-3a02-42bc-98fc-ed71c2a6e632-140662602612864","trial_id":38,"param_name":"CavityCorkThickness","param_value_internal":2.364406361035443,"distribution":"{\"name\": \"FloatDistribution\", \"attributes\": {\"step\": null, \"low\": 2.0, \"high\": 5.0, \"log\": false}}"}
{"op_code":5,"worker_id":"b4282f5a-3a02-42bc-98fc-ed71c2a6e632-140662602612864","trial_id":38,"param_name":"BellowHeight","param_value_internal":9.257296933189739,"distribution":"{\"name\": \"FloatDistribution\", \"attributes\": {\"step\": null, \"low\": 6.0, \"high\": 10.0, \"log\": false}}"}
{"op_code":5,"worker_id":"b4282f5a-3a02-42bc-98fc-ed71c2a6e632-140662602612864","trial_id":38,"param_name":"WallThickness","param_value_internal":2.7130827124486396,"distribution":"{\"name\": \"FloatDistribution\", \"attributes\": {\"step\": null, \"low\": 2.0, \"high\": 4.0, \"log\": false}}"}
{"op_code":5,"worker_id":"b4282f5a-3a02-42bc-98fc-ed71c2a6e632-140662602612864","trial_id":38,"param_name":"PlateauHeight","param_value_internal":2.5985426891275507,"distribution":"{\"name\": \"FloatDistribution\", \"attributes\": {\"step\": null, \"low\": 2.0, \"high\": 4.0, \"log\": false}}"}
{"op_code":6,"worker_id":"f436a37b-f8c3-4714-a881-41f684b2042a-139850215403648","trial_id":30,"state":1,"values":[-Infinity,-Infinity],"datetime_complete":"2026-06-05T15:13:36.746557"}
{"op_code":4,"worker_id":"f436a37b-f8c3-4714-a881-41f684b2042a-139850215403648","study_id":0,"datetime_start":"2026-06-05T15:13:36.755819"}
{"op_code":9,"worker_id":"f436a37b-f8c3-4714-a881-41f684b2042a-139850215403648","trial_id":39,"system_attr":{"nsga2:generation":0}}
{"op_code":5,"worker_id":"f436a37b-f8c3-4714-a881-41f684b2042a-139850215403648","trial_id":39,"param_name":"JointSlopeAngle","param_value_internal":0.5446770735150988,"distribution":"{\"name\": \"FloatDistribution\", \"attributes\": {\"step\": null, \"low\": 0.17453292519943295, \"high\": 1.0471975511965976, \"log\": false}}"}
{"op_code":5,"worker_id":"f436a37b-f8c3-4714-a881-41f684b2042a-139850215403648","trial_id":39,"param_name":"OuterRadius","param_value_internal":10.547932809372597,"distribution":"{\"name\": \"FloatDistribution\", \"attributes\": {\"step\": null, \"low\": 8.75, \"high\": 17.75, \"log\": false}}"}
{"op_code":5,"worker_id":"f436a37b-f8c3-4714-a881-41f684b2042a-139850215403648","trial_id":39,"param_name":"JointHeight","param_value_internal":7.773477014720229,"distribution":"{\"name\": \"FloatDistribution\", \"attributes\": {\"step\": null, \"low\": 5.0, \"high\": 8.0, \"log\": false}}"}
{"op_code":5,"worker_id":"f436a37b-f8c3-4714-a881-41f684b2042a-139850215403648","trial_id":39,"param_name":"CavityCorkThickness","param_value_internal":4.826292541113673,"distribution":"{\"name\": \"FloatDistribution\", \"attributes\": {\"step\": null, \"low\": 2.0, \"high\": 5.0, \"log\": false}}"}
{"op_code":5,"worker_id":"f436a37b-f8c3-4714-a881-41f684b2042a-139850215403648","trial_id":39,"param_name":"BellowHeight","param_value_internal":6.34045111637335,"distribution":"{\"name\": \"FloatDistribution\", \"attributes\": {\"step\": null, \"low\": 6.0, \"high\": 10.0, \"log\": false}}"}
{"op_code":5,"worker_id":"f436a37b-f8c3-4714-a881-41f684b2042a-139850215403648","trial_id":39,"param_name":"WallThickness","param_value_internal":3.180160054366156,"distribution":"{\"name\": \"FloatDistribution\", \"attributes\": {\"step\": null, \"low\": 2.0, \"high\": 4.0, \"log\": false}}"}
{"op_code":5,"worker_id":"f436a37b-f8c3-4714-a881-41f684b2042a-139850215403648","trial_id":39,"param_name":"PlateauHeight","param_value_internal":2.5998480881004555,"distribution":"{\"name\": \"FloatDistribution\", \"attributes\": {\"step\": null, \"low\": 2.0, \"high\": 4.0, \"log\": false}}"}
{"op_code":6,"worker_id":"b6346ce0-0bda-41fe-b1d8-8471c30e0386-139658692169856","trial_id":31,"state":1,"values":[-Infinity,-Infinity],"datetime_complete":"2026-06-05T15:13:36.840900"}
{"op_code":4,"worker_id":"b6346ce0-0bda-41fe-b1d8-8471c30e0386-139658692169856","study_id":0,"datetime_start":"2026-06-05T15:13:36.850853"}
{"op_code":9,"worker_id":"b6346ce0-0bda-41fe-b1d8-8471c30e0386-139658692169856","trial_id":40,"system_attr":{"nsga2:generation":0}}
{"op_code":5,"worker_id":"b6346ce0-0bda-41fe-b1d8-8471c30e0386-139658692169856","trial_id":40,"param_name":"JointSlopeAngle","param_value_internal":0.6153282633414877,"distribution":"{\"name\": \"FloatDistribution\", \"attributes\": {\"step\": null, \"low\": 0.17453292519943295, \"high\": 1.0471975511965976, \"log\": false}}"}
{"op_code":5,"worker_id":"b6346ce0-0bda-41fe-b1d8-8471c30e0386-139658692169856","trial_id":40,"param_name":"OuterRadius","param_value_internal":12.77181766949024,"distribution":"{\"name\": \"FloatDistribution\", \"attributes\": {\"step\": null, \"low\": 8.75, \"high\": 17.75, \"log\": false}}"}
{"op_code":5,"worker_id":"b6346ce0-0bda-41fe-b1d8-8471c30e0386-139658692169856","trial_id":40,"param_name":"JointHeight","param_value_internal":5.372443447644095,"distribution":"{\"name\": \"FloatDistribution\", \"attributes\": {\"step\": null, \"low\": 5.0, \"high\": 8.0, \"log\": false}}"}
{"op_code":5,"worker_id":"b6346ce0-0bda-41fe-b1d8-8471c30e0386-139658692169856","trial_id":40,"param_name":"CavityCorkThickness","param_value_internal":4.7239517601038425,"distribution":"{\"name\": \"FloatDistribution\", \"attributes\": {\"step\": null, \"low\": 2.0, \"high\": 5.0, \"log\": false}}"}
{"op_code":5,"worker_id":"b6346ce0-0bda-41fe-b1d8-8471c30e0386-139658692169856","trial_id":40,"param_name":"BellowHeight","param_value_internal":7.039747117501551,"distribution":"{\"name\": \"FloatDistribution\", \"attributes\": {\"step\": null, \"low\": 6.0, \"high\": 10.0, \"log\": false}}"}
{"op_code":5,"worker_id":"b6346ce0-0bda-41fe-b1d8-8471c30e0386-139658692169856","trial_id":40,"param_name":"WallThickness","param_value_internal":3.5927544377697345,"distribution":"{\"name\": \"FloatDistribution\", \"attributes\": {\"step\": null, \"low\": 2.0, \"high\": 4.0, \"log\": false}}"}
{"op_code":5,"worker_id":"b6346ce0-0bda-41fe-b1d8-8471c30e0386-139658692169856","trial_id":40,"param_name":"PlateauHeight","param_value_internal":3.517476922938902,"distribution":"{\"name\": \"FloatDistribution\", \"attributes\": {\"step\": null, \"low\": 2.0, \"high\": 4.0, \"log\": false}}"}
{"op_code":6,"worker_id":"4c1f89ba-6ee6-4c05-8781-5d22e5bf9ad9-140003344846976","trial_id":32,"state":1,"values":[-Infinity,-Infinity],"datetime_complete":"2026-06-05T15:13:36.903269"}
{"op_code":4,"worker_id":"4c1f89ba-6ee6-4c05-8781-5d22e5bf9ad9-140003344846976","study_id":0,"datetime_start":"2026-06-05T15:13:36.913151"}
{"op_code":9,"worker_id":"4c1f89ba-6ee6-4c05-8781-5d22e5bf9ad9-140003344846976","trial_id":41,"system_attr":{"nsga2:generation":0}}
{"op_code":5,"worker_id":"4c1f89ba-6ee6-4c05-8781-5d22e5bf9ad9-140003344846976","trial_id":41,"param_name":"JointSlopeAngle","param_value_internal":0.990254332566726,"distribution":"{\"name\": \"FloatDistribution\", \"attributes\": {\"step\": null, \"low\": 0.17453292519943295, \"high\": 1.0471975511965976, \"log\": false}}"}
{"op_code":5,"worker_id":"4c1f89ba-6ee6-4c05-8781-5d22e5bf9ad9-140003344846976","trial_id":41,"param_name":"OuterRadius","param_value_internal":14.410118801966085,"distribution":"{\"name\": \"FloatDistribution\", \"attributes\": {\"step\": null, \"low\": 8.75, \"high\": 17.75, \"log\": false}}"}
{"op_code":5,"worker_id":"4c1f89ba-6ee6-4c05-8781-5d22e5bf9ad9-140003344846976","trial_id":41,"param_name":"JointHeight","param_value_internal":5.947117172739313,"distribution":"{\"name\": \"FloatDistribution\", \"attributes\": {\"step\": null, \"low\": 5.0, \"high\": 8.0, \"log\": false}}"}
{"op_code":5,"worker_id":"4c1f89ba-6ee6-4c05-8781-5d22e5bf9ad9-140003344846976","trial_id":41,"param_name":"CavityCorkThickness","param_value_internal":3.8563107417964195,"distribution":"{\"name\": \"FloatDistribution\", \"attributes\": {\"step\": null, \"low\": 2.0, \"high\": 5.0, \"log\": false}}"}
{"op_code":5,"worker_id":"4c1f89ba-6ee6-4c05-8781-5d22e5bf9ad9-140003344846976","trial_id":41,"param_name":"BellowHeight","param_value_internal":8.90987596221974,"distribution":"{\"name\": \"FloatDistribution\", \"attributes\": {\"step\": null, \"low\": 6.0, \"high\": 10.0, \"log\": false}}"}
{"op_code":5,"worker_id":"4c1f89ba-6ee6-4c05-8781-5d22e5bf9ad9-140003344846976","trial_id":41,"param_name":"WallThickness","param_value_internal":2.9846244503077024,"distribution":"{\"name\": \"FloatDistribution\", \"attributes\": {\"step\": null, \"low\": 2.0, \"high\": 4.0, \"log\": false}}"}
{"op_code":5,"worker_id":"4c1f89ba-6ee6-4c05-8781-5d22e5bf9ad9-140003344846976","trial_id":41,"param_name":"PlateauHeight","param_value_internal":2.031681883495373,"distribution":"{\"name\": \"FloatDistribution\", \"attributes\": {\"step\": null, \"low\": 2.0, \"high\": 4.0, \"log\": false}}"}
{"op_code":6,"worker_id":"10a8ded3-896f-4967-a058-713acb9f72ba-140147300270208","trial_id":29,"state":1,"values":[-Infinity,-Infinity],"datetime_complete":"2026-06-05T15:13:37.145576"}
{"op_code":4,"worker_id":"10a8ded3-896f-4967-a058-713acb9f72ba-140147300270208","study_id":0,"datetime_start":"2026-06-05T15:13:37.157293"}
{"op_code":9,"worker_id":"10a8ded3-896f-4967-a058-713acb9f72ba-140147300270208","trial_id":42,"system_attr":{"nsga2:generation":0}}
{"op_code":5,"worker_id":"10a8ded3-896f-4967-a058-713acb9f72ba-140147300270208","trial_id":42,"param_name":"JointSlopeAngle","param_value_internal":0.5665680002636885,"distribution":"{\"name\": \"FloatDistribution\", \"attributes\": {\"step\": null, \"low\": 0.17453292519943295, \"high\": 1.0471975511965976, \"log\": false}}"}
{"op_code":5,"worker_id":"10a8ded3-896f-4967-a058-713acb9f72ba-140147300270208","trial_id":42,"param_name":"OuterRadius","param_value_internal":8.847373181233063,"distribution":"{\"name\": \"FloatDistribution\", \"attributes\": {\"step\": null, \"low\": 8.75, \"high\": 17.75, \"log\": false}}"}
{"op_code":5,"worker_id":"10a8ded3-896f-4967-a058-713acb9f72ba-140147300270208","trial_id":42,"param_name":"JointHeight","param_value_internal":6.056596632127291,"distribution":"{\"name\": \"FloatDistribution\", \"attributes\": {\"step\": null, \"low\": 5.0, \"high\": 8.0, \"log\": false}}"}
{"op_code":5,"worker_id":"10a8ded3-896f-4967-a058-713acb9f72ba-140147300270208","trial_id":42,"param_name":"CavityCorkThickness","param_value_internal":3.677204200057592,"distribution":"{\"name\": \"FloatDistribution\", \"attributes\": {\"step\": null, \"low\": 2.0, \"high\": 5.0, \"log\": false}}"}
{"op_code":5,"worker_id":"10a8ded3-896f-4967-a058-713acb9f72ba-140147300270208","trial_id":42,"param_name":"BellowHeight","param_value_internal":9.587411608781164,"distribution":"{\"name\": \"FloatDistribution\", \"attributes\": {\"step\": null, \"low\": 6.0, \"high\": 10.0, \"log\": false}}"}
{"op_code":5,"worker_id":"10a8ded3-896f-4967-a058-713acb9f72ba-140147300270208","trial_id":42,"param_name":"WallThickness","param_value_internal":2.850380954918471,"distribution":"{\"name\": \"FloatDistribution\", \"attributes\": {\"step\": null, \"low\": 2.0, \"high\": 4.0, \"log\": false}}"}
{"op_code":5,"worker_id":"10a8ded3-896f-4967-a058-713acb9f72ba-140147300270208","trial_id":42,"param_name":"PlateauHeight","param_value_internal":3.682763731706542,"distribution":"{\"name\": \"FloatDistribution\", \"attributes\": {\"step\": null, \"low\": 2.0, \"high\": 4.0, \"log\": false}}"}
{"op_code":6,"worker_id":"b4282f5a-3a02-42bc-98fc-ed71c2a6e632-140662602612864","trial_id":38,"state":1,"values":[-Infinity,-Infinity],"datetime_complete":"2026-06-05T15:13:37.402590"}
{"op_code":4,"worker_id":"b4282f5a-3a02-42bc-98fc-ed71c2a6e632-140662602612864","study_id":0,"datetime_start":"2026-06-05T15:13:37.412352"}
{"op_code":9,"worker_id":"b4282f5a-3a02-42bc-98fc-ed71c2a6e632-140662602612864","trial_id":43,"system_attr":{"nsga2:generation":0}}
{"op_code":5,"worker_id":"b4282f5a-3a02-42bc-98fc-ed71c2a6e632-140662602612864","trial_id":43,"param_name":"JointSlopeAngle","param_value_internal":0.2318566440034055,"distribution":"{\"name\": \"FloatDistribution\", \"attributes\": {\"step\": null, \"low\": 0.17453292519943295, \"high\": 1.0471975511965976, \"log\": false}}"}
{"op_code":5,"worker_id":"b4282f5a-3a02-42bc-98fc-ed71c2a6e632-140662602612864","trial_id":43,"param_name":"OuterRadius","param_value_internal":11.845830572646417,"distribution":"{\"name\": \"FloatDistribution\", \"attributes\": {\"step\": null, \"low\": 8.75, \"high\": 17.75, \"log\": false}}"}
{"op_code":5,"worker_id":"b4282f5a-3a02-42bc-98fc-ed71c2a6e632-140662602612864","trial_id":43,"param_name":"JointHeight","param_value_internal":5.40280113698297,"distribution":"{\"name\": \"FloatDistribution\", \"attributes\": {\"step\": null, \"low\": 5.0, \"high\": 8.0, \"log\": false}}"}
{"op_code":5,"worker_id":"b4282f5a-3a02-42bc-98fc-ed71c2a6e632-140662602612864","trial_id":43,"param_name":"CavityCorkThickness","param_value_internal":4.151923586823559,"distribution":"{\"name\": \"FloatDistribution\", \"attributes\": {\"step\": null, \"low\": 2.0, \"high\": 5.0, \"log\": false}}"}
{"op_code":5,"worker_id":"b4282f5a-3a02-42bc-98fc-ed71c2a6e632-140662602612864","trial_id":43,"param_name":"BellowHeight","param_value_internal":8.450714119063463,"distribution":"{\"name\": \"FloatDistribution\", \"attributes\": {\"step\": null, \"low\": 6.0, \"high\": 10.0, \"log\": false}}"}
{"op_code":5,"worker_id":"b4282f5a-3a02-42bc-98fc-ed71c2a6e632-140662602612864","trial_id":43,"param_name":"WallThickness","param_value_internal":2.9211885257167687,"distribution":"{\"name\": \"FloatDistribution\", \"attributes\": {\"step\": null, \"low\": 2.0, \"high\": 4.0, \"log\": false}}"}
{"op_code":5,"worker_id":"b4282f5a-3a02-42bc-98fc-ed71c2a6e632-140662602612864","trial_id":43,"param_name":"PlateauHeight","param_value_internal":3.280220508573912,"distribution":"{\"name\": \"FloatDistribution\", \"attributes\": {\"step\": null, \"low\": 2.0, \"high\": 4.0, \"log\": false}}"}
{"op_code":6,"worker_id":"f436a37b-f8c3-4714-a881-41f684b2042a-139850215403648","trial_id":39,"state":1,"values":[-Infinity,-Infinity],"datetime_complete":"2026-06-05T15:13:37.532362"}
{"op_code":4,"worker_id":"f436a37b-f8c3-4714-a881-41f684b2042a-139850215403648","study_id":0,"datetime_start":"2026-06-05T15:13:37.542838"}
{"op_code":9,"worker_id":"f436a37b-f8c3-4714-a881-41f684b2042a-139850215403648","trial_id":44,"system_attr":{"nsga2:generation":0}}
{"op_code":5,"worker_id":"f436a37b-f8c3-4714-a881-41f684b2042a-139850215403648","trial_id":44,"param_name":"JointSlopeAngle","param_value_internal":0.9066305744108539,"distribution":"{\"name\": \"FloatDistribution\", \"attributes\": {\"step\": null, \"low\": 0.17453292519943295, \"high\": 1.0471975511965976, \"log\": false}}"}
{"op_code":5,"worker_id":"f436a37b-f8c3-4714-a881-41f684b2042a-139850215403648","trial_id":44,"param_name":"OuterRadius","param_value_internal":9.499457349551513,"distribution":"{\"name\": \"FloatDistribution\", \"attributes\": {\"step\": null, \"low\": 8.75, \"high\": 17.75, \"log\": false}}"}
{"op_code":5,"worker_id":"f436a37b-f8c3-4714-a881-41f684b2042a-139850215403648","trial_id":44,"param_name":"JointHeight","param_value_internal":5.798468160357878,"distribution":"{\"name\": \"FloatDistribution\", \"attributes\": {\"step\": null, \"low\": 5.0, \"high\": 8.0, \"log\": false}}"}
{"op_code":5,"worker_id":"f436a37b-f8c3-4714-a881-41f684b2042a-139850215403648","trial_id":44,"param_name":"CavityCorkThickness","param_value_internal":3.4585644352598166,"distribution":"{\"name\": \"FloatDistribution\", \"attributes\": {\"step\": null, \"low\": 2.0, \"high\": 5.0, \"log\": false}}"}
{"op_code":5,"worker_id":"f436a37b-f8c3-4714-a881-41f684b2042a-139850215403648","trial_id":44,"param_name":"BellowHeight","param_value_internal":7.9026433662253925,"distribution":"{\"name\": \"FloatDistribution\", \"attributes\": {\"step\": null, \"low\": 6.0, \"high\": 10.0, \"log\": false}}"}
{"op_code":5,"worker_id":"f436a37b-f8c3-4714-a881-41f684b2042a-139850215403648","trial_id":44,"param_name":"WallThickness","param_value_internal":3.7754282562309314,"distribution":"{\"name\": \"FloatDistribution\", \"attributes\": {\"step\": null, \"low\": 2.0, \"high\": 4.0, \"log\": false}}"}
{"op_code":5,"worker_id":"f436a37b-f8c3-4714-a881-41f684b2042a-139850215403648","trial_id":44,"param_name":"PlateauHeight","param_value_internal":2.355134299788711,"distribution":"{\"name\": \"FloatDistribution\", \"attributes\": {\"step\": null, \"low\": 2.0, \"high\": 4.0, \"log\": false}}"}
{"op_code":6,"worker_id":"b6346ce0-0bda-41fe-b1d8-8471c30e0386-139658692169856","trial_id":40,"state":1,"values":[-Infinity,-Infinity],"datetime_complete":"2026-06-05T15:13:37.637043"}
{"op_code":4,"worker_id":"b6346ce0-0bda-41fe-b1d8-8471c30e0386-139658692169856","study_id":0,"datetime_start":"2026-06-05T15:13:37.647459"}
{"op_code":9,"worker_id":"b6346ce0-0bda-41fe-b1d8-8471c30e0386-139658692169856","trial_id":45,"system_attr":{"nsga2:generation":0}}
{"op_code":5,"worker_id":"b6346ce0-0bda-41fe-b1d8-8471c30e0386-139658692169856","trial_id":45,"param_name":"JointSlopeAngle","param_value_internal":0.5002586984327586,"distribution":"{\"name\": \"FloatDistribution\", \"attributes\": {\"step\": null, \"low\": 0.17453292519943295, \"high\": 1.0471975511965976, \"log\": false}}"}
{"op_code":5,"worker_id":"b6346ce0-0bda-41fe-b1d8-8471c30e0386-139658692169856","trial_id":45,"param_name":"OuterRadius","param_value_internal":17.050657716711697,"distribution":"{\"name\": \"FloatDistribution\", \"attributes\": {\"step\": null, \"low\": 8.75, \"high\": 17.75, \"log\": false}}"}
{"op_code":5,"worker_id":"b6346ce0-0bda-41fe-b1d8-8471c30e0386-139658692169856","trial_id":45,"param_name":"JointHeight","param_value_internal":6.994581848533379,"distribution":"{\"name\": \"FloatDistribution\", \"attributes\": {\"step\": null, \"low\": 5.0, \"high\": 8.0, \"log\": false}}"}
{"op_code":5,"worker_id":"b6346ce0-0bda-41fe-b1d8-8471c30e0386-139658692169856","trial_id":45,"param_name":"CavityCorkThickness","param_value_internal":2.0299787947462167,"distribution":"{\"name\": \"FloatDistribution\", \"attributes\": {\"step\": null, \"low\": 2.0, \"high\": 5.0, \"log\": false}}"}
{"op_code":5,"worker_id":"b6346ce0-0bda-41fe-b1d8-8471c30e0386-139658692169856","trial_id":45,"param_name":"BellowHeight","param_value_internal":6.347417654009941,"distribution":"{\"name\": \"FloatDistribution\", \"attributes\": {\"step\": null, \"low\": 6.0, \"high\": 10.0, \"log\": false}}"}
{"op_code":5,"worker_id":"b6346ce0-0bda-41fe-b1d8-8471c30e0386-139658692169856","trial_id":45,"param_name":"WallThickness","param_value_internal":2.0595782520367028,"distribution":"{\"name\": \"FloatDistribution\", \"attributes\": {\"step\": null, \"low\": 2.0, \"high\": 4.0, \"log\": false}}"}
{"op_code":5,"worker_id":"b6346ce0-0bda-41fe-b1d8-8471c30e0386-139658692169856","trial_id":45,"param_name":"PlateauHeight","param_value_internal":2.306647005969044,"distribution":"{\"name\": \"FloatDistribution\", \"attributes\": {\"step\": null, \"low\": 2.0, \"high\": 4.0, \"log\": false}}"}
{"op_code":6,"worker_id":"4c1f89ba-6ee6-4c05-8781-5d22e5bf9ad9-140003344846976","trial_id":41,"state":1,"values":[-Infinity,-Infinity],"datetime_complete":"2026-06-05T15:13:37.704541"}
{"op_code":4,"worker_id":"4c1f89ba-6ee6-4c05-8781-5d22e5bf9ad9-140003344846976","study_id":0,"datetime_start":"2026-06-05T15:13:37.713462"}
{"op_code":9,"worker_id":"4c1f89ba-6ee6-4c05-8781-5d22e5bf9ad9-140003344846976","trial_id":46,"system_attr":{"nsga2:generation":0}}
{"op_code":5,"worker_id":"4c1f89ba-6ee6-4c05-8781-5d22e5bf9ad9-140003344846976","trial_id":46,"param_name":"JointSlopeAngle","param_value_internal":0.4245203435510316,"distribution":"{\"name\": \"FloatDistribution\", \"attributes\": {\"step\": null, \"low\": 0.17453292519943295, \"high\": 1.0471975511965976, \"log\": false}}"}
{"op_code":5,"worker_id":"4c1f89ba-6ee6-4c05-8781-5d22e5bf9ad9-140003344846976","trial_id":46,"param_name":"OuterRadius","param_value_internal":11.290419532924563,"distribution":"{\"name\": \"FloatDistribution\", \"attributes\": {\"step\": null, \"low\": 8.75, \"high\": 17.75, \"log\": false}}"}
{"op_code":5,"worker_id":"4c1f89ba-6ee6-4c05-8781-5d22e5bf9ad9-140003344846976","trial_id":46,"param_name":"JointHeight","param_value_internal":7.29965307338047,"distribution":"{\"name\": \"FloatDistribution\", \"attributes\": {\"step\": null, \"low\": 5.0, \"high\": 8.0, \"log\": false}}"}
{"op_code":5,"worker_id":"4c1f89ba-6ee6-4c05-8781-5d22e5bf9ad9-140003344846976","trial_id":46,"param_name":"CavityCorkThickness","param_value_internal":4.5364907934654175,"distribution":"{\"name\": \"FloatDistribution\", \"attributes\": {\"step\": null, \"low\": 2.0, \"high\": 5.0, \"log\": false}}"}
{"op_code":5,"worker_id":"4c1f89ba-6ee6-4c05-8781-5d22e5bf9ad9-140003344846976","trial_id":46,"param_name":"BellowHeight","param_value_internal":6.389646346803433,"distribution":"{\"name\": \"FloatDistribution\", \"attributes\": {\"step\": null, \"low\": 6.0, \"high\": 10.0, \"log\": false}}"}
{"op_code":5,"worker_id":"4c1f89ba-6ee6-4c05-8781-5d22e5bf9ad9-140003344846976","trial_id":46,"param_name":"WallThickness","param_value_internal":3.6270870762311094,"distribution":"{\"name\": \"FloatDistribution\", \"attributes\": {\"step\": null, \"low\": 2.0, \"high\": 4.0, \"log\": false}}"}
{"op_code":5,"worker_id":"4c1f89ba-6ee6-4c05-8781-5d22e5bf9ad9-140003344846976","trial_id":46,"param_name":"PlateauHeight","param_value_internal":3.1997161665685523,"distribution":"{\"name\": \"FloatDistribution\", \"attributes\": {\"step\": null, \"low\": 2.0, \"high\": 4.0, \"log\": false}}"}
{"op_code":6,"worker_id":"6f92d237-fb8d-44e5-a0b9-8f0d7c5849e4-140698005012608","trial_id":37,"state":1,"values":[-Infinity,-Infinity],"datetime_complete":"2026-06-05T15:13:37.875037"}
{"op_code":4,"worker_id":"6f92d237-fb8d-44e5-a0b9-8f0d7c5849e4-140698005012608","study_id":0,"datetime_start":"2026-06-05T15:13:37.884636"}
{"op_code":9,"worker_id":"6f92d237-fb8d-44e5-a0b9-8f0d7c5849e4-140698005012608","trial_id":47,"system_attr":{"nsga2:generation":0}}
{"op_code":5,"worker_id":"6f92d237-fb8d-44e5-a0b9-8f0d7c5849e4-140698005012608","trial_id":47,"param_name":"JointSlopeAngle","param_value_internal":0.32685898751869047,"distribution":"{\"name\": \"FloatDistribution\", \"attributes\": {\"step\": null, \"low\": 0.17453292519943295, \"high\": 1.0471975511965976, \"log\": false}}"}
{"op_code":5,"worker_id":"6f92d237-fb8d-44e5-a0b9-8f0d7c5849e4-140698005012608","trial_id":47,"param_name":"OuterRadius","param_value_internal":13.73137764191626,"distribution":"{\"name\": \"FloatDistribution\", \"attributes\": {\"step\": null, \"low\": 8.75, \"high\": 17.75, \"log\": false}}"}
{"op_code":5,"worker_id":"6f92d237-fb8d-44e5-a0b9-8f0d7c5849e4-140698005012608","trial_id":47,"param_name":"JointHeight","param_value_internal":6.611261817407511,"distribution":"{\"name\": \"FloatDistribution\", \"attributes\": {\"step\": null, \"low\": 5.0, \"high\": 8.0, \"log\": false}}"}
{"op_code":5,"worker_id":"6f92d237-fb8d-44e5-a0b9-8f0d7c5849e4-140698005012608","trial_id":47,"param_name":"CavityCorkThickness","param_value_internal":2.9927071860778685,"distribution":"{\"name\": \"FloatDistribution\", \"attributes\": {\"step\": null, \"low\": 2.0, \"high\": 5.0, \"log\": false}}"}
{"op_code":5,"worker_id":"6f92d237-fb8d-44e5-a0b9-8f0d7c5849e4-140698005012608","trial_id":47,"param_name":"BellowHeight","param_value_internal":8.752893165727347,"distribution":"{\"name\": \"FloatDistribution\", \"attributes\": {\"step\": null, \"low\": 6.0, \"high\": 10.0, \"log\": false}}"}
{"op_code":5,"worker_id":"6f92d237-fb8d-44e5-a0b9-8f0d7c5849e4-140698005012608","trial_id":47,"param_name":"WallThickness","param_value_internal":3.2907741817906127,"distribution":"{\"name\": \"FloatDistribution\", \"attributes\": {\"step\": null, \"low\": 2.0, \"high\": 4.0, \"log\": false}}"}
{"op_code":5,"worker_id":"6f92d237-fb8d-44e5-a0b9-8f0d7c5849e4-140698005012608","trial_id":47,"param_name":"PlateauHeight","param_value_internal":2.1855622036119424,"distribution":"{\"name\": \"FloatDistribution\", \"attributes\": {\"step\": null, \"low\": 2.0, \"high\": 4.0, \"log\": false}}"}
{"op_code":6,"worker_id":"7ec27c0f-c20e-4361-843d-8eaa3d5568f6-139729260765312","trial_id":33,"state":1,"values":[-Infinity,-Infinity],"datetime_complete":"2026-06-05T15:13:37.948546"}
{"op_code":4,"worker_id":"7ec27c0f-c20e-4361-843d-8eaa3d5568f6-139729260765312","study_id":0,"datetime_start":"2026-06-05T15:13:37.958257"}
{"op_code":9,"worker_id":"7ec27c0f-c20e-4361-843d-8eaa3d5568f6-139729260765312","trial_id":48,"system_attr":{"nsga2:generation":0}}
{"op_code":5,"worker_id":"7ec27c0f-c20e-4361-843d-8eaa3d5568f6-139729260765312","trial_id":48,"param_name":"JointSlopeAngle","param_value_internal":0.27966934832399365,"distribution":"{\"name\": \"FloatDistribution\", \"attributes\": {\"step\": null, \"low\": 0.17453292519943295, \"high\": 1.0471975511965976, \"log\": false}}"}
{"op_code":5,"worker_id":"7ec27c0f-c20e-4361-843d-8eaa3d5568f6-139729260765312","trial_id":48,"param_name":"OuterRadius","param_value_internal":11.610094326668714,"distribution":"{\"name\": \"FloatDistribution\", \"attributes\": {\"step\": null, \"low\": 8.75, \"high\": 17.75, \"log\": false}}"}
{"op_code":5,"worker_id":"7ec27c0f-c20e-4361-843d-8eaa3d5568f6-139729260765312","trial_id":48,"param_name":"JointHeight","param_value_internal":6.400880337988119,"distribution":"{\"name\": \"FloatDistribution\", \"attributes\": {\"step\": null, \"low\": 5.0, \"high\": 8.0, \"log\": false}}"}
{"op_code":5,"worker_id":"7ec27c0f-c20e-4361-843d-8eaa3d5568f6-139729260765312","trial_id":48,"param_name":"CavityCorkThickness","param_value_internal":3.5689896349541286,"distribution":"{\"name\": \"FloatDistribution\", \"attributes\": {\"step\": null, \"low\": 2.0, \"high\": 5.0, \"log\": false}}"}
{"op_code":5,"worker_id":"7ec27c0f-c20e-4361-843d-8eaa3d5568f6-139729260765312","trial_id":48,"param_name":"BellowHeight","param_value_internal":6.3075108855158515,"distribution":"{\"name\": \"FloatDistribution\", \"attributes\": {\"step\": null, \"low\": 6.0, \"high\": 10.0, \"log\": false}}"}
{"op_code":5,"worker_id":"7ec27c0f-c20e-4361-843d-8eaa3d5568f6-139729260765312","trial_id":48,"param_name":"WallThickness","param_value_internal":3.4756624169138575,"distribution":"{\"name\": \"FloatDistribution\", \"attributes\": {\"step\": null, \"low\": 2.0, \"high\": 4.0, \"log\": false}}"}
{"op_code":6,"worker_id":"2c502218-be46-491f-a292-69ceb9017558-140417704054912","trial_id":34,"state":1,"values":[-Infinity,-Infinity],"datetime_complete":"2026-06-05T15:13:38.010050"}
{"op_code":5,"worker_id":"7ec27c0f-c20e-4361-843d-8eaa3d5568f6-139729260765312","trial_id":48,"param_name":"PlateauHeight","param_value_internal":2.3555225735755547,"distribution":"{\"name\": \"FloatDistribution\", \"attributes\": {\"step\": null, \"low\": 2.0, \"high\": 4.0, \"log\": false}}"}
{"op_code":4,"worker_id":"2c502218-be46-491f-a292-69ceb9017558-140417704054912","study_id":0,"datetime_start":"2026-06-05T15:13:38.021274"}
{"op_code":6,"worker_id":"e96240ff-7283-4543-92d6-0e081eb83283-140399408197760","trial_id":35,"state":1,"values":[-Infinity,-Infinity],"datetime_complete":"2026-06-05T15:13:38.025764"}
{"op_code":9,"worker_id":"2c502218-be46-491f-a292-69ceb9017558-140417704054912","trial_id":49,"system_attr":{"nsga2:generation":0}}
{"op_code":5,"worker_id":"2c502218-be46-491f-a292-69ceb9017558-140417704054912","trial_id":49,"param_name":"JointSlopeAngle","param_value_internal":0.24695882294881366,"distribution":"{\"name\": \"FloatDistribution\", \"attributes\": {\"step\": null, \"low\": 0.17453292519943295, \"high\": 1.0471975511965976, \"log\": false}}"}
{"op_code":4,"worker_id":"e96240ff-7283-4543-92d6-0e081eb83283-140399408197760","study_id":0,"datetime_start":"2026-06-05T15:13:38.037600"}
{"op_code":5,"worker_id":"2c502218-be46-491f-a292-69ceb9017558-140417704054912","trial_id":49,"param_name":"OuterRadius","param_value_internal":15.373562903674783,"distribution":"{\"name\": \"FloatDistribution\", \"attributes\": {\"step\": null, \"low\": 8.75, \"high\": 17.75, \"log\": false}}"}
{"op_code":5,"worker_id":"2c502218-be46-491f-a292-69ceb9017558-140417704054912","trial_id":49,"param_name":"JointHeight","param_value_internal":7.4711942946555325,"distribution":"{\"name\": \"FloatDistribution\", \"attributes\": {\"step\": null, \"low\": 5.0, \"high\": 8.0, \"log\": false}}"}
{"op_code":9,"worker_id":"e96240ff-7283-4543-92d6-0e081eb83283-140399408197760","trial_id":50,"system_attr":{"nsga2:generation":0}}
{"op_code":5,"worker_id":"2c502218-be46-491f-a292-69ceb9017558-140417704054912","trial_id":49,"param_name":"CavityCorkThickness","param_value_internal":3.7328298277813343,"distribution":"{\"name\": \"FloatDistribution\", \"attributes\": {\"step\": null, \"low\": 2.0, \"high\": 5.0, \"log\": false}}"}
{"op_code":5,"worker_id":"e96240ff-7283-4543-92d6-0e081eb83283-140399408197760","trial_id":50,"param_name":"JointSlopeAngle","param_value_internal":0.8993924558225135,"distribution":"{\"name\": \"FloatDistribution\", \"attributes\": {\"step\": null, \"low\": 0.17453292519943295, \"high\": 1.0471975511965976, \"log\": false}}"}
{"op_code":5,"worker_id":"2c502218-be46-491f-a292-69ceb9017558-140417704054912","trial_id":49,"param_name":"BellowHeight","param_value_internal":9.939503924735458,"distribution":"{\"name\": \"FloatDistribution\", \"attributes\": {\"step\": null, \"low\": 6.0, \"high\": 10.0, \"log\": false}}"}
{"op_code":5,"worker_id":"e96240ff-7283-4543-92d6-0e081eb83283-140399408197760","trial_id":50,"param_name":"OuterRadius","param_value_internal":11.41784983767903,"distribution":"{\"name\": \"FloatDistribution\", \"attributes\": {\"step\": null, \"low\": 8.75, \"high\": 17.75, \"log\": false}}"}
{"op_code":5,"worker_id":"2c502218-be46-491f-a292-69ceb9017558-140417704054912","trial_id":49,"param_name":"WallThickness","param_value_internal":3.6348700392505964,"distribution":"{\"name\": \"FloatDistribution\", \"attributes\": {\"step\": null, \"low\": 2.0, \"high\": 4.0, \"log\": false}}"}
{"op_code":5,"worker_id":"e96240ff-7283-4543-92d6-0e081eb83283-140399408197760","trial_id":50,"param_name":"JointHeight","param_value_internal":6.154956373993097,"distribution":"{\"name\": \"FloatDistribution\", \"attributes\": {\"step\": null, \"low\": 5.0, \"high\": 8.0, \"log\": false}}"}
{"op_code":5,"worker_id":"2c502218-be46-491f-a292-69ceb9017558-140417704054912","trial_id":49,"param_name":"PlateauHeight","param_value_internal":3.5361625385165576,"distribution":"{\"name\": \"FloatDistribution\", \"attributes\": {\"step\": null, \"low\": 2.0, \"high\": 4.0, \"log\": false}}"}
{"op_code":5,"worker_id":"e96240ff-7283-4543-92d6-0e081eb83283-140399408197760","trial_id":50,"param_name":"CavityCorkThickness","param_value_internal":4.198658128142267,"distribution":"{\"name\": \"FloatDistribution\", \"attributes\": {\"step\": null, \"low\": 2.0, \"high\": 5.0, \"log\": false}}"}
{"op_code":5,"worker_id":"e96240ff-7283-4543-92d6-0e081eb83283-140399408197760","trial_id":50,"param_name":"BellowHeight","param_value_internal":7.633025570777985,"distribution":"{\"name\": \"FloatDistribution\", \"attributes\": {\"step\": null, \"low\": 6.0, \"high\": 10.0, \"log\": false}}"}
{"op_code":5,"worker_id":"e96240ff-7283-4543-92d6-0e081eb83283-140399408197760","trial_id":50,"param_name":"WallThickness","param_value_internal":2.6633446736069226,"distribution":"{\"name\": \"FloatDistribution\", \"attributes\": {\"step\": null, \"low\": 2.0, \"high\": 4.0, \"log\": false}}"}
{"op_code":5,"worker_id":"e96240ff-7283-4543-92d6-0e081eb83283-140399408197760","trial_id":50,"param_name":"PlateauHeight","param_value_internal":2.0633914034901033,"distribution":"{\"name\": \"FloatDistribution\", \"attributes\": {\"step\": null, \"low\": 2.0, \"high\": 4.0, \"log\": false}}"}
{"op_code":6,"worker_id":"5f9648e7-2ed2-457b-9a75-cb373948b6e9-140695596318848","trial_id":36,"state":1,"values":[-Infinity,-Infinity],"datetime_complete":"2026-06-05T15:13:38.134130"}
{"op_code":4,"worker_id":"5f9648e7-2ed2-457b-9a75-cb373948b6e9-140695596318848","study_id":0,"datetime_start":"2026-06-05T15:13:38.143558"}
{"op_code":9,"worker_id":"5f9648e7-2ed2-457b-9a75-cb373948b6e9-140695596318848","trial_id":51,"system_attr":{"nsga2:generation":0}}
{"op_code":5,"worker_id":"5f9648e7-2ed2-457b-9a75-cb373948b6e9-140695596318848","trial_id":51,"param_name":"JointSlopeAngle","param_value_internal":0.2815326328161721,"distribution":"{\"name\": \"FloatDistribution\", \"attributes\": {\"step\": null, \"low\": 0.17453292519943295, \"high\": 1.0471975511965976, \"log\": false}}"}
{"op_code":5,"worker_id":"5f9648e7-2ed2-457b-9a75-cb373948b6e9-140695596318848","trial_id":51,"param_name":"OuterRadius","param_value_internal":10.040836876587006,"distribution":"{\"name\": \"FloatDistribution\", \"attributes\": {\"step\": null, \"low\": 8.75, \"high\": 17.75, \"log\": false}}"}
{"op_code":5,"worker_id":"5f9648e7-2ed2-457b-9a75-cb373948b6e9-140695596318848","trial_id":51,"param_name":"JointHeight","param_value_internal":5.074361003529358,"distribution":"{\"name\": \"FloatDistribution\", \"attributes\": {\"step\": null, \"low\": 5.0, \"high\": 8.0, \"log\": false}}"}
{"op_code":5,"worker_id":"5f9648e7-2ed2-457b-9a75-cb373948b6e9-140695596318848","trial_id":51,"param_name":"CavityCorkThickness","param_value_internal":2.8179918523676175,"distribution":"{\"name\": \"FloatDistribution\", \"attributes\": {\"step\": null, \"low\": 2.0, \"high\": 5.0, \"log\": false}}"}
{"op_code":5,"worker_id":"5f9648e7-2ed2-457b-9a75-cb373948b6e9-140695596318848","trial_id":51,"param_name":"BellowHeight","param_value_internal":8.27866403372269,"distribution":"{\"name\": \"FloatDistribution\", \"attributes\": {\"step\": null, \"low\": 6.0, \"high\": 10.0, \"log\": false}}"}
{"op_code":5,"worker_id":"5f9648e7-2ed2-457b-9a75-cb373948b6e9-140695596318848","trial_id":51,"param_name":"WallThickness","param_value_internal":3.813978548611858,"distribution":"{\"name\": \"FloatDistribution\", \"attributes\": {\"step\": null, \"low\": 2.0, \"high\": 4.0, \"log\": false}}"}
{"op_code":5,"worker_id":"5f9648e7-2ed2-457b-9a75-cb373948b6e9-140695596318848","trial_id":51,"param_name":"PlateauHeight","param_value_internal":3.114824354391543,"distribution":"{\"name\": \"FloatDistribution\", \"attributes\": {\"step\": null, \"low\": 2.0, \"high\": 4.0, \"log\": false}}"}
{"op_code":6,"worker_id":"b4282f5a-3a02-42bc-98fc-ed71c2a6e632-140662602612864","trial_id":43,"state":1,"values":[-Infinity,-Infinity],"datetime_complete":"2026-06-05T15:13:38.201032"}
{"op_code":4,"worker_id":"b4282f5a-3a02-42bc-98fc-ed71c2a6e632-140662602612864","study_id":0,"datetime_start":"2026-06-05T15:13:38.209640"}
{"op_code":9,"worker_id":"b4282f5a-3a02-42bc-98fc-ed71c2a6e632-140662602612864","trial_id":52,"system_attr":{"nsga2:generation":0}}
{"op_code":5,"worker_id":"b4282f5a-3a02-42bc-98fc-ed71c2a6e632-140662602612864","trial_id":52,"param_name":"JointSlopeAngle","param_value_internal":0.8697495777843133,"distribution":"{\"name\": \"FloatDistribution\", \"attributes\": {\"step\": null, \"low\": 0.17453292519943295, \"high\": 1.0471975511965976, \"log\": false}}"}
{"op_code":5,"worker_id":"b4282f5a-3a02-42bc-98fc-ed71c2a6e632-140662602612864","trial_id":52,"param_name":"OuterRadius","param_value_internal":8.900217838384368,"distribution":"{\"name\": \"FloatDistribution\", \"attributes\": {\"step\": null, \"low\": 8.75, \"high\": 17.75, \"log\": false}}"}
{"op_code":5,"worker_id":"b4282f5a-3a02-42bc-98fc-ed71c2a6e632-140662602612864","trial_id":52,"param_name":"JointHeight","param_value_internal":5.6034475832752575,"distribution":"{\"name\": \"FloatDistribution\", \"attributes\": {\"step\": null, \"low\": 5.0, \"high\": 8.0, \"log\": false}}"}
{"op_code":5,"worker_id":"b4282f5a-3a02-42bc-98fc-ed71c2a6e632-140662602612864","trial_id":52,"param_name":"CavityCorkThickness","param_value_internal":3.1790165137325155,"distribution":"{\"name\": \"FloatDistribution\", \"attributes\": {\"step\": null, \"low\": 2.0, \"high\": 5.0, \"log\": false}}"}
{"op_code":5,"worker_id":"b4282f5a-3a02-42bc-98fc-ed71c2a6e632-140662602612864","trial_id":52,"param_name":"BellowHeight","param_value_internal":7.923435833064532,"distribution":"{\"name\": \"FloatDistribution\", \"attributes\": {\"step\": null, \"low\": 6.0, \"high\": 10.0, \"log\": false}}"}
{"op_code":5,"worker_id":"b4282f5a-3a02-42bc-98fc-ed71c2a6e632-140662602612864","trial_id":52,"param_name":"WallThickness","param_value_internal":3.1767699728176884,"distribution":"{\"name\": \"FloatDistribution\", \"attributes\": {\"step\": null, \"low\": 2.0, \"high\": 4.0, \"log\": false}}"}
{"op_code":5,"worker_id":"b4282f5a-3a02-42bc-98fc-ed71c2a6e632-140662602612864","trial_id":52,"param_name":"PlateauHeight","param_value_internal":2.287332015977254,"distribution":"{\"name\": \"FloatDistribution\", \"attributes\": {\"step\": null, \"low\": 2.0, \"high\": 4.0, \"log\": false}}"}
{"op_code":6,"worker_id":"10a8ded3-896f-4967-a058-713acb9f72ba-140147300270208","trial_id":42,"state":1,"values":[-Infinity,-Infinity],"datetime_complete":"2026-06-05T15:13:38.287217"}
{"op_code":4,"worker_id":"10a8ded3-896f-4967-a058-713acb9f72ba-140147300270208","study_id":0,"datetime_start":"2026-06-05T15:13:38.297369"}
{"op_code":9,"worker_id":"10a8ded3-896f-4967-a058-713acb9f72ba-140147300270208","trial_id":53,"system_attr":{"nsga2:generation":0}}
{"op_code":5,"worker_id":"10a8ded3-896f-4967-a058-713acb9f72ba-140147300270208","trial_id":53,"param_name":"JointSlopeAngle","param_value_internal":0.8302295669157753,"distribution":"{\"name\": \"FloatDistribution\", \"attributes\": {\"step\": null, \"low\": 0.17453292519943295, \"high\": 1.0471975511965976, \"log\": false}}"}
{"op_code":5,"worker_id":"10a8ded3-896f-4967-a058-713acb9f72ba-140147300270208","trial_id":53,"param_name":"OuterRadius","param_value_internal":11.131245940895049,"distribution":"{\"name\": \"FloatDistribution\", \"attributes\": {\"step\": null, \"low\": 8.75, \"high\": 17.75, \"log\": false}}"}
{"op_code":6,"worker_id":"f436a37b-f8c3-4714-a881-41f684b2042a-139850215403648","trial_id":44,"state":1,"values":[-Infinity,-Infinity],"datetime_complete":"2026-06-05T15:13:38.320140"}
{"op_code":5,"worker_id":"10a8ded3-896f-4967-a058-713acb9f72ba-140147300270208","trial_id":53,"param_name":"JointHeight","param_value_internal":6.0122055994355295,"distribution":"{\"name\": \"FloatDistribution\", \"attributes\": {\"step\": null, \"low\": 5.0, \"high\": 8.0, \"log\": false}}"}
{"op_code":4,"worker_id":"f436a37b-f8c3-4714-a881-41f684b2042a-139850215403648","study_id":0,"datetime_start":"2026-06-05T15:13:38.331309"}
{"op_code":5,"worker_id":"10a8ded3-896f-4967-a058-713acb9f72ba-140147300270208","trial_id":53,"param_name":"CavityCorkThickness","param_value_internal":4.605812389848779,"distribution":"{\"name\": \"FloatDistribution\", \"attributes\": {\"step\": null, \"low\": 2.0, \"high\": 5.0, \"log\": false}}"}
{"op_code":9,"worker_id":"f436a37b-f8c3-4714-a881-41f684b2042a-139850215403648","trial_id":54,"system_attr":{"nsga2:generation":0}}
{"op_code":5,"worker_id":"10a8ded3-896f-4967-a058-713acb9f72ba-140147300270208","trial_id":53,"param_name":"BellowHeight","param_value_internal":8.878333897840362,"distribution":"{\"name\": \"FloatDistribution\", \"attributes\": {\"step\": null, \"low\": 6.0, \"high\": 10.0, \"log\": false}}"}
{"op_code":5,"worker_id":"f436a37b-f8c3-4714-a881-41f684b2042a-139850215403648","trial_id":54,"param_name":"JointSlopeAngle","param_value_internal":0.5053599675254541,"distribution":"{\"name\": \"FloatDistribution\", \"attributes\": {\"step\": null, \"low\": 0.17453292519943295, \"high\": 1.0471975511965976, \"log\": false}}"}
{"op_code":5,"worker_id":"10a8ded3-896f-4967-a058-713acb9f72ba-140147300270208","trial_id":53,"param_name":"WallThickness","param_value_internal":2.862990329153649,"distribution":"{\"name\": \"FloatDistribution\", \"attributes\": {\"step\": null, \"low\": 2.0, \"high\": 4.0, \"log\": false}}"}
{"op_code":5,"worker_id":"f436a37b-f8c3-4714-a881-41f684b2042a-139850215403648","trial_id":54,"param_name":"OuterRadius","param_value_internal":14.091931173019429,"distribution":"{\"name\": \"FloatDistribution\", \"attributes\": {\"step\": null, \"low\": 8.75, \"high\": 17.75, \"log\": false}}"}
{"op_code":5,"worker_id":"10a8ded3-896f-4967-a058-713acb9f72ba-140147300270208","trial_id":53,"param_name":"PlateauHeight","param_value_internal":2.2168077236217165,"distribution":"{\"name\": \"FloatDistribution\", \"attributes\": {\"step\": null, \"low\": 2.0, \"high\": 4.0, \"log\": false}}"}
{"op_code":5,"worker_id":"f436a37b-f8c3-4714-a881-41f684b2042a-139850215403648","trial_id":54,"param_name":"JointHeight","param_value_internal":7.896370029899415,"distribution":"{\"name\": \"FloatDistribution\", \"attributes\": {\"step\": null, \"low\": 5.0, \"high\": 8.0, \"log\": false}}"}
{"op_code":5,"worker_id":"f436a37b-f8c3-4714-a881-41f684b2042a-139850215403648","trial_id":54,"param_name":"CavityCorkThickness","param_value_internal":4.470070199035538,"distribution":"{\"name\": \"FloatDistribution\", \"attributes\": {\"step\": null, \"low\": 2.0, \"high\": 5.0, \"log\": false}}"}
{"op_code":5,"worker_id":"f436a37b-f8c3-4714-a881-41f684b2042a-139850215403648","trial_id":54,"param_name":"BellowHeight","param_value_internal":6.48249727677381,"distribution":"{\"name\": \"FloatDistribution\", \"attributes\": {\"step\": null, \"low\": 6.0, \"high\": 10.0, \"log\": false}}"}
{"op_code":5,"worker_id":"f436a37b-f8c3-4714-a881-41f684b2042a-139850215403648","trial_id":54,"param_name":"WallThickness","param_value_internal":2.4366161239942548,"distribution":"{\"name\": \"FloatDistribution\", \"attributes\": {\"step\": null, \"low\": 2.0, \"high\": 4.0, \"log\": false}}"}
{"op_code":5,"worker_id":"f436a37b-f8c3-4714-a881-41f684b2042a-139850215403648","trial_id":54,"param_name":"PlateauHeight","param_value_internal":3.3237763639795537,"distribution":"{\"name\": \"FloatDistribution\", \"attributes\": {\"step\": null, \"low\": 2.0, \"high\": 4.0, \"log\": false}}"}
{"op_code":6,"worker_id":"b6346ce0-0bda-41fe-b1d8-8471c30e0386-139658692169856","trial_id":45,"state":1,"values":[-Infinity,-Infinity],"datetime_complete":"2026-06-05T15:13:38.415831"}
{"op_code":4,"worker_id":"b6346ce0-0bda-41fe-b1d8-8471c30e0386-139658692169856","study_id":0,"datetime_start":"2026-06-05T15:13:38.426842"}
{"op_code":9,"worker_id":"b6346ce0-0bda-41fe-b1d8-8471c30e0386-139658692169856","trial_id":55,"system_attr":{"nsga2:generation":0}}
{"op_code":5,"worker_id":"b6346ce0-0bda-41fe-b1d8-8471c30e0386-139658692169856","trial_id":55,"param_name":"JointSlopeAngle","param_value_internal":0.6864795531920312,"distribution":"{\"name\": \"FloatDistribution\", \"attributes\": {\"step\": null, \"low\": 0.17453292519943295, \"high\": 1.0471975511965976, \"log\": false}}"}
{"op_code":5,"worker_id":"b6346ce0-0bda-41fe-b1d8-8471c30e0386-139658692169856","trial_id":55,"param_name":"OuterRadius","param_value_internal":16.10286103991914,"distribution":"{\"name\": \"FloatDistribution\", \"attributes\": {\"step\": null, \"low\": 8.75, \"high\": 17.75, \"log\": false}}"}
{"op_code":5,"worker_id":"b6346ce0-0bda-41fe-b1d8-8471c30e0386-139658692169856","trial_id":55,"param_name":"JointHeight","param_value_internal":5.268560803617438,"distribution":"{\"name\": \"FloatDistribution\", \"attributes\": {\"step\": null, \"low\": 5.0, \"high\": 8.0, \"log\": false}}"}
{"op_code":5,"worker_id":"b6346ce0-0bda-41fe-b1d8-8471c30e0386-139658692169856","trial_id":55,"param_name":"CavityCorkThickness","param_value_internal":3.0927893525749566,"distribution":"{\"name\": \"FloatDistribution\", \"attributes\": {\"step\": null, \"low\": 2.0, \"high\": 5.0, \"log\": false}}"}
{"op_code":5,"worker_id":"b6346ce0-0bda-41fe-b1d8-8471c30e0386-139658692169856","trial_id":55,"param_name":"BellowHeight","param_value_internal":8.989851680583413,"distribution":"{\"name\": \"FloatDistribution\", \"attributes\": {\"step\": null, \"low\": 6.0, \"high\": 10.0, \"log\": false}}"}
{"op_code":5,"worker_id":"b6346ce0-0bda-41fe-b1d8-8471c30e0386-139658692169856","trial_id":55,"param_name":"WallThickness","param_value_internal":3.497441904392877,"distribution":"{\"name\": \"FloatDistribution\", \"attributes\": {\"step\": null, \"low\": 2.0, \"high\": 4.0, \"log\": false}}"}
{"op_code":5,"worker_id":"b6346ce0-0bda-41fe-b1d8-8471c30e0386-139658692169856","trial_id":55,"param_name":"PlateauHeight","param_value_internal":2.263679286655835,"distribution":"{\"name\": \"FloatDistribution\", \"attributes\": {\"step\": null, \"low\": 2.0, \"high\": 4.0, \"log\": false}}"}
{"op_code":6,"worker_id":"4c1f89ba-6ee6-4c05-8781-5d22e5bf9ad9-140003344846976","trial_id":46,"state":1,"values":[-Infinity,-Infinity],"datetime_complete":"2026-06-05T15:13:38.492426"}
{"op_code":4,"worker_id":"4c1f89ba-6ee6-4c05-8781-5d22e5bf9ad9-140003344846976","study_id":0,"datetime_start":"2026-06-05T15:13:38.501265"}
{"op_code":9,"worker_id":"4c1f89ba-6ee6-4c05-8781-5d22e5bf9ad9-140003344846976","trial_id":56,"system_attr":{"nsga2:generation":0}}
{"op_code":5,"worker_id":"4c1f89ba-6ee6-4c05-8781-5d22e5bf9ad9-140003344846976","trial_id":56,"param_name":"JointSlopeAngle","param_value_internal":0.7745418843873848,"distribution":"{\"name\": \"FloatDistribution\", \"attributes\": {\"step\": null, \"low\": 0.17453292519943295, \"high\": 1.0471975511965976, \"log\": false}}"}
{"op_code":5,"worker_id":"4c1f89ba-6ee6-4c05-8781-5d22e5bf9ad9-140003344846976","trial_id":56,"param_name":"OuterRadius","param_value_internal":15.291334987892494,"distribution":"{\"name\": \"FloatDistribution\", \"attributes\": {\"step\": null, \"low\": 8.75, \"high\": 17.75, \"log\": false}}"}
{"op_code":5,"worker_id":"4c1f89ba-6ee6-4c05-8781-5d22e5bf9ad9-140003344846976","trial_id":56,"param_name":"JointHeight","param_value_internal":5.4087554375445555,"distribution":"{\"name\": \"FloatDistribution\", \"attributes\": {\"step\": null, \"low\": 5.0, \"high\": 8.0, \"log\": false}}"}
{"op_code":5,"worker_id":"4c1f89ba-6ee6-4c05-8781-5d22e5bf9ad9-140003344846976","trial_id":56,"param_name":"CavityCorkThickness","param_value_internal":3.5657220554076976,"distribution":"{\"name\": \"FloatDistribution\", \"attributes\": {\"step\": null, \"low\": 2.0, \"high\": 5.0, \"log\": false}}"}
{"op_code":5,"worker_id":"4c1f89ba-6ee6-4c05-8781-5d22e5bf9ad9-140003344846976","trial_id":56,"param_name":"BellowHeight","param_value_internal":6.780556373225139,"distribution":"{\"name\": \"FloatDistribution\", \"attributes\": {\"step\": null, \"low\": 6.0, \"high\": 10.0, \"log\": false}}"}
{"op_code":5,"worker_id":"4c1f89ba-6ee6-4c05-8781-5d22e5bf9ad9-140003344846976","trial_id":56,"param_name":"WallThickness","param_value_internal":2.371179766505664,"distribution":"{\"name\": \"FloatDistribution\", \"attributes\": {\"step\": null, \"low\": 2.0, \"high\": 4.0, \"log\": false}}"}
{"op_code":5,"worker_id":"4c1f89ba-6ee6-4c05-8781-5d22e5bf9ad9-140003344846976","trial_id":56,"param_name":"PlateauHeight","param_value_internal":2.6159741320164906,"distribution":"{\"name\": \"FloatDistribution\", \"attributes\": {\"step\": null, \"low\": 2.0, \"high\": 4.0, \"log\": false}}"}
{"op_code":6,"worker_id":"b4282f5a-3a02-42bc-98fc-ed71c2a6e632-140662602612864","trial_id":52,"state":1,"values":[-Infinity,-Infinity],"datetime_complete":"2026-06-05T15:13:38.973138"}
{"op_code":4,"worker_id":"b4282f5a-3a02-42bc-98fc-ed71c2a6e632-140662602612864","study_id":0,"datetime_start":"2026-06-05T15:13:38.984090"}
{"op_code":9,"worker_id":"b4282f5a-3a02-42bc-98fc-ed71c2a6e632-140662602612864","trial_id":57,"system_attr":{"nsga2:generation":0}}
{"op_code":5,"worker_id":"b4282f5a-3a02-42bc-98fc-ed71c2a6e632-140662602612864","trial_id":57,"param_name":"JointSlopeAngle","param_value_internal":0.6641895571548798,"distribution":"{\"name\": \"FloatDistribution\", \"attributes\": {\"step\": null, \"low\": 0.17453292519943295, \"high\": 1.0471975511965976, \"log\": false}}"}
{"op_code":5,"worker_id":"b4282f5a-3a02-42bc-98fc-ed71c2a6e632-140662602612864","trial_id":57,"param_name":"OuterRadius","param_value_internal":13.748363561527363,"distribution":"{\"name\": \"FloatDistribution\", \"attributes\": {\"step\": null, \"low\": 8.75, \"high\": 17.75, \"log\": false}}"}
{"op_code":5,"worker_id":"b4282f5a-3a02-42bc-98fc-ed71c2a6e632-140662602612864","trial_id":57,"param_name":"JointHeight","param_value_internal":6.651103446774604,"distribution":"{\"name\": \"FloatDistribution\", \"attributes\": {\"step\": null, \"low\": 5.0, \"high\": 8.0, \"log\": false}}"}
{"op_code":5,"worker_id":"b4282f5a-3a02-42bc-98fc-ed71c2a6e632-140662602612864","trial_id":57,"param_name":"CavityCorkThickness","param_value_internal":2.4252391243527542,"distribution":"{\"name\": \"FloatDistribution\", \"attributes\": {\"step\": null, \"low\": 2.0, \"high\": 5.0, \"log\": false}}"}
{"op_code":5,"worker_id":"b4282f5a-3a02-42bc-98fc-ed71c2a6e632-140662602612864","trial_id":57,"param_name":"BellowHeight","param_value_internal":6.68192879228146,"distribution":"{\"name\": \"FloatDistribution\", \"attributes\": {\"step\": null, \"low\": 6.0, \"high\": 10.0, \"log\": false}}"}
{"op_code":5,"worker_id":"b4282f5a-3a02-42bc-98fc-ed71c2a6e632-140662602612864","trial_id":57,"param_name":"WallThickness","param_value_internal":2.9846808004954073,"distribution":"{\"name\": \"FloatDistribution\", \"attributes\": {\"step\": null, \"low\": 2.0, \"high\": 4.0, \"log\": false}}"}
{"op_code":5,"worker_id":"b4282f5a-3a02-42bc-98fc-ed71c2a6e632-140662602612864","trial_id":57,"param_name":"PlateauHeight","param_value_internal":2.3529934180752807,"distribution":"{\"name\": \"FloatDistribution\", \"attributes\": {\"step\": null, \"low\": 2.0, \"high\": 4.0, \"log\": false}}"}
{"op_code":6,"worker_id":"f436a37b-f8c3-4714-a881-41f684b2042a-139850215403648","trial_id":54,"state":1,"values":[-Infinity,-Infinity],"datetime_complete":"2026-06-05T15:13:39.109942"}
{"op_code":4,"worker_id":"f436a37b-f8c3-4714-a881-41f684b2042a-139850215403648","study_id":0,"datetime_start":"2026-06-05T15:13:39.121353"}
{"op_code":9,"worker_id":"f436a37b-f8c3-4714-a881-41f684b2042a-139850215403648","trial_id":58,"system_attr":{"nsga2:generation":0}}
{"op_code":5,"worker_id":"f436a37b-f8c3-4714-a881-41f684b2042a-139850215403648","trial_id":58,"param_name":"JointSlopeAngle","param_value_internal":0.18618079634304607,"distribution":"{\"name\": \"FloatDistribution\", \"attributes\": {\"step\": null, \"low\": 0.17453292519943295, \"high\": 1.0471975511965976, \"log\": false}}"}
{"op_code":5,"worker_id":"f436a37b-f8c3-4714-a881-41f684b2042a-139850215403648","trial_id":58,"param_name":"OuterRadius","param_value_internal":9.291006308346805,"distribution":"{\"name\": \"FloatDistribution\", \"attributes\": {\"step\": null, \"low\": 8.75, \"high\": 17.75, \"log\": false}}"}
{"op_code":5,"worker_id":"f436a37b-f8c3-4714-a881-41f684b2042a-139850215403648","trial_id":58,"param_name":"JointHeight","param_value_internal":5.402496499885465,"distribution":"{\"name\": \"FloatDistribution\", \"attributes\": {\"step\": null, \"low\": 5.0, \"high\": 8.0, \"log\": false}}"}
{"op_code":5,"worker_id":"f436a37b-f8c3-4714-a881-41f684b2042a-139850215403648","trial_id":58,"param_name":"CavityCorkThickness","param_value_internal":2.9946576096649418,"distribution":"{\"name\": \"FloatDistribution\", \"attributes\": {\"step\": null, \"low\": 2.0, \"high\": 5.0, \"log\": false}}"}
{"op_code":5,"worker_id":"f436a37b-f8c3-4714-a881-41f684b2042a-139850215403648","trial_id":58,"param_name":"BellowHeight","param_value_internal":7.986384280727,"distribution":"{\"name\": \"FloatDistribution\", \"attributes\": {\"step\": null, \"low\": 6.0, \"high\": 10.0, \"log\": false}}"}
{"op_code":5,"worker_id":"f436a37b-f8c3-4714-a881-41f684b2042a-139850215403648","trial_id":58,"param_name":"WallThickness","param_value_internal":2.870630092293184,"distribution":"{\"name\": \"FloatDistribution\", \"attributes\": {\"step\": null, \"low\": 2.0, \"high\": 4.0, \"log\": false}}"}
{"op_code":5,"worker_id":"f436a37b-f8c3-4714-a881-41f684b2042a-139850215403648","trial_id":58,"param_name":"PlateauHeight","param_value_internal":2.065511867286414,"distribution":"{\"name\": \"FloatDistribution\", \"attributes\": {\"step\": null, \"low\": 2.0, \"high\": 4.0, \"log\": false}}"}
{"op_code":6,"worker_id":"6f92d237-fb8d-44e5-a0b9-8f0d7c5849e4-140698005012608","trial_id":47,"state":1,"values":[-Infinity,-Infinity],"datetime_complete":"2026-06-05T15:13:39.179047"}
{"op_code":4,"worker_id":"6f92d237-fb8d-44e5-a0b9-8f0d7c5849e4-140698005012608","study_id":0,"datetime_start":"2026-06-05T15:13:39.188903"}
{"op_code":6,"worker_id":"b6346ce0-0bda-41fe-b1d8-8471c30e0386-139658692169856","trial_id":55,"state":1,"values":[-Infinity,-Infinity],"datetime_complete":"2026-06-05T15:13:39.196571"}
{"op_code":9,"worker_id":"6f92d237-fb8d-44e5-a0b9-8f0d7c5849e4-140698005012608","trial_id":59,"system_attr":{"nsga2:generation":1}}
{"op_code":4,"worker_id":"b6346ce0-0bda-41fe-b1d8-8471c30e0386-139658692169856","study_id":0,"datetime_start":"2026-06-05T15:13:39.208289"}
{"op_code":5,"worker_id":"6f92d237-fb8d-44e5-a0b9-8f0d7c5849e4-140698005012608","trial_id":59,"param_name":"JointSlopeAngle","param_value_internal":0.2835055858482172,"distribution":"{\"name\": \"FloatDistribution\", \"attributes\": {\"step\": null, \"low\": 0.17453292519943295, \"high\": 1.0471975511965976, \"log\": false}}"}
{"op_code":5,"worker_id":"6f92d237-fb8d-44e5-a0b9-8f0d7c5849e4-140698005012608","trial_id":59,"param_name":"OuterRadius","param_value_internal":9.79532987253138,"distribution":"{\"name\": \"FloatDistribution\", \"attributes\": {\"step\": null, \"low\": 8.75, \"high\": 17.75, \"log\": false}}"}
{"op_code":9,"worker_id":"b6346ce0-0bda-41fe-b1d8-8471c30e0386-139658692169856","trial_id":60,"system_attr":{"nsga2:generation":1}}
{"op_code":5,"worker_id":"6f92d237-fb8d-44e5-a0b9-8f0d7c5849e4-140698005012608","trial_id":59,"param_name":"JointHeight","param_value_internal":5.30342986185514,"distribution":"{\"name\": \"FloatDistribution\", \"attributes\": {\"step\": null, \"low\": 5.0, \"high\": 8.0, \"log\": false}}"}
{"op_code":5,"worker_id":"b6346ce0-0bda-41fe-b1d8-8471c30e0386-139658692169856","trial_id":60,"param_name":"JointSlopeAngle","param_value_internal":0.556043000029749,"distribution":"{\"name\": \"FloatDistribution\", \"attributes\": {\"step\": null, \"low\": 0.17453292519943295, \"high\": 1.0471975511965976, \"log\": false}}"}
{"op_code":5,"worker_id":"6f92d237-fb8d-44e5-a0b9-8f0d7c5849e4-140698005012608","trial_id":59,"param_name":"CavityCorkThickness","param_value_internal":2.446227322225355,"distribution":"{\"name\": \"FloatDistribution\", \"attributes\": {\"step\": null, \"low\": 2.0, \"high\": 5.0, \"log\": false}}"}
{"op_code":5,"worker_id":"b6346ce0-0bda-41fe-b1d8-8471c30e0386-139658692169856","trial_id":60,"param_name":"OuterRadius","param_value_internal":14.11547590262478,"distribution":"{\"name\": \"FloatDistribution\", \"attributes\": {\"step\": null, \"low\": 8.75, \"high\": 17.75, \"log\": false}}"}
{"op_code":5,"worker_id":"6f92d237-fb8d-44e5-a0b9-8f0d7c5849e4-140698005012608","trial_id":59,"param_name":"BellowHeight","param_value_internal":8.738605666762037,"distribution":"{\"name\": \"FloatDistribution\", \"attributes\": {\"step\": null, \"low\": 6.0, \"high\": 10.0, \"log\": false}}"}
{"op_code":5,"worker_id":"b6346ce0-0bda-41fe-b1d8-8471c30e0386-139658692169856","trial_id":60,"param_name":"JointHeight","param_value_internal":6.40147959016913,"distribution":"{\"name\": \"FloatDistribution\", \"attributes\": {\"step\": null, \"low\": 5.0, \"high\": 8.0, \"log\": false}}"}
{"op_code":5,"worker_id":"6f92d237-fb8d-44e5-a0b9-8f0d7c5849e4-140698005012608","trial_id":59,"param_name":"WallThickness","param_value_internal":2.9708138177868735,"distribution":"{\"name\": \"FloatDistribution\", \"attributes\": {\"step\": null, \"low\": 2.0, \"high\": 4.0, \"log\": false}}"}
{"op_code":5,"worker_id":"b6346ce0-0bda-41fe-b1d8-8471c30e0386-139658692169856","trial_id":60,"param_name":"CavityCorkThickness","param_value_internal":3.238668927864519,"distribution":"{\"name\": \"FloatDistribution\", \"attributes\": {\"step\": null, \"low\": 2.0, \"high\": 5.0, \"log\": false}}"}
{"op_code":5,"worker_id":"6f92d237-fb8d-44e5-a0b9-8f0d7c5849e4-140698005012608","trial_id":59,"param_name":"PlateauHeight","param_value_internal":3.0370701914703186,"distribution":"{\"name\": \"FloatDistribution\", \"attributes\": {\"step\": null, \"low\": 2.0, \"high\": 4.0, \"log\": false}}"}
{"op_code":5,"worker_id":"b6346ce0-0bda-41fe-b1d8-8471c30e0386-139658692169856","trial_id":60,"param_name":"BellowHeight","param_value_internal":9.224479751013632,"distribution":"{\"name\": \"FloatDistribution\", \"attributes\": {\"step\": null, \"low\": 6.0, \"high\": 10.0, \"log\": false}}"}
{"op_code":5,"worker_id":"b6346ce0-0bda-41fe-b1d8-8471c30e0386-139658692169856","trial_id":60,"param_name":"WallThickness","param_value_internal":3.031356899390491,"distribution":"{\"name\": \"FloatDistribution\", \"attributes\": {\"step\": null, \"low\": 2.0, \"high\": 4.0, \"log\": false}}"}
{"op_code":5,"worker_id":"b6346ce0-0bda-41fe-b1d8-8471c30e0386-139658692169856","trial_id":60,"param_name":"PlateauHeight","param_value_internal":2.807321675602388,"distribution":"{\"name\": \"FloatDistribution\", \"attributes\": {\"step\": null, \"low\": 2.0, \"high\": 4.0, \"log\": false}}"}
{"op_code":6,"worker_id":"4c1f89ba-6ee6-4c05-8781-5d22e5bf9ad9-140003344846976","trial_id":56,"state":1,"values":[-Infinity,-Infinity],"datetime_complete":"2026-06-05T15:13:39.262938"}
{"op_code":4,"worker_id":"4c1f89ba-6ee6-4c05-8781-5d22e5bf9ad9-140003344846976","study_id":0,"datetime_start":"2026-06-05T15:13:39.291436"}
{"op_code":9,"worker_id":"4c1f89ba-6ee6-4c05-8781-5d22e5bf9ad9-140003344846976","trial_id":61,"system_attr":{"nsga2:generation":1}}
{"op_code":5,"worker_id":"4c1f89ba-6ee6-4c05-8781-5d22e5bf9ad9-140003344846976","trial_id":61,"param_name":"JointSlopeAngle","param_value_internal":0.9275420294551245,"distribution":"{\"name\": \"FloatDistribution\", \"attributes\": {\"step\": null, \"low\": 0.17453292519943295, \"high\": 1.0471975511965976, \"log\": false}}"}
{"op_code":5,"worker_id":"4c1f89ba-6ee6-4c05-8781-5d22e5bf9ad9-140003344846976","trial_id":61,"param_name":"OuterRadius","param_value_internal":17.469629252190803,"distribution":"{\"name\": \"FloatDistribution\", \"attributes\": {\"step\": null, \"low\": 8.75, \"high\": 17.75, \"log\": false}}"}
{"op_code":5,"worker_id":"4c1f89ba-6ee6-4c05-8781-5d22e5bf9ad9-140003344846976","trial_id":61,"param_name":"JointHeight","param_value_internal":6.370347043339132,"distribution":"{\"name\": \"FloatDistribution\", \"attributes\": {\"step\": null, \"low\": 5.0, \"high\": 8.0, \"log\": false}}"}
{"op_code":5,"worker_id":"4c1f89ba-6ee6-4c05-8781-5d22e5bf9ad9-140003344846976","trial_id":61,"param_name":"CavityCorkThickness","param_value_internal":4.187928721527932,"distribution":"{\"name\": \"FloatDistribution\", \"attributes\": {\"step\": null, \"low\": 2.0, \"high\": 5.0, \"log\": false}}"}
{"op_code":5,"worker_id":"4c1f89ba-6ee6-4c05-8781-5d22e5bf9ad9-140003344846976","trial_id":61,"param_name":"BellowHeight","param_value_internal":7.3867752520304775,"distribution":"{\"name\": \"FloatDistribution\", \"attributes\": {\"step\": null, \"low\": 6.0, \"high\": 10.0, \"log\": false}}"}
{"op_code":5,"worker_id":"4c1f89ba-6ee6-4c05-8781-5d22e5bf9ad9-140003344846976","trial_id":61,"param_name":"WallThickness","param_value_internal":2.0373403385553117,"distribution":"{\"name\": \"FloatDistribution\", \"attributes\": {\"step\": null, \"low\": 2.0, \"high\": 4.0, \"log\": false}}"}
{"op_code":5,"worker_id":"4c1f89ba-6ee6-4c05-8781-5d22e5bf9ad9-140003344846976","trial_id":61,"param_name":"PlateauHeight","param_value_internal":3.6894708361735997,"distribution":"{\"name\": \"FloatDistribution\", \"attributes\": {\"step\": null, \"low\": 2.0, \"high\": 4.0, \"log\": false}}"}
{"op_code":6,"worker_id":"10a8ded3-896f-4967-a058-713acb9f72ba-140147300270208","trial_id":53,"state":1,"values":[-Infinity,-Infinity],"datetime_complete":"2026-06-05T15:13:39.427456"}
{"op_code":4,"worker_id":"10a8ded3-896f-4967-a058-713acb9f72ba-140147300270208","study_id":0,"datetime_start":"2026-06-05T15:13:39.438109"}
{"op_code":9,"worker_id":"10a8ded3-896f-4967-a058-713acb9f72ba-140147300270208","trial_id":62,"system_attr":{"nsga2:generation":1}}
{"op_code":5,"worker_id":"10a8ded3-896f-4967-a058-713acb9f72ba-140147300270208","trial_id":62,"param_name":"JointSlopeAngle","param_value_internal":0.5592178046608461,"distribution":"{\"name\": \"FloatDistribution\", \"attributes\": {\"step\": null, \"low\": 0.17453292519943295, \"high\": 1.0471975511965976, \"log\": false}}"}
{"op_code":5,"worker_id":"10a8ded3-896f-4967-a058-713acb9f72ba-140147300270208","trial_id":62,"param_name":"OuterRadius","param_value_internal":13.947194906778774,"distribution":"{\"name\": \"FloatDistribution\", \"attributes\": {\"step\": null, \"low\": 8.75, \"high\": 17.75, \"log\": false}}"}
{"op_code":5,"worker_id":"10a8ded3-896f-4967-a058-713acb9f72ba-140147300270208","trial_id":62,"param_name":"JointHeight","param_value_internal":6.0122055994355295,"distribution":"{\"name\": \"FloatDistribution\", \"attributes\": {\"step\": null, \"low\": 5.0, \"high\": 8.0, \"log\": false}}"}
{"op_code":5,"worker_id":"10a8ded3-896f-4967-a058-713acb9f72ba-140147300270208","trial_id":62,"param_name":"CavityCorkThickness","param_value_internal":3.729137618571996,"distribution":"{\"name\": \"FloatDistribution\", \"attributes\": {\"step\": null, \"low\": 2.0, \"high\": 5.0, \"log\": false}}"}
{"op_code":5,"worker_id":"10a8ded3-896f-4967-a058-713acb9f72ba-140147300270208","trial_id":62,"param_name":"BellowHeight","param_value_internal":8.878333897840362,"distribution":"{\"name\": \"FloatDistribution\", \"attributes\": {\"step\": null, \"low\": 6.0, \"high\": 10.0, \"log\": false}}"}
{"op_code":5,"worker_id":"10a8ded3-896f-4967-a058-713acb9f72ba-140147300270208","trial_id":62,"param_name":"WallThickness","param_value_internal":2.862990329153649,"distribution":"{\"name\": \"FloatDistribution\", \"attributes\": {\"step\": null, \"low\": 2.0, \"high\": 4.0, \"log\": false}}"}
{"op_code":5,"worker_id":"10a8ded3-896f-4967-a058-713acb9f72ba-140147300270208","trial_id":62,"param_name":"PlateauHeight","param_value_internal":2.9437267821431963,"distribution":"{\"name\": \"FloatDistribution\", \"attributes\": {\"step\": null, \"low\": 2.0, \"high\": 4.0, \"log\": false}}"}
{"op_code":6,"worker_id":"b4282f5a-3a02-42bc-98fc-ed71c2a6e632-140662602612864","trial_id":57,"state":1,"values":[-Infinity,-Infinity],"datetime_complete":"2026-06-05T15:13:39.750991"}
{"op_code":6,"worker_id":"7ec27c0f-c20e-4361-843d-8eaa3d5568f6-139729260765312","trial_id":48,"state":1,"values":[-Infinity,-Infinity],"datetime_complete":"2026-06-05T15:13:39.758596"}
{"op_code":4,"worker_id":"7ec27c0f-c20e-4361-843d-8eaa3d5568f6-139729260765312","study_id":0,"datetime_start":"2026-06-05T15:13:39.769044"}
{"op_code":0,"worker_id":"ee4f52b0-885f-43c7-934a-ed8f2ddc4a99-140662602612864","study_name":"SensorFinger_8_optuna_evolutionary","directions":[2,2]}
{"op_code":0,"worker_id":"ee4f52b0-885f-43c7-934a-ed8f2ddc4a99-140662602612864","study_name":"SensorFinger_8_optuna_evolutionary","directions":[2,2]}
{"op_code":9,"worker_id":"7ec27c0f-c20e-4361-843d-8eaa3d5568f6-139729260765312","trial_id":63,"system_attr":{"nsga2:generation":1}}
{"op_code":6,"worker_id":"2c502218-be46-491f-a292-69ceb9017558-140417704054912","trial_id":49,"state":1,"values":[-Infinity,-Infinity],"datetime_complete":"2026-06-05T15:13:39.788812"}
{"op_code":5,"worker_id":"7ec27c0f-c20e-4361-843d-8eaa3d5568f6-139729260765312","trial_id":63,"param_name":"JointSlopeAngle","param_value_internal":0.6742954472083563,"distribution":"{\"name\": \"FloatDistribution\", \"attributes\": {\"step\": null, \"low\": 0.17453292519943295, \"high\": 1.0471975511965976, \"log\": false}}"}
{"op_code":5,"worker_id":"7ec27c0f-c20e-4361-843d-8eaa3d5568f6-139729260765312","trial_id":63,"param_name":"OuterRadius","param_value_internal":9.798734822806198,"distribution":"{\"name\": \"FloatDistribution\", \"attributes\": {\"step\": null, \"low\": 8.75, \"high\": 17.75, \"log\": false}}"}
{"op_code":4,"worker_id":"2c502218-be46-491f-a292-69ceb9017558-140417704054912","study_id":0,"datetime_start":"2026-06-05T15:13:39.801610"}
{"op_code":5,"worker_id":"7ec27c0f-c20e-4361-843d-8eaa3d5568f6-139729260765312","trial_id":63,"param_name":"JointHeight","param_value_internal":5.872280149485165,"distribution":"{\"name\": \"FloatDistribution\", \"attributes\": {\"step\": null, \"low\": 5.0, \"high\": 8.0, \"log\": false}}"}
{"op_code":5,"worker_id":"7ec27c0f-c20e-4361-843d-8eaa3d5568f6-139729260765312","trial_id":63,"param_name":"CavityCorkThickness","param_value_internal":3.248530504228279,"distribution":"{\"name\": \"FloatDistribution\", \"attributes\": {\"step\": null, \"low\": 2.0, \"high\": 5.0, \"log\": false}}"}
{"op_code":5,"worker_id":"7ec27c0f-c20e-4361-843d-8eaa3d5568f6-139729260765312","trial_id":63,"param_name":"BellowHeight","param_value_internal":9.587411608781164,"distribution":"{\"name\": \"FloatDistribution\", \"attributes\": {\"step\": null, \"low\": 6.0, \"high\": 10.0, \"log\": false}}"}
{"op_code":9,"worker_id":"2c502218-be46-491f-a292-69ceb9017558-140417704054912","trial_id":64,"system_attr":{"nsga2:generation":1}}
{"op_code":5,"worker_id":"7ec27c0f-c20e-4361-843d-8eaa3d5568f6-139729260765312","trial_id":63,"param_name":"WallThickness","param_value_internal":2.9446279100014356,"distribution":"{\"name\": \"FloatDistribution\", \"attributes\": {\"step\": null, \"low\": 2.0, \"high\": 4.0, \"log\": false}}"}
{"op_code":5,"worker_id":"2c502218-be46-491f-a292-69ceb9017558-140417704054912","trial_id":64,"param_name":"JointSlopeAngle","param_value_internal":0.7582941059871725,"distribution":"{\"name\": \"FloatDistribution\", \"attributes\": {\"step\": null, \"low\": 0.17453292519943295, \"high\": 1.0471975511965976, \"log\": false}}"}
{"op_code":5,"worker_id":"7ec27c0f-c20e-4361-843d-8eaa3d5568f6-139729260765312","trial_id":63,"param_name":"PlateauHeight","param_value_internal":2.9028739149173317,"distribution":"{\"name\": \"FloatDistribution\", \"attributes\": {\"step\": null, \"low\": 2.0, \"high\": 4.0, \"log\": false}}"}
{"op_code":5,"worker_id":"2c502218-be46-491f-a292-69ceb9017558-140417704054912","trial_id":64,"param_name":"OuterRadius","param_value_internal":14.11547590262478,"distribution":"{\"name\": \"FloatDistribution\", \"attributes\": {\"step\": null, \"low\": 8.75, \"high\": 17.75, \"log\": false}}"}
{"op_code":6,"worker_id":"e96240ff-7283-4543-92d6-0e081eb83283-140399408197760","trial_id":50,"state":1,"values":[-Infinity,-Infinity],"datetime_complete":"2026-06-05T15:13:39.831775"}
{"op_code":5,"worker_id":"2c502218-be46-491f-a292-69ceb9017558-140417704054912","trial_id":64,"param_name":"JointHeight","param_value_internal":6.40147959016913,"distribution":"{\"name\": \"FloatDistribution\", \"attributes\": {\"step\": null, \"low\": 5.0, \"high\": 8.0, \"log\": false}}"}
{"op_code":5,"worker_id":"2c502218-be46-491f-a292-69ceb9017558-140417704054912","trial_id":64,"param_name":"CavityCorkThickness","param_value_internal":4.470070199035538,"distribution":"{\"name\": \"FloatDistribution\", \"attributes\": {\"step\": null, \"low\": 2.0, \"high\": 5.0, \"log\": false}}"}
{"op_code":4,"worker_id":"e96240ff-7283-4543-92d6-0e081eb83283-140399408197760","study_id":0,"datetime_start":"2026-06-05T15:13:39.861242"}
{"op_code":5,"worker_id":"2c502218-be46-491f-a292-69ceb9017558-140417704054912","trial_id":64,"param_name":"BellowHeight","param_value_internal":9.224479751013632,"distribution":"{\"name\": \"FloatDistribution\", \"attributes\": {\"step\": null, \"low\": 6.0, \"high\": 10.0, \"log\": false}}"}
{"op_code":5,"worker_id":"2c502218-be46-491f-a292-69ceb9017558-140417704054912","trial_id":64,"param_name":"WallThickness","param_value_internal":3.031356899390491,"distribution":"{\"name\": \"FloatDistribution\", \"attributes\": {\"step\": null, \"low\": 2.0, \"high\": 4.0, \"log\": false}}"}
{"op_code":5,"worker_id":"2c502218-be46-491f-a292-69ceb9017558-140417704054912","trial_id":64,"param_name":"PlateauHeight","param_value_internal":2.707583715112982,"distribution":"{\"name\": \"FloatDistribution\", \"attributes\": {\"step\": null, \"low\": 2.0, \"high\": 4.0, \"log\": false}}"}
{"op_code":9,"worker_id":"e96240ff-7283-4543-92d6-0e081eb83283-140399408197760","trial_id":65,"system_attr":{"nsga2:generation":1}}
{"op_code":5,"worker_id":"e96240ff-7283-4543-92d6-0e081eb83283-140399408197760","trial_id":65,"param_name":"JointSlopeAngle","param_value_internal":1.0301331173735753,"distribution":"{\"name\": \"FloatDistribution\", \"attributes\": {\"step\": null, \"low\": 0.17453292519943295, \"high\": 1.0471975511965976, \"log\": false}}"}
{"op_code":5,"worker_id":"e96240ff-7283-4543-92d6-0e081eb83283-140399408197760","trial_id":65,"param_name":"OuterRadius","param_value_internal":17.461914651674082,"distribution":"{\"name\": \"FloatDistribution\", \"attributes\": {\"step\": null, \"low\": 8.75, \"high\": 17.75, \"log\": false}}"}
{"op_code":5,"worker_id":"e96240ff-7283-4543-92d6-0e081eb83283-140399408197760","trial_id":65,"param_name":"JointHeight","param_value_internal":6.92760120191285,"distribution":"{\"name\": \"FloatDistribution\", \"attributes\": {\"step\": null, \"low\": 5.0, \"high\": 8.0, \"log\": false}}"}
{"op_code":6,"worker_id":"5f9648e7-2ed2-457b-9a75-cb373948b6e9-140695596318848","trial_id":51,"state":1,"values":[-Infinity,-Infinity],"datetime_complete":"2026-06-05T15:13:39.907354"}
{"op_code":5,"worker_id":"e96240ff-7283-4543-92d6-0e081eb83283-140399408197760","trial_id":65,"param_name":"CavityCorkThickness","param_value_internal":3.4718901530393187,"distribution":"{\"name\": \"FloatDistribution\", \"attributes\": {\"step\": null, \"low\": 2.0, \"high\": 5.0, \"log\": false}}"}
{"op_code":6,"worker_id":"f436a37b-f8c3-4714-a881-41f684b2042a-139850215403648","trial_id":58,"state":1,"values":[-Infinity,-Infinity],"datetime_complete":"2026-06-05T15:13:39.917226"}
{"op_code":4,"worker_id":"5f9648e7-2ed2-457b-9a75-cb373948b6e9-140695596318848","study_id":0,"datetime_start":"2026-06-05T15:13:39.921082"}
{"op_code":5,"worker_id":"e96240ff-7283-4543-92d6-0e081eb83283-140399408197760","trial_id":65,"param_name":"BellowHeight","param_value_internal":9.15868863385577,"distribution":"{\"name\": \"FloatDistribution\", \"attributes\": {\"step\": null, \"low\": 6.0, \"high\": 10.0, \"log\": false}}"}
{"op_code":5,"worker_id":"e96240ff-7283-4543-92d6-0e081eb83283-140399408197760","trial_id":65,"param_name":"WallThickness","param_value_internal":2.545663243987858,"distribution":"{\"name\": \"FloatDistribution\", \"attributes\": {\"step\": null, \"low\": 2.0, \"high\": 4.0, \"log\": false}}"}
{"op_code":3,"worker_id":"5f9648e7-2ed2-457b-9a75-cb373948b6e9-140695596318848","study_id":0,"system_attr":{"nsga2:population:e3b0c44298fc1c149afbf4c8996fb92427ae41e4649b934ca495991b7852b855":[0,[58,57,56,55,54,53,52,51,50,49,48,47,46,45,44,43,42,41,40,39,38,37,36,35,34,33,32,31,30,29,28,27,26,25,24,23,22,21,20,19,18,17,16,15,14,13,12,11,10,9]]}}
{"op_code":5,"worker_id":"e96240ff-7283-4543-92d6-0e081eb83283-140399408197760","trial_id":65,"param_name":"PlateauHeight","param_value_internal":2.7503559255547576,"distribution":"{\"name\": \"FloatDistribution\", \"attributes\": {\"step\": null, \"low\": 2.0, \"high\": 4.0, \"log\": false}}"}
{"op_code":9,"worker_id":"5f9648e7-2ed2-457b-9a75-cb373948b6e9-140695596318848","trial_id":66,"system_attr":{"nsga2:generation":1}}
{"op_code":0,"worker_id":"2b5a1392-35d6-43c9-87f2-d327cc0f7019-139850215403648","study_name":"SensorFinger_8_optuna_evolutionary","directions":[2,2]}
{"op_code":5,"worker_id":"5f9648e7-2ed2-457b-9a75-cb373948b6e9-140695596318848","trial_id":66,"param_name":"JointSlopeAngle","param_value_internal":0.32685898751869047,"distribution":"{\"name\": \"FloatDistribution\", \"attributes\": {\"step\": null, \"low\": 0.17453292519943295, \"high\": 1.0471975511965976, \"log\": false}}"}
{"op_code":0,"worker_id":"2b5a1392-35d6-43c9-87f2-d327cc0f7019-139850215403648","study_name":"SensorFinger_8_optuna_evolutionary","directions":[2,2]}
{"op_code":5,"worker_id":"5f9648e7-2ed2-457b-9a75-cb373948b6e9-140695596318848","trial_id":66,"param_name":"OuterRadius","param_value_internal":11.175481190513072,"distribution":"{\"name\": \"FloatDistribution\", \"attributes\": {\"step\": null, \"low\": 8.75, \"high\": 17.75, \"log\": false}}"}
{"op_code":5,"worker_id":"5f9648e7-2ed2-457b-9a75-cb373948b6e9-140695596318848","trial_id":66,"param_name":"JointHeight","param_value_internal":7.277368347238836,"distribution":"{\"name\": \"FloatDistribution\", \"attributes\": {\"step\": null, \"low\": 5.0, \"high\": 8.0, \"log\": false}}"}
{"op_code":5,"worker_id":"5f9648e7-2ed2-457b-9a75-cb373948b6e9-140695596318848","trial_id":66,"param_name":"CavityCorkThickness","param_value_internal":2.542637092651372,"distribution":"{\"name\": \"FloatDistribution\", \"attributes\": {\"step\": null, \"low\": 2.0, \"high\": 5.0, \"log\": false}}"}
{"op_code":5,"worker_id":"5f9648e7-2ed2-457b-9a75-cb373948b6e9-140695596318848","trial_id":66,"param_name":"BellowHeight","param_value_internal":8.752893165727347,"distribution":"{\"name\": \"FloatDistribution\", \"attributes\": {\"step\": null, \"low\": 6.0, \"high\": 10.0, \"log\": false}}"}
{"op_code":5,"worker_id":"5f9648e7-2ed2-457b-9a75-cb373948b6e9-140695596318848","trial_id":66,"param_name":"WallThickness","param_value_internal":3.2907741817906127,"distribution":"{\"name\": \"FloatDistribution\", \"attributes\": {\"step\": null, \"low\": 2.0, \"high\": 4.0, \"log\": false}}"}
{"op_code":5,"worker_id":"5f9648e7-2ed2-457b-9a75-cb373948b6e9-140695596318848","trial_id":66,"param_name":"PlateauHeight","param_value_internal":2.688605482774583,"distribution":"{\"name\": \"FloatDistribution\", \"attributes\": {\"step\": null, \"low\": 2.0, \"high\": 4.0, \"log\": false}}"}
{"op_code":6,"worker_id":"b6346ce0-0bda-41fe-b1d8-8471c30e0386-139658692169856","trial_id":60,"state":1,"values":[-Infinity,-Infinity],"datetime_complete":"2026-06-05T15:13:40.043516"}
{"op_code":0,"worker_id":"4a52c5d9-a78f-49ea-a9fd-846cf8d31011-139658692169856","study_name":"SensorFinger_8_optuna_evolutionary","directions":[2,2]}
{"op_code":0,"worker_id":"4a52c5d9-a78f-49ea-a9fd-846cf8d31011-139658692169856","study_name":"SensorFinger_8_optuna_evolutionary","directions":[2,2]}
{"op_code":6,"worker_id":"4c1f89ba-6ee6-4c05-8781-5d22e5bf9ad9-140003344846976","trial_id":61,"state":1,"values":[-Infinity,-Infinity],"datetime_complete":"2026-06-05T15:13:40.076323"}
{"op_code":0,"worker_id":"6d10cd1d-168d-4623-b6dd-aba887a4a867-140003344846976","study_name":"SensorFinger_8_optuna_evolutionary","directions":[2,2]}
{"op_code":0,"worker_id":"6d10cd1d-168d-4623-b6dd-aba887a4a867-140003344846976","study_name":"SensorFinger_8_optuna_evolutionary","directions":[2,2]}
{"op_code":0,"worker_id":"97fa22c4-d99b-4652-88bd-c761769400a8-140662602612864","study_name":"SensorFinger_8_optuna_evolutionary","directions":[2,2]}
{"op_code":0,"worker_id":"97fa22c4-d99b-4652-88bd-c761769400a8-140662602612864","study_name":"SensorFinger_8_optuna_evolutionary","directions":[2,2]}
{"op_code":0,"worker_id":"6e8705d1-caab-40aa-9599-6e095a523aeb-139850215403648","study_name":"SensorFinger_8_optuna_evolutionary","directions":[2,2]}
{"op_code":0,"worker_id":"6e8705d1-caab-40aa-9599-6e095a523aeb-139850215403648","study_name":"SensorFinger_8_optuna_evolutionary","directions":[2,2]}
{"op_code":0,"worker_id":"1205caf8-1090-4203-a787-e7c056374716-139658692169856","study_name":"SensorFinger_8_optuna_evolutionary","directions":[2,2]}
{"op_code":0,"worker_id":"1205caf8-1090-4203-a787-e7c056374716-139658692169856","study_name":"SensorFinger_8_optuna_evolutionary","directions":[2,2]}
{"op_code":6,"worker_id":"6f92d237-fb8d-44e5-a0b9-8f0d7c5849e4-140698005012608","trial_id":59,"state":1,"values":[-Infinity,-Infinity],"datetime_complete":"2026-06-05T15:13:40.510933"}
{"op_code":4,"worker_id":"6f92d237-fb8d-44e5-a0b9-8f0d7c5849e4-140698005012608","study_id":0,"datetime_start":"2026-06-05T15:13:40.521370"}
{"op_code":0,"worker_id":"d9c1c97c-0327-45b9-9ef6-8c04db583bf0-140003344846976","study_name":"SensorFinger_8_optuna_evolutionary","directions":[2,2]}
{"op_code":0,"worker_id":"d9c1c97c-0327-45b9-9ef6-8c04db583bf0-140003344846976","study_name":"SensorFinger_8_optuna_evolutionary","directions":[2,2]}
{"op_code":9,"worker_id":"6f92d237-fb8d-44e5-a0b9-8f0d7c5849e4-140698005012608","trial_id":67,"system_attr":{"nsga2:generation":1}}
{"op_code":5,"worker_id":"6f92d237-fb8d-44e5-a0b9-8f0d7c5849e4-140698005012608","trial_id":67,"param_name":"JointSlopeAngle","param_value_internal":0.2815326328161721,"distribution":"{\"name\": \"FloatDistribution\", \"attributes\": {\"step\": null, \"low\": 0.17453292519943295, \"high\": 1.0471975511965976, \"log\": false}}"}
{"op_code":5,"worker_id":"6f92d237-fb8d-44e5-a0b9-8f0d7c5849e4-140698005012608","trial_id":67,"param_name":"OuterRadius","param_value_internal":11.41784983767903,"distribution":"{\"name\": \"FloatDistribution\", \"attributes\": {\"step\": null, \"low\": 8.75, \"high\": 17.75, \"log\": false}}"}
{"op_code":5,"worker_id":"6f92d237-fb8d-44e5-a0b9-8f0d7c5849e4-140698005012608","trial_id":67,"param_name":"JointHeight","param_value_internal":5.074361003529358,"distribution":"{\"name\": \"FloatDistribution\", \"attributes\": {\"step\": null, \"low\": 5.0, \"high\": 8.0, \"log\": false}}"}
{"op_code":6,"worker_id":"10a8ded3-896f-4967-a058-713acb9f72ba-140147300270208","trial_id":62,"state":1,"values":[-Infinity,-Infinity],"datetime_complete":"2026-06-05T15:13:40.558121"}
{"op_code":5,"worker_id":"6f92d237-fb8d-44e5-a0b9-8f0d7c5849e4-140698005012608","trial_id":67,"param_name":"CavityCorkThickness","param_value_internal":2.8179918523676175,"distribution":"{\"name\": \"FloatDistribution\", \"attributes\": {\"step\": null, \"low\": 2.0, \"high\": 5.0, \"log\": false}}"}
{"op_code":5,"worker_id":"6f92d237-fb8d-44e5-a0b9-8f0d7c5849e4-140698005012608","trial_id":67,"param_name":"BellowHeight","param_value_internal":7.633025570777985,"distribution":"{\"name\": \"FloatDistribution\", \"attributes\": {\"step\": null, \"low\": 6.0, \"high\": 10.0, \"log\": false}}"}
{"op_code":4,"worker_id":"10a8ded3-896f-4967-a058-713acb9f72ba-140147300270208","study_id":0,"datetime_start":"2026-06-05T15:13:40.569735"}
{"op_code":5,"worker_id":"6f92d237-fb8d-44e5-a0b9-8f0d7c5849e4-140698005012608","trial_id":67,"param_name":"WallThickness","param_value_internal":3.813978548611858,"distribution":"{\"name\": \"FloatDistribution\", \"attributes\": {\"step\": null, \"low\": 2.0, \"high\": 4.0, \"log\": false}}"}
{"op_code":5,"worker_id":"6f92d237-fb8d-44e5-a0b9-8f0d7c5849e4-140698005012608","trial_id":67,"param_name":"PlateauHeight","param_value_internal":3.674088213756904,"distribution":"{\"name\": \"FloatDistribution\", \"attributes\": {\"step\": null, \"low\": 2.0, \"high\": 4.0, \"log\": false}}"}
{"op_code":9,"worker_id":"10a8ded3-896f-4967-a058-713acb9f72ba-140147300270208","trial_id":68,"system_attr":{"nsga2:generation":1}}
{"op_code":5,"worker_id":"10a8ded3-896f-4967-a058-713acb9f72ba-140147300270208","trial_id":68,"param_name":"JointSlopeAngle","param_value_internal":0.30014703367839113,"distribution":"{\"name\": \"FloatDistribution\", \"attributes\": {\"step\": null, \"low\": 0.17453292519943295, \"high\": 1.0471975511965976, \"log\": false}}"}
{"op_code":5,"worker_id":"10a8ded3-896f-4967-a058-713acb9f72ba-140147300270208","trial_id":68,"param_name":"OuterRadius","param_value_internal":10.649894468429641,"distribution":"{\"name\": \"FloatDistribution\", \"attributes\": {\"step\": null, \"low\": 8.75, \"high\": 17.75, \"log\": false}}"}
{"op_code":5,"worker_id":"10a8ded3-896f-4967-a058-713acb9f72ba-140147300270208","trial_id":68,"param_name":"JointHeight","param_value_internal":6.2797027792210605,"distribution":"{\"name\": \"FloatDistribution\", \"attributes\": {\"step\": null, \"low\": 5.0, \"high\": 8.0, \"log\": false}}"}
{"op_code":5,"worker_id":"10a8ded3-896f-4967-a058-713acb9f72ba-140147300270208","trial_id":68,"param_name":"CavityCorkThickness","param_value_internal":2.1897009010916415,"distribution":"{\"name\": \"FloatDistribution\", \"attributes\": {\"step\": null, \"low\": 2.0, \"high\": 5.0, \"log\": false}}"}
{"op_code":5,"worker_id":"10a8ded3-896f-4967-a058-713acb9f72ba-140147300270208","trial_id":68,"param_name":"BellowHeight","param_value_internal":8.609075882873679,"distribution":"{\"name\": \"FloatDistribution\", \"attributes\": {\"step\": null, \"low\": 6.0, \"high\": 10.0, \"log\": false}}"}
{"op_code":5,"worker_id":"10a8ded3-896f-4967-a058-713acb9f72ba-140147300270208","trial_id":68,"param_name":"WallThickness","param_value_internal":3.002789705057684,"distribution":"{\"name\": \"FloatDistribution\", \"attributes\": {\"step\": null, \"low\": 2.0, \"high\": 4.0, \"log\": false}}"}
{"op_code":5,"worker_id":"10a8ded3-896f-4967-a058-713acb9f72ba-140147300270208","trial_id":68,"param_name":"PlateauHeight","param_value_internal":3.5720996135299403,"distribution":"{\"name\": \"FloatDistribution\", \"attributes\": {\"step\": null, \"low\": 2.0, \"high\": 4.0, \"log\": false}}"}
{"op_code":6,"worker_id":"7ec27c0f-c20e-4361-843d-8eaa3d5568f6-139729260765312","trial_id":63,"state":1,"values":[-Infinity,-Infinity],"datetime_complete":"2026-06-05T15:13:41.585235"}
{"op_code":4,"worker_id":"7ec27c0f-c20e-4361-843d-8eaa3d5568f6-139729260765312","study_id":0,"datetime_start":"2026-06-05T15:13:41.596860"}
{"op_code":6,"worker_id":"2c502218-be46-491f-a292-69ceb9017558-140417704054912","trial_id":64,"state":1,"values":[-Infinity,-Infinity],"datetime_complete":"2026-06-05T15:13:41.602828"}
{"op_code":9,"worker_id":"7ec27c0f-c20e-4361-843d-8eaa3d5568f6-139729260765312","trial_id":69,"system_attr":{"nsga2:generation":1}}
{"op_code":4,"worker_id":"2c502218-be46-491f-a292-69ceb9017558-140417704054912","study_id":0,"datetime_start":"2026-06-05T15:13:41.613690"}
{"op_code":5,"worker_id":"7ec27c0f-c20e-4361-843d-8eaa3d5568f6-139729260765312","trial_id":69,"param_name":"JointSlopeAngle","param_value_internal":0.5159639832014282,"distribution":"{\"name\": \"FloatDistribution\", \"attributes\": {\"step\": null, \"low\": 0.17453292519943295, \"high\": 1.0471975511965976, \"log\": false}}"}
{"op_code":9,"worker_id":"2c502218-be46-491f-a292-69ceb9017558-140417704054912","trial_id":70,"system_attr":{"nsga2:generation":1}}
{"op_code":5,"worker_id":"7ec27c0f-c20e-4361-843d-8eaa3d5568f6-139729260765312","trial_id":69,"param_name":"OuterRadius","param_value_internal":11.022232047168428,"distribution":"{\"name\": \"FloatDistribution\", \"attributes\": {\"step\": null, \"low\": 8.75, \"high\": 17.75, \"log\": false}}"}
{"op_code":5,"worker_id":"2c502218-be46-491f-a292-69ceb9017558-140417704054912","trial_id":70,"param_name":"JointSlopeAngle","param_value_internal":0.24695882294881366,"distribution":"{\"name\": \"FloatDistribution\", \"attributes\": {\"step\": null, \"low\": 0.17453292519943295, \"high\": 1.0471975511965976, \"log\": false}}"}
{"op_code":5,"worker_id":"7ec27c0f-c20e-4361-843d-8eaa3d5568f6-139729260765312","trial_id":69,"param_name":"JointHeight","param_value_internal":6.196504516091639,"distribution":"{\"name\": \"FloatDistribution\", \"attributes\": {\"step\": null, \"low\": 5.0, \"high\": 8.0, \"log\": false}}"}
{"op_code":5,"worker_id":"2c502218-be46-491f-a292-69ceb9017558-140417704054912","trial_id":70,"param_name":"OuterRadius","param_value_internal":15.373562903674783,"distribution":"{\"name\": \"FloatDistribution\", \"attributes\": {\"step\": null, \"low\": 8.75, \"high\": 17.75, \"log\": false}}"}
{"op_code":5,"worker_id":"7ec27c0f-c20e-4361-843d-8eaa3d5568f6-139729260765312","trial_id":69,"param_name":"CavityCorkThickness","param_value_internal":4.525463781046303,"distribution":"{\"name\": \"FloatDistribution\", \"attributes\": {\"step\": null, \"low\": 2.0, \"high\": 5.0, \"log\": false}}"}
{"op_code":5,"worker_id":"2c502218-be46-491f-a292-69ceb9017558-140417704054912","trial_id":70,"param_name":"JointHeight","param_value_internal":7.123586897244875,"distribution":"{\"name\": \"FloatDistribution\", \"attributes\": {\"step\": null, \"low\": 5.0, \"high\": 8.0, \"log\": false}}"}
{"op_code":5,"worker_id":"7ec27c0f-c20e-4361-843d-8eaa3d5568f6-139729260765312","trial_id":69,"param_name":"BellowHeight","param_value_internal":8.378926770426764,"distribution":"{\"name\": \"FloatDistribution\", \"attributes\": {\"step\": null, \"low\": 6.0, \"high\": 10.0, \"log\": false}}"}
{"op_code":5,"worker_id":"2c502218-be46-491f-a292-69ceb9017558-140417704054912","trial_id":70,"param_name":"CavityCorkThickness","param_value_internal":3.1582216431795422,"distribution":"{\"name\": \"FloatDistribution\", \"attributes\": {\"step\": null, \"low\": 2.0, \"high\": 5.0, \"log\": false}}"}
{"op_code":5,"worker_id":"7ec27c0f-c20e-4361-843d-8eaa3d5568f6-139729260765312","trial_id":69,"param_name":"WallThickness","param_value_internal":2.5875608263954835,"distribution":"{\"name\": \"FloatDistribution\", \"attributes\": {\"step\": null, \"low\": 2.0, \"high\": 4.0, \"log\": false}}"}
{"op_code":5,"worker_id":"2c502218-be46-491f-a292-69ceb9017558-140417704054912","trial_id":70,"param_name":"BellowHeight","param_value_internal":9.939503924735458,"distribution":"{\"name\": \"FloatDistribution\", \"attributes\": {\"step\": null, \"low\": 6.0, \"high\": 10.0, \"log\": false}}"}
{"op_code":6,"worker_id":"e96240ff-7283-4543-92d6-0e081eb83283-140399408197760","trial_id":65,"state":1,"values":[-Infinity,-Infinity],"datetime_complete":"2026-06-05T15:13:41.659175"}
{"op_code":5,"worker_id":"2c502218-be46-491f-a292-69ceb9017558-140417704054912","trial_id":70,"param_name":"WallThickness","param_value_internal":3.6348700392505964,"distribution":"{\"name\": \"FloatDistribution\", \"attributes\": {\"step\": null, \"low\": 2.0, \"high\": 4.0, \"log\": false}}"}
{"op_code":5,"worker_id":"2c502218-be46-491f-a292-69ceb9017558-140417704054912","trial_id":70,"param_name":"PlateauHeight","param_value_internal":3.5361625385165576,"distribution":"{\"name\": \"FloatDistribution\", \"attributes\": {\"step\": null, \"low\": 2.0, \"high\": 4.0, \"log\": false}}"}
{"op_code":4,"worker_id":"e96240ff-7283-4543-92d6-0e081eb83283-140399408197760","study_id":0,"datetime_start":"2026-06-05T15:13:41.689207"}
{"op_code":6,"worker_id":"10a8ded3-896f-4967-a058-713acb9f72ba-140147300270208","trial_id":68,"state":1,"values":[-Infinity,-Infinity],"datetime_complete":"2026-06-05T15:13:41.693492"}
{"op_code":9,"worker_id":"e96240ff-7283-4543-92d6-0e081eb83283-140399408197760","trial_id":71,"system_attr":{"nsga2:generation":1}}
{"op_code":5,"worker_id":"7ec27c0f-c20e-4361-843d-8eaa3d5568f6-139729260765312","trial_id":69,"param_name":"PlateauHeight","param_value_internal":2.102211645268789,"distribution":"{\"name\": \"FloatDistribution\", \"attributes\": {\"step\": null, \"low\": 2.0, \"high\": 4.0, \"log\": false}}"}
{"op_code":5,"worker_id":"e96240ff-7283-4543-92d6-0e081eb83283-140399408197760","trial_id":71,"param_name":"JointSlopeAngle","param_value_internal":0.5108543382116363,"distribution":"{\"name\": \"FloatDistribution\", \"attributes\": {\"step\": null, \"low\": 0.17453292519943295, \"high\": 1.0471975511965976, \"log\": false}}"}
{"op_code":6,"worker_id":"5f9648e7-2ed2-457b-9a75-cb373948b6e9-140695596318848","trial_id":66,"state":1,"values":[-Infinity,-Infinity],"datetime_complete":"2026-06-05T15:13:41.716124"}
{"op_code":4,"worker_id":"10a8ded3-896f-4967-a058-713acb9f72ba-140147300270208","study_id":0,"datetime_start":"2026-06-05T15:13:41.707748"}
{"op_code":5,"worker_id":"e96240ff-7283-4543-92d6-0e081eb83283-140399408197760","trial_id":71,"param_name":"OuterRadius","param_value_internal":17.172444409795325,"distribution":"{\"name\": \"FloatDistribution\", \"attributes\": {\"step\": null, \"low\": 8.75, \"high\": 17.75, \"log\": false}}"}
{"op_code":4,"worker_id":"5f9648e7-2ed2-457b-9a75-cb373948b6e9-140695596318848","study_id":0,"datetime_start":"2026-06-05T15:13:41.730759"}
{"op_code":5,"worker_id":"e96240ff-7283-4543-92d6-0e081eb83283-140399408197760","trial_id":71,"param_name":"JointHeight","param_value_internal":6.621486893028049,"distribution":"{\"name\": \"FloatDistribution\", \"attributes\": {\"step\": null, \"low\": 5.0, \"high\": 8.0, \"log\": false}}"}
{"op_code":5,"worker_id":"e96240ff-7283-4543-92d6-0e081eb83283-140399408197760","trial_id":71,"param_name":"CavityCorkThickness","param_value_internal":2.069474772154215,"distribution":"{\"name\": \"FloatDistribution\", \"attributes\": {\"step\": null, \"low\": 2.0, \"high\": 5.0, \"log\": false}}"}
{"op_code":9,"worker_id":"5f9648e7-2ed2-457b-9a75-cb373948b6e9-140695596318848","trial_id":73,"system_attr":{"nsga2:generation":1}}
{"op_code":5,"worker_id":"e96240ff-7283-4543-92d6-0e081eb83283-140399408197760","trial_id":71,"param_name":"BellowHeight","param_value_internal":7.575727447999073,"distribution":"{\"name\": \"FloatDistribution\", \"attributes\": {\"step\": null, \"low\": 6.0, \"high\": 10.0, \"log\": false}}"}
{"op_code":5,"worker_id":"5f9648e7-2ed2-457b-9a75-cb373948b6e9-140695596318848","trial_id":73,"param_name":"JointSlopeAngle","param_value_internal":0.18618079634304607,"distribution":"{\"name\": \"FloatDistribution\", \"attributes\": {\"step\": null, \"low\": 0.17453292519943295, \"high\": 1.0471975511965976, \"log\": false}}"}
{"op_code":5,"worker_id":"e96240ff-7283-4543-92d6-0e081eb83283-140399408197760","trial_id":71,"param_name":"WallThickness","param_value_internal":3.185988315261473,"distribution":"{\"name\": \"FloatDistribution\", \"attributes\": {\"step\": null, \"low\": 2.0, \"high\": 4.0, \"log\": false}}"}
{"op_code":5,"worker_id":"5f9648e7-2ed2-457b-9a75-cb373948b6e9-140695596318848","trial_id":73,"param_name":"OuterRadius","param_value_internal":9.291006308346805,"distribution":"{\"name\": \"FloatDistribution\", \"attributes\": {\"step\": null, \"low\": 8.75, \"high\": 17.75, \"log\": false}}"}
{"op_code":5,"worker_id":"e96240ff-7283-4543-92d6-0e081eb83283-140399408197760","trial_id":71,"param_name":"PlateauHeight","param_value_internal":3.0560674304413364,"distribution":"{\"name\": \"FloatDistribution\", \"attributes\": {\"step\": null, \"low\": 2.0, \"high\": 4.0, \"log\": false}}"}
{"op_code":5,"worker_id":"5f9648e7-2ed2-457b-9a75-cb373948b6e9-140695596318848","trial_id":73,"param_name":"JointHeight","param_value_internal":7.896370029899415,"distribution":"{\"name\": \"FloatDistribution\", \"attributes\": {\"step\": null, \"low\": 5.0, \"high\": 8.0, \"log\": false}}"}
{"op_code":5,"worker_id":"5f9648e7-2ed2-457b-9a75-cb373948b6e9-140695596318848","trial_id":73,"param_name":"CavityCorkThickness","param_value_internal":2.9946576096649418,"distribution":"{\"name\": \"FloatDistribution\", \"attributes\": {\"step\": null, \"low\": 2.0, \"high\": 5.0, \"log\": false}}"}
{"op_code":5,"worker_id":"5f9648e7-2ed2-457b-9a75-cb373948b6e9-140695596318848","trial_id":73,"param_name":"BellowHeight","param_value_internal":6.48249727677381,"distribution":"{\"name\": \"FloatDistribution\", \"attributes\": {\"step\": null, \"low\": 6.0, \"high\": 10.0, \"log\": false}}"}
{"op_code":5,"worker_id":"5f9648e7-2ed2-457b-9a75-cb373948b6e9-140695596318848","trial_id":73,"param_name":"WallThickness","param_value_internal":2.870630092293184,"distribution":"{\"name\": \"FloatDistribution\", \"attributes\": {\"step\": null, \"low\": 2.0, \"high\": 4.0, \"log\": false}}"}
{"op_code":9,"worker_id":"10a8ded3-896f-4967-a058-713acb9f72ba-140147300270208","trial_id":72,"system_attr":{"nsga2:generation":1}}
{"op_code":5,"worker_id":"5f9648e7-2ed2-457b-9a75-cb373948b6e9-140695596318848","trial_id":73,"param_name":"PlateauHeight","param_value_internal":3.3237763639795537,"distribution":"{\"name\": \"FloatDistribution\", \"attributes\": {\"step\": null, \"low\": 2.0, \"high\": 4.0, \"log\": false}}"}
{"op_code":5,"worker_id":"10a8ded3-896f-4967-a058-713acb9f72ba-140147300270208","trial_id":72,"param_name":"JointSlopeAngle","param_value_internal":0.3483932837610916,"distribution":"{\"name\": \"FloatDistribution\", \"attributes\": {\"step\": null, \"low\": 0.17453292519943295, \"high\": 1.0471975511965976, \"log\": false}}"}
{"op_code":5,"worker_id":"10a8ded3-896f-4967-a058-713acb9f72ba-140147300270208","trial_id":72,"param_name":"OuterRadius","param_value_internal":16.865671435305618,"distribution":"{\"name\": \"FloatDistribution\", \"attributes\": {\"step\": null, \"low\": 8.75, \"high\": 17.75, \"log\": false}}"}
{"op_code":5,"worker_id":"10a8ded3-896f-4967-a058-713acb9f72ba-140147300270208","trial_id":72,"param_name":"JointHeight","param_value_internal":6.92760120191285,"distribution":"{\"name\": \"FloatDistribution\", \"attributes\": {\"step\": null, \"low\": 5.0, \"high\": 8.0, \"log\": false}}"}
{"op_code":5,"worker_id":"10a8ded3-896f-4967-a058-713acb9f72ba-140147300270208","trial_id":72,"param_name":"CavityCorkThickness","param_value_internal":2.446227322225355,"distribution":"{\"name\": \"FloatDistribution\", \"attributes\": {\"step\": null, \"low\": 2.0, \"high\": 5.0, \"log\": false}}"}
{"op_code":5,"worker_id":"10a8ded3-896f-4967-a058-713acb9f72ba-140147300270208","trial_id":72,"param_name":"BellowHeight","param_value_internal":6.903518757209383,"distribution":"{\"name\": \"FloatDistribution\", \"attributes\": {\"step\": null, \"low\": 6.0, \"high\": 10.0, \"log\": false}}"}
{"op_code":6,"worker_id":"6f92d237-fb8d-44e5-a0b9-8f0d7c5849e4-140698005012608","trial_id":67,"state":1,"values":[-Infinity,-Infinity],"datetime_complete":"2026-06-05T15:13:41.821476"}
{"op_code":5,"worker_id":"10a8ded3-896f-4967-a058-713acb9f72ba-140147300270208","trial_id":72,"param_name":"WallThickness","param_value_internal":3.0479555185418232,"distribution":"{\"name\": \"FloatDistribution\", \"attributes\": {\"step\": null, \"low\": 2.0, \"high\": 4.0, \"log\": false}}"}
{"op_code":5,"worker_id":"10a8ded3-896f-4967-a058-713acb9f72ba-140147300270208","trial_id":72,"param_name":"PlateauHeight","param_value_internal":3.4409294029522175,"distribution":"{\"name\": \"FloatDistribution\", \"attributes\": {\"step\": null, \"low\": 2.0, \"high\": 4.0, \"log\": false}}"}
{"op_code":4,"worker_id":"6f92d237-fb8d-44e5-a0b9-8f0d7c5849e4-140698005012608","study_id":0,"datetime_start":"2026-06-05T15:13:41.848830"}
{"op_code":9,"worker_id":"6f92d237-fb8d-44e5-a0b9-8f0d7c5849e4-140698005012608","trial_id":74,"system_attr":{"nsga2:generation":1}}
{"op_code":5,"worker_id":"6f92d237-fb8d-44e5-a0b9-8f0d7c5849e4-140698005012608","trial_id":74,"param_name":"JointSlopeAngle","param_value_internal":0.6152280152829265,"distribution":"{\"name\": \"FloatDistribution\", \"attributes\": {\"step\": null, \"low\": 0.17453292519943295, \"high\": 1.0471975511965976, \"log\": false}}"}
{"op_code":5,"worker_id":"6f92d237-fb8d-44e5-a0b9-8f0d7c5849e4-140698005012608","trial_id":74,"param_name":"OuterRadius","param_value_internal":11.022232047168428,"distribution":"{\"name\": \"FloatDistribution\", \"attributes\": {\"step\": null, \"low\": 8.75, \"high\": 17.75, \"log\": false}}"}
{"op_code":5,"worker_id":"6f92d237-fb8d-44e5-a0b9-8f0d7c5849e4-140698005012608","trial_id":74,"param_name":"JointHeight","param_value_internal":6.7942345693530175,"distribution":"{\"name\": \"FloatDistribution\", \"attributes\": {\"step\": null, \"low\": 5.0, \"high\": 8.0, \"log\": false}}"}
{"op_code":5,"worker_id":"6f92d237-fb8d-44e5-a0b9-8f0d7c5849e4-140698005012608","trial_id":74,"param_name":"CavityCorkThickness","param_value_internal":2.9086778585467163,"distribution":"{\"name\": \"FloatDistribution\", \"attributes\": {\"step\": null, \"low\": 2.0, \"high\": 5.0, \"log\": false}}"}
{"op_code":5,"worker_id":"6f92d237-fb8d-44e5-a0b9-8f0d7c5849e4-140698005012608","trial_id":74,"param_name":"BellowHeight","param_value_internal":9.36624076887776,"distribution":"{\"name\": \"FloatDistribution\", \"attributes\": {\"step\": null, \"low\": 6.0, \"high\": 10.0, \"log\": false}}"}
{"op_code":5,"worker_id":"6f92d237-fb8d-44e5-a0b9-8f0d7c5849e4-140698005012608","trial_id":74,"param_name":"WallThickness","param_value_internal":2.9446279100014356,"distribution":"{\"name\": \"FloatDistribution\", \"attributes\": {\"step\": null, \"low\": 2.0, \"high\": 4.0, \"log\": false}}"}
{"op_code":5,"worker_id":"6f92d237-fb8d-44e5-a0b9-8f0d7c5849e4-140698005012608","trial_id":74,"param_name":"PlateauHeight","param_value_internal":2.102211645268789,"distribution":"{\"name\": \"FloatDistribution\", \"attributes\": {\"step\": null, \"low\": 2.0, \"high\": 4.0, \"log\": false}}"}
{"op_code":6,"worker_id":"10a8ded3-896f-4967-a058-713acb9f72ba-140147300270208","trial_id":72,"state":1,"values":[-Infinity,-Infinity],"datetime_complete":"2026-06-05T15:13:42.981409"}
{"op_code":4,"worker_id":"10a8ded3-896f-4967-a058-713acb9f72ba-140147300270208","study_id":0,"datetime_start":"2026-06-05T15:13:42.992895"}
{"op_code":9,"worker_id":"10a8ded3-896f-4967-a058-713acb9f72ba-140147300270208","trial_id":75,"system_attr":{"nsga2:generation":1}}
{"op_code":5,"worker_id":"10a8ded3-896f-4967-a058-713acb9f72ba-140147300270208","trial_id":75,"param_name":"JointSlopeAngle","param_value_internal":0.9825029969652177,"distribution":"{\"name\": \"FloatDistribution\", \"attributes\": {\"step\": null, \"low\": 0.17453292519943295, \"high\": 1.0471975511965976, \"log\": false}}"}
{"op_code":5,"worker_id":"10a8ded3-896f-4967-a058-713acb9f72ba-140147300270208","trial_id":75,"param_name":"OuterRadius","param_value_internal":11.024406591940181,"distribution":"{\"name\": \"FloatDistribution\", \"attributes\": {\"step\": null, \"low\": 8.75, \"high\": 17.75, \"log\": false}}"}
{"op_code":5,"worker_id":"10a8ded3-896f-4967-a058-713acb9f72ba-140147300270208","trial_id":75,"param_name":"JointHeight","param_value_internal":6.329684208471013,"distribution":"{\"name\": \"FloatDistribution\", \"attributes\": {\"step\": null, \"low\": 5.0, \"high\": 8.0, \"log\": false}}"}
{"op_code":5,"worker_id":"10a8ded3-896f-4967-a058-713acb9f72ba-140147300270208","trial_id":75,"param_name":"CavityCorkThickness","param_value_internal":3.4319630269735715,"distribution":"{\"name\": \"FloatDistribution\", \"attributes\": {\"step\": null, \"low\": 2.0, \"high\": 5.0, \"log\": false}}"}
{"op_code":5,"worker_id":"10a8ded3-896f-4967-a058-713acb9f72ba-140147300270208","trial_id":75,"param_name":"BellowHeight","param_value_internal":6.006095431793989,"distribution":"{\"name\": \"FloatDistribution\", \"attributes\": {\"step\": null, \"low\": 6.0, \"high\": 10.0, \"log\": false}}"}
{"op_code":5,"worker_id":"10a8ded3-896f-4967-a058-713acb9f72ba-140147300270208","trial_id":75,"param_name":"WallThickness","param_value_internal":2.9306279291319415,"distribution":"{\"name\": \"FloatDistribution\", \"attributes\": {\"step\": null, \"low\": 2.0, \"high\": 4.0, \"log\": false}}"}
{"op_code":5,"worker_id":"10a8ded3-896f-4967-a058-713acb9f72ba-140147300270208","trial_id":75,"param_name":"PlateauHeight","param_value_internal":3.103364558287892,"distribution":"{\"name\": \"FloatDistribution\", \"attributes\": {\"step\": null, \"low\": 2.0, \"high\": 4.0, \"log\": false}}"}
{"op_code":6,"worker_id":"6f92d237-fb8d-44e5-a0b9-8f0d7c5849e4-140698005012608","trial_id":74,"state":1,"values":[-Infinity,-Infinity],"datetime_complete":"2026-06-05T15:13:43.132664"}
{"op_code":4,"worker_id":"6f92d237-fb8d-44e5-a0b9-8f0d7c5849e4-140698005012608","study_id":0,"datetime_start":"2026-06-05T15:13:43.143325"}
{"op_code":9,"worker_id":"6f92d237-fb8d-44e5-a0b9-8f0d7c5849e4-140698005012608","trial_id":76,"system_attr":{"nsga2:generation":1}}
{"op_code":5,"worker_id":"6f92d237-fb8d-44e5-a0b9-8f0d7c5849e4-140698005012608","trial_id":76,"param_name":"JointSlopeAngle","param_value_internal":0.9683902315654939,"distribution":"{\"name\": \"FloatDistribution\", \"attributes\": {\"step\": null, \"low\": 0.17453292519943295, \"high\": 1.0471975511965976, \"log\": false}}"}
{"op_code":5,"worker_id":"6f92d237-fb8d-44e5-a0b9-8f0d7c5849e4-140698005012608","trial_id":76,"param_name":"OuterRadius","param_value_internal":10.741103934087235,"distribution":"{\"name\": \"FloatDistribution\", \"attributes\": {\"step\": null, \"low\": 8.75, \"high\": 17.75, \"log\": false}}"}
{"op_code":5,"worker_id":"6f92d237-fb8d-44e5-a0b9-8f0d7c5849e4-140698005012608","trial_id":76,"param_name":"JointHeight","param_value_internal":5.372443447644095,"distribution":"{\"name\": \"FloatDistribution\", \"attributes\": {\"step\": null, \"low\": 5.0, \"high\": 8.0, \"log\": false}}"}
{"op_code":5,"worker_id":"6f92d237-fb8d-44e5-a0b9-8f0d7c5849e4-140698005012608","trial_id":76,"param_name":"CavityCorkThickness","param_value_internal":4.7239517601038425,"distribution":"{\"name\": \"FloatDistribution\", \"attributes\": {\"step\": null, \"low\": 2.0, \"high\": 5.0, \"log\": false}}"}
{"op_code":5,"worker_id":"6f92d237-fb8d-44e5-a0b9-8f0d7c5849e4-140698005012608","trial_id":76,"param_name":"BellowHeight","param_value_internal":9.523437290703383,"distribution":"{\"name\": \"FloatDistribution\", \"attributes\": {\"step\": null, \"low\": 6.0, \"high\": 10.0, \"log\": false}}"}
{"op_code":5,"worker_id":"6f92d237-fb8d-44e5-a0b9-8f0d7c5849e4-140698005012608","trial_id":76,"param_name":"WallThickness","param_value_internal":2.4311987976907443,"distribution":"{\"name\": \"FloatDistribution\", \"attributes\": {\"step\": null, \"low\": 2.0, \"high\": 4.0, \"log\": false}}"}
{"op_code":5,"worker_id":"6f92d237-fb8d-44e5-a0b9-8f0d7c5849e4-140698005012608","trial_id":76,"param_name":"PlateauHeight","param_value_internal":3.517476922938902,"distribution":"{\"name\": \"FloatDistribution\", \"attributes\": {\"step\": null, \"low\": 2.0, \"high\": 4.0, \"log\": false}}"}
{"op_code":6,"worker_id":"2c502218-be46-491f-a292-69ceb9017558-140417704054912","trial_id":70,"state":1,"values":[-Infinity,-Infinity],"datetime_complete":"2026-06-05T15:13:43.416000"}
{"op_code":4,"worker_id":"2c502218-be46-491f-a292-69ceb9017558-140417704054912","study_id":0,"datetime_start":"2026-06-05T15:13:43.426671"}
{"op_code":9,"worker_id":"2c502218-be46-491f-a292-69ceb9017558-140417704054912","trial_id":77,"system_attr":{"nsga2:generation":1}}
{"op_code":5,"worker_id":"2c502218-be46-491f-a292-69ceb9017558-140417704054912","trial_id":77,"param_name":"JointSlopeAngle","param_value_internal":0.8945304078286826,"distribution":"{\"name\": \"FloatDistribution\", \"attributes\": {\"step\": null, \"low\": 0.17453292519943295, \"high\": 1.0471975511965976, \"log\": false}}"}
{"op_code":6,"worker_id":"7ec27c0f-c20e-4361-843d-8eaa3d5568f6-139729260765312","trial_id":69,"state":1,"values":[-Infinity,-Infinity],"datetime_complete":"2026-06-05T15:13:43.447052"}
{"op_code":5,"worker_id":"2c502218-be46-491f-a292-69ceb9017558-140417704054912","trial_id":77,"param_name":"OuterRadius","param_value_internal":11.610867429704882,"distribution":"{\"name\": \"FloatDistribution\", \"attributes\": {\"step\": null, \"low\": 8.75, \"high\": 17.75, \"log\": false}}"}
{"op_code":5,"worker_id":"2c502218-be46-491f-a292-69ceb9017558-140417704054912","trial_id":77,"param_name":"JointHeight","param_value_internal":5.517305847279628,"distribution":"{\"name\": \"FloatDistribution\", \"attributes\": {\"step\": null, \"low\": 5.0, \"high\": 8.0, \"log\": false}}"}
{"op_code":4,"worker_id":"7ec27c0f-c20e-4361-843d-8eaa3d5568f6-139729260765312","study_id":0,"datetime_start":"2026-06-05T15:13:43.460642"}
{"op_code":5,"worker_id":"2c502218-be46-491f-a292-69ceb9017558-140417704054912","trial_id":77,"param_name":"CavityCorkThickness","param_value_internal":3.4718901530393187,"distribution":"{\"name\": \"FloatDistribution\", \"attributes\": {\"step\": null, \"low\": 2.0, \"high\": 5.0, \"log\": false}}"}
{"op_code":5,"worker_id":"2c502218-be46-491f-a292-69ceb9017558-140417704054912","trial_id":77,"param_name":"BellowHeight","param_value_internal":9.15868863385577,"distribution":"{\"name\": \"FloatDistribution\", \"attributes\": {\"step\": null, \"low\": 6.0, \"high\": 10.0, \"log\": false}}"}
{"op_code":9,"worker_id":"7ec27c0f-c20e-4361-843d-8eaa3d5568f6-139729260765312","trial_id":78,"system_attr":{"nsga2:generation":1}}
{"op_code":5,"worker_id":"2c502218-be46-491f-a292-69ceb9017558-140417704054912","trial_id":77,"param_name":"WallThickness","param_value_internal":3.305843985614198,"distribution":"{\"name\": \"FloatDistribution\", \"attributes\": {\"step\": null, \"low\": 2.0, \"high\": 4.0, \"log\": false}}"}
{"op_code":5,"worker_id":"7ec27c0f-c20e-4361-843d-8eaa3d5568f6-139729260765312","trial_id":78,"param_name":"JointSlopeAngle","param_value_internal":1.0301331173735753,"distribution":"{\"name\": \"FloatDistribution\", \"attributes\": {\"step\": null, \"low\": 0.17453292519943295, \"high\": 1.0471975511965976, \"log\": false}}"}
{"op_code":5,"worker_id":"2c502218-be46-491f-a292-69ceb9017558-140417704054912","trial_id":77,"param_name":"PlateauHeight","param_value_internal":3.9772091635811244,"distribution":"{\"name\": \"FloatDistribution\", \"attributes\": {\"step\": null, \"low\": 2.0, \"high\": 4.0, \"log\": false}}"}
{"op_code":6,"worker_id":"e96240ff-7283-4543-92d6-0e081eb83283-140399408197760","trial_id":71,"state":1,"values":[-Infinity,-Infinity],"datetime_complete":"2026-06-05T15:13:43.496273"}
{"op_code":5,"worker_id":"7ec27c0f-c20e-4361-843d-8eaa3d5568f6-139729260765312","trial_id":78,"param_name":"OuterRadius","param_value_internal":9.55882354155883,"distribution":"{\"name\": \"FloatDistribution\", \"attributes\": {\"step\": null, \"low\": 8.75, \"high\": 17.75, \"log\": false}}"}
{"op_code":5,"worker_id":"7ec27c0f-c20e-4361-843d-8eaa3d5568f6-139729260765312","trial_id":78,"param_name":"JointHeight","param_value_internal":6.92760120191285,"distribution":"{\"name\": \"FloatDistribution\", \"attributes\": {\"step\": null, \"low\": 5.0, \"high\": 8.0, \"log\": false}}"}
{"op_code":4,"worker_id":"e96240ff-7283-4543-92d6-0e081eb83283-140399408197760","study_id":0,"datetime_start":"2026-06-05T15:13:43.510563"}
{"op_code":5,"worker_id":"7ec27c0f-c20e-4361-843d-8eaa3d5568f6-139729260765312","trial_id":78,"param_name":"CavityCorkThickness","param_value_internal":3.248530504228279,"distribution":"{\"name\": \"FloatDistribution\", \"attributes\": {\"step\": null, \"low\": 2.0, \"high\": 5.0, \"log\": false}}"}
{"op_code":6,"worker_id":"5f9648e7-2ed2-457b-9a75-cb373948b6e9-140695596318848","trial_id":73,"state":1,"values":[-Infinity,-Infinity],"datetime_complete":"2026-06-05T15:13:43.521567"}
{"op_code":5,"worker_id":"7ec27c0f-c20e-4361-843d-8eaa3d5568f6-139729260765312","trial_id":78,"param_name":"BellowHeight","param_value_internal":6.647417699429795,"distribution":"{\"name\": \"FloatDistribution\", \"attributes\": {\"step\": null, \"low\": 6.0, \"high\": 10.0, \"log\": false}}"}
{"op_code":9,"worker_id":"e96240ff-7283-4543-92d6-0e081eb83283-140399408197760","trial_id":79,"system_attr":{"nsga2:generation":1}}
{"op_code":5,"worker_id":"7ec27c0f-c20e-4361-843d-8eaa3d5568f6-139729260765312","trial_id":78,"param_name":"WallThickness","param_value_internal":3.8636136382245705,"distribution":"{\"name\": \"FloatDistribution\", \"attributes\": {\"step\": null, \"low\": 2.0, \"high\": 4.0, \"log\": false}}"}
{"op_code":5,"worker_id":"e96240ff-7283-4543-92d6-0e081eb83283-140399408197760","trial_id":79,"param_name":"JointSlopeAngle","param_value_internal":0.7745418843873848,"distribution":"{\"name\": \"FloatDistribution\", \"attributes\": {\"step\": null, \"low\": 0.17453292519943295, \"high\": 1.0471975511965976, \"log\": false}}"}
{"op_code":5,"worker_id":"7ec27c0f-c20e-4361-843d-8eaa3d5568f6-139729260765312","trial_id":78,"param_name":"PlateauHeight","param_value_internal":3.4409294029522175,"distribution":"{\"name\": \"FloatDistribution\", \"attributes\": {\"step\": null, \"low\": 2.0, \"high\": 4.0, \"log\": false}}"}
{"op_code":4,"worker_id":"5f9648e7-2ed2-457b-9a75-cb373948b6e9-140695596318848","study_id":0,"datetime_start":"2026-06-05T15:13:43.537469"}
{"op_code":5,"worker_id":"e96240ff-7283-4543-92d6-0e081eb83283-140399408197760","trial_id":79,"param_name":"OuterRadius","param_value_internal":14.986873780704808,"distribution":"{\"name\": \"FloatDistribution\", \"attributes\": {\"step\": null, \"low\": 8.75, \"high\": 17.75, \"log\": false}}"}
{"op_code":9,"worker_id":"5f9648e7-2ed2-457b-9a75-cb373948b6e9-140695596318848","trial_id":80,"system_attr":{"nsga2:generation":1}}
{"op_code":5,"worker_id":"e96240ff-7283-4543-92d6-0e081eb83283-140399408197760","trial_id":79,"param_name":"JointHeight","param_value_internal":7.4477112366132125,"distribution":"{\"name\": \"FloatDistribution\", \"attributes\": {\"step\": null, \"low\": 5.0, \"high\": 8.0, \"log\": false}}"}
{"op_code":5,"worker_id":"5f9648e7-2ed2-457b-9a75-cb373948b6e9-140695596318848","trial_id":80,"param_name":"JointSlopeAngle","param_value_internal":0.32685898751869047,"distribution":"{\"name\": \"FloatDistribution\", \"attributes\": {\"step\": null, \"low\": 0.17453292519943295, \"high\": 1.0471975511965976, \"log\": false}}"}
{"op_code":5,"worker_id":"e96240ff-7283-4543-92d6-0e081eb83283-140399408197760","trial_id":79,"param_name":"CavityCorkThickness","param_value_internal":3.887668473032581,"distribution":"{\"name\": \"FloatDistribution\", \"attributes\": {\"step\": null, \"low\": 2.0, \"high\": 5.0, \"log\": false}}"}
{"op_code":5,"worker_id":"5f9648e7-2ed2-457b-9a75-cb373948b6e9-140695596318848","trial_id":80,"param_name":"OuterRadius","param_value_internal":13.548218758129888,"distribution":"{\"name\": \"FloatDistribution\", \"attributes\": {\"step\": null, \"low\": 8.75, \"high\": 17.75, \"log\": false}}"}
{"op_code":5,"worker_id":"e96240ff-7283-4543-92d6-0e081eb83283-140399408197760","trial_id":79,"param_name":"BellowHeight","param_value_internal":6.35652635674072,"distribution":"{\"name\": \"FloatDistribution\", \"attributes\": {\"step\": null, \"low\": 6.0, \"high\": 10.0, \"log\": false}}"}
{"op_code":5,"worker_id":"5f9648e7-2ed2-457b-9a75-cb373948b6e9-140695596318848","trial_id":80,"param_name":"JointHeight","param_value_internal":6.847050996389706,"distribution":"{\"name\": \"FloatDistribution\", \"attributes\": {\"step\": null, \"low\": 5.0, \"high\": 8.0, \"log\": false}}"}
{"op_code":5,"worker_id":"e96240ff-7283-4543-92d6-0e081eb83283-140399408197760","trial_id":79,"param_name":"WallThickness","param_value_internal":2.711287072792023,"distribution":"{\"name\": \"FloatDistribution\", \"attributes\": {\"step\": null, \"low\": 2.0, \"high\": 4.0, \"log\": false}}"}
{"op_code":5,"worker_id":"5f9648e7-2ed2-457b-9a75-cb373948b6e9-140695596318848","trial_id":80,"param_name":"CavityCorkThickness","param_value_internal":2.517778439922478,"distribution":"{\"name\": \"FloatDistribution\", \"attributes\": {\"step\": null, \"low\": 2.0, \"high\": 5.0, \"log\": false}}"}
{"op_code":5,"worker_id":"e96240ff-7283-4543-92d6-0e081eb83283-140399408197760","trial_id":79,"param_name":"PlateauHeight","param_value_internal":2.7280837699164326,"distribution":"{\"name\": \"FloatDistribution\", \"attributes\": {\"step\": null, \"low\": 2.0, \"high\": 4.0, \"log\": false}}"}
{"op_code":5,"worker_id":"5f9648e7-2ed2-457b-9a75-cb373948b6e9-140695596318848","trial_id":80,"param_name":"BellowHeight","param_value_internal":8.752893165727347,"distribution":"{\"name\": \"FloatDistribution\", \"attributes\": {\"step\": null, \"low\": 6.0, \"high\": 10.0, \"log\": false}}"}
{"op_code":5,"worker_id":"5f9648e7-2ed2-457b-9a75-cb373948b6e9-140695596318848","trial_id":80,"param_name":"WallThickness","param_value_internal":3.2907741817906127,"distribution":"{\"name\": \"FloatDistribution\", \"attributes\": {\"step\": null, \"low\": 2.0, \"high\": 4.0, \"log\": false}}"}
{"op_code":5,"worker_id":"5f9648e7-2ed2-457b-9a75-cb373948b6e9-140695596318848","trial_id":80,"param_name":"PlateauHeight","param_value_internal":2.1855622036119424,"distribution":"{\"name\": \"FloatDistribution\", \"attributes\": {\"step\": null, \"low\": 2.0, \"high\": 4.0, \"log\": false}}"}
{"op_code":6,"worker_id":"10a8ded3-896f-4967-a058-713acb9f72ba-140147300270208","trial_id":75,"state":1,"values":[-Infinity,-Infinity],"datetime_complete":"2026-06-05T15:13:44.130670"}
{"op_code":4,"worker_id":"10a8ded3-896f-4967-a058-713acb9f72ba-140147300270208","study_id":0,"datetime_start":"2026-06-05T15:13:44.142896"}
{"op_code":9,"worker_id":"10a8ded3-896f-4967-a058-713acb9f72ba-140147300270208","trial_id":81,"system_attr":{"nsga2:generation":1}}
{"op_code":5,"worker_id":"10a8ded3-896f-4967-a058-713acb9f72ba-140147300270208","trial_id":81,"param_name":"JointSlopeAngle","param_value_internal":0.4245203435510316,"distribution":"{\"name\": \"FloatDistribution\", \"attributes\": {\"step\": null, \"low\": 0.17453292519943295, \"high\": 1.0471975511965976, \"log\": false}}"}
{"op_code":5,"worker_id":"10a8ded3-896f-4967-a058-713acb9f72ba-140147300270208","trial_id":81,"param_name":"OuterRadius","param_value_internal":13.341584063296011,"distribution":"{\"name\": \"FloatDistribution\", \"attributes\": {\"step\": null, \"low\": 8.75, \"high\": 17.75, \"log\": false}}"}
{"op_code":5,"worker_id":"10a8ded3-896f-4967-a058-713acb9f72ba-140147300270208","trial_id":81,"param_name":"JointHeight","param_value_internal":7.29965307338047,"distribution":"{\"name\": \"FloatDistribution\", \"attributes\": {\"step\": null, \"low\": 5.0, \"high\": 8.0, \"log\": false}}"}
{"op_code":5,"worker_id":"10a8ded3-896f-4967-a058-713acb9f72ba-140147300270208","trial_id":81,"param_name":"CavityCorkThickness","param_value_internal":4.5364907934654175,"distribution":"{\"name\": \"FloatDistribution\", \"attributes\": {\"step\": null, \"low\": 2.0, \"high\": 5.0, \"log\": false}}"}
{"op_code":5,"worker_id":"10a8ded3-896f-4967-a058-713acb9f72ba-140147300270208","trial_id":81,"param_name":"BellowHeight","param_value_internal":6.269352271189634,"distribution":"{\"name\": \"FloatDistribution\", \"attributes\": {\"step\": null, \"low\": 6.0, \"high\": 10.0, \"log\": false}}"}
{"op_code":5,"worker_id":"10a8ded3-896f-4967-a058-713acb9f72ba-140147300270208","trial_id":81,"param_name":"WallThickness","param_value_internal":3.6270870762311094,"distribution":"{\"name\": \"FloatDistribution\", \"attributes\": {\"step\": null, \"low\": 2.0, \"high\": 4.0, \"log\": false}}"}
{"op_code":5,"worker_id":"10a8ded3-896f-4967-a058-713acb9f72ba-140147300270208","trial_id":81,"param_name":"PlateauHeight","param_value_internal":3.1997161665685523,"distribution":"{\"name\": \"FloatDistribution\", \"attributes\": {\"step\": null, \"low\": 2.0, \"high\": 4.0, \"log\": false}}"}
{"op_code":6,"worker_id":"6f92d237-fb8d-44e5-a0b9-8f0d7c5849e4-140698005012608","trial_id":76,"state":1,"values":[-Infinity,-Infinity],"datetime_complete":"2026-06-05T15:13:44.460076"}
{"op_code":4,"worker_id":"6f92d237-fb8d-44e5-a0b9-8f0d7c5849e4-140698005012608","study_id":0,"datetime_start":"2026-06-05T15:13:44.469851"}
{"op_code":9,"worker_id":"6f92d237-fb8d-44e5-a0b9-8f0d7c5849e4-140698005012608","trial_id":82,"system_attr":{"nsga2:generation":1}}
{"op_code":5,"worker_id":"6f92d237-fb8d-44e5-a0b9-8f0d7c5849e4-140698005012608","trial_id":82,"param_name":"JointSlopeAngle","param_value_internal":0.5589399369972831,"distribution":"{\"name\": \"FloatDistribution\", \"attributes\": {\"step\": null, \"low\": 0.17453292519943295, \"high\": 1.0471975511965976, \"log\": false}}"}
{"op_code":5,"worker_id":"6f92d237-fb8d-44e5-a0b9-8f0d7c5849e4-140698005012608","trial_id":82,"param_name":"OuterRadius","param_value_internal":16.10286103991914,"distribution":"{\"name\": \"FloatDistribution\", \"attributes\": {\"step\": null, \"low\": 8.75, \"high\": 17.75, \"log\": false}}"}
{"op_code":5,"worker_id":"6f92d237-fb8d-44e5-a0b9-8f0d7c5849e4-140698005012608","trial_id":82,"param_name":"JointHeight","param_value_internal":6.65804366970036,"distribution":"{\"name\": \"FloatDistribution\", \"attributes\": {\"step\": null, \"low\": 5.0, \"high\": 8.0, \"log\": false}}"}
{"op_code":5,"worker_id":"6f92d237-fb8d-44e5-a0b9-8f0d7c5849e4-140698005012608","trial_id":82,"param_name":"CavityCorkThickness","param_value_internal":2.0329359757974044,"distribution":"{\"name\": \"FloatDistribution\", \"attributes\": {\"step\": null, \"low\": 2.0, \"high\": 5.0, \"log\": false}}"}
{"op_code":5,"worker_id":"6f92d237-fb8d-44e5-a0b9-8f0d7c5849e4-140698005012608","trial_id":82,"param_name":"BellowHeight","param_value_internal":6.269352271189634,"distribution":"{\"name\": \"FloatDistribution\", \"attributes\": {\"step\": null, \"low\": 6.0, \"high\": 10.0, \"log\": false}}"}
{"op_code":5,"worker_id":"6f92d237-fb8d-44e5-a0b9-8f0d7c5849e4-140698005012608","trial_id":82,"param_name":"WallThickness","param_value_internal":2.2192253489083438,"distribution":"{\"name\": \"FloatDistribution\", \"attributes\": {\"step\": null, \"low\": 2.0, \"high\": 4.0, \"log\": false}}"}
{"op_code":5,"worker_id":"6f92d237-fb8d-44e5-a0b9-8f0d7c5849e4-140698005012608","trial_id":82,"param_name":"PlateauHeight","param_value_internal":3.9172855732943557,"distribution":"{\"name\": \"FloatDistribution\", \"attributes\": {\"step\": null, \"low\": 2.0, \"high\": 4.0, \"log\": false}}"}
{"op_code":6,"worker_id":"2c502218-be46-491f-a292-69ceb9017558-140417704054912","trial_id":77,"state":1,"values":[-Infinity,-Infinity],"datetime_complete":"2026-06-05T15:13:45.216109"}
{"op_code":4,"worker_id":"2c502218-be46-491f-a292-69ceb9017558-140417704054912","study_id":0,"datetime_start":"2026-06-05T15:13:45.227931"}
{"op_code":9,"worker_id":"2c502218-be46-491f-a292-69ceb9017558-140417704054912","trial_id":83,"system_attr":{"nsga2:generation":1}}
{"op_code":5,"worker_id":"2c502218-be46-491f-a292-69ceb9017558-140417704054912","trial_id":83,"param_name":"JointSlopeAngle","param_value_internal":0.28446358706723884,"distribution":"{\"name\": \"FloatDistribution\", \"attributes\": {\"step\": null, \"low\": 0.17453292519943295, \"high\": 1.0471975511965976, \"log\": false}}"}
{"op_code":5,"worker_id":"2c502218-be46-491f-a292-69ceb9017558-140417704054912","trial_id":83,"param_name":"OuterRadius","param_value_internal":16.959891564875534,"distribution":"{\"name\": \"FloatDistribution\", \"attributes\": {\"step\": null, \"low\": 8.75, \"high\": 17.75, \"log\": false}}"}
{"op_code":5,"worker_id":"2c502218-be46-491f-a292-69ceb9017558-140417704054912","trial_id":83,"param_name":"JointHeight","param_value_internal":7.277368347238836,"distribution":"{\"name\": \"FloatDistribution\", \"attributes\": {\"step\": null, \"low\": 5.0, \"high\": 8.0, \"log\": false}}"}
{"op_code":6,"worker_id":"10a8ded3-896f-4967-a058-713acb9f72ba-140147300270208","trial_id":81,"state":1,"values":[-Infinity,-Infinity],"datetime_complete":"2026-06-05T15:13:45.263661"}
{"op_code":5,"worker_id":"2c502218-be46-491f-a292-69ceb9017558-140417704054912","trial_id":83,"param_name":"CavityCorkThickness","param_value_internal":2.542637092651372,"distribution":"{\"name\": \"FloatDistribution\", \"attributes\": {\"step\": null, \"low\": 2.0, \"high\": 5.0, \"log\": false}}"}
{"op_code":5,"worker_id":"2c502218-be46-491f-a292-69ceb9017558-140417704054912","trial_id":83,"param_name":"BellowHeight","param_value_internal":6.061027055273351,"distribution":"{\"name\": \"FloatDistribution\", \"attributes\": {\"step\": null, \"low\": 6.0, \"high\": 10.0, \"log\": false}}"}
{"op_code":4,"worker_id":"10a8ded3-896f-4967-a058-713acb9f72ba-140147300270208","study_id":0,"datetime_start":"2026-06-05T15:13:45.276425"}
{"op_code":5,"worker_id":"2c502218-be46-491f-a292-69ceb9017558-140417704054912","trial_id":83,"param_name":"WallThickness","param_value_internal":2.873896368860284,"distribution":"{\"name\": \"FloatDistribution\", \"attributes\": {\"step\": null, \"low\": 2.0, \"high\": 4.0, \"log\": false}}"}
{"op_code":6,"worker_id":"7ec27c0f-c20e-4361-843d-8eaa3d5568f6-139729260765312","trial_id":78,"state":1,"values":[-Infinity,-Infinity],"datetime_complete":"2026-06-05T15:13:45.286224"}
{"op_code":9,"worker_id":"10a8ded3-896f-4967-a058-713acb9f72ba-140147300270208","trial_id":84,"system_attr":{"nsga2:generation":1}}
{"op_code":5,"worker_id":"2c502218-be46-491f-a292-69ceb9017558-140417704054912","trial_id":83,"param_name":"PlateauHeight","param_value_internal":2.981100545399343,"distribution":"{\"name\": \"FloatDistribution\", \"attributes\": {\"step\": null, \"low\": 2.0, \"high\": 4.0, \"log\": false}}"}
{"op_code":4,"worker_id":"7ec27c0f-c20e-4361-843d-8eaa3d5568f6-139729260765312","study_id":0,"datetime_start":"2026-06-05T15:13:45.301046"}
{"op_code":6,"worker_id":"e96240ff-7283-4543-92d6-0e081eb83283-140399408197760","trial_id":79,"state":1,"values":[-Infinity,-Infinity],"datetime_complete":"2026-06-05T15:13:45.312691"}
{"op_code":9,"worker_id":"7ec27c0f-c20e-4361-843d-8eaa3d5568f6-139729260765312","trial_id":85,"system_attr":{"nsga2:generation":1}}
{"op_code":5,"worker_id":"7ec27c0f-c20e-4361-843d-8eaa3d5568f6-139729260765312","trial_id":85,"param_name":"JointSlopeAngle","param_value_internal":0.2465377870492381,"distribution":"{\"name\": \"FloatDistribution\", \"attributes\": {\"step\": null, \"low\": 0.17453292519943295, \"high\": 1.0471975511965976, \"log\": false}}"}
{"op_code":4,"worker_id":"e96240ff-7283-4543-92d6-0e081eb83283-140399408197760","study_id":0,"datetime_start":"2026-06-05T15:13:45.326536"}
{"op_code":6,"worker_id":"5f9648e7-2ed2-457b-9a75-cb373948b6e9-140695596318848","trial_id":80,"state":1,"values":[-Infinity,-Infinity],"datetime_complete":"2026-06-05T15:13:45.335361"}
{"op_code":5,"worker_id":"7ec27c0f-c20e-4361-843d-8eaa3d5568f6-139729260765312","trial_id":85,"param_name":"OuterRadius","param_value_internal":13.341584063296011,"distribution":"{\"name\": \"FloatDistribution\", \"attributes\": {\"step\": null, \"low\": 8.75, \"high\": 17.75, \"log\": false}}"}
{"op_code":5,"worker_id":"7ec27c0f-c20e-4361-843d-8eaa3d5568f6-139729260765312","trial_id":85,"param_name":"JointHeight","param_value_internal":6.65804366970036,"distribution":"{\"name\": \"FloatDistribution\", \"attributes\": {\"step\": null, \"low\": 5.0, \"high\": 8.0, \"log\": false}}"}
{"op_code":9,"worker_id":"e96240ff-7283-4543-92d6-0e081eb83283-140399408197760","trial_id":86,"system_attr":{"nsga2:generation":1}}
{"op_code":5,"worker_id":"7ec27c0f-c20e-4361-843d-8eaa3d5568f6-139729260765312","trial_id":85,"param_name":"CavityCorkThickness","param_value_internal":2.414930703016558,"distribution":"{\"name\": \"FloatDistribution\", \"attributes\": {\"step\": null, \"low\": 2.0, \"high\": 5.0, \"log\": false}}"}
{"op_code":5,"worker_id":"e96240ff-7283-4543-92d6-0e081eb83283-140399408197760","trial_id":86,"param_name":"JointSlopeAngle","param_value_internal":0.6742954472083563,"distribution":"{\"name\": \"FloatDistribution\", \"attributes\": {\"step\": null, \"low\": 0.17453292519943295, \"high\": 1.0471975511965976, \"log\": false}}"}
{"op_code":5,"worker_id":"7ec27c0f-c20e-4361-843d-8eaa3d5568f6-139729260765312","trial_id":85,"param_name":"BellowHeight","param_value_internal":9.137275945551767,"distribution":"{\"name\": \"FloatDistribution\", \"attributes\": {\"step\": null, \"low\": 6.0, \"high\": 10.0, \"log\": false}}"}
{"op_code":5,"worker_id":"e96240ff-7283-4543-92d6-0e081eb83283-140399408197760","trial_id":86,"param_name":"OuterRadius","param_value_internal":9.798734822806198,"distribution":"{\"name\": \"FloatDistribution\", \"attributes\": {\"step\": null, \"low\": 8.75, \"high\": 17.75, \"log\": false}}"}
{"op_code":5,"worker_id":"7ec27c0f-c20e-4361-843d-8eaa3d5568f6-139729260765312","trial_id":85,"param_name":"WallThickness","param_value_internal":2.2192253489083438,"distribution":"{\"name\": \"FloatDistribution\", \"attributes\": {\"step\": null, \"low\": 2.0, \"high\": 4.0, \"log\": false}}"}
{"op_code":4,"worker_id":"5f9648e7-2ed2-457b-9a75-cb373948b6e9-140695596318848","study_id":0,"datetime_start":"2026-06-05T15:13:45.350267"}
{"op_code":5,"worker_id":"7ec27c0f-c20e-4361-843d-8eaa3d5568f6-139729260765312","trial_id":85,"param_name":"PlateauHeight","param_value_internal":2.607342229952792,"distribution":"{\"name\": \"FloatDistribution\", \"attributes\": {\"step\": null, \"low\": 2.0, \"high\": 4.0, \"log\": false}}"}
{"op_code":5,"worker_id":"e96240ff-7283-4543-92d6-0e081eb83283-140399408197760","trial_id":86,"param_name":"JointHeight","param_value_internal":5.872280149485165,"distribution":"{\"name\": \"FloatDistribution\", \"attributes\": {\"step\": null, \"low\": 5.0, \"high\": 8.0, \"log\": false}}"}
{"op_code":9,"worker_id":"5f9648e7-2ed2-457b-9a75-cb373948b6e9-140695596318848","trial_id":87,"system_attr":{"nsga2:generation":1}}
{"op_code":5,"worker_id":"e96240ff-7283-4543-92d6-0e081eb83283-140399408197760","trial_id":86,"param_name":"CavityCorkThickness","param_value_internal":3.248530504228279,"distribution":"{\"name\": \"FloatDistribution\", \"attributes\": {\"step\": null, \"low\": 2.0, \"high\": 5.0, \"log\": false}}"}
{"op_code":5,"worker_id":"5f9648e7-2ed2-457b-9a75-cb373948b6e9-140695596318848","trial_id":87,"param_name":"JointSlopeAngle","param_value_internal":0.9097705452513125,"distribution":"{\"name\": \"FloatDistribution\", \"attributes\": {\"step\": null, \"low\": 0.17453292519943295, \"high\": 1.0471975511965976, \"log\": false}}"}
{"op_code":5,"worker_id":"e96240ff-7283-4543-92d6-0e081eb83283-140399408197760","trial_id":86,"param_name":"BellowHeight","param_value_internal":9.36624076887776,"distribution":"{\"name\": \"FloatDistribution\", \"attributes\": {\"step\": null, \"low\": 6.0, \"high\": 10.0, \"log\": false}}"}
{"op_code":5,"worker_id":"5f9648e7-2ed2-457b-9a75-cb373948b6e9-140695596318848","trial_id":87,"param_name":"OuterRadius","param_value_internal":9.79532987253138,"distribution":"{\"name\": \"FloatDistribution\", \"attributes\": {\"step\": null, \"low\": 8.75, \"high\": 17.75, \"log\": false}}"}
{"op_code":5,"worker_id":"10a8ded3-896f-4967-a058-713acb9f72ba-140147300270208","trial_id":84,"param_name":"JointSlopeAngle","param_value_internal":0.6864795531920312,"distribution":"{\"name\": \"FloatDistribution\", \"attributes\": {\"step\": null, \"low\": 0.17453292519943295, \"high\": 1.0471975511965976, \"log\": false}}"}
{"op_code":5,"worker_id":"5f9648e7-2ed2-457b-9a75-cb373948b6e9-140695596318848","trial_id":87,"param_name":"JointHeight","param_value_internal":5.279886610159971,"distribution":"{\"name\": \"FloatDistribution\", \"attributes\": {\"step\": null, \"low\": 5.0, \"high\": 8.0, \"log\": false}}"}
{"op_code":5,"worker_id":"10a8ded3-896f-4967-a058-713acb9f72ba-140147300270208","trial_id":84,"param_name":"OuterRadius","param_value_internal":16.10286103991914,"distribution":"{\"name\": \"FloatDistribution\", \"attributes\": {\"step\": null, \"low\": 8.75, \"high\": 17.75, \"log\": false}}"}
{"op_code":5,"worker_id":"5f9648e7-2ed2-457b-9a75-cb373948b6e9-140695596318848","trial_id":87,"param_name":"CavityCorkThickness","param_value_internal":2.446227322225355,"distribution":"{\"name\": \"FloatDistribution\", \"attributes\": {\"step\": null, \"low\": 2.0, \"high\": 5.0, \"log\": false}}"}
{"op_code":5,"worker_id":"10a8ded3-896f-4967-a058-713acb9f72ba-140147300270208","trial_id":84,"param_name":"JointHeight","param_value_internal":5.268560803617438,"distribution":"{\"name\": \"FloatDistribution\", \"attributes\": {\"step\": null, \"low\": 5.0, \"high\": 8.0, \"log\": false}}"}
{"op_code":5,"worker_id":"5f9648e7-2ed2-457b-9a75-cb373948b6e9-140695596318848","trial_id":87,"param_name":"BellowHeight","param_value_internal":7.986384280727,"distribution":"{\"name\": \"FloatDistribution\", \"attributes\": {\"step\": null, \"low\": 6.0, \"high\": 10.0, \"log\": false}}"}
{"op_code":5,"worker_id":"5f9648e7-2ed2-457b-9a75-cb373948b6e9-140695596318848","trial_id":87,"param_name":"WallThickness","param_value_internal":3.0479555185418232,"distribution":"{\"name\": \"FloatDistribution\", \"attributes\": {\"step\": null, \"low\": 2.0, \"high\": 4.0, \"log\": false}}"}
{"op_code":5,"worker_id":"10a8ded3-896f-4967-a058-713acb9f72ba-140147300270208","trial_id":84,"param_name":"CavityCorkThickness","param_value_internal":3.7160079819586462,"distribution":"{\"name\": \"FloatDistribution\", \"attributes\": {\"step\": null, \"low\": 2.0, \"high\": 5.0, \"log\": false}}"}
{"op_code":5,"worker_id":"5f9648e7-2ed2-457b-9a75-cb373948b6e9-140695596318848","trial_id":87,"param_name":"PlateauHeight","param_value_internal":2.065511867286414,"distribution":"{\"name\": \"FloatDistribution\", \"attributes\": {\"step\": null, \"low\": 2.0, \"high\": 4.0, \"log\": false}}"}
{"op_code":5,"worker_id":"10a8ded3-896f-4967-a058-713acb9f72ba-140147300270208","trial_id":84,"param_name":"BellowHeight","param_value_internal":9.224479751013632,"distribution":"{\"name\": \"FloatDistribution\", \"attributes\": {\"step\": null, \"low\": 6.0, \"high\": 10.0, \"log\": false}}"}
{"op_code":5,"worker_id":"10a8ded3-896f-4967-a058-713acb9f72ba-140147300270208","trial_id":84,"param_name":"WallThickness","param_value_internal":3.497441904392877,"distribution":"{\"name\": \"FloatDistribution\", \"attributes\": {\"step\": null, \"low\": 2.0, \"high\": 4.0, \"log\": false}}"}
{"op_code":5,"worker_id":"10a8ded3-896f-4967-a058-713acb9f72ba-140147300270208","trial_id":84,"param_name":"PlateauHeight","param_value_internal":2.014744402712669,"distribution":"{\"name\": \"FloatDistribution\", \"attributes\": {\"step\": null, \"low\": 2.0, \"high\": 4.0, \"log\": false}}"}
{"op_code":5,"worker_id":"e96240ff-7283-4543-92d6-0e081eb83283-140399408197760","trial_id":86,"param_name":"WallThickness","param_value_internal":3.6318503664748727,"distribution":"{\"name\": \"FloatDistribution\", \"attributes\": {\"step\": null, \"low\": 2.0, \"high\": 4.0, \"log\": false}}"}
{"op_code":5,"worker_id":"e96240ff-7283-4543-92d6-0e081eb83283-140399408197760","trial_id":86,"param_name":"PlateauHeight","param_value_internal":2.9028739149173317,"distribution":"{\"name\": \"FloatDistribution\", \"attributes\": {\"step\": null, \"low\": 2.0, \"high\": 4.0, \"log\": false}}"}
{"op_code":6,"worker_id":"6f92d237-fb8d-44e5-a0b9-8f0d7c5849e4-140698005012608","trial_id":82,"state":1,"values":[-Infinity,-Infinity],"datetime_complete":"2026-06-05T15:13:45.790639"}
{"op_code":0,"worker_id":"c7c5a2a5-b539-4d45-99dc-a4e3647668e6-140698005012608","study_name":"SensorFinger_8_optuna_evolutionary","directions":[2,2]}
{"op_code":0,"worker_id":"c7c5a2a5-b539-4d45-99dc-a4e3647668e6-140698005012608","study_name":"SensorFinger_8_optuna_evolutionary","directions":[2,2]}
{"op_code":0,"worker_id":"23f0cd57-c099-4b2b-8ff1-78c7766b14ee-140698005012608","study_name":"SensorFinger_8_optuna_evolutionary","directions":[2,2]}
{"op_code":0,"worker_id":"23f0cd57-c099-4b2b-8ff1-78c7766b14ee-140698005012608","study_name":"SensorFinger_8_optuna_evolutionary","directions":[2,2]}
{"op_code":6,"worker_id":"10a8ded3-896f-4967-a058-713acb9f72ba-140147300270208","trial_id":84,"state":1,"values":[-Infinity,-Infinity],"datetime_complete":"2026-06-05T15:13:46.762676"}
{"op_code":0,"worker_id":"224d7fba-617a-411c-9401-3d3861e2943e-140147300270208","study_name":"SensorFinger_8_optuna_evolutionary","directions":[2,2]}
{"op_code":0,"worker_id":"224d7fba-617a-411c-9401-3d3861e2943e-140147300270208","study_name":"SensorFinger_8_optuna_evolutionary","directions":[2,2]}
{"op_code":6,"worker_id":"5f9648e7-2ed2-457b-9a75-cb373948b6e9-140695596318848","trial_id":87,"state":1,"values":[-Infinity,-Infinity],"datetime_complete":"2026-06-05T15:13:47.010001"}
{"op_code":4,"worker_id":"5f9648e7-2ed2-457b-9a75-cb373948b6e9-140695596318848","study_id":0,"datetime_start":"2026-06-05T15:13:47.020849"}
{"op_code":6,"worker_id":"2c502218-be46-491f-a292-69ceb9017558-140417704054912","trial_id":83,"state":1,"values":[-Infinity,-Infinity],"datetime_complete":"2026-06-05T15:13:47.024222"}
{"op_code":9,"worker_id":"5f9648e7-2ed2-457b-9a75-cb373948b6e9-140695596318848","trial_id":88,"system_attr":{"nsga2:generation":1}}
{"op_code":4,"worker_id":"2c502218-be46-491f-a292-69ceb9017558-140417704054912","study_id":0,"datetime_start":"2026-06-05T15:13:47.038189"}
{"op_code":5,"worker_id":"5f9648e7-2ed2-457b-9a75-cb373948b6e9-140695596318848","trial_id":88,"param_name":"JointSlopeAngle","param_value_internal":0.7745418843873848,"distribution":"{\"name\": \"FloatDistribution\", \"attributes\": {\"step\": null, \"low\": 0.17453292519943295, \"high\": 1.0471975511965976, \"log\": false}}"}
{"op_code":5,"worker_id":"5f9648e7-2ed2-457b-9a75-cb373948b6e9-140695596318848","trial_id":88,"param_name":"OuterRadius","param_value_internal":15.291334987892494,"distribution":"{\"name\": \"FloatDistribution\", \"attributes\": {\"step\": null, \"low\": 8.75, \"high\": 17.75, \"log\": false}}"}
{"op_code":9,"worker_id":"2c502218-be46-491f-a292-69ceb9017558-140417704054912","trial_id":89,"system_attr":{"nsga2:generation":1}}
{"op_code":5,"worker_id":"5f9648e7-2ed2-457b-9a75-cb373948b6e9-140695596318848","trial_id":88,"param_name":"JointHeight","param_value_internal":5.4087554375445555,"distribution":"{\"name\": \"FloatDistribution\", \"attributes\": {\"step\": null, \"low\": 5.0, \"high\": 8.0, \"log\": false}}"}
{"op_code":5,"worker_id":"2c502218-be46-491f-a292-69ceb9017558-140417704054912","trial_id":89,"param_name":"JointSlopeAngle","param_value_internal":0.28446358706723884,"distribution":"{\"name\": \"FloatDistribution\", \"attributes\": {\"step\": null, \"low\": 0.17453292519943295, \"high\": 1.0471975511965976, \"log\": false}}"}
{"op_code":5,"worker_id":"5f9648e7-2ed2-457b-9a75-cb373948b6e9-140695596318848","trial_id":88,"param_name":"CavityCorkThickness","param_value_internal":2.024952503805173,"distribution":"{\"name\": \"FloatDistribution\", \"attributes\": {\"step\": null, \"low\": 2.0, \"high\": 5.0, \"log\": false}}"}
{"op_code":5,"worker_id":"2c502218-be46-491f-a292-69ceb9017558-140417704054912","trial_id":89,"param_name":"OuterRadius","param_value_internal":9.304853419070408,"distribution":"{\"name\": \"FloatDistribution\", \"attributes\": {\"step\": null, \"low\": 8.75, \"high\": 17.75, \"log\": false}}"}
{"op_code":5,"worker_id":"5f9648e7-2ed2-457b-9a75-cb373948b6e9-140695596318848","trial_id":88,"param_name":"BellowHeight","param_value_internal":8.249955706871631,"distribution":"{\"name\": \"FloatDistribution\", \"attributes\": {\"step\": null, \"low\": 6.0, \"high\": 10.0, \"log\": false}}"}
{"op_code":5,"worker_id":"2c502218-be46-491f-a292-69ceb9017558-140417704054912","trial_id":89,"param_name":"JointHeight","param_value_internal":7.277368347238836,"distribution":"{\"name\": \"FloatDistribution\", \"attributes\": {\"step\": null, \"low\": 5.0, \"high\": 8.0, \"log\": false}}"}
{"op_code":5,"worker_id":"5f9648e7-2ed2-457b-9a75-cb373948b6e9-140695596318848","trial_id":88,"param_name":"WallThickness","param_value_internal":2.545663243987858,"distribution":"{\"name\": \"FloatDistribution\", \"attributes\": {\"step\": null, \"low\": 2.0, \"high\": 4.0, \"log\": false}}"}
{"op_code":5,"worker_id":"2c502218-be46-491f-a292-69ceb9017558-140417704054912","trial_id":89,"param_name":"CavityCorkThickness","param_value_internal":3.7779641659017944,"distribution":"{\"name\": \"FloatDistribution\", \"attributes\": {\"step\": null, \"low\": 2.0, \"high\": 5.0, \"log\": false}}"}
{"op_code":5,"worker_id":"5f9648e7-2ed2-457b-9a75-cb373948b6e9-140695596318848","trial_id":88,"param_name":"PlateauHeight","param_value_internal":3.542836206976599,"distribution":"{\"name\": \"FloatDistribution\", \"attributes\": {\"step\": null, \"low\": 2.0, \"high\": 4.0, \"log\": false}}"}
{"op_code":5,"worker_id":"2c502218-be46-491f-a292-69ceb9017558-140417704054912","trial_id":89,"param_name":"BellowHeight","param_value_internal":7.482670408407297,"distribution":"{\"name\": \"FloatDistribution\", \"attributes\": {\"step\": null, \"low\": 6.0, \"high\": 10.0, \"log\": false}}"}
{"op_code":5,"worker_id":"2c502218-be46-491f-a292-69ceb9017558-140417704054912","trial_id":89,"param_name":"WallThickness","param_value_internal":3.093660522664136,"distribution":"{\"name\": \"FloatDistribution\", \"attributes\": {\"step\": null, \"low\": 2.0, \"high\": 4.0, \"log\": false}}"}
{"op_code":5,"worker_id":"2c502218-be46-491f-a292-69ceb9017558-140417704054912","trial_id":89,"param_name":"PlateauHeight","param_value_internal":3.311301307717729,"distribution":"{\"name\": \"FloatDistribution\", \"attributes\": {\"step\": null, \"low\": 2.0, \"high\": 4.0, \"log\": false}}"}
{"op_code":6,"worker_id":"7ec27c0f-c20e-4361-843d-8eaa3d5568f6-139729260765312","trial_id":85,"state":1,"values":[-Infinity,-Infinity],"datetime_complete":"2026-06-05T15:13:47.128667"}
{"op_code":4,"worker_id":"7ec27c0f-c20e-4361-843d-8eaa3d5568f6-139729260765312","study_id":0,"datetime_start":"2026-06-05T15:13:47.139274"}
{"op_code":9,"worker_id":"7ec27c0f-c20e-4361-843d-8eaa3d5568f6-139729260765312","trial_id":90,"system_attr":{"nsga2:generation":1}}
{"op_code":5,"worker_id":"7ec27c0f-c20e-4361-843d-8eaa3d5568f6-139729260765312","trial_id":90,"param_name":"JointSlopeAngle","param_value_internal":0.7535393720908949,"distribution":"{\"name\": \"FloatDistribution\", \"attributes\": {\"step\": null, \"low\": 0.17453292519943295, \"high\": 1.0471975511965976, \"log\": false}}"}
{"op_code":5,"worker_id":"7ec27c0f-c20e-4361-843d-8eaa3d5568f6-139729260765312","trial_id":90,"param_name":"OuterRadius","param_value_internal":17.469629252190803,"distribution":"{\"name\": \"FloatDistribution\", \"attributes\": {\"step\": null, \"low\": 8.75, \"high\": 17.75, \"log\": false}}"}
{"op_code":5,"worker_id":"7ec27c0f-c20e-4361-843d-8eaa3d5568f6-139729260765312","trial_id":90,"param_name":"JointHeight","param_value_internal":6.965480880606567,"distribution":"{\"name\": \"FloatDistribution\", \"attributes\": {\"step\": null, \"low\": 5.0, \"high\": 8.0, \"log\": false}}"}
{"op_code":5,"worker_id":"7ec27c0f-c20e-4361-843d-8eaa3d5568f6-139729260765312","trial_id":90,"param_name":"CavityCorkThickness","param_value_internal":2.7656252125410115,"distribution":"{\"name\": \"FloatDistribution\", \"attributes\": {\"step\": null, \"low\": 2.0, \"high\": 5.0, \"log\": false}}"}
{"op_code":5,"worker_id":"7ec27c0f-c20e-4361-843d-8eaa3d5568f6-139729260765312","trial_id":90,"param_name":"BellowHeight","param_value_internal":8.604689381390056,"distribution":"{\"name\": \"FloatDistribution\", \"attributes\": {\"step\": null, \"low\": 6.0, \"high\": 10.0, \"log\": false}}"}
{"op_code":5,"worker_id":"7ec27c0f-c20e-4361-843d-8eaa3d5568f6-139729260765312","trial_id":90,"param_name":"WallThickness","param_value_internal":2.6832331801469804,"distribution":"{\"name\": \"FloatDistribution\", \"attributes\": {\"step\": null, \"low\": 2.0, \"high\": 4.0, \"log\": false}}"}
{"op_code":5,"worker_id":"7ec27c0f-c20e-4361-843d-8eaa3d5568f6-139729260765312","trial_id":90,"param_name":"PlateauHeight","param_value_internal":2.116594423747401,"distribution":"{\"name\": \"FloatDistribution\", \"attributes\": {\"step\": null, \"low\": 2.0, \"high\": 4.0, \"log\": false}}"}
{"op_code":6,"worker_id":"e96240ff-7283-4543-92d6-0e081eb83283-140399408197760","trial_id":86,"state":1,"values":[-Infinity,-Infinity],"datetime_complete":"2026-06-05T15:13:47.212784"}
{"op_code":4,"worker_id":"e96240ff-7283-4543-92d6-0e081eb83283-140399408197760","study_id":0,"datetime_start":"2026-06-05T15:13:47.222671"}
{"op_code":9,"worker_id":"e96240ff-7283-4543-92d6-0e081eb83283-140399408197760","trial_id":91,"system_attr":{"nsga2:generation":1}}
{"op_code":5,"worker_id":"e96240ff-7283-4543-92d6-0e081eb83283-140399408197760","trial_id":91,"param_name":"JointSlopeAngle","param_value_internal":0.6864795531920312,"distribution":"{\"name\": \"FloatDistribution\", \"attributes\": {\"step\": null, \"low\": 0.17453292519943295, \"high\": 1.0471975511965976, \"log\": false}}"}
{"op_code":5,"worker_id":"e96240ff-7283-4543-92d6-0e081eb83283-140399408197760","trial_id":91,"param_name":"OuterRadius","param_value_internal":16.10286103991914,"distribution":"{\"name\": \"FloatDistribution\", \"attributes\": {\"step\": null, \"low\": 8.75, \"high\": 17.75, \"log\": false}}"}
{"op_code":5,"worker_id":"e96240ff-7283-4543-92d6-0e081eb83283-140399408197760","trial_id":91,"param_name":"JointHeight","param_value_internal":6.056596632127291,"distribution":"{\"name\": \"FloatDistribution\", \"attributes\": {\"step\": null, \"low\": 5.0, \"high\": 8.0, \"log\": false}}"}
{"op_code":5,"worker_id":"e96240ff-7283-4543-92d6-0e081eb83283-140399408197760","trial_id":91,"param_name":"CavityCorkThickness","param_value_internal":3.0927893525749566,"distribution":"{\"name\": \"FloatDistribution\", \"attributes\": {\"step\": null, \"low\": 2.0, \"high\": 5.0, \"log\": false}}"}
{"op_code":5,"worker_id":"e96240ff-7283-4543-92d6-0e081eb83283-140399408197760","trial_id":91,"param_name":"BellowHeight","param_value_internal":9.587411608781164,"distribution":"{\"name\": \"FloatDistribution\", \"attributes\": {\"step\": null, \"low\": 6.0, \"high\": 10.0, \"log\": false}}"}
{"op_code":5,"worker_id":"e96240ff-7283-4543-92d6-0e081eb83283-140399408197760","trial_id":91,"param_name":"WallThickness","param_value_internal":3.497441904392877,"distribution":"{\"name\": \"FloatDistribution\", \"attributes\": {\"step\": null, \"low\": 2.0, \"high\": 4.0, \"log\": false}}"}
{"op_code":5,"worker_id":"e96240ff-7283-4543-92d6-0e081eb83283-140399408197760","trial_id":91,"param_name":"PlateauHeight","param_value_internal":2.263679286655835,"distribution":"{\"name\": \"FloatDistribution\", \"attributes\": {\"step\": null, \"low\": 2.0, \"high\": 4.0, \"log\": false}}"}
{"op_code":0,"worker_id":"adb9f3db-c42d-4146-8489-8ac18782e9f3-140147300270208","study_name":"SensorFinger_8_optuna_evolutionary","directions":[2,2]}
{"op_code":0,"worker_id":"adb9f3db-c42d-4146-8489-8ac18782e9f3-140147300270208","study_name":"SensorFinger_8_optuna_evolutionary","directions":[2,2]}
{"op_code":6,"worker_id":"7ec27c0f-c20e-4361-843d-8eaa3d5568f6-139729260765312","trial_id":90,"state":1,"values":[-Infinity,-Infinity],"datetime_complete":"2026-06-05T15:13:48.761777"}
{"op_code":4,"worker_id":"7ec27c0f-c20e-4361-843d-8eaa3d5568f6-139729260765312","study_id":0,"datetime_start":"2026-06-05T15:13:48.772947"}
{"op_code":9,"worker_id":"7ec27c0f-c20e-4361-843d-8eaa3d5568f6-139729260765312","trial_id":92,"system_attr":{"nsga2:generation":1}}
{"op_code":5,"worker_id":"7ec27c0f-c20e-4361-843d-8eaa3d5568f6-139729260765312","trial_id":92,"param_name":"JointSlopeAngle","param_value_internal":0.5233720299791019,"distribution":"{\"name\": \"FloatDistribution\", \"attributes\": {\"step\": null, \"low\": 0.17453292519943295, \"high\": 1.0471975511965976, \"log\": false}}"}
{"op_code":5,"worker_id":"7ec27c0f-c20e-4361-843d-8eaa3d5568f6-139729260765312","trial_id":92,"param_name":"OuterRadius","param_value_internal":17.469629252190803,"distribution":"{\"name\": \"FloatDistribution\", \"attributes\": {\"step\": null, \"low\": 8.75, \"high\": 17.75, \"log\": false}}"}
{"op_code":5,"worker_id":"7ec27c0f-c20e-4361-843d-8eaa3d5568f6-139729260765312","trial_id":92,"param_name":"JointHeight","param_value_internal":5.357633183605303,"distribution":"{\"name\": \"FloatDistribution\", \"attributes\": {\"step\": null, \"low\": 5.0, \"high\": 8.0, \"log\": false}}"}
{"op_code":5,"worker_id":"7ec27c0f-c20e-4361-843d-8eaa3d5568f6-139729260765312","trial_id":92,"param_name":"CavityCorkThickness","param_value_internal":4.536781960128493,"distribution":"{\"name\": \"FloatDistribution\", \"attributes\": {\"step\": null, \"low\": 2.0, \"high\": 5.0, \"log\": false}}"}
{"op_code":6,"worker_id":"5f9648e7-2ed2-457b-9a75-cb373948b6e9-140695596318848","trial_id":88,"state":1,"values":[-Infinity,-Infinity],"datetime_complete":"2026-06-05T15:13:48.816340"}
{"op_code":5,"worker_id":"7ec27c0f-c20e-4361-843d-8eaa3d5568f6-139729260765312","trial_id":92,"param_name":"BellowHeight","param_value_internal":8.746262435692438,"distribution":"{\"name\": \"FloatDistribution\", \"attributes\": {\"step\": null, \"low\": 6.0, \"high\": 10.0, \"log\": false}}"}
{"op_code":5,"worker_id":"7ec27c0f-c20e-4361-843d-8eaa3d5568f6-139729260765312","trial_id":92,"param_name":"WallThickness","param_value_internal":2.0373403385553117,"distribution":"{\"name\": \"FloatDistribution\", \"attributes\": {\"step\": null, \"low\": 2.0, \"high\": 4.0, \"log\": false}}"}
{"op_code":4,"worker_id":"5f9648e7-2ed2-457b-9a75-cb373948b6e9-140695596318848","study_id":0,"datetime_start":"2026-06-05T15:13:48.827468"}
{"op_code":5,"worker_id":"7ec27c0f-c20e-4361-843d-8eaa3d5568f6-139729260765312","trial_id":92,"param_name":"PlateauHeight","param_value_internal":2.116594423747401,"distribution":"{\"name\": \"FloatDistribution\", \"attributes\": {\"step\": null, \"low\": 2.0, \"high\": 4.0, \"log\": false}}"}
{"op_code":6,"worker_id":"2c502218-be46-491f-a292-69ceb9017558-140417704054912","trial_id":89,"state":1,"values":[-Infinity,-Infinity],"datetime_complete":"2026-06-05T15:13:48.842788"}
{"op_code":9,"worker_id":"5f9648e7-2ed2-457b-9a75-cb373948b6e9-140695596318848","trial_id":93,"system_attr":{"nsga2:generation":1}}
{"op_code":5,"worker_id":"5f9648e7-2ed2-457b-9a75-cb373948b6e9-140695596318848","trial_id":93,"param_name":"JointSlopeAngle","param_value_internal":0.5108543382116363,"distribution":"{\"name\": \"FloatDistribution\", \"attributes\": {\"step\": null, \"low\": 0.17453292519943295, \"high\": 1.0471975511965976, \"log\": false}}"}
{"op_code":4,"worker_id":"2c502218-be46-491f-a292-69ceb9017558-140417704054912","study_id":0,"datetime_start":"2026-06-05T15:13:48.855045"}
{"op_code":5,"worker_id":"5f9648e7-2ed2-457b-9a75-cb373948b6e9-140695596318848","trial_id":93,"param_name":"OuterRadius","param_value_internal":14.795419102419736,"distribution":"{\"name\": \"FloatDistribution\", \"attributes\": {\"step\": null, \"low\": 8.75, \"high\": 17.75, \"log\": false}}"}
{"op_code":5,"worker_id":"5f9648e7-2ed2-457b-9a75-cb373948b6e9-140695596318848","trial_id":93,"param_name":"JointHeight","param_value_internal":6.196504516091639,"distribution":"{\"name\": \"FloatDistribution\", \"attributes\": {\"step\": null, \"low\": 5.0, \"high\": 8.0, \"log\": false}}"}
{"op_code":9,"worker_id":"2c502218-be46-491f-a292-69ceb9017558-140417704054912","trial_id":94,"system_attr":{"nsga2:generation":1}}
{"op_code":5,"worker_id":"5f9648e7-2ed2-457b-9a75-cb373948b6e9-140695596318848","trial_id":93,"param_name":"CavityCorkThickness","param_value_internal":4.525463781046303,"distribution":"{\"name\": \"FloatDistribution\", \"attributes\": {\"step\": null, \"low\": 2.0, \"high\": 5.0, \"log\": false}}"}
{"op_code":5,"worker_id":"2c502218-be46-491f-a292-69ceb9017558-140417704054912","trial_id":94,"param_name":"JointSlopeAngle","param_value_internal":0.28446358706723884,"distribution":"{\"name\": \"FloatDistribution\", \"attributes\": {\"step\": null, \"low\": 0.17453292519943295, \"high\": 1.0471975511965976, \"log\": false}}"}
{"op_code":5,"worker_id":"5f9648e7-2ed2-457b-9a75-cb373948b6e9-140695596318848","trial_id":93,"param_name":"BellowHeight","param_value_internal":7.929123719134067,"distribution":"{\"name\": \"FloatDistribution\", \"attributes\": {\"step\": null, \"low\": 6.0, \"high\": 10.0, \"log\": false}}"}
{"op_code":5,"worker_id":"2c502218-be46-491f-a292-69ceb9017558-140417704054912","trial_id":94,"param_name":"OuterRadius","param_value_internal":13.73137764191626,"distribution":"{\"name\": \"FloatDistribution\", \"attributes\": {\"step\": null, \"low\": 8.75, \"high\": 17.75, \"log\": false}}"}
{"op_code":5,"worker_id":"5f9648e7-2ed2-457b-9a75-cb373948b6e9-140695596318848","trial_id":93,"param_name":"WallThickness","param_value_internal":2.5875608263954835,"distribution":"{\"name\": \"FloatDistribution\", \"attributes\": {\"step\": null, \"low\": 2.0, \"high\": 4.0, \"log\": false}}"}
{"op_code":5,"worker_id":"2c502218-be46-491f-a292-69ceb9017558-140417704054912","trial_id":94,"param_name":"JointHeight","param_value_internal":6.611261817407511,"distribution":"{\"name\": \"FloatDistribution\", \"attributes\": {\"step\": null, \"low\": 5.0, \"high\": 8.0, \"log\": false}}"}
{"op_code":5,"worker_id":"5f9648e7-2ed2-457b-9a75-cb373948b6e9-140695596318848","trial_id":93,"param_name":"PlateauHeight","param_value_internal":3.185348712741326,"distribution":"{\"name\": \"FloatDistribution\", \"attributes\": {\"step\": null, \"low\": 2.0, \"high\": 4.0, \"log\": false}}"}
{"op_code":5,"worker_id":"2c502218-be46-491f-a292-69ceb9017558-140417704054912","trial_id":94,"param_name":"CavityCorkThickness","param_value_internal":2.9927071860778685,"distribution":"{\"name\": \"FloatDistribution\", \"attributes\": {\"step\": null, \"low\": 2.0, \"high\": 5.0, \"log\": false}}"}
{"op_code":5,"worker_id":"2c502218-be46-491f-a292-69ceb9017558-140417704054912","trial_id":94,"param_name":"BellowHeight","param_value_internal":9.627434208500713,"distribution":"{\"name\": \"FloatDistribution\", \"attributes\": {\"step\": null, \"low\": 6.0, \"high\": 10.0, \"log\": false}}"}
{"op_code":5,"worker_id":"2c502218-be46-491f-a292-69ceb9017558-140417704054912","trial_id":94,"param_name":"WallThickness","param_value_internal":3.564179780196265,"distribution":"{\"name\": \"FloatDistribution\", \"attributes\": {\"step\": null, \"low\": 2.0, \"high\": 4.0, \"log\": false}}"}
{"op_code":5,"worker_id":"2c502218-be46-491f-a292-69ceb9017558-140417704054912","trial_id":94,"param_name":"PlateauHeight","param_value_internal":2.716712907808985,"distribution":"{\"name\": \"FloatDistribution\", \"attributes\": {\"step\": null, \"low\": 2.0, \"high\": 4.0, \"log\": false}}"}
{"op_code":6,"worker_id":"e96240ff-7283-4543-92d6-0e081eb83283-140399408197760","trial_id":91,"state":1,"values":[-Infinity,-Infinity],"datetime_complete":"2026-06-05T15:13:48.984545"}
{"op_code":4,"worker_id":"e96240ff-7283-4543-92d6-0e081eb83283-140399408197760","study_id":0,"datetime_start":"2026-06-05T15:13:48.995567"}
{"op_code":9,"worker_id":"e96240ff-7283-4543-92d6-0e081eb83283-140399408197760","trial_id":95,"system_attr":{"nsga2:generation":1}}
{"op_code":5,"worker_id":"e96240ff-7283-4543-92d6-0e081eb83283-140399408197760","trial_id":95,"param_name":"JointSlopeAngle","param_value_internal":0.2318566440034055,"distribution":"{\"name\": \"FloatDistribution\", \"attributes\": {\"step\": null, \"low\": 0.17453292519943295, \"high\": 1.0471975511965976, \"log\": false}}"}
{"op_code":5,"worker_id":"e96240ff-7283-4543-92d6-0e081eb83283-140399408197760","trial_id":95,"param_name":"OuterRadius","param_value_internal":14.795419102419736,"distribution":"{\"name\": \"FloatDistribution\", \"attributes\": {\"step\": null, \"low\": 8.75, \"high\": 17.75, \"log\": false}}"}
{"op_code":5,"worker_id":"e96240ff-7283-4543-92d6-0e081eb83283-140399408197760","trial_id":95,"param_name":"JointHeight","param_value_internal":6.196504516091639,"distribution":"{\"name\": \"FloatDistribution\", \"attributes\": {\"step\": null, \"low\": 5.0, \"high\": 8.0, \"log\": false}}"}
{"op_code":5,"worker_id":"e96240ff-7283-4543-92d6-0e081eb83283-140399408197760","trial_id":95,"param_name":"CavityCorkThickness","param_value_internal":4.525463781046303,"distribution":"{\"name\": \"FloatDistribution\", \"attributes\": {\"step\": null, \"low\": 2.0, \"high\": 5.0, \"log\": false}}"}
{"op_code":5,"worker_id":"e96240ff-7283-4543-92d6-0e081eb83283-140399408197760","trial_id":95,"param_name":"BellowHeight","param_value_internal":6.998558436098011,"distribution":"{\"name\": \"FloatDistribution\", \"attributes\": {\"step\": null, \"low\": 6.0, \"high\": 10.0, \"log\": false}}"}
{"op_code":5,"worker_id":"e96240ff-7283-4543-92d6-0e081eb83283-140399408197760","trial_id":95,"param_name":"WallThickness","param_value_internal":2.9211885257167687,"distribution":"{\"name\": \"FloatDistribution\", \"attributes\": {\"step\": null, \"low\": 2.0, \"high\": 4.0, \"log\": false}}"}
{"op_code":5,"worker_id":"e96240ff-7283-4543-92d6-0e081eb83283-140399408197760","trial_id":95,"param_name":"PlateauHeight","param_value_internal":2.0478116378882594,"distribution":"{\"name\": \"FloatDistribution\", \"attributes\": {\"step\": null, \"low\": 2.0, \"high\": 4.0, \"log\": false}}"}
{"op_code":6,"worker_id":"7ec27c0f-c20e-4361-843d-8eaa3d5568f6-139729260765312","trial_id":92,"state":1,"values":[-Infinity,-Infinity],"datetime_complete":"2026-06-05T15:13:50.563511"}
{"op_code":4,"worker_id":"7ec27c0f-c20e-4361-843d-8eaa3d5568f6-139729260765312","study_id":0,"datetime_start":"2026-06-05T15:13:50.574109"}
{"op_code":9,"worker_id":"7ec27c0f-c20e-4361-843d-8eaa3d5568f6-139729260765312","trial_id":96,"system_attr":{"nsga2:generation":1}}
{"op_code":5,"worker_id":"7ec27c0f-c20e-4361-843d-8eaa3d5568f6-139729260765312","trial_id":96,"param_name":"JointSlopeAngle","param_value_internal":0.6873758258245394,"distribution":"{\"name\": \"FloatDistribution\", \"attributes\": {\"step\": null, \"low\": 0.17453292519943295, \"high\": 1.0471975511965976, \"log\": false}}"}
{"op_code":5,"worker_id":"7ec27c0f-c20e-4361-843d-8eaa3d5568f6-139729260765312","trial_id":96,"param_name":"OuterRadius","param_value_internal":9.811051703620382,"distribution":"{\"name\": \"FloatDistribution\", \"attributes\": {\"step\": null, \"low\": 8.75, \"high\": 17.75, \"log\": false}}"}
{"op_code":5,"worker_id":"7ec27c0f-c20e-4361-843d-8eaa3d5568f6-139729260765312","trial_id":96,"param_name":"JointHeight","param_value_internal":7.4477112366132125,"distribution":"{\"name\": \"FloatDistribution\", \"attributes\": {\"step\": null, \"low\": 5.0, \"high\": 8.0, \"log\": false}}"}
{"op_code":5,"worker_id":"7ec27c0f-c20e-4361-843d-8eaa3d5568f6-139729260765312","trial_id":96,"param_name":"CavityCorkThickness","param_value_internal":2.404074833241268,"distribution":"{\"name\": \"FloatDistribution\", \"attributes\": {\"step\": null, \"low\": 2.0, \"high\": 5.0, \"log\": false}}"}
{"op_code":5,"worker_id":"7ec27c0f-c20e-4361-843d-8eaa3d5568f6-139729260765312","trial_id":96,"param_name":"BellowHeight","param_value_internal":8.614900007921063,"distribution":"{\"name\": \"FloatDistribution\", \"attributes\": {\"step\": null, \"low\": 6.0, \"high\": 10.0, \"log\": false}}"}
{"op_code":5,"worker_id":"7ec27c0f-c20e-4361-843d-8eaa3d5568f6-139729260765312","trial_id":96,"param_name":"WallThickness","param_value_internal":2.711287072792023,"distribution":"{\"name\": \"FloatDistribution\", \"attributes\": {\"step\": null, \"low\": 2.0, \"high\": 4.0, \"log\": false}}"}
{"op_code":6,"worker_id":"5f9648e7-2ed2-457b-9a75-cb373948b6e9-140695596318848","trial_id":93,"state":1,"values":[-Infinity,-Infinity],"datetime_complete":"2026-06-05T15:13:50.622612"}
{"op_code":5,"worker_id":"7ec27c0f-c20e-4361-843d-8eaa3d5568f6-139729260765312","trial_id":96,"param_name":"PlateauHeight","param_value_internal":2.7280837699164326,"distribution":"{\"name\": \"FloatDistribution\", \"attributes\": {\"step\": null, \"low\": 2.0, \"high\": 4.0, \"log\": false}}"}
{"op_code":4,"worker_id":"5f9648e7-2ed2-457b-9a75-cb373948b6e9-140695596318848","study_id":0,"datetime_start":"2026-06-05T15:13:50.635879"}
{"op_code":9,"worker_id":"5f9648e7-2ed2-457b-9a75-cb373948b6e9-140695596318848","trial_id":97,"system_attr":{"nsga2:generation":1}}
{"op_code":5,"worker_id":"5f9648e7-2ed2-457b-9a75-cb373948b6e9-140695596318848","trial_id":97,"param_name":"JointSlopeAngle","param_value_internal":0.30014703367839113,"distribution":"{\"name\": \"FloatDistribution\", \"attributes\": {\"step\": null, \"low\": 0.17453292519943295, \"high\": 1.0471975511965976, \"log\": false}}"}
{"op_code":5,"worker_id":"5f9648e7-2ed2-457b-9a75-cb373948b6e9-140695596318848","trial_id":97,"param_name":"OuterRadius","param_value_internal":14.795419102419736,"distribution":"{\"name\": \"FloatDistribution\", \"attributes\": {\"step\": null, \"low\": 8.75, \"high\": 17.75, \"log\": false}}"}
{"op_code":6,"worker_id":"2c502218-be46-491f-a292-69ceb9017558-140417704054912","trial_id":94,"state":1,"values":[-Infinity,-Infinity],"datetime_complete":"2026-06-05T15:13:50.658198"}
{"op_code":5,"worker_id":"5f9648e7-2ed2-457b-9a75-cb373948b6e9-140695596318848","trial_id":97,"param_name":"JointHeight","param_value_internal":5.698652026735,"distribution":"{\"name\": \"FloatDistribution\", \"attributes\": {\"step\": null, \"low\": 5.0, \"high\": 8.0, \"log\": false}}"}
{"op_code":5,"worker_id":"5f9648e7-2ed2-457b-9a75-cb373948b6e9-140695596318848","trial_id":97,"param_name":"CavityCorkThickness","param_value_internal":2.1897009010916415,"distribution":"{\"name\": \"FloatDistribution\", \"attributes\": {\"step\": null, \"low\": 2.0, \"high\": 5.0, \"log\": false}}"}
{"op_code":4,"worker_id":"2c502218-be46-491f-a292-69ceb9017558-140417704054912","study_id":0,"datetime_start":"2026-06-05T15:13:50.674685"}
{"op_code":5,"worker_id":"5f9648e7-2ed2-457b-9a75-cb373948b6e9-140695596318848","trial_id":97,"param_name":"BellowHeight","param_value_internal":6.998558436098011,"distribution":"{\"name\": \"FloatDistribution\", \"attributes\": {\"step\": null, \"low\": 6.0, \"high\": 10.0, \"log\": false}}"}
{"op_code":5,"worker_id":"5f9648e7-2ed2-457b-9a75-cb373948b6e9-140695596318848","trial_id":97,"param_name":"WallThickness","param_value_internal":3.7377944454498726,"distribution":"{\"name\": \"FloatDistribution\", \"attributes\": {\"step\": null, \"low\": 2.0, \"high\": 4.0, \"log\": false}}"}
{"op_code":9,"worker_id":"2c502218-be46-491f-a292-69ceb9017558-140417704054912","trial_id":98,"system_attr":{"nsga2:generation":1}}
{"op_code":5,"worker_id":"5f9648e7-2ed2-457b-9a75-cb373948b6e9-140695596318848","trial_id":97,"param_name":"PlateauHeight","param_value_internal":3.185348712741326,"distribution":"{\"name\": \"FloatDistribution\", \"attributes\": {\"step\": null, \"low\": 2.0, \"high\": 4.0, \"log\": false}}"}
{"op_code":5,"worker_id":"2c502218-be46-491f-a292-69ceb9017558-140417704054912","trial_id":98,"param_name":"JointSlopeAngle","param_value_internal":0.6864795531920312,"distribution":"{\"name\": \"FloatDistribution\", \"attributes\": {\"step\": null, \"low\": 0.17453292519943295, \"high\": 1.0471975511965976, \"log\": false}}"}
{"op_code":5,"worker_id":"2c502218-be46-491f-a292-69ceb9017558-140417704054912","trial_id":98,"param_name":"OuterRadius","param_value_internal":16.10286103991914,"distribution":"{\"name\": \"FloatDistribution\", \"attributes\": {\"step\": null, \"low\": 8.75, \"high\": 17.75, \"log\": false}}"}
{"op_code":5,"worker_id":"2c502218-be46-491f-a292-69ceb9017558-140417704054912","trial_id":98,"param_name":"JointHeight","param_value_internal":5.268560803617438,"distribution":"{\"name\": \"FloatDistribution\", \"attributes\": {\"step\": null, \"low\": 5.0, \"high\": 8.0, \"log\": false}}"}
{"op_code":5,"worker_id":"2c502218-be46-491f-a292-69ceb9017558-140417704054912","trial_id":98,"param_name":"CavityCorkThickness","param_value_internal":3.5657220554076976,"distribution":"{\"name\": \"FloatDistribution\", \"attributes\": {\"step\": null, \"low\": 2.0, \"high\": 5.0, \"log\": false}}"}
{"op_code":5,"worker_id":"2c502218-be46-491f-a292-69ceb9017558-140417704054912","trial_id":98,"param_name":"BellowHeight","param_value_internal":8.989851680583413,"distribution":"{\"name\": \"FloatDistribution\", \"attributes\": {\"step\": null, \"low\": 6.0, \"high\": 10.0, \"log\": false}}"}
{"op_code":5,"worker_id":"2c502218-be46-491f-a292-69ceb9017558-140417704054912","trial_id":98,"param_name":"WallThickness","param_value_internal":2.371179766505664,"distribution":"{\"name\": \"FloatDistribution\", \"attributes\": {\"step\": null, \"low\": 2.0, \"high\": 4.0, \"log\": false}}"}
{"op_code":5,"worker_id":"2c502218-be46-491f-a292-69ceb9017558-140417704054912","trial_id":98,"param_name":"PlateauHeight","param_value_internal":2.6159741320164906,"distribution":"{\"name\": \"FloatDistribution\", \"attributes\": {\"step\": null, \"low\": 2.0, \"high\": 4.0, \"log\": false}}"}
{"op_code":6,"worker_id":"e96240ff-7283-4543-92d6-0e081eb83283-140399408197760","trial_id":95,"state":1,"values":[-Infinity,-Infinity],"datetime_complete":"2026-06-05T15:13:50.759147"}
{"op_code":4,"worker_id":"e96240ff-7283-4543-92d6-0e081eb83283-140399408197760","study_id":0,"datetime_start":"2026-06-05T15:13:50.769335"}
{"op_code":9,"worker_id":"e96240ff-7283-4543-92d6-0e081eb83283-140399408197760","trial_id":99,"system_attr":{"nsga2:generation":1}}
{"op_code":5,"worker_id":"e96240ff-7283-4543-92d6-0e081eb83283-140399408197760","trial_id":99,"param_name":"JointSlopeAngle","param_value_internal":0.27966934832399365,"distribution":"{\"name\": \"FloatDistribution\", \"attributes\": {\"step\": null, \"low\": 0.17453292519943295, \"high\": 1.0471975511965976, \"log\": false}}"}
{"op_code":5,"worker_id":"e96240ff-7283-4543-92d6-0e081eb83283-140399408197760","trial_id":99,"param_name":"OuterRadius","param_value_internal":11.290419532924563,"distribution":"{\"name\": \"FloatDistribution\", \"attributes\": {\"step\": null, \"low\": 8.75, \"high\": 17.75, \"log\": false}}"}
{"op_code":5,"worker_id":"e96240ff-7283-4543-92d6-0e081eb83283-140399408197760","trial_id":99,"param_name":"JointHeight","param_value_internal":6.364483633426756,"distribution":"{\"name\": \"FloatDistribution\", \"attributes\": {\"step\": null, \"low\": 5.0, \"high\": 8.0, \"log\": false}}"}
{"op_code":5,"worker_id":"e96240ff-7283-4543-92d6-0e081eb83283-140399408197760","trial_id":99,"param_name":"CavityCorkThickness","param_value_internal":4.5364907934654175,"distribution":"{\"name\": \"FloatDistribution\", \"attributes\": {\"step\": null, \"low\": 2.0, \"high\": 5.0, \"log\": false}}"}
{"op_code":5,"worker_id":"e96240ff-7283-4543-92d6-0e081eb83283-140399408197760","trial_id":99,"param_name":"BellowHeight","param_value_internal":6.3075108855158515,"distribution":"{\"name\": \"FloatDistribution\", \"attributes\": {\"step\": null, \"low\": 6.0, \"high\": 10.0, \"log\": false}}"}
{"op_code":5,"worker_id":"e96240ff-7283-4543-92d6-0e081eb83283-140399408197760","trial_id":99,"param_name":"WallThickness","param_value_internal":3.4756624169138575,"distribution":"{\"name\": \"FloatDistribution\", \"attributes\": {\"step\": null, \"low\": 2.0, \"high\": 4.0, \"log\": false}}"}
{"op_code":5,"worker_id":"e96240ff-7283-4543-92d6-0e081eb83283-140399408197760","trial_id":99,"param_name":"PlateauHeight","param_value_internal":3.1997161665685523,"distribution":"{\"name\": \"FloatDistribution\", \"attributes\": {\"step\": null, \"low\": 2.0, \"high\": 4.0, \"log\": false}}"}
{"op_code":6,"worker_id":"5f9648e7-2ed2-457b-9a75-cb373948b6e9-140695596318848","trial_id":97,"state":1,"values":[-Infinity,-Infinity],"datetime_complete":"2026-06-05T15:13:52.274944"}
{"op_code":0,"worker_id":"b7c7359f-2ccd-48fa-ae3d-fce5be72f4e6-140695596318848","study_name":"SensorFinger_8_optuna_evolutionary","directions":[2,2]}
{"op_code":0,"worker_id":"b7c7359f-2ccd-48fa-ae3d-fce5be72f4e6-140695596318848","study_name":"SensorFinger_8_optuna_evolutionary","directions":[2,2]}
{"op_code":6,"worker_id":"7ec27c0f-c20e-4361-843d-8eaa3d5568f6-139729260765312","trial_id":96,"state":1,"values":[-Infinity,-Infinity],"datetime_complete":"2026-06-05T15:13:52.335059"}
{"op_code":6,"worker_id":"e96240ff-7283-4543-92d6-0e081eb83283-140399408197760","trial_id":99,"state":1,"values":[-Infinity,-Infinity],"datetime_complete":"2026-06-05T15:13:52.356599"}
{"op_code":0,"worker_id":"b17abb22-d9bb-4cb7-9cc3-2839d78a7092-139729260765312","study_name":"SensorFinger_8_optuna_evolutionary","directions":[2,2]}
{"op_code":0,"worker_id":"b17abb22-d9bb-4cb7-9cc3-2839d78a7092-139729260765312","study_name":"SensorFinger_8_optuna_evolutionary","directions":[2,2]}
{"op_code":0,"worker_id":"953b9b2d-d098-48f5-8bda-bb43ae43aad2-140399408197760","study_name":"SensorFinger_8_optuna_evolutionary","directions":[2,2]}
{"op_code":0,"worker_id":"953b9b2d-d098-48f5-8bda-bb43ae43aad2-140399408197760","study_name":"SensorFinger_8_optuna_evolutionary","directions":[2,2]}
{"op_code":6,"worker_id":"2c502218-be46-491f-a292-69ceb9017558-140417704054912","trial_id":98,"state":1,"values":[-Infinity,-Infinity],"datetime_complete":"2026-06-05T15:13:52.462072"}
{"op_code":0,"worker_id":"2d938910-06ae-4e82-a846-4ad5558cab36-140417704054912","study_name":"SensorFinger_8_optuna_evolutionary","directions":[2,2]}
{"op_code":0,"worker_id":"2d938910-06ae-4e82-a846-4ad5558cab36-140417704054912","study_name":"SensorFinger_8_optuna_evolutionary","directions":[2,2]}
{"op_code":0,"worker_id":"30ed9e08-3932-4259-8b88-2f2bfea0ab24-140695596318848","study_name":"SensorFinger_8_optuna_evolutionary","directions":[2,2]}
{"op_code":0,"worker_id":"30ed9e08-3932-4259-8b88-2f2bfea0ab24-140695596318848","study_name":"SensorFinger_8_optuna_evolutionary","directions":[2,2]}
{"op_code":0,"worker_id":"f0f583c6-289a-415d-8a86-20344dc5ee08-139729260765312","study_name":"SensorFinger_8_optuna_evolutionary","directions":[2,2]}
{"op_code":0,"worker_id":"f0f583c6-289a-415d-8a86-20344dc5ee08-139729260765312","study_name":"SensorFinger_8_optuna_evolutionary","directions":[2,2]}
{"op_code":0,"worker_id":"536f5ec9-bf20-40cc-a574-f5be5be2f2bd-140399408197760","study_name":"SensorFinger_8_optuna_evolutionary","directions":[2,2]}
{"op_code":0,"worker_id":"536f5ec9-bf20-40cc-a574-f5be5be2f2bd-140399408197760","study_name":"SensorFinger_8_optuna_evolutionary","directions":[2,2]}
{"op_code":0,"worker_id":"463ae4b8-8044-4963-a489-f482559a3db9-140417704054912","study_name":"SensorFinger_8_optuna_evolutionary","directions":[2,2]}
{"op_code":0,"worker_id":"463ae4b8-8044-4963-a489-f482559a3db9-140417704054912","study_name":"SensorFinger_8_optuna_evolutionary","directions":[2,2]}
{"op_code":0,"worker_id":"4e460bcd-e743-47c1-945d-59f722bd841d-140387618566272","study_name":"SensorFinger_8_optuna_evolutionary","directions":[2,2]}
{"op_code":0,"worker_id":"08967eb3-cdb1-478d-9d04-703c2d39e42a-140464208658560","study_name":"SensorFinger_8_optuna_evolutionary","directions":[2,2]}
{"op_code":0,"worker_id":"4e460bcd-e743-47c1-945d-59f722bd841d-140387618566272","study_name":"SensorFinger_8_optuna_evolutionary","directions":[2,2]}
{"op_code":0,"worker_id":"08967eb3-cdb1-478d-9d04-703c2d39e42a-140464208658560","study_name":"SensorFinger_8_optuna_evolutionary","directions":[2,2]}
{"op_code":0,"worker_id":"9d8907ab-2f28-4a62-bfc0-37c55e738fb8-140010826334336","study_name":"SensorFinger_8_optuna_evolutionary","directions":[2,2]}
{"op_code":0,"worker_id":"9d8907ab-2f28-4a62-bfc0-37c55e738fb8-140010826334336","study_name":"SensorFinger_8_optuna_evolutionary","directions":[2,2]}
{"op_code":4,"worker_id":"08967eb3-cdb1-478d-9d04-703c2d39e42a-140464208658560","study_id":0,"datetime_start":"2026-06-05T15:14:23.345217"}
{"op_code":0,"worker_id":"9386abc5-3e2e-4369-a995-ee5e51a6709e-140609308393600","study_name":"SensorFinger_8_optuna_evolutionary","directions":[2,2]}
{"op_code":0,"worker_id":"9386abc5-3e2e-4369-a995-ee5e51a6709e-140609308393600","study_name":"SensorFinger_8_optuna_evolutionary","directions":[2,2]}
{"op_code":4,"worker_id":"9d8907ab-2f28-4a62-bfc0-37c55e738fb8-140010826334336","study_id":0,"datetime_start":"2026-06-05T15:14:23.358318"}
{"op_code":9,"worker_id":"08967eb3-cdb1-478d-9d04-703c2d39e42a-140464208658560","trial_id":100,"system_attr":{"nsga2:generation":1}}
{"op_code":4,"worker_id":"9386abc5-3e2e-4369-a995-ee5e51a6709e-140609308393600","study_id":0,"datetime_start":"2026-06-05T15:14:23.372308"}
{"op_code":5,"worker_id":"08967eb3-cdb1-478d-9d04-703c2d39e42a-140464208658560","trial_id":100,"param_name":"JointSlopeAngle","param_value_internal":0.5589399369972831,"distribution":"{\"name\": \"FloatDistribution\", \"attributes\": {\"step\": null, \"low\": 0.17453292519943295, \"high\": 1.0471975511965976, \"log\": false}}"}
{"op_code":9,"worker_id":"9d8907ab-2f28-4a62-bfc0-37c55e738fb8-140010826334336","trial_id":101,"system_attr":{"nsga2:generation":1}}
{"op_code":5,"worker_id":"08967eb3-cdb1-478d-9d04-703c2d39e42a-140464208658560","trial_id":100,"param_name":"OuterRadius","param_value_internal":13.341584063296011,"distribution":"{\"name\": \"FloatDistribution\", \"attributes\": {\"step\": null, \"low\": 8.75, \"high\": 17.75, \"log\": false}}"}
{"op_code":5,"worker_id":"9d8907ab-2f28-4a62-bfc0-37c55e738fb8-140010826334336","trial_id":101,"param_name":"JointSlopeAngle","param_value_internal":1.032347779810134,"distribution":"{\"name\": \"FloatDistribution\", \"attributes\": {\"step\": null, \"low\": 0.17453292519943295, \"high\": 1.0471975511965976, \"log\": false}}"}
{"op_code":5,"worker_id":"08967eb3-cdb1-478d-9d04-703c2d39e42a-140464208658560","trial_id":100,"param_name":"JointHeight","param_value_internal":6.65804366970036,"distribution":"{\"name\": \"FloatDistribution\", \"attributes\": {\"step\": null, \"low\": 5.0, \"high\": 8.0, \"log\": false}}"}
{"op_code":5,"worker_id":"9d8907ab-2f28-4a62-bfc0-37c55e738fb8-140010826334336","trial_id":101,"param_name":"OuterRadius","param_value_internal":10.758767739017896,"distribution":"{\"name\": \"FloatDistribution\", \"attributes\": {\"step\": null, \"low\": 8.75, \"high\": 17.75, \"log\": false}}"}
{"op_code":5,"worker_id":"08967eb3-cdb1-478d-9d04-703c2d39e42a-140464208658560","trial_id":100,"param_name":"CavityCorkThickness","param_value_internal":2.0329359757974044,"distribution":"{\"name\": \"FloatDistribution\", \"attributes\": {\"step\": null, \"low\": 2.0, \"high\": 5.0, \"log\": false}}"}
{"op_code":5,"worker_id":"9d8907ab-2f28-4a62-bfc0-37c55e738fb8-140010826334336","trial_id":101,"param_name":"JointHeight","param_value_internal":5.753408120916782,"distribution":"{\"name\": \"FloatDistribution\", \"attributes\": {\"step\": null, \"low\": 5.0, \"high\": 8.0, \"log\": false}}"}
{"op_code":5,"worker_id":"08967eb3-cdb1-478d-9d04-703c2d39e42a-140464208658560","trial_id":100,"param_name":"BellowHeight","param_value_internal":6.269352271189634,"distribution":"{\"name\": \"FloatDistribution\", \"attributes\": {\"step\": null, \"low\": 6.0, \"high\": 10.0, \"log\": false}}"}
{"op_code":5,"worker_id":"9d8907ab-2f28-4a62-bfc0-37c55e738fb8-140010826334336","trial_id":101,"param_name":"CavityCorkThickness","param_value_internal":4.2853808228343295,"distribution":"{\"name\": \"FloatDistribution\", \"attributes\": {\"step\": null, \"low\": 2.0, \"high\": 5.0, \"log\": false}}"}
{"op_code":5,"worker_id":"08967eb3-cdb1-478d-9d04-703c2d39e42a-140464208658560","trial_id":100,"param_name":"WallThickness","param_value_internal":2.2192253489083438,"distribution":"{\"name\": \"FloatDistribution\", \"attributes\": {\"step\": null, \"low\": 2.0, \"high\": 4.0, \"log\": false}}"}
{"op_code":5,"worker_id":"9d8907ab-2f28-4a62-bfc0-37c55e738fb8-140010826334336","trial_id":101,"param_name":"BellowHeight","param_value_internal":8.752893165727347,"distribution":"{\"name\": \"FloatDistribution\", \"attributes\": {\"step\": null, \"low\": 6.0, \"high\": 10.0, \"log\": false}}"}
{"op_code":5,"worker_id":"08967eb3-cdb1-478d-9d04-703c2d39e42a-140464208658560","trial_id":100,"param_name":"PlateauHeight","param_value_internal":2.607342229952792,"distribution":"{\"name\": \"FloatDistribution\", \"attributes\": {\"step\": null, \"low\": 2.0, \"high\": 4.0, \"log\": false}}"}
{"op_code":5,"worker_id":"9d8907ab-2f28-4a62-bfc0-37c55e738fb8-140010826334336","trial_id":101,"param_name":"WallThickness","param_value_internal":2.820654484067787,"distribution":"{\"name\": \"FloatDistribution\", \"attributes\": {\"step\": null, \"low\": 2.0, \"high\": 4.0, \"log\": false}}"}
{"op_code":5,"worker_id":"9d8907ab-2f28-4a62-bfc0-37c55e738fb8-140010826334336","trial_id":101,"param_name":"PlateauHeight","param_value_internal":2.1855622036119424,"distribution":"{\"name\": \"FloatDistribution\", \"attributes\": {\"step\": null, \"low\": 2.0, \"high\": 4.0, \"log\": false}}"}
{"op_code":9,"worker_id":"9386abc5-3e2e-4369-a995-ee5e51a6709e-140609308393600","trial_id":102,"system_attr":{"nsga2:generation":1}}
{"op_code":5,"worker_id":"9386abc5-3e2e-4369-a995-ee5e51a6709e-140609308393600","trial_id":102,"param_name":"JointSlopeAngle","param_value_internal":0.6641895571548798,"distribution":"{\"name\": \"FloatDistribution\", \"attributes\": {\"step\": null, \"low\": 0.17453292519943295, \"high\": 1.0471975511965976, \"log\": false}}"}
{"op_code":5,"worker_id":"9386abc5-3e2e-4369-a995-ee5e51a6709e-140609308393600","trial_id":102,"param_name":"OuterRadius","param_value_internal":13.748363561527363,"distribution":"{\"name\": \"FloatDistribution\", \"attributes\": {\"step\": null, \"low\": 8.75, \"high\": 17.75, \"log\": false}}"}
{"op_code":4,"worker_id":"4e460bcd-e743-47c1-945d-59f722bd841d-140387618566272","study_id":0,"datetime_start":"2026-06-05T15:14:23.340227"}
{"op_code":5,"worker_id":"9386abc5-3e2e-4369-a995-ee5e51a6709e-140609308393600","trial_id":102,"param_name":"JointHeight","param_value_internal":6.154956373993097,"distribution":"{\"name\": \"FloatDistribution\", \"attributes\": {\"step\": null, \"low\": 5.0, \"high\": 8.0, \"log\": false}}"}
{"op_code":5,"worker_id":"9386abc5-3e2e-4369-a995-ee5e51a6709e-140609308393600","trial_id":102,"param_name":"CavityCorkThickness","param_value_internal":4.198658128142267,"distribution":"{\"name\": \"FloatDistribution\", \"attributes\": {\"step\": null, \"low\": 2.0, \"high\": 5.0, \"log\": false}}"}
{"op_code":9,"worker_id":"4e460bcd-e743-47c1-945d-59f722bd841d-140387618566272","trial_id":103,"system_attr":{"nsga2:generation":1}}
{"op_code":5,"worker_id":"9386abc5-3e2e-4369-a995-ee5e51a6709e-140609308393600","trial_id":102,"param_name":"BellowHeight","param_value_internal":6.68192879228146,"distribution":"{\"name\": \"FloatDistribution\", \"attributes\": {\"step\": null, \"low\": 6.0, \"high\": 10.0, \"log\": false}}"}
{"op_code":5,"worker_id":"4e460bcd-e743-47c1-945d-59f722bd841d-140387618566272","trial_id":103,"param_name":"JointSlopeAngle","param_value_internal":0.7304904668260271,"distribution":"{\"name\": \"FloatDistribution\", \"attributes\": {\"step\": null, \"low\": 0.17453292519943295, \"high\": 1.0471975511965976, \"log\": false}}"}
{"op_code":5,"worker_id":"9386abc5-3e2e-4369-a995-ee5e51a6709e-140609308393600","trial_id":102,"param_name":"WallThickness","param_value_internal":2.6633446736069226,"distribution":"{\"name\": \"FloatDistribution\", \"attributes\": {\"step\": null, \"low\": 2.0, \"high\": 4.0, \"log\": false}}"}
{"op_code":5,"worker_id":"4e460bcd-e743-47c1-945d-59f722bd841d-140387618566272","trial_id":103,"param_name":"OuterRadius","param_value_internal":11.519061681102832,"distribution":"{\"name\": \"FloatDistribution\", \"attributes\": {\"step\": null, \"low\": 8.75, \"high\": 17.75, \"log\": false}}"}
{"op_code":5,"worker_id":"9386abc5-3e2e-4369-a995-ee5e51a6709e-140609308393600","trial_id":102,"param_name":"PlateauHeight","param_value_internal":2.3529934180752807,"distribution":"{\"name\": \"FloatDistribution\", \"attributes\": {\"step\": null, \"low\": 2.0, \"high\": 4.0, \"log\": false}}"}
{"op_code":5,"worker_id":"4e460bcd-e743-47c1-945d-59f722bd841d-140387618566272","trial_id":103,"param_name":"JointHeight","param_value_internal":5.530311793551256,"distribution":"{\"name\": \"FloatDistribution\", \"attributes\": {\"step\": null, \"low\": 5.0, \"high\": 8.0, \"log\": false}}"}
{"op_code":5,"worker_id":"4e460bcd-e743-47c1-945d-59f722bd841d-140387618566272","trial_id":103,"param_name":"CavityCorkThickness","param_value_internal":4.029503135121743,"distribution":"{\"name\": \"FloatDistribution\", \"attributes\": {\"step\": null, \"low\": 2.0, \"high\": 5.0, \"log\": false}}"}
{"op_code":5,"worker_id":"4e460bcd-e743-47c1-945d-59f722bd841d-140387618566272","trial_id":103,"param_name":"BellowHeight","param_value_internal":6.898341865808161,"distribution":"{\"name\": \"FloatDistribution\", \"attributes\": {\"step\": null, \"low\": 6.0, \"high\": 10.0, \"log\": false}}"}
{"op_code":5,"worker_id":"4e460bcd-e743-47c1-945d-59f722bd841d-140387618566272","trial_id":103,"param_name":"WallThickness","param_value_internal":3.642900933273558,"distribution":"{\"name\": \"FloatDistribution\", \"attributes\": {\"step\": null, \"low\": 2.0, \"high\": 4.0, \"log\": false}}"}
{"op_code":5,"worker_id":"4e460bcd-e743-47c1-945d-59f722bd841d-140387618566272","trial_id":103,"param_name":"PlateauHeight","param_value_internal":2.115980969857897,"distribution":"{\"name\": \"FloatDistribution\", \"attributes\": {\"step\": null, \"low\": 2.0, \"high\": 4.0, \"log\": false}}"}
{"op_code":0,"worker_id":"747cb986-8c00-4417-ac56-b822bbb7699a-140174220030080","study_name":"SensorFinger_8_optuna_evolutionary","directions":[2,2]}
{"op_code":0,"worker_id":"747cb986-8c00-4417-ac56-b822bbb7699a-140174220030080","study_name":"SensorFinger_8_optuna_evolutionary","directions":[2,2]}
{"op_code":4,"worker_id":"747cb986-8c00-4417-ac56-b822bbb7699a-140174220030080","study_id":0,"datetime_start":"2026-06-05T15:14:23.858146"}
{"op_code":9,"worker_id":"747cb986-8c00-4417-ac56-b822bbb7699a-140174220030080","trial_id":104,"system_attr":{"nsga2:generation":1}}
{"op_code":5,"worker_id":"747cb986-8c00-4417-ac56-b822bbb7699a-140174220030080","trial_id":104,"param_name":"JointSlopeAngle","param_value_internal":0.9097705452513125,"distribution":"{\"name\": \"FloatDistribution\", \"attributes\": {\"step\": null, \"low\": 0.17453292519943295, \"high\": 1.0471975511965976, \"log\": false}}"}
{"op_code":5,"worker_id":"747cb986-8c00-4417-ac56-b822bbb7699a-140174220030080","trial_id":104,"param_name":"OuterRadius","param_value_internal":10.547932809372597,"distribution":"{\"name\": \"FloatDistribution\", \"attributes\": {\"step\": null, \"low\": 8.75, \"high\": 17.75, \"log\": false}}"}
{"op_code":5,"worker_id":"747cb986-8c00-4417-ac56-b822bbb7699a-140174220030080","trial_id":104,"param_name":"JointHeight","param_value_internal":5.30342986185514,"distribution":"{\"name\": \"FloatDistribution\", \"attributes\": {\"step\": null, \"low\": 5.0, \"high\": 8.0, \"log\": false}}"}
{"op_code":5,"worker_id":"747cb986-8c00-4417-ac56-b822bbb7699a-140174220030080","trial_id":104,"param_name":"CavityCorkThickness","param_value_internal":2.446227322225355,"distribution":"{\"name\": \"FloatDistribution\", \"attributes\": {\"step\": null, \"low\": 2.0, \"high\": 5.0, \"log\": false}}"}
{"op_code":5,"worker_id":"747cb986-8c00-4417-ac56-b822bbb7699a-140174220030080","trial_id":104,"param_name":"BellowHeight","param_value_internal":6.34045111637335,"distribution":"{\"name\": \"FloatDistribution\", \"attributes\": {\"step\": null, \"low\": 6.0, \"high\": 10.0, \"log\": false}}"}
{"op_code":5,"worker_id":"747cb986-8c00-4417-ac56-b822bbb7699a-140174220030080","trial_id":104,"param_name":"WallThickness","param_value_internal":3.0479555185418232,"distribution":"{\"name\": \"FloatDistribution\", \"attributes\": {\"step\": null, \"low\": 2.0, \"high\": 4.0, \"log\": false}}"}
{"op_code":5,"worker_id":"747cb986-8c00-4417-ac56-b822bbb7699a-140174220030080","trial_id":104,"param_name":"PlateauHeight","param_value_internal":3.0370701914703186,"distribution":"{\"name\": \"FloatDistribution\", \"attributes\": {\"step\": null, \"low\": 2.0, \"high\": 4.0, \"log\": false}}"}
{"op_code":6,"worker_id":"08967eb3-cdb1-478d-9d04-703c2d39e42a-140464208658560","trial_id":100,"state":1,"values":[-Infinity,-Infinity],"datetime_complete":"2026-06-05T15:14:24.719071"}
{"op_code":6,"worker_id":"9d8907ab-2f28-4a62-bfc0-37c55e738fb8-140010826334336","trial_id":101,"state":1,"values":[-Infinity,-Infinity],"datetime_complete":"2026-06-05T15:14:24.720518"}
{"op_code":4,"worker_id":"08967eb3-cdb1-478d-9d04-703c2d39e42a-140464208658560","study_id":0,"datetime_start":"2026-06-05T15:14:24.730561"}
{"op_code":4,"worker_id":"9d8907ab-2f28-4a62-bfc0-37c55e738fb8-140010826334336","study_id":0,"datetime_start":"2026-06-05T15:14:24.735034"}
{"op_code":9,"worker_id":"08967eb3-cdb1-478d-9d04-703c2d39e42a-140464208658560","trial_id":105,"system_attr":{"nsga2:generation":1}}
{"op_code":9,"worker_id":"9d8907ab-2f28-4a62-bfc0-37c55e738fb8-140010826334336","trial_id":106,"system_attr":{"nsga2:generation":1}}
{"op_code":5,"worker_id":"08967eb3-cdb1-478d-9d04-703c2d39e42a-140464208658560","trial_id":105,"param_name":"JointSlopeAngle","param_value_internal":0.27966934832399365,"distribution":"{\"name\": \"FloatDistribution\", \"attributes\": {\"step\": null, \"low\": 0.17453292519943295, \"high\": 1.0471975511965976, \"log\": false}}"}
{"op_code":5,"worker_id":"9d8907ab-2f28-4a62-bfc0-37c55e738fb8-140010826334336","trial_id":106,"param_name":"JointSlopeAngle","param_value_internal":0.5665680002636885,"distribution":"{\"name\": \"FloatDistribution\", \"attributes\": {\"step\": null, \"low\": 0.17453292519943295, \"high\": 1.0471975511965976, \"log\": false}}"}
{"op_code":5,"worker_id":"08967eb3-cdb1-478d-9d04-703c2d39e42a-140464208658560","trial_id":105,"param_name":"OuterRadius","param_value_internal":11.610094326668714,"distribution":"{\"name\": \"FloatDistribution\", \"attributes\": {\"step\": null, \"low\": 8.75, \"high\": 17.75, \"log\": false}}"}
{"op_code":5,"worker_id":"9d8907ab-2f28-4a62-bfc0-37c55e738fb8-140010826334336","trial_id":106,"param_name":"OuterRadius","param_value_internal":12.77181766949024,"distribution":"{\"name\": \"FloatDistribution\", \"attributes\": {\"step\": null, \"low\": 8.75, \"high\": 17.75, \"log\": false}}"}
{"op_code":5,"worker_id":"08967eb3-cdb1-478d-9d04-703c2d39e42a-140464208658560","trial_id":105,"param_name":"JointHeight","param_value_internal":5.30342986185514,"distribution":"{\"name\": \"FloatDistribution\", \"attributes\": {\"step\": null, \"low\": 5.0, \"high\": 8.0, \"log\": false}}"}
{"op_code":5,"worker_id":"9d8907ab-2f28-4a62-bfc0-37c55e738fb8-140010826334336","trial_id":106,"param_name":"JointHeight","param_value_internal":6.056596632127291,"distribution":"{\"name\": \"FloatDistribution\", \"attributes\": {\"step\": null, \"low\": 5.0, \"high\": 8.0, \"log\": false}}"}
{"op_code":5,"worker_id":"08967eb3-cdb1-478d-9d04-703c2d39e42a-140464208658560","trial_id":105,"param_name":"CavityCorkThickness","param_value_internal":2.446227322225355,"distribution":"{\"name\": \"FloatDistribution\", \"attributes\": {\"step\": null, \"low\": 2.0, \"high\": 5.0, \"log\": false}}"}
{"op_code":5,"worker_id":"9d8907ab-2f28-4a62-bfc0-37c55e738fb8-140010826334336","trial_id":106,"param_name":"CavityCorkThickness","param_value_internal":4.7239517601038425,"distribution":"{\"name\": \"FloatDistribution\", \"attributes\": {\"step\": null, \"low\": 2.0, \"high\": 5.0, \"log\": false}}"}
{"op_code":6,"worker_id":"9386abc5-3e2e-4369-a995-ee5e51a6709e-140609308393600","trial_id":102,"state":1,"values":[-Infinity,-Infinity],"datetime_complete":"2026-06-05T15:14:24.784679"}
{"op_code":5,"worker_id":"9d8907ab-2f28-4a62-bfc0-37c55e738fb8-140010826334336","trial_id":106,"param_name":"BellowHeight","param_value_internal":9.809834919255444,"distribution":"{\"name\": \"FloatDistribution\", \"attributes\": {\"step\": null, \"low\": 6.0, \"high\": 10.0, \"log\": false}}"}
{"op_code":6,"worker_id":"4e460bcd-e743-47c1-945d-59f722bd841d-140387618566272","trial_id":103,"state":1,"values":[-Infinity,-Infinity],"datetime_complete":"2026-06-05T15:14:24.791935"}
{"op_code":5,"worker_id":"08967eb3-cdb1-478d-9d04-703c2d39e42a-140464208658560","trial_id":105,"param_name":"BellowHeight","param_value_internal":8.575997621880747,"distribution":"{\"name\": \"FloatDistribution\", \"attributes\": {\"step\": null, \"low\": 6.0, \"high\": 10.0, \"log\": false}}"}
{"op_code":4,"worker_id":"9386abc5-3e2e-4369-a995-ee5e51a6709e-140609308393600","study_id":0,"datetime_start":"2026-06-05T15:14:24.801501"}
{"op_code":4,"worker_id":"4e460bcd-e743-47c1-945d-59f722bd841d-140387618566272","study_id":0,"datetime_start":"2026-06-05T15:14:24.811013"}
{"op_code":5,"worker_id":"08967eb3-cdb1-478d-9d04-703c2d39e42a-140464208658560","trial_id":105,"param_name":"WallThickness","param_value_internal":3.4756624169138575,"distribution":"{\"name\": \"FloatDistribution\", \"attributes\": {\"step\": null, \"low\": 2.0, \"high\": 4.0, \"log\": false}}"}
{"op_code":5,"worker_id":"08967eb3-cdb1-478d-9d04-703c2d39e42a-140464208658560","trial_id":105,"param_name":"PlateauHeight","param_value_internal":2.3555225735755547,"distribution":"{\"name\": \"FloatDistribution\", \"attributes\": {\"step\": null, \"low\": 2.0, \"high\": 4.0, \"log\": false}}"}
{"op_code":9,"worker_id":"4e460bcd-e743-47c1-945d-59f722bd841d-140387618566272","trial_id":108,"system_attr":{"nsga2:generation":1}}
{"op_code":5,"worker_id":"4e460bcd-e743-47c1-945d-59f722bd841d-140387618566272","trial_id":108,"param_name":"JointSlopeAngle","param_value_internal":0.8302295669157753,"distribution":"{\"name\": \"FloatDistribution\", \"attributes\": {\"step\": null, \"low\": 0.17453292519943295, \"high\": 1.0471975511965976, \"log\": false}}"}
{"op_code":9,"worker_id":"9386abc5-3e2e-4369-a995-ee5e51a6709e-140609308393600","trial_id":107,"system_attr":{"nsga2:generation":1}}
{"op_code":5,"worker_id":"4e460bcd-e743-47c1-945d-59f722bd841d-140387618566272","trial_id":108,"param_name":"OuterRadius","param_value_internal":11.131245940895049,"distribution":"{\"name\": \"FloatDistribution\", \"attributes\": {\"step\": null, \"low\": 8.75, \"high\": 17.75, \"log\": false}}"}
{"op_code":5,"worker_id":"9386abc5-3e2e-4369-a995-ee5e51a6709e-140609308393600","trial_id":107,"param_name":"JointSlopeAngle","param_value_internal":0.2815326328161721,"distribution":"{\"name\": \"FloatDistribution\", \"attributes\": {\"step\": null, \"low\": 0.17453292519943295, \"high\": 1.0471975511965976, \"log\": false}}"}
{"op_code":5,"worker_id":"4e460bcd-e743-47c1-945d-59f722bd841d-140387618566272","trial_id":108,"param_name":"JointHeight","param_value_internal":6.0122055994355295,"distribution":"{\"name\": \"FloatDistribution\", \"attributes\": {\"step\": null, \"low\": 5.0, \"high\": 8.0, \"log\": false}}"}
{"op_code":5,"worker_id":"9386abc5-3e2e-4369-a995-ee5e51a6709e-140609308393600","trial_id":107,"param_name":"OuterRadius","param_value_internal":16.152153807231464,"distribution":"{\"name\": \"FloatDistribution\", \"attributes\": {\"step\": null, \"low\": 8.75, \"high\": 17.75, \"log\": false}}"}
{"op_code":5,"worker_id":"4e460bcd-e743-47c1-945d-59f722bd841d-140387618566272","trial_id":108,"param_name":"CavityCorkThickness","param_value_internal":4.605812389848779,"distribution":"{\"name\": \"FloatDistribution\", \"attributes\": {\"step\": null, \"low\": 2.0, \"high\": 5.0, \"log\": false}}"}
{"op_code":5,"worker_id":"9386abc5-3e2e-4369-a995-ee5e51a6709e-140609308393600","trial_id":107,"param_name":"JointHeight","param_value_internal":5.074361003529358,"distribution":"{\"name\": \"FloatDistribution\", \"attributes\": {\"step\": null, \"low\": 5.0, \"high\": 8.0, \"log\": false}}"}
{"op_code":5,"worker_id":"4e460bcd-e743-47c1-945d-59f722bd841d-140387618566272","trial_id":108,"param_name":"BellowHeight","param_value_internal":8.878333897840362,"distribution":"{\"name\": \"FloatDistribution\", \"attributes\": {\"step\": null, \"low\": 6.0, \"high\": 10.0, \"log\": false}}"}
{"op_code":5,"worker_id":"9386abc5-3e2e-4369-a995-ee5e51a6709e-140609308393600","trial_id":107,"param_name":"CavityCorkThickness","param_value_internal":4.301704715117069,"distribution":"{\"name\": \"FloatDistribution\", \"attributes\": {\"step\": null, \"low\": 2.0, \"high\": 5.0, \"log\": false}}"}
{"op_code":5,"worker_id":"4e460bcd-e743-47c1-945d-59f722bd841d-140387618566272","trial_id":108,"param_name":"WallThickness","param_value_internal":2.862990329153649,"distribution":"{\"name\": \"FloatDistribution\", \"attributes\": {\"step\": null, \"low\": 2.0, \"high\": 4.0, \"log\": false}}"}
{"op_code":5,"worker_id":"9386abc5-3e2e-4369-a995-ee5e51a6709e-140609308393600","trial_id":107,"param_name":"BellowHeight","param_value_internal":8.27866403372269,"distribution":"{\"name\": \"FloatDistribution\", \"attributes\": {\"step\": null, \"low\": 6.0, \"high\": 10.0, \"log\": false}}"}
{"op_code":5,"worker_id":"4e460bcd-e743-47c1-945d-59f722bd841d-140387618566272","trial_id":108,"param_name":"PlateauHeight","param_value_internal":3.7969685897797905,"distribution":"{\"name\": \"FloatDistribution\", \"attributes\": {\"step\": null, \"low\": 2.0, \"high\": 4.0, \"log\": false}}"}
{"op_code":5,"worker_id":"9386abc5-3e2e-4369-a995-ee5e51a6709e-140609308393600","trial_id":107,"param_name":"WallThickness","param_value_internal":3.646697852756133,"distribution":"{\"name\": \"FloatDistribution\", \"attributes\": {\"step\": null, \"low\": 2.0, \"high\": 4.0, \"log\": false}}"}
{"op_code":5,"worker_id":"9386abc5-3e2e-4369-a995-ee5e51a6709e-140609308393600","trial_id":107,"param_name":"PlateauHeight","param_value_internal":3.9817887329109483,"distribution":"{\"name\": \"FloatDistribution\", \"attributes\": {\"step\": null, \"low\": 2.0, \"high\": 4.0, \"log\": false}}"}
{"op_code":5,"worker_id":"9d8907ab-2f28-4a62-bfc0-37c55e738fb8-140010826334336","trial_id":106,"param_name":"WallThickness","param_value_internal":3.5927544377697345,"distribution":"{\"name\": \"FloatDistribution\", \"attributes\": {\"step\": null, \"low\": 2.0, \"high\": 4.0, \"log\": false}}"}
{"op_code":5,"worker_id":"9d8907ab-2f28-4a62-bfc0-37c55e738fb8-140010826334336","trial_id":106,"param_name":"PlateauHeight","param_value_internal":3.682763731706542,"distribution":"{\"name\": \"FloatDistribution\", \"attributes\": {\"step\": null, \"low\": 2.0, \"high\": 4.0, \"log\": false}}"}
{"op_code":0,"worker_id":"04965b0d-4109-496d-bd42-addd6ef9349a-140038410883200","study_name":"SensorFinger_8_optuna_evolutionary","directions":[2,2]}
{"op_code":0,"worker_id":"04965b0d-4109-496d-bd42-addd6ef9349a-140038410883200","study_name":"SensorFinger_8_optuna_evolutionary","directions":[2,2]}
{"op_code":4,"worker_id":"04965b0d-4109-496d-bd42-addd6ef9349a-140038410883200","study_id":0,"datetime_start":"2026-06-05T15:14:25.040276"}
{"op_code":9,"worker_id":"04965b0d-4109-496d-bd42-addd6ef9349a-140038410883200","trial_id":109,"system_attr":{"nsga2:generation":1}}
{"op_code":5,"worker_id":"04965b0d-4109-496d-bd42-addd6ef9349a-140038410883200","trial_id":109,"param_name":"JointSlopeAngle","param_value_internal":0.5233720299791019,"distribution":"{\"name\": \"FloatDistribution\", \"attributes\": {\"step\": null, \"low\": 0.17453292519943295, \"high\": 1.0471975511965976, \"log\": false}}"}
{"op_code":0,"worker_id":"bcddaf33-44b8-4647-b466-e68e7e22a836-139736242049152","study_name":"SensorFinger_8_optuna_evolutionary","directions":[2,2]}
{"op_code":5,"worker_id":"04965b0d-4109-496d-bd42-addd6ef9349a-140038410883200","trial_id":109,"param_name":"OuterRadius","param_value_internal":9.79532987253138,"distribution":"{\"name\": \"FloatDistribution\", \"attributes\": {\"step\": null, \"low\": 8.75, \"high\": 17.75, \"log\": false}}"}
{"op_code":0,"worker_id":"bcddaf33-44b8-4647-b466-e68e7e22a836-139736242049152","study_name":"SensorFinger_8_optuna_evolutionary","directions":[2,2]}
{"op_code":5,"worker_id":"04965b0d-4109-496d-bd42-addd6ef9349a-140038410883200","trial_id":109,"param_name":"JointHeight","param_value_internal":5.79402826387025,"distribution":"{\"name\": \"FloatDistribution\", \"attributes\": {\"step\": null, \"low\": 5.0, \"high\": 8.0, \"log\": false}}"}
{"op_code":5,"worker_id":"04965b0d-4109-496d-bd42-addd6ef9349a-140038410883200","trial_id":109,"param_name":"CavityCorkThickness","param_value_internal":2.517778439922478,"distribution":"{\"name\": \"FloatDistribution\", \"attributes\": {\"step\": null, \"low\": 2.0, \"high\": 5.0, \"log\": false}}"}
{"op_code":4,"worker_id":"bcddaf33-44b8-4647-b466-e68e7e22a836-139736242049152","study_id":0,"datetime_start":"2026-06-05T15:14:25.092265"}
{"op_code":0,"worker_id":"2ff4a148-0005-4015-aed6-87e56f3234bc-140669548761216","study_name":"SensorFinger_8_optuna_evolutionary","directions":[2,2]}
{"op_code":0,"worker_id":"7e66503b-0597-4e14-bcc6-cf3daf211d5b-139883269681280","study_name":"SensorFinger_8_optuna_evolutionary","directions":[2,2]}
{"op_code":0,"worker_id":"2ff4a148-0005-4015-aed6-87e56f3234bc-140669548761216","study_name":"SensorFinger_8_optuna_evolutionary","directions":[2,2]}
{"op_code":9,"worker_id":"bcddaf33-44b8-4647-b466-e68e7e22a836-139736242049152","trial_id":110,"system_attr":{"nsga2:generation":1}}
{"op_code":0,"worker_id":"7e66503b-0597-4e14-bcc6-cf3daf211d5b-139883269681280","study_name":"SensorFinger_8_optuna_evolutionary","directions":[2,2]}
{"op_code":5,"worker_id":"bcddaf33-44b8-4647-b466-e68e7e22a836-139736242049152","trial_id":110,"param_name":"JointSlopeAngle","param_value_internal":0.32685898751869047,"distribution":"{\"name\": \"FloatDistribution\", \"attributes\": {\"step\": null, \"low\": 0.17453292519943295, \"high\": 1.0471975511965976, \"log\": false}}"}
{"op_code":4,"worker_id":"2ff4a148-0005-4015-aed6-87e56f3234bc-140669548761216","study_id":0,"datetime_start":"2026-06-05T15:14:25.116820"}
{"op_code":5,"worker_id":"bcddaf33-44b8-4647-b466-e68e7e22a836-139736242049152","trial_id":110,"param_name":"OuterRadius","param_value_internal":11.131245940895049,"distribution":"{\"name\": \"FloatDistribution\", \"attributes\": {\"step\": null, \"low\": 8.75, \"high\": 17.75, \"log\": false}}"}
{"op_code":0,"worker_id":"9313a9ce-b09a-4d83-bcd6-c4f34fa5d6a8-140169399386240","study_name":"SensorFinger_8_optuna_evolutionary","directions":[2,2]}
{"op_code":5,"worker_id":"bcddaf33-44b8-4647-b466-e68e7e22a836-139736242049152","trial_id":110,"param_name":"JointHeight","param_value_internal":6.0122055994355295,"distribution":"{\"name\": \"FloatDistribution\", \"attributes\": {\"step\": null, \"low\": 5.0, \"high\": 8.0, \"log\": false}}"}
{"op_code":0,"worker_id":"9313a9ce-b09a-4d83-bcd6-c4f34fa5d6a8-140169399386240","study_name":"SensorFinger_8_optuna_evolutionary","directions":[2,2]}
{"op_code":4,"worker_id":"7e66503b-0597-4e14-bcc6-cf3daf211d5b-139883269681280","study_id":0,"datetime_start":"2026-06-05T15:14:25.130605"}
{"op_code":5,"worker_id":"bcddaf33-44b8-4647-b466-e68e7e22a836-139736242049152","trial_id":110,"param_name":"CavityCorkThickness","param_value_internal":2.9927071860778685,"distribution":"{\"name\": \"FloatDistribution\", \"attributes\": {\"step\": null, \"low\": 2.0, \"high\": 5.0, \"log\": false}}"}
{"op_code":9,"worker_id":"2ff4a148-0005-4015-aed6-87e56f3234bc-140669548761216","trial_id":111,"system_attr":{"nsga2:generation":1}}
{"op_code":5,"worker_id":"bcddaf33-44b8-4647-b466-e68e7e22a836-139736242049152","trial_id":110,"param_name":"BellowHeight","param_value_internal":8.878333897840362,"distribution":"{\"name\": \"FloatDistribution\", \"attributes\": {\"step\": null, \"low\": 6.0, \"high\": 10.0, \"log\": false}}"}
{"op_code":4,"worker_id":"9313a9ce-b09a-4d83-bcd6-c4f34fa5d6a8-140169399386240","study_id":0,"datetime_start":"2026-06-05T15:14:25.158049"}
{"op_code":5,"worker_id":"2ff4a148-0005-4015-aed6-87e56f3234bc-140669548761216","trial_id":111,"param_name":"JointSlopeAngle","param_value_internal":0.32685898751869047,"distribution":"{\"name\": \"FloatDistribution\", \"attributes\": {\"step\": null, \"low\": 0.17453292519943295, \"high\": 1.0471975511965976, \"log\": false}}"}
{"op_code":5,"worker_id":"bcddaf33-44b8-4647-b466-e68e7e22a836-139736242049152","trial_id":110,"param_name":"WallThickness","param_value_internal":3.0754930096478503,"distribution":"{\"name\": \"FloatDistribution\", \"attributes\": {\"step\": null, \"low\": 2.0, \"high\": 4.0, \"log\": false}}"}
{"op_code":9,"worker_id":"7e66503b-0597-4e14-bcc6-cf3daf211d5b-139883269681280","trial_id":112,"system_attr":{"nsga2:generation":1}}
{"op_code":9,"worker_id":"9313a9ce-b09a-4d83-bcd6-c4f34fa5d6a8-140169399386240","trial_id":113,"system_attr":{"nsga2:generation":1}}
{"op_code":5,"worker_id":"bcddaf33-44b8-4647-b466-e68e7e22a836-139736242049152","trial_id":110,"param_name":"PlateauHeight","param_value_internal":2.1855622036119424,"distribution":"{\"name\": \"FloatDistribution\", \"attributes\": {\"step\": null, \"low\": 2.0, \"high\": 4.0, \"log\": false}}"}
{"op_code":5,"worker_id":"7e66503b-0597-4e14-bcc6-cf3daf211d5b-139883269681280","trial_id":112,"param_name":"JointSlopeAngle","param_value_internal":0.3236445970359322,"distribution":"{\"name\": \"FloatDistribution\", \"attributes\": {\"step\": null, \"low\": 0.17453292519943295, \"high\": 1.0471975511965976, \"log\": false}}"}
{"op_code":5,"worker_id":"9313a9ce-b09a-4d83-bcd6-c4f34fa5d6a8-140169399386240","trial_id":113,"param_name":"JointSlopeAngle","param_value_internal":0.7976314597784592,"distribution":"{\"name\": \"FloatDistribution\", \"attributes\": {\"step\": null, \"low\": 0.17453292519943295, \"high\": 1.0471975511965976, \"log\": false}}"}
{"op_code":5,"worker_id":"7e66503b-0597-4e14-bcc6-cf3daf211d5b-139883269681280","trial_id":112,"param_name":"OuterRadius","param_value_internal":13.748363561527363,"distribution":"{\"name\": \"FloatDistribution\", \"attributes\": {\"step\": null, \"low\": 8.75, \"high\": 17.75, \"log\": false}}"}
{"op_code":5,"worker_id":"2ff4a148-0005-4015-aed6-87e56f3234bc-140669548761216","trial_id":111,"param_name":"OuterRadius","param_value_internal":16.959891564875534,"distribution":"{\"name\": \"FloatDistribution\", \"attributes\": {\"step\": null, \"low\": 8.75, \"high\": 17.75, \"log\": false}}"}
{"op_code":5,"worker_id":"7e66503b-0597-4e14-bcc6-cf3daf211d5b-139883269681280","trial_id":112,"param_name":"JointHeight","param_value_internal":6.651103446774604,"distribution":"{\"name\": \"FloatDistribution\", \"attributes\": {\"step\": null, \"low\": 5.0, \"high\": 8.0, \"log\": false}}"}
{"op_code":5,"worker_id":"2ff4a148-0005-4015-aed6-87e56f3234bc-140669548761216","trial_id":111,"param_name":"JointHeight","param_value_internal":6.763688332860763,"distribution":"{\"name\": \"FloatDistribution\", \"attributes\": {\"step\": null, \"low\": 5.0, \"high\": 8.0, \"log\": false}}"}
{"op_code":5,"worker_id":"04965b0d-4109-496d-bd42-addd6ef9349a-140038410883200","trial_id":109,"param_name":"BellowHeight","param_value_internal":8.738605666762037,"distribution":"{\"name\": \"FloatDistribution\", \"attributes\": {\"step\": null, \"low\": 6.0, \"high\": 10.0, \"log\": false}}"}
{"op_code":5,"worker_id":"2ff4a148-0005-4015-aed6-87e56f3234bc-140669548761216","trial_id":111,"param_name":"CavityCorkThickness","param_value_internal":2.2443499628912864,"distribution":"{\"name\": \"FloatDistribution\", \"attributes\": {\"step\": null, \"low\": 2.0, \"high\": 5.0, \"log\": false}}"}
{"op_code":5,"worker_id":"04965b0d-4109-496d-bd42-addd6ef9349a-140038410883200","trial_id":109,"param_name":"WallThickness","param_value_internal":3.0479555185418232,"distribution":"{\"name\": \"FloatDistribution\", \"attributes\": {\"step\": null, \"low\": 2.0, \"high\": 4.0, \"log\": false}}"}
{"op_code":5,"worker_id":"2ff4a148-0005-4015-aed6-87e56f3234bc-140669548761216","trial_id":111,"param_name":"BellowHeight","param_value_internal":8.752893165727347,"distribution":"{\"name\": \"FloatDistribution\", \"attributes\": {\"step\": null, \"low\": 6.0, \"high\": 10.0, \"log\": false}}"}
{"op_code":5,"worker_id":"04965b0d-4109-496d-bd42-addd6ef9349a-140038410883200","trial_id":109,"param_name":"PlateauHeight","param_value_internal":3.0370701914703186,"distribution":"{\"name\": \"FloatDistribution\", \"attributes\": {\"step\": null, \"low\": 2.0, \"high\": 4.0, \"log\": false}}"}
{"op_code":5,"worker_id":"2ff4a148-0005-4015-aed6-87e56f3234bc-140669548761216","trial_id":111,"param_name":"WallThickness","param_value_internal":3.960080845988839,"distribution":"{\"name\": \"FloatDistribution\", \"attributes\": {\"step\": null, \"low\": 2.0, \"high\": 4.0, \"log\": false}}"}
{"op_code":5,"worker_id":"2ff4a148-0005-4015-aed6-87e56f3234bc-140669548761216","trial_id":111,"param_name":"PlateauHeight","param_value_internal":2.981100545399343,"distribution":"{\"name\": \"FloatDistribution\", \"attributes\": {\"step\": null, \"low\": 2.0, \"high\": 4.0, \"log\": false}}"}
{"op_code":5,"worker_id":"9313a9ce-b09a-4d83-bcd6-c4f34fa5d6a8-140169399386240","trial_id":113,"param_name":"OuterRadius","param_value_internal":11.024406591940181,"distribution":"{\"name\": \"FloatDistribution\", \"attributes\": {\"step\": null, \"low\": 8.75, \"high\": 17.75, \"log\": false}}"}
{"op_code":5,"worker_id":"9313a9ce-b09a-4d83-bcd6-c4f34fa5d6a8-140169399386240","trial_id":113,"param_name":"JointHeight","param_value_internal":7.4477112366132125,"distribution":"{\"name\": \"FloatDistribution\", \"attributes\": {\"step\": null, \"low\": 5.0, \"high\": 8.0, \"log\": false}}"}
{"op_code":5,"worker_id":"9313a9ce-b09a-4d83-bcd6-c4f34fa5d6a8-140169399386240","trial_id":113,"param_name":"CavityCorkThickness","param_value_internal":3.7257812929594785,"distribution":"{\"name\": \"FloatDistribution\", \"attributes\": {\"step\": null, \"low\": 2.0, \"high\": 5.0, \"log\": false}}"}
{"op_code":5,"worker_id":"9313a9ce-b09a-4d83-bcd6-c4f34fa5d6a8-140169399386240","trial_id":113,"param_name":"BellowHeight","param_value_internal":6.006095431793989,"distribution":"{\"name\": \"FloatDistribution\", \"attributes\": {\"step\": null, \"low\": 6.0, \"high\": 10.0, \"log\": false}}"}
{"op_code":5,"worker_id":"9313a9ce-b09a-4d83-bcd6-c4f34fa5d6a8-140169399386240","trial_id":113,"param_name":"WallThickness","param_value_internal":2.83824183805409,"distribution":"{\"name\": \"FloatDistribution\", \"attributes\": {\"step\": null, \"low\": 2.0, \"high\": 4.0, \"log\": false}}"}
{"op_code":5,"worker_id":"9313a9ce-b09a-4d83-bcd6-c4f34fa5d6a8-140169399386240","trial_id":113,"param_name":"PlateauHeight","param_value_internal":3.5862278426818825,"distribution":"{\"name\": \"FloatDistribution\", \"attributes\": {\"step\": null, \"low\": 2.0, \"high\": 4.0, \"log\": false}}"}
{"op_code":5,"worker_id":"7e66503b-0597-4e14-bcc6-cf3daf211d5b-139883269681280","trial_id":112,"param_name":"CavityCorkThickness","param_value_internal":2.0299787947462167,"distribution":"{\"name\": \"FloatDistribution\", \"attributes\": {\"step\": null, \"low\": 2.0, \"high\": 5.0, \"log\": false}}"}
{"op_code":5,"worker_id":"7e66503b-0597-4e14-bcc6-cf3daf211d5b-139883269681280","trial_id":112,"param_name":"BellowHeight","param_value_internal":6.68192879228146,"distribution":"{\"name\": \"FloatDistribution\", \"attributes\": {\"step\": null, \"low\": 6.0, \"high\": 10.0, \"log\": false}}"}
{"op_code":5,"worker_id":"7e66503b-0597-4e14-bcc6-cf3daf211d5b-139883269681280","trial_id":112,"param_name":"WallThickness","param_value_internal":2.9846808004954073,"distribution":"{\"name\": \"FloatDistribution\", \"attributes\": {\"step\": null, \"low\": 2.0, \"high\": 4.0, \"log\": false}}"}
{"op_code":5,"worker_id":"7e66503b-0597-4e14-bcc6-cf3daf211d5b-139883269681280","trial_id":112,"param_name":"PlateauHeight","param_value_internal":2.306647005969044,"distribution":"{\"name\": \"FloatDistribution\", \"attributes\": {\"step\": null, \"low\": 2.0, \"high\": 4.0, \"log\": false}}"}
{"op_code":6,"worker_id":"08967eb3-cdb1-478d-9d04-703c2d39e42a-140464208658560","trial_id":105,"state":1,"values":[-Infinity,-Infinity],"datetime_complete":"2026-06-05T15:14:25.562239"}
{"op_code":4,"worker_id":"08967eb3-cdb1-478d-9d04-703c2d39e42a-140464208658560","study_id":0,"datetime_start":"2026-06-05T15:14:25.571948"}
{"op_code":9,"worker_id":"08967eb3-cdb1-478d-9d04-703c2d39e42a-140464208658560","trial_id":114,"system_attr":{"nsga2:generation":1}}
{"op_code":5,"worker_id":"08967eb3-cdb1-478d-9d04-703c2d39e42a-140464208658560","trial_id":114,"param_name":"JointSlopeAngle","param_value_internal":0.27966934832399365,"distribution":"{\"name\": \"FloatDistribution\", \"attributes\": {\"step\": null, \"low\": 0.17453292519943295, \"high\": 1.0471975511965976, \"log\": false}}"}
{"op_code":5,"worker_id":"08967eb3-cdb1-478d-9d04-703c2d39e42a-140464208658560","trial_id":114,"param_name":"OuterRadius","param_value_internal":11.610094326668714,"distribution":"{\"name\": \"FloatDistribution\", \"attributes\": {\"step\": null, \"low\": 8.75, \"high\": 17.75, \"log\": false}}"}
{"op_code":5,"worker_id":"08967eb3-cdb1-478d-9d04-703c2d39e42a-140464208658560","trial_id":114,"param_name":"JointHeight","param_value_internal":7.773477014720229,"distribution":"{\"name\": \"FloatDistribution\", \"attributes\": {\"step\": null, \"low\": 5.0, \"high\": 8.0, \"log\": false}}"}
{"op_code":5,"worker_id":"08967eb3-cdb1-478d-9d04-703c2d39e42a-140464208658560","trial_id":114,"param_name":"CavityCorkThickness","param_value_internal":3.5689896349541286,"distribution":"{\"name\": \"FloatDistribution\", \"attributes\": {\"step\": null, \"low\": 2.0, \"high\": 5.0, \"log\": false}}"}
{"op_code":5,"worker_id":"08967eb3-cdb1-478d-9d04-703c2d39e42a-140464208658560","trial_id":114,"param_name":"BellowHeight","param_value_internal":6.3075108855158515,"distribution":"{\"name\": \"FloatDistribution\", \"attributes\": {\"step\": null, \"low\": 6.0, \"high\": 10.0, \"log\": false}}"}
{"op_code":5,"worker_id":"08967eb3-cdb1-478d-9d04-703c2d39e42a-140464208658560","trial_id":114,"param_name":"WallThickness","param_value_internal":3.4756624169138575,"distribution":"{\"name\": \"FloatDistribution\", \"attributes\": {\"step\": null, \"low\": 2.0, \"high\": 4.0, \"log\": false}}"}
{"op_code":5,"worker_id":"08967eb3-cdb1-478d-9d04-703c2d39e42a-140464208658560","trial_id":114,"param_name":"PlateauHeight","param_value_internal":2.3555225735755547,"distribution":"{\"name\": \"FloatDistribution\", \"attributes\": {\"step\": null, \"low\": 2.0, \"high\": 4.0, \"log\": false}}"}
{"op_code":6,"worker_id":"4e460bcd-e743-47c1-945d-59f722bd841d-140387618566272","trial_id":108,"state":1,"values":[-Infinity,-Infinity],"datetime_complete":"2026-06-05T15:14:25.627038"}
{"op_code":6,"worker_id":"9386abc5-3e2e-4369-a995-ee5e51a6709e-140609308393600","trial_id":107,"state":1,"values":[-Infinity,-Infinity],"datetime_complete":"2026-06-05T15:14:25.632007"}
{"op_code":4,"worker_id":"4e460bcd-e743-47c1-945d-59f722bd841d-140387618566272","study_id":0,"datetime_start":"2026-06-05T15:14:25.637894"}
{"op_code":4,"worker_id":"9386abc5-3e2e-4369-a995-ee5e51a6709e-140609308393600","study_id":0,"datetime_start":"2026-06-05T15:14:25.641952"}
{"op_code":9,"worker_id":"4e460bcd-e743-47c1-945d-59f722bd841d-140387618566272","trial_id":115,"system_attr":{"nsga2:generation":1}}
{"op_code":9,"worker_id":"9386abc5-3e2e-4369-a995-ee5e51a6709e-140609308393600","trial_id":116,"system_attr":{"nsga2:generation":1}}
{"op_code":5,"worker_id":"4e460bcd-e743-47c1-945d-59f722bd841d-140387618566272","trial_id":115,"param_name":"JointSlopeAngle","param_value_internal":0.6153282633414877,"distribution":"{\"name\": \"FloatDistribution\", \"attributes\": {\"step\": null, \"low\": 0.17453292519943295, \"high\": 1.0471975511965976, \"log\": false}}"}
{"op_code":5,"worker_id":"9386abc5-3e2e-4369-a995-ee5e51a6709e-140609308393600","trial_id":116,"param_name":"JointSlopeAngle","param_value_internal":0.742801513575288,"distribution":"{\"name\": \"FloatDistribution\", \"attributes\": {\"step\": null, \"low\": 0.17453292519943295, \"high\": 1.0471975511965976, \"log\": false}}"}
{"op_code":6,"worker_id":"9d8907ab-2f28-4a62-bfc0-37c55e738fb8-140010826334336","trial_id":106,"state":1,"values":[-Infinity,-Infinity],"datetime_complete":"2026-06-05T15:14:25.665310"}
{"op_code":5,"worker_id":"9386abc5-3e2e-4369-a995-ee5e51a6709e-140609308393600","trial_id":116,"param_name":"OuterRadius","param_value_internal":9.43808120262428,"distribution":"{\"name\": \"FloatDistribution\", \"attributes\": {\"step\": null, \"low\": 8.75, \"high\": 17.75, \"log\": false}}"}
{"op_code":5,"worker_id":"9386abc5-3e2e-4369-a995-ee5e51a6709e-140609308393600","trial_id":116,"param_name":"JointHeight","param_value_internal":6.913766881434939,"distribution":"{\"name\": \"FloatDistribution\", \"attributes\": {\"step\": null, \"low\": 5.0, \"high\": 8.0, \"log\": false}}"}
{"op_code":4,"worker_id":"9d8907ab-2f28-4a62-bfc0-37c55e738fb8-140010826334336","study_id":0,"datetime_start":"2026-06-05T15:14:25.678583"}
{"op_code":5,"worker_id":"9386abc5-3e2e-4369-a995-ee5e51a6709e-140609308393600","trial_id":116,"param_name":"CavityCorkThickness","param_value_internal":3.7144452529347713,"distribution":"{\"name\": \"FloatDistribution\", \"attributes\": {\"step\": null, \"low\": 2.0, \"high\": 5.0, \"log\": false}}"}
{"op_code":5,"worker_id":"9386abc5-3e2e-4369-a995-ee5e51a6709e-140609308393600","trial_id":116,"param_name":"BellowHeight","param_value_internal":7.782554814195617,"distribution":"{\"name\": \"FloatDistribution\", \"attributes\": {\"step\": null, \"low\": 6.0, \"high\": 10.0, \"log\": false}}"}
{"op_code":9,"worker_id":"9d8907ab-2f28-4a62-bfc0-37c55e738fb8-140010826334336","trial_id":117,"system_attr":{"nsga2:generation":1}}
{"op_code":5,"worker_id":"9386abc5-3e2e-4369-a995-ee5e51a6709e-140609308393600","trial_id":116,"param_name":"WallThickness","param_value_internal":3.7377944454498726,"distribution":"{\"name\": \"FloatDistribution\", \"attributes\": {\"step\": null, \"low\": 2.0, \"high\": 4.0, \"log\": false}}"}
{"op_code":5,"worker_id":"9d8907ab-2f28-4a62-bfc0-37c55e738fb8-140010826334336","trial_id":117,"param_name":"JointSlopeAngle","param_value_internal":0.27966934832399365,"distribution":"{\"name\": \"FloatDistribution\", \"attributes\": {\"step\": null, \"low\": 0.17453292519943295, \"high\": 1.0471975511965976, \"log\": false}}"}
{"op_code":5,"worker_id":"9386abc5-3e2e-4369-a995-ee5e51a6709e-140609308393600","trial_id":116,"param_name":"PlateauHeight","param_value_internal":2.7524253810860007,"distribution":"{\"name\": \"FloatDistribution\", \"attributes\": {\"step\": null, \"low\": 2.0, \"high\": 4.0, \"log\": false}}"}
{"op_code":5,"worker_id":"9d8907ab-2f28-4a62-bfc0-37c55e738fb8-140010826334336","trial_id":117,"param_name":"OuterRadius","param_value_internal":11.610094326668714,"distribution":"{\"name\": \"FloatDistribution\", \"attributes\": {\"step\": null, \"low\": 8.75, \"high\": 17.75, \"log\": false}}"}
{"op_code":5,"worker_id":"9d8907ab-2f28-4a62-bfc0-37c55e738fb8-140010826334336","trial_id":117,"param_name":"JointHeight","param_value_internal":6.400880337988119,"distribution":"{\"name\": \"FloatDistribution\", \"attributes\": {\"step\": null, \"low\": 5.0, \"high\": 8.0, \"log\": false}}"}
{"op_code":5,"worker_id":"9d8907ab-2f28-4a62-bfc0-37c55e738fb8-140010826334336","trial_id":117,"param_name":"CavityCorkThickness","param_value_internal":3.5689896349541286,"distribution":"{\"name\": \"FloatDistribution\", \"attributes\": {\"step\": null, \"low\": 2.0, \"high\": 5.0, \"log\": false}}"}
{"op_code":5,"worker_id":"4e460bcd-e743-47c1-945d-59f722bd841d-140387618566272","trial_id":115,"param_name":"OuterRadius","param_value_internal":12.77181766949024,"distribution":"{\"name\": \"FloatDistribution\", \"attributes\": {\"step\": null, \"low\": 8.75, \"high\": 17.75, \"log\": false}}"}
{"op_code":5,"worker_id":"9d8907ab-2f28-4a62-bfc0-37c55e738fb8-140010826334336","trial_id":117,"param_name":"BellowHeight","param_value_internal":6.3075108855158515,"distribution":"{\"name\": \"FloatDistribution\", \"attributes\": {\"step\": null, \"low\": 6.0, \"high\": 10.0, \"log\": false}}"}
{"op_code":5,"worker_id":"4e460bcd-e743-47c1-945d-59f722bd841d-140387618566272","trial_id":115,"param_name":"JointHeight","param_value_internal":6.994581848533379,"distribution":"{\"name\": \"FloatDistribution\", \"attributes\": {\"step\": null, \"low\": 5.0, \"high\": 8.0, \"log\": false}}"}
{"op_code":5,"worker_id":"9d8907ab-2f28-4a62-bfc0-37c55e738fb8-140010826334336","trial_id":117,"param_name":"WallThickness","param_value_internal":2.1196025888126533,"distribution":"{\"name\": \"FloatDistribution\", \"attributes\": {\"step\": null, \"low\": 2.0, \"high\": 4.0, \"log\": false}}"}
{"op_code":5,"worker_id":"4e460bcd-e743-47c1-945d-59f722bd841d-140387618566272","trial_id":115,"param_name":"CavityCorkThickness","param_value_internal":4.7239517601038425,"distribution":"{\"name\": \"FloatDistribution\", \"attributes\": {\"step\": null, \"low\": 2.0, \"high\": 5.0, \"log\": false}}"}
{"op_code":5,"worker_id":"9d8907ab-2f28-4a62-bfc0-37c55e738fb8-140010826334336","trial_id":117,"param_name":"PlateauHeight","param_value_internal":2.8323068719186093,"distribution":"{\"name\": \"FloatDistribution\", \"attributes\": {\"step\": null, \"low\": 2.0, \"high\": 4.0, \"log\": false}}"}
{"op_code":5,"worker_id":"4e460bcd-e743-47c1-945d-59f722bd841d-140387618566272","trial_id":115,"param_name":"BellowHeight","param_value_internal":7.039747117501551,"distribution":"{\"name\": \"FloatDistribution\", \"attributes\": {\"step\": null, \"low\": 6.0, \"high\": 10.0, \"log\": false}}"}
{"op_code":5,"worker_id":"4e460bcd-e743-47c1-945d-59f722bd841d-140387618566272","trial_id":115,"param_name":"WallThickness","param_value_internal":3.5927544377697345,"distribution":"{\"name\": \"FloatDistribution\", \"attributes\": {\"step\": null, \"low\": 2.0, \"high\": 4.0, \"log\": false}}"}
{"op_code":5,"worker_id":"4e460bcd-e743-47c1-945d-59f722bd841d-140387618566272","trial_id":115,"param_name":"PlateauHeight","param_value_internal":2.306647005969044,"distribution":"{\"name\": \"FloatDistribution\", \"attributes\": {\"step\": null, \"low\": 2.0, \"high\": 4.0, \"log\": false}}"}
{"op_code":6,"worker_id":"747cb986-8c00-4417-ac56-b822bbb7699a-140174220030080","trial_id":104,"state":1,"values":[-Infinity,-Infinity],"datetime_complete":"2026-06-05T15:14:25.987727"}
{"op_code":4,"worker_id":"747cb986-8c00-4417-ac56-b822bbb7699a-140174220030080","study_id":0,"datetime_start":"2026-06-05T15:14:25.998234"}
{"op_code":9,"worker_id":"747cb986-8c00-4417-ac56-b822bbb7699a-140174220030080","trial_id":118,"system_attr":{"nsga2:generation":2}}
{"op_code":5,"worker_id":"747cb986-8c00-4417-ac56-b822bbb7699a-140174220030080","trial_id":118,"param_name":"JointSlopeAngle","param_value_internal":0.6864578399404706,"distribution":"{\"name\": \"FloatDistribution\", \"attributes\": {\"step\": null, \"low\": 0.17453292519943295, \"high\": 1.0471975511965976, \"log\": false}}"}
{"op_code":5,"worker_id":"747cb986-8c00-4417-ac56-b822bbb7699a-140174220030080","trial_id":118,"param_name":"OuterRadius","param_value_internal":14.894342641599668,"distribution":"{\"name\": \"FloatDistribution\", \"attributes\": {\"step\": null, \"low\": 8.75, \"high\": 17.75, \"log\": false}}"}
{"op_code":5,"worker_id":"747cb986-8c00-4417-ac56-b822bbb7699a-140174220030080","trial_id":118,"param_name":"JointHeight","param_value_internal":7.123586897244875,"distribution":"{\"name\": \"FloatDistribution\", \"attributes\": {\"step\": null, \"low\": 5.0, \"high\": 8.0, \"log\": false}}"}
{"op_code":5,"worker_id":"747cb986-8c00-4417-ac56-b822bbb7699a-140174220030080","trial_id":118,"param_name":"CavityCorkThickness","param_value_internal":3.8563107417964195,"distribution":"{\"name\": \"FloatDistribution\", \"attributes\": {\"step\": null, \"low\": 2.0, \"high\": 5.0, \"log\": false}}"}
{"op_code":5,"worker_id":"747cb986-8c00-4417-ac56-b822bbb7699a-140174220030080","trial_id":118,"param_name":"BellowHeight","param_value_internal":6.898341865808161,"distribution":"{\"name\": \"FloatDistribution\", \"attributes\": {\"step\": null, \"low\": 6.0, \"high\": 10.0, \"log\": false}}"}
{"op_code":5,"worker_id":"747cb986-8c00-4417-ac56-b822bbb7699a-140174220030080","trial_id":118,"param_name":"WallThickness","param_value_internal":2.9846244503077024,"distribution":"{\"name\": \"FloatDistribution\", \"attributes\": {\"step\": null, \"low\": 2.0, \"high\": 4.0, \"log\": false}}"}
{"op_code":5,"worker_id":"747cb986-8c00-4417-ac56-b822bbb7699a-140174220030080","trial_id":118,"param_name":"PlateauHeight","param_value_internal":2.031681883495373,"distribution":"{\"name\": \"FloatDistribution\", \"attributes\": {\"step\": null, \"low\": 2.0, \"high\": 4.0, \"log\": false}}"}
{"op_code":6,"worker_id":"08967eb3-cdb1-478d-9d04-703c2d39e42a-140464208658560","trial_id":114,"state":1,"values":[-Infinity,-Infinity],"datetime_complete":"2026-06-05T15:14:26.334215"}
{"op_code":4,"worker_id":"08967eb3-cdb1-478d-9d04-703c2d39e42a-140464208658560","study_id":0,"datetime_start":"2026-06-05T15:14:26.345158"}
{"op_code":9,"worker_id":"08967eb3-cdb1-478d-9d04-703c2d39e42a-140464208658560","trial_id":119,"system_attr":{"nsga2:generation":2}}
{"op_code":5,"worker_id":"08967eb3-cdb1-478d-9d04-703c2d39e42a-140464208658560","trial_id":119,"param_name":"JointSlopeAngle","param_value_internal":0.6152280152829265,"distribution":"{\"name\": \"FloatDistribution\", \"attributes\": {\"step\": null, \"low\": 0.17453292519943295, \"high\": 1.0471975511965976, \"log\": false}}"}
{"op_code":5,"worker_id":"08967eb3-cdb1-478d-9d04-703c2d39e42a-140464208658560","trial_id":119,"param_name":"OuterRadius","param_value_internal":12.175126534764457,"distribution":"{\"name\": \"FloatDistribution\", \"attributes\": {\"step\": null, \"low\": 8.75, \"high\": 17.75, \"log\": false}}"}
{"op_code":5,"worker_id":"08967eb3-cdb1-478d-9d04-703c2d39e42a-140464208658560","trial_id":119,"param_name":"JointHeight","param_value_internal":5.568909447825483,"distribution":"{\"name\": \"FloatDistribution\", \"attributes\": {\"step\": null, \"low\": 5.0, \"high\": 8.0, \"log\": false}}"}
{"op_code":5,"worker_id":"08967eb3-cdb1-478d-9d04-703c2d39e42a-140464208658560","trial_id":119,"param_name":"CavityCorkThickness","param_value_internal":2.9086778585467163,"distribution":"{\"name\": \"FloatDistribution\", \"attributes\": {\"step\": null, \"low\": 2.0, \"high\": 5.0, \"log\": false}}"}
{"op_code":5,"worker_id":"08967eb3-cdb1-478d-9d04-703c2d39e42a-140464208658560","trial_id":119,"param_name":"BellowHeight","param_value_internal":8.30350711937373,"distribution":"{\"name\": \"FloatDistribution\", \"attributes\": {\"step\": null, \"low\": 6.0, \"high\": 10.0, \"log\": false}}"}
{"op_code":5,"worker_id":"08967eb3-cdb1-478d-9d04-703c2d39e42a-140464208658560","trial_id":119,"param_name":"WallThickness","param_value_internal":3.183017457372173,"distribution":"{\"name\": \"FloatDistribution\", \"attributes\": {\"step\": null, \"low\": 2.0, \"high\": 4.0, \"log\": false}}"}
{"op_code":5,"worker_id":"08967eb3-cdb1-478d-9d04-703c2d39e42a-140464208658560","trial_id":119,"param_name":"PlateauHeight","param_value_internal":3.775370343122449,"distribution":"{\"name\": \"FloatDistribution\", \"attributes\": {\"step\": null, \"low\": 2.0, \"high\": 4.0, \"log\": false}}"}
{"op_code":6,"worker_id":"9386abc5-3e2e-4369-a995-ee5e51a6709e-140609308393600","trial_id":116,"state":1,"values":[-Infinity,-Infinity],"datetime_complete":"2026-06-05T15:14:26.444066"}
{"op_code":4,"worker_id":"9386abc5-3e2e-4369-a995-ee5e51a6709e-140609308393600","study_id":0,"datetime_start":"2026-06-05T15:14:26.454611"}
{"op_code":9,"worker_id":"9386abc5-3e2e-4369-a995-ee5e51a6709e-140609308393600","trial_id":120,"system_attr":{"nsga2:generation":2}}
{"op_code":6,"worker_id":"9d8907ab-2f28-4a62-bfc0-37c55e738fb8-140010826334336","trial_id":117,"state":1,"values":[-Infinity,-Infinity],"datetime_complete":"2026-06-05T15:14:26.472770"}
{"op_code":5,"worker_id":"9386abc5-3e2e-4369-a995-ee5e51a6709e-140609308393600","trial_id":120,"param_name":"JointSlopeAngle","param_value_internal":0.9546127941126392,"distribution":"{\"name\": \"FloatDistribution\", \"attributes\": {\"step\": null, \"low\": 0.17453292519943295, \"high\": 1.0471975511965976, \"log\": false}}"}
{"op_code":5,"worker_id":"9386abc5-3e2e-4369-a995-ee5e51a6709e-140609308393600","trial_id":120,"param_name":"OuterRadius","param_value_internal":17.472716690815552,"distribution":"{\"name\": \"FloatDistribution\", \"attributes\": {\"step\": null, \"low\": 8.75, \"high\": 17.75, \"log\": false}}"}
{"op_code":4,"worker_id":"9d8907ab-2f28-4a62-bfc0-37c55e738fb8-140010826334336","study_id":0,"datetime_start":"2026-06-05T15:14:26.486510"}
{"op_code":5,"worker_id":"9386abc5-3e2e-4369-a995-ee5e51a6709e-140609308393600","trial_id":120,"param_name":"JointHeight","param_value_internal":5.074361003529358,"distribution":"{\"name\": \"FloatDistribution\", \"attributes\": {\"step\": null, \"low\": 5.0, \"high\": 8.0, \"log\": false}}"}
{"op_code":6,"worker_id":"4e460bcd-e743-47c1-945d-59f722bd841d-140387618566272","trial_id":115,"state":1,"values":[-Infinity,-Infinity],"datetime_complete":"2026-06-05T15:14:26.501217"}
{"op_code":9,"worker_id":"9d8907ab-2f28-4a62-bfc0-37c55e738fb8-140010826334336","trial_id":121,"system_attr":{"nsga2:generation":2}}
{"op_code":4,"worker_id":"4e460bcd-e743-47c1-945d-59f722bd841d-140387618566272","study_id":0,"datetime_start":"2026-06-05T15:14:26.513936"}
{"op_code":5,"worker_id":"9386abc5-3e2e-4369-a995-ee5e51a6709e-140609308393600","trial_id":120,"param_name":"CavityCorkThickness","param_value_internal":2.8179918523676175,"distribution":"{\"name\": \"FloatDistribution\", \"attributes\": {\"step\": null, \"low\": 2.0, \"high\": 5.0, \"log\": false}}"}
{"op_code":5,"worker_id":"9d8907ab-2f28-4a62-bfc0-37c55e738fb8-140010826334336","trial_id":121,"param_name":"JointSlopeAngle","param_value_internal":0.27966934832399365,"distribution":"{\"name\": \"FloatDistribution\", \"attributes\": {\"step\": null, \"low\": 0.17453292519943295, \"high\": 1.0471975511965976, \"log\": false}}"}
{"op_code":5,"worker_id":"9386abc5-3e2e-4369-a995-ee5e51a6709e-140609308393600","trial_id":120,"param_name":"BellowHeight","param_value_internal":8.27866403372269,"distribution":"{\"name\": \"FloatDistribution\", \"attributes\": {\"step\": null, \"low\": 6.0, \"high\": 10.0, \"log\": false}}"}
{"op_code":9,"worker_id":"4e460bcd-e743-47c1-945d-59f722bd841d-140387618566272","trial_id":122,"system_attr":{"nsga2:generation":2}}
{"op_code":5,"worker_id":"9d8907ab-2f28-4a62-bfc0-37c55e738fb8-140010826334336","trial_id":121,"param_name":"OuterRadius","param_value_internal":11.610094326668714,"distribution":"{\"name\": \"FloatDistribution\", \"attributes\": {\"step\": null, \"low\": 8.75, \"high\": 17.75, \"log\": false}}"}
{"op_code":5,"worker_id":"4e460bcd-e743-47c1-945d-59f722bd841d-140387618566272","trial_id":122,"param_name":"JointSlopeAngle","param_value_internal":0.2412657629719247,"distribution":"{\"name\": \"FloatDistribution\", \"attributes\": {\"step\": null, \"low\": 0.17453292519943295, \"high\": 1.0471975511965976, \"log\": false}}"}
{"op_code":5,"worker_id":"9d8907ab-2f28-4a62-bfc0-37c55e738fb8-140010826334336","trial_id":121,"param_name":"JointHeight","param_value_internal":6.0122055994355295,"distribution":"{\"name\": \"FloatDistribution\", \"attributes\": {\"step\": null, \"low\": 5.0, \"high\": 8.0, \"log\": false}}"}
{"op_code":5,"worker_id":"4e460bcd-e743-47c1-945d-59f722bd841d-140387618566272","trial_id":122,"param_name":"OuterRadius","param_value_internal":14.986873780704808,"distribution":"{\"name\": \"FloatDistribution\", \"attributes\": {\"step\": null, \"low\": 8.75, \"high\": 17.75, \"log\": false}}"}
{"op_code":5,"worker_id":"9d8907ab-2f28-4a62-bfc0-37c55e738fb8-140010826334336","trial_id":121,"param_name":"CavityCorkThickness","param_value_internal":3.5689896349541286,"distribution":"{\"name\": \"FloatDistribution\", \"attributes\": {\"step\": null, \"low\": 2.0, \"high\": 5.0, \"log\": false}}"}
{"op_code":5,"worker_id":"4e460bcd-e743-47c1-945d-59f722bd841d-140387618566272","trial_id":122,"param_name":"JointHeight","param_value_internal":5.4087554375445555,"distribution":"{\"name\": \"FloatDistribution\", \"attributes\": {\"step\": null, \"low\": 5.0, \"high\": 8.0, \"log\": false}}"}
{"op_code":5,"worker_id":"9d8907ab-2f28-4a62-bfc0-37c55e738fb8-140010826334336","trial_id":121,"param_name":"BellowHeight","param_value_internal":6.3075108855158515,"distribution":"{\"name\": \"FloatDistribution\", \"attributes\": {\"step\": null, \"low\": 6.0, \"high\": 10.0, \"log\": false}}"}
{"op_code":5,"worker_id":"4e460bcd-e743-47c1-945d-59f722bd841d-140387618566272","trial_id":122,"param_name":"CavityCorkThickness","param_value_internal":3.0958364996652925,"distribution":"{\"name\": \"FloatDistribution\", \"attributes\": {\"step\": null, \"low\": 2.0, \"high\": 5.0, \"log\": false}}"}
{"op_code":5,"worker_id":"9d8907ab-2f28-4a62-bfc0-37c55e738fb8-140010826334336","trial_id":121,"param_name":"WallThickness","param_value_internal":3.963684645461125,"distribution":"{\"name\": \"FloatDistribution\", \"attributes\": {\"step\": null, \"low\": 2.0, \"high\": 4.0, \"log\": false}}"}
{"op_code":5,"worker_id":"4e460bcd-e743-47c1-945d-59f722bd841d-140387618566272","trial_id":122,"param_name":"BellowHeight","param_value_internal":6.342817563600363,"distribution":"{\"name\": \"FloatDistribution\", \"attributes\": {\"step\": null, \"low\": 6.0, \"high\": 10.0, \"log\": false}}"}
{"op_code":5,"worker_id":"9d8907ab-2f28-4a62-bfc0-37c55e738fb8-140010826334336","trial_id":121,"param_name":"PlateauHeight","param_value_internal":2.2168077236217165,"distribution":"{\"name\": \"FloatDistribution\", \"attributes\": {\"step\": null, \"low\": 2.0, \"high\": 4.0, \"log\": false}}"}
{"op_code":5,"worker_id":"4e460bcd-e743-47c1-945d-59f722bd841d-140387618566272","trial_id":122,"param_name":"WallThickness","param_value_internal":2.371179766505664,"distribution":"{\"name\": \"FloatDistribution\", \"attributes\": {\"step\": null, \"low\": 2.0, \"high\": 4.0, \"log\": false}}"}
{"op_code":5,"worker_id":"4e460bcd-e743-47c1-945d-59f722bd841d-140387618566272","trial_id":122,"param_name":"PlateauHeight","param_value_internal":2.7280837699164326,"distribution":"{\"name\": \"FloatDistribution\", \"attributes\": {\"step\": null, \"low\": 2.0, \"high\": 4.0, \"log\": false}}"}
{"op_code":5,"worker_id":"9386abc5-3e2e-4369-a995-ee5e51a6709e-140609308393600","trial_id":120,"param_name":"WallThickness","param_value_internal":3.5054084622991137,"distribution":"{\"name\": \"FloatDistribution\", \"attributes\": {\"step\": null, \"low\": 2.0, \"high\": 4.0, \"log\": false}}"}
{"op_code":5,"worker_id":"9386abc5-3e2e-4369-a995-ee5e51a6709e-140609308393600","trial_id":120,"param_name":"PlateauHeight","param_value_internal":2.427504014898422,"distribution":"{\"name\": \"FloatDistribution\", \"attributes\": {\"step\": null, \"low\": 2.0, \"high\": 4.0, \"log\": false}}"}
{"op_code":6,"worker_id":"08967eb3-cdb1-478d-9d04-703c2d39e42a-140464208658560","trial_id":119,"state":1,"values":[-Infinity,-Infinity],"datetime_complete":"2026-06-05T15:14:27.136433"}
{"op_code":4,"worker_id":"08967eb3-cdb1-478d-9d04-703c2d39e42a-140464208658560","study_id":0,"datetime_start":"2026-06-05T15:14:27.148257"}
{"op_code":9,"worker_id":"08967eb3-cdb1-478d-9d04-703c2d39e42a-140464208658560","trial_id":123,"system_attr":{"nsga2:generation":2}}
{"op_code":5,"worker_id":"08967eb3-cdb1-478d-9d04-703c2d39e42a-140464208658560","trial_id":123,"param_name":"JointSlopeAngle","param_value_internal":0.4904799915020722,"distribution":"{\"name\": \"FloatDistribution\", \"attributes\": {\"step\": null, \"low\": 0.17453292519943295, \"high\": 1.0471975511965976, \"log\": false}}"}
{"op_code":5,"worker_id":"08967eb3-cdb1-478d-9d04-703c2d39e42a-140464208658560","trial_id":123,"param_name":"OuterRadius","param_value_internal":13.552805798412509,"distribution":"{\"name\": \"FloatDistribution\", \"attributes\": {\"step\": null, \"low\": 8.75, \"high\": 17.75, \"log\": false}}"}
{"op_code":5,"worker_id":"08967eb3-cdb1-478d-9d04-703c2d39e42a-140464208658560","trial_id":123,"param_name":"JointHeight","param_value_internal":6.052710965021232,"distribution":"{\"name\": \"FloatDistribution\", \"attributes\": {\"step\": null, \"low\": 5.0, \"high\": 8.0, \"log\": false}}"}
{"op_code":5,"worker_id":"08967eb3-cdb1-478d-9d04-703c2d39e42a-140464208658560","trial_id":123,"param_name":"CavityCorkThickness","param_value_internal":2.413887204088874,"distribution":"{\"name\": \"FloatDistribution\", \"attributes\": {\"step\": null, \"low\": 2.0, \"high\": 5.0, \"log\": false}}"}
{"op_code":5,"worker_id":"08967eb3-cdb1-478d-9d04-703c2d39e42a-140464208658560","trial_id":123,"param_name":"BellowHeight","param_value_internal":9.529386146237606,"distribution":"{\"name\": \"FloatDistribution\", \"attributes\": {\"step\": null, \"low\": 6.0, \"high\": 10.0, \"log\": false}}"}
{"op_code":5,"worker_id":"08967eb3-cdb1-478d-9d04-703c2d39e42a-140464208658560","trial_id":123,"param_name":"WallThickness","param_value_internal":2.545663243987858,"distribution":"{\"name\": \"FloatDistribution\", \"attributes\": {\"step\": null, \"low\": 2.0, \"high\": 4.0, \"log\": false}}"}
{"op_code":5,"worker_id":"08967eb3-cdb1-478d-9d04-703c2d39e42a-140464208658560","trial_id":123,"param_name":"PlateauHeight","param_value_internal":2.7503559255547576,"distribution":"{\"name\": \"FloatDistribution\", \"attributes\": {\"step\": null, \"low\": 2.0, \"high\": 4.0, \"log\": false}}"}
{"op_code":6,"worker_id":"747cb986-8c00-4417-ac56-b822bbb7699a-140174220030080","trial_id":118,"state":1,"values":[-Infinity,-Infinity],"datetime_complete":"2026-06-05T15:14:27.279126"}
{"op_code":4,"worker_id":"747cb986-8c00-4417-ac56-b822bbb7699a-140174220030080","study_id":0,"datetime_start":"2026-06-05T15:14:27.289705"}
{"op_code":9,"worker_id":"747cb986-8c00-4417-ac56-b822bbb7699a-140174220030080","trial_id":124,"system_attr":{"nsga2:generation":2}}
{"op_code":5,"worker_id":"747cb986-8c00-4417-ac56-b822bbb7699a-140174220030080","trial_id":124,"param_name":"JointSlopeAngle","param_value_internal":0.9792058987285482,"distribution":"{\"name\": \"FloatDistribution\", \"attributes\": {\"step\": null, \"low\": 0.17453292519943295, \"high\": 1.0471975511965976, \"log\": false}}"}
{"op_code":5,"worker_id":"747cb986-8c00-4417-ac56-b822bbb7699a-140174220030080","trial_id":124,"param_name":"OuterRadius","param_value_internal":11.932940390282667,"distribution":"{\"name\": \"FloatDistribution\", \"attributes\": {\"step\": null, \"low\": 8.75, \"high\": 17.75, \"log\": false}}"}
{"op_code":5,"worker_id":"747cb986-8c00-4417-ac56-b822bbb7699a-140174220030080","trial_id":124,"param_name":"JointHeight","param_value_internal":6.7942345693530175,"distribution":"{\"name\": \"FloatDistribution\", \"attributes\": {\"step\": null, \"low\": 5.0, \"high\": 8.0, \"log\": false}}"}
{"op_code":6,"worker_id":"9d8907ab-2f28-4a62-bfc0-37c55e738fb8-140010826334336","trial_id":121,"state":1,"values":[-Infinity,-Infinity],"datetime_complete":"2026-06-05T15:14:27.323287"}
{"op_code":5,"worker_id":"747cb986-8c00-4417-ac56-b822bbb7699a-140174220030080","trial_id":124,"param_name":"CavityCorkThickness","param_value_internal":3.7413614044154024,"distribution":"{\"name\": \"FloatDistribution\", \"attributes\": {\"step\": null, \"low\": 2.0, \"high\": 5.0, \"log\": false}}"}
{"op_code":6,"worker_id":"4e460bcd-e743-47c1-945d-59f722bd841d-140387618566272","trial_id":122,"state":1,"values":[-Infinity,-Infinity],"datetime_complete":"2026-06-05T15:14:27.330028"}
{"op_code":5,"worker_id":"747cb986-8c00-4417-ac56-b822bbb7699a-140174220030080","trial_id":124,"param_name":"BellowHeight","param_value_internal":9.922877160038782,"distribution":"{\"name\": \"FloatDistribution\", \"attributes\": {\"step\": null, \"low\": 6.0, \"high\": 10.0, \"log\": false}}"}
{"op_code":4,"worker_id":"9d8907ab-2f28-4a62-bfc0-37c55e738fb8-140010826334336","study_id":0,"datetime_start":"2026-06-05T15:14:27.338570"}
{"op_code":5,"worker_id":"747cb986-8c00-4417-ac56-b822bbb7699a-140174220030080","trial_id":124,"param_name":"WallThickness","param_value_internal":3.7416497317465667,"distribution":"{\"name\": \"FloatDistribution\", \"attributes\": {\"step\": null, \"low\": 2.0, \"high\": 4.0, \"log\": false}}"}
{"op_code":4,"worker_id":"4e460bcd-e743-47c1-945d-59f722bd841d-140387618566272","study_id":0,"datetime_start":"2026-06-05T15:14:27.348326"}
{"op_code":6,"worker_id":"9386abc5-3e2e-4369-a995-ee5e51a6709e-140609308393600","trial_id":120,"state":1,"values":[-Infinity,-Infinity],"datetime_complete":"2026-06-05T15:14:27.349800"}
{"op_code":9,"worker_id":"9d8907ab-2f28-4a62-bfc0-37c55e738fb8-140010826334336","trial_id":125,"system_attr":{"nsga2:generation":2}}
{"op_code":9,"worker_id":"4e460bcd-e743-47c1-945d-59f722bd841d-140387618566272","trial_id":126,"system_attr":{"nsga2:generation":2}}
{"op_code":5,"worker_id":"9d8907ab-2f28-4a62-bfc0-37c55e738fb8-140010826334336","trial_id":125,"param_name":"JointSlopeAngle","param_value_internal":0.7976314597784592,"distribution":"{\"name\": \"FloatDistribution\", \"attributes\": {\"step\": null, \"low\": 0.17453292519943295, \"high\": 1.0471975511965976, \"log\": false}}"}
{"op_code":4,"worker_id":"9386abc5-3e2e-4369-a995-ee5e51a6709e-140609308393600","study_id":0,"datetime_start":"2026-06-05T15:14:27.374132"}
{"op_code":5,"worker_id":"9d8907ab-2f28-4a62-bfc0-37c55e738fb8-140010826334336","trial_id":125,"param_name":"OuterRadius","param_value_internal":14.795419102419736,"distribution":"{\"name\": \"FloatDistribution\", \"attributes\": {\"step\": null, \"low\": 8.75, \"high\": 17.75, \"log\": false}}"}
{"op_code":5,"worker_id":"9d8907ab-2f28-4a62-bfc0-37c55e738fb8-140010826334336","trial_id":125,"param_name":"JointHeight","param_value_internal":7.4477112366132125,"distribution":"{\"name\": \"FloatDistribution\", \"attributes\": {\"step\": null, \"low\": 5.0, \"high\": 8.0, \"log\": false}}"}
{"op_code":9,"worker_id":"9386abc5-3e2e-4369-a995-ee5e51a6709e-140609308393600","trial_id":127,"system_attr":{"nsga2:generation":2}}
{"op_code":5,"worker_id":"9d8907ab-2f28-4a62-bfc0-37c55e738fb8-140010826334336","trial_id":125,"param_name":"CavityCorkThickness","param_value_internal":4.525463781046303,"distribution":"{\"name\": \"FloatDistribution\", \"attributes\": {\"step\": null, \"low\": 2.0, \"high\": 5.0, \"log\": false}}"}
{"op_code":5,"worker_id":"9386abc5-3e2e-4369-a995-ee5e51a6709e-140609308393600","trial_id":127,"param_name":"JointSlopeAngle","param_value_internal":0.6153282633414877,"distribution":"{\"name\": \"FloatDistribution\", \"attributes\": {\"step\": null, \"low\": 0.17453292519943295, \"high\": 1.0471975511965976, \"log\": false}}"}
{"op_code":5,"worker_id":"4e460bcd-e743-47c1-945d-59f722bd841d-140387618566272","trial_id":126,"param_name":"JointSlopeAngle","param_value_internal":0.2318566440034055,"distribution":"{\"name\": \"FloatDistribution\", \"attributes\": {\"step\": null, \"low\": 0.17453292519943295, \"high\": 1.0471975511965976, \"log\": false}}"}
{"op_code":5,"worker_id":"9d8907ab-2f28-4a62-bfc0-37c55e738fb8-140010826334336","trial_id":125,"param_name":"BellowHeight","param_value_internal":6.998558436098011,"distribution":"{\"name\": \"FloatDistribution\", \"attributes\": {\"step\": null, \"low\": 6.0, \"high\": 10.0, \"log\": false}}"}
{"op_code":5,"worker_id":"4e460bcd-e743-47c1-945d-59f722bd841d-140387618566272","trial_id":126,"param_name":"OuterRadius","param_value_internal":11.845830572646417,"distribution":"{\"name\": \"FloatDistribution\", \"attributes\": {\"step\": null, \"low\": 8.75, \"high\": 17.75, \"log\": false}}"}
{"op_code":5,"worker_id":"9d8907ab-2f28-4a62-bfc0-37c55e738fb8-140010826334336","trial_id":125,"param_name":"WallThickness","param_value_internal":2.5875608263954835,"distribution":"{\"name\": \"FloatDistribution\", \"attributes\": {\"step\": null, \"low\": 2.0, \"high\": 4.0, \"log\": false}}"}
{"op_code":5,"worker_id":"4e460bcd-e743-47c1-945d-59f722bd841d-140387618566272","trial_id":126,"param_name":"JointHeight","param_value_internal":5.40280113698297,"distribution":"{\"name\": \"FloatDistribution\", \"attributes\": {\"step\": null, \"low\": 5.0, \"high\": 8.0, \"log\": false}}"}
{"op_code":5,"worker_id":"9d8907ab-2f28-4a62-bfc0-37c55e738fb8-140010826334336","trial_id":125,"param_name":"PlateauHeight","param_value_internal":2.7280837699164326,"distribution":"{\"name\": \"FloatDistribution\", \"attributes\": {\"step\": null, \"low\": 2.0, \"high\": 4.0, \"log\": false}}"}
{"op_code":5,"worker_id":"4e460bcd-e743-47c1-945d-59f722bd841d-140387618566272","trial_id":126,"param_name":"CavityCorkThickness","param_value_internal":3.8563107417964195,"distribution":"{\"name\": \"FloatDistribution\", \"attributes\": {\"step\": null, \"low\": 2.0, \"high\": 5.0, \"log\": false}}"}
{"op_code":5,"worker_id":"4e460bcd-e743-47c1-945d-59f722bd841d-140387618566272","trial_id":126,"param_name":"BellowHeight","param_value_internal":8.90987596221974,"distribution":"{\"name\": \"FloatDistribution\", \"attributes\": {\"step\": null, \"low\": 6.0, \"high\": 10.0, \"log\": false}}"}
{"op_code":5,"worker_id":"4e460bcd-e743-47c1-945d-59f722bd841d-140387618566272","trial_id":126,"param_name":"WallThickness","param_value_internal":2.9846244503077024,"distribution":"{\"name\": \"FloatDistribution\", \"attributes\": {\"step\": null, \"low\": 2.0, \"high\": 4.0, \"log\": false}}"}
{"op_code":5,"worker_id":"4e460bcd-e743-47c1-945d-59f722bd841d-140387618566272","trial_id":126,"param_name":"PlateauHeight","param_value_internal":2.813174540506804,"distribution":"{\"name\": \"FloatDistribution\", \"attributes\": {\"step\": null, \"low\": 2.0, \"high\": 4.0, \"log\": false}}"}
{"op_code":5,"worker_id":"9386abc5-3e2e-4369-a995-ee5e51a6709e-140609308393600","trial_id":127,"param_name":"OuterRadius","param_value_internal":17.172444409795325,"distribution":"{\"name\": \"FloatDistribution\", \"attributes\": {\"step\": null, \"low\": 8.75, \"high\": 17.75, \"log\": false}}"}
{"op_code":5,"worker_id":"9386abc5-3e2e-4369-a995-ee5e51a6709e-140609308393600","trial_id":127,"param_name":"JointHeight","param_value_internal":6.621486893028049,"distribution":"{\"name\": \"FloatDistribution\", \"attributes\": {\"step\": null, \"low\": 5.0, \"high\": 8.0, \"log\": false}}"}
{"op_code":5,"worker_id":"9386abc5-3e2e-4369-a995-ee5e51a6709e-140609308393600","trial_id":127,"param_name":"CavityCorkThickness","param_value_internal":4.7239517601038425,"distribution":"{\"name\": \"FloatDistribution\", \"attributes\": {\"step\": null, \"low\": 2.0, \"high\": 5.0, \"log\": false}}"}
{"op_code":5,"worker_id":"9386abc5-3e2e-4369-a995-ee5e51a6709e-140609308393600","trial_id":127,"param_name":"BellowHeight","param_value_internal":7.039747117501551,"distribution":"{\"name\": \"FloatDistribution\", \"attributes\": {\"step\": null, \"low\": 6.0, \"high\": 10.0, \"log\": false}}"}
{"op_code":5,"worker_id":"9386abc5-3e2e-4369-a995-ee5e51a6709e-140609308393600","trial_id":127,"param_name":"WallThickness","param_value_internal":3.7345284343242238,"distribution":"{\"name\": \"FloatDistribution\", \"attributes\": {\"step\": null, \"low\": 2.0, \"high\": 4.0, \"log\": false}}"}
{"op_code":5,"worker_id":"9386abc5-3e2e-4369-a995-ee5e51a6709e-140609308393600","trial_id":127,"param_name":"PlateauHeight","param_value_internal":3.9468881169497534,"distribution":"{\"name\": \"FloatDistribution\", \"attributes\": {\"step\": null, \"low\": 2.0, \"high\": 4.0, \"log\": false}}"}
{"op_code":5,"worker_id":"747cb986-8c00-4417-ac56-b822bbb7699a-140174220030080","trial_id":124,"param_name":"PlateauHeight","param_value_internal":2.065511867286414,"distribution":"{\"name\": \"FloatDistribution\", \"attributes\": {\"step\": null, \"low\": 2.0, \"high\": 4.0, \"log\": false}}"}
{"op_code":6,"worker_id":"08967eb3-cdb1-478d-9d04-703c2d39e42a-140464208658560","trial_id":123,"state":1,"values":[-Infinity,-Infinity],"datetime_complete":"2026-06-05T15:14:27.952315"}
{"op_code":4,"worker_id":"08967eb3-cdb1-478d-9d04-703c2d39e42a-140464208658560","study_id":0,"datetime_start":"2026-06-05T15:14:27.965001"}
{"op_code":9,"worker_id":"08967eb3-cdb1-478d-9d04-703c2d39e42a-140464208658560","trial_id":128,"system_attr":{"nsga2:generation":2}}
{"op_code":5,"worker_id":"08967eb3-cdb1-478d-9d04-703c2d39e42a-140464208658560","trial_id":128,"param_name":"JointSlopeAngle","param_value_internal":0.224779895369057,"distribution":"{\"name\": \"FloatDistribution\", \"attributes\": {\"step\": null, \"low\": 0.17453292519943295, \"high\": 1.0471975511965976, \"log\": false}}"}
{"op_code":5,"worker_id":"08967eb3-cdb1-478d-9d04-703c2d39e42a-140464208658560","trial_id":128,"param_name":"OuterRadius","param_value_internal":17.469629252190803,"distribution":"{\"name\": \"FloatDistribution\", \"attributes\": {\"step\": null, \"low\": 8.75, \"high\": 17.75, \"log\": false}}"}
{"op_code":5,"worker_id":"08967eb3-cdb1-478d-9d04-703c2d39e42a-140464208658560","trial_id":128,"param_name":"JointHeight","param_value_internal":6.083759856322865,"distribution":"{\"name\": \"FloatDistribution\", \"attributes\": {\"step\": null, \"low\": 5.0, \"high\": 8.0, \"log\": false}}"}
{"op_code":5,"worker_id":"08967eb3-cdb1-478d-9d04-703c2d39e42a-140464208658560","trial_id":128,"param_name":"CavityCorkThickness","param_value_internal":2.024952503805173,"distribution":"{\"name\": \"FloatDistribution\", \"attributes\": {\"step\": null, \"low\": 2.0, \"high\": 5.0, \"log\": false}}"}
{"op_code":5,"worker_id":"08967eb3-cdb1-478d-9d04-703c2d39e42a-140464208658560","trial_id":128,"param_name":"BellowHeight","param_value_internal":9.027514877331475,"distribution":"{\"name\": \"FloatDistribution\", \"attributes\": {\"step\": null, \"low\": 6.0, \"high\": 10.0, \"log\": false}}"}
{"op_code":5,"worker_id":"08967eb3-cdb1-478d-9d04-703c2d39e42a-140464208658560","trial_id":128,"param_name":"WallThickness","param_value_internal":2.545663243987858,"distribution":"{\"name\": \"FloatDistribution\", \"attributes\": {\"step\": null, \"low\": 2.0, \"high\": 4.0, \"log\": false}}"}
{"op_code":5,"worker_id":"08967eb3-cdb1-478d-9d04-703c2d39e42a-140464208658560","trial_id":128,"param_name":"PlateauHeight","param_value_internal":2.7503559255547576,"distribution":"{\"name\": \"FloatDistribution\", \"attributes\": {\"step\": null, \"low\": 2.0, \"high\": 4.0, \"log\": false}}"}
{"op_code":6,"worker_id":"bcddaf33-44b8-4647-b466-e68e7e22a836-139736242049152","trial_id":110,"state":1,"values":[-Infinity,-Infinity],"datetime_complete":"2026-06-05T15:14:28.109183"}
{"op_code":4,"worker_id":"bcddaf33-44b8-4647-b466-e68e7e22a836-139736242049152","study_id":0,"datetime_start":"2026-06-05T15:14:28.120526"}
{"op_code":9,"worker_id":"bcddaf33-44b8-4647-b466-e68e7e22a836-139736242049152","trial_id":129,"system_attr":{"nsga2:generation":2}}
{"op_code":5,"worker_id":"bcddaf33-44b8-4647-b466-e68e7e22a836-139736242049152","trial_id":129,"param_name":"JointSlopeAngle","param_value_internal":0.27966934832399365,"distribution":"{\"name\": \"FloatDistribution\", \"attributes\": {\"step\": null, \"low\": 0.17453292519943295, \"high\": 1.0471975511965976, \"log\": false}}"}
{"op_code":5,"worker_id":"bcddaf33-44b8-4647-b466-e68e7e22a836-139736242049152","trial_id":129,"param_name":"OuterRadius","param_value_internal":11.610094326668714,"distribution":"{\"name\": \"FloatDistribution\", \"attributes\": {\"step\": null, \"low\": 8.75, \"high\": 17.75, \"log\": false}}"}
{"op_code":5,"worker_id":"bcddaf33-44b8-4647-b466-e68e7e22a836-139736242049152","trial_id":129,"param_name":"JointHeight","param_value_internal":5.947117172739313,"distribution":"{\"name\": \"FloatDistribution\", \"attributes\": {\"step\": null, \"low\": 5.0, \"high\": 8.0, \"log\": false}}"}
{"op_code":5,"worker_id":"bcddaf33-44b8-4647-b466-e68e7e22a836-139736242049152","trial_id":129,"param_name":"CavityCorkThickness","param_value_internal":3.8563107417964195,"distribution":"{\"name\": \"FloatDistribution\", \"attributes\": {\"step\": null, \"low\": 2.0, \"high\": 5.0, \"log\": false}}"}
{"op_code":5,"worker_id":"bcddaf33-44b8-4647-b466-e68e7e22a836-139736242049152","trial_id":129,"param_name":"BellowHeight","param_value_internal":7.432709518473928,"distribution":"{\"name\": \"FloatDistribution\", \"attributes\": {\"step\": null, \"low\": 6.0, \"high\": 10.0, \"log\": false}}"}
{"op_code":6,"worker_id":"9d8907ab-2f28-4a62-bfc0-37c55e738fb8-140010826334336","trial_id":125,"state":1,"values":[-Infinity,-Infinity],"datetime_complete":"2026-06-05T15:14:28.171553"}
{"op_code":5,"worker_id":"bcddaf33-44b8-4647-b466-e68e7e22a836-139736242049152","trial_id":129,"param_name":"WallThickness","param_value_internal":2.9846244503077024,"distribution":"{\"name\": \"FloatDistribution\", \"attributes\": {\"step\": null, \"low\": 2.0, \"high\": 4.0, \"log\": false}}"}
{"op_code":5,"worker_id":"bcddaf33-44b8-4647-b466-e68e7e22a836-139736242049152","trial_id":129,"param_name":"PlateauHeight","param_value_internal":2.3555225735755547,"distribution":"{\"name\": \"FloatDistribution\", \"attributes\": {\"step\": null, \"low\": 2.0, \"high\": 4.0, \"log\": false}}"}
{"op_code":4,"worker_id":"9d8907ab-2f28-4a62-bfc0-37c55e738fb8-140010826334336","study_id":0,"datetime_start":"2026-06-05T15:14:28.183361"}
{"op_code":9,"worker_id":"9d8907ab-2f28-4a62-bfc0-37c55e738fb8-140010826334336","trial_id":130,"system_attr":{"nsga2:generation":2}}
{"op_code":5,"worker_id":"9d8907ab-2f28-4a62-bfc0-37c55e738fb8-140010826334336","trial_id":130,"param_name":"JointSlopeAngle","param_value_internal":0.8302295669157753,"distribution":"{\"name\": \"FloatDistribution\", \"attributes\": {\"step\": null, \"low\": 0.17453292519943295, \"high\": 1.0471975511965976, \"log\": false}}"}
{"op_code":5,"worker_id":"9d8907ab-2f28-4a62-bfc0-37c55e738fb8-140010826334336","trial_id":130,"param_name":"OuterRadius","param_value_internal":11.131245940895049,"distribution":"{\"name\": \"FloatDistribution\", \"attributes\": {\"step\": null, \"low\": 8.75, \"high\": 17.75, \"log\": false}}"}
{"op_code":5,"worker_id":"9d8907ab-2f28-4a62-bfc0-37c55e738fb8-140010826334336","trial_id":130,"param_name":"JointHeight","param_value_internal":6.0122055994355295,"distribution":"{\"name\": \"FloatDistribution\", \"attributes\": {\"step\": null, \"low\": 5.0, \"high\": 8.0, \"log\": false}}"}
{"op_code":5,"worker_id":"9d8907ab-2f28-4a62-bfc0-37c55e738fb8-140010826334336","trial_id":130,"param_name":"CavityCorkThickness","param_value_internal":3.5689896349541286,"distribution":"{\"name\": \"FloatDistribution\", \"attributes\": {\"step\": null, \"low\": 2.0, \"high\": 5.0, \"log\": false}}"}
{"op_code":5,"worker_id":"9d8907ab-2f28-4a62-bfc0-37c55e738fb8-140010826334336","trial_id":130,"param_name":"BellowHeight","param_value_internal":6.3075108855158515,"distribution":"{\"name\": \"FloatDistribution\", \"attributes\": {\"step\": null, \"low\": 6.0, \"high\": 10.0, \"log\": false}}"}
{"op_code":6,"worker_id":"4e460bcd-e743-47c1-945d-59f722bd841d-140387618566272","trial_id":126,"state":1,"values":[-Infinity,-Infinity],"datetime_complete":"2026-06-05T15:14:28.230709"}
{"op_code":5,"worker_id":"9d8907ab-2f28-4a62-bfc0-37c55e738fb8-140010826334336","trial_id":130,"param_name":"WallThickness","param_value_internal":3.4756624169138575,"distribution":"{\"name\": \"FloatDistribution\", \"attributes\": {\"step\": null, \"low\": 2.0, \"high\": 4.0, \"log\": false}}"}
{"op_code":5,"worker_id":"9d8907ab-2f28-4a62-bfc0-37c55e738fb8-140010826334336","trial_id":130,"param_name":"PlateauHeight","param_value_internal":2.5442229350647043,"distribution":"{\"name\": \"FloatDistribution\", \"attributes\": {\"step\": null, \"low\": 2.0, \"high\": 4.0, \"log\": false}}"}
{"op_code":4,"worker_id":"4e460bcd-e743-47c1-945d-59f722bd841d-140387618566272","study_id":0,"datetime_start":"2026-06-05T15:14:28.247947"}
{"op_code":9,"worker_id":"4e460bcd-e743-47c1-945d-59f722bd841d-140387618566272","trial_id":131,"system_attr":{"nsga2:generation":2}}
{"op_code":6,"worker_id":"7e66503b-0597-4e14-bcc6-cf3daf211d5b-139883269681280","trial_id":112,"state":1,"values":[-Infinity,-Infinity],"datetime_complete":"2026-06-05T15:14:28.267975"}
{"op_code":5,"worker_id":"4e460bcd-e743-47c1-945d-59f722bd841d-140387618566272","trial_id":131,"param_name":"JointSlopeAngle","param_value_internal":0.8302295669157753,"distribution":"{\"name\": \"FloatDistribution\", \"attributes\": {\"step\": null, \"low\": 0.17453292519943295, \"high\": 1.0471975511965976, \"log\": false}}"}
{"op_code":5,"worker_id":"4e460bcd-e743-47c1-945d-59f722bd841d-140387618566272","trial_id":131,"param_name":"OuterRadius","param_value_internal":11.131245940895049,"distribution":"{\"name\": \"FloatDistribution\", \"attributes\": {\"step\": null, \"low\": 8.75, \"high\": 17.75, \"log\": false}}"}
{"op_code":6,"worker_id":"2ff4a148-0005-4015-aed6-87e56f3234bc-140669548761216","trial_id":111,"state":1,"values":[-Infinity,-Infinity],"datetime_complete":"2026-06-05T15:14:28.281587"}
{"op_code":5,"worker_id":"4e460bcd-e743-47c1-945d-59f722bd841d-140387618566272","trial_id":131,"param_name":"JointHeight","param_value_internal":5.4087554375445555,"distribution":"{\"name\": \"FloatDistribution\", \"attributes\": {\"step\": null, \"low\": 5.0, \"high\": 8.0, \"log\": false}}"}
{"op_code":6,"worker_id":"9386abc5-3e2e-4369-a995-ee5e51a6709e-140609308393600","trial_id":127,"state":1,"values":[-Infinity,-Infinity],"datetime_complete":"2026-06-05T15:14:28.288555"}
{"op_code":5,"worker_id":"4e460bcd-e743-47c1-945d-59f722bd841d-140387618566272","trial_id":131,"param_name":"CavityCorkThickness","param_value_internal":4.605812389848779,"distribution":"{\"name\": \"FloatDistribution\", \"attributes\": {\"step\": null, \"low\": 2.0, \"high\": 5.0, \"log\": false}}"}
{"op_code":5,"worker_id":"4e460bcd-e743-47c1-945d-59f722bd841d-140387618566272","trial_id":131,"param_name":"BellowHeight","param_value_internal":6.780556373225139,"distribution":"{\"name\": \"FloatDistribution\", \"attributes\": {\"step\": null, \"low\": 6.0, \"high\": 10.0, \"log\": false}}"}
{"op_code":4,"worker_id":"9386abc5-3e2e-4369-a995-ee5e51a6709e-140609308393600","study_id":0,"datetime_start":"2026-06-05T15:14:28.305364"}
{"op_code":5,"worker_id":"4e460bcd-e743-47c1-945d-59f722bd841d-140387618566272","trial_id":131,"param_name":"WallThickness","param_value_internal":2.862990329153649,"distribution":"{\"name\": \"FloatDistribution\", \"attributes\": {\"step\": null, \"low\": 2.0, \"high\": 4.0, \"log\": false}}"}
{"op_code":5,"worker_id":"4e460bcd-e743-47c1-945d-59f722bd841d-140387618566272","trial_id":131,"param_name":"PlateauHeight","param_value_internal":2.2168077236217165,"distribution":"{\"name\": \"FloatDistribution\", \"attributes\": {\"step\": null, \"low\": 2.0, \"high\": 4.0, \"log\": false}}"}
{"op_code":9,"worker_id":"9386abc5-3e2e-4369-a995-ee5e51a6709e-140609308393600","trial_id":132,"system_attr":{"nsga2:generation":2}}
{"op_code":5,"worker_id":"9386abc5-3e2e-4369-a995-ee5e51a6709e-140609308393600","trial_id":132,"param_name":"JointSlopeAngle","param_value_internal":0.237770550311225,"distribution":"{\"name\": \"FloatDistribution\", \"attributes\": {\"step\": null, \"low\": 0.17453292519943295, \"high\": 1.0471975511965976, \"log\": false}}"}
{"op_code":5,"worker_id":"9386abc5-3e2e-4369-a995-ee5e51a6709e-140609308393600","trial_id":132,"param_name":"OuterRadius","param_value_internal":14.173721962338188,"distribution":"{\"name\": \"FloatDistribution\", \"attributes\": {\"step\": null, \"low\": 8.75, \"high\": 17.75, \"log\": false}}"}
{"op_code":5,"worker_id":"9386abc5-3e2e-4369-a995-ee5e51a6709e-140609308393600","trial_id":132,"param_name":"JointHeight","param_value_internal":6.052710965021232,"distribution":"{\"name\": \"FloatDistribution\", \"attributes\": {\"step\": null, \"low\": 5.0, \"high\": 8.0, \"log\": false}}"}
{"op_code":5,"worker_id":"9386abc5-3e2e-4369-a995-ee5e51a6709e-140609308393600","trial_id":132,"param_name":"CavityCorkThickness","param_value_internal":2.413887204088874,"distribution":"{\"name\": \"FloatDistribution\", \"attributes\": {\"step\": null, \"low\": 2.0, \"high\": 5.0, \"log\": false}}"}
{"op_code":6,"worker_id":"9313a9ce-b09a-4d83-bcd6-c4f34fa5d6a8-140169399386240","trial_id":113,"state":1,"values":[-Infinity,-Infinity],"datetime_complete":"2026-06-05T15:14:28.342891"}
{"op_code":5,"worker_id":"9386abc5-3e2e-4369-a995-ee5e51a6709e-140609308393600","trial_id":132,"param_name":"BellowHeight","param_value_internal":9.529386146237606,"distribution":"{\"name\": \"FloatDistribution\", \"attributes\": {\"step\": null, \"low\": 6.0, \"high\": 10.0, \"log\": false}}"}
{"op_code":4,"worker_id":"9313a9ce-b09a-4d83-bcd6-c4f34fa5d6a8-140169399386240","study_id":0,"datetime_start":"2026-06-05T15:14:28.357222"}
{"op_code":5,"worker_id":"9386abc5-3e2e-4369-a995-ee5e51a6709e-140609308393600","trial_id":132,"param_name":"WallThickness","param_value_internal":3.941577996626986,"distribution":"{\"name\": \"FloatDistribution\", \"attributes\": {\"step\": null, \"low\": 2.0, \"high\": 4.0, \"log\": false}}"}
{"op_code":5,"worker_id":"9386abc5-3e2e-4369-a995-ee5e51a6709e-140609308393600","trial_id":132,"param_name":"PlateauHeight","param_value_internal":3.4409294029522175,"distribution":"{\"name\": \"FloatDistribution\", \"attributes\": {\"step\": null, \"low\": 2.0, \"high\": 4.0, \"log\": false}}"}
{"op_code":9,"worker_id":"9313a9ce-b09a-4d83-bcd6-c4f34fa5d6a8-140169399386240","trial_id":133,"system_attr":{"nsga2:generation":2}}
{"op_code":5,"worker_id":"9313a9ce-b09a-4d83-bcd6-c4f34fa5d6a8-140169399386240","trial_id":133,"param_name":"JointSlopeAngle","param_value_internal":0.5118904603764086,"distribution":"{\"name\": \"FloatDistribution\", \"attributes\": {\"step\": null, \"low\": 0.17453292519943295, \"high\": 1.0471975511965976, \"log\": false}}"}
{"op_code":5,"worker_id":"9313a9ce-b09a-4d83-bcd6-c4f34fa5d6a8-140169399386240","trial_id":133,"param_name":"OuterRadius","param_value_internal":14.894342641599668,"distribution":"{\"name\": \"FloatDistribution\", \"attributes\": {\"step\": null, \"low\": 8.75, \"high\": 17.75, \"log\": false}}"}
{"op_code":5,"worker_id":"9313a9ce-b09a-4d83-bcd6-c4f34fa5d6a8-140169399386240","trial_id":133,"param_name":"JointHeight","param_value_internal":7.123586897244875,"distribution":"{\"name\": \"FloatDistribution\", \"attributes\": {\"step\": null, \"low\": 5.0, \"high\": 8.0, \"log\": false}}"}
{"op_code":5,"worker_id":"9313a9ce-b09a-4d83-bcd6-c4f34fa5d6a8-140169399386240","trial_id":133,"param_name":"CavityCorkThickness","param_value_internal":4.029503135121743,"distribution":"{\"name\": \"FloatDistribution\", \"attributes\": {\"step\": null, \"low\": 2.0, \"high\": 5.0, \"log\": false}}"}
{"op_code":5,"worker_id":"9313a9ce-b09a-4d83-bcd6-c4f34fa5d6a8-140169399386240","trial_id":133,"param_name":"BellowHeight","param_value_internal":6.898341865808161,"distribution":"{\"name\": \"FloatDistribution\", \"attributes\": {\"step\": null, \"low\": 6.0, \"high\": 10.0, \"log\": false}}"}
{"op_code":4,"worker_id":"7e66503b-0597-4e14-bcc6-cf3daf211d5b-139883269681280","study_id":0,"datetime_start":"2026-06-05T15:14:28.278892"}
{"op_code":5,"worker_id":"9313a9ce-b09a-4d83-bcd6-c4f34fa5d6a8-140169399386240","trial_id":133,"param_name":"WallThickness","param_value_internal":3.642900933273558,"distribution":"{\"name\": \"FloatDistribution\", \"attributes\": {\"step\": null, \"low\": 2.0, \"high\": 4.0, \"log\": false}}"}
{"op_code":5,"worker_id":"9313a9ce-b09a-4d83-bcd6-c4f34fa5d6a8-140169399386240","trial_id":133,"param_name":"PlateauHeight","param_value_internal":2.115980969857897,"distribution":"{\"name\": \"FloatDistribution\", \"attributes\": {\"step\": null, \"low\": 2.0, \"high\": 4.0, \"log\": false}}"}
{"op_code":4,"worker_id":"2ff4a148-0005-4015-aed6-87e56f3234bc-140669548761216","study_id":0,"datetime_start":"2026-06-05T15:14:28.294646"}
{"op_code":9,"worker_id":"7e66503b-0597-4e14-bcc6-cf3daf211d5b-139883269681280","trial_id":134,"system_attr":{"nsga2:generation":2}}
{"op_code":5,"worker_id":"7e66503b-0597-4e14-bcc6-cf3daf211d5b-139883269681280","trial_id":134,"param_name":"JointSlopeAngle","param_value_internal":0.9097705452513125,"distribution":"{\"name\": \"FloatDistribution\", \"attributes\": {\"step\": null, \"low\": 0.17453292519943295, \"high\": 1.0471975511965976, \"log\": false}}"}
{"op_code":5,"worker_id":"7e66503b-0597-4e14-bcc6-cf3daf211d5b-139883269681280","trial_id":134,"param_name":"OuterRadius","param_value_internal":9.79532987253138,"distribution":"{\"name\": \"FloatDistribution\", \"attributes\": {\"step\": null, \"low\": 8.75, \"high\": 17.75, \"log\": false}}"}
{"op_code":9,"worker_id":"2ff4a148-0005-4015-aed6-87e56f3234bc-140669548761216","trial_id":135,"system_attr":{"nsga2:generation":2}}
{"op_code":5,"worker_id":"7e66503b-0597-4e14-bcc6-cf3daf211d5b-139883269681280","trial_id":134,"param_name":"JointHeight","param_value_internal":5.30342986185514,"distribution":"{\"name\": \"FloatDistribution\", \"attributes\": {\"step\": null, \"low\": 5.0, \"high\": 8.0, \"log\": false}}"}
{"op_code":5,"worker_id":"2ff4a148-0005-4015-aed6-87e56f3234bc-140669548761216","trial_id":135,"param_name":"JointSlopeAngle","param_value_internal":0.5108543382116363,"distribution":"{\"name\": \"FloatDistribution\", \"attributes\": {\"step\": null, \"low\": 0.17453292519943295, \"high\": 1.0471975511965976, \"log\": false}}"}
{"op_code":5,"worker_id":"7e66503b-0597-4e14-bcc6-cf3daf211d5b-139883269681280","trial_id":134,"param_name":"CavityCorkThickness","param_value_internal":2.446227322225355,"distribution":"{\"name\": \"FloatDistribution\", \"attributes\": {\"step\": null, \"low\": 2.0, \"high\": 5.0, \"log\": false}}"}
{"op_code":5,"worker_id":"2ff4a148-0005-4015-aed6-87e56f3234bc-140669548761216","trial_id":135,"param_name":"OuterRadius","param_value_internal":8.900217838384368,"distribution":"{\"name\": \"FloatDistribution\", \"attributes\": {\"step\": null, \"low\": 8.75, \"high\": 17.75, \"log\": false}}"}
{"op_code":5,"worker_id":"7e66503b-0597-4e14-bcc6-cf3daf211d5b-139883269681280","trial_id":134,"param_name":"BellowHeight","param_value_internal":8.738605666762037,"distribution":"{\"name\": \"FloatDistribution\", \"attributes\": {\"step\": null, \"low\": 6.0, \"high\": 10.0, \"log\": false}}"}
{"op_code":5,"worker_id":"2ff4a148-0005-4015-aed6-87e56f3234bc-140669548761216","trial_id":135,"param_name":"JointHeight","param_value_internal":5.6034475832752575,"distribution":"{\"name\": \"FloatDistribution\", \"attributes\": {\"step\": null, \"low\": 5.0, \"high\": 8.0, \"log\": false}}"}
{"op_code":5,"worker_id":"7e66503b-0597-4e14-bcc6-cf3daf211d5b-139883269681280","trial_id":134,"param_name":"WallThickness","param_value_internal":2.4311987976907443,"distribution":"{\"name\": \"FloatDistribution\", \"attributes\": {\"step\": null, \"low\": 2.0, \"high\": 4.0, \"log\": false}}"}
{"op_code":5,"worker_id":"2ff4a148-0005-4015-aed6-87e56f3234bc-140669548761216","trial_id":135,"param_name":"CavityCorkThickness","param_value_internal":2.7850691255432785,"distribution":"{\"name\": \"FloatDistribution\", \"attributes\": {\"step\": null, \"low\": 2.0, \"high\": 5.0, \"log\": false}}"}
{"op_code":5,"worker_id":"7e66503b-0597-4e14-bcc6-cf3daf211d5b-139883269681280","trial_id":134,"param_name":"PlateauHeight","param_value_internal":2.1668580161146096,"distribution":"{\"name\": \"FloatDistribution\", \"attributes\": {\"step\": null, \"low\": 2.0, \"high\": 4.0, \"log\": false}}"}
{"op_code":5,"worker_id":"2ff4a148-0005-4015-aed6-87e56f3234bc-140669548761216","trial_id":135,"param_name":"BellowHeight","param_value_internal":6.777051689049587,"distribution":"{\"name\": \"FloatDistribution\", \"attributes\": {\"step\": null, \"low\": 6.0, \"high\": 10.0, \"log\": false}}"}
{"op_code":5,"worker_id":"2ff4a148-0005-4015-aed6-87e56f3234bc-140669548761216","trial_id":135,"param_name":"WallThickness","param_value_internal":3.093660522664136,"distribution":"{\"name\": \"FloatDistribution\", \"attributes\": {\"step\": null, \"low\": 2.0, \"high\": 4.0, \"log\": false}}"}
{"op_code":5,"worker_id":"2ff4a148-0005-4015-aed6-87e56f3234bc-140669548761216","trial_id":135,"param_name":"PlateauHeight","param_value_internal":2.287332015977254,"distribution":"{\"name\": \"FloatDistribution\", \"attributes\": {\"step\": null, \"low\": 2.0, \"high\": 4.0, \"log\": false}}"}
{"op_code":6,"worker_id":"04965b0d-4109-496d-bd42-addd6ef9349a-140038410883200","trial_id":109,"state":1,"values":[-Infinity,-Infinity],"datetime_complete":"2026-06-05T15:14:28.290808"}
{"op_code":4,"worker_id":"04965b0d-4109-496d-bd42-addd6ef9349a-140038410883200","study_id":0,"datetime_start":"2026-06-05T15:14:28.560796"}
{"op_code":3,"worker_id":"04965b0d-4109-496d-bd42-addd6ef9349a-140038410883200","study_id":0,"system_attr":{"nsga2:population:e3b0c44298fc1c149afbf4c8996fb92427ae41e4649b934ca495991b7852b855":[1,[9,10,11,12,13,14,15,16,17,18,19,20,21,22,23,24,25,26,27,28,29,30,31,32,33,34,35,36,37,38,39,40,41,42,43,44,45,46,47,48,49,50,51,52,53,54,55,56,57,58]]}}
{"op_code":9,"worker_id":"04965b0d-4109-496d-bd42-addd6ef9349a-140038410883200","trial_id":136,"system_attr":{"nsga2:generation":2}}
{"op_code":5,"worker_id":"04965b0d-4109-496d-bd42-addd6ef9349a-140038410883200","trial_id":136,"param_name":"JointSlopeAngle","param_value_internal":0.8213479588463072,"distribution":"{\"name\": \"FloatDistribution\", \"attributes\": {\"step\": null, \"low\": 0.17453292519943295, \"high\": 1.0471975511965976, \"log\": false}}"}
{"op_code":5,"worker_id":"04965b0d-4109-496d-bd42-addd6ef9349a-140038410883200","trial_id":136,"param_name":"OuterRadius","param_value_internal":17.66475081135803,"distribution":"{\"name\": \"FloatDistribution\", \"attributes\": {\"step\": null, \"low\": 8.75, \"high\": 17.75, \"log\": false}}"}
{"op_code":5,"worker_id":"04965b0d-4109-496d-bd42-addd6ef9349a-140038410883200","trial_id":136,"param_name":"JointHeight","param_value_internal":7.071117864601466,"distribution":"{\"name\": \"FloatDistribution\", \"attributes\": {\"step\": null, \"low\": 5.0, \"high\": 8.0, \"log\": false}}"}
{"op_code":5,"worker_id":"04965b0d-4109-496d-bd42-addd6ef9349a-140038410883200","trial_id":136,"param_name":"CavityCorkThickness","param_value_internal":2.364406361035443,"distribution":"{\"name\": \"FloatDistribution\", \"attributes\": {\"step\": null, \"low\": 2.0, \"high\": 5.0, \"log\": false}}"}
{"op_code":5,"worker_id":"04965b0d-4109-496d-bd42-addd6ef9349a-140038410883200","trial_id":136,"param_name":"BellowHeight","param_value_internal":9.257296933189739,"distribution":"{\"name\": \"FloatDistribution\", \"attributes\": {\"step\": null, \"low\": 6.0, \"high\": 10.0, \"log\": false}}"}
{"op_code":5,"worker_id":"04965b0d-4109-496d-bd42-addd6ef9349a-140038410883200","trial_id":136,"param_name":"WallThickness","param_value_internal":2.7130827124486396,"distribution":"{\"name\": \"FloatDistribution\", \"attributes\": {\"step\": null, \"low\": 2.0, \"high\": 4.0, \"log\": false}}"}
{"op_code":5,"worker_id":"04965b0d-4109-496d-bd42-addd6ef9349a-140038410883200","trial_id":136,"param_name":"PlateauHeight","param_value_internal":2.5985426891275507,"distribution":"{\"name\": \"FloatDistribution\", \"attributes\": {\"step\": null, \"low\": 2.0, \"high\": 4.0, \"log\": false}}"}
{"op_code":6,"worker_id":"08967eb3-cdb1-478d-9d04-703c2d39e42a-140464208658560","trial_id":128,"state":1,"values":[-Infinity,-Infinity],"datetime_complete":"2026-06-05T15:14:28.762531"}
{"op_code":4,"worker_id":"08967eb3-cdb1-478d-9d04-703c2d39e42a-140464208658560","study_id":0,"datetime_start":"2026-06-05T15:14:28.773258"}
{"op_code":9,"worker_id":"08967eb3-cdb1-478d-9d04-703c2d39e42a-140464208658560","trial_id":137,"system_attr":{"nsga2:generation":2}}
{"op_code":5,"worker_id":"08967eb3-cdb1-478d-9d04-703c2d39e42a-140464208658560","trial_id":137,"param_name":"JointSlopeAngle","param_value_internal":0.5053599675254541,"distribution":"{\"name\": \"FloatDistribution\", \"attributes\": {\"step\": null, \"low\": 0.17453292519943295, \"high\": 1.0471975511965976, \"log\": false}}"}
{"op_code":5,"worker_id":"08967eb3-cdb1-478d-9d04-703c2d39e42a-140464208658560","trial_id":137,"param_name":"OuterRadius","param_value_internal":9.089761516972208,"distribution":"{\"name\": \"FloatDistribution\", \"attributes\": {\"step\": null, \"low\": 8.75, \"high\": 17.75, \"log\": false}}"}
{"op_code":5,"worker_id":"08967eb3-cdb1-478d-9d04-703c2d39e42a-140464208658560","trial_id":137,"param_name":"JointHeight","param_value_internal":7.896370029899415,"distribution":"{\"name\": \"FloatDistribution\", \"attributes\": {\"step\": null, \"low\": 5.0, \"high\": 8.0, \"log\": false}}"}
{"op_code":5,"worker_id":"08967eb3-cdb1-478d-9d04-703c2d39e42a-140464208658560","trial_id":137,"param_name":"CavityCorkThickness","param_value_internal":4.470070199035538,"distribution":"{\"name\": \"FloatDistribution\", \"attributes\": {\"step\": null, \"low\": 2.0, \"high\": 5.0, \"log\": false}}"}
{"op_code":5,"worker_id":"08967eb3-cdb1-478d-9d04-703c2d39e42a-140464208658560","trial_id":137,"param_name":"BellowHeight","param_value_internal":6.48249727677381,"distribution":"{\"name\": \"FloatDistribution\", \"attributes\": {\"step\": null, \"low\": 6.0, \"high\": 10.0, \"log\": false}}"}
{"op_code":5,"worker_id":"08967eb3-cdb1-478d-9d04-703c2d39e42a-140464208658560","trial_id":137,"param_name":"WallThickness","param_value_internal":2.4366161239942548,"distribution":"{\"name\": \"FloatDistribution\", \"attributes\": {\"step\": null, \"low\": 2.0, \"high\": 4.0, \"log\": false}}"}
{"op_code":5,"worker_id":"08967eb3-cdb1-478d-9d04-703c2d39e42a-140464208658560","trial_id":137,"param_name":"PlateauHeight","param_value_internal":3.3237763639795537,"distribution":"{\"name\": \"FloatDistribution\", \"attributes\": {\"step\": null, \"low\": 2.0, \"high\": 4.0, \"log\": false}}"}
{"op_code":6,"worker_id":"747cb986-8c00-4417-ac56-b822bbb7699a-140174220030080","trial_id":124,"state":1,"values":[-Infinity,-Infinity],"datetime_complete":"2026-06-05T15:14:28.838035"}
{"op_code":4,"worker_id":"747cb986-8c00-4417-ac56-b822bbb7699a-140174220030080","study_id":0,"datetime_start":"2026-06-05T15:14:28.848384"}
{"op_code":9,"worker_id":"747cb986-8c00-4417-ac56-b822bbb7699a-140174220030080","trial_id":138,"system_attr":{"nsga2:generation":2}}
{"op_code":5,"worker_id":"747cb986-8c00-4417-ac56-b822bbb7699a-140174220030080","trial_id":138,"param_name":"JointSlopeAngle","param_value_internal":0.42807142004388865,"distribution":"{\"name\": \"FloatDistribution\", \"attributes\": {\"step\": null, \"low\": 0.17453292519943295, \"high\": 1.0471975511965976, \"log\": false}}"}
{"op_code":5,"worker_id":"747cb986-8c00-4417-ac56-b822bbb7699a-140174220030080","trial_id":138,"param_name":"OuterRadius","param_value_internal":11.610094326668714,"distribution":"{\"name\": \"FloatDistribution\", \"attributes\": {\"step\": null, \"low\": 8.75, \"high\": 17.75, \"log\": false}}"}
{"op_code":5,"worker_id":"747cb986-8c00-4417-ac56-b822bbb7699a-140174220030080","trial_id":138,"param_name":"JointHeight","param_value_internal":6.400880337988119,"distribution":"{\"name\": \"FloatDistribution\", \"attributes\": {\"step\": null, \"low\": 5.0, \"high\": 8.0, \"log\": false}}"}
{"op_code":5,"worker_id":"747cb986-8c00-4417-ac56-b822bbb7699a-140174220030080","trial_id":138,"param_name":"CavityCorkThickness","param_value_internal":3.5689896349541286,"distribution":"{\"name\": \"FloatDistribution\", \"attributes\": {\"step\": null, \"low\": 2.0, \"high\": 5.0, \"log\": false}}"}
{"op_code":5,"worker_id":"747cb986-8c00-4417-ac56-b822bbb7699a-140174220030080","trial_id":138,"param_name":"BellowHeight","param_value_internal":6.3075108855158515,"distribution":"{\"name\": \"FloatDistribution\", \"attributes\": {\"step\": null, \"low\": 6.0, \"high\": 10.0, \"log\": false}}"}
{"op_code":5,"worker_id":"747cb986-8c00-4417-ac56-b822bbb7699a-140174220030080","trial_id":138,"param_name":"WallThickness","param_value_internal":3.4756624169138575,"distribution":"{\"name\": \"FloatDistribution\", \"attributes\": {\"step\": null, \"low\": 2.0, \"high\": 4.0, \"log\": false}}"}
{"op_code":5,"worker_id":"747cb986-8c00-4417-ac56-b822bbb7699a-140174220030080","trial_id":138,"param_name":"PlateauHeight","param_value_internal":2.3555225735755547,"distribution":"{\"name\": \"FloatDistribution\", \"attributes\": {\"step\": null, \"low\": 2.0, \"high\": 4.0, \"log\": false}}"}
{"op_code":6,"worker_id":"9d8907ab-2f28-4a62-bfc0-37c55e738fb8-140010826334336","trial_id":130,"state":1,"values":[-Infinity,-Infinity],"datetime_complete":"2026-06-05T15:14:28.978045"}
{"op_code":4,"worker_id":"9d8907ab-2f28-4a62-bfc0-37c55e738fb8-140010826334336","study_id":0,"datetime_start":"2026-06-05T15:14:28.987810"}
{"op_code":9,"worker_id":"9d8907ab-2f28-4a62-bfc0-37c55e738fb8-140010826334336","trial_id":139,"system_attr":{"nsga2:generation":2}}
{"op_code":5,"worker_id":"9d8907ab-2f28-4a62-bfc0-37c55e738fb8-140010826334336","trial_id":139,"param_name":"JointSlopeAngle","param_value_internal":0.8213479588463072,"distribution":"{\"name\": \"FloatDistribution\", \"attributes\": {\"step\": null, \"low\": 0.17453292519943295, \"high\": 1.0471975511965976, \"log\": false}}"}
{"op_code":5,"worker_id":"9d8907ab-2f28-4a62-bfc0-37c55e738fb8-140010826334336","trial_id":139,"param_name":"OuterRadius","param_value_internal":16.411419311713985,"distribution":"{\"name\": \"FloatDistribution\", \"attributes\": {\"step\": null, \"low\": 8.75, \"high\": 17.75, \"log\": false}}"}
{"op_code":5,"worker_id":"9d8907ab-2f28-4a62-bfc0-37c55e738fb8-140010826334336","trial_id":139,"param_name":"JointHeight","param_value_internal":6.763688332860763,"distribution":"{\"name\": \"FloatDistribution\", \"attributes\": {\"step\": null, \"low\": 5.0, \"high\": 8.0, \"log\": false}}"}
{"op_code":5,"worker_id":"9d8907ab-2f28-4a62-bfc0-37c55e738fb8-140010826334336","trial_id":139,"param_name":"CavityCorkThickness","param_value_internal":2.8371854765973716,"distribution":"{\"name\": \"FloatDistribution\", \"attributes\": {\"step\": null, \"low\": 2.0, \"high\": 5.0, \"log\": false}}"}
{"op_code":5,"worker_id":"9d8907ab-2f28-4a62-bfc0-37c55e738fb8-140010826334336","trial_id":139,"param_name":"BellowHeight","param_value_internal":6.061027055273351,"distribution":"{\"name\": \"FloatDistribution\", \"attributes\": {\"step\": null, \"low\": 6.0, \"high\": 10.0, \"log\": false}}"}
{"op_code":5,"worker_id":"9d8907ab-2f28-4a62-bfc0-37c55e738fb8-140010826334336","trial_id":139,"param_name":"WallThickness","param_value_internal":3.302476171572261,"distribution":"{\"name\": \"FloatDistribution\", \"attributes\": {\"step\": null, \"low\": 2.0, \"high\": 4.0, \"log\": false}}"}
{"op_code":5,"worker_id":"9d8907ab-2f28-4a62-bfc0-37c55e738fb8-140010826334336","trial_id":139,"param_name":"PlateauHeight","param_value_internal":2.981100545399343,"distribution":"{\"name\": \"FloatDistribution\", \"attributes\": {\"step\": null, \"low\": 2.0, \"high\": 4.0, \"log\": false}}"}
{"op_code":6,"worker_id":"4e460bcd-e743-47c1-945d-59f722bd841d-140387618566272","trial_id":131,"state":1,"values":[-Infinity,-Infinity],"datetime_complete":"2026-06-05T15:14:29.064921"}
{"op_code":4,"worker_id":"4e460bcd-e743-47c1-945d-59f722bd841d-140387618566272","study_id":0,"datetime_start":"2026-06-05T15:14:29.073815"}
{"op_code":9,"worker_id":"4e460bcd-e743-47c1-945d-59f722bd841d-140387618566272","trial_id":140,"system_attr":{"nsga2:generation":2}}
{"op_code":5,"worker_id":"4e460bcd-e743-47c1-945d-59f722bd841d-140387618566272","trial_id":140,"param_name":"JointSlopeAngle","param_value_internal":0.5233720299791019,"distribution":"{\"name\": \"FloatDistribution\", \"attributes\": {\"step\": null, \"low\": 0.17453292519943295, \"high\": 1.0471975511965976, \"log\": false}}"}
{"op_code":5,"worker_id":"4e460bcd-e743-47c1-945d-59f722bd841d-140387618566272","trial_id":140,"param_name":"OuterRadius","param_value_internal":10.741103934087235,"distribution":"{\"name\": \"FloatDistribution\", \"attributes\": {\"step\": null, \"low\": 8.75, \"high\": 17.75, \"log\": false}}"}
{"op_code":5,"worker_id":"4e460bcd-e743-47c1-945d-59f722bd841d-140387618566272","trial_id":140,"param_name":"JointHeight","param_value_internal":5.79402826387025,"distribution":"{\"name\": \"FloatDistribution\", \"attributes\": {\"step\": null, \"low\": 5.0, \"high\": 8.0, \"log\": false}}"}
{"op_code":5,"worker_id":"4e460bcd-e743-47c1-945d-59f722bd841d-140387618566272","trial_id":140,"param_name":"CavityCorkThickness","param_value_internal":2.517778439922478,"distribution":"{\"name\": \"FloatDistribution\", \"attributes\": {\"step\": null, \"low\": 2.0, \"high\": 5.0, \"log\": false}}"}
{"op_code":5,"worker_id":"4e460bcd-e743-47c1-945d-59f722bd841d-140387618566272","trial_id":140,"param_name":"BellowHeight","param_value_internal":6.140418287277585,"distribution":"{\"name\": \"FloatDistribution\", \"attributes\": {\"step\": null, \"low\": 6.0, \"high\": 10.0, \"log\": false}}"}
{"op_code":5,"worker_id":"4e460bcd-e743-47c1-945d-59f722bd841d-140387618566272","trial_id":140,"param_name":"WallThickness","param_value_internal":2.4311987976907443,"distribution":"{\"name\": \"FloatDistribution\", \"attributes\": {\"step\": null, \"low\": 2.0, \"high\": 4.0, \"log\": false}}"}
{"op_code":5,"worker_id":"4e460bcd-e743-47c1-945d-59f722bd841d-140387618566272","trial_id":140,"param_name":"PlateauHeight","param_value_internal":2.508365329124771,"distribution":"{\"name\": \"FloatDistribution\", \"attributes\": {\"step\": null, \"low\": 2.0, \"high\": 4.0, \"log\": false}}"}
{"op_code":6,"worker_id":"9386abc5-3e2e-4369-a995-ee5e51a6709e-140609308393600","trial_id":132,"state":1,"values":[-Infinity,-Infinity],"datetime_complete":"2026-06-05T15:14:29.120327"}
{"op_code":4,"worker_id":"9386abc5-3e2e-4369-a995-ee5e51a6709e-140609308393600","study_id":0,"datetime_start":"2026-06-05T15:14:29.131900"}
{"op_code":9,"worker_id":"9386abc5-3e2e-4369-a995-ee5e51a6709e-140609308393600","trial_id":141,"system_attr":{"nsga2:generation":2}}
{"op_code":5,"worker_id":"9386abc5-3e2e-4369-a995-ee5e51a6709e-140609308393600","trial_id":141,"param_name":"JointSlopeAngle","param_value_internal":0.237770550311225,"distribution":"{\"name\": \"FloatDistribution\", \"attributes\": {\"step\": null, \"low\": 0.17453292519943295, \"high\": 1.0471975511965976, \"log\": false}}"}
{"op_code":5,"worker_id":"9386abc5-3e2e-4369-a995-ee5e51a6709e-140609308393600","trial_id":141,"param_name":"OuterRadius","param_value_internal":10.649894468429641,"distribution":"{\"name\": \"FloatDistribution\", \"attributes\": {\"step\": null, \"low\": 8.75, \"high\": 17.75, \"log\": false}}"}
{"op_code":5,"worker_id":"9386abc5-3e2e-4369-a995-ee5e51a6709e-140609308393600","trial_id":141,"param_name":"JointHeight","param_value_internal":6.913766881434939,"distribution":"{\"name\": \"FloatDistribution\", \"attributes\": {\"step\": null, \"low\": 5.0, \"high\": 8.0, \"log\": false}}"}
{"op_code":5,"worker_id":"9386abc5-3e2e-4369-a995-ee5e51a6709e-140609308393600","trial_id":141,"param_name":"CavityCorkThickness","param_value_internal":2.413887204088874,"distribution":"{\"name\": \"FloatDistribution\", \"attributes\": {\"step\": null, \"low\": 2.0, \"high\": 5.0, \"log\": false}}"}
{"op_code":5,"worker_id":"9386abc5-3e2e-4369-a995-ee5e51a6709e-140609308393600","trial_id":141,"param_name":"BellowHeight","param_value_internal":9.529386146237606,"distribution":"{\"name\": \"FloatDistribution\", \"attributes\": {\"step\": null, \"low\": 6.0, \"high\": 10.0, \"log\": false}}"}
{"op_code":5,"worker_id":"9386abc5-3e2e-4369-a995-ee5e51a6709e-140609308393600","trial_id":141,"param_name":"WallThickness","param_value_internal":2.618770904319166,"distribution":"{\"name\": \"FloatDistribution\", \"attributes\": {\"step\": null, \"low\": 2.0, \"high\": 4.0, \"log\": false}}"}
{"op_code":5,"worker_id":"9386abc5-3e2e-4369-a995-ee5e51a6709e-140609308393600","trial_id":141,"param_name":"PlateauHeight","param_value_internal":2.3040173804460524,"distribution":"{\"name\": \"FloatDistribution\", \"attributes\": {\"step\": null, \"low\": 2.0, \"high\": 4.0, \"log\": false}}"}
{"op_code":6,"worker_id":"bcddaf33-44b8-4647-b466-e68e7e22a836-139736242049152","trial_id":129,"state":1,"values":[-Infinity,-Infinity],"datetime_complete":"2026-06-05T15:14:29.338582"}
{"op_code":4,"worker_id":"bcddaf33-44b8-4647-b466-e68e7e22a836-139736242049152","study_id":0,"datetime_start":"2026-06-05T15:14:29.349327"}
{"op_code":9,"worker_id":"bcddaf33-44b8-4647-b466-e68e7e22a836-139736242049152","trial_id":142,"system_attr":{"nsga2:generation":2}}
{"op_code":5,"worker_id":"bcddaf33-44b8-4647-b466-e68e7e22a836-139736242049152","trial_id":142,"param_name":"JointSlopeAngle","param_value_internal":1.032347779810134,"distribution":"{\"name\": \"FloatDistribution\", \"attributes\": {\"step\": null, \"low\": 0.17453292519943295, \"high\": 1.0471975511965976, \"log\": false}}"}
{"op_code":5,"worker_id":"bcddaf33-44b8-4647-b466-e68e7e22a836-139736242049152","trial_id":142,"param_name":"OuterRadius","param_value_internal":16.152153807231464,"distribution":"{\"name\": \"FloatDistribution\", \"attributes\": {\"step\": null, \"low\": 8.75, \"high\": 17.75, \"log\": false}}"}
{"op_code":5,"worker_id":"bcddaf33-44b8-4647-b466-e68e7e22a836-139736242049152","trial_id":142,"param_name":"JointHeight","param_value_internal":5.194843371697338,"distribution":"{\"name\": \"FloatDistribution\", \"attributes\": {\"step\": null, \"low\": 5.0, \"high\": 8.0, \"log\": false}}"}
{"op_code":5,"worker_id":"bcddaf33-44b8-4647-b466-e68e7e22a836-139736242049152","trial_id":142,"param_name":"CavityCorkThickness","param_value_internal":2.6465399549778734,"distribution":"{\"name\": \"FloatDistribution\", \"attributes\": {\"step\": null, \"low\": 2.0, \"high\": 5.0, \"log\": false}}"}
{"op_code":5,"worker_id":"bcddaf33-44b8-4647-b466-e68e7e22a836-139736242049152","trial_id":142,"param_name":"BellowHeight","param_value_internal":9.180128917078722,"distribution":"{\"name\": \"FloatDistribution\", \"attributes\": {\"step\": null, \"low\": 6.0, \"high\": 10.0, \"log\": false}}"}
{"op_code":5,"worker_id":"bcddaf33-44b8-4647-b466-e68e7e22a836-139736242049152","trial_id":142,"param_name":"WallThickness","param_value_internal":3.646697852756133,"distribution":"{\"name\": \"FloatDistribution\", \"attributes\": {\"step\": null, \"low\": 2.0, \"high\": 4.0, \"log\": false}}"}
{"op_code":5,"worker_id":"bcddaf33-44b8-4647-b466-e68e7e22a836-139736242049152","trial_id":142,"param_name":"PlateauHeight","param_value_internal":3.150779197078743,"distribution":"{\"name\": \"FloatDistribution\", \"attributes\": {\"step\": null, \"low\": 2.0, \"high\": 4.0, \"log\": false}}"}
{"op_code":6,"worker_id":"08967eb3-cdb1-478d-9d04-703c2d39e42a-140464208658560","trial_id":137,"state":1,"values":[-Infinity,-Infinity],"datetime_complete":"2026-06-05T15:14:29.546851"}
{"op_code":4,"worker_id":"08967eb3-cdb1-478d-9d04-703c2d39e42a-140464208658560","study_id":0,"datetime_start":"2026-06-05T15:14:29.556918"}
{"op_code":9,"worker_id":"08967eb3-cdb1-478d-9d04-703c2d39e42a-140464208658560","trial_id":143,"system_attr":{"nsga2:generation":2}}
{"op_code":5,"worker_id":"08967eb3-cdb1-478d-9d04-703c2d39e42a-140464208658560","trial_id":143,"param_name":"JointSlopeAngle","param_value_internal":0.5446770735150988,"distribution":"{\"name\": \"FloatDistribution\", \"attributes\": {\"step\": null, \"low\": 0.17453292519943295, \"high\": 1.0471975511965976, \"log\": false}}"}
{"op_code":5,"worker_id":"08967eb3-cdb1-478d-9d04-703c2d39e42a-140464208658560","trial_id":143,"param_name":"OuterRadius","param_value_internal":14.894342641599668,"distribution":"{\"name\": \"FloatDistribution\", \"attributes\": {\"step\": null, \"low\": 8.75, \"high\": 17.75, \"log\": false}}"}
{"op_code":5,"worker_id":"08967eb3-cdb1-478d-9d04-703c2d39e42a-140464208658560","trial_id":143,"param_name":"JointHeight","param_value_internal":7.773477014720229,"distribution":"{\"name\": \"FloatDistribution\", \"attributes\": {\"step\": null, \"low\": 5.0, \"high\": 8.0, \"log\": false}}"}
{"op_code":5,"worker_id":"08967eb3-cdb1-478d-9d04-703c2d39e42a-140464208658560","trial_id":143,"param_name":"CavityCorkThickness","param_value_internal":4.029503135121743,"distribution":"{\"name\": \"FloatDistribution\", \"attributes\": {\"step\": null, \"low\": 2.0, \"high\": 5.0, \"log\": false}}"}
{"op_code":5,"worker_id":"08967eb3-cdb1-478d-9d04-703c2d39e42a-140464208658560","trial_id":143,"param_name":"BellowHeight","param_value_internal":6.34045111637335,"distribution":"{\"name\": \"FloatDistribution\", \"attributes\": {\"step\": null, \"low\": 6.0, \"high\": 10.0, \"log\": false}}"}
{"op_code":5,"worker_id":"08967eb3-cdb1-478d-9d04-703c2d39e42a-140464208658560","trial_id":143,"param_name":"WallThickness","param_value_internal":3.1028643470325674,"distribution":"{\"name\": \"FloatDistribution\", \"attributes\": {\"step\": null, \"low\": 2.0, \"high\": 4.0, \"log\": false}}"}
{"op_code":5,"worker_id":"08967eb3-cdb1-478d-9d04-703c2d39e42a-140464208658560","trial_id":143,"param_name":"PlateauHeight","param_value_internal":2.5998480881004555,"distribution":"{\"name\": \"FloatDistribution\", \"attributes\": {\"step\": null, \"low\": 2.0, \"high\": 4.0, \"log\": false}}"}
{"op_code":6,"worker_id":"9d8907ab-2f28-4a62-bfc0-37c55e738fb8-140010826334336","trial_id":139,"state":1,"values":[-Infinity,-Infinity],"datetime_complete":"2026-06-05T15:14:29.745266"}
{"op_code":4,"worker_id":"9d8907ab-2f28-4a62-bfc0-37c55e738fb8-140010826334336","study_id":0,"datetime_start":"2026-06-05T15:14:29.755046"}
{"op_code":9,"worker_id":"9d8907ab-2f28-4a62-bfc0-37c55e738fb8-140010826334336","trial_id":144,"system_attr":{"nsga2:generation":2}}
{"op_code":5,"worker_id":"9d8907ab-2f28-4a62-bfc0-37c55e738fb8-140010826334336","trial_id":144,"param_name":"JointSlopeAngle","param_value_internal":0.5446770735150988,"distribution":"{\"name\": \"FloatDistribution\", \"attributes\": {\"step\": null, \"low\": 0.17453292519943295, \"high\": 1.0471975511965976, \"log\": false}}"}
{"op_code":5,"worker_id":"9d8907ab-2f28-4a62-bfc0-37c55e738fb8-140010826334336","trial_id":144,"param_name":"OuterRadius","param_value_internal":10.741103934087235,"distribution":"{\"name\": \"FloatDistribution\", \"attributes\": {\"step\": null, \"low\": 8.75, \"high\": 17.75, \"log\": false}}"}
{"op_code":5,"worker_id":"9d8907ab-2f28-4a62-bfc0-37c55e738fb8-140010826334336","trial_id":144,"param_name":"JointHeight","param_value_internal":6.372819468219255,"distribution":"{\"name\": \"FloatDistribution\", \"attributes\": {\"step\": null, \"low\": 5.0, \"high\": 8.0, \"log\": false}}"}
{"op_code":5,"worker_id":"9d8907ab-2f28-4a62-bfc0-37c55e738fb8-140010826334336","trial_id":144,"param_name":"CavityCorkThickness","param_value_internal":4.2571085630744765,"distribution":"{\"name\": \"FloatDistribution\", \"attributes\": {\"step\": null, \"low\": 2.0, \"high\": 5.0, \"log\": false}}"}
{"op_code":5,"worker_id":"9d8907ab-2f28-4a62-bfc0-37c55e738fb8-140010826334336","trial_id":144,"param_name":"BellowHeight","param_value_internal":9.523437290703383,"distribution":"{\"name\": \"FloatDistribution\", \"attributes\": {\"step\": null, \"low\": 6.0, \"high\": 10.0, \"log\": false}}"}
{"op_code":5,"worker_id":"9d8907ab-2f28-4a62-bfc0-37c55e738fb8-140010826334336","trial_id":144,"param_name":"WallThickness","param_value_internal":3.180160054366156,"distribution":"{\"name\": \"FloatDistribution\", \"attributes\": {\"step\": null, \"low\": 2.0, \"high\": 4.0, \"log\": false}}"}
{"op_code":5,"worker_id":"9d8907ab-2f28-4a62-bfc0-37c55e738fb8-140010826334336","trial_id":144,"param_name":"PlateauHeight","param_value_internal":2.5998480881004555,"distribution":"{\"name\": \"FloatDistribution\", \"attributes\": {\"step\": null, \"low\": 2.0, \"high\": 4.0, \"log\": false}}"}
{"op_code":6,"worker_id":"4e460bcd-e743-47c1-945d-59f722bd841d-140387618566272","trial_id":140,"state":1,"values":[-Infinity,-Infinity],"datetime_complete":"2026-06-05T15:14:29.845195"}
{"op_code":4,"worker_id":"4e460bcd-e743-47c1-945d-59f722bd841d-140387618566272","study_id":0,"datetime_start":"2026-06-05T15:14:29.855355"}
{"op_code":9,"worker_id":"4e460bcd-e743-47c1-945d-59f722bd841d-140387618566272","trial_id":145,"system_attr":{"nsga2:generation":2}}
{"op_code":5,"worker_id":"4e460bcd-e743-47c1-945d-59f722bd841d-140387618566272","trial_id":145,"param_name":"JointSlopeAngle","param_value_internal":0.6864795531920312,"distribution":"{\"name\": \"FloatDistribution\", \"attributes\": {\"step\": null, \"low\": 0.17453292519943295, \"high\": 1.0471975511965976, \"log\": false}}"}
{"op_code":5,"worker_id":"4e460bcd-e743-47c1-945d-59f722bd841d-140387618566272","trial_id":145,"param_name":"OuterRadius","param_value_internal":11.920475327989514,"distribution":"{\"name\": \"FloatDistribution\", \"attributes\": {\"step\": null, \"low\": 8.75, \"high\": 17.75, \"log\": false}}"}
{"op_code":5,"worker_id":"4e460bcd-e743-47c1-945d-59f722bd841d-140387618566272","trial_id":145,"param_name":"JointHeight","param_value_internal":6.65804366970036,"distribution":"{\"name\": \"FloatDistribution\", \"attributes\": {\"step\": null, \"low\": 5.0, \"high\": 8.0, \"log\": false}}"}
{"op_code":5,"worker_id":"4e460bcd-e743-47c1-945d-59f722bd841d-140387618566272","trial_id":145,"param_name":"CavityCorkThickness","param_value_internal":2.0329359757974044,"distribution":"{\"name\": \"FloatDistribution\", \"attributes\": {\"step\": null, \"low\": 2.0, \"high\": 5.0, \"log\": false}}"}
{"op_code":5,"worker_id":"4e460bcd-e743-47c1-945d-59f722bd841d-140387618566272","trial_id":145,"param_name":"BellowHeight","param_value_internal":6.269352271189634,"distribution":"{\"name\": \"FloatDistribution\", \"attributes\": {\"step\": null, \"low\": 6.0, \"high\": 10.0, \"log\": false}}"}
{"op_code":5,"worker_id":"4e460bcd-e743-47c1-945d-59f722bd841d-140387618566272","trial_id":145,"param_name":"WallThickness","param_value_internal":3.497441904392877,"distribution":"{\"name\": \"FloatDistribution\", \"attributes\": {\"step\": null, \"low\": 2.0, \"high\": 4.0, \"log\": false}}"}
{"op_code":5,"worker_id":"4e460bcd-e743-47c1-945d-59f722bd841d-140387618566272","trial_id":145,"param_name":"PlateauHeight","param_value_internal":2.263679286655835,"distribution":"{\"name\": \"FloatDistribution\", \"attributes\": {\"step\": null, \"low\": 2.0, \"high\": 4.0, \"log\": false}}"}
{"op_code":6,"worker_id":"9386abc5-3e2e-4369-a995-ee5e51a6709e-140609308393600","trial_id":141,"state":1,"values":[-Infinity,-Infinity],"datetime_complete":"2026-06-05T15:14:29.916652"}
{"op_code":4,"worker_id":"9386abc5-3e2e-4369-a995-ee5e51a6709e-140609308393600","study_id":0,"datetime_start":"2026-06-05T15:14:29.925434"}
{"op_code":9,"worker_id":"9386abc5-3e2e-4369-a995-ee5e51a6709e-140609308393600","trial_id":146,"system_attr":{"nsga2:generation":2}}
{"op_code":5,"worker_id":"9386abc5-3e2e-4369-a995-ee5e51a6709e-140609308393600","trial_id":146,"param_name":"JointSlopeAngle","param_value_internal":0.6641895571548798,"distribution":"{\"name\": \"FloatDistribution\", \"attributes\": {\"step\": null, \"low\": 0.17453292519943295, \"high\": 1.0471975511965976, \"log\": false}}"}
{"op_code":5,"worker_id":"9386abc5-3e2e-4369-a995-ee5e51a6709e-140609308393600","trial_id":146,"param_name":"OuterRadius","param_value_internal":9.798734822806198,"distribution":"{\"name\": \"FloatDistribution\", \"attributes\": {\"step\": null, \"low\": 8.75, \"high\": 17.75, \"log\": false}}"}
{"op_code":5,"worker_id":"9386abc5-3e2e-4369-a995-ee5e51a6709e-140609308393600","trial_id":146,"param_name":"JointHeight","param_value_internal":7.170757274653894,"distribution":"{\"name\": \"FloatDistribution\", \"attributes\": {\"step\": null, \"low\": 5.0, \"high\": 8.0, \"log\": false}}"}
{"op_code":5,"worker_id":"9386abc5-3e2e-4369-a995-ee5e51a6709e-140609308393600","trial_id":146,"param_name":"CavityCorkThickness","param_value_internal":2.4252391243527542,"distribution":"{\"name\": \"FloatDistribution\", \"attributes\": {\"step\": null, \"low\": 2.0, \"high\": 5.0, \"log\": false}}"}
{"op_code":5,"worker_id":"9386abc5-3e2e-4369-a995-ee5e51a6709e-140609308393600","trial_id":146,"param_name":"BellowHeight","param_value_internal":6.68192879228146,"distribution":"{\"name\": \"FloatDistribution\", \"attributes\": {\"step\": null, \"low\": 6.0, \"high\": 10.0, \"log\": false}}"}
{"op_code":5,"worker_id":"9386abc5-3e2e-4369-a995-ee5e51a6709e-140609308393600","trial_id":146,"param_name":"WallThickness","param_value_internal":2.9446279100014356,"distribution":"{\"name\": \"FloatDistribution\", \"attributes\": {\"step\": null, \"low\": 2.0, \"high\": 4.0, \"log\": false}}"}
{"op_code":5,"worker_id":"9386abc5-3e2e-4369-a995-ee5e51a6709e-140609308393600","trial_id":146,"param_name":"PlateauHeight","param_value_internal":2.3529934180752807,"distribution":"{\"name\": \"FloatDistribution\", \"attributes\": {\"step\": null, \"low\": 2.0, \"high\": 4.0, \"log\": false}}"}
{"op_code":6,"worker_id":"747cb986-8c00-4417-ac56-b822bbb7699a-140174220030080","trial_id":138,"state":1,"values":[-Infinity,-Infinity],"datetime_complete":"2026-06-05T15:14:30.122389"}
{"op_code":6,"worker_id":"9313a9ce-b09a-4d83-bcd6-c4f34fa5d6a8-140169399386240","trial_id":133,"state":1,"values":[-Infinity,-Infinity],"datetime_complete":"2026-06-05T15:14:30.133024"}
{"op_code":4,"worker_id":"747cb986-8c00-4417-ac56-b822bbb7699a-140174220030080","study_id":0,"datetime_start":"2026-06-05T15:14:30.133291"}
{"op_code":4,"worker_id":"9313a9ce-b09a-4d83-bcd6-c4f34fa5d6a8-140169399386240","study_id":0,"datetime_start":"2026-06-05T15:14:30.144722"}
{"op_code":9,"worker_id":"747cb986-8c00-4417-ac56-b822bbb7699a-140174220030080","trial_id":147,"system_attr":{"nsga2:generation":2}}
{"op_code":5,"worker_id":"747cb986-8c00-4417-ac56-b822bbb7699a-140174220030080","trial_id":147,"param_name":"JointSlopeAngle","param_value_internal":0.6742954472083563,"distribution":"{\"name\": \"FloatDistribution\", \"attributes\": {\"step\": null, \"low\": 0.17453292519943295, \"high\": 1.0471975511965976, \"log\": false}}"}
{"op_code":9,"worker_id":"9313a9ce-b09a-4d83-bcd6-c4f34fa5d6a8-140169399386240","trial_id":148,"system_attr":{"nsga2:generation":2}}
{"op_code":5,"worker_id":"747cb986-8c00-4417-ac56-b822bbb7699a-140174220030080","trial_id":147,"param_name":"OuterRadius","param_value_internal":15.934433745941897,"distribution":"{\"name\": \"FloatDistribution\", \"attributes\": {\"step\": null, \"low\": 8.75, \"high\": 17.75, \"log\": false}}"}
{"op_code":5,"worker_id":"9313a9ce-b09a-4d83-bcd6-c4f34fa5d6a8-140169399386240","trial_id":148,"param_name":"JointSlopeAngle","param_value_internal":0.7976314597784592,"distribution":"{\"name\": \"FloatDistribution\", \"attributes\": {\"step\": null, \"low\": 0.17453292519943295, \"high\": 1.0471975511965976, \"log\": false}}"}
{"op_code":5,"worker_id":"747cb986-8c00-4417-ac56-b822bbb7699a-140174220030080","trial_id":147,"param_name":"JointHeight","param_value_internal":6.32790600349208,"distribution":"{\"name\": \"FloatDistribution\", \"attributes\": {\"step\": null, \"low\": 5.0, \"high\": 8.0, \"log\": false}}"}
{"op_code":5,"worker_id":"9313a9ce-b09a-4d83-bcd6-c4f34fa5d6a8-140169399386240","trial_id":148,"param_name":"OuterRadius","param_value_internal":11.024406591940181,"distribution":"{\"name\": \"FloatDistribution\", \"attributes\": {\"step\": null, \"low\": 8.75, \"high\": 17.75, \"log\": false}}"}
{"op_code":5,"worker_id":"747cb986-8c00-4417-ac56-b822bbb7699a-140174220030080","trial_id":147,"param_name":"CavityCorkThickness","param_value_internal":3.248530504228279,"distribution":"{\"name\": \"FloatDistribution\", \"attributes\": {\"step\": null, \"low\": 2.0, \"high\": 5.0, \"log\": false}}"}
{"op_code":5,"worker_id":"9313a9ce-b09a-4d83-bcd6-c4f34fa5d6a8-140169399386240","trial_id":148,"param_name":"JointHeight","param_value_internal":7.4477112366132125,"distribution":"{\"name\": \"FloatDistribution\", \"attributes\": {\"step\": null, \"low\": 5.0, \"high\": 8.0, \"log\": false}}"}
{"op_code":5,"worker_id":"747cb986-8c00-4417-ac56-b822bbb7699a-140174220030080","trial_id":147,"param_name":"BellowHeight","param_value_internal":9.36624076887776,"distribution":"{\"name\": \"FloatDistribution\", \"attributes\": {\"step\": null, \"low\": 6.0, \"high\": 10.0, \"log\": false}}"}
{"op_code":5,"worker_id":"9313a9ce-b09a-4d83-bcd6-c4f34fa5d6a8-140169399386240","trial_id":148,"param_name":"CavityCorkThickness","param_value_internal":3.887668473032581,"distribution":"{\"name\": \"FloatDistribution\", \"attributes\": {\"step\": null, \"low\": 2.0, \"high\": 5.0, \"log\": false}}"}
{"op_code":5,"worker_id":"9313a9ce-b09a-4d83-bcd6-c4f34fa5d6a8-140169399386240","trial_id":148,"param_name":"BellowHeight","param_value_internal":6.006095431793989,"distribution":"{\"name\": \"FloatDistribution\", \"attributes\": {\"step\": null, \"low\": 6.0, \"high\": 10.0, \"log\": false}}"}
{"op_code":6,"worker_id":"2ff4a148-0005-4015-aed6-87e56f3234bc-140669548761216","trial_id":135,"state":1,"values":[-Infinity,-Infinity],"datetime_complete":"2026-06-05T15:14:30.206631"}
{"op_code":5,"worker_id":"9313a9ce-b09a-4d83-bcd6-c4f34fa5d6a8-140169399386240","trial_id":148,"param_name":"WallThickness","param_value_internal":2.9306279291319415,"distribution":"{\"name\": \"FloatDistribution\", \"attributes\": {\"step\": null, \"low\": 2.0, \"high\": 4.0, \"log\": false}}"}
{"op_code":6,"worker_id":"7e66503b-0597-4e14-bcc6-cf3daf211d5b-139883269681280","trial_id":134,"state":1,"values":[-Infinity,-Infinity],"datetime_complete":"2026-06-05T15:14:30.208710"}
{"op_code":5,"worker_id":"9313a9ce-b09a-4d83-bcd6-c4f34fa5d6a8-140169399386240","trial_id":148,"param_name":"PlateauHeight","param_value_internal":3.103364558287892,"distribution":"{\"name\": \"FloatDistribution\", \"attributes\": {\"step\": null, \"low\": 2.0, \"high\": 4.0, \"log\": false}}"}
{"op_code":4,"worker_id":"2ff4a148-0005-4015-aed6-87e56f3234bc-140669548761216","study_id":0,"datetime_start":"2026-06-05T15:14:30.219568"}
{"op_code":4,"worker_id":"7e66503b-0597-4e14-bcc6-cf3daf211d5b-139883269681280","study_id":0,"datetime_start":"2026-06-05T15:14:30.228926"}
{"op_code":9,"worker_id":"2ff4a148-0005-4015-aed6-87e56f3234bc-140669548761216","trial_id":149,"system_attr":{"nsga2:generation":2}}
{"op_code":9,"worker_id":"7e66503b-0597-4e14-bcc6-cf3daf211d5b-139883269681280","trial_id":150,"system_attr":{"nsga2:generation":2}}
{"op_code":5,"worker_id":"2ff4a148-0005-4015-aed6-87e56f3234bc-140669548761216","trial_id":149,"param_name":"JointSlopeAngle","param_value_internal":0.6742954472083563,"distribution":"{\"name\": \"FloatDistribution\", \"attributes\": {\"step\": null, \"low\": 0.17453292519943295, \"high\": 1.0471975511965976, \"log\": false}}"}
{"op_code":5,"worker_id":"7e66503b-0597-4e14-bcc6-cf3daf211d5b-139883269681280","trial_id":150,"param_name":"JointSlopeAngle","param_value_internal":0.6152280152829265,"distribution":"{\"name\": \"FloatDistribution\", \"attributes\": {\"step\": null, \"low\": 0.17453292519943295, \"high\": 1.0471975511965976, \"log\": false}}"}
{"op_code":5,"worker_id":"2ff4a148-0005-4015-aed6-87e56f3234bc-140669548761216","trial_id":149,"param_name":"OuterRadius","param_value_internal":14.173721962338188,"distribution":"{\"name\": \"FloatDistribution\", \"attributes\": {\"step\": null, \"low\": 8.75, \"high\": 17.75, \"log\": false}}"}
{"op_code":5,"worker_id":"7e66503b-0597-4e14-bcc6-cf3daf211d5b-139883269681280","trial_id":150,"param_name":"OuterRadius","param_value_internal":12.239074283387229,"distribution":"{\"name\": \"FloatDistribution\", \"attributes\": {\"step\": null, \"low\": 8.75, \"high\": 17.75, \"log\": false}}"}
{"op_code":5,"worker_id":"2ff4a148-0005-4015-aed6-87e56f3234bc-140669548761216","trial_id":149,"param_name":"JointHeight","param_value_internal":6.92760120191285,"distribution":"{\"name\": \"FloatDistribution\", \"attributes\": {\"step\": null, \"low\": 5.0, \"high\": 8.0, \"log\": false}}"}
{"op_code":5,"worker_id":"7e66503b-0597-4e14-bcc6-cf3daf211d5b-139883269681280","trial_id":150,"param_name":"JointHeight","param_value_internal":6.7942345693530175,"distribution":"{\"name\": \"FloatDistribution\", \"attributes\": {\"step\": null, \"low\": 5.0, \"high\": 8.0, \"log\": false}}"}
{"op_code":5,"worker_id":"2ff4a148-0005-4015-aed6-87e56f3234bc-140669548761216","trial_id":149,"param_name":"CavityCorkThickness","param_value_internal":3.4718901530393187,"distribution":"{\"name\": \"FloatDistribution\", \"attributes\": {\"step\": null, \"low\": 2.0, \"high\": 5.0, \"log\": false}}"}
{"op_code":5,"worker_id":"7e66503b-0597-4e14-bcc6-cf3daf211d5b-139883269681280","trial_id":150,"param_name":"CavityCorkThickness","param_value_internal":3.5362726005694887,"distribution":"{\"name\": \"FloatDistribution\", \"attributes\": {\"step\": null, \"low\": 2.0, \"high\": 5.0, \"log\": false}}"}
{"op_code":5,"worker_id":"2ff4a148-0005-4015-aed6-87e56f3234bc-140669548761216","trial_id":149,"param_name":"BellowHeight","param_value_internal":9.36624076887776,"distribution":"{\"name\": \"FloatDistribution\", \"attributes\": {\"step\": null, \"low\": 6.0, \"high\": 10.0, \"log\": false}}"}
{"op_code":5,"worker_id":"7e66503b-0597-4e14-bcc6-cf3daf211d5b-139883269681280","trial_id":150,"param_name":"BellowHeight","param_value_internal":6.201022198057842,"distribution":"{\"name\": \"FloatDistribution\", \"attributes\": {\"step\": null, \"low\": 6.0, \"high\": 10.0, \"log\": false}}"}
{"op_code":5,"worker_id":"2ff4a148-0005-4015-aed6-87e56f3234bc-140669548761216","trial_id":149,"param_name":"WallThickness","param_value_internal":3.941577996626986,"distribution":"{\"name\": \"FloatDistribution\", \"attributes\": {\"step\": null, \"low\": 2.0, \"high\": 4.0, \"log\": false}}"}
{"op_code":5,"worker_id":"7e66503b-0597-4e14-bcc6-cf3daf211d5b-139883269681280","trial_id":150,"param_name":"WallThickness","param_value_internal":3.4756624169138575,"distribution":"{\"name\": \"FloatDistribution\", \"attributes\": {\"step\": null, \"low\": 2.0, \"high\": 4.0, \"log\": false}}"}
{"op_code":5,"worker_id":"2ff4a148-0005-4015-aed6-87e56f3234bc-140669548761216","trial_id":149,"param_name":"PlateauHeight","param_value_internal":2.9028739149173317,"distribution":"{\"name\": \"FloatDistribution\", \"attributes\": {\"step\": null, \"low\": 2.0, \"high\": 4.0, \"log\": false}}"}
{"op_code":5,"worker_id":"7e66503b-0597-4e14-bcc6-cf3daf211d5b-139883269681280","trial_id":150,"param_name":"PlateauHeight","param_value_internal":2.102211645268789,"distribution":"{\"name\": \"FloatDistribution\", \"attributes\": {\"step\": null, \"low\": 2.0, \"high\": 4.0, \"log\": false}}"}
{"op_code":5,"worker_id":"747cb986-8c00-4417-ac56-b822bbb7699a-140174220030080","trial_id":147,"param_name":"WallThickness","param_value_internal":2.9446279100014356,"distribution":"{\"name\": \"FloatDistribution\", \"attributes\": {\"step\": null, \"low\": 2.0, \"high\": 4.0, \"log\": false}}"}
{"op_code":5,"worker_id":"747cb986-8c00-4417-ac56-b822bbb7699a-140174220030080","trial_id":147,"param_name":"PlateauHeight","param_value_internal":3.2417991891748574,"distribution":"{\"name\": \"FloatDistribution\", \"attributes\": {\"step\": null, \"low\": 2.0, \"high\": 4.0, \"log\": false}}"}
{"op_code":6,"worker_id":"04965b0d-4109-496d-bd42-addd6ef9349a-140038410883200","trial_id":136,"state":1,"values":[-Infinity,-Infinity],"datetime_complete":"2026-06-05T15:14:30.337058"}
{"op_code":6,"worker_id":"08967eb3-cdb1-478d-9d04-703c2d39e42a-140464208658560","trial_id":143,"state":1,"values":[-Infinity,-Infinity],"datetime_complete":"2026-06-05T15:14:30.345234"}
{"op_code":4,"worker_id":"04965b0d-4109-496d-bd42-addd6ef9349a-140038410883200","study_id":0,"datetime_start":"2026-06-05T15:14:30.347128"}
{"op_code":4,"worker_id":"08967eb3-cdb1-478d-9d04-703c2d39e42a-140464208658560","study_id":0,"datetime_start":"2026-06-05T15:14:30.356157"}
{"op_code":9,"worker_id":"04965b0d-4109-496d-bd42-addd6ef9349a-140038410883200","trial_id":151,"system_attr":{"nsga2:generation":2}}
{"op_code":9,"worker_id":"08967eb3-cdb1-478d-9d04-703c2d39e42a-140464208658560","trial_id":152,"system_attr":{"nsga2:generation":2}}
{"op_code":5,"worker_id":"04965b0d-4109-496d-bd42-addd6ef9349a-140038410883200","trial_id":151,"param_name":"JointSlopeAngle","param_value_internal":0.2081689802721525,"distribution":"{\"name\": \"FloatDistribution\", \"attributes\": {\"step\": null, \"low\": 0.17453292519943295, \"high\": 1.0471975511965976, \"log\": false}}"}
{"op_code":5,"worker_id":"08967eb3-cdb1-478d-9d04-703c2d39e42a-140464208658560","trial_id":152,"param_name":"JointSlopeAngle","param_value_internal":0.5357091020598924,"distribution":"{\"name\": \"FloatDistribution\", \"attributes\": {\"step\": null, \"low\": 0.17453292519943295, \"high\": 1.0471975511965976, \"log\": false}}"}
{"op_code":5,"worker_id":"04965b0d-4109-496d-bd42-addd6ef9349a-140038410883200","trial_id":151,"param_name":"OuterRadius","param_value_internal":11.903524613011534,"distribution":"{\"name\": \"FloatDistribution\", \"attributes\": {\"step\": null, \"low\": 8.75, \"high\": 17.75, \"log\": false}}"}
{"op_code":5,"worker_id":"08967eb3-cdb1-478d-9d04-703c2d39e42a-140464208658560","trial_id":152,"param_name":"OuterRadius","param_value_internal":16.959891564875534,"distribution":"{\"name\": \"FloatDistribution\", \"attributes\": {\"step\": null, \"low\": 8.75, \"high\": 17.75, \"log\": false}}"}
{"op_code":5,"worker_id":"08967eb3-cdb1-478d-9d04-703c2d39e42a-140464208658560","trial_id":152,"param_name":"JointHeight","param_value_internal":5.818532577054084,"distribution":"{\"name\": \"FloatDistribution\", \"attributes\": {\"step\": null, \"low\": 5.0, \"high\": 8.0, \"log\": false}}"}
{"op_code":5,"worker_id":"04965b0d-4109-496d-bd42-addd6ef9349a-140038410883200","trial_id":151,"param_name":"JointHeight","param_value_internal":6.372819468219255,"distribution":"{\"name\": \"FloatDistribution\", \"attributes\": {\"step\": null, \"low\": 5.0, \"high\": 8.0, \"log\": false}}"}
{"op_code":5,"worker_id":"08967eb3-cdb1-478d-9d04-703c2d39e42a-140464208658560","trial_id":152,"param_name":"CavityCorkThickness","param_value_internal":3.476242084626861,"distribution":"{\"name\": \"FloatDistribution\", \"attributes\": {\"step\": null, \"low\": 2.0, \"high\": 5.0, \"log\": false}}"}
{"op_code":5,"worker_id":"08967eb3-cdb1-478d-9d04-703c2d39e42a-140464208658560","trial_id":152,"param_name":"BellowHeight","param_value_internal":6.061027055273351,"distribution":"{\"name\": \"FloatDistribution\", \"attributes\": {\"step\": null, \"low\": 6.0, \"high\": 10.0, \"log\": false}}"}
{"op_code":5,"worker_id":"04965b0d-4109-496d-bd42-addd6ef9349a-140038410883200","trial_id":151,"param_name":"CavityCorkThickness","param_value_internal":2.414930703016558,"distribution":"{\"name\": \"FloatDistribution\", \"attributes\": {\"step\": null, \"low\": 2.0, \"high\": 5.0, \"log\": false}}"}
{"op_code":5,"worker_id":"08967eb3-cdb1-478d-9d04-703c2d39e42a-140464208658560","trial_id":152,"param_name":"WallThickness","param_value_internal":3.6696912639589083,"distribution":"{\"name\": \"FloatDistribution\", \"attributes\": {\"step\": null, \"low\": 2.0, \"high\": 4.0, \"log\": false}}"}
{"op_code":5,"worker_id":"04965b0d-4109-496d-bd42-addd6ef9349a-140038410883200","trial_id":151,"param_name":"BellowHeight","param_value_internal":6.42094746212984,"distribution":"{\"name\": \"FloatDistribution\", \"attributes\": {\"step\": null, \"low\": 6.0, \"high\": 10.0, \"log\": false}}"}
{"op_code":5,"worker_id":"08967eb3-cdb1-478d-9d04-703c2d39e42a-140464208658560","trial_id":152,"param_name":"PlateauHeight","param_value_internal":2.895186922657583,"distribution":"{\"name\": \"FloatDistribution\", \"attributes\": {\"step\": null, \"low\": 2.0, \"high\": 4.0, \"log\": false}}"}
{"op_code":5,"worker_id":"04965b0d-4109-496d-bd42-addd6ef9349a-140038410883200","trial_id":151,"param_name":"WallThickness","param_value_internal":2.2856417875298343,"distribution":"{\"name\": \"FloatDistribution\", \"attributes\": {\"step\": null, \"low\": 2.0, \"high\": 4.0, \"log\": false}}"}
{"op_code":5,"worker_id":"04965b0d-4109-496d-bd42-addd6ef9349a-140038410883200","trial_id":151,"param_name":"PlateauHeight","param_value_internal":3.9005779376092007,"distribution":"{\"name\": \"FloatDistribution\", \"attributes\": {\"step\": null, \"low\": 2.0, \"high\": 4.0, \"log\": false}}"}
{"op_code":6,"worker_id":"bcddaf33-44b8-4647-b466-e68e7e22a836-139736242049152","trial_id":142,"state":1,"values":[-Infinity,-Infinity],"datetime_complete":"2026-06-05T15:14:30.468689"}
{"op_code":4,"worker_id":"bcddaf33-44b8-4647-b466-e68e7e22a836-139736242049152","study_id":0,"datetime_start":"2026-06-05T15:14:30.478766"}
{"op_code":9,"worker_id":"bcddaf33-44b8-4647-b466-e68e7e22a836-139736242049152","trial_id":153,"system_attr":{"nsga2:generation":2}}
{"op_code":5,"worker_id":"bcddaf33-44b8-4647-b466-e68e7e22a836-139736242049152","trial_id":153,"param_name":"JointSlopeAngle","param_value_internal":0.5406503117746605,"distribution":"{\"name\": \"FloatDistribution\", \"attributes\": {\"step\": null, \"low\": 0.17453292519943295, \"high\": 1.0471975511965976, \"log\": false}}"}
{"op_code":5,"worker_id":"bcddaf33-44b8-4647-b466-e68e7e22a836-139736242049152","trial_id":153,"param_name":"OuterRadius","param_value_internal":8.900217838384368,"distribution":"{\"name\": \"FloatDistribution\", \"attributes\": {\"step\": null, \"low\": 8.75, \"high\": 17.75, \"log\": false}}"}
{"op_code":5,"worker_id":"bcddaf33-44b8-4647-b466-e68e7e22a836-139736242049152","trial_id":153,"param_name":"JointHeight","param_value_internal":7.4711942946555325,"distribution":"{\"name\": \"FloatDistribution\", \"attributes\": {\"step\": null, \"low\": 5.0, \"high\": 8.0, \"log\": false}}"}
{"op_code":5,"worker_id":"bcddaf33-44b8-4647-b466-e68e7e22a836-139736242049152","trial_id":153,"param_name":"CavityCorkThickness","param_value_internal":3.7328298277813343,"distribution":"{\"name\": \"FloatDistribution\", \"attributes\": {\"step\": null, \"low\": 2.0, \"high\": 5.0, \"log\": false}}"}
{"op_code":5,"worker_id":"bcddaf33-44b8-4647-b466-e68e7e22a836-139736242049152","trial_id":153,"param_name":"BellowHeight","param_value_internal":7.923435833064532,"distribution":"{\"name\": \"FloatDistribution\", \"attributes\": {\"step\": null, \"low\": 6.0, \"high\": 10.0, \"log\": false}}"}
{"op_code":5,"worker_id":"bcddaf33-44b8-4647-b466-e68e7e22a836-139736242049152","trial_id":153,"param_name":"WallThickness","param_value_internal":3.5917498023742187,"distribution":"{\"name\": \"FloatDistribution\", \"attributes\": {\"step\": null, \"low\": 2.0, \"high\": 4.0, \"log\": false}}"}
{"op_code":5,"worker_id":"bcddaf33-44b8-4647-b466-e68e7e22a836-139736242049152","trial_id":153,"param_name":"PlateauHeight","param_value_internal":3.5361625385165576,"distribution":"{\"name\": \"FloatDistribution\", \"attributes\": {\"step\": null, \"low\": 2.0, \"high\": 4.0, \"log\": false}}"}
{"op_code":6,"worker_id":"9d8907ab-2f28-4a62-bfc0-37c55e738fb8-140010826334336","trial_id":144,"state":1,"values":[-Infinity,-Infinity],"datetime_complete":"2026-06-05T15:14:30.538305"}
{"op_code":4,"worker_id":"9d8907ab-2f28-4a62-bfc0-37c55e738fb8-140010826334336","study_id":0,"datetime_start":"2026-06-05T15:14:30.549621"}
{"op_code":9,"worker_id":"9d8907ab-2f28-4a62-bfc0-37c55e738fb8-140010826334336","trial_id":154,"system_attr":{"nsga2:generation":2}}
{"op_code":5,"worker_id":"9d8907ab-2f28-4a62-bfc0-37c55e738fb8-140010826334336","trial_id":154,"param_name":"JointSlopeAngle","param_value_internal":0.6742954472083563,"distribution":"{\"name\": \"FloatDistribution\", \"attributes\": {\"step\": null, \"low\": 0.17453292519943295, \"high\": 1.0471975511965976, \"log\": false}}"}
{"op_code":5,"worker_id":"9d8907ab-2f28-4a62-bfc0-37c55e738fb8-140010826334336","trial_id":154,"param_name":"OuterRadius","param_value_internal":9.798734822806198,"distribution":"{\"name\": \"FloatDistribution\", \"attributes\": {\"step\": null, \"low\": 8.75, \"high\": 17.75, \"log\": false}}"}
{"op_code":5,"worker_id":"9d8907ab-2f28-4a62-bfc0-37c55e738fb8-140010826334336","trial_id":154,"param_name":"JointHeight","param_value_internal":5.872280149485165,"distribution":"{\"name\": \"FloatDistribution\", \"attributes\": {\"step\": null, \"low\": 5.0, \"high\": 8.0, \"log\": false}}"}
{"op_code":5,"worker_id":"9d8907ab-2f28-4a62-bfc0-37c55e738fb8-140010826334336","trial_id":154,"param_name":"CavityCorkThickness","param_value_internal":2.1897009010916415,"distribution":"{\"name\": \"FloatDistribution\", \"attributes\": {\"step\": null, \"low\": 2.0, \"high\": 5.0, \"log\": false}}"}
{"op_code":5,"worker_id":"9d8907ab-2f28-4a62-bfc0-37c55e738fb8-140010826334336","trial_id":154,"param_name":"BellowHeight","param_value_internal":9.36624076887776,"distribution":"{\"name\": \"FloatDistribution\", \"attributes\": {\"step\": null, \"low\": 6.0, \"high\": 10.0, \"log\": false}}"}
{"op_code":5,"worker_id":"9d8907ab-2f28-4a62-bfc0-37c55e738fb8-140010826334336","trial_id":154,"param_name":"WallThickness","param_value_internal":2.9446279100014356,"distribution":"{\"name\": \"FloatDistribution\", \"attributes\": {\"step\": null, \"low\": 2.0, \"high\": 4.0, \"log\": false}}"}
{"op_code":5,"worker_id":"9d8907ab-2f28-4a62-bfc0-37c55e738fb8-140010826334336","trial_id":154,"param_name":"PlateauHeight","param_value_internal":2.9028739149173317,"distribution":"{\"name\": \"FloatDistribution\", \"attributes\": {\"step\": null, \"low\": 2.0, \"high\": 4.0, \"log\": false}}"}
{"op_code":6,"worker_id":"4e460bcd-e743-47c1-945d-59f722bd841d-140387618566272","trial_id":145,"state":1,"values":[-Infinity,-Infinity],"datetime_complete":"2026-06-05T15:14:30.620311"}
{"op_code":4,"worker_id":"4e460bcd-e743-47c1-945d-59f722bd841d-140387618566272","study_id":0,"datetime_start":"2026-06-05T15:14:30.631808"}
{"op_code":9,"worker_id":"4e460bcd-e743-47c1-945d-59f722bd841d-140387618566272","trial_id":155,"system_attr":{"nsga2:generation":2}}
{"op_code":5,"worker_id":"4e460bcd-e743-47c1-945d-59f722bd841d-140387618566272","trial_id":155,"param_name":"JointSlopeAngle","param_value_internal":0.527422313905983,"distribution":"{\"name\": \"FloatDistribution\", \"attributes\": {\"step\": null, \"low\": 0.17453292519943295, \"high\": 1.0471975511965976, \"log\": false}}"}
{"op_code":5,"worker_id":"4e460bcd-e743-47c1-945d-59f722bd841d-140387618566272","trial_id":155,"param_name":"OuterRadius","param_value_internal":15.230369251358729,"distribution":"{\"name\": \"FloatDistribution\", \"attributes\": {\"step\": null, \"low\": 8.75, \"high\": 17.75, \"log\": false}}"}
{"op_code":5,"worker_id":"4e460bcd-e743-47c1-945d-59f722bd841d-140387618566272","trial_id":155,"param_name":"JointHeight","param_value_internal":7.224496618846837,"distribution":"{\"name\": \"FloatDistribution\", \"attributes\": {\"step\": null, \"low\": 5.0, \"high\": 8.0, \"log\": false}}"}
{"op_code":5,"worker_id":"4e460bcd-e743-47c1-945d-59f722bd841d-140387618566272","trial_id":155,"param_name":"CavityCorkThickness","param_value_internal":2.517778439922478,"distribution":"{\"name\": \"FloatDistribution\", \"attributes\": {\"step\": null, \"low\": 2.0, \"high\": 5.0, \"log\": false}}"}
{"op_code":5,"worker_id":"4e460bcd-e743-47c1-945d-59f722bd841d-140387618566272","trial_id":155,"param_name":"BellowHeight","param_value_internal":6.140418287277585,"distribution":"{\"name\": \"FloatDistribution\", \"attributes\": {\"step\": null, \"low\": 6.0, \"high\": 10.0, \"log\": false}}"}
{"op_code":5,"worker_id":"4e460bcd-e743-47c1-945d-59f722bd841d-140387618566272","trial_id":155,"param_name":"WallThickness","param_value_internal":2.752174254140735,"distribution":"{\"name\": \"FloatDistribution\", \"attributes\": {\"step\": null, \"low\": 2.0, \"high\": 4.0, \"log\": false}}"}
{"op_code":5,"worker_id":"4e460bcd-e743-47c1-945d-59f722bd841d-140387618566272","trial_id":155,"param_name":"PlateauHeight","param_value_internal":3.0115120623170117,"distribution":"{\"name\": \"FloatDistribution\", \"attributes\": {\"step\": null, \"low\": 2.0, \"high\": 4.0, \"log\": false}}"}
{"op_code":6,"worker_id":"9386abc5-3e2e-4369-a995-ee5e51a6709e-140609308393600","trial_id":146,"state":1,"values":[-Infinity,-Infinity],"datetime_complete":"2026-06-05T15:14:30.725741"}
{"op_code":4,"worker_id":"9386abc5-3e2e-4369-a995-ee5e51a6709e-140609308393600","study_id":0,"datetime_start":"2026-06-05T15:14:30.736450"}
{"op_code":9,"worker_id":"9386abc5-3e2e-4369-a995-ee5e51a6709e-140609308393600","trial_id":156,"system_attr":{"nsga2:generation":2}}
{"op_code":5,"worker_id":"9386abc5-3e2e-4369-a995-ee5e51a6709e-140609308393600","trial_id":156,"param_name":"JointSlopeAngle","param_value_internal":0.6641895571548798,"distribution":"{\"name\": \"FloatDistribution\", \"attributes\": {\"step\": null, \"low\": 0.17453292519943295, \"high\": 1.0471975511965976, \"log\": false}}"}
{"op_code":5,"worker_id":"9386abc5-3e2e-4369-a995-ee5e51a6709e-140609308393600","trial_id":156,"param_name":"OuterRadius","param_value_internal":13.748363561527363,"distribution":"{\"name\": \"FloatDistribution\", \"attributes\": {\"step\": null, \"low\": 8.75, \"high\": 17.75, \"log\": false}}"}
{"op_code":5,"worker_id":"9386abc5-3e2e-4369-a995-ee5e51a6709e-140609308393600","trial_id":156,"param_name":"JointHeight","param_value_internal":6.651103446774604,"distribution":"{\"name\": \"FloatDistribution\", \"attributes\": {\"step\": null, \"low\": 5.0, \"high\": 8.0, \"log\": false}}"}
{"op_code":5,"worker_id":"9386abc5-3e2e-4369-a995-ee5e51a6709e-140609308393600","trial_id":156,"param_name":"CavityCorkThickness","param_value_internal":2.0299787947462167,"distribution":"{\"name\": \"FloatDistribution\", \"attributes\": {\"step\": null, \"low\": 2.0, \"high\": 5.0, \"log\": false}}"}
{"op_code":5,"worker_id":"9386abc5-3e2e-4369-a995-ee5e51a6709e-140609308393600","trial_id":156,"param_name":"BellowHeight","param_value_internal":6.68192879228146,"distribution":"{\"name\": \"FloatDistribution\", \"attributes\": {\"step\": null, \"low\": 6.0, \"high\": 10.0, \"log\": false}}"}
{"op_code":5,"worker_id":"9386abc5-3e2e-4369-a995-ee5e51a6709e-140609308393600","trial_id":156,"param_name":"WallThickness","param_value_internal":2.9846808004954073,"distribution":"{\"name\": \"FloatDistribution\", \"attributes\": {\"step\": null, \"low\": 2.0, \"high\": 4.0, \"log\": false}}"}
{"op_code":5,"worker_id":"9386abc5-3e2e-4369-a995-ee5e51a6709e-140609308393600","trial_id":156,"param_name":"PlateauHeight","param_value_internal":2.306647005969044,"distribution":"{\"name\": \"FloatDistribution\", \"attributes\": {\"step\": null, \"low\": 2.0, \"high\": 4.0, \"log\": false}}"}
{"op_code":6,"worker_id":"08967eb3-cdb1-478d-9d04-703c2d39e42a-140464208658560","trial_id":152,"state":1,"values":[-Infinity,-Infinity],"datetime_complete":"2026-06-05T15:14:31.173055"}
{"op_code":4,"worker_id":"08967eb3-cdb1-478d-9d04-703c2d39e42a-140464208658560","study_id":0,"datetime_start":"2026-06-05T15:14:31.184672"}
{"op_code":9,"worker_id":"08967eb3-cdb1-478d-9d04-703c2d39e42a-140464208658560","trial_id":157,"system_attr":{"nsga2:generation":2}}
{"op_code":5,"worker_id":"08967eb3-cdb1-478d-9d04-703c2d39e42a-140464208658560","trial_id":157,"param_name":"JointSlopeAngle","param_value_internal":0.6742954472083563,"distribution":"{\"name\": \"FloatDistribution\", \"attributes\": {\"step\": null, \"low\": 0.17453292519943295, \"high\": 1.0471975511965976, \"log\": false}}"}
{"op_code":5,"worker_id":"08967eb3-cdb1-478d-9d04-703c2d39e42a-140464208658560","trial_id":157,"param_name":"OuterRadius","param_value_internal":9.798734822806198,"distribution":"{\"name\": \"FloatDistribution\", \"attributes\": {\"step\": null, \"low\": 8.75, \"high\": 17.75, \"log\": false}}"}
{"op_code":5,"worker_id":"08967eb3-cdb1-478d-9d04-703c2d39e42a-140464208658560","trial_id":157,"param_name":"JointHeight","param_value_internal":6.40147959016913,"distribution":"{\"name\": \"FloatDistribution\", \"attributes\": {\"step\": null, \"low\": 5.0, \"high\": 8.0, \"log\": false}}"}
{"op_code":5,"worker_id":"08967eb3-cdb1-478d-9d04-703c2d39e42a-140464208658560","trial_id":157,"param_name":"CavityCorkThickness","param_value_internal":3.063481894545946,"distribution":"{\"name\": \"FloatDistribution\", \"attributes\": {\"step\": null, \"low\": 2.0, \"high\": 5.0, \"log\": false}}"}
{"op_code":5,"worker_id":"08967eb3-cdb1-478d-9d04-703c2d39e42a-140464208658560","trial_id":157,"param_name":"BellowHeight","param_value_internal":9.224479751013632,"distribution":"{\"name\": \"FloatDistribution\", \"attributes\": {\"step\": null, \"low\": 6.0, \"high\": 10.0, \"log\": false}}"}
{"op_code":5,"worker_id":"08967eb3-cdb1-478d-9d04-703c2d39e42a-140464208658560","trial_id":157,"param_name":"WallThickness","param_value_internal":2.9446279100014356,"distribution":"{\"name\": \"FloatDistribution\", \"attributes\": {\"step\": null, \"low\": 2.0, \"high\": 4.0, \"log\": false}}"}
{"op_code":5,"worker_id":"08967eb3-cdb1-478d-9d04-703c2d39e42a-140464208658560","trial_id":157,"param_name":"PlateauHeight","param_value_internal":3.043533579575974,"distribution":"{\"name\": \"FloatDistribution\", \"attributes\": {\"step\": null, \"low\": 2.0, \"high\": 4.0, \"log\": false}}"}
{"op_code":6,"worker_id":"9d8907ab-2f28-4a62-bfc0-37c55e738fb8-140010826334336","trial_id":154,"state":1,"values":[-Infinity,-Infinity],"datetime_complete":"2026-06-05T15:14:31.338211"}
{"op_code":4,"worker_id":"9d8907ab-2f28-4a62-bfc0-37c55e738fb8-140010826334336","study_id":0,"datetime_start":"2026-06-05T15:14:31.349557"}
{"op_code":9,"worker_id":"9d8907ab-2f28-4a62-bfc0-37c55e738fb8-140010826334336","trial_id":158,"system_attr":{"nsga2:generation":2}}
{"op_code":5,"worker_id":"9d8907ab-2f28-4a62-bfc0-37c55e738fb8-140010826334336","trial_id":158,"param_name":"JointSlopeAngle","param_value_internal":1.032347779810134,"distribution":"{\"name\": \"FloatDistribution\", \"attributes\": {\"step\": null, \"low\": 0.17453292519943295, \"high\": 1.0471975511965976, \"log\": false}}"}
{"op_code":5,"worker_id":"9d8907ab-2f28-4a62-bfc0-37c55e738fb8-140010826334336","trial_id":158,"param_name":"OuterRadius","param_value_internal":11.131245940895049,"distribution":"{\"name\": \"FloatDistribution\", \"attributes\": {\"step\": null, \"low\": 8.75, \"high\": 17.75, \"log\": false}}"}
{"op_code":5,"worker_id":"9d8907ab-2f28-4a62-bfc0-37c55e738fb8-140010826334336","trial_id":158,"param_name":"JointHeight","param_value_internal":6.064953832502328,"distribution":"{\"name\": \"FloatDistribution\", \"attributes\": {\"step\": null, \"low\": 5.0, \"high\": 8.0, \"log\": false}}"}
{"op_code":5,"worker_id":"9d8907ab-2f28-4a62-bfc0-37c55e738fb8-140010826334336","trial_id":158,"param_name":"CavityCorkThickness","param_value_internal":4.605812389848779,"distribution":"{\"name\": \"FloatDistribution\", \"attributes\": {\"step\": null, \"low\": 2.0, \"high\": 5.0, \"log\": false}}"}
{"op_code":5,"worker_id":"9d8907ab-2f28-4a62-bfc0-37c55e738fb8-140010826334336","trial_id":158,"param_name":"BellowHeight","param_value_internal":8.878333897840362,"distribution":"{\"name\": \"FloatDistribution\", \"attributes\": {\"step\": null, \"low\": 6.0, \"high\": 10.0, \"log\": false}}"}
{"op_code":5,"worker_id":"9d8907ab-2f28-4a62-bfc0-37c55e738fb8-140010826334336","trial_id":158,"param_name":"WallThickness","param_value_internal":2.862990329153649,"distribution":"{\"name\": \"FloatDistribution\", \"attributes\": {\"step\": null, \"low\": 2.0, \"high\": 4.0, \"log\": false}}"}
{"op_code":5,"worker_id":"9d8907ab-2f28-4a62-bfc0-37c55e738fb8-140010826334336","trial_id":158,"param_name":"PlateauHeight","param_value_internal":3.963048053208378,"distribution":"{\"name\": \"FloatDistribution\", \"attributes\": {\"step\": null, \"low\": 2.0, \"high\": 4.0, \"log\": false}}"}
{"op_code":6,"worker_id":"4e460bcd-e743-47c1-945d-59f722bd841d-140387618566272","trial_id":155,"state":1,"values":[-Infinity,-Infinity],"datetime_complete":"2026-06-05T15:14:31.425420"}
{"op_code":4,"worker_id":"4e460bcd-e743-47c1-945d-59f722bd841d-140387618566272","study_id":0,"datetime_start":"2026-06-05T15:14:31.436205"}
{"op_code":9,"worker_id":"4e460bcd-e743-47c1-945d-59f722bd841d-140387618566272","trial_id":159,"system_attr":{"nsga2:generation":2}}
{"op_code":5,"worker_id":"4e460bcd-e743-47c1-945d-59f722bd841d-140387618566272","trial_id":159,"param_name":"JointSlopeAngle","param_value_internal":0.556043000029749,"distribution":"{\"name\": \"FloatDistribution\", \"attributes\": {\"step\": null, \"low\": 0.17453292519943295, \"high\": 1.0471975511965976, \"log\": false}}"}
{"op_code":5,"worker_id":"4e460bcd-e743-47c1-945d-59f722bd841d-140387618566272","trial_id":159,"param_name":"OuterRadius","param_value_internal":16.959891564875534,"distribution":"{\"name\": \"FloatDistribution\", \"attributes\": {\"step\": null, \"low\": 8.75, \"high\": 17.75, \"log\": false}}"}
{"op_code":5,"worker_id":"4e460bcd-e743-47c1-945d-59f722bd841d-140387618566272","trial_id":159,"param_name":"JointHeight","param_value_internal":6.40147959016913,"distribution":"{\"name\": \"FloatDistribution\", \"attributes\": {\"step\": null, \"low\": 5.0, \"high\": 8.0, \"log\": false}}"}
{"op_code":5,"worker_id":"4e460bcd-e743-47c1-945d-59f722bd841d-140387618566272","trial_id":159,"param_name":"CavityCorkThickness","param_value_internal":3.063481894545946,"distribution":"{\"name\": \"FloatDistribution\", \"attributes\": {\"step\": null, \"low\": 2.0, \"high\": 5.0, \"log\": false}}"}
{"op_code":5,"worker_id":"4e460bcd-e743-47c1-945d-59f722bd841d-140387618566272","trial_id":159,"param_name":"BellowHeight","param_value_internal":9.224479751013632,"distribution":"{\"name\": \"FloatDistribution\", \"attributes\": {\"step\": null, \"low\": 6.0, \"high\": 10.0, \"log\": false}}"}
{"op_code":5,"worker_id":"4e460bcd-e743-47c1-945d-59f722bd841d-140387618566272","trial_id":159,"param_name":"WallThickness","param_value_internal":3.031356899390491,"distribution":"{\"name\": \"FloatDistribution\", \"attributes\": {\"step\": null, \"low\": 2.0, \"high\": 4.0, \"log\": false}}"}
{"op_code":5,"worker_id":"4e460bcd-e743-47c1-945d-59f722bd841d-140387618566272","trial_id":159,"param_name":"PlateauHeight","param_value_internal":3.8488150619664476,"distribution":"{\"name\": \"FloatDistribution\", \"attributes\": {\"step\": null, \"low\": 2.0, \"high\": 4.0, \"log\": false}}"}
{"op_code":6,"worker_id":"9386abc5-3e2e-4369-a995-ee5e51a6709e-140609308393600","trial_id":156,"state":1,"values":[-Infinity,-Infinity],"datetime_complete":"2026-06-05T15:14:31.543220"}
{"op_code":4,"worker_id":"9386abc5-3e2e-4369-a995-ee5e51a6709e-140609308393600","study_id":0,"datetime_start":"2026-06-05T15:14:31.555780"}
{"op_code":6,"worker_id":"747cb986-8c00-4417-ac56-b822bbb7699a-140174220030080","trial_id":147,"state":1,"values":[-Infinity,-Infinity],"datetime_complete":"2026-06-05T15:14:31.559676"}
{"op_code":9,"worker_id":"9386abc5-3e2e-4369-a995-ee5e51a6709e-140609308393600","trial_id":160,"system_attr":{"nsga2:generation":2}}
{"op_code":4,"worker_id":"747cb986-8c00-4417-ac56-b822bbb7699a-140174220030080","study_id":0,"datetime_start":"2026-06-05T15:14:31.571656"}
{"op_code":5,"worker_id":"9386abc5-3e2e-4369-a995-ee5e51a6709e-140609308393600","trial_id":160,"param_name":"JointSlopeAngle","param_value_internal":0.17789864727354412,"distribution":"{\"name\": \"FloatDistribution\", \"attributes\": {\"step\": null, \"low\": 0.17453292519943295, \"high\": 1.0471975511965976, \"log\": false}}"}
{"op_code":6,"worker_id":"bcddaf33-44b8-4647-b466-e68e7e22a836-139736242049152","trial_id":153,"state":1,"values":[-Infinity,-Infinity],"datetime_complete":"2026-06-05T15:14:31.581332"}
{"op_code":9,"worker_id":"747cb986-8c00-4417-ac56-b822bbb7699a-140174220030080","trial_id":161,"system_attr":{"nsga2:generation":2}}
{"op_code":5,"worker_id":"9386abc5-3e2e-4369-a995-ee5e51a6709e-140609308393600","trial_id":160,"param_name":"OuterRadius","param_value_internal":16.152153807231464,"distribution":"{\"name\": \"FloatDistribution\", \"attributes\": {\"step\": null, \"low\": 8.75, \"high\": 17.75, \"log\": false}}"}
{"op_code":4,"worker_id":"bcddaf33-44b8-4647-b466-e68e7e22a836-139736242049152","study_id":0,"datetime_start":"2026-06-05T15:14:31.593101"}
{"op_code":5,"worker_id":"747cb986-8c00-4417-ac56-b822bbb7699a-140174220030080","trial_id":161,"param_name":"JointSlopeAngle","param_value_internal":0.25626501852947836,"distribution":"{\"name\": \"FloatDistribution\", \"attributes\": {\"step\": null, \"low\": 0.17453292519943295, \"high\": 1.0471975511965976, \"log\": false}}"}
{"op_code":5,"worker_id":"9386abc5-3e2e-4369-a995-ee5e51a6709e-140609308393600","trial_id":160,"param_name":"JointHeight","param_value_internal":6.083759856322865,"distribution":"{\"name\": \"FloatDistribution\", \"attributes\": {\"step\": null, \"low\": 5.0, \"high\": 8.0, \"log\": false}}"}
{"op_code":5,"worker_id":"747cb986-8c00-4417-ac56-b822bbb7699a-140174220030080","trial_id":161,"param_name":"OuterRadius","param_value_internal":14.410118801966085,"distribution":"{\"name\": \"FloatDistribution\", \"attributes\": {\"step\": null, \"low\": 8.75, \"high\": 17.75, \"log\": false}}"}
{"op_code":9,"worker_id":"bcddaf33-44b8-4647-b466-e68e7e22a836-139736242049152","trial_id":162,"system_attr":{"nsga2:generation":2}}
{"op_code":5,"worker_id":"747cb986-8c00-4417-ac56-b822bbb7699a-140174220030080","trial_id":161,"param_name":"JointHeight","param_value_internal":5.947117172739313,"distribution":"{\"name\": \"FloatDistribution\", \"attributes\": {\"step\": null, \"low\": 5.0, \"high\": 8.0, \"log\": false}}"}
{"op_code":5,"worker_id":"bcddaf33-44b8-4647-b466-e68e7e22a836-139736242049152","trial_id":162,"param_name":"JointSlopeAngle","param_value_internal":0.7304904668260271,"distribution":"{\"name\": \"FloatDistribution\", \"attributes\": {\"step\": null, \"low\": 0.17453292519943295, \"high\": 1.0471975511965976, \"log\": false}}"}
{"op_code":5,"worker_id":"9386abc5-3e2e-4369-a995-ee5e51a6709e-140609308393600","trial_id":160,"param_name":"CavityCorkThickness","param_value_internal":2.024952503805173,"distribution":"{\"name\": \"FloatDistribution\", \"attributes\": {\"step\": null, \"low\": 2.0, \"high\": 5.0, \"log\": false}}"}
{"op_code":5,"worker_id":"747cb986-8c00-4417-ac56-b822bbb7699a-140174220030080","trial_id":161,"param_name":"CavityCorkThickness","param_value_internal":3.32992419060141,"distribution":"{\"name\": \"FloatDistribution\", \"attributes\": {\"step\": null, \"low\": 2.0, \"high\": 5.0, \"log\": false}}"}
{"op_code":5,"worker_id":"9386abc5-3e2e-4369-a995-ee5e51a6709e-140609308393600","trial_id":160,"param_name":"BellowHeight","param_value_internal":8.249955706871631,"distribution":"{\"name\": \"FloatDistribution\", \"attributes\": {\"step\": null, \"low\": 6.0, \"high\": 10.0, \"log\": false}}"}
{"op_code":5,"worker_id":"747cb986-8c00-4417-ac56-b822bbb7699a-140174220030080","trial_id":161,"param_name":"BellowHeight","param_value_internal":7.350257881552679,"distribution":"{\"name\": \"FloatDistribution\", \"attributes\": {\"step\": null, \"low\": 6.0, \"high\": 10.0, \"log\": false}}"}
{"op_code":5,"worker_id":"bcddaf33-44b8-4647-b466-e68e7e22a836-139736242049152","trial_id":162,"param_name":"OuterRadius","param_value_internal":15.722636497368068,"distribution":"{\"name\": \"FloatDistribution\", \"attributes\": {\"step\": null, \"low\": 8.75, \"high\": 17.75, \"log\": false}}"}
{"op_code":5,"worker_id":"9386abc5-3e2e-4369-a995-ee5e51a6709e-140609308393600","trial_id":160,"param_name":"WallThickness","param_value_internal":2.8421128070440496,"distribution":"{\"name\": \"FloatDistribution\", \"attributes\": {\"step\": null, \"low\": 2.0, \"high\": 4.0, \"log\": false}}"}
{"op_code":5,"worker_id":"bcddaf33-44b8-4647-b466-e68e7e22a836-139736242049152","trial_id":162,"param_name":"JointHeight","param_value_internal":5.568909447825483,"distribution":"{\"name\": \"FloatDistribution\", \"attributes\": {\"step\": null, \"low\": 5.0, \"high\": 8.0, \"log\": false}}"}
{"op_code":5,"worker_id":"9386abc5-3e2e-4369-a995-ee5e51a6709e-140609308393600","trial_id":160,"param_name":"PlateauHeight","param_value_internal":2.7503559255547576,"distribution":"{\"name\": \"FloatDistribution\", \"attributes\": {\"step\": null, \"low\": 2.0, \"high\": 4.0, \"log\": false}}"}
{"op_code":5,"worker_id":"747cb986-8c00-4417-ac56-b822bbb7699a-140174220030080","trial_id":161,"param_name":"WallThickness","param_value_internal":2.9846244503077024,"distribution":"{\"name\": \"FloatDistribution\", \"attributes\": {\"step\": null, \"low\": 2.0, \"high\": 4.0, \"log\": false}}"}
{"op_code":5,"worker_id":"bcddaf33-44b8-4647-b466-e68e7e22a836-139736242049152","trial_id":162,"param_name":"CavityCorkThickness","param_value_internal":2.069474772154215,"distribution":"{\"name\": \"FloatDistribution\", \"attributes\": {\"step\": null, \"low\": 2.0, \"high\": 5.0, \"log\": false}}"}
{"op_code":5,"worker_id":"747cb986-8c00-4417-ac56-b822bbb7699a-140174220030080","trial_id":161,"param_name":"PlateauHeight","param_value_internal":2.031681883495373,"distribution":"{\"name\": \"FloatDistribution\", \"attributes\": {\"step\": null, \"low\": 2.0, \"high\": 4.0, \"log\": false}}"}
{"op_code":5,"worker_id":"bcddaf33-44b8-4647-b466-e68e7e22a836-139736242049152","trial_id":162,"param_name":"BellowHeight","param_value_internal":6.720507269746571,"distribution":"{\"name\": \"FloatDistribution\", \"attributes\": {\"step\": null, \"low\": 6.0, \"high\": 10.0, \"log\": false}}"}
{"op_code":5,"worker_id":"bcddaf33-44b8-4647-b466-e68e7e22a836-139736242049152","trial_id":162,"param_name":"WallThickness","param_value_internal":3.185988315261473,"distribution":"{\"name\": \"FloatDistribution\", \"attributes\": {\"step\": null, \"low\": 2.0, \"high\": 4.0, \"log\": false}}"}
{"op_code":5,"worker_id":"bcddaf33-44b8-4647-b466-e68e7e22a836-139736242049152","trial_id":162,"param_name":"PlateauHeight","param_value_internal":2.8431417920270894,"distribution":"{\"name\": \"FloatDistribution\", \"attributes\": {\"step\": null, \"low\": 2.0, \"high\": 4.0, \"log\": false}}"}
{"op_code":6,"worker_id":"9313a9ce-b09a-4d83-bcd6-c4f34fa5d6a8-140169399386240","trial_id":148,"state":1,"values":[-Infinity,-Infinity],"datetime_complete":"2026-06-05T15:14:31.932175"}
{"op_code":4,"worker_id":"9313a9ce-b09a-4d83-bcd6-c4f34fa5d6a8-140169399386240","study_id":0,"datetime_start":"2026-06-05T15:14:31.943484"}
{"op_code":9,"worker_id":"9313a9ce-b09a-4d83-bcd6-c4f34fa5d6a8-140169399386240","trial_id":163,"system_attr":{"nsga2:generation":2}}
{"op_code":5,"worker_id":"9313a9ce-b09a-4d83-bcd6-c4f34fa5d6a8-140169399386240","trial_id":163,"param_name":"JointSlopeAngle","param_value_internal":0.24695882294881366,"distribution":"{\"name\": \"FloatDistribution\", \"attributes\": {\"step\": null, \"low\": 0.17453292519943295, \"high\": 1.0471975511965976, \"log\": false}}"}
{"op_code":5,"worker_id":"9313a9ce-b09a-4d83-bcd6-c4f34fa5d6a8-140169399386240","trial_id":163,"param_name":"OuterRadius","param_value_internal":15.373562903674783,"distribution":"{\"name\": \"FloatDistribution\", \"attributes\": {\"step\": null, \"low\": 8.75, \"high\": 17.75, \"log\": false}}"}
{"op_code":5,"worker_id":"9313a9ce-b09a-4d83-bcd6-c4f34fa5d6a8-140169399386240","trial_id":163,"param_name":"JointHeight","param_value_internal":7.4711942946555325,"distribution":"{\"name\": \"FloatDistribution\", \"attributes\": {\"step\": null, \"low\": 5.0, \"high\": 8.0, \"log\": false}}"}
{"op_code":5,"worker_id":"9313a9ce-b09a-4d83-bcd6-c4f34fa5d6a8-140169399386240","trial_id":163,"param_name":"CavityCorkThickness","param_value_internal":3.7328298277813343,"distribution":"{\"name\": \"FloatDistribution\", \"attributes\": {\"step\": null, \"low\": 2.0, \"high\": 5.0, \"log\": false}}"}
{"op_code":5,"worker_id":"9313a9ce-b09a-4d83-bcd6-c4f34fa5d6a8-140169399386240","trial_id":163,"param_name":"BellowHeight","param_value_internal":9.939503924735458,"distribution":"{\"name\": \"FloatDistribution\", \"attributes\": {\"step\": null, \"low\": 6.0, \"high\": 10.0, \"log\": false}}"}
{"op_code":6,"worker_id":"2ff4a148-0005-4015-aed6-87e56f3234bc-140669548761216","trial_id":149,"state":1,"values":[-Infinity,-Infinity],"datetime_complete":"2026-06-05T15:14:31.989022"}
{"op_code":6,"worker_id":"08967eb3-cdb1-478d-9d04-703c2d39e42a-140464208658560","trial_id":157,"state":1,"values":[-Infinity,-Infinity],"datetime_complete":"2026-06-05T15:14:31.986722"}
{"op_code":6,"worker_id":"7e66503b-0597-4e14-bcc6-cf3daf211d5b-139883269681280","trial_id":150,"state":1,"values":[-Infinity,-Infinity],"datetime_complete":"2026-06-05T15:14:31.991785"}
{"op_code":4,"worker_id":"2ff4a148-0005-4015-aed6-87e56f3234bc-140669548761216","study_id":0,"datetime_start":"2026-06-05T15:14:32.003803"}
{"op_code":5,"worker_id":"9313a9ce-b09a-4d83-bcd6-c4f34fa5d6a8-140169399386240","trial_id":163,"param_name":"WallThickness","param_value_internal":3.6348700392505964,"distribution":"{\"name\": \"FloatDistribution\", \"attributes\": {\"step\": null, \"low\": 2.0, \"high\": 4.0, \"log\": false}}"}
{"op_code":4,"worker_id":"7e66503b-0597-4e14-bcc6-cf3daf211d5b-139883269681280","study_id":0,"datetime_start":"2026-06-05T15:14:32.012182"}
{"op_code":5,"worker_id":"9313a9ce-b09a-4d83-bcd6-c4f34fa5d6a8-140169399386240","trial_id":163,"param_name":"PlateauHeight","param_value_internal":3.5361625385165576,"distribution":"{\"name\": \"FloatDistribution\", \"attributes\": {\"step\": null, \"low\": 2.0, \"high\": 4.0, \"log\": false}}"}
{"op_code":9,"worker_id":"2ff4a148-0005-4015-aed6-87e56f3234bc-140669548761216","trial_id":164,"system_attr":{"nsga2:generation":2}}
{"op_code":0,"worker_id":"dfe39f1d-261b-4089-8000-edda336b62f5-140464208658560","study_name":"SensorFinger_8_optuna_evolutionary","directions":[2,2]}
{"op_code":5,"worker_id":"2ff4a148-0005-4015-aed6-87e56f3234bc-140669548761216","trial_id":164,"param_name":"JointSlopeAngle","param_value_internal":0.8213479588463072,"distribution":"{\"name\": \"FloatDistribution\", \"attributes\": {\"step\": null, \"low\": 0.17453292519943295, \"high\": 1.0471975511965976, \"log\": false}}"}
{"op_code":5,"worker_id":"2ff4a148-0005-4015-aed6-87e56f3234bc-140669548761216","trial_id":164,"param_name":"OuterRadius","param_value_internal":11.883455177452284,"distribution":"{\"name\": \"FloatDistribution\", \"attributes\": {\"step\": null, \"low\": 8.75, \"high\": 17.75, \"log\": false}}"}
{"op_code":9,"worker_id":"7e66503b-0597-4e14-bcc6-cf3daf211d5b-139883269681280","trial_id":165,"system_attr":{"nsga2:generation":2}}
{"op_code":5,"worker_id":"2ff4a148-0005-4015-aed6-87e56f3234bc-140669548761216","trial_id":164,"param_name":"JointHeight","param_value_internal":6.713752837378621,"distribution":"{\"name\": \"FloatDistribution\", \"attributes\": {\"step\": null, \"low\": 5.0, \"high\": 8.0, \"log\": false}}"}
{"op_code":5,"worker_id":"7e66503b-0597-4e14-bcc6-cf3daf211d5b-139883269681280","trial_id":165,"param_name":"JointSlopeAngle","param_value_internal":0.5108543382116363,"distribution":"{\"name\": \"FloatDistribution\", \"attributes\": {\"step\": null, \"low\": 0.17453292519943295, \"high\": 1.0471975511965976, \"log\": false}}"}
{"op_code":5,"worker_id":"2ff4a148-0005-4015-aed6-87e56f3234bc-140669548761216","trial_id":164,"param_name":"CavityCorkThickness","param_value_internal":2.364406361035443,"distribution":"{\"name\": \"FloatDistribution\", \"attributes\": {\"step\": null, \"low\": 2.0, \"high\": 5.0, \"log\": false}}"}
{"op_code":5,"worker_id":"7e66503b-0597-4e14-bcc6-cf3daf211d5b-139883269681280","trial_id":165,"param_name":"OuterRadius","param_value_internal":15.291334987892494,"distribution":"{\"name\": \"FloatDistribution\", \"attributes\": {\"step\": null, \"low\": 8.75, \"high\": 17.75, \"log\": false}}"}
{"op_code":5,"worker_id":"2ff4a148-0005-4015-aed6-87e56f3234bc-140669548761216","trial_id":164,"param_name":"BellowHeight","param_value_internal":9.766994701500913,"distribution":"{\"name\": \"FloatDistribution\", \"attributes\": {\"step\": null, \"low\": 6.0, \"high\": 10.0, \"log\": false}}"}
{"op_code":5,"worker_id":"7e66503b-0597-4e14-bcc6-cf3daf211d5b-139883269681280","trial_id":165,"param_name":"JointHeight","param_value_internal":6.621486893028049,"distribution":"{\"name\": \"FloatDistribution\", \"attributes\": {\"step\": null, \"low\": 5.0, \"high\": 8.0, \"log\": false}}"}
{"op_code":5,"worker_id":"2ff4a148-0005-4015-aed6-87e56f3234bc-140669548761216","trial_id":164,"param_name":"WallThickness","param_value_internal":3.185988315261473,"distribution":"{\"name\": \"FloatDistribution\", \"attributes\": {\"step\": null, \"low\": 2.0, \"high\": 4.0, \"log\": false}}"}
{"op_code":5,"worker_id":"7e66503b-0597-4e14-bcc6-cf3daf211d5b-139883269681280","trial_id":165,"param_name":"CavityCorkThickness","param_value_internal":2.7850691255432785,"distribution":"{\"name\": \"FloatDistribution\", \"attributes\": {\"step\": null, \"low\": 2.0, \"high\": 5.0, \"log\": false}}"}
{"op_code":5,"worker_id":"2ff4a148-0005-4015-aed6-87e56f3234bc-140669548761216","trial_id":164,"param_name":"PlateauHeight","param_value_internal":3.8552804856615945,"distribution":"{\"name\": \"FloatDistribution\", \"attributes\": {\"step\": null, \"low\": 2.0, \"high\": 4.0, \"log\": false}}"}
{"op_code":5,"worker_id":"7e66503b-0597-4e14-bcc6-cf3daf211d5b-139883269681280","trial_id":165,"param_name":"BellowHeight","param_value_internal":8.113892266696407,"distribution":"{\"name\": \"FloatDistribution\", \"attributes\": {\"step\": null, \"low\": 6.0, \"high\": 10.0, \"log\": false}}"}
{"op_code":5,"worker_id":"7e66503b-0597-4e14-bcc6-cf3daf211d5b-139883269681280","trial_id":165,"param_name":"WallThickness","param_value_internal":3.093660522664136,"distribution":"{\"name\": \"FloatDistribution\", \"attributes\": {\"step\": null, \"low\": 2.0, \"high\": 4.0, \"log\": false}}"}
{"op_code":0,"worker_id":"dfe39f1d-261b-4089-8000-edda336b62f5-140464208658560","study_name":"SensorFinger_8_optuna_evolutionary","directions":[2,2]}
{"op_code":5,"worker_id":"7e66503b-0597-4e14-bcc6-cf3daf211d5b-139883269681280","trial_id":165,"param_name":"PlateauHeight","param_value_internal":3.311301307717729,"distribution":"{\"name\": \"FloatDistribution\", \"attributes\": {\"step\": null, \"low\": 2.0, \"high\": 4.0, \"log\": false}}"}
{"op_code":6,"worker_id":"04965b0d-4109-496d-bd42-addd6ef9349a-140038410883200","trial_id":151,"state":1,"values":[-Infinity,-Infinity],"datetime_complete":"2026-06-05T15:14:32.125391"}
{"op_code":6,"worker_id":"9d8907ab-2f28-4a62-bfc0-37c55e738fb8-140010826334336","trial_id":158,"state":1,"values":[-Infinity,-Infinity],"datetime_complete":"2026-06-05T15:14:32.126663"}
{"op_code":4,"worker_id":"04965b0d-4109-496d-bd42-addd6ef9349a-140038410883200","study_id":0,"datetime_start":"2026-06-05T15:14:32.136391"}
{"op_code":9,"worker_id":"04965b0d-4109-496d-bd42-addd6ef9349a-140038410883200","trial_id":166,"system_attr":{"nsga2:generation":2}}
{"op_code":5,"worker_id":"04965b0d-4109-496d-bd42-addd6ef9349a-140038410883200","trial_id":166,"param_name":"JointSlopeAngle","param_value_internal":0.24955666709870344,"distribution":"{\"name\": \"FloatDistribution\", \"attributes\": {\"step\": null, \"low\": 0.17453292519943295, \"high\": 1.0471975511965976, \"log\": false}}"}
{"op_code":5,"worker_id":"04965b0d-4109-496d-bd42-addd6ef9349a-140038410883200","trial_id":166,"param_name":"OuterRadius","param_value_internal":15.230369251358729,"distribution":"{\"name\": \"FloatDistribution\", \"attributes\": {\"step\": null, \"low\": 8.75, \"high\": 17.75, \"log\": false}}"}
{"op_code":5,"worker_id":"04965b0d-4109-496d-bd42-addd6ef9349a-140038410883200","trial_id":166,"param_name":"JointHeight","param_value_internal":5.79402826387025,"distribution":"{\"name\": \"FloatDistribution\", \"attributes\": {\"step\": null, \"low\": 5.0, \"high\": 8.0, \"log\": false}}"}
{"op_code":5,"worker_id":"04965b0d-4109-496d-bd42-addd6ef9349a-140038410883200","trial_id":166,"param_name":"CavityCorkThickness","param_value_internal":4.525463781046303,"distribution":"{\"name\": \"FloatDistribution\", \"attributes\": {\"step\": null, \"low\": 2.0, \"high\": 5.0, \"log\": false}}"}
{"op_code":0,"worker_id":"2547ed18-a4fa-45ec-a345-06fd4e6b72b1-140010826334336","study_name":"SensorFinger_8_optuna_evolutionary","directions":[2,2]}
{"op_code":5,"worker_id":"04965b0d-4109-496d-bd42-addd6ef9349a-140038410883200","trial_id":166,"param_name":"BellowHeight","param_value_internal":6.998558436098011,"distribution":"{\"name\": \"FloatDistribution\", \"attributes\": {\"step\": null, \"low\": 6.0, \"high\": 10.0, \"log\": false}}"}
{"op_code":0,"worker_id":"2547ed18-a4fa-45ec-a345-06fd4e6b72b1-140010826334336","study_name":"SensorFinger_8_optuna_evolutionary","directions":[2,2]}
{"op_code":5,"worker_id":"04965b0d-4109-496d-bd42-addd6ef9349a-140038410883200","trial_id":166,"param_name":"WallThickness","param_value_internal":2.5875608263954835,"distribution":"{\"name\": \"FloatDistribution\", \"attributes\": {\"step\": null, \"low\": 2.0, \"high\": 4.0, \"log\": false}}"}
{"op_code":5,"worker_id":"04965b0d-4109-496d-bd42-addd6ef9349a-140038410883200","trial_id":166,"param_name":"PlateauHeight","param_value_internal":3.185348712741326,"distribution":"{\"name\": \"FloatDistribution\", \"attributes\": {\"step\": null, \"low\": 2.0, \"high\": 4.0, \"log\": false}}"}
{"op_code":6,"worker_id":"4e460bcd-e743-47c1-945d-59f722bd841d-140387618566272","trial_id":159,"state":1,"values":[-Infinity,-Infinity],"datetime_complete":"2026-06-05T15:14:32.228423"}
{"op_code":0,"worker_id":"67d39b02-2038-4db0-88dc-f9e58b2f5b55-140387618566272","study_name":"SensorFinger_8_optuna_evolutionary","directions":[2,2]}
{"op_code":0,"worker_id":"67d39b02-2038-4db0-88dc-f9e58b2f5b55-140387618566272","study_name":"SensorFinger_8_optuna_evolutionary","directions":[2,2]}
{"op_code":6,"worker_id":"9386abc5-3e2e-4369-a995-ee5e51a6709e-140609308393600","trial_id":160,"state":1,"values":[-Infinity,-Infinity],"datetime_complete":"2026-06-05T15:14:32.397740"}
{"op_code":0,"worker_id":"5fa6c371-fbc7-42ac-a592-b90530b138db-140609308393600","study_name":"SensorFinger_8_optuna_evolutionary","directions":[2,2]}
{"op_code":0,"worker_id":"5fa6c371-fbc7-42ac-a592-b90530b138db-140609308393600","study_name":"SensorFinger_8_optuna_evolutionary","directions":[2,2]}
{"op_code":0,"worker_id":"88976795-3d4b-4694-b8cf-9a51bab50c0c-140464208658560","study_name":"SensorFinger_8_optuna_evolutionary","directions":[2,2]}
{"op_code":0,"worker_id":"88976795-3d4b-4694-b8cf-9a51bab50c0c-140464208658560","study_name":"SensorFinger_8_optuna_evolutionary","directions":[2,2]}
{"op_code":0,"worker_id":"927e5853-cf50-4fbc-88ac-d2657e09a806-140010826334336","study_name":"SensorFinger_8_optuna_evolutionary","directions":[2,2]}
{"op_code":0,"worker_id":"927e5853-cf50-4fbc-88ac-d2657e09a806-140010826334336","study_name":"SensorFinger_8_optuna_evolutionary","directions":[2,2]}
{"op_code":0,"worker_id":"317b96f3-51c9-4f59-8053-a575aec16347-140387618566272","study_name":"SensorFinger_8_optuna_evolutionary","directions":[2,2]}
{"op_code":0,"worker_id":"317b96f3-51c9-4f59-8053-a575aec16347-140387618566272","study_name":"SensorFinger_8_optuna_evolutionary","directions":[2,2]}
{"op_code":6,"worker_id":"bcddaf33-44b8-4647-b466-e68e7e22a836-139736242049152","trial_id":162,"state":1,"values":[-Infinity,-Infinity],"datetime_complete":"2026-06-05T15:14:32.741264"}
{"op_code":4,"worker_id":"bcddaf33-44b8-4647-b466-e68e7e22a836-139736242049152","study_id":0,"datetime_start":"2026-06-05T15:14:32.752492"}
{"op_code":9,"worker_id":"bcddaf33-44b8-4647-b466-e68e7e22a836-139736242049152","trial_id":167,"system_attr":{"nsga2:generation":2}}
{"op_code":5,"worker_id":"bcddaf33-44b8-4647-b466-e68e7e22a836-139736242049152","trial_id":167,"param_name":"JointSlopeAngle","param_value_internal":0.8213479588463072,"distribution":"{\"name\": \"FloatDistribution\", \"attributes\": {\"step\": null, \"low\": 0.17453292519943295, \"high\": 1.0471975511965976, \"log\": false}}"}
{"op_code":5,"worker_id":"bcddaf33-44b8-4647-b466-e68e7e22a836-139736242049152","trial_id":167,"param_name":"OuterRadius","param_value_internal":17.66475081135803,"distribution":"{\"name\": \"FloatDistribution\", \"attributes\": {\"step\": null, \"low\": 8.75, \"high\": 17.75, \"log\": false}}"}
{"op_code":5,"worker_id":"bcddaf33-44b8-4647-b466-e68e7e22a836-139736242049152","trial_id":167,"param_name":"JointHeight","param_value_internal":6.713752837378621,"distribution":"{\"name\": \"FloatDistribution\", \"attributes\": {\"step\": null, \"low\": 5.0, \"high\": 8.0, \"log\": false}}"}
{"op_code":5,"worker_id":"bcddaf33-44b8-4647-b466-e68e7e22a836-139736242049152","trial_id":167,"param_name":"CavityCorkThickness","param_value_internal":2.364406361035443,"distribution":"{\"name\": \"FloatDistribution\", \"attributes\": {\"step\": null, \"low\": 2.0, \"high\": 5.0, \"log\": false}}"}
{"op_code":5,"worker_id":"bcddaf33-44b8-4647-b466-e68e7e22a836-139736242049152","trial_id":167,"param_name":"BellowHeight","param_value_internal":8.989204111193715,"distribution":"{\"name\": \"FloatDistribution\", \"attributes\": {\"step\": null, \"low\": 6.0, \"high\": 10.0, \"log\": false}}"}
{"op_code":5,"worker_id":"bcddaf33-44b8-4647-b466-e68e7e22a836-139736242049152","trial_id":167,"param_name":"WallThickness","param_value_internal":2.7130827124486396,"distribution":"{\"name\": \"FloatDistribution\", \"attributes\": {\"step\": null, \"low\": 2.0, \"high\": 4.0, \"log\": false}}"}
{"op_code":5,"worker_id":"bcddaf33-44b8-4647-b466-e68e7e22a836-139736242049152","trial_id":167,"param_name":"PlateauHeight","param_value_internal":3.682789526973112,"distribution":"{\"name\": \"FloatDistribution\", \"attributes\": {\"step\": null, \"low\": 2.0, \"high\": 4.0, \"log\": false}}"}
{"op_code":0,"worker_id":"540aaa08-28a7-4c6e-8ac0-386694dbb11c-140609308393600","study_name":"SensorFinger_8_optuna_evolutionary","directions":[2,2]}
{"op_code":0,"worker_id":"540aaa08-28a7-4c6e-8ac0-386694dbb11c-140609308393600","study_name":"SensorFinger_8_optuna_evolutionary","directions":[2,2]}
{"op_code":6,"worker_id":"747cb986-8c00-4417-ac56-b822bbb7699a-140174220030080","trial_id":161,"state":1,"values":[-Infinity,-Infinity],"datetime_complete":"2026-06-05T15:14:32.897123"}
{"op_code":4,"worker_id":"747cb986-8c00-4417-ac56-b822bbb7699a-140174220030080","study_id":0,"datetime_start":"2026-06-05T15:14:32.907350"}
{"op_code":9,"worker_id":"747cb986-8c00-4417-ac56-b822bbb7699a-140174220030080","trial_id":168,"system_attr":{"nsga2:generation":2}}
{"op_code":5,"worker_id":"747cb986-8c00-4417-ac56-b822bbb7699a-140174220030080","trial_id":168,"param_name":"JointSlopeAngle","param_value_internal":0.32685898751869047,"distribution":"{\"name\": \"FloatDistribution\", \"attributes\": {\"step\": null, \"low\": 0.17453292519943295, \"high\": 1.0471975511965976, \"log\": false}}"}
{"op_code":5,"worker_id":"747cb986-8c00-4417-ac56-b822bbb7699a-140174220030080","trial_id":168,"param_name":"OuterRadius","param_value_internal":13.73137764191626,"distribution":"{\"name\": \"FloatDistribution\", \"attributes\": {\"step\": null, \"low\": 8.75, \"high\": 17.75, \"log\": false}}"}
{"op_code":5,"worker_id":"747cb986-8c00-4417-ac56-b822bbb7699a-140174220030080","trial_id":168,"param_name":"JointHeight","param_value_internal":6.168324272757162,"distribution":"{\"name\": \"FloatDistribution\", \"attributes\": {\"step\": null, \"low\": 5.0, \"high\": 8.0, \"log\": false}}"}
{"op_code":5,"worker_id":"747cb986-8c00-4417-ac56-b822bbb7699a-140174220030080","trial_id":168,"param_name":"CavityCorkThickness","param_value_internal":4.2571085630744765,"distribution":"{\"name\": \"FloatDistribution\", \"attributes\": {\"step\": null, \"low\": 2.0, \"high\": 5.0, \"log\": false}}"}
{"op_code":5,"worker_id":"747cb986-8c00-4417-ac56-b822bbb7699a-140174220030080","trial_id":168,"param_name":"BellowHeight","param_value_internal":8.752893165727347,"distribution":"{\"name\": \"FloatDistribution\", \"attributes\": {\"step\": null, \"low\": 6.0, \"high\": 10.0, \"log\": false}}"}
{"op_code":5,"worker_id":"747cb986-8c00-4417-ac56-b822bbb7699a-140174220030080","trial_id":168,"param_name":"WallThickness","param_value_internal":3.2907741817906127,"distribution":"{\"name\": \"FloatDistribution\", \"attributes\": {\"step\": null, \"low\": 2.0, \"high\": 4.0, \"log\": false}}"}
{"op_code":5,"worker_id":"747cb986-8c00-4417-ac56-b822bbb7699a-140174220030080","trial_id":168,"param_name":"PlateauHeight","param_value_internal":2.1855622036119424,"distribution":"{\"name\": \"FloatDistribution\", \"attributes\": {\"step\": null, \"low\": 2.0, \"high\": 4.0, \"log\": false}}"}
{"op_code":6,"worker_id":"9313a9ce-b09a-4d83-bcd6-c4f34fa5d6a8-140169399386240","trial_id":163,"state":1,"values":[-Infinity,-Infinity],"datetime_complete":"2026-06-05T15:14:33.733139"}
{"op_code":4,"worker_id":"9313a9ce-b09a-4d83-bcd6-c4f34fa5d6a8-140169399386240","study_id":0,"datetime_start":"2026-06-05T15:14:33.744080"}
{"op_code":6,"worker_id":"04965b0d-4109-496d-bd42-addd6ef9349a-140038410883200","trial_id":166,"state":1,"values":[-Infinity,-Infinity],"datetime_complete":"2026-06-05T15:14:33.744403"}
{"op_code":9,"worker_id":"9313a9ce-b09a-4d83-bcd6-c4f34fa5d6a8-140169399386240","trial_id":169,"system_attr":{"nsga2:generation":2}}
{"op_code":4,"worker_id":"04965b0d-4109-496d-bd42-addd6ef9349a-140038410883200","study_id":0,"datetime_start":"2026-06-05T15:14:33.760221"}
{"op_code":6,"worker_id":"2ff4a148-0005-4015-aed6-87e56f3234bc-140669548761216","trial_id":164,"state":1,"values":[-Infinity,-Infinity],"datetime_complete":"2026-06-05T15:14:33.764028"}
{"op_code":5,"worker_id":"9313a9ce-b09a-4d83-bcd6-c4f34fa5d6a8-140169399386240","trial_id":169,"param_name":"JointSlopeAngle","param_value_internal":0.7304904668260271,"distribution":"{\"name\": \"FloatDistribution\", \"attributes\": {\"step\": null, \"low\": 0.17453292519943295, \"high\": 1.0471975511965976, \"log\": false}}"}
{"op_code":9,"worker_id":"04965b0d-4109-496d-bd42-addd6ef9349a-140038410883200","trial_id":170,"system_attr":{"nsga2:generation":2}}
{"op_code":4,"worker_id":"2ff4a148-0005-4015-aed6-87e56f3234bc-140669548761216","study_id":0,"datetime_start":"2026-06-05T15:14:33.780640"}
{"op_code":5,"worker_id":"04965b0d-4109-496d-bd42-addd6ef9349a-140038410883200","trial_id":170,"param_name":"JointSlopeAngle","param_value_internal":0.24695882294881366,"distribution":"{\"name\": \"FloatDistribution\", \"attributes\": {\"step\": null, \"low\": 0.17453292519943295, \"high\": 1.0471975511965976, \"log\": false}}"}
{"op_code":6,"worker_id":"7e66503b-0597-4e14-bcc6-cf3daf211d5b-139883269681280","trial_id":165,"state":1,"values":[-Infinity,-Infinity],"datetime_complete":"2026-06-05T15:14:33.786858"}
{"op_code":9,"worker_id":"2ff4a148-0005-4015-aed6-87e56f3234bc-140669548761216","trial_id":171,"system_attr":{"nsga2:generation":2}}
{"op_code":5,"worker_id":"04965b0d-4109-496d-bd42-addd6ef9349a-140038410883200","trial_id":170,"param_name":"OuterRadius","param_value_internal":15.373562903674783,"distribution":"{\"name\": \"FloatDistribution\", \"attributes\": {\"step\": null, \"low\": 8.75, \"high\": 17.75, \"log\": false}}"}
{"op_code":5,"worker_id":"2ff4a148-0005-4015-aed6-87e56f3234bc-140669548761216","trial_id":171,"param_name":"JointSlopeAngle","param_value_internal":0.2318566440034055,"distribution":"{\"name\": \"FloatDistribution\", \"attributes\": {\"step\": null, \"low\": 0.17453292519943295, \"high\": 1.0471975511965976, \"log\": false}}"}
{"op_code":5,"worker_id":"04965b0d-4109-496d-bd42-addd6ef9349a-140038410883200","trial_id":170,"param_name":"JointHeight","param_value_internal":6.621486893028049,"distribution":"{\"name\": \"FloatDistribution\", \"attributes\": {\"step\": null, \"low\": 5.0, \"high\": 8.0, \"log\": false}}"}
{"op_code":5,"worker_id":"2ff4a148-0005-4015-aed6-87e56f3234bc-140669548761216","trial_id":171,"param_name":"OuterRadius","param_value_internal":11.845830572646417,"distribution":"{\"name\": \"FloatDistribution\", \"attributes\": {\"step\": null, \"low\": 8.75, \"high\": 17.75, \"log\": false}}"}
{"op_code":4,"worker_id":"7e66503b-0597-4e14-bcc6-cf3daf211d5b-139883269681280","study_id":0,"datetime_start":"2026-06-05T15:14:33.802598"}
{"op_code":5,"worker_id":"2ff4a148-0005-4015-aed6-87e56f3234bc-140669548761216","trial_id":171,"param_name":"JointHeight","param_value_internal":5.40280113698297,"distribution":"{\"name\": \"FloatDistribution\", \"attributes\": {\"step\": null, \"low\": 5.0, \"high\": 8.0, \"log\": false}}"}
{"op_code":5,"worker_id":"2ff4a148-0005-4015-aed6-87e56f3234bc-140669548761216","trial_id":171,"param_name":"CavityCorkThickness","param_value_internal":4.151923586823559,"distribution":"{\"name\": \"FloatDistribution\", \"attributes\": {\"step\": null, \"low\": 2.0, \"high\": 5.0, \"log\": false}}"}
{"op_code":5,"worker_id":"04965b0d-4109-496d-bd42-addd6ef9349a-140038410883200","trial_id":170,"param_name":"CavityCorkThickness","param_value_internal":3.7328298277813343,"distribution":"{\"name\": \"FloatDistribution\", \"attributes\": {\"step\": null, \"low\": 2.0, \"high\": 5.0, \"log\": false}}"}
{"op_code":5,"worker_id":"2ff4a148-0005-4015-aed6-87e56f3234bc-140669548761216","trial_id":171,"param_name":"BellowHeight","param_value_internal":8.450714119063463,"distribution":"{\"name\": \"FloatDistribution\", \"attributes\": {\"step\": null, \"low\": 6.0, \"high\": 10.0, \"log\": false}}"}
{"op_code":5,"worker_id":"04965b0d-4109-496d-bd42-addd6ef9349a-140038410883200","trial_id":170,"param_name":"BellowHeight","param_value_internal":9.939503924735458,"distribution":"{\"name\": \"FloatDistribution\", \"attributes\": {\"step\": null, \"low\": 6.0, \"high\": 10.0, \"log\": false}}"}
{"op_code":5,"worker_id":"2ff4a148-0005-4015-aed6-87e56f3234bc-140669548761216","trial_id":171,"param_name":"WallThickness","param_value_internal":2.9211885257167687,"distribution":"{\"name\": \"FloatDistribution\", \"attributes\": {\"step\": null, \"low\": 2.0, \"high\": 4.0, \"log\": false}}"}
{"op_code":5,"worker_id":"04965b0d-4109-496d-bd42-addd6ef9349a-140038410883200","trial_id":170,"param_name":"WallThickness","param_value_internal":3.6348700392505964,"distribution":"{\"name\": \"FloatDistribution\", \"attributes\": {\"step\": null, \"low\": 2.0, \"high\": 4.0, \"log\": false}}"}
{"op_code":5,"worker_id":"2ff4a148-0005-4015-aed6-87e56f3234bc-140669548761216","trial_id":171,"param_name":"PlateauHeight","param_value_internal":3.280220508573912,"distribution":"{\"name\": \"FloatDistribution\", \"attributes\": {\"step\": null, \"low\": 2.0, \"high\": 4.0, \"log\": false}}"}
{"op_code":5,"worker_id":"04965b0d-4109-496d-bd42-addd6ef9349a-140038410883200","trial_id":170,"param_name":"PlateauHeight","param_value_internal":3.5361625385165576,"distribution":"{\"name\": \"FloatDistribution\", \"attributes\": {\"step\": null, \"low\": 2.0, \"high\": 4.0, \"log\": false}}"}
{"op_code":9,"worker_id":"7e66503b-0597-4e14-bcc6-cf3daf211d5b-139883269681280","trial_id":172,"system_attr":{"nsga2:generation":2}}
{"op_code":5,"worker_id":"7e66503b-0597-4e14-bcc6-cf3daf211d5b-139883269681280","trial_id":172,"param_name":"JointSlopeAngle","param_value_internal":0.9097705452513125,"distribution":"{\"name\": \"FloatDistribution\", \"attributes\": {\"step\": null, \"low\": 0.17453292519943295, \"high\": 1.0471975511965976, \"log\": false}}"}
{"op_code":5,"worker_id":"7e66503b-0597-4e14-bcc6-cf3daf211d5b-139883269681280","trial_id":172,"param_name":"OuterRadius","param_value_internal":9.79532987253138,"distribution":"{\"name\": \"FloatDistribution\", \"attributes\": {\"step\": null, \"low\": 8.75, \"high\": 17.75, \"log\": false}}"}
{"op_code":5,"worker_id":"7e66503b-0597-4e14-bcc6-cf3daf211d5b-139883269681280","trial_id":172,"param_name":"JointHeight","param_value_internal":7.123586897244875,"distribution":"{\"name\": \"FloatDistribution\", \"attributes\": {\"step\": null, \"low\": 5.0, \"high\": 8.0, \"log\": false}}"}
{"op_code":5,"worker_id":"7e66503b-0597-4e14-bcc6-cf3daf211d5b-139883269681280","trial_id":172,"param_name":"CavityCorkThickness","param_value_internal":2.446227322225355,"distribution":"{\"name\": \"FloatDistribution\", \"attributes\": {\"step\": null, \"low\": 2.0, \"high\": 5.0, \"log\": false}}"}
{"op_code":5,"worker_id":"7e66503b-0597-4e14-bcc6-cf3daf211d5b-139883269681280","trial_id":172,"param_name":"BellowHeight","param_value_internal":8.738605666762037,"distribution":"{\"name\": \"FloatDistribution\", \"attributes\": {\"step\": null, \"low\": 6.0, \"high\": 10.0, \"log\": false}}"}
{"op_code":5,"worker_id":"7e66503b-0597-4e14-bcc6-cf3daf211d5b-139883269681280","trial_id":172,"param_name":"WallThickness","param_value_internal":3.9330626726861864,"distribution":"{\"name\": \"FloatDistribution\", \"attributes\": {\"step\": null, \"low\": 2.0, \"high\": 4.0, \"log\": false}}"}
{"op_code":5,"worker_id":"7e66503b-0597-4e14-bcc6-cf3daf211d5b-139883269681280","trial_id":172,"param_name":"PlateauHeight","param_value_internal":2.115980969857897,"distribution":"{\"name\": \"FloatDistribution\", \"attributes\": {\"step\": null, \"low\": 2.0, \"high\": 4.0, \"log\": false}}"}
{"op_code":6,"worker_id":"bcddaf33-44b8-4647-b466-e68e7e22a836-139736242049152","trial_id":167,"state":1,"values":[-Infinity,-Infinity],"datetime_complete":"2026-06-05T15:14:33.860649"}
{"op_code":4,"worker_id":"bcddaf33-44b8-4647-b466-e68e7e22a836-139736242049152","study_id":0,"datetime_start":"2026-06-05T15:14:33.935768"}
{"op_code":9,"worker_id":"bcddaf33-44b8-4647-b466-e68e7e22a836-139736242049152","trial_id":173,"system_attr":{"nsga2:generation":3}}
{"op_code":5,"worker_id":"bcddaf33-44b8-4647-b466-e68e7e22a836-139736242049152","trial_id":173,"param_name":"JointSlopeAngle","param_value_internal":0.34842827513721675,"distribution":"{\"name\": \"FloatDistribution\", \"attributes\": {\"step\": null, \"low\": 0.17453292519943295, \"high\": 1.0471975511965976, \"log\": false}}"}
{"op_code":5,"worker_id":"bcddaf33-44b8-4647-b466-e68e7e22a836-139736242049152","trial_id":173,"param_name":"OuterRadius","param_value_internal":13.73137764191626,"distribution":"{\"name\": \"FloatDistribution\", \"attributes\": {\"step\": null, \"low\": 8.75, \"high\": 17.75, \"log\": false}}"}
{"op_code":5,"worker_id":"bcddaf33-44b8-4647-b466-e68e7e22a836-139736242049152","trial_id":173,"param_name":"JointHeight","param_value_internal":7.4711942946555325,"distribution":"{\"name\": \"FloatDistribution\", \"attributes\": {\"step\": null, \"low\": 5.0, \"high\": 8.0, \"log\": false}}"}
{"op_code":5,"worker_id":"bcddaf33-44b8-4647-b466-e68e7e22a836-139736242049152","trial_id":173,"param_name":"CavityCorkThickness","param_value_internal":2.9927071860778685,"distribution":"{\"name\": \"FloatDistribution\", \"attributes\": {\"step\": null, \"low\": 2.0, \"high\": 5.0, \"log\": false}}"}
{"op_code":5,"worker_id":"bcddaf33-44b8-4647-b466-e68e7e22a836-139736242049152","trial_id":173,"param_name":"BellowHeight","param_value_internal":9.939503924735458,"distribution":"{\"name\": \"FloatDistribution\", \"attributes\": {\"step\": null, \"low\": 6.0, \"high\": 10.0, \"log\": false}}"}
{"op_code":5,"worker_id":"bcddaf33-44b8-4647-b466-e68e7e22a836-139736242049152","trial_id":173,"param_name":"WallThickness","param_value_internal":3.6348700392505964,"distribution":"{\"name\": \"FloatDistribution\", \"attributes\": {\"step\": null, \"low\": 2.0, \"high\": 4.0, \"log\": false}}"}
{"op_code":5,"worker_id":"bcddaf33-44b8-4647-b466-e68e7e22a836-139736242049152","trial_id":173,"param_name":"PlateauHeight","param_value_internal":2.1855622036119424,"distribution":"{\"name\": \"FloatDistribution\", \"attributes\": {\"step\": null, \"low\": 2.0, \"high\": 4.0, \"log\": false}}"}
{"op_code":5,"worker_id":"9313a9ce-b09a-4d83-bcd6-c4f34fa5d6a8-140169399386240","trial_id":169,"param_name":"OuterRadius","param_value_internal":12.614869428983527,"distribution":"{\"name\": \"FloatDistribution\", \"attributes\": {\"step\": null, \"low\": 8.75, \"high\": 17.75, \"log\": false}}"}
{"op_code":5,"worker_id":"9313a9ce-b09a-4d83-bcd6-c4f34fa5d6a8-140169399386240","trial_id":169,"param_name":"JointHeight","param_value_internal":6.153698041572562,"distribution":"{\"name\": \"FloatDistribution\", \"attributes\": {\"step\": null, \"low\": 5.0, \"high\": 8.0, \"log\": false}}"}
{"op_code":5,"worker_id":"9313a9ce-b09a-4d83-bcd6-c4f34fa5d6a8-140169399386240","trial_id":169,"param_name":"CavityCorkThickness","param_value_internal":2.069474772154215,"distribution":"{\"name\": \"FloatDistribution\", \"attributes\": {\"step\": null, \"low\": 2.0, \"high\": 5.0, \"log\": false}}"}
{"op_code":5,"worker_id":"9313a9ce-b09a-4d83-bcd6-c4f34fa5d6a8-140169399386240","trial_id":169,"param_name":"BellowHeight","param_value_internal":9.766994701500913,"distribution":"{\"name\": \"FloatDistribution\", \"attributes\": {\"step\": null, \"low\": 6.0, \"high\": 10.0, \"log\": false}}"}
{"op_code":5,"worker_id":"9313a9ce-b09a-4d83-bcd6-c4f34fa5d6a8-140169399386240","trial_id":169,"param_name":"WallThickness","param_value_internal":3.185988315261473,"distribution":"{\"name\": \"FloatDistribution\", \"attributes\": {\"step\": null, \"low\": 2.0, \"high\": 4.0, \"log\": false}}"}
{"op_code":5,"worker_id":"9313a9ce-b09a-4d83-bcd6-c4f34fa5d6a8-140169399386240","trial_id":169,"param_name":"PlateauHeight","param_value_internal":3.0560674304413364,"distribution":"{\"name\": \"FloatDistribution\", \"attributes\": {\"step\": null, \"low\": 2.0, \"high\": 4.0, \"log\": false}}"}
{"op_code":6,"worker_id":"747cb986-8c00-4417-ac56-b822bbb7699a-140174220030080","trial_id":168,"state":1,"values":[-Infinity,-Infinity],"datetime_complete":"2026-06-05T15:14:34.185715"}
{"op_code":4,"worker_id":"747cb986-8c00-4417-ac56-b822bbb7699a-140174220030080","study_id":0,"datetime_start":"2026-06-05T15:14:34.195955"}
{"op_code":9,"worker_id":"747cb986-8c00-4417-ac56-b822bbb7699a-140174220030080","trial_id":174,"system_attr":{"nsga2:generation":3}}
{"op_code":5,"worker_id":"747cb986-8c00-4417-ac56-b822bbb7699a-140174220030080","trial_id":174,"param_name":"JointSlopeAngle","param_value_internal":0.5446770735150988,"distribution":"{\"name\": \"FloatDistribution\", \"attributes\": {\"step\": null, \"low\": 0.17453292519943295, \"high\": 1.0471975511965976, \"log\": false}}"}
{"op_code":5,"worker_id":"747cb986-8c00-4417-ac56-b822bbb7699a-140174220030080","trial_id":174,"param_name":"OuterRadius","param_value_internal":10.547932809372597,"distribution":"{\"name\": \"FloatDistribution\", \"attributes\": {\"step\": null, \"low\": 8.75, \"high\": 17.75, \"log\": false}}"}
{"op_code":5,"worker_id":"747cb986-8c00-4417-ac56-b822bbb7699a-140174220030080","trial_id":174,"param_name":"JointHeight","param_value_internal":6.597973093273672,"distribution":"{\"name\": \"FloatDistribution\", \"attributes\": {\"step\": null, \"low\": 5.0, \"high\": 8.0, \"log\": false}}"}
{"op_code":5,"worker_id":"747cb986-8c00-4417-ac56-b822bbb7699a-140174220030080","trial_id":174,"param_name":"CavityCorkThickness","param_value_internal":4.826292541113673,"distribution":"{\"name\": \"FloatDistribution\", \"attributes\": {\"step\": null, \"low\": 2.0, \"high\": 5.0, \"log\": false}}"}
{"op_code":5,"worker_id":"747cb986-8c00-4417-ac56-b822bbb7699a-140174220030080","trial_id":174,"param_name":"BellowHeight","param_value_internal":6.7004669864126605,"distribution":"{\"name\": \"FloatDistribution\", \"attributes\": {\"step\": null, \"low\": 6.0, \"high\": 10.0, \"log\": false}}"}
{"op_code":5,"worker_id":"747cb986-8c00-4417-ac56-b822bbb7699a-140174220030080","trial_id":174,"param_name":"WallThickness","param_value_internal":3.180160054366156,"distribution":"{\"name\": \"FloatDistribution\", \"attributes\": {\"step\": null, \"low\": 2.0, \"high\": 4.0, \"log\": false}}"}
{"op_code":5,"worker_id":"747cb986-8c00-4417-ac56-b822bbb7699a-140174220030080","trial_id":174,"param_name":"PlateauHeight","param_value_internal":2.5998480881004555,"distribution":"{\"name\": \"FloatDistribution\", \"attributes\": {\"step\": null, \"low\": 2.0, \"high\": 4.0, \"log\": false}}"}
{"op_code":6,"worker_id":"bcddaf33-44b8-4647-b466-e68e7e22a836-139736242049152","trial_id":173,"state":1,"values":[-Infinity,-Infinity],"datetime_complete":"2026-06-05T15:14:35.084506"}
{"op_code":4,"worker_id":"bcddaf33-44b8-4647-b466-e68e7e22a836-139736242049152","study_id":0,"datetime_start":"2026-06-05T15:14:35.095419"}
{"op_code":9,"worker_id":"bcddaf33-44b8-4647-b466-e68e7e22a836-139736242049152","trial_id":175,"system_attr":{"nsga2:generation":3}}
{"op_code":5,"worker_id":"bcddaf33-44b8-4647-b466-e68e7e22a836-139736242049152","trial_id":175,"param_name":"JointSlopeAngle","param_value_internal":0.742801513575288,"distribution":"{\"name\": \"FloatDistribution\", \"attributes\": {\"step\": null, \"low\": 0.17453292519943295, \"high\": 1.0471975511965976, \"log\": false}}"}
{"op_code":5,"worker_id":"bcddaf33-44b8-4647-b466-e68e7e22a836-139736242049152","trial_id":175,"param_name":"OuterRadius","param_value_internal":14.173721962338188,"distribution":"{\"name\": \"FloatDistribution\", \"attributes\": {\"step\": null, \"low\": 8.75, \"high\": 17.75, \"log\": false}}"}
{"op_code":5,"worker_id":"bcddaf33-44b8-4647-b466-e68e7e22a836-139736242049152","trial_id":175,"param_name":"JointHeight","param_value_internal":5.006673079213164,"distribution":"{\"name\": \"FloatDistribution\", \"attributes\": {\"step\": null, \"low\": 5.0, \"high\": 8.0, \"log\": false}}"}
{"op_code":5,"worker_id":"bcddaf33-44b8-4647-b466-e68e7e22a836-139736242049152","trial_id":175,"param_name":"CavityCorkThickness","param_value_internal":3.4718901530393187,"distribution":"{\"name\": \"FloatDistribution\", \"attributes\": {\"step\": null, \"low\": 2.0, \"high\": 5.0, \"log\": false}}"}
{"op_code":5,"worker_id":"bcddaf33-44b8-4647-b466-e68e7e22a836-139736242049152","trial_id":175,"param_name":"BellowHeight","param_value_internal":7.782554814195617,"distribution":"{\"name\": \"FloatDistribution\", \"attributes\": {\"step\": null, \"low\": 6.0, \"high\": 10.0, \"log\": false}}"}
{"op_code":5,"worker_id":"bcddaf33-44b8-4647-b466-e68e7e22a836-139736242049152","trial_id":175,"param_name":"WallThickness","param_value_internal":3.941577996626986,"distribution":"{\"name\": \"FloatDistribution\", \"attributes\": {\"step\": null, \"low\": 2.0, \"high\": 4.0, \"log\": false}}"}
{"op_code":5,"worker_id":"bcddaf33-44b8-4647-b466-e68e7e22a836-139736242049152","trial_id":175,"param_name":"PlateauHeight","param_value_internal":2.764225688701792,"distribution":"{\"name\": \"FloatDistribution\", \"attributes\": {\"step\": null, \"low\": 2.0, \"high\": 4.0, \"log\": false}}"}
{"op_code":6,"worker_id":"747cb986-8c00-4417-ac56-b822bbb7699a-140174220030080","trial_id":174,"state":1,"values":[-Infinity,-Infinity],"datetime_complete":"2026-06-05T15:14:35.474153"}
{"op_code":4,"worker_id":"747cb986-8c00-4417-ac56-b822bbb7699a-140174220030080","study_id":0,"datetime_start":"2026-06-05T15:14:35.484784"}
{"op_code":9,"worker_id":"747cb986-8c00-4417-ac56-b822bbb7699a-140174220030080","trial_id":176,"system_attr":{"nsga2:generation":3}}
{"op_code":5,"worker_id":"747cb986-8c00-4417-ac56-b822bbb7699a-140174220030080","trial_id":176,"param_name":"JointSlopeAngle","param_value_internal":0.17789864727354412,"distribution":"{\"name\": \"FloatDistribution\", \"attributes\": {\"step\": null, \"low\": 0.17453292519943295, \"high\": 1.0471975511965976, \"log\": false}}"}
{"op_code":5,"worker_id":"747cb986-8c00-4417-ac56-b822bbb7699a-140174220030080","trial_id":176,"param_name":"OuterRadius","param_value_internal":13.748363561527363,"distribution":"{\"name\": \"FloatDistribution\", \"attributes\": {\"step\": null, \"low\": 8.75, \"high\": 17.75, \"log\": false}}"}
{"op_code":5,"worker_id":"747cb986-8c00-4417-ac56-b822bbb7699a-140174220030080","trial_id":176,"param_name":"JointHeight","param_value_internal":6.651103446774604,"distribution":"{\"name\": \"FloatDistribution\", \"attributes\": {\"step\": null, \"low\": 5.0, \"high\": 8.0, \"log\": false}}"}
{"op_code":5,"worker_id":"747cb986-8c00-4417-ac56-b822bbb7699a-140174220030080","trial_id":176,"param_name":"CavityCorkThickness","param_value_internal":2.4252391243527542,"distribution":"{\"name\": \"FloatDistribution\", \"attributes\": {\"step\": null, \"low\": 2.0, \"high\": 5.0, \"log\": false}}"}
{"op_code":5,"worker_id":"747cb986-8c00-4417-ac56-b822bbb7699a-140174220030080","trial_id":176,"param_name":"BellowHeight","param_value_internal":8.397460277080945,"distribution":"{\"name\": \"FloatDistribution\", \"attributes\": {\"step\": null, \"low\": 6.0, \"high\": 10.0, \"log\": false}}"}
{"op_code":5,"worker_id":"747cb986-8c00-4417-ac56-b822bbb7699a-140174220030080","trial_id":176,"param_name":"WallThickness","param_value_internal":2.545663243987858,"distribution":"{\"name\": \"FloatDistribution\", \"attributes\": {\"step\": null, \"low\": 2.0, \"high\": 4.0, \"log\": false}}"}
{"op_code":5,"worker_id":"747cb986-8c00-4417-ac56-b822bbb7699a-140174220030080","trial_id":176,"param_name":"PlateauHeight","param_value_internal":2.7503559255547576,"distribution":"{\"name\": \"FloatDistribution\", \"attributes\": {\"step\": null, \"low\": 2.0, \"high\": 4.0, \"log\": false}}"}
{"op_code":6,"worker_id":"2ff4a148-0005-4015-aed6-87e56f3234bc-140669548761216","trial_id":171,"state":1,"values":[-Infinity,-Infinity],"datetime_complete":"2026-06-05T15:14:35.542373"}
{"op_code":4,"worker_id":"2ff4a148-0005-4015-aed6-87e56f3234bc-140669548761216","study_id":0,"datetime_start":"2026-06-05T15:14:35.553625"}
{"op_code":6,"worker_id":"04965b0d-4109-496d-bd42-addd6ef9349a-140038410883200","trial_id":170,"state":1,"values":[-Infinity,-Infinity],"datetime_complete":"2026-06-05T15:14:35.559330"}
{"op_code":9,"worker_id":"2ff4a148-0005-4015-aed6-87e56f3234bc-140669548761216","trial_id":177,"system_attr":{"nsga2:generation":3}}
{"op_code":4,"worker_id":"04965b0d-4109-496d-bd42-addd6ef9349a-140038410883200","study_id":0,"datetime_start":"2026-06-05T15:14:35.569781"}
{"op_code":5,"worker_id":"2ff4a148-0005-4015-aed6-87e56f3234bc-140669548761216","trial_id":177,"param_name":"JointSlopeAngle","param_value_internal":0.8839106001736597,"distribution":"{\"name\": \"FloatDistribution\", \"attributes\": {\"step\": null, \"low\": 0.17453292519943295, \"high\": 1.0471975511965976, \"log\": false}}"}
{"op_code":5,"worker_id":"2ff4a148-0005-4015-aed6-87e56f3234bc-140669548761216","trial_id":177,"param_name":"OuterRadius","param_value_internal":13.639433735488769,"distribution":"{\"name\": \"FloatDistribution\", \"attributes\": {\"step\": null, \"low\": 8.75, \"high\": 17.75, \"log\": false}}"}
{"op_code":9,"worker_id":"04965b0d-4109-496d-bd42-addd6ef9349a-140038410883200","trial_id":178,"system_attr":{"nsga2:generation":3}}
{"op_code":5,"worker_id":"2ff4a148-0005-4015-aed6-87e56f3234bc-140669548761216","trial_id":177,"param_name":"JointHeight","param_value_internal":5.194843371697338,"distribution":"{\"name\": \"FloatDistribution\", \"attributes\": {\"step\": null, \"low\": 5.0, \"high\": 8.0, \"log\": false}}"}
{"op_code":5,"worker_id":"04965b0d-4109-496d-bd42-addd6ef9349a-140038410883200","trial_id":178,"param_name":"JointSlopeAngle","param_value_internal":1.0301331173735753,"distribution":"{\"name\": \"FloatDistribution\", \"attributes\": {\"step\": null, \"low\": 0.17453292519943295, \"high\": 1.0471975511965976, \"log\": false}}"}
{"op_code":5,"worker_id":"2ff4a148-0005-4015-aed6-87e56f3234bc-140669548761216","trial_id":177,"param_name":"CavityCorkThickness","param_value_internal":3.42235086389446,"distribution":"{\"name\": \"FloatDistribution\", \"attributes\": {\"step\": null, \"low\": 2.0, \"high\": 5.0, \"log\": false}}"}
{"op_code":5,"worker_id":"04965b0d-4109-496d-bd42-addd6ef9349a-140038410883200","trial_id":178,"param_name":"OuterRadius","param_value_internal":15.357447007126623,"distribution":"{\"name\": \"FloatDistribution\", \"attributes\": {\"step\": null, \"low\": 8.75, \"high\": 17.75, \"log\": false}}"}
{"op_code":6,"worker_id":"7e66503b-0597-4e14-bcc6-cf3daf211d5b-139883269681280","trial_id":172,"state":1,"values":[-Infinity,-Infinity],"datetime_complete":"2026-06-05T15:14:35.594030"}
{"op_code":5,"worker_id":"04965b0d-4109-496d-bd42-addd6ef9349a-140038410883200","trial_id":178,"param_name":"JointHeight","param_value_internal":5.568909447825483,"distribution":"{\"name\": \"FloatDistribution\", \"attributes\": {\"step\": null, \"low\": 5.0, \"high\": 8.0, \"log\": false}}"}
{"op_code":5,"worker_id":"04965b0d-4109-496d-bd42-addd6ef9349a-140038410883200","trial_id":178,"param_name":"CavityCorkThickness","param_value_internal":3.831967995599767,"distribution":"{\"name\": \"FloatDistribution\", \"attributes\": {\"step\": null, \"low\": 2.0, \"high\": 5.0, \"log\": false}}"}
{"op_code":4,"worker_id":"7e66503b-0597-4e14-bcc6-cf3daf211d5b-139883269681280","study_id":0,"datetime_start":"2026-06-05T15:14:35.623990"}
{"op_code":5,"worker_id":"04965b0d-4109-496d-bd42-addd6ef9349a-140038410883200","trial_id":178,"param_name":"BellowHeight","param_value_internal":8.30350711937373,"distribution":"{\"name\": \"FloatDistribution\", \"attributes\": {\"step\": null, \"low\": 6.0, \"high\": 10.0, \"log\": false}}"}
{"op_code":5,"worker_id":"04965b0d-4109-496d-bd42-addd6ef9349a-140038410883200","trial_id":178,"param_name":"WallThickness","param_value_internal":3.941577996626986,"distribution":"{\"name\": \"FloatDistribution\", \"attributes\": {\"step\": null, \"low\": 2.0, \"high\": 4.0, \"log\": false}}"}
{"op_code":9,"worker_id":"7e66503b-0597-4e14-bcc6-cf3daf211d5b-139883269681280","trial_id":179,"system_attr":{"nsga2:generation":3}}
{"op_code":5,"worker_id":"04965b0d-4109-496d-bd42-addd6ef9349a-140038410883200","trial_id":178,"param_name":"PlateauHeight","param_value_internal":3.775370343122449,"distribution":"{\"name\": \"FloatDistribution\", \"attributes\": {\"step\": null, \"low\": 2.0, \"high\": 4.0, \"log\": false}}"}
{"op_code":5,"worker_id":"7e66503b-0597-4e14-bcc6-cf3daf211d5b-139883269681280","trial_id":179,"param_name":"JointSlopeAngle","param_value_internal":0.5108543382116363,"distribution":"{\"name\": \"FloatDistribution\", \"attributes\": {\"step\": null, \"low\": 0.17453292519943295, \"high\": 1.0471975511965976, \"log\": false}}"}
{"op_code":5,"worker_id":"7e66503b-0597-4e14-bcc6-cf3daf211d5b-139883269681280","trial_id":179,"param_name":"OuterRadius","param_value_internal":8.847373181233063,"distribution":"{\"name\": \"FloatDistribution\", \"attributes\": {\"step\": null, \"low\": 8.75, \"high\": 17.75, \"log\": false}}"}
{"op_code":5,"worker_id":"7e66503b-0597-4e14-bcc6-cf3daf211d5b-139883269681280","trial_id":179,"param_name":"JointHeight","param_value_internal":6.621486893028049,"distribution":"{\"name\": \"FloatDistribution\", \"attributes\": {\"step\": null, \"low\": 5.0, \"high\": 8.0, \"log\": false}}"}
{"op_code":5,"worker_id":"7e66503b-0597-4e14-bcc6-cf3daf211d5b-139883269681280","trial_id":179,"param_name":"CavityCorkThickness","param_value_internal":3.677204200057592,"distribution":"{\"name\": \"FloatDistribution\", \"attributes\": {\"step\": null, \"low\": 2.0, \"high\": 5.0, \"log\": false}}"}
{"op_code":5,"worker_id":"2ff4a148-0005-4015-aed6-87e56f3234bc-140669548761216","trial_id":177,"param_name":"BellowHeight","param_value_internal":7.382408138028065,"distribution":"{\"name\": \"FloatDistribution\", \"attributes\": {\"step\": null, \"low\": 6.0, \"high\": 10.0, \"log\": false}}"}
{"op_code":5,"worker_id":"7e66503b-0597-4e14-bcc6-cf3daf211d5b-139883269681280","trial_id":179,"param_name":"BellowHeight","param_value_internal":9.587411608781164,"distribution":"{\"name\": \"FloatDistribution\", \"attributes\": {\"step\": null, \"low\": 6.0, \"high\": 10.0, \"log\": false}}"}
{"op_code":5,"worker_id":"2ff4a148-0005-4015-aed6-87e56f3234bc-140669548761216","trial_id":177,"param_name":"WallThickness","param_value_internal":3.646697852756133,"distribution":"{\"name\": \"FloatDistribution\", \"attributes\": {\"step\": null, \"low\": 2.0, \"high\": 4.0, \"log\": false}}"}
{"op_code":5,"worker_id":"7e66503b-0597-4e14-bcc6-cf3daf211d5b-139883269681280","trial_id":179,"param_name":"WallThickness","param_value_internal":3.093660522664136,"distribution":"{\"name\": \"FloatDistribution\", \"attributes\": {\"step\": null, \"low\": 2.0, \"high\": 4.0, \"log\": false}}"}
{"op_code":5,"worker_id":"2ff4a148-0005-4015-aed6-87e56f3234bc-140669548761216","trial_id":177,"param_name":"PlateauHeight","param_value_internal":2.704176694961257,"distribution":"{\"name\": \"FloatDistribution\", \"attributes\": {\"step\": null, \"low\": 2.0, \"high\": 4.0, \"log\": false}}"}
{"op_code":5,"worker_id":"7e66503b-0597-4e14-bcc6-cf3daf211d5b-139883269681280","trial_id":179,"param_name":"PlateauHeight","param_value_internal":3.311301307717729,"distribution":"{\"name\": \"FloatDistribution\", \"attributes\": {\"step\": null, \"low\": 2.0, \"high\": 4.0, \"log\": false}}"}
{"op_code":6,"worker_id":"9313a9ce-b09a-4d83-bcd6-c4f34fa5d6a8-140169399386240","trial_id":169,"state":1,"values":[-Infinity,-Infinity],"datetime_complete":"2026-06-05T15:14:35.781877"}
{"op_code":4,"worker_id":"9313a9ce-b09a-4d83-bcd6-c4f34fa5d6a8-140169399386240","study_id":0,"datetime_start":"2026-06-05T15:14:35.792194"}
{"op_code":3,"worker_id":"9313a9ce-b09a-4d83-bcd6-c4f34fa5d6a8-140169399386240","study_id":0,"system_attr":{"nsga2:population:e3b0c44298fc1c149afbf4c8996fb92427ae41e4649b934ca495991b7852b855":[2,[58,57,56,55,54,53,52,51,50,49,48,47,46,45,44,43,42,41,40,39,38,37,36,35,34,33,32,31,30,29,28,27,26,25,24,23,22,21,20,19,18,17,16,15,14,13,12,11,10,9]]}}
{"op_code":9,"worker_id":"9313a9ce-b09a-4d83-bcd6-c4f34fa5d6a8-140169399386240","trial_id":180,"system_attr":{"nsga2:generation":3}}
{"op_code":5,"worker_id":"9313a9ce-b09a-4d83-bcd6-c4f34fa5d6a8-140169399386240","trial_id":180,"param_name":"JointSlopeAngle","param_value_internal":0.9097705452513125,"distribution":"{\"name\": \"FloatDistribution\", \"attributes\": {\"step\": null, \"low\": 0.17453292519943295, \"high\": 1.0471975511965976, \"log\": false}}"}
{"op_code":5,"worker_id":"9313a9ce-b09a-4d83-bcd6-c4f34fa5d6a8-140169399386240","trial_id":180,"param_name":"OuterRadius","param_value_internal":9.811051703620382,"distribution":"{\"name\": \"FloatDistribution\", \"attributes\": {\"step\": null, \"low\": 8.75, \"high\": 17.75, \"log\": false}}"}
{"op_code":5,"worker_id":"9313a9ce-b09a-4d83-bcd6-c4f34fa5d6a8-140169399386240","trial_id":180,"param_name":"JointHeight","param_value_internal":6.965480880606567,"distribution":"{\"name\": \"FloatDistribution\", \"attributes\": {\"step\": null, \"low\": 5.0, \"high\": 8.0, \"log\": false}}"}
{"op_code":5,"worker_id":"9313a9ce-b09a-4d83-bcd6-c4f34fa5d6a8-140169399386240","trial_id":180,"param_name":"CavityCorkThickness","param_value_internal":2.446227322225355,"distribution":"{\"name\": \"FloatDistribution\", \"attributes\": {\"step\": null, \"low\": 2.0, \"high\": 5.0, \"log\": false}}"}
{"op_code":5,"worker_id":"9313a9ce-b09a-4d83-bcd6-c4f34fa5d6a8-140169399386240","trial_id":180,"param_name":"BellowHeight","param_value_internal":8.738605666762037,"distribution":"{\"name\": \"FloatDistribution\", \"attributes\": {\"step\": null, \"low\": 6.0, \"high\": 10.0, \"log\": false}}"}
{"op_code":5,"worker_id":"9313a9ce-b09a-4d83-bcd6-c4f34fa5d6a8-140169399386240","trial_id":180,"param_name":"WallThickness","param_value_internal":2.6832331801469804,"distribution":"{\"name\": \"FloatDistribution\", \"attributes\": {\"step\": null, \"low\": 2.0, \"high\": 4.0, \"log\": false}}"}
{"op_code":5,"worker_id":"9313a9ce-b09a-4d83-bcd6-c4f34fa5d6a8-140169399386240","trial_id":180,"param_name":"PlateauHeight","param_value_internal":3.0370701914703186,"distribution":"{\"name\": \"FloatDistribution\", \"attributes\": {\"step\": null, \"low\": 2.0, \"high\": 4.0, \"log\": false}}"}
{"op_code":6,"worker_id":"bcddaf33-44b8-4647-b466-e68e7e22a836-139736242049152","trial_id":175,"state":1,"values":[-Infinity,-Infinity],"datetime_complete":"2026-06-05T15:14:36.213484"}
{"op_code":4,"worker_id":"bcddaf33-44b8-4647-b466-e68e7e22a836-139736242049152","study_id":0,"datetime_start":"2026-06-05T15:14:36.224173"}
{"op_code":9,"worker_id":"bcddaf33-44b8-4647-b466-e68e7e22a836-139736242049152","trial_id":181,"system_attr":{"nsga2:generation":3}}
{"op_code":5,"worker_id":"bcddaf33-44b8-4647-b466-e68e7e22a836-139736242049152","trial_id":181,"param_name":"JointSlopeAngle","param_value_internal":0.6641895571548798,"distribution":"{\"name\": \"FloatDistribution\", \"attributes\": {\"step\": null, \"low\": 0.17453292519943295, \"high\": 1.0471975511965976, \"log\": false}}"}
{"op_code":5,"worker_id":"bcddaf33-44b8-4647-b466-e68e7e22a836-139736242049152","trial_id":181,"param_name":"OuterRadius","param_value_internal":10.649894468429641,"distribution":"{\"name\": \"FloatDistribution\", \"attributes\": {\"step\": null, \"low\": 8.75, \"high\": 17.75, \"log\": false}}"}
{"op_code":5,"worker_id":"bcddaf33-44b8-4647-b466-e68e7e22a836-139736242049152","trial_id":181,"param_name":"JointHeight","param_value_internal":6.913766881434939,"distribution":"{\"name\": \"FloatDistribution\", \"attributes\": {\"step\": null, \"low\": 5.0, \"high\": 8.0, \"log\": false}}"}
{"op_code":5,"worker_id":"bcddaf33-44b8-4647-b466-e68e7e22a836-139736242049152","trial_id":181,"param_name":"CavityCorkThickness","param_value_internal":2.1897009010916415,"distribution":"{\"name\": \"FloatDistribution\", \"attributes\": {\"step\": null, \"low\": 2.0, \"high\": 5.0, \"log\": false}}"}
{"op_code":5,"worker_id":"bcddaf33-44b8-4647-b466-e68e7e22a836-139736242049152","trial_id":181,"param_name":"BellowHeight","param_value_internal":6.68192879228146,"distribution":"{\"name\": \"FloatDistribution\", \"attributes\": {\"step\": null, \"low\": 6.0, \"high\": 10.0, \"log\": false}}"}
{"op_code":5,"worker_id":"bcddaf33-44b8-4647-b466-e68e7e22a836-139736242049152","trial_id":181,"param_name":"WallThickness","param_value_internal":3.7377944454498726,"distribution":"{\"name\": \"FloatDistribution\", \"attributes\": {\"step\": null, \"low\": 2.0, \"high\": 4.0, \"log\": false}}"}
{"op_code":5,"worker_id":"bcddaf33-44b8-4647-b466-e68e7e22a836-139736242049152","trial_id":181,"param_name":"PlateauHeight","param_value_internal":2.3529934180752807,"distribution":"{\"name\": \"FloatDistribution\", \"attributes\": {\"step\": null, \"low\": 2.0, \"high\": 4.0, \"log\": false}}"}
{"op_code":6,"worker_id":"747cb986-8c00-4417-ac56-b822bbb7699a-140174220030080","trial_id":176,"state":1,"values":[-Infinity,-Infinity],"datetime_complete":"2026-06-05T15:14:36.760734"}
{"op_code":4,"worker_id":"747cb986-8c00-4417-ac56-b822bbb7699a-140174220030080","study_id":0,"datetime_start":"2026-06-05T15:14:36.770545"}
{"op_code":9,"worker_id":"747cb986-8c00-4417-ac56-b822bbb7699a-140174220030080","trial_id":182,"system_attr":{"nsga2:generation":3}}
{"op_code":5,"worker_id":"747cb986-8c00-4417-ac56-b822bbb7699a-140174220030080","trial_id":182,"param_name":"JointSlopeAngle","param_value_internal":0.4245203435510316,"distribution":"{\"name\": \"FloatDistribution\", \"attributes\": {\"step\": null, \"low\": 0.17453292519943295, \"high\": 1.0471975511965976, \"log\": false}}"}
{"op_code":5,"worker_id":"747cb986-8c00-4417-ac56-b822bbb7699a-140174220030080","trial_id":182,"param_name":"OuterRadius","param_value_internal":11.290419532924563,"distribution":"{\"name\": \"FloatDistribution\", \"attributes\": {\"step\": null, \"low\": 8.75, \"high\": 17.75, \"log\": false}}"}
{"op_code":5,"worker_id":"747cb986-8c00-4417-ac56-b822bbb7699a-140174220030080","trial_id":182,"param_name":"JointHeight","param_value_internal":7.29965307338047,"distribution":"{\"name\": \"FloatDistribution\", \"attributes\": {\"step\": null, \"low\": 5.0, \"high\": 8.0, \"log\": false}}"}
{"op_code":5,"worker_id":"747cb986-8c00-4417-ac56-b822bbb7699a-140174220030080","trial_id":182,"param_name":"CavityCorkThickness","param_value_internal":4.7239517601038425,"distribution":"{\"name\": \"FloatDistribution\", \"attributes\": {\"step\": null, \"low\": 2.0, \"high\": 5.0, \"log\": false}}"}
{"op_code":5,"worker_id":"747cb986-8c00-4417-ac56-b822bbb7699a-140174220030080","trial_id":182,"param_name":"BellowHeight","param_value_internal":7.039747117501551,"distribution":"{\"name\": \"FloatDistribution\", \"attributes\": {\"step\": null, \"low\": 6.0, \"high\": 10.0, \"log\": false}}"}
{"op_code":5,"worker_id":"747cb986-8c00-4417-ac56-b822bbb7699a-140174220030080","trial_id":182,"param_name":"WallThickness","param_value_internal":3.6270870762311094,"distribution":"{\"name\": \"FloatDistribution\", \"attributes\": {\"step\": null, \"low\": 2.0, \"high\": 4.0, \"log\": false}}"}
{"op_code":5,"worker_id":"747cb986-8c00-4417-ac56-b822bbb7699a-140174220030080","trial_id":182,"param_name":"PlateauHeight","param_value_internal":3.1997161665685523,"distribution":"{\"name\": \"FloatDistribution\", \"attributes\": {\"step\": null, \"low\": 2.0, \"high\": 4.0, \"log\": false}}"}
{"op_code":6,"worker_id":"bcddaf33-44b8-4647-b466-e68e7e22a836-139736242049152","trial_id":181,"state":1,"values":[-Infinity,-Infinity],"datetime_complete":"2026-06-05T15:14:37.327283"}
{"op_code":4,"worker_id":"bcddaf33-44b8-4647-b466-e68e7e22a836-139736242049152","study_id":0,"datetime_start":"2026-06-05T15:14:37.337901"}
{"op_code":6,"worker_id":"04965b0d-4109-496d-bd42-addd6ef9349a-140038410883200","trial_id":178,"state":1,"values":[-Infinity,-Infinity],"datetime_complete":"2026-06-05T15:14:37.343279"}
{"op_code":9,"worker_id":"bcddaf33-44b8-4647-b466-e68e7e22a836-139736242049152","trial_id":183,"system_attr":{"nsga2:generation":3}}
{"op_code":5,"worker_id":"bcddaf33-44b8-4647-b466-e68e7e22a836-139736242049152","trial_id":183,"param_name":"JointSlopeAngle","param_value_internal":0.2318566440034055,"distribution":"{\"name\": \"FloatDistribution\", \"attributes\": {\"step\": null, \"low\": 0.17453292519943295, \"high\": 1.0471975511965976, \"log\": false}}"}
{"op_code":5,"worker_id":"bcddaf33-44b8-4647-b466-e68e7e22a836-139736242049152","trial_id":183,"param_name":"OuterRadius","param_value_internal":15.090136743607577,"distribution":"{\"name\": \"FloatDistribution\", \"attributes\": {\"step\": null, \"low\": 8.75, \"high\": 17.75, \"log\": false}}"}
{"op_code":5,"worker_id":"bcddaf33-44b8-4647-b466-e68e7e22a836-139736242049152","trial_id":183,"param_name":"JointHeight","param_value_internal":5.530311793551256,"distribution":"{\"name\": \"FloatDistribution\", \"attributes\": {\"step\": null, \"low\": 5.0, \"high\": 8.0, \"log\": false}}"}
{"op_code":4,"worker_id":"04965b0d-4109-496d-bd42-addd6ef9349a-140038410883200","study_id":0,"datetime_start":"2026-06-05T15:14:37.354026"}
{"op_code":6,"worker_id":"2ff4a148-0005-4015-aed6-87e56f3234bc-140669548761216","trial_id":177,"state":1,"values":[-Infinity,-Infinity],"datetime_complete":"2026-06-05T15:14:37.373602"}
{"op_code":6,"worker_id":"7e66503b-0597-4e14-bcc6-cf3daf211d5b-139883269681280","trial_id":179,"state":1,"values":[-Infinity,-Infinity],"datetime_complete":"2026-06-05T15:14:37.383135"}
{"op_code":5,"worker_id":"bcddaf33-44b8-4647-b466-e68e7e22a836-139736242049152","trial_id":183,"param_name":"CavityCorkThickness","param_value_internal":4.151923586823559,"distribution":"{\"name\": \"FloatDistribution\", \"attributes\": {\"step\": null, \"low\": 2.0, \"high\": 5.0, \"log\": false}}"}
{"op_code":9,"worker_id":"04965b0d-4109-496d-bd42-addd6ef9349a-140038410883200","trial_id":184,"system_attr":{"nsga2:generation":3}}
{"op_code":4,"worker_id":"2ff4a148-0005-4015-aed6-87e56f3234bc-140669548761216","study_id":0,"datetime_start":"2026-06-05T15:14:37.387724"}
{"op_code":5,"worker_id":"04965b0d-4109-496d-bd42-addd6ef9349a-140038410883200","trial_id":184,"param_name":"JointSlopeAngle","param_value_internal":0.9825029969652177,"distribution":"{\"name\": \"FloatDistribution\", \"attributes\": {\"step\": null, \"low\": 0.17453292519943295, \"high\": 1.0471975511965976, \"log\": false}}"}
{"op_code":4,"worker_id":"7e66503b-0597-4e14-bcc6-cf3daf211d5b-139883269681280","study_id":0,"datetime_start":"2026-06-05T15:14:37.396131"}
{"op_code":9,"worker_id":"2ff4a148-0005-4015-aed6-87e56f3234bc-140669548761216","trial_id":185,"system_attr":{"nsga2:generation":3}}
{"op_code":5,"worker_id":"04965b0d-4109-496d-bd42-addd6ef9349a-140038410883200","trial_id":184,"param_name":"OuterRadius","param_value_internal":15.373562903674783,"distribution":"{\"name\": \"FloatDistribution\", \"attributes\": {\"step\": null, \"low\": 8.75, \"high\": 17.75, \"log\": false}}"}
{"op_code":9,"worker_id":"7e66503b-0597-4e14-bcc6-cf3daf211d5b-139883269681280","trial_id":186,"system_attr":{"nsga2:generation":3}}
{"op_code":5,"worker_id":"04965b0d-4109-496d-bd42-addd6ef9349a-140038410883200","trial_id":184,"param_name":"JointHeight","param_value_internal":6.329684208471013,"distribution":"{\"name\": \"FloatDistribution\", \"attributes\": {\"step\": null, \"low\": 5.0, \"high\": 8.0, \"log\": false}}"}
{"op_code":5,"worker_id":"7e66503b-0597-4e14-bcc6-cf3daf211d5b-139883269681280","trial_id":186,"param_name":"JointSlopeAngle","param_value_internal":0.7976314597784592,"distribution":"{\"name\": \"FloatDistribution\", \"attributes\": {\"step\": null, \"low\": 0.17453292519943295, \"high\": 1.0471975511965976, \"log\": false}}"}
{"op_code":5,"worker_id":"2ff4a148-0005-4015-aed6-87e56f3234bc-140669548761216","trial_id":185,"param_name":"JointSlopeAngle","param_value_internal":0.5233720299791019,"distribution":"{\"name\": \"FloatDistribution\", \"attributes\": {\"step\": null, \"low\": 0.17453292519943295, \"high\": 1.0471975511965976, \"log\": false}}"}
{"op_code":5,"worker_id":"7e66503b-0597-4e14-bcc6-cf3daf211d5b-139883269681280","trial_id":186,"param_name":"OuterRadius","param_value_internal":14.986873780704808,"distribution":"{\"name\": \"FloatDistribution\", \"attributes\": {\"step\": null, \"low\": 8.75, \"high\": 17.75, \"log\": false}}"}
{"op_code":5,"worker_id":"2ff4a148-0005-4015-aed6-87e56f3234bc-140669548761216","trial_id":185,"param_name":"OuterRadius","param_value_internal":15.230369251358729,"distribution":"{\"name\": \"FloatDistribution\", \"attributes\": {\"step\": null, \"low\": 8.75, \"high\": 17.75, \"log\": false}}"}
{"op_code":5,"worker_id":"04965b0d-4109-496d-bd42-addd6ef9349a-140038410883200","trial_id":184,"param_name":"CavityCorkThickness","param_value_internal":3.4319630269735715,"distribution":"{\"name\": \"FloatDistribution\", \"attributes\": {\"step\": null, \"low\": 2.0, \"high\": 5.0, \"log\": false}}"}
{"op_code":5,"worker_id":"2ff4a148-0005-4015-aed6-87e56f3234bc-140669548761216","trial_id":185,"param_name":"JointHeight","param_value_internal":5.79402826387025,"distribution":"{\"name\": \"FloatDistribution\", \"attributes\": {\"step\": null, \"low\": 5.0, \"high\": 8.0, \"log\": false}}"}
{"op_code":5,"worker_id":"04965b0d-4109-496d-bd42-addd6ef9349a-140038410883200","trial_id":184,"param_name":"BellowHeight","param_value_internal":6.006095431793989,"distribution":"{\"name\": \"FloatDistribution\", \"attributes\": {\"step\": null, \"low\": 6.0, \"high\": 10.0, \"log\": false}}"}
{"op_code":5,"worker_id":"2ff4a148-0005-4015-aed6-87e56f3234bc-140669548761216","trial_id":185,"param_name":"CavityCorkThickness","param_value_internal":2.0329359757974044,"distribution":"{\"name\": \"FloatDistribution\", \"attributes\": {\"step\": null, \"low\": 2.0, \"high\": 5.0, \"log\": false}}"}
{"op_code":5,"worker_id":"04965b0d-4109-496d-bd42-addd6ef9349a-140038410883200","trial_id":184,"param_name":"WallThickness","param_value_internal":3.6348700392505964,"distribution":"{\"name\": \"FloatDistribution\", \"attributes\": {\"step\": null, \"low\": 2.0, \"high\": 4.0, \"log\": false}}"}
{"op_code":5,"worker_id":"2ff4a148-0005-4015-aed6-87e56f3234bc-140669548761216","trial_id":185,"param_name":"BellowHeight","param_value_internal":6.269352271189634,"distribution":"{\"name\": \"FloatDistribution\", \"attributes\": {\"step\": null, \"low\": 6.0, \"high\": 10.0, \"log\": false}}"}
{"op_code":5,"worker_id":"04965b0d-4109-496d-bd42-addd6ef9349a-140038410883200","trial_id":184,"param_name":"PlateauHeight","param_value_internal":3.103364558287892,"distribution":"{\"name\": \"FloatDistribution\", \"attributes\": {\"step\": null, \"low\": 2.0, \"high\": 4.0, \"log\": false}}"}
{"op_code":5,"worker_id":"7e66503b-0597-4e14-bcc6-cf3daf211d5b-139883269681280","trial_id":186,"param_name":"JointHeight","param_value_internal":6.7942345693530175,"distribution":"{\"name\": \"FloatDistribution\", \"attributes\": {\"step\": null, \"low\": 5.0, \"high\": 8.0, \"log\": false}}"}
{"op_code":5,"worker_id":"2ff4a148-0005-4015-aed6-87e56f3234bc-140669548761216","trial_id":185,"param_name":"WallThickness","param_value_internal":2.2192253489083438,"distribution":"{\"name\": \"FloatDistribution\", \"attributes\": {\"step\": null, \"low\": 2.0, \"high\": 4.0, \"log\": false}}"}
{"op_code":5,"worker_id":"7e66503b-0597-4e14-bcc6-cf3daf211d5b-139883269681280","trial_id":186,"param_name":"CavityCorkThickness","param_value_internal":3.887668473032581,"distribution":"{\"name\": \"FloatDistribution\", \"attributes\": {\"step\": null, \"low\": 2.0, \"high\": 5.0, \"log\": false}}"}
{"op_code":5,"worker_id":"2ff4a148-0005-4015-aed6-87e56f3234bc-140669548761216","trial_id":185,"param_name":"PlateauHeight","param_value_internal":2.607342229952792,"distribution":"{\"name\": \"FloatDistribution\", \"attributes\": {\"step\": null, \"low\": 2.0, \"high\": 4.0, \"log\": false}}"}
{"op_code":5,"worker_id":"7e66503b-0597-4e14-bcc6-cf3daf211d5b-139883269681280","trial_id":186,"param_name":"BellowHeight","param_value_internal":6.342817563600363,"distribution":"{\"name\": \"FloatDistribution\", \"attributes\": {\"step\": null, \"low\": 6.0, \"high\": 10.0, \"log\": false}}"}
{"op_code":5,"worker_id":"7e66503b-0597-4e14-bcc6-cf3daf211d5b-139883269681280","trial_id":186,"param_name":"WallThickness","param_value_internal":2.711287072792023,"distribution":"{\"name\": \"FloatDistribution\", \"attributes\": {\"step\": null, \"low\": 2.0, \"high\": 4.0, \"log\": false}}"}
{"op_code":5,"worker_id":"7e66503b-0597-4e14-bcc6-cf3daf211d5b-139883269681280","trial_id":186,"param_name":"PlateauHeight","param_value_internal":2.7280837699164326,"distribution":"{\"name\": \"FloatDistribution\", \"attributes\": {\"step\": null, \"low\": 2.0, \"high\": 4.0, \"log\": false}}"}
{"op_code":5,"worker_id":"bcddaf33-44b8-4647-b466-e68e7e22a836-139736242049152","trial_id":183,"param_name":"BellowHeight","param_value_internal":8.450714119063463,"distribution":"{\"name\": \"FloatDistribution\", \"attributes\": {\"step\": null, \"low\": 6.0, \"high\": 10.0, \"log\": false}}"}
{"op_code":5,"worker_id":"bcddaf33-44b8-4647-b466-e68e7e22a836-139736242049152","trial_id":183,"param_name":"WallThickness","param_value_internal":2.9211885257167687,"distribution":"{\"name\": \"FloatDistribution\", \"attributes\": {\"step\": null, \"low\": 2.0, \"high\": 4.0, \"log\": false}}"}
{"op_code":5,"worker_id":"bcddaf33-44b8-4647-b466-e68e7e22a836-139736242049152","trial_id":183,"param_name":"PlateauHeight","param_value_internal":3.347382942304078,"distribution":"{\"name\": \"FloatDistribution\", \"attributes\": {\"step\": null, \"low\": 2.0, \"high\": 4.0, \"log\": false}}"}
{"op_code":6,"worker_id":"9313a9ce-b09a-4d83-bcd6-c4f34fa5d6a8-140169399386240","trial_id":180,"state":1,"values":[-Infinity,-Infinity],"datetime_complete":"2026-06-05T15:14:37.567517"}
{"op_code":4,"worker_id":"9313a9ce-b09a-4d83-bcd6-c4f34fa5d6a8-140169399386240","study_id":0,"datetime_start":"2026-06-05T15:14:37.577616"}
{"op_code":9,"worker_id":"9313a9ce-b09a-4d83-bcd6-c4f34fa5d6a8-140169399386240","trial_id":187,"system_attr":{"nsga2:generation":3}}
{"op_code":5,"worker_id":"9313a9ce-b09a-4d83-bcd6-c4f34fa5d6a8-140169399386240","trial_id":187,"param_name":"JointSlopeAngle","param_value_internal":0.5357091020598924,"distribution":"{\"name\": \"FloatDistribution\", \"attributes\": {\"step\": null, \"low\": 0.17453292519943295, \"high\": 1.0471975511965976, \"log\": false}}"}
{"op_code":5,"worker_id":"9313a9ce-b09a-4d83-bcd6-c4f34fa5d6a8-140169399386240","trial_id":187,"param_name":"OuterRadius","param_value_internal":8.900217838384368,"distribution":"{\"name\": \"FloatDistribution\", \"attributes\": {\"step\": null, \"low\": 8.75, \"high\": 17.75, \"log\": false}}"}
{"op_code":5,"worker_id":"9313a9ce-b09a-4d83-bcd6-c4f34fa5d6a8-140169399386240","trial_id":187,"param_name":"JointHeight","param_value_internal":6.763688332860763,"distribution":"{\"name\": \"FloatDistribution\", \"attributes\": {\"step\": null, \"low\": 5.0, \"high\": 8.0, \"log\": false}}"}
{"op_code":5,"worker_id":"9313a9ce-b09a-4d83-bcd6-c4f34fa5d6a8-140169399386240","trial_id":187,"param_name":"CavityCorkThickness","param_value_internal":3.1790165137325155,"distribution":"{\"name\": \"FloatDistribution\", \"attributes\": {\"step\": null, \"low\": 2.0, \"high\": 5.0, \"log\": false}}"}
{"op_code":5,"worker_id":"9313a9ce-b09a-4d83-bcd6-c4f34fa5d6a8-140169399386240","trial_id":187,"param_name":"BellowHeight","param_value_internal":6.061027055273351,"distribution":"{\"name\": \"FloatDistribution\", \"attributes\": {\"step\": null, \"low\": 6.0, \"high\": 10.0, \"log\": false}}"}
{"op_code":5,"worker_id":"9313a9ce-b09a-4d83-bcd6-c4f34fa5d6a8-140169399386240","trial_id":187,"param_name":"WallThickness","param_value_internal":3.1767699728176884,"distribution":"{\"name\": \"FloatDistribution\", \"attributes\": {\"step\": null, \"low\": 2.0, \"high\": 4.0, \"log\": false}}"}
{"op_code":5,"worker_id":"9313a9ce-b09a-4d83-bcd6-c4f34fa5d6a8-140169399386240","trial_id":187,"param_name":"PlateauHeight","param_value_internal":2.981100545399343,"distribution":"{\"name\": \"FloatDistribution\", \"attributes\": {\"step\": null, \"low\": 2.0, \"high\": 4.0, \"log\": false}}"}
{"op_code":6,"worker_id":"747cb986-8c00-4417-ac56-b822bbb7699a-140174220030080","trial_id":182,"state":1,"values":[-Infinity,-Infinity],"datetime_complete":"2026-06-05T15:14:38.073378"}
{"op_code":0,"worker_id":"97af8636-2233-441e-a674-e08a2bbe7360-140174220030080","study_name":"SensorFinger_8_optuna_evolutionary","directions":[2,2]}
{"op_code":0,"worker_id":"97af8636-2233-441e-a674-e08a2bbe7360-140174220030080","study_name":"SensorFinger_8_optuna_evolutionary","directions":[2,2]}
{"op_code":6,"worker_id":"bcddaf33-44b8-4647-b466-e68e7e22a836-139736242049152","trial_id":183,"state":1,"values":[-Infinity,-Infinity],"datetime_complete":"2026-06-05T15:14:38.845956"}
{"op_code":0,"worker_id":"d2851898-7105-4b56-9574-56502b78e4a2-139736242049152","study_name":"SensorFinger_8_optuna_evolutionary","directions":[2,2]}
{"op_code":0,"worker_id":"d2851898-7105-4b56-9574-56502b78e4a2-139736242049152","study_name":"SensorFinger_8_optuna_evolutionary","directions":[2,2]}
{"op_code":0,"worker_id":"07e024d2-4f97-4adb-b964-c09d8062a104-140174220030080","study_name":"SensorFinger_8_optuna_evolutionary","directions":[2,2]}
{"op_code":0,"worker_id":"07e024d2-4f97-4adb-b964-c09d8062a104-140174220030080","study_name":"SensorFinger_8_optuna_evolutionary","directions":[2,2]}
{"op_code":6,"worker_id":"04965b0d-4109-496d-bd42-addd6ef9349a-140038410883200","trial_id":184,"state":1,"values":[-Infinity,-Infinity],"datetime_complete":"2026-06-05T15:14:39.168956"}
{"op_code":4,"worker_id":"04965b0d-4109-496d-bd42-addd6ef9349a-140038410883200","study_id":0,"datetime_start":"2026-06-05T15:14:39.179439"}
{"op_code":6,"worker_id":"2ff4a148-0005-4015-aed6-87e56f3234bc-140669548761216","trial_id":185,"state":1,"values":[-Infinity,-Infinity],"datetime_complete":"2026-06-05T15:14:39.181730"}
{"op_code":9,"worker_id":"04965b0d-4109-496d-bd42-addd6ef9349a-140038410883200","trial_id":188,"system_attr":{"nsga2:generation":3}}
{"op_code":4,"worker_id":"2ff4a148-0005-4015-aed6-87e56f3234bc-140669548761216","study_id":0,"datetime_start":"2026-06-05T15:14:39.194941"}
{"op_code":6,"worker_id":"7e66503b-0597-4e14-bcc6-cf3daf211d5b-139883269681280","trial_id":186,"state":1,"values":[-Infinity,-Infinity],"datetime_complete":"2026-06-05T15:14:39.201065"}
{"op_code":5,"worker_id":"04965b0d-4109-496d-bd42-addd6ef9349a-140038410883200","trial_id":188,"param_name":"JointSlopeAngle","param_value_internal":0.24695882294881366,"distribution":"{\"name\": \"FloatDistribution\", \"attributes\": {\"step\": null, \"low\": 0.17453292519943295, \"high\": 1.0471975511965976, \"log\": false}}"}
{"op_code":9,"worker_id":"2ff4a148-0005-4015-aed6-87e56f3234bc-140669548761216","trial_id":189,"system_attr":{"nsga2:generation":3}}
{"op_code":4,"worker_id":"7e66503b-0597-4e14-bcc6-cf3daf211d5b-139883269681280","study_id":0,"datetime_start":"2026-06-05T15:14:39.214862"}
{"op_code":5,"worker_id":"2ff4a148-0005-4015-aed6-87e56f3234bc-140669548761216","trial_id":189,"param_name":"JointSlopeAngle","param_value_internal":0.5108543382116363,"distribution":"{\"name\": \"FloatDistribution\", \"attributes\": {\"step\": null, \"low\": 0.17453292519943295, \"high\": 1.0471975511965976, \"log\": false}}"}
{"op_code":5,"worker_id":"2ff4a148-0005-4015-aed6-87e56f3234bc-140669548761216","trial_id":189,"param_name":"OuterRadius","param_value_internal":11.610867429704882,"distribution":"{\"name\": \"FloatDistribution\", \"attributes\": {\"step\": null, \"low\": 8.75, \"high\": 17.75, \"log\": false}}"}
{"op_code":9,"worker_id":"7e66503b-0597-4e14-bcc6-cf3daf211d5b-139883269681280","trial_id":190,"system_attr":{"nsga2:generation":3}}
{"op_code":5,"worker_id":"2ff4a148-0005-4015-aed6-87e56f3234bc-140669548761216","trial_id":189,"param_name":"JointHeight","param_value_internal":6.621486893028049,"distribution":"{\"name\": \"FloatDistribution\", \"attributes\": {\"step\": null, \"low\": 5.0, \"high\": 8.0, \"log\": false}}"}
{"op_code":5,"worker_id":"7e66503b-0597-4e14-bcc6-cf3daf211d5b-139883269681280","trial_id":190,"param_name":"JointSlopeAngle","param_value_internal":0.742801513575288,"distribution":"{\"name\": \"FloatDistribution\", \"attributes\": {\"step\": null, \"low\": 0.17453292519943295, \"high\": 1.0471975511965976, \"log\": false}}"}
{"op_code":5,"worker_id":"2ff4a148-0005-4015-aed6-87e56f3234bc-140669548761216","trial_id":189,"param_name":"CavityCorkThickness","param_value_internal":3.42235086389446,"distribution":"{\"name\": \"FloatDistribution\", \"attributes\": {\"step\": null, \"low\": 2.0, \"high\": 5.0, \"log\": false}}"}
{"op_code":5,"worker_id":"7e66503b-0597-4e14-bcc6-cf3daf211d5b-139883269681280","trial_id":190,"param_name":"OuterRadius","param_value_internal":9.43808120262428,"distribution":"{\"name\": \"FloatDistribution\", \"attributes\": {\"step\": null, \"low\": 8.75, \"high\": 17.75, \"log\": false}}"}
{"op_code":5,"worker_id":"2ff4a148-0005-4015-aed6-87e56f3234bc-140669548761216","trial_id":189,"param_name":"BellowHeight","param_value_internal":7.482670408407297,"distribution":"{\"name\": \"FloatDistribution\", \"attributes\": {\"step\": null, \"low\": 6.0, \"high\": 10.0, \"log\": false}}"}
{"op_code":5,"worker_id":"7e66503b-0597-4e14-bcc6-cf3daf211d5b-139883269681280","trial_id":190,"param_name":"JointHeight","param_value_internal":5.006673079213164,"distribution":"{\"name\": \"FloatDistribution\", \"attributes\": {\"step\": null, \"low\": 5.0, \"high\": 8.0, \"log\": false}}"}
{"op_code":5,"worker_id":"2ff4a148-0005-4015-aed6-87e56f3234bc-140669548761216","trial_id":189,"param_name":"WallThickness","param_value_internal":3.093660522664136,"distribution":"{\"name\": \"FloatDistribution\", \"attributes\": {\"step\": null, \"low\": 2.0, \"high\": 4.0, \"log\": false}}"}
{"op_code":5,"worker_id":"7e66503b-0597-4e14-bcc6-cf3daf211d5b-139883269681280","trial_id":190,"param_name":"CavityCorkThickness","param_value_internal":3.7144452529347713,"distribution":"{\"name\": \"FloatDistribution\", \"attributes\": {\"step\": null, \"low\": 2.0, \"high\": 5.0, \"log\": false}}"}
{"op_code":5,"worker_id":"2ff4a148-0005-4015-aed6-87e56f3234bc-140669548761216","trial_id":189,"param_name":"PlateauHeight","param_value_internal":3.9772091635811244,"distribution":"{\"name\": \"FloatDistribution\", \"attributes\": {\"step\": null, \"low\": 2.0, \"high\": 4.0, \"log\": false}}"}
{"op_code":5,"worker_id":"7e66503b-0597-4e14-bcc6-cf3daf211d5b-139883269681280","trial_id":190,"param_name":"BellowHeight","param_value_internal":8.392747786330135,"distribution":"{\"name\": \"FloatDistribution\", \"attributes\": {\"step\": null, \"low\": 6.0, \"high\": 10.0, \"log\": false}}"}
{"op_code":5,"worker_id":"7e66503b-0597-4e14-bcc6-cf3daf211d5b-139883269681280","trial_id":190,"param_name":"WallThickness","param_value_internal":2.7143308789928335,"distribution":"{\"name\": \"FloatDistribution\", \"attributes\": {\"step\": null, \"low\": 2.0, \"high\": 4.0, \"log\": false}}"}
{"op_code":5,"worker_id":"7e66503b-0597-4e14-bcc6-cf3daf211d5b-139883269681280","trial_id":190,"param_name":"PlateauHeight","param_value_internal":3.6894708361735997,"distribution":"{\"name\": \"FloatDistribution\", \"attributes\": {\"step\": null, \"low\": 2.0, \"high\": 4.0, \"log\": false}}"}
{"op_code":5,"worker_id":"04965b0d-4109-496d-bd42-addd6ef9349a-140038410883200","trial_id":188,"param_name":"OuterRadius","param_value_internal":17.66475081135803,"distribution":"{\"name\": \"FloatDistribution\", \"attributes\": {\"step\": null, \"low\": 8.75, \"high\": 17.75, \"log\": false}}"}
{"op_code":6,"worker_id":"9313a9ce-b09a-4d83-bcd6-c4f34fa5d6a8-140169399386240","trial_id":187,"state":1,"values":[-Infinity,-Infinity],"datetime_complete":"2026-06-05T15:14:39.349872"}
{"op_code":5,"worker_id":"04965b0d-4109-496d-bd42-addd6ef9349a-140038410883200","trial_id":188,"param_name":"JointHeight","param_value_internal":6.0865450763662565,"distribution":"{\"name\": \"FloatDistribution\", \"attributes\": {\"step\": null, \"low\": 5.0, \"high\": 8.0, \"log\": false}}"}
{"op_code":5,"worker_id":"04965b0d-4109-496d-bd42-addd6ef9349a-140038410883200","trial_id":188,"param_name":"CavityCorkThickness","param_value_internal":2.364406361035443,"distribution":"{\"name\": \"FloatDistribution\", \"attributes\": {\"step\": null, \"low\": 2.0, \"high\": 5.0, \"log\": false}}"}
{"op_code":4,"worker_id":"9313a9ce-b09a-4d83-bcd6-c4f34fa5d6a8-140169399386240","study_id":0,"datetime_start":"2026-06-05T15:14:39.364681"}
{"op_code":5,"worker_id":"04965b0d-4109-496d-bd42-addd6ef9349a-140038410883200","trial_id":188,"param_name":"BellowHeight","param_value_internal":9.939503924735458,"distribution":"{\"name\": \"FloatDistribution\", \"attributes\": {\"step\": null, \"low\": 6.0, \"high\": 10.0, \"log\": false}}"}
{"op_code":5,"worker_id":"04965b0d-4109-496d-bd42-addd6ef9349a-140038410883200","trial_id":188,"param_name":"WallThickness","param_value_internal":2.7130827124486396,"distribution":"{\"name\": \"FloatDistribution\", \"attributes\": {\"step\": null, \"low\": 2.0, \"high\": 4.0, \"log\": false}}"}
{"op_code":9,"worker_id":"9313a9ce-b09a-4d83-bcd6-c4f34fa5d6a8-140169399386240","trial_id":191,"system_attr":{"nsga2:generation":3}}
{"op_code":5,"worker_id":"04965b0d-4109-496d-bd42-addd6ef9349a-140038410883200","trial_id":188,"param_name":"PlateauHeight","param_value_internal":3.5361625385165576,"distribution":"{\"name\": \"FloatDistribution\", \"attributes\": {\"step\": null, \"low\": 2.0, \"high\": 4.0, \"log\": false}}"}
{"op_code":5,"worker_id":"9313a9ce-b09a-4d83-bcd6-c4f34fa5d6a8-140169399386240","trial_id":191,"param_name":"JointSlopeAngle","param_value_internal":0.237770550311225,"distribution":"{\"name\": \"FloatDistribution\", \"attributes\": {\"step\": null, \"low\": 0.17453292519943295, \"high\": 1.0471975511965976, \"log\": false}}"}
{"op_code":5,"worker_id":"9313a9ce-b09a-4d83-bcd6-c4f34fa5d6a8-140169399386240","trial_id":191,"param_name":"OuterRadius","param_value_internal":17.050657716711697,"distribution":"{\"name\": \"FloatDistribution\", \"attributes\": {\"step\": null, \"low\": 8.75, \"high\": 17.75, \"log\": false}}"}
{"op_code":5,"worker_id":"9313a9ce-b09a-4d83-bcd6-c4f34fa5d6a8-140169399386240","trial_id":191,"param_name":"JointHeight","param_value_internal":6.994581848533379,"distribution":"{\"name\": \"FloatDistribution\", \"attributes\": {\"step\": null, \"low\": 5.0, \"high\": 8.0, \"log\": false}}"}
{"op_code":5,"worker_id":"9313a9ce-b09a-4d83-bcd6-c4f34fa5d6a8-140169399386240","trial_id":191,"param_name":"CavityCorkThickness","param_value_internal":2.0299787947462167,"distribution":"{\"name\": \"FloatDistribution\", \"attributes\": {\"step\": null, \"low\": 2.0, \"high\": 5.0, \"log\": false}}"}
{"op_code":5,"worker_id":"9313a9ce-b09a-4d83-bcd6-c4f34fa5d6a8-140169399386240","trial_id":191,"param_name":"BellowHeight","param_value_internal":9.529386146237606,"distribution":"{\"name\": \"FloatDistribution\", \"attributes\": {\"step\": null, \"low\": 6.0, \"high\": 10.0, \"log\": false}}"}
{"op_code":5,"worker_id":"9313a9ce-b09a-4d83-bcd6-c4f34fa5d6a8-140169399386240","trial_id":191,"param_name":"WallThickness","param_value_internal":3.8284098463703184,"distribution":"{\"name\": \"FloatDistribution\", \"attributes\": {\"step\": null, \"low\": 2.0, \"high\": 4.0, \"log\": false}}"}
{"op_code":5,"worker_id":"9313a9ce-b09a-4d83-bcd6-c4f34fa5d6a8-140169399386240","trial_id":191,"param_name":"PlateauHeight","param_value_internal":2.306647005969044,"distribution":"{\"name\": \"FloatDistribution\", \"attributes\": {\"step\": null, \"low\": 2.0, \"high\": 4.0, \"log\": false}}"}
{"op_code":0,"worker_id":"8d1a6556-8831-407a-a66c-10f699f759a9-139736242049152","study_name":"SensorFinger_8_optuna_evolutionary","directions":[2,2]}
{"op_code":0,"worker_id":"8d1a6556-8831-407a-a66c-10f699f759a9-139736242049152","study_name":"SensorFinger_8_optuna_evolutionary","directions":[2,2]}
{"op_code":6,"worker_id":"2ff4a148-0005-4015-aed6-87e56f3234bc-140669548761216","trial_id":189,"state":1,"values":[-Infinity,-Infinity],"datetime_complete":"2026-06-05T15:14:40.955246"}
{"op_code":4,"worker_id":"2ff4a148-0005-4015-aed6-87e56f3234bc-140669548761216","study_id":0,"datetime_start":"2026-06-05T15:14:40.966590"}
{"op_code":6,"worker_id":"7e66503b-0597-4e14-bcc6-cf3daf211d5b-139883269681280","trial_id":190,"state":1,"values":[-Infinity,-Infinity],"datetime_complete":"2026-06-05T15:14:40.976827"}
{"op_code":9,"worker_id":"2ff4a148-0005-4015-aed6-87e56f3234bc-140669548761216","trial_id":192,"system_attr":{"nsga2:generation":3}}
{"op_code":5,"worker_id":"2ff4a148-0005-4015-aed6-87e56f3234bc-140669548761216","trial_id":192,"param_name":"JointSlopeAngle","param_value_internal":0.2835055858482172,"distribution":"{\"name\": \"FloatDistribution\", \"attributes\": {\"step\": null, \"low\": 0.17453292519943295, \"high\": 1.0471975511965976, \"log\": false}}"}
{"op_code":4,"worker_id":"7e66503b-0597-4e14-bcc6-cf3daf211d5b-139883269681280","study_id":0,"datetime_start":"2026-06-05T15:14:40.988057"}
{"op_code":5,"worker_id":"2ff4a148-0005-4015-aed6-87e56f3234bc-140669548761216","trial_id":192,"param_name":"OuterRadius","param_value_internal":9.875018834603294,"distribution":"{\"name\": \"FloatDistribution\", \"attributes\": {\"step\": null, \"low\": 8.75, \"high\": 17.75, \"log\": false}}"}
{"op_code":5,"worker_id":"2ff4a148-0005-4015-aed6-87e56f3234bc-140669548761216","trial_id":192,"param_name":"JointHeight","param_value_internal":5.568909447825483,"distribution":"{\"name\": \"FloatDistribution\", \"attributes\": {\"step\": null, \"low\": 5.0, \"high\": 8.0, \"log\": false}}"}
{"op_code":9,"worker_id":"7e66503b-0597-4e14-bcc6-cf3daf211d5b-139883269681280","trial_id":193,"system_attr":{"nsga2:generation":3}}
{"op_code":5,"worker_id":"2ff4a148-0005-4015-aed6-87e56f3234bc-140669548761216","trial_id":192,"param_name":"CavityCorkThickness","param_value_internal":4.2571085630744765,"distribution":"{\"name\": \"FloatDistribution\", \"attributes\": {\"step\": null, \"low\": 2.0, \"high\": 5.0, \"log\": false}}"}
{"op_code":5,"worker_id":"7e66503b-0597-4e14-bcc6-cf3daf211d5b-139883269681280","trial_id":193,"param_name":"JointSlopeAngle","param_value_internal":0.6742954472083563,"distribution":"{\"name\": \"FloatDistribution\", \"attributes\": {\"step\": null, \"low\": 0.17453292519943295, \"high\": 1.0471975511965976, \"log\": false}}"}
{"op_code":5,"worker_id":"2ff4a148-0005-4015-aed6-87e56f3234bc-140669548761216","trial_id":192,"param_name":"BellowHeight","param_value_internal":8.30350711937373,"distribution":"{\"name\": \"FloatDistribution\", \"attributes\": {\"step\": null, \"low\": 6.0, \"high\": 10.0, \"log\": false}}"}
{"op_code":5,"worker_id":"7e66503b-0597-4e14-bcc6-cf3daf211d5b-139883269681280","trial_id":193,"param_name":"OuterRadius","param_value_internal":11.290419532924563,"distribution":"{\"name\": \"FloatDistribution\", \"attributes\": {\"step\": null, \"low\": 8.75, \"high\": 17.75, \"log\": false}}"}
{"op_code":5,"worker_id":"2ff4a148-0005-4015-aed6-87e56f3234bc-140669548761216","trial_id":192,"param_name":"WallThickness","param_value_internal":2.9708138177868735,"distribution":"{\"name\": \"FloatDistribution\", \"attributes\": {\"step\": null, \"low\": 2.0, \"high\": 4.0, \"log\": false}}"}
{"op_code":5,"worker_id":"7e66503b-0597-4e14-bcc6-cf3daf211d5b-139883269681280","trial_id":193,"param_name":"JointHeight","param_value_internal":7.29965307338047,"distribution":"{\"name\": \"FloatDistribution\", \"attributes\": {\"step\": null, \"low\": 5.0, \"high\": 8.0, \"log\": false}}"}
{"op_code":5,"worker_id":"2ff4a148-0005-4015-aed6-87e56f3234bc-140669548761216","trial_id":192,"param_name":"PlateauHeight","param_value_internal":2.1668580161146096,"distribution":"{\"name\": \"FloatDistribution\", \"attributes\": {\"step\": null, \"low\": 2.0, \"high\": 4.0, \"log\": false}}"}
{"op_code":5,"worker_id":"7e66503b-0597-4e14-bcc6-cf3daf211d5b-139883269681280","trial_id":193,"param_name":"CavityCorkThickness","param_value_internal":4.5364907934654175,"distribution":"{\"name\": \"FloatDistribution\", \"attributes\": {\"step\": null, \"low\": 2.0, \"high\": 5.0, \"log\": false}}"}
{"op_code":5,"worker_id":"7e66503b-0597-4e14-bcc6-cf3daf211d5b-139883269681280","trial_id":193,"param_name":"BellowHeight","param_value_internal":6.992801905197398,"distribution":"{\"name\": \"FloatDistribution\", \"attributes\": {\"step\": null, \"low\": 6.0, \"high\": 10.0, \"log\": false}}"}
{"op_code":5,"worker_id":"7e66503b-0597-4e14-bcc6-cf3daf211d5b-139883269681280","trial_id":193,"param_name":"WallThickness","param_value_internal":3.722626631511039,"distribution":"{\"name\": \"FloatDistribution\", \"attributes\": {\"step\": null, \"low\": 2.0, \"high\": 4.0, \"log\": false}}"}
{"op_code":5,"worker_id":"7e66503b-0597-4e14-bcc6-cf3daf211d5b-139883269681280","trial_id":193,"param_name":"PlateauHeight","param_value_internal":2.9028739149173317,"distribution":"{\"name\": \"FloatDistribution\", \"attributes\": {\"step\": null, \"low\": 2.0, \"high\": 4.0, \"log\": false}}"}
{"op_code":6,"worker_id":"04965b0d-4109-496d-bd42-addd6ef9349a-140038410883200","trial_id":188,"state":1,"values":[-Infinity,-Infinity],"datetime_complete":"2026-06-05T15:14:41.083585"}
{"op_code":4,"worker_id":"04965b0d-4109-496d-bd42-addd6ef9349a-140038410883200","study_id":0,"datetime_start":"2026-06-05T15:14:41.094290"}
{"op_code":9,"worker_id":"04965b0d-4109-496d-bd42-addd6ef9349a-140038410883200","trial_id":194,"system_attr":{"nsga2:generation":3}}
{"op_code":5,"worker_id":"04965b0d-4109-496d-bd42-addd6ef9349a-140038410883200","trial_id":194,"param_name":"JointSlopeAngle","param_value_internal":0.5108543382116363,"distribution":"{\"name\": \"FloatDistribution\", \"attributes\": {\"step\": null, \"low\": 0.17453292519943295, \"high\": 1.0471975511965976, \"log\": false}}"}
{"op_code":5,"worker_id":"04965b0d-4109-496d-bd42-addd6ef9349a-140038410883200","trial_id":194,"param_name":"OuterRadius","param_value_internal":17.172444409795325,"distribution":"{\"name\": \"FloatDistribution\", \"attributes\": {\"step\": null, \"low\": 8.75, \"high\": 17.75, \"log\": false}}"}
{"op_code":5,"worker_id":"04965b0d-4109-496d-bd42-addd6ef9349a-140038410883200","trial_id":194,"param_name":"JointHeight","param_value_internal":6.621486893028049,"distribution":"{\"name\": \"FloatDistribution\", \"attributes\": {\"step\": null, \"low\": 5.0, \"high\": 8.0, \"log\": false}}"}
{"op_code":5,"worker_id":"04965b0d-4109-496d-bd42-addd6ef9349a-140038410883200","trial_id":194,"param_name":"CavityCorkThickness","param_value_internal":2.414930703016558,"distribution":"{\"name\": \"FloatDistribution\", \"attributes\": {\"step\": null, \"low\": 2.0, \"high\": 5.0, \"log\": false}}"}
{"op_code":5,"worker_id":"04965b0d-4109-496d-bd42-addd6ef9349a-140038410883200","trial_id":194,"param_name":"BellowHeight","param_value_internal":7.482670408407297,"distribution":"{\"name\": \"FloatDistribution\", \"attributes\": {\"step\": null, \"low\": 6.0, \"high\": 10.0, \"log\": false}}"}
{"op_code":5,"worker_id":"04965b0d-4109-496d-bd42-addd6ef9349a-140038410883200","trial_id":194,"param_name":"WallThickness","param_value_internal":2.2856417875298343,"distribution":"{\"name\": \"FloatDistribution\", \"attributes\": {\"step\": null, \"low\": 2.0, \"high\": 4.0, \"log\": false}}"}
{"op_code":6,"worker_id":"9313a9ce-b09a-4d83-bcd6-c4f34fa5d6a8-140169399386240","trial_id":191,"state":1,"values":[-Infinity,-Infinity],"datetime_complete":"2026-06-05T15:14:41.144484"}
{"op_code":5,"worker_id":"04965b0d-4109-496d-bd42-addd6ef9349a-140038410883200","trial_id":194,"param_name":"PlateauHeight","param_value_internal":3.9005779376092007,"distribution":"{\"name\": \"FloatDistribution\", \"attributes\": {\"step\": null, \"low\": 2.0, \"high\": 4.0, \"log\": false}}"}
{"op_code":4,"worker_id":"9313a9ce-b09a-4d83-bcd6-c4f34fa5d6a8-140169399386240","study_id":0,"datetime_start":"2026-06-05T15:14:41.157588"}
{"op_code":9,"worker_id":"9313a9ce-b09a-4d83-bcd6-c4f34fa5d6a8-140169399386240","trial_id":195,"system_attr":{"nsga2:generation":3}}
{"op_code":5,"worker_id":"9313a9ce-b09a-4d83-bcd6-c4f34fa5d6a8-140169399386240","trial_id":195,"param_name":"JointSlopeAngle","param_value_internal":0.6641895571548798,"distribution":"{\"name\": \"FloatDistribution\", \"attributes\": {\"step\": null, \"low\": 0.17453292519943295, \"high\": 1.0471975511965976, \"log\": false}}"}
{"op_code":5,"worker_id":"9313a9ce-b09a-4d83-bcd6-c4f34fa5d6a8-140169399386240","trial_id":195,"param_name":"OuterRadius","param_value_internal":13.748363561527363,"distribution":"{\"name\": \"FloatDistribution\", \"attributes\": {\"step\": null, \"low\": 8.75, \"high\": 17.75, \"log\": false}}"}
{"op_code":5,"worker_id":"9313a9ce-b09a-4d83-bcd6-c4f34fa5d6a8-140169399386240","trial_id":195,"param_name":"JointHeight","param_value_internal":5.372443447644095,"distribution":"{\"name\": \"FloatDistribution\", \"attributes\": {\"step\": null, \"low\": 5.0, \"high\": 8.0, \"log\": false}}"}
{"op_code":5,"worker_id":"9313a9ce-b09a-4d83-bcd6-c4f34fa5d6a8-140169399386240","trial_id":195,"param_name":"CavityCorkThickness","param_value_internal":4.7239517601038425,"distribution":"{\"name\": \"FloatDistribution\", \"attributes\": {\"step\": null, \"low\": 2.0, \"high\": 5.0, \"log\": false}}"}
{"op_code":5,"worker_id":"9313a9ce-b09a-4d83-bcd6-c4f34fa5d6a8-140169399386240","trial_id":195,"param_name":"BellowHeight","param_value_internal":7.039747117501551,"distribution":"{\"name\": \"FloatDistribution\", \"attributes\": {\"step\": null, \"low\": 6.0, \"high\": 10.0, \"log\": false}}"}
{"op_code":5,"worker_id":"9313a9ce-b09a-4d83-bcd6-c4f34fa5d6a8-140169399386240","trial_id":195,"param_name":"WallThickness","param_value_internal":2.9846808004954073,"distribution":"{\"name\": \"FloatDistribution\", \"attributes\": {\"step\": null, \"low\": 2.0, \"high\": 4.0, \"log\": false}}"}
{"op_code":5,"worker_id":"9313a9ce-b09a-4d83-bcd6-c4f34fa5d6a8-140169399386240","trial_id":195,"param_name":"PlateauHeight","param_value_internal":3.517476922938902,"distribution":"{\"name\": \"FloatDistribution\", \"attributes\": {\"step\": null, \"low\": 2.0, \"high\": 4.0, \"log\": false}}"}
{"op_code":6,"worker_id":"2ff4a148-0005-4015-aed6-87e56f3234bc-140669548761216","trial_id":192,"state":1,"values":[-Infinity,-Infinity],"datetime_complete":"2026-06-05T15:14:42.732466"}
{"op_code":4,"worker_id":"2ff4a148-0005-4015-aed6-87e56f3234bc-140669548761216","study_id":0,"datetime_start":"2026-06-05T15:14:42.743968"}
{"op_code":6,"worker_id":"7e66503b-0597-4e14-bcc6-cf3daf211d5b-139883269681280","trial_id":193,"state":1,"values":[-Infinity,-Infinity],"datetime_complete":"2026-06-05T15:14:42.751148"}
{"op_code":9,"worker_id":"2ff4a148-0005-4015-aed6-87e56f3234bc-140669548761216","trial_id":196,"system_attr":{"nsga2:generation":3}}
{"op_code":5,"worker_id":"2ff4a148-0005-4015-aed6-87e56f3234bc-140669548761216","trial_id":196,"param_name":"JointSlopeAngle","param_value_internal":0.5665680002636885,"distribution":"{\"name\": \"FloatDistribution\", \"attributes\": {\"step\": null, \"low\": 0.17453292519943295, \"high\": 1.0471975511965976, \"log\": false}}"}
{"op_code":4,"worker_id":"7e66503b-0597-4e14-bcc6-cf3daf211d5b-139883269681280","study_id":0,"datetime_start":"2026-06-05T15:14:42.765275"}
{"op_code":5,"worker_id":"2ff4a148-0005-4015-aed6-87e56f3234bc-140669548761216","trial_id":196,"param_name":"OuterRadius","param_value_internal":12.77181766949024,"distribution":"{\"name\": \"FloatDistribution\", \"attributes\": {\"step\": null, \"low\": 8.75, \"high\": 17.75, \"log\": false}}"}
{"op_code":5,"worker_id":"2ff4a148-0005-4015-aed6-87e56f3234bc-140669548761216","trial_id":196,"param_name":"JointHeight","param_value_internal":6.056596632127291,"distribution":"{\"name\": \"FloatDistribution\", \"attributes\": {\"step\": null, \"low\": 5.0, \"high\": 8.0, \"log\": false}}"}
{"op_code":9,"worker_id":"7e66503b-0597-4e14-bcc6-cf3daf211d5b-139883269681280","trial_id":197,"system_attr":{"nsga2:generation":3}}
{"op_code":5,"worker_id":"2ff4a148-0005-4015-aed6-87e56f3234bc-140669548761216","trial_id":196,"param_name":"CavityCorkThickness","param_value_internal":4.7239517601038425,"distribution":"{\"name\": \"FloatDistribution\", \"attributes\": {\"step\": null, \"low\": 2.0, \"high\": 5.0, \"log\": false}}"}
{"op_code":5,"worker_id":"7e66503b-0597-4e14-bcc6-cf3daf211d5b-139883269681280","trial_id":197,"param_name":"JointSlopeAngle","param_value_internal":0.5822585585585067,"distribution":"{\"name\": \"FloatDistribution\", \"attributes\": {\"step\": null, \"low\": 0.17453292519943295, \"high\": 1.0471975511965976, \"log\": false}}"}
{"op_code":5,"worker_id":"2ff4a148-0005-4015-aed6-87e56f3234bc-140669548761216","trial_id":196,"param_name":"BellowHeight","param_value_internal":7.039747117501551,"distribution":"{\"name\": \"FloatDistribution\", \"attributes\": {\"step\": null, \"low\": 6.0, \"high\": 10.0, \"log\": false}}"}
{"op_code":5,"worker_id":"7e66503b-0597-4e14-bcc6-cf3daf211d5b-139883269681280","trial_id":197,"param_name":"OuterRadius","param_value_internal":17.050657716711697,"distribution":"{\"name\": \"FloatDistribution\", \"attributes\": {\"step\": null, \"low\": 8.75, \"high\": 17.75, \"log\": false}}"}
{"op_code":5,"worker_id":"2ff4a148-0005-4015-aed6-87e56f3234bc-140669548761216","trial_id":196,"param_name":"WallThickness","param_value_internal":3.790710968267197,"distribution":"{\"name\": \"FloatDistribution\", \"attributes\": {\"step\": null, \"low\": 2.0, \"high\": 4.0, \"log\": false}}"}
{"op_code":5,"worker_id":"7e66503b-0597-4e14-bcc6-cf3daf211d5b-139883269681280","trial_id":197,"param_name":"JointHeight","param_value_internal":6.7942345693530175,"distribution":"{\"name\": \"FloatDistribution\", \"attributes\": {\"step\": null, \"low\": 5.0, \"high\": 8.0, \"log\": false}}"}
{"op_code":5,"worker_id":"2ff4a148-0005-4015-aed6-87e56f3234bc-140669548761216","trial_id":196,"param_name":"PlateauHeight","param_value_internal":3.517476922938902,"distribution":"{\"name\": \"FloatDistribution\", \"attributes\": {\"step\": null, \"low\": 2.0, \"high\": 4.0, \"log\": false}}"}
{"op_code":5,"worker_id":"7e66503b-0597-4e14-bcc6-cf3daf211d5b-139883269681280","trial_id":197,"param_name":"CavityCorkThickness","param_value_internal":2.0299787947462167,"distribution":"{\"name\": \"FloatDistribution\", \"attributes\": {\"step\": null, \"low\": 2.0, \"high\": 5.0, \"log\": false}}"}
{"op_code":5,"worker_id":"7e66503b-0597-4e14-bcc6-cf3daf211d5b-139883269681280","trial_id":197,"param_name":"BellowHeight","param_value_internal":6.347417654009941,"distribution":"{\"name\": \"FloatDistribution\", \"attributes\": {\"step\": null, \"low\": 6.0, \"high\": 10.0, \"log\": false}}"}
{"op_code":5,"worker_id":"7e66503b-0597-4e14-bcc6-cf3daf211d5b-139883269681280","trial_id":197,"param_name":"WallThickness","param_value_internal":2.0595782520367028,"distribution":"{\"name\": \"FloatDistribution\", \"attributes\": {\"step\": null, \"low\": 2.0, \"high\": 4.0, \"log\": false}}"}
{"op_code":5,"worker_id":"7e66503b-0597-4e14-bcc6-cf3daf211d5b-139883269681280","trial_id":197,"param_name":"PlateauHeight","param_value_internal":2.306647005969044,"distribution":"{\"name\": \"FloatDistribution\", \"attributes\": {\"step\": null, \"low\": 2.0, \"high\": 4.0, \"log\": false}}"}
{"op_code":6,"worker_id":"04965b0d-4109-496d-bd42-addd6ef9349a-140038410883200","trial_id":194,"state":1,"values":[-Infinity,-Infinity],"datetime_complete":"2026-06-05T15:14:42.849227"}
{"op_code":4,"worker_id":"04965b0d-4109-496d-bd42-addd6ef9349a-140038410883200","study_id":0,"datetime_start":"2026-06-05T15:14:42.859897"}
{"op_code":9,"worker_id":"04965b0d-4109-496d-bd42-addd6ef9349a-140038410883200","trial_id":198,"system_attr":{"nsga2:generation":3}}
{"op_code":5,"worker_id":"04965b0d-4109-496d-bd42-addd6ef9349a-140038410883200","trial_id":198,"param_name":"JointSlopeAngle","param_value_internal":0.2835055858482172,"distribution":"{\"name\": \"FloatDistribution\", \"attributes\": {\"step\": null, \"low\": 0.17453292519943295, \"high\": 1.0471975511965976, \"log\": false}}"}
{"op_code":5,"worker_id":"04965b0d-4109-496d-bd42-addd6ef9349a-140038410883200","trial_id":198,"param_name":"OuterRadius","param_value_internal":15.722636497368068,"distribution":"{\"name\": \"FloatDistribution\", \"attributes\": {\"step\": null, \"low\": 8.75, \"high\": 17.75, \"log\": false}}"}
{"op_code":5,"worker_id":"04965b0d-4109-496d-bd42-addd6ef9349a-140038410883200","trial_id":198,"param_name":"JointHeight","param_value_internal":7.4477112366132125,"distribution":"{\"name\": \"FloatDistribution\", \"attributes\": {\"step\": null, \"low\": 5.0, \"high\": 8.0, \"log\": false}}"}
{"op_code":5,"worker_id":"04965b0d-4109-496d-bd42-addd6ef9349a-140038410883200","trial_id":198,"param_name":"CavityCorkThickness","param_value_internal":3.228053156248468,"distribution":"{\"name\": \"FloatDistribution\", \"attributes\": {\"step\": null, \"low\": 2.0, \"high\": 5.0, \"log\": false}}"}
{"op_code":5,"worker_id":"04965b0d-4109-496d-bd42-addd6ef9349a-140038410883200","trial_id":198,"param_name":"BellowHeight","param_value_internal":8.30350711937373,"distribution":"{\"name\": \"FloatDistribution\", \"attributes\": {\"step\": null, \"low\": 6.0, \"high\": 10.0, \"log\": false}}"}
{"op_code":5,"worker_id":"04965b0d-4109-496d-bd42-addd6ef9349a-140038410883200","trial_id":198,"param_name":"WallThickness","param_value_internal":2.9708138177868735,"distribution":"{\"name\": \"FloatDistribution\", \"attributes\": {\"step\": null, \"low\": 2.0, \"high\": 4.0, \"log\": false}}"}
{"op_code":5,"worker_id":"04965b0d-4109-496d-bd42-addd6ef9349a-140038410883200","trial_id":198,"param_name":"PlateauHeight","param_value_internal":2.7280837699164326,"distribution":"{\"name\": \"FloatDistribution\", \"attributes\": {\"step\": null, \"low\": 2.0, \"high\": 4.0, \"log\": false}}"}
{"op_code":6,"worker_id":"9313a9ce-b09a-4d83-bcd6-c4f34fa5d6a8-140169399386240","trial_id":195,"state":1,"values":[-Infinity,-Infinity],"datetime_complete":"2026-06-05T15:14:42.920895"}
{"op_code":4,"worker_id":"9313a9ce-b09a-4d83-bcd6-c4f34fa5d6a8-140169399386240","study_id":0,"datetime_start":"2026-06-05T15:14:42.931315"}
{"op_code":9,"worker_id":"9313a9ce-b09a-4d83-bcd6-c4f34fa5d6a8-140169399386240","trial_id":199,"system_attr":{"nsga2:generation":3}}
{"op_code":5,"worker_id":"9313a9ce-b09a-4d83-bcd6-c4f34fa5d6a8-140169399386240","trial_id":199,"param_name":"JointSlopeAngle","param_value_internal":0.18618079634304607,"distribution":"{\"name\": \"FloatDistribution\", \"attributes\": {\"step\": null, \"low\": 0.17453292519943295, \"high\": 1.0471975511965976, \"log\": false}}"}
{"op_code":5,"worker_id":"9313a9ce-b09a-4d83-bcd6-c4f34fa5d6a8-140169399386240","trial_id":199,"param_name":"OuterRadius","param_value_internal":9.291006308346805,"distribution":"{\"name\": \"FloatDistribution\", \"attributes\": {\"step\": null, \"low\": 8.75, \"high\": 17.75, \"log\": false}}"}
{"op_code":5,"worker_id":"9313a9ce-b09a-4d83-bcd6-c4f34fa5d6a8-140169399386240","trial_id":199,"param_name":"JointHeight","param_value_internal":5.402496499885465,"distribution":"{\"name\": \"FloatDistribution\", \"attributes\": {\"step\": null, \"low\": 5.0, \"high\": 8.0, \"log\": false}}"}
{"op_code":5,"worker_id":"9313a9ce-b09a-4d83-bcd6-c4f34fa5d6a8-140169399386240","trial_id":199,"param_name":"CavityCorkThickness","param_value_internal":3.5689896349541286,"distribution":"{\"name\": \"FloatDistribution\", \"attributes\": {\"step\": null, \"low\": 2.0, \"high\": 5.0, \"log\": false}}"}
{"op_code":5,"worker_id":"9313a9ce-b09a-4d83-bcd6-c4f34fa5d6a8-140169399386240","trial_id":199,"param_name":"BellowHeight","param_value_internal":6.3075108855158515,"distribution":"{\"name\": \"FloatDistribution\", \"attributes\": {\"step\": null, \"low\": 6.0, \"high\": 10.0, \"log\": false}}"}
{"op_code":5,"worker_id":"9313a9ce-b09a-4d83-bcd6-c4f34fa5d6a8-140169399386240","trial_id":199,"param_name":"WallThickness","param_value_internal":2.870630092293184,"distribution":"{\"name\": \"FloatDistribution\", \"attributes\": {\"step\": null, \"low\": 2.0, \"high\": 4.0, \"log\": false}}"}
{"op_code":5,"worker_id":"9313a9ce-b09a-4d83-bcd6-c4f34fa5d6a8-140169399386240","trial_id":199,"param_name":"PlateauHeight","param_value_internal":2.225707935895854,"distribution":"{\"name\": \"FloatDistribution\", \"attributes\": {\"step\": null, \"low\": 2.0, \"high\": 4.0, \"log\": false}}"}
{"op_code":6,"worker_id":"2ff4a148-0005-4015-aed6-87e56f3234bc-140669548761216","trial_id":196,"state":1,"values":[-Infinity,-Infinity],"datetime_complete":"2026-06-05T15:14:44.504999"}
{"op_code":6,"worker_id":"7e66503b-0597-4e14-bcc6-cf3daf211d5b-139883269681280","trial_id":197,"state":1,"values":[-Infinity,-Infinity],"datetime_complete":"2026-06-05T15:14:44.527345"}
{"op_code":0,"worker_id":"99015d24-18f2-4c04-a74d-16798af5dbf9-140669548761216","study_name":"SensorFinger_8_optuna_evolutionary","directions":[2,2]}
{"op_code":0,"worker_id":"99015d24-18f2-4c04-a74d-16798af5dbf9-140669548761216","study_name":"SensorFinger_8_optuna_evolutionary","directions":[2,2]}
{"op_code":6,"worker_id":"04965b0d-4109-496d-bd42-addd6ef9349a-140038410883200","trial_id":198,"state":1,"values":[-Infinity,-Infinity],"datetime_complete":"2026-06-05T15:14:44.608943"}
{"op_code":0,"worker_id":"71b7a3df-2c02-48cf-8224-9c733cacfbdd-139883269681280","study_name":"SensorFinger_8_optuna_evolutionary","directions":[2,2]}
{"op_code":0,"worker_id":"71b7a3df-2c02-48cf-8224-9c733cacfbdd-139883269681280","study_name":"SensorFinger_8_optuna_evolutionary","directions":[2,2]}
{"op_code":6,"worker_id":"9313a9ce-b09a-4d83-bcd6-c4f34fa5d6a8-140169399386240","trial_id":199,"state":1,"values":[-Infinity,-Infinity],"datetime_complete":"2026-06-05T15:14:44.694405"}
{"op_code":0,"worker_id":"3e054005-ddb3-4b09-bb17-4d443d87d647-140038410883200","study_name":"SensorFinger_8_optuna_evolutionary","directions":[2,2]}
{"op_code":0,"worker_id":"3e054005-ddb3-4b09-bb17-4d443d87d647-140038410883200","study_name":"SensorFinger_8_optuna_evolutionary","directions":[2,2]}
{"op_code":0,"worker_id":"46e423c7-a821-464e-bb41-37f5288bdd22-140169399386240","study_name":"SensorFinger_8_optuna_evolutionary","directions":[2,2]}
{"op_code":0,"worker_id":"46e423c7-a821-464e-bb41-37f5288bdd22-140169399386240","study_name":"SensorFinger_8_optuna_evolutionary","directions":[2,2]}
{"op_code":0,"worker_id":"4c98c521-5bd6-488b-8a85-768a1982e112-140669548761216","study_name":"SensorFinger_8_optuna_evolutionary","directions":[2,2]}
{"op_code":0,"worker_id":"4c98c521-5bd6-488b-8a85-768a1982e112-140669548761216","study_name":"SensorFinger_8_optuna_evolutionary","directions":[2,2]}
{"op_code":0,"worker_id":"acae553b-ee3e-4e8f-836a-7fa7caf7b5ab-139883269681280","study_name":"SensorFinger_8_optuna_evolutionary","directions":[2,2]}
{"op_code":0,"worker_id":"acae553b-ee3e-4e8f-836a-7fa7caf7b5ab-139883269681280","study_name":"SensorFinger_8_optuna_evolutionary","directions":[2,2]}
{"op_code":0,"worker_id":"c3856cbb-e5e5-44ac-b1df-3b5ff372ebbc-140038410883200","study_name":"SensorFinger_8_optuna_evolutionary","directions":[2,2]}
{"op_code":0,"worker_id":"c3856cbb-e5e5-44ac-b1df-3b5ff372ebbc-140038410883200","study_name":"SensorFinger_8_optuna_evolutionary","directions":[2,2]}
{"op_code":0,"worker_id":"714153dc-dc11-45ca-bedd-550f0b86d51b-140169399386240","study_name":"SensorFinger_8_optuna_evolutionary","directions":[2,2]}
{"op_code":0,"worker_id":"714153dc-dc11-45ca-bedd-550f0b86d51b-140169399386240","study_name":"SensorFinger_8_optuna_evolutionary","directions":[2,2]}
