{"op_code":0,"worker_id":"f9bee2ed-99f0-466c-b576-77f86b4754b6-140517316042880","study_name":"SensorFinger_4_optuna_evolutionary","directions":[2,2]}
{"op_code":4,"worker_id":"f9bee2ed-99f0-466c-b576-77f86b4754b6-140517316042880","study_id":0,"datetime_start":"2026-06-05T15:20:25.212617"}
{"op_code":9,"worker_id":"f9bee2ed-99f0-466c-b576-77f86b4754b6-140517316042880","trial_id":0,"system_attr":{"nsga2:generation":0}}
{"op_code":5,"worker_id":"f9bee2ed-99f0-466c-b576-77f86b4754b6-140517316042880","trial_id":0,"param_name":"JointSlopeAngle","param_value_internal":0.23850774344418724,"distribution":"{\"name\": \"FloatDistribution\", \"attributes\": {\"step\": null, \"low\": 0.17453292519943295, \"high\": 1.0471975511965976, \"log\": false}}"}
{"op_code":5,"worker_id":"f9bee2ed-99f0-466c-b576-77f86b4754b6-140517316042880","trial_id":0,"param_name":"OuterRadius","param_value_internal":14.889799622415014,"distribution":"{\"name\": \"FloatDistribution\", \"attributes\": {\"step\": null, \"low\": 8.75, \"high\": 17.75, \"log\": false}}"}
{"op_code":5,"worker_id":"f9bee2ed-99f0-466c-b576-77f86b4754b6-140517316042880","trial_id":0,"param_name":"JointHeight","param_value_internal":6.311149396636631,"distribution":"{\"name\": \"FloatDistribution\", \"attributes\": {\"step\": null, \"low\": 5.0, \"high\": 8.0, \"log\": false}}"}
{"op_code":5,"worker_id":"f9bee2ed-99f0-466c-b576-77f86b4754b6-140517316042880","trial_id":0,"param_name":"CavityCorkThickness","param_value_internal":3.5639321530612094,"distribution":"{\"name\": \"FloatDistribution\", \"attributes\": {\"step\": null, \"low\": 2.0, \"high\": 5.0, \"log\": false}}"}
{"op_code":0,"worker_id":"e332a2ce-d408-411c-bab0-345a07a73229-139705794506880","study_name":"SensorFinger_4_optuna_evolutionary","directions":[2,2]}
{"op_code":5,"worker_id":"f9bee2ed-99f0-466c-b576-77f86b4754b6-140517316042880","trial_id":0,"param_name":"BellowHeight","param_value_internal":8.406484523907398,"distribution":"{\"name\": \"FloatDistribution\", \"attributes\": {\"step\": null, \"low\": 6.0, \"high\": 10.0, \"log\": false}}"}
{"op_code":0,"worker_id":"e332a2ce-d408-411c-bab0-345a07a73229-139705794506880","study_name":"SensorFinger_4_optuna_evolutionary","directions":[2,2]}
{"op_code":5,"worker_id":"f9bee2ed-99f0-466c-b576-77f86b4754b6-140517316042880","trial_id":0,"param_name":"WallThickness","param_value_internal":2.72531771382297,"distribution":"{\"name\": \"FloatDistribution\", \"attributes\": {\"step\": null, \"low\": 2.0, \"high\": 4.0, \"log\": false}}"}
{"op_code":0,"worker_id":"21ce5292-8bb3-4a5e-91d8-c7aac74ec9c1-140218492825728","study_name":"SensorFinger_4_optuna_evolutionary","directions":[2,2]}
{"op_code":5,"worker_id":"f9bee2ed-99f0-466c-b576-77f86b4754b6-140517316042880","trial_id":0,"param_name":"PlateauHeight","param_value_internal":3.521767390704505,"distribution":"{\"name\": \"FloatDistribution\", \"attributes\": {\"step\": null, \"low\": 2.0, \"high\": 4.0, \"log\": false}}"}
{"op_code":4,"worker_id":"e332a2ce-d408-411c-bab0-345a07a73229-139705794506880","study_id":0,"datetime_start":"2026-06-05T15:20:25.281889"}
{"op_code":0,"worker_id":"21ce5292-8bb3-4a5e-91d8-c7aac74ec9c1-140218492825728","study_name":"SensorFinger_4_optuna_evolutionary","directions":[2,2]}
{"op_code":9,"worker_id":"e332a2ce-d408-411c-bab0-345a07a73229-139705794506880","trial_id":1,"system_attr":{"nsga2:generation":0}}
{"op_code":4,"worker_id":"21ce5292-8bb3-4a5e-91d8-c7aac74ec9c1-140218492825728","study_id":0,"datetime_start":"2026-06-05T15:20:25.304295"}
{"op_code":5,"worker_id":"e332a2ce-d408-411c-bab0-345a07a73229-139705794506880","trial_id":1,"param_name":"JointSlopeAngle","param_value_internal":0.18867545950440884,"distribution":"{\"name\": \"FloatDistribution\", \"attributes\": {\"step\": null, \"low\": 0.17453292519943295, \"high\": 1.0471975511965976, \"log\": false}}"}
{"op_code":0,"worker_id":"88407e63-dd21-4ee2-91e3-9c0079baf8f2-139734788055168","study_name":"SensorFinger_4_optuna_evolutionary","directions":[2,2]}
{"op_code":9,"worker_id":"21ce5292-8bb3-4a5e-91d8-c7aac74ec9c1-140218492825728","trial_id":2,"system_attr":{"nsga2:generation":0}}
{"op_code":5,"worker_id":"e332a2ce-d408-411c-bab0-345a07a73229-139705794506880","trial_id":1,"param_name":"OuterRadius","param_value_internal":14.533968148089116,"distribution":"{\"name\": \"FloatDistribution\", \"attributes\": {\"step\": null, \"low\": 8.75, \"high\": 17.75, \"log\": false}}"}
{"op_code":0,"worker_id":"88407e63-dd21-4ee2-91e3-9c0079baf8f2-139734788055168","study_name":"SensorFinger_4_optuna_evolutionary","directions":[2,2]}
{"op_code":5,"worker_id":"e332a2ce-d408-411c-bab0-345a07a73229-139705794506880","trial_id":1,"param_name":"JointHeight","param_value_internal":7.830208904300081,"distribution":"{\"name\": \"FloatDistribution\", \"attributes\": {\"step\": null, \"low\": 5.0, \"high\": 8.0, \"log\": false}}"}
{"op_code":0,"worker_id":"4163d7ae-0e91-4770-af5d-b420f69a7577-140038262534272","study_name":"SensorFinger_4_optuna_evolutionary","directions":[2,2]}
{"op_code":5,"worker_id":"e332a2ce-d408-411c-bab0-345a07a73229-139705794506880","trial_id":1,"param_name":"CavityCorkThickness","param_value_internal":3.7474022378408636,"distribution":"{\"name\": \"FloatDistribution\", \"attributes\": {\"step\": null, \"low\": 2.0, \"high\": 5.0, \"log\": false}}"}
{"op_code":4,"worker_id":"88407e63-dd21-4ee2-91e3-9c0079baf8f2-139734788055168","study_id":0,"datetime_start":"2026-06-05T15:20:25.343406"}
{"op_code":0,"worker_id":"3f3be94b-2d6e-4c70-ac4b-7ac0b4c083f7-139957565182080","study_name":"SensorFinger_4_optuna_evolutionary","directions":[2,2]}
{"op_code":5,"worker_id":"21ce5292-8bb3-4a5e-91d8-c7aac74ec9c1-140218492825728","trial_id":2,"param_name":"JointSlopeAngle","param_value_internal":0.4604005297832465,"distribution":"{\"name\": \"FloatDistribution\", \"attributes\": {\"step\": null, \"low\": 0.17453292519943295, \"high\": 1.0471975511965976, \"log\": false}}"}
{"op_code":9,"worker_id":"88407e63-dd21-4ee2-91e3-9c0079baf8f2-139734788055168","trial_id":3,"system_attr":{"nsga2:generation":0}}
{"op_code":0,"worker_id":"280985d5-349a-42af-891d-38016dff767b-140105724219520","study_name":"SensorFinger_4_optuna_evolutionary","directions":[2,2]}
{"op_code":0,"worker_id":"05b1aa71-3198-4dc5-8e1d-d3f63aef5967-139814202810496","study_name":"SensorFinger_4_optuna_evolutionary","directions":[2,2]}
{"op_code":0,"worker_id":"280985d5-349a-42af-891d-38016dff767b-140105724219520","study_name":"SensorFinger_4_optuna_evolutionary","directions":[2,2]}
{"op_code":5,"worker_id":"21ce5292-8bb3-4a5e-91d8-c7aac74ec9c1-140218492825728","trial_id":2,"param_name":"OuterRadius","param_value_internal":10.361537991516455,"distribution":"{\"name\": \"FloatDistribution\", \"attributes\": {\"step\": null, \"low\": 8.75, \"high\": 17.75, \"log\": false}}"}
{"op_code":5,"worker_id":"88407e63-dd21-4ee2-91e3-9c0079baf8f2-139734788055168","trial_id":3,"param_name":"JointSlopeAngle","param_value_internal":0.6559666604497015,"distribution":"{\"name\": \"FloatDistribution\", \"attributes\": {\"step\": null, \"low\": 0.17453292519943295, \"high\": 1.0471975511965976, \"log\": false}}"}
{"op_code":5,"worker_id":"21ce5292-8bb3-4a5e-91d8-c7aac74ec9c1-140218492825728","trial_id":2,"param_name":"JointHeight","param_value_internal":7.682299429917964,"distribution":"{\"name\": \"FloatDistribution\", \"attributes\": {\"step\": null, \"low\": 5.0, \"high\": 8.0, \"log\": false}}"}
{"op_code":4,"worker_id":"280985d5-349a-42af-891d-38016dff767b-140105724219520","study_id":0,"datetime_start":"2026-06-05T15:20:25.391822"}
{"op_code":5,"worker_id":"21ce5292-8bb3-4a5e-91d8-c7aac74ec9c1-140218492825728","trial_id":2,"param_name":"CavityCorkThickness","param_value_internal":3.932225112642497,"distribution":"{\"name\": \"FloatDistribution\", \"attributes\": {\"step\": null, \"low\": 2.0, \"high\": 5.0, \"log\": false}}"}
{"op_code":0,"worker_id":"b4083449-2efe-415f-ac98-d0b00156e30d-140445561180288","study_name":"SensorFinger_4_optuna_evolutionary","directions":[2,2]}
{"op_code":5,"worker_id":"88407e63-dd21-4ee2-91e3-9c0079baf8f2-139734788055168","trial_id":3,"param_name":"OuterRadius","param_value_internal":10.66338164116717,"distribution":"{\"name\": \"FloatDistribution\", \"attributes\": {\"step\": null, \"low\": 8.75, \"high\": 17.75, \"log\": false}}"}
{"op_code":0,"worker_id":"b4083449-2efe-415f-ac98-d0b00156e30d-140445561180288","study_name":"SensorFinger_4_optuna_evolutionary","directions":[2,2]}
{"op_code":5,"worker_id":"88407e63-dd21-4ee2-91e3-9c0079baf8f2-139734788055168","trial_id":3,"param_name":"JointHeight","param_value_internal":7.8366422335455646,"distribution":"{\"name\": \"FloatDistribution\", \"attributes\": {\"step\": null, \"low\": 5.0, \"high\": 8.0, \"log\": false}}"}
{"op_code":5,"worker_id":"88407e63-dd21-4ee2-91e3-9c0079baf8f2-139734788055168","trial_id":3,"param_name":"CavityCorkThickness","param_value_internal":2.5372276143083625,"distribution":"{\"name\": \"FloatDistribution\", \"attributes\": {\"step\": null, \"low\": 2.0, \"high\": 5.0, \"log\": false}}"}
{"op_code":4,"worker_id":"b4083449-2efe-415f-ac98-d0b00156e30d-140445561180288","study_id":0,"datetime_start":"2026-06-05T15:20:25.435251"}
{"op_code":5,"worker_id":"88407e63-dd21-4ee2-91e3-9c0079baf8f2-139734788055168","trial_id":3,"param_name":"BellowHeight","param_value_internal":6.046745108445544,"distribution":"{\"name\": \"FloatDistribution\", \"attributes\": {\"step\": null, \"low\": 6.0, \"high\": 10.0, \"log\": false}}"}
{"op_code":0,"worker_id":"05b1aa71-3198-4dc5-8e1d-d3f63aef5967-139814202810496","study_name":"SensorFinger_4_optuna_evolutionary","directions":[2,2]}
{"op_code":9,"worker_id":"b4083449-2efe-415f-ac98-d0b00156e30d-140445561180288","trial_id":5,"system_attr":{"nsga2:generation":0}}
{"op_code":5,"worker_id":"88407e63-dd21-4ee2-91e3-9c0079baf8f2-139734788055168","trial_id":3,"param_name":"WallThickness","param_value_internal":3.7136419888478196,"distribution":"{\"name\": \"FloatDistribution\", \"attributes\": {\"step\": null, \"low\": 2.0, \"high\": 4.0, \"log\": false}}"}
{"op_code":5,"worker_id":"b4083449-2efe-415f-ac98-d0b00156e30d-140445561180288","trial_id":5,"param_name":"JointSlopeAngle","param_value_internal":0.9151606889394631,"distribution":"{\"name\": \"FloatDistribution\", \"attributes\": {\"step\": null, \"low\": 0.17453292519943295, \"high\": 1.0471975511965976, \"log\": false}}"}
{"op_code":4,"worker_id":"05b1aa71-3198-4dc5-8e1d-d3f63aef5967-139814202810496","study_id":0,"datetime_start":"2026-06-05T15:20:25.462809"}
{"op_code":5,"worker_id":"b4083449-2efe-415f-ac98-d0b00156e30d-140445561180288","trial_id":5,"param_name":"OuterRadius","param_value_internal":11.003231987313491,"distribution":"{\"name\": \"FloatDistribution\", \"attributes\": {\"step\": null, \"low\": 8.75, \"high\": 17.75, \"log\": false}}"}
{"op_code":0,"worker_id":"4163d7ae-0e91-4770-af5d-b420f69a7577-140038262534272","study_name":"SensorFinger_4_optuna_evolutionary","directions":[2,2]}
{"op_code":5,"worker_id":"b4083449-2efe-415f-ac98-d0b00156e30d-140445561180288","trial_id":5,"param_name":"JointHeight","param_value_internal":7.319439195744617,"distribution":"{\"name\": \"FloatDistribution\", \"attributes\": {\"step\": null, \"low\": 5.0, \"high\": 8.0, \"log\": false}}"}
{"op_code":9,"worker_id":"05b1aa71-3198-4dc5-8e1d-d3f63aef5967-139814202810496","trial_id":6,"system_attr":{"nsga2:generation":0}}
{"op_code":4,"worker_id":"4163d7ae-0e91-4770-af5d-b420f69a7577-140038262534272","study_id":0,"datetime_start":"2026-06-05T15:20:25.495612"}
{"op_code":5,"worker_id":"05b1aa71-3198-4dc5-8e1d-d3f63aef5967-139814202810496","trial_id":6,"param_name":"JointSlopeAngle","param_value_internal":0.9703226003634245,"distribution":"{\"name\": \"FloatDistribution\", \"attributes\": {\"step\": null, \"low\": 0.17453292519943295, \"high\": 1.0471975511965976, \"log\": false}}"}
{"op_code":5,"worker_id":"b4083449-2efe-415f-ac98-d0b00156e30d-140445561180288","trial_id":5,"param_name":"CavityCorkThickness","param_value_internal":2.91741398480014,"distribution":"{\"name\": \"FloatDistribution\", \"attributes\": {\"step\": null, \"low\": 2.0, \"high\": 5.0, \"log\": false}}"}
{"op_code":9,"worker_id":"4163d7ae-0e91-4770-af5d-b420f69a7577-140038262534272","trial_id":7,"system_attr":{"nsga2:generation":0}}
{"op_code":5,"worker_id":"b4083449-2efe-415f-ac98-d0b00156e30d-140445561180288","trial_id":5,"param_name":"BellowHeight","param_value_internal":9.256263506440122,"distribution":"{\"name\": \"FloatDistribution\", \"attributes\": {\"step\": null, \"low\": 6.0, \"high\": 10.0, \"log\": false}}"}
{"op_code":5,"worker_id":"4163d7ae-0e91-4770-af5d-b420f69a7577-140038262534272","trial_id":7,"param_name":"JointSlopeAngle","param_value_internal":0.888809935743795,"distribution":"{\"name\": \"FloatDistribution\", \"attributes\": {\"step\": null, \"low\": 0.17453292519943295, \"high\": 1.0471975511965976, \"log\": false}}"}
{"op_code":5,"worker_id":"b4083449-2efe-415f-ac98-d0b00156e30d-140445561180288","trial_id":5,"param_name":"WallThickness","param_value_internal":3.3015432970369547,"distribution":"{\"name\": \"FloatDistribution\", \"attributes\": {\"step\": null, \"low\": 2.0, \"high\": 4.0, \"log\": false}}"}
{"op_code":5,"worker_id":"4163d7ae-0e91-4770-af5d-b420f69a7577-140038262534272","trial_id":7,"param_name":"OuterRadius","param_value_internal":8.889677829931122,"distribution":"{\"name\": \"FloatDistribution\", \"attributes\": {\"step\": null, \"low\": 8.75, \"high\": 17.75, \"log\": false}}"}
{"op_code":5,"worker_id":"b4083449-2efe-415f-ac98-d0b00156e30d-140445561180288","trial_id":5,"param_name":"PlateauHeight","param_value_internal":3.068604155338208,"distribution":"{\"name\": \"FloatDistribution\", \"attributes\": {\"step\": null, \"low\": 2.0, \"high\": 4.0, \"log\": false}}"}
{"op_code":5,"worker_id":"4163d7ae-0e91-4770-af5d-b420f69a7577-140038262534272","trial_id":7,"param_name":"JointHeight","param_value_internal":6.102036961065444,"distribution":"{\"name\": \"FloatDistribution\", \"attributes\": {\"step\": null, \"low\": 5.0, \"high\": 8.0, \"log\": false}}"}
{"op_code":5,"worker_id":"4163d7ae-0e91-4770-af5d-b420f69a7577-140038262534272","trial_id":7,"param_name":"CavityCorkThickness","param_value_internal":2.686985806440457,"distribution":"{\"name\": \"FloatDistribution\", \"attributes\": {\"step\": null, \"low\": 2.0, \"high\": 5.0, \"log\": false}}"}
{"op_code":5,"worker_id":"4163d7ae-0e91-4770-af5d-b420f69a7577-140038262534272","trial_id":7,"param_name":"BellowHeight","param_value_internal":8.230296295433186,"distribution":"{\"name\": \"FloatDistribution\", \"attributes\": {\"step\": null, \"low\": 6.0, \"high\": 10.0, \"log\": false}}"}
{"op_code":5,"worker_id":"4163d7ae-0e91-4770-af5d-b420f69a7577-140038262534272","trial_id":7,"param_name":"WallThickness","param_value_internal":3.7794969977541406,"distribution":"{\"name\": \"FloatDistribution\", \"attributes\": {\"step\": null, \"low\": 2.0, \"high\": 4.0, \"log\": false}}"}
{"op_code":5,"worker_id":"4163d7ae-0e91-4770-af5d-b420f69a7577-140038262534272","trial_id":7,"param_name":"PlateauHeight","param_value_internal":3.6622630784419195,"distribution":"{\"name\": \"FloatDistribution\", \"attributes\": {\"step\": null, \"low\": 2.0, \"high\": 4.0, \"log\": false}}"}
{"op_code":5,"worker_id":"88407e63-dd21-4ee2-91e3-9c0079baf8f2-139734788055168","trial_id":3,"param_name":"PlateauHeight","param_value_internal":2.4350079089618686,"distribution":"{\"name\": \"FloatDistribution\", \"attributes\": {\"step\": null, \"low\": 2.0, \"high\": 4.0, \"log\": false}}"}
{"op_code":0,"worker_id":"cbb72291-b3d3-4a27-a4e1-b734c4eb077f-140656881606784","study_name":"SensorFinger_4_optuna_evolutionary","directions":[2,2]}
{"op_code":0,"worker_id":"cbb72291-b3d3-4a27-a4e1-b734c4eb077f-140656881606784","study_name":"SensorFinger_4_optuna_evolutionary","directions":[2,2]}
{"op_code":4,"worker_id":"cbb72291-b3d3-4a27-a4e1-b734c4eb077f-140656881606784","study_id":0,"datetime_start":"2026-06-05T15:20:25.629087"}
{"op_code":5,"worker_id":"05b1aa71-3198-4dc5-8e1d-d3f63aef5967-139814202810496","trial_id":6,"param_name":"OuterRadius","param_value_internal":10.933411163717683,"distribution":"{\"name\": \"FloatDistribution\", \"attributes\": {\"step\": null, \"low\": 8.75, \"high\": 17.75, \"log\": false}}"}
{"op_code":9,"worker_id":"cbb72291-b3d3-4a27-a4e1-b734c4eb077f-140656881606784","trial_id":8,"system_attr":{"nsga2:generation":0}}
{"op_code":5,"worker_id":"05b1aa71-3198-4dc5-8e1d-d3f63aef5967-139814202810496","trial_id":6,"param_name":"JointHeight","param_value_internal":6.175812667827911,"distribution":"{\"name\": \"FloatDistribution\", \"attributes\": {\"step\": null, \"low\": 5.0, \"high\": 8.0, \"log\": false}}"}
{"op_code":5,"worker_id":"cbb72291-b3d3-4a27-a4e1-b734c4eb077f-140656881606784","trial_id":8,"param_name":"JointSlopeAngle","param_value_internal":0.7176199442038792,"distribution":"{\"name\": \"FloatDistribution\", \"attributes\": {\"step\": null, \"low\": 0.17453292519943295, \"high\": 1.0471975511965976, \"log\": false}}"}
{"op_code":5,"worker_id":"05b1aa71-3198-4dc5-8e1d-d3f63aef5967-139814202810496","trial_id":6,"param_name":"CavityCorkThickness","param_value_internal":2.7786275010992134,"distribution":"{\"name\": \"FloatDistribution\", \"attributes\": {\"step\": null, \"low\": 2.0, \"high\": 5.0, \"log\": false}}"}
{"op_code":5,"worker_id":"cbb72291-b3d3-4a27-a4e1-b734c4eb077f-140656881606784","trial_id":8,"param_name":"OuterRadius","param_value_internal":16.67909504686173,"distribution":"{\"name\": \"FloatDistribution\", \"attributes\": {\"step\": null, \"low\": 8.75, \"high\": 17.75, \"log\": false}}"}
{"op_code":5,"worker_id":"21ce5292-8bb3-4a5e-91d8-c7aac74ec9c1-140218492825728","trial_id":2,"param_name":"BellowHeight","param_value_internal":9.344318582606444,"distribution":"{\"name\": \"FloatDistribution\", \"attributes\": {\"step\": null, \"low\": 6.0, \"high\": 10.0, \"log\": false}}"}
{"op_code":5,"worker_id":"05b1aa71-3198-4dc5-8e1d-d3f63aef5967-139814202810496","trial_id":6,"param_name":"BellowHeight","param_value_internal":6.368995437933851,"distribution":"{\"name\": \"FloatDistribution\", \"attributes\": {\"step\": null, \"low\": 6.0, \"high\": 10.0, \"log\": false}}"}
{"op_code":5,"worker_id":"21ce5292-8bb3-4a5e-91d8-c7aac74ec9c1-140218492825728","trial_id":2,"param_name":"WallThickness","param_value_internal":2.3543959993572363,"distribution":"{\"name\": \"FloatDistribution\", \"attributes\": {\"step\": null, \"low\": 2.0, \"high\": 4.0, \"log\": false}}"}
{"op_code":5,"worker_id":"05b1aa71-3198-4dc5-8e1d-d3f63aef5967-139814202810496","trial_id":6,"param_name":"WallThickness","param_value_internal":3.1667160547652102,"distribution":"{\"name\": \"FloatDistribution\", \"attributes\": {\"step\": null, \"low\": 2.0, \"high\": 4.0, \"log\": false}}"}
{"op_code":5,"worker_id":"21ce5292-8bb3-4a5e-91d8-c7aac74ec9c1-140218492825728","trial_id":2,"param_name":"PlateauHeight","param_value_internal":2.4379224587237673,"distribution":"{\"name\": \"FloatDistribution\", \"attributes\": {\"step\": null, \"low\": 2.0, \"high\": 4.0, \"log\": false}}"}
{"op_code":5,"worker_id":"05b1aa71-3198-4dc5-8e1d-d3f63aef5967-139814202810496","trial_id":6,"param_name":"PlateauHeight","param_value_internal":2.3361783404935137,"distribution":"{\"name\": \"FloatDistribution\", \"attributes\": {\"step\": null, \"low\": 2.0, \"high\": 4.0, \"log\": false}}"}
{"op_code":5,"worker_id":"cbb72291-b3d3-4a27-a4e1-b734c4eb077f-140656881606784","trial_id":8,"param_name":"JointHeight","param_value_internal":7.918251237143934,"distribution":"{\"name\": \"FloatDistribution\", \"attributes\": {\"step\": null, \"low\": 5.0, \"high\": 8.0, \"log\": false}}"}
{"op_code":5,"worker_id":"cbb72291-b3d3-4a27-a4e1-b734c4eb077f-140656881606784","trial_id":8,"param_name":"CavityCorkThickness","param_value_internal":4.881383454304816,"distribution":"{\"name\": \"FloatDistribution\", \"attributes\": {\"step\": null, \"low\": 2.0, \"high\": 5.0, \"log\": false}}"}
{"op_code":5,"worker_id":"cbb72291-b3d3-4a27-a4e1-b734c4eb077f-140656881606784","trial_id":8,"param_name":"BellowHeight","param_value_internal":7.5756353361812545,"distribution":"{\"name\": \"FloatDistribution\", \"attributes\": {\"step\": null, \"low\": 6.0, \"high\": 10.0, \"log\": false}}"}
{"op_code":5,"worker_id":"cbb72291-b3d3-4a27-a4e1-b734c4eb077f-140656881606784","trial_id":8,"param_name":"WallThickness","param_value_internal":3.9991024189896143,"distribution":"{\"name\": \"FloatDistribution\", \"attributes\": {\"step\": null, \"low\": 2.0, \"high\": 4.0, \"log\": false}}"}
{"op_code":5,"worker_id":"cbb72291-b3d3-4a27-a4e1-b734c4eb077f-140656881606784","trial_id":8,"param_name":"PlateauHeight","param_value_internal":2.268890580108609,"distribution":"{\"name\": \"FloatDistribution\", \"attributes\": {\"step\": null, \"low\": 2.0, \"high\": 4.0, \"log\": false}}"}
{"op_code":5,"worker_id":"e332a2ce-d408-411c-bab0-345a07a73229-139705794506880","trial_id":1,"param_name":"BellowHeight","param_value_internal":8.646750137046254,"distribution":"{\"name\": \"FloatDistribution\", \"attributes\": {\"step\": null, \"low\": 6.0, \"high\": 10.0, \"log\": false}}"}
{"op_code":0,"worker_id":"3f3be94b-2d6e-4c70-ac4b-7ac0b4c083f7-139957565182080","study_name":"SensorFinger_4_optuna_evolutionary","directions":[2,2]}
{"op_code":5,"worker_id":"e332a2ce-d408-411c-bab0-345a07a73229-139705794506880","trial_id":1,"param_name":"WallThickness","param_value_internal":2.364393154654554,"distribution":"{\"name\": \"FloatDistribution\", \"attributes\": {\"step\": null, \"low\": 2.0, \"high\": 4.0, \"log\": false}}"}
{"op_code":5,"worker_id":"e332a2ce-d408-411c-bab0-345a07a73229-139705794506880","trial_id":1,"param_name":"PlateauHeight","param_value_internal":3.825478162318264,"distribution":"{\"name\": \"FloatDistribution\", \"attributes\": {\"step\": null, \"low\": 2.0, \"high\": 4.0, \"log\": false}}"}
{"op_code":4,"worker_id":"3f3be94b-2d6e-4c70-ac4b-7ac0b4c083f7-139957565182080","study_id":0,"datetime_start":"2026-06-05T15:20:25.895051"}
{"op_code":9,"worker_id":"3f3be94b-2d6e-4c70-ac4b-7ac0b4c083f7-139957565182080","trial_id":9,"system_attr":{"nsga2:generation":0}}
{"op_code":5,"worker_id":"3f3be94b-2d6e-4c70-ac4b-7ac0b4c083f7-139957565182080","trial_id":9,"param_name":"JointSlopeAngle","param_value_internal":0.31469655396416857,"distribution":"{\"name\": \"FloatDistribution\", \"attributes\": {\"step\": null, \"low\": 0.17453292519943295, \"high\": 1.0471975511965976, \"log\": false}}"}
{"op_code":5,"worker_id":"3f3be94b-2d6e-4c70-ac4b-7ac0b4c083f7-139957565182080","trial_id":9,"param_name":"OuterRadius","param_value_internal":14.01151174594033,"distribution":"{\"name\": \"FloatDistribution\", \"attributes\": {\"step\": null, \"low\": 8.75, \"high\": 17.75, \"log\": false}}"}
{"op_code":5,"worker_id":"3f3be94b-2d6e-4c70-ac4b-7ac0b4c083f7-139957565182080","trial_id":9,"param_name":"JointHeight","param_value_internal":7.371961091309114,"distribution":"{\"name\": \"FloatDistribution\", \"attributes\": {\"step\": null, \"low\": 5.0, \"high\": 8.0, \"log\": false}}"}
{"op_code":5,"worker_id":"3f3be94b-2d6e-4c70-ac4b-7ac0b4c083f7-139957565182080","trial_id":9,"param_name":"CavityCorkThickness","param_value_internal":4.121502005465722,"distribution":"{\"name\": \"FloatDistribution\", \"attributes\": {\"step\": null, \"low\": 2.0, \"high\": 5.0, \"log\": false}}"}
{"op_code":5,"worker_id":"3f3be94b-2d6e-4c70-ac4b-7ac0b4c083f7-139957565182080","trial_id":9,"param_name":"BellowHeight","param_value_internal":9.773072595414824,"distribution":"{\"name\": \"FloatDistribution\", \"attributes\": {\"step\": null, \"low\": 6.0, \"high\": 10.0, \"log\": false}}"}
{"op_code":5,"worker_id":"3f3be94b-2d6e-4c70-ac4b-7ac0b4c083f7-139957565182080","trial_id":9,"param_name":"WallThickness","param_value_internal":3.756858484664315,"distribution":"{\"name\": \"FloatDistribution\", \"attributes\": {\"step\": null, \"low\": 2.0, \"high\": 4.0, \"log\": false}}"}
{"op_code":5,"worker_id":"3f3be94b-2d6e-4c70-ac4b-7ac0b4c083f7-139957565182080","trial_id":9,"param_name":"PlateauHeight","param_value_internal":2.117860128098968,"distribution":"{\"name\": \"FloatDistribution\", \"attributes\": {\"step\": null, \"low\": 2.0, \"high\": 4.0, \"log\": false}}"}
{"op_code":9,"worker_id":"280985d5-349a-42af-891d-38016dff767b-140105724219520","trial_id":4,"system_attr":{"nsga2:generation":0}}
{"op_code":5,"worker_id":"280985d5-349a-42af-891d-38016dff767b-140105724219520","trial_id":4,"param_name":"JointSlopeAngle","param_value_internal":0.990582627664685,"distribution":"{\"name\": \"FloatDistribution\", \"attributes\": {\"step\": null, \"low\": 0.17453292519943295, \"high\": 1.0471975511965976, \"log\": false}}"}
{"op_code":5,"worker_id":"280985d5-349a-42af-891d-38016dff767b-140105724219520","trial_id":4,"param_name":"OuterRadius","param_value_internal":16.70317208670665,"distribution":"{\"name\": \"FloatDistribution\", \"attributes\": {\"step\": null, \"low\": 8.75, \"high\": 17.75, \"log\": false}}"}
{"op_code":5,"worker_id":"280985d5-349a-42af-891d-38016dff767b-140105724219520","trial_id":4,"param_name":"JointHeight","param_value_internal":6.041691675036681,"distribution":"{\"name\": \"FloatDistribution\", \"attributes\": {\"step\": null, \"low\": 5.0, \"high\": 8.0, \"log\": false}}"}
{"op_code":5,"worker_id":"280985d5-349a-42af-891d-38016dff767b-140105724219520","trial_id":4,"param_name":"CavityCorkThickness","param_value_internal":4.0521312433324885,"distribution":"{\"name\": \"FloatDistribution\", \"attributes\": {\"step\": null, \"low\": 2.0, \"high\": 5.0, \"log\": false}}"}
{"op_code":5,"worker_id":"280985d5-349a-42af-891d-38016dff767b-140105724219520","trial_id":4,"param_name":"BellowHeight","param_value_internal":9.755493018882042,"distribution":"{\"name\": \"FloatDistribution\", \"attributes\": {\"step\": null, \"low\": 6.0, \"high\": 10.0, \"log\": false}}"}
{"op_code":5,"worker_id":"280985d5-349a-42af-891d-38016dff767b-140105724219520","trial_id":4,"param_name":"WallThickness","param_value_internal":3.083936934142802,"distribution":"{\"name\": \"FloatDistribution\", \"attributes\": {\"step\": null, \"low\": 2.0, \"high\": 4.0, \"log\": false}}"}
{"op_code":5,"worker_id":"280985d5-349a-42af-891d-38016dff767b-140105724219520","trial_id":4,"param_name":"PlateauHeight","param_value_internal":2.3039793030670577,"distribution":"{\"name\": \"FloatDistribution\", \"attributes\": {\"step\": null, \"low\": 2.0, \"high\": 4.0, \"log\": false}}"}
{"op_code":6,"worker_id":"f9bee2ed-99f0-466c-b576-77f86b4754b6-140517316042880","trial_id":0,"state":1,"values":[-Infinity,-Infinity],"datetime_complete":"2026-06-05T15:20:28.223694"}
{"op_code":4,"worker_id":"f9bee2ed-99f0-466c-b576-77f86b4754b6-140517316042880","study_id":0,"datetime_start":"2026-06-05T15:20:28.234442"}
{"op_code":9,"worker_id":"f9bee2ed-99f0-466c-b576-77f86b4754b6-140517316042880","trial_id":10,"system_attr":{"nsga2:generation":0}}
{"op_code":5,"worker_id":"f9bee2ed-99f0-466c-b576-77f86b4754b6-140517316042880","trial_id":10,"param_name":"JointSlopeAngle","param_value_internal":0.6803346440080225,"distribution":"{\"name\": \"FloatDistribution\", \"attributes\": {\"step\": null, \"low\": 0.17453292519943295, \"high\": 1.0471975511965976, \"log\": false}}"}
{"op_code":5,"worker_id":"f9bee2ed-99f0-466c-b576-77f86b4754b6-140517316042880","trial_id":10,"param_name":"OuterRadius","param_value_internal":14.803096112687491,"distribution":"{\"name\": \"FloatDistribution\", \"attributes\": {\"step\": null, \"low\": 8.75, \"high\": 17.75, \"log\": false}}"}
{"op_code":5,"worker_id":"f9bee2ed-99f0-466c-b576-77f86b4754b6-140517316042880","trial_id":10,"param_name":"JointHeight","param_value_internal":5.374399809410122,"distribution":"{\"name\": \"FloatDistribution\", \"attributes\": {\"step\": null, \"low\": 5.0, \"high\": 8.0, \"log\": false}}"}
{"op_code":5,"worker_id":"f9bee2ed-99f0-466c-b576-77f86b4754b6-140517316042880","trial_id":10,"param_name":"CavityCorkThickness","param_value_internal":3.037826454751787,"distribution":"{\"name\": \"FloatDistribution\", \"attributes\": {\"step\": null, \"low\": 2.0, \"high\": 5.0, \"log\": false}}"}
{"op_code":5,"worker_id":"f9bee2ed-99f0-466c-b576-77f86b4754b6-140517316042880","trial_id":10,"param_name":"BellowHeight","param_value_internal":8.643435471035952,"distribution":"{\"name\": \"FloatDistribution\", \"attributes\": {\"step\": null, \"low\": 6.0, \"high\": 10.0, \"log\": false}}"}
{"op_code":5,"worker_id":"f9bee2ed-99f0-466c-b576-77f86b4754b6-140517316042880","trial_id":10,"param_name":"WallThickness","param_value_internal":2.479442745816366,"distribution":"{\"name\": \"FloatDistribution\", \"attributes\": {\"step\": null, \"low\": 2.0, \"high\": 4.0, \"log\": false}}"}
{"op_code":5,"worker_id":"f9bee2ed-99f0-466c-b576-77f86b4754b6-140517316042880","trial_id":10,"param_name":"PlateauHeight","param_value_internal":2.143438601701965,"distribution":"{\"name\": \"FloatDistribution\", \"attributes\": {\"step\": null, \"low\": 2.0, \"high\": 4.0, \"log\": false}}"}
{"op_code":6,"worker_id":"b4083449-2efe-415f-ac98-d0b00156e30d-140445561180288","trial_id":5,"state":1,"values":[-Infinity,-Infinity],"datetime_complete":"2026-06-05T15:20:28.326395"}
{"op_code":4,"worker_id":"b4083449-2efe-415f-ac98-d0b00156e30d-140445561180288","study_id":0,"datetime_start":"2026-06-05T15:20:28.337145"}
{"op_code":9,"worker_id":"b4083449-2efe-415f-ac98-d0b00156e30d-140445561180288","trial_id":11,"system_attr":{"nsga2:generation":0}}
{"op_code":5,"worker_id":"b4083449-2efe-415f-ac98-d0b00156e30d-140445561180288","trial_id":11,"param_name":"JointSlopeAngle","param_value_internal":0.27804940047782706,"distribution":"{\"name\": \"FloatDistribution\", \"attributes\": {\"step\": null, \"low\": 0.17453292519943295, \"high\": 1.0471975511965976, \"log\": false}}"}
{"op_code":5,"worker_id":"b4083449-2efe-415f-ac98-d0b00156e30d-140445561180288","trial_id":11,"param_name":"OuterRadius","param_value_internal":12.288850393543088,"distribution":"{\"name\": \"FloatDistribution\", \"attributes\": {\"step\": null, \"low\": 8.75, \"high\": 17.75, \"log\": false}}"}
{"op_code":5,"worker_id":"b4083449-2efe-415f-ac98-d0b00156e30d-140445561180288","trial_id":11,"param_name":"JointHeight","param_value_internal":5.61076016531319,"distribution":"{\"name\": \"FloatDistribution\", \"attributes\": {\"step\": null, \"low\": 5.0, \"high\": 8.0, \"log\": false}}"}
{"op_code":5,"worker_id":"b4083449-2efe-415f-ac98-d0b00156e30d-140445561180288","trial_id":11,"param_name":"CavityCorkThickness","param_value_internal":3.4518609998513177,"distribution":"{\"name\": \"FloatDistribution\", \"attributes\": {\"step\": null, \"low\": 2.0, \"high\": 5.0, \"log\": false}}"}
{"op_code":5,"worker_id":"b4083449-2efe-415f-ac98-d0b00156e30d-140445561180288","trial_id":11,"param_name":"BellowHeight","param_value_internal":6.933944490286876,"distribution":"{\"name\": \"FloatDistribution\", \"attributes\": {\"step\": null, \"low\": 6.0, \"high\": 10.0, \"log\": false}}"}
{"op_code":5,"worker_id":"b4083449-2efe-415f-ac98-d0b00156e30d-140445561180288","trial_id":11,"param_name":"WallThickness","param_value_internal":3.270668369583022,"distribution":"{\"name\": \"FloatDistribution\", \"attributes\": {\"step\": null, \"low\": 2.0, \"high\": 4.0, \"log\": false}}"}
{"op_code":5,"worker_id":"b4083449-2efe-415f-ac98-d0b00156e30d-140445561180288","trial_id":11,"param_name":"PlateauHeight","param_value_internal":3.605657877726181,"distribution":"{\"name\": \"FloatDistribution\", \"attributes\": {\"step\": null, \"low\": 2.0, \"high\": 4.0, \"log\": false}}"}
{"op_code":6,"worker_id":"88407e63-dd21-4ee2-91e3-9c0079baf8f2-139734788055168","trial_id":3,"state":1,"values":[-Infinity,-Infinity],"datetime_complete":"2026-06-05T15:20:28.469373"}
{"op_code":4,"worker_id":"88407e63-dd21-4ee2-91e3-9c0079baf8f2-139734788055168","study_id":0,"datetime_start":"2026-06-05T15:20:28.480222"}
{"op_code":9,"worker_id":"88407e63-dd21-4ee2-91e3-9c0079baf8f2-139734788055168","trial_id":12,"system_attr":{"nsga2:generation":0}}
{"op_code":5,"worker_id":"88407e63-dd21-4ee2-91e3-9c0079baf8f2-139734788055168","trial_id":12,"param_name":"JointSlopeAngle","param_value_internal":0.9733153461942683,"distribution":"{\"name\": \"FloatDistribution\", \"attributes\": {\"step\": null, \"low\": 0.17453292519943295, \"high\": 1.0471975511965976, \"log\": false}}"}
{"op_code":5,"worker_id":"88407e63-dd21-4ee2-91e3-9c0079baf8f2-139734788055168","trial_id":12,"param_name":"OuterRadius","param_value_internal":16.870440503598722,"distribution":"{\"name\": \"FloatDistribution\", \"attributes\": {\"step\": null, \"low\": 8.75, \"high\": 17.75, \"log\": false}}"}
{"op_code":5,"worker_id":"88407e63-dd21-4ee2-91e3-9c0079baf8f2-139734788055168","trial_id":12,"param_name":"JointHeight","param_value_internal":6.793647498259438,"distribution":"{\"name\": \"FloatDistribution\", \"attributes\": {\"step\": null, \"low\": 5.0, \"high\": 8.0, \"log\": false}}"}
{"op_code":5,"worker_id":"88407e63-dd21-4ee2-91e3-9c0079baf8f2-139734788055168","trial_id":12,"param_name":"CavityCorkThickness","param_value_internal":3.2431676590266956,"distribution":"{\"name\": \"FloatDistribution\", \"attributes\": {\"step\": null, \"low\": 2.0, \"high\": 5.0, \"log\": false}}"}
{"op_code":5,"worker_id":"88407e63-dd21-4ee2-91e3-9c0079baf8f2-139734788055168","trial_id":12,"param_name":"BellowHeight","param_value_internal":8.928546686454522,"distribution":"{\"name\": \"FloatDistribution\", \"attributes\": {\"step\": null, \"low\": 6.0, \"high\": 10.0, \"log\": false}}"}
{"op_code":5,"worker_id":"88407e63-dd21-4ee2-91e3-9c0079baf8f2-139734788055168","trial_id":12,"param_name":"WallThickness","param_value_internal":2.7686723463064737,"distribution":"{\"name\": \"FloatDistribution\", \"attributes\": {\"step\": null, \"low\": 2.0, \"high\": 4.0, \"log\": false}}"}
{"op_code":5,"worker_id":"88407e63-dd21-4ee2-91e3-9c0079baf8f2-139734788055168","trial_id":12,"param_name":"PlateauHeight","param_value_internal":2.4644596980186018,"distribution":"{\"name\": \"FloatDistribution\", \"attributes\": {\"step\": null, \"low\": 2.0, \"high\": 4.0, \"log\": false}}"}
{"op_code":6,"worker_id":"4163d7ae-0e91-4770-af5d-b420f69a7577-140038262534272","trial_id":7,"state":1,"values":[-Infinity,-Infinity],"datetime_complete":"2026-06-05T15:20:28.557793"}
{"op_code":4,"worker_id":"4163d7ae-0e91-4770-af5d-b420f69a7577-140038262534272","study_id":0,"datetime_start":"2026-06-05T15:20:28.567598"}
{"op_code":9,"worker_id":"4163d7ae-0e91-4770-af5d-b420f69a7577-140038262534272","trial_id":13,"system_attr":{"nsga2:generation":0}}
{"op_code":5,"worker_id":"4163d7ae-0e91-4770-af5d-b420f69a7577-140038262534272","trial_id":13,"param_name":"JointSlopeAngle","param_value_internal":0.6177868512118603,"distribution":"{\"name\": \"FloatDistribution\", \"attributes\": {\"step\": null, \"low\": 0.17453292519943295, \"high\": 1.0471975511965976, \"log\": false}}"}
{"op_code":5,"worker_id":"4163d7ae-0e91-4770-af5d-b420f69a7577-140038262534272","trial_id":13,"param_name":"OuterRadius","param_value_internal":11.903357796358069,"distribution":"{\"name\": \"FloatDistribution\", \"attributes\": {\"step\": null, \"low\": 8.75, \"high\": 17.75, \"log\": false}}"}
{"op_code":5,"worker_id":"4163d7ae-0e91-4770-af5d-b420f69a7577-140038262534272","trial_id":13,"param_name":"JointHeight","param_value_internal":7.289718886660623,"distribution":"{\"name\": \"FloatDistribution\", \"attributes\": {\"step\": null, \"low\": 5.0, \"high\": 8.0, \"log\": false}}"}
{"op_code":5,"worker_id":"4163d7ae-0e91-4770-af5d-b420f69a7577-140038262534272","trial_id":13,"param_name":"CavityCorkThickness","param_value_internal":4.261217302303719,"distribution":"{\"name\": \"FloatDistribution\", \"attributes\": {\"step\": null, \"low\": 2.0, \"high\": 5.0, \"log\": false}}"}
{"op_code":5,"worker_id":"4163d7ae-0e91-4770-af5d-b420f69a7577-140038262534272","trial_id":13,"param_name":"BellowHeight","param_value_internal":6.050318854967197,"distribution":"{\"name\": \"FloatDistribution\", \"attributes\": {\"step\": null, \"low\": 6.0, \"high\": 10.0, \"log\": false}}"}
{"op_code":5,"worker_id":"4163d7ae-0e91-4770-af5d-b420f69a7577-140038262534272","trial_id":13,"param_name":"WallThickness","param_value_internal":2.445581090193758,"distribution":"{\"name\": \"FloatDistribution\", \"attributes\": {\"step\": null, \"low\": 2.0, \"high\": 4.0, \"log\": false}}"}
{"op_code":5,"worker_id":"4163d7ae-0e91-4770-af5d-b420f69a7577-140038262534272","trial_id":13,"param_name":"PlateauHeight","param_value_internal":2.4550866843918975,"distribution":"{\"name\": \"FloatDistribution\", \"attributes\": {\"step\": null, \"low\": 2.0, \"high\": 4.0, \"log\": false}}"}
{"op_code":6,"worker_id":"05b1aa71-3198-4dc5-8e1d-d3f63aef5967-139814202810496","trial_id":6,"state":1,"values":[-Infinity,-Infinity],"datetime_complete":"2026-06-05T15:20:28.645782"}
{"op_code":6,"worker_id":"cbb72291-b3d3-4a27-a4e1-b734c4eb077f-140656881606784","trial_id":8,"state":1,"values":[-Infinity,-Infinity],"datetime_complete":"2026-06-05T15:20:28.654398"}
{"op_code":4,"worker_id":"05b1aa71-3198-4dc5-8e1d-d3f63aef5967-139814202810496","study_id":0,"datetime_start":"2026-06-05T15:20:28.656633"}
{"op_code":4,"worker_id":"cbb72291-b3d3-4a27-a4e1-b734c4eb077f-140656881606784","study_id":0,"datetime_start":"2026-06-05T15:20:28.665526"}
{"op_code":9,"worker_id":"05b1aa71-3198-4dc5-8e1d-d3f63aef5967-139814202810496","trial_id":14,"system_attr":{"nsga2:generation":0}}
{"op_code":5,"worker_id":"05b1aa71-3198-4dc5-8e1d-d3f63aef5967-139814202810496","trial_id":14,"param_name":"JointSlopeAngle","param_value_internal":0.9887281362066893,"distribution":"{\"name\": \"FloatDistribution\", \"attributes\": {\"step\": null, \"low\": 0.17453292519943295, \"high\": 1.0471975511965976, \"log\": false}}"}
{"op_code":9,"worker_id":"cbb72291-b3d3-4a27-a4e1-b734c4eb077f-140656881606784","trial_id":15,"system_attr":{"nsga2:generation":0}}
{"op_code":5,"worker_id":"05b1aa71-3198-4dc5-8e1d-d3f63aef5967-139814202810496","trial_id":14,"param_name":"OuterRadius","param_value_internal":13.379405431316373,"distribution":"{\"name\": \"FloatDistribution\", \"attributes\": {\"step\": null, \"low\": 8.75, \"high\": 17.75, \"log\": false}}"}
{"op_code":5,"worker_id":"cbb72291-b3d3-4a27-a4e1-b734c4eb077f-140656881606784","trial_id":15,"param_name":"JointSlopeAngle","param_value_internal":0.20748462348666338,"distribution":"{\"name\": \"FloatDistribution\", \"attributes\": {\"step\": null, \"low\": 0.17453292519943295, \"high\": 1.0471975511965976, \"log\": false}}"}
{"op_code":5,"worker_id":"05b1aa71-3198-4dc5-8e1d-d3f63aef5967-139814202810496","trial_id":14,"param_name":"JointHeight","param_value_internal":6.866839287304462,"distribution":"{\"name\": \"FloatDistribution\", \"attributes\": {\"step\": null, \"low\": 5.0, \"high\": 8.0, \"log\": false}}"}
{"op_code":5,"worker_id":"cbb72291-b3d3-4a27-a4e1-b734c4eb077f-140656881606784","trial_id":15,"param_name":"OuterRadius","param_value_internal":12.902464161020685,"distribution":"{\"name\": \"FloatDistribution\", \"attributes\": {\"step\": null, \"low\": 8.75, \"high\": 17.75, \"log\": false}}"}
{"op_code":5,"worker_id":"05b1aa71-3198-4dc5-8e1d-d3f63aef5967-139814202810496","trial_id":14,"param_name":"CavityCorkThickness","param_value_internal":4.58524000104461,"distribution":"{\"name\": \"FloatDistribution\", \"attributes\": {\"step\": null, \"low\": 2.0, \"high\": 5.0, \"log\": false}}"}
{"op_code":5,"worker_id":"cbb72291-b3d3-4a27-a4e1-b734c4eb077f-140656881606784","trial_id":15,"param_name":"JointHeight","param_value_internal":7.194416792717327,"distribution":"{\"name\": \"FloatDistribution\", \"attributes\": {\"step\": null, \"low\": 5.0, \"high\": 8.0, \"log\": false}}"}
{"op_code":5,"worker_id":"05b1aa71-3198-4dc5-8e1d-d3f63aef5967-139814202810496","trial_id":14,"param_name":"BellowHeight","param_value_internal":8.996162296638264,"distribution":"{\"name\": \"FloatDistribution\", \"attributes\": {\"step\": null, \"low\": 6.0, \"high\": 10.0, \"log\": false}}"}
{"op_code":5,"worker_id":"cbb72291-b3d3-4a27-a4e1-b734c4eb077f-140656881606784","trial_id":15,"param_name":"CavityCorkThickness","param_value_internal":3.7951179601668925,"distribution":"{\"name\": \"FloatDistribution\", \"attributes\": {\"step\": null, \"low\": 2.0, \"high\": 5.0, \"log\": false}}"}
{"op_code":5,"worker_id":"cbb72291-b3d3-4a27-a4e1-b734c4eb077f-140656881606784","trial_id":15,"param_name":"BellowHeight","param_value_internal":6.0012803951049065,"distribution":"{\"name\": \"FloatDistribution\", \"attributes\": {\"step\": null, \"low\": 6.0, \"high\": 10.0, \"log\": false}}"}
{"op_code":6,"worker_id":"21ce5292-8bb3-4a5e-91d8-c7aac74ec9c1-140218492825728","trial_id":2,"state":1,"values":[-Infinity,-Infinity],"datetime_complete":"2026-06-05T15:20:28.723896"}
{"op_code":5,"worker_id":"cbb72291-b3d3-4a27-a4e1-b734c4eb077f-140656881606784","trial_id":15,"param_name":"WallThickness","param_value_internal":3.5623253843935423,"distribution":"{\"name\": \"FloatDistribution\", \"attributes\": {\"step\": null, \"low\": 2.0, \"high\": 4.0, \"log\": false}}"}
{"op_code":5,"worker_id":"cbb72291-b3d3-4a27-a4e1-b734c4eb077f-140656881606784","trial_id":15,"param_name":"PlateauHeight","param_value_internal":3.006278388441121,"distribution":"{\"name\": \"FloatDistribution\", \"attributes\": {\"step\": null, \"low\": 2.0, \"high\": 4.0, \"log\": false}}"}
{"op_code":4,"worker_id":"21ce5292-8bb3-4a5e-91d8-c7aac74ec9c1-140218492825728","study_id":0,"datetime_start":"2026-06-05T15:20:28.739916"}
{"op_code":5,"worker_id":"05b1aa71-3198-4dc5-8e1d-d3f63aef5967-139814202810496","trial_id":14,"param_name":"WallThickness","param_value_internal":3.7290552082962174,"distribution":"{\"name\": \"FloatDistribution\", \"attributes\": {\"step\": null, \"low\": 2.0, \"high\": 4.0, \"log\": false}}"}
{"op_code":9,"worker_id":"21ce5292-8bb3-4a5e-91d8-c7aac74ec9c1-140218492825728","trial_id":16,"system_attr":{"nsga2:generation":0}}
{"op_code":5,"worker_id":"05b1aa71-3198-4dc5-8e1d-d3f63aef5967-139814202810496","trial_id":14,"param_name":"PlateauHeight","param_value_internal":2.302351986098161,"distribution":"{\"name\": \"FloatDistribution\", \"attributes\": {\"step\": null, \"low\": 2.0, \"high\": 4.0, \"log\": false}}"}
{"op_code":5,"worker_id":"21ce5292-8bb3-4a5e-91d8-c7aac74ec9c1-140218492825728","trial_id":16,"param_name":"JointSlopeAngle","param_value_internal":0.9372747154227753,"distribution":"{\"name\": \"FloatDistribution\", \"attributes\": {\"step\": null, \"low\": 0.17453292519943295, \"high\": 1.0471975511965976, \"log\": false}}"}
{"op_code":5,"worker_id":"21ce5292-8bb3-4a5e-91d8-c7aac74ec9c1-140218492825728","trial_id":16,"param_name":"OuterRadius","param_value_internal":11.596892771575243,"distribution":"{\"name\": \"FloatDistribution\", \"attributes\": {\"step\": null, \"low\": 8.75, \"high\": 17.75, \"log\": false}}"}
{"op_code":5,"worker_id":"21ce5292-8bb3-4a5e-91d8-c7aac74ec9c1-140218492825728","trial_id":16,"param_name":"JointHeight","param_value_internal":5.0028569645590535,"distribution":"{\"name\": \"FloatDistribution\", \"attributes\": {\"step\": null, \"low\": 5.0, \"high\": 8.0, \"log\": false}}"}
{"op_code":5,"worker_id":"21ce5292-8bb3-4a5e-91d8-c7aac74ec9c1-140218492825728","trial_id":16,"param_name":"CavityCorkThickness","param_value_internal":2.6767987257593253,"distribution":"{\"name\": \"FloatDistribution\", \"attributes\": {\"step\": null, \"low\": 2.0, \"high\": 5.0, \"log\": false}}"}
{"op_code":5,"worker_id":"21ce5292-8bb3-4a5e-91d8-c7aac74ec9c1-140218492825728","trial_id":16,"param_name":"BellowHeight","param_value_internal":6.112102653982819,"distribution":"{\"name\": \"FloatDistribution\", \"attributes\": {\"step\": null, \"low\": 6.0, \"high\": 10.0, \"log\": false}}"}
{"op_code":6,"worker_id":"3f3be94b-2d6e-4c70-ac4b-7ac0b4c083f7-139957565182080","trial_id":9,"state":1,"values":[-Infinity,-Infinity],"datetime_complete":"2026-06-05T15:20:28.728832"}
{"op_code":5,"worker_id":"21ce5292-8bb3-4a5e-91d8-c7aac74ec9c1-140218492825728","trial_id":16,"param_name":"WallThickness","param_value_internal":3.966805742593051,"distribution":"{\"name\": \"FloatDistribution\", \"attributes\": {\"step\": null, \"low\": 2.0, \"high\": 4.0, \"log\": false}}"}
{"op_code":4,"worker_id":"3f3be94b-2d6e-4c70-ac4b-7ac0b4c083f7-139957565182080","study_id":0,"datetime_start":"2026-06-05T15:20:28.805923"}
{"op_code":5,"worker_id":"21ce5292-8bb3-4a5e-91d8-c7aac74ec9c1-140218492825728","trial_id":16,"param_name":"PlateauHeight","param_value_internal":3.4139806127983774,"distribution":"{\"name\": \"FloatDistribution\", \"attributes\": {\"step\": null, \"low\": 2.0, \"high\": 4.0, \"log\": false}}"}
{"op_code":9,"worker_id":"3f3be94b-2d6e-4c70-ac4b-7ac0b4c083f7-139957565182080","trial_id":17,"system_attr":{"nsga2:generation":0}}
{"op_code":6,"worker_id":"e332a2ce-d408-411c-bab0-345a07a73229-139705794506880","trial_id":1,"state":1,"values":[-Infinity,-Infinity],"datetime_complete":"2026-06-05T15:20:28.819235"}
{"op_code":5,"worker_id":"3f3be94b-2d6e-4c70-ac4b-7ac0b4c083f7-139957565182080","trial_id":17,"param_name":"JointSlopeAngle","param_value_internal":0.8955141766025938,"distribution":"{\"name\": \"FloatDistribution\", \"attributes\": {\"step\": null, \"low\": 0.17453292519943295, \"high\": 1.0471975511965976, \"log\": false}}"}
{"op_code":5,"worker_id":"3f3be94b-2d6e-4c70-ac4b-7ac0b4c083f7-139957565182080","trial_id":17,"param_name":"OuterRadius","param_value_internal":13.47157325830608,"distribution":"{\"name\": \"FloatDistribution\", \"attributes\": {\"step\": null, \"low\": 8.75, \"high\": 17.75, \"log\": false}}"}
{"op_code":4,"worker_id":"e332a2ce-d408-411c-bab0-345a07a73229-139705794506880","study_id":0,"datetime_start":"2026-06-05T15:20:28.832157"}
{"op_code":5,"worker_id":"3f3be94b-2d6e-4c70-ac4b-7ac0b4c083f7-139957565182080","trial_id":17,"param_name":"JointHeight","param_value_internal":7.770658338865616,"distribution":"{\"name\": \"FloatDistribution\", \"attributes\": {\"step\": null, \"low\": 5.0, \"high\": 8.0, \"log\": false}}"}
{"op_code":5,"worker_id":"3f3be94b-2d6e-4c70-ac4b-7ac0b4c083f7-139957565182080","trial_id":17,"param_name":"CavityCorkThickness","param_value_internal":2.102531616567283,"distribution":"{\"name\": \"FloatDistribution\", \"attributes\": {\"step\": null, \"low\": 2.0, \"high\": 5.0, \"log\": false}}"}
{"op_code":9,"worker_id":"e332a2ce-d408-411c-bab0-345a07a73229-139705794506880","trial_id":18,"system_attr":{"nsga2:generation":0}}
{"op_code":5,"worker_id":"3f3be94b-2d6e-4c70-ac4b-7ac0b4c083f7-139957565182080","trial_id":17,"param_name":"BellowHeight","param_value_internal":9.729793559393517,"distribution":"{\"name\": \"FloatDistribution\", \"attributes\": {\"step\": null, \"low\": 6.0, \"high\": 10.0, \"log\": false}}"}
{"op_code":5,"worker_id":"e332a2ce-d408-411c-bab0-345a07a73229-139705794506880","trial_id":18,"param_name":"JointSlopeAngle","param_value_internal":0.6847051928304733,"distribution":"{\"name\": \"FloatDistribution\", \"attributes\": {\"step\": null, \"low\": 0.17453292519943295, \"high\": 1.0471975511965976, \"log\": false}}"}
{"op_code":5,"worker_id":"3f3be94b-2d6e-4c70-ac4b-7ac0b4c083f7-139957565182080","trial_id":17,"param_name":"WallThickness","param_value_internal":3.061003654536664,"distribution":"{\"name\": \"FloatDistribution\", \"attributes\": {\"step\": null, \"low\": 2.0, \"high\": 4.0, \"log\": false}}"}
{"op_code":5,"worker_id":"e332a2ce-d408-411c-bab0-345a07a73229-139705794506880","trial_id":18,"param_name":"OuterRadius","param_value_internal":16.698866342178004,"distribution":"{\"name\": \"FloatDistribution\", \"attributes\": {\"step\": null, \"low\": 8.75, \"high\": 17.75, \"log\": false}}"}
{"op_code":5,"worker_id":"3f3be94b-2d6e-4c70-ac4b-7ac0b4c083f7-139957565182080","trial_id":17,"param_name":"PlateauHeight","param_value_internal":3.5197765273623114,"distribution":"{\"name\": \"FloatDistribution\", \"attributes\": {\"step\": null, \"low\": 2.0, \"high\": 4.0, \"log\": false}}"}
{"op_code":5,"worker_id":"e332a2ce-d408-411c-bab0-345a07a73229-139705794506880","trial_id":18,"param_name":"JointHeight","param_value_internal":7.376820499222475,"distribution":"{\"name\": \"FloatDistribution\", \"attributes\": {\"step\": null, \"low\": 5.0, \"high\": 8.0, \"log\": false}}"}
{"op_code":5,"worker_id":"e332a2ce-d408-411c-bab0-345a07a73229-139705794506880","trial_id":18,"param_name":"CavityCorkThickness","param_value_internal":3.963007589660162,"distribution":"{\"name\": \"FloatDistribution\", \"attributes\": {\"step\": null, \"low\": 2.0, \"high\": 5.0, \"log\": false}}"}
{"op_code":5,"worker_id":"e332a2ce-d408-411c-bab0-345a07a73229-139705794506880","trial_id":18,"param_name":"BellowHeight","param_value_internal":8.627136485858957,"distribution":"{\"name\": \"FloatDistribution\", \"attributes\": {\"step\": null, \"low\": 6.0, \"high\": 10.0, \"log\": false}}"}
{"op_code":5,"worker_id":"e332a2ce-d408-411c-bab0-345a07a73229-139705794506880","trial_id":18,"param_name":"WallThickness","param_value_internal":3.044554529619496,"distribution":"{\"name\": \"FloatDistribution\", \"attributes\": {\"step\": null, \"low\": 2.0, \"high\": 4.0, \"log\": false}}"}
{"op_code":5,"worker_id":"e332a2ce-d408-411c-bab0-345a07a73229-139705794506880","trial_id":18,"param_name":"PlateauHeight","param_value_internal":2.436743181636759,"distribution":"{\"name\": \"FloatDistribution\", \"attributes\": {\"step\": null, \"low\": 2.0, \"high\": 4.0, \"log\": false}}"}
{"op_code":6,"worker_id":"b4083449-2efe-415f-ac98-d0b00156e30d-140445561180288","trial_id":11,"state":1,"values":[-Infinity,-Infinity],"datetime_complete":"2026-06-05T15:20:29.500031"}
{"op_code":4,"worker_id":"b4083449-2efe-415f-ac98-d0b00156e30d-140445561180288","study_id":0,"datetime_start":"2026-06-05T15:20:29.510210"}
{"op_code":9,"worker_id":"b4083449-2efe-415f-ac98-d0b00156e30d-140445561180288","trial_id":19,"system_attr":{"nsga2:generation":0}}
{"op_code":6,"worker_id":"f9bee2ed-99f0-466c-b576-77f86b4754b6-140517316042880","trial_id":10,"state":1,"values":[-Infinity,-Infinity],"datetime_complete":"2026-06-05T15:20:29.522996"}
{"op_code":5,"worker_id":"b4083449-2efe-415f-ac98-d0b00156e30d-140445561180288","trial_id":19,"param_name":"JointSlopeAngle","param_value_internal":0.2975114397098867,"distribution":"{\"name\": \"FloatDistribution\", \"attributes\": {\"step\": null, \"low\": 0.17453292519943295, \"high\": 1.0471975511965976, \"log\": false}}"}
{"op_code":5,"worker_id":"b4083449-2efe-415f-ac98-d0b00156e30d-140445561180288","trial_id":19,"param_name":"OuterRadius","param_value_internal":17.00856944760173,"distribution":"{\"name\": \"FloatDistribution\", \"attributes\": {\"step\": null, \"low\": 8.75, \"high\": 17.75, \"log\": false}}"}
{"op_code":4,"worker_id":"f9bee2ed-99f0-466c-b576-77f86b4754b6-140517316042880","study_id":0,"datetime_start":"2026-06-05T15:20:29.536029"}
{"op_code":5,"worker_id":"b4083449-2efe-415f-ac98-d0b00156e30d-140445561180288","trial_id":19,"param_name":"JointHeight","param_value_internal":5.781850470854536,"distribution":"{\"name\": \"FloatDistribution\", \"attributes\": {\"step\": null, \"low\": 5.0, \"high\": 8.0, \"log\": false}}"}
{"op_code":6,"worker_id":"280985d5-349a-42af-891d-38016dff767b-140105724219520","trial_id":4,"state":1,"values":[-Infinity,-Infinity],"datetime_complete":"2026-06-05T15:20:29.548848"}
{"op_code":5,"worker_id":"b4083449-2efe-415f-ac98-d0b00156e30d-140445561180288","trial_id":19,"param_name":"CavityCorkThickness","param_value_internal":3.842803614171385,"distribution":"{\"name\": \"FloatDistribution\", \"attributes\": {\"step\": null, \"low\": 2.0, \"high\": 5.0, \"log\": false}}"}
{"op_code":9,"worker_id":"f9bee2ed-99f0-466c-b576-77f86b4754b6-140517316042880","trial_id":20,"system_attr":{"nsga2:generation":0}}
{"op_code":4,"worker_id":"280985d5-349a-42af-891d-38016dff767b-140105724219520","study_id":0,"datetime_start":"2026-06-05T15:20:29.561833"}
{"op_code":5,"worker_id":"b4083449-2efe-415f-ac98-d0b00156e30d-140445561180288","trial_id":19,"param_name":"BellowHeight","param_value_internal":6.48217909837814,"distribution":"{\"name\": \"FloatDistribution\", \"attributes\": {\"step\": null, \"low\": 6.0, \"high\": 10.0, \"log\": false}}"}
{"op_code":5,"worker_id":"f9bee2ed-99f0-466c-b576-77f86b4754b6-140517316042880","trial_id":20,"param_name":"JointSlopeAngle","param_value_internal":0.4369634430344016,"distribution":"{\"name\": \"FloatDistribution\", \"attributes\": {\"step\": null, \"low\": 0.17453292519943295, \"high\": 1.0471975511965976, \"log\": false}}"}
{"op_code":5,"worker_id":"b4083449-2efe-415f-ac98-d0b00156e30d-140445561180288","trial_id":19,"param_name":"WallThickness","param_value_internal":2.4424889292783893,"distribution":"{\"name\": \"FloatDistribution\", \"attributes\": {\"step\": null, \"low\": 2.0, \"high\": 4.0, \"log\": false}}"}
{"op_code":5,"worker_id":"f9bee2ed-99f0-466c-b576-77f86b4754b6-140517316042880","trial_id":20,"param_name":"OuterRadius","param_value_internal":14.900421912754547,"distribution":"{\"name\": \"FloatDistribution\", \"attributes\": {\"step\": null, \"low\": 8.75, \"high\": 17.75, \"log\": false}}"}
{"op_code":5,"worker_id":"b4083449-2efe-415f-ac98-d0b00156e30d-140445561180288","trial_id":19,"param_name":"PlateauHeight","param_value_internal":3.0041716551232067,"distribution":"{\"name\": \"FloatDistribution\", \"attributes\": {\"step\": null, \"low\": 2.0, \"high\": 4.0, \"log\": false}}"}
{"op_code":9,"worker_id":"280985d5-349a-42af-891d-38016dff767b-140105724219520","trial_id":21,"system_attr":{"nsga2:generation":0}}
{"op_code":5,"worker_id":"f9bee2ed-99f0-466c-b576-77f86b4754b6-140517316042880","trial_id":20,"param_name":"JointHeight","param_value_internal":6.6402362485201065,"distribution":"{\"name\": \"FloatDistribution\", \"attributes\": {\"step\": null, \"low\": 5.0, \"high\": 8.0, \"log\": false}}"}
{"op_code":5,"worker_id":"280985d5-349a-42af-891d-38016dff767b-140105724219520","trial_id":21,"param_name":"JointSlopeAngle","param_value_internal":0.2200930501964251,"distribution":"{\"name\": \"FloatDistribution\", \"attributes\": {\"step\": null, \"low\": 0.17453292519943295, \"high\": 1.0471975511965976, \"log\": false}}"}
{"op_code":5,"worker_id":"f9bee2ed-99f0-466c-b576-77f86b4754b6-140517316042880","trial_id":20,"param_name":"CavityCorkThickness","param_value_internal":3.5128493471006674,"distribution":"{\"name\": \"FloatDistribution\", \"attributes\": {\"step\": null, \"low\": 2.0, \"high\": 5.0, \"log\": false}}"}
{"op_code":5,"worker_id":"280985d5-349a-42af-891d-38016dff767b-140105724219520","trial_id":21,"param_name":"OuterRadius","param_value_internal":15.019995134149706,"distribution":"{\"name\": \"FloatDistribution\", \"attributes\": {\"step\": null, \"low\": 8.75, \"high\": 17.75, \"log\": false}}"}
{"op_code":5,"worker_id":"f9bee2ed-99f0-466c-b576-77f86b4754b6-140517316042880","trial_id":20,"param_name":"BellowHeight","param_value_internal":9.942742916996597,"distribution":"{\"name\": \"FloatDistribution\", \"attributes\": {\"step\": null, \"low\": 6.0, \"high\": 10.0, \"log\": false}}"}
{"op_code":5,"worker_id":"280985d5-349a-42af-891d-38016dff767b-140105724219520","trial_id":21,"param_name":"JointHeight","param_value_internal":7.613280352830498,"distribution":"{\"name\": \"FloatDistribution\", \"attributes\": {\"step\": null, \"low\": 5.0, \"high\": 8.0, \"log\": false}}"}
{"op_code":5,"worker_id":"280985d5-349a-42af-891d-38016dff767b-140105724219520","trial_id":21,"param_name":"CavityCorkThickness","param_value_internal":4.0196575130100065,"distribution":"{\"name\": \"FloatDistribution\", \"attributes\": {\"step\": null, \"low\": 2.0, \"high\": 5.0, \"log\": false}}"}
{"op_code":5,"worker_id":"280985d5-349a-42af-891d-38016dff767b-140105724219520","trial_id":21,"param_name":"BellowHeight","param_value_internal":9.46893388468778,"distribution":"{\"name\": \"FloatDistribution\", \"attributes\": {\"step\": null, \"low\": 6.0, \"high\": 10.0, \"log\": false}}"}
{"op_code":5,"worker_id":"f9bee2ed-99f0-466c-b576-77f86b4754b6-140517316042880","trial_id":20,"param_name":"WallThickness","param_value_internal":2.2274753278675368,"distribution":"{\"name\": \"FloatDistribution\", \"attributes\": {\"step\": null, \"low\": 2.0, \"high\": 4.0, \"log\": false}}"}
{"op_code":5,"worker_id":"280985d5-349a-42af-891d-38016dff767b-140105724219520","trial_id":21,"param_name":"WallThickness","param_value_internal":3.7794236070106564,"distribution":"{\"name\": \"FloatDistribution\", \"attributes\": {\"step\": null, \"low\": 2.0, \"high\": 4.0, \"log\": false}}"}
{"op_code":5,"worker_id":"f9bee2ed-99f0-466c-b576-77f86b4754b6-140517316042880","trial_id":20,"param_name":"PlateauHeight","param_value_internal":3.08764815858953,"distribution":"{\"name\": \"FloatDistribution\", \"attributes\": {\"step\": null, \"low\": 2.0, \"high\": 4.0, \"log\": false}}"}
{"op_code":5,"worker_id":"280985d5-349a-42af-891d-38016dff767b-140105724219520","trial_id":21,"param_name":"PlateauHeight","param_value_internal":3.5004712764761505,"distribution":"{\"name\": \"FloatDistribution\", \"attributes\": {\"step\": null, \"low\": 2.0, \"high\": 4.0, \"log\": false}}"}
{"op_code":6,"worker_id":"88407e63-dd21-4ee2-91e3-9c0079baf8f2-139734788055168","trial_id":12,"state":1,"values":[-Infinity,-Infinity],"datetime_complete":"2026-06-05T15:20:29.654433"}
{"op_code":4,"worker_id":"88407e63-dd21-4ee2-91e3-9c0079baf8f2-139734788055168","study_id":0,"datetime_start":"2026-06-05T15:20:29.667875"}
{"op_code":9,"worker_id":"88407e63-dd21-4ee2-91e3-9c0079baf8f2-139734788055168","trial_id":22,"system_attr":{"nsga2:generation":0}}
{"op_code":5,"worker_id":"88407e63-dd21-4ee2-91e3-9c0079baf8f2-139734788055168","trial_id":22,"param_name":"JointSlopeAngle","param_value_internal":0.560117360340918,"distribution":"{\"name\": \"FloatDistribution\", \"attributes\": {\"step\": null, \"low\": 0.17453292519943295, \"high\": 1.0471975511965976, \"log\": false}}"}
{"op_code":5,"worker_id":"88407e63-dd21-4ee2-91e3-9c0079baf8f2-139734788055168","trial_id":22,"param_name":"OuterRadius","param_value_internal":10.32737069614344,"distribution":"{\"name\": \"FloatDistribution\", \"attributes\": {\"step\": null, \"low\": 8.75, \"high\": 17.75, \"log\": false}}"}
{"op_code":5,"worker_id":"88407e63-dd21-4ee2-91e3-9c0079baf8f2-139734788055168","trial_id":22,"param_name":"JointHeight","param_value_internal":6.256489940633395,"distribution":"{\"name\": \"FloatDistribution\", \"attributes\": {\"step\": null, \"low\": 5.0, \"high\": 8.0, \"log\": false}}"}
{"op_code":5,"worker_id":"88407e63-dd21-4ee2-91e3-9c0079baf8f2-139734788055168","trial_id":22,"param_name":"CavityCorkThickness","param_value_internal":3.086055470734824,"distribution":"{\"name\": \"FloatDistribution\", \"attributes\": {\"step\": null, \"low\": 2.0, \"high\": 5.0, \"log\": false}}"}
{"op_code":5,"worker_id":"88407e63-dd21-4ee2-91e3-9c0079baf8f2-139734788055168","trial_id":22,"param_name":"BellowHeight","param_value_internal":8.196343780379317,"distribution":"{\"name\": \"FloatDistribution\", \"attributes\": {\"step\": null, \"low\": 6.0, \"high\": 10.0, \"log\": false}}"}
{"op_code":5,"worker_id":"88407e63-dd21-4ee2-91e3-9c0079baf8f2-139734788055168","trial_id":22,"param_name":"WallThickness","param_value_internal":2.1875423377726317,"distribution":"{\"name\": \"FloatDistribution\", \"attributes\": {\"step\": null, \"low\": 2.0, \"high\": 4.0, \"log\": false}}"}
{"op_code":5,"worker_id":"88407e63-dd21-4ee2-91e3-9c0079baf8f2-139734788055168","trial_id":22,"param_name":"PlateauHeight","param_value_internal":3.8611571002150575,"distribution":"{\"name\": \"FloatDistribution\", \"attributes\": {\"step\": null, \"low\": 2.0, \"high\": 4.0, \"log\": false}}"}
{"op_code":6,"worker_id":"4163d7ae-0e91-4770-af5d-b420f69a7577-140038262534272","trial_id":13,"state":1,"values":[-Infinity,-Infinity],"datetime_complete":"2026-06-05T15:20:29.790533"}
{"op_code":4,"worker_id":"4163d7ae-0e91-4770-af5d-b420f69a7577-140038262534272","study_id":0,"datetime_start":"2026-06-05T15:20:29.800395"}
{"op_code":9,"worker_id":"4163d7ae-0e91-4770-af5d-b420f69a7577-140038262534272","trial_id":23,"system_attr":{"nsga2:generation":0}}
{"op_code":5,"worker_id":"4163d7ae-0e91-4770-af5d-b420f69a7577-140038262534272","trial_id":23,"param_name":"JointSlopeAngle","param_value_internal":0.21009018376155777,"distribution":"{\"name\": \"FloatDistribution\", \"attributes\": {\"step\": null, \"low\": 0.17453292519943295, \"high\": 1.0471975511965976, \"log\": false}}"}
{"op_code":5,"worker_id":"4163d7ae-0e91-4770-af5d-b420f69a7577-140038262534272","trial_id":23,"param_name":"OuterRadius","param_value_internal":10.316665842232524,"distribution":"{\"name\": \"FloatDistribution\", \"attributes\": {\"step\": null, \"low\": 8.75, \"high\": 17.75, \"log\": false}}"}
{"op_code":5,"worker_id":"4163d7ae-0e91-4770-af5d-b420f69a7577-140038262534272","trial_id":23,"param_name":"JointHeight","param_value_internal":5.217666805621327,"distribution":"{\"name\": \"FloatDistribution\", \"attributes\": {\"step\": null, \"low\": 5.0, \"high\": 8.0, \"log\": false}}"}
{"op_code":5,"worker_id":"4163d7ae-0e91-4770-af5d-b420f69a7577-140038262534272","trial_id":23,"param_name":"CavityCorkThickness","param_value_internal":2.282869405401887,"distribution":"{\"name\": \"FloatDistribution\", \"attributes\": {\"step\": null, \"low\": 2.0, \"high\": 5.0, \"log\": false}}"}
{"op_code":5,"worker_id":"4163d7ae-0e91-4770-af5d-b420f69a7577-140038262534272","trial_id":23,"param_name":"BellowHeight","param_value_internal":8.12677440245558,"distribution":"{\"name\": \"FloatDistribution\", \"attributes\": {\"step\": null, \"low\": 6.0, \"high\": 10.0, \"log\": false}}"}
{"op_code":5,"worker_id":"4163d7ae-0e91-4770-af5d-b420f69a7577-140038262534272","trial_id":23,"param_name":"WallThickness","param_value_internal":3.873672638118727,"distribution":"{\"name\": \"FloatDistribution\", \"attributes\": {\"step\": null, \"low\": 2.0, \"high\": 4.0, \"log\": false}}"}
{"op_code":5,"worker_id":"4163d7ae-0e91-4770-af5d-b420f69a7577-140038262534272","trial_id":23,"param_name":"PlateauHeight","param_value_internal":3.4011494025784077,"distribution":"{\"name\": \"FloatDistribution\", \"attributes\": {\"step\": null, \"low\": 2.0, \"high\": 4.0, \"log\": false}}"}
{"op_code":6,"worker_id":"05b1aa71-3198-4dc5-8e1d-d3f63aef5967-139814202810496","trial_id":14,"state":1,"values":[-Infinity,-Infinity],"datetime_complete":"2026-06-05T15:20:29.969202"}
{"op_code":4,"worker_id":"05b1aa71-3198-4dc5-8e1d-d3f63aef5967-139814202810496","study_id":0,"datetime_start":"2026-06-05T15:20:29.980565"}
{"op_code":9,"worker_id":"05b1aa71-3198-4dc5-8e1d-d3f63aef5967-139814202810496","trial_id":24,"system_attr":{"nsga2:generation":0}}
{"op_code":5,"worker_id":"05b1aa71-3198-4dc5-8e1d-d3f63aef5967-139814202810496","trial_id":24,"param_name":"JointSlopeAngle","param_value_internal":0.19380098708118876,"distribution":"{\"name\": \"FloatDistribution\", \"attributes\": {\"step\": null, \"low\": 0.17453292519943295, \"high\": 1.0471975511965976, \"log\": false}}"}
{"op_code":5,"worker_id":"05b1aa71-3198-4dc5-8e1d-d3f63aef5967-139814202810496","trial_id":24,"param_name":"OuterRadius","param_value_internal":9.122995960206929,"distribution":"{\"name\": \"FloatDistribution\", \"attributes\": {\"step\": null, \"low\": 8.75, \"high\": 17.75, \"log\": false}}"}
{"op_code":5,"worker_id":"05b1aa71-3198-4dc5-8e1d-d3f63aef5967-139814202810496","trial_id":24,"param_name":"JointHeight","param_value_internal":5.50156547668701,"distribution":"{\"name\": \"FloatDistribution\", \"attributes\": {\"step\": null, \"low\": 5.0, \"high\": 8.0, \"log\": false}}"}
{"op_code":6,"worker_id":"3f3be94b-2d6e-4c70-ac4b-7ac0b4c083f7-139957565182080","trial_id":17,"state":1,"values":[-Infinity,-Infinity],"datetime_complete":"2026-06-05T15:20:30.011875"}
{"op_code":5,"worker_id":"05b1aa71-3198-4dc5-8e1d-d3f63aef5967-139814202810496","trial_id":24,"param_name":"CavityCorkThickness","param_value_internal":3.9027056332191306,"distribution":"{\"name\": \"FloatDistribution\", \"attributes\": {\"step\": null, \"low\": 2.0, \"high\": 5.0, \"log\": false}}"}
{"op_code":5,"worker_id":"05b1aa71-3198-4dc5-8e1d-d3f63aef5967-139814202810496","trial_id":24,"param_name":"BellowHeight","param_value_internal":7.424001861934494,"distribution":"{\"name\": \"FloatDistribution\", \"attributes\": {\"step\": null, \"low\": 6.0, \"high\": 10.0, \"log\": false}}"}
{"op_code":4,"worker_id":"3f3be94b-2d6e-4c70-ac4b-7ac0b4c083f7-139957565182080","study_id":0,"datetime_start":"2026-06-05T15:20:30.024106"}
{"op_code":5,"worker_id":"05b1aa71-3198-4dc5-8e1d-d3f63aef5967-139814202810496","trial_id":24,"param_name":"WallThickness","param_value_internal":3.2722369003285157,"distribution":"{\"name\": \"FloatDistribution\", \"attributes\": {\"step\": null, \"low\": 2.0, \"high\": 4.0, \"log\": false}}"}
{"op_code":5,"worker_id":"05b1aa71-3198-4dc5-8e1d-d3f63aef5967-139814202810496","trial_id":24,"param_name":"PlateauHeight","param_value_internal":2.032452264687095,"distribution":"{\"name\": \"FloatDistribution\", \"attributes\": {\"step\": null, \"low\": 2.0, \"high\": 4.0, \"log\": false}}"}
{"op_code":9,"worker_id":"3f3be94b-2d6e-4c70-ac4b-7ac0b4c083f7-139957565182080","trial_id":25,"system_attr":{"nsga2:generation":0}}
{"op_code":5,"worker_id":"3f3be94b-2d6e-4c70-ac4b-7ac0b4c083f7-139957565182080","trial_id":25,"param_name":"JointSlopeAngle","param_value_internal":0.40164790014668894,"distribution":"{\"name\": \"FloatDistribution\", \"attributes\": {\"step\": null, \"low\": 0.17453292519943295, \"high\": 1.0471975511965976, \"log\": false}}"}
{"op_code":5,"worker_id":"3f3be94b-2d6e-4c70-ac4b-7ac0b4c083f7-139957565182080","trial_id":25,"param_name":"OuterRadius","param_value_internal":10.347251444271597,"distribution":"{\"name\": \"FloatDistribution\", \"attributes\": {\"step\": null, \"low\": 8.75, \"high\": 17.75, \"log\": false}}"}
{"op_code":5,"worker_id":"3f3be94b-2d6e-4c70-ac4b-7ac0b4c083f7-139957565182080","trial_id":25,"param_name":"JointHeight","param_value_internal":6.515766119434131,"distribution":"{\"name\": \"FloatDistribution\", \"attributes\": {\"step\": null, \"low\": 5.0, \"high\": 8.0, \"log\": false}}"}
{"op_code":6,"worker_id":"e332a2ce-d408-411c-bab0-345a07a73229-139705794506880","trial_id":18,"state":1,"values":[-Infinity,-Infinity],"datetime_complete":"2026-06-05T15:20:30.064703"}
{"op_code":5,"worker_id":"3f3be94b-2d6e-4c70-ac4b-7ac0b4c083f7-139957565182080","trial_id":25,"param_name":"CavityCorkThickness","param_value_internal":2.4557025506284487,"distribution":"{\"name\": \"FloatDistribution\", \"attributes\": {\"step\": null, \"low\": 2.0, \"high\": 5.0, \"log\": false}}"}
{"op_code":5,"worker_id":"3f3be94b-2d6e-4c70-ac4b-7ac0b4c083f7-139957565182080","trial_id":25,"param_name":"BellowHeight","param_value_internal":9.616600094254443,"distribution":"{\"name\": \"FloatDistribution\", \"attributes\": {\"step\": null, \"low\": 6.0, \"high\": 10.0, \"log\": false}}"}
{"op_code":4,"worker_id":"e332a2ce-d408-411c-bab0-345a07a73229-139705794506880","study_id":0,"datetime_start":"2026-06-05T15:20:30.076082"}
{"op_code":5,"worker_id":"3f3be94b-2d6e-4c70-ac4b-7ac0b4c083f7-139957565182080","trial_id":25,"param_name":"WallThickness","param_value_internal":3.7231400169508926,"distribution":"{\"name\": \"FloatDistribution\", \"attributes\": {\"step\": null, \"low\": 2.0, \"high\": 4.0, \"log\": false}}"}
{"op_code":9,"worker_id":"e332a2ce-d408-411c-bab0-345a07a73229-139705794506880","trial_id":26,"system_attr":{"nsga2:generation":0}}
{"op_code":5,"worker_id":"3f3be94b-2d6e-4c70-ac4b-7ac0b4c083f7-139957565182080","trial_id":25,"param_name":"PlateauHeight","param_value_internal":2.369799698666581,"distribution":"{\"name\": \"FloatDistribution\", \"attributes\": {\"step\": null, \"low\": 2.0, \"high\": 4.0, \"log\": false}}"}
{"op_code":5,"worker_id":"e332a2ce-d408-411c-bab0-345a07a73229-139705794506880","trial_id":26,"param_name":"JointSlopeAngle","param_value_internal":0.3342094976985418,"distribution":"{\"name\": \"FloatDistribution\", \"attributes\": {\"step\": null, \"low\": 0.17453292519943295, \"high\": 1.0471975511965976, \"log\": false}}"}
{"op_code":5,"worker_id":"e332a2ce-d408-411c-bab0-345a07a73229-139705794506880","trial_id":26,"param_name":"OuterRadius","param_value_internal":16.487519299410245,"distribution":"{\"name\": \"FloatDistribution\", \"attributes\": {\"step\": null, \"low\": 8.75, \"high\": 17.75, \"log\": false}}"}
{"op_code":5,"worker_id":"e332a2ce-d408-411c-bab0-345a07a73229-139705794506880","trial_id":26,"param_name":"JointHeight","param_value_internal":5.89246442993782,"distribution":"{\"name\": \"FloatDistribution\", \"attributes\": {\"step\": null, \"low\": 5.0, \"high\": 8.0, \"log\": false}}"}
{"op_code":5,"worker_id":"e332a2ce-d408-411c-bab0-345a07a73229-139705794506880","trial_id":26,"param_name":"CavityCorkThickness","param_value_internal":4.805311789904064,"distribution":"{\"name\": \"FloatDistribution\", \"attributes\": {\"step\": null, \"low\": 2.0, \"high\": 5.0, \"log\": false}}"}
{"op_code":5,"worker_id":"e332a2ce-d408-411c-bab0-345a07a73229-139705794506880","trial_id":26,"param_name":"BellowHeight","param_value_internal":6.275243925749425,"distribution":"{\"name\": \"FloatDistribution\", \"attributes\": {\"step\": null, \"low\": 6.0, \"high\": 10.0, \"log\": false}}"}
{"op_code":5,"worker_id":"e332a2ce-d408-411c-bab0-345a07a73229-139705794506880","trial_id":26,"param_name":"WallThickness","param_value_internal":3.488267052182393,"distribution":"{\"name\": \"FloatDistribution\", \"attributes\": {\"step\": null, \"low\": 2.0, \"high\": 4.0, \"log\": false}}"}
{"op_code":5,"worker_id":"e332a2ce-d408-411c-bab0-345a07a73229-139705794506880","trial_id":26,"param_name":"PlateauHeight","param_value_internal":3.199416106838045,"distribution":"{\"name\": \"FloatDistribution\", \"attributes\": {\"step\": null, \"low\": 2.0, \"high\": 4.0, \"log\": false}}"}
{"op_code":6,"worker_id":"cbb72291-b3d3-4a27-a4e1-b734c4eb077f-140656881606784","trial_id":15,"state":1,"values":[-Infinity,-Infinity],"datetime_complete":"2026-06-05T15:20:30.468783"}
{"op_code":4,"worker_id":"cbb72291-b3d3-4a27-a4e1-b734c4eb077f-140656881606784","study_id":0,"datetime_start":"2026-06-05T15:20:30.479545"}
{"op_code":9,"worker_id":"cbb72291-b3d3-4a27-a4e1-b734c4eb077f-140656881606784","trial_id":27,"system_attr":{"nsga2:generation":0}}
{"op_code":5,"worker_id":"cbb72291-b3d3-4a27-a4e1-b734c4eb077f-140656881606784","trial_id":27,"param_name":"JointSlopeAngle","param_value_internal":0.8914922837495874,"distribution":"{\"name\": \"FloatDistribution\", \"attributes\": {\"step\": null, \"low\": 0.17453292519943295, \"high\": 1.0471975511965976, \"log\": false}}"}
{"op_code":5,"worker_id":"cbb72291-b3d3-4a27-a4e1-b734c4eb077f-140656881606784","trial_id":27,"param_name":"OuterRadius","param_value_internal":10.164922180595779,"distribution":"{\"name\": \"FloatDistribution\", \"attributes\": {\"step\": null, \"low\": 8.75, \"high\": 17.75, \"log\": false}}"}
{"op_code":5,"worker_id":"cbb72291-b3d3-4a27-a4e1-b734c4eb077f-140656881606784","trial_id":27,"param_name":"JointHeight","param_value_internal":7.2406866962665415,"distribution":"{\"name\": \"FloatDistribution\", \"attributes\": {\"step\": null, \"low\": 5.0, \"high\": 8.0, \"log\": false}}"}
{"op_code":5,"worker_id":"cbb72291-b3d3-4a27-a4e1-b734c4eb077f-140656881606784","trial_id":27,"param_name":"CavityCorkThickness","param_value_internal":4.964632800802174,"distribution":"{\"name\": \"FloatDistribution\", \"attributes\": {\"step\": null, \"low\": 2.0, \"high\": 5.0, \"log\": false}}"}
{"op_code":5,"worker_id":"cbb72291-b3d3-4a27-a4e1-b734c4eb077f-140656881606784","trial_id":27,"param_name":"BellowHeight","param_value_internal":9.913151937040016,"distribution":"{\"name\": \"FloatDistribution\", \"attributes\": {\"step\": null, \"low\": 6.0, \"high\": 10.0, \"log\": false}}"}
{"op_code":5,"worker_id":"cbb72291-b3d3-4a27-a4e1-b734c4eb077f-140656881606784","trial_id":27,"param_name":"WallThickness","param_value_internal":3.243424564599109,"distribution":"{\"name\": \"FloatDistribution\", \"attributes\": {\"step\": null, \"low\": 2.0, \"high\": 4.0, \"log\": false}}"}
{"op_code":6,"worker_id":"21ce5292-8bb3-4a5e-91d8-c7aac74ec9c1-140218492825728","trial_id":16,"state":1,"values":[-Infinity,-Infinity],"datetime_complete":"2026-06-05T15:20:30.526427"}
{"op_code":5,"worker_id":"cbb72291-b3d3-4a27-a4e1-b734c4eb077f-140656881606784","trial_id":27,"param_name":"PlateauHeight","param_value_internal":3.1348273988495476,"distribution":"{\"name\": \"FloatDistribution\", \"attributes\": {\"step\": null, \"low\": 2.0, \"high\": 4.0, \"log\": false}}"}
{"op_code":4,"worker_id":"21ce5292-8bb3-4a5e-91d8-c7aac74ec9c1-140218492825728","study_id":0,"datetime_start":"2026-06-05T15:20:30.539865"}
{"op_code":9,"worker_id":"21ce5292-8bb3-4a5e-91d8-c7aac74ec9c1-140218492825728","trial_id":28,"system_attr":{"nsga2:generation":0}}
{"op_code":5,"worker_id":"21ce5292-8bb3-4a5e-91d8-c7aac74ec9c1-140218492825728","trial_id":28,"param_name":"JointSlopeAngle","param_value_internal":0.7075991440899269,"distribution":"{\"name\": \"FloatDistribution\", \"attributes\": {\"step\": null, \"low\": 0.17453292519943295, \"high\": 1.0471975511965976, \"log\": false}}"}
{"op_code":5,"worker_id":"21ce5292-8bb3-4a5e-91d8-c7aac74ec9c1-140218492825728","trial_id":28,"param_name":"OuterRadius","param_value_internal":14.189423666952756,"distribution":"{\"name\": \"FloatDistribution\", \"attributes\": {\"step\": null, \"low\": 8.75, \"high\": 17.75, \"log\": false}}"}
{"op_code":5,"worker_id":"21ce5292-8bb3-4a5e-91d8-c7aac74ec9c1-140218492825728","trial_id":28,"param_name":"JointHeight","param_value_internal":6.87235911012805,"distribution":"{\"name\": \"FloatDistribution\", \"attributes\": {\"step\": null, \"low\": 5.0, \"high\": 8.0, \"log\": false}}"}
{"op_code":5,"worker_id":"21ce5292-8bb3-4a5e-91d8-c7aac74ec9c1-140218492825728","trial_id":28,"param_name":"CavityCorkThickness","param_value_internal":2.712765049447384,"distribution":"{\"name\": \"FloatDistribution\", \"attributes\": {\"step\": null, \"low\": 2.0, \"high\": 5.0, \"log\": false}}"}
{"op_code":5,"worker_id":"21ce5292-8bb3-4a5e-91d8-c7aac74ec9c1-140218492825728","trial_id":28,"param_name":"BellowHeight","param_value_internal":9.885116951464052,"distribution":"{\"name\": \"FloatDistribution\", \"attributes\": {\"step\": null, \"low\": 6.0, \"high\": 10.0, \"log\": false}}"}
{"op_code":5,"worker_id":"21ce5292-8bb3-4a5e-91d8-c7aac74ec9c1-140218492825728","trial_id":28,"param_name":"WallThickness","param_value_internal":3.239901784234042,"distribution":"{\"name\": \"FloatDistribution\", \"attributes\": {\"step\": null, \"low\": 2.0, \"high\": 4.0, \"log\": false}}"}
{"op_code":5,"worker_id":"21ce5292-8bb3-4a5e-91d8-c7aac74ec9c1-140218492825728","trial_id":28,"param_name":"PlateauHeight","param_value_internal":3.6458803384484093,"distribution":"{\"name\": \"FloatDistribution\", \"attributes\": {\"step\": null, \"low\": 2.0, \"high\": 4.0, \"log\": false}}"}
{"op_code":6,"worker_id":"b4083449-2efe-415f-ac98-d0b00156e30d-140445561180288","trial_id":19,"state":1,"values":[-Infinity,-Infinity],"datetime_complete":"2026-06-05T15:20:30.678644"}
{"op_code":4,"worker_id":"b4083449-2efe-415f-ac98-d0b00156e30d-140445561180288","study_id":0,"datetime_start":"2026-06-05T15:20:30.688946"}
{"op_code":9,"worker_id":"b4083449-2efe-415f-ac98-d0b00156e30d-140445561180288","trial_id":29,"system_attr":{"nsga2:generation":0}}
{"op_code":5,"worker_id":"b4083449-2efe-415f-ac98-d0b00156e30d-140445561180288","trial_id":29,"param_name":"JointSlopeAngle","param_value_internal":0.20767861537161603,"distribution":"{\"name\": \"FloatDistribution\", \"attributes\": {\"step\": null, \"low\": 0.17453292519943295, \"high\": 1.0471975511965976, \"log\": false}}"}
{"op_code":6,"worker_id":"f9bee2ed-99f0-466c-b576-77f86b4754b6-140517316042880","trial_id":20,"state":1,"values":[-Infinity,-Infinity],"datetime_complete":"2026-06-05T15:20:30.707208"}
{"op_code":5,"worker_id":"b4083449-2efe-415f-ac98-d0b00156e30d-140445561180288","trial_id":29,"param_name":"OuterRadius","param_value_internal":11.767902579946643,"distribution":"{\"name\": \"FloatDistribution\", \"attributes\": {\"step\": null, \"low\": 8.75, \"high\": 17.75, \"log\": false}}"}
{"op_code":4,"worker_id":"f9bee2ed-99f0-466c-b576-77f86b4754b6-140517316042880","study_id":0,"datetime_start":"2026-06-05T15:20:30.718294"}
{"op_code":5,"worker_id":"b4083449-2efe-415f-ac98-d0b00156e30d-140445561180288","trial_id":29,"param_name":"JointHeight","param_value_internal":5.419682600286805,"distribution":"{\"name\": \"FloatDistribution\", \"attributes\": {\"step\": null, \"low\": 5.0, \"high\": 8.0, \"log\": false}}"}
{"op_code":5,"worker_id":"b4083449-2efe-415f-ac98-d0b00156e30d-140445561180288","trial_id":29,"param_name":"CavityCorkThickness","param_value_internal":2.719642412674654,"distribution":"{\"name\": \"FloatDistribution\", \"attributes\": {\"step\": null, \"low\": 2.0, \"high\": 5.0, \"log\": false}}"}
{"op_code":9,"worker_id":"f9bee2ed-99f0-466c-b576-77f86b4754b6-140517316042880","trial_id":30,"system_attr":{"nsga2:generation":0}}
{"op_code":5,"worker_id":"b4083449-2efe-415f-ac98-d0b00156e30d-140445561180288","trial_id":29,"param_name":"BellowHeight","param_value_internal":6.829190296033156,"distribution":"{\"name\": \"FloatDistribution\", \"attributes\": {\"step\": null, \"low\": 6.0, \"high\": 10.0, \"log\": false}}"}
{"op_code":5,"worker_id":"f9bee2ed-99f0-466c-b576-77f86b4754b6-140517316042880","trial_id":30,"param_name":"JointSlopeAngle","param_value_internal":0.3339037898855076,"distribution":"{\"name\": \"FloatDistribution\", \"attributes\": {\"step\": null, \"low\": 0.17453292519943295, \"high\": 1.0471975511965976, \"log\": false}}"}
{"op_code":5,"worker_id":"b4083449-2efe-415f-ac98-d0b00156e30d-140445561180288","trial_id":29,"param_name":"WallThickness","param_value_internal":2.9152776591070033,"distribution":"{\"name\": \"FloatDistribution\", \"attributes\": {\"step\": null, \"low\": 2.0, \"high\": 4.0, \"log\": false}}"}
{"op_code":5,"worker_id":"f9bee2ed-99f0-466c-b576-77f86b4754b6-140517316042880","trial_id":30,"param_name":"OuterRadius","param_value_internal":13.857899055969181,"distribution":"{\"name\": \"FloatDistribution\", \"attributes\": {\"step\": null, \"low\": 8.75, \"high\": 17.75, \"log\": false}}"}
{"op_code":5,"worker_id":"b4083449-2efe-415f-ac98-d0b00156e30d-140445561180288","trial_id":29,"param_name":"PlateauHeight","param_value_internal":3.5561177360824296,"distribution":"{\"name\": \"FloatDistribution\", \"attributes\": {\"step\": null, \"low\": 2.0, \"high\": 4.0, \"log\": false}}"}
{"op_code":6,"worker_id":"88407e63-dd21-4ee2-91e3-9c0079baf8f2-139734788055168","trial_id":22,"state":1,"values":[-Infinity,-Infinity],"datetime_complete":"2026-06-05T15:20:30.758248"}
{"op_code":5,"worker_id":"f9bee2ed-99f0-466c-b576-77f86b4754b6-140517316042880","trial_id":30,"param_name":"JointHeight","param_value_internal":7.412150817241556,"distribution":"{\"name\": \"FloatDistribution\", \"attributes\": {\"step\": null, \"low\": 5.0, \"high\": 8.0, \"log\": false}}"}
{"op_code":4,"worker_id":"88407e63-dd21-4ee2-91e3-9c0079baf8f2-139734788055168","study_id":0,"datetime_start":"2026-06-05T15:20:30.770092"}
{"op_code":5,"worker_id":"f9bee2ed-99f0-466c-b576-77f86b4754b6-140517316042880","trial_id":30,"param_name":"CavityCorkThickness","param_value_internal":3.633342073840459,"distribution":"{\"name\": \"FloatDistribution\", \"attributes\": {\"step\": null, \"low\": 2.0, \"high\": 5.0, \"log\": false}}"}
{"op_code":5,"worker_id":"f9bee2ed-99f0-466c-b576-77f86b4754b6-140517316042880","trial_id":30,"param_name":"BellowHeight","param_value_internal":8.821786704788769,"distribution":"{\"name\": \"FloatDistribution\", \"attributes\": {\"step\": null, \"low\": 6.0, \"high\": 10.0, \"log\": false}}"}
{"op_code":9,"worker_id":"88407e63-dd21-4ee2-91e3-9c0079baf8f2-139734788055168","trial_id":31,"system_attr":{"nsga2:generation":0}}
{"op_code":5,"worker_id":"f9bee2ed-99f0-466c-b576-77f86b4754b6-140517316042880","trial_id":30,"param_name":"WallThickness","param_value_internal":3.601148428945272,"distribution":"{\"name\": \"FloatDistribution\", \"attributes\": {\"step\": null, \"low\": 2.0, \"high\": 4.0, \"log\": false}}"}
{"op_code":5,"worker_id":"88407e63-dd21-4ee2-91e3-9c0079baf8f2-139734788055168","trial_id":31,"param_name":"JointSlopeAngle","param_value_internal":0.4256325434126722,"distribution":"{\"name\": \"FloatDistribution\", \"attributes\": {\"step\": null, \"low\": 0.17453292519943295, \"high\": 1.0471975511965976, \"log\": false}}"}
{"op_code":5,"worker_id":"f9bee2ed-99f0-466c-b576-77f86b4754b6-140517316042880","trial_id":30,"param_name":"PlateauHeight","param_value_internal":3.2526816832548704,"distribution":"{\"name\": \"FloatDistribution\", \"attributes\": {\"step\": null, \"low\": 2.0, \"high\": 4.0, \"log\": false}}"}
{"op_code":5,"worker_id":"88407e63-dd21-4ee2-91e3-9c0079baf8f2-139734788055168","trial_id":31,"param_name":"OuterRadius","param_value_internal":14.352977720251939,"distribution":"{\"name\": \"FloatDistribution\", \"attributes\": {\"step\": null, \"low\": 8.75, \"high\": 17.75, \"log\": false}}"}
{"op_code":5,"worker_id":"88407e63-dd21-4ee2-91e3-9c0079baf8f2-139734788055168","trial_id":31,"param_name":"JointHeight","param_value_internal":6.222508487018765,"distribution":"{\"name\": \"FloatDistribution\", \"attributes\": {\"step\": null, \"low\": 5.0, \"high\": 8.0, \"log\": false}}"}
{"op_code":5,"worker_id":"88407e63-dd21-4ee2-91e3-9c0079baf8f2-139734788055168","trial_id":31,"param_name":"CavityCorkThickness","param_value_internal":4.587982162525099,"distribution":"{\"name\": \"FloatDistribution\", \"attributes\": {\"step\": null, \"low\": 2.0, \"high\": 5.0, \"log\": false}}"}
{"op_code":5,"worker_id":"88407e63-dd21-4ee2-91e3-9c0079baf8f2-139734788055168","trial_id":31,"param_name":"BellowHeight","param_value_internal":8.910621256076626,"distribution":"{\"name\": \"FloatDistribution\", \"attributes\": {\"step\": null, \"low\": 6.0, \"high\": 10.0, \"log\": false}}"}
{"op_code":5,"worker_id":"88407e63-dd21-4ee2-91e3-9c0079baf8f2-139734788055168","trial_id":31,"param_name":"WallThickness","param_value_internal":2.546559043157785,"distribution":"{\"name\": \"FloatDistribution\", \"attributes\": {\"step\": null, \"low\": 2.0, \"high\": 4.0, \"log\": false}}"}
{"op_code":5,"worker_id":"88407e63-dd21-4ee2-91e3-9c0079baf8f2-139734788055168","trial_id":31,"param_name":"PlateauHeight","param_value_internal":2.055826067771982,"distribution":"{\"name\": \"FloatDistribution\", \"attributes\": {\"step\": null, \"low\": 2.0, \"high\": 4.0, \"log\": false}}"}
{"op_code":6,"worker_id":"4163d7ae-0e91-4770-af5d-b420f69a7577-140038262534272","trial_id":23,"state":1,"values":[-Infinity,-Infinity],"datetime_complete":"2026-06-05T15:20:30.915931"}
{"op_code":4,"worker_id":"4163d7ae-0e91-4770-af5d-b420f69a7577-140038262534272","study_id":0,"datetime_start":"2026-06-05T15:20:30.926771"}
{"op_code":9,"worker_id":"4163d7ae-0e91-4770-af5d-b420f69a7577-140038262534272","trial_id":32,"system_attr":{"nsga2:generation":0}}
{"op_code":5,"worker_id":"4163d7ae-0e91-4770-af5d-b420f69a7577-140038262534272","trial_id":32,"param_name":"JointSlopeAngle","param_value_internal":0.30176706153026567,"distribution":"{\"name\": \"FloatDistribution\", \"attributes\": {\"step\": null, \"low\": 0.17453292519943295, \"high\": 1.0471975511965976, \"log\": false}}"}
{"op_code":5,"worker_id":"4163d7ae-0e91-4770-af5d-b420f69a7577-140038262534272","trial_id":32,"param_name":"OuterRadius","param_value_internal":16.171062060219377,"distribution":"{\"name\": \"FloatDistribution\", \"attributes\": {\"step\": null, \"low\": 8.75, \"high\": 17.75, \"log\": false}}"}
{"op_code":5,"worker_id":"4163d7ae-0e91-4770-af5d-b420f69a7577-140038262534272","trial_id":32,"param_name":"JointHeight","param_value_internal":5.675567635484528,"distribution":"{\"name\": \"FloatDistribution\", \"attributes\": {\"step\": null, \"low\": 5.0, \"high\": 8.0, \"log\": false}}"}
{"op_code":5,"worker_id":"4163d7ae-0e91-4770-af5d-b420f69a7577-140038262534272","trial_id":32,"param_name":"CavityCorkThickness","param_value_internal":2.566963040229462,"distribution":"{\"name\": \"FloatDistribution\", \"attributes\": {\"step\": null, \"low\": 2.0, \"high\": 5.0, \"log\": false}}"}
{"op_code":5,"worker_id":"4163d7ae-0e91-4770-af5d-b420f69a7577-140038262534272","trial_id":32,"param_name":"BellowHeight","param_value_internal":7.0282440794406495,"distribution":"{\"name\": \"FloatDistribution\", \"attributes\": {\"step\": null, \"low\": 6.0, \"high\": 10.0, \"log\": false}}"}
{"op_code":5,"worker_id":"4163d7ae-0e91-4770-af5d-b420f69a7577-140038262534272","trial_id":32,"param_name":"WallThickness","param_value_internal":3.7351358483844006,"distribution":"{\"name\": \"FloatDistribution\", \"attributes\": {\"step\": null, \"low\": 2.0, \"high\": 4.0, \"log\": false}}"}
{"op_code":5,"worker_id":"4163d7ae-0e91-4770-af5d-b420f69a7577-140038262534272","trial_id":32,"param_name":"PlateauHeight","param_value_internal":3.1832960782690423,"distribution":"{\"name\": \"FloatDistribution\", \"attributes\": {\"step\": null, \"low\": 2.0, \"high\": 4.0, \"log\": false}}"}
{"op_code":6,"worker_id":"05b1aa71-3198-4dc5-8e1d-d3f63aef5967-139814202810496","trial_id":24,"state":1,"values":[-Infinity,-Infinity],"datetime_complete":"2026-06-05T15:20:31.085671"}
{"op_code":4,"worker_id":"05b1aa71-3198-4dc5-8e1d-d3f63aef5967-139814202810496","study_id":0,"datetime_start":"2026-06-05T15:20:31.095736"}
{"op_code":9,"worker_id":"05b1aa71-3198-4dc5-8e1d-d3f63aef5967-139814202810496","trial_id":33,"system_attr":{"nsga2:generation":0}}
{"op_code":5,"worker_id":"05b1aa71-3198-4dc5-8e1d-d3f63aef5967-139814202810496","trial_id":33,"param_name":"JointSlopeAngle","param_value_internal":0.7431649494648224,"distribution":"{\"name\": \"FloatDistribution\", \"attributes\": {\"step\": null, \"low\": 0.17453292519943295, \"high\": 1.0471975511965976, \"log\": false}}"}
{"op_code":5,"worker_id":"05b1aa71-3198-4dc5-8e1d-d3f63aef5967-139814202810496","trial_id":33,"param_name":"OuterRadius","param_value_internal":11.10129824764435,"distribution":"{\"name\": \"FloatDistribution\", \"attributes\": {\"step\": null, \"low\": 8.75, \"high\": 17.75, \"log\": false}}"}
{"op_code":5,"worker_id":"05b1aa71-3198-4dc5-8e1d-d3f63aef5967-139814202810496","trial_id":33,"param_name":"JointHeight","param_value_internal":5.705996695618444,"distribution":"{\"name\": \"FloatDistribution\", \"attributes\": {\"step\": null, \"low\": 5.0, \"high\": 8.0, \"log\": false}}"}
{"op_code":5,"worker_id":"05b1aa71-3198-4dc5-8e1d-d3f63aef5967-139814202810496","trial_id":33,"param_name":"CavityCorkThickness","param_value_internal":2.091422168187609,"distribution":"{\"name\": \"FloatDistribution\", \"attributes\": {\"step\": null, \"low\": 2.0, \"high\": 5.0, \"log\": false}}"}
{"op_code":5,"worker_id":"05b1aa71-3198-4dc5-8e1d-d3f63aef5967-139814202810496","trial_id":33,"param_name":"BellowHeight","param_value_internal":9.973230782674493,"distribution":"{\"name\": \"FloatDistribution\", \"attributes\": {\"step\": null, \"low\": 6.0, \"high\": 10.0, \"log\": false}}"}
{"op_code":5,"worker_id":"05b1aa71-3198-4dc5-8e1d-d3f63aef5967-139814202810496","trial_id":33,"param_name":"WallThickness","param_value_internal":3.102739103077242,"distribution":"{\"name\": \"FloatDistribution\", \"attributes\": {\"step\": null, \"low\": 2.0, \"high\": 4.0, \"log\": false}}"}
{"op_code":6,"worker_id":"3f3be94b-2d6e-4c70-ac4b-7ac0b4c083f7-139957565182080","trial_id":25,"state":1,"values":[-Infinity,-Infinity],"datetime_complete":"2026-06-05T15:20:31.142009"}
{"op_code":5,"worker_id":"05b1aa71-3198-4dc5-8e1d-d3f63aef5967-139814202810496","trial_id":33,"param_name":"PlateauHeight","param_value_internal":3.9861618394968565,"distribution":"{\"name\": \"FloatDistribution\", \"attributes\": {\"step\": null, \"low\": 2.0, \"high\": 4.0, \"log\": false}}"}
{"op_code":4,"worker_id":"3f3be94b-2d6e-4c70-ac4b-7ac0b4c083f7-139957565182080","study_id":0,"datetime_start":"2026-06-05T15:20:31.153794"}
{"op_code":9,"worker_id":"3f3be94b-2d6e-4c70-ac4b-7ac0b4c083f7-139957565182080","trial_id":34,"system_attr":{"nsga2:generation":0}}
{"op_code":5,"worker_id":"3f3be94b-2d6e-4c70-ac4b-7ac0b4c083f7-139957565182080","trial_id":34,"param_name":"JointSlopeAngle","param_value_internal":0.7469513737213404,"distribution":"{\"name\": \"FloatDistribution\", \"attributes\": {\"step\": null, \"low\": 0.17453292519943295, \"high\": 1.0471975511965976, \"log\": false}}"}
{"op_code":5,"worker_id":"3f3be94b-2d6e-4c70-ac4b-7ac0b4c083f7-139957565182080","trial_id":34,"param_name":"OuterRadius","param_value_internal":12.596985531301879,"distribution":"{\"name\": \"FloatDistribution\", \"attributes\": {\"step\": null, \"low\": 8.75, \"high\": 17.75, \"log\": false}}"}
{"op_code":5,"worker_id":"3f3be94b-2d6e-4c70-ac4b-7ac0b4c083f7-139957565182080","trial_id":34,"param_name":"JointHeight","param_value_internal":7.990952153520987,"distribution":"{\"name\": \"FloatDistribution\", \"attributes\": {\"step\": null, \"low\": 5.0, \"high\": 8.0, \"log\": false}}"}
{"op_code":5,"worker_id":"3f3be94b-2d6e-4c70-ac4b-7ac0b4c083f7-139957565182080","trial_id":34,"param_name":"CavityCorkThickness","param_value_internal":4.374805367537411,"distribution":"{\"name\": \"FloatDistribution\", \"attributes\": {\"step\": null, \"low\": 2.0, \"high\": 5.0, \"log\": false}}"}
{"op_code":6,"worker_id":"e332a2ce-d408-411c-bab0-345a07a73229-139705794506880","trial_id":26,"state":1,"values":[-Infinity,-Infinity],"datetime_complete":"2026-06-05T15:20:31.189249"}
{"op_code":5,"worker_id":"3f3be94b-2d6e-4c70-ac4b-7ac0b4c083f7-139957565182080","trial_id":34,"param_name":"BellowHeight","param_value_internal":6.946932894548886,"distribution":"{\"name\": \"FloatDistribution\", \"attributes\": {\"step\": null, \"low\": 6.0, \"high\": 10.0, \"log\": false}}"}
{"op_code":5,"worker_id":"3f3be94b-2d6e-4c70-ac4b-7ac0b4c083f7-139957565182080","trial_id":34,"param_name":"WallThickness","param_value_internal":3.7603347310606114,"distribution":"{\"name\": \"FloatDistribution\", \"attributes\": {\"step\": null, \"low\": 2.0, \"high\": 4.0, \"log\": false}}"}
{"op_code":4,"worker_id":"e332a2ce-d408-411c-bab0-345a07a73229-139705794506880","study_id":0,"datetime_start":"2026-06-05T15:20:31.201641"}
{"op_code":5,"worker_id":"3f3be94b-2d6e-4c70-ac4b-7ac0b4c083f7-139957565182080","trial_id":34,"param_name":"PlateauHeight","param_value_internal":3.5287956970039023,"distribution":"{\"name\": \"FloatDistribution\", \"attributes\": {\"step\": null, \"low\": 2.0, \"high\": 4.0, \"log\": false}}"}
{"op_code":9,"worker_id":"e332a2ce-d408-411c-bab0-345a07a73229-139705794506880","trial_id":35,"system_attr":{"nsga2:generation":0}}
{"op_code":5,"worker_id":"e332a2ce-d408-411c-bab0-345a07a73229-139705794506880","trial_id":35,"param_name":"JointSlopeAngle","param_value_internal":0.9032343879743239,"distribution":"{\"name\": \"FloatDistribution\", \"attributes\": {\"step\": null, \"low\": 0.17453292519943295, \"high\": 1.0471975511965976, \"log\": false}}"}
{"op_code":5,"worker_id":"e332a2ce-d408-411c-bab0-345a07a73229-139705794506880","trial_id":35,"param_name":"OuterRadius","param_value_internal":13.320465190260082,"distribution":"{\"name\": \"FloatDistribution\", \"attributes\": {\"step\": null, \"low\": 8.75, \"high\": 17.75, \"log\": false}}"}
{"op_code":5,"worker_id":"e332a2ce-d408-411c-bab0-345a07a73229-139705794506880","trial_id":35,"param_name":"JointHeight","param_value_internal":5.812340501220091,"distribution":"{\"name\": \"FloatDistribution\", \"attributes\": {\"step\": null, \"low\": 5.0, \"high\": 8.0, \"log\": false}}"}
{"op_code":5,"worker_id":"e332a2ce-d408-411c-bab0-345a07a73229-139705794506880","trial_id":35,"param_name":"CavityCorkThickness","param_value_internal":2.3459756265179696,"distribution":"{\"name\": \"FloatDistribution\", \"attributes\": {\"step\": null, \"low\": 2.0, \"high\": 5.0, \"log\": false}}"}
{"op_code":5,"worker_id":"e332a2ce-d408-411c-bab0-345a07a73229-139705794506880","trial_id":35,"param_name":"BellowHeight","param_value_internal":7.30460658721396,"distribution":"{\"name\": \"FloatDistribution\", \"attributes\": {\"step\": null, \"low\": 6.0, \"high\": 10.0, \"log\": false}}"}
{"op_code":5,"worker_id":"e332a2ce-d408-411c-bab0-345a07a73229-139705794506880","trial_id":35,"param_name":"WallThickness","param_value_internal":3.7282681524047607,"distribution":"{\"name\": \"FloatDistribution\", \"attributes\": {\"step\": null, \"low\": 2.0, \"high\": 4.0, \"log\": false}}"}
{"op_code":5,"worker_id":"e332a2ce-d408-411c-bab0-345a07a73229-139705794506880","trial_id":35,"param_name":"PlateauHeight","param_value_internal":2.381873135578844,"distribution":"{\"name\": \"FloatDistribution\", \"attributes\": {\"step\": null, \"low\": 2.0, \"high\": 4.0, \"log\": false}}"}
{"op_code":6,"worker_id":"280985d5-349a-42af-891d-38016dff767b-140105724219520","trial_id":21,"state":1,"values":[-Infinity,-Infinity],"datetime_complete":"2026-06-05T15:20:31.366400"}
{"op_code":4,"worker_id":"280985d5-349a-42af-891d-38016dff767b-140105724219520","study_id":0,"datetime_start":"2026-06-05T15:20:31.377189"}
{"op_code":9,"worker_id":"280985d5-349a-42af-891d-38016dff767b-140105724219520","trial_id":36,"system_attr":{"nsga2:generation":0}}
{"op_code":5,"worker_id":"280985d5-349a-42af-891d-38016dff767b-140105724219520","trial_id":36,"param_name":"JointSlopeAngle","param_value_internal":0.9829503711315721,"distribution":"{\"name\": \"FloatDistribution\", \"attributes\": {\"step\": null, \"low\": 0.17453292519943295, \"high\": 1.0471975511965976, \"log\": false}}"}
{"op_code":5,"worker_id":"280985d5-349a-42af-891d-38016dff767b-140105724219520","trial_id":36,"param_name":"OuterRadius","param_value_internal":16.590305974665498,"distribution":"{\"name\": \"FloatDistribution\", \"attributes\": {\"step\": null, \"low\": 8.75, \"high\": 17.75, \"log\": false}}"}
{"op_code":5,"worker_id":"280985d5-349a-42af-891d-38016dff767b-140105724219520","trial_id":36,"param_name":"JointHeight","param_value_internal":5.6043776152432425,"distribution":"{\"name\": \"FloatDistribution\", \"attributes\": {\"step\": null, \"low\": 5.0, \"high\": 8.0, \"log\": false}}"}
{"op_code":5,"worker_id":"280985d5-349a-42af-891d-38016dff767b-140105724219520","trial_id":36,"param_name":"CavityCorkThickness","param_value_internal":4.646900456776546,"distribution":"{\"name\": \"FloatDistribution\", \"attributes\": {\"step\": null, \"low\": 2.0, \"high\": 5.0, \"log\": false}}"}
{"op_code":5,"worker_id":"280985d5-349a-42af-891d-38016dff767b-140105724219520","trial_id":36,"param_name":"BellowHeight","param_value_internal":8.77844673082409,"distribution":"{\"name\": \"FloatDistribution\", \"attributes\": {\"step\": null, \"low\": 6.0, \"high\": 10.0, \"log\": false}}"}
{"op_code":5,"worker_id":"280985d5-349a-42af-891d-38016dff767b-140105724219520","trial_id":36,"param_name":"WallThickness","param_value_internal":3.2645722504679395,"distribution":"{\"name\": \"FloatDistribution\", \"attributes\": {\"step\": null, \"low\": 2.0, \"high\": 4.0, \"log\": false}}"}
{"op_code":5,"worker_id":"280985d5-349a-42af-891d-38016dff767b-140105724219520","trial_id":36,"param_name":"PlateauHeight","param_value_internal":2.805146547453668,"distribution":"{\"name\": \"FloatDistribution\", \"attributes\": {\"step\": null, \"low\": 2.0, \"high\": 4.0, \"log\": false}}"}
{"op_code":6,"worker_id":"b4083449-2efe-415f-ac98-d0b00156e30d-140445561180288","trial_id":29,"state":1,"values":[-Infinity,-Infinity],"datetime_complete":"2026-06-05T15:20:31.817159"}
{"op_code":4,"worker_id":"b4083449-2efe-415f-ac98-d0b00156e30d-140445561180288","study_id":0,"datetime_start":"2026-06-05T15:20:31.827861"}
{"op_code":9,"worker_id":"b4083449-2efe-415f-ac98-d0b00156e30d-140445561180288","trial_id":37,"system_attr":{"nsga2:generation":0}}
{"op_code":5,"worker_id":"b4083449-2efe-415f-ac98-d0b00156e30d-140445561180288","trial_id":37,"param_name":"JointSlopeAngle","param_value_internal":0.5060980099451096,"distribution":"{\"name\": \"FloatDistribution\", \"attributes\": {\"step\": null, \"low\": 0.17453292519943295, \"high\": 1.0471975511965976, \"log\": false}}"}
{"op_code":5,"worker_id":"b4083449-2efe-415f-ac98-d0b00156e30d-140445561180288","trial_id":37,"param_name":"OuterRadius","param_value_internal":9.217831359420456,"distribution":"{\"name\": \"FloatDistribution\", \"attributes\": {\"step\": null, \"low\": 8.75, \"high\": 17.75, \"log\": false}}"}
{"op_code":5,"worker_id":"b4083449-2efe-415f-ac98-d0b00156e30d-140445561180288","trial_id":37,"param_name":"JointHeight","param_value_internal":5.0135984491888275,"distribution":"{\"name\": \"FloatDistribution\", \"attributes\": {\"step\": null, \"low\": 5.0, \"high\": 8.0, \"log\": false}}"}
{"op_code":5,"worker_id":"b4083449-2efe-415f-ac98-d0b00156e30d-140445561180288","trial_id":37,"param_name":"CavityCorkThickness","param_value_internal":4.251030396060857,"distribution":"{\"name\": \"FloatDistribution\", \"attributes\": {\"step\": null, \"low\": 2.0, \"high\": 5.0, \"log\": false}}"}
{"op_code":5,"worker_id":"b4083449-2efe-415f-ac98-d0b00156e30d-140445561180288","trial_id":37,"param_name":"BellowHeight","param_value_internal":7.9366117360216455,"distribution":"{\"name\": \"FloatDistribution\", \"attributes\": {\"step\": null, \"low\": 6.0, \"high\": 10.0, \"log\": false}}"}
{"op_code":5,"worker_id":"b4083449-2efe-415f-ac98-d0b00156e30d-140445561180288","trial_id":37,"param_name":"WallThickness","param_value_internal":2.371909971898194,"distribution":"{\"name\": \"FloatDistribution\", \"attributes\": {\"step\": null, \"low\": 2.0, \"high\": 4.0, \"log\": false}}"}
{"op_code":6,"worker_id":"88407e63-dd21-4ee2-91e3-9c0079baf8f2-139734788055168","trial_id":31,"state":1,"values":[-Infinity,-Infinity],"datetime_complete":"2026-06-05T15:20:31.873908"}
{"op_code":6,"worker_id":"f9bee2ed-99f0-466c-b576-77f86b4754b6-140517316042880","trial_id":30,"state":1,"values":[-Infinity,-Infinity],"datetime_complete":"2026-06-05T15:20:31.861621"}
{"op_code":5,"worker_id":"b4083449-2efe-415f-ac98-d0b00156e30d-140445561180288","trial_id":37,"param_name":"PlateauHeight","param_value_internal":2.168574747019221,"distribution":"{\"name\": \"FloatDistribution\", \"attributes\": {\"step\": null, \"low\": 2.0, \"high\": 4.0, \"log\": false}}"}
{"op_code":4,"worker_id":"88407e63-dd21-4ee2-91e3-9c0079baf8f2-139734788055168","study_id":0,"datetime_start":"2026-06-05T15:20:31.888091"}
{"op_code":4,"worker_id":"f9bee2ed-99f0-466c-b576-77f86b4754b6-140517316042880","study_id":0,"datetime_start":"2026-06-05T15:20:31.891905"}
{"op_code":9,"worker_id":"88407e63-dd21-4ee2-91e3-9c0079baf8f2-139734788055168","trial_id":38,"system_attr":{"nsga2:generation":0}}
{"op_code":9,"worker_id":"f9bee2ed-99f0-466c-b576-77f86b4754b6-140517316042880","trial_id":39,"system_attr":{"nsga2:generation":0}}
{"op_code":5,"worker_id":"88407e63-dd21-4ee2-91e3-9c0079baf8f2-139734788055168","trial_id":38,"param_name":"JointSlopeAngle","param_value_internal":0.7449817117477037,"distribution":"{\"name\": \"FloatDistribution\", \"attributes\": {\"step\": null, \"low\": 0.17453292519943295, \"high\": 1.0471975511965976, \"log\": false}}"}
{"op_code":5,"worker_id":"f9bee2ed-99f0-466c-b576-77f86b4754b6-140517316042880","trial_id":39,"param_name":"JointSlopeAngle","param_value_internal":0.2878858282345571,"distribution":"{\"name\": \"FloatDistribution\", \"attributes\": {\"step\": null, \"low\": 0.17453292519943295, \"high\": 1.0471975511965976, \"log\": false}}"}
{"op_code":5,"worker_id":"88407e63-dd21-4ee2-91e3-9c0079baf8f2-139734788055168","trial_id":38,"param_name":"OuterRadius","param_value_internal":9.000880103406203,"distribution":"{\"name\": \"FloatDistribution\", \"attributes\": {\"step\": null, \"low\": 8.75, \"high\": 17.75, \"log\": false}}"}
{"op_code":5,"worker_id":"f9bee2ed-99f0-466c-b576-77f86b4754b6-140517316042880","trial_id":39,"param_name":"OuterRadius","param_value_internal":9.524882109027367,"distribution":"{\"name\": \"FloatDistribution\", \"attributes\": {\"step\": null, \"low\": 8.75, \"high\": 17.75, \"log\": false}}"}
{"op_code":5,"worker_id":"88407e63-dd21-4ee2-91e3-9c0079baf8f2-139734788055168","trial_id":38,"param_name":"JointHeight","param_value_internal":5.216258320460629,"distribution":"{\"name\": \"FloatDistribution\", \"attributes\": {\"step\": null, \"low\": 5.0, \"high\": 8.0, \"log\": false}}"}
{"op_code":5,"worker_id":"f9bee2ed-99f0-466c-b576-77f86b4754b6-140517316042880","trial_id":39,"param_name":"JointHeight","param_value_internal":6.159444944246664,"distribution":"{\"name\": \"FloatDistribution\", \"attributes\": {\"step\": null, \"low\": 5.0, \"high\": 8.0, \"log\": false}}"}
{"op_code":5,"worker_id":"88407e63-dd21-4ee2-91e3-9c0079baf8f2-139734788055168","trial_id":38,"param_name":"CavityCorkThickness","param_value_internal":2.3516439411020524,"distribution":"{\"name\": \"FloatDistribution\", \"attributes\": {\"step\": null, \"low\": 2.0, \"high\": 5.0, \"log\": false}}"}
{"op_code":5,"worker_id":"f9bee2ed-99f0-466c-b576-77f86b4754b6-140517316042880","trial_id":39,"param_name":"CavityCorkThickness","param_value_internal":2.439640116506177,"distribution":"{\"name\": \"FloatDistribution\", \"attributes\": {\"step\": null, \"low\": 2.0, \"high\": 5.0, \"log\": false}}"}
{"op_code":5,"worker_id":"88407e63-dd21-4ee2-91e3-9c0079baf8f2-139734788055168","trial_id":38,"param_name":"BellowHeight","param_value_internal":6.379263445117868,"distribution":"{\"name\": \"FloatDistribution\", \"attributes\": {\"step\": null, \"low\": 6.0, \"high\": 10.0, \"log\": false}}"}
{"op_code":5,"worker_id":"f9bee2ed-99f0-466c-b576-77f86b4754b6-140517316042880","trial_id":39,"param_name":"BellowHeight","param_value_internal":8.954092039457572,"distribution":"{\"name\": \"FloatDistribution\", \"attributes\": {\"step\": null, \"low\": 6.0, \"high\": 10.0, \"log\": false}}"}
{"op_code":5,"worker_id":"88407e63-dd21-4ee2-91e3-9c0079baf8f2-139734788055168","trial_id":38,"param_name":"WallThickness","param_value_internal":2.702408605465174,"distribution":"{\"name\": \"FloatDistribution\", \"attributes\": {\"step\": null, \"low\": 2.0, \"high\": 4.0, \"log\": false}}"}
{"op_code":5,"worker_id":"f9bee2ed-99f0-466c-b576-77f86b4754b6-140517316042880","trial_id":39,"param_name":"WallThickness","param_value_internal":2.7457401423309484,"distribution":"{\"name\": \"FloatDistribution\", \"attributes\": {\"step\": null, \"low\": 2.0, \"high\": 4.0, \"log\": false}}"}
{"op_code":5,"worker_id":"88407e63-dd21-4ee2-91e3-9c0079baf8f2-139734788055168","trial_id":38,"param_name":"PlateauHeight","param_value_internal":2.2292584168852962,"distribution":"{\"name\": \"FloatDistribution\", \"attributes\": {\"step\": null, \"low\": 2.0, \"high\": 4.0, \"log\": false}}"}
{"op_code":5,"worker_id":"f9bee2ed-99f0-466c-b576-77f86b4754b6-140517316042880","trial_id":39,"param_name":"PlateauHeight","param_value_internal":2.876271597947191,"distribution":"{\"name\": \"FloatDistribution\", \"attributes\": {\"step\": null, \"low\": 2.0, \"high\": 4.0, \"log\": false}}"}
{"op_code":6,"worker_id":"4163d7ae-0e91-4770-af5d-b420f69a7577-140038262534272","trial_id":32,"state":1,"values":[-Infinity,-Infinity],"datetime_complete":"2026-06-05T15:20:32.050861"}
{"op_code":4,"worker_id":"4163d7ae-0e91-4770-af5d-b420f69a7577-140038262534272","study_id":0,"datetime_start":"2026-06-05T15:20:32.060765"}
{"op_code":9,"worker_id":"4163d7ae-0e91-4770-af5d-b420f69a7577-140038262534272","trial_id":40,"system_attr":{"nsga2:generation":0}}
{"op_code":5,"worker_id":"4163d7ae-0e91-4770-af5d-b420f69a7577-140038262534272","trial_id":40,"param_name":"JointSlopeAngle","param_value_internal":0.6142417215070741,"distribution":"{\"name\": \"FloatDistribution\", \"attributes\": {\"step\": null, \"low\": 0.17453292519943295, \"high\": 1.0471975511965976, \"log\": false}}"}
{"op_code":5,"worker_id":"4163d7ae-0e91-4770-af5d-b420f69a7577-140038262534272","trial_id":40,"param_name":"OuterRadius","param_value_internal":9.514464786113304,"distribution":"{\"name\": \"FloatDistribution\", \"attributes\": {\"step\": null, \"low\": 8.75, \"high\": 17.75, \"log\": false}}"}
{"op_code":5,"worker_id":"4163d7ae-0e91-4770-af5d-b420f69a7577-140038262534272","trial_id":40,"param_name":"JointHeight","param_value_internal":5.211097215722561,"distribution":"{\"name\": \"FloatDistribution\", \"attributes\": {\"step\": null, \"low\": 5.0, \"high\": 8.0, \"log\": false}}"}
{"op_code":5,"worker_id":"4163d7ae-0e91-4770-af5d-b420f69a7577-140038262534272","trial_id":40,"param_name":"CavityCorkThickness","param_value_internal":2.045250920254319,"distribution":"{\"name\": \"FloatDistribution\", \"attributes\": {\"step\": null, \"low\": 2.0, \"high\": 5.0, \"log\": false}}"}
{"op_code":5,"worker_id":"4163d7ae-0e91-4770-af5d-b420f69a7577-140038262534272","trial_id":40,"param_name":"BellowHeight","param_value_internal":7.905727255583555,"distribution":"{\"name\": \"FloatDistribution\", \"attributes\": {\"step\": null, \"low\": 6.0, \"high\": 10.0, \"log\": false}}"}
{"op_code":5,"worker_id":"4163d7ae-0e91-4770-af5d-b420f69a7577-140038262534272","trial_id":40,"param_name":"WallThickness","param_value_internal":2.186206192625556,"distribution":"{\"name\": \"FloatDistribution\", \"attributes\": {\"step\": null, \"low\": 2.0, \"high\": 4.0, \"log\": false}}"}
{"op_code":5,"worker_id":"4163d7ae-0e91-4770-af5d-b420f69a7577-140038262534272","trial_id":40,"param_name":"PlateauHeight","param_value_internal":2.277585992072943,"distribution":"{\"name\": \"FloatDistribution\", \"attributes\": {\"step\": null, \"low\": 2.0, \"high\": 4.0, \"log\": false}}"}
{"op_code":6,"worker_id":"05b1aa71-3198-4dc5-8e1d-d3f63aef5967-139814202810496","trial_id":33,"state":1,"values":[-Infinity,-Infinity],"datetime_complete":"2026-06-05T15:20:32.220698"}
{"op_code":4,"worker_id":"05b1aa71-3198-4dc5-8e1d-d3f63aef5967-139814202810496","study_id":0,"datetime_start":"2026-06-05T15:20:32.230855"}
{"op_code":9,"worker_id":"05b1aa71-3198-4dc5-8e1d-d3f63aef5967-139814202810496","trial_id":41,"system_attr":{"nsga2:generation":0}}
{"op_code":6,"worker_id":"cbb72291-b3d3-4a27-a4e1-b734c4eb077f-140656881606784","trial_id":27,"state":1,"values":[-Infinity,-Infinity],"datetime_complete":"2026-06-05T15:20:32.242986"}
{"op_code":5,"worker_id":"05b1aa71-3198-4dc5-8e1d-d3f63aef5967-139814202810496","trial_id":41,"param_name":"JointSlopeAngle","param_value_internal":0.7082995007378833,"distribution":"{\"name\": \"FloatDistribution\", \"attributes\": {\"step\": null, \"low\": 0.17453292519943295, \"high\": 1.0471975511965976, \"log\": false}}"}
{"op_code":5,"worker_id":"05b1aa71-3198-4dc5-8e1d-d3f63aef5967-139814202810496","trial_id":41,"param_name":"OuterRadius","param_value_internal":15.458725289133046,"distribution":"{\"name\": \"FloatDistribution\", \"attributes\": {\"step\": null, \"low\": 8.75, \"high\": 17.75, \"log\": false}}"}
{"op_code":6,"worker_id":"3f3be94b-2d6e-4c70-ac4b-7ac0b4c083f7-139957565182080","trial_id":34,"state":1,"values":[-Infinity,-Infinity],"datetime_complete":"2026-06-05T15:20:32.256763"}
{"op_code":5,"worker_id":"05b1aa71-3198-4dc5-8e1d-d3f63aef5967-139814202810496","trial_id":41,"param_name":"JointHeight","param_value_internal":7.315162447854165,"distribution":"{\"name\": \"FloatDistribution\", \"attributes\": {\"step\": null, \"low\": 5.0, \"high\": 8.0, \"log\": false}}"}
{"op_code":5,"worker_id":"05b1aa71-3198-4dc5-8e1d-d3f63aef5967-139814202810496","trial_id":41,"param_name":"CavityCorkThickness","param_value_internal":2.7609735382509673,"distribution":"{\"name\": \"FloatDistribution\", \"attributes\": {\"step\": null, \"low\": 2.0, \"high\": 5.0, \"log\": false}}"}
{"op_code":4,"worker_id":"3f3be94b-2d6e-4c70-ac4b-7ac0b4c083f7-139957565182080","study_id":0,"datetime_start":"2026-06-05T15:20:32.269705"}
{"op_code":5,"worker_id":"05b1aa71-3198-4dc5-8e1d-d3f63aef5967-139814202810496","trial_id":41,"param_name":"BellowHeight","param_value_internal":7.250161229091352,"distribution":"{\"name\": \"FloatDistribution\", \"attributes\": {\"step\": null, \"low\": 6.0, \"high\": 10.0, \"log\": false}}"}
{"op_code":9,"worker_id":"3f3be94b-2d6e-4c70-ac4b-7ac0b4c083f7-139957565182080","trial_id":42,"system_attr":{"nsga2:generation":0}}
{"op_code":4,"worker_id":"cbb72291-b3d3-4a27-a4e1-b734c4eb077f-140656881606784","study_id":0,"datetime_start":"2026-06-05T15:20:32.254807"}
{"op_code":5,"worker_id":"05b1aa71-3198-4dc5-8e1d-d3f63aef5967-139814202810496","trial_id":41,"param_name":"WallThickness","param_value_internal":3.2958413833554654,"distribution":"{\"name\": \"FloatDistribution\", \"attributes\": {\"step\": null, \"low\": 2.0, \"high\": 4.0, \"log\": false}}"}
{"op_code":5,"worker_id":"3f3be94b-2d6e-4c70-ac4b-7ac0b4c083f7-139957565182080","trial_id":42,"param_name":"JointSlopeAngle","param_value_internal":0.9158120220403275,"distribution":"{\"name\": \"FloatDistribution\", \"attributes\": {\"step\": null, \"low\": 0.17453292519943295, \"high\": 1.0471975511965976, \"log\": false}}"}
{"op_code":5,"worker_id":"05b1aa71-3198-4dc5-8e1d-d3f63aef5967-139814202810496","trial_id":41,"param_name":"PlateauHeight","param_value_internal":3.1177398897042794,"distribution":"{\"name\": \"FloatDistribution\", \"attributes\": {\"step\": null, \"low\": 2.0, \"high\": 4.0, \"log\": false}}"}
{"op_code":9,"worker_id":"cbb72291-b3d3-4a27-a4e1-b734c4eb077f-140656881606784","trial_id":43,"system_attr":{"nsga2:generation":0}}
{"op_code":5,"worker_id":"3f3be94b-2d6e-4c70-ac4b-7ac0b4c083f7-139957565182080","trial_id":42,"param_name":"OuterRadius","param_value_internal":15.646591744791397,"distribution":"{\"name\": \"FloatDistribution\", \"attributes\": {\"step\": null, \"low\": 8.75, \"high\": 17.75, \"log\": false}}"}
{"op_code":5,"worker_id":"3f3be94b-2d6e-4c70-ac4b-7ac0b4c083f7-139957565182080","trial_id":42,"param_name":"JointHeight","param_value_internal":5.275405425105055,"distribution":"{\"name\": \"FloatDistribution\", \"attributes\": {\"step\": null, \"low\": 5.0, \"high\": 8.0, \"log\": false}}"}
{"op_code":6,"worker_id":"21ce5292-8bb3-4a5e-91d8-c7aac74ec9c1-140218492825728","trial_id":28,"state":1,"values":[-Infinity,-Infinity],"datetime_complete":"2026-06-05T15:20:32.304549"}
{"op_code":5,"worker_id":"3f3be94b-2d6e-4c70-ac4b-7ac0b4c083f7-139957565182080","trial_id":42,"param_name":"CavityCorkThickness","param_value_internal":4.494801843203633,"distribution":"{\"name\": \"FloatDistribution\", \"attributes\": {\"step\": null, \"low\": 2.0, \"high\": 5.0, \"log\": false}}"}
{"op_code":5,"worker_id":"cbb72291-b3d3-4a27-a4e1-b734c4eb077f-140656881606784","trial_id":43,"param_name":"JointSlopeAngle","param_value_internal":0.7650033427279518,"distribution":"{\"name\": \"FloatDistribution\", \"attributes\": {\"step\": null, \"low\": 0.17453292519943295, \"high\": 1.0471975511965976, \"log\": false}}"}
{"op_code":4,"worker_id":"21ce5292-8bb3-4a5e-91d8-c7aac74ec9c1-140218492825728","study_id":0,"datetime_start":"2026-06-05T15:20:32.334635"}
{"op_code":5,"worker_id":"3f3be94b-2d6e-4c70-ac4b-7ac0b4c083f7-139957565182080","trial_id":42,"param_name":"BellowHeight","param_value_internal":9.031362980153759,"distribution":"{\"name\": \"FloatDistribution\", \"attributes\": {\"step\": null, \"low\": 6.0, \"high\": 10.0, \"log\": false}}"}
{"op_code":6,"worker_id":"e332a2ce-d408-411c-bab0-345a07a73229-139705794506880","trial_id":35,"state":1,"values":[-Infinity,-Infinity],"datetime_complete":"2026-06-05T15:20:32.309051"}
{"op_code":5,"worker_id":"3f3be94b-2d6e-4c70-ac4b-7ac0b4c083f7-139957565182080","trial_id":42,"param_name":"WallThickness","param_value_internal":2.129287793828654,"distribution":"{\"name\": \"FloatDistribution\", \"attributes\": {\"step\": null, \"low\": 2.0, \"high\": 4.0, \"log\": false}}"}
{"op_code":5,"worker_id":"cbb72291-b3d3-4a27-a4e1-b734c4eb077f-140656881606784","trial_id":43,"param_name":"OuterRadius","param_value_internal":11.663525058765162,"distribution":"{\"name\": \"FloatDistribution\", \"attributes\": {\"step\": null, \"low\": 8.75, \"high\": 17.75, \"log\": false}}"}
{"op_code":4,"worker_id":"e332a2ce-d408-411c-bab0-345a07a73229-139705794506880","study_id":0,"datetime_start":"2026-06-05T15:20:32.355598"}
{"op_code":9,"worker_id":"21ce5292-8bb3-4a5e-91d8-c7aac74ec9c1-140218492825728","trial_id":44,"system_attr":{"nsga2:generation":0}}
{"op_code":5,"worker_id":"cbb72291-b3d3-4a27-a4e1-b734c4eb077f-140656881606784","trial_id":43,"param_name":"JointHeight","param_value_internal":5.609955819005797,"distribution":"{\"name\": \"FloatDistribution\", \"attributes\": {\"step\": null, \"low\": 5.0, \"high\": 8.0, \"log\": false}}"}
{"op_code":9,"worker_id":"e332a2ce-d408-411c-bab0-345a07a73229-139705794506880","trial_id":45,"system_attr":{"nsga2:generation":0}}
{"op_code":5,"worker_id":"21ce5292-8bb3-4a5e-91d8-c7aac74ec9c1-140218492825728","trial_id":44,"param_name":"JointSlopeAngle","param_value_internal":0.31115163666816104,"distribution":"{\"name\": \"FloatDistribution\", \"attributes\": {\"step\": null, \"low\": 0.17453292519943295, \"high\": 1.0471975511965976, \"log\": false}}"}
{"op_code":5,"worker_id":"e332a2ce-d408-411c-bab0-345a07a73229-139705794506880","trial_id":45,"param_name":"JointSlopeAngle","param_value_internal":1.0296341234116069,"distribution":"{\"name\": \"FloatDistribution\", \"attributes\": {\"step\": null, \"low\": 0.17453292519943295, \"high\": 1.0471975511965976, \"log\": false}}"}
{"op_code":5,"worker_id":"3f3be94b-2d6e-4c70-ac4b-7ac0b4c083f7-139957565182080","trial_id":42,"param_name":"PlateauHeight","param_value_internal":2.2088576740549057,"distribution":"{\"name\": \"FloatDistribution\", \"attributes\": {\"step\": null, \"low\": 2.0, \"high\": 4.0, \"log\": false}}"}
{"op_code":5,"worker_id":"e332a2ce-d408-411c-bab0-345a07a73229-139705794506880","trial_id":45,"param_name":"OuterRadius","param_value_internal":15.313397289242236,"distribution":"{\"name\": \"FloatDistribution\", \"attributes\": {\"step\": null, \"low\": 8.75, \"high\": 17.75, \"log\": false}}"}
{"op_code":5,"worker_id":"e332a2ce-d408-411c-bab0-345a07a73229-139705794506880","trial_id":45,"param_name":"JointHeight","param_value_internal":5.3614765135744085,"distribution":"{\"name\": \"FloatDistribution\", \"attributes\": {\"step\": null, \"low\": 5.0, \"high\": 8.0, \"log\": false}}"}
{"op_code":5,"worker_id":"21ce5292-8bb3-4a5e-91d8-c7aac74ec9c1-140218492825728","trial_id":44,"param_name":"OuterRadius","param_value_internal":10.489753867410514,"distribution":"{\"name\": \"FloatDistribution\", \"attributes\": {\"step\": null, \"low\": 8.75, \"high\": 17.75, \"log\": false}}"}
{"op_code":5,"worker_id":"e332a2ce-d408-411c-bab0-345a07a73229-139705794506880","trial_id":45,"param_name":"CavityCorkThickness","param_value_internal":3.010702436844189,"distribution":"{\"name\": \"FloatDistribution\", \"attributes\": {\"step\": null, \"low\": 2.0, \"high\": 5.0, \"log\": false}}"}
{"op_code":5,"worker_id":"21ce5292-8bb3-4a5e-91d8-c7aac74ec9c1-140218492825728","trial_id":44,"param_name":"JointHeight","param_value_internal":7.230754864125149,"distribution":"{\"name\": \"FloatDistribution\", \"attributes\": {\"step\": null, \"low\": 5.0, \"high\": 8.0, \"log\": false}}"}
{"op_code":5,"worker_id":"e332a2ce-d408-411c-bab0-345a07a73229-139705794506880","trial_id":45,"param_name":"BellowHeight","param_value_internal":8.455814805396532,"distribution":"{\"name\": \"FloatDistribution\", \"attributes\": {\"step\": null, \"low\": 6.0, \"high\": 10.0, \"log\": false}}"}
{"op_code":5,"worker_id":"21ce5292-8bb3-4a5e-91d8-c7aac74ec9c1-140218492825728","trial_id":44,"param_name":"CavityCorkThickness","param_value_internal":4.321277847956059,"distribution":"{\"name\": \"FloatDistribution\", \"attributes\": {\"step\": null, \"low\": 2.0, \"high\": 5.0, \"log\": false}}"}
{"op_code":5,"worker_id":"e332a2ce-d408-411c-bab0-345a07a73229-139705794506880","trial_id":45,"param_name":"WallThickness","param_value_internal":2.4633536712253283,"distribution":"{\"name\": \"FloatDistribution\", \"attributes\": {\"step\": null, \"low\": 2.0, \"high\": 4.0, \"log\": false}}"}
{"op_code":5,"worker_id":"21ce5292-8bb3-4a5e-91d8-c7aac74ec9c1-140218492825728","trial_id":44,"param_name":"BellowHeight","param_value_internal":8.624710550663334,"distribution":"{\"name\": \"FloatDistribution\", \"attributes\": {\"step\": null, \"low\": 6.0, \"high\": 10.0, \"log\": false}}"}
{"op_code":5,"worker_id":"e332a2ce-d408-411c-bab0-345a07a73229-139705794506880","trial_id":45,"param_name":"PlateauHeight","param_value_internal":2.8384316179347193,"distribution":"{\"name\": \"FloatDistribution\", \"attributes\": {\"step\": null, \"low\": 2.0, \"high\": 4.0, \"log\": false}}"}
{"op_code":5,"worker_id":"21ce5292-8bb3-4a5e-91d8-c7aac74ec9c1-140218492825728","trial_id":44,"param_name":"WallThickness","param_value_internal":3.9026650026850063,"distribution":"{\"name\": \"FloatDistribution\", \"attributes\": {\"step\": null, \"low\": 2.0, \"high\": 4.0, \"log\": false}}"}
{"op_code":5,"worker_id":"21ce5292-8bb3-4a5e-91d8-c7aac74ec9c1-140218492825728","trial_id":44,"param_name":"PlateauHeight","param_value_internal":3.64860149993462,"distribution":"{\"name\": \"FloatDistribution\", \"attributes\": {\"step\": null, \"low\": 2.0, \"high\": 4.0, \"log\": false}}"}
{"op_code":5,"worker_id":"cbb72291-b3d3-4a27-a4e1-b734c4eb077f-140656881606784","trial_id":43,"param_name":"CavityCorkThickness","param_value_internal":3.3343394586334907,"distribution":"{\"name\": \"FloatDistribution\", \"attributes\": {\"step\": null, \"low\": 2.0, \"high\": 5.0, \"log\": false}}"}
{"op_code":5,"worker_id":"cbb72291-b3d3-4a27-a4e1-b734c4eb077f-140656881606784","trial_id":43,"param_name":"BellowHeight","param_value_internal":6.11441458527667,"distribution":"{\"name\": \"FloatDistribution\", \"attributes\": {\"step\": null, \"low\": 6.0, \"high\": 10.0, \"log\": false}}"}
{"op_code":5,"worker_id":"cbb72291-b3d3-4a27-a4e1-b734c4eb077f-140656881606784","trial_id":43,"param_name":"WallThickness","param_value_internal":2.2693614117739314,"distribution":"{\"name\": \"FloatDistribution\", \"attributes\": {\"step\": null, \"low\": 2.0, \"high\": 4.0, \"log\": false}}"}
{"op_code":5,"worker_id":"cbb72291-b3d3-4a27-a4e1-b734c4eb077f-140656881606784","trial_id":43,"param_name":"PlateauHeight","param_value_internal":2.9129398052698736,"distribution":"{\"name\": \"FloatDistribution\", \"attributes\": {\"step\": null, \"low\": 2.0, \"high\": 4.0, \"log\": false}}"}
{"op_code":6,"worker_id":"b4083449-2efe-415f-ac98-d0b00156e30d-140445561180288","trial_id":37,"state":1,"values":[-Infinity,-Infinity],"datetime_complete":"2026-06-05T15:20:32.948208"}
{"op_code":4,"worker_id":"b4083449-2efe-415f-ac98-d0b00156e30d-140445561180288","study_id":0,"datetime_start":"2026-06-05T15:20:32.958987"}
{"op_code":9,"worker_id":"b4083449-2efe-415f-ac98-d0b00156e30d-140445561180288","trial_id":46,"system_attr":{"nsga2:generation":0}}
{"op_code":5,"worker_id":"b4083449-2efe-415f-ac98-d0b00156e30d-140445561180288","trial_id":46,"param_name":"JointSlopeAngle","param_value_internal":0.9348837490000711,"distribution":"{\"name\": \"FloatDistribution\", \"attributes\": {\"step\": null, \"low\": 0.17453292519943295, \"high\": 1.0471975511965976, \"log\": false}}"}
{"op_code":5,"worker_id":"b4083449-2efe-415f-ac98-d0b00156e30d-140445561180288","trial_id":46,"param_name":"OuterRadius","param_value_internal":8.97677471356419,"distribution":"{\"name\": \"FloatDistribution\", \"attributes\": {\"step\": null, \"low\": 8.75, \"high\": 17.75, \"log\": false}}"}
{"op_code":5,"worker_id":"b4083449-2efe-415f-ac98-d0b00156e30d-140445561180288","trial_id":46,"param_name":"JointHeight","param_value_internal":5.894316361223498,"distribution":"{\"name\": \"FloatDistribution\", \"attributes\": {\"step\": null, \"low\": 5.0, \"high\": 8.0, \"log\": false}}"}
{"op_code":5,"worker_id":"b4083449-2efe-415f-ac98-d0b00156e30d-140445561180288","trial_id":46,"param_name":"CavityCorkThickness","param_value_internal":3.532098453005264,"distribution":"{\"name\": \"FloatDistribution\", \"attributes\": {\"step\": null, \"low\": 2.0, \"high\": 5.0, \"log\": false}}"}
{"op_code":5,"worker_id":"b4083449-2efe-415f-ac98-d0b00156e30d-140445561180288","trial_id":46,"param_name":"BellowHeight","param_value_internal":6.668862472837951,"distribution":"{\"name\": \"FloatDistribution\", \"attributes\": {\"step\": null, \"low\": 6.0, \"high\": 10.0, \"log\": false}}"}
{"op_code":5,"worker_id":"b4083449-2efe-415f-ac98-d0b00156e30d-140445561180288","trial_id":46,"param_name":"WallThickness","param_value_internal":2.9250359184491126,"distribution":"{\"name\": \"FloatDistribution\", \"attributes\": {\"step\": null, \"low\": 2.0, \"high\": 4.0, \"log\": false}}"}
{"op_code":5,"worker_id":"b4083449-2efe-415f-ac98-d0b00156e30d-140445561180288","trial_id":46,"param_name":"PlateauHeight","param_value_internal":2.623050214102032,"distribution":"{\"name\": \"FloatDistribution\", \"attributes\": {\"step\": null, \"low\": 2.0, \"high\": 4.0, \"log\": false}}"}
{"op_code":6,"worker_id":"88407e63-dd21-4ee2-91e3-9c0079baf8f2-139734788055168","trial_id":38,"state":1,"values":[-Infinity,-Infinity],"datetime_complete":"2026-06-05T15:20:33.010198"}
{"op_code":4,"worker_id":"88407e63-dd21-4ee2-91e3-9c0079baf8f2-139734788055168","study_id":0,"datetime_start":"2026-06-05T15:20:33.022357"}
{"op_code":6,"worker_id":"f9bee2ed-99f0-466c-b576-77f86b4754b6-140517316042880","trial_id":39,"state":1,"values":[-Infinity,-Infinity],"datetime_complete":"2026-06-05T15:20:33.022391"}
{"op_code":9,"worker_id":"88407e63-dd21-4ee2-91e3-9c0079baf8f2-139734788055168","trial_id":47,"system_attr":{"nsga2:generation":0}}
{"op_code":4,"worker_id":"f9bee2ed-99f0-466c-b576-77f86b4754b6-140517316042880","study_id":0,"datetime_start":"2026-06-05T15:20:33.039294"}
{"op_code":5,"worker_id":"88407e63-dd21-4ee2-91e3-9c0079baf8f2-139734788055168","trial_id":47,"param_name":"JointSlopeAngle","param_value_internal":0.3579430349244239,"distribution":"{\"name\": \"FloatDistribution\", \"attributes\": {\"step\": null, \"low\": 0.17453292519943295, \"high\": 1.0471975511965976, \"log\": false}}"}
{"op_code":5,"worker_id":"88407e63-dd21-4ee2-91e3-9c0079baf8f2-139734788055168","trial_id":47,"param_name":"OuterRadius","param_value_internal":17.527208120506323,"distribution":"{\"name\": \"FloatDistribution\", \"attributes\": {\"step\": null, \"low\": 8.75, \"high\": 17.75, \"log\": false}}"}
{"op_code":9,"worker_id":"f9bee2ed-99f0-466c-b576-77f86b4754b6-140517316042880","trial_id":48,"system_attr":{"nsga2:generation":0}}
{"op_code":5,"worker_id":"88407e63-dd21-4ee2-91e3-9c0079baf8f2-139734788055168","trial_id":47,"param_name":"JointHeight","param_value_internal":6.384026045379825,"distribution":"{\"name\": \"FloatDistribution\", \"attributes\": {\"step\": null, \"low\": 5.0, \"high\": 8.0, \"log\": false}}"}
{"op_code":5,"worker_id":"f9bee2ed-99f0-466c-b576-77f86b4754b6-140517316042880","trial_id":48,"param_name":"JointSlopeAngle","param_value_internal":0.19837681588151676,"distribution":"{\"name\": \"FloatDistribution\", \"attributes\": {\"step\": null, \"low\": 0.17453292519943295, \"high\": 1.0471975511965976, \"log\": false}}"}
{"op_code":5,"worker_id":"88407e63-dd21-4ee2-91e3-9c0079baf8f2-139734788055168","trial_id":47,"param_name":"CavityCorkThickness","param_value_internal":2.5750636708517014,"distribution":"{\"name\": \"FloatDistribution\", \"attributes\": {\"step\": null, \"low\": 2.0, \"high\": 5.0, \"log\": false}}"}
{"op_code":5,"worker_id":"f9bee2ed-99f0-466c-b576-77f86b4754b6-140517316042880","trial_id":48,"param_name":"OuterRadius","param_value_internal":16.7013467162963,"distribution":"{\"name\": \"FloatDistribution\", \"attributes\": {\"step\": null, \"low\": 8.75, \"high\": 17.75, \"log\": false}}"}
{"op_code":5,"worker_id":"88407e63-dd21-4ee2-91e3-9c0079baf8f2-139734788055168","trial_id":47,"param_name":"BellowHeight","param_value_internal":8.78905510879431,"distribution":"{\"name\": \"FloatDistribution\", \"attributes\": {\"step\": null, \"low\": 6.0, \"high\": 10.0, \"log\": false}}"}
{"op_code":5,"worker_id":"f9bee2ed-99f0-466c-b576-77f86b4754b6-140517316042880","trial_id":48,"param_name":"JointHeight","param_value_internal":5.069995559546516,"distribution":"{\"name\": \"FloatDistribution\", \"attributes\": {\"step\": null, \"low\": 5.0, \"high\": 8.0, \"log\": false}}"}
{"op_code":5,"worker_id":"88407e63-dd21-4ee2-91e3-9c0079baf8f2-139734788055168","trial_id":47,"param_name":"WallThickness","param_value_internal":3.1321831218683776,"distribution":"{\"name\": \"FloatDistribution\", \"attributes\": {\"step\": null, \"low\": 2.0, \"high\": 4.0, \"log\": false}}"}
{"op_code":5,"worker_id":"f9bee2ed-99f0-466c-b576-77f86b4754b6-140517316042880","trial_id":48,"param_name":"CavityCorkThickness","param_value_internal":4.979085097799953,"distribution":"{\"name\": \"FloatDistribution\", \"attributes\": {\"step\": null, \"low\": 2.0, \"high\": 5.0, \"log\": false}}"}
{"op_code":5,"worker_id":"88407e63-dd21-4ee2-91e3-9c0079baf8f2-139734788055168","trial_id":47,"param_name":"PlateauHeight","param_value_internal":2.4435058113221553,"distribution":"{\"name\": \"FloatDistribution\", \"attributes\": {\"step\": null, \"low\": 2.0, \"high\": 4.0, \"log\": false}}"}
{"op_code":5,"worker_id":"f9bee2ed-99f0-466c-b576-77f86b4754b6-140517316042880","trial_id":48,"param_name":"BellowHeight","param_value_internal":9.943913297188194,"distribution":"{\"name\": \"FloatDistribution\", \"attributes\": {\"step\": null, \"low\": 6.0, \"high\": 10.0, \"log\": false}}"}
{"op_code":5,"worker_id":"f9bee2ed-99f0-466c-b576-77f86b4754b6-140517316042880","trial_id":48,"param_name":"WallThickness","param_value_internal":2.4242460943970325,"distribution":"{\"name\": \"FloatDistribution\", \"attributes\": {\"step\": null, \"low\": 2.0, \"high\": 4.0, \"log\": false}}"}
{"op_code":5,"worker_id":"f9bee2ed-99f0-466c-b576-77f86b4754b6-140517316042880","trial_id":48,"param_name":"PlateauHeight","param_value_internal":3.0687285727549227,"distribution":"{\"name\": \"FloatDistribution\", \"attributes\": {\"step\": null, \"low\": 2.0, \"high\": 4.0, \"log\": false}}"}
{"op_code":6,"worker_id":"280985d5-349a-42af-891d-38016dff767b-140105724219520","trial_id":36,"state":1,"values":[-Infinity,-Infinity],"datetime_complete":"2026-06-05T15:20:33.135768"}
{"op_code":4,"worker_id":"280985d5-349a-42af-891d-38016dff767b-140105724219520","study_id":0,"datetime_start":"2026-06-05T15:20:33.146705"}
{"op_code":9,"worker_id":"280985d5-349a-42af-891d-38016dff767b-140105724219520","trial_id":49,"system_attr":{"nsga2:generation":0}}
{"op_code":5,"worker_id":"280985d5-349a-42af-891d-38016dff767b-140105724219520","trial_id":49,"param_name":"JointSlopeAngle","param_value_internal":0.7632996043635899,"distribution":"{\"name\": \"FloatDistribution\", \"attributes\": {\"step\": null, \"low\": 0.17453292519943295, \"high\": 1.0471975511965976, \"log\": false}}"}
{"op_code":6,"worker_id":"4163d7ae-0e91-4770-af5d-b420f69a7577-140038262534272","trial_id":40,"state":1,"values":[-Infinity,-Infinity],"datetime_complete":"2026-06-05T15:20:33.167947"}
{"op_code":5,"worker_id":"280985d5-349a-42af-891d-38016dff767b-140105724219520","trial_id":49,"param_name":"OuterRadius","param_value_internal":10.376979700829947,"distribution":"{\"name\": \"FloatDistribution\", \"attributes\": {\"step\": null, \"low\": 8.75, \"high\": 17.75, \"log\": false}}"}
{"op_code":5,"worker_id":"280985d5-349a-42af-891d-38016dff767b-140105724219520","trial_id":49,"param_name":"JointHeight","param_value_internal":6.512535492240712,"distribution":"{\"name\": \"FloatDistribution\", \"attributes\": {\"step\": null, \"low\": 5.0, \"high\": 8.0, \"log\": false}}"}
{"op_code":4,"worker_id":"4163d7ae-0e91-4770-af5d-b420f69a7577-140038262534272","study_id":0,"datetime_start":"2026-06-05T15:20:33.179657"}
{"op_code":5,"worker_id":"280985d5-349a-42af-891d-38016dff767b-140105724219520","trial_id":49,"param_name":"CavityCorkThickness","param_value_internal":4.598234451198566,"distribution":"{\"name\": \"FloatDistribution\", \"attributes\": {\"step\": null, \"low\": 2.0, \"high\": 5.0, \"log\": false}}"}
{"op_code":9,"worker_id":"4163d7ae-0e91-4770-af5d-b420f69a7577-140038262534272","trial_id":50,"system_attr":{"nsga2:generation":0}}
{"op_code":5,"worker_id":"280985d5-349a-42af-891d-38016dff767b-140105724219520","trial_id":49,"param_name":"BellowHeight","param_value_internal":6.049074436994699,"distribution":"{\"name\": \"FloatDistribution\", \"attributes\": {\"step\": null, \"low\": 6.0, \"high\": 10.0, \"log\": false}}"}
{"op_code":5,"worker_id":"4163d7ae-0e91-4770-af5d-b420f69a7577-140038262534272","trial_id":50,"param_name":"JointSlopeAngle","param_value_internal":0.8018222946128595,"distribution":"{\"name\": \"FloatDistribution\", \"attributes\": {\"step\": null, \"low\": 0.17453292519943295, \"high\": 1.0471975511965976, \"log\": false}}"}
{"op_code":5,"worker_id":"280985d5-349a-42af-891d-38016dff767b-140105724219520","trial_id":49,"param_name":"WallThickness","param_value_internal":3.769410809671488,"distribution":"{\"name\": \"FloatDistribution\", \"attributes\": {\"step\": null, \"low\": 2.0, \"high\": 4.0, \"log\": false}}"}
{"op_code":5,"worker_id":"4163d7ae-0e91-4770-af5d-b420f69a7577-140038262534272","trial_id":50,"param_name":"OuterRadius","param_value_internal":13.615817554038653,"distribution":"{\"name\": \"FloatDistribution\", \"attributes\": {\"step\": null, \"low\": 8.75, \"high\": 17.75, \"log\": false}}"}
{"op_code":5,"worker_id":"280985d5-349a-42af-891d-38016dff767b-140105724219520","trial_id":49,"param_name":"PlateauHeight","param_value_internal":3.3294390389590043,"distribution":"{\"name\": \"FloatDistribution\", \"attributes\": {\"step\": null, \"low\": 2.0, \"high\": 4.0, \"log\": false}}"}
{"op_code":5,"worker_id":"4163d7ae-0e91-4770-af5d-b420f69a7577-140038262534272","trial_id":50,"param_name":"JointHeight","param_value_internal":7.796088164969058,"distribution":"{\"name\": \"FloatDistribution\", \"attributes\": {\"step\": null, \"low\": 5.0, \"high\": 8.0, \"log\": false}}"}
{"op_code":5,"worker_id":"4163d7ae-0e91-4770-af5d-b420f69a7577-140038262534272","trial_id":50,"param_name":"CavityCorkThickness","param_value_internal":3.1341461291146864,"distribution":"{\"name\": \"FloatDistribution\", \"attributes\": {\"step\": null, \"low\": 2.0, \"high\": 5.0, \"log\": false}}"}
{"op_code":5,"worker_id":"4163d7ae-0e91-4770-af5d-b420f69a7577-140038262534272","trial_id":50,"param_name":"BellowHeight","param_value_internal":7.527970961269196,"distribution":"{\"name\": \"FloatDistribution\", \"attributes\": {\"step\": null, \"low\": 6.0, \"high\": 10.0, \"log\": false}}"}
{"op_code":5,"worker_id":"4163d7ae-0e91-4770-af5d-b420f69a7577-140038262534272","trial_id":50,"param_name":"WallThickness","param_value_internal":3.936647028170401,"distribution":"{\"name\": \"FloatDistribution\", \"attributes\": {\"step\": null, \"low\": 2.0, \"high\": 4.0, \"log\": false}}"}
{"op_code":5,"worker_id":"4163d7ae-0e91-4770-af5d-b420f69a7577-140038262534272","trial_id":50,"param_name":"PlateauHeight","param_value_internal":3.6755883673620033,"distribution":"{\"name\": \"FloatDistribution\", \"attributes\": {\"step\": null, \"low\": 2.0, \"high\": 4.0, \"log\": false}}"}
{"op_code":6,"worker_id":"05b1aa71-3198-4dc5-8e1d-d3f63aef5967-139814202810496","trial_id":41,"state":1,"values":[-Infinity,-Infinity],"datetime_complete":"2026-06-05T15:20:33.352199"}
{"op_code":4,"worker_id":"05b1aa71-3198-4dc5-8e1d-d3f63aef5967-139814202810496","study_id":0,"datetime_start":"2026-06-05T15:20:33.361899"}
{"op_code":9,"worker_id":"05b1aa71-3198-4dc5-8e1d-d3f63aef5967-139814202810496","trial_id":51,"system_attr":{"nsga2:generation":0}}
{"op_code":5,"worker_id":"05b1aa71-3198-4dc5-8e1d-d3f63aef5967-139814202810496","trial_id":51,"param_name":"JointSlopeAngle","param_value_internal":0.4885807939822082,"distribution":"{\"name\": \"FloatDistribution\", \"attributes\": {\"step\": null, \"low\": 0.17453292519943295, \"high\": 1.0471975511965976, \"log\": false}}"}
{"op_code":5,"worker_id":"05b1aa71-3198-4dc5-8e1d-d3f63aef5967-139814202810496","trial_id":51,"param_name":"OuterRadius","param_value_internal":14.154767578013914,"distribution":"{\"name\": \"FloatDistribution\", \"attributes\": {\"step\": null, \"low\": 8.75, \"high\": 17.75, \"log\": false}}"}
{"op_code":5,"worker_id":"05b1aa71-3198-4dc5-8e1d-d3f63aef5967-139814202810496","trial_id":51,"param_name":"JointHeight","param_value_internal":6.449806230852499,"distribution":"{\"name\": \"FloatDistribution\", \"attributes\": {\"step\": null, \"low\": 5.0, \"high\": 8.0, \"log\": false}}"}
{"op_code":5,"worker_id":"05b1aa71-3198-4dc5-8e1d-d3f63aef5967-139814202810496","trial_id":51,"param_name":"CavityCorkThickness","param_value_internal":3.0945284770835064,"distribution":"{\"name\": \"FloatDistribution\", \"attributes\": {\"step\": null, \"low\": 2.0, \"high\": 5.0, \"log\": false}}"}
{"op_code":5,"worker_id":"05b1aa71-3198-4dc5-8e1d-d3f63aef5967-139814202810496","trial_id":51,"param_name":"BellowHeight","param_value_internal":7.809709947074873,"distribution":"{\"name\": \"FloatDistribution\", \"attributes\": {\"step\": null, \"low\": 6.0, \"high\": 10.0, \"log\": false}}"}
{"op_code":5,"worker_id":"05b1aa71-3198-4dc5-8e1d-d3f63aef5967-139814202810496","trial_id":51,"param_name":"WallThickness","param_value_internal":3.904362210275126,"distribution":"{\"name\": \"FloatDistribution\", \"attributes\": {\"step\": null, \"low\": 2.0, \"high\": 4.0, \"log\": false}}"}
{"op_code":5,"worker_id":"05b1aa71-3198-4dc5-8e1d-d3f63aef5967-139814202810496","trial_id":51,"param_name":"PlateauHeight","param_value_internal":3.703516790580343,"distribution":"{\"name\": \"FloatDistribution\", \"attributes\": {\"step\": null, \"low\": 2.0, \"high\": 4.0, \"log\": false}}"}
{"op_code":6,"worker_id":"e332a2ce-d408-411c-bab0-345a07a73229-139705794506880","trial_id":45,"state":1,"values":[-Infinity,-Infinity],"datetime_complete":"2026-06-05T15:20:33.495935"}
{"op_code":4,"worker_id":"e332a2ce-d408-411c-bab0-345a07a73229-139705794506880","study_id":0,"datetime_start":"2026-06-05T15:20:33.505614"}
{"op_code":9,"worker_id":"e332a2ce-d408-411c-bab0-345a07a73229-139705794506880","trial_id":52,"system_attr":{"nsga2:generation":0}}
{"op_code":5,"worker_id":"e332a2ce-d408-411c-bab0-345a07a73229-139705794506880","trial_id":52,"param_name":"JointSlopeAngle","param_value_internal":0.4790640200918369,"distribution":"{\"name\": \"FloatDistribution\", \"attributes\": {\"step\": null, \"low\": 0.17453292519943295, \"high\": 1.0471975511965976, \"log\": false}}"}
{"op_code":5,"worker_id":"e332a2ce-d408-411c-bab0-345a07a73229-139705794506880","trial_id":52,"param_name":"OuterRadius","param_value_internal":12.38746021743264,"distribution":"{\"name\": \"FloatDistribution\", \"attributes\": {\"step\": null, \"low\": 8.75, \"high\": 17.75, \"log\": false}}"}
{"op_code":6,"worker_id":"3f3be94b-2d6e-4c70-ac4b-7ac0b4c083f7-139957565182080","trial_id":42,"state":1,"values":[-Infinity,-Infinity],"datetime_complete":"2026-06-05T15:20:33.528030"}
{"op_code":5,"worker_id":"e332a2ce-d408-411c-bab0-345a07a73229-139705794506880","trial_id":52,"param_name":"JointHeight","param_value_internal":7.8900057606100304,"distribution":"{\"name\": \"FloatDistribution\", \"attributes\": {\"step\": null, \"low\": 5.0, \"high\": 8.0, \"log\": false}}"}
{"op_code":5,"worker_id":"e332a2ce-d408-411c-bab0-345a07a73229-139705794506880","trial_id":52,"param_name":"CavityCorkThickness","param_value_internal":4.727341090853745,"distribution":"{\"name\": \"FloatDistribution\", \"attributes\": {\"step\": null, \"low\": 2.0, \"high\": 5.0, \"log\": false}}"}
{"op_code":4,"worker_id":"3f3be94b-2d6e-4c70-ac4b-7ac0b4c083f7-139957565182080","study_id":0,"datetime_start":"2026-06-05T15:20:33.545100"}
{"op_code":5,"worker_id":"e332a2ce-d408-411c-bab0-345a07a73229-139705794506880","trial_id":52,"param_name":"BellowHeight","param_value_internal":7.814574240643648,"distribution":"{\"name\": \"FloatDistribution\", \"attributes\": {\"step\": null, \"low\": 6.0, \"high\": 10.0, \"log\": false}}"}
{"op_code":5,"worker_id":"e332a2ce-d408-411c-bab0-345a07a73229-139705794506880","trial_id":52,"param_name":"WallThickness","param_value_internal":2.7444327908004356,"distribution":"{\"name\": \"FloatDistribution\", \"attributes\": {\"step\": null, \"low\": 2.0, \"high\": 4.0, \"log\": false}}"}
{"op_code":9,"worker_id":"3f3be94b-2d6e-4c70-ac4b-7ac0b4c083f7-139957565182080","trial_id":53,"system_attr":{"nsga2:generation":0}}
{"op_code":5,"worker_id":"e332a2ce-d408-411c-bab0-345a07a73229-139705794506880","trial_id":52,"param_name":"PlateauHeight","param_value_internal":3.441840601084958,"distribution":"{\"name\": \"FloatDistribution\", \"attributes\": {\"step\": null, \"low\": 2.0, \"high\": 4.0, \"log\": false}}"}
{"op_code":5,"worker_id":"3f3be94b-2d6e-4c70-ac4b-7ac0b4c083f7-139957565182080","trial_id":53,"param_name":"JointSlopeAngle","param_value_internal":0.5952888980147265,"distribution":"{\"name\": \"FloatDistribution\", \"attributes\": {\"step\": null, \"low\": 0.17453292519943295, \"high\": 1.0471975511965976, \"log\": false}}"}
{"op_code":5,"worker_id":"3f3be94b-2d6e-4c70-ac4b-7ac0b4c083f7-139957565182080","trial_id":53,"param_name":"OuterRadius","param_value_internal":10.01594239539718,"distribution":"{\"name\": \"FloatDistribution\", \"attributes\": {\"step\": null, \"low\": 8.75, \"high\": 17.75, \"log\": false}}"}
{"op_code":5,"worker_id":"3f3be94b-2d6e-4c70-ac4b-7ac0b4c083f7-139957565182080","trial_id":53,"param_name":"JointHeight","param_value_internal":5.14552048588515,"distribution":"{\"name\": \"FloatDistribution\", \"attributes\": {\"step\": null, \"low\": 5.0, \"high\": 8.0, \"log\": false}}"}
{"op_code":5,"worker_id":"3f3be94b-2d6e-4c70-ac4b-7ac0b4c083f7-139957565182080","trial_id":53,"param_name":"CavityCorkThickness","param_value_internal":2.847414902147206,"distribution":"{\"name\": \"FloatDistribution\", \"attributes\": {\"step\": null, \"low\": 2.0, \"high\": 5.0, \"log\": false}}"}
{"op_code":5,"worker_id":"3f3be94b-2d6e-4c70-ac4b-7ac0b4c083f7-139957565182080","trial_id":53,"param_name":"BellowHeight","param_value_internal":8.107474377933409,"distribution":"{\"name\": \"FloatDistribution\", \"attributes\": {\"step\": null, \"low\": 6.0, \"high\": 10.0, \"log\": false}}"}
{"op_code":5,"worker_id":"3f3be94b-2d6e-4c70-ac4b-7ac0b4c083f7-139957565182080","trial_id":53,"param_name":"WallThickness","param_value_internal":3.822861332346349,"distribution":"{\"name\": \"FloatDistribution\", \"attributes\": {\"step\": null, \"low\": 2.0, \"high\": 4.0, \"log\": false}}"}
{"op_code":5,"worker_id":"3f3be94b-2d6e-4c70-ac4b-7ac0b4c083f7-139957565182080","trial_id":53,"param_name":"PlateauHeight","param_value_internal":2.24956446799424,"distribution":"{\"name\": \"FloatDistribution\", \"attributes\": {\"step\": null, \"low\": 2.0, \"high\": 4.0, \"log\": false}}"}
{"op_code":6,"worker_id":"b4083449-2efe-415f-ac98-d0b00156e30d-140445561180288","trial_id":46,"state":1,"values":[-Infinity,-Infinity],"datetime_complete":"2026-06-05T15:20:34.074947"}
{"op_code":4,"worker_id":"b4083449-2efe-415f-ac98-d0b00156e30d-140445561180288","study_id":0,"datetime_start":"2026-06-05T15:20:34.085900"}
{"op_code":9,"worker_id":"b4083449-2efe-415f-ac98-d0b00156e30d-140445561180288","trial_id":54,"system_attr":{"nsga2:generation":0}}
{"op_code":5,"worker_id":"b4083449-2efe-415f-ac98-d0b00156e30d-140445561180288","trial_id":54,"param_name":"JointSlopeAngle","param_value_internal":0.430096403657258,"distribution":"{\"name\": \"FloatDistribution\", \"attributes\": {\"step\": null, \"low\": 0.17453292519943295, \"high\": 1.0471975511965976, \"log\": false}}"}
{"op_code":5,"worker_id":"b4083449-2efe-415f-ac98-d0b00156e30d-140445561180288","trial_id":54,"param_name":"OuterRadius","param_value_internal":11.038701094982189,"distribution":"{\"name\": \"FloatDistribution\", \"attributes\": {\"step\": null, \"low\": 8.75, \"high\": 17.75, \"log\": false}}"}
{"op_code":5,"worker_id":"b4083449-2efe-415f-ac98-d0b00156e30d-140445561180288","trial_id":54,"param_name":"JointHeight","param_value_internal":6.179867694019846,"distribution":"{\"name\": \"FloatDistribution\", \"attributes\": {\"step\": null, \"low\": 5.0, \"high\": 8.0, \"log\": false}}"}
{"op_code":5,"worker_id":"b4083449-2efe-415f-ac98-d0b00156e30d-140445561180288","trial_id":54,"param_name":"CavityCorkThickness","param_value_internal":2.827494558438441,"distribution":"{\"name\": \"FloatDistribution\", \"attributes\": {\"step\": null, \"low\": 2.0, \"high\": 5.0, \"log\": false}}"}
{"op_code":5,"worker_id":"b4083449-2efe-415f-ac98-d0b00156e30d-140445561180288","trial_id":54,"param_name":"BellowHeight","param_value_internal":9.121297579263203,"distribution":"{\"name\": \"FloatDistribution\", \"attributes\": {\"step\": null, \"low\": 6.0, \"high\": 10.0, \"log\": false}}"}
{"op_code":5,"worker_id":"b4083449-2efe-415f-ac98-d0b00156e30d-140445561180288","trial_id":54,"param_name":"WallThickness","param_value_internal":2.220265415585052,"distribution":"{\"name\": \"FloatDistribution\", \"attributes\": {\"step\": null, \"low\": 2.0, \"high\": 4.0, \"log\": false}}"}
{"op_code":5,"worker_id":"b4083449-2efe-415f-ac98-d0b00156e30d-140445561180288","trial_id":54,"param_name":"PlateauHeight","param_value_internal":3.5916411351143758,"distribution":"{\"name\": \"FloatDistribution\", \"attributes\": {\"step\": null, \"low\": 2.0, \"high\": 4.0, \"log\": false}}"}
{"op_code":6,"worker_id":"88407e63-dd21-4ee2-91e3-9c0079baf8f2-139734788055168","trial_id":47,"state":1,"values":[-Infinity,-Infinity],"datetime_complete":"2026-06-05T15:20:34.149322"}
{"op_code":4,"worker_id":"88407e63-dd21-4ee2-91e3-9c0079baf8f2-139734788055168","study_id":0,"datetime_start":"2026-06-05T15:20:34.159386"}
{"op_code":6,"worker_id":"f9bee2ed-99f0-466c-b576-77f86b4754b6-140517316042880","trial_id":48,"state":1,"values":[-Infinity,-Infinity],"datetime_complete":"2026-06-05T15:20:34.162516"}
{"op_code":6,"worker_id":"21ce5292-8bb3-4a5e-91d8-c7aac74ec9c1-140218492825728","trial_id":44,"state":1,"values":[-Infinity,-Infinity],"datetime_complete":"2026-06-05T15:20:34.167960"}
{"op_code":9,"worker_id":"88407e63-dd21-4ee2-91e3-9c0079baf8f2-139734788055168","trial_id":55,"system_attr":{"nsga2:generation":0}}
{"op_code":4,"worker_id":"f9bee2ed-99f0-466c-b576-77f86b4754b6-140517316042880","study_id":0,"datetime_start":"2026-06-05T15:20:34.177322"}
{"op_code":4,"worker_id":"21ce5292-8bb3-4a5e-91d8-c7aac74ec9c1-140218492825728","study_id":0,"datetime_start":"2026-06-05T15:20:34.179933"}
{"op_code":5,"worker_id":"88407e63-dd21-4ee2-91e3-9c0079baf8f2-139734788055168","trial_id":55,"param_name":"JointSlopeAngle","param_value_internal":0.7270728980023111,"distribution":"{\"name\": \"FloatDistribution\", \"attributes\": {\"step\": null, \"low\": 0.17453292519943295, \"high\": 1.0471975511965976, \"log\": false}}"}
{"op_code":9,"worker_id":"f9bee2ed-99f0-466c-b576-77f86b4754b6-140517316042880","trial_id":56,"system_attr":{"nsga2:generation":0}}
{"op_code":5,"worker_id":"88407e63-dd21-4ee2-91e3-9c0079baf8f2-139734788055168","trial_id":55,"param_name":"OuterRadius","param_value_internal":11.130852101378352,"distribution":"{\"name\": \"FloatDistribution\", \"attributes\": {\"step\": null, \"low\": 8.75, \"high\": 17.75, \"log\": false}}"}
{"op_code":5,"worker_id":"f9bee2ed-99f0-466c-b576-77f86b4754b6-140517316042880","trial_id":56,"param_name":"JointSlopeAngle","param_value_internal":0.6229712211210994,"distribution":"{\"name\": \"FloatDistribution\", \"attributes\": {\"step\": null, \"low\": 0.17453292519943295, \"high\": 1.0471975511965976, \"log\": false}}"}
{"op_code":5,"worker_id":"88407e63-dd21-4ee2-91e3-9c0079baf8f2-139734788055168","trial_id":55,"param_name":"JointHeight","param_value_internal":6.629273826472302,"distribution":"{\"name\": \"FloatDistribution\", \"attributes\": {\"step\": null, \"low\": 5.0, \"high\": 8.0, \"log\": false}}"}
{"op_code":9,"worker_id":"21ce5292-8bb3-4a5e-91d8-c7aac74ec9c1-140218492825728","trial_id":57,"system_attr":{"nsga2:generation":0}}
{"op_code":5,"worker_id":"f9bee2ed-99f0-466c-b576-77f86b4754b6-140517316042880","trial_id":56,"param_name":"OuterRadius","param_value_internal":11.64651421330242,"distribution":"{\"name\": \"FloatDistribution\", \"attributes\": {\"step\": null, \"low\": 8.75, \"high\": 17.75, \"log\": false}}"}
{"op_code":5,"worker_id":"21ce5292-8bb3-4a5e-91d8-c7aac74ec9c1-140218492825728","trial_id":57,"param_name":"JointSlopeAngle","param_value_internal":0.8024284346306881,"distribution":"{\"name\": \"FloatDistribution\", \"attributes\": {\"step\": null, \"low\": 0.17453292519943295, \"high\": 1.0471975511965976, \"log\": false}}"}
{"op_code":5,"worker_id":"f9bee2ed-99f0-466c-b576-77f86b4754b6-140517316042880","trial_id":56,"param_name":"JointHeight","param_value_internal":5.080184613151333,"distribution":"{\"name\": \"FloatDistribution\", \"attributes\": {\"step\": null, \"low\": 5.0, \"high\": 8.0, \"log\": false}}"}
{"op_code":5,"worker_id":"88407e63-dd21-4ee2-91e3-9c0079baf8f2-139734788055168","trial_id":55,"param_name":"CavityCorkThickness","param_value_internal":4.308445633932288,"distribution":"{\"name\": \"FloatDistribution\", \"attributes\": {\"step\": null, \"low\": 2.0, \"high\": 5.0, \"log\": false}}"}
{"op_code":5,"worker_id":"f9bee2ed-99f0-466c-b576-77f86b4754b6-140517316042880","trial_id":56,"param_name":"CavityCorkThickness","param_value_internal":4.502216933719979,"distribution":"{\"name\": \"FloatDistribution\", \"attributes\": {\"step\": null, \"low\": 2.0, \"high\": 5.0, \"log\": false}}"}
{"op_code":6,"worker_id":"cbb72291-b3d3-4a27-a4e1-b734c4eb077f-140656881606784","trial_id":43,"state":1,"values":[-Infinity,-Infinity],"datetime_complete":"2026-06-05T15:20:34.234997"}
{"op_code":5,"worker_id":"88407e63-dd21-4ee2-91e3-9c0079baf8f2-139734788055168","trial_id":55,"param_name":"BellowHeight","param_value_internal":9.857374994611346,"distribution":"{\"name\": \"FloatDistribution\", \"attributes\": {\"step\": null, \"low\": 6.0, \"high\": 10.0, \"log\": false}}"}
{"op_code":5,"worker_id":"f9bee2ed-99f0-466c-b576-77f86b4754b6-140517316042880","trial_id":56,"param_name":"BellowHeight","param_value_internal":8.889771730118467,"distribution":"{\"name\": \"FloatDistribution\", \"attributes\": {\"step\": null, \"low\": 6.0, \"high\": 10.0, \"log\": false}}"}
{"op_code":5,"worker_id":"88407e63-dd21-4ee2-91e3-9c0079baf8f2-139734788055168","trial_id":55,"param_name":"WallThickness","param_value_internal":3.660078367739991,"distribution":"{\"name\": \"FloatDistribution\", \"attributes\": {\"step\": null, \"low\": 2.0, \"high\": 4.0, \"log\": false}}"}
{"op_code":5,"worker_id":"f9bee2ed-99f0-466c-b576-77f86b4754b6-140517316042880","trial_id":56,"param_name":"WallThickness","param_value_internal":3.648314086319602,"distribution":"{\"name\": \"FloatDistribution\", \"attributes\": {\"step\": null, \"low\": 2.0, \"high\": 4.0, \"log\": false}}"}
{"op_code":5,"worker_id":"88407e63-dd21-4ee2-91e3-9c0079baf8f2-139734788055168","trial_id":55,"param_name":"PlateauHeight","param_value_internal":2.781082081487949,"distribution":"{\"name\": \"FloatDistribution\", \"attributes\": {\"step\": null, \"low\": 2.0, \"high\": 4.0, \"log\": false}}"}
{"op_code":4,"worker_id":"cbb72291-b3d3-4a27-a4e1-b734c4eb077f-140656881606784","study_id":0,"datetime_start":"2026-06-05T15:20:34.246870"}
{"op_code":5,"worker_id":"f9bee2ed-99f0-466c-b576-77f86b4754b6-140517316042880","trial_id":56,"param_name":"PlateauHeight","param_value_internal":2.968031608140821,"distribution":"{\"name\": \"FloatDistribution\", \"attributes\": {\"step\": null, \"low\": 2.0, \"high\": 4.0, \"log\": false}}"}
{"op_code":9,"worker_id":"cbb72291-b3d3-4a27-a4e1-b734c4eb077f-140656881606784","trial_id":58,"system_attr":{"nsga2:generation":0}}
{"op_code":5,"worker_id":"cbb72291-b3d3-4a27-a4e1-b734c4eb077f-140656881606784","trial_id":58,"param_name":"JointSlopeAngle","param_value_internal":0.7127041711935344,"distribution":"{\"name\": \"FloatDistribution\", \"attributes\": {\"step\": null, \"low\": 0.17453292519943295, \"high\": 1.0471975511965976, \"log\": false}}"}
{"op_code":5,"worker_id":"cbb72291-b3d3-4a27-a4e1-b734c4eb077f-140656881606784","trial_id":58,"param_name":"OuterRadius","param_value_internal":14.477581186160734,"distribution":"{\"name\": \"FloatDistribution\", \"attributes\": {\"step\": null, \"low\": 8.75, \"high\": 17.75, \"log\": false}}"}
{"op_code":5,"worker_id":"cbb72291-b3d3-4a27-a4e1-b734c4eb077f-140656881606784","trial_id":58,"param_name":"JointHeight","param_value_internal":6.178761882681233,"distribution":"{\"name\": \"FloatDistribution\", \"attributes\": {\"step\": null, \"low\": 5.0, \"high\": 8.0, \"log\": false}}"}
{"op_code":5,"worker_id":"cbb72291-b3d3-4a27-a4e1-b734c4eb077f-140656881606784","trial_id":58,"param_name":"CavityCorkThickness","param_value_internal":3.1777718194435205,"distribution":"{\"name\": \"FloatDistribution\", \"attributes\": {\"step\": null, \"low\": 2.0, \"high\": 5.0, \"log\": false}}"}
{"op_code":5,"worker_id":"cbb72291-b3d3-4a27-a4e1-b734c4eb077f-140656881606784","trial_id":58,"param_name":"BellowHeight","param_value_internal":8.737172305001028,"distribution":"{\"name\": \"FloatDistribution\", \"attributes\": {\"step\": null, \"low\": 6.0, \"high\": 10.0, \"log\": false}}"}
{"op_code":6,"worker_id":"4163d7ae-0e91-4770-af5d-b420f69a7577-140038262534272","trial_id":50,"state":1,"values":[-Infinity,-Infinity],"datetime_complete":"2026-06-05T15:20:34.307635"}
{"op_code":5,"worker_id":"cbb72291-b3d3-4a27-a4e1-b734c4eb077f-140656881606784","trial_id":58,"param_name":"WallThickness","param_value_internal":3.6571914010951714,"distribution":"{\"name\": \"FloatDistribution\", \"attributes\": {\"step\": null, \"low\": 2.0, \"high\": 4.0, \"log\": false}}"}
{"op_code":5,"worker_id":"cbb72291-b3d3-4a27-a4e1-b734c4eb077f-140656881606784","trial_id":58,"param_name":"PlateauHeight","param_value_internal":2.7729820590625875,"distribution":"{\"name\": \"FloatDistribution\", \"attributes\": {\"step\": null, \"low\": 2.0, \"high\": 4.0, \"log\": false}}"}
{"op_code":4,"worker_id":"4163d7ae-0e91-4770-af5d-b420f69a7577-140038262534272","study_id":0,"datetime_start":"2026-06-05T15:20:34.321053"}
{"op_code":9,"worker_id":"4163d7ae-0e91-4770-af5d-b420f69a7577-140038262534272","trial_id":59,"system_attr":{"nsga2:generation":1}}
{"op_code":5,"worker_id":"4163d7ae-0e91-4770-af5d-b420f69a7577-140038262534272","trial_id":59,"param_name":"JointSlopeAngle","param_value_internal":0.29134781316538666,"distribution":"{\"name\": \"FloatDistribution\", \"attributes\": {\"step\": null, \"low\": 0.17453292519943295, \"high\": 1.0471975511965976, \"log\": false}}"}
{"op_code":5,"worker_id":"4163d7ae-0e91-4770-af5d-b420f69a7577-140038262534272","trial_id":59,"param_name":"OuterRadius","param_value_internal":16.171062060219377,"distribution":"{\"name\": \"FloatDistribution\", \"attributes\": {\"step\": null, \"low\": 8.75, \"high\": 17.75, \"log\": false}}"}
{"op_code":5,"worker_id":"4163d7ae-0e91-4770-af5d-b420f69a7577-140038262534272","trial_id":59,"param_name":"JointHeight","param_value_internal":5.675567635484528,"distribution":"{\"name\": \"FloatDistribution\", \"attributes\": {\"step\": null, \"low\": 5.0, \"high\": 8.0, \"log\": false}}"}
{"op_code":5,"worker_id":"4163d7ae-0e91-4770-af5d-b420f69a7577-140038262534272","trial_id":59,"param_name":"CavityCorkThickness","param_value_internal":3.2431676590266956,"distribution":"{\"name\": \"FloatDistribution\", \"attributes\": {\"step\": null, \"low\": 2.0, \"high\": 5.0, \"log\": false}}"}
{"op_code":5,"worker_id":"4163d7ae-0e91-4770-af5d-b420f69a7577-140038262534272","trial_id":59,"param_name":"BellowHeight","param_value_internal":8.35324026075771,"distribution":"{\"name\": \"FloatDistribution\", \"attributes\": {\"step\": null, \"low\": 6.0, \"high\": 10.0, \"log\": false}}"}
{"op_code":5,"worker_id":"4163d7ae-0e91-4770-af5d-b420f69a7577-140038262534272","trial_id":59,"param_name":"WallThickness","param_value_internal":2.7686723463064737,"distribution":"{\"name\": \"FloatDistribution\", \"attributes\": {\"step\": null, \"low\": 2.0, \"high\": 4.0, \"log\": false}}"}
{"op_code":5,"worker_id":"4163d7ae-0e91-4770-af5d-b420f69a7577-140038262534272","trial_id":59,"param_name":"PlateauHeight","param_value_internal":2.4644596980186018,"distribution":"{\"name\": \"FloatDistribution\", \"attributes\": {\"step\": null, \"low\": 2.0, \"high\": 4.0, \"log\": false}}"}
{"op_code":6,"worker_id":"05b1aa71-3198-4dc5-8e1d-d3f63aef5967-139814202810496","trial_id":51,"state":1,"values":[-Infinity,-Infinity],"datetime_complete":"2026-06-05T15:20:34.447034"}
{"op_code":4,"worker_id":"05b1aa71-3198-4dc5-8e1d-d3f63aef5967-139814202810496","study_id":0,"datetime_start":"2026-06-05T15:20:34.457758"}
{"op_code":9,"worker_id":"05b1aa71-3198-4dc5-8e1d-d3f63aef5967-139814202810496","trial_id":60,"system_attr":{"nsga2:generation":1}}
{"op_code":5,"worker_id":"05b1aa71-3198-4dc5-8e1d-d3f63aef5967-139814202810496","trial_id":60,"param_name":"JointSlopeAngle","param_value_internal":0.5567074769138034,"distribution":"{\"name\": \"FloatDistribution\", \"attributes\": {\"step\": null, \"low\": 0.17453292519943295, \"high\": 1.0471975511965976, \"log\": false}}"}
{"op_code":5,"worker_id":"05b1aa71-3198-4dc5-8e1d-d3f63aef5967-139814202810496","trial_id":60,"param_name":"OuterRadius","param_value_internal":11.10129824764435,"distribution":"{\"name\": \"FloatDistribution\", \"attributes\": {\"step\": null, \"low\": 8.75, \"high\": 17.75, \"log\": false}}"}
{"op_code":5,"worker_id":"05b1aa71-3198-4dc5-8e1d-d3f63aef5967-139814202810496","trial_id":60,"param_name":"JointHeight","param_value_internal":5.705996695618444,"distribution":"{\"name\": \"FloatDistribution\", \"attributes\": {\"step\": null, \"low\": 5.0, \"high\": 8.0, \"log\": false}}"}
{"op_code":5,"worker_id":"05b1aa71-3198-4dc5-8e1d-d3f63aef5967-139814202810496","trial_id":60,"param_name":"CavityCorkThickness","param_value_internal":3.037826454751787,"distribution":"{\"name\": \"FloatDistribution\", \"attributes\": {\"step\": null, \"low\": 2.0, \"high\": 5.0, \"log\": false}}"}
{"op_code":5,"worker_id":"05b1aa71-3198-4dc5-8e1d-d3f63aef5967-139814202810496","trial_id":60,"param_name":"BellowHeight","param_value_internal":8.643435471035952,"distribution":"{\"name\": \"FloatDistribution\", \"attributes\": {\"step\": null, \"low\": 6.0, \"high\": 10.0, \"log\": false}}"}
{"op_code":5,"worker_id":"05b1aa71-3198-4dc5-8e1d-d3f63aef5967-139814202810496","trial_id":60,"param_name":"WallThickness","param_value_internal":2.479442745816366,"distribution":"{\"name\": \"FloatDistribution\", \"attributes\": {\"step\": null, \"low\": 2.0, \"high\": 4.0, \"log\": false}}"}
{"op_code":5,"worker_id":"05b1aa71-3198-4dc5-8e1d-d3f63aef5967-139814202810496","trial_id":60,"param_name":"PlateauHeight","param_value_internal":2.143438601701965,"distribution":"{\"name\": \"FloatDistribution\", \"attributes\": {\"step\": null, \"low\": 2.0, \"high\": 4.0, \"log\": false}}"}
{"op_code":6,"worker_id":"e332a2ce-d408-411c-bab0-345a07a73229-139705794506880","trial_id":52,"state":1,"values":[-Infinity,-Infinity],"datetime_complete":"2026-06-05T15:20:34.610985"}
{"op_code":4,"worker_id":"e332a2ce-d408-411c-bab0-345a07a73229-139705794506880","study_id":0,"datetime_start":"2026-06-05T15:20:34.622566"}
{"op_code":9,"worker_id":"e332a2ce-d408-411c-bab0-345a07a73229-139705794506880","trial_id":61,"system_attr":{"nsga2:generation":1}}
{"op_code":5,"worker_id":"e332a2ce-d408-411c-bab0-345a07a73229-139705794506880","trial_id":61,"param_name":"JointSlopeAngle","param_value_internal":0.2200930501964251,"distribution":"{\"name\": \"FloatDistribution\", \"attributes\": {\"step\": null, \"low\": 0.17453292519943295, \"high\": 1.0471975511965976, \"log\": false}}"}
{"op_code":5,"worker_id":"e332a2ce-d408-411c-bab0-345a07a73229-139705794506880","trial_id":61,"param_name":"OuterRadius","param_value_internal":16.681399029835042,"distribution":"{\"name\": \"FloatDistribution\", \"attributes\": {\"step\": null, \"low\": 8.75, \"high\": 17.75, \"log\": false}}"}
{"op_code":5,"worker_id":"e332a2ce-d408-411c-bab0-345a07a73229-139705794506880","trial_id":61,"param_name":"JointHeight","param_value_internal":7.613280352830498,"distribution":"{\"name\": \"FloatDistribution\", \"attributes\": {\"step\": null, \"low\": 5.0, \"high\": 8.0, \"log\": false}}"}
{"op_code":5,"worker_id":"e332a2ce-d408-411c-bab0-345a07a73229-139705794506880","trial_id":61,"param_name":"CavityCorkThickness","param_value_internal":2.719642412674654,"distribution":"{\"name\": \"FloatDistribution\", \"attributes\": {\"step\": null, \"low\": 2.0, \"high\": 5.0, \"log\": false}}"}
{"op_code":5,"worker_id":"e332a2ce-d408-411c-bab0-345a07a73229-139705794506880","trial_id":61,"param_name":"BellowHeight","param_value_internal":6.829190296033156,"distribution":"{\"name\": \"FloatDistribution\", \"attributes\": {\"step\": null, \"low\": 6.0, \"high\": 10.0, \"log\": false}}"}
{"op_code":5,"worker_id":"e332a2ce-d408-411c-bab0-345a07a73229-139705794506880","trial_id":61,"param_name":"WallThickness","param_value_internal":3.7794236070106564,"distribution":"{\"name\": \"FloatDistribution\", \"attributes\": {\"step\": null, \"low\": 2.0, \"high\": 4.0, \"log\": false}}"}
{"op_code":6,"worker_id":"3f3be94b-2d6e-4c70-ac4b-7ac0b4c083f7-139957565182080","trial_id":53,"state":1,"values":[-Infinity,-Infinity],"datetime_complete":"2026-06-05T15:20:34.674262"}
{"op_code":5,"worker_id":"e332a2ce-d408-411c-bab0-345a07a73229-139705794506880","trial_id":61,"param_name":"PlateauHeight","param_value_internal":3.5561177360824296,"distribution":"{\"name\": \"FloatDistribution\", \"attributes\": {\"step\": null, \"low\": 2.0, \"high\": 4.0, \"log\": false}}"}
{"op_code":4,"worker_id":"3f3be94b-2d6e-4c70-ac4b-7ac0b4c083f7-139957565182080","study_id":0,"datetime_start":"2026-06-05T15:20:34.687360"}
{"op_code":9,"worker_id":"3f3be94b-2d6e-4c70-ac4b-7ac0b4c083f7-139957565182080","trial_id":62,"system_attr":{"nsga2:generation":1}}
{"op_code":5,"worker_id":"3f3be94b-2d6e-4c70-ac4b-7ac0b4c083f7-139957565182080","trial_id":62,"param_name":"JointSlopeAngle","param_value_internal":0.4256325434126722,"distribution":"{\"name\": \"FloatDistribution\", \"attributes\": {\"step\": null, \"low\": 0.17453292519943295, \"high\": 1.0471975511965976, \"log\": false}}"}
{"op_code":5,"worker_id":"3f3be94b-2d6e-4c70-ac4b-7ac0b4c083f7-139957565182080","trial_id":62,"param_name":"OuterRadius","param_value_internal":14.352977720251939,"distribution":"{\"name\": \"FloatDistribution\", \"attributes\": {\"step\": null, \"low\": 8.75, \"high\": 17.75, \"log\": false}}"}
{"op_code":5,"worker_id":"3f3be94b-2d6e-4c70-ac4b-7ac0b4c083f7-139957565182080","trial_id":62,"param_name":"JointHeight","param_value_internal":6.6402362485201065,"distribution":"{\"name\": \"FloatDistribution\", \"attributes\": {\"step\": null, \"low\": 5.0, \"high\": 8.0, \"log\": false}}"}
{"op_code":5,"worker_id":"3f3be94b-2d6e-4c70-ac4b-7ac0b4c083f7-139957565182080","trial_id":62,"param_name":"CavityCorkThickness","param_value_internal":4.587982162525099,"distribution":"{\"name\": \"FloatDistribution\", \"attributes\": {\"step\": null, \"low\": 2.0, \"high\": 5.0, \"log\": false}}"}
{"op_code":5,"worker_id":"3f3be94b-2d6e-4c70-ac4b-7ac0b4c083f7-139957565182080","trial_id":62,"param_name":"BellowHeight","param_value_internal":8.910621256076626,"distribution":"{\"name\": \"FloatDistribution\", \"attributes\": {\"step\": null, \"low\": 6.0, \"high\": 10.0, \"log\": false}}"}
{"op_code":5,"worker_id":"3f3be94b-2d6e-4c70-ac4b-7ac0b4c083f7-139957565182080","trial_id":62,"param_name":"WallThickness","param_value_internal":2.2274753278675368,"distribution":"{\"name\": \"FloatDistribution\", \"attributes\": {\"step\": null, \"low\": 2.0, \"high\": 4.0, \"log\": false}}"}
{"op_code":5,"worker_id":"3f3be94b-2d6e-4c70-ac4b-7ac0b4c083f7-139957565182080","trial_id":62,"param_name":"PlateauHeight","param_value_internal":2.055826067771982,"distribution":"{\"name\": \"FloatDistribution\", \"attributes\": {\"step\": null, \"low\": 2.0, \"high\": 4.0, \"log\": false}}"}
{"op_code":6,"worker_id":"280985d5-349a-42af-891d-38016dff767b-140105724219520","trial_id":49,"state":1,"values":[-Infinity,-Infinity],"datetime_complete":"2026-06-05T15:20:34.933799"}
{"op_code":4,"worker_id":"280985d5-349a-42af-891d-38016dff767b-140105724219520","study_id":0,"datetime_start":"2026-06-05T15:20:34.945252"}
{"op_code":9,"worker_id":"280985d5-349a-42af-891d-38016dff767b-140105724219520","trial_id":63,"system_attr":{"nsga2:generation":1}}
{"op_code":5,"worker_id":"280985d5-349a-42af-891d-38016dff767b-140105724219520","trial_id":63,"param_name":"JointSlopeAngle","param_value_internal":0.6348036927126347,"distribution":"{\"name\": \"FloatDistribution\", \"attributes\": {\"step\": null, \"low\": 0.17453292519943295, \"high\": 1.0471975511965976, \"log\": false}}"}
{"op_code":5,"worker_id":"280985d5-349a-42af-891d-38016dff767b-140105724219520","trial_id":63,"param_name":"OuterRadius","param_value_internal":15.646591744791397,"distribution":"{\"name\": \"FloatDistribution\", \"attributes\": {\"step\": null, \"low\": 8.75, \"high\": 17.75, \"log\": false}}"}
{"op_code":5,"worker_id":"280985d5-349a-42af-891d-38016dff767b-140105724219520","trial_id":63,"param_name":"JointHeight","param_value_internal":5.275405425105055,"distribution":"{\"name\": \"FloatDistribution\", \"attributes\": {\"step\": null, \"low\": 5.0, \"high\": 8.0, \"log\": false}}"}
{"op_code":5,"worker_id":"280985d5-349a-42af-891d-38016dff767b-140105724219520","trial_id":63,"param_name":"CavityCorkThickness","param_value_internal":3.842803614171385,"distribution":"{\"name\": \"FloatDistribution\", \"attributes\": {\"step\": null, \"low\": 2.0, \"high\": 5.0, \"log\": false}}"}
{"op_code":5,"worker_id":"280985d5-349a-42af-891d-38016dff767b-140105724219520","trial_id":63,"param_name":"BellowHeight","param_value_internal":9.031362980153759,"distribution":"{\"name\": \"FloatDistribution\", \"attributes\": {\"step\": null, \"low\": 6.0, \"high\": 10.0, \"log\": false}}"}
{"op_code":5,"worker_id":"280985d5-349a-42af-891d-38016dff767b-140105724219520","trial_id":63,"param_name":"WallThickness","param_value_internal":2.9327712696733634,"distribution":"{\"name\": \"FloatDistribution\", \"attributes\": {\"step\": null, \"low\": 2.0, \"high\": 4.0, \"log\": false}}"}
{"op_code":5,"worker_id":"280985d5-349a-42af-891d-38016dff767b-140105724219520","trial_id":63,"param_name":"PlateauHeight","param_value_internal":3.0041716551232067,"distribution":"{\"name\": \"FloatDistribution\", \"attributes\": {\"step\": null, \"low\": 2.0, \"high\": 4.0, \"log\": false}}"}
{"op_code":6,"worker_id":"b4083449-2efe-415f-ac98-d0b00156e30d-140445561180288","trial_id":54,"state":1,"values":[-Infinity,-Infinity],"datetime_complete":"2026-06-05T15:20:35.210766"}
{"op_code":4,"worker_id":"b4083449-2efe-415f-ac98-d0b00156e30d-140445561180288","study_id":0,"datetime_start":"2026-06-05T15:20:35.220841"}
{"op_code":9,"worker_id":"b4083449-2efe-415f-ac98-d0b00156e30d-140445561180288","trial_id":64,"system_attr":{"nsga2:generation":1}}
{"op_code":5,"worker_id":"b4083449-2efe-415f-ac98-d0b00156e30d-140445561180288","trial_id":64,"param_name":"JointSlopeAngle","param_value_internal":0.4369634430344016,"distribution":"{\"name\": \"FloatDistribution\", \"attributes\": {\"step\": null, \"low\": 0.17453292519943295, \"high\": 1.0471975511965976, \"log\": false}}"}
{"op_code":5,"worker_id":"b4083449-2efe-415f-ac98-d0b00156e30d-140445561180288","trial_id":64,"param_name":"OuterRadius","param_value_internal":11.596892771575243,"distribution":"{\"name\": \"FloatDistribution\", \"attributes\": {\"step\": null, \"low\": 8.75, \"high\": 17.75, \"log\": false}}"}
{"op_code":5,"worker_id":"21ce5292-8bb3-4a5e-91d8-c7aac74ec9c1-140218492825728","trial_id":57,"param_name":"OuterRadius","param_value_internal":14.23643198367784,"distribution":"{\"name\": \"FloatDistribution\", \"attributes\": {\"step\": null, \"low\": 8.75, \"high\": 17.75, \"log\": false}}"}
{"op_code":5,"worker_id":"b4083449-2efe-415f-ac98-d0b00156e30d-140445561180288","trial_id":64,"param_name":"JointHeight","param_value_internal":6.6402362485201065,"distribution":"{\"name\": \"FloatDistribution\", \"attributes\": {\"step\": null, \"low\": 5.0, \"high\": 8.0, \"log\": false}}"}
{"op_code":5,"worker_id":"21ce5292-8bb3-4a5e-91d8-c7aac74ec9c1-140218492825728","trial_id":57,"param_name":"JointHeight","param_value_internal":6.413355109600051,"distribution":"{\"name\": \"FloatDistribution\", \"attributes\": {\"step\": null, \"low\": 5.0, \"high\": 8.0, \"log\": false}}"}
{"op_code":5,"worker_id":"21ce5292-8bb3-4a5e-91d8-c7aac74ec9c1-140218492825728","trial_id":57,"param_name":"CavityCorkThickness","param_value_internal":4.842605726719921,"distribution":"{\"name\": \"FloatDistribution\", \"attributes\": {\"step\": null, \"low\": 2.0, \"high\": 5.0, \"log\": false}}"}
{"op_code":5,"worker_id":"21ce5292-8bb3-4a5e-91d8-c7aac74ec9c1-140218492825728","trial_id":57,"param_name":"BellowHeight","param_value_internal":8.443539971855158,"distribution":"{\"name\": \"FloatDistribution\", \"attributes\": {\"step\": null, \"low\": 6.0, \"high\": 10.0, \"log\": false}}"}
{"op_code":5,"worker_id":"21ce5292-8bb3-4a5e-91d8-c7aac74ec9c1-140218492825728","trial_id":57,"param_name":"WallThickness","param_value_internal":2.94162677330803,"distribution":"{\"name\": \"FloatDistribution\", \"attributes\": {\"step\": null, \"low\": 2.0, \"high\": 4.0, \"log\": false}}"}
{"op_code":5,"worker_id":"21ce5292-8bb3-4a5e-91d8-c7aac74ec9c1-140218492825728","trial_id":57,"param_name":"PlateauHeight","param_value_internal":3.1852614997612996,"distribution":"{\"name\": \"FloatDistribution\", \"attributes\": {\"step\": null, \"low\": 2.0, \"high\": 4.0, \"log\": false}}"}
{"op_code":5,"worker_id":"b4083449-2efe-415f-ac98-d0b00156e30d-140445561180288","trial_id":64,"param_name":"CavityCorkThickness","param_value_internal":3.5128493471006674,"distribution":"{\"name\": \"FloatDistribution\", \"attributes\": {\"step\": null, \"low\": 2.0, \"high\": 5.0, \"log\": false}}"}
{"op_code":5,"worker_id":"b4083449-2efe-415f-ac98-d0b00156e30d-140445561180288","trial_id":64,"param_name":"BellowHeight","param_value_internal":7.40040175546201,"distribution":"{\"name\": \"FloatDistribution\", \"attributes\": {\"step\": null, \"low\": 6.0, \"high\": 10.0, \"log\": false}}"}
{"op_code":5,"worker_id":"b4083449-2efe-415f-ac98-d0b00156e30d-140445561180288","trial_id":64,"param_name":"WallThickness","param_value_internal":2.2274753278675368,"distribution":"{\"name\": \"FloatDistribution\", \"attributes\": {\"step\": null, \"low\": 2.0, \"high\": 4.0, \"log\": false}}"}
{"op_code":5,"worker_id":"b4083449-2efe-415f-ac98-d0b00156e30d-140445561180288","trial_id":64,"param_name":"PlateauHeight","param_value_internal":3.08764815858953,"distribution":"{\"name\": \"FloatDistribution\", \"attributes\": {\"step\": null, \"low\": 2.0, \"high\": 4.0, \"log\": false}}"}
{"op_code":6,"worker_id":"f9bee2ed-99f0-466c-b576-77f86b4754b6-140517316042880","trial_id":56,"state":1,"values":[-Infinity,-Infinity],"datetime_complete":"2026-06-05T15:20:35.322426"}
{"op_code":4,"worker_id":"f9bee2ed-99f0-466c-b576-77f86b4754b6-140517316042880","study_id":0,"datetime_start":"2026-06-05T15:20:35.331816"}
{"op_code":9,"worker_id":"f9bee2ed-99f0-466c-b576-77f86b4754b6-140517316042880","trial_id":65,"system_attr":{"nsga2:generation":1}}
{"op_code":5,"worker_id":"f9bee2ed-99f0-466c-b576-77f86b4754b6-140517316042880","trial_id":65,"param_name":"JointSlopeAngle","param_value_internal":0.43634217661941455,"distribution":"{\"name\": \"FloatDistribution\", \"attributes\": {\"step\": null, \"low\": 0.17453292519943295, \"high\": 1.0471975511965976, \"log\": false}}"}
{"op_code":5,"worker_id":"f9bee2ed-99f0-466c-b576-77f86b4754b6-140517316042880","trial_id":65,"param_name":"OuterRadius","param_value_internal":12.902464161020685,"distribution":"{\"name\": \"FloatDistribution\", \"attributes\": {\"step\": null, \"low\": 8.75, \"high\": 17.75, \"log\": false}}"}
{"op_code":5,"worker_id":"f9bee2ed-99f0-466c-b576-77f86b4754b6-140517316042880","trial_id":65,"param_name":"JointHeight","param_value_internal":7.194416792717327,"distribution":"{\"name\": \"FloatDistribution\", \"attributes\": {\"step\": null, \"low\": 5.0, \"high\": 8.0, \"log\": false}}"}
{"op_code":5,"worker_id":"f9bee2ed-99f0-466c-b576-77f86b4754b6-140517316042880","trial_id":65,"param_name":"CavityCorkThickness","param_value_internal":3.7951179601668925,"distribution":"{\"name\": \"FloatDistribution\", \"attributes\": {\"step\": null, \"low\": 2.0, \"high\": 5.0, \"log\": false}}"}
{"op_code":5,"worker_id":"f9bee2ed-99f0-466c-b576-77f86b4754b6-140517316042880","trial_id":65,"param_name":"BellowHeight","param_value_internal":6.0012803951049065,"distribution":"{\"name\": \"FloatDistribution\", \"attributes\": {\"step\": null, \"low\": 6.0, \"high\": 10.0, \"log\": false}}"}
{"op_code":6,"worker_id":"88407e63-dd21-4ee2-91e3-9c0079baf8f2-139734788055168","trial_id":55,"state":1,"values":[-Infinity,-Infinity],"datetime_complete":"2026-06-05T15:20:35.373822"}
{"op_code":5,"worker_id":"f9bee2ed-99f0-466c-b576-77f86b4754b6-140517316042880","trial_id":65,"param_name":"WallThickness","param_value_internal":3.5623253843935423,"distribution":"{\"name\": \"FloatDistribution\", \"attributes\": {\"step\": null, \"low\": 2.0, \"high\": 4.0, \"log\": false}}"}
{"op_code":5,"worker_id":"f9bee2ed-99f0-466c-b576-77f86b4754b6-140517316042880","trial_id":65,"param_name":"PlateauHeight","param_value_internal":3.006278388441121,"distribution":"{\"name\": \"FloatDistribution\", \"attributes\": {\"step\": null, \"low\": 2.0, \"high\": 4.0, \"log\": false}}"}
{"op_code":4,"worker_id":"88407e63-dd21-4ee2-91e3-9c0079baf8f2-139734788055168","study_id":0,"datetime_start":"2026-06-05T15:20:35.390424"}
{"op_code":9,"worker_id":"88407e63-dd21-4ee2-91e3-9c0079baf8f2-139734788055168","trial_id":66,"system_attr":{"nsga2:generation":1}}
{"op_code":5,"worker_id":"88407e63-dd21-4ee2-91e3-9c0079baf8f2-139734788055168","trial_id":66,"param_name":"JointSlopeAngle","param_value_internal":0.7650033427279518,"distribution":"{\"name\": \"FloatDistribution\", \"attributes\": {\"step\": null, \"low\": 0.17453292519943295, \"high\": 1.0471975511965976, \"log\": false}}"}
{"op_code":5,"worker_id":"88407e63-dd21-4ee2-91e3-9c0079baf8f2-139734788055168","trial_id":66,"param_name":"OuterRadius","param_value_internal":14.525695085552185,"distribution":"{\"name\": \"FloatDistribution\", \"attributes\": {\"step\": null, \"low\": 8.75, \"high\": 17.75, \"log\": false}}"}
{"op_code":5,"worker_id":"88407e63-dd21-4ee2-91e3-9c0079baf8f2-139734788055168","trial_id":66,"param_name":"JointHeight","param_value_internal":7.315162447854165,"distribution":"{\"name\": \"FloatDistribution\", \"attributes\": {\"step\": null, \"low\": 5.0, \"high\": 8.0, \"log\": false}}"}
{"op_code":5,"worker_id":"88407e63-dd21-4ee2-91e3-9c0079baf8f2-139734788055168","trial_id":66,"param_name":"CavityCorkThickness","param_value_internal":2.7609735382509673,"distribution":"{\"name\": \"FloatDistribution\", \"attributes\": {\"step\": null, \"low\": 2.0, \"high\": 5.0, \"log\": false}}"}
{"op_code":5,"worker_id":"88407e63-dd21-4ee2-91e3-9c0079baf8f2-139734788055168","trial_id":66,"param_name":"BellowHeight","param_value_internal":6.11441458527667,"distribution":"{\"name\": \"FloatDistribution\", \"attributes\": {\"step\": null, \"low\": 6.0, \"high\": 10.0, \"log\": false}}"}
{"op_code":6,"worker_id":"4163d7ae-0e91-4770-af5d-b420f69a7577-140038262534272","trial_id":59,"state":1,"values":[-Infinity,-Infinity],"datetime_complete":"2026-06-05T15:20:35.439472"}
{"op_code":5,"worker_id":"88407e63-dd21-4ee2-91e3-9c0079baf8f2-139734788055168","trial_id":66,"param_name":"WallThickness","param_value_internal":2.2693614117739314,"distribution":"{\"name\": \"FloatDistribution\", \"attributes\": {\"step\": null, \"low\": 2.0, \"high\": 4.0, \"log\": false}}"}
{"op_code":5,"worker_id":"88407e63-dd21-4ee2-91e3-9c0079baf8f2-139734788055168","trial_id":66,"param_name":"PlateauHeight","param_value_internal":2.9129398052698736,"distribution":"{\"name\": \"FloatDistribution\", \"attributes\": {\"step\": null, \"low\": 2.0, \"high\": 4.0, \"log\": false}}"}
{"op_code":4,"worker_id":"4163d7ae-0e91-4770-af5d-b420f69a7577-140038262534272","study_id":0,"datetime_start":"2026-06-05T15:20:35.451255"}
{"op_code":9,"worker_id":"4163d7ae-0e91-4770-af5d-b420f69a7577-140038262534272","trial_id":67,"system_attr":{"nsga2:generation":1}}
{"op_code":5,"worker_id":"4163d7ae-0e91-4770-af5d-b420f69a7577-140038262534272","trial_id":67,"param_name":"JointSlopeAngle","param_value_internal":0.9887281362066893,"distribution":"{\"name\": \"FloatDistribution\", \"attributes\": {\"step\": null, \"low\": 0.17453292519943295, \"high\": 1.0471975511965976, \"log\": false}}"}
{"op_code":5,"worker_id":"4163d7ae-0e91-4770-af5d-b420f69a7577-140038262534272","trial_id":67,"param_name":"OuterRadius","param_value_internal":13.379405431316373,"distribution":"{\"name\": \"FloatDistribution\", \"attributes\": {\"step\": null, \"low\": 8.75, \"high\": 17.75, \"log\": false}}"}
{"op_code":5,"worker_id":"4163d7ae-0e91-4770-af5d-b420f69a7577-140038262534272","trial_id":67,"param_name":"JointHeight","param_value_internal":5.771569382402286,"distribution":"{\"name\": \"FloatDistribution\", \"attributes\": {\"step\": null, \"low\": 5.0, \"high\": 8.0, \"log\": false}}"}
{"op_code":5,"worker_id":"4163d7ae-0e91-4770-af5d-b420f69a7577-140038262534272","trial_id":67,"param_name":"CavityCorkThickness","param_value_internal":4.58524000104461,"distribution":"{\"name\": \"FloatDistribution\", \"attributes\": {\"step\": null, \"low\": 2.0, \"high\": 5.0, \"log\": false}}"}
{"op_code":5,"worker_id":"4163d7ae-0e91-4770-af5d-b420f69a7577-140038262534272","trial_id":67,"param_name":"BellowHeight","param_value_internal":8.996162296638264,"distribution":"{\"name\": \"FloatDistribution\", \"attributes\": {\"step\": null, \"low\": 6.0, \"high\": 10.0, \"log\": false}}"}
{"op_code":5,"worker_id":"4163d7ae-0e91-4770-af5d-b420f69a7577-140038262534272","trial_id":67,"param_name":"WallThickness","param_value_internal":2.9152776591070033,"distribution":"{\"name\": \"FloatDistribution\", \"attributes\": {\"step\": null, \"low\": 2.0, \"high\": 4.0, \"log\": false}}"}
{"op_code":5,"worker_id":"4163d7ae-0e91-4770-af5d-b420f69a7577-140038262534272","trial_id":67,"param_name":"PlateauHeight","param_value_internal":2.302351986098161,"distribution":"{\"name\": \"FloatDistribution\", \"attributes\": {\"step\": null, \"low\": 2.0, \"high\": 4.0, \"log\": false}}"}
{"op_code":6,"worker_id":"05b1aa71-3198-4dc5-8e1d-d3f63aef5967-139814202810496","trial_id":60,"state":1,"values":[-Infinity,-Infinity],"datetime_complete":"2026-06-05T15:20:35.567689"}
{"op_code":4,"worker_id":"05b1aa71-3198-4dc5-8e1d-d3f63aef5967-139814202810496","study_id":0,"datetime_start":"2026-06-05T15:20:35.577736"}
{"op_code":9,"worker_id":"05b1aa71-3198-4dc5-8e1d-d3f63aef5967-139814202810496","trial_id":68,"system_attr":{"nsga2:generation":1}}
{"op_code":5,"worker_id":"05b1aa71-3198-4dc5-8e1d-d3f63aef5967-139814202810496","trial_id":68,"param_name":"JointSlopeAngle","param_value_internal":0.9887281362066893,"distribution":"{\"name\": \"FloatDistribution\", \"attributes\": {\"step\": null, \"low\": 0.17453292519943295, \"high\": 1.0471975511965976, \"log\": false}}"}
{"op_code":5,"worker_id":"05b1aa71-3198-4dc5-8e1d-d3f63aef5967-139814202810496","trial_id":68,"param_name":"OuterRadius","param_value_internal":13.379405431316373,"distribution":"{\"name\": \"FloatDistribution\", \"attributes\": {\"step\": null, \"low\": 8.75, \"high\": 17.75, \"log\": false}}"}
{"op_code":5,"worker_id":"05b1aa71-3198-4dc5-8e1d-d3f63aef5967-139814202810496","trial_id":68,"param_name":"JointHeight","param_value_internal":6.866839287304462,"distribution":"{\"name\": \"FloatDistribution\", \"attributes\": {\"step\": null, \"low\": 5.0, \"high\": 8.0, \"log\": false}}"}
{"op_code":5,"worker_id":"05b1aa71-3198-4dc5-8e1d-d3f63aef5967-139814202810496","trial_id":68,"param_name":"CavityCorkThickness","param_value_internal":4.58524000104461,"distribution":"{\"name\": \"FloatDistribution\", \"attributes\": {\"step\": null, \"low\": 2.0, \"high\": 5.0, \"log\": false}}"}
{"op_code":5,"worker_id":"05b1aa71-3198-4dc5-8e1d-d3f63aef5967-139814202810496","trial_id":68,"param_name":"BellowHeight","param_value_internal":8.996162296638264,"distribution":"{\"name\": \"FloatDistribution\", \"attributes\": {\"step\": null, \"low\": 6.0, \"high\": 10.0, \"log\": false}}"}
{"op_code":5,"worker_id":"05b1aa71-3198-4dc5-8e1d-d3f63aef5967-139814202810496","trial_id":68,"param_name":"WallThickness","param_value_internal":3.7290552082962174,"distribution":"{\"name\": \"FloatDistribution\", \"attributes\": {\"step\": null, \"low\": 2.0, \"high\": 4.0, \"log\": false}}"}
{"op_code":5,"worker_id":"05b1aa71-3198-4dc5-8e1d-d3f63aef5967-139814202810496","trial_id":68,"param_name":"PlateauHeight","param_value_internal":2.805146547453668,"distribution":"{\"name\": \"FloatDistribution\", \"attributes\": {\"step\": null, \"low\": 2.0, \"high\": 4.0, \"log\": false}}"}
{"op_code":6,"worker_id":"e332a2ce-d408-411c-bab0-345a07a73229-139705794506880","trial_id":61,"state":1,"values":[-Infinity,-Infinity],"datetime_complete":"2026-06-05T15:20:35.739718"}
{"op_code":4,"worker_id":"e332a2ce-d408-411c-bab0-345a07a73229-139705794506880","study_id":0,"datetime_start":"2026-06-05T15:20:35.749848"}
{"op_code":9,"worker_id":"e332a2ce-d408-411c-bab0-345a07a73229-139705794506880","trial_id":69,"system_attr":{"nsga2:generation":1}}
{"op_code":5,"worker_id":"e332a2ce-d408-411c-bab0-345a07a73229-139705794506880","trial_id":69,"param_name":"JointSlopeAngle","param_value_internal":0.31115163666816104,"distribution":"{\"name\": \"FloatDistribution\", \"attributes\": {\"step\": null, \"low\": 0.17453292519943295, \"high\": 1.0471975511965976, \"log\": false}}"}
{"op_code":5,"worker_id":"e332a2ce-d408-411c-bab0-345a07a73229-139705794506880","trial_id":69,"param_name":"OuterRadius","param_value_internal":12.596985531301879,"distribution":"{\"name\": \"FloatDistribution\", \"attributes\": {\"step\": null, \"low\": 8.75, \"high\": 17.75, \"log\": false}}"}
{"op_code":5,"worker_id":"e332a2ce-d408-411c-bab0-345a07a73229-139705794506880","trial_id":69,"param_name":"JointHeight","param_value_internal":7.990952153520987,"distribution":"{\"name\": \"FloatDistribution\", \"attributes\": {\"step\": null, \"low\": 5.0, \"high\": 8.0, \"log\": false}}"}
{"op_code":5,"worker_id":"e332a2ce-d408-411c-bab0-345a07a73229-139705794506880","trial_id":69,"param_name":"CavityCorkThickness","param_value_internal":4.374805367537411,"distribution":"{\"name\": \"FloatDistribution\", \"attributes\": {\"step\": null, \"low\": 2.0, \"high\": 5.0, \"log\": false}}"}
{"op_code":5,"worker_id":"e332a2ce-d408-411c-bab0-345a07a73229-139705794506880","trial_id":69,"param_name":"BellowHeight","param_value_internal":6.946932894548886,"distribution":"{\"name\": \"FloatDistribution\", \"attributes\": {\"step\": null, \"low\": 6.0, \"high\": 10.0, \"log\": false}}"}
{"op_code":5,"worker_id":"e332a2ce-d408-411c-bab0-345a07a73229-139705794506880","trial_id":69,"param_name":"WallThickness","param_value_internal":3.9026650026850063,"distribution":"{\"name\": \"FloatDistribution\", \"attributes\": {\"step\": null, \"low\": 2.0, \"high\": 4.0, \"log\": false}}"}
{"op_code":5,"worker_id":"e332a2ce-d408-411c-bab0-345a07a73229-139705794506880","trial_id":69,"param_name":"PlateauHeight","param_value_internal":3.64860149993462,"distribution":"{\"name\": \"FloatDistribution\", \"attributes\": {\"step\": null, \"low\": 2.0, \"high\": 4.0, \"log\": false}}"}
{"op_code":6,"worker_id":"3f3be94b-2d6e-4c70-ac4b-7ac0b4c083f7-139957565182080","trial_id":62,"state":1,"values":[-Infinity,-Infinity],"datetime_complete":"2026-06-05T15:20:35.801563"}
{"op_code":4,"worker_id":"3f3be94b-2d6e-4c70-ac4b-7ac0b4c083f7-139957565182080","study_id":0,"datetime_start":"2026-06-05T15:20:35.814695"}
{"op_code":9,"worker_id":"3f3be94b-2d6e-4c70-ac4b-7ac0b4c083f7-139957565182080","trial_id":70,"system_attr":{"nsga2:generation":1}}
{"op_code":5,"worker_id":"3f3be94b-2d6e-4c70-ac4b-7ac0b4c083f7-139957565182080","trial_id":70,"param_name":"JointSlopeAngle","param_value_internal":0.7082995007378833,"distribution":"{\"name\": \"FloatDistribution\", \"attributes\": {\"step\": null, \"low\": 0.17453292519943295, \"high\": 1.0471975511965976, \"log\": false}}"}
{"op_code":5,"worker_id":"3f3be94b-2d6e-4c70-ac4b-7ac0b4c083f7-139957565182080","trial_id":70,"param_name":"OuterRadius","param_value_internal":15.458725289133046,"distribution":"{\"name\": \"FloatDistribution\", \"attributes\": {\"step\": null, \"low\": 8.75, \"high\": 17.75, \"log\": false}}"}
{"op_code":5,"worker_id":"3f3be94b-2d6e-4c70-ac4b-7ac0b4c083f7-139957565182080","trial_id":70,"param_name":"JointHeight","param_value_internal":7.315162447854165,"distribution":"{\"name\": \"FloatDistribution\", \"attributes\": {\"step\": null, \"low\": 5.0, \"high\": 8.0, \"log\": false}}"}
{"op_code":5,"worker_id":"3f3be94b-2d6e-4c70-ac4b-7ac0b4c083f7-139957565182080","trial_id":70,"param_name":"CavityCorkThickness","param_value_internal":2.7609735382509673,"distribution":"{\"name\": \"FloatDistribution\", \"attributes\": {\"step\": null, \"low\": 2.0, \"high\": 5.0, \"log\": false}}"}
{"op_code":5,"worker_id":"3f3be94b-2d6e-4c70-ac4b-7ac0b4c083f7-139957565182080","trial_id":70,"param_name":"BellowHeight","param_value_internal":8.008616511167524,"distribution":"{\"name\": \"FloatDistribution\", \"attributes\": {\"step\": null, \"low\": 6.0, \"high\": 10.0, \"log\": false}}"}
{"op_code":5,"worker_id":"3f3be94b-2d6e-4c70-ac4b-7ac0b4c083f7-139957565182080","trial_id":70,"param_name":"WallThickness","param_value_internal":3.2958413833554654,"distribution":"{\"name\": \"FloatDistribution\", \"attributes\": {\"step\": null, \"low\": 2.0, \"high\": 4.0, \"log\": false}}"}
{"op_code":5,"worker_id":"3f3be94b-2d6e-4c70-ac4b-7ac0b4c083f7-139957565182080","trial_id":70,"param_name":"PlateauHeight","param_value_internal":3.1348273988495476,"distribution":"{\"name\": \"FloatDistribution\", \"attributes\": {\"step\": null, \"low\": 2.0, \"high\": 4.0, \"log\": false}}"}
{"op_code":6,"worker_id":"cbb72291-b3d3-4a27-a4e1-b734c4eb077f-140656881606784","trial_id":58,"state":1,"values":[-Infinity,-Infinity],"datetime_complete":"2026-06-05T15:20:36.019586"}
{"op_code":4,"worker_id":"cbb72291-b3d3-4a27-a4e1-b734c4eb077f-140656881606784","study_id":0,"datetime_start":"2026-06-05T15:20:36.030003"}
{"op_code":9,"worker_id":"cbb72291-b3d3-4a27-a4e1-b734c4eb077f-140656881606784","trial_id":71,"system_attr":{"nsga2:generation":1}}
{"op_code":5,"worker_id":"cbb72291-b3d3-4a27-a4e1-b734c4eb077f-140656881606784","trial_id":71,"param_name":"JointSlopeAngle","param_value_internal":0.2878858282345571,"distribution":"{\"name\": \"FloatDistribution\", \"attributes\": {\"step\": null, \"low\": 0.17453292519943295, \"high\": 1.0471975511965976, \"log\": false}}"}
{"op_code":5,"worker_id":"cbb72291-b3d3-4a27-a4e1-b734c4eb077f-140656881606784","trial_id":71,"param_name":"OuterRadius","param_value_internal":11.663525058765162,"distribution":"{\"name\": \"FloatDistribution\", \"attributes\": {\"step\": null, \"low\": 8.75, \"high\": 17.75, \"log\": false}}"}
{"op_code":5,"worker_id":"cbb72291-b3d3-4a27-a4e1-b734c4eb077f-140656881606784","trial_id":71,"param_name":"JointHeight","param_value_internal":6.159444944246664,"distribution":"{\"name\": \"FloatDistribution\", \"attributes\": {\"step\": null, \"low\": 5.0, \"high\": 8.0, \"log\": false}}"}
{"op_code":5,"worker_id":"cbb72291-b3d3-4a27-a4e1-b734c4eb077f-140656881606784","trial_id":71,"param_name":"CavityCorkThickness","param_value_internal":2.439640116506177,"distribution":"{\"name\": \"FloatDistribution\", \"attributes\": {\"step\": null, \"low\": 2.0, \"high\": 5.0, \"log\": false}}"}
{"op_code":5,"worker_id":"cbb72291-b3d3-4a27-a4e1-b734c4eb077f-140656881606784","trial_id":71,"param_name":"BellowHeight","param_value_internal":6.11441458527667,"distribution":"{\"name\": \"FloatDistribution\", \"attributes\": {\"step\": null, \"low\": 6.0, \"high\": 10.0, \"log\": false}}"}
{"op_code":5,"worker_id":"cbb72291-b3d3-4a27-a4e1-b734c4eb077f-140656881606784","trial_id":71,"param_name":"WallThickness","param_value_internal":3.871388803207344,"distribution":"{\"name\": \"FloatDistribution\", \"attributes\": {\"step\": null, \"low\": 2.0, \"high\": 4.0, \"log\": false}}"}
{"op_code":5,"worker_id":"cbb72291-b3d3-4a27-a4e1-b734c4eb077f-140656881606784","trial_id":71,"param_name":"PlateauHeight","param_value_internal":2.876271597947191,"distribution":"{\"name\": \"FloatDistribution\", \"attributes\": {\"step\": null, \"low\": 2.0, \"high\": 4.0, \"log\": false}}"}
{"op_code":6,"worker_id":"b4083449-2efe-415f-ac98-d0b00156e30d-140445561180288","trial_id":64,"state":1,"values":[-Infinity,-Infinity],"datetime_complete":"2026-06-05T15:20:36.446685"}
{"op_code":6,"worker_id":"f9bee2ed-99f0-466c-b576-77f86b4754b6-140517316042880","trial_id":65,"state":1,"values":[-Infinity,-Infinity],"datetime_complete":"2026-06-05T15:20:36.446787"}
{"op_code":4,"worker_id":"b4083449-2efe-415f-ac98-d0b00156e30d-140445561180288","study_id":0,"datetime_start":"2026-06-05T15:20:36.459018"}
{"op_code":4,"worker_id":"f9bee2ed-99f0-466c-b576-77f86b4754b6-140517316042880","study_id":0,"datetime_start":"2026-06-05T15:20:36.463723"}
{"op_code":9,"worker_id":"b4083449-2efe-415f-ac98-d0b00156e30d-140445561180288","trial_id":72,"system_attr":{"nsga2:generation":1}}
{"op_code":9,"worker_id":"f9bee2ed-99f0-466c-b576-77f86b4754b6-140517316042880","trial_id":73,"system_attr":{"nsga2:generation":1}}
{"op_code":5,"worker_id":"b4083449-2efe-415f-ac98-d0b00156e30d-140445561180288","trial_id":72,"param_name":"JointSlopeAngle","param_value_internal":0.4256325434126722,"distribution":"{\"name\": \"FloatDistribution\", \"attributes\": {\"step\": null, \"low\": 0.17453292519943295, \"high\": 1.0471975511965976, \"log\": false}}"}
{"op_code":5,"worker_id":"f9bee2ed-99f0-466c-b576-77f86b4754b6-140517316042880","trial_id":73,"param_name":"JointSlopeAngle","param_value_internal":0.560117360340918,"distribution":"{\"name\": \"FloatDistribution\", \"attributes\": {\"step\": null, \"low\": 0.17453292519943295, \"high\": 1.0471975511965976, \"log\": false}}"}
{"op_code":5,"worker_id":"b4083449-2efe-415f-ac98-d0b00156e30d-140445561180288","trial_id":72,"param_name":"OuterRadius","param_value_internal":14.352977720251939,"distribution":"{\"name\": \"FloatDistribution\", \"attributes\": {\"step\": null, \"low\": 8.75, \"high\": 17.75, \"log\": false}}"}
{"op_code":5,"worker_id":"f9bee2ed-99f0-466c-b576-77f86b4754b6-140517316042880","trial_id":73,"param_name":"OuterRadius","param_value_internal":10.32737069614344,"distribution":"{\"name\": \"FloatDistribution\", \"attributes\": {\"step\": null, \"low\": 8.75, \"high\": 17.75, \"log\": false}}"}
{"op_code":5,"worker_id":"b4083449-2efe-415f-ac98-d0b00156e30d-140445561180288","trial_id":72,"param_name":"JointHeight","param_value_internal":5.419682600286805,"distribution":"{\"name\": \"FloatDistribution\", \"attributes\": {\"step\": null, \"low\": 5.0, \"high\": 8.0, \"log\": false}}"}
{"op_code":5,"worker_id":"f9bee2ed-99f0-466c-b576-77f86b4754b6-140517316042880","trial_id":73,"param_name":"JointHeight","param_value_internal":5.913331335118151,"distribution":"{\"name\": \"FloatDistribution\", \"attributes\": {\"step\": null, \"low\": 5.0, \"high\": 8.0, \"log\": false}}"}
{"op_code":5,"worker_id":"b4083449-2efe-415f-ac98-d0b00156e30d-140445561180288","trial_id":72,"param_name":"CavityCorkThickness","param_value_internal":4.587982162525099,"distribution":"{\"name\": \"FloatDistribution\", \"attributes\": {\"step\": null, \"low\": 2.0, \"high\": 5.0, \"log\": false}}"}
{"op_code":5,"worker_id":"f9bee2ed-99f0-466c-b576-77f86b4754b6-140517316042880","trial_id":73,"param_name":"CavityCorkThickness","param_value_internal":4.646900456776546,"distribution":"{\"name\": \"FloatDistribution\", \"attributes\": {\"step\": null, \"low\": 2.0, \"high\": 5.0, \"log\": false}}"}
{"op_code":5,"worker_id":"b4083449-2efe-415f-ac98-d0b00156e30d-140445561180288","trial_id":72,"param_name":"BellowHeight","param_value_internal":6.829190296033156,"distribution":"{\"name\": \"FloatDistribution\", \"attributes\": {\"step\": null, \"low\": 6.0, \"high\": 10.0, \"log\": false}}"}
{"op_code":5,"worker_id":"f9bee2ed-99f0-466c-b576-77f86b4754b6-140517316042880","trial_id":73,"param_name":"BellowHeight","param_value_internal":8.77844673082409,"distribution":"{\"name\": \"FloatDistribution\", \"attributes\": {\"step\": null, \"low\": 6.0, \"high\": 10.0, \"log\": false}}"}
{"op_code":5,"worker_id":"b4083449-2efe-415f-ac98-d0b00156e30d-140445561180288","trial_id":72,"param_name":"WallThickness","param_value_internal":2.546559043157785,"distribution":"{\"name\": \"FloatDistribution\", \"attributes\": {\"step\": null, \"low\": 2.0, \"high\": 4.0, \"log\": false}}"}
{"op_code":5,"worker_id":"f9bee2ed-99f0-466c-b576-77f86b4754b6-140517316042880","trial_id":73,"param_name":"WallThickness","param_value_internal":3.2645722504679395,"distribution":"{\"name\": \"FloatDistribution\", \"attributes\": {\"step\": null, \"low\": 2.0, \"high\": 4.0, \"log\": false}}"}
{"op_code":5,"worker_id":"b4083449-2efe-415f-ac98-d0b00156e30d-140445561180288","trial_id":72,"param_name":"PlateauHeight","param_value_internal":3.709100577511281,"distribution":"{\"name\": \"FloatDistribution\", \"attributes\": {\"step\": null, \"low\": 2.0, \"high\": 4.0, \"log\": false}}"}
{"op_code":5,"worker_id":"f9bee2ed-99f0-466c-b576-77f86b4754b6-140517316042880","trial_id":73,"param_name":"PlateauHeight","param_value_internal":3.8611571002150575,"distribution":"{\"name\": \"FloatDistribution\", \"attributes\": {\"step\": null, \"low\": 2.0, \"high\": 4.0, \"log\": false}}"}
{"op_code":6,"worker_id":"88407e63-dd21-4ee2-91e3-9c0079baf8f2-139734788055168","trial_id":66,"state":1,"values":[-Infinity,-Infinity],"datetime_complete":"2026-06-05T15:20:36.486514"}
{"op_code":4,"worker_id":"88407e63-dd21-4ee2-91e3-9c0079baf8f2-139734788055168","study_id":0,"datetime_start":"2026-06-05T15:20:36.565056"}
{"op_code":6,"worker_id":"4163d7ae-0e91-4770-af5d-b420f69a7577-140038262534272","trial_id":67,"state":1,"values":[-Infinity,-Infinity],"datetime_complete":"2026-06-05T15:20:36.566636"}
{"op_code":9,"worker_id":"88407e63-dd21-4ee2-91e3-9c0079baf8f2-139734788055168","trial_id":74,"system_attr":{"nsga2:generation":1}}
{"op_code":4,"worker_id":"4163d7ae-0e91-4770-af5d-b420f69a7577-140038262534272","study_id":0,"datetime_start":"2026-06-05T15:20:36.580643"}
{"op_code":5,"worker_id":"88407e63-dd21-4ee2-91e3-9c0079baf8f2-139734788055168","trial_id":74,"param_name":"JointSlopeAngle","param_value_internal":0.4885807939822082,"distribution":"{\"name\": \"FloatDistribution\", \"attributes\": {\"step\": null, \"low\": 0.17453292519943295, \"high\": 1.0471975511965976, \"log\": false}}"}
{"op_code":5,"worker_id":"88407e63-dd21-4ee2-91e3-9c0079baf8f2-139734788055168","trial_id":74,"param_name":"OuterRadius","param_value_internal":11.64651421330242,"distribution":"{\"name\": \"FloatDistribution\", \"attributes\": {\"step\": null, \"low\": 8.75, \"high\": 17.75, \"log\": false}}"}
{"op_code":9,"worker_id":"4163d7ae-0e91-4770-af5d-b420f69a7577-140038262534272","trial_id":75,"system_attr":{"nsga2:generation":1}}
{"op_code":5,"worker_id":"88407e63-dd21-4ee2-91e3-9c0079baf8f2-139734788055168","trial_id":74,"param_name":"JointHeight","param_value_internal":6.449806230852499,"distribution":"{\"name\": \"FloatDistribution\", \"attributes\": {\"step\": null, \"low\": 5.0, \"high\": 8.0, \"log\": false}}"}
{"op_code":5,"worker_id":"4163d7ae-0e91-4770-af5d-b420f69a7577-140038262534272","trial_id":75,"param_name":"JointSlopeAngle","param_value_internal":0.27804940047782706,"distribution":"{\"name\": \"FloatDistribution\", \"attributes\": {\"step\": null, \"low\": 0.17453292519943295, \"high\": 1.0471975511965976, \"log\": false}}"}
{"op_code":5,"worker_id":"88407e63-dd21-4ee2-91e3-9c0079baf8f2-139734788055168","trial_id":74,"param_name":"CavityCorkThickness","param_value_internal":2.781820997321669,"distribution":"{\"name\": \"FloatDistribution\", \"attributes\": {\"step\": null, \"low\": 2.0, \"high\": 5.0, \"log\": false}}"}
{"op_code":5,"worker_id":"4163d7ae-0e91-4770-af5d-b420f69a7577-140038262534272","trial_id":75,"param_name":"OuterRadius","param_value_internal":14.197141067113169,"distribution":"{\"name\": \"FloatDistribution\", \"attributes\": {\"step\": null, \"low\": 8.75, \"high\": 17.75, \"log\": false}}"}
{"op_code":5,"worker_id":"88407e63-dd21-4ee2-91e3-9c0079baf8f2-139734788055168","trial_id":74,"param_name":"BellowHeight","param_value_internal":8.889771730118467,"distribution":"{\"name\": \"FloatDistribution\", \"attributes\": {\"step\": null, \"low\": 6.0, \"high\": 10.0, \"log\": false}}"}
{"op_code":5,"worker_id":"4163d7ae-0e91-4770-af5d-b420f69a7577-140038262534272","trial_id":75,"param_name":"JointHeight","param_value_internal":5.61076016531319,"distribution":"{\"name\": \"FloatDistribution\", \"attributes\": {\"step\": null, \"low\": 5.0, \"high\": 8.0, \"log\": false}}"}
{"op_code":5,"worker_id":"88407e63-dd21-4ee2-91e3-9c0079baf8f2-139734788055168","trial_id":74,"param_name":"WallThickness","param_value_internal":3.648314086319602,"distribution":"{\"name\": \"FloatDistribution\", \"attributes\": {\"step\": null, \"low\": 2.0, \"high\": 4.0, \"log\": false}}"}
{"op_code":5,"worker_id":"4163d7ae-0e91-4770-af5d-b420f69a7577-140038262534272","trial_id":75,"param_name":"CavityCorkThickness","param_value_internal":4.58524000104461,"distribution":"{\"name\": \"FloatDistribution\", \"attributes\": {\"step\": null, \"low\": 2.0, \"high\": 5.0, \"log\": false}}"}
{"op_code":5,"worker_id":"88407e63-dd21-4ee2-91e3-9c0079baf8f2-139734788055168","trial_id":74,"param_name":"PlateauHeight","param_value_internal":2.968031608140821,"distribution":"{\"name\": \"FloatDistribution\", \"attributes\": {\"step\": null, \"low\": 2.0, \"high\": 4.0, \"log\": false}}"}
{"op_code":5,"worker_id":"4163d7ae-0e91-4770-af5d-b420f69a7577-140038262534272","trial_id":75,"param_name":"BellowHeight","param_value_internal":6.933944490286876,"distribution":"{\"name\": \"FloatDistribution\", \"attributes\": {\"step\": null, \"low\": 6.0, \"high\": 10.0, \"log\": false}}"}
{"op_code":5,"worker_id":"4163d7ae-0e91-4770-af5d-b420f69a7577-140038262534272","trial_id":75,"param_name":"WallThickness","param_value_internal":3.8406058820044136,"distribution":"{\"name\": \"FloatDistribution\", \"attributes\": {\"step\": null, \"low\": 2.0, \"high\": 4.0, \"log\": false}}"}
{"op_code":5,"worker_id":"4163d7ae-0e91-4770-af5d-b420f69a7577-140038262534272","trial_id":75,"param_name":"PlateauHeight","param_value_internal":3.605657877726181,"distribution":"{\"name\": \"FloatDistribution\", \"attributes\": {\"step\": null, \"low\": 2.0, \"high\": 4.0, \"log\": false}}"}
{"op_code":6,"worker_id":"05b1aa71-3198-4dc5-8e1d-d3f63aef5967-139814202810496","trial_id":68,"state":1,"values":[-Infinity,-Infinity],"datetime_complete":"2026-06-05T15:20:36.688543"}
{"op_code":4,"worker_id":"05b1aa71-3198-4dc5-8e1d-d3f63aef5967-139814202810496","study_id":0,"datetime_start":"2026-06-05T15:20:36.697722"}
{"op_code":9,"worker_id":"05b1aa71-3198-4dc5-8e1d-d3f63aef5967-139814202810496","trial_id":76,"system_attr":{"nsga2:generation":1}}
{"op_code":6,"worker_id":"280985d5-349a-42af-891d-38016dff767b-140105724219520","trial_id":63,"state":1,"values":[-Infinity,-Infinity],"datetime_complete":"2026-06-05T15:20:36.713422"}
{"op_code":5,"worker_id":"05b1aa71-3198-4dc5-8e1d-d3f63aef5967-139814202810496","trial_id":76,"param_name":"JointSlopeAngle","param_value_internal":0.31469655396416857,"distribution":"{\"name\": \"FloatDistribution\", \"attributes\": {\"step\": null, \"low\": 0.17453292519943295, \"high\": 1.0471975511965976, \"log\": false}}"}
{"op_code":5,"worker_id":"05b1aa71-3198-4dc5-8e1d-d3f63aef5967-139814202810496","trial_id":76,"param_name":"OuterRadius","param_value_internal":14.900421912754547,"distribution":"{\"name\": \"FloatDistribution\", \"attributes\": {\"step\": null, \"low\": 8.75, \"high\": 17.75, \"log\": false}}"}
{"op_code":4,"worker_id":"280985d5-349a-42af-891d-38016dff767b-140105724219520","study_id":0,"datetime_start":"2026-06-05T15:20:36.725077"}
{"op_code":5,"worker_id":"05b1aa71-3198-4dc5-8e1d-d3f63aef5967-139814202810496","trial_id":76,"param_name":"JointHeight","param_value_internal":7.371961091309114,"distribution":"{\"name\": \"FloatDistribution\", \"attributes\": {\"step\": null, \"low\": 5.0, \"high\": 8.0, \"log\": false}}"}
{"op_code":5,"worker_id":"05b1aa71-3198-4dc5-8e1d-d3f63aef5967-139814202810496","trial_id":76,"param_name":"CavityCorkThickness","param_value_internal":4.121502005465722,"distribution":"{\"name\": \"FloatDistribution\", \"attributes\": {\"step\": null, \"low\": 2.0, \"high\": 5.0, \"log\": false}}"}
{"op_code":9,"worker_id":"280985d5-349a-42af-891d-38016dff767b-140105724219520","trial_id":77,"system_attr":{"nsga2:generation":1}}
{"op_code":5,"worker_id":"05b1aa71-3198-4dc5-8e1d-d3f63aef5967-139814202810496","trial_id":76,"param_name":"BellowHeight","param_value_internal":9.942742916996597,"distribution":"{\"name\": \"FloatDistribution\", \"attributes\": {\"step\": null, \"low\": 6.0, \"high\": 10.0, \"log\": false}}"}
{"op_code":5,"worker_id":"280985d5-349a-42af-891d-38016dff767b-140105724219520","trial_id":77,"param_name":"JointSlopeAngle","param_value_internal":0.560117360340918,"distribution":"{\"name\": \"FloatDistribution\", \"attributes\": {\"step\": null, \"low\": 0.17453292519943295, \"high\": 1.0471975511965976, \"log\": false}}"}
{"op_code":5,"worker_id":"05b1aa71-3198-4dc5-8e1d-d3f63aef5967-139814202810496","trial_id":76,"param_name":"WallThickness","param_value_internal":3.756858484664315,"distribution":"{\"name\": \"FloatDistribution\", \"attributes\": {\"step\": null, \"low\": 2.0, \"high\": 4.0, \"log\": false}}"}
{"op_code":5,"worker_id":"280985d5-349a-42af-891d-38016dff767b-140105724219520","trial_id":77,"param_name":"OuterRadius","param_value_internal":10.32737069614344,"distribution":"{\"name\": \"FloatDistribution\", \"attributes\": {\"step\": null, \"low\": 8.75, \"high\": 17.75, \"log\": false}}"}
{"op_code":5,"worker_id":"05b1aa71-3198-4dc5-8e1d-d3f63aef5967-139814202810496","trial_id":76,"param_name":"PlateauHeight","param_value_internal":3.08764815858953,"distribution":"{\"name\": \"FloatDistribution\", \"attributes\": {\"step\": null, \"low\": 2.0, \"high\": 4.0, \"log\": false}}"}
{"op_code":5,"worker_id":"280985d5-349a-42af-891d-38016dff767b-140105724219520","trial_id":77,"param_name":"JointHeight","param_value_internal":6.256489940633395,"distribution":"{\"name\": \"FloatDistribution\", \"attributes\": {\"step\": null, \"low\": 5.0, \"high\": 8.0, \"log\": false}}"}
{"op_code":5,"worker_id":"280985d5-349a-42af-891d-38016dff767b-140105724219520","trial_id":77,"param_name":"CavityCorkThickness","param_value_internal":3.086055470734824,"distribution":"{\"name\": \"FloatDistribution\", \"attributes\": {\"step\": null, \"low\": 2.0, \"high\": 5.0, \"log\": false}}"}
{"op_code":5,"worker_id":"280985d5-349a-42af-891d-38016dff767b-140105724219520","trial_id":77,"param_name":"BellowHeight","param_value_internal":6.668862472837951,"distribution":"{\"name\": \"FloatDistribution\", \"attributes\": {\"step\": null, \"low\": 6.0, \"high\": 10.0, \"log\": false}}"}
{"op_code":5,"worker_id":"280985d5-349a-42af-891d-38016dff767b-140105724219520","trial_id":77,"param_name":"WallThickness","param_value_internal":2.9250359184491126,"distribution":"{\"name\": \"FloatDistribution\", \"attributes\": {\"step\": null, \"low\": 2.0, \"high\": 4.0, \"log\": false}}"}
{"op_code":5,"worker_id":"280985d5-349a-42af-891d-38016dff767b-140105724219520","trial_id":77,"param_name":"PlateauHeight","param_value_internal":3.8611571002150575,"distribution":"{\"name\": \"FloatDistribution\", \"attributes\": {\"step\": null, \"low\": 2.0, \"high\": 4.0, \"log\": false}}"}
{"op_code":6,"worker_id":"e332a2ce-d408-411c-bab0-345a07a73229-139705794506880","trial_id":69,"state":1,"values":[-Infinity,-Infinity],"datetime_complete":"2026-06-05T15:20:36.855269"}
{"op_code":4,"worker_id":"e332a2ce-d408-411c-bab0-345a07a73229-139705794506880","study_id":0,"datetime_start":"2026-06-05T15:20:36.865582"}
{"op_code":9,"worker_id":"e332a2ce-d408-411c-bab0-345a07a73229-139705794506880","trial_id":78,"system_attr":{"nsga2:generation":1}}
{"op_code":5,"worker_id":"e332a2ce-d408-411c-bab0-345a07a73229-139705794506880","trial_id":78,"param_name":"JointSlopeAngle","param_value_internal":0.6803346440080225,"distribution":"{\"name\": \"FloatDistribution\", \"attributes\": {\"step\": null, \"low\": 0.17453292519943295, \"high\": 1.0471975511965976, \"log\": false}}"}
{"op_code":5,"worker_id":"e332a2ce-d408-411c-bab0-345a07a73229-139705794506880","trial_id":78,"param_name":"OuterRadius","param_value_internal":11.109640525622304,"distribution":"{\"name\": \"FloatDistribution\", \"attributes\": {\"step\": null, \"low\": 8.75, \"high\": 17.75, \"log\": false}}"}
{"op_code":5,"worker_id":"e332a2ce-d408-411c-bab0-345a07a73229-139705794506880","trial_id":78,"param_name":"JointHeight","param_value_internal":5.374399809410122,"distribution":"{\"name\": \"FloatDistribution\", \"attributes\": {\"step\": null, \"low\": 5.0, \"high\": 8.0, \"log\": false}}"}
{"op_code":5,"worker_id":"e332a2ce-d408-411c-bab0-345a07a73229-139705794506880","trial_id":78,"param_name":"CavityCorkThickness","param_value_internal":3.037826454751787,"distribution":"{\"name\": \"FloatDistribution\", \"attributes\": {\"step\": null, \"low\": 2.0, \"high\": 5.0, \"log\": false}}"}
{"op_code":5,"worker_id":"e332a2ce-d408-411c-bab0-345a07a73229-139705794506880","trial_id":78,"param_name":"BellowHeight","param_value_internal":8.643435471035952,"distribution":"{\"name\": \"FloatDistribution\", \"attributes\": {\"step\": null, \"low\": 6.0, \"high\": 10.0, \"log\": false}}"}
{"op_code":5,"worker_id":"e332a2ce-d408-411c-bab0-345a07a73229-139705794506880","trial_id":78,"param_name":"WallThickness","param_value_internal":2.479442745816366,"distribution":"{\"name\": \"FloatDistribution\", \"attributes\": {\"step\": null, \"low\": 2.0, \"high\": 4.0, \"log\": false}}"}
{"op_code":5,"worker_id":"e332a2ce-d408-411c-bab0-345a07a73229-139705794506880","trial_id":78,"param_name":"PlateauHeight","param_value_internal":2.143438601701965,"distribution":"{\"name\": \"FloatDistribution\", \"attributes\": {\"step\": null, \"low\": 2.0, \"high\": 4.0, \"log\": false}}"}
{"op_code":6,"worker_id":"3f3be94b-2d6e-4c70-ac4b-7ac0b4c083f7-139957565182080","trial_id":70,"state":1,"values":[-Infinity,-Infinity],"datetime_complete":"2026-06-05T15:20:36.915989"}
{"op_code":4,"worker_id":"3f3be94b-2d6e-4c70-ac4b-7ac0b4c083f7-139957565182080","study_id":0,"datetime_start":"2026-06-05T15:20:36.927679"}
{"op_code":9,"worker_id":"3f3be94b-2d6e-4c70-ac4b-7ac0b4c083f7-139957565182080","trial_id":79,"system_attr":{"nsga2:generation":1}}
{"op_code":5,"worker_id":"3f3be94b-2d6e-4c70-ac4b-7ac0b4c083f7-139957565182080","trial_id":79,"param_name":"JointSlopeAngle","param_value_internal":0.7994864217466159,"distribution":"{\"name\": \"FloatDistribution\", \"attributes\": {\"step\": null, \"low\": 0.17453292519943295, \"high\": 1.0471975511965976, \"log\": false}}"}
{"op_code":5,"worker_id":"3f3be94b-2d6e-4c70-ac4b-7ac0b4c083f7-139957565182080","trial_id":79,"param_name":"OuterRadius","param_value_internal":15.313397289242236,"distribution":"{\"name\": \"FloatDistribution\", \"attributes\": {\"step\": null, \"low\": 8.75, \"high\": 17.75, \"log\": false}}"}
{"op_code":5,"worker_id":"3f3be94b-2d6e-4c70-ac4b-7ac0b4c083f7-139957565182080","trial_id":79,"param_name":"JointHeight","param_value_internal":5.3614765135744085,"distribution":"{\"name\": \"FloatDistribution\", \"attributes\": {\"step\": null, \"low\": 5.0, \"high\": 8.0, \"log\": false}}"}
{"op_code":5,"worker_id":"3f3be94b-2d6e-4c70-ac4b-7ac0b4c083f7-139957565182080","trial_id":79,"param_name":"CavityCorkThickness","param_value_internal":3.010702436844189,"distribution":"{\"name\": \"FloatDistribution\", \"attributes\": {\"step\": null, \"low\": 2.0, \"high\": 5.0, \"log\": false}}"}
{"op_code":5,"worker_id":"3f3be94b-2d6e-4c70-ac4b-7ac0b4c083f7-139957565182080","trial_id":79,"param_name":"BellowHeight","param_value_internal":6.049074436994699,"distribution":"{\"name\": \"FloatDistribution\", \"attributes\": {\"step\": null, \"low\": 6.0, \"high\": 10.0, \"log\": false}}"}
{"op_code":5,"worker_id":"3f3be94b-2d6e-4c70-ac4b-7ac0b4c083f7-139957565182080","trial_id":79,"param_name":"WallThickness","param_value_internal":3.769410809671488,"distribution":"{\"name\": \"FloatDistribution\", \"attributes\": {\"step\": null, \"low\": 2.0, \"high\": 4.0, \"log\": false}}"}
{"op_code":5,"worker_id":"3f3be94b-2d6e-4c70-ac4b-7ac0b4c083f7-139957565182080","trial_id":79,"param_name":"PlateauHeight","param_value_internal":3.3294390389590043,"distribution":"{\"name\": \"FloatDistribution\", \"attributes\": {\"step\": null, \"low\": 2.0, \"high\": 4.0, \"log\": false}}"}
{"op_code":6,"worker_id":"21ce5292-8bb3-4a5e-91d8-c7aac74ec9c1-140218492825728","trial_id":57,"state":1,"values":[-Infinity,-Infinity],"datetime_complete":"2026-06-05T15:20:37.015196"}
{"op_code":4,"worker_id":"21ce5292-8bb3-4a5e-91d8-c7aac74ec9c1-140218492825728","study_id":0,"datetime_start":"2026-06-05T15:20:37.025344"}
{"op_code":3,"worker_id":"21ce5292-8bb3-4a5e-91d8-c7aac74ec9c1-140218492825728","study_id":0,"system_attr":{"nsga2:population:e3b0c44298fc1c149afbf4c8996fb92427ae41e4649b934ca495991b7852b855":[0,[58,57,56,55,54,53,52,51,50,49,48,47,46,45,44,43,42,41,40,39,38,37,36,35,34,33,32,31,30,29,28,27,26,25,24,23,22,21,20,19,18,17,16,15,14,13,12,11,10,9]]}}
{"op_code":9,"worker_id":"21ce5292-8bb3-4a5e-91d8-c7aac74ec9c1-140218492825728","trial_id":80,"system_attr":{"nsga2:generation":1}}
{"op_code":5,"worker_id":"21ce5292-8bb3-4a5e-91d8-c7aac74ec9c1-140218492825728","trial_id":80,"param_name":"JointSlopeAngle","param_value_internal":0.9733153461942683,"distribution":"{\"name\": \"FloatDistribution\", \"attributes\": {\"step\": null, \"low\": 0.17453292519943295, \"high\": 1.0471975511965976, \"log\": false}}"}
{"op_code":5,"worker_id":"21ce5292-8bb3-4a5e-91d8-c7aac74ec9c1-140218492825728","trial_id":80,"param_name":"OuterRadius","param_value_internal":12.596985531301879,"distribution":"{\"name\": \"FloatDistribution\", \"attributes\": {\"step\": null, \"low\": 8.75, \"high\": 17.75, \"log\": false}}"}
{"op_code":5,"worker_id":"21ce5292-8bb3-4a5e-91d8-c7aac74ec9c1-140218492825728","trial_id":80,"param_name":"JointHeight","param_value_internal":6.192125227406281,"distribution":"{\"name\": \"FloatDistribution\", \"attributes\": {\"step\": null, \"low\": 5.0, \"high\": 8.0, \"log\": false}}"}
{"op_code":5,"worker_id":"21ce5292-8bb3-4a5e-91d8-c7aac74ec9c1-140218492825728","trial_id":80,"param_name":"CavityCorkThickness","param_value_internal":3.2431676590266956,"distribution":"{\"name\": \"FloatDistribution\", \"attributes\": {\"step\": null, \"low\": 2.0, \"high\": 5.0, \"log\": false}}"}
{"op_code":5,"worker_id":"21ce5292-8bb3-4a5e-91d8-c7aac74ec9c1-140218492825728","trial_id":80,"param_name":"BellowHeight","param_value_internal":6.946932894548886,"distribution":"{\"name\": \"FloatDistribution\", \"attributes\": {\"step\": null, \"low\": 6.0, \"high\": 10.0, \"log\": false}}"}
{"op_code":5,"worker_id":"21ce5292-8bb3-4a5e-91d8-c7aac74ec9c1-140218492825728","trial_id":80,"param_name":"WallThickness","param_value_internal":2.7686723463064737,"distribution":"{\"name\": \"FloatDistribution\", \"attributes\": {\"step\": null, \"low\": 2.0, \"high\": 4.0, \"log\": false}}"}
{"op_code":5,"worker_id":"21ce5292-8bb3-4a5e-91d8-c7aac74ec9c1-140218492825728","trial_id":80,"param_name":"PlateauHeight","param_value_internal":2.4644596980186018,"distribution":"{\"name\": \"FloatDistribution\", \"attributes\": {\"step\": null, \"low\": 2.0, \"high\": 4.0, \"log\": false}}"}
{"op_code":6,"worker_id":"b4083449-2efe-415f-ac98-d0b00156e30d-140445561180288","trial_id":72,"state":1,"values":[-Infinity,-Infinity],"datetime_complete":"2026-06-05T15:20:37.607974"}
{"op_code":4,"worker_id":"b4083449-2efe-415f-ac98-d0b00156e30d-140445561180288","study_id":0,"datetime_start":"2026-06-05T15:20:37.617742"}
{"op_code":9,"worker_id":"b4083449-2efe-415f-ac98-d0b00156e30d-140445561180288","trial_id":81,"system_attr":{"nsga2:generation":1}}
{"op_code":5,"worker_id":"b4083449-2efe-415f-ac98-d0b00156e30d-140445561180288","trial_id":81,"param_name":"JointSlopeAngle","param_value_internal":0.4885807939822082,"distribution":"{\"name\": \"FloatDistribution\", \"attributes\": {\"step\": null, \"low\": 0.17453292519943295, \"high\": 1.0471975511965976, \"log\": false}}"}
{"op_code":5,"worker_id":"b4083449-2efe-415f-ac98-d0b00156e30d-140445561180288","trial_id":81,"param_name":"OuterRadius","param_value_internal":12.38746021743264,"distribution":"{\"name\": \"FloatDistribution\", \"attributes\": {\"step\": null, \"low\": 8.75, \"high\": 17.75, \"log\": false}}"}
{"op_code":5,"worker_id":"b4083449-2efe-415f-ac98-d0b00156e30d-140445561180288","trial_id":81,"param_name":"JointHeight","param_value_internal":7.8900057606100304,"distribution":"{\"name\": \"FloatDistribution\", \"attributes\": {\"step\": null, \"low\": 5.0, \"high\": 8.0, \"log\": false}}"}
{"op_code":5,"worker_id":"b4083449-2efe-415f-ac98-d0b00156e30d-140445561180288","trial_id":81,"param_name":"CavityCorkThickness","param_value_internal":4.727341090853745,"distribution":"{\"name\": \"FloatDistribution\", \"attributes\": {\"step\": null, \"low\": 2.0, \"high\": 5.0, \"log\": false}}"}
{"op_code":6,"worker_id":"f9bee2ed-99f0-466c-b576-77f86b4754b6-140517316042880","trial_id":73,"state":1,"values":[-Infinity,-Infinity],"datetime_complete":"2026-06-05T15:20:37.653626"}
{"op_code":5,"worker_id":"b4083449-2efe-415f-ac98-d0b00156e30d-140445561180288","trial_id":81,"param_name":"BellowHeight","param_value_internal":7.814574240643648,"distribution":"{\"name\": \"FloatDistribution\", \"attributes\": {\"step\": null, \"low\": 6.0, \"high\": 10.0, \"log\": false}}"}
{"op_code":5,"worker_id":"b4083449-2efe-415f-ac98-d0b00156e30d-140445561180288","trial_id":81,"param_name":"WallThickness","param_value_internal":2.7444327908004356,"distribution":"{\"name\": \"FloatDistribution\", \"attributes\": {\"step\": null, \"low\": 2.0, \"high\": 4.0, \"log\": false}}"}
{"op_code":4,"worker_id":"f9bee2ed-99f0-466c-b576-77f86b4754b6-140517316042880","study_id":0,"datetime_start":"2026-06-05T15:20:37.666056"}
{"op_code":5,"worker_id":"b4083449-2efe-415f-ac98-d0b00156e30d-140445561180288","trial_id":81,"param_name":"PlateauHeight","param_value_internal":3.703516790580343,"distribution":"{\"name\": \"FloatDistribution\", \"attributes\": {\"step\": null, \"low\": 2.0, \"high\": 4.0, \"log\": false}}"}
{"op_code":9,"worker_id":"f9bee2ed-99f0-466c-b576-77f86b4754b6-140517316042880","trial_id":82,"system_attr":{"nsga2:generation":1}}
{"op_code":5,"worker_id":"f9bee2ed-99f0-466c-b576-77f86b4754b6-140517316042880","trial_id":82,"param_name":"JointSlopeAngle","param_value_internal":0.19380098708118876,"distribution":"{\"name\": \"FloatDistribution\", \"attributes\": {\"step\": null, \"low\": 0.17453292519943295, \"high\": 1.0471975511965976, \"log\": false}}"}
{"op_code":6,"worker_id":"88407e63-dd21-4ee2-91e3-9c0079baf8f2-139734788055168","trial_id":74,"state":1,"values":[-Infinity,-Infinity],"datetime_complete":"2026-06-05T15:20:37.693756"}
{"op_code":5,"worker_id":"f9bee2ed-99f0-466c-b576-77f86b4754b6-140517316042880","trial_id":82,"param_name":"OuterRadius","param_value_internal":14.154767578013914,"distribution":"{\"name\": \"FloatDistribution\", \"attributes\": {\"step\": null, \"low\": 8.75, \"high\": 17.75, \"log\": false}}"}
{"op_code":5,"worker_id":"f9bee2ed-99f0-466c-b576-77f86b4754b6-140517316042880","trial_id":82,"param_name":"JointHeight","param_value_internal":5.50156547668701,"distribution":"{\"name\": \"FloatDistribution\", \"attributes\": {\"step\": null, \"low\": 5.0, \"high\": 8.0, \"log\": false}}"}
{"op_code":4,"worker_id":"88407e63-dd21-4ee2-91e3-9c0079baf8f2-139734788055168","study_id":0,"datetime_start":"2026-06-05T15:20:37.705497"}
{"op_code":5,"worker_id":"f9bee2ed-99f0-466c-b576-77f86b4754b6-140517316042880","trial_id":82,"param_name":"CavityCorkThickness","param_value_internal":3.0945284770835064,"distribution":"{\"name\": \"FloatDistribution\", \"attributes\": {\"step\": null, \"low\": 2.0, \"high\": 5.0, \"log\": false}}"}
{"op_code":5,"worker_id":"f9bee2ed-99f0-466c-b576-77f86b4754b6-140517316042880","trial_id":82,"param_name":"BellowHeight","param_value_internal":6.2204353046929155,"distribution":"{\"name\": \"FloatDistribution\", \"attributes\": {\"step\": null, \"low\": 6.0, \"high\": 10.0, \"log\": false}}"}
{"op_code":9,"worker_id":"88407e63-dd21-4ee2-91e3-9c0079baf8f2-139734788055168","trial_id":83,"system_attr":{"nsga2:generation":1}}
{"op_code":5,"worker_id":"f9bee2ed-99f0-466c-b576-77f86b4754b6-140517316042880","trial_id":82,"param_name":"WallThickness","param_value_internal":3.904362210275126,"distribution":"{\"name\": \"FloatDistribution\", \"attributes\": {\"step\": null, \"low\": 2.0, \"high\": 4.0, \"log\": false}}"}
{"op_code":5,"worker_id":"88407e63-dd21-4ee2-91e3-9c0079baf8f2-139734788055168","trial_id":83,"param_name":"JointSlopeAngle","param_value_internal":0.2200930501964251,"distribution":"{\"name\": \"FloatDistribution\", \"attributes\": {\"step\": null, \"low\": 0.17453292519943295, \"high\": 1.0471975511965976, \"log\": false}}"}
{"op_code":5,"worker_id":"f9bee2ed-99f0-466c-b576-77f86b4754b6-140517316042880","trial_id":82,"param_name":"PlateauHeight","param_value_internal":3.703516790580343,"distribution":"{\"name\": \"FloatDistribution\", \"attributes\": {\"step\": null, \"low\": 2.0, \"high\": 4.0, \"log\": false}}"}
{"op_code":5,"worker_id":"88407e63-dd21-4ee2-91e3-9c0079baf8f2-139734788055168","trial_id":83,"param_name":"OuterRadius","param_value_internal":10.01594239539718,"distribution":"{\"name\": \"FloatDistribution\", \"attributes\": {\"step\": null, \"low\": 8.75, \"high\": 17.75, \"log\": false}}"}
{"op_code":6,"worker_id":"4163d7ae-0e91-4770-af5d-b420f69a7577-140038262534272","trial_id":75,"state":1,"values":[-Infinity,-Infinity],"datetime_complete":"2026-06-05T15:20:37.740820"}
{"op_code":5,"worker_id":"88407e63-dd21-4ee2-91e3-9c0079baf8f2-139734788055168","trial_id":83,"param_name":"JointHeight","param_value_internal":5.14552048588515,"distribution":"{\"name\": \"FloatDistribution\", \"attributes\": {\"step\": null, \"low\": 5.0, \"high\": 8.0, \"log\": false}}"}
{"op_code":5,"worker_id":"88407e63-dd21-4ee2-91e3-9c0079baf8f2-139734788055168","trial_id":83,"param_name":"CavityCorkThickness","param_value_internal":4.0196575130100065,"distribution":"{\"name\": \"FloatDistribution\", \"attributes\": {\"step\": null, \"low\": 2.0, \"high\": 5.0, \"log\": false}}"}
{"op_code":4,"worker_id":"4163d7ae-0e91-4770-af5d-b420f69a7577-140038262534272","study_id":0,"datetime_start":"2026-06-05T15:20:37.761358"}
{"op_code":5,"worker_id":"88407e63-dd21-4ee2-91e3-9c0079baf8f2-139734788055168","trial_id":83,"param_name":"BellowHeight","param_value_internal":9.46893388468778,"distribution":"{\"name\": \"FloatDistribution\", \"attributes\": {\"step\": null, \"low\": 6.0, \"high\": 10.0, \"log\": false}}"}
{"op_code":5,"worker_id":"88407e63-dd21-4ee2-91e3-9c0079baf8f2-139734788055168","trial_id":83,"param_name":"WallThickness","param_value_internal":3.9509651691954786,"distribution":"{\"name\": \"FloatDistribution\", \"attributes\": {\"step\": null, \"low\": 2.0, \"high\": 4.0, \"log\": false}}"}
{"op_code":9,"worker_id":"4163d7ae-0e91-4770-af5d-b420f69a7577-140038262534272","trial_id":84,"system_attr":{"nsga2:generation":1}}
{"op_code":5,"worker_id":"88407e63-dd21-4ee2-91e3-9c0079baf8f2-139734788055168","trial_id":83,"param_name":"PlateauHeight","param_value_internal":2.24956446799424,"distribution":"{\"name\": \"FloatDistribution\", \"attributes\": {\"step\": null, \"low\": 2.0, \"high\": 4.0, \"log\": false}}"}
{"op_code":5,"worker_id":"4163d7ae-0e91-4770-af5d-b420f69a7577-140038262534272","trial_id":84,"param_name":"JointSlopeAngle","param_value_internal":0.31469655396416857,"distribution":"{\"name\": \"FloatDistribution\", \"attributes\": {\"step\": null, \"low\": 0.17453292519943295, \"high\": 1.0471975511965976, \"log\": false}}"}
{"op_code":6,"worker_id":"cbb72291-b3d3-4a27-a4e1-b734c4eb077f-140656881606784","trial_id":71,"state":1,"values":[-Infinity,-Infinity],"datetime_complete":"2026-06-05T15:20:37.793590"}
{"op_code":5,"worker_id":"4163d7ae-0e91-4770-af5d-b420f69a7577-140038262534272","trial_id":84,"param_name":"OuterRadius","param_value_internal":14.23643198367784,"distribution":"{\"name\": \"FloatDistribution\", \"attributes\": {\"step\": null, \"low\": 8.75, \"high\": 17.75, \"log\": false}}"}
{"op_code":5,"worker_id":"4163d7ae-0e91-4770-af5d-b420f69a7577-140038262534272","trial_id":84,"param_name":"JointHeight","param_value_internal":6.413355109600051,"distribution":"{\"name\": \"FloatDistribution\", \"attributes\": {\"step\": null, \"low\": 5.0, \"high\": 8.0, \"log\": false}}"}
{"op_code":4,"worker_id":"cbb72291-b3d3-4a27-a4e1-b734c4eb077f-140656881606784","study_id":0,"datetime_start":"2026-06-05T15:20:37.805817"}
{"op_code":5,"worker_id":"4163d7ae-0e91-4770-af5d-b420f69a7577-140038262534272","trial_id":84,"param_name":"CavityCorkThickness","param_value_internal":4.516714394606341,"distribution":"{\"name\": \"FloatDistribution\", \"attributes\": {\"step\": null, \"low\": 2.0, \"high\": 5.0, \"log\": false}}"}
{"op_code":5,"worker_id":"4163d7ae-0e91-4770-af5d-b420f69a7577-140038262534272","trial_id":84,"param_name":"BellowHeight","param_value_internal":8.443539971855158,"distribution":"{\"name\": \"FloatDistribution\", \"attributes\": {\"step\": null, \"low\": 6.0, \"high\": 10.0, \"log\": false}}"}
{"op_code":9,"worker_id":"cbb72291-b3d3-4a27-a4e1-b734c4eb077f-140656881606784","trial_id":85,"system_attr":{"nsga2:generation":1}}
{"op_code":5,"worker_id":"4163d7ae-0e91-4770-af5d-b420f69a7577-140038262534272","trial_id":84,"param_name":"WallThickness","param_value_internal":3.756858484664315,"distribution":"{\"name\": \"FloatDistribution\", \"attributes\": {\"step\": null, \"low\": 2.0, \"high\": 4.0, \"log\": false}}"}
{"op_code":5,"worker_id":"cbb72291-b3d3-4a27-a4e1-b734c4eb077f-140656881606784","trial_id":85,"param_name":"JointSlopeAngle","param_value_internal":0.4885807939822082,"distribution":"{\"name\": \"FloatDistribution\", \"attributes\": {\"step\": null, \"low\": 0.17453292519943295, \"high\": 1.0471975511965976, \"log\": false}}"}
{"op_code":5,"worker_id":"4163d7ae-0e91-4770-af5d-b420f69a7577-140038262534272","trial_id":84,"param_name":"PlateauHeight","param_value_internal":2.117860128098968,"distribution":"{\"name\": \"FloatDistribution\", \"attributes\": {\"step\": null, \"low\": 2.0, \"high\": 4.0, \"log\": false}}"}
{"op_code":5,"worker_id":"cbb72291-b3d3-4a27-a4e1-b734c4eb077f-140656881606784","trial_id":85,"param_name":"OuterRadius","param_value_internal":14.154767578013914,"distribution":"{\"name\": \"FloatDistribution\", \"attributes\": {\"step\": null, \"low\": 8.75, \"high\": 17.75, \"log\": false}}"}
{"op_code":6,"worker_id":"05b1aa71-3198-4dc5-8e1d-d3f63aef5967-139814202810496","trial_id":76,"state":1,"values":[-Infinity,-Infinity],"datetime_complete":"2026-06-05T15:20:37.829900"}
{"op_code":5,"worker_id":"cbb72291-b3d3-4a27-a4e1-b734c4eb077f-140656881606784","trial_id":85,"param_name":"JointHeight","param_value_internal":6.449806230852499,"distribution":"{\"name\": \"FloatDistribution\", \"attributes\": {\"step\": null, \"low\": 5.0, \"high\": 8.0, \"log\": false}}"}
{"op_code":4,"worker_id":"05b1aa71-3198-4dc5-8e1d-d3f63aef5967-139814202810496","study_id":0,"datetime_start":"2026-06-05T15:20:37.858970"}
{"op_code":5,"worker_id":"cbb72291-b3d3-4a27-a4e1-b734c4eb077f-140656881606784","trial_id":85,"param_name":"CavityCorkThickness","param_value_internal":3.0945284770835064,"distribution":"{\"name\": \"FloatDistribution\", \"attributes\": {\"step\": null, \"low\": 2.0, \"high\": 5.0, \"log\": false}}"}
{"op_code":5,"worker_id":"cbb72291-b3d3-4a27-a4e1-b734c4eb077f-140656881606784","trial_id":85,"param_name":"BellowHeight","param_value_internal":7.809709947074873,"distribution":"{\"name\": \"FloatDistribution\", \"attributes\": {\"step\": null, \"low\": 6.0, \"high\": 10.0, \"log\": false}}"}
{"op_code":5,"worker_id":"cbb72291-b3d3-4a27-a4e1-b734c4eb077f-140656881606784","trial_id":85,"param_name":"WallThickness","param_value_internal":3.843055454147373,"distribution":"{\"name\": \"FloatDistribution\", \"attributes\": {\"step\": null, \"low\": 2.0, \"high\": 4.0, \"log\": false}}"}
{"op_code":5,"worker_id":"cbb72291-b3d3-4a27-a4e1-b734c4eb077f-140656881606784","trial_id":85,"param_name":"PlateauHeight","param_value_internal":3.703516790580343,"distribution":"{\"name\": \"FloatDistribution\", \"attributes\": {\"step\": null, \"low\": 2.0, \"high\": 4.0, \"log\": false}}"}
{"op_code":9,"worker_id":"05b1aa71-3198-4dc5-8e1d-d3f63aef5967-139814202810496","trial_id":86,"system_attr":{"nsga2:generation":1}}
{"op_code":5,"worker_id":"05b1aa71-3198-4dc5-8e1d-d3f63aef5967-139814202810496","trial_id":86,"param_name":"JointSlopeAngle","param_value_internal":0.7127041711935344,"distribution":"{\"name\": \"FloatDistribution\", \"attributes\": {\"step\": null, \"low\": 0.17453292519943295, \"high\": 1.0471975511965976, \"log\": false}}"}
{"op_code":5,"worker_id":"05b1aa71-3198-4dc5-8e1d-d3f63aef5967-139814202810496","trial_id":86,"param_name":"OuterRadius","param_value_internal":12.288850393543088,"distribution":"{\"name\": \"FloatDistribution\", \"attributes\": {\"step\": null, \"low\": 8.75, \"high\": 17.75, \"log\": false}}"}
{"op_code":5,"worker_id":"05b1aa71-3198-4dc5-8e1d-d3f63aef5967-139814202810496","trial_id":86,"param_name":"JointHeight","param_value_internal":5.61076016531319,"distribution":"{\"name\": \"FloatDistribution\", \"attributes\": {\"step\": null, \"low\": 5.0, \"high\": 8.0, \"log\": false}}"}
{"op_code":5,"worker_id":"05b1aa71-3198-4dc5-8e1d-d3f63aef5967-139814202810496","trial_id":86,"param_name":"CavityCorkThickness","param_value_internal":3.1777718194435205,"distribution":"{\"name\": \"FloatDistribution\", \"attributes\": {\"step\": null, \"low\": 2.0, \"high\": 5.0, \"log\": false}}"}
{"op_code":5,"worker_id":"05b1aa71-3198-4dc5-8e1d-d3f63aef5967-139814202810496","trial_id":86,"param_name":"BellowHeight","param_value_internal":8.737172305001028,"distribution":"{\"name\": \"FloatDistribution\", \"attributes\": {\"step\": null, \"low\": 6.0, \"high\": 10.0, \"log\": false}}"}
{"op_code":5,"worker_id":"05b1aa71-3198-4dc5-8e1d-d3f63aef5967-139814202810496","trial_id":86,"param_name":"WallThickness","param_value_internal":3.6571914010951714,"distribution":"{\"name\": \"FloatDistribution\", \"attributes\": {\"step\": null, \"low\": 2.0, \"high\": 4.0, \"log\": false}}"}
{"op_code":5,"worker_id":"05b1aa71-3198-4dc5-8e1d-d3f63aef5967-139814202810496","trial_id":86,"param_name":"PlateauHeight","param_value_internal":2.7729820590625875,"distribution":"{\"name\": \"FloatDistribution\", \"attributes\": {\"step\": null, \"low\": 2.0, \"high\": 4.0, \"log\": false}}"}
{"op_code":6,"worker_id":"e332a2ce-d408-411c-bab0-345a07a73229-139705794506880","trial_id":78,"state":1,"values":[-Infinity,-Infinity],"datetime_complete":"2026-06-05T15:20:37.986681"}
{"op_code":4,"worker_id":"e332a2ce-d408-411c-bab0-345a07a73229-139705794506880","study_id":0,"datetime_start":"2026-06-05T15:20:37.996203"}
{"op_code":9,"worker_id":"e332a2ce-d408-411c-bab0-345a07a73229-139705794506880","trial_id":87,"system_attr":{"nsga2:generation":1}}
{"op_code":5,"worker_id":"e332a2ce-d408-411c-bab0-345a07a73229-139705794506880","trial_id":87,"param_name":"JointSlopeAngle","param_value_internal":0.26670793209641797,"distribution":"{\"name\": \"FloatDistribution\", \"attributes\": {\"step\": null, \"low\": 0.17453292519943295, \"high\": 1.0471975511965976, \"log\": false}}"}
{"op_code":5,"worker_id":"e332a2ce-d408-411c-bab0-345a07a73229-139705794506880","trial_id":87,"param_name":"OuterRadius","param_value_internal":10.725235073308777,"distribution":"{\"name\": \"FloatDistribution\", \"attributes\": {\"step\": null, \"low\": 8.75, \"high\": 17.75, \"log\": false}}"}
{"op_code":5,"worker_id":"e332a2ce-d408-411c-bab0-345a07a73229-139705794506880","trial_id":87,"param_name":"JointHeight","param_value_internal":7.371961091309114,"distribution":"{\"name\": \"FloatDistribution\", \"attributes\": {\"step\": null, \"low\": 5.0, \"high\": 8.0, \"log\": false}}"}
{"op_code":5,"worker_id":"e332a2ce-d408-411c-bab0-345a07a73229-139705794506880","trial_id":87,"param_name":"CavityCorkThickness","param_value_internal":4.121502005465722,"distribution":"{\"name\": \"FloatDistribution\", \"attributes\": {\"step\": null, \"low\": 2.0, \"high\": 5.0, \"log\": false}}"}
{"op_code":5,"worker_id":"e332a2ce-d408-411c-bab0-345a07a73229-139705794506880","trial_id":87,"param_name":"BellowHeight","param_value_internal":6.933944490286876,"distribution":"{\"name\": \"FloatDistribution\", \"attributes\": {\"step\": null, \"low\": 6.0, \"high\": 10.0, \"log\": false}}"}
{"op_code":6,"worker_id":"3f3be94b-2d6e-4c70-ac4b-7ac0b4c083f7-139957565182080","trial_id":79,"state":1,"values":[-Infinity,-Infinity],"datetime_complete":"2026-06-05T15:20:38.038953"}
{"op_code":5,"worker_id":"e332a2ce-d408-411c-bab0-345a07a73229-139705794506880","trial_id":87,"param_name":"WallThickness","param_value_internal":2.668348203177848,"distribution":"{\"name\": \"FloatDistribution\", \"attributes\": {\"step\": null, \"low\": 2.0, \"high\": 4.0, \"log\": false}}"}
{"op_code":5,"worker_id":"e332a2ce-d408-411c-bab0-345a07a73229-139705794506880","trial_id":87,"param_name":"PlateauHeight","param_value_internal":3.605657877726181,"distribution":"{\"name\": \"FloatDistribution\", \"attributes\": {\"step\": null, \"low\": 2.0, \"high\": 4.0, \"log\": false}}"}
{"op_code":4,"worker_id":"3f3be94b-2d6e-4c70-ac4b-7ac0b4c083f7-139957565182080","study_id":0,"datetime_start":"2026-06-05T15:20:38.051083"}
{"op_code":9,"worker_id":"3f3be94b-2d6e-4c70-ac4b-7ac0b4c083f7-139957565182080","trial_id":88,"system_attr":{"nsga2:generation":1}}
{"op_code":5,"worker_id":"3f3be94b-2d6e-4c70-ac4b-7ac0b4c083f7-139957565182080","trial_id":88,"param_name":"JointSlopeAngle","param_value_internal":0.4256325434126722,"distribution":"{\"name\": \"FloatDistribution\", \"attributes\": {\"step\": null, \"low\": 0.17453292519943295, \"high\": 1.0471975511965976, \"log\": false}}"}
{"op_code":5,"worker_id":"3f3be94b-2d6e-4c70-ac4b-7ac0b4c083f7-139957565182080","trial_id":88,"param_name":"OuterRadius","param_value_internal":10.32737069614344,"distribution":"{\"name\": \"FloatDistribution\", \"attributes\": {\"step\": null, \"low\": 8.75, \"high\": 17.75, \"log\": false}}"}
{"op_code":5,"worker_id":"3f3be94b-2d6e-4c70-ac4b-7ac0b4c083f7-139957565182080","trial_id":88,"param_name":"JointHeight","param_value_internal":6.256489940633395,"distribution":"{\"name\": \"FloatDistribution\", \"attributes\": {\"step\": null, \"low\": 5.0, \"high\": 8.0, \"log\": false}}"}
{"op_code":5,"worker_id":"3f3be94b-2d6e-4c70-ac4b-7ac0b4c083f7-139957565182080","trial_id":88,"param_name":"CavityCorkThickness","param_value_internal":3.086055470734824,"distribution":"{\"name\": \"FloatDistribution\", \"attributes\": {\"step\": null, \"low\": 2.0, \"high\": 5.0, \"log\": false}}"}
{"op_code":5,"worker_id":"3f3be94b-2d6e-4c70-ac4b-7ac0b4c083f7-139957565182080","trial_id":88,"param_name":"BellowHeight","param_value_internal":8.196343780379317,"distribution":"{\"name\": \"FloatDistribution\", \"attributes\": {\"step\": null, \"low\": 6.0, \"high\": 10.0, \"log\": false}}"}
{"op_code":5,"worker_id":"3f3be94b-2d6e-4c70-ac4b-7ac0b4c083f7-139957565182080","trial_id":88,"param_name":"WallThickness","param_value_internal":2.546559043157785,"distribution":"{\"name\": \"FloatDistribution\", \"attributes\": {\"step\": null, \"low\": 2.0, \"high\": 4.0, \"log\": false}}"}
{"op_code":5,"worker_id":"3f3be94b-2d6e-4c70-ac4b-7ac0b4c083f7-139957565182080","trial_id":88,"param_name":"PlateauHeight","param_value_internal":2.6881635511561677,"distribution":"{\"name\": \"FloatDistribution\", \"attributes\": {\"step\": null, \"low\": 2.0, \"high\": 4.0, \"log\": false}}"}
{"op_code":6,"worker_id":"280985d5-349a-42af-891d-38016dff767b-140105724219520","trial_id":77,"state":1,"values":[-Infinity,-Infinity],"datetime_complete":"2026-06-05T15:20:38.505526"}
{"op_code":4,"worker_id":"280985d5-349a-42af-891d-38016dff767b-140105724219520","study_id":0,"datetime_start":"2026-06-05T15:20:38.516886"}
{"op_code":9,"worker_id":"280985d5-349a-42af-891d-38016dff767b-140105724219520","trial_id":89,"system_attr":{"nsga2:generation":1}}
{"op_code":5,"worker_id":"280985d5-349a-42af-891d-38016dff767b-140105724219520","trial_id":89,"param_name":"JointSlopeAngle","param_value_internal":1.0283713900127176,"distribution":"{\"name\": \"FloatDistribution\", \"attributes\": {\"step\": null, \"low\": 0.17453292519943295, \"high\": 1.0471975511965976, \"log\": false}}"}
{"op_code":5,"worker_id":"280985d5-349a-42af-891d-38016dff767b-140105724219520","trial_id":89,"param_name":"OuterRadius","param_value_internal":16.870440503598722,"distribution":"{\"name\": \"FloatDistribution\", \"attributes\": {\"step\": null, \"low\": 8.75, \"high\": 17.75, \"log\": false}}"}
{"op_code":5,"worker_id":"280985d5-349a-42af-891d-38016dff767b-140105724219520","trial_id":89,"param_name":"JointHeight","param_value_internal":6.515766119434131,"distribution":"{\"name\": \"FloatDistribution\", \"attributes\": {\"step\": null, \"low\": 5.0, \"high\": 8.0, \"log\": false}}"}
{"op_code":5,"worker_id":"280985d5-349a-42af-891d-38016dff767b-140105724219520","trial_id":89,"param_name":"CavityCorkThickness","param_value_internal":2.4557025506284487,"distribution":"{\"name\": \"FloatDistribution\", \"attributes\": {\"step\": null, \"low\": 2.0, \"high\": 5.0, \"log\": false}}"}
{"op_code":5,"worker_id":"280985d5-349a-42af-891d-38016dff767b-140105724219520","trial_id":89,"param_name":"BellowHeight","param_value_internal":9.616600094254443,"distribution":"{\"name\": \"FloatDistribution\", \"attributes\": {\"step\": null, \"low\": 6.0, \"high\": 10.0, \"log\": false}}"}
{"op_code":5,"worker_id":"280985d5-349a-42af-891d-38016dff767b-140105724219520","trial_id":89,"param_name":"WallThickness","param_value_internal":3.6975013179984355,"distribution":"{\"name\": \"FloatDistribution\", \"attributes\": {\"step\": null, \"low\": 2.0, \"high\": 4.0, \"log\": false}}"}
{"op_code":5,"worker_id":"280985d5-349a-42af-891d-38016dff767b-140105724219520","trial_id":89,"param_name":"PlateauHeight","param_value_internal":2.4644596980186018,"distribution":"{\"name\": \"FloatDistribution\", \"attributes\": {\"step\": null, \"low\": 2.0, \"high\": 4.0, \"log\": false}}"}
{"op_code":6,"worker_id":"b4083449-2efe-415f-ac98-d0b00156e30d-140445561180288","trial_id":81,"state":1,"values":[-Infinity,-Infinity],"datetime_complete":"2026-06-05T15:20:38.782853"}
{"op_code":6,"worker_id":"f9bee2ed-99f0-466c-b576-77f86b4754b6-140517316042880","trial_id":82,"state":1,"values":[-Infinity,-Infinity],"datetime_complete":"2026-06-05T15:20:38.792051"}
{"op_code":6,"worker_id":"21ce5292-8bb3-4a5e-91d8-c7aac74ec9c1-140218492825728","trial_id":80,"state":1,"values":[-Infinity,-Infinity],"datetime_complete":"2026-06-05T15:20:38.805374"}
{"op_code":0,"worker_id":"7148e765-e7f9-40d9-85b3-855c25f747f5-140445561180288","study_name":"SensorFinger_4_optuna_evolutionary","directions":[2,2]}
{"op_code":4,"worker_id":"21ce5292-8bb3-4a5e-91d8-c7aac74ec9c1-140218492825728","study_id":0,"datetime_start":"2026-06-05T15:20:38.815453"}
{"op_code":0,"worker_id":"c4cc6add-af03-4c73-ae78-d675e58ac22f-140517316042880","study_name":"SensorFinger_4_optuna_evolutionary","directions":[2,2]}
{"op_code":0,"worker_id":"7148e765-e7f9-40d9-85b3-855c25f747f5-140445561180288","study_name":"SensorFinger_4_optuna_evolutionary","directions":[2,2]}
{"op_code":9,"worker_id":"21ce5292-8bb3-4a5e-91d8-c7aac74ec9c1-140218492825728","trial_id":90,"system_attr":{"nsga2:generation":1}}
{"op_code":0,"worker_id":"c4cc6add-af03-4c73-ae78-d675e58ac22f-140517316042880","study_name":"SensorFinger_4_optuna_evolutionary","directions":[2,2]}
{"op_code":5,"worker_id":"21ce5292-8bb3-4a5e-91d8-c7aac74ec9c1-140218492825728","trial_id":90,"param_name":"JointSlopeAngle","param_value_internal":0.4885807939822082,"distribution":"{\"name\": \"FloatDistribution\", \"attributes\": {\"step\": null, \"low\": 0.17453292519943295, \"high\": 1.0471975511965976, \"log\": false}}"}
{"op_code":6,"worker_id":"88407e63-dd21-4ee2-91e3-9c0079baf8f2-139734788055168","trial_id":83,"state":1,"values":[-Infinity,-Infinity],"datetime_complete":"2026-06-05T15:20:38.832256"}
{"op_code":5,"worker_id":"21ce5292-8bb3-4a5e-91d8-c7aac74ec9c1-140218492825728","trial_id":90,"param_name":"OuterRadius","param_value_internal":14.154767578013914,"distribution":"{\"name\": \"FloatDistribution\", \"attributes\": {\"step\": null, \"low\": 8.75, \"high\": 17.75, \"log\": false}}"}
{"op_code":5,"worker_id":"21ce5292-8bb3-4a5e-91d8-c7aac74ec9c1-140218492825728","trial_id":90,"param_name":"JointHeight","param_value_internal":5.61076016531319,"distribution":"{\"name\": \"FloatDistribution\", \"attributes\": {\"step\": null, \"low\": 5.0, \"high\": 8.0, \"log\": false}}"}
{"op_code":5,"worker_id":"21ce5292-8bb3-4a5e-91d8-c7aac74ec9c1-140218492825728","trial_id":90,"param_name":"CavityCorkThickness","param_value_internal":3.4518609998513177,"distribution":"{\"name\": \"FloatDistribution\", \"attributes\": {\"step\": null, \"low\": 2.0, \"high\": 5.0, \"log\": false}}"}
{"op_code":5,"worker_id":"21ce5292-8bb3-4a5e-91d8-c7aac74ec9c1-140218492825728","trial_id":90,"param_name":"BellowHeight","param_value_internal":6.933944490286876,"distribution":"{\"name\": \"FloatDistribution\", \"attributes\": {\"step\": null, \"low\": 6.0, \"high\": 10.0, \"log\": false}}"}
{"op_code":5,"worker_id":"21ce5292-8bb3-4a5e-91d8-c7aac74ec9c1-140218492825728","trial_id":90,"param_name":"WallThickness","param_value_internal":3.270668369583022,"distribution":"{\"name\": \"FloatDistribution\", \"attributes\": {\"step\": null, \"low\": 2.0, \"high\": 4.0, \"log\": false}}"}
{"op_code":0,"worker_id":"04b621bb-a796-493c-931e-0c56219b47ba-139734788055168","study_name":"SensorFinger_4_optuna_evolutionary","directions":[2,2]}
{"op_code":5,"worker_id":"21ce5292-8bb3-4a5e-91d8-c7aac74ec9c1-140218492825728","trial_id":90,"param_name":"PlateauHeight","param_value_internal":3.605657877726181,"distribution":"{\"name\": \"FloatDistribution\", \"attributes\": {\"step\": null, \"low\": 2.0, \"high\": 4.0, \"log\": false}}"}
{"op_code":0,"worker_id":"04b621bb-a796-493c-931e-0c56219b47ba-139734788055168","study_name":"SensorFinger_4_optuna_evolutionary","directions":[2,2]}
{"op_code":6,"worker_id":"4163d7ae-0e91-4770-af5d-b420f69a7577-140038262534272","trial_id":84,"state":1,"values":[-Infinity,-Infinity],"datetime_complete":"2026-06-05T15:20:38.937908"}
{"op_code":0,"worker_id":"ac1dbd9a-e06e-42f2-8a6a-5b18de9bd7a4-140038262534272","study_name":"SensorFinger_4_optuna_evolutionary","directions":[2,2]}
{"op_code":0,"worker_id":"ac1dbd9a-e06e-42f2-8a6a-5b18de9bd7a4-140038262534272","study_name":"SensorFinger_4_optuna_evolutionary","directions":[2,2]}
{"op_code":6,"worker_id":"05b1aa71-3198-4dc5-8e1d-d3f63aef5967-139814202810496","trial_id":86,"state":1,"values":[-Infinity,-Infinity],"datetime_complete":"2026-06-05T15:20:39.028276"}
{"op_code":0,"worker_id":"b5af4e4d-0044-471a-83d6-83d1985f9d7f-139814202810496","study_name":"SensorFinger_4_optuna_evolutionary","directions":[2,2]}
{"op_code":0,"worker_id":"b5af4e4d-0044-471a-83d6-83d1985f9d7f-139814202810496","study_name":"SensorFinger_4_optuna_evolutionary","directions":[2,2]}
{"op_code":6,"worker_id":"e332a2ce-d408-411c-bab0-345a07a73229-139705794506880","trial_id":87,"state":1,"values":[-Infinity,-Infinity],"datetime_complete":"2026-06-05T15:20:39.122257"}
{"op_code":0,"worker_id":"274a734d-60b6-46e3-afed-2db14ae6d891-139705794506880","study_name":"SensorFinger_4_optuna_evolutionary","directions":[2,2]}
{"op_code":6,"worker_id":"3f3be94b-2d6e-4c70-ac4b-7ac0b4c083f7-139957565182080","trial_id":88,"state":1,"values":[-Infinity,-Infinity],"datetime_complete":"2026-06-05T15:20:39.156541"}
{"op_code":0,"worker_id":"274a734d-60b6-46e3-afed-2db14ae6d891-139705794506880","study_name":"SensorFinger_4_optuna_evolutionary","directions":[2,2]}
{"op_code":0,"worker_id":"85ee8297-5b0a-4704-9147-c509df4ca305-139957565182080","study_name":"SensorFinger_4_optuna_evolutionary","directions":[2,2]}
{"op_code":0,"worker_id":"85ee8297-5b0a-4704-9147-c509df4ca305-139957565182080","study_name":"SensorFinger_4_optuna_evolutionary","directions":[2,2]}
{"op_code":6,"worker_id":"cbb72291-b3d3-4a27-a4e1-b734c4eb077f-140656881606784","trial_id":85,"state":1,"values":[-Infinity,-Infinity],"datetime_complete":"2026-06-05T15:20:39.580944"}
{"op_code":4,"worker_id":"cbb72291-b3d3-4a27-a4e1-b734c4eb077f-140656881606784","study_id":0,"datetime_start":"2026-06-05T15:20:39.592603"}
{"op_code":9,"worker_id":"cbb72291-b3d3-4a27-a4e1-b734c4eb077f-140656881606784","trial_id":91,"system_attr":{"nsga2:generation":1}}
{"op_code":5,"worker_id":"cbb72291-b3d3-4a27-a4e1-b734c4eb077f-140656881606784","trial_id":91,"param_name":"JointSlopeAngle","param_value_internal":0.8955141766025938,"distribution":"{\"name\": \"FloatDistribution\", \"attributes\": {\"step\": null, \"low\": 0.17453292519943295, \"high\": 1.0471975511965976, \"log\": false}}"}
{"op_code":0,"worker_id":"bb02ecfa-1377-41cc-b770-69ff37da9fb8-140517316042880","study_name":"SensorFinger_4_optuna_evolutionary","directions":[2,2]}
{"op_code":5,"worker_id":"cbb72291-b3d3-4a27-a4e1-b734c4eb077f-140656881606784","trial_id":91,"param_name":"OuterRadius","param_value_internal":13.47157325830608,"distribution":"{\"name\": \"FloatDistribution\", \"attributes\": {\"step\": null, \"low\": 8.75, \"high\": 17.75, \"log\": false}}"}
{"op_code":0,"worker_id":"bb02ecfa-1377-41cc-b770-69ff37da9fb8-140517316042880","study_name":"SensorFinger_4_optuna_evolutionary","directions":[2,2]}
{"op_code":0,"worker_id":"2163c5f4-28b2-4cc2-8b14-e5ed391cf6b4-140445561180288","study_name":"SensorFinger_4_optuna_evolutionary","directions":[2,2]}
{"op_code":5,"worker_id":"cbb72291-b3d3-4a27-a4e1-b734c4eb077f-140656881606784","trial_id":91,"param_name":"JointHeight","param_value_internal":7.770658338865616,"distribution":"{\"name\": \"FloatDistribution\", \"attributes\": {\"step\": null, \"low\": 5.0, \"high\": 8.0, \"log\": false}}"}
{"op_code":0,"worker_id":"2163c5f4-28b2-4cc2-8b14-e5ed391cf6b4-140445561180288","study_name":"SensorFinger_4_optuna_evolutionary","directions":[2,2]}
{"op_code":5,"worker_id":"cbb72291-b3d3-4a27-a4e1-b734c4eb077f-140656881606784","trial_id":91,"param_name":"CavityCorkThickness","param_value_internal":2.102531616567283,"distribution":"{\"name\": \"FloatDistribution\", \"attributes\": {\"step\": null, \"low\": 2.0, \"high\": 5.0, \"log\": false}}"}
{"op_code":5,"worker_id":"cbb72291-b3d3-4a27-a4e1-b734c4eb077f-140656881606784","trial_id":91,"param_name":"BellowHeight","param_value_internal":7.30460658721396,"distribution":"{\"name\": \"FloatDistribution\", \"attributes\": {\"step\": null, \"low\": 6.0, \"high\": 10.0, \"log\": false}}"}
{"op_code":5,"worker_id":"cbb72291-b3d3-4a27-a4e1-b734c4eb077f-140656881606784","trial_id":91,"param_name":"WallThickness","param_value_internal":3.7282681524047607,"distribution":"{\"name\": \"FloatDistribution\", \"attributes\": {\"step\": null, \"low\": 2.0, \"high\": 4.0, \"log\": false}}"}
{"op_code":5,"worker_id":"cbb72291-b3d3-4a27-a4e1-b734c4eb077f-140656881606784","trial_id":91,"param_name":"PlateauHeight","param_value_internal":2.381873135578844,"distribution":"{\"name\": \"FloatDistribution\", \"attributes\": {\"step\": null, \"low\": 2.0, \"high\": 4.0, \"log\": false}}"}
{"op_code":0,"worker_id":"8750ab09-82fa-49ab-8883-4f535bf9ac41-139734788055168","study_name":"SensorFinger_4_optuna_evolutionary","directions":[2,2]}
{"op_code":0,"worker_id":"8750ab09-82fa-49ab-8883-4f535bf9ac41-139734788055168","study_name":"SensorFinger_4_optuna_evolutionary","directions":[2,2]}
{"op_code":0,"worker_id":"b87257df-c181-43d5-8305-c472bbe0a01b-140038262534272","study_name":"SensorFinger_4_optuna_evolutionary","directions":[2,2]}
{"op_code":0,"worker_id":"b87257df-c181-43d5-8305-c472bbe0a01b-140038262534272","study_name":"SensorFinger_4_optuna_evolutionary","directions":[2,2]}
{"op_code":0,"worker_id":"d923eacd-b2cf-4bb6-9978-b94c70039e82-139814202810496","study_name":"SensorFinger_4_optuna_evolutionary","directions":[2,2]}
{"op_code":0,"worker_id":"d923eacd-b2cf-4bb6-9978-b94c70039e82-139814202810496","study_name":"SensorFinger_4_optuna_evolutionary","directions":[2,2]}
{"op_code":0,"worker_id":"34b728a1-09fd-4835-be52-0c2c8a62f357-139957565182080","study_name":"SensorFinger_4_optuna_evolutionary","directions":[2,2]}
{"op_code":0,"worker_id":"34b728a1-09fd-4835-be52-0c2c8a62f357-139957565182080","study_name":"SensorFinger_4_optuna_evolutionary","directions":[2,2]}
{"op_code":0,"worker_id":"d4a4b0fa-5baf-4997-915b-8605e3477c41-139705794506880","study_name":"SensorFinger_4_optuna_evolutionary","directions":[2,2]}
{"op_code":0,"worker_id":"d4a4b0fa-5baf-4997-915b-8605e3477c41-139705794506880","study_name":"SensorFinger_4_optuna_evolutionary","directions":[2,2]}
{"op_code":6,"worker_id":"280985d5-349a-42af-891d-38016dff767b-140105724219520","trial_id":89,"state":1,"values":[-Infinity,-Infinity],"datetime_complete":"2026-06-05T15:20:40.286104"}
{"op_code":4,"worker_id":"280985d5-349a-42af-891d-38016dff767b-140105724219520","study_id":0,"datetime_start":"2026-06-05T15:20:40.296782"}
{"op_code":9,"worker_id":"280985d5-349a-42af-891d-38016dff767b-140105724219520","trial_id":92,"system_attr":{"nsga2:generation":1}}
{"op_code":5,"worker_id":"280985d5-349a-42af-891d-38016dff767b-140105724219520","trial_id":92,"param_name":"JointSlopeAngle","param_value_internal":0.8955141766025938,"distribution":"{\"name\": \"FloatDistribution\", \"attributes\": {\"step\": null, \"low\": 0.17453292519943295, \"high\": 1.0471975511965976, \"log\": false}}"}
{"op_code":5,"worker_id":"280985d5-349a-42af-891d-38016dff767b-140105724219520","trial_id":92,"param_name":"OuterRadius","param_value_internal":11.130852101378352,"distribution":"{\"name\": \"FloatDistribution\", \"attributes\": {\"step\": null, \"low\": 8.75, \"high\": 17.75, \"log\": false}}"}
{"op_code":5,"worker_id":"280985d5-349a-42af-891d-38016dff767b-140105724219520","trial_id":92,"param_name":"JointHeight","param_value_internal":7.770658338865616,"distribution":"{\"name\": \"FloatDistribution\", \"attributes\": {\"step\": null, \"low\": 5.0, \"high\": 8.0, \"log\": false}}"}
{"op_code":5,"worker_id":"280985d5-349a-42af-891d-38016dff767b-140105724219520","trial_id":92,"param_name":"CavityCorkThickness","param_value_internal":2.5886068718651956,"distribution":"{\"name\": \"FloatDistribution\", \"attributes\": {\"step\": null, \"low\": 2.0, \"high\": 5.0, \"log\": false}}"}
{"op_code":5,"worker_id":"280985d5-349a-42af-891d-38016dff767b-140105724219520","trial_id":92,"param_name":"BellowHeight","param_value_internal":9.729793559393517,"distribution":"{\"name\": \"FloatDistribution\", \"attributes\": {\"step\": null, \"low\": 6.0, \"high\": 10.0, \"log\": false}}"}
{"op_code":5,"worker_id":"280985d5-349a-42af-891d-38016dff767b-140105724219520","trial_id":92,"param_name":"WallThickness","param_value_internal":3.061003654536664,"distribution":"{\"name\": \"FloatDistribution\", \"attributes\": {\"step\": null, \"low\": 2.0, \"high\": 4.0, \"log\": false}}"}
{"op_code":5,"worker_id":"280985d5-349a-42af-891d-38016dff767b-140105724219520","trial_id":92,"param_name":"PlateauHeight","param_value_internal":2.041244839724726,"distribution":"{\"name\": \"FloatDistribution\", \"attributes\": {\"step\": null, \"low\": 2.0, \"high\": 4.0, \"log\": false}}"}
{"op_code":6,"worker_id":"21ce5292-8bb3-4a5e-91d8-c7aac74ec9c1-140218492825728","trial_id":90,"state":1,"values":[-Infinity,-Infinity],"datetime_complete":"2026-06-05T15:20:40.598104"}
{"op_code":4,"worker_id":"21ce5292-8bb3-4a5e-91d8-c7aac74ec9c1-140218492825728","study_id":0,"datetime_start":"2026-06-05T15:20:40.608683"}
{"op_code":9,"worker_id":"21ce5292-8bb3-4a5e-91d8-c7aac74ec9c1-140218492825728","trial_id":93,"system_attr":{"nsga2:generation":1}}
{"op_code":5,"worker_id":"21ce5292-8bb3-4a5e-91d8-c7aac74ec9c1-140218492825728","trial_id":93,"param_name":"JointSlopeAngle","param_value_internal":0.5952888980147265,"distribution":"{\"name\": \"FloatDistribution\", \"attributes\": {\"step\": null, \"low\": 0.17453292519943295, \"high\": 1.0471975511965976, \"log\": false}}"}
{"op_code":5,"worker_id":"21ce5292-8bb3-4a5e-91d8-c7aac74ec9c1-140218492825728","trial_id":93,"param_name":"OuterRadius","param_value_internal":9.217831359420456,"distribution":"{\"name\": \"FloatDistribution\", \"attributes\": {\"step\": null, \"low\": 8.75, \"high\": 17.75, \"log\": false}}"}
{"op_code":5,"worker_id":"21ce5292-8bb3-4a5e-91d8-c7aac74ec9c1-140218492825728","trial_id":93,"param_name":"JointHeight","param_value_internal":5.0135984491888275,"distribution":"{\"name\": \"FloatDistribution\", \"attributes\": {\"step\": null, \"low\": 5.0, \"high\": 8.0, \"log\": false}}"}
{"op_code":5,"worker_id":"21ce5292-8bb3-4a5e-91d8-c7aac74ec9c1-140218492825728","trial_id":93,"param_name":"CavityCorkThickness","param_value_internal":2.847414902147206,"distribution":"{\"name\": \"FloatDistribution\", \"attributes\": {\"step\": null, \"low\": 2.0, \"high\": 5.0, \"log\": false}}"}
{"op_code":5,"worker_id":"21ce5292-8bb3-4a5e-91d8-c7aac74ec9c1-140218492825728","trial_id":93,"param_name":"BellowHeight","param_value_internal":7.9366117360216455,"distribution":"{\"name\": \"FloatDistribution\", \"attributes\": {\"step\": null, \"low\": 6.0, \"high\": 10.0, \"log\": false}}"}
{"op_code":5,"worker_id":"21ce5292-8bb3-4a5e-91d8-c7aac74ec9c1-140218492825728","trial_id":93,"param_name":"WallThickness","param_value_internal":3.822861332346349,"distribution":"{\"name\": \"FloatDistribution\", \"attributes\": {\"step\": null, \"low\": 2.0, \"high\": 4.0, \"log\": false}}"}
{"op_code":5,"worker_id":"21ce5292-8bb3-4a5e-91d8-c7aac74ec9c1-140218492825728","trial_id":93,"param_name":"PlateauHeight","param_value_internal":2.168574747019221,"distribution":"{\"name\": \"FloatDistribution\", \"attributes\": {\"step\": null, \"low\": 2.0, \"high\": 4.0, \"log\": false}}"}
{"op_code":6,"worker_id":"cbb72291-b3d3-4a27-a4e1-b734c4eb077f-140656881606784","trial_id":91,"state":1,"values":[-Infinity,-Infinity],"datetime_complete":"2026-06-05T15:20:41.368644"}
{"op_code":4,"worker_id":"cbb72291-b3d3-4a27-a4e1-b734c4eb077f-140656881606784","study_id":0,"datetime_start":"2026-06-05T15:20:41.381240"}
{"op_code":9,"worker_id":"cbb72291-b3d3-4a27-a4e1-b734c4eb077f-140656881606784","trial_id":94,"system_attr":{"nsga2:generation":1}}
{"op_code":5,"worker_id":"cbb72291-b3d3-4a27-a4e1-b734c4eb077f-140656881606784","trial_id":94,"param_name":"JointSlopeAngle","param_value_internal":0.4885807939822082,"distribution":"{\"name\": \"FloatDistribution\", \"attributes\": {\"step\": null, \"low\": 0.17453292519943295, \"high\": 1.0471975511965976, \"log\": false}}"}
{"op_code":5,"worker_id":"cbb72291-b3d3-4a27-a4e1-b734c4eb077f-140656881606784","trial_id":94,"param_name":"OuterRadius","param_value_internal":14.154767578013914,"distribution":"{\"name\": \"FloatDistribution\", \"attributes\": {\"step\": null, \"low\": 8.75, \"high\": 17.75, \"log\": false}}"}
{"op_code":5,"worker_id":"cbb72291-b3d3-4a27-a4e1-b734c4eb077f-140656881606784","trial_id":94,"param_name":"JointHeight","param_value_internal":6.449806230852499,"distribution":"{\"name\": \"FloatDistribution\", \"attributes\": {\"step\": null, \"low\": 5.0, \"high\": 8.0, \"log\": false}}"}
{"op_code":5,"worker_id":"cbb72291-b3d3-4a27-a4e1-b734c4eb077f-140656881606784","trial_id":94,"param_name":"CavityCorkThickness","param_value_internal":3.0945284770835064,"distribution":"{\"name\": \"FloatDistribution\", \"attributes\": {\"step\": null, \"low\": 2.0, \"high\": 5.0, \"log\": false}}"}
{"op_code":5,"worker_id":"cbb72291-b3d3-4a27-a4e1-b734c4eb077f-140656881606784","trial_id":94,"param_name":"BellowHeight","param_value_internal":7.535568585237062,"distribution":"{\"name\": \"FloatDistribution\", \"attributes\": {\"step\": null, \"low\": 6.0, \"high\": 10.0, \"log\": false}}"}
{"op_code":5,"worker_id":"cbb72291-b3d3-4a27-a4e1-b734c4eb077f-140656881606784","trial_id":94,"param_name":"WallThickness","param_value_internal":2.445581090193758,"distribution":"{\"name\": \"FloatDistribution\", \"attributes\": {\"step\": null, \"low\": 2.0, \"high\": 4.0, \"log\": false}}"}
{"op_code":5,"worker_id":"cbb72291-b3d3-4a27-a4e1-b734c4eb077f-140656881606784","trial_id":94,"param_name":"PlateauHeight","param_value_internal":3.703516790580343,"distribution":"{\"name\": \"FloatDistribution\", \"attributes\": {\"step\": null, \"low\": 2.0, \"high\": 4.0, \"log\": false}}"}
{"op_code":6,"worker_id":"280985d5-349a-42af-891d-38016dff767b-140105724219520","trial_id":92,"state":1,"values":[-Infinity,-Infinity],"datetime_complete":"2026-06-05T15:20:42.075770"}
{"op_code":4,"worker_id":"280985d5-349a-42af-891d-38016dff767b-140105724219520","study_id":0,"datetime_start":"2026-06-05T15:20:42.087194"}
{"op_code":9,"worker_id":"280985d5-349a-42af-891d-38016dff767b-140105724219520","trial_id":95,"system_attr":{"nsga2:generation":1}}
{"op_code":5,"worker_id":"280985d5-349a-42af-891d-38016dff767b-140105724219520","trial_id":95,"param_name":"JointSlopeAngle","param_value_internal":0.3579430349244239,"distribution":"{\"name\": \"FloatDistribution\", \"attributes\": {\"step\": null, \"low\": 0.17453292519943295, \"high\": 1.0471975511965976, \"log\": false}}"}
{"op_code":5,"worker_id":"280985d5-349a-42af-891d-38016dff767b-140105724219520","trial_id":95,"param_name":"OuterRadius","param_value_internal":14.189423666952756,"distribution":"{\"name\": \"FloatDistribution\", \"attributes\": {\"step\": null, \"low\": 8.75, \"high\": 17.75, \"log\": false}}"}
{"op_code":5,"worker_id":"280985d5-349a-42af-891d-38016dff767b-140105724219520","trial_id":95,"param_name":"JointHeight","param_value_internal":6.384026045379825,"distribution":"{\"name\": \"FloatDistribution\", \"attributes\": {\"step\": null, \"low\": 5.0, \"high\": 8.0, \"log\": false}}"}
{"op_code":5,"worker_id":"280985d5-349a-42af-891d-38016dff767b-140105724219520","trial_id":95,"param_name":"CavityCorkThickness","param_value_internal":2.5750636708517014,"distribution":"{\"name\": \"FloatDistribution\", \"attributes\": {\"step\": null, \"low\": 2.0, \"high\": 5.0, \"log\": false}}"}
{"op_code":5,"worker_id":"280985d5-349a-42af-891d-38016dff767b-140105724219520","trial_id":95,"param_name":"BellowHeight","param_value_internal":9.885116951464052,"distribution":"{\"name\": \"FloatDistribution\", \"attributes\": {\"step\": null, \"low\": 6.0, \"high\": 10.0, \"log\": false}}"}
{"op_code":5,"worker_id":"280985d5-349a-42af-891d-38016dff767b-140105724219520","trial_id":95,"param_name":"WallThickness","param_value_internal":3.239901784234042,"distribution":"{\"name\": \"FloatDistribution\", \"attributes\": {\"step\": null, \"low\": 2.0, \"high\": 4.0, \"log\": false}}"}
{"op_code":5,"worker_id":"280985d5-349a-42af-891d-38016dff767b-140105724219520","trial_id":95,"param_name":"PlateauHeight","param_value_internal":3.6458803384484093,"distribution":"{\"name\": \"FloatDistribution\", \"attributes\": {\"step\": null, \"low\": 2.0, \"high\": 4.0, \"log\": false}}"}
{"op_code":6,"worker_id":"21ce5292-8bb3-4a5e-91d8-c7aac74ec9c1-140218492825728","trial_id":93,"state":1,"values":[-Infinity,-Infinity],"datetime_complete":"2026-06-05T15:20:42.370790"}
{"op_code":4,"worker_id":"21ce5292-8bb3-4a5e-91d8-c7aac74ec9c1-140218492825728","study_id":0,"datetime_start":"2026-06-05T15:20:42.383567"}
{"op_code":9,"worker_id":"21ce5292-8bb3-4a5e-91d8-c7aac74ec9c1-140218492825728","trial_id":96,"system_attr":{"nsga2:generation":1}}
{"op_code":5,"worker_id":"21ce5292-8bb3-4a5e-91d8-c7aac74ec9c1-140218492825728","trial_id":96,"param_name":"JointSlopeAngle","param_value_internal":0.7632996043635899,"distribution":"{\"name\": \"FloatDistribution\", \"attributes\": {\"step\": null, \"low\": 0.17453292519943295, \"high\": 1.0471975511965976, \"log\": false}}"}
{"op_code":5,"worker_id":"21ce5292-8bb3-4a5e-91d8-c7aac74ec9c1-140218492825728","trial_id":96,"param_name":"OuterRadius","param_value_internal":10.376979700829947,"distribution":"{\"name\": \"FloatDistribution\", \"attributes\": {\"step\": null, \"low\": 8.75, \"high\": 17.75, \"log\": false}}"}
{"op_code":5,"worker_id":"21ce5292-8bb3-4a5e-91d8-c7aac74ec9c1-140218492825728","trial_id":96,"param_name":"JointHeight","param_value_internal":6.512535492240712,"distribution":"{\"name\": \"FloatDistribution\", \"attributes\": {\"step\": null, \"low\": 5.0, \"high\": 8.0, \"log\": false}}"}
{"op_code":5,"worker_id":"21ce5292-8bb3-4a5e-91d8-c7aac74ec9c1-140218492825728","trial_id":96,"param_name":"CavityCorkThickness","param_value_internal":4.598234451198566,"distribution":"{\"name\": \"FloatDistribution\", \"attributes\": {\"step\": null, \"low\": 2.0, \"high\": 5.0, \"log\": false}}"}
{"op_code":5,"worker_id":"21ce5292-8bb3-4a5e-91d8-c7aac74ec9c1-140218492825728","trial_id":96,"param_name":"BellowHeight","param_value_internal":6.049074436994699,"distribution":"{\"name\": \"FloatDistribution\", \"attributes\": {\"step\": null, \"low\": 6.0, \"high\": 10.0, \"log\": false}}"}
{"op_code":5,"worker_id":"21ce5292-8bb3-4a5e-91d8-c7aac74ec9c1-140218492825728","trial_id":96,"param_name":"WallThickness","param_value_internal":3.769410809671488,"distribution":"{\"name\": \"FloatDistribution\", \"attributes\": {\"step\": null, \"low\": 2.0, \"high\": 4.0, \"log\": false}}"}
{"op_code":5,"worker_id":"21ce5292-8bb3-4a5e-91d8-c7aac74ec9c1-140218492825728","trial_id":96,"param_name":"PlateauHeight","param_value_internal":3.563634528092569,"distribution":"{\"name\": \"FloatDistribution\", \"attributes\": {\"step\": null, \"low\": 2.0, \"high\": 4.0, \"log\": false}}"}
{"op_code":6,"worker_id":"cbb72291-b3d3-4a27-a4e1-b734c4eb077f-140656881606784","trial_id":94,"state":1,"values":[-Infinity,-Infinity],"datetime_complete":"2026-06-05T15:20:43.145374"}
{"op_code":4,"worker_id":"cbb72291-b3d3-4a27-a4e1-b734c4eb077f-140656881606784","study_id":0,"datetime_start":"2026-06-05T15:20:43.156671"}
{"op_code":9,"worker_id":"cbb72291-b3d3-4a27-a4e1-b734c4eb077f-140656881606784","trial_id":97,"system_attr":{"nsga2:generation":1}}
{"op_code":5,"worker_id":"cbb72291-b3d3-4a27-a4e1-b734c4eb077f-140656881606784","trial_id":97,"param_name":"JointSlopeAngle","param_value_internal":0.2878858282345571,"distribution":"{\"name\": \"FloatDistribution\", \"attributes\": {\"step\": null, \"low\": 0.17453292519943295, \"high\": 1.0471975511965976, \"log\": false}}"}
{"op_code":5,"worker_id":"cbb72291-b3d3-4a27-a4e1-b734c4eb077f-140656881606784","trial_id":97,"param_name":"OuterRadius","param_value_internal":9.524882109027367,"distribution":"{\"name\": \"FloatDistribution\", \"attributes\": {\"step\": null, \"low\": 8.75, \"high\": 17.75, \"log\": false}}"}
{"op_code":5,"worker_id":"cbb72291-b3d3-4a27-a4e1-b734c4eb077f-140656881606784","trial_id":97,"param_name":"JointHeight","param_value_internal":6.159444944246664,"distribution":"{\"name\": \"FloatDistribution\", \"attributes\": {\"step\": null, \"low\": 5.0, \"high\": 8.0, \"log\": false}}"}
{"op_code":5,"worker_id":"cbb72291-b3d3-4a27-a4e1-b734c4eb077f-140656881606784","trial_id":97,"param_name":"CavityCorkThickness","param_value_internal":2.3516439411020524,"distribution":"{\"name\": \"FloatDistribution\", \"attributes\": {\"step\": null, \"low\": 2.0, \"high\": 5.0, \"log\": false}}"}
{"op_code":5,"worker_id":"cbb72291-b3d3-4a27-a4e1-b734c4eb077f-140656881606784","trial_id":97,"param_name":"BellowHeight","param_value_internal":6.379263445117868,"distribution":"{\"name\": \"FloatDistribution\", \"attributes\": {\"step\": null, \"low\": 6.0, \"high\": 10.0, \"log\": false}}"}
{"op_code":5,"worker_id":"cbb72291-b3d3-4a27-a4e1-b734c4eb077f-140656881606784","trial_id":97,"param_name":"WallThickness","param_value_internal":2.7457401423309484,"distribution":"{\"name\": \"FloatDistribution\", \"attributes\": {\"step\": null, \"low\": 2.0, \"high\": 4.0, \"log\": false}}"}
{"op_code":5,"worker_id":"cbb72291-b3d3-4a27-a4e1-b734c4eb077f-140656881606784","trial_id":97,"param_name":"PlateauHeight","param_value_internal":2.876271597947191,"distribution":"{\"name\": \"FloatDistribution\", \"attributes\": {\"step\": null, \"low\": 2.0, \"high\": 4.0, \"log\": false}}"}
{"op_code":6,"worker_id":"280985d5-349a-42af-891d-38016dff767b-140105724219520","trial_id":95,"state":1,"values":[-Infinity,-Infinity],"datetime_complete":"2026-06-05T15:20:43.880778"}
{"op_code":4,"worker_id":"280985d5-349a-42af-891d-38016dff767b-140105724219520","study_id":0,"datetime_start":"2026-06-05T15:20:43.893426"}
{"op_code":9,"worker_id":"280985d5-349a-42af-891d-38016dff767b-140105724219520","trial_id":98,"system_attr":{"nsga2:generation":1}}
{"op_code":5,"worker_id":"280985d5-349a-42af-891d-38016dff767b-140105724219520","trial_id":98,"param_name":"JointSlopeAngle","param_value_internal":0.8018222946128595,"distribution":"{\"name\": \"FloatDistribution\", \"attributes\": {\"step\": null, \"low\": 0.17453292519943295, \"high\": 1.0471975511965976, \"log\": false}}"}
{"op_code":5,"worker_id":"280985d5-349a-42af-891d-38016dff767b-140105724219520","trial_id":98,"param_name":"OuterRadius","param_value_internal":9.514464786113304,"distribution":"{\"name\": \"FloatDistribution\", \"attributes\": {\"step\": null, \"low\": 8.75, \"high\": 17.75, \"log\": false}}"}
{"op_code":5,"worker_id":"280985d5-349a-42af-891d-38016dff767b-140105724219520","trial_id":98,"param_name":"JointHeight","param_value_internal":5.211097215722561,"distribution":"{\"name\": \"FloatDistribution\", \"attributes\": {\"step\": null, \"low\": 5.0, \"high\": 8.0, \"log\": false}}"}
{"op_code":5,"worker_id":"280985d5-349a-42af-891d-38016dff767b-140105724219520","trial_id":98,"param_name":"CavityCorkThickness","param_value_internal":2.045250920254319,"distribution":"{\"name\": \"FloatDistribution\", \"attributes\": {\"step\": null, \"low\": 2.0, \"high\": 5.0, \"log\": false}}"}
{"op_code":5,"worker_id":"280985d5-349a-42af-891d-38016dff767b-140105724219520","trial_id":98,"param_name":"BellowHeight","param_value_internal":7.905727255583555,"distribution":"{\"name\": \"FloatDistribution\", \"attributes\": {\"step\": null, \"low\": 6.0, \"high\": 10.0, \"log\": false}}"}
{"op_code":5,"worker_id":"280985d5-349a-42af-891d-38016dff767b-140105724219520","trial_id":98,"param_name":"WallThickness","param_value_internal":2.186206192625556,"distribution":"{\"name\": \"FloatDistribution\", \"attributes\": {\"step\": null, \"low\": 2.0, \"high\": 4.0, \"log\": false}}"}
{"op_code":5,"worker_id":"280985d5-349a-42af-891d-38016dff767b-140105724219520","trial_id":98,"param_name":"PlateauHeight","param_value_internal":2.277585992072943,"distribution":"{\"name\": \"FloatDistribution\", \"attributes\": {\"step\": null, \"low\": 2.0, \"high\": 4.0, \"log\": false}}"}
{"op_code":6,"worker_id":"21ce5292-8bb3-4a5e-91d8-c7aac74ec9c1-140218492825728","trial_id":96,"state":1,"values":[-Infinity,-Infinity],"datetime_complete":"2026-06-05T15:20:44.165058"}
{"op_code":4,"worker_id":"21ce5292-8bb3-4a5e-91d8-c7aac74ec9c1-140218492825728","study_id":0,"datetime_start":"2026-06-05T15:20:44.175898"}
{"op_code":9,"worker_id":"21ce5292-8bb3-4a5e-91d8-c7aac74ec9c1-140218492825728","trial_id":99,"system_attr":{"nsga2:generation":1}}
{"op_code":5,"worker_id":"21ce5292-8bb3-4a5e-91d8-c7aac74ec9c1-140218492825728","trial_id":99,"param_name":"JointSlopeAngle","param_value_internal":0.20748462348666338,"distribution":"{\"name\": \"FloatDistribution\", \"attributes\": {\"step\": null, \"low\": 0.17453292519943295, \"high\": 1.0471975511965976, \"log\": false}}"}
{"op_code":5,"worker_id":"21ce5292-8bb3-4a5e-91d8-c7aac74ec9c1-140218492825728","trial_id":99,"param_name":"OuterRadius","param_value_internal":12.902464161020685,"distribution":"{\"name\": \"FloatDistribution\", \"attributes\": {\"step\": null, \"low\": 8.75, \"high\": 17.75, \"log\": false}}"}
{"op_code":5,"worker_id":"21ce5292-8bb3-4a5e-91d8-c7aac74ec9c1-140218492825728","trial_id":99,"param_name":"JointHeight","param_value_internal":6.6402362485201065,"distribution":"{\"name\": \"FloatDistribution\", \"attributes\": {\"step\": null, \"low\": 5.0, \"high\": 8.0, \"log\": false}}"}
{"op_code":5,"worker_id":"21ce5292-8bb3-4a5e-91d8-c7aac74ec9c1-140218492825728","trial_id":99,"param_name":"CavityCorkThickness","param_value_internal":3.5128493471006674,"distribution":"{\"name\": \"FloatDistribution\", \"attributes\": {\"step\": null, \"low\": 2.0, \"high\": 5.0, \"log\": false}}"}
{"op_code":5,"worker_id":"21ce5292-8bb3-4a5e-91d8-c7aac74ec9c1-140218492825728","trial_id":99,"param_name":"BellowHeight","param_value_internal":6.0012803951049065,"distribution":"{\"name\": \"FloatDistribution\", \"attributes\": {\"step\": null, \"low\": 6.0, \"high\": 10.0, \"log\": false}}"}
{"op_code":5,"worker_id":"21ce5292-8bb3-4a5e-91d8-c7aac74ec9c1-140218492825728","trial_id":99,"param_name":"WallThickness","param_value_internal":2.2274753278675368,"distribution":"{\"name\": \"FloatDistribution\", \"attributes\": {\"step\": null, \"low\": 2.0, \"high\": 4.0, \"log\": false}}"}
{"op_code":5,"worker_id":"21ce5292-8bb3-4a5e-91d8-c7aac74ec9c1-140218492825728","trial_id":99,"param_name":"PlateauHeight","param_value_internal":3.006278388441121,"distribution":"{\"name\": \"FloatDistribution\", \"attributes\": {\"step\": null, \"low\": 2.0, \"high\": 4.0, \"log\": false}}"}
{"op_code":6,"worker_id":"cbb72291-b3d3-4a27-a4e1-b734c4eb077f-140656881606784","trial_id":97,"state":1,"values":[-Infinity,-Infinity],"datetime_complete":"2026-06-05T15:20:44.912830"}
{"op_code":0,"worker_id":"4bc03420-7d10-4d1d-a658-d85ff0b78d30-140656881606784","study_name":"SensorFinger_4_optuna_evolutionary","directions":[2,2]}
{"op_code":0,"worker_id":"4bc03420-7d10-4d1d-a658-d85ff0b78d30-140656881606784","study_name":"SensorFinger_4_optuna_evolutionary","directions":[2,2]}
{"op_code":6,"worker_id":"280985d5-349a-42af-891d-38016dff767b-140105724219520","trial_id":98,"state":1,"values":[-Infinity,-Infinity],"datetime_complete":"2026-06-05T15:20:45.684061"}
{"op_code":0,"worker_id":"5e377559-860b-4907-9a08-7601b456427d-140105724219520","study_name":"SensorFinger_4_optuna_evolutionary","directions":[2,2]}
{"op_code":0,"worker_id":"5e377559-860b-4907-9a08-7601b456427d-140105724219520","study_name":"SensorFinger_4_optuna_evolutionary","directions":[2,2]}
{"op_code":6,"worker_id":"21ce5292-8bb3-4a5e-91d8-c7aac74ec9c1-140218492825728","trial_id":99,"state":1,"values":[-Infinity,-Infinity],"datetime_complete":"2026-06-05T15:20:45.970671"}
{"op_code":0,"worker_id":"65a6bffc-7598-432c-bb3b-6a025bca7ac9-140218492825728","study_name":"SensorFinger_4_optuna_evolutionary","directions":[2,2]}
{"op_code":0,"worker_id":"65a6bffc-7598-432c-bb3b-6a025bca7ac9-140218492825728","study_name":"SensorFinger_4_optuna_evolutionary","directions":[2,2]}
{"op_code":0,"worker_id":"1effbb41-f4da-436e-8f0b-9aa30a8f9f54-140656881606784","study_name":"SensorFinger_4_optuna_evolutionary","directions":[2,2]}
{"op_code":0,"worker_id":"1effbb41-f4da-436e-8f0b-9aa30a8f9f54-140656881606784","study_name":"SensorFinger_4_optuna_evolutionary","directions":[2,2]}
{"op_code":0,"worker_id":"2ef9283f-fab1-4591-b5bb-d1b8e92e61b4-140105724219520","study_name":"SensorFinger_4_optuna_evolutionary","directions":[2,2]}
{"op_code":0,"worker_id":"2ef9283f-fab1-4591-b5bb-d1b8e92e61b4-140105724219520","study_name":"SensorFinger_4_optuna_evolutionary","directions":[2,2]}
{"op_code":0,"worker_id":"5a8cde8e-a5d8-471f-848e-75733740198f-140218492825728","study_name":"SensorFinger_4_optuna_evolutionary","directions":[2,2]}
{"op_code":0,"worker_id":"5a8cde8e-a5d8-471f-848e-75733740198f-140218492825728","study_name":"SensorFinger_4_optuna_evolutionary","directions":[2,2]}
