{"op_code":0,"worker_id":"e752f485-bbea-4d49-af05-5b23d972e824-140297682608256","study_name":"SensorFinger_6_optuna_evolutionary","directions":[2,2]}
{"op_code":0,"worker_id":"ef6c19bf-d328-485d-847d-dea12d351541-140630367256704","study_name":"SensorFinger_6_optuna_evolutionary","directions":[2,2]}
{"op_code":0,"worker_id":"ef6c19bf-d328-485d-847d-dea12d351541-140630367256704","study_name":"SensorFinger_6_optuna_evolutionary","directions":[2,2]}
{"op_code":4,"worker_id":"e752f485-bbea-4d49-af05-5b23d972e824-140297682608256","study_id":0,"datetime_start":"2026-06-05T15:36:31.924457"}
{"op_code":4,"worker_id":"ef6c19bf-d328-485d-847d-dea12d351541-140630367256704","study_id":0,"datetime_start":"2026-06-05T15:36:31.935801"}
{"op_code":9,"worker_id":"e752f485-bbea-4d49-af05-5b23d972e824-140297682608256","trial_id":0,"system_attr":{"nsga2:generation":0}}
{"op_code":5,"worker_id":"e752f485-bbea-4d49-af05-5b23d972e824-140297682608256","trial_id":0,"param_name":"JointSlopeAngle","param_value_internal":0.5952434545785316,"distribution":"{\"name\": \"FloatDistribution\", \"attributes\": {\"step\": null, \"low\": 0.55, \"high\": 0.65, \"log\": false}}"}
{"op_code":9,"worker_id":"ef6c19bf-d328-485d-847d-dea12d351541-140630367256704","trial_id":1,"system_attr":{"nsga2:generation":0}}
{"op_code":5,"worker_id":"e752f485-bbea-4d49-af05-5b23d972e824-140297682608256","trial_id":0,"param_name":"OuterRadius","param_value_internal":17.399536454578584,"distribution":"{\"name\": \"FloatDistribution\", \"attributes\": {\"step\": null, \"low\": 17.0, \"high\": 18.0, \"log\": false}}"}
{"op_code":5,"worker_id":"e752f485-bbea-4d49-af05-5b23d972e824-140297682608256","trial_id":0,"param_name":"JointHeight","param_value_internal":6.317621816041988,"distribution":"{\"name\": \"FloatDistribution\", \"attributes\": {\"step\": null, \"low\": 6.0, \"high\": 7.0, \"log\": false}}"}
{"op_code":5,"worker_id":"e752f485-bbea-4d49-af05-5b23d972e824-140297682608256","trial_id":0,"param_name":"CavityCorkThickness","param_value_internal":2.170635580852002,"distribution":"{\"name\": \"FloatDistribution\", \"attributes\": {\"step\": null, \"low\": 1.5, \"high\": 2.5, \"log\": false}}"}
{"op_code":5,"worker_id":"e752f485-bbea-4d49-af05-5b23d972e824-140297682608256","trial_id":0,"param_name":"BellowHeight","param_value_internal":10.73609049252003,"distribution":"{\"name\": \"FloatDistribution\", \"attributes\": {\"step\": null, \"low\": 10.0, \"high\": 16.0, \"log\": false}}"}
{"op_code":5,"worker_id":"e752f485-bbea-4d49-af05-5b23d972e824-140297682608256","trial_id":0,"param_name":"WallThickness","param_value_internal":3.1650497157045137,"distribution":"{\"name\": \"FloatDistribution\", \"attributes\": {\"step\": null, \"low\": 2.0, \"high\": 4.0, \"log\": false}}"}
{"op_code":5,"worker_id":"e752f485-bbea-4d49-af05-5b23d972e824-140297682608256","trial_id":0,"param_name":"PlateauHeight","param_value_internal":3.9277167236709793,"distribution":"{\"name\": \"FloatDistribution\", \"attributes\": {\"step\": null, \"low\": 3.6, \"high\": 4.1, \"log\": false}}"}
{"op_code":5,"worker_id":"ef6c19bf-d328-485d-847d-dea12d351541-140630367256704","trial_id":1,"param_name":"JointSlopeAngle","param_value_internal":0.6003940844656066,"distribution":"{\"name\": \"FloatDistribution\", \"attributes\": {\"step\": null, \"low\": 0.55, \"high\": 0.65, \"log\": false}}"}
{"op_code":5,"worker_id":"ef6c19bf-d328-485d-847d-dea12d351541-140630367256704","trial_id":1,"param_name":"OuterRadius","param_value_internal":17.37452564570739,"distribution":"{\"name\": \"FloatDistribution\", \"attributes\": {\"step\": null, \"low\": 17.0, \"high\": 18.0, \"log\": false}}"}
{"op_code":5,"worker_id":"ef6c19bf-d328-485d-847d-dea12d351541-140630367256704","trial_id":1,"param_name":"JointHeight","param_value_internal":6.213159602354638,"distribution":"{\"name\": \"FloatDistribution\", \"attributes\": {\"step\": null, \"low\": 6.0, \"high\": 7.0, \"log\": false}}"}
{"op_code":5,"worker_id":"ef6c19bf-d328-485d-847d-dea12d351541-140630367256704","trial_id":1,"param_name":"CavityCorkThickness","param_value_internal":1.7548547538010053,"distribution":"{\"name\": \"FloatDistribution\", \"attributes\": {\"step\": null, \"low\": 1.5, \"high\": 2.5, \"log\": false}}"}
{"op_code":5,"worker_id":"ef6c19bf-d328-485d-847d-dea12d351541-140630367256704","trial_id":1,"param_name":"BellowHeight","param_value_internal":13.780312013066595,"distribution":"{\"name\": \"FloatDistribution\", \"attributes\": {\"step\": null, \"low\": 10.0, \"high\": 16.0, \"log\": false}}"}
{"op_code":5,"worker_id":"ef6c19bf-d328-485d-847d-dea12d351541-140630367256704","trial_id":1,"param_name":"WallThickness","param_value_internal":2.3411848294019517,"distribution":"{\"name\": \"FloatDistribution\", \"attributes\": {\"step\": null, \"low\": 2.0, \"high\": 4.0, \"log\": false}}"}
{"op_code":5,"worker_id":"ef6c19bf-d328-485d-847d-dea12d351541-140630367256704","trial_id":1,"param_name":"PlateauHeight","param_value_internal":3.8071776870701695,"distribution":"{\"name\": \"FloatDistribution\", \"attributes\": {\"step\": null, \"low\": 3.6, \"high\": 4.1, \"log\": false}}"}
{"op_code":0,"worker_id":"c03b9cfb-c3d9-4b57-872c-c9ce393433e1-140456776925312","study_name":"SensorFinger_6_optuna_evolutionary","directions":[2,2]}
{"op_code":0,"worker_id":"bf1502cd-f71b-412d-8360-824076a57350-140608521244800","study_name":"SensorFinger_6_optuna_evolutionary","directions":[2,2]}
{"op_code":0,"worker_id":"b0b4ba47-f916-4407-8b27-ca2681ae1cfe-139733011476608","study_name":"SensorFinger_6_optuna_evolutionary","directions":[2,2]}
{"op_code":0,"worker_id":"97f51db3-9fe9-492e-8038-1176c2ed7377-139679613698176","study_name":"SensorFinger_6_optuna_evolutionary","directions":[2,2]}
{"op_code":0,"worker_id":"8f977f9e-ad16-450b-890e-5a75a8e6273a-140542201127040","study_name":"SensorFinger_6_optuna_evolutionary","directions":[2,2]}
{"op_code":0,"worker_id":"97f51db3-9fe9-492e-8038-1176c2ed7377-139679613698176","study_name":"SensorFinger_6_optuna_evolutionary","directions":[2,2]}
{"op_code":0,"worker_id":"8f977f9e-ad16-450b-890e-5a75a8e6273a-140542201127040","study_name":"SensorFinger_6_optuna_evolutionary","directions":[2,2]}
{"op_code":0,"worker_id":"b0b4ba47-f916-4407-8b27-ca2681ae1cfe-139733011476608","study_name":"SensorFinger_6_optuna_evolutionary","directions":[2,2]}
{"op_code":0,"worker_id":"e6f5af89-fc1a-49ca-b1fa-d486f6b613ec-140236679188608","study_name":"SensorFinger_6_optuna_evolutionary","directions":[2,2]}
{"op_code":0,"worker_id":"0da0fcf1-9950-445a-a9a6-dc04c3acf373-140065782841472","study_name":"SensorFinger_6_optuna_evolutionary","directions":[2,2]}
{"op_code":0,"worker_id":"e6f5af89-fc1a-49ca-b1fa-d486f6b613ec-140236679188608","study_name":"SensorFinger_6_optuna_evolutionary","directions":[2,2]}
{"op_code":0,"worker_id":"0da0fcf1-9950-445a-a9a6-dc04c3acf373-140065782841472","study_name":"SensorFinger_6_optuna_evolutionary","directions":[2,2]}
{"op_code":4,"worker_id":"97f51db3-9fe9-492e-8038-1176c2ed7377-139679613698176","study_id":0,"datetime_start":"2026-06-05T15:36:33.227924"}
{"op_code":4,"worker_id":"e6f5af89-fc1a-49ca-b1fa-d486f6b613ec-140236679188608","study_id":0,"datetime_start":"2026-06-05T15:36:33.249855"}
{"op_code":4,"worker_id":"0da0fcf1-9950-445a-a9a6-dc04c3acf373-140065782841472","study_id":0,"datetime_start":"2026-06-05T15:36:33.256113"}
{"op_code":9,"worker_id":"97f51db3-9fe9-492e-8038-1176c2ed7377-139679613698176","trial_id":2,"system_attr":{"nsga2:generation":0}}
{"op_code":9,"worker_id":"e6f5af89-fc1a-49ca-b1fa-d486f6b613ec-140236679188608","trial_id":3,"system_attr":{"nsga2:generation":0}}
{"op_code":5,"worker_id":"97f51db3-9fe9-492e-8038-1176c2ed7377-139679613698176","trial_id":2,"param_name":"JointSlopeAngle","param_value_internal":0.6311572609878814,"distribution":"{\"name\": \"FloatDistribution\", \"attributes\": {\"step\": null, \"low\": 0.55, \"high\": 0.65, \"log\": false}}"}
{"op_code":4,"worker_id":"b0b4ba47-f916-4407-8b27-ca2681ae1cfe-139733011476608","study_id":0,"datetime_start":"2026-06-05T15:36:33.238399"}
{"op_code":5,"worker_id":"e6f5af89-fc1a-49ca-b1fa-d486f6b613ec-140236679188608","trial_id":3,"param_name":"JointSlopeAngle","param_value_internal":0.5634428372537569,"distribution":"{\"name\": \"FloatDistribution\", \"attributes\": {\"step\": null, \"low\": 0.55, \"high\": 0.65, \"log\": false}}"}
{"op_code":5,"worker_id":"e6f5af89-fc1a-49ca-b1fa-d486f6b613ec-140236679188608","trial_id":3,"param_name":"OuterRadius","param_value_internal":17.491637197988886,"distribution":"{\"name\": \"FloatDistribution\", \"attributes\": {\"step\": null, \"low\": 17.0, \"high\": 18.0, \"log\": false}}"}
{"op_code":9,"worker_id":"b0b4ba47-f916-4407-8b27-ca2681ae1cfe-139733011476608","trial_id":5,"system_attr":{"nsga2:generation":0}}
{"op_code":5,"worker_id":"e6f5af89-fc1a-49ca-b1fa-d486f6b613ec-140236679188608","trial_id":3,"param_name":"JointHeight","param_value_internal":6.453674247648966,"distribution":"{\"name\": \"FloatDistribution\", \"attributes\": {\"step\": null, \"low\": 6.0, \"high\": 7.0, \"log\": false}}"}
{"op_code":5,"worker_id":"b0b4ba47-f916-4407-8b27-ca2681ae1cfe-139733011476608","trial_id":5,"param_name":"JointSlopeAngle","param_value_internal":0.5619696379643508,"distribution":"{\"name\": \"FloatDistribution\", \"attributes\": {\"step\": null, \"low\": 0.55, \"high\": 0.65, \"log\": false}}"}
{"op_code":4,"worker_id":"8f977f9e-ad16-450b-890e-5a75a8e6273a-140542201127040","study_id":0,"datetime_start":"2026-06-05T15:36:33.234860"}
{"op_code":5,"worker_id":"b0b4ba47-f916-4407-8b27-ca2681ae1cfe-139733011476608","trial_id":5,"param_name":"OuterRadius","param_value_internal":17.078872407789508,"distribution":"{\"name\": \"FloatDistribution\", \"attributes\": {\"step\": null, \"low\": 17.0, \"high\": 18.0, \"log\": false}}"}
{"op_code":5,"worker_id":"97f51db3-9fe9-492e-8038-1176c2ed7377-139679613698176","trial_id":2,"param_name":"OuterRadius","param_value_internal":17.39094722938058,"distribution":"{\"name\": \"FloatDistribution\", \"attributes\": {\"step\": null, \"low\": 17.0, \"high\": 18.0, \"log\": false}}"}
{"op_code":5,"worker_id":"e6f5af89-fc1a-49ca-b1fa-d486f6b613ec-140236679188608","trial_id":3,"param_name":"CavityCorkThickness","param_value_internal":1.8093347602218455,"distribution":"{\"name\": \"FloatDistribution\", \"attributes\": {\"step\": null, \"low\": 1.5, \"high\": 2.5, \"log\": false}}"}
{"op_code":5,"worker_id":"97f51db3-9fe9-492e-8038-1176c2ed7377-139679613698176","trial_id":2,"param_name":"JointHeight","param_value_internal":6.4094931023244905,"distribution":"{\"name\": \"FloatDistribution\", \"attributes\": {\"step\": null, \"low\": 6.0, \"high\": 7.0, \"log\": false}}"}
{"op_code":5,"worker_id":"e6f5af89-fc1a-49ca-b1fa-d486f6b613ec-140236679188608","trial_id":3,"param_name":"BellowHeight","param_value_internal":14.673262069079378,"distribution":"{\"name\": \"FloatDistribution\", \"attributes\": {\"step\": null, \"low\": 10.0, \"high\": 16.0, \"log\": false}}"}
{"op_code":5,"worker_id":"97f51db3-9fe9-492e-8038-1176c2ed7377-139679613698176","trial_id":2,"param_name":"CavityCorkThickness","param_value_internal":2.140101735897062,"distribution":"{\"name\": \"FloatDistribution\", \"attributes\": {\"step\": null, \"low\": 1.5, \"high\": 2.5, \"log\": false}}"}
{"op_code":9,"worker_id":"8f977f9e-ad16-450b-890e-5a75a8e6273a-140542201127040","trial_id":6,"system_attr":{"nsga2:generation":0}}
{"op_code":5,"worker_id":"97f51db3-9fe9-492e-8038-1176c2ed7377-139679613698176","trial_id":2,"param_name":"BellowHeight","param_value_internal":15.754894778840736,"distribution":"{\"name\": \"FloatDistribution\", \"attributes\": {\"step\": null, \"low\": 10.0, \"high\": 16.0, \"log\": false}}"}
{"op_code":5,"worker_id":"8f977f9e-ad16-450b-890e-5a75a8e6273a-140542201127040","trial_id":6,"param_name":"JointSlopeAngle","param_value_internal":0.5721748349176454,"distribution":"{\"name\": \"FloatDistribution\", \"attributes\": {\"step\": null, \"low\": 0.55, \"high\": 0.65, \"log\": false}}"}
{"op_code":5,"worker_id":"b0b4ba47-f916-4407-8b27-ca2681ae1cfe-139733011476608","trial_id":5,"param_name":"JointHeight","param_value_internal":6.65629842347071,"distribution":"{\"name\": \"FloatDistribution\", \"attributes\": {\"step\": null, \"low\": 6.0, \"high\": 7.0, \"log\": false}}"}
{"op_code":5,"worker_id":"8f977f9e-ad16-450b-890e-5a75a8e6273a-140542201127040","trial_id":6,"param_name":"OuterRadius","param_value_internal":17.43849462465592,"distribution":"{\"name\": \"FloatDistribution\", \"attributes\": {\"step\": null, \"low\": 17.0, \"high\": 18.0, \"log\": false}}"}
{"op_code":5,"worker_id":"b0b4ba47-f916-4407-8b27-ca2681ae1cfe-139733011476608","trial_id":5,"param_name":"CavityCorkThickness","param_value_internal":2.3399204660915496,"distribution":"{\"name\": \"FloatDistribution\", \"attributes\": {\"step\": null, \"low\": 1.5, \"high\": 2.5, \"log\": false}}"}
{"op_code":5,"worker_id":"8f977f9e-ad16-450b-890e-5a75a8e6273a-140542201127040","trial_id":6,"param_name":"JointHeight","param_value_internal":6.784195600375527,"distribution":"{\"name\": \"FloatDistribution\", \"attributes\": {\"step\": null, \"low\": 6.0, \"high\": 7.0, \"log\": false}}"}
{"op_code":5,"worker_id":"e6f5af89-fc1a-49ca-b1fa-d486f6b613ec-140236679188608","trial_id":3,"param_name":"WallThickness","param_value_internal":2.35480806979814,"distribution":"{\"name\": \"FloatDistribution\", \"attributes\": {\"step\": null, \"low\": 2.0, \"high\": 4.0, \"log\": false}}"}
{"op_code":5,"worker_id":"8f977f9e-ad16-450b-890e-5a75a8e6273a-140542201127040","trial_id":6,"param_name":"CavityCorkThickness","param_value_internal":1.7167745599159234,"distribution":"{\"name\": \"FloatDistribution\", \"attributes\": {\"step\": null, \"low\": 1.5, \"high\": 2.5, \"log\": false}}"}
{"op_code":5,"worker_id":"8f977f9e-ad16-450b-890e-5a75a8e6273a-140542201127040","trial_id":6,"param_name":"BellowHeight","param_value_internal":14.449626567748265,"distribution":"{\"name\": \"FloatDistribution\", \"attributes\": {\"step\": null, \"low\": 10.0, \"high\": 16.0, \"log\": false}}"}
{"op_code":5,"worker_id":"97f51db3-9fe9-492e-8038-1176c2ed7377-139679613698176","trial_id":2,"param_name":"WallThickness","param_value_internal":3.498636514822268,"distribution":"{\"name\": \"FloatDistribution\", \"attributes\": {\"step\": null, \"low\": 2.0, \"high\": 4.0, \"log\": false}}"}
{"op_code":5,"worker_id":"8f977f9e-ad16-450b-890e-5a75a8e6273a-140542201127040","trial_id":6,"param_name":"WallThickness","param_value_internal":2.481618241302413,"distribution":"{\"name\": \"FloatDistribution\", \"attributes\": {\"step\": null, \"low\": 2.0, \"high\": 4.0, \"log\": false}}"}
{"op_code":5,"worker_id":"97f51db3-9fe9-492e-8038-1176c2ed7377-139679613698176","trial_id":2,"param_name":"PlateauHeight","param_value_internal":3.636574868730219,"distribution":"{\"name\": \"FloatDistribution\", \"attributes\": {\"step\": null, \"low\": 3.6, \"high\": 4.1, \"log\": false}}"}
{"op_code":5,"worker_id":"8f977f9e-ad16-450b-890e-5a75a8e6273a-140542201127040","trial_id":6,"param_name":"PlateauHeight","param_value_internal":3.7823402083919175,"distribution":"{\"name\": \"FloatDistribution\", \"attributes\": {\"step\": null, \"low\": 3.6, \"high\": 4.1, \"log\": false}}"}
{"op_code":5,"worker_id":"b0b4ba47-f916-4407-8b27-ca2681ae1cfe-139733011476608","trial_id":5,"param_name":"BellowHeight","param_value_internal":14.350923382714338,"distribution":"{\"name\": \"FloatDistribution\", \"attributes\": {\"step\": null, \"low\": 10.0, \"high\": 16.0, \"log\": false}}"}
{"op_code":9,"worker_id":"0da0fcf1-9950-445a-a9a6-dc04c3acf373-140065782841472","trial_id":4,"system_attr":{"nsga2:generation":0}}
{"op_code":5,"worker_id":"b0b4ba47-f916-4407-8b27-ca2681ae1cfe-139733011476608","trial_id":5,"param_name":"WallThickness","param_value_internal":2.596519339835936,"distribution":"{\"name\": \"FloatDistribution\", \"attributes\": {\"step\": null, \"low\": 2.0, \"high\": 4.0, \"log\": false}}"}
{"op_code":5,"worker_id":"0da0fcf1-9950-445a-a9a6-dc04c3acf373-140065782841472","trial_id":4,"param_name":"JointSlopeAngle","param_value_internal":0.5848887123907947,"distribution":"{\"name\": \"FloatDistribution\", \"attributes\": {\"step\": null, \"low\": 0.55, \"high\": 0.65, \"log\": false}}"}
{"op_code":5,"worker_id":"b0b4ba47-f916-4407-8b27-ca2681ae1cfe-139733011476608","trial_id":5,"param_name":"PlateauHeight","param_value_internal":3.6364765332986293,"distribution":"{\"name\": \"FloatDistribution\", \"attributes\": {\"step\": null, \"low\": 3.6, \"high\": 4.1, \"log\": false}}"}
{"op_code":5,"worker_id":"0da0fcf1-9950-445a-a9a6-dc04c3acf373-140065782841472","trial_id":4,"param_name":"OuterRadius","param_value_internal":17.130188157908073,"distribution":"{\"name\": \"FloatDistribution\", \"attributes\": {\"step\": null, \"low\": 17.0, \"high\": 18.0, \"log\": false}}"}
{"op_code":5,"worker_id":"0da0fcf1-9950-445a-a9a6-dc04c3acf373-140065782841472","trial_id":4,"param_name":"JointHeight","param_value_internal":6.643243136858868,"distribution":"{\"name\": \"FloatDistribution\", \"attributes\": {\"step\": null, \"low\": 6.0, \"high\": 7.0, \"log\": false}}"}
{"op_code":5,"worker_id":"0da0fcf1-9950-445a-a9a6-dc04c3acf373-140065782841472","trial_id":4,"param_name":"CavityCorkThickness","param_value_internal":1.5249140430097636,"distribution":"{\"name\": \"FloatDistribution\", \"attributes\": {\"step\": null, \"low\": 1.5, \"high\": 2.5, \"log\": false}}"}
{"op_code":5,"worker_id":"0da0fcf1-9950-445a-a9a6-dc04c3acf373-140065782841472","trial_id":4,"param_name":"BellowHeight","param_value_internal":15.07352071908662,"distribution":"{\"name\": \"FloatDistribution\", \"attributes\": {\"step\": null, \"low\": 10.0, \"high\": 16.0, \"log\": false}}"}
{"op_code":5,"worker_id":"e6f5af89-fc1a-49ca-b1fa-d486f6b613ec-140236679188608","trial_id":3,"param_name":"PlateauHeight","param_value_internal":3.756365017039432,"distribution":"{\"name\": \"FloatDistribution\", \"attributes\": {\"step\": null, \"low\": 3.6, \"high\": 4.1, \"log\": false}}"}
{"op_code":5,"worker_id":"0da0fcf1-9950-445a-a9a6-dc04c3acf373-140065782841472","trial_id":4,"param_name":"WallThickness","param_value_internal":2.859008997606428,"distribution":"{\"name\": \"FloatDistribution\", \"attributes\": {\"step\": null, \"low\": 2.0, \"high\": 4.0, \"log\": false}}"}
{"op_code":5,"worker_id":"0da0fcf1-9950-445a-a9a6-dc04c3acf373-140065782841472","trial_id":4,"param_name":"PlateauHeight","param_value_internal":3.6222351694390897,"distribution":"{\"name\": \"FloatDistribution\", \"attributes\": {\"step\": null, \"low\": 3.6, \"high\": 4.1, \"log\": false}}"}
{"op_code":0,"worker_id":"c03b9cfb-c3d9-4b57-872c-c9ce393433e1-140456776925312","study_name":"SensorFinger_6_optuna_evolutionary","directions":[2,2]}
{"op_code":0,"worker_id":"bf1502cd-f71b-412d-8360-824076a57350-140608521244800","study_name":"SensorFinger_6_optuna_evolutionary","directions":[2,2]}
{"op_code":4,"worker_id":"c03b9cfb-c3d9-4b57-872c-c9ce393433e1-140456776925312","study_id":0,"datetime_start":"2026-06-05T15:36:33.468534"}
{"op_code":4,"worker_id":"bf1502cd-f71b-412d-8360-824076a57350-140608521244800","study_id":0,"datetime_start":"2026-06-05T15:36:33.474140"}
{"op_code":9,"worker_id":"c03b9cfb-c3d9-4b57-872c-c9ce393433e1-140456776925312","trial_id":7,"system_attr":{"nsga2:generation":0}}
{"op_code":5,"worker_id":"c03b9cfb-c3d9-4b57-872c-c9ce393433e1-140456776925312","trial_id":7,"param_name":"JointSlopeAngle","param_value_internal":0.5770839656357386,"distribution":"{\"name\": \"FloatDistribution\", \"attributes\": {\"step\": null, \"low\": 0.55, \"high\": 0.65, \"log\": false}}"}
{"op_code":9,"worker_id":"bf1502cd-f71b-412d-8360-824076a57350-140608521244800","trial_id":8,"system_attr":{"nsga2:generation":0}}
{"op_code":5,"worker_id":"c03b9cfb-c3d9-4b57-872c-c9ce393433e1-140456776925312","trial_id":7,"param_name":"OuterRadius","param_value_internal":17.0835288301794,"distribution":"{\"name\": \"FloatDistribution\", \"attributes\": {\"step\": null, \"low\": 17.0, \"high\": 18.0, \"log\": false}}"}
{"op_code":5,"worker_id":"bf1502cd-f71b-412d-8360-824076a57350-140608521244800","trial_id":8,"param_name":"JointSlopeAngle","param_value_internal":0.622943623431127,"distribution":"{\"name\": \"FloatDistribution\", \"attributes\": {\"step\": null, \"low\": 0.55, \"high\": 0.65, \"log\": false}}"}
{"op_code":5,"worker_id":"c03b9cfb-c3d9-4b57-872c-c9ce393433e1-140456776925312","trial_id":7,"param_name":"JointHeight","param_value_internal":6.063087059794146,"distribution":"{\"name\": \"FloatDistribution\", \"attributes\": {\"step\": null, \"low\": 6.0, \"high\": 7.0, \"log\": false}}"}
{"op_code":5,"worker_id":"bf1502cd-f71b-412d-8360-824076a57350-140608521244800","trial_id":8,"param_name":"OuterRadius","param_value_internal":17.461923552110648,"distribution":"{\"name\": \"FloatDistribution\", \"attributes\": {\"step\": null, \"low\": 17.0, \"high\": 18.0, \"log\": false}}"}
{"op_code":5,"worker_id":"c03b9cfb-c3d9-4b57-872c-c9ce393433e1-140456776925312","trial_id":7,"param_name":"CavityCorkThickness","param_value_internal":2.2600895357402737,"distribution":"{\"name\": \"FloatDistribution\", \"attributes\": {\"step\": null, \"low\": 1.5, \"high\": 2.5, \"log\": false}}"}
{"op_code":5,"worker_id":"bf1502cd-f71b-412d-8360-824076a57350-140608521244800","trial_id":8,"param_name":"JointHeight","param_value_internal":6.080203442542523,"distribution":"{\"name\": \"FloatDistribution\", \"attributes\": {\"step\": null, \"low\": 6.0, \"high\": 7.0, \"log\": false}}"}
{"op_code":5,"worker_id":"c03b9cfb-c3d9-4b57-872c-c9ce393433e1-140456776925312","trial_id":7,"param_name":"BellowHeight","param_value_internal":12.022883946228587,"distribution":"{\"name\": \"FloatDistribution\", \"attributes\": {\"step\": null, \"low\": 10.0, \"high\": 16.0, \"log\": false}}"}
{"op_code":5,"worker_id":"bf1502cd-f71b-412d-8360-824076a57350-140608521244800","trial_id":8,"param_name":"CavityCorkThickness","param_value_internal":1.8494424968351033,"distribution":"{\"name\": \"FloatDistribution\", \"attributes\": {\"step\": null, \"low\": 1.5, \"high\": 2.5, \"log\": false}}"}
{"op_code":5,"worker_id":"c03b9cfb-c3d9-4b57-872c-c9ce393433e1-140456776925312","trial_id":7,"param_name":"WallThickness","param_value_internal":3.592141244125527,"distribution":"{\"name\": \"FloatDistribution\", \"attributes\": {\"step\": null, \"low\": 2.0, \"high\": 4.0, \"log\": false}}"}
{"op_code":5,"worker_id":"bf1502cd-f71b-412d-8360-824076a57350-140608521244800","trial_id":8,"param_name":"BellowHeight","param_value_internal":15.613082931639951,"distribution":"{\"name\": \"FloatDistribution\", \"attributes\": {\"step\": null, \"low\": 10.0, \"high\": 16.0, \"log\": false}}"}
{"op_code":5,"worker_id":"c03b9cfb-c3d9-4b57-872c-c9ce393433e1-140456776925312","trial_id":7,"param_name":"PlateauHeight","param_value_internal":4.086347309815406,"distribution":"{\"name\": \"FloatDistribution\", \"attributes\": {\"step\": null, \"low\": 3.6, \"high\": 4.1, \"log\": false}}"}
{"op_code":5,"worker_id":"bf1502cd-f71b-412d-8360-824076a57350-140608521244800","trial_id":8,"param_name":"WallThickness","param_value_internal":3.109904402167423,"distribution":"{\"name\": \"FloatDistribution\", \"attributes\": {\"step\": null, \"low\": 2.0, \"high\": 4.0, \"log\": false}}"}
{"op_code":5,"worker_id":"bf1502cd-f71b-412d-8360-824076a57350-140608521244800","trial_id":8,"param_name":"PlateauHeight","param_value_internal":4.055595352778867,"distribution":"{\"name\": \"FloatDistribution\", \"attributes\": {\"step\": null, \"low\": 3.6, \"high\": 4.1, \"log\": false}}"}
{"op_code":0,"worker_id":"300f3d29-8d40-422e-bb99-b223f8c29663-139920484229248","study_name":"SensorFinger_6_optuna_evolutionary","directions":[2,2]}
{"op_code":0,"worker_id":"300f3d29-8d40-422e-bb99-b223f8c29663-139920484229248","study_name":"SensorFinger_6_optuna_evolutionary","directions":[2,2]}
{"op_code":4,"worker_id":"300f3d29-8d40-422e-bb99-b223f8c29663-139920484229248","study_id":0,"datetime_start":"2026-06-05T15:36:33.726030"}
{"op_code":9,"worker_id":"300f3d29-8d40-422e-bb99-b223f8c29663-139920484229248","trial_id":9,"system_attr":{"nsga2:generation":0}}
{"op_code":5,"worker_id":"300f3d29-8d40-422e-bb99-b223f8c29663-139920484229248","trial_id":9,"param_name":"JointSlopeAngle","param_value_internal":0.5731112952012831,"distribution":"{\"name\": \"FloatDistribution\", \"attributes\": {\"step\": null, \"low\": 0.55, \"high\": 0.65, \"log\": false}}"}
{"op_code":5,"worker_id":"300f3d29-8d40-422e-bb99-b223f8c29663-139920484229248","trial_id":9,"param_name":"OuterRadius","param_value_internal":17.192466314217167,"distribution":"{\"name\": \"FloatDistribution\", \"attributes\": {\"step\": null, \"low\": 17.0, \"high\": 18.0, \"log\": false}}"}
{"op_code":5,"worker_id":"300f3d29-8d40-422e-bb99-b223f8c29663-139920484229248","trial_id":9,"param_name":"JointHeight","param_value_internal":6.94716077574854,"distribution":"{\"name\": \"FloatDistribution\", \"attributes\": {\"step\": null, \"low\": 6.0, \"high\": 7.0, \"log\": false}}"}
{"op_code":5,"worker_id":"300f3d29-8d40-422e-bb99-b223f8c29663-139920484229248","trial_id":9,"param_name":"CavityCorkThickness","param_value_internal":2.049518509790209,"distribution":"{\"name\": \"FloatDistribution\", \"attributes\": {\"step\": null, \"low\": 1.5, \"high\": 2.5, \"log\": false}}"}
{"op_code":5,"worker_id":"300f3d29-8d40-422e-bb99-b223f8c29663-139920484229248","trial_id":9,"param_name":"BellowHeight","param_value_internal":13.985573918624748,"distribution":"{\"name\": \"FloatDistribution\", \"attributes\": {\"step\": null, \"low\": 10.0, \"high\": 16.0, \"log\": false}}"}
{"op_code":5,"worker_id":"300f3d29-8d40-422e-bb99-b223f8c29663-139920484229248","trial_id":9,"param_name":"WallThickness","param_value_internal":3.382537328539187,"distribution":"{\"name\": \"FloatDistribution\", \"attributes\": {\"step\": null, \"low\": 2.0, \"high\": 4.0, \"log\": false}}"}
{"op_code":5,"worker_id":"300f3d29-8d40-422e-bb99-b223f8c29663-139920484229248","trial_id":9,"param_name":"PlateauHeight","param_value_internal":3.7390635156639536,"distribution":"{\"name\": \"FloatDistribution\", \"attributes\": {\"step\": null, \"low\": 3.6, \"high\": 4.1, \"log\": false}}"}
{"op_code":6,"worker_id":"e752f485-bbea-4d49-af05-5b23d972e824-140297682608256","trial_id":0,"state":1,"values":[-Infinity,-Infinity],"datetime_complete":"2026-06-05T15:36:34.056091"}
{"op_code":4,"worker_id":"e752f485-bbea-4d49-af05-5b23d972e824-140297682608256","study_id":0,"datetime_start":"2026-06-05T15:36:34.065479"}
{"op_code":9,"worker_id":"e752f485-bbea-4d49-af05-5b23d972e824-140297682608256","trial_id":10,"system_attr":{"nsga2:generation":0}}
{"op_code":5,"worker_id":"e752f485-bbea-4d49-af05-5b23d972e824-140297682608256","trial_id":10,"param_name":"JointSlopeAngle","param_value_internal":0.591284405380721,"distribution":"{\"name\": \"FloatDistribution\", \"attributes\": {\"step\": null, \"low\": 0.55, \"high\": 0.65, \"log\": false}}"}
{"op_code":5,"worker_id":"e752f485-bbea-4d49-af05-5b23d972e824-140297682608256","trial_id":10,"param_name":"OuterRadius","param_value_internal":17.62674840051891,"distribution":"{\"name\": \"FloatDistribution\", \"attributes\": {\"step\": null, \"low\": 17.0, \"high\": 18.0, \"log\": false}}"}
{"op_code":5,"worker_id":"e752f485-bbea-4d49-af05-5b23d972e824-140297682608256","trial_id":10,"param_name":"JointHeight","param_value_internal":6.376579334393176,"distribution":"{\"name\": \"FloatDistribution\", \"attributes\": {\"step\": null, \"low\": 6.0, \"high\": 7.0, \"log\": false}}"}
{"op_code":5,"worker_id":"e752f485-bbea-4d49-af05-5b23d972e824-140297682608256","trial_id":10,"param_name":"CavityCorkThickness","param_value_internal":2.4802696408673732,"distribution":"{\"name\": \"FloatDistribution\", \"attributes\": {\"step\": null, \"low\": 1.5, \"high\": 2.5, \"log\": false}}"}
{"op_code":5,"worker_id":"e752f485-bbea-4d49-af05-5b23d972e824-140297682608256","trial_id":10,"param_name":"BellowHeight","param_value_internal":15.061731106991443,"distribution":"{\"name\": \"FloatDistribution\", \"attributes\": {\"step\": null, \"low\": 10.0, \"high\": 16.0, \"log\": false}}"}
{"op_code":5,"worker_id":"e752f485-bbea-4d49-af05-5b23d972e824-140297682608256","trial_id":10,"param_name":"WallThickness","param_value_internal":3.0955238426808744,"distribution":"{\"name\": \"FloatDistribution\", \"attributes\": {\"step\": null, \"low\": 2.0, \"high\": 4.0, \"log\": false}}"}
{"op_code":5,"worker_id":"e752f485-bbea-4d49-af05-5b23d972e824-140297682608256","trial_id":10,"param_name":"PlateauHeight","param_value_internal":4.05108519018502,"distribution":"{\"name\": \"FloatDistribution\", \"attributes\": {\"step\": null, \"low\": 3.6, \"high\": 4.1, \"log\": false}}"}
{"op_code":6,"worker_id":"ef6c19bf-d328-485d-847d-dea12d351541-140630367256704","trial_id":1,"state":1,"values":[-Infinity,-Infinity],"datetime_complete":"2026-06-05T15:36:34.169455"}
{"op_code":4,"worker_id":"ef6c19bf-d328-485d-847d-dea12d351541-140630367256704","study_id":0,"datetime_start":"2026-06-05T15:36:34.178229"}
{"op_code":9,"worker_id":"ef6c19bf-d328-485d-847d-dea12d351541-140630367256704","trial_id":11,"system_attr":{"nsga2:generation":0}}
{"op_code":5,"worker_id":"ef6c19bf-d328-485d-847d-dea12d351541-140630367256704","trial_id":11,"param_name":"JointSlopeAngle","param_value_internal":0.6013932410284905,"distribution":"{\"name\": \"FloatDistribution\", \"attributes\": {\"step\": null, \"low\": 0.55, \"high\": 0.65, \"log\": false}}"}
{"op_code":5,"worker_id":"ef6c19bf-d328-485d-847d-dea12d351541-140630367256704","trial_id":11,"param_name":"OuterRadius","param_value_internal":17.586739809859864,"distribution":"{\"name\": \"FloatDistribution\", \"attributes\": {\"step\": null, \"low\": 17.0, \"high\": 18.0, \"log\": false}}"}
{"op_code":5,"worker_id":"ef6c19bf-d328-485d-847d-dea12d351541-140630367256704","trial_id":11,"param_name":"JointHeight","param_value_internal":6.824085908998682,"distribution":"{\"name\": \"FloatDistribution\", \"attributes\": {\"step\": null, \"low\": 6.0, \"high\": 7.0, \"log\": false}}"}
{"op_code":5,"worker_id":"ef6c19bf-d328-485d-847d-dea12d351541-140630367256704","trial_id":11,"param_name":"CavityCorkThickness","param_value_internal":2.2016486899434913,"distribution":"{\"name\": \"FloatDistribution\", \"attributes\": {\"step\": null, \"low\": 1.5, \"high\": 2.5, \"log\": false}}"}
{"op_code":5,"worker_id":"ef6c19bf-d328-485d-847d-dea12d351541-140630367256704","trial_id":11,"param_name":"BellowHeight","param_value_internal":12.691000406520057,"distribution":"{\"name\": \"FloatDistribution\", \"attributes\": {\"step\": null, \"low\": 10.0, \"high\": 16.0, \"log\": false}}"}
{"op_code":5,"worker_id":"ef6c19bf-d328-485d-847d-dea12d351541-140630367256704","trial_id":11,"param_name":"WallThickness","param_value_internal":3.1830559811807415,"distribution":"{\"name\": \"FloatDistribution\", \"attributes\": {\"step\": null, \"low\": 2.0, \"high\": 4.0, \"log\": false}}"}
{"op_code":5,"worker_id":"ef6c19bf-d328-485d-847d-dea12d351541-140630367256704","trial_id":11,"param_name":"PlateauHeight","param_value_internal":4.088471902585799,"distribution":"{\"name\": \"FloatDistribution\", \"attributes\": {\"step\": null, \"low\": 3.6, \"high\": 4.1, \"log\": false}}"}
{"op_code":6,"worker_id":"e752f485-bbea-4d49-af05-5b23d972e824-140297682608256","trial_id":10,"state":1,"values":[-Infinity,-Infinity],"datetime_complete":"2026-06-05T15:36:35.339422"}
{"op_code":4,"worker_id":"e752f485-bbea-4d49-af05-5b23d972e824-140297682608256","study_id":0,"datetime_start":"2026-06-05T15:36:35.349076"}
{"op_code":9,"worker_id":"e752f485-bbea-4d49-af05-5b23d972e824-140297682608256","trial_id":12,"system_attr":{"nsga2:generation":0}}
{"op_code":5,"worker_id":"e752f485-bbea-4d49-af05-5b23d972e824-140297682608256","trial_id":12,"param_name":"JointSlopeAngle","param_value_internal":0.5747007734231128,"distribution":"{\"name\": \"FloatDistribution\", \"attributes\": {\"step\": null, \"low\": 0.55, \"high\": 0.65, \"log\": false}}"}
{"op_code":5,"worker_id":"e752f485-bbea-4d49-af05-5b23d972e824-140297682608256","trial_id":12,"param_name":"OuterRadius","param_value_internal":17.30110544904063,"distribution":"{\"name\": \"FloatDistribution\", \"attributes\": {\"step\": null, \"low\": 17.0, \"high\": 18.0, \"log\": false}}"}
{"op_code":5,"worker_id":"e752f485-bbea-4d49-af05-5b23d972e824-140297682608256","trial_id":12,"param_name":"JointHeight","param_value_internal":6.7715593983831965,"distribution":"{\"name\": \"FloatDistribution\", \"attributes\": {\"step\": null, \"low\": 6.0, \"high\": 7.0, \"log\": false}}"}
{"op_code":5,"worker_id":"e752f485-bbea-4d49-af05-5b23d972e824-140297682608256","trial_id":12,"param_name":"CavityCorkThickness","param_value_internal":2.4693994699270583,"distribution":"{\"name\": \"FloatDistribution\", \"attributes\": {\"step\": null, \"low\": 1.5, \"high\": 2.5, \"log\": false}}"}
{"op_code":5,"worker_id":"e752f485-bbea-4d49-af05-5b23d972e824-140297682608256","trial_id":12,"param_name":"BellowHeight","param_value_internal":12.154987258332707,"distribution":"{\"name\": \"FloatDistribution\", \"attributes\": {\"step\": null, \"low\": 10.0, \"high\": 16.0, \"log\": false}}"}
{"op_code":5,"worker_id":"e752f485-bbea-4d49-af05-5b23d972e824-140297682608256","trial_id":12,"param_name":"WallThickness","param_value_internal":3.5269133349956494,"distribution":"{\"name\": \"FloatDistribution\", \"attributes\": {\"step\": null, \"low\": 2.0, \"high\": 4.0, \"log\": false}}"}
{"op_code":5,"worker_id":"e752f485-bbea-4d49-af05-5b23d972e824-140297682608256","trial_id":12,"param_name":"PlateauHeight","param_value_internal":3.8868081499819396,"distribution":"{\"name\": \"FloatDistribution\", \"attributes\": {\"step\": null, \"low\": 3.6, \"high\": 4.1, \"log\": false}}"}
{"op_code":6,"worker_id":"ef6c19bf-d328-485d-847d-dea12d351541-140630367256704","trial_id":11,"state":1,"values":[-Infinity,-Infinity],"datetime_complete":"2026-06-05T15:36:35.512123"}
{"op_code":4,"worker_id":"ef6c19bf-d328-485d-847d-dea12d351541-140630367256704","study_id":0,"datetime_start":"2026-06-05T15:36:35.520653"}
{"op_code":9,"worker_id":"ef6c19bf-d328-485d-847d-dea12d351541-140630367256704","trial_id":13,"system_attr":{"nsga2:generation":0}}
{"op_code":5,"worker_id":"ef6c19bf-d328-485d-847d-dea12d351541-140630367256704","trial_id":13,"param_name":"JointSlopeAngle","param_value_internal":0.6479274394247688,"distribution":"{\"name\": \"FloatDistribution\", \"attributes\": {\"step\": null, \"low\": 0.55, \"high\": 0.65, \"log\": false}}"}
{"op_code":5,"worker_id":"ef6c19bf-d328-485d-847d-dea12d351541-140630367256704","trial_id":13,"param_name":"OuterRadius","param_value_internal":17.494310246609743,"distribution":"{\"name\": \"FloatDistribution\", \"attributes\": {\"step\": null, \"low\": 17.0, \"high\": 18.0, \"log\": false}}"}
{"op_code":5,"worker_id":"ef6c19bf-d328-485d-847d-dea12d351541-140630367256704","trial_id":13,"param_name":"JointHeight","param_value_internal":6.964971740334153,"distribution":"{\"name\": \"FloatDistribution\", \"attributes\": {\"step\": null, \"low\": 6.0, \"high\": 7.0, \"log\": false}}"}
{"op_code":5,"worker_id":"ef6c19bf-d328-485d-847d-dea12d351541-140630367256704","trial_id":13,"param_name":"CavityCorkThickness","param_value_internal":1.7559434965578538,"distribution":"{\"name\": \"FloatDistribution\", \"attributes\": {\"step\": null, \"low\": 1.5, \"high\": 2.5, \"log\": false}}"}
{"op_code":5,"worker_id":"ef6c19bf-d328-485d-847d-dea12d351541-140630367256704","trial_id":13,"param_name":"BellowHeight","param_value_internal":12.041331243439704,"distribution":"{\"name\": \"FloatDistribution\", \"attributes\": {\"step\": null, \"low\": 10.0, \"high\": 16.0, \"log\": false}}"}
{"op_code":5,"worker_id":"ef6c19bf-d328-485d-847d-dea12d351541-140630367256704","trial_id":13,"param_name":"WallThickness","param_value_internal":2.526406735090718,"distribution":"{\"name\": \"FloatDistribution\", \"attributes\": {\"step\": null, \"low\": 2.0, \"high\": 4.0, \"log\": false}}"}
{"op_code":5,"worker_id":"ef6c19bf-d328-485d-847d-dea12d351541-140630367256704","trial_id":13,"param_name":"PlateauHeight","param_value_internal":3.6247143463277,"distribution":"{\"name\": \"FloatDistribution\", \"attributes\": {\"step\": null, \"low\": 3.6, \"high\": 4.1, \"log\": false}}"}
{"op_code":6,"worker_id":"b0b4ba47-f916-4407-8b27-ca2681ae1cfe-139733011476608","trial_id":5,"state":1,"values":[-Infinity,-Infinity],"datetime_complete":"2026-06-05T15:36:36.438935"}
{"op_code":4,"worker_id":"b0b4ba47-f916-4407-8b27-ca2681ae1cfe-139733011476608","study_id":0,"datetime_start":"2026-06-05T15:36:36.448421"}
{"op_code":6,"worker_id":"97f51db3-9fe9-492e-8038-1176c2ed7377-139679613698176","trial_id":2,"state":1,"values":[-Infinity,-Infinity],"datetime_complete":"2026-06-05T15:36:36.455942"}
{"op_code":9,"worker_id":"b0b4ba47-f916-4407-8b27-ca2681ae1cfe-139733011476608","trial_id":14,"system_attr":{"nsga2:generation":0}}
{"op_code":5,"worker_id":"b0b4ba47-f916-4407-8b27-ca2681ae1cfe-139733011476608","trial_id":14,"param_name":"JointSlopeAngle","param_value_internal":0.5720147727042053,"distribution":"{\"name\": \"FloatDistribution\", \"attributes\": {\"step\": null, \"low\": 0.55, \"high\": 0.65, \"log\": false}}"}
{"op_code":4,"worker_id":"97f51db3-9fe9-492e-8038-1176c2ed7377-139679613698176","study_id":0,"datetime_start":"2026-06-05T15:36:36.466034"}
{"op_code":5,"worker_id":"b0b4ba47-f916-4407-8b27-ca2681ae1cfe-139733011476608","trial_id":14,"param_name":"OuterRadius","param_value_internal":17.611865328062805,"distribution":"{\"name\": \"FloatDistribution\", \"attributes\": {\"step\": null, \"low\": 17.0, \"high\": 18.0, \"log\": false}}"}
{"op_code":9,"worker_id":"97f51db3-9fe9-492e-8038-1176c2ed7377-139679613698176","trial_id":15,"system_attr":{"nsga2:generation":0}}
{"op_code":5,"worker_id":"b0b4ba47-f916-4407-8b27-ca2681ae1cfe-139733011476608","trial_id":14,"param_name":"JointHeight","param_value_internal":6.564953186593711,"distribution":"{\"name\": \"FloatDistribution\", \"attributes\": {\"step\": null, \"low\": 6.0, \"high\": 7.0, \"log\": false}}"}
{"op_code":6,"worker_id":"0da0fcf1-9950-445a-a9a6-dc04c3acf373-140065782841472","trial_id":4,"state":1,"values":[-Infinity,-Infinity],"datetime_complete":"2026-06-05T15:36:36.486515"}
{"op_code":5,"worker_id":"b0b4ba47-f916-4407-8b27-ca2681ae1cfe-139733011476608","trial_id":14,"param_name":"CavityCorkThickness","param_value_internal":2.1283188393615204,"distribution":"{\"name\": \"FloatDistribution\", \"attributes\": {\"step\": null, \"low\": 1.5, \"high\": 2.5, \"log\": false}}"}
{"op_code":5,"worker_id":"b0b4ba47-f916-4407-8b27-ca2681ae1cfe-139733011476608","trial_id":14,"param_name":"BellowHeight","param_value_internal":15.376082797949469,"distribution":"{\"name\": \"FloatDistribution\", \"attributes\": {\"step\": null, \"low\": 10.0, \"high\": 16.0, \"log\": false}}"}
{"op_code":4,"worker_id":"0da0fcf1-9950-445a-a9a6-dc04c3acf373-140065782841472","study_id":0,"datetime_start":"2026-06-05T15:36:36.500629"}
{"op_code":5,"worker_id":"b0b4ba47-f916-4407-8b27-ca2681ae1cfe-139733011476608","trial_id":14,"param_name":"WallThickness","param_value_internal":3.6819736543621913,"distribution":"{\"name\": \"FloatDistribution\", \"attributes\": {\"step\": null, \"low\": 2.0, \"high\": 4.0, \"log\": false}}"}
{"op_code":9,"worker_id":"0da0fcf1-9950-445a-a9a6-dc04c3acf373-140065782841472","trial_id":16,"system_attr":{"nsga2:generation":0}}
{"op_code":5,"worker_id":"b0b4ba47-f916-4407-8b27-ca2681ae1cfe-139733011476608","trial_id":14,"param_name":"PlateauHeight","param_value_internal":3.627076686391824,"distribution":"{\"name\": \"FloatDistribution\", \"attributes\": {\"step\": null, \"low\": 3.6, \"high\": 4.1, \"log\": false}}"}
{"op_code":5,"worker_id":"97f51db3-9fe9-492e-8038-1176c2ed7377-139679613698176","trial_id":15,"param_name":"JointSlopeAngle","param_value_internal":0.5879685848613376,"distribution":"{\"name\": \"FloatDistribution\", \"attributes\": {\"step\": null, \"low\": 0.55, \"high\": 0.65, \"log\": false}}"}
{"op_code":6,"worker_id":"e6f5af89-fc1a-49ca-b1fa-d486f6b613ec-140236679188608","trial_id":3,"state":1,"values":[-Infinity,-Infinity],"datetime_complete":"2026-06-05T15:36:36.505340"}
{"op_code":5,"worker_id":"97f51db3-9fe9-492e-8038-1176c2ed7377-139679613698176","trial_id":15,"param_name":"OuterRadius","param_value_internal":17.6251960574307,"distribution":"{\"name\": \"FloatDistribution\", \"attributes\": {\"step\": null, \"low\": 17.0, \"high\": 18.0, \"log\": false}}"}
{"op_code":5,"worker_id":"0da0fcf1-9950-445a-a9a6-dc04c3acf373-140065782841472","trial_id":16,"param_name":"JointSlopeAngle","param_value_internal":0.6307877614263986,"distribution":"{\"name\": \"FloatDistribution\", \"attributes\": {\"step\": null, \"low\": 0.55, \"high\": 0.65, \"log\": false}}"}
{"op_code":5,"worker_id":"97f51db3-9fe9-492e-8038-1176c2ed7377-139679613698176","trial_id":15,"param_name":"JointHeight","param_value_internal":6.658863043956912,"distribution":"{\"name\": \"FloatDistribution\", \"attributes\": {\"step\": null, \"low\": 6.0, \"high\": 7.0, \"log\": false}}"}
{"op_code":6,"worker_id":"c03b9cfb-c3d9-4b57-872c-c9ce393433e1-140456776925312","trial_id":7,"state":1,"values":[-Infinity,-Infinity],"datetime_complete":"2026-06-05T15:36:36.541063"}
{"op_code":5,"worker_id":"97f51db3-9fe9-492e-8038-1176c2ed7377-139679613698176","trial_id":15,"param_name":"CavityCorkThickness","param_value_internal":1.9136712672210594,"distribution":"{\"name\": \"FloatDistribution\", \"attributes\": {\"step\": null, \"low\": 1.5, \"high\": 2.5, \"log\": false}}"}
{"op_code":5,"worker_id":"97f51db3-9fe9-492e-8038-1176c2ed7377-139679613698176","trial_id":15,"param_name":"BellowHeight","param_value_internal":12.363327669293458,"distribution":"{\"name\": \"FloatDistribution\", \"attributes\": {\"step\": null, \"low\": 10.0, \"high\": 16.0, \"log\": false}}"}
{"op_code":4,"worker_id":"c03b9cfb-c3d9-4b57-872c-c9ce393433e1-140456776925312","study_id":0,"datetime_start":"2026-06-05T15:36:36.553763"}
{"op_code":5,"worker_id":"97f51db3-9fe9-492e-8038-1176c2ed7377-139679613698176","trial_id":15,"param_name":"WallThickness","param_value_internal":2.779794209591759,"distribution":"{\"name\": \"FloatDistribution\", \"attributes\": {\"step\": null, \"low\": 2.0, \"high\": 4.0, \"log\": false}}"}
{"op_code":9,"worker_id":"c03b9cfb-c3d9-4b57-872c-c9ce393433e1-140456776925312","trial_id":17,"system_attr":{"nsga2:generation":0}}
{"op_code":4,"worker_id":"e6f5af89-fc1a-49ca-b1fa-d486f6b613ec-140236679188608","study_id":0,"datetime_start":"2026-06-05T15:36:36.534647"}
{"op_code":6,"worker_id":"bf1502cd-f71b-412d-8360-824076a57350-140608521244800","trial_id":8,"state":1,"values":[-Infinity,-Infinity],"datetime_complete":"2026-06-05T15:36:36.569633"}
{"op_code":5,"worker_id":"c03b9cfb-c3d9-4b57-872c-c9ce393433e1-140456776925312","trial_id":17,"param_name":"JointSlopeAngle","param_value_internal":0.638400576701066,"distribution":"{\"name\": \"FloatDistribution\", \"attributes\": {\"step\": null, \"low\": 0.55, \"high\": 0.65, \"log\": false}}"}
{"op_code":5,"worker_id":"97f51db3-9fe9-492e-8038-1176c2ed7377-139679613698176","trial_id":15,"param_name":"PlateauHeight","param_value_internal":3.801156134662163,"distribution":"{\"name\": \"FloatDistribution\", \"attributes\": {\"step\": null, \"low\": 3.6, \"high\": 4.1, \"log\": false}}"}
{"op_code":5,"worker_id":"c03b9cfb-c3d9-4b57-872c-c9ce393433e1-140456776925312","trial_id":17,"param_name":"OuterRadius","param_value_internal":17.022068411101294,"distribution":"{\"name\": \"FloatDistribution\", \"attributes\": {\"step\": null, \"low\": 17.0, \"high\": 18.0, \"log\": false}}"}
{"op_code":6,"worker_id":"8f977f9e-ad16-450b-890e-5a75a8e6273a-140542201127040","trial_id":6,"state":1,"values":[-Infinity,-Infinity],"datetime_complete":"2026-06-05T15:36:36.457426"}
{"op_code":5,"worker_id":"c03b9cfb-c3d9-4b57-872c-c9ce393433e1-140456776925312","trial_id":17,"param_name":"JointHeight","param_value_internal":6.528703524928617,"distribution":"{\"name\": \"FloatDistribution\", \"attributes\": {\"step\": null, \"low\": 6.0, \"high\": 7.0, \"log\": false}}"}
{"op_code":5,"worker_id":"c03b9cfb-c3d9-4b57-872c-c9ce393433e1-140456776925312","trial_id":17,"param_name":"CavityCorkThickness","param_value_internal":2.202005751031504,"distribution":"{\"name\": \"FloatDistribution\", \"attributes\": {\"step\": null, \"low\": 1.5, \"high\": 2.5, \"log\": false}}"}
{"op_code":5,"worker_id":"c03b9cfb-c3d9-4b57-872c-c9ce393433e1-140456776925312","trial_id":17,"param_name":"BellowHeight","param_value_internal":14.848137526913586,"distribution":"{\"name\": \"FloatDistribution\", \"attributes\": {\"step\": null, \"low\": 10.0, \"high\": 16.0, \"log\": false}}"}
{"op_code":4,"worker_id":"8f977f9e-ad16-450b-890e-5a75a8e6273a-140542201127040","study_id":0,"datetime_start":"2026-06-05T15:36:36.603636"}
{"op_code":9,"worker_id":"e6f5af89-fc1a-49ca-b1fa-d486f6b613ec-140236679188608","trial_id":18,"system_attr":{"nsga2:generation":0}}
{"op_code":5,"worker_id":"c03b9cfb-c3d9-4b57-872c-c9ce393433e1-140456776925312","trial_id":17,"param_name":"WallThickness","param_value_internal":3.3506326527489794,"distribution":"{\"name\": \"FloatDistribution\", \"attributes\": {\"step\": null, \"low\": 2.0, \"high\": 4.0, \"log\": false}}"}
{"op_code":5,"worker_id":"e6f5af89-fc1a-49ca-b1fa-d486f6b613ec-140236679188608","trial_id":18,"param_name":"JointSlopeAngle","param_value_internal":0.5641117358108937,"distribution":"{\"name\": \"FloatDistribution\", \"attributes\": {\"step\": null, \"low\": 0.55, \"high\": 0.65, \"log\": false}}"}
{"op_code":5,"worker_id":"c03b9cfb-c3d9-4b57-872c-c9ce393433e1-140456776925312","trial_id":17,"param_name":"PlateauHeight","param_value_internal":3.896993843046954,"distribution":"{\"name\": \"FloatDistribution\", \"attributes\": {\"step\": null, \"low\": 3.6, \"high\": 4.1, \"log\": false}}"}
{"op_code":5,"worker_id":"e6f5af89-fc1a-49ca-b1fa-d486f6b613ec-140236679188608","trial_id":18,"param_name":"OuterRadius","param_value_internal":17.889395436825488,"distribution":"{\"name\": \"FloatDistribution\", \"attributes\": {\"step\": null, \"low\": 17.0, \"high\": 18.0, \"log\": false}}"}
{"op_code":9,"worker_id":"8f977f9e-ad16-450b-890e-5a75a8e6273a-140542201127040","trial_id":19,"system_attr":{"nsga2:generation":0}}
{"op_code":5,"worker_id":"e6f5af89-fc1a-49ca-b1fa-d486f6b613ec-140236679188608","trial_id":18,"param_name":"JointHeight","param_value_internal":6.063495508694614,"distribution":"{\"name\": \"FloatDistribution\", \"attributes\": {\"step\": null, \"low\": 6.0, \"high\": 7.0, \"log\": false}}"}
{"op_code":6,"worker_id":"e752f485-bbea-4d49-af05-5b23d972e824-140297682608256","trial_id":12,"state":1,"values":[-Infinity,-Infinity],"datetime_complete":"2026-06-05T15:36:36.637331"}
{"op_code":4,"worker_id":"bf1502cd-f71b-412d-8360-824076a57350-140608521244800","study_id":0,"datetime_start":"2026-06-05T15:36:36.582526"}
{"op_code":5,"worker_id":"e6f5af89-fc1a-49ca-b1fa-d486f6b613ec-140236679188608","trial_id":18,"param_name":"CavityCorkThickness","param_value_internal":1.8803821017851512,"distribution":"{\"name\": \"FloatDistribution\", \"attributes\": {\"step\": null, \"low\": 1.5, \"high\": 2.5, \"log\": false}}"}
{"op_code":4,"worker_id":"e752f485-bbea-4d49-af05-5b23d972e824-140297682608256","study_id":0,"datetime_start":"2026-06-05T15:36:36.653832"}
{"op_code":5,"worker_id":"e6f5af89-fc1a-49ca-b1fa-d486f6b613ec-140236679188608","trial_id":18,"param_name":"BellowHeight","param_value_internal":15.246395116846779,"distribution":"{\"name\": \"FloatDistribution\", \"attributes\": {\"step\": null, \"low\": 10.0, \"high\": 16.0, \"log\": false}}"}
{"op_code":9,"worker_id":"e752f485-bbea-4d49-af05-5b23d972e824-140297682608256","trial_id":21,"system_attr":{"nsga2:generation":0}}
{"op_code":5,"worker_id":"e6f5af89-fc1a-49ca-b1fa-d486f6b613ec-140236679188608","trial_id":18,"param_name":"WallThickness","param_value_internal":2.805168975190062,"distribution":"{\"name\": \"FloatDistribution\", \"attributes\": {\"step\": null, \"low\": 2.0, \"high\": 4.0, \"log\": false}}"}
{"op_code":5,"worker_id":"e752f485-bbea-4d49-af05-5b23d972e824-140297682608256","trial_id":21,"param_name":"JointSlopeAngle","param_value_internal":0.640028843852072,"distribution":"{\"name\": \"FloatDistribution\", \"attributes\": {\"step\": null, \"low\": 0.55, \"high\": 0.65, \"log\": false}}"}
{"op_code":5,"worker_id":"e6f5af89-fc1a-49ca-b1fa-d486f6b613ec-140236679188608","trial_id":18,"param_name":"PlateauHeight","param_value_internal":3.9425302433644243,"distribution":"{\"name\": \"FloatDistribution\", \"attributes\": {\"step\": null, \"low\": 3.6, \"high\": 4.1, \"log\": false}}"}
{"op_code":5,"worker_id":"e752f485-bbea-4d49-af05-5b23d972e824-140297682608256","trial_id":21,"param_name":"OuterRadius","param_value_internal":17.255466961292417,"distribution":"{\"name\": \"FloatDistribution\", \"attributes\": {\"step\": null, \"low\": 17.0, \"high\": 18.0, \"log\": false}}"}
{"op_code":5,"worker_id":"e752f485-bbea-4d49-af05-5b23d972e824-140297682608256","trial_id":21,"param_name":"JointHeight","param_value_internal":6.947169724115168,"distribution":"{\"name\": \"FloatDistribution\", \"attributes\": {\"step\": null, \"low\": 6.0, \"high\": 7.0, \"log\": false}}"}
{"op_code":5,"worker_id":"e752f485-bbea-4d49-af05-5b23d972e824-140297682608256","trial_id":21,"param_name":"CavityCorkThickness","param_value_internal":1.8551160748279112,"distribution":"{\"name\": \"FloatDistribution\", \"attributes\": {\"step\": null, \"low\": 1.5, \"high\": 2.5, \"log\": false}}"}
{"op_code":5,"worker_id":"e752f485-bbea-4d49-af05-5b23d972e824-140297682608256","trial_id":21,"param_name":"BellowHeight","param_value_internal":10.795808933079398,"distribution":"{\"name\": \"FloatDistribution\", \"attributes\": {\"step\": null, \"low\": 10.0, \"high\": 16.0, \"log\": false}}"}
{"op_code":5,"worker_id":"e752f485-bbea-4d49-af05-5b23d972e824-140297682608256","trial_id":21,"param_name":"WallThickness","param_value_internal":2.731340535284736,"distribution":"{\"name\": \"FloatDistribution\", \"attributes\": {\"step\": null, \"low\": 2.0, \"high\": 4.0, \"log\": false}}"}
{"op_code":5,"worker_id":"e752f485-bbea-4d49-af05-5b23d972e824-140297682608256","trial_id":21,"param_name":"PlateauHeight","param_value_internal":3.733640521123986,"distribution":"{\"name\": \"FloatDistribution\", \"attributes\": {\"step\": null, \"low\": 3.6, \"high\": 4.1, \"log\": false}}"}
{"op_code":9,"worker_id":"bf1502cd-f71b-412d-8360-824076a57350-140608521244800","trial_id":20,"system_attr":{"nsga2:generation":0}}
{"op_code":5,"worker_id":"bf1502cd-f71b-412d-8360-824076a57350-140608521244800","trial_id":20,"param_name":"JointSlopeAngle","param_value_internal":0.6387669713796402,"distribution":"{\"name\": \"FloatDistribution\", \"attributes\": {\"step\": null, \"low\": 0.55, \"high\": 0.65, \"log\": false}}"}
{"op_code":5,"worker_id":"bf1502cd-f71b-412d-8360-824076a57350-140608521244800","trial_id":20,"param_name":"OuterRadius","param_value_internal":17.85474284147263,"distribution":"{\"name\": \"FloatDistribution\", \"attributes\": {\"step\": null, \"low\": 17.0, \"high\": 18.0, \"log\": false}}"}
{"op_code":5,"worker_id":"bf1502cd-f71b-412d-8360-824076a57350-140608521244800","trial_id":20,"param_name":"JointHeight","param_value_internal":6.232998136430608,"distribution":"{\"name\": \"FloatDistribution\", \"attributes\": {\"step\": null, \"low\": 6.0, \"high\": 7.0, \"log\": false}}"}
{"op_code":5,"worker_id":"bf1502cd-f71b-412d-8360-824076a57350-140608521244800","trial_id":20,"param_name":"CavityCorkThickness","param_value_internal":1.5788781162824557,"distribution":"{\"name\": \"FloatDistribution\", \"attributes\": {\"step\": null, \"low\": 1.5, \"high\": 2.5, \"log\": false}}"}
{"op_code":5,"worker_id":"bf1502cd-f71b-412d-8360-824076a57350-140608521244800","trial_id":20,"param_name":"BellowHeight","param_value_internal":11.073424893422992,"distribution":"{\"name\": \"FloatDistribution\", \"attributes\": {\"step\": null, \"low\": 10.0, \"high\": 16.0, \"log\": false}}"}
{"op_code":5,"worker_id":"bf1502cd-f71b-412d-8360-824076a57350-140608521244800","trial_id":20,"param_name":"WallThickness","param_value_internal":3.931411049436199,"distribution":"{\"name\": \"FloatDistribution\", \"attributes\": {\"step\": null, \"low\": 2.0, \"high\": 4.0, \"log\": false}}"}
{"op_code":5,"worker_id":"bf1502cd-f71b-412d-8360-824076a57350-140608521244800","trial_id":20,"param_name":"PlateauHeight","param_value_internal":3.605858873654154,"distribution":"{\"name\": \"FloatDistribution\", \"attributes\": {\"step\": null, \"low\": 3.6, \"high\": 4.1, \"log\": false}}"}
{"op_code":5,"worker_id":"8f977f9e-ad16-450b-890e-5a75a8e6273a-140542201127040","trial_id":19,"param_name":"JointSlopeAngle","param_value_internal":0.6305577083000142,"distribution":"{\"name\": \"FloatDistribution\", \"attributes\": {\"step\": null, \"low\": 0.55, \"high\": 0.65, \"log\": false}}"}
{"op_code":5,"worker_id":"8f977f9e-ad16-450b-890e-5a75a8e6273a-140542201127040","trial_id":19,"param_name":"OuterRadius","param_value_internal":17.411359580881253,"distribution":"{\"name\": \"FloatDistribution\", \"attributes\": {\"step\": null, \"low\": 17.0, \"high\": 18.0, \"log\": false}}"}
{"op_code":5,"worker_id":"8f977f9e-ad16-450b-890e-5a75a8e6273a-140542201127040","trial_id":19,"param_name":"JointHeight","param_value_internal":6.288191000603231,"distribution":"{\"name\": \"FloatDistribution\", \"attributes\": {\"step\": null, \"low\": 6.0, \"high\": 7.0, \"log\": false}}"}
{"op_code":5,"worker_id":"8f977f9e-ad16-450b-890e-5a75a8e6273a-140542201127040","trial_id":19,"param_name":"CavityCorkThickness","param_value_internal":1.5523150588226544,"distribution":"{\"name\": \"FloatDistribution\", \"attributes\": {\"step\": null, \"low\": 1.5, \"high\": 2.5, \"log\": false}}"}
{"op_code":6,"worker_id":"300f3d29-8d40-422e-bb99-b223f8c29663-139920484229248","trial_id":9,"state":1,"values":[-Infinity,-Infinity],"datetime_complete":"2026-06-05T15:36:36.789275"}
{"op_code":5,"worker_id":"8f977f9e-ad16-450b-890e-5a75a8e6273a-140542201127040","trial_id":19,"param_name":"BellowHeight","param_value_internal":12.749325586729313,"distribution":"{\"name\": \"FloatDistribution\", \"attributes\": {\"step\": null, \"low\": 10.0, \"high\": 16.0, \"log\": false}}"}
{"op_code":5,"worker_id":"8f977f9e-ad16-450b-890e-5a75a8e6273a-140542201127040","trial_id":19,"param_name":"WallThickness","param_value_internal":3.420673979434084,"distribution":"{\"name\": \"FloatDistribution\", \"attributes\": {\"step\": null, \"low\": 2.0, \"high\": 4.0, \"log\": false}}"}
{"op_code":4,"worker_id":"300f3d29-8d40-422e-bb99-b223f8c29663-139920484229248","study_id":0,"datetime_start":"2026-06-05T15:36:36.801989"}
{"op_code":5,"worker_id":"8f977f9e-ad16-450b-890e-5a75a8e6273a-140542201127040","trial_id":19,"param_name":"PlateauHeight","param_value_internal":4.028044137153272,"distribution":"{\"name\": \"FloatDistribution\", \"attributes\": {\"step\": null, \"low\": 3.6, \"high\": 4.1, \"log\": false}}"}
{"op_code":9,"worker_id":"300f3d29-8d40-422e-bb99-b223f8c29663-139920484229248","trial_id":22,"system_attr":{"nsga2:generation":0}}
{"op_code":5,"worker_id":"300f3d29-8d40-422e-bb99-b223f8c29663-139920484229248","trial_id":22,"param_name":"JointSlopeAngle","param_value_internal":0.5922389883872377,"distribution":"{\"name\": \"FloatDistribution\", \"attributes\": {\"step\": null, \"low\": 0.55, \"high\": 0.65, \"log\": false}}"}
{"op_code":5,"worker_id":"300f3d29-8d40-422e-bb99-b223f8c29663-139920484229248","trial_id":22,"param_name":"OuterRadius","param_value_internal":17.701704059869527,"distribution":"{\"name\": \"FloatDistribution\", \"attributes\": {\"step\": null, \"low\": 17.0, \"high\": 18.0, \"log\": false}}"}
{"op_code":5,"worker_id":"300f3d29-8d40-422e-bb99-b223f8c29663-139920484229248","trial_id":22,"param_name":"JointHeight","param_value_internal":6.722075989982875,"distribution":"{\"name\": \"FloatDistribution\", \"attributes\": {\"step\": null, \"low\": 6.0, \"high\": 7.0, \"log\": false}}"}
{"op_code":5,"worker_id":"300f3d29-8d40-422e-bb99-b223f8c29663-139920484229248","trial_id":22,"param_name":"CavityCorkThickness","param_value_internal":1.5231193458623826,"distribution":"{\"name\": \"FloatDistribution\", \"attributes\": {\"step\": null, \"low\": 1.5, \"high\": 2.5, \"log\": false}}"}
{"op_code":5,"worker_id":"300f3d29-8d40-422e-bb99-b223f8c29663-139920484229248","trial_id":22,"param_name":"BellowHeight","param_value_internal":10.183880835459684,"distribution":"{\"name\": \"FloatDistribution\", \"attributes\": {\"step\": null, \"low\": 10.0, \"high\": 16.0, \"log\": false}}"}
{"op_code":6,"worker_id":"ef6c19bf-d328-485d-847d-dea12d351541-140630367256704","trial_id":13,"state":1,"values":[-Infinity,-Infinity],"datetime_complete":"2026-06-05T15:36:36.842871"}
{"op_code":5,"worker_id":"300f3d29-8d40-422e-bb99-b223f8c29663-139920484229248","trial_id":22,"param_name":"WallThickness","param_value_internal":3.9837902727363903,"distribution":"{\"name\": \"FloatDistribution\", \"attributes\": {\"step\": null, \"low\": 2.0, \"high\": 4.0, \"log\": false}}"}
{"op_code":4,"worker_id":"ef6c19bf-d328-485d-847d-dea12d351541-140630367256704","study_id":0,"datetime_start":"2026-06-05T15:36:36.850729"}
{"op_code":5,"worker_id":"300f3d29-8d40-422e-bb99-b223f8c29663-139920484229248","trial_id":22,"param_name":"PlateauHeight","param_value_internal":3.780283609560266,"distribution":"{\"name\": \"FloatDistribution\", \"attributes\": {\"step\": null, \"low\": 3.6, \"high\": 4.1, \"log\": false}}"}
{"op_code":9,"worker_id":"ef6c19bf-d328-485d-847d-dea12d351541-140630367256704","trial_id":23,"system_attr":{"nsga2:generation":0}}
{"op_code":5,"worker_id":"ef6c19bf-d328-485d-847d-dea12d351541-140630367256704","trial_id":23,"param_name":"JointSlopeAngle","param_value_internal":0.5797310679168145,"distribution":"{\"name\": \"FloatDistribution\", \"attributes\": {\"step\": null, \"low\": 0.55, \"high\": 0.65, \"log\": false}}"}
{"op_code":5,"worker_id":"ef6c19bf-d328-485d-847d-dea12d351541-140630367256704","trial_id":23,"param_name":"OuterRadius","param_value_internal":17.78292140529396,"distribution":"{\"name\": \"FloatDistribution\", \"attributes\": {\"step\": null, \"low\": 17.0, \"high\": 18.0, \"log\": false}}"}
{"op_code":5,"worker_id":"ef6c19bf-d328-485d-847d-dea12d351541-140630367256704","trial_id":23,"param_name":"JointHeight","param_value_internal":6.2907901967483975,"distribution":"{\"name\": \"FloatDistribution\", \"attributes\": {\"step\": null, \"low\": 6.0, \"high\": 7.0, \"log\": false}}"}
{"op_code":5,"worker_id":"ef6c19bf-d328-485d-847d-dea12d351541-140630367256704","trial_id":23,"param_name":"CavityCorkThickness","param_value_internal":1.796535760933566,"distribution":"{\"name\": \"FloatDistribution\", \"attributes\": {\"step\": null, \"low\": 1.5, \"high\": 2.5, \"log\": false}}"}
{"op_code":5,"worker_id":"ef6c19bf-d328-485d-847d-dea12d351541-140630367256704","trial_id":23,"param_name":"BellowHeight","param_value_internal":14.500388734445005,"distribution":"{\"name\": \"FloatDistribution\", \"attributes\": {\"step\": null, \"low\": 10.0, \"high\": 16.0, \"log\": false}}"}
{"op_code":5,"worker_id":"ef6c19bf-d328-485d-847d-dea12d351541-140630367256704","trial_id":23,"param_name":"WallThickness","param_value_internal":2.7902567127740445,"distribution":"{\"name\": \"FloatDistribution\", \"attributes\": {\"step\": null, \"low\": 2.0, \"high\": 4.0, \"log\": false}}"}
{"op_code":5,"worker_id":"ef6c19bf-d328-485d-847d-dea12d351541-140630367256704","trial_id":23,"param_name":"PlateauHeight","param_value_internal":4.051880149932166,"distribution":"{\"name\": \"FloatDistribution\", \"attributes\": {\"step\": null, \"low\": 3.6, \"high\": 4.1, \"log\": false}}"}
{"op_code":5,"worker_id":"0da0fcf1-9950-445a-a9a6-dc04c3acf373-140065782841472","trial_id":16,"param_name":"OuterRadius","param_value_internal":17.002703563552423,"distribution":"{\"name\": \"FloatDistribution\", \"attributes\": {\"step\": null, \"low\": 17.0, \"high\": 18.0, \"log\": false}}"}
{"op_code":5,"worker_id":"0da0fcf1-9950-445a-a9a6-dc04c3acf373-140065782841472","trial_id":16,"param_name":"JointHeight","param_value_internal":6.869391683412466,"distribution":"{\"name\": \"FloatDistribution\", \"attributes\": {\"step\": null, \"low\": 6.0, \"high\": 7.0, \"log\": false}}"}
{"op_code":5,"worker_id":"0da0fcf1-9950-445a-a9a6-dc04c3acf373-140065782841472","trial_id":16,"param_name":"CavityCorkThickness","param_value_internal":1.6121165038970116,"distribution":"{\"name\": \"FloatDistribution\", \"attributes\": {\"step\": null, \"low\": 1.5, \"high\": 2.5, \"log\": false}}"}
{"op_code":5,"worker_id":"0da0fcf1-9950-445a-a9a6-dc04c3acf373-140065782841472","trial_id":16,"param_name":"BellowHeight","param_value_internal":11.059058533489928,"distribution":"{\"name\": \"FloatDistribution\", \"attributes\": {\"step\": null, \"low\": 10.0, \"high\": 16.0, \"log\": false}}"}
{"op_code":5,"worker_id":"0da0fcf1-9950-445a-a9a6-dc04c3acf373-140065782841472","trial_id":16,"param_name":"WallThickness","param_value_internal":3.0125068754256885,"distribution":"{\"name\": \"FloatDistribution\", \"attributes\": {\"step\": null, \"low\": 2.0, \"high\": 4.0, \"log\": false}}"}
{"op_code":5,"worker_id":"0da0fcf1-9950-445a-a9a6-dc04c3acf373-140065782841472","trial_id":16,"param_name":"PlateauHeight","param_value_internal":3.796381758123283,"distribution":"{\"name\": \"FloatDistribution\", \"attributes\": {\"step\": null, \"low\": 3.6, \"high\": 4.1, \"log\": false}}"}
{"op_code":6,"worker_id":"e752f485-bbea-4d49-af05-5b23d972e824-140297682608256","trial_id":21,"state":1,"values":[-Infinity,-Infinity],"datetime_complete":"2026-06-05T15:36:37.942266"}
{"op_code":4,"worker_id":"e752f485-bbea-4d49-af05-5b23d972e824-140297682608256","study_id":0,"datetime_start":"2026-06-05T15:36:37.951095"}
{"op_code":9,"worker_id":"e752f485-bbea-4d49-af05-5b23d972e824-140297682608256","trial_id":24,"system_attr":{"nsga2:generation":0}}
{"op_code":5,"worker_id":"e752f485-bbea-4d49-af05-5b23d972e824-140297682608256","trial_id":24,"param_name":"JointSlopeAngle","param_value_internal":0.6301597340525256,"distribution":"{\"name\": \"FloatDistribution\", \"attributes\": {\"step\": null, \"low\": 0.55, \"high\": 0.65, \"log\": false}}"}
{"op_code":5,"worker_id":"e752f485-bbea-4d49-af05-5b23d972e824-140297682608256","trial_id":24,"param_name":"OuterRadius","param_value_internal":17.88063414596143,"distribution":"{\"name\": \"FloatDistribution\", \"attributes\": {\"step\": null, \"low\": 17.0, \"high\": 18.0, \"log\": false}}"}
{"op_code":5,"worker_id":"e752f485-bbea-4d49-af05-5b23d972e824-140297682608256","trial_id":24,"param_name":"JointHeight","param_value_internal":6.662769016930405,"distribution":"{\"name\": \"FloatDistribution\", \"attributes\": {\"step\": null, \"low\": 6.0, \"high\": 7.0, \"log\": false}}"}
{"op_code":5,"worker_id":"e752f485-bbea-4d49-af05-5b23d972e824-140297682608256","trial_id":24,"param_name":"CavityCorkThickness","param_value_internal":1.7464347487011878,"distribution":"{\"name\": \"FloatDistribution\", \"attributes\": {\"step\": null, \"low\": 1.5, \"high\": 2.5, \"log\": false}}"}
{"op_code":5,"worker_id":"e752f485-bbea-4d49-af05-5b23d972e824-140297682608256","trial_id":24,"param_name":"BellowHeight","param_value_internal":10.635675406311456,"distribution":"{\"name\": \"FloatDistribution\", \"attributes\": {\"step\": null, \"low\": 10.0, \"high\": 16.0, \"log\": false}}"}
{"op_code":5,"worker_id":"e752f485-bbea-4d49-af05-5b23d972e824-140297682608256","trial_id":24,"param_name":"WallThickness","param_value_internal":3.082868358372078,"distribution":"{\"name\": \"FloatDistribution\", \"attributes\": {\"step\": null, \"low\": 2.0, \"high\": 4.0, \"log\": false}}"}
{"op_code":5,"worker_id":"e752f485-bbea-4d49-af05-5b23d972e824-140297682608256","trial_id":24,"param_name":"PlateauHeight","param_value_internal":3.9707823444896566,"distribution":"{\"name\": \"FloatDistribution\", \"attributes\": {\"step\": null, \"low\": 3.6, \"high\": 4.1, \"log\": false}}"}
{"op_code":6,"worker_id":"ef6c19bf-d328-485d-847d-dea12d351541-140630367256704","trial_id":23,"state":1,"values":[-Infinity,-Infinity],"datetime_complete":"2026-06-05T15:36:38.153994"}
{"op_code":4,"worker_id":"ef6c19bf-d328-485d-847d-dea12d351541-140630367256704","study_id":0,"datetime_start":"2026-06-05T15:36:38.162472"}
{"op_code":9,"worker_id":"ef6c19bf-d328-485d-847d-dea12d351541-140630367256704","trial_id":25,"system_attr":{"nsga2:generation":0}}
{"op_code":5,"worker_id":"ef6c19bf-d328-485d-847d-dea12d351541-140630367256704","trial_id":25,"param_name":"JointSlopeAngle","param_value_internal":0.6368116905742897,"distribution":"{\"name\": \"FloatDistribution\", \"attributes\": {\"step\": null, \"low\": 0.55, \"high\": 0.65, \"log\": false}}"}
{"op_code":6,"worker_id":"b0b4ba47-f916-4407-8b27-ca2681ae1cfe-139733011476608","trial_id":14,"state":1,"values":[-Infinity,-Infinity],"datetime_complete":"2026-06-05T15:36:38.178025"}
{"op_code":5,"worker_id":"ef6c19bf-d328-485d-847d-dea12d351541-140630367256704","trial_id":25,"param_name":"OuterRadius","param_value_internal":17.448224842672754,"distribution":"{\"name\": \"FloatDistribution\", \"attributes\": {\"step\": null, \"low\": 17.0, \"high\": 18.0, \"log\": false}}"}
{"op_code":5,"worker_id":"ef6c19bf-d328-485d-847d-dea12d351541-140630367256704","trial_id":25,"param_name":"JointHeight","param_value_internal":6.076414598300309,"distribution":"{\"name\": \"FloatDistribution\", \"attributes\": {\"step\": null, \"low\": 6.0, \"high\": 7.0, \"log\": false}}"}
{"op_code":4,"worker_id":"b0b4ba47-f916-4407-8b27-ca2681ae1cfe-139733011476608","study_id":0,"datetime_start":"2026-06-05T15:36:38.190725"}
{"op_code":5,"worker_id":"ef6c19bf-d328-485d-847d-dea12d351541-140630367256704","trial_id":25,"param_name":"CavityCorkThickness","param_value_internal":1.9473531331005345,"distribution":"{\"name\": \"FloatDistribution\", \"attributes\": {\"step\": null, \"low\": 1.5, \"high\": 2.5, \"log\": false}}"}
{"op_code":5,"worker_id":"ef6c19bf-d328-485d-847d-dea12d351541-140630367256704","trial_id":25,"param_name":"BellowHeight","param_value_internal":11.834401246226413,"distribution":"{\"name\": \"FloatDistribution\", \"attributes\": {\"step\": null, \"low\": 10.0, \"high\": 16.0, \"log\": false}}"}
{"op_code":9,"worker_id":"b0b4ba47-f916-4407-8b27-ca2681ae1cfe-139733011476608","trial_id":26,"system_attr":{"nsga2:generation":0}}
{"op_code":5,"worker_id":"ef6c19bf-d328-485d-847d-dea12d351541-140630367256704","trial_id":25,"param_name":"WallThickness","param_value_internal":3.694573721165445,"distribution":"{\"name\": \"FloatDistribution\", \"attributes\": {\"step\": null, \"low\": 2.0, \"high\": 4.0, \"log\": false}}"}
{"op_code":5,"worker_id":"ef6c19bf-d328-485d-847d-dea12d351541-140630367256704","trial_id":25,"param_name":"PlateauHeight","param_value_internal":3.9740269144357336,"distribution":"{\"name\": \"FloatDistribution\", \"attributes\": {\"step\": null, \"low\": 3.6, \"high\": 4.1, \"log\": false}}"}
{"op_code":5,"worker_id":"b0b4ba47-f916-4407-8b27-ca2681ae1cfe-139733011476608","trial_id":26,"param_name":"JointSlopeAngle","param_value_internal":0.6188594639213977,"distribution":"{\"name\": \"FloatDistribution\", \"attributes\": {\"step\": null, \"low\": 0.55, \"high\": 0.65, \"log\": false}}"}
{"op_code":5,"worker_id":"b0b4ba47-f916-4407-8b27-ca2681ae1cfe-139733011476608","trial_id":26,"param_name":"OuterRadius","param_value_internal":17.935714869429617,"distribution":"{\"name\": \"FloatDistribution\", \"attributes\": {\"step\": null, \"low\": 17.0, \"high\": 18.0, \"log\": false}}"}
{"op_code":5,"worker_id":"b0b4ba47-f916-4407-8b27-ca2681ae1cfe-139733011476608","trial_id":26,"param_name":"JointHeight","param_value_internal":6.940634710276828,"distribution":"{\"name\": \"FloatDistribution\", \"attributes\": {\"step\": null, \"low\": 6.0, \"high\": 7.0, \"log\": false}}"}
{"op_code":5,"worker_id":"b0b4ba47-f916-4407-8b27-ca2681ae1cfe-139733011476608","trial_id":26,"param_name":"CavityCorkThickness","param_value_internal":2.431755295239787,"distribution":"{\"name\": \"FloatDistribution\", \"attributes\": {\"step\": null, \"low\": 1.5, \"high\": 2.5, \"log\": false}}"}
{"op_code":5,"worker_id":"b0b4ba47-f916-4407-8b27-ca2681ae1cfe-139733011476608","trial_id":26,"param_name":"BellowHeight","param_value_internal":15.874852946611712,"distribution":"{\"name\": \"FloatDistribution\", \"attributes\": {\"step\": null, \"low\": 10.0, \"high\": 16.0, \"log\": false}}"}
{"op_code":5,"worker_id":"b0b4ba47-f916-4407-8b27-ca2681ae1cfe-139733011476608","trial_id":26,"param_name":"WallThickness","param_value_internal":2.2752649601844173,"distribution":"{\"name\": \"FloatDistribution\", \"attributes\": {\"step\": null, \"low\": 2.0, \"high\": 4.0, \"log\": false}}"}
{"op_code":5,"worker_id":"b0b4ba47-f916-4407-8b27-ca2681ae1cfe-139733011476608","trial_id":26,"param_name":"PlateauHeight","param_value_internal":3.9178861961231344,"distribution":"{\"name\": \"FloatDistribution\", \"attributes\": {\"step\": null, \"low\": 3.6, \"high\": 4.1, \"log\": false}}"}
{"op_code":6,"worker_id":"97f51db3-9fe9-492e-8038-1176c2ed7377-139679613698176","trial_id":15,"state":1,"values":[-Infinity,-Infinity],"datetime_complete":"2026-06-05T15:36:38.262134"}
{"op_code":4,"worker_id":"97f51db3-9fe9-492e-8038-1176c2ed7377-139679613698176","study_id":0,"datetime_start":"2026-06-05T15:36:38.272218"}
{"op_code":9,"worker_id":"97f51db3-9fe9-492e-8038-1176c2ed7377-139679613698176","trial_id":27,"system_attr":{"nsga2:generation":0}}
{"op_code":6,"worker_id":"c03b9cfb-c3d9-4b57-872c-c9ce393433e1-140456776925312","trial_id":17,"state":1,"values":[-Infinity,-Infinity],"datetime_complete":"2026-06-05T15:36:38.280370"}
{"op_code":5,"worker_id":"97f51db3-9fe9-492e-8038-1176c2ed7377-139679613698176","trial_id":27,"param_name":"JointSlopeAngle","param_value_internal":0.6340853258781195,"distribution":"{\"name\": \"FloatDistribution\", \"attributes\": {\"step\": null, \"low\": 0.55, \"high\": 0.65, \"log\": false}}"}
{"op_code":5,"worker_id":"97f51db3-9fe9-492e-8038-1176c2ed7377-139679613698176","trial_id":27,"param_name":"OuterRadius","param_value_internal":17.05896842818225,"distribution":"{\"name\": \"FloatDistribution\", \"attributes\": {\"step\": null, \"low\": 17.0, \"high\": 18.0, \"log\": false}}"}
{"op_code":4,"worker_id":"c03b9cfb-c3d9-4b57-872c-c9ce393433e1-140456776925312","study_id":0,"datetime_start":"2026-06-05T15:36:38.294560"}
{"op_code":5,"worker_id":"97f51db3-9fe9-492e-8038-1176c2ed7377-139679613698176","trial_id":27,"param_name":"JointHeight","param_value_internal":6.981294705095249,"distribution":"{\"name\": \"FloatDistribution\", \"attributes\": {\"step\": null, \"low\": 6.0, \"high\": 7.0, \"log\": false}}"}
{"op_code":9,"worker_id":"c03b9cfb-c3d9-4b57-872c-c9ce393433e1-140456776925312","trial_id":28,"system_attr":{"nsga2:generation":0}}
{"op_code":5,"worker_id":"97f51db3-9fe9-492e-8038-1176c2ed7377-139679613698176","trial_id":27,"param_name":"CavityCorkThickness","param_value_internal":1.7989500937426044,"distribution":"{\"name\": \"FloatDistribution\", \"attributes\": {\"step\": null, \"low\": 1.5, \"high\": 2.5, \"log\": false}}"}
{"op_code":5,"worker_id":"c03b9cfb-c3d9-4b57-872c-c9ce393433e1-140456776925312","trial_id":28,"param_name":"JointSlopeAngle","param_value_internal":0.5920714054584815,"distribution":"{\"name\": \"FloatDistribution\", \"attributes\": {\"step\": null, \"low\": 0.55, \"high\": 0.65, \"log\": false}}"}
{"op_code":5,"worker_id":"97f51db3-9fe9-492e-8038-1176c2ed7377-139679613698176","trial_id":27,"param_name":"BellowHeight","param_value_internal":11.844864851419958,"distribution":"{\"name\": \"FloatDistribution\", \"attributes\": {\"step\": null, \"low\": 10.0, \"high\": 16.0, \"log\": false}}"}
{"op_code":5,"worker_id":"c03b9cfb-c3d9-4b57-872c-c9ce393433e1-140456776925312","trial_id":28,"param_name":"OuterRadius","param_value_internal":17.350433968748646,"distribution":"{\"name\": \"FloatDistribution\", \"attributes\": {\"step\": null, \"low\": 17.0, \"high\": 18.0, \"log\": false}}"}
{"op_code":5,"worker_id":"97f51db3-9fe9-492e-8038-1176c2ed7377-139679613698176","trial_id":27,"param_name":"WallThickness","param_value_internal":3.9808300999055968,"distribution":"{\"name\": \"FloatDistribution\", \"attributes\": {\"step\": null, \"low\": 2.0, \"high\": 4.0, \"log\": false}}"}
{"op_code":5,"worker_id":"c03b9cfb-c3d9-4b57-872c-c9ce393433e1-140456776925312","trial_id":28,"param_name":"JointHeight","param_value_internal":6.730586959757419,"distribution":"{\"name\": \"FloatDistribution\", \"attributes\": {\"step\": null, \"low\": 6.0, \"high\": 7.0, \"log\": false}}"}
{"op_code":5,"worker_id":"97f51db3-9fe9-492e-8038-1176c2ed7377-139679613698176","trial_id":27,"param_name":"PlateauHeight","param_value_internal":4.017149697361218,"distribution":"{\"name\": \"FloatDistribution\", \"attributes\": {\"step\": null, \"low\": 3.6, \"high\": 4.1, \"log\": false}}"}
{"op_code":5,"worker_id":"c03b9cfb-c3d9-4b57-872c-c9ce393433e1-140456776925312","trial_id":28,"param_name":"CavityCorkThickness","param_value_internal":2.321577927594078,"distribution":"{\"name\": \"FloatDistribution\", \"attributes\": {\"step\": null, \"low\": 1.5, \"high\": 2.5, \"log\": false}}"}
{"op_code":5,"worker_id":"c03b9cfb-c3d9-4b57-872c-c9ce393433e1-140456776925312","trial_id":28,"param_name":"BellowHeight","param_value_internal":12.4688507856984,"distribution":"{\"name\": \"FloatDistribution\", \"attributes\": {\"step\": null, \"low\": 10.0, \"high\": 16.0, \"log\": false}}"}
{"op_code":5,"worker_id":"c03b9cfb-c3d9-4b57-872c-c9ce393433e1-140456776925312","trial_id":28,"param_name":"WallThickness","param_value_internal":3.4385453150443315,"distribution":"{\"name\": \"FloatDistribution\", \"attributes\": {\"step\": null, \"low\": 2.0, \"high\": 4.0, \"log\": false}}"}
{"op_code":5,"worker_id":"c03b9cfb-c3d9-4b57-872c-c9ce393433e1-140456776925312","trial_id":28,"param_name":"PlateauHeight","param_value_internal":3.6351794461934586,"distribution":"{\"name\": \"FloatDistribution\", \"attributes\": {\"step\": null, \"low\": 3.6, \"high\": 4.1, \"log\": false}}"}
{"op_code":6,"worker_id":"e6f5af89-fc1a-49ca-b1fa-d486f6b613ec-140236679188608","trial_id":18,"state":1,"values":[-Infinity,-Infinity],"datetime_complete":"2026-06-05T15:36:38.366410"}
{"op_code":4,"worker_id":"e6f5af89-fc1a-49ca-b1fa-d486f6b613ec-140236679188608","study_id":0,"datetime_start":"2026-06-05T15:36:38.374926"}
{"op_code":9,"worker_id":"e6f5af89-fc1a-49ca-b1fa-d486f6b613ec-140236679188608","trial_id":29,"system_attr":{"nsga2:generation":0}}
{"op_code":5,"worker_id":"e6f5af89-fc1a-49ca-b1fa-d486f6b613ec-140236679188608","trial_id":29,"param_name":"JointSlopeAngle","param_value_internal":0.5558632460796828,"distribution":"{\"name\": \"FloatDistribution\", \"attributes\": {\"step\": null, \"low\": 0.55, \"high\": 0.65, \"log\": false}}"}
{"op_code":5,"worker_id":"e6f5af89-fc1a-49ca-b1fa-d486f6b613ec-140236679188608","trial_id":29,"param_name":"OuterRadius","param_value_internal":17.92078672466931,"distribution":"{\"name\": \"FloatDistribution\", \"attributes\": {\"step\": null, \"low\": 17.0, \"high\": 18.0, \"log\": false}}"}
{"op_code":5,"worker_id":"e6f5af89-fc1a-49ca-b1fa-d486f6b613ec-140236679188608","trial_id":29,"param_name":"JointHeight","param_value_internal":6.548672017018839,"distribution":"{\"name\": \"FloatDistribution\", \"attributes\": {\"step\": null, \"low\": 6.0, \"high\": 7.0, \"log\": false}}"}
{"op_code":5,"worker_id":"e6f5af89-fc1a-49ca-b1fa-d486f6b613ec-140236679188608","trial_id":29,"param_name":"CavityCorkThickness","param_value_internal":1.7821565893312044,"distribution":"{\"name\": \"FloatDistribution\", \"attributes\": {\"step\": null, \"low\": 1.5, \"high\": 2.5, \"log\": false}}"}
{"op_code":5,"worker_id":"e6f5af89-fc1a-49ca-b1fa-d486f6b613ec-140236679188608","trial_id":29,"param_name":"BellowHeight","param_value_internal":13.039278798711194,"distribution":"{\"name\": \"FloatDistribution\", \"attributes\": {\"step\": null, \"low\": 10.0, \"high\": 16.0, \"log\": false}}"}
{"op_code":5,"worker_id":"e6f5af89-fc1a-49ca-b1fa-d486f6b613ec-140236679188608","trial_id":29,"param_name":"WallThickness","param_value_internal":2.5223588452940437,"distribution":"{\"name\": \"FloatDistribution\", \"attributes\": {\"step\": null, \"low\": 2.0, \"high\": 4.0, \"log\": false}}"}
{"op_code":6,"worker_id":"bf1502cd-f71b-412d-8360-824076a57350-140608521244800","trial_id":20,"state":1,"values":[-Infinity,-Infinity],"datetime_complete":"2026-06-05T15:36:38.412160"}
{"op_code":5,"worker_id":"e6f5af89-fc1a-49ca-b1fa-d486f6b613ec-140236679188608","trial_id":29,"param_name":"PlateauHeight","param_value_internal":3.7299673506985536,"distribution":"{\"name\": \"FloatDistribution\", \"attributes\": {\"step\": null, \"low\": 3.6, \"high\": 4.1, \"log\": false}}"}
{"op_code":4,"worker_id":"bf1502cd-f71b-412d-8360-824076a57350-140608521244800","study_id":0,"datetime_start":"2026-06-05T15:36:38.427075"}
{"op_code":9,"worker_id":"bf1502cd-f71b-412d-8360-824076a57350-140608521244800","trial_id":30,"system_attr":{"nsga2:generation":0}}
{"op_code":5,"worker_id":"bf1502cd-f71b-412d-8360-824076a57350-140608521244800","trial_id":30,"param_name":"JointSlopeAngle","param_value_internal":0.6183296725023978,"distribution":"{\"name\": \"FloatDistribution\", \"attributes\": {\"step\": null, \"low\": 0.55, \"high\": 0.65, \"log\": false}}"}
{"op_code":5,"worker_id":"bf1502cd-f71b-412d-8360-824076a57350-140608521244800","trial_id":30,"param_name":"OuterRadius","param_value_internal":17.540155299097172,"distribution":"{\"name\": \"FloatDistribution\", \"attributes\": {\"step\": null, \"low\": 17.0, \"high\": 18.0, \"log\": false}}"}
{"op_code":5,"worker_id":"bf1502cd-f71b-412d-8360-824076a57350-140608521244800","trial_id":30,"param_name":"JointHeight","param_value_internal":6.730274219157,"distribution":"{\"name\": \"FloatDistribution\", \"attributes\": {\"step\": null, \"low\": 6.0, \"high\": 7.0, \"log\": false}}"}
{"op_code":5,"worker_id":"bf1502cd-f71b-412d-8360-824076a57350-140608521244800","trial_id":30,"param_name":"CavityCorkThickness","param_value_internal":1.567673709822333,"distribution":"{\"name\": \"FloatDistribution\", \"attributes\": {\"step\": null, \"low\": 1.5, \"high\": 2.5, \"log\": false}}"}
{"op_code":5,"worker_id":"bf1502cd-f71b-412d-8360-824076a57350-140608521244800","trial_id":30,"param_name":"BellowHeight","param_value_internal":11.247423176666741,"distribution":"{\"name\": \"FloatDistribution\", \"attributes\": {\"step\": null, \"low\": 10.0, \"high\": 16.0, \"log\": false}}"}
{"op_code":5,"worker_id":"bf1502cd-f71b-412d-8360-824076a57350-140608521244800","trial_id":30,"param_name":"WallThickness","param_value_internal":2.2925338756262903,"distribution":"{\"name\": \"FloatDistribution\", \"attributes\": {\"step\": null, \"low\": 2.0, \"high\": 4.0, \"log\": false}}"}
{"op_code":5,"worker_id":"bf1502cd-f71b-412d-8360-824076a57350-140608521244800","trial_id":30,"param_name":"PlateauHeight","param_value_internal":3.962958348364956,"distribution":"{\"name\": \"FloatDistribution\", \"attributes\": {\"step\": null, \"low\": 3.6, \"high\": 4.1, \"log\": false}}"}
{"op_code":6,"worker_id":"8f977f9e-ad16-450b-890e-5a75a8e6273a-140542201127040","trial_id":19,"state":1,"values":[-Infinity,-Infinity],"datetime_complete":"2026-06-05T15:36:38.499538"}
{"op_code":4,"worker_id":"8f977f9e-ad16-450b-890e-5a75a8e6273a-140542201127040","study_id":0,"datetime_start":"2026-06-05T15:36:38.508064"}
{"op_code":6,"worker_id":"300f3d29-8d40-422e-bb99-b223f8c29663-139920484229248","trial_id":22,"state":1,"values":[-Infinity,-Infinity],"datetime_complete":"2026-06-05T15:36:38.513659"}
{"op_code":9,"worker_id":"8f977f9e-ad16-450b-890e-5a75a8e6273a-140542201127040","trial_id":31,"system_attr":{"nsga2:generation":0}}
{"op_code":5,"worker_id":"8f977f9e-ad16-450b-890e-5a75a8e6273a-140542201127040","trial_id":31,"param_name":"JointSlopeAngle","param_value_internal":0.6476259272312629,"distribution":"{\"name\": \"FloatDistribution\", \"attributes\": {\"step\": null, \"low\": 0.55, \"high\": 0.65, \"log\": false}}"}
{"op_code":4,"worker_id":"300f3d29-8d40-422e-bb99-b223f8c29663-139920484229248","study_id":0,"datetime_start":"2026-06-05T15:36:38.525545"}
{"op_code":5,"worker_id":"8f977f9e-ad16-450b-890e-5a75a8e6273a-140542201127040","trial_id":31,"param_name":"OuterRadius","param_value_internal":17.63527697271142,"distribution":"{\"name\": \"FloatDistribution\", \"attributes\": {\"step\": null, \"low\": 17.0, \"high\": 18.0, \"log\": false}}"}
{"op_code":9,"worker_id":"300f3d29-8d40-422e-bb99-b223f8c29663-139920484229248","trial_id":32,"system_attr":{"nsga2:generation":0}}
{"op_code":5,"worker_id":"8f977f9e-ad16-450b-890e-5a75a8e6273a-140542201127040","trial_id":31,"param_name":"JointHeight","param_value_internal":6.94100475300935,"distribution":"{\"name\": \"FloatDistribution\", \"attributes\": {\"step\": null, \"low\": 6.0, \"high\": 7.0, \"log\": false}}"}
{"op_code":5,"worker_id":"300f3d29-8d40-422e-bb99-b223f8c29663-139920484229248","trial_id":32,"param_name":"JointSlopeAngle","param_value_internal":0.5573691384739045,"distribution":"{\"name\": \"FloatDistribution\", \"attributes\": {\"step\": null, \"low\": 0.55, \"high\": 0.65, \"log\": false}}"}
{"op_code":5,"worker_id":"8f977f9e-ad16-450b-890e-5a75a8e6273a-140542201127040","trial_id":31,"param_name":"CavityCorkThickness","param_value_internal":2.262718677096158,"distribution":"{\"name\": \"FloatDistribution\", \"attributes\": {\"step\": null, \"low\": 1.5, \"high\": 2.5, \"log\": false}}"}
{"op_code":5,"worker_id":"300f3d29-8d40-422e-bb99-b223f8c29663-139920484229248","trial_id":32,"param_name":"OuterRadius","param_value_internal":17.01138147524637,"distribution":"{\"name\": \"FloatDistribution\", \"attributes\": {\"step\": null, \"low\": 17.0, \"high\": 18.0, \"log\": false}}"}
{"op_code":5,"worker_id":"8f977f9e-ad16-450b-890e-5a75a8e6273a-140542201127040","trial_id":31,"param_name":"BellowHeight","param_value_internal":14.209714531822744,"distribution":"{\"name\": \"FloatDistribution\", \"attributes\": {\"step\": null, \"low\": 10.0, \"high\": 16.0, \"log\": false}}"}
{"op_code":5,"worker_id":"300f3d29-8d40-422e-bb99-b223f8c29663-139920484229248","trial_id":32,"param_name":"JointHeight","param_value_internal":6.590491469169855,"distribution":"{\"name\": \"FloatDistribution\", \"attributes\": {\"step\": null, \"low\": 6.0, \"high\": 7.0, \"log\": false}}"}
{"op_code":5,"worker_id":"8f977f9e-ad16-450b-890e-5a75a8e6273a-140542201127040","trial_id":31,"param_name":"WallThickness","param_value_internal":3.26570653338013,"distribution":"{\"name\": \"FloatDistribution\", \"attributes\": {\"step\": null, \"low\": 2.0, \"high\": 4.0, \"log\": false}}"}
{"op_code":5,"worker_id":"300f3d29-8d40-422e-bb99-b223f8c29663-139920484229248","trial_id":32,"param_name":"CavityCorkThickness","param_value_internal":1.7143270160306665,"distribution":"{\"name\": \"FloatDistribution\", \"attributes\": {\"step\": null, \"low\": 1.5, \"high\": 2.5, \"log\": false}}"}
{"op_code":5,"worker_id":"8f977f9e-ad16-450b-890e-5a75a8e6273a-140542201127040","trial_id":31,"param_name":"PlateauHeight","param_value_internal":4.036411968810782,"distribution":"{\"name\": \"FloatDistribution\", \"attributes\": {\"step\": null, \"low\": 3.6, \"high\": 4.1, \"log\": false}}"}
{"op_code":5,"worker_id":"300f3d29-8d40-422e-bb99-b223f8c29663-139920484229248","trial_id":32,"param_name":"BellowHeight","param_value_internal":12.650403374466705,"distribution":"{\"name\": \"FloatDistribution\", \"attributes\": {\"step\": null, \"low\": 10.0, \"high\": 16.0, \"log\": false}}"}
{"op_code":5,"worker_id":"300f3d29-8d40-422e-bb99-b223f8c29663-139920484229248","trial_id":32,"param_name":"WallThickness","param_value_internal":2.7734378335457626,"distribution":"{\"name\": \"FloatDistribution\", \"attributes\": {\"step\": null, \"low\": 2.0, \"high\": 4.0, \"log\": false}}"}
{"op_code":5,"worker_id":"300f3d29-8d40-422e-bb99-b223f8c29663-139920484229248","trial_id":32,"param_name":"PlateauHeight","param_value_internal":3.7708244887423747,"distribution":"{\"name\": \"FloatDistribution\", \"attributes\": {\"step\": null, \"low\": 3.6, \"high\": 4.1, \"log\": false}}"}
{"op_code":6,"worker_id":"0da0fcf1-9950-445a-a9a6-dc04c3acf373-140065782841472","trial_id":16,"state":1,"values":[-Infinity,-Infinity],"datetime_complete":"2026-06-05T15:36:38.742996"}
{"op_code":4,"worker_id":"0da0fcf1-9950-445a-a9a6-dc04c3acf373-140065782841472","study_id":0,"datetime_start":"2026-06-05T15:36:38.752451"}
{"op_code":9,"worker_id":"0da0fcf1-9950-445a-a9a6-dc04c3acf373-140065782841472","trial_id":33,"system_attr":{"nsga2:generation":0}}
{"op_code":5,"worker_id":"0da0fcf1-9950-445a-a9a6-dc04c3acf373-140065782841472","trial_id":33,"param_name":"JointSlopeAngle","param_value_internal":0.556036615412308,"distribution":"{\"name\": \"FloatDistribution\", \"attributes\": {\"step\": null, \"low\": 0.55, \"high\": 0.65, \"log\": false}}"}
{"op_code":5,"worker_id":"0da0fcf1-9950-445a-a9a6-dc04c3acf373-140065782841472","trial_id":33,"param_name":"OuterRadius","param_value_internal":17.411530131548496,"distribution":"{\"name\": \"FloatDistribution\", \"attributes\": {\"step\": null, \"low\": 17.0, \"high\": 18.0, \"log\": false}}"}
{"op_code":5,"worker_id":"0da0fcf1-9950-445a-a9a6-dc04c3acf373-140065782841472","trial_id":33,"param_name":"JointHeight","param_value_internal":6.884179067180682,"distribution":"{\"name\": \"FloatDistribution\", \"attributes\": {\"step\": null, \"low\": 6.0, \"high\": 7.0, \"log\": false}}"}
{"op_code":5,"worker_id":"0da0fcf1-9950-445a-a9a6-dc04c3acf373-140065782841472","trial_id":33,"param_name":"CavityCorkThickness","param_value_internal":1.8852706936839625,"distribution":"{\"name\": \"FloatDistribution\", \"attributes\": {\"step\": null, \"low\": 1.5, \"high\": 2.5, \"log\": false}}"}
{"op_code":5,"worker_id":"0da0fcf1-9950-445a-a9a6-dc04c3acf373-140065782841472","trial_id":33,"param_name":"BellowHeight","param_value_internal":10.094092726104686,"distribution":"{\"name\": \"FloatDistribution\", \"attributes\": {\"step\": null, \"low\": 10.0, \"high\": 16.0, \"log\": false}}"}
{"op_code":5,"worker_id":"0da0fcf1-9950-445a-a9a6-dc04c3acf373-140065782841472","trial_id":33,"param_name":"WallThickness","param_value_internal":2.892847920351492,"distribution":"{\"name\": \"FloatDistribution\", \"attributes\": {\"step\": null, \"low\": 2.0, \"high\": 4.0, \"log\": false}}"}
{"op_code":5,"worker_id":"0da0fcf1-9950-445a-a9a6-dc04c3acf373-140065782841472","trial_id":33,"param_name":"PlateauHeight","param_value_internal":3.9422994716595596,"distribution":"{\"name\": \"FloatDistribution\", \"attributes\": {\"step\": null, \"low\": 3.6, \"high\": 4.1, \"log\": false}}"}
{"op_code":6,"worker_id":"e752f485-bbea-4d49-af05-5b23d972e824-140297682608256","trial_id":24,"state":1,"values":[-Infinity,-Infinity],"datetime_complete":"2026-06-05T15:36:39.226688"}
{"op_code":4,"worker_id":"e752f485-bbea-4d49-af05-5b23d972e824-140297682608256","study_id":0,"datetime_start":"2026-06-05T15:36:39.235822"}
{"op_code":9,"worker_id":"e752f485-bbea-4d49-af05-5b23d972e824-140297682608256","trial_id":34,"system_attr":{"nsga2:generation":0}}
{"op_code":5,"worker_id":"e752f485-bbea-4d49-af05-5b23d972e824-140297682608256","trial_id":34,"param_name":"JointSlopeAngle","param_value_internal":0.6289880678439997,"distribution":"{\"name\": \"FloatDistribution\", \"attributes\": {\"step\": null, \"low\": 0.55, \"high\": 0.65, \"log\": false}}"}
{"op_code":5,"worker_id":"e752f485-bbea-4d49-af05-5b23d972e824-140297682608256","trial_id":34,"param_name":"OuterRadius","param_value_internal":17.225623736697067,"distribution":"{\"name\": \"FloatDistribution\", \"attributes\": {\"step\": null, \"low\": 17.0, \"high\": 18.0, \"log\": false}}"}
{"op_code":5,"worker_id":"e752f485-bbea-4d49-af05-5b23d972e824-140297682608256","trial_id":34,"param_name":"JointHeight","param_value_internal":6.231277413788663,"distribution":"{\"name\": \"FloatDistribution\", \"attributes\": {\"step\": null, \"low\": 6.0, \"high\": 7.0, \"log\": false}}"}
{"op_code":5,"worker_id":"e752f485-bbea-4d49-af05-5b23d972e824-140297682608256","trial_id":34,"param_name":"CavityCorkThickness","param_value_internal":2.161778267885816,"distribution":"{\"name\": \"FloatDistribution\", \"attributes\": {\"step\": null, \"low\": 1.5, \"high\": 2.5, \"log\": false}}"}
{"op_code":5,"worker_id":"e752f485-bbea-4d49-af05-5b23d972e824-140297682608256","trial_id":34,"param_name":"BellowHeight","param_value_internal":10.435315992013166,"distribution":"{\"name\": \"FloatDistribution\", \"attributes\": {\"step\": null, \"low\": 10.0, \"high\": 16.0, \"log\": false}}"}
{"op_code":5,"worker_id":"e752f485-bbea-4d49-af05-5b23d972e824-140297682608256","trial_id":34,"param_name":"WallThickness","param_value_internal":2.3595392413858987,"distribution":"{\"name\": \"FloatDistribution\", \"attributes\": {\"step\": null, \"low\": 2.0, \"high\": 4.0, \"log\": false}}"}
{"op_code":5,"worker_id":"e752f485-bbea-4d49-af05-5b23d972e824-140297682608256","trial_id":34,"param_name":"PlateauHeight","param_value_internal":4.052871553036805,"distribution":"{\"name\": \"FloatDistribution\", \"attributes\": {\"step\": null, \"low\": 3.6, \"high\": 4.1, \"log\": false}}"}
{"op_code":6,"worker_id":"ef6c19bf-d328-485d-847d-dea12d351541-140630367256704","trial_id":25,"state":1,"values":[-Infinity,-Infinity],"datetime_complete":"2026-06-05T15:36:39.478550"}
{"op_code":4,"worker_id":"ef6c19bf-d328-485d-847d-dea12d351541-140630367256704","study_id":0,"datetime_start":"2026-06-05T15:36:39.488000"}
{"op_code":9,"worker_id":"ef6c19bf-d328-485d-847d-dea12d351541-140630367256704","trial_id":35,"system_attr":{"nsga2:generation":0}}
{"op_code":5,"worker_id":"ef6c19bf-d328-485d-847d-dea12d351541-140630367256704","trial_id":35,"param_name":"JointSlopeAngle","param_value_internal":0.5717405436225126,"distribution":"{\"name\": \"FloatDistribution\", \"attributes\": {\"step\": null, \"low\": 0.55, \"high\": 0.65, \"log\": false}}"}
{"op_code":5,"worker_id":"ef6c19bf-d328-485d-847d-dea12d351541-140630367256704","trial_id":35,"param_name":"OuterRadius","param_value_internal":17.827651306152326,"distribution":"{\"name\": \"FloatDistribution\", \"attributes\": {\"step\": null, \"low\": 17.0, \"high\": 18.0, \"log\": false}}"}
{"op_code":5,"worker_id":"ef6c19bf-d328-485d-847d-dea12d351541-140630367256704","trial_id":35,"param_name":"JointHeight","param_value_internal":6.977039736086027,"distribution":"{\"name\": \"FloatDistribution\", \"attributes\": {\"step\": null, \"low\": 6.0, \"high\": 7.0, \"log\": false}}"}
{"op_code":5,"worker_id":"ef6c19bf-d328-485d-847d-dea12d351541-140630367256704","trial_id":35,"param_name":"CavityCorkThickness","param_value_internal":1.6262606204483032,"distribution":"{\"name\": \"FloatDistribution\", \"attributes\": {\"step\": null, \"low\": 1.5, \"high\": 2.5, \"log\": false}}"}
{"op_code":5,"worker_id":"ef6c19bf-d328-485d-847d-dea12d351541-140630367256704","trial_id":35,"param_name":"BellowHeight","param_value_internal":15.938766182939561,"distribution":"{\"name\": \"FloatDistribution\", \"attributes\": {\"step\": null, \"low\": 10.0, \"high\": 16.0, \"log\": false}}"}
{"op_code":5,"worker_id":"ef6c19bf-d328-485d-847d-dea12d351541-140630367256704","trial_id":35,"param_name":"WallThickness","param_value_internal":3.914867867201126,"distribution":"{\"name\": \"FloatDistribution\", \"attributes\": {\"step\": null, \"low\": 2.0, \"high\": 4.0, \"log\": false}}"}
{"op_code":5,"worker_id":"ef6c19bf-d328-485d-847d-dea12d351541-140630367256704","trial_id":35,"param_name":"PlateauHeight","param_value_internal":3.8100788358721975,"distribution":"{\"name\": \"FloatDistribution\", \"attributes\": {\"step\": null, \"low\": 3.6, \"high\": 4.1, \"log\": false}}"}
{"op_code":6,"worker_id":"c03b9cfb-c3d9-4b57-872c-c9ce393433e1-140456776925312","trial_id":28,"state":1,"values":[-Infinity,-Infinity],"datetime_complete":"2026-06-05T15:36:39.896722"}
{"op_code":4,"worker_id":"c03b9cfb-c3d9-4b57-872c-c9ce393433e1-140456776925312","study_id":0,"datetime_start":"2026-06-05T15:36:39.906548"}
{"op_code":9,"worker_id":"c03b9cfb-c3d9-4b57-872c-c9ce393433e1-140456776925312","trial_id":36,"system_attr":{"nsga2:generation":0}}
{"op_code":5,"worker_id":"c03b9cfb-c3d9-4b57-872c-c9ce393433e1-140456776925312","trial_id":36,"param_name":"JointSlopeAngle","param_value_internal":0.6290975823560216,"distribution":"{\"name\": \"FloatDistribution\", \"attributes\": {\"step\": null, \"low\": 0.55, \"high\": 0.65, \"log\": false}}"}
{"op_code":6,"worker_id":"b0b4ba47-f916-4407-8b27-ca2681ae1cfe-139733011476608","trial_id":26,"state":1,"values":[-Infinity,-Infinity],"datetime_complete":"2026-06-05T15:36:39.923044"}
{"op_code":5,"worker_id":"c03b9cfb-c3d9-4b57-872c-c9ce393433e1-140456776925312","trial_id":36,"param_name":"OuterRadius","param_value_internal":17.306506641415083,"distribution":"{\"name\": \"FloatDistribution\", \"attributes\": {\"step\": null, \"low\": 17.0, \"high\": 18.0, \"log\": false}}"}
{"op_code":5,"worker_id":"c03b9cfb-c3d9-4b57-872c-c9ce393433e1-140456776925312","trial_id":36,"param_name":"JointHeight","param_value_internal":6.129643535018453,"distribution":"{\"name\": \"FloatDistribution\", \"attributes\": {\"step\": null, \"low\": 6.0, \"high\": 7.0, \"log\": false}}"}
{"op_code":4,"worker_id":"b0b4ba47-f916-4407-8b27-ca2681ae1cfe-139733011476608","study_id":0,"datetime_start":"2026-06-05T15:36:39.934045"}
{"op_code":5,"worker_id":"c03b9cfb-c3d9-4b57-872c-c9ce393433e1-140456776925312","trial_id":36,"param_name":"CavityCorkThickness","param_value_internal":1.717037746715158,"distribution":"{\"name\": \"FloatDistribution\", \"attributes\": {\"step\": null, \"low\": 1.5, \"high\": 2.5, \"log\": false}}"}
{"op_code":9,"worker_id":"b0b4ba47-f916-4407-8b27-ca2681ae1cfe-139733011476608","trial_id":37,"system_attr":{"nsga2:generation":0}}
{"op_code":5,"worker_id":"c03b9cfb-c3d9-4b57-872c-c9ce393433e1-140456776925312","trial_id":36,"param_name":"BellowHeight","param_value_internal":11.821155054430296,"distribution":"{\"name\": \"FloatDistribution\", \"attributes\": {\"step\": null, \"low\": 10.0, \"high\": 16.0, \"log\": false}}"}
{"op_code":5,"worker_id":"b0b4ba47-f916-4407-8b27-ca2681ae1cfe-139733011476608","trial_id":37,"param_name":"JointSlopeAngle","param_value_internal":0.6220488638961076,"distribution":"{\"name\": \"FloatDistribution\", \"attributes\": {\"step\": null, \"low\": 0.55, \"high\": 0.65, \"log\": false}}"}
{"op_code":5,"worker_id":"c03b9cfb-c3d9-4b57-872c-c9ce393433e1-140456776925312","trial_id":36,"param_name":"WallThickness","param_value_internal":2.3591503259373363,"distribution":"{\"name\": \"FloatDistribution\", \"attributes\": {\"step\": null, \"low\": 2.0, \"high\": 4.0, \"log\": false}}"}
{"op_code":5,"worker_id":"b0b4ba47-f916-4407-8b27-ca2681ae1cfe-139733011476608","trial_id":37,"param_name":"OuterRadius","param_value_internal":17.343888538041803,"distribution":"{\"name\": \"FloatDistribution\", \"attributes\": {\"step\": null, \"low\": 17.0, \"high\": 18.0, \"log\": false}}"}
{"op_code":5,"worker_id":"c03b9cfb-c3d9-4b57-872c-c9ce393433e1-140456776925312","trial_id":36,"param_name":"PlateauHeight","param_value_internal":4.020764473990387,"distribution":"{\"name\": \"FloatDistribution\", \"attributes\": {\"step\": null, \"low\": 3.6, \"high\": 4.1, \"log\": false}}"}
{"op_code":5,"worker_id":"b0b4ba47-f916-4407-8b27-ca2681ae1cfe-139733011476608","trial_id":37,"param_name":"JointHeight","param_value_internal":6.39310868949285,"distribution":"{\"name\": \"FloatDistribution\", \"attributes\": {\"step\": null, \"low\": 6.0, \"high\": 7.0, \"log\": false}}"}
{"op_code":5,"worker_id":"b0b4ba47-f916-4407-8b27-ca2681ae1cfe-139733011476608","trial_id":37,"param_name":"CavityCorkThickness","param_value_internal":1.8867042137643213,"distribution":"{\"name\": \"FloatDistribution\", \"attributes\": {\"step\": null, \"low\": 1.5, \"high\": 2.5, \"log\": false}}"}
{"op_code":5,"worker_id":"b0b4ba47-f916-4407-8b27-ca2681ae1cfe-139733011476608","trial_id":37,"param_name":"BellowHeight","param_value_internal":10.043462854231802,"distribution":"{\"name\": \"FloatDistribution\", \"attributes\": {\"step\": null, \"low\": 10.0, \"high\": 16.0, \"log\": false}}"}
{"op_code":5,"worker_id":"b0b4ba47-f916-4407-8b27-ca2681ae1cfe-139733011476608","trial_id":37,"param_name":"WallThickness","param_value_internal":3.041263586805978,"distribution":"{\"name\": \"FloatDistribution\", \"attributes\": {\"step\": null, \"low\": 2.0, \"high\": 4.0, \"log\": false}}"}
{"op_code":5,"worker_id":"b0b4ba47-f916-4407-8b27-ca2681ae1cfe-139733011476608","trial_id":37,"param_name":"PlateauHeight","param_value_internal":3.7106218807519453,"distribution":"{\"name\": \"FloatDistribution\", \"attributes\": {\"step\": null, \"low\": 3.6, \"high\": 4.1, \"log\": false}}"}
{"op_code":6,"worker_id":"97f51db3-9fe9-492e-8038-1176c2ed7377-139679613698176","trial_id":27,"state":1,"values":[-Infinity,-Infinity],"datetime_complete":"2026-06-05T15:36:40.028841"}
{"op_code":4,"worker_id":"97f51db3-9fe9-492e-8038-1176c2ed7377-139679613698176","study_id":0,"datetime_start":"2026-06-05T15:36:40.038162"}
{"op_code":9,"worker_id":"97f51db3-9fe9-492e-8038-1176c2ed7377-139679613698176","trial_id":38,"system_attr":{"nsga2:generation":0}}
{"op_code":5,"worker_id":"97f51db3-9fe9-492e-8038-1176c2ed7377-139679613698176","trial_id":38,"param_name":"JointSlopeAngle","param_value_internal":0.6302934802295899,"distribution":"{\"name\": \"FloatDistribution\", \"attributes\": {\"step\": null, \"low\": 0.55, \"high\": 0.65, \"log\": false}}"}
{"op_code":5,"worker_id":"97f51db3-9fe9-492e-8038-1176c2ed7377-139679613698176","trial_id":38,"param_name":"OuterRadius","param_value_internal":17.853742638633467,"distribution":"{\"name\": \"FloatDistribution\", \"attributes\": {\"step\": null, \"low\": 17.0, \"high\": 18.0, \"log\": false}}"}
{"op_code":5,"worker_id":"97f51db3-9fe9-492e-8038-1176c2ed7377-139679613698176","trial_id":38,"param_name":"JointHeight","param_value_internal":6.720113052188762,"distribution":"{\"name\": \"FloatDistribution\", \"attributes\": {\"step\": null, \"low\": 6.0, \"high\": 7.0, \"log\": false}}"}
{"op_code":5,"worker_id":"97f51db3-9fe9-492e-8038-1176c2ed7377-139679613698176","trial_id":38,"param_name":"CavityCorkThickness","param_value_internal":1.8657424550937107,"distribution":"{\"name\": \"FloatDistribution\", \"attributes\": {\"step\": null, \"low\": 1.5, \"high\": 2.5, \"log\": false}}"}
{"op_code":5,"worker_id":"97f51db3-9fe9-492e-8038-1176c2ed7377-139679613698176","trial_id":38,"param_name":"BellowHeight","param_value_internal":12.544143141569112,"distribution":"{\"name\": \"FloatDistribution\", \"attributes\": {\"step\": null, \"low\": 10.0, \"high\": 16.0, \"log\": false}}"}
{"op_code":5,"worker_id":"97f51db3-9fe9-492e-8038-1176c2ed7377-139679613698176","trial_id":38,"param_name":"WallThickness","param_value_internal":2.489783388111727,"distribution":"{\"name\": \"FloatDistribution\", \"attributes\": {\"step\": null, \"low\": 2.0, \"high\": 4.0, \"log\": false}}"}
{"op_code":5,"worker_id":"97f51db3-9fe9-492e-8038-1176c2ed7377-139679613698176","trial_id":38,"param_name":"PlateauHeight","param_value_internal":3.664710784571344,"distribution":"{\"name\": \"FloatDistribution\", \"attributes\": {\"step\": null, \"low\": 3.6, \"high\": 4.1, \"log\": false}}"}
{"op_code":6,"worker_id":"e6f5af89-fc1a-49ca-b1fa-d486f6b613ec-140236679188608","trial_id":29,"state":1,"values":[-Infinity,-Infinity],"datetime_complete":"2026-06-05T15:36:40.100010"}
{"op_code":4,"worker_id":"e6f5af89-fc1a-49ca-b1fa-d486f6b613ec-140236679188608","study_id":0,"datetime_start":"2026-06-05T15:36:40.109473"}
{"op_code":9,"worker_id":"e6f5af89-fc1a-49ca-b1fa-d486f6b613ec-140236679188608","trial_id":39,"system_attr":{"nsga2:generation":0}}
{"op_code":5,"worker_id":"e6f5af89-fc1a-49ca-b1fa-d486f6b613ec-140236679188608","trial_id":39,"param_name":"JointSlopeAngle","param_value_internal":0.5931836766054226,"distribution":"{\"name\": \"FloatDistribution\", \"attributes\": {\"step\": null, \"low\": 0.55, \"high\": 0.65, \"log\": false}}"}
{"op_code":5,"worker_id":"e6f5af89-fc1a-49ca-b1fa-d486f6b613ec-140236679188608","trial_id":39,"param_name":"OuterRadius","param_value_internal":17.55095073020049,"distribution":"{\"name\": \"FloatDistribution\", \"attributes\": {\"step\": null, \"low\": 17.0, \"high\": 18.0, \"log\": false}}"}
{"op_code":6,"worker_id":"8f977f9e-ad16-450b-890e-5a75a8e6273a-140542201127040","trial_id":31,"state":1,"values":[-Infinity,-Infinity],"datetime_complete":"2026-06-05T15:36:40.131568"}
{"op_code":6,"worker_id":"bf1502cd-f71b-412d-8360-824076a57350-140608521244800","trial_id":30,"state":1,"values":[-Infinity,-Infinity],"datetime_complete":"2026-06-05T15:36:40.130438"}
{"op_code":5,"worker_id":"e6f5af89-fc1a-49ca-b1fa-d486f6b613ec-140236679188608","trial_id":39,"param_name":"JointHeight","param_value_internal":6.025092155883103,"distribution":"{\"name\": \"FloatDistribution\", \"attributes\": {\"step\": null, \"low\": 6.0, \"high\": 7.0, \"log\": false}}"}
{"op_code":4,"worker_id":"8f977f9e-ad16-450b-890e-5a75a8e6273a-140542201127040","study_id":0,"datetime_start":"2026-06-05T15:36:40.142094"}
{"op_code":4,"worker_id":"bf1502cd-f71b-412d-8360-824076a57350-140608521244800","study_id":0,"datetime_start":"2026-06-05T15:36:40.148893"}
{"op_code":5,"worker_id":"e6f5af89-fc1a-49ca-b1fa-d486f6b613ec-140236679188608","trial_id":39,"param_name":"CavityCorkThickness","param_value_internal":1.9799726736883212,"distribution":"{\"name\": \"FloatDistribution\", \"attributes\": {\"step\": null, \"low\": 1.5, \"high\": 2.5, \"log\": false}}"}
{"op_code":9,"worker_id":"8f977f9e-ad16-450b-890e-5a75a8e6273a-140542201127040","trial_id":40,"system_attr":{"nsga2:generation":0}}
{"op_code":9,"worker_id":"bf1502cd-f71b-412d-8360-824076a57350-140608521244800","trial_id":41,"system_attr":{"nsga2:generation":0}}
{"op_code":5,"worker_id":"8f977f9e-ad16-450b-890e-5a75a8e6273a-140542201127040","trial_id":40,"param_name":"JointSlopeAngle","param_value_internal":0.6393963902987718,"distribution":"{\"name\": \"FloatDistribution\", \"attributes\": {\"step\": null, \"low\": 0.55, \"high\": 0.65, \"log\": false}}"}
{"op_code":5,"worker_id":"bf1502cd-f71b-412d-8360-824076a57350-140608521244800","trial_id":41,"param_name":"JointSlopeAngle","param_value_internal":0.648466638401166,"distribution":"{\"name\": \"FloatDistribution\", \"attributes\": {\"step\": null, \"low\": 0.55, \"high\": 0.65, \"log\": false}}"}
{"op_code":5,"worker_id":"8f977f9e-ad16-450b-890e-5a75a8e6273a-140542201127040","trial_id":40,"param_name":"OuterRadius","param_value_internal":17.621866776228075,"distribution":"{\"name\": \"FloatDistribution\", \"attributes\": {\"step\": null, \"low\": 17.0, \"high\": 18.0, \"log\": false}}"}
{"op_code":5,"worker_id":"bf1502cd-f71b-412d-8360-824076a57350-140608521244800","trial_id":41,"param_name":"OuterRadius","param_value_internal":17.26155691111122,"distribution":"{\"name\": \"FloatDistribution\", \"attributes\": {\"step\": null, \"low\": 17.0, \"high\": 18.0, \"log\": false}}"}
{"op_code":5,"worker_id":"8f977f9e-ad16-450b-890e-5a75a8e6273a-140542201127040","trial_id":40,"param_name":"JointHeight","param_value_internal":6.489810882030844,"distribution":"{\"name\": \"FloatDistribution\", \"attributes\": {\"step\": null, \"low\": 6.0, \"high\": 7.0, \"log\": false}}"}
{"op_code":5,"worker_id":"bf1502cd-f71b-412d-8360-824076a57350-140608521244800","trial_id":41,"param_name":"JointHeight","param_value_internal":6.095996552957566,"distribution":"{\"name\": \"FloatDistribution\", \"attributes\": {\"step\": null, \"low\": 6.0, \"high\": 7.0, \"log\": false}}"}
{"op_code":5,"worker_id":"8f977f9e-ad16-450b-890e-5a75a8e6273a-140542201127040","trial_id":40,"param_name":"CavityCorkThickness","param_value_internal":2.101305436378232,"distribution":"{\"name\": \"FloatDistribution\", \"attributes\": {\"step\": null, \"low\": 1.5, \"high\": 2.5, \"log\": false}}"}
{"op_code":5,"worker_id":"bf1502cd-f71b-412d-8360-824076a57350-140608521244800","trial_id":41,"param_name":"CavityCorkThickness","param_value_internal":2.48954856463431,"distribution":"{\"name\": \"FloatDistribution\", \"attributes\": {\"step\": null, \"low\": 1.5, \"high\": 2.5, \"log\": false}}"}
{"op_code":5,"worker_id":"8f977f9e-ad16-450b-890e-5a75a8e6273a-140542201127040","trial_id":40,"param_name":"BellowHeight","param_value_internal":10.070965969783071,"distribution":"{\"name\": \"FloatDistribution\", \"attributes\": {\"step\": null, \"low\": 10.0, \"high\": 16.0, \"log\": false}}"}
{"op_code":5,"worker_id":"bf1502cd-f71b-412d-8360-824076a57350-140608521244800","trial_id":41,"param_name":"BellowHeight","param_value_internal":15.066191830638445,"distribution":"{\"name\": \"FloatDistribution\", \"attributes\": {\"step\": null, \"low\": 10.0, \"high\": 16.0, \"log\": false}}"}
{"op_code":5,"worker_id":"8f977f9e-ad16-450b-890e-5a75a8e6273a-140542201127040","trial_id":40,"param_name":"WallThickness","param_value_internal":3.201166543492694,"distribution":"{\"name\": \"FloatDistribution\", \"attributes\": {\"step\": null, \"low\": 2.0, \"high\": 4.0, \"log\": false}}"}
{"op_code":5,"worker_id":"bf1502cd-f71b-412d-8360-824076a57350-140608521244800","trial_id":41,"param_name":"WallThickness","param_value_internal":2.368890325074916,"distribution":"{\"name\": \"FloatDistribution\", \"attributes\": {\"step\": null, \"low\": 2.0, \"high\": 4.0, \"log\": false}}"}
{"op_code":5,"worker_id":"8f977f9e-ad16-450b-890e-5a75a8e6273a-140542201127040","trial_id":40,"param_name":"PlateauHeight","param_value_internal":3.9440036314317553,"distribution":"{\"name\": \"FloatDistribution\", \"attributes\": {\"step\": null, \"low\": 3.6, \"high\": 4.1, \"log\": false}}"}
{"op_code":5,"worker_id":"bf1502cd-f71b-412d-8360-824076a57350-140608521244800","trial_id":41,"param_name":"PlateauHeight","param_value_internal":4.091673935169234,"distribution":"{\"name\": \"FloatDistribution\", \"attributes\": {\"step\": null, \"low\": 3.6, \"high\": 4.1, \"log\": false}}"}
{"op_code":6,"worker_id":"300f3d29-8d40-422e-bb99-b223f8c29663-139920484229248","trial_id":32,"state":1,"values":[-Infinity,-Infinity],"datetime_complete":"2026-06-05T15:36:40.263880"}
{"op_code":4,"worker_id":"300f3d29-8d40-422e-bb99-b223f8c29663-139920484229248","study_id":0,"datetime_start":"2026-06-05T15:36:40.275892"}
{"op_code":9,"worker_id":"300f3d29-8d40-422e-bb99-b223f8c29663-139920484229248","trial_id":42,"system_attr":{"nsga2:generation":0}}
{"op_code":5,"worker_id":"300f3d29-8d40-422e-bb99-b223f8c29663-139920484229248","trial_id":42,"param_name":"JointSlopeAngle","param_value_internal":0.594841663603691,"distribution":"{\"name\": \"FloatDistribution\", \"attributes\": {\"step\": null, \"low\": 0.55, \"high\": 0.65, \"log\": false}}"}
{"op_code":5,"worker_id":"e6f5af89-fc1a-49ca-b1fa-d486f6b613ec-140236679188608","trial_id":39,"param_name":"BellowHeight","param_value_internal":14.974367761207706,"distribution":"{\"name\": \"FloatDistribution\", \"attributes\": {\"step\": null, \"low\": 10.0, \"high\": 16.0, \"log\": false}}"}
{"op_code":5,"worker_id":"300f3d29-8d40-422e-bb99-b223f8c29663-139920484229248","trial_id":42,"param_name":"OuterRadius","param_value_internal":17.046649518857777,"distribution":"{\"name\": \"FloatDistribution\", \"attributes\": {\"step\": null, \"low\": 17.0, \"high\": 18.0, \"log\": false}}"}
{"op_code":5,"worker_id":"e6f5af89-fc1a-49ca-b1fa-d486f6b613ec-140236679188608","trial_id":39,"param_name":"WallThickness","param_value_internal":3.3046159777875355,"distribution":"{\"name\": \"FloatDistribution\", \"attributes\": {\"step\": null, \"low\": 2.0, \"high\": 4.0, \"log\": false}}"}
{"op_code":5,"worker_id":"300f3d29-8d40-422e-bb99-b223f8c29663-139920484229248","trial_id":42,"param_name":"JointHeight","param_value_internal":6.749960371555154,"distribution":"{\"name\": \"FloatDistribution\", \"attributes\": {\"step\": null, \"low\": 6.0, \"high\": 7.0, \"log\": false}}"}
{"op_code":5,"worker_id":"e6f5af89-fc1a-49ca-b1fa-d486f6b613ec-140236679188608","trial_id":39,"param_name":"PlateauHeight","param_value_internal":3.7533068195517885,"distribution":"{\"name\": \"FloatDistribution\", \"attributes\": {\"step\": null, \"low\": 3.6, \"high\": 4.1, \"log\": false}}"}
{"op_code":5,"worker_id":"300f3d29-8d40-422e-bb99-b223f8c29663-139920484229248","trial_id":42,"param_name":"CavityCorkThickness","param_value_internal":2.1338858083128107,"distribution":"{\"name\": \"FloatDistribution\", \"attributes\": {\"step\": null, \"low\": 1.5, \"high\": 2.5, \"log\": false}}"}
{"op_code":5,"worker_id":"300f3d29-8d40-422e-bb99-b223f8c29663-139920484229248","trial_id":42,"param_name":"BellowHeight","param_value_internal":10.228197797291259,"distribution":"{\"name\": \"FloatDistribution\", \"attributes\": {\"step\": null, \"low\": 10.0, \"high\": 16.0, \"log\": false}}"}
{"op_code":5,"worker_id":"300f3d29-8d40-422e-bb99-b223f8c29663-139920484229248","trial_id":42,"param_name":"WallThickness","param_value_internal":3.405506301808935,"distribution":"{\"name\": \"FloatDistribution\", \"attributes\": {\"step\": null, \"low\": 2.0, \"high\": 4.0, \"log\": false}}"}
{"op_code":5,"worker_id":"300f3d29-8d40-422e-bb99-b223f8c29663-139920484229248","trial_id":42,"param_name":"PlateauHeight","param_value_internal":3.682362603417395,"distribution":"{\"name\": \"FloatDistribution\", \"attributes\": {\"step\": null, \"low\": 3.6, \"high\": 4.1, \"log\": false}}"}
{"op_code":6,"worker_id":"0da0fcf1-9950-445a-a9a6-dc04c3acf373-140065782841472","trial_id":33,"state":1,"values":[-Infinity,-Infinity],"datetime_complete":"2026-06-05T15:36:40.472128"}
{"op_code":4,"worker_id":"0da0fcf1-9950-445a-a9a6-dc04c3acf373-140065782841472","study_id":0,"datetime_start":"2026-06-05T15:36:40.482242"}
{"op_code":9,"worker_id":"0da0fcf1-9950-445a-a9a6-dc04c3acf373-140065782841472","trial_id":43,"system_attr":{"nsga2:generation":0}}
{"op_code":5,"worker_id":"0da0fcf1-9950-445a-a9a6-dc04c3acf373-140065782841472","trial_id":43,"param_name":"JointSlopeAngle","param_value_internal":0.5833096180377402,"distribution":"{\"name\": \"FloatDistribution\", \"attributes\": {\"step\": null, \"low\": 0.55, \"high\": 0.65, \"log\": false}}"}
{"op_code":5,"worker_id":"0da0fcf1-9950-445a-a9a6-dc04c3acf373-140065782841472","trial_id":43,"param_name":"OuterRadius","param_value_internal":17.443756812826766,"distribution":"{\"name\": \"FloatDistribution\", \"attributes\": {\"step\": null, \"low\": 17.0, \"high\": 18.0, \"log\": false}}"}
{"op_code":5,"worker_id":"0da0fcf1-9950-445a-a9a6-dc04c3acf373-140065782841472","trial_id":43,"param_name":"JointHeight","param_value_internal":6.339711817590807,"distribution":"{\"name\": \"FloatDistribution\", \"attributes\": {\"step\": null, \"low\": 6.0, \"high\": 7.0, \"log\": false}}"}
{"op_code":5,"worker_id":"0da0fcf1-9950-445a-a9a6-dc04c3acf373-140065782841472","trial_id":43,"param_name":"CavityCorkThickness","param_value_internal":1.5787078025138246,"distribution":"{\"name\": \"FloatDistribution\", \"attributes\": {\"step\": null, \"low\": 1.5, \"high\": 2.5, \"log\": false}}"}
{"op_code":5,"worker_id":"0da0fcf1-9950-445a-a9a6-dc04c3acf373-140065782841472","trial_id":43,"param_name":"BellowHeight","param_value_internal":12.734817764111419,"distribution":"{\"name\": \"FloatDistribution\", \"attributes\": {\"step\": null, \"low\": 10.0, \"high\": 16.0, \"log\": false}}"}
{"op_code":5,"worker_id":"0da0fcf1-9950-445a-a9a6-dc04c3acf373-140065782841472","trial_id":43,"param_name":"WallThickness","param_value_internal":3.4116394004702766,"distribution":"{\"name\": \"FloatDistribution\", \"attributes\": {\"step\": null, \"low\": 2.0, \"high\": 4.0, \"log\": false}}"}
{"op_code":5,"worker_id":"0da0fcf1-9950-445a-a9a6-dc04c3acf373-140065782841472","trial_id":43,"param_name":"PlateauHeight","param_value_internal":3.6092671358593718,"distribution":"{\"name\": \"FloatDistribution\", \"attributes\": {\"step\": null, \"low\": 3.6, \"high\": 4.1, \"log\": false}}"}
{"op_code":6,"worker_id":"e752f485-bbea-4d49-af05-5b23d972e824-140297682608256","trial_id":34,"state":1,"values":[-Infinity,-Infinity],"datetime_complete":"2026-06-05T15:36:40.550942"}
{"op_code":4,"worker_id":"e752f485-bbea-4d49-af05-5b23d972e824-140297682608256","study_id":0,"datetime_start":"2026-06-05T15:36:40.560016"}
{"op_code":9,"worker_id":"e752f485-bbea-4d49-af05-5b23d972e824-140297682608256","trial_id":44,"system_attr":{"nsga2:generation":0}}
{"op_code":5,"worker_id":"e752f485-bbea-4d49-af05-5b23d972e824-140297682608256","trial_id":44,"param_name":"JointSlopeAngle","param_value_internal":0.5628891745718163,"distribution":"{\"name\": \"FloatDistribution\", \"attributes\": {\"step\": null, \"low\": 0.55, \"high\": 0.65, \"log\": false}}"}
{"op_code":5,"worker_id":"e752f485-bbea-4d49-af05-5b23d972e824-140297682608256","trial_id":44,"param_name":"OuterRadius","param_value_internal":17.007305212336878,"distribution":"{\"name\": \"FloatDistribution\", \"attributes\": {\"step\": null, \"low\": 17.0, \"high\": 18.0, \"log\": false}}"}
{"op_code":5,"worker_id":"e752f485-bbea-4d49-af05-5b23d972e824-140297682608256","trial_id":44,"param_name":"JointHeight","param_value_internal":6.10203168899312,"distribution":"{\"name\": \"FloatDistribution\", \"attributes\": {\"step\": null, \"low\": 6.0, \"high\": 7.0, \"log\": false}}"}
{"op_code":5,"worker_id":"e752f485-bbea-4d49-af05-5b23d972e824-140297682608256","trial_id":44,"param_name":"CavityCorkThickness","param_value_internal":2.0763602111204817,"distribution":"{\"name\": \"FloatDistribution\", \"attributes\": {\"step\": null, \"low\": 1.5, \"high\": 2.5, \"log\": false}}"}
{"op_code":5,"worker_id":"e752f485-bbea-4d49-af05-5b23d972e824-140297682608256","trial_id":44,"param_name":"BellowHeight","param_value_internal":14.230860415111145,"distribution":"{\"name\": \"FloatDistribution\", \"attributes\": {\"step\": null, \"low\": 10.0, \"high\": 16.0, \"log\": false}}"}
{"op_code":5,"worker_id":"e752f485-bbea-4d49-af05-5b23d972e824-140297682608256","trial_id":44,"param_name":"WallThickness","param_value_internal":3.356776965193604,"distribution":"{\"name\": \"FloatDistribution\", \"attributes\": {\"step\": null, \"low\": 2.0, \"high\": 4.0, \"log\": false}}"}
{"op_code":5,"worker_id":"e752f485-bbea-4d49-af05-5b23d972e824-140297682608256","trial_id":44,"param_name":"PlateauHeight","param_value_internal":4.0827152168181104,"distribution":"{\"name\": \"FloatDistribution\", \"attributes\": {\"step\": null, \"low\": 3.6, \"high\": 4.1, \"log\": false}}"}
{"op_code":6,"worker_id":"ef6c19bf-d328-485d-847d-dea12d351541-140630367256704","trial_id":35,"state":1,"values":[-Infinity,-Infinity],"datetime_complete":"2026-06-05T15:36:40.841323"}
{"op_code":4,"worker_id":"ef6c19bf-d328-485d-847d-dea12d351541-140630367256704","study_id":0,"datetime_start":"2026-06-05T15:36:40.852261"}
{"op_code":9,"worker_id":"ef6c19bf-d328-485d-847d-dea12d351541-140630367256704","trial_id":45,"system_attr":{"nsga2:generation":0}}
{"op_code":5,"worker_id":"ef6c19bf-d328-485d-847d-dea12d351541-140630367256704","trial_id":45,"param_name":"JointSlopeAngle","param_value_internal":0.584652050357441,"distribution":"{\"name\": \"FloatDistribution\", \"attributes\": {\"step\": null, \"low\": 0.55, \"high\": 0.65, \"log\": false}}"}
{"op_code":5,"worker_id":"ef6c19bf-d328-485d-847d-dea12d351541-140630367256704","trial_id":45,"param_name":"OuterRadius","param_value_internal":17.98605212111592,"distribution":"{\"name\": \"FloatDistribution\", \"attributes\": {\"step\": null, \"low\": 17.0, \"high\": 18.0, \"log\": false}}"}
{"op_code":5,"worker_id":"ef6c19bf-d328-485d-847d-dea12d351541-140630367256704","trial_id":45,"param_name":"JointHeight","param_value_internal":6.7546278347042055,"distribution":"{\"name\": \"FloatDistribution\", \"attributes\": {\"step\": null, \"low\": 6.0, \"high\": 7.0, \"log\": false}}"}
{"op_code":5,"worker_id":"ef6c19bf-d328-485d-847d-dea12d351541-140630367256704","trial_id":45,"param_name":"CavityCorkThickness","param_value_internal":1.9487511917580629,"distribution":"{\"name\": \"FloatDistribution\", \"attributes\": {\"step\": null, \"low\": 1.5, \"high\": 2.5, \"log\": false}}"}
{"op_code":5,"worker_id":"ef6c19bf-d328-485d-847d-dea12d351541-140630367256704","trial_id":45,"param_name":"BellowHeight","param_value_internal":11.10306063282446,"distribution":"{\"name\": \"FloatDistribution\", \"attributes\": {\"step\": null, \"low\": 10.0, \"high\": 16.0, \"log\": false}}"}
{"op_code":5,"worker_id":"ef6c19bf-d328-485d-847d-dea12d351541-140630367256704","trial_id":45,"param_name":"WallThickness","param_value_internal":3.499208243470357,"distribution":"{\"name\": \"FloatDistribution\", \"attributes\": {\"step\": null, \"low\": 2.0, \"high\": 4.0, \"log\": false}}"}
{"op_code":5,"worker_id":"ef6c19bf-d328-485d-847d-dea12d351541-140630367256704","trial_id":45,"param_name":"PlateauHeight","param_value_internal":3.8450924155224278,"distribution":"{\"name\": \"FloatDistribution\", \"attributes\": {\"step\": null, \"low\": 3.6, \"high\": 4.1, \"log\": false}}"}
{"op_code":6,"worker_id":"c03b9cfb-c3d9-4b57-872c-c9ce393433e1-140456776925312","trial_id":36,"state":1,"values":[-Infinity,-Infinity],"datetime_complete":"2026-06-05T15:36:41.648831"}
{"op_code":4,"worker_id":"c03b9cfb-c3d9-4b57-872c-c9ce393433e1-140456776925312","study_id":0,"datetime_start":"2026-06-05T15:36:41.658060"}
{"op_code":6,"worker_id":"b0b4ba47-f916-4407-8b27-ca2681ae1cfe-139733011476608","trial_id":37,"state":1,"values":[-Infinity,-Infinity],"datetime_complete":"2026-06-05T15:36:41.660740"}
{"op_code":9,"worker_id":"c03b9cfb-c3d9-4b57-872c-c9ce393433e1-140456776925312","trial_id":46,"system_attr":{"nsga2:generation":0}}
{"op_code":4,"worker_id":"b0b4ba47-f916-4407-8b27-ca2681ae1cfe-139733011476608","study_id":0,"datetime_start":"2026-06-05T15:36:41.671824"}
{"op_code":5,"worker_id":"c03b9cfb-c3d9-4b57-872c-c9ce393433e1-140456776925312","trial_id":46,"param_name":"JointSlopeAngle","param_value_internal":0.5769073192969939,"distribution":"{\"name\": \"FloatDistribution\", \"attributes\": {\"step\": null, \"low\": 0.55, \"high\": 0.65, \"log\": false}}"}
{"op_code":9,"worker_id":"b0b4ba47-f916-4407-8b27-ca2681ae1cfe-139733011476608","trial_id":47,"system_attr":{"nsga2:generation":0}}
{"op_code":5,"worker_id":"c03b9cfb-c3d9-4b57-872c-c9ce393433e1-140456776925312","trial_id":46,"param_name":"OuterRadius","param_value_internal":17.157949591176642,"distribution":"{\"name\": \"FloatDistribution\", \"attributes\": {\"step\": null, \"low\": 17.0, \"high\": 18.0, \"log\": false}}"}
{"op_code":5,"worker_id":"b0b4ba47-f916-4407-8b27-ca2681ae1cfe-139733011476608","trial_id":47,"param_name":"JointSlopeAngle","param_value_internal":0.601189065285635,"distribution":"{\"name\": \"FloatDistribution\", \"attributes\": {\"step\": null, \"low\": 0.55, \"high\": 0.65, \"log\": false}}"}
{"op_code":5,"worker_id":"c03b9cfb-c3d9-4b57-872c-c9ce393433e1-140456776925312","trial_id":46,"param_name":"JointHeight","param_value_internal":6.0905271015896485,"distribution":"{\"name\": \"FloatDistribution\", \"attributes\": {\"step\": null, \"low\": 6.0, \"high\": 7.0, \"log\": false}}"}
{"op_code":5,"worker_id":"b0b4ba47-f916-4407-8b27-ca2681ae1cfe-139733011476608","trial_id":47,"param_name":"OuterRadius","param_value_internal":17.910739900257763,"distribution":"{\"name\": \"FloatDistribution\", \"attributes\": {\"step\": null, \"low\": 17.0, \"high\": 18.0, \"log\": false}}"}
{"op_code":5,"worker_id":"c03b9cfb-c3d9-4b57-872c-c9ce393433e1-140456776925312","trial_id":46,"param_name":"CavityCorkThickness","param_value_internal":2.406287382062401,"distribution":"{\"name\": \"FloatDistribution\", \"attributes\": {\"step\": null, \"low\": 1.5, \"high\": 2.5, \"log\": false}}"}
{"op_code":5,"worker_id":"b0b4ba47-f916-4407-8b27-ca2681ae1cfe-139733011476608","trial_id":47,"param_name":"JointHeight","param_value_internal":6.192116324193643,"distribution":"{\"name\": \"FloatDistribution\", \"attributes\": {\"step\": null, \"low\": 6.0, \"high\": 7.0, \"log\": false}}"}
{"op_code":5,"worker_id":"c03b9cfb-c3d9-4b57-872c-c9ce393433e1-140456776925312","trial_id":46,"param_name":"BellowHeight","param_value_internal":13.552014574041937,"distribution":"{\"name\": \"FloatDistribution\", \"attributes\": {\"step\": null, \"low\": 10.0, \"high\": 16.0, \"log\": false}}"}
{"op_code":5,"worker_id":"b0b4ba47-f916-4407-8b27-ca2681ae1cfe-139733011476608","trial_id":47,"param_name":"CavityCorkThickness","param_value_internal":1.8979891386132994,"distribution":"{\"name\": \"FloatDistribution\", \"attributes\": {\"step\": null, \"low\": 1.5, \"high\": 2.5, \"log\": false}}"}
{"op_code":5,"worker_id":"c03b9cfb-c3d9-4b57-872c-c9ce393433e1-140456776925312","trial_id":46,"param_name":"WallThickness","param_value_internal":2.9442898390904944,"distribution":"{\"name\": \"FloatDistribution\", \"attributes\": {\"step\": null, \"low\": 2.0, \"high\": 4.0, \"log\": false}}"}
{"op_code":5,"worker_id":"b0b4ba47-f916-4407-8b27-ca2681ae1cfe-139733011476608","trial_id":47,"param_name":"BellowHeight","param_value_internal":12.296804427048613,"distribution":"{\"name\": \"FloatDistribution\", \"attributes\": {\"step\": null, \"low\": 10.0, \"high\": 16.0, \"log\": false}}"}
{"op_code":5,"worker_id":"c03b9cfb-c3d9-4b57-872c-c9ce393433e1-140456776925312","trial_id":46,"param_name":"PlateauHeight","param_value_internal":3.7494431815820084,"distribution":"{\"name\": \"FloatDistribution\", \"attributes\": {\"step\": null, \"low\": 3.6, \"high\": 4.1, \"log\": false}}"}
{"op_code":5,"worker_id":"b0b4ba47-f916-4407-8b27-ca2681ae1cfe-139733011476608","trial_id":47,"param_name":"WallThickness","param_value_internal":3.339755235247324,"distribution":"{\"name\": \"FloatDistribution\", \"attributes\": {\"step\": null, \"low\": 2.0, \"high\": 4.0, \"log\": false}}"}
{"op_code":5,"worker_id":"b0b4ba47-f916-4407-8b27-ca2681ae1cfe-139733011476608","trial_id":47,"param_name":"PlateauHeight","param_value_internal":3.6045844251785804,"distribution":"{\"name\": \"FloatDistribution\", \"attributes\": {\"step\": null, \"low\": 3.6, \"high\": 4.1, \"log\": false}}"}
{"op_code":6,"worker_id":"97f51db3-9fe9-492e-8038-1176c2ed7377-139679613698176","trial_id":38,"state":1,"values":[-Infinity,-Infinity],"datetime_complete":"2026-06-05T15:36:41.768558"}
{"op_code":4,"worker_id":"97f51db3-9fe9-492e-8038-1176c2ed7377-139679613698176","study_id":0,"datetime_start":"2026-06-05T15:36:41.777932"}
{"op_code":9,"worker_id":"97f51db3-9fe9-492e-8038-1176c2ed7377-139679613698176","trial_id":48,"system_attr":{"nsga2:generation":0}}
{"op_code":5,"worker_id":"97f51db3-9fe9-492e-8038-1176c2ed7377-139679613698176","trial_id":48,"param_name":"JointSlopeAngle","param_value_internal":0.6335850210121924,"distribution":"{\"name\": \"FloatDistribution\", \"attributes\": {\"step\": null, \"low\": 0.55, \"high\": 0.65, \"log\": false}}"}
{"op_code":5,"worker_id":"97f51db3-9fe9-492e-8038-1176c2ed7377-139679613698176","trial_id":48,"param_name":"OuterRadius","param_value_internal":17.974494706364258,"distribution":"{\"name\": \"FloatDistribution\", \"attributes\": {\"step\": null, \"low\": 17.0, \"high\": 18.0, \"log\": false}}"}
{"op_code":5,"worker_id":"97f51db3-9fe9-492e-8038-1176c2ed7377-139679613698176","trial_id":48,"param_name":"JointHeight","param_value_internal":6.386965921433281,"distribution":"{\"name\": \"FloatDistribution\", \"attributes\": {\"step\": null, \"low\": 6.0, \"high\": 7.0, \"log\": false}}"}
{"op_code":5,"worker_id":"97f51db3-9fe9-492e-8038-1176c2ed7377-139679613698176","trial_id":48,"param_name":"CavityCorkThickness","param_value_internal":2.0830576618683527,"distribution":"{\"name\": \"FloatDistribution\", \"attributes\": {\"step\": null, \"low\": 1.5, \"high\": 2.5, \"log\": false}}"}
{"op_code":5,"worker_id":"97f51db3-9fe9-492e-8038-1176c2ed7377-139679613698176","trial_id":48,"param_name":"BellowHeight","param_value_internal":14.537266363166435,"distribution":"{\"name\": \"FloatDistribution\", \"attributes\": {\"step\": null, \"low\": 10.0, \"high\": 16.0, \"log\": false}}"}
{"op_code":5,"worker_id":"97f51db3-9fe9-492e-8038-1176c2ed7377-139679613698176","trial_id":48,"param_name":"WallThickness","param_value_internal":3.0284512246392747,"distribution":"{\"name\": \"FloatDistribution\", \"attributes\": {\"step\": null, \"low\": 2.0, \"high\": 4.0, \"log\": false}}"}
{"op_code":5,"worker_id":"97f51db3-9fe9-492e-8038-1176c2ed7377-139679613698176","trial_id":48,"param_name":"PlateauHeight","param_value_internal":3.7462917070825124,"distribution":"{\"name\": \"FloatDistribution\", \"attributes\": {\"step\": null, \"low\": 3.6, \"high\": 4.1, \"log\": false}}"}
{"op_code":6,"worker_id":"300f3d29-8d40-422e-bb99-b223f8c29663-139920484229248","trial_id":42,"state":1,"values":[-Infinity,-Infinity],"datetime_complete":"2026-06-05T15:36:41.847168"}
{"op_code":4,"worker_id":"300f3d29-8d40-422e-bb99-b223f8c29663-139920484229248","study_id":0,"datetime_start":"2026-06-05T15:36:41.857397"}
{"op_code":9,"worker_id":"300f3d29-8d40-422e-bb99-b223f8c29663-139920484229248","trial_id":49,"system_attr":{"nsga2:generation":0}}
{"op_code":5,"worker_id":"300f3d29-8d40-422e-bb99-b223f8c29663-139920484229248","trial_id":49,"param_name":"JointSlopeAngle","param_value_internal":0.6415736594046606,"distribution":"{\"name\": \"FloatDistribution\", \"attributes\": {\"step\": null, \"low\": 0.55, \"high\": 0.65, \"log\": false}}"}
{"op_code":5,"worker_id":"300f3d29-8d40-422e-bb99-b223f8c29663-139920484229248","trial_id":49,"param_name":"OuterRadius","param_value_internal":17.60116382593419,"distribution":"{\"name\": \"FloatDistribution\", \"attributes\": {\"step\": null, \"low\": 17.0, \"high\": 18.0, \"log\": false}}"}
{"op_code":5,"worker_id":"300f3d29-8d40-422e-bb99-b223f8c29663-139920484229248","trial_id":49,"param_name":"JointHeight","param_value_internal":6.189158382861757,"distribution":"{\"name\": \"FloatDistribution\", \"attributes\": {\"step\": null, \"low\": 6.0, \"high\": 7.0, \"log\": false}}"}
{"op_code":5,"worker_id":"300f3d29-8d40-422e-bb99-b223f8c29663-139920484229248","trial_id":49,"param_name":"CavityCorkThickness","param_value_internal":1.6081272174975338,"distribution":"{\"name\": \"FloatDistribution\", \"attributes\": {\"step\": null, \"low\": 1.5, \"high\": 2.5, \"log\": false}}"}
{"op_code":6,"worker_id":"e752f485-bbea-4d49-af05-5b23d972e824-140297682608256","trial_id":44,"state":1,"values":[-Infinity,-Infinity],"datetime_complete":"2026-06-05T15:36:41.887371"}
{"op_code":5,"worker_id":"300f3d29-8d40-422e-bb99-b223f8c29663-139920484229248","trial_id":49,"param_name":"BellowHeight","param_value_internal":13.137393459520572,"distribution":"{\"name\": \"FloatDistribution\", \"attributes\": {\"step\": null, \"low\": 10.0, \"high\": 16.0, \"log\": false}}"}
{"op_code":6,"worker_id":"bf1502cd-f71b-412d-8360-824076a57350-140608521244800","trial_id":41,"state":1,"values":[-Infinity,-Infinity],"datetime_complete":"2026-06-05T15:36:41.889344"}
{"op_code":4,"worker_id":"e752f485-bbea-4d49-af05-5b23d972e824-140297682608256","study_id":0,"datetime_start":"2026-06-05T15:36:41.898535"}
{"op_code":5,"worker_id":"300f3d29-8d40-422e-bb99-b223f8c29663-139920484229248","trial_id":49,"param_name":"WallThickness","param_value_internal":2.4544039628403675,"distribution":"{\"name\": \"FloatDistribution\", \"attributes\": {\"step\": null, \"low\": 2.0, \"high\": 4.0, \"log\": false}}"}
{"op_code":9,"worker_id":"e752f485-bbea-4d49-af05-5b23d972e824-140297682608256","trial_id":50,"system_attr":{"nsga2:generation":0}}
{"op_code":5,"worker_id":"e752f485-bbea-4d49-af05-5b23d972e824-140297682608256","trial_id":50,"param_name":"JointSlopeAngle","param_value_internal":0.5984936732290537,"distribution":"{\"name\": \"FloatDistribution\", \"attributes\": {\"step\": null, \"low\": 0.55, \"high\": 0.65, \"log\": false}}"}
{"op_code":5,"worker_id":"300f3d29-8d40-422e-bb99-b223f8c29663-139920484229248","trial_id":49,"param_name":"PlateauHeight","param_value_internal":3.7672689707286104,"distribution":"{\"name\": \"FloatDistribution\", \"attributes\": {\"step\": null, \"low\": 3.6, \"high\": 4.1, \"log\": false}}"}
{"op_code":5,"worker_id":"e752f485-bbea-4d49-af05-5b23d972e824-140297682608256","trial_id":50,"param_name":"OuterRadius","param_value_internal":17.800901706586913,"distribution":"{\"name\": \"FloatDistribution\", \"attributes\": {\"step\": null, \"low\": 17.0, \"high\": 18.0, \"log\": false}}"}
{"op_code":5,"worker_id":"e752f485-bbea-4d49-af05-5b23d972e824-140297682608256","trial_id":50,"param_name":"JointHeight","param_value_internal":6.946750501083432,"distribution":"{\"name\": \"FloatDistribution\", \"attributes\": {\"step\": null, \"low\": 6.0, \"high\": 7.0, \"log\": false}}"}
{"op_code":5,"worker_id":"e752f485-bbea-4d49-af05-5b23d972e824-140297682608256","trial_id":50,"param_name":"CavityCorkThickness","param_value_internal":2.083976394984968,"distribution":"{\"name\": \"FloatDistribution\", \"attributes\": {\"step\": null, \"low\": 1.5, \"high\": 2.5, \"log\": false}}"}
{"op_code":5,"worker_id":"e752f485-bbea-4d49-af05-5b23d972e824-140297682608256","trial_id":50,"param_name":"BellowHeight","param_value_internal":14.714843771645032,"distribution":"{\"name\": \"FloatDistribution\", \"attributes\": {\"step\": null, \"low\": 10.0, \"high\": 16.0, \"log\": false}}"}
{"op_code":4,"worker_id":"bf1502cd-f71b-412d-8360-824076a57350-140608521244800","study_id":0,"datetime_start":"2026-06-05T15:36:41.907977"}
{"op_code":5,"worker_id":"e752f485-bbea-4d49-af05-5b23d972e824-140297682608256","trial_id":50,"param_name":"WallThickness","param_value_internal":3.1997454334777804,"distribution":"{\"name\": \"FloatDistribution\", \"attributes\": {\"step\": null, \"low\": 2.0, \"high\": 4.0, \"log\": false}}"}
{"op_code":5,"worker_id":"e752f485-bbea-4d49-af05-5b23d972e824-140297682608256","trial_id":50,"param_name":"PlateauHeight","param_value_internal":3.8666176163305432,"distribution":"{\"name\": \"FloatDistribution\", \"attributes\": {\"step\": null, \"low\": 3.6, \"high\": 4.1, \"log\": false}}"}
{"op_code":9,"worker_id":"bf1502cd-f71b-412d-8360-824076a57350-140608521244800","trial_id":51,"system_attr":{"nsga2:generation":0}}
{"op_code":6,"worker_id":"8f977f9e-ad16-450b-890e-5a75a8e6273a-140542201127040","trial_id":40,"state":1,"values":[-Infinity,-Infinity],"datetime_complete":"2026-06-05T15:36:41.940131"}
{"op_code":5,"worker_id":"bf1502cd-f71b-412d-8360-824076a57350-140608521244800","trial_id":51,"param_name":"JointSlopeAngle","param_value_internal":0.6125369136827427,"distribution":"{\"name\": \"FloatDistribution\", \"attributes\": {\"step\": null, \"low\": 0.55, \"high\": 0.65, \"log\": false}}"}
{"op_code":5,"worker_id":"bf1502cd-f71b-412d-8360-824076a57350-140608521244800","trial_id":51,"param_name":"OuterRadius","param_value_internal":17.39005391429887,"distribution":"{\"name\": \"FloatDistribution\", \"attributes\": {\"step\": null, \"low\": 17.0, \"high\": 18.0, \"log\": false}}"}
{"op_code":4,"worker_id":"8f977f9e-ad16-450b-890e-5a75a8e6273a-140542201127040","study_id":0,"datetime_start":"2026-06-05T15:36:41.968129"}
{"op_code":5,"worker_id":"bf1502cd-f71b-412d-8360-824076a57350-140608521244800","trial_id":51,"param_name":"JointHeight","param_value_internal":6.167833406403144,"distribution":"{\"name\": \"FloatDistribution\", \"attributes\": {\"step\": null, \"low\": 6.0, \"high\": 7.0, \"log\": false}}"}
{"op_code":9,"worker_id":"8f977f9e-ad16-450b-890e-5a75a8e6273a-140542201127040","trial_id":52,"system_attr":{"nsga2:generation":0}}
{"op_code":5,"worker_id":"bf1502cd-f71b-412d-8360-824076a57350-140608521244800","trial_id":51,"param_name":"CavityCorkThickness","param_value_internal":2.363511322720281,"distribution":"{\"name\": \"FloatDistribution\", \"attributes\": {\"step\": null, \"low\": 1.5, \"high\": 2.5, \"log\": false}}"}
{"op_code":5,"worker_id":"8f977f9e-ad16-450b-890e-5a75a8e6273a-140542201127040","trial_id":52,"param_name":"JointSlopeAngle","param_value_internal":0.567980436107511,"distribution":"{\"name\": \"FloatDistribution\", \"attributes\": {\"step\": null, \"low\": 0.55, \"high\": 0.65, \"log\": false}}"}
{"op_code":5,"worker_id":"bf1502cd-f71b-412d-8360-824076a57350-140608521244800","trial_id":51,"param_name":"BellowHeight","param_value_internal":10.947564147445037,"distribution":"{\"name\": \"FloatDistribution\", \"attributes\": {\"step\": null, \"low\": 10.0, \"high\": 16.0, \"log\": false}}"}
{"op_code":6,"worker_id":"e6f5af89-fc1a-49ca-b1fa-d486f6b613ec-140236679188608","trial_id":39,"state":1,"values":[-Infinity,-Infinity],"datetime_complete":"2026-06-05T15:36:41.994956"}
{"op_code":5,"worker_id":"bf1502cd-f71b-412d-8360-824076a57350-140608521244800","trial_id":51,"param_name":"WallThickness","param_value_internal":2.155604593749583,"distribution":"{\"name\": \"FloatDistribution\", \"attributes\": {\"step\": null, \"low\": 2.0, \"high\": 4.0, \"log\": false}}"}
{"op_code":5,"worker_id":"bf1502cd-f71b-412d-8360-824076a57350-140608521244800","trial_id":51,"param_name":"PlateauHeight","param_value_internal":3.8233297676328077,"distribution":"{\"name\": \"FloatDistribution\", \"attributes\": {\"step\": null, \"low\": 3.6, \"high\": 4.1, \"log\": false}}"}
{"op_code":5,"worker_id":"8f977f9e-ad16-450b-890e-5a75a8e6273a-140542201127040","trial_id":52,"param_name":"OuterRadius","param_value_internal":17.793691521551082,"distribution":"{\"name\": \"FloatDistribution\", \"attributes\": {\"step\": null, \"low\": 17.0, \"high\": 18.0, \"log\": false}}"}
{"op_code":4,"worker_id":"e6f5af89-fc1a-49ca-b1fa-d486f6b613ec-140236679188608","study_id":0,"datetime_start":"2026-06-05T15:36:42.010157"}
{"op_code":5,"worker_id":"8f977f9e-ad16-450b-890e-5a75a8e6273a-140542201127040","trial_id":52,"param_name":"JointHeight","param_value_internal":6.599300469121385,"distribution":"{\"name\": \"FloatDistribution\", \"attributes\": {\"step\": null, \"low\": 6.0, \"high\": 7.0, \"log\": false}}"}
{"op_code":5,"worker_id":"8f977f9e-ad16-450b-890e-5a75a8e6273a-140542201127040","trial_id":52,"param_name":"CavityCorkThickness","param_value_internal":1.5109797974563515,"distribution":"{\"name\": \"FloatDistribution\", \"attributes\": {\"step\": null, \"low\": 1.5, \"high\": 2.5, \"log\": false}}"}
{"op_code":9,"worker_id":"e6f5af89-fc1a-49ca-b1fa-d486f6b613ec-140236679188608","trial_id":53,"system_attr":{"nsga2:generation":0}}
{"op_code":5,"worker_id":"8f977f9e-ad16-450b-890e-5a75a8e6273a-140542201127040","trial_id":52,"param_name":"BellowHeight","param_value_internal":12.300269234839453,"distribution":"{\"name\": \"FloatDistribution\", \"attributes\": {\"step\": null, \"low\": 10.0, \"high\": 16.0, \"log\": false}}"}
{"op_code":5,"worker_id":"e6f5af89-fc1a-49ca-b1fa-d486f6b613ec-140236679188608","trial_id":53,"param_name":"JointSlopeAngle","param_value_internal":0.5764826935816407,"distribution":"{\"name\": \"FloatDistribution\", \"attributes\": {\"step\": null, \"low\": 0.55, \"high\": 0.65, \"log\": false}}"}
{"op_code":5,"worker_id":"8f977f9e-ad16-450b-890e-5a75a8e6273a-140542201127040","trial_id":52,"param_name":"WallThickness","param_value_internal":3.051051736518387,"distribution":"{\"name\": \"FloatDistribution\", \"attributes\": {\"step\": null, \"low\": 2.0, \"high\": 4.0, \"log\": false}}"}
{"op_code":5,"worker_id":"e6f5af89-fc1a-49ca-b1fa-d486f6b613ec-140236679188608","trial_id":53,"param_name":"OuterRadius","param_value_internal":17.036141894417604,"distribution":"{\"name\": \"FloatDistribution\", \"attributes\": {\"step\": null, \"low\": 17.0, \"high\": 18.0, \"log\": false}}"}
{"op_code":5,"worker_id":"8f977f9e-ad16-450b-890e-5a75a8e6273a-140542201127040","trial_id":52,"param_name":"PlateauHeight","param_value_internal":3.815514924667854,"distribution":"{\"name\": \"FloatDistribution\", \"attributes\": {\"step\": null, \"low\": 3.6, \"high\": 4.1, \"log\": false}}"}
{"op_code":5,"worker_id":"e6f5af89-fc1a-49ca-b1fa-d486f6b613ec-140236679188608","trial_id":53,"param_name":"JointHeight","param_value_internal":6.4291302771956325,"distribution":"{\"name\": \"FloatDistribution\", \"attributes\": {\"step\": null, \"low\": 6.0, \"high\": 7.0, \"log\": false}}"}
{"op_code":5,"worker_id":"e6f5af89-fc1a-49ca-b1fa-d486f6b613ec-140236679188608","trial_id":53,"param_name":"CavityCorkThickness","param_value_internal":2.3942570817649207,"distribution":"{\"name\": \"FloatDistribution\", \"attributes\": {\"step\": null, \"low\": 1.5, \"high\": 2.5, \"log\": false}}"}
{"op_code":5,"worker_id":"e6f5af89-fc1a-49ca-b1fa-d486f6b613ec-140236679188608","trial_id":53,"param_name":"BellowHeight","param_value_internal":14.294414681241374,"distribution":"{\"name\": \"FloatDistribution\", \"attributes\": {\"step\": null, \"low\": 10.0, \"high\": 16.0, \"log\": false}}"}
{"op_code":5,"worker_id":"e6f5af89-fc1a-49ca-b1fa-d486f6b613ec-140236679188608","trial_id":53,"param_name":"WallThickness","param_value_internal":3.4716395131763447,"distribution":"{\"name\": \"FloatDistribution\", \"attributes\": {\"step\": null, \"low\": 2.0, \"high\": 4.0, \"log\": false}}"}
{"op_code":5,"worker_id":"e6f5af89-fc1a-49ca-b1fa-d486f6b613ec-140236679188608","trial_id":53,"param_name":"PlateauHeight","param_value_internal":3.6375022615914845,"distribution":"{\"name\": \"FloatDistribution\", \"attributes\": {\"step\": null, \"low\": 3.6, \"high\": 4.1, \"log\": false}}"}
{"op_code":6,"worker_id":"0da0fcf1-9950-445a-a9a6-dc04c3acf373-140065782841472","trial_id":43,"state":1,"values":[-Infinity,-Infinity],"datetime_complete":"2026-06-05T15:36:42.201571"}
{"op_code":4,"worker_id":"0da0fcf1-9950-445a-a9a6-dc04c3acf373-140065782841472","study_id":0,"datetime_start":"2026-06-05T15:36:42.210129"}
{"op_code":6,"worker_id":"ef6c19bf-d328-485d-847d-dea12d351541-140630367256704","trial_id":45,"state":1,"values":[-Infinity,-Infinity],"datetime_complete":"2026-06-05T15:36:42.217807"}
{"op_code":9,"worker_id":"0da0fcf1-9950-445a-a9a6-dc04c3acf373-140065782841472","trial_id":54,"system_attr":{"nsga2:generation":0}}
{"op_code":5,"worker_id":"0da0fcf1-9950-445a-a9a6-dc04c3acf373-140065782841472","trial_id":54,"param_name":"JointSlopeAngle","param_value_internal":0.6462568095173677,"distribution":"{\"name\": \"FloatDistribution\", \"attributes\": {\"step\": null, \"low\": 0.55, \"high\": 0.65, \"log\": false}}"}
{"op_code":4,"worker_id":"ef6c19bf-d328-485d-847d-dea12d351541-140630367256704","study_id":0,"datetime_start":"2026-06-05T15:36:42.226745"}
{"op_code":5,"worker_id":"0da0fcf1-9950-445a-a9a6-dc04c3acf373-140065782841472","trial_id":54,"param_name":"OuterRadius","param_value_internal":17.8947636207486,"distribution":"{\"name\": \"FloatDistribution\", \"attributes\": {\"step\": null, \"low\": 17.0, \"high\": 18.0, \"log\": false}}"}
{"op_code":9,"worker_id":"ef6c19bf-d328-485d-847d-dea12d351541-140630367256704","trial_id":55,"system_attr":{"nsga2:generation":0}}
{"op_code":5,"worker_id":"0da0fcf1-9950-445a-a9a6-dc04c3acf373-140065782841472","trial_id":54,"param_name":"JointHeight","param_value_internal":6.710670336786648,"distribution":"{\"name\": \"FloatDistribution\", \"attributes\": {\"step\": null, \"low\": 6.0, \"high\": 7.0, \"log\": false}}"}
{"op_code":5,"worker_id":"ef6c19bf-d328-485d-847d-dea12d351541-140630367256704","trial_id":55,"param_name":"JointSlopeAngle","param_value_internal":0.6492694057827914,"distribution":"{\"name\": \"FloatDistribution\", \"attributes\": {\"step\": null, \"low\": 0.55, \"high\": 0.65, \"log\": false}}"}
{"op_code":5,"worker_id":"0da0fcf1-9950-445a-a9a6-dc04c3acf373-140065782841472","trial_id":54,"param_name":"CavityCorkThickness","param_value_internal":2.167526016260077,"distribution":"{\"name\": \"FloatDistribution\", \"attributes\": {\"step\": null, \"low\": 1.5, \"high\": 2.5, \"log\": false}}"}
{"op_code":5,"worker_id":"ef6c19bf-d328-485d-847d-dea12d351541-140630367256704","trial_id":55,"param_name":"OuterRadius","param_value_internal":17.90458481730316,"distribution":"{\"name\": \"FloatDistribution\", \"attributes\": {\"step\": null, \"low\": 17.0, \"high\": 18.0, \"log\": false}}"}
{"op_code":5,"worker_id":"0da0fcf1-9950-445a-a9a6-dc04c3acf373-140065782841472","trial_id":54,"param_name":"BellowHeight","param_value_internal":13.574058853873689,"distribution":"{\"name\": \"FloatDistribution\", \"attributes\": {\"step\": null, \"low\": 10.0, \"high\": 16.0, \"log\": false}}"}
{"op_code":5,"worker_id":"ef6c19bf-d328-485d-847d-dea12d351541-140630367256704","trial_id":55,"param_name":"JointHeight","param_value_internal":6.6339118280285145,"distribution":"{\"name\": \"FloatDistribution\", \"attributes\": {\"step\": null, \"low\": 6.0, \"high\": 7.0, \"log\": false}}"}
{"op_code":5,"worker_id":"ef6c19bf-d328-485d-847d-dea12d351541-140630367256704","trial_id":55,"param_name":"CavityCorkThickness","param_value_internal":2.0690484037335124,"distribution":"{\"name\": \"FloatDistribution\", \"attributes\": {\"step\": null, \"low\": 1.5, \"high\": 2.5, \"log\": false}}"}
{"op_code":5,"worker_id":"ef6c19bf-d328-485d-847d-dea12d351541-140630367256704","trial_id":55,"param_name":"BellowHeight","param_value_internal":10.815437859466563,"distribution":"{\"name\": \"FloatDistribution\", \"attributes\": {\"step\": null, \"low\": 10.0, \"high\": 16.0, \"log\": false}}"}
{"op_code":5,"worker_id":"ef6c19bf-d328-485d-847d-dea12d351541-140630367256704","trial_id":55,"param_name":"WallThickness","param_value_internal":2.522304072498489,"distribution":"{\"name\": \"FloatDistribution\", \"attributes\": {\"step\": null, \"low\": 2.0, \"high\": 4.0, \"log\": false}}"}
{"op_code":5,"worker_id":"ef6c19bf-d328-485d-847d-dea12d351541-140630367256704","trial_id":55,"param_name":"PlateauHeight","param_value_internal":3.74726432378282,"distribution":"{\"name\": \"FloatDistribution\", \"attributes\": {\"step\": null, \"low\": 3.6, \"high\": 4.1, \"log\": false}}"}
{"op_code":5,"worker_id":"0da0fcf1-9950-445a-a9a6-dc04c3acf373-140065782841472","trial_id":54,"param_name":"WallThickness","param_value_internal":2.2357085091376456,"distribution":"{\"name\": \"FloatDistribution\", \"attributes\": {\"step\": null, \"low\": 2.0, \"high\": 4.0, \"log\": false}}"}
{"op_code":5,"worker_id":"0da0fcf1-9950-445a-a9a6-dc04c3acf373-140065782841472","trial_id":54,"param_name":"PlateauHeight","param_value_internal":3.7467064022956373,"distribution":"{\"name\": \"FloatDistribution\", \"attributes\": {\"step\": null, \"low\": 3.6, \"high\": 4.1, \"log\": false}}"}
{"op_code":6,"worker_id":"e752f485-bbea-4d49-af05-5b23d972e824-140297682608256","trial_id":50,"state":1,"values":[-Infinity,-Infinity],"datetime_complete":"2026-06-05T15:36:43.187551"}
{"op_code":4,"worker_id":"e752f485-bbea-4d49-af05-5b23d972e824-140297682608256","study_id":0,"datetime_start":"2026-06-05T15:36:43.196349"}
{"op_code":9,"worker_id":"e752f485-bbea-4d49-af05-5b23d972e824-140297682608256","trial_id":56,"system_attr":{"nsga2:generation":0}}
{"op_code":5,"worker_id":"e752f485-bbea-4d49-af05-5b23d972e824-140297682608256","trial_id":56,"param_name":"JointSlopeAngle","param_value_internal":0.6279070530966486,"distribution":"{\"name\": \"FloatDistribution\", \"attributes\": {\"step\": null, \"low\": 0.55, \"high\": 0.65, \"log\": false}}"}
{"op_code":5,"worker_id":"e752f485-bbea-4d49-af05-5b23d972e824-140297682608256","trial_id":56,"param_name":"OuterRadius","param_value_internal":17.3520536809321,"distribution":"{\"name\": \"FloatDistribution\", \"attributes\": {\"step\": null, \"low\": 17.0, \"high\": 18.0, \"log\": false}}"}
{"op_code":5,"worker_id":"e752f485-bbea-4d49-af05-5b23d972e824-140297682608256","trial_id":56,"param_name":"JointHeight","param_value_internal":6.051728045630078,"distribution":"{\"name\": \"FloatDistribution\", \"attributes\": {\"step\": null, \"low\": 6.0, \"high\": 7.0, \"log\": false}}"}
{"op_code":5,"worker_id":"e752f485-bbea-4d49-af05-5b23d972e824-140297682608256","trial_id":56,"param_name":"CavityCorkThickness","param_value_internal":1.7208044955053183,"distribution":"{\"name\": \"FloatDistribution\", \"attributes\": {\"step\": null, \"low\": 1.5, \"high\": 2.5, \"log\": false}}"}
{"op_code":5,"worker_id":"e752f485-bbea-4d49-af05-5b23d972e824-140297682608256","trial_id":56,"param_name":"BellowHeight","param_value_internal":10.414528739848084,"distribution":"{\"name\": \"FloatDistribution\", \"attributes\": {\"step\": null, \"low\": 10.0, \"high\": 16.0, \"log\": false}}"}
{"op_code":5,"worker_id":"e752f485-bbea-4d49-af05-5b23d972e824-140297682608256","trial_id":56,"param_name":"WallThickness","param_value_internal":2.510948042416202,"distribution":"{\"name\": \"FloatDistribution\", \"attributes\": {\"step\": null, \"low\": 2.0, \"high\": 4.0, \"log\": false}}"}
{"op_code":5,"worker_id":"e752f485-bbea-4d49-af05-5b23d972e824-140297682608256","trial_id":56,"param_name":"PlateauHeight","param_value_internal":4.004209823464327,"distribution":"{\"name\": \"FloatDistribution\", \"attributes\": {\"step\": null, \"low\": 3.6, \"high\": 4.1, \"log\": false}}"}
{"op_code":6,"worker_id":"b0b4ba47-f916-4407-8b27-ca2681ae1cfe-139733011476608","trial_id":47,"state":1,"values":[-Infinity,-Infinity],"datetime_complete":"2026-06-05T15:36:43.388086"}
{"op_code":6,"worker_id":"c03b9cfb-c3d9-4b57-872c-c9ce393433e1-140456776925312","trial_id":46,"state":1,"values":[-Infinity,-Infinity],"datetime_complete":"2026-06-05T15:36:43.393448"}
{"op_code":4,"worker_id":"b0b4ba47-f916-4407-8b27-ca2681ae1cfe-139733011476608","study_id":0,"datetime_start":"2026-06-05T15:36:43.397799"}
{"op_code":4,"worker_id":"c03b9cfb-c3d9-4b57-872c-c9ce393433e1-140456776925312","study_id":0,"datetime_start":"2026-06-05T15:36:43.404927"}
{"op_code":9,"worker_id":"b0b4ba47-f916-4407-8b27-ca2681ae1cfe-139733011476608","trial_id":57,"system_attr":{"nsga2:generation":0}}
{"op_code":9,"worker_id":"c03b9cfb-c3d9-4b57-872c-c9ce393433e1-140456776925312","trial_id":58,"system_attr":{"nsga2:generation":0}}
{"op_code":5,"worker_id":"b0b4ba47-f916-4407-8b27-ca2681ae1cfe-139733011476608","trial_id":57,"param_name":"JointSlopeAngle","param_value_internal":0.6007958819363945,"distribution":"{\"name\": \"FloatDistribution\", \"attributes\": {\"step\": null, \"low\": 0.55, \"high\": 0.65, \"log\": false}}"}
{"op_code":5,"worker_id":"c03b9cfb-c3d9-4b57-872c-c9ce393433e1-140456776925312","trial_id":58,"param_name":"JointSlopeAngle","param_value_internal":0.6335011621209798,"distribution":"{\"name\": \"FloatDistribution\", \"attributes\": {\"step\": null, \"low\": 0.55, \"high\": 0.65, \"log\": false}}"}
{"op_code":5,"worker_id":"b0b4ba47-f916-4407-8b27-ca2681ae1cfe-139733011476608","trial_id":57,"param_name":"OuterRadius","param_value_internal":17.487128476010383,"distribution":"{\"name\": \"FloatDistribution\", \"attributes\": {\"step\": null, \"low\": 17.0, \"high\": 18.0, \"log\": false}}"}
{"op_code":5,"worker_id":"c03b9cfb-c3d9-4b57-872c-c9ce393433e1-140456776925312","trial_id":58,"param_name":"OuterRadius","param_value_internal":17.391467805714562,"distribution":"{\"name\": \"FloatDistribution\", \"attributes\": {\"step\": null, \"low\": 17.0, \"high\": 18.0, \"log\": false}}"}
{"op_code":5,"worker_id":"b0b4ba47-f916-4407-8b27-ca2681ae1cfe-139733011476608","trial_id":57,"param_name":"JointHeight","param_value_internal":6.670517494800576,"distribution":"{\"name\": \"FloatDistribution\", \"attributes\": {\"step\": null, \"low\": 6.0, \"high\": 7.0, \"log\": false}}"}
{"op_code":5,"worker_id":"c03b9cfb-c3d9-4b57-872c-c9ce393433e1-140456776925312","trial_id":58,"param_name":"JointHeight","param_value_internal":6.5237328982368075,"distribution":"{\"name\": \"FloatDistribution\", \"attributes\": {\"step\": null, \"low\": 6.0, \"high\": 7.0, \"log\": false}}"}
{"op_code":5,"worker_id":"b0b4ba47-f916-4407-8b27-ca2681ae1cfe-139733011476608","trial_id":57,"param_name":"CavityCorkThickness","param_value_internal":2.0126887801034985,"distribution":"{\"name\": \"FloatDistribution\", \"attributes\": {\"step\": null, \"low\": 1.5, \"high\": 2.5, \"log\": false}}"}
{"op_code":5,"worker_id":"c03b9cfb-c3d9-4b57-872c-c9ce393433e1-140456776925312","trial_id":58,"param_name":"CavityCorkThickness","param_value_internal":1.7893303438037789,"distribution":"{\"name\": \"FloatDistribution\", \"attributes\": {\"step\": null, \"low\": 1.5, \"high\": 2.5, \"log\": false}}"}
{"op_code":5,"worker_id":"b0b4ba47-f916-4407-8b27-ca2681ae1cfe-139733011476608","trial_id":57,"param_name":"BellowHeight","param_value_internal":10.140218604444279,"distribution":"{\"name\": \"FloatDistribution\", \"attributes\": {\"step\": null, \"low\": 10.0, \"high\": 16.0, \"log\": false}}"}
{"op_code":5,"worker_id":"c03b9cfb-c3d9-4b57-872c-c9ce393433e1-140456776925312","trial_id":58,"param_name":"BellowHeight","param_value_internal":10.529368887109765,"distribution":"{\"name\": \"FloatDistribution\", \"attributes\": {\"step\": null, \"low\": 10.0, \"high\": 16.0, \"log\": false}}"}
{"op_code":5,"worker_id":"b0b4ba47-f916-4407-8b27-ca2681ae1cfe-139733011476608","trial_id":57,"param_name":"WallThickness","param_value_internal":3.047792888045481,"distribution":"{\"name\": \"FloatDistribution\", \"attributes\": {\"step\": null, \"low\": 2.0, \"high\": 4.0, \"log\": false}}"}
{"op_code":5,"worker_id":"c03b9cfb-c3d9-4b57-872c-c9ce393433e1-140456776925312","trial_id":58,"param_name":"WallThickness","param_value_internal":2.362974928759585,"distribution":"{\"name\": \"FloatDistribution\", \"attributes\": {\"step\": null, \"low\": 2.0, \"high\": 4.0, \"log\": false}}"}
{"op_code":5,"worker_id":"b0b4ba47-f916-4407-8b27-ca2681ae1cfe-139733011476608","trial_id":57,"param_name":"PlateauHeight","param_value_internal":3.9120802369532983,"distribution":"{\"name\": \"FloatDistribution\", \"attributes\": {\"step\": null, \"low\": 3.6, \"high\": 4.1, \"log\": false}}"}
{"op_code":5,"worker_id":"c03b9cfb-c3d9-4b57-872c-c9ce393433e1-140456776925312","trial_id":58,"param_name":"PlateauHeight","param_value_internal":3.6598958179825574,"distribution":"{\"name\": \"FloatDistribution\", \"attributes\": {\"step\": null, \"low\": 3.6, \"high\": 4.1, \"log\": false}}"}
{"op_code":6,"worker_id":"97f51db3-9fe9-492e-8038-1176c2ed7377-139679613698176","trial_id":48,"state":1,"values":[-Infinity,-Infinity],"datetime_complete":"2026-06-05T15:36:43.510707"}
{"op_code":4,"worker_id":"97f51db3-9fe9-492e-8038-1176c2ed7377-139679613698176","study_id":0,"datetime_start":"2026-06-05T15:36:43.521073"}
{"op_code":9,"worker_id":"97f51db3-9fe9-492e-8038-1176c2ed7377-139679613698176","trial_id":59,"system_attr":{"nsga2:generation":1}}
{"op_code":5,"worker_id":"97f51db3-9fe9-492e-8038-1176c2ed7377-139679613698176","trial_id":59,"param_name":"JointSlopeAngle","param_value_internal":0.6188594639213977,"distribution":"{\"name\": \"FloatDistribution\", \"attributes\": {\"step\": null, \"low\": 0.55, \"high\": 0.65, \"log\": false}}"}
{"op_code":5,"worker_id":"97f51db3-9fe9-492e-8038-1176c2ed7377-139679613698176","trial_id":59,"param_name":"OuterRadius","param_value_internal":17.935714869429617,"distribution":"{\"name\": \"FloatDistribution\", \"attributes\": {\"step\": null, \"low\": 17.0, \"high\": 18.0, \"log\": false}}"}
{"op_code":5,"worker_id":"97f51db3-9fe9-492e-8038-1176c2ed7377-139679613698176","trial_id":59,"param_name":"JointHeight","param_value_internal":6.940634710276828,"distribution":"{\"name\": \"FloatDistribution\", \"attributes\": {\"step\": null, \"low\": 6.0, \"high\": 7.0, \"log\": false}}"}
{"op_code":6,"worker_id":"ef6c19bf-d328-485d-847d-dea12d351541-140630367256704","trial_id":55,"state":1,"values":[-Infinity,-Infinity],"datetime_complete":"2026-06-05T15:36:43.555660"}
{"op_code":5,"worker_id":"97f51db3-9fe9-492e-8038-1176c2ed7377-139679613698176","trial_id":59,"param_name":"CavityCorkThickness","param_value_internal":1.5231193458623826,"distribution":"{\"name\": \"FloatDistribution\", \"attributes\": {\"step\": null, \"low\": 1.5, \"high\": 2.5, \"log\": false}}"}
{"op_code":4,"worker_id":"ef6c19bf-d328-485d-847d-dea12d351541-140630367256704","study_id":0,"datetime_start":"2026-06-05T15:36:43.565620"}
{"op_code":5,"worker_id":"97f51db3-9fe9-492e-8038-1176c2ed7377-139679613698176","trial_id":59,"param_name":"BellowHeight","param_value_internal":10.183880835459684,"distribution":"{\"name\": \"FloatDistribution\", \"attributes\": {\"step\": null, \"low\": 10.0, \"high\": 16.0, \"log\": false}}"}
{"op_code":5,"worker_id":"97f51db3-9fe9-492e-8038-1176c2ed7377-139679613698176","trial_id":59,"param_name":"WallThickness","param_value_internal":2.2752649601844173,"distribution":"{\"name\": \"FloatDistribution\", \"attributes\": {\"step\": null, \"low\": 2.0, \"high\": 4.0, \"log\": false}}"}
{"op_code":9,"worker_id":"ef6c19bf-d328-485d-847d-dea12d351541-140630367256704","trial_id":60,"system_attr":{"nsga2:generation":1}}
{"op_code":5,"worker_id":"97f51db3-9fe9-492e-8038-1176c2ed7377-139679613698176","trial_id":59,"param_name":"PlateauHeight","param_value_internal":3.780283609560266,"distribution":"{\"name\": \"FloatDistribution\", \"attributes\": {\"step\": null, \"low\": 3.6, \"high\": 4.1, \"log\": false}}"}
{"op_code":6,"worker_id":"300f3d29-8d40-422e-bb99-b223f8c29663-139920484229248","trial_id":49,"state":1,"values":[-Infinity,-Infinity],"datetime_complete":"2026-06-05T15:36:43.585997"}
{"op_code":5,"worker_id":"ef6c19bf-d328-485d-847d-dea12d351541-140630367256704","trial_id":60,"param_name":"JointSlopeAngle","param_value_internal":0.5634428372537569,"distribution":"{\"name\": \"FloatDistribution\", \"attributes\": {\"step\": null, \"low\": 0.55, \"high\": 0.65, \"log\": false}}"}
{"op_code":5,"worker_id":"ef6c19bf-d328-485d-847d-dea12d351541-140630367256704","trial_id":60,"param_name":"OuterRadius","param_value_internal":17.192466314217167,"distribution":"{\"name\": \"FloatDistribution\", \"attributes\": {\"step\": null, \"low\": 17.0, \"high\": 18.0, \"log\": false}}"}
{"op_code":4,"worker_id":"300f3d29-8d40-422e-bb99-b223f8c29663-139920484229248","study_id":0,"datetime_start":"2026-06-05T15:36:43.595917"}
{"op_code":5,"worker_id":"ef6c19bf-d328-485d-847d-dea12d351541-140630367256704","trial_id":60,"param_name":"JointHeight","param_value_internal":6.94716077574854,"distribution":"{\"name\": \"FloatDistribution\", \"attributes\": {\"step\": null, \"low\": 6.0, \"high\": 7.0, \"log\": false}}"}
{"op_code":5,"worker_id":"ef6c19bf-d328-485d-847d-dea12d351541-140630367256704","trial_id":60,"param_name":"CavityCorkThickness","param_value_internal":1.8093347602218455,"distribution":"{\"name\": \"FloatDistribution\", \"attributes\": {\"step\": null, \"low\": 1.5, \"high\": 2.5, \"log\": false}}"}
{"op_code":5,"worker_id":"ef6c19bf-d328-485d-847d-dea12d351541-140630367256704","trial_id":60,"param_name":"BellowHeight","param_value_internal":12.50334714491625,"distribution":"{\"name\": \"FloatDistribution\", \"attributes\": {\"step\": null, \"low\": 10.0, \"high\": 16.0, \"log\": false}}"}
{"op_code":9,"worker_id":"300f3d29-8d40-422e-bb99-b223f8c29663-139920484229248","trial_id":61,"system_attr":{"nsga2:generation":1}}
{"op_code":6,"worker_id":"bf1502cd-f71b-412d-8360-824076a57350-140608521244800","trial_id":51,"state":1,"values":[-Infinity,-Infinity],"datetime_complete":"2026-06-05T15:36:43.553634"}
{"op_code":5,"worker_id":"300f3d29-8d40-422e-bb99-b223f8c29663-139920484229248","trial_id":61,"param_name":"JointSlopeAngle","param_value_internal":0.572101115807729,"distribution":"{\"name\": \"FloatDistribution\", \"attributes\": {\"step\": null, \"low\": 0.55, \"high\": 0.65, \"log\": false}}"}
{"op_code":5,"worker_id":"300f3d29-8d40-422e-bb99-b223f8c29663-139920484229248","trial_id":61,"param_name":"OuterRadius","param_value_internal":17.60116382593419,"distribution":"{\"name\": \"FloatDistribution\", \"attributes\": {\"step\": null, \"low\": 17.0, \"high\": 18.0, \"log\": false}}"}
{"op_code":4,"worker_id":"bf1502cd-f71b-412d-8360-824076a57350-140608521244800","study_id":0,"datetime_start":"2026-06-05T15:36:43.631486"}
{"op_code":5,"worker_id":"300f3d29-8d40-422e-bb99-b223f8c29663-139920484229248","trial_id":61,"param_name":"JointHeight","param_value_internal":6.0905271015896485,"distribution":"{\"name\": \"FloatDistribution\", \"attributes\": {\"step\": null, \"low\": 6.0, \"high\": 7.0, \"log\": false}}"}
{"op_code":5,"worker_id":"300f3d29-8d40-422e-bb99-b223f8c29663-139920484229248","trial_id":61,"param_name":"CavityCorkThickness","param_value_internal":1.6081272174975338,"distribution":"{\"name\": \"FloatDistribution\", \"attributes\": {\"step\": null, \"low\": 1.5, \"high\": 2.5, \"log\": false}}"}
{"op_code":5,"worker_id":"300f3d29-8d40-422e-bb99-b223f8c29663-139920484229248","trial_id":61,"param_name":"BellowHeight","param_value_internal":13.552014574041937,"distribution":"{\"name\": \"FloatDistribution\", \"attributes\": {\"step\": null, \"low\": 10.0, \"high\": 16.0, \"log\": false}}"}
{"op_code":5,"worker_id":"ef6c19bf-d328-485d-847d-dea12d351541-140630367256704","trial_id":60,"param_name":"WallThickness","param_value_internal":3.382537328539187,"distribution":"{\"name\": \"FloatDistribution\", \"attributes\": {\"step\": null, \"low\": 2.0, \"high\": 4.0, \"log\": false}}"}
{"op_code":5,"worker_id":"ef6c19bf-d328-485d-847d-dea12d351541-140630367256704","trial_id":60,"param_name":"PlateauHeight","param_value_internal":3.7390635156639536,"distribution":"{\"name\": \"FloatDistribution\", \"attributes\": {\"step\": null, \"low\": 3.6, \"high\": 4.1, \"log\": false}}"}
{"op_code":5,"worker_id":"300f3d29-8d40-422e-bb99-b223f8c29663-139920484229248","trial_id":61,"param_name":"WallThickness","param_value_internal":2.4544039628403675,"distribution":"{\"name\": \"FloatDistribution\", \"attributes\": {\"step\": null, \"low\": 2.0, \"high\": 4.0, \"log\": false}}"}
{"op_code":9,"worker_id":"bf1502cd-f71b-412d-8360-824076a57350-140608521244800","trial_id":62,"system_attr":{"nsga2:generation":1}}
{"op_code":5,"worker_id":"300f3d29-8d40-422e-bb99-b223f8c29663-139920484229248","trial_id":61,"param_name":"PlateauHeight","param_value_internal":3.7672689707286104,"distribution":"{\"name\": \"FloatDistribution\", \"attributes\": {\"step\": null, \"low\": 3.6, \"high\": 4.1, \"log\": false}}"}
{"op_code":5,"worker_id":"bf1502cd-f71b-412d-8360-824076a57350-140608521244800","trial_id":62,"param_name":"JointSlopeAngle","param_value_internal":0.5517623014220278,"distribution":"{\"name\": \"FloatDistribution\", \"attributes\": {\"step\": null, \"low\": 0.55, \"high\": 0.65, \"log\": false}}"}
{"op_code":5,"worker_id":"bf1502cd-f71b-412d-8360-824076a57350-140608521244800","trial_id":62,"param_name":"OuterRadius","param_value_internal":17.632882828844195,"distribution":"{\"name\": \"FloatDistribution\", \"attributes\": {\"step\": null, \"low\": 17.0, \"high\": 18.0, \"log\": false}}"}
{"op_code":5,"worker_id":"bf1502cd-f71b-412d-8360-824076a57350-140608521244800","trial_id":62,"param_name":"JointHeight","param_value_internal":6.784195600375527,"distribution":"{\"name\": \"FloatDistribution\", \"attributes\": {\"step\": null, \"low\": 6.0, \"high\": 7.0, \"log\": false}}"}
{"op_code":5,"worker_id":"bf1502cd-f71b-412d-8360-824076a57350-140608521244800","trial_id":62,"param_name":"CavityCorkThickness","param_value_internal":1.7143270160306665,"distribution":"{\"name\": \"FloatDistribution\", \"attributes\": {\"step\": null, \"low\": 1.5, \"high\": 2.5, \"log\": false}}"}
{"op_code":5,"worker_id":"bf1502cd-f71b-412d-8360-824076a57350-140608521244800","trial_id":62,"param_name":"BellowHeight","param_value_internal":14.449626567748265,"distribution":"{\"name\": \"FloatDistribution\", \"attributes\": {\"step\": null, \"low\": 10.0, \"high\": 16.0, \"log\": false}}"}
{"op_code":5,"worker_id":"bf1502cd-f71b-412d-8360-824076a57350-140608521244800","trial_id":62,"param_name":"WallThickness","param_value_internal":2.481618241302413,"distribution":"{\"name\": \"FloatDistribution\", \"attributes\": {\"step\": null, \"low\": 2.0, \"high\": 4.0, \"log\": false}}"}
{"op_code":5,"worker_id":"bf1502cd-f71b-412d-8360-824076a57350-140608521244800","trial_id":62,"param_name":"PlateauHeight","param_value_internal":3.7708244887423747,"distribution":"{\"name\": \"FloatDistribution\", \"attributes\": {\"step\": null, \"low\": 3.6, \"high\": 4.1, \"log\": false}}"}
{"op_code":6,"worker_id":"8f977f9e-ad16-450b-890e-5a75a8e6273a-140542201127040","trial_id":52,"state":1,"values":[-Infinity,-Infinity],"datetime_complete":"2026-06-05T15:36:43.748206"}
{"op_code":4,"worker_id":"8f977f9e-ad16-450b-890e-5a75a8e6273a-140542201127040","study_id":0,"datetime_start":"2026-06-05T15:36:43.758925"}
{"op_code":6,"worker_id":"e6f5af89-fc1a-49ca-b1fa-d486f6b613ec-140236679188608","trial_id":53,"state":1,"values":[-Infinity,-Infinity],"datetime_complete":"2026-06-05T15:36:43.760351"}
{"op_code":4,"worker_id":"e6f5af89-fc1a-49ca-b1fa-d486f6b613ec-140236679188608","study_id":0,"datetime_start":"2026-06-05T15:36:43.774423"}
{"op_code":9,"worker_id":"8f977f9e-ad16-450b-890e-5a75a8e6273a-140542201127040","trial_id":63,"system_attr":{"nsga2:generation":1}}
{"op_code":5,"worker_id":"8f977f9e-ad16-450b-890e-5a75a8e6273a-140542201127040","trial_id":63,"param_name":"JointSlopeAngle","param_value_internal":0.5720147727042053,"distribution":"{\"name\": \"FloatDistribution\", \"attributes\": {\"step\": null, \"low\": 0.55, \"high\": 0.65, \"log\": false}}"}
{"op_code":5,"worker_id":"8f977f9e-ad16-450b-890e-5a75a8e6273a-140542201127040","trial_id":63,"param_name":"OuterRadius","param_value_internal":17.611865328062805,"distribution":"{\"name\": \"FloatDistribution\", \"attributes\": {\"step\": null, \"low\": 17.0, \"high\": 18.0, \"log\": false}}"}
{"op_code":9,"worker_id":"e6f5af89-fc1a-49ca-b1fa-d486f6b613ec-140236679188608","trial_id":64,"system_attr":{"nsga2:generation":1}}
{"op_code":5,"worker_id":"8f977f9e-ad16-450b-890e-5a75a8e6273a-140542201127040","trial_id":63,"param_name":"JointHeight","param_value_internal":6.564953186593711,"distribution":"{\"name\": \"FloatDistribution\", \"attributes\": {\"step\": null, \"low\": 6.0, \"high\": 7.0, \"log\": false}}"}
{"op_code":5,"worker_id":"e6f5af89-fc1a-49ca-b1fa-d486f6b613ec-140236679188608","trial_id":64,"param_name":"JointSlopeAngle","param_value_internal":0.6290975823560216,"distribution":"{\"name\": \"FloatDistribution\", \"attributes\": {\"step\": null, \"low\": 0.55, \"high\": 0.65, \"log\": false}}"}
{"op_code":5,"worker_id":"8f977f9e-ad16-450b-890e-5a75a8e6273a-140542201127040","trial_id":63,"param_name":"CavityCorkThickness","param_value_internal":2.1338858083128107,"distribution":"{\"name\": \"FloatDistribution\", \"attributes\": {\"step\": null, \"low\": 1.5, \"high\": 2.5, \"log\": false}}"}
{"op_code":5,"worker_id":"e6f5af89-fc1a-49ca-b1fa-d486f6b613ec-140236679188608","trial_id":64,"param_name":"OuterRadius","param_value_internal":17.306506641415083,"distribution":"{\"name\": \"FloatDistribution\", \"attributes\": {\"step\": null, \"low\": 17.0, \"high\": 18.0, \"log\": false}}"}
{"op_code":5,"worker_id":"8f977f9e-ad16-450b-890e-5a75a8e6273a-140542201127040","trial_id":63,"param_name":"BellowHeight","param_value_internal":10.228197797291259,"distribution":"{\"name\": \"FloatDistribution\", \"attributes\": {\"step\": null, \"low\": 10.0, \"high\": 16.0, \"log\": false}}"}
{"op_code":5,"worker_id":"e6f5af89-fc1a-49ca-b1fa-d486f6b613ec-140236679188608","trial_id":64,"param_name":"JointHeight","param_value_internal":6.129643535018453,"distribution":"{\"name\": \"FloatDistribution\", \"attributes\": {\"step\": null, \"low\": 6.0, \"high\": 7.0, \"log\": false}}"}
{"op_code":5,"worker_id":"8f977f9e-ad16-450b-890e-5a75a8e6273a-140542201127040","trial_id":63,"param_name":"WallThickness","param_value_internal":3.6819736543621913,"distribution":"{\"name\": \"FloatDistribution\", \"attributes\": {\"step\": null, \"low\": 2.0, \"high\": 4.0, \"log\": false}}"}
{"op_code":5,"worker_id":"e6f5af89-fc1a-49ca-b1fa-d486f6b613ec-140236679188608","trial_id":64,"param_name":"CavityCorkThickness","param_value_internal":2.0763602111204817,"distribution":"{\"name\": \"FloatDistribution\", \"attributes\": {\"step\": null, \"low\": 1.5, \"high\": 2.5, \"log\": false}}"}
{"op_code":5,"worker_id":"8f977f9e-ad16-450b-890e-5a75a8e6273a-140542201127040","trial_id":63,"param_name":"PlateauHeight","param_value_internal":3.627076686391824,"distribution":"{\"name\": \"FloatDistribution\", \"attributes\": {\"step\": null, \"low\": 3.6, \"high\": 4.1, \"log\": false}}"}
{"op_code":5,"worker_id":"e6f5af89-fc1a-49ca-b1fa-d486f6b613ec-140236679188608","trial_id":64,"param_name":"BellowHeight","param_value_internal":13.076657120181963,"distribution":"{\"name\": \"FloatDistribution\", \"attributes\": {\"step\": null, \"low\": 10.0, \"high\": 16.0, \"log\": false}}"}
{"op_code":5,"worker_id":"e6f5af89-fc1a-49ca-b1fa-d486f6b613ec-140236679188608","trial_id":64,"param_name":"WallThickness","param_value_internal":2.3591503259373363,"distribution":"{\"name\": \"FloatDistribution\", \"attributes\": {\"step\": null, \"low\": 2.0, \"high\": 4.0, \"log\": false}}"}
{"op_code":5,"worker_id":"e6f5af89-fc1a-49ca-b1fa-d486f6b613ec-140236679188608","trial_id":64,"param_name":"PlateauHeight","param_value_internal":3.983178388369989,"distribution":"{\"name\": \"FloatDistribution\", \"attributes\": {\"step\": null, \"low\": 3.6, \"high\": 4.1, \"log\": false}}"}
{"op_code":6,"worker_id":"0da0fcf1-9950-445a-a9a6-dc04c3acf373-140065782841472","trial_id":54,"state":1,"values":[-Infinity,-Infinity],"datetime_complete":"2026-06-05T15:36:43.962520"}
{"op_code":4,"worker_id":"0da0fcf1-9950-445a-a9a6-dc04c3acf373-140065782841472","study_id":0,"datetime_start":"2026-06-05T15:36:43.971133"}
{"op_code":9,"worker_id":"0da0fcf1-9950-445a-a9a6-dc04c3acf373-140065782841472","trial_id":65,"system_attr":{"nsga2:generation":1}}
{"op_code":5,"worker_id":"0da0fcf1-9950-445a-a9a6-dc04c3acf373-140065782841472","trial_id":65,"param_name":"JointSlopeAngle","param_value_internal":0.5931836766054226,"distribution":"{\"name\": \"FloatDistribution\", \"attributes\": {\"step\": null, \"low\": 0.55, \"high\": 0.65, \"log\": false}}"}
{"op_code":5,"worker_id":"0da0fcf1-9950-445a-a9a6-dc04c3acf373-140065782841472","trial_id":65,"param_name":"OuterRadius","param_value_internal":17.800901706586913,"distribution":"{\"name\": \"FloatDistribution\", \"attributes\": {\"step\": null, \"low\": 17.0, \"high\": 18.0, \"log\": false}}"}
{"op_code":5,"worker_id":"0da0fcf1-9950-445a-a9a6-dc04c3acf373-140065782841472","trial_id":65,"param_name":"JointHeight","param_value_internal":6.946750501083432,"distribution":"{\"name\": \"FloatDistribution\", \"attributes\": {\"step\": null, \"low\": 6.0, \"high\": 7.0, \"log\": false}}"}
{"op_code":5,"worker_id":"0da0fcf1-9950-445a-a9a6-dc04c3acf373-140065782841472","trial_id":65,"param_name":"CavityCorkThickness","param_value_internal":1.5413350825574468,"distribution":"{\"name\": \"FloatDistribution\", \"attributes\": {\"step\": null, \"low\": 1.5, \"high\": 2.5, \"log\": false}}"}
{"op_code":5,"worker_id":"0da0fcf1-9950-445a-a9a6-dc04c3acf373-140065782841472","trial_id":65,"param_name":"BellowHeight","param_value_internal":15.777750580888158,"distribution":"{\"name\": \"FloatDistribution\", \"attributes\": {\"step\": null, \"low\": 10.0, \"high\": 16.0, \"log\": false}}"}
{"op_code":5,"worker_id":"0da0fcf1-9950-445a-a9a6-dc04c3acf373-140065782841472","trial_id":65,"param_name":"WallThickness","param_value_internal":3.3046159777875355,"distribution":"{\"name\": \"FloatDistribution\", \"attributes\": {\"step\": null, \"low\": 2.0, \"high\": 4.0, \"log\": false}}"}
{"op_code":5,"worker_id":"0da0fcf1-9950-445a-a9a6-dc04c3acf373-140065782841472","trial_id":65,"param_name":"PlateauHeight","param_value_internal":3.7533068195517885,"distribution":"{\"name\": \"FloatDistribution\", \"attributes\": {\"step\": null, \"low\": 3.6, \"high\": 4.1, \"log\": false}}"}
{"op_code":6,"worker_id":"e752f485-bbea-4d49-af05-5b23d972e824-140297682608256","trial_id":56,"state":1,"values":[-Infinity,-Infinity],"datetime_complete":"2026-06-05T15:36:44.475103"}
{"op_code":4,"worker_id":"e752f485-bbea-4d49-af05-5b23d972e824-140297682608256","study_id":0,"datetime_start":"2026-06-05T15:36:44.484007"}
{"op_code":9,"worker_id":"e752f485-bbea-4d49-af05-5b23d972e824-140297682608256","trial_id":66,"system_attr":{"nsga2:generation":1}}
{"op_code":5,"worker_id":"e752f485-bbea-4d49-af05-5b23d972e824-140297682608256","trial_id":66,"param_name":"JointSlopeAngle","param_value_internal":0.6301597340525256,"distribution":"{\"name\": \"FloatDistribution\", \"attributes\": {\"step\": null, \"low\": 0.55, \"high\": 0.65, \"log\": false}}"}
{"op_code":5,"worker_id":"e752f485-bbea-4d49-af05-5b23d972e824-140297682608256","trial_id":66,"param_name":"OuterRadius","param_value_internal":17.88063414596143,"distribution":"{\"name\": \"FloatDistribution\", \"attributes\": {\"step\": null, \"low\": 17.0, \"high\": 18.0, \"log\": false}}"}
{"op_code":5,"worker_id":"e752f485-bbea-4d49-af05-5b23d972e824-140297682608256","trial_id":66,"param_name":"JointHeight","param_value_internal":6.662769016930405,"distribution":"{\"name\": \"FloatDistribution\", \"attributes\": {\"step\": null, \"low\": 6.0, \"high\": 7.0, \"log\": false}}"}
{"op_code":5,"worker_id":"e752f485-bbea-4d49-af05-5b23d972e824-140297682608256","trial_id":66,"param_name":"CavityCorkThickness","param_value_internal":1.7464347487011878,"distribution":"{\"name\": \"FloatDistribution\", \"attributes\": {\"step\": null, \"low\": 1.5, \"high\": 2.5, \"log\": false}}"}
{"op_code":5,"worker_id":"e752f485-bbea-4d49-af05-5b23d972e824-140297682608256","trial_id":66,"param_name":"BellowHeight","param_value_internal":10.228197797291259,"distribution":"{\"name\": \"FloatDistribution\", \"attributes\": {\"step\": null, \"low\": 10.0, \"high\": 16.0, \"log\": false}}"}
{"op_code":5,"worker_id":"e752f485-bbea-4d49-af05-5b23d972e824-140297682608256","trial_id":66,"param_name":"WallThickness","param_value_internal":3.405506301808935,"distribution":"{\"name\": \"FloatDistribution\", \"attributes\": {\"step\": null, \"low\": 2.0, \"high\": 4.0, \"log\": false}}"}
{"op_code":5,"worker_id":"e752f485-bbea-4d49-af05-5b23d972e824-140297682608256","trial_id":66,"param_name":"PlateauHeight","param_value_internal":3.9707823444896566,"distribution":"{\"name\": \"FloatDistribution\", \"attributes\": {\"step\": null, \"low\": 3.6, \"high\": 4.1, \"log\": false}}"}
{"op_code":6,"worker_id":"ef6c19bf-d328-485d-847d-dea12d351541-140630367256704","trial_id":60,"state":1,"values":[-Infinity,-Infinity],"datetime_complete":"2026-06-05T15:36:44.935296"}
{"op_code":4,"worker_id":"ef6c19bf-d328-485d-847d-dea12d351541-140630367256704","study_id":0,"datetime_start":"2026-06-05T15:36:44.943374"}
{"op_code":9,"worker_id":"ef6c19bf-d328-485d-847d-dea12d351541-140630367256704","trial_id":67,"system_attr":{"nsga2:generation":1}}
{"op_code":5,"worker_id":"ef6c19bf-d328-485d-847d-dea12d351541-140630367256704","trial_id":67,"param_name":"JointSlopeAngle","param_value_internal":0.5594116462786963,"distribution":"{\"name\": \"FloatDistribution\", \"attributes\": {\"step\": null, \"low\": 0.55, \"high\": 0.65, \"log\": false}}"}
{"op_code":5,"worker_id":"ef6c19bf-d328-485d-847d-dea12d351541-140630367256704","trial_id":67,"param_name":"OuterRadius","param_value_internal":17.3520536809321,"distribution":"{\"name\": \"FloatDistribution\", \"attributes\": {\"step\": null, \"low\": 17.0, \"high\": 18.0, \"log\": false}}"}
{"op_code":5,"worker_id":"ef6c19bf-d328-485d-847d-dea12d351541-140630367256704","trial_id":67,"param_name":"JointHeight","param_value_internal":6.288191000603231,"distribution":"{\"name\": \"FloatDistribution\", \"attributes\": {\"step\": null, \"low\": 6.0, \"high\": 7.0, \"log\": false}}"}
{"op_code":5,"worker_id":"ef6c19bf-d328-485d-847d-dea12d351541-140630367256704","trial_id":67,"param_name":"CavityCorkThickness","param_value_internal":1.7208044955053183,"distribution":"{\"name\": \"FloatDistribution\", \"attributes\": {\"step\": null, \"low\": 1.5, \"high\": 2.5, \"log\": false}}"}
{"op_code":5,"worker_id":"ef6c19bf-d328-485d-847d-dea12d351541-140630367256704","trial_id":67,"param_name":"BellowHeight","param_value_internal":10.414528739848084,"distribution":"{\"name\": \"FloatDistribution\", \"attributes\": {\"step\": null, \"low\": 10.0, \"high\": 16.0, \"log\": false}}"}
{"op_code":5,"worker_id":"ef6c19bf-d328-485d-847d-dea12d351541-140630367256704","trial_id":67,"param_name":"WallThickness","param_value_internal":3.565329850952101,"distribution":"{\"name\": \"FloatDistribution\", \"attributes\": {\"step\": null, \"low\": 2.0, \"high\": 4.0, \"log\": false}}"}
{"op_code":5,"worker_id":"ef6c19bf-d328-485d-847d-dea12d351541-140630367256704","trial_id":67,"param_name":"PlateauHeight","param_value_internal":4.004209823464327,"distribution":"{\"name\": \"FloatDistribution\", \"attributes\": {\"step\": null, \"low\": 3.6, \"high\": 4.1, \"log\": false}}"}
{"op_code":6,"worker_id":"c03b9cfb-c3d9-4b57-872c-c9ce393433e1-140456776925312","trial_id":58,"state":1,"values":[-Infinity,-Infinity],"datetime_complete":"2026-06-05T15:36:45.143758"}
{"op_code":6,"worker_id":"b0b4ba47-f916-4407-8b27-ca2681ae1cfe-139733011476608","trial_id":57,"state":1,"values":[-Infinity,-Infinity],"datetime_complete":"2026-06-05T15:36:45.152463"}
{"op_code":4,"worker_id":"c03b9cfb-c3d9-4b57-872c-c9ce393433e1-140456776925312","study_id":0,"datetime_start":"2026-06-05T15:36:45.152952"}
{"op_code":4,"worker_id":"b0b4ba47-f916-4407-8b27-ca2681ae1cfe-139733011476608","study_id":0,"datetime_start":"2026-06-05T15:36:45.162895"}
{"op_code":3,"worker_id":"c03b9cfb-c3d9-4b57-872c-c9ce393433e1-140456776925312","study_id":0,"system_attr":{"nsga2:population:e3b0c44298fc1c149afbf4c8996fb92427ae41e4649b934ca495991b7852b855":[0,[58,57,56,55,54,53,52,51,50,49,48,47,46,45,44,43,42,41,40,39,38,37,36,35,34,33,32,31,30,29,28,27,26,25,24,23,22,21,20,19,18,17,16,15,14,13,12,11,10,9]]}}
{"op_code":3,"worker_id":"b0b4ba47-f916-4407-8b27-ca2681ae1cfe-139733011476608","study_id":0,"system_attr":{"nsga2:population:e3b0c44298fc1c149afbf4c8996fb92427ae41e4649b934ca495991b7852b855":[0,[58,57,56,55,54,53,52,51,50,49,48,47,46,45,44,43,42,41,40,39,38,37,36,35,34,33,32,31,30,29,28,27,26,25,24,23,22,21,20,19,18,17,16,15,14,13,12,11,10,9]]}}
{"op_code":9,"worker_id":"c03b9cfb-c3d9-4b57-872c-c9ce393433e1-140456776925312","trial_id":68,"system_attr":{"nsga2:generation":1}}
{"op_code":9,"worker_id":"b0b4ba47-f916-4407-8b27-ca2681ae1cfe-139733011476608","trial_id":69,"system_attr":{"nsga2:generation":1}}
{"op_code":5,"worker_id":"c03b9cfb-c3d9-4b57-872c-c9ce393433e1-140456776925312","trial_id":68,"param_name":"JointSlopeAngle","param_value_internal":0.5728038977727837,"distribution":"{\"name\": \"FloatDistribution\", \"attributes\": {\"step\": null, \"low\": 0.55, \"high\": 0.65, \"log\": false}}"}
{"op_code":5,"worker_id":"b0b4ba47-f916-4407-8b27-ca2681ae1cfe-139733011476608","trial_id":69,"param_name":"JointSlopeAngle","param_value_internal":0.5920714054584815,"distribution":"{\"name\": \"FloatDistribution\", \"attributes\": {\"step\": null, \"low\": 0.55, \"high\": 0.65, \"log\": false}}"}
{"op_code":5,"worker_id":"c03b9cfb-c3d9-4b57-872c-c9ce393433e1-140456776925312","trial_id":68,"param_name":"OuterRadius","param_value_internal":17.3520536809321,"distribution":"{\"name\": \"FloatDistribution\", \"attributes\": {\"step\": null, \"low\": 17.0, \"high\": 18.0, \"log\": false}}"}
{"op_code":5,"worker_id":"b0b4ba47-f916-4407-8b27-ca2681ae1cfe-139733011476608","trial_id":69,"param_name":"OuterRadius","param_value_internal":17.350433968748646,"distribution":"{\"name\": \"FloatDistribution\", \"attributes\": {\"step\": null, \"low\": 17.0, \"high\": 18.0, \"log\": false}}"}
{"op_code":5,"worker_id":"c03b9cfb-c3d9-4b57-872c-c9ce393433e1-140456776925312","trial_id":68,"param_name":"JointHeight","param_value_internal":6.964971740334153,"distribution":"{\"name\": \"FloatDistribution\", \"attributes\": {\"step\": null, \"low\": 6.0, \"high\": 7.0, \"log\": false}}"}
{"op_code":5,"worker_id":"b0b4ba47-f916-4407-8b27-ca2681ae1cfe-139733011476608","trial_id":69,"param_name":"JointHeight","param_value_internal":6.947169724115168,"distribution":"{\"name\": \"FloatDistribution\", \"attributes\": {\"step\": null, \"low\": 6.0, \"high\": 7.0, \"log\": false}}"}
{"op_code":5,"worker_id":"c03b9cfb-c3d9-4b57-872c-c9ce393433e1-140456776925312","trial_id":68,"param_name":"CavityCorkThickness","param_value_internal":1.7208044955053183,"distribution":"{\"name\": \"FloatDistribution\", \"attributes\": {\"step\": null, \"low\": 1.5, \"high\": 2.5, \"log\": false}}"}
{"op_code":5,"worker_id":"b0b4ba47-f916-4407-8b27-ca2681ae1cfe-139733011476608","trial_id":69,"param_name":"CavityCorkThickness","param_value_internal":1.8551160748279112,"distribution":"{\"name\": \"FloatDistribution\", \"attributes\": {\"step\": null, \"low\": 1.5, \"high\": 2.5, \"log\": false}}"}
{"op_code":5,"worker_id":"c03b9cfb-c3d9-4b57-872c-c9ce393433e1-140456776925312","trial_id":68,"param_name":"BellowHeight","param_value_internal":11.222777637818806,"distribution":"{\"name\": \"FloatDistribution\", \"attributes\": {\"step\": null, \"low\": 10.0, \"high\": 16.0, \"log\": false}}"}
{"op_code":5,"worker_id":"b0b4ba47-f916-4407-8b27-ca2681ae1cfe-139733011476608","trial_id":69,"param_name":"BellowHeight","param_value_internal":12.4688507856984,"distribution":"{\"name\": \"FloatDistribution\", \"attributes\": {\"step\": null, \"low\": 10.0, \"high\": 16.0, \"log\": false}}"}
{"op_code":5,"worker_id":"c03b9cfb-c3d9-4b57-872c-c9ce393433e1-140456776925312","trial_id":68,"param_name":"WallThickness","param_value_internal":2.510948042416202,"distribution":"{\"name\": \"FloatDistribution\", \"attributes\": {\"step\": null, \"low\": 2.0, \"high\": 4.0, \"log\": false}}"}
{"op_code":5,"worker_id":"b0b4ba47-f916-4407-8b27-ca2681ae1cfe-139733011476608","trial_id":69,"param_name":"WallThickness","param_value_internal":2.731340535284736,"distribution":"{\"name\": \"FloatDistribution\", \"attributes\": {\"step\": null, \"low\": 2.0, \"high\": 4.0, \"log\": false}}"}
{"op_code":5,"worker_id":"c03b9cfb-c3d9-4b57-872c-c9ce393433e1-140456776925312","trial_id":68,"param_name":"PlateauHeight","param_value_internal":4.004209823464327,"distribution":"{\"name\": \"FloatDistribution\", \"attributes\": {\"step\": null, \"low\": 3.6, \"high\": 4.1, \"log\": false}}"}
{"op_code":5,"worker_id":"b0b4ba47-f916-4407-8b27-ca2681ae1cfe-139733011476608","trial_id":69,"param_name":"PlateauHeight","param_value_internal":3.9089655816159357,"distribution":"{\"name\": \"FloatDistribution\", \"attributes\": {\"step\": null, \"low\": 3.6, \"high\": 4.1, \"log\": false}}"}
{"op_code":6,"worker_id":"97f51db3-9fe9-492e-8038-1176c2ed7377-139679613698176","trial_id":59,"state":1,"values":[-Infinity,-Infinity],"datetime_complete":"2026-06-05T15:36:45.260720"}
{"op_code":4,"worker_id":"97f51db3-9fe9-492e-8038-1176c2ed7377-139679613698176","study_id":0,"datetime_start":"2026-06-05T15:36:45.270170"}
{"op_code":9,"worker_id":"97f51db3-9fe9-492e-8038-1176c2ed7377-139679613698176","trial_id":70,"system_attr":{"nsga2:generation":1}}
{"op_code":5,"worker_id":"97f51db3-9fe9-492e-8038-1176c2ed7377-139679613698176","trial_id":70,"param_name":"JointSlopeAngle","param_value_internal":0.6415736594046606,"distribution":"{\"name\": \"FloatDistribution\", \"attributes\": {\"step\": null, \"low\": 0.55, \"high\": 0.65, \"log\": false}}"}
{"op_code":5,"worker_id":"97f51db3-9fe9-492e-8038-1176c2ed7377-139679613698176","trial_id":70,"param_name":"OuterRadius","param_value_internal":17.192466314217167,"distribution":"{\"name\": \"FloatDistribution\", \"attributes\": {\"step\": null, \"low\": 17.0, \"high\": 18.0, \"log\": false}}"}
{"op_code":5,"worker_id":"97f51db3-9fe9-492e-8038-1176c2ed7377-139679613698176","trial_id":70,"param_name":"JointHeight","param_value_internal":6.94716077574854,"distribution":"{\"name\": \"FloatDistribution\", \"attributes\": {\"step\": null, \"low\": 6.0, \"high\": 7.0, \"log\": false}}"}
{"op_code":5,"worker_id":"97f51db3-9fe9-492e-8038-1176c2ed7377-139679613698176","trial_id":70,"param_name":"CavityCorkThickness","param_value_internal":2.392421962218816,"distribution":"{\"name\": \"FloatDistribution\", \"attributes\": {\"step\": null, \"low\": 1.5, \"high\": 2.5, \"log\": false}}"}
{"op_code":5,"worker_id":"97f51db3-9fe9-492e-8038-1176c2ed7377-139679613698176","trial_id":70,"param_name":"BellowHeight","param_value_internal":11.326044909437053,"distribution":"{\"name\": \"FloatDistribution\", \"attributes\": {\"step\": null, \"low\": 10.0, \"high\": 16.0, \"log\": false}}"}
{"op_code":5,"worker_id":"97f51db3-9fe9-492e-8038-1176c2ed7377-139679613698176","trial_id":70,"param_name":"WallThickness","param_value_internal":3.328010920178341,"distribution":"{\"name\": \"FloatDistribution\", \"attributes\": {\"step\": null, \"low\": 2.0, \"high\": 4.0, \"log\": false}}"}
{"op_code":5,"worker_id":"97f51db3-9fe9-492e-8038-1176c2ed7377-139679613698176","trial_id":70,"param_name":"PlateauHeight","param_value_internal":3.7390635156639536,"distribution":"{\"name\": \"FloatDistribution\", \"attributes\": {\"step\": null, \"low\": 3.6, \"high\": 4.1, \"log\": false}}"}
{"op_code":6,"worker_id":"300f3d29-8d40-422e-bb99-b223f8c29663-139920484229248","trial_id":61,"state":1,"values":[-Infinity,-Infinity],"datetime_complete":"2026-06-05T15:36:45.328508"}
{"op_code":4,"worker_id":"300f3d29-8d40-422e-bb99-b223f8c29663-139920484229248","study_id":0,"datetime_start":"2026-06-05T15:36:45.336869"}
{"op_code":9,"worker_id":"300f3d29-8d40-422e-bb99-b223f8c29663-139920484229248","trial_id":71,"system_attr":{"nsga2:generation":1}}
{"op_code":5,"worker_id":"300f3d29-8d40-422e-bb99-b223f8c29663-139920484229248","trial_id":71,"param_name":"JointSlopeAngle","param_value_internal":0.648466638401166,"distribution":"{\"name\": \"FloatDistribution\", \"attributes\": {\"step\": null, \"low\": 0.55, \"high\": 0.65, \"log\": false}}"}
{"op_code":6,"worker_id":"bf1502cd-f71b-412d-8360-824076a57350-140608521244800","trial_id":62,"state":1,"values":[-Infinity,-Infinity],"datetime_complete":"2026-06-05T15:36:45.354276"}
{"op_code":5,"worker_id":"300f3d29-8d40-422e-bb99-b223f8c29663-139920484229248","trial_id":71,"param_name":"OuterRadius","param_value_internal":17.26155691111122,"distribution":"{\"name\": \"FloatDistribution\", \"attributes\": {\"step\": null, \"low\": 17.0, \"high\": 18.0, \"log\": false}}"}
{"op_code":5,"worker_id":"300f3d29-8d40-422e-bb99-b223f8c29663-139920484229248","trial_id":71,"param_name":"JointHeight","param_value_internal":6.095996552957566,"distribution":"{\"name\": \"FloatDistribution\", \"attributes\": {\"step\": null, \"low\": 6.0, \"high\": 7.0, \"log\": false}}"}
{"op_code":5,"worker_id":"300f3d29-8d40-422e-bb99-b223f8c29663-139920484229248","trial_id":71,"param_name":"CavityCorkThickness","param_value_internal":2.48954856463431,"distribution":"{\"name\": \"FloatDistribution\", \"attributes\": {\"step\": null, \"low\": 1.5, \"high\": 2.5, \"log\": false}}"}
{"op_code":6,"worker_id":"8f977f9e-ad16-450b-890e-5a75a8e6273a-140542201127040","trial_id":63,"state":1,"values":[-Infinity,-Infinity],"datetime_complete":"2026-06-05T15:36:45.371308"}
{"op_code":5,"worker_id":"300f3d29-8d40-422e-bb99-b223f8c29663-139920484229248","trial_id":71,"param_name":"BellowHeight","param_value_internal":15.066191830638445,"distribution":"{\"name\": \"FloatDistribution\", \"attributes\": {\"step\": null, \"low\": 10.0, \"high\": 16.0, \"log\": false}}"}
{"op_code":4,"worker_id":"bf1502cd-f71b-412d-8360-824076a57350-140608521244800","study_id":0,"datetime_start":"2026-06-05T15:36:45.365083"}
{"op_code":5,"worker_id":"300f3d29-8d40-422e-bb99-b223f8c29663-139920484229248","trial_id":71,"param_name":"WallThickness","param_value_internal":2.368890325074916,"distribution":"{\"name\": \"FloatDistribution\", \"attributes\": {\"step\": null, \"low\": 2.0, \"high\": 4.0, \"log\": false}}"}
{"op_code":4,"worker_id":"8f977f9e-ad16-450b-890e-5a75a8e6273a-140542201127040","study_id":0,"datetime_start":"2026-06-05T15:36:45.383108"}
{"op_code":5,"worker_id":"300f3d29-8d40-422e-bb99-b223f8c29663-139920484229248","trial_id":71,"param_name":"PlateauHeight","param_value_internal":4.091673935169234,"distribution":"{\"name\": \"FloatDistribution\", \"attributes\": {\"step\": null, \"low\": 3.6, \"high\": 4.1, \"log\": false}}"}
{"op_code":9,"worker_id":"bf1502cd-f71b-412d-8360-824076a57350-140608521244800","trial_id":72,"system_attr":{"nsga2:generation":1}}
{"op_code":9,"worker_id":"8f977f9e-ad16-450b-890e-5a75a8e6273a-140542201127040","trial_id":73,"system_attr":{"nsga2:generation":1}}
{"op_code":5,"worker_id":"bf1502cd-f71b-412d-8360-824076a57350-140608521244800","trial_id":72,"param_name":"JointSlopeAngle","param_value_internal":0.6279070530966486,"distribution":"{\"name\": \"FloatDistribution\", \"attributes\": {\"step\": null, \"low\": 0.55, \"high\": 0.65, \"log\": false}}"}
{"op_code":5,"worker_id":"8f977f9e-ad16-450b-890e-5a75a8e6273a-140542201127040","trial_id":73,"param_name":"JointSlopeAngle","param_value_internal":0.6415736594046606,"distribution":"{\"name\": \"FloatDistribution\", \"attributes\": {\"step\": null, \"low\": 0.55, \"high\": 0.65, \"log\": false}}"}
{"op_code":5,"worker_id":"bf1502cd-f71b-412d-8360-824076a57350-140608521244800","trial_id":72,"param_name":"OuterRadius","param_value_internal":17.3520536809321,"distribution":"{\"name\": \"FloatDistribution\", \"attributes\": {\"step\": null, \"low\": 17.0, \"high\": 18.0, \"log\": false}}"}
{"op_code":5,"worker_id":"8f977f9e-ad16-450b-890e-5a75a8e6273a-140542201127040","trial_id":73,"param_name":"OuterRadius","param_value_internal":17.8947636207486,"distribution":"{\"name\": \"FloatDistribution\", \"attributes\": {\"step\": null, \"low\": 17.0, \"high\": 18.0, \"log\": false}}"}
{"op_code":5,"worker_id":"bf1502cd-f71b-412d-8360-824076a57350-140608521244800","trial_id":72,"param_name":"JointHeight","param_value_internal":6.051728045630078,"distribution":"{\"name\": \"FloatDistribution\", \"attributes\": {\"step\": null, \"low\": 6.0, \"high\": 7.0, \"log\": false}}"}
{"op_code":5,"worker_id":"8f977f9e-ad16-450b-890e-5a75a8e6273a-140542201127040","trial_id":73,"param_name":"JointHeight","param_value_internal":6.710670336786648,"distribution":"{\"name\": \"FloatDistribution\", \"attributes\": {\"step\": null, \"low\": 6.0, \"high\": 7.0, \"log\": false}}"}
{"op_code":5,"worker_id":"bf1502cd-f71b-412d-8360-824076a57350-140608521244800","trial_id":72,"param_name":"CavityCorkThickness","param_value_internal":1.7208044955053183,"distribution":"{\"name\": \"FloatDistribution\", \"attributes\": {\"step\": null, \"low\": 1.5, \"high\": 2.5, \"log\": false}}"}
{"op_code":5,"worker_id":"8f977f9e-ad16-450b-890e-5a75a8e6273a-140542201127040","trial_id":73,"param_name":"CavityCorkThickness","param_value_internal":2.1378289760616807,"distribution":"{\"name\": \"FloatDistribution\", \"attributes\": {\"step\": null, \"low\": 1.5, \"high\": 2.5, \"log\": false}}"}
{"op_code":5,"worker_id":"bf1502cd-f71b-412d-8360-824076a57350-140608521244800","trial_id":72,"param_name":"BellowHeight","param_value_internal":10.414528739848084,"distribution":"{\"name\": \"FloatDistribution\", \"attributes\": {\"step\": null, \"low\": 10.0, \"high\": 16.0, \"log\": false}}"}
{"op_code":5,"worker_id":"8f977f9e-ad16-450b-890e-5a75a8e6273a-140542201127040","trial_id":73,"param_name":"BellowHeight","param_value_internal":13.137393459520572,"distribution":"{\"name\": \"FloatDistribution\", \"attributes\": {\"step\": null, \"low\": 10.0, \"high\": 16.0, \"log\": false}}"}
{"op_code":5,"worker_id":"bf1502cd-f71b-412d-8360-824076a57350-140608521244800","trial_id":72,"param_name":"WallThickness","param_value_internal":2.510948042416202,"distribution":"{\"name\": \"FloatDistribution\", \"attributes\": {\"step\": null, \"low\": 2.0, \"high\": 4.0, \"log\": false}}"}
{"op_code":5,"worker_id":"8f977f9e-ad16-450b-890e-5a75a8e6273a-140542201127040","trial_id":73,"param_name":"WallThickness","param_value_internal":2.4544039628403675,"distribution":"{\"name\": \"FloatDistribution\", \"attributes\": {\"step\": null, \"low\": 2.0, \"high\": 4.0, \"log\": false}}"}
{"op_code":5,"worker_id":"bf1502cd-f71b-412d-8360-824076a57350-140608521244800","trial_id":72,"param_name":"PlateauHeight","param_value_internal":4.004209823464327,"distribution":"{\"name\": \"FloatDistribution\", \"attributes\": {\"step\": null, \"low\": 3.6, \"high\": 4.1, \"log\": false}}"}
{"op_code":5,"worker_id":"8f977f9e-ad16-450b-890e-5a75a8e6273a-140542201127040","trial_id":73,"param_name":"PlateauHeight","param_value_internal":3.7672689707286104,"distribution":"{\"name\": \"FloatDistribution\", \"attributes\": {\"step\": null, \"low\": 3.6, \"high\": 4.1, \"log\": false}}"}
{"op_code":6,"worker_id":"e6f5af89-fc1a-49ca-b1fa-d486f6b613ec-140236679188608","trial_id":64,"state":1,"values":[-Infinity,-Infinity],"datetime_complete":"2026-06-05T15:36:45.523177"}
{"op_code":4,"worker_id":"e6f5af89-fc1a-49ca-b1fa-d486f6b613ec-140236679188608","study_id":0,"datetime_start":"2026-06-05T15:36:45.534787"}
{"op_code":9,"worker_id":"e6f5af89-fc1a-49ca-b1fa-d486f6b613ec-140236679188608","trial_id":74,"system_attr":{"nsga2:generation":1}}
{"op_code":5,"worker_id":"e6f5af89-fc1a-49ca-b1fa-d486f6b613ec-140236679188608","trial_id":74,"param_name":"JointSlopeAngle","param_value_internal":0.6183296725023978,"distribution":"{\"name\": \"FloatDistribution\", \"attributes\": {\"step\": null, \"low\": 0.55, \"high\": 0.65, \"log\": false}}"}
{"op_code":5,"worker_id":"e6f5af89-fc1a-49ca-b1fa-d486f6b613ec-140236679188608","trial_id":74,"param_name":"OuterRadius","param_value_internal":17.540155299097172,"distribution":"{\"name\": \"FloatDistribution\", \"attributes\": {\"step\": null, \"low\": 17.0, \"high\": 18.0, \"log\": false}}"}
{"op_code":5,"worker_id":"e6f5af89-fc1a-49ca-b1fa-d486f6b613ec-140236679188608","trial_id":74,"param_name":"JointHeight","param_value_internal":6.730274219157,"distribution":"{\"name\": \"FloatDistribution\", \"attributes\": {\"step\": null, \"low\": 6.0, \"high\": 7.0, \"log\": false}}"}
{"op_code":5,"worker_id":"e6f5af89-fc1a-49ca-b1fa-d486f6b613ec-140236679188608","trial_id":74,"param_name":"CavityCorkThickness","param_value_internal":2.363511322720281,"distribution":"{\"name\": \"FloatDistribution\", \"attributes\": {\"step\": null, \"low\": 1.5, \"high\": 2.5, \"log\": false}}"}
{"op_code":5,"worker_id":"e6f5af89-fc1a-49ca-b1fa-d486f6b613ec-140236679188608","trial_id":74,"param_name":"BellowHeight","param_value_internal":15.23729054385926,"distribution":"{\"name\": \"FloatDistribution\", \"attributes\": {\"step\": null, \"low\": 10.0, \"high\": 16.0, \"log\": false}}"}
{"op_code":5,"worker_id":"e6f5af89-fc1a-49ca-b1fa-d486f6b613ec-140236679188608","trial_id":74,"param_name":"WallThickness","param_value_internal":2.155604593749583,"distribution":"{\"name\": \"FloatDistribution\", \"attributes\": {\"step\": null, \"low\": 2.0, \"high\": 4.0, \"log\": false}}"}
{"op_code":5,"worker_id":"e6f5af89-fc1a-49ca-b1fa-d486f6b613ec-140236679188608","trial_id":74,"param_name":"PlateauHeight","param_value_internal":3.8233297676328077,"distribution":"{\"name\": \"FloatDistribution\", \"attributes\": {\"step\": null, \"low\": 3.6, \"high\": 4.1, \"log\": false}}"}
{"op_code":6,"worker_id":"0da0fcf1-9950-445a-a9a6-dc04c3acf373-140065782841472","trial_id":65,"state":1,"values":[-Infinity,-Infinity],"datetime_complete":"2026-06-05T15:36:45.681129"}
{"op_code":4,"worker_id":"0da0fcf1-9950-445a-a9a6-dc04c3acf373-140065782841472","study_id":0,"datetime_start":"2026-06-05T15:36:45.690186"}
{"op_code":9,"worker_id":"0da0fcf1-9950-445a-a9a6-dc04c3acf373-140065782841472","trial_id":75,"system_attr":{"nsga2:generation":1}}
{"op_code":5,"worker_id":"0da0fcf1-9950-445a-a9a6-dc04c3acf373-140065782841472","trial_id":75,"param_name":"JointSlopeAngle","param_value_internal":0.567980436107511,"distribution":"{\"name\": \"FloatDistribution\", \"attributes\": {\"step\": null, \"low\": 0.55, \"high\": 0.65, \"log\": false}}"}
{"op_code":5,"worker_id":"0da0fcf1-9950-445a-a9a6-dc04c3acf373-140065782841472","trial_id":75,"param_name":"OuterRadius","param_value_internal":17.443756812826766,"distribution":"{\"name\": \"FloatDistribution\", \"attributes\": {\"step\": null, \"low\": 17.0, \"high\": 18.0, \"log\": false}}"}
{"op_code":5,"worker_id":"0da0fcf1-9950-445a-a9a6-dc04c3acf373-140065782841472","trial_id":75,"param_name":"JointHeight","param_value_internal":6.599300469121385,"distribution":"{\"name\": \"FloatDistribution\", \"attributes\": {\"step\": null, \"low\": 6.0, \"high\": 7.0, \"log\": false}}"}
{"op_code":5,"worker_id":"0da0fcf1-9950-445a-a9a6-dc04c3acf373-140065782841472","trial_id":75,"param_name":"CavityCorkThickness","param_value_internal":2.206569269930972,"distribution":"{\"name\": \"FloatDistribution\", \"attributes\": {\"step\": null, \"low\": 1.5, \"high\": 2.5, \"log\": false}}"}
{"op_code":5,"worker_id":"0da0fcf1-9950-445a-a9a6-dc04c3acf373-140065782841472","trial_id":75,"param_name":"BellowHeight","param_value_internal":12.734817764111419,"distribution":"{\"name\": \"FloatDistribution\", \"attributes\": {\"step\": null, \"low\": 10.0, \"high\": 16.0, \"log\": false}}"}
{"op_code":5,"worker_id":"0da0fcf1-9950-445a-a9a6-dc04c3acf373-140065782841472","trial_id":75,"param_name":"WallThickness","param_value_internal":3.4116394004702766,"distribution":"{\"name\": \"FloatDistribution\", \"attributes\": {\"step\": null, \"low\": 2.0, \"high\": 4.0, \"log\": false}}"}
{"op_code":5,"worker_id":"0da0fcf1-9950-445a-a9a6-dc04c3acf373-140065782841472","trial_id":75,"param_name":"PlateauHeight","param_value_internal":3.6092671358593718,"distribution":"{\"name\": \"FloatDistribution\", \"attributes\": {\"step\": null, \"low\": 3.6, \"high\": 4.1, \"log\": false}}"}
{"op_code":6,"worker_id":"e752f485-bbea-4d49-af05-5b23d972e824-140297682608256","trial_id":66,"state":1,"values":[-Infinity,-Infinity],"datetime_complete":"2026-06-05T15:36:45.764771"}
{"op_code":0,"worker_id":"72ed94fc-aeff-48b2-a445-606c971978d9-140297682608256","study_name":"SensorFinger_6_optuna_evolutionary","directions":[2,2]}
{"op_code":0,"worker_id":"72ed94fc-aeff-48b2-a445-606c971978d9-140297682608256","study_name":"SensorFinger_6_optuna_evolutionary","directions":[2,2]}
{"op_code":6,"worker_id":"ef6c19bf-d328-485d-847d-dea12d351541-140630367256704","trial_id":67,"state":1,"values":[-Infinity,-Infinity],"datetime_complete":"2026-06-05T15:36:46.259602"}
{"op_code":0,"worker_id":"0217f5e8-41d1-40c9-bf09-bb3be6bf4325-140630367256704","study_name":"SensorFinger_6_optuna_evolutionary","directions":[2,2]}
{"op_code":0,"worker_id":"0217f5e8-41d1-40c9-bf09-bb3be6bf4325-140630367256704","study_name":"SensorFinger_6_optuna_evolutionary","directions":[2,2]}
{"op_code":0,"worker_id":"6735abc2-31e4-45f0-a1ae-df188d18e541-140297682608256","study_name":"SensorFinger_6_optuna_evolutionary","directions":[2,2]}
{"op_code":0,"worker_id":"6735abc2-31e4-45f0-a1ae-df188d18e541-140297682608256","study_name":"SensorFinger_6_optuna_evolutionary","directions":[2,2]}
{"op_code":6,"worker_id":"c03b9cfb-c3d9-4b57-872c-c9ce393433e1-140456776925312","trial_id":68,"state":1,"values":[-Infinity,-Infinity],"datetime_complete":"2026-06-05T15:36:46.899892"}
{"op_code":4,"worker_id":"c03b9cfb-c3d9-4b57-872c-c9ce393433e1-140456776925312","study_id":0,"datetime_start":"2026-06-05T15:36:46.909599"}
{"op_code":9,"worker_id":"c03b9cfb-c3d9-4b57-872c-c9ce393433e1-140456776925312","trial_id":76,"system_attr":{"nsga2:generation":1}}
{"op_code":5,"worker_id":"c03b9cfb-c3d9-4b57-872c-c9ce393433e1-140456776925312","trial_id":76,"param_name":"JointSlopeAngle","param_value_internal":0.6279070530966486,"distribution":"{\"name\": \"FloatDistribution\", \"attributes\": {\"step\": null, \"low\": 0.55, \"high\": 0.65, \"log\": false}}"}
{"op_code":5,"worker_id":"c03b9cfb-c3d9-4b57-872c-c9ce393433e1-140456776925312","trial_id":76,"param_name":"OuterRadius","param_value_internal":17.3520536809321,"distribution":"{\"name\": \"FloatDistribution\", \"attributes\": {\"step\": null, \"low\": 17.0, \"high\": 18.0, \"log\": false}}"}
{"op_code":6,"worker_id":"b0b4ba47-f916-4407-8b27-ca2681ae1cfe-139733011476608","trial_id":69,"state":1,"values":[-Infinity,-Infinity],"datetime_complete":"2026-06-05T15:36:46.931403"}
{"op_code":5,"worker_id":"c03b9cfb-c3d9-4b57-872c-c9ce393433e1-140456776925312","trial_id":76,"param_name":"JointHeight","param_value_internal":6.060116242601097,"distribution":"{\"name\": \"FloatDistribution\", \"attributes\": {\"step\": null, \"low\": 6.0, \"high\": 7.0, \"log\": false}}"}
{"op_code":5,"worker_id":"c03b9cfb-c3d9-4b57-872c-c9ce393433e1-140456776925312","trial_id":76,"param_name":"CavityCorkThickness","param_value_internal":1.567673709822333,"distribution":"{\"name\": \"FloatDistribution\", \"attributes\": {\"step\": null, \"low\": 1.5, \"high\": 2.5, \"log\": false}}"}
{"op_code":4,"worker_id":"b0b4ba47-f916-4407-8b27-ca2681ae1cfe-139733011476608","study_id":0,"datetime_start":"2026-06-05T15:36:46.943405"}
{"op_code":5,"worker_id":"c03b9cfb-c3d9-4b57-872c-c9ce393433e1-140456776925312","trial_id":76,"param_name":"BellowHeight","param_value_internal":10.414528739848084,"distribution":"{\"name\": \"FloatDistribution\", \"attributes\": {\"step\": null, \"low\": 10.0, \"high\": 16.0, \"log\": false}}"}
{"op_code":5,"worker_id":"c03b9cfb-c3d9-4b57-872c-c9ce393433e1-140456776925312","trial_id":76,"param_name":"WallThickness","param_value_internal":2.510948042416202,"distribution":"{\"name\": \"FloatDistribution\", \"attributes\": {\"step\": null, \"low\": 2.0, \"high\": 4.0, \"log\": false}}"}
{"op_code":9,"worker_id":"b0b4ba47-f916-4407-8b27-ca2681ae1cfe-139733011476608","trial_id":77,"system_attr":{"nsga2:generation":1}}
{"op_code":5,"worker_id":"c03b9cfb-c3d9-4b57-872c-c9ce393433e1-140456776925312","trial_id":76,"param_name":"PlateauHeight","param_value_internal":3.962958348364956,"distribution":"{\"name\": \"FloatDistribution\", \"attributes\": {\"step\": null, \"low\": 3.6, \"high\": 4.1, \"log\": false}}"}
{"op_code":5,"worker_id":"b0b4ba47-f916-4407-8b27-ca2681ae1cfe-139733011476608","trial_id":77,"param_name":"JointSlopeAngle","param_value_internal":0.6479274394247688,"distribution":"{\"name\": \"FloatDistribution\", \"attributes\": {\"step\": null, \"low\": 0.55, \"high\": 0.65, \"log\": false}}"}
{"op_code":5,"worker_id":"b0b4ba47-f916-4407-8b27-ca2681ae1cfe-139733011476608","trial_id":77,"param_name":"OuterRadius","param_value_internal":17.90458481730316,"distribution":"{\"name\": \"FloatDistribution\", \"attributes\": {\"step\": null, \"low\": 17.0, \"high\": 18.0, \"log\": false}}"}
{"op_code":5,"worker_id":"b0b4ba47-f916-4407-8b27-ca2681ae1cfe-139733011476608","trial_id":77,"param_name":"JointHeight","param_value_internal":6.6339118280285145,"distribution":"{\"name\": \"FloatDistribution\", \"attributes\": {\"step\": null, \"low\": 6.0, \"high\": 7.0, \"log\": false}}"}
{"op_code":5,"worker_id":"b0b4ba47-f916-4407-8b27-ca2681ae1cfe-139733011476608","trial_id":77,"param_name":"CavityCorkThickness","param_value_internal":2.0690484037335124,"distribution":"{\"name\": \"FloatDistribution\", \"attributes\": {\"step\": null, \"low\": 1.5, \"high\": 2.5, \"log\": false}}"}
{"op_code":5,"worker_id":"b0b4ba47-f916-4407-8b27-ca2681ae1cfe-139733011476608","trial_id":77,"param_name":"BellowHeight","param_value_internal":10.815437859466563,"distribution":"{\"name\": \"FloatDistribution\", \"attributes\": {\"step\": null, \"low\": 10.0, \"high\": 16.0, \"log\": false}}"}
{"op_code":5,"worker_id":"b0b4ba47-f916-4407-8b27-ca2681ae1cfe-139733011476608","trial_id":77,"param_name":"WallThickness","param_value_internal":2.526406735090718,"distribution":"{\"name\": \"FloatDistribution\", \"attributes\": {\"step\": null, \"low\": 2.0, \"high\": 4.0, \"log\": false}}"}
{"op_code":6,"worker_id":"97f51db3-9fe9-492e-8038-1176c2ed7377-139679613698176","trial_id":70,"state":1,"values":[-Infinity,-Infinity],"datetime_complete":"2026-06-05T15:36:47.000356"}
{"op_code":5,"worker_id":"b0b4ba47-f916-4407-8b27-ca2681ae1cfe-139733011476608","trial_id":77,"param_name":"PlateauHeight","param_value_internal":3.6247143463277,"distribution":"{\"name\": \"FloatDistribution\", \"attributes\": {\"step\": null, \"low\": 3.6, \"high\": 4.1, \"log\": false}}"}
{"op_code":4,"worker_id":"97f51db3-9fe9-492e-8038-1176c2ed7377-139679613698176","study_id":0,"datetime_start":"2026-06-05T15:36:47.012979"}
{"op_code":9,"worker_id":"97f51db3-9fe9-492e-8038-1176c2ed7377-139679613698176","trial_id":78,"system_attr":{"nsga2:generation":1}}
{"op_code":5,"worker_id":"97f51db3-9fe9-492e-8038-1176c2ed7377-139679613698176","trial_id":78,"param_name":"JointSlopeAngle","param_value_internal":0.6393963902987718,"distribution":"{\"name\": \"FloatDistribution\", \"attributes\": {\"step\": null, \"low\": 0.55, \"high\": 0.65, \"log\": false}}"}
{"op_code":5,"worker_id":"97f51db3-9fe9-492e-8038-1176c2ed7377-139679613698176","trial_id":78,"param_name":"OuterRadius","param_value_internal":17.621866776228075,"distribution":"{\"name\": \"FloatDistribution\", \"attributes\": {\"step\": null, \"low\": 17.0, \"high\": 18.0, \"log\": false}}"}
{"op_code":5,"worker_id":"97f51db3-9fe9-492e-8038-1176c2ed7377-139679613698176","trial_id":78,"param_name":"JointHeight","param_value_internal":6.489810882030844,"distribution":"{\"name\": \"FloatDistribution\", \"attributes\": {\"step\": null, \"low\": 6.0, \"high\": 7.0, \"log\": false}}"}
{"op_code":5,"worker_id":"97f51db3-9fe9-492e-8038-1176c2ed7377-139679613698176","trial_id":78,"param_name":"CavityCorkThickness","param_value_internal":2.335421442900538,"distribution":"{\"name\": \"FloatDistribution\", \"attributes\": {\"step\": null, \"low\": 1.5, \"high\": 2.5, \"log\": false}}"}
{"op_code":5,"worker_id":"97f51db3-9fe9-492e-8038-1176c2ed7377-139679613698176","trial_id":78,"param_name":"BellowHeight","param_value_internal":10.070965969783071,"distribution":"{\"name\": \"FloatDistribution\", \"attributes\": {\"step\": null, \"low\": 10.0, \"high\": 16.0, \"log\": false}}"}
{"op_code":5,"worker_id":"97f51db3-9fe9-492e-8038-1176c2ed7377-139679613698176","trial_id":78,"param_name":"WallThickness","param_value_internal":2.7902567127740445,"distribution":"{\"name\": \"FloatDistribution\", \"attributes\": {\"step\": null, \"low\": 2.0, \"high\": 4.0, \"log\": false}}"}
{"op_code":5,"worker_id":"97f51db3-9fe9-492e-8038-1176c2ed7377-139679613698176","trial_id":78,"param_name":"PlateauHeight","param_value_internal":3.9440036314317553,"distribution":"{\"name\": \"FloatDistribution\", \"attributes\": {\"step\": null, \"low\": 3.6, \"high\": 4.1, \"log\": false}}"}
{"op_code":6,"worker_id":"300f3d29-8d40-422e-bb99-b223f8c29663-139920484229248","trial_id":71,"state":1,"values":[-Infinity,-Infinity],"datetime_complete":"2026-06-05T15:36:47.070645"}
{"op_code":4,"worker_id":"300f3d29-8d40-422e-bb99-b223f8c29663-139920484229248","study_id":0,"datetime_start":"2026-06-05T15:36:47.080204"}
{"op_code":9,"worker_id":"300f3d29-8d40-422e-bb99-b223f8c29663-139920484229248","trial_id":79,"system_attr":{"nsga2:generation":1}}
{"op_code":5,"worker_id":"300f3d29-8d40-422e-bb99-b223f8c29663-139920484229248","trial_id":79,"param_name":"JointSlopeAngle","param_value_internal":0.6301597340525256,"distribution":"{\"name\": \"FloatDistribution\", \"attributes\": {\"step\": null, \"low\": 0.55, \"high\": 0.65, \"log\": false}}"}
{"op_code":5,"worker_id":"300f3d29-8d40-422e-bb99-b223f8c29663-139920484229248","trial_id":79,"param_name":"OuterRadius","param_value_internal":17.11927299702134,"distribution":"{\"name\": \"FloatDistribution\", \"attributes\": {\"step\": null, \"low\": 17.0, \"high\": 18.0, \"log\": false}}"}
{"op_code":5,"worker_id":"300f3d29-8d40-422e-bb99-b223f8c29663-139920484229248","trial_id":79,"param_name":"JointHeight","param_value_internal":6.662769016930405,"distribution":"{\"name\": \"FloatDistribution\", \"attributes\": {\"step\": null, \"low\": 6.0, \"high\": 7.0, \"log\": false}}"}
{"op_code":5,"worker_id":"300f3d29-8d40-422e-bb99-b223f8c29663-139920484229248","trial_id":79,"param_name":"CavityCorkThickness","param_value_internal":1.7464347487011878,"distribution":"{\"name\": \"FloatDistribution\", \"attributes\": {\"step\": null, \"low\": 1.5, \"high\": 2.5, \"log\": false}}"}
{"op_code":5,"worker_id":"300f3d29-8d40-422e-bb99-b223f8c29663-139920484229248","trial_id":79,"param_name":"BellowHeight","param_value_internal":10.635675406311456,"distribution":"{\"name\": \"FloatDistribution\", \"attributes\": {\"step\": null, \"low\": 10.0, \"high\": 16.0, \"log\": false}}"}
{"op_code":0,"worker_id":"c448ba3e-8cc4-49ee-8804-24323153c038-140630367256704","study_name":"SensorFinger_6_optuna_evolutionary","directions":[2,2]}
{"op_code":5,"worker_id":"300f3d29-8d40-422e-bb99-b223f8c29663-139920484229248","trial_id":79,"param_name":"WallThickness","param_value_internal":2.10483065109333,"distribution":"{\"name\": \"FloatDistribution\", \"attributes\": {\"step\": null, \"low\": 2.0, \"high\": 4.0, \"log\": false}}"}
{"op_code":6,"worker_id":"bf1502cd-f71b-412d-8360-824076a57350-140608521244800","trial_id":72,"state":1,"values":[-Infinity,-Infinity],"datetime_complete":"2026-06-05T15:36:47.128005"}
{"op_code":0,"worker_id":"c448ba3e-8cc4-49ee-8804-24323153c038-140630367256704","study_name":"SensorFinger_6_optuna_evolutionary","directions":[2,2]}
{"op_code":5,"worker_id":"300f3d29-8d40-422e-bb99-b223f8c29663-139920484229248","trial_id":79,"param_name":"PlateauHeight","param_value_internal":3.9707823444896566,"distribution":"{\"name\": \"FloatDistribution\", \"attributes\": {\"step\": null, \"low\": 3.6, \"high\": 4.1, \"log\": false}}"}
{"op_code":4,"worker_id":"bf1502cd-f71b-412d-8360-824076a57350-140608521244800","study_id":0,"datetime_start":"2026-06-05T15:36:47.139268"}
{"op_code":6,"worker_id":"8f977f9e-ad16-450b-890e-5a75a8e6273a-140542201127040","trial_id":73,"state":1,"values":[-Infinity,-Infinity],"datetime_complete":"2026-06-05T15:36:47.146865"}
{"op_code":9,"worker_id":"bf1502cd-f71b-412d-8360-824076a57350-140608521244800","trial_id":80,"system_attr":{"nsga2:generation":1}}
{"op_code":4,"worker_id":"8f977f9e-ad16-450b-890e-5a75a8e6273a-140542201127040","study_id":0,"datetime_start":"2026-06-05T15:36:47.158240"}
{"op_code":5,"worker_id":"bf1502cd-f71b-412d-8360-824076a57350-140608521244800","trial_id":80,"param_name":"JointSlopeAngle","param_value_internal":0.6335850210121924,"distribution":"{\"name\": \"FloatDistribution\", \"attributes\": {\"step\": null, \"low\": 0.55, \"high\": 0.65, \"log\": false}}"}
{"op_code":5,"worker_id":"bf1502cd-f71b-412d-8360-824076a57350-140608521244800","trial_id":80,"param_name":"OuterRadius","param_value_internal":17.37577950734934,"distribution":"{\"name\": \"FloatDistribution\", \"attributes\": {\"step\": null, \"low\": 17.0, \"high\": 18.0, \"log\": false}}"}
{"op_code":9,"worker_id":"8f977f9e-ad16-450b-890e-5a75a8e6273a-140542201127040","trial_id":81,"system_attr":{"nsga2:generation":1}}
{"op_code":5,"worker_id":"bf1502cd-f71b-412d-8360-824076a57350-140608521244800","trial_id":80,"param_name":"JointHeight","param_value_internal":6.395705321906928,"distribution":"{\"name\": \"FloatDistribution\", \"attributes\": {\"step\": null, \"low\": 6.0, \"high\": 7.0, \"log\": false}}"}
{"op_code":5,"worker_id":"8f977f9e-ad16-450b-890e-5a75a8e6273a-140542201127040","trial_id":81,"param_name":"JointSlopeAngle","param_value_internal":0.5984936732290537,"distribution":"{\"name\": \"FloatDistribution\", \"attributes\": {\"step\": null, \"low\": 0.55, \"high\": 0.65, \"log\": false}}"}
{"op_code":5,"worker_id":"bf1502cd-f71b-412d-8360-824076a57350-140608521244800","trial_id":80,"param_name":"CavityCorkThickness","param_value_internal":1.7821565893312044,"distribution":"{\"name\": \"FloatDistribution\", \"attributes\": {\"step\": null, \"low\": 1.5, \"high\": 2.5, \"log\": false}}"}
{"op_code":5,"worker_id":"8f977f9e-ad16-450b-890e-5a75a8e6273a-140542201127040","trial_id":81,"param_name":"OuterRadius","param_value_internal":17.411359580881253,"distribution":"{\"name\": \"FloatDistribution\", \"attributes\": {\"step\": null, \"low\": 17.0, \"high\": 18.0, \"log\": false}}"}
{"op_code":5,"worker_id":"bf1502cd-f71b-412d-8360-824076a57350-140608521244800","trial_id":80,"param_name":"BellowHeight","param_value_internal":13.039278798711194,"distribution":"{\"name\": \"FloatDistribution\", \"attributes\": {\"step\": null, \"low\": 10.0, \"high\": 16.0, \"log\": false}}"}
{"op_code":5,"worker_id":"8f977f9e-ad16-450b-890e-5a75a8e6273a-140542201127040","trial_id":81,"param_name":"JointHeight","param_value_internal":6.946750501083432,"distribution":"{\"name\": \"FloatDistribution\", \"attributes\": {\"step\": null, \"low\": 6.0, \"high\": 7.0, \"log\": false}}"}
{"op_code":5,"worker_id":"bf1502cd-f71b-412d-8360-824076a57350-140608521244800","trial_id":80,"param_name":"WallThickness","param_value_internal":3.0284512246392747,"distribution":"{\"name\": \"FloatDistribution\", \"attributes\": {\"step\": null, \"low\": 2.0, \"high\": 4.0, \"log\": false}}"}
{"op_code":5,"worker_id":"8f977f9e-ad16-450b-890e-5a75a8e6273a-140542201127040","trial_id":81,"param_name":"CavityCorkThickness","param_value_internal":2.083976394984968,"distribution":"{\"name\": \"FloatDistribution\", \"attributes\": {\"step\": null, \"low\": 1.5, \"high\": 2.5, \"log\": false}}"}
{"op_code":5,"worker_id":"bf1502cd-f71b-412d-8360-824076a57350-140608521244800","trial_id":80,"param_name":"PlateauHeight","param_value_internal":3.7462917070825124,"distribution":"{\"name\": \"FloatDistribution\", \"attributes\": {\"step\": null, \"low\": 3.6, \"high\": 4.1, \"log\": false}}"}
{"op_code":5,"worker_id":"8f977f9e-ad16-450b-890e-5a75a8e6273a-140542201127040","trial_id":81,"param_name":"BellowHeight","param_value_internal":14.714843771645032,"distribution":"{\"name\": \"FloatDistribution\", \"attributes\": {\"step\": null, \"low\": 10.0, \"high\": 16.0, \"log\": false}}"}
{"op_code":5,"worker_id":"8f977f9e-ad16-450b-890e-5a75a8e6273a-140542201127040","trial_id":81,"param_name":"WallThickness","param_value_internal":3.1997454334777804,"distribution":"{\"name\": \"FloatDistribution\", \"attributes\": {\"step\": null, \"low\": 2.0, \"high\": 4.0, \"log\": false}}"}
{"op_code":5,"worker_id":"8f977f9e-ad16-450b-890e-5a75a8e6273a-140542201127040","trial_id":81,"param_name":"PlateauHeight","param_value_internal":3.8666176163305432,"distribution":"{\"name\": \"FloatDistribution\", \"attributes\": {\"step\": null, \"low\": 3.6, \"high\": 4.1, \"log\": false}}"}
{"op_code":6,"worker_id":"e6f5af89-fc1a-49ca-b1fa-d486f6b613ec-140236679188608","trial_id":74,"state":1,"values":[-Infinity,-Infinity],"datetime_complete":"2026-06-05T15:36:47.265514"}
{"op_code":4,"worker_id":"e6f5af89-fc1a-49ca-b1fa-d486f6b613ec-140236679188608","study_id":0,"datetime_start":"2026-06-05T15:36:47.275541"}
{"op_code":9,"worker_id":"e6f5af89-fc1a-49ca-b1fa-d486f6b613ec-140236679188608","trial_id":82,"system_attr":{"nsga2:generation":1}}
{"op_code":5,"worker_id":"e6f5af89-fc1a-49ca-b1fa-d486f6b613ec-140236679188608","trial_id":82,"param_name":"JointSlopeAngle","param_value_internal":0.6128666187797791,"distribution":"{\"name\": \"FloatDistribution\", \"attributes\": {\"step\": null, \"low\": 0.55, \"high\": 0.65, \"log\": false}}"}
{"op_code":5,"worker_id":"e6f5af89-fc1a-49ca-b1fa-d486f6b613ec-140236679188608","trial_id":82,"param_name":"OuterRadius","param_value_internal":17.910739900257763,"distribution":"{\"name\": \"FloatDistribution\", \"attributes\": {\"step\": null, \"low\": 17.0, \"high\": 18.0, \"log\": false}}"}
{"op_code":5,"worker_id":"e6f5af89-fc1a-49ca-b1fa-d486f6b613ec-140236679188608","trial_id":82,"param_name":"JointHeight","param_value_internal":6.075896604728664,"distribution":"{\"name\": \"FloatDistribution\", \"attributes\": {\"step\": null, \"low\": 6.0, \"high\": 7.0, \"log\": false}}"}
{"op_code":5,"worker_id":"e6f5af89-fc1a-49ca-b1fa-d486f6b613ec-140236679188608","trial_id":82,"param_name":"CavityCorkThickness","param_value_internal":1.7989500937426044,"distribution":"{\"name\": \"FloatDistribution\", \"attributes\": {\"step\": null, \"low\": 1.5, \"high\": 2.5, \"log\": false}}"}
{"op_code":5,"worker_id":"e6f5af89-fc1a-49ca-b1fa-d486f6b613ec-140236679188608","trial_id":82,"param_name":"BellowHeight","param_value_internal":12.296804427048613,"distribution":"{\"name\": \"FloatDistribution\", \"attributes\": {\"step\": null, \"low\": 10.0, \"high\": 16.0, \"log\": false}}"}
{"op_code":5,"worker_id":"e6f5af89-fc1a-49ca-b1fa-d486f6b613ec-140236679188608","trial_id":82,"param_name":"WallThickness","param_value_internal":3.9808300999055968,"distribution":"{\"name\": \"FloatDistribution\", \"attributes\": {\"step\": null, \"low\": 2.0, \"high\": 4.0, \"log\": false}}"}
{"op_code":5,"worker_id":"e6f5af89-fc1a-49ca-b1fa-d486f6b613ec-140236679188608","trial_id":82,"param_name":"PlateauHeight","param_value_internal":4.017149697361218,"distribution":"{\"name\": \"FloatDistribution\", \"attributes\": {\"step\": null, \"low\": 3.6, \"high\": 4.1, \"log\": false}}"}
{"op_code":6,"worker_id":"0da0fcf1-9950-445a-a9a6-dc04c3acf373-140065782841472","trial_id":75,"state":1,"values":[-Infinity,-Infinity],"datetime_complete":"2026-06-05T15:36:47.395360"}
{"op_code":4,"worker_id":"0da0fcf1-9950-445a-a9a6-dc04c3acf373-140065782841472","study_id":0,"datetime_start":"2026-06-05T15:36:47.403920"}
{"op_code":9,"worker_id":"0da0fcf1-9950-445a-a9a6-dc04c3acf373-140065782841472","trial_id":83,"system_attr":{"nsga2:generation":1}}
{"op_code":5,"worker_id":"0da0fcf1-9950-445a-a9a6-dc04c3acf373-140065782841472","trial_id":83,"param_name":"JointSlopeAngle","param_value_internal":0.584652050357441,"distribution":"{\"name\": \"FloatDistribution\", \"attributes\": {\"step\": null, \"low\": 0.55, \"high\": 0.65, \"log\": false}}"}
{"op_code":5,"worker_id":"0da0fcf1-9950-445a-a9a6-dc04c3acf373-140065782841472","trial_id":83,"param_name":"OuterRadius","param_value_internal":17.98605212111592,"distribution":"{\"name\": \"FloatDistribution\", \"attributes\": {\"step\": null, \"low\": 17.0, \"high\": 18.0, \"log\": false}}"}
{"op_code":5,"worker_id":"0da0fcf1-9950-445a-a9a6-dc04c3acf373-140065782841472","trial_id":83,"param_name":"JointHeight","param_value_internal":6.7546278347042055,"distribution":"{\"name\": \"FloatDistribution\", \"attributes\": {\"step\": null, \"low\": 6.0, \"high\": 7.0, \"log\": false}}"}
{"op_code":5,"worker_id":"0da0fcf1-9950-445a-a9a6-dc04c3acf373-140065782841472","trial_id":83,"param_name":"CavityCorkThickness","param_value_internal":1.6121165038970116,"distribution":"{\"name\": \"FloatDistribution\", \"attributes\": {\"step\": null, \"low\": 1.5, \"high\": 2.5, \"log\": false}}"}
{"op_code":5,"worker_id":"0da0fcf1-9950-445a-a9a6-dc04c3acf373-140065782841472","trial_id":83,"param_name":"BellowHeight","param_value_internal":11.10306063282446,"distribution":"{\"name\": \"FloatDistribution\", \"attributes\": {\"step\": null, \"low\": 10.0, \"high\": 16.0, \"log\": false}}"}
{"op_code":5,"worker_id":"0da0fcf1-9950-445a-a9a6-dc04c3acf373-140065782841472","trial_id":83,"param_name":"WallThickness","param_value_internal":3.499208243470357,"distribution":"{\"name\": \"FloatDistribution\", \"attributes\": {\"step\": null, \"low\": 2.0, \"high\": 4.0, \"log\": false}}"}
{"op_code":5,"worker_id":"0da0fcf1-9950-445a-a9a6-dc04c3acf373-140065782841472","trial_id":83,"param_name":"PlateauHeight","param_value_internal":3.796381758123283,"distribution":"{\"name\": \"FloatDistribution\", \"attributes\": {\"step\": null, \"low\": 3.6, \"high\": 4.1, \"log\": false}}"}
{"op_code":6,"worker_id":"b0b4ba47-f916-4407-8b27-ca2681ae1cfe-139733011476608","trial_id":77,"state":1,"values":[-Infinity,-Infinity],"datetime_complete":"2026-06-05T15:36:48.501939"}
{"op_code":4,"worker_id":"b0b4ba47-f916-4407-8b27-ca2681ae1cfe-139733011476608","study_id":0,"datetime_start":"2026-06-05T15:36:48.511280"}
{"op_code":9,"worker_id":"b0b4ba47-f916-4407-8b27-ca2681ae1cfe-139733011476608","trial_id":84,"system_attr":{"nsga2:generation":1}}
{"op_code":5,"worker_id":"b0b4ba47-f916-4407-8b27-ca2681ae1cfe-139733011476608","trial_id":84,"param_name":"JointSlopeAngle","param_value_internal":0.6289880678439997,"distribution":"{\"name\": \"FloatDistribution\", \"attributes\": {\"step\": null, \"low\": 0.55, \"high\": 0.65, \"log\": false}}"}
{"op_code":5,"worker_id":"b0b4ba47-f916-4407-8b27-ca2681ae1cfe-139733011476608","trial_id":84,"param_name":"OuterRadius","param_value_internal":17.225623736697067,"distribution":"{\"name\": \"FloatDistribution\", \"attributes\": {\"step\": null, \"low\": 17.0, \"high\": 18.0, \"log\": false}}"}
{"op_code":5,"worker_id":"b0b4ba47-f916-4407-8b27-ca2681ae1cfe-139733011476608","trial_id":84,"param_name":"JointHeight","param_value_internal":6.6339118280285145,"distribution":"{\"name\": \"FloatDistribution\", \"attributes\": {\"step\": null, \"low\": 6.0, \"high\": 7.0, \"log\": false}}"}
{"op_code":5,"worker_id":"b0b4ba47-f916-4407-8b27-ca2681ae1cfe-139733011476608","trial_id":84,"param_name":"CavityCorkThickness","param_value_internal":2.161778267885816,"distribution":"{\"name\": \"FloatDistribution\", \"attributes\": {\"step\": null, \"low\": 1.5, \"high\": 2.5, \"log\": false}}"}
{"op_code":5,"worker_id":"b0b4ba47-f916-4407-8b27-ca2681ae1cfe-139733011476608","trial_id":84,"param_name":"BellowHeight","param_value_internal":10.435315992013166,"distribution":"{\"name\": \"FloatDistribution\", \"attributes\": {\"step\": null, \"low\": 10.0, \"high\": 16.0, \"log\": false}}"}
{"op_code":5,"worker_id":"b0b4ba47-f916-4407-8b27-ca2681ae1cfe-139733011476608","trial_id":84,"param_name":"WallThickness","param_value_internal":2.522304072498489,"distribution":"{\"name\": \"FloatDistribution\", \"attributes\": {\"step\": null, \"low\": 2.0, \"high\": 4.0, \"log\": false}}"}
{"op_code":5,"worker_id":"b0b4ba47-f916-4407-8b27-ca2681ae1cfe-139733011476608","trial_id":84,"param_name":"PlateauHeight","param_value_internal":3.9780932556003794,"distribution":"{\"name\": \"FloatDistribution\", \"attributes\": {\"step\": null, \"low\": 3.6, \"high\": 4.1, \"log\": false}}"}
{"op_code":6,"worker_id":"c03b9cfb-c3d9-4b57-872c-c9ce393433e1-140456776925312","trial_id":76,"state":1,"values":[-Infinity,-Infinity],"datetime_complete":"2026-06-05T15:36:48.624778"}
{"op_code":4,"worker_id":"c03b9cfb-c3d9-4b57-872c-c9ce393433e1-140456776925312","study_id":0,"datetime_start":"2026-06-05T15:36:48.634780"}
{"op_code":9,"worker_id":"c03b9cfb-c3d9-4b57-872c-c9ce393433e1-140456776925312","trial_id":85,"system_attr":{"nsga2:generation":1}}
{"op_code":5,"worker_id":"c03b9cfb-c3d9-4b57-872c-c9ce393433e1-140456776925312","trial_id":85,"param_name":"JointSlopeAngle","param_value_internal":0.5572218275289217,"distribution":"{\"name\": \"FloatDistribution\", \"attributes\": {\"step\": null, \"low\": 0.55, \"high\": 0.65, \"log\": false}}"}
{"op_code":5,"worker_id":"c03b9cfb-c3d9-4b57-872c-c9ce393433e1-140456776925312","trial_id":85,"param_name":"OuterRadius","param_value_internal":17.230972468423975,"distribution":"{\"name\": \"FloatDistribution\", \"attributes\": {\"step\": null, \"low\": 17.0, \"high\": 18.0, \"log\": false}}"}
{"op_code":5,"worker_id":"c03b9cfb-c3d9-4b57-872c-c9ce393433e1-140456776925312","trial_id":85,"param_name":"JointHeight","param_value_internal":6.884179067180682,"distribution":"{\"name\": \"FloatDistribution\", \"attributes\": {\"step\": null, \"low\": 6.0, \"high\": 7.0, \"log\": false}}"}
{"op_code":5,"worker_id":"c03b9cfb-c3d9-4b57-872c-c9ce393433e1-140456776925312","trial_id":85,"param_name":"CavityCorkThickness","param_value_internal":1.8852706936839625,"distribution":"{\"name\": \"FloatDistribution\", \"attributes\": {\"step\": null, \"low\": 1.5, \"high\": 2.5, \"log\": false}}"}
{"op_code":5,"worker_id":"c03b9cfb-c3d9-4b57-872c-c9ce393433e1-140456776925312","trial_id":85,"param_name":"BellowHeight","param_value_internal":10.094092726104686,"distribution":"{\"name\": \"FloatDistribution\", \"attributes\": {\"step\": null, \"low\": 10.0, \"high\": 16.0, \"log\": false}}"}
{"op_code":5,"worker_id":"c03b9cfb-c3d9-4b57-872c-c9ce393433e1-140456776925312","trial_id":85,"param_name":"WallThickness","param_value_internal":2.892847920351492,"distribution":"{\"name\": \"FloatDistribution\", \"attributes\": {\"step\": null, \"low\": 2.0, \"high\": 4.0, \"log\": false}}"}
{"op_code":5,"worker_id":"c03b9cfb-c3d9-4b57-872c-c9ce393433e1-140456776925312","trial_id":85,"param_name":"PlateauHeight","param_value_internal":3.9422994716595596,"distribution":"{\"name\": \"FloatDistribution\", \"attributes\": {\"step\": null, \"low\": 3.6, \"high\": 4.1, \"log\": false}}"}
{"op_code":6,"worker_id":"97f51db3-9fe9-492e-8038-1176c2ed7377-139679613698176","trial_id":78,"state":1,"values":[-Infinity,-Infinity],"datetime_complete":"2026-06-05T15:36:48.743918"}
{"op_code":4,"worker_id":"97f51db3-9fe9-492e-8038-1176c2ed7377-139679613698176","study_id":0,"datetime_start":"2026-06-05T15:36:48.752482"}
{"op_code":9,"worker_id":"97f51db3-9fe9-492e-8038-1176c2ed7377-139679613698176","trial_id":86,"system_attr":{"nsga2:generation":1}}
{"op_code":5,"worker_id":"97f51db3-9fe9-492e-8038-1176c2ed7377-139679613698176","trial_id":86,"param_name":"JointSlopeAngle","param_value_internal":0.6415736594046606,"distribution":"{\"name\": \"FloatDistribution\", \"attributes\": {\"step\": null, \"low\": 0.55, \"high\": 0.65, \"log\": false}}"}
{"op_code":5,"worker_id":"97f51db3-9fe9-492e-8038-1176c2ed7377-139679613698176","trial_id":86,"param_name":"OuterRadius","param_value_internal":17.85474284147263,"distribution":"{\"name\": \"FloatDistribution\", \"attributes\": {\"step\": null, \"low\": 17.0, \"high\": 18.0, \"log\": false}}"}
{"op_code":5,"worker_id":"97f51db3-9fe9-492e-8038-1176c2ed7377-139679613698176","trial_id":86,"param_name":"JointHeight","param_value_internal":6.232998136430608,"distribution":"{\"name\": \"FloatDistribution\", \"attributes\": {\"step\": null, \"low\": 6.0, \"high\": 7.0, \"log\": false}}"}
{"op_code":5,"worker_id":"97f51db3-9fe9-492e-8038-1176c2ed7377-139679613698176","trial_id":86,"param_name":"CavityCorkThickness","param_value_internal":1.5788781162824557,"distribution":"{\"name\": \"FloatDistribution\", \"attributes\": {\"step\": null, \"low\": 1.5, \"high\": 2.5, \"log\": false}}"}
{"op_code":5,"worker_id":"97f51db3-9fe9-492e-8038-1176c2ed7377-139679613698176","trial_id":86,"param_name":"BellowHeight","param_value_internal":13.137393459520572,"distribution":"{\"name\": \"FloatDistribution\", \"attributes\": {\"step\": null, \"low\": 10.0, \"high\": 16.0, \"log\": false}}"}
{"op_code":6,"worker_id":"300f3d29-8d40-422e-bb99-b223f8c29663-139920484229248","trial_id":79,"state":1,"values":[-Infinity,-Infinity],"datetime_complete":"2026-06-05T15:36:48.788082"}
{"op_code":5,"worker_id":"97f51db3-9fe9-492e-8038-1176c2ed7377-139679613698176","trial_id":86,"param_name":"WallThickness","param_value_internal":3.931411049436199,"distribution":"{\"name\": \"FloatDistribution\", \"attributes\": {\"step\": null, \"low\": 2.0, \"high\": 4.0, \"log\": false}}"}
{"op_code":5,"worker_id":"97f51db3-9fe9-492e-8038-1176c2ed7377-139679613698176","trial_id":86,"param_name":"PlateauHeight","param_value_internal":3.605858873654154,"distribution":"{\"name\": \"FloatDistribution\", \"attributes\": {\"step\": null, \"low\": 3.6, \"high\": 4.1, \"log\": false}}"}
{"op_code":4,"worker_id":"300f3d29-8d40-422e-bb99-b223f8c29663-139920484229248","study_id":0,"datetime_start":"2026-06-05T15:36:48.800624"}
{"op_code":9,"worker_id":"300f3d29-8d40-422e-bb99-b223f8c29663-139920484229248","trial_id":87,"system_attr":{"nsga2:generation":1}}
{"op_code":5,"worker_id":"300f3d29-8d40-422e-bb99-b223f8c29663-139920484229248","trial_id":87,"param_name":"JointSlopeAngle","param_value_internal":0.6476259272312629,"distribution":"{\"name\": \"FloatDistribution\", \"attributes\": {\"step\": null, \"low\": 0.55, \"high\": 0.65, \"log\": false}}"}
{"op_code":5,"worker_id":"300f3d29-8d40-422e-bb99-b223f8c29663-139920484229248","trial_id":87,"param_name":"OuterRadius","param_value_internal":17.8947636207486,"distribution":"{\"name\": \"FloatDistribution\", \"attributes\": {\"step\": null, \"low\": 17.0, \"high\": 18.0, \"log\": false}}"}
{"op_code":5,"worker_id":"300f3d29-8d40-422e-bb99-b223f8c29663-139920484229248","trial_id":87,"param_name":"JointHeight","param_value_internal":6.710670336786648,"distribution":"{\"name\": \"FloatDistribution\", \"attributes\": {\"step\": null, \"low\": 6.0, \"high\": 7.0, \"log\": false}}"}
{"op_code":5,"worker_id":"300f3d29-8d40-422e-bb99-b223f8c29663-139920484229248","trial_id":87,"param_name":"CavityCorkThickness","param_value_internal":2.167526016260077,"distribution":"{\"name\": \"FloatDistribution\", \"attributes\": {\"step\": null, \"low\": 1.5, \"high\": 2.5, \"log\": false}}"}
{"op_code":5,"worker_id":"300f3d29-8d40-422e-bb99-b223f8c29663-139920484229248","trial_id":87,"param_name":"BellowHeight","param_value_internal":14.209714531822744,"distribution":"{\"name\": \"FloatDistribution\", \"attributes\": {\"step\": null, \"low\": 10.0, \"high\": 16.0, \"log\": false}}"}
{"op_code":5,"worker_id":"300f3d29-8d40-422e-bb99-b223f8c29663-139920484229248","trial_id":87,"param_name":"WallThickness","param_value_internal":3.26570653338013,"distribution":"{\"name\": \"FloatDistribution\", \"attributes\": {\"step\": null, \"low\": 2.0, \"high\": 4.0, \"log\": false}}"}
{"op_code":5,"worker_id":"300f3d29-8d40-422e-bb99-b223f8c29663-139920484229248","trial_id":87,"param_name":"PlateauHeight","param_value_internal":4.036411968810782,"distribution":"{\"name\": \"FloatDistribution\", \"attributes\": {\"step\": null, \"low\": 3.6, \"high\": 4.1, \"log\": false}}"}
{"op_code":6,"worker_id":"bf1502cd-f71b-412d-8360-824076a57350-140608521244800","trial_id":80,"state":1,"values":[-Infinity,-Infinity],"datetime_complete":"2026-06-05T15:36:48.868919"}
{"op_code":4,"worker_id":"bf1502cd-f71b-412d-8360-824076a57350-140608521244800","study_id":0,"datetime_start":"2026-06-05T15:36:48.877687"}
{"op_code":9,"worker_id":"bf1502cd-f71b-412d-8360-824076a57350-140608521244800","trial_id":88,"system_attr":{"nsga2:generation":1}}
{"op_code":5,"worker_id":"bf1502cd-f71b-412d-8360-824076a57350-140608521244800","trial_id":88,"param_name":"JointSlopeAngle","param_value_internal":0.6013932410284905,"distribution":"{\"name\": \"FloatDistribution\", \"attributes\": {\"step\": null, \"low\": 0.55, \"high\": 0.65, \"log\": false}}"}
{"op_code":5,"worker_id":"bf1502cd-f71b-412d-8360-824076a57350-140608521244800","trial_id":88,"param_name":"OuterRadius","param_value_internal":17.55095073020049,"distribution":"{\"name\": \"FloatDistribution\", \"attributes\": {\"step\": null, \"low\": 17.0, \"high\": 18.0, \"log\": false}}"}
{"op_code":5,"worker_id":"bf1502cd-f71b-412d-8360-824076a57350-140608521244800","trial_id":88,"param_name":"JointHeight","param_value_internal":6.025092155883103,"distribution":"{\"name\": \"FloatDistribution\", \"attributes\": {\"step\": null, \"low\": 6.0, \"high\": 7.0, \"log\": false}}"}
{"op_code":5,"worker_id":"bf1502cd-f71b-412d-8360-824076a57350-140608521244800","trial_id":88,"param_name":"CavityCorkThickness","param_value_internal":2.2016486899434913,"distribution":"{\"name\": \"FloatDistribution\", \"attributes\": {\"step\": null, \"low\": 1.5, \"high\": 2.5, \"log\": false}}"}
{"op_code":5,"worker_id":"bf1502cd-f71b-412d-8360-824076a57350-140608521244800","trial_id":88,"param_name":"BellowHeight","param_value_internal":14.974367761207706,"distribution":"{\"name\": \"FloatDistribution\", \"attributes\": {\"step\": null, \"low\": 10.0, \"high\": 16.0, \"log\": false}}"}
{"op_code":5,"worker_id":"bf1502cd-f71b-412d-8360-824076a57350-140608521244800","trial_id":88,"param_name":"WallThickness","param_value_internal":3.3360451403067355,"distribution":"{\"name\": \"FloatDistribution\", \"attributes\": {\"step\": null, \"low\": 2.0, \"high\": 4.0, \"log\": false}}"}
{"op_code":6,"worker_id":"8f977f9e-ad16-450b-890e-5a75a8e6273a-140542201127040","trial_id":81,"state":1,"values":[-Infinity,-Infinity],"datetime_complete":"2026-06-05T15:36:48.917905"}
{"op_code":5,"worker_id":"bf1502cd-f71b-412d-8360-824076a57350-140608521244800","trial_id":88,"param_name":"PlateauHeight","param_value_internal":3.7533068195517885,"distribution":"{\"name\": \"FloatDistribution\", \"attributes\": {\"step\": null, \"low\": 3.6, \"high\": 4.1, \"log\": false}}"}
{"op_code":4,"worker_id":"8f977f9e-ad16-450b-890e-5a75a8e6273a-140542201127040","study_id":0,"datetime_start":"2026-06-05T15:36:48.932995"}
{"op_code":9,"worker_id":"8f977f9e-ad16-450b-890e-5a75a8e6273a-140542201127040","trial_id":89,"system_attr":{"nsga2:generation":1}}
{"op_code":5,"worker_id":"8f977f9e-ad16-450b-890e-5a75a8e6273a-140542201127040","trial_id":89,"param_name":"JointSlopeAngle","param_value_internal":0.6415736594046606,"distribution":"{\"name\": \"FloatDistribution\", \"attributes\": {\"step\": null, \"low\": 0.55, \"high\": 0.65, \"log\": false}}"}
{"op_code":5,"worker_id":"8f977f9e-ad16-450b-890e-5a75a8e6273a-140542201127040","trial_id":89,"param_name":"OuterRadius","param_value_internal":17.448224842672754,"distribution":"{\"name\": \"FloatDistribution\", \"attributes\": {\"step\": null, \"low\": 17.0, \"high\": 18.0, \"log\": false}}"}
{"op_code":5,"worker_id":"8f977f9e-ad16-450b-890e-5a75a8e6273a-140542201127040","trial_id":89,"param_name":"JointHeight","param_value_internal":6.076414598300309,"distribution":"{\"name\": \"FloatDistribution\", \"attributes\": {\"step\": null, \"low\": 6.0, \"high\": 7.0, \"log\": false}}"}
{"op_code":5,"worker_id":"8f977f9e-ad16-450b-890e-5a75a8e6273a-140542201127040","trial_id":89,"param_name":"CavityCorkThickness","param_value_internal":1.9473531331005345,"distribution":"{\"name\": \"FloatDistribution\", \"attributes\": {\"step\": null, \"low\": 1.5, \"high\": 2.5, \"log\": false}}"}
{"op_code":5,"worker_id":"8f977f9e-ad16-450b-890e-5a75a8e6273a-140542201127040","trial_id":89,"param_name":"BellowHeight","param_value_internal":13.137393459520572,"distribution":"{\"name\": \"FloatDistribution\", \"attributes\": {\"step\": null, \"low\": 10.0, \"high\": 16.0, \"log\": false}}"}
{"op_code":5,"worker_id":"8f977f9e-ad16-450b-890e-5a75a8e6273a-140542201127040","trial_id":89,"param_name":"WallThickness","param_value_internal":2.4544039628403675,"distribution":"{\"name\": \"FloatDistribution\", \"attributes\": {\"step\": null, \"low\": 2.0, \"high\": 4.0, \"log\": false}}"}
{"op_code":5,"worker_id":"8f977f9e-ad16-450b-890e-5a75a8e6273a-140542201127040","trial_id":89,"param_name":"PlateauHeight","param_value_internal":3.9740269144357336,"distribution":"{\"name\": \"FloatDistribution\", \"attributes\": {\"step\": null, \"low\": 3.6, \"high\": 4.1, \"log\": false}}"}
{"op_code":6,"worker_id":"e6f5af89-fc1a-49ca-b1fa-d486f6b613ec-140236679188608","trial_id":82,"state":1,"values":[-Infinity,-Infinity],"datetime_complete":"2026-06-05T15:36:48.989743"}
{"op_code":4,"worker_id":"e6f5af89-fc1a-49ca-b1fa-d486f6b613ec-140236679188608","study_id":0,"datetime_start":"2026-06-05T15:36:48.998444"}
{"op_code":9,"worker_id":"e6f5af89-fc1a-49ca-b1fa-d486f6b613ec-140236679188608","trial_id":90,"system_attr":{"nsga2:generation":1}}
{"op_code":5,"worker_id":"e6f5af89-fc1a-49ca-b1fa-d486f6b613ec-140236679188608","trial_id":90,"param_name":"JointSlopeAngle","param_value_internal":0.5612743183877534,"distribution":"{\"name\": \"FloatDistribution\", \"attributes\": {\"step\": null, \"low\": 0.55, \"high\": 0.65, \"log\": false}}"}
{"op_code":5,"worker_id":"e6f5af89-fc1a-49ca-b1fa-d486f6b613ec-140236679188608","trial_id":90,"param_name":"OuterRadius","param_value_internal":17.487128476010383,"distribution":"{\"name\": \"FloatDistribution\", \"attributes\": {\"step\": null, \"low\": 17.0, \"high\": 18.0, \"log\": false}}"}
{"op_code":5,"worker_id":"e6f5af89-fc1a-49ca-b1fa-d486f6b613ec-140236679188608","trial_id":90,"param_name":"JointHeight","param_value_internal":6.189158382861757,"distribution":"{\"name\": \"FloatDistribution\", \"attributes\": {\"step\": null, \"low\": 6.0, \"high\": 7.0, \"log\": false}}"}
{"op_code":5,"worker_id":"e6f5af89-fc1a-49ca-b1fa-d486f6b613ec-140236679188608","trial_id":90,"param_name":"CavityCorkThickness","param_value_internal":2.343485046235412,"distribution":"{\"name\": \"FloatDistribution\", \"attributes\": {\"step\": null, \"low\": 1.5, \"high\": 2.5, \"log\": false}}"}
{"op_code":5,"worker_id":"e6f5af89-fc1a-49ca-b1fa-d486f6b613ec-140236679188608","trial_id":90,"param_name":"BellowHeight","param_value_internal":13.137393459520572,"distribution":"{\"name\": \"FloatDistribution\", \"attributes\": {\"step\": null, \"low\": 10.0, \"high\": 16.0, \"log\": false}}"}
{"op_code":5,"worker_id":"e6f5af89-fc1a-49ca-b1fa-d486f6b613ec-140236679188608","trial_id":90,"param_name":"WallThickness","param_value_internal":2.4544039628403675,"distribution":"{\"name\": \"FloatDistribution\", \"attributes\": {\"step\": null, \"low\": 2.0, \"high\": 4.0, \"log\": false}}"}
{"op_code":5,"worker_id":"e6f5af89-fc1a-49ca-b1fa-d486f6b613ec-140236679188608","trial_id":90,"param_name":"PlateauHeight","param_value_internal":3.7672689707286104,"distribution":"{\"name\": \"FloatDistribution\", \"attributes\": {\"step\": null, \"low\": 3.6, \"high\": 4.1, \"log\": false}}"}
{"op_code":6,"worker_id":"0da0fcf1-9950-445a-a9a6-dc04c3acf373-140065782841472","trial_id":83,"state":1,"values":[-Infinity,-Infinity],"datetime_complete":"2026-06-05T15:36:49.095186"}
{"op_code":4,"worker_id":"0da0fcf1-9950-445a-a9a6-dc04c3acf373-140065782841472","study_id":0,"datetime_start":"2026-06-05T15:36:49.103968"}
{"op_code":9,"worker_id":"0da0fcf1-9950-445a-a9a6-dc04c3acf373-140065782841472","trial_id":91,"system_attr":{"nsga2:generation":1}}
{"op_code":5,"worker_id":"0da0fcf1-9950-445a-a9a6-dc04c3acf373-140065782841472","trial_id":91,"param_name":"JointSlopeAngle","param_value_internal":0.567980436107511,"distribution":"{\"name\": \"FloatDistribution\", \"attributes\": {\"step\": null, \"low\": 0.55, \"high\": 0.65, \"log\": false}}"}
{"op_code":5,"worker_id":"0da0fcf1-9950-445a-a9a6-dc04c3acf373-140065782841472","trial_id":91,"param_name":"OuterRadius","param_value_internal":17.98605212111592,"distribution":"{\"name\": \"FloatDistribution\", \"attributes\": {\"step\": null, \"low\": 17.0, \"high\": 18.0, \"log\": false}}"}
{"op_code":5,"worker_id":"0da0fcf1-9950-445a-a9a6-dc04c3acf373-140065782841472","trial_id":91,"param_name":"JointHeight","param_value_internal":6.7546278347042055,"distribution":"{\"name\": \"FloatDistribution\", \"attributes\": {\"step\": null, \"low\": 6.0, \"high\": 7.0, \"log\": false}}"}
{"op_code":5,"worker_id":"0da0fcf1-9950-445a-a9a6-dc04c3acf373-140065782841472","trial_id":91,"param_name":"CavityCorkThickness","param_value_internal":1.9487511917580629,"distribution":"{\"name\": \"FloatDistribution\", \"attributes\": {\"step\": null, \"low\": 1.5, \"high\": 2.5, \"log\": false}}"}
{"op_code":5,"worker_id":"0da0fcf1-9950-445a-a9a6-dc04c3acf373-140065782841472","trial_id":91,"param_name":"BellowHeight","param_value_internal":11.10306063282446,"distribution":"{\"name\": \"FloatDistribution\", \"attributes\": {\"step\": null, \"low\": 10.0, \"high\": 16.0, \"log\": false}}"}
{"op_code":5,"worker_id":"0da0fcf1-9950-445a-a9a6-dc04c3acf373-140065782841472","trial_id":91,"param_name":"WallThickness","param_value_internal":3.499208243470357,"distribution":"{\"name\": \"FloatDistribution\", \"attributes\": {\"step\": null, \"low\": 2.0, \"high\": 4.0, \"log\": false}}"}
{"op_code":5,"worker_id":"0da0fcf1-9950-445a-a9a6-dc04c3acf373-140065782841472","trial_id":91,"param_name":"PlateauHeight","param_value_internal":3.935614069482845,"distribution":"{\"name\": \"FloatDistribution\", \"attributes\": {\"step\": null, \"low\": 3.6, \"high\": 4.1, \"log\": false}}"}
{"op_code":6,"worker_id":"b0b4ba47-f916-4407-8b27-ca2681ae1cfe-139733011476608","trial_id":84,"state":1,"values":[-Infinity,-Infinity],"datetime_complete":"2026-06-05T15:36:50.218763"}
{"op_code":4,"worker_id":"b0b4ba47-f916-4407-8b27-ca2681ae1cfe-139733011476608","study_id":0,"datetime_start":"2026-06-05T15:36:50.229430"}
{"op_code":9,"worker_id":"b0b4ba47-f916-4407-8b27-ca2681ae1cfe-139733011476608","trial_id":92,"system_attr":{"nsga2:generation":1}}
{"op_code":5,"worker_id":"b0b4ba47-f916-4407-8b27-ca2681ae1cfe-139733011476608","trial_id":92,"param_name":"JointSlopeAngle","param_value_internal":0.6302934802295899,"distribution":"{\"name\": \"FloatDistribution\", \"attributes\": {\"step\": null, \"low\": 0.55, \"high\": 0.65, \"log\": false}}"}
{"op_code":5,"worker_id":"b0b4ba47-f916-4407-8b27-ca2681ae1cfe-139733011476608","trial_id":92,"param_name":"OuterRadius","param_value_internal":17.853742638633467,"distribution":"{\"name\": \"FloatDistribution\", \"attributes\": {\"step\": null, \"low\": 17.0, \"high\": 18.0, \"log\": false}}"}
{"op_code":5,"worker_id":"b0b4ba47-f916-4407-8b27-ca2681ae1cfe-139733011476608","trial_id":92,"param_name":"JointHeight","param_value_internal":6.730586959757419,"distribution":"{\"name\": \"FloatDistribution\", \"attributes\": {\"step\": null, \"low\": 6.0, \"high\": 7.0, \"log\": false}}"}
{"op_code":5,"worker_id":"b0b4ba47-f916-4407-8b27-ca2681ae1cfe-139733011476608","trial_id":92,"param_name":"CavityCorkThickness","param_value_internal":1.5916202331739988,"distribution":"{\"name\": \"FloatDistribution\", \"attributes\": {\"step\": null, \"low\": 1.5, \"high\": 2.5, \"log\": false}}"}
{"op_code":5,"worker_id":"b0b4ba47-f916-4407-8b27-ca2681ae1cfe-139733011476608","trial_id":92,"param_name":"BellowHeight","param_value_internal":12.4688507856984,"distribution":"{\"name\": \"FloatDistribution\", \"attributes\": {\"step\": null, \"low\": 10.0, \"high\": 16.0, \"log\": false}}"}
{"op_code":5,"worker_id":"b0b4ba47-f916-4407-8b27-ca2681ae1cfe-139733011476608","trial_id":92,"param_name":"WallThickness","param_value_internal":3.4385453150443315,"distribution":"{\"name\": \"FloatDistribution\", \"attributes\": {\"step\": null, \"low\": 2.0, \"high\": 4.0, \"log\": false}}"}
{"op_code":5,"worker_id":"b0b4ba47-f916-4407-8b27-ca2681ae1cfe-139733011476608","trial_id":92,"param_name":"PlateauHeight","param_value_internal":3.6351794461934586,"distribution":"{\"name\": \"FloatDistribution\", \"attributes\": {\"step\": null, \"low\": 3.6, \"high\": 4.1, \"log\": false}}"}
{"op_code":6,"worker_id":"c03b9cfb-c3d9-4b57-872c-c9ce393433e1-140456776925312","trial_id":85,"state":1,"values":[-Infinity,-Infinity],"datetime_complete":"2026-06-05T15:36:50.328231"}
{"op_code":4,"worker_id":"c03b9cfb-c3d9-4b57-872c-c9ce393433e1-140456776925312","study_id":0,"datetime_start":"2026-06-05T15:36:50.338973"}
{"op_code":9,"worker_id":"c03b9cfb-c3d9-4b57-872c-c9ce393433e1-140456776925312","trial_id":93,"system_attr":{"nsga2:generation":1}}
{"op_code":5,"worker_id":"c03b9cfb-c3d9-4b57-872c-c9ce393433e1-140456776925312","trial_id":93,"param_name":"JointSlopeAngle","param_value_internal":0.6462568095173677,"distribution":"{\"name\": \"FloatDistribution\", \"attributes\": {\"step\": null, \"low\": 0.55, \"high\": 0.65, \"log\": false}}"}
{"op_code":5,"worker_id":"c03b9cfb-c3d9-4b57-872c-c9ce393433e1-140456776925312","trial_id":93,"param_name":"OuterRadius","param_value_internal":17.8947636207486,"distribution":"{\"name\": \"FloatDistribution\", \"attributes\": {\"step\": null, \"low\": 17.0, \"high\": 18.0, \"log\": false}}"}
{"op_code":5,"worker_id":"c03b9cfb-c3d9-4b57-872c-c9ce393433e1-140456776925312","trial_id":93,"param_name":"JointHeight","param_value_internal":6.94716077574854,"distribution":"{\"name\": \"FloatDistribution\", \"attributes\": {\"step\": null, \"low\": 6.0, \"high\": 7.0, \"log\": false}}"}
{"op_code":5,"worker_id":"c03b9cfb-c3d9-4b57-872c-c9ce393433e1-140456776925312","trial_id":93,"param_name":"CavityCorkThickness","param_value_internal":2.167526016260077,"distribution":"{\"name\": \"FloatDistribution\", \"attributes\": {\"step\": null, \"low\": 1.5, \"high\": 2.5, \"log\": false}}"}
{"op_code":5,"worker_id":"c03b9cfb-c3d9-4b57-872c-c9ce393433e1-140456776925312","trial_id":93,"param_name":"BellowHeight","param_value_internal":13.985573918624748,"distribution":"{\"name\": \"FloatDistribution\", \"attributes\": {\"step\": null, \"low\": 10.0, \"high\": 16.0, \"log\": false}}"}
{"op_code":5,"worker_id":"c03b9cfb-c3d9-4b57-872c-c9ce393433e1-140456776925312","trial_id":93,"param_name":"WallThickness","param_value_internal":3.382537328539187,"distribution":"{\"name\": \"FloatDistribution\", \"attributes\": {\"step\": null, \"low\": 2.0, \"high\": 4.0, \"log\": false}}"}
{"op_code":5,"worker_id":"c03b9cfb-c3d9-4b57-872c-c9ce393433e1-140456776925312","trial_id":93,"param_name":"PlateauHeight","param_value_internal":3.7390635156639536,"distribution":"{\"name\": \"FloatDistribution\", \"attributes\": {\"step\": null, \"low\": 3.6, \"high\": 4.1, \"log\": false}}"}
{"op_code":6,"worker_id":"97f51db3-9fe9-492e-8038-1176c2ed7377-139679613698176","trial_id":86,"state":1,"values":[-Infinity,-Infinity],"datetime_complete":"2026-06-05T15:36:50.498379"}
{"op_code":4,"worker_id":"97f51db3-9fe9-492e-8038-1176c2ed7377-139679613698176","study_id":0,"datetime_start":"2026-06-05T15:36:50.508250"}
{"op_code":6,"worker_id":"300f3d29-8d40-422e-bb99-b223f8c29663-139920484229248","trial_id":87,"state":1,"values":[-Infinity,-Infinity],"datetime_complete":"2026-06-05T15:36:50.508869"}
{"op_code":9,"worker_id":"97f51db3-9fe9-492e-8038-1176c2ed7377-139679613698176","trial_id":94,"system_attr":{"nsga2:generation":1}}
{"op_code":4,"worker_id":"300f3d29-8d40-422e-bb99-b223f8c29663-139920484229248","study_id":0,"datetime_start":"2026-06-05T15:36:50.522575"}
{"op_code":5,"worker_id":"97f51db3-9fe9-492e-8038-1176c2ed7377-139679613698176","trial_id":94,"param_name":"JointSlopeAngle","param_value_internal":0.648466638401166,"distribution":"{\"name\": \"FloatDistribution\", \"attributes\": {\"step\": null, \"low\": 0.55, \"high\": 0.65, \"log\": false}}"}
{"op_code":5,"worker_id":"97f51db3-9fe9-492e-8038-1176c2ed7377-139679613698176","trial_id":94,"param_name":"OuterRadius","param_value_internal":17.26155691111122,"distribution":"{\"name\": \"FloatDistribution\", \"attributes\": {\"step\": null, \"low\": 17.0, \"high\": 18.0, \"log\": false}}"}
{"op_code":9,"worker_id":"300f3d29-8d40-422e-bb99-b223f8c29663-139920484229248","trial_id":95,"system_attr":{"nsga2:generation":1}}
{"op_code":5,"worker_id":"97f51db3-9fe9-492e-8038-1176c2ed7377-139679613698176","trial_id":94,"param_name":"JointHeight","param_value_internal":6.981294705095249,"distribution":"{\"name\": \"FloatDistribution\", \"attributes\": {\"step\": null, \"low\": 6.0, \"high\": 7.0, \"log\": false}}"}
{"op_code":5,"worker_id":"300f3d29-8d40-422e-bb99-b223f8c29663-139920484229248","trial_id":95,"param_name":"JointSlopeAngle","param_value_internal":0.5577012720666611,"distribution":"{\"name\": \"FloatDistribution\", \"attributes\": {\"step\": null, \"low\": 0.55, \"high\": 0.65, \"log\": false}}"}
{"op_code":5,"worker_id":"97f51db3-9fe9-492e-8038-1176c2ed7377-139679613698176","trial_id":94,"param_name":"CavityCorkThickness","param_value_internal":1.7989500937426044,"distribution":"{\"name\": \"FloatDistribution\", \"attributes\": {\"step\": null, \"low\": 1.5, \"high\": 2.5, \"log\": false}}"}
{"op_code":5,"worker_id":"300f3d29-8d40-422e-bb99-b223f8c29663-139920484229248","trial_id":95,"param_name":"OuterRadius","param_value_internal":17.78292140529396,"distribution":"{\"name\": \"FloatDistribution\", \"attributes\": {\"step\": null, \"low\": 17.0, \"high\": 18.0, \"log\": false}}"}
{"op_code":5,"worker_id":"97f51db3-9fe9-492e-8038-1176c2ed7377-139679613698176","trial_id":94,"param_name":"BellowHeight","param_value_internal":11.844864851419958,"distribution":"{\"name\": \"FloatDistribution\", \"attributes\": {\"step\": null, \"low\": 10.0, \"high\": 16.0, \"log\": false}}"}
{"op_code":5,"worker_id":"300f3d29-8d40-422e-bb99-b223f8c29663-139920484229248","trial_id":95,"param_name":"JointHeight","param_value_internal":6.2907901967483975,"distribution":"{\"name\": \"FloatDistribution\", \"attributes\": {\"step\": null, \"low\": 6.0, \"high\": 7.0, \"log\": false}}"}
{"op_code":5,"worker_id":"97f51db3-9fe9-492e-8038-1176c2ed7377-139679613698176","trial_id":94,"param_name":"WallThickness","param_value_internal":3.9808300999055968,"distribution":"{\"name\": \"FloatDistribution\", \"attributes\": {\"step\": null, \"low\": 2.0, \"high\": 4.0, \"log\": false}}"}
{"op_code":5,"worker_id":"300f3d29-8d40-422e-bb99-b223f8c29663-139920484229248","trial_id":95,"param_name":"CavityCorkThickness","param_value_internal":1.796535760933566,"distribution":"{\"name\": \"FloatDistribution\", \"attributes\": {\"step\": null, \"low\": 1.5, \"high\": 2.5, \"log\": false}}"}
{"op_code":5,"worker_id":"97f51db3-9fe9-492e-8038-1176c2ed7377-139679613698176","trial_id":94,"param_name":"PlateauHeight","param_value_internal":4.091673935169234,"distribution":"{\"name\": \"FloatDistribution\", \"attributes\": {\"step\": null, \"low\": 3.6, \"high\": 4.1, \"log\": false}}"}
{"op_code":6,"worker_id":"bf1502cd-f71b-412d-8360-824076a57350-140608521244800","trial_id":88,"state":1,"values":[-Infinity,-Infinity],"datetime_complete":"2026-06-05T15:36:50.582481"}
{"op_code":5,"worker_id":"300f3d29-8d40-422e-bb99-b223f8c29663-139920484229248","trial_id":95,"param_name":"BellowHeight","param_value_internal":14.500388734445005,"distribution":"{\"name\": \"FloatDistribution\", \"attributes\": {\"step\": null, \"low\": 10.0, \"high\": 16.0, \"log\": false}}"}
{"op_code":5,"worker_id":"300f3d29-8d40-422e-bb99-b223f8c29663-139920484229248","trial_id":95,"param_name":"WallThickness","param_value_internal":3.694573721165445,"distribution":"{\"name\": \"FloatDistribution\", \"attributes\": {\"step\": null, \"low\": 2.0, \"high\": 4.0, \"log\": false}}"}
{"op_code":4,"worker_id":"bf1502cd-f71b-412d-8360-824076a57350-140608521244800","study_id":0,"datetime_start":"2026-06-05T15:36:50.595053"}
{"op_code":5,"worker_id":"300f3d29-8d40-422e-bb99-b223f8c29663-139920484229248","trial_id":95,"param_name":"PlateauHeight","param_value_internal":4.051880149932166,"distribution":"{\"name\": \"FloatDistribution\", \"attributes\": {\"step\": null, \"low\": 3.6, \"high\": 4.1, \"log\": false}}"}
{"op_code":9,"worker_id":"bf1502cd-f71b-412d-8360-824076a57350-140608521244800","trial_id":96,"system_attr":{"nsga2:generation":1}}
{"op_code":5,"worker_id":"bf1502cd-f71b-412d-8360-824076a57350-140608521244800","trial_id":96,"param_name":"JointSlopeAngle","param_value_internal":0.5833096180377402,"distribution":"{\"name\": \"FloatDistribution\", \"attributes\": {\"step\": null, \"low\": 0.55, \"high\": 0.65, \"log\": false}}"}
{"op_code":5,"worker_id":"bf1502cd-f71b-412d-8360-824076a57350-140608521244800","trial_id":96,"param_name":"OuterRadius","param_value_internal":17.443756812826766,"distribution":"{\"name\": \"FloatDistribution\", \"attributes\": {\"step\": null, \"low\": 17.0, \"high\": 18.0, \"log\": false}}"}
{"op_code":5,"worker_id":"bf1502cd-f71b-412d-8360-824076a57350-140608521244800","trial_id":96,"param_name":"JointHeight","param_value_internal":6.339711817590807,"distribution":"{\"name\": \"FloatDistribution\", \"attributes\": {\"step\": null, \"low\": 6.0, \"high\": 7.0, \"log\": false}}"}
{"op_code":5,"worker_id":"bf1502cd-f71b-412d-8360-824076a57350-140608521244800","trial_id":96,"param_name":"CavityCorkThickness","param_value_internal":1.717037746715158,"distribution":"{\"name\": \"FloatDistribution\", \"attributes\": {\"step\": null, \"low\": 1.5, \"high\": 2.5, \"log\": false}}"}
{"op_code":5,"worker_id":"bf1502cd-f71b-412d-8360-824076a57350-140608521244800","trial_id":96,"param_name":"BellowHeight","param_value_internal":12.734817764111419,"distribution":"{\"name\": \"FloatDistribution\", \"attributes\": {\"step\": null, \"low\": 10.0, \"high\": 16.0, \"log\": false}}"}
{"op_code":5,"worker_id":"bf1502cd-f71b-412d-8360-824076a57350-140608521244800","trial_id":96,"param_name":"WallThickness","param_value_internal":2.3591503259373363,"distribution":"{\"name\": \"FloatDistribution\", \"attributes\": {\"step\": null, \"low\": 2.0, \"high\": 4.0, \"log\": false}}"}
{"op_code":5,"worker_id":"bf1502cd-f71b-412d-8360-824076a57350-140608521244800","trial_id":96,"param_name":"PlateauHeight","param_value_internal":4.020764473990387,"distribution":"{\"name\": \"FloatDistribution\", \"attributes\": {\"step\": null, \"low\": 3.6, \"high\": 4.1, \"log\": false}}"}
{"op_code":6,"worker_id":"8f977f9e-ad16-450b-890e-5a75a8e6273a-140542201127040","trial_id":89,"state":1,"values":[-Infinity,-Infinity],"datetime_complete":"2026-06-05T15:36:50.677800"}
{"op_code":4,"worker_id":"8f977f9e-ad16-450b-890e-5a75a8e6273a-140542201127040","study_id":0,"datetime_start":"2026-06-05T15:36:50.688512"}
{"op_code":9,"worker_id":"8f977f9e-ad16-450b-890e-5a75a8e6273a-140542201127040","trial_id":97,"system_attr":{"nsga2:generation":1}}
{"op_code":5,"worker_id":"8f977f9e-ad16-450b-890e-5a75a8e6273a-140542201127040","trial_id":97,"param_name":"JointSlopeAngle","param_value_internal":0.5764826935816407,"distribution":"{\"name\": \"FloatDistribution\", \"attributes\": {\"step\": null, \"low\": 0.55, \"high\": 0.65, \"log\": false}}"}
{"op_code":5,"worker_id":"8f977f9e-ad16-450b-890e-5a75a8e6273a-140542201127040","trial_id":97,"param_name":"OuterRadius","param_value_internal":17.036141894417604,"distribution":"{\"name\": \"FloatDistribution\", \"attributes\": {\"step\": null, \"low\": 17.0, \"high\": 18.0, \"log\": false}}"}
{"op_code":5,"worker_id":"8f977f9e-ad16-450b-890e-5a75a8e6273a-140542201127040","trial_id":97,"param_name":"JointHeight","param_value_internal":6.7546278347042055,"distribution":"{\"name\": \"FloatDistribution\", \"attributes\": {\"step\": null, \"low\": 6.0, \"high\": 7.0, \"log\": false}}"}
{"op_code":5,"worker_id":"8f977f9e-ad16-450b-890e-5a75a8e6273a-140542201127040","trial_id":97,"param_name":"CavityCorkThickness","param_value_internal":2.323483596344721,"distribution":"{\"name\": \"FloatDistribution\", \"attributes\": {\"step\": null, \"low\": 1.5, \"high\": 2.5, \"log\": false}}"}
{"op_code":6,"worker_id":"e6f5af89-fc1a-49ca-b1fa-d486f6b613ec-140236679188608","trial_id":90,"state":1,"values":[-Infinity,-Infinity],"datetime_complete":"2026-06-05T15:36:50.719895"}
{"op_code":5,"worker_id":"8f977f9e-ad16-450b-890e-5a75a8e6273a-140542201127040","trial_id":97,"param_name":"BellowHeight","param_value_internal":11.10306063282446,"distribution":"{\"name\": \"FloatDistribution\", \"attributes\": {\"step\": null, \"low\": 10.0, \"high\": 16.0, \"log\": false}}"}
{"op_code":5,"worker_id":"8f977f9e-ad16-450b-890e-5a75a8e6273a-140542201127040","trial_id":97,"param_name":"WallThickness","param_value_internal":3.4716395131763447,"distribution":"{\"name\": \"FloatDistribution\", \"attributes\": {\"step\": null, \"low\": 2.0, \"high\": 4.0, \"log\": false}}"}
{"op_code":4,"worker_id":"e6f5af89-fc1a-49ca-b1fa-d486f6b613ec-140236679188608","study_id":0,"datetime_start":"2026-06-05T15:36:50.735042"}
{"op_code":5,"worker_id":"8f977f9e-ad16-450b-890e-5a75a8e6273a-140542201127040","trial_id":97,"param_name":"PlateauHeight","param_value_internal":3.8450924155224278,"distribution":"{\"name\": \"FloatDistribution\", \"attributes\": {\"step\": null, \"low\": 3.6, \"high\": 4.1, \"log\": false}}"}
{"op_code":9,"worker_id":"e6f5af89-fc1a-49ca-b1fa-d486f6b613ec-140236679188608","trial_id":98,"system_attr":{"nsga2:generation":1}}
{"op_code":5,"worker_id":"e6f5af89-fc1a-49ca-b1fa-d486f6b613ec-140236679188608","trial_id":98,"param_name":"JointSlopeAngle","param_value_internal":0.5628891745718163,"distribution":"{\"name\": \"FloatDistribution\", \"attributes\": {\"step\": null, \"low\": 0.55, \"high\": 0.65, \"log\": false}}"}
{"op_code":5,"worker_id":"e6f5af89-fc1a-49ca-b1fa-d486f6b613ec-140236679188608","trial_id":98,"param_name":"OuterRadius","param_value_internal":17.86045286792045,"distribution":"{\"name\": \"FloatDistribution\", \"attributes\": {\"step\": null, \"low\": 17.0, \"high\": 18.0, \"log\": false}}"}
{"op_code":5,"worker_id":"e6f5af89-fc1a-49ca-b1fa-d486f6b613ec-140236679188608","trial_id":98,"param_name":"JointHeight","param_value_internal":6.10203168899312,"distribution":"{\"name\": \"FloatDistribution\", \"attributes\": {\"step\": null, \"low\": 6.0, \"high\": 7.0, \"log\": false}}"}
{"op_code":5,"worker_id":"e6f5af89-fc1a-49ca-b1fa-d486f6b613ec-140236679188608","trial_id":98,"param_name":"CavityCorkThickness","param_value_internal":2.0763602111204817,"distribution":"{\"name\": \"FloatDistribution\", \"attributes\": {\"step\": null, \"low\": 1.5, \"high\": 2.5, \"log\": false}}"}
{"op_code":5,"worker_id":"e6f5af89-fc1a-49ca-b1fa-d486f6b613ec-140236679188608","trial_id":98,"param_name":"BellowHeight","param_value_internal":14.230860415111145,"distribution":"{\"name\": \"FloatDistribution\", \"attributes\": {\"step\": null, \"low\": 10.0, \"high\": 16.0, \"log\": false}}"}
{"op_code":5,"worker_id":"e6f5af89-fc1a-49ca-b1fa-d486f6b613ec-140236679188608","trial_id":98,"param_name":"WallThickness","param_value_internal":2.5223588452940437,"distribution":"{\"name\": \"FloatDistribution\", \"attributes\": {\"step\": null, \"low\": 2.0, \"high\": 4.0, \"log\": false}}"}
{"op_code":5,"worker_id":"e6f5af89-fc1a-49ca-b1fa-d486f6b613ec-140236679188608","trial_id":98,"param_name":"PlateauHeight","param_value_internal":3.7299673506985536,"distribution":"{\"name\": \"FloatDistribution\", \"attributes\": {\"step\": null, \"low\": 3.6, \"high\": 4.1, \"log\": false}}"}
{"op_code":6,"worker_id":"0da0fcf1-9950-445a-a9a6-dc04c3acf373-140065782841472","trial_id":91,"state":1,"values":[-Infinity,-Infinity],"datetime_complete":"2026-06-05T15:36:50.805164"}
{"op_code":4,"worker_id":"0da0fcf1-9950-445a-a9a6-dc04c3acf373-140065782841472","study_id":0,"datetime_start":"2026-06-05T15:36:50.816122"}
{"op_code":9,"worker_id":"0da0fcf1-9950-445a-a9a6-dc04c3acf373-140065782841472","trial_id":99,"system_attr":{"nsga2:generation":1}}
{"op_code":5,"worker_id":"0da0fcf1-9950-445a-a9a6-dc04c3acf373-140065782841472","trial_id":99,"param_name":"JointSlopeAngle","param_value_internal":0.6439813569628365,"distribution":"{\"name\": \"FloatDistribution\", \"attributes\": {\"step\": null, \"low\": 0.55, \"high\": 0.65, \"log\": false}}"}
{"op_code":5,"worker_id":"0da0fcf1-9950-445a-a9a6-dc04c3acf373-140065782841472","trial_id":99,"param_name":"OuterRadius","param_value_internal":17.80781313895637,"distribution":"{\"name\": \"FloatDistribution\", \"attributes\": {\"step\": null, \"low\": 17.0, \"high\": 18.0, \"log\": false}}"}
{"op_code":5,"worker_id":"0da0fcf1-9950-445a-a9a6-dc04c3acf373-140065782841472","trial_id":99,"param_name":"JointHeight","param_value_internal":6.4291302771956325,"distribution":"{\"name\": \"FloatDistribution\", \"attributes\": {\"step\": null, \"low\": 6.0, \"high\": 7.0, \"log\": false}}"}
{"op_code":5,"worker_id":"0da0fcf1-9950-445a-a9a6-dc04c3acf373-140065782841472","trial_id":99,"param_name":"CavityCorkThickness","param_value_internal":2.161778267885816,"distribution":"{\"name\": \"FloatDistribution\", \"attributes\": {\"step\": null, \"low\": 1.5, \"high\": 2.5, \"log\": false}}"}
{"op_code":5,"worker_id":"0da0fcf1-9950-445a-a9a6-dc04c3acf373-140065782841472","trial_id":99,"param_name":"BellowHeight","param_value_internal":14.294414681241374,"distribution":"{\"name\": \"FloatDistribution\", \"attributes\": {\"step\": null, \"low\": 10.0, \"high\": 16.0, \"log\": false}}"}
{"op_code":5,"worker_id":"0da0fcf1-9950-445a-a9a6-dc04c3acf373-140065782841472","trial_id":99,"param_name":"WallThickness","param_value_internal":2.3595392413858987,"distribution":"{\"name\": \"FloatDistribution\", \"attributes\": {\"step\": null, \"low\": 2.0, \"high\": 4.0, \"log\": false}}"}
{"op_code":5,"worker_id":"0da0fcf1-9950-445a-a9a6-dc04c3acf373-140065782841472","trial_id":99,"param_name":"PlateauHeight","param_value_internal":4.052871553036805,"distribution":"{\"name\": \"FloatDistribution\", \"attributes\": {\"step\": null, \"low\": 3.6, \"high\": 4.1, \"log\": false}}"}
{"op_code":6,"worker_id":"b0b4ba47-f916-4407-8b27-ca2681ae1cfe-139733011476608","trial_id":92,"state":1,"values":[-Infinity,-Infinity],"datetime_complete":"2026-06-05T15:36:51.939638"}
{"op_code":0,"worker_id":"69eb7ce0-b6f2-4edc-965e-4a809dc24331-139733011476608","study_name":"SensorFinger_6_optuna_evolutionary","directions":[2,2]}
{"op_code":0,"worker_id":"69eb7ce0-b6f2-4edc-965e-4a809dc24331-139733011476608","study_name":"SensorFinger_6_optuna_evolutionary","directions":[2,2]}
{"op_code":6,"worker_id":"c03b9cfb-c3d9-4b57-872c-c9ce393433e1-140456776925312","trial_id":93,"state":1,"values":[-Infinity,-Infinity],"datetime_complete":"2026-06-05T15:36:52.049130"}
{"op_code":0,"worker_id":"e1f41a8a-69d8-4424-8a18-a6eb7f457bb9-140456776925312","study_name":"SensorFinger_6_optuna_evolutionary","directions":[2,2]}
{"op_code":0,"worker_id":"e1f41a8a-69d8-4424-8a18-a6eb7f457bb9-140456776925312","study_name":"SensorFinger_6_optuna_evolutionary","directions":[2,2]}
{"op_code":6,"worker_id":"300f3d29-8d40-422e-bb99-b223f8c29663-139920484229248","trial_id":95,"state":1,"values":[-Infinity,-Infinity],"datetime_complete":"2026-06-05T15:36:52.280816"}
{"op_code":6,"worker_id":"97f51db3-9fe9-492e-8038-1176c2ed7377-139679613698176","trial_id":94,"state":1,"values":[-Infinity,-Infinity],"datetime_complete":"2026-06-05T15:36:52.284554"}
{"op_code":6,"worker_id":"bf1502cd-f71b-412d-8360-824076a57350-140608521244800","trial_id":96,"state":1,"values":[-Infinity,-Infinity],"datetime_complete":"2026-06-05T15:36:52.301281"}
{"op_code":0,"worker_id":"191ae649-d2e0-4c8e-b892-9f7ede641184-139920484229248","study_name":"SensorFinger_6_optuna_evolutionary","directions":[2,2]}
{"op_code":0,"worker_id":"191ae649-d2e0-4c8e-b892-9f7ede641184-139920484229248","study_name":"SensorFinger_6_optuna_evolutionary","directions":[2,2]}
{"op_code":0,"worker_id":"3eda18dc-39e8-43d0-9eb2-55d8374f95d0-139679613698176","study_name":"SensorFinger_6_optuna_evolutionary","directions":[2,2]}
{"op_code":0,"worker_id":"3eda18dc-39e8-43d0-9eb2-55d8374f95d0-139679613698176","study_name":"SensorFinger_6_optuna_evolutionary","directions":[2,2]}
{"op_code":0,"worker_id":"b1d7f356-102c-40ce-b41d-a410c7dbcb96-140608521244800","study_name":"SensorFinger_6_optuna_evolutionary","directions":[2,2]}
{"op_code":0,"worker_id":"b1d7f356-102c-40ce-b41d-a410c7dbcb96-140608521244800","study_name":"SensorFinger_6_optuna_evolutionary","directions":[2,2]}
{"op_code":6,"worker_id":"8f977f9e-ad16-450b-890e-5a75a8e6273a-140542201127040","trial_id":97,"state":1,"values":[-Infinity,-Infinity],"datetime_complete":"2026-06-05T15:36:52.429320"}
{"op_code":6,"worker_id":"e6f5af89-fc1a-49ca-b1fa-d486f6b613ec-140236679188608","trial_id":98,"state":1,"values":[-Infinity,-Infinity],"datetime_complete":"2026-06-05T15:36:52.467883"}
{"op_code":0,"worker_id":"0e0d3a79-686b-498b-a512-27af0198e1e6-140542201127040","study_name":"SensorFinger_6_optuna_evolutionary","directions":[2,2]}
{"op_code":0,"worker_id":"0e0d3a79-686b-498b-a512-27af0198e1e6-140542201127040","study_name":"SensorFinger_6_optuna_evolutionary","directions":[2,2]}
{"op_code":0,"worker_id":"a3ee5ce5-caeb-4f68-8ae7-974ed29bed6d-140236679188608","study_name":"SensorFinger_6_optuna_evolutionary","directions":[2,2]}
{"op_code":0,"worker_id":"a3ee5ce5-caeb-4f68-8ae7-974ed29bed6d-140236679188608","study_name":"SensorFinger_6_optuna_evolutionary","directions":[2,2]}
{"op_code":6,"worker_id":"0da0fcf1-9950-445a-a9a6-dc04c3acf373-140065782841472","trial_id":99,"state":1,"values":[-Infinity,-Infinity],"datetime_complete":"2026-06-05T15:36:52.536663"}
{"op_code":0,"worker_id":"e78ac6ed-c830-4038-963d-f10cf96e5d34-140065782841472","study_name":"SensorFinger_6_optuna_evolutionary","directions":[2,2]}
{"op_code":0,"worker_id":"e78ac6ed-c830-4038-963d-f10cf96e5d34-140065782841472","study_name":"SensorFinger_6_optuna_evolutionary","directions":[2,2]}
{"op_code":0,"worker_id":"0d8c3387-dffe-4cca-b164-164bf7a8a087-139733011476608","study_name":"SensorFinger_6_optuna_evolutionary","directions":[2,2]}
{"op_code":0,"worker_id":"0d8c3387-dffe-4cca-b164-164bf7a8a087-139733011476608","study_name":"SensorFinger_6_optuna_evolutionary","directions":[2,2]}
{"op_code":0,"worker_id":"922636ca-7d45-4531-9513-b570fde440b3-140456776925312","study_name":"SensorFinger_6_optuna_evolutionary","directions":[2,2]}
{"op_code":0,"worker_id":"922636ca-7d45-4531-9513-b570fde440b3-140456776925312","study_name":"SensorFinger_6_optuna_evolutionary","directions":[2,2]}
{"op_code":0,"worker_id":"5d6b7795-cd33-4f22-8668-01037a7ebd22-140236679188608","study_name":"SensorFinger_6_optuna_evolutionary","directions":[2,2]}
{"op_code":0,"worker_id":"5d6b7795-cd33-4f22-8668-01037a7ebd22-140236679188608","study_name":"SensorFinger_6_optuna_evolutionary","directions":[2,2]}
{"op_code":0,"worker_id":"6018169d-2b1c-4e51-8f3f-b59b81598769-139920484229248","study_name":"SensorFinger_6_optuna_evolutionary","directions":[2,2]}
{"op_code":0,"worker_id":"6018169d-2b1c-4e51-8f3f-b59b81598769-139920484229248","study_name":"SensorFinger_6_optuna_evolutionary","directions":[2,2]}
{"op_code":0,"worker_id":"73724ab9-31e9-4e27-a87c-46b8433e4f32-140608521244800","study_name":"SensorFinger_6_optuna_evolutionary","directions":[2,2]}
{"op_code":0,"worker_id":"73724ab9-31e9-4e27-a87c-46b8433e4f32-140608521244800","study_name":"SensorFinger_6_optuna_evolutionary","directions":[2,2]}
{"op_code":0,"worker_id":"6f98c43e-f7c9-49e6-a572-f098fcef273e-139679613698176","study_name":"SensorFinger_6_optuna_evolutionary","directions":[2,2]}
{"op_code":0,"worker_id":"6f98c43e-f7c9-49e6-a572-f098fcef273e-139679613698176","study_name":"SensorFinger_6_optuna_evolutionary","directions":[2,2]}
{"op_code":0,"worker_id":"1a631e9f-3c39-480c-a5fd-9ac0160caa4a-140542201127040","study_name":"SensorFinger_6_optuna_evolutionary","directions":[2,2]}
{"op_code":0,"worker_id":"1a631e9f-3c39-480c-a5fd-9ac0160caa4a-140542201127040","study_name":"SensorFinger_6_optuna_evolutionary","directions":[2,2]}
{"op_code":0,"worker_id":"7191322b-8855-424c-9e54-f78bae987b55-140065782841472","study_name":"SensorFinger_6_optuna_evolutionary","directions":[2,2]}
{"op_code":0,"worker_id":"7191322b-8855-424c-9e54-f78bae987b55-140065782841472","study_name":"SensorFinger_6_optuna_evolutionary","directions":[2,2]}
