{"op_code":0,"worker_id":"0f7f8cc3-8da6-4cd3-87d7-c3f3d7bc1da7-139835829026944","study_name":"SensorFinger_2_optuna_evolutionary","directions":[2,2]}
{"op_code":4,"worker_id":"0f7f8cc3-8da6-4cd3-87d7-c3f3d7bc1da7-139835829026944","study_id":0,"datetime_start":"2026-06-05T14:45:17.522855"}
{"op_code":9,"worker_id":"0f7f8cc3-8da6-4cd3-87d7-c3f3d7bc1da7-139835829026944","trial_id":0,"system_attr":{"nsga2:generation":0}}
{"op_code":5,"worker_id":"0f7f8cc3-8da6-4cd3-87d7-c3f3d7bc1da7-139835829026944","trial_id":0,"param_name":"JointSlopeAngle","param_value_internal":0.2579904247123437,"distribution":"{\"name\": \"FloatDistribution\", \"attributes\": {\"step\": null, \"low\": 0.17453292519943295, \"high\": 1.0471975511965976, \"log\": false}}"}
{"op_code":0,"worker_id":"993a2bfc-89a2-4bbe-9842-87908979d31a-140400492408960","study_name":"SensorFinger_2_optuna_evolutionary","directions":[2,2]}
{"op_code":5,"worker_id":"0f7f8cc3-8da6-4cd3-87d7-c3f3d7bc1da7-139835829026944","trial_id":0,"param_name":"OuterRadius","param_value_internal":16.933776617038895,"distribution":"{\"name\": \"FloatDistribution\", \"attributes\": {\"step\": null, \"low\": 8.75, \"high\": 17.75, \"log\": false}}"}
{"op_code":0,"worker_id":"993a2bfc-89a2-4bbe-9842-87908979d31a-140400492408960","study_name":"SensorFinger_2_optuna_evolutionary","directions":[2,2]}
{"op_code":5,"worker_id":"0f7f8cc3-8da6-4cd3-87d7-c3f3d7bc1da7-139835829026944","trial_id":0,"param_name":"JointHeight","param_value_internal":6.667935764185428,"distribution":"{\"name\": \"FloatDistribution\", \"attributes\": {\"step\": null, \"low\": 5.0, \"high\": 8.0, \"log\": false}}"}
{"op_code":5,"worker_id":"0f7f8cc3-8da6-4cd3-87d7-c3f3d7bc1da7-139835829026944","trial_id":0,"param_name":"CavityCorkThickness","param_value_internal":4.2651458898673855,"distribution":"{\"name\": \"FloatDistribution\", \"attributes\": {\"step\": null, \"low\": 2.0, \"high\": 5.0, \"log\": false}}"}
{"op_code":4,"worker_id":"993a2bfc-89a2-4bbe-9842-87908979d31a-140400492408960","study_id":0,"datetime_start":"2026-06-05T14:45:17.570739"}
{"op_code":5,"worker_id":"0f7f8cc3-8da6-4cd3-87d7-c3f3d7bc1da7-139835829026944","trial_id":0,"param_name":"BellowHeight","param_value_internal":8.577570589349463,"distribution":"{\"name\": \"FloatDistribution\", \"attributes\": {\"step\": null, \"low\": 6.0, \"high\": 10.0, \"log\": false}}"}
{"op_code":5,"worker_id":"0f7f8cc3-8da6-4cd3-87d7-c3f3d7bc1da7-139835829026944","trial_id":0,"param_name":"WallThickness","param_value_internal":2.380632771003799,"distribution":"{\"name\": \"FloatDistribution\", \"attributes\": {\"step\": null, \"low\": 2.0, \"high\": 4.0, \"log\": false}}"}
{"op_code":9,"worker_id":"993a2bfc-89a2-4bbe-9842-87908979d31a-140400492408960","trial_id":1,"system_attr":{"nsga2:generation":0}}
{"op_code":5,"worker_id":"0f7f8cc3-8da6-4cd3-87d7-c3f3d7bc1da7-139835829026944","trial_id":0,"param_name":"PlateauHeight","param_value_internal":3.651205595662928,"distribution":"{\"name\": \"FloatDistribution\", \"attributes\": {\"step\": null, \"low\": 2.0, \"high\": 4.0, \"log\": false}}"}
{"op_code":5,"worker_id":"993a2bfc-89a2-4bbe-9842-87908979d31a-140400492408960","trial_id":1,"param_name":"JointSlopeAngle","param_value_internal":0.3027447585606038,"distribution":"{\"name\": \"FloatDistribution\", \"attributes\": {\"step\": null, \"low\": 0.17453292519943295, \"high\": 1.0471975511965976, \"log\": false}}"}
{"op_code":5,"worker_id":"993a2bfc-89a2-4bbe-9842-87908979d31a-140400492408960","trial_id":1,"param_name":"OuterRadius","param_value_internal":12.308155453610237,"distribution":"{\"name\": \"FloatDistribution\", \"attributes\": {\"step\": null, \"low\": 8.75, \"high\": 17.75, \"log\": false}}"}
{"op_code":5,"worker_id":"993a2bfc-89a2-4bbe-9842-87908979d31a-140400492408960","trial_id":1,"param_name":"JointHeight","param_value_internal":7.690097383520805,"distribution":"{\"name\": \"FloatDistribution\", \"attributes\": {\"step\": null, \"low\": 5.0, \"high\": 8.0, \"log\": false}}"}
{"op_code":5,"worker_id":"993a2bfc-89a2-4bbe-9842-87908979d31a-140400492408960","trial_id":1,"param_name":"CavityCorkThickness","param_value_internal":4.6448823324959845,"distribution":"{\"name\": \"FloatDistribution\", \"attributes\": {\"step\": null, \"low\": 2.0, \"high\": 5.0, \"log\": false}}"}
{"op_code":5,"worker_id":"993a2bfc-89a2-4bbe-9842-87908979d31a-140400492408960","trial_id":1,"param_name":"BellowHeight","param_value_internal":7.096498016522408,"distribution":"{\"name\": \"FloatDistribution\", \"attributes\": {\"step\": null, \"low\": 6.0, \"high\": 10.0, \"log\": false}}"}
{"op_code":0,"worker_id":"87c6a3ff-c7c5-4556-a5ff-f21f3c0a8de0-139968018595968","study_name":"SensorFinger_2_optuna_evolutionary","directions":[2,2]}
{"op_code":0,"worker_id":"0e6a4481-14f1-49ef-a448-becca85dd717-139699220336768","study_name":"SensorFinger_2_optuna_evolutionary","directions":[2,2]}
{"op_code":0,"worker_id":"87c6a3ff-c7c5-4556-a5ff-f21f3c0a8de0-139968018595968","study_name":"SensorFinger_2_optuna_evolutionary","directions":[2,2]}
{"op_code":0,"worker_id":"0e6a4481-14f1-49ef-a448-becca85dd717-139699220336768","study_name":"SensorFinger_2_optuna_evolutionary","directions":[2,2]}
{"op_code":4,"worker_id":"87c6a3ff-c7c5-4556-a5ff-f21f3c0a8de0-139968018595968","study_id":0,"datetime_start":"2026-06-05T14:45:17.643059"}
{"op_code":4,"worker_id":"0e6a4481-14f1-49ef-a448-becca85dd717-139699220336768","study_id":0,"datetime_start":"2026-06-05T14:45:17.648292"}
{"op_code":9,"worker_id":"87c6a3ff-c7c5-4556-a5ff-f21f3c0a8de0-139968018595968","trial_id":2,"system_attr":{"nsga2:generation":0}}
{"op_code":5,"worker_id":"87c6a3ff-c7c5-4556-a5ff-f21f3c0a8de0-139968018595968","trial_id":2,"param_name":"JointSlopeAngle","param_value_internal":0.3192987468227491,"distribution":"{\"name\": \"FloatDistribution\", \"attributes\": {\"step\": null, \"low\": 0.17453292519943295, \"high\": 1.0471975511965976, \"log\": false}}"}
{"op_code":9,"worker_id":"0e6a4481-14f1-49ef-a448-becca85dd717-139699220336768","trial_id":3,"system_attr":{"nsga2:generation":0}}
{"op_code":5,"worker_id":"87c6a3ff-c7c5-4556-a5ff-f21f3c0a8de0-139968018595968","trial_id":2,"param_name":"OuterRadius","param_value_internal":9.132205335775978,"distribution":"{\"name\": \"FloatDistribution\", \"attributes\": {\"step\": null, \"low\": 8.75, \"high\": 17.75, \"log\": false}}"}
{"op_code":5,"worker_id":"0e6a4481-14f1-49ef-a448-becca85dd717-139699220336768","trial_id":3,"param_name":"JointSlopeAngle","param_value_internal":0.7983417750785594,"distribution":"{\"name\": \"FloatDistribution\", \"attributes\": {\"step\": null, \"low\": 0.17453292519943295, \"high\": 1.0471975511965976, \"log\": false}}"}
{"op_code":0,"worker_id":"ae2f636a-2b97-4668-8891-c0938fede446-139983403692160","study_name":"SensorFinger_2_optuna_evolutionary","directions":[2,2]}
{"op_code":5,"worker_id":"0e6a4481-14f1-49ef-a448-becca85dd717-139699220336768","trial_id":3,"param_name":"OuterRadius","param_value_internal":11.440081059067197,"distribution":"{\"name\": \"FloatDistribution\", \"attributes\": {\"step\": null, \"low\": 8.75, \"high\": 17.75, \"log\": false}}"}
{"op_code":5,"worker_id":"993a2bfc-89a2-4bbe-9842-87908979d31a-140400492408960","trial_id":1,"param_name":"WallThickness","param_value_internal":2.358435137212057,"distribution":"{\"name\": \"FloatDistribution\", \"attributes\": {\"step\": null, \"low\": 2.0, \"high\": 4.0, \"log\": false}}"}
{"op_code":5,"worker_id":"0e6a4481-14f1-49ef-a448-becca85dd717-139699220336768","trial_id":3,"param_name":"JointHeight","param_value_internal":7.885802709096269,"distribution":"{\"name\": \"FloatDistribution\", \"attributes\": {\"step\": null, \"low\": 5.0, \"high\": 8.0, \"log\": false}}"}
{"op_code":5,"worker_id":"993a2bfc-89a2-4bbe-9842-87908979d31a-140400492408960","trial_id":1,"param_name":"PlateauHeight","param_value_internal":2.0231956636674804,"distribution":"{\"name\": \"FloatDistribution\", \"attributes\": {\"step\": null, \"low\": 2.0, \"high\": 4.0, \"log\": false}}"}
{"op_code":0,"worker_id":"ae2f636a-2b97-4668-8891-c0938fede446-139983403692160","study_name":"SensorFinger_2_optuna_evolutionary","directions":[2,2]}
{"op_code":0,"worker_id":"e7ae3568-8222-484e-99b5-ffe2a184264a-139627978956928","study_name":"SensorFinger_2_optuna_evolutionary","directions":[2,2]}
{"op_code":0,"worker_id":"e7ae3568-8222-484e-99b5-ffe2a184264a-139627978956928","study_name":"SensorFinger_2_optuna_evolutionary","directions":[2,2]}
{"op_code":4,"worker_id":"ae2f636a-2b97-4668-8891-c0938fede446-139983403692160","study_id":0,"datetime_start":"2026-06-05T14:45:17.715503"}
{"op_code":0,"worker_id":"d7f1099c-6ce1-49c6-8266-aacb6a14cf4f-140094272114816","study_name":"SensorFinger_2_optuna_evolutionary","directions":[2,2]}
{"op_code":0,"worker_id":"af25c4c9-ebe0-4936-b2cf-e7e559b16ed8-139972205617280","study_name":"SensorFinger_2_optuna_evolutionary","directions":[2,2]}
{"op_code":4,"worker_id":"e7ae3568-8222-484e-99b5-ffe2a184264a-139627978956928","study_id":0,"datetime_start":"2026-06-05T14:45:17.729679"}
{"op_code":9,"worker_id":"ae2f636a-2b97-4668-8891-c0938fede446-139983403692160","trial_id":4,"system_attr":{"nsga2:generation":0}}
{"op_code":0,"worker_id":"af25c4c9-ebe0-4936-b2cf-e7e559b16ed8-139972205617280","study_name":"SensorFinger_2_optuna_evolutionary","directions":[2,2]}
{"op_code":5,"worker_id":"ae2f636a-2b97-4668-8891-c0938fede446-139983403692160","trial_id":4,"param_name":"JointSlopeAngle","param_value_internal":0.22825471540421055,"distribution":"{\"name\": \"FloatDistribution\", \"attributes\": {\"step\": null, \"low\": 0.17453292519943295, \"high\": 1.0471975511965976, \"log\": false}}"}
{"op_code":5,"worker_id":"ae2f636a-2b97-4668-8891-c0938fede446-139983403692160","trial_id":4,"param_name":"OuterRadius","param_value_internal":13.165136303075673,"distribution":"{\"name\": \"FloatDistribution\", \"attributes\": {\"step\": null, \"low\": 8.75, \"high\": 17.75, \"log\": false}}"}
{"op_code":4,"worker_id":"af25c4c9-ebe0-4936-b2cf-e7e559b16ed8-139972205617280","study_id":0,"datetime_start":"2026-06-05T14:45:17.760287"}
{"op_code":0,"worker_id":"d7f1099c-6ce1-49c6-8266-aacb6a14cf4f-140094272114816","study_name":"SensorFinger_2_optuna_evolutionary","directions":[2,2]}
{"op_code":0,"worker_id":"3115615d-15e2-425e-a830-e6952de192e8-139673542901888","study_name":"SensorFinger_2_optuna_evolutionary","directions":[2,2]}
{"op_code":9,"worker_id":"af25c4c9-ebe0-4936-b2cf-e7e559b16ed8-139972205617280","trial_id":6,"system_attr":{"nsga2:generation":0}}
{"op_code":0,"worker_id":"3115615d-15e2-425e-a830-e6952de192e8-139673542901888","study_name":"SensorFinger_2_optuna_evolutionary","directions":[2,2]}
{"op_code":4,"worker_id":"d7f1099c-6ce1-49c6-8266-aacb6a14cf4f-140094272114816","study_id":0,"datetime_start":"2026-06-05T14:45:17.783278"}
{"op_code":5,"worker_id":"af25c4c9-ebe0-4936-b2cf-e7e559b16ed8-139972205617280","trial_id":6,"param_name":"JointSlopeAngle","param_value_internal":0.5162066114043652,"distribution":"{\"name\": \"FloatDistribution\", \"attributes\": {\"step\": null, \"low\": 0.17453292519943295, \"high\": 1.0471975511965976, \"log\": false}}"}
{"op_code":5,"worker_id":"ae2f636a-2b97-4668-8891-c0938fede446-139983403692160","trial_id":4,"param_name":"JointHeight","param_value_internal":5.007346752407362,"distribution":"{\"name\": \"FloatDistribution\", \"attributes\": {\"step\": null, \"low\": 5.0, \"high\": 8.0, \"log\": false}}"}
{"op_code":5,"worker_id":"af25c4c9-ebe0-4936-b2cf-e7e559b16ed8-139972205617280","trial_id":6,"param_name":"OuterRadius","param_value_internal":17.022007907121484,"distribution":"{\"name\": \"FloatDistribution\", \"attributes\": {\"step\": null, \"low\": 8.75, \"high\": 17.75, \"log\": false}}"}
{"op_code":5,"worker_id":"ae2f636a-2b97-4668-8891-c0938fede446-139983403692160","trial_id":4,"param_name":"CavityCorkThickness","param_value_internal":2.6368006162899644,"distribution":"{\"name\": \"FloatDistribution\", \"attributes\": {\"step\": null, \"low\": 2.0, \"high\": 5.0, \"log\": false}}"}
{"op_code":9,"worker_id":"d7f1099c-6ce1-49c6-8266-aacb6a14cf4f-140094272114816","trial_id":7,"system_attr":{"nsga2:generation":0}}
{"op_code":5,"worker_id":"ae2f636a-2b97-4668-8891-c0938fede446-139983403692160","trial_id":4,"param_name":"BellowHeight","param_value_internal":7.865116632326375,"distribution":"{\"name\": \"FloatDistribution\", \"attributes\": {\"step\": null, \"low\": 6.0, \"high\": 10.0, \"log\": false}}"}
{"op_code":5,"worker_id":"ae2f636a-2b97-4668-8891-c0938fede446-139983403692160","trial_id":4,"param_name":"WallThickness","param_value_internal":3.5670065687901857,"distribution":"{\"name\": \"FloatDistribution\", \"attributes\": {\"step\": null, \"low\": 2.0, \"high\": 4.0, \"log\": false}}"}
{"op_code":5,"worker_id":"af25c4c9-ebe0-4936-b2cf-e7e559b16ed8-139972205617280","trial_id":6,"param_name":"JointHeight","param_value_internal":5.459252421013917,"distribution":"{\"name\": \"FloatDistribution\", \"attributes\": {\"step\": null, \"low\": 5.0, \"high\": 8.0, \"log\": false}}"}
{"op_code":5,"worker_id":"ae2f636a-2b97-4668-8891-c0938fede446-139983403692160","trial_id":4,"param_name":"PlateauHeight","param_value_internal":2.3848411772475497,"distribution":"{\"name\": \"FloatDistribution\", \"attributes\": {\"step\": null, \"low\": 2.0, \"high\": 4.0, \"log\": false}}"}
{"op_code":4,"worker_id":"3115615d-15e2-425e-a830-e6952de192e8-139673542901888","study_id":0,"datetime_start":"2026-06-05T14:45:17.797531"}
{"op_code":5,"worker_id":"af25c4c9-ebe0-4936-b2cf-e7e559b16ed8-139972205617280","trial_id":6,"param_name":"CavityCorkThickness","param_value_internal":3.5426274695671394,"distribution":"{\"name\": \"FloatDistribution\", \"attributes\": {\"step\": null, \"low\": 2.0, \"high\": 5.0, \"log\": false}}"}
{"op_code":5,"worker_id":"af25c4c9-ebe0-4936-b2cf-e7e559b16ed8-139972205617280","trial_id":6,"param_name":"BellowHeight","param_value_internal":6.268635339777467,"distribution":"{\"name\": \"FloatDistribution\", \"attributes\": {\"step\": null, \"low\": 6.0, \"high\": 10.0, \"log\": false}}"}
{"op_code":9,"worker_id":"3115615d-15e2-425e-a830-e6952de192e8-139673542901888","trial_id":8,"system_attr":{"nsga2:generation":0}}
{"op_code":5,"worker_id":"af25c4c9-ebe0-4936-b2cf-e7e559b16ed8-139972205617280","trial_id":6,"param_name":"WallThickness","param_value_internal":2.933848008310518,"distribution":"{\"name\": \"FloatDistribution\", \"attributes\": {\"step\": null, \"low\": 2.0, \"high\": 4.0, \"log\": false}}"}
{"op_code":5,"worker_id":"3115615d-15e2-425e-a830-e6952de192e8-139673542901888","trial_id":8,"param_name":"JointSlopeAngle","param_value_internal":0.5482221194651377,"distribution":"{\"name\": \"FloatDistribution\", \"attributes\": {\"step\": null, \"low\": 0.17453292519943295, \"high\": 1.0471975511965976, \"log\": false}}"}
{"op_code":5,"worker_id":"af25c4c9-ebe0-4936-b2cf-e7e559b16ed8-139972205617280","trial_id":6,"param_name":"PlateauHeight","param_value_internal":3.2625453259964967,"distribution":"{\"name\": \"FloatDistribution\", \"attributes\": {\"step\": null, \"low\": 2.0, \"high\": 4.0, \"log\": false}}"}
{"op_code":5,"worker_id":"3115615d-15e2-425e-a830-e6952de192e8-139673542901888","trial_id":8,"param_name":"OuterRadius","param_value_internal":10.518705592769937,"distribution":"{\"name\": \"FloatDistribution\", \"attributes\": {\"step\": null, \"low\": 8.75, \"high\": 17.75, \"log\": false}}"}
{"op_code":5,"worker_id":"3115615d-15e2-425e-a830-e6952de192e8-139673542901888","trial_id":8,"param_name":"JointHeight","param_value_internal":6.021496545529728,"distribution":"{\"name\": \"FloatDistribution\", \"attributes\": {\"step\": null, \"low\": 5.0, \"high\": 8.0, \"log\": false}}"}
{"op_code":9,"worker_id":"e7ae3568-8222-484e-99b5-ffe2a184264a-139627978956928","trial_id":5,"system_attr":{"nsga2:generation":0}}
{"op_code":5,"worker_id":"3115615d-15e2-425e-a830-e6952de192e8-139673542901888","trial_id":8,"param_name":"CavityCorkThickness","param_value_internal":3.1057599750188225,"distribution":"{\"name\": \"FloatDistribution\", \"attributes\": {\"step\": null, \"low\": 2.0, \"high\": 5.0, \"log\": false}}"}
{"op_code":5,"worker_id":"e7ae3568-8222-484e-99b5-ffe2a184264a-139627978956928","trial_id":5,"param_name":"JointSlopeAngle","param_value_internal":0.5786052379690324,"distribution":"{\"name\": \"FloatDistribution\", \"attributes\": {\"step\": null, \"low\": 0.17453292519943295, \"high\": 1.0471975511965976, \"log\": false}}"}
{"op_code":5,"worker_id":"3115615d-15e2-425e-a830-e6952de192e8-139673542901888","trial_id":8,"param_name":"BellowHeight","param_value_internal":9.9075050914964,"distribution":"{\"name\": \"FloatDistribution\", \"attributes\": {\"step\": null, \"low\": 6.0, \"high\": 10.0, \"log\": false}}"}
{"op_code":5,"worker_id":"e7ae3568-8222-484e-99b5-ffe2a184264a-139627978956928","trial_id":5,"param_name":"OuterRadius","param_value_internal":9.87866794828496,"distribution":"{\"name\": \"FloatDistribution\", \"attributes\": {\"step\": null, \"low\": 8.75, \"high\": 17.75, \"log\": false}}"}
{"op_code":5,"worker_id":"3115615d-15e2-425e-a830-e6952de192e8-139673542901888","trial_id":8,"param_name":"WallThickness","param_value_internal":3.052831003204553,"distribution":"{\"name\": \"FloatDistribution\", \"attributes\": {\"step\": null, \"low\": 2.0, \"high\": 4.0, \"log\": false}}"}
{"op_code":5,"worker_id":"e7ae3568-8222-484e-99b5-ffe2a184264a-139627978956928","trial_id":5,"param_name":"JointHeight","param_value_internal":6.590755357995031,"distribution":"{\"name\": \"FloatDistribution\", \"attributes\": {\"step\": null, \"low\": 5.0, \"high\": 8.0, \"log\": false}}"}
{"op_code":5,"worker_id":"3115615d-15e2-425e-a830-e6952de192e8-139673542901888","trial_id":8,"param_name":"PlateauHeight","param_value_internal":2.645369012635941,"distribution":"{\"name\": \"FloatDistribution\", \"attributes\": {\"step\": null, \"low\": 2.0, \"high\": 4.0, \"log\": false}}"}
{"op_code":5,"worker_id":"e7ae3568-8222-484e-99b5-ffe2a184264a-139627978956928","trial_id":5,"param_name":"CavityCorkThickness","param_value_internal":3.444291495646155,"distribution":"{\"name\": \"FloatDistribution\", \"attributes\": {\"step\": null, \"low\": 2.0, \"high\": 5.0, \"log\": false}}"}
{"op_code":5,"worker_id":"e7ae3568-8222-484e-99b5-ffe2a184264a-139627978956928","trial_id":5,"param_name":"BellowHeight","param_value_internal":6.650746967703546,"distribution":"{\"name\": \"FloatDistribution\", \"attributes\": {\"step\": null, \"low\": 6.0, \"high\": 10.0, \"log\": false}}"}
{"op_code":5,"worker_id":"e7ae3568-8222-484e-99b5-ffe2a184264a-139627978956928","trial_id":5,"param_name":"WallThickness","param_value_internal":2.910919482822685,"distribution":"{\"name\": \"FloatDistribution\", \"attributes\": {\"step\": null, \"low\": 2.0, \"high\": 4.0, \"log\": false}}"}
{"op_code":5,"worker_id":"e7ae3568-8222-484e-99b5-ffe2a184264a-139627978956928","trial_id":5,"param_name":"PlateauHeight","param_value_internal":3.0152607547052765,"distribution":"{\"name\": \"FloatDistribution\", \"attributes\": {\"step\": null, \"low\": 2.0, \"high\": 4.0, \"log\": false}}"}
{"op_code":5,"worker_id":"87c6a3ff-c7c5-4556-a5ff-f21f3c0a8de0-139968018595968","trial_id":2,"param_name":"JointHeight","param_value_internal":7.44209628210683,"distribution":"{\"name\": \"FloatDistribution\", \"attributes\": {\"step\": null, \"low\": 5.0, \"high\": 8.0, \"log\": false}}"}
{"op_code":5,"worker_id":"87c6a3ff-c7c5-4556-a5ff-f21f3c0a8de0-139968018595968","trial_id":2,"param_name":"CavityCorkThickness","param_value_internal":3.34486829973298,"distribution":"{\"name\": \"FloatDistribution\", \"attributes\": {\"step\": null, \"low\": 2.0, \"high\": 5.0, \"log\": false}}"}
{"op_code":5,"worker_id":"87c6a3ff-c7c5-4556-a5ff-f21f3c0a8de0-139968018595968","trial_id":2,"param_name":"BellowHeight","param_value_internal":9.192434095286496,"distribution":"{\"name\": \"FloatDistribution\", \"attributes\": {\"step\": null, \"low\": 6.0, \"high\": 10.0, \"log\": false}}"}
{"op_code":5,"worker_id":"87c6a3ff-c7c5-4556-a5ff-f21f3c0a8de0-139968018595968","trial_id":2,"param_name":"WallThickness","param_value_internal":3.7715041097925623,"distribution":"{\"name\": \"FloatDistribution\", \"attributes\": {\"step\": null, \"low\": 2.0, \"high\": 4.0, \"log\": false}}"}
{"op_code":5,"worker_id":"87c6a3ff-c7c5-4556-a5ff-f21f3c0a8de0-139968018595968","trial_id":2,"param_name":"PlateauHeight","param_value_internal":3.6154772915013904,"distribution":"{\"name\": \"FloatDistribution\", \"attributes\": {\"step\": null, \"low\": 2.0, \"high\": 4.0, \"log\": false}}"}
{"op_code":0,"worker_id":"9cf67e4b-44d2-4e25-9957-5250bbde3f77-139877855514752","study_name":"SensorFinger_2_optuna_evolutionary","directions":[2,2]}
{"op_code":0,"worker_id":"9cf67e4b-44d2-4e25-9957-5250bbde3f77-139877855514752","study_name":"SensorFinger_2_optuna_evolutionary","directions":[2,2]}
{"op_code":4,"worker_id":"9cf67e4b-44d2-4e25-9957-5250bbde3f77-139877855514752","study_id":0,"datetime_start":"2026-06-05T14:45:17.994198"}
{"op_code":9,"worker_id":"9cf67e4b-44d2-4e25-9957-5250bbde3f77-139877855514752","trial_id":9,"system_attr":{"nsga2:generation":0}}
{"op_code":5,"worker_id":"9cf67e4b-44d2-4e25-9957-5250bbde3f77-139877855514752","trial_id":9,"param_name":"JointSlopeAngle","param_value_internal":0.758184793490108,"distribution":"{\"name\": \"FloatDistribution\", \"attributes\": {\"step\": null, \"low\": 0.17453292519943295, \"high\": 1.0471975511965976, \"log\": false}}"}
{"op_code":5,"worker_id":"9cf67e4b-44d2-4e25-9957-5250bbde3f77-139877855514752","trial_id":9,"param_name":"OuterRadius","param_value_internal":14.383635485431252,"distribution":"{\"name\": \"FloatDistribution\", \"attributes\": {\"step\": null, \"low\": 8.75, \"high\": 17.75, \"log\": false}}"}
{"op_code":5,"worker_id":"9cf67e4b-44d2-4e25-9957-5250bbde3f77-139877855514752","trial_id":9,"param_name":"JointHeight","param_value_internal":6.93549820574824,"distribution":"{\"name\": \"FloatDistribution\", \"attributes\": {\"step\": null, \"low\": 5.0, \"high\": 8.0, \"log\": false}}"}
{"op_code":5,"worker_id":"9cf67e4b-44d2-4e25-9957-5250bbde3f77-139877855514752","trial_id":9,"param_name":"CavityCorkThickness","param_value_internal":2.2768660643262977,"distribution":"{\"name\": \"FloatDistribution\", \"attributes\": {\"step\": null, \"low\": 2.0, \"high\": 5.0, \"log\": false}}"}
{"op_code":5,"worker_id":"9cf67e4b-44d2-4e25-9957-5250bbde3f77-139877855514752","trial_id":9,"param_name":"BellowHeight","param_value_internal":9.858462082308218,"distribution":"{\"name\": \"FloatDistribution\", \"attributes\": {\"step\": null, \"low\": 6.0, \"high\": 10.0, \"log\": false}}"}
{"op_code":5,"worker_id":"9cf67e4b-44d2-4e25-9957-5250bbde3f77-139877855514752","trial_id":9,"param_name":"WallThickness","param_value_internal":2.1869914509124855,"distribution":"{\"name\": \"FloatDistribution\", \"attributes\": {\"step\": null, \"low\": 2.0, \"high\": 4.0, \"log\": false}}"}
{"op_code":5,"worker_id":"9cf67e4b-44d2-4e25-9957-5250bbde3f77-139877855514752","trial_id":9,"param_name":"PlateauHeight","param_value_internal":3.55346154797498,"distribution":"{\"name\": \"FloatDistribution\", \"attributes\": {\"step\": null, \"low\": 2.0, \"high\": 4.0, \"log\": false}}"}
{"op_code":5,"worker_id":"d7f1099c-6ce1-49c6-8266-aacb6a14cf4f-140094272114816","trial_id":7,"param_name":"JointSlopeAngle","param_value_internal":0.7458942526256098,"distribution":"{\"name\": \"FloatDistribution\", \"attributes\": {\"step\": null, \"low\": 0.17453292519943295, \"high\": 1.0471975511965976, \"log\": false}}"}
{"op_code":5,"worker_id":"d7f1099c-6ce1-49c6-8266-aacb6a14cf4f-140094272114816","trial_id":7,"param_name":"OuterRadius","param_value_internal":14.71947609412347,"distribution":"{\"name\": \"FloatDistribution\", \"attributes\": {\"step\": null, \"low\": 8.75, \"high\": 17.75, \"log\": false}}"}
{"op_code":5,"worker_id":"d7f1099c-6ce1-49c6-8266-aacb6a14cf4f-140094272114816","trial_id":7,"param_name":"JointHeight","param_value_internal":5.330169072489863,"distribution":"{\"name\": \"FloatDistribution\", \"attributes\": {\"step\": null, \"low\": 5.0, \"high\": 8.0, \"log\": false}}"}
{"op_code":5,"worker_id":"d7f1099c-6ce1-49c6-8266-aacb6a14cf4f-140094272114816","trial_id":7,"param_name":"CavityCorkThickness","param_value_internal":4.889473624575171,"distribution":"{\"name\": \"FloatDistribution\", \"attributes\": {\"step\": null, \"low\": 2.0, \"high\": 5.0, \"log\": false}}"}
{"op_code":5,"worker_id":"d7f1099c-6ce1-49c6-8266-aacb6a14cf4f-140094272114816","trial_id":7,"param_name":"BellowHeight","param_value_internal":9.358287528760899,"distribution":"{\"name\": \"FloatDistribution\", \"attributes\": {\"step\": null, \"low\": 6.0, \"high\": 10.0, \"log\": false}}"}
{"op_code":5,"worker_id":"d7f1099c-6ce1-49c6-8266-aacb6a14cf4f-140094272114816","trial_id":7,"param_name":"WallThickness","param_value_internal":3.982306913895987,"distribution":"{\"name\": \"FloatDistribution\", \"attributes\": {\"step\": null, \"low\": 2.0, \"high\": 4.0, \"log\": false}}"}
{"op_code":5,"worker_id":"d7f1099c-6ce1-49c6-8266-aacb6a14cf4f-140094272114816","trial_id":7,"param_name":"PlateauHeight","param_value_internal":2.4995918429658923,"distribution":"{\"name\": \"FloatDistribution\", \"attributes\": {\"step\": null, \"low\": 2.0, \"high\": 4.0, \"log\": false}}"}
{"op_code":5,"worker_id":"0e6a4481-14f1-49ef-a448-becca85dd717-139699220336768","trial_id":3,"param_name":"CavityCorkThickness","param_value_internal":2.098011787435744,"distribution":"{\"name\": \"FloatDistribution\", \"attributes\": {\"step\": null, \"low\": 2.0, \"high\": 5.0, \"log\": false}}"}
{"op_code":5,"worker_id":"0e6a4481-14f1-49ef-a448-becca85dd717-139699220336768","trial_id":3,"param_name":"BellowHeight","param_value_internal":7.788442606580677,"distribution":"{\"name\": \"FloatDistribution\", \"attributes\": {\"step\": null, \"low\": 6.0, \"high\": 10.0, \"log\": false}}"}
{"op_code":5,"worker_id":"0e6a4481-14f1-49ef-a448-becca85dd717-139699220336768","trial_id":3,"param_name":"WallThickness","param_value_internal":3.37365716705105,"distribution":"{\"name\": \"FloatDistribution\", \"attributes\": {\"step\": null, \"low\": 2.0, \"high\": 4.0, \"log\": false}}"}
{"op_code":5,"worker_id":"0e6a4481-14f1-49ef-a448-becca85dd717-139699220336768","trial_id":3,"param_name":"PlateauHeight","param_value_internal":3.6127920940732947,"distribution":"{\"name\": \"FloatDistribution\", \"attributes\": {\"step\": null, \"low\": 2.0, \"high\": 4.0, \"log\": false}}"}
{"op_code":6,"worker_id":"0f7f8cc3-8da6-4cd3-87d7-c3f3d7bc1da7-139835829026944","trial_id":0,"state":1,"values":[-Infinity,-Infinity],"datetime_complete":"2026-06-05T14:45:20.040097"}
{"op_code":4,"worker_id":"0f7f8cc3-8da6-4cd3-87d7-c3f3d7bc1da7-139835829026944","study_id":0,"datetime_start":"2026-06-05T14:45:20.048877"}
{"op_code":9,"worker_id":"0f7f8cc3-8da6-4cd3-87d7-c3f3d7bc1da7-139835829026944","trial_id":10,"system_attr":{"nsga2:generation":0}}
{"op_code":5,"worker_id":"0f7f8cc3-8da6-4cd3-87d7-c3f3d7bc1da7-139835829026944","trial_id":10,"param_name":"JointSlopeAngle","param_value_internal":0.4951622175636532,"distribution":"{\"name\": \"FloatDistribution\", \"attributes\": {\"step\": null, \"low\": 0.17453292519943295, \"high\": 1.0471975511965976, \"log\": false}}"}
{"op_code":5,"worker_id":"0f7f8cc3-8da6-4cd3-87d7-c3f3d7bc1da7-139835829026944","trial_id":10,"param_name":"OuterRadius","param_value_internal":16.49379474924403,"distribution":"{\"name\": \"FloatDistribution\", \"attributes\": {\"step\": null, \"low\": 8.75, \"high\": 17.75, \"log\": false}}"}
{"op_code":5,"worker_id":"0f7f8cc3-8da6-4cd3-87d7-c3f3d7bc1da7-139835829026944","trial_id":10,"param_name":"JointHeight","param_value_internal":6.844051831567209,"distribution":"{\"name\": \"FloatDistribution\", \"attributes\": {\"step\": null, \"low\": 5.0, \"high\": 8.0, \"log\": false}}"}
{"op_code":5,"worker_id":"0f7f8cc3-8da6-4cd3-87d7-c3f3d7bc1da7-139835829026944","trial_id":10,"param_name":"CavityCorkThickness","param_value_internal":2.847130219960671,"distribution":"{\"name\": \"FloatDistribution\", \"attributes\": {\"step\": null, \"low\": 2.0, \"high\": 5.0, \"log\": false}}"}
{"op_code":5,"worker_id":"0f7f8cc3-8da6-4cd3-87d7-c3f3d7bc1da7-139835829026944","trial_id":10,"param_name":"BellowHeight","param_value_internal":9.002858803178768,"distribution":"{\"name\": \"FloatDistribution\", \"attributes\": {\"step\": null, \"low\": 6.0, \"high\": 10.0, \"log\": false}}"}
{"op_code":5,"worker_id":"0f7f8cc3-8da6-4cd3-87d7-c3f3d7bc1da7-139835829026944","trial_id":10,"param_name":"WallThickness","param_value_internal":2.4532053608835636,"distribution":"{\"name\": \"FloatDistribution\", \"attributes\": {\"step\": null, \"low\": 2.0, \"high\": 4.0, \"log\": false}}"}
{"op_code":5,"worker_id":"0f7f8cc3-8da6-4cd3-87d7-c3f3d7bc1da7-139835829026944","trial_id":10,"param_name":"PlateauHeight","param_value_internal":2.353186454819265,"distribution":"{\"name\": \"FloatDistribution\", \"attributes\": {\"step\": null, \"low\": 2.0, \"high\": 4.0, \"log\": false}}"}
{"op_code":6,"worker_id":"87c6a3ff-c7c5-4556-a5ff-f21f3c0a8de0-139968018595968","trial_id":2,"state":1,"values":[-Infinity,-Infinity],"datetime_complete":"2026-06-05T14:45:20.607134"}
{"op_code":4,"worker_id":"87c6a3ff-c7c5-4556-a5ff-f21f3c0a8de0-139968018595968","study_id":0,"datetime_start":"2026-06-05T14:45:20.616431"}
{"op_code":9,"worker_id":"87c6a3ff-c7c5-4556-a5ff-f21f3c0a8de0-139968018595968","trial_id":11,"system_attr":{"nsga2:generation":0}}
{"op_code":5,"worker_id":"87c6a3ff-c7c5-4556-a5ff-f21f3c0a8de0-139968018595968","trial_id":11,"param_name":"JointSlopeAngle","param_value_internal":0.5324797448596258,"distribution":"{\"name\": \"FloatDistribution\", \"attributes\": {\"step\": null, \"low\": 0.17453292519943295, \"high\": 1.0471975511965976, \"log\": false}}"}
{"op_code":5,"worker_id":"87c6a3ff-c7c5-4556-a5ff-f21f3c0a8de0-139968018595968","trial_id":11,"param_name":"OuterRadius","param_value_internal":15.158311595960162,"distribution":"{\"name\": \"FloatDistribution\", \"attributes\": {\"step\": null, \"low\": 8.75, \"high\": 17.75, \"log\": false}}"}
{"op_code":5,"worker_id":"87c6a3ff-c7c5-4556-a5ff-f21f3c0a8de0-139968018595968","trial_id":11,"param_name":"JointHeight","param_value_internal":7.30174165256709,"distribution":"{\"name\": \"FloatDistribution\", \"attributes\": {\"step\": null, \"low\": 5.0, \"high\": 8.0, \"log\": false}}"}
{"op_code":6,"worker_id":"993a2bfc-89a2-4bbe-9842-87908979d31a-140400492408960","trial_id":1,"state":1,"values":[-Infinity,-Infinity],"datetime_complete":"2026-06-05T14:45:20.642557"}
{"op_code":5,"worker_id":"87c6a3ff-c7c5-4556-a5ff-f21f3c0a8de0-139968018595968","trial_id":11,"param_name":"CavityCorkThickness","param_value_internal":2.4983118086521725,"distribution":"{\"name\": \"FloatDistribution\", \"attributes\": {\"step\": null, \"low\": 2.0, \"high\": 5.0, \"log\": false}}"}
{"op_code":6,"worker_id":"3115615d-15e2-425e-a830-e6952de192e8-139673542901888","trial_id":8,"state":1,"values":[-Infinity,-Infinity],"datetime_complete":"2026-06-05T14:45:20.651319"}
{"op_code":5,"worker_id":"87c6a3ff-c7c5-4556-a5ff-f21f3c0a8de0-139968018595968","trial_id":11,"param_name":"BellowHeight","param_value_internal":7.01973091264558,"distribution":"{\"name\": \"FloatDistribution\", \"attributes\": {\"step\": null, \"low\": 6.0, \"high\": 10.0, \"log\": false}}"}
{"op_code":5,"worker_id":"87c6a3ff-c7c5-4556-a5ff-f21f3c0a8de0-139968018595968","trial_id":11,"param_name":"WallThickness","param_value_internal":2.6165666966933374,"distribution":"{\"name\": \"FloatDistribution\", \"attributes\": {\"step\": null, \"low\": 2.0, \"high\": 4.0, \"log\": false}}"}
{"op_code":4,"worker_id":"3115615d-15e2-425e-a830-e6952de192e8-139673542901888","study_id":0,"datetime_start":"2026-06-05T14:45:20.665763"}
{"op_code":5,"worker_id":"87c6a3ff-c7c5-4556-a5ff-f21f3c0a8de0-139968018595968","trial_id":11,"param_name":"PlateauHeight","param_value_internal":3.3221647119422473,"distribution":"{\"name\": \"FloatDistribution\", \"attributes\": {\"step\": null, \"low\": 2.0, \"high\": 4.0, \"log\": false}}"}
{"op_code":9,"worker_id":"3115615d-15e2-425e-a830-e6952de192e8-139673542901888","trial_id":12,"system_attr":{"nsga2:generation":0}}
{"op_code":5,"worker_id":"3115615d-15e2-425e-a830-e6952de192e8-139673542901888","trial_id":12,"param_name":"JointSlopeAngle","param_value_internal":0.8233627390332395,"distribution":"{\"name\": \"FloatDistribution\", \"attributes\": {\"step\": null, \"low\": 0.17453292519943295, \"high\": 1.0471975511965976, \"log\": false}}"}
{"op_code":5,"worker_id":"3115615d-15e2-425e-a830-e6952de192e8-139673542901888","trial_id":12,"param_name":"OuterRadius","param_value_internal":14.398169539657989,"distribution":"{\"name\": \"FloatDistribution\", \"attributes\": {\"step\": null, \"low\": 8.75, \"high\": 17.75, \"log\": false}}"}
{"op_code":4,"worker_id":"993a2bfc-89a2-4bbe-9842-87908979d31a-140400492408960","study_id":0,"datetime_start":"2026-06-05T14:45:20.657810"}
{"op_code":6,"worker_id":"ae2f636a-2b97-4668-8891-c0938fede446-139983403692160","trial_id":4,"state":1,"values":[-Infinity,-Infinity],"datetime_complete":"2026-06-05T14:45:20.691563"}
{"op_code":5,"worker_id":"3115615d-15e2-425e-a830-e6952de192e8-139673542901888","trial_id":12,"param_name":"JointHeight","param_value_internal":6.935298196629598,"distribution":"{\"name\": \"FloatDistribution\", \"attributes\": {\"step\": null, \"low\": 5.0, \"high\": 8.0, \"log\": false}}"}
{"op_code":6,"worker_id":"e7ae3568-8222-484e-99b5-ffe2a184264a-139627978956928","trial_id":5,"state":1,"values":[-Infinity,-Infinity],"datetime_complete":"2026-06-05T14:45:20.689350"}
{"op_code":4,"worker_id":"ae2f636a-2b97-4668-8891-c0938fede446-139983403692160","study_id":0,"datetime_start":"2026-06-05T14:45:20.705762"}
{"op_code":5,"worker_id":"3115615d-15e2-425e-a830-e6952de192e8-139673542901888","trial_id":12,"param_name":"CavityCorkThickness","param_value_internal":3.9592837676820345,"distribution":"{\"name\": \"FloatDistribution\", \"attributes\": {\"step\": null, \"low\": 2.0, \"high\": 5.0, \"log\": false}}"}
{"op_code":9,"worker_id":"ae2f636a-2b97-4668-8891-c0938fede446-139983403692160","trial_id":14,"system_attr":{"nsga2:generation":0}}
{"op_code":5,"worker_id":"3115615d-15e2-425e-a830-e6952de192e8-139673542901888","trial_id":12,"param_name":"BellowHeight","param_value_internal":8.580432304991783,"distribution":"{\"name\": \"FloatDistribution\", \"attributes\": {\"step\": null, \"low\": 6.0, \"high\": 10.0, \"log\": false}}"}
{"op_code":5,"worker_id":"ae2f636a-2b97-4668-8891-c0938fede446-139983403692160","trial_id":14,"param_name":"JointSlopeAngle","param_value_internal":0.49347500193485894,"distribution":"{\"name\": \"FloatDistribution\", \"attributes\": {\"step\": null, \"low\": 0.17453292519943295, \"high\": 1.0471975511965976, \"log\": false}}"}
{"op_code":5,"worker_id":"3115615d-15e2-425e-a830-e6952de192e8-139673542901888","trial_id":12,"param_name":"WallThickness","param_value_internal":2.6975703961953648,"distribution":"{\"name\": \"FloatDistribution\", \"attributes\": {\"step\": null, \"low\": 2.0, \"high\": 4.0, \"log\": false}}"}
{"op_code":5,"worker_id":"ae2f636a-2b97-4668-8891-c0938fede446-139983403692160","trial_id":14,"param_name":"OuterRadius","param_value_internal":10.859928410892863,"distribution":"{\"name\": \"FloatDistribution\", \"attributes\": {\"step\": null, \"low\": 8.75, \"high\": 17.75, \"log\": false}}"}
{"op_code":6,"worker_id":"af25c4c9-ebe0-4936-b2cf-e7e559b16ed8-139972205617280","trial_id":6,"state":1,"values":[-Infinity,-Infinity],"datetime_complete":"2026-06-05T14:45:20.740315"}
{"op_code":5,"worker_id":"ae2f636a-2b97-4668-8891-c0938fede446-139983403692160","trial_id":14,"param_name":"JointHeight","param_value_internal":7.012355191365212,"distribution":"{\"name\": \"FloatDistribution\", \"attributes\": {\"step\": null, \"low\": 5.0, \"high\": 8.0, \"log\": false}}"}
{"op_code":4,"worker_id":"e7ae3568-8222-484e-99b5-ffe2a184264a-139627978956928","study_id":0,"datetime_start":"2026-06-05T14:45:20.715791"}
{"op_code":5,"worker_id":"ae2f636a-2b97-4668-8891-c0938fede446-139983403692160","trial_id":14,"param_name":"CavityCorkThickness","param_value_internal":4.623076925633174,"distribution":"{\"name\": \"FloatDistribution\", \"attributes\": {\"step\": null, \"low\": 2.0, \"high\": 5.0, \"log\": false}}"}
{"op_code":4,"worker_id":"af25c4c9-ebe0-4936-b2cf-e7e559b16ed8-139972205617280","study_id":0,"datetime_start":"2026-06-05T14:45:20.751040"}
{"op_code":5,"worker_id":"ae2f636a-2b97-4668-8891-c0938fede446-139983403692160","trial_id":14,"param_name":"BellowHeight","param_value_internal":7.638603160719915,"distribution":"{\"name\": \"FloatDistribution\", \"attributes\": {\"step\": null, \"low\": 6.0, \"high\": 10.0, \"log\": false}}"}
{"op_code":9,"worker_id":"e7ae3568-8222-484e-99b5-ffe2a184264a-139627978956928","trial_id":15,"system_attr":{"nsga2:generation":0}}
{"op_code":5,"worker_id":"ae2f636a-2b97-4668-8891-c0938fede446-139983403692160","trial_id":14,"param_name":"WallThickness","param_value_internal":2.8191834170722383,"distribution":"{\"name\": \"FloatDistribution\", \"attributes\": {\"step\": null, \"low\": 2.0, \"high\": 4.0, \"log\": false}}"}
{"op_code":5,"worker_id":"e7ae3568-8222-484e-99b5-ffe2a184264a-139627978956928","trial_id":15,"param_name":"JointSlopeAngle","param_value_internal":0.44926093460670635,"distribution":"{\"name\": \"FloatDistribution\", \"attributes\": {\"step\": null, \"low\": 0.17453292519943295, \"high\": 1.0471975511965976, \"log\": false}}"}
{"op_code":5,"worker_id":"ae2f636a-2b97-4668-8891-c0938fede446-139983403692160","trial_id":14,"param_name":"PlateauHeight","param_value_internal":2.0681777976751476,"distribution":"{\"name\": \"FloatDistribution\", \"attributes\": {\"step\": null, \"low\": 2.0, \"high\": 4.0, \"log\": false}}"}
{"op_code":5,"worker_id":"e7ae3568-8222-484e-99b5-ffe2a184264a-139627978956928","trial_id":15,"param_name":"OuterRadius","param_value_internal":10.056520255412991,"distribution":"{\"name\": \"FloatDistribution\", \"attributes\": {\"step\": null, \"low\": 8.75, \"high\": 17.75, \"log\": false}}"}
{"op_code":5,"worker_id":"e7ae3568-8222-484e-99b5-ffe2a184264a-139627978956928","trial_id":15,"param_name":"JointHeight","param_value_internal":6.692229252694965,"distribution":"{\"name\": \"FloatDistribution\", \"attributes\": {\"step\": null, \"low\": 5.0, \"high\": 8.0, \"log\": false}}"}
{"op_code":5,"worker_id":"e7ae3568-8222-484e-99b5-ffe2a184264a-139627978956928","trial_id":15,"param_name":"CavityCorkThickness","param_value_internal":3.384254633693443,"distribution":"{\"name\": \"FloatDistribution\", \"attributes\": {\"step\": null, \"low\": 2.0, \"high\": 5.0, \"log\": false}}"}
{"op_code":5,"worker_id":"e7ae3568-8222-484e-99b5-ffe2a184264a-139627978956928","trial_id":15,"param_name":"BellowHeight","param_value_internal":8.767067131163705,"distribution":"{\"name\": \"FloatDistribution\", \"attributes\": {\"step\": null, \"low\": 6.0, \"high\": 10.0, \"log\": false}}"}
{"op_code":5,"worker_id":"e7ae3568-8222-484e-99b5-ffe2a184264a-139627978956928","trial_id":15,"param_name":"WallThickness","param_value_internal":2.6574012430266984,"distribution":"{\"name\": \"FloatDistribution\", \"attributes\": {\"step\": null, \"low\": 2.0, \"high\": 4.0, \"log\": false}}"}
{"op_code":5,"worker_id":"e7ae3568-8222-484e-99b5-ffe2a184264a-139627978956928","trial_id":15,"param_name":"PlateauHeight","param_value_internal":2.1618802473105223,"distribution":"{\"name\": \"FloatDistribution\", \"attributes\": {\"step\": null, \"low\": 2.0, \"high\": 4.0, \"log\": false}}"}
{"op_code":9,"worker_id":"993a2bfc-89a2-4bbe-9842-87908979d31a-140400492408960","trial_id":13,"system_attr":{"nsga2:generation":0}}
{"op_code":6,"worker_id":"d7f1099c-6ce1-49c6-8266-aacb6a14cf4f-140094272114816","trial_id":7,"state":1,"values":[-Infinity,-Infinity],"datetime_complete":"2026-06-05T14:45:20.840344"}
{"op_code":5,"worker_id":"993a2bfc-89a2-4bbe-9842-87908979d31a-140400492408960","trial_id":13,"param_name":"JointSlopeAngle","param_value_internal":1.0314005073168653,"distribution":"{\"name\": \"FloatDistribution\", \"attributes\": {\"step\": null, \"low\": 0.17453292519943295, \"high\": 1.0471975511965976, \"log\": false}}"}
{"op_code":4,"worker_id":"d7f1099c-6ce1-49c6-8266-aacb6a14cf4f-140094272114816","study_id":0,"datetime_start":"2026-06-05T14:45:20.850145"}
{"op_code":5,"worker_id":"993a2bfc-89a2-4bbe-9842-87908979d31a-140400492408960","trial_id":13,"param_name":"OuterRadius","param_value_internal":9.722983362038102,"distribution":"{\"name\": \"FloatDistribution\", \"attributes\": {\"step\": null, \"low\": 8.75, \"high\": 17.75, \"log\": false}}"}
{"op_code":9,"worker_id":"d7f1099c-6ce1-49c6-8266-aacb6a14cf4f-140094272114816","trial_id":17,"system_attr":{"nsga2:generation":0}}
{"op_code":5,"worker_id":"d7f1099c-6ce1-49c6-8266-aacb6a14cf4f-140094272114816","trial_id":17,"param_name":"JointSlopeAngle","param_value_internal":0.7499803384692997,"distribution":"{\"name\": \"FloatDistribution\", \"attributes\": {\"step\": null, \"low\": 0.17453292519943295, \"high\": 1.0471975511965976, \"log\": false}}"}
{"op_code":5,"worker_id":"3115615d-15e2-425e-a830-e6952de192e8-139673542901888","trial_id":12,"param_name":"PlateauHeight","param_value_internal":2.5432504596280783,"distribution":"{\"name\": \"FloatDistribution\", \"attributes\": {\"step\": null, \"low\": 2.0, \"high\": 4.0, \"log\": false}}"}
{"op_code":5,"worker_id":"d7f1099c-6ce1-49c6-8266-aacb6a14cf4f-140094272114816","trial_id":17,"param_name":"OuterRadius","param_value_internal":11.129583005805802,"distribution":"{\"name\": \"FloatDistribution\", \"attributes\": {\"step\": null, \"low\": 8.75, \"high\": 17.75, \"log\": false}}"}
{"op_code":5,"worker_id":"993a2bfc-89a2-4bbe-9842-87908979d31a-140400492408960","trial_id":13,"param_name":"JointHeight","param_value_internal":5.652667955213073,"distribution":"{\"name\": \"FloatDistribution\", \"attributes\": {\"step\": null, \"low\": 5.0, \"high\": 8.0, \"log\": false}}"}
{"op_code":5,"worker_id":"d7f1099c-6ce1-49c6-8266-aacb6a14cf4f-140094272114816","trial_id":17,"param_name":"JointHeight","param_value_internal":7.000461329055181,"distribution":"{\"name\": \"FloatDistribution\", \"attributes\": {\"step\": null, \"low\": 5.0, \"high\": 8.0, \"log\": false}}"}
{"op_code":5,"worker_id":"993a2bfc-89a2-4bbe-9842-87908979d31a-140400492408960","trial_id":13,"param_name":"CavityCorkThickness","param_value_internal":3.720692298384413,"distribution":"{\"name\": \"FloatDistribution\", \"attributes\": {\"step\": null, \"low\": 2.0, \"high\": 5.0, \"log\": false}}"}
{"op_code":5,"worker_id":"d7f1099c-6ce1-49c6-8266-aacb6a14cf4f-140094272114816","trial_id":17,"param_name":"CavityCorkThickness","param_value_internal":2.551259446550114,"distribution":"{\"name\": \"FloatDistribution\", \"attributes\": {\"step\": null, \"low\": 2.0, \"high\": 5.0, \"log\": false}}"}
{"op_code":5,"worker_id":"993a2bfc-89a2-4bbe-9842-87908979d31a-140400492408960","trial_id":13,"param_name":"BellowHeight","param_value_internal":6.263813185980476,"distribution":"{\"name\": \"FloatDistribution\", \"attributes\": {\"step\": null, \"low\": 6.0, \"high\": 10.0, \"log\": false}}"}
{"op_code":6,"worker_id":"9cf67e4b-44d2-4e25-9957-5250bbde3f77-139877855514752","trial_id":9,"state":1,"values":[-Infinity,-Infinity],"datetime_complete":"2026-06-05T14:45:20.898609"}
{"op_code":5,"worker_id":"993a2bfc-89a2-4bbe-9842-87908979d31a-140400492408960","trial_id":13,"param_name":"WallThickness","param_value_internal":2.5374100349647146,"distribution":"{\"name\": \"FloatDistribution\", \"attributes\": {\"step\": null, \"low\": 2.0, \"high\": 4.0, \"log\": false}}"}
{"op_code":5,"worker_id":"993a2bfc-89a2-4bbe-9842-87908979d31a-140400492408960","trial_id":13,"param_name":"PlateauHeight","param_value_internal":3.820812108365363,"distribution":"{\"name\": \"FloatDistribution\", \"attributes\": {\"step\": null, \"low\": 2.0, \"high\": 4.0, \"log\": false}}"}
{"op_code":5,"worker_id":"d7f1099c-6ce1-49c6-8266-aacb6a14cf4f-140094272114816","trial_id":17,"param_name":"BellowHeight","param_value_internal":7.217137735440447,"distribution":"{\"name\": \"FloatDistribution\", \"attributes\": {\"step\": null, \"low\": 6.0, \"high\": 10.0, \"log\": false}}"}
{"op_code":4,"worker_id":"9cf67e4b-44d2-4e25-9957-5250bbde3f77-139877855514752","study_id":0,"datetime_start":"2026-06-05T14:45:20.910121"}
{"op_code":5,"worker_id":"d7f1099c-6ce1-49c6-8266-aacb6a14cf4f-140094272114816","trial_id":17,"param_name":"WallThickness","param_value_internal":2.1028313527948272,"distribution":"{\"name\": \"FloatDistribution\", \"attributes\": {\"step\": null, \"low\": 2.0, \"high\": 4.0, \"log\": false}}"}
{"op_code":9,"worker_id":"9cf67e4b-44d2-4e25-9957-5250bbde3f77-139877855514752","trial_id":18,"system_attr":{"nsga2:generation":0}}
{"op_code":5,"worker_id":"d7f1099c-6ce1-49c6-8266-aacb6a14cf4f-140094272114816","trial_id":17,"param_name":"PlateauHeight","param_value_internal":3.35660024099315,"distribution":"{\"name\": \"FloatDistribution\", \"attributes\": {\"step\": null, \"low\": 2.0, \"high\": 4.0, \"log\": false}}"}
{"op_code":5,"worker_id":"9cf67e4b-44d2-4e25-9957-5250bbde3f77-139877855514752","trial_id":18,"param_name":"JointSlopeAngle","param_value_internal":0.8371729304594824,"distribution":"{\"name\": \"FloatDistribution\", \"attributes\": {\"step\": null, \"low\": 0.17453292519943295, \"high\": 1.0471975511965976, \"log\": false}}"}
{"op_code":5,"worker_id":"9cf67e4b-44d2-4e25-9957-5250bbde3f77-139877855514752","trial_id":18,"param_name":"OuterRadius","param_value_internal":12.542086465385452,"distribution":"{\"name\": \"FloatDistribution\", \"attributes\": {\"step\": null, \"low\": 8.75, \"high\": 17.75, \"log\": false}}"}
{"op_code":5,"worker_id":"9cf67e4b-44d2-4e25-9957-5250bbde3f77-139877855514752","trial_id":18,"param_name":"JointHeight","param_value_internal":6.491812216557473,"distribution":"{\"name\": \"FloatDistribution\", \"attributes\": {\"step\": null, \"low\": 5.0, \"high\": 8.0, \"log\": false}}"}
{"op_code":5,"worker_id":"9cf67e4b-44d2-4e25-9957-5250bbde3f77-139877855514752","trial_id":18,"param_name":"CavityCorkThickness","param_value_internal":4.4229013749200305,"distribution":"{\"name\": \"FloatDistribution\", \"attributes\": {\"step\": null, \"low\": 2.0, \"high\": 5.0, \"log\": false}}"}
{"op_code":5,"worker_id":"9cf67e4b-44d2-4e25-9957-5250bbde3f77-139877855514752","trial_id":18,"param_name":"BellowHeight","param_value_internal":7.400438358439045,"distribution":"{\"name\": \"FloatDistribution\", \"attributes\": {\"step\": null, \"low\": 6.0, \"high\": 10.0, \"log\": false}}"}
{"op_code":5,"worker_id":"9cf67e4b-44d2-4e25-9957-5250bbde3f77-139877855514752","trial_id":18,"param_name":"WallThickness","param_value_internal":3.827236356916811,"distribution":"{\"name\": \"FloatDistribution\", \"attributes\": {\"step\": null, \"low\": 2.0, \"high\": 4.0, \"log\": false}}"}
{"op_code":5,"worker_id":"9cf67e4b-44d2-4e25-9957-5250bbde3f77-139877855514752","trial_id":18,"param_name":"PlateauHeight","param_value_internal":2.356191155080949,"distribution":"{\"name\": \"FloatDistribution\", \"attributes\": {\"step\": null, \"low\": 2.0, \"high\": 4.0, \"log\": false}}"}
{"op_code":6,"worker_id":"0e6a4481-14f1-49ef-a448-becca85dd717-139699220336768","trial_id":3,"state":1,"values":[-Infinity,-Infinity],"datetime_complete":"2026-06-05T14:45:21.021005"}
{"op_code":9,"worker_id":"af25c4c9-ebe0-4936-b2cf-e7e559b16ed8-139972205617280","trial_id":16,"system_attr":{"nsga2:generation":0}}
{"op_code":4,"worker_id":"0e6a4481-14f1-49ef-a448-becca85dd717-139699220336768","study_id":0,"datetime_start":"2026-06-05T14:45:21.033010"}
{"op_code":5,"worker_id":"af25c4c9-ebe0-4936-b2cf-e7e559b16ed8-139972205617280","trial_id":16,"param_name":"JointSlopeAngle","param_value_internal":0.6354632026272476,"distribution":"{\"name\": \"FloatDistribution\", \"attributes\": {\"step\": null, \"low\": 0.17453292519943295, \"high\": 1.0471975511965976, \"log\": false}}"}
{"op_code":9,"worker_id":"0e6a4481-14f1-49ef-a448-becca85dd717-139699220336768","trial_id":19,"system_attr":{"nsga2:generation":0}}
{"op_code":5,"worker_id":"0e6a4481-14f1-49ef-a448-becca85dd717-139699220336768","trial_id":19,"param_name":"JointSlopeAngle","param_value_internal":0.5667950923055819,"distribution":"{\"name\": \"FloatDistribution\", \"attributes\": {\"step\": null, \"low\": 0.17453292519943295, \"high\": 1.0471975511965976, \"log\": false}}"}
{"op_code":5,"worker_id":"0e6a4481-14f1-49ef-a448-becca85dd717-139699220336768","trial_id":19,"param_name":"OuterRadius","param_value_internal":9.511394577180933,"distribution":"{\"name\": \"FloatDistribution\", \"attributes\": {\"step\": null, \"low\": 8.75, \"high\": 17.75, \"log\": false}}"}
{"op_code":5,"worker_id":"0e6a4481-14f1-49ef-a448-becca85dd717-139699220336768","trial_id":19,"param_name":"JointHeight","param_value_internal":5.137912207561117,"distribution":"{\"name\": \"FloatDistribution\", \"attributes\": {\"step\": null, \"low\": 5.0, \"high\": 8.0, \"log\": false}}"}
{"op_code":5,"worker_id":"af25c4c9-ebe0-4936-b2cf-e7e559b16ed8-139972205617280","trial_id":16,"param_name":"OuterRadius","param_value_internal":9.607004768253121,"distribution":"{\"name\": \"FloatDistribution\", \"attributes\": {\"step\": null, \"low\": 8.75, \"high\": 17.75, \"log\": false}}"}
{"op_code":5,"worker_id":"0e6a4481-14f1-49ef-a448-becca85dd717-139699220336768","trial_id":19,"param_name":"CavityCorkThickness","param_value_internal":2.601975232731771,"distribution":"{\"name\": \"FloatDistribution\", \"attributes\": {\"step\": null, \"low\": 2.0, \"high\": 5.0, \"log\": false}}"}
{"op_code":5,"worker_id":"af25c4c9-ebe0-4936-b2cf-e7e559b16ed8-139972205617280","trial_id":16,"param_name":"JointHeight","param_value_internal":5.961714743412841,"distribution":"{\"name\": \"FloatDistribution\", \"attributes\": {\"step\": null, \"low\": 5.0, \"high\": 8.0, \"log\": false}}"}
{"op_code":5,"worker_id":"0e6a4481-14f1-49ef-a448-becca85dd717-139699220336768","trial_id":19,"param_name":"BellowHeight","param_value_internal":7.640110236231939,"distribution":"{\"name\": \"FloatDistribution\", \"attributes\": {\"step\": null, \"low\": 6.0, \"high\": 10.0, \"log\": false}}"}
{"op_code":5,"worker_id":"af25c4c9-ebe0-4936-b2cf-e7e559b16ed8-139972205617280","trial_id":16,"param_name":"CavityCorkThickness","param_value_internal":2.8242347213554306,"distribution":"{\"name\": \"FloatDistribution\", \"attributes\": {\"step\": null, \"low\": 2.0, \"high\": 5.0, \"log\": false}}"}
{"op_code":5,"worker_id":"0e6a4481-14f1-49ef-a448-becca85dd717-139699220336768","trial_id":19,"param_name":"WallThickness","param_value_internal":2.7359670261581517,"distribution":"{\"name\": \"FloatDistribution\", \"attributes\": {\"step\": null, \"low\": 2.0, \"high\": 4.0, \"log\": false}}"}
{"op_code":5,"worker_id":"0e6a4481-14f1-49ef-a448-becca85dd717-139699220336768","trial_id":19,"param_name":"PlateauHeight","param_value_internal":3.5248563058567473,"distribution":"{\"name\": \"FloatDistribution\", \"attributes\": {\"step\": null, \"low\": 2.0, \"high\": 4.0, \"log\": false}}"}
{"op_code":5,"worker_id":"af25c4c9-ebe0-4936-b2cf-e7e559b16ed8-139972205617280","trial_id":16,"param_name":"BellowHeight","param_value_internal":8.15511929752344,"distribution":"{\"name\": \"FloatDistribution\", \"attributes\": {\"step\": null, \"low\": 6.0, \"high\": 10.0, \"log\": false}}"}
{"op_code":5,"worker_id":"af25c4c9-ebe0-4936-b2cf-e7e559b16ed8-139972205617280","trial_id":16,"param_name":"WallThickness","param_value_internal":3.7965065703060654,"distribution":"{\"name\": \"FloatDistribution\", \"attributes\": {\"step\": null, \"low\": 2.0, \"high\": 4.0, \"log\": false}}"}
{"op_code":5,"worker_id":"af25c4c9-ebe0-4936-b2cf-e7e559b16ed8-139972205617280","trial_id":16,"param_name":"PlateauHeight","param_value_internal":3.272404216179586,"distribution":"{\"name\": \"FloatDistribution\", \"attributes\": {\"step\": null, \"low\": 2.0, \"high\": 4.0, \"log\": false}}"}
{"op_code":6,"worker_id":"0f7f8cc3-8da6-4cd3-87d7-c3f3d7bc1da7-139835829026944","trial_id":10,"state":1,"values":[-Infinity,-Infinity],"datetime_complete":"2026-06-05T14:45:21.152254"}
{"op_code":4,"worker_id":"0f7f8cc3-8da6-4cd3-87d7-c3f3d7bc1da7-139835829026944","study_id":0,"datetime_start":"2026-06-05T14:45:21.160788"}
{"op_code":9,"worker_id":"0f7f8cc3-8da6-4cd3-87d7-c3f3d7bc1da7-139835829026944","trial_id":20,"system_attr":{"nsga2:generation":0}}
{"op_code":5,"worker_id":"0f7f8cc3-8da6-4cd3-87d7-c3f3d7bc1da7-139835829026944","trial_id":20,"param_name":"JointSlopeAngle","param_value_internal":0.7256628479609852,"distribution":"{\"name\": \"FloatDistribution\", \"attributes\": {\"step\": null, \"low\": 0.17453292519943295, \"high\": 1.0471975511965976, \"log\": false}}"}
{"op_code":5,"worker_id":"0f7f8cc3-8da6-4cd3-87d7-c3f3d7bc1da7-139835829026944","trial_id":20,"param_name":"OuterRadius","param_value_internal":10.131484991389948,"distribution":"{\"name\": \"FloatDistribution\", \"attributes\": {\"step\": null, \"low\": 8.75, \"high\": 17.75, \"log\": false}}"}
{"op_code":5,"worker_id":"0f7f8cc3-8da6-4cd3-87d7-c3f3d7bc1da7-139835829026944","trial_id":20,"param_name":"JointHeight","param_value_internal":7.981387850951702,"distribution":"{\"name\": \"FloatDistribution\", \"attributes\": {\"step\": null, \"low\": 5.0, \"high\": 8.0, \"log\": false}}"}
{"op_code":5,"worker_id":"0f7f8cc3-8da6-4cd3-87d7-c3f3d7bc1da7-139835829026944","trial_id":20,"param_name":"CavityCorkThickness","param_value_internal":2.07783837338182,"distribution":"{\"name\": \"FloatDistribution\", \"attributes\": {\"step\": null, \"low\": 2.0, \"high\": 5.0, \"log\": false}}"}
{"op_code":5,"worker_id":"0f7f8cc3-8da6-4cd3-87d7-c3f3d7bc1da7-139835829026944","trial_id":20,"param_name":"BellowHeight","param_value_internal":9.105155688052292,"distribution":"{\"name\": \"FloatDistribution\", \"attributes\": {\"step\": null, \"low\": 6.0, \"high\": 10.0, \"log\": false}}"}
{"op_code":5,"worker_id":"0f7f8cc3-8da6-4cd3-87d7-c3f3d7bc1da7-139835829026944","trial_id":20,"param_name":"WallThickness","param_value_internal":2.3831590528615454,"distribution":"{\"name\": \"FloatDistribution\", \"attributes\": {\"step\": null, \"low\": 2.0, \"high\": 4.0, \"log\": false}}"}
{"op_code":5,"worker_id":"0f7f8cc3-8da6-4cd3-87d7-c3f3d7bc1da7-139835829026944","trial_id":20,"param_name":"PlateauHeight","param_value_internal":2.1031516467771505,"distribution":"{\"name\": \"FloatDistribution\", \"attributes\": {\"step\": null, \"low\": 2.0, \"high\": 4.0, \"log\": false}}"}
{"op_code":6,"worker_id":"87c6a3ff-c7c5-4556-a5ff-f21f3c0a8de0-139968018595968","trial_id":11,"state":1,"values":[-Infinity,-Infinity],"datetime_complete":"2026-06-05T14:45:21.739225"}
{"op_code":4,"worker_id":"87c6a3ff-c7c5-4556-a5ff-f21f3c0a8de0-139968018595968","study_id":0,"datetime_start":"2026-06-05T14:45:21.748659"}
{"op_code":9,"worker_id":"87c6a3ff-c7c5-4556-a5ff-f21f3c0a8de0-139968018595968","trial_id":21,"system_attr":{"nsga2:generation":0}}
{"op_code":5,"worker_id":"87c6a3ff-c7c5-4556-a5ff-f21f3c0a8de0-139968018595968","trial_id":21,"param_name":"JointSlopeAngle","param_value_internal":0.6684059360659923,"distribution":"{\"name\": \"FloatDistribution\", \"attributes\": {\"step\": null, \"low\": 0.17453292519943295, \"high\": 1.0471975511965976, \"log\": false}}"}
{"op_code":5,"worker_id":"87c6a3ff-c7c5-4556-a5ff-f21f3c0a8de0-139968018595968","trial_id":21,"param_name":"OuterRadius","param_value_internal":14.263683562132599,"distribution":"{\"name\": \"FloatDistribution\", \"attributes\": {\"step\": null, \"low\": 8.75, \"high\": 17.75, \"log\": false}}"}
{"op_code":5,"worker_id":"87c6a3ff-c7c5-4556-a5ff-f21f3c0a8de0-139968018595968","trial_id":21,"param_name":"JointHeight","param_value_internal":7.450423944583596,"distribution":"{\"name\": \"FloatDistribution\", \"attributes\": {\"step\": null, \"low\": 5.0, \"high\": 8.0, \"log\": false}}"}
{"op_code":5,"worker_id":"87c6a3ff-c7c5-4556-a5ff-f21f3c0a8de0-139968018595968","trial_id":21,"param_name":"CavityCorkThickness","param_value_internal":4.466479204557203,"distribution":"{\"name\": \"FloatDistribution\", \"attributes\": {\"step\": null, \"low\": 2.0, \"high\": 5.0, \"log\": false}}"}
{"op_code":5,"worker_id":"87c6a3ff-c7c5-4556-a5ff-f21f3c0a8de0-139968018595968","trial_id":21,"param_name":"BellowHeight","param_value_internal":8.25447121396739,"distribution":"{\"name\": \"FloatDistribution\", \"attributes\": {\"step\": null, \"low\": 6.0, \"high\": 10.0, \"log\": false}}"}
{"op_code":5,"worker_id":"87c6a3ff-c7c5-4556-a5ff-f21f3c0a8de0-139968018595968","trial_id":21,"param_name":"WallThickness","param_value_internal":2.665783296273253,"distribution":"{\"name\": \"FloatDistribution\", \"attributes\": {\"step\": null, \"low\": 2.0, \"high\": 4.0, \"log\": false}}"}
{"op_code":5,"worker_id":"87c6a3ff-c7c5-4556-a5ff-f21f3c0a8de0-139968018595968","trial_id":21,"param_name":"PlateauHeight","param_value_internal":2.6090417438129196,"distribution":"{\"name\": \"FloatDistribution\", \"attributes\": {\"step\": null, \"low\": 2.0, \"high\": 4.0, \"log\": false}}"}
{"op_code":6,"worker_id":"ae2f636a-2b97-4668-8891-c0938fede446-139983403692160","trial_id":14,"state":1,"values":[-Infinity,-Infinity],"datetime_complete":"2026-06-05T14:45:21.917432"}
{"op_code":4,"worker_id":"ae2f636a-2b97-4668-8891-c0938fede446-139983403692160","study_id":0,"datetime_start":"2026-06-05T14:45:21.927274"}
{"op_code":9,"worker_id":"ae2f636a-2b97-4668-8891-c0938fede446-139983403692160","trial_id":22,"system_attr":{"nsga2:generation":0}}
{"op_code":6,"worker_id":"e7ae3568-8222-484e-99b5-ffe2a184264a-139627978956928","trial_id":15,"state":1,"values":[-Infinity,-Infinity],"datetime_complete":"2026-06-05T14:45:21.935262"}
{"op_code":5,"worker_id":"ae2f636a-2b97-4668-8891-c0938fede446-139983403692160","trial_id":22,"param_name":"JointSlopeAngle","param_value_internal":0.684078546611456,"distribution":"{\"name\": \"FloatDistribution\", \"attributes\": {\"step\": null, \"low\": 0.17453292519943295, \"high\": 1.0471975511965976, \"log\": false}}"}
{"op_code":5,"worker_id":"ae2f636a-2b97-4668-8891-c0938fede446-139983403692160","trial_id":22,"param_name":"OuterRadius","param_value_internal":10.846606433814465,"distribution":"{\"name\": \"FloatDistribution\", \"attributes\": {\"step\": null, \"low\": 8.75, \"high\": 17.75, \"log\": false}}"}
{"op_code":4,"worker_id":"e7ae3568-8222-484e-99b5-ffe2a184264a-139627978956928","study_id":0,"datetime_start":"2026-06-05T14:45:21.948925"}
{"op_code":5,"worker_id":"ae2f636a-2b97-4668-8891-c0938fede446-139983403692160","trial_id":22,"param_name":"JointHeight","param_value_internal":5.857453180504606,"distribution":"{\"name\": \"FloatDistribution\", \"attributes\": {\"step\": null, \"low\": 5.0, \"high\": 8.0, \"log\": false}}"}
{"op_code":9,"worker_id":"e7ae3568-8222-484e-99b5-ffe2a184264a-139627978956928","trial_id":23,"system_attr":{"nsga2:generation":0}}
{"op_code":5,"worker_id":"ae2f636a-2b97-4668-8891-c0938fede446-139983403692160","trial_id":22,"param_name":"CavityCorkThickness","param_value_internal":4.228569493627825,"distribution":"{\"name\": \"FloatDistribution\", \"attributes\": {\"step\": null, \"low\": 2.0, \"high\": 5.0, \"log\": false}}"}
{"op_code":5,"worker_id":"e7ae3568-8222-484e-99b5-ffe2a184264a-139627978956928","trial_id":23,"param_name":"JointSlopeAngle","param_value_internal":0.33574912052718286,"distribution":"{\"name\": \"FloatDistribution\", \"attributes\": {\"step\": null, \"low\": 0.17453292519943295, \"high\": 1.0471975511965976, \"log\": false}}"}
{"op_code":5,"worker_id":"ae2f636a-2b97-4668-8891-c0938fede446-139983403692160","trial_id":22,"param_name":"BellowHeight","param_value_internal":7.4491392653416435,"distribution":"{\"name\": \"FloatDistribution\", \"attributes\": {\"step\": null, \"low\": 6.0, \"high\": 10.0, \"log\": false}}"}
{"op_code":5,"worker_id":"e7ae3568-8222-484e-99b5-ffe2a184264a-139627978956928","trial_id":23,"param_name":"OuterRadius","param_value_internal":11.515377310013218,"distribution":"{\"name\": \"FloatDistribution\", \"attributes\": {\"step\": null, \"low\": 8.75, \"high\": 17.75, \"log\": false}}"}
{"op_code":5,"worker_id":"ae2f636a-2b97-4668-8891-c0938fede446-139983403692160","trial_id":22,"param_name":"WallThickness","param_value_internal":2.5579889744592625,"distribution":"{\"name\": \"FloatDistribution\", \"attributes\": {\"step\": null, \"low\": 2.0, \"high\": 4.0, \"log\": false}}"}
{"op_code":5,"worker_id":"e7ae3568-8222-484e-99b5-ffe2a184264a-139627978956928","trial_id":23,"param_name":"JointHeight","param_value_internal":5.394666723388042,"distribution":"{\"name\": \"FloatDistribution\", \"attributes\": {\"step\": null, \"low\": 5.0, \"high\": 8.0, \"log\": false}}"}
{"op_code":5,"worker_id":"ae2f636a-2b97-4668-8891-c0938fede446-139983403692160","trial_id":22,"param_name":"PlateauHeight","param_value_internal":2.0179602325792567,"distribution":"{\"name\": \"FloatDistribution\", \"attributes\": {\"step\": null, \"low\": 2.0, \"high\": 4.0, \"log\": false}}"}
{"op_code":5,"worker_id":"e7ae3568-8222-484e-99b5-ffe2a184264a-139627978956928","trial_id":23,"param_name":"CavityCorkThickness","param_value_internal":3.8162929525415135,"distribution":"{\"name\": \"FloatDistribution\", \"attributes\": {\"step\": null, \"low\": 2.0, \"high\": 5.0, \"log\": false}}"}
{"op_code":5,"worker_id":"e7ae3568-8222-484e-99b5-ffe2a184264a-139627978956928","trial_id":23,"param_name":"BellowHeight","param_value_internal":7.197561730643434,"distribution":"{\"name\": \"FloatDistribution\", \"attributes\": {\"step\": null, \"low\": 6.0, \"high\": 10.0, \"log\": false}}"}
{"op_code":5,"worker_id":"e7ae3568-8222-484e-99b5-ffe2a184264a-139627978956928","trial_id":23,"param_name":"WallThickness","param_value_internal":3.179972487435906,"distribution":"{\"name\": \"FloatDistribution\", \"attributes\": {\"step\": null, \"low\": 2.0, \"high\": 4.0, \"log\": false}}"}
{"op_code":5,"worker_id":"e7ae3568-8222-484e-99b5-ffe2a184264a-139627978956928","trial_id":23,"param_name":"PlateauHeight","param_value_internal":3.1683746416564342,"distribution":"{\"name\": \"FloatDistribution\", \"attributes\": {\"step\": null, \"low\": 2.0, \"high\": 4.0, \"log\": false}}"}
{"op_code":6,"worker_id":"d7f1099c-6ce1-49c6-8266-aacb6a14cf4f-140094272114816","trial_id":17,"state":1,"values":[-Infinity,-Infinity],"datetime_complete":"2026-06-05T14:45:22.017783"}
{"op_code":4,"worker_id":"d7f1099c-6ce1-49c6-8266-aacb6a14cf4f-140094272114816","study_id":0,"datetime_start":"2026-06-05T14:45:22.027842"}
{"op_code":9,"worker_id":"d7f1099c-6ce1-49c6-8266-aacb6a14cf4f-140094272114816","trial_id":24,"system_attr":{"nsga2:generation":0}}
{"op_code":6,"worker_id":"3115615d-15e2-425e-a830-e6952de192e8-139673542901888","trial_id":12,"state":1,"values":[-Infinity,-Infinity],"datetime_complete":"2026-06-05T14:45:22.034400"}
{"op_code":5,"worker_id":"d7f1099c-6ce1-49c6-8266-aacb6a14cf4f-140094272114816","trial_id":24,"param_name":"JointSlopeAngle","param_value_internal":1.027572196319489,"distribution":"{\"name\": \"FloatDistribution\", \"attributes\": {\"step\": null, \"low\": 0.17453292519943295, \"high\": 1.0471975511965976, \"log\": false}}"}
{"op_code":4,"worker_id":"3115615d-15e2-425e-a830-e6952de192e8-139673542901888","study_id":0,"datetime_start":"2026-06-05T14:45:22.047612"}
{"op_code":5,"worker_id":"d7f1099c-6ce1-49c6-8266-aacb6a14cf4f-140094272114816","trial_id":24,"param_name":"OuterRadius","param_value_internal":10.563557960328879,"distribution":"{\"name\": \"FloatDistribution\", \"attributes\": {\"step\": null, \"low\": 8.75, \"high\": 17.75, \"log\": false}}"}
{"op_code":9,"worker_id":"3115615d-15e2-425e-a830-e6952de192e8-139673542901888","trial_id":25,"system_attr":{"nsga2:generation":0}}
{"op_code":5,"worker_id":"d7f1099c-6ce1-49c6-8266-aacb6a14cf4f-140094272114816","trial_id":24,"param_name":"JointHeight","param_value_internal":5.1549754891720685,"distribution":"{\"name\": \"FloatDistribution\", \"attributes\": {\"step\": null, \"low\": 5.0, \"high\": 8.0, \"log\": false}}"}
{"op_code":5,"worker_id":"3115615d-15e2-425e-a830-e6952de192e8-139673542901888","trial_id":25,"param_name":"JointSlopeAngle","param_value_internal":0.29537131604489125,"distribution":"{\"name\": \"FloatDistribution\", \"attributes\": {\"step\": null, \"low\": 0.17453292519943295, \"high\": 1.0471975511965976, \"log\": false}}"}
{"op_code":6,"worker_id":"9cf67e4b-44d2-4e25-9957-5250bbde3f77-139877855514752","trial_id":18,"state":1,"values":[-Infinity,-Infinity],"datetime_complete":"2026-06-05T14:45:22.068267"}
{"op_code":5,"worker_id":"3115615d-15e2-425e-a830-e6952de192e8-139673542901888","trial_id":25,"param_name":"OuterRadius","param_value_internal":15.060067454172511,"distribution":"{\"name\": \"FloatDistribution\", \"attributes\": {\"step\": null, \"low\": 8.75, \"high\": 17.75, \"log\": false}}"}
{"op_code":4,"worker_id":"9cf67e4b-44d2-4e25-9957-5250bbde3f77-139877855514752","study_id":0,"datetime_start":"2026-06-05T14:45:22.078188"}
{"op_code":5,"worker_id":"3115615d-15e2-425e-a830-e6952de192e8-139673542901888","trial_id":25,"param_name":"JointHeight","param_value_internal":6.5933117080101455,"distribution":"{\"name\": \"FloatDistribution\", \"attributes\": {\"step\": null, \"low\": 5.0, \"high\": 8.0, \"log\": false}}"}
{"op_code":9,"worker_id":"9cf67e4b-44d2-4e25-9957-5250bbde3f77-139877855514752","trial_id":26,"system_attr":{"nsga2:generation":0}}
{"op_code":5,"worker_id":"3115615d-15e2-425e-a830-e6952de192e8-139673542901888","trial_id":25,"param_name":"CavityCorkThickness","param_value_internal":4.184201497034749,"distribution":"{\"name\": \"FloatDistribution\", \"attributes\": {\"step\": null, \"low\": 2.0, \"high\": 5.0, \"log\": false}}"}
{"op_code":5,"worker_id":"9cf67e4b-44d2-4e25-9957-5250bbde3f77-139877855514752","trial_id":26,"param_name":"JointSlopeAngle","param_value_internal":0.9299706979588654,"distribution":"{\"name\": \"FloatDistribution\", \"attributes\": {\"step\": null, \"low\": 0.17453292519943295, \"high\": 1.0471975511965976, \"log\": false}}"}
{"op_code":5,"worker_id":"d7f1099c-6ce1-49c6-8266-aacb6a14cf4f-140094272114816","trial_id":24,"param_name":"CavityCorkThickness","param_value_internal":2.9900206165592635,"distribution":"{\"name\": \"FloatDistribution\", \"attributes\": {\"step\": null, \"low\": 2.0, \"high\": 5.0, \"log\": false}}"}
{"op_code":5,"worker_id":"9cf67e4b-44d2-4e25-9957-5250bbde3f77-139877855514752","trial_id":26,"param_name":"OuterRadius","param_value_internal":9.89122895906737,"distribution":"{\"name\": \"FloatDistribution\", \"attributes\": {\"step\": null, \"low\": 8.75, \"high\": 17.75, \"log\": false}}"}
{"op_code":5,"worker_id":"d7f1099c-6ce1-49c6-8266-aacb6a14cf4f-140094272114816","trial_id":24,"param_name":"BellowHeight","param_value_internal":9.30113805461541,"distribution":"{\"name\": \"FloatDistribution\", \"attributes\": {\"step\": null, \"low\": 6.0, \"high\": 10.0, \"log\": false}}"}
{"op_code":5,"worker_id":"9cf67e4b-44d2-4e25-9957-5250bbde3f77-139877855514752","trial_id":26,"param_name":"JointHeight","param_value_internal":5.453534901966188,"distribution":"{\"name\": \"FloatDistribution\", \"attributes\": {\"step\": null, \"low\": 5.0, \"high\": 8.0, \"log\": false}}"}
{"op_code":5,"worker_id":"d7f1099c-6ce1-49c6-8266-aacb6a14cf4f-140094272114816","trial_id":24,"param_name":"WallThickness","param_value_internal":2.2360953386712454,"distribution":"{\"name\": \"FloatDistribution\", \"attributes\": {\"step\": null, \"low\": 2.0, \"high\": 4.0, \"log\": false}}"}
{"op_code":5,"worker_id":"9cf67e4b-44d2-4e25-9957-5250bbde3f77-139877855514752","trial_id":26,"param_name":"CavityCorkThickness","param_value_internal":4.382798617492542,"distribution":"{\"name\": \"FloatDistribution\", \"attributes\": {\"step\": null, \"low\": 2.0, \"high\": 5.0, \"log\": false}}"}
{"op_code":5,"worker_id":"d7f1099c-6ce1-49c6-8266-aacb6a14cf4f-140094272114816","trial_id":24,"param_name":"PlateauHeight","param_value_internal":2.779588437232758,"distribution":"{\"name\": \"FloatDistribution\", \"attributes\": {\"step\": null, \"low\": 2.0, \"high\": 4.0, \"log\": false}}"}
{"op_code":5,"worker_id":"9cf67e4b-44d2-4e25-9957-5250bbde3f77-139877855514752","trial_id":26,"param_name":"BellowHeight","param_value_internal":8.324264479946397,"distribution":"{\"name\": \"FloatDistribution\", \"attributes\": {\"step\": null, \"low\": 6.0, \"high\": 10.0, \"log\": false}}"}
{"op_code":5,"worker_id":"9cf67e4b-44d2-4e25-9957-5250bbde3f77-139877855514752","trial_id":26,"param_name":"WallThickness","param_value_internal":3.9295517413254046,"distribution":"{\"name\": \"FloatDistribution\", \"attributes\": {\"step\": null, \"low\": 2.0, \"high\": 4.0, \"log\": false}}"}
{"op_code":5,"worker_id":"9cf67e4b-44d2-4e25-9957-5250bbde3f77-139877855514752","trial_id":26,"param_name":"PlateauHeight","param_value_internal":2.833753684945809,"distribution":"{\"name\": \"FloatDistribution\", \"attributes\": {\"step\": null, \"low\": 2.0, \"high\": 4.0, \"log\": false}}"}
{"op_code":5,"worker_id":"3115615d-15e2-425e-a830-e6952de192e8-139673542901888","trial_id":25,"param_name":"BellowHeight","param_value_internal":6.90156980998054,"distribution":"{\"name\": \"FloatDistribution\", \"attributes\": {\"step\": null, \"low\": 6.0, \"high\": 10.0, \"log\": false}}"}
{"op_code":6,"worker_id":"0e6a4481-14f1-49ef-a448-becca85dd717-139699220336768","trial_id":19,"state":1,"values":[-Infinity,-Infinity],"datetime_complete":"2026-06-05T14:45:22.164249"}
{"op_code":5,"worker_id":"3115615d-15e2-425e-a830-e6952de192e8-139673542901888","trial_id":25,"param_name":"WallThickness","param_value_internal":3.81984177185609,"distribution":"{\"name\": \"FloatDistribution\", \"attributes\": {\"step\": null, \"low\": 2.0, \"high\": 4.0, \"log\": false}}"}
{"op_code":4,"worker_id":"0e6a4481-14f1-49ef-a448-becca85dd717-139699220336768","study_id":0,"datetime_start":"2026-06-05T14:45:22.177034"}
{"op_code":5,"worker_id":"3115615d-15e2-425e-a830-e6952de192e8-139673542901888","trial_id":25,"param_name":"PlateauHeight","param_value_internal":2.7822605280596253,"distribution":"{\"name\": \"FloatDistribution\", \"attributes\": {\"step\": null, \"low\": 2.0, \"high\": 4.0, \"log\": false}}"}
{"op_code":9,"worker_id":"0e6a4481-14f1-49ef-a448-becca85dd717-139699220336768","trial_id":27,"system_attr":{"nsga2:generation":0}}
{"op_code":5,"worker_id":"0e6a4481-14f1-49ef-a448-becca85dd717-139699220336768","trial_id":27,"param_name":"JointSlopeAngle","param_value_internal":0.38369525621113465,"distribution":"{\"name\": \"FloatDistribution\", \"attributes\": {\"step\": null, \"low\": 0.17453292519943295, \"high\": 1.0471975511965976, \"log\": false}}"}
{"op_code":5,"worker_id":"0e6a4481-14f1-49ef-a448-becca85dd717-139699220336768","trial_id":27,"param_name":"OuterRadius","param_value_internal":17.35437918454231,"distribution":"{\"name\": \"FloatDistribution\", \"attributes\": {\"step\": null, \"low\": 8.75, \"high\": 17.75, \"log\": false}}"}
{"op_code":5,"worker_id":"0e6a4481-14f1-49ef-a448-becca85dd717-139699220336768","trial_id":27,"param_name":"JointHeight","param_value_internal":6.001241861563981,"distribution":"{\"name\": \"FloatDistribution\", \"attributes\": {\"step\": null, \"low\": 5.0, \"high\": 8.0, \"log\": false}}"}
{"op_code":5,"worker_id":"0e6a4481-14f1-49ef-a448-becca85dd717-139699220336768","trial_id":27,"param_name":"CavityCorkThickness","param_value_internal":2.863321052184543,"distribution":"{\"name\": \"FloatDistribution\", \"attributes\": {\"step\": null, \"low\": 2.0, \"high\": 5.0, \"log\": false}}"}
{"op_code":5,"worker_id":"0e6a4481-14f1-49ef-a448-becca85dd717-139699220336768","trial_id":27,"param_name":"BellowHeight","param_value_internal":8.79893778914193,"distribution":"{\"name\": \"FloatDistribution\", \"attributes\": {\"step\": null, \"low\": 6.0, \"high\": 10.0, \"log\": false}}"}
{"op_code":5,"worker_id":"0e6a4481-14f1-49ef-a448-becca85dd717-139699220336768","trial_id":27,"param_name":"WallThickness","param_value_internal":3.4612349201779224,"distribution":"{\"name\": \"FloatDistribution\", \"attributes\": {\"step\": null, \"low\": 2.0, \"high\": 4.0, \"log\": false}}"}
{"op_code":5,"worker_id":"0e6a4481-14f1-49ef-a448-becca85dd717-139699220336768","trial_id":27,"param_name":"PlateauHeight","param_value_internal":2.5833784844865555,"distribution":"{\"name\": \"FloatDistribution\", \"attributes\": {\"step\": null, \"low\": 2.0, \"high\": 4.0, \"log\": false}}"}
{"op_code":6,"worker_id":"0f7f8cc3-8da6-4cd3-87d7-c3f3d7bc1da7-139835829026944","trial_id":20,"state":1,"values":[-Infinity,-Infinity],"datetime_complete":"2026-06-05T14:45:22.244025"}
{"op_code":4,"worker_id":"0f7f8cc3-8da6-4cd3-87d7-c3f3d7bc1da7-139835829026944","study_id":0,"datetime_start":"2026-06-05T14:45:22.253302"}
{"op_code":9,"worker_id":"0f7f8cc3-8da6-4cd3-87d7-c3f3d7bc1da7-139835829026944","trial_id":28,"system_attr":{"nsga2:generation":0}}
{"op_code":5,"worker_id":"0f7f8cc3-8da6-4cd3-87d7-c3f3d7bc1da7-139835829026944","trial_id":28,"param_name":"JointSlopeAngle","param_value_internal":0.7963633749551011,"distribution":"{\"name\": \"FloatDistribution\", \"attributes\": {\"step\": null, \"low\": 0.17453292519943295, \"high\": 1.0471975511965976, \"log\": false}}"}
{"op_code":5,"worker_id":"0f7f8cc3-8da6-4cd3-87d7-c3f3d7bc1da7-139835829026944","trial_id":28,"param_name":"OuterRadius","param_value_internal":13.42349295987118,"distribution":"{\"name\": \"FloatDistribution\", \"attributes\": {\"step\": null, \"low\": 8.75, \"high\": 17.75, \"log\": false}}"}
{"op_code":5,"worker_id":"0f7f8cc3-8da6-4cd3-87d7-c3f3d7bc1da7-139835829026944","trial_id":28,"param_name":"JointHeight","param_value_internal":6.953316254021624,"distribution":"{\"name\": \"FloatDistribution\", \"attributes\": {\"step\": null, \"low\": 5.0, \"high\": 8.0, \"log\": false}}"}
{"op_code":5,"worker_id":"0f7f8cc3-8da6-4cd3-87d7-c3f3d7bc1da7-139835829026944","trial_id":28,"param_name":"CavityCorkThickness","param_value_internal":3.5769029157692995,"distribution":"{\"name\": \"FloatDistribution\", \"attributes\": {\"step\": null, \"low\": 2.0, \"high\": 5.0, \"log\": false}}"}
{"op_code":5,"worker_id":"0f7f8cc3-8da6-4cd3-87d7-c3f3d7bc1da7-139835829026944","trial_id":28,"param_name":"BellowHeight","param_value_internal":9.437284249804287,"distribution":"{\"name\": \"FloatDistribution\", \"attributes\": {\"step\": null, \"low\": 6.0, \"high\": 10.0, \"log\": false}}"}
{"op_code":5,"worker_id":"0f7f8cc3-8da6-4cd3-87d7-c3f3d7bc1da7-139835829026944","trial_id":28,"param_name":"WallThickness","param_value_internal":2.6850029401894595,"distribution":"{\"name\": \"FloatDistribution\", \"attributes\": {\"step\": null, \"low\": 2.0, \"high\": 4.0, \"log\": false}}"}
{"op_code":5,"worker_id":"0f7f8cc3-8da6-4cd3-87d7-c3f3d7bc1da7-139835829026944","trial_id":28,"param_name":"PlateauHeight","param_value_internal":2.3057619067754445,"distribution":"{\"name\": \"FloatDistribution\", \"attributes\": {\"step\": null, \"low\": 2.0, \"high\": 4.0, \"log\": false}}"}
{"op_code":6,"worker_id":"993a2bfc-89a2-4bbe-9842-87908979d31a-140400492408960","trial_id":13,"state":1,"values":[-Infinity,-Infinity],"datetime_complete":"2026-06-05T14:45:22.432789"}
{"op_code":4,"worker_id":"993a2bfc-89a2-4bbe-9842-87908979d31a-140400492408960","study_id":0,"datetime_start":"2026-06-05T14:45:22.442238"}
{"op_code":9,"worker_id":"993a2bfc-89a2-4bbe-9842-87908979d31a-140400492408960","trial_id":29,"system_attr":{"nsga2:generation":0}}
{"op_code":5,"worker_id":"993a2bfc-89a2-4bbe-9842-87908979d31a-140400492408960","trial_id":29,"param_name":"JointSlopeAngle","param_value_internal":0.9379180058784045,"distribution":"{\"name\": \"FloatDistribution\", \"attributes\": {\"step\": null, \"low\": 0.17453292519943295, \"high\": 1.0471975511965976, \"log\": false}}"}
{"op_code":5,"worker_id":"993a2bfc-89a2-4bbe-9842-87908979d31a-140400492408960","trial_id":29,"param_name":"OuterRadius","param_value_internal":14.74990260142003,"distribution":"{\"name\": \"FloatDistribution\", \"attributes\": {\"step\": null, \"low\": 8.75, \"high\": 17.75, \"log\": false}}"}
{"op_code":5,"worker_id":"993a2bfc-89a2-4bbe-9842-87908979d31a-140400492408960","trial_id":29,"param_name":"JointHeight","param_value_internal":5.838915587888398,"distribution":"{\"name\": \"FloatDistribution\", \"attributes\": {\"step\": null, \"low\": 5.0, \"high\": 8.0, \"log\": false}}"}
{"op_code":5,"worker_id":"993a2bfc-89a2-4bbe-9842-87908979d31a-140400492408960","trial_id":29,"param_name":"CavityCorkThickness","param_value_internal":4.001298101424386,"distribution":"{\"name\": \"FloatDistribution\", \"attributes\": {\"step\": null, \"low\": 2.0, \"high\": 5.0, \"log\": false}}"}
{"op_code":5,"worker_id":"993a2bfc-89a2-4bbe-9842-87908979d31a-140400492408960","trial_id":29,"param_name":"BellowHeight","param_value_internal":7.695370210167502,"distribution":"{\"name\": \"FloatDistribution\", \"attributes\": {\"step\": null, \"low\": 6.0, \"high\": 10.0, \"log\": false}}"}
{"op_code":5,"worker_id":"993a2bfc-89a2-4bbe-9842-87908979d31a-140400492408960","trial_id":29,"param_name":"WallThickness","param_value_internal":2.703801931532041,"distribution":"{\"name\": \"FloatDistribution\", \"attributes\": {\"step\": null, \"low\": 2.0, \"high\": 4.0, \"log\": false}}"}
{"op_code":5,"worker_id":"993a2bfc-89a2-4bbe-9842-87908979d31a-140400492408960","trial_id":29,"param_name":"PlateauHeight","param_value_internal":3.4015909953262486,"distribution":"{\"name\": \"FloatDistribution\", \"attributes\": {\"step\": null, \"low\": 2.0, \"high\": 4.0, \"log\": false}}"}
{"op_code":6,"worker_id":"af25c4c9-ebe0-4936-b2cf-e7e559b16ed8-139972205617280","trial_id":16,"state":1,"values":[-Infinity,-Infinity],"datetime_complete":"2026-06-05T14:45:22.737242"}
{"op_code":4,"worker_id":"af25c4c9-ebe0-4936-b2cf-e7e559b16ed8-139972205617280","study_id":0,"datetime_start":"2026-06-05T14:45:22.746859"}
{"op_code":9,"worker_id":"af25c4c9-ebe0-4936-b2cf-e7e559b16ed8-139972205617280","trial_id":30,"system_attr":{"nsga2:generation":0}}
{"op_code":5,"worker_id":"af25c4c9-ebe0-4936-b2cf-e7e559b16ed8-139972205617280","trial_id":30,"param_name":"JointSlopeAngle","param_value_internal":0.9235222968570441,"distribution":"{\"name\": \"FloatDistribution\", \"attributes\": {\"step\": null, \"low\": 0.17453292519943295, \"high\": 1.0471975511965976, \"log\": false}}"}
{"op_code":5,"worker_id":"af25c4c9-ebe0-4936-b2cf-e7e559b16ed8-139972205617280","trial_id":30,"param_name":"OuterRadius","param_value_internal":14.21491028737325,"distribution":"{\"name\": \"FloatDistribution\", \"attributes\": {\"step\": null, \"low\": 8.75, \"high\": 17.75, \"log\": false}}"}
{"op_code":5,"worker_id":"af25c4c9-ebe0-4936-b2cf-e7e559b16ed8-139972205617280","trial_id":30,"param_name":"JointHeight","param_value_internal":6.901790788596288,"distribution":"{\"name\": \"FloatDistribution\", \"attributes\": {\"step\": null, \"low\": 5.0, \"high\": 8.0, \"log\": false}}"}
{"op_code":5,"worker_id":"af25c4c9-ebe0-4936-b2cf-e7e559b16ed8-139972205617280","trial_id":30,"param_name":"CavityCorkThickness","param_value_internal":4.141379987021796,"distribution":"{\"name\": \"FloatDistribution\", \"attributes\": {\"step\": null, \"low\": 2.0, \"high\": 5.0, \"log\": false}}"}
{"op_code":5,"worker_id":"af25c4c9-ebe0-4936-b2cf-e7e559b16ed8-139972205617280","trial_id":30,"param_name":"BellowHeight","param_value_internal":6.919378709877128,"distribution":"{\"name\": \"FloatDistribution\", \"attributes\": {\"step\": null, \"low\": 6.0, \"high\": 10.0, \"log\": false}}"}
{"op_code":5,"worker_id":"af25c4c9-ebe0-4936-b2cf-e7e559b16ed8-139972205617280","trial_id":30,"param_name":"WallThickness","param_value_internal":3.836629251141756,"distribution":"{\"name\": \"FloatDistribution\", \"attributes\": {\"step\": null, \"low\": 2.0, \"high\": 4.0, \"log\": false}}"}
{"op_code":5,"worker_id":"af25c4c9-ebe0-4936-b2cf-e7e559b16ed8-139972205617280","trial_id":30,"param_name":"PlateauHeight","param_value_internal":3.499969751960438,"distribution":"{\"name\": \"FloatDistribution\", \"attributes\": {\"step\": null, \"low\": 2.0, \"high\": 4.0, \"log\": false}}"}
{"op_code":6,"worker_id":"87c6a3ff-c7c5-4556-a5ff-f21f3c0a8de0-139968018595968","trial_id":21,"state":1,"values":[-Infinity,-Infinity],"datetime_complete":"2026-06-05T14:45:22.879811"}
{"op_code":4,"worker_id":"87c6a3ff-c7c5-4556-a5ff-f21f3c0a8de0-139968018595968","study_id":0,"datetime_start":"2026-06-05T14:45:22.888585"}
{"op_code":9,"worker_id":"87c6a3ff-c7c5-4556-a5ff-f21f3c0a8de0-139968018595968","trial_id":31,"system_attr":{"nsga2:generation":0}}
{"op_code":5,"worker_id":"87c6a3ff-c7c5-4556-a5ff-f21f3c0a8de0-139968018595968","trial_id":31,"param_name":"JointSlopeAngle","param_value_internal":0.3125190149261852,"distribution":"{\"name\": \"FloatDistribution\", \"attributes\": {\"step\": null, \"low\": 0.17453292519943295, \"high\": 1.0471975511965976, \"log\": false}}"}
{"op_code":5,"worker_id":"87c6a3ff-c7c5-4556-a5ff-f21f3c0a8de0-139968018595968","trial_id":31,"param_name":"OuterRadius","param_value_internal":9.608932683975004,"distribution":"{\"name\": \"FloatDistribution\", \"attributes\": {\"step\": null, \"low\": 8.75, \"high\": 17.75, \"log\": false}}"}
{"op_code":5,"worker_id":"87c6a3ff-c7c5-4556-a5ff-f21f3c0a8de0-139968018595968","trial_id":31,"param_name":"JointHeight","param_value_internal":7.499409828194108,"distribution":"{\"name\": \"FloatDistribution\", \"attributes\": {\"step\": null, \"low\": 5.0, \"high\": 8.0, \"log\": false}}"}
{"op_code":5,"worker_id":"87c6a3ff-c7c5-4556-a5ff-f21f3c0a8de0-139968018595968","trial_id":31,"param_name":"CavityCorkThickness","param_value_internal":2.597704856536306,"distribution":"{\"name\": \"FloatDistribution\", \"attributes\": {\"step\": null, \"low\": 2.0, \"high\": 5.0, \"log\": false}}"}
{"op_code":5,"worker_id":"87c6a3ff-c7c5-4556-a5ff-f21f3c0a8de0-139968018595968","trial_id":31,"param_name":"BellowHeight","param_value_internal":7.44496471215899,"distribution":"{\"name\": \"FloatDistribution\", \"attributes\": {\"step\": null, \"low\": 6.0, \"high\": 10.0, \"log\": false}}"}
{"op_code":5,"worker_id":"87c6a3ff-c7c5-4556-a5ff-f21f3c0a8de0-139968018595968","trial_id":31,"param_name":"WallThickness","param_value_internal":2.045692382887837,"distribution":"{\"name\": \"FloatDistribution\", \"attributes\": {\"step\": null, \"low\": 2.0, \"high\": 4.0, \"log\": false}}"}
{"op_code":5,"worker_id":"87c6a3ff-c7c5-4556-a5ff-f21f3c0a8de0-139968018595968","trial_id":31,"param_name":"PlateauHeight","param_value_internal":3.883110182504379,"distribution":"{\"name\": \"FloatDistribution\", \"attributes\": {\"step\": null, \"low\": 2.0, \"high\": 4.0, \"log\": false}}"}
{"op_code":6,"worker_id":"ae2f636a-2b97-4668-8891-c0938fede446-139983403692160","trial_id":22,"state":1,"values":[-Infinity,-Infinity],"datetime_complete":"2026-06-05T14:45:23.056434"}
{"op_code":4,"worker_id":"ae2f636a-2b97-4668-8891-c0938fede446-139983403692160","study_id":0,"datetime_start":"2026-06-05T14:45:23.066347"}
{"op_code":9,"worker_id":"ae2f636a-2b97-4668-8891-c0938fede446-139983403692160","trial_id":32,"system_attr":{"nsga2:generation":0}}
{"op_code":5,"worker_id":"ae2f636a-2b97-4668-8891-c0938fede446-139983403692160","trial_id":32,"param_name":"JointSlopeAngle","param_value_internal":0.5927766967523548,"distribution":"{\"name\": \"FloatDistribution\", \"attributes\": {\"step\": null, \"low\": 0.17453292519943295, \"high\": 1.0471975511965976, \"log\": false}}"}
{"op_code":6,"worker_id":"e7ae3568-8222-484e-99b5-ffe2a184264a-139627978956928","trial_id":23,"state":1,"values":[-Infinity,-Infinity],"datetime_complete":"2026-06-05T14:45:23.079317"}
{"op_code":5,"worker_id":"ae2f636a-2b97-4668-8891-c0938fede446-139983403692160","trial_id":32,"param_name":"OuterRadius","param_value_internal":13.464838255010699,"distribution":"{\"name\": \"FloatDistribution\", \"attributes\": {\"step\": null, \"low\": 8.75, \"high\": 17.75, \"log\": false}}"}
{"op_code":5,"worker_id":"ae2f636a-2b97-4668-8891-c0938fede446-139983403692160","trial_id":32,"param_name":"JointHeight","param_value_internal":5.529240298587887,"distribution":"{\"name\": \"FloatDistribution\", \"attributes\": {\"step\": null, \"low\": 5.0, \"high\": 8.0, \"log\": false}}"}
{"op_code":4,"worker_id":"e7ae3568-8222-484e-99b5-ffe2a184264a-139627978956928","study_id":0,"datetime_start":"2026-06-05T14:45:23.094006"}
{"op_code":5,"worker_id":"ae2f636a-2b97-4668-8891-c0938fede446-139983403692160","trial_id":32,"param_name":"CavityCorkThickness","param_value_internal":2.6668987570987035,"distribution":"{\"name\": \"FloatDistribution\", \"attributes\": {\"step\": null, \"low\": 2.0, \"high\": 5.0, \"log\": false}}"}
{"op_code":9,"worker_id":"e7ae3568-8222-484e-99b5-ffe2a184264a-139627978956928","trial_id":33,"system_attr":{"nsga2:generation":0}}
{"op_code":5,"worker_id":"e7ae3568-8222-484e-99b5-ffe2a184264a-139627978956928","trial_id":33,"param_name":"JointSlopeAngle","param_value_internal":0.18787559734392867,"distribution":"{\"name\": \"FloatDistribution\", \"attributes\": {\"step\": null, \"low\": 0.17453292519943295, \"high\": 1.0471975511965976, \"log\": false}}"}
{"op_code":5,"worker_id":"e7ae3568-8222-484e-99b5-ffe2a184264a-139627978956928","trial_id":33,"param_name":"OuterRadius","param_value_internal":16.80750663873023,"distribution":"{\"name\": \"FloatDistribution\", \"attributes\": {\"step\": null, \"low\": 8.75, \"high\": 17.75, \"log\": false}}"}
{"op_code":5,"worker_id":"e7ae3568-8222-484e-99b5-ffe2a184264a-139627978956928","trial_id":33,"param_name":"JointHeight","param_value_internal":5.751344463751108,"distribution":"{\"name\": \"FloatDistribution\", \"attributes\": {\"step\": null, \"low\": 5.0, \"high\": 8.0, \"log\": false}}"}
{"op_code":5,"worker_id":"ae2f636a-2b97-4668-8891-c0938fede446-139983403692160","trial_id":32,"param_name":"BellowHeight","param_value_internal":9.671788880146684,"distribution":"{\"name\": \"FloatDistribution\", \"attributes\": {\"step\": null, \"low\": 6.0, \"high\": 10.0, \"log\": false}}"}
{"op_code":5,"worker_id":"e7ae3568-8222-484e-99b5-ffe2a184264a-139627978956928","trial_id":33,"param_name":"CavityCorkThickness","param_value_internal":2.0118326204695505,"distribution":"{\"name\": \"FloatDistribution\", \"attributes\": {\"step\": null, \"low\": 2.0, \"high\": 5.0, \"log\": false}}"}
{"op_code":5,"worker_id":"ae2f636a-2b97-4668-8891-c0938fede446-139983403692160","trial_id":32,"param_name":"WallThickness","param_value_internal":2.6152113277867626,"distribution":"{\"name\": \"FloatDistribution\", \"attributes\": {\"step\": null, \"low\": 2.0, \"high\": 4.0, \"log\": false}}"}
{"op_code":5,"worker_id":"e7ae3568-8222-484e-99b5-ffe2a184264a-139627978956928","trial_id":33,"param_name":"BellowHeight","param_value_internal":8.637381492723096,"distribution":"{\"name\": \"FloatDistribution\", \"attributes\": {\"step\": null, \"low\": 6.0, \"high\": 10.0, \"log\": false}}"}
{"op_code":5,"worker_id":"ae2f636a-2b97-4668-8891-c0938fede446-139983403692160","trial_id":32,"param_name":"PlateauHeight","param_value_internal":3.9325197184939387,"distribution":"{\"name\": \"FloatDistribution\", \"attributes\": {\"step\": null, \"low\": 2.0, \"high\": 4.0, \"log\": false}}"}
{"op_code":5,"worker_id":"e7ae3568-8222-484e-99b5-ffe2a184264a-139627978956928","trial_id":33,"param_name":"WallThickness","param_value_internal":2.0342356783698032,"distribution":"{\"name\": \"FloatDistribution\", \"attributes\": {\"step\": null, \"low\": 2.0, \"high\": 4.0, \"log\": false}}"}
{"op_code":5,"worker_id":"e7ae3568-8222-484e-99b5-ffe2a184264a-139627978956928","trial_id":33,"param_name":"PlateauHeight","param_value_internal":3.702036833351496,"distribution":"{\"name\": \"FloatDistribution\", \"attributes\": {\"step\": null, \"low\": 2.0, \"high\": 4.0, \"log\": false}}"}
{"op_code":6,"worker_id":"d7f1099c-6ce1-49c6-8266-aacb6a14cf4f-140094272114816","trial_id":24,"state":1,"values":[-Infinity,-Infinity],"datetime_complete":"2026-06-05T14:45:23.220192"}
{"op_code":6,"worker_id":"9cf67e4b-44d2-4e25-9957-5250bbde3f77-139877855514752","trial_id":26,"state":1,"values":[-Infinity,-Infinity],"datetime_complete":"2026-06-05T14:45:23.227973"}
{"op_code":4,"worker_id":"d7f1099c-6ce1-49c6-8266-aacb6a14cf4f-140094272114816","study_id":0,"datetime_start":"2026-06-05T14:45:23.228400"}
{"op_code":4,"worker_id":"9cf67e4b-44d2-4e25-9957-5250bbde3f77-139877855514752","study_id":0,"datetime_start":"2026-06-05T14:45:23.237681"}
{"op_code":9,"worker_id":"d7f1099c-6ce1-49c6-8266-aacb6a14cf4f-140094272114816","trial_id":34,"system_attr":{"nsga2:generation":0}}
{"op_code":5,"worker_id":"d7f1099c-6ce1-49c6-8266-aacb6a14cf4f-140094272114816","trial_id":34,"param_name":"JointSlopeAngle","param_value_internal":0.36826657122574014,"distribution":"{\"name\": \"FloatDistribution\", \"attributes\": {\"step\": null, \"low\": 0.17453292519943295, \"high\": 1.0471975511965976, \"log\": false}}"}
{"op_code":9,"worker_id":"9cf67e4b-44d2-4e25-9957-5250bbde3f77-139877855514752","trial_id":35,"system_attr":{"nsga2:generation":0}}
{"op_code":5,"worker_id":"9cf67e4b-44d2-4e25-9957-5250bbde3f77-139877855514752","trial_id":35,"param_name":"JointSlopeAngle","param_value_internal":0.5106134172137142,"distribution":"{\"name\": \"FloatDistribution\", \"attributes\": {\"step\": null, \"low\": 0.17453292519943295, \"high\": 1.0471975511965976, \"log\": false}}"}
{"op_code":5,"worker_id":"9cf67e4b-44d2-4e25-9957-5250bbde3f77-139877855514752","trial_id":35,"param_name":"OuterRadius","param_value_internal":15.083912610679299,"distribution":"{\"name\": \"FloatDistribution\", \"attributes\": {\"step\": null, \"low\": 8.75, \"high\": 17.75, \"log\": false}}"}
{"op_code":6,"worker_id":"3115615d-15e2-425e-a830-e6952de192e8-139673542901888","trial_id":25,"state":1,"values":[-Infinity,-Infinity],"datetime_complete":"2026-06-05T14:45:23.262346"}
{"op_code":5,"worker_id":"9cf67e4b-44d2-4e25-9957-5250bbde3f77-139877855514752","trial_id":35,"param_name":"JointHeight","param_value_internal":7.231279871136525,"distribution":"{\"name\": \"FloatDistribution\", \"attributes\": {\"step\": null, \"low\": 5.0, \"high\": 8.0, \"log\": false}}"}
{"op_code":5,"worker_id":"9cf67e4b-44d2-4e25-9957-5250bbde3f77-139877855514752","trial_id":35,"param_name":"CavityCorkThickness","param_value_internal":4.8107980852947545,"distribution":"{\"name\": \"FloatDistribution\", \"attributes\": {\"step\": null, \"low\": 2.0, \"high\": 5.0, \"log\": false}}"}
{"op_code":4,"worker_id":"3115615d-15e2-425e-a830-e6952de192e8-139673542901888","study_id":0,"datetime_start":"2026-06-05T14:45:23.276567"}
{"op_code":5,"worker_id":"9cf67e4b-44d2-4e25-9957-5250bbde3f77-139877855514752","trial_id":35,"param_name":"BellowHeight","param_value_internal":9.989834935863527,"distribution":"{\"name\": \"FloatDistribution\", \"attributes\": {\"step\": null, \"low\": 6.0, \"high\": 10.0, \"log\": false}}"}
{"op_code":9,"worker_id":"3115615d-15e2-425e-a830-e6952de192e8-139673542901888","trial_id":36,"system_attr":{"nsga2:generation":0}}
{"op_code":5,"worker_id":"9cf67e4b-44d2-4e25-9957-5250bbde3f77-139877855514752","trial_id":35,"param_name":"WallThickness","param_value_internal":3.5493460858502397,"distribution":"{\"name\": \"FloatDistribution\", \"attributes\": {\"step\": null, \"low\": 2.0, \"high\": 4.0, \"log\": false}}"}
{"op_code":5,"worker_id":"3115615d-15e2-425e-a830-e6952de192e8-139673542901888","trial_id":36,"param_name":"JointSlopeAngle","param_value_internal":0.9736745068147975,"distribution":"{\"name\": \"FloatDistribution\", \"attributes\": {\"step\": null, \"low\": 0.17453292519943295, \"high\": 1.0471975511965976, \"log\": false}}"}
{"op_code":5,"worker_id":"9cf67e4b-44d2-4e25-9957-5250bbde3f77-139877855514752","trial_id":35,"param_name":"PlateauHeight","param_value_internal":2.2207902609455514,"distribution":"{\"name\": \"FloatDistribution\", \"attributes\": {\"step\": null, \"low\": 2.0, \"high\": 4.0, \"log\": false}}"}
{"op_code":5,"worker_id":"3115615d-15e2-425e-a830-e6952de192e8-139673542901888","trial_id":36,"param_name":"OuterRadius","param_value_internal":11.197489692450304,"distribution":"{\"name\": \"FloatDistribution\", \"attributes\": {\"step\": null, \"low\": 8.75, \"high\": 17.75, \"log\": false}}"}
{"op_code":5,"worker_id":"3115615d-15e2-425e-a830-e6952de192e8-139673542901888","trial_id":36,"param_name":"JointHeight","param_value_internal":7.3200030424832505,"distribution":"{\"name\": \"FloatDistribution\", \"attributes\": {\"step\": null, \"low\": 5.0, \"high\": 8.0, \"log\": false}}"}
{"op_code":5,"worker_id":"3115615d-15e2-425e-a830-e6952de192e8-139673542901888","trial_id":36,"param_name":"CavityCorkThickness","param_value_internal":2.8571671727391026,"distribution":"{\"name\": \"FloatDistribution\", \"attributes\": {\"step\": null, \"low\": 2.0, \"high\": 5.0, \"log\": false}}"}
{"op_code":5,"worker_id":"d7f1099c-6ce1-49c6-8266-aacb6a14cf4f-140094272114816","trial_id":34,"param_name":"OuterRadius","param_value_internal":15.676511136215705,"distribution":"{\"name\": \"FloatDistribution\", \"attributes\": {\"step\": null, \"low\": 8.75, \"high\": 17.75, \"log\": false}}"}
{"op_code":5,"worker_id":"3115615d-15e2-425e-a830-e6952de192e8-139673542901888","trial_id":36,"param_name":"BellowHeight","param_value_internal":9.456403022136064,"distribution":"{\"name\": \"FloatDistribution\", \"attributes\": {\"step\": null, \"low\": 6.0, \"high\": 10.0, \"log\": false}}"}
{"op_code":5,"worker_id":"d7f1099c-6ce1-49c6-8266-aacb6a14cf4f-140094272114816","trial_id":34,"param_name":"JointHeight","param_value_internal":5.168062639949836,"distribution":"{\"name\": \"FloatDistribution\", \"attributes\": {\"step\": null, \"low\": 5.0, \"high\": 8.0, \"log\": false}}"}
{"op_code":5,"worker_id":"3115615d-15e2-425e-a830-e6952de192e8-139673542901888","trial_id":36,"param_name":"WallThickness","param_value_internal":2.749326613061795,"distribution":"{\"name\": \"FloatDistribution\", \"attributes\": {\"step\": null, \"low\": 2.0, \"high\": 4.0, \"log\": false}}"}
{"op_code":5,"worker_id":"d7f1099c-6ce1-49c6-8266-aacb6a14cf4f-140094272114816","trial_id":34,"param_name":"CavityCorkThickness","param_value_internal":3.124983141422507,"distribution":"{\"name\": \"FloatDistribution\", \"attributes\": {\"step\": null, \"low\": 2.0, \"high\": 5.0, \"log\": false}}"}
{"op_code":5,"worker_id":"3115615d-15e2-425e-a830-e6952de192e8-139673542901888","trial_id":36,"param_name":"PlateauHeight","param_value_internal":3.60853691104571,"distribution":"{\"name\": \"FloatDistribution\", \"attributes\": {\"step\": null, \"low\": 2.0, \"high\": 4.0, \"log\": false}}"}
{"op_code":5,"worker_id":"d7f1099c-6ce1-49c6-8266-aacb6a14cf4f-140094272114816","trial_id":34,"param_name":"BellowHeight","param_value_internal":6.661248794059837,"distribution":"{\"name\": \"FloatDistribution\", \"attributes\": {\"step\": null, \"low\": 6.0, \"high\": 10.0, \"log\": false}}"}
{"op_code":5,"worker_id":"d7f1099c-6ce1-49c6-8266-aacb6a14cf4f-140094272114816","trial_id":34,"param_name":"WallThickness","param_value_internal":3.153135084900904,"distribution":"{\"name\": \"FloatDistribution\", \"attributes\": {\"step\": null, \"low\": 2.0, \"high\": 4.0, \"log\": false}}"}
{"op_code":5,"worker_id":"d7f1099c-6ce1-49c6-8266-aacb6a14cf4f-140094272114816","trial_id":34,"param_name":"PlateauHeight","param_value_internal":3.0695703803053647,"distribution":"{\"name\": \"FloatDistribution\", \"attributes\": {\"step\": null, \"low\": 2.0, \"high\": 4.0, \"log\": false}}"}
{"op_code":6,"worker_id":"0f7f8cc3-8da6-4cd3-87d7-c3f3d7bc1da7-139835829026944","trial_id":28,"state":1,"values":[-Infinity,-Infinity],"datetime_complete":"2026-06-05T14:45:23.329981"}
{"op_code":4,"worker_id":"0f7f8cc3-8da6-4cd3-87d7-c3f3d7bc1da7-139835829026944","study_id":0,"datetime_start":"2026-06-05T14:45:23.373213"}
{"op_code":9,"worker_id":"0f7f8cc3-8da6-4cd3-87d7-c3f3d7bc1da7-139835829026944","trial_id":37,"system_attr":{"nsga2:generation":0}}
{"op_code":5,"worker_id":"0f7f8cc3-8da6-4cd3-87d7-c3f3d7bc1da7-139835829026944","trial_id":37,"param_name":"JointSlopeAngle","param_value_internal":0.3933549973517566,"distribution":"{\"name\": \"FloatDistribution\", \"attributes\": {\"step\": null, \"low\": 0.17453292519943295, \"high\": 1.0471975511965976, \"log\": false}}"}
{"op_code":5,"worker_id":"0f7f8cc3-8da6-4cd3-87d7-c3f3d7bc1da7-139835829026944","trial_id":37,"param_name":"OuterRadius","param_value_internal":11.87791494887531,"distribution":"{\"name\": \"FloatDistribution\", \"attributes\": {\"step\": null, \"low\": 8.75, \"high\": 17.75, \"log\": false}}"}
{"op_code":5,"worker_id":"0f7f8cc3-8da6-4cd3-87d7-c3f3d7bc1da7-139835829026944","trial_id":37,"param_name":"JointHeight","param_value_internal":5.9840918783024355,"distribution":"{\"name\": \"FloatDistribution\", \"attributes\": {\"step\": null, \"low\": 5.0, \"high\": 8.0, \"log\": false}}"}
{"op_code":5,"worker_id":"0f7f8cc3-8da6-4cd3-87d7-c3f3d7bc1da7-139835829026944","trial_id":37,"param_name":"CavityCorkThickness","param_value_internal":3.874732537207565,"distribution":"{\"name\": \"FloatDistribution\", \"attributes\": {\"step\": null, \"low\": 2.0, \"high\": 5.0, \"log\": false}}"}
{"op_code":5,"worker_id":"0f7f8cc3-8da6-4cd3-87d7-c3f3d7bc1da7-139835829026944","trial_id":37,"param_name":"BellowHeight","param_value_internal":9.499985107299345,"distribution":"{\"name\": \"FloatDistribution\", \"attributes\": {\"step\": null, \"low\": 6.0, \"high\": 10.0, \"log\": false}}"}
{"op_code":5,"worker_id":"0f7f8cc3-8da6-4cd3-87d7-c3f3d7bc1da7-139835829026944","trial_id":37,"param_name":"WallThickness","param_value_internal":3.531865930352793,"distribution":"{\"name\": \"FloatDistribution\", \"attributes\": {\"step\": null, \"low\": 2.0, \"high\": 4.0, \"log\": false}}"}
{"op_code":5,"worker_id":"0f7f8cc3-8da6-4cd3-87d7-c3f3d7bc1da7-139835829026944","trial_id":37,"param_name":"PlateauHeight","param_value_internal":3.251302772305961,"distribution":"{\"name\": \"FloatDistribution\", \"attributes\": {\"step\": null, \"low\": 2.0, \"high\": 4.0, \"log\": false}}"}
{"op_code":6,"worker_id":"0e6a4481-14f1-49ef-a448-becca85dd717-139699220336768","trial_id":27,"state":1,"values":[-Infinity,-Infinity],"datetime_complete":"2026-06-05T14:45:23.300109"}
{"op_code":4,"worker_id":"0e6a4481-14f1-49ef-a448-becca85dd717-139699220336768","study_id":0,"datetime_start":"2026-06-05T14:45:23.440447"}
{"op_code":9,"worker_id":"0e6a4481-14f1-49ef-a448-becca85dd717-139699220336768","trial_id":38,"system_attr":{"nsga2:generation":0}}
{"op_code":5,"worker_id":"0e6a4481-14f1-49ef-a448-becca85dd717-139699220336768","trial_id":38,"param_name":"JointSlopeAngle","param_value_internal":0.22665134169705878,"distribution":"{\"name\": \"FloatDistribution\", \"attributes\": {\"step\": null, \"low\": 0.17453292519943295, \"high\": 1.0471975511965976, \"log\": false}}"}
{"op_code":5,"worker_id":"0e6a4481-14f1-49ef-a448-becca85dd717-139699220336768","trial_id":38,"param_name":"OuterRadius","param_value_internal":15.829384558524117,"distribution":"{\"name\": \"FloatDistribution\", \"attributes\": {\"step\": null, \"low\": 8.75, \"high\": 17.75, \"log\": false}}"}
{"op_code":5,"worker_id":"0e6a4481-14f1-49ef-a448-becca85dd717-139699220336768","trial_id":38,"param_name":"JointHeight","param_value_internal":5.1558360560443806,"distribution":"{\"name\": \"FloatDistribution\", \"attributes\": {\"step\": null, \"low\": 5.0, \"high\": 8.0, \"log\": false}}"}
{"op_code":5,"worker_id":"0e6a4481-14f1-49ef-a448-becca85dd717-139699220336768","trial_id":38,"param_name":"CavityCorkThickness","param_value_internal":3.0352582532291628,"distribution":"{\"name\": \"FloatDistribution\", \"attributes\": {\"step\": null, \"low\": 2.0, \"high\": 5.0, \"log\": false}}"}
{"op_code":5,"worker_id":"0e6a4481-14f1-49ef-a448-becca85dd717-139699220336768","trial_id":38,"param_name":"BellowHeight","param_value_internal":8.4462326621879,"distribution":"{\"name\": \"FloatDistribution\", \"attributes\": {\"step\": null, \"low\": 6.0, \"high\": 10.0, \"log\": false}}"}
{"op_code":5,"worker_id":"0e6a4481-14f1-49ef-a448-becca85dd717-139699220336768","trial_id":38,"param_name":"WallThickness","param_value_internal":2.1076848893849283,"distribution":"{\"name\": \"FloatDistribution\", \"attributes\": {\"step\": null, \"low\": 2.0, \"high\": 4.0, \"log\": false}}"}
{"op_code":5,"worker_id":"0e6a4481-14f1-49ef-a448-becca85dd717-139699220336768","trial_id":38,"param_name":"PlateauHeight","param_value_internal":2.7998836660053708,"distribution":"{\"name\": \"FloatDistribution\", \"attributes\": {\"step\": null, \"low\": 2.0, \"high\": 4.0, \"log\": false}}"}
{"op_code":6,"worker_id":"993a2bfc-89a2-4bbe-9842-87908979d31a-140400492408960","trial_id":29,"state":1,"values":[-Infinity,-Infinity],"datetime_complete":"2026-06-05T14:45:23.617209"}
{"op_code":4,"worker_id":"993a2bfc-89a2-4bbe-9842-87908979d31a-140400492408960","study_id":0,"datetime_start":"2026-06-05T14:45:23.625688"}
{"op_code":9,"worker_id":"993a2bfc-89a2-4bbe-9842-87908979d31a-140400492408960","trial_id":39,"system_attr":{"nsga2:generation":0}}
{"op_code":5,"worker_id":"993a2bfc-89a2-4bbe-9842-87908979d31a-140400492408960","trial_id":39,"param_name":"JointSlopeAngle","param_value_internal":0.22102756498462187,"distribution":"{\"name\": \"FloatDistribution\", \"attributes\": {\"step\": null, \"low\": 0.17453292519943295, \"high\": 1.0471975511965976, \"log\": false}}"}
{"op_code":5,"worker_id":"993a2bfc-89a2-4bbe-9842-87908979d31a-140400492408960","trial_id":39,"param_name":"OuterRadius","param_value_internal":17.013912351903407,"distribution":"{\"name\": \"FloatDistribution\", \"attributes\": {\"step\": null, \"low\": 8.75, \"high\": 17.75, \"log\": false}}"}
{"op_code":5,"worker_id":"993a2bfc-89a2-4bbe-9842-87908979d31a-140400492408960","trial_id":39,"param_name":"JointHeight","param_value_internal":6.579921136895289,"distribution":"{\"name\": \"FloatDistribution\", \"attributes\": {\"step\": null, \"low\": 5.0, \"high\": 8.0, \"log\": false}}"}
{"op_code":5,"worker_id":"993a2bfc-89a2-4bbe-9842-87908979d31a-140400492408960","trial_id":39,"param_name":"CavityCorkThickness","param_value_internal":4.079855820906581,"distribution":"{\"name\": \"FloatDistribution\", \"attributes\": {\"step\": null, \"low\": 2.0, \"high\": 5.0, \"log\": false}}"}
{"op_code":5,"worker_id":"993a2bfc-89a2-4bbe-9842-87908979d31a-140400492408960","trial_id":39,"param_name":"BellowHeight","param_value_internal":7.684229422008298,"distribution":"{\"name\": \"FloatDistribution\", \"attributes\": {\"step\": null, \"low\": 6.0, \"high\": 10.0, \"log\": false}}"}
{"op_code":5,"worker_id":"993a2bfc-89a2-4bbe-9842-87908979d31a-140400492408960","trial_id":39,"param_name":"WallThickness","param_value_internal":3.5963388831195653,"distribution":"{\"name\": \"FloatDistribution\", \"attributes\": {\"step\": null, \"low\": 2.0, \"high\": 4.0, \"log\": false}}"}
{"op_code":5,"worker_id":"993a2bfc-89a2-4bbe-9842-87908979d31a-140400492408960","trial_id":39,"param_name":"PlateauHeight","param_value_internal":3.2226506778543182,"distribution":"{\"name\": \"FloatDistribution\", \"attributes\": {\"step\": null, \"low\": 2.0, \"high\": 4.0, \"log\": false}}"}
{"op_code":6,"worker_id":"af25c4c9-ebe0-4936-b2cf-e7e559b16ed8-139972205617280","trial_id":30,"state":1,"values":[-Infinity,-Infinity],"datetime_complete":"2026-06-05T14:45:23.953062"}
{"op_code":6,"worker_id":"87c6a3ff-c7c5-4556-a5ff-f21f3c0a8de0-139968018595968","trial_id":31,"state":1,"values":[-Infinity,-Infinity],"datetime_complete":"2026-06-05T14:45:23.958631"}
{"op_code":4,"worker_id":"af25c4c9-ebe0-4936-b2cf-e7e559b16ed8-139972205617280","study_id":0,"datetime_start":"2026-06-05T14:45:23.962320"}
{"op_code":4,"worker_id":"87c6a3ff-c7c5-4556-a5ff-f21f3c0a8de0-139968018595968","study_id":0,"datetime_start":"2026-06-05T14:45:23.968611"}
{"op_code":9,"worker_id":"af25c4c9-ebe0-4936-b2cf-e7e559b16ed8-139972205617280","trial_id":40,"system_attr":{"nsga2:generation":0}}
{"op_code":9,"worker_id":"87c6a3ff-c7c5-4556-a5ff-f21f3c0a8de0-139968018595968","trial_id":41,"system_attr":{"nsga2:generation":0}}
{"op_code":5,"worker_id":"87c6a3ff-c7c5-4556-a5ff-f21f3c0a8de0-139968018595968","trial_id":41,"param_name":"JointSlopeAngle","param_value_internal":0.2273208819293784,"distribution":"{\"name\": \"FloatDistribution\", \"attributes\": {\"step\": null, \"low\": 0.17453292519943295, \"high\": 1.0471975511965976, \"log\": false}}"}
{"op_code":5,"worker_id":"87c6a3ff-c7c5-4556-a5ff-f21f3c0a8de0-139968018595968","trial_id":41,"param_name":"OuterRadius","param_value_internal":16.60997871369442,"distribution":"{\"name\": \"FloatDistribution\", \"attributes\": {\"step\": null, \"low\": 8.75, \"high\": 17.75, \"log\": false}}"}
{"op_code":5,"worker_id":"87c6a3ff-c7c5-4556-a5ff-f21f3c0a8de0-139968018595968","trial_id":41,"param_name":"JointHeight","param_value_internal":6.120702710542322,"distribution":"{\"name\": \"FloatDistribution\", \"attributes\": {\"step\": null, \"low\": 5.0, \"high\": 8.0, \"log\": false}}"}
{"op_code":5,"worker_id":"af25c4c9-ebe0-4936-b2cf-e7e559b16ed8-139972205617280","trial_id":40,"param_name":"JointSlopeAngle","param_value_internal":0.6863714185460353,"distribution":"{\"name\": \"FloatDistribution\", \"attributes\": {\"step\": null, \"low\": 0.17453292519943295, \"high\": 1.0471975511965976, \"log\": false}}"}
{"op_code":5,"worker_id":"87c6a3ff-c7c5-4556-a5ff-f21f3c0a8de0-139968018595968","trial_id":41,"param_name":"CavityCorkThickness","param_value_internal":3.4438382119228437,"distribution":"{\"name\": \"FloatDistribution\", \"attributes\": {\"step\": null, \"low\": 2.0, \"high\": 5.0, \"log\": false}}"}
{"op_code":5,"worker_id":"af25c4c9-ebe0-4936-b2cf-e7e559b16ed8-139972205617280","trial_id":40,"param_name":"OuterRadius","param_value_internal":9.925749313399216,"distribution":"{\"name\": \"FloatDistribution\", \"attributes\": {\"step\": null, \"low\": 8.75, \"high\": 17.75, \"log\": false}}"}
{"op_code":5,"worker_id":"87c6a3ff-c7c5-4556-a5ff-f21f3c0a8de0-139968018595968","trial_id":41,"param_name":"BellowHeight","param_value_internal":9.38654110894512,"distribution":"{\"name\": \"FloatDistribution\", \"attributes\": {\"step\": null, \"low\": 6.0, \"high\": 10.0, \"log\": false}}"}
{"op_code":5,"worker_id":"af25c4c9-ebe0-4936-b2cf-e7e559b16ed8-139972205617280","trial_id":40,"param_name":"JointHeight","param_value_internal":6.161365762548301,"distribution":"{\"name\": \"FloatDistribution\", \"attributes\": {\"step\": null, \"low\": 5.0, \"high\": 8.0, \"log\": false}}"}
{"op_code":5,"worker_id":"87c6a3ff-c7c5-4556-a5ff-f21f3c0a8de0-139968018595968","trial_id":41,"param_name":"WallThickness","param_value_internal":3.908450921437615,"distribution":"{\"name\": \"FloatDistribution\", \"attributes\": {\"step\": null, \"low\": 2.0, \"high\": 4.0, \"log\": false}}"}
{"op_code":5,"worker_id":"af25c4c9-ebe0-4936-b2cf-e7e559b16ed8-139972205617280","trial_id":40,"param_name":"CavityCorkThickness","param_value_internal":2.934983003459322,"distribution":"{\"name\": \"FloatDistribution\", \"attributes\": {\"step\": null, \"low\": 2.0, \"high\": 5.0, \"log\": false}}"}
{"op_code":5,"worker_id":"87c6a3ff-c7c5-4556-a5ff-f21f3c0a8de0-139968018595968","trial_id":41,"param_name":"PlateauHeight","param_value_internal":2.821480808335981,"distribution":"{\"name\": \"FloatDistribution\", \"attributes\": {\"step\": null, \"low\": 2.0, \"high\": 4.0, \"log\": false}}"}
{"op_code":5,"worker_id":"af25c4c9-ebe0-4936-b2cf-e7e559b16ed8-139972205617280","trial_id":40,"param_name":"BellowHeight","param_value_internal":6.316498611091754,"distribution":"{\"name\": \"FloatDistribution\", \"attributes\": {\"step\": null, \"low\": 6.0, \"high\": 10.0, \"log\": false}}"}
{"op_code":5,"worker_id":"af25c4c9-ebe0-4936-b2cf-e7e559b16ed8-139972205617280","trial_id":40,"param_name":"WallThickness","param_value_internal":3.674205231908814,"distribution":"{\"name\": \"FloatDistribution\", \"attributes\": {\"step\": null, \"low\": 2.0, \"high\": 4.0, \"log\": false}}"}
{"op_code":5,"worker_id":"af25c4c9-ebe0-4936-b2cf-e7e559b16ed8-139972205617280","trial_id":40,"param_name":"PlateauHeight","param_value_internal":2.1261842485976574,"distribution":"{\"name\": \"FloatDistribution\", \"attributes\": {\"step\": null, \"low\": 2.0, \"high\": 4.0, \"log\": false}}"}
{"op_code":6,"worker_id":"ae2f636a-2b97-4668-8891-c0938fede446-139983403692160","trial_id":32,"state":1,"values":[-Infinity,-Infinity],"datetime_complete":"2026-06-05T14:45:24.177730"}
{"op_code":4,"worker_id":"ae2f636a-2b97-4668-8891-c0938fede446-139983403692160","study_id":0,"datetime_start":"2026-06-05T14:45:24.186686"}
{"op_code":9,"worker_id":"ae2f636a-2b97-4668-8891-c0938fede446-139983403692160","trial_id":42,"system_attr":{"nsga2:generation":0}}
{"op_code":5,"worker_id":"ae2f636a-2b97-4668-8891-c0938fede446-139983403692160","trial_id":42,"param_name":"JointSlopeAngle","param_value_internal":0.5609124850478059,"distribution":"{\"name\": \"FloatDistribution\", \"attributes\": {\"step\": null, \"low\": 0.17453292519943295, \"high\": 1.0471975511965976, \"log\": false}}"}
{"op_code":5,"worker_id":"ae2f636a-2b97-4668-8891-c0938fede446-139983403692160","trial_id":42,"param_name":"OuterRadius","param_value_internal":10.036270352627877,"distribution":"{\"name\": \"FloatDistribution\", \"attributes\": {\"step\": null, \"low\": 8.75, \"high\": 17.75, \"log\": false}}"}
{"op_code":6,"worker_id":"e7ae3568-8222-484e-99b5-ffe2a184264a-139627978956928","trial_id":33,"state":1,"values":[-Infinity,-Infinity],"datetime_complete":"2026-06-05T14:45:24.205391"}
{"op_code":5,"worker_id":"ae2f636a-2b97-4668-8891-c0938fede446-139983403692160","trial_id":42,"param_name":"JointHeight","param_value_internal":7.832272457038776,"distribution":"{\"name\": \"FloatDistribution\", \"attributes\": {\"step\": null, \"low\": 5.0, \"high\": 8.0, \"log\": false}}"}
{"op_code":5,"worker_id":"ae2f636a-2b97-4668-8891-c0938fede446-139983403692160","trial_id":42,"param_name":"CavityCorkThickness","param_value_internal":2.3912943998251013,"distribution":"{\"name\": \"FloatDistribution\", \"attributes\": {\"step\": null, \"low\": 2.0, \"high\": 5.0, \"log\": false}}"}
{"op_code":4,"worker_id":"e7ae3568-8222-484e-99b5-ffe2a184264a-139627978956928","study_id":0,"datetime_start":"2026-06-05T14:45:24.217299"}
{"op_code":5,"worker_id":"ae2f636a-2b97-4668-8891-c0938fede446-139983403692160","trial_id":42,"param_name":"BellowHeight","param_value_internal":7.915737468363059,"distribution":"{\"name\": \"FloatDistribution\", \"attributes\": {\"step\": null, \"low\": 6.0, \"high\": 10.0, \"log\": false}}"}
{"op_code":9,"worker_id":"e7ae3568-8222-484e-99b5-ffe2a184264a-139627978956928","trial_id":43,"system_attr":{"nsga2:generation":0}}
{"op_code":5,"worker_id":"ae2f636a-2b97-4668-8891-c0938fede446-139983403692160","trial_id":42,"param_name":"WallThickness","param_value_internal":2.153486355784464,"distribution":"{\"name\": \"FloatDistribution\", \"attributes\": {\"step\": null, \"low\": 2.0, \"high\": 4.0, \"log\": false}}"}
{"op_code":5,"worker_id":"e7ae3568-8222-484e-99b5-ffe2a184264a-139627978956928","trial_id":43,"param_name":"JointSlopeAngle","param_value_internal":0.6662187349363202,"distribution":"{\"name\": \"FloatDistribution\", \"attributes\": {\"step\": null, \"low\": 0.17453292519943295, \"high\": 1.0471975511965976, \"log\": false}}"}
{"op_code":5,"worker_id":"ae2f636a-2b97-4668-8891-c0938fede446-139983403692160","trial_id":42,"param_name":"PlateauHeight","param_value_internal":2.622973867277339,"distribution":"{\"name\": \"FloatDistribution\", \"attributes\": {\"step\": null, \"low\": 2.0, \"high\": 4.0, \"log\": false}}"}
{"op_code":5,"worker_id":"e7ae3568-8222-484e-99b5-ffe2a184264a-139627978956928","trial_id":43,"param_name":"OuterRadius","param_value_internal":15.85384229096914,"distribution":"{\"name\": \"FloatDistribution\", \"attributes\": {\"step\": null, \"low\": 8.75, \"high\": 17.75, \"log\": false}}"}
{"op_code":5,"worker_id":"e7ae3568-8222-484e-99b5-ffe2a184264a-139627978956928","trial_id":43,"param_name":"JointHeight","param_value_internal":6.19261687362147,"distribution":"{\"name\": \"FloatDistribution\", \"attributes\": {\"step\": null, \"low\": 5.0, \"high\": 8.0, \"log\": false}}"}
{"op_code":5,"worker_id":"e7ae3568-8222-484e-99b5-ffe2a184264a-139627978956928","trial_id":43,"param_name":"CavityCorkThickness","param_value_internal":4.012785753281742,"distribution":"{\"name\": \"FloatDistribution\", \"attributes\": {\"step\": null, \"low\": 2.0, \"high\": 5.0, \"log\": false}}"}
{"op_code":5,"worker_id":"e7ae3568-8222-484e-99b5-ffe2a184264a-139627978956928","trial_id":43,"param_name":"BellowHeight","param_value_internal":6.5476214216649,"distribution":"{\"name\": \"FloatDistribution\", \"attributes\": {\"step\": null, \"low\": 6.0, \"high\": 10.0, \"log\": false}}"}
{"op_code":5,"worker_id":"e7ae3568-8222-484e-99b5-ffe2a184264a-139627978956928","trial_id":43,"param_name":"WallThickness","param_value_internal":3.770484038610962,"distribution":"{\"name\": \"FloatDistribution\", \"attributes\": {\"step\": null, \"low\": 2.0, \"high\": 4.0, \"log\": false}}"}
{"op_code":5,"worker_id":"e7ae3568-8222-484e-99b5-ffe2a184264a-139627978956928","trial_id":43,"param_name":"PlateauHeight","param_value_internal":3.9489831839029397,"distribution":"{\"name\": \"FloatDistribution\", \"attributes\": {\"step\": null, \"low\": 2.0, \"high\": 4.0, \"log\": false}}"}
{"op_code":6,"worker_id":"9cf67e4b-44d2-4e25-9957-5250bbde3f77-139877855514752","trial_id":35,"state":1,"values":[-Infinity,-Infinity],"datetime_complete":"2026-06-05T14:45:24.341520"}
{"op_code":4,"worker_id":"9cf67e4b-44d2-4e25-9957-5250bbde3f77-139877855514752","study_id":0,"datetime_start":"2026-06-05T14:45:24.350203"}
{"op_code":9,"worker_id":"9cf67e4b-44d2-4e25-9957-5250bbde3f77-139877855514752","trial_id":44,"system_attr":{"nsga2:generation":0}}
{"op_code":5,"worker_id":"9cf67e4b-44d2-4e25-9957-5250bbde3f77-139877855514752","trial_id":44,"param_name":"JointSlopeAngle","param_value_internal":0.9952288187618581,"distribution":"{\"name\": \"FloatDistribution\", \"attributes\": {\"step\": null, \"low\": 0.17453292519943295, \"high\": 1.0471975511965976, \"log\": false}}"}
{"op_code":5,"worker_id":"9cf67e4b-44d2-4e25-9957-5250bbde3f77-139877855514752","trial_id":44,"param_name":"OuterRadius","param_value_internal":11.902452297066272,"distribution":"{\"name\": \"FloatDistribution\", \"attributes\": {\"step\": null, \"low\": 8.75, \"high\": 17.75, \"log\": false}}"}
{"op_code":5,"worker_id":"9cf67e4b-44d2-4e25-9957-5250bbde3f77-139877855514752","trial_id":44,"param_name":"JointHeight","param_value_internal":7.417411964592634,"distribution":"{\"name\": \"FloatDistribution\", \"attributes\": {\"step\": null, \"low\": 5.0, \"high\": 8.0, \"log\": false}}"}
{"op_code":5,"worker_id":"9cf67e4b-44d2-4e25-9957-5250bbde3f77-139877855514752","trial_id":44,"param_name":"CavityCorkThickness","param_value_internal":2.226214842794417,"distribution":"{\"name\": \"FloatDistribution\", \"attributes\": {\"step\": null, \"low\": 2.0, \"high\": 5.0, \"log\": false}}"}
{"op_code":5,"worker_id":"9cf67e4b-44d2-4e25-9957-5250bbde3f77-139877855514752","trial_id":44,"param_name":"BellowHeight","param_value_internal":8.262194081547094,"distribution":"{\"name\": \"FloatDistribution\", \"attributes\": {\"step\": null, \"low\": 6.0, \"high\": 10.0, \"log\": false}}"}
{"op_code":6,"worker_id":"3115615d-15e2-425e-a830-e6952de192e8-139673542901888","trial_id":36,"state":1,"values":[-Infinity,-Infinity],"datetime_complete":"2026-06-05T14:45:24.384051"}
{"op_code":5,"worker_id":"9cf67e4b-44d2-4e25-9957-5250bbde3f77-139877855514752","trial_id":44,"param_name":"WallThickness","param_value_internal":2.2135170499205974,"distribution":"{\"name\": \"FloatDistribution\", \"attributes\": {\"step\": null, \"low\": 2.0, \"high\": 4.0, \"log\": false}}"}
{"op_code":5,"worker_id":"9cf67e4b-44d2-4e25-9957-5250bbde3f77-139877855514752","trial_id":44,"param_name":"PlateauHeight","param_value_internal":2.3856586798882384,"distribution":"{\"name\": \"FloatDistribution\", \"attributes\": {\"step\": null, \"low\": 2.0, \"high\": 4.0, \"log\": false}}"}
{"op_code":4,"worker_id":"3115615d-15e2-425e-a830-e6952de192e8-139673542901888","study_id":0,"datetime_start":"2026-06-05T14:45:24.396670"}
{"op_code":9,"worker_id":"3115615d-15e2-425e-a830-e6952de192e8-139673542901888","trial_id":45,"system_attr":{"nsga2:generation":0}}
{"op_code":5,"worker_id":"3115615d-15e2-425e-a830-e6952de192e8-139673542901888","trial_id":45,"param_name":"JointSlopeAngle","param_value_internal":0.8593449827594832,"distribution":"{\"name\": \"FloatDistribution\", \"attributes\": {\"step\": null, \"low\": 0.17453292519943295, \"high\": 1.0471975511965976, \"log\": false}}"}
{"op_code":6,"worker_id":"d7f1099c-6ce1-49c6-8266-aacb6a14cf4f-140094272114816","trial_id":34,"state":1,"values":[-Infinity,-Infinity],"datetime_complete":"2026-06-05T14:45:24.415026"}
{"op_code":5,"worker_id":"3115615d-15e2-425e-a830-e6952de192e8-139673542901888","trial_id":45,"param_name":"OuterRadius","param_value_internal":13.728155684128298,"distribution":"{\"name\": \"FloatDistribution\", \"attributes\": {\"step\": null, \"low\": 8.75, \"high\": 17.75, \"log\": false}}"}
{"op_code":5,"worker_id":"3115615d-15e2-425e-a830-e6952de192e8-139673542901888","trial_id":45,"param_name":"JointHeight","param_value_internal":5.612196385285713,"distribution":"{\"name\": \"FloatDistribution\", \"attributes\": {\"step\": null, \"low\": 5.0, \"high\": 8.0, \"log\": false}}"}
{"op_code":4,"worker_id":"d7f1099c-6ce1-49c6-8266-aacb6a14cf4f-140094272114816","study_id":0,"datetime_start":"2026-06-05T14:45:24.426861"}
{"op_code":5,"worker_id":"3115615d-15e2-425e-a830-e6952de192e8-139673542901888","trial_id":45,"param_name":"CavityCorkThickness","param_value_internal":3.518834524122703,"distribution":"{\"name\": \"FloatDistribution\", \"attributes\": {\"step\": null, \"low\": 2.0, \"high\": 5.0, \"log\": false}}"}
{"op_code":9,"worker_id":"d7f1099c-6ce1-49c6-8266-aacb6a14cf4f-140094272114816","trial_id":46,"system_attr":{"nsga2:generation":0}}
{"op_code":5,"worker_id":"3115615d-15e2-425e-a830-e6952de192e8-139673542901888","trial_id":45,"param_name":"BellowHeight","param_value_internal":7.041955000138389,"distribution":"{\"name\": \"FloatDistribution\", \"attributes\": {\"step\": null, \"low\": 6.0, \"high\": 10.0, \"log\": false}}"}
{"op_code":5,"worker_id":"d7f1099c-6ce1-49c6-8266-aacb6a14cf4f-140094272114816","trial_id":46,"param_name":"JointSlopeAngle","param_value_internal":0.7095465649161015,"distribution":"{\"name\": \"FloatDistribution\", \"attributes\": {\"step\": null, \"low\": 0.17453292519943295, \"high\": 1.0471975511965976, \"log\": false}}"}
{"op_code":5,"worker_id":"3115615d-15e2-425e-a830-e6952de192e8-139673542901888","trial_id":45,"param_name":"WallThickness","param_value_internal":2.364920825133768,"distribution":"{\"name\": \"FloatDistribution\", \"attributes\": {\"step\": null, \"low\": 2.0, \"high\": 4.0, \"log\": false}}"}
{"op_code":5,"worker_id":"d7f1099c-6ce1-49c6-8266-aacb6a14cf4f-140094272114816","trial_id":46,"param_name":"OuterRadius","param_value_internal":12.234264730716111,"distribution":"{\"name\": \"FloatDistribution\", \"attributes\": {\"step\": null, \"low\": 8.75, \"high\": 17.75, \"log\": false}}"}
{"op_code":5,"worker_id":"3115615d-15e2-425e-a830-e6952de192e8-139673542901888","trial_id":45,"param_name":"PlateauHeight","param_value_internal":2.2406408322110476,"distribution":"{\"name\": \"FloatDistribution\", \"attributes\": {\"step\": null, \"low\": 2.0, \"high\": 4.0, \"log\": false}}"}
{"op_code":5,"worker_id":"d7f1099c-6ce1-49c6-8266-aacb6a14cf4f-140094272114816","trial_id":46,"param_name":"JointHeight","param_value_internal":7.051388720716195,"distribution":"{\"name\": \"FloatDistribution\", \"attributes\": {\"step\": null, \"low\": 5.0, \"high\": 8.0, \"log\": false}}"}
{"op_code":5,"worker_id":"d7f1099c-6ce1-49c6-8266-aacb6a14cf4f-140094272114816","trial_id":46,"param_name":"CavityCorkThickness","param_value_internal":3.6196511086943763,"distribution":"{\"name\": \"FloatDistribution\", \"attributes\": {\"step\": null, \"low\": 2.0, \"high\": 5.0, \"log\": false}}"}
{"op_code":5,"worker_id":"d7f1099c-6ce1-49c6-8266-aacb6a14cf4f-140094272114816","trial_id":46,"param_name":"BellowHeight","param_value_internal":8.551621448221553,"distribution":"{\"name\": \"FloatDistribution\", \"attributes\": {\"step\": null, \"low\": 6.0, \"high\": 10.0, \"log\": false}}"}
{"op_code":6,"worker_id":"0f7f8cc3-8da6-4cd3-87d7-c3f3d7bc1da7-139835829026944","trial_id":37,"state":1,"values":[-Infinity,-Infinity],"datetime_complete":"2026-06-05T14:45:24.445094"}
{"op_code":5,"worker_id":"d7f1099c-6ce1-49c6-8266-aacb6a14cf4f-140094272114816","trial_id":46,"param_name":"WallThickness","param_value_internal":3.546651677698499,"distribution":"{\"name\": \"FloatDistribution\", \"attributes\": {\"step\": null, \"low\": 2.0, \"high\": 4.0, \"log\": false}}"}
{"op_code":5,"worker_id":"d7f1099c-6ce1-49c6-8266-aacb6a14cf4f-140094272114816","trial_id":46,"param_name":"PlateauHeight","param_value_internal":2.9627354543442657,"distribution":"{\"name\": \"FloatDistribution\", \"attributes\": {\"step\": null, \"low\": 2.0, \"high\": 4.0, \"log\": false}}"}
{"op_code":4,"worker_id":"0f7f8cc3-8da6-4cd3-87d7-c3f3d7bc1da7-139835829026944","study_id":0,"datetime_start":"2026-06-05T14:45:24.489311"}
{"op_code":9,"worker_id":"0f7f8cc3-8da6-4cd3-87d7-c3f3d7bc1da7-139835829026944","trial_id":47,"system_attr":{"nsga2:generation":0}}
{"op_code":5,"worker_id":"0f7f8cc3-8da6-4cd3-87d7-c3f3d7bc1da7-139835829026944","trial_id":47,"param_name":"JointSlopeAngle","param_value_internal":0.714945384973018,"distribution":"{\"name\": \"FloatDistribution\", \"attributes\": {\"step\": null, \"low\": 0.17453292519943295, \"high\": 1.0471975511965976, \"log\": false}}"}
{"op_code":5,"worker_id":"0f7f8cc3-8da6-4cd3-87d7-c3f3d7bc1da7-139835829026944","trial_id":47,"param_name":"OuterRadius","param_value_internal":17.005039536486322,"distribution":"{\"name\": \"FloatDistribution\", \"attributes\": {\"step\": null, \"low\": 8.75, \"high\": 17.75, \"log\": false}}"}
{"op_code":5,"worker_id":"0f7f8cc3-8da6-4cd3-87d7-c3f3d7bc1da7-139835829026944","trial_id":47,"param_name":"JointHeight","param_value_internal":6.3905416457233155,"distribution":"{\"name\": \"FloatDistribution\", \"attributes\": {\"step\": null, \"low\": 5.0, \"high\": 8.0, \"log\": false}}"}
{"op_code":5,"worker_id":"0f7f8cc3-8da6-4cd3-87d7-c3f3d7bc1da7-139835829026944","trial_id":47,"param_name":"CavityCorkThickness","param_value_internal":2.300895266359934,"distribution":"{\"name\": \"FloatDistribution\", \"attributes\": {\"step\": null, \"low\": 2.0, \"high\": 5.0, \"log\": false}}"}
{"op_code":5,"worker_id":"0f7f8cc3-8da6-4cd3-87d7-c3f3d7bc1da7-139835829026944","trial_id":47,"param_name":"BellowHeight","param_value_internal":9.784053425292685,"distribution":"{\"name\": \"FloatDistribution\", \"attributes\": {\"step\": null, \"low\": 6.0, \"high\": 10.0, \"log\": false}}"}
{"op_code":5,"worker_id":"0f7f8cc3-8da6-4cd3-87d7-c3f3d7bc1da7-139835829026944","trial_id":47,"param_name":"WallThickness","param_value_internal":2.1967806747154643,"distribution":"{\"name\": \"FloatDistribution\", \"attributes\": {\"step\": null, \"low\": 2.0, \"high\": 4.0, \"log\": false}}"}
{"op_code":5,"worker_id":"0f7f8cc3-8da6-4cd3-87d7-c3f3d7bc1da7-139835829026944","trial_id":47,"param_name":"PlateauHeight","param_value_internal":3.958831902397403,"distribution":"{\"name\": \"FloatDistribution\", \"attributes\": {\"step\": null, \"low\": 2.0, \"high\": 4.0, \"log\": false}}"}
{"op_code":6,"worker_id":"0e6a4481-14f1-49ef-a448-becca85dd717-139699220336768","trial_id":38,"state":1,"values":[-Infinity,-Infinity],"datetime_complete":"2026-06-05T14:45:24.732119"}
{"op_code":4,"worker_id":"0e6a4481-14f1-49ef-a448-becca85dd717-139699220336768","study_id":0,"datetime_start":"2026-06-05T14:45:24.742249"}
{"op_code":6,"worker_id":"993a2bfc-89a2-4bbe-9842-87908979d31a-140400492408960","trial_id":39,"state":1,"values":[-Infinity,-Infinity],"datetime_complete":"2026-06-05T14:45:24.748359"}
{"op_code":9,"worker_id":"0e6a4481-14f1-49ef-a448-becca85dd717-139699220336768","trial_id":48,"system_attr":{"nsga2:generation":0}}
{"op_code":5,"worker_id":"0e6a4481-14f1-49ef-a448-becca85dd717-139699220336768","trial_id":48,"param_name":"JointSlopeAngle","param_value_internal":0.7266133210772306,"distribution":"{\"name\": \"FloatDistribution\", \"attributes\": {\"step\": null, \"low\": 0.17453292519943295, \"high\": 1.0471975511965976, \"log\": false}}"}
{"op_code":5,"worker_id":"0e6a4481-14f1-49ef-a448-becca85dd717-139699220336768","trial_id":48,"param_name":"OuterRadius","param_value_internal":14.973528359329501,"distribution":"{\"name\": \"FloatDistribution\", \"attributes\": {\"step\": null, \"low\": 8.75, \"high\": 17.75, \"log\": false}}"}
{"op_code":5,"worker_id":"0e6a4481-14f1-49ef-a448-becca85dd717-139699220336768","trial_id":48,"param_name":"JointHeight","param_value_internal":6.111857165620382,"distribution":"{\"name\": \"FloatDistribution\", \"attributes\": {\"step\": null, \"low\": 5.0, \"high\": 8.0, \"log\": false}}"}
{"op_code":5,"worker_id":"0e6a4481-14f1-49ef-a448-becca85dd717-139699220336768","trial_id":48,"param_name":"CavityCorkThickness","param_value_internal":3.0865683163131075,"distribution":"{\"name\": \"FloatDistribution\", \"attributes\": {\"step\": null, \"low\": 2.0, \"high\": 5.0, \"log\": false}}"}
{"op_code":4,"worker_id":"993a2bfc-89a2-4bbe-9842-87908979d31a-140400492408960","study_id":0,"datetime_start":"2026-06-05T14:45:24.759799"}
{"op_code":5,"worker_id":"0e6a4481-14f1-49ef-a448-becca85dd717-139699220336768","trial_id":48,"param_name":"BellowHeight","param_value_internal":9.880483911695876,"distribution":"{\"name\": \"FloatDistribution\", \"attributes\": {\"step\": null, \"low\": 6.0, \"high\": 10.0, \"log\": false}}"}
{"op_code":9,"worker_id":"993a2bfc-89a2-4bbe-9842-87908979d31a-140400492408960","trial_id":49,"system_attr":{"nsga2:generation":0}}
{"op_code":5,"worker_id":"0e6a4481-14f1-49ef-a448-becca85dd717-139699220336768","trial_id":48,"param_name":"WallThickness","param_value_internal":3.4238961626466073,"distribution":"{\"name\": \"FloatDistribution\", \"attributes\": {\"step\": null, \"low\": 2.0, \"high\": 4.0, \"log\": false}}"}
{"op_code":5,"worker_id":"993a2bfc-89a2-4bbe-9842-87908979d31a-140400492408960","trial_id":49,"param_name":"JointSlopeAngle","param_value_internal":0.5089830217522098,"distribution":"{\"name\": \"FloatDistribution\", \"attributes\": {\"step\": null, \"low\": 0.17453292519943295, \"high\": 1.0471975511965976, \"log\": false}}"}
{"op_code":5,"worker_id":"0e6a4481-14f1-49ef-a448-becca85dd717-139699220336768","trial_id":48,"param_name":"PlateauHeight","param_value_internal":3.868828596079391,"distribution":"{\"name\": \"FloatDistribution\", \"attributes\": {\"step\": null, \"low\": 2.0, \"high\": 4.0, \"log\": false}}"}
{"op_code":5,"worker_id":"993a2bfc-89a2-4bbe-9842-87908979d31a-140400492408960","trial_id":49,"param_name":"OuterRadius","param_value_internal":12.452497995161762,"distribution":"{\"name\": \"FloatDistribution\", \"attributes\": {\"step\": null, \"low\": 8.75, \"high\": 17.75, \"log\": false}}"}
{"op_code":5,"worker_id":"993a2bfc-89a2-4bbe-9842-87908979d31a-140400492408960","trial_id":49,"param_name":"JointHeight","param_value_internal":5.602529311778092,"distribution":"{\"name\": \"FloatDistribution\", \"attributes\": {\"step\": null, \"low\": 5.0, \"high\": 8.0, \"log\": false}}"}
{"op_code":5,"worker_id":"993a2bfc-89a2-4bbe-9842-87908979d31a-140400492408960","trial_id":49,"param_name":"CavityCorkThickness","param_value_internal":3.651342739530118,"distribution":"{\"name\": \"FloatDistribution\", \"attributes\": {\"step\": null, \"low\": 2.0, \"high\": 5.0, \"log\": false}}"}
{"op_code":5,"worker_id":"993a2bfc-89a2-4bbe-9842-87908979d31a-140400492408960","trial_id":49,"param_name":"BellowHeight","param_value_internal":8.883930382489009,"distribution":"{\"name\": \"FloatDistribution\", \"attributes\": {\"step\": null, \"low\": 6.0, \"high\": 10.0, \"log\": false}}"}
{"op_code":5,"worker_id":"993a2bfc-89a2-4bbe-9842-87908979d31a-140400492408960","trial_id":49,"param_name":"WallThickness","param_value_internal":2.411235411757967,"distribution":"{\"name\": \"FloatDistribution\", \"attributes\": {\"step\": null, \"low\": 2.0, \"high\": 4.0, \"log\": false}}"}
{"op_code":5,"worker_id":"993a2bfc-89a2-4bbe-9842-87908979d31a-140400492408960","trial_id":49,"param_name":"PlateauHeight","param_value_internal":2.938487650943231,"distribution":"{\"name\": \"FloatDistribution\", \"attributes\": {\"step\": null, \"low\": 2.0, \"high\": 4.0, \"log\": false}}"}
{"op_code":6,"worker_id":"87c6a3ff-c7c5-4556-a5ff-f21f3c0a8de0-139968018595968","trial_id":41,"state":1,"values":[-Infinity,-Infinity],"datetime_complete":"2026-06-05T14:45:25.087023"}
{"op_code":4,"worker_id":"87c6a3ff-c7c5-4556-a5ff-f21f3c0a8de0-139968018595968","study_id":0,"datetime_start":"2026-06-05T14:45:25.096724"}
{"op_code":6,"worker_id":"af25c4c9-ebe0-4936-b2cf-e7e559b16ed8-139972205617280","trial_id":40,"state":1,"values":[-Infinity,-Infinity],"datetime_complete":"2026-06-05T14:45:25.100369"}
{"op_code":9,"worker_id":"87c6a3ff-c7c5-4556-a5ff-f21f3c0a8de0-139968018595968","trial_id":50,"system_attr":{"nsga2:generation":0}}
{"op_code":4,"worker_id":"af25c4c9-ebe0-4936-b2cf-e7e559b16ed8-139972205617280","study_id":0,"datetime_start":"2026-06-05T14:45:25.112108"}
{"op_code":5,"worker_id":"87c6a3ff-c7c5-4556-a5ff-f21f3c0a8de0-139968018595968","trial_id":50,"param_name":"JointSlopeAngle","param_value_internal":0.3570854173079233,"distribution":"{\"name\": \"FloatDistribution\", \"attributes\": {\"step\": null, \"low\": 0.17453292519943295, \"high\": 1.0471975511965976, \"log\": false}}"}
{"op_code":9,"worker_id":"af25c4c9-ebe0-4936-b2cf-e7e559b16ed8-139972205617280","trial_id":51,"system_attr":{"nsga2:generation":0}}
{"op_code":5,"worker_id":"87c6a3ff-c7c5-4556-a5ff-f21f3c0a8de0-139968018595968","trial_id":50,"param_name":"OuterRadius","param_value_internal":17.265209716874917,"distribution":"{\"name\": \"FloatDistribution\", \"attributes\": {\"step\": null, \"low\": 8.75, \"high\": 17.75, \"log\": false}}"}
{"op_code":5,"worker_id":"af25c4c9-ebe0-4936-b2cf-e7e559b16ed8-139972205617280","trial_id":51,"param_name":"JointSlopeAngle","param_value_internal":0.7313002618292149,"distribution":"{\"name\": \"FloatDistribution\", \"attributes\": {\"step\": null, \"low\": 0.17453292519943295, \"high\": 1.0471975511965976, \"log\": false}}"}
{"op_code":5,"worker_id":"87c6a3ff-c7c5-4556-a5ff-f21f3c0a8de0-139968018595968","trial_id":50,"param_name":"JointHeight","param_value_internal":6.445227686038462,"distribution":"{\"name\": \"FloatDistribution\", \"attributes\": {\"step\": null, \"low\": 5.0, \"high\": 8.0, \"log\": false}}"}
{"op_code":5,"worker_id":"af25c4c9-ebe0-4936-b2cf-e7e559b16ed8-139972205617280","trial_id":51,"param_name":"OuterRadius","param_value_internal":15.09389998447875,"distribution":"{\"name\": \"FloatDistribution\", \"attributes\": {\"step\": null, \"low\": 8.75, \"high\": 17.75, \"log\": false}}"}
{"op_code":5,"worker_id":"87c6a3ff-c7c5-4556-a5ff-f21f3c0a8de0-139968018595968","trial_id":50,"param_name":"CavityCorkThickness","param_value_internal":4.798384225950592,"distribution":"{\"name\": \"FloatDistribution\", \"attributes\": {\"step\": null, \"low\": 2.0, \"high\": 5.0, \"log\": false}}"}
{"op_code":5,"worker_id":"af25c4c9-ebe0-4936-b2cf-e7e559b16ed8-139972205617280","trial_id":51,"param_name":"JointHeight","param_value_internal":6.09148199539557,"distribution":"{\"name\": \"FloatDistribution\", \"attributes\": {\"step\": null, \"low\": 5.0, \"high\": 8.0, \"log\": false}}"}
{"op_code":5,"worker_id":"87c6a3ff-c7c5-4556-a5ff-f21f3c0a8de0-139968018595968","trial_id":50,"param_name":"BellowHeight","param_value_internal":7.290835326282917,"distribution":"{\"name\": \"FloatDistribution\", \"attributes\": {\"step\": null, \"low\": 6.0, \"high\": 10.0, \"log\": false}}"}
{"op_code":5,"worker_id":"af25c4c9-ebe0-4936-b2cf-e7e559b16ed8-139972205617280","trial_id":51,"param_name":"CavityCorkThickness","param_value_internal":4.647628443327192,"distribution":"{\"name\": \"FloatDistribution\", \"attributes\": {\"step\": null, \"low\": 2.0, \"high\": 5.0, \"log\": false}}"}
{"op_code":5,"worker_id":"87c6a3ff-c7c5-4556-a5ff-f21f3c0a8de0-139968018595968","trial_id":50,"param_name":"WallThickness","param_value_internal":3.044471730941471,"distribution":"{\"name\": \"FloatDistribution\", \"attributes\": {\"step\": null, \"low\": 2.0, \"high\": 4.0, \"log\": false}}"}
{"op_code":5,"worker_id":"af25c4c9-ebe0-4936-b2cf-e7e559b16ed8-139972205617280","trial_id":51,"param_name":"BellowHeight","param_value_internal":7.2575097641795185,"distribution":"{\"name\": \"FloatDistribution\", \"attributes\": {\"step\": null, \"low\": 6.0, \"high\": 10.0, \"log\": false}}"}
{"op_code":5,"worker_id":"87c6a3ff-c7c5-4556-a5ff-f21f3c0a8de0-139968018595968","trial_id":50,"param_name":"PlateauHeight","param_value_internal":3.364313003659296,"distribution":"{\"name\": \"FloatDistribution\", \"attributes\": {\"step\": null, \"low\": 2.0, \"high\": 4.0, \"log\": false}}"}
{"op_code":5,"worker_id":"af25c4c9-ebe0-4936-b2cf-e7e559b16ed8-139972205617280","trial_id":51,"param_name":"WallThickness","param_value_internal":3.9022968814080263,"distribution":"{\"name\": \"FloatDistribution\", \"attributes\": {\"step\": null, \"low\": 2.0, \"high\": 4.0, \"log\": false}}"}
{"op_code":5,"worker_id":"af25c4c9-ebe0-4936-b2cf-e7e559b16ed8-139972205617280","trial_id":51,"param_name":"PlateauHeight","param_value_internal":3.4927280687430353,"distribution":"{\"name\": \"FloatDistribution\", \"attributes\": {\"step\": null, \"low\": 2.0, \"high\": 4.0, \"log\": false}}"}
{"op_code":6,"worker_id":"ae2f636a-2b97-4668-8891-c0938fede446-139983403692160","trial_id":42,"state":1,"values":[-Infinity,-Infinity],"datetime_complete":"2026-06-05T14:45:25.292413"}
{"op_code":4,"worker_id":"ae2f636a-2b97-4668-8891-c0938fede446-139983403692160","study_id":0,"datetime_start":"2026-06-05T14:45:25.300704"}
{"op_code":9,"worker_id":"ae2f636a-2b97-4668-8891-c0938fede446-139983403692160","trial_id":52,"system_attr":{"nsga2:generation":0}}
{"op_code":5,"worker_id":"ae2f636a-2b97-4668-8891-c0938fede446-139983403692160","trial_id":52,"param_name":"JointSlopeAngle","param_value_internal":0.890871995932504,"distribution":"{\"name\": \"FloatDistribution\", \"attributes\": {\"step\": null, \"low\": 0.17453292519943295, \"high\": 1.0471975511965976, \"log\": false}}"}
{"op_code":5,"worker_id":"ae2f636a-2b97-4668-8891-c0938fede446-139983403692160","trial_id":52,"param_name":"OuterRadius","param_value_internal":14.302113907402612,"distribution":"{\"name\": \"FloatDistribution\", \"attributes\": {\"step\": null, \"low\": 8.75, \"high\": 17.75, \"log\": false}}"}
{"op_code":5,"worker_id":"ae2f636a-2b97-4668-8891-c0938fede446-139983403692160","trial_id":52,"param_name":"JointHeight","param_value_internal":7.815312876551462,"distribution":"{\"name\": \"FloatDistribution\", \"attributes\": {\"step\": null, \"low\": 5.0, \"high\": 8.0, \"log\": false}}"}
{"op_code":5,"worker_id":"ae2f636a-2b97-4668-8891-c0938fede446-139983403692160","trial_id":52,"param_name":"CavityCorkThickness","param_value_internal":3.671525387100867,"distribution":"{\"name\": \"FloatDistribution\", \"attributes\": {\"step\": null, \"low\": 2.0, \"high\": 5.0, \"log\": false}}"}
{"op_code":5,"worker_id":"ae2f636a-2b97-4668-8891-c0938fede446-139983403692160","trial_id":52,"param_name":"BellowHeight","param_value_internal":7.582413814303038,"distribution":"{\"name\": \"FloatDistribution\", \"attributes\": {\"step\": null, \"low\": 6.0, \"high\": 10.0, \"log\": false}}"}
{"op_code":5,"worker_id":"ae2f636a-2b97-4668-8891-c0938fede446-139983403692160","trial_id":52,"param_name":"WallThickness","param_value_internal":2.5789971882395957,"distribution":"{\"name\": \"FloatDistribution\", \"attributes\": {\"step\": null, \"low\": 2.0, \"high\": 4.0, \"log\": false}}"}
{"op_code":5,"worker_id":"ae2f636a-2b97-4668-8891-c0938fede446-139983403692160","trial_id":52,"param_name":"PlateauHeight","param_value_internal":3.546856083649842,"distribution":"{\"name\": \"FloatDistribution\", \"attributes\": {\"step\": null, \"low\": 2.0, \"high\": 4.0, \"log\": false}}"}
{"op_code":6,"worker_id":"e7ae3568-8222-484e-99b5-ffe2a184264a-139627978956928","trial_id":43,"state":1,"values":[-Infinity,-Infinity],"datetime_complete":"2026-06-05T14:45:25.343196"}
{"op_code":4,"worker_id":"e7ae3568-8222-484e-99b5-ffe2a184264a-139627978956928","study_id":0,"datetime_start":"2026-06-05T14:45:25.355736"}
{"op_code":9,"worker_id":"e7ae3568-8222-484e-99b5-ffe2a184264a-139627978956928","trial_id":53,"system_attr":{"nsga2:generation":0}}
{"op_code":5,"worker_id":"e7ae3568-8222-484e-99b5-ffe2a184264a-139627978956928","trial_id":53,"param_name":"JointSlopeAngle","param_value_internal":0.34480853856097937,"distribution":"{\"name\": \"FloatDistribution\", \"attributes\": {\"step\": null, \"low\": 0.17453292519943295, \"high\": 1.0471975511965976, \"log\": false}}"}
{"op_code":5,"worker_id":"e7ae3568-8222-484e-99b5-ffe2a184264a-139627978956928","trial_id":53,"param_name":"OuterRadius","param_value_internal":10.667377875176904,"distribution":"{\"name\": \"FloatDistribution\", \"attributes\": {\"step\": null, \"low\": 8.75, \"high\": 17.75, \"log\": false}}"}
{"op_code":5,"worker_id":"e7ae3568-8222-484e-99b5-ffe2a184264a-139627978956928","trial_id":53,"param_name":"JointHeight","param_value_internal":5.715986554249182,"distribution":"{\"name\": \"FloatDistribution\", \"attributes\": {\"step\": null, \"low\": 5.0, \"high\": 8.0, \"log\": false}}"}
{"op_code":5,"worker_id":"e7ae3568-8222-484e-99b5-ffe2a184264a-139627978956928","trial_id":53,"param_name":"CavityCorkThickness","param_value_internal":3.739570840487253,"distribution":"{\"name\": \"FloatDistribution\", \"attributes\": {\"step\": null, \"low\": 2.0, \"high\": 5.0, \"log\": false}}"}
{"op_code":5,"worker_id":"e7ae3568-8222-484e-99b5-ffe2a184264a-139627978956928","trial_id":53,"param_name":"BellowHeight","param_value_internal":8.50043733274094,"distribution":"{\"name\": \"FloatDistribution\", \"attributes\": {\"step\": null, \"low\": 6.0, \"high\": 10.0, \"log\": false}}"}
{"op_code":5,"worker_id":"e7ae3568-8222-484e-99b5-ffe2a184264a-139627978956928","trial_id":53,"param_name":"WallThickness","param_value_internal":2.2160517166246807,"distribution":"{\"name\": \"FloatDistribution\", \"attributes\": {\"step\": null, \"low\": 2.0, \"high\": 4.0, \"log\": false}}"}
{"op_code":5,"worker_id":"e7ae3568-8222-484e-99b5-ffe2a184264a-139627978956928","trial_id":53,"param_name":"PlateauHeight","param_value_internal":2.7596325173136362,"distribution":"{\"name\": \"FloatDistribution\", \"attributes\": {\"step\": null, \"low\": 2.0, \"high\": 4.0, \"log\": false}}"}
{"op_code":6,"worker_id":"9cf67e4b-44d2-4e25-9957-5250bbde3f77-139877855514752","trial_id":44,"state":1,"values":[-Infinity,-Infinity],"datetime_complete":"2026-06-05T14:45:25.448261"}
{"op_code":4,"worker_id":"9cf67e4b-44d2-4e25-9957-5250bbde3f77-139877855514752","study_id":0,"datetime_start":"2026-06-05T14:45:25.456876"}
{"op_code":9,"worker_id":"9cf67e4b-44d2-4e25-9957-5250bbde3f77-139877855514752","trial_id":54,"system_attr":{"nsga2:generation":0}}
{"op_code":5,"worker_id":"9cf67e4b-44d2-4e25-9957-5250bbde3f77-139877855514752","trial_id":54,"param_name":"JointSlopeAngle","param_value_internal":0.9720964754245123,"distribution":"{\"name\": \"FloatDistribution\", \"attributes\": {\"step\": null, \"low\": 0.17453292519943295, \"high\": 1.0471975511965976, \"log\": false}}"}
{"op_code":5,"worker_id":"9cf67e4b-44d2-4e25-9957-5250bbde3f77-139877855514752","trial_id":54,"param_name":"OuterRadius","param_value_internal":10.726490363503732,"distribution":"{\"name\": \"FloatDistribution\", \"attributes\": {\"step\": null, \"low\": 8.75, \"high\": 17.75, \"log\": false}}"}
{"op_code":5,"worker_id":"9cf67e4b-44d2-4e25-9957-5250bbde3f77-139877855514752","trial_id":54,"param_name":"JointHeight","param_value_internal":7.73591702274785,"distribution":"{\"name\": \"FloatDistribution\", \"attributes\": {\"step\": null, \"low\": 5.0, \"high\": 8.0, \"log\": false}}"}
{"op_code":5,"worker_id":"9cf67e4b-44d2-4e25-9957-5250bbde3f77-139877855514752","trial_id":54,"param_name":"CavityCorkThickness","param_value_internal":4.646763513931601,"distribution":"{\"name\": \"FloatDistribution\", \"attributes\": {\"step\": null, \"low\": 2.0, \"high\": 5.0, \"log\": false}}"}
{"op_code":5,"worker_id":"9cf67e4b-44d2-4e25-9957-5250bbde3f77-139877855514752","trial_id":54,"param_name":"BellowHeight","param_value_internal":9.848555346440142,"distribution":"{\"name\": \"FloatDistribution\", \"attributes\": {\"step\": null, \"low\": 6.0, \"high\": 10.0, \"log\": false}}"}
{"op_code":5,"worker_id":"9cf67e4b-44d2-4e25-9957-5250bbde3f77-139877855514752","trial_id":54,"param_name":"WallThickness","param_value_internal":2.24071784262105,"distribution":"{\"name\": \"FloatDistribution\", \"attributes\": {\"step\": null, \"low\": 2.0, \"high\": 4.0, \"log\": false}}"}
{"op_code":5,"worker_id":"9cf67e4b-44d2-4e25-9957-5250bbde3f77-139877855514752","trial_id":54,"param_name":"PlateauHeight","param_value_internal":3.429301390911906,"distribution":"{\"name\": \"FloatDistribution\", \"attributes\": {\"step\": null, \"low\": 2.0, \"high\": 4.0, \"log\": false}}"}
{"op_code":6,"worker_id":"3115615d-15e2-425e-a830-e6952de192e8-139673542901888","trial_id":45,"state":1,"values":[-Infinity,-Infinity],"datetime_complete":"2026-06-05T14:45:25.509735"}
{"op_code":4,"worker_id":"3115615d-15e2-425e-a830-e6952de192e8-139673542901888","study_id":0,"datetime_start":"2026-06-05T14:45:25.518552"}
{"op_code":9,"worker_id":"3115615d-15e2-425e-a830-e6952de192e8-139673542901888","trial_id":55,"system_attr":{"nsga2:generation":0}}
{"op_code":5,"worker_id":"3115615d-15e2-425e-a830-e6952de192e8-139673542901888","trial_id":55,"param_name":"JointSlopeAngle","param_value_internal":0.8839258460882214,"distribution":"{\"name\": \"FloatDistribution\", \"attributes\": {\"step\": null, \"low\": 0.17453292519943295, \"high\": 1.0471975511965976, \"log\": false}}"}
{"op_code":5,"worker_id":"3115615d-15e2-425e-a830-e6952de192e8-139673542901888","trial_id":55,"param_name":"OuterRadius","param_value_internal":8.824728470328797,"distribution":"{\"name\": \"FloatDistribution\", \"attributes\": {\"step\": null, \"low\": 8.75, \"high\": 17.75, \"log\": false}}"}
{"op_code":5,"worker_id":"3115615d-15e2-425e-a830-e6952de192e8-139673542901888","trial_id":55,"param_name":"JointHeight","param_value_internal":7.3962012622241,"distribution":"{\"name\": \"FloatDistribution\", \"attributes\": {\"step\": null, \"low\": 5.0, \"high\": 8.0, \"log\": false}}"}
{"op_code":6,"worker_id":"d7f1099c-6ce1-49c6-8266-aacb6a14cf4f-140094272114816","trial_id":46,"state":1,"values":[-Infinity,-Infinity],"datetime_complete":"2026-06-05T14:45:25.544332"}
{"op_code":5,"worker_id":"3115615d-15e2-425e-a830-e6952de192e8-139673542901888","trial_id":55,"param_name":"CavityCorkThickness","param_value_internal":2.218095685623297,"distribution":"{\"name\": \"FloatDistribution\", \"attributes\": {\"step\": null, \"low\": 2.0, \"high\": 5.0, \"log\": false}}"}
{"op_code":5,"worker_id":"3115615d-15e2-425e-a830-e6952de192e8-139673542901888","trial_id":55,"param_name":"BellowHeight","param_value_internal":9.571475571667124,"distribution":"{\"name\": \"FloatDistribution\", \"attributes\": {\"step\": null, \"low\": 6.0, \"high\": 10.0, \"log\": false}}"}
{"op_code":4,"worker_id":"d7f1099c-6ce1-49c6-8266-aacb6a14cf4f-140094272114816","study_id":0,"datetime_start":"2026-06-05T14:45:25.555874"}
{"op_code":5,"worker_id":"3115615d-15e2-425e-a830-e6952de192e8-139673542901888","trial_id":55,"param_name":"WallThickness","param_value_internal":2.6079138587342503,"distribution":"{\"name\": \"FloatDistribution\", \"attributes\": {\"step\": null, \"low\": 2.0, \"high\": 4.0, \"log\": false}}"}
{"op_code":9,"worker_id":"d7f1099c-6ce1-49c6-8266-aacb6a14cf4f-140094272114816","trial_id":56,"system_attr":{"nsga2:generation":0}}
{"op_code":5,"worker_id":"3115615d-15e2-425e-a830-e6952de192e8-139673542901888","trial_id":55,"param_name":"PlateauHeight","param_value_internal":3.50792810724374,"distribution":"{\"name\": \"FloatDistribution\", \"attributes\": {\"step\": null, \"low\": 2.0, \"high\": 4.0, \"log\": false}}"}
{"op_code":5,"worker_id":"d7f1099c-6ce1-49c6-8266-aacb6a14cf4f-140094272114816","trial_id":56,"param_name":"JointSlopeAngle","param_value_internal":0.41828286644246215,"distribution":"{\"name\": \"FloatDistribution\", \"attributes\": {\"step\": null, \"low\": 0.17453292519943295, \"high\": 1.0471975511965976, \"log\": false}}"}
{"op_code":5,"worker_id":"d7f1099c-6ce1-49c6-8266-aacb6a14cf4f-140094272114816","trial_id":56,"param_name":"OuterRadius","param_value_internal":13.885090864697988,"distribution":"{\"name\": \"FloatDistribution\", \"attributes\": {\"step\": null, \"low\": 8.75, \"high\": 17.75, \"log\": false}}"}
{"op_code":6,"worker_id":"0f7f8cc3-8da6-4cd3-87d7-c3f3d7bc1da7-139835829026944","trial_id":47,"state":1,"values":[-Infinity,-Infinity],"datetime_complete":"2026-06-05T14:45:25.569346"}
{"op_code":5,"worker_id":"d7f1099c-6ce1-49c6-8266-aacb6a14cf4f-140094272114816","trial_id":56,"param_name":"JointHeight","param_value_internal":5.6018298347986075,"distribution":"{\"name\": \"FloatDistribution\", \"attributes\": {\"step\": null, \"low\": 5.0, \"high\": 8.0, \"log\": false}}"}
{"op_code":5,"worker_id":"d7f1099c-6ce1-49c6-8266-aacb6a14cf4f-140094272114816","trial_id":56,"param_name":"CavityCorkThickness","param_value_internal":4.394436919421465,"distribution":"{\"name\": \"FloatDistribution\", \"attributes\": {\"step\": null, \"low\": 2.0, \"high\": 5.0, \"log\": false}}"}
{"op_code":4,"worker_id":"0f7f8cc3-8da6-4cd3-87d7-c3f3d7bc1da7-139835829026944","study_id":0,"datetime_start":"2026-06-05T14:45:25.596596"}
{"op_code":5,"worker_id":"d7f1099c-6ce1-49c6-8266-aacb6a14cf4f-140094272114816","trial_id":56,"param_name":"BellowHeight","param_value_internal":8.590692729070463,"distribution":"{\"name\": \"FloatDistribution\", \"attributes\": {\"step\": null, \"low\": 6.0, \"high\": 10.0, \"log\": false}}"}
{"op_code":9,"worker_id":"0f7f8cc3-8da6-4cd3-87d7-c3f3d7bc1da7-139835829026944","trial_id":57,"system_attr":{"nsga2:generation":0}}
{"op_code":5,"worker_id":"d7f1099c-6ce1-49c6-8266-aacb6a14cf4f-140094272114816","trial_id":56,"param_name":"WallThickness","param_value_internal":3.8705236302495782,"distribution":"{\"name\": \"FloatDistribution\", \"attributes\": {\"step\": null, \"low\": 2.0, \"high\": 4.0, \"log\": false}}"}
{"op_code":5,"worker_id":"0f7f8cc3-8da6-4cd3-87d7-c3f3d7bc1da7-139835829026944","trial_id":57,"param_name":"JointSlopeAngle","param_value_internal":0.401467484043447,"distribution":"{\"name\": \"FloatDistribution\", \"attributes\": {\"step\": null, \"low\": 0.17453292519943295, \"high\": 1.0471975511965976, \"log\": false}}"}
{"op_code":5,"worker_id":"d7f1099c-6ce1-49c6-8266-aacb6a14cf4f-140094272114816","trial_id":56,"param_name":"PlateauHeight","param_value_internal":3.6149115716571827,"distribution":"{\"name\": \"FloatDistribution\", \"attributes\": {\"step\": null, \"low\": 2.0, \"high\": 4.0, \"log\": false}}"}
{"op_code":5,"worker_id":"0f7f8cc3-8da6-4cd3-87d7-c3f3d7bc1da7-139835829026944","trial_id":57,"param_name":"OuterRadius","param_value_internal":8.982191596408537,"distribution":"{\"name\": \"FloatDistribution\", \"attributes\": {\"step\": null, \"low\": 8.75, \"high\": 17.75, \"log\": false}}"}
{"op_code":5,"worker_id":"0f7f8cc3-8da6-4cd3-87d7-c3f3d7bc1da7-139835829026944","trial_id":57,"param_name":"JointHeight","param_value_internal":5.89592689568766,"distribution":"{\"name\": \"FloatDistribution\", \"attributes\": {\"step\": null, \"low\": 5.0, \"high\": 8.0, \"log\": false}}"}
{"op_code":5,"worker_id":"0f7f8cc3-8da6-4cd3-87d7-c3f3d7bc1da7-139835829026944","trial_id":57,"param_name":"CavityCorkThickness","param_value_internal":3.276591571886462,"distribution":"{\"name\": \"FloatDistribution\", \"attributes\": {\"step\": null, \"low\": 2.0, \"high\": 5.0, \"log\": false}}"}
{"op_code":5,"worker_id":"0f7f8cc3-8da6-4cd3-87d7-c3f3d7bc1da7-139835829026944","trial_id":57,"param_name":"BellowHeight","param_value_internal":9.262072753490436,"distribution":"{\"name\": \"FloatDistribution\", \"attributes\": {\"step\": null, \"low\": 6.0, \"high\": 10.0, \"log\": false}}"}
{"op_code":5,"worker_id":"0f7f8cc3-8da6-4cd3-87d7-c3f3d7bc1da7-139835829026944","trial_id":57,"param_name":"WallThickness","param_value_internal":3.7890371551856354,"distribution":"{\"name\": \"FloatDistribution\", \"attributes\": {\"step\": null, \"low\": 2.0, \"high\": 4.0, \"log\": false}}"}
{"op_code":5,"worker_id":"0f7f8cc3-8da6-4cd3-87d7-c3f3d7bc1da7-139835829026944","trial_id":57,"param_name":"PlateauHeight","param_value_internal":2.1068388851671784,"distribution":"{\"name\": \"FloatDistribution\", \"attributes\": {\"step\": null, \"low\": 2.0, \"high\": 4.0, \"log\": false}}"}
{"op_code":6,"worker_id":"0e6a4481-14f1-49ef-a448-becca85dd717-139699220336768","trial_id":48,"state":1,"values":[-Infinity,-Infinity],"datetime_complete":"2026-06-05T14:45:25.846279"}
{"op_code":4,"worker_id":"0e6a4481-14f1-49ef-a448-becca85dd717-139699220336768","study_id":0,"datetime_start":"2026-06-05T14:45:25.855138"}
{"op_code":9,"worker_id":"0e6a4481-14f1-49ef-a448-becca85dd717-139699220336768","trial_id":58,"system_attr":{"nsga2:generation":0}}
{"op_code":5,"worker_id":"0e6a4481-14f1-49ef-a448-becca85dd717-139699220336768","trial_id":58,"param_name":"JointSlopeAngle","param_value_internal":0.8415758301274098,"distribution":"{\"name\": \"FloatDistribution\", \"attributes\": {\"step\": null, \"low\": 0.17453292519943295, \"high\": 1.0471975511965976, \"log\": false}}"}
{"op_code":5,"worker_id":"0e6a4481-14f1-49ef-a448-becca85dd717-139699220336768","trial_id":58,"param_name":"OuterRadius","param_value_internal":11.142037830206407,"distribution":"{\"name\": \"FloatDistribution\", \"attributes\": {\"step\": null, \"low\": 8.75, \"high\": 17.75, \"log\": false}}"}
{"op_code":5,"worker_id":"0e6a4481-14f1-49ef-a448-becca85dd717-139699220336768","trial_id":58,"param_name":"JointHeight","param_value_internal":6.8245412262144285,"distribution":"{\"name\": \"FloatDistribution\", \"attributes\": {\"step\": null, \"low\": 5.0, \"high\": 8.0, \"log\": false}}"}
{"op_code":5,"worker_id":"0e6a4481-14f1-49ef-a448-becca85dd717-139699220336768","trial_id":58,"param_name":"CavityCorkThickness","param_value_internal":2.2304900226925897,"distribution":"{\"name\": \"FloatDistribution\", \"attributes\": {\"step\": null, \"low\": 2.0, \"high\": 5.0, \"log\": false}}"}
{"op_code":5,"worker_id":"0e6a4481-14f1-49ef-a448-becca85dd717-139699220336768","trial_id":58,"param_name":"BellowHeight","param_value_internal":6.723590900465812,"distribution":"{\"name\": \"FloatDistribution\", \"attributes\": {\"step\": null, \"low\": 6.0, \"high\": 10.0, \"log\": false}}"}
{"op_code":5,"worker_id":"0e6a4481-14f1-49ef-a448-becca85dd717-139699220336768","trial_id":58,"param_name":"WallThickness","param_value_internal":2.862510768472097,"distribution":"{\"name\": \"FloatDistribution\", \"attributes\": {\"step\": null, \"low\": 2.0, \"high\": 4.0, \"log\": false}}"}
{"op_code":5,"worker_id":"0e6a4481-14f1-49ef-a448-becca85dd717-139699220336768","trial_id":58,"param_name":"PlateauHeight","param_value_internal":2.768268773923461,"distribution":"{\"name\": \"FloatDistribution\", \"attributes\": {\"step\": null, \"low\": 2.0, \"high\": 4.0, \"log\": false}}"}
{"op_code":6,"worker_id":"993a2bfc-89a2-4bbe-9842-87908979d31a-140400492408960","trial_id":49,"state":1,"values":[-Infinity,-Infinity],"datetime_complete":"2026-06-05T14:45:25.916438"}
{"op_code":4,"worker_id":"993a2bfc-89a2-4bbe-9842-87908979d31a-140400492408960","study_id":0,"datetime_start":"2026-06-05T14:45:25.924599"}
{"op_code":9,"worker_id":"993a2bfc-89a2-4bbe-9842-87908979d31a-140400492408960","trial_id":59,"system_attr":{"nsga2:generation":1}}
{"op_code":5,"worker_id":"993a2bfc-89a2-4bbe-9842-87908979d31a-140400492408960","trial_id":59,"param_name":"JointSlopeAngle","param_value_internal":0.6863714185460353,"distribution":"{\"name\": \"FloatDistribution\", \"attributes\": {\"step\": null, \"low\": 0.17453292519943295, \"high\": 1.0471975511965976, \"log\": false}}"}
{"op_code":5,"worker_id":"993a2bfc-89a2-4bbe-9842-87908979d31a-140400492408960","trial_id":59,"param_name":"OuterRadius","param_value_internal":9.925749313399216,"distribution":"{\"name\": \"FloatDistribution\", \"attributes\": {\"step\": null, \"low\": 8.75, \"high\": 17.75, \"log\": false}}"}
{"op_code":5,"worker_id":"993a2bfc-89a2-4bbe-9842-87908979d31a-140400492408960","trial_id":59,"param_name":"JointHeight","param_value_internal":7.132229515581817,"distribution":"{\"name\": \"FloatDistribution\", \"attributes\": {\"step\": null, \"low\": 5.0, \"high\": 8.0, \"log\": false}}"}
{"op_code":5,"worker_id":"993a2bfc-89a2-4bbe-9842-87908979d31a-140400492408960","trial_id":59,"param_name":"CavityCorkThickness","param_value_internal":2.226214842794417,"distribution":"{\"name\": \"FloatDistribution\", \"attributes\": {\"step\": null, \"low\": 2.0, \"high\": 5.0, \"log\": false}}"}
{"op_code":5,"worker_id":"993a2bfc-89a2-4bbe-9842-87908979d31a-140400492408960","trial_id":59,"param_name":"BellowHeight","param_value_internal":8.262194081547094,"distribution":"{\"name\": \"FloatDistribution\", \"attributes\": {\"step\": null, \"low\": 6.0, \"high\": 10.0, \"log\": false}}"}
{"op_code":5,"worker_id":"993a2bfc-89a2-4bbe-9842-87908979d31a-140400492408960","trial_id":59,"param_name":"WallThickness","param_value_internal":2.2135170499205974,"distribution":"{\"name\": \"FloatDistribution\", \"attributes\": {\"step\": null, \"low\": 2.0, \"high\": 4.0, \"log\": false}}"}
{"op_code":5,"worker_id":"993a2bfc-89a2-4bbe-9842-87908979d31a-140400492408960","trial_id":59,"param_name":"PlateauHeight","param_value_internal":2.3856586798882384,"distribution":"{\"name\": \"FloatDistribution\", \"attributes\": {\"step\": null, \"low\": 2.0, \"high\": 4.0, \"log\": false}}"}
{"op_code":6,"worker_id":"87c6a3ff-c7c5-4556-a5ff-f21f3c0a8de0-139968018595968","trial_id":50,"state":1,"values":[-Infinity,-Infinity],"datetime_complete":"2026-06-05T14:45:26.200699"}
{"op_code":6,"worker_id":"af25c4c9-ebe0-4936-b2cf-e7e559b16ed8-139972205617280","trial_id":51,"state":1,"values":[-Infinity,-Infinity],"datetime_complete":"2026-06-05T14:45:26.207833"}
{"op_code":4,"worker_id":"87c6a3ff-c7c5-4556-a5ff-f21f3c0a8de0-139968018595968","study_id":0,"datetime_start":"2026-06-05T14:45:26.208871"}
{"op_code":4,"worker_id":"af25c4c9-ebe0-4936-b2cf-e7e559b16ed8-139972205617280","study_id":0,"datetime_start":"2026-06-05T14:45:26.218004"}
{"op_code":9,"worker_id":"87c6a3ff-c7c5-4556-a5ff-f21f3c0a8de0-139968018595968","trial_id":60,"system_attr":{"nsga2:generation":1}}
{"op_code":9,"worker_id":"af25c4c9-ebe0-4936-b2cf-e7e559b16ed8-139972205617280","trial_id":61,"system_attr":{"nsga2:generation":1}}
{"op_code":5,"worker_id":"87c6a3ff-c7c5-4556-a5ff-f21f3c0a8de0-139968018595968","trial_id":60,"param_name":"JointSlopeAngle","param_value_internal":0.7499803384692997,"distribution":"{\"name\": \"FloatDistribution\", \"attributes\": {\"step\": null, \"low\": 0.17453292519943295, \"high\": 1.0471975511965976, \"log\": false}}"}
{"op_code":5,"worker_id":"af25c4c9-ebe0-4936-b2cf-e7e559b16ed8-139972205617280","trial_id":61,"param_name":"JointSlopeAngle","param_value_internal":0.3933549973517566,"distribution":"{\"name\": \"FloatDistribution\", \"attributes\": {\"step\": null, \"low\": 0.17453292519943295, \"high\": 1.0471975511965976, \"log\": false}}"}
{"op_code":5,"worker_id":"87c6a3ff-c7c5-4556-a5ff-f21f3c0a8de0-139968018595968","trial_id":60,"param_name":"OuterRadius","param_value_internal":10.713733837615806,"distribution":"{\"name\": \"FloatDistribution\", \"attributes\": {\"step\": null, \"low\": 8.75, \"high\": 17.75, \"log\": false}}"}
{"op_code":5,"worker_id":"af25c4c9-ebe0-4936-b2cf-e7e559b16ed8-139972205617280","trial_id":61,"param_name":"OuterRadius","param_value_internal":12.234264730716111,"distribution":"{\"name\": \"FloatDistribution\", \"attributes\": {\"step\": null, \"low\": 8.75, \"high\": 17.75, \"log\": false}}"}
{"op_code":5,"worker_id":"87c6a3ff-c7c5-4556-a5ff-f21f3c0a8de0-139968018595968","trial_id":60,"param_name":"JointHeight","param_value_internal":7.000461329055181,"distribution":"{\"name\": \"FloatDistribution\", \"attributes\": {\"step\": null, \"low\": 5.0, \"high\": 8.0, \"log\": false}}"}
{"op_code":5,"worker_id":"af25c4c9-ebe0-4936-b2cf-e7e559b16ed8-139972205617280","trial_id":61,"param_name":"JointHeight","param_value_internal":5.9840918783024355,"distribution":"{\"name\": \"FloatDistribution\", \"attributes\": {\"step\": null, \"low\": 5.0, \"high\": 8.0, \"log\": false}}"}
{"op_code":5,"worker_id":"87c6a3ff-c7c5-4556-a5ff-f21f3c0a8de0-139968018595968","trial_id":60,"param_name":"CavityCorkThickness","param_value_internal":2.551259446550114,"distribution":"{\"name\": \"FloatDistribution\", \"attributes\": {\"step\": null, \"low\": 2.0, \"high\": 5.0, \"log\": false}}"}
{"op_code":5,"worker_id":"af25c4c9-ebe0-4936-b2cf-e7e559b16ed8-139972205617280","trial_id":61,"param_name":"CavityCorkThickness","param_value_internal":3.324953946371018,"distribution":"{\"name\": \"FloatDistribution\", \"attributes\": {\"step\": null, \"low\": 2.0, \"high\": 5.0, \"log\": false}}"}
{"op_code":5,"worker_id":"87c6a3ff-c7c5-4556-a5ff-f21f3c0a8de0-139968018595968","trial_id":60,"param_name":"BellowHeight","param_value_internal":7.217137735440447,"distribution":"{\"name\": \"FloatDistribution\", \"attributes\": {\"step\": null, \"low\": 6.0, \"high\": 10.0, \"log\": false}}"}
{"op_code":5,"worker_id":"af25c4c9-ebe0-4936-b2cf-e7e559b16ed8-139972205617280","trial_id":61,"param_name":"BellowHeight","param_value_internal":9.499985107299345,"distribution":"{\"name\": \"FloatDistribution\", \"attributes\": {\"step\": null, \"low\": 6.0, \"high\": 10.0, \"log\": false}}"}
{"op_code":5,"worker_id":"87c6a3ff-c7c5-4556-a5ff-f21f3c0a8de0-139968018595968","trial_id":60,"param_name":"WallThickness","param_value_internal":2.9367040092706995,"distribution":"{\"name\": \"FloatDistribution\", \"attributes\": {\"step\": null, \"low\": 2.0, \"high\": 4.0, \"log\": false}}"}
{"op_code":5,"worker_id":"af25c4c9-ebe0-4936-b2cf-e7e559b16ed8-139972205617280","trial_id":61,"param_name":"WallThickness","param_value_internal":3.531865930352793,"distribution":"{\"name\": \"FloatDistribution\", \"attributes\": {\"step\": null, \"low\": 2.0, \"high\": 4.0, \"log\": false}}"}
{"op_code":5,"worker_id":"87c6a3ff-c7c5-4556-a5ff-f21f3c0a8de0-139968018595968","trial_id":60,"param_name":"PlateauHeight","param_value_internal":2.645369012635941,"distribution":"{\"name\": \"FloatDistribution\", \"attributes\": {\"step\": null, \"low\": 2.0, \"high\": 4.0, \"log\": false}}"}
{"op_code":5,"worker_id":"af25c4c9-ebe0-4936-b2cf-e7e559b16ed8-139972205617280","trial_id":61,"param_name":"PlateauHeight","param_value_internal":3.251302772305961,"distribution":"{\"name\": \"FloatDistribution\", \"attributes\": {\"step\": null, \"low\": 2.0, \"high\": 4.0, \"log\": false}}"}
{"op_code":6,"worker_id":"ae2f636a-2b97-4668-8891-c0938fede446-139983403692160","trial_id":52,"state":1,"values":[-Infinity,-Infinity],"datetime_complete":"2026-06-05T14:45:26.389961"}
{"op_code":4,"worker_id":"ae2f636a-2b97-4668-8891-c0938fede446-139983403692160","study_id":0,"datetime_start":"2026-06-05T14:45:26.398993"}
{"op_code":9,"worker_id":"ae2f636a-2b97-4668-8891-c0938fede446-139983403692160","trial_id":62,"system_attr":{"nsga2:generation":1}}
{"op_code":5,"worker_id":"ae2f636a-2b97-4668-8891-c0938fede446-139983403692160","trial_id":62,"param_name":"JointSlopeAngle","param_value_internal":0.3933549973517566,"distribution":"{\"name\": \"FloatDistribution\", \"attributes\": {\"step\": null, \"low\": 0.17453292519943295, \"high\": 1.0471975511965976, \"log\": false}}"}
{"op_code":5,"worker_id":"ae2f636a-2b97-4668-8891-c0938fede446-139983403692160","trial_id":62,"param_name":"OuterRadius","param_value_internal":10.846606433814465,"distribution":"{\"name\": \"FloatDistribution\", \"attributes\": {\"step\": null, \"low\": 8.75, \"high\": 17.75, \"log\": false}}"}
{"op_code":5,"worker_id":"ae2f636a-2b97-4668-8891-c0938fede446-139983403692160","trial_id":62,"param_name":"JointHeight","param_value_internal":5.9840918783024355,"distribution":"{\"name\": \"FloatDistribution\", \"attributes\": {\"step\": null, \"low\": 5.0, \"high\": 8.0, \"log\": false}}"}
{"op_code":5,"worker_id":"ae2f636a-2b97-4668-8891-c0938fede446-139983403692160","trial_id":62,"param_name":"CavityCorkThickness","param_value_internal":3.1592491841113644,"distribution":"{\"name\": \"FloatDistribution\", \"attributes\": {\"step\": null, \"low\": 2.0, \"high\": 5.0, \"log\": false}}"}
{"op_code":5,"worker_id":"ae2f636a-2b97-4668-8891-c0938fede446-139983403692160","trial_id":62,"param_name":"BellowHeight","param_value_internal":9.499985107299345,"distribution":"{\"name\": \"FloatDistribution\", \"attributes\": {\"step\": null, \"low\": 6.0, \"high\": 10.0, \"log\": false}}"}
{"op_code":5,"worker_id":"ae2f636a-2b97-4668-8891-c0938fede446-139983403692160","trial_id":62,"param_name":"WallThickness","param_value_internal":2.5579889744592625,"distribution":"{\"name\": \"FloatDistribution\", \"attributes\": {\"step\": null, \"low\": 2.0, \"high\": 4.0, \"log\": false}}"}
{"op_code":5,"worker_id":"ae2f636a-2b97-4668-8891-c0938fede446-139983403692160","trial_id":62,"param_name":"PlateauHeight","param_value_internal":2.0892774592898404,"distribution":"{\"name\": \"FloatDistribution\", \"attributes\": {\"step\": null, \"low\": 2.0, \"high\": 4.0, \"log\": false}}"}
{"op_code":6,"worker_id":"e7ae3568-8222-484e-99b5-ffe2a184264a-139627978956928","trial_id":53,"state":1,"values":[-Infinity,-Infinity],"datetime_complete":"2026-06-05T14:45:26.450022"}
{"op_code":4,"worker_id":"e7ae3568-8222-484e-99b5-ffe2a184264a-139627978956928","study_id":0,"datetime_start":"2026-06-05T14:45:26.458625"}
{"op_code":9,"worker_id":"e7ae3568-8222-484e-99b5-ffe2a184264a-139627978956928","trial_id":63,"system_attr":{"nsga2:generation":1}}
{"op_code":5,"worker_id":"e7ae3568-8222-484e-99b5-ffe2a184264a-139627978956928","trial_id":63,"param_name":"JointSlopeAngle","param_value_internal":0.22825471540421055,"distribution":"{\"name\": \"FloatDistribution\", \"attributes\": {\"step\": null, \"low\": 0.17453292519943295, \"high\": 1.0471975511965976, \"log\": false}}"}
{"op_code":5,"worker_id":"e7ae3568-8222-484e-99b5-ffe2a184264a-139627978956928","trial_id":63,"param_name":"OuterRadius","param_value_internal":10.518705592769937,"distribution":"{\"name\": \"FloatDistribution\", \"attributes\": {\"step\": null, \"low\": 8.75, \"high\": 17.75, \"log\": false}}"}
{"op_code":5,"worker_id":"e7ae3568-8222-484e-99b5-ffe2a184264a-139627978956928","trial_id":63,"param_name":"JointHeight","param_value_internal":6.867087801654066,"distribution":"{\"name\": \"FloatDistribution\", \"attributes\": {\"step\": null, \"low\": 5.0, \"high\": 8.0, \"log\": false}}"}
{"op_code":5,"worker_id":"e7ae3568-8222-484e-99b5-ffe2a184264a-139627978956928","trial_id":63,"param_name":"CavityCorkThickness","param_value_internal":2.6368006162899644,"distribution":"{\"name\": \"FloatDistribution\", \"attributes\": {\"step\": null, \"low\": 2.0, \"high\": 5.0, \"log\": false}}"}
{"op_code":5,"worker_id":"e7ae3568-8222-484e-99b5-ffe2a184264a-139627978956928","trial_id":63,"param_name":"BellowHeight","param_value_internal":9.9075050914964,"distribution":"{\"name\": \"FloatDistribution\", \"attributes\": {\"step\": null, \"low\": 6.0, \"high\": 10.0, \"log\": false}}"}
{"op_code":5,"worker_id":"e7ae3568-8222-484e-99b5-ffe2a184264a-139627978956928","trial_id":63,"param_name":"WallThickness","param_value_internal":3.052831003204553,"distribution":"{\"name\": \"FloatDistribution\", \"attributes\": {\"step\": null, \"low\": 2.0, \"high\": 4.0, \"log\": false}}"}
{"op_code":5,"worker_id":"e7ae3568-8222-484e-99b5-ffe2a184264a-139627978956928","trial_id":63,"param_name":"PlateauHeight","param_value_internal":2.3848411772475497,"distribution":"{\"name\": \"FloatDistribution\", \"attributes\": {\"step\": null, \"low\": 2.0, \"high\": 4.0, \"log\": false}}"}
{"op_code":6,"worker_id":"9cf67e4b-44d2-4e25-9957-5250bbde3f77-139877855514752","trial_id":54,"state":1,"values":[-Infinity,-Infinity],"datetime_complete":"2026-06-05T14:45:26.542722"}
{"op_code":4,"worker_id":"9cf67e4b-44d2-4e25-9957-5250bbde3f77-139877855514752","study_id":0,"datetime_start":"2026-06-05T14:45:26.552328"}
{"op_code":9,"worker_id":"9cf67e4b-44d2-4e25-9957-5250bbde3f77-139877855514752","trial_id":64,"system_attr":{"nsga2:generation":1}}
{"op_code":5,"worker_id":"9cf67e4b-44d2-4e25-9957-5250bbde3f77-139877855514752","trial_id":64,"param_name":"JointSlopeAngle","param_value_internal":0.6662187349363202,"distribution":"{\"name\": \"FloatDistribution\", \"attributes\": {\"step\": null, \"low\": 0.17453292519943295, \"high\": 1.0471975511965976, \"log\": false}}"}
{"op_code":5,"worker_id":"9cf67e4b-44d2-4e25-9957-5250bbde3f77-139877855514752","trial_id":64,"param_name":"OuterRadius","param_value_internal":15.85384229096914,"distribution":"{\"name\": \"FloatDistribution\", \"attributes\": {\"step\": null, \"low\": 8.75, \"high\": 17.75, \"log\": false}}"}
{"op_code":5,"worker_id":"9cf67e4b-44d2-4e25-9957-5250bbde3f77-139877855514752","trial_id":64,"param_name":"JointHeight","param_value_internal":6.19261687362147,"distribution":"{\"name\": \"FloatDistribution\", \"attributes\": {\"step\": null, \"low\": 5.0, \"high\": 8.0, \"log\": false}}"}
{"op_code":5,"worker_id":"9cf67e4b-44d2-4e25-9957-5250bbde3f77-139877855514752","trial_id":64,"param_name":"CavityCorkThickness","param_value_internal":3.5426274695671394,"distribution":"{\"name\": \"FloatDistribution\", \"attributes\": {\"step\": null, \"low\": 2.0, \"high\": 5.0, \"log\": false}}"}
{"op_code":5,"worker_id":"9cf67e4b-44d2-4e25-9957-5250bbde3f77-139877855514752","trial_id":64,"param_name":"BellowHeight","param_value_internal":6.268635339777467,"distribution":"{\"name\": \"FloatDistribution\", \"attributes\": {\"step\": null, \"low\": 6.0, \"high\": 10.0, \"log\": false}}"}
{"op_code":5,"worker_id":"9cf67e4b-44d2-4e25-9957-5250bbde3f77-139877855514752","trial_id":64,"param_name":"WallThickness","param_value_internal":3.770484038610962,"distribution":"{\"name\": \"FloatDistribution\", \"attributes\": {\"step\": null, \"low\": 2.0, \"high\": 4.0, \"log\": false}}"}
{"op_code":5,"worker_id":"9cf67e4b-44d2-4e25-9957-5250bbde3f77-139877855514752","trial_id":64,"param_name":"PlateauHeight","param_value_internal":2.714720252451142,"distribution":"{\"name\": \"FloatDistribution\", \"attributes\": {\"step\": null, \"low\": 2.0, \"high\": 4.0, \"log\": false}}"}
{"op_code":6,"worker_id":"3115615d-15e2-425e-a830-e6952de192e8-139673542901888","trial_id":55,"state":1,"values":[-Infinity,-Infinity],"datetime_complete":"2026-06-05T14:45:26.612475"}
{"op_code":4,"worker_id":"3115615d-15e2-425e-a830-e6952de192e8-139673542901888","study_id":0,"datetime_start":"2026-06-05T14:45:26.621015"}
{"op_code":9,"worker_id":"3115615d-15e2-425e-a830-e6952de192e8-139673542901888","trial_id":65,"system_attr":{"nsga2:generation":1}}
{"op_code":5,"worker_id":"3115615d-15e2-425e-a830-e6952de192e8-139673542901888","trial_id":65,"param_name":"JointSlopeAngle","param_value_internal":0.49347500193485894,"distribution":"{\"name\": \"FloatDistribution\", \"attributes\": {\"step\": null, \"low\": 0.17453292519943295, \"high\": 1.0471975511965976, \"log\": false}}"}
{"op_code":5,"worker_id":"3115615d-15e2-425e-a830-e6952de192e8-139673542901888","trial_id":65,"param_name":"OuterRadius","param_value_internal":10.859928410892863,"distribution":"{\"name\": \"FloatDistribution\", \"attributes\": {\"step\": null, \"low\": 8.75, \"high\": 17.75, \"log\": false}}"}
{"op_code":5,"worker_id":"3115615d-15e2-425e-a830-e6952de192e8-139673542901888","trial_id":65,"param_name":"JointHeight","param_value_internal":5.9840918783024355,"distribution":"{\"name\": \"FloatDistribution\", \"attributes\": {\"step\": null, \"low\": 5.0, \"high\": 8.0, \"log\": false}}"}
{"op_code":5,"worker_id":"3115615d-15e2-425e-a830-e6952de192e8-139673542901888","trial_id":65,"param_name":"CavityCorkThickness","param_value_internal":3.874732537207565,"distribution":"{\"name\": \"FloatDistribution\", \"attributes\": {\"step\": null, \"low\": 2.0, \"high\": 5.0, \"log\": false}}"}
{"op_code":5,"worker_id":"3115615d-15e2-425e-a830-e6952de192e8-139673542901888","trial_id":65,"param_name":"BellowHeight","param_value_internal":7.638603160719915,"distribution":"{\"name\": \"FloatDistribution\", \"attributes\": {\"step\": null, \"low\": 6.0, \"high\": 10.0, \"log\": false}}"}
{"op_code":6,"worker_id":"d7f1099c-6ce1-49c6-8266-aacb6a14cf4f-140094272114816","trial_id":56,"state":1,"values":[-Infinity,-Infinity],"datetime_complete":"2026-06-05T14:45:26.660545"}
{"op_code":5,"worker_id":"3115615d-15e2-425e-a830-e6952de192e8-139673542901888","trial_id":65,"param_name":"WallThickness","param_value_internal":2.8191834170722383,"distribution":"{\"name\": \"FloatDistribution\", \"attributes\": {\"step\": null, \"low\": 2.0, \"high\": 4.0, \"log\": false}}"}
{"op_code":5,"worker_id":"3115615d-15e2-425e-a830-e6952de192e8-139673542901888","trial_id":65,"param_name":"PlateauHeight","param_value_internal":2.0681777976751476,"distribution":"{\"name\": \"FloatDistribution\", \"attributes\": {\"step\": null, \"low\": 2.0, \"high\": 4.0, \"log\": false}}"}
{"op_code":4,"worker_id":"d7f1099c-6ce1-49c6-8266-aacb6a14cf4f-140094272114816","study_id":0,"datetime_start":"2026-06-05T14:45:26.671402"}
{"op_code":9,"worker_id":"d7f1099c-6ce1-49c6-8266-aacb6a14cf4f-140094272114816","trial_id":66,"system_attr":{"nsga2:generation":1}}
{"op_code":5,"worker_id":"d7f1099c-6ce1-49c6-8266-aacb6a14cf4f-140094272114816","trial_id":66,"param_name":"JointSlopeAngle","param_value_internal":0.36826657122574014,"distribution":"{\"name\": \"FloatDistribution\", \"attributes\": {\"step\": null, \"low\": 0.17453292519943295, \"high\": 1.0471975511965976, \"log\": false}}"}
{"op_code":5,"worker_id":"d7f1099c-6ce1-49c6-8266-aacb6a14cf4f-140094272114816","trial_id":66,"param_name":"OuterRadius","param_value_internal":11.87791494887531,"distribution":"{\"name\": \"FloatDistribution\", \"attributes\": {\"step\": null, \"low\": 8.75, \"high\": 17.75, \"log\": false}}"}
{"op_code":5,"worker_id":"d7f1099c-6ce1-49c6-8266-aacb6a14cf4f-140094272114816","trial_id":66,"param_name":"JointHeight","param_value_internal":7.351690218357011,"distribution":"{\"name\": \"FloatDistribution\", \"attributes\": {\"step\": null, \"low\": 5.0, \"high\": 8.0, \"log\": false}}"}
{"op_code":6,"worker_id":"0f7f8cc3-8da6-4cd3-87d7-c3f3d7bc1da7-139835829026944","trial_id":57,"state":1,"values":[-Infinity,-Infinity],"datetime_complete":"2026-06-05T14:45:26.703437"}
{"op_code":5,"worker_id":"d7f1099c-6ce1-49c6-8266-aacb6a14cf4f-140094272114816","trial_id":66,"param_name":"CavityCorkThickness","param_value_internal":3.874732537207565,"distribution":"{\"name\": \"FloatDistribution\", \"attributes\": {\"step\": null, \"low\": 2.0, \"high\": 5.0, \"log\": false}}"}
{"op_code":4,"worker_id":"0f7f8cc3-8da6-4cd3-87d7-c3f3d7bc1da7-139835829026944","study_id":0,"datetime_start":"2026-06-05T14:45:26.713862"}
{"op_code":5,"worker_id":"d7f1099c-6ce1-49c6-8266-aacb6a14cf4f-140094272114816","trial_id":66,"param_name":"BellowHeight","param_value_internal":9.499985107299345,"distribution":"{\"name\": \"FloatDistribution\", \"attributes\": {\"step\": null, \"low\": 6.0, \"high\": 10.0, \"log\": false}}"}
{"op_code":5,"worker_id":"d7f1099c-6ce1-49c6-8266-aacb6a14cf4f-140094272114816","trial_id":66,"param_name":"WallThickness","param_value_internal":3.2757962063907624,"distribution":"{\"name\": \"FloatDistribution\", \"attributes\": {\"step\": null, \"low\": 2.0, \"high\": 4.0, \"log\": false}}"}
{"op_code":9,"worker_id":"0f7f8cc3-8da6-4cd3-87d7-c3f3d7bc1da7-139835829026944","trial_id":67,"system_attr":{"nsga2:generation":1}}
{"op_code":5,"worker_id":"d7f1099c-6ce1-49c6-8266-aacb6a14cf4f-140094272114816","trial_id":66,"param_name":"PlateauHeight","param_value_internal":3.0695703803053647,"distribution":"{\"name\": \"FloatDistribution\", \"attributes\": {\"step\": null, \"low\": 2.0, \"high\": 4.0, \"log\": false}}"}
{"op_code":5,"worker_id":"0f7f8cc3-8da6-4cd3-87d7-c3f3d7bc1da7-139835829026944","trial_id":67,"param_name":"JointSlopeAngle","param_value_internal":0.5927766967523548,"distribution":"{\"name\": \"FloatDistribution\", \"attributes\": {\"step\": null, \"low\": 0.17453292519943295, \"high\": 1.0471975511965976, \"log\": false}}"}
{"op_code":5,"worker_id":"0f7f8cc3-8da6-4cd3-87d7-c3f3d7bc1da7-139835829026944","trial_id":67,"param_name":"OuterRadius","param_value_internal":12.452497995161762,"distribution":"{\"name\": \"FloatDistribution\", \"attributes\": {\"step\": null, \"low\": 8.75, \"high\": 17.75, \"log\": false}}"}
{"op_code":5,"worker_id":"0f7f8cc3-8da6-4cd3-87d7-c3f3d7bc1da7-139835829026944","trial_id":67,"param_name":"JointHeight","param_value_internal":5.529240298587887,"distribution":"{\"name\": \"FloatDistribution\", \"attributes\": {\"step\": null, \"low\": 5.0, \"high\": 8.0, \"log\": false}}"}
{"op_code":5,"worker_id":"0f7f8cc3-8da6-4cd3-87d7-c3f3d7bc1da7-139835829026944","trial_id":67,"param_name":"CavityCorkThickness","param_value_internal":2.6668987570987035,"distribution":"{\"name\": \"FloatDistribution\", \"attributes\": {\"step\": null, \"low\": 2.0, \"high\": 5.0, \"log\": false}}"}
{"op_code":5,"worker_id":"0f7f8cc3-8da6-4cd3-87d7-c3f3d7bc1da7-139835829026944","trial_id":67,"param_name":"BellowHeight","param_value_internal":8.883930382489009,"distribution":"{\"name\": \"FloatDistribution\", \"attributes\": {\"step\": null, \"low\": 6.0, \"high\": 10.0, \"log\": false}}"}
{"op_code":5,"worker_id":"0f7f8cc3-8da6-4cd3-87d7-c3f3d7bc1da7-139835829026944","trial_id":67,"param_name":"WallThickness","param_value_internal":2.411235411757967,"distribution":"{\"name\": \"FloatDistribution\", \"attributes\": {\"step\": null, \"low\": 2.0, \"high\": 4.0, \"log\": false}}"}
{"op_code":5,"worker_id":"0f7f8cc3-8da6-4cd3-87d7-c3f3d7bc1da7-139835829026944","trial_id":67,"param_name":"PlateauHeight","param_value_internal":3.835664886940294,"distribution":"{\"name\": \"FloatDistribution\", \"attributes\": {\"step\": null, \"low\": 2.0, \"high\": 4.0, \"log\": false}}"}
{"op_code":6,"worker_id":"0e6a4481-14f1-49ef-a448-becca85dd717-139699220336768","trial_id":58,"state":1,"values":[-Infinity,-Infinity],"datetime_complete":"2026-06-05T14:45:26.940726"}
{"op_code":4,"worker_id":"0e6a4481-14f1-49ef-a448-becca85dd717-139699220336768","study_id":0,"datetime_start":"2026-06-05T14:45:26.949597"}
{"op_code":3,"worker_id":"0e6a4481-14f1-49ef-a448-becca85dd717-139699220336768","study_id":0,"system_attr":{"nsga2:population:e3b0c44298fc1c149afbf4c8996fb92427ae41e4649b934ca495991b7852b855":[0,[58,57,56,55,54,53,52,51,50,49,48,47,46,45,44,43,42,41,40,39,38,37,36,35,34,33,32,31,30,29,28,27,26,25,24,23,22,21,20,19,18,17,16,15,14,13,12,11,10,9]]}}
{"op_code":9,"worker_id":"0e6a4481-14f1-49ef-a448-becca85dd717-139699220336768","trial_id":68,"system_attr":{"nsga2:generation":1}}
{"op_code":5,"worker_id":"0e6a4481-14f1-49ef-a448-becca85dd717-139699220336768","trial_id":68,"param_name":"JointSlopeAngle","param_value_internal":0.8371729304594824,"distribution":"{\"name\": \"FloatDistribution\", \"attributes\": {\"step\": null, \"low\": 0.17453292519943295, \"high\": 1.0471975511965976, \"log\": false}}"}
{"op_code":5,"worker_id":"0e6a4481-14f1-49ef-a448-becca85dd717-139699220336768","trial_id":68,"param_name":"OuterRadius","param_value_internal":9.528266925028824,"distribution":"{\"name\": \"FloatDistribution\", \"attributes\": {\"step\": null, \"low\": 8.75, \"high\": 17.75, \"log\": false}}"}
{"op_code":5,"worker_id":"0e6a4481-14f1-49ef-a448-becca85dd717-139699220336768","trial_id":68,"param_name":"JointHeight","param_value_internal":6.491812216557473,"distribution":"{\"name\": \"FloatDistribution\", \"attributes\": {\"step\": null, \"low\": 5.0, \"high\": 8.0, \"log\": false}}"}
{"op_code":5,"worker_id":"0e6a4481-14f1-49ef-a448-becca85dd717-139699220336768","trial_id":68,"param_name":"CavityCorkThickness","param_value_internal":4.228569493627825,"distribution":"{\"name\": \"FloatDistribution\", \"attributes\": {\"step\": null, \"low\": 2.0, \"high\": 5.0, \"log\": false}}"}
{"op_code":5,"worker_id":"0e6a4481-14f1-49ef-a448-becca85dd717-139699220336768","trial_id":68,"param_name":"BellowHeight","param_value_internal":7.4491392653416435,"distribution":"{\"name\": \"FloatDistribution\", \"attributes\": {\"step\": null, \"low\": 6.0, \"high\": 10.0, \"log\": false}}"}
{"op_code":5,"worker_id":"0e6a4481-14f1-49ef-a448-becca85dd717-139699220336768","trial_id":68,"param_name":"WallThickness","param_value_internal":3.827236356916811,"distribution":"{\"name\": \"FloatDistribution\", \"attributes\": {\"step\": null, \"low\": 2.0, \"high\": 4.0, \"log\": false}}"}
{"op_code":5,"worker_id":"0e6a4481-14f1-49ef-a448-becca85dd717-139699220336768","trial_id":68,"param_name":"PlateauHeight","param_value_internal":2.0179602325792567,"distribution":"{\"name\": \"FloatDistribution\", \"attributes\": {\"step\": null, \"low\": 2.0, \"high\": 4.0, \"log\": false}}"}
{"op_code":6,"worker_id":"993a2bfc-89a2-4bbe-9842-87908979d31a-140400492408960","trial_id":59,"state":1,"values":[-Infinity,-Infinity],"datetime_complete":"2026-06-05T14:45:27.058224"}
{"op_code":4,"worker_id":"993a2bfc-89a2-4bbe-9842-87908979d31a-140400492408960","study_id":0,"datetime_start":"2026-06-05T14:45:27.067075"}
{"op_code":9,"worker_id":"993a2bfc-89a2-4bbe-9842-87908979d31a-140400492408960","trial_id":69,"system_attr":{"nsga2:generation":1}}
{"op_code":5,"worker_id":"993a2bfc-89a2-4bbe-9842-87908979d31a-140400492408960","trial_id":69,"param_name":"JointSlopeAngle","param_value_internal":0.8371729304594824,"distribution":"{\"name\": \"FloatDistribution\", \"attributes\": {\"step\": null, \"low\": 0.17453292519943295, \"high\": 1.0471975511965976, \"log\": false}}"}
{"op_code":5,"worker_id":"993a2bfc-89a2-4bbe-9842-87908979d31a-140400492408960","trial_id":69,"param_name":"OuterRadius","param_value_internal":12.542086465385452,"distribution":"{\"name\": \"FloatDistribution\", \"attributes\": {\"step\": null, \"low\": 8.75, \"high\": 17.75, \"log\": false}}"}
{"op_code":5,"worker_id":"993a2bfc-89a2-4bbe-9842-87908979d31a-140400492408960","trial_id":69,"param_name":"JointHeight","param_value_internal":7.450423944583596,"distribution":"{\"name\": \"FloatDistribution\", \"attributes\": {\"step\": null, \"low\": 5.0, \"high\": 8.0, \"log\": false}}"}
{"op_code":5,"worker_id":"993a2bfc-89a2-4bbe-9842-87908979d31a-140400492408960","trial_id":69,"param_name":"CavityCorkThickness","param_value_internal":3.481810922557165,"distribution":"{\"name\": \"FloatDistribution\", \"attributes\": {\"step\": null, \"low\": 2.0, \"high\": 5.0, \"log\": false}}"}
{"op_code":5,"worker_id":"993a2bfc-89a2-4bbe-9842-87908979d31a-140400492408960","trial_id":69,"param_name":"BellowHeight","param_value_internal":6.183179870840354,"distribution":"{\"name\": \"FloatDistribution\", \"attributes\": {\"step\": null, \"low\": 6.0, \"high\": 10.0, \"log\": false}}"}
{"op_code":5,"worker_id":"993a2bfc-89a2-4bbe-9842-87908979d31a-140400492408960","trial_id":69,"param_name":"WallThickness","param_value_internal":2.665783296273253,"distribution":"{\"name\": \"FloatDistribution\", \"attributes\": {\"step\": null, \"low\": 2.0, \"high\": 4.0, \"log\": false}}"}
{"op_code":5,"worker_id":"993a2bfc-89a2-4bbe-9842-87908979d31a-140400492408960","trial_id":69,"param_name":"PlateauHeight","param_value_internal":2.6090417438129196,"distribution":"{\"name\": \"FloatDistribution\", \"attributes\": {\"step\": null, \"low\": 2.0, \"high\": 4.0, \"log\": false}}"}
{"op_code":6,"worker_id":"87c6a3ff-c7c5-4556-a5ff-f21f3c0a8de0-139968018595968","trial_id":60,"state":1,"values":[-Infinity,-Infinity],"datetime_complete":"2026-06-05T14:45:27.329392"}
{"op_code":4,"worker_id":"87c6a3ff-c7c5-4556-a5ff-f21f3c0a8de0-139968018595968","study_id":0,"datetime_start":"2026-06-05T14:45:27.339588"}
{"op_code":6,"worker_id":"af25c4c9-ebe0-4936-b2cf-e7e559b16ed8-139972205617280","trial_id":61,"state":1,"values":[-Infinity,-Infinity],"datetime_complete":"2026-06-05T14:45:27.345505"}
{"op_code":9,"worker_id":"87c6a3ff-c7c5-4556-a5ff-f21f3c0a8de0-139968018595968","trial_id":70,"system_attr":{"nsga2:generation":1}}
{"op_code":5,"worker_id":"87c6a3ff-c7c5-4556-a5ff-f21f3c0a8de0-139968018595968","trial_id":70,"param_name":"JointSlopeAngle","param_value_internal":0.5667950923055819,"distribution":"{\"name\": \"FloatDistribution\", \"attributes\": {\"step\": null, \"low\": 0.17453292519943295, \"high\": 1.0471975511965976, \"log\": false}}"}
{"op_code":4,"worker_id":"af25c4c9-ebe0-4936-b2cf-e7e559b16ed8-139972205617280","study_id":0,"datetime_start":"2026-06-05T14:45:27.357860"}
{"op_code":5,"worker_id":"87c6a3ff-c7c5-4556-a5ff-f21f3c0a8de0-139968018595968","trial_id":70,"param_name":"OuterRadius","param_value_internal":9.511394577180933,"distribution":"{\"name\": \"FloatDistribution\", \"attributes\": {\"step\": null, \"low\": 8.75, \"high\": 17.75, \"log\": false}}"}
{"op_code":5,"worker_id":"87c6a3ff-c7c5-4556-a5ff-f21f3c0a8de0-139968018595968","trial_id":70,"param_name":"JointHeight","param_value_internal":7.012355191365212,"distribution":"{\"name\": \"FloatDistribution\", \"attributes\": {\"step\": null, \"low\": 5.0, \"high\": 8.0, \"log\": false}}"}
{"op_code":9,"worker_id":"af25c4c9-ebe0-4936-b2cf-e7e559b16ed8-139972205617280","trial_id":71,"system_attr":{"nsga2:generation":1}}
{"op_code":5,"worker_id":"87c6a3ff-c7c5-4556-a5ff-f21f3c0a8de0-139968018595968","trial_id":70,"param_name":"CavityCorkThickness","param_value_internal":4.623076925633174,"distribution":"{\"name\": \"FloatDistribution\", \"attributes\": {\"step\": null, \"low\": 2.0, \"high\": 5.0, \"log\": false}}"}
{"op_code":5,"worker_id":"af25c4c9-ebe0-4936-b2cf-e7e559b16ed8-139972205617280","trial_id":71,"param_name":"JointSlopeAngle","param_value_internal":0.6058253941149446,"distribution":"{\"name\": \"FloatDistribution\", \"attributes\": {\"step\": null, \"low\": 0.17453292519943295, \"high\": 1.0471975511965976, \"log\": false}}"}
{"op_code":5,"worker_id":"87c6a3ff-c7c5-4556-a5ff-f21f3c0a8de0-139968018595968","trial_id":70,"param_name":"BellowHeight","param_value_internal":7.638603160719915,"distribution":"{\"name\": \"FloatDistribution\", \"attributes\": {\"step\": null, \"low\": 6.0, \"high\": 10.0, \"log\": false}}"}
{"op_code":5,"worker_id":"af25c4c9-ebe0-4936-b2cf-e7e559b16ed8-139972205617280","trial_id":71,"param_name":"OuterRadius","param_value_internal":10.667377875176904,"distribution":"{\"name\": \"FloatDistribution\", \"attributes\": {\"step\": null, \"low\": 8.75, \"high\": 17.75, \"log\": false}}"}
{"op_code":5,"worker_id":"87c6a3ff-c7c5-4556-a5ff-f21f3c0a8de0-139968018595968","trial_id":70,"param_name":"WallThickness","param_value_internal":2.8191834170722383,"distribution":"{\"name\": \"FloatDistribution\", \"attributes\": {\"step\": null, \"low\": 2.0, \"high\": 4.0, \"log\": false}}"}
{"op_code":5,"worker_id":"af25c4c9-ebe0-4936-b2cf-e7e559b16ed8-139972205617280","trial_id":71,"param_name":"JointHeight","param_value_internal":7.228972374615057,"distribution":"{\"name\": \"FloatDistribution\", \"attributes\": {\"step\": null, \"low\": 5.0, \"high\": 8.0, \"log\": false}}"}
{"op_code":5,"worker_id":"87c6a3ff-c7c5-4556-a5ff-f21f3c0a8de0-139968018595968","trial_id":70,"param_name":"PlateauHeight","param_value_internal":3.5248563058567473,"distribution":"{\"name\": \"FloatDistribution\", \"attributes\": {\"step\": null, \"low\": 2.0, \"high\": 4.0, \"log\": false}}"}
{"op_code":5,"worker_id":"af25c4c9-ebe0-4936-b2cf-e7e559b16ed8-139972205617280","trial_id":71,"param_name":"CavityCorkThickness","param_value_internal":2.597704856536306,"distribution":"{\"name\": \"FloatDistribution\", \"attributes\": {\"step\": null, \"low\": 2.0, \"high\": 5.0, \"log\": false}}"}
{"op_code":5,"worker_id":"af25c4c9-ebe0-4936-b2cf-e7e559b16ed8-139972205617280","trial_id":71,"param_name":"BellowHeight","param_value_internal":7.939022009038133,"distribution":"{\"name\": \"FloatDistribution\", \"attributes\": {\"step\": null, \"low\": 6.0, \"high\": 10.0, \"log\": false}}"}
{"op_code":5,"worker_id":"af25c4c9-ebe0-4936-b2cf-e7e559b16ed8-139972205617280","trial_id":71,"param_name":"WallThickness","param_value_internal":2.098246717329891,"distribution":"{\"name\": \"FloatDistribution\", \"attributes\": {\"step\": null, \"low\": 2.0, \"high\": 4.0, \"log\": false}}"}
{"op_code":5,"worker_id":"af25c4c9-ebe0-4936-b2cf-e7e559b16ed8-139972205617280","trial_id":71,"param_name":"PlateauHeight","param_value_internal":2.7596325173136362,"distribution":"{\"name\": \"FloatDistribution\", \"attributes\": {\"step\": null, \"low\": 2.0, \"high\": 4.0, \"log\": false}}"}
{"op_code":6,"worker_id":"ae2f636a-2b97-4668-8891-c0938fede446-139983403692160","trial_id":62,"state":1,"values":[-Infinity,-Infinity],"datetime_complete":"2026-06-05T14:45:27.504087"}
{"op_code":4,"worker_id":"ae2f636a-2b97-4668-8891-c0938fede446-139983403692160","study_id":0,"datetime_start":"2026-06-05T14:45:27.513494"}
{"op_code":9,"worker_id":"ae2f636a-2b97-4668-8891-c0938fede446-139983403692160","trial_id":72,"system_attr":{"nsga2:generation":1}}
{"op_code":5,"worker_id":"ae2f636a-2b97-4668-8891-c0938fede446-139983403692160","trial_id":72,"param_name":"JointSlopeAngle","param_value_internal":0.5667950923055819,"distribution":"{\"name\": \"FloatDistribution\", \"attributes\": {\"step\": null, \"low\": 0.17453292519943295, \"high\": 1.0471975511965976, \"log\": false}}"}
{"op_code":5,"worker_id":"ae2f636a-2b97-4668-8891-c0938fede446-139983403692160","trial_id":72,"param_name":"OuterRadius","param_value_internal":10.859928410892863,"distribution":"{\"name\": \"FloatDistribution\", \"attributes\": {\"step\": null, \"low\": 8.75, \"high\": 17.75, \"log\": false}}"}
{"op_code":5,"worker_id":"ae2f636a-2b97-4668-8891-c0938fede446-139983403692160","trial_id":72,"param_name":"JointHeight","param_value_internal":7.012355191365212,"distribution":"{\"name\": \"FloatDistribution\", \"attributes\": {\"step\": null, \"low\": 5.0, \"high\": 8.0, \"log\": false}}"}
{"op_code":5,"worker_id":"ae2f636a-2b97-4668-8891-c0938fede446-139983403692160","trial_id":72,"param_name":"CavityCorkThickness","param_value_internal":4.623076925633174,"distribution":"{\"name\": \"FloatDistribution\", \"attributes\": {\"step\": null, \"low\": 2.0, \"high\": 5.0, \"log\": false}}"}
{"op_code":5,"worker_id":"ae2f636a-2b97-4668-8891-c0938fede446-139983403692160","trial_id":72,"param_name":"BellowHeight","param_value_internal":7.638603160719915,"distribution":"{\"name\": \"FloatDistribution\", \"attributes\": {\"step\": null, \"low\": 6.0, \"high\": 10.0, \"log\": false}}"}
{"op_code":5,"worker_id":"ae2f636a-2b97-4668-8891-c0938fede446-139983403692160","trial_id":72,"param_name":"WallThickness","param_value_internal":3.495410921003235,"distribution":"{\"name\": \"FloatDistribution\", \"attributes\": {\"step\": null, \"low\": 2.0, \"high\": 4.0, \"log\": false}}"}
{"op_code":5,"worker_id":"ae2f636a-2b97-4668-8891-c0938fede446-139983403692160","trial_id":72,"param_name":"PlateauHeight","param_value_internal":3.50992804875305,"distribution":"{\"name\": \"FloatDistribution\", \"attributes\": {\"step\": null, \"low\": 2.0, \"high\": 4.0, \"log\": false}}"}
{"op_code":6,"worker_id":"e7ae3568-8222-484e-99b5-ffe2a184264a-139627978956928","trial_id":63,"state":1,"values":[-Infinity,-Infinity],"datetime_complete":"2026-06-05T14:45:27.570765"}
{"op_code":4,"worker_id":"e7ae3568-8222-484e-99b5-ffe2a184264a-139627978956928","study_id":0,"datetime_start":"2026-06-05T14:45:27.579352"}
{"op_code":9,"worker_id":"e7ae3568-8222-484e-99b5-ffe2a184264a-139627978956928","trial_id":73,"system_attr":{"nsga2:generation":1}}
{"op_code":5,"worker_id":"e7ae3568-8222-484e-99b5-ffe2a184264a-139627978956928","trial_id":73,"param_name":"JointSlopeAngle","param_value_internal":0.3933549973517566,"distribution":"{\"name\": \"FloatDistribution\", \"attributes\": {\"step\": null, \"low\": 0.17453292519943295, \"high\": 1.0471975511965976, \"log\": false}}"}
{"op_code":5,"worker_id":"e7ae3568-8222-484e-99b5-ffe2a184264a-139627978956928","trial_id":73,"param_name":"OuterRadius","param_value_internal":11.87791494887531,"distribution":"{\"name\": \"FloatDistribution\", \"attributes\": {\"step\": null, \"low\": 8.75, \"high\": 17.75, \"log\": false}}"}
{"op_code":5,"worker_id":"e7ae3568-8222-484e-99b5-ffe2a184264a-139627978956928","trial_id":73,"param_name":"JointHeight","param_value_internal":5.9840918783024355,"distribution":"{\"name\": \"FloatDistribution\", \"attributes\": {\"step\": null, \"low\": 5.0, \"high\": 8.0, \"log\": false}}"}
{"op_code":5,"worker_id":"e7ae3568-8222-484e-99b5-ffe2a184264a-139627978956928","trial_id":73,"param_name":"CavityCorkThickness","param_value_internal":4.647628443327192,"distribution":"{\"name\": \"FloatDistribution\", \"attributes\": {\"step\": null, \"low\": 2.0, \"high\": 5.0, \"log\": false}}"}
{"op_code":5,"worker_id":"e7ae3568-8222-484e-99b5-ffe2a184264a-139627978956928","trial_id":73,"param_name":"BellowHeight","param_value_internal":9.499985107299345,"distribution":"{\"name\": \"FloatDistribution\", \"attributes\": {\"step\": null, \"low\": 6.0, \"high\": 10.0, \"log\": false}}"}
{"op_code":5,"worker_id":"e7ae3568-8222-484e-99b5-ffe2a184264a-139627978956928","trial_id":73,"param_name":"WallThickness","param_value_internal":3.531865930352793,"distribution":"{\"name\": \"FloatDistribution\", \"attributes\": {\"step\": null, \"low\": 2.0, \"high\": 4.0, \"log\": false}}"}
{"op_code":5,"worker_id":"e7ae3568-8222-484e-99b5-ffe2a184264a-139627978956928","trial_id":73,"param_name":"PlateauHeight","param_value_internal":3.251302772305961,"distribution":"{\"name\": \"FloatDistribution\", \"attributes\": {\"step\": null, \"low\": 2.0, \"high\": 4.0, \"log\": false}}"}
{"op_code":6,"worker_id":"9cf67e4b-44d2-4e25-9957-5250bbde3f77-139877855514752","trial_id":64,"state":1,"values":[-Infinity,-Infinity],"datetime_complete":"2026-06-05T14:45:27.644276"}
{"op_code":4,"worker_id":"9cf67e4b-44d2-4e25-9957-5250bbde3f77-139877855514752","study_id":0,"datetime_start":"2026-06-05T14:45:27.652966"}
{"op_code":9,"worker_id":"9cf67e4b-44d2-4e25-9957-5250bbde3f77-139877855514752","trial_id":74,"system_attr":{"nsga2:generation":1}}
{"op_code":5,"worker_id":"9cf67e4b-44d2-4e25-9957-5250bbde3f77-139877855514752","trial_id":74,"param_name":"JointSlopeAngle","param_value_internal":0.6354632026272476,"distribution":"{\"name\": \"FloatDistribution\", \"attributes\": {\"step\": null, \"low\": 0.17453292519943295, \"high\": 1.0471975511965976, \"log\": false}}"}
{"op_code":5,"worker_id":"9cf67e4b-44d2-4e25-9957-5250bbde3f77-139877855514752","trial_id":74,"param_name":"OuterRadius","param_value_internal":17.013912351903407,"distribution":"{\"name\": \"FloatDistribution\", \"attributes\": {\"step\": null, \"low\": 8.75, \"high\": 17.75, \"log\": false}}"}
{"op_code":5,"worker_id":"9cf67e4b-44d2-4e25-9957-5250bbde3f77-139877855514752","trial_id":74,"param_name":"JointHeight","param_value_internal":5.961714743412841,"distribution":"{\"name\": \"FloatDistribution\", \"attributes\": {\"step\": null, \"low\": 5.0, \"high\": 8.0, \"log\": false}}"}
{"op_code":5,"worker_id":"9cf67e4b-44d2-4e25-9957-5250bbde3f77-139877855514752","trial_id":74,"param_name":"CavityCorkThickness","param_value_internal":2.8242347213554306,"distribution":"{\"name\": \"FloatDistribution\", \"attributes\": {\"step\": null, \"low\": 2.0, \"high\": 5.0, \"log\": false}}"}
{"op_code":5,"worker_id":"9cf67e4b-44d2-4e25-9957-5250bbde3f77-139877855514752","trial_id":74,"param_name":"BellowHeight","param_value_internal":7.684229422008298,"distribution":"{\"name\": \"FloatDistribution\", \"attributes\": {\"step\": null, \"low\": 6.0, \"high\": 10.0, \"log\": false}}"}
{"op_code":5,"worker_id":"9cf67e4b-44d2-4e25-9957-5250bbde3f77-139877855514752","trial_id":74,"param_name":"WallThickness","param_value_internal":3.5963388831195653,"distribution":"{\"name\": \"FloatDistribution\", \"attributes\": {\"step\": null, \"low\": 2.0, \"high\": 4.0, \"log\": false}}"}
{"op_code":5,"worker_id":"9cf67e4b-44d2-4e25-9957-5250bbde3f77-139877855514752","trial_id":74,"param_name":"PlateauHeight","param_value_internal":3.272404216179586,"distribution":"{\"name\": \"FloatDistribution\", \"attributes\": {\"step\": null, \"low\": 2.0, \"high\": 4.0, \"log\": false}}"}
{"op_code":6,"worker_id":"3115615d-15e2-425e-a830-e6952de192e8-139673542901888","trial_id":65,"state":1,"values":[-Infinity,-Infinity],"datetime_complete":"2026-06-05T14:45:27.712523"}
{"op_code":4,"worker_id":"3115615d-15e2-425e-a830-e6952de192e8-139673542901888","study_id":0,"datetime_start":"2026-06-05T14:45:27.720530"}
{"op_code":9,"worker_id":"3115615d-15e2-425e-a830-e6952de192e8-139673542901888","trial_id":75,"system_attr":{"nsga2:generation":1}}
{"op_code":5,"worker_id":"3115615d-15e2-425e-a830-e6952de192e8-139673542901888","trial_id":75,"param_name":"JointSlopeAngle","param_value_internal":0.3933549973517566,"distribution":"{\"name\": \"FloatDistribution\", \"attributes\": {\"step\": null, \"low\": 0.17453292519943295, \"high\": 1.0471975511965976, \"log\": false}}"}
{"op_code":5,"worker_id":"3115615d-15e2-425e-a830-e6952de192e8-139673542901888","trial_id":75,"param_name":"OuterRadius","param_value_internal":13.42349295987118,"distribution":"{\"name\": \"FloatDistribution\", \"attributes\": {\"step\": null, \"low\": 8.75, \"high\": 17.75, \"log\": false}}"}
{"op_code":5,"worker_id":"3115615d-15e2-425e-a830-e6952de192e8-139673542901888","trial_id":75,"param_name":"JointHeight","param_value_internal":5.9840918783024355,"distribution":"{\"name\": \"FloatDistribution\", \"attributes\": {\"step\": null, \"low\": 5.0, \"high\": 8.0, \"log\": false}}"}
{"op_code":5,"worker_id":"3115615d-15e2-425e-a830-e6952de192e8-139673542901888","trial_id":75,"param_name":"CavityCorkThickness","param_value_internal":3.5769029157692995,"distribution":"{\"name\": \"FloatDistribution\", \"attributes\": {\"step\": null, \"low\": 2.0, \"high\": 5.0, \"log\": false}}"}
{"op_code":5,"worker_id":"3115615d-15e2-425e-a830-e6952de192e8-139673542901888","trial_id":75,"param_name":"BellowHeight","param_value_internal":9.437284249804287,"distribution":"{\"name\": \"FloatDistribution\", \"attributes\": {\"step\": null, \"low\": 6.0, \"high\": 10.0, \"log\": false}}"}
{"op_code":5,"worker_id":"3115615d-15e2-425e-a830-e6952de192e8-139673542901888","trial_id":75,"param_name":"WallThickness","param_value_internal":3.531865930352793,"distribution":"{\"name\": \"FloatDistribution\", \"attributes\": {\"step\": null, \"low\": 2.0, \"high\": 4.0, \"log\": false}}"}
{"op_code":5,"worker_id":"3115615d-15e2-425e-a830-e6952de192e8-139673542901888","trial_id":75,"param_name":"PlateauHeight","param_value_internal":3.251302772305961,"distribution":"{\"name\": \"FloatDistribution\", \"attributes\": {\"step\": null, \"low\": 2.0, \"high\": 4.0, \"log\": false}}"}
{"op_code":6,"worker_id":"d7f1099c-6ce1-49c6-8266-aacb6a14cf4f-140094272114816","trial_id":66,"state":1,"values":[-Infinity,-Infinity],"datetime_complete":"2026-06-05T14:45:27.781570"}
{"op_code":4,"worker_id":"d7f1099c-6ce1-49c6-8266-aacb6a14cf4f-140094272114816","study_id":0,"datetime_start":"2026-06-05T14:45:27.790679"}
{"op_code":6,"worker_id":"0f7f8cc3-8da6-4cd3-87d7-c3f3d7bc1da7-139835829026944","trial_id":67,"state":1,"values":[-Infinity,-Infinity],"datetime_complete":"2026-06-05T14:45:27.798420"}
{"op_code":9,"worker_id":"d7f1099c-6ce1-49c6-8266-aacb6a14cf4f-140094272114816","trial_id":76,"system_attr":{"nsga2:generation":1}}
{"op_code":5,"worker_id":"d7f1099c-6ce1-49c6-8266-aacb6a14cf4f-140094272114816","trial_id":76,"param_name":"JointSlopeAngle","param_value_internal":0.7313002618292149,"distribution":"{\"name\": \"FloatDistribution\", \"attributes\": {\"step\": null, \"low\": 0.17453292519943295, \"high\": 1.0471975511965976, \"log\": false}}"}
{"op_code":4,"worker_id":"0f7f8cc3-8da6-4cd3-87d7-c3f3d7bc1da7-139835829026944","study_id":0,"datetime_start":"2026-06-05T14:45:27.808647"}
{"op_code":5,"worker_id":"d7f1099c-6ce1-49c6-8266-aacb6a14cf4f-140094272114816","trial_id":76,"param_name":"OuterRadius","param_value_internal":15.09389998447875,"distribution":"{\"name\": \"FloatDistribution\", \"attributes\": {\"step\": null, \"low\": 8.75, \"high\": 17.75, \"log\": false}}"}
{"op_code":5,"worker_id":"d7f1099c-6ce1-49c6-8266-aacb6a14cf4f-140094272114816","trial_id":76,"param_name":"JointHeight","param_value_internal":6.09148199539557,"distribution":"{\"name\": \"FloatDistribution\", \"attributes\": {\"step\": null, \"low\": 5.0, \"high\": 8.0, \"log\": false}}"}
{"op_code":9,"worker_id":"0f7f8cc3-8da6-4cd3-87d7-c3f3d7bc1da7-139835829026944","trial_id":77,"system_attr":{"nsga2:generation":1}}
{"op_code":5,"worker_id":"d7f1099c-6ce1-49c6-8266-aacb6a14cf4f-140094272114816","trial_id":76,"param_name":"CavityCorkThickness","param_value_internal":4.184201497034749,"distribution":"{\"name\": \"FloatDistribution\", \"attributes\": {\"step\": null, \"low\": 2.0, \"high\": 5.0, \"log\": false}}"}
{"op_code":5,"worker_id":"0f7f8cc3-8da6-4cd3-87d7-c3f3d7bc1da7-139835829026944","trial_id":77,"param_name":"JointSlopeAngle","param_value_internal":0.29537131604489125,"distribution":"{\"name\": \"FloatDistribution\", \"attributes\": {\"step\": null, \"low\": 0.17453292519943295, \"high\": 1.0471975511965976, \"log\": false}}"}
{"op_code":5,"worker_id":"d7f1099c-6ce1-49c6-8266-aacb6a14cf4f-140094272114816","trial_id":76,"param_name":"BellowHeight","param_value_internal":7.2575097641795185,"distribution":"{\"name\": \"FloatDistribution\", \"attributes\": {\"step\": null, \"low\": 6.0, \"high\": 10.0, \"log\": false}}"}
{"op_code":5,"worker_id":"0f7f8cc3-8da6-4cd3-87d7-c3f3d7bc1da7-139835829026944","trial_id":77,"param_name":"OuterRadius","param_value_internal":11.87791494887531,"distribution":"{\"name\": \"FloatDistribution\", \"attributes\": {\"step\": null, \"low\": 8.75, \"high\": 17.75, \"log\": false}}"}
{"op_code":5,"worker_id":"d7f1099c-6ce1-49c6-8266-aacb6a14cf4f-140094272114816","trial_id":76,"param_name":"WallThickness","param_value_internal":3.9022968814080263,"distribution":"{\"name\": \"FloatDistribution\", \"attributes\": {\"step\": null, \"low\": 2.0, \"high\": 4.0, \"log\": false}}"}
{"op_code":5,"worker_id":"0f7f8cc3-8da6-4cd3-87d7-c3f3d7bc1da7-139835829026944","trial_id":77,"param_name":"JointHeight","param_value_internal":5.9840918783024355,"distribution":"{\"name\": \"FloatDistribution\", \"attributes\": {\"step\": null, \"low\": 5.0, \"high\": 8.0, \"log\": false}}"}
{"op_code":5,"worker_id":"d7f1099c-6ce1-49c6-8266-aacb6a14cf4f-140094272114816","trial_id":76,"param_name":"PlateauHeight","param_value_internal":2.098131933009829,"distribution":"{\"name\": \"FloatDistribution\", \"attributes\": {\"step\": null, \"low\": 2.0, \"high\": 4.0, \"log\": false}}"}
{"op_code":5,"worker_id":"0f7f8cc3-8da6-4cd3-87d7-c3f3d7bc1da7-139835829026944","trial_id":77,"param_name":"CavityCorkThickness","param_value_internal":4.184201497034749,"distribution":"{\"name\": \"FloatDistribution\", \"attributes\": {\"step\": null, \"low\": 2.0, \"high\": 5.0, \"log\": false}}"}
{"op_code":5,"worker_id":"0f7f8cc3-8da6-4cd3-87d7-c3f3d7bc1da7-139835829026944","trial_id":77,"param_name":"BellowHeight","param_value_internal":6.90156980998054,"distribution":"{\"name\": \"FloatDistribution\", \"attributes\": {\"step\": null, \"low\": 6.0, \"high\": 10.0, \"log\": false}}"}
{"op_code":5,"worker_id":"0f7f8cc3-8da6-4cd3-87d7-c3f3d7bc1da7-139835829026944","trial_id":77,"param_name":"WallThickness","param_value_internal":3.594168557231507,"distribution":"{\"name\": \"FloatDistribution\", \"attributes\": {\"step\": null, \"low\": 2.0, \"high\": 4.0, \"log\": false}}"}
{"op_code":5,"worker_id":"0f7f8cc3-8da6-4cd3-87d7-c3f3d7bc1da7-139835829026944","trial_id":77,"param_name":"PlateauHeight","param_value_internal":2.1924780815839062,"distribution":"{\"name\": \"FloatDistribution\", \"attributes\": {\"step\": null, \"low\": 2.0, \"high\": 4.0, \"log\": false}}"}
{"op_code":6,"worker_id":"0e6a4481-14f1-49ef-a448-becca85dd717-139699220336768","trial_id":68,"state":1,"values":[-Infinity,-Infinity],"datetime_complete":"2026-06-05T14:45:28.054674"}
{"op_code":4,"worker_id":"0e6a4481-14f1-49ef-a448-becca85dd717-139699220336768","study_id":0,"datetime_start":"2026-06-05T14:45:28.063251"}
{"op_code":9,"worker_id":"0e6a4481-14f1-49ef-a448-becca85dd717-139699220336768","trial_id":78,"system_attr":{"nsga2:generation":1}}
{"op_code":5,"worker_id":"0e6a4481-14f1-49ef-a448-becca85dd717-139699220336768","trial_id":78,"param_name":"JointSlopeAngle","param_value_internal":0.7266133210772306,"distribution":"{\"name\": \"FloatDistribution\", \"attributes\": {\"step\": null, \"low\": 0.17453292519943295, \"high\": 1.0471975511965976, \"log\": false}}"}
{"op_code":5,"worker_id":"0e6a4481-14f1-49ef-a448-becca85dd717-139699220336768","trial_id":78,"param_name":"OuterRadius","param_value_internal":10.85356538153712,"distribution":"{\"name\": \"FloatDistribution\", \"attributes\": {\"step\": null, \"low\": 8.75, \"high\": 17.75, \"log\": false}}"}
{"op_code":5,"worker_id":"0e6a4481-14f1-49ef-a448-becca85dd717-139699220336768","trial_id":78,"param_name":"JointHeight","param_value_internal":5.943791620209911,"distribution":"{\"name\": \"FloatDistribution\", \"attributes\": {\"step\": null, \"low\": 5.0, \"high\": 8.0, \"log\": false}}"}
{"op_code":5,"worker_id":"0e6a4481-14f1-49ef-a448-becca85dd717-139699220336768","trial_id":78,"param_name":"CavityCorkThickness","param_value_internal":3.0865683163131075,"distribution":"{\"name\": \"FloatDistribution\", \"attributes\": {\"step\": null, \"low\": 2.0, \"high\": 5.0, \"log\": false}}"}
{"op_code":5,"worker_id":"0e6a4481-14f1-49ef-a448-becca85dd717-139699220336768","trial_id":78,"param_name":"BellowHeight","param_value_internal":9.989215995115373,"distribution":"{\"name\": \"FloatDistribution\", \"attributes\": {\"step\": null, \"low\": 6.0, \"high\": 10.0, \"log\": false}}"}
{"op_code":5,"worker_id":"0e6a4481-14f1-49ef-a448-becca85dd717-139699220336768","trial_id":78,"param_name":"WallThickness","param_value_internal":3.4238961626466073,"distribution":"{\"name\": \"FloatDistribution\", \"attributes\": {\"step\": null, \"low\": 2.0, \"high\": 4.0, \"log\": false}}"}
{"op_code":5,"worker_id":"0e6a4481-14f1-49ef-a448-becca85dd717-139699220336768","trial_id":78,"param_name":"PlateauHeight","param_value_internal":3.820812108365363,"distribution":"{\"name\": \"FloatDistribution\", \"attributes\": {\"step\": null, \"low\": 2.0, \"high\": 4.0, \"log\": false}}"}
{"op_code":6,"worker_id":"993a2bfc-89a2-4bbe-9842-87908979d31a-140400492408960","trial_id":69,"state":1,"values":[-Infinity,-Infinity],"datetime_complete":"2026-06-05T14:45:28.184538"}
{"op_code":4,"worker_id":"993a2bfc-89a2-4bbe-9842-87908979d31a-140400492408960","study_id":0,"datetime_start":"2026-06-05T14:45:28.193473"}
{"op_code":9,"worker_id":"993a2bfc-89a2-4bbe-9842-87908979d31a-140400492408960","trial_id":79,"system_attr":{"nsga2:generation":1}}
{"op_code":5,"worker_id":"993a2bfc-89a2-4bbe-9842-87908979d31a-140400492408960","trial_id":79,"param_name":"JointSlopeAngle","param_value_internal":0.6863714185460353,"distribution":"{\"name\": \"FloatDistribution\", \"attributes\": {\"step\": null, \"low\": 0.17453292519943295, \"high\": 1.0471975511965976, \"log\": false}}"}
{"op_code":5,"worker_id":"993a2bfc-89a2-4bbe-9842-87908979d31a-140400492408960","trial_id":79,"param_name":"OuterRadius","param_value_internal":14.973528359329501,"distribution":"{\"name\": \"FloatDistribution\", \"attributes\": {\"step\": null, \"low\": 8.75, \"high\": 17.75, \"log\": false}}"}
{"op_code":5,"worker_id":"993a2bfc-89a2-4bbe-9842-87908979d31a-140400492408960","trial_id":79,"param_name":"JointHeight","param_value_internal":6.111857165620382,"distribution":"{\"name\": \"FloatDistribution\", \"attributes\": {\"step\": null, \"low\": 5.0, \"high\": 8.0, \"log\": false}}"}
{"op_code":5,"worker_id":"993a2bfc-89a2-4bbe-9842-87908979d31a-140400492408960","trial_id":79,"param_name":"CavityCorkThickness","param_value_internal":4.785868108832487,"distribution":"{\"name\": \"FloatDistribution\", \"attributes\": {\"step\": null, \"low\": 2.0, \"high\": 5.0, \"log\": false}}"}
{"op_code":5,"worker_id":"993a2bfc-89a2-4bbe-9842-87908979d31a-140400492408960","trial_id":79,"param_name":"BellowHeight","param_value_internal":9.880483911695876,"distribution":"{\"name\": \"FloatDistribution\", \"attributes\": {\"step\": null, \"low\": 6.0, \"high\": 10.0, \"log\": false}}"}
{"op_code":5,"worker_id":"993a2bfc-89a2-4bbe-9842-87908979d31a-140400492408960","trial_id":79,"param_name":"WallThickness","param_value_internal":3.674205231908814,"distribution":"{\"name\": \"FloatDistribution\", \"attributes\": {\"step\": null, \"low\": 2.0, \"high\": 4.0, \"log\": false}}"}
{"op_code":5,"worker_id":"993a2bfc-89a2-4bbe-9842-87908979d31a-140400492408960","trial_id":79,"param_name":"PlateauHeight","param_value_internal":3.868828596079391,"distribution":"{\"name\": \"FloatDistribution\", \"attributes\": {\"step\": null, \"low\": 2.0, \"high\": 4.0, \"log\": false}}"}
{"op_code":6,"worker_id":"87c6a3ff-c7c5-4556-a5ff-f21f3c0a8de0-139968018595968","trial_id":70,"state":1,"values":[-Infinity,-Infinity],"datetime_complete":"2026-06-05T14:45:28.440792"}
{"op_code":4,"worker_id":"87c6a3ff-c7c5-4556-a5ff-f21f3c0a8de0-139968018595968","study_id":0,"datetime_start":"2026-06-05T14:45:28.449851"}
{"op_code":6,"worker_id":"af25c4c9-ebe0-4936-b2cf-e7e559b16ed8-139972205617280","trial_id":71,"state":1,"values":[-Infinity,-Infinity],"datetime_complete":"2026-06-05T14:45:28.456978"}
{"op_code":9,"worker_id":"87c6a3ff-c7c5-4556-a5ff-f21f3c0a8de0-139968018595968","trial_id":80,"system_attr":{"nsga2:generation":1}}
{"op_code":5,"worker_id":"87c6a3ff-c7c5-4556-a5ff-f21f3c0a8de0-139968018595968","trial_id":80,"param_name":"JointSlopeAngle","param_value_internal":0.5927766967523548,"distribution":"{\"name\": \"FloatDistribution\", \"attributes\": {\"step\": null, \"low\": 0.17453292519943295, \"high\": 1.0471975511965976, \"log\": false}}"}
{"op_code":4,"worker_id":"af25c4c9-ebe0-4936-b2cf-e7e559b16ed8-139972205617280","study_id":0,"datetime_start":"2026-06-05T14:45:28.466911"}
{"op_code":5,"worker_id":"87c6a3ff-c7c5-4556-a5ff-f21f3c0a8de0-139968018595968","trial_id":80,"param_name":"OuterRadius","param_value_internal":13.464838255010699,"distribution":"{\"name\": \"FloatDistribution\", \"attributes\": {\"step\": null, \"low\": 8.75, \"high\": 17.75, \"log\": false}}"}
{"op_code":5,"worker_id":"87c6a3ff-c7c5-4556-a5ff-f21f3c0a8de0-139968018595968","trial_id":80,"param_name":"JointHeight","param_value_internal":5.529240298587887,"distribution":"{\"name\": \"FloatDistribution\", \"attributes\": {\"step\": null, \"low\": 5.0, \"high\": 8.0, \"log\": false}}"}
{"op_code":9,"worker_id":"af25c4c9-ebe0-4936-b2cf-e7e559b16ed8-139972205617280","trial_id":81,"system_attr":{"nsga2:generation":1}}
{"op_code":5,"worker_id":"87c6a3ff-c7c5-4556-a5ff-f21f3c0a8de0-139968018595968","trial_id":80,"param_name":"CavityCorkThickness","param_value_internal":2.6668987570987035,"distribution":"{\"name\": \"FloatDistribution\", \"attributes\": {\"step\": null, \"low\": 2.0, \"high\": 5.0, \"log\": false}}"}
{"op_code":5,"worker_id":"af25c4c9-ebe0-4936-b2cf-e7e559b16ed8-139972205617280","trial_id":81,"param_name":"JointSlopeAngle","param_value_internal":0.48197372191592136,"distribution":"{\"name\": \"FloatDistribution\", \"attributes\": {\"step\": null, \"low\": 0.17453292519943295, \"high\": 1.0471975511965976, \"log\": false}}"}
{"op_code":5,"worker_id":"87c6a3ff-c7c5-4556-a5ff-f21f3c0a8de0-139968018595968","trial_id":80,"param_name":"BellowHeight","param_value_internal":9.671788880146684,"distribution":"{\"name\": \"FloatDistribution\", \"attributes\": {\"step\": null, \"low\": 6.0, \"high\": 10.0, \"log\": false}}"}
{"op_code":5,"worker_id":"af25c4c9-ebe0-4936-b2cf-e7e559b16ed8-139972205617280","trial_id":81,"param_name":"OuterRadius","param_value_internal":10.036270352627877,"distribution":"{\"name\": \"FloatDistribution\", \"attributes\": {\"step\": null, \"low\": 8.75, \"high\": 17.75, \"log\": false}}"}
{"op_code":5,"worker_id":"87c6a3ff-c7c5-4556-a5ff-f21f3c0a8de0-139968018595968","trial_id":80,"param_name":"WallThickness","param_value_internal":3.466603693675551,"distribution":"{\"name\": \"FloatDistribution\", \"attributes\": {\"step\": null, \"low\": 2.0, \"high\": 4.0, \"log\": false}}"}
{"op_code":5,"worker_id":"af25c4c9-ebe0-4936-b2cf-e7e559b16ed8-139972205617280","trial_id":81,"param_name":"JointHeight","param_value_internal":6.93549820574824,"distribution":"{\"name\": \"FloatDistribution\", \"attributes\": {\"step\": null, \"low\": 5.0, \"high\": 8.0, \"log\": false}}"}
{"op_code":5,"worker_id":"87c6a3ff-c7c5-4556-a5ff-f21f3c0a8de0-139968018595968","trial_id":80,"param_name":"PlateauHeight","param_value_internal":3.992149411232913,"distribution":"{\"name\": \"FloatDistribution\", \"attributes\": {\"step\": null, \"low\": 2.0, \"high\": 4.0, \"log\": false}}"}
{"op_code":5,"worker_id":"af25c4c9-ebe0-4936-b2cf-e7e559b16ed8-139972205617280","trial_id":81,"param_name":"CavityCorkThickness","param_value_internal":2.3912943998251013,"distribution":"{\"name\": \"FloatDistribution\", \"attributes\": {\"step\": null, \"low\": 2.0, \"high\": 5.0, \"log\": false}}"}
{"op_code":5,"worker_id":"af25c4c9-ebe0-4936-b2cf-e7e559b16ed8-139972205617280","trial_id":81,"param_name":"BellowHeight","param_value_internal":9.858462082308218,"distribution":"{\"name\": \"FloatDistribution\", \"attributes\": {\"step\": null, \"low\": 6.0, \"high\": 10.0, \"log\": false}}"}
{"op_code":5,"worker_id":"af25c4c9-ebe0-4936-b2cf-e7e559b16ed8-139972205617280","trial_id":81,"param_name":"WallThickness","param_value_internal":2.1869914509124855,"distribution":"{\"name\": \"FloatDistribution\", \"attributes\": {\"step\": null, \"low\": 2.0, \"high\": 4.0, \"log\": false}}"}
{"op_code":5,"worker_id":"af25c4c9-ebe0-4936-b2cf-e7e559b16ed8-139972205617280","trial_id":81,"param_name":"PlateauHeight","param_value_internal":2.622973867277339,"distribution":"{\"name\": \"FloatDistribution\", \"attributes\": {\"step\": null, \"low\": 2.0, \"high\": 4.0, \"log\": false}}"}
{"op_code":6,"worker_id":"ae2f636a-2b97-4668-8891-c0938fede446-139983403692160","trial_id":72,"state":1,"values":[-Infinity,-Infinity],"datetime_complete":"2026-06-05T14:45:28.603154"}
{"op_code":4,"worker_id":"ae2f636a-2b97-4668-8891-c0938fede446-139983403692160","study_id":0,"datetime_start":"2026-06-05T14:45:28.612137"}
{"op_code":9,"worker_id":"ae2f636a-2b97-4668-8891-c0938fede446-139983403692160","trial_id":82,"system_attr":{"nsga2:generation":1}}
{"op_code":5,"worker_id":"ae2f636a-2b97-4668-8891-c0938fede446-139983403692160","trial_id":82,"param_name":"JointSlopeAngle","param_value_internal":0.8593449827594832,"distribution":"{\"name\": \"FloatDistribution\", \"attributes\": {\"step\": null, \"low\": 0.17453292519943295, \"high\": 1.0471975511965976, \"log\": false}}"}
{"op_code":5,"worker_id":"ae2f636a-2b97-4668-8891-c0938fede446-139983403692160","trial_id":82,"param_name":"OuterRadius","param_value_internal":8.982191596408537,"distribution":"{\"name\": \"FloatDistribution\", \"attributes\": {\"step\": null, \"low\": 8.75, \"high\": 17.75, \"log\": false}}"}
{"op_code":5,"worker_id":"ae2f636a-2b97-4668-8891-c0938fede446-139983403692160","trial_id":82,"param_name":"JointHeight","param_value_internal":7.6427868005532025,"distribution":"{\"name\": \"FloatDistribution\", \"attributes\": {\"step\": null, \"low\": 5.0, \"high\": 8.0, \"log\": false}}"}
{"op_code":5,"worker_id":"ae2f636a-2b97-4668-8891-c0938fede446-139983403692160","trial_id":82,"param_name":"CavityCorkThickness","param_value_internal":4.749795207893943,"distribution":"{\"name\": \"FloatDistribution\", \"attributes\": {\"step\": null, \"low\": 2.0, \"high\": 5.0, \"log\": false}}"}
{"op_code":5,"worker_id":"ae2f636a-2b97-4668-8891-c0938fede446-139983403692160","trial_id":82,"param_name":"BellowHeight","param_value_internal":7.041955000138389,"distribution":"{\"name\": \"FloatDistribution\", \"attributes\": {\"step\": null, \"low\": 6.0, \"high\": 10.0, \"log\": false}}"}
{"op_code":5,"worker_id":"ae2f636a-2b97-4668-8891-c0938fede446-139983403692160","trial_id":82,"param_name":"WallThickness","param_value_internal":3.7890371551856354,"distribution":"{\"name\": \"FloatDistribution\", \"attributes\": {\"step\": null, \"low\": 2.0, \"high\": 4.0, \"log\": false}}"}
{"op_code":5,"worker_id":"ae2f636a-2b97-4668-8891-c0938fede446-139983403692160","trial_id":82,"param_name":"PlateauHeight","param_value_internal":2.1068388851671784,"distribution":"{\"name\": \"FloatDistribution\", \"attributes\": {\"step\": null, \"low\": 2.0, \"high\": 4.0, \"log\": false}}"}
{"op_code":6,"worker_id":"e7ae3568-8222-484e-99b5-ffe2a184264a-139627978956928","trial_id":73,"state":1,"values":[-Infinity,-Infinity],"datetime_complete":"2026-06-05T14:45:28.667559"}
{"op_code":4,"worker_id":"e7ae3568-8222-484e-99b5-ffe2a184264a-139627978956928","study_id":0,"datetime_start":"2026-06-05T14:45:28.675720"}
{"op_code":9,"worker_id":"e7ae3568-8222-484e-99b5-ffe2a184264a-139627978956928","trial_id":83,"system_attr":{"nsga2:generation":1}}
{"op_code":5,"worker_id":"e7ae3568-8222-484e-99b5-ffe2a184264a-139627978956928","trial_id":83,"param_name":"JointSlopeAngle","param_value_internal":0.5609124850478059,"distribution":"{\"name\": \"FloatDistribution\", \"attributes\": {\"step\": null, \"low\": 0.17453292519943295, \"high\": 1.0471975511965976, \"log\": false}}"}
{"op_code":5,"worker_id":"e7ae3568-8222-484e-99b5-ffe2a184264a-139627978956928","trial_id":83,"param_name":"OuterRadius","param_value_internal":10.667377875176904,"distribution":"{\"name\": \"FloatDistribution\", \"attributes\": {\"step\": null, \"low\": 8.75, \"high\": 17.75, \"log\": false}}"}
{"op_code":5,"worker_id":"e7ae3568-8222-484e-99b5-ffe2a184264a-139627978956928","trial_id":83,"param_name":"JointHeight","param_value_internal":5.715986554249182,"distribution":"{\"name\": \"FloatDistribution\", \"attributes\": {\"step\": null, \"low\": 5.0, \"high\": 8.0, \"log\": false}}"}
{"op_code":5,"worker_id":"e7ae3568-8222-484e-99b5-ffe2a184264a-139627978956928","trial_id":83,"param_name":"CavityCorkThickness","param_value_internal":2.3912943998251013,"distribution":"{\"name\": \"FloatDistribution\", \"attributes\": {\"step\": null, \"low\": 2.0, \"high\": 5.0, \"log\": false}}"}
{"op_code":5,"worker_id":"e7ae3568-8222-484e-99b5-ffe2a184264a-139627978956928","trial_id":83,"param_name":"BellowHeight","param_value_internal":8.72049895498809,"distribution":"{\"name\": \"FloatDistribution\", \"attributes\": {\"step\": null, \"low\": 6.0, \"high\": 10.0, \"log\": false}}"}
{"op_code":5,"worker_id":"e7ae3568-8222-484e-99b5-ffe2a184264a-139627978956928","trial_id":83,"param_name":"WallThickness","param_value_internal":2.2160517166246807,"distribution":"{\"name\": \"FloatDistribution\", \"attributes\": {\"step\": null, \"low\": 2.0, \"high\": 4.0, \"log\": false}}"}
{"op_code":5,"worker_id":"e7ae3568-8222-484e-99b5-ffe2a184264a-139627978956928","trial_id":83,"param_name":"PlateauHeight","param_value_internal":3.193080309953203,"distribution":"{\"name\": \"FloatDistribution\", \"attributes\": {\"step\": null, \"low\": 2.0, \"high\": 4.0, \"log\": false}}"}
{"op_code":6,"worker_id":"9cf67e4b-44d2-4e25-9957-5250bbde3f77-139877855514752","trial_id":74,"state":1,"values":[-Infinity,-Infinity],"datetime_complete":"2026-06-05T14:45:28.752194"}
{"op_code":4,"worker_id":"9cf67e4b-44d2-4e25-9957-5250bbde3f77-139877855514752","study_id":0,"datetime_start":"2026-06-05T14:45:28.760275"}
{"op_code":9,"worker_id":"9cf67e4b-44d2-4e25-9957-5250bbde3f77-139877855514752","trial_id":84,"system_attr":{"nsga2:generation":1}}
{"op_code":5,"worker_id":"9cf67e4b-44d2-4e25-9957-5250bbde3f77-139877855514752","trial_id":84,"param_name":"JointSlopeAngle","param_value_internal":0.4751711861726071,"distribution":"{\"name\": \"FloatDistribution\", \"attributes\": {\"step\": null, \"low\": 0.17453292519943295, \"high\": 1.0471975511965976, \"log\": false}}"}
{"op_code":5,"worker_id":"9cf67e4b-44d2-4e25-9957-5250bbde3f77-139877855514752","trial_id":84,"param_name":"OuterRadius","param_value_internal":8.824728470328797,"distribution":"{\"name\": \"FloatDistribution\", \"attributes\": {\"step\": null, \"low\": 8.75, \"high\": 17.75, \"log\": false}}"}
{"op_code":5,"worker_id":"9cf67e4b-44d2-4e25-9957-5250bbde3f77-139877855514752","trial_id":84,"param_name":"JointHeight","param_value_internal":7.586438817440528,"distribution":"{\"name\": \"FloatDistribution\", \"attributes\": {\"step\": null, \"low\": 5.0, \"high\": 8.0, \"log\": false}}"}
{"op_code":6,"worker_id":"3115615d-15e2-425e-a830-e6952de192e8-139673542901888","trial_id":75,"state":1,"values":[-Infinity,-Infinity],"datetime_complete":"2026-06-05T14:45:28.786771"}
{"op_code":5,"worker_id":"9cf67e4b-44d2-4e25-9957-5250bbde3f77-139877855514752","trial_id":84,"param_name":"CavityCorkThickness","param_value_internal":4.677634342687011,"distribution":"{\"name\": \"FloatDistribution\", \"attributes\": {\"step\": null, \"low\": 2.0, \"high\": 5.0, \"log\": false}}"}
{"op_code":5,"worker_id":"9cf67e4b-44d2-4e25-9957-5250bbde3f77-139877855514752","trial_id":84,"param_name":"BellowHeight","param_value_internal":9.571475571667124,"distribution":"{\"name\": \"FloatDistribution\", \"attributes\": {\"step\": null, \"low\": 6.0, \"high\": 10.0, \"log\": false}}"}
{"op_code":4,"worker_id":"3115615d-15e2-425e-a830-e6952de192e8-139673542901888","study_id":0,"datetime_start":"2026-06-05T14:45:28.797937"}
{"op_code":5,"worker_id":"9cf67e4b-44d2-4e25-9957-5250bbde3f77-139877855514752","trial_id":84,"param_name":"WallThickness","param_value_internal":3.361490715453284,"distribution":"{\"name\": \"FloatDistribution\", \"attributes\": {\"step\": null, \"low\": 2.0, \"high\": 4.0, \"log\": false}}"}
{"op_code":5,"worker_id":"9cf67e4b-44d2-4e25-9957-5250bbde3f77-139877855514752","trial_id":84,"param_name":"PlateauHeight","param_value_internal":3.50792810724374,"distribution":"{\"name\": \"FloatDistribution\", \"attributes\": {\"step\": null, \"low\": 2.0, \"high\": 4.0, \"log\": false}}"}
{"op_code":9,"worker_id":"3115615d-15e2-425e-a830-e6952de192e8-139673542901888","trial_id":85,"system_attr":{"nsga2:generation":1}}
{"op_code":5,"worker_id":"3115615d-15e2-425e-a830-e6952de192e8-139673542901888","trial_id":85,"param_name":"JointSlopeAngle","param_value_internal":0.9235222968570441,"distribution":"{\"name\": \"FloatDistribution\", \"attributes\": {\"step\": null, \"low\": 0.17453292519943295, \"high\": 1.0471975511965976, \"log\": false}}"}
{"op_code":5,"worker_id":"3115615d-15e2-425e-a830-e6952de192e8-139673542901888","trial_id":85,"param_name":"OuterRadius","param_value_internal":14.302113907402612,"distribution":"{\"name\": \"FloatDistribution\", \"attributes\": {\"step\": null, \"low\": 8.75, \"high\": 17.75, \"log\": false}}"}
{"op_code":5,"worker_id":"3115615d-15e2-425e-a830-e6952de192e8-139673542901888","trial_id":85,"param_name":"JointHeight","param_value_internal":5.13447765838213,"distribution":"{\"name\": \"FloatDistribution\", \"attributes\": {\"step\": null, \"low\": 5.0, \"high\": 8.0, \"log\": false}}"}
{"op_code":5,"worker_id":"3115615d-15e2-425e-a830-e6952de192e8-139673542901888","trial_id":85,"param_name":"CavityCorkThickness","param_value_internal":4.141379987021796,"distribution":"{\"name\": \"FloatDistribution\", \"attributes\": {\"step\": null, \"low\": 2.0, \"high\": 5.0, \"log\": false}}"}
{"op_code":5,"worker_id":"3115615d-15e2-425e-a830-e6952de192e8-139673542901888","trial_id":85,"param_name":"BellowHeight","param_value_internal":6.919378709877128,"distribution":"{\"name\": \"FloatDistribution\", \"attributes\": {\"step\": null, \"low\": 6.0, \"high\": 10.0, \"log\": false}}"}
{"op_code":5,"worker_id":"3115615d-15e2-425e-a830-e6952de192e8-139673542901888","trial_id":85,"param_name":"WallThickness","param_value_internal":2.506333406866643,"distribution":"{\"name\": \"FloatDistribution\", \"attributes\": {\"step\": null, \"low\": 2.0, \"high\": 4.0, \"log\": false}}"}
{"op_code":5,"worker_id":"3115615d-15e2-425e-a830-e6952de192e8-139673542901888","trial_id":85,"param_name":"PlateauHeight","param_value_internal":3.546856083649842,"distribution":"{\"name\": \"FloatDistribution\", \"attributes\": {\"step\": null, \"low\": 2.0, \"high\": 4.0, \"log\": false}}"}
{"op_code":6,"worker_id":"d7f1099c-6ce1-49c6-8266-aacb6a14cf4f-140094272114816","trial_id":76,"state":1,"values":[-Infinity,-Infinity],"datetime_complete":"2026-06-05T14:45:28.893852"}
{"op_code":4,"worker_id":"d7f1099c-6ce1-49c6-8266-aacb6a14cf4f-140094272114816","study_id":0,"datetime_start":"2026-06-05T14:45:28.902756"}
{"op_code":9,"worker_id":"d7f1099c-6ce1-49c6-8266-aacb6a14cf4f-140094272114816","trial_id":86,"system_attr":{"nsga2:generation":1}}
{"op_code":6,"worker_id":"0f7f8cc3-8da6-4cd3-87d7-c3f3d7bc1da7-139835829026944","trial_id":77,"state":1,"values":[-Infinity,-Infinity],"datetime_complete":"2026-06-05T14:45:28.912126"}
{"op_code":5,"worker_id":"d7f1099c-6ce1-49c6-8266-aacb6a14cf4f-140094272114816","trial_id":86,"param_name":"JointSlopeAngle","param_value_internal":0.38369525621113465,"distribution":"{\"name\": \"FloatDistribution\", \"attributes\": {\"step\": null, \"low\": 0.17453292519943295, \"high\": 1.0471975511965976, \"log\": false}}"}
{"op_code":5,"worker_id":"d7f1099c-6ce1-49c6-8266-aacb6a14cf4f-140094272114816","trial_id":86,"param_name":"OuterRadius","param_value_internal":16.97599141270407,"distribution":"{\"name\": \"FloatDistribution\", \"attributes\": {\"step\": null, \"low\": 8.75, \"high\": 17.75, \"log\": false}}"}
{"op_code":4,"worker_id":"0f7f8cc3-8da6-4cd3-87d7-c3f3d7bc1da7-139835829026944","study_id":0,"datetime_start":"2026-06-05T14:45:28.925409"}
{"op_code":5,"worker_id":"d7f1099c-6ce1-49c6-8266-aacb6a14cf4f-140094272114816","trial_id":86,"param_name":"JointHeight","param_value_internal":5.602529311778092,"distribution":"{\"name\": \"FloatDistribution\", \"attributes\": {\"step\": null, \"low\": 5.0, \"high\": 8.0, \"log\": false}}"}
{"op_code":5,"worker_id":"d7f1099c-6ce1-49c6-8266-aacb6a14cf4f-140094272114816","trial_id":86,"param_name":"CavityCorkThickness","param_value_internal":3.651342739530118,"distribution":"{\"name\": \"FloatDistribution\", \"attributes\": {\"step\": null, \"low\": 2.0, \"high\": 5.0, \"log\": false}}"}
{"op_code":9,"worker_id":"0f7f8cc3-8da6-4cd3-87d7-c3f3d7bc1da7-139835829026944","trial_id":87,"system_attr":{"nsga2:generation":1}}
{"op_code":5,"worker_id":"d7f1099c-6ce1-49c6-8266-aacb6a14cf4f-140094272114816","trial_id":86,"param_name":"BellowHeight","param_value_internal":8.883930382489009,"distribution":"{\"name\": \"FloatDistribution\", \"attributes\": {\"step\": null, \"low\": 6.0, \"high\": 10.0, \"log\": false}}"}
{"op_code":5,"worker_id":"d7f1099c-6ce1-49c6-8266-aacb6a14cf4f-140094272114816","trial_id":86,"param_name":"WallThickness","param_value_internal":2.411235411757967,"distribution":"{\"name\": \"FloatDistribution\", \"attributes\": {\"step\": null, \"low\": 2.0, \"high\": 4.0, \"log\": false}}"}
{"op_code":5,"worker_id":"d7f1099c-6ce1-49c6-8266-aacb6a14cf4f-140094272114816","trial_id":86,"param_name":"PlateauHeight","param_value_internal":2.938487650943231,"distribution":"{\"name\": \"FloatDistribution\", \"attributes\": {\"step\": null, \"low\": 2.0, \"high\": 4.0, \"log\": false}}"}
{"op_code":5,"worker_id":"0f7f8cc3-8da6-4cd3-87d7-c3f3d7bc1da7-139835829026944","trial_id":87,"param_name":"JointSlopeAngle","param_value_internal":0.34371802382662564,"distribution":"{\"name\": \"FloatDistribution\", \"attributes\": {\"step\": null, \"low\": 0.17453292519943295, \"high\": 1.0471975511965976, \"log\": false}}"}
{"op_code":5,"worker_id":"0f7f8cc3-8da6-4cd3-87d7-c3f3d7bc1da7-139835829026944","trial_id":87,"param_name":"OuterRadius","param_value_internal":11.87791494887531,"distribution":"{\"name\": \"FloatDistribution\", \"attributes\": {\"step\": null, \"low\": 8.75, \"high\": 17.75, \"log\": false}}"}
{"op_code":5,"worker_id":"0f7f8cc3-8da6-4cd3-87d7-c3f3d7bc1da7-139835829026944","trial_id":87,"param_name":"JointHeight","param_value_internal":7.815312876551462,"distribution":"{\"name\": \"FloatDistribution\", \"attributes\": {\"step\": null, \"low\": 5.0, \"high\": 8.0, \"log\": false}}"}
{"op_code":5,"worker_id":"0f7f8cc3-8da6-4cd3-87d7-c3f3d7bc1da7-139835829026944","trial_id":87,"param_name":"CavityCorkThickness","param_value_internal":3.671525387100867,"distribution":"{\"name\": \"FloatDistribution\", \"attributes\": {\"step\": null, \"low\": 2.0, \"high\": 5.0, \"log\": false}}"}
{"op_code":5,"worker_id":"0f7f8cc3-8da6-4cd3-87d7-c3f3d7bc1da7-139835829026944","trial_id":87,"param_name":"BellowHeight","param_value_internal":7.582413814303038,"distribution":"{\"name\": \"FloatDistribution\", \"attributes\": {\"step\": null, \"low\": 6.0, \"high\": 10.0, \"log\": false}}"}
{"op_code":5,"worker_id":"0f7f8cc3-8da6-4cd3-87d7-c3f3d7bc1da7-139835829026944","trial_id":87,"param_name":"WallThickness","param_value_internal":3.531865930352793,"distribution":"{\"name\": \"FloatDistribution\", \"attributes\": {\"step\": null, \"low\": 2.0, \"high\": 4.0, \"log\": false}}"}
{"op_code":5,"worker_id":"0f7f8cc3-8da6-4cd3-87d7-c3f3d7bc1da7-139835829026944","trial_id":87,"param_name":"PlateauHeight","param_value_internal":3.546856083649842,"distribution":"{\"name\": \"FloatDistribution\", \"attributes\": {\"step\": null, \"low\": 2.0, \"high\": 4.0, \"log\": false}}"}
{"op_code":6,"worker_id":"0e6a4481-14f1-49ef-a448-becca85dd717-139699220336768","trial_id":78,"state":1,"values":[-Infinity,-Infinity],"datetime_complete":"2026-06-05T14:45:29.148225"}
{"op_code":4,"worker_id":"0e6a4481-14f1-49ef-a448-becca85dd717-139699220336768","study_id":0,"datetime_start":"2026-06-05T14:45:29.156819"}
{"op_code":9,"worker_id":"0e6a4481-14f1-49ef-a448-becca85dd717-139699220336768","trial_id":88,"system_attr":{"nsga2:generation":1}}
{"op_code":5,"worker_id":"0e6a4481-14f1-49ef-a448-becca85dd717-139699220336768","trial_id":88,"param_name":"JointSlopeAngle","param_value_internal":0.647393250406718,"distribution":"{\"name\": \"FloatDistribution\", \"attributes\": {\"step\": null, \"low\": 0.17453292519943295, \"high\": 1.0471975511965976, \"log\": false}}"}
{"op_code":5,"worker_id":"0e6a4481-14f1-49ef-a448-becca85dd717-139699220336768","trial_id":88,"param_name":"OuterRadius","param_value_internal":16.49379474924403,"distribution":"{\"name\": \"FloatDistribution\", \"attributes\": {\"step\": null, \"low\": 8.75, \"high\": 17.75, \"log\": false}}"}
{"op_code":5,"worker_id":"0e6a4481-14f1-49ef-a448-becca85dd717-139699220336768","trial_id":88,"param_name":"JointHeight","param_value_internal":5.125185201442026,"distribution":"{\"name\": \"FloatDistribution\", \"attributes\": {\"step\": null, \"low\": 5.0, \"high\": 8.0, \"log\": false}}"}
{"op_code":5,"worker_id":"0e6a4481-14f1-49ef-a448-becca85dd717-139699220336768","trial_id":88,"param_name":"CavityCorkThickness","param_value_internal":3.9549373571862425,"distribution":"{\"name\": \"FloatDistribution\", \"attributes\": {\"step\": null, \"low\": 2.0, \"high\": 5.0, \"log\": false}}"}
{"op_code":5,"worker_id":"0e6a4481-14f1-49ef-a448-becca85dd717-139699220336768","trial_id":88,"param_name":"BellowHeight","param_value_internal":9.002858803178768,"distribution":"{\"name\": \"FloatDistribution\", \"attributes\": {\"step\": null, \"low\": 6.0, \"high\": 10.0, \"log\": false}}"}
{"op_code":5,"worker_id":"0e6a4481-14f1-49ef-a448-becca85dd717-139699220336768","trial_id":88,"param_name":"WallThickness","param_value_internal":2.2360953386712454,"distribution":"{\"name\": \"FloatDistribution\", \"attributes\": {\"step\": null, \"low\": 2.0, \"high\": 4.0, \"log\": false}}"}
{"op_code":5,"worker_id":"0e6a4481-14f1-49ef-a448-becca85dd717-139699220336768","trial_id":88,"param_name":"PlateauHeight","param_value_internal":2.779588437232758,"distribution":"{\"name\": \"FloatDistribution\", \"attributes\": {\"step\": null, \"low\": 2.0, \"high\": 4.0, \"log\": false}}"}
{"op_code":6,"worker_id":"993a2bfc-89a2-4bbe-9842-87908979d31a-140400492408960","trial_id":79,"state":1,"values":[-Infinity,-Infinity],"datetime_complete":"2026-06-05T14:45:29.309411"}
{"op_code":4,"worker_id":"993a2bfc-89a2-4bbe-9842-87908979d31a-140400492408960","study_id":0,"datetime_start":"2026-06-05T14:45:29.318705"}
{"op_code":9,"worker_id":"993a2bfc-89a2-4bbe-9842-87908979d31a-140400492408960","trial_id":89,"system_attr":{"nsga2:generation":1}}
{"op_code":5,"worker_id":"993a2bfc-89a2-4bbe-9842-87908979d31a-140400492408960","trial_id":89,"param_name":"JointSlopeAngle","param_value_internal":0.6863714185460353,"distribution":"{\"name\": \"FloatDistribution\", \"attributes\": {\"step\": null, \"low\": 0.17453292519943295, \"high\": 1.0471975511965976, \"log\": false}}"}
{"op_code":5,"worker_id":"993a2bfc-89a2-4bbe-9842-87908979d31a-140400492408960","trial_id":89,"param_name":"OuterRadius","param_value_internal":9.925749313399216,"distribution":"{\"name\": \"FloatDistribution\", \"attributes\": {\"step\": null, \"low\": 8.75, \"high\": 17.75, \"log\": false}}"}
{"op_code":5,"worker_id":"993a2bfc-89a2-4bbe-9842-87908979d31a-140400492408960","trial_id":89,"param_name":"JointHeight","param_value_internal":6.491812216557473,"distribution":"{\"name\": \"FloatDistribution\", \"attributes\": {\"step\": null, \"low\": 5.0, \"high\": 8.0, \"log\": false}}"}
{"op_code":5,"worker_id":"993a2bfc-89a2-4bbe-9842-87908979d31a-140400492408960","trial_id":89,"param_name":"CavityCorkThickness","param_value_internal":2.934983003459322,"distribution":"{\"name\": \"FloatDistribution\", \"attributes\": {\"step\": null, \"low\": 2.0, \"high\": 5.0, \"log\": false}}"}
{"op_code":5,"worker_id":"993a2bfc-89a2-4bbe-9842-87908979d31a-140400492408960","trial_id":89,"param_name":"BellowHeight","param_value_internal":7.400438358439045,"distribution":"{\"name\": \"FloatDistribution\", \"attributes\": {\"step\": null, \"low\": 6.0, \"high\": 10.0, \"log\": false}}"}
{"op_code":5,"worker_id":"993a2bfc-89a2-4bbe-9842-87908979d31a-140400492408960","trial_id":89,"param_name":"WallThickness","param_value_internal":3.674205231908814,"distribution":"{\"name\": \"FloatDistribution\", \"attributes\": {\"step\": null, \"low\": 2.0, \"high\": 4.0, \"log\": false}}"}
{"op_code":5,"worker_id":"993a2bfc-89a2-4bbe-9842-87908979d31a-140400492408960","trial_id":89,"param_name":"PlateauHeight","param_value_internal":2.1261842485976574,"distribution":"{\"name\": \"FloatDistribution\", \"attributes\": {\"step\": null, \"low\": 2.0, \"high\": 4.0, \"log\": false}}"}
{"op_code":6,"worker_id":"87c6a3ff-c7c5-4556-a5ff-f21f3c0a8de0-139968018595968","trial_id":80,"state":1,"values":[-Infinity,-Infinity],"datetime_complete":"2026-06-05T14:45:29.559992"}
{"op_code":4,"worker_id":"87c6a3ff-c7c5-4556-a5ff-f21f3c0a8de0-139968018595968","study_id":0,"datetime_start":"2026-06-05T14:45:29.570669"}
{"op_code":6,"worker_id":"af25c4c9-ebe0-4936-b2cf-e7e559b16ed8-139972205617280","trial_id":81,"state":1,"values":[-Infinity,-Infinity],"datetime_complete":"2026-06-05T14:45:29.576905"}
{"op_code":9,"worker_id":"87c6a3ff-c7c5-4556-a5ff-f21f3c0a8de0-139968018595968","trial_id":90,"system_attr":{"nsga2:generation":1}}
{"op_code":5,"worker_id":"87c6a3ff-c7c5-4556-a5ff-f21f3c0a8de0-139968018595968","trial_id":90,"param_name":"JointSlopeAngle","param_value_internal":0.9720964754245123,"distribution":"{\"name\": \"FloatDistribution\", \"attributes\": {\"step\": null, \"low\": 0.17453292519943295, \"high\": 1.0471975511965976, \"log\": false}}"}
{"op_code":4,"worker_id":"af25c4c9-ebe0-4936-b2cf-e7e559b16ed8-139972205617280","study_id":0,"datetime_start":"2026-06-05T14:45:29.588379"}
{"op_code":5,"worker_id":"87c6a3ff-c7c5-4556-a5ff-f21f3c0a8de0-139968018595968","trial_id":90,"param_name":"OuterRadius","param_value_internal":10.726490363503732,"distribution":"{\"name\": \"FloatDistribution\", \"attributes\": {\"step\": null, \"low\": 8.75, \"high\": 17.75, \"log\": false}}"}
{"op_code":5,"worker_id":"87c6a3ff-c7c5-4556-a5ff-f21f3c0a8de0-139968018595968","trial_id":90,"param_name":"JointHeight","param_value_internal":7.051388720716195,"distribution":"{\"name\": \"FloatDistribution\", \"attributes\": {\"step\": null, \"low\": 5.0, \"high\": 8.0, \"log\": false}}"}
{"op_code":9,"worker_id":"af25c4c9-ebe0-4936-b2cf-e7e559b16ed8-139972205617280","trial_id":91,"system_attr":{"nsga2:generation":1}}
{"op_code":5,"worker_id":"87c6a3ff-c7c5-4556-a5ff-f21f3c0a8de0-139968018595968","trial_id":90,"param_name":"CavityCorkThickness","param_value_internal":3.6196511086943763,"distribution":"{\"name\": \"FloatDistribution\", \"attributes\": {\"step\": null, \"low\": 2.0, \"high\": 5.0, \"log\": false}}"}
{"op_code":5,"worker_id":"af25c4c9-ebe0-4936-b2cf-e7e559b16ed8-139972205617280","trial_id":91,"param_name":"JointSlopeAngle","param_value_internal":0.38601594426024954,"distribution":"{\"name\": \"FloatDistribution\", \"attributes\": {\"step\": null, \"low\": 0.17453292519943295, \"high\": 1.0471975511965976, \"log\": false}}"}
{"op_code":5,"worker_id":"87c6a3ff-c7c5-4556-a5ff-f21f3c0a8de0-139968018595968","trial_id":90,"param_name":"BellowHeight","param_value_internal":8.551621448221553,"distribution":"{\"name\": \"FloatDistribution\", \"attributes\": {\"step\": null, \"low\": 6.0, \"high\": 10.0, \"log\": false}}"}
{"op_code":5,"worker_id":"af25c4c9-ebe0-4936-b2cf-e7e559b16ed8-139972205617280","trial_id":91,"param_name":"OuterRadius","param_value_internal":9.722983362038102,"distribution":"{\"name\": \"FloatDistribution\", \"attributes\": {\"step\": null, \"low\": 8.75, \"high\": 17.75, \"log\": false}}"}
{"op_code":5,"worker_id":"87c6a3ff-c7c5-4556-a5ff-f21f3c0a8de0-139968018595968","trial_id":90,"param_name":"WallThickness","param_value_internal":3.546651677698499,"distribution":"{\"name\": \"FloatDistribution\", \"attributes\": {\"step\": null, \"low\": 2.0, \"high\": 4.0, \"log\": false}}"}
{"op_code":5,"worker_id":"af25c4c9-ebe0-4936-b2cf-e7e559b16ed8-139972205617280","trial_id":91,"param_name":"JointHeight","param_value_internal":5.137912207561117,"distribution":"{\"name\": \"FloatDistribution\", \"attributes\": {\"step\": null, \"low\": 5.0, \"high\": 8.0, \"log\": false}}"}
{"op_code":5,"worker_id":"87c6a3ff-c7c5-4556-a5ff-f21f3c0a8de0-139968018595968","trial_id":90,"param_name":"PlateauHeight","param_value_internal":2.9627354543442657,"distribution":"{\"name\": \"FloatDistribution\", \"attributes\": {\"step\": null, \"low\": 2.0, \"high\": 4.0, \"log\": false}}"}
{"op_code":5,"worker_id":"af25c4c9-ebe0-4936-b2cf-e7e559b16ed8-139972205617280","trial_id":91,"param_name":"CavityCorkThickness","param_value_internal":2.601975232731771,"distribution":"{\"name\": \"FloatDistribution\", \"attributes\": {\"step\": null, \"low\": 2.0, \"high\": 5.0, \"log\": false}}"}
{"op_code":5,"worker_id":"af25c4c9-ebe0-4936-b2cf-e7e559b16ed8-139972205617280","trial_id":91,"param_name":"BellowHeight","param_value_internal":6.263813185980476,"distribution":"{\"name\": \"FloatDistribution\", \"attributes\": {\"step\": null, \"low\": 6.0, \"high\": 10.0, \"log\": false}}"}
{"op_code":5,"worker_id":"af25c4c9-ebe0-4936-b2cf-e7e559b16ed8-139972205617280","trial_id":91,"param_name":"WallThickness","param_value_internal":2.7359670261581517,"distribution":"{\"name\": \"FloatDistribution\", \"attributes\": {\"step\": null, \"low\": 2.0, \"high\": 4.0, \"log\": false}}"}
{"op_code":5,"worker_id":"af25c4c9-ebe0-4936-b2cf-e7e559b16ed8-139972205617280","trial_id":91,"param_name":"PlateauHeight","param_value_internal":3.5248563058567473,"distribution":"{\"name\": \"FloatDistribution\", \"attributes\": {\"step\": null, \"low\": 2.0, \"high\": 4.0, \"log\": false}}"}
{"op_code":6,"worker_id":"ae2f636a-2b97-4668-8891-c0938fede446-139983403692160","trial_id":82,"state":1,"values":[-Infinity,-Infinity],"datetime_complete":"2026-06-05T14:45:29.691567"}
{"op_code":4,"worker_id":"ae2f636a-2b97-4668-8891-c0938fede446-139983403692160","study_id":0,"datetime_start":"2026-06-05T14:45:29.700117"}
{"op_code":9,"worker_id":"ae2f636a-2b97-4668-8891-c0938fede446-139983403692160","trial_id":92,"system_attr":{"nsga2:generation":1}}
{"op_code":5,"worker_id":"ae2f636a-2b97-4668-8891-c0938fede446-139983403692160","trial_id":92,"param_name":"JointSlopeAngle","param_value_internal":0.7256628479609852,"distribution":"{\"name\": \"FloatDistribution\", \"attributes\": {\"step\": null, \"low\": 0.17453292519943295, \"high\": 1.0471975511965976, \"log\": false}}"}
{"op_code":5,"worker_id":"ae2f636a-2b97-4668-8891-c0938fede446-139983403692160","trial_id":92,"param_name":"OuterRadius","param_value_internal":10.131484991389948,"distribution":"{\"name\": \"FloatDistribution\", \"attributes\": {\"step\": null, \"low\": 8.75, \"high\": 17.75, \"log\": false}}"}
{"op_code":5,"worker_id":"ae2f636a-2b97-4668-8891-c0938fede446-139983403692160","trial_id":92,"param_name":"JointHeight","param_value_internal":7.981387850951702,"distribution":"{\"name\": \"FloatDistribution\", \"attributes\": {\"step\": null, \"low\": 5.0, \"high\": 8.0, \"log\": false}}"}
{"op_code":5,"worker_id":"ae2f636a-2b97-4668-8891-c0938fede446-139983403692160","trial_id":92,"param_name":"CavityCorkThickness","param_value_internal":4.5320004109866785,"distribution":"{\"name\": \"FloatDistribution\", \"attributes\": {\"step\": null, \"low\": 2.0, \"high\": 5.0, \"log\": false}}"}
{"op_code":5,"worker_id":"ae2f636a-2b97-4668-8891-c0938fede446-139983403692160","trial_id":92,"param_name":"BellowHeight","param_value_internal":8.987221484648574,"distribution":"{\"name\": \"FloatDistribution\", \"attributes\": {\"step\": null, \"low\": 6.0, \"high\": 10.0, \"log\": false}}"}
{"op_code":5,"worker_id":"ae2f636a-2b97-4668-8891-c0938fede446-139983403692160","trial_id":92,"param_name":"WallThickness","param_value_internal":2.3831590528615454,"distribution":"{\"name\": \"FloatDistribution\", \"attributes\": {\"step\": null, \"low\": 2.0, \"high\": 4.0, \"log\": false}}"}
{"op_code":5,"worker_id":"ae2f636a-2b97-4668-8891-c0938fede446-139983403692160","trial_id":92,"param_name":"PlateauHeight","param_value_internal":2.1031516467771505,"distribution":"{\"name\": \"FloatDistribution\", \"attributes\": {\"step\": null, \"low\": 2.0, \"high\": 4.0, \"log\": false}}"}
{"op_code":6,"worker_id":"e7ae3568-8222-484e-99b5-ffe2a184264a-139627978956928","trial_id":83,"state":1,"values":[-Infinity,-Infinity],"datetime_complete":"2026-06-05T14:45:29.765055"}
{"op_code":4,"worker_id":"e7ae3568-8222-484e-99b5-ffe2a184264a-139627978956928","study_id":0,"datetime_start":"2026-06-05T14:45:29.773811"}
{"op_code":9,"worker_id":"e7ae3568-8222-484e-99b5-ffe2a184264a-139627978956928","trial_id":93,"system_attr":{"nsga2:generation":1}}
{"op_code":5,"worker_id":"e7ae3568-8222-484e-99b5-ffe2a184264a-139627978956928","trial_id":93,"param_name":"JointSlopeAngle","param_value_internal":0.8371729304594824,"distribution":"{\"name\": \"FloatDistribution\", \"attributes\": {\"step\": null, \"low\": 0.17453292519943295, \"high\": 1.0471975511965976, \"log\": false}}"}
{"op_code":5,"worker_id":"e7ae3568-8222-484e-99b5-ffe2a184264a-139627978956928","trial_id":93,"param_name":"OuterRadius","param_value_internal":13.047986181889808,"distribution":"{\"name\": \"FloatDistribution\", \"attributes\": {\"step\": null, \"low\": 8.75, \"high\": 17.75, \"log\": false}}"}
{"op_code":5,"worker_id":"e7ae3568-8222-484e-99b5-ffe2a184264a-139627978956928","trial_id":93,"param_name":"JointHeight","param_value_internal":6.491812216557473,"distribution":"{\"name\": \"FloatDistribution\", \"attributes\": {\"step\": null, \"low\": 5.0, \"high\": 8.0, \"log\": false}}"}
{"op_code":5,"worker_id":"e7ae3568-8222-484e-99b5-ffe2a184264a-139627978956928","trial_id":93,"param_name":"CavityCorkThickness","param_value_internal":2.3912943998251013,"distribution":"{\"name\": \"FloatDistribution\", \"attributes\": {\"step\": null, \"low\": 2.0, \"high\": 5.0, \"log\": false}}"}
{"op_code":5,"worker_id":"e7ae3568-8222-484e-99b5-ffe2a184264a-139627978956928","trial_id":93,"param_name":"BellowHeight","param_value_internal":7.915737468363059,"distribution":"{\"name\": \"FloatDistribution\", \"attributes\": {\"step\": null, \"low\": 6.0, \"high\": 10.0, \"log\": false}}"}
{"op_code":5,"worker_id":"e7ae3568-8222-484e-99b5-ffe2a184264a-139627978956928","trial_id":93,"param_name":"WallThickness","param_value_internal":3.827236356916811,"distribution":"{\"name\": \"FloatDistribution\", \"attributes\": {\"step\": null, \"low\": 2.0, \"high\": 4.0, \"log\": false}}"}
{"op_code":5,"worker_id":"e7ae3568-8222-484e-99b5-ffe2a184264a-139627978956928","trial_id":93,"param_name":"PlateauHeight","param_value_internal":3.6840519084809147,"distribution":"{\"name\": \"FloatDistribution\", \"attributes\": {\"step\": null, \"low\": 2.0, \"high\": 4.0, \"log\": false}}"}
{"op_code":6,"worker_id":"9cf67e4b-44d2-4e25-9957-5250bbde3f77-139877855514752","trial_id":84,"state":1,"values":[-Infinity,-Infinity],"datetime_complete":"2026-06-05T14:45:29.861769"}
{"op_code":4,"worker_id":"9cf67e4b-44d2-4e25-9957-5250bbde3f77-139877855514752","study_id":0,"datetime_start":"2026-06-05T14:45:29.871047"}
{"op_code":6,"worker_id":"3115615d-15e2-425e-a830-e6952de192e8-139673542901888","trial_id":85,"state":1,"values":[-Infinity,-Infinity],"datetime_complete":"2026-06-05T14:45:29.877082"}
{"op_code":9,"worker_id":"9cf67e4b-44d2-4e25-9957-5250bbde3f77-139877855514752","trial_id":94,"system_attr":{"nsga2:generation":1}}
{"op_code":5,"worker_id":"9cf67e4b-44d2-4e25-9957-5250bbde3f77-139877855514752","trial_id":94,"param_name":"JointSlopeAngle","param_value_internal":0.7266133210772306,"distribution":"{\"name\": \"FloatDistribution\", \"attributes\": {\"step\": null, \"low\": 0.17453292519943295, \"high\": 1.0471975511965976, \"log\": false}}"}
{"op_code":4,"worker_id":"3115615d-15e2-425e-a830-e6952de192e8-139673542901888","study_id":0,"datetime_start":"2026-06-05T14:45:29.887822"}
{"op_code":5,"worker_id":"9cf67e4b-44d2-4e25-9957-5250bbde3f77-139877855514752","trial_id":94,"param_name":"OuterRadius","param_value_internal":14.973528359329501,"distribution":"{\"name\": \"FloatDistribution\", \"attributes\": {\"step\": null, \"low\": 8.75, \"high\": 17.75, \"log\": false}}"}
{"op_code":5,"worker_id":"9cf67e4b-44d2-4e25-9957-5250bbde3f77-139877855514752","trial_id":94,"param_name":"JointHeight","param_value_internal":5.838915587888398,"distribution":"{\"name\": \"FloatDistribution\", \"attributes\": {\"step\": null, \"low\": 5.0, \"high\": 8.0, \"log\": false}}"}
{"op_code":9,"worker_id":"3115615d-15e2-425e-a830-e6952de192e8-139673542901888","trial_id":95,"system_attr":{"nsga2:generation":1}}
{"op_code":5,"worker_id":"9cf67e4b-44d2-4e25-9957-5250bbde3f77-139877855514752","trial_id":94,"param_name":"CavityCorkThickness","param_value_internal":3.0865683163131075,"distribution":"{\"name\": \"FloatDistribution\", \"attributes\": {\"step\": null, \"low\": 2.0, \"high\": 5.0, \"log\": false}}"}
{"op_code":5,"worker_id":"3115615d-15e2-425e-a830-e6952de192e8-139673542901888","trial_id":95,"param_name":"JointSlopeAngle","param_value_internal":0.5667950923055819,"distribution":"{\"name\": \"FloatDistribution\", \"attributes\": {\"step\": null, \"low\": 0.17453292519943295, \"high\": 1.0471975511965976, \"log\": false}}"}
{"op_code":5,"worker_id":"9cf67e4b-44d2-4e25-9957-5250bbde3f77-139877855514752","trial_id":94,"param_name":"BellowHeight","param_value_internal":7.695370210167502,"distribution":"{\"name\": \"FloatDistribution\", \"attributes\": {\"step\": null, \"low\": 6.0, \"high\": 10.0, \"log\": false}}"}
{"op_code":5,"worker_id":"3115615d-15e2-425e-a830-e6952de192e8-139673542901888","trial_id":95,"param_name":"OuterRadius","param_value_internal":15.829384558524117,"distribution":"{\"name\": \"FloatDistribution\", \"attributes\": {\"step\": null, \"low\": 8.75, \"high\": 17.75, \"log\": false}}"}
{"op_code":5,"worker_id":"9cf67e4b-44d2-4e25-9957-5250bbde3f77-139877855514752","trial_id":94,"param_name":"WallThickness","param_value_internal":3.4238961626466073,"distribution":"{\"name\": \"FloatDistribution\", \"attributes\": {\"step\": null, \"low\": 2.0, \"high\": 4.0, \"log\": false}}"}
{"op_code":5,"worker_id":"3115615d-15e2-425e-a830-e6952de192e8-139673542901888","trial_id":95,"param_name":"JointHeight","param_value_internal":5.137912207561117,"distribution":"{\"name\": \"FloatDistribution\", \"attributes\": {\"step\": null, \"low\": 5.0, \"high\": 8.0, \"log\": false}}"}
{"op_code":5,"worker_id":"9cf67e4b-44d2-4e25-9957-5250bbde3f77-139877855514752","trial_id":94,"param_name":"PlateauHeight","param_value_internal":2.7483967576386834,"distribution":"{\"name\": \"FloatDistribution\", \"attributes\": {\"step\": null, \"low\": 2.0, \"high\": 4.0, \"log\": false}}"}
{"op_code":5,"worker_id":"3115615d-15e2-425e-a830-e6952de192e8-139673542901888","trial_id":95,"param_name":"CavityCorkThickness","param_value_internal":2.601975232731771,"distribution":"{\"name\": \"FloatDistribution\", \"attributes\": {\"step\": null, \"low\": 2.0, \"high\": 5.0, \"log\": false}}"}
{"op_code":5,"worker_id":"3115615d-15e2-425e-a830-e6952de192e8-139673542901888","trial_id":95,"param_name":"BellowHeight","param_value_internal":7.640110236231939,"distribution":"{\"name\": \"FloatDistribution\", \"attributes\": {\"step\": null, \"low\": 6.0, \"high\": 10.0, \"log\": false}}"}
{"op_code":5,"worker_id":"3115615d-15e2-425e-a830-e6952de192e8-139673542901888","trial_id":95,"param_name":"WallThickness","param_value_internal":2.1076848893849283,"distribution":"{\"name\": \"FloatDistribution\", \"attributes\": {\"step\": null, \"low\": 2.0, \"high\": 4.0, \"log\": false}}"}
{"op_code":5,"worker_id":"3115615d-15e2-425e-a830-e6952de192e8-139673542901888","trial_id":95,"param_name":"PlateauHeight","param_value_internal":3.5248563058567473,"distribution":"{\"name\": \"FloatDistribution\", \"attributes\": {\"step\": null, \"low\": 2.0, \"high\": 4.0, \"log\": false}}"}
{"op_code":6,"worker_id":"d7f1099c-6ce1-49c6-8266-aacb6a14cf4f-140094272114816","trial_id":86,"state":1,"values":[-Infinity,-Infinity],"datetime_complete":"2026-06-05T14:45:30.005118"}
{"op_code":4,"worker_id":"d7f1099c-6ce1-49c6-8266-aacb6a14cf4f-140094272114816","study_id":0,"datetime_start":"2026-06-05T14:45:30.013676"}
{"op_code":9,"worker_id":"d7f1099c-6ce1-49c6-8266-aacb6a14cf4f-140094272114816","trial_id":96,"system_attr":{"nsga2:generation":1}}
{"op_code":5,"worker_id":"d7f1099c-6ce1-49c6-8266-aacb6a14cf4f-140094272114816","trial_id":96,"param_name":"JointSlopeAngle","param_value_internal":0.714945384973018,"distribution":"{\"name\": \"FloatDistribution\", \"attributes\": {\"step\": null, \"low\": 0.17453292519943295, \"high\": 1.0471975511965976, \"log\": false}}"}
{"op_code":6,"worker_id":"0f7f8cc3-8da6-4cd3-87d7-c3f3d7bc1da7-139835829026944","trial_id":87,"state":1,"values":[-Infinity,-Infinity],"datetime_complete":"2026-06-05T14:45:30.030964"}
{"op_code":5,"worker_id":"d7f1099c-6ce1-49c6-8266-aacb6a14cf4f-140094272114816","trial_id":96,"param_name":"OuterRadius","param_value_internal":17.005039536486322,"distribution":"{\"name\": \"FloatDistribution\", \"attributes\": {\"step\": null, \"low\": 8.75, \"high\": 17.75, \"log\": false}}"}
{"op_code":5,"worker_id":"d7f1099c-6ce1-49c6-8266-aacb6a14cf4f-140094272114816","trial_id":96,"param_name":"JointHeight","param_value_internal":6.3905416457233155,"distribution":"{\"name\": \"FloatDistribution\", \"attributes\": {\"step\": null, \"low\": 5.0, \"high\": 8.0, \"log\": false}}"}
{"op_code":5,"worker_id":"d7f1099c-6ce1-49c6-8266-aacb6a14cf4f-140094272114816","trial_id":96,"param_name":"CavityCorkThickness","param_value_internal":3.518834524122703,"distribution":"{\"name\": \"FloatDistribution\", \"attributes\": {\"step\": null, \"low\": 2.0, \"high\": 5.0, \"log\": false}}"}
{"op_code":5,"worker_id":"d7f1099c-6ce1-49c6-8266-aacb6a14cf4f-140094272114816","trial_id":96,"param_name":"BellowHeight","param_value_internal":7.041955000138389,"distribution":"{\"name\": \"FloatDistribution\", \"attributes\": {\"step\": null, \"low\": 6.0, \"high\": 10.0, \"log\": false}}"}
{"op_code":5,"worker_id":"d7f1099c-6ce1-49c6-8266-aacb6a14cf4f-140094272114816","trial_id":96,"param_name":"WallThickness","param_value_internal":2.364920825133768,"distribution":"{\"name\": \"FloatDistribution\", \"attributes\": {\"step\": null, \"low\": 2.0, \"high\": 4.0, \"log\": false}}"}
{"op_code":5,"worker_id":"d7f1099c-6ce1-49c6-8266-aacb6a14cf4f-140094272114816","trial_id":96,"param_name":"PlateauHeight","param_value_internal":3.958831902397403,"distribution":"{\"name\": \"FloatDistribution\", \"attributes\": {\"step\": null, \"low\": 2.0, \"high\": 4.0, \"log\": false}}"}
{"op_code":0,"worker_id":"6ebab236-36b9-4110-94bb-5aa31a67fe5a-139835829026944","study_name":"SensorFinger_2_optuna_evolutionary","directions":[2,2]}
{"op_code":0,"worker_id":"6ebab236-36b9-4110-94bb-5aa31a67fe5a-139835829026944","study_name":"SensorFinger_2_optuna_evolutionary","directions":[2,2]}
{"op_code":6,"worker_id":"0e6a4481-14f1-49ef-a448-becca85dd717-139699220336768","trial_id":88,"state":1,"values":[-Infinity,-Infinity],"datetime_complete":"2026-06-05T14:45:30.265363"}
{"op_code":4,"worker_id":"0e6a4481-14f1-49ef-a448-becca85dd717-139699220336768","study_id":0,"datetime_start":"2026-06-05T14:45:30.274524"}
{"op_code":9,"worker_id":"0e6a4481-14f1-49ef-a448-becca85dd717-139699220336768","trial_id":97,"system_attr":{"nsga2:generation":1}}
{"op_code":5,"worker_id":"0e6a4481-14f1-49ef-a448-becca85dd717-139699220336768","trial_id":97,"param_name":"JointSlopeAngle","param_value_internal":0.5667950923055819,"distribution":"{\"name\": \"FloatDistribution\", \"attributes\": {\"step\": null, \"low\": 0.17453292519943295, \"high\": 1.0471975511965976, \"log\": false}}"}
{"op_code":5,"worker_id":"0e6a4481-14f1-49ef-a448-becca85dd717-139699220336768","trial_id":97,"param_name":"OuterRadius","param_value_internal":9.511394577180933,"distribution":"{\"name\": \"FloatDistribution\", \"attributes\": {\"step\": null, \"low\": 8.75, \"high\": 17.75, \"log\": false}}"}
{"op_code":5,"worker_id":"0e6a4481-14f1-49ef-a448-becca85dd717-139699220336768","trial_id":97,"param_name":"JointHeight","param_value_internal":5.652667955213073,"distribution":"{\"name\": \"FloatDistribution\", \"attributes\": {\"step\": null, \"low\": 5.0, \"high\": 8.0, \"log\": false}}"}
{"op_code":5,"worker_id":"0e6a4481-14f1-49ef-a448-becca85dd717-139699220336768","trial_id":97,"param_name":"CavityCorkThickness","param_value_internal":2.601975232731771,"distribution":"{\"name\": \"FloatDistribution\", \"attributes\": {\"step\": null, \"low\": 2.0, \"high\": 5.0, \"log\": false}}"}
{"op_code":5,"worker_id":"0e6a4481-14f1-49ef-a448-becca85dd717-139699220336768","trial_id":97,"param_name":"BellowHeight","param_value_internal":6.263813185980476,"distribution":"{\"name\": \"FloatDistribution\", \"attributes\": {\"step\": null, \"low\": 6.0, \"high\": 10.0, \"log\": false}}"}
{"op_code":5,"worker_id":"0e6a4481-14f1-49ef-a448-becca85dd717-139699220336768","trial_id":97,"param_name":"WallThickness","param_value_internal":2.5374100349647146,"distribution":"{\"name\": \"FloatDistribution\", \"attributes\": {\"step\": null, \"low\": 2.0, \"high\": 4.0, \"log\": false}}"}
{"op_code":5,"worker_id":"0e6a4481-14f1-49ef-a448-becca85dd717-139699220336768","trial_id":97,"param_name":"PlateauHeight","param_value_internal":3.5248563058567473,"distribution":"{\"name\": \"FloatDistribution\", \"attributes\": {\"step\": null, \"low\": 2.0, \"high\": 4.0, \"log\": false}}"}
{"op_code":6,"worker_id":"993a2bfc-89a2-4bbe-9842-87908979d31a-140400492408960","trial_id":89,"state":1,"values":[-Infinity,-Infinity],"datetime_complete":"2026-06-05T14:45:30.434219"}
{"op_code":4,"worker_id":"993a2bfc-89a2-4bbe-9842-87908979d31a-140400492408960","study_id":0,"datetime_start":"2026-06-05T14:45:30.443967"}
{"op_code":9,"worker_id":"993a2bfc-89a2-4bbe-9842-87908979d31a-140400492408960","trial_id":98,"system_attr":{"nsga2:generation":1}}
{"op_code":5,"worker_id":"993a2bfc-89a2-4bbe-9842-87908979d31a-140400492408960","trial_id":98,"param_name":"JointSlopeAngle","param_value_internal":1.0140709793100566,"distribution":"{\"name\": \"FloatDistribution\", \"attributes\": {\"step\": null, \"low\": 0.17453292519943295, \"high\": 1.0471975511965976, \"log\": false}}"}
{"op_code":5,"worker_id":"993a2bfc-89a2-4bbe-9842-87908979d31a-140400492408960","trial_id":98,"param_name":"OuterRadius","param_value_internal":16.49379474924403,"distribution":"{\"name\": \"FloatDistribution\", \"attributes\": {\"step\": null, \"low\": 8.75, \"high\": 17.75, \"log\": false}}"}
{"op_code":5,"worker_id":"993a2bfc-89a2-4bbe-9842-87908979d31a-140400492408960","trial_id":98,"param_name":"JointHeight","param_value_internal":6.844051831567209,"distribution":"{\"name\": \"FloatDistribution\", \"attributes\": {\"step\": null, \"low\": 5.0, \"high\": 8.0, \"log\": false}}"}
{"op_code":5,"worker_id":"993a2bfc-89a2-4bbe-9842-87908979d31a-140400492408960","trial_id":98,"param_name":"CavityCorkThickness","param_value_internal":2.847130219960671,"distribution":"{\"name\": \"FloatDistribution\", \"attributes\": {\"step\": null, \"low\": 2.0, \"high\": 5.0, \"log\": false}}"}
{"op_code":5,"worker_id":"993a2bfc-89a2-4bbe-9842-87908979d31a-140400492408960","trial_id":98,"param_name":"BellowHeight","param_value_internal":9.002858803178768,"distribution":"{\"name\": \"FloatDistribution\", \"attributes\": {\"step\": null, \"low\": 6.0, \"high\": 10.0, \"log\": false}}"}
{"op_code":5,"worker_id":"993a2bfc-89a2-4bbe-9842-87908979d31a-140400492408960","trial_id":98,"param_name":"WallThickness","param_value_internal":2.4532053608835636,"distribution":"{\"name\": \"FloatDistribution\", \"attributes\": {\"step\": null, \"low\": 2.0, \"high\": 4.0, \"log\": false}}"}
{"op_code":5,"worker_id":"993a2bfc-89a2-4bbe-9842-87908979d31a-140400492408960","trial_id":98,"param_name":"PlateauHeight","param_value_internal":2.353186454819265,"distribution":"{\"name\": \"FloatDistribution\", \"attributes\": {\"step\": null, \"low\": 2.0, \"high\": 4.0, \"log\": false}}"}
{"op_code":6,"worker_id":"87c6a3ff-c7c5-4556-a5ff-f21f3c0a8de0-139968018595968","trial_id":90,"state":1,"values":[-Infinity,-Infinity],"datetime_complete":"2026-06-05T14:45:30.693355"}
{"op_code":6,"worker_id":"af25c4c9-ebe0-4936-b2cf-e7e559b16ed8-139972205617280","trial_id":91,"state":1,"values":[-Infinity,-Infinity],"datetime_complete":"2026-06-05T14:45:30.697576"}
{"op_code":4,"worker_id":"af25c4c9-ebe0-4936-b2cf-e7e559b16ed8-139972205617280","study_id":0,"datetime_start":"2026-06-05T14:45:30.707215"}
{"op_code":9,"worker_id":"af25c4c9-ebe0-4936-b2cf-e7e559b16ed8-139972205617280","trial_id":99,"system_attr":{"nsga2:generation":1}}
{"op_code":5,"worker_id":"af25c4c9-ebe0-4936-b2cf-e7e559b16ed8-139972205617280","trial_id":99,"param_name":"JointSlopeAngle","param_value_internal":0.22665134169705878,"distribution":"{\"name\": \"FloatDistribution\", \"attributes\": {\"step\": null, \"low\": 0.17453292519943295, \"high\": 1.0471975511965976, \"log\": false}}"}
{"op_code":5,"worker_id":"af25c4c9-ebe0-4936-b2cf-e7e559b16ed8-139972205617280","trial_id":99,"param_name":"OuterRadius","param_value_internal":12.805489832408423,"distribution":"{\"name\": \"FloatDistribution\", \"attributes\": {\"step\": null, \"low\": 8.75, \"high\": 17.75, \"log\": false}}"}
{"op_code":5,"worker_id":"af25c4c9-ebe0-4936-b2cf-e7e559b16ed8-139972205617280","trial_id":99,"param_name":"JointHeight","param_value_internal":6.19261687362147,"distribution":"{\"name\": \"FloatDistribution\", \"attributes\": {\"step\": null, \"low\": 5.0, \"high\": 8.0, \"log\": false}}"}
{"op_code":0,"worker_id":"a4f7a97b-a306-42d8-8989-30e3f1a16d64-139968018595968","study_name":"SensorFinger_2_optuna_evolutionary","directions":[2,2]}
{"op_code":5,"worker_id":"af25c4c9-ebe0-4936-b2cf-e7e559b16ed8-139972205617280","trial_id":99,"param_name":"CavityCorkThickness","param_value_internal":3.0352582532291628,"distribution":"{\"name\": \"FloatDistribution\", \"attributes\": {\"step\": null, \"low\": 2.0, \"high\": 5.0, \"log\": false}}"}
{"op_code":0,"worker_id":"a4f7a97b-a306-42d8-8989-30e3f1a16d64-139968018595968","study_name":"SensorFinger_2_optuna_evolutionary","directions":[2,2]}
{"op_code":5,"worker_id":"af25c4c9-ebe0-4936-b2cf-e7e559b16ed8-139972205617280","trial_id":99,"param_name":"BellowHeight","param_value_internal":8.4462326621879,"distribution":"{\"name\": \"FloatDistribution\", \"attributes\": {\"step\": null, \"low\": 6.0, \"high\": 10.0, \"log\": false}}"}
{"op_code":5,"worker_id":"af25c4c9-ebe0-4936-b2cf-e7e559b16ed8-139972205617280","trial_id":99,"param_name":"WallThickness","param_value_internal":3.770484038610962,"distribution":"{\"name\": \"FloatDistribution\", \"attributes\": {\"step\": null, \"low\": 2.0, \"high\": 4.0, \"log\": false}}"}
{"op_code":5,"worker_id":"af25c4c9-ebe0-4936-b2cf-e7e559b16ed8-139972205617280","trial_id":99,"param_name":"PlateauHeight","param_value_internal":2.7998836660053708,"distribution":"{\"name\": \"FloatDistribution\", \"attributes\": {\"step\": null, \"low\": 2.0, \"high\": 4.0, \"log\": false}}"}
{"op_code":6,"worker_id":"ae2f636a-2b97-4668-8891-c0938fede446-139983403692160","trial_id":92,"state":1,"values":[-Infinity,-Infinity],"datetime_complete":"2026-06-05T14:45:30.805895"}
{"op_code":0,"worker_id":"7640b22a-2247-4d1c-bb2f-7002c0a0660b-139835829026944","study_name":"SensorFinger_2_optuna_evolutionary","directions":[2,2]}
{"op_code":0,"worker_id":"8d7b1e6b-573f-4fe1-9ab8-9b5adbb48675-139983403692160","study_name":"SensorFinger_2_optuna_evolutionary","directions":[2,2]}
{"op_code":0,"worker_id":"7640b22a-2247-4d1c-bb2f-7002c0a0660b-139835829026944","study_name":"SensorFinger_2_optuna_evolutionary","directions":[2,2]}
{"op_code":0,"worker_id":"8d7b1e6b-573f-4fe1-9ab8-9b5adbb48675-139983403692160","study_name":"SensorFinger_2_optuna_evolutionary","directions":[2,2]}
{"op_code":6,"worker_id":"e7ae3568-8222-484e-99b5-ffe2a184264a-139627978956928","trial_id":93,"state":1,"values":[-Infinity,-Infinity],"datetime_complete":"2026-06-05T14:45:30.896569"}
{"op_code":0,"worker_id":"ff3631ce-9a49-4737-ab16-4ffb0ab245dd-139627978956928","study_name":"SensorFinger_2_optuna_evolutionary","directions":[2,2]}
{"op_code":0,"worker_id":"ff3631ce-9a49-4737-ab16-4ffb0ab245dd-139627978956928","study_name":"SensorFinger_2_optuna_evolutionary","directions":[2,2]}
{"op_code":6,"worker_id":"9cf67e4b-44d2-4e25-9957-5250bbde3f77-139877855514752","trial_id":94,"state":1,"values":[-Infinity,-Infinity],"datetime_complete":"2026-06-05T14:45:30.990763"}
{"op_code":6,"worker_id":"3115615d-15e2-425e-a830-e6952de192e8-139673542901888","trial_id":95,"state":1,"values":[-Infinity,-Infinity],"datetime_complete":"2026-06-05T14:45:30.997572"}
{"op_code":0,"worker_id":"4493d7af-ab8a-44e5-94c4-656d65d0f5c3-139877855514752","study_name":"SensorFinger_2_optuna_evolutionary","directions":[2,2]}
{"op_code":0,"worker_id":"132543da-e29e-4458-bbf7-d482ecff6351-139673542901888","study_name":"SensorFinger_2_optuna_evolutionary","directions":[2,2]}
{"op_code":0,"worker_id":"4493d7af-ab8a-44e5-94c4-656d65d0f5c3-139877855514752","study_name":"SensorFinger_2_optuna_evolutionary","directions":[2,2]}
{"op_code":0,"worker_id":"132543da-e29e-4458-bbf7-d482ecff6351-139673542901888","study_name":"SensorFinger_2_optuna_evolutionary","directions":[2,2]}
{"op_code":6,"worker_id":"d7f1099c-6ce1-49c6-8266-aacb6a14cf4f-140094272114816","trial_id":96,"state":1,"values":[-Infinity,-Infinity],"datetime_complete":"2026-06-05T14:45:31.132897"}
{"op_code":0,"worker_id":"10bc7fa6-028c-45d9-923b-d5044fc819d5-140094272114816","study_name":"SensorFinger_2_optuna_evolutionary","directions":[2,2]}
{"op_code":0,"worker_id":"10bc7fa6-028c-45d9-923b-d5044fc819d5-140094272114816","study_name":"SensorFinger_2_optuna_evolutionary","directions":[2,2]}
{"op_code":6,"worker_id":"0e6a4481-14f1-49ef-a448-becca85dd717-139699220336768","trial_id":97,"state":1,"values":[-Infinity,-Infinity],"datetime_complete":"2026-06-05T14:45:31.379473"}
{"op_code":0,"worker_id":"d43abf1e-41c4-4338-bb66-5db2eea325a7-139699220336768","study_name":"SensorFinger_2_optuna_evolutionary","directions":[2,2]}
{"op_code":0,"worker_id":"d43abf1e-41c4-4338-bb66-5db2eea325a7-139699220336768","study_name":"SensorFinger_2_optuna_evolutionary","directions":[2,2]}
{"op_code":0,"worker_id":"d5c99267-343f-41eb-9b56-7cf98728d074-139968018595968","study_name":"SensorFinger_2_optuna_evolutionary","directions":[2,2]}
{"op_code":0,"worker_id":"d5c99267-343f-41eb-9b56-7cf98728d074-139968018595968","study_name":"SensorFinger_2_optuna_evolutionary","directions":[2,2]}
{"op_code":6,"worker_id":"993a2bfc-89a2-4bbe-9842-87908979d31a-140400492408960","trial_id":98,"state":1,"values":[-Infinity,-Infinity],"datetime_complete":"2026-06-05T14:45:31.567079"}
{"op_code":0,"worker_id":"bca47620-21cc-4718-b877-409e81610e8f-140400492408960","study_name":"SensorFinger_2_optuna_evolutionary","directions":[2,2]}
{"op_code":0,"worker_id":"bca47620-21cc-4718-b877-409e81610e8f-140400492408960","study_name":"SensorFinger_2_optuna_evolutionary","directions":[2,2]}
{"op_code":0,"worker_id":"e91a292e-58ea-4f50-b9f5-2366cbbc1428-139983403692160","study_name":"SensorFinger_2_optuna_evolutionary","directions":[2,2]}
{"op_code":0,"worker_id":"e91a292e-58ea-4f50-b9f5-2366cbbc1428-139983403692160","study_name":"SensorFinger_2_optuna_evolutionary","directions":[2,2]}
{"op_code":0,"worker_id":"136b3a38-0fa6-4e28-8dd6-e5fbebad9928-139627978956928","study_name":"SensorFinger_2_optuna_evolutionary","directions":[2,2]}
{"op_code":0,"worker_id":"136b3a38-0fa6-4e28-8dd6-e5fbebad9928-139627978956928","study_name":"SensorFinger_2_optuna_evolutionary","directions":[2,2]}
{"op_code":6,"worker_id":"af25c4c9-ebe0-4936-b2cf-e7e559b16ed8-139972205617280","trial_id":99,"state":1,"values":[-Infinity,-Infinity],"datetime_complete":"2026-06-05T14:45:31.797634"}
{"op_code":0,"worker_id":"5d3d888b-b6f6-4c29-a051-e1c567a06a57-139972205617280","study_name":"SensorFinger_2_optuna_evolutionary","directions":[2,2]}
{"op_code":0,"worker_id":"53373abf-4c29-48f9-8df3-70383c102086-139673542901888","study_name":"SensorFinger_2_optuna_evolutionary","directions":[2,2]}
{"op_code":0,"worker_id":"5d3d888b-b6f6-4c29-a051-e1c567a06a57-139972205617280","study_name":"SensorFinger_2_optuna_evolutionary","directions":[2,2]}
{"op_code":0,"worker_id":"53373abf-4c29-48f9-8df3-70383c102086-139673542901888","study_name":"SensorFinger_2_optuna_evolutionary","directions":[2,2]}
{"op_code":0,"worker_id":"97bad2be-4335-465d-8d3b-5989c5be5d1a-139877855514752","study_name":"SensorFinger_2_optuna_evolutionary","directions":[2,2]}
{"op_code":0,"worker_id":"97bad2be-4335-465d-8d3b-5989c5be5d1a-139877855514752","study_name":"SensorFinger_2_optuna_evolutionary","directions":[2,2]}
{"op_code":0,"worker_id":"073dd8ef-c20c-4703-8f67-8b09fa5ed1fc-140094272114816","study_name":"SensorFinger_2_optuna_evolutionary","directions":[2,2]}
{"op_code":0,"worker_id":"073dd8ef-c20c-4703-8f67-8b09fa5ed1fc-140094272114816","study_name":"SensorFinger_2_optuna_evolutionary","directions":[2,2]}
{"op_code":0,"worker_id":"7f317ef8-b55a-4686-92ba-ade3449bd277-139699220336768","study_name":"SensorFinger_2_optuna_evolutionary","directions":[2,2]}
{"op_code":0,"worker_id":"7f317ef8-b55a-4686-92ba-ade3449bd277-139699220336768","study_name":"SensorFinger_2_optuna_evolutionary","directions":[2,2]}
{"op_code":0,"worker_id":"6337ba66-1400-4cdc-a650-3cae1fe01c5b-140400492408960","study_name":"SensorFinger_2_optuna_evolutionary","directions":[2,2]}
{"op_code":0,"worker_id":"6337ba66-1400-4cdc-a650-3cae1fe01c5b-140400492408960","study_name":"SensorFinger_2_optuna_evolutionary","directions":[2,2]}
{"op_code":0,"worker_id":"73c632e7-d879-4b38-88a8-43877985b96a-139972205617280","study_name":"SensorFinger_2_optuna_evolutionary","directions":[2,2]}
{"op_code":0,"worker_id":"73c632e7-d879-4b38-88a8-43877985b96a-139972205617280","study_name":"SensorFinger_2_optuna_evolutionary","directions":[2,2]}
